{"id": "0RdmgeAIXHA", "uploader": "Piano in U", "uploader_id": "UC65OhXlLUNeuWJ_j5jUU2tQ", "uploader_url": "http://www.youtube.com/channel/UC65OhXlLUNeuWJ_j5jUU2tQ", "channel_id": "UC65OhXlLUNeuWJ_j5jUU2tQ", "channel_url": "http://www.youtube.com/channel/UC65OhXlLUNeuWJ_j5jUU2tQ", "upload_date": "20191210", "license": "Creative Commons Attribution license (reuse allowed)", "creator": null, "title": "IU(\uc544\uc774\uc720) _ Blueming(\ube14\ub8e8\ubc0d)/Piano cover/Sheet", "alt_title": null, "thumbnails": [{"url": "https://i.ytimg.com/vi/0RdmgeAIXHA/hqdefault.jpg?sqp=-oaymwEYCKgBEF5IVfKriqkDCwgBFQAAiEIYAXAB&rs=AOn4CLBXLeWl-1Rc-mzzDcm9ptPoXek55g", "width": 168, "height": 94, "resolution": "168x94", "id": "0"}, {"url": "https://i.ytimg.com/vi/0RdmgeAIXHA/hqdefault.jpg?sqp=-oaymwEYCMQBEG5IVfKriqkDCwgBFQAAiEIYAXAB&rs=AOn4CLCfQWd1zv7-xFdTKdQX5LZSaAuriA", "width": 196, "height": 110, "resolution": "196x110", "id": "1"}, {"url": "https://i.ytimg.com/vi/0RdmgeAIXHA/hqdefault.jpg?sqp=-oaymwEZCPYBEIoBSFXyq4qpAwsIARUAAIhCGAFwAQ==&rs=AOn4CLDC59MTccsKNUa4mV-whYyZFobAkw", "width": 246, "height": 138, "resolution": "246x138", "id": "2"}, {"url": "https://i.ytimg.com/vi/0RdmgeAIXHA/hqdefault.jpg?sqp=-oaymwEZCNACELwBSFXyq4qpAwsIARUAAIhCGAFwAQ==&rs=AOn4CLDfSy9ImlAk-b1murA_uR5Uab_b9Q", "width": 336, "height": 188, "resolution": "336x188", "id": "3"}, {"url": "https://i.ytimg.com/vi/0RdmgeAIXHA/maxresdefault.jpg", "width": 1920, "height": 1080, "resolution": "1920x1080", "id": "4"}], "description": "\u266c Piano Sheet   \r\nhttps://www.mymusicsheet.com/pianoinu/5634\n\u266c \ud53c\uc544\ub178 \uc545\ubcf4\nhttps://www.mapianist.com/board/music/27217\r\n\u266c \"Blueming\" \ud29c\ud1a0\ub9ac\uc5bc \uc601\uc0c1\nhttps://youtu.be/9ITkNYNbpRU\n\n \"\ud53c\uc544\ub178\uc778\uc720 \ubca0\uc2a4\ud2b8 OST \ud53c\uc544\ub178\ucee4\ubc84\" \uc545\ubcf4\uc9d1 \ud310\ub9e4\uc911\uc785\ub2c8\ub2e4.\nhttps://smartstore.naver.com/pianoin_u/products/4823648447\n\nThanks for Watching. \r\nPlease like and Subscribe\u2661", "categories": ["Music"], "tags": ["\ud53c\uc544\ub178\uc778\uc720", "piano in u", "PIANOiNU", "pianoinu", "kpop piano", "sheet music", "\ucf00\uc774\ud31d\ud53c\uc544\ub178", "ost piano", "ost", "piano", "\ud53c\uc544\ub178", "sheeet", "\uc545\ubcf4", "pop", "\ud31d", "\uc7a0\uc798\ub54c", "\uacf5\ubd80\ud560\ub54c", "sleep", "study", "cover", "\ucee4\ubc84", "\uc544\uc774\uc720", "iu", "IU", "\ube14\ub8e8\ubc0d", "blueming"], "subtitles": {}, "automatic_captions": {}, "duration": 221, "age_limit": 0, "annotations": null, "chapters": null, "webpage_url": "https://www.youtube.com/watch?v=0RdmgeAIXHA", "view_count": 453986, "like_count": 13494, "dislike_count": 59, "average_rating": 4.9825869, "formats": [{"format_id": "249", "url": "https://r6---sn-5njj-u2xl.googlevideo.com/videoplayback?expire=1611763444&ei=lDoRYJqzCcz5gAOq0qW4Cg&ip=140.109.135.76&id=o-AIa7tUm6cL3h2H6P_CZYn66f9y0GrDHg1RqGm-CHoJ8u&itag=249&source=youtube&requiressl=yes&mh=sw&mm=31%2C29&mn=sn-5njj-u2xl%2Csn-un57sn76&ms=au%2Crdu&mv=m&mvi=6&pl=16&initcwndbps=797500&vprv=1&mime=audio%2Fwebm&ns=SSJdLfmP49FtVNgbIEevockF&gir=yes&clen=1607334&dur=220.621&lmt=1605701343885602&mt=1611741649&fvip=6&keepalive=yes&c=WEB&txp=5511222&n=B3MWY6SfQFMr__kJKbxx&sparams=expire%2Cei%2Cip%2Cid%2Citag%2Csource%2Crequiressl%2Cvprv%2Cmime%2Cns%2Cgir%2Cclen%2Cdur%2Clmt&sig=AOq0QJ8wRgIhAOcmCctwzodVaRuQtbkyJ9gpMX4nbjPry7_q24TFZDzzAiEA4lshbIsqA_nGjHQlV94K1695AKaeNDVEOQsYMPPiiQQ%3D&lsparams=mh%2Cmm%2Cmn%2Cms%2Cmv%2Cmvi%2Cpl%2Cinitcwndbps&lsig=AG3C_xAwRQIhAJNqd5Ho-qWf4Bj6aCBcx4s2D8xszUyDbokSiiCR1N2MAiAted6rcqHJy8Tcc04Ib23JqVYBIBO_9bS2jIKEANumfw%3D%3D&ratebypass=yes", "player_url": null, "ext": "webm", "format_note": "tiny", "acodec": "opus", "abr": 50, "asr": 48000, "filesize": 1607334, "fps": null, "height": null, "tbr": 62.31, "width": null, "vcodec": "none", "downloader_options": {"http_chunk_size": 10485760}, "format": "249 - audio only (tiny)", "protocol": "https", "http_headers": {"User-Agent": "Mozilla/5.0 (Windows NT 10.0; Win64; x64) AppleWebKit/537.36 (KHTML, like Gecko) Chrome/72.0.3626.85 Safari/537.36", "Accept-Charset": "ISO-8859-1,utf-8;q=0.7,*;q=0.7", "Accept": "text/html,application/xhtml+xml,application/xml;q=0.9,*/*;q=0.8", "Accept-Encoding": "gzip, deflate", "Accept-Language": "en-us,en;q=0.5"}}, {"format_id": "250", "url": "https://r6---sn-5njj-u2xl.googlevideo.com/videoplayback?expire=1611763444&ei=lDoRYJqzCcz5gAOq0qW4Cg&ip=140.109.135.76&id=o-AIa7tUm6cL3h2H6P_CZYn66f9y0GrDHg1RqGm-CHoJ8u&itag=250&source=youtube&requiressl=yes&mh=sw&mm=31%2C29&mn=sn-5njj-u2xl%2Csn-un57sn76&ms=au%2Crdu&mv=m&mvi=6&pl=16&initcwndbps=797500&vprv=1&mime=audio%2Fwebm&ns=SSJdLfmP49FtVNgbIEevockF&gir=yes&clen=2137688&dur=220.621&lmt=1605701409078124&mt=1611741649&fvip=6&keepalive=yes&c=WEB&txp=5511222&n=B3MWY6SfQFMr__kJKbxx&sparams=expire%2Cei%2Cip%2Cid%2Citag%2Csource%2Crequiressl%2Cvprv%2Cmime%2Cns%2Cgir%2Cclen%2Cdur%2Clmt&sig=AOq0QJ8wRAIgFoV9d7R_kxcHcOxtupVeM3_d9ALaILsORxPxyviE52cCIC54F7unq3OdRHdw8OwkfhKgrNivqaO0wdFoxrc3_OQX&lsparams=mh%2Cmm%2Cmn%2Cms%2Cmv%2Cmvi%2Cpl%2Cinitcwndbps&lsig=AG3C_xAwRQIhAJNqd5Ho-qWf4Bj6aCBcx4s2D8xszUyDbokSiiCR1N2MAiAted6rcqHJy8Tcc04Ib23JqVYBIBO_9bS2jIKEANumfw%3D%3D&ratebypass=yes", "player_url": null, "ext": "webm", "format_note": "tiny", "acodec": "opus", "abr": 70, "asr": 48000, "filesize": 2137688, "fps": null, "height": null, "tbr": 82.102, "width": null, "vcodec": "none", "downloader_options": {"http_chunk_size": 10485760}, "format": "250 - audio only (tiny)", "protocol": "https", "http_headers": {"User-Agent": "Mozilla/5.0 (Windows NT 10.0; Win64; x64) AppleWebKit/537.36 (KHTML, like Gecko) Chrome/72.0.3626.85 Safari/537.36", "Accept-Charset": "ISO-8859-1,utf-8;q=0.7,*;q=0.7", "Accept": "text/html,application/xhtml+xml,application/xml;q=0.9,*/*;q=0.8", "Accept-Encoding": "gzip, deflate", "Accept-Language": "en-us,en;q=0.5"}}, {"format_id": "140", "url": "https://r6---sn-5njj-u2xl.googlevideo.com/videoplayback?expire=1611763444&ei=lDoRYJqzCcz5gAOq0qW4Cg&ip=140.109.135.76&id=o-AIa7tUm6cL3h2H6P_CZYn66f9y0GrDHg1RqGm-CHoJ8u&itag=140&source=youtube&requiressl=yes&mh=sw&mm=31%2C29&mn=sn-5njj-u2xl%2Csn-un57sn76&ms=au%2Crdu&mv=m&mvi=6&pl=16&initcwndbps=797500&vprv=1&mime=audio%2Fmp4&ns=SSJdLfmP49FtVNgbIEevockF&gir=yes&clen=3571891&dur=220.659&lmt=1578844793935623&mt=1611741649&fvip=6&keepalive=yes&c=WEB&txp=5431432&n=B3MWY6SfQFMr__kJKbxx&sparams=expire%2Cei%2Cip%2Cid%2Citag%2Csource%2Crequiressl%2Cvprv%2Cmime%2Cns%2Cgir%2Cclen%2Cdur%2Clmt&sig=AOq0QJ8wRgIhAJjNMOAcXJbxbHlTc3JpOmOluoUhN6PXkSvbjW8XREJ1AiEAxYLXKVxVmc4Z2Nl7y9eGELPb2tm7CGteyOqtHwt5Ass%3D&lsparams=mh%2Cmm%2Cmn%2Cms%2Cmv%2Cmvi%2Cpl%2Cinitcwndbps&lsig=AG3C_xAwRQIhAJNqd5Ho-qWf4Bj6aCBcx4s2D8xszUyDbokSiiCR1N2MAiAted6rcqHJy8Tcc04Ib23JqVYBIBO_9bS2jIKEANumfw%3D%3D&ratebypass=yes", "player_url": null, "ext": "m4a", "format_note": "tiny", "acodec": "mp4a.40.2", "abr": 128, "container": "m4a_dash", "asr": 44100, "filesize": 3571891, "fps": null, "height": null, "tbr": 130.522, "width": null, "vcodec": "none", "downloader_options": {"http_chunk_size": 10485760}, "format": "140 - audio only (tiny)", "protocol": "https", "http_headers": {"User-Agent": "Mozilla/5.0 (Windows NT 10.0; Win64; x64) AppleWebKit/537.36 (KHTML, like Gecko) Chrome/72.0.3626.85 Safari/537.36", "Accept-Charset": "ISO-8859-1,utf-8;q=0.7,*;q=0.7", "Accept": "text/html,application/xhtml+xml,application/xml;q=0.9,*/*;q=0.8", "Accept-Encoding": "gzip, deflate", "Accept-Language": "en-us,en;q=0.5"}}, {"format_id": "251", "url": "https://r6---sn-5njj-u2xl.googlevideo.com/videoplayback?expire=1611763444&ei=lDoRYJqzCcz5gAOq0qW4Cg&ip=140.109.135.76&id=o-AIa7tUm6cL3h2H6P_CZYn66f9y0GrDHg1RqGm-CHoJ8u&itag=251&source=youtube&requiressl=yes&mh=sw&mm=31%2C29&mn=sn-5njj-u2xl%2Csn-un57sn76&ms=au%2Crdu&mv=m&mvi=6&pl=16&initcwndbps=797500&vprv=1&mime=audio%2Fwebm&ns=SSJdLfmP49FtVNgbIEevockF&gir=yes&clen=4154592&dur=220.621&lmt=1605701345179858&mt=1611741649&fvip=6&keepalive=yes&c=WEB&txp=5511222&n=B3MWY6SfQFMr__kJKbxx&sparams=expire%2Cei%2Cip%2Cid%2Citag%2Csource%2Crequiressl%2Cvprv%2Cmime%2Cns%2Cgir%2Cclen%2Cdur%2Clmt&sig=AOq0QJ8wRAIgJG6o7UpR4AV68xYPUZpm27kYaczxB6nxQ2mFj9v4oZoCIEQwCk55AzuAkASC_5P1_mz3oSunC8fuYKpicExannZt&lsparams=mh%2Cmm%2Cmn%2Cms%2Cmv%2Cmvi%2Cpl%2Cinitcwndbps&lsig=AG3C_xAwRQIhAJNqd5Ho-qWf4Bj6aCBcx4s2D8xszUyDbokSiiCR1N2MAiAted6rcqHJy8Tcc04Ib23JqVYBIBO_9bS2jIKEANumfw%3D%3D&ratebypass=yes", "player_url": null, "ext": "webm", "format_note": "tiny", "acodec": "opus", "abr": 160, "asr": 48000, "filesize": 4154592, "fps": null, "height": null, "tbr": 158.67, "width": null, "vcodec": "none", "downloader_options": {"http_chunk_size": 10485760}, "format": "251 - audio only (tiny)", "protocol": "https", "http_headers": {"User-Agent": "Mozilla/5.0 (Windows NT 10.0; Win64; x64) AppleWebKit/537.36 (KHTML, like Gecko) Chrome/72.0.3626.85 Safari/537.36", "Accept-Charset": "ISO-8859-1,utf-8;q=0.7,*;q=0.7", "Accept": "text/html,application/xhtml+xml,application/xml;q=0.9,*/*;q=0.8", "Accept-Encoding": "gzip, deflate", "Accept-Language": "en-us,en;q=0.5"}}, {"format_id": "160", "url": "https://r6---sn-5njj-u2xl.googlevideo.com/videoplayback?expire=1611763444&ei=lDoRYJqzCcz5gAOq0qW4Cg&ip=140.109.135.76&id=o-AIa7tUm6cL3h2H6P_CZYn66f9y0GrDHg1RqGm-CHoJ8u&itag=160&aitags=133%2C134%2C135%2C136%2C160%2C242%2C243%2C244%2C247%2C278%2C298%2C299%2C302%2C303&source=youtube&requiressl=yes&mh=sw&mm=31%2C29&mn=sn-5njj-u2xl%2Csn-un57sn76&ms=au%2Crdu&mv=m&mvi=6&pl=16&initcwndbps=797500&vprv=1&mime=video%2Fmp4&ns=SSJdLfmP49FtVNgbIEevockF&gir=yes&clen=804260&dur=220.600&lmt=1578845192246215&mt=1611741649&fvip=6&keepalive=yes&c=WEB&txp=5432432&n=B3MWY6SfQFMr__kJKbxx&sparams=expire%2Cei%2Cip%2Cid%2Caitags%2Csource%2Crequiressl%2Cvprv%2Cmime%2Cns%2Cgir%2Cclen%2Cdur%2Clmt&sig=AOq0QJ8wRgIhALsntzOcAc6lvIdue7WaHegzAFr792VDQoBcSEYHm3obAiEA93o_qbn_5SDauwSUqtG9iW-DW266U2faD1ECB77vtns%3D&lsparams=mh%2Cmm%2Cmn%2Cms%2Cmv%2Cmvi%2Cpl%2Cinitcwndbps&lsig=AG3C_xAwRQIhAJNqd5Ho-qWf4Bj6aCBcx4s2D8xszUyDbokSiiCR1N2MAiAted6rcqHJy8Tcc04Ib23JqVYBIBO_9bS2jIKEANumfw%3D%3D&ratebypass=yes", "player_url": null, "ext": "mp4", "height": 144, "format_note": "144p", "vcodec": "avc1.4d400c", "asr": null, "filesize": 804260, "fps": 25, "tbr": 33.837, "width": 256, "acodec": "none", "downloader_options": {"http_chunk_size": 10485760}, "format": "160 - 256x144 (144p)", "protocol": "https", "http_headers": {"User-Agent": "Mozilla/5.0 (Windows NT 10.0; Win64; x64) AppleWebKit/537.36 (KHTML, like Gecko) Chrome/72.0.3626.85 Safari/537.36", "Accept-Charset": "ISO-8859-1,utf-8;q=0.7,*;q=0.7", "Accept": "text/html,application/xhtml+xml,application/xml;q=0.9,*/*;q=0.8", "Accept-Encoding": "gzip, deflate", "Accept-Language": "en-us,en;q=0.5"}}, {"format_id": "133", "url": "https://r6---sn-5njj-u2xl.googlevideo.com/videoplayback?expire=1611763444&ei=lDoRYJqzCcz5gAOq0qW4Cg&ip=140.109.135.76&id=o-AIa7tUm6cL3h2H6P_CZYn66f9y0GrDHg1RqGm-CHoJ8u&itag=133&aitags=133%2C134%2C135%2C136%2C160%2C242%2C243%2C244%2C247%2C278%2C298%2C299%2C302%2C303&source=youtube&requiressl=yes&mh=sw&mm=31%2C29&mn=sn-5njj-u2xl%2Csn-un57sn76&ms=au%2Crdu&mv=m&mvi=6&pl=16&initcwndbps=797500&vprv=1&mime=video%2Fmp4&ns=SSJdLfmP49FtVNgbIEevockF&gir=yes&clen=1376124&dur=220.600&lmt=1578845192239856&mt=1611741649&fvip=6&keepalive=yes&c=WEB&txp=5432432&n=B3MWY6SfQFMr__kJKbxx&sparams=expire%2Cei%2Cip%2Cid%2Caitags%2Csource%2Crequiressl%2Cvprv%2Cmime%2Cns%2Cgir%2Cclen%2Cdur%2Clmt&sig=AOq0QJ8wRgIhAKLXEfu2kamRa1Lz-pcI8tGfG8VxaWWYlbRpysV06GBuAiEAiHaTOrQZgGo_z9_cfFxZ2ksAwM7BabmHYQVz2c1l4Vw%3D&lsparams=mh%2Cmm%2Cmn%2Cms%2Cmv%2Cmvi%2Cpl%2Cinitcwndbps&lsig=AG3C_xAwRQIhAJNqd5Ho-qWf4Bj6aCBcx4s2D8xszUyDbokSiiCR1N2MAiAted6rcqHJy8Tcc04Ib23JqVYBIBO_9bS2jIKEANumfw%3D%3D&ratebypass=yes", "player_url": null, "ext": "mp4", "height": 240, "format_note": "240p", "vcodec": "avc1.4d4015", "asr": null, "filesize": 1376124, "fps": 25, "tbr": 57.842, "width": 426, "acodec": "none", "downloader_options": {"http_chunk_size": 10485760}, "format": "133 - 426x240 (240p)", "protocol": "https", "http_headers": {"User-Agent": "Mozilla/5.0 (Windows NT 10.0; Win64; x64) AppleWebKit/537.36 (KHTML, like Gecko) Chrome/72.0.3626.85 Safari/537.36", "Accept-Charset": "ISO-8859-1,utf-8;q=0.7,*;q=0.7", "Accept": "text/html,application/xhtml+xml,application/xml;q=0.9,*/*;q=0.8", "Accept-Encoding": "gzip, deflate", "Accept-Language": "en-us,en;q=0.5"}}, {"format_id": "278", "url": "https://r6---sn-5njj-u2xl.googlevideo.com/videoplayback?expire=1611763444&ei=lDoRYJqzCcz5gAOq0qW4Cg&ip=140.109.135.76&id=o-AIa7tUm6cL3h2H6P_CZYn66f9y0GrDHg1RqGm-CHoJ8u&itag=278&aitags=133%2C134%2C135%2C136%2C160%2C242%2C243%2C244%2C247%2C278%2C298%2C299%2C302%2C303&source=youtube&requiressl=yes&mh=sw&mm=31%2C29&mn=sn-5njj-u2xl%2Csn-un57sn76&ms=au%2Crdu&mv=m&mvi=6&pl=16&initcwndbps=797500&vprv=1&mime=video%2Fwebm&ns=SSJdLfmP49FtVNgbIEevockF&gir=yes&clen=2072920&dur=220.600&lmt=1578845268804744&mt=1611741649&fvip=6&keepalive=yes&c=WEB&txp=5431432&n=B3MWY6SfQFMr__kJKbxx&sparams=expire%2Cei%2Cip%2Cid%2Caitags%2Csource%2Crequiressl%2Cvprv%2Cmime%2Cns%2Cgir%2Cclen%2Cdur%2Clmt&sig=AOq0QJ8wRgIhANajX-mk4VCOUj5P_LwCdy_w1Slt33kNBvF5ZKHMf04fAiEAwHtgQLcC0fM246hF9S6t73R9fbBxkpIU-MbjzlhhNB4%3D&lsparams=mh%2Cmm%2Cmn%2Cms%2Cmv%2Cmvi%2Cpl%2Cinitcwndbps&lsig=AG3C_xAwRQIhAJNqd5Ho-qWf4Bj6aCBcx4s2D8xszUyDbokSiiCR1N2MAiAted6rcqHJy8Tcc04Ib23JqVYBIBO_9bS2jIKEANumfw%3D%3D&ratebypass=yes", "player_url": null, "ext": "webm", "height": 144, "format_note": "144p", "container": "webm", "vcodec": "vp9", "asr": null, "filesize": 2072920, "fps": 25, "tbr": 79.992, "width": 256, "acodec": "none", "downloader_options": {"http_chunk_size": 10485760}, "format": "278 - 256x144 (144p)", "protocol": "https", "http_headers": {"User-Agent": "Mozilla/5.0 (Windows NT 10.0; Win64; x64) AppleWebKit/537.36 (KHTML, like Gecko) Chrome/72.0.3626.85 Safari/537.36", "Accept-Charset": "ISO-8859-1,utf-8;q=0.7,*;q=0.7", "Accept": "text/html,application/xhtml+xml,application/xml;q=0.9,*/*;q=0.8", "Accept-Encoding": "gzip, deflate", "Accept-Language": "en-us,en;q=0.5"}}, {"format_id": "242", "url": "https://r6---sn-5njj-u2xl.googlevideo.com/videoplayback?expire=1611763444&ei=lDoRYJqzCcz5gAOq0qW4Cg&ip=140.109.135.76&id=o-AIa7tUm6cL3h2H6P_CZYn66f9y0GrDHg1RqGm-CHoJ8u&itag=242&aitags=133%2C134%2C135%2C136%2C160%2C242%2C243%2C244%2C247%2C278%2C298%2C299%2C302%2C303&source=youtube&requiressl=yes&mh=sw&mm=31%2C29&mn=sn-5njj-u2xl%2Csn-un57sn76&ms=au%2Crdu&mv=m&mvi=6&pl=16&initcwndbps=797500&vprv=1&mime=video%2Fwebm&ns=SSJdLfmP49FtVNgbIEevockF&gir=yes&clen=2292029&dur=220.600&lmt=1578845268823130&mt=1611741649&fvip=6&keepalive=yes&c=WEB&txp=5431432&n=B3MWY6SfQFMr__kJKbxx&sparams=expire%2Cei%2Cip%2Cid%2Caitags%2Csource%2Crequiressl%2Cvprv%2Cmime%2Cns%2Cgir%2Cclen%2Cdur%2Clmt&sig=AOq0QJ8wRgIhAOa34VHqXukcwMo4E7OY1jLNA8FON7JE3dbkJ98BEbUkAiEA0C5rCRAfTSSO2BxakriRlCJ-TLrPT6rngRQq4cBi_9E%3D&lsparams=mh%2Cmm%2Cmn%2Cms%2Cmv%2Cmvi%2Cpl%2Cinitcwndbps&lsig=AG3C_xAwRQIhAJNqd5Ho-qWf4Bj6aCBcx4s2D8xszUyDbokSiiCR1N2MAiAted6rcqHJy8Tcc04Ib23JqVYBIBO_9bS2jIKEANumfw%3D%3D&ratebypass=yes", "player_url": null, "ext": "webm", "height": 240, "format_note": "240p", "vcodec": "vp9", "asr": null, "filesize": 2292029, "fps": 25, "tbr": 95.856, "width": 426, "acodec": "none", "downloader_options": {"http_chunk_size": 10485760}, "format": "242 - 426x240 (240p)", "protocol": "https", "http_headers": {"User-Agent": "Mozilla/5.0 (Windows NT 10.0; Win64; x64) AppleWebKit/537.36 (KHTML, like Gecko) Chrome/72.0.3626.85 Safari/537.36", "Accept-Charset": "ISO-8859-1,utf-8;q=0.7,*;q=0.7", "Accept": "text/html,application/xhtml+xml,application/xml;q=0.9,*/*;q=0.8", "Accept-Encoding": "gzip, deflate", "Accept-Language": "en-us,en;q=0.5"}}, {"format_id": "134", "url": "https://r6---sn-5njj-u2xl.googlevideo.com/videoplayback?expire=1611763444&ei=lDoRYJqzCcz5gAOq0qW4Cg&ip=140.109.135.76&id=o-AIa7tUm6cL3h2H6P_CZYn66f9y0GrDHg1RqGm-CHoJ8u&itag=134&aitags=133%2C134%2C135%2C136%2C160%2C242%2C243%2C244%2C247%2C278%2C298%2C299%2C302%2C303&source=youtube&requiressl=yes&mh=sw&mm=31%2C29&mn=sn-5njj-u2xl%2Csn-un57sn76&ms=au%2Crdu&mv=m&mvi=6&pl=16&initcwndbps=797500&vprv=1&mime=video%2Fmp4&ns=SSJdLfmP49FtVNgbIEevockF&gir=yes&clen=3045612&dur=220.600&lmt=1578845192241823&mt=1611741649&fvip=6&keepalive=yes&c=WEB&txp=5432432&n=B3MWY6SfQFMr__kJKbxx&sparams=expire%2Cei%2Cip%2Cid%2Caitags%2Csource%2Crequiressl%2Cvprv%2Cmime%2Cns%2Cgir%2Cclen%2Cdur%2Clmt&sig=AOq0QJ8wRAIgRB3-giHIl5Hjslj_yus1XfJBz1fHRUEN_Fqt11KXjkECIGSMSiYvM04W-RBgwuuOwmnFgkjYv3pgNXMykiTAE9uH&lsparams=mh%2Cmm%2Cmn%2Cms%2Cmv%2Cmvi%2Cpl%2Cinitcwndbps&lsig=AG3C_xAwRQIhAJNqd5Ho-qWf4Bj6aCBcx4s2D8xszUyDbokSiiCR1N2MAiAted6rcqHJy8Tcc04Ib23JqVYBIBO_9bS2jIKEANumfw%3D%3D&ratebypass=yes", "player_url": null, "ext": "mp4", "height": 360, "format_note": "360p", "vcodec": "avc1.4d401e", "asr": null, "filesize": 3045612, "fps": 25, "tbr": 128.196, "width": 640, "acodec": "none", "downloader_options": {"http_chunk_size": 10485760}, "format": "134 - 640x360 (360p)", "protocol": "https", "http_headers": {"User-Agent": "Mozilla/5.0 (Windows NT 10.0; Win64; x64) AppleWebKit/537.36 (KHTML, like Gecko) Chrome/72.0.3626.85 Safari/537.36", "Accept-Charset": "ISO-8859-1,utf-8;q=0.7,*;q=0.7", "Accept": "text/html,application/xhtml+xml,application/xml;q=0.9,*/*;q=0.8", "Accept-Encoding": "gzip, deflate", "Accept-Language": "en-us,en;q=0.5"}}, {"format_id": "243", "url": "https://r6---sn-5njj-u2xl.googlevideo.com/videoplayback?expire=1611763444&ei=lDoRYJqzCcz5gAOq0qW4Cg&ip=140.109.135.76&id=o-AIa7tUm6cL3h2H6P_CZYn66f9y0GrDHg1RqGm-CHoJ8u&itag=243&aitags=133%2C134%2C135%2C136%2C160%2C242%2C243%2C244%2C247%2C278%2C298%2C299%2C302%2C303&source=youtube&requiressl=yes&mh=sw&mm=31%2C29&mn=sn-5njj-u2xl%2Csn-un57sn76&ms=au%2Crdu&mv=m&mvi=6&pl=16&initcwndbps=797500&vprv=1&mime=video%2Fwebm&ns=SSJdLfmP49FtVNgbIEevockF&gir=yes&clen=4081197&dur=220.600&lmt=1578845268794306&mt=1611741649&fvip=6&keepalive=yes&c=WEB&txp=5431432&n=B3MWY6SfQFMr__kJKbxx&sparams=expire%2Cei%2Cip%2Cid%2Caitags%2Csource%2Crequiressl%2Cvprv%2Cmime%2Cns%2Cgir%2Cclen%2Cdur%2Clmt&sig=AOq0QJ8wRAIgR3YotPvUwlPX-b6fOKMb3ZadyU5b3C5e7Cj2yMC1XLkCIEmSlHFUVn0M0IKLq9xv_b-K_f0tCrrpesIB9o9wmFOz&lsparams=mh%2Cmm%2Cmn%2Cms%2Cmv%2Cmvi%2Cpl%2Cinitcwndbps&lsig=AG3C_xAwRQIhAJNqd5Ho-qWf4Bj6aCBcx4s2D8xszUyDbokSiiCR1N2MAiAted6rcqHJy8Tcc04Ib23JqVYBIBO_9bS2jIKEANumfw%3D%3D&ratebypass=yes", "player_url": null, "ext": "webm", "height": 360, "format_note": "360p", "vcodec": "vp9", "asr": null, "filesize": 4081197, "fps": 25, "tbr": 175.775, "width": 640, "acodec": "none", "downloader_options": {"http_chunk_size": 10485760}, "format": "243 - 640x360 (360p)", "protocol": "https", "http_headers": {"User-Agent": "Mozilla/5.0 (Windows NT 10.0; Win64; x64) AppleWebKit/537.36 (KHTML, like Gecko) Chrome/72.0.3626.85 Safari/537.36", "Accept-Charset": "ISO-8859-1,utf-8;q=0.7,*;q=0.7", "Accept": "text/html,application/xhtml+xml,application/xml;q=0.9,*/*;q=0.8", "Accept-Encoding": "gzip, deflate", "Accept-Language": "en-us,en;q=0.5"}}, {"format_id": "135", "url": "https://r6---sn-5njj-u2xl.googlevideo.com/videoplayback?expire=1611763444&ei=lDoRYJqzCcz5gAOq0qW4Cg&ip=140.109.135.76&id=o-AIa7tUm6cL3h2H6P_CZYn66f9y0GrDHg1RqGm-CHoJ8u&itag=135&aitags=133%2C134%2C135%2C136%2C160%2C242%2C243%2C244%2C247%2C278%2C298%2C299%2C302%2C303&source=youtube&requiressl=yes&mh=sw&mm=31%2C29&mn=sn-5njj-u2xl%2Csn-un57sn76&ms=au%2Crdu&mv=m&mvi=6&pl=16&initcwndbps=797500&vprv=1&mime=video%2Fmp4&ns=SSJdLfmP49FtVNgbIEevockF&gir=yes&clen=5612972&dur=220.600&lmt=1578845192243184&mt=1611741649&fvip=6&keepalive=yes&c=WEB&txp=5432432&n=B3MWY6SfQFMr__kJKbxx&sparams=expire%2Cei%2Cip%2Cid%2Caitags%2Csource%2Crequiressl%2Cvprv%2Cmime%2Cns%2Cgir%2Cclen%2Cdur%2Clmt&sig=AOq0QJ8wRgIhAJuesLrV4edi2eNnJtddPeBcogA6LC7e4Q3eUhh-cwRFAiEAgDx4qiuSN_ODmPCf3PveP6frfuqxJd7Jax4JTNsQR6w%3D&lsparams=mh%2Cmm%2Cmn%2Cms%2Cmv%2Cmvi%2Cpl%2Cinitcwndbps&lsig=AG3C_xAwRQIhAJNqd5Ho-qWf4Bj6aCBcx4s2D8xszUyDbokSiiCR1N2MAiAted6rcqHJy8Tcc04Ib23JqVYBIBO_9bS2jIKEANumfw%3D%3D&ratebypass=yes", "player_url": null, "ext": "mp4", "height": 480, "format_note": "480p", "vcodec": "avc1.4d401e", "asr": null, "filesize": 5612972, "fps": 25, "tbr": 236.94, "width": 854, "acodec": "none", "downloader_options": {"http_chunk_size": 10485760}, "format": "135 - 854x480 (480p)", "protocol": "https", "http_headers": {"User-Agent": "Mozilla/5.0 (Windows NT 10.0; Win64; x64) AppleWebKit/537.36 (KHTML, like Gecko) Chrome/72.0.3626.85 Safari/537.36", "Accept-Charset": "ISO-8859-1,utf-8;q=0.7,*;q=0.7", "Accept": "text/html,application/xhtml+xml,application/xml;q=0.9,*/*;q=0.8", "Accept-Encoding": "gzip, deflate", "Accept-Language": "en-us,en;q=0.5"}}, {"format_id": "244", "url": "https://r6---sn-5njj-u2xl.googlevideo.com/videoplayback?expire=1611763444&ei=lDoRYJqzCcz5gAOq0qW4Cg&ip=140.109.135.76&id=o-AIa7tUm6cL3h2H6P_CZYn66f9y0GrDHg1RqGm-CHoJ8u&itag=244&aitags=133%2C134%2C135%2C136%2C160%2C242%2C243%2C244%2C247%2C278%2C298%2C299%2C302%2C303&source=youtube&requiressl=yes&mh=sw&mm=31%2C29&mn=sn-5njj-u2xl%2Csn-un57sn76&ms=au%2Crdu&mv=m&mvi=6&pl=16&initcwndbps=797500&vprv=1&mime=video%2Fwebm&ns=SSJdLfmP49FtVNgbIEevockF&gir=yes&clen=6413778&dur=220.600&lmt=1578845268816702&mt=1611741649&fvip=6&keepalive=yes&c=WEB&txp=5431432&n=B3MWY6SfQFMr__kJKbxx&sparams=expire%2Cei%2Cip%2Cid%2Caitags%2Csource%2Crequiressl%2Cvprv%2Cmime%2Cns%2Cgir%2Cclen%2Cdur%2Clmt&sig=AOq0QJ8wRAIgPZkvrBUxpOp2RTgYXVJta5W6m920UfMh0Voy2S1rOa4CIAHXT1Fjqxs4VWa8Qxqu5dtl2vDR9Tt2V6E-6cXM-1PX&lsparams=mh%2Cmm%2Cmn%2Cms%2Cmv%2Cmvi%2Cpl%2Cinitcwndbps&lsig=AG3C_xAwRQIhAJNqd5Ho-qWf4Bj6aCBcx4s2D8xszUyDbokSiiCR1N2MAiAted6rcqHJy8Tcc04Ib23JqVYBIBO_9bS2jIKEANumfw%3D%3D&ratebypass=yes", "player_url": null, "ext": "webm", "height": 480, "format_note": "480p", "vcodec": "vp9", "asr": null, "filesize": 6413778, "fps": 25, "tbr": 279.278, "width": 854, "acodec": "none", "downloader_options": {"http_chunk_size": 10485760}, "format": "244 - 854x480 (480p)", "protocol": "https", "http_headers": {"User-Agent": "Mozilla/5.0 (Windows NT 10.0; Win64; x64) AppleWebKit/537.36 (KHTML, like Gecko) Chrome/72.0.3626.85 Safari/537.36", "Accept-Charset": "ISO-8859-1,utf-8;q=0.7,*;q=0.7", "Accept": "text/html,application/xhtml+xml,application/xml;q=0.9,*/*;q=0.8", "Accept-Encoding": "gzip, deflate", "Accept-Language": "en-us,en;q=0.5"}}, {"format_id": "136", "url": "https://r6---sn-5njj-u2xl.googlevideo.com/videoplayback?expire=1611763444&ei=lDoRYJqzCcz5gAOq0qW4Cg&ip=140.109.135.76&id=o-AIa7tUm6cL3h2H6P_CZYn66f9y0GrDHg1RqGm-CHoJ8u&itag=136&aitags=133%2C134%2C135%2C136%2C160%2C242%2C243%2C244%2C247%2C278%2C298%2C299%2C302%2C303&source=youtube&requiressl=yes&mh=sw&mm=31%2C29&mn=sn-5njj-u2xl%2Csn-un57sn76&ms=au%2Crdu&mv=m&mvi=6&pl=16&initcwndbps=797500&vprv=1&mime=video%2Fmp4&ns=SSJdLfmP49FtVNgbIEevockF&gir=yes&clen=10119270&dur=220.600&lmt=1578845192235678&mt=1611741649&fvip=6&keepalive=yes&c=WEB&txp=5432432&n=B3MWY6SfQFMr__kJKbxx&sparams=expire%2Cei%2Cip%2Cid%2Caitags%2Csource%2Crequiressl%2Cvprv%2Cmime%2Cns%2Cgir%2Cclen%2Cdur%2Clmt&sig=AOq0QJ8wRQIhAKRHku61aoRyl_Q0rP67-v_MmzZo9T37gDhr6iAKuEtlAiBCPIB4ttg0aCTtPVOipzWsJbPvYKwVC1LbbXdfb59BgA%3D%3D&lsparams=mh%2Cmm%2Cmn%2Cms%2Cmv%2Cmvi%2Cpl%2Cinitcwndbps&lsig=AG3C_xAwRQIhAJNqd5Ho-qWf4Bj6aCBcx4s2D8xszUyDbokSiiCR1N2MAiAted6rcqHJy8Tcc04Ib23JqVYBIBO_9bS2jIKEANumfw%3D%3D&ratebypass=yes", "player_url": null, "ext": "mp4", "height": 720, "format_note": "720p", "vcodec": "avc1.4d401f", "asr": null, "filesize": 10119270, "fps": 25, "tbr": 424.74, "width": 1280, "acodec": "none", "downloader_options": {"http_chunk_size": 10485760}, "format": "136 - 1280x720 (720p)", "protocol": "https", "http_headers": {"User-Agent": "Mozilla/5.0 (Windows NT 10.0; Win64; x64) AppleWebKit/537.36 (KHTML, like Gecko) Chrome/72.0.3626.85 Safari/537.36", "Accept-Charset": "ISO-8859-1,utf-8;q=0.7,*;q=0.7", "Accept": "text/html,application/xhtml+xml,application/xml;q=0.9,*/*;q=0.8", "Accept-Encoding": "gzip, deflate", "Accept-Language": "en-us,en;q=0.5"}}, {"format_id": "247", "url": "https://r6---sn-5njj-u2xl.googlevideo.com/videoplayback?expire=1611763444&ei=lDoRYJqzCcz5gAOq0qW4Cg&ip=140.109.135.76&id=o-AIa7tUm6cL3h2H6P_CZYn66f9y0GrDHg1RqGm-CHoJ8u&itag=247&aitags=133%2C134%2C135%2C136%2C160%2C242%2C243%2C244%2C247%2C278%2C298%2C299%2C302%2C303&source=youtube&requiressl=yes&mh=sw&mm=31%2C29&mn=sn-5njj-u2xl%2Csn-un57sn76&ms=au%2Crdu&mv=m&mvi=6&pl=16&initcwndbps=797500&vprv=1&mime=video%2Fwebm&ns=SSJdLfmP49FtVNgbIEevockF&gir=yes&clen=12972919&dur=220.600&lmt=1578845268799773&mt=1611741649&fvip=6&keepalive=yes&c=WEB&txp=5431432&n=B3MWY6SfQFMr__kJKbxx&sparams=expire%2Cei%2Cip%2Cid%2Caitags%2Csource%2Crequiressl%2Cvprv%2Cmime%2Cns%2Cgir%2Cclen%2Cdur%2Clmt&sig=AOq0QJ8wRgIhALPTuiVu4RhY3O2N4zidtQGHuKZDDqMTIAmxxFlVREvQAiEA2Cc0fVOB1plSF-QMUeAQN51Dok7zY4haKVZLtzsEw7g%3D&lsparams=mh%2Cmm%2Cmn%2Cms%2Cmv%2Cmvi%2Cpl%2Cinitcwndbps&lsig=AG3C_xAwRQIhAJNqd5Ho-qWf4Bj6aCBcx4s2D8xszUyDbokSiiCR1N2MAiAted6rcqHJy8Tcc04Ib23JqVYBIBO_9bS2jIKEANumfw%3D%3D&ratebypass=yes", "player_url": null, "ext": "webm", "height": 720, "format_note": "720p", "vcodec": "vp9", "asr": null, "filesize": 12972919, "fps": 25, "tbr": 606.261, "width": 1280, "acodec": "none", "downloader_options": {"http_chunk_size": 10485760}, "format": "247 - 1280x720 (720p)", "protocol": "https", "http_headers": {"User-Agent": "Mozilla/5.0 (Windows NT 10.0; Win64; x64) AppleWebKit/537.36 (KHTML, like Gecko) Chrome/72.0.3626.85 Safari/537.36", "Accept-Charset": "ISO-8859-1,utf-8;q=0.7,*;q=0.7", "Accept": "text/html,application/xhtml+xml,application/xml;q=0.9,*/*;q=0.8", "Accept-Encoding": "gzip, deflate", "Accept-Language": "en-us,en;q=0.5"}}, {"format_id": "298", "url": "https://r6---sn-5njj-u2xl.googlevideo.com/videoplayback?expire=1611763444&ei=lDoRYJqzCcz5gAOq0qW4Cg&ip=140.109.135.76&id=o-AIa7tUm6cL3h2H6P_CZYn66f9y0GrDHg1RqGm-CHoJ8u&itag=298&aitags=133%2C134%2C135%2C136%2C160%2C242%2C243%2C244%2C247%2C278%2C298%2C299%2C302%2C303&source=youtube&requiressl=yes&mh=sw&mm=31%2C29&mn=sn-5njj-u2xl%2Csn-un57sn76&ms=au%2Crdu&mv=m&mvi=6&pl=16&initcwndbps=797500&vprv=1&mime=video%2Fmp4&ns=SSJdLfmP49FtVNgbIEevockF&gir=yes&clen=18242582&dur=220.600&lmt=1578844828867876&mt=1611741649&fvip=6&keepalive=yes&c=WEB&txp=5432432&n=B3MWY6SfQFMr__kJKbxx&sparams=expire%2Cei%2Cip%2Cid%2Caitags%2Csource%2Crequiressl%2Cvprv%2Cmime%2Cns%2Cgir%2Cclen%2Cdur%2Clmt&sig=AOq0QJ8wRQIgFtprForQq_6R9AEncYgaiIIpIg62PBATFhYgtf5LIkwCIQDbGKNUiKknivdb4A8pn1hQ_EJgSP_ylsFovS1szeXxPw%3D%3D&lsparams=mh%2Cmm%2Cmn%2Cms%2Cmv%2Cmvi%2Cpl%2Cinitcwndbps&lsig=AG3C_xAwRQIhAJNqd5Ho-qWf4Bj6aCBcx4s2D8xszUyDbokSiiCR1N2MAiAted6rcqHJy8Tcc04Ib23JqVYBIBO_9bS2jIKEANumfw%3D%3D&ratebypass=yes", "player_url": null, "ext": "mp4", "height": 720, "format_note": "720p50", "vcodec": "avc1.4d4020", "fps": 50, "asr": null, "filesize": 18242582, "tbr": 764.787, "width": 1280, "acodec": "none", "downloader_options": {"http_chunk_size": 10485760}, "format": "298 - 1280x720 (720p50)", "protocol": "https", "http_headers": {"User-Agent": "Mozilla/5.0 (Windows NT 10.0; Win64; x64) AppleWebKit/537.36 (KHTML, like Gecko) Chrome/72.0.3626.85 Safari/537.36", "Accept-Charset": "ISO-8859-1,utf-8;q=0.7,*;q=0.7", "Accept": "text/html,application/xhtml+xml,application/xml;q=0.9,*/*;q=0.8", "Accept-Encoding": "gzip, deflate", "Accept-Language": "en-us,en;q=0.5"}}, {"format_id": "302", "url": "https://r6---sn-5njj-u2xl.googlevideo.com/videoplayback?expire=1611763444&ei=lDoRYJqzCcz5gAOq0qW4Cg&ip=140.109.135.76&id=o-AIa7tUm6cL3h2H6P_CZYn66f9y0GrDHg1RqGm-CHoJ8u&itag=302&aitags=133%2C134%2C135%2C136%2C160%2C242%2C243%2C244%2C247%2C278%2C298%2C299%2C302%2C303&source=youtube&requiressl=yes&mh=sw&mm=31%2C29&mn=sn-5njj-u2xl%2Csn-un57sn76&ms=au%2Crdu&mv=m&mvi=6&pl=16&initcwndbps=797500&vprv=1&mime=video%2Fwebm&ns=SSJdLfmP49FtVNgbIEevockF&gir=yes&clen=19293381&dur=220.600&lmt=1578845030104487&mt=1611741649&fvip=6&keepalive=yes&c=WEB&txp=5431432&n=B3MWY6SfQFMr__kJKbxx&sparams=expire%2Cei%2Cip%2Cid%2Caitags%2Csource%2Crequiressl%2Cvprv%2Cmime%2Cns%2Cgir%2Cclen%2Cdur%2Clmt&sig=AOq0QJ8wRAIgVk4Gq3AI8JipfXErmcGyyOG7YFl2b1uJS1xHucE-58gCIDbLcLc4VpXuRJLhDOWd44OFLTiNXpnLJLjuvjSVr3-A&lsparams=mh%2Cmm%2Cmn%2Cms%2Cmv%2Cmvi%2Cpl%2Cinitcwndbps&lsig=AG3C_xAwRQIhAJNqd5Ho-qWf4Bj6aCBcx4s2D8xszUyDbokSiiCR1N2MAiAted6rcqHJy8Tcc04Ib23JqVYBIBO_9bS2jIKEANumfw%3D%3D&ratebypass=yes", "player_url": null, "ext": "webm", "height": 720, "format_note": "720p50", "vcodec": "vp9", "fps": 50, "asr": null, "filesize": 19293381, "tbr": 890.194, "width": 1280, "acodec": "none", "downloader_options": {"http_chunk_size": 10485760}, "format": "302 - 1280x720 (720p50)", "protocol": "https", "http_headers": {"User-Agent": "Mozilla/5.0 (Windows NT 10.0; Win64; x64) AppleWebKit/537.36 (KHTML, like Gecko) Chrome/72.0.3626.85 Safari/537.36", "Accept-Charset": "ISO-8859-1,utf-8;q=0.7,*;q=0.7", "Accept": "text/html,application/xhtml+xml,application/xml;q=0.9,*/*;q=0.8", "Accept-Encoding": "gzip, deflate", "Accept-Language": "en-us,en;q=0.5"}}, {"format_id": "299", "url": "https://r6---sn-5njj-u2xl.googlevideo.com/videoplayback?expire=1611763444&ei=lDoRYJqzCcz5gAOq0qW4Cg&ip=140.109.135.76&id=o-AIa7tUm6cL3h2H6P_CZYn66f9y0GrDHg1RqGm-CHoJ8u&itag=299&aitags=133%2C134%2C135%2C136%2C160%2C242%2C243%2C244%2C247%2C278%2C298%2C299%2C302%2C303&source=youtube&requiressl=yes&mh=sw&mm=31%2C29&mn=sn-5njj-u2xl%2Csn-un57sn76&ms=au%2Crdu&mv=m&mvi=6&pl=16&initcwndbps=797500&vprv=1&mime=video%2Fmp4&ns=SSJdLfmP49FtVNgbIEevockF&gir=yes&clen=36678186&dur=220.600&lmt=1578844893020585&mt=1611741649&fvip=6&keepalive=yes&c=WEB&txp=5432432&n=B3MWY6SfQFMr__kJKbxx&sparams=expire%2Cei%2Cip%2Cid%2Caitags%2Csource%2Crequiressl%2Cvprv%2Cmime%2Cns%2Cgir%2Cclen%2Cdur%2Clmt&sig=AOq0QJ8wRQIhALLQ-gIEyK8uyxBx_V3t40zTLpKbWienNOeyE60ifyJJAiBYKZf2ysOPSHu9vJTyGnQ2hkI0do2MiomZGfdwpP_0QA%3D%3D&lsparams=mh%2Cmm%2Cmn%2Cms%2Cmv%2Cmvi%2Cpl%2Cinitcwndbps&lsig=AG3C_xAwRQIhAJNqd5Ho-qWf4Bj6aCBcx4s2D8xszUyDbokSiiCR1N2MAiAted6rcqHJy8Tcc04Ib23JqVYBIBO_9bS2jIKEANumfw%3D%3D&ratebypass=yes", "player_url": null, "ext": "mp4", "height": 1080, "format_note": "1080p50", "vcodec": "avc1.64002a", "fps": 50, "asr": null, "filesize": 36678186, "tbr": 1503.671, "width": 1920, "acodec": "none", "downloader_options": {"http_chunk_size": 10485760}, "format": "299 - 1920x1080 (1080p50)", "protocol": "https", "http_headers": {"User-Agent": "Mozilla/5.0 (Windows NT 10.0; Win64; x64) AppleWebKit/537.36 (KHTML, like Gecko) Chrome/72.0.3626.85 Safari/537.36", "Accept-Charset": "ISO-8859-1,utf-8;q=0.7,*;q=0.7", "Accept": "text/html,application/xhtml+xml,application/xml;q=0.9,*/*;q=0.8", "Accept-Encoding": "gzip, deflate", "Accept-Language": "en-us,en;q=0.5"}}, {"format_id": "303", "url": "https://r6---sn-5njj-u2xl.googlevideo.com/videoplayback?expire=1611763444&ei=lDoRYJqzCcz5gAOq0qW4Cg&ip=140.109.135.76&id=o-AIa7tUm6cL3h2H6P_CZYn66f9y0GrDHg1RqGm-CHoJ8u&itag=303&aitags=133%2C134%2C135%2C136%2C160%2C242%2C243%2C244%2C247%2C278%2C298%2C299%2C302%2C303&source=youtube&requiressl=yes&mh=sw&mm=31%2C29&mn=sn-5njj-u2xl%2Csn-un57sn76&ms=au%2Crdu&mv=m&mvi=6&pl=16&initcwndbps=797500&vprv=1&mime=video%2Fwebm&ns=SSJdLfmP49FtVNgbIEevockF&gir=yes&clen=38124399&dur=220.600&lmt=1578845203676990&mt=1611741649&fvip=6&keepalive=yes&c=WEB&txp=5431432&n=B3MWY6SfQFMr__kJKbxx&sparams=expire%2Cei%2Cip%2Cid%2Caitags%2Csource%2Crequiressl%2Cvprv%2Cmime%2Cns%2Cgir%2Cclen%2Cdur%2Clmt&sig=AOq0QJ8wRQIgLqZMe0b2Ij2cVy6zXXrf_9LxCX43u08Hw36sM7TYQxQCIQDk2Ss4eZNQCPXxjHnihb6pwKRnguJLS527vJ5GpHr9LA%3D%3D&lsparams=mh%2Cmm%2Cmn%2Cms%2Cmv%2Cmvi%2Cpl%2Cinitcwndbps&lsig=AG3C_xAwRQIhAJNqd5Ho-qWf4Bj6aCBcx4s2D8xszUyDbokSiiCR1N2MAiAted6rcqHJy8Tcc04Ib23JqVYBIBO_9bS2jIKEANumfw%3D%3D&ratebypass=yes", "player_url": null, "ext": "webm", "height": 1080, "format_note": "1080p50", "vcodec": "vp9", "fps": 50, "asr": null, "filesize": 38124399, "tbr": 1611.525, "width": 1920, "acodec": "none", "downloader_options": {"http_chunk_size": 10485760}, "format": "303 - 1920x1080 (1080p50)", "protocol": "https", "http_headers": {"User-Agent": "Mozilla/5.0 (Windows NT 10.0; Win64; x64) AppleWebKit/537.36 (KHTML, like Gecko) Chrome/72.0.3626.85 Safari/537.36", "Accept-Charset": "ISO-8859-1,utf-8;q=0.7,*;q=0.7", "Accept": "text/html,application/xhtml+xml,application/xml;q=0.9,*/*;q=0.8", "Accept-Encoding": "gzip, deflate", "Accept-Language": "en-us,en;q=0.5"}}, {"format_id": "18", "url": "https://r6---sn-5njj-u2xl.googlevideo.com/videoplayback?expire=1611763444&ei=lDoRYJqzCcz5gAOq0qW4Cg&ip=140.109.135.76&id=o-AIa7tUm6cL3h2H6P_CZYn66f9y0GrDHg1RqGm-CHoJ8u&itag=18&source=youtube&requiressl=yes&mh=sw&mm=31%2C29&mn=sn-5njj-u2xl%2Csn-un57sn76&ms=au%2Crdu&mv=m&mvi=6&pl=16&initcwndbps=797500&vprv=1&mime=video%2Fmp4&ns=p3KYhpTK3BJGgjksXXQM_sQF&gir=yes&clen=9871756&ratebypass=yes&dur=220.659&lmt=1578844884060977&mt=1611741649&fvip=6&c=WEB&txp=5431432&n=hoAPs2rqx1bzfYpQiDf9&sparams=expire%2Cei%2Cip%2Cid%2Citag%2Csource%2Crequiressl%2Cvprv%2Cmime%2Cns%2Cgir%2Cclen%2Cratebypass%2Cdur%2Clmt&sig=AOq0QJ8wRgIhAPzpx6j5NI4kDzfOfCLx7qwJnHJ7W_e-AYZPxFiwhAH0AiEAwWxl04BiNWed5x3c3gzfWnkltc_dr5-VLoF7a1BFGwo%3D&lsparams=mh%2Cmm%2Cmn%2Cms%2Cmv%2Cmvi%2Cpl%2Cinitcwndbps&lsig=AG3C_xAwRQIhAJNqd5Ho-qWf4Bj6aCBcx4s2D8xszUyDbokSiiCR1N2MAiAted6rcqHJy8Tcc04Ib23JqVYBIBO_9bS2jIKEANumfw%3D%3D", "player_url": null, "ext": "mp4", "width": 640, "height": 360, "acodec": "mp4a.40.2", "abr": 96, "vcodec": "avc1.42001E", "asr": 44100, "filesize": 9871756, "format_note": "360p", "fps": 25, "tbr": 357.996, "format": "18 - 640x360 (360p)", "protocol": "https", "http_headers": {"User-Agent": "Mozilla/5.0 (Windows NT 10.0; Win64; x64) AppleWebKit/537.36 (KHTML, like Gecko) Chrome/72.0.3626.85 Safari/537.36", "Accept-Charset": "ISO-8859-1,utf-8;q=0.7,*;q=0.7", "Accept": "text/html,application/xhtml+xml,application/xml;q=0.9,*/*;q=0.8", "Accept-Encoding": "gzip, deflate", "Accept-Language": "en-us,en;q=0.5"}}], "is_live": null, "start_time": null, "end_time": null, "series": null, "season_number": null, "episode_number": null, "track": null, "artist": null, "album": null, "release_date": null, "release_year": null, "extractor": "youtube", "webpage_url_basename": "watch", "extractor_key": "Youtube", "playlist": null, "playlist_index": null, "thumbnail": "https://i.ytimg.com/vi/0RdmgeAIXHA/maxresdefault.jpg", "display_id": "0RdmgeAIXHA", "requested_subtitles": null, "format_id": "251", "url": "https://r6---sn-5njj-u2xl.googlevideo.com/videoplayback?expire=1611763444&ei=lDoRYJqzCcz5gAOq0qW4Cg&ip=140.109.135.76&id=o-AIa7tUm6cL3h2H6P_CZYn66f9y0GrDHg1RqGm-CHoJ8u&itag=251&source=youtube&requiressl=yes&mh=sw&mm=31%2C29&mn=sn-5njj-u2xl%2Csn-un57sn76&ms=au%2Crdu&mv=m&mvi=6&pl=16&initcwndbps=797500&vprv=1&mime=audio%2Fwebm&ns=SSJdLfmP49FtVNgbIEevockF&gir=yes&clen=4154592&dur=220.621&lmt=1605701345179858&mt=1611741649&fvip=6&keepalive=yes&c=WEB&txp=5511222&n=B3MWY6SfQFMr__kJKbxx&sparams=expire%2Cei%2Cip%2Cid%2Citag%2Csource%2Crequiressl%2Cvprv%2Cmime%2Cns%2Cgir%2Cclen%2Cdur%2Clmt&sig=AOq0QJ8wRAIgJG6o7UpR4AV68xYPUZpm27kYaczxB6nxQ2mFj9v4oZoCIEQwCk55AzuAkASC_5P1_mz3oSunC8fuYKpicExannZt&lsparams=mh%2Cmm%2Cmn%2Cms%2Cmv%2Cmvi%2Cpl%2Cinitcwndbps&lsig=AG3C_xAwRQIhAJNqd5Ho-qWf4Bj6aCBcx4s2D8xszUyDbokSiiCR1N2MAiAted6rcqHJy8Tcc04Ib23JqVYBIBO_9bS2jIKEANumfw%3D%3D&ratebypass=yes", "player_url": null, "ext": "webm", "format_note": "tiny", "acodec": "opus", "abr": 160, "asr": 48000, "filesize": 4154592, "fps": null, "height": null, "tbr": 158.67, "width": null, "vcodec": "none", "downloader_options": {"http_chunk_size": 10485760}, "format": "251 - audio only (tiny)", "protocol": "https", "http_headers": {"User-Agent": "Mozilla/5.0 (Windows NT 10.0; Win64; x64) AppleWebKit/537.36 (KHTML, like Gecko) Chrome/72.0.3626.85 Safari/537.36", "Accept-Charset": "ISO-8859-1,utf-8;q=0.7,*;q=0.7", "Accept": "text/html,application/xhtml+xml,application/xml;q=0.9,*/*;q=0.8", "Accept-Encoding": "gzip, deflate", "Accept-Language": "en-us,en;q=0.5"}}