{"id": "1EDThWjNxOI", "uploader": "DooPiano", "uploader_id": "UCNoN7dpdAlglcQWUn2pFjDA", "uploader_url": "http://www.youtube.com/channel/UCNoN7dpdAlglcQWUn2pFjDA", "channel_id": "UCNoN7dpdAlglcQWUn2pFjDA", "channel_url": "http://www.youtube.com/channel/UCNoN7dpdAlglcQWUn2pFjDA", "upload_date": "20170914", "license": null, "creator": null, "title": "\uc5ec\uc790\uce5c\uad6c (GFriend) - \uc5ec\ub984\ube44 (Summer Rain) Piano Cover", "alt_title": null, "thumbnails": [{"url": "https://i.ytimg.com/vi/1EDThWjNxOI/hqdefault.jpg?sqp=-oaymwEbCKgBEF5IVfKriqkDDggBFQAAiEIYAXABwAEG&rs=AOn4CLCn4tQf0SNIU0pott8HndEUW0GI_Q", "width": 168, "height": 94, "resolution": "168x94", "id": "0"}, {"url": "https://i.ytimg.com/vi/1EDThWjNxOI/hqdefault.jpg?sqp=-oaymwEbCMQBEG5IVfKriqkDDggBFQAAiEIYAXABwAEG&rs=AOn4CLApyUToDl092JNsJKeM7ry-6unG9g", "width": 196, "height": 110, "resolution": "196x110", "id": "1"}, {"url": "https://i.ytimg.com/vi/1EDThWjNxOI/hqdefault.jpg?sqp=-oaymwEcCPYBEIoBSFXyq4qpAw4IARUAAIhCGAFwAcABBg==&rs=AOn4CLB-Bbwsfzq7x92Mfvb8J4ktiHQ6Cg", "width": 246, "height": 138, "resolution": "246x138", "id": "2"}, {"url": "https://i.ytimg.com/vi/1EDThWjNxOI/hqdefault.jpg?sqp=-oaymwEcCNACELwBSFXyq4qpAw4IARUAAIhCGAFwAcABBg==&rs=AOn4CLDzZfRdoy7LZIBLoeMXH-GCNm4ivA", "width": 336, "height": 188, "resolution": "336x188", "id": "3"}, {"url": "https://i.ytimg.com/vi_webp/1EDThWjNxOI/maxresdefault.webp", "width": 1920, "height": 1080, "resolution": "1920x1080", "id": "4"}], "description": "\uc5ec\uc790\uce5c\uad6c '\uc5ec\ub984\ube44' \ud53c\uc544\ub178 \ucee4\ubc84\uc785\ub2c8\ub2e4.\n\uc990\uac81\uac8c \uac10\uc0c1\ud558\uc138\uc694 :)\n\nPiano cover of 'Summer Rain' by GFriend.\nEnjoy!\n\n\uc5ec\ub984\ube44 / Summer Rain M/V:\nhttps://youtu.be/ZsYwEV_ge4Y\n\nWebsite:\nhttps://doopiano.com", "categories": ["Music"], "tags": ["\uc5ec\uc790\uce5c\uad6c", "\uc5ec\ub984\ube44", "\ud53c\uc544\ub178", "summer rain", "gfriend", "piano"], "subtitles": {}, "automatic_captions": {}, "duration": 207, "age_limit": 0, "annotations": null, "chapters": null, "webpage_url": "https://www.youtube.com/watch?v=1EDThWjNxOI", "view_count": 571983, "like_count": 15443, "dislike_count": 75, "average_rating": 4.9806676, "formats": [{"format_id": "249", "url": "https://r2---sn-5njj-u2xe.googlevideo.com/videoplayback?expire=1612167596&ei=TGUXYOaxOoehqQGj5ae4Bw&ip=140.109.135.76&id=o-ADJcENKpXpQUpGCbNL55sYPyTwA45jNdQ_LfxSH33qvn&itag=249&source=youtube&requiressl=yes&mh=ZR&mm=31%2C29&mn=sn-5njj-u2xe%2Csn-un57en7s&ms=au%2Crdu&mv=m&mvi=2&pl=16&initcwndbps=378750&vprv=1&mime=audio%2Fwebm&ns=uypttQ8fFqQMo0aWZ4Y-rVgF&gir=yes&clen=1546571&dur=207.421&lmt=1540712165824526&mt=1612145563&fvip=2&keepalive=yes&c=WEB&txp=5411222&n=_33nYdoZQ_beMsSth&sparams=expire%2Cei%2Cip%2Cid%2Citag%2Csource%2Crequiressl%2Cvprv%2Cmime%2Cns%2Cgir%2Cclen%2Cdur%2Clmt&lsparams=mh%2Cmm%2Cmn%2Cms%2Cmv%2Cmvi%2Cpl%2Cinitcwndbps&lsig=AG3C_xAwRQIgNr9h5QiNy809oC2eTiegr9nzOQqCuAE_7EMphpF5YmgCIQCg2NWIJ9_EDv3QuQ8C-7MRFwy39tkcJPgPiW1Zv9X2Ug%3D%3D&sig=AOq0QJ8wRAIgGjvX0JX4pNvkILJ-wWyvDIsy3bg2YUu4VDerN1ZRgC4CIH8jtVMt964kG5dSHHKor0bzM7EFFqMxeFQdG9bH3uDA&ratebypass=yes", "player_url": "/s/player/7bc032d0/player_ias.vflset/en_US/base.js", "ext": "webm", "format_note": "tiny", "acodec": "opus", "abr": 50, "asr": 48000, "filesize": 1546571, "fps": null, "height": null, "tbr": 66.677, "width": null, "vcodec": "none", "downloader_options": {"http_chunk_size": 10485760}, "format": "249 - audio only (tiny)", "protocol": "https", "http_headers": {"User-Agent": "Mozilla/5.0 (Windows NT 10.0; Win64; x64) AppleWebKit/537.36 (KHTML, like Gecko) Chrome/70.0.3538.79 Safari/537.36", "Accept-Charset": "ISO-8859-1,utf-8;q=0.7,*;q=0.7", "Accept": "text/html,application/xhtml+xml,application/xml;q=0.9,*/*;q=0.8", "Accept-Encoding": "gzip, deflate", "Accept-Language": "en-us,en;q=0.5"}}, {"format_id": "250", "url": "https://r2---sn-5njj-u2xe.googlevideo.com/videoplayback?expire=1612167596&ei=TGUXYOaxOoehqQGj5ae4Bw&ip=140.109.135.76&id=o-ADJcENKpXpQUpGCbNL55sYPyTwA45jNdQ_LfxSH33qvn&itag=250&source=youtube&requiressl=yes&mh=ZR&mm=31%2C29&mn=sn-5njj-u2xe%2Csn-un57en7s&ms=au%2Crdu&mv=m&mvi=2&pl=16&initcwndbps=378750&vprv=1&mime=audio%2Fwebm&ns=uypttQ8fFqQMo0aWZ4Y-rVgF&gir=yes&clen=2074647&dur=207.421&lmt=1540712166139799&mt=1612145563&fvip=2&keepalive=yes&c=WEB&txp=5411222&n=_33nYdoZQ_beMsSth&sparams=expire%2Cei%2Cip%2Cid%2Citag%2Csource%2Crequiressl%2Cvprv%2Cmime%2Cns%2Cgir%2Cclen%2Cdur%2Clmt&lsparams=mh%2Cmm%2Cmn%2Cms%2Cmv%2Cmvi%2Cpl%2Cinitcwndbps&lsig=AG3C_xAwRAIgQ-6y920mOULCt2Wt5EatJz1nvvCPuLpoz_UZXcPoRAYCIDuM8oJ80BM3pvnZ81hxcqaMCsoskq_kvZo7dzttHCjU&sig=AOq0QJ8wRAIgNtaVCJevagC32nTkaHkeKUV5wDU9FAaxyh5bgq5MVWQCIEHBB5cCA_Gkt8HxAtFZGJSBed8Q_snKSrsBfodRHja3&ratebypass=yes", "player_url": "/s/player/7bc032d0/player_ias.vflset/en_US/base.js", "ext": "webm", "format_note": "tiny", "acodec": "opus", "abr": 70, "asr": 48000, "filesize": 2074647, "fps": null, "height": null, "tbr": 88.43, "width": null, "vcodec": "none", "downloader_options": {"http_chunk_size": 10485760}, "format": "250 - audio only (tiny)", "protocol": "https", "http_headers": {"User-Agent": "Mozilla/5.0 (Windows NT 10.0; Win64; x64) AppleWebKit/537.36 (KHTML, like Gecko) Chrome/70.0.3538.79 Safari/537.36", "Accept-Charset": "ISO-8859-1,utf-8;q=0.7,*;q=0.7", "Accept": "text/html,application/xhtml+xml,application/xml;q=0.9,*/*;q=0.8", "Accept-Encoding": "gzip, deflate", "Accept-Language": "en-us,en;q=0.5"}}, {"format_id": "140", "url": "https://r2---sn-5njj-u2xe.googlevideo.com/videoplayback?expire=1612167596&ei=TGUXYOaxOoehqQGj5ae4Bw&ip=140.109.135.76&id=o-ADJcENKpXpQUpGCbNL55sYPyTwA45jNdQ_LfxSH33qvn&itag=140&source=youtube&requiressl=yes&mh=ZR&mm=31%2C29&mn=sn-5njj-u2xe%2Csn-un57en7s&ms=au%2Crdu&mv=m&mvi=2&pl=16&initcwndbps=378750&vprv=1&mime=audio%2Fmp4&ns=uypttQ8fFqQMo0aWZ4Y-rVgF&gir=yes&clen=3357989&dur=207.447&lmt=1608472648045686&mt=1612145563&fvip=2&keepalive=yes&c=WEB&txp=5431432&n=_33nYdoZQ_beMsSth&sparams=expire%2Cei%2Cip%2Cid%2Citag%2Csource%2Crequiressl%2Cvprv%2Cmime%2Cns%2Cgir%2Cclen%2Cdur%2Clmt&lsparams=mh%2Cmm%2Cmn%2Cms%2Cmv%2Cmvi%2Cpl%2Cinitcwndbps&lsig=AG3C_xAwRgIhAOmUHClfPUhLgXnSRPjzOCNvZU9Mnb0uHhMIRd88pSB2AiEAxAHbyV2m_Eos0sDIyTVaZ0QGAhhRuHJO6IYkFUKZ6_s%3D&sig=AOq0QJ8wRAIgEciJM9Gtx3cnd4aUS4xglfFVlprE4gnPMBPPAU7V9CYCIEvHVbTsFirdudDpx8xsJ6M3jwvI7RKc18HLGIUBuEds&ratebypass=yes", "player_url": "/s/player/7bc032d0/player_ias.vflset/en_US/base.js", "ext": "m4a", "format_note": "tiny", "acodec": "mp4a.40.2", "abr": 128, "container": "m4a_dash", "asr": 44100, "filesize": 3357989, "fps": null, "height": null, "tbr": 130.462, "width": null, "vcodec": "none", "downloader_options": {"http_chunk_size": 10485760}, "format": "140 - audio only (tiny)", "protocol": "https", "http_headers": {"User-Agent": "Mozilla/5.0 (Windows NT 10.0; Win64; x64) AppleWebKit/537.36 (KHTML, like Gecko) Chrome/70.0.3538.79 Safari/537.36", "Accept-Charset": "ISO-8859-1,utf-8;q=0.7,*;q=0.7", "Accept": "text/html,application/xhtml+xml,application/xml;q=0.9,*/*;q=0.8", "Accept-Encoding": "gzip, deflate", "Accept-Language": "en-us,en;q=0.5"}}, {"format_id": "251", "url": "https://r2---sn-5njj-u2xe.googlevideo.com/videoplayback?expire=1612167596&ei=TGUXYOaxOoehqQGj5ae4Bw&ip=140.109.135.76&id=o-ADJcENKpXpQUpGCbNL55sYPyTwA45jNdQ_LfxSH33qvn&itag=251&source=youtube&requiressl=yes&mh=ZR&mm=31%2C29&mn=sn-5njj-u2xe%2Csn-un57en7s&ms=au%2Crdu&mv=m&mvi=2&pl=16&initcwndbps=378750&vprv=1&mime=audio%2Fwebm&ns=uypttQ8fFqQMo0aWZ4Y-rVgF&gir=yes&clen=3960980&dur=207.421&lmt=1540712165732512&mt=1612145563&fvip=2&keepalive=yes&c=WEB&txp=5411222&n=_33nYdoZQ_beMsSth&sparams=expire%2Cei%2Cip%2Cid%2Citag%2Csource%2Crequiressl%2Cvprv%2Cmime%2Cns%2Cgir%2Cclen%2Cdur%2Clmt&lsparams=mh%2Cmm%2Cmn%2Cms%2Cmv%2Cmvi%2Cpl%2Cinitcwndbps&lsig=AG3C_xAwRQIhANY5L38VuBeoSlBLYI8a9fxbxYXaUF1etr0TAyDxPyZ9AiBmlhtyn0jXpgVHSowz7Vh-bTwQm8lotWXlA_ImKYFUjw%3D%3D&sig=AOq0QJ8wRgIhAMbldYitnDBrTG30ZU9QSGmsBjJWzkaiSjH_bfuBdGF7AiEAjrsXpd0QcPgBYVHcZNxGN2DRxFXNJ9NUCNzsZDEiY4o=&ratebypass=yes", "player_url": "/s/player/7bc032d0/player_ias.vflset/en_US/base.js", "ext": "webm", "format_note": "tiny", "acodec": "opus", "abr": 160, "asr": 48000, "filesize": 3960980, "fps": null, "height": null, "tbr": 161.638, "width": null, "vcodec": "none", "downloader_options": {"http_chunk_size": 10485760}, "format": "251 - audio only (tiny)", "protocol": "https", "http_headers": {"User-Agent": "Mozilla/5.0 (Windows NT 10.0; Win64; x64) AppleWebKit/537.36 (KHTML, like Gecko) Chrome/70.0.3538.79 Safari/537.36", "Accept-Charset": "ISO-8859-1,utf-8;q=0.7,*;q=0.7", "Accept": "text/html,application/xhtml+xml,application/xml;q=0.9,*/*;q=0.8", "Accept-Encoding": "gzip, deflate", "Accept-Language": "en-us,en;q=0.5"}}, {"format_id": "160", "url": "https://r2---sn-5njj-u2xe.googlevideo.com/videoplayback?expire=1612167596&ei=TGUXYOaxOoehqQGj5ae4Bw&ip=140.109.135.76&id=o-ADJcENKpXpQUpGCbNL55sYPyTwA45jNdQ_LfxSH33qvn&itag=160&aitags=133%2C134%2C135%2C136%2C137%2C160%2C242%2C243%2C244%2C247%2C248%2C278&source=youtube&requiressl=yes&mh=ZR&mm=31%2C29&mn=sn-5njj-u2xe%2Csn-un57en7s&ms=au%2Crdu&mv=m&mvi=2&pl=16&initcwndbps=378750&vprv=1&mime=video%2Fmp4&ns=uypttQ8fFqQMo0aWZ4Y-rVgF&gir=yes&clen=455925&dur=207.400&lmt=1608472736709683&mt=1612145563&fvip=2&keepalive=yes&c=WEB&txp=5432432&n=_33nYdoZQ_beMsSth&sparams=expire%2Cei%2Cip%2Cid%2Caitags%2Csource%2Crequiressl%2Cvprv%2Cmime%2Cns%2Cgir%2Cclen%2Cdur%2Clmt&lsparams=mh%2Cmm%2Cmn%2Cms%2Cmv%2Cmvi%2Cpl%2Cinitcwndbps&lsig=AG3C_xAwRAIgO3JNcAU-Zf6gj2O7tuK6iSzof2oJ6MM0WNHNkWvCvU8CIGRZQOzKMMzTiYea73UMrvXBAVw5fAr-wkAwHsm7IW8K&sig=AOq0QJ8wRAIgYrGuAAhl7_bE9Z4AgfhTXFWXnkxw4b4kDE9SxxNDe1cCIGahYyMs_UnSkB7aocZYxT0SFxpB4IO4_w4JKJgPYHpu&ratebypass=yes", "player_url": "/s/player/7bc032d0/player_ias.vflset/en_US/base.js", "ext": "mp4", "height": 144, "format_note": "144p", "vcodec": "avc1.4d400c", "asr": null, "filesize": 455925, "fps": 30, "tbr": 25.85, "width": 256, "acodec": "none", "downloader_options": {"http_chunk_size": 10485760}, "format": "160 - 256x144 (144p)", "protocol": "https", "http_headers": {"User-Agent": "Mozilla/5.0 (Windows NT 10.0; Win64; x64) AppleWebKit/537.36 (KHTML, like Gecko) Chrome/70.0.3538.79 Safari/537.36", "Accept-Charset": "ISO-8859-1,utf-8;q=0.7,*;q=0.7", "Accept": "text/html,application/xhtml+xml,application/xml;q=0.9,*/*;q=0.8", "Accept-Encoding": "gzip, deflate", "Accept-Language": "en-us,en;q=0.5"}}, {"format_id": "278", "url": "https://r2---sn-5njj-u2xe.googlevideo.com/videoplayback?expire=1612167596&ei=TGUXYOaxOoehqQGj5ae4Bw&ip=140.109.135.76&id=o-ADJcENKpXpQUpGCbNL55sYPyTwA45jNdQ_LfxSH33qvn&itag=278&aitags=133%2C134%2C135%2C136%2C137%2C160%2C242%2C243%2C244%2C247%2C248%2C278&source=youtube&requiressl=yes&mh=ZR&mm=31%2C29&mn=sn-5njj-u2xe%2Csn-un57en7s&ms=au%2Crdu&mv=m&mvi=2&pl=16&initcwndbps=378750&vprv=1&mime=video%2Fwebm&ns=uypttQ8fFqQMo0aWZ4Y-rVgF&gir=yes&clen=995376&dur=207.400&lmt=1540711445130397&mt=1612145563&fvip=2&keepalive=yes&c=WEB&txp=5432432&n=_33nYdoZQ_beMsSth&sparams=expire%2Cei%2Cip%2Cid%2Caitags%2Csource%2Crequiressl%2Cvprv%2Cmime%2Cns%2Cgir%2Cclen%2Cdur%2Clmt&lsparams=mh%2Cmm%2Cmn%2Cms%2Cmv%2Cmvi%2Cpl%2Cinitcwndbps&lsig=AG3C_xAwRQIhAO0n0jUa_Dksq0ZEp8_IsSUaI11xcaV9yPPx8CK6-beaAiApjzIYRD-0xbWnbEowFqLBxNE4zJZbIzpfC33bGzWqJg%3D%3D&sig=AOq0QJ8wRgIhAIyduhdNkKfERYj5W_RQAtHBOr23SrPPsKRNT-Jr6KAeAiEAu4q-Qwi3yAD4CkNlPPT8Ufq9xI7VFzD7z1UOnuMZsX0=&ratebypass=yes", "player_url": "/s/player/7bc032d0/player_ias.vflset/en_US/base.js", "ext": "webm", "height": 144, "format_note": "144p", "container": "webm", "vcodec": "vp9", "asr": null, "filesize": 995376, "fps": 30, "tbr": 41.489, "width": 256, "acodec": "none", "downloader_options": {"http_chunk_size": 10485760}, "format": "278 - 256x144 (144p)", "protocol": "https", "http_headers": {"User-Agent": "Mozilla/5.0 (Windows NT 10.0; Win64; x64) AppleWebKit/537.36 (KHTML, like Gecko) Chrome/70.0.3538.79 Safari/537.36", "Accept-Charset": "ISO-8859-1,utf-8;q=0.7,*;q=0.7", "Accept": "text/html,application/xhtml+xml,application/xml;q=0.9,*/*;q=0.8", "Accept-Encoding": "gzip, deflate", "Accept-Language": "en-us,en;q=0.5"}}, {"format_id": "133", "url": "https://r2---sn-5njj-u2xe.googlevideo.com/videoplayback?expire=1612167596&ei=TGUXYOaxOoehqQGj5ae4Bw&ip=140.109.135.76&id=o-ADJcENKpXpQUpGCbNL55sYPyTwA45jNdQ_LfxSH33qvn&itag=133&aitags=133%2C134%2C135%2C136%2C137%2C160%2C242%2C243%2C244%2C247%2C248%2C278&source=youtube&requiressl=yes&mh=ZR&mm=31%2C29&mn=sn-5njj-u2xe%2Csn-un57en7s&ms=au%2Crdu&mv=m&mvi=2&pl=16&initcwndbps=378750&vprv=1&mime=video%2Fmp4&ns=uypttQ8fFqQMo0aWZ4Y-rVgF&gir=yes&clen=874123&dur=207.400&lmt=1608472736710951&mt=1612145563&fvip=2&keepalive=yes&c=WEB&txp=5432432&n=_33nYdoZQ_beMsSth&sparams=expire%2Cei%2Cip%2Cid%2Caitags%2Csource%2Crequiressl%2Cvprv%2Cmime%2Cns%2Cgir%2Cclen%2Cdur%2Clmt&lsparams=mh%2Cmm%2Cmn%2Cms%2Cmv%2Cmvi%2Cpl%2Cinitcwndbps&lsig=AG3C_xAwRQIgSaz57AyQG_kHPasXMYYql4gKIpq91Ql2nBF8GCzE7PICIQCHcV5Z3ikuBi_K5Uy0hTfq4oIylMWALR55rth5AE_0Ng%3D%3D&sig=AOq0QJ8wRQIgAQOSSz7f4Wk5dW3aidbQ2tYNy-2ZHMhhBKoZjAsavgoCIQD1_80Sis0dHD8YP9-xUHGN9QTVfDyses9roA2ePXGu7Q==&ratebypass=yes", "player_url": "/s/player/7bc032d0/player_ias.vflset/en_US/base.js", "ext": "mp4", "height": 240, "format_note": "240p", "vcodec": "avc1.4d4015", "asr": null, "filesize": 874123, "fps": 30, "tbr": 52.08, "width": 426, "acodec": "none", "downloader_options": {"http_chunk_size": 10485760}, "format": "133 - 426x240 (240p)", "protocol": "https", "http_headers": {"User-Agent": "Mozilla/5.0 (Windows NT 10.0; Win64; x64) AppleWebKit/537.36 (KHTML, like Gecko) Chrome/70.0.3538.79 Safari/537.36", "Accept-Charset": "ISO-8859-1,utf-8;q=0.7,*;q=0.7", "Accept": "text/html,application/xhtml+xml,application/xml;q=0.9,*/*;q=0.8", "Accept-Encoding": "gzip, deflate", "Accept-Language": "en-us,en;q=0.5"}}, {"format_id": "242", "url": "https://r2---sn-5njj-u2xe.googlevideo.com/videoplayback?expire=1612167596&ei=TGUXYOaxOoehqQGj5ae4Bw&ip=140.109.135.76&id=o-ADJcENKpXpQUpGCbNL55sYPyTwA45jNdQ_LfxSH33qvn&itag=242&aitags=133%2C134%2C135%2C136%2C137%2C160%2C242%2C243%2C244%2C247%2C248%2C278&source=youtube&requiressl=yes&mh=ZR&mm=31%2C29&mn=sn-5njj-u2xe%2Csn-un57en7s&ms=au%2Crdu&mv=m&mvi=2&pl=16&initcwndbps=378750&vprv=1&mime=video%2Fwebm&ns=uypttQ8fFqQMo0aWZ4Y-rVgF&gir=yes&clen=1892005&dur=207.400&lmt=1540711445151156&mt=1612145563&fvip=2&keepalive=yes&c=WEB&txp=5432432&n=_33nYdoZQ_beMsSth&sparams=expire%2Cei%2Cip%2Cid%2Caitags%2Csource%2Crequiressl%2Cvprv%2Cmime%2Cns%2Cgir%2Cclen%2Cdur%2Clmt&lsparams=mh%2Cmm%2Cmn%2Cms%2Cmv%2Cmvi%2Cpl%2Cinitcwndbps&lsig=AG3C_xAwRQIgQAN1mBKwJOgo1WGtWuyXXoGHktp0YIBEDWvDuhoZKQ0CIQDgTEjy_frnptl2FOTauePLbMPiNY5bL5Wp4cxCoUcUVQ%3D%3D&sig=AOq0QJ8wRQIhAMzT3cxohxx3TaAPPkHaNvIr79263oe5wFNn45s38w1ZAiBz_dTTGlDeXhN59i4iPpz8cfZtbRgQs_g20-ab3opopg==&ratebypass=yes", "player_url": "/s/player/7bc032d0/player_ias.vflset/en_US/base.js", "ext": "webm", "height": 240, "format_note": "240p", "vcodec": "vp9", "asr": null, "filesize": 1892005, "fps": 30, "tbr": 77.528, "width": 426, "acodec": "none", "downloader_options": {"http_chunk_size": 10485760}, "format": "242 - 426x240 (240p)", "protocol": "https", "http_headers": {"User-Agent": "Mozilla/5.0 (Windows NT 10.0; Win64; x64) AppleWebKit/537.36 (KHTML, like Gecko) Chrome/70.0.3538.79 Safari/537.36", "Accept-Charset": "ISO-8859-1,utf-8;q=0.7,*;q=0.7", "Accept": "text/html,application/xhtml+xml,application/xml;q=0.9,*/*;q=0.8", "Accept-Encoding": "gzip, deflate", "Accept-Language": "en-us,en;q=0.5"}}, {"format_id": "134", "url": "https://r2---sn-5njj-u2xe.googlevideo.com/videoplayback?expire=1612167596&ei=TGUXYOaxOoehqQGj5ae4Bw&ip=140.109.135.76&id=o-ADJcENKpXpQUpGCbNL55sYPyTwA45jNdQ_LfxSH33qvn&itag=134&aitags=133%2C134%2C135%2C136%2C137%2C160%2C242%2C243%2C244%2C247%2C248%2C278&source=youtube&requiressl=yes&mh=ZR&mm=31%2C29&mn=sn-5njj-u2xe%2Csn-un57en7s&ms=au%2Crdu&mv=m&mvi=2&pl=16&initcwndbps=378750&vprv=1&mime=video%2Fmp4&ns=uypttQ8fFqQMo0aWZ4Y-rVgF&gir=yes&clen=1492712&dur=207.400&lmt=1608472736708995&mt=1612145563&fvip=2&keepalive=yes&c=WEB&txp=5432432&n=_33nYdoZQ_beMsSth&sparams=expire%2Cei%2Cip%2Cid%2Caitags%2Csource%2Crequiressl%2Cvprv%2Cmime%2Cns%2Cgir%2Cclen%2Cdur%2Clmt&lsparams=mh%2Cmm%2Cmn%2Cms%2Cmv%2Cmvi%2Cpl%2Cinitcwndbps&lsig=AG3C_xAwRQIhAMUtmSvfTM00Acs2W9kZiaN6GDBDqtYGrPVHzqbw1vU1AiBi6hSqiZvNJHd4ePgra-HyAKcd3DkMJ_F689ballarkw%3D%3D&sig=AOq0QJ8wRgIhANvrw_rjnaWGFtZME60OB8XJ7jiMcyvvOVYA39HwlyazAiEAoV16ZpdogICeQ8KN_uQhzp1EHu3Xp005jxKnp5RUtnw=&ratebypass=yes", "player_url": "/s/player/7bc032d0/player_ias.vflset/en_US/base.js", "ext": "mp4", "height": 360, "format_note": "360p", "vcodec": "avc1.4d401e", "asr": null, "filesize": 1492712, "fps": 30, "tbr": 93.006, "width": 640, "acodec": "none", "downloader_options": {"http_chunk_size": 10485760}, "format": "134 - 640x360 (360p)", "protocol": "https", "http_headers": {"User-Agent": "Mozilla/5.0 (Windows NT 10.0; Win64; x64) AppleWebKit/537.36 (KHTML, like Gecko) Chrome/70.0.3538.79 Safari/537.36", "Accept-Charset": "ISO-8859-1,utf-8;q=0.7,*;q=0.7", "Accept": "text/html,application/xhtml+xml,application/xml;q=0.9,*/*;q=0.8", "Accept-Encoding": "gzip, deflate", "Accept-Language": "en-us,en;q=0.5"}}, {"format_id": "135", "url": "https://r2---sn-5njj-u2xe.googlevideo.com/videoplayback?expire=1612167596&ei=TGUXYOaxOoehqQGj5ae4Bw&ip=140.109.135.76&id=o-ADJcENKpXpQUpGCbNL55sYPyTwA45jNdQ_LfxSH33qvn&itag=135&aitags=133%2C134%2C135%2C136%2C137%2C160%2C242%2C243%2C244%2C247%2C248%2C278&source=youtube&requiressl=yes&mh=ZR&mm=31%2C29&mn=sn-5njj-u2xe%2Csn-un57en7s&ms=au%2Crdu&mv=m&mvi=2&pl=16&initcwndbps=378750&vprv=1&mime=video%2Fmp4&ns=uypttQ8fFqQMo0aWZ4Y-rVgF&gir=yes&clen=2229674&dur=207.400&lmt=1608472736713840&mt=1612145563&fvip=2&keepalive=yes&c=WEB&txp=5432432&n=_33nYdoZQ_beMsSth&sparams=expire%2Cei%2Cip%2Cid%2Caitags%2Csource%2Crequiressl%2Cvprv%2Cmime%2Cns%2Cgir%2Cclen%2Cdur%2Clmt&lsparams=mh%2Cmm%2Cmn%2Cms%2Cmv%2Cmvi%2Cpl%2Cinitcwndbps&lsig=AG3C_xAwRAIgdtht7CPG4U0svbDVRDiSSA7zEzzbxZ6rgDZ6SNJ_qaoCIHOlrfVT9myiy7i_2Rr1M_SCap0G1bOaGSnt60jHQVXT&sig=AOq0QJ8wRAIgTYIwVqDmnSA4-VZNxCdIy5EZDleQozj322qW4pOeDHUCIC8Mq42kORrDZHW07QqlDnOt3AMRmNH-heiSOZjLo15w&ratebypass=yes", "player_url": "/s/player/7bc032d0/player_ias.vflset/en_US/base.js", "ext": "mp4", "height": 480, "format_note": "480p", "vcodec": "avc1.4d401f", "asr": null, "filesize": 2229674, "fps": 30, "tbr": 137.723, "width": 854, "acodec": "none", "downloader_options": {"http_chunk_size": 10485760}, "format": "135 - 854x480 (480p)", "protocol": "https", "http_headers": {"User-Agent": "Mozilla/5.0 (Windows NT 10.0; Win64; x64) AppleWebKit/537.36 (KHTML, like Gecko) Chrome/70.0.3538.79 Safari/537.36", "Accept-Charset": "ISO-8859-1,utf-8;q=0.7,*;q=0.7", "Accept": "text/html,application/xhtml+xml,application/xml;q=0.9,*/*;q=0.8", "Accept-Encoding": "gzip, deflate", "Accept-Language": "en-us,en;q=0.5"}}, {"format_id": "243", "url": "https://r2---sn-5njj-u2xe.googlevideo.com/videoplayback?expire=1612167596&ei=TGUXYOaxOoehqQGj5ae4Bw&ip=140.109.135.76&id=o-ADJcENKpXpQUpGCbNL55sYPyTwA45jNdQ_LfxSH33qvn&itag=243&aitags=133%2C134%2C135%2C136%2C137%2C160%2C242%2C243%2C244%2C247%2C248%2C278&source=youtube&requiressl=yes&mh=ZR&mm=31%2C29&mn=sn-5njj-u2xe%2Csn-un57en7s&ms=au%2Crdu&mv=m&mvi=2&pl=16&initcwndbps=378750&vprv=1&mime=video%2Fwebm&ns=uypttQ8fFqQMo0aWZ4Y-rVgF&gir=yes&clen=3364883&dur=207.400&lmt=1540711445101280&mt=1612145563&fvip=2&keepalive=yes&c=WEB&txp=5432432&n=_33nYdoZQ_beMsSth&sparams=expire%2Cei%2Cip%2Cid%2Caitags%2Csource%2Crequiressl%2Cvprv%2Cmime%2Cns%2Cgir%2Cclen%2Cdur%2Clmt&lsparams=mh%2Cmm%2Cmn%2Cms%2Cmv%2Cmvi%2Cpl%2Cinitcwndbps&lsig=AG3C_xAwRAIgQEBWbxAkUn8voR-PntGYub2_1UCNe-Ruleoqkz6FIl4CIAvdxig8bFpzj-EVNFI9S3BYnCI9JyngfUPFcf3aQ0Ig&sig=AOq0QJ8wRQIgVkn8ZgAay8G2jrOhS9ugY7FQQFnxL9tZlCbIUNjaxNsCIQDnhuWdVcQ0U0MyHBmMddlI2le55n2tc0vgL2gqfEjJPQ==&ratebypass=yes", "player_url": "/s/player/7bc032d0/player_ias.vflset/en_US/base.js", "ext": "webm", "height": 360, "format_note": "360p", "vcodec": "vp9", "asr": null, "filesize": 3364883, "fps": 30, "tbr": 141.867, "width": 640, "acodec": "none", "downloader_options": {"http_chunk_size": 10485760}, "format": "243 - 640x360 (360p)", "protocol": "https", "http_headers": {"User-Agent": "Mozilla/5.0 (Windows NT 10.0; Win64; x64) AppleWebKit/537.36 (KHTML, like Gecko) Chrome/70.0.3538.79 Safari/537.36", "Accept-Charset": "ISO-8859-1,utf-8;q=0.7,*;q=0.7", "Accept": "text/html,application/xhtml+xml,application/xml;q=0.9,*/*;q=0.8", "Accept-Encoding": "gzip, deflate", "Accept-Language": "en-us,en;q=0.5"}}, {"format_id": "136", "url": "https://r2---sn-5njj-u2xe.googlevideo.com/videoplayback?expire=1612167596&ei=TGUXYOaxOoehqQGj5ae4Bw&ip=140.109.135.76&id=o-ADJcENKpXpQUpGCbNL55sYPyTwA45jNdQ_LfxSH33qvn&itag=136&aitags=133%2C134%2C135%2C136%2C137%2C160%2C242%2C243%2C244%2C247%2C248%2C278&source=youtube&requiressl=yes&mh=ZR&mm=31%2C29&mn=sn-5njj-u2xe%2Csn-un57en7s&ms=au%2Crdu&mv=m&mvi=2&pl=16&initcwndbps=378750&vprv=1&mime=video%2Fmp4&ns=uypttQ8fFqQMo0aWZ4Y-rVgF&gir=yes&clen=3087081&dur=207.400&lmt=1608472736707596&mt=1612145563&fvip=2&keepalive=yes&c=WEB&txp=5432432&n=_33nYdoZQ_beMsSth&sparams=expire%2Cei%2Cip%2Cid%2Caitags%2Csource%2Crequiressl%2Cvprv%2Cmime%2Cns%2Cgir%2Cclen%2Cdur%2Clmt&lsparams=mh%2Cmm%2Cmn%2Cms%2Cmv%2Cmvi%2Cpl%2Cinitcwndbps&lsig=AG3C_xAwRAIgbDunxVr4y3PbTLzAnqRy3xjUATQLHBi3Z3M1nXwfXTQCIHhJioO2016GHyM6mTNyhgOOvmvHje1_GtoowUTGQQrm&sig=AOq0QJ8wRQIhAOScn4G-gyfAZHOilp2grgn1QfBNsL0h_eTmEWzCS1c-AiALXrt_V9X3dAE58lHuJUuQdm8XznqyEaxors7VQht6Rg==&ratebypass=yes", "player_url": "/s/player/7bc032d0/player_ias.vflset/en_US/base.js", "ext": "mp4", "height": 720, "format_note": "720p", "vcodec": "avc1.4d401f", "asr": null, "filesize": 3087081, "fps": 30, "tbr": 195.803, "width": 1280, "acodec": "none", "downloader_options": {"http_chunk_size": 10485760}, "format": "136 - 1280x720 (720p)", "protocol": "https", "http_headers": {"User-Agent": "Mozilla/5.0 (Windows NT 10.0; Win64; x64) AppleWebKit/537.36 (KHTML, like Gecko) Chrome/70.0.3538.79 Safari/537.36", "Accept-Charset": "ISO-8859-1,utf-8;q=0.7,*;q=0.7", "Accept": "text/html,application/xhtml+xml,application/xml;q=0.9,*/*;q=0.8", "Accept-Encoding": "gzip, deflate", "Accept-Language": "en-us,en;q=0.5"}}, {"format_id": "244", "url": "https://r2---sn-5njj-u2xe.googlevideo.com/videoplayback?expire=1612167596&ei=TGUXYOaxOoehqQGj5ae4Bw&ip=140.109.135.76&id=o-ADJcENKpXpQUpGCbNL55sYPyTwA45jNdQ_LfxSH33qvn&itag=244&aitags=133%2C134%2C135%2C136%2C137%2C160%2C242%2C243%2C244%2C247%2C248%2C278&source=youtube&requiressl=yes&mh=ZR&mm=31%2C29&mn=sn-5njj-u2xe%2Csn-un57en7s&ms=au%2Crdu&mv=m&mvi=2&pl=16&initcwndbps=378750&vprv=1&mime=video%2Fwebm&ns=uypttQ8fFqQMo0aWZ4Y-rVgF&gir=yes&clen=5081093&dur=207.400&lmt=1540711445136793&mt=1612145563&fvip=2&keepalive=yes&c=WEB&txp=5432432&n=_33nYdoZQ_beMsSth&sparams=expire%2Cei%2Cip%2Cid%2Caitags%2Csource%2Crequiressl%2Cvprv%2Cmime%2Cns%2Cgir%2Cclen%2Cdur%2Clmt&lsparams=mh%2Cmm%2Cmn%2Cms%2Cmv%2Cmvi%2Cpl%2Cinitcwndbps&lsig=AG3C_xAwRQIhAL8o8qocZ6UV408n4I0uFBlWj_W37lF513mMALVdYmcFAiAKCIBzITzMDqcO1xqhmS76JR_pzrh-g8bH6HJx-hYNBg%3D%3D&sig=AOq0QJ8wRQIgMjKSmI2mIorFKm1nQ_mucLepPqulnp-Jj1pQafl6Y7MCIQDQ7zIWjZfGo3jceq1Rs5xqB1h-Z3f0QMDTRDCI5Bimzw==&ratebypass=yes", "player_url": "/s/player/7bc032d0/player_ias.vflset/en_US/base.js", "ext": "webm", "height": 480, "format_note": "480p", "vcodec": "vp9", "asr": null, "filesize": 5081093, "fps": 30, "tbr": 210.926, "width": 854, "acodec": "none", "downloader_options": {"http_chunk_size": 10485760}, "format": "244 - 854x480 (480p)", "protocol": "https", "http_headers": {"User-Agent": "Mozilla/5.0 (Windows NT 10.0; Win64; x64) AppleWebKit/537.36 (KHTML, like Gecko) Chrome/70.0.3538.79 Safari/537.36", "Accept-Charset": "ISO-8859-1,utf-8;q=0.7,*;q=0.7", "Accept": "text/html,application/xhtml+xml,application/xml;q=0.9,*/*;q=0.8", "Accept-Encoding": "gzip, deflate", "Accept-Language": "en-us,en;q=0.5"}}, {"format_id": "247", "url": "https://r2---sn-5njj-u2xe.googlevideo.com/videoplayback?expire=1612167596&ei=TGUXYOaxOoehqQGj5ae4Bw&ip=140.109.135.76&id=o-ADJcENKpXpQUpGCbNL55sYPyTwA45jNdQ_LfxSH33qvn&itag=247&aitags=133%2C134%2C135%2C136%2C137%2C160%2C242%2C243%2C244%2C247%2C248%2C278&source=youtube&requiressl=yes&mh=ZR&mm=31%2C29&mn=sn-5njj-u2xe%2Csn-un57en7s&ms=au%2Crdu&mv=m&mvi=2&pl=16&initcwndbps=378750&vprv=1&mime=video%2Fwebm&ns=uypttQ8fFqQMo0aWZ4Y-rVgF&gir=yes&clen=12356740&dur=207.400&lmt=1540711445288279&mt=1612145563&fvip=2&keepalive=yes&c=WEB&txp=5432432&n=_33nYdoZQ_beMsSth&sparams=expire%2Cei%2Cip%2Cid%2Caitags%2Csource%2Crequiressl%2Cvprv%2Cmime%2Cns%2Cgir%2Cclen%2Cdur%2Clmt&lsparams=mh%2Cmm%2Cmn%2Cms%2Cmv%2Cmvi%2Cpl%2Cinitcwndbps&lsig=AG3C_xAwRQIgetcGsnKOvfXKIu8xgt6CiL4vtVdjw_1aaOwjzRdAvjwCIQDZm1pIQUzuZg5HV2d758MA_Svx90HDT9ENtPRQYkS7OQ%3D%3D&sig=AOq0QJ8wRgIhALtSTmpRbD9G9Td450FCspx8yzAKuB8rPcBd8nFN-QHKAiEAwF0nedal9mLFOkvWk4kpjzlZjBGkNjcG4j-7bq4-P7g=&ratebypass=yes", "player_url": "/s/player/7bc032d0/player_ias.vflset/en_US/base.js", "ext": "webm", "height": 720, "format_note": "720p", "vcodec": "vp9", "asr": null, "filesize": 12356740, "fps": 30, "tbr": 522.305, "width": 1280, "acodec": "none", "downloader_options": {"http_chunk_size": 10485760}, "format": "247 - 1280x720 (720p)", "protocol": "https", "http_headers": {"User-Agent": "Mozilla/5.0 (Windows NT 10.0; Win64; x64) AppleWebKit/537.36 (KHTML, like Gecko) Chrome/70.0.3538.79 Safari/537.36", "Accept-Charset": "ISO-8859-1,utf-8;q=0.7,*;q=0.7", "Accept": "text/html,application/xhtml+xml,application/xml;q=0.9,*/*;q=0.8", "Accept-Encoding": "gzip, deflate", "Accept-Language": "en-us,en;q=0.5"}}, {"format_id": "137", "url": "https://r2---sn-5njj-u2xe.googlevideo.com/videoplayback?expire=1612167596&ei=TGUXYOaxOoehqQGj5ae4Bw&ip=140.109.135.76&id=o-ADJcENKpXpQUpGCbNL55sYPyTwA45jNdQ_LfxSH33qvn&itag=137&aitags=133%2C134%2C135%2C136%2C137%2C160%2C242%2C243%2C244%2C247%2C248%2C278&source=youtube&requiressl=yes&mh=ZR&mm=31%2C29&mn=sn-5njj-u2xe%2Csn-un57en7s&ms=au%2Crdu&mv=m&mvi=2&pl=16&initcwndbps=378750&vprv=1&mime=video%2Fmp4&ns=uypttQ8fFqQMo0aWZ4Y-rVgF&gir=yes&clen=9414817&dur=207.400&lmt=1608472685554302&mt=1612145563&fvip=2&keepalive=yes&c=WEB&txp=5432432&n=_33nYdoZQ_beMsSth&sparams=expire%2Cei%2Cip%2Cid%2Caitags%2Csource%2Crequiressl%2Cvprv%2Cmime%2Cns%2Cgir%2Cclen%2Cdur%2Clmt&lsparams=mh%2Cmm%2Cmn%2Cms%2Cmv%2Cmvi%2Cpl%2Cinitcwndbps&lsig=AG3C_xAwRQIhANMGC8ZvXEMSqZX9cAXHQ4zrrE2oTfJuQ-qfUM-FdAlBAiBfYOCdxyp-HdtWNUC2gODuyhBso42l80_Pxb6KU17T-w%3D%3D&sig=AOq0QJ8wRAIgHDDJMncNqh-qldib_FD-ulrjCcuzmWQCE-76X2RFMeQCIG9EVtRTLOUOhfMCWpAeeyfxEijTy6W8DwsF9BLId5Xr&ratebypass=yes", "player_url": "/s/player/7bc032d0/player_ias.vflset/en_US/base.js", "ext": "mp4", "height": 1080, "format_note": "1080p", "vcodec": "avc1.640028", "asr": null, "filesize": 9414817, "fps": 30, "tbr": 577.183, "width": 1920, "acodec": "none", "downloader_options": {"http_chunk_size": 10485760}, "format": "137 - 1920x1080 (1080p)", "protocol": "https", "http_headers": {"User-Agent": "Mozilla/5.0 (Windows NT 10.0; Win64; x64) AppleWebKit/537.36 (KHTML, like Gecko) Chrome/70.0.3538.79 Safari/537.36", "Accept-Charset": "ISO-8859-1,utf-8;q=0.7,*;q=0.7", "Accept": "text/html,application/xhtml+xml,application/xml;q=0.9,*/*;q=0.8", "Accept-Encoding": "gzip, deflate", "Accept-Language": "en-us,en;q=0.5"}}, {"format_id": "248", "url": "https://r2---sn-5njj-u2xe.googlevideo.com/videoplayback?expire=1612167596&ei=TGUXYOaxOoehqQGj5ae4Bw&ip=140.109.135.76&id=o-ADJcENKpXpQUpGCbNL55sYPyTwA45jNdQ_LfxSH33qvn&itag=248&aitags=133%2C134%2C135%2C136%2C137%2C160%2C242%2C243%2C244%2C247%2C248%2C278&source=youtube&requiressl=yes&mh=ZR&mm=31%2C29&mn=sn-5njj-u2xe%2Csn-un57en7s&ms=au%2Crdu&mv=m&mvi=2&pl=16&initcwndbps=378750&vprv=1&mime=video%2Fwebm&ns=uypttQ8fFqQMo0aWZ4Y-rVgF&gir=yes&clen=20629422&dur=207.400&lmt=1540711143698230&mt=1612145563&fvip=2&keepalive=yes&c=WEB&txp=5432432&n=_33nYdoZQ_beMsSth&sparams=expire%2Cei%2Cip%2Cid%2Caitags%2Csource%2Crequiressl%2Cvprv%2Cmime%2Cns%2Cgir%2Cclen%2Cdur%2Clmt&lsparams=mh%2Cmm%2Cmn%2Cms%2Cmv%2Cmvi%2Cpl%2Cinitcwndbps&lsig=AG3C_xAwRAIgeEsC0MIvJLOh4jqYv1Y9lPCqPGqpEGX6z1GUA0dRUNcCIFbV4r0Jf8RdjZhEb8YI7dzvCrbRPwrHsPm1Y3d6_DKD&sig=AOq0QJ8wRQIgUjXt-wzjrlav3P1EABh4wCcuVJlPaRmbTl5_eZWt-PYCIQCVt9vXgjvCAOpuABZkDCfY6jHYTB9kJD2-CcJvmPhOjg==&ratebypass=yes", "player_url": "/s/player/7bc032d0/player_ias.vflset/en_US/base.js", "ext": "webm", "height": 1080, "format_note": "1080p", "vcodec": "vp9", "asr": null, "filesize": 20629422, "fps": 30, "tbr": 1088.259, "width": 1920, "acodec": "none", "downloader_options": {"http_chunk_size": 10485760}, "format": "248 - 1920x1080 (1080p)", "protocol": "https", "http_headers": {"User-Agent": "Mozilla/5.0 (Windows NT 10.0; Win64; x64) AppleWebKit/537.36 (KHTML, like Gecko) Chrome/70.0.3538.79 Safari/537.36", "Accept-Charset": "ISO-8859-1,utf-8;q=0.7,*;q=0.7", "Accept": "text/html,application/xhtml+xml,application/xml;q=0.9,*/*;q=0.8", "Accept-Encoding": "gzip, deflate", "Accept-Language": "en-us,en;q=0.5"}}, {"format_id": "18", "url": "https://r2---sn-5njj-u2xe.googlevideo.com/videoplayback?expire=1612167596&ei=TGUXYOaxOoehqQGj5ae4Bw&ip=140.109.135.76&id=o-ADJcENKpXpQUpGCbNL55sYPyTwA45jNdQ_LfxSH33qvn&itag=18&source=youtube&requiressl=yes&mh=ZR&mm=31%2C29&mn=sn-5njj-u2xe%2Csn-un57en7s&ms=au%2Crdu&mv=m&mvi=2&pl=16&initcwndbps=378750&vprv=1&mime=video%2Fmp4&ns=DsWw0DO-VvwjechypmJJE6YF&gir=yes&clen=9755884&ratebypass=yes&dur=207.447&lmt=1540711044111052&mt=1612145563&fvip=2&c=WEB&txp=5431432&n=_FKndsVsXA5sSGvTE&sparams=expire%2Cei%2Cip%2Cid%2Citag%2Csource%2Crequiressl%2Cvprv%2Cmime%2Cns%2Cgir%2Cclen%2Cratebypass%2Cdur%2Clmt&lsparams=mh%2Cmm%2Cmn%2Cms%2Cmv%2Cmvi%2Cpl%2Cinitcwndbps&lsig=AG3C_xAwRAIgHELKlgqLWJZGRoz1AB31UyPUNvHQuASCbtBAmS3QKDgCIFX6VVpXJMelXmYs3RppW5QiJvC8HMi8sxZT2bkvUNKn&sig=AOq0QJ8wRAIgd5UNftYQez-W6gPyN-0MhFod45X2a9WGSg2pHX0rkFACIH2KyD69S-v1ZLsLFbiu6oY2yZRuZ6igkVLN5DCm8Rbi", "player_url": "/s/player/7bc032d0/player_ias.vflset/en_US/base.js", "ext": "mp4", "width": 640, "height": 360, "acodec": "mp4a.40.2", "abr": 96, "vcodec": "avc1.42001E", "asr": 44100, "filesize": 9755884, "format_note": "360p", "fps": 30, "tbr": 376.311, "format": "18 - 640x360 (360p)", "protocol": "https", "http_headers": {"User-Agent": "Mozilla/5.0 (Windows NT 10.0; Win64; x64) AppleWebKit/537.36 (KHTML, like Gecko) Chrome/70.0.3538.79 Safari/537.36", "Accept-Charset": "ISO-8859-1,utf-8;q=0.7,*;q=0.7", "Accept": "text/html,application/xhtml+xml,application/xml;q=0.9,*/*;q=0.8", "Accept-Encoding": "gzip, deflate", "Accept-Language": "en-us,en;q=0.5"}}], "is_live": null, "start_time": null, "end_time": null, "series": null, "season_number": null, "episode_number": null, "track": null, "artist": null, "album": null, "release_date": null, "release_year": null, "extractor": "youtube", "webpage_url_basename": "watch", "extractor_key": "Youtube", "playlist": null, "playlist_index": null, "thumbnail": "https://i.ytimg.com/vi_webp/1EDThWjNxOI/maxresdefault.webp", "display_id": "1EDThWjNxOI", "requested_subtitles": null, "format_id": "251", "url": "https://r2---sn-5njj-u2xe.googlevideo.com/videoplayback?expire=1612167596&ei=TGUXYOaxOoehqQGj5ae4Bw&ip=140.109.135.76&id=o-ADJcENKpXpQUpGCbNL55sYPyTwA45jNdQ_LfxSH33qvn&itag=251&source=youtube&requiressl=yes&mh=ZR&mm=31%2C29&mn=sn-5njj-u2xe%2Csn-un57en7s&ms=au%2Crdu&mv=m&mvi=2&pl=16&initcwndbps=378750&vprv=1&mime=audio%2Fwebm&ns=uypttQ8fFqQMo0aWZ4Y-rVgF&gir=yes&clen=3960980&dur=207.421&lmt=1540712165732512&mt=1612145563&fvip=2&keepalive=yes&c=WEB&txp=5411222&n=_33nYdoZQ_beMsSth&sparams=expire%2Cei%2Cip%2Cid%2Citag%2Csource%2Crequiressl%2Cvprv%2Cmime%2Cns%2Cgir%2Cclen%2Cdur%2Clmt&lsparams=mh%2Cmm%2Cmn%2Cms%2Cmv%2Cmvi%2Cpl%2Cinitcwndbps&lsig=AG3C_xAwRQIhANY5L38VuBeoSlBLYI8a9fxbxYXaUF1etr0TAyDxPyZ9AiBmlhtyn0jXpgVHSowz7Vh-bTwQm8lotWXlA_ImKYFUjw%3D%3D&sig=AOq0QJ8wRgIhAMbldYitnDBrTG30ZU9QSGmsBjJWzkaiSjH_bfuBdGF7AiEAjrsXpd0QcPgBYVHcZNxGN2DRxFXNJ9NUCNzsZDEiY4o=&ratebypass=yes", "player_url": "/s/player/7bc032d0/player_ias.vflset/en_US/base.js", "ext": "webm", "format_note": "tiny", "acodec": "opus", "abr": 160, "asr": 48000, "filesize": 3960980, "fps": null, "height": null, "tbr": 161.638, "width": null, "vcodec": "none", "downloader_options": {"http_chunk_size": 10485760}, "format": "251 - audio only (tiny)", "protocol": "https", "http_headers": {"User-Agent": "Mozilla/5.0 (Windows NT 10.0; Win64; x64) AppleWebKit/537.36 (KHTML, like Gecko) Chrome/70.0.3538.79 Safari/537.36", "Accept-Charset": "ISO-8859-1,utf-8;q=0.7,*;q=0.7", "Accept": "text/html,application/xhtml+xml,application/xml;q=0.9,*/*;q=0.8", "Accept-Encoding": "gzip, deflate", "Accept-Language": "en-us,en;q=0.5"}}