{"id": "2Trm7jui9sg", "uploader": "Japanese Hits", "uploader_id": "UC1JAGEXsYEXOtYDh2MB4mpQ", "uploader_url": "http://www.youtube.com/channel/UC1JAGEXsYEXOtYDh2MB4mpQ", "channel_id": "UC1JAGEXsYEXOtYDh2MB4mpQ", "channel_url": "http://www.youtube.com/channel/UC1JAGEXsYEXOtYDh2MB4mpQ", "upload_date": "20200807", "license": null, "creator": null, "title": "Studio Ghibli Chill Music Collection \ud83c\udf37 - Best Ghibli Music All Times", "alt_title": null, "thumbnails": [{"url": "https://i.ytimg.com/vi/2Trm7jui9sg/hqdefault.jpg?sqp=-oaymwEYCKgBEF5IVfKriqkDCwgBFQAAiEIYAXAB&rs=AOn4CLD78tLzvjnHIivNlcN4Pc9e0GeAZA", "width": 168, "height": 94, "resolution": "168x94", "id": "0"}, {"url": "https://i.ytimg.com/vi/2Trm7jui9sg/hqdefault.jpg?sqp=-oaymwEYCMQBEG5IVfKriqkDCwgBFQAAiEIYAXAB&rs=AOn4CLAcHCcdE3w1Fw6GbgoSGrP0nCNbWw", "width": 196, "height": 110, "resolution": "196x110", "id": "1"}, {"url": "https://i.ytimg.com/vi/2Trm7jui9sg/hqdefault.jpg?sqp=-oaymwEZCPYBEIoBSFXyq4qpAwsIARUAAIhCGAFwAQ==&rs=AOn4CLBSWYEi9j6-I5BD9Mbb31pOE6Fttg", "width": 246, "height": 138, "resolution": "246x138", "id": "2"}, {"url": "https://i.ytimg.com/vi/2Trm7jui9sg/hqdefault.jpg?sqp=-oaymwEZCNACELwBSFXyq4qpAwsIARUAAIhCGAFwAQ==&rs=AOn4CLBWounyfFnx_Z0s8ZUZVTATJp81Dw", "width": 336, "height": 188, "resolution": "336x188", "id": "3"}, {"url": "https://i.ytimg.com/vi_webp/2Trm7jui9sg/maxresdefault.webp", "width": 1920, "height": 1080, "resolution": "1920x1080", "id": "4"}], "description": "Studio Ghibli Chill Music Collection \ud83c\udf37 - Best Ghibli Music All Times\n Studio Ghibli Chill Music Collection \ud83c\udf37 - Best Ghibli Music All Times\n Studio Ghibli Chill Music Collection \ud83c\udf37 - Best Ghibli Music All Times\nhttps://youtu.be/2Trm7jui9sg\nThanks For Watching !!!", "categories": ["People & Blogs"], "tags": ["ghibli music", "chill music"], "subtitles": {}, "automatic_captions": {}, "duration": 5846, "age_limit": 0, "annotations": null, "chapters": null, "webpage_url": "https://www.youtube.com/watch?v=2Trm7jui9sg", "view_count": 1211065, "like_count": 33242, "dislike_count": 224, "average_rating": 4.9732265, "formats": [{"format_id": "249", "url": "https://r7---sn-5njj-u2xl.googlevideo.com/videoplayback?expire=1608032536&ei=uEzYX5LaGpPrgQPG3rtA&ip=140.109.135.76&id=o-ALVnsOQ91Y0PaxOzj2ZglYW_IaplDi7koRCBQt7LKA7L&itag=249&source=youtube&requiressl=yes&mh=64&mm=31%2C29&mn=sn-5njj-u2xl%2Csn-un57sn7z&ms=au%2Crdu&mv=m&mvi=7&pcm2cms=yes&pl=16&initcwndbps=608750&vprv=1&mime=audio%2Fwebm&ns=tAtjHPYaiQHMwxuH_EFUCt4F&gir=yes&clen=43798608&dur=5846.301&lmt=1606008381922588&mt=1608010598&fvip=5&keepalive=yes&c=WEB&txp=5431432&n=1RGF0G_CtoyEONylh&sparams=expire%2Cei%2Cip%2Cid%2Citag%2Csource%2Crequiressl%2Cvprv%2Cmime%2Cns%2Cgir%2Cclen%2Cdur%2Clmt&lsparams=mh%2Cmm%2Cmn%2Cms%2Cmv%2Cmvi%2Cpcm2cms%2Cpl%2Cinitcwndbps&lsig=AG3C_xAwRAIgfZIJdC1C4m3jk0QX9jfvOnnmWfbPygma80_fn0H5T9UCIByVV3J89xS0xiWFkujx834BGKCEOp0E44N3t7LfE4Mh&sig=AOq0QJ8wRQIhAL9ZdlO64UP-MgAC00TWBuK-10IRm-qTZIXX7QELi9uMAiBhOM-iulR1FSVQhCDaY_l7a5MtBskTjAUjp3u7fcvpnQ==&ratebypass=yes", "player_url": "/s/player/62f90c99/player_ias.vflset/en_US/base.js", "ext": "webm", "format_note": "tiny", "acodec": "opus", "abr": 50, "asr": 48000, "filesize": 43798608, "fps": null, "height": null, "tbr": 73.058, "width": null, "vcodec": "none", "downloader_options": {"http_chunk_size": 10485760}, "format": "249 - audio only (tiny)", "protocol": "https", "http_headers": {"User-Agent": "Mozilla/5.0 (Windows NT 10.0; Win64; x64) AppleWebKit/537.36 (KHTML, like Gecko) Chrome/72.0.3599.3 Safari/537.36", "Accept-Charset": "ISO-8859-1,utf-8;q=0.7,*;q=0.7", "Accept": "text/html,application/xhtml+xml,application/xml;q=0.9,*/*;q=0.8", "Accept-Encoding": "gzip, deflate", "Accept-Language": "en-us,en;q=0.5"}}, {"format_id": "250", "url": "https://r7---sn-5njj-u2xl.googlevideo.com/videoplayback?expire=1608032536&ei=uEzYX5LaGpPrgQPG3rtA&ip=140.109.135.76&id=o-ALVnsOQ91Y0PaxOzj2ZglYW_IaplDi7koRCBQt7LKA7L&itag=250&source=youtube&requiressl=yes&mh=64&mm=31%2C29&mn=sn-5njj-u2xl%2Csn-un57sn7z&ms=au%2Crdu&mv=m&mvi=7&pcm2cms=yes&pl=16&initcwndbps=608750&vprv=1&mime=audio%2Fwebm&ns=tAtjHPYaiQHMwxuH_EFUCt4F&gir=yes&clen=57271135&dur=5846.301&lmt=1606008524955927&mt=1608010598&fvip=5&keepalive=yes&c=WEB&txp=5431432&n=1RGF0G_CtoyEONylh&sparams=expire%2Cei%2Cip%2Cid%2Citag%2Csource%2Crequiressl%2Cvprv%2Cmime%2Cns%2Cgir%2Cclen%2Cdur%2Clmt&lsparams=mh%2Cmm%2Cmn%2Cms%2Cmv%2Cmvi%2Cpcm2cms%2Cpl%2Cinitcwndbps&lsig=AG3C_xAwRQIgIAzS1Z5p8gG76inbcdq8rRB3VpFAAzLYyvjG3veD1CUCIQDuSAUs_rE7c3UnAW1HJqkHXIDKeTnksmMt3y8-AUL16w%3D%3D&sig=AOq0QJ8wRQIhAJmywZh8T6h0mXyZ9n8c1l2-AJwrKfCq2KlFAx9uPhU5AiA9BEYPPvUTYcCetI7AYj9ek51lXdCtMCL8fQXebG6ZeQ==&ratebypass=yes", "player_url": "/s/player/62f90c99/player_ias.vflset/en_US/base.js", "ext": "webm", "format_note": "tiny", "acodec": "opus", "abr": 70, "asr": 48000, "filesize": 57271135, "fps": null, "height": null, "tbr": 95.225, "width": null, "vcodec": "none", "downloader_options": {"http_chunk_size": 10485760}, "format": "250 - audio only (tiny)", "protocol": "https", "http_headers": {"User-Agent": "Mozilla/5.0 (Windows NT 10.0; Win64; x64) AppleWebKit/537.36 (KHTML, like Gecko) Chrome/72.0.3599.3 Safari/537.36", "Accept-Charset": "ISO-8859-1,utf-8;q=0.7,*;q=0.7", "Accept": "text/html,application/xhtml+xml,application/xml;q=0.9,*/*;q=0.8", "Accept-Encoding": "gzip, deflate", "Accept-Language": "en-us,en;q=0.5"}}, {"format_id": "140", "url": "https://r7---sn-5njj-u2xl.googlevideo.com/videoplayback?expire=1608032536&ei=uEzYX5LaGpPrgQPG3rtA&ip=140.109.135.76&id=o-ALVnsOQ91Y0PaxOzj2ZglYW_IaplDi7koRCBQt7LKA7L&itag=140&source=youtube&requiressl=yes&mh=64&mm=31%2C29&mn=sn-5njj-u2xl%2Csn-un57sn7z&ms=au%2Crdu&mv=m&mvi=7&pcm2cms=yes&pl=16&initcwndbps=608750&vprv=1&mime=audio%2Fmp4&ns=tAtjHPYaiQHMwxuH_EFUCt4F&gir=yes&clen=94617258&dur=5846.343&lmt=1606008397829466&mt=1608010598&fvip=5&keepalive=yes&c=WEB&txp=5431432&n=1RGF0G_CtoyEONylh&sparams=expire%2Cei%2Cip%2Cid%2Citag%2Csource%2Crequiressl%2Cvprv%2Cmime%2Cns%2Cgir%2Cclen%2Cdur%2Clmt&lsparams=mh%2Cmm%2Cmn%2Cms%2Cmv%2Cmvi%2Cpcm2cms%2Cpl%2Cinitcwndbps&lsig=AG3C_xAwRQIhALmcflVVwUP7z6Y-WHBKkNFOKQBiWBIFEQDwOnj0hAT_AiA9e2PXhqGEcErbx4h0oKOvCPmmep-3QC9ocb4Kp9BmAQ%3D%3D&sig=AOq0QJ8wRQIgR3QRwbDvqbaQZXlnnB08PBkQ7lbzbfErjRDwbzGoLD4CIQDUL2a_kx9t7ZhvGW-mAvlH3wWuKV90kaLxyNs9VKSmBg==&ratebypass=yes", "player_url": "/s/player/62f90c99/player_ias.vflset/en_US/base.js", "ext": "m4a", "format_note": "tiny", "acodec": "mp4a.40.2", "abr": 128, "container": "m4a_dash", "asr": 44100, "filesize": 94617258, "fps": null, "height": null, "tbr": 135.782, "width": null, "vcodec": "none", "downloader_options": {"http_chunk_size": 10485760}, "format": "140 - audio only (tiny)", "protocol": "https", "http_headers": {"User-Agent": "Mozilla/5.0 (Windows NT 10.0; Win64; x64) AppleWebKit/537.36 (KHTML, like Gecko) Chrome/72.0.3599.3 Safari/537.36", "Accept-Charset": "ISO-8859-1,utf-8;q=0.7,*;q=0.7", "Accept": "text/html,application/xhtml+xml,application/xml;q=0.9,*/*;q=0.8", "Accept-Encoding": "gzip, deflate", "Accept-Language": "en-us,en;q=0.5"}}, {"format_id": "251", "url": "https://r7---sn-5njj-u2xl.googlevideo.com/videoplayback?expire=1608032536&ei=uEzYX5LaGpPrgQPG3rtA&ip=140.109.135.76&id=o-ALVnsOQ91Y0PaxOzj2ZglYW_IaplDi7koRCBQt7LKA7L&itag=251&source=youtube&requiressl=yes&mh=64&mm=31%2C29&mn=sn-5njj-u2xl%2Csn-un57sn7z&ms=au%2Crdu&mv=m&mvi=7&pcm2cms=yes&pl=16&initcwndbps=608750&vprv=1&mime=audio%2Fwebm&ns=tAtjHPYaiQHMwxuH_EFUCt4F&gir=yes&clen=110725852&dur=5846.301&lmt=1606008573106723&mt=1608010598&fvip=5&keepalive=yes&c=WEB&txp=5431432&n=1RGF0G_CtoyEONylh&sparams=expire%2Cei%2Cip%2Cid%2Citag%2Csource%2Crequiressl%2Cvprv%2Cmime%2Cns%2Cgir%2Cclen%2Cdur%2Clmt&lsparams=mh%2Cmm%2Cmn%2Cms%2Cmv%2Cmvi%2Cpcm2cms%2Cpl%2Cinitcwndbps&lsig=AG3C_xAwRAIgQnX2yXw0nIjIi1rMFtw-n0GNNYrIQW-4Rez4-0EgnVECIHY8eLA3_vUu5FZAIbFBSAVEaSbI4jQM17erhUmqz7JO&sig=AOq0QJ8wRAIgdSEN_iso5ymhBsFf3ni4eXaVHxUTaCld7Ct1zAEkDdACIAF658Am8w5qrt5d--PGQGq3zm0z5XHYNUVcAx9qznS-&ratebypass=yes", "player_url": "/s/player/62f90c99/player_ias.vflset/en_US/base.js", "ext": "webm", "format_note": "tiny", "acodec": "opus", "abr": 160, "asr": 48000, "filesize": 110725852, "fps": null, "height": null, "tbr": 169.178, "width": null, "vcodec": "none", "downloader_options": {"http_chunk_size": 10485760}, "format": "251 - audio only (tiny)", "protocol": "https", "http_headers": {"User-Agent": "Mozilla/5.0 (Windows NT 10.0; Win64; x64) AppleWebKit/537.36 (KHTML, like Gecko) Chrome/72.0.3599.3 Safari/537.36", "Accept-Charset": "ISO-8859-1,utf-8;q=0.7,*;q=0.7", "Accept": "text/html,application/xhtml+xml,application/xml;q=0.9,*/*;q=0.8", "Accept-Encoding": "gzip, deflate", "Accept-Language": "en-us,en;q=0.5"}}, {"format_id": "160", "url": "https://r7---sn-5njj-u2xl.googlevideo.com/videoplayback?expire=1608032536&ei=uEzYX5LaGpPrgQPG3rtA&ip=140.109.135.76&id=o-ALVnsOQ91Y0PaxOzj2ZglYW_IaplDi7koRCBQt7LKA7L&itag=160&aitags=133%2C134%2C135%2C136%2C160%2C242%2C243%2C244%2C247%2C278&source=youtube&requiressl=yes&mh=64&mm=31%2C29&mn=sn-5njj-u2xl%2Csn-un57sn7z&ms=au%2Crdu&mv=m&mvi=7&pcm2cms=yes&pl=16&initcwndbps=608750&vprv=1&mime=video%2Fmp4&ns=tAtjHPYaiQHMwxuH_EFUCt4F&gir=yes&clen=19974652&dur=5846.266&lmt=1606009648062108&mt=1608010598&fvip=5&keepalive=yes&c=WEB&txp=5432432&n=1RGF0G_CtoyEONylh&sparams=expire%2Cei%2Cip%2Cid%2Caitags%2Csource%2Crequiressl%2Cvprv%2Cmime%2Cns%2Cgir%2Cclen%2Cdur%2Clmt&lsparams=mh%2Cmm%2Cmn%2Cms%2Cmv%2Cmvi%2Cpcm2cms%2Cpl%2Cinitcwndbps&lsig=AG3C_xAwRQIhAJB8lOfD7NJlJ_U0Cqc7cDh5_ZDDCJUKUIGlHYa6YuHJAiBZqPXBBEE6bC-iQTxKgS_QJC1noI_LICs35Itzug9n1A%3D%3D&sig=AOq0QJ8wRQIgUL4mV65CL31_NVhOjlV_SUxkr8voP34aD-JeKEOzqwECIQDH3K64fRxvWmAbLZM4AKnAs4pZU3p21RehLhsqhYWIlA==&ratebypass=yes", "player_url": "/s/player/62f90c99/player_ias.vflset/en_US/base.js", "ext": "mp4", "height": 144, "format_note": "144p", "vcodec": "avc1.4d400c", "asr": null, "filesize": 19974652, "fps": 30, "tbr": 69.196, "width": 256, "acodec": "none", "downloader_options": {"http_chunk_size": 10485760}, "format": "160 - 256x144 (144p)", "protocol": "https", "http_headers": {"User-Agent": "Mozilla/5.0 (Windows NT 10.0; Win64; x64) AppleWebKit/537.36 (KHTML, like Gecko) Chrome/72.0.3599.3 Safari/537.36", "Accept-Charset": "ISO-8859-1,utf-8;q=0.7,*;q=0.7", "Accept": "text/html,application/xhtml+xml,application/xml;q=0.9,*/*;q=0.8", "Accept-Encoding": "gzip, deflate", "Accept-Language": "en-us,en;q=0.5"}}, {"format_id": "278", "url": "https://r7---sn-5njj-u2xl.googlevideo.com/videoplayback?expire=1608032536&ei=uEzYX5LaGpPrgQPG3rtA&ip=140.109.135.76&id=o-ALVnsOQ91Y0PaxOzj2ZglYW_IaplDi7koRCBQt7LKA7L&itag=278&aitags=133%2C134%2C135%2C136%2C160%2C242%2C243%2C244%2C247%2C278&source=youtube&requiressl=yes&mh=64&mm=31%2C29&mn=sn-5njj-u2xl%2Csn-un57sn7z&ms=au%2Crdu&mv=m&mvi=7&pcm2cms=yes&pl=16&initcwndbps=608750&vprv=1&mime=video%2Fwebm&ns=tAtjHPYaiQHMwxuH_EFUCt4F&gir=yes&clen=43356118&dur=5846.266&lmt=1606012053048192&mt=1608010598&fvip=5&keepalive=yes&c=WEB&txp=5432432&n=1RGF0G_CtoyEONylh&sparams=expire%2Cei%2Cip%2Cid%2Caitags%2Csource%2Crequiressl%2Cvprv%2Cmime%2Cns%2Cgir%2Cclen%2Cdur%2Clmt&lsparams=mh%2Cmm%2Cmn%2Cms%2Cmv%2Cmvi%2Cpcm2cms%2Cpl%2Cinitcwndbps&lsig=AG3C_xAwRQIhAOQqjLnNSXOTkanNN97gvulhqJlnCyQSkFakDbmjkLUUAiAF-Xur9pNKlB5CoX8vuZCMwxf33vTzVSieeMR4TXLcFw%3D%3D&sig=AOq0QJ8wRQIhAIpL_GF8yenZ756ivJQj-eOPkHSlD5XxO5UkmkCo0QHXAiBdGUXwE5V-0Y9gWHVwgZdm09FfFOd3GSaE8J1qcT_rJw==&ratebypass=yes", "player_url": "/s/player/62f90c99/player_ias.vflset/en_US/base.js", "ext": "webm", "height": 144, "format_note": "144p", "container": "webm", "vcodec": "vp9", "asr": null, "filesize": 43356118, "fps": 30, "tbr": 89.8, "width": 256, "acodec": "none", "downloader_options": {"http_chunk_size": 10485760}, "format": "278 - 256x144 (144p)", "protocol": "https", "http_headers": {"User-Agent": "Mozilla/5.0 (Windows NT 10.0; Win64; x64) AppleWebKit/537.36 (KHTML, like Gecko) Chrome/72.0.3599.3 Safari/537.36", "Accept-Charset": "ISO-8859-1,utf-8;q=0.7,*;q=0.7", "Accept": "text/html,application/xhtml+xml,application/xml;q=0.9,*/*;q=0.8", "Accept-Encoding": "gzip, deflate", "Accept-Language": "en-us,en;q=0.5"}}, {"format_id": "133", "url": "https://r7---sn-5njj-u2xl.googlevideo.com/videoplayback?expire=1608032536&ei=uEzYX5LaGpPrgQPG3rtA&ip=140.109.135.76&id=o-ALVnsOQ91Y0PaxOzj2ZglYW_IaplDi7koRCBQt7LKA7L&itag=133&aitags=133%2C134%2C135%2C136%2C160%2C242%2C243%2C244%2C247%2C278&source=youtube&requiressl=yes&mh=64&mm=31%2C29&mn=sn-5njj-u2xl%2Csn-un57sn7z&ms=au%2Crdu&mv=m&mvi=7&pcm2cms=yes&pl=16&initcwndbps=608750&vprv=1&mime=video%2Fmp4&ns=tAtjHPYaiQHMwxuH_EFUCt4F&gir=yes&clen=39662451&dur=5846.266&lmt=1606009648059472&mt=1608010598&fvip=5&keepalive=yes&c=WEB&txp=5432432&n=1RGF0G_CtoyEONylh&sparams=expire%2Cei%2Cip%2Cid%2Caitags%2Csource%2Crequiressl%2Cvprv%2Cmime%2Cns%2Cgir%2Cclen%2Cdur%2Clmt&lsparams=mh%2Cmm%2Cmn%2Cms%2Cmv%2Cmvi%2Cpcm2cms%2Cpl%2Cinitcwndbps&lsig=AG3C_xAwRQIgTjEtcd-arpXjcuRNNcHfl3_xrm3829z3sLjBwdPJLoICIQDleZ7ImSZdt30o6XI1UsXBJ4_mFwRREJyZUxA2GlFWCg%3D%3D&sig=AOq0QJ8wRQIgYv8olRC0Iun5DhzcrgnExeUfznkmbU9EEhywcjDkooICIQCdgI16NoKN4yiniUDRn4KfVjg_I_BPJ8fxCOYMipu-7g==&ratebypass=yes", "player_url": "/s/player/62f90c99/player_ias.vflset/en_US/base.js", "ext": "mp4", "height": 240, "format_note": "240p", "vcodec": "avc1.4d4015", "asr": null, "filesize": 39662451, "fps": 30, "tbr": 129.147, "width": 426, "acodec": "none", "downloader_options": {"http_chunk_size": 10485760}, "format": "133 - 426x240 (240p)", "protocol": "https", "http_headers": {"User-Agent": "Mozilla/5.0 (Windows NT 10.0; Win64; x64) AppleWebKit/537.36 (KHTML, like Gecko) Chrome/72.0.3599.3 Safari/537.36", "Accept-Charset": "ISO-8859-1,utf-8;q=0.7,*;q=0.7", "Accept": "text/html,application/xhtml+xml,application/xml;q=0.9,*/*;q=0.8", "Accept-Encoding": "gzip, deflate", "Accept-Language": "en-us,en;q=0.5"}}, {"format_id": "242", "url": "https://r7---sn-5njj-u2xl.googlevideo.com/videoplayback?expire=1608032536&ei=uEzYX5LaGpPrgQPG3rtA&ip=140.109.135.76&id=o-ALVnsOQ91Y0PaxOzj2ZglYW_IaplDi7koRCBQt7LKA7L&itag=242&aitags=133%2C134%2C135%2C136%2C160%2C242%2C243%2C244%2C247%2C278&source=youtube&requiressl=yes&mh=64&mm=31%2C29&mn=sn-5njj-u2xl%2Csn-un57sn7z&ms=au%2Crdu&mv=m&mvi=7&pcm2cms=yes&pl=16&initcwndbps=608750&vprv=1&mime=video%2Fwebm&ns=tAtjHPYaiQHMwxuH_EFUCt4F&gir=yes&clen=62824137&dur=5846.266&lmt=1606012053043824&mt=1608010598&fvip=5&keepalive=yes&c=WEB&txp=5432432&n=1RGF0G_CtoyEONylh&sparams=expire%2Cei%2Cip%2Cid%2Caitags%2Csource%2Crequiressl%2Cvprv%2Cmime%2Cns%2Cgir%2Cclen%2Cdur%2Clmt&lsparams=mh%2Cmm%2Cmn%2Cms%2Cmv%2Cmvi%2Cpcm2cms%2Cpl%2Cinitcwndbps&lsig=AG3C_xAwRQIhAJTNV0iXtaDyxW8SucedEHNHdCveZu56JgLZlfnLJVOzAiBC1YsTFwDAKUnUIaic9sW5QI2kiltPp00GeAk5dcI1HA%3D%3D&sig=AOq0QJ8wRQIhAP7SP3uL7xi52DKHirDHAK8TNiYoU0n-KJBZ9Kr0cBZAAiAj4HHtLS1hcUyLx2w0oNBTvt5ZYzpD6QAXQPk98BvjSw==&ratebypass=yes", "player_url": "/s/player/62f90c99/player_ias.vflset/en_US/base.js", "ext": "webm", "height": 240, "format_note": "240p", "vcodec": "vp9", "asr": null, "filesize": 62824137, "fps": 30, "tbr": 173.431, "width": 426, "acodec": "none", "downloader_options": {"http_chunk_size": 10485760}, "format": "242 - 426x240 (240p)", "protocol": "https", "http_headers": {"User-Agent": "Mozilla/5.0 (Windows NT 10.0; Win64; x64) AppleWebKit/537.36 (KHTML, like Gecko) Chrome/72.0.3599.3 Safari/537.36", "Accept-Charset": "ISO-8859-1,utf-8;q=0.7,*;q=0.7", "Accept": "text/html,application/xhtml+xml,application/xml;q=0.9,*/*;q=0.8", "Accept-Encoding": "gzip, deflate", "Accept-Language": "en-us,en;q=0.5"}}, {"format_id": "134", "url": "https://r7---sn-5njj-u2xl.googlevideo.com/videoplayback?expire=1608032536&ei=uEzYX5LaGpPrgQPG3rtA&ip=140.109.135.76&id=o-ALVnsOQ91Y0PaxOzj2ZglYW_IaplDi7koRCBQt7LKA7L&itag=134&aitags=133%2C134%2C135%2C136%2C160%2C242%2C243%2C244%2C247%2C278&source=youtube&requiressl=yes&mh=64&mm=31%2C29&mn=sn-5njj-u2xl%2Csn-un57sn7z&ms=au%2Crdu&mv=m&mvi=7&pcm2cms=yes&pl=16&initcwndbps=608750&vprv=1&mime=video%2Fmp4&ns=tAtjHPYaiQHMwxuH_EFUCt4F&gir=yes&clen=71714314&dur=5846.266&lmt=1606009648066038&mt=1608010598&fvip=5&keepalive=yes&c=WEB&txp=5432432&n=1RGF0G_CtoyEONylh&sparams=expire%2Cei%2Cip%2Cid%2Caitags%2Csource%2Crequiressl%2Cvprv%2Cmime%2Cns%2Cgir%2Cclen%2Cdur%2Clmt&lsparams=mh%2Cmm%2Cmn%2Cms%2Cmv%2Cmvi%2Cpcm2cms%2Cpl%2Cinitcwndbps&lsig=AG3C_xAwRQIgb_TUn0wLl9DXfLdZuokvaCIOr2o9gn0YDydWrAqtJuYCIQCs8nMM_xYf7gDPb4jjv-juPUON0NZZZfhkA82vP71RkQ%3D%3D&sig=AOq0QJ8wRQIgNp6oXln5TjT-AvbbFj--kLfMztbFTL-Zjso2iOESBLYCIQCOJeaxMoivTaBvRd6955GNWT3TVu7hU1A1pr01sa7seQ==&ratebypass=yes", "player_url": "/s/player/62f90c99/player_ias.vflset/en_US/base.js", "ext": "mp4", "height": 360, "format_note": "360p", "vcodec": "avc1.4d401e", "asr": null, "filesize": 71714314, "fps": 30, "tbr": 236.908, "width": 640, "acodec": "none", "downloader_options": {"http_chunk_size": 10485760}, "format": "134 - 640x360 (360p)", "protocol": "https", "http_headers": {"User-Agent": "Mozilla/5.0 (Windows NT 10.0; Win64; x64) AppleWebKit/537.36 (KHTML, like Gecko) Chrome/72.0.3599.3 Safari/537.36", "Accept-Charset": "ISO-8859-1,utf-8;q=0.7,*;q=0.7", "Accept": "text/html,application/xhtml+xml,application/xml;q=0.9,*/*;q=0.8", "Accept-Encoding": "gzip, deflate", "Accept-Language": "en-us,en;q=0.5"}}, {"format_id": "243", "url": "https://r7---sn-5njj-u2xl.googlevideo.com/videoplayback?expire=1608032536&ei=uEzYX5LaGpPrgQPG3rtA&ip=140.109.135.76&id=o-ALVnsOQ91Y0PaxOzj2ZglYW_IaplDi7koRCBQt7LKA7L&itag=243&aitags=133%2C134%2C135%2C136%2C160%2C242%2C243%2C244%2C247%2C278&source=youtube&requiressl=yes&mh=64&mm=31%2C29&mn=sn-5njj-u2xl%2Csn-un57sn7z&ms=au%2Crdu&mv=m&mvi=7&pcm2cms=yes&pl=16&initcwndbps=608750&vprv=1&mime=video%2Fwebm&ns=tAtjHPYaiQHMwxuH_EFUCt4F&gir=yes&clen=130652757&dur=5846.266&lmt=1606012053049880&mt=1608010598&fvip=5&keepalive=yes&c=WEB&txp=5432432&n=1RGF0G_CtoyEONylh&sparams=expire%2Cei%2Cip%2Cid%2Caitags%2Csource%2Crequiressl%2Cvprv%2Cmime%2Cns%2Cgir%2Cclen%2Cdur%2Clmt&lsparams=mh%2Cmm%2Cmn%2Cms%2Cmv%2Cmvi%2Cpcm2cms%2Cpl%2Cinitcwndbps&lsig=AG3C_xAwRQIhAKN7TkpWyk9VCEk2N-t9caftdkmOE0ccxl4ruV9buGZmAiBLuTQxJ5cAQDq5Z7RdVwEXXxFUG8ENjwJHretW4_qNLw%3D%3D&sig=AOq0QJ8wRAIgSF5wdS3Nhnpt8VNW_U-J2MOBY7kjeIhpfcUvEvHzXN8CIEJ7bf9LYtosHW00IIwBJOHOIBuLt4U7IU26raoZPQRf&ratebypass=yes", "player_url": "/s/player/62f90c99/player_ias.vflset/en_US/base.js", "ext": "webm", "height": 360, "format_note": "360p", "vcodec": "vp9", "asr": null, "filesize": 130652757, "fps": 30, "tbr": 344.091, "width": 640, "acodec": "none", "downloader_options": {"http_chunk_size": 10485760}, "format": "243 - 640x360 (360p)", "protocol": "https", "http_headers": {"User-Agent": "Mozilla/5.0 (Windows NT 10.0; Win64; x64) AppleWebKit/537.36 (KHTML, like Gecko) Chrome/72.0.3599.3 Safari/537.36", "Accept-Charset": "ISO-8859-1,utf-8;q=0.7,*;q=0.7", "Accept": "text/html,application/xhtml+xml,application/xml;q=0.9,*/*;q=0.8", "Accept-Encoding": "gzip, deflate", "Accept-Language": "en-us,en;q=0.5"}}, {"format_id": "135", "url": "https://r7---sn-5njj-u2xl.googlevideo.com/videoplayback?expire=1608032536&ei=uEzYX5LaGpPrgQPG3rtA&ip=140.109.135.76&id=o-ALVnsOQ91Y0PaxOzj2ZglYW_IaplDi7koRCBQt7LKA7L&itag=135&aitags=133%2C134%2C135%2C136%2C160%2C242%2C243%2C244%2C247%2C278&source=youtube&requiressl=yes&mh=64&mm=31%2C29&mn=sn-5njj-u2xl%2Csn-un57sn7z&ms=au%2Crdu&mv=m&mvi=7&pcm2cms=yes&pl=16&initcwndbps=608750&vprv=1&mime=video%2Fmp4&ns=tAtjHPYaiQHMwxuH_EFUCt4F&gir=yes&clen=119241249&dur=5846.266&lmt=1606009648059701&mt=1608010598&fvip=5&keepalive=yes&c=WEB&txp=5432432&n=1RGF0G_CtoyEONylh&sparams=expire%2Cei%2Cip%2Cid%2Caitags%2Csource%2Crequiressl%2Cvprv%2Cmime%2Cns%2Cgir%2Cclen%2Cdur%2Clmt&lsparams=mh%2Cmm%2Cmn%2Cms%2Cmv%2Cmvi%2Cpcm2cms%2Cpl%2Cinitcwndbps&lsig=AG3C_xAwRgIhANgLSMzSy9ZyLmf9FgBiSdd2pPIxO8KNHO61T5STBpGjAiEAwZKhpphafnDSqhouuY1EGdLYNErUSHbkYJ-vxV14Ibw%3D&sig=AOq0QJ8wRQIhAK0z6Xt4DlPWQ8RROswKOcfuC3ptRf5kCtnmw5Ap6a6sAiBKWQpVJKcRLTrWDLUXfR7MxsEoLc6KzEYQD3hLeLoMvA==&ratebypass=yes", "player_url": "/s/player/62f90c99/player_ias.vflset/en_US/base.js", "ext": "mp4", "height": 480, "format_note": "480p", "vcodec": "avc1.4d401f", "asr": null, "filesize": 119241249, "fps": 30, "tbr": 554.592, "width": 854, "acodec": "none", "downloader_options": {"http_chunk_size": 10485760}, "format": "135 - 854x480 (480p)", "protocol": "https", "http_headers": {"User-Agent": "Mozilla/5.0 (Windows NT 10.0; Win64; x64) AppleWebKit/537.36 (KHTML, like Gecko) Chrome/72.0.3599.3 Safari/537.36", "Accept-Charset": "ISO-8859-1,utf-8;q=0.7,*;q=0.7", "Accept": "text/html,application/xhtml+xml,application/xml;q=0.9,*/*;q=0.8", "Accept-Encoding": "gzip, deflate", "Accept-Language": "en-us,en;q=0.5"}}, {"format_id": "244", "url": "https://r7---sn-5njj-u2xl.googlevideo.com/videoplayback?expire=1608032536&ei=uEzYX5LaGpPrgQPG3rtA&ip=140.109.135.76&id=o-ALVnsOQ91Y0PaxOzj2ZglYW_IaplDi7koRCBQt7LKA7L&itag=244&aitags=133%2C134%2C135%2C136%2C160%2C242%2C243%2C244%2C247%2C278&source=youtube&requiressl=yes&mh=64&mm=31%2C29&mn=sn-5njj-u2xl%2Csn-un57sn7z&ms=au%2Crdu&mv=m&mvi=7&pcm2cms=yes&pl=16&initcwndbps=608750&vprv=1&mime=video%2Fwebm&ns=tAtjHPYaiQHMwxuH_EFUCt4F&gir=yes&clen=218013718&dur=5846.266&lmt=1606012053043535&mt=1608010598&fvip=5&keepalive=yes&c=WEB&txp=5432432&n=1RGF0G_CtoyEONylh&sparams=expire%2Cei%2Cip%2Cid%2Caitags%2Csource%2Crequiressl%2Cvprv%2Cmime%2Cns%2Cgir%2Cclen%2Cdur%2Clmt&lsparams=mh%2Cmm%2Cmn%2Cms%2Cmv%2Cmvi%2Cpcm2cms%2Cpl%2Cinitcwndbps&lsig=AG3C_xAwRgIhAJmG7sJuJugf65U6kNZYr6PEzLT0fYuPQG6doTDyrrCCAiEA-lVZct6i4CUevEqqH457JvHSyY_KFZSVp-xCDoDq9Cg%3D&sig=AOq0QJ8wRQIhANfDNWSlR07sJbKYXd0QglpLjjGbZeNFwv4sDXKe2XpOAiBMpcOwFH2GcLoQZq39F0TQKFBDv4ODS1TT7N3FJ8fL7Q==&ratebypass=yes", "player_url": "/s/player/62f90c99/player_ias.vflset/en_US/base.js", "ext": "webm", "height": 480, "format_note": "480p", "vcodec": "vp9", "asr": null, "filesize": 218013718, "fps": 30, "tbr": 569.443, "width": 854, "acodec": "none", "downloader_options": {"http_chunk_size": 10485760}, "format": "244 - 854x480 (480p)", "protocol": "https", "http_headers": {"User-Agent": "Mozilla/5.0 (Windows NT 10.0; Win64; x64) AppleWebKit/537.36 (KHTML, like Gecko) Chrome/72.0.3599.3 Safari/537.36", "Accept-Charset": "ISO-8859-1,utf-8;q=0.7,*;q=0.7", "Accept": "text/html,application/xhtml+xml,application/xml;q=0.9,*/*;q=0.8", "Accept-Encoding": "gzip, deflate", "Accept-Language": "en-us,en;q=0.5"}}, {"format_id": "136", "url": "https://r7---sn-5njj-u2xl.googlevideo.com/videoplayback?expire=1608032536&ei=uEzYX5LaGpPrgQPG3rtA&ip=140.109.135.76&id=o-ALVnsOQ91Y0PaxOzj2ZglYW_IaplDi7koRCBQt7LKA7L&itag=136&aitags=133%2C134%2C135%2C136%2C160%2C242%2C243%2C244%2C247%2C278&source=youtube&requiressl=yes&mh=64&mm=31%2C29&mn=sn-5njj-u2xl%2Csn-un57sn7z&ms=au%2Crdu&mv=m&mvi=7&pcm2cms=yes&pl=16&initcwndbps=608750&vprv=1&mime=video%2Fmp4&ns=tAtjHPYaiQHMwxuH_EFUCt4F&gir=yes&clen=313314134&dur=5846.266&lmt=1606009648066041&mt=1608010598&fvip=5&keepalive=yes&c=WEB&txp=5432432&n=1RGF0G_CtoyEONylh&sparams=expire%2Cei%2Cip%2Cid%2Caitags%2Csource%2Crequiressl%2Cvprv%2Cmime%2Cns%2Cgir%2Cclen%2Cdur%2Clmt&lsparams=mh%2Cmm%2Cmn%2Cms%2Cmv%2Cmvi%2Cpcm2cms%2Cpl%2Cinitcwndbps&lsig=AG3C_xAwRgIhAO359S3dGGeaVb_IRszYNgb3Lq8XrIudJPPKMyQdGTuvAiEA1_L5oCzBy1EsiL51jskDT077zzou2IrMQGagZFCVPek%3D&sig=AOq0QJ8wRQIhAOurjuPTOW25LtLHt2Izvveb4zBWCjg7CeNrWHCvq8Y2AiBUNIGzpJsZJ8RJRRxi6qp5lDW1fV0KgjR0KkzCIwwk0A==&ratebypass=yes", "player_url": "/s/player/62f90c99/player_ias.vflset/en_US/base.js", "ext": "mp4", "height": 720, "format_note": "720p", "vcodec": "avc1.4d401f", "asr": null, "filesize": 313314134, "fps": 30, "tbr": 1000.712, "width": 1280, "acodec": "none", "downloader_options": {"http_chunk_size": 10485760}, "format": "136 - 1280x720 (720p)", "protocol": "https", "http_headers": {"User-Agent": "Mozilla/5.0 (Windows NT 10.0; Win64; x64) AppleWebKit/537.36 (KHTML, like Gecko) Chrome/72.0.3599.3 Safari/537.36", "Accept-Charset": "ISO-8859-1,utf-8;q=0.7,*;q=0.7", "Accept": "text/html,application/xhtml+xml,application/xml;q=0.9,*/*;q=0.8", "Accept-Encoding": "gzip, deflate", "Accept-Language": "en-us,en;q=0.5"}}, {"format_id": "247", "url": "https://r7---sn-5njj-u2xl.googlevideo.com/videoplayback?expire=1608032536&ei=uEzYX5LaGpPrgQPG3rtA&ip=140.109.135.76&id=o-ALVnsOQ91Y0PaxOzj2ZglYW_IaplDi7koRCBQt7LKA7L&itag=247&aitags=133%2C134%2C135%2C136%2C160%2C242%2C243%2C244%2C247%2C278&source=youtube&requiressl=yes&mh=64&mm=31%2C29&mn=sn-5njj-u2xl%2Csn-un57sn7z&ms=au%2Crdu&mv=m&mvi=7&pcm2cms=yes&pl=16&initcwndbps=608750&vprv=1&mime=video%2Fwebm&ns=tAtjHPYaiQHMwxuH_EFUCt4F&gir=yes&clen=369011875&dur=5846.266&lmt=1606012053049324&mt=1608010598&fvip=5&keepalive=yes&c=WEB&txp=5432432&n=1RGF0G_CtoyEONylh&sparams=expire%2Cei%2Cip%2Cid%2Caitags%2Csource%2Crequiressl%2Cvprv%2Cmime%2Cns%2Cgir%2Cclen%2Cdur%2Clmt&lsparams=mh%2Cmm%2Cmn%2Cms%2Cmv%2Cmvi%2Cpcm2cms%2Cpl%2Cinitcwndbps&lsig=AG3C_xAwRgIhAOXu9niGF1tuh94PUNhRiuJ15pp4jXEkCC3mGVZtG2w7AiEAn3I0CPPUGKWsUuUnRuS2hV85aQKMkE9Ha-ivjOUZlA0%3D&sig=AOq0QJ8wRQIgfB6YnW4rZ4RGN95n8DQFLxp3lES3WL0Pkv1oCYxQAmYCIQDq8rxi9zL1ZYRYFGqE7paXG6IFvPBb4MTKJYFr8QOpkg==&ratebypass=yes", "player_url": "/s/player/62f90c99/player_ias.vflset/en_US/base.js", "ext": "webm", "height": 720, "format_note": "720p", "vcodec": "vp9", "asr": null, "filesize": 369011875, "fps": 30, "tbr": 1035.425, "width": 1280, "acodec": "none", "downloader_options": {"http_chunk_size": 10485760}, "format": "247 - 1280x720 (720p)", "protocol": "https", "http_headers": {"User-Agent": "Mozilla/5.0 (Windows NT 10.0; Win64; x64) AppleWebKit/537.36 (KHTML, like Gecko) Chrome/72.0.3599.3 Safari/537.36", "Accept-Charset": "ISO-8859-1,utf-8;q=0.7,*;q=0.7", "Accept": "text/html,application/xhtml+xml,application/xml;q=0.9,*/*;q=0.8", "Accept-Encoding": "gzip, deflate", "Accept-Language": "en-us,en;q=0.5"}}, {"format_id": "18", "url": "https://r7---sn-5njj-u2xl.googlevideo.com/videoplayback?expire=1608032536&ei=uEzYX5LaGpPrgQPG3rtA&ip=140.109.135.76&id=o-ALVnsOQ91Y0PaxOzj2ZglYW_IaplDi7koRCBQt7LKA7L&itag=18&source=youtube&requiressl=yes&mh=64&mm=31%2C29&mn=sn-5njj-u2xl%2Csn-un57sn7z&ms=au%2Crdu&mv=m&mvi=7&pcm2cms=yes&pl=16&initcwndbps=608750&vprv=1&mime=video%2Fmp4&ns=A8VVAvZ6NF1QrfU_jTiKJ_gF&gir=yes&clen=297325914&ratebypass=yes&dur=5846.343&lmt=1606008437283968&mt=1608010598&fvip=5&c=WEB&txp=5431432&n=GJITE0coQEm_6HyRW&sparams=expire%2Cei%2Cip%2Cid%2Citag%2Csource%2Crequiressl%2Cvprv%2Cmime%2Cns%2Cgir%2Cclen%2Cratebypass%2Cdur%2Clmt&lsparams=mh%2Cmm%2Cmn%2Cms%2Cmv%2Cmvi%2Cpcm2cms%2Cpl%2Cinitcwndbps&lsig=AG3C_xAwRgIhALj-8lB69tszX3EFSozcXz-SujbAxTG-AuI01wYTXBzVAiEAqIlE26GQzw1Dad_ifTnzbKalYSmvC5UBb5WCeWxj37w%3D&sig=AOq0QJ8wRAIgfJDxEMaDpEwfY6VbyU-ySzGmUUgegkdkF_xHLWB9lZcCIA6BSqSWuXBXXJeozd73uy2HwWMlH2ec_jlxDZxpJpzA", "player_url": "/s/player/62f90c99/player_ias.vflset/en_US/base.js", "ext": "mp4", "width": 640, "height": 360, "acodec": "mp4a.40.2", "abr": 96, "vcodec": "avc1.42001E", "asr": 44100, "filesize": 297325914, "format_note": "360p", "fps": 30, "tbr": 406.859, "format": "18 - 640x360 (360p)", "protocol": "https", "http_headers": {"User-Agent": "Mozilla/5.0 (Windows NT 10.0; Win64; x64) AppleWebKit/537.36 (KHTML, like Gecko) Chrome/72.0.3599.3 Safari/537.36", "Accept-Charset": "ISO-8859-1,utf-8;q=0.7,*;q=0.7", "Accept": "text/html,application/xhtml+xml,application/xml;q=0.9,*/*;q=0.8", "Accept-Encoding": "gzip, deflate", "Accept-Language": "en-us,en;q=0.5"}}, {"format_id": "22", "url": "https://r7---sn-5njj-u2xl.googlevideo.com/videoplayback?expire=1608032536&ei=uEzYX5LaGpPrgQPG3rtA&ip=140.109.135.76&id=o-ALVnsOQ91Y0PaxOzj2ZglYW_IaplDi7koRCBQt7LKA7L&itag=22&source=youtube&requiressl=yes&mh=64&mm=31%2C29&mn=sn-5njj-u2xl%2Csn-un57sn7z&ms=au%2Crdu&mv=m&mvi=7&pcm2cms=yes&pl=16&initcwndbps=608750&vprv=1&mime=video%2Fmp4&ns=A8VVAvZ6NF1QrfU_jTiKJ_gF&ratebypass=yes&dur=5846.343&lmt=1606009758038960&mt=1608010598&fvip=5&c=WEB&txp=5432432&n=GJITE0coQEm_6HyRW&sparams=expire%2Cei%2Cip%2Cid%2Citag%2Csource%2Crequiressl%2Cvprv%2Cmime%2Cns%2Cratebypass%2Cdur%2Clmt&lsparams=mh%2Cmm%2Cmn%2Cms%2Cmv%2Cmvi%2Cpcm2cms%2Cpl%2Cinitcwndbps&lsig=AG3C_xAwRQIhAMUjO8V5uPj2trDm-3KqQlZUD_ky5YsjWT1MYfgdXP29AiB6rAJ0SFjzP1lZdA6TDE1azd-MV7IQYAggWbfvtCGS6g%3D%3D&sig=AOq0QJ8wRgIhAIaR0QJn63zrU4x00NSvxTb-WMhcLPTbpfpPSSGMy2AwAiEArHnlQAiBO6DURg76S0p6x6kT2I4jDWvHfywSUyBeTr0=", "player_url": "/s/player/62f90c99/player_ias.vflset/en_US/base.js", "ext": "mp4", "width": 1280, "height": 720, "acodec": "mp4a.40.2", "abr": 192, "vcodec": "avc1.64001F", "asr": 44100, "filesize": null, "format_note": "720p", "fps": 30, "tbr": 557.479, "format": "22 - 1280x720 (720p)", "protocol": "https", "http_headers": {"User-Agent": "Mozilla/5.0 (Windows NT 10.0; Win64; x64) AppleWebKit/537.36 (KHTML, like Gecko) Chrome/72.0.3599.3 Safari/537.36", "Accept-Charset": "ISO-8859-1,utf-8;q=0.7,*;q=0.7", "Accept": "text/html,application/xhtml+xml,application/xml;q=0.9,*/*;q=0.8", "Accept-Encoding": "gzip, deflate", "Accept-Language": "en-us,en;q=0.5"}}], "is_live": null, "start_time": null, "end_time": null, "series": null, "season_number": null, "episode_number": null, "track": null, "artist": null, "album": null, "release_date": null, "release_year": null, "extractor": "youtube", "webpage_url_basename": "watch", "extractor_key": "Youtube", "playlist": null, "playlist_index": null, "thumbnail": "https://i.ytimg.com/vi_webp/2Trm7jui9sg/maxresdefault.webp", "display_id": "2Trm7jui9sg", "requested_subtitles": null, "format_id": "251", "url": "https://r7---sn-5njj-u2xl.googlevideo.com/videoplayback?expire=1608032536&ei=uEzYX5LaGpPrgQPG3rtA&ip=140.109.135.76&id=o-ALVnsOQ91Y0PaxOzj2ZglYW_IaplDi7koRCBQt7LKA7L&itag=251&source=youtube&requiressl=yes&mh=64&mm=31%2C29&mn=sn-5njj-u2xl%2Csn-un57sn7z&ms=au%2Crdu&mv=m&mvi=7&pcm2cms=yes&pl=16&initcwndbps=608750&vprv=1&mime=audio%2Fwebm&ns=tAtjHPYaiQHMwxuH_EFUCt4F&gir=yes&clen=110725852&dur=5846.301&lmt=1606008573106723&mt=1608010598&fvip=5&keepalive=yes&c=WEB&txp=5431432&n=1RGF0G_CtoyEONylh&sparams=expire%2Cei%2Cip%2Cid%2Citag%2Csource%2Crequiressl%2Cvprv%2Cmime%2Cns%2Cgir%2Cclen%2Cdur%2Clmt&lsparams=mh%2Cmm%2Cmn%2Cms%2Cmv%2Cmvi%2Cpcm2cms%2Cpl%2Cinitcwndbps&lsig=AG3C_xAwRAIgQnX2yXw0nIjIi1rMFtw-n0GNNYrIQW-4Rez4-0EgnVECIHY8eLA3_vUu5FZAIbFBSAVEaSbI4jQM17erhUmqz7JO&sig=AOq0QJ8wRAIgdSEN_iso5ymhBsFf3ni4eXaVHxUTaCld7Ct1zAEkDdACIAF658Am8w5qrt5d--PGQGq3zm0z5XHYNUVcAx9qznS-&ratebypass=yes", "player_url": "/s/player/62f90c99/player_ias.vflset/en_US/base.js", "ext": "webm", "format_note": "tiny", "acodec": "opus", "abr": 160, "asr": 48000, "filesize": 110725852, "fps": null, "height": null, "tbr": 169.178, "width": null, "vcodec": "none", "downloader_options": {"http_chunk_size": 10485760}, "format": "251 - audio only (tiny)", "protocol": "https", "http_headers": {"User-Agent": "Mozilla/5.0 (Windows NT 10.0; Win64; x64) AppleWebKit/537.36 (KHTML, like Gecko) Chrome/72.0.3599.3 Safari/537.36", "Accept-Charset": "ISO-8859-1,utf-8;q=0.7,*;q=0.7", "Accept": "text/html,application/xhtml+xml,application/xml;q=0.9,*/*;q=0.8", "Accept-Encoding": "gzip, deflate", "Accept-Language": "en-us,en;q=0.5"}}