{"id": "2Z9SjI131jA", "uploader": "MOMO record", "uploader_id": "UC0a51_RtRCbQtsVUNKksjCA", "uploader_url": "http://www.youtube.com/channel/UC0a51_RtRCbQtsVUNKksjCA", "channel_id": "UC0a51_RtRCbQtsVUNKksjCA", "channel_url": "http://www.youtube.com/channel/UC0a51_RtRCbQtsVUNKksjCA", "upload_date": "20191111", "license": null, "creator": null, "title": "[1\uc2dc\uac04] \uae30\ubd84 \uc88b\uc544\uc9c0\ub294 \uadc0\uc5ec\uc6b4 \uc74c\uc545 / \ub4e4\uc73c\uba74 \uc124\ub808\ub294 \ud53c\uc544\ub178 \uc5f0\uc8fc\uace1 / Cute Piano / Feel Good Piano", "alt_title": null, "thumbnails": [{"url": "https://i.ytimg.com/vi/2Z9SjI131jA/hqdefault.jpg?sqp=-oaymwEbCKgBEF5IVfKriqkDDggBFQAAiEIYAXABwAEG&rs=AOn4CLDc_mpcNKKhxDdzcRoDhTYIP-k1Ng", "width": 168, "height": 94, "resolution": "168x94", "id": "0"}, {"url": "https://i.ytimg.com/vi/2Z9SjI131jA/hqdefault.jpg?sqp=-oaymwEbCMQBEG5IVfKriqkDDggBFQAAiEIYAXABwAEG&rs=AOn4CLDWbTRw4GGNPoBvQ4swJkP2037tAg", "width": 196, "height": 110, "resolution": "196x110", "id": "1"}, {"url": "https://i.ytimg.com/vi/2Z9SjI131jA/hqdefault.jpg?sqp=-oaymwEcCPYBEIoBSFXyq4qpAw4IARUAAIhCGAFwAcABBg==&rs=AOn4CLCeHmZYgpefoFj040PK_YYciMTBIA", "width": 246, "height": 138, "resolution": "246x138", "id": "2"}, {"url": "https://i.ytimg.com/vi/2Z9SjI131jA/hqdefault.jpg?sqp=-oaymwEcCNACELwBSFXyq4qpAw4IARUAAIhCGAFwAcABBg==&rs=AOn4CLAQNw2EqYvZiNH3yS-GRjsCihOZvQ", "width": 336, "height": 188, "resolution": "336x188", "id": "3"}], "description": "\uc54c\ub85d\ub2ec\ub85d \uc5ec\ub7ec\uac00\uc9c0 \uc0c9\uc774 \uc5b4\uc6b0\ub7ec\uc838 \uc788\uc5b4, \uc18c\ud48d\uc774\ub098 \ub098\ub4e4\uc774 \uac00\uae30 \uc88b\uc740 \uc694\uc998\n\uae30\ubd84 \uc88b\uc544\uc9c0\ub294 \ub2e4\ucc44\ub85c\uc6b4 \ud53c\uc544\ub178 \uc5f0\uc8fc\uace1\uacfc \ud568\uaed8 \ud574\ubcf4\uc138\uc694~:)\n\nA Good Piano To Here When Picnic\n\n========================================\nMusic Copyright \u24d2 MOMO Record All Rights Reserved.\n========================================\nThe image used in the image is self-made.\n(\uc601\uc0c1\uc5d0 \uc0ac\uc6a9\ub41c \uc774\ubbf8\uc9c0\ub294 \uc790\uccb4\uc81c\uc791\ub41c \uc774\ubbf8\uc9c0 \uc785\ub2c8\ub2e4)\n\n(#\uae30\ubd84\uc88b\uc544\uc9c0\ub294\uc74c\uc545 #\uc5ec\ud589\uac08\ub54c\ub4e3\uae30\uc88b\uc740\uc74c\uc545 #1\uc2dc\uac04\ub4e3\uae30 #\uc124\ub808\ub294\uc74c\uc545 #\ud2c0\uc5b4\ub193\uae30\uc88b\uc740\uc74c\uc545 #\ub274\uc5d0\uc774\uc9c0 #\ud2c0\uc5b4\ub193\uae30\uc88b\uc740BGM #\uc5f0\uc778\uacfc\ud568\uaed8 #\ub180\ub7ec\uac08\ub54c\ub4e3\uae30\uc88b\uc740\uc74c\uc545 #\uc0c1\ud07c\ud55c\uc74c\uc545 #\uc0c1\ud07c\ud55cBGM #\ub274\uc5d0\uc774\uc9c0\ubaa8\uc74c #\ud53c\uc544\ub178\ubaa8\uc74c #\ub274\uc5d0\uc774\uc9c0\ubca0\uc2a4\ud2b8 #\ud790\ub9c1 #\uba85\uc0c1 #\uacf5\ubd80 #1\uc2dc\uac04\ub4e3\uae30 #1\uc2dc\uac04\uc5f0\uc18d\ub4e3\uae30 #1\uc2dc\uac04\ube0c\uae08#Healing #Meditation #Study #Sleeping #Comfort #NewAge #Piano)", "categories": ["Music"], "tags": ["\ud790\ub9c1\uc74c\uc545", "\ud53c\uc544\ub178\ub274\uc5d0\uc774\uc9c0", "\ub274\uc5d0\uc774\uc9c0\ubaa8\uc74c", "\uadc0\uc5ec\uc6b4\uc74c\uc545", "\ud53c\uc544\ub178\ubaa8\uc74c", "\ud3b8\uc548\ud55c\uc74c\uc545", "1\uc2dc\uac04\uc5f0\uc18d\uc7ac\uc0dd", "1\uc2dc\uac04\uc7ac\uc0dd", "1\uc2dc\uac04\uc74c\uc545", "\uae30\ubd84\uc88b\uc544\uc9c0\ub294 \uc74c\uc545", "\uc5ec\ud589\uac08\ub54c \ub4e3\uae30\uc88b\uc740 \uc74c\uc545", "\uc0c1\ud07c\ud55c \uc74c\uc545", "\uc0c1\ud07c\ud55c \uc5f0\uc8fc\uace1", "1\uc2dc\uac04 \ub4e3\uae30", "1\uc2dc\uac04 \uc5f0\uc18d \uc7ac\uc0dd", "1\uc2dc\uac04 \uc5f0\uc18d \ub4e3\uae30", "\ub2ec\ub2ec\ud55c \uc5f0\uc8fc\uace1", "\ub2ec\ub2ec\ud55c \ud53c\uc544\ub178 \uc5f0\uc8fc\uace1", "\ub2ec\ub2ec\ud55c \ud53c\uc544\ub178", "BGM", "\ube0c\uae08", "instrumental", "\ub274\uc5d0\uc774\uc9c0\ud53c\uc544\ub178", "\ub274\uc5d0\uc774\uc9c0 \ud53c\uc544\ub178 \ubaa8\uc74c", "\ud53c\uc544\ub178 \uc5f0\uc8fc \ubaa8\uc74c", "\uc18c\ud48d\uac08\ub54c \ub4e3\uae30 \uc88b\uc740 \uc74c\uc545"], "subtitles": {}, "automatic_captions": {}, "duration": 3623, "age_limit": 0, "annotations": null, "chapters": null, "webpage_url": "https://www.youtube.com/watch?v=2Z9SjI131jA", "view_count": 279711, "like_count": 2226, "dislike_count": 57, "average_rating": 4.9001312, "formats": [{"format_id": "249", "url": "https://r2---sn-ipoxu-u2x6.googlevideo.com/videoplayback?expire=1613157444&ei=5H8mYM_SFcm5qQHgna2oDQ&ip=122.116.223.105&id=o-ADgXS6V-RXiJ3C52_kF4OxvHFiCKykeBrZm3-vLa9VKJ&itag=249&source=youtube&requiressl=yes&mh=uB&mm=31%2C29&mn=sn-ipoxu-u2x6%2Csn-un57en7l&ms=au%2Crdu&mv=m&mvi=2&pl=24&initcwndbps=891250&vprv=1&mime=audio%2Fwebm&ns=4UzUg4ACiJWBm6ZzpLdma1cF&gir=yes&clen=27903053&dur=3623.181&lmt=1585617884379181&mt=1613135564&fvip=2&keepalive=yes&c=WEB&txp=5311222&n=GAjR-mOD1GK6fYPopb&sparams=expire%2Cei%2Cip%2Cid%2Citag%2Csource%2Crequiressl%2Cvprv%2Cmime%2Cns%2Cgir%2Cclen%2Cdur%2Clmt&lsparams=mh%2Cmm%2Cmn%2Cms%2Cmv%2Cmvi%2Cpl%2Cinitcwndbps&lsig=AG3C_xAwRQIgHDt0UOR7fcArO2hk6IdjQr6nOGYsGoHC5KqUSEUrBGICIQCgZWWpAVesVZhqSdrIWBjQ-Ht4D3JEJtSHGlSmkGOWOQ%3D%3D&sig=AOq0QJ8wRAIgUpPEq95oggam2_8O9KFWKmAlyyjvqNG3Z3MC4qhsrxsCID3gLHg01abkIq9DXo6lmmda9qKFLF8apI1V09cGrZjL&ratebypass=yes", "player_url": "/s/player/490079fb/player_ias.vflset/en_US/base.js", "ext": "webm", "format_note": "tiny", "acodec": "opus", "abr": 50, "asr": 48000, "filesize": 27903053, "fps": null, "height": null, "tbr": 71.397, "width": null, "vcodec": "none", "downloader_options": {"http_chunk_size": 10485760}, "format": "249 - audio only (tiny)", "protocol": "https", "http_headers": {"User-Agent": "Mozilla/5.0 (Windows NT 10.0; Win64; x64) AppleWebKit/537.36 (KHTML, like Gecko) Chrome/74.0.3729.96 Safari/537.36", "Accept-Charset": "ISO-8859-1,utf-8;q=0.7,*;q=0.7", "Accept": "text/html,application/xhtml+xml,application/xml;q=0.9,*/*;q=0.8", "Accept-Encoding": "gzip, deflate", "Accept-Language": "en-us,en;q=0.5"}}, {"format_id": "250", "url": "https://r2---sn-ipoxu-u2x6.googlevideo.com/videoplayback?expire=1613157444&ei=5H8mYM_SFcm5qQHgna2oDQ&ip=122.116.223.105&id=o-ADgXS6V-RXiJ3C52_kF4OxvHFiCKykeBrZm3-vLa9VKJ&itag=250&source=youtube&requiressl=yes&mh=uB&mm=31%2C29&mn=sn-ipoxu-u2x6%2Csn-un57en7l&ms=au%2Crdu&mv=m&mvi=2&pl=24&initcwndbps=891250&vprv=1&mime=audio%2Fwebm&ns=4UzUg4ACiJWBm6ZzpLdma1cF&gir=yes&clen=36497913&dur=3623.181&lmt=1585617885269194&mt=1613135564&fvip=2&keepalive=yes&c=WEB&txp=5311222&n=GAjR-mOD1GK6fYPopb&sparams=expire%2Cei%2Cip%2Cid%2Citag%2Csource%2Crequiressl%2Cvprv%2Cmime%2Cns%2Cgir%2Cclen%2Cdur%2Clmt&lsparams=mh%2Cmm%2Cmn%2Cms%2Cmv%2Cmvi%2Cpl%2Cinitcwndbps&lsig=AG3C_xAwRgIhALgATwqVx3OPvbZiqd7oRLu5KwmE8dThkOEb2DijGbg0AiEAtrNPVrVYuJ-Y4NUhsCITofMLFNY_jCU5gOl2Afev6Wk%3D&sig=AOq0QJ8wRAIgRzS4OPYrngN1lEvCKhbtlawBGcZdXLa3SmelvAP36vUCIH5eGSz8eZr9C80cVGUJ9b0EM2oKqdnh00B69KTWoF7c&ratebypass=yes", "player_url": "/s/player/490079fb/player_ias.vflset/en_US/base.js", "ext": "webm", "format_note": "tiny", "acodec": "opus", "abr": 70, "asr": 48000, "filesize": 36497913, "fps": null, "height": null, "tbr": 93.088, "width": null, "vcodec": "none", "downloader_options": {"http_chunk_size": 10485760}, "format": "250 - audio only (tiny)", "protocol": "https", "http_headers": {"User-Agent": "Mozilla/5.0 (Windows NT 10.0; Win64; x64) AppleWebKit/537.36 (KHTML, like Gecko) Chrome/74.0.3729.96 Safari/537.36", "Accept-Charset": "ISO-8859-1,utf-8;q=0.7,*;q=0.7", "Accept": "text/html,application/xhtml+xml,application/xml;q=0.9,*/*;q=0.8", "Accept-Encoding": "gzip, deflate", "Accept-Language": "en-us,en;q=0.5"}}, {"format_id": "140", "url": "https://r2---sn-ipoxu-u2x6.googlevideo.com/videoplayback?expire=1613157444&ei=5H8mYM_SFcm5qQHgna2oDQ&ip=122.116.223.105&id=o-ADgXS6V-RXiJ3C52_kF4OxvHFiCKykeBrZm3-vLa9VKJ&itag=140&source=youtube&requiressl=yes&mh=uB&mm=31%2C29&mn=sn-ipoxu-u2x6%2Csn-un57en7l&ms=au%2Crdu&mv=m&mvi=2&pl=24&initcwndbps=891250&vprv=1&mime=audio%2Fmp4&ns=4UzUg4ACiJWBm6ZzpLdma1cF&gir=yes&clen=58638424&dur=3623.218&lmt=1585617887869899&mt=1613135564&fvip=2&keepalive=yes&c=WEB&txp=5311222&n=GAjR-mOD1GK6fYPopb&sparams=expire%2Cei%2Cip%2Cid%2Citag%2Csource%2Crequiressl%2Cvprv%2Cmime%2Cns%2Cgir%2Cclen%2Cdur%2Clmt&lsparams=mh%2Cmm%2Cmn%2Cms%2Cmv%2Cmvi%2Cpl%2Cinitcwndbps&lsig=AG3C_xAwRQIhAM1EOayoWiVvoSWGZIIMcvsrjKtmgQZaMNlZZYJj1f7WAiBjyK6dh5DzHbZhc1jSoOGTZLi3bheR6Z37PlaxVPPOfQ%3D%3D&sig=AOq0QJ8wRgIhAKFOk9wSIAQuuCIl2_hN3vcsJiz_J-F2VJfKeIw2pgLfAiEAj7TwLsIeGDIW3WQ0D2IyNWxgrFyML6x0f_SQdv_f8u4=&ratebypass=yes", "player_url": "/s/player/490079fb/player_ias.vflset/en_US/base.js", "ext": "m4a", "format_note": "tiny", "acodec": "mp4a.40.2", "abr": 128, "container": "m4a_dash", "asr": 44100, "filesize": 58638424, "fps": null, "height": null, "tbr": 133.73, "width": null, "vcodec": "none", "downloader_options": {"http_chunk_size": 10485760}, "format": "140 - audio only (tiny)", "protocol": "https", "http_headers": {"User-Agent": "Mozilla/5.0 (Windows NT 10.0; Win64; x64) AppleWebKit/537.36 (KHTML, like Gecko) Chrome/74.0.3729.96 Safari/537.36", "Accept-Charset": "ISO-8859-1,utf-8;q=0.7,*;q=0.7", "Accept": "text/html,application/xhtml+xml,application/xml;q=0.9,*/*;q=0.8", "Accept-Encoding": "gzip, deflate", "Accept-Language": "en-us,en;q=0.5"}}, {"format_id": "251", "url": "https://r2---sn-ipoxu-u2x6.googlevideo.com/videoplayback?expire=1613157444&ei=5H8mYM_SFcm5qQHgna2oDQ&ip=122.116.223.105&id=o-ADgXS6V-RXiJ3C52_kF4OxvHFiCKykeBrZm3-vLa9VKJ&itag=251&source=youtube&requiressl=yes&mh=uB&mm=31%2C29&mn=sn-ipoxu-u2x6%2Csn-un57en7l&ms=au%2Crdu&mv=m&mvi=2&pl=24&initcwndbps=891250&vprv=1&mime=audio%2Fwebm&ns=4UzUg4ACiJWBm6ZzpLdma1cF&gir=yes&clen=71922740&dur=3623.181&lmt=1585617891788608&mt=1613135564&fvip=2&keepalive=yes&c=WEB&txp=5311222&n=GAjR-mOD1GK6fYPopb&sparams=expire%2Cei%2Cip%2Cid%2Citag%2Csource%2Crequiressl%2Cvprv%2Cmime%2Cns%2Cgir%2Cclen%2Cdur%2Clmt&lsparams=mh%2Cmm%2Cmn%2Cms%2Cmv%2Cmvi%2Cpl%2Cinitcwndbps&lsig=AG3C_xAwRQIgEUafaIXIljLvldP_8fgKjmLjFXB_1PaY_M3dYW9FC-8CIQDlHuSjPE7JUmD00yZKHWPikqU2516HXHHz6rnNC0BjWw%3D%3D&sig=AOq0QJ8wRAIgVJkHtno08h_wHn2CMGJMbpGBu-xMC49NbTS534Z0E2gCIEmJFtl6ymhBBf27SIBlUeq8iSgOjtSdQogltd63QWCW&ratebypass=yes", "player_url": "/s/player/490079fb/player_ias.vflset/en_US/base.js", "ext": "webm", "format_note": "tiny", "acodec": "opus", "abr": 160, "asr": 48000, "filesize": 71922740, "fps": null, "height": null, "tbr": 172.844, "width": null, "vcodec": "none", "downloader_options": {"http_chunk_size": 10485760}, "format": "251 - audio only (tiny)", "protocol": "https", "http_headers": {"User-Agent": "Mozilla/5.0 (Windows NT 10.0; Win64; x64) AppleWebKit/537.36 (KHTML, like Gecko) Chrome/74.0.3729.96 Safari/537.36", "Accept-Charset": "ISO-8859-1,utf-8;q=0.7,*;q=0.7", "Accept": "text/html,application/xhtml+xml,application/xml;q=0.9,*/*;q=0.8", "Accept-Encoding": "gzip, deflate", "Accept-Language": "en-us,en;q=0.5"}}, {"format_id": "160", "url": "https://r2---sn-ipoxu-u2x6.googlevideo.com/videoplayback?expire=1613157444&ei=5H8mYM_SFcm5qQHgna2oDQ&ip=122.116.223.105&id=o-ADgXS6V-RXiJ3C52_kF4OxvHFiCKykeBrZm3-vLa9VKJ&itag=160&aitags=133%2C134%2C135%2C136%2C160%2C242%2C243%2C244%2C247%2C278&source=youtube&requiressl=yes&mh=uB&mm=31%2C29&mn=sn-ipoxu-u2x6%2Csn-un57en7l&ms=au%2Crdu&mv=m&mvi=2&pl=24&initcwndbps=891250&vprv=1&mime=video%2Fmp4&ns=4UzUg4ACiJWBm6ZzpLdma1cF&gir=yes&clen=26158900&dur=3623.152&lmt=1585618020205496&mt=1613135564&fvip=2&keepalive=yes&c=WEB&txp=5316222&n=GAjR-mOD1GK6fYPopb&sparams=expire%2Cei%2Cip%2Cid%2Caitags%2Csource%2Crequiressl%2Cvprv%2Cmime%2Cns%2Cgir%2Cclen%2Cdur%2Clmt&lsparams=mh%2Cmm%2Cmn%2Cms%2Cmv%2Cmvi%2Cpl%2Cinitcwndbps&lsig=AG3C_xAwRAIgDauaFv1cNFwvBWtGMjsVO7Z_toUqpzdRCXmToe7E8iACICmRG-MyVRW6ZeoRNZUGWJkc4dUqTaecJZh6D_BJdedD&sig=AOq0QJ8wRQIgQzEJMdrOeyCs1PJmUkMxlW57lURcksIQSzEXGmgeD0MCIQCP7i9fuMSZSZz7vOwOmOSRCKXDFUV1WvMUX-chCIXG7A==&ratebypass=yes", "player_url": "/s/player/490079fb/player_ias.vflset/en_US/base.js", "ext": "mp4", "height": 144, "format_note": "144p", "vcodec": "avc1.4d400c", "asr": null, "filesize": 26158900, "fps": 30, "tbr": 70.645, "width": 256, "acodec": "none", "downloader_options": {"http_chunk_size": 10485760}, "format": "160 - 256x144 (144p)", "protocol": "https", "http_headers": {"User-Agent": "Mozilla/5.0 (Windows NT 10.0; Win64; x64) AppleWebKit/537.36 (KHTML, like Gecko) Chrome/74.0.3729.96 Safari/537.36", "Accept-Charset": "ISO-8859-1,utf-8;q=0.7,*;q=0.7", "Accept": "text/html,application/xhtml+xml,application/xml;q=0.9,*/*;q=0.8", "Accept-Encoding": "gzip, deflate", "Accept-Language": "en-us,en;q=0.5"}}, {"format_id": "278", "url": "https://r2---sn-ipoxu-u2x6.googlevideo.com/videoplayback?expire=1613157444&ei=5H8mYM_SFcm5qQHgna2oDQ&ip=122.116.223.105&id=o-ADgXS6V-RXiJ3C52_kF4OxvHFiCKykeBrZm3-vLa9VKJ&itag=278&aitags=133%2C134%2C135%2C136%2C160%2C242%2C243%2C244%2C247%2C278&source=youtube&requiressl=yes&mh=uB&mm=31%2C29&mn=sn-ipoxu-u2x6%2Csn-un57en7l&ms=au%2Crdu&mv=m&mvi=2&pl=24&initcwndbps=891250&vprv=1&mime=video%2Fwebm&ns=4UzUg4ACiJWBm6ZzpLdma1cF&gir=yes&clen=35556909&dur=3623.153&lmt=1588952822962097&mt=1613135564&fvip=2&keepalive=yes&c=WEB&txp=5432432&n=GAjR-mOD1GK6fYPopb&sparams=expire%2Cei%2Cip%2Cid%2Caitags%2Csource%2Crequiressl%2Cvprv%2Cmime%2Cns%2Cgir%2Cclen%2Cdur%2Clmt&lsparams=mh%2Cmm%2Cmn%2Cms%2Cmv%2Cmvi%2Cpl%2Cinitcwndbps&lsig=AG3C_xAwRQIhAKmjcZXqJwSRamvwBtPfNQS1986kcvKolgF0HVeFi2PUAiA7_1wbnH8Ed1f8uNXVvOlhHvVfpPfRONgZOtoYZ9xfeQ%3D%3D&sig=AOq0QJ8wRQIgax3HLzFyTfkheIghoL8tav2kMlre5s5S6gxhyR7fRU0CIQD2KCfVlcV-CMymtKBrLv7XOoPOLeI78TEbf1utN29_mA==&ratebypass=yes", "player_url": "/s/player/490079fb/player_ias.vflset/en_US/base.js", "ext": "webm", "height": 144, "format_note": "144p", "container": "webm", "vcodec": "vp9", "asr": null, "filesize": 35556909, "fps": 30, "tbr": 88.635, "width": 256, "acodec": "none", "downloader_options": {"http_chunk_size": 10485760}, "format": "278 - 256x144 (144p)", "protocol": "https", "http_headers": {"User-Agent": "Mozilla/5.0 (Windows NT 10.0; Win64; x64) AppleWebKit/537.36 (KHTML, like Gecko) Chrome/74.0.3729.96 Safari/537.36", "Accept-Charset": "ISO-8859-1,utf-8;q=0.7,*;q=0.7", "Accept": "text/html,application/xhtml+xml,application/xml;q=0.9,*/*;q=0.8", "Accept-Encoding": "gzip, deflate", "Accept-Language": "en-us,en;q=0.5"}}, {"format_id": "242", "url": "https://r2---sn-ipoxu-u2x6.googlevideo.com/videoplayback?expire=1613157444&ei=5H8mYM_SFcm5qQHgna2oDQ&ip=122.116.223.105&id=o-ADgXS6V-RXiJ3C52_kF4OxvHFiCKykeBrZm3-vLa9VKJ&itag=242&aitags=133%2C134%2C135%2C136%2C160%2C242%2C243%2C244%2C247%2C278&source=youtube&requiressl=yes&mh=uB&mm=31%2C29&mn=sn-ipoxu-u2x6%2Csn-un57en7l&ms=au%2Crdu&mv=m&mvi=2&pl=24&initcwndbps=891250&vprv=1&mime=video%2Fwebm&ns=4UzUg4ACiJWBm6ZzpLdma1cF&gir=yes&clen=53662874&dur=3623.153&lmt=1588954012705157&mt=1613135564&fvip=2&keepalive=yes&c=WEB&txp=5432432&n=GAjR-mOD1GK6fYPopb&sparams=expire%2Cei%2Cip%2Cid%2Caitags%2Csource%2Crequiressl%2Cvprv%2Cmime%2Cns%2Cgir%2Cclen%2Cdur%2Clmt&lsparams=mh%2Cmm%2Cmn%2Cms%2Cmv%2Cmvi%2Cpl%2Cinitcwndbps&lsig=AG3C_xAwRAIgRX8jlD51avr697GIWUZ2AjZSn97CIILwnEbwuFrAkJMCIAiV6vmOTz4blN_bcQMF7fs4Ro-DHuu0d3FIoWYL2jMp&sig=AOq0QJ8wRQIgQ1QXIGYzji371zxV8vwirbwKs5oW2b4elyueRMeuH5QCIQCP1u1lre6JXBo-InbbbOwjm5WhKP2AR9Ge55Z-K7Y2EQ==&ratebypass=yes", "player_url": "/s/player/490079fb/player_ias.vflset/en_US/base.js", "ext": "webm", "height": 240, "format_note": "240p", "vcodec": "vp9", "asr": null, "filesize": 53662874, "fps": 30, "tbr": 137.605, "width": 426, "acodec": "none", "downloader_options": {"http_chunk_size": 10485760}, "format": "242 - 426x240 (240p)", "protocol": "https", "http_headers": {"User-Agent": "Mozilla/5.0 (Windows NT 10.0; Win64; x64) AppleWebKit/537.36 (KHTML, like Gecko) Chrome/74.0.3729.96 Safari/537.36", "Accept-Charset": "ISO-8859-1,utf-8;q=0.7,*;q=0.7", "Accept": "text/html,application/xhtml+xml,application/xml;q=0.9,*/*;q=0.8", "Accept-Encoding": "gzip, deflate", "Accept-Language": "en-us,en;q=0.5"}}, {"format_id": "133", "url": "https://r2---sn-ipoxu-u2x6.googlevideo.com/videoplayback?expire=1613157444&ei=5H8mYM_SFcm5qQHgna2oDQ&ip=122.116.223.105&id=o-ADgXS6V-RXiJ3C52_kF4OxvHFiCKykeBrZm3-vLa9VKJ&itag=133&aitags=133%2C134%2C135%2C136%2C160%2C242%2C243%2C244%2C247%2C278&source=youtube&requiressl=yes&mh=uB&mm=31%2C29&mn=sn-ipoxu-u2x6%2Csn-un57en7l&ms=au%2Crdu&mv=m&mvi=2&pl=24&initcwndbps=891250&vprv=1&mime=video%2Fmp4&ns=4UzUg4ACiJWBm6ZzpLdma1cF&gir=yes&clen=62414090&dur=3623.152&lmt=1585618020200186&mt=1613135564&fvip=2&keepalive=yes&c=WEB&txp=5316222&n=GAjR-mOD1GK6fYPopb&sparams=expire%2Cei%2Cip%2Cid%2Caitags%2Csource%2Crequiressl%2Cvprv%2Cmime%2Cns%2Cgir%2Cclen%2Cdur%2Clmt&lsparams=mh%2Cmm%2Cmn%2Cms%2Cmv%2Cmvi%2Cpl%2Cinitcwndbps&lsig=AG3C_xAwRQIgHFMLr7QOVZMvt9KCSyNE8rraGHLADd547V8EzypysAICIQDn8ZzaxsVrEGM_eRjMStX_gn-kCGR0nUV-7pnINUS80w%3D%3D&sig=AOq0QJ8wRQIgVfG7Pnkb98ggYe5pDA2SRftEhcXaaaoSfXRu_EB_9RACIQD5wlPOt6Q4iDqYVJIEiBDUikfYTl9ziUoq_cQrHxpTFQ==&ratebypass=yes", "player_url": "/s/player/490079fb/player_ias.vflset/en_US/base.js", "ext": "mp4", "height": 240, "format_note": "240p", "vcodec": "avc1.4d4015", "asr": null, "filesize": 62414090, "fps": 30, "tbr": 156.225, "width": 426, "acodec": "none", "downloader_options": {"http_chunk_size": 10485760}, "format": "133 - 426x240 (240p)", "protocol": "https", "http_headers": {"User-Agent": "Mozilla/5.0 (Windows NT 10.0; Win64; x64) AppleWebKit/537.36 (KHTML, like Gecko) Chrome/74.0.3729.96 Safari/537.36", "Accept-Charset": "ISO-8859-1,utf-8;q=0.7,*;q=0.7", "Accept": "text/html,application/xhtml+xml,application/xml;q=0.9,*/*;q=0.8", "Accept-Encoding": "gzip, deflate", "Accept-Language": "en-us,en;q=0.5"}}, {"format_id": "134", "url": "https://r2---sn-ipoxu-u2x6.googlevideo.com/videoplayback?expire=1613157444&ei=5H8mYM_SFcm5qQHgna2oDQ&ip=122.116.223.105&id=o-ADgXS6V-RXiJ3C52_kF4OxvHFiCKykeBrZm3-vLa9VKJ&itag=134&aitags=133%2C134%2C135%2C136%2C160%2C242%2C243%2C244%2C247%2C278&source=youtube&requiressl=yes&mh=uB&mm=31%2C29&mn=sn-ipoxu-u2x6%2Csn-un57en7l&ms=au%2Crdu&mv=m&mvi=2&pl=24&initcwndbps=891250&vprv=1&mime=video%2Fmp4&ns=4UzUg4ACiJWBm6ZzpLdma1cF&gir=yes&clen=117439826&dur=3623.152&lmt=1585618020204696&mt=1613135564&fvip=2&keepalive=yes&c=WEB&txp=5316222&n=GAjR-mOD1GK6fYPopb&sparams=expire%2Cei%2Cip%2Cid%2Caitags%2Csource%2Crequiressl%2Cvprv%2Cmime%2Cns%2Cgir%2Cclen%2Cdur%2Clmt&lsparams=mh%2Cmm%2Cmn%2Cms%2Cmv%2Cmvi%2Cpl%2Cinitcwndbps&lsig=AG3C_xAwRQIhAJafgsLj2JjTSK9rgdbjcg8jeawXXgVNbEqsYNuQVhgqAiBBD08qScX4XEeuZpS0p0bR4YmQQUXIRHv21Ca5gZr6fw%3D%3D&sig=AOq0QJ8wRQIhAMcLoygE_TA4vSVAzHIU5MMtopcKXleMcBKj0BudyjP2AiAp8enR1x_2S2vvbRCXpOKZeuQ9vfK5uaYx9kHc5TByeA==&ratebypass=yes", "player_url": "/s/player/490079fb/player_ias.vflset/en_US/base.js", "ext": "mp4", "height": 360, "format_note": "360p", "vcodec": "avc1.4d401e", "asr": null, "filesize": 117439826, "fps": 30, "tbr": 288.296, "width": 640, "acodec": "none", "downloader_options": {"http_chunk_size": 10485760}, "format": "134 - 640x360 (360p)", "protocol": "https", "http_headers": {"User-Agent": "Mozilla/5.0 (Windows NT 10.0; Win64; x64) AppleWebKit/537.36 (KHTML, like Gecko) Chrome/74.0.3729.96 Safari/537.36", "Accept-Charset": "ISO-8859-1,utf-8;q=0.7,*;q=0.7", "Accept": "text/html,application/xhtml+xml,application/xml;q=0.9,*/*;q=0.8", "Accept-Encoding": "gzip, deflate", "Accept-Language": "en-us,en;q=0.5"}}, {"format_id": "243", "url": "https://r2---sn-ipoxu-u2x6.googlevideo.com/videoplayback?expire=1613157444&ei=5H8mYM_SFcm5qQHgna2oDQ&ip=122.116.223.105&id=o-ADgXS6V-RXiJ3C52_kF4OxvHFiCKykeBrZm3-vLa9VKJ&itag=243&aitags=133%2C134%2C135%2C136%2C160%2C242%2C243%2C244%2C247%2C278&source=youtube&requiressl=yes&mh=uB&mm=31%2C29&mn=sn-ipoxu-u2x6%2Csn-un57en7l&ms=au%2Crdu&mv=m&mvi=2&pl=24&initcwndbps=891250&vprv=1&mime=video%2Fwebm&ns=4UzUg4ACiJWBm6ZzpLdma1cF&gir=yes&clen=106555301&dur=3623.153&lmt=1588952822951257&mt=1613135564&fvip=2&keepalive=yes&c=WEB&txp=5431432&n=GAjR-mOD1GK6fYPopb&sparams=expire%2Cei%2Cip%2Cid%2Caitags%2Csource%2Crequiressl%2Cvprv%2Cmime%2Cns%2Cgir%2Cclen%2Cdur%2Clmt&lsparams=mh%2Cmm%2Cmn%2Cms%2Cmv%2Cmvi%2Cpl%2Cinitcwndbps&lsig=AG3C_xAwRgIhALGU0mTUmuVL8ZG2EMxGM2cb2AY-Er1HmfiJflsZGMbWAiEA5ARjy6qV-YsXiIFle0xPuyZZxCXfyiyZIUh4IjK16Hs%3D&sig=AOq0QJ8wRgIhALCWQOyF0jyMR4OO86VGcAechcgegiBsgdjX-VEF4GO6AiEAlg_9Qk5GLv7iWVB3XVtuwBekceJ6LdaEJaX8O20SmXc=&ratebypass=yes", "player_url": "/s/player/490079fb/player_ias.vflset/en_US/base.js", "ext": "webm", "height": 360, "format_note": "360p", "vcodec": "vp9", "asr": null, "filesize": 106555301, "fps": 30, "tbr": 296.3, "width": 640, "acodec": "none", "downloader_options": {"http_chunk_size": 10485760}, "format": "243 - 640x360 (360p)", "protocol": "https", "http_headers": {"User-Agent": "Mozilla/5.0 (Windows NT 10.0; Win64; x64) AppleWebKit/537.36 (KHTML, like Gecko) Chrome/74.0.3729.96 Safari/537.36", "Accept-Charset": "ISO-8859-1,utf-8;q=0.7,*;q=0.7", "Accept": "text/html,application/xhtml+xml,application/xml;q=0.9,*/*;q=0.8", "Accept-Encoding": "gzip, deflate", "Accept-Language": "en-us,en;q=0.5"}}, {"format_id": "244", "url": "https://r2---sn-ipoxu-u2x6.googlevideo.com/videoplayback?expire=1613157444&ei=5H8mYM_SFcm5qQHgna2oDQ&ip=122.116.223.105&id=o-ADgXS6V-RXiJ3C52_kF4OxvHFiCKykeBrZm3-vLa9VKJ&itag=244&aitags=133%2C134%2C135%2C136%2C160%2C242%2C243%2C244%2C247%2C278&source=youtube&requiressl=yes&mh=uB&mm=31%2C29&mn=sn-ipoxu-u2x6%2Csn-un57en7l&ms=au%2Crdu&mv=m&mvi=2&pl=24&initcwndbps=891250&vprv=1&mime=video%2Fwebm&ns=4UzUg4ACiJWBm6ZzpLdma1cF&gir=yes&clen=168014818&dur=3623.153&lmt=1588952822961651&mt=1613135564&fvip=2&keepalive=yes&c=WEB&txp=5431432&n=GAjR-mOD1GK6fYPopb&sparams=expire%2Cei%2Cip%2Cid%2Caitags%2Csource%2Crequiressl%2Cvprv%2Cmime%2Cns%2Cgir%2Cclen%2Cdur%2Clmt&lsparams=mh%2Cmm%2Cmn%2Cms%2Cmv%2Cmvi%2Cpl%2Cinitcwndbps&lsig=AG3C_xAwRAIgEIrXGI9x1U7FiS9uhsQ0hqHMsQA8DPqWC85jyVDlMRACIBHGoTERQui8LjtQuF4PRmVGvbFj5Z2S00FhRZqKkptx&sig=AOq0QJ8wRQIhAJRVN_Cbv_tAiPdvrw8PB8iz23b5kCETC3srkowc7SkBAiBHHErMLWz4MnfSuUzqDb67LmNX3NDqAqehiGwn8t5zlQ==&ratebypass=yes", "player_url": "/s/player/490079fb/player_ias.vflset/en_US/base.js", "ext": "webm", "height": 480, "format_note": "480p", "vcodec": "vp9", "asr": null, "filesize": 168014818, "fps": 30, "tbr": 467.356, "width": 854, "acodec": "none", "downloader_options": {"http_chunk_size": 10485760}, "format": "244 - 854x480 (480p)", "protocol": "https", "http_headers": {"User-Agent": "Mozilla/5.0 (Windows NT 10.0; Win64; x64) AppleWebKit/537.36 (KHTML, like Gecko) Chrome/74.0.3729.96 Safari/537.36", "Accept-Charset": "ISO-8859-1,utf-8;q=0.7,*;q=0.7", "Accept": "text/html,application/xhtml+xml,application/xml;q=0.9,*/*;q=0.8", "Accept-Encoding": "gzip, deflate", "Accept-Language": "en-us,en;q=0.5"}}, {"format_id": "135", "url": "https://r2---sn-ipoxu-u2x6.googlevideo.com/videoplayback?expire=1613157444&ei=5H8mYM_SFcm5qQHgna2oDQ&ip=122.116.223.105&id=o-ADgXS6V-RXiJ3C52_kF4OxvHFiCKykeBrZm3-vLa9VKJ&itag=135&aitags=133%2C134%2C135%2C136%2C160%2C242%2C243%2C244%2C247%2C278&source=youtube&requiressl=yes&mh=uB&mm=31%2C29&mn=sn-ipoxu-u2x6%2Csn-un57en7l&ms=au%2Crdu&mv=m&mvi=2&pl=24&initcwndbps=891250&vprv=1&mime=video%2Fmp4&ns=4UzUg4ACiJWBm6ZzpLdma1cF&gir=yes&clen=211613814&dur=3623.152&lmt=1585618020200852&mt=1613135564&fvip=2&keepalive=yes&c=WEB&txp=5316222&n=GAjR-mOD1GK6fYPopb&sparams=expire%2Cei%2Cip%2Cid%2Caitags%2Csource%2Crequiressl%2Cvprv%2Cmime%2Cns%2Cgir%2Cclen%2Cdur%2Clmt&lsparams=mh%2Cmm%2Cmn%2Cms%2Cmv%2Cmvi%2Cpl%2Cinitcwndbps&lsig=AG3C_xAwRAIgYhnCIUE3WOi0_0vV9MKRj70CN2B-Nsrht6HzXP7eWi8CIDtEKZ-_2zmvLKzTQWKU6qUzw42iRVj9k8eaielq9dN3&sig=AOq0QJ8wRQIgKXZ7xD8Qr72A7DjntseEhHnaDmUSrIBD8b5le9oaDYwCIQDJlSyu_aC1lb-2JqAa3Jx-E-tMvKcWiJtrf5jNdH3--w==&ratebypass=yes", "player_url": "/s/player/490079fb/player_ias.vflset/en_US/base.js", "ext": "mp4", "height": 480, "format_note": "480p", "vcodec": "avc1.4d401f", "asr": null, "filesize": 211613814, "fps": 30, "tbr": 503.331, "width": 854, "acodec": "none", "downloader_options": {"http_chunk_size": 10485760}, "format": "135 - 854x480 (480p)", "protocol": "https", "http_headers": {"User-Agent": "Mozilla/5.0 (Windows NT 10.0; Win64; x64) AppleWebKit/537.36 (KHTML, like Gecko) Chrome/74.0.3729.96 Safari/537.36", "Accept-Charset": "ISO-8859-1,utf-8;q=0.7,*;q=0.7", "Accept": "text/html,application/xhtml+xml,application/xml;q=0.9,*/*;q=0.8", "Accept-Encoding": "gzip, deflate", "Accept-Language": "en-us,en;q=0.5"}}, {"format_id": "247", "url": "https://r2---sn-ipoxu-u2x6.googlevideo.com/videoplayback?expire=1613157444&ei=5H8mYM_SFcm5qQHgna2oDQ&ip=122.116.223.105&id=o-ADgXS6V-RXiJ3C52_kF4OxvHFiCKykeBrZm3-vLa9VKJ&itag=247&aitags=133%2C134%2C135%2C136%2C160%2C242%2C243%2C244%2C247%2C278&source=youtube&requiressl=yes&mh=uB&mm=31%2C29&mn=sn-ipoxu-u2x6%2Csn-un57en7l&ms=au%2Crdu&mv=m&mvi=2&pl=24&initcwndbps=891250&vprv=1&mime=video%2Fwebm&ns=4UzUg4ACiJWBm6ZzpLdma1cF&gir=yes&clen=283847039&dur=3623.153&lmt=1588955709833197&mt=1613135564&fvip=2&keepalive=yes&c=WEB&txp=5432432&n=GAjR-mOD1GK6fYPopb&sparams=expire%2Cei%2Cip%2Cid%2Caitags%2Csource%2Crequiressl%2Cvprv%2Cmime%2Cns%2Cgir%2Cclen%2Cdur%2Clmt&lsparams=mh%2Cmm%2Cmn%2Cms%2Cmv%2Cmvi%2Cpl%2Cinitcwndbps&lsig=AG3C_xAwRgIhAO2VJcdkhlExWXmRsziqSqWHTT0lqJeEJny9zcoxFmdCAiEAtVWlSXOcVnR5z4x3cUsTHc_CCvyW_aBjHliJkh7P94o%3D&sig=AOq0QJ8wRQIgX8F99yThFTIcARfDdv3mWsMKtfpPoznUwHXvk8bJ658CIQCjZ27e9uO0WEQNrdFmx0z0PIfBHwyLxGDC0m62FBKpVw==&ratebypass=yes", "player_url": "/s/player/490079fb/player_ias.vflset/en_US/base.js", "ext": "webm", "height": 720, "format_note": "720p", "vcodec": "vp9", "asr": null, "filesize": 283847039, "fps": 30, "tbr": 770.098, "width": 1280, "acodec": "none", "downloader_options": {"http_chunk_size": 10485760}, "format": "247 - 1280x720 (720p)", "protocol": "https", "http_headers": {"User-Agent": "Mozilla/5.0 (Windows NT 10.0; Win64; x64) AppleWebKit/537.36 (KHTML, like Gecko) Chrome/74.0.3729.96 Safari/537.36", "Accept-Charset": "ISO-8859-1,utf-8;q=0.7,*;q=0.7", "Accept": "text/html,application/xhtml+xml,application/xml;q=0.9,*/*;q=0.8", "Accept-Encoding": "gzip, deflate", "Accept-Language": "en-us,en;q=0.5"}}, {"format_id": "136", "url": "https://r2---sn-ipoxu-u2x6.googlevideo.com/videoplayback?expire=1613157444&ei=5H8mYM_SFcm5qQHgna2oDQ&ip=122.116.223.105&id=o-ADgXS6V-RXiJ3C52_kF4OxvHFiCKykeBrZm3-vLa9VKJ&itag=136&aitags=133%2C134%2C135%2C136%2C160%2C242%2C243%2C244%2C247%2C278&source=youtube&requiressl=yes&mh=uB&mm=31%2C29&mn=sn-ipoxu-u2x6%2Csn-un57en7l&ms=au%2Crdu&mv=m&mvi=2&pl=24&initcwndbps=891250&vprv=1&mime=video%2Fmp4&ns=4UzUg4ACiJWBm6ZzpLdma1cF&gir=yes&clen=431839234&dur=3623.152&lmt=1585618020202570&mt=1613135564&fvip=2&keepalive=yes&c=WEB&txp=5316222&n=GAjR-mOD1GK6fYPopb&sparams=expire%2Cei%2Cip%2Cid%2Caitags%2Csource%2Crequiressl%2Cvprv%2Cmime%2Cns%2Cgir%2Cclen%2Cdur%2Clmt&lsparams=mh%2Cmm%2Cmn%2Cms%2Cmv%2Cmvi%2Cpl%2Cinitcwndbps&lsig=AG3C_xAwRQIhALFv5GOAvNJq5p8prHcREhAS36NeaLwixj014ywbplAcAiANR329cP8R6fJzvxATCv_MqjJM3wAeJwuKPNEp3FfLfA%3D%3D&sig=AOq0QJ8wRAIgM9bYXaVjBu1DLsNiVEAZEsQ4IkyRzN7vM87o5hnI2wQCIDErXzw17QYW3wWbkKLDFQrYw3TV0Z7E8mVtJY0QTxZ8&ratebypass=yes", "player_url": "/s/player/490079fb/player_ias.vflset/en_US/base.js", "ext": "mp4", "height": 720, "format_note": "720p", "vcodec": "avc1.4d401f", "asr": null, "filesize": 431839234, "fps": 30, "tbr": 1076.869, "width": 1280, "acodec": "none", "downloader_options": {"http_chunk_size": 10485760}, "format": "136 - 1280x720 (720p)", "protocol": "https", "http_headers": {"User-Agent": "Mozilla/5.0 (Windows NT 10.0; Win64; x64) AppleWebKit/537.36 (KHTML, like Gecko) Chrome/74.0.3729.96 Safari/537.36", "Accept-Charset": "ISO-8859-1,utf-8;q=0.7,*;q=0.7", "Accept": "text/html,application/xhtml+xml,application/xml;q=0.9,*/*;q=0.8", "Accept-Encoding": "gzip, deflate", "Accept-Language": "en-us,en;q=0.5"}}, {"format_id": "18", "url": "https://r2---sn-ipoxu-u2x6.googlevideo.com/videoplayback?expire=1613157444&ei=5H8mYM_SFcm5qQHgna2oDQ&ip=122.116.223.105&id=o-ADgXS6V-RXiJ3C52_kF4OxvHFiCKykeBrZm3-vLa9VKJ&itag=18&source=youtube&requiressl=yes&mh=uB&mm=31%2C29&mn=sn-ipoxu-u2x6%2Csn-un57en7l&ms=au%2Crdu&mv=m&mvi=2&pl=24&initcwndbps=891250&vprv=1&mime=video%2Fmp4&ns=yB_k9KiQYlMSwhg7X44otaQF&gir=yes&clen=172379669&ratebypass=yes&dur=3623.218&lmt=1585617558018040&mt=1613135564&fvip=2&c=WEB&txp=5316222&n=T4D2mV1ENWiF01VKTf&sparams=expire%2Cei%2Cip%2Cid%2Citag%2Csource%2Crequiressl%2Cvprv%2Cmime%2Cns%2Cgir%2Cclen%2Cratebypass%2Cdur%2Clmt&lsparams=mh%2Cmm%2Cmn%2Cms%2Cmv%2Cmvi%2Cpl%2Cinitcwndbps&lsig=AG3C_xAwRQIgIXgjVcr9TRU89ntGuWQi60rVWElAU994e03tl220bR4CIQDQRbG9a4hZCcFZpiH3Jd9kVrWhSDAnqI3zGykgCkbc0g%3D%3D&sig=AOq0QJ8wRQIgBUifykefYBGpDhGREl8PEE5Jmz3-NtYD4Ks-kSfAlewCIQDyi4bYoyJddoDcLfLb-07zqH_c4EJN6njWLa-wN-O78w==", "player_url": "/s/player/490079fb/player_ias.vflset/en_US/base.js", "ext": "mp4", "width": 640, "height": 360, "acodec": "mp4a.40.2", "abr": 96, "vcodec": "avc1.42001E", "asr": 44100, "filesize": 172379669, "format_note": "360p", "fps": 30, "tbr": 380.618, "format": "18 - 640x360 (360p)", "protocol": "https", "http_headers": {"User-Agent": "Mozilla/5.0 (Windows NT 10.0; Win64; x64) AppleWebKit/537.36 (KHTML, like Gecko) Chrome/74.0.3729.96 Safari/537.36", "Accept-Charset": "ISO-8859-1,utf-8;q=0.7,*;q=0.7", "Accept": "text/html,application/xhtml+xml,application/xml;q=0.9,*/*;q=0.8", "Accept-Encoding": "gzip, deflate", "Accept-Language": "en-us,en;q=0.5"}}, {"format_id": "22", "url": "https://r2---sn-ipoxu-u2x6.googlevideo.com/videoplayback?expire=1613157444&ei=5H8mYM_SFcm5qQHgna2oDQ&ip=122.116.223.105&id=o-ADgXS6V-RXiJ3C52_kF4OxvHFiCKykeBrZm3-vLa9VKJ&itag=22&source=youtube&requiressl=yes&mh=uB&mm=31%2C29&mn=sn-ipoxu-u2x6%2Csn-un57en7l&ms=au%2Crdu&mv=m&mvi=2&pl=24&initcwndbps=891250&vprv=1&mime=video%2Fmp4&ns=yB_k9KiQYlMSwhg7X44otaQF&cnr=14&ratebypass=yes&dur=3623.218&lmt=1585618287827430&mt=1613135564&fvip=2&c=WEB&txp=5316222&n=T4D2mV1ENWiF01VKTf&sparams=expire%2Cei%2Cip%2Cid%2Citag%2Csource%2Crequiressl%2Cvprv%2Cmime%2Cns%2Ccnr%2Cratebypass%2Cdur%2Clmt&lsparams=mh%2Cmm%2Cmn%2Cms%2Cmv%2Cmvi%2Cpl%2Cinitcwndbps&lsig=AG3C_xAwRgIhAOlLiOkjoKm0g_FlM14fnV-m7Kyhryavc17uGcvafLJHAiEAmWtO2O23U7t0Lq1OdIlND5LZXUtpYvh5FCBCq0minPk%3D&sig=AOq0QJ8wRQIgAQIo4OAA9tOKTBEL43iKiBLvrHT5dG_c6YJ_6YpyBF0CIQCBNs02Qn-lQTojmrB5ata4zz05g12keRpJp5e4YlTgYw==", "player_url": "/s/player/490079fb/player_ias.vflset/en_US/base.js", "ext": "mp4", "width": 1280, "height": 720, "acodec": "mp4a.40.2", "abr": 192, "vcodec": "avc1.64001F", "asr": 44100, "filesize": null, "format_note": "720p", "fps": 30, "tbr": 1081.742, "format": "22 - 1280x720 (720p)", "protocol": "https", "http_headers": {"User-Agent": "Mozilla/5.0 (Windows NT 10.0; Win64; x64) AppleWebKit/537.36 (KHTML, like Gecko) Chrome/74.0.3729.96 Safari/537.36", "Accept-Charset": "ISO-8859-1,utf-8;q=0.7,*;q=0.7", "Accept": "text/html,application/xhtml+xml,application/xml;q=0.9,*/*;q=0.8", "Accept-Encoding": "gzip, deflate", "Accept-Language": "en-us,en;q=0.5"}}], "is_live": null, "start_time": null, "end_time": null, "series": null, "season_number": null, "episode_number": null, "track": null, "artist": null, "album": null, "release_date": null, "release_year": null, "extractor": "youtube", "webpage_url_basename": "watch", "extractor_key": "Youtube", "playlist": null, "playlist_index": null, "thumbnail": "https://i.ytimg.com/vi/2Z9SjI131jA/hqdefault.jpg?sqp=-oaymwEcCNACELwBSFXyq4qpAw4IARUAAIhCGAFwAcABBg==&rs=AOn4CLAQNw2EqYvZiNH3yS-GRjsCihOZvQ", "display_id": "2Z9SjI131jA", "requested_subtitles": null, "format_id": "251", "url": "https://r2---sn-ipoxu-u2x6.googlevideo.com/videoplayback?expire=1613157444&ei=5H8mYM_SFcm5qQHgna2oDQ&ip=122.116.223.105&id=o-ADgXS6V-RXiJ3C52_kF4OxvHFiCKykeBrZm3-vLa9VKJ&itag=251&source=youtube&requiressl=yes&mh=uB&mm=31%2C29&mn=sn-ipoxu-u2x6%2Csn-un57en7l&ms=au%2Crdu&mv=m&mvi=2&pl=24&initcwndbps=891250&vprv=1&mime=audio%2Fwebm&ns=4UzUg4ACiJWBm6ZzpLdma1cF&gir=yes&clen=71922740&dur=3623.181&lmt=1585617891788608&mt=1613135564&fvip=2&keepalive=yes&c=WEB&txp=5311222&n=GAjR-mOD1GK6fYPopb&sparams=expire%2Cei%2Cip%2Cid%2Citag%2Csource%2Crequiressl%2Cvprv%2Cmime%2Cns%2Cgir%2Cclen%2Cdur%2Clmt&lsparams=mh%2Cmm%2Cmn%2Cms%2Cmv%2Cmvi%2Cpl%2Cinitcwndbps&lsig=AG3C_xAwRQIgEUafaIXIljLvldP_8fgKjmLjFXB_1PaY_M3dYW9FC-8CIQDlHuSjPE7JUmD00yZKHWPikqU2516HXHHz6rnNC0BjWw%3D%3D&sig=AOq0QJ8wRAIgVJkHtno08h_wHn2CMGJMbpGBu-xMC49NbTS534Z0E2gCIEmJFtl6ymhBBf27SIBlUeq8iSgOjtSdQogltd63QWCW&ratebypass=yes", "player_url": "/s/player/490079fb/player_ias.vflset/en_US/base.js", "ext": "webm", "format_note": "tiny", "acodec": "opus", "abr": 160, "asr": 48000, "filesize": 71922740, "fps": null, "height": null, "tbr": 172.844, "width": null, "vcodec": "none", "downloader_options": {"http_chunk_size": 10485760}, "format": "251 - audio only (tiny)", "protocol": "https", "http_headers": {"User-Agent": "Mozilla/5.0 (Windows NT 10.0; Win64; x64) AppleWebKit/537.36 (KHTML, like Gecko) Chrome/74.0.3729.96 Safari/537.36", "Accept-Charset": "ISO-8859-1,utf-8;q=0.7,*;q=0.7", "Accept": "text/html,application/xhtml+xml,application/xml;q=0.9,*/*;q=0.8", "Accept-Encoding": "gzip, deflate", "Accept-Language": "en-us,en;q=0.5"}}