{"id": "5Ju9q1N2x0E", "uploader": "Max Emanuel", "uploader_id": "TUTORIALESJAR", "uploader_url": "http://www.youtube.com/user/TUTORIALESJAR", "channel_id": "UCA-H1AeZaDvytIseGPzsRzg", "channel_url": "http://www.youtube.com/channel/UCA-H1AeZaDvytIseGPzsRzg", "upload_date": "20190515", "license": null, "creator": null, "title": "\"Waymaker\" - (Piano Cover)", "alt_title": null, "thumbnails": [{"url": "https://i.ytimg.com/vi/5Ju9q1N2x0E/hqdefault.jpg?sqp=-oaymwEYCKgBEF5IVfKriqkDCwgBFQAAiEIYAXAB&rs=AOn4CLDynbal0zfWiHxXVXLdjAIbzuu-ow", "width": 168, "height": 94, "resolution": "168x94", "id": "0"}, {"url": "https://i.ytimg.com/vi/5Ju9q1N2x0E/hqdefault.jpg?sqp=-oaymwEYCMQBEG5IVfKriqkDCwgBFQAAiEIYAXAB&rs=AOn4CLCtY50H5Ua6hk4DT-bAAq9wfbRMwA", "width": 196, "height": 110, "resolution": "196x110", "id": "1"}, {"url": "https://i.ytimg.com/vi/5Ju9q1N2x0E/hqdefault.jpg?sqp=-oaymwEZCPYBEIoBSFXyq4qpAwsIARUAAIhCGAFwAQ==&rs=AOn4CLCpZmm4R2XQ6iy1rgh_isZ3PskVdA", "width": 246, "height": 138, "resolution": "246x138", "id": "2"}, {"url": "https://i.ytimg.com/vi/5Ju9q1N2x0E/hqdefault.jpg?sqp=-oaymwEZCNACELwBSFXyq4qpAwsIARUAAIhCGAFwAQ==&rs=AOn4CLAv__RFTrC66j45TQKLeLCMbOvh8w", "width": 336, "height": 188, "resolution": "336x188", "id": "3"}, {"url": "https://i.ytimg.com/vi_webp/5Ju9q1N2x0E/maxresdefault.webp", "width": 1920, "height": 1080, "resolution": "1920x1080", "id": "4"}], "description": "Espero les guste esta version de piano de la cancion \"Waymaker\"\n\nGracias y no te olvides de suscribirte para ver mas videos asi\n\nSaludos!!\n#Waymaker #PianoCover #Sinach\n\nFACEBOOK:\nhttps://m.facebook.com/max.emsoundz/\n\nINSTAGRAM:\nhttps://www.instagram.com/maxemanuelmusic/\n\nDonations (Thank you!) :\nhttps://www.paypal.me/maxemanuelmusic", "categories": ["Music"], "tags": ["sinach", "instrumental", "piano", "teclado", "music", "track", "pista", "karaoke", "arrangement", "religious", "god", "christ", "jesus", "jesucristo", "praise", "worship", "alabanza", "adoracion", "orar", "meditacion", "relax", "soothing", "ambiental", "emanuelc5", "kontakt", "the giant", "native instruments", "logic pro x", "roland a-88", "home studio", "estudio grabacion", "musical", "praying"], "subtitles": {}, "automatic_captions": {}, "duration": 397, "age_limit": 0, "annotations": null, "chapters": null, "webpage_url": "https://www.youtube.com/watch?v=5Ju9q1N2x0E", "view_count": 1018776, "like_count": 16884, "dislike_count": 227, "average_rating": 4.9469347, "formats": [{"format_id": "249", "url": "https://r7---sn-5njj-u2xl.googlevideo.com/videoplayback?expire=1609068878&ei=7hzoX5uoF76es8IP__-W2AQ&ip=140.109.135.76&id=o-ANezefry9Rkst6LuyoYamsiiUD2HIIz21jSyYzOOAiDR&itag=249&source=youtube&requiressl=yes&mh=2o&mm=31%2C29&mn=sn-5njj-u2xl%2Csn-un57sn7s&ms=au%2Crdu&mv=m&mvi=7&pl=16&initcwndbps=747500&vprv=1&mime=audio%2Fwebm&ns=gHC7Q_RJ4kSZwczXdVuvzQwF&gir=yes&clen=2766285&dur=397.221&lmt=1575900592415092&mt=1609047156&fvip=2&keepalive=yes&c=WEB&txp=5431432&n=RLuQAqw1gBbcJ5tn&sparams=expire%2Cei%2Cip%2Cid%2Citag%2Csource%2Crequiressl%2Cvprv%2Cmime%2Cns%2Cgir%2Cclen%2Cdur%2Clmt&lsparams=mh%2Cmm%2Cmn%2Cms%2Cmv%2Cmvi%2Cpl%2Cinitcwndbps&lsig=AG3C_xAwRgIhAN9J6AsLwdVna-ZFfo9Ab_7UX6h_Zh_SyR0QzwsIUQi7AiEAxlwuqp0ADmADm45kImv6EfdWomNJc-z1rGzF7O_qYqk%3D&sig=AOq0QJ8wRAIgFbVFasWk42HFsT4NqKpXb1rzmFx-MN-Rqw4daL5ytvUCIGgc5Yqks048vcNTnzzbv0MfLKUBKx7TyetHdbco3OtK&ratebypass=yes", "player_url": "/s/player/5dd3f3b2/player_ias.vflset/en_US/base.js", "ext": "webm", "format_note": "tiny", "acodec": "opus", "abr": 50, "asr": 48000, "filesize": 2766285, "fps": null, "height": null, "tbr": 59.703, "width": null, "vcodec": "none", "downloader_options": {"http_chunk_size": 10485760}, "format": "249 - audio only (tiny)", "protocol": "https", "http_headers": {"User-Agent": "Mozilla/5.0 (Windows NT 10.0; Win64; x64) AppleWebKit/537.36 (KHTML, like Gecko) Chrome/74.0.3729.16 Safari/537.36", "Accept-Charset": "ISO-8859-1,utf-8;q=0.7,*;q=0.7", "Accept": "text/html,application/xhtml+xml,application/xml;q=0.9,*/*;q=0.8", "Accept-Encoding": "gzip, deflate", "Accept-Language": "en-us,en;q=0.5"}}, {"format_id": "250", "url": "https://r7---sn-5njj-u2xl.googlevideo.com/videoplayback?expire=1609068878&ei=7hzoX5uoF76es8IP__-W2AQ&ip=140.109.135.76&id=o-ANezefry9Rkst6LuyoYamsiiUD2HIIz21jSyYzOOAiDR&itag=250&source=youtube&requiressl=yes&mh=2o&mm=31%2C29&mn=sn-5njj-u2xl%2Csn-un57sn7s&ms=au%2Crdu&mv=m&mvi=7&pl=16&initcwndbps=747500&vprv=1&mime=audio%2Fwebm&ns=gHC7Q_RJ4kSZwczXdVuvzQwF&gir=yes&clen=3724320&dur=397.221&lmt=1575900596106548&mt=1609047156&fvip=2&keepalive=yes&c=WEB&txp=5431432&n=RLuQAqw1gBbcJ5tn&sparams=expire%2Cei%2Cip%2Cid%2Citag%2Csource%2Crequiressl%2Cvprv%2Cmime%2Cns%2Cgir%2Cclen%2Cdur%2Clmt&lsparams=mh%2Cmm%2Cmn%2Cms%2Cmv%2Cmvi%2Cpl%2Cinitcwndbps&lsig=AG3C_xAwRQIhAI0XO6ZgeS482iPiW1ZTjnLqpd_3KH018Lld8pkM2Np7AiBEmP6O-Jh3eHe6gsNccCT-CgPoOJzM6_r8O7bb1sklsg%3D%3D&sig=AOq0QJ8wRQIgNfGesCjO1LUZpKTqL8klrjR1efptfCybxFkq8xPAz34CIQC9ZvH79nnnFd2gjdDqRmBAnCZOB1L8mf5gdwsigB2E_w==&ratebypass=yes", "player_url": "/s/player/5dd3f3b2/player_ias.vflset/en_US/base.js", "ext": "webm", "format_note": "tiny", "acodec": "opus", "abr": 70, "asr": 48000, "filesize": 3724320, "fps": null, "height": null, "tbr": 80.168, "width": null, "vcodec": "none", "downloader_options": {"http_chunk_size": 10485760}, "format": "250 - audio only (tiny)", "protocol": "https", "http_headers": {"User-Agent": "Mozilla/5.0 (Windows NT 10.0; Win64; x64) AppleWebKit/537.36 (KHTML, like Gecko) Chrome/74.0.3729.16 Safari/537.36", "Accept-Charset": "ISO-8859-1,utf-8;q=0.7,*;q=0.7", "Accept": "text/html,application/xhtml+xml,application/xml;q=0.9,*/*;q=0.8", "Accept-Encoding": "gzip, deflate", "Accept-Language": "en-us,en;q=0.5"}}, {"format_id": "140", "url": "https://r7---sn-5njj-u2xl.googlevideo.com/videoplayback?expire=1609068878&ei=7hzoX5uoF76es8IP__-W2AQ&ip=140.109.135.76&id=o-ANezefry9Rkst6LuyoYamsiiUD2HIIz21jSyYzOOAiDR&itag=140&source=youtube&requiressl=yes&mh=2o&mm=31%2C29&mn=sn-5njj-u2xl%2Csn-un57sn7s&ms=au%2Crdu&mv=m&mvi=7&pl=16&initcwndbps=747500&vprv=1&mime=audio%2Fmp4&ns=gHC7Q_RJ4kSZwczXdVuvzQwF&gir=yes&clen=6429687&dur=397.246&lmt=1575900624470829&mt=1609047156&fvip=2&keepalive=yes&c=WEB&txp=5431432&n=RLuQAqw1gBbcJ5tn&sparams=expire%2Cei%2Cip%2Cid%2Citag%2Csource%2Crequiressl%2Cvprv%2Cmime%2Cns%2Cgir%2Cclen%2Cdur%2Clmt&lsparams=mh%2Cmm%2Cmn%2Cms%2Cmv%2Cmvi%2Cpl%2Cinitcwndbps&lsig=AG3C_xAwRAIgGFB87yycBzfuZUrxtrLt5DjeL8Q96hTB966Icn724FICIDQS-XewpyV-UpyGgVjTOUX_5qy0QcPv171DLlHjdfXS&sig=AOq0QJ8wRgIhAKpGFtgylE18tWKVV9-FV0fBP6ChoTipDCBW7tav0i7UAiEA1OVO6QpAtzTVAO8jZ9WwqWUr2RgL1WJPpatzXMI7Afg=&ratebypass=yes", "player_url": "/s/player/5dd3f3b2/player_ias.vflset/en_US/base.js", "ext": "m4a", "format_note": "tiny", "acodec": "mp4a.40.2", "abr": 128, "container": "m4a_dash", "asr": 44100, "filesize": 6429687, "fps": null, "height": null, "tbr": 130.372, "width": null, "vcodec": "none", "downloader_options": {"http_chunk_size": 10485760}, "format": "140 - audio only (tiny)", "protocol": "https", "http_headers": {"User-Agent": "Mozilla/5.0 (Windows NT 10.0; Win64; x64) AppleWebKit/537.36 (KHTML, like Gecko) Chrome/74.0.3729.16 Safari/537.36", "Accept-Charset": "ISO-8859-1,utf-8;q=0.7,*;q=0.7", "Accept": "text/html,application/xhtml+xml,application/xml;q=0.9,*/*;q=0.8", "Accept-Encoding": "gzip, deflate", "Accept-Language": "en-us,en;q=0.5"}}, {"format_id": "251", "url": "https://r7---sn-5njj-u2xl.googlevideo.com/videoplayback?expire=1609068878&ei=7hzoX5uoF76es8IP__-W2AQ&ip=140.109.135.76&id=o-ANezefry9Rkst6LuyoYamsiiUD2HIIz21jSyYzOOAiDR&itag=251&source=youtube&requiressl=yes&mh=2o&mm=31%2C29&mn=sn-5njj-u2xl%2Csn-un57sn7s&ms=au%2Crdu&mv=m&mvi=7&pl=16&initcwndbps=747500&vprv=1&mime=audio%2Fwebm&ns=gHC7Q_RJ4kSZwczXdVuvzQwF&gir=yes&clen=7148956&dur=397.221&lmt=1575900601831194&mt=1609047156&fvip=2&keepalive=yes&c=WEB&txp=5431432&n=RLuQAqw1gBbcJ5tn&sparams=expire%2Cei%2Cip%2Cid%2Citag%2Csource%2Crequiressl%2Cvprv%2Cmime%2Cns%2Cgir%2Cclen%2Cdur%2Clmt&lsparams=mh%2Cmm%2Cmn%2Cms%2Cmv%2Cmvi%2Cpl%2Cinitcwndbps&lsig=AG3C_xAwRgIhAN-qH59nuPTJZOtLI7d4Vg7khy7Uy6BgL2ykuxQ8FRkIAiEAi1bxsxG81WlADzoKt1q6WQwwCgh_rkVS4JMZ4fJ-rVc%3D&sig=AOq0QJ8wRQIhAMMGwVkdSEl7R7GbuzuXzds3D7eTXYGOiVXH2OXPW_GPAiBtVudRg0M9MbUHT7T7gTC6yS5Lfs2HS4pSwezckyzzOQ==&ratebypass=yes", "player_url": "/s/player/5dd3f3b2/player_ias.vflset/en_US/base.js", "ext": "webm", "format_note": "tiny", "acodec": "opus", "abr": 160, "asr": 48000, "filesize": 7148956, "fps": null, "height": null, "tbr": 153.197, "width": null, "vcodec": "none", "downloader_options": {"http_chunk_size": 10485760}, "format": "251 - audio only (tiny)", "protocol": "https", "http_headers": {"User-Agent": "Mozilla/5.0 (Windows NT 10.0; Win64; x64) AppleWebKit/537.36 (KHTML, like Gecko) Chrome/74.0.3729.16 Safari/537.36", "Accept-Charset": "ISO-8859-1,utf-8;q=0.7,*;q=0.7", "Accept": "text/html,application/xhtml+xml,application/xml;q=0.9,*/*;q=0.8", "Accept-Encoding": "gzip, deflate", "Accept-Language": "en-us,en;q=0.5"}}, {"format_id": "160", "url": "https://r7---sn-5njj-u2xl.googlevideo.com/videoplayback?expire=1609068878&ei=7hzoX5uoF76es8IP__-W2AQ&ip=140.109.135.76&id=o-ANezefry9Rkst6LuyoYamsiiUD2HIIz21jSyYzOOAiDR&itag=160&aitags=133%2C134%2C135%2C136%2C137%2C160%2C242%2C243%2C244%2C247%2C248%2C278&source=youtube&requiressl=yes&mh=2o&mm=31%2C29&mn=sn-5njj-u2xl%2Csn-un57sn7s&ms=au%2Crdu&mv=m&mvi=7&pl=16&initcwndbps=747500&vprv=1&mime=video%2Fmp4&ns=gHC7Q_RJ4kSZwczXdVuvzQwF&gir=yes&clen=3125964&dur=397.188&lmt=1575901212568797&mt=1609047156&fvip=2&keepalive=yes&c=WEB&txp=5432432&n=RLuQAqw1gBbcJ5tn&sparams=expire%2Cei%2Cip%2Cid%2Caitags%2Csource%2Crequiressl%2Cvprv%2Cmime%2Cns%2Cgir%2Cclen%2Cdur%2Clmt&lsparams=mh%2Cmm%2Cmn%2Cms%2Cmv%2Cmvi%2Cpl%2Cinitcwndbps&lsig=AG3C_xAwRAIgFi8II_XLbQObNQv6Rgm4nJrM5q0ar5fJ3ayXvkhKPyECIGTRYF_HodYNmYqXcQxgn9uoenMqk55h5KLfvOtNzzF5&sig=AOq0QJ8wRgIhAN1OZ7eWlIdxJTHxyykm8y_pNoXrOrvL7biUT4UH2_XxAiEArp8ayehFsHVmflQ2Hl1sQZE6N-hw_lYV21naF82xoAo=&ratebypass=yes", "player_url": "/s/player/5dd3f3b2/player_ias.vflset/en_US/base.js", "ext": "mp4", "height": 144, "format_note": "144p", "vcodec": "avc1.4d400c", "asr": null, "filesize": 3125964, "fps": 24, "tbr": 94.795, "width": 256, "acodec": "none", "downloader_options": {"http_chunk_size": 10485760}, "format": "160 - 256x144 (144p)", "protocol": "https", "http_headers": {"User-Agent": "Mozilla/5.0 (Windows NT 10.0; Win64; x64) AppleWebKit/537.36 (KHTML, like Gecko) Chrome/74.0.3729.16 Safari/537.36", "Accept-Charset": "ISO-8859-1,utf-8;q=0.7,*;q=0.7", "Accept": "text/html,application/xhtml+xml,application/xml;q=0.9,*/*;q=0.8", "Accept-Encoding": "gzip, deflate", "Accept-Language": "en-us,en;q=0.5"}}, {"format_id": "278", "url": "https://r7---sn-5njj-u2xl.googlevideo.com/videoplayback?expire=1609068878&ei=7hzoX5uoF76es8IP__-W2AQ&ip=140.109.135.76&id=o-ANezefry9Rkst6LuyoYamsiiUD2HIIz21jSyYzOOAiDR&itag=278&aitags=133%2C134%2C135%2C136%2C137%2C160%2C242%2C243%2C244%2C247%2C248%2C278&source=youtube&requiressl=yes&mh=2o&mm=31%2C29&mn=sn-5njj-u2xl%2Csn-un57sn7s&ms=au%2Crdu&mv=m&mvi=7&pl=16&initcwndbps=747500&vprv=1&mime=video%2Fwebm&ns=gHC7Q_RJ4kSZwczXdVuvzQwF&gir=yes&clen=3931080&dur=397.188&lmt=1575901839227253&mt=1609047156&fvip=2&keepalive=yes&c=WEB&txp=5431432&n=RLuQAqw1gBbcJ5tn&sparams=expire%2Cei%2Cip%2Cid%2Caitags%2Csource%2Crequiressl%2Cvprv%2Cmime%2Cns%2Cgir%2Cclen%2Cdur%2Clmt&lsparams=mh%2Cmm%2Cmn%2Cms%2Cmv%2Cmvi%2Cpl%2Cinitcwndbps&lsig=AG3C_xAwRQIhAOWavuL4QpGunxEspHmbtldyhXrFk3fH3C4wbGDOKDuqAiB5_6KN8pM4ww5IHBcBVYop76ji9Gv9D-aLLleR5Bu4uA%3D%3D&sig=AOq0QJ8wRQIgK33ECFasMWQ0vsVRJRnk-V9sRUh0tCyqIlEExIgD8toCIQC4Vl6drKWXiD8P6vO1hTG8IcKbWJHJirPnq1ZmT0ZHOA==&ratebypass=yes", "player_url": "/s/player/5dd3f3b2/player_ias.vflset/en_US/base.js", "ext": "webm", "height": 144, "format_note": "144p", "container": "webm", "vcodec": "vp9", "asr": null, "filesize": 3931080, "fps": 24, "tbr": 95.388, "width": 256, "acodec": "none", "downloader_options": {"http_chunk_size": 10485760}, "format": "278 - 256x144 (144p)", "protocol": "https", "http_headers": {"User-Agent": "Mozilla/5.0 (Windows NT 10.0; Win64; x64) AppleWebKit/537.36 (KHTML, like Gecko) Chrome/74.0.3729.16 Safari/537.36", "Accept-Charset": "ISO-8859-1,utf-8;q=0.7,*;q=0.7", "Accept": "text/html,application/xhtml+xml,application/xml;q=0.9,*/*;q=0.8", "Accept-Encoding": "gzip, deflate", "Accept-Language": "en-us,en;q=0.5"}}, {"format_id": "133", "url": "https://r7---sn-5njj-u2xl.googlevideo.com/videoplayback?expire=1609068878&ei=7hzoX5uoF76es8IP__-W2AQ&ip=140.109.135.76&id=o-ANezefry9Rkst6LuyoYamsiiUD2HIIz21jSyYzOOAiDR&itag=133&aitags=133%2C134%2C135%2C136%2C137%2C160%2C242%2C243%2C244%2C247%2C248%2C278&source=youtube&requiressl=yes&mh=2o&mm=31%2C29&mn=sn-5njj-u2xl%2Csn-un57sn7s&ms=au%2Crdu&mv=m&mvi=7&pl=16&initcwndbps=747500&vprv=1&mime=video%2Fmp4&ns=gHC7Q_RJ4kSZwczXdVuvzQwF&gir=yes&clen=5360286&dur=397.188&lmt=1575901212558735&mt=1609047156&fvip=2&keepalive=yes&c=WEB&txp=5432432&n=RLuQAqw1gBbcJ5tn&sparams=expire%2Cei%2Cip%2Cid%2Caitags%2Csource%2Crequiressl%2Cvprv%2Cmime%2Cns%2Cgir%2Cclen%2Cdur%2Clmt&lsparams=mh%2Cmm%2Cmn%2Cms%2Cmv%2Cmvi%2Cpl%2Cinitcwndbps&lsig=AG3C_xAwRQIhANKDIfXgWXYYWolph5-SuPAjq_o7I20AOZF08c_ddhgsAiAxIFly2qDN5BoXSccuhbcQnIWxh7a8sVQnXbax8kVM4w%3D%3D&sig=AOq0QJ8wRgIhAJHrXs1tCffpRuUpnJ-RTZ6rubKGwZQTqfBT4x2rAuSxAiEAkmwGa9g_a-RKY_ipQPhHl_V_E5ukCSc3w-gmkWwefCo=&ratebypass=yes", "player_url": "/s/player/5dd3f3b2/player_ias.vflset/en_US/base.js", "ext": "mp4", "height": 240, "format_note": "240p", "vcodec": "avc1.4d4015", "asr": null, "filesize": 5360286, "fps": 24, "tbr": 162.376, "width": 426, "acodec": "none", "downloader_options": {"http_chunk_size": 10485760}, "format": "133 - 426x240 (240p)", "protocol": "https", "http_headers": {"User-Agent": "Mozilla/5.0 (Windows NT 10.0; Win64; x64) AppleWebKit/537.36 (KHTML, like Gecko) Chrome/74.0.3729.16 Safari/537.36", "Accept-Charset": "ISO-8859-1,utf-8;q=0.7,*;q=0.7", "Accept": "text/html,application/xhtml+xml,application/xml;q=0.9,*/*;q=0.8", "Accept-Encoding": "gzip, deflate", "Accept-Language": "en-us,en;q=0.5"}}, {"format_id": "242", "url": "https://r7---sn-5njj-u2xl.googlevideo.com/videoplayback?expire=1609068878&ei=7hzoX5uoF76es8IP__-W2AQ&ip=140.109.135.76&id=o-ANezefry9Rkst6LuyoYamsiiUD2HIIz21jSyYzOOAiDR&itag=242&aitags=133%2C134%2C135%2C136%2C137%2C160%2C242%2C243%2C244%2C247%2C248%2C278&source=youtube&requiressl=yes&mh=2o&mm=31%2C29&mn=sn-5njj-u2xl%2Csn-un57sn7s&ms=au%2Crdu&mv=m&mvi=7&pl=16&initcwndbps=747500&vprv=1&mime=video%2Fwebm&ns=gHC7Q_RJ4kSZwczXdVuvzQwF&gir=yes&clen=7609899&dur=397.188&lmt=1575901839230101&mt=1609047156&fvip=2&keepalive=yes&c=WEB&txp=5431432&n=RLuQAqw1gBbcJ5tn&sparams=expire%2Cei%2Cip%2Cid%2Caitags%2Csource%2Crequiressl%2Cvprv%2Cmime%2Cns%2Cgir%2Cclen%2Cdur%2Clmt&lsparams=mh%2Cmm%2Cmn%2Cms%2Cmv%2Cmvi%2Cpl%2Cinitcwndbps&lsig=AG3C_xAwRQIhAPGnWOuJPmm-U92RQK7Ow_aivFW-GDFKgXD0QGcIbx5NAiBFIrDqXneAVeB4hsTmRnplKZVV_wmFqNPyJNzMn0mJaw%3D%3D&sig=AOq0QJ8wRAIgVCyBTyJDu9bkaHoNbL1aCaLYrfsCkcDoV8ZtkxqhSYYCIHVLmgfhhSSHL2kKD8iCRzEFsdgUeG-eD4LIffLEOlnQ&ratebypass=yes", "player_url": "/s/player/5dd3f3b2/player_ias.vflset/en_US/base.js", "ext": "webm", "height": 240, "format_note": "240p", "vcodec": "vp9", "asr": null, "filesize": 7609899, "fps": 24, "tbr": 193.2, "width": 426, "acodec": "none", "downloader_options": {"http_chunk_size": 10485760}, "format": "242 - 426x240 (240p)", "protocol": "https", "http_headers": {"User-Agent": "Mozilla/5.0 (Windows NT 10.0; Win64; x64) AppleWebKit/537.36 (KHTML, like Gecko) Chrome/74.0.3729.16 Safari/537.36", "Accept-Charset": "ISO-8859-1,utf-8;q=0.7,*;q=0.7", "Accept": "text/html,application/xhtml+xml,application/xml;q=0.9,*/*;q=0.8", "Accept-Encoding": "gzip, deflate", "Accept-Language": "en-us,en;q=0.5"}}, {"format_id": "243", "url": "https://r7---sn-5njj-u2xl.googlevideo.com/videoplayback?expire=1609068878&ei=7hzoX5uoF76es8IP__-W2AQ&ip=140.109.135.76&id=o-ANezefry9Rkst6LuyoYamsiiUD2HIIz21jSyYzOOAiDR&itag=243&aitags=133%2C134%2C135%2C136%2C137%2C160%2C242%2C243%2C244%2C247%2C248%2C278&source=youtube&requiressl=yes&mh=2o&mm=31%2C29&mn=sn-5njj-u2xl%2Csn-un57sn7s&ms=au%2Crdu&mv=m&mvi=7&pl=16&initcwndbps=747500&vprv=1&mime=video%2Fwebm&ns=gHC7Q_RJ4kSZwczXdVuvzQwF&gir=yes&clen=13546805&dur=397.188&lmt=1575901839226521&mt=1609047156&fvip=2&keepalive=yes&c=WEB&txp=5431432&n=RLuQAqw1gBbcJ5tn&sparams=expire%2Cei%2Cip%2Cid%2Caitags%2Csource%2Crequiressl%2Cvprv%2Cmime%2Cns%2Cgir%2Cclen%2Cdur%2Clmt&lsparams=mh%2Cmm%2Cmn%2Cms%2Cmv%2Cmvi%2Cpl%2Cinitcwndbps&lsig=AG3C_xAwRAIgRwkNx24C-2lhDeOsy9ycSuULnWMwCmP_zeyeU-FYLf0CIAtqwG3YgJC0vHQ7yqdFiznnBl2w8xf5WIiZ0824cgjT&sig=AOq0QJ8wRAIgPzXhDEYR04cbJzDPXOsJ475LeT6xyTre81fXoEgtV18CIEQX1H902C1rsjej7DDwSZQahFQmRvj3BTyXDyh6g2s1&ratebypass=yes", "player_url": "/s/player/5dd3f3b2/player_ias.vflset/en_US/base.js", "ext": "webm", "height": 360, "format_note": "360p", "vcodec": "vp9", "asr": null, "filesize": 13546805, "fps": 24, "tbr": 345.754, "width": 640, "acodec": "none", "downloader_options": {"http_chunk_size": 10485760}, "format": "243 - 640x360 (360p)", "protocol": "https", "http_headers": {"User-Agent": "Mozilla/5.0 (Windows NT 10.0; Win64; x64) AppleWebKit/537.36 (KHTML, like Gecko) Chrome/74.0.3729.16 Safari/537.36", "Accept-Charset": "ISO-8859-1,utf-8;q=0.7,*;q=0.7", "Accept": "text/html,application/xhtml+xml,application/xml;q=0.9,*/*;q=0.8", "Accept-Encoding": "gzip, deflate", "Accept-Language": "en-us,en;q=0.5"}}, {"format_id": "134", "url": "https://r7---sn-5njj-u2xl.googlevideo.com/videoplayback?expire=1609068878&ei=7hzoX5uoF76es8IP__-W2AQ&ip=140.109.135.76&id=o-ANezefry9Rkst6LuyoYamsiiUD2HIIz21jSyYzOOAiDR&itag=134&aitags=133%2C134%2C135%2C136%2C137%2C160%2C242%2C243%2C244%2C247%2C248%2C278&source=youtube&requiressl=yes&mh=2o&mm=31%2C29&mn=sn-5njj-u2xl%2Csn-un57sn7s&ms=au%2Crdu&mv=m&mvi=7&pl=16&initcwndbps=747500&vprv=1&mime=video%2Fmp4&ns=gHC7Q_RJ4kSZwczXdVuvzQwF&gir=yes&clen=12653411&dur=397.188&lmt=1575901232813396&mt=1609047156&fvip=2&keepalive=yes&c=WEB&txp=5432432&n=RLuQAqw1gBbcJ5tn&sparams=expire%2Cei%2Cip%2Cid%2Caitags%2Csource%2Crequiressl%2Cvprv%2Cmime%2Cns%2Cgir%2Cclen%2Cdur%2Clmt&lsparams=mh%2Cmm%2Cmn%2Cms%2Cmv%2Cmvi%2Cpl%2Cinitcwndbps&lsig=AG3C_xAwRQIhAMACcJE0GR8SIZfOxeSnlvNTeJLAeYY4Z_aM9rPrh9OJAiBXy3WyJOKsGLP7X5v9wbqBLrJDqWjdzIRV3GL1aEO_-g%3D%3D&sig=AOq0QJ8wRgIhAJoy73wqJdBf3k3vbMBdjCCvVeH0qnQGTP0orlJHEQpYAiEA4WLnAkNi-4ipzT7pdpvFJaImOVnOJSbzMJ1KZdqLd4Q=&ratebypass=yes", "player_url": "/s/player/5dd3f3b2/player_ias.vflset/en_US/base.js", "ext": "mp4", "height": 360, "format_note": "360p", "vcodec": "avc1.4d401e", "asr": null, "filesize": 12653411, "fps": 24, "tbr": 375.124, "width": 640, "acodec": "none", "downloader_options": {"http_chunk_size": 10485760}, "format": "134 - 640x360 (360p)", "protocol": "https", "http_headers": {"User-Agent": "Mozilla/5.0 (Windows NT 10.0; Win64; x64) AppleWebKit/537.36 (KHTML, like Gecko) Chrome/74.0.3729.16 Safari/537.36", "Accept-Charset": "ISO-8859-1,utf-8;q=0.7,*;q=0.7", "Accept": "text/html,application/xhtml+xml,application/xml;q=0.9,*/*;q=0.8", "Accept-Encoding": "gzip, deflate", "Accept-Language": "en-us,en;q=0.5"}}, {"format_id": "244", "url": "https://r7---sn-5njj-u2xl.googlevideo.com/videoplayback?expire=1609068878&ei=7hzoX5uoF76es8IP__-W2AQ&ip=140.109.135.76&id=o-ANezefry9Rkst6LuyoYamsiiUD2HIIz21jSyYzOOAiDR&itag=244&aitags=133%2C134%2C135%2C136%2C137%2C160%2C242%2C243%2C244%2C247%2C248%2C278&source=youtube&requiressl=yes&mh=2o&mm=31%2C29&mn=sn-5njj-u2xl%2Csn-un57sn7s&ms=au%2Crdu&mv=m&mvi=7&pl=16&initcwndbps=747500&vprv=1&mime=video%2Fwebm&ns=gHC7Q_RJ4kSZwczXdVuvzQwF&gir=yes&clen=22623149&dur=397.188&lmt=1575901839247061&mt=1609047156&fvip=2&keepalive=yes&c=WEB&txp=5431432&n=RLuQAqw1gBbcJ5tn&sparams=expire%2Cei%2Cip%2Cid%2Caitags%2Csource%2Crequiressl%2Cvprv%2Cmime%2Cns%2Cgir%2Cclen%2Cdur%2Clmt&lsparams=mh%2Cmm%2Cmn%2Cms%2Cmv%2Cmvi%2Cpl%2Cinitcwndbps&lsig=AG3C_xAwRQIgaBcR2MR58vsOe1cpheeCwIvlj2t13TzToMc84V1p3Q8CIQC5NwkY7YAJGtCew_VjomJ6wTW4oqmFK9__yb9nce8PvQ%3D%3D&sig=AOq0QJ8wRQIhANxsJCxCDYGytI8ETMmPUrC559EZVLs4hST-b3SJkD8-AiAqQCuNIf9cAJObbMxgTU3DSpuC3i_7ItXaYDDYTIh1EQ==&ratebypass=yes", "player_url": "/s/player/5dd3f3b2/player_ias.vflset/en_US/base.js", "ext": "webm", "height": 480, "format_note": "480p", "vcodec": "vp9", "asr": null, "filesize": 22623149, "fps": 24, "tbr": 614.646, "width": 854, "acodec": "none", "downloader_options": {"http_chunk_size": 10485760}, "format": "244 - 854x480 (480p)", "protocol": "https", "http_headers": {"User-Agent": "Mozilla/5.0 (Windows NT 10.0; Win64; x64) AppleWebKit/537.36 (KHTML, like Gecko) Chrome/74.0.3729.16 Safari/537.36", "Accept-Charset": "ISO-8859-1,utf-8;q=0.7,*;q=0.7", "Accept": "text/html,application/xhtml+xml,application/xml;q=0.9,*/*;q=0.8", "Accept-Encoding": "gzip, deflate", "Accept-Language": "en-us,en;q=0.5"}}, {"format_id": "135", "url": "https://r7---sn-5njj-u2xl.googlevideo.com/videoplayback?expire=1609068878&ei=7hzoX5uoF76es8IP__-W2AQ&ip=140.109.135.76&id=o-ANezefry9Rkst6LuyoYamsiiUD2HIIz21jSyYzOOAiDR&itag=135&aitags=133%2C134%2C135%2C136%2C137%2C160%2C242%2C243%2C244%2C247%2C248%2C278&source=youtube&requiressl=yes&mh=2o&mm=31%2C29&mn=sn-5njj-u2xl%2Csn-un57sn7s&ms=au%2Crdu&mv=m&mvi=7&pl=16&initcwndbps=747500&vprv=1&mime=video%2Fmp4&ns=gHC7Q_RJ4kSZwczXdVuvzQwF&gir=yes&clen=25304903&dur=397.188&lmt=1575901212557445&mt=1609047156&fvip=2&keepalive=yes&c=WEB&txp=5432432&n=RLuQAqw1gBbcJ5tn&sparams=expire%2Cei%2Cip%2Cid%2Caitags%2Csource%2Crequiressl%2Cvprv%2Cmime%2Cns%2Cgir%2Cclen%2Cdur%2Clmt&lsparams=mh%2Cmm%2Cmn%2Cms%2Cmv%2Cmvi%2Cpl%2Cinitcwndbps&lsig=AG3C_xAwRQIhAKStamFinBY13LwBkKwII7ZYGNAWBBPqI8Hlfqs_Ob43AiBjakN3uYaZrU9q3oI3Q2iZPpybubUz4NEsB3luEzYSnA%3D%3D&sig=AOq0QJ8wRAIgQN3y0A9jAnjlJYfUp478VHHqlXxxHvfayWYjXWnMpL4CIGPQmiX641AqqsJ7U1KepyA-qVEEvZEOIWH5lzwplaPA&ratebypass=yes", "player_url": "/s/player/5dd3f3b2/player_ias.vflset/en_US/base.js", "ext": "mp4", "height": 480, "format_note": "480p", "vcodec": "avc1.4d401e", "asr": null, "filesize": 25304903, "fps": 24, "tbr": 723.903, "width": 854, "acodec": "none", "downloader_options": {"http_chunk_size": 10485760}, "format": "135 - 854x480 (480p)", "protocol": "https", "http_headers": {"User-Agent": "Mozilla/5.0 (Windows NT 10.0; Win64; x64) AppleWebKit/537.36 (KHTML, like Gecko) Chrome/74.0.3729.16 Safari/537.36", "Accept-Charset": "ISO-8859-1,utf-8;q=0.7,*;q=0.7", "Accept": "text/html,application/xhtml+xml,application/xml;q=0.9,*/*;q=0.8", "Accept-Encoding": "gzip, deflate", "Accept-Language": "en-us,en;q=0.5"}}, {"format_id": "247", "url": "https://r7---sn-5njj-u2xl.googlevideo.com/videoplayback?expire=1609068878&ei=7hzoX5uoF76es8IP__-W2AQ&ip=140.109.135.76&id=o-ANezefry9Rkst6LuyoYamsiiUD2HIIz21jSyYzOOAiDR&itag=247&aitags=133%2C134%2C135%2C136%2C137%2C160%2C242%2C243%2C244%2C247%2C248%2C278&source=youtube&requiressl=yes&mh=2o&mm=31%2C29&mn=sn-5njj-u2xl%2Csn-un57sn7s&ms=au%2Crdu&mv=m&mvi=7&pl=16&initcwndbps=747500&vprv=1&mime=video%2Fwebm&ns=gHC7Q_RJ4kSZwczXdVuvzQwF&gir=yes&clen=49700146&dur=397.188&lmt=1575901839246250&mt=1609047156&fvip=2&keepalive=yes&c=WEB&txp=5431432&n=RLuQAqw1gBbcJ5tn&sparams=expire%2Cei%2Cip%2Cid%2Caitags%2Csource%2Crequiressl%2Cvprv%2Cmime%2Cns%2Cgir%2Cclen%2Cdur%2Clmt&lsparams=mh%2Cmm%2Cmn%2Cms%2Cmv%2Cmvi%2Cpl%2Cinitcwndbps&lsig=AG3C_xAwRAIga6bSogrIhT94_AXe1wUTQVWPwhWFFVwBRfc361gXsVACIAddegxxzpmyEXIcKOJVKg1ncLSpw9GwkL1KwXlE1eo5&sig=AOq0QJ8wRQIhAP2IrX0pGmkFTkDxqPfo8yvvqh6AOPqgixMxF9jLdeJtAiA5nEbrWrh9BgucDcmuCzIQ5Oi1wN1U7UfvbAvBt_OJ5g==&ratebypass=yes", "player_url": "/s/player/5dd3f3b2/player_ias.vflset/en_US/base.js", "ext": "webm", "height": 720, "format_note": "720p", "vcodec": "vp9", "asr": null, "filesize": 49700146, "fps": 24, "tbr": 1271.219, "width": 1280, "acodec": "none", "downloader_options": {"http_chunk_size": 10485760}, "format": "247 - 1280x720 (720p)", "protocol": "https", "http_headers": {"User-Agent": "Mozilla/5.0 (Windows NT 10.0; Win64; x64) AppleWebKit/537.36 (KHTML, like Gecko) Chrome/74.0.3729.16 Safari/537.36", "Accept-Charset": "ISO-8859-1,utf-8;q=0.7,*;q=0.7", "Accept": "text/html,application/xhtml+xml,application/xml;q=0.9,*/*;q=0.8", "Accept-Encoding": "gzip, deflate", "Accept-Language": "en-us,en;q=0.5"}}, {"format_id": "136", "url": "https://r7---sn-5njj-u2xl.googlevideo.com/videoplayback?expire=1609068878&ei=7hzoX5uoF76es8IP__-W2AQ&ip=140.109.135.76&id=o-ANezefry9Rkst6LuyoYamsiiUD2HIIz21jSyYzOOAiDR&itag=136&aitags=133%2C134%2C135%2C136%2C137%2C160%2C242%2C243%2C244%2C247%2C248%2C278&source=youtube&requiressl=yes&mh=2o&mm=31%2C29&mn=sn-5njj-u2xl%2Csn-un57sn7s&ms=au%2Crdu&mv=m&mvi=7&pl=16&initcwndbps=747500&vprv=1&mime=video%2Fmp4&ns=gHC7Q_RJ4kSZwczXdVuvzQwF&gir=yes&clen=49673720&dur=397.188&lmt=1575901212556171&mt=1609047156&fvip=2&keepalive=yes&c=WEB&txp=5432432&n=RLuQAqw1gBbcJ5tn&sparams=expire%2Cei%2Cip%2Cid%2Caitags%2Csource%2Crequiressl%2Cvprv%2Cmime%2Cns%2Cgir%2Cclen%2Cdur%2Clmt&lsparams=mh%2Cmm%2Cmn%2Cms%2Cmv%2Cmvi%2Cpl%2Cinitcwndbps&lsig=AG3C_xAwRQIhAM0K--weJOevbyP8Y3mdn8XZNIb5xCbghTLv6YNc6T0zAiBzsWz8Ya3lbLe5PCwLFw3zBv4j6bN-d3FCV5rUC_TtAg%3D%3D&sig=AOq0QJ8wRAIgSZ1WK7sSybwRN2tIY6RQsX0A8_QVjFVF1Med8l_QXpICID0j7-bNLVQX38S2P9qd_73Q0YoBoWw6nNtos6_uv4mq&ratebypass=yes", "player_url": "/s/player/5dd3f3b2/player_ias.vflset/en_US/base.js", "ext": "mp4", "height": 720, "format_note": "720p", "vcodec": "avc1.4d401f", "asr": null, "filesize": 49673720, "fps": 24, "tbr": 1379.384, "width": 1280, "acodec": "none", "downloader_options": {"http_chunk_size": 10485760}, "format": "136 - 1280x720 (720p)", "protocol": "https", "http_headers": {"User-Agent": "Mozilla/5.0 (Windows NT 10.0; Win64; x64) AppleWebKit/537.36 (KHTML, like Gecko) Chrome/74.0.3729.16 Safari/537.36", "Accept-Charset": "ISO-8859-1,utf-8;q=0.7,*;q=0.7", "Accept": "text/html,application/xhtml+xml,application/xml;q=0.9,*/*;q=0.8", "Accept-Encoding": "gzip, deflate", "Accept-Language": "en-us,en;q=0.5"}}, {"format_id": "248", "url": "https://r7---sn-5njj-u2xl.googlevideo.com/videoplayback?expire=1609068878&ei=7hzoX5uoF76es8IP__-W2AQ&ip=140.109.135.76&id=o-ANezefry9Rkst6LuyoYamsiiUD2HIIz21jSyYzOOAiDR&itag=248&aitags=133%2C134%2C135%2C136%2C137%2C160%2C242%2C243%2C244%2C247%2C248%2C278&source=youtube&requiressl=yes&mh=2o&mm=31%2C29&mn=sn-5njj-u2xl%2Csn-un57sn7s&ms=au%2Crdu&mv=m&mvi=7&pl=16&initcwndbps=747500&vprv=1&mime=video%2Fwebm&ns=gHC7Q_RJ4kSZwczXdVuvzQwF&gir=yes&clen=95744478&dur=397.188&lmt=1575901199669742&mt=1609047156&fvip=2&keepalive=yes&c=WEB&txp=5431432&n=RLuQAqw1gBbcJ5tn&sparams=expire%2Cei%2Cip%2Cid%2Caitags%2Csource%2Crequiressl%2Cvprv%2Cmime%2Cns%2Cgir%2Cclen%2Cdur%2Clmt&lsparams=mh%2Cmm%2Cmn%2Cms%2Cmv%2Cmvi%2Cpl%2Cinitcwndbps&lsig=AG3C_xAwRQIgFTIwsVeUnSkYHF7088PBoVSJX73NA45zd6WeRVEHpJICIQCVA8LeaobsZijRSoQwj-0yjmtStrCs4rpCfKS0J583hw%3D%3D&sig=AOq0QJ8wRQIhAKEbhx_IC6kD2V4hMI43ayo14KVTu_FI0O4DnKbiNpZGAiA8iribaU9qA4hxweUspNAMCU48K_gh32zhmiJS3TrnIw==&ratebypass=yes", "player_url": "/s/player/5dd3f3b2/player_ias.vflset/en_US/base.js", "ext": "webm", "height": 1080, "format_note": "1080p", "vcodec": "vp9", "asr": null, "filesize": 95744478, "fps": 24, "tbr": 2381.031, "width": 1920, "acodec": "none", "downloader_options": {"http_chunk_size": 10485760}, "format": "248 - 1920x1080 (1080p)", "protocol": "https", "http_headers": {"User-Agent": "Mozilla/5.0 (Windows NT 10.0; Win64; x64) AppleWebKit/537.36 (KHTML, like Gecko) Chrome/74.0.3729.16 Safari/537.36", "Accept-Charset": "ISO-8859-1,utf-8;q=0.7,*;q=0.7", "Accept": "text/html,application/xhtml+xml,application/xml;q=0.9,*/*;q=0.8", "Accept-Encoding": "gzip, deflate", "Accept-Language": "en-us,en;q=0.5"}}, {"format_id": "137", "url": "https://r7---sn-5njj-u2xl.googlevideo.com/videoplayback?expire=1609068878&ei=7hzoX5uoF76es8IP__-W2AQ&ip=140.109.135.76&id=o-ANezefry9Rkst6LuyoYamsiiUD2HIIz21jSyYzOOAiDR&itag=137&aitags=133%2C134%2C135%2C136%2C137%2C160%2C242%2C243%2C244%2C247%2C248%2C278&source=youtube&requiressl=yes&mh=2o&mm=31%2C29&mn=sn-5njj-u2xl%2Csn-un57sn7s&ms=au%2Crdu&mv=m&mvi=7&pl=16&initcwndbps=747500&vprv=1&mime=video%2Fmp4&ns=gHC7Q_RJ4kSZwczXdVuvzQwF&gir=yes&clen=96869613&dur=397.188&lmt=1575900872697889&mt=1609047156&fvip=2&keepalive=yes&c=WEB&txp=5432432&n=RLuQAqw1gBbcJ5tn&sparams=expire%2Cei%2Cip%2Cid%2Caitags%2Csource%2Crequiressl%2Cvprv%2Cmime%2Cns%2Cgir%2Cclen%2Cdur%2Clmt&lsparams=mh%2Cmm%2Cmn%2Cms%2Cmv%2Cmvi%2Cpl%2Cinitcwndbps&lsig=AG3C_xAwRgIhAKN5n-mLvhEhDz0OBsBpkWzBDxFOez3odpnmhIGsKlxuAiEAtTe3YZXwuO8OgURgadU1iheRVIJVz38OSK9FY6UXUv0%3D&sig=AOq0QJ8wRAIgGG2mZ3dZ5te4x-RL0KyzkR-jphE9vH8eYVxsU8FMkjsCIBqa8N-g1jGxc6NaoeoSYXSyUGEsQIX_XNQ4pXiF_a2b&ratebypass=yes", "player_url": "/s/player/5dd3f3b2/player_ias.vflset/en_US/base.js", "ext": "mp4", "height": 1080, "format_note": "1080p", "vcodec": "avc1.640028", "asr": null, "filesize": 96869613, "fps": 24, "tbr": 2577.24, "width": 1920, "acodec": "none", "downloader_options": {"http_chunk_size": 10485760}, "format": "137 - 1920x1080 (1080p)", "protocol": "https", "http_headers": {"User-Agent": "Mozilla/5.0 (Windows NT 10.0; Win64; x64) AppleWebKit/537.36 (KHTML, like Gecko) Chrome/74.0.3729.16 Safari/537.36", "Accept-Charset": "ISO-8859-1,utf-8;q=0.7,*;q=0.7", "Accept": "text/html,application/xhtml+xml,application/xml;q=0.9,*/*;q=0.8", "Accept-Encoding": "gzip, deflate", "Accept-Language": "en-us,en;q=0.5"}}, {"format_id": "18", "url": "https://r7---sn-5njj-u2xl.googlevideo.com/videoplayback?expire=1609068878&ei=7hzoX5uoF76es8IP__-W2AQ&ip=140.109.135.76&id=o-ANezefry9Rkst6LuyoYamsiiUD2HIIz21jSyYzOOAiDR&itag=18&source=youtube&requiressl=yes&mh=2o&mm=31%2C29&mn=sn-5njj-u2xl%2Csn-un57sn7s&ms=au%2Crdu&mv=m&mvi=7&pl=16&initcwndbps=747500&vprv=1&mime=video%2Fmp4&ns=QJGGjLqUY7MIdN11Hz3NE1IF&gir=yes&clen=25882067&ratebypass=yes&dur=397.246&lmt=1575900835404637&mt=1609047156&fvip=2&c=WEB&txp=5431432&n=M9IfK_Mvf_LDeu42&sparams=expire%2Cei%2Cip%2Cid%2Citag%2Csource%2Crequiressl%2Cvprv%2Cmime%2Cns%2Cgir%2Cclen%2Cratebypass%2Cdur%2Clmt&lsparams=mh%2Cmm%2Cmn%2Cms%2Cmv%2Cmvi%2Cpl%2Cinitcwndbps&lsig=AG3C_xAwRQIgF6EthxHFfpTWeDu07p1tuyH12lYNUZ-mtcoCcKzfInACIQDNfanV2io8nKjNwK5oQkn_-q2RZSp80WELepPDP764qw%3D%3D&sig=AOq0QJ8wRQIgei-PpxXaALtAL1D4L5gEn4SuDO-TSUcHzDPtVbU27DACIQCNAw29BgOYHYn5tURFCDEHpk9XYlv8yFvRux03kW4aPw==", "player_url": "/s/player/5dd3f3b2/player_ias.vflset/en_US/base.js", "ext": "mp4", "width": 640, "height": 360, "acodec": "mp4a.40.2", "abr": 96, "vcodec": "avc1.42001E", "asr": 44100, "filesize": 25882067, "format_note": "360p", "fps": 24, "tbr": 521.306, "format": "18 - 640x360 (360p)", "protocol": "https", "http_headers": {"User-Agent": "Mozilla/5.0 (Windows NT 10.0; Win64; x64) AppleWebKit/537.36 (KHTML, like Gecko) Chrome/74.0.3729.16 Safari/537.36", "Accept-Charset": "ISO-8859-1,utf-8;q=0.7,*;q=0.7", "Accept": "text/html,application/xhtml+xml,application/xml;q=0.9,*/*;q=0.8", "Accept-Encoding": "gzip, deflate", "Accept-Language": "en-us,en;q=0.5"}}], "is_live": null, "start_time": null, "end_time": null, "series": null, "season_number": null, "episode_number": null, "track": null, "artist": null, "album": null, "release_date": null, "release_year": null, "extractor": "youtube", "webpage_url_basename": "watch", "extractor_key": "Youtube", "playlist": null, "playlist_index": null, "thumbnail": "https://i.ytimg.com/vi_webp/5Ju9q1N2x0E/maxresdefault.webp", "display_id": "5Ju9q1N2x0E", "requested_subtitles": null, "format_id": "251", "url": "https://r7---sn-5njj-u2xl.googlevideo.com/videoplayback?expire=1609068878&ei=7hzoX5uoF76es8IP__-W2AQ&ip=140.109.135.76&id=o-ANezefry9Rkst6LuyoYamsiiUD2HIIz21jSyYzOOAiDR&itag=251&source=youtube&requiressl=yes&mh=2o&mm=31%2C29&mn=sn-5njj-u2xl%2Csn-un57sn7s&ms=au%2Crdu&mv=m&mvi=7&pl=16&initcwndbps=747500&vprv=1&mime=audio%2Fwebm&ns=gHC7Q_RJ4kSZwczXdVuvzQwF&gir=yes&clen=7148956&dur=397.221&lmt=1575900601831194&mt=1609047156&fvip=2&keepalive=yes&c=WEB&txp=5431432&n=RLuQAqw1gBbcJ5tn&sparams=expire%2Cei%2Cip%2Cid%2Citag%2Csource%2Crequiressl%2Cvprv%2Cmime%2Cns%2Cgir%2Cclen%2Cdur%2Clmt&lsparams=mh%2Cmm%2Cmn%2Cms%2Cmv%2Cmvi%2Cpl%2Cinitcwndbps&lsig=AG3C_xAwRgIhAN-qH59nuPTJZOtLI7d4Vg7khy7Uy6BgL2ykuxQ8FRkIAiEAi1bxsxG81WlADzoKt1q6WQwwCgh_rkVS4JMZ4fJ-rVc%3D&sig=AOq0QJ8wRQIhAMMGwVkdSEl7R7GbuzuXzds3D7eTXYGOiVXH2OXPW_GPAiBtVudRg0M9MbUHT7T7gTC6yS5Lfs2HS4pSwezckyzzOQ==&ratebypass=yes", "player_url": "/s/player/5dd3f3b2/player_ias.vflset/en_US/base.js", "ext": "webm", "format_note": "tiny", "acodec": "opus", "abr": 160, "asr": 48000, "filesize": 7148956, "fps": null, "height": null, "tbr": 153.197, "width": null, "vcodec": "none", "downloader_options": {"http_chunk_size": 10485760}, "format": "251 - audio only (tiny)", "protocol": "https", "http_headers": {"User-Agent": "Mozilla/5.0 (Windows NT 10.0; Win64; x64) AppleWebKit/537.36 (KHTML, like Gecko) Chrome/74.0.3729.16 Safari/537.36", "Accept-Charset": "ISO-8859-1,utf-8;q=0.7,*;q=0.7", "Accept": "text/html,application/xhtml+xml,application/xml;q=0.9,*/*;q=0.8", "Accept-Encoding": "gzip, deflate", "Accept-Language": "en-us,en;q=0.5"}}