{"id": "_Eb2B8dH8lc", "uploader": "Yudan730 \u9b5a\u86cb\u6751\u92fc\u7434\u983b\u9053", "uploader_id": "yudan730", "uploader_url": "http://www.youtube.com/user/yudan730", "channel_id": "UCSwXQEe1RO4pdURFpYw--cg", "channel_url": "http://www.youtube.com/channel/UCSwXQEe1RO4pdURFpYw--cg", "upload_date": "20200903", "license": null, "creator": null, "title": "\u98db\u5152\u6a02\u5718 F.I.R. - \u661f\u706b \u92fc\u7434\u7248 \u96fb\u5f71\u3010\u9b25\u9b5a\u3011\u4e3b\u984c\u66f2", "alt_title": null, "thumbnails": [{"url": "https://i.ytimg.com/vi/_Eb2B8dH8lc/hqdefault.jpg?sqp=-oaymwEbCKgBEF5IVfKriqkDDggBFQAAiEIYAXABwAEG&rs=AOn4CLDeFNMtPEQ5soJZaivZGPLgSvKU0Q", "width": 168, "height": 94, "resolution": "168x94", "id": "0"}, {"url": "https://i.ytimg.com/vi/_Eb2B8dH8lc/hqdefault.jpg?sqp=-oaymwEbCMQBEG5IVfKriqkDDggBFQAAiEIYAXABwAEG&rs=AOn4CLDm6Fayq7XE8LA0AT0Dt2KM4csYLQ", "width": 196, "height": 110, "resolution": "196x110", "id": "1"}, {"url": "https://i.ytimg.com/vi/_Eb2B8dH8lc/hqdefault.jpg?sqp=-oaymwEcCPYBEIoBSFXyq4qpAw4IARUAAIhCGAFwAcABBg==&rs=AOn4CLDsOwFTODjIHucvZl-gpAj_nvOzwQ", "width": 246, "height": 138, "resolution": "246x138", "id": "2"}, {"url": "https://i.ytimg.com/vi/_Eb2B8dH8lc/hqdefault.jpg?sqp=-oaymwEcCNACELwBSFXyq4qpAw4IARUAAIhCGAFwAcABBg==&rs=AOn4CLD3uzme_xOuakjslyqni83iGZH65A", "width": 336, "height": 188, "resolution": "336x188", "id": "3"}, {"url": "https://i.ytimg.com/vi_webp/_Eb2B8dH8lc/maxresdefault.webp?v=5f509d04", "width": 1920, "height": 1080, "resolution": "1920x1080", "id": "4"}], "description": "\u672c\u5f71\u7247\u7434\u8b5c\u4e0b\u8f09 Piano Sheet Here\uff01\u2794 http://yudans.net/1357\n\u8a02\u95b1\u6751\u9577\uff01\u2794 https://goo.gl/Qlpz6E\n\u53f0\u7063\u6b4c\u66f2\u64ad\u653e\u6e05\u55ae \u2794 https://goo.gl/q0Gv36\n\u4f86\u770b\u770b\u6751\u9577\u6700\u65b0\u66dd\u5149\u52d5\u5411\uff01\u2794 https://goo.gl/7MzmFu\n\n\u9b5a\u86cb\u6751\u7434\u8b5c\u7db2\u7ad9 \u2794 http://yudans.net/\n\u6751\u9577\u500b\u4eba Facebook \u2794 http://goo.gl/64ocaC\n\u9b5a\u86cb\u6751\u5b98\u65b9Facebook\u5c08\u9801 \u2794 https://goo.gl/7MzmFu\nInstagram \u2794 yudan730\n\u5fae\u535a \u2794 http://goo.gl/7V6ouW\n\u92fc\u7434\u6559\u5b78/\u5ee3\u544a\u67e5\u8a62 \u2794 yudansnet@gmail.com\n\n---------------------------------------\n\n\u8a5e\uff1a\u85cd\u5c0f\u90aa\u3001F.I.R. \u98db\u5152\u6a02\u5718\n\u66f2\uff1aF.I.R. \u98db\u5152\u6a02\u5718\n\n\u6b4c\u8a5e\uff1a\n\n\u8a18\u5f97\u6696\u6696\u7684\u591c\u7a7a\n\u8a18\u5f97\u4f60\u5074\u81c9\u8f2a\u5ed3\n\u8a18\u5f97\u6c88\u9ed8\u4e4b\u4e2d\u4f60\u628a\u6211\u7684\u624b\u7dca\u63e1\n\u54ea\u7ba1\u4e16\u754c\u4ee5\u5f8c\u6703\u8b8a\u6210\u4ec0\u9ebc\n\n\u53ef\u4ee5\u4e0d\u76f8\u4fe1\u6c38\u6046\n\u53ef\u4ee5\u4e0d\u5728\u4e4e\u64c1\u6709\n\u53ef\u4ee5\u4e0d\u7406\u660e\u5929\u6703\u6709\u591a\u9ebd\u7684\u6d36\u6e67\n\u53ea\u60f3\u8a18\u4f4f\u6b64\u523b\u6211\u6709\u591a\u5feb\u6a02\n\n\u98a8\u5439\u904e \u9060\u9060\u7684\u661f\u50cf\u5feb\u589c\u843d\n\u5c31\u53ea\u6709 \u6211\u5011\u770b\u898b\u5b83\u9583\u720d\n\u5fae\u5f31\u537b\u7528\u529b\u7684 \u64e6\u4eae\u591c\u7a7a\n\u591a\u50cf\u4f60\u7684\u773c\u4e2d\u6211\u5014\u5f37\u7b11\u5bb9\n\n\u6211\u8981\u6211 \u76db\u653e\u5fc3\u4e2d \u5feb\u8981\u7184\u6ec5\u7684\u82b1\u706b\n\u6211\u8981\u6211 \u6551\u6d3b\u547d\u4e2d \u5feb\u8981\u901d\u53bb\u7684\u82f1\u52c7\n\u6211\u8981\u6211 \u70ba\u4f60\u627e\u5230 \u66f4\u597d\u7684\u90a3\u4e00\u500b\u6211\n\u5e78\u798f\u50cf\u661f\u706b \u4e00\u9ede\u5c31\u8db3\u5920 \u71ce\u539f\u4eca\u5f8c\n\u6e3a\u5c0f\u7684\u661f\u706b \u71c3\u71d2\u904e\u624d\u61c2 \u5922\u662f\u4ec0\u9ebc\n\n\u82e5\u661f\u5149 \u5ffd\u660e\u5ffd\u6697 \u592a\u83ab\u6e2c\n\u6211\u9858\u610f \u70ba\u4e86\u4f60 \u9583\u720d\n\u82e5\u5f69\u8679 \u7d42\u7a76\u84b8\u767c\u6210 \u83ef\u9e97\u6ce1\u6cab  \n\u6211\u9858\u505a\u4f60\u4e16\u754c\u88e1 \u90a3\u6700\u5014\u5f37\u7684\u57f7\u8457\n\n\u6211\u8981\u6211 \u76db\u653e\u5fc3\u4e2d \u5feb\u8981\u7184\u6ec5\u7684\u82b1\u706b\n\u6211\u8981\u6211 \u6551\u6d3b\u547d\u4e2d \u5feb\u8981\u901d\u53bb\u7684\u82f1\u52c7\n\u6211\u8981\u6211 \u70ba\u4f60\u627e\u5230 \u66f4\u597d\u7684\u90a3\u4e00\u500b\u6211\n\u5e78\u798f\u50cf\u661f\u706b \u4e00\u9ede\u5c31\u8db3\u5920 \u71ce\u539f\u4eca\u5f8c\n\u6e3a\u5c0f\u7684\u661f\u706b \u71c3\u71d2\u904e\u624d\u61c2 \u5922\u662f\u4ec0\u9ebc\nOh\n\u6211\u9019\u9846\u661f\u706b \u71c3\u71d2\u904e\u624d\u61c2 \u611b\u662f\u4ec0\u9ebc", "categories": ["Music"], "tags": ["\u92fc\u7434", "\u92fc\u7434\u7248", "\u7d14\u97f3\u6a02", "\u97f3\u6a02", "\u4f34\u5531", "Piano", "yudan730", "hugowong", "hugo", "yudans", "yudansnet", "\u9b5a\u86cb", "\u9b5a\u86cb\u6751", "\u6751\u9577", "cover", "\u7434\u8b5c", "\u6559\u5b78", "\u661f\u706b", "\u9b25\u9b5a", "\u4e3b\u984c\u66f2", "\u96fb\u5f71", "\u98db\u5152\u6a02\u5718", "F.I.R."], "subtitles": {}, "automatic_captions": {}, "duration": 306, "age_limit": 0, "annotations": null, "chapters": null, "webpage_url": "https://www.youtube.com/watch?v=_Eb2B8dH8lc", "view_count": 9425, "like_count": 181, "dislike_count": null, "average_rating": 5.0, "formats": [{"format_id": "249", "url": "https://r4---sn-5njj-u2xe.googlevideo.com/videoplayback?expire=1611763812&ei=BDwRYJbFF82ngQOa1rngAg&ip=140.109.135.76&id=o-APP-D5Qfrh4FkMEXAUBVigh2L9fvSP-XgjxsMcgdPXYd&itag=249&source=youtube&requiressl=yes&mh=6p&mm=31%2C29&mn=sn-5njj-u2xe%2Csn-un57sn76&ms=au%2Crdu&mv=m&mvi=4&pcm2cms=yes&pl=16&initcwndbps=478750&vprv=1&mime=audio%2Fwebm&ns=66pOJROmVSuJWlwGjl7jg5EF&gir=yes&clen=2122058&dur=305.821&lmt=1599117464049118&mt=1611741877&fvip=4&keepalive=yes&c=WEB&txp=6311222&n=iT61jGVjI3c8ohqGvWxp&sparams=expire%2Cei%2Cip%2Cid%2Citag%2Csource%2Crequiressl%2Cvprv%2Cmime%2Cns%2Cgir%2Cclen%2Cdur%2Clmt&lsparams=mh%2Cmm%2Cmn%2Cms%2Cmv%2Cmvi%2Cpcm2cms%2Cpl%2Cinitcwndbps&lsig=AG3C_xAwRAIgdk5zaavMsZCBl0Oo-W1GC6jBxHudMnZXQIGygZofzBwCIAjkCByISsq0-WVq4n6S5LcwgqqrfQXenLl1va28Tyck&sig=AOq0QJ8wRgIhAIObgXDXIBvfgcD40ux2YJ_wM-b5iZc2GMs9SSl0M6aWAiEA841NXL_0PbGOtYQk5jlNrb1iisHWXV8Iksv23XPhjx8=&ratebypass=yes", "player_url": "/s/player/c6df6ed7/player_ias.vflset/en_US/base.js", "ext": "webm", "format_note": "tiny", "acodec": "opus", "abr": 50, "asr": 48000, "filesize": 2122058, "fps": null, "height": null, "tbr": 58.663, "width": null, "vcodec": "none", "downloader_options": {"http_chunk_size": 10485760}, "format": "249 - audio only (tiny)", "protocol": "https", "http_headers": {"User-Agent": "Mozilla/5.0 (Windows NT 10.0; Win64; x64) AppleWebKit/537.36 (KHTML, like Gecko) Chrome/72.0.3626.85 Safari/537.36", "Accept-Charset": "ISO-8859-1,utf-8;q=0.7,*;q=0.7", "Accept": "text/html,application/xhtml+xml,application/xml;q=0.9,*/*;q=0.8", "Accept-Encoding": "gzip, deflate", "Accept-Language": "en-us,en;q=0.5"}}, {"format_id": "250", "url": "https://r4---sn-5njj-u2xe.googlevideo.com/videoplayback?expire=1611763812&ei=BDwRYJbFF82ngQOa1rngAg&ip=140.109.135.76&id=o-APP-D5Qfrh4FkMEXAUBVigh2L9fvSP-XgjxsMcgdPXYd&itag=250&source=youtube&requiressl=yes&mh=6p&mm=31%2C29&mn=sn-5njj-u2xe%2Csn-un57sn76&ms=au%2Crdu&mv=m&mvi=4&pcm2cms=yes&pl=16&initcwndbps=478750&vprv=1&mime=audio%2Fwebm&ns=66pOJROmVSuJWlwGjl7jg5EF&gir=yes&clen=2813068&dur=305.821&lmt=1599117465042306&mt=1611741877&fvip=4&keepalive=yes&c=WEB&txp=6311222&n=iT61jGVjI3c8ohqGvWxp&sparams=expire%2Cei%2Cip%2Cid%2Citag%2Csource%2Crequiressl%2Cvprv%2Cmime%2Cns%2Cgir%2Cclen%2Cdur%2Clmt&lsparams=mh%2Cmm%2Cmn%2Cms%2Cmv%2Cmvi%2Cpcm2cms%2Cpl%2Cinitcwndbps&lsig=AG3C_xAwRQIhAIs7-Yn2gLVEKt7JCN38PQpcdLZ8qIS3X7OXV-D-jAYSAiAVHd19Nx_-HFAAhVzN8wIElygSOuxLzk2WO3-oI47lRQ%3D%3D&sig=AOq0QJ8wRQIhAPzDRbkuP_lGbxew6K0QSMu0FXLKYeKDwBRhbq6pNvtrAiAsVutiJYaamotQszhjxYCwXiKBg2Flkw0ix5dhqFGEUA==&ratebypass=yes", "player_url": "/s/player/c6df6ed7/player_ias.vflset/en_US/base.js", "ext": "webm", "format_note": "tiny", "acodec": "opus", "abr": 70, "asr": 48000, "filesize": 2813068, "fps": null, "height": null, "tbr": 78.119, "width": null, "vcodec": "none", "downloader_options": {"http_chunk_size": 10485760}, "format": "250 - audio only (tiny)", "protocol": "https", "http_headers": {"User-Agent": "Mozilla/5.0 (Windows NT 10.0; Win64; x64) AppleWebKit/537.36 (KHTML, like Gecko) Chrome/72.0.3626.85 Safari/537.36", "Accept-Charset": "ISO-8859-1,utf-8;q=0.7,*;q=0.7", "Accept": "text/html,application/xhtml+xml,application/xml;q=0.9,*/*;q=0.8", "Accept-Encoding": "gzip, deflate", "Accept-Language": "en-us,en;q=0.5"}}, {"format_id": "140", "url": "https://r4---sn-5njj-u2xe.googlevideo.com/videoplayback?expire=1611763812&ei=BDwRYJbFF82ngQOa1rngAg&ip=140.109.135.76&id=o-APP-D5Qfrh4FkMEXAUBVigh2L9fvSP-XgjxsMcgdPXYd&itag=140&source=youtube&requiressl=yes&mh=6p&mm=31%2C29&mn=sn-5njj-u2xe%2Csn-un57sn76&ms=au%2Crdu&mv=m&mvi=4&pcm2cms=yes&pl=16&initcwndbps=478750&vprv=1&mime=audio%2Fmp4&ns=66pOJROmVSuJWlwGjl7jg5EF&gir=yes&clen=4950599&dur=305.853&lmt=1599117480764510&mt=1611741877&fvip=4&keepalive=yes&c=WEB&txp=6311222&n=iT61jGVjI3c8ohqGvWxp&sparams=expire%2Cei%2Cip%2Cid%2Citag%2Csource%2Crequiressl%2Cvprv%2Cmime%2Cns%2Cgir%2Cclen%2Cdur%2Clmt&lsparams=mh%2Cmm%2Cmn%2Cms%2Cmv%2Cmvi%2Cpcm2cms%2Cpl%2Cinitcwndbps&lsig=AG3C_xAwRQIgQJBE1hGySqCFlnbxofoZMc9uWJz5U_1bsqjBDcqVGaECIQD63yT1ak7y_Jt4G659CGUTDz6C2NyLzW-Dz5twYP5m5w%3D%3D&sig=AOq0QJ8wRAIgbyoRDUfSzX5hS0npd68Yq-bqW4uJhkoxounT-d_mzD4CIEY_OcNEv_BKYtpYGjU_ghlG4AwsNQbHrTlVnMHaYbRi&ratebypass=yes", "player_url": "/s/player/c6df6ed7/player_ias.vflset/en_US/base.js", "ext": "m4a", "format_note": "tiny", "acodec": "mp4a.40.2", "abr": 128, "container": "m4a_dash", "asr": 44100, "filesize": 4950599, "fps": null, "height": null, "tbr": 130.637, "width": null, "vcodec": "none", "downloader_options": {"http_chunk_size": 10485760}, "format": "140 - audio only (tiny)", "protocol": "https", "http_headers": {"User-Agent": "Mozilla/5.0 (Windows NT 10.0; Win64; x64) AppleWebKit/537.36 (KHTML, like Gecko) Chrome/72.0.3626.85 Safari/537.36", "Accept-Charset": "ISO-8859-1,utf-8;q=0.7,*;q=0.7", "Accept": "text/html,application/xhtml+xml,application/xml;q=0.9,*/*;q=0.8", "Accept-Encoding": "gzip, deflate", "Accept-Language": "en-us,en;q=0.5"}}, {"format_id": "251", "url": "https://r4---sn-5njj-u2xe.googlevideo.com/videoplayback?expire=1611763812&ei=BDwRYJbFF82ngQOa1rngAg&ip=140.109.135.76&id=o-APP-D5Qfrh4FkMEXAUBVigh2L9fvSP-XgjxsMcgdPXYd&itag=251&source=youtube&requiressl=yes&mh=6p&mm=31%2C29&mn=sn-5njj-u2xe%2Csn-un57sn76&ms=au%2Crdu&mv=m&mvi=4&pcm2cms=yes&pl=16&initcwndbps=478750&vprv=1&mime=audio%2Fwebm&ns=66pOJROmVSuJWlwGjl7jg5EF&gir=yes&clen=5555074&dur=305.821&lmt=1599117466050182&mt=1611741877&fvip=4&keepalive=yes&c=WEB&txp=6311222&n=iT61jGVjI3c8ohqGvWxp&sparams=expire%2Cei%2Cip%2Cid%2Citag%2Csource%2Crequiressl%2Cvprv%2Cmime%2Cns%2Cgir%2Cclen%2Cdur%2Clmt&lsparams=mh%2Cmm%2Cmn%2Cms%2Cmv%2Cmvi%2Cpcm2cms%2Cpl%2Cinitcwndbps&lsig=AG3C_xAwRQIhAM4PiR06n-V5CwAK0oVJ4Z2ULr2u0LGU-YIaTe2eraFxAiBn9oav6qWPkTf86QSBrrSozSrHgJz6Gw1QJK9zW5iGkw%3D%3D&sig=AOq0QJ8wRgIhAO_9Jeay-JD2Z2Tp3UeXjyhR-_kTYQAZLyzsXYllMZIbAiEAmkzKYUKpm4etyf4yrf4_SGc-8F5I1J91zraGh2TJbLk=&ratebypass=yes", "player_url": "/s/player/c6df6ed7/player_ias.vflset/en_US/base.js", "ext": "webm", "format_note": "tiny", "acodec": "opus", "abr": 160, "asr": 48000, "filesize": 5555074, "fps": null, "height": null, "tbr": 153.04, "width": null, "vcodec": "none", "downloader_options": {"http_chunk_size": 10485760}, "format": "251 - audio only (tiny)", "protocol": "https", "http_headers": {"User-Agent": "Mozilla/5.0 (Windows NT 10.0; Win64; x64) AppleWebKit/537.36 (KHTML, like Gecko) Chrome/72.0.3626.85 Safari/537.36", "Accept-Charset": "ISO-8859-1,utf-8;q=0.7,*;q=0.7", "Accept": "text/html,application/xhtml+xml,application/xml;q=0.9,*/*;q=0.8", "Accept-Encoding": "gzip, deflate", "Accept-Language": "en-us,en;q=0.5"}}, {"format_id": "278", "url": "https://r4---sn-5njj-u2xe.googlevideo.com/videoplayback?expire=1611763812&ei=BDwRYJbFF82ngQOa1rngAg&ip=140.109.135.76&id=o-APP-D5Qfrh4FkMEXAUBVigh2L9fvSP-XgjxsMcgdPXYd&itag=278&aitags=133%2C134%2C135%2C136%2C137%2C160%2C242%2C243%2C244%2C247%2C248%2C271%2C278%2C313&source=youtube&requiressl=yes&mh=6p&mm=31%2C29&mn=sn-5njj-u2xe%2Csn-un57sn76&ms=au%2Crdu&mv=m&mvi=4&pcm2cms=yes&pl=16&initcwndbps=478750&vprv=1&mime=video%2Fwebm&ns=66pOJROmVSuJWlwGjl7jg5EF&gir=yes&clen=3303182&dur=305.805&lmt=1599117531491257&mt=1611741877&fvip=4&keepalive=yes&c=WEB&txp=6316222&n=iT61jGVjI3c8ohqGvWxp&sparams=expire%2Cei%2Cip%2Cid%2Caitags%2Csource%2Crequiressl%2Cvprv%2Cmime%2Cns%2Cgir%2Cclen%2Cdur%2Clmt&lsparams=mh%2Cmm%2Cmn%2Cms%2Cmv%2Cmvi%2Cpcm2cms%2Cpl%2Cinitcwndbps&lsig=AG3C_xAwRQIgEKMAF_XMdMe00f8jvKDznwM91XCwFOpg1FoT_wEN6a0CIQDEjkEtv6BSi-kqxOrrcs_mlpSRBxMaXhwO37adyblWYQ%3D%3D&sig=AOq0QJ8wRQIhAM4bfj0S7U-O4SRGWD9AcCbguboFsvxt7F3i5_i7M7PhAiAhrHtnQNv5wVBv7jLMXYLKmgJPabLtGbQrljUpTx817w==&ratebypass=yes", "player_url": "/s/player/c6df6ed7/player_ias.vflset/en_US/base.js", "ext": "webm", "height": 144, "format_note": "144p", "container": "webm", "vcodec": "vp9", "asr": null, "filesize": 3303182, "fps": 30, "tbr": 92.34, "width": 256, "acodec": "none", "downloader_options": {"http_chunk_size": 10485760}, "format": "278 - 256x144 (144p)", "protocol": "https", "http_headers": {"User-Agent": "Mozilla/5.0 (Windows NT 10.0; Win64; x64) AppleWebKit/537.36 (KHTML, like Gecko) Chrome/72.0.3626.85 Safari/537.36", "Accept-Charset": "ISO-8859-1,utf-8;q=0.7,*;q=0.7", "Accept": "text/html,application/xhtml+xml,application/xml;q=0.9,*/*;q=0.8", "Accept-Encoding": "gzip, deflate", "Accept-Language": "en-us,en;q=0.5"}}, {"format_id": "160", "url": "https://r4---sn-5njj-u2xe.googlevideo.com/videoplayback?expire=1611763812&ei=BDwRYJbFF82ngQOa1rngAg&ip=140.109.135.76&id=o-APP-D5Qfrh4FkMEXAUBVigh2L9fvSP-XgjxsMcgdPXYd&itag=160&aitags=133%2C134%2C135%2C136%2C137%2C160%2C242%2C243%2C244%2C247%2C248%2C271%2C278%2C313&source=youtube&requiressl=yes&mh=6p&mm=31%2C29&mn=sn-5njj-u2xe%2Csn-un57sn76&ms=au%2Crdu&mv=m&mvi=4&pcm2cms=yes&pl=16&initcwndbps=478750&vprv=1&mime=video%2Fmp4&ns=66pOJROmVSuJWlwGjl7jg5EF&gir=yes&clen=4259211&dur=305.805&lmt=1599117618547684&mt=1611741877&fvip=4&keepalive=yes&c=WEB&txp=6316222&n=iT61jGVjI3c8ohqGvWxp&sparams=expire%2Cei%2Cip%2Cid%2Caitags%2Csource%2Crequiressl%2Cvprv%2Cmime%2Cns%2Cgir%2Cclen%2Cdur%2Clmt&lsparams=mh%2Cmm%2Cmn%2Cms%2Cmv%2Cmvi%2Cpcm2cms%2Cpl%2Cinitcwndbps&lsig=AG3C_xAwRgIhALfV5jE-9PAc8-FM_7qmsSm8hqlY6x0KPuADwN5VCjD-AiEAiBGaren8cF02ymuPgD4Pp6YQLIP6E4brA5VksEAZU-0%3D&sig=AOq0QJ8wRAIgZq4nfNTLQKv0WR4yoSqt-5BlFyS6sP3AeWPueLTqSQ0CIAaIw54Zk0JwMZpLdekc9lJKiKOuQXoWoNWObN_hvlB1&ratebypass=yes", "player_url": "/s/player/c6df6ed7/player_ias.vflset/en_US/base.js", "ext": "mp4", "height": 144, "format_note": "144p", "vcodec": "avc1.4d400c", "asr": null, "filesize": 4259211, "fps": 30, "tbr": 125.579, "width": 256, "acodec": "none", "downloader_options": {"http_chunk_size": 10485760}, "format": "160 - 256x144 (144p)", "protocol": "https", "http_headers": {"User-Agent": "Mozilla/5.0 (Windows NT 10.0; Win64; x64) AppleWebKit/537.36 (KHTML, like Gecko) Chrome/72.0.3626.85 Safari/537.36", "Accept-Charset": "ISO-8859-1,utf-8;q=0.7,*;q=0.7", "Accept": "text/html,application/xhtml+xml,application/xml;q=0.9,*/*;q=0.8", "Accept-Encoding": "gzip, deflate", "Accept-Language": "en-us,en;q=0.5"}}, {"format_id": "242", "url": "https://r4---sn-5njj-u2xe.googlevideo.com/videoplayback?expire=1611763812&ei=BDwRYJbFF82ngQOa1rngAg&ip=140.109.135.76&id=o-APP-D5Qfrh4FkMEXAUBVigh2L9fvSP-XgjxsMcgdPXYd&itag=242&aitags=133%2C134%2C135%2C136%2C137%2C160%2C242%2C243%2C244%2C247%2C248%2C271%2C278%2C313&source=youtube&requiressl=yes&mh=6p&mm=31%2C29&mn=sn-5njj-u2xe%2Csn-un57sn76&ms=au%2Crdu&mv=m&mvi=4&pcm2cms=yes&pl=16&initcwndbps=478750&vprv=1&mime=video%2Fwebm&ns=66pOJROmVSuJWlwGjl7jg5EF&gir=yes&clen=6707355&dur=305.805&lmt=1599117531497387&mt=1611741877&fvip=4&keepalive=yes&c=WEB&txp=6316222&n=iT61jGVjI3c8ohqGvWxp&sparams=expire%2Cei%2Cip%2Cid%2Caitags%2Csource%2Crequiressl%2Cvprv%2Cmime%2Cns%2Cgir%2Cclen%2Cdur%2Clmt&lsparams=mh%2Cmm%2Cmn%2Cms%2Cmv%2Cmvi%2Cpcm2cms%2Cpl%2Cinitcwndbps&lsig=AG3C_xAwRAIgahYfMptCF3mxtPxgqXhW2isowO2AeKl3GCWx29slHYACIHJLxXpRslymqy3W_z1Zma79nlqypC-zlRG526HHIzqR&sig=AOq0QJ8wRQIhAPYqgDv4Yzasxxx7kSPoWKrBrDxSvDKA6K-Oe2D9AFHaAiBuCnEDo9_KeoSbt34bSq_7Hadyqb3gV6oxkM6ecFjR7g==&ratebypass=yes", "player_url": "/s/player/c6df6ed7/player_ias.vflset/en_US/base.js", "ext": "webm", "height": 240, "format_note": "240p", "vcodec": "vp9", "asr": null, "filesize": 6707355, "fps": 30, "tbr": 201.785, "width": 426, "acodec": "none", "downloader_options": {"http_chunk_size": 10485760}, "format": "242 - 426x240 (240p)", "protocol": "https", "http_headers": {"User-Agent": "Mozilla/5.0 (Windows NT 10.0; Win64; x64) AppleWebKit/537.36 (KHTML, like Gecko) Chrome/72.0.3626.85 Safari/537.36", "Accept-Charset": "ISO-8859-1,utf-8;q=0.7,*;q=0.7", "Accept": "text/html,application/xhtml+xml,application/xml;q=0.9,*/*;q=0.8", "Accept-Encoding": "gzip, deflate", "Accept-Language": "en-us,en;q=0.5"}}, {"format_id": "133", "url": "https://r4---sn-5njj-u2xe.googlevideo.com/videoplayback?expire=1611763812&ei=BDwRYJbFF82ngQOa1rngAg&ip=140.109.135.76&id=o-APP-D5Qfrh4FkMEXAUBVigh2L9fvSP-XgjxsMcgdPXYd&itag=133&aitags=133%2C134%2C135%2C136%2C137%2C160%2C242%2C243%2C244%2C247%2C248%2C271%2C278%2C313&source=youtube&requiressl=yes&mh=6p&mm=31%2C29&mn=sn-5njj-u2xe%2Csn-un57sn76&ms=au%2Crdu&mv=m&mvi=4&pcm2cms=yes&pl=16&initcwndbps=478750&vprv=1&mime=video%2Fmp4&ns=66pOJROmVSuJWlwGjl7jg5EF&gir=yes&clen=9421643&dur=305.805&lmt=1599117618549367&mt=1611741877&fvip=4&keepalive=yes&c=WEB&txp=6316222&n=iT61jGVjI3c8ohqGvWxp&sparams=expire%2Cei%2Cip%2Cid%2Caitags%2Csource%2Crequiressl%2Cvprv%2Cmime%2Cns%2Cgir%2Cclen%2Cdur%2Clmt&lsparams=mh%2Cmm%2Cmn%2Cms%2Cmv%2Cmvi%2Cpcm2cms%2Cpl%2Cinitcwndbps&lsig=AG3C_xAwRQIgbqpO--08oMFoSFT5Zh5IA2jpDgdnMkhDpxXYhUvQj-MCIQDkSYHFwOhyV9KyRgw3PC-fjCocJ4dY-K4vksUiBlqMBA%3D%3D&sig=AOq0QJ8wRgIhAInHouyQrk3BDdfjJWN6ki3OtQHkCLsbE8IMYggBCh3yAiEA2WsJCA3BKVxHXaFVOQy5K2n11eiFpc9VAjFuCVWBKQs=&ratebypass=yes", "player_url": "/s/player/c6df6ed7/player_ias.vflset/en_US/base.js", "ext": "mp4", "height": 240, "format_note": "240p", "vcodec": "avc1.4d4015", "asr": null, "filesize": 9421643, "fps": 30, "tbr": 278.287, "width": 426, "acodec": "none", "downloader_options": {"http_chunk_size": 10485760}, "format": "133 - 426x240 (240p)", "protocol": "https", "http_headers": {"User-Agent": "Mozilla/5.0 (Windows NT 10.0; Win64; x64) AppleWebKit/537.36 (KHTML, like Gecko) Chrome/72.0.3626.85 Safari/537.36", "Accept-Charset": "ISO-8859-1,utf-8;q=0.7,*;q=0.7", "Accept": "text/html,application/xhtml+xml,application/xml;q=0.9,*/*;q=0.8", "Accept-Encoding": "gzip, deflate", "Accept-Language": "en-us,en;q=0.5"}}, {"format_id": "243", "url": "https://r4---sn-5njj-u2xe.googlevideo.com/videoplayback?expire=1611763812&ei=BDwRYJbFF82ngQOa1rngAg&ip=140.109.135.76&id=o-APP-D5Qfrh4FkMEXAUBVigh2L9fvSP-XgjxsMcgdPXYd&itag=243&aitags=133%2C134%2C135%2C136%2C137%2C160%2C242%2C243%2C244%2C247%2C248%2C271%2C278%2C313&source=youtube&requiressl=yes&mh=6p&mm=31%2C29&mn=sn-5njj-u2xe%2Csn-un57sn76&ms=au%2Crdu&mv=m&mvi=4&pcm2cms=yes&pl=16&initcwndbps=478750&vprv=1&mime=video%2Fwebm&ns=66pOJROmVSuJWlwGjl7jg5EF&gir=yes&clen=10893426&dur=305.805&lmt=1599117531493274&mt=1611741877&fvip=4&keepalive=yes&c=WEB&txp=6316222&n=iT61jGVjI3c8ohqGvWxp&sparams=expire%2Cei%2Cip%2Cid%2Caitags%2Csource%2Crequiressl%2Cvprv%2Cmime%2Cns%2Cgir%2Cclen%2Cdur%2Clmt&lsparams=mh%2Cmm%2Cmn%2Cms%2Cmv%2Cmvi%2Cpcm2cms%2Cpl%2Cinitcwndbps&lsig=AG3C_xAwRQIgbqZTFqzjn8zwvZnXE_ErrydAnjCYrEBXlr42Z381SzoCIQDFrmpw6kI_3xKU-W4Qz6fD68t1SMDQoVYupYsV11OGog%3D%3D&sig=AOq0QJ8wRAIgfyXF4P8W4Ri6PqyToi5ikCOJ0-R0O4dZH6mL6OPGKuECIDP7MLqA6jJ6h-xmpIO9tezdIt7l9cxYN1TlLIJkGV8P&ratebypass=yes", "player_url": "/s/player/c6df6ed7/player_ias.vflset/en_US/base.js", "ext": "webm", "height": 360, "format_note": "360p", "vcodec": "vp9", "asr": null, "filesize": 10893426, "fps": 30, "tbr": 361.866, "width": 640, "acodec": "none", "downloader_options": {"http_chunk_size": 10485760}, "format": "243 - 640x360 (360p)", "protocol": "https", "http_headers": {"User-Agent": "Mozilla/5.0 (Windows NT 10.0; Win64; x64) AppleWebKit/537.36 (KHTML, like Gecko) Chrome/72.0.3626.85 Safari/537.36", "Accept-Charset": "ISO-8859-1,utf-8;q=0.7,*;q=0.7", "Accept": "text/html,application/xhtml+xml,application/xml;q=0.9,*/*;q=0.8", "Accept-Encoding": "gzip, deflate", "Accept-Language": "en-us,en;q=0.5"}}, {"format_id": "244", "url": "https://r4---sn-5njj-u2xe.googlevideo.com/videoplayback?expire=1611763812&ei=BDwRYJbFF82ngQOa1rngAg&ip=140.109.135.76&id=o-APP-D5Qfrh4FkMEXAUBVigh2L9fvSP-XgjxsMcgdPXYd&itag=244&aitags=133%2C134%2C135%2C136%2C137%2C160%2C242%2C243%2C244%2C247%2C248%2C271%2C278%2C313&source=youtube&requiressl=yes&mh=6p&mm=31%2C29&mn=sn-5njj-u2xe%2Csn-un57sn76&ms=au%2Crdu&mv=m&mvi=4&pcm2cms=yes&pl=16&initcwndbps=478750&vprv=1&mime=video%2Fwebm&ns=66pOJROmVSuJWlwGjl7jg5EF&gir=yes&clen=16992616&dur=305.805&lmt=1599117531492079&mt=1611741877&fvip=4&keepalive=yes&c=WEB&txp=6316222&n=iT61jGVjI3c8ohqGvWxp&sparams=expire%2Cei%2Cip%2Cid%2Caitags%2Csource%2Crequiressl%2Cvprv%2Cmime%2Cns%2Cgir%2Cclen%2Cdur%2Clmt&lsparams=mh%2Cmm%2Cmn%2Cms%2Cmv%2Cmvi%2Cpcm2cms%2Cpl%2Cinitcwndbps&lsig=AG3C_xAwRQIgahZe-HMW-wXkbtNzQtCJ7YceLBQbRFp78KqXo6F3pJYCIQD8Pz1V2bZQDXFeUEIlsDK9-yN1t2muR_yQd_hda4PQXw%3D%3D&sig=AOq0QJ8wRQIhAMjK2GTzdozqFpp0QjjpA0T-m3ot8_u6CyUOhEF_T9HNAiBDUrxQ7MwpLSr4jtbVOKP1czeqPnu-7EORTm-XnloFVg==&ratebypass=yes", "player_url": "/s/player/c6df6ed7/player_ias.vflset/en_US/base.js", "ext": "webm", "height": 480, "format_note": "480p", "vcodec": "vp9", "asr": null, "filesize": 16992616, "fps": 30, "tbr": 631.416, "width": 854, "acodec": "none", "downloader_options": {"http_chunk_size": 10485760}, "format": "244 - 854x480 (480p)", "protocol": "https", "http_headers": {"User-Agent": "Mozilla/5.0 (Windows NT 10.0; Win64; x64) AppleWebKit/537.36 (KHTML, like Gecko) Chrome/72.0.3626.85 Safari/537.36", "Accept-Charset": "ISO-8859-1,utf-8;q=0.7,*;q=0.7", "Accept": "text/html,application/xhtml+xml,application/xml;q=0.9,*/*;q=0.8", "Accept-Encoding": "gzip, deflate", "Accept-Language": "en-us,en;q=0.5"}}, {"format_id": "134", "url": "https://r4---sn-5njj-u2xe.googlevideo.com/videoplayback?expire=1611763812&ei=BDwRYJbFF82ngQOa1rngAg&ip=140.109.135.76&id=o-APP-D5Qfrh4FkMEXAUBVigh2L9fvSP-XgjxsMcgdPXYd&itag=134&aitags=133%2C134%2C135%2C136%2C137%2C160%2C242%2C243%2C244%2C247%2C248%2C271%2C278%2C313&source=youtube&requiressl=yes&mh=6p&mm=31%2C29&mn=sn-5njj-u2xe%2Csn-un57sn76&ms=au%2Crdu&mv=m&mvi=4&pcm2cms=yes&pl=16&initcwndbps=478750&vprv=1&mime=video%2Fmp4&ns=66pOJROmVSuJWlwGjl7jg5EF&gir=yes&clen=19428976&dur=305.805&lmt=1599117618547176&mt=1611741877&fvip=4&keepalive=yes&c=WEB&txp=6316222&n=iT61jGVjI3c8ohqGvWxp&sparams=expire%2Cei%2Cip%2Cid%2Caitags%2Csource%2Crequiressl%2Cvprv%2Cmime%2Cns%2Cgir%2Cclen%2Cdur%2Clmt&lsparams=mh%2Cmm%2Cmn%2Cms%2Cmv%2Cmvi%2Cpcm2cms%2Cpl%2Cinitcwndbps&lsig=AG3C_xAwRAIgacBQjigNsUxC9GcyBaIdjE3JSLgXqLnkoJyDZAaqvasCICUgzcB3Vo5-33cSvqBm_a_guod7ybvtKigq551lP1_-&sig=AOq0QJ8wRQIgGdypgHtHC0L6fdiZTSZtQ8YoNDuk_Adf9WlQeJhq27ECIQDamBppLnABEy6uvqEU39AgzMGSEupYJ08m3nWLqry79w==&ratebypass=yes", "player_url": "/s/player/c6df6ed7/player_ias.vflset/en_US/base.js", "ext": "mp4", "height": 360, "format_note": "360p", "vcodec": "avc1.4d401e", "asr": null, "filesize": 19428976, "fps": 30, "tbr": 639.364, "width": 640, "acodec": "none", "downloader_options": {"http_chunk_size": 10485760}, "format": "134 - 640x360 (360p)", "protocol": "https", "http_headers": {"User-Agent": "Mozilla/5.0 (Windows NT 10.0; Win64; x64) AppleWebKit/537.36 (KHTML, like Gecko) Chrome/72.0.3626.85 Safari/537.36", "Accept-Charset": "ISO-8859-1,utf-8;q=0.7,*;q=0.7", "Accept": "text/html,application/xhtml+xml,application/xml;q=0.9,*/*;q=0.8", "Accept-Encoding": "gzip, deflate", "Accept-Language": "en-us,en;q=0.5"}}, {"format_id": "247", "url": "https://r4---sn-5njj-u2xe.googlevideo.com/videoplayback?expire=1611763812&ei=BDwRYJbFF82ngQOa1rngAg&ip=140.109.135.76&id=o-APP-D5Qfrh4FkMEXAUBVigh2L9fvSP-XgjxsMcgdPXYd&itag=247&aitags=133%2C134%2C135%2C136%2C137%2C160%2C242%2C243%2C244%2C247%2C248%2C271%2C278%2C313&source=youtube&requiressl=yes&mh=6p&mm=31%2C29&mn=sn-5njj-u2xe%2Csn-un57sn76&ms=au%2Crdu&mv=m&mvi=4&pcm2cms=yes&pl=16&initcwndbps=478750&vprv=1&mime=video%2Fwebm&ns=66pOJROmVSuJWlwGjl7jg5EF&gir=yes&clen=28538214&dur=305.805&lmt=1599117531491383&mt=1611741877&fvip=4&keepalive=yes&c=WEB&txp=6316222&n=iT61jGVjI3c8ohqGvWxp&sparams=expire%2Cei%2Cip%2Cid%2Caitags%2Csource%2Crequiressl%2Cvprv%2Cmime%2Cns%2Cgir%2Cclen%2Cdur%2Clmt&lsparams=mh%2Cmm%2Cmn%2Cms%2Cmv%2Cmvi%2Cpcm2cms%2Cpl%2Cinitcwndbps&lsig=AG3C_xAwRQIhAMWfR9foHTphAOY3RDeQsEaUNxCnJq1PxVGyvXT7fDgSAiArSxhXmsZCYYRbFFrVwcqPwuQGL1BfCt71BGXDb1SA3Q%3D%3D&sig=AOq0QJ8wRQIgW8lRqsmpSDTPkIUDeY3ZwvC5UgJpIq_0jaO4pbwgBGwCIQDP0YgT8I3KY3zH_MbE5tPp5NunEm0kD0ScMYB9I2OwhQ==&ratebypass=yes", "player_url": "/s/player/c6df6ed7/player_ias.vflset/en_US/base.js", "ext": "webm", "height": 720, "format_note": "720p", "vcodec": "vp9", "asr": null, "filesize": 28538214, "fps": 30, "tbr": 1093.067, "width": 1280, "acodec": "none", "downloader_options": {"http_chunk_size": 10485760}, "format": "247 - 1280x720 (720p)", "protocol": "https", "http_headers": {"User-Agent": "Mozilla/5.0 (Windows NT 10.0; Win64; x64) AppleWebKit/537.36 (KHTML, like Gecko) Chrome/72.0.3626.85 Safari/537.36", "Accept-Charset": "ISO-8859-1,utf-8;q=0.7,*;q=0.7", "Accept": "text/html,application/xhtml+xml,application/xml;q=0.9,*/*;q=0.8", "Accept-Encoding": "gzip, deflate", "Accept-Language": "en-us,en;q=0.5"}}, {"format_id": "135", "url": "https://r4---sn-5njj-u2xe.googlevideo.com/videoplayback?expire=1611763812&ei=BDwRYJbFF82ngQOa1rngAg&ip=140.109.135.76&id=o-APP-D5Qfrh4FkMEXAUBVigh2L9fvSP-XgjxsMcgdPXYd&itag=135&aitags=133%2C134%2C135%2C136%2C137%2C160%2C242%2C243%2C244%2C247%2C248%2C271%2C278%2C313&source=youtube&requiressl=yes&mh=6p&mm=31%2C29&mn=sn-5njj-u2xe%2Csn-un57sn76&ms=au%2Crdu&mv=m&mvi=4&pcm2cms=yes&pl=16&initcwndbps=478750&vprv=1&mime=video%2Fmp4&ns=66pOJROmVSuJWlwGjl7jg5EF&gir=yes&clen=34327053&dur=305.805&lmt=1599117618553877&mt=1611741877&fvip=4&keepalive=yes&c=WEB&txp=6316222&n=iT61jGVjI3c8ohqGvWxp&sparams=expire%2Cei%2Cip%2Cid%2Caitags%2Csource%2Crequiressl%2Cvprv%2Cmime%2Cns%2Cgir%2Cclen%2Cdur%2Clmt&lsparams=mh%2Cmm%2Cmn%2Cms%2Cmv%2Cmvi%2Cpcm2cms%2Cpl%2Cinitcwndbps&lsig=AG3C_xAwRgIhANOkbfzNzErlkFp-SG_YUQfJ2E0mkfl759fnPo0Vk5yCAiEAp1blYjxq27D9p0rfvQocaWgIXZIcZenQIO4pLpFT5Q4%3D&sig=AOq0QJ8wRQIhAPDnXpEFDqlAH3ZJhqL6Mp2fRR0dZ1Puhse6jItq0VclAiBxAUZh1IKBBKxXy7zaDKC7RZdbjKDmBuB6h7PYnzeJgw==&ratebypass=yes", "player_url": "/s/player/c6df6ed7/player_ias.vflset/en_US/base.js", "ext": "mp4", "height": 480, "format_note": "480p", "vcodec": "avc1.4d401f", "asr": null, "filesize": 34327053, "fps": 30, "tbr": 1234.415, "width": 854, "acodec": "none", "downloader_options": {"http_chunk_size": 10485760}, "format": "135 - 854x480 (480p)", "protocol": "https", "http_headers": {"User-Agent": "Mozilla/5.0 (Windows NT 10.0; Win64; x64) AppleWebKit/537.36 (KHTML, like Gecko) Chrome/72.0.3626.85 Safari/537.36", "Accept-Charset": "ISO-8859-1,utf-8;q=0.7,*;q=0.7", "Accept": "text/html,application/xhtml+xml,application/xml;q=0.9,*/*;q=0.8", "Accept-Encoding": "gzip, deflate", "Accept-Language": "en-us,en;q=0.5"}}, {"format_id": "248", "url": "https://r4---sn-5njj-u2xe.googlevideo.com/videoplayback?expire=1611763812&ei=BDwRYJbFF82ngQOa1rngAg&ip=140.109.135.76&id=o-APP-D5Qfrh4FkMEXAUBVigh2L9fvSP-XgjxsMcgdPXYd&itag=248&aitags=133%2C134%2C135%2C136%2C137%2C160%2C242%2C243%2C244%2C247%2C248%2C271%2C278%2C313&source=youtube&requiressl=yes&mh=6p&mm=31%2C29&mn=sn-5njj-u2xe%2Csn-un57sn76&ms=au%2Crdu&mv=m&mvi=4&pcm2cms=yes&pl=16&initcwndbps=478750&vprv=1&mime=video%2Fwebm&ns=66pOJROmVSuJWlwGjl7jg5EF&gir=yes&clen=46232731&dur=305.805&lmt=1599117531492076&mt=1611741877&fvip=4&keepalive=yes&c=WEB&txp=6316222&n=iT61jGVjI3c8ohqGvWxp&sparams=expire%2Cei%2Cip%2Cid%2Caitags%2Csource%2Crequiressl%2Cvprv%2Cmime%2Cns%2Cgir%2Cclen%2Cdur%2Clmt&lsparams=mh%2Cmm%2Cmn%2Cms%2Cmv%2Cmvi%2Cpcm2cms%2Cpl%2Cinitcwndbps&lsig=AG3C_xAwRQIhANJ6rUFw_SCHy-kCiJ_2Or7UHx11otVdXvwnJsolUCNwAiAJQ57yJrEZOFiAx4q0fv_S1MGI6ntTgfy4L4zSvk-yPA%3D%3D&sig=AOq0QJ8wRQIhAPo69B9ocYrVizGHjSHw5kL7x9NIf5bztCkYKYLrwj4rAiApHh-MQDoESMs7XUcbbh_QPjsFmAgCKWBO589a8cWWNA==&ratebypass=yes", "player_url": "/s/player/c6df6ed7/player_ias.vflset/en_US/base.js", "ext": "webm", "height": 1080, "format_note": "1080p", "vcodec": "vp9", "asr": null, "filesize": 46232731, "fps": 30, "tbr": 1862.959, "width": 1920, "acodec": "none", "downloader_options": {"http_chunk_size": 10485760}, "format": "248 - 1920x1080 (1080p)", "protocol": "https", "http_headers": {"User-Agent": "Mozilla/5.0 (Windows NT 10.0; Win64; x64) AppleWebKit/537.36 (KHTML, like Gecko) Chrome/72.0.3626.85 Safari/537.36", "Accept-Charset": "ISO-8859-1,utf-8;q=0.7,*;q=0.7", "Accept": "text/html,application/xhtml+xml,application/xml;q=0.9,*/*;q=0.8", "Accept-Encoding": "gzip, deflate", "Accept-Language": "en-us,en;q=0.5"}}, {"format_id": "136", "url": "https://r4---sn-5njj-u2xe.googlevideo.com/videoplayback?expire=1611763812&ei=BDwRYJbFF82ngQOa1rngAg&ip=140.109.135.76&id=o-APP-D5Qfrh4FkMEXAUBVigh2L9fvSP-XgjxsMcgdPXYd&itag=136&aitags=133%2C134%2C135%2C136%2C137%2C160%2C242%2C243%2C244%2C247%2C248%2C271%2C278%2C313&source=youtube&requiressl=yes&mh=6p&mm=31%2C29&mn=sn-5njj-u2xe%2Csn-un57sn76&ms=au%2Crdu&mv=m&mvi=4&pcm2cms=yes&pl=16&initcwndbps=478750&vprv=1&mime=video%2Fmp4&ns=66pOJROmVSuJWlwGjl7jg5EF&gir=yes&clen=61878666&dur=305.805&lmt=1599117618548273&mt=1611741877&fvip=4&keepalive=yes&c=WEB&txp=6316222&n=iT61jGVjI3c8ohqGvWxp&sparams=expire%2Cei%2Cip%2Cid%2Caitags%2Csource%2Crequiressl%2Cvprv%2Cmime%2Cns%2Cgir%2Cclen%2Cdur%2Clmt&lsparams=mh%2Cmm%2Cmn%2Cms%2Cmv%2Cmvi%2Cpcm2cms%2Cpl%2Cinitcwndbps&lsig=AG3C_xAwRAIgWoUWIGaKFvNuKybskcaXiLvnQEAGl65qvpf3vo3mKnoCIG39xFFUfC-xGrheT_Rm0_7B_a8CZEJ8KLgOMol7oX8Z&sig=AOq0QJ8wRgIhAPJvFB665q8C3uoprG8VakPiEsJTWI4-CL0ekaRg0j1wAiEAsLz0_adxtOLb5WZN4q7zJRV4BqxBUS3qEDqyj9klUYI=&ratebypass=yes", "player_url": "/s/player/c6df6ed7/player_ias.vflset/en_US/base.js", "ext": "mp4", "height": 720, "format_note": "720p", "vcodec": "avc1.64001f", "asr": null, "filesize": 61878666, "fps": 30, "tbr": 2375.165, "width": 1280, "acodec": "none", "downloader_options": {"http_chunk_size": 10485760}, "format": "136 - 1280x720 (720p)", "protocol": "https", "http_headers": {"User-Agent": "Mozilla/5.0 (Windows NT 10.0; Win64; x64) AppleWebKit/537.36 (KHTML, like Gecko) Chrome/72.0.3626.85 Safari/537.36", "Accept-Charset": "ISO-8859-1,utf-8;q=0.7,*;q=0.7", "Accept": "text/html,application/xhtml+xml,application/xml;q=0.9,*/*;q=0.8", "Accept-Encoding": "gzip, deflate", "Accept-Language": "en-us,en;q=0.5"}}, {"format_id": "137", "url": "https://r4---sn-5njj-u2xe.googlevideo.com/videoplayback?expire=1611763812&ei=BDwRYJbFF82ngQOa1rngAg&ip=140.109.135.76&id=o-APP-D5Qfrh4FkMEXAUBVigh2L9fvSP-XgjxsMcgdPXYd&itag=137&aitags=133%2C134%2C135%2C136%2C137%2C160%2C242%2C243%2C244%2C247%2C248%2C271%2C278%2C313&source=youtube&requiressl=yes&mh=6p&mm=31%2C29&mn=sn-5njj-u2xe%2Csn-un57sn76&ms=au%2Crdu&mv=m&mvi=4&pcm2cms=yes&pl=16&initcwndbps=478750&vprv=1&mime=video%2Fmp4&ns=66pOJROmVSuJWlwGjl7jg5EF&gir=yes&clen=109035115&dur=305.805&lmt=1599117618546696&mt=1611741877&fvip=4&keepalive=yes&c=WEB&txp=6316222&n=iT61jGVjI3c8ohqGvWxp&sparams=expire%2Cei%2Cip%2Cid%2Caitags%2Csource%2Crequiressl%2Cvprv%2Cmime%2Cns%2Cgir%2Cclen%2Cdur%2Clmt&lsparams=mh%2Cmm%2Cmn%2Cms%2Cmv%2Cmvi%2Cpcm2cms%2Cpl%2Cinitcwndbps&lsig=AG3C_xAwRAIgQMAyW7C-521IOKE4Gxox-dmdA3IH1UnDaGKFhvjurkQCIHENu-AOl8ucp5zxPf19_wcbjviS8nnfs520dUlVBzZq&sig=AOq0QJ8wRgIhAP5H5NITuyRyU9jfKYa6Xufm9cN_HGajPxmzOxZOUl_OAiEAljWNzmjpBGdVgOArY0b3mIhlCyiB6K3TdfUe1XRMOSA=&ratebypass=yes", "player_url": "/s/player/c6df6ed7/player_ias.vflset/en_US/base.js", "ext": "mp4", "height": 1080, "format_note": "1080p", "vcodec": "avc1.640028", "asr": null, "filesize": 109035115, "fps": 30, "tbr": 4092.393, "width": 1920, "acodec": "none", "downloader_options": {"http_chunk_size": 10485760}, "format": "137 - 1920x1080 (1080p)", "protocol": "https", "http_headers": {"User-Agent": "Mozilla/5.0 (Windows NT 10.0; Win64; x64) AppleWebKit/537.36 (KHTML, like Gecko) Chrome/72.0.3626.85 Safari/537.36", "Accept-Charset": "ISO-8859-1,utf-8;q=0.7,*;q=0.7", "Accept": "text/html,application/xhtml+xml,application/xml;q=0.9,*/*;q=0.8", "Accept-Encoding": "gzip, deflate", "Accept-Language": "en-us,en;q=0.5"}}, {"format_id": "271", "url": "https://r4---sn-5njj-u2xe.googlevideo.com/videoplayback?expire=1611763812&ei=BDwRYJbFF82ngQOa1rngAg&ip=140.109.135.76&id=o-APP-D5Qfrh4FkMEXAUBVigh2L9fvSP-XgjxsMcgdPXYd&itag=271&aitags=133%2C134%2C135%2C136%2C137%2C160%2C242%2C243%2C244%2C247%2C248%2C271%2C278%2C313&source=youtube&requiressl=yes&mh=6p&mm=31%2C29&mn=sn-5njj-u2xe%2Csn-un57sn76&ms=au%2Crdu&mv=m&mvi=4&pcm2cms=yes&pl=16&initcwndbps=478750&vprv=1&mime=video%2Fwebm&ns=66pOJROmVSuJWlwGjl7jg5EF&gir=yes&clen=139346468&dur=305.805&lmt=1599117531492784&mt=1611741877&fvip=4&keepalive=yes&c=WEB&txp=6316222&n=iT61jGVjI3c8ohqGvWxp&sparams=expire%2Cei%2Cip%2Cid%2Caitags%2Csource%2Crequiressl%2Cvprv%2Cmime%2Cns%2Cgir%2Cclen%2Cdur%2Clmt&lsparams=mh%2Cmm%2Cmn%2Cms%2Cmv%2Cmvi%2Cpcm2cms%2Cpl%2Cinitcwndbps&lsig=AG3C_xAwRQIhAL0rHZTtWrptSfisvhSyBqYXc5eM7cQrXDKJKbx3TKafAiB9QVFjDdUVMtmC0nP4sed7N7WHjf03XpWIbD5Ej-kANg%3D%3D&sig=AOq0QJ8wRAIgBpD5mSHiDo-Y6kta7mSaglongdI2BDB1pNFbQmRvQZ8CIEMMgCnNBwbjVinuqHQfAGcZgd5xRoMLwI4WZfhrttt0&ratebypass=yes", "player_url": "/s/player/c6df6ed7/player_ias.vflset/en_US/base.js", "ext": "webm", "height": 1440, "format_note": "1440p", "vcodec": "vp9", "asr": null, "filesize": 139346468, "fps": 30, "tbr": 4901.012, "width": 2560, "acodec": "none", "downloader_options": {"http_chunk_size": 10485760}, "format": "271 - 2560x1440 (1440p)", "protocol": "https", "http_headers": {"User-Agent": "Mozilla/5.0 (Windows NT 10.0; Win64; x64) AppleWebKit/537.36 (KHTML, like Gecko) Chrome/72.0.3626.85 Safari/537.36", "Accept-Charset": "ISO-8859-1,utf-8;q=0.7,*;q=0.7", "Accept": "text/html,application/xhtml+xml,application/xml;q=0.9,*/*;q=0.8", "Accept-Encoding": "gzip, deflate", "Accept-Language": "en-us,en;q=0.5"}}, {"format_id": "313", "url": "https://r4---sn-5njj-u2xe.googlevideo.com/videoplayback?expire=1611763812&ei=BDwRYJbFF82ngQOa1rngAg&ip=140.109.135.76&id=o-APP-D5Qfrh4FkMEXAUBVigh2L9fvSP-XgjxsMcgdPXYd&itag=313&aitags=133%2C134%2C135%2C136%2C137%2C160%2C242%2C243%2C244%2C247%2C248%2C271%2C278%2C313&source=youtube&requiressl=yes&mh=6p&mm=31%2C29&mn=sn-5njj-u2xe%2Csn-un57sn76&ms=au%2Crdu&mv=m&mvi=4&pcm2cms=yes&pl=16&initcwndbps=478750&vprv=1&mime=video%2Fwebm&ns=66pOJROmVSuJWlwGjl7jg5EF&gir=yes&clen=249062447&dur=305.805&lmt=1599117531492523&mt=1611741877&fvip=4&keepalive=yes&c=WEB&txp=6316222&n=iT61jGVjI3c8ohqGvWxp&sparams=expire%2Cei%2Cip%2Cid%2Caitags%2Csource%2Crequiressl%2Cvprv%2Cmime%2Cns%2Cgir%2Cclen%2Cdur%2Clmt&lsparams=mh%2Cmm%2Cmn%2Cms%2Cmv%2Cmvi%2Cpcm2cms%2Cpl%2Cinitcwndbps&lsig=AG3C_xAwRAIgJSWRqGPX2vjKNc6S4oOcjP6uTvkPDxsfKgIZs190aHgCICeji3raSF0XoB5iQpWW_tu0dB0WPSIRyDzeDfyR-wte&sig=AOq0QJ8wRQIgU-fLPKTyGmkhIxtgEogy8xTvaMU6jemzVlAobEahrScCIQCB4CDP8qRVzBnS3fAPkCBfibZvxQQsLC8WvnTtvDMjdA==&ratebypass=yes", "player_url": "/s/player/c6df6ed7/player_ias.vflset/en_US/base.js", "ext": "webm", "height": 2160, "format_note": "2160p", "vcodec": "vp9", "asr": null, "filesize": 249062447, "fps": 30, "tbr": 8129.216, "width": 3840, "acodec": "none", "downloader_options": {"http_chunk_size": 10485760}, "format": "313 - 3840x2160 (2160p)", "protocol": "https", "http_headers": {"User-Agent": "Mozilla/5.0 (Windows NT 10.0; Win64; x64) AppleWebKit/537.36 (KHTML, like Gecko) Chrome/72.0.3626.85 Safari/537.36", "Accept-Charset": "ISO-8859-1,utf-8;q=0.7,*;q=0.7", "Accept": "text/html,application/xhtml+xml,application/xml;q=0.9,*/*;q=0.8", "Accept-Encoding": "gzip, deflate", "Accept-Language": "en-us,en;q=0.5"}}, {"format_id": "18", "url": "https://r4---sn-5njj-u2xe.googlevideo.com/videoplayback?expire=1611763812&ei=BDwRYJbFF82ngQOa1rngAg&ip=140.109.135.76&id=o-APP-D5Qfrh4FkMEXAUBVigh2L9fvSP-XgjxsMcgdPXYd&itag=18&source=youtube&requiressl=yes&mh=6p&mm=31%2C29&mn=sn-5njj-u2xe%2Csn-un57sn76&ms=au%2Crdu&mv=m&mvi=4&pcm2cms=yes&pl=16&initcwndbps=478750&vprv=1&mime=video%2Fmp4&ns=WIUqJDKpUDAKZcNywVdboloF&gir=yes&clen=26194452&ratebypass=yes&dur=305.853&lmt=1599117511435782&mt=1611741877&fvip=4&c=WEB&txp=6316222&n=YYCMNIiiZZWLvSHjEp63&sparams=expire%2Cei%2Cip%2Cid%2Citag%2Csource%2Crequiressl%2Cvprv%2Cmime%2Cns%2Cgir%2Cclen%2Cratebypass%2Cdur%2Clmt&lsparams=mh%2Cmm%2Cmn%2Cms%2Cmv%2Cmvi%2Cpcm2cms%2Cpl%2Cinitcwndbps&lsig=AG3C_xAwRQIhAL3g1vS4NGSY24gEuN0nUOttwenrr7Jr2q5b-WgmIaRSAiBUcUTUKe5NCBFY0wLfuozDnV8-I2VjXbNuZIxFg7sPMQ%3D%3D&sig=AOq0QJ8wRAIgd-eezB4t_FqxlLoCGCv7b_jJesn_Urfgim5mGP69uWwCIGeWgVzZNNWbHDmY7wHRWwf8_1xzOHblz9pjXuCSsd9s", "player_url": "/s/player/c6df6ed7/player_ias.vflset/en_US/base.js", "ext": "mp4", "width": 640, "height": 360, "acodec": "mp4a.40.2", "abr": 96, "vcodec": "avc1.42001E", "asr": 44100, "filesize": 26194452, "format_note": "360p", "fps": 30, "tbr": 685.258, "format": "18 - 640x360 (360p)", "protocol": "https", "http_headers": {"User-Agent": "Mozilla/5.0 (Windows NT 10.0; Win64; x64) AppleWebKit/537.36 (KHTML, like Gecko) Chrome/72.0.3626.85 Safari/537.36", "Accept-Charset": "ISO-8859-1,utf-8;q=0.7,*;q=0.7", "Accept": "text/html,application/xhtml+xml,application/xml;q=0.9,*/*;q=0.8", "Accept-Encoding": "gzip, deflate", "Accept-Language": "en-us,en;q=0.5"}}], "is_live": null, "start_time": null, "end_time": null, "series": null, "season_number": null, "episode_number": null, "track": null, "artist": null, "album": null, "release_date": null, "release_year": null, "extractor": "youtube", "webpage_url_basename": "watch", "extractor_key": "Youtube", "playlist": null, "playlist_index": null, "thumbnail": "https://i.ytimg.com/vi_webp/_Eb2B8dH8lc/maxresdefault.webp?v=5f509d04", "display_id": "_Eb2B8dH8lc", "requested_subtitles": null, "format_id": "251", "url": "https://r4---sn-5njj-u2xe.googlevideo.com/videoplayback?expire=1611763812&ei=BDwRYJbFF82ngQOa1rngAg&ip=140.109.135.76&id=o-APP-D5Qfrh4FkMEXAUBVigh2L9fvSP-XgjxsMcgdPXYd&itag=251&source=youtube&requiressl=yes&mh=6p&mm=31%2C29&mn=sn-5njj-u2xe%2Csn-un57sn76&ms=au%2Crdu&mv=m&mvi=4&pcm2cms=yes&pl=16&initcwndbps=478750&vprv=1&mime=audio%2Fwebm&ns=66pOJROmVSuJWlwGjl7jg5EF&gir=yes&clen=5555074&dur=305.821&lmt=1599117466050182&mt=1611741877&fvip=4&keepalive=yes&c=WEB&txp=6311222&n=iT61jGVjI3c8ohqGvWxp&sparams=expire%2Cei%2Cip%2Cid%2Citag%2Csource%2Crequiressl%2Cvprv%2Cmime%2Cns%2Cgir%2Cclen%2Cdur%2Clmt&lsparams=mh%2Cmm%2Cmn%2Cms%2Cmv%2Cmvi%2Cpcm2cms%2Cpl%2Cinitcwndbps&lsig=AG3C_xAwRQIhAM4PiR06n-V5CwAK0oVJ4Z2ULr2u0LGU-YIaTe2eraFxAiBn9oav6qWPkTf86QSBrrSozSrHgJz6Gw1QJK9zW5iGkw%3D%3D&sig=AOq0QJ8wRgIhAO_9Jeay-JD2Z2Tp3UeXjyhR-_kTYQAZLyzsXYllMZIbAiEAmkzKYUKpm4etyf4yrf4_SGc-8F5I1J91zraGh2TJbLk=&ratebypass=yes", "player_url": "/s/player/c6df6ed7/player_ias.vflset/en_US/base.js", "ext": "webm", "format_note": "tiny", "acodec": "opus", "abr": 160, "asr": 48000, "filesize": 5555074, "fps": null, "height": null, "tbr": 153.04, "width": null, "vcodec": "none", "downloader_options": {"http_chunk_size": 10485760}, "format": "251 - audio only (tiny)", "protocol": "https", "http_headers": {"User-Agent": "Mozilla/5.0 (Windows NT 10.0; Win64; x64) AppleWebKit/537.36 (KHTML, like Gecko) Chrome/72.0.3626.85 Safari/537.36", "Accept-Charset": "ISO-8859-1,utf-8;q=0.7,*;q=0.7", "Accept": "text/html,application/xhtml+xml,application/xml;q=0.9,*/*;q=0.8", "Accept-Encoding": "gzip, deflate", "Accept-Language": "en-us,en;q=0.5"}}