{"id": "_og9LEMmRrE", "uploader": "Funguypiano", "uploader_id": "Funguypiano", "uploader_url": "http://www.youtube.com/user/Funguypiano", "channel_id": "UCBlkpX--7ZD73URbSC1oWRw", "channel_url": "http://www.youtube.com/channel/UCBlkpX--7ZD73URbSC1oWRw", "upload_date": "20201127", "license": null, "creator": "Funguypiano", "title": "BTS \ubc29\ud0c4\uc18c\ub144\ub2e8\u300cLife Goes On\u300d Piano Cover", "alt_title": "BTS - Life Goes On", "thumbnails": [{"url": "https://i.ytimg.com/vi/_og9LEMmRrE/hqdefault.jpg?sqp=-oaymwEYCKgBEF5IVfKriqkDCwgBFQAAiEIYAXAB&rs=AOn4CLDTg_wzhH3CuAe0ETH--8mBk9EKMw", "width": 168, "height": 94, "resolution": "168x94", "id": "0"}, {"url": "https://i.ytimg.com/vi/_og9LEMmRrE/hqdefault.jpg?sqp=-oaymwEYCMQBEG5IVfKriqkDCwgBFQAAiEIYAXAB&rs=AOn4CLC1jcIeu5tY-AGLRM_vmDFU2ACvmg", "width": 196, "height": 110, "resolution": "196x110", "id": "1"}, {"url": "https://i.ytimg.com/vi/_og9LEMmRrE/hqdefault.jpg?sqp=-oaymwEZCPYBEIoBSFXyq4qpAwsIARUAAIhCGAFwAQ==&rs=AOn4CLAxOZ7tDDj5Iiss0AvvEUfcm1RAHA", "width": 246, "height": 138, "resolution": "246x138", "id": "2"}, {"url": "https://i.ytimg.com/vi/_og9LEMmRrE/hqdefault.jpg?sqp=-oaymwEZCNACELwBSFXyq4qpAwsIARUAAIhCGAFwAQ==&rs=AOn4CLDGmG6dUa8UDGOttAgNKxdnClgJYw", "width": 336, "height": 188, "resolution": "336x188", "id": "3"}, {"url": "https://i.ytimg.com/vi_webp/_og9LEMmRrE/maxresdefault.webp", "width": 1920, "height": 1080, "resolution": "1920x1080", "id": "4"}], "description": "How is everyone doing? 2020 has been a really tough and bizarre year for many, including myself, and all of a sudden we are approaching year end. Life goes by on it's own without us realizing it. Luckily we have so many good comebacks, Kdrama & Anime to watch \uff65\u2200\uff65) \n\n\u2022\u2022 \u2501\u2501\u2501\u2501\u2501 \u0669(\u0e51\u00f2\u03c9\u00f3\u0e51)\u06f6\u2501\u2501\u2501\u2501\u2501 \u2022\u2022\n\u266a Sheet Music & Midi: https://funguypiano.com/\n\u266a Spotify: https://spoti.fi/2w3rfR6\n\u266a iTunes / Apple Music: https://apple.co/2BE74yB\n\u266a Piano Tutorial Channel: https://bit.ly/2Thi8Yr\n\u266a Patreon: https://patreon.com/funguypiano\n\u266a Learn Piano: https://tinyurl.com/funguy-flowkey\n\u266a Instagram: https://www.instagram.com/funguypiano/\n\u266a About Me / Set-up / FAQ: https://linktr.ee/funguypiano\n\n#BTS #LifeGoesOn #Piano", "categories": ["Music"], "tags": null, "subtitles": {}, "automatic_captions": {}, "duration": 278, "age_limit": 0, "annotations": null, "chapters": null, "webpage_url": "https://www.youtube.com/watch?v=_og9LEMmRrE", "view_count": 117114, "like_count": 10300, "dislike_count": 24, "average_rating": 4.9907012, "formats": [{"format_id": "249", "url": "https://r2---sn-5njj-u2xe.googlevideo.com/videoplayback?expire=1611763237&ei=xTkRYIGOB_K2s8IPnuuZqA0&ip=140.109.135.76&id=o-AF5s7gfsPnK0qI5MC_NJ9fUr4C3gWRPKayaoWnT3Fd1c&itag=249&source=youtube&requiressl=yes&mh=gS&mm=31%2C29&mn=sn-5njj-u2xe%2Csn-un57sn76&ms=au%2Crdu&mv=m&mvi=2&pl=16&initcwndbps=540000&vprv=1&mime=audio%2Fwebm&ns=ez0VdUQxxDdBo47nl7bjrtEF&gir=yes&clen=1979219&dur=278.081&lmt=1606493203787270&mt=1611740913&fvip=2&keepalive=yes&beids=23886200&c=WEB&txp=5432434&n=S3IKClZuAVHKKJVUqPp5&sparams=expire%2Cei%2Cip%2Cid%2Citag%2Csource%2Crequiressl%2Cvprv%2Cmime%2Cns%2Cgir%2Cclen%2Cdur%2Clmt&lsparams=mh%2Cmm%2Cmn%2Cms%2Cmv%2Cmvi%2Cpl%2Cinitcwndbps&lsig=AG3C_xAwRAIgay0-N2b0_ya4dqF6YmnbDmLT3jUTny0j6lD85D4185gCIEVeBJHhG0wlYXxHjasNkVR6GP--a_nVEg47L9fnDAzf&sig=AOq0QJ8wRQIgVxy2tAoYUrfRIHHd38cfS1kBbfbRkHbNzwLaguVkip4CIQCc17tWFDwIQ2Br1BbTscv0Jq0Xf7FfQG1qHoWeHVI77Q==&ratebypass=yes", "player_url": "/s/player/c6df6ed7/player_ias.vflset/en_US/base.js", "ext": "webm", "format_note": "tiny", "acodec": "opus", "abr": 50, "asr": 48000, "filesize": 1979219, "fps": null, "height": null, "tbr": 60.838, "width": null, "vcodec": "none", "downloader_options": {"http_chunk_size": 10485760}, "format": "249 - audio only (tiny)", "protocol": "https", "http_headers": {"User-Agent": "Mozilla/5.0 (Windows NT 10.0; Win64; x64) AppleWebKit/537.36 (KHTML, like Gecko) Chrome/72.0.3626.85 Safari/537.36", "Accept-Charset": "ISO-8859-1,utf-8;q=0.7,*;q=0.7", "Accept": "text/html,application/xhtml+xml,application/xml;q=0.9,*/*;q=0.8", "Accept-Encoding": "gzip, deflate", "Accept-Language": "en-us,en;q=0.5"}}, {"format_id": "250", "url": "https://r2---sn-5njj-u2xe.googlevideo.com/videoplayback?expire=1611763237&ei=xTkRYIGOB_K2s8IPnuuZqA0&ip=140.109.135.76&id=o-AF5s7gfsPnK0qI5MC_NJ9fUr4C3gWRPKayaoWnT3Fd1c&itag=250&source=youtube&requiressl=yes&mh=gS&mm=31%2C29&mn=sn-5njj-u2xe%2Csn-un57sn76&ms=au%2Crdu&mv=m&mvi=2&pl=16&initcwndbps=540000&vprv=1&mime=audio%2Fwebm&ns=ez0VdUQxxDdBo47nl7bjrtEF&gir=yes&clen=2607481&dur=278.081&lmt=1606493257242313&mt=1611740913&fvip=2&keepalive=yes&beids=23886200&c=WEB&txp=5432434&n=S3IKClZuAVHKKJVUqPp5&sparams=expire%2Cei%2Cip%2Cid%2Citag%2Csource%2Crequiressl%2Cvprv%2Cmime%2Cns%2Cgir%2Cclen%2Cdur%2Clmt&lsparams=mh%2Cmm%2Cmn%2Cms%2Cmv%2Cmvi%2Cpl%2Cinitcwndbps&lsig=AG3C_xAwRAIgVSVsJzL61yEhmRhVH0P8oshcz-8AtLztQtBFJcYZCBcCIB-ITUWD7EXQT76ORxvP2D1JgCBOTDIHzjx4OBy4ltW2&sig=AOq0QJ8wRAIgBmMKu4BCP5hI-iw-iTLC-qXZe3RxcsrAyP1BLDazvtYCIDOp2sQv8ADf9j_t9nRTG0-hp-iToevtO_XotTg9rJHz&ratebypass=yes", "player_url": "/s/player/c6df6ed7/player_ias.vflset/en_US/base.js", "ext": "webm", "format_note": "tiny", "acodec": "opus", "abr": 70, "asr": 48000, "filesize": 2607481, "fps": null, "height": null, "tbr": 79.224, "width": null, "vcodec": "none", "downloader_options": {"http_chunk_size": 10485760}, "format": "250 - audio only (tiny)", "protocol": "https", "http_headers": {"User-Agent": "Mozilla/5.0 (Windows NT 10.0; Win64; x64) AppleWebKit/537.36 (KHTML, like Gecko) Chrome/72.0.3626.85 Safari/537.36", "Accept-Charset": "ISO-8859-1,utf-8;q=0.7,*;q=0.7", "Accept": "text/html,application/xhtml+xml,application/xml;q=0.9,*/*;q=0.8", "Accept-Encoding": "gzip, deflate", "Accept-Language": "en-us,en;q=0.5"}}, {"format_id": "140", "url": "https://r2---sn-5njj-u2xe.googlevideo.com/videoplayback?expire=1611763237&ei=xTkRYIGOB_K2s8IPnuuZqA0&ip=140.109.135.76&id=o-AF5s7gfsPnK0qI5MC_NJ9fUr4C3gWRPKayaoWnT3Fd1c&itag=140&source=youtube&requiressl=yes&mh=gS&mm=31%2C29&mn=sn-5njj-u2xe%2Csn-un57sn76&ms=au%2Crdu&mv=m&mvi=2&pl=16&initcwndbps=540000&vprv=1&mime=audio%2Fmp4&ns=ez0VdUQxxDdBo47nl7bjrtEF&gir=yes&clen=4501979&dur=278.128&lmt=1606493203733480&mt=1611740913&fvip=2&keepalive=yes&beids=23886200&c=WEB&txp=5432434&n=S3IKClZuAVHKKJVUqPp5&sparams=expire%2Cei%2Cip%2Cid%2Citag%2Csource%2Crequiressl%2Cvprv%2Cmime%2Cns%2Cgir%2Cclen%2Cdur%2Clmt&lsparams=mh%2Cmm%2Cmn%2Cms%2Cmv%2Cmvi%2Cpl%2Cinitcwndbps&lsig=AG3C_xAwRQIgBjjuBWiT235gVtWRYXyN4bYjStdYUJGCImXv94cQE-4CIQDj9DL32UuHZG_cYwHk8-n3aghL6Mkp4Bkplfpbm_fWdw%3D%3D&sig=AOq0QJ8wRAIgaaUtZDyG74S_eONJ2DI5A9I6c0SQQ9QALrdFLcFj3e4CIHONVLOPZsw93g2hudoE6gepLDz_r6erXM3G2vaS1U0T&ratebypass=yes", "player_url": "/s/player/c6df6ed7/player_ias.vflset/en_US/base.js", "ext": "m4a", "format_note": "tiny", "acodec": "mp4a.40.2", "abr": 128, "container": "m4a_dash", "asr": 44100, "filesize": 4501979, "fps": null, "height": null, "tbr": 130.483, "width": null, "vcodec": "none", "downloader_options": {"http_chunk_size": 10485760}, "format": "140 - audio only (tiny)", "protocol": "https", "http_headers": {"User-Agent": "Mozilla/5.0 (Windows NT 10.0; Win64; x64) AppleWebKit/537.36 (KHTML, like Gecko) Chrome/72.0.3626.85 Safari/537.36", "Accept-Charset": "ISO-8859-1,utf-8;q=0.7,*;q=0.7", "Accept": "text/html,application/xhtml+xml,application/xml;q=0.9,*/*;q=0.8", "Accept-Encoding": "gzip, deflate", "Accept-Language": "en-us,en;q=0.5"}}, {"format_id": "251", "url": "https://r2---sn-5njj-u2xe.googlevideo.com/videoplayback?expire=1611763237&ei=xTkRYIGOB_K2s8IPnuuZqA0&ip=140.109.135.76&id=o-AF5s7gfsPnK0qI5MC_NJ9fUr4C3gWRPKayaoWnT3Fd1c&itag=251&source=youtube&requiressl=yes&mh=gS&mm=31%2C29&mn=sn-5njj-u2xe%2Csn-un57sn76&ms=au%2Crdu&mv=m&mvi=2&pl=16&initcwndbps=540000&vprv=1&mime=audio%2Fwebm&ns=ez0VdUQxxDdBo47nl7bjrtEF&gir=yes&clen=5132962&dur=278.081&lmt=1606493203928293&mt=1611740913&fvip=2&keepalive=yes&beids=23886200&c=WEB&txp=5432434&n=S3IKClZuAVHKKJVUqPp5&sparams=expire%2Cei%2Cip%2Cid%2Citag%2Csource%2Crequiressl%2Cvprv%2Cmime%2Cns%2Cgir%2Cclen%2Cdur%2Clmt&lsparams=mh%2Cmm%2Cmn%2Cms%2Cmv%2Cmvi%2Cpl%2Cinitcwndbps&lsig=AG3C_xAwRQIhANBIx3IlPQSGtO4trrDy78BLEA9QXI-xSiMM7r5Xt9WHAiA8qWrjFyKKjDkkTMXvq8ScD-dhdAOy1iN5todJ6F7HsA%3D%3D&sig=AOq0QJ8wRQIgZXp0yhXvd_vbdKGmT40xe3Qhny8YcQc9yLpAgvWNm7wCIQCtHWrClXLLVKgJuDBReHJe8MF6yffvPEv24Qu7XDgZaw==&ratebypass=yes", "player_url": "/s/player/c6df6ed7/player_ias.vflset/en_US/base.js", "ext": "webm", "format_note": "tiny", "acodec": "opus", "abr": 160, "asr": 48000, "filesize": 5132962, "fps": null, "height": null, "tbr": 156.658, "width": null, "vcodec": "none", "downloader_options": {"http_chunk_size": 10485760}, "format": "251 - audio only (tiny)", "protocol": "https", "http_headers": {"User-Agent": "Mozilla/5.0 (Windows NT 10.0; Win64; x64) AppleWebKit/537.36 (KHTML, like Gecko) Chrome/72.0.3626.85 Safari/537.36", "Accept-Charset": "ISO-8859-1,utf-8;q=0.7,*;q=0.7", "Accept": "text/html,application/xhtml+xml,application/xml;q=0.9,*/*;q=0.8", "Accept-Encoding": "gzip, deflate", "Accept-Language": "en-us,en;q=0.5"}}, {"format_id": "160", "url": "https://r2---sn-5njj-u2xe.googlevideo.com/videoplayback?expire=1611763237&ei=xTkRYIGOB_K2s8IPnuuZqA0&ip=140.109.135.76&id=o-AF5s7gfsPnK0qI5MC_NJ9fUr4C3gWRPKayaoWnT3Fd1c&itag=160&aitags=133%2C134%2C135%2C136%2C137%2C160%2C242%2C243%2C244%2C247%2C248%2C278&source=youtube&requiressl=yes&mh=gS&mm=31%2C29&mn=sn-5njj-u2xe%2Csn-un57sn76&ms=au%2Crdu&mv=m&mvi=2&pl=16&initcwndbps=540000&vprv=1&mime=video%2Fmp4&ns=ez0VdUQxxDdBo47nl7bjrtEF&gir=yes&clen=1446859&dur=278.066&lmt=1606497363008753&mt=1611740913&fvip=2&keepalive=yes&beids=23886200&c=WEB&txp=5432434&n=S3IKClZuAVHKKJVUqPp5&sparams=expire%2Cei%2Cip%2Cid%2Caitags%2Csource%2Crequiressl%2Cvprv%2Cmime%2Cns%2Cgir%2Cclen%2Cdur%2Clmt&lsparams=mh%2Cmm%2Cmn%2Cms%2Cmv%2Cmvi%2Cpl%2Cinitcwndbps&lsig=AG3C_xAwRQIhANnKrL3wTf4TVZiR7j0B2U3KWD3f1fjE5HnaBxQ7x9FwAiB3KKix-y-RTwd0UewdeRMoP-S7Ir4wx32Mortq_gdBkg%3D%3D&sig=AOq0QJ8wRQIgSbGdDro9RBbNbr65ejB5Gzd7HeI7vgIpBdoUwIhiYs0CIQDXLX3pCwWKQIFeJwQ4PsFI-W_T09AOOvyX_ugIB1y1QA==&ratebypass=yes", "player_url": "/s/player/c6df6ed7/player_ias.vflset/en_US/base.js", "ext": "mp4", "height": 144, "format_note": "144p", "vcodec": "avc1.4d400c", "asr": null, "filesize": 1446859, "fps": 30, "tbr": 55.289, "width": 256, "acodec": "none", "downloader_options": {"http_chunk_size": 10485760}, "format": "160 - 256x144 (144p)", "protocol": "https", "http_headers": {"User-Agent": "Mozilla/5.0 (Windows NT 10.0; Win64; x64) AppleWebKit/537.36 (KHTML, like Gecko) Chrome/72.0.3626.85 Safari/537.36", "Accept-Charset": "ISO-8859-1,utf-8;q=0.7,*;q=0.7", "Accept": "text/html,application/xhtml+xml,application/xml;q=0.9,*/*;q=0.8", "Accept-Encoding": "gzip, deflate", "Accept-Language": "en-us,en;q=0.5"}}, {"format_id": "278", "url": "https://r2---sn-5njj-u2xe.googlevideo.com/videoplayback?expire=1611763237&ei=xTkRYIGOB_K2s8IPnuuZqA0&ip=140.109.135.76&id=o-AF5s7gfsPnK0qI5MC_NJ9fUr4C3gWRPKayaoWnT3Fd1c&itag=278&aitags=133%2C134%2C135%2C136%2C137%2C160%2C242%2C243%2C244%2C247%2C248%2C278&source=youtube&requiressl=yes&mh=gS&mm=31%2C29&mn=sn-5njj-u2xe%2Csn-un57sn76&ms=au%2Crdu&mv=m&mvi=2&pl=16&initcwndbps=540000&vprv=1&mime=video%2Fwebm&ns=ez0VdUQxxDdBo47nl7bjrtEF&gir=yes&clen=2530849&dur=278.066&lmt=1606509107830790&mt=1611740913&fvip=2&keepalive=yes&beids=23886200&c=WEB&txp=5432434&n=S3IKClZuAVHKKJVUqPp5&sparams=expire%2Cei%2Cip%2Cid%2Caitags%2Csource%2Crequiressl%2Cvprv%2Cmime%2Cns%2Cgir%2Cclen%2Cdur%2Clmt&lsparams=mh%2Cmm%2Cmn%2Cms%2Cmv%2Cmvi%2Cpl%2Cinitcwndbps&lsig=AG3C_xAwRQIhANiTn21AVDkIin0GrTonO7Heubi1Qc_FDiNpKY_sZsmqAiAn17AAiEEscoc6x3_3lCH8SkZ__eGvgelG1f_LKncNjA%3D%3D&sig=AOq0QJ8wRgIhAMASEz6IL75QHcRcTOOqNmYSEUpz33zfrTks3J7qm4S6AiEAo1ghiOjHjgLJ5NLOT7sbejWofW1f3f_msMxYBT65_e8=&ratebypass=yes", "player_url": "/s/player/c6df6ed7/player_ias.vflset/en_US/base.js", "ext": "webm", "height": 144, "format_note": "144p", "container": "webm", "vcodec": "vp9", "asr": null, "filesize": 2530849, "fps": 30, "tbr": 87.859, "width": 256, "acodec": "none", "downloader_options": {"http_chunk_size": 10485760}, "format": "278 - 256x144 (144p)", "protocol": "https", "http_headers": {"User-Agent": "Mozilla/5.0 (Windows NT 10.0; Win64; x64) AppleWebKit/537.36 (KHTML, like Gecko) Chrome/72.0.3626.85 Safari/537.36", "Accept-Charset": "ISO-8859-1,utf-8;q=0.7,*;q=0.7", "Accept": "text/html,application/xhtml+xml,application/xml;q=0.9,*/*;q=0.8", "Accept-Encoding": "gzip, deflate", "Accept-Language": "en-us,en;q=0.5"}}, {"format_id": "133", "url": "https://r2---sn-5njj-u2xe.googlevideo.com/videoplayback?expire=1611763237&ei=xTkRYIGOB_K2s8IPnuuZqA0&ip=140.109.135.76&id=o-AF5s7gfsPnK0qI5MC_NJ9fUr4C3gWRPKayaoWnT3Fd1c&itag=133&aitags=133%2C134%2C135%2C136%2C137%2C160%2C242%2C243%2C244%2C247%2C248%2C278&source=youtube&requiressl=yes&mh=gS&mm=31%2C29&mn=sn-5njj-u2xe%2Csn-un57sn76&ms=au%2Crdu&mv=m&mvi=2&pl=16&initcwndbps=540000&vprv=1&mime=video%2Fmp4&ns=ez0VdUQxxDdBo47nl7bjrtEF&gir=yes&clen=3135804&dur=278.066&lmt=1606497363611046&mt=1611740913&fvip=2&keepalive=yes&beids=23886200&c=WEB&txp=5432434&n=S3IKClZuAVHKKJVUqPp5&sparams=expire%2Cei%2Cip%2Cid%2Caitags%2Csource%2Crequiressl%2Cvprv%2Cmime%2Cns%2Cgir%2Cclen%2Cdur%2Clmt&lsparams=mh%2Cmm%2Cmn%2Cms%2Cmv%2Cmvi%2Cpl%2Cinitcwndbps&lsig=AG3C_xAwRgIhALJtGNP-OdSS1uJOa1r9IZGImEXsGivdiwVDHWIiL8QoAiEAkwAWzT_cFogYXShJEWi1Q_rdeAoQUQbrA0UGO7ddUBo%3D&sig=AOq0QJ8wRgIhAPneu0Sa0ybXa8RihBdcmE9dQjXvVfHZgtS-iB0sYEKDAiEAmfM22qBIuj2VFYIYp2gFaxfLW-v1yKdIk3nUrXrwKE4=&ratebypass=yes", "player_url": "/s/player/c6df6ed7/player_ias.vflset/en_US/base.js", "ext": "mp4", "height": 240, "format_note": "240p", "vcodec": "avc1.4d4015", "asr": null, "filesize": 3135804, "fps": 30, "tbr": 118.892, "width": 426, "acodec": "none", "downloader_options": {"http_chunk_size": 10485760}, "format": "133 - 426x240 (240p)", "protocol": "https", "http_headers": {"User-Agent": "Mozilla/5.0 (Windows NT 10.0; Win64; x64) AppleWebKit/537.36 (KHTML, like Gecko) Chrome/72.0.3626.85 Safari/537.36", "Accept-Charset": "ISO-8859-1,utf-8;q=0.7,*;q=0.7", "Accept": "text/html,application/xhtml+xml,application/xml;q=0.9,*/*;q=0.8", "Accept-Encoding": "gzip, deflate", "Accept-Language": "en-us,en;q=0.5"}}, {"format_id": "242", "url": "https://r2---sn-5njj-u2xe.googlevideo.com/videoplayback?expire=1611763237&ei=xTkRYIGOB_K2s8IPnuuZqA0&ip=140.109.135.76&id=o-AF5s7gfsPnK0qI5MC_NJ9fUr4C3gWRPKayaoWnT3Fd1c&itag=242&aitags=133%2C134%2C135%2C136%2C137%2C160%2C242%2C243%2C244%2C247%2C248%2C278&source=youtube&requiressl=yes&mh=gS&mm=31%2C29&mn=sn-5njj-u2xe%2Csn-un57sn76&ms=au%2Crdu&mv=m&mvi=2&pl=16&initcwndbps=540000&vprv=1&mime=video%2Fwebm&ns=ez0VdUQxxDdBo47nl7bjrtEF&gir=yes&clen=5068897&dur=278.066&lmt=1606509104667340&mt=1611740913&fvip=2&keepalive=yes&beids=23886200&c=WEB&txp=5432434&n=S3IKClZuAVHKKJVUqPp5&sparams=expire%2Cei%2Cip%2Cid%2Caitags%2Csource%2Crequiressl%2Cvprv%2Cmime%2Cns%2Cgir%2Cclen%2Cdur%2Clmt&lsparams=mh%2Cmm%2Cmn%2Cms%2Cmv%2Cmvi%2Cpl%2Cinitcwndbps&lsig=AG3C_xAwRQIhAJeLuaDFOvxEQHgI8UvLL3dHf2PfYjzcmI1ylulGl7IpAiBLSPLH34HpZXurPkPdax1DL_Fs9pqPCqAQvEkl8_c0sQ%3D%3D&sig=AOq0QJ8wRAIgIs-Pmu82kvP6TgrJbVclMvVa09ToMny4yvTuwfJDwgECIGciJgwbnh-1JnmXBzl7V7TuxjARclj4CUIm_ZfOmxcM&ratebypass=yes", "player_url": "/s/player/c6df6ed7/player_ias.vflset/en_US/base.js", "ext": "webm", "height": 240, "format_note": "240p", "vcodec": "vp9", "asr": null, "filesize": 5068897, "fps": 30, "tbr": 172.678, "width": 426, "acodec": "none", "downloader_options": {"http_chunk_size": 10485760}, "format": "242 - 426x240 (240p)", "protocol": "https", "http_headers": {"User-Agent": "Mozilla/5.0 (Windows NT 10.0; Win64; x64) AppleWebKit/537.36 (KHTML, like Gecko) Chrome/72.0.3626.85 Safari/537.36", "Accept-Charset": "ISO-8859-1,utf-8;q=0.7,*;q=0.7", "Accept": "text/html,application/xhtml+xml,application/xml;q=0.9,*/*;q=0.8", "Accept-Encoding": "gzip, deflate", "Accept-Language": "en-us,en;q=0.5"}}, {"format_id": "134", "url": "https://r2---sn-5njj-u2xe.googlevideo.com/videoplayback?expire=1611763237&ei=xTkRYIGOB_K2s8IPnuuZqA0&ip=140.109.135.76&id=o-AF5s7gfsPnK0qI5MC_NJ9fUr4C3gWRPKayaoWnT3Fd1c&itag=134&aitags=133%2C134%2C135%2C136%2C137%2C160%2C242%2C243%2C244%2C247%2C248%2C278&source=youtube&requiressl=yes&mh=gS&mm=31%2C29&mn=sn-5njj-u2xe%2Csn-un57sn76&ms=au%2Crdu&mv=m&mvi=2&pl=16&initcwndbps=540000&vprv=1&mime=video%2Fmp4&ns=ez0VdUQxxDdBo47nl7bjrtEF&gir=yes&clen=6265406&dur=278.066&lmt=1606497355353687&mt=1611740913&fvip=2&keepalive=yes&beids=23886200&c=WEB&txp=5432434&n=S3IKClZuAVHKKJVUqPp5&sparams=expire%2Cei%2Cip%2Cid%2Caitags%2Csource%2Crequiressl%2Cvprv%2Cmime%2Cns%2Cgir%2Cclen%2Cdur%2Clmt&lsparams=mh%2Cmm%2Cmn%2Cms%2Cmv%2Cmvi%2Cpl%2Cinitcwndbps&lsig=AG3C_xAwRgIhAJXBFnsj-6SLcIUYcL_y-KPGjr_vsy4zxFCXt86Jy3NoAiEAj792sgXGQWpzZyB_NYHJYcZNOQeOr_8idAdDVRdJj_U%3D&sig=AOq0QJ8wRQIgLFiXAsQ9HY0RwYb9dyjALDbVpUae7EIA5vKN_NDWfCECIQCLvJj5tksnYA_2ehNzvr9AFcS7iq9Or9eFtTAyfPNfqA==&ratebypass=yes", "player_url": "/s/player/c6df6ed7/player_ias.vflset/en_US/base.js", "ext": "mp4", "height": 360, "format_note": "360p", "vcodec": "avc1.4d401e", "asr": null, "filesize": 6265406, "fps": 30, "tbr": 235.158, "width": 640, "acodec": "none", "downloader_options": {"http_chunk_size": 10485760}, "format": "134 - 640x360 (360p)", "protocol": "https", "http_headers": {"User-Agent": "Mozilla/5.0 (Windows NT 10.0; Win64; x64) AppleWebKit/537.36 (KHTML, like Gecko) Chrome/72.0.3626.85 Safari/537.36", "Accept-Charset": "ISO-8859-1,utf-8;q=0.7,*;q=0.7", "Accept": "text/html,application/xhtml+xml,application/xml;q=0.9,*/*;q=0.8", "Accept-Encoding": "gzip, deflate", "Accept-Language": "en-us,en;q=0.5"}}, {"format_id": "135", "url": "https://r2---sn-5njj-u2xe.googlevideo.com/videoplayback?expire=1611763237&ei=xTkRYIGOB_K2s8IPnuuZqA0&ip=140.109.135.76&id=o-AF5s7gfsPnK0qI5MC_NJ9fUr4C3gWRPKayaoWnT3Fd1c&itag=135&aitags=133%2C134%2C135%2C136%2C137%2C160%2C242%2C243%2C244%2C247%2C248%2C278&source=youtube&requiressl=yes&mh=gS&mm=31%2C29&mn=sn-5njj-u2xe%2Csn-un57sn76&ms=au%2Crdu&mv=m&mvi=2&pl=16&initcwndbps=540000&vprv=1&mime=video%2Fmp4&ns=ez0VdUQxxDdBo47nl7bjrtEF&gir=yes&clen=9502308&dur=278.066&lmt=1606497356347283&mt=1611740913&fvip=2&keepalive=yes&beids=23886200&c=WEB&txp=5432434&n=S3IKClZuAVHKKJVUqPp5&sparams=expire%2Cei%2Cip%2Cid%2Caitags%2Csource%2Crequiressl%2Cvprv%2Cmime%2Cns%2Cgir%2Cclen%2Cdur%2Clmt&lsparams=mh%2Cmm%2Cmn%2Cms%2Cmv%2Cmvi%2Cpl%2Cinitcwndbps&lsig=AG3C_xAwRAIgKtpcjJfub3H_xo34E2_WI_yXQCJcg51kmwwBNrxVH7ECIF8k9uxh34PZj-_GgdcwaOXh5EadTDks8nbeBQbBqvUp&sig=AOq0QJ8wRQIhAMeYOIYy8C2Y1ft4zMaaA0-Z4yb60t4bjSRf_Ptbj1P0AiAEEam-lKMDIqaUcrXLL76wZN5lnuuTfLM2t-cKlMq8wQ==&ratebypass=yes", "player_url": "/s/player/c6df6ed7/player_ias.vflset/en_US/base.js", "ext": "mp4", "height": 480, "format_note": "480p", "vcodec": "avc1.4d401f", "asr": null, "filesize": 9502308, "fps": 30, "tbr": 350.952, "width": 854, "acodec": "none", "downloader_options": {"http_chunk_size": 10485760}, "format": "135 - 854x480 (480p)", "protocol": "https", "http_headers": {"User-Agent": "Mozilla/5.0 (Windows NT 10.0; Win64; x64) AppleWebKit/537.36 (KHTML, like Gecko) Chrome/72.0.3626.85 Safari/537.36", "Accept-Charset": "ISO-8859-1,utf-8;q=0.7,*;q=0.7", "Accept": "text/html,application/xhtml+xml,application/xml;q=0.9,*/*;q=0.8", "Accept-Encoding": "gzip, deflate", "Accept-Language": "en-us,en;q=0.5"}}, {"format_id": "243", "url": "https://r2---sn-5njj-u2xe.googlevideo.com/videoplayback?expire=1611763237&ei=xTkRYIGOB_K2s8IPnuuZqA0&ip=140.109.135.76&id=o-AF5s7gfsPnK0qI5MC_NJ9fUr4C3gWRPKayaoWnT3Fd1c&itag=243&aitags=133%2C134%2C135%2C136%2C137%2C160%2C242%2C243%2C244%2C247%2C248%2C278&source=youtube&requiressl=yes&mh=gS&mm=31%2C29&mn=sn-5njj-u2xe%2Csn-un57sn76&ms=au%2Crdu&mv=m&mvi=2&pl=16&initcwndbps=540000&vprv=1&mime=video%2Fwebm&ns=ez0VdUQxxDdBo47nl7bjrtEF&gir=yes&clen=11129677&dur=278.066&lmt=1606509106570799&mt=1611740913&fvip=2&keepalive=yes&beids=23886200&c=WEB&txp=5432434&n=S3IKClZuAVHKKJVUqPp5&sparams=expire%2Cei%2Cip%2Cid%2Caitags%2Csource%2Crequiressl%2Cvprv%2Cmime%2Cns%2Cgir%2Cclen%2Cdur%2Clmt&lsparams=mh%2Cmm%2Cmn%2Cms%2Cmv%2Cmvi%2Cpl%2Cinitcwndbps&lsig=AG3C_xAwRQIhAO6iBwouzM6wDQPDDrrQVebaQ0PcU-bMlXVTPJdrwAitAiBTzG2E_ZLKR2A4cu9aJ8xJj0LjJYSIUn-CwE5cXydd5A%3D%3D&sig=AOq0QJ8wRQIgYTO1Pr3dtdmoRSZ7ae_NvGvbGHbnj31r3ZwxInAFxegCIQCzvKITGUMaiwE6kviX_iiFX0JA5QHsZUWINg1NUmS2Eg==&ratebypass=yes", "player_url": "/s/player/c6df6ed7/player_ias.vflset/en_US/base.js", "ext": "webm", "height": 360, "format_note": "360p", "vcodec": "vp9", "asr": null, "filesize": 11129677, "fps": 30, "tbr": 376.79, "width": 640, "acodec": "none", "downloader_options": {"http_chunk_size": 10485760}, "format": "243 - 640x360 (360p)", "protocol": "https", "http_headers": {"User-Agent": "Mozilla/5.0 (Windows NT 10.0; Win64; x64) AppleWebKit/537.36 (KHTML, like Gecko) Chrome/72.0.3626.85 Safari/537.36", "Accept-Charset": "ISO-8859-1,utf-8;q=0.7,*;q=0.7", "Accept": "text/html,application/xhtml+xml,application/xml;q=0.9,*/*;q=0.8", "Accept-Encoding": "gzip, deflate", "Accept-Language": "en-us,en;q=0.5"}}, {"format_id": "136", "url": "https://r2---sn-5njj-u2xe.googlevideo.com/videoplayback?expire=1611763237&ei=xTkRYIGOB_K2s8IPnuuZqA0&ip=140.109.135.76&id=o-AF5s7gfsPnK0qI5MC_NJ9fUr4C3gWRPKayaoWnT3Fd1c&itag=136&aitags=133%2C134%2C135%2C136%2C137%2C160%2C242%2C243%2C244%2C247%2C248%2C278&source=youtube&requiressl=yes&mh=gS&mm=31%2C29&mn=sn-5njj-u2xe%2Csn-un57sn76&ms=au%2Crdu&mv=m&mvi=2&pl=16&initcwndbps=540000&vprv=1&mime=video%2Fmp4&ns=ez0VdUQxxDdBo47nl7bjrtEF&gir=yes&clen=14202921&dur=278.066&lmt=1606497355349038&mt=1611740913&fvip=2&keepalive=yes&beids=23886200&c=WEB&txp=5432434&n=S3IKClZuAVHKKJVUqPp5&sparams=expire%2Cei%2Cip%2Cid%2Caitags%2Csource%2Crequiressl%2Cvprv%2Cmime%2Cns%2Cgir%2Cclen%2Cdur%2Clmt&lsparams=mh%2Cmm%2Cmn%2Cms%2Cmv%2Cmvi%2Cpl%2Cinitcwndbps&lsig=AG3C_xAwRgIhAJqZrwaZtBvkR6x8mSloSas7wIAvNvgS6IsJIUCbSOHdAiEA2gnjOJMAcPewKCvLwFi7HYxtSoW2ehjUDi9XNA4mE00%3D&sig=AOq0QJ8wRgIhALZlOzE_6KSbhGK_qcYyrDeeuJrsx9jzo6la-6XPqPfBAiEAjFFMH6c_797YAvu_K0q6rD0RFyIgYzp45iQ6W5yftsM=&ratebypass=yes", "player_url": "/s/player/c6df6ed7/player_ias.vflset/en_US/base.js", "ext": "mp4", "height": 720, "format_note": "720p", "vcodec": "avc1.4d401f", "asr": null, "filesize": 14202921, "fps": 30, "tbr": 524.96, "width": 1280, "acodec": "none", "downloader_options": {"http_chunk_size": 10485760}, "format": "136 - 1280x720 (720p)", "protocol": "https", "http_headers": {"User-Agent": "Mozilla/5.0 (Windows NT 10.0; Win64; x64) AppleWebKit/537.36 (KHTML, like Gecko) Chrome/72.0.3626.85 Safari/537.36", "Accept-Charset": "ISO-8859-1,utf-8;q=0.7,*;q=0.7", "Accept": "text/html,application/xhtml+xml,application/xml;q=0.9,*/*;q=0.8", "Accept-Encoding": "gzip, deflate", "Accept-Language": "en-us,en;q=0.5"}}, {"format_id": "244", "url": "https://r2---sn-5njj-u2xe.googlevideo.com/videoplayback?expire=1611763237&ei=xTkRYIGOB_K2s8IPnuuZqA0&ip=140.109.135.76&id=o-AF5s7gfsPnK0qI5MC_NJ9fUr4C3gWRPKayaoWnT3Fd1c&itag=244&aitags=133%2C134%2C135%2C136%2C137%2C160%2C242%2C243%2C244%2C247%2C248%2C278&source=youtube&requiressl=yes&mh=gS&mm=31%2C29&mn=sn-5njj-u2xe%2Csn-un57sn76&ms=au%2Crdu&mv=m&mvi=2&pl=16&initcwndbps=540000&vprv=1&mime=video%2Fwebm&ns=ez0VdUQxxDdBo47nl7bjrtEF&gir=yes&clen=19905463&dur=278.066&lmt=1606509104646885&mt=1611740913&fvip=2&keepalive=yes&beids=23886200&c=WEB&txp=5432434&n=S3IKClZuAVHKKJVUqPp5&sparams=expire%2Cei%2Cip%2Cid%2Caitags%2Csource%2Crequiressl%2Cvprv%2Cmime%2Cns%2Cgir%2Cclen%2Cdur%2Clmt&lsparams=mh%2Cmm%2Cmn%2Cms%2Cmv%2Cmvi%2Cpl%2Cinitcwndbps&lsig=AG3C_xAwRAIgTfL9vVzB4XV503EWRfQ56kHA4w6s2P0JJ4TUJbT4MYYCICFbqiMkiylh9sUVQSrbsaG-mzx3JsrU-LRx1jv-7pQa&sig=AOq0QJ8wRgIhAKG_v3tofWwthI6o2QoGtZi5Rovnzhx9NnRCE7R-u7VnAiEAm5pPP8edAK6vIwuxIztK72xEJ1eYGAraQMeR8Cnqbic=&ratebypass=yes", "player_url": "/s/player/c6df6ed7/player_ias.vflset/en_US/base.js", "ext": "webm", "height": 480, "format_note": "480p", "vcodec": "vp9", "asr": null, "filesize": 19905463, "fps": 30, "tbr": 690.2, "width": 854, "acodec": "none", "downloader_options": {"http_chunk_size": 10485760}, "format": "244 - 854x480 (480p)", "protocol": "https", "http_headers": {"User-Agent": "Mozilla/5.0 (Windows NT 10.0; Win64; x64) AppleWebKit/537.36 (KHTML, like Gecko) Chrome/72.0.3626.85 Safari/537.36", "Accept-Charset": "ISO-8859-1,utf-8;q=0.7,*;q=0.7", "Accept": "text/html,application/xhtml+xml,application/xml;q=0.9,*/*;q=0.8", "Accept-Encoding": "gzip, deflate", "Accept-Language": "en-us,en;q=0.5"}}, {"format_id": "247", "url": "https://r2---sn-5njj-u2xe.googlevideo.com/videoplayback?expire=1611763237&ei=xTkRYIGOB_K2s8IPnuuZqA0&ip=140.109.135.76&id=o-AF5s7gfsPnK0qI5MC_NJ9fUr4C3gWRPKayaoWnT3Fd1c&itag=247&aitags=133%2C134%2C135%2C136%2C137%2C160%2C242%2C243%2C244%2C247%2C248%2C278&source=youtube&requiressl=yes&mh=gS&mm=31%2C29&mn=sn-5njj-u2xe%2Csn-un57sn76&ms=au%2Crdu&mv=m&mvi=2&pl=16&initcwndbps=540000&vprv=1&mime=video%2Fwebm&ns=ez0VdUQxxDdBo47nl7bjrtEF&gir=yes&clen=42030172&dur=278.066&lmt=1606509105190224&mt=1611740913&fvip=2&keepalive=yes&beids=23886200&c=WEB&txp=5432434&n=S3IKClZuAVHKKJVUqPp5&sparams=expire%2Cei%2Cip%2Cid%2Caitags%2Csource%2Crequiressl%2Cvprv%2Cmime%2Cns%2Cgir%2Cclen%2Cdur%2Clmt&lsparams=mh%2Cmm%2Cmn%2Cms%2Cmv%2Cmvi%2Cpl%2Cinitcwndbps&lsig=AG3C_xAwRgIhAPBI1wkAa1k0--BFiuS6vnBgzq_B2NISk7ivhzQWvU_EAiEA4XoT7tWfA9yrxs3KwvSYqGTSONlq2KUfl9gP3q5SjWg%3D&sig=AOq0QJ8wRgIhALki5AUBI0JyJC1HaCMfMgw78ez3Tc3Rz4dLuOuhpHneAiEAqgmamJMQtp_pzETfocBZVMojC6ioGDL6plBAHLWnNko=&ratebypass=yes", "player_url": "/s/player/c6df6ed7/player_ias.vflset/en_US/base.js", "ext": "webm", "height": 720, "format_note": "720p", "vcodec": "vp9", "asr": null, "filesize": 42030172, "fps": 30, "tbr": 1433.168, "width": 1280, "acodec": "none", "downloader_options": {"http_chunk_size": 10485760}, "format": "247 - 1280x720 (720p)", "protocol": "https", "http_headers": {"User-Agent": "Mozilla/5.0 (Windows NT 10.0; Win64; x64) AppleWebKit/537.36 (KHTML, like Gecko) Chrome/72.0.3626.85 Safari/537.36", "Accept-Charset": "ISO-8859-1,utf-8;q=0.7,*;q=0.7", "Accept": "text/html,application/xhtml+xml,application/xml;q=0.9,*/*;q=0.8", "Accept-Encoding": "gzip, deflate", "Accept-Language": "en-us,en;q=0.5"}}, {"format_id": "137", "url": "https://r2---sn-5njj-u2xe.googlevideo.com/videoplayback?expire=1611763237&ei=xTkRYIGOB_K2s8IPnuuZqA0&ip=140.109.135.76&id=o-AF5s7gfsPnK0qI5MC_NJ9fUr4C3gWRPKayaoWnT3Fd1c&itag=137&aitags=133%2C134%2C135%2C136%2C137%2C160%2C242%2C243%2C244%2C247%2C248%2C278&source=youtube&requiressl=yes&mh=gS&mm=31%2C29&mn=sn-5njj-u2xe%2Csn-un57sn76&ms=au%2Crdu&mv=m&mvi=2&pl=16&initcwndbps=540000&vprv=1&mime=video%2Fmp4&ns=ez0VdUQxxDdBo47nl7bjrtEF&gir=yes&clen=62022769&dur=278.066&lmt=1606499990141787&mt=1611740913&fvip=2&keepalive=yes&beids=23886200&c=WEB&txp=5432434&n=S3IKClZuAVHKKJVUqPp5&sparams=expire%2Cei%2Cip%2Cid%2Caitags%2Csource%2Crequiressl%2Cvprv%2Cmime%2Cns%2Cgir%2Cclen%2Cdur%2Clmt&lsparams=mh%2Cmm%2Cmn%2Cms%2Cmv%2Cmvi%2Cpl%2Cinitcwndbps&lsig=AG3C_xAwRQIhAOHT_BqgBAjVA0Ep-3IJDsBjUkiIiE0qm2x1koLl1wVXAiAWA6oS_fjxQESb7EA6pOCAmTfQbJN7jRHB0jngBhwsuw%3D%3D&sig=AOq0QJ8wRAIgGJci0w-frpRmMtGRIL_UNZ5z3Fr2MwSWrknci3nAMvACICLOv2PP_vBKV1FJzplVrnupLXPSU7xMdXj9QUVHe3fz&ratebypass=yes", "player_url": "/s/player/c6df6ed7/player_ias.vflset/en_US/base.js", "ext": "mp4", "height": 1080, "format_note": "1080p", "vcodec": "avc1.640028", "asr": null, "filesize": 62022769, "fps": 30, "tbr": 2282.47, "width": 1920, "acodec": "none", "downloader_options": {"http_chunk_size": 10485760}, "format": "137 - 1920x1080 (1080p)", "protocol": "https", "http_headers": {"User-Agent": "Mozilla/5.0 (Windows NT 10.0; Win64; x64) AppleWebKit/537.36 (KHTML, like Gecko) Chrome/72.0.3626.85 Safari/537.36", "Accept-Charset": "ISO-8859-1,utf-8;q=0.7,*;q=0.7", "Accept": "text/html,application/xhtml+xml,application/xml;q=0.9,*/*;q=0.8", "Accept-Encoding": "gzip, deflate", "Accept-Language": "en-us,en;q=0.5"}}, {"format_id": "248", "url": "https://r2---sn-5njj-u2xe.googlevideo.com/videoplayback?expire=1611763237&ei=xTkRYIGOB_K2s8IPnuuZqA0&ip=140.109.135.76&id=o-AF5s7gfsPnK0qI5MC_NJ9fUr4C3gWRPKayaoWnT3Fd1c&itag=248&aitags=133%2C134%2C135%2C136%2C137%2C160%2C242%2C243%2C244%2C247%2C248%2C278&source=youtube&requiressl=yes&mh=gS&mm=31%2C29&mn=sn-5njj-u2xe%2Csn-un57sn76&ms=au%2Crdu&mv=m&mvi=2&pl=16&initcwndbps=540000&vprv=1&mime=video%2Fwebm&ns=ez0VdUQxxDdBo47nl7bjrtEF&gir=yes&clen=80917825&dur=278.066&lmt=1606511655069373&mt=1611740913&fvip=2&keepalive=yes&beids=23886200&c=WEB&txp=5432434&n=S3IKClZuAVHKKJVUqPp5&sparams=expire%2Cei%2Cip%2Cid%2Caitags%2Csource%2Crequiressl%2Cvprv%2Cmime%2Cns%2Cgir%2Cclen%2Cdur%2Clmt&lsparams=mh%2Cmm%2Cmn%2Cms%2Cmv%2Cmvi%2Cpl%2Cinitcwndbps&lsig=AG3C_xAwRAIgEMgOHOKDLwMsEyxNq0r4K5twaHl8Oys8ufiWZgD05BMCIE9AgOnRvHA9V75IOaBdgZN8-UHbK7qK729JFa9jvUqy&sig=AOq0QJ8wRAIgD_wKKJuso8f97MD5dS5yPnL3ZzwmqRMP0Ml3s_-ycQ4CICEVA4JY9IaobPX37bYz4CgYlKHI8Z4BjZ_I4Sg8nIaR&ratebypass=yes", "player_url": "/s/player/c6df6ed7/player_ias.vflset/en_US/base.js", "ext": "webm", "height": 1080, "format_note": "1080p", "vcodec": "vp9", "asr": null, "filesize": 80917825, "fps": 30, "tbr": 2616.42, "width": 1920, "acodec": "none", "downloader_options": {"http_chunk_size": 10485760}, "format": "248 - 1920x1080 (1080p)", "protocol": "https", "http_headers": {"User-Agent": "Mozilla/5.0 (Windows NT 10.0; Win64; x64) AppleWebKit/537.36 (KHTML, like Gecko) Chrome/72.0.3626.85 Safari/537.36", "Accept-Charset": "ISO-8859-1,utf-8;q=0.7,*;q=0.7", "Accept": "text/html,application/xhtml+xml,application/xml;q=0.9,*/*;q=0.8", "Accept-Encoding": "gzip, deflate", "Accept-Language": "en-us,en;q=0.5"}}, {"format_id": "18", "url": "https://r2---sn-5njj-u2xe.googlevideo.com/videoplayback?expire=1611763237&ei=xTkRYIGOB_K2s8IPnuuZqA0&ip=140.109.135.76&id=o-AF5s7gfsPnK0qI5MC_NJ9fUr4C3gWRPKayaoWnT3Fd1c&itag=18&source=youtube&requiressl=yes&mh=gS&mm=31%2C29&mn=sn-5njj-u2xe%2Csn-un57sn76&ms=au%2Crdu&mv=m&mvi=2&pl=16&initcwndbps=540000&vprv=1&mime=video%2Fmp4&ns=zmHZ1fmzUX8g0siFy8EffQMF&gir=yes&clen=18448715&ratebypass=yes&dur=278.128&lmt=1606496624193981&mt=1611740913&fvip=2&beids=23886200&c=WEB&txp=5430434&n=Q93y0RLx62CSJI8RIOwN&sparams=expire%2Cei%2Cip%2Cid%2Citag%2Csource%2Crequiressl%2Cvprv%2Cmime%2Cns%2Cgir%2Cclen%2Cratebypass%2Cdur%2Clmt&lsparams=mh%2Cmm%2Cmn%2Cms%2Cmv%2Cmvi%2Cpl%2Cinitcwndbps&lsig=AG3C_xAwRQIgHweR4RT0_ksqYvDvf_BK5QB-9yRmcA8sWP8-DNjUNIUCIQDPComoj_C6e-p69mJ-fEBAPPbKIf-48spEe3Cqa3s9qA%3D%3D&sig=AOq0QJ8wRgIhANKKOKuIRWVVKEnQv7LVnMsmAHyfkuNvxhit1xLeSEZbAiEA5pm3z8FcT7LeHYn0PfCJZwtV2Aj70_z3GIdQYCWUsaU=", "player_url": "/s/player/c6df6ed7/player_ias.vflset/en_US/base.js", "ext": "mp4", "width": 640, "height": 360, "acodec": "mp4a.40.2", "abr": 96, "vcodec": "avc1.42001E", "asr": 44100, "filesize": 18448715, "format_note": "360p", "fps": 30, "tbr": 530.772, "format": "18 - 640x360 (360p)", "protocol": "https", "http_headers": {"User-Agent": "Mozilla/5.0 (Windows NT 10.0; Win64; x64) AppleWebKit/537.36 (KHTML, like Gecko) Chrome/72.0.3626.85 Safari/537.36", "Accept-Charset": "ISO-8859-1,utf-8;q=0.7,*;q=0.7", "Accept": "text/html,application/xhtml+xml,application/xml;q=0.9,*/*;q=0.8", "Accept-Encoding": "gzip, deflate", "Accept-Language": "en-us,en;q=0.5"}}], "is_live": null, "start_time": null, "end_time": null, "series": null, "season_number": null, "episode_number": null, "track": "BTS - Life Goes On", "artist": "Funguypiano", "album": "BTS - Life Goes On", "release_date": null, "release_year": null, "extractor": "youtube", "webpage_url_basename": "watch", "extractor_key": "Youtube", "playlist": null, "playlist_index": null, "thumbnail": "https://i.ytimg.com/vi_webp/_og9LEMmRrE/maxresdefault.webp", "display_id": "_og9LEMmRrE", "requested_subtitles": null, "format_id": "251", "url": "https://r2---sn-5njj-u2xe.googlevideo.com/videoplayback?expire=1611763237&ei=xTkRYIGOB_K2s8IPnuuZqA0&ip=140.109.135.76&id=o-AF5s7gfsPnK0qI5MC_NJ9fUr4C3gWRPKayaoWnT3Fd1c&itag=251&source=youtube&requiressl=yes&mh=gS&mm=31%2C29&mn=sn-5njj-u2xe%2Csn-un57sn76&ms=au%2Crdu&mv=m&mvi=2&pl=16&initcwndbps=540000&vprv=1&mime=audio%2Fwebm&ns=ez0VdUQxxDdBo47nl7bjrtEF&gir=yes&clen=5132962&dur=278.081&lmt=1606493203928293&mt=1611740913&fvip=2&keepalive=yes&beids=23886200&c=WEB&txp=5432434&n=S3IKClZuAVHKKJVUqPp5&sparams=expire%2Cei%2Cip%2Cid%2Citag%2Csource%2Crequiressl%2Cvprv%2Cmime%2Cns%2Cgir%2Cclen%2Cdur%2Clmt&lsparams=mh%2Cmm%2Cmn%2Cms%2Cmv%2Cmvi%2Cpl%2Cinitcwndbps&lsig=AG3C_xAwRQIhANBIx3IlPQSGtO4trrDy78BLEA9QXI-xSiMM7r5Xt9WHAiA8qWrjFyKKjDkkTMXvq8ScD-dhdAOy1iN5todJ6F7HsA%3D%3D&sig=AOq0QJ8wRQIgZXp0yhXvd_vbdKGmT40xe3Qhny8YcQc9yLpAgvWNm7wCIQCtHWrClXLLVKgJuDBReHJe8MF6yffvPEv24Qu7XDgZaw==&ratebypass=yes", "player_url": "/s/player/c6df6ed7/player_ias.vflset/en_US/base.js", "ext": "webm", "format_note": "tiny", "acodec": "opus", "abr": 160, "asr": 48000, "filesize": 5132962, "fps": null, "height": null, "tbr": 156.658, "width": null, "vcodec": "none", "downloader_options": {"http_chunk_size": 10485760}, "format": "251 - audio only (tiny)", "protocol": "https", "http_headers": {"User-Agent": "Mozilla/5.0 (Windows NT 10.0; Win64; x64) AppleWebKit/537.36 (KHTML, like Gecko) Chrome/72.0.3626.85 Safari/537.36", "Accept-Charset": "ISO-8859-1,utf-8;q=0.7,*;q=0.7", "Accept": "text/html,application/xhtml+xml,application/xml;q=0.9,*/*;q=0.8", "Accept-Encoding": "gzip, deflate", "Accept-Language": "en-us,en;q=0.5"}}