{"id": "ANZf1QXsNrY", "uploader": "Costantino Carrara Music", "uploader_id": "kosta97piano", "uploader_url": "http://www.youtube.com/user/kosta97piano", "channel_id": "UCIvxmYZSfLNbtA4OPMHqKBw", "channel_url": "http://www.youtube.com/channel/UCIvxmYZSfLNbtA4OPMHqKBw", "upload_date": "20181122", "license": null, "creator": null, "title": "Queen - The Piano Medley | Costantino Carrara", "alt_title": null, "thumbnails": [{"url": "https://i.ytimg.com/vi/ANZf1QXsNrY/hqdefault.jpg?sqp=-oaymwEYCKgBEF5IVfKriqkDCwgBFQAAiEIYAXAB&rs=AOn4CLAYttU5e0RM0e8ndpzhyECd42s49Q", "width": 168, "height": 94, "resolution": "168x94", "id": "0"}, {"url": "https://i.ytimg.com/vi/ANZf1QXsNrY/hqdefault.jpg?sqp=-oaymwEYCMQBEG5IVfKriqkDCwgBFQAAiEIYAXAB&rs=AOn4CLAVcLBhN4IPaYEkusz1azEWmYcHwg", "width": 196, "height": 110, "resolution": "196x110", "id": "1"}, {"url": "https://i.ytimg.com/vi/ANZf1QXsNrY/hqdefault.jpg?sqp=-oaymwEZCPYBEIoBSFXyq4qpAwsIARUAAIhCGAFwAQ==&rs=AOn4CLBmhxpGPOX5TQ5Q6j9Jcd7ncUUAqg", "width": 246, "height": 138, "resolution": "246x138", "id": "2"}, {"url": "https://i.ytimg.com/vi/ANZf1QXsNrY/hqdefault.jpg?sqp=-oaymwEZCNACELwBSFXyq4qpAwsIARUAAIhCGAFwAQ==&rs=AOn4CLDK-jxmJkWrkJyrHROPQUrHWwdy0w", "width": 336, "height": 188, "resolution": "336x188", "id": "3"}, {"url": "https://i.ytimg.com/vi_webp/ANZf1QXsNrY/maxresdefault.webp", "width": 1920, "height": 1080, "resolution": "1920x1080", "id": "4"}], "description": "If you enjoyed this medley, SMASH that LIKE button!\n\u2718 Grab the Sheet Music: https://mnot.es/2OWxXit\n\u266b Learn my tunes with flowkey: http://tinyurl.com/10costa-flowkey\n\u2718 Listen on Spotify: http://spoti.fi/1O1btajn\n\n\u266b Facebook - http://www.facebook.com/costantinopiano\n\u266b Instagram - http://instagram.com/costantinocarrara\n\u266b Twitter - https://twitter.com/kosta97piano\n\nDirector: Costantino Carrara\nCameraman: Roberto Amato\nLightning Director: Andrea Mundo, Stefano Maggio\nEditing: Costantino Carrara\n\n#BohemianRhapsody #Queen", "categories": ["Music"], "tags": ["costantino carrara", "piano cover", "queen", "bohemian rhapsody", "somebody to love", "under pressure", "bowie", "don't stop me now", "we are the champions", "the show must go on", "best of queen", "queen greatest hits", "queen medley", "piano medley", "costantino carrara medley", "sheet music", "full soundtrack", "original ost", "soundtrack", "queen piano", "bohemian rhapsody piano"], "subtitles": {}, "automatic_captions": {}, "duration": 420, "age_limit": 0, "annotations": null, "chapters": null, "webpage_url": "https://www.youtube.com/watch?v=ANZf1QXsNrY", "view_count": 838689, "like_count": 18724, "dislike_count": 212, "average_rating": 4.9552174, "formats": [{"format_id": "249", "url": "https://r8---sn-5njj-u2xl.googlevideo.com/videoplayback?expire=1608733076&ei=NP3iX86xAYzJgAPMp5PgCQ&ip=140.109.135.76&id=o-ADMDGvSf5ypu5lTwfvUen_5jdg0Th9EJpu5pfPI5jBIn&itag=249&source=youtube&requiressl=yes&mh=Gz&mm=31%2C29&mn=sn-5njj-u2xl%2Csn-un57en7s&ms=au%2Crdu&mv=m&mvi=8&pl=16&initcwndbps=623750&vprv=1&mime=audio%2Fwebm&ns=31ssUjEc9fKIDgWDg6ryJe4F&gir=yes&clen=2969067&dur=420.201&lmt=1576395593084932&mt=1608711157&fvip=1&keepalive=yes&c=WEB&txp=3531432&n=8jXcbChi5apB26xf&sparams=expire%2Cei%2Cip%2Cid%2Citag%2Csource%2Crequiressl%2Cvprv%2Cmime%2Cns%2Cgir%2Cclen%2Cdur%2Clmt&lsparams=mh%2Cmm%2Cmn%2Cms%2Cmv%2Cmvi%2Cpl%2Cinitcwndbps&lsig=AG3C_xAwRAIgd5ecaRjukf-95ugFBElNkjN2_zfz9q9HZaAfOqq3e10CIC_dSKOwVHNEPp9fJx4ebL-UT-Y_8bFRxZTq4h1keYYn&sig=AOq0QJ8wRAIgbaGrZnX0XA_PhJvQH5g-uuz-Yom_7DsLKybl3UPj42oCIDW82RiCkqXAzfX-fJLGz1-pEjju6dJtqjx6wZrioRuS&ratebypass=yes", "player_url": "/s/player/5dd3f3b2/player_ias.vflset/en_US/base.js", "ext": "webm", "format_note": "tiny", "acodec": "opus", "abr": 50, "asr": 48000, "filesize": 2969067, "fps": null, "height": null, "tbr": 64.798, "width": null, "vcodec": "none", "downloader_options": {"http_chunk_size": 10485760}, "format": "249 - audio only (tiny)", "protocol": "https", "http_headers": {"User-Agent": "Mozilla/5.0 (Windows NT 10.0; Win64; x64) AppleWebKit/537.36 (KHTML, like Gecko) Chrome/72.0.3626.18 Safari/537.36", "Accept-Charset": "ISO-8859-1,utf-8;q=0.7,*;q=0.7", "Accept": "text/html,application/xhtml+xml,application/xml;q=0.9,*/*;q=0.8", "Accept-Encoding": "gzip, deflate", "Accept-Language": "en-us,en;q=0.5"}}, {"format_id": "250", "url": "https://r8---sn-5njj-u2xl.googlevideo.com/videoplayback?expire=1608733076&ei=NP3iX86xAYzJgAPMp5PgCQ&ip=140.109.135.76&id=o-ADMDGvSf5ypu5lTwfvUen_5jdg0Th9EJpu5pfPI5jBIn&itag=250&source=youtube&requiressl=yes&mh=Gz&mm=31%2C29&mn=sn-5njj-u2xl%2Csn-un57en7s&ms=au%2Crdu&mv=m&mvi=8&pl=16&initcwndbps=623750&vprv=1&mime=audio%2Fwebm&ns=31ssUjEc9fKIDgWDg6ryJe4F&gir=yes&clen=3984858&dur=420.201&lmt=1576395592506560&mt=1608711157&fvip=1&keepalive=yes&c=WEB&txp=3531432&n=8jXcbChi5apB26xf&sparams=expire%2Cei%2Cip%2Cid%2Citag%2Csource%2Crequiressl%2Cvprv%2Cmime%2Cns%2Cgir%2Cclen%2Cdur%2Clmt&lsparams=mh%2Cmm%2Cmn%2Cms%2Cmv%2Cmvi%2Cpl%2Cinitcwndbps&lsig=AG3C_xAwRAIgWu556X_1q4-YPi8p10wqDucx0F84VrtiQSUpC2B1ip4CIEtngN7sPf1r-3Mt_28Yi7MVQNnwhUcBCRtHm72rfNgk&sig=AOq0QJ8wRQIgEGKvjCfKJvKMbZFwTaM3rUhtZ3FC8d147afRsuwqE-0CIQCh_Sa3v9NlgM2_6Ho28lvWb0FkvQETp9yjV4_AljiaXQ==&ratebypass=yes", "player_url": "/s/player/5dd3f3b2/player_ias.vflset/en_US/base.js", "ext": "webm", "format_note": "tiny", "acodec": "opus", "abr": 70, "asr": 48000, "filesize": 3984858, "fps": null, "height": null, "tbr": 86.507, "width": null, "vcodec": "none", "downloader_options": {"http_chunk_size": 10485760}, "format": "250 - audio only (tiny)", "protocol": "https", "http_headers": {"User-Agent": "Mozilla/5.0 (Windows NT 10.0; Win64; x64) AppleWebKit/537.36 (KHTML, like Gecko) Chrome/72.0.3626.18 Safari/537.36", "Accept-Charset": "ISO-8859-1,utf-8;q=0.7,*;q=0.7", "Accept": "text/html,application/xhtml+xml,application/xml;q=0.9,*/*;q=0.8", "Accept-Encoding": "gzip, deflate", "Accept-Language": "en-us,en;q=0.5"}}, {"format_id": "140", "url": "https://r8---sn-5njj-u2xl.googlevideo.com/videoplayback?expire=1608733076&ei=NP3iX86xAYzJgAPMp5PgCQ&ip=140.109.135.76&id=o-ADMDGvSf5ypu5lTwfvUen_5jdg0Th9EJpu5pfPI5jBIn&itag=140&source=youtube&requiressl=yes&mh=Gz&mm=31%2C29&mn=sn-5njj-u2xl%2Csn-un57en7s&ms=au%2Crdu&mv=m&mvi=8&pl=16&initcwndbps=623750&vprv=1&mime=audio%2Fmp4&ns=31ssUjEc9fKIDgWDg6ryJe4F&gir=yes&clen=6801799&dur=420.234&lmt=1576395594378598&mt=1608711157&fvip=1&keepalive=yes&c=WEB&txp=3531432&n=8jXcbChi5apB26xf&sparams=expire%2Cei%2Cip%2Cid%2Citag%2Csource%2Crequiressl%2Cvprv%2Cmime%2Cns%2Cgir%2Cclen%2Cdur%2Clmt&lsparams=mh%2Cmm%2Cmn%2Cms%2Cmv%2Cmvi%2Cpl%2Cinitcwndbps&lsig=AG3C_xAwRQIgBAFfA7e83_w3YVCCcEjBeXDvZN5kkB9Ma0yffi0ZGxYCIQCbARDPimksshdlJAeEojFaPsBP_XKrEKpxkuno7t2Naw%3D%3D&sig=AOq0QJ8wRQIhAP5wJc4mvKEpeVLyqTg8VpjbxQ1JtLoVfnMTSiGMSBSXAiAXW1tCFLX8C5csTZIvSne8mPQyPnwUnuIRek6BiNjUFg==&ratebypass=yes", "player_url": "/s/player/5dd3f3b2/player_ias.vflset/en_US/base.js", "ext": "m4a", "format_note": "tiny", "acodec": "mp4a.40.2", "abr": 128, "container": "m4a_dash", "asr": 44100, "filesize": 6801799, "fps": null, "height": null, "tbr": 130.593, "width": null, "vcodec": "none", "downloader_options": {"http_chunk_size": 10485760}, "format": "140 - audio only (tiny)", "protocol": "https", "http_headers": {"User-Agent": "Mozilla/5.0 (Windows NT 10.0; Win64; x64) AppleWebKit/537.36 (KHTML, like Gecko) Chrome/72.0.3626.18 Safari/537.36", "Accept-Charset": "ISO-8859-1,utf-8;q=0.7,*;q=0.7", "Accept": "text/html,application/xhtml+xml,application/xml;q=0.9,*/*;q=0.8", "Accept-Encoding": "gzip, deflate", "Accept-Language": "en-us,en;q=0.5"}}, {"format_id": "251", "url": "https://r8---sn-5njj-u2xl.googlevideo.com/videoplayback?expire=1608733076&ei=NP3iX86xAYzJgAPMp5PgCQ&ip=140.109.135.76&id=o-ADMDGvSf5ypu5lTwfvUen_5jdg0Th9EJpu5pfPI5jBIn&itag=251&source=youtube&requiressl=yes&mh=Gz&mm=31%2C29&mn=sn-5njj-u2xl%2Csn-un57en7s&ms=au%2Crdu&mv=m&mvi=8&pl=16&initcwndbps=623750&vprv=1&mime=audio%2Fwebm&ns=31ssUjEc9fKIDgWDg6ryJe4F&gir=yes&clen=7679104&dur=420.201&lmt=1576395595179149&mt=1608711157&fvip=1&keepalive=yes&c=WEB&txp=3531432&n=8jXcbChi5apB26xf&sparams=expire%2Cei%2Cip%2Cid%2Citag%2Csource%2Crequiressl%2Cvprv%2Cmime%2Cns%2Cgir%2Cclen%2Cdur%2Clmt&lsparams=mh%2Cmm%2Cmn%2Cms%2Cmv%2Cmvi%2Cpl%2Cinitcwndbps&lsig=AG3C_xAwRQIgSvutxuHy35ptsDAUcRnevVYJCCdTkgsZa0qOi338C3ECIQCTZv64ADvd-_4GAfClsTzcIp4vpSUjyMty7RDT04uNvw%3D%3D&sig=AOq0QJ8wRgIhAIwH2HMsOBZvyhT7W2d_8AnHamwuTLIG1CkcIuCLb7hTAiEA8kNlIoMpC1PTRXgVGMnZtQv9AHRJzmJEZ2l6Qbey9es=&ratebypass=yes", "player_url": "/s/player/5dd3f3b2/player_ias.vflset/en_US/base.js", "ext": "webm", "format_note": "tiny", "acodec": "opus", "abr": 160, "asr": 48000, "filesize": 7679104, "fps": null, "height": null, "tbr": 161.654, "width": null, "vcodec": "none", "downloader_options": {"http_chunk_size": 10485760}, "format": "251 - audio only (tiny)", "protocol": "https", "http_headers": {"User-Agent": "Mozilla/5.0 (Windows NT 10.0; Win64; x64) AppleWebKit/537.36 (KHTML, like Gecko) Chrome/72.0.3626.18 Safari/537.36", "Accept-Charset": "ISO-8859-1,utf-8;q=0.7,*;q=0.7", "Accept": "text/html,application/xhtml+xml,application/xml;q=0.9,*/*;q=0.8", "Accept-Encoding": "gzip, deflate", "Accept-Language": "en-us,en;q=0.5"}}, {"format_id": "278", "url": "https://r8---sn-5njj-u2xl.googlevideo.com/videoplayback?expire=1608733076&ei=NP3iX86xAYzJgAPMp5PgCQ&ip=140.109.135.76&id=o-ADMDGvSf5ypu5lTwfvUen_5jdg0Th9EJpu5pfPI5jBIn&itag=278&aitags=133%2C134%2C135%2C136%2C137%2C160%2C242%2C243%2C244%2C247%2C248%2C271%2C278%2C313&source=youtube&requiressl=yes&mh=Gz&mm=31%2C29&mn=sn-5njj-u2xl%2Csn-un57en7s&ms=au%2Crdu&mv=m&mvi=8&pl=16&initcwndbps=623750&vprv=1&mime=video%2Fwebm&ns=31ssUjEc9fKIDgWDg6ryJe4F&gir=yes&clen=4887192&dur=420.166&lmt=1576395867174553&mt=1608711157&fvip=1&keepalive=yes&c=WEB&txp=3531432&n=8jXcbChi5apB26xf&sparams=expire%2Cei%2Cip%2Cid%2Caitags%2Csource%2Crequiressl%2Cvprv%2Cmime%2Cns%2Cgir%2Cclen%2Cdur%2Clmt&lsparams=mh%2Cmm%2Cmn%2Cms%2Cmv%2Cmvi%2Cpl%2Cinitcwndbps&lsig=AG3C_xAwRQIhANrSBlxX7ZO7iSTIIIAyEU1TtFgzrtLgjjtq1O2DgUOEAiAXeAEFAlikbUgZ80fw7ICCe4kLIprBebZ_fQHMEV8lEg%3D%3D&sig=AOq0QJ8wRgIhAIDKWXd1YiAbKLxYvpO0TJifg1Q1F9viZ5Xfap8Y0hpdAiEAh3oMDqIFi4NwPzDms0pppUetbkTO1jzhR49QQ_qgYeU=&ratebypass=yes", "player_url": "/s/player/5dd3f3b2/player_ias.vflset/en_US/base.js", "ext": "webm", "height": 144, "format_note": "144p", "container": "webm", "vcodec": "vp9", "asr": null, "filesize": 4887192, "fps": 24, "tbr": 97.07, "width": 256, "acodec": "none", "downloader_options": {"http_chunk_size": 10485760}, "format": "278 - 256x144 (144p)", "protocol": "https", "http_headers": {"User-Agent": "Mozilla/5.0 (Windows NT 10.0; Win64; x64) AppleWebKit/537.36 (KHTML, like Gecko) Chrome/72.0.3626.18 Safari/537.36", "Accept-Charset": "ISO-8859-1,utf-8;q=0.7,*;q=0.7", "Accept": "text/html,application/xhtml+xml,application/xml;q=0.9,*/*;q=0.8", "Accept-Encoding": "gzip, deflate", "Accept-Language": "en-us,en;q=0.5"}}, {"format_id": "160", "url": "https://r8---sn-5njj-u2xl.googlevideo.com/videoplayback?expire=1608733076&ei=NP3iX86xAYzJgAPMp5PgCQ&ip=140.109.135.76&id=o-ADMDGvSf5ypu5lTwfvUen_5jdg0Th9EJpu5pfPI5jBIn&itag=160&aitags=133%2C134%2C135%2C136%2C137%2C160%2C242%2C243%2C244%2C247%2C248%2C271%2C278%2C313&source=youtube&requiressl=yes&mh=Gz&mm=31%2C29&mn=sn-5njj-u2xl%2Csn-un57en7s&ms=au%2Crdu&mv=m&mvi=8&pl=16&initcwndbps=623750&vprv=1&mime=video%2Fmp4&ns=31ssUjEc9fKIDgWDg6ryJe4F&gir=yes&clen=3480724&dur=420.166&lmt=1576395741328852&mt=1608711157&fvip=1&keepalive=yes&c=WEB&txp=3532432&n=8jXcbChi5apB26xf&sparams=expire%2Cei%2Cip%2Cid%2Caitags%2Csource%2Crequiressl%2Cvprv%2Cmime%2Cns%2Cgir%2Cclen%2Cdur%2Clmt&lsparams=mh%2Cmm%2Cmn%2Cms%2Cmv%2Cmvi%2Cpl%2Cinitcwndbps&lsig=AG3C_xAwRQIgOaZov14bb3u1eIyWzkZJOECn_mjk2nrKIjjGpUbJExMCIQD73iFDTo80GIQOUo4xwWRVBBxYRAYcx9phx4TKxRiyzA%3D%3D&sig=AOq0QJ8wRgIhAItvROq-zsnU9rvr3w7ozhjYbi8QnUlzOwKmh6v0DnnrAiEA63TpX3WeDlOurYcMgqFRcsPRWx56vIkIIx6GQh5wh3Y=&ratebypass=yes", "player_url": "/s/player/5dd3f3b2/player_ias.vflset/en_US/base.js", "ext": "mp4", "height": 144, "format_note": "144p", "vcodec": "avc1.4d400c", "asr": null, "filesize": 3480724, "fps": 24, "tbr": 98.085, "width": 256, "acodec": "none", "downloader_options": {"http_chunk_size": 10485760}, "format": "160 - 256x144 (144p)", "protocol": "https", "http_headers": {"User-Agent": "Mozilla/5.0 (Windows NT 10.0; Win64; x64) AppleWebKit/537.36 (KHTML, like Gecko) Chrome/72.0.3626.18 Safari/537.36", "Accept-Charset": "ISO-8859-1,utf-8;q=0.7,*;q=0.7", "Accept": "text/html,application/xhtml+xml,application/xml;q=0.9,*/*;q=0.8", "Accept-Encoding": "gzip, deflate", "Accept-Language": "en-us,en;q=0.5"}}, {"format_id": "133", "url": "https://r8---sn-5njj-u2xl.googlevideo.com/videoplayback?expire=1608733076&ei=NP3iX86xAYzJgAPMp5PgCQ&ip=140.109.135.76&id=o-ADMDGvSf5ypu5lTwfvUen_5jdg0Th9EJpu5pfPI5jBIn&itag=133&aitags=133%2C134%2C135%2C136%2C137%2C160%2C242%2C243%2C244%2C247%2C248%2C271%2C278%2C313&source=youtube&requiressl=yes&mh=Gz&mm=31%2C29&mn=sn-5njj-u2xl%2Csn-un57en7s&ms=au%2Crdu&mv=m&mvi=8&pl=16&initcwndbps=623750&vprv=1&mime=video%2Fmp4&ns=31ssUjEc9fKIDgWDg6ryJe4F&gir=yes&clen=6198307&dur=420.166&lmt=1576395741307073&mt=1608711157&fvip=1&keepalive=yes&c=WEB&txp=3532432&n=8jXcbChi5apB26xf&sparams=expire%2Cei%2Cip%2Cid%2Caitags%2Csource%2Crequiressl%2Cvprv%2Cmime%2Cns%2Cgir%2Cclen%2Cdur%2Clmt&lsparams=mh%2Cmm%2Cmn%2Cms%2Cmv%2Cmvi%2Cpl%2Cinitcwndbps&lsig=AG3C_xAwRQIhAIR0scGFlOrkskGwmtSAfZ2Z-XXiTrxbrmtCUiJkLhQYAiAvA-Od3sb72evojm8DgdUHLxcQZo23g56scWU1Q96x-g%3D%3D&sig=AOq0QJ8wRQIhAKi5JeGv8nCPTgwIqlTPMnebn9H1DGG_Hn-EAA9tzdwnAiBuA8vObajOYrJMA2EHClNjGHKDQx8JkDkPMRzvsE8-Ag==&ratebypass=yes", "player_url": "/s/player/5dd3f3b2/player_ias.vflset/en_US/base.js", "ext": "mp4", "height": 240, "format_note": "240p", "vcodec": "avc1.4d4015", "asr": null, "filesize": 6198307, "fps": 24, "tbr": 173.214, "width": 426, "acodec": "none", "downloader_options": {"http_chunk_size": 10485760}, "format": "133 - 426x240 (240p)", "protocol": "https", "http_headers": {"User-Agent": "Mozilla/5.0 (Windows NT 10.0; Win64; x64) AppleWebKit/537.36 (KHTML, like Gecko) Chrome/72.0.3626.18 Safari/537.36", "Accept-Charset": "ISO-8859-1,utf-8;q=0.7,*;q=0.7", "Accept": "text/html,application/xhtml+xml,application/xml;q=0.9,*/*;q=0.8", "Accept-Encoding": "gzip, deflate", "Accept-Language": "en-us,en;q=0.5"}}, {"format_id": "242", "url": "https://r8---sn-5njj-u2xl.googlevideo.com/videoplayback?expire=1608733076&ei=NP3iX86xAYzJgAPMp5PgCQ&ip=140.109.135.76&id=o-ADMDGvSf5ypu5lTwfvUen_5jdg0Th9EJpu5pfPI5jBIn&itag=242&aitags=133%2C134%2C135%2C136%2C137%2C160%2C242%2C243%2C244%2C247%2C248%2C271%2C278%2C313&source=youtube&requiressl=yes&mh=Gz&mm=31%2C29&mn=sn-5njj-u2xl%2Csn-un57en7s&ms=au%2Crdu&mv=m&mvi=8&pl=16&initcwndbps=623750&vprv=1&mime=video%2Fwebm&ns=31ssUjEc9fKIDgWDg6ryJe4F&gir=yes&clen=9394385&dur=420.166&lmt=1576395867182384&mt=1608711157&fvip=1&keepalive=yes&c=WEB&txp=3531432&n=8jXcbChi5apB26xf&sparams=expire%2Cei%2Cip%2Cid%2Caitags%2Csource%2Crequiressl%2Cvprv%2Cmime%2Cns%2Cgir%2Cclen%2Cdur%2Clmt&lsparams=mh%2Cmm%2Cmn%2Cms%2Cmv%2Cmvi%2Cpl%2Cinitcwndbps&lsig=AG3C_xAwRQIgcdjSpeMG3-VF-uVH9eglj8gmGk_KgTGhPX2uaYifzogCIQDmGLZW-sEPOvF-XnXGSgI4cOulPPwfl5-Yn7G5amX6vA%3D%3D&sig=AOq0QJ8wRAIgOt0LI8O6q9866N0mFDjIHEEmsNYVsWg-Y6RtkEXuT8wCIGHH1YJDKwA9BrFkP2oJPP_0iDAguhtHcIhUrdyFJlKH&ratebypass=yes", "player_url": "/s/player/5dd3f3b2/player_ias.vflset/en_US/base.js", "ext": "webm", "height": 240, "format_note": "240p", "vcodec": "vp9", "asr": null, "filesize": 9394385, "fps": 24, "tbr": 223.783, "width": 426, "acodec": "none", "downloader_options": {"http_chunk_size": 10485760}, "format": "242 - 426x240 (240p)", "protocol": "https", "http_headers": {"User-Agent": "Mozilla/5.0 (Windows NT 10.0; Win64; x64) AppleWebKit/537.36 (KHTML, like Gecko) Chrome/72.0.3626.18 Safari/537.36", "Accept-Charset": "ISO-8859-1,utf-8;q=0.7,*;q=0.7", "Accept": "text/html,application/xhtml+xml,application/xml;q=0.9,*/*;q=0.8", "Accept-Encoding": "gzip, deflate", "Accept-Language": "en-us,en;q=0.5"}}, {"format_id": "243", "url": "https://r8---sn-5njj-u2xl.googlevideo.com/videoplayback?expire=1608733076&ei=NP3iX86xAYzJgAPMp5PgCQ&ip=140.109.135.76&id=o-ADMDGvSf5ypu5lTwfvUen_5jdg0Th9EJpu5pfPI5jBIn&itag=243&aitags=133%2C134%2C135%2C136%2C137%2C160%2C242%2C243%2C244%2C247%2C248%2C271%2C278%2C313&source=youtube&requiressl=yes&mh=Gz&mm=31%2C29&mn=sn-5njj-u2xl%2Csn-un57en7s&ms=au%2Crdu&mv=m&mvi=8&pl=16&initcwndbps=623750&vprv=1&mime=video%2Fwebm&ns=31ssUjEc9fKIDgWDg6ryJe4F&gir=yes&clen=17136829&dur=420.166&lmt=1576395867182536&mt=1608711157&fvip=1&keepalive=yes&c=WEB&txp=3531432&n=8jXcbChi5apB26xf&sparams=expire%2Cei%2Cip%2Cid%2Caitags%2Csource%2Crequiressl%2Cvprv%2Cmime%2Cns%2Cgir%2Cclen%2Cdur%2Clmt&lsparams=mh%2Cmm%2Cmn%2Cms%2Cmv%2Cmvi%2Cpl%2Cinitcwndbps&lsig=AG3C_xAwRQIhANBU40YW0nc5Top-OFb_UtSIf3eTGVOzYHhDaJ7yo_SFAiADTVYaEew6El1I-kH5Z8Z9dDSXp06--8Jh7jXX-TOFmA%3D%3D&sig=AOq0QJ8wRQIhAKvdVEPdgM1sRjF0VgLJV-i7yDL9JM-2rue8a8E7VawaAiB_znTIKV9fKUyzxeIsNrU1bTyFIXtb4rit_nd2LZB_jw==&ratebypass=yes", "player_url": "/s/player/5dd3f3b2/player_ias.vflset/en_US/base.js", "ext": "webm", "height": 360, "format_note": "360p", "vcodec": "vp9", "asr": null, "filesize": 17136829, "fps": 24, "tbr": 406.916, "width": 640, "acodec": "none", "downloader_options": {"http_chunk_size": 10485760}, "format": "243 - 640x360 (360p)", "protocol": "https", "http_headers": {"User-Agent": "Mozilla/5.0 (Windows NT 10.0; Win64; x64) AppleWebKit/537.36 (KHTML, like Gecko) Chrome/72.0.3626.18 Safari/537.36", "Accept-Charset": "ISO-8859-1,utf-8;q=0.7,*;q=0.7", "Accept": "text/html,application/xhtml+xml,application/xml;q=0.9,*/*;q=0.8", "Accept-Encoding": "gzip, deflate", "Accept-Language": "en-us,en;q=0.5"}}, {"format_id": "134", "url": "https://r8---sn-5njj-u2xl.googlevideo.com/videoplayback?expire=1608733076&ei=NP3iX86xAYzJgAPMp5PgCQ&ip=140.109.135.76&id=o-ADMDGvSf5ypu5lTwfvUen_5jdg0Th9EJpu5pfPI5jBIn&itag=134&aitags=133%2C134%2C135%2C136%2C137%2C160%2C242%2C243%2C244%2C247%2C248%2C271%2C278%2C313&source=youtube&requiressl=yes&mh=Gz&mm=31%2C29&mn=sn-5njj-u2xl%2Csn-un57en7s&ms=au%2Crdu&mv=m&mvi=8&pl=16&initcwndbps=623750&vprv=1&mime=video%2Fmp4&ns=31ssUjEc9fKIDgWDg6ryJe4F&gir=yes&clen=14549217&dur=420.166&lmt=1576395741307494&mt=1608711157&fvip=1&keepalive=yes&c=WEB&txp=3532432&n=8jXcbChi5apB26xf&sparams=expire%2Cei%2Cip%2Cid%2Caitags%2Csource%2Crequiressl%2Cvprv%2Cmime%2Cns%2Cgir%2Cclen%2Cdur%2Clmt&lsparams=mh%2Cmm%2Cmn%2Cms%2Cmv%2Cmvi%2Cpl%2Cinitcwndbps&lsig=AG3C_xAwRgIhAMij0xygP06eQ2QK8Nd3cFITmGn4N9HjmrRwlszIirlCAiEAnO4aYp_47Z_40G3zI7HuSVUCA3lIDApuQ2UBCSEAWv4%3D&sig=AOq0QJ8wRQIhAJeLzOSrg1Sh2c336GoqTAuLtXK8KnM-h9v1CJkter6dAiAsQy1K9WU9DPbLjSJNauP5cBSmjb0DY_JC480kS5Fb_g==&ratebypass=yes", "player_url": "/s/player/5dd3f3b2/player_ias.vflset/en_US/base.js", "ext": "mp4", "height": 360, "format_note": "360p", "vcodec": "avc1.4d401e", "asr": null, "filesize": 14549217, "fps": 24, "tbr": 409.417, "width": 640, "acodec": "none", "downloader_options": {"http_chunk_size": 10485760}, "format": "134 - 640x360 (360p)", "protocol": "https", "http_headers": {"User-Agent": "Mozilla/5.0 (Windows NT 10.0; Win64; x64) AppleWebKit/537.36 (KHTML, like Gecko) Chrome/72.0.3626.18 Safari/537.36", "Accept-Charset": "ISO-8859-1,utf-8;q=0.7,*;q=0.7", "Accept": "text/html,application/xhtml+xml,application/xml;q=0.9,*/*;q=0.8", "Accept-Encoding": "gzip, deflate", "Accept-Language": "en-us,en;q=0.5"}}, {"format_id": "244", "url": "https://r8---sn-5njj-u2xl.googlevideo.com/videoplayback?expire=1608733076&ei=NP3iX86xAYzJgAPMp5PgCQ&ip=140.109.135.76&id=o-ADMDGvSf5ypu5lTwfvUen_5jdg0Th9EJpu5pfPI5jBIn&itag=244&aitags=133%2C134%2C135%2C136%2C137%2C160%2C242%2C243%2C244%2C247%2C248%2C271%2C278%2C313&source=youtube&requiressl=yes&mh=Gz&mm=31%2C29&mn=sn-5njj-u2xl%2Csn-un57en7s&ms=au%2Crdu&mv=m&mvi=8&pl=16&initcwndbps=623750&vprv=1&mime=video%2Fwebm&ns=31ssUjEc9fKIDgWDg6ryJe4F&gir=yes&clen=28985778&dur=420.166&lmt=1576395867178551&mt=1608711157&fvip=1&keepalive=yes&c=WEB&txp=3531432&n=8jXcbChi5apB26xf&sparams=expire%2Cei%2Cip%2Cid%2Caitags%2Csource%2Crequiressl%2Cvprv%2Cmime%2Cns%2Cgir%2Cclen%2Cdur%2Clmt&lsparams=mh%2Cmm%2Cmn%2Cms%2Cmv%2Cmvi%2Cpl%2Cinitcwndbps&lsig=AG3C_xAwRAIgX6JUWb7JPbZXu3ezqeA2C_D-CEjUh1QKjR4crIfiC-UCIFvo8hQs9txKt93WRQKdDCKhAm5BdFmgcX0Q9GziFouu&sig=AOq0QJ8wRQIgHCv56Xc8rIF0Gy5zESFe0tRKGsjAdJXxJduQn7PkJs0CIQC3TpeVaY5ZTr9XAf5G_ZGjnsTAGF4Kt3WP4KKnt5LCkA==&ratebypass=yes", "player_url": "/s/player/5dd3f3b2/player_ias.vflset/en_US/base.js", "ext": "webm", "height": 480, "format_note": "480p", "vcodec": "vp9", "asr": null, "filesize": 28985778, "fps": 24, "tbr": 727.266, "width": 854, "acodec": "none", "downloader_options": {"http_chunk_size": 10485760}, "format": "244 - 854x480 (480p)", "protocol": "https", "http_headers": {"User-Agent": "Mozilla/5.0 (Windows NT 10.0; Win64; x64) AppleWebKit/537.36 (KHTML, like Gecko) Chrome/72.0.3626.18 Safari/537.36", "Accept-Charset": "ISO-8859-1,utf-8;q=0.7,*;q=0.7", "Accept": "text/html,application/xhtml+xml,application/xml;q=0.9,*/*;q=0.8", "Accept-Encoding": "gzip, deflate", "Accept-Language": "en-us,en;q=0.5"}}, {"format_id": "135", "url": "https://r8---sn-5njj-u2xl.googlevideo.com/videoplayback?expire=1608733076&ei=NP3iX86xAYzJgAPMp5PgCQ&ip=140.109.135.76&id=o-ADMDGvSf5ypu5lTwfvUen_5jdg0Th9EJpu5pfPI5jBIn&itag=135&aitags=133%2C134%2C135%2C136%2C137%2C160%2C242%2C243%2C244%2C247%2C248%2C271%2C278%2C313&source=youtube&requiressl=yes&mh=Gz&mm=31%2C29&mn=sn-5njj-u2xl%2Csn-un57en7s&ms=au%2Crdu&mv=m&mvi=8&pl=16&initcwndbps=623750&vprv=1&mime=video%2Fmp4&ns=31ssUjEc9fKIDgWDg6ryJe4F&gir=yes&clen=28265082&dur=420.166&lmt=1576395741314233&mt=1608711157&fvip=1&keepalive=yes&c=WEB&txp=3532432&n=8jXcbChi5apB26xf&sparams=expire%2Cei%2Cip%2Cid%2Caitags%2Csource%2Crequiressl%2Cvprv%2Cmime%2Cns%2Cgir%2Cclen%2Cdur%2Clmt&lsparams=mh%2Cmm%2Cmn%2Cms%2Cmv%2Cmvi%2Cpl%2Cinitcwndbps&lsig=AG3C_xAwRQIgPxC7rl6a1IWTZ1fKAGv-7IN52dDuxudTJRdTBT46pN4CIQD1bZxMTQLkOkB540-lO7KrWmJdlu3tlKv6nNXWjV3mRw%3D%3D&sig=AOq0QJ8wRQIgUi3Eh_tkkfc7N-ixmT4A38Oymi5hfrhJCcaGcIrY8UYCIQDIObtZmhjS5_mykfOvSnlwBdepblADt46Gi7zgBSe2XA==&ratebypass=yes", "player_url": "/s/player/5dd3f3b2/player_ias.vflset/en_US/base.js", "ext": "mp4", "height": 480, "format_note": "480p", "vcodec": "avc1.4d401e", "asr": null, "filesize": 28265082, "fps": 24, "tbr": 796.825, "width": 854, "acodec": "none", "downloader_options": {"http_chunk_size": 10485760}, "format": "135 - 854x480 (480p)", "protocol": "https", "http_headers": {"User-Agent": "Mozilla/5.0 (Windows NT 10.0; Win64; x64) AppleWebKit/537.36 (KHTML, like Gecko) Chrome/72.0.3626.18 Safari/537.36", "Accept-Charset": "ISO-8859-1,utf-8;q=0.7,*;q=0.7", "Accept": "text/html,application/xhtml+xml,application/xml;q=0.9,*/*;q=0.8", "Accept-Encoding": "gzip, deflate", "Accept-Language": "en-us,en;q=0.5"}}, {"format_id": "136", "url": "https://r8---sn-5njj-u2xl.googlevideo.com/videoplayback?expire=1608733076&ei=NP3iX86xAYzJgAPMp5PgCQ&ip=140.109.135.76&id=o-ADMDGvSf5ypu5lTwfvUen_5jdg0Th9EJpu5pfPI5jBIn&itag=136&aitags=133%2C134%2C135%2C136%2C137%2C160%2C242%2C243%2C244%2C247%2C248%2C271%2C278%2C313&source=youtube&requiressl=yes&mh=Gz&mm=31%2C29&mn=sn-5njj-u2xl%2Csn-un57en7s&ms=au%2Crdu&mv=m&mvi=8&pl=16&initcwndbps=623750&vprv=1&mime=video%2Fmp4&ns=31ssUjEc9fKIDgWDg6ryJe4F&gir=yes&clen=51561697&dur=420.166&lmt=1576395741306403&mt=1608711157&fvip=1&keepalive=yes&c=WEB&txp=3532432&n=8jXcbChi5apB26xf&sparams=expire%2Cei%2Cip%2Cid%2Caitags%2Csource%2Crequiressl%2Cvprv%2Cmime%2Cns%2Cgir%2Cclen%2Cdur%2Clmt&lsparams=mh%2Cmm%2Cmn%2Cms%2Cmv%2Cmvi%2Cpl%2Cinitcwndbps&lsig=AG3C_xAwRQIhAOjjnf9GZ_o0lbIT18178eHVFkt_MD3_zSPhhpcxcUdrAiBBEJSy4n-HZl3VO8R_qmzoYE_V7Rye_JB09_xPganyXQ%3D%3D&sig=AOq0QJ8wRQIhAIr0jEEHNGKrm91Yt4CgiyYWOWnn1-qEVMB9PD2gDC37AiBHifP38jBIm1GhDh1fwTh5F4H5jrVIU9h_QwDWKDCskQ==&ratebypass=yes", "player_url": "/s/player/5dd3f3b2/player_ias.vflset/en_US/base.js", "ext": "mp4", "height": 720, "format_note": "720p", "vcodec": "avc1.4d401f", "asr": null, "filesize": 51561697, "fps": 24, "tbr": 1440.606, "width": 1280, "acodec": "none", "downloader_options": {"http_chunk_size": 10485760}, "format": "136 - 1280x720 (720p)", "protocol": "https", "http_headers": {"User-Agent": "Mozilla/5.0 (Windows NT 10.0; Win64; x64) AppleWebKit/537.36 (KHTML, like Gecko) Chrome/72.0.3626.18 Safari/537.36", "Accept-Charset": "ISO-8859-1,utf-8;q=0.7,*;q=0.7", "Accept": "text/html,application/xhtml+xml,application/xml;q=0.9,*/*;q=0.8", "Accept-Encoding": "gzip, deflate", "Accept-Language": "en-us,en;q=0.5"}}, {"format_id": "247", "url": "https://r8---sn-5njj-u2xl.googlevideo.com/videoplayback?expire=1608733076&ei=NP3iX86xAYzJgAPMp5PgCQ&ip=140.109.135.76&id=o-ADMDGvSf5ypu5lTwfvUen_5jdg0Th9EJpu5pfPI5jBIn&itag=247&aitags=133%2C134%2C135%2C136%2C137%2C160%2C242%2C243%2C244%2C247%2C248%2C271%2C278%2C313&source=youtube&requiressl=yes&mh=Gz&mm=31%2C29&mn=sn-5njj-u2xl%2Csn-un57en7s&ms=au%2Crdu&mv=m&mvi=8&pl=16&initcwndbps=623750&vprv=1&mime=video%2Fwebm&ns=31ssUjEc9fKIDgWDg6ryJe4F&gir=yes&clen=56588497&dur=420.166&lmt=1576395867179442&mt=1608711157&fvip=1&keepalive=yes&c=WEB&txp=3531432&n=8jXcbChi5apB26xf&sparams=expire%2Cei%2Cip%2Cid%2Caitags%2Csource%2Crequiressl%2Cvprv%2Cmime%2Cns%2Cgir%2Cclen%2Cdur%2Clmt&lsparams=mh%2Cmm%2Cmn%2Cms%2Cmv%2Cmvi%2Cpl%2Cinitcwndbps&lsig=AG3C_xAwRQIgVSi__gCoaZ96bebSUcorN3gTLjeEwGjtCHbt-PhBJosCIQD1fb9iCA8lBHXnU5TyAx3dPbrfyx3qC9yCl6JZw2WEiQ%3D%3D&sig=AOq0QJ8wRQIgINMF2n5-uV4XSEyGeLIbRnN2DrbkZj2TJohuymoto7MCIQCYeXp-vFYa2E-6M3LzD_nfQtu1oCpjbS9bsr1F7DuVkw==&ratebypass=yes", "player_url": "/s/player/5dd3f3b2/player_ias.vflset/en_US/base.js", "ext": "webm", "height": 720, "format_note": "720p", "vcodec": "vp9", "asr": null, "filesize": 56588497, "fps": 24, "tbr": 1443.982, "width": 1280, "acodec": "none", "downloader_options": {"http_chunk_size": 10485760}, "format": "247 - 1280x720 (720p)", "protocol": "https", "http_headers": {"User-Agent": "Mozilla/5.0 (Windows NT 10.0; Win64; x64) AppleWebKit/537.36 (KHTML, like Gecko) Chrome/72.0.3626.18 Safari/537.36", "Accept-Charset": "ISO-8859-1,utf-8;q=0.7,*;q=0.7", "Accept": "text/html,application/xhtml+xml,application/xml;q=0.9,*/*;q=0.8", "Accept-Encoding": "gzip, deflate", "Accept-Language": "en-us,en;q=0.5"}}, {"format_id": "248", "url": "https://r8---sn-5njj-u2xl.googlevideo.com/videoplayback?expire=1608733076&ei=NP3iX86xAYzJgAPMp5PgCQ&ip=140.109.135.76&id=o-ADMDGvSf5ypu5lTwfvUen_5jdg0Th9EJpu5pfPI5jBIn&itag=248&aitags=133%2C134%2C135%2C136%2C137%2C160%2C242%2C243%2C244%2C247%2C248%2C271%2C278%2C313&source=youtube&requiressl=yes&mh=Gz&mm=31%2C29&mn=sn-5njj-u2xl%2Csn-un57en7s&ms=au%2Crdu&mv=m&mvi=8&pl=16&initcwndbps=623750&vprv=1&mime=video%2Fwebm&ns=31ssUjEc9fKIDgWDg6ryJe4F&gir=yes&clen=100422787&dur=420.166&lmt=1576395749530153&mt=1608711157&fvip=1&keepalive=yes&c=WEB&txp=3531432&n=8jXcbChi5apB26xf&sparams=expire%2Cei%2Cip%2Cid%2Caitags%2Csource%2Crequiressl%2Cvprv%2Cmime%2Cns%2Cgir%2Cclen%2Cdur%2Clmt&lsparams=mh%2Cmm%2Cmn%2Cms%2Cmv%2Cmvi%2Cpl%2Cinitcwndbps&lsig=AG3C_xAwRQIhALtnaeykYZRNfhIsljOTZeigmMKBvWMWReyFIfmTqCOoAiBmDHPqMYAqrckethXhfBj-Sc6-fAUtTGL6Rx4at9rIjw%3D%3D&sig=AOq0QJ8wRAIgPUhATwovZT-eB1-NbqlE8G4gp2HcOhtINEbJ6CNGGSoCIES-zHWEQosBOxE0lJz2vXYYzxZRZqXI0m2xHro3A2pm&ratebypass=yes", "player_url": "/s/player/5dd3f3b2/player_ias.vflset/en_US/base.js", "ext": "webm", "height": 1080, "format_note": "1080p", "vcodec": "vp9", "asr": null, "filesize": 100422787, "fps": 24, "tbr": 2438.516, "width": 1920, "acodec": "none", "downloader_options": {"http_chunk_size": 10485760}, "format": "248 - 1920x1080 (1080p)", "protocol": "https", "http_headers": {"User-Agent": "Mozilla/5.0 (Windows NT 10.0; Win64; x64) AppleWebKit/537.36 (KHTML, like Gecko) Chrome/72.0.3626.18 Safari/537.36", "Accept-Charset": "ISO-8859-1,utf-8;q=0.7,*;q=0.7", "Accept": "text/html,application/xhtml+xml,application/xml;q=0.9,*/*;q=0.8", "Accept-Encoding": "gzip, deflate", "Accept-Language": "en-us,en;q=0.5"}}, {"format_id": "137", "url": "https://r8---sn-5njj-u2xl.googlevideo.com/videoplayback?expire=1608733076&ei=NP3iX86xAYzJgAPMp5PgCQ&ip=140.109.135.76&id=o-ADMDGvSf5ypu5lTwfvUen_5jdg0Th9EJpu5pfPI5jBIn&itag=137&aitags=133%2C134%2C135%2C136%2C137%2C160%2C242%2C243%2C244%2C247%2C248%2C271%2C278%2C313&source=youtube&requiressl=yes&mh=Gz&mm=31%2C29&mn=sn-5njj-u2xl%2Csn-un57en7s&ms=au%2Crdu&mv=m&mvi=8&pl=16&initcwndbps=623750&vprv=1&mime=video%2Fmp4&ns=31ssUjEc9fKIDgWDg6ryJe4F&gir=yes&clen=91800975&dur=420.166&lmt=1576395668850125&mt=1608711157&fvip=1&keepalive=yes&c=WEB&txp=3532432&n=8jXcbChi5apB26xf&sparams=expire%2Cei%2Cip%2Cid%2Caitags%2Csource%2Crequiressl%2Cvprv%2Cmime%2Cns%2Cgir%2Cclen%2Cdur%2Clmt&lsparams=mh%2Cmm%2Cmn%2Cms%2Cmv%2Cmvi%2Cpl%2Cinitcwndbps&lsig=AG3C_xAwRAIgBP9u0p9-UzFpQcVoHRmhViZoJajUJ8rYwn6cPpI8QPACIFqoq5AvgD6272Te-l7V60hqufAneyI1XRzT4g8P07DP&sig=AOq0QJ8wRQIhAIDTtv2lc0qyuYzXOW4hy2BCjF1aM60NONDmJlzyvwpaAiB2MGiRs7d-1BSbYAkDU_BIo-zfqCA4dECVXvnWhK_n9w==&ratebypass=yes", "player_url": "/s/player/5dd3f3b2/player_ias.vflset/en_US/base.js", "ext": "mp4", "height": 1080, "format_note": "1080p", "vcodec": "avc1.640028", "asr": null, "filesize": 91800975, "fps": 24, "tbr": 2453.539, "width": 1920, "acodec": "none", "downloader_options": {"http_chunk_size": 10485760}, "format": "137 - 1920x1080 (1080p)", "protocol": "https", "http_headers": {"User-Agent": "Mozilla/5.0 (Windows NT 10.0; Win64; x64) AppleWebKit/537.36 (KHTML, like Gecko) Chrome/72.0.3626.18 Safari/537.36", "Accept-Charset": "ISO-8859-1,utf-8;q=0.7,*;q=0.7", "Accept": "text/html,application/xhtml+xml,application/xml;q=0.9,*/*;q=0.8", "Accept-Encoding": "gzip, deflate", "Accept-Language": "en-us,en;q=0.5"}}, {"format_id": "271", "url": "https://r8---sn-5njj-u2xl.googlevideo.com/videoplayback?expire=1608733076&ei=NP3iX86xAYzJgAPMp5PgCQ&ip=140.109.135.76&id=o-ADMDGvSf5ypu5lTwfvUen_5jdg0Th9EJpu5pfPI5jBIn&itag=271&aitags=133%2C134%2C135%2C136%2C137%2C160%2C242%2C243%2C244%2C247%2C248%2C271%2C278%2C313&source=youtube&requiressl=yes&mh=Gz&mm=31%2C29&mn=sn-5njj-u2xl%2Csn-un57en7s&ms=au%2Crdu&mv=m&mvi=8&pl=16&initcwndbps=623750&vprv=1&mime=video%2Fwebm&ns=31ssUjEc9fKIDgWDg6ryJe4F&gir=yes&clen=270973919&dur=420.166&lmt=1576395857266671&mt=1608711157&fvip=1&keepalive=yes&c=WEB&txp=3531432&n=8jXcbChi5apB26xf&sparams=expire%2Cei%2Cip%2Cid%2Caitags%2Csource%2Crequiressl%2Cvprv%2Cmime%2Cns%2Cgir%2Cclen%2Cdur%2Clmt&lsparams=mh%2Cmm%2Cmn%2Cms%2Cmv%2Cmvi%2Cpl%2Cinitcwndbps&lsig=AG3C_xAwRAIgO7fe8_HpCGSAKS_zBtxMISrdAjTyWR94FcQd2SeamkgCIBfOldlUZ3nAxKQoU7MkncsXiE5Nvvy20bz_aNCk5n9f&sig=AOq0QJ8wRAIgOqBhSTMaN9wMhL4JAYUL_-QsB9Szv5rEaM2cDVrHxCcCIExKwIpC3pOCHGWI5FMzzHiHGKa13auML11geN88Z-vE&ratebypass=yes", "player_url": "/s/player/5dd3f3b2/player_ias.vflset/en_US/base.js", "ext": "webm", "height": 1440, "format_note": "1440p", "vcodec": "vp9", "asr": null, "filesize": 270973919, "fps": 24, "tbr": 6818.209, "width": 2560, "acodec": "none", "downloader_options": {"http_chunk_size": 10485760}, "format": "271 - 2560x1440 (1440p)", "protocol": "https", "http_headers": {"User-Agent": "Mozilla/5.0 (Windows NT 10.0; Win64; x64) AppleWebKit/537.36 (KHTML, like Gecko) Chrome/72.0.3626.18 Safari/537.36", "Accept-Charset": "ISO-8859-1,utf-8;q=0.7,*;q=0.7", "Accept": "text/html,application/xhtml+xml,application/xml;q=0.9,*/*;q=0.8", "Accept-Encoding": "gzip, deflate", "Accept-Language": "en-us,en;q=0.5"}}, {"format_id": "313", "url": "https://r8---sn-5njj-u2xl.googlevideo.com/videoplayback?expire=1608733076&ei=NP3iX86xAYzJgAPMp5PgCQ&ip=140.109.135.76&id=o-ADMDGvSf5ypu5lTwfvUen_5jdg0Th9EJpu5pfPI5jBIn&itag=313&aitags=133%2C134%2C135%2C136%2C137%2C160%2C242%2C243%2C244%2C247%2C248%2C271%2C278%2C313&source=youtube&requiressl=yes&mh=Gz&mm=31%2C29&mn=sn-5njj-u2xl%2Csn-un57en7s&ms=au%2Crdu&mv=m&mvi=8&pl=16&initcwndbps=623750&vprv=1&mime=video%2Fwebm&ns=31ssUjEc9fKIDgWDg6ryJe4F&gir=yes&clen=761730587&dur=420.166&lmt=1576396232839936&mt=1608711157&fvip=1&keepalive=yes&c=WEB&txp=3531432&n=8jXcbChi5apB26xf&sparams=expire%2Cei%2Cip%2Cid%2Caitags%2Csource%2Crequiressl%2Cvprv%2Cmime%2Cns%2Cgir%2Cclen%2Cdur%2Clmt&lsparams=mh%2Cmm%2Cmn%2Cms%2Cmv%2Cmvi%2Cpl%2Cinitcwndbps&lsig=AG3C_xAwRQIhAN7Vu3YGf06j1ZEXDcsiJpvB9g2Cw0ms3LHbrY0kwnDxAiBfeJr1UN5i5JCYG1RWllF537WMs1WpdOte7tVGepKdwA%3D%3D&sig=AOq0QJ8wRgIhAN_AhYRrUSc8gLtlhkVMI2qHhyHpVy-w_r-7G0NEu4feAiEAznKr9UlDXDx17VX-PdwmwIJUpOWciLUJqnL_jgrVa2g=&ratebypass=yes", "player_url": "/s/player/5dd3f3b2/player_ias.vflset/en_US/base.js", "ext": "webm", "height": 2160, "format_note": "2160p", "vcodec": "vp9", "asr": null, "filesize": 761730587, "fps": 24, "tbr": 17454.619, "width": 3840, "acodec": "none", "downloader_options": {"http_chunk_size": 10485760}, "format": "313 - 3840x2160 (2160p)", "protocol": "https", "http_headers": {"User-Agent": "Mozilla/5.0 (Windows NT 10.0; Win64; x64) AppleWebKit/537.36 (KHTML, like Gecko) Chrome/72.0.3626.18 Safari/537.36", "Accept-Charset": "ISO-8859-1,utf-8;q=0.7,*;q=0.7", "Accept": "text/html,application/xhtml+xml,application/xml;q=0.9,*/*;q=0.8", "Accept-Encoding": "gzip, deflate", "Accept-Language": "en-us,en;q=0.5"}}, {"format_id": "18", "url": "https://r8---sn-5njj-u2xl.googlevideo.com/videoplayback?expire=1608733076&ei=NP3iX86xAYzJgAPMp5PgCQ&ip=140.109.135.76&id=o-ADMDGvSf5ypu5lTwfvUen_5jdg0Th9EJpu5pfPI5jBIn&itag=18&source=youtube&requiressl=yes&mh=Gz&mm=31%2C29&mn=sn-5njj-u2xl%2Csn-un57en7s&ms=au%2Crdu&mv=m&mvi=8&pl=16&initcwndbps=623750&vprv=1&mime=video%2Fmp4&ns=TMQHr0iB0fgCfE4uRbtfLL8F&gir=yes&clen=27424127&ratebypass=yes&dur=420.234&lmt=1576395613883242&mt=1608711157&fvip=1&c=WEB&txp=3531432&n=zI6728UgnZd90MZH&sparams=expire%2Cei%2Cip%2Cid%2Citag%2Csource%2Crequiressl%2Cvprv%2Cmime%2Cns%2Cgir%2Cclen%2Cratebypass%2Cdur%2Clmt&lsparams=mh%2Cmm%2Cmn%2Cms%2Cmv%2Cmvi%2Cpl%2Cinitcwndbps&lsig=AG3C_xAwRAIgQH8Ha6Fqf7bFgC6DZWA8cizm2npqUEldX8AdZuPMPRoCICdIhPx7s52aKNaX2HuhVSwD88MLbjZFu1UqqOdJpr81&sig=AOq0QJ8wRAIgFC-m7Mj1vBG9U6fjONhyFyR21O0ORIlxMi3VGJHXRJ8CIFxuG8V3hhX5JqsE3cAnOwI3ORiK1GocUxMLHppbGrlG", "player_url": "/s/player/5dd3f3b2/player_ias.vflset/en_US/base.js", "ext": "mp4", "width": 640, "height": 360, "acodec": "mp4a.40.2", "abr": 96, "vcodec": "avc1.42001E", "asr": 44100, "filesize": 27424127, "format_note": "360p", "fps": 24, "tbr": 522.157, "format": "18 - 640x360 (360p)", "protocol": "https", "http_headers": {"User-Agent": "Mozilla/5.0 (Windows NT 10.0; Win64; x64) AppleWebKit/537.36 (KHTML, like Gecko) Chrome/72.0.3626.18 Safari/537.36", "Accept-Charset": "ISO-8859-1,utf-8;q=0.7,*;q=0.7", "Accept": "text/html,application/xhtml+xml,application/xml;q=0.9,*/*;q=0.8", "Accept-Encoding": "gzip, deflate", "Accept-Language": "en-us,en;q=0.5"}}], "is_live": null, "start_time": null, "end_time": null, "series": null, "season_number": null, "episode_number": null, "track": null, "artist": null, "album": null, "release_date": null, "release_year": null, "extractor": "youtube", "webpage_url_basename": "watch", "extractor_key": "Youtube", "playlist": null, "playlist_index": null, "thumbnail": "https://i.ytimg.com/vi_webp/ANZf1QXsNrY/maxresdefault.webp", "display_id": "ANZf1QXsNrY", "requested_subtitles": null, "format_id": "251", "url": "https://r8---sn-5njj-u2xl.googlevideo.com/videoplayback?expire=1608733076&ei=NP3iX86xAYzJgAPMp5PgCQ&ip=140.109.135.76&id=o-ADMDGvSf5ypu5lTwfvUen_5jdg0Th9EJpu5pfPI5jBIn&itag=251&source=youtube&requiressl=yes&mh=Gz&mm=31%2C29&mn=sn-5njj-u2xl%2Csn-un57en7s&ms=au%2Crdu&mv=m&mvi=8&pl=16&initcwndbps=623750&vprv=1&mime=audio%2Fwebm&ns=31ssUjEc9fKIDgWDg6ryJe4F&gir=yes&clen=7679104&dur=420.201&lmt=1576395595179149&mt=1608711157&fvip=1&keepalive=yes&c=WEB&txp=3531432&n=8jXcbChi5apB26xf&sparams=expire%2Cei%2Cip%2Cid%2Citag%2Csource%2Crequiressl%2Cvprv%2Cmime%2Cns%2Cgir%2Cclen%2Cdur%2Clmt&lsparams=mh%2Cmm%2Cmn%2Cms%2Cmv%2Cmvi%2Cpl%2Cinitcwndbps&lsig=AG3C_xAwRQIgSvutxuHy35ptsDAUcRnevVYJCCdTkgsZa0qOi338C3ECIQCTZv64ADvd-_4GAfClsTzcIp4vpSUjyMty7RDT04uNvw%3D%3D&sig=AOq0QJ8wRgIhAIwH2HMsOBZvyhT7W2d_8AnHamwuTLIG1CkcIuCLb7hTAiEA8kNlIoMpC1PTRXgVGMnZtQv9AHRJzmJEZ2l6Qbey9es=&ratebypass=yes", "player_url": "/s/player/5dd3f3b2/player_ias.vflset/en_US/base.js", "ext": "webm", "format_note": "tiny", "acodec": "opus", "abr": 160, "asr": 48000, "filesize": 7679104, "fps": null, "height": null, "tbr": 161.654, "width": null, "vcodec": "none", "downloader_options": {"http_chunk_size": 10485760}, "format": "251 - audio only (tiny)", "protocol": "https", "http_headers": {"User-Agent": "Mozilla/5.0 (Windows NT 10.0; Win64; x64) AppleWebKit/537.36 (KHTML, like Gecko) Chrome/72.0.3626.18 Safari/537.36", "Accept-Charset": "ISO-8859-1,utf-8;q=0.7,*;q=0.7", "Accept": "text/html,application/xhtml+xml,application/xml;q=0.9,*/*;q=0.8", "Accept-Encoding": "gzip, deflate", "Accept-Language": "en-us,en;q=0.5"}}