{"id": "Ab9oTVIT-IE", "uploader": "Funguypiano", "uploader_id": "Funguypiano", "uploader_url": "http://www.youtube.com/user/Funguypiano", "channel_id": "UCBlkpX--7ZD73URbSC1oWRw", "channel_url": "http://www.youtube.com/channel/UCBlkpX--7ZD73URbSC1oWRw", "upload_date": "20201110", "license": null, "creator": null, "title": "Red Velvet\u300cFUTURE (Start-Up OST1)\u300d Piano Cover", "alt_title": null, "thumbnails": [{"url": "https://i.ytimg.com/vi/Ab9oTVIT-IE/hqdefault.jpg?sqp=-oaymwEYCKgBEF5IVfKriqkDCwgBFQAAiEIYAXAB&rs=AOn4CLANzBUcSSYzWX7UrFt1w84zV0yEvA", "width": 168, "height": 94, "resolution": "168x94", "id": "0"}, {"url": "https://i.ytimg.com/vi/Ab9oTVIT-IE/hqdefault.jpg?sqp=-oaymwEYCMQBEG5IVfKriqkDCwgBFQAAiEIYAXAB&rs=AOn4CLDQaj_QJwdC2WOqm0hpagBGq0ozIA", "width": 196, "height": 110, "resolution": "196x110", "id": "1"}, {"url": "https://i.ytimg.com/vi/Ab9oTVIT-IE/hqdefault.jpg?sqp=-oaymwEZCPYBEIoBSFXyq4qpAwsIARUAAIhCGAFwAQ==&rs=AOn4CLB7agz9SrGOgLC4u5pqXbbt569uQQ", "width": 246, "height": 138, "resolution": "246x138", "id": "2"}, {"url": "https://i.ytimg.com/vi/Ab9oTVIT-IE/hqdefault.jpg?sqp=-oaymwEZCNACELwBSFXyq4qpAwsIARUAAIhCGAFwAQ==&rs=AOn4CLBZrPHIrhkcQhXtsjPGrXrIpHbxig", "width": 336, "height": 188, "resolution": "336x188", "id": "3"}, {"url": "https://i.ytimg.com/vi_webp/Ab9oTVIT-IE/maxresdefault.webp", "width": 1920, "height": 1080, "resolution": "1920x1080", "id": "4"}], "description": "Red Velvet\u300cFUTURE (Start-Up OST1\u300d Piano Cover\n\nENJOY!!\u2661 \n\n\u2022\u2022 \u2501\u2501\u2501\u2501\u2501 \u0669(\u0e51\u00f2\u03c9\u00f3\u0e51)\u06f6\u2501\u2501\u2501\u2501\u2501 \u2022\u2022\n\u266a Sheet Music & Midi: https://funguypiano.com/\n\u266a Spotify: https://spoti.fi/2w3rfR6\n\u266a iTunes / Apple Music: https://apple.co/2BE74yB\n\u266a Piano Tutorial Channel: https://bit.ly/2Thi8Yr\n\u266a Patreon: https://patreon.com/funguypiano\n\u266a Learn Piano: https://tinyurl.com/funguy-flowkey\n\u266a Instagram: https://www.instagram.com/funguypiano/\n\u266a About Me / Set-up / FAQ: https://linktr.ee/funguypiano\n\n#RedVelvet #StartUpOST #Piano", "categories": ["Music"], "tags": null, "subtitles": {}, "automatic_captions": {}, "duration": 171, "age_limit": 0, "annotations": null, "chapters": null, "webpage_url": "https://www.youtube.com/watch?v=Ab9oTVIT-IE", "view_count": 178513, "like_count": 10502, "dislike_count": 15, "average_rating": 4.9942951, "formats": [{"format_id": "249", "url": "https://r5---sn-5njj-u2xl.googlevideo.com/videoplayback?expire=1611763260&ei=3DkRYP-qD4zb4QLus5m4BQ&ip=140.109.135.76&id=o-AJyJpKYEc1xjiQjTxbngUeDLQnh-mpH4npjB4pAciBeY&itag=249&source=youtube&requiressl=yes&mh=4B&mm=31%2C29&mn=sn-5njj-u2xl%2Csn-un57en7e&ms=au%2Crdu&mv=m&mvi=5&pl=16&initcwndbps=730000&vprv=1&mime=audio%2Fwebm&ns=kaDBqujJzJL1VsETJAKBXPcF&gir=yes&clen=1256766&dur=171.081&lmt=1607714970238069&mt=1611740913&fvip=5&keepalive=yes&c=WEB&txp=5432434&n=q1RZqm6y14GdIQa-gLKk&sparams=expire%2Cei%2Cip%2Cid%2Citag%2Csource%2Crequiressl%2Cvprv%2Cmime%2Cns%2Cgir%2Cclen%2Cdur%2Clmt&sig=AOq0QJ8wRQIhAK1Rf_NuxG_5ljEJeLmHJh1VJ-WGrsFBTEhItHuMi65oAiAl5UF9hEPgcv4acU1epZOajhzgq9fvqWnxKK-XIUaByQ%3D%3D&lsparams=mh%2Cmm%2Cmn%2Cms%2Cmv%2Cmvi%2Cpl%2Cinitcwndbps&lsig=AG3C_xAwRQIgFYFmwWlvlTS9zRjbWV2JaE2Wv0WSsW2Ii21DKYFcOl4CIQCV2V_wlDhhj7Ns6ALGTBZNCKaxkeZHfLO30u651P0bgg%3D%3D&ratebypass=yes", "player_url": null, "ext": "webm", "format_note": "tiny", "acodec": "opus", "abr": 50, "asr": 48000, "filesize": 1256766, "fps": null, "height": null, "tbr": 64.292, "width": null, "vcodec": "none", "downloader_options": {"http_chunk_size": 10485760}, "format": "249 - audio only (tiny)", "protocol": "https", "http_headers": {"User-Agent": "Mozilla/5.0 (Windows NT 10.0; Win64; x64) AppleWebKit/537.36 (KHTML, like Gecko) Chrome/72.0.3626.85 Safari/537.36", "Accept-Charset": "ISO-8859-1,utf-8;q=0.7,*;q=0.7", "Accept": "text/html,application/xhtml+xml,application/xml;q=0.9,*/*;q=0.8", "Accept-Encoding": "gzip, deflate", "Accept-Language": "en-us,en;q=0.5"}}, {"format_id": "250", "url": "https://r5---sn-5njj-u2xl.googlevideo.com/videoplayback?expire=1611763260&ei=3DkRYP-qD4zb4QLus5m4BQ&ip=140.109.135.76&id=o-AJyJpKYEc1xjiQjTxbngUeDLQnh-mpH4npjB4pAciBeY&itag=250&source=youtube&requiressl=yes&mh=4B&mm=31%2C29&mn=sn-5njj-u2xl%2Csn-un57en7e&ms=au%2Crdu&mv=m&mvi=5&pl=16&initcwndbps=730000&vprv=1&mime=audio%2Fwebm&ns=kaDBqujJzJL1VsETJAKBXPcF&gir=yes&clen=1645907&dur=171.081&lmt=1607714316407892&mt=1611740913&fvip=5&keepalive=yes&c=WEB&txp=5432434&n=q1RZqm6y14GdIQa-gLKk&sparams=expire%2Cei%2Cip%2Cid%2Citag%2Csource%2Crequiressl%2Cvprv%2Cmime%2Cns%2Cgir%2Cclen%2Cdur%2Clmt&sig=AOq0QJ8wRQIhAKBCDTxgx1HMxvtAtnLDeRp4uYGrsvjc7m_i2JwyVeYkAiAkfweD5pLN-rRzUxI87s6HwwB6gu42EgEH4RDQYeYBmA%3D%3D&lsparams=mh%2Cmm%2Cmn%2Cms%2Cmv%2Cmvi%2Cpl%2Cinitcwndbps&lsig=AG3C_xAwRQIgFYFmwWlvlTS9zRjbWV2JaE2Wv0WSsW2Ii21DKYFcOl4CIQCV2V_wlDhhj7Ns6ALGTBZNCKaxkeZHfLO30u651P0bgg%3D%3D&ratebypass=yes", "player_url": null, "ext": "webm", "format_note": "tiny", "acodec": "opus", "abr": 70, "asr": 48000, "filesize": 1645907, "fps": null, "height": null, "tbr": 83.135, "width": null, "vcodec": "none", "downloader_options": {"http_chunk_size": 10485760}, "format": "250 - audio only (tiny)", "protocol": "https", "http_headers": {"User-Agent": "Mozilla/5.0 (Windows NT 10.0; Win64; x64) AppleWebKit/537.36 (KHTML, like Gecko) Chrome/72.0.3626.85 Safari/537.36", "Accept-Charset": "ISO-8859-1,utf-8;q=0.7,*;q=0.7", "Accept": "text/html,application/xhtml+xml,application/xml;q=0.9,*/*;q=0.8", "Accept-Encoding": "gzip, deflate", "Accept-Language": "en-us,en;q=0.5"}}, {"format_id": "140", "url": "https://r5---sn-5njj-u2xl.googlevideo.com/videoplayback?expire=1611763260&ei=3DkRYP-qD4zb4QLus5m4BQ&ip=140.109.135.76&id=o-AJyJpKYEc1xjiQjTxbngUeDLQnh-mpH4npjB4pAciBeY&itag=140&source=youtube&requiressl=yes&mh=4B&mm=31%2C29&mn=sn-5njj-u2xl%2Csn-un57en7e&ms=au%2Crdu&mv=m&mvi=5&pl=16&initcwndbps=730000&vprv=1&mime=audio%2Fmp4&ns=kaDBqujJzJL1VsETJAKBXPcF&gir=yes&clen=2770382&dur=171.131&lmt=1607716329101874&mt=1611740913&fvip=5&keepalive=yes&c=WEB&txp=5432434&n=q1RZqm6y14GdIQa-gLKk&sparams=expire%2Cei%2Cip%2Cid%2Citag%2Csource%2Crequiressl%2Cvprv%2Cmime%2Cns%2Cgir%2Cclen%2Cdur%2Clmt&sig=AOq0QJ8wRQIgagyQEc9x5VGBO-9IzUlnjoPzAhCfGzcKm3jiam-p7OgCIQCtq31YPfo_SHDotTbtoXJqUnFa6MFaDKxxLnGvy3jxEQ%3D%3D&lsparams=mh%2Cmm%2Cmn%2Cms%2Cmv%2Cmvi%2Cpl%2Cinitcwndbps&lsig=AG3C_xAwRQIgFYFmwWlvlTS9zRjbWV2JaE2Wv0WSsW2Ii21DKYFcOl4CIQCV2V_wlDhhj7Ns6ALGTBZNCKaxkeZHfLO30u651P0bgg%3D%3D&ratebypass=yes", "player_url": null, "ext": "m4a", "format_note": "tiny", "acodec": "mp4a.40.2", "abr": 128, "container": "m4a_dash", "asr": 44100, "filesize": 2770382, "fps": null, "height": null, "tbr": 130.478, "width": null, "vcodec": "none", "downloader_options": {"http_chunk_size": 10485760}, "format": "140 - audio only (tiny)", "protocol": "https", "http_headers": {"User-Agent": "Mozilla/5.0 (Windows NT 10.0; Win64; x64) AppleWebKit/537.36 (KHTML, like Gecko) Chrome/72.0.3626.85 Safari/537.36", "Accept-Charset": "ISO-8859-1,utf-8;q=0.7,*;q=0.7", "Accept": "text/html,application/xhtml+xml,application/xml;q=0.9,*/*;q=0.8", "Accept-Encoding": "gzip, deflate", "Accept-Language": "en-us,en;q=0.5"}}, {"format_id": "251", "url": "https://r5---sn-5njj-u2xl.googlevideo.com/videoplayback?expire=1611763260&ei=3DkRYP-qD4zb4QLus5m4BQ&ip=140.109.135.76&id=o-AJyJpKYEc1xjiQjTxbngUeDLQnh-mpH4npjB4pAciBeY&itag=251&source=youtube&requiressl=yes&mh=4B&mm=31%2C29&mn=sn-5njj-u2xl%2Csn-un57en7e&ms=au%2Crdu&mv=m&mvi=5&pl=16&initcwndbps=730000&vprv=1&mime=audio%2Fwebm&ns=kaDBqujJzJL1VsETJAKBXPcF&gir=yes&clen=3238631&dur=171.081&lmt=1607714844659289&mt=1611740913&fvip=5&keepalive=yes&c=WEB&txp=5432434&n=q1RZqm6y14GdIQa-gLKk&sparams=expire%2Cei%2Cip%2Cid%2Citag%2Csource%2Crequiressl%2Cvprv%2Cmime%2Cns%2Cgir%2Cclen%2Cdur%2Clmt&sig=AOq0QJ8wRAIgCqitcvv2yz8P2xYjTkeusu5TjZTcgbFSQW7JyBElTHQCIF2cbAlobRgvgjNSl1fmmhSqU7JkOLdpdU3CChFGtmz-&lsparams=mh%2Cmm%2Cmn%2Cms%2Cmv%2Cmvi%2Cpl%2Cinitcwndbps&lsig=AG3C_xAwRQIgFYFmwWlvlTS9zRjbWV2JaE2Wv0WSsW2Ii21DKYFcOl4CIQCV2V_wlDhhj7Ns6ALGTBZNCKaxkeZHfLO30u651P0bgg%3D%3D&ratebypass=yes", "player_url": null, "ext": "webm", "format_note": "tiny", "acodec": "opus", "abr": 160, "asr": 48000, "filesize": 3238631, "fps": null, "height": null, "tbr": 158.028, "width": null, "vcodec": "none", "downloader_options": {"http_chunk_size": 10485760}, "format": "251 - audio only (tiny)", "protocol": "https", "http_headers": {"User-Agent": "Mozilla/5.0 (Windows NT 10.0; Win64; x64) AppleWebKit/537.36 (KHTML, like Gecko) Chrome/72.0.3626.85 Safari/537.36", "Accept-Charset": "ISO-8859-1,utf-8;q=0.7,*;q=0.7", "Accept": "text/html,application/xhtml+xml,application/xml;q=0.9,*/*;q=0.8", "Accept-Encoding": "gzip, deflate", "Accept-Language": "en-us,en;q=0.5"}}, {"format_id": "160", "url": "https://r5---sn-5njj-u2xl.googlevideo.com/videoplayback?expire=1611763260&ei=3DkRYP-qD4zb4QLus5m4BQ&ip=140.109.135.76&id=o-AJyJpKYEc1xjiQjTxbngUeDLQnh-mpH4npjB4pAciBeY&itag=160&aitags=133%2C134%2C135%2C136%2C137%2C160%2C242%2C243%2C244%2C247%2C248%2C278%2C394%2C395%2C396%2C397%2C398%2C399&source=youtube&requiressl=yes&mh=4B&mm=31%2C29&mn=sn-5njj-u2xl%2Csn-un57en7e&ms=au%2Crdu&mv=m&mvi=5&pl=16&initcwndbps=730000&vprv=1&mime=video%2Fmp4&ns=kaDBqujJzJL1VsETJAKBXPcF&gir=yes&clen=769585&dur=171.066&lmt=1607736475262113&mt=1611740913&fvip=5&keepalive=yes&c=WEB&txp=5432434&n=q1RZqm6y14GdIQa-gLKk&sparams=expire%2Cei%2Cip%2Cid%2Caitags%2Csource%2Crequiressl%2Cvprv%2Cmime%2Cns%2Cgir%2Cclen%2Cdur%2Clmt&sig=AOq0QJ8wRgIhAJKMeLpGuEqt3clNzVmBzT7DRQu03i8VeGsMTNphWnxpAiEA9AVd63_4OmGnI2ztwqf7BWYmzhFDZmBl0gsChSAvSKU%3D&lsparams=mh%2Cmm%2Cmn%2Cms%2Cmv%2Cmvi%2Cpl%2Cinitcwndbps&lsig=AG3C_xAwRQIgFYFmwWlvlTS9zRjbWV2JaE2Wv0WSsW2Ii21DKYFcOl4CIQCV2V_wlDhhj7Ns6ALGTBZNCKaxkeZHfLO30u651P0bgg%3D%3D&ratebypass=yes", "player_url": null, "ext": "mp4", "height": 144, "format_note": "144p", "vcodec": "avc1.4d400c", "asr": null, "filesize": 769585, "fps": 30, "tbr": 44.688, "width": 256, "acodec": "none", "downloader_options": {"http_chunk_size": 10485760}, "format": "160 - 256x144 (144p)", "protocol": "https", "http_headers": {"User-Agent": "Mozilla/5.0 (Windows NT 10.0; Win64; x64) AppleWebKit/537.36 (KHTML, like Gecko) Chrome/72.0.3626.85 Safari/537.36", "Accept-Charset": "ISO-8859-1,utf-8;q=0.7,*;q=0.7", "Accept": "text/html,application/xhtml+xml,application/xml;q=0.9,*/*;q=0.8", "Accept-Encoding": "gzip, deflate", "Accept-Language": "en-us,en;q=0.5"}}, {"format_id": "394", "url": "https://r5---sn-5njj-u2xl.googlevideo.com/videoplayback?expire=1611763260&ei=3DkRYP-qD4zb4QLus5m4BQ&ip=140.109.135.76&id=o-AJyJpKYEc1xjiQjTxbngUeDLQnh-mpH4npjB4pAciBeY&itag=394&aitags=133%2C134%2C135%2C136%2C137%2C160%2C242%2C243%2C244%2C247%2C248%2C278%2C394%2C395%2C396%2C397%2C398%2C399&source=youtube&requiressl=yes&mh=4B&mm=31%2C29&mn=sn-5njj-u2xl%2Csn-un57en7e&ms=au%2Crdu&mv=m&mvi=5&pl=16&initcwndbps=730000&vprv=1&mime=video%2Fmp4&ns=kaDBqujJzJL1VsETJAKBXPcF&gir=yes&clen=1447379&dur=171.066&lmt=1611715215290859&mt=1611740913&fvip=5&keepalive=yes&c=WEB&txp=5436432&n=q1RZqm6y14GdIQa-gLKk&sparams=expire%2Cei%2Cip%2Cid%2Caitags%2Csource%2Crequiressl%2Cvprv%2Cmime%2Cns%2Cgir%2Cclen%2Cdur%2Clmt&sig=AOq0QJ8wRgIhAJP1fgUo9jVDFybKggu8gY8LDAqi40wNz-FOZJFATLkyAiEA7-viNVv6WFAVaJXToWU8JLU84pmPTzaVYpFeo9VfwRQ%3D&lsparams=mh%2Cmm%2Cmn%2Cms%2Cmv%2Cmvi%2Cpl%2Cinitcwndbps&lsig=AG3C_xAwRQIgFYFmwWlvlTS9zRjbWV2JaE2Wv0WSsW2Ii21DKYFcOl4CIQCV2V_wlDhhj7Ns6ALGTBZNCKaxkeZHfLO30u651P0bgg%3D%3D&ratebypass=yes", "player_url": null, "acodec": "none", "vcodec": "av01.0.00M.08", "asr": null, "filesize": 1447379, "format_note": "144p", "fps": 30, "height": 144, "tbr": 76.368, "width": 256, "ext": "mp4", "downloader_options": {"http_chunk_size": 10485760}, "format": "394 - 256x144 (144p)", "protocol": "https", "http_headers": {"User-Agent": "Mozilla/5.0 (Windows NT 10.0; Win64; x64) AppleWebKit/537.36 (KHTML, like Gecko) Chrome/72.0.3626.85 Safari/537.36", "Accept-Charset": "ISO-8859-1,utf-8;q=0.7,*;q=0.7", "Accept": "text/html,application/xhtml+xml,application/xml;q=0.9,*/*;q=0.8", "Accept-Encoding": "gzip, deflate", "Accept-Language": "en-us,en;q=0.5"}}, {"format_id": "278", "url": "https://r5---sn-5njj-u2xl.googlevideo.com/videoplayback?expire=1611763260&ei=3DkRYP-qD4zb4QLus5m4BQ&ip=140.109.135.76&id=o-AJyJpKYEc1xjiQjTxbngUeDLQnh-mpH4npjB4pAciBeY&itag=278&aitags=133%2C134%2C135%2C136%2C137%2C160%2C242%2C243%2C244%2C247%2C248%2C278%2C394%2C395%2C396%2C397%2C398%2C399&source=youtube&requiressl=yes&mh=4B&mm=31%2C29&mn=sn-5njj-u2xl%2Csn-un57en7e&ms=au%2Crdu&mv=m&mvi=5&pl=16&initcwndbps=730000&vprv=1&mime=video%2Fwebm&ns=kaDBqujJzJL1VsETJAKBXPcF&gir=yes&clen=1527514&dur=171.067&lmt=1607746988812744&mt=1611740913&fvip=5&keepalive=yes&c=WEB&txp=5432432&n=q1RZqm6y14GdIQa-gLKk&sparams=expire%2Cei%2Cip%2Cid%2Caitags%2Csource%2Crequiressl%2Cvprv%2Cmime%2Cns%2Cgir%2Cclen%2Cdur%2Clmt&sig=AOq0QJ8wRQIhAMlVy4jekvYffd_EvikgWBiqcrMrSfWq9UMjZCyroyVkAiA_WuTZD18ypDvGyMQ91aFu1PDnuUUWsvlELK_6MV6DoA%3D%3D&lsparams=mh%2Cmm%2Cmn%2Cms%2Cmv%2Cmvi%2Cpl%2Cinitcwndbps&lsig=AG3C_xAwRQIgFYFmwWlvlTS9zRjbWV2JaE2Wv0WSsW2Ii21DKYFcOl4CIQCV2V_wlDhhj7Ns6ALGTBZNCKaxkeZHfLO30u651P0bgg%3D%3D&ratebypass=yes", "player_url": null, "ext": "webm", "height": 144, "format_note": "144p", "container": "webm", "vcodec": "vp9", "asr": null, "filesize": 1527514, "fps": 30, "tbr": 87.593, "width": 256, "acodec": "none", "downloader_options": {"http_chunk_size": 10485760}, "format": "278 - 256x144 (144p)", "protocol": "https", "http_headers": {"User-Agent": "Mozilla/5.0 (Windows NT 10.0; Win64; x64) AppleWebKit/537.36 (KHTML, like Gecko) Chrome/72.0.3626.85 Safari/537.36", "Accept-Charset": "ISO-8859-1,utf-8;q=0.7,*;q=0.7", "Accept": "text/html,application/xhtml+xml,application/xml;q=0.9,*/*;q=0.8", "Accept-Encoding": "gzip, deflate", "Accept-Language": "en-us,en;q=0.5"}}, {"format_id": "133", "url": "https://r5---sn-5njj-u2xl.googlevideo.com/videoplayback?expire=1611763260&ei=3DkRYP-qD4zb4QLus5m4BQ&ip=140.109.135.76&id=o-AJyJpKYEc1xjiQjTxbngUeDLQnh-mpH4npjB4pAciBeY&itag=133&aitags=133%2C134%2C135%2C136%2C137%2C160%2C242%2C243%2C244%2C247%2C248%2C278%2C394%2C395%2C396%2C397%2C398%2C399&source=youtube&requiressl=yes&mh=4B&mm=31%2C29&mn=sn-5njj-u2xl%2Csn-un57en7e&ms=au%2Crdu&mv=m&mvi=5&pl=16&initcwndbps=730000&vprv=1&mime=video%2Fmp4&ns=kaDBqujJzJL1VsETJAKBXPcF&gir=yes&clen=1609736&dur=171.066&lmt=1607736372918129&mt=1611740913&fvip=5&keepalive=yes&c=WEB&txp=5432434&n=q1RZqm6y14GdIQa-gLKk&sparams=expire%2Cei%2Cip%2Cid%2Caitags%2Csource%2Crequiressl%2Cvprv%2Cmime%2Cns%2Cgir%2Cclen%2Cdur%2Clmt&sig=AOq0QJ8wRQIgIWtgLmAotuN35j2vow1qG0wIYg-RqGt3u2irpDrCnxQCIQC2h3bxkv2knKqETzuwHuz1D4-BmhRmNkkOmvWXumPXkg%3D%3D&lsparams=mh%2Cmm%2Cmn%2Cms%2Cmv%2Cmvi%2Cpl%2Cinitcwndbps&lsig=AG3C_xAwRQIgFYFmwWlvlTS9zRjbWV2JaE2Wv0WSsW2Ii21DKYFcOl4CIQCV2V_wlDhhj7Ns6ALGTBZNCKaxkeZHfLO30u651P0bgg%3D%3D&ratebypass=yes", "player_url": null, "ext": "mp4", "height": 240, "format_note": "240p", "vcodec": "avc1.4d4015", "asr": null, "filesize": 1609736, "fps": 30, "tbr": 90.676, "width": 426, "acodec": "none", "downloader_options": {"http_chunk_size": 10485760}, "format": "133 - 426x240 (240p)", "protocol": "https", "http_headers": {"User-Agent": "Mozilla/5.0 (Windows NT 10.0; Win64; x64) AppleWebKit/537.36 (KHTML, like Gecko) Chrome/72.0.3626.85 Safari/537.36", "Accept-Charset": "ISO-8859-1,utf-8;q=0.7,*;q=0.7", "Accept": "text/html,application/xhtml+xml,application/xml;q=0.9,*/*;q=0.8", "Accept-Encoding": "gzip, deflate", "Accept-Language": "en-us,en;q=0.5"}}, {"format_id": "395", "url": "https://r5---sn-5njj-u2xl.googlevideo.com/videoplayback?expire=1611763260&ei=3DkRYP-qD4zb4QLus5m4BQ&ip=140.109.135.76&id=o-AJyJpKYEc1xjiQjTxbngUeDLQnh-mpH4npjB4pAciBeY&itag=395&aitags=133%2C134%2C135%2C136%2C137%2C160%2C242%2C243%2C244%2C247%2C248%2C278%2C394%2C395%2C396%2C397%2C398%2C399&source=youtube&requiressl=yes&mh=4B&mm=31%2C29&mn=sn-5njj-u2xl%2Csn-un57en7e&ms=au%2Crdu&mv=m&mvi=5&pl=16&initcwndbps=730000&vprv=1&mime=video%2Fmp4&ns=kaDBqujJzJL1VsETJAKBXPcF&gir=yes&clen=2490740&dur=171.066&lmt=1611715215192529&mt=1611740913&fvip=5&keepalive=yes&c=WEB&txp=5436432&n=q1RZqm6y14GdIQa-gLKk&sparams=expire%2Cei%2Cip%2Cid%2Caitags%2Csource%2Crequiressl%2Cvprv%2Cmime%2Cns%2Cgir%2Cclen%2Cdur%2Clmt&sig=AOq0QJ8wRgIhANq7Rey7yThsI3NRvbZnck6SyoHL2uTkercNkOP8UC8pAiEA5OKNimasla9IMT-sVMriwLNLMz5P0bQy6w2IryT-wyk%3D&lsparams=mh%2Cmm%2Cmn%2Cms%2Cmv%2Cmvi%2Cpl%2Cinitcwndbps&lsig=AG3C_xAwRQIgFYFmwWlvlTS9zRjbWV2JaE2Wv0WSsW2Ii21DKYFcOl4CIQCV2V_wlDhhj7Ns6ALGTBZNCKaxkeZHfLO30u651P0bgg%3D%3D&ratebypass=yes", "player_url": null, "acodec": "none", "vcodec": "av01.0.00M.08", "asr": null, "filesize": 2490740, "format_note": "240p", "fps": 30, "height": 240, "tbr": 139.182, "width": 426, "ext": "mp4", "downloader_options": {"http_chunk_size": 10485760}, "format": "395 - 426x240 (240p)", "protocol": "https", "http_headers": {"User-Agent": "Mozilla/5.0 (Windows NT 10.0; Win64; x64) AppleWebKit/537.36 (KHTML, like Gecko) Chrome/72.0.3626.85 Safari/537.36", "Accept-Charset": "ISO-8859-1,utf-8;q=0.7,*;q=0.7", "Accept": "text/html,application/xhtml+xml,application/xml;q=0.9,*/*;q=0.8", "Accept-Encoding": "gzip, deflate", "Accept-Language": "en-us,en;q=0.5"}}, {"format_id": "242", "url": "https://r5---sn-5njj-u2xl.googlevideo.com/videoplayback?expire=1611763260&ei=3DkRYP-qD4zb4QLus5m4BQ&ip=140.109.135.76&id=o-AJyJpKYEc1xjiQjTxbngUeDLQnh-mpH4npjB4pAciBeY&itag=242&aitags=133%2C134%2C135%2C136%2C137%2C160%2C242%2C243%2C244%2C247%2C248%2C278%2C394%2C395%2C396%2C397%2C398%2C399&source=youtube&requiressl=yes&mh=4B&mm=31%2C29&mn=sn-5njj-u2xl%2Csn-un57en7e&ms=au%2Crdu&mv=m&mvi=5&pl=16&initcwndbps=730000&vprv=1&mime=video%2Fwebm&ns=kaDBqujJzJL1VsETJAKBXPcF&gir=yes&clen=2596408&dur=171.067&lmt=1607746988795949&mt=1611740913&fvip=5&keepalive=yes&c=WEB&txp=5432432&n=q1RZqm6y14GdIQa-gLKk&sparams=expire%2Cei%2Cip%2Cid%2Caitags%2Csource%2Crequiressl%2Cvprv%2Cmime%2Cns%2Cgir%2Cclen%2Cdur%2Clmt&sig=AOq0QJ8wRQIgcFQw8NOG-YibNjmjJd2VlEAcnvS696_hbm2UpOFRZHoCIQDkfoEVPloAC5lnXTYW301b2cjgeSC0XbwJQsDQHb5MwQ%3D%3D&lsparams=mh%2Cmm%2Cmn%2Cms%2Cmv%2Cmvi%2Cpl%2Cinitcwndbps&lsig=AG3C_xAwRQIgFYFmwWlvlTS9zRjbWV2JaE2Wv0WSsW2Ii21DKYFcOl4CIQCV2V_wlDhhj7Ns6ALGTBZNCKaxkeZHfLO30u651P0bgg%3D%3D&ratebypass=yes", "player_url": null, "ext": "webm", "height": 240, "format_note": "240p", "vcodec": "vp9", "asr": null, "filesize": 2596408, "fps": 30, "tbr": 143.094, "width": 426, "acodec": "none", "downloader_options": {"http_chunk_size": 10485760}, "format": "242 - 426x240 (240p)", "protocol": "https", "http_headers": {"User-Agent": "Mozilla/5.0 (Windows NT 10.0; Win64; x64) AppleWebKit/537.36 (KHTML, like Gecko) Chrome/72.0.3626.85 Safari/537.36", "Accept-Charset": "ISO-8859-1,utf-8;q=0.7,*;q=0.7", "Accept": "text/html,application/xhtml+xml,application/xml;q=0.9,*/*;q=0.8", "Accept-Encoding": "gzip, deflate", "Accept-Language": "en-us,en;q=0.5"}}, {"format_id": "134", "url": "https://r5---sn-5njj-u2xl.googlevideo.com/videoplayback?expire=1611763260&ei=3DkRYP-qD4zb4QLus5m4BQ&ip=140.109.135.76&id=o-AJyJpKYEc1xjiQjTxbngUeDLQnh-mpH4npjB4pAciBeY&itag=134&aitags=133%2C134%2C135%2C136%2C137%2C160%2C242%2C243%2C244%2C247%2C248%2C278%2C394%2C395%2C396%2C397%2C398%2C399&source=youtube&requiressl=yes&mh=4B&mm=31%2C29&mn=sn-5njj-u2xl%2Csn-un57en7e&ms=au%2Crdu&mv=m&mvi=5&pl=16&initcwndbps=730000&vprv=1&mime=video%2Fmp4&ns=kaDBqujJzJL1VsETJAKBXPcF&gir=yes&clen=3137853&dur=171.066&lmt=1607736880537470&mt=1611740913&fvip=5&keepalive=yes&c=WEB&txp=5432434&n=q1RZqm6y14GdIQa-gLKk&sparams=expire%2Cei%2Cip%2Cid%2Caitags%2Csource%2Crequiressl%2Cvprv%2Cmime%2Cns%2Cgir%2Cclen%2Cdur%2Clmt&sig=AOq0QJ8wRQIgRcuyo2QY8F2kHeyHj5Enye8nCRwQiCmpOB-r5qZd8gsCIQDysZK2PtoVvv9Q9kZiR8i-HBy2huqERuFf6pCWIcCbdQ%3D%3D&lsparams=mh%2Cmm%2Cmn%2Cms%2Cmv%2Cmvi%2Cpl%2Cinitcwndbps&lsig=AG3C_xAwRQIgFYFmwWlvlTS9zRjbWV2JaE2Wv0WSsW2Ii21DKYFcOl4CIQCV2V_wlDhhj7Ns6ALGTBZNCKaxkeZHfLO30u651P0bgg%3D%3D&ratebypass=yes", "player_url": null, "ext": "mp4", "height": 360, "format_note": "360p", "vcodec": "avc1.4d401e", "asr": null, "filesize": 3137853, "fps": 30, "tbr": 170.337, "width": 640, "acodec": "none", "downloader_options": {"http_chunk_size": 10485760}, "format": "134 - 640x360 (360p)", "protocol": "https", "http_headers": {"User-Agent": "Mozilla/5.0 (Windows NT 10.0; Win64; x64) AppleWebKit/537.36 (KHTML, like Gecko) Chrome/72.0.3626.85 Safari/537.36", "Accept-Charset": "ISO-8859-1,utf-8;q=0.7,*;q=0.7", "Accept": "text/html,application/xhtml+xml,application/xml;q=0.9,*/*;q=0.8", "Accept-Encoding": "gzip, deflate", "Accept-Language": "en-us,en;q=0.5"}}, {"format_id": "135", "url": "https://r5---sn-5njj-u2xl.googlevideo.com/videoplayback?expire=1611763260&ei=3DkRYP-qD4zb4QLus5m4BQ&ip=140.109.135.76&id=o-AJyJpKYEc1xjiQjTxbngUeDLQnh-mpH4npjB4pAciBeY&itag=135&aitags=133%2C134%2C135%2C136%2C137%2C160%2C242%2C243%2C244%2C247%2C248%2C278%2C394%2C395%2C396%2C397%2C398%2C399&source=youtube&requiressl=yes&mh=4B&mm=31%2C29&mn=sn-5njj-u2xl%2Csn-un57en7e&ms=au%2Crdu&mv=m&mvi=5&pl=16&initcwndbps=730000&vprv=1&mime=video%2Fmp4&ns=kaDBqujJzJL1VsETJAKBXPcF&gir=yes&clen=4782893&dur=171.066&lmt=1607736540115688&mt=1611740913&fvip=5&keepalive=yes&c=WEB&txp=5432434&n=q1RZqm6y14GdIQa-gLKk&sparams=expire%2Cei%2Cip%2Cid%2Caitags%2Csource%2Crequiressl%2Cvprv%2Cmime%2Cns%2Cgir%2Cclen%2Cdur%2Clmt&sig=AOq0QJ8wRQIgfta7ZDn8drklE0mSIQkKAjNcWTJ8BKjALyeTerDwYfgCIQD5B0g79n0AJn9gYKUMPBOeRi6Tc4w78Bfxq-s9w25D_w%3D%3D&lsparams=mh%2Cmm%2Cmn%2Cms%2Cmv%2Cmvi%2Cpl%2Cinitcwndbps&lsig=AG3C_xAwRQIgFYFmwWlvlTS9zRjbWV2JaE2Wv0WSsW2Ii21DKYFcOl4CIQCV2V_wlDhhj7Ns6ALGTBZNCKaxkeZHfLO30u651P0bgg%3D%3D&ratebypass=yes", "player_url": null, "ext": "mp4", "height": 480, "format_note": "480p", "vcodec": "avc1.4d401f", "asr": null, "filesize": 4782893, "fps": 30, "tbr": 258.544, "width": 854, "acodec": "none", "downloader_options": {"http_chunk_size": 10485760}, "format": "135 - 854x480 (480p)", "protocol": "https", "http_headers": {"User-Agent": "Mozilla/5.0 (Windows NT 10.0; Win64; x64) AppleWebKit/537.36 (KHTML, like Gecko) Chrome/72.0.3626.85 Safari/537.36", "Accept-Charset": "ISO-8859-1,utf-8;q=0.7,*;q=0.7", "Accept": "text/html,application/xhtml+xml,application/xml;q=0.9,*/*;q=0.8", "Accept-Encoding": "gzip, deflate", "Accept-Language": "en-us,en;q=0.5"}}, {"format_id": "396", "url": "https://r5---sn-5njj-u2xl.googlevideo.com/videoplayback?expire=1611763260&ei=3DkRYP-qD4zb4QLus5m4BQ&ip=140.109.135.76&id=o-AJyJpKYEc1xjiQjTxbngUeDLQnh-mpH4npjB4pAciBeY&itag=396&aitags=133%2C134%2C135%2C136%2C137%2C160%2C242%2C243%2C244%2C247%2C248%2C278%2C394%2C395%2C396%2C397%2C398%2C399&source=youtube&requiressl=yes&mh=4B&mm=31%2C29&mn=sn-5njj-u2xl%2Csn-un57en7e&ms=au%2Crdu&mv=m&mvi=5&pl=16&initcwndbps=730000&vprv=1&mime=video%2Fmp4&ns=kaDBqujJzJL1VsETJAKBXPcF&gir=yes&clen=5089424&dur=171.066&lmt=1611715236216384&mt=1611740913&fvip=5&keepalive=yes&c=WEB&txp=5436432&n=q1RZqm6y14GdIQa-gLKk&sparams=expire%2Cei%2Cip%2Cid%2Caitags%2Csource%2Crequiressl%2Cvprv%2Cmime%2Cns%2Cgir%2Cclen%2Cdur%2Clmt&sig=AOq0QJ8wRQIhAO-pBqcExtefTBbO0kz95cNIRri0kiHj3BjXy8O6xIXBAiBZfinacntllqYdgMviD1rzIK2WsJiy8tbBoJ_2X_bZwA%3D%3D&lsparams=mh%2Cmm%2Cmn%2Cms%2Cmv%2Cmvi%2Cpl%2Cinitcwndbps&lsig=AG3C_xAwRQIgFYFmwWlvlTS9zRjbWV2JaE2Wv0WSsW2Ii21DKYFcOl4CIQCV2V_wlDhhj7Ns6ALGTBZNCKaxkeZHfLO30u651P0bgg%3D%3D&ratebypass=yes", "player_url": null, "acodec": "none", "vcodec": "av01.0.01M.08", "asr": null, "filesize": 5089424, "format_note": "360p", "fps": 30, "height": 360, "tbr": 271.881, "width": 640, "ext": "mp4", "downloader_options": {"http_chunk_size": 10485760}, "format": "396 - 640x360 (360p)", "protocol": "https", "http_headers": {"User-Agent": "Mozilla/5.0 (Windows NT 10.0; Win64; x64) AppleWebKit/537.36 (KHTML, like Gecko) Chrome/72.0.3626.85 Safari/537.36", "Accept-Charset": "ISO-8859-1,utf-8;q=0.7,*;q=0.7", "Accept": "text/html,application/xhtml+xml,application/xml;q=0.9,*/*;q=0.8", "Accept-Encoding": "gzip, deflate", "Accept-Language": "en-us,en;q=0.5"}}, {"format_id": "243", "url": "https://r5---sn-5njj-u2xl.googlevideo.com/videoplayback?expire=1611763260&ei=3DkRYP-qD4zb4QLus5m4BQ&ip=140.109.135.76&id=o-AJyJpKYEc1xjiQjTxbngUeDLQnh-mpH4npjB4pAciBeY&itag=243&aitags=133%2C134%2C135%2C136%2C137%2C160%2C242%2C243%2C244%2C247%2C248%2C278%2C394%2C395%2C396%2C397%2C398%2C399&source=youtube&requiressl=yes&mh=4B&mm=31%2C29&mn=sn-5njj-u2xl%2Csn-un57en7e&ms=au%2Crdu&mv=m&mvi=5&pl=16&initcwndbps=730000&vprv=1&mime=video%2Fwebm&ns=kaDBqujJzJL1VsETJAKBXPcF&gir=yes&clen=5807189&dur=171.067&lmt=1607746988838638&mt=1611740913&fvip=5&keepalive=yes&c=WEB&txp=5432432&n=q1RZqm6y14GdIQa-gLKk&sparams=expire%2Cei%2Cip%2Cid%2Caitags%2Csource%2Crequiressl%2Cvprv%2Cmime%2Cns%2Cgir%2Cclen%2Cdur%2Clmt&sig=AOq0QJ8wRgIhANnN8X4ZMec8x2wAT1hFUH7yCfbnPqoTcSInpeHVbY46AiEAtc8Q5y-O9ORPTL0JbC1Eon3e0GNAUjCDC9rD2RozXqk%3D&lsparams=mh%2Cmm%2Cmn%2Cms%2Cmv%2Cmvi%2Cpl%2Cinitcwndbps&lsig=AG3C_xAwRQIgFYFmwWlvlTS9zRjbWV2JaE2Wv0WSsW2Ii21DKYFcOl4CIQCV2V_wlDhhj7Ns6ALGTBZNCKaxkeZHfLO30u651P0bgg%3D%3D&ratebypass=yes", "player_url": null, "ext": "webm", "height": 360, "format_note": "360p", "vcodec": "vp9", "asr": null, "filesize": 5807189, "fps": 30, "tbr": 320.428, "width": 640, "acodec": "none", "downloader_options": {"http_chunk_size": 10485760}, "format": "243 - 640x360 (360p)", "protocol": "https", "http_headers": {"User-Agent": "Mozilla/5.0 (Windows NT 10.0; Win64; x64) AppleWebKit/537.36 (KHTML, like Gecko) Chrome/72.0.3626.85 Safari/537.36", "Accept-Charset": "ISO-8859-1,utf-8;q=0.7,*;q=0.7", "Accept": "text/html,application/xhtml+xml,application/xml;q=0.9,*/*;q=0.8", "Accept-Encoding": "gzip, deflate", "Accept-Language": "en-us,en;q=0.5"}}, {"format_id": "136", "url": "https://r5---sn-5njj-u2xl.googlevideo.com/videoplayback?expire=1611763260&ei=3DkRYP-qD4zb4QLus5m4BQ&ip=140.109.135.76&id=o-AJyJpKYEc1xjiQjTxbngUeDLQnh-mpH4npjB4pAciBeY&itag=136&aitags=133%2C134%2C135%2C136%2C137%2C160%2C242%2C243%2C244%2C247%2C248%2C278%2C394%2C395%2C396%2C397%2C398%2C399&source=youtube&requiressl=yes&mh=4B&mm=31%2C29&mn=sn-5njj-u2xl%2Csn-un57en7e&ms=au%2Crdu&mv=m&mvi=5&pl=16&initcwndbps=730000&vprv=1&mime=video%2Fmp4&ns=kaDBqujJzJL1VsETJAKBXPcF&gir=yes&clen=7246241&dur=171.066&lmt=1607736475210399&mt=1611740913&fvip=5&keepalive=yes&c=WEB&txp=5432434&n=q1RZqm6y14GdIQa-gLKk&sparams=expire%2Cei%2Cip%2Cid%2Caitags%2Csource%2Crequiressl%2Cvprv%2Cmime%2Cns%2Cgir%2Cclen%2Cdur%2Clmt&sig=AOq0QJ8wRgIhAMa5onDoDdF1ga-wA1WhOsia2WxX0qDuuyEOgsCirIBRAiEAxN0ITqCxw2bjgMIruku1Peb8u_9DxO2SSVMnkjqSaR4%3D&lsparams=mh%2Cmm%2Cmn%2Cms%2Cmv%2Cmvi%2Cpl%2Cinitcwndbps&lsig=AG3C_xAwRQIgFYFmwWlvlTS9zRjbWV2JaE2Wv0WSsW2Ii21DKYFcOl4CIQCV2V_wlDhhj7Ns6ALGTBZNCKaxkeZHfLO30u651P0bgg%3D%3D&ratebypass=yes", "player_url": null, "ext": "mp4", "height": 720, "format_note": "720p", "vcodec": "avc1.4d401f", "asr": null, "filesize": 7246241, "fps": 30, "tbr": 414.441, "width": 1280, "acodec": "none", "downloader_options": {"http_chunk_size": 10485760}, "format": "136 - 1280x720 (720p)", "protocol": "https", "http_headers": {"User-Agent": "Mozilla/5.0 (Windows NT 10.0; Win64; x64) AppleWebKit/537.36 (KHTML, like Gecko) Chrome/72.0.3626.85 Safari/537.36", "Accept-Charset": "ISO-8859-1,utf-8;q=0.7,*;q=0.7", "Accept": "text/html,application/xhtml+xml,application/xml;q=0.9,*/*;q=0.8", "Accept-Encoding": "gzip, deflate", "Accept-Language": "en-us,en;q=0.5"}}, {"format_id": "397", "url": "https://r5---sn-5njj-u2xl.googlevideo.com/videoplayback?expire=1611763260&ei=3DkRYP-qD4zb4QLus5m4BQ&ip=140.109.135.76&id=o-AJyJpKYEc1xjiQjTxbngUeDLQnh-mpH4npjB4pAciBeY&itag=397&aitags=133%2C134%2C135%2C136%2C137%2C160%2C242%2C243%2C244%2C247%2C248%2C278%2C394%2C395%2C396%2C397%2C398%2C399&source=youtube&requiressl=yes&mh=4B&mm=31%2C29&mn=sn-5njj-u2xl%2Csn-un57en7e&ms=au%2Crdu&mv=m&mvi=5&pl=16&initcwndbps=730000&vprv=1&mime=video%2Fmp4&ns=kaDBqujJzJL1VsETJAKBXPcF&gir=yes&clen=8766458&dur=171.066&lmt=1611715215692944&mt=1611740913&fvip=5&keepalive=yes&c=WEB&txp=5436432&n=q1RZqm6y14GdIQa-gLKk&sparams=expire%2Cei%2Cip%2Cid%2Caitags%2Csource%2Crequiressl%2Cvprv%2Cmime%2Cns%2Cgir%2Cclen%2Cdur%2Clmt&sig=AOq0QJ8wRgIhAN46UFMIVDk6NK0RGxL9vqy4eeCXyzV95hO3l5RP9ljUAiEA5MShTBxpAJPRyp8lrj5vXD2Sm93ALai_aqmPMFgJG8o%3D&lsparams=mh%2Cmm%2Cmn%2Cms%2Cmv%2Cmvi%2Cpl%2Cinitcwndbps&lsig=AG3C_xAwRQIgFYFmwWlvlTS9zRjbWV2JaE2Wv0WSsW2Ii21DKYFcOl4CIQCV2V_wlDhhj7Ns6ALGTBZNCKaxkeZHfLO30u651P0bgg%3D%3D&ratebypass=yes", "player_url": null, "acodec": "none", "vcodec": "av01.0.04M.08", "asr": null, "filesize": 8766458, "format_note": "480p", "fps": 30, "height": 480, "tbr": 473.401, "width": 854, "ext": "mp4", "downloader_options": {"http_chunk_size": 10485760}, "format": "397 - 854x480 (480p)", "protocol": "https", "http_headers": {"User-Agent": "Mozilla/5.0 (Windows NT 10.0; Win64; x64) AppleWebKit/537.36 (KHTML, like Gecko) Chrome/72.0.3626.85 Safari/537.36", "Accept-Charset": "ISO-8859-1,utf-8;q=0.7,*;q=0.7", "Accept": "text/html,application/xhtml+xml,application/xml;q=0.9,*/*;q=0.8", "Accept-Encoding": "gzip, deflate", "Accept-Language": "en-us,en;q=0.5"}}, {"format_id": "244", "url": "https://r5---sn-5njj-u2xl.googlevideo.com/videoplayback?expire=1611763260&ei=3DkRYP-qD4zb4QLus5m4BQ&ip=140.109.135.76&id=o-AJyJpKYEc1xjiQjTxbngUeDLQnh-mpH4npjB4pAciBeY&itag=244&aitags=133%2C134%2C135%2C136%2C137%2C160%2C242%2C243%2C244%2C247%2C248%2C278%2C394%2C395%2C396%2C397%2C398%2C399&source=youtube&requiressl=yes&mh=4B&mm=31%2C29&mn=sn-5njj-u2xl%2Csn-un57en7e&ms=au%2Crdu&mv=m&mvi=5&pl=16&initcwndbps=730000&vprv=1&mime=video%2Fwebm&ns=kaDBqujJzJL1VsETJAKBXPcF&gir=yes&clen=10399813&dur=171.067&lmt=1607746988802832&mt=1611740913&fvip=5&keepalive=yes&c=WEB&txp=5432432&n=q1RZqm6y14GdIQa-gLKk&sparams=expire%2Cei%2Cip%2Cid%2Caitags%2Csource%2Crequiressl%2Cvprv%2Cmime%2Cns%2Cgir%2Cclen%2Cdur%2Clmt&sig=AOq0QJ8wRQIhAL2Hv1xmZtitQtf3Odqq9yt24FBxCCmEl9inSX4Y5--JAiAtGbFwf0qs8MBbrsteN0Tn_FWqUEyrgQqS-QdAcUCqyQ%3D%3D&lsparams=mh%2Cmm%2Cmn%2Cms%2Cmv%2Cmvi%2Cpl%2Cinitcwndbps&lsig=AG3C_xAwRQIgFYFmwWlvlTS9zRjbWV2JaE2Wv0WSsW2Ii21DKYFcOl4CIQCV2V_wlDhhj7Ns6ALGTBZNCKaxkeZHfLO30u651P0bgg%3D%3D&ratebypass=yes", "player_url": null, "ext": "webm", "height": 480, "format_note": "480p", "vcodec": "vp9", "asr": null, "filesize": 10399813, "fps": 30, "tbr": 588.238, "width": 854, "acodec": "none", "downloader_options": {"http_chunk_size": 10485760}, "format": "244 - 854x480 (480p)", "protocol": "https", "http_headers": {"User-Agent": "Mozilla/5.0 (Windows NT 10.0; Win64; x64) AppleWebKit/537.36 (KHTML, like Gecko) Chrome/72.0.3626.85 Safari/537.36", "Accept-Charset": "ISO-8859-1,utf-8;q=0.7,*;q=0.7", "Accept": "text/html,application/xhtml+xml,application/xml;q=0.9,*/*;q=0.8", "Accept-Encoding": "gzip, deflate", "Accept-Language": "en-us,en;q=0.5"}}, {"format_id": "398", "url": "https://r5---sn-5njj-u2xl.googlevideo.com/videoplayback?expire=1611763260&ei=3DkRYP-qD4zb4QLus5m4BQ&ip=140.109.135.76&id=o-AJyJpKYEc1xjiQjTxbngUeDLQnh-mpH4npjB4pAciBeY&itag=398&aitags=133%2C134%2C135%2C136%2C137%2C160%2C242%2C243%2C244%2C247%2C248%2C278%2C394%2C395%2C396%2C397%2C398%2C399&source=youtube&requiressl=yes&mh=4B&mm=31%2C29&mn=sn-5njj-u2xl%2Csn-un57en7e&ms=au%2Crdu&mv=m&mvi=5&pl=16&initcwndbps=730000&vprv=1&mime=video%2Fmp4&ns=kaDBqujJzJL1VsETJAKBXPcF&gir=yes&clen=16073725&dur=171.066&lmt=1611715216492627&mt=1611740913&fvip=5&keepalive=yes&c=WEB&txp=5436432&n=q1RZqm6y14GdIQa-gLKk&sparams=expire%2Cei%2Cip%2Cid%2Caitags%2Csource%2Crequiressl%2Cvprv%2Cmime%2Cns%2Cgir%2Cclen%2Cdur%2Clmt&sig=AOq0QJ8wRQIgTKW4M1E5glhfPIyHwl10SnxvkeC41BJd-NrMC2Cc1K0CIQCn4xu2csS9dHwDACvxrizJ7ViOOWsr8P9ZnyddCGPvgQ%3D%3D&lsparams=mh%2Cmm%2Cmn%2Cms%2Cmv%2Cmvi%2Cpl%2Cinitcwndbps&lsig=AG3C_xAwRQIgFYFmwWlvlTS9zRjbWV2JaE2Wv0WSsW2Ii21DKYFcOl4CIQCV2V_wlDhhj7Ns6ALGTBZNCKaxkeZHfLO30u651P0bgg%3D%3D&ratebypass=yes", "player_url": null, "asr": null, "filesize": 16073725, "format_note": "720p", "fps": 30, "height": 720, "tbr": 894.171, "width": 1280, "ext": "mp4", "vcodec": "av01.0.05M.08", "acodec": "none", "downloader_options": {"http_chunk_size": 10485760}, "format": "398 - 1280x720 (720p)", "protocol": "https", "http_headers": {"User-Agent": "Mozilla/5.0 (Windows NT 10.0; Win64; x64) AppleWebKit/537.36 (KHTML, like Gecko) Chrome/72.0.3626.85 Safari/537.36", "Accept-Charset": "ISO-8859-1,utf-8;q=0.7,*;q=0.7", "Accept": "text/html,application/xhtml+xml,application/xml;q=0.9,*/*;q=0.8", "Accept-Encoding": "gzip, deflate", "Accept-Language": "en-us,en;q=0.5"}}, {"format_id": "247", "url": "https://r5---sn-5njj-u2xl.googlevideo.com/videoplayback?expire=1611763260&ei=3DkRYP-qD4zb4QLus5m4BQ&ip=140.109.135.76&id=o-AJyJpKYEc1xjiQjTxbngUeDLQnh-mpH4npjB4pAciBeY&itag=247&aitags=133%2C134%2C135%2C136%2C137%2C160%2C242%2C243%2C244%2C247%2C248%2C278%2C394%2C395%2C396%2C397%2C398%2C399&source=youtube&requiressl=yes&mh=4B&mm=31%2C29&mn=sn-5njj-u2xl%2Csn-un57en7e&ms=au%2Crdu&mv=m&mvi=5&pl=16&initcwndbps=730000&vprv=1&mime=video%2Fwebm&ns=kaDBqujJzJL1VsETJAKBXPcF&gir=yes&clen=22298106&dur=171.067&lmt=1607746988795139&mt=1611740913&fvip=5&keepalive=yes&c=WEB&txp=5432432&n=q1RZqm6y14GdIQa-gLKk&sparams=expire%2Cei%2Cip%2Cid%2Caitags%2Csource%2Crequiressl%2Cvprv%2Cmime%2Cns%2Cgir%2Cclen%2Cdur%2Clmt&sig=AOq0QJ8wRQIgATEUuBzhirbFxw_S2KvztEZp9-WOwSWrbwGEyzLCy08CIQDWAVi_QaI5dwQ1op2hw5O0bskJ9QIW5Oke938-1mthNw%3D%3D&lsparams=mh%2Cmm%2Cmn%2Cms%2Cmv%2Cmvi%2Cpl%2Cinitcwndbps&lsig=AG3C_xAwRQIgFYFmwWlvlTS9zRjbWV2JaE2Wv0WSsW2Ii21DKYFcOl4CIQCV2V_wlDhhj7Ns6ALGTBZNCKaxkeZHfLO30u651P0bgg%3D%3D&ratebypass=yes", "player_url": null, "ext": "webm", "height": 720, "format_note": "720p", "vcodec": "vp9", "asr": null, "filesize": 22298106, "fps": 30, "tbr": 1281.176, "width": 1280, "acodec": "none", "downloader_options": {"http_chunk_size": 10485760}, "format": "247 - 1280x720 (720p)", "protocol": "https", "http_headers": {"User-Agent": "Mozilla/5.0 (Windows NT 10.0; Win64; x64) AppleWebKit/537.36 (KHTML, like Gecko) Chrome/72.0.3626.85 Safari/537.36", "Accept-Charset": "ISO-8859-1,utf-8;q=0.7,*;q=0.7", "Accept": "text/html,application/xhtml+xml,application/xml;q=0.9,*/*;q=0.8", "Accept-Encoding": "gzip, deflate", "Accept-Language": "en-us,en;q=0.5"}}, {"format_id": "399", "url": "https://r5---sn-5njj-u2xl.googlevideo.com/videoplayback?expire=1611763260&ei=3DkRYP-qD4zb4QLus5m4BQ&ip=140.109.135.76&id=o-AJyJpKYEc1xjiQjTxbngUeDLQnh-mpH4npjB4pAciBeY&itag=399&aitags=133%2C134%2C135%2C136%2C137%2C160%2C242%2C243%2C244%2C247%2C248%2C278%2C394%2C395%2C396%2C397%2C398%2C399&source=youtube&requiressl=yes&mh=4B&mm=31%2C29&mn=sn-5njj-u2xl%2Csn-un57en7e&ms=au%2Crdu&mv=m&mvi=5&pl=16&initcwndbps=730000&vprv=1&mime=video%2Fmp4&ns=kaDBqujJzJL1VsETJAKBXPcF&gir=yes&clen=27267378&dur=171.066&lmt=1611715220603574&mt=1611740913&fvip=5&keepalive=yes&c=WEB&txp=5436432&n=q1RZqm6y14GdIQa-gLKk&sparams=expire%2Cei%2Cip%2Cid%2Caitags%2Csource%2Crequiressl%2Cvprv%2Cmime%2Cns%2Cgir%2Cclen%2Cdur%2Clmt&sig=AOq0QJ8wRQIgVWGbLnrVoCS_zZRLiPMoiPpReDwhgDHU5b96-ADMQmgCIQD3woZyb-85-ezz7MprJYumBKvh3OvCrih3UxjcL7meRA%3D%3D&lsparams=mh%2Cmm%2Cmn%2Cms%2Cmv%2Cmvi%2Cpl%2Cinitcwndbps&lsig=AG3C_xAwRQIgFYFmwWlvlTS9zRjbWV2JaE2Wv0WSsW2Ii21DKYFcOl4CIQCV2V_wlDhhj7Ns6ALGTBZNCKaxkeZHfLO30u651P0bgg%3D%3D&ratebypass=yes", "player_url": null, "asr": null, "filesize": 27267378, "format_note": "1080p", "fps": 30, "height": 1080, "tbr": 1533.257, "width": 1920, "ext": "mp4", "vcodec": "av01.0.08M.08", "acodec": "none", "downloader_options": {"http_chunk_size": 10485760}, "format": "399 - 1920x1080 (1080p)", "protocol": "https", "http_headers": {"User-Agent": "Mozilla/5.0 (Windows NT 10.0; Win64; x64) AppleWebKit/537.36 (KHTML, like Gecko) Chrome/72.0.3626.85 Safari/537.36", "Accept-Charset": "ISO-8859-1,utf-8;q=0.7,*;q=0.7", "Accept": "text/html,application/xhtml+xml,application/xml;q=0.9,*/*;q=0.8", "Accept-Encoding": "gzip, deflate", "Accept-Language": "en-us,en;q=0.5"}}, {"format_id": "137", "url": "https://r5---sn-5njj-u2xl.googlevideo.com/videoplayback?expire=1611763260&ei=3DkRYP-qD4zb4QLus5m4BQ&ip=140.109.135.76&id=o-AJyJpKYEc1xjiQjTxbngUeDLQnh-mpH4npjB4pAciBeY&itag=137&aitags=133%2C134%2C135%2C136%2C137%2C160%2C242%2C243%2C244%2C247%2C248%2C278%2C394%2C395%2C396%2C397%2C398%2C399&source=youtube&requiressl=yes&mh=4B&mm=31%2C29&mn=sn-5njj-u2xl%2Csn-un57en7e&ms=au%2Crdu&mv=m&mvi=5&pl=16&initcwndbps=730000&vprv=1&mime=video%2Fmp4&ns=kaDBqujJzJL1VsETJAKBXPcF&gir=yes&clen=32084558&dur=171.066&lmt=1607736873648252&mt=1611740913&fvip=5&keepalive=yes&c=WEB&txp=5432434&n=q1RZqm6y14GdIQa-gLKk&sparams=expire%2Cei%2Cip%2Cid%2Caitags%2Csource%2Crequiressl%2Cvprv%2Cmime%2Cns%2Cgir%2Cclen%2Cdur%2Clmt&sig=AOq0QJ8wRAIgFeAM86eoTCM9H2jXdFX3bEPNi61yWuCh0hahOVw6pFkCICdOC7vzMO45GF6Yzs1dyZMk6E8y3edEyb8zVQw3wXl0&lsparams=mh%2Cmm%2Cmn%2Cms%2Cmv%2Cmvi%2Cpl%2Cinitcwndbps&lsig=AG3C_xAwRQIgFYFmwWlvlTS9zRjbWV2JaE2Wv0WSsW2Ii21DKYFcOl4CIQCV2V_wlDhhj7Ns6ALGTBZNCKaxkeZHfLO30u651P0bgg%3D%3D&ratebypass=yes", "player_url": null, "ext": "mp4", "height": 1080, "format_note": "1080p", "vcodec": "avc1.640028", "asr": null, "filesize": 32084558, "fps": 30, "tbr": 1764.304, "width": 1920, "acodec": "none", "downloader_options": {"http_chunk_size": 10485760}, "format": "137 - 1920x1080 (1080p)", "protocol": "https", "http_headers": {"User-Agent": "Mozilla/5.0 (Windows NT 10.0; Win64; x64) AppleWebKit/537.36 (KHTML, like Gecko) Chrome/72.0.3626.85 Safari/537.36", "Accept-Charset": "ISO-8859-1,utf-8;q=0.7,*;q=0.7", "Accept": "text/html,application/xhtml+xml,application/xml;q=0.9,*/*;q=0.8", "Accept-Encoding": "gzip, deflate", "Accept-Language": "en-us,en;q=0.5"}}, {"format_id": "248", "url": "https://r5---sn-5njj-u2xl.googlevideo.com/videoplayback?expire=1611763260&ei=3DkRYP-qD4zb4QLus5m4BQ&ip=140.109.135.76&id=o-AJyJpKYEc1xjiQjTxbngUeDLQnh-mpH4npjB4pAciBeY&itag=248&aitags=133%2C134%2C135%2C136%2C137%2C160%2C242%2C243%2C244%2C247%2C248%2C278%2C394%2C395%2C396%2C397%2C398%2C399&source=youtube&requiressl=yes&mh=4B&mm=31%2C29&mn=sn-5njj-u2xl%2Csn-un57en7e&ms=au%2Crdu&mv=m&mvi=5&pl=16&initcwndbps=730000&vprv=1&mime=video%2Fwebm&ns=kaDBqujJzJL1VsETJAKBXPcF&gir=yes&clen=45717942&dur=171.067&lmt=1607736177164755&mt=1611740913&fvip=5&keepalive=yes&c=WEB&txp=5432434&n=q1RZqm6y14GdIQa-gLKk&sparams=expire%2Cei%2Cip%2Cid%2Caitags%2Csource%2Crequiressl%2Cvprv%2Cmime%2Cns%2Cgir%2Cclen%2Cdur%2Clmt&sig=AOq0QJ8wRQIgISzzPc4MUn6JJoEx_Qh9_imfeVAh4_jkVf-rHj6pZTACIQCptSSbW7V78cJ_wJ0RvuSLcRsvk4gA90iGmJOKLzARtw%3D%3D&lsparams=mh%2Cmm%2Cmn%2Cms%2Cmv%2Cmvi%2Cpl%2Cinitcwndbps&lsig=AG3C_xAwRQIgFYFmwWlvlTS9zRjbWV2JaE2Wv0WSsW2Ii21DKYFcOl4CIQCV2V_wlDhhj7Ns6ALGTBZNCKaxkeZHfLO30u651P0bgg%3D%3D&ratebypass=yes", "player_url": null, "ext": "webm", "height": 1080, "format_note": "1080p", "vcodec": "vp9", "asr": null, "filesize": 45717942, "fps": 30, "tbr": 2556.518, "width": 1920, "acodec": "none", "downloader_options": {"http_chunk_size": 10485760}, "format": "248 - 1920x1080 (1080p)", "protocol": "https", "http_headers": {"User-Agent": "Mozilla/5.0 (Windows NT 10.0; Win64; x64) AppleWebKit/537.36 (KHTML, like Gecko) Chrome/72.0.3626.85 Safari/537.36", "Accept-Charset": "ISO-8859-1,utf-8;q=0.7,*;q=0.7", "Accept": "text/html,application/xhtml+xml,application/xml;q=0.9,*/*;q=0.8", "Accept-Encoding": "gzip, deflate", "Accept-Language": "en-us,en;q=0.5"}}, {"format_id": "18", "url": "https://r5---sn-5njj-u2xl.googlevideo.com/videoplayback?expire=1611763260&ei=3DkRYP-qD4zb4QLus5m4BQ&ip=140.109.135.76&id=o-AJyJpKYEc1xjiQjTxbngUeDLQnh-mpH4npjB4pAciBeY&itag=18&source=youtube&requiressl=yes&mh=4B&mm=31%2C29&mn=sn-5njj-u2xl%2Csn-un57en7e&ms=au%2Crdu&mv=m&mvi=5&pl=16&initcwndbps=730000&vprv=1&mime=video%2Fmp4&ns=Z8AjNBQK79eC4zrwXJSj5SwF&gir=yes&clen=9650634&ratebypass=yes&dur=171.131&lmt=1607737158119363&mt=1611740913&fvip=5&c=WEB&txp=5430434&n=KfgM2yxd4kSjdcJ30C3F&sparams=expire%2Cei%2Cip%2Cid%2Citag%2Csource%2Crequiressl%2Cvprv%2Cmime%2Cns%2Cgir%2Cclen%2Cratebypass%2Cdur%2Clmt&sig=AOq0QJ8wRQIgHeap2vF-VomUZ_yUyAaFLp_v34S_ulF7wXLL_sQGosMCIQCHHyxHeouhwJzrrxotM02mE9nJIp6-npnBatJB08Q_PQ%3D%3D&lsparams=mh%2Cmm%2Cmn%2Cms%2Cmv%2Cmvi%2Cpl%2Cinitcwndbps&lsig=AG3C_xAwRQIgFYFmwWlvlTS9zRjbWV2JaE2Wv0WSsW2Ii21DKYFcOl4CIQCV2V_wlDhhj7Ns6ALGTBZNCKaxkeZHfLO30u651P0bgg%3D%3D", "player_url": null, "ext": "mp4", "width": 640, "height": 360, "acodec": "mp4a.40.2", "abr": 96, "vcodec": "avc1.42001E", "asr": 44100, "filesize": 9650634, "format_note": "360p", "fps": 30, "tbr": 451.317, "format": "18 - 640x360 (360p)", "protocol": "https", "http_headers": {"User-Agent": "Mozilla/5.0 (Windows NT 10.0; Win64; x64) AppleWebKit/537.36 (KHTML, like Gecko) Chrome/72.0.3626.85 Safari/537.36", "Accept-Charset": "ISO-8859-1,utf-8;q=0.7,*;q=0.7", "Accept": "text/html,application/xhtml+xml,application/xml;q=0.9,*/*;q=0.8", "Accept-Encoding": "gzip, deflate", "Accept-Language": "en-us,en;q=0.5"}}], "is_live": null, "start_time": null, "end_time": null, "series": null, "season_number": null, "episode_number": null, "track": null, "artist": null, "album": null, "release_date": null, "release_year": null, "extractor": "youtube", "webpage_url_basename": "watch", "extractor_key": "Youtube", "playlist": null, "playlist_index": null, "thumbnail": "https://i.ytimg.com/vi_webp/Ab9oTVIT-IE/maxresdefault.webp", "display_id": "Ab9oTVIT-IE", "requested_subtitles": null, "format_id": "251", "url": "https://r5---sn-5njj-u2xl.googlevideo.com/videoplayback?expire=1611763260&ei=3DkRYP-qD4zb4QLus5m4BQ&ip=140.109.135.76&id=o-AJyJpKYEc1xjiQjTxbngUeDLQnh-mpH4npjB4pAciBeY&itag=251&source=youtube&requiressl=yes&mh=4B&mm=31%2C29&mn=sn-5njj-u2xl%2Csn-un57en7e&ms=au%2Crdu&mv=m&mvi=5&pl=16&initcwndbps=730000&vprv=1&mime=audio%2Fwebm&ns=kaDBqujJzJL1VsETJAKBXPcF&gir=yes&clen=3238631&dur=171.081&lmt=1607714844659289&mt=1611740913&fvip=5&keepalive=yes&c=WEB&txp=5432434&n=q1RZqm6y14GdIQa-gLKk&sparams=expire%2Cei%2Cip%2Cid%2Citag%2Csource%2Crequiressl%2Cvprv%2Cmime%2Cns%2Cgir%2Cclen%2Cdur%2Clmt&sig=AOq0QJ8wRAIgCqitcvv2yz8P2xYjTkeusu5TjZTcgbFSQW7JyBElTHQCIF2cbAlobRgvgjNSl1fmmhSqU7JkOLdpdU3CChFGtmz-&lsparams=mh%2Cmm%2Cmn%2Cms%2Cmv%2Cmvi%2Cpl%2Cinitcwndbps&lsig=AG3C_xAwRQIgFYFmwWlvlTS9zRjbWV2JaE2Wv0WSsW2Ii21DKYFcOl4CIQCV2V_wlDhhj7Ns6ALGTBZNCKaxkeZHfLO30u651P0bgg%3D%3D&ratebypass=yes", "player_url": null, "ext": "webm", "format_note": "tiny", "acodec": "opus", "abr": 160, "asr": 48000, "filesize": 3238631, "fps": null, "height": null, "tbr": 158.028, "width": null, "vcodec": "none", "downloader_options": {"http_chunk_size": 10485760}, "format": "251 - audio only (tiny)", "protocol": "https", "http_headers": {"User-Agent": "Mozilla/5.0 (Windows NT 10.0; Win64; x64) AppleWebKit/537.36 (KHTML, like Gecko) Chrome/72.0.3626.85 Safari/537.36", "Accept-Charset": "ISO-8859-1,utf-8;q=0.7,*;q=0.7", "Accept": "text/html,application/xhtml+xml,application/xml;q=0.9,*/*;q=0.8", "Accept-Encoding": "gzip, deflate", "Accept-Language": "en-us,en;q=0.5"}}