{"id": "aYe-2Glruu4", "uploader": "Animenz Piano Sheets", "uploader_id": "Animenzzz", "uploader_url": "http://www.youtube.com/user/Animenzzz", "channel_id": "UCyW-leqPXUunrXXxFjpZ7VA", "channel_url": "http://www.youtube.com/channel/UCyW-leqPXUunrXXxFjpZ7VA", "upload_date": "20200523", "license": null, "creator": null, "title": "A Cruel Angel's Thesis - Neon Genesis Evangelion OP [Piano]", "alt_title": null, "thumbnails": [{"url": "https://i.ytimg.com/vi/aYe-2Glruu4/hqdefault.jpg?sqp=-oaymwEYCKgBEF5IVfKriqkDCwgBFQAAiEIYAXAB&rs=AOn4CLDC5kd3JuQA0NOPUtsTfI3lR9IOUg", "width": 168, "height": 94, "resolution": "168x94", "id": "0"}, {"url": "https://i.ytimg.com/vi/aYe-2Glruu4/hqdefault.jpg?sqp=-oaymwEYCMQBEG5IVfKriqkDCwgBFQAAiEIYAXAB&rs=AOn4CLA0qNVtUx6kZnGOwrPXTvn93Lm7Ow", "width": 196, "height": 110, "resolution": "196x110", "id": "1"}, {"url": "https://i.ytimg.com/vi/aYe-2Glruu4/hqdefault.jpg?sqp=-oaymwEZCPYBEIoBSFXyq4qpAwsIARUAAIhCGAFwAQ==&rs=AOn4CLDB2XjgVn3M6qcci2I0eAEBmJoZtQ", "width": 246, "height": 138, "resolution": "246x138", "id": "2"}, {"url": "https://i.ytimg.com/vi/aYe-2Glruu4/hqdefault.jpg?sqp=-oaymwEZCNACELwBSFXyq4qpAwsIARUAAIhCGAFwAQ==&rs=AOn4CLBROoZG2Ye8Hstzis1WwoIW7kGs9g", "width": 336, "height": 188, "resolution": "336x188", "id": "3"}, {"url": "https://i.ytimg.com/vi_webp/aYe-2Glruu4/maxresdefault.webp", "width": 1920, "height": 1080, "resolution": "1920x1080", "id": "4"}], "description": "The opening song of Neon Genesis Evangelion is probably the most famous Anime Opening song of all time and I was facing a monumental challenge to adapt this legendary song to the piano. My arrangement of this song for the piano can be described as \"groovy\", but it still retains my \"orchestral style\" of arranging.\n\nI played this song many times during my Animenz live concerts in the past and I improvised if from the scratch every time. However, the beginning part 00:02 with the flowing arpeggios was one of my favorite arrangement ideas, so only this part was never changed.\nPerhaps it's just me, but every time I listen to the original song, I am always amused by the huge contrast between the choir singing part at the beginning and the part where the drums kick in. It feels like some heavenly choir is suddenly interrupted by a breakdancing group \uff61\uff9f( \uff9f^\u2200^\uff9f)\uff9f\uff61\n\nThat's why I deliberately arranged the left hand accompaniment in a very upbeat rhythm, especially during the chorus in 01:20. I have listened to the full version of A Cruel Angel's Thesis many times already, but the part which I still don't fully understand is the mysterious \"guitar solo\" part, right after the first chorus.\n\nI am not sure what exact harmonies are played in the original song, but many piano cover versions use this opportunity to start their own individual piano solo parts, which can range from incredibly jazzy to a very lyrical style. I used a rather minimalistic approach by reducing the sound to a minimum of two bass notes in the left hand 01:43 because I wanted to focus the attention to the upcoming choir part in 01:58.\n\nFor the final repeat of the chorus in 04:09, I was using an alternative harmonization in the left hand to steer the song towards the big climax at 04:16. Imagine a Tam-Tam (a gong-like orchestra instrument which makes a DWAAAAAAANG~ sound) being striked at this moment. And after this turning point, I changed the atmosphere back like it was in the beginning and for one more time, the flowing right hand arpeggios are returning in 04:26. But this time they are going all the way up - like an ascending angel - until it reaches C8, the highest possible piano key. I think I am using the C8 note for the first time in any of my arrangements.\n\nBut if there is one thing I am really surprised by, it's the fact that the main melody of chorus never feels boring, despite being repeated for more than 9 times in the original song. I guess it's just a timeless composition after all.\nWell, that's it for this weeks upload! I hope you enjoyed reading the story behind the creation of this arrangement.\n\nNext week, I am going to arrange another song from the Evangelion franchise. I guess it's time to give all those nostalgic Anime songs a new chance to be played on the piano again, even if they are more than 2 decades old.\n\nSee you next week!\n\nAnimenz\n\n\u2193Anime Piano Music playlists by genre are available here\u2193\nThank you for subscribing, I appreciate your support! (\u00b4\u30fb\u03c9\u30fb`)\nhttp://www.youtube.com/channel/UCyW-leqPXUunrXXxFjpZ7VA?sub_confirmation=1\n- - - - - - - - - - - - - - - - - - - - - - - - - - - - - - - - -\nMy facebook page:\nhttp://www.facebook.com/Animenz\nFollow me on Twitter!\nhttps://twitter.com/Animenzzz\nI am using Instagram as well!\nhttps://www.instagram.com/animenz_official/\n- - - - - - - - - - - - - - - - - - - - - - - - - - - - - - - -\nPiano arrangement by Animenz\nOriginal Song: A Cruel Angel's Thesis / \u6b8b\u9177\u306a\u5929\u4f7f\u306e\u30c6\u30fc\u30bc\nAnime: Neon Genesis Evangelion / \u65b0\u4e16\u7d00\u30a8\u30f4\u30a1\u30f3\u30b2\u30ea\u30aa\u30f3\nPublished by: Starchild Records (1995)\nComposed by: Hidetoshi Sato / \u4f50\u85e4 \u82f1\u654f\nPerformed by: Yoko Takahashi / \u9ad8\u6a4b \u6d0b\u5b50\n\n#ACruelAngelsThesis #NeonGenesisEvangelion #Piano #Animenz", "categories": ["Entertainment"], "tags": ["piano", "cover", "\u30d4\u30a2\u30ce", "opening", "op", "evangelion", "neon genesis evangelion", "a cruel angel's thesis", "cruel angel's thesis", "\u30a8\u30f4\u30a1\u30f3\u30b2\u30ea\u30aa\u30f3", "\u65b0\u4e16\u7d00\u30a8\u30f4\u30a1\u30f3\u30b2\u30ea\u30aa\u30f3", "\u6b8b\u9177\u306a\u5929\u4f7f\u306e\u30c6\u30fc\u30bc", "\u30a2\u30ec\u30f3\u30b8", "\u30ab\u30d0\u30fc"], "subtitles": {}, "automatic_captions": {}, "duration": 298, "age_limit": 0, "annotations": null, "chapters": null, "webpage_url": "https://www.youtube.com/watch?v=aYe-2Glruu4", "view_count": 1963303, "like_count": 62044, "dislike_count": 319, "average_rating": 4.9795389, "formats": [{"format_id": "249", "url": "https://r5---sn-5njj-u2xe.googlevideo.com/videoplayback?expire=1609160330&ei=KoLpX_v1CdHhgQOEnJuYCA&ip=140.109.135.76&id=o-AGWpHk3qs65s6wSKwMLCyDGI-7om0QqJWsSqV2b2h5Gg&itag=249&source=youtube&requiressl=yes&mh=Zv&mm=31%2C29&mn=sn-5njj-u2xe%2Csn-un57en7l&ms=au%2Crdu&mv=m&mvi=5&pl=16&initcwndbps=578750&vprv=1&mime=audio%2Fwebm&ns=Odqcan6LaD3ISOJTjvEPiNEF&gir=yes&clen=2091423&dur=297.621&lmt=1590283575721481&mt=1609138367&fvip=5&keepalive=yes&c=WEB&txp=5531432&n=km_Lk6-IOdoz-F4G&sparams=expire%2Cei%2Cip%2Cid%2Citag%2Csource%2Crequiressl%2Cvprv%2Cmime%2Cns%2Cgir%2Cclen%2Cdur%2Clmt&lsparams=mh%2Cmm%2Cmn%2Cms%2Cmv%2Cmvi%2Cpl%2Cinitcwndbps&lsig=AG3C_xAwRAIgf5tGR5XWfAwu1smOJpez4AgKjWyO1XxhRww3QxvHnAcCIEmEVRf3pZBnBIjSta6N2YVT2f_cvNMhcBSFxDQaZ3Bi&sig=AOq0QJ8wRgIhAPZoVq2O0iuyz-69VCN4Q10iduBX89WopVQSzNb80r3HAiEA76L4fIryxE1GHbeOuaWSihKGgmraFKxlgs510Iid15A=&ratebypass=yes", "player_url": "/s/player/5dd3f3b2/player_ias.vflset/en_US/base.js", "ext": "webm", "format_note": "tiny", "acodec": "opus", "abr": 50, "asr": 48000, "filesize": 2091423, "fps": null, "height": null, "tbr": 62.41, "width": null, "vcodec": "none", "downloader_options": {"http_chunk_size": 10485760}, "format": "249 - audio only (tiny)", "protocol": "https", "http_headers": {"User-Agent": "Mozilla/5.0 (Windows NT 10.0; Win64; x64) AppleWebKit/537.36 (KHTML, like Gecko) Chrome/72.0.3623.3 Safari/537.36", "Accept-Charset": "ISO-8859-1,utf-8;q=0.7,*;q=0.7", "Accept": "text/html,application/xhtml+xml,application/xml;q=0.9,*/*;q=0.8", "Accept-Encoding": "gzip, deflate", "Accept-Language": "en-us,en;q=0.5"}}, {"format_id": "250", "url": "https://r5---sn-5njj-u2xe.googlevideo.com/videoplayback?expire=1609160330&ei=KoLpX_v1CdHhgQOEnJuYCA&ip=140.109.135.76&id=o-AGWpHk3qs65s6wSKwMLCyDGI-7om0QqJWsSqV2b2h5Gg&itag=250&source=youtube&requiressl=yes&mh=Zv&mm=31%2C29&mn=sn-5njj-u2xe%2Csn-un57en7l&ms=au%2Crdu&mv=m&mvi=5&pl=16&initcwndbps=578750&vprv=1&mime=audio%2Fwebm&ns=Odqcan6LaD3ISOJTjvEPiNEF&gir=yes&clen=2793810&dur=297.621&lmt=1590283575420301&mt=1609138367&fvip=5&keepalive=yes&c=WEB&txp=5531432&n=km_Lk6-IOdoz-F4G&sparams=expire%2Cei%2Cip%2Cid%2Citag%2Csource%2Crequiressl%2Cvprv%2Cmime%2Cns%2Cgir%2Cclen%2Cdur%2Clmt&lsparams=mh%2Cmm%2Cmn%2Cms%2Cmv%2Cmvi%2Cpl%2Cinitcwndbps&lsig=AG3C_xAwRAIgSwP8mlgVTGHPStYouwmypXNkkVxoH3nUZl9mjAAIlxsCICWINP3QkXSxwpK_YoZX4yZ0i6wQQI-gArpLcuyOUBq8&sig=AOq0QJ8wRQIgMP3fgI2K8BYdBYstHkmLpXnz9fE8vPzhY7a4Mq9OYeoCIQDPuHo-OLeDij6GI1SWHlawhAqfHLkdkoykpp7tRfFXaw==&ratebypass=yes", "player_url": "/s/player/5dd3f3b2/player_ias.vflset/en_US/base.js", "ext": "webm", "format_note": "tiny", "acodec": "opus", "abr": 70, "asr": 48000, "filesize": 2793810, "fps": null, "height": null, "tbr": 81.996, "width": null, "vcodec": "none", "downloader_options": {"http_chunk_size": 10485760}, "format": "250 - audio only (tiny)", "protocol": "https", "http_headers": {"User-Agent": "Mozilla/5.0 (Windows NT 10.0; Win64; x64) AppleWebKit/537.36 (KHTML, like Gecko) Chrome/72.0.3623.3 Safari/537.36", "Accept-Charset": "ISO-8859-1,utf-8;q=0.7,*;q=0.7", "Accept": "text/html,application/xhtml+xml,application/xml;q=0.9,*/*;q=0.8", "Accept-Encoding": "gzip, deflate", "Accept-Language": "en-us,en;q=0.5"}}, {"format_id": "140", "url": "https://r5---sn-5njj-u2xe.googlevideo.com/videoplayback?expire=1609160330&ei=KoLpX_v1CdHhgQOEnJuYCA&ip=140.109.135.76&id=o-AGWpHk3qs65s6wSKwMLCyDGI-7om0QqJWsSqV2b2h5Gg&itag=140&source=youtube&requiressl=yes&mh=Zv&mm=31%2C29&mn=sn-5njj-u2xe%2Csn-un57en7l&ms=au%2Crdu&mv=m&mvi=5&pl=16&initcwndbps=578750&vprv=1&mime=audio%2Fmp4&ns=Odqcan6LaD3ISOJTjvEPiNEF&gir=yes&clen=4817925&dur=297.656&lmt=1590283577376835&mt=1609138367&fvip=5&keepalive=yes&c=WEB&txp=5531432&n=km_Lk6-IOdoz-F4G&sparams=expire%2Cei%2Cip%2Cid%2Citag%2Csource%2Crequiressl%2Cvprv%2Cmime%2Cns%2Cgir%2Cclen%2Cdur%2Clmt&lsparams=mh%2Cmm%2Cmn%2Cms%2Cmv%2Cmvi%2Cpl%2Cinitcwndbps&lsig=AG3C_xAwRQIgHoJI8tBPUeneHcxtlsTduGD5tK2PtiGjgeOV3ALGVW0CIQDo0pvFHE359ygvj8-sarRnX0c-kKsSGZODiDYUdVDGJA%3D%3D&sig=AOq0QJ8wRQIgSKPT1vKNE08A6YhkYewl3Rh7G-eUYlATuL8w3KYf5jkCIQDM9mro1YQ3pzsem0mPwkJmMETBwvI0r0AGeTgaW9JyrQ==&ratebypass=yes", "player_url": "/s/player/5dd3f3b2/player_ias.vflset/en_US/base.js", "ext": "m4a", "format_note": "tiny", "acodec": "mp4a.40.2", "abr": 128, "container": "m4a_dash", "asr": 44100, "filesize": 4817925, "fps": null, "height": null, "tbr": 130.693, "width": null, "vcodec": "none", "downloader_options": {"http_chunk_size": 10485760}, "format": "140 - audio only (tiny)", "protocol": "https", "http_headers": {"User-Agent": "Mozilla/5.0 (Windows NT 10.0; Win64; x64) AppleWebKit/537.36 (KHTML, like Gecko) Chrome/72.0.3623.3 Safari/537.36", "Accept-Charset": "ISO-8859-1,utf-8;q=0.7,*;q=0.7", "Accept": "text/html,application/xhtml+xml,application/xml;q=0.9,*/*;q=0.8", "Accept-Encoding": "gzip, deflate", "Accept-Language": "en-us,en;q=0.5"}}, {"format_id": "251", "url": "https://r5---sn-5njj-u2xe.googlevideo.com/videoplayback?expire=1609160330&ei=KoLpX_v1CdHhgQOEnJuYCA&ip=140.109.135.76&id=o-AGWpHk3qs65s6wSKwMLCyDGI-7om0QqJWsSqV2b2h5Gg&itag=251&source=youtube&requiressl=yes&mh=Zv&mm=31%2C29&mn=sn-5njj-u2xe%2Csn-un57en7l&ms=au%2Crdu&mv=m&mvi=5&pl=16&initcwndbps=578750&vprv=1&mime=audio%2Fwebm&ns=Odqcan6LaD3ISOJTjvEPiNEF&gir=yes&clen=5455725&dur=297.621&lmt=1590283575424798&mt=1609138367&fvip=5&keepalive=yes&c=WEB&txp=5531432&n=km_Lk6-IOdoz-F4G&sparams=expire%2Cei%2Cip%2Cid%2Citag%2Csource%2Crequiressl%2Cvprv%2Cmime%2Cns%2Cgir%2Cclen%2Cdur%2Clmt&lsparams=mh%2Cmm%2Cmn%2Cms%2Cmv%2Cmvi%2Cpl%2Cinitcwndbps&lsig=AG3C_xAwRAIgFu7BCYTWewGXDfpeyaGrgBUZBPsMpvXYfDoeSgH3vjgCIBImVWatSc3r0C89h_M0jRqbkYGk2K9L0aFK4imv1IJW&sig=AOq0QJ8wRQIgTggeLkqqbaMxgb9mwwzaDpXxaLnWeqcFLZn61AQLywcCIQDih5F3Gs3m05kWXw259PXGyOU9m0uK_d7sMKsWnPKTJw==&ratebypass=yes", "player_url": "/s/player/5dd3f3b2/player_ias.vflset/en_US/base.js", "ext": "webm", "format_note": "tiny", "acodec": "opus", "abr": 160, "asr": 48000, "filesize": 5455725, "fps": null, "height": null, "tbr": 158.653, "width": null, "vcodec": "none", "downloader_options": {"http_chunk_size": 10485760}, "format": "251 - audio only (tiny)", "protocol": "https", "http_headers": {"User-Agent": "Mozilla/5.0 (Windows NT 10.0; Win64; x64) AppleWebKit/537.36 (KHTML, like Gecko) Chrome/72.0.3623.3 Safari/537.36", "Accept-Charset": "ISO-8859-1,utf-8;q=0.7,*;q=0.7", "Accept": "text/html,application/xhtml+xml,application/xml;q=0.9,*/*;q=0.8", "Accept-Encoding": "gzip, deflate", "Accept-Language": "en-us,en;q=0.5"}}, {"format_id": "394", "url": "https://r5---sn-5njj-u2xe.googlevideo.com/videoplayback?expire=1609160330&ei=KoLpX_v1CdHhgQOEnJuYCA&ip=140.109.135.76&id=o-AGWpHk3qs65s6wSKwMLCyDGI-7om0QqJWsSqV2b2h5Gg&itag=394&aitags=133%2C134%2C135%2C136%2C160%2C242%2C243%2C244%2C247%2C278%2C298%2C299%2C302%2C303%2C308%2C315%2C394%2C395%2C396%2C397%2C398%2C399&source=youtube&requiressl=yes&mh=Zv&mm=31%2C29&mn=sn-5njj-u2xe%2Csn-un57en7l&ms=au%2Crdu&mv=m&mvi=5&pl=16&initcwndbps=578750&vprv=1&mime=video%2Fmp4&ns=Odqcan6LaD3ISOJTjvEPiNEF&gir=yes&clen=2414581&dur=297.564&lmt=1591196540884618&mt=1609138367&fvip=5&keepalive=yes&c=WEB&txp=5531432&n=km_Lk6-IOdoz-F4G&sparams=expire%2Cei%2Cip%2Cid%2Caitags%2Csource%2Crequiressl%2Cvprv%2Cmime%2Cns%2Cgir%2Cclen%2Cdur%2Clmt&lsparams=mh%2Cmm%2Cmn%2Cms%2Cmv%2Cmvi%2Cpl%2Cinitcwndbps&lsig=AG3C_xAwRQIhAIGXbbrsIEz_BqrLfqaEPFuY78m4XjfM3CO4z8AAXCjSAiBf38FbV_EMmD_BkHImgqzN-dv9OuKXdy6XfZ2iYJvZRw%3D%3D&sig=AOq0QJ8wRgIhAOx9sCkwUsf34sduLKi3MBEVbLs9JN7Or39VK0ZeIJJQAiEAsl1DV70DoPiMrLqfLAtlnyifQqPpMj2hhhw65p79wqE=&ratebypass=yes", "player_url": "/s/player/5dd3f3b2/player_ias.vflset/en_US/base.js", "acodec": "none", "vcodec": "av01.0.00M.08", "asr": null, "filesize": 2414581, "format_note": "144p", "fps": 30, "height": 144, "tbr": 67.979, "width": 256, "ext": "mp4", "downloader_options": {"http_chunk_size": 10485760}, "format": "394 - 256x144 (144p)", "protocol": "https", "http_headers": {"User-Agent": "Mozilla/5.0 (Windows NT 10.0; Win64; x64) AppleWebKit/537.36 (KHTML, like Gecko) Chrome/72.0.3623.3 Safari/537.36", "Accept-Charset": "ISO-8859-1,utf-8;q=0.7,*;q=0.7", "Accept": "text/html,application/xhtml+xml,application/xml;q=0.9,*/*;q=0.8", "Accept-Encoding": "gzip, deflate", "Accept-Language": "en-us,en;q=0.5"}}, {"format_id": "160", "url": "https://r5---sn-5njj-u2xe.googlevideo.com/videoplayback?expire=1609160330&ei=KoLpX_v1CdHhgQOEnJuYCA&ip=140.109.135.76&id=o-AGWpHk3qs65s6wSKwMLCyDGI-7om0QqJWsSqV2b2h5Gg&itag=160&aitags=133%2C134%2C135%2C136%2C160%2C242%2C243%2C244%2C247%2C278%2C298%2C299%2C302%2C303%2C308%2C315%2C394%2C395%2C396%2C397%2C398%2C399&source=youtube&requiressl=yes&mh=Zv&mm=31%2C29&mn=sn-5njj-u2xe%2Csn-un57en7l&ms=au%2Crdu&mv=m&mvi=5&pl=16&initcwndbps=578750&vprv=1&mime=video%2Fmp4&ns=Odqcan6LaD3ISOJTjvEPiNEF&gir=yes&clen=2117079&dur=297.564&lmt=1590283913189517&mt=1609138367&fvip=5&keepalive=yes&c=WEB&txp=5532432&n=km_Lk6-IOdoz-F4G&sparams=expire%2Cei%2Cip%2Cid%2Caitags%2Csource%2Crequiressl%2Cvprv%2Cmime%2Cns%2Cgir%2Cclen%2Cdur%2Clmt&lsparams=mh%2Cmm%2Cmn%2Cms%2Cmv%2Cmvi%2Cpl%2Cinitcwndbps&lsig=AG3C_xAwRAIgfOR5RvW2HjgWnSzxcyOFj6CeCeW28Qe4RuGWlopEghUCICyLN23G-LGKriDXWWofzihon0pYeEYDGKmbv6O6RL-R&sig=AOq0QJ8wRQIhAJxf8IH7VdEDe0D7nqJcE4QI0ZIJBj3r9IHKFDavqINZAiAS-Na8ZVrUfJScU1kUh3SHNA_1Ypp0i2eVw0QO_mnDCw==&ratebypass=yes", "player_url": "/s/player/5dd3f3b2/player_ias.vflset/en_US/base.js", "ext": "mp4", "height": 144, "format_note": "144p", "vcodec": "avc1.4d400c", "asr": null, "filesize": 2117079, "fps": 30, "tbr": 74.13, "width": 256, "acodec": "none", "downloader_options": {"http_chunk_size": 10485760}, "format": "160 - 256x144 (144p)", "protocol": "https", "http_headers": {"User-Agent": "Mozilla/5.0 (Windows NT 10.0; Win64; x64) AppleWebKit/537.36 (KHTML, like Gecko) Chrome/72.0.3623.3 Safari/537.36", "Accept-Charset": "ISO-8859-1,utf-8;q=0.7,*;q=0.7", "Accept": "text/html,application/xhtml+xml,application/xml;q=0.9,*/*;q=0.8", "Accept-Encoding": "gzip, deflate", "Accept-Language": "en-us,en;q=0.5"}}, {"format_id": "278", "url": "https://r5---sn-5njj-u2xe.googlevideo.com/videoplayback?expire=1609160330&ei=KoLpX_v1CdHhgQOEnJuYCA&ip=140.109.135.76&id=o-AGWpHk3qs65s6wSKwMLCyDGI-7om0QqJWsSqV2b2h5Gg&itag=278&aitags=133%2C134%2C135%2C136%2C160%2C242%2C243%2C244%2C247%2C278%2C298%2C299%2C302%2C303%2C308%2C315%2C394%2C395%2C396%2C397%2C398%2C399&source=youtube&requiressl=yes&mh=Zv&mm=31%2C29&mn=sn-5njj-u2xe%2Csn-un57en7l&ms=au%2Crdu&mv=m&mvi=5&pl=16&initcwndbps=578750&vprv=1&mime=video%2Fwebm&ns=Odqcan6LaD3ISOJTjvEPiNEF&gir=yes&clen=2820663&dur=297.564&lmt=1590284313138282&mt=1609138367&fvip=5&keepalive=yes&c=WEB&txp=5532432&n=km_Lk6-IOdoz-F4G&sparams=expire%2Cei%2Cip%2Cid%2Caitags%2Csource%2Crequiressl%2Cvprv%2Cmime%2Cns%2Cgir%2Cclen%2Cdur%2Clmt&lsparams=mh%2Cmm%2Cmn%2Cms%2Cmv%2Cmvi%2Cpl%2Cinitcwndbps&lsig=AG3C_xAwRAIgQRzMAQyod6q43ZRDx8cC9WT2DsSqrWtyPCvSzHA63X0CIE19YKGDuRoAw2gDe2yRNPB06eyWWOMHdZnmM8SHRSAu&sig=AOq0QJ8wRgIhALyGU8X3WtM7ljFO2g3sWC9n3SGnyq6Y_-KLy98CfnNvAiEAwEv6sg4FNCFQ7en34sdlicIR-Dv-YRK2da4DcCSPpSw=&ratebypass=yes", "player_url": "/s/player/5dd3f3b2/player_ias.vflset/en_US/base.js", "ext": "webm", "height": 144, "format_note": "144p", "container": "webm", "vcodec": "vp9", "asr": null, "filesize": 2820663, "fps": 30, "tbr": 83.463, "width": 256, "acodec": "none", "downloader_options": {"http_chunk_size": 10485760}, "format": "278 - 256x144 (144p)", "protocol": "https", "http_headers": {"User-Agent": "Mozilla/5.0 (Windows NT 10.0; Win64; x64) AppleWebKit/537.36 (KHTML, like Gecko) Chrome/72.0.3623.3 Safari/537.36", "Accept-Charset": "ISO-8859-1,utf-8;q=0.7,*;q=0.7", "Accept": "text/html,application/xhtml+xml,application/xml;q=0.9,*/*;q=0.8", "Accept-Encoding": "gzip, deflate", "Accept-Language": "en-us,en;q=0.5"}}, {"format_id": "395", "url": "https://r5---sn-5njj-u2xe.googlevideo.com/videoplayback?expire=1609160330&ei=KoLpX_v1CdHhgQOEnJuYCA&ip=140.109.135.76&id=o-AGWpHk3qs65s6wSKwMLCyDGI-7om0QqJWsSqV2b2h5Gg&itag=395&aitags=133%2C134%2C135%2C136%2C160%2C242%2C243%2C244%2C247%2C278%2C298%2C299%2C302%2C303%2C308%2C315%2C394%2C395%2C396%2C397%2C398%2C399&source=youtube&requiressl=yes&mh=Zv&mm=31%2C29&mn=sn-5njj-u2xe%2Csn-un57en7l&ms=au%2Crdu&mv=m&mvi=5&pl=16&initcwndbps=578750&vprv=1&mime=video%2Fmp4&ns=Odqcan6LaD3ISOJTjvEPiNEF&gir=yes&clen=4995791&dur=297.564&lmt=1591196621728722&mt=1609138367&fvip=5&keepalive=yes&c=WEB&txp=5531432&n=km_Lk6-IOdoz-F4G&sparams=expire%2Cei%2Cip%2Cid%2Caitags%2Csource%2Crequiressl%2Cvprv%2Cmime%2Cns%2Cgir%2Cclen%2Cdur%2Clmt&lsparams=mh%2Cmm%2Cmn%2Cms%2Cmv%2Cmvi%2Cpl%2Cinitcwndbps&lsig=AG3C_xAwRAIgfB4OMs5_KjUMPmohzKPtmHNt-brcRP1ToGtFLLL0f4sCIFBHBkholY5fsclOYGTHoO-k_YCRdTVUJRMNxjJI97L1&sig=AOq0QJ8wRAIgHoR4snozjcTnvbm1oW3P8GNfmjxfUKfLpXTShUT-QFkCIDR9i29zr-jzK9FJoy0DEIGBkIgMQPYIZPeq00V1xc18&ratebypass=yes", "player_url": "/s/player/5dd3f3b2/player_ias.vflset/en_US/base.js", "acodec": "none", "vcodec": "av01.0.00M.08", "asr": null, "filesize": 4995791, "format_note": "240p", "fps": 30, "height": 240, "tbr": 142.077, "width": 426, "ext": "mp4", "downloader_options": {"http_chunk_size": 10485760}, "format": "395 - 426x240 (240p)", "protocol": "https", "http_headers": {"User-Agent": "Mozilla/5.0 (Windows NT 10.0; Win64; x64) AppleWebKit/537.36 (KHTML, like Gecko) Chrome/72.0.3623.3 Safari/537.36", "Accept-Charset": "ISO-8859-1,utf-8;q=0.7,*;q=0.7", "Accept": "text/html,application/xhtml+xml,application/xml;q=0.9,*/*;q=0.8", "Accept-Encoding": "gzip, deflate", "Accept-Language": "en-us,en;q=0.5"}}, {"format_id": "133", "url": "https://r5---sn-5njj-u2xe.googlevideo.com/videoplayback?expire=1609160330&ei=KoLpX_v1CdHhgQOEnJuYCA&ip=140.109.135.76&id=o-AGWpHk3qs65s6wSKwMLCyDGI-7om0QqJWsSqV2b2h5Gg&itag=133&aitags=133%2C134%2C135%2C136%2C160%2C242%2C243%2C244%2C247%2C278%2C298%2C299%2C302%2C303%2C308%2C315%2C394%2C395%2C396%2C397%2C398%2C399&source=youtube&requiressl=yes&mh=Zv&mm=31%2C29&mn=sn-5njj-u2xe%2Csn-un57en7l&ms=au%2Crdu&mv=m&mvi=5&pl=16&initcwndbps=578750&vprv=1&mime=video%2Fmp4&ns=Odqcan6LaD3ISOJTjvEPiNEF&gir=yes&clen=4123524&dur=297.564&lmt=1590283913179767&mt=1609138367&fvip=5&keepalive=yes&c=WEB&txp=5532432&n=km_Lk6-IOdoz-F4G&sparams=expire%2Cei%2Cip%2Cid%2Caitags%2Csource%2Crequiressl%2Cvprv%2Cmime%2Cns%2Cgir%2Cclen%2Cdur%2Clmt&lsparams=mh%2Cmm%2Cmn%2Cms%2Cmv%2Cmvi%2Cpl%2Cinitcwndbps&lsig=AG3C_xAwRQIgBWzHd5ybusHVMGgZiYZqNuL9CgSJF9pZQPeyHfSTnOYCIQC2EfCK5wx7lMwTDn4jH2h2GyJQN9aYfGwTi-o_gxadJw%3D%3D&sig=AOq0QJ8wRQIgAUDvtYUM0rkCqRVnGi29oHPbY1_FVuYp2vyu2j8OnmkCIQCcg4p8ckcw7UN29CPtad6CqZdGhLqe5RxpkzXlFKF8xg==&ratebypass=yes", "player_url": "/s/player/5dd3f3b2/player_ias.vflset/en_US/base.js", "ext": "mp4", "height": 240, "format_note": "240p", "vcodec": "avc1.4d4015", "asr": null, "filesize": 4123524, "fps": 30, "tbr": 146.444, "width": 426, "acodec": "none", "downloader_options": {"http_chunk_size": 10485760}, "format": "133 - 426x240 (240p)", "protocol": "https", "http_headers": {"User-Agent": "Mozilla/5.0 (Windows NT 10.0; Win64; x64) AppleWebKit/537.36 (KHTML, like Gecko) Chrome/72.0.3623.3 Safari/537.36", "Accept-Charset": "ISO-8859-1,utf-8;q=0.7,*;q=0.7", "Accept": "text/html,application/xhtml+xml,application/xml;q=0.9,*/*;q=0.8", "Accept-Encoding": "gzip, deflate", "Accept-Language": "en-us,en;q=0.5"}}, {"format_id": "242", "url": "https://r5---sn-5njj-u2xe.googlevideo.com/videoplayback?expire=1609160330&ei=KoLpX_v1CdHhgQOEnJuYCA&ip=140.109.135.76&id=o-AGWpHk3qs65s6wSKwMLCyDGI-7om0QqJWsSqV2b2h5Gg&itag=242&aitags=133%2C134%2C135%2C136%2C160%2C242%2C243%2C244%2C247%2C278%2C298%2C299%2C302%2C303%2C308%2C315%2C394%2C395%2C396%2C397%2C398%2C399&source=youtube&requiressl=yes&mh=Zv&mm=31%2C29&mn=sn-5njj-u2xe%2Csn-un57en7l&ms=au%2Crdu&mv=m&mvi=5&pl=16&initcwndbps=578750&vprv=1&mime=video%2Fwebm&ns=Odqcan6LaD3ISOJTjvEPiNEF&gir=yes&clen=5869024&dur=297.564&lmt=1590284313140792&mt=1609138367&fvip=5&keepalive=yes&c=WEB&txp=5532432&n=km_Lk6-IOdoz-F4G&sparams=expire%2Cei%2Cip%2Cid%2Caitags%2Csource%2Crequiressl%2Cvprv%2Cmime%2Cns%2Cgir%2Cclen%2Cdur%2Clmt&lsparams=mh%2Cmm%2Cmn%2Cms%2Cmv%2Cmvi%2Cpl%2Cinitcwndbps&lsig=AG3C_xAwRAIgQPeyMnikNMvg0L7Z_xjZvIXJFMRy0wpO73LvS3HF5lMCIDG8tytDURQ3EnE2oxplbkHoWY37Eo4wvsTxeY-Vhaoy&sig=AOq0QJ8wRgIhAMRyfSqb0rxF22EtfB73tO7ehtWSpQcOs8dp3-W7Yr2uAiEAxW1I-cUBsXcsmWgRb3AbyzBkCw1-TOPQjSqKDANKupo=&ratebypass=yes", "player_url": "/s/player/5dd3f3b2/player_ias.vflset/en_US/base.js", "ext": "webm", "height": 240, "format_note": "240p", "vcodec": "vp9", "asr": null, "filesize": 5869024, "fps": 30, "tbr": 180.642, "width": 426, "acodec": "none", "downloader_options": {"http_chunk_size": 10485760}, "format": "242 - 426x240 (240p)", "protocol": "https", "http_headers": {"User-Agent": "Mozilla/5.0 (Windows NT 10.0; Win64; x64) AppleWebKit/537.36 (KHTML, like Gecko) Chrome/72.0.3623.3 Safari/537.36", "Accept-Charset": "ISO-8859-1,utf-8;q=0.7,*;q=0.7", "Accept": "text/html,application/xhtml+xml,application/xml;q=0.9,*/*;q=0.8", "Accept-Encoding": "gzip, deflate", "Accept-Language": "en-us,en;q=0.5"}}, {"format_id": "134", "url": "https://r5---sn-5njj-u2xe.googlevideo.com/videoplayback?expire=1609160330&ei=KoLpX_v1CdHhgQOEnJuYCA&ip=140.109.135.76&id=o-AGWpHk3qs65s6wSKwMLCyDGI-7om0QqJWsSqV2b2h5Gg&itag=134&aitags=133%2C134%2C135%2C136%2C160%2C242%2C243%2C244%2C247%2C278%2C298%2C299%2C302%2C303%2C308%2C315%2C394%2C395%2C396%2C397%2C398%2C399&source=youtube&requiressl=yes&mh=Zv&mm=31%2C29&mn=sn-5njj-u2xe%2Csn-un57en7l&ms=au%2Crdu&mv=m&mvi=5&pl=16&initcwndbps=578750&vprv=1&mime=video%2Fmp4&ns=Odqcan6LaD3ISOJTjvEPiNEF&gir=yes&clen=7320140&dur=297.564&lmt=1590283913183752&mt=1609138367&fvip=5&keepalive=yes&c=WEB&txp=5532432&n=km_Lk6-IOdoz-F4G&sparams=expire%2Cei%2Cip%2Cid%2Caitags%2Csource%2Crequiressl%2Cvprv%2Cmime%2Cns%2Cgir%2Cclen%2Cdur%2Clmt&lsparams=mh%2Cmm%2Cmn%2Cms%2Cmv%2Cmvi%2Cpl%2Cinitcwndbps&lsig=AG3C_xAwRQIgN0Jxp0qDM1fAbB3emBTHaVmDho27CP1Ec4x6d4DXnMcCIQD3ticY9cOn9znaa797Z-QEg6hWsiyMhFCGdjac89IG_A%3D%3D&sig=AOq0QJ8wRgIhAIJ0ROtTT6nsxJyYqgCUC-G7JrR8T7fPaUoZoMT_0vp2AiEA9qBumKNt-NsgYyiGWYca7oNUZrXO1cW2zRcBtFIdUzk=&ratebypass=yes", "player_url": "/s/player/5dd3f3b2/player_ias.vflset/en_US/base.js", "ext": "mp4", "height": 360, "format_note": "360p", "vcodec": "avc1.4d401e", "asr": null, "filesize": 7320140, "fps": 30, "tbr": 261.138, "width": 640, "acodec": "none", "downloader_options": {"http_chunk_size": 10485760}, "format": "134 - 640x360 (360p)", "protocol": "https", "http_headers": {"User-Agent": "Mozilla/5.0 (Windows NT 10.0; Win64; x64) AppleWebKit/537.36 (KHTML, like Gecko) Chrome/72.0.3623.3 Safari/537.36", "Accept-Charset": "ISO-8859-1,utf-8;q=0.7,*;q=0.7", "Accept": "text/html,application/xhtml+xml,application/xml;q=0.9,*/*;q=0.8", "Accept-Encoding": "gzip, deflate", "Accept-Language": "en-us,en;q=0.5"}}, {"format_id": "396", "url": "https://r5---sn-5njj-u2xe.googlevideo.com/videoplayback?expire=1609160330&ei=KoLpX_v1CdHhgQOEnJuYCA&ip=140.109.135.76&id=o-AGWpHk3qs65s6wSKwMLCyDGI-7om0QqJWsSqV2b2h5Gg&itag=396&aitags=133%2C134%2C135%2C136%2C160%2C242%2C243%2C244%2C247%2C278%2C298%2C299%2C302%2C303%2C308%2C315%2C394%2C395%2C396%2C397%2C398%2C399&source=youtube&requiressl=yes&mh=Zv&mm=31%2C29&mn=sn-5njj-u2xe%2Csn-un57en7l&ms=au%2Crdu&mv=m&mvi=5&pl=16&initcwndbps=578750&vprv=1&mime=video%2Fmp4&ns=Odqcan6LaD3ISOJTjvEPiNEF&gir=yes&clen=9981353&dur=297.564&lmt=1591196917371439&mt=1609138367&fvip=5&keepalive=yes&c=WEB&txp=5531432&n=km_Lk6-IOdoz-F4G&sparams=expire%2Cei%2Cip%2Cid%2Caitags%2Csource%2Crequiressl%2Cvprv%2Cmime%2Cns%2Cgir%2Cclen%2Cdur%2Clmt&lsparams=mh%2Cmm%2Cmn%2Cms%2Cmv%2Cmvi%2Cpl%2Cinitcwndbps&lsig=AG3C_xAwRAIgS4EpJXtuLJG0wBAUbgWUgMENiaCC3LLM4jLlTpjIN4wCIHz3Nq4MB1RoOXs14eLIP_DH-PQ0626YaouyM9viWrdb&sig=AOq0QJ8wRgIhANqp-_xjUqbEmREg4ONxCecpVpuFgKlPRgwEsqlz85hZAiEAsT1ZVDjtUNEMV7tmfsHwsn2IpRy02lrxse6xiZFveQY=&ratebypass=yes", "player_url": "/s/player/5dd3f3b2/player_ias.vflset/en_US/base.js", "acodec": "none", "vcodec": "av01.0.01M.08", "asr": null, "filesize": 9981353, "format_note": "360p", "fps": 30, "height": 360, "tbr": 293.903, "width": 640, "ext": "mp4", "downloader_options": {"http_chunk_size": 10485760}, "format": "396 - 640x360 (360p)", "protocol": "https", "http_headers": {"User-Agent": "Mozilla/5.0 (Windows NT 10.0; Win64; x64) AppleWebKit/537.36 (KHTML, like Gecko) Chrome/72.0.3623.3 Safari/537.36", "Accept-Charset": "ISO-8859-1,utf-8;q=0.7,*;q=0.7", "Accept": "text/html,application/xhtml+xml,application/xml;q=0.9,*/*;q=0.8", "Accept-Encoding": "gzip, deflate", "Accept-Language": "en-us,en;q=0.5"}}, {"format_id": "243", "url": "https://r5---sn-5njj-u2xe.googlevideo.com/videoplayback?expire=1609160330&ei=KoLpX_v1CdHhgQOEnJuYCA&ip=140.109.135.76&id=o-AGWpHk3qs65s6wSKwMLCyDGI-7om0QqJWsSqV2b2h5Gg&itag=243&aitags=133%2C134%2C135%2C136%2C160%2C242%2C243%2C244%2C247%2C278%2C298%2C299%2C302%2C303%2C308%2C315%2C394%2C395%2C396%2C397%2C398%2C399&source=youtube&requiressl=yes&mh=Zv&mm=31%2C29&mn=sn-5njj-u2xe%2Csn-un57en7l&ms=au%2Crdu&mv=m&mvi=5&pl=16&initcwndbps=578750&vprv=1&mime=video%2Fwebm&ns=Odqcan6LaD3ISOJTjvEPiNEF&gir=yes&clen=12116773&dur=297.564&lmt=1590284313199662&mt=1609138367&fvip=5&keepalive=yes&c=WEB&txp=5532432&n=km_Lk6-IOdoz-F4G&sparams=expire%2Cei%2Cip%2Cid%2Caitags%2Csource%2Crequiressl%2Cvprv%2Cmime%2Cns%2Cgir%2Cclen%2Cdur%2Clmt&lsparams=mh%2Cmm%2Cmn%2Cms%2Cmv%2Cmvi%2Cpl%2Cinitcwndbps&lsig=AG3C_xAwRgIhAJ4hfmolg8EDeyf7OhKQlD1AFLtal0KbQ2Yc9hAEGErvAiEA2XR1uS0hTTossb5_G02WEsIP2tdN_3lp_k86cBnBDeI%3D&sig=AOq0QJ8wRAIgL7_aeMCWU3FtzSOTmPa7lFiYbRk54Tn7_lwb4x4mzogCIHp1js8bbPGxPnaXYJ6MeZBQTlOdQEjS47S79PeakWz0&ratebypass=yes", "player_url": "/s/player/5dd3f3b2/player_ias.vflset/en_US/base.js", "ext": "webm", "height": 360, "format_note": "360p", "vcodec": "vp9", "asr": null, "filesize": 12116773, "fps": 30, "tbr": 368.224, "width": 640, "acodec": "none", "downloader_options": {"http_chunk_size": 10485760}, "format": "243 - 640x360 (360p)", "protocol": "https", "http_headers": {"User-Agent": "Mozilla/5.0 (Windows NT 10.0; Win64; x64) AppleWebKit/537.36 (KHTML, like Gecko) Chrome/72.0.3623.3 Safari/537.36", "Accept-Charset": "ISO-8859-1,utf-8;q=0.7,*;q=0.7", "Accept": "text/html,application/xhtml+xml,application/xml;q=0.9,*/*;q=0.8", "Accept-Encoding": "gzip, deflate", "Accept-Language": "en-us,en;q=0.5"}}, {"format_id": "135", "url": "https://r5---sn-5njj-u2xe.googlevideo.com/videoplayback?expire=1609160330&ei=KoLpX_v1CdHhgQOEnJuYCA&ip=140.109.135.76&id=o-AGWpHk3qs65s6wSKwMLCyDGI-7om0QqJWsSqV2b2h5Gg&itag=135&aitags=133%2C134%2C135%2C136%2C160%2C242%2C243%2C244%2C247%2C278%2C298%2C299%2C302%2C303%2C308%2C315%2C394%2C395%2C396%2C397%2C398%2C399&source=youtube&requiressl=yes&mh=Zv&mm=31%2C29&mn=sn-5njj-u2xe%2Csn-un57en7l&ms=au%2Crdu&mv=m&mvi=5&pl=16&initcwndbps=578750&vprv=1&mime=video%2Fmp4&ns=Odqcan6LaD3ISOJTjvEPiNEF&gir=yes&clen=12642152&dur=297.564&lmt=1590283913179168&mt=1609138367&fvip=5&keepalive=yes&c=WEB&txp=5532432&n=km_Lk6-IOdoz-F4G&sparams=expire%2Cei%2Cip%2Cid%2Caitags%2Csource%2Crequiressl%2Cvprv%2Cmime%2Cns%2Cgir%2Cclen%2Cdur%2Clmt&lsparams=mh%2Cmm%2Cmn%2Cms%2Cmv%2Cmvi%2Cpl%2Cinitcwndbps&lsig=AG3C_xAwRAIgSRq8_8-fc-sH8EoShecoOEhiirt3cP-S5fQBqo5cXb4CIGW16bnBzxPDhvZ88VonvmkNVllL1HQxqupiAKksryur&sig=AOq0QJ8wRQIhAPqGW_XVm-BnFeTVj9T_kySIpDJ-uMBMwcp9Kx1W6dP1AiBjk52g8ObsKiKLOnChLlMggmie3kwbwY053lc8K5_GKA==&ratebypass=yes", "player_url": "/s/player/5dd3f3b2/player_ias.vflset/en_US/base.js", "ext": "mp4", "height": 480, "format_note": "480p", "vcodec": "avc1.4d401f", "asr": null, "filesize": 12642152, "fps": 30, "tbr": 514.261, "width": 854, "acodec": "none", "downloader_options": {"http_chunk_size": 10485760}, "format": "135 - 854x480 (480p)", "protocol": "https", "http_headers": {"User-Agent": "Mozilla/5.0 (Windows NT 10.0; Win64; x64) AppleWebKit/537.36 (KHTML, like Gecko) Chrome/72.0.3623.3 Safari/537.36", "Accept-Charset": "ISO-8859-1,utf-8;q=0.7,*;q=0.7", "Accept": "text/html,application/xhtml+xml,application/xml;q=0.9,*/*;q=0.8", "Accept-Encoding": "gzip, deflate", "Accept-Language": "en-us,en;q=0.5"}}, {"format_id": "397", "url": "https://r5---sn-5njj-u2xe.googlevideo.com/videoplayback?expire=1609160330&ei=KoLpX_v1CdHhgQOEnJuYCA&ip=140.109.135.76&id=o-AGWpHk3qs65s6wSKwMLCyDGI-7om0QqJWsSqV2b2h5Gg&itag=397&aitags=133%2C134%2C135%2C136%2C160%2C242%2C243%2C244%2C247%2C278%2C298%2C299%2C302%2C303%2C308%2C315%2C394%2C395%2C396%2C397%2C398%2C399&source=youtube&requiressl=yes&mh=Zv&mm=31%2C29&mn=sn-5njj-u2xe%2Csn-un57en7l&ms=au%2Crdu&mv=m&mvi=5&pl=16&initcwndbps=578750&vprv=1&mime=video%2Fmp4&ns=Odqcan6LaD3ISOJTjvEPiNEF&gir=yes&clen=17566067&dur=297.564&lmt=1591197187468362&mt=1609138367&fvip=5&keepalive=yes&c=WEB&txp=5531432&n=km_Lk6-IOdoz-F4G&sparams=expire%2Cei%2Cip%2Cid%2Caitags%2Csource%2Crequiressl%2Cvprv%2Cmime%2Cns%2Cgir%2Cclen%2Cdur%2Clmt&lsparams=mh%2Cmm%2Cmn%2Cms%2Cmv%2Cmvi%2Cpl%2Cinitcwndbps&lsig=AG3C_xAwRQIhAPC9RhAA9czsjdNahWd36ASOCIDcsbX2XqxmmHQJynuqAiAEDnkwzbvuP_wehpUPXFCfpe3MuzUGdDT9iifeF6gFrw%3D%3D&sig=AOq0QJ8wRAIgCUIaryArHt8foxxShaKmeYLLS3fpDAMh8Mi4jCcyPRgCIF1WJrLdcs5iErqHMTUbHKWur1QyzJQzH2XsnTi9p08E&ratebypass=yes", "player_url": "/s/player/5dd3f3b2/player_ias.vflset/en_US/base.js", "acodec": "none", "vcodec": "av01.0.04M.08", "asr": null, "filesize": 17566067, "format_note": "480p", "fps": 30, "height": 480, "tbr": 526.944, "width": 854, "ext": "mp4", "downloader_options": {"http_chunk_size": 10485760}, "format": "397 - 854x480 (480p)", "protocol": "https", "http_headers": {"User-Agent": "Mozilla/5.0 (Windows NT 10.0; Win64; x64) AppleWebKit/537.36 (KHTML, like Gecko) Chrome/72.0.3623.3 Safari/537.36", "Accept-Charset": "ISO-8859-1,utf-8;q=0.7,*;q=0.7", "Accept": "text/html,application/xhtml+xml,application/xml;q=0.9,*/*;q=0.8", "Accept-Encoding": "gzip, deflate", "Accept-Language": "en-us,en;q=0.5"}}, {"format_id": "244", "url": "https://r5---sn-5njj-u2xe.googlevideo.com/videoplayback?expire=1609160330&ei=KoLpX_v1CdHhgQOEnJuYCA&ip=140.109.135.76&id=o-AGWpHk3qs65s6wSKwMLCyDGI-7om0QqJWsSqV2b2h5Gg&itag=244&aitags=133%2C134%2C135%2C136%2C160%2C242%2C243%2C244%2C247%2C278%2C298%2C299%2C302%2C303%2C308%2C315%2C394%2C395%2C396%2C397%2C398%2C399&source=youtube&requiressl=yes&mh=Zv&mm=31%2C29&mn=sn-5njj-u2xe%2Csn-un57en7l&ms=au%2Crdu&mv=m&mvi=5&pl=16&initcwndbps=578750&vprv=1&mime=video%2Fwebm&ns=Odqcan6LaD3ISOJTjvEPiNEF&gir=yes&clen=20963943&dur=297.564&lmt=1590284313138951&mt=1609138367&fvip=5&keepalive=yes&c=WEB&txp=5532432&n=km_Lk6-IOdoz-F4G&sparams=expire%2Cei%2Cip%2Cid%2Caitags%2Csource%2Crequiressl%2Cvprv%2Cmime%2Cns%2Cgir%2Cclen%2Cdur%2Clmt&lsparams=mh%2Cmm%2Cmn%2Cms%2Cmv%2Cmvi%2Cpl%2Cinitcwndbps&lsig=AG3C_xAwRgIhAJ7AgZJGkhUziLEaegmsKSR3X6PnOE7fDLBp2mMDXru3AiEA4QQ9Y8-1UIHkqkezmfeyQxHFDUyaD11znoeV7hqEYyg%3D&sig=AOq0QJ8wRQIhAIOY2SQxfqT7DRr0mJPwCC0qXVuw0Ho323uYo4pb_hghAiBX9NpWGAKZxFRY8UcR4XNZszz7HJcI0HXACRCaV5RgUw==&ratebypass=yes", "player_url": "/s/player/5dd3f3b2/player_ias.vflset/en_US/base.js", "ext": "webm", "height": 480, "format_note": "480p", "vcodec": "vp9", "asr": null, "filesize": 20963943, "fps": 30, "tbr": 662.449, "width": 854, "acodec": "none", "downloader_options": {"http_chunk_size": 10485760}, "format": "244 - 854x480 (480p)", "protocol": "https", "http_headers": {"User-Agent": "Mozilla/5.0 (Windows NT 10.0; Win64; x64) AppleWebKit/537.36 (KHTML, like Gecko) Chrome/72.0.3623.3 Safari/537.36", "Accept-Charset": "ISO-8859-1,utf-8;q=0.7,*;q=0.7", "Accept": "text/html,application/xhtml+xml,application/xml;q=0.9,*/*;q=0.8", "Accept-Encoding": "gzip, deflate", "Accept-Language": "en-us,en;q=0.5"}}, {"format_id": "136", "url": "https://r5---sn-5njj-u2xe.googlevideo.com/videoplayback?expire=1609160330&ei=KoLpX_v1CdHhgQOEnJuYCA&ip=140.109.135.76&id=o-AGWpHk3qs65s6wSKwMLCyDGI-7om0QqJWsSqV2b2h5Gg&itag=136&aitags=133%2C134%2C135%2C136%2C160%2C242%2C243%2C244%2C247%2C278%2C298%2C299%2C302%2C303%2C308%2C315%2C394%2C395%2C396%2C397%2C398%2C399&source=youtube&requiressl=yes&mh=Zv&mm=31%2C29&mn=sn-5njj-u2xe%2Csn-un57en7l&ms=au%2Crdu&mv=m&mvi=5&pl=16&initcwndbps=578750&vprv=1&mime=video%2Fmp4&ns=Odqcan6LaD3ISOJTjvEPiNEF&gir=yes&clen=22322518&dur=297.564&lmt=1590283913178625&mt=1609138367&fvip=5&keepalive=yes&c=WEB&txp=5532432&n=km_Lk6-IOdoz-F4G&sparams=expire%2Cei%2Cip%2Cid%2Caitags%2Csource%2Crequiressl%2Cvprv%2Cmime%2Cns%2Cgir%2Cclen%2Cdur%2Clmt&lsparams=mh%2Cmm%2Cmn%2Cms%2Cmv%2Cmvi%2Cpl%2Cinitcwndbps&lsig=AG3C_xAwRQIgUgKvojXTGa3pFfRO9EswA2C2VwBYnteV5R8RdLJqtxICIQCh7hBiuDEMXrcskR7h8WkHXNguT1LQ1DygENyRBsMe3A%3D%3D&sig=AOq0QJ8wRQIhAODmZeNMVTCcMDlGASe6lLuKWnymQ3kJMT0Acns_K1X2AiBxWAYhdAyb2RjGbTe3XYleMa7utQZcf_-iQueYOkcwRA==&ratebypass=yes", "player_url": "/s/player/5dd3f3b2/player_ias.vflset/en_US/base.js", "ext": "mp4", "height": 720, "format_note": "720p", "vcodec": "avc1.4d401f", "asr": null, "filesize": 22322518, "fps": 30, "tbr": 1062.283, "width": 1280, "acodec": "none", "downloader_options": {"http_chunk_size": 10485760}, "format": "136 - 1280x720 (720p)", "protocol": "https", "http_headers": {"User-Agent": "Mozilla/5.0 (Windows NT 10.0; Win64; x64) AppleWebKit/537.36 (KHTML, like Gecko) Chrome/72.0.3623.3 Safari/537.36", "Accept-Charset": "ISO-8859-1,utf-8;q=0.7,*;q=0.7", "Accept": "text/html,application/xhtml+xml,application/xml;q=0.9,*/*;q=0.8", "Accept-Encoding": "gzip, deflate", "Accept-Language": "en-us,en;q=0.5"}}, {"format_id": "398", "url": "https://r5---sn-5njj-u2xe.googlevideo.com/videoplayback?expire=1609160330&ei=KoLpX_v1CdHhgQOEnJuYCA&ip=140.109.135.76&id=o-AGWpHk3qs65s6wSKwMLCyDGI-7om0QqJWsSqV2b2h5Gg&itag=398&aitags=133%2C134%2C135%2C136%2C160%2C242%2C243%2C244%2C247%2C278%2C298%2C299%2C302%2C303%2C308%2C315%2C394%2C395%2C396%2C397%2C398%2C399&source=youtube&requiressl=yes&mh=Zv&mm=31%2C29&mn=sn-5njj-u2xe%2Csn-un57en7l&ms=au%2Crdu&mv=m&mvi=5&pl=16&initcwndbps=578750&vprv=1&mime=video%2Fmp4&ns=Odqcan6LaD3ISOJTjvEPiNEF&gir=yes&clen=39853012&dur=297.580&lmt=1591198138007621&mt=1609138367&fvip=5&keepalive=yes&c=WEB&txp=5531432&n=km_Lk6-IOdoz-F4G&sparams=expire%2Cei%2Cip%2Cid%2Caitags%2Csource%2Crequiressl%2Cvprv%2Cmime%2Cns%2Cgir%2Cclen%2Cdur%2Clmt&lsparams=mh%2Cmm%2Cmn%2Cms%2Cmv%2Cmvi%2Cpl%2Cinitcwndbps&lsig=AG3C_xAwRQIhAMRlAx2ZstTLHS3KQ0y2DdyGolu_hFGq7P2Vw7YA8YiAAiBMwv-2uCnnULgiTYq4f9uEkriGUHy0DxiEQSslTd7PFg%3D%3D&sig=AOq0QJ8wRQIhANVw5TNdHssRhkTkSoG0ZLSsum5rBesU_GIlU-XoOdq5AiBexHh14U9sPXIRVEippCGXvkxod5wQeZkvai5stIhPsg==&ratebypass=yes", "player_url": "/s/player/5dd3f3b2/player_ias.vflset/en_US/base.js", "asr": null, "filesize": 39853012, "format_note": "720p60", "fps": 60, "height": 720, "tbr": 1118.512, "width": 1280, "ext": "mp4", "vcodec": "av01.0.08M.08", "acodec": "none", "downloader_options": {"http_chunk_size": 10485760}, "format": "398 - 1280x720 (720p60)", "protocol": "https", "http_headers": {"User-Agent": "Mozilla/5.0 (Windows NT 10.0; Win64; x64) AppleWebKit/537.36 (KHTML, like Gecko) Chrome/72.0.3623.3 Safari/537.36", "Accept-Charset": "ISO-8859-1,utf-8;q=0.7,*;q=0.7", "Accept": "text/html,application/xhtml+xml,application/xml;q=0.9,*/*;q=0.8", "Accept-Encoding": "gzip, deflate", "Accept-Language": "en-us,en;q=0.5"}}, {"format_id": "247", "url": "https://r5---sn-5njj-u2xe.googlevideo.com/videoplayback?expire=1609160330&ei=KoLpX_v1CdHhgQOEnJuYCA&ip=140.109.135.76&id=o-AGWpHk3qs65s6wSKwMLCyDGI-7om0QqJWsSqV2b2h5Gg&itag=247&aitags=133%2C134%2C135%2C136%2C160%2C242%2C243%2C244%2C247%2C278%2C298%2C299%2C302%2C303%2C308%2C315%2C394%2C395%2C396%2C397%2C398%2C399&source=youtube&requiressl=yes&mh=Zv&mm=31%2C29&mn=sn-5njj-u2xe%2Csn-un57en7l&ms=au%2Crdu&mv=m&mvi=5&pl=16&initcwndbps=578750&vprv=1&mime=video%2Fwebm&ns=Odqcan6LaD3ISOJTjvEPiNEF&gir=yes&clen=43068992&dur=297.564&lmt=1590284313134103&mt=1609138367&fvip=5&keepalive=yes&c=WEB&txp=5532432&n=km_Lk6-IOdoz-F4G&sparams=expire%2Cei%2Cip%2Cid%2Caitags%2Csource%2Crequiressl%2Cvprv%2Cmime%2Cns%2Cgir%2Cclen%2Cdur%2Clmt&lsparams=mh%2Cmm%2Cmn%2Cms%2Cmv%2Cmvi%2Cpl%2Cinitcwndbps&lsig=AG3C_xAwRQIgR2n2qwxS4sPC1m6E7F-KYit762De2VDn3BzMKkRkOykCIQDAq8_Rf9V2-Ey-lrWX8XMG8HJdG6z7K9GjkdQVWAOjxA%3D%3D&sig=AOq0QJ8wRgIhAOR-lxupNB6uHRoW91HSLNGoP1QiPjajKwvIbgMCz3nPAiEA0HBVaHmNZEDaVRK9lblJFDhH3_Rycb7AezvznGbJDdw=&ratebypass=yes", "player_url": "/s/player/5dd3f3b2/player_ias.vflset/en_US/base.js", "ext": "webm", "height": 720, "format_note": "720p", "vcodec": "vp9", "asr": null, "filesize": 43068992, "fps": 30, "tbr": 1359.736, "width": 1280, "acodec": "none", "downloader_options": {"http_chunk_size": 10485760}, "format": "247 - 1280x720 (720p)", "protocol": "https", "http_headers": {"User-Agent": "Mozilla/5.0 (Windows NT 10.0; Win64; x64) AppleWebKit/537.36 (KHTML, like Gecko) Chrome/72.0.3623.3 Safari/537.36", "Accept-Charset": "ISO-8859-1,utf-8;q=0.7,*;q=0.7", "Accept": "text/html,application/xhtml+xml,application/xml;q=0.9,*/*;q=0.8", "Accept-Encoding": "gzip, deflate", "Accept-Language": "en-us,en;q=0.5"}}, {"format_id": "399", "url": "https://r5---sn-5njj-u2xe.googlevideo.com/videoplayback?expire=1609160330&ei=KoLpX_v1CdHhgQOEnJuYCA&ip=140.109.135.76&id=o-AGWpHk3qs65s6wSKwMLCyDGI-7om0QqJWsSqV2b2h5Gg&itag=399&aitags=133%2C134%2C135%2C136%2C160%2C242%2C243%2C244%2C247%2C278%2C298%2C299%2C302%2C303%2C308%2C315%2C394%2C395%2C396%2C397%2C398%2C399&source=youtube&requiressl=yes&mh=Zv&mm=31%2C29&mn=sn-5njj-u2xe%2Csn-un57en7l&ms=au%2Crdu&mv=m&mvi=5&pl=16&initcwndbps=578750&vprv=1&mime=video%2Fmp4&ns=Odqcan6LaD3ISOJTjvEPiNEF&gir=yes&clen=71568566&dur=297.580&lmt=1591199365792673&mt=1609138367&fvip=5&keepalive=yes&c=WEB&txp=5531432&n=km_Lk6-IOdoz-F4G&sparams=expire%2Cei%2Cip%2Cid%2Caitags%2Csource%2Crequiressl%2Cvprv%2Cmime%2Cns%2Cgir%2Cclen%2Cdur%2Clmt&lsparams=mh%2Cmm%2Cmn%2Cms%2Cmv%2Cmvi%2Cpl%2Cinitcwndbps&lsig=AG3C_xAwRQIgYoF_jotS1HG8lEJK4YN7Kn7O4xGdAJgKwgcBzgEkNOQCIQDchzIQYIkInLPjxLkZ_CuI9GVlMRUdzxIXCp_708-Cwg%3D%3D&sig=AOq0QJ8wRQIhAIpOWyU7NY2AeWyAM9qXzFH1CJ_LhEVqC2Hg4vfhqa1TAiBLRRkQn1pUmTgLX8Rcv5fxtY4YzaVE1-fMYDP1viOOCw==&ratebypass=yes", "player_url": "/s/player/5dd3f3b2/player_ias.vflset/en_US/base.js", "asr": null, "filesize": 71568566, "format_note": "1080p60", "fps": 60, "height": 1080, "tbr": 1990.829, "width": 1920, "ext": "mp4", "vcodec": "av01.0.09M.08", "acodec": "none", "downloader_options": {"http_chunk_size": 10485760}, "format": "399 - 1920x1080 (1080p60)", "protocol": "https", "http_headers": {"User-Agent": "Mozilla/5.0 (Windows NT 10.0; Win64; x64) AppleWebKit/537.36 (KHTML, like Gecko) Chrome/72.0.3623.3 Safari/537.36", "Accept-Charset": "ISO-8859-1,utf-8;q=0.7,*;q=0.7", "Accept": "text/html,application/xhtml+xml,application/xml;q=0.9,*/*;q=0.8", "Accept-Encoding": "gzip, deflate", "Accept-Language": "en-us,en;q=0.5"}}, {"format_id": "302", "url": "https://r5---sn-5njj-u2xe.googlevideo.com/videoplayback?expire=1609160330&ei=KoLpX_v1CdHhgQOEnJuYCA&ip=140.109.135.76&id=o-AGWpHk3qs65s6wSKwMLCyDGI-7om0QqJWsSqV2b2h5Gg&itag=302&aitags=133%2C134%2C135%2C136%2C160%2C242%2C243%2C244%2C247%2C278%2C298%2C299%2C302%2C303%2C308%2C315%2C394%2C395%2C396%2C397%2C398%2C399&source=youtube&requiressl=yes&mh=Zv&mm=31%2C29&mn=sn-5njj-u2xe%2Csn-un57en7l&ms=au%2Crdu&mv=m&mvi=5&pl=16&initcwndbps=578750&vprv=1&mime=video%2Fwebm&ns=Odqcan6LaD3ISOJTjvEPiNEF&gir=yes&clen=67599991&dur=297.580&lmt=1590284295451842&mt=1609138367&fvip=5&keepalive=yes&c=WEB&txp=5532432&n=km_Lk6-IOdoz-F4G&sparams=expire%2Cei%2Cip%2Cid%2Caitags%2Csource%2Crequiressl%2Cvprv%2Cmime%2Cns%2Cgir%2Cclen%2Cdur%2Clmt&lsparams=mh%2Cmm%2Cmn%2Cms%2Cmv%2Cmvi%2Cpl%2Cinitcwndbps&lsig=AG3C_xAwRQIhAN4bZ4nQ1G8XeBKPjtDLOlIaStIXBFYBP143hygL_U3sAiBXSp4SvDYX5TYmNZlHOy5zMtq5Gkmt8JRqDpzK_1eNSg%3D%3D&sig=AOq0QJ8wRQIhAMMp0PtfAvXdIEeAEuYcIXsHZjCWTUufaR0V6h43wdy9AiAmRAjngPPe32ypuAPU8iPRT8XgJYDGiakWBZ-qnH6DFg==&ratebypass=yes", "player_url": "/s/player/5dd3f3b2/player_ias.vflset/en_US/base.js", "ext": "webm", "height": 720, "format_note": "720p60", "vcodec": "vp9", "fps": 60, "asr": null, "filesize": 67599991, "tbr": 2226.369, "width": 1280, "acodec": "none", "downloader_options": {"http_chunk_size": 10485760}, "format": "302 - 1280x720 (720p60)", "protocol": "https", "http_headers": {"User-Agent": "Mozilla/5.0 (Windows NT 10.0; Win64; x64) AppleWebKit/537.36 (KHTML, like Gecko) Chrome/72.0.3623.3 Safari/537.36", "Accept-Charset": "ISO-8859-1,utf-8;q=0.7,*;q=0.7", "Accept": "text/html,application/xhtml+xml,application/xml;q=0.9,*/*;q=0.8", "Accept-Encoding": "gzip, deflate", "Accept-Language": "en-us,en;q=0.5"}}, {"format_id": "298", "url": "https://r5---sn-5njj-u2xe.googlevideo.com/videoplayback?expire=1609160330&ei=KoLpX_v1CdHhgQOEnJuYCA&ip=140.109.135.76&id=o-AGWpHk3qs65s6wSKwMLCyDGI-7om0QqJWsSqV2b2h5Gg&itag=298&aitags=133%2C134%2C135%2C136%2C160%2C242%2C243%2C244%2C247%2C278%2C298%2C299%2C302%2C303%2C308%2C315%2C394%2C395%2C396%2C397%2C398%2C399&source=youtube&requiressl=yes&mh=Zv&mm=31%2C29&mn=sn-5njj-u2xe%2Csn-un57en7l&ms=au%2Crdu&mv=m&mvi=5&pl=16&initcwndbps=578750&vprv=1&mime=video%2Fmp4&ns=Odqcan6LaD3ISOJTjvEPiNEF&gir=yes&clen=67103430&dur=297.580&lmt=1590283712861766&mt=1609138367&fvip=5&keepalive=yes&c=WEB&txp=5532432&n=km_Lk6-IOdoz-F4G&sparams=expire%2Cei%2Cip%2Cid%2Caitags%2Csource%2Crequiressl%2Cvprv%2Cmime%2Cns%2Cgir%2Cclen%2Cdur%2Clmt&lsparams=mh%2Cmm%2Cmn%2Cms%2Cmv%2Cmvi%2Cpl%2Cinitcwndbps&lsig=AG3C_xAwRQIgZ7PXJfXwUpS5DreXU-4dXqMaVWTuBw_qTjsuHsdz67ECIQDX5Owtxg769cv1Z6xDUJi-ZtiJH1yQPvhSUmNyZXjrKw%3D%3D&sig=AOq0QJ8wRQIgcd0puaiOGLaVxJ69e9EJEBrWVF9ottZJjr7ax4THVdwCIQC20HVqQqD2rNm8tIi4Ru7eTx6nG2xhGYkQnRUsyIONCA==&ratebypass=yes", "player_url": "/s/player/5dd3f3b2/player_ias.vflset/en_US/base.js", "ext": "mp4", "height": 720, "format_note": "720p60", "vcodec": "avc1.4d4020", "fps": 60, "asr": null, "filesize": 67103430, "tbr": 2622.4, "width": 1280, "acodec": "none", "downloader_options": {"http_chunk_size": 10485760}, "format": "298 - 1280x720 (720p60)", "protocol": "https", "http_headers": {"User-Agent": "Mozilla/5.0 (Windows NT 10.0; Win64; x64) AppleWebKit/537.36 (KHTML, like Gecko) Chrome/72.0.3623.3 Safari/537.36", "Accept-Charset": "ISO-8859-1,utf-8;q=0.7,*;q=0.7", "Accept": "text/html,application/xhtml+xml,application/xml;q=0.9,*/*;q=0.8", "Accept-Encoding": "gzip, deflate", "Accept-Language": "en-us,en;q=0.5"}}, {"format_id": "303", "url": "https://r5---sn-5njj-u2xe.googlevideo.com/videoplayback?expire=1609160330&ei=KoLpX_v1CdHhgQOEnJuYCA&ip=140.109.135.76&id=o-AGWpHk3qs65s6wSKwMLCyDGI-7om0QqJWsSqV2b2h5Gg&itag=303&aitags=133%2C134%2C135%2C136%2C160%2C242%2C243%2C244%2C247%2C278%2C298%2C299%2C302%2C303%2C308%2C315%2C394%2C395%2C396%2C397%2C398%2C399&source=youtube&requiressl=yes&mh=Zv&mm=31%2C29&mn=sn-5njj-u2xe%2Csn-un57en7l&ms=au%2Crdu&mv=m&mvi=5&pl=16&initcwndbps=578750&vprv=1&mime=video%2Fwebm&ns=Odqcan6LaD3ISOJTjvEPiNEF&gir=yes&clen=142472057&dur=297.580&lmt=1590284386739707&mt=1609138367&fvip=5&keepalive=yes&c=WEB&txp=5532432&n=km_Lk6-IOdoz-F4G&sparams=expire%2Cei%2Cip%2Cid%2Caitags%2Csource%2Crequiressl%2Cvprv%2Cmime%2Cns%2Cgir%2Cclen%2Cdur%2Clmt&lsparams=mh%2Cmm%2Cmn%2Cms%2Cmv%2Cmvi%2Cpl%2Cinitcwndbps&lsig=AG3C_xAwRgIhAP8m72apXDsrQK09eZ-BJshrvVooW-Pj4TbQJ0LeWBD4AiEAyhdENIRFE2CTUwT2pFKHnv0Vv3-wpjlP7mIXVTXyYuc%3D&sig=AOq0QJ8wRAIgLRrKpYh84dM8iIB0UtyRLcVrzduQRaQiTHs8421oyEQCIAufm4DSIeOEDzffKvddf49cuZCq67WIDUSLz58rV7yk&ratebypass=yes", "player_url": "/s/player/5dd3f3b2/player_ias.vflset/en_US/base.js", "ext": "webm", "height": 1080, "format_note": "1080p60", "vcodec": "vp9", "fps": 60, "asr": null, "filesize": 142472057, "tbr": 4201.353, "width": 1920, "acodec": "none", "downloader_options": {"http_chunk_size": 10485760}, "format": "303 - 1920x1080 (1080p60)", "protocol": "https", "http_headers": {"User-Agent": "Mozilla/5.0 (Windows NT 10.0; Win64; x64) AppleWebKit/537.36 (KHTML, like Gecko) Chrome/72.0.3623.3 Safari/537.36", "Accept-Charset": "ISO-8859-1,utf-8;q=0.7,*;q=0.7", "Accept": "text/html,application/xhtml+xml,application/xml;q=0.9,*/*;q=0.8", "Accept-Encoding": "gzip, deflate", "Accept-Language": "en-us,en;q=0.5"}}, {"format_id": "299", "url": "https://r5---sn-5njj-u2xe.googlevideo.com/videoplayback?expire=1609160330&ei=KoLpX_v1CdHhgQOEnJuYCA&ip=140.109.135.76&id=o-AGWpHk3qs65s6wSKwMLCyDGI-7om0QqJWsSqV2b2h5Gg&itag=299&aitags=133%2C134%2C135%2C136%2C160%2C242%2C243%2C244%2C247%2C278%2C298%2C299%2C302%2C303%2C308%2C315%2C394%2C395%2C396%2C397%2C398%2C399&source=youtube&requiressl=yes&mh=Zv&mm=31%2C29&mn=sn-5njj-u2xe%2Csn-un57en7l&ms=au%2Crdu&mv=m&mvi=5&pl=16&initcwndbps=578750&vprv=1&mime=video%2Fmp4&ns=Odqcan6LaD3ISOJTjvEPiNEF&gir=yes&clen=148454181&dur=297.580&lmt=1590284208068194&mt=1609138367&fvip=5&keepalive=yes&c=WEB&txp=5532432&n=km_Lk6-IOdoz-F4G&sparams=expire%2Cei%2Cip%2Cid%2Caitags%2Csource%2Crequiressl%2Cvprv%2Cmime%2Cns%2Cgir%2Cclen%2Cdur%2Clmt&lsparams=mh%2Cmm%2Cmn%2Cms%2Cmv%2Cmvi%2Cpl%2Cinitcwndbps&lsig=AG3C_xAwRQIhAK3-m8DXQLYktL61x3aLjJwdfwyb28SVBAzx-u9T4RVJAiArQVQMQroZSAzOQ202-ARcZsnC0pDE6N14u3zaS0oMPA%3D%3D&sig=AOq0QJ8wRQIga-ZucUoLMRk43jp27YsVn4uD9hw6IgVNZ30NfbTgeMcCIQDTe4iGrfAYb0kBD9XvaT_It_05jZnuI0xtXaJIa0DqKg==&ratebypass=yes", "player_url": "/s/player/5dd3f3b2/player_ias.vflset/en_US/base.js", "ext": "mp4", "height": 1080, "format_note": "1080p60", "vcodec": "avc1.64002a", "fps": 60, "asr": null, "filesize": 148454181, "tbr": 5523.706, "width": 1920, "acodec": "none", "downloader_options": {"http_chunk_size": 10485760}, "format": "299 - 1920x1080 (1080p60)", "protocol": "https", "http_headers": {"User-Agent": "Mozilla/5.0 (Windows NT 10.0; Win64; x64) AppleWebKit/537.36 (KHTML, like Gecko) Chrome/72.0.3623.3 Safari/537.36", "Accept-Charset": "ISO-8859-1,utf-8;q=0.7,*;q=0.7", "Accept": "text/html,application/xhtml+xml,application/xml;q=0.9,*/*;q=0.8", "Accept-Encoding": "gzip, deflate", "Accept-Language": "en-us,en;q=0.5"}}, {"format_id": "308", "url": "https://r5---sn-5njj-u2xe.googlevideo.com/videoplayback?expire=1609160330&ei=KoLpX_v1CdHhgQOEnJuYCA&ip=140.109.135.76&id=o-AGWpHk3qs65s6wSKwMLCyDGI-7om0QqJWsSqV2b2h5Gg&itag=308&aitags=133%2C134%2C135%2C136%2C160%2C242%2C243%2C244%2C247%2C278%2C298%2C299%2C302%2C303%2C308%2C315%2C394%2C395%2C396%2C397%2C398%2C399&source=youtube&requiressl=yes&mh=Zv&mm=31%2C29&mn=sn-5njj-u2xe%2Csn-un57en7l&ms=au%2Crdu&mv=m&mvi=5&pl=16&initcwndbps=578750&vprv=1&mime=video%2Fwebm&ns=Odqcan6LaD3ISOJTjvEPiNEF&gir=yes&clen=463064148&dur=297.580&lmt=1590285038991923&mt=1609138367&fvip=5&keepalive=yes&c=WEB&txp=5532432&n=km_Lk6-IOdoz-F4G&sparams=expire%2Cei%2Cip%2Cid%2Caitags%2Csource%2Crequiressl%2Cvprv%2Cmime%2Cns%2Cgir%2Cclen%2Cdur%2Clmt&lsparams=mh%2Cmm%2Cmn%2Cms%2Cmv%2Cmvi%2Cpl%2Cinitcwndbps&lsig=AG3C_xAwRQIhAN94n8-vPdfZDkKB3t94xT5_4VMKNELsa7D0PGAAcy43AiAxyHKq5u7WqL-5CQDItXzdssMtLeWj-srL1KSLCbwdCQ%3D%3D&sig=AOq0QJ8wRgIhANB78EaJinQ3m82uchzAJfjdz1GOhG_Ng0bci1R2YhdFAiEAoTRrhpXB16TRYCE_gqwHEXQcX2jkVExPic9xB9pzWB0=&ratebypass=yes", "player_url": "/s/player/5dd3f3b2/player_ias.vflset/en_US/base.js", "ext": "webm", "height": 1440, "format_note": "1440p60", "vcodec": "vp9", "fps": 60, "asr": null, "filesize": 463064148, "tbr": 13037.422, "width": 2560, "acodec": "none", "downloader_options": {"http_chunk_size": 10485760}, "format": "308 - 2560x1440 (1440p60)", "protocol": "https", "http_headers": {"User-Agent": "Mozilla/5.0 (Windows NT 10.0; Win64; x64) AppleWebKit/537.36 (KHTML, like Gecko) Chrome/72.0.3623.3 Safari/537.36", "Accept-Charset": "ISO-8859-1,utf-8;q=0.7,*;q=0.7", "Accept": "text/html,application/xhtml+xml,application/xml;q=0.9,*/*;q=0.8", "Accept-Encoding": "gzip, deflate", "Accept-Language": "en-us,en;q=0.5"}}, {"format_id": "315", "url": "https://r5---sn-5njj-u2xe.googlevideo.com/videoplayback?expire=1609160330&ei=KoLpX_v1CdHhgQOEnJuYCA&ip=140.109.135.76&id=o-AGWpHk3qs65s6wSKwMLCyDGI-7om0QqJWsSqV2b2h5Gg&itag=315&aitags=133%2C134%2C135%2C136%2C160%2C242%2C243%2C244%2C247%2C278%2C298%2C299%2C302%2C303%2C308%2C315%2C394%2C395%2C396%2C397%2C398%2C399&source=youtube&requiressl=yes&mh=Zv&mm=31%2C29&mn=sn-5njj-u2xe%2Csn-un57en7l&ms=au%2Crdu&mv=m&mvi=5&pl=16&initcwndbps=578750&vprv=1&mime=video%2Fwebm&ns=Odqcan6LaD3ISOJTjvEPiNEF&gir=yes&clen=976883371&dur=297.580&lmt=1590286587434522&mt=1609138367&fvip=5&keepalive=yes&c=WEB&txp=5532432&n=km_Lk6-IOdoz-F4G&sparams=expire%2Cei%2Cip%2Cid%2Caitags%2Csource%2Crequiressl%2Cvprv%2Cmime%2Cns%2Cgir%2Cclen%2Cdur%2Clmt&lsparams=mh%2Cmm%2Cmn%2Cms%2Cmv%2Cmvi%2Cpl%2Cinitcwndbps&lsig=AG3C_xAwRQIhAMs2MubfGGHskNSuAsWOHoCXx2T_CEq4yL0zyukuChUDAiBGM5zyNjLv7E2WVOVB6yrBuUHNlLbEq_pScsot2qmyUw%3D%3D&sig=AOq0QJ8wRQIgd7IOe-ukIBgSIRa6pP_zHYyptsTbOzjTkOamXISukokCIQCOWbwheH4ddjS3CWlz9pCz9mZakWjzQI4hIIzbzavlSw==&ratebypass=yes", "player_url": "/s/player/5dd3f3b2/player_ias.vflset/en_US/base.js", "ext": "webm", "height": 2160, "format_note": "2160p60", "vcodec": "vp9", "fps": 60, "asr": null, "filesize": 976883371, "tbr": 26512.28, "width": 3840, "acodec": "none", "downloader_options": {"http_chunk_size": 10485760}, "format": "315 - 3840x2160 (2160p60)", "protocol": "https", "http_headers": {"User-Agent": "Mozilla/5.0 (Windows NT 10.0; Win64; x64) AppleWebKit/537.36 (KHTML, like Gecko) Chrome/72.0.3623.3 Safari/537.36", "Accept-Charset": "ISO-8859-1,utf-8;q=0.7,*;q=0.7", "Accept": "text/html,application/xhtml+xml,application/xml;q=0.9,*/*;q=0.8", "Accept-Encoding": "gzip, deflate", "Accept-Language": "en-us,en;q=0.5"}}, {"format_id": "18", "url": "https://r5---sn-5njj-u2xe.googlevideo.com/videoplayback?expire=1609160330&ei=KoLpX_v1CdHhgQOEnJuYCA&ip=140.109.135.76&id=o-AGWpHk3qs65s6wSKwMLCyDGI-7om0QqJWsSqV2b2h5Gg&itag=18&source=youtube&requiressl=yes&mh=Zv&mm=31%2C29&mn=sn-5njj-u2xe%2Csn-un57en7l&ms=au%2Crdu&mv=m&mvi=5&pl=16&initcwndbps=578750&vprv=1&mime=video%2Fmp4&ns=vGb4pmgpipODQVHEXAbyeZYF&gir=yes&clen=22246686&ratebypass=yes&dur=297.656&lmt=1590283624510249&mt=1609138367&fvip=5&c=WEB&txp=5531432&n=e6Ul0d4b63YmaNbk&sparams=expire%2Cei%2Cip%2Cid%2Citag%2Csource%2Crequiressl%2Cvprv%2Cmime%2Cns%2Cgir%2Cclen%2Cratebypass%2Cdur%2Clmt&lsparams=mh%2Cmm%2Cmn%2Cms%2Cmv%2Cmvi%2Cpl%2Cinitcwndbps&lsig=AG3C_xAwRQIgG0txT8O-WiVqEf-jA4M24fYsvk71IEz4OV62upvrY9sCIQC2c8tfdaHJCTDUTQYQwK0-SZfeiHOfSzeSbc_2EV-MHg%3D%3D&sig=AOq0QJ8wRgIhAN2F6QkwPpUC5Gl4ws8kLcTKMPBpVsODgbfXQ6t6Y_DWAiEA0HbFtL-Ty4i75TRfQSVGJ8xpVIhwq7wrJZraet222G0=", "player_url": "/s/player/5dd3f3b2/player_ias.vflset/en_US/base.js", "ext": "mp4", "width": 640, "height": 360, "acodec": "mp4a.40.2", "abr": 96, "vcodec": "avc1.42001E", "asr": 44100, "filesize": 22246686, "format_note": "360p", "fps": 30, "tbr": 598.103, "format": "18 - 640x360 (360p)", "protocol": "https", "http_headers": {"User-Agent": "Mozilla/5.0 (Windows NT 10.0; Win64; x64) AppleWebKit/537.36 (KHTML, like Gecko) Chrome/72.0.3623.3 Safari/537.36", "Accept-Charset": "ISO-8859-1,utf-8;q=0.7,*;q=0.7", "Accept": "text/html,application/xhtml+xml,application/xml;q=0.9,*/*;q=0.8", "Accept-Encoding": "gzip, deflate", "Accept-Language": "en-us,en;q=0.5"}}], "is_live": null, "start_time": null, "end_time": null, "series": null, "season_number": null, "episode_number": null, "track": null, "artist": null, "album": null, "release_date": null, "release_year": null, "extractor": "youtube", "webpage_url_basename": "watch", "extractor_key": "Youtube", "playlist": null, "playlist_index": null, "thumbnail": "https://i.ytimg.com/vi_webp/aYe-2Glruu4/maxresdefault.webp", "display_id": "aYe-2Glruu4", "requested_subtitles": null, "format_id": "251", "url": "https://r5---sn-5njj-u2xe.googlevideo.com/videoplayback?expire=1609160330&ei=KoLpX_v1CdHhgQOEnJuYCA&ip=140.109.135.76&id=o-AGWpHk3qs65s6wSKwMLCyDGI-7om0QqJWsSqV2b2h5Gg&itag=251&source=youtube&requiressl=yes&mh=Zv&mm=31%2C29&mn=sn-5njj-u2xe%2Csn-un57en7l&ms=au%2Crdu&mv=m&mvi=5&pl=16&initcwndbps=578750&vprv=1&mime=audio%2Fwebm&ns=Odqcan6LaD3ISOJTjvEPiNEF&gir=yes&clen=5455725&dur=297.621&lmt=1590283575424798&mt=1609138367&fvip=5&keepalive=yes&c=WEB&txp=5531432&n=km_Lk6-IOdoz-F4G&sparams=expire%2Cei%2Cip%2Cid%2Citag%2Csource%2Crequiressl%2Cvprv%2Cmime%2Cns%2Cgir%2Cclen%2Cdur%2Clmt&lsparams=mh%2Cmm%2Cmn%2Cms%2Cmv%2Cmvi%2Cpl%2Cinitcwndbps&lsig=AG3C_xAwRAIgFu7BCYTWewGXDfpeyaGrgBUZBPsMpvXYfDoeSgH3vjgCIBImVWatSc3r0C89h_M0jRqbkYGk2K9L0aFK4imv1IJW&sig=AOq0QJ8wRQIgTggeLkqqbaMxgb9mwwzaDpXxaLnWeqcFLZn61AQLywcCIQDih5F3Gs3m05kWXw259PXGyOU9m0uK_d7sMKsWnPKTJw==&ratebypass=yes", "player_url": "/s/player/5dd3f3b2/player_ias.vflset/en_US/base.js", "ext": "webm", "format_note": "tiny", "acodec": "opus", "abr": 160, "asr": 48000, "filesize": 5455725, "fps": null, "height": null, "tbr": 158.653, "width": null, "vcodec": "none", "downloader_options": {"http_chunk_size": 10485760}, "format": "251 - audio only (tiny)", "protocol": "https", "http_headers": {"User-Agent": "Mozilla/5.0 (Windows NT 10.0; Win64; x64) AppleWebKit/537.36 (KHTML, like Gecko) Chrome/72.0.3623.3 Safari/537.36", "Accept-Charset": "ISO-8859-1,utf-8;q=0.7,*;q=0.7", "Accept": "text/html,application/xhtml+xml,application/xml;q=0.9,*/*;q=0.8", "Accept-Encoding": "gzip, deflate", "Accept-Language": "en-us,en;q=0.5"}}