{"id": "BGf5nCdzPOc", "uploader": "Eugenia YY", "uploader_id": "UC9GwcITR26_emtpf_jsKLGw", "uploader_url": "http://www.youtube.com/channel/UC9GwcITR26_emtpf_jsKLGw", "channel_id": "UC9GwcITR26_emtpf_jsKLGw", "channel_url": "http://www.youtube.com/channel/UC9GwcITR26_emtpf_jsKLGw", "upload_date": "20190531", "license": null, "creator": null, "title": "\u7ffb\u8f6c\u5730\u7403 Change the world \uff08piano cover by Eugenia\uff09", "alt_title": null, "thumbnails": [{"url": "https://i.ytimg.com/vi/BGf5nCdzPOc/hqdefault.jpg?sqp=-oaymwEYCKgBEF5IVfKriqkDCwgBFQAAiEIYAXAB&rs=AOn4CLBTwOIWjU6MqjcEBPTp7CxhQ1P1sQ", "width": 168, "height": 94, "resolution": "168x94", "id": "0"}, {"url": "https://i.ytimg.com/vi/BGf5nCdzPOc/hqdefault.jpg?sqp=-oaymwEYCMQBEG5IVfKriqkDCwgBFQAAiEIYAXAB&rs=AOn4CLCjVy7fcmQlTmzu7XGVk9nQEOBjaQ", "width": 196, "height": 110, "resolution": "196x110", "id": "1"}, {"url": "https://i.ytimg.com/vi/BGf5nCdzPOc/hqdefault.jpg?sqp=-oaymwEZCPYBEIoBSFXyq4qpAwsIARUAAIhCGAFwAQ==&rs=AOn4CLDuk8yPUVViWM0c2Ad6yPI-FEhYRQ", "width": 246, "height": 138, "resolution": "246x138", "id": "2"}, {"url": "https://i.ytimg.com/vi/BGf5nCdzPOc/hqdefault.jpg?sqp=-oaymwEZCNACELwBSFXyq4qpAwsIARUAAIhCGAFwAQ==&rs=AOn4CLCPoN6YFVl9_2ZU1pJJ_P6EB4kn8g", "width": 336, "height": 188, "resolution": "336x188", "id": "3"}, {"url": "https://i.ytimg.com/vi_webp/BGf5nCdzPOc/maxresdefault.webp", "width": 1920, "height": 1080, "resolution": "1920x1080", "id": "4"}], "description": "\u5e0c\u671b\u5927\u5bb6\u591a\u591a\u652f\u6301\u2764\u2764\u2764", "categories": ["People & Blogs"], "tags": null, "subtitles": {}, "automatic_captions": {}, "duration": 101, "age_limit": 0, "annotations": null, "chapters": null, "webpage_url": "https://www.youtube.com/watch?v=BGf5nCdzPOc", "view_count": 126, "like_count": 11, "dislike_count": null, "average_rating": 5.0, "formats": [{"ext": "m4a", "format_note": "DASH audio", "acodec": "mp4a.40.5", "abr": 48, "container": "m4a_dash", "format_id": "139", "manifest_url": "https://manifest.googlevideo.com/api/manifest/dash/expire/1609068886/ei/9hzoX-SMHMnAgAPXzarwDQ/ip/140.109.135.76/id/0467f99c27733ce7/source/youtube/requiressl/yes/playback_host/r6---sn-5njj-u2xl.googlevideo.com/mh/Tl/mm/31%2C29/mn/sn-5njj-u2xl%2Csn-un57sn76/ms/au%2Crdu/mv/m/mvi/6/pl/16/tx/23975651/txs/23975649%2C23975650%2C23975651%2C23975652%2C23975653%2C23975654/hfr/all/as/fmp4_audio_clear%2Cwebm_audio_clear%2Cwebm2_audio_clear%2Cfmp4_sd_hd_clear%2Cwebm2_sd_hd_clear/initcwndbps/640000/vprv/1/mt/1609046913/fvip/6/keepalive/yes/itag/0/sparams/expire%2Cei%2Cip%2Cid%2Csource%2Crequiressl%2Ctx%2Ctxs%2Chfr%2Cas%2Cvprv%2Citag/sig/AOq0QJ8wRQIgf1uZvHBo1DS_gCzPaiIOLgwuPUKH4jYHL0SkclvX-Y0CIQDx8qiy5EO-Pmew5ljTv5gTxyiT-jZIG7nMEtvaQinncg%3D%3D/lsparams/playback_host%2Cmh%2Cmm%2Cmn%2Cms%2Cmv%2Cmvi%2Cpl%2Cinitcwndbps/lsig/AG3C_xAwRgIhAO_Wbu4ZpmsCP7aBHbYIFTu_mtvcgSyArcY4SNM0kp6_AiEA9fkc_uFDU-Qr-SpVRL9DVLUpoe00fCMvyxcPYU3MszA%3D", "width": null, "height": null, "tbr": 49.869, "asr": 22050, "fps": null, "language": null, "filesize": null, "vcodec": "none", "url": "https://manifest.googlevideo.com/api/manifest/dash/expire/1609068886/ei/9hzoX-SMHMnAgAPXzarwDQ/ip/140.109.135.76/id/0467f99c27733ce7/source/youtube/requiressl/yes/playback_host/r6---sn-5njj-u2xl.googlevideo.com/mh/Tl/mm/31%2C29/mn/sn-5njj-u2xl%2Csn-un57sn76/ms/au%2Crdu/mv/m/mvi/6/pl/16/tx/23975651/txs/23975649%2C23975650%2C23975651%2C23975652%2C23975653%2C23975654/hfr/all/as/fmp4_audio_clear%2Cwebm_audio_clear%2Cwebm2_audio_clear%2Cfmp4_sd_hd_clear%2Cwebm2_sd_hd_clear/initcwndbps/640000/vprv/1/mt/1609046913/fvip/6/keepalive/yes/itag/0/sparams/expire%2Cei%2Cip%2Cid%2Csource%2Crequiressl%2Ctx%2Ctxs%2Chfr%2Cas%2Cvprv%2Citag/sig/AOq0QJ8wRQIgf1uZvHBo1DS_gCzPaiIOLgwuPUKH4jYHL0SkclvX-Y0CIQDx8qiy5EO-Pmew5ljTv5gTxyiT-jZIG7nMEtvaQinncg%3D%3D/lsparams/playback_host%2Cmh%2Cmm%2Cmn%2Cms%2Cmv%2Cmvi%2Cpl%2Cinitcwndbps/lsig/AG3C_xAwRgIhAO_Wbu4ZpmsCP7aBHbYIFTu_mtvcgSyArcY4SNM0kp6_AiEA9fkc_uFDU-Qr-SpVRL9DVLUpoe00fCMvyxcPYU3MszA%3D", "fragment_base_url": "https://r6---sn-5njj-u2xl.googlevideo.com/videoplayback/expire/1609068886/ei/9hzoX-SMHMnAgAPXzarwDQ/ip/140.109.135.76/id/0467f99c27733ce7/itag/139/source/youtube/requiressl/yes/mh/Tl/mm/31,29/mn/sn-5njj-u2xl,sn-un57sn76/ms/au,rdu/mv/m/mvi/6/pl/16/initcwndbps/640000/vprv/1/ratebypass/yes/mime/audio%2Fmp4/otfp/1/gir/yes/clen/619705/lmt/1559305843948552/dur/101.471/mt/1609046913/fvip/6/keepalive/yes/sparams/expire,ei,ip,id,itag,source,requiressl,vprv,ratebypass,mime,otfp,gir,clen,lmt,dur/sig/AOq0QJ8wRQIhAJgaK9OPpfxA3hyKXnoa6mgKL6vuSi3X5IOBylELqQfUAiAtzEN_aYaQfFL7Ol0UFJlWw-Wr1iHdMBQYz02hiJ9lRw%3D%3D/lsparams/mh,mm,mn,ms,mv,mvi,pl,initcwndbps/lsig/AG3C_xAwRQIgVJ8b46MYo7Dw45qaFBBBvyszmq_l4ualW1UPFDChmlgCIQDjl-UDQDXSn5TyziDDzrCeL7YqmgJeb0_qqdxdLPK8cw%3D%3D/", "fragments": [{"path": "range/0-664"}, {"path": "range/829-62242", "duration": 9.985}, {"path": "range/62243-123010", "duration": 9.984}, {"path": "range/123011-183976", "duration": 9.985}, {"path": "range/183977-244764", "duration": 9.984}, {"path": "range/244765-305697", "duration": 9.985}, {"path": "range/305698-366492", "duration": 9.984}, {"path": "range/366493-427312", "duration": 9.985}, {"path": "range/427313-488222", "duration": 9.985}, {"path": "range/488223-549176", "duration": 9.984}, {"path": "range/549177-609986", "duration": 9.985}, {"path": "range/609987-619704", "duration": 1.625}], "protocol": "http_dash_segments", "format": "139 - audio only (DASH audio)", "http_headers": {"User-Agent": "Mozilla/5.0 (Windows NT 10.0; Win64; x64) AppleWebKit/537.36 (KHTML, like Gecko) Chrome/74.0.3729.16 Safari/537.36", "Accept-Charset": "ISO-8859-1,utf-8;q=0.7,*;q=0.7", "Accept": "text/html,application/xhtml+xml,application/xml;q=0.9,*/*;q=0.8", "Accept-Encoding": "gzip, deflate", "Accept-Language": "en-us,en;q=0.5"}}, {"ext": "m4a", "format_note": "DASH audio", "acodec": "mp4a.40.2", "abr": 128, "container": "m4a_dash", "format_id": "140", "manifest_url": "https://manifest.googlevideo.com/api/manifest/dash/expire/1609068886/ei/9hzoX-SMHMnAgAPXzarwDQ/ip/140.109.135.76/id/0467f99c27733ce7/source/youtube/requiressl/yes/playback_host/r6---sn-5njj-u2xl.googlevideo.com/mh/Tl/mm/31%2C29/mn/sn-5njj-u2xl%2Csn-un57sn76/ms/au%2Crdu/mv/m/mvi/6/pl/16/tx/23975651/txs/23975649%2C23975650%2C23975651%2C23975652%2C23975653%2C23975654/hfr/all/as/fmp4_audio_clear%2Cwebm_audio_clear%2Cwebm2_audio_clear%2Cfmp4_sd_hd_clear%2Cwebm2_sd_hd_clear/initcwndbps/640000/vprv/1/mt/1609046913/fvip/6/keepalive/yes/itag/0/sparams/expire%2Cei%2Cip%2Cid%2Csource%2Crequiressl%2Ctx%2Ctxs%2Chfr%2Cas%2Cvprv%2Citag/sig/AOq0QJ8wRQIgf1uZvHBo1DS_gCzPaiIOLgwuPUKH4jYHL0SkclvX-Y0CIQDx8qiy5EO-Pmew5ljTv5gTxyiT-jZIG7nMEtvaQinncg%3D%3D/lsparams/playback_host%2Cmh%2Cmm%2Cmn%2Cms%2Cmv%2Cmvi%2Cpl%2Cinitcwndbps/lsig/AG3C_xAwRgIhAO_Wbu4ZpmsCP7aBHbYIFTu_mtvcgSyArcY4SNM0kp6_AiEA9fkc_uFDU-Qr-SpVRL9DVLUpoe00fCMvyxcPYU3MszA%3D", "width": null, "height": null, "tbr": 130.479, "asr": 44100, "fps": null, "language": null, "filesize": null, "vcodec": "none", "url": "https://manifest.googlevideo.com/api/manifest/dash/expire/1609068886/ei/9hzoX-SMHMnAgAPXzarwDQ/ip/140.109.135.76/id/0467f99c27733ce7/source/youtube/requiressl/yes/playback_host/r6---sn-5njj-u2xl.googlevideo.com/mh/Tl/mm/31%2C29/mn/sn-5njj-u2xl%2Csn-un57sn76/ms/au%2Crdu/mv/m/mvi/6/pl/16/tx/23975651/txs/23975649%2C23975650%2C23975651%2C23975652%2C23975653%2C23975654/hfr/all/as/fmp4_audio_clear%2Cwebm_audio_clear%2Cwebm2_audio_clear%2Cfmp4_sd_hd_clear%2Cwebm2_sd_hd_clear/initcwndbps/640000/vprv/1/mt/1609046913/fvip/6/keepalive/yes/itag/0/sparams/expire%2Cei%2Cip%2Cid%2Csource%2Crequiressl%2Ctx%2Ctxs%2Chfr%2Cas%2Cvprv%2Citag/sig/AOq0QJ8wRQIgf1uZvHBo1DS_gCzPaiIOLgwuPUKH4jYHL0SkclvX-Y0CIQDx8qiy5EO-Pmew5ljTv5gTxyiT-jZIG7nMEtvaQinncg%3D%3D/lsparams/playback_host%2Cmh%2Cmm%2Cmn%2Cms%2Cmv%2Cmvi%2Cpl%2Cinitcwndbps/lsig/AG3C_xAwRgIhAO_Wbu4ZpmsCP7aBHbYIFTu_mtvcgSyArcY4SNM0kp6_AiEA9fkc_uFDU-Qr-SpVRL9DVLUpoe00fCMvyxcPYU3MszA%3D", "fragment_base_url": "https://r6---sn-5njj-u2xl.googlevideo.com/videoplayback/expire/1609068886/ei/9hzoX-SMHMnAgAPXzarwDQ/ip/140.109.135.76/id/0467f99c27733ce7/itag/140/source/youtube/requiressl/yes/mh/Tl/mm/31,29/mn/sn-5njj-u2xl,sn-un57sn76/ms/au,rdu/mv/m/mvi/6/pl/16/initcwndbps/640000/vprv/1/ratebypass/yes/mime/audio%2Fmp4/otfp/1/gir/yes/clen/1641856/lmt/1559305843845286/dur/101.401/mt/1609046913/fvip/6/keepalive/yes/sparams/expire,ei,ip,id,itag,source,requiressl,vprv,ratebypass,mime,otfp,gir,clen,lmt,dur/sig/AOq0QJ8wRQIgVkprtY3vTKYdyL1jBWgI2LJdwpopGOY1ymMCzR0wHdUCIQCoAc8lnsC-aLEczsO_BGAkh3vW_nwz10fkSzAT_FNCaQ%3D%3D/lsparams/mh,mm,mn,ms,mv,mvi,pl,initcwndbps/lsig/AG3C_xAwRQIhAI3DPa0PtbAI7ZE5sSJtOsJNXJFmLNLczuFKOLXMlSBmAiAMM1uaVpntAe2ixlMGDprRY6BSKjTz59voRVBXamWUfw%3D%3D/", "fragments": [{"path": "range/0-655"}, {"path": "range/820-162854", "duration": 9.985}, {"path": "range/162855-324370", "duration": 9.984}, {"path": "range/324371-486044", "duration": 9.985}, {"path": "range/486045-647504", "duration": 9.984}, {"path": "range/647505-809196", "duration": 9.985}, {"path": "range/809197-970652", "duration": 9.984}, {"path": "range/970653-1132223", "duration": 9.985}, {"path": "range/1132224-1293807", "duration": 9.985}, {"path": "range/1293808-1455407", "duration": 9.984}, {"path": "range/1455408-1617038", "duration": 9.985}, {"path": "range/1617039-1641855", "duration": 1.625}], "protocol": "http_dash_segments", "format": "140 - audio only (DASH audio)", "http_headers": {"User-Agent": "Mozilla/5.0 (Windows NT 10.0; Win64; x64) AppleWebKit/537.36 (KHTML, like Gecko) Chrome/74.0.3729.16 Safari/537.36", "Accept-Charset": "ISO-8859-1,utf-8;q=0.7,*;q=0.7", "Accept": "text/html,application/xhtml+xml,application/xml;q=0.9,*/*;q=0.8", "Accept-Encoding": "gzip, deflate", "Accept-Language": "en-us,en;q=0.5"}}, {"ext": "webm", "format_note": "DASH audio", "acodec": "opus", "abr": 160, "format_id": "251", "manifest_url": "https://manifest.googlevideo.com/api/manifest/dash/expire/1609068886/ei/9hzoX-SMHMnAgAPXzarwDQ/ip/140.109.135.76/id/0467f99c27733ce7/source/youtube/requiressl/yes/playback_host/r6---sn-5njj-u2xl.googlevideo.com/mh/Tl/mm/31%2C29/mn/sn-5njj-u2xl%2Csn-un57sn76/ms/au%2Crdu/mv/m/mvi/6/pl/16/tx/23975651/txs/23975649%2C23975650%2C23975651%2C23975652%2C23975653%2C23975654/hfr/all/as/fmp4_audio_clear%2Cwebm_audio_clear%2Cwebm2_audio_clear%2Cfmp4_sd_hd_clear%2Cwebm2_sd_hd_clear/initcwndbps/640000/vprv/1/mt/1609046913/fvip/6/keepalive/yes/itag/0/sparams/expire%2Cei%2Cip%2Cid%2Csource%2Crequiressl%2Ctx%2Ctxs%2Chfr%2Cas%2Cvprv%2Citag/sig/AOq0QJ8wRQIgf1uZvHBo1DS_gCzPaiIOLgwuPUKH4jYHL0SkclvX-Y0CIQDx8qiy5EO-Pmew5ljTv5gTxyiT-jZIG7nMEtvaQinncg%3D%3D/lsparams/playback_host%2Cmh%2Cmm%2Cmn%2Cms%2Cmv%2Cmvi%2Cpl%2Cinitcwndbps/lsig/AG3C_xAwRgIhAO_Wbu4ZpmsCP7aBHbYIFTu_mtvcgSyArcY4SNM0kp6_AiEA9fkc_uFDU-Qr-SpVRL9DVLUpoe00fCMvyxcPYU3MszA%3D", "width": null, "height": null, "tbr": 166.36, "asr": 48000, "fps": null, "language": null, "filesize": null, "container": "webm_dash", "vcodec": "none", "url": "https://manifest.googlevideo.com/api/manifest/dash/expire/1609068886/ei/9hzoX-SMHMnAgAPXzarwDQ/ip/140.109.135.76/id/0467f99c27733ce7/source/youtube/requiressl/yes/playback_host/r6---sn-5njj-u2xl.googlevideo.com/mh/Tl/mm/31%2C29/mn/sn-5njj-u2xl%2Csn-un57sn76/ms/au%2Crdu/mv/m/mvi/6/pl/16/tx/23975651/txs/23975649%2C23975650%2C23975651%2C23975652%2C23975653%2C23975654/hfr/all/as/fmp4_audio_clear%2Cwebm_audio_clear%2Cwebm2_audio_clear%2Cfmp4_sd_hd_clear%2Cwebm2_sd_hd_clear/initcwndbps/640000/vprv/1/mt/1609046913/fvip/6/keepalive/yes/itag/0/sparams/expire%2Cei%2Cip%2Cid%2Csource%2Crequiressl%2Ctx%2Ctxs%2Chfr%2Cas%2Cvprv%2Citag/sig/AOq0QJ8wRQIgf1uZvHBo1DS_gCzPaiIOLgwuPUKH4jYHL0SkclvX-Y0CIQDx8qiy5EO-Pmew5ljTv5gTxyiT-jZIG7nMEtvaQinncg%3D%3D/lsparams/playback_host%2Cmh%2Cmm%2Cmn%2Cms%2Cmv%2Cmvi%2Cpl%2Cinitcwndbps/lsig/AG3C_xAwRgIhAO_Wbu4ZpmsCP7aBHbYIFTu_mtvcgSyArcY4SNM0kp6_AiEA9fkc_uFDU-Qr-SpVRL9DVLUpoe00fCMvyxcPYU3MszA%3D", "fragment_base_url": "https://r6---sn-5njj-u2xl.googlevideo.com/videoplayback/expire/1609068886/ei/9hzoX-SMHMnAgAPXzarwDQ/ip/140.109.135.76/id/0467f99c27733ce7/itag/251/source/youtube/requiressl/yes/mh/Tl/mm/31,29/mn/sn-5njj-u2xl,sn-un57sn76/ms/au,rdu/mv/m/mvi/6/pl/16/initcwndbps/640000/vprv/1/ratebypass/yes/mime/audio%2Fwebm/otfp/1/gir/yes/clen/2057066/lmt/1565970679158216/dur/101.421/mt/1609046913/fvip/6/keepalive/yes/sparams/expire,ei,ip,id,itag,source,requiressl,vprv,ratebypass,mime,otfp,gir,clen,lmt,dur/sig/AOq0QJ8wRQIhAOR8sRSN-qIpvdoNSvJHXDYTA7ge8AAoNJz41jWQkygOAiBBFqD1klGl7zFbXwi7YWlVZ_Vq6zd7_MpbSAFfAi12uQ%3D%3D/lsparams/mh,mm,mn,ms,mv,mvi,pl,initcwndbps/lsig/AG3C_xAwRQIgHjyzAQXpgymJLhaIuSGboJcLRtOL4I1BDjz0cxsthecCIQCeydzis6bUfZhB6AwrCjd3LlttcePQ5xD9OPUDJV8ISg%3D%3D/", "fragments": [{"path": "range/0-265"}, {"path": "range/450-196222", "duration": 10.001}, {"path": "range/196223-398492", "duration": 10.0}, {"path": "range/398493-606443", "duration": 10.0}, {"path": "range/606444-810549", "duration": 10.0}, {"path": "range/810550-1014040", "duration": 10.0}, {"path": "range/1014041-1218546", "duration": 10.0}, {"path": "range/1218547-1418469", "duration": 10.0}, {"path": "range/1418470-1618824", "duration": 10.0}, {"path": "range/1618825-1825236", "duration": 10.0}, {"path": "range/1825237-2030432", "duration": 10.0}, {"path": "range/2030433-2057065", "duration": 1.42}], "protocol": "http_dash_segments", "format": "251 - audio only (DASH audio)", "http_headers": {"User-Agent": "Mozilla/5.0 (Windows NT 10.0; Win64; x64) AppleWebKit/537.36 (KHTML, like Gecko) Chrome/74.0.3729.16 Safari/537.36", "Accept-Charset": "ISO-8859-1,utf-8;q=0.7,*;q=0.7", "Accept": "text/html,application/xhtml+xml,application/xml;q=0.9,*/*;q=0.8", "Accept-Encoding": "gzip, deflate", "Accept-Language": "en-us,en;q=0.5"}}, {"ext": "webm", "height": 144, "format_note": "DASH video", "container": "webm_dash", "vcodec": "vp9", "format_id": "278", "manifest_url": "https://manifest.googlevideo.com/api/manifest/dash/expire/1609068886/ei/9hzoX-SMHMnAgAPXzarwDQ/ip/140.109.135.76/id/0467f99c27733ce7/source/youtube/requiressl/yes/playback_host/r6---sn-5njj-u2xl.googlevideo.com/mh/Tl/mm/31%2C29/mn/sn-5njj-u2xl%2Csn-un57sn76/ms/au%2Crdu/mv/m/mvi/6/pl/16/tx/23975651/txs/23975649%2C23975650%2C23975651%2C23975652%2C23975653%2C23975654/hfr/all/as/fmp4_audio_clear%2Cwebm_audio_clear%2Cwebm2_audio_clear%2Cfmp4_sd_hd_clear%2Cwebm2_sd_hd_clear/initcwndbps/640000/vprv/1/mt/1609046913/fvip/6/keepalive/yes/itag/0/sparams/expire%2Cei%2Cip%2Cid%2Csource%2Crequiressl%2Ctx%2Ctxs%2Chfr%2Cas%2Cvprv%2Citag/sig/AOq0QJ8wRQIgf1uZvHBo1DS_gCzPaiIOLgwuPUKH4jYHL0SkclvX-Y0CIQDx8qiy5EO-Pmew5ljTv5gTxyiT-jZIG7nMEtvaQinncg%3D%3D/lsparams/playback_host%2Cmh%2Cmm%2Cmn%2Cms%2Cmv%2Cmvi%2Cpl%2Cinitcwndbps/lsig/AG3C_xAwRgIhAO_Wbu4ZpmsCP7aBHbYIFTu_mtvcgSyArcY4SNM0kp6_AiEA9fkc_uFDU-Qr-SpVRL9DVLUpoe00fCMvyxcPYU3MszA%3D", "width": 256, "tbr": 95.0, "asr": null, "fps": 25, "language": null, "filesize": null, "acodec": "none", "url": "https://manifest.googlevideo.com/api/manifest/dash/expire/1609068886/ei/9hzoX-SMHMnAgAPXzarwDQ/ip/140.109.135.76/id/0467f99c27733ce7/source/youtube/requiressl/yes/playback_host/r6---sn-5njj-u2xl.googlevideo.com/mh/Tl/mm/31%2C29/mn/sn-5njj-u2xl%2Csn-un57sn76/ms/au%2Crdu/mv/m/mvi/6/pl/16/tx/23975651/txs/23975649%2C23975650%2C23975651%2C23975652%2C23975653%2C23975654/hfr/all/as/fmp4_audio_clear%2Cwebm_audio_clear%2Cwebm2_audio_clear%2Cfmp4_sd_hd_clear%2Cwebm2_sd_hd_clear/initcwndbps/640000/vprv/1/mt/1609046913/fvip/6/keepalive/yes/itag/0/sparams/expire%2Cei%2Cip%2Cid%2Csource%2Crequiressl%2Ctx%2Ctxs%2Chfr%2Cas%2Cvprv%2Citag/sig/AOq0QJ8wRQIgf1uZvHBo1DS_gCzPaiIOLgwuPUKH4jYHL0SkclvX-Y0CIQDx8qiy5EO-Pmew5ljTv5gTxyiT-jZIG7nMEtvaQinncg%3D%3D/lsparams/playback_host%2Cmh%2Cmm%2Cmn%2Cms%2Cmv%2Cmvi%2Cpl%2Cinitcwndbps/lsig/AG3C_xAwRgIhAO_Wbu4ZpmsCP7aBHbYIFTu_mtvcgSyArcY4SNM0kp6_AiEA9fkc_uFDU-Qr-SpVRL9DVLUpoe00fCMvyxcPYU3MszA%3D", "fragment_base_url": "https://r6---sn-5njj-u2xl.googlevideo.com/videoplayback/expire/1609068886/ei/9hzoX-SMHMnAgAPXzarwDQ/ip/140.109.135.76/id/0467f99c27733ce7/itag/278/source/yt_otf/requiressl/yes/mh/Tl/mm/31,29/mn/sn-5njj-u2xl,sn-un57sn76/ms/au,rdu/mv/m/mvi/6/pl/16/initcwndbps/640000/vprv/1/ratebypass/yes/mime/video%2Fwebm/otfp/1/otf/1/lmt/1559305853177713/mt/1609046913/fvip/6/keepalive/yes/sparams/expire,ei,ip,id,itag,source,requiressl,vprv,ratebypass,mime,otfp,otf,lmt/sig/AOq0QJ8wRQIhAOGV5cwl3lYvnveFKuzirq-ZtCpIGy7iy3CG-JGc7vaFAiAH4Vg_mmcbwxfQ1jeoT6o_5tMWFbUb-zjM3Qt0EQJlhw%3D%3D/lsparams/mh,mm,mn,ms,mv,mvi,pl,initcwndbps/lsig/AG3C_xAwRgIhALTDjMqbuqBSRvWSJfhzw1mr5aT52z86_OIjqK4oqvy0AiEA722Sk1MLYT7Y6WeTPwCjL7QaPhbynNfMsbbITnHVybw%3D/", "fragments": [{"path": "sq/0"}, {"path": "sq/1/dur/5.157", "duration": 5.157}, {"path": "sq/2/dur/5.158", "duration": 5.158}, {"path": "sq/3/dur/5.157", "duration": 5.157}, {"path": "sq/4/dur/5.157", "duration": 5.157}, {"path": "sq/5/dur/5.158", "duration": 5.158}, {"path": "sq/6/dur/5.157", "duration": 5.157}, {"path": "sq/7/dur/5.157", "duration": 5.157}, {"path": "sq/8/dur/5.158", "duration": 5.158}, {"path": "sq/9/dur/5.157", "duration": 5.157}, {"path": "sq/10/dur/5.157", "duration": 5.157}, {"path": "sq/11/dur/5.158", "duration": 5.158}, {"path": "sq/12/dur/5.157", "duration": 5.157}, {"path": "sq/13/dur/5.157", "duration": 5.157}, {"path": "sq/14/dur/5.158", "duration": 5.158}, {"path": "sq/15/dur/5.157", "duration": 5.157}, {"path": "sq/16/dur/5.157", "duration": 5.157}, {"path": "sq/17/dur/5.158", "duration": 5.158}, {"path": "sq/18/dur/5.157", "duration": 5.157}, {"path": "sq/19/dur/5.157", "duration": 5.157}, {"path": "sq/20/dur/3.344", "duration": 3.344}], "protocol": "http_dash_segments", "format": "278 - 256x144 (DASH video)", "http_headers": {"User-Agent": "Mozilla/5.0 (Windows NT 10.0; Win64; x64) AppleWebKit/537.36 (KHTML, like Gecko) Chrome/74.0.3729.16 Safari/537.36", "Accept-Charset": "ISO-8859-1,utf-8;q=0.7,*;q=0.7", "Accept": "text/html,application/xhtml+xml,application/xml;q=0.9,*/*;q=0.8", "Accept-Encoding": "gzip, deflate", "Accept-Language": "en-us,en;q=0.5"}}, {"ext": "mp4", "height": 144, "format_note": "DASH video", "vcodec": "avc1.4d400b", "format_id": "160", "manifest_url": "https://manifest.googlevideo.com/api/manifest/dash/expire/1609068886/ei/9hzoX-SMHMnAgAPXzarwDQ/ip/140.109.135.76/id/0467f99c27733ce7/source/youtube/requiressl/yes/playback_host/r6---sn-5njj-u2xl.googlevideo.com/mh/Tl/mm/31%2C29/mn/sn-5njj-u2xl%2Csn-un57sn76/ms/au%2Crdu/mv/m/mvi/6/pl/16/tx/23975651/txs/23975649%2C23975650%2C23975651%2C23975652%2C23975653%2C23975654/hfr/all/as/fmp4_audio_clear%2Cwebm_audio_clear%2Cwebm2_audio_clear%2Cfmp4_sd_hd_clear%2Cwebm2_sd_hd_clear/initcwndbps/640000/vprv/1/mt/1609046913/fvip/6/keepalive/yes/itag/0/sparams/expire%2Cei%2Cip%2Cid%2Csource%2Crequiressl%2Ctx%2Ctxs%2Chfr%2Cas%2Cvprv%2Citag/sig/AOq0QJ8wRQIgf1uZvHBo1DS_gCzPaiIOLgwuPUKH4jYHL0SkclvX-Y0CIQDx8qiy5EO-Pmew5ljTv5gTxyiT-jZIG7nMEtvaQinncg%3D%3D/lsparams/playback_host%2Cmh%2Cmm%2Cmn%2Cms%2Cmv%2Cmvi%2Cpl%2Cinitcwndbps/lsig/AG3C_xAwRgIhAO_Wbu4ZpmsCP7aBHbYIFTu_mtvcgSyArcY4SNM0kp6_AiEA9fkc_uFDU-Qr-SpVRL9DVLUpoe00fCMvyxcPYU3MszA%3D", "width": 256, "tbr": 108.0, "asr": null, "fps": 25, "language": null, "filesize": null, "container": "mp4_dash", "acodec": "none", "url": "https://manifest.googlevideo.com/api/manifest/dash/expire/1609068886/ei/9hzoX-SMHMnAgAPXzarwDQ/ip/140.109.135.76/id/0467f99c27733ce7/source/youtube/requiressl/yes/playback_host/r6---sn-5njj-u2xl.googlevideo.com/mh/Tl/mm/31%2C29/mn/sn-5njj-u2xl%2Csn-un57sn76/ms/au%2Crdu/mv/m/mvi/6/pl/16/tx/23975651/txs/23975649%2C23975650%2C23975651%2C23975652%2C23975653%2C23975654/hfr/all/as/fmp4_audio_clear%2Cwebm_audio_clear%2Cwebm2_audio_clear%2Cfmp4_sd_hd_clear%2Cwebm2_sd_hd_clear/initcwndbps/640000/vprv/1/mt/1609046913/fvip/6/keepalive/yes/itag/0/sparams/expire%2Cei%2Cip%2Cid%2Csource%2Crequiressl%2Ctx%2Ctxs%2Chfr%2Cas%2Cvprv%2Citag/sig/AOq0QJ8wRQIgf1uZvHBo1DS_gCzPaiIOLgwuPUKH4jYHL0SkclvX-Y0CIQDx8qiy5EO-Pmew5ljTv5gTxyiT-jZIG7nMEtvaQinncg%3D%3D/lsparams/playback_host%2Cmh%2Cmm%2Cmn%2Cms%2Cmv%2Cmvi%2Cpl%2Cinitcwndbps/lsig/AG3C_xAwRgIhAO_Wbu4ZpmsCP7aBHbYIFTu_mtvcgSyArcY4SNM0kp6_AiEA9fkc_uFDU-Qr-SpVRL9DVLUpoe00fCMvyxcPYU3MszA%3D", "fragment_base_url": "https://r6---sn-5njj-u2xl.googlevideo.com/videoplayback/expire/1609068886/ei/9hzoX-SMHMnAgAPXzarwDQ/ip/140.109.135.76/id/0467f99c27733ce7/itag/160/source/yt_otf/requiressl/yes/mh/Tl/mm/31,29/mn/sn-5njj-u2xl,sn-un57sn76/ms/au,rdu/mv/m/mvi/6/pl/16/initcwndbps/640000/vprv/1/ratebypass/yes/mime/video%2Fmp4/otfp/1/otf/1/lmt/1559305853177713/mt/1609046913/fvip/6/keepalive/yes/sparams/expire,ei,ip,id,itag,source,requiressl,vprv,ratebypass,mime,otfp,otf,lmt/sig/AOq0QJ8wRQIhAMUb_diHDspjNTD0qr-HIX8PwnGXilicB0n9JNmiugyUAiBAfFrKD-HvZeF-K2ujVFfaVn3tF_q3qtswjB17ONyasA%3D%3D/lsparams/mh,mm,mn,ms,mv,mvi,pl,initcwndbps/lsig/AG3C_xAwRQIhAIbEZAQF2U_JZC0wLvFnRSe9QZDS5IMsHK4EZvgfb6EqAiBOwfKEgkQjJioXNN2uLX19QiCIBhC17AmxYrLHI8EsRQ%3D%3D/", "fragments": [{"path": "sq/0"}, {"path": "sq/1/dur/5.157", "duration": 5.157}, {"path": "sq/2/dur/5.158", "duration": 5.158}, {"path": "sq/3/dur/5.157", "duration": 5.157}, {"path": "sq/4/dur/5.157", "duration": 5.157}, {"path": "sq/5/dur/5.158", "duration": 5.158}, {"path": "sq/6/dur/5.157", "duration": 5.157}, {"path": "sq/7/dur/5.157", "duration": 5.157}, {"path": "sq/8/dur/5.158", "duration": 5.158}, {"path": "sq/9/dur/5.157", "duration": 5.157}, {"path": "sq/10/dur/5.157", "duration": 5.157}, {"path": "sq/11/dur/5.158", "duration": 5.158}, {"path": "sq/12/dur/5.157", "duration": 5.157}, {"path": "sq/13/dur/5.157", "duration": 5.157}, {"path": "sq/14/dur/5.158", "duration": 5.158}, {"path": "sq/15/dur/5.157", "duration": 5.157}, {"path": "sq/16/dur/5.157", "duration": 5.157}, {"path": "sq/17/dur/5.158", "duration": 5.158}, {"path": "sq/18/dur/5.157", "duration": 5.157}, {"path": "sq/19/dur/5.157", "duration": 5.157}, {"path": "sq/20/dur/3.344", "duration": 3.344}], "protocol": "http_dash_segments", "format": "160 - 256x144 (DASH video)", "http_headers": {"User-Agent": "Mozilla/5.0 (Windows NT 10.0; Win64; x64) AppleWebKit/537.36 (KHTML, like Gecko) Chrome/74.0.3729.16 Safari/537.36", "Accept-Charset": "ISO-8859-1,utf-8;q=0.7,*;q=0.7", "Accept": "text/html,application/xhtml+xml,application/xml;q=0.9,*/*;q=0.8", "Accept-Encoding": "gzip, deflate", "Accept-Language": "en-us,en;q=0.5"}}, {"ext": "webm", "height": 240, "format_note": "DASH video", "vcodec": "vp9", "format_id": "242", "manifest_url": "https://manifest.googlevideo.com/api/manifest/dash/expire/1609068886/ei/9hzoX-SMHMnAgAPXzarwDQ/ip/140.109.135.76/id/0467f99c27733ce7/source/youtube/requiressl/yes/playback_host/r6---sn-5njj-u2xl.googlevideo.com/mh/Tl/mm/31%2C29/mn/sn-5njj-u2xl%2Csn-un57sn76/ms/au%2Crdu/mv/m/mvi/6/pl/16/tx/23975651/txs/23975649%2C23975650%2C23975651%2C23975652%2C23975653%2C23975654/hfr/all/as/fmp4_audio_clear%2Cwebm_audio_clear%2Cwebm2_audio_clear%2Cfmp4_sd_hd_clear%2Cwebm2_sd_hd_clear/initcwndbps/640000/vprv/1/mt/1609046913/fvip/6/keepalive/yes/itag/0/sparams/expire%2Cei%2Cip%2Cid%2Csource%2Crequiressl%2Ctx%2Ctxs%2Chfr%2Cas%2Cvprv%2Citag/sig/AOq0QJ8wRQIgf1uZvHBo1DS_gCzPaiIOLgwuPUKH4jYHL0SkclvX-Y0CIQDx8qiy5EO-Pmew5ljTv5gTxyiT-jZIG7nMEtvaQinncg%3D%3D/lsparams/playback_host%2Cmh%2Cmm%2Cmn%2Cms%2Cmv%2Cmvi%2Cpl%2Cinitcwndbps/lsig/AG3C_xAwRgIhAO_Wbu4ZpmsCP7aBHbYIFTu_mtvcgSyArcY4SNM0kp6_AiEA9fkc_uFDU-Qr-SpVRL9DVLUpoe00fCMvyxcPYU3MszA%3D", "width": 426, "tbr": 220.5, "asr": null, "fps": 25, "language": null, "filesize": null, "container": "webm_dash", "acodec": "none", "url": "https://manifest.googlevideo.com/api/manifest/dash/expire/1609068886/ei/9hzoX-SMHMnAgAPXzarwDQ/ip/140.109.135.76/id/0467f99c27733ce7/source/youtube/requiressl/yes/playback_host/r6---sn-5njj-u2xl.googlevideo.com/mh/Tl/mm/31%2C29/mn/sn-5njj-u2xl%2Csn-un57sn76/ms/au%2Crdu/mv/m/mvi/6/pl/16/tx/23975651/txs/23975649%2C23975650%2C23975651%2C23975652%2C23975653%2C23975654/hfr/all/as/fmp4_audio_clear%2Cwebm_audio_clear%2Cwebm2_audio_clear%2Cfmp4_sd_hd_clear%2Cwebm2_sd_hd_clear/initcwndbps/640000/vprv/1/mt/1609046913/fvip/6/keepalive/yes/itag/0/sparams/expire%2Cei%2Cip%2Cid%2Csource%2Crequiressl%2Ctx%2Ctxs%2Chfr%2Cas%2Cvprv%2Citag/sig/AOq0QJ8wRQIgf1uZvHBo1DS_gCzPaiIOLgwuPUKH4jYHL0SkclvX-Y0CIQDx8qiy5EO-Pmew5ljTv5gTxyiT-jZIG7nMEtvaQinncg%3D%3D/lsparams/playback_host%2Cmh%2Cmm%2Cmn%2Cms%2Cmv%2Cmvi%2Cpl%2Cinitcwndbps/lsig/AG3C_xAwRgIhAO_Wbu4ZpmsCP7aBHbYIFTu_mtvcgSyArcY4SNM0kp6_AiEA9fkc_uFDU-Qr-SpVRL9DVLUpoe00fCMvyxcPYU3MszA%3D", "fragment_base_url": "https://r6---sn-5njj-u2xl.googlevideo.com/videoplayback/expire/1609068886/ei/9hzoX-SMHMnAgAPXzarwDQ/ip/140.109.135.76/id/0467f99c27733ce7/itag/242/source/yt_otf/requiressl/yes/mh/Tl/mm/31,29/mn/sn-5njj-u2xl,sn-un57sn76/ms/au,rdu/mv/m/mvi/6/pl/16/initcwndbps/640000/vprv/1/ratebypass/yes/mime/video%2Fwebm/otfp/1/otf/1/lmt/1559305853177713/mt/1609046913/fvip/6/keepalive/yes/sparams/expire,ei,ip,id,itag,source,requiressl,vprv,ratebypass,mime,otfp,otf,lmt/sig/AOq0QJ8wRQIhANZ8JPbwH9ODN7_GPQ_TsUyW-n4WTwIM7tQmWSfsmQM5AiA8nq9UkpAD8p3PcbPISd6qEF6-wdfnu_w2wTywl8zwFQ%3D%3D/lsparams/mh,mm,mn,ms,mv,mvi,pl,initcwndbps/lsig/AG3C_xAwRAIgbgdPwFp06hEgHvD3pv6-XNqje3IfJtVtAtvetj9Ko8wCIEA8BpDdXOg8nssP20rTyjmJwyknKIEuoGcl3TGvJYcx/", "fragments": [{"path": "sq/0"}, {"path": "sq/1/dur/5.157", "duration": 5.157}, {"path": "sq/2/dur/5.158", "duration": 5.158}, {"path": "sq/3/dur/5.157", "duration": 5.157}, {"path": "sq/4/dur/5.157", "duration": 5.157}, {"path": "sq/5/dur/5.158", "duration": 5.158}, {"path": "sq/6/dur/5.157", "duration": 5.157}, {"path": "sq/7/dur/5.157", "duration": 5.157}, {"path": "sq/8/dur/5.158", "duration": 5.158}, {"path": "sq/9/dur/5.157", "duration": 5.157}, {"path": "sq/10/dur/5.157", "duration": 5.157}, {"path": "sq/11/dur/5.158", "duration": 5.158}, {"path": "sq/12/dur/5.157", "duration": 5.157}, {"path": "sq/13/dur/5.157", "duration": 5.157}, {"path": "sq/14/dur/5.158", "duration": 5.158}, {"path": "sq/15/dur/5.157", "duration": 5.157}, {"path": "sq/16/dur/5.157", "duration": 5.157}, {"path": "sq/17/dur/5.158", "duration": 5.158}, {"path": "sq/18/dur/5.157", "duration": 5.157}, {"path": "sq/19/dur/5.157", "duration": 5.157}, {"path": "sq/20/dur/3.344", "duration": 3.344}], "protocol": "http_dash_segments", "format": "242 - 426x240 (DASH video)", "http_headers": {"User-Agent": "Mozilla/5.0 (Windows NT 10.0; Win64; x64) AppleWebKit/537.36 (KHTML, like Gecko) Chrome/74.0.3729.16 Safari/537.36", "Accept-Charset": "ISO-8859-1,utf-8;q=0.7,*;q=0.7", "Accept": "text/html,application/xhtml+xml,application/xml;q=0.9,*/*;q=0.8", "Accept-Encoding": "gzip, deflate", "Accept-Language": "en-us,en;q=0.5"}}, {"ext": "mp4", "height": 240, "format_note": "DASH video", "vcodec": "avc1.4d400c", "format_id": "133", "manifest_url": "https://manifest.googlevideo.com/api/manifest/dash/expire/1609068886/ei/9hzoX-SMHMnAgAPXzarwDQ/ip/140.109.135.76/id/0467f99c27733ce7/source/youtube/requiressl/yes/playback_host/r6---sn-5njj-u2xl.googlevideo.com/mh/Tl/mm/31%2C29/mn/sn-5njj-u2xl%2Csn-un57sn76/ms/au%2Crdu/mv/m/mvi/6/pl/16/tx/23975651/txs/23975649%2C23975650%2C23975651%2C23975652%2C23975653%2C23975654/hfr/all/as/fmp4_audio_clear%2Cwebm_audio_clear%2Cwebm2_audio_clear%2Cfmp4_sd_hd_clear%2Cwebm2_sd_hd_clear/initcwndbps/640000/vprv/1/mt/1609046913/fvip/6/keepalive/yes/itag/0/sparams/expire%2Cei%2Cip%2Cid%2Csource%2Crequiressl%2Ctx%2Ctxs%2Chfr%2Cas%2Cvprv%2Citag/sig/AOq0QJ8wRQIgf1uZvHBo1DS_gCzPaiIOLgwuPUKH4jYHL0SkclvX-Y0CIQDx8qiy5EO-Pmew5ljTv5gTxyiT-jZIG7nMEtvaQinncg%3D%3D/lsparams/playback_host%2Cmh%2Cmm%2Cmn%2Cms%2Cmv%2Cmvi%2Cpl%2Cinitcwndbps/lsig/AG3C_xAwRgIhAO_Wbu4ZpmsCP7aBHbYIFTu_mtvcgSyArcY4SNM0kp6_AiEA9fkc_uFDU-Qr-SpVRL9DVLUpoe00fCMvyxcPYU3MszA%3D", "width": 426, "tbr": 242.0, "asr": null, "fps": 25, "language": null, "filesize": null, "container": "mp4_dash", "acodec": "none", "url": "https://manifest.googlevideo.com/api/manifest/dash/expire/1609068886/ei/9hzoX-SMHMnAgAPXzarwDQ/ip/140.109.135.76/id/0467f99c27733ce7/source/youtube/requiressl/yes/playback_host/r6---sn-5njj-u2xl.googlevideo.com/mh/Tl/mm/31%2C29/mn/sn-5njj-u2xl%2Csn-un57sn76/ms/au%2Crdu/mv/m/mvi/6/pl/16/tx/23975651/txs/23975649%2C23975650%2C23975651%2C23975652%2C23975653%2C23975654/hfr/all/as/fmp4_audio_clear%2Cwebm_audio_clear%2Cwebm2_audio_clear%2Cfmp4_sd_hd_clear%2Cwebm2_sd_hd_clear/initcwndbps/640000/vprv/1/mt/1609046913/fvip/6/keepalive/yes/itag/0/sparams/expire%2Cei%2Cip%2Cid%2Csource%2Crequiressl%2Ctx%2Ctxs%2Chfr%2Cas%2Cvprv%2Citag/sig/AOq0QJ8wRQIgf1uZvHBo1DS_gCzPaiIOLgwuPUKH4jYHL0SkclvX-Y0CIQDx8qiy5EO-Pmew5ljTv5gTxyiT-jZIG7nMEtvaQinncg%3D%3D/lsparams/playback_host%2Cmh%2Cmm%2Cmn%2Cms%2Cmv%2Cmvi%2Cpl%2Cinitcwndbps/lsig/AG3C_xAwRgIhAO_Wbu4ZpmsCP7aBHbYIFTu_mtvcgSyArcY4SNM0kp6_AiEA9fkc_uFDU-Qr-SpVRL9DVLUpoe00fCMvyxcPYU3MszA%3D", "fragment_base_url": "https://r6---sn-5njj-u2xl.googlevideo.com/videoplayback/expire/1609068886/ei/9hzoX-SMHMnAgAPXzarwDQ/ip/140.109.135.76/id/0467f99c27733ce7/itag/133/source/yt_otf/requiressl/yes/mh/Tl/mm/31,29/mn/sn-5njj-u2xl,sn-un57sn76/ms/au,rdu/mv/m/mvi/6/pl/16/initcwndbps/640000/vprv/1/ratebypass/yes/mime/video%2Fmp4/otfp/1/otf/1/lmt/1559305853177713/mt/1609046913/fvip/6/keepalive/yes/sparams/expire,ei,ip,id,itag,source,requiressl,vprv,ratebypass,mime,otfp,otf,lmt/sig/AOq0QJ8wRQIhALmlm2I9uHwpO5gA04leVZJiUDcV8K_PUYWORpJP1rT2AiB8zGuLzVqIDaXi_SkZIiGO3jMPR3sFAxP0-Z_jUNFE9g%3D%3D/lsparams/mh,mm,mn,ms,mv,mvi,pl,initcwndbps/lsig/AG3C_xAwRQIhAN1pwMf0CiH7BTzHyDmFTeUH9SEAzwykuMCirJ43OKpEAiAzhJe_rjDyMeNpi2OF2i449nCwXNWnu-lRf-SUfkAf9w%3D%3D/", "fragments": [{"path": "sq/0"}, {"path": "sq/1/dur/5.157", "duration": 5.157}, {"path": "sq/2/dur/5.158", "duration": 5.158}, {"path": "sq/3/dur/5.157", "duration": 5.157}, {"path": "sq/4/dur/5.157", "duration": 5.157}, {"path": "sq/5/dur/5.158", "duration": 5.158}, {"path": "sq/6/dur/5.157", "duration": 5.157}, {"path": "sq/7/dur/5.157", "duration": 5.157}, {"path": "sq/8/dur/5.158", "duration": 5.158}, {"path": "sq/9/dur/5.157", "duration": 5.157}, {"path": "sq/10/dur/5.157", "duration": 5.157}, {"path": "sq/11/dur/5.158", "duration": 5.158}, {"path": "sq/12/dur/5.157", "duration": 5.157}, {"path": "sq/13/dur/5.157", "duration": 5.157}, {"path": "sq/14/dur/5.158", "duration": 5.158}, {"path": "sq/15/dur/5.157", "duration": 5.157}, {"path": "sq/16/dur/5.157", "duration": 5.157}, {"path": "sq/17/dur/5.158", "duration": 5.158}, {"path": "sq/18/dur/5.157", "duration": 5.157}, {"path": "sq/19/dur/5.157", "duration": 5.157}, {"path": "sq/20/dur/3.344", "duration": 3.344}], "protocol": "http_dash_segments", "format": "133 - 426x240 (DASH video)", "http_headers": {"User-Agent": "Mozilla/5.0 (Windows NT 10.0; Win64; x64) AppleWebKit/537.36 (KHTML, like Gecko) Chrome/74.0.3729.16 Safari/537.36", "Accept-Charset": "ISO-8859-1,utf-8;q=0.7,*;q=0.7", "Accept": "text/html,application/xhtml+xml,application/xml;q=0.9,*/*;q=0.8", "Accept-Encoding": "gzip, deflate", "Accept-Language": "en-us,en;q=0.5"}}, {"ext": "webm", "height": 360, "format_note": "DASH video", "vcodec": "vp9", "format_id": "243", "manifest_url": "https://manifest.googlevideo.com/api/manifest/dash/expire/1609068886/ei/9hzoX-SMHMnAgAPXzarwDQ/ip/140.109.135.76/id/0467f99c27733ce7/source/youtube/requiressl/yes/playback_host/r6---sn-5njj-u2xl.googlevideo.com/mh/Tl/mm/31%2C29/mn/sn-5njj-u2xl%2Csn-un57sn76/ms/au%2Crdu/mv/m/mvi/6/pl/16/tx/23975651/txs/23975649%2C23975650%2C23975651%2C23975652%2C23975653%2C23975654/hfr/all/as/fmp4_audio_clear%2Cwebm_audio_clear%2Cwebm2_audio_clear%2Cfmp4_sd_hd_clear%2Cwebm2_sd_hd_clear/initcwndbps/640000/vprv/1/mt/1609046913/fvip/6/keepalive/yes/itag/0/sparams/expire%2Cei%2Cip%2Cid%2Csource%2Crequiressl%2Ctx%2Ctxs%2Chfr%2Cas%2Cvprv%2Citag/sig/AOq0QJ8wRQIgf1uZvHBo1DS_gCzPaiIOLgwuPUKH4jYHL0SkclvX-Y0CIQDx8qiy5EO-Pmew5ljTv5gTxyiT-jZIG7nMEtvaQinncg%3D%3D/lsparams/playback_host%2Cmh%2Cmm%2Cmn%2Cms%2Cmv%2Cmvi%2Cpl%2Cinitcwndbps/lsig/AG3C_xAwRgIhAO_Wbu4ZpmsCP7aBHbYIFTu_mtvcgSyArcY4SNM0kp6_AiEA9fkc_uFDU-Qr-SpVRL9DVLUpoe00fCMvyxcPYU3MszA%3D", "width": 640, "tbr": 405.72, "asr": null, "fps": 25, "language": null, "filesize": null, "container": "webm_dash", "acodec": "none", "url": "https://manifest.googlevideo.com/api/manifest/dash/expire/1609068886/ei/9hzoX-SMHMnAgAPXzarwDQ/ip/140.109.135.76/id/0467f99c27733ce7/source/youtube/requiressl/yes/playback_host/r6---sn-5njj-u2xl.googlevideo.com/mh/Tl/mm/31%2C29/mn/sn-5njj-u2xl%2Csn-un57sn76/ms/au%2Crdu/mv/m/mvi/6/pl/16/tx/23975651/txs/23975649%2C23975650%2C23975651%2C23975652%2C23975653%2C23975654/hfr/all/as/fmp4_audio_clear%2Cwebm_audio_clear%2Cwebm2_audio_clear%2Cfmp4_sd_hd_clear%2Cwebm2_sd_hd_clear/initcwndbps/640000/vprv/1/mt/1609046913/fvip/6/keepalive/yes/itag/0/sparams/expire%2Cei%2Cip%2Cid%2Csource%2Crequiressl%2Ctx%2Ctxs%2Chfr%2Cas%2Cvprv%2Citag/sig/AOq0QJ8wRQIgf1uZvHBo1DS_gCzPaiIOLgwuPUKH4jYHL0SkclvX-Y0CIQDx8qiy5EO-Pmew5ljTv5gTxyiT-jZIG7nMEtvaQinncg%3D%3D/lsparams/playback_host%2Cmh%2Cmm%2Cmn%2Cms%2Cmv%2Cmvi%2Cpl%2Cinitcwndbps/lsig/AG3C_xAwRgIhAO_Wbu4ZpmsCP7aBHbYIFTu_mtvcgSyArcY4SNM0kp6_AiEA9fkc_uFDU-Qr-SpVRL9DVLUpoe00fCMvyxcPYU3MszA%3D", "fragment_base_url": "https://r6---sn-5njj-u2xl.googlevideo.com/videoplayback/expire/1609068886/ei/9hzoX-SMHMnAgAPXzarwDQ/ip/140.109.135.76/id/0467f99c27733ce7/itag/243/source/yt_otf/requiressl/yes/mh/Tl/mm/31,29/mn/sn-5njj-u2xl,sn-un57sn76/ms/au,rdu/mv/m/mvi/6/pl/16/initcwndbps/640000/vprv/1/ratebypass/yes/mime/video%2Fwebm/otfp/1/otf/1/lmt/1559305853177713/mt/1609046913/fvip/6/keepalive/yes/sparams/expire,ei,ip,id,itag,source,requiressl,vprv,ratebypass,mime,otfp,otf,lmt/sig/AOq0QJ8wRQIhAPuY_dSkzFGbOUl9zLIB5ls229COCB1zAODs5s1Wt-C2AiA_Y8HzCxNSL5OgPdB2NCnEShPGu8UqfVpSSiCjCKgToA%3D%3D/lsparams/mh,mm,mn,ms,mv,mvi,pl,initcwndbps/lsig/AG3C_xAwRQIgNvxQcAnhzgWMy7YzPaoEwKHT313Kv4b3JRZkpjAsXioCIQCJ14uwg9utPFDMZc7W4XkCwuQXCZsavVLhfXQZvExcoQ%3D%3D/", "fragments": [{"path": "sq/0"}, {"path": "sq/1/dur/5.157", "duration": 5.157}, {"path": "sq/2/dur/5.158", "duration": 5.158}, {"path": "sq/3/dur/5.157", "duration": 5.157}, {"path": "sq/4/dur/5.157", "duration": 5.157}, {"path": "sq/5/dur/5.158", "duration": 5.158}, {"path": "sq/6/dur/5.157", "duration": 5.157}, {"path": "sq/7/dur/5.157", "duration": 5.157}, {"path": "sq/8/dur/5.158", "duration": 5.158}, {"path": "sq/9/dur/5.157", "duration": 5.157}, {"path": "sq/10/dur/5.157", "duration": 5.157}, {"path": "sq/11/dur/5.158", "duration": 5.158}, {"path": "sq/12/dur/5.157", "duration": 5.157}, {"path": "sq/13/dur/5.157", "duration": 5.157}, {"path": "sq/14/dur/5.158", "duration": 5.158}, {"path": "sq/15/dur/5.157", "duration": 5.157}, {"path": "sq/16/dur/5.157", "duration": 5.157}, {"path": "sq/17/dur/5.158", "duration": 5.158}, {"path": "sq/18/dur/5.157", "duration": 5.157}, {"path": "sq/19/dur/5.157", "duration": 5.157}, {"path": "sq/20/dur/3.344", "duration": 3.344}], "protocol": "http_dash_segments", "format": "243 - 640x360 (DASH video)", "http_headers": {"User-Agent": "Mozilla/5.0 (Windows NT 10.0; Win64; x64) AppleWebKit/537.36 (KHTML, like Gecko) Chrome/74.0.3729.16 Safari/537.36", "Accept-Charset": "ISO-8859-1,utf-8;q=0.7,*;q=0.7", "Accept": "text/html,application/xhtml+xml,application/xml;q=0.9,*/*;q=0.8", "Accept-Encoding": "gzip, deflate", "Accept-Language": "en-us,en;q=0.5"}}, {"ext": "mp4", "height": 360, "format_note": "DASH video", "vcodec": "avc1.4d401e", "format_id": "134", "manifest_url": "https://manifest.googlevideo.com/api/manifest/dash/expire/1609068886/ei/9hzoX-SMHMnAgAPXzarwDQ/ip/140.109.135.76/id/0467f99c27733ce7/source/youtube/requiressl/yes/playback_host/r6---sn-5njj-u2xl.googlevideo.com/mh/Tl/mm/31%2C29/mn/sn-5njj-u2xl%2Csn-un57sn76/ms/au%2Crdu/mv/m/mvi/6/pl/16/tx/23975651/txs/23975649%2C23975650%2C23975651%2C23975652%2C23975653%2C23975654/hfr/all/as/fmp4_audio_clear%2Cwebm_audio_clear%2Cwebm2_audio_clear%2Cfmp4_sd_hd_clear%2Cwebm2_sd_hd_clear/initcwndbps/640000/vprv/1/mt/1609046913/fvip/6/keepalive/yes/itag/0/sparams/expire%2Cei%2Cip%2Cid%2Csource%2Crequiressl%2Ctx%2Ctxs%2Chfr%2Cas%2Cvprv%2Citag/sig/AOq0QJ8wRQIgf1uZvHBo1DS_gCzPaiIOLgwuPUKH4jYHL0SkclvX-Y0CIQDx8qiy5EO-Pmew5ljTv5gTxyiT-jZIG7nMEtvaQinncg%3D%3D/lsparams/playback_host%2Cmh%2Cmm%2Cmn%2Cms%2Cmv%2Cmvi%2Cpl%2Cinitcwndbps/lsig/AG3C_xAwRgIhAO_Wbu4ZpmsCP7aBHbYIFTu_mtvcgSyArcY4SNM0kp6_AiEA9fkc_uFDU-Qr-SpVRL9DVLUpoe00fCMvyxcPYU3MszA%3D", "width": 640, "tbr": 565.753, "asr": null, "fps": 25, "language": null, "filesize": null, "container": "mp4_dash", "acodec": "none", "url": "https://manifest.googlevideo.com/api/manifest/dash/expire/1609068886/ei/9hzoX-SMHMnAgAPXzarwDQ/ip/140.109.135.76/id/0467f99c27733ce7/source/youtube/requiressl/yes/playback_host/r6---sn-5njj-u2xl.googlevideo.com/mh/Tl/mm/31%2C29/mn/sn-5njj-u2xl%2Csn-un57sn76/ms/au%2Crdu/mv/m/mvi/6/pl/16/tx/23975651/txs/23975649%2C23975650%2C23975651%2C23975652%2C23975653%2C23975654/hfr/all/as/fmp4_audio_clear%2Cwebm_audio_clear%2Cwebm2_audio_clear%2Cfmp4_sd_hd_clear%2Cwebm2_sd_hd_clear/initcwndbps/640000/vprv/1/mt/1609046913/fvip/6/keepalive/yes/itag/0/sparams/expire%2Cei%2Cip%2Cid%2Csource%2Crequiressl%2Ctx%2Ctxs%2Chfr%2Cas%2Cvprv%2Citag/sig/AOq0QJ8wRQIgf1uZvHBo1DS_gCzPaiIOLgwuPUKH4jYHL0SkclvX-Y0CIQDx8qiy5EO-Pmew5ljTv5gTxyiT-jZIG7nMEtvaQinncg%3D%3D/lsparams/playback_host%2Cmh%2Cmm%2Cmn%2Cms%2Cmv%2Cmvi%2Cpl%2Cinitcwndbps/lsig/AG3C_xAwRgIhAO_Wbu4ZpmsCP7aBHbYIFTu_mtvcgSyArcY4SNM0kp6_AiEA9fkc_uFDU-Qr-SpVRL9DVLUpoe00fCMvyxcPYU3MszA%3D", "fragment_base_url": "https://r6---sn-5njj-u2xl.googlevideo.com/videoplayback/expire/1609068886/ei/9hzoX-SMHMnAgAPXzarwDQ/ip/140.109.135.76/id/0467f99c27733ce7/itag/134/source/youtube/requiressl/yes/mh/Tl/mm/31,29/mn/sn-5njj-u2xl,sn-un57sn76/ms/au,rdu/mv/m/mvi/6/pl/16/initcwndbps/640000/vprv/1/ratebypass/yes/mime/video%2Fmp4/otfp/1/gir/yes/clen/5952012/lmt/1559305853173014/dur/101.333/mt/1609046913/fvip/6/keepalive/yes/sparams/expire,ei,ip,id,itag,source,requiressl,vprv,ratebypass,mime,otfp,gir,clen,lmt,dur/sig/AOq0QJ8wRQIhAOBln9lESOJ7hzXQwTYIq4kttybVCOhFx8se0a0ft0z3AiAOV7YOZZBOvw6f69GFqNi9fiVLz1p6PAuHMjoKZ0lSig%3D%3D/lsparams/mh,mm,mn,ms,mv,mvi,pl,initcwndbps/lsig/AG3C_xAwRQIhAKBo5_0aY22n20ru48bSppjppwxlU3dvC8DtsVquQhbdAiA3jL_mDJX1xS0ZhxhH25HHqHVaXSn88V33kmN_2IwF8g%3D%3D/", "fragments": [{"path": "range/0-762"}, {"path": "range/1035-235769", "duration": 5.157}, {"path": "range/235770-534277", "duration": 5.158}, {"path": "range/534278-880611", "duration": 5.157}, {"path": "range/880612-1208065", "duration": 5.157}, {"path": "range/1208066-1504302", "duration": 5.158}, {"path": "range/1504303-1818707", "duration": 5.157}, {"path": "range/1818708-2137000", "duration": 5.157}, {"path": "range/2137001-2498652", "duration": 5.158}, {"path": "range/2498653-2749315", "duration": 5.157}, {"path": "range/2749316-3104833", "duration": 5.157}, {"path": "range/3104834-3407151", "duration": 5.158}, {"path": "range/3407152-3732298", "duration": 5.157}, {"path": "range/3732299-4037208", "duration": 5.157}, {"path": "range/4037209-4368176", "duration": 5.158}, {"path": "range/4368177-4630446", "duration": 5.157}, {"path": "range/4630447-4995145", "duration": 5.157}, {"path": "range/4995146-5280980", "duration": 5.158}, {"path": "range/5280981-5580101", "duration": 5.157}, {"path": "range/5580102-5859222", "duration": 5.157}, {"path": "range/5859223-5952011", "duration": 3.344}], "protocol": "http_dash_segments", "format": "134 - 640x360 (DASH video)", "http_headers": {"User-Agent": "Mozilla/5.0 (Windows NT 10.0; Win64; x64) AppleWebKit/537.36 (KHTML, like Gecko) Chrome/74.0.3729.16 Safari/537.36", "Accept-Charset": "ISO-8859-1,utf-8;q=0.7,*;q=0.7", "Accept": "text/html,application/xhtml+xml,application/xml;q=0.9,*/*;q=0.8", "Accept-Encoding": "gzip, deflate", "Accept-Language": "en-us,en;q=0.5"}}, {"ext": "webm", "height": 480, "format_note": "DASH video", "vcodec": "vp9", "format_id": "244", "manifest_url": "https://manifest.googlevideo.com/api/manifest/dash/expire/1609068886/ei/9hzoX-SMHMnAgAPXzarwDQ/ip/140.109.135.76/id/0467f99c27733ce7/source/youtube/requiressl/yes/playback_host/r6---sn-5njj-u2xl.googlevideo.com/mh/Tl/mm/31%2C29/mn/sn-5njj-u2xl%2Csn-un57sn76/ms/au%2Crdu/mv/m/mvi/6/pl/16/tx/23975651/txs/23975649%2C23975650%2C23975651%2C23975652%2C23975653%2C23975654/hfr/all/as/fmp4_audio_clear%2Cwebm_audio_clear%2Cwebm2_audio_clear%2Cfmp4_sd_hd_clear%2Cwebm2_sd_hd_clear/initcwndbps/640000/vprv/1/mt/1609046913/fvip/6/keepalive/yes/itag/0/sparams/expire%2Cei%2Cip%2Cid%2Csource%2Crequiressl%2Ctx%2Ctxs%2Chfr%2Cas%2Cvprv%2Citag/sig/AOq0QJ8wRQIgf1uZvHBo1DS_gCzPaiIOLgwuPUKH4jYHL0SkclvX-Y0CIQDx8qiy5EO-Pmew5ljTv5gTxyiT-jZIG7nMEtvaQinncg%3D%3D/lsparams/playback_host%2Cmh%2Cmm%2Cmn%2Cms%2Cmv%2Cmvi%2Cpl%2Cinitcwndbps/lsig/AG3C_xAwRgIhAO_Wbu4ZpmsCP7aBHbYIFTu_mtvcgSyArcY4SNM0kp6_AiEA9fkc_uFDU-Qr-SpVRL9DVLUpoe00fCMvyxcPYU3MszA%3D", "width": 854, "tbr": 752.64, "asr": null, "fps": 25, "language": null, "filesize": null, "container": "webm_dash", "acodec": "none", "url": "https://manifest.googlevideo.com/api/manifest/dash/expire/1609068886/ei/9hzoX-SMHMnAgAPXzarwDQ/ip/140.109.135.76/id/0467f99c27733ce7/source/youtube/requiressl/yes/playback_host/r6---sn-5njj-u2xl.googlevideo.com/mh/Tl/mm/31%2C29/mn/sn-5njj-u2xl%2Csn-un57sn76/ms/au%2Crdu/mv/m/mvi/6/pl/16/tx/23975651/txs/23975649%2C23975650%2C23975651%2C23975652%2C23975653%2C23975654/hfr/all/as/fmp4_audio_clear%2Cwebm_audio_clear%2Cwebm2_audio_clear%2Cfmp4_sd_hd_clear%2Cwebm2_sd_hd_clear/initcwndbps/640000/vprv/1/mt/1609046913/fvip/6/keepalive/yes/itag/0/sparams/expire%2Cei%2Cip%2Cid%2Csource%2Crequiressl%2Ctx%2Ctxs%2Chfr%2Cas%2Cvprv%2Citag/sig/AOq0QJ8wRQIgf1uZvHBo1DS_gCzPaiIOLgwuPUKH4jYHL0SkclvX-Y0CIQDx8qiy5EO-Pmew5ljTv5gTxyiT-jZIG7nMEtvaQinncg%3D%3D/lsparams/playback_host%2Cmh%2Cmm%2Cmn%2Cms%2Cmv%2Cmvi%2Cpl%2Cinitcwndbps/lsig/AG3C_xAwRgIhAO_Wbu4ZpmsCP7aBHbYIFTu_mtvcgSyArcY4SNM0kp6_AiEA9fkc_uFDU-Qr-SpVRL9DVLUpoe00fCMvyxcPYU3MszA%3D", "fragment_base_url": "https://r6---sn-5njj-u2xl.googlevideo.com/videoplayback/expire/1609068886/ei/9hzoX-SMHMnAgAPXzarwDQ/ip/140.109.135.76/id/0467f99c27733ce7/itag/244/source/yt_otf/requiressl/yes/mh/Tl/mm/31,29/mn/sn-5njj-u2xl,sn-un57sn76/ms/au,rdu/mv/m/mvi/6/pl/16/initcwndbps/640000/vprv/1/ratebypass/yes/mime/video%2Fwebm/otfp/1/otf/1/lmt/1559305853177713/mt/1609046913/fvip/6/keepalive/yes/sparams/expire,ei,ip,id,itag,source,requiressl,vprv,ratebypass,mime,otfp,otf,lmt/sig/AOq0QJ8wRAIgUYniuEmeVKJAg7wO4ORF1IZU-MUYbOadnuYcx_xggkwCIGNSZViFNXgwxZFHCTEjMYMLcmnAFcZbh9JBm6zasnHU/lsparams/mh,mm,mn,ms,mv,mvi,pl,initcwndbps/lsig/AG3C_xAwRgIhAIJEUzzjtDuNAptDAl3_yUgtt9nfz0tH6lxhl0-YtHWwAiEA-WqTERk5BsilZWAfIeEpGLGPwAcuX-pyqU8GRGdLm2A%3D/", "fragments": [{"path": "sq/0"}, {"path": "sq/1/dur/5.157", "duration": 5.157}, {"path": "sq/2/dur/5.158", "duration": 5.158}, {"path": "sq/3/dur/5.157", "duration": 5.157}, {"path": "sq/4/dur/5.157", "duration": 5.157}, {"path": "sq/5/dur/5.158", "duration": 5.158}, {"path": "sq/6/dur/5.157", "duration": 5.157}, {"path": "sq/7/dur/5.157", "duration": 5.157}, {"path": "sq/8/dur/5.158", "duration": 5.158}, {"path": "sq/9/dur/5.157", "duration": 5.157}, {"path": "sq/10/dur/5.157", "duration": 5.157}, {"path": "sq/11/dur/5.158", "duration": 5.158}, {"path": "sq/12/dur/5.157", "duration": 5.157}, {"path": "sq/13/dur/5.157", "duration": 5.157}, {"path": "sq/14/dur/5.158", "duration": 5.158}, {"path": "sq/15/dur/5.157", "duration": 5.157}, {"path": "sq/16/dur/5.157", "duration": 5.157}, {"path": "sq/17/dur/5.158", "duration": 5.158}, {"path": "sq/18/dur/5.157", "duration": 5.157}, {"path": "sq/19/dur/5.157", "duration": 5.157}, {"path": "sq/20/dur/3.344", "duration": 3.344}], "protocol": "http_dash_segments", "format": "244 - 854x480 (DASH video)", "http_headers": {"User-Agent": "Mozilla/5.0 (Windows NT 10.0; Win64; x64) AppleWebKit/537.36 (KHTML, like Gecko) Chrome/74.0.3729.16 Safari/537.36", "Accept-Charset": "ISO-8859-1,utf-8;q=0.7,*;q=0.7", "Accept": "text/html,application/xhtml+xml,application/xml;q=0.9,*/*;q=0.8", "Accept-Encoding": "gzip, deflate", "Accept-Language": "en-us,en;q=0.5"}}, {"ext": "mp4", "height": 480, "format_note": "DASH video", "vcodec": "avc1.4d4014", "format_id": "135", "manifest_url": "https://manifest.googlevideo.com/api/manifest/dash/expire/1609068886/ei/9hzoX-SMHMnAgAPXzarwDQ/ip/140.109.135.76/id/0467f99c27733ce7/source/youtube/requiressl/yes/playback_host/r6---sn-5njj-u2xl.googlevideo.com/mh/Tl/mm/31%2C29/mn/sn-5njj-u2xl%2Csn-un57sn76/ms/au%2Crdu/mv/m/mvi/6/pl/16/tx/23975651/txs/23975649%2C23975650%2C23975651%2C23975652%2C23975653%2C23975654/hfr/all/as/fmp4_audio_clear%2Cwebm_audio_clear%2Cwebm2_audio_clear%2Cfmp4_sd_hd_clear%2Cwebm2_sd_hd_clear/initcwndbps/640000/vprv/1/mt/1609046913/fvip/6/keepalive/yes/itag/0/sparams/expire%2Cei%2Cip%2Cid%2Csource%2Crequiressl%2Ctx%2Ctxs%2Chfr%2Cas%2Cvprv%2Citag/sig/AOq0QJ8wRQIgf1uZvHBo1DS_gCzPaiIOLgwuPUKH4jYHL0SkclvX-Y0CIQDx8qiy5EO-Pmew5ljTv5gTxyiT-jZIG7nMEtvaQinncg%3D%3D/lsparams/playback_host%2Cmh%2Cmm%2Cmn%2Cms%2Cmv%2Cmvi%2Cpl%2Cinitcwndbps/lsig/AG3C_xAwRgIhAO_Wbu4ZpmsCP7aBHbYIFTu_mtvcgSyArcY4SNM0kp6_AiEA9fkc_uFDU-Qr-SpVRL9DVLUpoe00fCMvyxcPYU3MszA%3D", "width": 854, "tbr": 1155.0, "asr": null, "fps": 25, "language": null, "filesize": null, "container": "mp4_dash", "acodec": "none", "url": "https://manifest.googlevideo.com/api/manifest/dash/expire/1609068886/ei/9hzoX-SMHMnAgAPXzarwDQ/ip/140.109.135.76/id/0467f99c27733ce7/source/youtube/requiressl/yes/playback_host/r6---sn-5njj-u2xl.googlevideo.com/mh/Tl/mm/31%2C29/mn/sn-5njj-u2xl%2Csn-un57sn76/ms/au%2Crdu/mv/m/mvi/6/pl/16/tx/23975651/txs/23975649%2C23975650%2C23975651%2C23975652%2C23975653%2C23975654/hfr/all/as/fmp4_audio_clear%2Cwebm_audio_clear%2Cwebm2_audio_clear%2Cfmp4_sd_hd_clear%2Cwebm2_sd_hd_clear/initcwndbps/640000/vprv/1/mt/1609046913/fvip/6/keepalive/yes/itag/0/sparams/expire%2Cei%2Cip%2Cid%2Csource%2Crequiressl%2Ctx%2Ctxs%2Chfr%2Cas%2Cvprv%2Citag/sig/AOq0QJ8wRQIgf1uZvHBo1DS_gCzPaiIOLgwuPUKH4jYHL0SkclvX-Y0CIQDx8qiy5EO-Pmew5ljTv5gTxyiT-jZIG7nMEtvaQinncg%3D%3D/lsparams/playback_host%2Cmh%2Cmm%2Cmn%2Cms%2Cmv%2Cmvi%2Cpl%2Cinitcwndbps/lsig/AG3C_xAwRgIhAO_Wbu4ZpmsCP7aBHbYIFTu_mtvcgSyArcY4SNM0kp6_AiEA9fkc_uFDU-Qr-SpVRL9DVLUpoe00fCMvyxcPYU3MszA%3D", "fragment_base_url": "https://r6---sn-5njj-u2xl.googlevideo.com/videoplayback/expire/1609068886/ei/9hzoX-SMHMnAgAPXzarwDQ/ip/140.109.135.76/id/0467f99c27733ce7/itag/135/source/yt_otf/requiressl/yes/mh/Tl/mm/31,29/mn/sn-5njj-u2xl,sn-un57sn76/ms/au,rdu/mv/m/mvi/6/pl/16/initcwndbps/640000/vprv/1/ratebypass/yes/mime/video%2Fmp4/otfp/1/otf/1/lmt/1559305853177713/mt/1609046913/fvip/6/keepalive/yes/sparams/expire,ei,ip,id,itag,source,requiressl,vprv,ratebypass,mime,otfp,otf,lmt/sig/AOq0QJ8wRgIhALOVlBmuWgdQjDje0pD5yGZ2Isg6WXQnGX3HKFea1wenAiEApja6Tira9xK-tJlQkdoj9cfrnjd-HpCHhxZkDwDTWTw%3D/lsparams/mh,mm,mn,ms,mv,mvi,pl,initcwndbps/lsig/AG3C_xAwRQIgXCAXbW8kd7YP2i3YEG93llg9kgK8divKWsHs9SKwox0CIQCXLh-3QivRWHNZkH21QbDpj5lnx4gw_Ml7v_mq3AMz5w%3D%3D/", "fragments": [{"path": "sq/0"}, {"path": "sq/1/dur/5.157", "duration": 5.157}, {"path": "sq/2/dur/5.158", "duration": 5.158}, {"path": "sq/3/dur/5.157", "duration": 5.157}, {"path": "sq/4/dur/5.157", "duration": 5.157}, {"path": "sq/5/dur/5.158", "duration": 5.158}, {"path": "sq/6/dur/5.157", "duration": 5.157}, {"path": "sq/7/dur/5.157", "duration": 5.157}, {"path": "sq/8/dur/5.158", "duration": 5.158}, {"path": "sq/9/dur/5.157", "duration": 5.157}, {"path": "sq/10/dur/5.157", "duration": 5.157}, {"path": "sq/11/dur/5.158", "duration": 5.158}, {"path": "sq/12/dur/5.157", "duration": 5.157}, {"path": "sq/13/dur/5.157", "duration": 5.157}, {"path": "sq/14/dur/5.158", "duration": 5.158}, {"path": "sq/15/dur/5.157", "duration": 5.157}, {"path": "sq/16/dur/5.157", "duration": 5.157}, {"path": "sq/17/dur/5.158", "duration": 5.158}, {"path": "sq/18/dur/5.157", "duration": 5.157}, {"path": "sq/19/dur/5.157", "duration": 5.157}, {"path": "sq/20/dur/3.344", "duration": 3.344}], "protocol": "http_dash_segments", "format": "135 - 854x480 (DASH video)", "http_headers": {"User-Agent": "Mozilla/5.0 (Windows NT 10.0; Win64; x64) AppleWebKit/537.36 (KHTML, like Gecko) Chrome/74.0.3729.16 Safari/537.36", "Accept-Charset": "ISO-8859-1,utf-8;q=0.7,*;q=0.7", "Accept": "text/html,application/xhtml+xml,application/xml;q=0.9,*/*;q=0.8", "Accept-Encoding": "gzip, deflate", "Accept-Language": "en-us,en;q=0.5"}}, {"ext": "webm", "height": 720, "format_note": "DASH video", "vcodec": "vp9", "format_id": "247", "manifest_url": "https://manifest.googlevideo.com/api/manifest/dash/expire/1609068886/ei/9hzoX-SMHMnAgAPXzarwDQ/ip/140.109.135.76/id/0467f99c27733ce7/source/youtube/requiressl/yes/playback_host/r6---sn-5njj-u2xl.googlevideo.com/mh/Tl/mm/31%2C29/mn/sn-5njj-u2xl%2Csn-un57sn76/ms/au%2Crdu/mv/m/mvi/6/pl/16/tx/23975651/txs/23975649%2C23975650%2C23975651%2C23975652%2C23975653%2C23975654/hfr/all/as/fmp4_audio_clear%2Cwebm_audio_clear%2Cwebm2_audio_clear%2Cfmp4_sd_hd_clear%2Cwebm2_sd_hd_clear/initcwndbps/640000/vprv/1/mt/1609046913/fvip/6/keepalive/yes/itag/0/sparams/expire%2Cei%2Cip%2Cid%2Csource%2Crequiressl%2Ctx%2Ctxs%2Chfr%2Cas%2Cvprv%2Citag/sig/AOq0QJ8wRQIgf1uZvHBo1DS_gCzPaiIOLgwuPUKH4jYHL0SkclvX-Y0CIQDx8qiy5EO-Pmew5ljTv5gTxyiT-jZIG7nMEtvaQinncg%3D%3D/lsparams/playback_host%2Cmh%2Cmm%2Cmn%2Cms%2Cmv%2Cmvi%2Cpl%2Cinitcwndbps/lsig/AG3C_xAwRgIhAO_Wbu4ZpmsCP7aBHbYIFTu_mtvcgSyArcY4SNM0kp6_AiEA9fkc_uFDU-Qr-SpVRL9DVLUpoe00fCMvyxcPYU3MszA%3D", "width": 1280, "tbr": 1505.28, "asr": null, "fps": 25, "language": null, "filesize": null, "container": "webm_dash", "acodec": "none", "url": "https://manifest.googlevideo.com/api/manifest/dash/expire/1609068886/ei/9hzoX-SMHMnAgAPXzarwDQ/ip/140.109.135.76/id/0467f99c27733ce7/source/youtube/requiressl/yes/playback_host/r6---sn-5njj-u2xl.googlevideo.com/mh/Tl/mm/31%2C29/mn/sn-5njj-u2xl%2Csn-un57sn76/ms/au%2Crdu/mv/m/mvi/6/pl/16/tx/23975651/txs/23975649%2C23975650%2C23975651%2C23975652%2C23975653%2C23975654/hfr/all/as/fmp4_audio_clear%2Cwebm_audio_clear%2Cwebm2_audio_clear%2Cfmp4_sd_hd_clear%2Cwebm2_sd_hd_clear/initcwndbps/640000/vprv/1/mt/1609046913/fvip/6/keepalive/yes/itag/0/sparams/expire%2Cei%2Cip%2Cid%2Csource%2Crequiressl%2Ctx%2Ctxs%2Chfr%2Cas%2Cvprv%2Citag/sig/AOq0QJ8wRQIgf1uZvHBo1DS_gCzPaiIOLgwuPUKH4jYHL0SkclvX-Y0CIQDx8qiy5EO-Pmew5ljTv5gTxyiT-jZIG7nMEtvaQinncg%3D%3D/lsparams/playback_host%2Cmh%2Cmm%2Cmn%2Cms%2Cmv%2Cmvi%2Cpl%2Cinitcwndbps/lsig/AG3C_xAwRgIhAO_Wbu4ZpmsCP7aBHbYIFTu_mtvcgSyArcY4SNM0kp6_AiEA9fkc_uFDU-Qr-SpVRL9DVLUpoe00fCMvyxcPYU3MszA%3D", "fragment_base_url": "https://r6---sn-5njj-u2xl.googlevideo.com/videoplayback/expire/1609068886/ei/9hzoX-SMHMnAgAPXzarwDQ/ip/140.109.135.76/id/0467f99c27733ce7/itag/247/source/yt_otf/requiressl/yes/mh/Tl/mm/31,29/mn/sn-5njj-u2xl,sn-un57sn76/ms/au,rdu/mv/m/mvi/6/pl/16/initcwndbps/640000/vprv/1/ratebypass/yes/mime/video%2Fwebm/otfp/1/otf/1/lmt/1559305853177713/mt/1609046913/fvip/6/keepalive/yes/sparams/expire,ei,ip,id,itag,source,requiressl,vprv,ratebypass,mime,otfp,otf,lmt/sig/AOq0QJ8wRgIhAJIYXqctpFuzX-w1jxpAHwWghp2i9eioCL8jUNuBJdTpAiEAyORyeoZNq5DJvD4SOXz0TC46GuV7djBwqhRIC9W4RSo%3D/lsparams/mh,mm,mn,ms,mv,mvi,pl,initcwndbps/lsig/AG3C_xAwRgIhAO4IAvhvwXMzuUvFUKN2zyJAkRHUOS-96vkq3AJ2632oAiEAxx_VQ7F0HYyrUu7TljvqgRzla79DCYLknzoDz9kFCZw%3D/", "fragments": [{"path": "sq/0"}, {"path": "sq/1/dur/5.157", "duration": 5.157}, {"path": "sq/2/dur/5.158", "duration": 5.158}, {"path": "sq/3/dur/5.157", "duration": 5.157}, {"path": "sq/4/dur/5.157", "duration": 5.157}, {"path": "sq/5/dur/5.158", "duration": 5.158}, {"path": "sq/6/dur/5.157", "duration": 5.157}, {"path": "sq/7/dur/5.157", "duration": 5.157}, {"path": "sq/8/dur/5.158", "duration": 5.158}, {"path": "sq/9/dur/5.157", "duration": 5.157}, {"path": "sq/10/dur/5.157", "duration": 5.157}, {"path": "sq/11/dur/5.158", "duration": 5.158}, {"path": "sq/12/dur/5.157", "duration": 5.157}, {"path": "sq/13/dur/5.157", "duration": 5.157}, {"path": "sq/14/dur/5.158", "duration": 5.158}, {"path": "sq/15/dur/5.157", "duration": 5.157}, {"path": "sq/16/dur/5.157", "duration": 5.157}, {"path": "sq/17/dur/5.158", "duration": 5.158}, {"path": "sq/18/dur/5.157", "duration": 5.157}, {"path": "sq/19/dur/5.157", "duration": 5.157}, {"path": "sq/20/dur/3.344", "duration": 3.344}], "protocol": "http_dash_segments", "format": "247 - 1280x720 (DASH video)", "http_headers": {"User-Agent": "Mozilla/5.0 (Windows NT 10.0; Win64; x64) AppleWebKit/537.36 (KHTML, like Gecko) Chrome/74.0.3729.16 Safari/537.36", "Accept-Charset": "ISO-8859-1,utf-8;q=0.7,*;q=0.7", "Accept": "text/html,application/xhtml+xml,application/xml;q=0.9,*/*;q=0.8", "Accept-Encoding": "gzip, deflate", "Accept-Language": "en-us,en;q=0.5"}}, {"ext": "mp4", "height": 720, "format_note": "DASH video", "vcodec": "avc1.4d4016", "format_id": "136", "manifest_url": "https://manifest.googlevideo.com/api/manifest/dash/expire/1609068886/ei/9hzoX-SMHMnAgAPXzarwDQ/ip/140.109.135.76/id/0467f99c27733ce7/source/youtube/requiressl/yes/playback_host/r6---sn-5njj-u2xl.googlevideo.com/mh/Tl/mm/31%2C29/mn/sn-5njj-u2xl%2Csn-un57sn76/ms/au%2Crdu/mv/m/mvi/6/pl/16/tx/23975651/txs/23975649%2C23975650%2C23975651%2C23975652%2C23975653%2C23975654/hfr/all/as/fmp4_audio_clear%2Cwebm_audio_clear%2Cwebm2_audio_clear%2Cfmp4_sd_hd_clear%2Cwebm2_sd_hd_clear/initcwndbps/640000/vprv/1/mt/1609046913/fvip/6/keepalive/yes/itag/0/sparams/expire%2Cei%2Cip%2Cid%2Csource%2Crequiressl%2Ctx%2Ctxs%2Chfr%2Cas%2Cvprv%2Citag/sig/AOq0QJ8wRQIgf1uZvHBo1DS_gCzPaiIOLgwuPUKH4jYHL0SkclvX-Y0CIQDx8qiy5EO-Pmew5ljTv5gTxyiT-jZIG7nMEtvaQinncg%3D%3D/lsparams/playback_host%2Cmh%2Cmm%2Cmn%2Cms%2Cmv%2Cmvi%2Cpl%2Cinitcwndbps/lsig/AG3C_xAwRgIhAO_Wbu4ZpmsCP7aBHbYIFTu_mtvcgSyArcY4SNM0kp6_AiEA9fkc_uFDU-Qr-SpVRL9DVLUpoe00fCMvyxcPYU3MszA%3D", "width": 1280, "tbr": 2310.0, "asr": null, "fps": 25, "language": null, "filesize": null, "container": "mp4_dash", "acodec": "none", "url": "https://manifest.googlevideo.com/api/manifest/dash/expire/1609068886/ei/9hzoX-SMHMnAgAPXzarwDQ/ip/140.109.135.76/id/0467f99c27733ce7/source/youtube/requiressl/yes/playback_host/r6---sn-5njj-u2xl.googlevideo.com/mh/Tl/mm/31%2C29/mn/sn-5njj-u2xl%2Csn-un57sn76/ms/au%2Crdu/mv/m/mvi/6/pl/16/tx/23975651/txs/23975649%2C23975650%2C23975651%2C23975652%2C23975653%2C23975654/hfr/all/as/fmp4_audio_clear%2Cwebm_audio_clear%2Cwebm2_audio_clear%2Cfmp4_sd_hd_clear%2Cwebm2_sd_hd_clear/initcwndbps/640000/vprv/1/mt/1609046913/fvip/6/keepalive/yes/itag/0/sparams/expire%2Cei%2Cip%2Cid%2Csource%2Crequiressl%2Ctx%2Ctxs%2Chfr%2Cas%2Cvprv%2Citag/sig/AOq0QJ8wRQIgf1uZvHBo1DS_gCzPaiIOLgwuPUKH4jYHL0SkclvX-Y0CIQDx8qiy5EO-Pmew5ljTv5gTxyiT-jZIG7nMEtvaQinncg%3D%3D/lsparams/playback_host%2Cmh%2Cmm%2Cmn%2Cms%2Cmv%2Cmvi%2Cpl%2Cinitcwndbps/lsig/AG3C_xAwRgIhAO_Wbu4ZpmsCP7aBHbYIFTu_mtvcgSyArcY4SNM0kp6_AiEA9fkc_uFDU-Qr-SpVRL9DVLUpoe00fCMvyxcPYU3MszA%3D", "fragment_base_url": "https://r6---sn-5njj-u2xl.googlevideo.com/videoplayback/expire/1609068886/ei/9hzoX-SMHMnAgAPXzarwDQ/ip/140.109.135.76/id/0467f99c27733ce7/itag/136/source/yt_otf/requiressl/yes/mh/Tl/mm/31,29/mn/sn-5njj-u2xl,sn-un57sn76/ms/au,rdu/mv/m/mvi/6/pl/16/initcwndbps/640000/vprv/1/ratebypass/yes/mime/video%2Fmp4/otfp/1/otf/1/lmt/1559305853177713/mt/1609046913/fvip/6/keepalive/yes/sparams/expire,ei,ip,id,itag,source,requiressl,vprv,ratebypass,mime,otfp,otf,lmt/sig/AOq0QJ8wRAIgKHaVNIDDhuwgrQ_VVI_ZJGOGXkB1mz71llrLq4sZY9ICIEjjvVR1jm2oxgS-F3kGmMSPA3PG_lGvjOe9ifJylvDo/lsparams/mh,mm,mn,ms,mv,mvi,pl,initcwndbps/lsig/AG3C_xAwRgIhAPXNKHaVvaEOxEyLJR5922g0KcifRftvxFsxDi1ZyyKgAiEA5ArcxeUWGchLqtW7JDFX9HHcZNaJRajVwCYBDUV6KqI%3D/", "fragments": [{"path": "sq/0"}, {"path": "sq/1/dur/5.157", "duration": 5.157}, {"path": "sq/2/dur/5.158", "duration": 5.158}, {"path": "sq/3/dur/5.157", "duration": 5.157}, {"path": "sq/4/dur/5.157", "duration": 5.157}, {"path": "sq/5/dur/5.158", "duration": 5.158}, {"path": "sq/6/dur/5.157", "duration": 5.157}, {"path": "sq/7/dur/5.157", "duration": 5.157}, {"path": "sq/8/dur/5.158", "duration": 5.158}, {"path": "sq/9/dur/5.157", "duration": 5.157}, {"path": "sq/10/dur/5.157", "duration": 5.157}, {"path": "sq/11/dur/5.158", "duration": 5.158}, {"path": "sq/12/dur/5.157", "duration": 5.157}, {"path": "sq/13/dur/5.157", "duration": 5.157}, {"path": "sq/14/dur/5.158", "duration": 5.158}, {"path": "sq/15/dur/5.157", "duration": 5.157}, {"path": "sq/16/dur/5.157", "duration": 5.157}, {"path": "sq/17/dur/5.158", "duration": 5.158}, {"path": "sq/18/dur/5.157", "duration": 5.157}, {"path": "sq/19/dur/5.157", "duration": 5.157}, {"path": "sq/20/dur/3.344", "duration": 3.344}], "protocol": "http_dash_segments", "format": "136 - 1280x720 (DASH video)", "http_headers": {"User-Agent": "Mozilla/5.0 (Windows NT 10.0; Win64; x64) AppleWebKit/537.36 (KHTML, like Gecko) Chrome/74.0.3729.16 Safari/537.36", "Accept-Charset": "ISO-8859-1,utf-8;q=0.7,*;q=0.7", "Accept": "text/html,application/xhtml+xml,application/xml;q=0.9,*/*;q=0.8", "Accept-Encoding": "gzip, deflate", "Accept-Language": "en-us,en;q=0.5"}}, {"ext": "webm", "height": 1080, "format_note": "DASH video", "vcodec": "vp9", "format_id": "248", "manifest_url": "https://manifest.googlevideo.com/api/manifest/dash/expire/1609068886/ei/9hzoX-SMHMnAgAPXzarwDQ/ip/140.109.135.76/id/0467f99c27733ce7/source/youtube/requiressl/yes/playback_host/r6---sn-5njj-u2xl.googlevideo.com/mh/Tl/mm/31%2C29/mn/sn-5njj-u2xl%2Csn-un57sn76/ms/au%2Crdu/mv/m/mvi/6/pl/16/tx/23975651/txs/23975649%2C23975650%2C23975651%2C23975652%2C23975653%2C23975654/hfr/all/as/fmp4_audio_clear%2Cwebm_audio_clear%2Cwebm2_audio_clear%2Cfmp4_sd_hd_clear%2Cwebm2_sd_hd_clear/initcwndbps/640000/vprv/1/mt/1609046913/fvip/6/keepalive/yes/itag/0/sparams/expire%2Cei%2Cip%2Cid%2Csource%2Crequiressl%2Ctx%2Ctxs%2Chfr%2Cas%2Cvprv%2Citag/sig/AOq0QJ8wRQIgf1uZvHBo1DS_gCzPaiIOLgwuPUKH4jYHL0SkclvX-Y0CIQDx8qiy5EO-Pmew5ljTv5gTxyiT-jZIG7nMEtvaQinncg%3D%3D/lsparams/playback_host%2Cmh%2Cmm%2Cmn%2Cms%2Cmv%2Cmvi%2Cpl%2Cinitcwndbps/lsig/AG3C_xAwRgIhAO_Wbu4ZpmsCP7aBHbYIFTu_mtvcgSyArcY4SNM0kp6_AiEA9fkc_uFDU-Qr-SpVRL9DVLUpoe00fCMvyxcPYU3MszA%3D", "width": 1920, "tbr": 2646.0, "asr": null, "fps": 25, "language": null, "filesize": null, "container": "webm_dash", "acodec": "none", "url": "https://manifest.googlevideo.com/api/manifest/dash/expire/1609068886/ei/9hzoX-SMHMnAgAPXzarwDQ/ip/140.109.135.76/id/0467f99c27733ce7/source/youtube/requiressl/yes/playback_host/r6---sn-5njj-u2xl.googlevideo.com/mh/Tl/mm/31%2C29/mn/sn-5njj-u2xl%2Csn-un57sn76/ms/au%2Crdu/mv/m/mvi/6/pl/16/tx/23975651/txs/23975649%2C23975650%2C23975651%2C23975652%2C23975653%2C23975654/hfr/all/as/fmp4_audio_clear%2Cwebm_audio_clear%2Cwebm2_audio_clear%2Cfmp4_sd_hd_clear%2Cwebm2_sd_hd_clear/initcwndbps/640000/vprv/1/mt/1609046913/fvip/6/keepalive/yes/itag/0/sparams/expire%2Cei%2Cip%2Cid%2Csource%2Crequiressl%2Ctx%2Ctxs%2Chfr%2Cas%2Cvprv%2Citag/sig/AOq0QJ8wRQIgf1uZvHBo1DS_gCzPaiIOLgwuPUKH4jYHL0SkclvX-Y0CIQDx8qiy5EO-Pmew5ljTv5gTxyiT-jZIG7nMEtvaQinncg%3D%3D/lsparams/playback_host%2Cmh%2Cmm%2Cmn%2Cms%2Cmv%2Cmvi%2Cpl%2Cinitcwndbps/lsig/AG3C_xAwRgIhAO_Wbu4ZpmsCP7aBHbYIFTu_mtvcgSyArcY4SNM0kp6_AiEA9fkc_uFDU-Qr-SpVRL9DVLUpoe00fCMvyxcPYU3MszA%3D", "fragment_base_url": "https://r6---sn-5njj-u2xl.googlevideo.com/videoplayback/expire/1609068886/ei/9hzoX-SMHMnAgAPXzarwDQ/ip/140.109.135.76/id/0467f99c27733ce7/itag/248/source/yt_otf/requiressl/yes/mh/Tl/mm/31,29/mn/sn-5njj-u2xl,sn-un57sn76/ms/au,rdu/mv/m/mvi/6/pl/16/initcwndbps/640000/vprv/1/ratebypass/yes/mime/video%2Fwebm/otfp/1/otf/1/lmt/1559305853177713/mt/1609046913/fvip/6/keepalive/yes/sparams/expire,ei,ip,id,itag,source,requiressl,vprv,ratebypass,mime,otfp,otf,lmt/sig/AOq0QJ8wRAIgbEwcl-kG94SgfILanwJghJOpJj4ab4BUryJgqAPAHTwCICT8TxrXFSOpVl__RBbXW5o_91_N86yowaIr-nT-3d0t/lsparams/mh,mm,mn,ms,mv,mvi,pl,initcwndbps/lsig/AG3C_xAwRAIgVUMtOYmaUgwdbbitJVL3B2_SoWtAWwy1GD8vBv78x04CIAWHH5xwCwWh13dkJxDMI999bQ4NI65a59mFTLFP68hU/", "fragments": [{"path": "sq/0"}, {"path": "sq/1/dur/5.157", "duration": 5.157}, {"path": "sq/2/dur/5.158", "duration": 5.158}, {"path": "sq/3/dur/5.157", "duration": 5.157}, {"path": "sq/4/dur/5.157", "duration": 5.157}, {"path": "sq/5/dur/5.158", "duration": 5.158}, {"path": "sq/6/dur/5.157", "duration": 5.157}, {"path": "sq/7/dur/5.157", "duration": 5.157}, {"path": "sq/8/dur/5.158", "duration": 5.158}, {"path": "sq/9/dur/5.157", "duration": 5.157}, {"path": "sq/10/dur/5.157", "duration": 5.157}, {"path": "sq/11/dur/5.158", "duration": 5.158}, {"path": "sq/12/dur/5.157", "duration": 5.157}, {"path": "sq/13/dur/5.157", "duration": 5.157}, {"path": "sq/14/dur/5.158", "duration": 5.158}, {"path": "sq/15/dur/5.157", "duration": 5.157}, {"path": "sq/16/dur/5.157", "duration": 5.157}, {"path": "sq/17/dur/5.158", "duration": 5.158}, {"path": "sq/18/dur/5.157", "duration": 5.157}, {"path": "sq/19/dur/5.157", "duration": 5.157}, {"path": "sq/20/dur/3.344", "duration": 3.344}], "protocol": "http_dash_segments", "format": "248 - 1920x1080 (DASH video)", "http_headers": {"User-Agent": "Mozilla/5.0 (Windows NT 10.0; Win64; x64) AppleWebKit/537.36 (KHTML, like Gecko) Chrome/74.0.3729.16 Safari/537.36", "Accept-Charset": "ISO-8859-1,utf-8;q=0.7,*;q=0.7", "Accept": "text/html,application/xhtml+xml,application/xml;q=0.9,*/*;q=0.8", "Accept-Encoding": "gzip, deflate", "Accept-Language": "en-us,en;q=0.5"}}, {"ext": "mp4", "height": 1080, "format_note": "DASH video", "vcodec": "avc1.640028", "format_id": "137", "manifest_url": "https://manifest.googlevideo.com/api/manifest/dash/expire/1609068886/ei/9hzoX-SMHMnAgAPXzarwDQ/ip/140.109.135.76/id/0467f99c27733ce7/source/youtube/requiressl/yes/playback_host/r6---sn-5njj-u2xl.googlevideo.com/mh/Tl/mm/31%2C29/mn/sn-5njj-u2xl%2Csn-un57sn76/ms/au%2Crdu/mv/m/mvi/6/pl/16/tx/23975651/txs/23975649%2C23975650%2C23975651%2C23975652%2C23975653%2C23975654/hfr/all/as/fmp4_audio_clear%2Cwebm_audio_clear%2Cwebm2_audio_clear%2Cfmp4_sd_hd_clear%2Cwebm2_sd_hd_clear/initcwndbps/640000/vprv/1/mt/1609046913/fvip/6/keepalive/yes/itag/0/sparams/expire%2Cei%2Cip%2Cid%2Csource%2Crequiressl%2Ctx%2Ctxs%2Chfr%2Cas%2Cvprv%2Citag/sig/AOq0QJ8wRQIgf1uZvHBo1DS_gCzPaiIOLgwuPUKH4jYHL0SkclvX-Y0CIQDx8qiy5EO-Pmew5ljTv5gTxyiT-jZIG7nMEtvaQinncg%3D%3D/lsparams/playback_host%2Cmh%2Cmm%2Cmn%2Cms%2Cmv%2Cmvi%2Cpl%2Cinitcwndbps/lsig/AG3C_xAwRgIhAO_Wbu4ZpmsCP7aBHbYIFTu_mtvcgSyArcY4SNM0kp6_AiEA9fkc_uFDU-Qr-SpVRL9DVLUpoe00fCMvyxcPYU3MszA%3D", "width": 1920, "tbr": 4672.057, "asr": null, "fps": 25, "language": null, "filesize": null, "container": "mp4_dash", "acodec": "none", "url": "https://manifest.googlevideo.com/api/manifest/dash/expire/1609068886/ei/9hzoX-SMHMnAgAPXzarwDQ/ip/140.109.135.76/id/0467f99c27733ce7/source/youtube/requiressl/yes/playback_host/r6---sn-5njj-u2xl.googlevideo.com/mh/Tl/mm/31%2C29/mn/sn-5njj-u2xl%2Csn-un57sn76/ms/au%2Crdu/mv/m/mvi/6/pl/16/tx/23975651/txs/23975649%2C23975650%2C23975651%2C23975652%2C23975653%2C23975654/hfr/all/as/fmp4_audio_clear%2Cwebm_audio_clear%2Cwebm2_audio_clear%2Cfmp4_sd_hd_clear%2Cwebm2_sd_hd_clear/initcwndbps/640000/vprv/1/mt/1609046913/fvip/6/keepalive/yes/itag/0/sparams/expire%2Cei%2Cip%2Cid%2Csource%2Crequiressl%2Ctx%2Ctxs%2Chfr%2Cas%2Cvprv%2Citag/sig/AOq0QJ8wRQIgf1uZvHBo1DS_gCzPaiIOLgwuPUKH4jYHL0SkclvX-Y0CIQDx8qiy5EO-Pmew5ljTv5gTxyiT-jZIG7nMEtvaQinncg%3D%3D/lsparams/playback_host%2Cmh%2Cmm%2Cmn%2Cms%2Cmv%2Cmvi%2Cpl%2Cinitcwndbps/lsig/AG3C_xAwRgIhAO_Wbu4ZpmsCP7aBHbYIFTu_mtvcgSyArcY4SNM0kp6_AiEA9fkc_uFDU-Qr-SpVRL9DVLUpoe00fCMvyxcPYU3MszA%3D", "fragment_base_url": "https://r6---sn-5njj-u2xl.googlevideo.com/videoplayback/expire/1609068886/ei/9hzoX-SMHMnAgAPXzarwDQ/ip/140.109.135.76/id/0467f99c27733ce7/itag/137/source/youtube/requiressl/yes/mh/Tl/mm/31,29/mn/sn-5njj-u2xl,sn-un57sn76/ms/au,rdu/mv/m/mvi/6/pl/16/initcwndbps/640000/vprv/1/ratebypass/yes/mime/video%2Fmp4/otfp/1/gir/yes/clen/51331804/lmt/1559305853177713/dur/101.333/mt/1609046913/fvip/6/keepalive/yes/sparams/expire,ei,ip,id,itag,source,requiressl,vprv,ratebypass,mime,otfp,gir,clen,lmt,dur/sig/AOq0QJ8wRAIgfzNXTdyMbCQBmrmAoN-ejmNACbnXkgZB9gerEV5iW44CIBeWIvtzjubPI_6zxRhIz52_Boq_Ua0LWYAcOkj8BDfr/lsparams/mh,mm,mn,ms,mv,mvi,pl,initcwndbps/lsig/AG3C_xAwRQIgLZgtg-LdGQ-oDtzawpB1d6fqQf6nUDgzD58MiDkdGwQCIQDlDEqX10eP1MJtdPiBSJh3djEAkkAEF9I3R8Ooud51fA%3D%3D/", "fragments": [{"path": "range/0-764"}, {"path": "range/1037-2283304", "duration": 5.157}, {"path": "range/2283305-4708261", "duration": 5.158}, {"path": "range/4708262-7467686", "duration": 5.157}, {"path": "range/7467687-10312309", "duration": 5.157}, {"path": "range/10312310-12926129", "duration": 5.158}, {"path": "range/12926130-15542899", "duration": 5.157}, {"path": "range/15542900-18280580", "duration": 5.157}, {"path": "range/18280581-21153115", "duration": 5.158}, {"path": "range/21153116-23515467", "duration": 5.157}, {"path": "range/23515468-26495918", "duration": 5.157}, {"path": "range/26495919-29017625", "duration": 5.158}, {"path": "range/29017626-31767058", "duration": 5.157}, {"path": "range/31767059-34489273", "duration": 5.157}, {"path": "range/34489274-37326264", "duration": 5.158}, {"path": "range/37326265-39739511", "duration": 5.157}, {"path": "range/39739512-42751236", "duration": 5.157}, {"path": "range/42751237-45294201", "duration": 5.158}, {"path": "range/45294202-47698713", "duration": 5.157}, {"path": "range/47698714-50194349", "duration": 5.157}, {"path": "range/50194350-51331803", "duration": 3.344}], "protocol": "http_dash_segments", "format": "137 - 1920x1080 (DASH video)", "http_headers": {"User-Agent": "Mozilla/5.0 (Windows NT 10.0; Win64; x64) AppleWebKit/537.36 (KHTML, like Gecko) Chrome/74.0.3729.16 Safari/537.36", "Accept-Charset": "ISO-8859-1,utf-8;q=0.7,*;q=0.7", "Accept": "text/html,application/xhtml+xml,application/xml;q=0.9,*/*;q=0.8", "Accept-Encoding": "gzip, deflate", "Accept-Language": "en-us,en;q=0.5"}}, {"format_id": "18", "url": "https://r6---sn-5njj-u2xl.googlevideo.com/videoplayback?expire=1609068886&ei=9hzoX-SMHMnAgAPXzarwDQ&ip=140.109.135.76&id=o-AIr92x3lIdIaFMMvsC87Wa5gHooSwLChVAt50AkG9Wn4&itag=18&source=youtube&requiressl=yes&mh=Tl&mm=31%2C29&mn=sn-5njj-u2xl%2Csn-un57sn76&ms=au%2Crdu&mv=m&mvi=6&pl=16&initcwndbps=640000&vprv=1&mime=video%2Fmp4&ns=Q-BFfO7ZerjHjjVIm0bmbRIF&gir=yes&clen=6025612&ratebypass=yes&dur=101.401&lmt=1559305849570904&mt=1609046913&fvip=6&c=WEB&txp=2211222&n=-8CA1IYa_NZBlwgU&sparams=expire%2Cei%2Cip%2Cid%2Citag%2Csource%2Crequiressl%2Cvprv%2Cmime%2Cns%2Cgir%2Cclen%2Cratebypass%2Cdur%2Clmt&sig=AOq0QJ8wRQIhAIeLELDwaP9I0FHsCOM181VUlWDr2Ue1SRFsUch7mI7HAiAvgMFUnX3RU9sss-fBlPrAR_J9w2vRQmiSVwgTDMqmlw%3D%3D&lsparams=mh%2Cmm%2Cmn%2Cms%2Cmv%2Cmvi%2Cpl%2Cinitcwndbps&lsig=AG3C_xAwRQIgdfUgOHoK-4rTZwwWZVg8mwTGLv_wJa-YCaF-aPmBU9cCIQCMaNXFi3EMA_OM2uqiffEoPe8H3wqWCgUV6oZRXqglaw%3D%3D", "player_url": null, "ext": "mp4", "width": 640, "height": 360, "acodec": "mp4a.40.2", "abr": 96, "vcodec": "avc1.42001E", "asr": 44100, "filesize": 6025612, "format_note": "360p", "fps": 25, "tbr": 475.707, "format": "18 - 640x360 (360p)", "protocol": "https", "http_headers": {"User-Agent": "Mozilla/5.0 (Windows NT 10.0; Win64; x64) AppleWebKit/537.36 (KHTML, like Gecko) Chrome/74.0.3729.16 Safari/537.36", "Accept-Charset": "ISO-8859-1,utf-8;q=0.7,*;q=0.7", "Accept": "text/html,application/xhtml+xml,application/xml;q=0.9,*/*;q=0.8", "Accept-Encoding": "gzip, deflate", "Accept-Language": "en-us,en;q=0.5"}}], "is_live": null, "start_time": null, "end_time": null, "series": null, "season_number": null, "episode_number": null, "track": null, "artist": null, "album": null, "release_date": null, "release_year": null, "extractor": "youtube", "webpage_url_basename": "watch", "extractor_key": "Youtube", "playlist": null, "playlist_index": null, "thumbnail": "https://i.ytimg.com/vi_webp/BGf5nCdzPOc/maxresdefault.webp", "display_id": "BGf5nCdzPOc", "requested_subtitles": null, "ext": "webm", "format_note": "DASH audio", "acodec": "opus", "abr": 160, "format_id": "251", "manifest_url": "https://manifest.googlevideo.com/api/manifest/dash/expire/1609068886/ei/9hzoX-SMHMnAgAPXzarwDQ/ip/140.109.135.76/id/0467f99c27733ce7/source/youtube/requiressl/yes/playback_host/r6---sn-5njj-u2xl.googlevideo.com/mh/Tl/mm/31%2C29/mn/sn-5njj-u2xl%2Csn-un57sn76/ms/au%2Crdu/mv/m/mvi/6/pl/16/tx/23975651/txs/23975649%2C23975650%2C23975651%2C23975652%2C23975653%2C23975654/hfr/all/as/fmp4_audio_clear%2Cwebm_audio_clear%2Cwebm2_audio_clear%2Cfmp4_sd_hd_clear%2Cwebm2_sd_hd_clear/initcwndbps/640000/vprv/1/mt/1609046913/fvip/6/keepalive/yes/itag/0/sparams/expire%2Cei%2Cip%2Cid%2Csource%2Crequiressl%2Ctx%2Ctxs%2Chfr%2Cas%2Cvprv%2Citag/sig/AOq0QJ8wRQIgf1uZvHBo1DS_gCzPaiIOLgwuPUKH4jYHL0SkclvX-Y0CIQDx8qiy5EO-Pmew5ljTv5gTxyiT-jZIG7nMEtvaQinncg%3D%3D/lsparams/playback_host%2Cmh%2Cmm%2Cmn%2Cms%2Cmv%2Cmvi%2Cpl%2Cinitcwndbps/lsig/AG3C_xAwRgIhAO_Wbu4ZpmsCP7aBHbYIFTu_mtvcgSyArcY4SNM0kp6_AiEA9fkc_uFDU-Qr-SpVRL9DVLUpoe00fCMvyxcPYU3MszA%3D", "width": null, "height": null, "tbr": 166.36, "asr": 48000, "fps": null, "language": null, "filesize": null, "container": "webm_dash", "vcodec": "none", "url": "https://manifest.googlevideo.com/api/manifest/dash/expire/1609068886/ei/9hzoX-SMHMnAgAPXzarwDQ/ip/140.109.135.76/id/0467f99c27733ce7/source/youtube/requiressl/yes/playback_host/r6---sn-5njj-u2xl.googlevideo.com/mh/Tl/mm/31%2C29/mn/sn-5njj-u2xl%2Csn-un57sn76/ms/au%2Crdu/mv/m/mvi/6/pl/16/tx/23975651/txs/23975649%2C23975650%2C23975651%2C23975652%2C23975653%2C23975654/hfr/all/as/fmp4_audio_clear%2Cwebm_audio_clear%2Cwebm2_audio_clear%2Cfmp4_sd_hd_clear%2Cwebm2_sd_hd_clear/initcwndbps/640000/vprv/1/mt/1609046913/fvip/6/keepalive/yes/itag/0/sparams/expire%2Cei%2Cip%2Cid%2Csource%2Crequiressl%2Ctx%2Ctxs%2Chfr%2Cas%2Cvprv%2Citag/sig/AOq0QJ8wRQIgf1uZvHBo1DS_gCzPaiIOLgwuPUKH4jYHL0SkclvX-Y0CIQDx8qiy5EO-Pmew5ljTv5gTxyiT-jZIG7nMEtvaQinncg%3D%3D/lsparams/playback_host%2Cmh%2Cmm%2Cmn%2Cms%2Cmv%2Cmvi%2Cpl%2Cinitcwndbps/lsig/AG3C_xAwRgIhAO_Wbu4ZpmsCP7aBHbYIFTu_mtvcgSyArcY4SNM0kp6_AiEA9fkc_uFDU-Qr-SpVRL9DVLUpoe00fCMvyxcPYU3MszA%3D", "fragment_base_url": "https://r6---sn-5njj-u2xl.googlevideo.com/videoplayback/expire/1609068886/ei/9hzoX-SMHMnAgAPXzarwDQ/ip/140.109.135.76/id/0467f99c27733ce7/itag/251/source/youtube/requiressl/yes/mh/Tl/mm/31,29/mn/sn-5njj-u2xl,sn-un57sn76/ms/au,rdu/mv/m/mvi/6/pl/16/initcwndbps/640000/vprv/1/ratebypass/yes/mime/audio%2Fwebm/otfp/1/gir/yes/clen/2057066/lmt/1565970679158216/dur/101.421/mt/1609046913/fvip/6/keepalive/yes/sparams/expire,ei,ip,id,itag,source,requiressl,vprv,ratebypass,mime,otfp,gir,clen,lmt,dur/sig/AOq0QJ8wRQIhAOR8sRSN-qIpvdoNSvJHXDYTA7ge8AAoNJz41jWQkygOAiBBFqD1klGl7zFbXwi7YWlVZ_Vq6zd7_MpbSAFfAi12uQ%3D%3D/lsparams/mh,mm,mn,ms,mv,mvi,pl,initcwndbps/lsig/AG3C_xAwRQIgHjyzAQXpgymJLhaIuSGboJcLRtOL4I1BDjz0cxsthecCIQCeydzis6bUfZhB6AwrCjd3LlttcePQ5xD9OPUDJV8ISg%3D%3D/", "fragments": [{"path": "range/0-265"}, {"path": "range/450-196222", "duration": 10.001}, {"path": "range/196223-398492", "duration": 10.0}, {"path": "range/398493-606443", "duration": 10.0}, {"path": "range/606444-810549", "duration": 10.0}, {"path": "range/810550-1014040", "duration": 10.0}, {"path": "range/1014041-1218546", "duration": 10.0}, {"path": "range/1218547-1418469", "duration": 10.0}, {"path": "range/1418470-1618824", "duration": 10.0}, {"path": "range/1618825-1825236", "duration": 10.0}, {"path": "range/1825237-2030432", "duration": 10.0}, {"path": "range/2030433-2057065", "duration": 1.42}], "protocol": "http_dash_segments", "format": "251 - audio only (DASH audio)", "http_headers": {"User-Agent": "Mozilla/5.0 (Windows NT 10.0; Win64; x64) AppleWebKit/537.36 (KHTML, like Gecko) Chrome/74.0.3729.16 Safari/537.36", "Accept-Charset": "ISO-8859-1,utf-8;q=0.7,*;q=0.7", "Accept": "text/html,application/xhtml+xml,application/xml;q=0.9,*/*;q=0.8", "Accept-Encoding": "gzip, deflate", "Accept-Language": "en-us,en;q=0.5"}}