{"id": "BvEFgxEHJoA", "uploader": "Olexandr Ignatov", "uploader_id": "OlexandrIgnatov", "uploader_url": "http://www.youtube.com/user/OlexandrIgnatov", "channel_id": "UCfKQYiPDQU-o7O_0vgoHZSA", "channel_url": "http://www.youtube.com/channel/UCfKQYiPDQU-o7O_0vgoHZSA", "upload_date": "20150310", "license": null, "creator": "Olexandr Ignatov", "title": "Happy Piano Instrumental Background Music | Royalty Free Stock Audio by Olexandr Ignatov", "alt_title": "Happy Piano", "thumbnails": [{"url": "https://i.ytimg.com/vi/BvEFgxEHJoA/hqdefault.jpg?sqp=-oaymwEbCKgBEF5IVfKriqkDDggBFQAAiEIYAXABwAEG&rs=AOn4CLAxUIHwJaO6n6X3N3mgbsVjUgIeyg", "width": 168, "height": 94, "resolution": "168x94", "id": "0"}, {"url": "https://i.ytimg.com/vi/BvEFgxEHJoA/hqdefault.jpg?sqp=-oaymwEbCMQBEG5IVfKriqkDDggBFQAAiEIYAXABwAEG&rs=AOn4CLCdTPVvD9_IDXzC9KVtHFMfYc273Q", "width": 196, "height": 110, "resolution": "196x110", "id": "1"}, {"url": "https://i.ytimg.com/vi/BvEFgxEHJoA/hqdefault.jpg?sqp=-oaymwEcCPYBEIoBSFXyq4qpAw4IARUAAIhCGAFwAcABBg==&rs=AOn4CLBTi9h-nxtlLpU43FONehJbtpuoxw", "width": 246, "height": 138, "resolution": "246x138", "id": "2"}, {"url": "https://i.ytimg.com/vi/BvEFgxEHJoA/hqdefault.jpg?sqp=-oaymwEcCNACELwBSFXyq4qpAw4IARUAAIhCGAFwAcABBg==&rs=AOn4CLCo1RCd4ko9uxwQERzuncJjcOOwrg", "width": 336, "height": 188, "resolution": "336x188", "id": "3"}, {"url": "https://i.ytimg.com/vi/BvEFgxEHJoA/maxresdefault.jpg", "width": 1920, "height": 1080, "resolution": "1920x1080", "id": "4"}], "description": "Free to use music for your videos - https://www.olexandrignatov.com/freemusic\nUNLIMITED royalty free music downloads now available!\nGo to http://www.bit.ly/musiconelements to start downloading!\n\n\nInspiring Instrumental Piano Music Background \nLicense this song for personal or commercial use - \nhttp://bitly.com/gethappypiano\n\nAlso visit http://j.mp/rfmarket for more easy customizable royalty free stock background music!\n\nHappy piano tune for advertising purposes. Simple, relaxed and inspiring to make any project look beautiful.\n\nSounds like: relaxing, soft, motivational and cinematic, inspirational and beautiful, positive, warm, uplifting piano orchestral cinematic background music, music that can be heard and used in various type of inspirational videos, media projects, corporate, life and travel, wedding and motivational video production, slideshows, presentations and websites.\n\n\n\n'Happy Piano' \u2013 Are you looking for an inspiring and uplifting, professionally made, modern and happy inspiration oriented piano music to make your media projects, corporate business commercials or inspirational advertisement an inspiring journey? Do you really wanna bring audience's attention along with uplifting and inspirational relaxing mood to your product video, advertising, beautiful inspiring video or startup and uplift your audience and customers with a happy, uplifting and inspirational modern and minimalistic piano background music and are looking just for a right song? Now you have found it \u2013 'Happy Piano' is a highly professionally crafted up-to-date happy modern and inspiring track, that will perfectly fit any corporate, motivational and inspiring upbeat and uplifting commercial advertising video production purposes \u2013 bring some inspirational piano and now your media project will look fantastic!\n\n'Happy Piano' is simple yet powerful, extremely inspiring and catchy soft and emotional song, it was perfectly designed in the purpose of bringing attention not to itself but to work hand in hand with your inspirational video production. So your customers and audience will really feel happy, inspired and will resonate with what your video project is about and will become motivated, excited, uplifted, optimistic and feeling good and trusted \u2013 this is what this song is created for and this is what your inspiring video project is for too, probably!\n\nYou'll find the best use for it with inspirational, happy and upbeat motivational video projects, uplifting and optimistic, motivational corporate business and product advertisements, commercials, presentations, slideshows, YouTube videos, makings of, info-graphics, documentaries, Featurettes, photography and wedding production, viral marketing, beautiful life and travel videos, makeup and beauty guru videos, vlogs, TV and radio media production and any other types. You can use a whole song or use a selected part, also songs has great looping possibilities to perfectly match timing of your project. You can do it by yourself or ask me to do it or you!\n\nSo \u2013 no reason not to buy it, get 'Happy Piano' today and start enjoying it right now \u2013 I want your production to be great and you and your audience to be happy and inspired, and 'Happy Piano' is just a right thing to make it happen! You deserve it.\n\nMood of the song: It has uplifting, happy, upbeat, inspiring mood, beautiful warm piano has soft and relaxing mood, as well as motivational, optimistic, empowering, hopeful, successful, inspiring, beautiful, encouraging, confident and emotional atmosphere!\n\nInstruments used: inspiring piano, beautiful orchestral strings, cello, shiny bells, kick drum, hand claps.\n\nTake your project to another level, inspire and motivate your audience with 'Happy Piano'\n\n\nTAGS: royalty free music, piano music, inspiring piano instrumental music, beautiful piano music instrumental, happy piano instrumental background music, happy piano music, happy piano background music, happy instrumental music, music that touches your hears, music that make you cry, piano background instrumental music, royalty free piano music, royalty free stock audio, free music, free music download, license free music, free uplifting music, music for videos, uplifting background music, inspiring background music, best piano music, emotional piano music, easy listening music, music for media, olexandr ignatov, music for youtube, music for presentation, slideshow, commercial, advertising, powerful, orchestral, sentimental, touching piano", "categories": ["Music"], "tags": ["piano music", "olexandr ignatov", "keyboards", "royalty free audio", "stock", "stock music", "motivation", "sentimental", "orchestral", "free", "piano music download", "the most beautiful piano song", "piano improvisation", "piano learn", "royalty free music", "beautiful piano", "inspiring piano music", "inspirational piano music", "inspiring piano instrumental", "inspiring piano background mus", "inspiring piano music instrume", "that touches your hears", "make you cry", "piano songs"], "subtitles": {}, "automatic_captions": {}, "duration": 137, "age_limit": 0, "annotations": null, "chapters": null, "webpage_url": "https://www.youtube.com/watch?v=BvEFgxEHJoA", "view_count": 184415, "like_count": 1076, "dislike_count": 141, "average_rating": 4.5365653, "formats": [{"format_id": "249", "url": "https://r1---sn-ipoxu-u2x6.googlevideo.com/videoplayback?expire=1613157110&ei=ln4mYK7uFs_lgQPZhbBA&ip=61.230.12.35&id=o-AKvonvneNGkAdlr8GNZSBrZ4BWj66zk39B0WvTVIOb_3&itag=249&source=youtube&requiressl=yes&mh=il&mm=31%2C29&mn=sn-ipoxu-u2x6%2Csn-un57sn7z&ms=au%2Crdu&mv=m&mvi=1&pl=21&initcwndbps=947500&vprv=1&mime=audio%2Fwebm&ns=5414G3-s0jmvEyJ62JghPyoF&gir=yes&clen=915936&dur=136.621&lmt=1443534824873786&mt=1613135326&fvip=1&keepalive=yes&beids=9466585&c=WEB&n=Jip-XVOGg1mc_y5mPc&sparams=expire%2Cei%2Cip%2Cid%2Citag%2Csource%2Crequiressl%2Cvprv%2Cmime%2Cns%2Cgir%2Cclen%2Cdur%2Clmt&lsparams=mh%2Cmm%2Cmn%2Cms%2Cmv%2Cmvi%2Cpl%2Cinitcwndbps&lsig=AG3C_xAwRgIhAP6t9TjqOxrHXRPBW_oayj4WePhbHN420XQhqepiWhhgAiEApDjcH1OwVPjFys29ddiy7uNNsJU-XUiJfSLpHy67rjc%3D&sig=AOq0QJ8wRgIhAK-cJa3C_PXsCn1KBoq6S2ac5QEnUFaddWJan-tzs-Y3AiEApv3QI-EaziOBVjop7_zIydHRFJyP7twbPBXKFV1pfks=&ratebypass=yes", "player_url": "/s/player/490079fb/player_ias.vflset/en_US/base.js", "ext": "webm", "format_note": "tiny", "acodec": "opus", "abr": 50, "asr": 48000, "filesize": 915936, "fps": null, "height": null, "tbr": 58.018, "width": null, "vcodec": "none", "downloader_options": {"http_chunk_size": 10485760}, "format": "249 - audio only (tiny)", "protocol": "https", "http_headers": {"User-Agent": "Mozilla/5.0 (Windows NT 10.0; Win64; x64) AppleWebKit/537.36 (KHTML, like Gecko) Chrome/74.0.3729.96 Safari/537.36", "Accept-Charset": "ISO-8859-1,utf-8;q=0.7,*;q=0.7", "Accept": "text/html,application/xhtml+xml,application/xml;q=0.9,*/*;q=0.8", "Accept-Encoding": "gzip, deflate", "Accept-Language": "en-us,en;q=0.5"}}, {"format_id": "250", "url": "https://r1---sn-ipoxu-u2x6.googlevideo.com/videoplayback?expire=1613157110&ei=ln4mYK7uFs_lgQPZhbBA&ip=61.230.12.35&id=o-AKvonvneNGkAdlr8GNZSBrZ4BWj66zk39B0WvTVIOb_3&itag=250&source=youtube&requiressl=yes&mh=il&mm=31%2C29&mn=sn-ipoxu-u2x6%2Csn-un57sn7z&ms=au%2Crdu&mv=m&mvi=1&pl=21&initcwndbps=947500&vprv=1&mime=audio%2Fwebm&ns=5414G3-s0jmvEyJ62JghPyoF&gir=yes&clen=1316267&dur=136.621&lmt=1443534826344709&mt=1613135326&fvip=1&keepalive=yes&beids=9466585&c=WEB&n=Jip-XVOGg1mc_y5mPc&sparams=expire%2Cei%2Cip%2Cid%2Citag%2Csource%2Crequiressl%2Cvprv%2Cmime%2Cns%2Cgir%2Cclen%2Cdur%2Clmt&lsparams=mh%2Cmm%2Cmn%2Cms%2Cmv%2Cmvi%2Cpl%2Cinitcwndbps&lsig=AG3C_xAwRQIgTY8aCGBDsErZQXPb5ESYzf-E3m3V8yXUReJPt38eUZMCIQCmhGfJoM5PVbgJ6_LFUCtTJXtk4Jra2BpB0aKlYno0cw%3D%3D&sig=AOq0QJ8wRQIgURN-u2Duf_wcL5q0BWZsyRygLXDsaPbQ8wyl9_tr1_kCIQCIbkR6daAtGbAqMY1CuvLaw9qQhDKcuFIKGqHr8WxiMg==&ratebypass=yes", "player_url": "/s/player/490079fb/player_ias.vflset/en_US/base.js", "ext": "webm", "format_note": "tiny", "acodec": "opus", "abr": 70, "asr": 48000, "filesize": 1316267, "fps": null, "height": null, "tbr": 86.594, "width": null, "vcodec": "none", "downloader_options": {"http_chunk_size": 10485760}, "format": "250 - audio only (tiny)", "protocol": "https", "http_headers": {"User-Agent": "Mozilla/5.0 (Windows NT 10.0; Win64; x64) AppleWebKit/537.36 (KHTML, like Gecko) Chrome/74.0.3729.96 Safari/537.36", "Accept-Charset": "ISO-8859-1,utf-8;q=0.7,*;q=0.7", "Accept": "text/html,application/xhtml+xml,application/xml;q=0.9,*/*;q=0.8", "Accept-Encoding": "gzip, deflate", "Accept-Language": "en-us,en;q=0.5"}}, {"format_id": "140", "url": "https://r1---sn-ipoxu-u2x6.googlevideo.com/videoplayback?expire=1613157110&ei=ln4mYK7uFs_lgQPZhbBA&ip=61.230.12.35&id=o-AKvonvneNGkAdlr8GNZSBrZ4BWj66zk39B0WvTVIOb_3&itag=140&source=youtube&requiressl=yes&mh=il&mm=31%2C29&mn=sn-ipoxu-u2x6%2Csn-un57sn7z&ms=au%2Crdu&mv=m&mvi=1&pl=21&initcwndbps=947500&vprv=1&mime=audio%2Fmp4&ns=5414G3-s0jmvEyJ62JghPyoF&gir=yes&clen=2194784&dur=136.672&lmt=1426029115844553&mt=1613135326&fvip=1&keepalive=yes&beids=9466585&c=WEB&n=Jip-XVOGg1mc_y5mPc&sparams=expire%2Cei%2Cip%2Cid%2Citag%2Csource%2Crequiressl%2Cvprv%2Cmime%2Cns%2Cgir%2Cclen%2Cdur%2Clmt&lsparams=mh%2Cmm%2Cmn%2Cms%2Cmv%2Cmvi%2Cpl%2Cinitcwndbps&lsig=AG3C_xAwRQIgOu9mTi1FdN4lte98ymU4d1j0xR0VHDnWjCbhy0X7xVwCIQCjXd5A8LOL9_unvr60CbTtBySUbyo1rbpJM0Z9-7bDBQ%3D%3D&sig=AOq0QJ8wRAIgXmqUtuFt2YBpzmt4LGI67NjZXOhrOiG0Eq0sHM8di8gCICSIcoa8hLL3U5DVDgzwRif5J6wej0TWe3j-qKGyQTw3&ratebypass=yes", "player_url": "/s/player/490079fb/player_ias.vflset/en_US/base.js", "ext": "m4a", "format_note": "tiny", "acodec": "mp4a.40.2", "abr": 128, "container": "m4a_dash", "asr": 44100, "filesize": 2194784, "fps": null, "height": null, "tbr": 129.358, "width": null, "vcodec": "none", "downloader_options": {"http_chunk_size": 10485760}, "format": "140 - audio only (tiny)", "protocol": "https", "http_headers": {"User-Agent": "Mozilla/5.0 (Windows NT 10.0; Win64; x64) AppleWebKit/537.36 (KHTML, like Gecko) Chrome/74.0.3729.96 Safari/537.36", "Accept-Charset": "ISO-8859-1,utf-8;q=0.7,*;q=0.7", "Accept": "text/html,application/xhtml+xml,application/xml;q=0.9,*/*;q=0.8", "Accept-Encoding": "gzip, deflate", "Accept-Language": "en-us,en;q=0.5"}}, {"format_id": "251", "url": "https://r1---sn-ipoxu-u2x6.googlevideo.com/videoplayback?expire=1613157110&ei=ln4mYK7uFs_lgQPZhbBA&ip=61.230.12.35&id=o-AKvonvneNGkAdlr8GNZSBrZ4BWj66zk39B0WvTVIOb_3&itag=251&source=youtube&requiressl=yes&mh=il&mm=31%2C29&mn=sn-ipoxu-u2x6%2Csn-un57sn7z&ms=au%2Crdu&mv=m&mvi=1&pl=21&initcwndbps=947500&vprv=1&mime=audio%2Fwebm&ns=5414G3-s0jmvEyJ62JghPyoF&gir=yes&clen=2526111&dur=136.621&lmt=1443534845980553&mt=1613135326&fvip=1&keepalive=yes&beids=9466585&c=WEB&n=Jip-XVOGg1mc_y5mPc&sparams=expire%2Cei%2Cip%2Cid%2Citag%2Csource%2Crequiressl%2Cvprv%2Cmime%2Cns%2Cgir%2Cclen%2Cdur%2Clmt&lsparams=mh%2Cmm%2Cmn%2Cms%2Cmv%2Cmvi%2Cpl%2Cinitcwndbps&lsig=AG3C_xAwRAIgO0hyR_xYxaDmlBcdphtxtqdxXSWY2F2tJfC21aKrlvUCIA2DC5YVRGULGdGPk3c8T_bjxCJbphCz4OOQiCyVrUXU&sig=AOq0QJ8wRgIhAPdOU53_dpwl387lLcdhl9lALoffrRSJZC5_Zwr2bUdEAiEA3nsVjWob2pNNXAHpWcjxvoqi7YOU_2Li1NQvxJ-d1V4=&ratebypass=yes", "player_url": "/s/player/490079fb/player_ias.vflset/en_US/base.js", "ext": "webm", "format_note": "tiny", "acodec": "opus", "abr": 160, "asr": 48000, "filesize": 2526111, "fps": null, "height": null, "tbr": 163.212, "width": null, "vcodec": "none", "downloader_options": {"http_chunk_size": 10485760}, "format": "251 - audio only (tiny)", "protocol": "https", "http_headers": {"User-Agent": "Mozilla/5.0 (Windows NT 10.0; Win64; x64) AppleWebKit/537.36 (KHTML, like Gecko) Chrome/74.0.3729.96 Safari/537.36", "Accept-Charset": "ISO-8859-1,utf-8;q=0.7,*;q=0.7", "Accept": "text/html,application/xhtml+xml,application/xml;q=0.9,*/*;q=0.8", "Accept-Encoding": "gzip, deflate", "Accept-Language": "en-us,en;q=0.5"}}, {"format_id": "242", "url": "https://r1---sn-ipoxu-u2x6.googlevideo.com/videoplayback?expire=1613157110&ei=ln4mYK7uFs_lgQPZhbBA&ip=61.230.12.35&id=o-AKvonvneNGkAdlr8GNZSBrZ4BWj66zk39B0WvTVIOb_3&itag=242&aitags=133%2C134%2C135%2C136%2C137%2C160%2C242%2C243%2C244%2C247%2C248%2C271%2C278%2C313&source=youtube&requiressl=yes&mh=il&mm=31%2C29&mn=sn-ipoxu-u2x6%2Csn-un57sn7z&ms=au%2Crdu&mv=m&mvi=1&pl=21&initcwndbps=947500&vprv=1&mime=video%2Fwebm&ns=5414G3-s0jmvEyJ62JghPyoF&gir=yes&clen=654600&dur=136.600&lmt=1543446645970177&mt=1613135326&fvip=1&keepalive=yes&beids=9466585&c=WEB&txp=1311222&n=Jip-XVOGg1mc_y5mPc&sparams=expire%2Cei%2Cip%2Cid%2Caitags%2Csource%2Crequiressl%2Cvprv%2Cmime%2Cns%2Cgir%2Cclen%2Cdur%2Clmt&lsparams=mh%2Cmm%2Cmn%2Cms%2Cmv%2Cmvi%2Cpl%2Cinitcwndbps&lsig=AG3C_xAwRQIhAJ7E3TXwcgsCcL02zVgFrDWT-urE9ih62ThNID1OMLsJAiAubJhzk-Kr6Nj_zbIlj0-vYEvL6Jb5INvkiVW9PEiArA%3D%3D&sig=AOq0QJ8wRQIgAS3peVxtmm-y1jEoIlIg7gG7cJMBbGJxqQCXSyZLPq8CIQDQr14f_yx-35tErXGYqPw-5BS73Au5OVYLTQGhI_S8EA==&ratebypass=yes", "player_url": "/s/player/490079fb/player_ias.vflset/en_US/base.js", "ext": "webm", "height": 240, "format_note": "240p", "vcodec": "vp9", "asr": null, "filesize": 654600, "fps": 25, "tbr": 51.671, "width": 426, "acodec": "none", "downloader_options": {"http_chunk_size": 10485760}, "format": "242 - 426x240 (240p)", "protocol": "https", "http_headers": {"User-Agent": "Mozilla/5.0 (Windows NT 10.0; Win64; x64) AppleWebKit/537.36 (KHTML, like Gecko) Chrome/74.0.3729.96 Safari/537.36", "Accept-Charset": "ISO-8859-1,utf-8;q=0.7,*;q=0.7", "Accept": "text/html,application/xhtml+xml,application/xml;q=0.9,*/*;q=0.8", "Accept-Encoding": "gzip, deflate", "Accept-Language": "en-us,en;q=0.5"}}, {"format_id": "278", "url": "https://r1---sn-ipoxu-u2x6.googlevideo.com/videoplayback?expire=1613157110&ei=ln4mYK7uFs_lgQPZhbBA&ip=61.230.12.35&id=o-AKvonvneNGkAdlr8GNZSBrZ4BWj66zk39B0WvTVIOb_3&itag=278&aitags=133%2C134%2C135%2C136%2C137%2C160%2C242%2C243%2C244%2C247%2C248%2C271%2C278%2C313&source=youtube&requiressl=yes&mh=il&mm=31%2C29&mn=sn-ipoxu-u2x6%2Csn-un57sn7z&ms=au%2Crdu&mv=m&mvi=1&pl=21&initcwndbps=947500&vprv=1&mime=video%2Fwebm&ns=5414G3-s0jmvEyJ62JghPyoF&gir=yes&clen=528900&dur=136.600&lmt=1543446645982256&mt=1613135326&fvip=1&keepalive=yes&beids=9466585&c=WEB&txp=1311222&n=Jip-XVOGg1mc_y5mPc&sparams=expire%2Cei%2Cip%2Cid%2Caitags%2Csource%2Crequiressl%2Cvprv%2Cmime%2Cns%2Cgir%2Cclen%2Cdur%2Clmt&lsparams=mh%2Cmm%2Cmn%2Cms%2Cmv%2Cmvi%2Cpl%2Cinitcwndbps&lsig=AG3C_xAwRgIhAPXoMOtHvyQwTXLMqdEG1BICrtWGHOSmzjwFfsjyna0YAiEA_dYS40jeSc_oXmjkLZ8mSu2mJE6XdGhfq0VE6ZqFhQM%3D&sig=AOq0QJ8wRgIhAMbcawnqDeSBq8zRO-i3r_pN6BH0bB3fwn4CzqKBrBySAiEA2T4wQSpLrPyafGZlBCyGfID27dwboL4-GyXLexrv_9o=&ratebypass=yes", "player_url": "/s/player/490079fb/player_ias.vflset/en_US/base.js", "ext": "webm", "height": 144, "format_note": "144p", "container": "webm", "vcodec": "vp9", "asr": null, "filesize": 528900, "fps": 25, "tbr": 56.462, "width": 256, "acodec": "none", "downloader_options": {"http_chunk_size": 10485760}, "format": "278 - 256x144 (144p)", "protocol": "https", "http_headers": {"User-Agent": "Mozilla/5.0 (Windows NT 10.0; Win64; x64) AppleWebKit/537.36 (KHTML, like Gecko) Chrome/74.0.3729.96 Safari/537.36", "Accept-Charset": "ISO-8859-1,utf-8;q=0.7,*;q=0.7", "Accept": "text/html,application/xhtml+xml,application/xml;q=0.9,*/*;q=0.8", "Accept-Encoding": "gzip, deflate", "Accept-Language": "en-us,en;q=0.5"}}, {"format_id": "243", "url": "https://r1---sn-ipoxu-u2x6.googlevideo.com/videoplayback?expire=1613157110&ei=ln4mYK7uFs_lgQPZhbBA&ip=61.230.12.35&id=o-AKvonvneNGkAdlr8GNZSBrZ4BWj66zk39B0WvTVIOb_3&itag=243&aitags=133%2C134%2C135%2C136%2C137%2C160%2C242%2C243%2C244%2C247%2C248%2C271%2C278%2C313&source=youtube&requiressl=yes&mh=il&mm=31%2C29&mn=sn-ipoxu-u2x6%2Csn-un57sn7z&ms=au%2Crdu&mv=m&mvi=1&pl=21&initcwndbps=947500&vprv=1&mime=video%2Fwebm&ns=5414G3-s0jmvEyJ62JghPyoF&gir=yes&clen=1255739&dur=136.600&lmt=1543446645919547&mt=1613135326&fvip=1&keepalive=yes&beids=9466585&c=WEB&txp=1311222&n=Jip-XVOGg1mc_y5mPc&sparams=expire%2Cei%2Cip%2Cid%2Caitags%2Csource%2Crequiressl%2Cvprv%2Cmime%2Cns%2Cgir%2Cclen%2Cdur%2Clmt&lsparams=mh%2Cmm%2Cmn%2Cms%2Cmv%2Cmvi%2Cpl%2Cinitcwndbps&lsig=AG3C_xAwRgIhAK4C9-hsvKhU9_uC4qabdhp8tlDNOicXeRIOadiM4FDZAiEAtbRjCqY9ocBQh2YgQBx3YNazaPukZO1JgUutgVhGJAo%3D&sig=AOq0QJ8wRgIhAIJ-mkIsonmqm4ONch34RbS5dkpI2FtKPTOWbuH-HOpgAiEAtD1yeZAYbLYUPB_bb0p2wKSUKN7HWHiR3ysnQGVRRf0=&ratebypass=yes", "player_url": "/s/player/490079fb/player_ias.vflset/en_US/base.js", "ext": "webm", "height": 360, "format_note": "360p", "vcodec": "vp9", "asr": null, "filesize": 1255739, "fps": 25, "tbr": 106.12, "width": 640, "acodec": "none", "downloader_options": {"http_chunk_size": 10485760}, "format": "243 - 640x360 (360p)", "protocol": "https", "http_headers": {"User-Agent": "Mozilla/5.0 (Windows NT 10.0; Win64; x64) AppleWebKit/537.36 (KHTML, like Gecko) Chrome/74.0.3729.96 Safari/537.36", "Accept-Charset": "ISO-8859-1,utf-8;q=0.7,*;q=0.7", "Accept": "text/html,application/xhtml+xml,application/xml;q=0.9,*/*;q=0.8", "Accept-Encoding": "gzip, deflate", "Accept-Language": "en-us,en;q=0.5"}}, {"format_id": "160", "url": "https://r1---sn-ipoxu-u2x6.googlevideo.com/videoplayback?expire=1613157110&ei=ln4mYK7uFs_lgQPZhbBA&ip=61.230.12.35&id=o-AKvonvneNGkAdlr8GNZSBrZ4BWj66zk39B0WvTVIOb_3&itag=160&aitags=133%2C134%2C135%2C136%2C137%2C160%2C242%2C243%2C244%2C247%2C248%2C271%2C278%2C313&source=youtube&requiressl=yes&mh=il&mm=31%2C29&mn=sn-ipoxu-u2x6%2Csn-un57sn7z&ms=au%2Crdu&mv=m&mvi=1&pl=21&initcwndbps=947500&vprv=1&mime=video%2Fmp4&ns=5414G3-s0jmvEyJ62JghPyoF&gir=yes&clen=1204651&dur=136.680&lmt=1426029147132496&mt=1613135326&fvip=1&keepalive=yes&beids=9466585&c=WEB&n=Jip-XVOGg1mc_y5mPc&sparams=expire%2Cei%2Cip%2Cid%2Caitags%2Csource%2Crequiressl%2Cvprv%2Cmime%2Cns%2Cgir%2Cclen%2Cdur%2Clmt&lsparams=mh%2Cmm%2Cmn%2Cms%2Cmv%2Cmvi%2Cpl%2Cinitcwndbps&lsig=AG3C_xAwRgIhAMLBF9fnK5EQtZHEVo578bBJSvImP73yf6zfe7EK13TNAiEA-YACGdaNwX9Zfy7fAUH6RY-6fJLsDc3KzWqTIHsNFXE%3D&sig=AOq0QJ8wRAIgc8Q8oAOymfZ__hkIZ5AWEvtOm4f0Zaede4zbykmMRm4CIC78ClVT-iriau9yWTmeKJ818ylXaX3wIW_M9WuLyeLD&ratebypass=yes", "player_url": "/s/player/490079fb/player_ias.vflset/en_US/base.js", "ext": "mp4", "height": 144, "format_note": "144p", "vcodec": "avc1.42c00c", "asr": null, "filesize": 1204651, "fps": 13, "tbr": 114.367, "width": 256, "acodec": "none", "downloader_options": {"http_chunk_size": 10485760}, "format": "160 - 256x144 (144p)", "protocol": "https", "http_headers": {"User-Agent": "Mozilla/5.0 (Windows NT 10.0; Win64; x64) AppleWebKit/537.36 (KHTML, like Gecko) Chrome/74.0.3729.96 Safari/537.36", "Accept-Charset": "ISO-8859-1,utf-8;q=0.7,*;q=0.7", "Accept": "text/html,application/xhtml+xml,application/xml;q=0.9,*/*;q=0.8", "Accept-Encoding": "gzip, deflate", "Accept-Language": "en-us,en;q=0.5"}}, {"format_id": "244", "url": "https://r1---sn-ipoxu-u2x6.googlevideo.com/videoplayback?expire=1613157110&ei=ln4mYK7uFs_lgQPZhbBA&ip=61.230.12.35&id=o-AKvonvneNGkAdlr8GNZSBrZ4BWj66zk39B0WvTVIOb_3&itag=244&aitags=133%2C134%2C135%2C136%2C137%2C160%2C242%2C243%2C244%2C247%2C248%2C271%2C278%2C313&source=youtube&requiressl=yes&mh=il&mm=31%2C29&mn=sn-ipoxu-u2x6%2Csn-un57sn7z&ms=au%2Crdu&mv=m&mvi=1&pl=21&initcwndbps=947500&vprv=1&mime=video%2Fwebm&ns=5414G3-s0jmvEyJ62JghPyoF&gir=yes&clen=1657941&dur=136.600&lmt=1543446646358004&mt=1613135326&fvip=1&keepalive=yes&beids=9466585&c=WEB&txp=1311222&n=Jip-XVOGg1mc_y5mPc&sparams=expire%2Cei%2Cip%2Cid%2Caitags%2Csource%2Crequiressl%2Cvprv%2Cmime%2Cns%2Cgir%2Cclen%2Cdur%2Clmt&lsparams=mh%2Cmm%2Cmn%2Cms%2Cmv%2Cmvi%2Cpl%2Cinitcwndbps&lsig=AG3C_xAwRAIgMHb21epoP-Cbsp730ftUEEFxaFCDKvnCO6pctjS_6yACIFQ7zvuId2RZIwQDIj_OOTL-dU-vCvo50JFVBznGCour&sig=AOq0QJ8wRAIgIROZW_Xb4wCkhX6Kg1e1ZZZG-KKgWa_gG-YeI5NrAq4CIFEEnECLn9EjHyI8pz3qLwwU5epQFL7NrUaqpfgHRbIr&ratebypass=yes", "player_url": "/s/player/490079fb/player_ias.vflset/en_US/base.js", "ext": "webm", "height": 480, "format_note": "480p", "vcodec": "vp9", "asr": null, "filesize": 1657941, "fps": 25, "tbr": 193.346, "width": 854, "acodec": "none", "downloader_options": {"http_chunk_size": 10485760}, "format": "244 - 854x480 (480p)", "protocol": "https", "http_headers": {"User-Agent": "Mozilla/5.0 (Windows NT 10.0; Win64; x64) AppleWebKit/537.36 (KHTML, like Gecko) Chrome/74.0.3729.96 Safari/537.36", "Accept-Charset": "ISO-8859-1,utf-8;q=0.7,*;q=0.7", "Accept": "text/html,application/xhtml+xml,application/xml;q=0.9,*/*;q=0.8", "Accept-Encoding": "gzip, deflate", "Accept-Language": "en-us,en;q=0.5"}}, {"format_id": "133", "url": "https://r1---sn-ipoxu-u2x6.googlevideo.com/videoplayback?expire=1613157110&ei=ln4mYK7uFs_lgQPZhbBA&ip=61.230.12.35&id=o-AKvonvneNGkAdlr8GNZSBrZ4BWj66zk39B0WvTVIOb_3&itag=133&aitags=133%2C134%2C135%2C136%2C137%2C160%2C242%2C243%2C244%2C247%2C248%2C271%2C278%2C313&source=youtube&requiressl=yes&mh=il&mm=31%2C29&mn=sn-ipoxu-u2x6%2Csn-un57sn7z&ms=au%2Crdu&mv=m&mvi=1&pl=21&initcwndbps=947500&vprv=1&mime=video%2Fmp4&ns=5414G3-s0jmvEyJ62JghPyoF&gir=yes&clen=2846964&dur=136.600&lmt=1426029139615800&mt=1613135326&fvip=1&keepalive=yes&beids=9466585&c=WEB&n=Jip-XVOGg1mc_y5mPc&sparams=expire%2Cei%2Cip%2Cid%2Caitags%2Csource%2Crequiressl%2Cvprv%2Cmime%2Cns%2Cgir%2Cclen%2Cdur%2Clmt&lsparams=mh%2Cmm%2Cmn%2Cms%2Cmv%2Cmvi%2Cpl%2Cinitcwndbps&lsig=AG3C_xAwRQIgLfFmx6sZWJTMm10L0SlYS3BcCkklkszXeRnZCIfoULYCIQCf1Z1KfS3OlfrGXo-0_IrqlDiUA4O-dYvzxFBDgK8upA%3D%3D&sig=AOq0QJ8wRAIgDyxAP9kWui4d6HctMjf1FLX50v2CaVjdFcW3PJRAu8YCICu08U256SfTBg3Rn1mB-5VvgDsaKzMHsA44gHZtZWr3&ratebypass=yes", "player_url": "/s/player/490079fb/player_ias.vflset/en_US/base.js", "ext": "mp4", "height": 240, "format_note": "240p", "vcodec": "avc1.4d4015", "asr": null, "filesize": 2846964, "fps": 25, "tbr": 258.814, "width": 426, "acodec": "none", "downloader_options": {"http_chunk_size": 10485760}, "format": "133 - 426x240 (240p)", "protocol": "https", "http_headers": {"User-Agent": "Mozilla/5.0 (Windows NT 10.0; Win64; x64) AppleWebKit/537.36 (KHTML, like Gecko) Chrome/74.0.3729.96 Safari/537.36", "Accept-Charset": "ISO-8859-1,utf-8;q=0.7,*;q=0.7", "Accept": "text/html,application/xhtml+xml,application/xml;q=0.9,*/*;q=0.8", "Accept-Encoding": "gzip, deflate", "Accept-Language": "en-us,en;q=0.5"}}, {"format_id": "134", "url": "https://r1---sn-ipoxu-u2x6.googlevideo.com/videoplayback?expire=1613157110&ei=ln4mYK7uFs_lgQPZhbBA&ip=61.230.12.35&id=o-AKvonvneNGkAdlr8GNZSBrZ4BWj66zk39B0WvTVIOb_3&itag=134&aitags=133%2C134%2C135%2C136%2C137%2C160%2C242%2C243%2C244%2C247%2C248%2C271%2C278%2C313&source=youtube&requiressl=yes&mh=il&mm=31%2C29&mn=sn-ipoxu-u2x6%2Csn-un57sn7z&ms=au%2Crdu&mv=m&mvi=1&pl=21&initcwndbps=947500&vprv=1&mime=video%2Fmp4&ns=5414G3-s0jmvEyJ62JghPyoF&gir=yes&clen=933315&dur=136.600&lmt=1426029160731033&mt=1613135326&fvip=1&keepalive=yes&beids=9466585&c=WEB&n=Jip-XVOGg1mc_y5mPc&sparams=expire%2Cei%2Cip%2Cid%2Caitags%2Csource%2Crequiressl%2Cvprv%2Cmime%2Cns%2Cgir%2Cclen%2Cdur%2Clmt&lsparams=mh%2Cmm%2Cmn%2Cms%2Cmv%2Cmvi%2Cpl%2Cinitcwndbps&lsig=AG3C_xAwRQIgBMuhBZ2F3u5TuYNpjQJF5xwVDgvqSz8xnBu6zKVL1PoCIQDFqkt5HBq1uIuILf_FpZxlRsCx7GbzCAyVzbelemJtbA%3D%3D&sig=AOq0QJ8wRQIhAPmz4BxFJTw3CgsxCvZGjEpKpcWJtfH3G7rFekrWlhNOAiB8J1wjp_2xVejY46t3x8IsgKna3YmyP1YAKBX6KJ0CDA==&ratebypass=yes", "player_url": "/s/player/490079fb/player_ias.vflset/en_US/base.js", "ext": "mp4", "height": 360, "format_note": "360p", "vcodec": "avc1.4d401e", "asr": null, "filesize": 933315, "fps": 25, "tbr": 310.928, "width": 640, "acodec": "none", "downloader_options": {"http_chunk_size": 10485760}, "format": "134 - 640x360 (360p)", "protocol": "https", "http_headers": {"User-Agent": "Mozilla/5.0 (Windows NT 10.0; Win64; x64) AppleWebKit/537.36 (KHTML, like Gecko) Chrome/74.0.3729.96 Safari/537.36", "Accept-Charset": "ISO-8859-1,utf-8;q=0.7,*;q=0.7", "Accept": "text/html,application/xhtml+xml,application/xml;q=0.9,*/*;q=0.8", "Accept-Encoding": "gzip, deflate", "Accept-Language": "en-us,en;q=0.5"}}, {"format_id": "247", "url": "https://r1---sn-ipoxu-u2x6.googlevideo.com/videoplayback?expire=1613157110&ei=ln4mYK7uFs_lgQPZhbBA&ip=61.230.12.35&id=o-AKvonvneNGkAdlr8GNZSBrZ4BWj66zk39B0WvTVIOb_3&itag=247&aitags=133%2C134%2C135%2C136%2C137%2C160%2C242%2C243%2C244%2C247%2C248%2C271%2C278%2C313&source=youtube&requiressl=yes&mh=il&mm=31%2C29&mn=sn-ipoxu-u2x6%2Csn-un57sn7z&ms=au%2Crdu&mv=m&mvi=1&pl=21&initcwndbps=947500&vprv=1&mime=video%2Fwebm&ns=5414G3-s0jmvEyJ62JghPyoF&gir=yes&clen=4493702&dur=136.600&lmt=1543446645913974&mt=1613135326&fvip=1&keepalive=yes&beids=9466585&c=WEB&txp=1311222&n=Jip-XVOGg1mc_y5mPc&sparams=expire%2Cei%2Cip%2Cid%2Caitags%2Csource%2Crequiressl%2Cvprv%2Cmime%2Cns%2Cgir%2Cclen%2Cdur%2Clmt&lsparams=mh%2Cmm%2Cmn%2Cms%2Cmv%2Cmvi%2Cpl%2Cinitcwndbps&lsig=AG3C_xAwRQIhANpumaviHhvrv-Ns3ilzKljqHFRtyzmOokg3oC37IMv0AiAcz_ytiKps4FMJBwWosDnRNXYHkGQ5DTUjZJ7MuyW35g%3D%3D&sig=AOq0QJ8wRAIhANClD0g2L_DHT0X7jVnq_CqRS2WN35E-muFMMif34305Ah9wsYY1iH6QPQBcTQhP_eklbbs8sUGSb_5jzVOUPyNC&ratebypass=yes", "player_url": "/s/player/490079fb/player_ias.vflset/en_US/base.js", "ext": "webm", "height": 720, "format_note": "720p", "vcodec": "vp9", "asr": null, "filesize": 4493702, "fps": 25, "tbr": 425.175, "width": 1280, "acodec": "none", "downloader_options": {"http_chunk_size": 10485760}, "format": "247 - 1280x720 (720p)", "protocol": "https", "http_headers": {"User-Agent": "Mozilla/5.0 (Windows NT 10.0; Win64; x64) AppleWebKit/537.36 (KHTML, like Gecko) Chrome/74.0.3729.96 Safari/537.36", "Accept-Charset": "ISO-8859-1,utf-8;q=0.7,*;q=0.7", "Accept": "text/html,application/xhtml+xml,application/xml;q=0.9,*/*;q=0.8", "Accept-Encoding": "gzip, deflate", "Accept-Language": "en-us,en;q=0.5"}}, {"format_id": "135", "url": "https://r1---sn-ipoxu-u2x6.googlevideo.com/videoplayback?expire=1613157110&ei=ln4mYK7uFs_lgQPZhbBA&ip=61.230.12.35&id=o-AKvonvneNGkAdlr8GNZSBrZ4BWj66zk39B0WvTVIOb_3&itag=135&aitags=133%2C134%2C135%2C136%2C137%2C160%2C242%2C243%2C244%2C247%2C248%2C271%2C278%2C313&source=youtube&requiressl=yes&mh=il&mm=31%2C29&mn=sn-ipoxu-u2x6%2Csn-un57sn7z&ms=au%2Crdu&mv=m&mvi=1&pl=21&initcwndbps=947500&vprv=1&mime=video%2Fmp4&ns=5414G3-s0jmvEyJ62JghPyoF&gir=yes&clen=1864561&dur=136.600&lmt=1426029157030435&mt=1613135326&fvip=1&keepalive=yes&beids=9466585&c=WEB&n=Jip-XVOGg1mc_y5mPc&sparams=expire%2Cei%2Cip%2Cid%2Caitags%2Csource%2Crequiressl%2Cvprv%2Cmime%2Cns%2Cgir%2Cclen%2Cdur%2Clmt&lsparams=mh%2Cmm%2Cmn%2Cms%2Cmv%2Cmvi%2Cpl%2Cinitcwndbps&lsig=AG3C_xAwRQIhAMNn6I10souteFWszARQiiwajAcfrQ7dRtslqYY7ve4HAiBjWyh_UFxxXWG1kcRzys8Rq7QZjTPk91ADl-MQoP2k-w%3D%3D&sig=AOq0QJ8wRgIhAN_8gh17nSb2SEL3D7LhXCJmT3QDdsrPI8T881U0pqXbAiEA0K9DVkMyHgsUsxL0mUV_0tB1DE41rYkvsQ-FKRjWTwE=&ratebypass=yes", "player_url": "/s/player/490079fb/player_ias.vflset/en_US/base.js", "ext": "mp4", "height": 480, "format_note": "480p", "vcodec": "avc1.4d401e", "asr": null, "filesize": 1864561, "fps": 25, "tbr": 661.391, "width": 854, "acodec": "none", "downloader_options": {"http_chunk_size": 10485760}, "format": "135 - 854x480 (480p)", "protocol": "https", "http_headers": {"User-Agent": "Mozilla/5.0 (Windows NT 10.0; Win64; x64) AppleWebKit/537.36 (KHTML, like Gecko) Chrome/74.0.3729.96 Safari/537.36", "Accept-Charset": "ISO-8859-1,utf-8;q=0.7,*;q=0.7", "Accept": "text/html,application/xhtml+xml,application/xml;q=0.9,*/*;q=0.8", "Accept-Encoding": "gzip, deflate", "Accept-Language": "en-us,en;q=0.5"}}, {"format_id": "248", "url": "https://r1---sn-ipoxu-u2x6.googlevideo.com/videoplayback?expire=1613157110&ei=ln4mYK7uFs_lgQPZhbBA&ip=61.230.12.35&id=o-AKvonvneNGkAdlr8GNZSBrZ4BWj66zk39B0WvTVIOb_3&itag=248&aitags=133%2C134%2C135%2C136%2C137%2C160%2C242%2C243%2C244%2C247%2C248%2C271%2C278%2C313&source=youtube&requiressl=yes&mh=il&mm=31%2C29&mn=sn-ipoxu-u2x6%2Csn-un57sn7z&ms=au%2Crdu&mv=m&mvi=1&pl=21&initcwndbps=947500&vprv=1&mime=video%2Fwebm&ns=5414G3-s0jmvEyJ62JghPyoF&gir=yes&clen=8118181&dur=136.600&lmt=1543446445160440&mt=1613135326&fvip=1&keepalive=yes&beids=9466585&c=WEB&txp=1311222&n=Jip-XVOGg1mc_y5mPc&sparams=expire%2Cei%2Cip%2Cid%2Caitags%2Csource%2Crequiressl%2Cvprv%2Cmime%2Cns%2Cgir%2Cclen%2Cdur%2Clmt&lsparams=mh%2Cmm%2Cmn%2Cms%2Cmv%2Cmvi%2Cpl%2Cinitcwndbps&lsig=AG3C_xAwRQIhANtTWUu24IrxeAsyIhiaf7V5C3Qci5u3XdZfIzybvAneAiBxaPh05G7xz2KqKr6Pa8VmuFufPgg4_SN895VekzqAVw%3D%3D&sig=AOq0QJ8wRgIhAOLk_HSdmtx9P491mvuPbfkDQvaaMNkHEDVcnrJqdVRSAiEApdWLIC-VdThBb_ClLdFQPN1lg4E1fnbP7sRfzf-x5-Q=&ratebypass=yes", "player_url": "/s/player/490079fb/player_ias.vflset/en_US/base.js", "ext": "webm", "height": 1080, "format_note": "1080p", "vcodec": "vp9", "asr": null, "filesize": 8118181, "fps": 25, "tbr": 788.128, "width": 1920, "acodec": "none", "downloader_options": {"http_chunk_size": 10485760}, "format": "248 - 1920x1080 (1080p)", "protocol": "https", "http_headers": {"User-Agent": "Mozilla/5.0 (Windows NT 10.0; Win64; x64) AppleWebKit/537.36 (KHTML, like Gecko) Chrome/74.0.3729.96 Safari/537.36", "Accept-Charset": "ISO-8859-1,utf-8;q=0.7,*;q=0.7", "Accept": "text/html,application/xhtml+xml,application/xml;q=0.9,*/*;q=0.8", "Accept-Encoding": "gzip, deflate", "Accept-Language": "en-us,en;q=0.5"}}, {"format_id": "136", "url": "https://r1---sn-ipoxu-u2x6.googlevideo.com/videoplayback?expire=1613157110&ei=ln4mYK7uFs_lgQPZhbBA&ip=61.230.12.35&id=o-AKvonvneNGkAdlr8GNZSBrZ4BWj66zk39B0WvTVIOb_3&itag=136&aitags=133%2C134%2C135%2C136%2C137%2C160%2C242%2C243%2C244%2C247%2C248%2C271%2C278%2C313&source=youtube&requiressl=yes&mh=il&mm=31%2C29&mn=sn-ipoxu-u2x6%2Csn-un57sn7z&ms=au%2Crdu&mv=m&mvi=1&pl=21&initcwndbps=947500&vprv=1&mime=video%2Fmp4&ns=5414G3-s0jmvEyJ62JghPyoF&gir=yes&clen=3677485&dur=136.600&lmt=1426029165189533&mt=1613135326&fvip=1&keepalive=yes&beids=9466585&c=WEB&n=Jip-XVOGg1mc_y5mPc&sparams=expire%2Cei%2Cip%2Cid%2Caitags%2Csource%2Crequiressl%2Cvprv%2Cmime%2Cns%2Cgir%2Cclen%2Cdur%2Clmt&lsparams=mh%2Cmm%2Cmn%2Cms%2Cmv%2Cmvi%2Cpl%2Cinitcwndbps&lsig=AG3C_xAwRgIhAIpXIUVPuRS4h_ZuPKlwNqMyGHRqo9RXWbduUc9QshPsAiEAs3x0abOKp6LsrXyYqypiYu4VF2l4tMsvGaQvzxOCUl8%3D&sig=AOq0QJ8wRgIhAKoHOIbsM1axsfcjJfe0kRxnLJ69lkK1G76DLU_UAV1TAiEAr4yT8TaLBi_uL9i09bnhNdSc5BqZFjhgq8UIo35NUVg=&ratebypass=yes", "player_url": "/s/player/490079fb/player_ias.vflset/en_US/base.js", "ext": "mp4", "height": 720, "format_note": "720p", "vcodec": "avc1.4d401f", "asr": null, "filesize": 3677485, "fps": 25, "tbr": 1319.377, "width": 1280, "acodec": "none", "downloader_options": {"http_chunk_size": 10485760}, "format": "136 - 1280x720 (720p)", "protocol": "https", "http_headers": {"User-Agent": "Mozilla/5.0 (Windows NT 10.0; Win64; x64) AppleWebKit/537.36 (KHTML, like Gecko) Chrome/74.0.3729.96 Safari/537.36", "Accept-Charset": "ISO-8859-1,utf-8;q=0.7,*;q=0.7", "Accept": "text/html,application/xhtml+xml,application/xml;q=0.9,*/*;q=0.8", "Accept-Encoding": "gzip, deflate", "Accept-Language": "en-us,en;q=0.5"}}, {"format_id": "271", "url": "https://r1---sn-ipoxu-u2x6.googlevideo.com/videoplayback?expire=1613157110&ei=ln4mYK7uFs_lgQPZhbBA&ip=61.230.12.35&id=o-AKvonvneNGkAdlr8GNZSBrZ4BWj66zk39B0WvTVIOb_3&itag=271&aitags=133%2C134%2C135%2C136%2C137%2C160%2C242%2C243%2C244%2C247%2C248%2C271%2C278%2C313&source=youtube&requiressl=yes&mh=il&mm=31%2C29&mn=sn-ipoxu-u2x6%2Csn-un57sn7z&ms=au%2Crdu&mv=m&mvi=1&pl=21&initcwndbps=947500&vprv=1&mime=video%2Fwebm&ns=5414G3-s0jmvEyJ62JghPyoF&gir=yes&clen=16672622&dur=136.600&lmt=1543446542045779&mt=1613135326&fvip=1&keepalive=yes&beids=9466585&c=WEB&txp=1311222&n=Jip-XVOGg1mc_y5mPc&sparams=expire%2Cei%2Cip%2Cid%2Caitags%2Csource%2Crequiressl%2Cvprv%2Cmime%2Cns%2Cgir%2Cclen%2Cdur%2Clmt&lsparams=mh%2Cmm%2Cmn%2Cms%2Cmv%2Cmvi%2Cpl%2Cinitcwndbps&lsig=AG3C_xAwRAIgQDH8sYlbYbGXQ_pMWcDJzN0niXqC4w4s5znQFIz5BuUCICMt_YaEAW21zhntq8tTeXWw_mr27sJpoh6ZMIamwv_O&sig=AOq0QJ8wRgIhAP1bNEFW5XN_Zew-vIWKdZrdzFTWsvUFcX7VtrYrNeVsAiEAgXTesbcVF4zqOoFxJwKDZPKL93mqgclEsJXBM5exO28=&ratebypass=yes", "player_url": "/s/player/490079fb/player_ias.vflset/en_US/base.js", "ext": "webm", "height": 1440, "format_note": "1440p", "vcodec": "vp9", "asr": null, "filesize": 16672622, "fps": 25, "tbr": 1984.834, "width": 2560, "acodec": "none", "downloader_options": {"http_chunk_size": 10485760}, "format": "271 - 2560x1440 (1440p)", "protocol": "https", "http_headers": {"User-Agent": "Mozilla/5.0 (Windows NT 10.0; Win64; x64) AppleWebKit/537.36 (KHTML, like Gecko) Chrome/74.0.3729.96 Safari/537.36", "Accept-Charset": "ISO-8859-1,utf-8;q=0.7,*;q=0.7", "Accept": "text/html,application/xhtml+xml,application/xml;q=0.9,*/*;q=0.8", "Accept-Encoding": "gzip, deflate", "Accept-Language": "en-us,en;q=0.5"}}, {"format_id": "137", "url": "https://r1---sn-ipoxu-u2x6.googlevideo.com/videoplayback?expire=1613157110&ei=ln4mYK7uFs_lgQPZhbBA&ip=61.230.12.35&id=o-AKvonvneNGkAdlr8GNZSBrZ4BWj66zk39B0WvTVIOb_3&itag=137&aitags=133%2C134%2C135%2C136%2C137%2C160%2C242%2C243%2C244%2C247%2C248%2C271%2C278%2C313&source=youtube&requiressl=yes&mh=il&mm=31%2C29&mn=sn-ipoxu-u2x6%2Csn-un57sn7z&ms=au%2Crdu&mv=m&mvi=1&pl=21&initcwndbps=947500&vprv=1&mime=video%2Fmp4&ns=5414G3-s0jmvEyJ62JghPyoF&gir=yes&clen=6518512&dur=136.600&lmt=1426029184050272&mt=1613135326&fvip=1&keepalive=yes&beids=9466585&c=WEB&n=Jip-XVOGg1mc_y5mPc&sparams=expire%2Cei%2Cip%2Cid%2Caitags%2Csource%2Crequiressl%2Cvprv%2Cmime%2Cns%2Cgir%2Cclen%2Cdur%2Clmt&lsparams=mh%2Cmm%2Cmn%2Cms%2Cmv%2Cmvi%2Cpl%2Cinitcwndbps&lsig=AG3C_xAwRgIhAMo1jl8i0H8yiE0uJoeXv-DzuZxQH_khm0Oq0S2kHONkAiEA99q6IQsgSYl7Px_IaqlVpVZveA2-5jliF4qP35PKBoA%3D&sig=AOq0QJ8wRAIgCFHq__-DM6d0Gt6teXzAZb-zO8Lk_LGxx0xUlF45Ne0CIAyXJlR4x4AfJVJQ9Z3l4ZWkr-3oKV5WuFBBUQx2NINa&ratebypass=yes", "player_url": "/s/player/490079fb/player_ias.vflset/en_US/base.js", "ext": "mp4", "height": 1080, "format_note": "1080p", "vcodec": "avc1.640028", "asr": null, "filesize": 6518512, "fps": 25, "tbr": 2379.139, "width": 1920, "acodec": "none", "downloader_options": {"http_chunk_size": 10485760}, "format": "137 - 1920x1080 (1080p)", "protocol": "https", "http_headers": {"User-Agent": "Mozilla/5.0 (Windows NT 10.0; Win64; x64) AppleWebKit/537.36 (KHTML, like Gecko) Chrome/74.0.3729.96 Safari/537.36", "Accept-Charset": "ISO-8859-1,utf-8;q=0.7,*;q=0.7", "Accept": "text/html,application/xhtml+xml,application/xml;q=0.9,*/*;q=0.8", "Accept-Encoding": "gzip, deflate", "Accept-Language": "en-us,en;q=0.5"}}, {"format_id": "313", "url": "https://r1---sn-ipoxu-u2x6.googlevideo.com/videoplayback?expire=1613157110&ei=ln4mYK7uFs_lgQPZhbBA&ip=61.230.12.35&id=o-AKvonvneNGkAdlr8GNZSBrZ4BWj66zk39B0WvTVIOb_3&itag=313&aitags=133%2C134%2C135%2C136%2C137%2C160%2C242%2C243%2C244%2C247%2C248%2C271%2C278%2C313&source=youtube&requiressl=yes&mh=il&mm=31%2C29&mn=sn-ipoxu-u2x6%2Csn-un57sn7z&ms=au%2Crdu&mv=m&mvi=1&pl=21&initcwndbps=947500&vprv=1&mime=video%2Fwebm&ns=5414G3-s0jmvEyJ62JghPyoF&gir=yes&clen=47223386&dur=136.600&lmt=1543446771722037&mt=1613135326&fvip=1&keepalive=yes&beids=9466585&c=WEB&txp=1311222&n=Jip-XVOGg1mc_y5mPc&sparams=expire%2Cei%2Cip%2Cid%2Caitags%2Csource%2Crequiressl%2Cvprv%2Cmime%2Cns%2Cgir%2Cclen%2Cdur%2Clmt&lsparams=mh%2Cmm%2Cmn%2Cms%2Cmv%2Cmvi%2Cpl%2Cinitcwndbps&lsig=AG3C_xAwRQIgUnLSmW4g9hr6XzDVc-2_e1dm7Ll1N7TebEPcvebOx_sCIQCdbjnA0QPQggviZZGQkSF76MiiU8ScPFMq_b4myfWqKQ%3D%3D&sig=AOq0QJ8wRAIgGtN-0b4gmGuXdIljbCTP4BSz3Mpz3-QYNQm5_gH9tfcCICs6TWvQMqoRgTbSROwLshntLtMRMyss_kenvDmFvDVZ&ratebypass=yes", "player_url": "/s/player/490079fb/player_ias.vflset/en_US/base.js", "ext": "webm", "height": 2160, "format_note": "2160p", "vcodec": "vp9", "asr": null, "filesize": 47223386, "fps": 25, "tbr": 7035.025, "width": 3840, "acodec": "none", "downloader_options": {"http_chunk_size": 10485760}, "format": "313 - 3840x2160 (2160p)", "protocol": "https", "http_headers": {"User-Agent": "Mozilla/5.0 (Windows NT 10.0; Win64; x64) AppleWebKit/537.36 (KHTML, like Gecko) Chrome/74.0.3729.96 Safari/537.36", "Accept-Charset": "ISO-8859-1,utf-8;q=0.7,*;q=0.7", "Accept": "text/html,application/xhtml+xml,application/xml;q=0.9,*/*;q=0.8", "Accept-Encoding": "gzip, deflate", "Accept-Language": "en-us,en;q=0.5"}}, {"format_id": "18", "url": "https://r1---sn-ipoxu-u2x6.googlevideo.com/videoplayback?expire=1613157110&ei=ln4mYK7uFs_lgQPZhbBA&ip=61.230.12.35&id=o-AKvonvneNGkAdlr8GNZSBrZ4BWj66zk39B0WvTVIOb_3&itag=18&source=youtube&requiressl=yes&mh=il&mm=31%2C29&mn=sn-ipoxu-u2x6%2Csn-un57sn7z&ms=au%2Crdu&mv=m&mvi=1&pl=21&initcwndbps=947500&vprv=1&mime=video%2Fmp4&ns=SDZ8S0lDZ_zerMax4UWd7V0F&gir=yes&clen=3145447&ratebypass=yes&dur=136.672&lmt=1426029003258291&mt=1613135326&fvip=1&beids=9466585&c=WEB&n=EMRZEIk704N5u5220q&sparams=expire%2Cei%2Cip%2Cid%2Citag%2Csource%2Crequiressl%2Cvprv%2Cmime%2Cns%2Cgir%2Cclen%2Cratebypass%2Cdur%2Clmt&lsparams=mh%2Cmm%2Cmn%2Cms%2Cmv%2Cmvi%2Cpl%2Cinitcwndbps&lsig=AG3C_xAwRQIgT6qxfUgW_jqUWhrQs5wQouRSli_NDUyZb4PfwvGUz0ACIQDPfiSSsdBzkPn9WMFGq-KcUGUeINpAuPn-pv2QRAxgJA%3D%3D&sig=AOq0QJ8wRQIgJKAafXyGz04zOpQlLmkTmnwKJP2pM8nRzVbJZgPW5agCIQCRJxsY88Zpg6c_n2FUlwDTzKDuhIzReTtZr86i021tbQ==", "player_url": "/s/player/490079fb/player_ias.vflset/en_US/base.js", "ext": "mp4", "width": 640, "height": 360, "acodec": "mp4a.40.2", "abr": 96, "vcodec": "avc1.42001E", "asr": 44100, "filesize": 3145447, "format_note": "360p", "fps": 25, "tbr": 184.213, "format": "18 - 640x360 (360p)", "protocol": "https", "http_headers": {"User-Agent": "Mozilla/5.0 (Windows NT 10.0; Win64; x64) AppleWebKit/537.36 (KHTML, like Gecko) Chrome/74.0.3729.96 Safari/537.36", "Accept-Charset": "ISO-8859-1,utf-8;q=0.7,*;q=0.7", "Accept": "text/html,application/xhtml+xml,application/xml;q=0.9,*/*;q=0.8", "Accept-Encoding": "gzip, deflate", "Accept-Language": "en-us,en;q=0.5"}}], "is_live": null, "start_time": null, "end_time": null, "series": null, "season_number": null, "episode_number": null, "track": "Happy Piano", "artist": "Olexandr Ignatov", "album": null, "release_date": null, "release_year": null, "extractor": "youtube", "webpage_url_basename": "watch", "extractor_key": "Youtube", "playlist": null, "playlist_index": null, "thumbnail": "https://i.ytimg.com/vi/BvEFgxEHJoA/maxresdefault.jpg", "display_id": "BvEFgxEHJoA", "requested_subtitles": null, "format_id": "251", "url": "https://r1---sn-ipoxu-u2x6.googlevideo.com/videoplayback?expire=1613157110&ei=ln4mYK7uFs_lgQPZhbBA&ip=61.230.12.35&id=o-AKvonvneNGkAdlr8GNZSBrZ4BWj66zk39B0WvTVIOb_3&itag=251&source=youtube&requiressl=yes&mh=il&mm=31%2C29&mn=sn-ipoxu-u2x6%2Csn-un57sn7z&ms=au%2Crdu&mv=m&mvi=1&pl=21&initcwndbps=947500&vprv=1&mime=audio%2Fwebm&ns=5414G3-s0jmvEyJ62JghPyoF&gir=yes&clen=2526111&dur=136.621&lmt=1443534845980553&mt=1613135326&fvip=1&keepalive=yes&beids=9466585&c=WEB&n=Jip-XVOGg1mc_y5mPc&sparams=expire%2Cei%2Cip%2Cid%2Citag%2Csource%2Crequiressl%2Cvprv%2Cmime%2Cns%2Cgir%2Cclen%2Cdur%2Clmt&lsparams=mh%2Cmm%2Cmn%2Cms%2Cmv%2Cmvi%2Cpl%2Cinitcwndbps&lsig=AG3C_xAwRAIgO0hyR_xYxaDmlBcdphtxtqdxXSWY2F2tJfC21aKrlvUCIA2DC5YVRGULGdGPk3c8T_bjxCJbphCz4OOQiCyVrUXU&sig=AOq0QJ8wRgIhAPdOU53_dpwl387lLcdhl9lALoffrRSJZC5_Zwr2bUdEAiEA3nsVjWob2pNNXAHpWcjxvoqi7YOU_2Li1NQvxJ-d1V4=&ratebypass=yes", "player_url": "/s/player/490079fb/player_ias.vflset/en_US/base.js", "ext": "webm", "format_note": "tiny", "acodec": "opus", "abr": 160, "asr": 48000, "filesize": 2526111, "fps": null, "height": null, "tbr": 163.212, "width": null, "vcodec": "none", "downloader_options": {"http_chunk_size": 10485760}, "format": "251 - audio only (tiny)", "protocol": "https", "http_headers": {"User-Agent": "Mozilla/5.0 (Windows NT 10.0; Win64; x64) AppleWebKit/537.36 (KHTML, like Gecko) Chrome/74.0.3729.96 Safari/537.36", "Accept-Charset": "ISO-8859-1,utf-8;q=0.7,*;q=0.7", "Accept": "text/html,application/xhtml+xml,application/xml;q=0.9,*/*;q=0.8", "Accept-Encoding": "gzip, deflate", "Accept-Language": "en-us,en;q=0.5"}}