{"id": "Cg2u_Ldjv8g", "uploader": "Eamonn Watt - Topic", "uploader_id": "UCH0rv8pAlq8Qe5SVevNvYxA", "uploader_url": "http://www.youtube.com/channel/UCH0rv8pAlq8Qe5SVevNvYxA", "channel_id": "UCH0rv8pAlq8Qe5SVevNvYxA", "channel_url": "http://www.youtube.com/channel/UCH0rv8pAlq8Qe5SVevNvYxA", "upload_date": "20180403", "license": null, "creator": "Eamonn Watt", "title": "Just Passing By", "alt_title": "Just Passing By", "thumbnails": [{"url": "https://i.ytimg.com/vi/Cg2u_Ldjv8g/hqdefault.jpg?sqp=-oaymwEbCKgBEF5IVfKriqkDDggBFQAAiEIYAXABwAEG&rs=AOn4CLCbIy9GvQvIX23utSIEewc7OmwaGg", "width": 168, "height": 94, "resolution": "168x94", "id": "0"}, {"url": "https://i.ytimg.com/vi/Cg2u_Ldjv8g/hqdefault.jpg?sqp=-oaymwEbCMQBEG5IVfKriqkDDggBFQAAiEIYAXABwAEG&rs=AOn4CLD-DxguKRzkY57MjLv25LUhFMmVnA", "width": 196, "height": 110, "resolution": "196x110", "id": "1"}, {"url": "https://i.ytimg.com/vi/Cg2u_Ldjv8g/hqdefault.jpg?sqp=-oaymwEcCPYBEIoBSFXyq4qpAw4IARUAAIhCGAFwAcABBg==&rs=AOn4CLCgKJP95AG613Cyxxo2PDFzXkgBWA", "width": 246, "height": 138, "resolution": "246x138", "id": "2"}, {"url": "https://i.ytimg.com/vi/Cg2u_Ldjv8g/hqdefault.jpg?sqp=-oaymwEcCNACELwBSFXyq4qpAw4IARUAAIhCGAFwAcABBg==&rs=AOn4CLDm-21arkPajWy9Zeul8Dp-aP8VFw", "width": 336, "height": 188, "resolution": "336x188", "id": "3"}, {"url": "https://i.ytimg.com/vi_webp/Cg2u_Ldjv8g/maxresdefault.webp", "width": 1920, "height": 1080, "resolution": "1920x1080", "id": "4"}], "description": "Provided to YouTube by TuneCore\n\nJust Passing By \u00b7 Eamonn Watt\n\nPianissimo Grande\n\n\u2117 2018 Virtually Conducted Productions\n\nReleased on: 2018-04-02\n\nAuto-generated by YouTube.", "categories": ["Music"], "tags": ["Eamonn", "Watt", "Pianissimo", "Grande", "Just", "Passing", "By"], "subtitles": {}, "automatic_captions": {}, "duration": 169, "age_limit": 0, "annotations": null, "chapters": null, "webpage_url": "https://www.youtube.com/watch?v=Cg2u_Ldjv8g", "view_count": 32, "like_count": 2, "dislike_count": null, "average_rating": 5.0, "formats": [{"format_id": "249", "url": "https://r3---sn-5njj-u2xl.googlevideo.com/videoplayback?expire=1612199817&ei=KeMXYO7SNpDggAOohZiYBA&ip=140.109.135.76&id=o-AGkehg5NiK0Vw69Vsg6mC-JBMrCPZNCiY4qc_MWuhRuS&itag=249&source=youtube&requiressl=yes&mh=87&mm=31%2C29&mn=sn-5njj-u2xl%2Csn-un57sn7z&ms=au%2Crdu&mv=m&mvi=3&pl=16&gcr=tw&initcwndbps=500000&vprv=1&mime=audio%2Fwebm&ns=nry4rbeochLzIcesun1QXrgF&gir=yes&clen=1262218&dur=169.381&lmt=1571236440655939&mt=1612177734&fvip=3&keepalive=yes&c=WEB&txp=1301222&n=9ER--eoE-8VmvzjOB&sparams=expire%2Cei%2Cip%2Cid%2Citag%2Csource%2Crequiressl%2Cgcr%2Cvprv%2Cmime%2Cns%2Cgir%2Cclen%2Cdur%2Clmt&lsparams=mh%2Cmm%2Cmn%2Cms%2Cmv%2Cmvi%2Cpl%2Cinitcwndbps&lsig=AG3C_xAwRQIgZ35ON1tYxajahC_Se-hE-nGzphClSidwJ0fJ_n9EX4QCIQCjbfOyVeWB-_cYXOjC19P1pIzCWWgOMTngoDUeC37E1Q%3D%3D&sig=AOq0QJ8wRQIhAMzAs4S9jB8b5pCgJSMQD2YEsw9alnnOsj9oPLSv3ZJSAiBi_K8eBvsdza03yJAoT4pY4_0HWZmh3uffbV7QyTej3g==&ratebypass=yes", "player_url": "/s/player/7bc032d0/player_ias.vflset/en_US/base.js", "ext": "webm", "format_note": "tiny", "acodec": "opus", "abr": 50, "asr": 48000, "filesize": 1262218, "fps": null, "height": null, "tbr": 68.229, "width": null, "vcodec": "none", "downloader_options": {"http_chunk_size": 10485760}, "format": "249 - audio only (tiny)", "protocol": "https", "http_headers": {"User-Agent": "Mozilla/5.0 (Windows NT 10.0; Win64; x64) AppleWebKit/537.36 (KHTML, like Gecko) Chrome/73.0.3683.100 Safari/537.36", "Accept-Charset": "ISO-8859-1,utf-8;q=0.7,*;q=0.7", "Accept": "text/html,application/xhtml+xml,application/xml;q=0.9,*/*;q=0.8", "Accept-Encoding": "gzip, deflate", "Accept-Language": "en-us,en;q=0.5"}}, {"format_id": "250", "url": "https://r3---sn-5njj-u2xl.googlevideo.com/videoplayback?expire=1612199817&ei=KeMXYO7SNpDggAOohZiYBA&ip=140.109.135.76&id=o-AGkehg5NiK0Vw69Vsg6mC-JBMrCPZNCiY4qc_MWuhRuS&itag=250&source=youtube&requiressl=yes&mh=87&mm=31%2C29&mn=sn-5njj-u2xl%2Csn-un57sn7z&ms=au%2Crdu&mv=m&mvi=3&pl=16&gcr=tw&initcwndbps=500000&vprv=1&mime=audio%2Fwebm&ns=nry4rbeochLzIcesun1QXrgF&gir=yes&clen=1659625&dur=169.381&lmt=1571236441710609&mt=1612177734&fvip=3&keepalive=yes&c=WEB&txp=1301222&n=9ER--eoE-8VmvzjOB&sparams=expire%2Cei%2Cip%2Cid%2Citag%2Csource%2Crequiressl%2Cgcr%2Cvprv%2Cmime%2Cns%2Cgir%2Cclen%2Cdur%2Clmt&lsparams=mh%2Cmm%2Cmn%2Cms%2Cmv%2Cmvi%2Cpl%2Cinitcwndbps&lsig=AG3C_xAwRgIhAL9ISWzxLo40ASNZiglg6XIKWNhiAfgTvGox7HGN_OToAiEA86KY-7lsy9sIO-Jkq4croTDUVfJyoexd-OG-ii2uWcY%3D&sig=AOq0QJ8wRQIgbLi6zC341Yqk4lU_-Coi-z-lEdAf4x2KbkRpRiJeI1cCIQDovGJ6AsCyNPbp9YFnXqMwSI7XjbIoOAf6xVJxO7RHww==&ratebypass=yes", "player_url": "/s/player/7bc032d0/player_ias.vflset/en_US/base.js", "ext": "webm", "format_note": "tiny", "acodec": "opus", "abr": 70, "asr": 48000, "filesize": 1659625, "fps": null, "height": null, "tbr": 88.921, "width": null, "vcodec": "none", "downloader_options": {"http_chunk_size": 10485760}, "format": "250 - audio only (tiny)", "protocol": "https", "http_headers": {"User-Agent": "Mozilla/5.0 (Windows NT 10.0; Win64; x64) AppleWebKit/537.36 (KHTML, like Gecko) Chrome/73.0.3683.100 Safari/537.36", "Accept-Charset": "ISO-8859-1,utf-8;q=0.7,*;q=0.7", "Accept": "text/html,application/xhtml+xml,application/xml;q=0.9,*/*;q=0.8", "Accept-Encoding": "gzip, deflate", "Accept-Language": "en-us,en;q=0.5"}}, {"format_id": "140", "url": "https://r3---sn-5njj-u2xl.googlevideo.com/videoplayback?expire=1612199817&ei=KeMXYO7SNpDggAOohZiYBA&ip=140.109.135.76&id=o-AGkehg5NiK0Vw69Vsg6mC-JBMrCPZNCiY4qc_MWuhRuS&itag=140&source=youtube&requiressl=yes&mh=87&mm=31%2C29&mn=sn-5njj-u2xl%2Csn-un57sn7z&ms=au%2Crdu&mv=m&mvi=3&pl=16&gcr=tw&initcwndbps=500000&vprv=1&mime=audio%2Fmp4&ns=nry4rbeochLzIcesun1QXrgF&gir=yes&clen=2744379&dur=169.370&lmt=1600192774711439&mt=1612177734&fvip=3&keepalive=yes&c=WEB&txp=1311222&n=9ER--eoE-8VmvzjOB&sparams=expire%2Cei%2Cip%2Cid%2Citag%2Csource%2Crequiressl%2Cgcr%2Cvprv%2Cmime%2Cns%2Cgir%2Cclen%2Cdur%2Clmt&lsparams=mh%2Cmm%2Cmn%2Cms%2Cmv%2Cmvi%2Cpl%2Cinitcwndbps&lsig=AG3C_xAwRQIgNS60h2m5pf1IuCqhTAtAt5ErjP37cQ8IJy6mpD7omO8CIQCol9L9AcUWQe-9pW_qK8hIYzvars-ynfv6PngpAXywlQ%3D%3D&sig=AOq0QJ8wRgIhANt_Tsc3sLwWoJhoKJduuGKS8JcGCwOxFBP9K-GJi2VZAiEAgcbOxWaysWiOMTXrC5nOEFFpSufTYohtzaMcyaReln0=&ratebypass=yes", "player_url": "/s/player/7bc032d0/player_ias.vflset/en_US/base.js", "ext": "m4a", "format_note": "tiny", "acodec": "mp4a.40.2", "abr": 128, "container": "m4a_dash", "asr": 44100, "filesize": 2744379, "fps": null, "height": null, "tbr": 130.97, "width": null, "vcodec": "none", "downloader_options": {"http_chunk_size": 10485760}, "format": "140 - audio only (tiny)", "protocol": "https", "http_headers": {"User-Agent": "Mozilla/5.0 (Windows NT 10.0; Win64; x64) AppleWebKit/537.36 (KHTML, like Gecko) Chrome/73.0.3683.100 Safari/537.36", "Accept-Charset": "ISO-8859-1,utf-8;q=0.7,*;q=0.7", "Accept": "text/html,application/xhtml+xml,application/xml;q=0.9,*/*;q=0.8", "Accept-Encoding": "gzip, deflate", "Accept-Language": "en-us,en;q=0.5"}}, {"format_id": "251", "url": "https://r3---sn-5njj-u2xl.googlevideo.com/videoplayback?expire=1612199817&ei=KeMXYO7SNpDggAOohZiYBA&ip=140.109.135.76&id=o-AGkehg5NiK0Vw69Vsg6mC-JBMrCPZNCiY4qc_MWuhRuS&itag=251&source=youtube&requiressl=yes&mh=87&mm=31%2C29&mn=sn-5njj-u2xl%2Csn-un57sn7z&ms=au%2Crdu&mv=m&mvi=3&pl=16&gcr=tw&initcwndbps=500000&vprv=1&mime=audio%2Fwebm&ns=nry4rbeochLzIcesun1QXrgF&gir=yes&clen=3209526&dur=169.381&lmt=1571236441763013&mt=1612177734&fvip=3&keepalive=yes&c=WEB&txp=1301222&n=9ER--eoE-8VmvzjOB&sparams=expire%2Cei%2Cip%2Cid%2Citag%2Csource%2Crequiressl%2Cgcr%2Cvprv%2Cmime%2Cns%2Cgir%2Cclen%2Cdur%2Clmt&lsparams=mh%2Cmm%2Cmn%2Cms%2Cmv%2Cmvi%2Cpl%2Cinitcwndbps&lsig=AG3C_xAwRQIgfV224AluNL5vNk1KC6drcRyEmDEGcXNxT_wYD2k4N4QCIQDqy6_mrjYSQfeHTV1quNF2o3zdf8G8WC4wPUGnB0681A%3D%3D&sig=AOq0QJ8wRAIgDpyP5CzvicsoWKDN6SniM6vBECtgZsTrWhWKqUYj8NwCIApPSA4Ibp2OgsWhT5UrKKzx_yS-h6pCm6Y-nxKra3vX&ratebypass=yes", "player_url": "/s/player/7bc032d0/player_ias.vflset/en_US/base.js", "ext": "webm", "format_note": "tiny", "acodec": "opus", "abr": 160, "asr": 48000, "filesize": 3209526, "fps": null, "height": null, "tbr": 170.29, "width": null, "vcodec": "none", "downloader_options": {"http_chunk_size": 10485760}, "format": "251 - audio only (tiny)", "protocol": "https", "http_headers": {"User-Agent": "Mozilla/5.0 (Windows NT 10.0; Win64; x64) AppleWebKit/537.36 (KHTML, like Gecko) Chrome/73.0.3683.100 Safari/537.36", "Accept-Charset": "ISO-8859-1,utf-8;q=0.7,*;q=0.7", "Accept": "text/html,application/xhtml+xml,application/xml;q=0.9,*/*;q=0.8", "Accept-Encoding": "gzip, deflate", "Accept-Language": "en-us,en;q=0.5"}}, {"format_id": "160", "url": "https://r3---sn-5njj-u2xl.googlevideo.com/videoplayback?expire=1612199817&ei=KeMXYO7SNpDggAOohZiYBA&ip=140.109.135.76&id=o-AGkehg5NiK0Vw69Vsg6mC-JBMrCPZNCiY4qc_MWuhRuS&itag=160&aitags=133%2C134%2C135%2C136%2C137%2C160%2C242%2C243%2C244%2C247%2C248%2C278&source=youtube&requiressl=yes&mh=87&mm=31%2C29&mn=sn-5njj-u2xl%2Csn-un57sn7z&ms=au%2Crdu&mv=m&mvi=3&pl=16&gcr=tw&initcwndbps=500000&vprv=1&mime=video%2Fmp4&ns=nry4rbeochLzIcesun1QXrgF&gir=yes&clen=213722&dur=169.360&lmt=1600192791272630&mt=1612177734&fvip=3&keepalive=yes&c=WEB&txp=1311222&n=9ER--eoE-8VmvzjOB&sparams=expire%2Cei%2Cip%2Cid%2Caitags%2Csource%2Crequiressl%2Cgcr%2Cvprv%2Cmime%2Cns%2Cgir%2Cclen%2Cdur%2Clmt&lsparams=mh%2Cmm%2Cmn%2Cms%2Cmv%2Cmvi%2Cpl%2Cinitcwndbps&lsig=AG3C_xAwRgIhAIMwilMQ6r5R-AvYoXhadslfoEPoemTaifYSdFho3Ow1AiEAtZfrR_zTGrwhpgQNKvDrl9eRv-Bq-D23jmfBsJFOF9s%3D&sig=AOq0QJ8wRgIhAMryneB9CrzUT7JJZZb6rI1Nus1TFG8UyHzMSgI4FysDAiEA6WnV6q2iDeQkKROWCaKhpvIW8IXMl6K5yPOWGLaZa8I=&ratebypass=yes", "player_url": "/s/player/7bc032d0/player_ias.vflset/en_US/base.js", "ext": "mp4", "height": 144, "format_note": "144p", "vcodec": "avc1.4d400b", "asr": null, "filesize": 213722, "fps": 25, "tbr": 11.864, "width": 144, "acodec": "none", "downloader_options": {"http_chunk_size": 10485760}, "format": "160 - 144x144 (144p)", "protocol": "https", "http_headers": {"User-Agent": "Mozilla/5.0 (Windows NT 10.0; Win64; x64) AppleWebKit/537.36 (KHTML, like Gecko) Chrome/73.0.3683.100 Safari/537.36", "Accept-Charset": "ISO-8859-1,utf-8;q=0.7,*;q=0.7", "Accept": "text/html,application/xhtml+xml,application/xml;q=0.9,*/*;q=0.8", "Accept-Encoding": "gzip, deflate", "Accept-Language": "en-us,en;q=0.5"}}, {"format_id": "133", "url": "https://r3---sn-5njj-u2xl.googlevideo.com/videoplayback?expire=1612199817&ei=KeMXYO7SNpDggAOohZiYBA&ip=140.109.135.76&id=o-AGkehg5NiK0Vw69Vsg6mC-JBMrCPZNCiY4qc_MWuhRuS&itag=133&aitags=133%2C134%2C135%2C136%2C137%2C160%2C242%2C243%2C244%2C247%2C248%2C278&source=youtube&requiressl=yes&mh=87&mm=31%2C29&mn=sn-5njj-u2xl%2Csn-un57sn7z&ms=au%2Crdu&mv=m&mvi=3&pl=16&gcr=tw&initcwndbps=500000&vprv=1&mime=video%2Fmp4&ns=nry4rbeochLzIcesun1QXrgF&gir=yes&clen=326531&dur=169.360&lmt=1600192791192780&mt=1612177734&fvip=3&keepalive=yes&c=WEB&txp=1311222&n=9ER--eoE-8VmvzjOB&sparams=expire%2Cei%2Cip%2Cid%2Caitags%2Csource%2Crequiressl%2Cgcr%2Cvprv%2Cmime%2Cns%2Cgir%2Cclen%2Cdur%2Clmt&lsparams=mh%2Cmm%2Cmn%2Cms%2Cmv%2Cmvi%2Cpl%2Cinitcwndbps&lsig=AG3C_xAwRAIgQswCr7bLLyIxNqTXJEudgiINZiI82PRN-JySS8Fg8cUCIEoCmYCj4eugoWEjZ5Z8LRnTufa_8eOarsszQmn0iBSC&sig=AOq0QJ8wRAIgfh7JEWnrIZLAFex570BirekSM4q58hqmRH9g7lTT37gCICWhBFmaBLtCG3EhCB1SBvW4dQ2VMCnt_zKdzhslyQIC&ratebypass=yes", "player_url": "/s/player/7bc032d0/player_ias.vflset/en_US/base.js", "ext": "mp4", "height": 240, "format_note": "240p", "vcodec": "avc1.4d400c", "asr": null, "filesize": 326531, "fps": 25, "tbr": 17.218, "width": 240, "acodec": "none", "downloader_options": {"http_chunk_size": 10485760}, "format": "133 - 240x240 (240p)", "protocol": "https", "http_headers": {"User-Agent": "Mozilla/5.0 (Windows NT 10.0; Win64; x64) AppleWebKit/537.36 (KHTML, like Gecko) Chrome/73.0.3683.100 Safari/537.36", "Accept-Charset": "ISO-8859-1,utf-8;q=0.7,*;q=0.7", "Accept": "text/html,application/xhtml+xml,application/xml;q=0.9,*/*;q=0.8", "Accept-Encoding": "gzip, deflate", "Accept-Language": "en-us,en;q=0.5"}}, {"format_id": "134", "url": "https://r3---sn-5njj-u2xl.googlevideo.com/videoplayback?expire=1612199817&ei=KeMXYO7SNpDggAOohZiYBA&ip=140.109.135.76&id=o-AGkehg5NiK0Vw69Vsg6mC-JBMrCPZNCiY4qc_MWuhRuS&itag=134&aitags=133%2C134%2C135%2C136%2C137%2C160%2C242%2C243%2C244%2C247%2C248%2C278&source=youtube&requiressl=yes&mh=87&mm=31%2C29&mn=sn-5njj-u2xl%2Csn-un57sn7z&ms=au%2Crdu&mv=m&mvi=3&pl=16&gcr=tw&initcwndbps=500000&vprv=1&mime=video%2Fmp4&ns=nry4rbeochLzIcesun1QXrgF&gir=yes&clen=445777&dur=169.360&lmt=1600192791182642&mt=1612177734&fvip=3&keepalive=yes&c=WEB&txp=1311222&n=9ER--eoE-8VmvzjOB&sparams=expire%2Cei%2Cip%2Cid%2Caitags%2Csource%2Crequiressl%2Cgcr%2Cvprv%2Cmime%2Cns%2Cgir%2Cclen%2Cdur%2Clmt&lsparams=mh%2Cmm%2Cmn%2Cms%2Cmv%2Cmvi%2Cpl%2Cinitcwndbps&lsig=AG3C_xAwRAIgUNq1lWaTeljzM3E7M2xyPpQYQkoMyfVW3YiNe09WheUCIE9VWqbYHsllvKnGI8gqGSU4B2silOfi82yElg3Psvqp&sig=AOq0QJ8wRQIhAKO07MBat64RnQvuYxz0b8FTkEvEke1s8I_drdX8eORDAiBlaWjEb-xFF3NL2wTQmdBM2hITv5tKQ2TSz_OBwNPssg==&ratebypass=yes", "player_url": "/s/player/7bc032d0/player_ias.vflset/en_US/base.js", "ext": "mp4", "height": 360, "format_note": "360p", "vcodec": "avc1.4d4015", "asr": null, "filesize": 445777, "fps": 25, "tbr": 22.768, "width": 360, "acodec": "none", "downloader_options": {"http_chunk_size": 10485760}, "format": "134 - 360x360 (360p)", "protocol": "https", "http_headers": {"User-Agent": "Mozilla/5.0 (Windows NT 10.0; Win64; x64) AppleWebKit/537.36 (KHTML, like Gecko) Chrome/73.0.3683.100 Safari/537.36", "Accept-Charset": "ISO-8859-1,utf-8;q=0.7,*;q=0.7", "Accept": "text/html,application/xhtml+xml,application/xml;q=0.9,*/*;q=0.8", "Accept-Encoding": "gzip, deflate", "Accept-Language": "en-us,en;q=0.5"}}, {"format_id": "278", "url": "https://r3---sn-5njj-u2xl.googlevideo.com/videoplayback?expire=1612199817&ei=KeMXYO7SNpDggAOohZiYBA&ip=140.109.135.76&id=o-AGkehg5NiK0Vw69Vsg6mC-JBMrCPZNCiY4qc_MWuhRuS&itag=278&aitags=133%2C134%2C135%2C136%2C137%2C160%2C242%2C243%2C244%2C247%2C248%2C278&source=youtube&requiressl=yes&mh=87&mm=31%2C29&mn=sn-5njj-u2xl%2Csn-un57sn7z&ms=au%2Crdu&mv=m&mvi=3&pl=16&gcr=tw&initcwndbps=500000&vprv=1&mime=video%2Fwebm&ns=nry4rbeochLzIcesun1QXrgF&gir=yes&clen=470525&dur=169.360&lmt=1600196084271576&mt=1612177734&fvip=3&keepalive=yes&c=WEB&txp=1311222&n=9ER--eoE-8VmvzjOB&sparams=expire%2Cei%2Cip%2Cid%2Caitags%2Csource%2Crequiressl%2Cgcr%2Cvprv%2Cmime%2Cns%2Cgir%2Cclen%2Cdur%2Clmt&lsparams=mh%2Cmm%2Cmn%2Cms%2Cmv%2Cmvi%2Cpl%2Cinitcwndbps&lsig=AG3C_xAwRAIgMacpHR2Ii1M0u30NYmsBBI6OHLnVKAT1atRpD4T_haMCIAv7pUPNBdGRwc0m4f3KsI3sx5qDtqbIUPutSx2tik4t&sig=AOq0QJ8wRQIgUJqeUT7mXJuBtMs1g6-F_Vg_T1qCNhnGAK_D-EzM0_4CIQDnidP2R0ujZhT1ekUqn6qEaC97i3PI_ayJCbp2JZnkDw==&ratebypass=yes", "player_url": "/s/player/7bc032d0/player_ias.vflset/en_US/base.js", "ext": "webm", "height": 144, "format_note": "144p", "container": "webm", "vcodec": "vp9", "asr": null, "filesize": 470525, "fps": 25, "tbr": 23.418, "width": 144, "acodec": "none", "downloader_options": {"http_chunk_size": 10485760}, "format": "278 - 144x144 (144p)", "protocol": "https", "http_headers": {"User-Agent": "Mozilla/5.0 (Windows NT 10.0; Win64; x64) AppleWebKit/537.36 (KHTML, like Gecko) Chrome/73.0.3683.100 Safari/537.36", "Accept-Charset": "ISO-8859-1,utf-8;q=0.7,*;q=0.7", "Accept": "text/html,application/xhtml+xml,application/xml;q=0.9,*/*;q=0.8", "Accept-Encoding": "gzip, deflate", "Accept-Language": "en-us,en;q=0.5"}}, {"format_id": "135", "url": "https://r3---sn-5njj-u2xl.googlevideo.com/videoplayback?expire=1612199817&ei=KeMXYO7SNpDggAOohZiYBA&ip=140.109.135.76&id=o-AGkehg5NiK0Vw69Vsg6mC-JBMrCPZNCiY4qc_MWuhRuS&itag=135&aitags=133%2C134%2C135%2C136%2C137%2C160%2C242%2C243%2C244%2C247%2C248%2C278&source=youtube&requiressl=yes&mh=87&mm=31%2C29&mn=sn-5njj-u2xl%2Csn-un57sn7z&ms=au%2Crdu&mv=m&mvi=3&pl=16&gcr=tw&initcwndbps=500000&vprv=1&mime=video%2Fmp4&ns=nry4rbeochLzIcesun1QXrgF&gir=yes&clen=822240&dur=169.360&lmt=1600192791182963&mt=1612177734&fvip=3&keepalive=yes&c=WEB&txp=1311222&n=9ER--eoE-8VmvzjOB&sparams=expire%2Cei%2Cip%2Cid%2Caitags%2Csource%2Crequiressl%2Cgcr%2Cvprv%2Cmime%2Cns%2Cgir%2Cclen%2Cdur%2Clmt&lsparams=mh%2Cmm%2Cmn%2Cms%2Cmv%2Cmvi%2Cpl%2Cinitcwndbps&lsig=AG3C_xAwRAIgfe_wUwUeSgtlx3ZLfDLYqsu7tfLtdoKZo9QkbgXJH8cCIGomXNkQ7y4VYVhwnBX63t-LpxDudtVVx61Y7jAUWz3U&sig=AOq0QJ8wRQIhAIXx36Ho5zOO3s86RcQ_lM7dyLsQ0o0AXBfnm0zLH2sHAiBsB-2avIR77BFWTGLFnj_H4wYOLB4BbcBz2dNUbRB84Q==&ratebypass=yes", "player_url": "/s/player/7bc032d0/player_ias.vflset/en_US/base.js", "ext": "mp4", "height": 480, "format_note": "480p", "vcodec": "avc1.4d401e", "asr": null, "filesize": 822240, "fps": 25, "tbr": 39.862, "width": 480, "acodec": "none", "downloader_options": {"http_chunk_size": 10485760}, "format": "135 - 480x480 (480p)", "protocol": "https", "http_headers": {"User-Agent": "Mozilla/5.0 (Windows NT 10.0; Win64; x64) AppleWebKit/537.36 (KHTML, like Gecko) Chrome/73.0.3683.100 Safari/537.36", "Accept-Charset": "ISO-8859-1,utf-8;q=0.7,*;q=0.7", "Accept": "text/html,application/xhtml+xml,application/xml;q=0.9,*/*;q=0.8", "Accept-Encoding": "gzip, deflate", "Accept-Language": "en-us,en;q=0.5"}}, {"format_id": "242", "url": "https://r3---sn-5njj-u2xl.googlevideo.com/videoplayback?expire=1612199817&ei=KeMXYO7SNpDggAOohZiYBA&ip=140.109.135.76&id=o-AGkehg5NiK0Vw69Vsg6mC-JBMrCPZNCiY4qc_MWuhRuS&itag=242&aitags=133%2C134%2C135%2C136%2C137%2C160%2C242%2C243%2C244%2C247%2C248%2C278&source=youtube&requiressl=yes&mh=87&mm=31%2C29&mn=sn-5njj-u2xl%2Csn-un57sn7z&ms=au%2Crdu&mv=m&mvi=3&pl=16&gcr=tw&initcwndbps=500000&vprv=1&mime=video%2Fwebm&ns=nry4rbeochLzIcesun1QXrgF&gir=yes&clen=1132242&dur=169.360&lmt=1600196084265355&mt=1612177734&fvip=3&keepalive=yes&c=WEB&txp=1311222&n=9ER--eoE-8VmvzjOB&sparams=expire%2Cei%2Cip%2Cid%2Caitags%2Csource%2Crequiressl%2Cgcr%2Cvprv%2Cmime%2Cns%2Cgir%2Cclen%2Cdur%2Clmt&lsparams=mh%2Cmm%2Cmn%2Cms%2Cmv%2Cmvi%2Cpl%2Cinitcwndbps&lsig=AG3C_xAwRgIhAInSXOTvOxbr6g-rT_5mmtbQ2lhg4DllDmIRKo83kHR_AiEA2SQq6d5ijnaXPyMUT9kBrO0OkwnjiHpDD2F3PEGZZvI%3D&sig=AOq0QJ8wRgIhAPpqPYUE7TqOZeckKvjhSGCJL8LIv2vFzjcLLGMoyAZ6AiEA4Z2sHyFjViGR9esmcLXWhoS-N149C4V3sQlLdgxW-n8=&ratebypass=yes", "player_url": "/s/player/7bc032d0/player_ias.vflset/en_US/base.js", "ext": "webm", "height": 240, "format_note": "240p", "vcodec": "vp9", "asr": null, "filesize": 1132242, "fps": 25, "tbr": 54.665, "width": 240, "acodec": "none", "downloader_options": {"http_chunk_size": 10485760}, "format": "242 - 240x240 (240p)", "protocol": "https", "http_headers": {"User-Agent": "Mozilla/5.0 (Windows NT 10.0; Win64; x64) AppleWebKit/537.36 (KHTML, like Gecko) Chrome/73.0.3683.100 Safari/537.36", "Accept-Charset": "ISO-8859-1,utf-8;q=0.7,*;q=0.7", "Accept": "text/html,application/xhtml+xml,application/xml;q=0.9,*/*;q=0.8", "Accept-Encoding": "gzip, deflate", "Accept-Language": "en-us,en;q=0.5"}}, {"format_id": "243", "url": "https://r3---sn-5njj-u2xl.googlevideo.com/videoplayback?expire=1612199817&ei=KeMXYO7SNpDggAOohZiYBA&ip=140.109.135.76&id=o-AGkehg5NiK0Vw69Vsg6mC-JBMrCPZNCiY4qc_MWuhRuS&itag=243&aitags=133%2C134%2C135%2C136%2C137%2C160%2C242%2C243%2C244%2C247%2C248%2C278&source=youtube&requiressl=yes&mh=87&mm=31%2C29&mn=sn-5njj-u2xl%2Csn-un57sn7z&ms=au%2Crdu&mv=m&mvi=3&pl=16&gcr=tw&initcwndbps=500000&vprv=1&mime=video%2Fwebm&ns=nry4rbeochLzIcesun1QXrgF&gir=yes&clen=1834584&dur=169.360&lmt=1600196084257034&mt=1612177734&fvip=3&keepalive=yes&c=WEB&txp=1311222&n=9ER--eoE-8VmvzjOB&sparams=expire%2Cei%2Cip%2Cid%2Caitags%2Csource%2Crequiressl%2Cgcr%2Cvprv%2Cmime%2Cns%2Cgir%2Cclen%2Cdur%2Clmt&lsparams=mh%2Cmm%2Cmn%2Cms%2Cmv%2Cmvi%2Cpl%2Cinitcwndbps&lsig=AG3C_xAwRgIhAOVNaRlv2dHwcabYN4qeQLt_6OUkrqHiR74KyYPAdJlrAiEAxSO_DH4MoH56FjqJO4aip7MyhpQU32V2IKHLKrFg1as%3D&sig=AOq0QJ8wRQIgFooDbHlJMRm-Jb-QmcqwoEFWQaQaJPWLCEW6QeyGDgICIQDG2J5b_E5iJ0uLHRq9l9NIKKSZvDQ15E6BTiWco548gg==&ratebypass=yes", "player_url": "/s/player/7bc032d0/player_ias.vflset/en_US/base.js", "ext": "webm", "height": 360, "format_note": "360p", "vcodec": "vp9", "asr": null, "filesize": 1834584, "fps": 25, "tbr": 87.903, "width": 360, "acodec": "none", "downloader_options": {"http_chunk_size": 10485760}, "format": "243 - 360x360 (360p)", "protocol": "https", "http_headers": {"User-Agent": "Mozilla/5.0 (Windows NT 10.0; Win64; x64) AppleWebKit/537.36 (KHTML, like Gecko) Chrome/73.0.3683.100 Safari/537.36", "Accept-Charset": "ISO-8859-1,utf-8;q=0.7,*;q=0.7", "Accept": "text/html,application/xhtml+xml,application/xml;q=0.9,*/*;q=0.8", "Accept-Encoding": "gzip, deflate", "Accept-Language": "en-us,en;q=0.5"}}, {"format_id": "136", "url": "https://r3---sn-5njj-u2xl.googlevideo.com/videoplayback?expire=1612199817&ei=KeMXYO7SNpDggAOohZiYBA&ip=140.109.135.76&id=o-AGkehg5NiK0Vw69Vsg6mC-JBMrCPZNCiY4qc_MWuhRuS&itag=136&aitags=133%2C134%2C135%2C136%2C137%2C160%2C242%2C243%2C244%2C247%2C248%2C278&source=youtube&requiressl=yes&mh=87&mm=31%2C29&mn=sn-5njj-u2xl%2Csn-un57sn7z&ms=au%2Crdu&mv=m&mvi=3&pl=16&gcr=tw&initcwndbps=500000&vprv=1&mime=video%2Fmp4&ns=nry4rbeochLzIcesun1QXrgF&gir=yes&clen=2405421&dur=169.360&lmt=1600192791185852&mt=1612177734&fvip=3&keepalive=yes&c=WEB&txp=1311222&n=9ER--eoE-8VmvzjOB&sparams=expire%2Cei%2Cip%2Cid%2Caitags%2Csource%2Crequiressl%2Cgcr%2Cvprv%2Cmime%2Cns%2Cgir%2Cclen%2Cdur%2Clmt&lsparams=mh%2Cmm%2Cmn%2Cms%2Cmv%2Cmvi%2Cpl%2Cinitcwndbps&lsig=AG3C_xAwRQIhALXKMG3DOMKu5oSw28-7iYYWBbD5JrL8IOQLd9SW7jbkAiBUYRiZigk6coCiN1fng1ctAysRpCt10Ztz_kvEuXxNFw%3D%3D&sig=AOq0QJ8wRAIgTThTh85u5YL1F7LOL_BEfsrH6sVwQMvBRzei0GqMvVYCICU5xRFXLFraT6hg9-wdQVzDTx3j2231CmOm49u9DPYi&ratebypass=yes", "player_url": "/s/player/7bc032d0/player_ias.vflset/en_US/base.js", "ext": "mp4", "height": 720, "format_note": "720p", "vcodec": "avc1.4d401f", "asr": null, "filesize": 2405421, "fps": 25, "tbr": 113.882, "width": 720, "acodec": "none", "downloader_options": {"http_chunk_size": 10485760}, "format": "136 - 720x720 (720p)", "protocol": "https", "http_headers": {"User-Agent": "Mozilla/5.0 (Windows NT 10.0; Win64; x64) AppleWebKit/537.36 (KHTML, like Gecko) Chrome/73.0.3683.100 Safari/537.36", "Accept-Charset": "ISO-8859-1,utf-8;q=0.7,*;q=0.7", "Accept": "text/html,application/xhtml+xml,application/xml;q=0.9,*/*;q=0.8", "Accept-Encoding": "gzip, deflate", "Accept-Language": "en-us,en;q=0.5"}}, {"format_id": "244", "url": "https://r3---sn-5njj-u2xl.googlevideo.com/videoplayback?expire=1612199817&ei=KeMXYO7SNpDggAOohZiYBA&ip=140.109.135.76&id=o-AGkehg5NiK0Vw69Vsg6mC-JBMrCPZNCiY4qc_MWuhRuS&itag=244&aitags=133%2C134%2C135%2C136%2C137%2C160%2C242%2C243%2C244%2C247%2C248%2C278&source=youtube&requiressl=yes&mh=87&mm=31%2C29&mn=sn-5njj-u2xl%2Csn-un57sn7z&ms=au%2Crdu&mv=m&mvi=3&pl=16&gcr=tw&initcwndbps=500000&vprv=1&mime=video%2Fwebm&ns=nry4rbeochLzIcesun1QXrgF&gir=yes&clen=3299260&dur=169.360&lmt=1600196084271519&mt=1612177734&fvip=3&keepalive=yes&c=WEB&txp=1311222&n=9ER--eoE-8VmvzjOB&sparams=expire%2Cei%2Cip%2Cid%2Caitags%2Csource%2Crequiressl%2Cgcr%2Cvprv%2Cmime%2Cns%2Cgir%2Cclen%2Cdur%2Clmt&lsparams=mh%2Cmm%2Cmn%2Cms%2Cmv%2Cmvi%2Cpl%2Cinitcwndbps&lsig=AG3C_xAwRQIhAI6ujgBleeoHf10J7Se-q1e8iU63YEFkwlykzEbWCC-8AiANYyqW2einNxxiWFyo2BpPxkaNMpzDNuVcMBzt87fbyA%3D%3D&sig=AOq0QJ8wRQIgDXO3rKTeF7vYrORp0gxXZLUItZzjQ40NiYLd8C8-RgoCIQDDYAW3Mq8m01oKDy6HTeSrQX-qLIPjBRZ4WGHOx99UQg==&ratebypass=yes", "player_url": "/s/player/7bc032d0/player_ias.vflset/en_US/base.js", "ext": "webm", "height": 480, "format_note": "480p", "vcodec": "vp9", "asr": null, "filesize": 3299260, "fps": 25, "tbr": 156.756, "width": 480, "acodec": "none", "downloader_options": {"http_chunk_size": 10485760}, "format": "244 - 480x480 (480p)", "protocol": "https", "http_headers": {"User-Agent": "Mozilla/5.0 (Windows NT 10.0; Win64; x64) AppleWebKit/537.36 (KHTML, like Gecko) Chrome/73.0.3683.100 Safari/537.36", "Accept-Charset": "ISO-8859-1,utf-8;q=0.7,*;q=0.7", "Accept": "text/html,application/xhtml+xml,application/xml;q=0.9,*/*;q=0.8", "Accept-Encoding": "gzip, deflate", "Accept-Language": "en-us,en;q=0.5"}}, {"format_id": "247", "url": "https://r3---sn-5njj-u2xl.googlevideo.com/videoplayback?expire=1612199817&ei=KeMXYO7SNpDggAOohZiYBA&ip=140.109.135.76&id=o-AGkehg5NiK0Vw69Vsg6mC-JBMrCPZNCiY4qc_MWuhRuS&itag=247&aitags=133%2C134%2C135%2C136%2C137%2C160%2C242%2C243%2C244%2C247%2C248%2C278&source=youtube&requiressl=yes&mh=87&mm=31%2C29&mn=sn-5njj-u2xl%2Csn-un57sn7z&ms=au%2Crdu&mv=m&mvi=3&pl=16&gcr=tw&initcwndbps=500000&vprv=1&mime=video%2Fwebm&ns=nry4rbeochLzIcesun1QXrgF&gir=yes&clen=7688286&dur=169.360&lmt=1600196084263569&mt=1612177734&fvip=3&keepalive=yes&c=WEB&txp=1311222&n=9ER--eoE-8VmvzjOB&sparams=expire%2Cei%2Cip%2Cid%2Caitags%2Csource%2Crequiressl%2Cgcr%2Cvprv%2Cmime%2Cns%2Cgir%2Cclen%2Cdur%2Clmt&lsparams=mh%2Cmm%2Cmn%2Cms%2Cmv%2Cmvi%2Cpl%2Cinitcwndbps&lsig=AG3C_xAwRQIhANL2XsEB9GZk6ZlJwyLeie67R_rlqdXZQ28DjXUvRn3kAiBTauP8FwvfpErEtLoZO-eedoR_SXpGcENR5zTS-cKTyg%3D%3D&sig=AOq0QJ8wRQIgRA4--k-3eXGl1pVUYJMh4FmH2WuJJLfOWVEqLj72lz4CIQDGSUT4pK18l5lw60nayhzh1FwpTZbtT_7OT891zWK7Iw==&ratebypass=yes", "player_url": "/s/player/7bc032d0/player_ias.vflset/en_US/base.js", "ext": "webm", "height": 720, "format_note": "720p", "vcodec": "vp9", "asr": null, "filesize": 7688286, "fps": 25, "tbr": 364.035, "width": 720, "acodec": "none", "downloader_options": {"http_chunk_size": 10485760}, "format": "247 - 720x720 (720p)", "protocol": "https", "http_headers": {"User-Agent": "Mozilla/5.0 (Windows NT 10.0; Win64; x64) AppleWebKit/537.36 (KHTML, like Gecko) Chrome/73.0.3683.100 Safari/537.36", "Accept-Charset": "ISO-8859-1,utf-8;q=0.7,*;q=0.7", "Accept": "text/html,application/xhtml+xml,application/xml;q=0.9,*/*;q=0.8", "Accept-Encoding": "gzip, deflate", "Accept-Language": "en-us,en;q=0.5"}}, {"format_id": "137", "url": "https://r3---sn-5njj-u2xl.googlevideo.com/videoplayback?expire=1612199817&ei=KeMXYO7SNpDggAOohZiYBA&ip=140.109.135.76&id=o-AGkehg5NiK0Vw69Vsg6mC-JBMrCPZNCiY4qc_MWuhRuS&itag=137&aitags=133%2C134%2C135%2C136%2C137%2C160%2C242%2C243%2C244%2C247%2C248%2C278&source=youtube&requiressl=yes&mh=87&mm=31%2C29&mn=sn-5njj-u2xl%2Csn-un57sn7z&ms=au%2Crdu&mv=m&mvi=3&pl=16&gcr=tw&initcwndbps=500000&vprv=1&mime=video%2Fmp4&ns=nry4rbeochLzIcesun1QXrgF&gir=yes&clen=10982983&dur=169.360&lmt=1600192786141776&mt=1612177734&fvip=3&keepalive=yes&c=WEB&txp=1311222&n=9ER--eoE-8VmvzjOB&sparams=expire%2Cei%2Cip%2Cid%2Caitags%2Csource%2Crequiressl%2Cgcr%2Cvprv%2Cmime%2Cns%2Cgir%2Cclen%2Cdur%2Clmt&lsparams=mh%2Cmm%2Cmn%2Cms%2Cmv%2Cmvi%2Cpl%2Cinitcwndbps&lsig=AG3C_xAwRQIhAOuqZLVw9_FgXbHLZRqshIFOR0rFkjE6A4fKCqSnDp08AiAXG1bQhG_6YAdQ6xnrSKgrC1tR_3lG2a7P48LZRzHO6Q%3D%3D&sig=AOq0QJ8wRQIhANRFBeFloJ-kagtqpU28jy5elFxxKYSWDoLINXCt5iJpAiAOgC4sCDF03RPcpueQN32kVk3iNbpzYRxvzeLsdbbdgw==&ratebypass=yes", "player_url": "/s/player/7bc032d0/player_ias.vflset/en_US/base.js", "ext": "mp4", "height": 1080, "format_note": "1080p", "vcodec": "avc1.640020", "asr": null, "filesize": 10982983, "fps": 25, "tbr": 532.278, "width": 1080, "acodec": "none", "downloader_options": {"http_chunk_size": 10485760}, "format": "137 - 1080x1080 (1080p)", "protocol": "https", "http_headers": {"User-Agent": "Mozilla/5.0 (Windows NT 10.0; Win64; x64) AppleWebKit/537.36 (KHTML, like Gecko) Chrome/73.0.3683.100 Safari/537.36", "Accept-Charset": "ISO-8859-1,utf-8;q=0.7,*;q=0.7", "Accept": "text/html,application/xhtml+xml,application/xml;q=0.9,*/*;q=0.8", "Accept-Encoding": "gzip, deflate", "Accept-Language": "en-us,en;q=0.5"}}, {"format_id": "248", "url": "https://r3---sn-5njj-u2xl.googlevideo.com/videoplayback?expire=1612199817&ei=KeMXYO7SNpDggAOohZiYBA&ip=140.109.135.76&id=o-AGkehg5NiK0Vw69Vsg6mC-JBMrCPZNCiY4qc_MWuhRuS&itag=248&aitags=133%2C134%2C135%2C136%2C137%2C160%2C242%2C243%2C244%2C247%2C248%2C278&source=youtube&requiressl=yes&mh=87&mm=31%2C29&mn=sn-5njj-u2xl%2Csn-un57sn7z&ms=au%2Crdu&mv=m&mvi=3&pl=16&gcr=tw&initcwndbps=500000&vprv=1&mime=video%2Fwebm&ns=nry4rbeochLzIcesun1QXrgF&gir=yes&clen=13563613&dur=169.360&lmt=1600195259778543&mt=1612177734&fvip=3&keepalive=yes&c=WEB&txp=1311222&n=9ER--eoE-8VmvzjOB&sparams=expire%2Cei%2Cip%2Cid%2Caitags%2Csource%2Crequiressl%2Cgcr%2Cvprv%2Cmime%2Cns%2Cgir%2Cclen%2Cdur%2Clmt&lsparams=mh%2Cmm%2Cmn%2Cms%2Cmv%2Cmvi%2Cpl%2Cinitcwndbps&lsig=AG3C_xAwRgIhAMiO-PW-veYL_Dl80YAU6nLkIB4nxw9Opp-QVsfbS-lOAiEAxpl8TvfV2cXcEejUlrJun6KD6BLyMMP_RhPD5EhdcKU%3D&sig=AOq0QJ8wRQIgLb-7V8uVQ4TQ7z-BB0KgjMTbz5hurkJm6cmsvaIegG8CIQDfEKsgvd55YGHWH-2JLfb--DCaxmR2eEv7Tul1jfzBSA==&ratebypass=yes", "player_url": "/s/player/7bc032d0/player_ias.vflset/en_US/base.js", "ext": "webm", "height": 1080, "format_note": "1080p", "vcodec": "vp9", "asr": null, "filesize": 13563613, "fps": 25, "tbr": 658.7, "width": 1080, "acodec": "none", "downloader_options": {"http_chunk_size": 10485760}, "format": "248 - 1080x1080 (1080p)", "protocol": "https", "http_headers": {"User-Agent": "Mozilla/5.0 (Windows NT 10.0; Win64; x64) AppleWebKit/537.36 (KHTML, like Gecko) Chrome/73.0.3683.100 Safari/537.36", "Accept-Charset": "ISO-8859-1,utf-8;q=0.7,*;q=0.7", "Accept": "text/html,application/xhtml+xml,application/xml;q=0.9,*/*;q=0.8", "Accept-Encoding": "gzip, deflate", "Accept-Language": "en-us,en;q=0.5"}}, {"format_id": "18", "url": "https://r3---sn-5njj-u2xl.googlevideo.com/videoplayback?expire=1612199817&ei=KeMXYO7SNpDggAOohZiYBA&ip=140.109.135.76&id=o-AGkehg5NiK0Vw69Vsg6mC-JBMrCPZNCiY4qc_MWuhRuS&itag=18&source=youtube&requiressl=yes&mh=87&mm=31%2C29&mn=sn-5njj-u2xl%2Csn-un57sn7z&ms=au%2Crdu&mv=m&mvi=3&pl=16&gcr=tw&initcwndbps=500000&vprv=1&mime=video%2Fmp4&ns=vp7ieLuHtjmhmWgWDlBwwJcF&gir=yes&clen=4685845&ratebypass=yes&dur=169.412&lmt=1571236057799989&mt=1612177734&fvip=3&c=WEB&txp=1311222&n=hVuxORCe5rQMcGCju&sparams=expire%2Cei%2Cip%2Cid%2Citag%2Csource%2Crequiressl%2Cgcr%2Cvprv%2Cmime%2Cns%2Cgir%2Cclen%2Cratebypass%2Cdur%2Clmt&lsparams=mh%2Cmm%2Cmn%2Cms%2Cmv%2Cmvi%2Cpl%2Cinitcwndbps&lsig=AG3C_xAwRQIhAL1-tAbdAOoLVSCosvGXtVjus8Q5hqIrrjj7IhICegTzAiAYKFZKD2SaerJE7ETkw2LE_xtgF7K2aRD6U1Qgm7TVJQ%3D%3D&sig=AOq0QJ8wRQIhAJJF8aHAfDH7TITlThHJ8n8P-0NvN8ePBaZIYE3V9qX8AiBRVOSRkZOVkdgRyJe1CmBXgORkVV_C5bWwUVm8lq6wDw==", "player_url": "/s/player/7bc032d0/player_ias.vflset/en_US/base.js", "ext": "mp4", "width": 360, "height": 360, "acodec": "mp4a.40.2", "abr": 96, "vcodec": "avc1.42001E", "asr": 44100, "filesize": 4685845, "format_note": "360p", "fps": 25, "tbr": 221.343, "format": "18 - 360x360 (360p)", "protocol": "https", "http_headers": {"User-Agent": "Mozilla/5.0 (Windows NT 10.0; Win64; x64) AppleWebKit/537.36 (KHTML, like Gecko) Chrome/73.0.3683.100 Safari/537.36", "Accept-Charset": "ISO-8859-1,utf-8;q=0.7,*;q=0.7", "Accept": "text/html,application/xhtml+xml,application/xml;q=0.9,*/*;q=0.8", "Accept-Encoding": "gzip, deflate", "Accept-Language": "en-us,en;q=0.5"}}], "is_live": null, "start_time": null, "end_time": null, "series": null, "season_number": null, "episode_number": null, "track": "Just Passing By", "artist": "Eamonn Watt", "album": "Pianissimo Grande", "release_date": "20180402", "release_year": 2018, "extractor": "youtube", "webpage_url_basename": "watch", "extractor_key": "Youtube", "playlist": null, "playlist_index": null, "thumbnail": "https://i.ytimg.com/vi_webp/Cg2u_Ldjv8g/maxresdefault.webp", "display_id": "Cg2u_Ldjv8g", "requested_subtitles": null, "format_id": "251", "url": "https://r3---sn-5njj-u2xl.googlevideo.com/videoplayback?expire=1612199817&ei=KeMXYO7SNpDggAOohZiYBA&ip=140.109.135.76&id=o-AGkehg5NiK0Vw69Vsg6mC-JBMrCPZNCiY4qc_MWuhRuS&itag=251&source=youtube&requiressl=yes&mh=87&mm=31%2C29&mn=sn-5njj-u2xl%2Csn-un57sn7z&ms=au%2Crdu&mv=m&mvi=3&pl=16&gcr=tw&initcwndbps=500000&vprv=1&mime=audio%2Fwebm&ns=nry4rbeochLzIcesun1QXrgF&gir=yes&clen=3209526&dur=169.381&lmt=1571236441763013&mt=1612177734&fvip=3&keepalive=yes&c=WEB&txp=1301222&n=9ER--eoE-8VmvzjOB&sparams=expire%2Cei%2Cip%2Cid%2Citag%2Csource%2Crequiressl%2Cgcr%2Cvprv%2Cmime%2Cns%2Cgir%2Cclen%2Cdur%2Clmt&lsparams=mh%2Cmm%2Cmn%2Cms%2Cmv%2Cmvi%2Cpl%2Cinitcwndbps&lsig=AG3C_xAwRQIgfV224AluNL5vNk1KC6drcRyEmDEGcXNxT_wYD2k4N4QCIQDqy6_mrjYSQfeHTV1quNF2o3zdf8G8WC4wPUGnB0681A%3D%3D&sig=AOq0QJ8wRAIgDpyP5CzvicsoWKDN6SniM6vBECtgZsTrWhWKqUYj8NwCIApPSA4Ibp2OgsWhT5UrKKzx_yS-h6pCm6Y-nxKra3vX&ratebypass=yes", "player_url": "/s/player/7bc032d0/player_ias.vflset/en_US/base.js", "ext": "webm", "format_note": "tiny", "acodec": "opus", "abr": 160, "asr": 48000, "filesize": 3209526, "fps": null, "height": null, "tbr": 170.29, "width": null, "vcodec": "none", "downloader_options": {"http_chunk_size": 10485760}, "format": "251 - audio only (tiny)", "protocol": "https", "http_headers": {"User-Agent": "Mozilla/5.0 (Windows NT 10.0; Win64; x64) AppleWebKit/537.36 (KHTML, like Gecko) Chrome/73.0.3683.100 Safari/537.36", "Accept-Charset": "ISO-8859-1,utf-8;q=0.7,*;q=0.7", "Accept": "text/html,application/xhtml+xml,application/xml;q=0.9,*/*;q=0.8", "Accept-Encoding": "gzip, deflate", "Accept-Language": "en-us,en;q=0.5"}}