{"id": "dfNdpy8TUzA", "uploader": "DooPiano", "uploader_id": "UCNoN7dpdAlglcQWUn2pFjDA", "uploader_url": "http://www.youtube.com/channel/UCNoN7dpdAlglcQWUn2pFjDA", "channel_id": "UCNoN7dpdAlglcQWUn2pFjDA", "channel_url": "http://www.youtube.com/channel/UCNoN7dpdAlglcQWUn2pFjDA", "upload_date": "20171118", "license": null, "creator": null, "title": "\ub808\ub4dc\ubca8\ubcb3 (Red Velvet) - \ud53c\uce74\ubd80 (Peek-A-Boo) Piano Cover", "alt_title": null, "thumbnails": [{"url": "https://i.ytimg.com/vi/dfNdpy8TUzA/hqdefault.jpg?sqp=-oaymwEYCKgBEF5IVfKriqkDCwgBFQAAiEIYAXAB&rs=AOn4CLCXON-YLZM_CZm1b_OlUcLZmP5MOA", "width": 168, "height": 94, "resolution": "168x94", "id": "0"}, {"url": "https://i.ytimg.com/vi/dfNdpy8TUzA/hqdefault.jpg?sqp=-oaymwEYCMQBEG5IVfKriqkDCwgBFQAAiEIYAXAB&rs=AOn4CLDUdNPaUD3diS2ot_JUVNX7fE5Oqw", "width": 196, "height": 110, "resolution": "196x110", "id": "1"}, {"url": "https://i.ytimg.com/vi/dfNdpy8TUzA/hqdefault.jpg?sqp=-oaymwEZCPYBEIoBSFXyq4qpAwsIARUAAIhCGAFwAQ==&rs=AOn4CLDTvl8ZpcndpG24e8V2M3L-xkQRIw", "width": 246, "height": 138, "resolution": "246x138", "id": "2"}, {"url": "https://i.ytimg.com/vi/dfNdpy8TUzA/hqdefault.jpg?sqp=-oaymwEZCNACELwBSFXyq4qpAwsIARUAAIhCGAFwAQ==&rs=AOn4CLBZVRhf1snm3JWR2hCJtfY_EwanuQ", "width": 336, "height": 188, "resolution": "336x188", "id": "3"}, {"url": "https://i.ytimg.com/vi_webp/dfNdpy8TUzA/maxresdefault.webp", "width": 1920, "height": 1080, "resolution": "1920x1080", "id": "4"}], "description": "\ub808\ub4dc\ubca8\ubcb3 '\ud53c\uce74\ubd80' \ud53c\uc544\ub178 \ucee4\ubc84\n\uc774\ubc88\uc568\ubc94 \uace1\ub4e4 \ud004\ub9ac\ud2f0\uac00 \u3137\u3137\u3137 \ub300\ubc15\uc774\ub124\uc694...\n\nPiano cover of 'Peek A Boo' by Red Velvet.\nEnjoy!\n\n\u266a \ud53c\uc544\ub178 \uc545\ubcf4: https://doopiano.com/sheetmusic/peek-a-boo\n\u266a Sheet Music: https://doopiano.com/en/sheetmusic/peek-a-boo\n\n\uc545\ubcf4\uc9d1 [\ub450\ud53c\uc544\ub178\uc758 \ucf00\uc774\ud31d \ucf5c\ub809\uc158]\uc5d0 \uc218\ub85d\ub41c \uace1\uc785\ub2c8\ub2e4 :)\n\uad6c\ub9e4\ub9c1\ud06c:\nYES24 http://bit.ly/2DE6GvC\n\uad50\ubcf4\ubb38\uace0 http://bit.ly/2GaqNH1\n\uc54c\ub77c\ub518 http://bit.ly/2FN5ZWT\n\uc778\ud130\ud30c\ud06c http://bit.ly/2pp8Aeg\n\ubc18\ub514\uc564\ub8e8\ub2c8\uc2a4 http://bit.ly/2IEyFis\n\nYou can find the sheet music for this song in my new piano book, [DOOPIANO's KPOP COLLECTION]!\nPurchase link: http://bit.ly/2FN1hIp\n\nPeek-A-Boo MV:\nhttps://youtu.be/6uJf2IT2Zh8\n\n\ubc30\uacbd / Photo:\nhttps://unsplash.com/photos/z9hvkSDWMIM\n\nWebsite:\nhttps://doopiano.com", "categories": ["Music"], "tags": ["\ub808\ub4dc\ubca8\ubcb3", "\ud53c\uce74\ubd80", "peek a boo", "red velvet", "\uc544\uc774\ub9b0", "\uc2ac\uae30", "\uc6ec\ub514", "\uc870\uc774", "\uc608\ub9ac", "\ub7ec\ube44", "\ub808\ubca0\ub7fd", "\ud53c\uc544\ub178", "piano"], "subtitles": {}, "automatic_captions": {}, "duration": 210, "age_limit": 0, "annotations": null, "chapters": null, "webpage_url": "https://www.youtube.com/watch?v=dfNdpy8TUzA", "view_count": 1610797, "like_count": 38894, "dislike_count": 178, "average_rating": 4.9817772, "formats": [{"format_id": "249", "url": "https://r2---sn-5njj-u2xe.googlevideo.com/videoplayback?expire=1612167579&ei=OmUXYJiXPNqDiga-p4q4Cw&ip=140.109.135.76&id=o-ADjPIwlVqi27FLGpK1VBK1sY9LM9YhRDa69Wm64Gn3Lj&itag=249&source=youtube&requiressl=yes&mh=e6&mm=31%2C29&mn=sn-5njj-u2xe%2Csn-un57sn76&ms=au%2Crdu&mv=m&mvi=2&pcm2cms=yes&pl=16&initcwndbps=337500&vprv=1&mime=audio%2Fwebm&ns=ZPBbo5gXDXguoIILp96_b-AF&gir=yes&clen=1558232&dur=210.001&lmt=1542358592320555&mt=1612145803&fvip=2&keepalive=yes&c=WEB&txp=5411222&n=MLP_Cx-DUi-QmhtNi&sparams=expire%2Cei%2Cip%2Cid%2Citag%2Csource%2Crequiressl%2Cvprv%2Cmime%2Cns%2Cgir%2Cclen%2Cdur%2Clmt&lsparams=mh%2Cmm%2Cmn%2Cms%2Cmv%2Cmvi%2Cpcm2cms%2Cpl%2Cinitcwndbps&lsig=AG3C_xAwRQIgC2GPpTp975D-_HM9tE1jZNUAG3TasHrFCEBIK3CfUfsCIQCiaw-PP19CSC42mlreZ4Lf1Bi1jrhtZfCDqRXWoOoCGQ%3D%3D&sig=AOq0QJ8wRQIhANj6-SsZkwzI7j1glFWSsx9enkFpBGk-caiIV_aXrVk7AiBT-vNDa7gbs-tVhd1oVIyp-1OzLqVJsEDIvwv3by8SvA==&ratebypass=yes", "player_url": "/s/player/7bc032d0/player_ias.vflset/en_US/base.js", "ext": "webm", "format_note": "tiny", "acodec": "opus", "abr": 50, "asr": 48000, "filesize": 1558232, "fps": null, "height": null, "tbr": 64.017, "width": null, "vcodec": "none", "downloader_options": {"http_chunk_size": 10485760}, "format": "249 - audio only (tiny)", "protocol": "https", "http_headers": {"User-Agent": "Mozilla/5.0 (Windows NT 10.0; Win64; x64) AppleWebKit/537.36 (KHTML, like Gecko) Chrome/70.0.3538.79 Safari/537.36", "Accept-Charset": "ISO-8859-1,utf-8;q=0.7,*;q=0.7", "Accept": "text/html,application/xhtml+xml,application/xml;q=0.9,*/*;q=0.8", "Accept-Encoding": "gzip, deflate", "Accept-Language": "en-us,en;q=0.5"}}, {"format_id": "250", "url": "https://r2---sn-5njj-u2xe.googlevideo.com/videoplayback?expire=1612167579&ei=OmUXYJiXPNqDiga-p4q4Cw&ip=140.109.135.76&id=o-ADjPIwlVqi27FLGpK1VBK1sY9LM9YhRDa69Wm64Gn3Lj&itag=250&source=youtube&requiressl=yes&mh=e6&mm=31%2C29&mn=sn-5njj-u2xe%2Csn-un57sn76&ms=au%2Crdu&mv=m&mvi=2&pcm2cms=yes&pl=16&initcwndbps=337500&vprv=1&mime=audio%2Fwebm&ns=ZPBbo5gXDXguoIILp96_b-AF&gir=yes&clen=2082312&dur=210.001&lmt=1542358496651979&mt=1612145803&fvip=2&keepalive=yes&c=WEB&txp=5411222&n=MLP_Cx-DUi-QmhtNi&sparams=expire%2Cei%2Cip%2Cid%2Citag%2Csource%2Crequiressl%2Cvprv%2Cmime%2Cns%2Cgir%2Cclen%2Cdur%2Clmt&lsparams=mh%2Cmm%2Cmn%2Cms%2Cmv%2Cmvi%2Cpcm2cms%2Cpl%2Cinitcwndbps&lsig=AG3C_xAwRgIhAPTN-RTMboEjKNg0f5e9KAocKqvjf_bnEHnjXpGVKNvqAiEAxlE5hnwcRSPUJwIVncU5OzbtpEJi-4RTSWrLQxjguLo%3D&sig=AOq0QJ8wRAIgYn_8JXxTEevaupTPN9igmU7Fve45_iSavjYmO2Fx8isCIAYqC7rmsvv-2VRB6TmRbkZX9QszGx7CrMAXFPq9fSH9&ratebypass=yes", "player_url": "/s/player/7bc032d0/player_ias.vflset/en_US/base.js", "ext": "webm", "format_note": "tiny", "acodec": "opus", "abr": 70, "asr": 48000, "filesize": 2082312, "fps": null, "height": null, "tbr": 85.325, "width": null, "vcodec": "none", "downloader_options": {"http_chunk_size": 10485760}, "format": "250 - audio only (tiny)", "protocol": "https", "http_headers": {"User-Agent": "Mozilla/5.0 (Windows NT 10.0; Win64; x64) AppleWebKit/537.36 (KHTML, like Gecko) Chrome/70.0.3538.79 Safari/537.36", "Accept-Charset": "ISO-8859-1,utf-8;q=0.7,*;q=0.7", "Accept": "text/html,application/xhtml+xml,application/xml;q=0.9,*/*;q=0.8", "Accept-Encoding": "gzip, deflate", "Accept-Language": "en-us,en;q=0.5"}}, {"format_id": "140", "url": "https://r2---sn-5njj-u2xe.googlevideo.com/videoplayback?expire=1612167579&ei=OmUXYJiXPNqDiga-p4q4Cw&ip=140.109.135.76&id=o-ADjPIwlVqi27FLGpK1VBK1sY9LM9YhRDa69Wm64Gn3Lj&itag=140&source=youtube&requiressl=yes&mh=e6&mm=31%2C29&mn=sn-5njj-u2xe%2Csn-un57sn76&ms=au%2Crdu&mv=m&mvi=2&pcm2cms=yes&pl=16&initcwndbps=337500&vprv=1&mime=audio%2Fmp4&ns=ZPBbo5gXDXguoIILp96_b-AF&gir=yes&clen=3399811&dur=210.024&lmt=1542357352020691&mt=1612145803&fvip=2&keepalive=yes&c=WEB&txp=5432432&n=MLP_Cx-DUi-QmhtNi&sparams=expire%2Cei%2Cip%2Cid%2Citag%2Csource%2Crequiressl%2Cvprv%2Cmime%2Cns%2Cgir%2Cclen%2Cdur%2Clmt&lsparams=mh%2Cmm%2Cmn%2Cms%2Cmv%2Cmvi%2Cpcm2cms%2Cpl%2Cinitcwndbps&lsig=AG3C_xAwRQIhAOsbt0GL_JKoHYlcdcTlBWJSKYi8_eoTzfDr2xxMDYtVAiA1zGqD-UxVR6awrfDs4ybhPZbou4smy6XTcD0Zc7NEpA%3D%3D&sig=AOq0QJ8wRQIhANTVYbyA_BjIfk_ryNFLGPAP3EKQNtLWXaCNddB1QFmtAiBJaDx738LAygEEbOd6u4_ewlQT5vmRJNQ9AWx18UCbEA==&ratebypass=yes", "player_url": "/s/player/7bc032d0/player_ias.vflset/en_US/base.js", "ext": "m4a", "format_note": "tiny", "acodec": "mp4a.40.2", "abr": 128, "container": "m4a_dash", "asr": 44100, "filesize": 3399811, "fps": null, "height": null, "tbr": 131.862, "width": null, "vcodec": "none", "downloader_options": {"http_chunk_size": 10485760}, "format": "140 - audio only (tiny)", "protocol": "https", "http_headers": {"User-Agent": "Mozilla/5.0 (Windows NT 10.0; Win64; x64) AppleWebKit/537.36 (KHTML, like Gecko) Chrome/70.0.3538.79 Safari/537.36", "Accept-Charset": "ISO-8859-1,utf-8;q=0.7,*;q=0.7", "Accept": "text/html,application/xhtml+xml,application/xml;q=0.9,*/*;q=0.8", "Accept-Encoding": "gzip, deflate", "Accept-Language": "en-us,en;q=0.5"}}, {"format_id": "251", "url": "https://r2---sn-5njj-u2xe.googlevideo.com/videoplayback?expire=1612167579&ei=OmUXYJiXPNqDiga-p4q4Cw&ip=140.109.135.76&id=o-ADjPIwlVqi27FLGpK1VBK1sY9LM9YhRDa69Wm64Gn3Lj&itag=251&source=youtube&requiressl=yes&mh=e6&mm=31%2C29&mn=sn-5njj-u2xe%2Csn-un57sn76&ms=au%2Crdu&mv=m&mvi=2&pcm2cms=yes&pl=16&initcwndbps=337500&vprv=1&mime=audio%2Fwebm&ns=ZPBbo5gXDXguoIILp96_b-AF&gir=yes&clen=3972411&dur=210.001&lmt=1542358497006710&mt=1612145803&fvip=2&keepalive=yes&c=WEB&txp=5411222&n=MLP_Cx-DUi-QmhtNi&sparams=expire%2Cei%2Cip%2Cid%2Citag%2Csource%2Crequiressl%2Cvprv%2Cmime%2Cns%2Cgir%2Cclen%2Cdur%2Clmt&lsparams=mh%2Cmm%2Cmn%2Cms%2Cmv%2Cmvi%2Cpcm2cms%2Cpl%2Cinitcwndbps&lsig=AG3C_xAwRQIhAMUXYOCAfA5RyNaPEklLJQgHFAacykMzn-fCy0EoTugTAiAZTRSmwu0yE7c5U4xvMAUISDatn_8T80xr-FVEi2N6ew%3D%3D&sig=AOq0QJ8wRQIgM24Od9UCuMbX5cWQb-gTuY9YouCjDFSfz1ReHbjvZQUCIQDU86UBUtLexOuHQ0TpuhH6xzIIpIOMvLfFK-i4GNZ5Ug==&ratebypass=yes", "player_url": "/s/player/7bc032d0/player_ias.vflset/en_US/base.js", "ext": "webm", "format_note": "tiny", "acodec": "opus", "abr": 160, "asr": 48000, "filesize": 3972411, "fps": null, "height": null, "tbr": 160.418, "width": null, "vcodec": "none", "downloader_options": {"http_chunk_size": 10485760}, "format": "251 - audio only (tiny)", "protocol": "https", "http_headers": {"User-Agent": "Mozilla/5.0 (Windows NT 10.0; Win64; x64) AppleWebKit/537.36 (KHTML, like Gecko) Chrome/70.0.3538.79 Safari/537.36", "Accept-Charset": "ISO-8859-1,utf-8;q=0.7,*;q=0.7", "Accept": "text/html,application/xhtml+xml,application/xml;q=0.9,*/*;q=0.8", "Accept-Encoding": "gzip, deflate", "Accept-Language": "en-us,en;q=0.5"}}, {"format_id": "160", "url": "https://r2---sn-5njj-u2xe.googlevideo.com/videoplayback?expire=1612167579&ei=OmUXYJiXPNqDiga-p4q4Cw&ip=140.109.135.76&id=o-ADjPIwlVqi27FLGpK1VBK1sY9LM9YhRDa69Wm64Gn3Lj&itag=160&aitags=133%2C134%2C135%2C136%2C137%2C160%2C242%2C243%2C244%2C247%2C248%2C278&source=youtube&requiressl=yes&mh=e6&mm=31%2C29&mn=sn-5njj-u2xe%2Csn-un57sn76&ms=au%2Crdu&mv=m&mvi=2&pcm2cms=yes&pl=16&initcwndbps=337500&vprv=1&mime=video%2Fmp4&ns=ZPBbo5gXDXguoIILp96_b-AF&gir=yes&clen=304752&dur=209.966&lmt=1542357365243316&mt=1612145803&fvip=2&keepalive=yes&c=WEB&txp=5432432&n=MLP_Cx-DUi-QmhtNi&sparams=expire%2Cei%2Cip%2Cid%2Caitags%2Csource%2Crequiressl%2Cvprv%2Cmime%2Cns%2Cgir%2Cclen%2Cdur%2Clmt&lsparams=mh%2Cmm%2Cmn%2Cms%2Cmv%2Cmvi%2Cpcm2cms%2Cpl%2Cinitcwndbps&lsig=AG3C_xAwRQIhAIIPqrXQbF9H3bRP1THD1iUp9_0Mcky6dx7cJKt4if4hAiAU2ixiP_uDDLJqd5jwcgThtRHG_9BZNPWrNiyfz5zvuw%3D%3D&sig=AOq0QJ8wRgIhAJu7c2FTpPxSFWlLpDcumkJYfcxAhnKtBn9_1vx0B-6jAiEAik9Vku7p-abbzDhif3skszsR3Su2ixMkrPRuRDbEY0A=&ratebypass=yes", "player_url": "/s/player/7bc032d0/player_ias.vflset/en_US/base.js", "ext": "mp4", "height": 144, "format_note": "144p", "vcodec": "avc1.4d400c", "asr": null, "filesize": 304752, "fps": 30, "tbr": 14.93, "width": 256, "acodec": "none", "downloader_options": {"http_chunk_size": 10485760}, "format": "160 - 256x144 (144p)", "protocol": "https", "http_headers": {"User-Agent": "Mozilla/5.0 (Windows NT 10.0; Win64; x64) AppleWebKit/537.36 (KHTML, like Gecko) Chrome/70.0.3538.79 Safari/537.36", "Accept-Charset": "ISO-8859-1,utf-8;q=0.7,*;q=0.7", "Accept": "text/html,application/xhtml+xml,application/xml;q=0.9,*/*;q=0.8", "Accept-Encoding": "gzip, deflate", "Accept-Language": "en-us,en;q=0.5"}}, {"format_id": "133", "url": "https://r2---sn-5njj-u2xe.googlevideo.com/videoplayback?expire=1612167579&ei=OmUXYJiXPNqDiga-p4q4Cw&ip=140.109.135.76&id=o-ADjPIwlVqi27FLGpK1VBK1sY9LM9YhRDa69Wm64Gn3Lj&itag=133&aitags=133%2C134%2C135%2C136%2C137%2C160%2C242%2C243%2C244%2C247%2C248%2C278&source=youtube&requiressl=yes&mh=e6&mm=31%2C29&mn=sn-5njj-u2xe%2Csn-un57sn76&ms=au%2Crdu&mv=m&mvi=2&pcm2cms=yes&pl=16&initcwndbps=337500&vprv=1&mime=video%2Fmp4&ns=ZPBbo5gXDXguoIILp96_b-AF&gir=yes&clen=483632&dur=209.966&lmt=1542357365245413&mt=1612145803&fvip=2&keepalive=yes&c=WEB&txp=5432432&n=MLP_Cx-DUi-QmhtNi&sparams=expire%2Cei%2Cip%2Cid%2Caitags%2Csource%2Crequiressl%2Cvprv%2Cmime%2Cns%2Cgir%2Cclen%2Cdur%2Clmt&lsparams=mh%2Cmm%2Cmn%2Cms%2Cmv%2Cmvi%2Cpcm2cms%2Cpl%2Cinitcwndbps&lsig=AG3C_xAwRAIgS0_YUiH9KMJaxio82OPW8MgJ0k7uWlSq3g39tZr3yfACIGGm5qJU-_eXJHDSd1dgmNlow9CnJTQ4YwHb_8kZNP42&sig=AOq0QJ8wRAIgZjQzTUVPNVekj3AVgNeYo_Xleu_7AyVArP75IRKglLoCIH81p25hPkvs7iryICb4CsUNu85Qc7Nq-DrhZXxP2f5A&ratebypass=yes", "player_url": "/s/player/7bc032d0/player_ias.vflset/en_US/base.js", "ext": "mp4", "height": 240, "format_note": "240p", "vcodec": "avc1.4d4015", "asr": null, "filesize": 483632, "fps": 30, "tbr": 24.837, "width": 426, "acodec": "none", "downloader_options": {"http_chunk_size": 10485760}, "format": "133 - 426x240 (240p)", "protocol": "https", "http_headers": {"User-Agent": "Mozilla/5.0 (Windows NT 10.0; Win64; x64) AppleWebKit/537.36 (KHTML, like Gecko) Chrome/70.0.3538.79 Safari/537.36", "Accept-Charset": "ISO-8859-1,utf-8;q=0.7,*;q=0.7", "Accept": "text/html,application/xhtml+xml,application/xml;q=0.9,*/*;q=0.8", "Accept-Encoding": "gzip, deflate", "Accept-Language": "en-us,en;q=0.5"}}, {"format_id": "278", "url": "https://r2---sn-5njj-u2xe.googlevideo.com/videoplayback?expire=1612167579&ei=OmUXYJiXPNqDiga-p4q4Cw&ip=140.109.135.76&id=o-ADjPIwlVqi27FLGpK1VBK1sY9LM9YhRDa69Wm64Gn3Lj&itag=278&aitags=133%2C134%2C135%2C136%2C137%2C160%2C242%2C243%2C244%2C247%2C248%2C278&source=youtube&requiressl=yes&mh=e6&mm=31%2C29&mn=sn-5njj-u2xe%2Csn-un57sn76&ms=au%2Crdu&mv=m&mvi=2&pcm2cms=yes&pl=16&initcwndbps=337500&vprv=1&mime=video%2Fwebm&ns=ZPBbo5gXDXguoIILp96_b-AF&gir=yes&clen=966498&dur=209.966&lmt=1542357530840575&mt=1612145803&fvip=2&keepalive=yes&c=WEB&txp=5432432&n=MLP_Cx-DUi-QmhtNi&sparams=expire%2Cei%2Cip%2Cid%2Caitags%2Csource%2Crequiressl%2Cvprv%2Cmime%2Cns%2Cgir%2Cclen%2Cdur%2Clmt&lsparams=mh%2Cmm%2Cmn%2Cms%2Cmv%2Cmvi%2Cpcm2cms%2Cpl%2Cinitcwndbps&lsig=AG3C_xAwRQIhAPWU6WQkfz6A00LaORCwusK5kB94FLTHHL-igJXGt8BnAiAsfkYVqxCjHavoAFKpEOpF0XHBvXbu2bnNW8yI0mJVCA%3D%3D&sig=AOq0QJ8wRQIgLXYKag_KMuoin1C3QivpfBxEKbMB8uWk0KjWzPlLqn0CIQC2ltokrPOplbJMFSrionoF0RsDZDABw30Wr-IIG20zhQ==&ratebypass=yes", "player_url": "/s/player/7bc032d0/player_ias.vflset/en_US/base.js", "ext": "webm", "height": 144, "format_note": "144p", "container": "webm", "vcodec": "vp9", "asr": null, "filesize": 966498, "fps": 30, "tbr": 50.563, "width": 256, "acodec": "none", "downloader_options": {"http_chunk_size": 10485760}, "format": "278 - 256x144 (144p)", "protocol": "https", "http_headers": {"User-Agent": "Mozilla/5.0 (Windows NT 10.0; Win64; x64) AppleWebKit/537.36 (KHTML, like Gecko) Chrome/70.0.3538.79 Safari/537.36", "Accept-Charset": "ISO-8859-1,utf-8;q=0.7,*;q=0.7", "Accept": "text/html,application/xhtml+xml,application/xml;q=0.9,*/*;q=0.8", "Accept-Encoding": "gzip, deflate", "Accept-Language": "en-us,en;q=0.5"}}, {"format_id": "134", "url": "https://r2---sn-5njj-u2xe.googlevideo.com/videoplayback?expire=1612167579&ei=OmUXYJiXPNqDiga-p4q4Cw&ip=140.109.135.76&id=o-ADjPIwlVqi27FLGpK1VBK1sY9LM9YhRDa69Wm64Gn3Lj&itag=134&aitags=133%2C134%2C135%2C136%2C137%2C160%2C242%2C243%2C244%2C247%2C248%2C278&source=youtube&requiressl=yes&mh=e6&mm=31%2C29&mn=sn-5njj-u2xe%2Csn-un57sn76&ms=au%2Crdu&mv=m&mvi=2&pcm2cms=yes&pl=16&initcwndbps=337500&vprv=1&mime=video%2Fmp4&ns=ZPBbo5gXDXguoIILp96_b-AF&gir=yes&clen=1051906&dur=209.966&lmt=1542357365338981&mt=1612145803&fvip=2&keepalive=yes&c=WEB&txp=5432432&n=MLP_Cx-DUi-QmhtNi&sparams=expire%2Cei%2Cip%2Cid%2Caitags%2Csource%2Crequiressl%2Cvprv%2Cmime%2Cns%2Cgir%2Cclen%2Cdur%2Clmt&lsparams=mh%2Cmm%2Cmn%2Cms%2Cmv%2Cmvi%2Cpcm2cms%2Cpl%2Cinitcwndbps&lsig=AG3C_xAwRAIgNC9XvygYShndO4CiKwyP8cwewUQxIRvVAdQc49EfoagCIGMfQ70tFoBYTGDOw6aRxqPEuYSJ1EymL3YdG-N4ulg2&sig=AOq0QJ8wRQIhANXKLgDAAmZNFTtoBAqgM9IjWIxU9JeVbpD1iwgTWObeAiBwuWbPVg_xpnx6s4IxTx2bRxPIM1ysJweAjDcyWeYtNA==&ratebypass=yes", "player_url": "/s/player/7bc032d0/player_ias.vflset/en_US/base.js", "ext": "mp4", "height": 360, "format_note": "360p", "vcodec": "avc1.4d401e", "asr": null, "filesize": 1051906, "fps": 30, "tbr": 60.961, "width": 640, "acodec": "none", "downloader_options": {"http_chunk_size": 10485760}, "format": "134 - 640x360 (360p)", "protocol": "https", "http_headers": {"User-Agent": "Mozilla/5.0 (Windows NT 10.0; Win64; x64) AppleWebKit/537.36 (KHTML, like Gecko) Chrome/70.0.3538.79 Safari/537.36", "Accept-Charset": "ISO-8859-1,utf-8;q=0.7,*;q=0.7", "Accept": "text/html,application/xhtml+xml,application/xml;q=0.9,*/*;q=0.8", "Accept-Encoding": "gzip, deflate", "Accept-Language": "en-us,en;q=0.5"}}, {"format_id": "242", "url": "https://r2---sn-5njj-u2xe.googlevideo.com/videoplayback?expire=1612167579&ei=OmUXYJiXPNqDiga-p4q4Cw&ip=140.109.135.76&id=o-ADjPIwlVqi27FLGpK1VBK1sY9LM9YhRDa69Wm64Gn3Lj&itag=242&aitags=133%2C134%2C135%2C136%2C137%2C160%2C242%2C243%2C244%2C247%2C248%2C278&source=youtube&requiressl=yes&mh=e6&mm=31%2C29&mn=sn-5njj-u2xe%2Csn-un57sn76&ms=au%2Crdu&mv=m&mvi=2&pcm2cms=yes&pl=16&initcwndbps=337500&vprv=1&mime=video%2Fwebm&ns=ZPBbo5gXDXguoIILp96_b-AF&gir=yes&clen=1425363&dur=209.966&lmt=1542357530853440&mt=1612145803&fvip=2&keepalive=yes&c=WEB&txp=5432432&n=MLP_Cx-DUi-QmhtNi&sparams=expire%2Cei%2Cip%2Cid%2Caitags%2Csource%2Crequiressl%2Cvprv%2Cmime%2Cns%2Cgir%2Cclen%2Cdur%2Clmt&lsparams=mh%2Cmm%2Cmn%2Cms%2Cmv%2Cmvi%2Cpcm2cms%2Cpl%2Cinitcwndbps&lsig=AG3C_xAwRAIgUcnFY8Yn_O4yMyNskPJG2UxxXr3IzaWVCwM9FeacPjMCIBZcn4_x2vVcmnr4vGyJD8AsMHT1iYrKX3AsK9MlVLab&sig=AOq0QJ8wRQIgDoOkq3sHOID2NQjV5RhFDKsF0gdw7w0ZtHo2OoGW8_4CIQDNY54e5EizwnzczpeYhsa16OnEOwo0TNzJDZdC4pSZzQ==&ratebypass=yes", "player_url": "/s/player/7bc032d0/player_ias.vflset/en_US/base.js", "ext": "webm", "height": 240, "format_note": "240p", "vcodec": "vp9", "asr": null, "filesize": 1425363, "fps": 30, "tbr": 102.4, "width": 426, "acodec": "none", "downloader_options": {"http_chunk_size": 10485760}, "format": "242 - 426x240 (240p)", "protocol": "https", "http_headers": {"User-Agent": "Mozilla/5.0 (Windows NT 10.0; Win64; x64) AppleWebKit/537.36 (KHTML, like Gecko) Chrome/70.0.3538.79 Safari/537.36", "Accept-Charset": "ISO-8859-1,utf-8;q=0.7,*;q=0.7", "Accept": "text/html,application/xhtml+xml,application/xml;q=0.9,*/*;q=0.8", "Accept-Encoding": "gzip, deflate", "Accept-Language": "en-us,en;q=0.5"}}, {"format_id": "135", "url": "https://r2---sn-5njj-u2xe.googlevideo.com/videoplayback?expire=1612167579&ei=OmUXYJiXPNqDiga-p4q4Cw&ip=140.109.135.76&id=o-ADjPIwlVqi27FLGpK1VBK1sY9LM9YhRDa69Wm64Gn3Lj&itag=135&aitags=133%2C134%2C135%2C136%2C137%2C160%2C242%2C243%2C244%2C247%2C248%2C278&source=youtube&requiressl=yes&mh=e6&mm=31%2C29&mn=sn-5njj-u2xe%2Csn-un57sn76&ms=au%2Crdu&mv=m&mvi=2&pcm2cms=yes&pl=16&initcwndbps=337500&vprv=1&mime=video%2Fmp4&ns=ZPBbo5gXDXguoIILp96_b-AF&gir=yes&clen=2102125&dur=209.966&lmt=1542357365436538&mt=1612145803&fvip=2&keepalive=yes&c=WEB&txp=5432432&n=MLP_Cx-DUi-QmhtNi&sparams=expire%2Cei%2Cip%2Cid%2Caitags%2Csource%2Crequiressl%2Cvprv%2Cmime%2Cns%2Cgir%2Cclen%2Cdur%2Clmt&lsparams=mh%2Cmm%2Cmn%2Cms%2Cmv%2Cmvi%2Cpcm2cms%2Cpl%2Cinitcwndbps&lsig=AG3C_xAwRgIhALV8Ws_W2Dvpj6di-A977YnxYA3NwD9vHbrPzIkTeMJ3AiEAtXJlWFCMNVQXZw6z2tDXc7RD5bLiRSt49dFIewZAvfQ%3D&sig=AOq0QJ8wRQIhAKdo9F4CQyd8uLQIxOshbLJocrsg7s14Hz1p_3J2lic-AiBqPjrOQVRt31K2pDGASjg9SyOVizZlaYOtvmQkT3liiA==&ratebypass=yes", "player_url": "/s/player/7bc032d0/player_ias.vflset/en_US/base.js", "ext": "mp4", "height": 480, "format_note": "480p", "vcodec": "avc1.4d401f", "asr": null, "filesize": 2102125, "fps": 30, "tbr": 129.769, "width": 854, "acodec": "none", "downloader_options": {"http_chunk_size": 10485760}, "format": "135 - 854x480 (480p)", "protocol": "https", "http_headers": {"User-Agent": "Mozilla/5.0 (Windows NT 10.0; Win64; x64) AppleWebKit/537.36 (KHTML, like Gecko) Chrome/70.0.3538.79 Safari/537.36", "Accept-Charset": "ISO-8859-1,utf-8;q=0.7,*;q=0.7", "Accept": "text/html,application/xhtml+xml,application/xml;q=0.9,*/*;q=0.8", "Accept-Encoding": "gzip, deflate", "Accept-Language": "en-us,en;q=0.5"}}, {"format_id": "243", "url": "https://r2---sn-5njj-u2xe.googlevideo.com/videoplayback?expire=1612167579&ei=OmUXYJiXPNqDiga-p4q4Cw&ip=140.109.135.76&id=o-ADjPIwlVqi27FLGpK1VBK1sY9LM9YhRDa69Wm64Gn3Lj&itag=243&aitags=133%2C134%2C135%2C136%2C137%2C160%2C242%2C243%2C244%2C247%2C248%2C278&source=youtube&requiressl=yes&mh=e6&mm=31%2C29&mn=sn-5njj-u2xe%2Csn-un57sn76&ms=au%2Crdu&mv=m&mvi=2&pcm2cms=yes&pl=16&initcwndbps=337500&vprv=1&mime=video%2Fwebm&ns=ZPBbo5gXDXguoIILp96_b-AF&gir=yes&clen=2732767&dur=209.966&lmt=1542357530846156&mt=1612145803&fvip=2&keepalive=yes&c=WEB&txp=5432432&n=MLP_Cx-DUi-QmhtNi&sparams=expire%2Cei%2Cip%2Cid%2Caitags%2Csource%2Crequiressl%2Cvprv%2Cmime%2Cns%2Cgir%2Cclen%2Cdur%2Clmt&lsparams=mh%2Cmm%2Cmn%2Cms%2Cmv%2Cmvi%2Cpcm2cms%2Cpl%2Cinitcwndbps&lsig=AG3C_xAwRQIgU4qIp8YFFzFq0hqr1JX7t9QJaz_akNjEYbaBZ8GBXDkCIQCSXvFrdmOLiExl04sUgbNHV7-LHH7hGb5mAIJ3SMZmTA%3D%3D&sig=AOq0QJ8wRQIhAN8F2syXPjNZPkQyhxF2Ee1RxupbB-HtsSONQt1Oa8IJAiBbcSJ0_YYIB21hRq8-ITte7ebGCp75s_MXtD5FoGz7xw==&ratebypass=yes", "player_url": "/s/player/7bc032d0/player_ias.vflset/en_US/base.js", "ext": "webm", "height": 360, "format_note": "360p", "vcodec": "vp9", "asr": null, "filesize": 2732767, "fps": 30, "tbr": 197.668, "width": 640, "acodec": "none", "downloader_options": {"http_chunk_size": 10485760}, "format": "243 - 640x360 (360p)", "protocol": "https", "http_headers": {"User-Agent": "Mozilla/5.0 (Windows NT 10.0; Win64; x64) AppleWebKit/537.36 (KHTML, like Gecko) Chrome/70.0.3538.79 Safari/537.36", "Accept-Charset": "ISO-8859-1,utf-8;q=0.7,*;q=0.7", "Accept": "text/html,application/xhtml+xml,application/xml;q=0.9,*/*;q=0.8", "Accept-Encoding": "gzip, deflate", "Accept-Language": "en-us,en;q=0.5"}}, {"format_id": "244", "url": "https://r2---sn-5njj-u2xe.googlevideo.com/videoplayback?expire=1612167579&ei=OmUXYJiXPNqDiga-p4q4Cw&ip=140.109.135.76&id=o-ADjPIwlVqi27FLGpK1VBK1sY9LM9YhRDa69Wm64Gn3Lj&itag=244&aitags=133%2C134%2C135%2C136%2C137%2C160%2C242%2C243%2C244%2C247%2C248%2C278&source=youtube&requiressl=yes&mh=e6&mm=31%2C29&mn=sn-5njj-u2xe%2Csn-un57sn76&ms=au%2Crdu&mv=m&mvi=2&pcm2cms=yes&pl=16&initcwndbps=337500&vprv=1&mime=video%2Fwebm&ns=ZPBbo5gXDXguoIILp96_b-AF&gir=yes&clen=3152526&dur=209.966&lmt=1542357530839690&mt=1612145803&fvip=2&keepalive=yes&c=WEB&txp=5432432&n=MLP_Cx-DUi-QmhtNi&sparams=expire%2Cei%2Cip%2Cid%2Caitags%2Csource%2Crequiressl%2Cvprv%2Cmime%2Cns%2Cgir%2Cclen%2Cdur%2Clmt&lsparams=mh%2Cmm%2Cmn%2Cms%2Cmv%2Cmvi%2Cpcm2cms%2Cpl%2Cinitcwndbps&lsig=AG3C_xAwRQIhAPGnDLcnw8UriS0GOi2y8wcKfw2wHknFvBVxbJVZv_BZAiA2Bybp7wqLBiexDlWGEo5a-QpPItNoFzKcIkj0RIu2DA%3D%3D&sig=AOq0QJ8wRgIhAOYpzbsCo8w1stYPSOeuq7GdXzVkxA398rcO5rexC1irAiEAhdo6ntGUM-Oi5b8d8kFsXPtiX2te5KKcehi5-IfidZ8=&ratebypass=yes", "player_url": "/s/player/7bc032d0/player_ias.vflset/en_US/base.js", "ext": "webm", "height": 480, "format_note": "480p", "vcodec": "vp9", "asr": null, "filesize": 3152526, "fps": 30, "tbr": 255.682, "width": 854, "acodec": "none", "downloader_options": {"http_chunk_size": 10485760}, "format": "244 - 854x480 (480p)", "protocol": "https", "http_headers": {"User-Agent": "Mozilla/5.0 (Windows NT 10.0; Win64; x64) AppleWebKit/537.36 (KHTML, like Gecko) Chrome/70.0.3538.79 Safari/537.36", "Accept-Charset": "ISO-8859-1,utf-8;q=0.7,*;q=0.7", "Accept": "text/html,application/xhtml+xml,application/xml;q=0.9,*/*;q=0.8", "Accept-Encoding": "gzip, deflate", "Accept-Language": "en-us,en;q=0.5"}}, {"format_id": "136", "url": "https://r2---sn-5njj-u2xe.googlevideo.com/videoplayback?expire=1612167579&ei=OmUXYJiXPNqDiga-p4q4Cw&ip=140.109.135.76&id=o-ADjPIwlVqi27FLGpK1VBK1sY9LM9YhRDa69Wm64Gn3Lj&itag=136&aitags=133%2C134%2C135%2C136%2C137%2C160%2C242%2C243%2C244%2C247%2C248%2C278&source=youtube&requiressl=yes&mh=e6&mm=31%2C29&mn=sn-5njj-u2xe%2Csn-un57sn76&ms=au%2Crdu&mv=m&mvi=2&pcm2cms=yes&pl=16&initcwndbps=337500&vprv=1&mime=video%2Fmp4&ns=ZPBbo5gXDXguoIILp96_b-AF&gir=yes&clen=4127678&dur=209.966&lmt=1542357365537742&mt=1612145803&fvip=2&keepalive=yes&c=WEB&txp=5432432&n=MLP_Cx-DUi-QmhtNi&sparams=expire%2Cei%2Cip%2Cid%2Caitags%2Csource%2Crequiressl%2Cvprv%2Cmime%2Cns%2Cgir%2Cclen%2Cdur%2Clmt&lsparams=mh%2Cmm%2Cmn%2Cms%2Cmv%2Cmvi%2Cpcm2cms%2Cpl%2Cinitcwndbps&lsig=AG3C_xAwRgIhAJLduxucdi-GRSPdl_fkB7yY2EazbBnMNB0LAO8XxbhhAiEAwVyWFciGc-N0YnzD4vBXOu5Ic1XeTJcK6Z1zHz26xTA%3D&sig=AOq0QJ8wRQIgUkpGW0883CpreLhdRHLshLi7gcv4cuL6b4GYnvUMlf4CIQDBg5n9x23EA6pg8nPlM6NPhWAl8fEhlIgXHqPSrrJBMQ==&ratebypass=yes", "player_url": "/s/player/7bc032d0/player_ias.vflset/en_US/base.js", "ext": "mp4", "height": 720, "format_note": "720p", "vcodec": "avc1.4d401f", "asr": null, "filesize": 4127678, "fps": 30, "tbr": 276.949, "width": 1280, "acodec": "none", "downloader_options": {"http_chunk_size": 10485760}, "format": "136 - 1280x720 (720p)", "protocol": "https", "http_headers": {"User-Agent": "Mozilla/5.0 (Windows NT 10.0; Win64; x64) AppleWebKit/537.36 (KHTML, like Gecko) Chrome/70.0.3538.79 Safari/537.36", "Accept-Charset": "ISO-8859-1,utf-8;q=0.7,*;q=0.7", "Accept": "text/html,application/xhtml+xml,application/xml;q=0.9,*/*;q=0.8", "Accept-Encoding": "gzip, deflate", "Accept-Language": "en-us,en;q=0.5"}}, {"format_id": "137", "url": "https://r2---sn-5njj-u2xe.googlevideo.com/videoplayback?expire=1612167579&ei=OmUXYJiXPNqDiga-p4q4Cw&ip=140.109.135.76&id=o-ADjPIwlVqi27FLGpK1VBK1sY9LM9YhRDa69Wm64Gn3Lj&itag=137&aitags=133%2C134%2C135%2C136%2C137%2C160%2C242%2C243%2C244%2C247%2C248%2C278&source=youtube&requiressl=yes&mh=e6&mm=31%2C29&mn=sn-5njj-u2xe%2Csn-un57sn76&ms=au%2Crdu&mv=m&mvi=2&pcm2cms=yes&pl=16&initcwndbps=337500&vprv=1&mime=video%2Fmp4&ns=ZPBbo5gXDXguoIILp96_b-AF&gir=yes&clen=8024205&dur=209.966&lmt=1542357355024106&mt=1612145803&fvip=2&keepalive=yes&c=WEB&txp=5432432&n=MLP_Cx-DUi-QmhtNi&sparams=expire%2Cei%2Cip%2Cid%2Caitags%2Csource%2Crequiressl%2Cvprv%2Cmime%2Cns%2Cgir%2Cclen%2Cdur%2Clmt&lsparams=mh%2Cmm%2Cmn%2Cms%2Cmv%2Cmvi%2Cpcm2cms%2Cpl%2Cinitcwndbps&lsig=AG3C_xAwRAIgclksnct0egNJc9MgtMpwto4ovvFkZNUIQOLIGPsX4wYCIBJ-ghgzGHZtobz9cT-8aoKnVb1f7LtuijFTXyq6lYEH&sig=AOq0QJ8wRQIhAMstuqhyJYwjd-DCYXu3JnDqZrCdZtUT60WRmzm5VIkgAiANMhfoLdv70yTGUKDDmgZie0Z0P1ojrUd8RyLu-l0yag==&ratebypass=yes", "player_url": "/s/player/7bc032d0/player_ias.vflset/en_US/base.js", "ext": "mp4", "height": 1080, "format_note": "1080p", "vcodec": "avc1.640028", "asr": null, "filesize": 8024205, "fps": 30, "tbr": 587.603, "width": 1920, "acodec": "none", "downloader_options": {"http_chunk_size": 10485760}, "format": "137 - 1920x1080 (1080p)", "protocol": "https", "http_headers": {"User-Agent": "Mozilla/5.0 (Windows NT 10.0; Win64; x64) AppleWebKit/537.36 (KHTML, like Gecko) Chrome/70.0.3538.79 Safari/537.36", "Accept-Charset": "ISO-8859-1,utf-8;q=0.7,*;q=0.7", "Accept": "text/html,application/xhtml+xml,application/xml;q=0.9,*/*;q=0.8", "Accept-Encoding": "gzip, deflate", "Accept-Language": "en-us,en;q=0.5"}}, {"format_id": "247", "url": "https://r2---sn-5njj-u2xe.googlevideo.com/videoplayback?expire=1612167579&ei=OmUXYJiXPNqDiga-p4q4Cw&ip=140.109.135.76&id=o-ADjPIwlVqi27FLGpK1VBK1sY9LM9YhRDa69Wm64Gn3Lj&itag=247&aitags=133%2C134%2C135%2C136%2C137%2C160%2C242%2C243%2C244%2C247%2C248%2C278&source=youtube&requiressl=yes&mh=e6&mm=31%2C29&mn=sn-5njj-u2xe%2Csn-un57sn76&ms=au%2Crdu&mv=m&mvi=2&pcm2cms=yes&pl=16&initcwndbps=337500&vprv=1&mime=video%2Fwebm&ns=ZPBbo5gXDXguoIILp96_b-AF&gir=yes&clen=10067356&dur=209.966&lmt=1542357530835963&mt=1612145803&fvip=2&keepalive=yes&c=WEB&txp=5432432&n=MLP_Cx-DUi-QmhtNi&sparams=expire%2Cei%2Cip%2Cid%2Caitags%2Csource%2Crequiressl%2Cvprv%2Cmime%2Cns%2Cgir%2Cclen%2Cdur%2Clmt&lsparams=mh%2Cmm%2Cmn%2Cms%2Cmv%2Cmvi%2Cpcm2cms%2Cpl%2Cinitcwndbps&lsig=AG3C_xAwRQIgVLjr7fY4uef-384GsVVX7-WxNdTtC6cTqbLHL8YwsQECIQCdgwwIZ--j-JU18_J8DflOuQZKayZUdwhLQCXowejWaA%3D%3D&sig=AOq0QJ8wRQIgCvBL8daw4vpVHMA6K674d3BNLPUi0wGbXAAO6bHNwV0CIQCk-U76DGKtMO74OTzwwSG5UzNwOYT4_HXO_aC62l76-Q==&ratebypass=yes", "player_url": "/s/player/7bc032d0/player_ias.vflset/en_US/base.js", "ext": "webm", "height": 720, "format_note": "720p", "vcodec": "vp9", "asr": null, "filesize": 10067356, "fps": 30, "tbr": 764.679, "width": 1280, "acodec": "none", "downloader_options": {"http_chunk_size": 10485760}, "format": "247 - 1280x720 (720p)", "protocol": "https", "http_headers": {"User-Agent": "Mozilla/5.0 (Windows NT 10.0; Win64; x64) AppleWebKit/537.36 (KHTML, like Gecko) Chrome/70.0.3538.79 Safari/537.36", "Accept-Charset": "ISO-8859-1,utf-8;q=0.7,*;q=0.7", "Accept": "text/html,application/xhtml+xml,application/xml;q=0.9,*/*;q=0.8", "Accept-Encoding": "gzip, deflate", "Accept-Language": "en-us,en;q=0.5"}}, {"format_id": "248", "url": "https://r2---sn-5njj-u2xe.googlevideo.com/videoplayback?expire=1612167579&ei=OmUXYJiXPNqDiga-p4q4Cw&ip=140.109.135.76&id=o-ADjPIwlVqi27FLGpK1VBK1sY9LM9YhRDa69Wm64Gn3Lj&itag=248&aitags=133%2C134%2C135%2C136%2C137%2C160%2C242%2C243%2C244%2C247%2C248%2C278&source=youtube&requiressl=yes&mh=e6&mm=31%2C29&mn=sn-5njj-u2xe%2Csn-un57sn76&ms=au%2Crdu&mv=m&mvi=2&pcm2cms=yes&pl=16&initcwndbps=337500&vprv=1&mime=video%2Fwebm&ns=ZPBbo5gXDXguoIILp96_b-AF&gir=yes&clen=19762074&dur=209.966&lmt=1542357460753417&mt=1612145803&fvip=2&keepalive=yes&c=WEB&txp=5432432&n=MLP_Cx-DUi-QmhtNi&sparams=expire%2Cei%2Cip%2Cid%2Caitags%2Csource%2Crequiressl%2Cvprv%2Cmime%2Cns%2Cgir%2Cclen%2Cdur%2Clmt&lsparams=mh%2Cmm%2Cmn%2Cms%2Cmv%2Cmvi%2Cpcm2cms%2Cpl%2Cinitcwndbps&lsig=AG3C_xAwRQIhAMX8atBl6mfvOiI-5dPL1vw4ldrc8SS8vVrE63uVAn9bAiBxcch1k8rZ64o_OjvcCcP_czDulNphOgCRi8hu9SzooA%3D%3D&sig=AOq0QJ8wRAIgUosYZXFvUYOG3g-lwjiJEq4gdyZVS9Qj2ZRVN0I8_bECIG9Qp21SRfxL-hp9C5I1DekgmxWXfIOTT7R0TgXAe1Ep&ratebypass=yes", "player_url": "/s/player/7bc032d0/player_ias.vflset/en_US/base.js", "ext": "webm", "height": 1080, "format_note": "1080p", "vcodec": "vp9", "asr": null, "filesize": 19762074, "fps": 30, "tbr": 1360.976, "width": 1920, "acodec": "none", "downloader_options": {"http_chunk_size": 10485760}, "format": "248 - 1920x1080 (1080p)", "protocol": "https", "http_headers": {"User-Agent": "Mozilla/5.0 (Windows NT 10.0; Win64; x64) AppleWebKit/537.36 (KHTML, like Gecko) Chrome/70.0.3538.79 Safari/537.36", "Accept-Charset": "ISO-8859-1,utf-8;q=0.7,*;q=0.7", "Accept": "text/html,application/xhtml+xml,application/xml;q=0.9,*/*;q=0.8", "Accept-Encoding": "gzip, deflate", "Accept-Language": "en-us,en;q=0.5"}}, {"format_id": "18", "url": "https://r2---sn-5njj-u2xe.googlevideo.com/videoplayback?expire=1612167579&ei=OmUXYJiXPNqDiga-p4q4Cw&ip=140.109.135.76&id=o-ADjPIwlVqi27FLGpK1VBK1sY9LM9YhRDa69Wm64Gn3Lj&itag=18&source=youtube&requiressl=yes&mh=e6&mm=31%2C29&mn=sn-5njj-u2xe%2Csn-un57sn76&ms=au%2Crdu&mv=m&mvi=2&pcm2cms=yes&pl=16&initcwndbps=337500&vprv=1&mime=video%2Fmp4&ns=BHT3ode5X6axZ0YHun4gj5EF&gir=yes&clen=8132794&ratebypass=yes&dur=210.024&lmt=1542357365932772&mt=1612145803&fvip=2&c=WEB&txp=5431432&n=dWWkengRAU3urPvr_&sparams=expire%2Cei%2Cip%2Cid%2Citag%2Csource%2Crequiressl%2Cvprv%2Cmime%2Cns%2Cgir%2Cclen%2Cratebypass%2Cdur%2Clmt&lsparams=mh%2Cmm%2Cmn%2Cms%2Cmv%2Cmvi%2Cpcm2cms%2Cpl%2Cinitcwndbps&lsig=AG3C_xAwRgIhAOm-Qfe9v3NRgHC0vJoUQyxdcDEA-AkyntQGGGOd4GkSAiEAgFmEE54-SHkBIqRi4WnKSJjq67-ValGqCExWnerE74A%3D&sig=AOq0QJ8wRgIhAP2V1jfUtYnH_KUTmUE3efQtCE6dc0v3iO6SnXWiNetDAiEAznMaUYHwQcq3SZWJHBs0Sd5iWYe6n2xvePPQAQhacqU=", "player_url": "/s/player/7bc032d0/player_ias.vflset/en_US/base.js", "ext": "mp4", "width": 640, "height": 360, "acodec": "mp4a.40.2", "abr": 96, "vcodec": "avc1.42001E", "asr": 44100, "filesize": 8132794, "format_note": "360p", "fps": 30, "tbr": 309.87, "format": "18 - 640x360 (360p)", "protocol": "https", "http_headers": {"User-Agent": "Mozilla/5.0 (Windows NT 10.0; Win64; x64) AppleWebKit/537.36 (KHTML, like Gecko) Chrome/70.0.3538.79 Safari/537.36", "Accept-Charset": "ISO-8859-1,utf-8;q=0.7,*;q=0.7", "Accept": "text/html,application/xhtml+xml,application/xml;q=0.9,*/*;q=0.8", "Accept-Encoding": "gzip, deflate", "Accept-Language": "en-us,en;q=0.5"}}], "is_live": null, "start_time": null, "end_time": null, "series": null, "season_number": null, "episode_number": null, "track": null, "artist": null, "album": null, "release_date": null, "release_year": null, "extractor": "youtube", "webpage_url_basename": "watch", "extractor_key": "Youtube", "playlist": null, "playlist_index": null, "thumbnail": "https://i.ytimg.com/vi_webp/dfNdpy8TUzA/maxresdefault.webp", "display_id": "dfNdpy8TUzA", "requested_subtitles": null, "format_id": "251", "url": "https://r2---sn-5njj-u2xe.googlevideo.com/videoplayback?expire=1612167579&ei=OmUXYJiXPNqDiga-p4q4Cw&ip=140.109.135.76&id=o-ADjPIwlVqi27FLGpK1VBK1sY9LM9YhRDa69Wm64Gn3Lj&itag=251&source=youtube&requiressl=yes&mh=e6&mm=31%2C29&mn=sn-5njj-u2xe%2Csn-un57sn76&ms=au%2Crdu&mv=m&mvi=2&pcm2cms=yes&pl=16&initcwndbps=337500&vprv=1&mime=audio%2Fwebm&ns=ZPBbo5gXDXguoIILp96_b-AF&gir=yes&clen=3972411&dur=210.001&lmt=1542358497006710&mt=1612145803&fvip=2&keepalive=yes&c=WEB&txp=5411222&n=MLP_Cx-DUi-QmhtNi&sparams=expire%2Cei%2Cip%2Cid%2Citag%2Csource%2Crequiressl%2Cvprv%2Cmime%2Cns%2Cgir%2Cclen%2Cdur%2Clmt&lsparams=mh%2Cmm%2Cmn%2Cms%2Cmv%2Cmvi%2Cpcm2cms%2Cpl%2Cinitcwndbps&lsig=AG3C_xAwRQIhAMUXYOCAfA5RyNaPEklLJQgHFAacykMzn-fCy0EoTugTAiAZTRSmwu0yE7c5U4xvMAUISDatn_8T80xr-FVEi2N6ew%3D%3D&sig=AOq0QJ8wRQIgM24Od9UCuMbX5cWQb-gTuY9YouCjDFSfz1ReHbjvZQUCIQDU86UBUtLexOuHQ0TpuhH6xzIIpIOMvLfFK-i4GNZ5Ug==&ratebypass=yes", "player_url": "/s/player/7bc032d0/player_ias.vflset/en_US/base.js", "ext": "webm", "format_note": "tiny", "acodec": "opus", "abr": 160, "asr": 48000, "filesize": 3972411, "fps": null, "height": null, "tbr": 160.418, "width": null, "vcodec": "none", "downloader_options": {"http_chunk_size": 10485760}, "format": "251 - audio only (tiny)", "protocol": "https", "http_headers": {"User-Agent": "Mozilla/5.0 (Windows NT 10.0; Win64; x64) AppleWebKit/537.36 (KHTML, like Gecko) Chrome/70.0.3538.79 Safari/537.36", "Accept-Charset": "ISO-8859-1,utf-8;q=0.7,*;q=0.7", "Accept": "text/html,application/xhtml+xml,application/xml;q=0.9,*/*;q=0.8", "Accept-Encoding": "gzip, deflate", "Accept-Language": "en-us,en;q=0.5"}}