{"id": "duVxJZoyllU", "uploader": "Emma Chen \u5c0f i", "uploader_id": "UCZiVgBFR8RObqlLd7e9Bm4w", "uploader_url": "http://www.youtube.com/channel/UCZiVgBFR8RObqlLd7e9Bm4w", "channel_id": "UCZiVgBFR8RObqlLd7e9Bm4w", "channel_url": "http://www.youtube.com/channel/UCZiVgBFR8RObqlLd7e9Bm4w", "upload_date": "20200625", "license": null, "creator": null, "title": "We long to meet / \u6211\u5011\u6b61\u8fce\u541b\u738b\u964d\u81e8 - piano cover / \u92fc\u7434\u6f14\u594f", "alt_title": null, "thumbnails": [{"url": "https://i.ytimg.com/vi/duVxJZoyllU/hqdefault.jpg?sqp=-oaymwEbCKgBEF5IVfKriqkDDggBFQAAiEIYAXABwAEG&rs=AOn4CLCD3ZivkcnWkijX6DKV2navLP7YgA", "width": 168, "height": 94, "resolution": "168x94", "id": "0"}, {"url": "https://i.ytimg.com/vi/duVxJZoyllU/hqdefault.jpg?sqp=-oaymwEbCMQBEG5IVfKriqkDDggBFQAAiEIYAXABwAEG&rs=AOn4CLCaNWy4RtuGr2cBF8E6v0Za7jQbIQ", "width": 196, "height": 110, "resolution": "196x110", "id": "1"}, {"url": "https://i.ytimg.com/vi/duVxJZoyllU/hqdefault.jpg?sqp=-oaymwEcCPYBEIoBSFXyq4qpAw4IARUAAIhCGAFwAcABBg==&rs=AOn4CLBApedvwF45MeTD1WTRPcDLGKL5pg", "width": 246, "height": 138, "resolution": "246x138", "id": "2"}, {"url": "https://i.ytimg.com/vi/duVxJZoyllU/hqdefault.jpg?sqp=-oaymwEcCNACELwBSFXyq4qpAw4IARUAAIhCGAFwAcABBg==&rs=AOn4CLCDL_AIpRjJ12dslmM8fbBzduoJNA", "width": 336, "height": 188, "resolution": "336x188", "id": "3"}, {"url": "https://i.ytimg.com/vi_webp/duVxJZoyllU/maxresdefault.webp", "width": 1920, "height": 1080, "resolution": "1920x1080", "id": "4"}], "description": "\u6b61\u8fce\u4eab\u7528\u3002\nby Emma Chen. (FB:kiki10017@hotmail.com)", "categories": ["Music"], "tags": ["\u6211\u5011\u6b61\u8fce\u541b\u738b\u964d\u81e8", "\u8a69\u6b4c\u92fc\u7434", "\u8b9a\u7f8e\u4e4b\u6cc9\u8a69\u6b4c\u92fc\u7434", "soaking", "gospel piano"], "subtitles": {}, "automatic_captions": {}, "duration": 330, "age_limit": 0, "annotations": null, "chapters": null, "webpage_url": "https://www.youtube.com/watch?v=duVxJZoyllU", "view_count": 1703, "like_count": 13, "dislike_count": null, "average_rating": 5.0, "formats": [{"ext": "m4a", "format_note": "DASH audio", "acodec": "mp4a.40.5", "abr": 48, "container": "m4a_dash", "format_id": "139", "manifest_url": "https://manifest.googlevideo.com/api/manifest/dash/expire/1613497691/ei/-7ArYL7sJcGF4gLn_oDoDw/ip/140.109.135.76/id/76e571259a329655/source/youtube/requiressl/yes/playback_host/r7---sn-5njj-u2xl.googlevideo.com/mh/iu/mm/31%2C29/mn/sn-5njj-u2xl%2Csn-un57en7e/ms/au%2Crdu/mv/m/mvi/7/pcm2cms/yes/pl/16/hfr/all/as/fmp4_audio_clear%2Cwebm_audio_clear%2Cwebm2_audio_clear%2Cfmp4_sd_hd_clear%2Cwebm2_sd_hd_clear/initcwndbps/632500/vprv/1/mt/1613475902/fvip/3/keepalive/yes/itag/0/sparams/expire%2Cei%2Cip%2Cid%2Csource%2Crequiressl%2Chfr%2Cas%2Cvprv%2Citag/sig/AOq0QJ8wRQIgKKxIHZLRb3Sm5lQmcCPINtc9b_p1n2YpJ4e-WzS1HQgCIQDpJRCWEt0m7wMO9cYHAt6mZGcR4sb3T-QCbH0cP2mm6g%3D%3D/lsparams/playback_host%2Cmh%2Cmm%2Cmn%2Cms%2Cmv%2Cmvi%2Cpcm2cms%2Cpl%2Cinitcwndbps/lsig/AG3C_xAwRQIgNejBjey0fUGNT0lBywmc9D2s5iJw6O-G1JcFJHEarFoCIQDXCDwiStarl7XH_fQxolDegDQe2v5kgcjtIiKoNPXlrA%3D%3D", "width": null, "height": null, "tbr": 50.159, "asr": 22050, "fps": null, "language": null, "filesize": null, "vcodec": "none", "url": "https://manifest.googlevideo.com/api/manifest/dash/expire/1613497691/ei/-7ArYL7sJcGF4gLn_oDoDw/ip/140.109.135.76/id/76e571259a329655/source/youtube/requiressl/yes/playback_host/r7---sn-5njj-u2xl.googlevideo.com/mh/iu/mm/31%2C29/mn/sn-5njj-u2xl%2Csn-un57en7e/ms/au%2Crdu/mv/m/mvi/7/pcm2cms/yes/pl/16/hfr/all/as/fmp4_audio_clear%2Cwebm_audio_clear%2Cwebm2_audio_clear%2Cfmp4_sd_hd_clear%2Cwebm2_sd_hd_clear/initcwndbps/632500/vprv/1/mt/1613475902/fvip/3/keepalive/yes/itag/0/sparams/expire%2Cei%2Cip%2Cid%2Csource%2Crequiressl%2Chfr%2Cas%2Cvprv%2Citag/sig/AOq0QJ8wRQIgKKxIHZLRb3Sm5lQmcCPINtc9b_p1n2YpJ4e-WzS1HQgCIQDpJRCWEt0m7wMO9cYHAt6mZGcR4sb3T-QCbH0cP2mm6g%3D%3D/lsparams/playback_host%2Cmh%2Cmm%2Cmn%2Cms%2Cmv%2Cmvi%2Cpcm2cms%2Cpl%2Cinitcwndbps/lsig/AG3C_xAwRQIgNejBjey0fUGNT0lBywmc9D2s5iJw6O-G1JcFJHEarFoCIQDXCDwiStarl7XH_fQxolDegDQe2v5kgcjtIiKoNPXlrA%3D%3D", "fragment_base_url": "https://r7---sn-5njj-u2xl.googlevideo.com/videoplayback/expire/1613497691/ei/-7ArYL7sJcGF4gLn_oDoDw/ip/140.109.135.76/id/76e571259a329655/itag/139/source/youtube/requiressl/yes/mh/iu/mm/31,29/mn/sn-5njj-u2xl,sn-un57en7e/ms/au,rdu/mv/m/mvi/7/pcm2cms/yes/pl/16/initcwndbps/632500/vprv/1/ratebypass/yes/mime/audio%2Fmp4/otfp/1/gir/yes/clen/2014466/lmt/1593108343373920/dur/330.234/mt/1613475902/fvip/3/keepalive/yes/sparams/expire,ei,ip,id,itag,source,requiressl,vprv,ratebypass,mime,otfp,gir,clen,lmt,dur/sig/AOq0QJ8wRQIhANWntMPO1MX4X3TnqJS2WVzNTXUvKK3ahgPFWkf4dQ9MAiBh75p8-1cKEC7nKYwObG2HW1W9WTm4O_z9b7vwK-_4-w%3D%3D/lsparams/mh,mm,mn,ms,mv,mvi,pcm2cms,pl,initcwndbps/lsig/AG3C_xAwRQIhANGbgbK6TwJ6IPE_rzV-0O4vCGFLlrS3qawlKoQ7f4moAiAaTl9JN0_o7Qnr8yGWbt98ooN-UEixhAYNYVC0D9PkBA%3D%3D/", "fragments": [{"path": "range/0-640"}, {"path": "range/1081-62604", "duration": 9.985}, {"path": "range/62605-123401", "duration": 9.984}, {"path": "range/123402-184270", "duration": 9.985}, {"path": "range/184271-245283", "duration": 9.984}, {"path": "range/245284-306087", "duration": 9.985}, {"path": "range/306088-366858", "duration": 9.984}, {"path": "range/366859-427786", "duration": 9.985}, {"path": "range/427787-488631", "duration": 9.985}, {"path": "range/488632-549641", "duration": 9.984}, {"path": "range/549642-610371", "duration": 9.985}, {"path": "range/610372-671282", "duration": 9.984}, {"path": "range/671283-732019", "duration": 9.985}, {"path": "range/732020-792836", "duration": 9.985}, {"path": "range/792837-853637", "duration": 9.984}, {"path": "range/853638-914699", "duration": 9.985}, {"path": "range/914700-975652", "duration": 9.984}, {"path": "range/975653-1036458", "duration": 9.985}, {"path": "range/1036459-1097355", "duration": 9.984}, {"path": "range/1097356-1158249", "duration": 9.985}, {"path": "range/1158250-1219124", "duration": 9.985}, {"path": "range/1219125-1280000", "duration": 9.984}, {"path": "range/1280001-1340882", "duration": 9.985}, {"path": "range/1340883-1401728", "duration": 9.984}, {"path": "range/1401729-1462488", "duration": 9.985}, {"path": "range/1462489-1523534", "duration": 9.984}, {"path": "range/1523535-1584364", "duration": 9.985}, {"path": "range/1584365-1645145", "duration": 9.985}, {"path": "range/1645146-1706139", "duration": 9.984}, {"path": "range/1706140-1766927", "duration": 9.985}, {"path": "range/1766928-1827772", "duration": 9.984}, {"path": "range/1827773-1888614", "duration": 9.985}, {"path": "range/1888615-1949622", "duration": 9.985}, {"path": "range/1949623-2010435", "duration": 9.984}, {"path": "range/2010436-2014465", "duration": 0.743}], "protocol": "http_dash_segments", "format": "139 - audio only (DASH audio)", "http_headers": {"User-Agent": "Mozilla/5.0 (Windows NT 10.0; Win64; x64) AppleWebKit/537.36 (KHTML, like Gecko) Chrome/74.0.3729.24 Safari/537.36", "Accept-Charset": "ISO-8859-1,utf-8;q=0.7,*;q=0.7", "Accept": "text/html,application/xhtml+xml,application/xml;q=0.9,*/*;q=0.8", "Accept-Encoding": "gzip, deflate", "Accept-Language": "en-us,en;q=0.5"}}, {"ext": "m4a", "format_note": "DASH audio", "acodec": "mp4a.40.2", "abr": 128, "container": "m4a_dash", "format_id": "140", "manifest_url": "https://manifest.googlevideo.com/api/manifest/dash/expire/1613497691/ei/-7ArYL7sJcGF4gLn_oDoDw/ip/140.109.135.76/id/76e571259a329655/source/youtube/requiressl/yes/playback_host/r7---sn-5njj-u2xl.googlevideo.com/mh/iu/mm/31%2C29/mn/sn-5njj-u2xl%2Csn-un57en7e/ms/au%2Crdu/mv/m/mvi/7/pcm2cms/yes/pl/16/hfr/all/as/fmp4_audio_clear%2Cwebm_audio_clear%2Cwebm2_audio_clear%2Cfmp4_sd_hd_clear%2Cwebm2_sd_hd_clear/initcwndbps/632500/vprv/1/mt/1613475902/fvip/3/keepalive/yes/itag/0/sparams/expire%2Cei%2Cip%2Cid%2Csource%2Crequiressl%2Chfr%2Cas%2Cvprv%2Citag/sig/AOq0QJ8wRQIgKKxIHZLRb3Sm5lQmcCPINtc9b_p1n2YpJ4e-WzS1HQgCIQDpJRCWEt0m7wMO9cYHAt6mZGcR4sb3T-QCbH0cP2mm6g%3D%3D/lsparams/playback_host%2Cmh%2Cmm%2Cmn%2Cms%2Cmv%2Cmvi%2Cpcm2cms%2Cpl%2Cinitcwndbps/lsig/AG3C_xAwRQIgNejBjey0fUGNT0lBywmc9D2s5iJw6O-G1JcFJHEarFoCIQDXCDwiStarl7XH_fQxolDegDQe2v5kgcjtIiKoNPXlrA%3D%3D", "width": null, "height": null, "tbr": 130.651, "asr": 44100, "fps": null, "language": null, "filesize": null, "vcodec": "none", "url": "https://manifest.googlevideo.com/api/manifest/dash/expire/1613497691/ei/-7ArYL7sJcGF4gLn_oDoDw/ip/140.109.135.76/id/76e571259a329655/source/youtube/requiressl/yes/playback_host/r7---sn-5njj-u2xl.googlevideo.com/mh/iu/mm/31%2C29/mn/sn-5njj-u2xl%2Csn-un57en7e/ms/au%2Crdu/mv/m/mvi/7/pcm2cms/yes/pl/16/hfr/all/as/fmp4_audio_clear%2Cwebm_audio_clear%2Cwebm2_audio_clear%2Cfmp4_sd_hd_clear%2Cwebm2_sd_hd_clear/initcwndbps/632500/vprv/1/mt/1613475902/fvip/3/keepalive/yes/itag/0/sparams/expire%2Cei%2Cip%2Cid%2Csource%2Crequiressl%2Chfr%2Cas%2Cvprv%2Citag/sig/AOq0QJ8wRQIgKKxIHZLRb3Sm5lQmcCPINtc9b_p1n2YpJ4e-WzS1HQgCIQDpJRCWEt0m7wMO9cYHAt6mZGcR4sb3T-QCbH0cP2mm6g%3D%3D/lsparams/playback_host%2Cmh%2Cmm%2Cmn%2Cms%2Cmv%2Cmvi%2Cpcm2cms%2Cpl%2Cinitcwndbps/lsig/AG3C_xAwRQIgNejBjey0fUGNT0lBywmc9D2s5iJw6O-G1JcFJHEarFoCIQDXCDwiStarl7XH_fQxolDegDQe2v5kgcjtIiKoNPXlrA%3D%3D", "fragment_base_url": "https://r7---sn-5njj-u2xl.googlevideo.com/videoplayback/expire/1613497691/ei/-7ArYL7sJcGF4gLn_oDoDw/ip/140.109.135.76/id/76e571259a329655/itag/140/source/youtube/requiressl/yes/mh/iu/mm/31,29/mn/sn-5njj-u2xl,sn-un57en7e/ms/au,rdu/mv/m/mvi/7/pcm2cms/yes/pl/16/initcwndbps/632500/vprv/1/ratebypass/yes/mime/audio%2Fmp4/otfp/1/gir/yes/clen/5344116/lmt/1593108343373664/dur/330.164/mt/1613475902/fvip/3/keepalive/yes/sparams/expire,ei,ip,id,itag,source,requiressl,vprv,ratebypass,mime,otfp,gir,clen,lmt,dur/sig/AOq0QJ8wRgIhAP7kEVENwoZzB4RNFR6-h55bu6wJnNQV1t4FjxfGZmvzAiEA4jx7iFep7XQ2DCqGkY15AvfwSrhxPp9BGTAlha7EhRM%3D/lsparams/mh,mm,mn,ms,mv,mvi,pcm2cms,pl,initcwndbps/lsig/AG3C_xAwRQIgAp1oh4EAKHpOE3EIfy9ctiGJCBz9hUGPsvcvIMJnzh4CIQCgJNjlPdYCk1Pi469AuY19PTil0eZ-qpF4QkSECjWO3w%3D%3D/", "fragments": [{"path": "range/0-631"}, {"path": "range/1072-163069", "duration": 9.985}, {"path": "range/163070-324601", "duration": 9.984}, {"path": "range/324602-486179", "duration": 9.985}, {"path": "range/486180-647737", "duration": 9.984}, {"path": "range/647738-809291", "duration": 9.985}, {"path": "range/809292-970806", "duration": 9.984}, {"path": "range/970807-1132426", "duration": 9.985}, {"path": "range/1132427-1294092", "duration": 9.985}, {"path": "range/1294093-1455817", "duration": 9.984}, {"path": "range/1455818-1617112", "duration": 9.985}, {"path": "range/1617113-1778783", "duration": 9.984}, {"path": "range/1778784-1940204", "duration": 9.985}, {"path": "range/1940205-2101797", "duration": 9.985}, {"path": "range/2101798-2263277", "duration": 9.984}, {"path": "range/2263278-2424946", "duration": 9.985}, {"path": "range/2424947-2586725", "duration": 9.984}, {"path": "range/2586726-2748145", "duration": 9.985}, {"path": "range/2748146-2909702", "duration": 9.984}, {"path": "range/2909703-3071356", "duration": 9.985}, {"path": "range/3071357-3232874", "duration": 9.985}, {"path": "range/3232875-3394556", "duration": 9.984}, {"path": "range/3394557-3556328", "duration": 9.985}, {"path": "range/3556329-3717623", "duration": 9.984}, {"path": "range/3717624-3879194", "duration": 9.985}, {"path": "range/3879195-4040827", "duration": 9.984}, {"path": "range/4040828-4202470", "duration": 9.985}, {"path": "range/4202471-4363923", "duration": 9.985}, {"path": "range/4363924-4525506", "duration": 9.984}, {"path": "range/4525507-4687146", "duration": 9.985}, {"path": "range/4687147-4848631", "duration": 9.984}, {"path": "range/4848632-5010165", "duration": 9.985}, {"path": "range/5010166-5171798", "duration": 9.985}, {"path": "range/5171799-5333425", "duration": 9.984}, {"path": "range/5333426-5344115", "duration": 0.743}], "protocol": "http_dash_segments", "format": "140 - audio only (DASH audio)", "http_headers": {"User-Agent": "Mozilla/5.0 (Windows NT 10.0; Win64; x64) AppleWebKit/537.36 (KHTML, like Gecko) Chrome/74.0.3729.24 Safari/537.36", "Accept-Charset": "ISO-8859-1,utf-8;q=0.7,*;q=0.7", "Accept": "text/html,application/xhtml+xml,application/xml;q=0.9,*/*;q=0.8", "Accept-Encoding": "gzip, deflate", "Accept-Language": "en-us,en;q=0.5"}}, {"ext": "webm", "format_note": "DASH audio", "acodec": "opus", "abr": 160, "format_id": "251", "manifest_url": "https://manifest.googlevideo.com/api/manifest/dash/expire/1613497691/ei/-7ArYL7sJcGF4gLn_oDoDw/ip/140.109.135.76/id/76e571259a329655/source/youtube/requiressl/yes/playback_host/r7---sn-5njj-u2xl.googlevideo.com/mh/iu/mm/31%2C29/mn/sn-5njj-u2xl%2Csn-un57en7e/ms/au%2Crdu/mv/m/mvi/7/pcm2cms/yes/pl/16/hfr/all/as/fmp4_audio_clear%2Cwebm_audio_clear%2Cwebm2_audio_clear%2Cfmp4_sd_hd_clear%2Cwebm2_sd_hd_clear/initcwndbps/632500/vprv/1/mt/1613475902/fvip/3/keepalive/yes/itag/0/sparams/expire%2Cei%2Cip%2Cid%2Csource%2Crequiressl%2Chfr%2Cas%2Cvprv%2Citag/sig/AOq0QJ8wRQIgKKxIHZLRb3Sm5lQmcCPINtc9b_p1n2YpJ4e-WzS1HQgCIQDpJRCWEt0m7wMO9cYHAt6mZGcR4sb3T-QCbH0cP2mm6g%3D%3D/lsparams/playback_host%2Cmh%2Cmm%2Cmn%2Cms%2Cmv%2Cmvi%2Cpcm2cms%2Cpl%2Cinitcwndbps/lsig/AG3C_xAwRQIgNejBjey0fUGNT0lBywmc9D2s5iJw6O-G1JcFJHEarFoCIQDXCDwiStarl7XH_fQxolDegDQe2v5kgcjtIiKoNPXlrA%3D%3D", "width": null, "height": null, "tbr": 163.172, "asr": 48000, "fps": null, "language": null, "filesize": null, "container": "webm_dash", "vcodec": "none", "url": "https://manifest.googlevideo.com/api/manifest/dash/expire/1613497691/ei/-7ArYL7sJcGF4gLn_oDoDw/ip/140.109.135.76/id/76e571259a329655/source/youtube/requiressl/yes/playback_host/r7---sn-5njj-u2xl.googlevideo.com/mh/iu/mm/31%2C29/mn/sn-5njj-u2xl%2Csn-un57en7e/ms/au%2Crdu/mv/m/mvi/7/pcm2cms/yes/pl/16/hfr/all/as/fmp4_audio_clear%2Cwebm_audio_clear%2Cwebm2_audio_clear%2Cfmp4_sd_hd_clear%2Cwebm2_sd_hd_clear/initcwndbps/632500/vprv/1/mt/1613475902/fvip/3/keepalive/yes/itag/0/sparams/expire%2Cei%2Cip%2Cid%2Csource%2Crequiressl%2Chfr%2Cas%2Cvprv%2Citag/sig/AOq0QJ8wRQIgKKxIHZLRb3Sm5lQmcCPINtc9b_p1n2YpJ4e-WzS1HQgCIQDpJRCWEt0m7wMO9cYHAt6mZGcR4sb3T-QCbH0cP2mm6g%3D%3D/lsparams/playback_host%2Cmh%2Cmm%2Cmn%2Cms%2Cmv%2Cmvi%2Cpcm2cms%2Cpl%2Cinitcwndbps/lsig/AG3C_xAwRQIgNejBjey0fUGNT0lBywmc9D2s5iJw6O-G1JcFJHEarFoCIQDXCDwiStarl7XH_fQxolDegDQe2v5kgcjtIiKoNPXlrA%3D%3D", "fragment_base_url": "https://r7---sn-5njj-u2xl.googlevideo.com/videoplayback/expire/1613497691/ei/-7ArYL7sJcGF4gLn_oDoDw/ip/140.109.135.76/id/76e571259a329655/itag/251/source/youtube/requiressl/yes/mh/iu/mm/31,29/mn/sn-5njj-u2xl,sn-un57en7e/ms/au,rdu/mv/m/mvi/7/pcm2cms/yes/pl/16/initcwndbps/632500/vprv/1/ratebypass/yes/mime/audio%2Fwebm/otfp/1/gir/yes/clen/6320642/lmt/1593108335859725/dur/330.121/mt/1613475902/fvip/3/keepalive/yes/sparams/expire,ei,ip,id,itag,source,requiressl,vprv,ratebypass,mime,otfp,gir,clen,lmt,dur/sig/AOq0QJ8wRgIhAKh4XPFqmlrpuOxPmy5-2z2cz4QHcjLisRdwDPhhnOHyAiEApvRUgaLhgjBBpCHbse1BQzuroZn3333NUIa72Q9dx_4%3D/lsparams/mh,mm,mn,ms,mv,mvi,pcm2cms,pl,initcwndbps/lsig/AG3C_xAwRQIgRkY1rJWYV9G89DcCbK-yncvUXIcbOdGxvIN-XZqT7s8CIQCvz82ia8Sfag1ie9hXXwQAAF1U2i8NHoYnCimwmW-RUA%3D%3D/", "fragments": [{"path": "range/0-258"}, {"path": "range/834-108876", "duration": 10.001}, {"path": "range/108877-308048", "duration": 10.0}, {"path": "range/308049-503286", "duration": 10.0}, {"path": "range/503287-695392", "duration": 10.0}, {"path": "range/695393-891065", "duration": 10.0}, {"path": "range/891066-1092697", "duration": 10.0}, {"path": "range/1092698-1292560", "duration": 10.0}, {"path": "range/1292561-1496526", "duration": 10.0}, {"path": "range/1496527-1698325", "duration": 10.0}, {"path": "range/1698326-1901291", "duration": 10.0}, {"path": "range/1901292-2104522", "duration": 10.0}, {"path": "range/2104523-2287031", "duration": 10.0}, {"path": "range/2287032-2473268", "duration": 10.0}, {"path": "range/2473269-2661293", "duration": 10.0}, {"path": "range/2661294-2851724", "duration": 10.0}, {"path": "range/2851725-3037812", "duration": 10.0}, {"path": "range/3037813-3229531", "duration": 10.0}, {"path": "range/3229532-3426622", "duration": 10.0}, {"path": "range/3426623-3621612", "duration": 10.0}, {"path": "range/3621613-3807343", "duration": 10.0}, {"path": "range/3807344-4005908", "duration": 10.0}, {"path": "range/4005909-4206480", "duration": 10.0}, {"path": "range/4206481-4409112", "duration": 10.0}, {"path": "range/4409113-4603808", "duration": 10.0}, {"path": "range/4603809-4801031", "duration": 10.0}, {"path": "range/4801032-4992812", "duration": 10.0}, {"path": "range/4992813-5188619", "duration": 10.0}, {"path": "range/5188620-5386446", "duration": 10.0}, {"path": "range/5386447-5573413", "duration": 10.0}, {"path": "range/5573414-5767521", "duration": 10.0}, {"path": "range/5767522-5958558", "duration": 10.0}, {"path": "range/5958559-6147274", "duration": 10.0}, {"path": "range/6147275-6320569", "duration": 10.0}, {"path": "range/6320570-6320641", "duration": 0.12}], "protocol": "http_dash_segments", "format": "251 - audio only (DASH audio)", "http_headers": {"User-Agent": "Mozilla/5.0 (Windows NT 10.0; Win64; x64) AppleWebKit/537.36 (KHTML, like Gecko) Chrome/74.0.3729.24 Safari/537.36", "Accept-Charset": "ISO-8859-1,utf-8;q=0.7,*;q=0.7", "Accept": "text/html,application/xhtml+xml,application/xml;q=0.9,*/*;q=0.8", "Accept-Encoding": "gzip, deflate", "Accept-Language": "en-us,en;q=0.5"}}, {"ext": "mp4", "height": 360, "format_note": "DASH video", "vcodec": "avc1.4d401e", "format_id": "134", "manifest_url": "https://manifest.googlevideo.com/api/manifest/dash/expire/1613497691/ei/-7ArYL7sJcGF4gLn_oDoDw/ip/140.109.135.76/id/76e571259a329655/source/youtube/requiressl/yes/playback_host/r7---sn-5njj-u2xl.googlevideo.com/mh/iu/mm/31%2C29/mn/sn-5njj-u2xl%2Csn-un57en7e/ms/au%2Crdu/mv/m/mvi/7/pcm2cms/yes/pl/16/hfr/all/as/fmp4_audio_clear%2Cwebm_audio_clear%2Cwebm2_audio_clear%2Cfmp4_sd_hd_clear%2Cwebm2_sd_hd_clear/initcwndbps/632500/vprv/1/mt/1613475902/fvip/3/keepalive/yes/itag/0/sparams/expire%2Cei%2Cip%2Cid%2Csource%2Crequiressl%2Chfr%2Cas%2Cvprv%2Citag/sig/AOq0QJ8wRQIgKKxIHZLRb3Sm5lQmcCPINtc9b_p1n2YpJ4e-WzS1HQgCIQDpJRCWEt0m7wMO9cYHAt6mZGcR4sb3T-QCbH0cP2mm6g%3D%3D/lsparams/playback_host%2Cmh%2Cmm%2Cmn%2Cms%2Cmv%2Cmvi%2Cpcm2cms%2Cpl%2Cinitcwndbps/lsig/AG3C_xAwRQIgNejBjey0fUGNT0lBywmc9D2s5iJw6O-G1JcFJHEarFoCIQDXCDwiStarl7XH_fQxolDegDQe2v5kgcjtIiKoNPXlrA%3D%3D", "width": 640, "tbr": 51.055, "asr": null, "fps": 30, "language": null, "filesize": null, "container": "mp4_dash", "acodec": "none", "url": "https://manifest.googlevideo.com/api/manifest/dash/expire/1613497691/ei/-7ArYL7sJcGF4gLn_oDoDw/ip/140.109.135.76/id/76e571259a329655/source/youtube/requiressl/yes/playback_host/r7---sn-5njj-u2xl.googlevideo.com/mh/iu/mm/31%2C29/mn/sn-5njj-u2xl%2Csn-un57en7e/ms/au%2Crdu/mv/m/mvi/7/pcm2cms/yes/pl/16/hfr/all/as/fmp4_audio_clear%2Cwebm_audio_clear%2Cwebm2_audio_clear%2Cfmp4_sd_hd_clear%2Cwebm2_sd_hd_clear/initcwndbps/632500/vprv/1/mt/1613475902/fvip/3/keepalive/yes/itag/0/sparams/expire%2Cei%2Cip%2Cid%2Csource%2Crequiressl%2Chfr%2Cas%2Cvprv%2Citag/sig/AOq0QJ8wRQIgKKxIHZLRb3Sm5lQmcCPINtc9b_p1n2YpJ4e-WzS1HQgCIQDpJRCWEt0m7wMO9cYHAt6mZGcR4sb3T-QCbH0cP2mm6g%3D%3D/lsparams/playback_host%2Cmh%2Cmm%2Cmn%2Cms%2Cmv%2Cmvi%2Cpcm2cms%2Cpl%2Cinitcwndbps/lsig/AG3C_xAwRQIgNejBjey0fUGNT0lBywmc9D2s5iJw6O-G1JcFJHEarFoCIQDXCDwiStarl7XH_fQxolDegDQe2v5kgcjtIiKoNPXlrA%3D%3D", "fragment_base_url": "https://r7---sn-5njj-u2xl.googlevideo.com/videoplayback/expire/1613497691/ei/-7ArYL7sJcGF4gLn_oDoDw/ip/140.109.135.76/id/76e571259a329655/itag/134/source/youtube/requiressl/yes/mh/iu/mm/31,29/mn/sn-5njj-u2xl,sn-un57en7e/ms/au,rdu/mv/m/mvi/7/pcm2cms/yes/pl/16/initcwndbps/632500/vprv/1/ratebypass/yes/mime/video%2Fmp4/otfp/1/gir/yes/clen/1924693/lmt/1593108338970816/dur/330.096/mt/1613475902/fvip/3/keepalive/yes/sparams/expire,ei,ip,id,itag,source,requiressl,vprv,ratebypass,mime,otfp,gir,clen,lmt,dur/sig/AOq0QJ8wRQIgUXVedftYyGSuyT-h_U9m8TSwmCtMle9yeqX-C96PI48CIQCYUWXSStP3W6V1n2u55_xHmOgE260hxWgK9-9rfqSNtg%3D%3D/lsparams/mh,mm,mn,ms,mv,mvi,pcm2cms,pl,initcwndbps/lsig/AG3C_xAwRQIhAP0uSdfV_2Lg6N-K18xYGFxOSYjeO0fEublbJAA0KZRvAiAdu3yujk3Et4GRs_sGw7zw_LrskOucUJBfgXnpMsdo5Q%3D%3D/", "fragments": [{"path": "range/0-738"}, {"path": "range/1515-25469", "duration": 5.339}, {"path": "range/25470-50693", "duration": 5.338}, {"path": "range/50694-77191", "duration": 5.339}, {"path": "range/77192-104626", "duration": 5.339}, {"path": "range/104627-130255", "duration": 5.338}, {"path": "range/130256-156415", "duration": 5.339}, {"path": "range/156416-183012", "duration": 5.339}, {"path": "range/183013-210316", "duration": 5.338}, {"path": "range/210317-237847", "duration": 5.339}, {"path": "range/237848-266263", "duration": 5.339}, {"path": "range/266264-295191", "duration": 5.338}, {"path": "range/295192-324344", "duration": 5.339}, {"path": "range/324345-353722", "duration": 5.339}, {"path": "range/353723-383471", "duration": 5.338}, {"path": "range/383472-413397", "duration": 5.339}, {"path": "range/413398-443538", "duration": 5.339}, {"path": "range/443539-473729", "duration": 5.338}, {"path": "range/473730-504259", "duration": 5.339}, {"path": "range/504260-534687", "duration": 5.339}, {"path": "range/534688-565229", "duration": 5.338}, {"path": "range/565230-596168", "duration": 5.339}, {"path": "range/596169-626999", "duration": 5.339}, {"path": "range/627000-658075", "duration": 5.338}, {"path": "range/658076-689339", "duration": 5.339}, {"path": "range/689340-720538", "duration": 5.339}, {"path": "range/720539-752091", "duration": 5.338}, {"path": "range/752092-783783", "duration": 5.339}, {"path": "range/783784-815441", "duration": 5.339}, {"path": "range/815442-847180", "duration": 5.338}, {"path": "range/847181-879168", "duration": 5.339}, {"path": "range/879169-911323", "duration": 5.339}, {"path": "range/911324-943540", "duration": 5.338}, {"path": "range/943541-976005", "duration": 5.339}, {"path": "range/976006-1008269", "duration": 5.339}, {"path": "range/1008270-1040764", "duration": 5.338}, {"path": "range/1040765-1073470", "duration": 5.339}, {"path": "range/1073471-1106151", "duration": 5.339}, {"path": "range/1106152-1139137", "duration": 5.338}, {"path": "range/1139138-1172050", "duration": 5.339}, {"path": "range/1172051-1205066", "duration": 5.339}, {"path": "range/1205067-1238391", "duration": 5.338}, {"path": "range/1238392-1271682", "duration": 5.339}, {"path": "range/1271683-1305084", "duration": 5.339}, {"path": "range/1305085-1338772", "duration": 5.338}, {"path": "range/1338773-1372601", "duration": 5.339}, {"path": "range/1372602-1406218", "duration": 5.339}, {"path": "range/1406219-1440235", "duration": 5.338}, {"path": "range/1440236-1474308", "duration": 5.339}, {"path": "range/1474309-1508249", "duration": 5.339}, {"path": "range/1508250-1542075", "duration": 5.338}, {"path": "range/1542076-1575848", "duration": 5.339}, {"path": "range/1575849-1609786", "duration": 5.339}, {"path": "range/1609787-1643779", "duration": 5.338}, {"path": "range/1643780-1677598", "duration": 5.339}, {"path": "range/1677599-1711026", "duration": 5.339}, {"path": "range/1711027-1743869", "duration": 5.338}, {"path": "range/1743870-1776347", "duration": 5.339}, {"path": "range/1776348-1808046", "duration": 5.339}, {"path": "range/1808047-1839452", "duration": 5.338}, {"path": "range/1839453-1869853", "duration": 5.339}, {"path": "range/1869854-1898597", "duration": 5.339}, {"path": "range/1898598-1924692", "duration": 4.438}], "protocol": "http_dash_segments", "format": "134 - 640x360 (DASH video)", "http_headers": {"User-Agent": "Mozilla/5.0 (Windows NT 10.0; Win64; x64) AppleWebKit/537.36 (KHTML, like Gecko) Chrome/74.0.3729.24 Safari/537.36", "Accept-Charset": "ISO-8859-1,utf-8;q=0.7,*;q=0.7", "Accept": "text/html,application/xhtml+xml,application/xml;q=0.9,*/*;q=0.8", "Accept-Encoding": "gzip, deflate", "Accept-Language": "en-us,en;q=0.5"}}, {"ext": "webm", "height": 144, "format_note": "DASH video", "container": "webm_dash", "vcodec": "vp9", "format_id": "278", "manifest_url": "https://manifest.googlevideo.com/api/manifest/dash/expire/1613497691/ei/-7ArYL7sJcGF4gLn_oDoDw/ip/140.109.135.76/id/76e571259a329655/source/youtube/requiressl/yes/playback_host/r7---sn-5njj-u2xl.googlevideo.com/mh/iu/mm/31%2C29/mn/sn-5njj-u2xl%2Csn-un57en7e/ms/au%2Crdu/mv/m/mvi/7/pcm2cms/yes/pl/16/hfr/all/as/fmp4_audio_clear%2Cwebm_audio_clear%2Cwebm2_audio_clear%2Cfmp4_sd_hd_clear%2Cwebm2_sd_hd_clear/initcwndbps/632500/vprv/1/mt/1613475902/fvip/3/keepalive/yes/itag/0/sparams/expire%2Cei%2Cip%2Cid%2Csource%2Crequiressl%2Chfr%2Cas%2Cvprv%2Citag/sig/AOq0QJ8wRQIgKKxIHZLRb3Sm5lQmcCPINtc9b_p1n2YpJ4e-WzS1HQgCIQDpJRCWEt0m7wMO9cYHAt6mZGcR4sb3T-QCbH0cP2mm6g%3D%3D/lsparams/playback_host%2Cmh%2Cmm%2Cmn%2Cms%2Cmv%2Cmvi%2Cpcm2cms%2Cpl%2Cinitcwndbps/lsig/AG3C_xAwRQIgNejBjey0fUGNT0lBywmc9D2s5iJw6O-G1JcFJHEarFoCIQDXCDwiStarl7XH_fQxolDegDQe2v5kgcjtIiKoNPXlrA%3D%3D", "width": 256, "tbr": 95.0, "asr": null, "fps": 30, "language": null, "filesize": null, "acodec": "none", "url": "https://manifest.googlevideo.com/api/manifest/dash/expire/1613497691/ei/-7ArYL7sJcGF4gLn_oDoDw/ip/140.109.135.76/id/76e571259a329655/source/youtube/requiressl/yes/playback_host/r7---sn-5njj-u2xl.googlevideo.com/mh/iu/mm/31%2C29/mn/sn-5njj-u2xl%2Csn-un57en7e/ms/au%2Crdu/mv/m/mvi/7/pcm2cms/yes/pl/16/hfr/all/as/fmp4_audio_clear%2Cwebm_audio_clear%2Cwebm2_audio_clear%2Cfmp4_sd_hd_clear%2Cwebm2_sd_hd_clear/initcwndbps/632500/vprv/1/mt/1613475902/fvip/3/keepalive/yes/itag/0/sparams/expire%2Cei%2Cip%2Cid%2Csource%2Crequiressl%2Chfr%2Cas%2Cvprv%2Citag/sig/AOq0QJ8wRQIgKKxIHZLRb3Sm5lQmcCPINtc9b_p1n2YpJ4e-WzS1HQgCIQDpJRCWEt0m7wMO9cYHAt6mZGcR4sb3T-QCbH0cP2mm6g%3D%3D/lsparams/playback_host%2Cmh%2Cmm%2Cmn%2Cms%2Cmv%2Cmvi%2Cpcm2cms%2Cpl%2Cinitcwndbps/lsig/AG3C_xAwRQIgNejBjey0fUGNT0lBywmc9D2s5iJw6O-G1JcFJHEarFoCIQDXCDwiStarl7XH_fQxolDegDQe2v5kgcjtIiKoNPXlrA%3D%3D", "fragment_base_url": "https://r7---sn-5njj-u2xl.googlevideo.com/videoplayback/expire/1613497691/ei/-7ArYL7sJcGF4gLn_oDoDw/ip/140.109.135.76/id/76e571259a329655/itag/278/source/yt_otf/requiressl/yes/mh/iu/mm/31,29/mn/sn-5njj-u2xl,sn-un57en7e/ms/au,rdu/mv/m/mvi/7/pcm2cms/yes/pl/16/initcwndbps/632500/vprv/1/ratebypass/yes/mime/video%2Fwebm/otfp/1/otf/1/lmt/1593108338970031/mt/1613475902/fvip/3/keepalive/yes/sparams/expire,ei,ip,id,itag,source,requiressl,vprv,ratebypass,mime,otfp,otf,lmt/sig/AOq0QJ8wRQIgazz5MwSHN6TzmW8VcvKYaLM2BTVqKBul7FB8PjJJ8ocCIQDIvnreL5rwKc7fgvLxoKFw0x3Cov-mbmElDiMvuC0Y2g%3D%3D/lsparams/mh,mm,mn,ms,mv,mvi,pcm2cms,pl,initcwndbps/lsig/AG3C_xAwRQIhAOgwzZQxIBO4EhnVPrBR1mRgTEe5jGwVLppKvB4OS9b5AiA4e0ODqaXwLHD46SAO8faV_V73N3RGHqxK53qhLyN5uA%3D%3D/", "fragments": [{"path": "sq/0"}, {"path": "sq/1/dur/5.339", "duration": 5.339}, {"path": "sq/2/dur/5.338", "duration": 5.338}, {"path": "sq/3/dur/5.339", "duration": 5.339}, {"path": "sq/4/dur/5.339", "duration": 5.339}, {"path": "sq/5/dur/5.338", "duration": 5.338}, {"path": "sq/6/dur/5.339", "duration": 5.339}, {"path": "sq/7/dur/5.339", "duration": 5.339}, {"path": "sq/8/dur/5.338", "duration": 5.338}, {"path": "sq/9/dur/5.339", "duration": 5.339}, {"path": "sq/10/dur/5.339", "duration": 5.339}, {"path": "sq/11/dur/5.338", "duration": 5.338}, {"path": "sq/12/dur/5.339", "duration": 5.339}, {"path": "sq/13/dur/5.339", "duration": 5.339}, {"path": "sq/14/dur/5.338", "duration": 5.338}, {"path": "sq/15/dur/5.339", "duration": 5.339}, {"path": "sq/16/dur/5.339", "duration": 5.339}, {"path": "sq/17/dur/5.338", "duration": 5.338}, {"path": "sq/18/dur/5.339", "duration": 5.339}, {"path": "sq/19/dur/5.339", "duration": 5.339}, {"path": "sq/20/dur/5.338", "duration": 5.338}, {"path": "sq/21/dur/5.339", "duration": 5.339}, {"path": "sq/22/dur/5.339", "duration": 5.339}, {"path": "sq/23/dur/5.338", "duration": 5.338}, {"path": "sq/24/dur/5.339", "duration": 5.339}, {"path": "sq/25/dur/5.339", "duration": 5.339}, {"path": "sq/26/dur/5.338", "duration": 5.338}, {"path": "sq/27/dur/5.339", "duration": 5.339}, {"path": "sq/28/dur/5.339", "duration": 5.339}, {"path": "sq/29/dur/5.338", "duration": 5.338}, {"path": "sq/30/dur/5.339", "duration": 5.339}, {"path": "sq/31/dur/5.339", "duration": 5.339}, {"path": "sq/32/dur/5.338", "duration": 5.338}, {"path": "sq/33/dur/5.339", "duration": 5.339}, {"path": "sq/34/dur/5.339", "duration": 5.339}, {"path": "sq/35/dur/5.338", "duration": 5.338}, {"path": "sq/36/dur/5.339", "duration": 5.339}, {"path": "sq/37/dur/5.339", "duration": 5.339}, {"path": "sq/38/dur/5.338", "duration": 5.338}, {"path": "sq/39/dur/5.339", "duration": 5.339}, {"path": "sq/40/dur/5.339", "duration": 5.339}, {"path": "sq/41/dur/5.338", "duration": 5.338}, {"path": "sq/42/dur/5.339", "duration": 5.339}, {"path": "sq/43/dur/5.339", "duration": 5.339}, {"path": "sq/44/dur/5.338", "duration": 5.338}, {"path": "sq/45/dur/5.339", "duration": 5.339}, {"path": "sq/46/dur/5.339", "duration": 5.339}, {"path": "sq/47/dur/5.338", "duration": 5.338}, {"path": "sq/48/dur/5.339", "duration": 5.339}, {"path": "sq/49/dur/5.339", "duration": 5.339}, {"path": "sq/50/dur/5.338", "duration": 5.338}, {"path": "sq/51/dur/5.339", "duration": 5.339}, {"path": "sq/52/dur/5.339", "duration": 5.339}, {"path": "sq/53/dur/5.338", "duration": 5.338}, {"path": "sq/54/dur/5.339", "duration": 5.339}, {"path": "sq/55/dur/5.339", "duration": 5.339}, {"path": "sq/56/dur/5.338", "duration": 5.338}, {"path": "sq/57/dur/5.339", "duration": 5.339}, {"path": "sq/58/dur/5.339", "duration": 5.339}, {"path": "sq/59/dur/5.338", "duration": 5.338}, {"path": "sq/60/dur/5.339", "duration": 5.339}, {"path": "sq/61/dur/5.339", "duration": 5.339}, {"path": "sq/62/dur/4.438", "duration": 4.438}], "protocol": "http_dash_segments", "format": "278 - 256x144 (DASH video)", "http_headers": {"User-Agent": "Mozilla/5.0 (Windows NT 10.0; Win64; x64) AppleWebKit/537.36 (KHTML, like Gecko) Chrome/74.0.3729.24 Safari/537.36", "Accept-Charset": "ISO-8859-1,utf-8;q=0.7,*;q=0.7", "Accept": "text/html,application/xhtml+xml,application/xml;q=0.9,*/*;q=0.8", "Accept-Encoding": "gzip, deflate", "Accept-Language": "en-us,en;q=0.5"}}, {"ext": "mp4", "height": 144, "format_note": "DASH video", "vcodec": "avc1.4d400b", "format_id": "160", "manifest_url": "https://manifest.googlevideo.com/api/manifest/dash/expire/1613497691/ei/-7ArYL7sJcGF4gLn_oDoDw/ip/140.109.135.76/id/76e571259a329655/source/youtube/requiressl/yes/playback_host/r7---sn-5njj-u2xl.googlevideo.com/mh/iu/mm/31%2C29/mn/sn-5njj-u2xl%2Csn-un57en7e/ms/au%2Crdu/mv/m/mvi/7/pcm2cms/yes/pl/16/hfr/all/as/fmp4_audio_clear%2Cwebm_audio_clear%2Cwebm2_audio_clear%2Cfmp4_sd_hd_clear%2Cwebm2_sd_hd_clear/initcwndbps/632500/vprv/1/mt/1613475902/fvip/3/keepalive/yes/itag/0/sparams/expire%2Cei%2Cip%2Cid%2Csource%2Crequiressl%2Chfr%2Cas%2Cvprv%2Citag/sig/AOq0QJ8wRQIgKKxIHZLRb3Sm5lQmcCPINtc9b_p1n2YpJ4e-WzS1HQgCIQDpJRCWEt0m7wMO9cYHAt6mZGcR4sb3T-QCbH0cP2mm6g%3D%3D/lsparams/playback_host%2Cmh%2Cmm%2Cmn%2Cms%2Cmv%2Cmvi%2Cpcm2cms%2Cpl%2Cinitcwndbps/lsig/AG3C_xAwRQIgNejBjey0fUGNT0lBywmc9D2s5iJw6O-G1JcFJHEarFoCIQDXCDwiStarl7XH_fQxolDegDQe2v5kgcjtIiKoNPXlrA%3D%3D", "width": 256, "tbr": 108.0, "asr": null, "fps": 30, "language": null, "filesize": null, "container": "mp4_dash", "acodec": "none", "url": "https://manifest.googlevideo.com/api/manifest/dash/expire/1613497691/ei/-7ArYL7sJcGF4gLn_oDoDw/ip/140.109.135.76/id/76e571259a329655/source/youtube/requiressl/yes/playback_host/r7---sn-5njj-u2xl.googlevideo.com/mh/iu/mm/31%2C29/mn/sn-5njj-u2xl%2Csn-un57en7e/ms/au%2Crdu/mv/m/mvi/7/pcm2cms/yes/pl/16/hfr/all/as/fmp4_audio_clear%2Cwebm_audio_clear%2Cwebm2_audio_clear%2Cfmp4_sd_hd_clear%2Cwebm2_sd_hd_clear/initcwndbps/632500/vprv/1/mt/1613475902/fvip/3/keepalive/yes/itag/0/sparams/expire%2Cei%2Cip%2Cid%2Csource%2Crequiressl%2Chfr%2Cas%2Cvprv%2Citag/sig/AOq0QJ8wRQIgKKxIHZLRb3Sm5lQmcCPINtc9b_p1n2YpJ4e-WzS1HQgCIQDpJRCWEt0m7wMO9cYHAt6mZGcR4sb3T-QCbH0cP2mm6g%3D%3D/lsparams/playback_host%2Cmh%2Cmm%2Cmn%2Cms%2Cmv%2Cmvi%2Cpcm2cms%2Cpl%2Cinitcwndbps/lsig/AG3C_xAwRQIgNejBjey0fUGNT0lBywmc9D2s5iJw6O-G1JcFJHEarFoCIQDXCDwiStarl7XH_fQxolDegDQe2v5kgcjtIiKoNPXlrA%3D%3D", "fragment_base_url": "https://r7---sn-5njj-u2xl.googlevideo.com/videoplayback/expire/1613497691/ei/-7ArYL7sJcGF4gLn_oDoDw/ip/140.109.135.76/id/76e571259a329655/itag/160/source/yt_otf/requiressl/yes/mh/iu/mm/31,29/mn/sn-5njj-u2xl,sn-un57en7e/ms/au,rdu/mv/m/mvi/7/pcm2cms/yes/pl/16/initcwndbps/632500/vprv/1/ratebypass/yes/mime/video%2Fmp4/otfp/1/otf/1/lmt/1593108338970031/mt/1613475902/fvip/3/keepalive/yes/sparams/expire,ei,ip,id,itag,source,requiressl,vprv,ratebypass,mime,otfp,otf,lmt/sig/AOq0QJ8wRgIhAI7mV0h9-jvc4kvF-QXog5P4CJ3cK8mqzR35nNihFmEvAiEA5e8mWV2fQQitbwSNvILFx54inQnLDETSBtXQEDWwH84%3D/lsparams/mh,mm,mn,ms,mv,mvi,pcm2cms,pl,initcwndbps/lsig/AG3C_xAwRQIhAL14gywY9wpvyLIWkpr4Rkxs2WcvR6qvsdPrq5AUJmWKAiBiQXle1Yk-50ur50pZODeWwn-TmzlWJfnH4nhykuCc0g%3D%3D/", "fragments": [{"path": "sq/0"}, {"path": "sq/1/dur/5.339", "duration": 5.339}, {"path": "sq/2/dur/5.338", "duration": 5.338}, {"path": "sq/3/dur/5.339", "duration": 5.339}, {"path": "sq/4/dur/5.339", "duration": 5.339}, {"path": "sq/5/dur/5.338", "duration": 5.338}, {"path": "sq/6/dur/5.339", "duration": 5.339}, {"path": "sq/7/dur/5.339", "duration": 5.339}, {"path": "sq/8/dur/5.338", "duration": 5.338}, {"path": "sq/9/dur/5.339", "duration": 5.339}, {"path": "sq/10/dur/5.339", "duration": 5.339}, {"path": "sq/11/dur/5.338", "duration": 5.338}, {"path": "sq/12/dur/5.339", "duration": 5.339}, {"path": "sq/13/dur/5.339", "duration": 5.339}, {"path": "sq/14/dur/5.338", "duration": 5.338}, {"path": "sq/15/dur/5.339", "duration": 5.339}, {"path": "sq/16/dur/5.339", "duration": 5.339}, {"path": "sq/17/dur/5.338", "duration": 5.338}, {"path": "sq/18/dur/5.339", "duration": 5.339}, {"path": "sq/19/dur/5.339", "duration": 5.339}, {"path": "sq/20/dur/5.338", "duration": 5.338}, {"path": "sq/21/dur/5.339", "duration": 5.339}, {"path": "sq/22/dur/5.339", "duration": 5.339}, {"path": "sq/23/dur/5.338", "duration": 5.338}, {"path": "sq/24/dur/5.339", "duration": 5.339}, {"path": "sq/25/dur/5.339", "duration": 5.339}, {"path": "sq/26/dur/5.338", "duration": 5.338}, {"path": "sq/27/dur/5.339", "duration": 5.339}, {"path": "sq/28/dur/5.339", "duration": 5.339}, {"path": "sq/29/dur/5.338", "duration": 5.338}, {"path": "sq/30/dur/5.339", "duration": 5.339}, {"path": "sq/31/dur/5.339", "duration": 5.339}, {"path": "sq/32/dur/5.338", "duration": 5.338}, {"path": "sq/33/dur/5.339", "duration": 5.339}, {"path": "sq/34/dur/5.339", "duration": 5.339}, {"path": "sq/35/dur/5.338", "duration": 5.338}, {"path": "sq/36/dur/5.339", "duration": 5.339}, {"path": "sq/37/dur/5.339", "duration": 5.339}, {"path": "sq/38/dur/5.338", "duration": 5.338}, {"path": "sq/39/dur/5.339", "duration": 5.339}, {"path": "sq/40/dur/5.339", "duration": 5.339}, {"path": "sq/41/dur/5.338", "duration": 5.338}, {"path": "sq/42/dur/5.339", "duration": 5.339}, {"path": "sq/43/dur/5.339", "duration": 5.339}, {"path": "sq/44/dur/5.338", "duration": 5.338}, {"path": "sq/45/dur/5.339", "duration": 5.339}, {"path": "sq/46/dur/5.339", "duration": 5.339}, {"path": "sq/47/dur/5.338", "duration": 5.338}, {"path": "sq/48/dur/5.339", "duration": 5.339}, {"path": "sq/49/dur/5.339", "duration": 5.339}, {"path": "sq/50/dur/5.338", "duration": 5.338}, {"path": "sq/51/dur/5.339", "duration": 5.339}, {"path": "sq/52/dur/5.339", "duration": 5.339}, {"path": "sq/53/dur/5.338", "duration": 5.338}, {"path": "sq/54/dur/5.339", "duration": 5.339}, {"path": "sq/55/dur/5.339", "duration": 5.339}, {"path": "sq/56/dur/5.338", "duration": 5.338}, {"path": "sq/57/dur/5.339", "duration": 5.339}, {"path": "sq/58/dur/5.339", "duration": 5.339}, {"path": "sq/59/dur/5.338", "duration": 5.338}, {"path": "sq/60/dur/5.339", "duration": 5.339}, {"path": "sq/61/dur/5.339", "duration": 5.339}, {"path": "sq/62/dur/4.438", "duration": 4.438}], "protocol": "http_dash_segments", "format": "160 - 256x144 (DASH video)", "http_headers": {"User-Agent": "Mozilla/5.0 (Windows NT 10.0; Win64; x64) AppleWebKit/537.36 (KHTML, like Gecko) Chrome/74.0.3729.24 Safari/537.36", "Accept-Charset": "ISO-8859-1,utf-8;q=0.7,*;q=0.7", "Accept": "text/html,application/xhtml+xml,application/xml;q=0.9,*/*;q=0.8", "Accept-Encoding": "gzip, deflate", "Accept-Language": "en-us,en;q=0.5"}}, {"ext": "webm", "height": 240, "format_note": "DASH video", "vcodec": "vp9", "format_id": "242", "manifest_url": "https://manifest.googlevideo.com/api/manifest/dash/expire/1613497691/ei/-7ArYL7sJcGF4gLn_oDoDw/ip/140.109.135.76/id/76e571259a329655/source/youtube/requiressl/yes/playback_host/r7---sn-5njj-u2xl.googlevideo.com/mh/iu/mm/31%2C29/mn/sn-5njj-u2xl%2Csn-un57en7e/ms/au%2Crdu/mv/m/mvi/7/pcm2cms/yes/pl/16/hfr/all/as/fmp4_audio_clear%2Cwebm_audio_clear%2Cwebm2_audio_clear%2Cfmp4_sd_hd_clear%2Cwebm2_sd_hd_clear/initcwndbps/632500/vprv/1/mt/1613475902/fvip/3/keepalive/yes/itag/0/sparams/expire%2Cei%2Cip%2Cid%2Csource%2Crequiressl%2Chfr%2Cas%2Cvprv%2Citag/sig/AOq0QJ8wRQIgKKxIHZLRb3Sm5lQmcCPINtc9b_p1n2YpJ4e-WzS1HQgCIQDpJRCWEt0m7wMO9cYHAt6mZGcR4sb3T-QCbH0cP2mm6g%3D%3D/lsparams/playback_host%2Cmh%2Cmm%2Cmn%2Cms%2Cmv%2Cmvi%2Cpcm2cms%2Cpl%2Cinitcwndbps/lsig/AG3C_xAwRQIgNejBjey0fUGNT0lBywmc9D2s5iJw6O-G1JcFJHEarFoCIQDXCDwiStarl7XH_fQxolDegDQe2v5kgcjtIiKoNPXlrA%3D%3D", "width": 426, "tbr": 220.5, "asr": null, "fps": 30, "language": null, "filesize": null, "container": "webm_dash", "acodec": "none", "url": "https://manifest.googlevideo.com/api/manifest/dash/expire/1613497691/ei/-7ArYL7sJcGF4gLn_oDoDw/ip/140.109.135.76/id/76e571259a329655/source/youtube/requiressl/yes/playback_host/r7---sn-5njj-u2xl.googlevideo.com/mh/iu/mm/31%2C29/mn/sn-5njj-u2xl%2Csn-un57en7e/ms/au%2Crdu/mv/m/mvi/7/pcm2cms/yes/pl/16/hfr/all/as/fmp4_audio_clear%2Cwebm_audio_clear%2Cwebm2_audio_clear%2Cfmp4_sd_hd_clear%2Cwebm2_sd_hd_clear/initcwndbps/632500/vprv/1/mt/1613475902/fvip/3/keepalive/yes/itag/0/sparams/expire%2Cei%2Cip%2Cid%2Csource%2Crequiressl%2Chfr%2Cas%2Cvprv%2Citag/sig/AOq0QJ8wRQIgKKxIHZLRb3Sm5lQmcCPINtc9b_p1n2YpJ4e-WzS1HQgCIQDpJRCWEt0m7wMO9cYHAt6mZGcR4sb3T-QCbH0cP2mm6g%3D%3D/lsparams/playback_host%2Cmh%2Cmm%2Cmn%2Cms%2Cmv%2Cmvi%2Cpcm2cms%2Cpl%2Cinitcwndbps/lsig/AG3C_xAwRQIgNejBjey0fUGNT0lBywmc9D2s5iJw6O-G1JcFJHEarFoCIQDXCDwiStarl7XH_fQxolDegDQe2v5kgcjtIiKoNPXlrA%3D%3D", "fragment_base_url": "https://r7---sn-5njj-u2xl.googlevideo.com/videoplayback/expire/1613497691/ei/-7ArYL7sJcGF4gLn_oDoDw/ip/140.109.135.76/id/76e571259a329655/itag/242/source/yt_otf/requiressl/yes/mh/iu/mm/31,29/mn/sn-5njj-u2xl,sn-un57en7e/ms/au,rdu/mv/m/mvi/7/pcm2cms/yes/pl/16/initcwndbps/632500/vprv/1/ratebypass/yes/mime/video%2Fwebm/otfp/1/otf/1/lmt/1593108338970031/mt/1613475902/fvip/3/keepalive/yes/sparams/expire,ei,ip,id,itag,source,requiressl,vprv,ratebypass,mime,otfp,otf,lmt/sig/AOq0QJ8wRAIgEHO6sLmQWn_Gee1c_pRM8Pbh3qIZb6ozcBiMdHT5IvQCIG3_ZBhOmIKgfbK3plPJUtJZY0KfqO0V7AUp_ctij3KO/lsparams/mh,mm,mn,ms,mv,mvi,pcm2cms,pl,initcwndbps/lsig/AG3C_xAwRQIhAMwb_gCWLJVYfrnqiadDQrOhq9-1S26M7jPiT7r1-1F6AiB3uoaGhkB33dMyuefc3-_o-2YJX9UXM65lc0RbB9SaIw%3D%3D/", "fragments": [{"path": "sq/0"}, {"path": "sq/1/dur/5.339", "duration": 5.339}, {"path": "sq/2/dur/5.338", "duration": 5.338}, {"path": "sq/3/dur/5.339", "duration": 5.339}, {"path": "sq/4/dur/5.339", "duration": 5.339}, {"path": "sq/5/dur/5.338", "duration": 5.338}, {"path": "sq/6/dur/5.339", "duration": 5.339}, {"path": "sq/7/dur/5.339", "duration": 5.339}, {"path": "sq/8/dur/5.338", "duration": 5.338}, {"path": "sq/9/dur/5.339", "duration": 5.339}, {"path": "sq/10/dur/5.339", "duration": 5.339}, {"path": "sq/11/dur/5.338", "duration": 5.338}, {"path": "sq/12/dur/5.339", "duration": 5.339}, {"path": "sq/13/dur/5.339", "duration": 5.339}, {"path": "sq/14/dur/5.338", "duration": 5.338}, {"path": "sq/15/dur/5.339", "duration": 5.339}, {"path": "sq/16/dur/5.339", "duration": 5.339}, {"path": "sq/17/dur/5.338", "duration": 5.338}, {"path": "sq/18/dur/5.339", "duration": 5.339}, {"path": "sq/19/dur/5.339", "duration": 5.339}, {"path": "sq/20/dur/5.338", "duration": 5.338}, {"path": "sq/21/dur/5.339", "duration": 5.339}, {"path": "sq/22/dur/5.339", "duration": 5.339}, {"path": "sq/23/dur/5.338", "duration": 5.338}, {"path": "sq/24/dur/5.339", "duration": 5.339}, {"path": "sq/25/dur/5.339", "duration": 5.339}, {"path": "sq/26/dur/5.338", "duration": 5.338}, {"path": "sq/27/dur/5.339", "duration": 5.339}, {"path": "sq/28/dur/5.339", "duration": 5.339}, {"path": "sq/29/dur/5.338", "duration": 5.338}, {"path": "sq/30/dur/5.339", "duration": 5.339}, {"path": "sq/31/dur/5.339", "duration": 5.339}, {"path": "sq/32/dur/5.338", "duration": 5.338}, {"path": "sq/33/dur/5.339", "duration": 5.339}, {"path": "sq/34/dur/5.339", "duration": 5.339}, {"path": "sq/35/dur/5.338", "duration": 5.338}, {"path": "sq/36/dur/5.339", "duration": 5.339}, {"path": "sq/37/dur/5.339", "duration": 5.339}, {"path": "sq/38/dur/5.338", "duration": 5.338}, {"path": "sq/39/dur/5.339", "duration": 5.339}, {"path": "sq/40/dur/5.339", "duration": 5.339}, {"path": "sq/41/dur/5.338", "duration": 5.338}, {"path": "sq/42/dur/5.339", "duration": 5.339}, {"path": "sq/43/dur/5.339", "duration": 5.339}, {"path": "sq/44/dur/5.338", "duration": 5.338}, {"path": "sq/45/dur/5.339", "duration": 5.339}, {"path": "sq/46/dur/5.339", "duration": 5.339}, {"path": "sq/47/dur/5.338", "duration": 5.338}, {"path": "sq/48/dur/5.339", "duration": 5.339}, {"path": "sq/49/dur/5.339", "duration": 5.339}, {"path": "sq/50/dur/5.338", "duration": 5.338}, {"path": "sq/51/dur/5.339", "duration": 5.339}, {"path": "sq/52/dur/5.339", "duration": 5.339}, {"path": "sq/53/dur/5.338", "duration": 5.338}, {"path": "sq/54/dur/5.339", "duration": 5.339}, {"path": "sq/55/dur/5.339", "duration": 5.339}, {"path": "sq/56/dur/5.338", "duration": 5.338}, {"path": "sq/57/dur/5.339", "duration": 5.339}, {"path": "sq/58/dur/5.339", "duration": 5.339}, {"path": "sq/59/dur/5.338", "duration": 5.338}, {"path": "sq/60/dur/5.339", "duration": 5.339}, {"path": "sq/61/dur/5.339", "duration": 5.339}, {"path": "sq/62/dur/4.438", "duration": 4.438}], "protocol": "http_dash_segments", "format": "242 - 426x240 (DASH video)", "http_headers": {"User-Agent": "Mozilla/5.0 (Windows NT 10.0; Win64; x64) AppleWebKit/537.36 (KHTML, like Gecko) Chrome/74.0.3729.24 Safari/537.36", "Accept-Charset": "ISO-8859-1,utf-8;q=0.7,*;q=0.7", "Accept": "text/html,application/xhtml+xml,application/xml;q=0.9,*/*;q=0.8", "Accept-Encoding": "gzip, deflate", "Accept-Language": "en-us,en;q=0.5"}}, {"ext": "mp4", "height": 240, "format_note": "DASH video", "vcodec": "avc1.4d400c", "format_id": "133", "manifest_url": "https://manifest.googlevideo.com/api/manifest/dash/expire/1613497691/ei/-7ArYL7sJcGF4gLn_oDoDw/ip/140.109.135.76/id/76e571259a329655/source/youtube/requiressl/yes/playback_host/r7---sn-5njj-u2xl.googlevideo.com/mh/iu/mm/31%2C29/mn/sn-5njj-u2xl%2Csn-un57en7e/ms/au%2Crdu/mv/m/mvi/7/pcm2cms/yes/pl/16/hfr/all/as/fmp4_audio_clear%2Cwebm_audio_clear%2Cwebm2_audio_clear%2Cfmp4_sd_hd_clear%2Cwebm2_sd_hd_clear/initcwndbps/632500/vprv/1/mt/1613475902/fvip/3/keepalive/yes/itag/0/sparams/expire%2Cei%2Cip%2Cid%2Csource%2Crequiressl%2Chfr%2Cas%2Cvprv%2Citag/sig/AOq0QJ8wRQIgKKxIHZLRb3Sm5lQmcCPINtc9b_p1n2YpJ4e-WzS1HQgCIQDpJRCWEt0m7wMO9cYHAt6mZGcR4sb3T-QCbH0cP2mm6g%3D%3D/lsparams/playback_host%2Cmh%2Cmm%2Cmn%2Cms%2Cmv%2Cmvi%2Cpcm2cms%2Cpl%2Cinitcwndbps/lsig/AG3C_xAwRQIgNejBjey0fUGNT0lBywmc9D2s5iJw6O-G1JcFJHEarFoCIQDXCDwiStarl7XH_fQxolDegDQe2v5kgcjtIiKoNPXlrA%3D%3D", "width": 426, "tbr": 242.0, "asr": null, "fps": 30, "language": null, "filesize": null, "container": "mp4_dash", "acodec": "none", "url": "https://manifest.googlevideo.com/api/manifest/dash/expire/1613497691/ei/-7ArYL7sJcGF4gLn_oDoDw/ip/140.109.135.76/id/76e571259a329655/source/youtube/requiressl/yes/playback_host/r7---sn-5njj-u2xl.googlevideo.com/mh/iu/mm/31%2C29/mn/sn-5njj-u2xl%2Csn-un57en7e/ms/au%2Crdu/mv/m/mvi/7/pcm2cms/yes/pl/16/hfr/all/as/fmp4_audio_clear%2Cwebm_audio_clear%2Cwebm2_audio_clear%2Cfmp4_sd_hd_clear%2Cwebm2_sd_hd_clear/initcwndbps/632500/vprv/1/mt/1613475902/fvip/3/keepalive/yes/itag/0/sparams/expire%2Cei%2Cip%2Cid%2Csource%2Crequiressl%2Chfr%2Cas%2Cvprv%2Citag/sig/AOq0QJ8wRQIgKKxIHZLRb3Sm5lQmcCPINtc9b_p1n2YpJ4e-WzS1HQgCIQDpJRCWEt0m7wMO9cYHAt6mZGcR4sb3T-QCbH0cP2mm6g%3D%3D/lsparams/playback_host%2Cmh%2Cmm%2Cmn%2Cms%2Cmv%2Cmvi%2Cpcm2cms%2Cpl%2Cinitcwndbps/lsig/AG3C_xAwRQIgNejBjey0fUGNT0lBywmc9D2s5iJw6O-G1JcFJHEarFoCIQDXCDwiStarl7XH_fQxolDegDQe2v5kgcjtIiKoNPXlrA%3D%3D", "fragment_base_url": "https://r7---sn-5njj-u2xl.googlevideo.com/videoplayback/expire/1613497691/ei/-7ArYL7sJcGF4gLn_oDoDw/ip/140.109.135.76/id/76e571259a329655/itag/133/source/yt_otf/requiressl/yes/mh/iu/mm/31,29/mn/sn-5njj-u2xl,sn-un57en7e/ms/au,rdu/mv/m/mvi/7/pcm2cms/yes/pl/16/initcwndbps/632500/vprv/1/ratebypass/yes/mime/video%2Fmp4/otfp/1/otf/1/lmt/1593108338970031/mt/1613475902/fvip/3/keepalive/yes/sparams/expire,ei,ip,id,itag,source,requiressl,vprv,ratebypass,mime,otfp,otf,lmt/sig/AOq0QJ8wRQIgIjK91fyaa2dWZ2HMo_jDLQTmIrmnebRfmhrQ6cFLcUICIQDubuu4_b_AS7YbybIcaaRxWs7LFt60YmEIvqn2DNPIqQ%3D%3D/lsparams/mh,mm,mn,ms,mv,mvi,pcm2cms,pl,initcwndbps/lsig/AG3C_xAwRgIhALA1z4SnACO5bD6kz8oJWXkk-BsB2maICJJyfKQ3zoZ5AiEA0oo2emgjWTb-pToXOifdgloRk4FCzSLbc-8607HDkYk%3D/", "fragments": [{"path": "sq/0"}, {"path": "sq/1/dur/5.339", "duration": 5.339}, {"path": "sq/2/dur/5.338", "duration": 5.338}, {"path": "sq/3/dur/5.339", "duration": 5.339}, {"path": "sq/4/dur/5.339", "duration": 5.339}, {"path": "sq/5/dur/5.338", "duration": 5.338}, {"path": "sq/6/dur/5.339", "duration": 5.339}, {"path": "sq/7/dur/5.339", "duration": 5.339}, {"path": "sq/8/dur/5.338", "duration": 5.338}, {"path": "sq/9/dur/5.339", "duration": 5.339}, {"path": "sq/10/dur/5.339", "duration": 5.339}, {"path": "sq/11/dur/5.338", "duration": 5.338}, {"path": "sq/12/dur/5.339", "duration": 5.339}, {"path": "sq/13/dur/5.339", "duration": 5.339}, {"path": "sq/14/dur/5.338", "duration": 5.338}, {"path": "sq/15/dur/5.339", "duration": 5.339}, {"path": "sq/16/dur/5.339", "duration": 5.339}, {"path": "sq/17/dur/5.338", "duration": 5.338}, {"path": "sq/18/dur/5.339", "duration": 5.339}, {"path": "sq/19/dur/5.339", "duration": 5.339}, {"path": "sq/20/dur/5.338", "duration": 5.338}, {"path": "sq/21/dur/5.339", "duration": 5.339}, {"path": "sq/22/dur/5.339", "duration": 5.339}, {"path": "sq/23/dur/5.338", "duration": 5.338}, {"path": "sq/24/dur/5.339", "duration": 5.339}, {"path": "sq/25/dur/5.339", "duration": 5.339}, {"path": "sq/26/dur/5.338", "duration": 5.338}, {"path": "sq/27/dur/5.339", "duration": 5.339}, {"path": "sq/28/dur/5.339", "duration": 5.339}, {"path": "sq/29/dur/5.338", "duration": 5.338}, {"path": "sq/30/dur/5.339", "duration": 5.339}, {"path": "sq/31/dur/5.339", "duration": 5.339}, {"path": "sq/32/dur/5.338", "duration": 5.338}, {"path": "sq/33/dur/5.339", "duration": 5.339}, {"path": "sq/34/dur/5.339", "duration": 5.339}, {"path": "sq/35/dur/5.338", "duration": 5.338}, {"path": "sq/36/dur/5.339", "duration": 5.339}, {"path": "sq/37/dur/5.339", "duration": 5.339}, {"path": "sq/38/dur/5.338", "duration": 5.338}, {"path": "sq/39/dur/5.339", "duration": 5.339}, {"path": "sq/40/dur/5.339", "duration": 5.339}, {"path": "sq/41/dur/5.338", "duration": 5.338}, {"path": "sq/42/dur/5.339", "duration": 5.339}, {"path": "sq/43/dur/5.339", "duration": 5.339}, {"path": "sq/44/dur/5.338", "duration": 5.338}, {"path": "sq/45/dur/5.339", "duration": 5.339}, {"path": "sq/46/dur/5.339", "duration": 5.339}, {"path": "sq/47/dur/5.338", "duration": 5.338}, {"path": "sq/48/dur/5.339", "duration": 5.339}, {"path": "sq/49/dur/5.339", "duration": 5.339}, {"path": "sq/50/dur/5.338", "duration": 5.338}, {"path": "sq/51/dur/5.339", "duration": 5.339}, {"path": "sq/52/dur/5.339", "duration": 5.339}, {"path": "sq/53/dur/5.338", "duration": 5.338}, {"path": "sq/54/dur/5.339", "duration": 5.339}, {"path": "sq/55/dur/5.339", "duration": 5.339}, {"path": "sq/56/dur/5.338", "duration": 5.338}, {"path": "sq/57/dur/5.339", "duration": 5.339}, {"path": "sq/58/dur/5.339", "duration": 5.339}, {"path": "sq/59/dur/5.338", "duration": 5.338}, {"path": "sq/60/dur/5.339", "duration": 5.339}, {"path": "sq/61/dur/5.339", "duration": 5.339}, {"path": "sq/62/dur/4.438", "duration": 4.438}], "protocol": "http_dash_segments", "format": "133 - 426x240 (DASH video)", "http_headers": {"User-Agent": "Mozilla/5.0 (Windows NT 10.0; Win64; x64) AppleWebKit/537.36 (KHTML, like Gecko) Chrome/74.0.3729.24 Safari/537.36", "Accept-Charset": "ISO-8859-1,utf-8;q=0.7,*;q=0.7", "Accept": "text/html,application/xhtml+xml,application/xml;q=0.9,*/*;q=0.8", "Accept-Encoding": "gzip, deflate", "Accept-Language": "en-us,en;q=0.5"}}, {"ext": "webm", "height": 360, "format_note": "DASH video", "vcodec": "vp9", "format_id": "243", "manifest_url": "https://manifest.googlevideo.com/api/manifest/dash/expire/1613497691/ei/-7ArYL7sJcGF4gLn_oDoDw/ip/140.109.135.76/id/76e571259a329655/source/youtube/requiressl/yes/playback_host/r7---sn-5njj-u2xl.googlevideo.com/mh/iu/mm/31%2C29/mn/sn-5njj-u2xl%2Csn-un57en7e/ms/au%2Crdu/mv/m/mvi/7/pcm2cms/yes/pl/16/hfr/all/as/fmp4_audio_clear%2Cwebm_audio_clear%2Cwebm2_audio_clear%2Cfmp4_sd_hd_clear%2Cwebm2_sd_hd_clear/initcwndbps/632500/vprv/1/mt/1613475902/fvip/3/keepalive/yes/itag/0/sparams/expire%2Cei%2Cip%2Cid%2Csource%2Crequiressl%2Chfr%2Cas%2Cvprv%2Citag/sig/AOq0QJ8wRQIgKKxIHZLRb3Sm5lQmcCPINtc9b_p1n2YpJ4e-WzS1HQgCIQDpJRCWEt0m7wMO9cYHAt6mZGcR4sb3T-QCbH0cP2mm6g%3D%3D/lsparams/playback_host%2Cmh%2Cmm%2Cmn%2Cms%2Cmv%2Cmvi%2Cpcm2cms%2Cpl%2Cinitcwndbps/lsig/AG3C_xAwRQIgNejBjey0fUGNT0lBywmc9D2s5iJw6O-G1JcFJHEarFoCIQDXCDwiStarl7XH_fQxolDegDQe2v5kgcjtIiKoNPXlrA%3D%3D", "width": 640, "tbr": 405.72, "asr": null, "fps": 30, "language": null, "filesize": null, "container": "webm_dash", "acodec": "none", "url": "https://manifest.googlevideo.com/api/manifest/dash/expire/1613497691/ei/-7ArYL7sJcGF4gLn_oDoDw/ip/140.109.135.76/id/76e571259a329655/source/youtube/requiressl/yes/playback_host/r7---sn-5njj-u2xl.googlevideo.com/mh/iu/mm/31%2C29/mn/sn-5njj-u2xl%2Csn-un57en7e/ms/au%2Crdu/mv/m/mvi/7/pcm2cms/yes/pl/16/hfr/all/as/fmp4_audio_clear%2Cwebm_audio_clear%2Cwebm2_audio_clear%2Cfmp4_sd_hd_clear%2Cwebm2_sd_hd_clear/initcwndbps/632500/vprv/1/mt/1613475902/fvip/3/keepalive/yes/itag/0/sparams/expire%2Cei%2Cip%2Cid%2Csource%2Crequiressl%2Chfr%2Cas%2Cvprv%2Citag/sig/AOq0QJ8wRQIgKKxIHZLRb3Sm5lQmcCPINtc9b_p1n2YpJ4e-WzS1HQgCIQDpJRCWEt0m7wMO9cYHAt6mZGcR4sb3T-QCbH0cP2mm6g%3D%3D/lsparams/playback_host%2Cmh%2Cmm%2Cmn%2Cms%2Cmv%2Cmvi%2Cpcm2cms%2Cpl%2Cinitcwndbps/lsig/AG3C_xAwRQIgNejBjey0fUGNT0lBywmc9D2s5iJw6O-G1JcFJHEarFoCIQDXCDwiStarl7XH_fQxolDegDQe2v5kgcjtIiKoNPXlrA%3D%3D", "fragment_base_url": "https://r7---sn-5njj-u2xl.googlevideo.com/videoplayback/expire/1613497691/ei/-7ArYL7sJcGF4gLn_oDoDw/ip/140.109.135.76/id/76e571259a329655/itag/243/source/yt_otf/requiressl/yes/mh/iu/mm/31,29/mn/sn-5njj-u2xl,sn-un57en7e/ms/au,rdu/mv/m/mvi/7/pcm2cms/yes/pl/16/initcwndbps/632500/vprv/1/ratebypass/yes/mime/video%2Fwebm/otfp/1/otf/1/lmt/1593108338970031/mt/1613475902/fvip/3/keepalive/yes/sparams/expire,ei,ip,id,itag,source,requiressl,vprv,ratebypass,mime,otfp,otf,lmt/sig/AOq0QJ8wRgIhAM5paX0erXi0poZeLulF3-O0vMOOM4vrmF2XNSOgUtcBAiEApbqUgwz4fmKc9eyP598SyxCpPx7-n_YyM0Bh-uXuiMA%3D/lsparams/mh,mm,mn,ms,mv,mvi,pcm2cms,pl,initcwndbps/lsig/AG3C_xAwRQIgHtRPi9voJdpRV-EgRpJAaMYBMPuAOPvHeMFOv1aNVQ4CIQDHeKUhr7BtOdIIJv6-_kNQKjKDWqA2SQhGKAGzBv4T2A%3D%3D/", "fragments": [{"path": "sq/0"}, {"path": "sq/1/dur/5.339", "duration": 5.339}, {"path": "sq/2/dur/5.338", "duration": 5.338}, {"path": "sq/3/dur/5.339", "duration": 5.339}, {"path": "sq/4/dur/5.339", "duration": 5.339}, {"path": "sq/5/dur/5.338", "duration": 5.338}, {"path": "sq/6/dur/5.339", "duration": 5.339}, {"path": "sq/7/dur/5.339", "duration": 5.339}, {"path": "sq/8/dur/5.338", "duration": 5.338}, {"path": "sq/9/dur/5.339", "duration": 5.339}, {"path": "sq/10/dur/5.339", "duration": 5.339}, {"path": "sq/11/dur/5.338", "duration": 5.338}, {"path": "sq/12/dur/5.339", "duration": 5.339}, {"path": "sq/13/dur/5.339", "duration": 5.339}, {"path": "sq/14/dur/5.338", "duration": 5.338}, {"path": "sq/15/dur/5.339", "duration": 5.339}, {"path": "sq/16/dur/5.339", "duration": 5.339}, {"path": "sq/17/dur/5.338", "duration": 5.338}, {"path": "sq/18/dur/5.339", "duration": 5.339}, {"path": "sq/19/dur/5.339", "duration": 5.339}, {"path": "sq/20/dur/5.338", "duration": 5.338}, {"path": "sq/21/dur/5.339", "duration": 5.339}, {"path": "sq/22/dur/5.339", "duration": 5.339}, {"path": "sq/23/dur/5.338", "duration": 5.338}, {"path": "sq/24/dur/5.339", "duration": 5.339}, {"path": "sq/25/dur/5.339", "duration": 5.339}, {"path": "sq/26/dur/5.338", "duration": 5.338}, {"path": "sq/27/dur/5.339", "duration": 5.339}, {"path": "sq/28/dur/5.339", "duration": 5.339}, {"path": "sq/29/dur/5.338", "duration": 5.338}, {"path": "sq/30/dur/5.339", "duration": 5.339}, {"path": "sq/31/dur/5.339", "duration": 5.339}, {"path": "sq/32/dur/5.338", "duration": 5.338}, {"path": "sq/33/dur/5.339", "duration": 5.339}, {"path": "sq/34/dur/5.339", "duration": 5.339}, {"path": "sq/35/dur/5.338", "duration": 5.338}, {"path": "sq/36/dur/5.339", "duration": 5.339}, {"path": "sq/37/dur/5.339", "duration": 5.339}, {"path": "sq/38/dur/5.338", "duration": 5.338}, {"path": "sq/39/dur/5.339", "duration": 5.339}, {"path": "sq/40/dur/5.339", "duration": 5.339}, {"path": "sq/41/dur/5.338", "duration": 5.338}, {"path": "sq/42/dur/5.339", "duration": 5.339}, {"path": "sq/43/dur/5.339", "duration": 5.339}, {"path": "sq/44/dur/5.338", "duration": 5.338}, {"path": "sq/45/dur/5.339", "duration": 5.339}, {"path": "sq/46/dur/5.339", "duration": 5.339}, {"path": "sq/47/dur/5.338", "duration": 5.338}, {"path": "sq/48/dur/5.339", "duration": 5.339}, {"path": "sq/49/dur/5.339", "duration": 5.339}, {"path": "sq/50/dur/5.338", "duration": 5.338}, {"path": "sq/51/dur/5.339", "duration": 5.339}, {"path": "sq/52/dur/5.339", "duration": 5.339}, {"path": "sq/53/dur/5.338", "duration": 5.338}, {"path": "sq/54/dur/5.339", "duration": 5.339}, {"path": "sq/55/dur/5.339", "duration": 5.339}, {"path": "sq/56/dur/5.338", "duration": 5.338}, {"path": "sq/57/dur/5.339", "duration": 5.339}, {"path": "sq/58/dur/5.339", "duration": 5.339}, {"path": "sq/59/dur/5.338", "duration": 5.338}, {"path": "sq/60/dur/5.339", "duration": 5.339}, {"path": "sq/61/dur/5.339", "duration": 5.339}, {"path": "sq/62/dur/4.438", "duration": 4.438}], "protocol": "http_dash_segments", "format": "243 - 640x360 (DASH video)", "http_headers": {"User-Agent": "Mozilla/5.0 (Windows NT 10.0; Win64; x64) AppleWebKit/537.36 (KHTML, like Gecko) Chrome/74.0.3729.24 Safari/537.36", "Accept-Charset": "ISO-8859-1,utf-8;q=0.7,*;q=0.7", "Accept": "text/html,application/xhtml+xml,application/xml;q=0.9,*/*;q=0.8", "Accept-Encoding": "gzip, deflate", "Accept-Language": "en-us,en;q=0.5"}}, {"ext": "mp4", "height": 1080, "format_note": "DASH video", "vcodec": "avc1.640028", "format_id": "137", "manifest_url": "https://manifest.googlevideo.com/api/manifest/dash/expire/1613497691/ei/-7ArYL7sJcGF4gLn_oDoDw/ip/140.109.135.76/id/76e571259a329655/source/youtube/requiressl/yes/playback_host/r7---sn-5njj-u2xl.googlevideo.com/mh/iu/mm/31%2C29/mn/sn-5njj-u2xl%2Csn-un57en7e/ms/au%2Crdu/mv/m/mvi/7/pcm2cms/yes/pl/16/hfr/all/as/fmp4_audio_clear%2Cwebm_audio_clear%2Cwebm2_audio_clear%2Cfmp4_sd_hd_clear%2Cwebm2_sd_hd_clear/initcwndbps/632500/vprv/1/mt/1613475902/fvip/3/keepalive/yes/itag/0/sparams/expire%2Cei%2Cip%2Cid%2Csource%2Crequiressl%2Chfr%2Cas%2Cvprv%2Citag/sig/AOq0QJ8wRQIgKKxIHZLRb3Sm5lQmcCPINtc9b_p1n2YpJ4e-WzS1HQgCIQDpJRCWEt0m7wMO9cYHAt6mZGcR4sb3T-QCbH0cP2mm6g%3D%3D/lsparams/playback_host%2Cmh%2Cmm%2Cmn%2Cms%2Cmv%2Cmvi%2Cpcm2cms%2Cpl%2Cinitcwndbps/lsig/AG3C_xAwRQIgNejBjey0fUGNT0lBywmc9D2s5iJw6O-G1JcFJHEarFoCIQDXCDwiStarl7XH_fQxolDegDQe2v5kgcjtIiKoNPXlrA%3D%3D", "width": 1920, "tbr": 529.565, "asr": null, "fps": 30, "language": null, "filesize": null, "container": "mp4_dash", "acodec": "none", "url": "https://manifest.googlevideo.com/api/manifest/dash/expire/1613497691/ei/-7ArYL7sJcGF4gLn_oDoDw/ip/140.109.135.76/id/76e571259a329655/source/youtube/requiressl/yes/playback_host/r7---sn-5njj-u2xl.googlevideo.com/mh/iu/mm/31%2C29/mn/sn-5njj-u2xl%2Csn-un57en7e/ms/au%2Crdu/mv/m/mvi/7/pcm2cms/yes/pl/16/hfr/all/as/fmp4_audio_clear%2Cwebm_audio_clear%2Cwebm2_audio_clear%2Cfmp4_sd_hd_clear%2Cwebm2_sd_hd_clear/initcwndbps/632500/vprv/1/mt/1613475902/fvip/3/keepalive/yes/itag/0/sparams/expire%2Cei%2Cip%2Cid%2Csource%2Crequiressl%2Chfr%2Cas%2Cvprv%2Citag/sig/AOq0QJ8wRQIgKKxIHZLRb3Sm5lQmcCPINtc9b_p1n2YpJ4e-WzS1HQgCIQDpJRCWEt0m7wMO9cYHAt6mZGcR4sb3T-QCbH0cP2mm6g%3D%3D/lsparams/playback_host%2Cmh%2Cmm%2Cmn%2Cms%2Cmv%2Cmvi%2Cpcm2cms%2Cpl%2Cinitcwndbps/lsig/AG3C_xAwRQIgNejBjey0fUGNT0lBywmc9D2s5iJw6O-G1JcFJHEarFoCIQDXCDwiStarl7XH_fQxolDegDQe2v5kgcjtIiKoNPXlrA%3D%3D", "fragment_base_url": "https://r7---sn-5njj-u2xl.googlevideo.com/videoplayback/expire/1613497691/ei/-7ArYL7sJcGF4gLn_oDoDw/ip/140.109.135.76/id/76e571259a329655/itag/137/source/youtube/requiressl/yes/mh/iu/mm/31,29/mn/sn-5njj-u2xl,sn-un57en7e/ms/au,rdu/mv/m/mvi/7/pcm2cms/yes/pl/16/initcwndbps/632500/vprv/1/ratebypass/yes/mime/video%2Fmp4/otfp/1/gir/yes/clen/19202296/lmt/1593108338970031/dur/330.096/mt/1613475902/fvip/3/keepalive/yes/sparams/expire,ei,ip,id,itag,source,requiressl,vprv,ratebypass,mime,otfp,gir,clen,lmt,dur/sig/AOq0QJ8wRgIhALTqmtMH_5Rl-ku0E3zKkh_g8UMFezcPyEMRvnlBG9B_AiEAovGncWVN5AF6sK7ME6Qr2Yr-QO5hE20wEjjE5FE_PMo%3D/lsparams/mh,mm,mn,ms,mv,mvi,pcm2cms,pl,initcwndbps/lsig/AG3C_xAwRAIgCmStBPvjZQQGD-4Fg3T7rRmYLPlur2Pl2iar_z4b7ucCIH9oFaE-x0QIqytzd2fziDoSHKvfaAZLZn6wCOX7S5qy/", "fragments": [{"path": "range/0-740"}, {"path": "range/1517-201256", "duration": 5.339}, {"path": "range/201257-428973", "duration": 5.338}, {"path": "range/428974-661242", "duration": 5.339}, {"path": "range/661243-896918", "duration": 5.339}, {"path": "range/896919-1137874", "duration": 5.338}, {"path": "range/1137875-1382429", "duration": 5.339}, {"path": "range/1382430-1630217", "duration": 5.339}, {"path": "range/1630218-1882705", "duration": 5.338}, {"path": "range/1882706-2145400", "duration": 5.339}, {"path": "range/2145401-2425683", "duration": 5.339}, {"path": "range/2425684-2711396", "duration": 5.338}, {"path": "range/2711397-3005242", "duration": 5.339}, {"path": "range/3005243-3297359", "duration": 5.339}, {"path": "range/3297360-3595566", "duration": 5.338}, {"path": "range/3595567-3899293", "duration": 5.339}, {"path": "range/3899294-4203238", "duration": 5.339}, {"path": "range/4203239-4509137", "duration": 5.338}, {"path": "range/4509138-4819537", "duration": 5.339}, {"path": "range/4819538-5125865", "duration": 5.339}, {"path": "range/5125866-5434811", "duration": 5.338}, {"path": "range/5434812-5749359", "duration": 5.339}, {"path": "range/5749360-6060783", "duration": 5.339}, {"path": "range/6060784-6371645", "duration": 5.338}, {"path": "range/6371646-6692504", "duration": 5.339}, {"path": "range/6692505-7007724", "duration": 5.339}, {"path": "range/7007725-7323975", "duration": 5.338}, {"path": "range/7323976-7646836", "duration": 5.339}, {"path": "range/7646837-7965675", "duration": 5.339}, {"path": "range/7965676-8284554", "duration": 5.338}, {"path": "range/8284555-8610681", "duration": 5.339}, {"path": "range/8610682-8933145", "duration": 5.339}, {"path": "range/8933146-9256832", "duration": 5.338}, {"path": "range/9256833-9587184", "duration": 5.339}, {"path": "range/9587185-9912309", "duration": 5.339}, {"path": "range/9912310-10237181", "duration": 5.338}, {"path": "range/10237182-10590600", "duration": 5.339}, {"path": "range/10590601-10923790", "duration": 5.339}, {"path": "range/10923791-11258589", "duration": 5.338}, {"path": "range/11258590-11596398", "duration": 5.339}, {"path": "range/11596399-11930587", "duration": 5.339}, {"path": "range/11930588-12266964", "duration": 5.338}, {"path": "range/12266965-12612146", "duration": 5.339}, {"path": "range/12612147-12951521", "duration": 5.339}, {"path": "range/12951522-13292080", "duration": 5.338}, {"path": "range/13292081-13641442", "duration": 5.339}, {"path": "range/13641443-13984786", "duration": 5.339}, {"path": "range/13984787-14328678", "duration": 5.338}, {"path": "range/14328679-14675534", "duration": 5.339}, {"path": "range/14675535-15017337", "duration": 5.339}, {"path": "range/15017338-15358849", "duration": 5.338}, {"path": "range/15358850-15703066", "duration": 5.339}, {"path": "range/15703067-16040263", "duration": 5.339}, {"path": "range/16040264-16376546", "duration": 5.338}, {"path": "range/16376547-16714712", "duration": 5.339}, {"path": "range/16714713-17046650", "duration": 5.339}, {"path": "range/17046651-17374376", "duration": 5.338}, {"path": "range/17374377-17699596", "duration": 5.339}, {"path": "range/17699597-18016237", "duration": 5.339}, {"path": "range/18016238-18331150", "duration": 5.338}, {"path": "range/18331151-18639728", "duration": 5.339}, {"path": "range/18639729-18924684", "duration": 5.339}, {"path": "range/18924685-19202295", "duration": 4.438}], "protocol": "http_dash_segments", "format": "137 - 1920x1080 (DASH video)", "http_headers": {"User-Agent": "Mozilla/5.0 (Windows NT 10.0; Win64; x64) AppleWebKit/537.36 (KHTML, like Gecko) Chrome/74.0.3729.24 Safari/537.36", "Accept-Charset": "ISO-8859-1,utf-8;q=0.7,*;q=0.7", "Accept": "text/html,application/xhtml+xml,application/xml;q=0.9,*/*;q=0.8", "Accept-Encoding": "gzip, deflate", "Accept-Language": "en-us,en;q=0.5"}}, {"ext": "webm", "height": 480, "format_note": "DASH video", "vcodec": "vp9", "format_id": "244", "manifest_url": "https://manifest.googlevideo.com/api/manifest/dash/expire/1613497691/ei/-7ArYL7sJcGF4gLn_oDoDw/ip/140.109.135.76/id/76e571259a329655/source/youtube/requiressl/yes/playback_host/r7---sn-5njj-u2xl.googlevideo.com/mh/iu/mm/31%2C29/mn/sn-5njj-u2xl%2Csn-un57en7e/ms/au%2Crdu/mv/m/mvi/7/pcm2cms/yes/pl/16/hfr/all/as/fmp4_audio_clear%2Cwebm_audio_clear%2Cwebm2_audio_clear%2Cfmp4_sd_hd_clear%2Cwebm2_sd_hd_clear/initcwndbps/632500/vprv/1/mt/1613475902/fvip/3/keepalive/yes/itag/0/sparams/expire%2Cei%2Cip%2Cid%2Csource%2Crequiressl%2Chfr%2Cas%2Cvprv%2Citag/sig/AOq0QJ8wRQIgKKxIHZLRb3Sm5lQmcCPINtc9b_p1n2YpJ4e-WzS1HQgCIQDpJRCWEt0m7wMO9cYHAt6mZGcR4sb3T-QCbH0cP2mm6g%3D%3D/lsparams/playback_host%2Cmh%2Cmm%2Cmn%2Cms%2Cmv%2Cmvi%2Cpcm2cms%2Cpl%2Cinitcwndbps/lsig/AG3C_xAwRQIgNejBjey0fUGNT0lBywmc9D2s5iJw6O-G1JcFJHEarFoCIQDXCDwiStarl7XH_fQxolDegDQe2v5kgcjtIiKoNPXlrA%3D%3D", "width": 854, "tbr": 752.64, "asr": null, "fps": 30, "language": null, "filesize": null, "container": "webm_dash", "acodec": "none", "url": "https://manifest.googlevideo.com/api/manifest/dash/expire/1613497691/ei/-7ArYL7sJcGF4gLn_oDoDw/ip/140.109.135.76/id/76e571259a329655/source/youtube/requiressl/yes/playback_host/r7---sn-5njj-u2xl.googlevideo.com/mh/iu/mm/31%2C29/mn/sn-5njj-u2xl%2Csn-un57en7e/ms/au%2Crdu/mv/m/mvi/7/pcm2cms/yes/pl/16/hfr/all/as/fmp4_audio_clear%2Cwebm_audio_clear%2Cwebm2_audio_clear%2Cfmp4_sd_hd_clear%2Cwebm2_sd_hd_clear/initcwndbps/632500/vprv/1/mt/1613475902/fvip/3/keepalive/yes/itag/0/sparams/expire%2Cei%2Cip%2Cid%2Csource%2Crequiressl%2Chfr%2Cas%2Cvprv%2Citag/sig/AOq0QJ8wRQIgKKxIHZLRb3Sm5lQmcCPINtc9b_p1n2YpJ4e-WzS1HQgCIQDpJRCWEt0m7wMO9cYHAt6mZGcR4sb3T-QCbH0cP2mm6g%3D%3D/lsparams/playback_host%2Cmh%2Cmm%2Cmn%2Cms%2Cmv%2Cmvi%2Cpcm2cms%2Cpl%2Cinitcwndbps/lsig/AG3C_xAwRQIgNejBjey0fUGNT0lBywmc9D2s5iJw6O-G1JcFJHEarFoCIQDXCDwiStarl7XH_fQxolDegDQe2v5kgcjtIiKoNPXlrA%3D%3D", "fragment_base_url": "https://r7---sn-5njj-u2xl.googlevideo.com/videoplayback/expire/1613497691/ei/-7ArYL7sJcGF4gLn_oDoDw/ip/140.109.135.76/id/76e571259a329655/itag/244/source/yt_otf/requiressl/yes/mh/iu/mm/31,29/mn/sn-5njj-u2xl,sn-un57en7e/ms/au,rdu/mv/m/mvi/7/pcm2cms/yes/pl/16/initcwndbps/632500/vprv/1/ratebypass/yes/mime/video%2Fwebm/otfp/1/otf/1/lmt/1593108338970031/mt/1613475902/fvip/3/keepalive/yes/sparams/expire,ei,ip,id,itag,source,requiressl,vprv,ratebypass,mime,otfp,otf,lmt/sig/AOq0QJ8wRgIhAOhsDsXVA-9NsrnCRWHFcFWyBaFEeBVTfFucw1zfgWBwAiEAi4f4G6HdeIpseBw5v5a5T98TontRYVU0-a3GJxrKa_s%3D/lsparams/mh,mm,mn,ms,mv,mvi,pcm2cms,pl,initcwndbps/lsig/AG3C_xAwRgIhAK_12WSpyoky5Qm72jnRtuo_5B0juXqOJRxgGUK6RYFBAiEA5R1AA6uNgYVqQkAPJdbXZd6ifsqomgQWZcgAHpsH1SI%3D/", "fragments": [{"path": "sq/0"}, {"path": "sq/1/dur/5.339", "duration": 5.339}, {"path": "sq/2/dur/5.338", "duration": 5.338}, {"path": "sq/3/dur/5.339", "duration": 5.339}, {"path": "sq/4/dur/5.339", "duration": 5.339}, {"path": "sq/5/dur/5.338", "duration": 5.338}, {"path": "sq/6/dur/5.339", "duration": 5.339}, {"path": "sq/7/dur/5.339", "duration": 5.339}, {"path": "sq/8/dur/5.338", "duration": 5.338}, {"path": "sq/9/dur/5.339", "duration": 5.339}, {"path": "sq/10/dur/5.339", "duration": 5.339}, {"path": "sq/11/dur/5.338", "duration": 5.338}, {"path": "sq/12/dur/5.339", "duration": 5.339}, {"path": "sq/13/dur/5.339", "duration": 5.339}, {"path": "sq/14/dur/5.338", "duration": 5.338}, {"path": "sq/15/dur/5.339", "duration": 5.339}, {"path": "sq/16/dur/5.339", "duration": 5.339}, {"path": "sq/17/dur/5.338", "duration": 5.338}, {"path": "sq/18/dur/5.339", "duration": 5.339}, {"path": "sq/19/dur/5.339", "duration": 5.339}, {"path": "sq/20/dur/5.338", "duration": 5.338}, {"path": "sq/21/dur/5.339", "duration": 5.339}, {"path": "sq/22/dur/5.339", "duration": 5.339}, {"path": "sq/23/dur/5.338", "duration": 5.338}, {"path": "sq/24/dur/5.339", "duration": 5.339}, {"path": "sq/25/dur/5.339", "duration": 5.339}, {"path": "sq/26/dur/5.338", "duration": 5.338}, {"path": "sq/27/dur/5.339", "duration": 5.339}, {"path": "sq/28/dur/5.339", "duration": 5.339}, {"path": "sq/29/dur/5.338", "duration": 5.338}, {"path": "sq/30/dur/5.339", "duration": 5.339}, {"path": "sq/31/dur/5.339", "duration": 5.339}, {"path": "sq/32/dur/5.338", "duration": 5.338}, {"path": "sq/33/dur/5.339", "duration": 5.339}, {"path": "sq/34/dur/5.339", "duration": 5.339}, {"path": "sq/35/dur/5.338", "duration": 5.338}, {"path": "sq/36/dur/5.339", "duration": 5.339}, {"path": "sq/37/dur/5.339", "duration": 5.339}, {"path": "sq/38/dur/5.338", "duration": 5.338}, {"path": "sq/39/dur/5.339", "duration": 5.339}, {"path": "sq/40/dur/5.339", "duration": 5.339}, {"path": "sq/41/dur/5.338", "duration": 5.338}, {"path": "sq/42/dur/5.339", "duration": 5.339}, {"path": "sq/43/dur/5.339", "duration": 5.339}, {"path": "sq/44/dur/5.338", "duration": 5.338}, {"path": "sq/45/dur/5.339", "duration": 5.339}, {"path": "sq/46/dur/5.339", "duration": 5.339}, {"path": "sq/47/dur/5.338", "duration": 5.338}, {"path": "sq/48/dur/5.339", "duration": 5.339}, {"path": "sq/49/dur/5.339", "duration": 5.339}, {"path": "sq/50/dur/5.338", "duration": 5.338}, {"path": "sq/51/dur/5.339", "duration": 5.339}, {"path": "sq/52/dur/5.339", "duration": 5.339}, {"path": "sq/53/dur/5.338", "duration": 5.338}, {"path": "sq/54/dur/5.339", "duration": 5.339}, {"path": "sq/55/dur/5.339", "duration": 5.339}, {"path": "sq/56/dur/5.338", "duration": 5.338}, {"path": "sq/57/dur/5.339", "duration": 5.339}, {"path": "sq/58/dur/5.339", "duration": 5.339}, {"path": "sq/59/dur/5.338", "duration": 5.338}, {"path": "sq/60/dur/5.339", "duration": 5.339}, {"path": "sq/61/dur/5.339", "duration": 5.339}, {"path": "sq/62/dur/4.438", "duration": 4.438}], "protocol": "http_dash_segments", "format": "244 - 854x480 (DASH video)", "http_headers": {"User-Agent": "Mozilla/5.0 (Windows NT 10.0; Win64; x64) AppleWebKit/537.36 (KHTML, like Gecko) Chrome/74.0.3729.24 Safari/537.36", "Accept-Charset": "ISO-8859-1,utf-8;q=0.7,*;q=0.7", "Accept": "text/html,application/xhtml+xml,application/xml;q=0.9,*/*;q=0.8", "Accept-Encoding": "gzip, deflate", "Accept-Language": "en-us,en;q=0.5"}}, {"ext": "mp4", "height": 480, "format_note": "DASH video", "vcodec": "avc1.4d4014", "format_id": "135", "manifest_url": "https://manifest.googlevideo.com/api/manifest/dash/expire/1613497691/ei/-7ArYL7sJcGF4gLn_oDoDw/ip/140.109.135.76/id/76e571259a329655/source/youtube/requiressl/yes/playback_host/r7---sn-5njj-u2xl.googlevideo.com/mh/iu/mm/31%2C29/mn/sn-5njj-u2xl%2Csn-un57en7e/ms/au%2Crdu/mv/m/mvi/7/pcm2cms/yes/pl/16/hfr/all/as/fmp4_audio_clear%2Cwebm_audio_clear%2Cwebm2_audio_clear%2Cfmp4_sd_hd_clear%2Cwebm2_sd_hd_clear/initcwndbps/632500/vprv/1/mt/1613475902/fvip/3/keepalive/yes/itag/0/sparams/expire%2Cei%2Cip%2Cid%2Csource%2Crequiressl%2Chfr%2Cas%2Cvprv%2Citag/sig/AOq0QJ8wRQIgKKxIHZLRb3Sm5lQmcCPINtc9b_p1n2YpJ4e-WzS1HQgCIQDpJRCWEt0m7wMO9cYHAt6mZGcR4sb3T-QCbH0cP2mm6g%3D%3D/lsparams/playback_host%2Cmh%2Cmm%2Cmn%2Cms%2Cmv%2Cmvi%2Cpcm2cms%2Cpl%2Cinitcwndbps/lsig/AG3C_xAwRQIgNejBjey0fUGNT0lBywmc9D2s5iJw6O-G1JcFJHEarFoCIQDXCDwiStarl7XH_fQxolDegDQe2v5kgcjtIiKoNPXlrA%3D%3D", "width": 854, "tbr": 1155.0, "asr": null, "fps": 30, "language": null, "filesize": null, "container": "mp4_dash", "acodec": "none", "url": "https://manifest.googlevideo.com/api/manifest/dash/expire/1613497691/ei/-7ArYL7sJcGF4gLn_oDoDw/ip/140.109.135.76/id/76e571259a329655/source/youtube/requiressl/yes/playback_host/r7---sn-5njj-u2xl.googlevideo.com/mh/iu/mm/31%2C29/mn/sn-5njj-u2xl%2Csn-un57en7e/ms/au%2Crdu/mv/m/mvi/7/pcm2cms/yes/pl/16/hfr/all/as/fmp4_audio_clear%2Cwebm_audio_clear%2Cwebm2_audio_clear%2Cfmp4_sd_hd_clear%2Cwebm2_sd_hd_clear/initcwndbps/632500/vprv/1/mt/1613475902/fvip/3/keepalive/yes/itag/0/sparams/expire%2Cei%2Cip%2Cid%2Csource%2Crequiressl%2Chfr%2Cas%2Cvprv%2Citag/sig/AOq0QJ8wRQIgKKxIHZLRb3Sm5lQmcCPINtc9b_p1n2YpJ4e-WzS1HQgCIQDpJRCWEt0m7wMO9cYHAt6mZGcR4sb3T-QCbH0cP2mm6g%3D%3D/lsparams/playback_host%2Cmh%2Cmm%2Cmn%2Cms%2Cmv%2Cmvi%2Cpcm2cms%2Cpl%2Cinitcwndbps/lsig/AG3C_xAwRQIgNejBjey0fUGNT0lBywmc9D2s5iJw6O-G1JcFJHEarFoCIQDXCDwiStarl7XH_fQxolDegDQe2v5kgcjtIiKoNPXlrA%3D%3D", "fragment_base_url": "https://r7---sn-5njj-u2xl.googlevideo.com/videoplayback/expire/1613497691/ei/-7ArYL7sJcGF4gLn_oDoDw/ip/140.109.135.76/id/76e571259a329655/itag/135/source/yt_otf/requiressl/yes/mh/iu/mm/31,29/mn/sn-5njj-u2xl,sn-un57en7e/ms/au,rdu/mv/m/mvi/7/pcm2cms/yes/pl/16/initcwndbps/632500/vprv/1/ratebypass/yes/mime/video%2Fmp4/otfp/1/otf/1/lmt/1593108338970031/mt/1613475902/fvip/3/keepalive/yes/sparams/expire,ei,ip,id,itag,source,requiressl,vprv,ratebypass,mime,otfp,otf,lmt/sig/AOq0QJ8wRgIhAOAdfxAB19eIbYQo_l5vB61bQsHcfrjHjwRYFzYwQFL3AiEAtWAdukSR6__W3BH2MJ_Nzqs2WsfhHmECzD0K2ULyQYs%3D/lsparams/mh,mm,mn,ms,mv,mvi,pcm2cms,pl,initcwndbps/lsig/AG3C_xAwRAIgQ3UAhcXkf1eCLnwg6LCYKFwzkI37NxLtDZRjMj8XNhMCIGNR4dzcEm7FaaFj0oLboLiK7xcqaeg2aLdG0M5uXQ6s/", "fragments": [{"path": "sq/0"}, {"path": "sq/1/dur/5.339", "duration": 5.339}, {"path": "sq/2/dur/5.338", "duration": 5.338}, {"path": "sq/3/dur/5.339", "duration": 5.339}, {"path": "sq/4/dur/5.339", "duration": 5.339}, {"path": "sq/5/dur/5.338", "duration": 5.338}, {"path": "sq/6/dur/5.339", "duration": 5.339}, {"path": "sq/7/dur/5.339", "duration": 5.339}, {"path": "sq/8/dur/5.338", "duration": 5.338}, {"path": "sq/9/dur/5.339", "duration": 5.339}, {"path": "sq/10/dur/5.339", "duration": 5.339}, {"path": "sq/11/dur/5.338", "duration": 5.338}, {"path": "sq/12/dur/5.339", "duration": 5.339}, {"path": "sq/13/dur/5.339", "duration": 5.339}, {"path": "sq/14/dur/5.338", "duration": 5.338}, {"path": "sq/15/dur/5.339", "duration": 5.339}, {"path": "sq/16/dur/5.339", "duration": 5.339}, {"path": "sq/17/dur/5.338", "duration": 5.338}, {"path": "sq/18/dur/5.339", "duration": 5.339}, {"path": "sq/19/dur/5.339", "duration": 5.339}, {"path": "sq/20/dur/5.338", "duration": 5.338}, {"path": "sq/21/dur/5.339", "duration": 5.339}, {"path": "sq/22/dur/5.339", "duration": 5.339}, {"path": "sq/23/dur/5.338", "duration": 5.338}, {"path": "sq/24/dur/5.339", "duration": 5.339}, {"path": "sq/25/dur/5.339", "duration": 5.339}, {"path": "sq/26/dur/5.338", "duration": 5.338}, {"path": "sq/27/dur/5.339", "duration": 5.339}, {"path": "sq/28/dur/5.339", "duration": 5.339}, {"path": "sq/29/dur/5.338", "duration": 5.338}, {"path": "sq/30/dur/5.339", "duration": 5.339}, {"path": "sq/31/dur/5.339", "duration": 5.339}, {"path": "sq/32/dur/5.338", "duration": 5.338}, {"path": "sq/33/dur/5.339", "duration": 5.339}, {"path": "sq/34/dur/5.339", "duration": 5.339}, {"path": "sq/35/dur/5.338", "duration": 5.338}, {"path": "sq/36/dur/5.339", "duration": 5.339}, {"path": "sq/37/dur/5.339", "duration": 5.339}, {"path": "sq/38/dur/5.338", "duration": 5.338}, {"path": "sq/39/dur/5.339", "duration": 5.339}, {"path": "sq/40/dur/5.339", "duration": 5.339}, {"path": "sq/41/dur/5.338", "duration": 5.338}, {"path": "sq/42/dur/5.339", "duration": 5.339}, {"path": "sq/43/dur/5.339", "duration": 5.339}, {"path": "sq/44/dur/5.338", "duration": 5.338}, {"path": "sq/45/dur/5.339", "duration": 5.339}, {"path": "sq/46/dur/5.339", "duration": 5.339}, {"path": "sq/47/dur/5.338", "duration": 5.338}, {"path": "sq/48/dur/5.339", "duration": 5.339}, {"path": "sq/49/dur/5.339", "duration": 5.339}, {"path": "sq/50/dur/5.338", "duration": 5.338}, {"path": "sq/51/dur/5.339", "duration": 5.339}, {"path": "sq/52/dur/5.339", "duration": 5.339}, {"path": "sq/53/dur/5.338", "duration": 5.338}, {"path": "sq/54/dur/5.339", "duration": 5.339}, {"path": "sq/55/dur/5.339", "duration": 5.339}, {"path": "sq/56/dur/5.338", "duration": 5.338}, {"path": "sq/57/dur/5.339", "duration": 5.339}, {"path": "sq/58/dur/5.339", "duration": 5.339}, {"path": "sq/59/dur/5.338", "duration": 5.338}, {"path": "sq/60/dur/5.339", "duration": 5.339}, {"path": "sq/61/dur/5.339", "duration": 5.339}, {"path": "sq/62/dur/4.438", "duration": 4.438}], "protocol": "http_dash_segments", "format": "135 - 854x480 (DASH video)", "http_headers": {"User-Agent": "Mozilla/5.0 (Windows NT 10.0; Win64; x64) AppleWebKit/537.36 (KHTML, like Gecko) Chrome/74.0.3729.24 Safari/537.36", "Accept-Charset": "ISO-8859-1,utf-8;q=0.7,*;q=0.7", "Accept": "text/html,application/xhtml+xml,application/xml;q=0.9,*/*;q=0.8", "Accept-Encoding": "gzip, deflate", "Accept-Language": "en-us,en;q=0.5"}}, {"ext": "webm", "height": 720, "format_note": "DASH video", "vcodec": "vp9", "format_id": "247", "manifest_url": "https://manifest.googlevideo.com/api/manifest/dash/expire/1613497691/ei/-7ArYL7sJcGF4gLn_oDoDw/ip/140.109.135.76/id/76e571259a329655/source/youtube/requiressl/yes/playback_host/r7---sn-5njj-u2xl.googlevideo.com/mh/iu/mm/31%2C29/mn/sn-5njj-u2xl%2Csn-un57en7e/ms/au%2Crdu/mv/m/mvi/7/pcm2cms/yes/pl/16/hfr/all/as/fmp4_audio_clear%2Cwebm_audio_clear%2Cwebm2_audio_clear%2Cfmp4_sd_hd_clear%2Cwebm2_sd_hd_clear/initcwndbps/632500/vprv/1/mt/1613475902/fvip/3/keepalive/yes/itag/0/sparams/expire%2Cei%2Cip%2Cid%2Csource%2Crequiressl%2Chfr%2Cas%2Cvprv%2Citag/sig/AOq0QJ8wRQIgKKxIHZLRb3Sm5lQmcCPINtc9b_p1n2YpJ4e-WzS1HQgCIQDpJRCWEt0m7wMO9cYHAt6mZGcR4sb3T-QCbH0cP2mm6g%3D%3D/lsparams/playback_host%2Cmh%2Cmm%2Cmn%2Cms%2Cmv%2Cmvi%2Cpcm2cms%2Cpl%2Cinitcwndbps/lsig/AG3C_xAwRQIgNejBjey0fUGNT0lBywmc9D2s5iJw6O-G1JcFJHEarFoCIQDXCDwiStarl7XH_fQxolDegDQe2v5kgcjtIiKoNPXlrA%3D%3D", "width": 1280, "tbr": 1505.28, "asr": null, "fps": 30, "language": null, "filesize": null, "container": "webm_dash", "acodec": "none", "url": "https://manifest.googlevideo.com/api/manifest/dash/expire/1613497691/ei/-7ArYL7sJcGF4gLn_oDoDw/ip/140.109.135.76/id/76e571259a329655/source/youtube/requiressl/yes/playback_host/r7---sn-5njj-u2xl.googlevideo.com/mh/iu/mm/31%2C29/mn/sn-5njj-u2xl%2Csn-un57en7e/ms/au%2Crdu/mv/m/mvi/7/pcm2cms/yes/pl/16/hfr/all/as/fmp4_audio_clear%2Cwebm_audio_clear%2Cwebm2_audio_clear%2Cfmp4_sd_hd_clear%2Cwebm2_sd_hd_clear/initcwndbps/632500/vprv/1/mt/1613475902/fvip/3/keepalive/yes/itag/0/sparams/expire%2Cei%2Cip%2Cid%2Csource%2Crequiressl%2Chfr%2Cas%2Cvprv%2Citag/sig/AOq0QJ8wRQIgKKxIHZLRb3Sm5lQmcCPINtc9b_p1n2YpJ4e-WzS1HQgCIQDpJRCWEt0m7wMO9cYHAt6mZGcR4sb3T-QCbH0cP2mm6g%3D%3D/lsparams/playback_host%2Cmh%2Cmm%2Cmn%2Cms%2Cmv%2Cmvi%2Cpcm2cms%2Cpl%2Cinitcwndbps/lsig/AG3C_xAwRQIgNejBjey0fUGNT0lBywmc9D2s5iJw6O-G1JcFJHEarFoCIQDXCDwiStarl7XH_fQxolDegDQe2v5kgcjtIiKoNPXlrA%3D%3D", "fragment_base_url": "https://r7---sn-5njj-u2xl.googlevideo.com/videoplayback/expire/1613497691/ei/-7ArYL7sJcGF4gLn_oDoDw/ip/140.109.135.76/id/76e571259a329655/itag/247/source/yt_otf/requiressl/yes/mh/iu/mm/31,29/mn/sn-5njj-u2xl,sn-un57en7e/ms/au,rdu/mv/m/mvi/7/pcm2cms/yes/pl/16/initcwndbps/632500/vprv/1/ratebypass/yes/mime/video%2Fwebm/otfp/1/otf/1/lmt/1593108338970031/mt/1613475902/fvip/3/keepalive/yes/sparams/expire,ei,ip,id,itag,source,requiressl,vprv,ratebypass,mime,otfp,otf,lmt/sig/AOq0QJ8wRgIhAMYFGF30TGaunp9V8BYfjpcoqgr6FrSBDzTeBb58Sp00AiEA9KakyENgP6amTwDCm41jTMyM6sTzmOxF_3kXuPN9d00%3D/lsparams/mh,mm,mn,ms,mv,mvi,pcm2cms,pl,initcwndbps/lsig/AG3C_xAwRAIgcSN4mMmSt0i0T6Q7Lev73VG9OBUUsmqfJvo6pUya8rECICgRjOx57di2N2Tre2EIt5Zq8bfFMBZIxDd-ObCPakD8/", "fragments": [{"path": "sq/0"}, {"path": "sq/1/dur/5.339", "duration": 5.339}, {"path": "sq/2/dur/5.338", "duration": 5.338}, {"path": "sq/3/dur/5.339", "duration": 5.339}, {"path": "sq/4/dur/5.339", "duration": 5.339}, {"path": "sq/5/dur/5.338", "duration": 5.338}, {"path": "sq/6/dur/5.339", "duration": 5.339}, {"path": "sq/7/dur/5.339", "duration": 5.339}, {"path": "sq/8/dur/5.338", "duration": 5.338}, {"path": "sq/9/dur/5.339", "duration": 5.339}, {"path": "sq/10/dur/5.339", "duration": 5.339}, {"path": "sq/11/dur/5.338", "duration": 5.338}, {"path": "sq/12/dur/5.339", "duration": 5.339}, {"path": "sq/13/dur/5.339", "duration": 5.339}, {"path": "sq/14/dur/5.338", "duration": 5.338}, {"path": "sq/15/dur/5.339", "duration": 5.339}, {"path": "sq/16/dur/5.339", "duration": 5.339}, {"path": "sq/17/dur/5.338", "duration": 5.338}, {"path": "sq/18/dur/5.339", "duration": 5.339}, {"path": "sq/19/dur/5.339", "duration": 5.339}, {"path": "sq/20/dur/5.338", "duration": 5.338}, {"path": "sq/21/dur/5.339", "duration": 5.339}, {"path": "sq/22/dur/5.339", "duration": 5.339}, {"path": "sq/23/dur/5.338", "duration": 5.338}, {"path": "sq/24/dur/5.339", "duration": 5.339}, {"path": "sq/25/dur/5.339", "duration": 5.339}, {"path": "sq/26/dur/5.338", "duration": 5.338}, {"path": "sq/27/dur/5.339", "duration": 5.339}, {"path": "sq/28/dur/5.339", "duration": 5.339}, {"path": "sq/29/dur/5.338", "duration": 5.338}, {"path": "sq/30/dur/5.339", "duration": 5.339}, {"path": "sq/31/dur/5.339", "duration": 5.339}, {"path": "sq/32/dur/5.338", "duration": 5.338}, {"path": "sq/33/dur/5.339", "duration": 5.339}, {"path": "sq/34/dur/5.339", "duration": 5.339}, {"path": "sq/35/dur/5.338", "duration": 5.338}, {"path": "sq/36/dur/5.339", "duration": 5.339}, {"path": "sq/37/dur/5.339", "duration": 5.339}, {"path": "sq/38/dur/5.338", "duration": 5.338}, {"path": "sq/39/dur/5.339", "duration": 5.339}, {"path": "sq/40/dur/5.339", "duration": 5.339}, {"path": "sq/41/dur/5.338", "duration": 5.338}, {"path": "sq/42/dur/5.339", "duration": 5.339}, {"path": "sq/43/dur/5.339", "duration": 5.339}, {"path": "sq/44/dur/5.338", "duration": 5.338}, {"path": "sq/45/dur/5.339", "duration": 5.339}, {"path": "sq/46/dur/5.339", "duration": 5.339}, {"path": "sq/47/dur/5.338", "duration": 5.338}, {"path": "sq/48/dur/5.339", "duration": 5.339}, {"path": "sq/49/dur/5.339", "duration": 5.339}, {"path": "sq/50/dur/5.338", "duration": 5.338}, {"path": "sq/51/dur/5.339", "duration": 5.339}, {"path": "sq/52/dur/5.339", "duration": 5.339}, {"path": "sq/53/dur/5.338", "duration": 5.338}, {"path": "sq/54/dur/5.339", "duration": 5.339}, {"path": "sq/55/dur/5.339", "duration": 5.339}, {"path": "sq/56/dur/5.338", "duration": 5.338}, {"path": "sq/57/dur/5.339", "duration": 5.339}, {"path": "sq/58/dur/5.339", "duration": 5.339}, {"path": "sq/59/dur/5.338", "duration": 5.338}, {"path": "sq/60/dur/5.339", "duration": 5.339}, {"path": "sq/61/dur/5.339", "duration": 5.339}, {"path": "sq/62/dur/4.438", "duration": 4.438}], "protocol": "http_dash_segments", "format": "247 - 1280x720 (DASH video)", "http_headers": {"User-Agent": "Mozilla/5.0 (Windows NT 10.0; Win64; x64) AppleWebKit/537.36 (KHTML, like Gecko) Chrome/74.0.3729.24 Safari/537.36", "Accept-Charset": "ISO-8859-1,utf-8;q=0.7,*;q=0.7", "Accept": "text/html,application/xhtml+xml,application/xml;q=0.9,*/*;q=0.8", "Accept-Encoding": "gzip, deflate", "Accept-Language": "en-us,en;q=0.5"}}, {"ext": "mp4", "height": 720, "format_note": "DASH video", "vcodec": "avc1.4d4016", "format_id": "136", "manifest_url": "https://manifest.googlevideo.com/api/manifest/dash/expire/1613497691/ei/-7ArYL7sJcGF4gLn_oDoDw/ip/140.109.135.76/id/76e571259a329655/source/youtube/requiressl/yes/playback_host/r7---sn-5njj-u2xl.googlevideo.com/mh/iu/mm/31%2C29/mn/sn-5njj-u2xl%2Csn-un57en7e/ms/au%2Crdu/mv/m/mvi/7/pcm2cms/yes/pl/16/hfr/all/as/fmp4_audio_clear%2Cwebm_audio_clear%2Cwebm2_audio_clear%2Cfmp4_sd_hd_clear%2Cwebm2_sd_hd_clear/initcwndbps/632500/vprv/1/mt/1613475902/fvip/3/keepalive/yes/itag/0/sparams/expire%2Cei%2Cip%2Cid%2Csource%2Crequiressl%2Chfr%2Cas%2Cvprv%2Citag/sig/AOq0QJ8wRQIgKKxIHZLRb3Sm5lQmcCPINtc9b_p1n2YpJ4e-WzS1HQgCIQDpJRCWEt0m7wMO9cYHAt6mZGcR4sb3T-QCbH0cP2mm6g%3D%3D/lsparams/playback_host%2Cmh%2Cmm%2Cmn%2Cms%2Cmv%2Cmvi%2Cpcm2cms%2Cpl%2Cinitcwndbps/lsig/AG3C_xAwRQIgNejBjey0fUGNT0lBywmc9D2s5iJw6O-G1JcFJHEarFoCIQDXCDwiStarl7XH_fQxolDegDQe2v5kgcjtIiKoNPXlrA%3D%3D", "width": 1280, "tbr": 2310.0, "asr": null, "fps": 30, "language": null, "filesize": null, "container": "mp4_dash", "acodec": "none", "url": "https://manifest.googlevideo.com/api/manifest/dash/expire/1613497691/ei/-7ArYL7sJcGF4gLn_oDoDw/ip/140.109.135.76/id/76e571259a329655/source/youtube/requiressl/yes/playback_host/r7---sn-5njj-u2xl.googlevideo.com/mh/iu/mm/31%2C29/mn/sn-5njj-u2xl%2Csn-un57en7e/ms/au%2Crdu/mv/m/mvi/7/pcm2cms/yes/pl/16/hfr/all/as/fmp4_audio_clear%2Cwebm_audio_clear%2Cwebm2_audio_clear%2Cfmp4_sd_hd_clear%2Cwebm2_sd_hd_clear/initcwndbps/632500/vprv/1/mt/1613475902/fvip/3/keepalive/yes/itag/0/sparams/expire%2Cei%2Cip%2Cid%2Csource%2Crequiressl%2Chfr%2Cas%2Cvprv%2Citag/sig/AOq0QJ8wRQIgKKxIHZLRb3Sm5lQmcCPINtc9b_p1n2YpJ4e-WzS1HQgCIQDpJRCWEt0m7wMO9cYHAt6mZGcR4sb3T-QCbH0cP2mm6g%3D%3D/lsparams/playback_host%2Cmh%2Cmm%2Cmn%2Cms%2Cmv%2Cmvi%2Cpcm2cms%2Cpl%2Cinitcwndbps/lsig/AG3C_xAwRQIgNejBjey0fUGNT0lBywmc9D2s5iJw6O-G1JcFJHEarFoCIQDXCDwiStarl7XH_fQxolDegDQe2v5kgcjtIiKoNPXlrA%3D%3D", "fragment_base_url": "https://r7---sn-5njj-u2xl.googlevideo.com/videoplayback/expire/1613497691/ei/-7ArYL7sJcGF4gLn_oDoDw/ip/140.109.135.76/id/76e571259a329655/itag/136/source/yt_otf/requiressl/yes/mh/iu/mm/31,29/mn/sn-5njj-u2xl,sn-un57en7e/ms/au,rdu/mv/m/mvi/7/pcm2cms/yes/pl/16/initcwndbps/632500/vprv/1/ratebypass/yes/mime/video%2Fmp4/otfp/1/otf/1/lmt/1593108338970031/mt/1613475902/fvip/3/keepalive/yes/sparams/expire,ei,ip,id,itag,source,requiressl,vprv,ratebypass,mime,otfp,otf,lmt/sig/AOq0QJ8wRQIhAP-MVePIgC-wpiD1vGzs7yy-WLdIXEnYIrqlHCRSdbozAiBZkQsUoVH2rK0vJZ-EMhFJ7OBi8MtFvWYERQvKNjVxrg%3D%3D/lsparams/mh,mm,mn,ms,mv,mvi,pcm2cms,pl,initcwndbps/lsig/AG3C_xAwRAIgTj3lDkFE5PfOSpf4l2sO6dsp3CxtZSjQr_cpHFEwOE8CIAf3pad8WJi_7UnlZN88MX36gm_dSNAPwA9vyV-k-nY7/", "fragments": [{"path": "sq/0"}, {"path": "sq/1/dur/5.339", "duration": 5.339}, {"path": "sq/2/dur/5.338", "duration": 5.338}, {"path": "sq/3/dur/5.339", "duration": 5.339}, {"path": "sq/4/dur/5.339", "duration": 5.339}, {"path": "sq/5/dur/5.338", "duration": 5.338}, {"path": "sq/6/dur/5.339", "duration": 5.339}, {"path": "sq/7/dur/5.339", "duration": 5.339}, {"path": "sq/8/dur/5.338", "duration": 5.338}, {"path": "sq/9/dur/5.339", "duration": 5.339}, {"path": "sq/10/dur/5.339", "duration": 5.339}, {"path": "sq/11/dur/5.338", "duration": 5.338}, {"path": "sq/12/dur/5.339", "duration": 5.339}, {"path": "sq/13/dur/5.339", "duration": 5.339}, {"path": "sq/14/dur/5.338", "duration": 5.338}, {"path": "sq/15/dur/5.339", "duration": 5.339}, {"path": "sq/16/dur/5.339", "duration": 5.339}, {"path": "sq/17/dur/5.338", "duration": 5.338}, {"path": "sq/18/dur/5.339", "duration": 5.339}, {"path": "sq/19/dur/5.339", "duration": 5.339}, {"path": "sq/20/dur/5.338", "duration": 5.338}, {"path": "sq/21/dur/5.339", "duration": 5.339}, {"path": "sq/22/dur/5.339", "duration": 5.339}, {"path": "sq/23/dur/5.338", "duration": 5.338}, {"path": "sq/24/dur/5.339", "duration": 5.339}, {"path": "sq/25/dur/5.339", "duration": 5.339}, {"path": "sq/26/dur/5.338", "duration": 5.338}, {"path": "sq/27/dur/5.339", "duration": 5.339}, {"path": "sq/28/dur/5.339", "duration": 5.339}, {"path": "sq/29/dur/5.338", "duration": 5.338}, {"path": "sq/30/dur/5.339", "duration": 5.339}, {"path": "sq/31/dur/5.339", "duration": 5.339}, {"path": "sq/32/dur/5.338", "duration": 5.338}, {"path": "sq/33/dur/5.339", "duration": 5.339}, {"path": "sq/34/dur/5.339", "duration": 5.339}, {"path": "sq/35/dur/5.338", "duration": 5.338}, {"path": "sq/36/dur/5.339", "duration": 5.339}, {"path": "sq/37/dur/5.339", "duration": 5.339}, {"path": "sq/38/dur/5.338", "duration": 5.338}, {"path": "sq/39/dur/5.339", "duration": 5.339}, {"path": "sq/40/dur/5.339", "duration": 5.339}, {"path": "sq/41/dur/5.338", "duration": 5.338}, {"path": "sq/42/dur/5.339", "duration": 5.339}, {"path": "sq/43/dur/5.339", "duration": 5.339}, {"path": "sq/44/dur/5.338", "duration": 5.338}, {"path": "sq/45/dur/5.339", "duration": 5.339}, {"path": "sq/46/dur/5.339", "duration": 5.339}, {"path": "sq/47/dur/5.338", "duration": 5.338}, {"path": "sq/48/dur/5.339", "duration": 5.339}, {"path": "sq/49/dur/5.339", "duration": 5.339}, {"path": "sq/50/dur/5.338", "duration": 5.338}, {"path": "sq/51/dur/5.339", "duration": 5.339}, {"path": "sq/52/dur/5.339", "duration": 5.339}, {"path": "sq/53/dur/5.338", "duration": 5.338}, {"path": "sq/54/dur/5.339", "duration": 5.339}, {"path": "sq/55/dur/5.339", "duration": 5.339}, {"path": "sq/56/dur/5.338", "duration": 5.338}, {"path": "sq/57/dur/5.339", "duration": 5.339}, {"path": "sq/58/dur/5.339", "duration": 5.339}, {"path": "sq/59/dur/5.338", "duration": 5.338}, {"path": "sq/60/dur/5.339", "duration": 5.339}, {"path": "sq/61/dur/5.339", "duration": 5.339}, {"path": "sq/62/dur/4.438", "duration": 4.438}], "protocol": "http_dash_segments", "format": "136 - 1280x720 (DASH video)", "http_headers": {"User-Agent": "Mozilla/5.0 (Windows NT 10.0; Win64; x64) AppleWebKit/537.36 (KHTML, like Gecko) Chrome/74.0.3729.24 Safari/537.36", "Accept-Charset": "ISO-8859-1,utf-8;q=0.7,*;q=0.7", "Accept": "text/html,application/xhtml+xml,application/xml;q=0.9,*/*;q=0.8", "Accept-Encoding": "gzip, deflate", "Accept-Language": "en-us,en;q=0.5"}}, {"ext": "webm", "height": 1080, "format_note": "DASH video", "vcodec": "vp9", "format_id": "248", "manifest_url": "https://manifest.googlevideo.com/api/manifest/dash/expire/1613497691/ei/-7ArYL7sJcGF4gLn_oDoDw/ip/140.109.135.76/id/76e571259a329655/source/youtube/requiressl/yes/playback_host/r7---sn-5njj-u2xl.googlevideo.com/mh/iu/mm/31%2C29/mn/sn-5njj-u2xl%2Csn-un57en7e/ms/au%2Crdu/mv/m/mvi/7/pcm2cms/yes/pl/16/hfr/all/as/fmp4_audio_clear%2Cwebm_audio_clear%2Cwebm2_audio_clear%2Cfmp4_sd_hd_clear%2Cwebm2_sd_hd_clear/initcwndbps/632500/vprv/1/mt/1613475902/fvip/3/keepalive/yes/itag/0/sparams/expire%2Cei%2Cip%2Cid%2Csource%2Crequiressl%2Chfr%2Cas%2Cvprv%2Citag/sig/AOq0QJ8wRQIgKKxIHZLRb3Sm5lQmcCPINtc9b_p1n2YpJ4e-WzS1HQgCIQDpJRCWEt0m7wMO9cYHAt6mZGcR4sb3T-QCbH0cP2mm6g%3D%3D/lsparams/playback_host%2Cmh%2Cmm%2Cmn%2Cms%2Cmv%2Cmvi%2Cpcm2cms%2Cpl%2Cinitcwndbps/lsig/AG3C_xAwRQIgNejBjey0fUGNT0lBywmc9D2s5iJw6O-G1JcFJHEarFoCIQDXCDwiStarl7XH_fQxolDegDQe2v5kgcjtIiKoNPXlrA%3D%3D", "width": 1920, "tbr": 2646.0, "asr": null, "fps": 30, "language": null, "filesize": null, "container": "webm_dash", "acodec": "none", "url": "https://manifest.googlevideo.com/api/manifest/dash/expire/1613497691/ei/-7ArYL7sJcGF4gLn_oDoDw/ip/140.109.135.76/id/76e571259a329655/source/youtube/requiressl/yes/playback_host/r7---sn-5njj-u2xl.googlevideo.com/mh/iu/mm/31%2C29/mn/sn-5njj-u2xl%2Csn-un57en7e/ms/au%2Crdu/mv/m/mvi/7/pcm2cms/yes/pl/16/hfr/all/as/fmp4_audio_clear%2Cwebm_audio_clear%2Cwebm2_audio_clear%2Cfmp4_sd_hd_clear%2Cwebm2_sd_hd_clear/initcwndbps/632500/vprv/1/mt/1613475902/fvip/3/keepalive/yes/itag/0/sparams/expire%2Cei%2Cip%2Cid%2Csource%2Crequiressl%2Chfr%2Cas%2Cvprv%2Citag/sig/AOq0QJ8wRQIgKKxIHZLRb3Sm5lQmcCPINtc9b_p1n2YpJ4e-WzS1HQgCIQDpJRCWEt0m7wMO9cYHAt6mZGcR4sb3T-QCbH0cP2mm6g%3D%3D/lsparams/playback_host%2Cmh%2Cmm%2Cmn%2Cms%2Cmv%2Cmvi%2Cpcm2cms%2Cpl%2Cinitcwndbps/lsig/AG3C_xAwRQIgNejBjey0fUGNT0lBywmc9D2s5iJw6O-G1JcFJHEarFoCIQDXCDwiStarl7XH_fQxolDegDQe2v5kgcjtIiKoNPXlrA%3D%3D", "fragment_base_url": "https://r7---sn-5njj-u2xl.googlevideo.com/videoplayback/expire/1613497691/ei/-7ArYL7sJcGF4gLn_oDoDw/ip/140.109.135.76/id/76e571259a329655/itag/248/source/yt_otf/requiressl/yes/mh/iu/mm/31,29/mn/sn-5njj-u2xl,sn-un57en7e/ms/au,rdu/mv/m/mvi/7/pcm2cms/yes/pl/16/initcwndbps/632500/vprv/1/ratebypass/yes/mime/video%2Fwebm/otfp/1/otf/1/lmt/1593108338970031/mt/1613475902/fvip/3/keepalive/yes/sparams/expire,ei,ip,id,itag,source,requiressl,vprv,ratebypass,mime,otfp,otf,lmt/sig/AOq0QJ8wRAIgHy0bjAsD3W4O7NCZnHYLkGKCPblqqyYep5gGnEtp49MCIH5NbpkRRQlLwCpX3amD0r4N3Oyoe5pnhQSimbEHsK9-/lsparams/mh,mm,mn,ms,mv,mvi,pcm2cms,pl,initcwndbps/lsig/AG3C_xAwRgIhANt64JX29ma2pmBMduzMZdSqBVTC58d_-nmK_hOEdFPxAiEAzHta5X3fqQiHaIywWMc6erCi8wZt_RoBifMPO8PRWiQ%3D/", "fragments": [{"path": "sq/0"}, {"path": "sq/1/dur/5.339", "duration": 5.339}, {"path": "sq/2/dur/5.338", "duration": 5.338}, {"path": "sq/3/dur/5.339", "duration": 5.339}, {"path": "sq/4/dur/5.339", "duration": 5.339}, {"path": "sq/5/dur/5.338", "duration": 5.338}, {"path": "sq/6/dur/5.339", "duration": 5.339}, {"path": "sq/7/dur/5.339", "duration": 5.339}, {"path": "sq/8/dur/5.338", "duration": 5.338}, {"path": "sq/9/dur/5.339", "duration": 5.339}, {"path": "sq/10/dur/5.339", "duration": 5.339}, {"path": "sq/11/dur/5.338", "duration": 5.338}, {"path": "sq/12/dur/5.339", "duration": 5.339}, {"path": "sq/13/dur/5.339", "duration": 5.339}, {"path": "sq/14/dur/5.338", "duration": 5.338}, {"path": "sq/15/dur/5.339", "duration": 5.339}, {"path": "sq/16/dur/5.339", "duration": 5.339}, {"path": "sq/17/dur/5.338", "duration": 5.338}, {"path": "sq/18/dur/5.339", "duration": 5.339}, {"path": "sq/19/dur/5.339", "duration": 5.339}, {"path": "sq/20/dur/5.338", "duration": 5.338}, {"path": "sq/21/dur/5.339", "duration": 5.339}, {"path": "sq/22/dur/5.339", "duration": 5.339}, {"path": "sq/23/dur/5.338", "duration": 5.338}, {"path": "sq/24/dur/5.339", "duration": 5.339}, {"path": "sq/25/dur/5.339", "duration": 5.339}, {"path": "sq/26/dur/5.338", "duration": 5.338}, {"path": "sq/27/dur/5.339", "duration": 5.339}, {"path": "sq/28/dur/5.339", "duration": 5.339}, {"path": "sq/29/dur/5.338", "duration": 5.338}, {"path": "sq/30/dur/5.339", "duration": 5.339}, {"path": "sq/31/dur/5.339", "duration": 5.339}, {"path": "sq/32/dur/5.338", "duration": 5.338}, {"path": "sq/33/dur/5.339", "duration": 5.339}, {"path": "sq/34/dur/5.339", "duration": 5.339}, {"path": "sq/35/dur/5.338", "duration": 5.338}, {"path": "sq/36/dur/5.339", "duration": 5.339}, {"path": "sq/37/dur/5.339", "duration": 5.339}, {"path": "sq/38/dur/5.338", "duration": 5.338}, {"path": "sq/39/dur/5.339", "duration": 5.339}, {"path": "sq/40/dur/5.339", "duration": 5.339}, {"path": "sq/41/dur/5.338", "duration": 5.338}, {"path": "sq/42/dur/5.339", "duration": 5.339}, {"path": "sq/43/dur/5.339", "duration": 5.339}, {"path": "sq/44/dur/5.338", "duration": 5.338}, {"path": "sq/45/dur/5.339", "duration": 5.339}, {"path": "sq/46/dur/5.339", "duration": 5.339}, {"path": "sq/47/dur/5.338", "duration": 5.338}, {"path": "sq/48/dur/5.339", "duration": 5.339}, {"path": "sq/49/dur/5.339", "duration": 5.339}, {"path": "sq/50/dur/5.338", "duration": 5.338}, {"path": "sq/51/dur/5.339", "duration": 5.339}, {"path": "sq/52/dur/5.339", "duration": 5.339}, {"path": "sq/53/dur/5.338", "duration": 5.338}, {"path": "sq/54/dur/5.339", "duration": 5.339}, {"path": "sq/55/dur/5.339", "duration": 5.339}, {"path": "sq/56/dur/5.338", "duration": 5.338}, {"path": "sq/57/dur/5.339", "duration": 5.339}, {"path": "sq/58/dur/5.339", "duration": 5.339}, {"path": "sq/59/dur/5.338", "duration": 5.338}, {"path": "sq/60/dur/5.339", "duration": 5.339}, {"path": "sq/61/dur/5.339", "duration": 5.339}, {"path": "sq/62/dur/4.438", "duration": 4.438}], "protocol": "http_dash_segments", "format": "248 - 1920x1080 (DASH video)", "http_headers": {"User-Agent": "Mozilla/5.0 (Windows NT 10.0; Win64; x64) AppleWebKit/537.36 (KHTML, like Gecko) Chrome/74.0.3729.24 Safari/537.36", "Accept-Charset": "ISO-8859-1,utf-8;q=0.7,*;q=0.7", "Accept": "text/html,application/xhtml+xml,application/xml;q=0.9,*/*;q=0.8", "Accept-Encoding": "gzip, deflate", "Accept-Language": "en-us,en;q=0.5"}}, {"format_id": "18", "url": "https://r7---sn-5njj-u2xl.googlevideo.com/videoplayback?expire=1613497691&ei=-7ArYL7sJcGF4gLn_oDoDw&ip=140.109.135.76&id=o-AJWgP5fLz8phYxwLK0CRdgIlzHNBMINzhZgx2HetrCB5&itag=18&source=youtube&requiressl=yes&mh=iu&mm=31%2C29&mn=sn-5njj-u2xl%2Csn-un57en7e&ms=au%2Crdu&mv=m&mvi=7&pcm2cms=yes&pl=16&initcwndbps=632500&vprv=1&mime=video%2Fmp4&ns=cgbo65SRIbiVCf58QXVaxMsF&gir=yes&clen=6455154&ratebypass=yes&dur=330.164&lmt=1593108456032606&mt=1613475902&fvip=3&c=WEB&txp=2216222&n=AH0Y49m-srqgwZB-a4&sparams=expire%2Cei%2Cip%2Cid%2Citag%2Csource%2Crequiressl%2Cvprv%2Cmime%2Cns%2Cgir%2Cclen%2Cratebypass%2Cdur%2Clmt&sig=AOq0QJ8wRAIgHHF2Rz5Wv7aRbUDMeAgx5cHQ_idREGVdM0DTjEYfVcMCIBPUN-EU3n-ksUymNh0JnApTlxPdEM6Lw5nSFr1GnXdJ&lsparams=mh%2Cmm%2Cmn%2Cms%2Cmv%2Cmvi%2Cpcm2cms%2Cpl%2Cinitcwndbps&lsig=AG3C_xAwRgIhAIqQWFNpUK2iinv1_aribb1mxYu8iyfaut8gNisuLEkbAiEA1A5n0XvF4wUCkVU1Novct3-ahlHiHiVJyunn6lhWyRE%3D", "player_url": null, "ext": "mp4", "width": 640, "height": 360, "acodec": "mp4a.40.2", "abr": 96, "vcodec": "avc1.42001E", "asr": 44100, "filesize": 6455154, "format_note": "360p", "fps": 30, "tbr": 156.443, "format": "18 - 640x360 (360p)", "protocol": "https", "http_headers": {"User-Agent": "Mozilla/5.0 (Windows NT 10.0; Win64; x64) AppleWebKit/537.36 (KHTML, like Gecko) Chrome/74.0.3729.24 Safari/537.36", "Accept-Charset": "ISO-8859-1,utf-8;q=0.7,*;q=0.7", "Accept": "text/html,application/xhtml+xml,application/xml;q=0.9,*/*;q=0.8", "Accept-Encoding": "gzip, deflate", "Accept-Language": "en-us,en;q=0.5"}}], "is_live": null, "start_time": null, "end_time": null, "series": null, "season_number": null, "episode_number": null, "track": null, "artist": null, "album": null, "release_date": null, "release_year": null, "extractor": "youtube", "webpage_url_basename": "watch", "extractor_key": "Youtube", "playlist": null, "playlist_index": null, "thumbnail": "https://i.ytimg.com/vi_webp/duVxJZoyllU/maxresdefault.webp", "display_id": "duVxJZoyllU", "requested_subtitles": null, "ext": "webm", "format_note": "DASH audio", "acodec": "opus", "abr": 160, "format_id": "251", "manifest_url": "https://manifest.googlevideo.com/api/manifest/dash/expire/1613497691/ei/-7ArYL7sJcGF4gLn_oDoDw/ip/140.109.135.76/id/76e571259a329655/source/youtube/requiressl/yes/playback_host/r7---sn-5njj-u2xl.googlevideo.com/mh/iu/mm/31%2C29/mn/sn-5njj-u2xl%2Csn-un57en7e/ms/au%2Crdu/mv/m/mvi/7/pcm2cms/yes/pl/16/hfr/all/as/fmp4_audio_clear%2Cwebm_audio_clear%2Cwebm2_audio_clear%2Cfmp4_sd_hd_clear%2Cwebm2_sd_hd_clear/initcwndbps/632500/vprv/1/mt/1613475902/fvip/3/keepalive/yes/itag/0/sparams/expire%2Cei%2Cip%2Cid%2Csource%2Crequiressl%2Chfr%2Cas%2Cvprv%2Citag/sig/AOq0QJ8wRQIgKKxIHZLRb3Sm5lQmcCPINtc9b_p1n2YpJ4e-WzS1HQgCIQDpJRCWEt0m7wMO9cYHAt6mZGcR4sb3T-QCbH0cP2mm6g%3D%3D/lsparams/playback_host%2Cmh%2Cmm%2Cmn%2Cms%2Cmv%2Cmvi%2Cpcm2cms%2Cpl%2Cinitcwndbps/lsig/AG3C_xAwRQIgNejBjey0fUGNT0lBywmc9D2s5iJw6O-G1JcFJHEarFoCIQDXCDwiStarl7XH_fQxolDegDQe2v5kgcjtIiKoNPXlrA%3D%3D", "width": null, "height": null, "tbr": 163.172, "asr": 48000, "fps": null, "language": null, "filesize": null, "container": "webm_dash", "vcodec": "none", "url": "https://manifest.googlevideo.com/api/manifest/dash/expire/1613497691/ei/-7ArYL7sJcGF4gLn_oDoDw/ip/140.109.135.76/id/76e571259a329655/source/youtube/requiressl/yes/playback_host/r7---sn-5njj-u2xl.googlevideo.com/mh/iu/mm/31%2C29/mn/sn-5njj-u2xl%2Csn-un57en7e/ms/au%2Crdu/mv/m/mvi/7/pcm2cms/yes/pl/16/hfr/all/as/fmp4_audio_clear%2Cwebm_audio_clear%2Cwebm2_audio_clear%2Cfmp4_sd_hd_clear%2Cwebm2_sd_hd_clear/initcwndbps/632500/vprv/1/mt/1613475902/fvip/3/keepalive/yes/itag/0/sparams/expire%2Cei%2Cip%2Cid%2Csource%2Crequiressl%2Chfr%2Cas%2Cvprv%2Citag/sig/AOq0QJ8wRQIgKKxIHZLRb3Sm5lQmcCPINtc9b_p1n2YpJ4e-WzS1HQgCIQDpJRCWEt0m7wMO9cYHAt6mZGcR4sb3T-QCbH0cP2mm6g%3D%3D/lsparams/playback_host%2Cmh%2Cmm%2Cmn%2Cms%2Cmv%2Cmvi%2Cpcm2cms%2Cpl%2Cinitcwndbps/lsig/AG3C_xAwRQIgNejBjey0fUGNT0lBywmc9D2s5iJw6O-G1JcFJHEarFoCIQDXCDwiStarl7XH_fQxolDegDQe2v5kgcjtIiKoNPXlrA%3D%3D", "fragment_base_url": "https://r7---sn-5njj-u2xl.googlevideo.com/videoplayback/expire/1613497691/ei/-7ArYL7sJcGF4gLn_oDoDw/ip/140.109.135.76/id/76e571259a329655/itag/251/source/youtube/requiressl/yes/mh/iu/mm/31,29/mn/sn-5njj-u2xl,sn-un57en7e/ms/au,rdu/mv/m/mvi/7/pcm2cms/yes/pl/16/initcwndbps/632500/vprv/1/ratebypass/yes/mime/audio%2Fwebm/otfp/1/gir/yes/clen/6320642/lmt/1593108335859725/dur/330.121/mt/1613475902/fvip/3/keepalive/yes/sparams/expire,ei,ip,id,itag,source,requiressl,vprv,ratebypass,mime,otfp,gir,clen,lmt,dur/sig/AOq0QJ8wRgIhAKh4XPFqmlrpuOxPmy5-2z2cz4QHcjLisRdwDPhhnOHyAiEApvRUgaLhgjBBpCHbse1BQzuroZn3333NUIa72Q9dx_4%3D/lsparams/mh,mm,mn,ms,mv,mvi,pcm2cms,pl,initcwndbps/lsig/AG3C_xAwRQIgRkY1rJWYV9G89DcCbK-yncvUXIcbOdGxvIN-XZqT7s8CIQCvz82ia8Sfag1ie9hXXwQAAF1U2i8NHoYnCimwmW-RUA%3D%3D/", "fragments": [{"path": "range/0-258"}, {"path": "range/834-108876", "duration": 10.001}, {"path": "range/108877-308048", "duration": 10.0}, {"path": "range/308049-503286", "duration": 10.0}, {"path": "range/503287-695392", "duration": 10.0}, {"path": "range/695393-891065", "duration": 10.0}, {"path": "range/891066-1092697", "duration": 10.0}, {"path": "range/1092698-1292560", "duration": 10.0}, {"path": "range/1292561-1496526", "duration": 10.0}, {"path": "range/1496527-1698325", "duration": 10.0}, {"path": "range/1698326-1901291", "duration": 10.0}, {"path": "range/1901292-2104522", "duration": 10.0}, {"path": "range/2104523-2287031", "duration": 10.0}, {"path": "range/2287032-2473268", "duration": 10.0}, {"path": "range/2473269-2661293", "duration": 10.0}, {"path": "range/2661294-2851724", "duration": 10.0}, {"path": "range/2851725-3037812", "duration": 10.0}, {"path": "range/3037813-3229531", "duration": 10.0}, {"path": "range/3229532-3426622", "duration": 10.0}, {"path": "range/3426623-3621612", "duration": 10.0}, {"path": "range/3621613-3807343", "duration": 10.0}, {"path": "range/3807344-4005908", "duration": 10.0}, {"path": "range/4005909-4206480", "duration": 10.0}, {"path": "range/4206481-4409112", "duration": 10.0}, {"path": "range/4409113-4603808", "duration": 10.0}, {"path": "range/4603809-4801031", "duration": 10.0}, {"path": "range/4801032-4992812", "duration": 10.0}, {"path": "range/4992813-5188619", "duration": 10.0}, {"path": "range/5188620-5386446", "duration": 10.0}, {"path": "range/5386447-5573413", "duration": 10.0}, {"path": "range/5573414-5767521", "duration": 10.0}, {"path": "range/5767522-5958558", "duration": 10.0}, {"path": "range/5958559-6147274", "duration": 10.0}, {"path": "range/6147275-6320569", "duration": 10.0}, {"path": "range/6320570-6320641", "duration": 0.12}], "protocol": "http_dash_segments", "format": "251 - audio only (DASH audio)", "http_headers": {"User-Agent": "Mozilla/5.0 (Windows NT 10.0; Win64; x64) AppleWebKit/537.36 (KHTML, like Gecko) Chrome/74.0.3729.24 Safari/537.36", "Accept-Charset": "ISO-8859-1,utf-8;q=0.7,*;q=0.7", "Accept": "text/html,application/xhtml+xml,application/xml;q=0.9,*/*;q=0.8", "Accept-Encoding": "gzip, deflate", "Accept-Language": "en-us,en;q=0.5"}}