{"id": "EcTkdi4wzQ0", "uploader": "Pianoholic - Topic", "uploader_id": "UCQWVGAgbxFUIh0XcaL0Q3gA", "uploader_url": "http://www.youtube.com/channel/UCQWVGAgbxFUIh0XcaL0Q3gA", "channel_id": "UCQWVGAgbxFUIh0XcaL0Q3gA", "channel_url": "http://www.youtube.com/channel/UCQWVGAgbxFUIh0XcaL0Q3gA", "upload_date": "20190327", "license": null, "creator": "Pianoholic", "title": "Mirrors", "alt_title": "Mirrors", "thumbnails": [{"url": "https://i.ytimg.com/vi/EcTkdi4wzQ0/hqdefault.jpg?sqp=-oaymwEYCKgBEF5IVfKriqkDCwgBFQAAiEIYAXAB&rs=AOn4CLCcQGJGq94KNavZQBBJzyDS6KG58Q", "width": 168, "height": 94, "resolution": "168x94", "id": "0"}, {"url": "https://i.ytimg.com/vi/EcTkdi4wzQ0/hqdefault.jpg?sqp=-oaymwEYCMQBEG5IVfKriqkDCwgBFQAAiEIYAXAB&rs=AOn4CLBMnEtR_diXrqBJxsx7zfIdl6tC1A", "width": 196, "height": 110, "resolution": "196x110", "id": "1"}, {"url": "https://i.ytimg.com/vi/EcTkdi4wzQ0/hqdefault.jpg?sqp=-oaymwEZCPYBEIoBSFXyq4qpAwsIARUAAIhCGAFwAQ==&rs=AOn4CLBwdsGEYNSYKLcs5ER9xX9lvFGPIw", "width": 246, "height": 138, "resolution": "246x138", "id": "2"}, {"url": "https://i.ytimg.com/vi/EcTkdi4wzQ0/hqdefault.jpg?sqp=-oaymwEZCNACELwBSFXyq4qpAwsIARUAAIhCGAFwAQ==&rs=AOn4CLDQWYdGjN81q0oMTjJXi8LFTDyFfg", "width": 336, "height": 188, "resolution": "336x188", "id": "3"}, {"url": "https://i.ytimg.com/vi_webp/EcTkdi4wzQ0/maxresdefault.webp", "width": 1920, "height": 1080, "resolution": "1920x1080", "id": "4"}], "description": "Provided to YouTube by IIP-DDS\n\nMirrors \u00b7 Pianoholic\n\nPiano Covers, Vol. 1\n\n\u2117 Pianoholic\n\nReleased on: 2019-03-27\n\nProducer: Pianoholic\nMusic  Publisher: CHRISTOPHER L GODBEY\nMusic  Publisher: JAMES EDWARD II FAUNTLEROY\nMusic  Publisher: JUSTIN TIMBERLAKE\nMusic  Publisher: LESLIE JEROME HARMON\nMusic  Publisher: TIMOTHY Z MOSLEY\nMusic  Publisher: WAVERLY JR MOSLEY GARLAND\n\nAuto-generated by YouTube.", "categories": ["Music"], "tags": ["Pianoholic Piano Covers", "Vol. 1 Mirrors"], "subtitles": {}, "automatic_captions": {}, "duration": 127, "age_limit": 0, "annotations": null, "chapters": null, "webpage_url": "https://www.youtube.com/watch?v=EcTkdi4wzQ0", "view_count": 119, "like_count": 2, "dislike_count": null, "average_rating": 5.0, "formats": [{"format_id": "249", "url": "https://r3---sn-5njj-u2xl.googlevideo.com/videoplayback?expire=1611763206&ei=pjkRYJZro6mVBIPzkUg&ip=140.109.135.76&id=o-ALwJPSwF7_5xQwhuRqM9D65H07mHYd-Vysd5cnG6sf_p&itag=249&source=youtube&requiressl=yes&mh=fm&mm=31%2C29&mn=sn-5njj-u2xl%2Csn-un57en7l&ms=au%2Crdu&mv=m&mvi=3&pl=16&gcr=tw&initcwndbps=730000&vprv=1&mime=audio%2Fwebm&ns=vpqkauHp1f7nJ60c9mZAMUwF&gir=yes&clen=965834&dur=126.921&lmt=1597119853378968&mt=1611740913&fvip=3&keepalive=yes&c=WEB&txp=2311222&n=OvucgscGWwSe82vvltcC&sparams=expire%2Cei%2Cip%2Cid%2Citag%2Csource%2Crequiressl%2Cgcr%2Cvprv%2Cmime%2Cns%2Cgir%2Cclen%2Cdur%2Clmt&lsparams=mh%2Cmm%2Cmn%2Cms%2Cmv%2Cmvi%2Cpl%2Cinitcwndbps&lsig=AG3C_xAwRgIhAN9Sub4-dpSL0J-pcj2W__tPDEEyX8lPd4lLXYN7d7CBAiEAx71eop1bq57LFZi1-hEM6wqu8nr2AIbrx-3-DnRpmTY%3D&sig=AOq0QJ8wRQIgWvSyIbk5UzCML9dFHlusWoeNBkwZosrm6G4n2CTlN5ECIQCWt6X4f4MCLbu9oCIadsN6_KeRzcFpZiDnX-deHSMXSw==&ratebypass=yes", "player_url": "/s/player/c6df6ed7/player_ias.vflset/en_US/base.js", "ext": "webm", "format_note": "tiny", "acodec": "opus", "abr": 50, "asr": 48000, "filesize": 965834, "fps": null, "height": null, "tbr": 67.544, "width": null, "vcodec": "none", "downloader_options": {"http_chunk_size": 10485760}, "format": "249 - audio only (tiny)", "protocol": "https", "http_headers": {"User-Agent": "Mozilla/5.0 (Windows NT 10.0; Win64; x64) AppleWebKit/537.36 (KHTML, like Gecko) Chrome/72.0.3626.85 Safari/537.36", "Accept-Charset": "ISO-8859-1,utf-8;q=0.7,*;q=0.7", "Accept": "text/html,application/xhtml+xml,application/xml;q=0.9,*/*;q=0.8", "Accept-Encoding": "gzip, deflate", "Accept-Language": "en-us,en;q=0.5"}}, {"format_id": "250", "url": "https://r3---sn-5njj-u2xl.googlevideo.com/videoplayback?expire=1611763206&ei=pjkRYJZro6mVBIPzkUg&ip=140.109.135.76&id=o-ALwJPSwF7_5xQwhuRqM9D65H07mHYd-Vysd5cnG6sf_p&itag=250&source=youtube&requiressl=yes&mh=fm&mm=31%2C29&mn=sn-5njj-u2xl%2Csn-un57en7l&ms=au%2Crdu&mv=m&mvi=3&pl=16&gcr=tw&initcwndbps=730000&vprv=1&mime=audio%2Fwebm&ns=vpqkauHp1f7nJ60c9mZAMUwF&gir=yes&clen=1254950&dur=126.921&lmt=1597119853371777&mt=1611740913&fvip=3&keepalive=yes&c=WEB&txp=2311222&n=OvucgscGWwSe82vvltcC&sparams=expire%2Cei%2Cip%2Cid%2Citag%2Csource%2Crequiressl%2Cgcr%2Cvprv%2Cmime%2Cns%2Cgir%2Cclen%2Cdur%2Clmt&lsparams=mh%2Cmm%2Cmn%2Cms%2Cmv%2Cmvi%2Cpl%2Cinitcwndbps&lsig=AG3C_xAwRAIgHo6j0lXq5Liluns2VSSyhMnRr1CW6kOUapOf4cnRZXYCIDi3dzAqgvhru5RKBe13rnoeXEdg7lZxpTi7fi5wzqY7&sig=AOq0QJ8wRAIgebZyRw8TmFmeDKAV1bN4B39Pm2bVog3Zbe1YtOUkFUkCIEF8pdqYmu8VAycgtHScycXRz1mWzYqkM0qpnmpm_PCf&ratebypass=yes", "player_url": "/s/player/c6df6ed7/player_ias.vflset/en_US/base.js", "ext": "webm", "format_note": "tiny", "acodec": "opus", "abr": 70, "asr": 48000, "filesize": 1254950, "fps": null, "height": null, "tbr": 86.494, "width": null, "vcodec": "none", "downloader_options": {"http_chunk_size": 10485760}, "format": "250 - audio only (tiny)", "protocol": "https", "http_headers": {"User-Agent": "Mozilla/5.0 (Windows NT 10.0; Win64; x64) AppleWebKit/537.36 (KHTML, like Gecko) Chrome/72.0.3626.85 Safari/537.36", "Accept-Charset": "ISO-8859-1,utf-8;q=0.7,*;q=0.7", "Accept": "text/html,application/xhtml+xml,application/xml;q=0.9,*/*;q=0.8", "Accept-Encoding": "gzip, deflate", "Accept-Language": "en-us,en;q=0.5"}}, {"format_id": "140", "url": "https://r3---sn-5njj-u2xl.googlevideo.com/videoplayback?expire=1611763206&ei=pjkRYJZro6mVBIPzkUg&ip=140.109.135.76&id=o-ALwJPSwF7_5xQwhuRqM9D65H07mHYd-Vysd5cnG6sf_p&itag=140&source=youtube&requiressl=yes&mh=fm&mm=31%2C29&mn=sn-5njj-u2xl%2Csn-un57en7l&ms=au%2Crdu&mv=m&mvi=3&pl=16&gcr=tw&initcwndbps=730000&vprv=1&mime=audio%2Fmp4&ns=vpqkauHp1f7nJ60c9mZAMUwF&gir=yes&clen=2056755&dur=126.902&lmt=1597119853873178&mt=1611740913&fvip=3&keepalive=yes&c=WEB&txp=2311222&n=OvucgscGWwSe82vvltcC&sparams=expire%2Cei%2Cip%2Cid%2Citag%2Csource%2Crequiressl%2Cgcr%2Cvprv%2Cmime%2Cns%2Cgir%2Cclen%2Cdur%2Clmt&lsparams=mh%2Cmm%2Cmn%2Cms%2Cmv%2Cmvi%2Cpl%2Cinitcwndbps&lsig=AG3C_xAwRQIhAIoic-R5nxtPChGK-Lbc31VuVTXP48dn98x7hRxdqQoiAiA_zoKM83WpQ5tRrKfVqFAi2PiZbhW1CtuJzir1LRpzvg%3D%3D&sig=AOq0QJ8wRAIgA7iCCTy_YYQdhvzdKVcnTrAxCCuav1fJXFXpSMLTMvICIFbeEBto6Z2GKmXqlsDmbbUzwhDs6nW33_kXovM39G8U&ratebypass=yes", "player_url": "/s/player/c6df6ed7/player_ias.vflset/en_US/base.js", "ext": "m4a", "format_note": "tiny", "acodec": "mp4a.40.2", "abr": 128, "container": "m4a_dash", "asr": 44100, "filesize": 2056755, "fps": null, "height": null, "tbr": 131.089, "width": null, "vcodec": "none", "downloader_options": {"http_chunk_size": 10485760}, "format": "140 - audio only (tiny)", "protocol": "https", "http_headers": {"User-Agent": "Mozilla/5.0 (Windows NT 10.0; Win64; x64) AppleWebKit/537.36 (KHTML, like Gecko) Chrome/72.0.3626.85 Safari/537.36", "Accept-Charset": "ISO-8859-1,utf-8;q=0.7,*;q=0.7", "Accept": "text/html,application/xhtml+xml,application/xml;q=0.9,*/*;q=0.8", "Accept-Encoding": "gzip, deflate", "Accept-Language": "en-us,en;q=0.5"}}, {"format_id": "251", "url": "https://r3---sn-5njj-u2xl.googlevideo.com/videoplayback?expire=1611763206&ei=pjkRYJZro6mVBIPzkUg&ip=140.109.135.76&id=o-ALwJPSwF7_5xQwhuRqM9D65H07mHYd-Vysd5cnG6sf_p&itag=251&source=youtube&requiressl=yes&mh=fm&mm=31%2C29&mn=sn-5njj-u2xl%2Csn-un57en7l&ms=au%2Crdu&mv=m&mvi=3&pl=16&gcr=tw&initcwndbps=730000&vprv=1&mime=audio%2Fwebm&ns=vpqkauHp1f7nJ60c9mZAMUwF&gir=yes&clen=2675244&dur=126.921&lmt=1597119853173504&mt=1611740913&fvip=3&keepalive=yes&c=WEB&txp=2311222&n=OvucgscGWwSe82vvltcC&sparams=expire%2Cei%2Cip%2Cid%2Citag%2Csource%2Crequiressl%2Cgcr%2Cvprv%2Cmime%2Cns%2Cgir%2Cclen%2Cdur%2Clmt&lsparams=mh%2Cmm%2Cmn%2Cms%2Cmv%2Cmvi%2Cpl%2Cinitcwndbps&lsig=AG3C_xAwRAIgVtgls-YVOo_ul0JlNS8MmxP1477F89RbCgw79drlu6wCIAHcXbAxhg5oWCkQDZ9fxKbRjUHCKQIevkRGgb37msee&sig=AOq0QJ8wRQIgDYBceBb3LN8vQ3DyjfPD7cOnkw264rdSMO08WSZEj8YCIQDXRqWD-gbCri7zERZQia21EH0xGSn1lZn0lh6KrwpcuA==&ratebypass=yes", "player_url": "/s/player/c6df6ed7/player_ias.vflset/en_US/base.js", "ext": "webm", "format_note": "tiny", "acodec": "opus", "abr": 160, "asr": 48000, "filesize": 2675244, "fps": null, "height": null, "tbr": 176.071, "width": null, "vcodec": "none", "downloader_options": {"http_chunk_size": 10485760}, "format": "251 - audio only (tiny)", "protocol": "https", "http_headers": {"User-Agent": "Mozilla/5.0 (Windows NT 10.0; Win64; x64) AppleWebKit/537.36 (KHTML, like Gecko) Chrome/72.0.3626.85 Safari/537.36", "Accept-Charset": "ISO-8859-1,utf-8;q=0.7,*;q=0.7", "Accept": "text/html,application/xhtml+xml,application/xml;q=0.9,*/*;q=0.8", "Accept-Encoding": "gzip, deflate", "Accept-Language": "en-us,en;q=0.5"}}, {"format_id": "160", "url": "https://r3---sn-5njj-u2xl.googlevideo.com/videoplayback?expire=1611763206&ei=pjkRYJZro6mVBIPzkUg&ip=140.109.135.76&id=o-ALwJPSwF7_5xQwhuRqM9D65H07mHYd-Vysd5cnG6sf_p&itag=160&aitags=133%2C134%2C135%2C136%2C137%2C160%2C242%2C243%2C244%2C247%2C248%2C278&source=youtube&requiressl=yes&mh=fm&mm=31%2C29&mn=sn-5njj-u2xl%2Csn-un57en7l&ms=au%2Crdu&mv=m&mvi=3&pl=16&gcr=tw&initcwndbps=730000&vprv=1&mime=video%2Fmp4&ns=vpqkauHp1f7nJ60c9mZAMUwF&gir=yes&clen=229378&dur=126.880&lmt=1597119856788267&mt=1611740913&fvip=3&keepalive=yes&c=WEB&txp=2316222&n=OvucgscGWwSe82vvltcC&sparams=expire%2Cei%2Cip%2Cid%2Caitags%2Csource%2Crequiressl%2Cgcr%2Cvprv%2Cmime%2Cns%2Cgir%2Cclen%2Cdur%2Clmt&lsparams=mh%2Cmm%2Cmn%2Cms%2Cmv%2Cmvi%2Cpl%2Cinitcwndbps&lsig=AG3C_xAwRQIhAJ8spPyv6GzPai2n-jbzd5XcG1azDUHJfh5NYTLAlZ4VAiBXQNQjO956wrdfJDSQOKmBA_l8iWWtL4ToLQqi1SD_-g%3D%3D&sig=AOq0QJ8wRQIgRp8b6oesBfYabvzBWqHpNXWedyt0oRYPl22gPg8TyT8CIQDZIBctSUvtdFulmmTIA1YLyuFC39yvqeRGsrOrLMEfFg==&ratebypass=yes", "player_url": "/s/player/c6df6ed7/player_ias.vflset/en_US/base.js", "ext": "mp4", "height": 144, "format_note": "144p", "vcodec": "avc1.4d400b", "asr": null, "filesize": 229378, "fps": 25, "tbr": 16.182, "width": 144, "acodec": "none", "downloader_options": {"http_chunk_size": 10485760}, "format": "160 - 144x144 (144p)", "protocol": "https", "http_headers": {"User-Agent": "Mozilla/5.0 (Windows NT 10.0; Win64; x64) AppleWebKit/537.36 (KHTML, like Gecko) Chrome/72.0.3626.85 Safari/537.36", "Accept-Charset": "ISO-8859-1,utf-8;q=0.7,*;q=0.7", "Accept": "text/html,application/xhtml+xml,application/xml;q=0.9,*/*;q=0.8", "Accept-Encoding": "gzip, deflate", "Accept-Language": "en-us,en;q=0.5"}}, {"format_id": "278", "url": "https://r3---sn-5njj-u2xl.googlevideo.com/videoplayback?expire=1611763206&ei=pjkRYJZro6mVBIPzkUg&ip=140.109.135.76&id=o-ALwJPSwF7_5xQwhuRqM9D65H07mHYd-Vysd5cnG6sf_p&itag=278&aitags=133%2C134%2C135%2C136%2C137%2C160%2C242%2C243%2C244%2C247%2C248%2C278&source=youtube&requiressl=yes&mh=fm&mm=31%2C29&mn=sn-5njj-u2xl%2Csn-un57en7l&ms=au%2Crdu&mv=m&mvi=3&pl=16&gcr=tw&initcwndbps=730000&vprv=1&mime=video%2Fwebm&ns=vpqkauHp1f7nJ60c9mZAMUwF&gir=yes&clen=267740&dur=126.880&lmt=1597119856290571&mt=1611740913&fvip=3&keepalive=yes&c=WEB&txp=2316222&n=OvucgscGWwSe82vvltcC&sparams=expire%2Cei%2Cip%2Cid%2Caitags%2Csource%2Crequiressl%2Cgcr%2Cvprv%2Cmime%2Cns%2Cgir%2Cclen%2Cdur%2Clmt&lsparams=mh%2Cmm%2Cmn%2Cms%2Cmv%2Cmvi%2Cpl%2Cinitcwndbps&lsig=AG3C_xAwRQIhAJHn7WK7rQ9reZwPjjefaZTonoKpOejc46knjZ0oAkSpAiA8-hZtyncA6GvL8T-WviYf3yz60s_t7KbcWDyQL1hNOA%3D%3D&sig=AOq0QJ8wRAIgVqJGEo6IUpD6cnc4JxtkL1XbXH1uLE6RrXruh4jccHkCIG1hfw3K1qLzX0u7DXpEzVzRox8wQ7cyD0WAu6QUEcQK&ratebypass=yes", "player_url": "/s/player/c6df6ed7/player_ias.vflset/en_US/base.js", "ext": "webm", "height": 144, "format_note": "144p", "container": "webm", "vcodec": "vp9", "asr": null, "filesize": 267740, "fps": 25, "tbr": 19.064, "width": 144, "acodec": "none", "downloader_options": {"http_chunk_size": 10485760}, "format": "278 - 144x144 (144p)", "protocol": "https", "http_headers": {"User-Agent": "Mozilla/5.0 (Windows NT 10.0; Win64; x64) AppleWebKit/537.36 (KHTML, like Gecko) Chrome/72.0.3626.85 Safari/537.36", "Accept-Charset": "ISO-8859-1,utf-8;q=0.7,*;q=0.7", "Accept": "text/html,application/xhtml+xml,application/xml;q=0.9,*/*;q=0.8", "Accept-Encoding": "gzip, deflate", "Accept-Language": "en-us,en;q=0.5"}}, {"format_id": "242", "url": "https://r3---sn-5njj-u2xl.googlevideo.com/videoplayback?expire=1611763206&ei=pjkRYJZro6mVBIPzkUg&ip=140.109.135.76&id=o-ALwJPSwF7_5xQwhuRqM9D65H07mHYd-Vysd5cnG6sf_p&itag=242&aitags=133%2C134%2C135%2C136%2C137%2C160%2C242%2C243%2C244%2C247%2C248%2C278&source=youtube&requiressl=yes&mh=fm&mm=31%2C29&mn=sn-5njj-u2xl%2Csn-un57en7l&ms=au%2Crdu&mv=m&mvi=3&pl=16&gcr=tw&initcwndbps=730000&vprv=1&mime=video%2Fwebm&ns=vpqkauHp1f7nJ60c9mZAMUwF&gir=yes&clen=356343&dur=126.880&lmt=1597119859527477&mt=1611740913&fvip=3&keepalive=yes&c=WEB&txp=2316222&n=OvucgscGWwSe82vvltcC&sparams=expire%2Cei%2Cip%2Cid%2Caitags%2Csource%2Crequiressl%2Cgcr%2Cvprv%2Cmime%2Cns%2Cgir%2Cclen%2Cdur%2Clmt&lsparams=mh%2Cmm%2Cmn%2Cms%2Cmv%2Cmvi%2Cpl%2Cinitcwndbps&lsig=AG3C_xAwRQIgcYrQApZ_AUkCVfrTxOMtmE-rQ6806Pq4vP84LDtsd5gCIQDXnAG1FrTeUuuVGHnc4zVsCJetWeng-2F4yiG7op-ZFQ%3D%3D&sig=AOq0QJ8wRgIhAPoAfhrZS1Z6X-BoGDt0MJunal0YlB5H85WIkgFBeHloAiEAuuQe9C2um9_HpEcdQYFx5fZMAJwIMWJSR9ceq938Jns=&ratebypass=yes", "player_url": "/s/player/c6df6ed7/player_ias.vflset/en_US/base.js", "ext": "webm", "height": 240, "format_note": "240p", "vcodec": "vp9", "asr": null, "filesize": 356343, "fps": 25, "tbr": 26.268, "width": 240, "acodec": "none", "downloader_options": {"http_chunk_size": 10485760}, "format": "242 - 240x240 (240p)", "protocol": "https", "http_headers": {"User-Agent": "Mozilla/5.0 (Windows NT 10.0; Win64; x64) AppleWebKit/537.36 (KHTML, like Gecko) Chrome/72.0.3626.85 Safari/537.36", "Accept-Charset": "ISO-8859-1,utf-8;q=0.7,*;q=0.7", "Accept": "text/html,application/xhtml+xml,application/xml;q=0.9,*/*;q=0.8", "Accept-Encoding": "gzip, deflate", "Accept-Language": "en-us,en;q=0.5"}}, {"format_id": "133", "url": "https://r3---sn-5njj-u2xl.googlevideo.com/videoplayback?expire=1611763206&ei=pjkRYJZro6mVBIPzkUg&ip=140.109.135.76&id=o-ALwJPSwF7_5xQwhuRqM9D65H07mHYd-Vysd5cnG6sf_p&itag=133&aitags=133%2C134%2C135%2C136%2C137%2C160%2C242%2C243%2C244%2C247%2C248%2C278&source=youtube&requiressl=yes&mh=fm&mm=31%2C29&mn=sn-5njj-u2xl%2Csn-un57en7l&ms=au%2Crdu&mv=m&mvi=3&pl=16&gcr=tw&initcwndbps=730000&vprv=1&mime=video%2Fmp4&ns=vpqkauHp1f7nJ60c9mZAMUwF&gir=yes&clen=376809&dur=126.880&lmt=1597119855586654&mt=1611740913&fvip=3&keepalive=yes&c=WEB&txp=2316222&n=OvucgscGWwSe82vvltcC&sparams=expire%2Cei%2Cip%2Cid%2Caitags%2Csource%2Crequiressl%2Cgcr%2Cvprv%2Cmime%2Cns%2Cgir%2Cclen%2Cdur%2Clmt&lsparams=mh%2Cmm%2Cmn%2Cms%2Cmv%2Cmvi%2Cpl%2Cinitcwndbps&lsig=AG3C_xAwRAIgIS6rsT36JMRnyXaJgTEe2v8n2NO8J2_MsnCeUvrU2YcCIHPcYtNDogbc6MZZqN-hROM3pfzdk_j102dALZihFXZR&sig=AOq0QJ8wRQIgENT-PWIhiBH0O8HlhsF4ikScBsEQJf2k6RF_IT8xdbACIQC0zN-hxnv4U0DvGAvFmbPs5ikEIYE_zudNjgCI5oSo_A==&ratebypass=yes", "player_url": "/s/player/c6df6ed7/player_ias.vflset/en_US/base.js", "ext": "mp4", "height": 240, "format_note": "240p", "vcodec": "avc1.4d400c", "asr": null, "filesize": 376809, "fps": 25, "tbr": 28.746, "width": 240, "acodec": "none", "downloader_options": {"http_chunk_size": 10485760}, "format": "133 - 240x240 (240p)", "protocol": "https", "http_headers": {"User-Agent": "Mozilla/5.0 (Windows NT 10.0; Win64; x64) AppleWebKit/537.36 (KHTML, like Gecko) Chrome/72.0.3626.85 Safari/537.36", "Accept-Charset": "ISO-8859-1,utf-8;q=0.7,*;q=0.7", "Accept": "text/html,application/xhtml+xml,application/xml;q=0.9,*/*;q=0.8", "Accept-Encoding": "gzip, deflate", "Accept-Language": "en-us,en;q=0.5"}}, {"format_id": "243", "url": "https://r3---sn-5njj-u2xl.googlevideo.com/videoplayback?expire=1611763206&ei=pjkRYJZro6mVBIPzkUg&ip=140.109.135.76&id=o-ALwJPSwF7_5xQwhuRqM9D65H07mHYd-Vysd5cnG6sf_p&itag=243&aitags=133%2C134%2C135%2C136%2C137%2C160%2C242%2C243%2C244%2C247%2C248%2C278&source=youtube&requiressl=yes&mh=fm&mm=31%2C29&mn=sn-5njj-u2xl%2Csn-un57en7l&ms=au%2Crdu&mv=m&mvi=3&pl=16&gcr=tw&initcwndbps=730000&vprv=1&mime=video%2Fwebm&ns=vpqkauHp1f7nJ60c9mZAMUwF&gir=yes&clen=483295&dur=126.880&lmt=1597119855898425&mt=1611740913&fvip=3&keepalive=yes&c=WEB&txp=2316222&n=OvucgscGWwSe82vvltcC&sparams=expire%2Cei%2Cip%2Cid%2Caitags%2Csource%2Crequiressl%2Cgcr%2Cvprv%2Cmime%2Cns%2Cgir%2Cclen%2Cdur%2Clmt&lsparams=mh%2Cmm%2Cmn%2Cms%2Cmv%2Cmvi%2Cpl%2Cinitcwndbps&lsig=AG3C_xAwRQIhAOaRSdZfmHj-pM7WOuaXKzi2THg1HKo2-nB9Pw5wX346AiBXzrmrmum3YWu8YQFePNSBpEaDj_FY0XxXKNtY7uHvXQ%3D%3D&sig=AOq0QJ8wRgIhAKAsrjvwVm6ycypAs08xpy76UYuLer1a3SsgsUqSuBaeAiEAuvJ26Vk9DN_d3gJWxLfFhggUsFxnU58vB9J1IHDS5EM=&ratebypass=yes", "player_url": "/s/player/c6df6ed7/player_ias.vflset/en_US/base.js", "ext": "webm", "height": 360, "format_note": "360p", "vcodec": "vp9", "asr": null, "filesize": 483295, "fps": 25, "tbr": 36.674, "width": 360, "acodec": "none", "downloader_options": {"http_chunk_size": 10485760}, "format": "243 - 360x360 (360p)", "protocol": "https", "http_headers": {"User-Agent": "Mozilla/5.0 (Windows NT 10.0; Win64; x64) AppleWebKit/537.36 (KHTML, like Gecko) Chrome/72.0.3626.85 Safari/537.36", "Accept-Charset": "ISO-8859-1,utf-8;q=0.7,*;q=0.7", "Accept": "text/html,application/xhtml+xml,application/xml;q=0.9,*/*;q=0.8", "Accept-Encoding": "gzip, deflate", "Accept-Language": "en-us,en;q=0.5"}}, {"format_id": "134", "url": "https://r3---sn-5njj-u2xl.googlevideo.com/videoplayback?expire=1611763206&ei=pjkRYJZro6mVBIPzkUg&ip=140.109.135.76&id=o-ALwJPSwF7_5xQwhuRqM9D65H07mHYd-Vysd5cnG6sf_p&itag=134&aitags=133%2C134%2C135%2C136%2C137%2C160%2C242%2C243%2C244%2C247%2C248%2C278&source=youtube&requiressl=yes&mh=fm&mm=31%2C29&mn=sn-5njj-u2xl%2Csn-un57en7l&ms=au%2Crdu&mv=m&mvi=3&pl=16&gcr=tw&initcwndbps=730000&vprv=1&mime=video%2Fmp4&ns=vpqkauHp1f7nJ60c9mZAMUwF&gir=yes&clen=594219&dur=126.880&lmt=1597119855220341&mt=1611740913&fvip=3&keepalive=yes&c=WEB&txp=2316222&n=OvucgscGWwSe82vvltcC&sparams=expire%2Cei%2Cip%2Cid%2Caitags%2Csource%2Crequiressl%2Cgcr%2Cvprv%2Cmime%2Cns%2Cgir%2Cclen%2Cdur%2Clmt&lsparams=mh%2Cmm%2Cmn%2Cms%2Cmv%2Cmvi%2Cpl%2Cinitcwndbps&lsig=AG3C_xAwRAIgZ6eZ6_M9yN9Ud5ePO5l2JwzUZg0NTbtRb6K3sFlfol4CIF1GbYkuNAZpmya1TV2I6oCEHoFhlLGMFVioc6knvEiG&sig=AOq0QJ8wRgIhAK929C_Xh3peY4-5hVnjIMh9F-0gGXehxgH3fiC_1dakAiEA_CMmsXiz8s31vd9nf-I0JHHnBygL5js4li1vF_y6QJY=&ratebypass=yes", "player_url": "/s/player/c6df6ed7/player_ias.vflset/en_US/base.js", "ext": "mp4", "height": 360, "format_note": "360p", "vcodec": "avc1.4d4015", "asr": null, "filesize": 594219, "fps": 25, "tbr": 46.012, "width": 360, "acodec": "none", "downloader_options": {"http_chunk_size": 10485760}, "format": "134 - 360x360 (360p)", "protocol": "https", "http_headers": {"User-Agent": "Mozilla/5.0 (Windows NT 10.0; Win64; x64) AppleWebKit/537.36 (KHTML, like Gecko) Chrome/72.0.3626.85 Safari/537.36", "Accept-Charset": "ISO-8859-1,utf-8;q=0.7,*;q=0.7", "Accept": "text/html,application/xhtml+xml,application/xml;q=0.9,*/*;q=0.8", "Accept-Encoding": "gzip, deflate", "Accept-Language": "en-us,en;q=0.5"}}, {"format_id": "244", "url": "https://r3---sn-5njj-u2xl.googlevideo.com/videoplayback?expire=1611763206&ei=pjkRYJZro6mVBIPzkUg&ip=140.109.135.76&id=o-ALwJPSwF7_5xQwhuRqM9D65H07mHYd-Vysd5cnG6sf_p&itag=244&aitags=133%2C134%2C135%2C136%2C137%2C160%2C242%2C243%2C244%2C247%2C248%2C278&source=youtube&requiressl=yes&mh=fm&mm=31%2C29&mn=sn-5njj-u2xl%2Csn-un57en7l&ms=au%2Crdu&mv=m&mvi=3&pl=16&gcr=tw&initcwndbps=730000&vprv=1&mime=video%2Fwebm&ns=vpqkauHp1f7nJ60c9mZAMUwF&gir=yes&clen=609188&dur=126.880&lmt=1597119858495991&mt=1611740913&fvip=3&keepalive=yes&c=WEB&txp=2316222&n=OvucgscGWwSe82vvltcC&sparams=expire%2Cei%2Cip%2Cid%2Caitags%2Csource%2Crequiressl%2Cgcr%2Cvprv%2Cmime%2Cns%2Cgir%2Cclen%2Cdur%2Clmt&lsparams=mh%2Cmm%2Cmn%2Cms%2Cmv%2Cmvi%2Cpl%2Cinitcwndbps&lsig=AG3C_xAwRgIhAJM9zTSZH_UXzrjye8Q9IQ1O6Zv37KJuHQ06sUnqZbDzAiEAxKptFr3Tfw_6VL3g0fmhtmFQAhwQ60g9wdd2UZXhzaQ%3D&sig=AOq0QJ8wRgIhAO6xH_SoI38wBqG4C88E4wJ9cdc-ute7G6Op1XMYJgWKAiEAoTwjGhkDHUHNgZ9TDOySEihphfFfceiW8JxtS0NlD1E=&ratebypass=yes", "player_url": "/s/player/c6df6ed7/player_ias.vflset/en_US/base.js", "ext": "webm", "height": 480, "format_note": "480p", "vcodec": "vp9", "asr": null, "filesize": 609188, "fps": 25, "tbr": 46.61, "width": 480, "acodec": "none", "downloader_options": {"http_chunk_size": 10485760}, "format": "244 - 480x480 (480p)", "protocol": "https", "http_headers": {"User-Agent": "Mozilla/5.0 (Windows NT 10.0; Win64; x64) AppleWebKit/537.36 (KHTML, like Gecko) Chrome/72.0.3626.85 Safari/537.36", "Accept-Charset": "ISO-8859-1,utf-8;q=0.7,*;q=0.7", "Accept": "text/html,application/xhtml+xml,application/xml;q=0.9,*/*;q=0.8", "Accept-Encoding": "gzip, deflate", "Accept-Language": "en-us,en;q=0.5"}}, {"format_id": "247", "url": "https://r3---sn-5njj-u2xl.googlevideo.com/videoplayback?expire=1611763206&ei=pjkRYJZro6mVBIPzkUg&ip=140.109.135.76&id=o-ALwJPSwF7_5xQwhuRqM9D65H07mHYd-Vysd5cnG6sf_p&itag=247&aitags=133%2C134%2C135%2C136%2C137%2C160%2C242%2C243%2C244%2C247%2C248%2C278&source=youtube&requiressl=yes&mh=fm&mm=31%2C29&mn=sn-5njj-u2xl%2Csn-un57en7l&ms=au%2Crdu&mv=m&mvi=3&pl=16&gcr=tw&initcwndbps=730000&vprv=1&mime=video%2Fwebm&ns=vpqkauHp1f7nJ60c9mZAMUwF&gir=yes&clen=1003633&dur=126.880&lmt=1597119856095183&mt=1611740913&fvip=3&keepalive=yes&c=WEB&txp=2316222&n=OvucgscGWwSe82vvltcC&sparams=expire%2Cei%2Cip%2Cid%2Caitags%2Csource%2Crequiressl%2Cgcr%2Cvprv%2Cmime%2Cns%2Cgir%2Cclen%2Cdur%2Clmt&lsparams=mh%2Cmm%2Cmn%2Cms%2Cmv%2Cmvi%2Cpl%2Cinitcwndbps&lsig=AG3C_xAwRQIgWZJ-6ODxJKYyXH3FmTaf8Nm2kMZa6lgIeeEoCY7_gCICIQCQOX43BDx2RYKqD2Lyu_HwE-kdbDtrV0DmCszuOwfDdw%3D%3D&sig=AOq0QJ8wRgIhAK-_mRLhdt_vvUY2RaPBJBtqM9UN4bCuwTUO0g9tU5b2AiEA5xfA6Mo65a3LMg_zRIk4Ur7s0i4YXADb8w6qA1F0NNw=&ratebypass=yes", "player_url": "/s/player/c6df6ed7/player_ias.vflset/en_US/base.js", "ext": "webm", "height": 720, "format_note": "720p", "vcodec": "vp9", "asr": null, "filesize": 1003633, "fps": 25, "tbr": 78.586, "width": 720, "acodec": "none", "downloader_options": {"http_chunk_size": 10485760}, "format": "247 - 720x720 (720p)", "protocol": "https", "http_headers": {"User-Agent": "Mozilla/5.0 (Windows NT 10.0; Win64; x64) AppleWebKit/537.36 (KHTML, like Gecko) Chrome/72.0.3626.85 Safari/537.36", "Accept-Charset": "ISO-8859-1,utf-8;q=0.7,*;q=0.7", "Accept": "text/html,application/xhtml+xml,application/xml;q=0.9,*/*;q=0.8", "Accept-Encoding": "gzip, deflate", "Accept-Language": "en-us,en;q=0.5"}}, {"format_id": "135", "url": "https://r3---sn-5njj-u2xl.googlevideo.com/videoplayback?expire=1611763206&ei=pjkRYJZro6mVBIPzkUg&ip=140.109.135.76&id=o-ALwJPSwF7_5xQwhuRqM9D65H07mHYd-Vysd5cnG6sf_p&itag=135&aitags=133%2C134%2C135%2C136%2C137%2C160%2C242%2C243%2C244%2C247%2C248%2C278&source=youtube&requiressl=yes&mh=fm&mm=31%2C29&mn=sn-5njj-u2xl%2Csn-un57en7l&ms=au%2Crdu&mv=m&mvi=3&pl=16&gcr=tw&initcwndbps=730000&vprv=1&mime=video%2Fmp4&ns=vpqkauHp1f7nJ60c9mZAMUwF&gir=yes&clen=1036817&dur=126.880&lmt=1597119855595829&mt=1611740913&fvip=3&keepalive=yes&c=WEB&txp=2316222&n=OvucgscGWwSe82vvltcC&sparams=expire%2Cei%2Cip%2Cid%2Caitags%2Csource%2Crequiressl%2Cgcr%2Cvprv%2Cmime%2Cns%2Cgir%2Cclen%2Cdur%2Clmt&lsparams=mh%2Cmm%2Cmn%2Cms%2Cmv%2Cmvi%2Cpl%2Cinitcwndbps&lsig=AG3C_xAwRQIgXyCHMeaTi27TWTpubjUckj8iKW9iUb0UsWrECtqiMV8CIQCEofu84xK4aIcRAWr-SYuNdRuhCy3TAni_JzKSzxkx0Q%3D%3D&sig=AOq0QJ8wRgIhAJlXJQJJGumznpKapncSiWkagCgbBxfayPXQ_hY0nUbZAiEA6RwoYIMAk5L7lsKhe6Pik-MqO5wQPb1ThUszXmUy-nM=&ratebypass=yes", "player_url": "/s/player/c6df6ed7/player_ias.vflset/en_US/base.js", "ext": "mp4", "height": 480, "format_note": "480p", "vcodec": "avc1.4d401e", "asr": null, "filesize": 1036817, "fps": 25, "tbr": 81.206, "width": 480, "acodec": "none", "downloader_options": {"http_chunk_size": 10485760}, "format": "135 - 480x480 (480p)", "protocol": "https", "http_headers": {"User-Agent": "Mozilla/5.0 (Windows NT 10.0; Win64; x64) AppleWebKit/537.36 (KHTML, like Gecko) Chrome/72.0.3626.85 Safari/537.36", "Accept-Charset": "ISO-8859-1,utf-8;q=0.7,*;q=0.7", "Accept": "text/html,application/xhtml+xml,application/xml;q=0.9,*/*;q=0.8", "Accept-Encoding": "gzip, deflate", "Accept-Language": "en-us,en;q=0.5"}}, {"format_id": "248", "url": "https://r3---sn-5njj-u2xl.googlevideo.com/videoplayback?expire=1611763206&ei=pjkRYJZro6mVBIPzkUg&ip=140.109.135.76&id=o-ALwJPSwF7_5xQwhuRqM9D65H07mHYd-Vysd5cnG6sf_p&itag=248&aitags=133%2C134%2C135%2C136%2C137%2C160%2C242%2C243%2C244%2C247%2C248%2C278&source=youtube&requiressl=yes&mh=fm&mm=31%2C29&mn=sn-5njj-u2xl%2Csn-un57en7l&ms=au%2Crdu&mv=m&mvi=3&pl=16&gcr=tw&initcwndbps=730000&vprv=1&mime=video%2Fwebm&ns=vpqkauHp1f7nJ60c9mZAMUwF&gir=yes&clen=1931002&dur=126.880&lmt=1597119856081814&mt=1611740913&fvip=3&keepalive=yes&c=WEB&txp=2316222&n=OvucgscGWwSe82vvltcC&sparams=expire%2Cei%2Cip%2Cid%2Caitags%2Csource%2Crequiressl%2Cgcr%2Cvprv%2Cmime%2Cns%2Cgir%2Cclen%2Cdur%2Clmt&lsparams=mh%2Cmm%2Cmn%2Cms%2Cmv%2Cmvi%2Cpl%2Cinitcwndbps&lsig=AG3C_xAwRgIhAPNWdO5CW2bHBP2FwK7apavhO18IZBgDh4PrkPh7-6WUAiEAhLMULG36t-_4xVXQDT-Ub2nQZe5yO0iG_cDvQ5_YjdU%3D&sig=AOq0QJ8wRQIhALCXknOr79PbXQDiGkeK0OJIRU4uBJ3doi3bOmoMDKxdAiA9hkOdBMl80GNPYVdnkFR9IvJ_oaiX3FFvklnP034RSw==&ratebypass=yes", "player_url": "/s/player/c6df6ed7/player_ias.vflset/en_US/base.js", "ext": "webm", "height": 1080, "format_note": "1080p", "vcodec": "vp9", "asr": null, "filesize": 1931002, "fps": 25, "tbr": 138.746, "width": 1080, "acodec": "none", "downloader_options": {"http_chunk_size": 10485760}, "format": "248 - 1080x1080 (1080p)", "protocol": "https", "http_headers": {"User-Agent": "Mozilla/5.0 (Windows NT 10.0; Win64; x64) AppleWebKit/537.36 (KHTML, like Gecko) Chrome/72.0.3626.85 Safari/537.36", "Accept-Charset": "ISO-8859-1,utf-8;q=0.7,*;q=0.7", "Accept": "text/html,application/xhtml+xml,application/xml;q=0.9,*/*;q=0.8", "Accept-Encoding": "gzip, deflate", "Accept-Language": "en-us,en;q=0.5"}}, {"format_id": "136", "url": "https://r3---sn-5njj-u2xl.googlevideo.com/videoplayback?expire=1611763206&ei=pjkRYJZro6mVBIPzkUg&ip=140.109.135.76&id=o-ALwJPSwF7_5xQwhuRqM9D65H07mHYd-Vysd5cnG6sf_p&itag=136&aitags=133%2C134%2C135%2C136%2C137%2C160%2C242%2C243%2C244%2C247%2C248%2C278&source=youtube&requiressl=yes&mh=fm&mm=31%2C29&mn=sn-5njj-u2xl%2Csn-un57en7l&ms=au%2Crdu&mv=m&mvi=3&pl=16&gcr=tw&initcwndbps=730000&vprv=1&mime=video%2Fmp4&ns=vpqkauHp1f7nJ60c9mZAMUwF&gir=yes&clen=2042322&dur=126.880&lmt=1597119855423108&mt=1611740913&fvip=3&keepalive=yes&c=WEB&txp=2316222&n=OvucgscGWwSe82vvltcC&sparams=expire%2Cei%2Cip%2Cid%2Caitags%2Csource%2Crequiressl%2Cgcr%2Cvprv%2Cmime%2Cns%2Cgir%2Cclen%2Cdur%2Clmt&lsparams=mh%2Cmm%2Cmn%2Cms%2Cmv%2Cmvi%2Cpl%2Cinitcwndbps&lsig=AG3C_xAwRgIhALhZyEAHbgsd2xoefiiOet1gSNBG1NvhTMB4Z9JLBrFKAiEAjlTnH0wjw_OEcoS90gqGTT-5C3OBlmSHQSZ_qgGICJo%3D&sig=AOq0QJ8wRQIgC5Hm677XYLM4hZz6fBt1eCeTXnXc0ZcLxu_j0OFfldMCIQDVqwFzYMDBSv29AnlnUAu3LOvEIiAw6H22Maa9xTB4yg==&ratebypass=yes", "player_url": "/s/player/c6df6ed7/player_ias.vflset/en_US/base.js", "ext": "mp4", "height": 720, "format_note": "720p", "vcodec": "avc1.64001f", "asr": null, "filesize": 2042322, "fps": 25, "tbr": 161.152, "width": 720, "acodec": "none", "downloader_options": {"http_chunk_size": 10485760}, "format": "136 - 720x720 (720p)", "protocol": "https", "http_headers": {"User-Agent": "Mozilla/5.0 (Windows NT 10.0; Win64; x64) AppleWebKit/537.36 (KHTML, like Gecko) Chrome/72.0.3626.85 Safari/537.36", "Accept-Charset": "ISO-8859-1,utf-8;q=0.7,*;q=0.7", "Accept": "text/html,application/xhtml+xml,application/xml;q=0.9,*/*;q=0.8", "Accept-Encoding": "gzip, deflate", "Accept-Language": "en-us,en;q=0.5"}}, {"format_id": "137", "url": "https://r3---sn-5njj-u2xl.googlevideo.com/videoplayback?expire=1611763206&ei=pjkRYJZro6mVBIPzkUg&ip=140.109.135.76&id=o-ALwJPSwF7_5xQwhuRqM9D65H07mHYd-Vysd5cnG6sf_p&itag=137&aitags=133%2C134%2C135%2C136%2C137%2C160%2C242%2C243%2C244%2C247%2C248%2C278&source=youtube&requiressl=yes&mh=fm&mm=31%2C29&mn=sn-5njj-u2xl%2Csn-un57en7l&ms=au%2Crdu&mv=m&mvi=3&pl=16&gcr=tw&initcwndbps=730000&vprv=1&mime=video%2Fmp4&ns=vpqkauHp1f7nJ60c9mZAMUwF&gir=yes&clen=3938353&dur=126.880&lmt=1597119855685049&mt=1611740913&fvip=3&keepalive=yes&c=WEB&txp=2316222&n=OvucgscGWwSe82vvltcC&sparams=expire%2Cei%2Cip%2Cid%2Caitags%2Csource%2Crequiressl%2Cgcr%2Cvprv%2Cmime%2Cns%2Cgir%2Cclen%2Cdur%2Clmt&lsparams=mh%2Cmm%2Cmn%2Cms%2Cmv%2Cmvi%2Cpl%2Cinitcwndbps&lsig=AG3C_xAwRQIgKRBru-E3iXiSRVx82dxO26sTJPxrJ4oGwdV2Xh7z9HUCIQCA_VbpDaIdDbW0qY7eXqUwiZkw_g40qD1ssYpqViTmmg%3D%3D&sig=AOq0QJ8wRQIhAKedWn4kWCZqCBe0lx2-mNbug6JSodMOjTDugwrZGwe6AiAx5BsK0rIwMM-prWWpuCjuKyHvOzbBdtI_4ksUUHkFzg==&ratebypass=yes", "player_url": "/s/player/c6df6ed7/player_ias.vflset/en_US/base.js", "ext": "mp4", "height": 1080, "format_note": "1080p", "vcodec": "avc1.640020", "asr": null, "filesize": 3938353, "fps": 25, "tbr": 312.012, "width": 1080, "acodec": "none", "downloader_options": {"http_chunk_size": 10485760}, "format": "137 - 1080x1080 (1080p)", "protocol": "https", "http_headers": {"User-Agent": "Mozilla/5.0 (Windows NT 10.0; Win64; x64) AppleWebKit/537.36 (KHTML, like Gecko) Chrome/72.0.3626.85 Safari/537.36", "Accept-Charset": "ISO-8859-1,utf-8;q=0.7,*;q=0.7", "Accept": "text/html,application/xhtml+xml,application/xml;q=0.9,*/*;q=0.8", "Accept-Encoding": "gzip, deflate", "Accept-Language": "en-us,en;q=0.5"}}, {"format_id": "18", "url": "https://r3---sn-5njj-u2xl.googlevideo.com/videoplayback?expire=1611763206&ei=pjkRYJZro6mVBIPzkUg&ip=140.109.135.76&id=o-ALwJPSwF7_5xQwhuRqM9D65H07mHYd-Vysd5cnG6sf_p&itag=18&source=youtube&requiressl=yes&mh=fm&mm=31%2C29&mn=sn-5njj-u2xl%2Csn-un57en7l&ms=au%2Crdu&mv=m&mvi=3&pl=16&gcr=tw&initcwndbps=730000&vprv=1&mime=video%2Fmp4&ns=OHMY3ugD6GYyLL2GKkUrcJQF&gir=yes&clen=2247746&ratebypass=yes&dur=126.943&lmt=1597119853790573&mt=1611740913&fvip=3&c=WEB&txp=2316222&n=hzbQAOiGE8wf8aie_VsA&sparams=expire%2Cei%2Cip%2Cid%2Citag%2Csource%2Crequiressl%2Cgcr%2Cvprv%2Cmime%2Cns%2Cgir%2Cclen%2Cratebypass%2Cdur%2Clmt&lsparams=mh%2Cmm%2Cmn%2Cms%2Cmv%2Cmvi%2Cpl%2Cinitcwndbps&lsig=AG3C_xAwRAIgPsKcfW7fM8eo0h_Xr9XxW_piDQU7-7EXyrycPWLFDlgCIBtFX81k0w2zMmubgSLKPrt-_-ZRcdQUZcCIjPboNTvf&sig=AOq0QJ8wRQIhAI84ezAPewyMdvLfNCBV5jm___SDaMhUXViIc-dx5plXAiBnHl8cLdFB7EEG5qD_XNUePZgKbhNxIbccKbX2EAg3KA==", "player_url": "/s/player/c6df6ed7/player_ias.vflset/en_US/base.js", "ext": "mp4", "width": 360, "height": 360, "acodec": "mp4a.40.2", "abr": 96, "vcodec": "avc1.42001E", "asr": 44100, "filesize": 2247746, "format_note": "360p", "fps": 25, "tbr": 141.724, "format": "18 - 360x360 (360p)", "protocol": "https", "http_headers": {"User-Agent": "Mozilla/5.0 (Windows NT 10.0; Win64; x64) AppleWebKit/537.36 (KHTML, like Gecko) Chrome/72.0.3626.85 Safari/537.36", "Accept-Charset": "ISO-8859-1,utf-8;q=0.7,*;q=0.7", "Accept": "text/html,application/xhtml+xml,application/xml;q=0.9,*/*;q=0.8", "Accept-Encoding": "gzip, deflate", "Accept-Language": "en-us,en;q=0.5"}}], "is_live": null, "start_time": null, "end_time": null, "series": null, "season_number": null, "episode_number": null, "track": "Mirrors", "artist": "Pianoholic", "album": "Piano Covers, Vol. 1", "release_date": "20190327", "release_year": 2019, "extractor": "youtube", "webpage_url_basename": "watch", "extractor_key": "Youtube", "playlist": null, "playlist_index": null, "thumbnail": "https://i.ytimg.com/vi_webp/EcTkdi4wzQ0/maxresdefault.webp", "display_id": "EcTkdi4wzQ0", "requested_subtitles": null, "format_id": "251", "url": "https://r3---sn-5njj-u2xl.googlevideo.com/videoplayback?expire=1611763206&ei=pjkRYJZro6mVBIPzkUg&ip=140.109.135.76&id=o-ALwJPSwF7_5xQwhuRqM9D65H07mHYd-Vysd5cnG6sf_p&itag=251&source=youtube&requiressl=yes&mh=fm&mm=31%2C29&mn=sn-5njj-u2xl%2Csn-un57en7l&ms=au%2Crdu&mv=m&mvi=3&pl=16&gcr=tw&initcwndbps=730000&vprv=1&mime=audio%2Fwebm&ns=vpqkauHp1f7nJ60c9mZAMUwF&gir=yes&clen=2675244&dur=126.921&lmt=1597119853173504&mt=1611740913&fvip=3&keepalive=yes&c=WEB&txp=2311222&n=OvucgscGWwSe82vvltcC&sparams=expire%2Cei%2Cip%2Cid%2Citag%2Csource%2Crequiressl%2Cgcr%2Cvprv%2Cmime%2Cns%2Cgir%2Cclen%2Cdur%2Clmt&lsparams=mh%2Cmm%2Cmn%2Cms%2Cmv%2Cmvi%2Cpl%2Cinitcwndbps&lsig=AG3C_xAwRAIgVtgls-YVOo_ul0JlNS8MmxP1477F89RbCgw79drlu6wCIAHcXbAxhg5oWCkQDZ9fxKbRjUHCKQIevkRGgb37msee&sig=AOq0QJ8wRQIgDYBceBb3LN8vQ3DyjfPD7cOnkw264rdSMO08WSZEj8YCIQDXRqWD-gbCri7zERZQia21EH0xGSn1lZn0lh6KrwpcuA==&ratebypass=yes", "player_url": "/s/player/c6df6ed7/player_ias.vflset/en_US/base.js", "ext": "webm", "format_note": "tiny", "acodec": "opus", "abr": 160, "asr": 48000, "filesize": 2675244, "fps": null, "height": null, "tbr": 176.071, "width": null, "vcodec": "none", "downloader_options": {"http_chunk_size": 10485760}, "format": "251 - audio only (tiny)", "protocol": "https", "http_headers": {"User-Agent": "Mozilla/5.0 (Windows NT 10.0; Win64; x64) AppleWebKit/537.36 (KHTML, like Gecko) Chrome/72.0.3626.85 Safari/537.36", "Accept-Charset": "ISO-8859-1,utf-8;q=0.7,*;q=0.7", "Accept": "text/html,application/xhtml+xml,application/xml;q=0.9,*/*;q=0.8", "Accept-Encoding": "gzip, deflate", "Accept-Language": "en-us,en;q=0.5"}}