{"id": "eJbvUwOjo1g", "uploader": "Yudan730 \u9b5a\u86cb\u6751\u92fc\u7434\u983b\u9053", "uploader_id": "yudan730", "uploader_url": "http://www.youtube.com/user/yudan730", "channel_id": "UCSwXQEe1RO4pdURFpYw--cg", "channel_url": "http://www.youtube.com/channel/UCSwXQEe1RO4pdURFpYw--cg", "upload_date": "20210105", "license": null, "creator": null, "title": "\u56e0\u70ba\u4f60 \u6240\u4ee5\u6211 \u92fc\u7434\u7248 (\u4e3b\u5531: MAYDAY\u4e94\u6708\u5929 )", "alt_title": null, "thumbnails": [{"url": "https://i.ytimg.com/vi/eJbvUwOjo1g/hqdefault.jpg?sqp=-oaymwEYCKgBEF5IVfKriqkDCwgBFQAAiEIYAXAB&rs=AOn4CLCz_KCY7C3Z33-igOHiob6z3jAxFg", "width": 168, "height": 94, "resolution": "168x94", "id": "0"}, {"url": "https://i.ytimg.com/vi/eJbvUwOjo1g/hqdefault.jpg?sqp=-oaymwEYCMQBEG5IVfKriqkDCwgBFQAAiEIYAXAB&rs=AOn4CLAQ8wSq72yDM-CKehwEUxW4paXGQg", "width": 196, "height": 110, "resolution": "196x110", "id": "1"}, {"url": "https://i.ytimg.com/vi/eJbvUwOjo1g/hqdefault.jpg?sqp=-oaymwEZCPYBEIoBSFXyq4qpAwsIARUAAIhCGAFwAQ==&rs=AOn4CLBuoS8EX4xHX_0JoTPdmph16ZMfNg", "width": 246, "height": 138, "resolution": "246x138", "id": "2"}, {"url": "https://i.ytimg.com/vi/eJbvUwOjo1g/hqdefault.jpg?sqp=-oaymwEZCNACELwBSFXyq4qpAwsIARUAAIhCGAFwAQ==&rs=AOn4CLDcFS2UVTLQ0G1iB9GZw9HB2MHfxA", "width": 336, "height": 188, "resolution": "336x188", "id": "3"}, {"url": "https://i.ytimg.com/vi_webp/eJbvUwOjo1g/maxresdefault.webp", "width": 1920, "height": 1080, "resolution": "1920x1080", "id": "4"}], "description": "\u672c\u5f71\u7247\u7434\u8b5c\u4e0b\u8f09 Piano Sheet Here\uff01\u2794 http://yudans.net/1382\n\u8a02\u95b1\u6751\u9577\uff01\u2794 https://goo.gl/Qlpz6E\n\u53f0\u7063\u6b4c\u66f2\u64ad\u653e\u6e05\u55ae \u2794 https://goo.gl/q0Gv36\n\u4f86\u770b\u770b\u6751\u9577\u6700\u65b0\u66dd\u5149\u52d5\u5411\uff01\u2794 https://goo.gl/7MzmFu\n\n\u9b5a\u86cb\u6751\u7434\u8b5c\u7db2\u7ad9 \u2794 http://yudans.net/\n\u6751\u9577\u500b\u4eba Facebook \u2794 http://goo.gl/64ocaC\n\u9b5a\u86cb\u6751\u5b98\u65b9Facebook\u5c08\u9801 \u2794 https://goo.gl/7MzmFu\nInstagram \u2794 yudan730\n\u5fae\u535a \u2794 http://goo.gl/7V6ouW\n\u92fc\u7434\u6559\u5b78/\u5ee3\u544a\u67e5\u8a62 \u2794 yudansnet@gmail.com\n\n---------------------------------------\n\n\u4f5c\u8a5e\uff1a\u963f\u4fe1\n\u4f5c\u66f2\uff1a\u963f\u4fe1\n\n\u6b4c\u8a5e\uff1a\n\n\u4eba\u7fa4 \u7159\u706b \u9999\u6ab3\u548c\u6c23\u7403\n\u662f\u4f60 \u5e36\u6211 \u5f9e\u6d3e\u5c0d\u9003\u8d70\n\u9003\u96e2 \u4eba\u9593 \u8033\u8a9e\u548c\u9a37\u52d5\n\u9019\u88e1 \u53ea\u6709 \u4f60\u6211\u548c\u661f\u7a7a\n\u4f60\u662f \u4f55\u6642 \u975c\u975c\u9760\u8fd1\u6211\n\u4f60\u662f \u4f55\u6642 \u5077\u5077\u62ef\u6551\u6211\n\u5728\u6211 \u638c\u5fc3 \u653e\u4e86 \u4e00\u9846\u7cd6\u679c\n\n\u4eba\u985e \u70ba\u4f55 \u90fd\u611b\u770b\u5929\u7a7a\n\u80cc\u4e0a \u537b\u90fd \u6709\u4e00\u5c0d\u50b7\u53e3\n\u751f\u5728 \u9019\u500b \u51e1\u4eba\u7684\u661f\u7403\n\u662f\u5426 \u4e0d\u914d \u4f5c\u5929\u4f7f\u7684\u5922\n\u4f60\u5c07 \u4f60\u7684 \u7fc5\u8180\u7d66\u4e86\u6211\n\u5e36\u6211 \u7a7f\u8d8a \u72fc\u7fa4\u548c\u93e1\u982d\n\u8b93\u6211 \u80fd\u5920 \u54c1\u5690 \u7247\u523b\u81ea\u7531\n\n\u56e0\u70ba\u4f60 \u6240\u4ee5\u6211 \u611b\u4e0a\u90a3 \u7247\u5929\u7a7a\n\u5929\u7a7a\u4e0b \u6211\u5728\u7948\u6c42 \u90a3\u662f\u4f60 \u727d\u8457\u6211\n\u6700\u6df1\u523b \u7684\u6545\u4e8b \u6700\u6c38\u6046 \u7684\u50b3\u8aaa\n\u4e0d\u904e \u662f\u4f60 \u662f\u6211 \u80fd\u5920 \u5e73\u51e1\u751f\u6d3b\n\n\u56e0\u70ba\u4f60 \u6240\u4ee5\u6211 \u6240\u4ee5\u6211 \u4e0d\u9000\u7e2e\n\u518d\u4e0d\u9858 \u9019\u4e00\u751f\u4e2d \u6709\u907a\u61be \u4e0d\u53cd\u99c1\n\u4e0d\u518d\u807d \u5225\u4eba\u8aaa \u4e0d\u5728\u4e4e \u8ab0\u80fd\u61c2\n\u53ea\u56e0 \u4e16\u754c \u518d\u5927 \u4e0d\u904e \u4f60\u548c\u6211\n\u7528\u6700\u5c0f\u56de\u61b6 \u5806\u6210\u5b87\u5b99\n\n\u4eba\u751f \u53ea\u662f \u9808\u81fe\u7684\u524e\u90a3\n\u4eba\u9593 \u53ea\u662f \u5929\u5730\u7684\u593e\u7e2b\n\u4eba\u5011 \u4f55\u82e6 \u8981\u6d3b\u6210\u4fee\u7f85\n\u6d3b\u5728 \u57f7\u8457 \u5c0d\u932f\u7684\u7262\u7c60\n\u662f\u4f60 \u5e6b\u6211 \u505c\u4e0b\u4e86\u6c99\u6f0f\n\u662f\u4f60 \u6559\u6211 \u5225\u5bb3\u6015\u95d6\u798d\n\u662f\u4f60 \u8b93\u6211 \u6d3b\u5f97 \u8207\u773e\u4e0d\u540c", "categories": ["Music"], "tags": ["\u92fc\u7434", "\u92fc\u7434\u7248", "\u7d14\u97f3\u6a02", "\u97f3\u6a02", "\u4f34\u5531", "Piano", "yudan730", "hugowong", "hugo", "yudans", "yudansnet", "\u9b5a\u86cb", "\u9b5a\u86cb\u6751", "\u6751\u9577", "cover", "\u7434\u8b5c", "\u6559\u5b78", "\u56e0\u70ba\u4f60 \u6240\u4ee5\u6211", "\u4e94\u6708\u5929"], "subtitles": {}, "automatic_captions": {}, "duration": 285, "age_limit": 0, "annotations": null, "chapters": null, "webpage_url": "https://www.youtube.com/watch?v=eJbvUwOjo1g", "view_count": 4703, "like_count": 166, "dislike_count": null, "average_rating": 5.0, "formats": [{"format_id": "249", "url": "https://r7---sn-5njj-u2xl.googlevideo.com/videoplayback?expire=1611763792&ei=8DsRYOTlKoThgQOO14jwBQ&ip=140.109.135.76&id=o-AEGR286tW7hc3BTDDEvNrMIksHM2OL_weU1ik7Cz7Cbb&itag=249&source=youtube&requiressl=yes&mh=Sr&mm=31%2C29&mn=sn-5njj-u2xl%2Csn-un57en7s&ms=au%2Crdu&mv=m&mvi=7&pl=16&initcwndbps=695000&vprv=1&mime=audio%2Fwebm&ns=T6cR7CTcLoxH7U0jzGFpK7cF&gir=yes&clen=1956029&dur=284.581&lmt=1609854808585241&mt=1611741877&fvip=4&keepalive=yes&c=WEB&txp=6311222&n=2MDIh2lxZ6JEpRpl5_1O&sparams=expire%2Cei%2Cip%2Cid%2Citag%2Csource%2Crequiressl%2Cvprv%2Cmime%2Cns%2Cgir%2Cclen%2Cdur%2Clmt&sig=AOq0QJ8wRAIgT5X46uzJFgthB_SMzr1zwD_BT6AJn2ORXrmvvJZJeHkCIAcyzMRur1EEWAmQQdt1YkQivcCzL1CnNXsvP60MXqcL&lsparams=mh%2Cmm%2Cmn%2Cms%2Cmv%2Cmvi%2Cpl%2Cinitcwndbps&lsig=AG3C_xAwRQIhAPFpmfYMb3NaTOpwmAxQVvgkqxg5DCr8lOK-KKSOPF7nAiBLeEs6MmPqT2QJ0ritQCXp6HPQkqLlvQLad7Q9i6wchg%3D%3D&ratebypass=yes", "player_url": null, "ext": "webm", "format_note": "tiny", "acodec": "opus", "abr": 50, "asr": 48000, "filesize": 1956029, "fps": null, "height": null, "tbr": 62.164, "width": null, "vcodec": "none", "downloader_options": {"http_chunk_size": 10485760}, "format": "249 - audio only (tiny)", "protocol": "https", "http_headers": {"User-Agent": "Mozilla/5.0 (Windows NT 10.0; Win64; x64) AppleWebKit/537.36 (KHTML, like Gecko) Chrome/72.0.3626.85 Safari/537.36", "Accept-Charset": "ISO-8859-1,utf-8;q=0.7,*;q=0.7", "Accept": "text/html,application/xhtml+xml,application/xml;q=0.9,*/*;q=0.8", "Accept-Encoding": "gzip, deflate", "Accept-Language": "en-us,en;q=0.5"}}, {"format_id": "250", "url": "https://r7---sn-5njj-u2xl.googlevideo.com/videoplayback?expire=1611763792&ei=8DsRYOTlKoThgQOO14jwBQ&ip=140.109.135.76&id=o-AEGR286tW7hc3BTDDEvNrMIksHM2OL_weU1ik7Cz7Cbb&itag=250&source=youtube&requiressl=yes&mh=Sr&mm=31%2C29&mn=sn-5njj-u2xl%2Csn-un57en7s&ms=au%2Crdu&mv=m&mvi=7&pl=16&initcwndbps=695000&vprv=1&mime=audio%2Fwebm&ns=T6cR7CTcLoxH7U0jzGFpK7cF&gir=yes&clen=2596093&dur=284.581&lmt=1609854809494182&mt=1611741877&fvip=4&keepalive=yes&c=WEB&txp=6311222&n=2MDIh2lxZ6JEpRpl5_1O&sparams=expire%2Cei%2Cip%2Cid%2Citag%2Csource%2Crequiressl%2Cvprv%2Cmime%2Cns%2Cgir%2Cclen%2Cdur%2Clmt&sig=AOq0QJ8wRAIgKNPLLHgiCX2oagspw3ySG9vOZM_RPYqZCDkJQ1yELyICIBz0Y-vA6xhQ5ksf938PYk_PWXO8EMEooy_AD4-Y3Bx9&lsparams=mh%2Cmm%2Cmn%2Cms%2Cmv%2Cmvi%2Cpl%2Cinitcwndbps&lsig=AG3C_xAwRQIhAPFpmfYMb3NaTOpwmAxQVvgkqxg5DCr8lOK-KKSOPF7nAiBLeEs6MmPqT2QJ0ritQCXp6HPQkqLlvQLad7Q9i6wchg%3D%3D&ratebypass=yes", "player_url": null, "ext": "webm", "format_note": "tiny", "acodec": "opus", "abr": 70, "asr": 48000, "filesize": 2596093, "fps": null, "height": null, "tbr": 81.529, "width": null, "vcodec": "none", "downloader_options": {"http_chunk_size": 10485760}, "format": "250 - audio only (tiny)", "protocol": "https", "http_headers": {"User-Agent": "Mozilla/5.0 (Windows NT 10.0; Win64; x64) AppleWebKit/537.36 (KHTML, like Gecko) Chrome/72.0.3626.85 Safari/537.36", "Accept-Charset": "ISO-8859-1,utf-8;q=0.7,*;q=0.7", "Accept": "text/html,application/xhtml+xml,application/xml;q=0.9,*/*;q=0.8", "Accept-Encoding": "gzip, deflate", "Accept-Language": "en-us,en;q=0.5"}}, {"format_id": "140", "url": "https://r7---sn-5njj-u2xl.googlevideo.com/videoplayback?expire=1611763792&ei=8DsRYOTlKoThgQOO14jwBQ&ip=140.109.135.76&id=o-AEGR286tW7hc3BTDDEvNrMIksHM2OL_weU1ik7Cz7Cbb&itag=140&source=youtube&requiressl=yes&mh=Sr&mm=31%2C29&mn=sn-5njj-u2xl%2Csn-un57en7s&ms=au%2Crdu&mv=m&mvi=7&pl=16&initcwndbps=695000&vprv=1&mime=audio%2Fmp4&ns=T6cR7CTcLoxH7U0jzGFpK7cF&gir=yes&clen=4606767&dur=284.606&lmt=1609854824515612&mt=1611741877&fvip=4&keepalive=yes&c=WEB&txp=6311222&n=2MDIh2lxZ6JEpRpl5_1O&sparams=expire%2Cei%2Cip%2Cid%2Citag%2Csource%2Crequiressl%2Cvprv%2Cmime%2Cns%2Cgir%2Cclen%2Cdur%2Clmt&sig=AOq0QJ8wRQIhAL58sNtJ138PuXWeqZhLksWPpR7mlmvkr6o079Ihz-NoAiA7ZwE7Zu_obaug7txF8-aZe21cASSEq-jQ04X3RalDlQ%3D%3D&lsparams=mh%2Cmm%2Cmn%2Cms%2Cmv%2Cmvi%2Cpl%2Cinitcwndbps&lsig=AG3C_xAwRQIhAPFpmfYMb3NaTOpwmAxQVvgkqxg5DCr8lOK-KKSOPF7nAiBLeEs6MmPqT2QJ0ritQCXp6HPQkqLlvQLad7Q9i6wchg%3D%3D&ratebypass=yes", "player_url": null, "ext": "m4a", "format_note": "tiny", "acodec": "mp4a.40.2", "abr": 128, "container": "m4a_dash", "asr": 44100, "filesize": 4606767, "fps": null, "height": null, "tbr": 130.514, "width": null, "vcodec": "none", "downloader_options": {"http_chunk_size": 10485760}, "format": "140 - audio only (tiny)", "protocol": "https", "http_headers": {"User-Agent": "Mozilla/5.0 (Windows NT 10.0; Win64; x64) AppleWebKit/537.36 (KHTML, like Gecko) Chrome/72.0.3626.85 Safari/537.36", "Accept-Charset": "ISO-8859-1,utf-8;q=0.7,*;q=0.7", "Accept": "text/html,application/xhtml+xml,application/xml;q=0.9,*/*;q=0.8", "Accept-Encoding": "gzip, deflate", "Accept-Language": "en-us,en;q=0.5"}}, {"format_id": "251", "url": "https://r7---sn-5njj-u2xl.googlevideo.com/videoplayback?expire=1611763792&ei=8DsRYOTlKoThgQOO14jwBQ&ip=140.109.135.76&id=o-AEGR286tW7hc3BTDDEvNrMIksHM2OL_weU1ik7Cz7Cbb&itag=251&source=youtube&requiressl=yes&mh=Sr&mm=31%2C29&mn=sn-5njj-u2xl%2Csn-un57en7s&ms=au%2Crdu&mv=m&mvi=7&pl=16&initcwndbps=695000&vprv=1&mime=audio%2Fwebm&ns=T6cR7CTcLoxH7U0jzGFpK7cF&gir=yes&clen=5112220&dur=284.581&lmt=1609854809887130&mt=1611741877&fvip=4&keepalive=yes&c=WEB&txp=6311222&n=2MDIh2lxZ6JEpRpl5_1O&sparams=expire%2Cei%2Cip%2Cid%2Citag%2Csource%2Crequiressl%2Cvprv%2Cmime%2Cns%2Cgir%2Cclen%2Cdur%2Clmt&sig=AOq0QJ8wRQIgJgjijJ8XDAsahnaCd7ACjXU-v9wqiLIx_DoC0uSpU_ACIQDIW_lQUiLJZop3ijcGIXyEBIYbXRCQKKri5AlYFGnVEg%3D%3D&lsparams=mh%2Cmm%2Cmn%2Cms%2Cmv%2Cmvi%2Cpl%2Cinitcwndbps&lsig=AG3C_xAwRQIhAPFpmfYMb3NaTOpwmAxQVvgkqxg5DCr8lOK-KKSOPF7nAiBLeEs6MmPqT2QJ0ritQCXp6HPQkqLlvQLad7Q9i6wchg%3D%3D&ratebypass=yes", "player_url": null, "ext": "webm", "format_note": "tiny", "acodec": "opus", "abr": 160, "asr": 48000, "filesize": 5112220, "fps": null, "height": null, "tbr": 156.956, "width": null, "vcodec": "none", "downloader_options": {"http_chunk_size": 10485760}, "format": "251 - audio only (tiny)", "protocol": "https", "http_headers": {"User-Agent": "Mozilla/5.0 (Windows NT 10.0; Win64; x64) AppleWebKit/537.36 (KHTML, like Gecko) Chrome/72.0.3626.85 Safari/537.36", "Accept-Charset": "ISO-8859-1,utf-8;q=0.7,*;q=0.7", "Accept": "text/html,application/xhtml+xml,application/xml;q=0.9,*/*;q=0.8", "Accept-Encoding": "gzip, deflate", "Accept-Language": "en-us,en;q=0.5"}}, {"format_id": "278", "url": "https://r7---sn-5njj-u2xl.googlevideo.com/videoplayback?expire=1611763792&ei=8DsRYOTlKoThgQOO14jwBQ&ip=140.109.135.76&id=o-AEGR286tW7hc3BTDDEvNrMIksHM2OL_weU1ik7Cz7Cbb&itag=278&aitags=133%2C134%2C135%2C136%2C160%2C242%2C243%2C244%2C247%2C278%2C298%2C299%2C302%2C303%2C308%2C315&source=youtube&requiressl=yes&mh=Sr&mm=31%2C29&mn=sn-5njj-u2xl%2Csn-un57en7s&ms=au%2Crdu&mv=m&mvi=7&pl=16&initcwndbps=695000&vprv=1&mime=video%2Fwebm&ns=T6cR7CTcLoxH7U0jzGFpK7cF&gir=yes&clen=3005963&dur=284.551&lmt=1609854889371355&mt=1611741877&fvip=4&keepalive=yes&c=WEB&txp=6316222&n=2MDIh2lxZ6JEpRpl5_1O&sparams=expire%2Cei%2Cip%2Cid%2Caitags%2Csource%2Crequiressl%2Cvprv%2Cmime%2Cns%2Cgir%2Cclen%2Cdur%2Clmt&sig=AOq0QJ8wRQIgHEyyhFBSvi3F4bgqQ_snC7L8u30Il_2_p_aY0wV_krkCIQD4VDCPAONupYAR1Y8QRtyszYQ1V-xLIImRPtVCr8nz2w%3D%3D&lsparams=mh%2Cmm%2Cmn%2Cms%2Cmv%2Cmvi%2Cpl%2Cinitcwndbps&lsig=AG3C_xAwRQIhAPFpmfYMb3NaTOpwmAxQVvgkqxg5DCr8lOK-KKSOPF7nAiBLeEs6MmPqT2QJ0ritQCXp6HPQkqLlvQLad7Q9i6wchg%3D%3D&ratebypass=yes", "player_url": null, "ext": "webm", "height": 144, "format_note": "144p", "container": "webm", "vcodec": "vp9", "asr": null, "filesize": 3005963, "fps": 30, "tbr": 93.023, "width": 256, "acodec": "none", "downloader_options": {"http_chunk_size": 10485760}, "format": "278 - 256x144 (144p)", "protocol": "https", "http_headers": {"User-Agent": "Mozilla/5.0 (Windows NT 10.0; Win64; x64) AppleWebKit/537.36 (KHTML, like Gecko) Chrome/72.0.3626.85 Safari/537.36", "Accept-Charset": "ISO-8859-1,utf-8;q=0.7,*;q=0.7", "Accept": "text/html,application/xhtml+xml,application/xml;q=0.9,*/*;q=0.8", "Accept-Encoding": "gzip, deflate", "Accept-Language": "en-us,en;q=0.5"}}, {"format_id": "160", "url": "https://r7---sn-5njj-u2xl.googlevideo.com/videoplayback?expire=1611763792&ei=8DsRYOTlKoThgQOO14jwBQ&ip=140.109.135.76&id=o-AEGR286tW7hc3BTDDEvNrMIksHM2OL_weU1ik7Cz7Cbb&itag=160&aitags=133%2C134%2C135%2C136%2C160%2C242%2C243%2C244%2C247%2C278%2C298%2C299%2C302%2C303%2C308%2C315&source=youtube&requiressl=yes&mh=Sr&mm=31%2C29&mn=sn-5njj-u2xl%2Csn-un57en7s&ms=au%2Crdu&mv=m&mvi=7&pl=16&initcwndbps=695000&vprv=1&mime=video%2Fmp4&ns=T6cR7CTcLoxH7U0jzGFpK7cF&gir=yes&clen=4004066&dur=284.551&lmt=1609854911205390&mt=1611741877&fvip=4&keepalive=yes&c=WEB&txp=6316222&n=2MDIh2lxZ6JEpRpl5_1O&sparams=expire%2Cei%2Cip%2Cid%2Caitags%2Csource%2Crequiressl%2Cvprv%2Cmime%2Cns%2Cgir%2Cclen%2Cdur%2Clmt&sig=AOq0QJ8wRQIhAOOqzFtVQ-isFnHxDx-zDhToGI59YaeyjUzSOaMn8052AiA4SvRBT_-ocXOwvat3Bdndgml4eenda9Or4ijKFSMbbw%3D%3D&lsparams=mh%2Cmm%2Cmn%2Cms%2Cmv%2Cmvi%2Cpl%2Cinitcwndbps&lsig=AG3C_xAwRQIhAPFpmfYMb3NaTOpwmAxQVvgkqxg5DCr8lOK-KKSOPF7nAiBLeEs6MmPqT2QJ0ritQCXp6HPQkqLlvQLad7Q9i6wchg%3D%3D&ratebypass=yes", "player_url": null, "ext": "mp4", "height": 144, "format_note": "144p", "vcodec": "avc1.4d400c", "asr": null, "filesize": 4004066, "fps": 30, "tbr": 127.905, "width": 256, "acodec": "none", "downloader_options": {"http_chunk_size": 10485760}, "format": "160 - 256x144 (144p)", "protocol": "https", "http_headers": {"User-Agent": "Mozilla/5.0 (Windows NT 10.0; Win64; x64) AppleWebKit/537.36 (KHTML, like Gecko) Chrome/72.0.3626.85 Safari/537.36", "Accept-Charset": "ISO-8859-1,utf-8;q=0.7,*;q=0.7", "Accept": "text/html,application/xhtml+xml,application/xml;q=0.9,*/*;q=0.8", "Accept-Encoding": "gzip, deflate", "Accept-Language": "en-us,en;q=0.5"}}, {"format_id": "242", "url": "https://r7---sn-5njj-u2xl.googlevideo.com/videoplayback?expire=1611763792&ei=8DsRYOTlKoThgQOO14jwBQ&ip=140.109.135.76&id=o-AEGR286tW7hc3BTDDEvNrMIksHM2OL_weU1ik7Cz7Cbb&itag=242&aitags=133%2C134%2C135%2C136%2C160%2C242%2C243%2C244%2C247%2C278%2C298%2C299%2C302%2C303%2C308%2C315&source=youtube&requiressl=yes&mh=Sr&mm=31%2C29&mn=sn-5njj-u2xl%2Csn-un57en7s&ms=au%2Crdu&mv=m&mvi=7&pl=16&initcwndbps=695000&vprv=1&mime=video%2Fwebm&ns=T6cR7CTcLoxH7U0jzGFpK7cF&gir=yes&clen=5971559&dur=284.551&lmt=1609854889366189&mt=1611741877&fvip=4&keepalive=yes&c=WEB&txp=6316222&n=2MDIh2lxZ6JEpRpl5_1O&sparams=expire%2Cei%2Cip%2Cid%2Caitags%2Csource%2Crequiressl%2Cvprv%2Cmime%2Cns%2Cgir%2Cclen%2Cdur%2Clmt&sig=AOq0QJ8wRgIhAIo8kywjSn4F3hIuovqWTQyLadZtQES38XLXNY0yo_7KAiEA_kbZ_zvcR5fYz-pEUBtYofCKWOx1EKZTCOwiWnO9esc%3D&lsparams=mh%2Cmm%2Cmn%2Cms%2Cmv%2Cmvi%2Cpl%2Cinitcwndbps&lsig=AG3C_xAwRQIhAPFpmfYMb3NaTOpwmAxQVvgkqxg5DCr8lOK-KKSOPF7nAiBLeEs6MmPqT2QJ0ritQCXp6HPQkqLlvQLad7Q9i6wchg%3D%3D&ratebypass=yes", "player_url": null, "ext": "webm", "height": 240, "format_note": "240p", "vcodec": "vp9", "asr": null, "filesize": 5971559, "fps": 30, "tbr": 195.524, "width": 426, "acodec": "none", "downloader_options": {"http_chunk_size": 10485760}, "format": "242 - 426x240 (240p)", "protocol": "https", "http_headers": {"User-Agent": "Mozilla/5.0 (Windows NT 10.0; Win64; x64) AppleWebKit/537.36 (KHTML, like Gecko) Chrome/72.0.3626.85 Safari/537.36", "Accept-Charset": "ISO-8859-1,utf-8;q=0.7,*;q=0.7", "Accept": "text/html,application/xhtml+xml,application/xml;q=0.9,*/*;q=0.8", "Accept-Encoding": "gzip, deflate", "Accept-Language": "en-us,en;q=0.5"}}, {"format_id": "133", "url": "https://r7---sn-5njj-u2xl.googlevideo.com/videoplayback?expire=1611763792&ei=8DsRYOTlKoThgQOO14jwBQ&ip=140.109.135.76&id=o-AEGR286tW7hc3BTDDEvNrMIksHM2OL_weU1ik7Cz7Cbb&itag=133&aitags=133%2C134%2C135%2C136%2C160%2C242%2C243%2C244%2C247%2C278%2C298%2C299%2C302%2C303%2C308%2C315&source=youtube&requiressl=yes&mh=Sr&mm=31%2C29&mn=sn-5njj-u2xl%2Csn-un57en7s&ms=au%2Crdu&mv=m&mvi=7&pl=16&initcwndbps=695000&vprv=1&mime=video%2Fmp4&ns=T6cR7CTcLoxH7U0jzGFpK7cF&gir=yes&clen=9148527&dur=284.551&lmt=1609854911208039&mt=1611741877&fvip=4&keepalive=yes&c=WEB&txp=6316222&n=2MDIh2lxZ6JEpRpl5_1O&sparams=expire%2Cei%2Cip%2Cid%2Caitags%2Csource%2Crequiressl%2Cvprv%2Cmime%2Cns%2Cgir%2Cclen%2Cdur%2Clmt&sig=AOq0QJ8wRgIhAL9nS0WwxK3orUFsg__CiKs7Jh074aVJBEs94JZlNxebAiEA3FM6wAwsxlvwGTC8XhuGwfhhG5U5a-IOQ-RyPcTWAj8%3D&lsparams=mh%2Cmm%2Cmn%2Cms%2Cmv%2Cmvi%2Cpl%2Cinitcwndbps&lsig=AG3C_xAwRQIhAPFpmfYMb3NaTOpwmAxQVvgkqxg5DCr8lOK-KKSOPF7nAiBLeEs6MmPqT2QJ0ritQCXp6HPQkqLlvQLad7Q9i6wchg%3D%3D&ratebypass=yes", "player_url": null, "ext": "mp4", "height": 240, "format_note": "240p", "vcodec": "avc1.4d4015", "asr": null, "filesize": 9148527, "fps": 30, "tbr": 307.016, "width": 426, "acodec": "none", "downloader_options": {"http_chunk_size": 10485760}, "format": "133 - 426x240 (240p)", "protocol": "https", "http_headers": {"User-Agent": "Mozilla/5.0 (Windows NT 10.0; Win64; x64) AppleWebKit/537.36 (KHTML, like Gecko) Chrome/72.0.3626.85 Safari/537.36", "Accept-Charset": "ISO-8859-1,utf-8;q=0.7,*;q=0.7", "Accept": "text/html,application/xhtml+xml,application/xml;q=0.9,*/*;q=0.8", "Accept-Encoding": "gzip, deflate", "Accept-Language": "en-us,en;q=0.5"}}, {"format_id": "243", "url": "https://r7---sn-5njj-u2xl.googlevideo.com/videoplayback?expire=1611763792&ei=8DsRYOTlKoThgQOO14jwBQ&ip=140.109.135.76&id=o-AEGR286tW7hc3BTDDEvNrMIksHM2OL_weU1ik7Cz7Cbb&itag=243&aitags=133%2C134%2C135%2C136%2C160%2C242%2C243%2C244%2C247%2C278%2C298%2C299%2C302%2C303%2C308%2C315&source=youtube&requiressl=yes&mh=Sr&mm=31%2C29&mn=sn-5njj-u2xl%2Csn-un57en7s&ms=au%2Crdu&mv=m&mvi=7&pl=16&initcwndbps=695000&vprv=1&mime=video%2Fwebm&ns=T6cR7CTcLoxH7U0jzGFpK7cF&gir=yes&clen=9308524&dur=284.551&lmt=1609854889366379&mt=1611741877&fvip=4&keepalive=yes&c=WEB&txp=6316222&n=2MDIh2lxZ6JEpRpl5_1O&sparams=expire%2Cei%2Cip%2Cid%2Caitags%2Csource%2Crequiressl%2Cvprv%2Cmime%2Cns%2Cgir%2Cclen%2Cdur%2Clmt&sig=AOq0QJ8wRgIhAL4WI5VQ65UQIq1zz6lncqkJGV69HrdYQ49ktCVkW9nPAiEA--tP65zkCrEayfC4nHsF_0Cl1zbXJXc_dnytoXin7uA%3D&lsparams=mh%2Cmm%2Cmn%2Cms%2Cmv%2Cmvi%2Cpl%2Cinitcwndbps&lsig=AG3C_xAwRQIhAPFpmfYMb3NaTOpwmAxQVvgkqxg5DCr8lOK-KKSOPF7nAiBLeEs6MmPqT2QJ0ritQCXp6HPQkqLlvQLad7Q9i6wchg%3D%3D&ratebypass=yes", "player_url": null, "ext": "webm", "height": 360, "format_note": "360p", "vcodec": "vp9", "asr": null, "filesize": 9308524, "fps": 30, "tbr": 336.687, "width": 640, "acodec": "none", "downloader_options": {"http_chunk_size": 10485760}, "format": "243 - 640x360 (360p)", "protocol": "https", "http_headers": {"User-Agent": "Mozilla/5.0 (Windows NT 10.0; Win64; x64) AppleWebKit/537.36 (KHTML, like Gecko) Chrome/72.0.3626.85 Safari/537.36", "Accept-Charset": "ISO-8859-1,utf-8;q=0.7,*;q=0.7", "Accept": "text/html,application/xhtml+xml,application/xml;q=0.9,*/*;q=0.8", "Accept-Encoding": "gzip, deflate", "Accept-Language": "en-us,en;q=0.5"}}, {"format_id": "244", "url": "https://r7---sn-5njj-u2xl.googlevideo.com/videoplayback?expire=1611763792&ei=8DsRYOTlKoThgQOO14jwBQ&ip=140.109.135.76&id=o-AEGR286tW7hc3BTDDEvNrMIksHM2OL_weU1ik7Cz7Cbb&itag=244&aitags=133%2C134%2C135%2C136%2C160%2C242%2C243%2C244%2C247%2C278%2C298%2C299%2C302%2C303%2C308%2C315&source=youtube&requiressl=yes&mh=Sr&mm=31%2C29&mn=sn-5njj-u2xl%2Csn-un57en7s&ms=au%2Crdu&mv=m&mvi=7&pl=16&initcwndbps=695000&vprv=1&mime=video%2Fwebm&ns=T6cR7CTcLoxH7U0jzGFpK7cF&gir=yes&clen=14468793&dur=284.551&lmt=1609854889365199&mt=1611741877&fvip=4&keepalive=yes&c=WEB&txp=6316222&n=2MDIh2lxZ6JEpRpl5_1O&sparams=expire%2Cei%2Cip%2Cid%2Caitags%2Csource%2Crequiressl%2Cvprv%2Cmime%2Cns%2Cgir%2Cclen%2Cdur%2Clmt&sig=AOq0QJ8wRQIgXHzXWKcZgAS5fb-S3f4PFEN_-DUg-kkIPZT_at4NvbYCIQC-gC4Sbg-e3zw_jim82A2BWykj70Wbw-atPYgMSpPt1w%3D%3D&lsparams=mh%2Cmm%2Cmn%2Cms%2Cmv%2Cmvi%2Cpl%2Cinitcwndbps&lsig=AG3C_xAwRQIhAPFpmfYMb3NaTOpwmAxQVvgkqxg5DCr8lOK-KKSOPF7nAiBLeEs6MmPqT2QJ0ritQCXp6HPQkqLlvQLad7Q9i6wchg%3D%3D&ratebypass=yes", "player_url": null, "ext": "webm", "height": 480, "format_note": "480p", "vcodec": "vp9", "asr": null, "filesize": 14468793, "fps": 30, "tbr": 558.395, "width": 854, "acodec": "none", "downloader_options": {"http_chunk_size": 10485760}, "format": "244 - 854x480 (480p)", "protocol": "https", "http_headers": {"User-Agent": "Mozilla/5.0 (Windows NT 10.0; Win64; x64) AppleWebKit/537.36 (KHTML, like Gecko) Chrome/72.0.3626.85 Safari/537.36", "Accept-Charset": "ISO-8859-1,utf-8;q=0.7,*;q=0.7", "Accept": "text/html,application/xhtml+xml,application/xml;q=0.9,*/*;q=0.8", "Accept-Encoding": "gzip, deflate", "Accept-Language": "en-us,en;q=0.5"}}, {"format_id": "134", "url": "https://r7---sn-5njj-u2xl.googlevideo.com/videoplayback?expire=1611763792&ei=8DsRYOTlKoThgQOO14jwBQ&ip=140.109.135.76&id=o-AEGR286tW7hc3BTDDEvNrMIksHM2OL_weU1ik7Cz7Cbb&itag=134&aitags=133%2C134%2C135%2C136%2C160%2C242%2C243%2C244%2C247%2C278%2C298%2C299%2C302%2C303%2C308%2C315&source=youtube&requiressl=yes&mh=Sr&mm=31%2C29&mn=sn-5njj-u2xl%2Csn-un57en7s&ms=au%2Crdu&mv=m&mvi=7&pl=16&initcwndbps=695000&vprv=1&mime=video%2Fmp4&ns=T6cR7CTcLoxH7U0jzGFpK7cF&gir=yes&clen=16969028&dur=284.551&lmt=1609854911206287&mt=1611741877&fvip=4&keepalive=yes&c=WEB&txp=6316222&n=2MDIh2lxZ6JEpRpl5_1O&sparams=expire%2Cei%2Cip%2Cid%2Caitags%2Csource%2Crequiressl%2Cvprv%2Cmime%2Cns%2Cgir%2Cclen%2Cdur%2Clmt&sig=AOq0QJ8wRAIgOJc_aH9SxxufsaFDahU8ImAME88I5ja0rst6LELIAJkCIGe-ZO8vHKzxkUDtgbK3SzPvq1yvbnuxoaUXZ2_xN45G&lsparams=mh%2Cmm%2Cmn%2Cms%2Cmv%2Cmvi%2Cpl%2Cinitcwndbps&lsig=AG3C_xAwRQIhAPFpmfYMb3NaTOpwmAxQVvgkqxg5DCr8lOK-KKSOPF7nAiBLeEs6MmPqT2QJ0ritQCXp6HPQkqLlvQLad7Q9i6wchg%3D%3D&ratebypass=yes", "player_url": null, "ext": "mp4", "height": 360, "format_note": "360p", "vcodec": "avc1.4d401e", "asr": null, "filesize": 16969028, "fps": 30, "tbr": 607.422, "width": 640, "acodec": "none", "downloader_options": {"http_chunk_size": 10485760}, "format": "134 - 640x360 (360p)", "protocol": "https", "http_headers": {"User-Agent": "Mozilla/5.0 (Windows NT 10.0; Win64; x64) AppleWebKit/537.36 (KHTML, like Gecko) Chrome/72.0.3626.85 Safari/537.36", "Accept-Charset": "ISO-8859-1,utf-8;q=0.7,*;q=0.7", "Accept": "text/html,application/xhtml+xml,application/xml;q=0.9,*/*;q=0.8", "Accept-Encoding": "gzip, deflate", "Accept-Language": "en-us,en;q=0.5"}}, {"format_id": "247", "url": "https://r7---sn-5njj-u2xl.googlevideo.com/videoplayback?expire=1611763792&ei=8DsRYOTlKoThgQOO14jwBQ&ip=140.109.135.76&id=o-AEGR286tW7hc3BTDDEvNrMIksHM2OL_weU1ik7Cz7Cbb&itag=247&aitags=133%2C134%2C135%2C136%2C160%2C242%2C243%2C244%2C247%2C278%2C298%2C299%2C302%2C303%2C308%2C315&source=youtube&requiressl=yes&mh=Sr&mm=31%2C29&mn=sn-5njj-u2xl%2Csn-un57en7s&ms=au%2Crdu&mv=m&mvi=7&pl=16&initcwndbps=695000&vprv=1&mime=video%2Fwebm&ns=T6cR7CTcLoxH7U0jzGFpK7cF&gir=yes&clen=24287346&dur=284.551&lmt=1609854889367679&mt=1611741877&fvip=4&keepalive=yes&c=WEB&txp=6316222&n=2MDIh2lxZ6JEpRpl5_1O&sparams=expire%2Cei%2Cip%2Cid%2Caitags%2Csource%2Crequiressl%2Cvprv%2Cmime%2Cns%2Cgir%2Cclen%2Cdur%2Clmt&sig=AOq0QJ8wRgIhAPfDE5mPQ6uu3uAcd_SaWLb7SoJzRxLzACoByvp6vOuhAiEA2BjFgWOROXeyTY0LX6Zrf1VO2s1t9ZRrBv1UsyGEZNs%3D&lsparams=mh%2Cmm%2Cmn%2Cms%2Cmv%2Cmvi%2Cpl%2Cinitcwndbps&lsig=AG3C_xAwRQIhAPFpmfYMb3NaTOpwmAxQVvgkqxg5DCr8lOK-KKSOPF7nAiBLeEs6MmPqT2QJ0ritQCXp6HPQkqLlvQLad7Q9i6wchg%3D%3D&ratebypass=yes", "player_url": null, "ext": "webm", "height": 720, "format_note": "720p", "vcodec": "vp9", "asr": null, "filesize": 24287346, "fps": 30, "tbr": 952.322, "width": 1280, "acodec": "none", "downloader_options": {"http_chunk_size": 10485760}, "format": "247 - 1280x720 (720p)", "protocol": "https", "http_headers": {"User-Agent": "Mozilla/5.0 (Windows NT 10.0; Win64; x64) AppleWebKit/537.36 (KHTML, like Gecko) Chrome/72.0.3626.85 Safari/537.36", "Accept-Charset": "ISO-8859-1,utf-8;q=0.7,*;q=0.7", "Accept": "text/html,application/xhtml+xml,application/xml;q=0.9,*/*;q=0.8", "Accept-Encoding": "gzip, deflate", "Accept-Language": "en-us,en;q=0.5"}}, {"format_id": "135", "url": "https://r7---sn-5njj-u2xl.googlevideo.com/videoplayback?expire=1611763792&ei=8DsRYOTlKoThgQOO14jwBQ&ip=140.109.135.76&id=o-AEGR286tW7hc3BTDDEvNrMIksHM2OL_weU1ik7Cz7Cbb&itag=135&aitags=133%2C134%2C135%2C136%2C160%2C242%2C243%2C244%2C247%2C278%2C298%2C299%2C302%2C303%2C308%2C315&source=youtube&requiressl=yes&mh=Sr&mm=31%2C29&mn=sn-5njj-u2xl%2Csn-un57en7s&ms=au%2Crdu&mv=m&mvi=7&pl=16&initcwndbps=695000&vprv=1&mime=video%2Fmp4&ns=T6cR7CTcLoxH7U0jzGFpK7cF&gir=yes&clen=29109135&dur=284.551&lmt=1609854911207434&mt=1611741877&fvip=4&keepalive=yes&c=WEB&txp=6316222&n=2MDIh2lxZ6JEpRpl5_1O&sparams=expire%2Cei%2Cip%2Cid%2Caitags%2Csource%2Crequiressl%2Cvprv%2Cmime%2Cns%2Cgir%2Cclen%2Cdur%2Clmt&sig=AOq0QJ8wRQIhALK17uYDOEQsqAnoSK3nAXEfqDCOUwAaTwz9gV9SjAIyAiAIcX1huyUV_PsTbAjBR5iINRxCrdTWMrbbGc2ldENciA%3D%3D&lsparams=mh%2Cmm%2Cmn%2Cms%2Cmv%2Cmvi%2Cpl%2Cinitcwndbps&lsig=AG3C_xAwRQIhAPFpmfYMb3NaTOpwmAxQVvgkqxg5DCr8lOK-KKSOPF7nAiBLeEs6MmPqT2QJ0ritQCXp6HPQkqLlvQLad7Q9i6wchg%3D%3D&ratebypass=yes", "player_url": null, "ext": "mp4", "height": 480, "format_note": "480p", "vcodec": "avc1.4d401f", "asr": null, "filesize": 29109135, "fps": 30, "tbr": 1104.84, "width": 854, "acodec": "none", "downloader_options": {"http_chunk_size": 10485760}, "format": "135 - 854x480 (480p)", "protocol": "https", "http_headers": {"User-Agent": "Mozilla/5.0 (Windows NT 10.0; Win64; x64) AppleWebKit/537.36 (KHTML, like Gecko) Chrome/72.0.3626.85 Safari/537.36", "Accept-Charset": "ISO-8859-1,utf-8;q=0.7,*;q=0.7", "Accept": "text/html,application/xhtml+xml,application/xml;q=0.9,*/*;q=0.8", "Accept-Encoding": "gzip, deflate", "Accept-Language": "en-us,en;q=0.5"}}, {"format_id": "302", "url": "https://r7---sn-5njj-u2xl.googlevideo.com/videoplayback?expire=1611763792&ei=8DsRYOTlKoThgQOO14jwBQ&ip=140.109.135.76&id=o-AEGR286tW7hc3BTDDEvNrMIksHM2OL_weU1ik7Cz7Cbb&itag=302&aitags=133%2C134%2C135%2C136%2C160%2C242%2C243%2C244%2C247%2C278%2C298%2C299%2C302%2C303%2C308%2C315&source=youtube&requiressl=yes&mh=Sr&mm=31%2C29&mn=sn-5njj-u2xl%2Csn-un57en7s&ms=au%2Crdu&mv=m&mvi=7&pl=16&initcwndbps=695000&vprv=1&mime=video%2Fwebm&ns=T6cR7CTcLoxH7U0jzGFpK7cF&gir=yes&clen=39265266&dur=284.550&lmt=1609854889399417&mt=1611741877&fvip=4&keepalive=yes&c=WEB&txp=6316222&n=2MDIh2lxZ6JEpRpl5_1O&sparams=expire%2Cei%2Cip%2Cid%2Caitags%2Csource%2Crequiressl%2Cvprv%2Cmime%2Cns%2Cgir%2Cclen%2Cdur%2Clmt&sig=AOq0QJ8wRAIgVAUFxKawWR_g_Ib9a03_IiZABAk089OGx5d1LHTa3h0CICVgzaIDkLXo-Oxlkfxz6CRYa3rK_ng7N0vvwLYVY5E9&lsparams=mh%2Cmm%2Cmn%2Cms%2Cmv%2Cmvi%2Cpl%2Cinitcwndbps&lsig=AG3C_xAwRQIhAPFpmfYMb3NaTOpwmAxQVvgkqxg5DCr8lOK-KKSOPF7nAiBLeEs6MmPqT2QJ0ritQCXp6HPQkqLlvQLad7Q9i6wchg%3D%3D&ratebypass=yes", "player_url": null, "ext": "webm", "height": 720, "format_note": "720p60", "vcodec": "vp9", "fps": 60, "asr": null, "filesize": 39265266, "tbr": 1446.909, "width": 1280, "acodec": "none", "downloader_options": {"http_chunk_size": 10485760}, "format": "302 - 1280x720 (720p60)", "protocol": "https", "http_headers": {"User-Agent": "Mozilla/5.0 (Windows NT 10.0; Win64; x64) AppleWebKit/537.36 (KHTML, like Gecko) Chrome/72.0.3626.85 Safari/537.36", "Accept-Charset": "ISO-8859-1,utf-8;q=0.7,*;q=0.7", "Accept": "text/html,application/xhtml+xml,application/xml;q=0.9,*/*;q=0.8", "Accept-Encoding": "gzip, deflate", "Accept-Language": "en-us,en;q=0.5"}}, {"format_id": "136", "url": "https://r7---sn-5njj-u2xl.googlevideo.com/videoplayback?expire=1611763792&ei=8DsRYOTlKoThgQOO14jwBQ&ip=140.109.135.76&id=o-AEGR286tW7hc3BTDDEvNrMIksHM2OL_weU1ik7Cz7Cbb&itag=136&aitags=133%2C134%2C135%2C136%2C160%2C242%2C243%2C244%2C247%2C278%2C298%2C299%2C302%2C303%2C308%2C315&source=youtube&requiressl=yes&mh=Sr&mm=31%2C29&mn=sn-5njj-u2xl%2Csn-un57en7s&ms=au%2Crdu&mv=m&mvi=7&pl=16&initcwndbps=695000&vprv=1&mime=video%2Fmp4&ns=T6cR7CTcLoxH7U0jzGFpK7cF&gir=yes&clen=50400049&dur=284.551&lmt=1609854911205695&mt=1611741877&fvip=4&keepalive=yes&c=WEB&txp=6316222&n=2MDIh2lxZ6JEpRpl5_1O&sparams=expire%2Cei%2Cip%2Cid%2Caitags%2Csource%2Crequiressl%2Cvprv%2Cmime%2Cns%2Cgir%2Cclen%2Cdur%2Clmt&sig=AOq0QJ8wRAIgKI8FU6bmcBN9ChwH1czVT3OSVWU6_8Q9NowCHywgGEoCIGq7c_dpD4gCXDBBmJRZorj1d7nHc_82Xs6IanRAHTn2&lsparams=mh%2Cmm%2Cmn%2Cms%2Cmv%2Cmvi%2Cpl%2Cinitcwndbps&lsig=AG3C_xAwRQIhAPFpmfYMb3NaTOpwmAxQVvgkqxg5DCr8lOK-KKSOPF7nAiBLeEs6MmPqT2QJ0ritQCXp6HPQkqLlvQLad7Q9i6wchg%3D%3D&ratebypass=yes", "player_url": null, "ext": "mp4", "height": 720, "format_note": "720p", "vcodec": "avc1.64001f", "asr": null, "filesize": 50400049, "fps": 30, "tbr": 2095.883, "width": 1280, "acodec": "none", "downloader_options": {"http_chunk_size": 10485760}, "format": "136 - 1280x720 (720p)", "protocol": "https", "http_headers": {"User-Agent": "Mozilla/5.0 (Windows NT 10.0; Win64; x64) AppleWebKit/537.36 (KHTML, like Gecko) Chrome/72.0.3626.85 Safari/537.36", "Accept-Charset": "ISO-8859-1,utf-8;q=0.7,*;q=0.7", "Accept": "text/html,application/xhtml+xml,application/xml;q=0.9,*/*;q=0.8", "Accept-Encoding": "gzip, deflate", "Accept-Language": "en-us,en;q=0.5"}}, {"format_id": "303", "url": "https://r7---sn-5njj-u2xl.googlevideo.com/videoplayback?expire=1611763792&ei=8DsRYOTlKoThgQOO14jwBQ&ip=140.109.135.76&id=o-AEGR286tW7hc3BTDDEvNrMIksHM2OL_weU1ik7Cz7Cbb&itag=303&aitags=133%2C134%2C135%2C136%2C160%2C242%2C243%2C244%2C247%2C278%2C298%2C299%2C302%2C303%2C308%2C315&source=youtube&requiressl=yes&mh=Sr&mm=31%2C29&mn=sn-5njj-u2xl%2Csn-un57en7s&ms=au%2Crdu&mv=m&mvi=7&pl=16&initcwndbps=695000&vprv=1&mime=video%2Fwebm&ns=T6cR7CTcLoxH7U0jzGFpK7cF&gir=yes&clen=55262459&dur=284.550&lmt=1609854889369503&mt=1611741877&fvip=4&keepalive=yes&c=WEB&txp=6316222&n=2MDIh2lxZ6JEpRpl5_1O&sparams=expire%2Cei%2Cip%2Cid%2Caitags%2Csource%2Crequiressl%2Cvprv%2Cmime%2Cns%2Cgir%2Cclen%2Cdur%2Clmt&sig=AOq0QJ8wRQIgUUsU5u4SDcTiVysAZSy8GMAMNRpcgvDgm2euTVcflK8CIQCDNmCIlsHt8jt4imF772HNjsBskEe0O8jkLs9gLmBxPA%3D%3D&lsparams=mh%2Cmm%2Cmn%2Cms%2Cmv%2Cmvi%2Cpl%2Cinitcwndbps&lsig=AG3C_xAwRQIhAPFpmfYMb3NaTOpwmAxQVvgkqxg5DCr8lOK-KKSOPF7nAiBLeEs6MmPqT2QJ0ritQCXp6HPQkqLlvQLad7Q9i6wchg%3D%3D&ratebypass=yes", "player_url": null, "ext": "webm", "height": 1080, "format_note": "1080p60", "vcodec": "vp9", "fps": 60, "asr": null, "filesize": 55262459, "tbr": 2122.805, "width": 1920, "acodec": "none", "downloader_options": {"http_chunk_size": 10485760}, "format": "303 - 1920x1080 (1080p60)", "protocol": "https", "http_headers": {"User-Agent": "Mozilla/5.0 (Windows NT 10.0; Win64; x64) AppleWebKit/537.36 (KHTML, like Gecko) Chrome/72.0.3626.85 Safari/537.36", "Accept-Charset": "ISO-8859-1,utf-8;q=0.7,*;q=0.7", "Accept": "text/html,application/xhtml+xml,application/xml;q=0.9,*/*;q=0.8", "Accept-Encoding": "gzip, deflate", "Accept-Language": "en-us,en;q=0.5"}}, {"format_id": "298", "url": "https://r7---sn-5njj-u2xl.googlevideo.com/videoplayback?expire=1611763792&ei=8DsRYOTlKoThgQOO14jwBQ&ip=140.109.135.76&id=o-AEGR286tW7hc3BTDDEvNrMIksHM2OL_weU1ik7Cz7Cbb&itag=298&aitags=133%2C134%2C135%2C136%2C160%2C242%2C243%2C244%2C247%2C278%2C298%2C299%2C302%2C303%2C308%2C315&source=youtube&requiressl=yes&mh=Sr&mm=31%2C29&mn=sn-5njj-u2xl%2Csn-un57en7s&ms=au%2Crdu&mv=m&mvi=7&pl=16&initcwndbps=695000&vprv=1&mime=video%2Fmp4&ns=T6cR7CTcLoxH7U0jzGFpK7cF&gir=yes&clen=70060809&dur=284.550&lmt=1609854911206925&mt=1611741877&fvip=4&keepalive=yes&c=WEB&txp=6316222&n=2MDIh2lxZ6JEpRpl5_1O&sparams=expire%2Cei%2Cip%2Cid%2Caitags%2Csource%2Crequiressl%2Cvprv%2Cmime%2Cns%2Cgir%2Cclen%2Cdur%2Clmt&sig=AOq0QJ8wRQIgK3VW3Qed7GGUQYoN42VZMzWp3rZ_NIbrsNOhwZkrIbkCIQCW77x-GJQJk81hxDiBsEwm6bNSt05E0yGB8M6mzDjlNQ%3D%3D&lsparams=mh%2Cmm%2Cmn%2Cms%2Cmv%2Cmvi%2Cpl%2Cinitcwndbps&lsig=AG3C_xAwRQIhAPFpmfYMb3NaTOpwmAxQVvgkqxg5DCr8lOK-KKSOPF7nAiBLeEs6MmPqT2QJ0ritQCXp6HPQkqLlvQLad7Q9i6wchg%3D%3D&ratebypass=yes", "player_url": null, "ext": "mp4", "height": 720, "format_note": "720p60", "vcodec": "avc1.640020", "fps": 60, "asr": null, "filesize": 70060809, "tbr": 2687.526, "width": 1280, "acodec": "none", "downloader_options": {"http_chunk_size": 10485760}, "format": "298 - 1280x720 (720p60)", "protocol": "https", "http_headers": {"User-Agent": "Mozilla/5.0 (Windows NT 10.0; Win64; x64) AppleWebKit/537.36 (KHTML, like Gecko) Chrome/72.0.3626.85 Safari/537.36", "Accept-Charset": "ISO-8859-1,utf-8;q=0.7,*;q=0.7", "Accept": "text/html,application/xhtml+xml,application/xml;q=0.9,*/*;q=0.8", "Accept-Encoding": "gzip, deflate", "Accept-Language": "en-us,en;q=0.5"}}, {"format_id": "299", "url": "https://r7---sn-5njj-u2xl.googlevideo.com/videoplayback?expire=1611763792&ei=8DsRYOTlKoThgQOO14jwBQ&ip=140.109.135.76&id=o-AEGR286tW7hc3BTDDEvNrMIksHM2OL_weU1ik7Cz7Cbb&itag=299&aitags=133%2C134%2C135%2C136%2C160%2C242%2C243%2C244%2C247%2C278%2C298%2C299%2C302%2C303%2C308%2C315&source=youtube&requiressl=yes&mh=Sr&mm=31%2C29&mn=sn-5njj-u2xl%2Csn-un57en7s&ms=au%2Crdu&mv=m&mvi=7&pl=16&initcwndbps=695000&vprv=1&mime=video%2Fmp4&ns=T6cR7CTcLoxH7U0jzGFpK7cF&gir=yes&clen=124724908&dur=284.550&lmt=1609854911205652&mt=1611741877&fvip=4&keepalive=yes&c=WEB&txp=6316222&n=2MDIh2lxZ6JEpRpl5_1O&sparams=expire%2Cei%2Cip%2Cid%2Caitags%2Csource%2Crequiressl%2Cvprv%2Cmime%2Cns%2Cgir%2Cclen%2Cdur%2Clmt&sig=AOq0QJ8wRQIgXlMf_WqI4xfQEc0hMbjBFTHwR-Pi2Ji_wPpBUkjIa24CIQDwfvOnG_LebD-fiL7Kt8tZbEotnVYIpST11nn4YJZb9A%3D%3D&lsparams=mh%2Cmm%2Cmn%2Cms%2Cmv%2Cmvi%2Cpl%2Cinitcwndbps&lsig=AG3C_xAwRQIhAPFpmfYMb3NaTOpwmAxQVvgkqxg5DCr8lOK-KKSOPF7nAiBLeEs6MmPqT2QJ0ritQCXp6HPQkqLlvQLad7Q9i6wchg%3D%3D&ratebypass=yes", "player_url": null, "ext": "mp4", "height": 1080, "format_note": "1080p60", "vcodec": "avc1.64002a", "fps": 60, "asr": null, "filesize": 124724908, "tbr": 4714.682, "width": 1920, "acodec": "none", "downloader_options": {"http_chunk_size": 10485760}, "format": "299 - 1920x1080 (1080p60)", "protocol": "https", "http_headers": {"User-Agent": "Mozilla/5.0 (Windows NT 10.0; Win64; x64) AppleWebKit/537.36 (KHTML, like Gecko) Chrome/72.0.3626.85 Safari/537.36", "Accept-Charset": "ISO-8859-1,utf-8;q=0.7,*;q=0.7", "Accept": "text/html,application/xhtml+xml,application/xml;q=0.9,*/*;q=0.8", "Accept-Encoding": "gzip, deflate", "Accept-Language": "en-us,en;q=0.5"}}, {"format_id": "308", "url": "https://r7---sn-5njj-u2xl.googlevideo.com/videoplayback?expire=1611763792&ei=8DsRYOTlKoThgQOO14jwBQ&ip=140.109.135.76&id=o-AEGR286tW7hc3BTDDEvNrMIksHM2OL_weU1ik7Cz7Cbb&itag=308&aitags=133%2C134%2C135%2C136%2C160%2C242%2C243%2C244%2C247%2C278%2C298%2C299%2C302%2C303%2C308%2C315&source=youtube&requiressl=yes&mh=Sr&mm=31%2C29&mn=sn-5njj-u2xl%2Csn-un57en7s&ms=au%2Crdu&mv=m&mvi=7&pl=16&initcwndbps=695000&vprv=1&mime=video%2Fwebm&ns=T6cR7CTcLoxH7U0jzGFpK7cF&gir=yes&clen=184688036&dur=284.550&lmt=1609854889363782&mt=1611741877&fvip=4&keepalive=yes&c=WEB&txp=6316222&n=2MDIh2lxZ6JEpRpl5_1O&sparams=expire%2Cei%2Cip%2Cid%2Caitags%2Csource%2Crequiressl%2Cvprv%2Cmime%2Cns%2Cgir%2Cclen%2Cdur%2Clmt&sig=AOq0QJ8wRQIhAO6XG6becKJy36SV9WUl6CMyfk2zqspsegePaCGX3HSYAiBsQKcdFYFn3m8c24r3mv-BN9eKVTfejFacoF4tgMaBLg%3D%3D&lsparams=mh%2Cmm%2Cmn%2Cms%2Cmv%2Cmvi%2Cpl%2Cinitcwndbps&lsig=AG3C_xAwRQIhAPFpmfYMb3NaTOpwmAxQVvgkqxg5DCr8lOK-KKSOPF7nAiBLeEs6MmPqT2QJ0ritQCXp6HPQkqLlvQLad7Q9i6wchg%3D%3D&ratebypass=yes", "player_url": null, "ext": "webm", "height": 1440, "format_note": "1440p60", "vcodec": "vp9", "fps": 60, "asr": null, "filesize": 184688036, "tbr": 6850.05, "width": 2560, "acodec": "none", "downloader_options": {"http_chunk_size": 10485760}, "format": "308 - 2560x1440 (1440p60)", "protocol": "https", "http_headers": {"User-Agent": "Mozilla/5.0 (Windows NT 10.0; Win64; x64) AppleWebKit/537.36 (KHTML, like Gecko) Chrome/72.0.3626.85 Safari/537.36", "Accept-Charset": "ISO-8859-1,utf-8;q=0.7,*;q=0.7", "Accept": "text/html,application/xhtml+xml,application/xml;q=0.9,*/*;q=0.8", "Accept-Encoding": "gzip, deflate", "Accept-Language": "en-us,en;q=0.5"}}, {"format_id": "315", "url": "https://r7---sn-5njj-u2xl.googlevideo.com/videoplayback?expire=1611763792&ei=8DsRYOTlKoThgQOO14jwBQ&ip=140.109.135.76&id=o-AEGR286tW7hc3BTDDEvNrMIksHM2OL_weU1ik7Cz7Cbb&itag=315&aitags=133%2C134%2C135%2C136%2C160%2C242%2C243%2C244%2C247%2C278%2C298%2C299%2C302%2C303%2C308%2C315&source=youtube&requiressl=yes&mh=Sr&mm=31%2C29&mn=sn-5njj-u2xl%2Csn-un57en7s&ms=au%2Crdu&mv=m&mvi=7&pl=16&initcwndbps=695000&vprv=1&mime=video%2Fwebm&ns=T6cR7CTcLoxH7U0jzGFpK7cF&gir=yes&clen=371927791&dur=284.550&lmt=1609854889367979&mt=1611741877&fvip=4&keepalive=yes&c=WEB&txp=6316222&n=2MDIh2lxZ6JEpRpl5_1O&sparams=expire%2Cei%2Cip%2Cid%2Caitags%2Csource%2Crequiressl%2Cvprv%2Cmime%2Cns%2Cgir%2Cclen%2Cdur%2Clmt&sig=AOq0QJ8wRgIhAPAD8XJPmGSEqj_sXHnlc5JSm2uknSbq0Nqa6KCrJarfAiEAiDhf74toDMfBfjwdg-syvZ49nUdczGgdBDqxmbX3KqU%3D&lsparams=mh%2Cmm%2Cmn%2Cms%2Cmv%2Cmvi%2Cpl%2Cinitcwndbps&lsig=AG3C_xAwRQIhAPFpmfYMb3NaTOpwmAxQVvgkqxg5DCr8lOK-KKSOPF7nAiBLeEs6MmPqT2QJ0ritQCXp6HPQkqLlvQLad7Q9i6wchg%3D%3D&ratebypass=yes", "player_url": null, "ext": "webm", "height": 2160, "format_note": "2160p60", "vcodec": "vp9", "fps": 60, "asr": null, "filesize": 371927791, "tbr": 12464.3, "width": 3840, "acodec": "none", "downloader_options": {"http_chunk_size": 10485760}, "format": "315 - 3840x2160 (2160p60)", "protocol": "https", "http_headers": {"User-Agent": "Mozilla/5.0 (Windows NT 10.0; Win64; x64) AppleWebKit/537.36 (KHTML, like Gecko) Chrome/72.0.3626.85 Safari/537.36", "Accept-Charset": "ISO-8859-1,utf-8;q=0.7,*;q=0.7", "Accept": "text/html,application/xhtml+xml,application/xml;q=0.9,*/*;q=0.8", "Accept-Encoding": "gzip, deflate", "Accept-Language": "en-us,en;q=0.5"}}, {"format_id": "18", "url": "https://r7---sn-5njj-u2xl.googlevideo.com/videoplayback?expire=1611763792&ei=8DsRYOTlKoThgQOO14jwBQ&ip=140.109.135.76&id=o-AEGR286tW7hc3BTDDEvNrMIksHM2OL_weU1ik7Cz7Cbb&itag=18&source=youtube&requiressl=yes&mh=Sr&mm=31%2C29&mn=sn-5njj-u2xl%2Csn-un57en7s&ms=au%2Crdu&mv=m&mvi=7&pl=16&initcwndbps=695000&vprv=1&mime=video%2Fmp4&ns=IHNuqoS64tikJO02-zsHD8gF&gir=yes&clen=19759381&ratebypass=yes&dur=284.606&lmt=1609854957606692&mt=1611741877&fvip=4&c=WEB&txp=6310222&n=3XtyP2khH85xITpM0AJT&sparams=expire%2Cei%2Cip%2Cid%2Citag%2Csource%2Crequiressl%2Cvprv%2Cmime%2Cns%2Cgir%2Cclen%2Cratebypass%2Cdur%2Clmt&sig=AOq0QJ8wRQIhAJyEiDYg7IIC3-isrDRfDiJRt4CKZJ9x2djiqSHun6cjAiA4Ny_OqSLwymDxanwVFX-650Ize4-32I5CEbEPXFwxug%3D%3D&lsparams=mh%2Cmm%2Cmn%2Cms%2Cmv%2Cmvi%2Cpl%2Cinitcwndbps&lsig=AG3C_xAwRQIhAPFpmfYMb3NaTOpwmAxQVvgkqxg5DCr8lOK-KKSOPF7nAiBLeEs6MmPqT2QJ0ritQCXp6HPQkqLlvQLad7Q9i6wchg%3D%3D", "player_url": null, "ext": "mp4", "width": 640, "height": 360, "acodec": "mp4a.40.2", "abr": 96, "vcodec": "avc1.42001E", "asr": 44100, "filesize": 19759381, "format_note": "360p", "fps": 30, "tbr": 555.526, "format": "18 - 640x360 (360p)", "protocol": "https", "http_headers": {"User-Agent": "Mozilla/5.0 (Windows NT 10.0; Win64; x64) AppleWebKit/537.36 (KHTML, like Gecko) Chrome/72.0.3626.85 Safari/537.36", "Accept-Charset": "ISO-8859-1,utf-8;q=0.7,*;q=0.7", "Accept": "text/html,application/xhtml+xml,application/xml;q=0.9,*/*;q=0.8", "Accept-Encoding": "gzip, deflate", "Accept-Language": "en-us,en;q=0.5"}}], "is_live": null, "start_time": null, "end_time": null, "series": null, "season_number": null, "episode_number": null, "track": null, "artist": null, "album": null, "release_date": null, "release_year": null, "extractor": "youtube", "webpage_url_basename": "watch", "extractor_key": "Youtube", "playlist": null, "playlist_index": null, "thumbnail": "https://i.ytimg.com/vi_webp/eJbvUwOjo1g/maxresdefault.webp", "display_id": "eJbvUwOjo1g", "requested_subtitles": null, "format_id": "251", "url": "https://r7---sn-5njj-u2xl.googlevideo.com/videoplayback?expire=1611763792&ei=8DsRYOTlKoThgQOO14jwBQ&ip=140.109.135.76&id=o-AEGR286tW7hc3BTDDEvNrMIksHM2OL_weU1ik7Cz7Cbb&itag=251&source=youtube&requiressl=yes&mh=Sr&mm=31%2C29&mn=sn-5njj-u2xl%2Csn-un57en7s&ms=au%2Crdu&mv=m&mvi=7&pl=16&initcwndbps=695000&vprv=1&mime=audio%2Fwebm&ns=T6cR7CTcLoxH7U0jzGFpK7cF&gir=yes&clen=5112220&dur=284.581&lmt=1609854809887130&mt=1611741877&fvip=4&keepalive=yes&c=WEB&txp=6311222&n=2MDIh2lxZ6JEpRpl5_1O&sparams=expire%2Cei%2Cip%2Cid%2Citag%2Csource%2Crequiressl%2Cvprv%2Cmime%2Cns%2Cgir%2Cclen%2Cdur%2Clmt&sig=AOq0QJ8wRQIgJgjijJ8XDAsahnaCd7ACjXU-v9wqiLIx_DoC0uSpU_ACIQDIW_lQUiLJZop3ijcGIXyEBIYbXRCQKKri5AlYFGnVEg%3D%3D&lsparams=mh%2Cmm%2Cmn%2Cms%2Cmv%2Cmvi%2Cpl%2Cinitcwndbps&lsig=AG3C_xAwRQIhAPFpmfYMb3NaTOpwmAxQVvgkqxg5DCr8lOK-KKSOPF7nAiBLeEs6MmPqT2QJ0ritQCXp6HPQkqLlvQLad7Q9i6wchg%3D%3D&ratebypass=yes", "player_url": null, "ext": "webm", "format_note": "tiny", "acodec": "opus", "abr": 160, "asr": 48000, "filesize": 5112220, "fps": null, "height": null, "tbr": 156.956, "width": null, "vcodec": "none", "downloader_options": {"http_chunk_size": 10485760}, "format": "251 - audio only (tiny)", "protocol": "https", "http_headers": {"User-Agent": "Mozilla/5.0 (Windows NT 10.0; Win64; x64) AppleWebKit/537.36 (KHTML, like Gecko) Chrome/72.0.3626.85 Safari/537.36", "Accept-Charset": "ISO-8859-1,utf-8;q=0.7,*;q=0.7", "Accept": "text/html,application/xhtml+xml,application/xml;q=0.9,*/*;q=0.8", "Accept-Encoding": "gzip, deflate", "Accept-Language": "en-us,en;q=0.5"}}