{"id": "fey-8bOR95E", "uploader": "David Osborne", "uploader_id": "GreenCardProductions", "uploader_url": "http://www.youtube.com/user/GreenCardProductions", "channel_id": "UCbIg-Cs25BT11RMT3K-Wncw", "channel_url": "http://www.youtube.com/channel/UCbIg-Cs25BT11RMT3K-Wncw", "upload_date": "20200719", "license": null, "creator": null, "title": "Crocodile Rock on Piano: David Osborne", "alt_title": null, "thumbnails": [{"url": "https://i.ytimg.com/vi/fey-8bOR95E/hqdefault.jpg?sqp=-oaymwEYCKgBEF5IVfKriqkDCwgBFQAAiEIYAXAB&rs=AOn4CLDPeGxipE6Guk6M9FlGbNIJgmgnxw", "width": 168, "height": 94, "resolution": "168x94", "id": "0"}, {"url": "https://i.ytimg.com/vi/fey-8bOR95E/hqdefault.jpg?sqp=-oaymwEYCMQBEG5IVfKriqkDCwgBFQAAiEIYAXAB&rs=AOn4CLAp4EekOpktYJeydMa3uQ6rfIquDg", "width": 196, "height": 110, "resolution": "196x110", "id": "1"}, {"url": "https://i.ytimg.com/vi/fey-8bOR95E/hqdefault.jpg?sqp=-oaymwEZCPYBEIoBSFXyq4qpAwsIARUAAIhCGAFwAQ==&rs=AOn4CLDzofPqwPV033G03hOB_9MvY4XHFw", "width": 246, "height": 138, "resolution": "246x138", "id": "2"}, {"url": "https://i.ytimg.com/vi/fey-8bOR95E/hqdefault.jpg?sqp=-oaymwEZCNACELwBSFXyq4qpAwsIARUAAIhCGAFwAQ==&rs=AOn4CLCYeNOT5nZYukE-zpFEUqWXGsNSUQ", "width": 336, "height": 188, "resolution": "336x188", "id": "3"}, {"url": "https://i.ytimg.com/vi/fey-8bOR95E/maxresdefault.jpg?v=5f14862c", "width": 1920, "height": 1080, "resolution": "1920x1080", "id": "4"}], "description": "David rocks-out to Elton John's, Crocodile Rock on his Steinway.\nMy other sheet music, available at: https://www.musicnotes.com/sheet-music/artist/david-osborne \n\nCheck me out on Spotify: https://open.spotify.com/artist/0oA8UUNNUP3zWCUkZVin0G\nFollow me on Facebook: https://www.facebook.com/davidosborne.piano/", "categories": ["Music"], "tags": ["Crocodile Rock on Piano: David Osborne", "David", "osborne", "osbourne", "osborn", "osburn", "hotel california", "tutorial", "how to play", "rocketman", "croc", "rock", "pop", "glam", "1972", "1995", "songs popular in", "bernie taupin", "steinway", "elderberry wine", "1973", "crocodile rock on piano", "solo", "cover", "dave"], "subtitles": {}, "automatic_captions": {}, "duration": 218, "age_limit": 0, "annotations": null, "chapters": null, "webpage_url": "https://www.youtube.com/watch?v=fey-8bOR95E", "view_count": 1487, "like_count": 76, "dislike_count": null, "average_rating": 5.0, "formats": [{"ext": "m4a", "format_note": "DASH audio", "acodec": "mp4a.40.5", "abr": 48, "container": "m4a_dash", "format_id": "139", "manifest_url": "https://manifest.googlevideo.com/api/manifest/dash/expire/1608733043/ei/E_3iX83rDpHm4wKZtIa4CQ/ip/140.109.135.76/id/7decbef1b391f791/source/youtube/requiressl/yes/playback_host/r1---sn-5njj-u2xl.googlevideo.com/mh/xj/mm/31%2C29/mn/sn-5njj-u2xl%2Csn-un57sn76/ms/au%2Crdu/mv/m/mvi/1/pcm2cms/yes/pl/16/hfr/all/as/fmp4_audio_clear%2Cwebm_audio_clear%2Cwebm2_audio_clear%2Cfmp4_sd_hd_clear%2Cwebm2_sd_hd_clear/initcwndbps/567500/vprv/1/mt/1608711395/fvip/1/keepalive/yes/itag/0/sparams/expire%2Cei%2Cip%2Cid%2Csource%2Crequiressl%2Chfr%2Cas%2Cvprv%2Citag/sig/AOq0QJ8wRAIgK32dVjEDYKWJUPjo_mF1ymOOhPfeDQOmOV0kX1_hzWcCIGmj4hFDCuGGlxaoCeAPO9WzAXcsFAwNDBjt6Q7fj6Ww/lsparams/playback_host%2Cmh%2Cmm%2Cmn%2Cms%2Cmv%2Cmvi%2Cpcm2cms%2Cpl%2Cinitcwndbps/lsig/AG3C_xAwRQIhAJC020rP7YSeifreNVyrg8c1tMpGu6pXLFin-gxEmxt9AiBryZRKZ_OAHAHtaool3XrE0cbOn4imZnS565xg6tSppA%3D%3D", "width": null, "height": null, "tbr": 49.881, "asr": 22050, "fps": null, "language": null, "filesize": null, "vcodec": "none", "url": "https://manifest.googlevideo.com/api/manifest/dash/expire/1608733043/ei/E_3iX83rDpHm4wKZtIa4CQ/ip/140.109.135.76/id/7decbef1b391f791/source/youtube/requiressl/yes/playback_host/r1---sn-5njj-u2xl.googlevideo.com/mh/xj/mm/31%2C29/mn/sn-5njj-u2xl%2Csn-un57sn76/ms/au%2Crdu/mv/m/mvi/1/pcm2cms/yes/pl/16/hfr/all/as/fmp4_audio_clear%2Cwebm_audio_clear%2Cwebm2_audio_clear%2Cfmp4_sd_hd_clear%2Cwebm2_sd_hd_clear/initcwndbps/567500/vprv/1/mt/1608711395/fvip/1/keepalive/yes/itag/0/sparams/expire%2Cei%2Cip%2Cid%2Csource%2Crequiressl%2Chfr%2Cas%2Cvprv%2Citag/sig/AOq0QJ8wRAIgK32dVjEDYKWJUPjo_mF1ymOOhPfeDQOmOV0kX1_hzWcCIGmj4hFDCuGGlxaoCeAPO9WzAXcsFAwNDBjt6Q7fj6Ww/lsparams/playback_host%2Cmh%2Cmm%2Cmn%2Cms%2Cmv%2Cmvi%2Cpcm2cms%2Cpl%2Cinitcwndbps/lsig/AG3C_xAwRQIhAJC020rP7YSeifreNVyrg8c1tMpGu6pXLFin-gxEmxt9AiBryZRKZ_OAHAHtaool3XrE0cbOn4imZnS565xg6tSppA%3D%3D", "fragment_base_url": "https://r1---sn-5njj-u2xl.googlevideo.com/videoplayback/expire/1608733043/ei/E_3iX83rDpHm4wKZtIa4CQ/ip/140.109.135.76/id/7decbef1b391f791/itag/139/source/youtube/requiressl/yes/mh/xj/mm/31,29/mn/sn-5njj-u2xl,sn-un57sn76/ms/au,rdu/mv/m/mvi/1/pcm2cms/yes/pl/16/initcwndbps/567500/vprv/1/ratebypass/yes/mime/audio%2Fmp4/otfp/1/gir/yes/clen/1328804/lmt/1595180885865655/dur/217.803/mt/1608711395/fvip/1/keepalive/yes/sparams/expire,ei,ip,id,itag,source,requiressl,vprv,ratebypass,mime,otfp,gir,clen,lmt,dur/sig/AOq0QJ8wRgIhAM2tbNAasEYUGbvqBEYKakKyHFeIGi4MDNVXBnLu4VCGAiEA0t-_1NXp9E2JvjZxodFZUKUH_K1qUE4Lz4ubhNpRk_s%3D/lsparams/mh,mm,mn,ms,mv,mvi,pcm2cms,pl,initcwndbps/lsig/AG3C_xAwRAIgTRnG7NkNgJsROWGFBNLRhytt3qZO6-K3Iz86ssq8-ysCIAtG5MFRZoe-8Gze_FzCviGZ7Xe-YO_0K2HZJBSJdFXX/", "fragments": [{"path": "range/0-640"}, {"path": "range/937-62257", "duration": 9.985}, {"path": "range/62258-123048", "duration": 9.984}, {"path": "range/123049-184048", "duration": 9.985}, {"path": "range/184049-244906", "duration": 9.984}, {"path": "range/244907-305732", "duration": 9.985}, {"path": "range/305733-366536", "duration": 9.984}, {"path": "range/366537-427555", "duration": 9.985}, {"path": "range/427556-488400", "duration": 9.985}, {"path": "range/488401-549233", "duration": 9.984}, {"path": "range/549234-610058", "duration": 9.985}, {"path": "range/610059-670939", "duration": 9.984}, {"path": "range/670940-731810", "duration": 9.985}, {"path": "range/731811-792784", "duration": 9.985}, {"path": "range/792785-853619", "duration": 9.984}, {"path": "range/853620-914446", "duration": 9.985}, {"path": "range/914447-975224", "duration": 9.984}, {"path": "range/975225-1036161", "duration": 9.985}, {"path": "range/1036162-1097031", "duration": 9.984}, {"path": "range/1097032-1157982", "duration": 9.985}, {"path": "range/1157983-1218801", "duration": 9.985}, {"path": "range/1218802-1279600", "duration": 9.984}, {"path": "range/1279601-1328803", "duration": 8.127}], "protocol": "http_dash_segments", "format": "139 - audio only (DASH audio)", "http_headers": {"User-Agent": "Mozilla/5.0 (Windows NT 10.0; Win64; x64) AppleWebKit/537.36 (KHTML, like Gecko) Chrome/72.0.3626.18 Safari/537.36", "Accept-Charset": "ISO-8859-1,utf-8;q=0.7,*;q=0.7", "Accept": "text/html,application/xhtml+xml,application/xml;q=0.9,*/*;q=0.8", "Accept-Encoding": "gzip, deflate", "Accept-Language": "en-us,en;q=0.5"}}, {"ext": "m4a", "format_note": "DASH audio", "acodec": "mp4a.40.2", "abr": 128, "container": "m4a_dash", "format_id": "140", "manifest_url": "https://manifest.googlevideo.com/api/manifest/dash/expire/1608733043/ei/E_3iX83rDpHm4wKZtIa4CQ/ip/140.109.135.76/id/7decbef1b391f791/source/youtube/requiressl/yes/playback_host/r1---sn-5njj-u2xl.googlevideo.com/mh/xj/mm/31%2C29/mn/sn-5njj-u2xl%2Csn-un57sn76/ms/au%2Crdu/mv/m/mvi/1/pcm2cms/yes/pl/16/hfr/all/as/fmp4_audio_clear%2Cwebm_audio_clear%2Cwebm2_audio_clear%2Cfmp4_sd_hd_clear%2Cwebm2_sd_hd_clear/initcwndbps/567500/vprv/1/mt/1608711395/fvip/1/keepalive/yes/itag/0/sparams/expire%2Cei%2Cip%2Cid%2Csource%2Crequiressl%2Chfr%2Cas%2Cvprv%2Citag/sig/AOq0QJ8wRAIgK32dVjEDYKWJUPjo_mF1ymOOhPfeDQOmOV0kX1_hzWcCIGmj4hFDCuGGlxaoCeAPO9WzAXcsFAwNDBjt6Q7fj6Ww/lsparams/playback_host%2Cmh%2Cmm%2Cmn%2Cms%2Cmv%2Cmvi%2Cpcm2cms%2Cpl%2Cinitcwndbps/lsig/AG3C_xAwRQIhAJC020rP7YSeifreNVyrg8c1tMpGu6pXLFin-gxEmxt9AiBryZRKZ_OAHAHtaool3XrE0cbOn4imZnS565xg6tSppA%3D%3D", "width": null, "height": null, "tbr": 130.489, "asr": 44100, "fps": null, "language": null, "filesize": null, "vcodec": "none", "url": "https://manifest.googlevideo.com/api/manifest/dash/expire/1608733043/ei/E_3iX83rDpHm4wKZtIa4CQ/ip/140.109.135.76/id/7decbef1b391f791/source/youtube/requiressl/yes/playback_host/r1---sn-5njj-u2xl.googlevideo.com/mh/xj/mm/31%2C29/mn/sn-5njj-u2xl%2Csn-un57sn76/ms/au%2Crdu/mv/m/mvi/1/pcm2cms/yes/pl/16/hfr/all/as/fmp4_audio_clear%2Cwebm_audio_clear%2Cwebm2_audio_clear%2Cfmp4_sd_hd_clear%2Cwebm2_sd_hd_clear/initcwndbps/567500/vprv/1/mt/1608711395/fvip/1/keepalive/yes/itag/0/sparams/expire%2Cei%2Cip%2Cid%2Csource%2Crequiressl%2Chfr%2Cas%2Cvprv%2Citag/sig/AOq0QJ8wRAIgK32dVjEDYKWJUPjo_mF1ymOOhPfeDQOmOV0kX1_hzWcCIGmj4hFDCuGGlxaoCeAPO9WzAXcsFAwNDBjt6Q7fj6Ww/lsparams/playback_host%2Cmh%2Cmm%2Cmn%2Cms%2Cmv%2Cmvi%2Cpcm2cms%2Cpl%2Cinitcwndbps/lsig/AG3C_xAwRQIhAJC020rP7YSeifreNVyrg8c1tMpGu6pXLFin-gxEmxt9AiBryZRKZ_OAHAHtaool3XrE0cbOn4imZnS565xg6tSppA%3D%3D", "fragment_base_url": "https://r1---sn-5njj-u2xl.googlevideo.com/videoplayback/expire/1608733043/ei/E_3iX83rDpHm4wKZtIa4CQ/ip/140.109.135.76/id/7decbef1b391f791/itag/140/source/youtube/requiressl/yes/mh/xj/mm/31,29/mn/sn-5njj-u2xl,sn-un57sn76/ms/au,rdu/mv/m/mvi/1/pcm2cms/yes/pl/16/initcwndbps/567500/vprv/1/ratebypass/yes/mime/audio%2Fmp4/otfp/1/gir/yes/clen/3524460/lmt/1595180885866199/dur/217.733/mt/1608711395/fvip/1/keepalive/yes/sparams/expire,ei,ip,id,itag,source,requiressl,vprv,ratebypass,mime,otfp,gir,clen,lmt,dur/sig/AOq0QJ8wRAIgHmNU5zTtBOHlB7bzkoL9IicMcCG0s0S_uQtaE-25KdECIB0c9IdJiaEtxhlSXxppSJG0_KbSZkzd69vM_UHXL37e/lsparams/mh,mm,mn,ms,mv,mvi,pcm2cms,pl,initcwndbps/lsig/AG3C_xAwRQIhAKEexyZPn4yZWvceotWuAjh43upWfh8PgzwDQ7t7MBOMAiAzkEWFSc4xcygEBgb_4KvIP2SSXdfUgX6I7hnRVTdtLw%3D%3D/", "fragments": [{"path": "range/0-631"}, {"path": "range/928-162866", "duration": 9.985}, {"path": "range/162867-324456", "duration": 9.984}, {"path": "range/324457-486095", "duration": 9.985}, {"path": "range/486096-647737", "duration": 9.984}, {"path": "range/647738-809164", "duration": 9.985}, {"path": "range/809165-970771", "duration": 9.984}, {"path": "range/970772-1132340", "duration": 9.985}, {"path": "range/1132341-1293908", "duration": 9.985}, {"path": "range/1293909-1455529", "duration": 9.984}, {"path": "range/1455530-1617173", "duration": 9.985}, {"path": "range/1617174-1778632", "duration": 9.984}, {"path": "range/1778633-1940207", "duration": 9.985}, {"path": "range/1940208-2101824", "duration": 9.985}, {"path": "range/2101825-2263400", "duration": 9.984}, {"path": "range/2263401-2424950", "duration": 9.985}, {"path": "range/2424951-2586472", "duration": 9.984}, {"path": "range/2586473-2748181", "duration": 9.985}, {"path": "range/2748182-2909831", "duration": 9.984}, {"path": "range/2909832-3071250", "duration": 9.985}, {"path": "range/3071251-3232768", "duration": 9.985}, {"path": "range/3232769-3394291", "duration": 9.984}, {"path": "range/3394292-3524459", "duration": 8.127}], "protocol": "http_dash_segments", "format": "140 - audio only (DASH audio)", "http_headers": {"User-Agent": "Mozilla/5.0 (Windows NT 10.0; Win64; x64) AppleWebKit/537.36 (KHTML, like Gecko) Chrome/72.0.3626.18 Safari/537.36", "Accept-Charset": "ISO-8859-1,utf-8;q=0.7,*;q=0.7", "Accept": "text/html,application/xhtml+xml,application/xml;q=0.9,*/*;q=0.8", "Accept-Encoding": "gzip, deflate", "Accept-Language": "en-us,en;q=0.5"}}, {"ext": "webm", "format_note": "DASH audio", "acodec": "opus", "abr": 160, "format_id": "251", "manifest_url": "https://manifest.googlevideo.com/api/manifest/dash/expire/1608733043/ei/E_3iX83rDpHm4wKZtIa4CQ/ip/140.109.135.76/id/7decbef1b391f791/source/youtube/requiressl/yes/playback_host/r1---sn-5njj-u2xl.googlevideo.com/mh/xj/mm/31%2C29/mn/sn-5njj-u2xl%2Csn-un57sn76/ms/au%2Crdu/mv/m/mvi/1/pcm2cms/yes/pl/16/hfr/all/as/fmp4_audio_clear%2Cwebm_audio_clear%2Cwebm2_audio_clear%2Cfmp4_sd_hd_clear%2Cwebm2_sd_hd_clear/initcwndbps/567500/vprv/1/mt/1608711395/fvip/1/keepalive/yes/itag/0/sparams/expire%2Cei%2Cip%2Cid%2Csource%2Crequiressl%2Chfr%2Cas%2Cvprv%2Citag/sig/AOq0QJ8wRAIgK32dVjEDYKWJUPjo_mF1ymOOhPfeDQOmOV0kX1_hzWcCIGmj4hFDCuGGlxaoCeAPO9WzAXcsFAwNDBjt6Q7fj6Ww/lsparams/playback_host%2Cmh%2Cmm%2Cmn%2Cms%2Cmv%2Cmvi%2Cpcm2cms%2Cpl%2Cinitcwndbps/lsig/AG3C_xAwRQIhAJC020rP7YSeifreNVyrg8c1tMpGu6pXLFin-gxEmxt9AiBryZRKZ_OAHAHtaool3XrE0cbOn4imZnS565xg6tSppA%3D%3D", "width": null, "height": null, "tbr": 148.137, "asr": 48000, "fps": null, "language": null, "filesize": null, "container": "webm_dash", "vcodec": "none", "url": "https://manifest.googlevideo.com/api/manifest/dash/expire/1608733043/ei/E_3iX83rDpHm4wKZtIa4CQ/ip/140.109.135.76/id/7decbef1b391f791/source/youtube/requiressl/yes/playback_host/r1---sn-5njj-u2xl.googlevideo.com/mh/xj/mm/31%2C29/mn/sn-5njj-u2xl%2Csn-un57sn76/ms/au%2Crdu/mv/m/mvi/1/pcm2cms/yes/pl/16/hfr/all/as/fmp4_audio_clear%2Cwebm_audio_clear%2Cwebm2_audio_clear%2Cfmp4_sd_hd_clear%2Cwebm2_sd_hd_clear/initcwndbps/567500/vprv/1/mt/1608711395/fvip/1/keepalive/yes/itag/0/sparams/expire%2Cei%2Cip%2Cid%2Csource%2Crequiressl%2Chfr%2Cas%2Cvprv%2Citag/sig/AOq0QJ8wRAIgK32dVjEDYKWJUPjo_mF1ymOOhPfeDQOmOV0kX1_hzWcCIGmj4hFDCuGGlxaoCeAPO9WzAXcsFAwNDBjt6Q7fj6Ww/lsparams/playback_host%2Cmh%2Cmm%2Cmn%2Cms%2Cmv%2Cmvi%2Cpcm2cms%2Cpl%2Cinitcwndbps/lsig/AG3C_xAwRQIhAJC020rP7YSeifreNVyrg8c1tMpGu6pXLFin-gxEmxt9AiBryZRKZ_OAHAHtaool3XrE0cbOn4imZnS565xg6tSppA%3D%3D", "fragment_base_url": "https://r1---sn-5njj-u2xl.googlevideo.com/videoplayback/expire/1608733043/ei/E_3iX83rDpHm4wKZtIa4CQ/ip/140.109.135.76/id/7decbef1b391f791/itag/251/source/youtube/requiressl/yes/mh/xj/mm/31,29/mn/sn-5njj-u2xl,sn-un57sn76/ms/au,rdu/mv/m/mvi/1/pcm2cms/yes/pl/16/initcwndbps/567500/vprv/1/ratebypass/yes/mime/audio%2Fwebm/otfp/1/gir/yes/clen/3862251/lmt/1595180884462057/dur/217.701/mt/1608711395/fvip/1/keepalive/yes/sparams/expire,ei,ip,id,itag,source,requiressl,vprv,ratebypass,mime,otfp,gir,clen,lmt,dur/sig/AOq0QJ8wRQIgPP5Wni73d0b2A_OO4QZYk0E-YglGS1Ju3G36X3TTUqQCIQCLn6oRiVkRsQpnajFXV__HnL-NXi1qyTXcXLELuSaoiA%3D%3D/lsparams/mh,mm,mn,ms,mv,mvi,pcm2cms,pl,initcwndbps/lsig/AG3C_xAwRgIhAJdb7380POFMEe_rkk1PSXRpMm11iQ_hrwvUFBs9zYUmAiEAgOX4HimYXJ73zIG4iz2tnwcdo01mVmVp7DaiumQXRzU%3D/", "fragments": [{"path": "range/0-265"}, {"path": "range/637-174576", "duration": 10.001}, {"path": "range/174577-349237", "duration": 10.0}, {"path": "range/349238-526112", "duration": 10.0}, {"path": "range/526113-703768", "duration": 10.0}, {"path": "range/703769-883340", "duration": 10.0}, {"path": "range/883341-1068398", "duration": 10.0}, {"path": "range/1068399-1248941", "duration": 10.0}, {"path": "range/1248942-1425897", "duration": 10.0}, {"path": "range/1425898-1604332", "duration": 10.0}, {"path": "range/1604333-1783210", "duration": 10.0}, {"path": "range/1783211-1962307", "duration": 10.0}, {"path": "range/1962308-2147479", "duration": 10.0}, {"path": "range/2147480-2327915", "duration": 10.0}, {"path": "range/2327916-2507511", "duration": 10.0}, {"path": "range/2507512-2682035", "duration": 10.0}, {"path": "range/2682036-2859091", "duration": 10.0}, {"path": "range/2859092-3042013", "duration": 10.0}, {"path": "range/3042014-3222793", "duration": 10.0}, {"path": "range/3222794-3400701", "duration": 10.0}, {"path": "range/3400702-3576000", "duration": 10.0}, {"path": "range/3576001-3749810", "duration": 10.0}, {"path": "range/3749811-3862250", "duration": 7.7}], "protocol": "http_dash_segments", "format": "251 - audio only (DASH audio)", "http_headers": {"User-Agent": "Mozilla/5.0 (Windows NT 10.0; Win64; x64) AppleWebKit/537.36 (KHTML, like Gecko) Chrome/72.0.3626.18 Safari/537.36", "Accept-Charset": "ISO-8859-1,utf-8;q=0.7,*;q=0.7", "Accept": "text/html,application/xhtml+xml,application/xml;q=0.9,*/*;q=0.8", "Accept-Encoding": "gzip, deflate", "Accept-Language": "en-us,en;q=0.5"}}, {"ext": "webm", "height": 144, "format_note": "DASH video", "container": "webm_dash", "vcodec": "vp9", "format_id": "278", "manifest_url": "https://manifest.googlevideo.com/api/manifest/dash/expire/1608733043/ei/E_3iX83rDpHm4wKZtIa4CQ/ip/140.109.135.76/id/7decbef1b391f791/source/youtube/requiressl/yes/playback_host/r1---sn-5njj-u2xl.googlevideo.com/mh/xj/mm/31%2C29/mn/sn-5njj-u2xl%2Csn-un57sn76/ms/au%2Crdu/mv/m/mvi/1/pcm2cms/yes/pl/16/hfr/all/as/fmp4_audio_clear%2Cwebm_audio_clear%2Cwebm2_audio_clear%2Cfmp4_sd_hd_clear%2Cwebm2_sd_hd_clear/initcwndbps/567500/vprv/1/mt/1608711395/fvip/1/keepalive/yes/itag/0/sparams/expire%2Cei%2Cip%2Cid%2Csource%2Crequiressl%2Chfr%2Cas%2Cvprv%2Citag/sig/AOq0QJ8wRAIgK32dVjEDYKWJUPjo_mF1ymOOhPfeDQOmOV0kX1_hzWcCIGmj4hFDCuGGlxaoCeAPO9WzAXcsFAwNDBjt6Q7fj6Ww/lsparams/playback_host%2Cmh%2Cmm%2Cmn%2Cms%2Cmv%2Cmvi%2Cpcm2cms%2Cpl%2Cinitcwndbps/lsig/AG3C_xAwRQIhAJC020rP7YSeifreNVyrg8c1tMpGu6pXLFin-gxEmxt9AiBryZRKZ_OAHAHtaool3XrE0cbOn4imZnS565xg6tSppA%3D%3D", "width": 256, "tbr": 95.0, "asr": null, "fps": 24, "language": null, "filesize": null, "acodec": "none", "url": "https://manifest.googlevideo.com/api/manifest/dash/expire/1608733043/ei/E_3iX83rDpHm4wKZtIa4CQ/ip/140.109.135.76/id/7decbef1b391f791/source/youtube/requiressl/yes/playback_host/r1---sn-5njj-u2xl.googlevideo.com/mh/xj/mm/31%2C29/mn/sn-5njj-u2xl%2Csn-un57sn76/ms/au%2Crdu/mv/m/mvi/1/pcm2cms/yes/pl/16/hfr/all/as/fmp4_audio_clear%2Cwebm_audio_clear%2Cwebm2_audio_clear%2Cfmp4_sd_hd_clear%2Cwebm2_sd_hd_clear/initcwndbps/567500/vprv/1/mt/1608711395/fvip/1/keepalive/yes/itag/0/sparams/expire%2Cei%2Cip%2Cid%2Csource%2Crequiressl%2Chfr%2Cas%2Cvprv%2Citag/sig/AOq0QJ8wRAIgK32dVjEDYKWJUPjo_mF1ymOOhPfeDQOmOV0kX1_hzWcCIGmj4hFDCuGGlxaoCeAPO9WzAXcsFAwNDBjt6Q7fj6Ww/lsparams/playback_host%2Cmh%2Cmm%2Cmn%2Cms%2Cmv%2Cmvi%2Cpcm2cms%2Cpl%2Cinitcwndbps/lsig/AG3C_xAwRQIhAJC020rP7YSeifreNVyrg8c1tMpGu6pXLFin-gxEmxt9AiBryZRKZ_OAHAHtaool3XrE0cbOn4imZnS565xg6tSppA%3D%3D", "fragment_base_url": "https://r1---sn-5njj-u2xl.googlevideo.com/videoplayback/expire/1608733043/ei/E_3iX83rDpHm4wKZtIa4CQ/ip/140.109.135.76/id/7decbef1b391f791/itag/278/source/yt_otf/requiressl/yes/mh/xj/mm/31,29/mn/sn-5njj-u2xl,sn-un57sn76/ms/au,rdu/mv/m/mvi/1/pcm2cms/yes/pl/16/initcwndbps/567500/vprv/1/ratebypass/yes/mime/video%2Fwebm/otfp/1/otf/1/lmt/1595744225399256/mt/1608711395/fvip/1/keepalive/yes/sparams/expire,ei,ip,id,itag,source,requiressl,vprv,ratebypass,mime,otfp,otf,lmt/sig/AOq0QJ8wRQIgeRmgbg5XjE5BbF6o32g5K8MeF6nUBxvBBRuR0R-immoCIQDk55k0IXMP8luktjflmwfp5P2XqO1iE4olRHTymOUFoQ%3D%3D/lsparams/mh,mm,mn,ms,mv,mvi,pcm2cms,pl,initcwndbps/lsig/AG3C_xAwRQIhALeNcHwbCOgJwer71MeOon8Bvt2qcK2r_iGZ2Ahr6fX-AiAOu-29sLvySebZfBgN7BaJwMqNHG2cMqewQTIpLfI98A%3D%3D/", "fragments": [{"path": "sq/0"}, {"path": "sq/1/dur/5.339", "duration": 5.339}, {"path": "sq/2/dur/5.338", "duration": 5.338}, {"path": "sq/3/dur/5.339", "duration": 5.339}, {"path": "sq/4/dur/5.339", "duration": 5.339}, {"path": "sq/5/dur/5.338", "duration": 5.338}, {"path": "sq/6/dur/5.339", "duration": 5.339}, {"path": "sq/7/dur/5.339", "duration": 5.339}, {"path": "sq/8/dur/5.338", "duration": 5.338}, {"path": "sq/9/dur/5.339", "duration": 5.339}, {"path": "sq/10/dur/5.339", "duration": 5.339}, {"path": "sq/11/dur/5.338", "duration": 5.338}, {"path": "sq/12/dur/5.339", "duration": 5.339}, {"path": "sq/13/dur/5.339", "duration": 5.339}, {"path": "sq/14/dur/5.338", "duration": 5.338}, {"path": "sq/15/dur/5.339", "duration": 5.339}, {"path": "sq/16/dur/5.339", "duration": 5.339}, {"path": "sq/17/dur/5.338", "duration": 5.338}, {"path": "sq/18/dur/5.339", "duration": 5.339}, {"path": "sq/19/dur/5.339", "duration": 5.339}, {"path": "sq/20/dur/5.338", "duration": 5.338}, {"path": "sq/21/dur/5.339", "duration": 5.339}, {"path": "sq/22/dur/5.339", "duration": 5.339}, {"path": "sq/23/dur/5.338", "duration": 5.338}, {"path": "sq/24/dur/5.339", "duration": 5.339}, {"path": "sq/25/dur/5.339", "duration": 5.339}, {"path": "sq/26/dur/5.338", "duration": 5.338}, {"path": "sq/27/dur/5.339", "duration": 5.339}, {"path": "sq/28/dur/5.339", "duration": 5.339}, {"path": "sq/29/dur/5.338", "duration": 5.338}, {"path": "sq/30/dur/5.339", "duration": 5.339}, {"path": "sq/31/dur/5.339", "duration": 5.339}, {"path": "sq/32/dur/5.338", "duration": 5.338}, {"path": "sq/33/dur/5.339", "duration": 5.339}, {"path": "sq/34/dur/5.339", "duration": 5.339}, {"path": "sq/35/dur/5.338", "duration": 5.338}, {"path": "sq/36/dur/5.339", "duration": 5.339}, {"path": "sq/37/dur/5.339", "duration": 5.339}, {"path": "sq/38/dur/5.338", "duration": 5.338}, {"path": "sq/39/dur/5.339", "duration": 5.339}, {"path": "sq/40/dur/5.339", "duration": 5.339}, {"path": "sq/41/dur/4.129", "duration": 4.129}], "protocol": "http_dash_segments", "format": "278 - 256x144 (DASH video)", "http_headers": {"User-Agent": "Mozilla/5.0 (Windows NT 10.0; Win64; x64) AppleWebKit/537.36 (KHTML, like Gecko) Chrome/72.0.3626.18 Safari/537.36", "Accept-Charset": "ISO-8859-1,utf-8;q=0.7,*;q=0.7", "Accept": "text/html,application/xhtml+xml,application/xml;q=0.9,*/*;q=0.8", "Accept-Encoding": "gzip, deflate", "Accept-Language": "en-us,en;q=0.5"}}, {"ext": "mp4", "height": 144, "format_note": "DASH video", "vcodec": "avc1.4d400b", "format_id": "160", "manifest_url": "https://manifest.googlevideo.com/api/manifest/dash/expire/1608733043/ei/E_3iX83rDpHm4wKZtIa4CQ/ip/140.109.135.76/id/7decbef1b391f791/source/youtube/requiressl/yes/playback_host/r1---sn-5njj-u2xl.googlevideo.com/mh/xj/mm/31%2C29/mn/sn-5njj-u2xl%2Csn-un57sn76/ms/au%2Crdu/mv/m/mvi/1/pcm2cms/yes/pl/16/hfr/all/as/fmp4_audio_clear%2Cwebm_audio_clear%2Cwebm2_audio_clear%2Cfmp4_sd_hd_clear%2Cwebm2_sd_hd_clear/initcwndbps/567500/vprv/1/mt/1608711395/fvip/1/keepalive/yes/itag/0/sparams/expire%2Cei%2Cip%2Cid%2Csource%2Crequiressl%2Chfr%2Cas%2Cvprv%2Citag/sig/AOq0QJ8wRAIgK32dVjEDYKWJUPjo_mF1ymOOhPfeDQOmOV0kX1_hzWcCIGmj4hFDCuGGlxaoCeAPO9WzAXcsFAwNDBjt6Q7fj6Ww/lsparams/playback_host%2Cmh%2Cmm%2Cmn%2Cms%2Cmv%2Cmvi%2Cpcm2cms%2Cpl%2Cinitcwndbps/lsig/AG3C_xAwRQIhAJC020rP7YSeifreNVyrg8c1tMpGu6pXLFin-gxEmxt9AiBryZRKZ_OAHAHtaool3XrE0cbOn4imZnS565xg6tSppA%3D%3D", "width": 256, "tbr": 108.0, "asr": null, "fps": 24, "language": null, "filesize": null, "container": "mp4_dash", "acodec": "none", "url": "https://manifest.googlevideo.com/api/manifest/dash/expire/1608733043/ei/E_3iX83rDpHm4wKZtIa4CQ/ip/140.109.135.76/id/7decbef1b391f791/source/youtube/requiressl/yes/playback_host/r1---sn-5njj-u2xl.googlevideo.com/mh/xj/mm/31%2C29/mn/sn-5njj-u2xl%2Csn-un57sn76/ms/au%2Crdu/mv/m/mvi/1/pcm2cms/yes/pl/16/hfr/all/as/fmp4_audio_clear%2Cwebm_audio_clear%2Cwebm2_audio_clear%2Cfmp4_sd_hd_clear%2Cwebm2_sd_hd_clear/initcwndbps/567500/vprv/1/mt/1608711395/fvip/1/keepalive/yes/itag/0/sparams/expire%2Cei%2Cip%2Cid%2Csource%2Crequiressl%2Chfr%2Cas%2Cvprv%2Citag/sig/AOq0QJ8wRAIgK32dVjEDYKWJUPjo_mF1ymOOhPfeDQOmOV0kX1_hzWcCIGmj4hFDCuGGlxaoCeAPO9WzAXcsFAwNDBjt6Q7fj6Ww/lsparams/playback_host%2Cmh%2Cmm%2Cmn%2Cms%2Cmv%2Cmvi%2Cpcm2cms%2Cpl%2Cinitcwndbps/lsig/AG3C_xAwRQIhAJC020rP7YSeifreNVyrg8c1tMpGu6pXLFin-gxEmxt9AiBryZRKZ_OAHAHtaool3XrE0cbOn4imZnS565xg6tSppA%3D%3D", "fragment_base_url": "https://r1---sn-5njj-u2xl.googlevideo.com/videoplayback/expire/1608733043/ei/E_3iX83rDpHm4wKZtIa4CQ/ip/140.109.135.76/id/7decbef1b391f791/itag/160/source/yt_otf/requiressl/yes/mh/xj/mm/31,29/mn/sn-5njj-u2xl,sn-un57sn76/ms/au,rdu/mv/m/mvi/1/pcm2cms/yes/pl/16/initcwndbps/567500/vprv/1/ratebypass/yes/mime/video%2Fmp4/otfp/1/otf/1/lmt/1595744225399256/mt/1608711395/fvip/1/keepalive/yes/sparams/expire,ei,ip,id,itag,source,requiressl,vprv,ratebypass,mime,otfp,otf,lmt/sig/AOq0QJ8wRQIhAMT2vk7-zo1QXZND1VN7IJYFZqsZBeBYFjwiMrcVN-CEAiBPvqlaCIOfimQSRKZ_1pPOIw0bt7sLXI0P55MKDjStAA%3D%3D/lsparams/mh,mm,mn,ms,mv,mvi,pcm2cms,pl,initcwndbps/lsig/AG3C_xAwRgIhAOty9HtSTK5Mq9MOr3GsDDmLobTOws7ezEuSlumiCdAOAiEA7-1oJChymkBQVOuMWEGX81n500YnkRsZ51Lep9ECm8A%3D/", "fragments": [{"path": "sq/0"}, {"path": "sq/1/dur/5.339", "duration": 5.339}, {"path": "sq/2/dur/5.338", "duration": 5.338}, {"path": "sq/3/dur/5.339", "duration": 5.339}, {"path": "sq/4/dur/5.339", "duration": 5.339}, {"path": "sq/5/dur/5.338", "duration": 5.338}, {"path": "sq/6/dur/5.339", "duration": 5.339}, {"path": "sq/7/dur/5.339", "duration": 5.339}, {"path": "sq/8/dur/5.338", "duration": 5.338}, {"path": "sq/9/dur/5.339", "duration": 5.339}, {"path": "sq/10/dur/5.339", "duration": 5.339}, {"path": "sq/11/dur/5.338", "duration": 5.338}, {"path": "sq/12/dur/5.339", "duration": 5.339}, {"path": "sq/13/dur/5.339", "duration": 5.339}, {"path": "sq/14/dur/5.338", "duration": 5.338}, {"path": "sq/15/dur/5.339", "duration": 5.339}, {"path": "sq/16/dur/5.339", "duration": 5.339}, {"path": "sq/17/dur/5.338", "duration": 5.338}, {"path": "sq/18/dur/5.339", "duration": 5.339}, {"path": "sq/19/dur/5.339", "duration": 5.339}, {"path": "sq/20/dur/5.338", "duration": 5.338}, {"path": "sq/21/dur/5.339", "duration": 5.339}, {"path": "sq/22/dur/5.339", "duration": 5.339}, {"path": "sq/23/dur/5.338", "duration": 5.338}, {"path": "sq/24/dur/5.339", "duration": 5.339}, {"path": "sq/25/dur/5.339", "duration": 5.339}, {"path": "sq/26/dur/5.338", "duration": 5.338}, {"path": "sq/27/dur/5.339", "duration": 5.339}, {"path": "sq/28/dur/5.339", "duration": 5.339}, {"path": "sq/29/dur/5.338", "duration": 5.338}, {"path": "sq/30/dur/5.339", "duration": 5.339}, {"path": "sq/31/dur/5.339", "duration": 5.339}, {"path": "sq/32/dur/5.338", "duration": 5.338}, {"path": "sq/33/dur/5.339", "duration": 5.339}, {"path": "sq/34/dur/5.339", "duration": 5.339}, {"path": "sq/35/dur/5.338", "duration": 5.338}, {"path": "sq/36/dur/5.339", "duration": 5.339}, {"path": "sq/37/dur/5.339", "duration": 5.339}, {"path": "sq/38/dur/5.338", "duration": 5.338}, {"path": "sq/39/dur/5.339", "duration": 5.339}, {"path": "sq/40/dur/5.339", "duration": 5.339}, {"path": "sq/41/dur/4.129", "duration": 4.129}], "protocol": "http_dash_segments", "format": "160 - 256x144 (DASH video)", "http_headers": {"User-Agent": "Mozilla/5.0 (Windows NT 10.0; Win64; x64) AppleWebKit/537.36 (KHTML, like Gecko) Chrome/72.0.3626.18 Safari/537.36", "Accept-Charset": "ISO-8859-1,utf-8;q=0.7,*;q=0.7", "Accept": "text/html,application/xhtml+xml,application/xml;q=0.9,*/*;q=0.8", "Accept-Encoding": "gzip, deflate", "Accept-Language": "en-us,en;q=0.5"}}, {"ext": "webm", "height": 240, "format_note": "DASH video", "vcodec": "vp9", "format_id": "242", "manifest_url": "https://manifest.googlevideo.com/api/manifest/dash/expire/1608733043/ei/E_3iX83rDpHm4wKZtIa4CQ/ip/140.109.135.76/id/7decbef1b391f791/source/youtube/requiressl/yes/playback_host/r1---sn-5njj-u2xl.googlevideo.com/mh/xj/mm/31%2C29/mn/sn-5njj-u2xl%2Csn-un57sn76/ms/au%2Crdu/mv/m/mvi/1/pcm2cms/yes/pl/16/hfr/all/as/fmp4_audio_clear%2Cwebm_audio_clear%2Cwebm2_audio_clear%2Cfmp4_sd_hd_clear%2Cwebm2_sd_hd_clear/initcwndbps/567500/vprv/1/mt/1608711395/fvip/1/keepalive/yes/itag/0/sparams/expire%2Cei%2Cip%2Cid%2Csource%2Crequiressl%2Chfr%2Cas%2Cvprv%2Citag/sig/AOq0QJ8wRAIgK32dVjEDYKWJUPjo_mF1ymOOhPfeDQOmOV0kX1_hzWcCIGmj4hFDCuGGlxaoCeAPO9WzAXcsFAwNDBjt6Q7fj6Ww/lsparams/playback_host%2Cmh%2Cmm%2Cmn%2Cms%2Cmv%2Cmvi%2Cpcm2cms%2Cpl%2Cinitcwndbps/lsig/AG3C_xAwRQIhAJC020rP7YSeifreNVyrg8c1tMpGu6pXLFin-gxEmxt9AiBryZRKZ_OAHAHtaool3XrE0cbOn4imZnS565xg6tSppA%3D%3D", "width": 426, "tbr": 220.5, "asr": null, "fps": 24, "language": null, "filesize": null, "container": "webm_dash", "acodec": "none", "url": "https://manifest.googlevideo.com/api/manifest/dash/expire/1608733043/ei/E_3iX83rDpHm4wKZtIa4CQ/ip/140.109.135.76/id/7decbef1b391f791/source/youtube/requiressl/yes/playback_host/r1---sn-5njj-u2xl.googlevideo.com/mh/xj/mm/31%2C29/mn/sn-5njj-u2xl%2Csn-un57sn76/ms/au%2Crdu/mv/m/mvi/1/pcm2cms/yes/pl/16/hfr/all/as/fmp4_audio_clear%2Cwebm_audio_clear%2Cwebm2_audio_clear%2Cfmp4_sd_hd_clear%2Cwebm2_sd_hd_clear/initcwndbps/567500/vprv/1/mt/1608711395/fvip/1/keepalive/yes/itag/0/sparams/expire%2Cei%2Cip%2Cid%2Csource%2Crequiressl%2Chfr%2Cas%2Cvprv%2Citag/sig/AOq0QJ8wRAIgK32dVjEDYKWJUPjo_mF1ymOOhPfeDQOmOV0kX1_hzWcCIGmj4hFDCuGGlxaoCeAPO9WzAXcsFAwNDBjt6Q7fj6Ww/lsparams/playback_host%2Cmh%2Cmm%2Cmn%2Cms%2Cmv%2Cmvi%2Cpcm2cms%2Cpl%2Cinitcwndbps/lsig/AG3C_xAwRQIhAJC020rP7YSeifreNVyrg8c1tMpGu6pXLFin-gxEmxt9AiBryZRKZ_OAHAHtaool3XrE0cbOn4imZnS565xg6tSppA%3D%3D", "fragment_base_url": "https://r1---sn-5njj-u2xl.googlevideo.com/videoplayback/expire/1608733043/ei/E_3iX83rDpHm4wKZtIa4CQ/ip/140.109.135.76/id/7decbef1b391f791/itag/242/source/yt_otf/requiressl/yes/mh/xj/mm/31,29/mn/sn-5njj-u2xl,sn-un57sn76/ms/au,rdu/mv/m/mvi/1/pcm2cms/yes/pl/16/initcwndbps/567500/vprv/1/ratebypass/yes/mime/video%2Fwebm/otfp/1/otf/1/lmt/1595744225399256/mt/1608711395/fvip/1/keepalive/yes/sparams/expire,ei,ip,id,itag,source,requiressl,vprv,ratebypass,mime,otfp,otf,lmt/sig/AOq0QJ8wRAIgAM0WGxXXbAmzRwdct4JXYsVdxnI1b9Jqn8q1X7tqLIMCIEboMoE6646jt0AfumKMzSH7u_vDbfGf3p9-dE8NLI9J/lsparams/mh,mm,mn,ms,mv,mvi,pcm2cms,pl,initcwndbps/lsig/AG3C_xAwRAIgNIlHvP_dd2hptOkBwOhJudihK6bErZ6SpGzJURQc4pMCIFibc3DIYWJ502Rbxvof2bIJ0mC9jpKSqXwSP6Cehi1f/", "fragments": [{"path": "sq/0"}, {"path": "sq/1/dur/5.339", "duration": 5.339}, {"path": "sq/2/dur/5.338", "duration": 5.338}, {"path": "sq/3/dur/5.339", "duration": 5.339}, {"path": "sq/4/dur/5.339", "duration": 5.339}, {"path": "sq/5/dur/5.338", "duration": 5.338}, {"path": "sq/6/dur/5.339", "duration": 5.339}, {"path": "sq/7/dur/5.339", "duration": 5.339}, {"path": "sq/8/dur/5.338", "duration": 5.338}, {"path": "sq/9/dur/5.339", "duration": 5.339}, {"path": "sq/10/dur/5.339", "duration": 5.339}, {"path": "sq/11/dur/5.338", "duration": 5.338}, {"path": "sq/12/dur/5.339", "duration": 5.339}, {"path": "sq/13/dur/5.339", "duration": 5.339}, {"path": "sq/14/dur/5.338", "duration": 5.338}, {"path": "sq/15/dur/5.339", "duration": 5.339}, {"path": "sq/16/dur/5.339", "duration": 5.339}, {"path": "sq/17/dur/5.338", "duration": 5.338}, {"path": "sq/18/dur/5.339", "duration": 5.339}, {"path": "sq/19/dur/5.339", "duration": 5.339}, {"path": "sq/20/dur/5.338", "duration": 5.338}, {"path": "sq/21/dur/5.339", "duration": 5.339}, {"path": "sq/22/dur/5.339", "duration": 5.339}, {"path": "sq/23/dur/5.338", "duration": 5.338}, {"path": "sq/24/dur/5.339", "duration": 5.339}, {"path": "sq/25/dur/5.339", "duration": 5.339}, {"path": "sq/26/dur/5.338", "duration": 5.338}, {"path": "sq/27/dur/5.339", "duration": 5.339}, {"path": "sq/28/dur/5.339", "duration": 5.339}, {"path": "sq/29/dur/5.338", "duration": 5.338}, {"path": "sq/30/dur/5.339", "duration": 5.339}, {"path": "sq/31/dur/5.339", "duration": 5.339}, {"path": "sq/32/dur/5.338", "duration": 5.338}, {"path": "sq/33/dur/5.339", "duration": 5.339}, {"path": "sq/34/dur/5.339", "duration": 5.339}, {"path": "sq/35/dur/5.338", "duration": 5.338}, {"path": "sq/36/dur/5.339", "duration": 5.339}, {"path": "sq/37/dur/5.339", "duration": 5.339}, {"path": "sq/38/dur/5.338", "duration": 5.338}, {"path": "sq/39/dur/5.339", "duration": 5.339}, {"path": "sq/40/dur/5.339", "duration": 5.339}, {"path": "sq/41/dur/4.129", "duration": 4.129}], "protocol": "http_dash_segments", "format": "242 - 426x240 (DASH video)", "http_headers": {"User-Agent": "Mozilla/5.0 (Windows NT 10.0; Win64; x64) AppleWebKit/537.36 (KHTML, like Gecko) Chrome/72.0.3626.18 Safari/537.36", "Accept-Charset": "ISO-8859-1,utf-8;q=0.7,*;q=0.7", "Accept": "text/html,application/xhtml+xml,application/xml;q=0.9,*/*;q=0.8", "Accept-Encoding": "gzip, deflate", "Accept-Language": "en-us,en;q=0.5"}}, {"ext": "mp4", "height": 240, "format_note": "DASH video", "vcodec": "avc1.4d400c", "format_id": "133", "manifest_url": "https://manifest.googlevideo.com/api/manifest/dash/expire/1608733043/ei/E_3iX83rDpHm4wKZtIa4CQ/ip/140.109.135.76/id/7decbef1b391f791/source/youtube/requiressl/yes/playback_host/r1---sn-5njj-u2xl.googlevideo.com/mh/xj/mm/31%2C29/mn/sn-5njj-u2xl%2Csn-un57sn76/ms/au%2Crdu/mv/m/mvi/1/pcm2cms/yes/pl/16/hfr/all/as/fmp4_audio_clear%2Cwebm_audio_clear%2Cwebm2_audio_clear%2Cfmp4_sd_hd_clear%2Cwebm2_sd_hd_clear/initcwndbps/567500/vprv/1/mt/1608711395/fvip/1/keepalive/yes/itag/0/sparams/expire%2Cei%2Cip%2Cid%2Csource%2Crequiressl%2Chfr%2Cas%2Cvprv%2Citag/sig/AOq0QJ8wRAIgK32dVjEDYKWJUPjo_mF1ymOOhPfeDQOmOV0kX1_hzWcCIGmj4hFDCuGGlxaoCeAPO9WzAXcsFAwNDBjt6Q7fj6Ww/lsparams/playback_host%2Cmh%2Cmm%2Cmn%2Cms%2Cmv%2Cmvi%2Cpcm2cms%2Cpl%2Cinitcwndbps/lsig/AG3C_xAwRQIhAJC020rP7YSeifreNVyrg8c1tMpGu6pXLFin-gxEmxt9AiBryZRKZ_OAHAHtaool3XrE0cbOn4imZnS565xg6tSppA%3D%3D", "width": 426, "tbr": 242.0, "asr": null, "fps": 24, "language": null, "filesize": null, "container": "mp4_dash", "acodec": "none", "url": "https://manifest.googlevideo.com/api/manifest/dash/expire/1608733043/ei/E_3iX83rDpHm4wKZtIa4CQ/ip/140.109.135.76/id/7decbef1b391f791/source/youtube/requiressl/yes/playback_host/r1---sn-5njj-u2xl.googlevideo.com/mh/xj/mm/31%2C29/mn/sn-5njj-u2xl%2Csn-un57sn76/ms/au%2Crdu/mv/m/mvi/1/pcm2cms/yes/pl/16/hfr/all/as/fmp4_audio_clear%2Cwebm_audio_clear%2Cwebm2_audio_clear%2Cfmp4_sd_hd_clear%2Cwebm2_sd_hd_clear/initcwndbps/567500/vprv/1/mt/1608711395/fvip/1/keepalive/yes/itag/0/sparams/expire%2Cei%2Cip%2Cid%2Csource%2Crequiressl%2Chfr%2Cas%2Cvprv%2Citag/sig/AOq0QJ8wRAIgK32dVjEDYKWJUPjo_mF1ymOOhPfeDQOmOV0kX1_hzWcCIGmj4hFDCuGGlxaoCeAPO9WzAXcsFAwNDBjt6Q7fj6Ww/lsparams/playback_host%2Cmh%2Cmm%2Cmn%2Cms%2Cmv%2Cmvi%2Cpcm2cms%2Cpl%2Cinitcwndbps/lsig/AG3C_xAwRQIhAJC020rP7YSeifreNVyrg8c1tMpGu6pXLFin-gxEmxt9AiBryZRKZ_OAHAHtaool3XrE0cbOn4imZnS565xg6tSppA%3D%3D", "fragment_base_url": "https://r1---sn-5njj-u2xl.googlevideo.com/videoplayback/expire/1608733043/ei/E_3iX83rDpHm4wKZtIa4CQ/ip/140.109.135.76/id/7decbef1b391f791/itag/133/source/yt_otf/requiressl/yes/mh/xj/mm/31,29/mn/sn-5njj-u2xl,sn-un57sn76/ms/au,rdu/mv/m/mvi/1/pcm2cms/yes/pl/16/initcwndbps/567500/vprv/1/ratebypass/yes/mime/video%2Fmp4/otfp/1/otf/1/lmt/1595744225399256/mt/1608711395/fvip/1/keepalive/yes/sparams/expire,ei,ip,id,itag,source,requiressl,vprv,ratebypass,mime,otfp,otf,lmt/sig/AOq0QJ8wRgIhAMbLCvrDsKpZtKfYB-EN9Naupp1pJOfLSMoZY78RjuvwAiEAjlLoE8p_QgwzHIJzEOdzMWwFOBofo6ya-Il2swyfvw0%3D/lsparams/mh,mm,mn,ms,mv,mvi,pcm2cms,pl,initcwndbps/lsig/AG3C_xAwRgIhAP4eFgtR3TFPzw0UnVv1qjxGBeptnKARod2gCd_aYlPFAiEA2KSatKUUZ70y0WhgtynqKWIQMxDKHBD2i5ETYvzq4AI%3D/", "fragments": [{"path": "sq/0"}, {"path": "sq/1/dur/5.339", "duration": 5.339}, {"path": "sq/2/dur/5.338", "duration": 5.338}, {"path": "sq/3/dur/5.339", "duration": 5.339}, {"path": "sq/4/dur/5.339", "duration": 5.339}, {"path": "sq/5/dur/5.338", "duration": 5.338}, {"path": "sq/6/dur/5.339", "duration": 5.339}, {"path": "sq/7/dur/5.339", "duration": 5.339}, {"path": "sq/8/dur/5.338", "duration": 5.338}, {"path": "sq/9/dur/5.339", "duration": 5.339}, {"path": "sq/10/dur/5.339", "duration": 5.339}, {"path": "sq/11/dur/5.338", "duration": 5.338}, {"path": "sq/12/dur/5.339", "duration": 5.339}, {"path": "sq/13/dur/5.339", "duration": 5.339}, {"path": "sq/14/dur/5.338", "duration": 5.338}, {"path": "sq/15/dur/5.339", "duration": 5.339}, {"path": "sq/16/dur/5.339", "duration": 5.339}, {"path": "sq/17/dur/5.338", "duration": 5.338}, {"path": "sq/18/dur/5.339", "duration": 5.339}, {"path": "sq/19/dur/5.339", "duration": 5.339}, {"path": "sq/20/dur/5.338", "duration": 5.338}, {"path": "sq/21/dur/5.339", "duration": 5.339}, {"path": "sq/22/dur/5.339", "duration": 5.339}, {"path": "sq/23/dur/5.338", "duration": 5.338}, {"path": "sq/24/dur/5.339", "duration": 5.339}, {"path": "sq/25/dur/5.339", "duration": 5.339}, {"path": "sq/26/dur/5.338", "duration": 5.338}, {"path": "sq/27/dur/5.339", "duration": 5.339}, {"path": "sq/28/dur/5.339", "duration": 5.339}, {"path": "sq/29/dur/5.338", "duration": 5.338}, {"path": "sq/30/dur/5.339", "duration": 5.339}, {"path": "sq/31/dur/5.339", "duration": 5.339}, {"path": "sq/32/dur/5.338", "duration": 5.338}, {"path": "sq/33/dur/5.339", "duration": 5.339}, {"path": "sq/34/dur/5.339", "duration": 5.339}, {"path": "sq/35/dur/5.338", "duration": 5.338}, {"path": "sq/36/dur/5.339", "duration": 5.339}, {"path": "sq/37/dur/5.339", "duration": 5.339}, {"path": "sq/38/dur/5.338", "duration": 5.338}, {"path": "sq/39/dur/5.339", "duration": 5.339}, {"path": "sq/40/dur/5.339", "duration": 5.339}, {"path": "sq/41/dur/4.129", "duration": 4.129}], "protocol": "http_dash_segments", "format": "133 - 426x240 (DASH video)", "http_headers": {"User-Agent": "Mozilla/5.0 (Windows NT 10.0; Win64; x64) AppleWebKit/537.36 (KHTML, like Gecko) Chrome/72.0.3626.18 Safari/537.36", "Accept-Charset": "ISO-8859-1,utf-8;q=0.7,*;q=0.7", "Accept": "text/html,application/xhtml+xml,application/xml;q=0.9,*/*;q=0.8", "Accept-Encoding": "gzip, deflate", "Accept-Language": "en-us,en;q=0.5"}}, {"ext": "webm", "height": 360, "format_note": "DASH video", "vcodec": "vp9", "format_id": "243", "manifest_url": "https://manifest.googlevideo.com/api/manifest/dash/expire/1608733043/ei/E_3iX83rDpHm4wKZtIa4CQ/ip/140.109.135.76/id/7decbef1b391f791/source/youtube/requiressl/yes/playback_host/r1---sn-5njj-u2xl.googlevideo.com/mh/xj/mm/31%2C29/mn/sn-5njj-u2xl%2Csn-un57sn76/ms/au%2Crdu/mv/m/mvi/1/pcm2cms/yes/pl/16/hfr/all/as/fmp4_audio_clear%2Cwebm_audio_clear%2Cwebm2_audio_clear%2Cfmp4_sd_hd_clear%2Cwebm2_sd_hd_clear/initcwndbps/567500/vprv/1/mt/1608711395/fvip/1/keepalive/yes/itag/0/sparams/expire%2Cei%2Cip%2Cid%2Csource%2Crequiressl%2Chfr%2Cas%2Cvprv%2Citag/sig/AOq0QJ8wRAIgK32dVjEDYKWJUPjo_mF1ymOOhPfeDQOmOV0kX1_hzWcCIGmj4hFDCuGGlxaoCeAPO9WzAXcsFAwNDBjt6Q7fj6Ww/lsparams/playback_host%2Cmh%2Cmm%2Cmn%2Cms%2Cmv%2Cmvi%2Cpcm2cms%2Cpl%2Cinitcwndbps/lsig/AG3C_xAwRQIhAJC020rP7YSeifreNVyrg8c1tMpGu6pXLFin-gxEmxt9AiBryZRKZ_OAHAHtaool3XrE0cbOn4imZnS565xg6tSppA%3D%3D", "width": 640, "tbr": 405.72, "asr": null, "fps": 24, "language": null, "filesize": null, "container": "webm_dash", "acodec": "none", "url": "https://manifest.googlevideo.com/api/manifest/dash/expire/1608733043/ei/E_3iX83rDpHm4wKZtIa4CQ/ip/140.109.135.76/id/7decbef1b391f791/source/youtube/requiressl/yes/playback_host/r1---sn-5njj-u2xl.googlevideo.com/mh/xj/mm/31%2C29/mn/sn-5njj-u2xl%2Csn-un57sn76/ms/au%2Crdu/mv/m/mvi/1/pcm2cms/yes/pl/16/hfr/all/as/fmp4_audio_clear%2Cwebm_audio_clear%2Cwebm2_audio_clear%2Cfmp4_sd_hd_clear%2Cwebm2_sd_hd_clear/initcwndbps/567500/vprv/1/mt/1608711395/fvip/1/keepalive/yes/itag/0/sparams/expire%2Cei%2Cip%2Cid%2Csource%2Crequiressl%2Chfr%2Cas%2Cvprv%2Citag/sig/AOq0QJ8wRAIgK32dVjEDYKWJUPjo_mF1ymOOhPfeDQOmOV0kX1_hzWcCIGmj4hFDCuGGlxaoCeAPO9WzAXcsFAwNDBjt6Q7fj6Ww/lsparams/playback_host%2Cmh%2Cmm%2Cmn%2Cms%2Cmv%2Cmvi%2Cpcm2cms%2Cpl%2Cinitcwndbps/lsig/AG3C_xAwRQIhAJC020rP7YSeifreNVyrg8c1tMpGu6pXLFin-gxEmxt9AiBryZRKZ_OAHAHtaool3XrE0cbOn4imZnS565xg6tSppA%3D%3D", "fragment_base_url": "https://r1---sn-5njj-u2xl.googlevideo.com/videoplayback/expire/1608733043/ei/E_3iX83rDpHm4wKZtIa4CQ/ip/140.109.135.76/id/7decbef1b391f791/itag/243/source/yt_otf/requiressl/yes/mh/xj/mm/31,29/mn/sn-5njj-u2xl,sn-un57sn76/ms/au,rdu/mv/m/mvi/1/pcm2cms/yes/pl/16/initcwndbps/567500/vprv/1/ratebypass/yes/mime/video%2Fwebm/otfp/1/otf/1/lmt/1595744225399256/mt/1608711395/fvip/1/keepalive/yes/sparams/expire,ei,ip,id,itag,source,requiressl,vprv,ratebypass,mime,otfp,otf,lmt/sig/AOq0QJ8wRgIhAML4y06DAq6CdObsM2qK1E7DsmUuyT4f3FVVgklK3gW4AiEA3JF7DbvJlzWrLj2EXaUXlecvyrXFgRBc-WwoUrg1HP8%3D/lsparams/mh,mm,mn,ms,mv,mvi,pcm2cms,pl,initcwndbps/lsig/AG3C_xAwRQIgZbTU1uA_fAYRBguR8FVNhJT7gayQqIAcVfLzxacfNcwCIQCJ5waR1cRBC9Hg1IRhXwpy9UeEzUxL-rWVI_pA7_rEnw%3D%3D/", "fragments": [{"path": "sq/0"}, {"path": "sq/1/dur/5.339", "duration": 5.339}, {"path": "sq/2/dur/5.338", "duration": 5.338}, {"path": "sq/3/dur/5.339", "duration": 5.339}, {"path": "sq/4/dur/5.339", "duration": 5.339}, {"path": "sq/5/dur/5.338", "duration": 5.338}, {"path": "sq/6/dur/5.339", "duration": 5.339}, {"path": "sq/7/dur/5.339", "duration": 5.339}, {"path": "sq/8/dur/5.338", "duration": 5.338}, {"path": "sq/9/dur/5.339", "duration": 5.339}, {"path": "sq/10/dur/5.339", "duration": 5.339}, {"path": "sq/11/dur/5.338", "duration": 5.338}, {"path": "sq/12/dur/5.339", "duration": 5.339}, {"path": "sq/13/dur/5.339", "duration": 5.339}, {"path": "sq/14/dur/5.338", "duration": 5.338}, {"path": "sq/15/dur/5.339", "duration": 5.339}, {"path": "sq/16/dur/5.339", "duration": 5.339}, {"path": "sq/17/dur/5.338", "duration": 5.338}, {"path": "sq/18/dur/5.339", "duration": 5.339}, {"path": "sq/19/dur/5.339", "duration": 5.339}, {"path": "sq/20/dur/5.338", "duration": 5.338}, {"path": "sq/21/dur/5.339", "duration": 5.339}, {"path": "sq/22/dur/5.339", "duration": 5.339}, {"path": "sq/23/dur/5.338", "duration": 5.338}, {"path": "sq/24/dur/5.339", "duration": 5.339}, {"path": "sq/25/dur/5.339", "duration": 5.339}, {"path": "sq/26/dur/5.338", "duration": 5.338}, {"path": "sq/27/dur/5.339", "duration": 5.339}, {"path": "sq/28/dur/5.339", "duration": 5.339}, {"path": "sq/29/dur/5.338", "duration": 5.338}, {"path": "sq/30/dur/5.339", "duration": 5.339}, {"path": "sq/31/dur/5.339", "duration": 5.339}, {"path": "sq/32/dur/5.338", "duration": 5.338}, {"path": "sq/33/dur/5.339", "duration": 5.339}, {"path": "sq/34/dur/5.339", "duration": 5.339}, {"path": "sq/35/dur/5.338", "duration": 5.338}, {"path": "sq/36/dur/5.339", "duration": 5.339}, {"path": "sq/37/dur/5.339", "duration": 5.339}, {"path": "sq/38/dur/5.338", "duration": 5.338}, {"path": "sq/39/dur/5.339", "duration": 5.339}, {"path": "sq/40/dur/5.339", "duration": 5.339}, {"path": "sq/41/dur/4.129", "duration": 4.129}], "protocol": "http_dash_segments", "format": "243 - 640x360 (DASH video)", "http_headers": {"User-Agent": "Mozilla/5.0 (Windows NT 10.0; Win64; x64) AppleWebKit/537.36 (KHTML, like Gecko) Chrome/72.0.3626.18 Safari/537.36", "Accept-Charset": "ISO-8859-1,utf-8;q=0.7,*;q=0.7", "Accept": "text/html,application/xhtml+xml,application/xml;q=0.9,*/*;q=0.8", "Accept-Encoding": "gzip, deflate", "Accept-Language": "en-us,en;q=0.5"}}, {"ext": "mp4", "height": 360, "format_note": "DASH video", "vcodec": "avc1.4d401e", "format_id": "134", "manifest_url": "https://manifest.googlevideo.com/api/manifest/dash/expire/1608733043/ei/E_3iX83rDpHm4wKZtIa4CQ/ip/140.109.135.76/id/7decbef1b391f791/source/youtube/requiressl/yes/playback_host/r1---sn-5njj-u2xl.googlevideo.com/mh/xj/mm/31%2C29/mn/sn-5njj-u2xl%2Csn-un57sn76/ms/au%2Crdu/mv/m/mvi/1/pcm2cms/yes/pl/16/hfr/all/as/fmp4_audio_clear%2Cwebm_audio_clear%2Cwebm2_audio_clear%2Cfmp4_sd_hd_clear%2Cwebm2_sd_hd_clear/initcwndbps/567500/vprv/1/mt/1608711395/fvip/1/keepalive/yes/itag/0/sparams/expire%2Cei%2Cip%2Cid%2Csource%2Crequiressl%2Chfr%2Cas%2Cvprv%2Citag/sig/AOq0QJ8wRAIgK32dVjEDYKWJUPjo_mF1ymOOhPfeDQOmOV0kX1_hzWcCIGmj4hFDCuGGlxaoCeAPO9WzAXcsFAwNDBjt6Q7fj6Ww/lsparams/playback_host%2Cmh%2Cmm%2Cmn%2Cms%2Cmv%2Cmvi%2Cpcm2cms%2Cpl%2Cinitcwndbps/lsig/AG3C_xAwRQIhAJC020rP7YSeifreNVyrg8c1tMpGu6pXLFin-gxEmxt9AiBryZRKZ_OAHAHtaool3XrE0cbOn4imZnS565xg6tSppA%3D%3D", "width": 640, "tbr": 577.994, "asr": null, "fps": 24, "language": null, "filesize": null, "container": "mp4_dash", "acodec": "none", "url": "https://manifest.googlevideo.com/api/manifest/dash/expire/1608733043/ei/E_3iX83rDpHm4wKZtIa4CQ/ip/140.109.135.76/id/7decbef1b391f791/source/youtube/requiressl/yes/playback_host/r1---sn-5njj-u2xl.googlevideo.com/mh/xj/mm/31%2C29/mn/sn-5njj-u2xl%2Csn-un57sn76/ms/au%2Crdu/mv/m/mvi/1/pcm2cms/yes/pl/16/hfr/all/as/fmp4_audio_clear%2Cwebm_audio_clear%2Cwebm2_audio_clear%2Cfmp4_sd_hd_clear%2Cwebm2_sd_hd_clear/initcwndbps/567500/vprv/1/mt/1608711395/fvip/1/keepalive/yes/itag/0/sparams/expire%2Cei%2Cip%2Cid%2Csource%2Crequiressl%2Chfr%2Cas%2Cvprv%2Citag/sig/AOq0QJ8wRAIgK32dVjEDYKWJUPjo_mF1ymOOhPfeDQOmOV0kX1_hzWcCIGmj4hFDCuGGlxaoCeAPO9WzAXcsFAwNDBjt6Q7fj6Ww/lsparams/playback_host%2Cmh%2Cmm%2Cmn%2Cms%2Cmv%2Cmvi%2Cpcm2cms%2Cpl%2Cinitcwndbps/lsig/AG3C_xAwRQIhAJC020rP7YSeifreNVyrg8c1tMpGu6pXLFin-gxEmxt9AiBryZRKZ_OAHAHtaool3XrE0cbOn4imZnS565xg6tSppA%3D%3D", "fragment_base_url": "https://r1---sn-5njj-u2xl.googlevideo.com/videoplayback/expire/1608733043/ei/E_3iX83rDpHm4wKZtIa4CQ/ip/140.109.135.76/id/7decbef1b391f791/itag/134/source/youtube/requiressl/yes/mh/xj/mm/31,29/mn/sn-5njj-u2xl,sn-un57sn76/ms/au,rdu/mv/m/mvi/1/pcm2cms/yes/pl/16/initcwndbps/567500/vprv/1/ratebypass/yes/mime/video%2Fmp4/otfp/1/gir/yes/clen/11515249/lmt/1595744225399256/dur/217.675/mt/1608711395/fvip/1/keepalive/yes/sparams/expire,ei,ip,id,itag,source,requiressl,vprv,ratebypass,mime,otfp,gir,clen,lmt,dur/sig/AOq0QJ8wRAIgAgpPcb0he8j-hycNWy57kzCcSiBPI1ZbqJYIjXfCBUcCIEfVnE7k7r6pYAx-vA8bR6FC1dDjehZDCtXYAIeJbgj0/lsparams/mh,mm,mn,ms,mv,mvi,pcm2cms,pl,initcwndbps/lsig/AG3C_xAwRgIhAIBQsmj6EYUUC7slKga77zGxbE15Z0h_G2rn7c6kd7BoAiEAqpI8E8oYzZgYiSfRl-2EgOKFO56p55f6SIYTX5J0jJQ%3D/", "fragments": [{"path": "range/0-738"}, {"path": "range/1263-323047", "duration": 5.339}, {"path": "range/323048-532820", "duration": 5.338}, {"path": "range/532821-797070", "duration": 5.339}, {"path": "range/797071-1161347", "duration": 5.339}, {"path": "range/1161348-1527464", "duration": 5.338}, {"path": "range/1527465-1800677", "duration": 5.339}, {"path": "range/1800678-1988929", "duration": 5.339}, {"path": "range/1988930-2246699", "duration": 5.338}, {"path": "range/2246700-2484667", "duration": 5.339}, {"path": "range/2484668-2695516", "duration": 5.339}, {"path": "range/2695517-2871059", "duration": 5.338}, {"path": "range/2871060-3233630", "duration": 5.339}, {"path": "range/3233631-3602330", "duration": 5.339}, {"path": "range/3602331-3969131", "duration": 5.338}, {"path": "range/3969132-4146103", "duration": 5.339}, {"path": "range/4146104-4362201", "duration": 5.339}, {"path": "range/4362202-4611661", "duration": 5.338}, {"path": "range/4611662-4857828", "duration": 5.339}, {"path": "range/4857829-5236674", "duration": 5.339}, {"path": "range/5236675-5602167", "duration": 5.338}, {"path": "range/5602168-5984315", "duration": 5.339}, {"path": "range/5984316-6156446", "duration": 5.339}, {"path": "range/6156447-6335194", "duration": 5.338}, {"path": "range/6335195-6701665", "duration": 5.339}, {"path": "range/6701666-6968401", "duration": 5.339}, {"path": "range/6968402-7196402", "duration": 5.338}, {"path": "range/7196403-7439152", "duration": 5.339}, {"path": "range/7439153-7824891", "duration": 5.339}, {"path": "range/7824892-8186705", "duration": 5.338}, {"path": "range/8186706-8549887", "duration": 5.339}, {"path": "range/8549888-8739852", "duration": 5.339}, {"path": "range/8739853-8923451", "duration": 5.338}, {"path": "range/8923452-9189619", "duration": 5.339}, {"path": "range/9189620-9478166", "duration": 5.339}, {"path": "range/9478167-9714729", "duration": 5.338}, {"path": "range/9714730-9964194", "duration": 5.339}, {"path": "range/9964195-10333742", "duration": 5.339}, {"path": "range/10333743-10692463", "duration": 5.338}, {"path": "range/10692464-11049401", "duration": 5.339}, {"path": "range/11049402-11391599", "duration": 5.339}, {"path": "range/11391600-11515248", "duration": 4.129}], "protocol": "http_dash_segments", "format": "134 - 640x360 (DASH video)", "http_headers": {"User-Agent": "Mozilla/5.0 (Windows NT 10.0; Win64; x64) AppleWebKit/537.36 (KHTML, like Gecko) Chrome/72.0.3626.18 Safari/537.36", "Accept-Charset": "ISO-8859-1,utf-8;q=0.7,*;q=0.7", "Accept": "text/html,application/xhtml+xml,application/xml;q=0.9,*/*;q=0.8", "Accept-Encoding": "gzip, deflate", "Accept-Language": "en-us,en;q=0.5"}}, {"ext": "webm", "height": 480, "format_note": "DASH video", "vcodec": "vp9", "format_id": "244", "manifest_url": "https://manifest.googlevideo.com/api/manifest/dash/expire/1608733043/ei/E_3iX83rDpHm4wKZtIa4CQ/ip/140.109.135.76/id/7decbef1b391f791/source/youtube/requiressl/yes/playback_host/r1---sn-5njj-u2xl.googlevideo.com/mh/xj/mm/31%2C29/mn/sn-5njj-u2xl%2Csn-un57sn76/ms/au%2Crdu/mv/m/mvi/1/pcm2cms/yes/pl/16/hfr/all/as/fmp4_audio_clear%2Cwebm_audio_clear%2Cwebm2_audio_clear%2Cfmp4_sd_hd_clear%2Cwebm2_sd_hd_clear/initcwndbps/567500/vprv/1/mt/1608711395/fvip/1/keepalive/yes/itag/0/sparams/expire%2Cei%2Cip%2Cid%2Csource%2Crequiressl%2Chfr%2Cas%2Cvprv%2Citag/sig/AOq0QJ8wRAIgK32dVjEDYKWJUPjo_mF1ymOOhPfeDQOmOV0kX1_hzWcCIGmj4hFDCuGGlxaoCeAPO9WzAXcsFAwNDBjt6Q7fj6Ww/lsparams/playback_host%2Cmh%2Cmm%2Cmn%2Cms%2Cmv%2Cmvi%2Cpcm2cms%2Cpl%2Cinitcwndbps/lsig/AG3C_xAwRQIhAJC020rP7YSeifreNVyrg8c1tMpGu6pXLFin-gxEmxt9AiBryZRKZ_OAHAHtaool3XrE0cbOn4imZnS565xg6tSppA%3D%3D", "width": 854, "tbr": 752.64, "asr": null, "fps": 24, "language": null, "filesize": null, "container": "webm_dash", "acodec": "none", "url": "https://manifest.googlevideo.com/api/manifest/dash/expire/1608733043/ei/E_3iX83rDpHm4wKZtIa4CQ/ip/140.109.135.76/id/7decbef1b391f791/source/youtube/requiressl/yes/playback_host/r1---sn-5njj-u2xl.googlevideo.com/mh/xj/mm/31%2C29/mn/sn-5njj-u2xl%2Csn-un57sn76/ms/au%2Crdu/mv/m/mvi/1/pcm2cms/yes/pl/16/hfr/all/as/fmp4_audio_clear%2Cwebm_audio_clear%2Cwebm2_audio_clear%2Cfmp4_sd_hd_clear%2Cwebm2_sd_hd_clear/initcwndbps/567500/vprv/1/mt/1608711395/fvip/1/keepalive/yes/itag/0/sparams/expire%2Cei%2Cip%2Cid%2Csource%2Crequiressl%2Chfr%2Cas%2Cvprv%2Citag/sig/AOq0QJ8wRAIgK32dVjEDYKWJUPjo_mF1ymOOhPfeDQOmOV0kX1_hzWcCIGmj4hFDCuGGlxaoCeAPO9WzAXcsFAwNDBjt6Q7fj6Ww/lsparams/playback_host%2Cmh%2Cmm%2Cmn%2Cms%2Cmv%2Cmvi%2Cpcm2cms%2Cpl%2Cinitcwndbps/lsig/AG3C_xAwRQIhAJC020rP7YSeifreNVyrg8c1tMpGu6pXLFin-gxEmxt9AiBryZRKZ_OAHAHtaool3XrE0cbOn4imZnS565xg6tSppA%3D%3D", "fragment_base_url": "https://r1---sn-5njj-u2xl.googlevideo.com/videoplayback/expire/1608733043/ei/E_3iX83rDpHm4wKZtIa4CQ/ip/140.109.135.76/id/7decbef1b391f791/itag/244/source/yt_otf/requiressl/yes/mh/xj/mm/31,29/mn/sn-5njj-u2xl,sn-un57sn76/ms/au,rdu/mv/m/mvi/1/pcm2cms/yes/pl/16/initcwndbps/567500/vprv/1/ratebypass/yes/mime/video%2Fwebm/otfp/1/otf/1/lmt/1595744225399256/mt/1608711395/fvip/1/keepalive/yes/sparams/expire,ei,ip,id,itag,source,requiressl,vprv,ratebypass,mime,otfp,otf,lmt/sig/AOq0QJ8wRgIhAKxV10P9JZQ3EftGGXaCl6n78UXzjX7drCaS8xaaNCH8AiEA2XOJYWGiZc86k105o5EOzIT3DPaHLOEJ8IDXkmC5qI4%3D/lsparams/mh,mm,mn,ms,mv,mvi,pcm2cms,pl,initcwndbps/lsig/AG3C_xAwRAIgT3JWF66kBgLMMcbPU7GhneyS4Q0MW9mMTDtzBlT8JTgCIDLALXT8na06liOD8xqF6SqYOxNoVpcZZj6t2g6TmI2-/", "fragments": [{"path": "sq/0"}, {"path": "sq/1/dur/5.339", "duration": 5.339}, {"path": "sq/2/dur/5.338", "duration": 5.338}, {"path": "sq/3/dur/5.339", "duration": 5.339}, {"path": "sq/4/dur/5.339", "duration": 5.339}, {"path": "sq/5/dur/5.338", "duration": 5.338}, {"path": "sq/6/dur/5.339", "duration": 5.339}, {"path": "sq/7/dur/5.339", "duration": 5.339}, {"path": "sq/8/dur/5.338", "duration": 5.338}, {"path": "sq/9/dur/5.339", "duration": 5.339}, {"path": "sq/10/dur/5.339", "duration": 5.339}, {"path": "sq/11/dur/5.338", "duration": 5.338}, {"path": "sq/12/dur/5.339", "duration": 5.339}, {"path": "sq/13/dur/5.339", "duration": 5.339}, {"path": "sq/14/dur/5.338", "duration": 5.338}, {"path": "sq/15/dur/5.339", "duration": 5.339}, {"path": "sq/16/dur/5.339", "duration": 5.339}, {"path": "sq/17/dur/5.338", "duration": 5.338}, {"path": "sq/18/dur/5.339", "duration": 5.339}, {"path": "sq/19/dur/5.339", "duration": 5.339}, {"path": "sq/20/dur/5.338", "duration": 5.338}, {"path": "sq/21/dur/5.339", "duration": 5.339}, {"path": "sq/22/dur/5.339", "duration": 5.339}, {"path": "sq/23/dur/5.338", "duration": 5.338}, {"path": "sq/24/dur/5.339", "duration": 5.339}, {"path": "sq/25/dur/5.339", "duration": 5.339}, {"path": "sq/26/dur/5.338", "duration": 5.338}, {"path": "sq/27/dur/5.339", "duration": 5.339}, {"path": "sq/28/dur/5.339", "duration": 5.339}, {"path": "sq/29/dur/5.338", "duration": 5.338}, {"path": "sq/30/dur/5.339", "duration": 5.339}, {"path": "sq/31/dur/5.339", "duration": 5.339}, {"path": "sq/32/dur/5.338", "duration": 5.338}, {"path": "sq/33/dur/5.339", "duration": 5.339}, {"path": "sq/34/dur/5.339", "duration": 5.339}, {"path": "sq/35/dur/5.338", "duration": 5.338}, {"path": "sq/36/dur/5.339", "duration": 5.339}, {"path": "sq/37/dur/5.339", "duration": 5.339}, {"path": "sq/38/dur/5.338", "duration": 5.338}, {"path": "sq/39/dur/5.339", "duration": 5.339}, {"path": "sq/40/dur/5.339", "duration": 5.339}, {"path": "sq/41/dur/4.129", "duration": 4.129}], "protocol": "http_dash_segments", "format": "244 - 854x480 (DASH video)", "http_headers": {"User-Agent": "Mozilla/5.0 (Windows NT 10.0; Win64; x64) AppleWebKit/537.36 (KHTML, like Gecko) Chrome/72.0.3626.18 Safari/537.36", "Accept-Charset": "ISO-8859-1,utf-8;q=0.7,*;q=0.7", "Accept": "text/html,application/xhtml+xml,application/xml;q=0.9,*/*;q=0.8", "Accept-Encoding": "gzip, deflate", "Accept-Language": "en-us,en;q=0.5"}}, {"ext": "mp4", "height": 480, "format_note": "DASH video", "vcodec": "avc1.4d4014", "format_id": "135", "manifest_url": "https://manifest.googlevideo.com/api/manifest/dash/expire/1608733043/ei/E_3iX83rDpHm4wKZtIa4CQ/ip/140.109.135.76/id/7decbef1b391f791/source/youtube/requiressl/yes/playback_host/r1---sn-5njj-u2xl.googlevideo.com/mh/xj/mm/31%2C29/mn/sn-5njj-u2xl%2Csn-un57sn76/ms/au%2Crdu/mv/m/mvi/1/pcm2cms/yes/pl/16/hfr/all/as/fmp4_audio_clear%2Cwebm_audio_clear%2Cwebm2_audio_clear%2Cfmp4_sd_hd_clear%2Cwebm2_sd_hd_clear/initcwndbps/567500/vprv/1/mt/1608711395/fvip/1/keepalive/yes/itag/0/sparams/expire%2Cei%2Cip%2Cid%2Csource%2Crequiressl%2Chfr%2Cas%2Cvprv%2Citag/sig/AOq0QJ8wRAIgK32dVjEDYKWJUPjo_mF1ymOOhPfeDQOmOV0kX1_hzWcCIGmj4hFDCuGGlxaoCeAPO9WzAXcsFAwNDBjt6Q7fj6Ww/lsparams/playback_host%2Cmh%2Cmm%2Cmn%2Cms%2Cmv%2Cmvi%2Cpcm2cms%2Cpl%2Cinitcwndbps/lsig/AG3C_xAwRQIhAJC020rP7YSeifreNVyrg8c1tMpGu6pXLFin-gxEmxt9AiBryZRKZ_OAHAHtaool3XrE0cbOn4imZnS565xg6tSppA%3D%3D", "width": 854, "tbr": 1155.0, "asr": null, "fps": 24, "language": null, "filesize": null, "container": "mp4_dash", "acodec": "none", "url": "https://manifest.googlevideo.com/api/manifest/dash/expire/1608733043/ei/E_3iX83rDpHm4wKZtIa4CQ/ip/140.109.135.76/id/7decbef1b391f791/source/youtube/requiressl/yes/playback_host/r1---sn-5njj-u2xl.googlevideo.com/mh/xj/mm/31%2C29/mn/sn-5njj-u2xl%2Csn-un57sn76/ms/au%2Crdu/mv/m/mvi/1/pcm2cms/yes/pl/16/hfr/all/as/fmp4_audio_clear%2Cwebm_audio_clear%2Cwebm2_audio_clear%2Cfmp4_sd_hd_clear%2Cwebm2_sd_hd_clear/initcwndbps/567500/vprv/1/mt/1608711395/fvip/1/keepalive/yes/itag/0/sparams/expire%2Cei%2Cip%2Cid%2Csource%2Crequiressl%2Chfr%2Cas%2Cvprv%2Citag/sig/AOq0QJ8wRAIgK32dVjEDYKWJUPjo_mF1ymOOhPfeDQOmOV0kX1_hzWcCIGmj4hFDCuGGlxaoCeAPO9WzAXcsFAwNDBjt6Q7fj6Ww/lsparams/playback_host%2Cmh%2Cmm%2Cmn%2Cms%2Cmv%2Cmvi%2Cpcm2cms%2Cpl%2Cinitcwndbps/lsig/AG3C_xAwRQIhAJC020rP7YSeifreNVyrg8c1tMpGu6pXLFin-gxEmxt9AiBryZRKZ_OAHAHtaool3XrE0cbOn4imZnS565xg6tSppA%3D%3D", "fragment_base_url": "https://r1---sn-5njj-u2xl.googlevideo.com/videoplayback/expire/1608733043/ei/E_3iX83rDpHm4wKZtIa4CQ/ip/140.109.135.76/id/7decbef1b391f791/itag/135/source/yt_otf/requiressl/yes/mh/xj/mm/31,29/mn/sn-5njj-u2xl,sn-un57sn76/ms/au,rdu/mv/m/mvi/1/pcm2cms/yes/pl/16/initcwndbps/567500/vprv/1/ratebypass/yes/mime/video%2Fmp4/otfp/1/otf/1/lmt/1595744225399256/mt/1608711395/fvip/1/keepalive/yes/sparams/expire,ei,ip,id,itag,source,requiressl,vprv,ratebypass,mime,otfp,otf,lmt/sig/AOq0QJ8wRAIgeRv2JXI5Qatol_Tp_-7HHtBTTxab4rQJuLM76R66mocCIFk7xf1o-kusF2Ow7HjtkiaoZWBTF65jyoCa0TMnEdx2/lsparams/mh,mm,mn,ms,mv,mvi,pcm2cms,pl,initcwndbps/lsig/AG3C_xAwRQIhAJV4pGxfPl46Mst9pEg1bew3VJHdBdcPyIUHqWP74qBHAiBa89CknYXA76LuYCrj_Fx_aA3U-nKojT5swrb9sj6Lfw%3D%3D/", "fragments": [{"path": "sq/0"}, {"path": "sq/1/dur/5.339", "duration": 5.339}, {"path": "sq/2/dur/5.338", "duration": 5.338}, {"path": "sq/3/dur/5.339", "duration": 5.339}, {"path": "sq/4/dur/5.339", "duration": 5.339}, {"path": "sq/5/dur/5.338", "duration": 5.338}, {"path": "sq/6/dur/5.339", "duration": 5.339}, {"path": "sq/7/dur/5.339", "duration": 5.339}, {"path": "sq/8/dur/5.338", "duration": 5.338}, {"path": "sq/9/dur/5.339", "duration": 5.339}, {"path": "sq/10/dur/5.339", "duration": 5.339}, {"path": "sq/11/dur/5.338", "duration": 5.338}, {"path": "sq/12/dur/5.339", "duration": 5.339}, {"path": "sq/13/dur/5.339", "duration": 5.339}, {"path": "sq/14/dur/5.338", "duration": 5.338}, {"path": "sq/15/dur/5.339", "duration": 5.339}, {"path": "sq/16/dur/5.339", "duration": 5.339}, {"path": "sq/17/dur/5.338", "duration": 5.338}, {"path": "sq/18/dur/5.339", "duration": 5.339}, {"path": "sq/19/dur/5.339", "duration": 5.339}, {"path": "sq/20/dur/5.338", "duration": 5.338}, {"path": "sq/21/dur/5.339", "duration": 5.339}, {"path": "sq/22/dur/5.339", "duration": 5.339}, {"path": "sq/23/dur/5.338", "duration": 5.338}, {"path": "sq/24/dur/5.339", "duration": 5.339}, {"path": "sq/25/dur/5.339", "duration": 5.339}, {"path": "sq/26/dur/5.338", "duration": 5.338}, {"path": "sq/27/dur/5.339", "duration": 5.339}, {"path": "sq/28/dur/5.339", "duration": 5.339}, {"path": "sq/29/dur/5.338", "duration": 5.338}, {"path": "sq/30/dur/5.339", "duration": 5.339}, {"path": "sq/31/dur/5.339", "duration": 5.339}, {"path": "sq/32/dur/5.338", "duration": 5.338}, {"path": "sq/33/dur/5.339", "duration": 5.339}, {"path": "sq/34/dur/5.339", "duration": 5.339}, {"path": "sq/35/dur/5.338", "duration": 5.338}, {"path": "sq/36/dur/5.339", "duration": 5.339}, {"path": "sq/37/dur/5.339", "duration": 5.339}, {"path": "sq/38/dur/5.338", "duration": 5.338}, {"path": "sq/39/dur/5.339", "duration": 5.339}, {"path": "sq/40/dur/5.339", "duration": 5.339}, {"path": "sq/41/dur/4.129", "duration": 4.129}], "protocol": "http_dash_segments", "format": "135 - 854x480 (DASH video)", "http_headers": {"User-Agent": "Mozilla/5.0 (Windows NT 10.0; Win64; x64) AppleWebKit/537.36 (KHTML, like Gecko) Chrome/72.0.3626.18 Safari/537.36", "Accept-Charset": "ISO-8859-1,utf-8;q=0.7,*;q=0.7", "Accept": "text/html,application/xhtml+xml,application/xml;q=0.9,*/*;q=0.8", "Accept-Encoding": "gzip, deflate", "Accept-Language": "en-us,en;q=0.5"}}, {"ext": "webm", "height": 720, "format_note": "DASH video", "vcodec": "vp9", "format_id": "247", "manifest_url": "https://manifest.googlevideo.com/api/manifest/dash/expire/1608733043/ei/E_3iX83rDpHm4wKZtIa4CQ/ip/140.109.135.76/id/7decbef1b391f791/source/youtube/requiressl/yes/playback_host/r1---sn-5njj-u2xl.googlevideo.com/mh/xj/mm/31%2C29/mn/sn-5njj-u2xl%2Csn-un57sn76/ms/au%2Crdu/mv/m/mvi/1/pcm2cms/yes/pl/16/hfr/all/as/fmp4_audio_clear%2Cwebm_audio_clear%2Cwebm2_audio_clear%2Cfmp4_sd_hd_clear%2Cwebm2_sd_hd_clear/initcwndbps/567500/vprv/1/mt/1608711395/fvip/1/keepalive/yes/itag/0/sparams/expire%2Cei%2Cip%2Cid%2Csource%2Crequiressl%2Chfr%2Cas%2Cvprv%2Citag/sig/AOq0QJ8wRAIgK32dVjEDYKWJUPjo_mF1ymOOhPfeDQOmOV0kX1_hzWcCIGmj4hFDCuGGlxaoCeAPO9WzAXcsFAwNDBjt6Q7fj6Ww/lsparams/playback_host%2Cmh%2Cmm%2Cmn%2Cms%2Cmv%2Cmvi%2Cpcm2cms%2Cpl%2Cinitcwndbps/lsig/AG3C_xAwRQIhAJC020rP7YSeifreNVyrg8c1tMpGu6pXLFin-gxEmxt9AiBryZRKZ_OAHAHtaool3XrE0cbOn4imZnS565xg6tSppA%3D%3D", "width": 1280, "tbr": 1505.28, "asr": null, "fps": 24, "language": null, "filesize": null, "container": "webm_dash", "acodec": "none", "url": "https://manifest.googlevideo.com/api/manifest/dash/expire/1608733043/ei/E_3iX83rDpHm4wKZtIa4CQ/ip/140.109.135.76/id/7decbef1b391f791/source/youtube/requiressl/yes/playback_host/r1---sn-5njj-u2xl.googlevideo.com/mh/xj/mm/31%2C29/mn/sn-5njj-u2xl%2Csn-un57sn76/ms/au%2Crdu/mv/m/mvi/1/pcm2cms/yes/pl/16/hfr/all/as/fmp4_audio_clear%2Cwebm_audio_clear%2Cwebm2_audio_clear%2Cfmp4_sd_hd_clear%2Cwebm2_sd_hd_clear/initcwndbps/567500/vprv/1/mt/1608711395/fvip/1/keepalive/yes/itag/0/sparams/expire%2Cei%2Cip%2Cid%2Csource%2Crequiressl%2Chfr%2Cas%2Cvprv%2Citag/sig/AOq0QJ8wRAIgK32dVjEDYKWJUPjo_mF1ymOOhPfeDQOmOV0kX1_hzWcCIGmj4hFDCuGGlxaoCeAPO9WzAXcsFAwNDBjt6Q7fj6Ww/lsparams/playback_host%2Cmh%2Cmm%2Cmn%2Cms%2Cmv%2Cmvi%2Cpcm2cms%2Cpl%2Cinitcwndbps/lsig/AG3C_xAwRQIhAJC020rP7YSeifreNVyrg8c1tMpGu6pXLFin-gxEmxt9AiBryZRKZ_OAHAHtaool3XrE0cbOn4imZnS565xg6tSppA%3D%3D", "fragment_base_url": "https://r1---sn-5njj-u2xl.googlevideo.com/videoplayback/expire/1608733043/ei/E_3iX83rDpHm4wKZtIa4CQ/ip/140.109.135.76/id/7decbef1b391f791/itag/247/source/yt_otf/requiressl/yes/mh/xj/mm/31,29/mn/sn-5njj-u2xl,sn-un57sn76/ms/au,rdu/mv/m/mvi/1/pcm2cms/yes/pl/16/initcwndbps/567500/vprv/1/ratebypass/yes/mime/video%2Fwebm/otfp/1/otf/1/lmt/1595744225399256/mt/1608711395/fvip/1/keepalive/yes/sparams/expire,ei,ip,id,itag,source,requiressl,vprv,ratebypass,mime,otfp,otf,lmt/sig/AOq0QJ8wRQIhAJXsWYQCxRMbu6myrtY-vi9tqrtemyaMrOv0EYMjmsLfAiAA1c_jHWZeMOsH56fvIlwHkV72RIa6L-LZYQKXmOLuEA%3D%3D/lsparams/mh,mm,mn,ms,mv,mvi,pcm2cms,pl,initcwndbps/lsig/AG3C_xAwRAIgf9kcDk0lhUW_vC-XICjgNZABYTc-AVmEiu3IGixOl-UCIApsLncL-EIb_7HcKSZYhVKvWjBdJ5K27gx5NLKNmqlE/", "fragments": [{"path": "sq/0"}, {"path": "sq/1/dur/5.339", "duration": 5.339}, {"path": "sq/2/dur/5.338", "duration": 5.338}, {"path": "sq/3/dur/5.339", "duration": 5.339}, {"path": "sq/4/dur/5.339", "duration": 5.339}, {"path": "sq/5/dur/5.338", "duration": 5.338}, {"path": "sq/6/dur/5.339", "duration": 5.339}, {"path": "sq/7/dur/5.339", "duration": 5.339}, {"path": "sq/8/dur/5.338", "duration": 5.338}, {"path": "sq/9/dur/5.339", "duration": 5.339}, {"path": "sq/10/dur/5.339", "duration": 5.339}, {"path": "sq/11/dur/5.338", "duration": 5.338}, {"path": "sq/12/dur/5.339", "duration": 5.339}, {"path": "sq/13/dur/5.339", "duration": 5.339}, {"path": "sq/14/dur/5.338", "duration": 5.338}, {"path": "sq/15/dur/5.339", "duration": 5.339}, {"path": "sq/16/dur/5.339", "duration": 5.339}, {"path": "sq/17/dur/5.338", "duration": 5.338}, {"path": "sq/18/dur/5.339", "duration": 5.339}, {"path": "sq/19/dur/5.339", "duration": 5.339}, {"path": "sq/20/dur/5.338", "duration": 5.338}, {"path": "sq/21/dur/5.339", "duration": 5.339}, {"path": "sq/22/dur/5.339", "duration": 5.339}, {"path": "sq/23/dur/5.338", "duration": 5.338}, {"path": "sq/24/dur/5.339", "duration": 5.339}, {"path": "sq/25/dur/5.339", "duration": 5.339}, {"path": "sq/26/dur/5.338", "duration": 5.338}, {"path": "sq/27/dur/5.339", "duration": 5.339}, {"path": "sq/28/dur/5.339", "duration": 5.339}, {"path": "sq/29/dur/5.338", "duration": 5.338}, {"path": "sq/30/dur/5.339", "duration": 5.339}, {"path": "sq/31/dur/5.339", "duration": 5.339}, {"path": "sq/32/dur/5.338", "duration": 5.338}, {"path": "sq/33/dur/5.339", "duration": 5.339}, {"path": "sq/34/dur/5.339", "duration": 5.339}, {"path": "sq/35/dur/5.338", "duration": 5.338}, {"path": "sq/36/dur/5.339", "duration": 5.339}, {"path": "sq/37/dur/5.339", "duration": 5.339}, {"path": "sq/38/dur/5.338", "duration": 5.338}, {"path": "sq/39/dur/5.339", "duration": 5.339}, {"path": "sq/40/dur/5.339", "duration": 5.339}, {"path": "sq/41/dur/4.129", "duration": 4.129}], "protocol": "http_dash_segments", "format": "247 - 1280x720 (DASH video)", "http_headers": {"User-Agent": "Mozilla/5.0 (Windows NT 10.0; Win64; x64) AppleWebKit/537.36 (KHTML, like Gecko) Chrome/72.0.3626.18 Safari/537.36", "Accept-Charset": "ISO-8859-1,utf-8;q=0.7,*;q=0.7", "Accept": "text/html,application/xhtml+xml,application/xml;q=0.9,*/*;q=0.8", "Accept-Encoding": "gzip, deflate", "Accept-Language": "en-us,en;q=0.5"}}, {"ext": "mp4", "height": 720, "format_note": "DASH video", "vcodec": "avc1.4d400d", "format_id": "136", "manifest_url": "https://manifest.googlevideo.com/api/manifest/dash/expire/1608733043/ei/E_3iX83rDpHm4wKZtIa4CQ/ip/140.109.135.76/id/7decbef1b391f791/source/youtube/requiressl/yes/playback_host/r1---sn-5njj-u2xl.googlevideo.com/mh/xj/mm/31%2C29/mn/sn-5njj-u2xl%2Csn-un57sn76/ms/au%2Crdu/mv/m/mvi/1/pcm2cms/yes/pl/16/hfr/all/as/fmp4_audio_clear%2Cwebm_audio_clear%2Cwebm2_audio_clear%2Cfmp4_sd_hd_clear%2Cwebm2_sd_hd_clear/initcwndbps/567500/vprv/1/mt/1608711395/fvip/1/keepalive/yes/itag/0/sparams/expire%2Cei%2Cip%2Cid%2Csource%2Crequiressl%2Chfr%2Cas%2Cvprv%2Citag/sig/AOq0QJ8wRAIgK32dVjEDYKWJUPjo_mF1ymOOhPfeDQOmOV0kX1_hzWcCIGmj4hFDCuGGlxaoCeAPO9WzAXcsFAwNDBjt6Q7fj6Ww/lsparams/playback_host%2Cmh%2Cmm%2Cmn%2Cms%2Cmv%2Cmvi%2Cpcm2cms%2Cpl%2Cinitcwndbps/lsig/AG3C_xAwRQIhAJC020rP7YSeifreNVyrg8c1tMpGu6pXLFin-gxEmxt9AiBryZRKZ_OAHAHtaool3XrE0cbOn4imZnS565xg6tSppA%3D%3D", "width": 1280, "tbr": 2310.0, "asr": null, "fps": 24, "language": null, "filesize": null, "container": "mp4_dash", "acodec": "none", "url": "https://manifest.googlevideo.com/api/manifest/dash/expire/1608733043/ei/E_3iX83rDpHm4wKZtIa4CQ/ip/140.109.135.76/id/7decbef1b391f791/source/youtube/requiressl/yes/playback_host/r1---sn-5njj-u2xl.googlevideo.com/mh/xj/mm/31%2C29/mn/sn-5njj-u2xl%2Csn-un57sn76/ms/au%2Crdu/mv/m/mvi/1/pcm2cms/yes/pl/16/hfr/all/as/fmp4_audio_clear%2Cwebm_audio_clear%2Cwebm2_audio_clear%2Cfmp4_sd_hd_clear%2Cwebm2_sd_hd_clear/initcwndbps/567500/vprv/1/mt/1608711395/fvip/1/keepalive/yes/itag/0/sparams/expire%2Cei%2Cip%2Cid%2Csource%2Crequiressl%2Chfr%2Cas%2Cvprv%2Citag/sig/AOq0QJ8wRAIgK32dVjEDYKWJUPjo_mF1ymOOhPfeDQOmOV0kX1_hzWcCIGmj4hFDCuGGlxaoCeAPO9WzAXcsFAwNDBjt6Q7fj6Ww/lsparams/playback_host%2Cmh%2Cmm%2Cmn%2Cms%2Cmv%2Cmvi%2Cpcm2cms%2Cpl%2Cinitcwndbps/lsig/AG3C_xAwRQIhAJC020rP7YSeifreNVyrg8c1tMpGu6pXLFin-gxEmxt9AiBryZRKZ_OAHAHtaool3XrE0cbOn4imZnS565xg6tSppA%3D%3D", "fragment_base_url": "https://r1---sn-5njj-u2xl.googlevideo.com/videoplayback/expire/1608733043/ei/E_3iX83rDpHm4wKZtIa4CQ/ip/140.109.135.76/id/7decbef1b391f791/itag/136/source/yt_otf/requiressl/yes/mh/xj/mm/31,29/mn/sn-5njj-u2xl,sn-un57sn76/ms/au,rdu/mv/m/mvi/1/pcm2cms/yes/pl/16/initcwndbps/567500/vprv/1/ratebypass/yes/mime/video%2Fmp4/otfp/1/otf/1/lmt/1595744225399256/mt/1608711395/fvip/1/keepalive/yes/sparams/expire,ei,ip,id,itag,source,requiressl,vprv,ratebypass,mime,otfp,otf,lmt/sig/AOq0QJ8wRQIgIYeFPBmUtcCMt6qjCTSfSmT6GAXSW5_CzYWLm31DCZ8CIQC5_r4hlias8ay5exVmujrcJo_EzAL6Rb8gYJDVTCkJMg%3D%3D/lsparams/mh,mm,mn,ms,mv,mvi,pcm2cms,pl,initcwndbps/lsig/AG3C_xAwRQIhAKjnif6ACP_cbn4Dk6IeJDNfyiwYKi7W5tnVvXfk10a_AiBHB9zHTJUZXQ89Iwy_zSDrwAkA78iDKuO0do-TxrCUFA%3D%3D/", "fragments": [{"path": "sq/0"}, {"path": "sq/1/dur/5.339", "duration": 5.339}, {"path": "sq/2/dur/5.338", "duration": 5.338}, {"path": "sq/3/dur/5.339", "duration": 5.339}, {"path": "sq/4/dur/5.339", "duration": 5.339}, {"path": "sq/5/dur/5.338", "duration": 5.338}, {"path": "sq/6/dur/5.339", "duration": 5.339}, {"path": "sq/7/dur/5.339", "duration": 5.339}, {"path": "sq/8/dur/5.338", "duration": 5.338}, {"path": "sq/9/dur/5.339", "duration": 5.339}, {"path": "sq/10/dur/5.339", "duration": 5.339}, {"path": "sq/11/dur/5.338", "duration": 5.338}, {"path": "sq/12/dur/5.339", "duration": 5.339}, {"path": "sq/13/dur/5.339", "duration": 5.339}, {"path": "sq/14/dur/5.338", "duration": 5.338}, {"path": "sq/15/dur/5.339", "duration": 5.339}, {"path": "sq/16/dur/5.339", "duration": 5.339}, {"path": "sq/17/dur/5.338", "duration": 5.338}, {"path": "sq/18/dur/5.339", "duration": 5.339}, {"path": "sq/19/dur/5.339", "duration": 5.339}, {"path": "sq/20/dur/5.338", "duration": 5.338}, {"path": "sq/21/dur/5.339", "duration": 5.339}, {"path": "sq/22/dur/5.339", "duration": 5.339}, {"path": "sq/23/dur/5.338", "duration": 5.338}, {"path": "sq/24/dur/5.339", "duration": 5.339}, {"path": "sq/25/dur/5.339", "duration": 5.339}, {"path": "sq/26/dur/5.338", "duration": 5.338}, {"path": "sq/27/dur/5.339", "duration": 5.339}, {"path": "sq/28/dur/5.339", "duration": 5.339}, {"path": "sq/29/dur/5.338", "duration": 5.338}, {"path": "sq/30/dur/5.339", "duration": 5.339}, {"path": "sq/31/dur/5.339", "duration": 5.339}, {"path": "sq/32/dur/5.338", "duration": 5.338}, {"path": "sq/33/dur/5.339", "duration": 5.339}, {"path": "sq/34/dur/5.339", "duration": 5.339}, {"path": "sq/35/dur/5.338", "duration": 5.338}, {"path": "sq/36/dur/5.339", "duration": 5.339}, {"path": "sq/37/dur/5.339", "duration": 5.339}, {"path": "sq/38/dur/5.338", "duration": 5.338}, {"path": "sq/39/dur/5.339", "duration": 5.339}, {"path": "sq/40/dur/5.339", "duration": 5.339}, {"path": "sq/41/dur/4.129", "duration": 4.129}], "protocol": "http_dash_segments", "format": "136 - 1280x720 (DASH video)", "http_headers": {"User-Agent": "Mozilla/5.0 (Windows NT 10.0; Win64; x64) AppleWebKit/537.36 (KHTML, like Gecko) Chrome/72.0.3626.18 Safari/537.36", "Accept-Charset": "ISO-8859-1,utf-8;q=0.7,*;q=0.7", "Accept": "text/html,application/xhtml+xml,application/xml;q=0.9,*/*;q=0.8", "Accept-Encoding": "gzip, deflate", "Accept-Language": "en-us,en;q=0.5"}}, {"ext": "webm", "height": 1080, "format_note": "DASH video", "vcodec": "vp9", "format_id": "248", "manifest_url": "https://manifest.googlevideo.com/api/manifest/dash/expire/1608733043/ei/E_3iX83rDpHm4wKZtIa4CQ/ip/140.109.135.76/id/7decbef1b391f791/source/youtube/requiressl/yes/playback_host/r1---sn-5njj-u2xl.googlevideo.com/mh/xj/mm/31%2C29/mn/sn-5njj-u2xl%2Csn-un57sn76/ms/au%2Crdu/mv/m/mvi/1/pcm2cms/yes/pl/16/hfr/all/as/fmp4_audio_clear%2Cwebm_audio_clear%2Cwebm2_audio_clear%2Cfmp4_sd_hd_clear%2Cwebm2_sd_hd_clear/initcwndbps/567500/vprv/1/mt/1608711395/fvip/1/keepalive/yes/itag/0/sparams/expire%2Cei%2Cip%2Cid%2Csource%2Crequiressl%2Chfr%2Cas%2Cvprv%2Citag/sig/AOq0QJ8wRAIgK32dVjEDYKWJUPjo_mF1ymOOhPfeDQOmOV0kX1_hzWcCIGmj4hFDCuGGlxaoCeAPO9WzAXcsFAwNDBjt6Q7fj6Ww/lsparams/playback_host%2Cmh%2Cmm%2Cmn%2Cms%2Cmv%2Cmvi%2Cpcm2cms%2Cpl%2Cinitcwndbps/lsig/AG3C_xAwRQIhAJC020rP7YSeifreNVyrg8c1tMpGu6pXLFin-gxEmxt9AiBryZRKZ_OAHAHtaool3XrE0cbOn4imZnS565xg6tSppA%3D%3D", "width": 1920, "tbr": 2646.0, "asr": null, "fps": 24, "language": null, "filesize": null, "container": "webm_dash", "acodec": "none", "url": "https://manifest.googlevideo.com/api/manifest/dash/expire/1608733043/ei/E_3iX83rDpHm4wKZtIa4CQ/ip/140.109.135.76/id/7decbef1b391f791/source/youtube/requiressl/yes/playback_host/r1---sn-5njj-u2xl.googlevideo.com/mh/xj/mm/31%2C29/mn/sn-5njj-u2xl%2Csn-un57sn76/ms/au%2Crdu/mv/m/mvi/1/pcm2cms/yes/pl/16/hfr/all/as/fmp4_audio_clear%2Cwebm_audio_clear%2Cwebm2_audio_clear%2Cfmp4_sd_hd_clear%2Cwebm2_sd_hd_clear/initcwndbps/567500/vprv/1/mt/1608711395/fvip/1/keepalive/yes/itag/0/sparams/expire%2Cei%2Cip%2Cid%2Csource%2Crequiressl%2Chfr%2Cas%2Cvprv%2Citag/sig/AOq0QJ8wRAIgK32dVjEDYKWJUPjo_mF1ymOOhPfeDQOmOV0kX1_hzWcCIGmj4hFDCuGGlxaoCeAPO9WzAXcsFAwNDBjt6Q7fj6Ww/lsparams/playback_host%2Cmh%2Cmm%2Cmn%2Cms%2Cmv%2Cmvi%2Cpcm2cms%2Cpl%2Cinitcwndbps/lsig/AG3C_xAwRQIhAJC020rP7YSeifreNVyrg8c1tMpGu6pXLFin-gxEmxt9AiBryZRKZ_OAHAHtaool3XrE0cbOn4imZnS565xg6tSppA%3D%3D", "fragment_base_url": "https://r1---sn-5njj-u2xl.googlevideo.com/videoplayback/expire/1608733043/ei/E_3iX83rDpHm4wKZtIa4CQ/ip/140.109.135.76/id/7decbef1b391f791/itag/248/source/yt_otf/requiressl/yes/mh/xj/mm/31,29/mn/sn-5njj-u2xl,sn-un57sn76/ms/au,rdu/mv/m/mvi/1/pcm2cms/yes/pl/16/initcwndbps/567500/vprv/1/ratebypass/yes/mime/video%2Fwebm/otfp/1/otf/1/lmt/1595744225399256/mt/1608711395/fvip/1/keepalive/yes/sparams/expire,ei,ip,id,itag,source,requiressl,vprv,ratebypass,mime,otfp,otf,lmt/sig/AOq0QJ8wRQIhALv-NyNa3OYKKtrkYhbvjN8RisDXFacMx8KEQ8b7hXDrAiALK3UMfTCNInFG5g7lBmN3VE_rOvULy_zn0GNehkF8ZA%3D%3D/lsparams/mh,mm,mn,ms,mv,mvi,pcm2cms,pl,initcwndbps/lsig/AG3C_xAwRgIhALZMWokpks4p236p4PW1WvwD8DEyEOJ0kaFypKDDn5yfAiEA1LF-PqM4ucyuYbn0dg9Zutmnu7vMY_H8eI52k_8a4PY%3D/", "fragments": [{"path": "sq/0"}, {"path": "sq/1/dur/5.339", "duration": 5.339}, {"path": "sq/2/dur/5.338", "duration": 5.338}, {"path": "sq/3/dur/5.339", "duration": 5.339}, {"path": "sq/4/dur/5.339", "duration": 5.339}, {"path": "sq/5/dur/5.338", "duration": 5.338}, {"path": "sq/6/dur/5.339", "duration": 5.339}, {"path": "sq/7/dur/5.339", "duration": 5.339}, {"path": "sq/8/dur/5.338", "duration": 5.338}, {"path": "sq/9/dur/5.339", "duration": 5.339}, {"path": "sq/10/dur/5.339", "duration": 5.339}, {"path": "sq/11/dur/5.338", "duration": 5.338}, {"path": "sq/12/dur/5.339", "duration": 5.339}, {"path": "sq/13/dur/5.339", "duration": 5.339}, {"path": "sq/14/dur/5.338", "duration": 5.338}, {"path": "sq/15/dur/5.339", "duration": 5.339}, {"path": "sq/16/dur/5.339", "duration": 5.339}, {"path": "sq/17/dur/5.338", "duration": 5.338}, {"path": "sq/18/dur/5.339", "duration": 5.339}, {"path": "sq/19/dur/5.339", "duration": 5.339}, {"path": "sq/20/dur/5.338", "duration": 5.338}, {"path": "sq/21/dur/5.339", "duration": 5.339}, {"path": "sq/22/dur/5.339", "duration": 5.339}, {"path": "sq/23/dur/5.338", "duration": 5.338}, {"path": "sq/24/dur/5.339", "duration": 5.339}, {"path": "sq/25/dur/5.339", "duration": 5.339}, {"path": "sq/26/dur/5.338", "duration": 5.338}, {"path": "sq/27/dur/5.339", "duration": 5.339}, {"path": "sq/28/dur/5.339", "duration": 5.339}, {"path": "sq/29/dur/5.338", "duration": 5.338}, {"path": "sq/30/dur/5.339", "duration": 5.339}, {"path": "sq/31/dur/5.339", "duration": 5.339}, {"path": "sq/32/dur/5.338", "duration": 5.338}, {"path": "sq/33/dur/5.339", "duration": 5.339}, {"path": "sq/34/dur/5.339", "duration": 5.339}, {"path": "sq/35/dur/5.338", "duration": 5.338}, {"path": "sq/36/dur/5.339", "duration": 5.339}, {"path": "sq/37/dur/5.339", "duration": 5.339}, {"path": "sq/38/dur/5.338", "duration": 5.338}, {"path": "sq/39/dur/5.339", "duration": 5.339}, {"path": "sq/40/dur/5.339", "duration": 5.339}, {"path": "sq/41/dur/4.129", "duration": 4.129}], "protocol": "http_dash_segments", "format": "248 - 1920x1080 (DASH video)", "http_headers": {"User-Agent": "Mozilla/5.0 (Windows NT 10.0; Win64; x64) AppleWebKit/537.36 (KHTML, like Gecko) Chrome/72.0.3626.18 Safari/537.36", "Accept-Charset": "ISO-8859-1,utf-8;q=0.7,*;q=0.7", "Accept": "text/html,application/xhtml+xml,application/xml;q=0.9,*/*;q=0.8", "Accept-Encoding": "gzip, deflate", "Accept-Language": "en-us,en;q=0.5"}}, {"ext": "mp4", "height": 1080, "format_note": "DASH video", "vcodec": "avc1.640028", "format_id": "137", "manifest_url": "https://manifest.googlevideo.com/api/manifest/dash/expire/1608733043/ei/E_3iX83rDpHm4wKZtIa4CQ/ip/140.109.135.76/id/7decbef1b391f791/source/youtube/requiressl/yes/playback_host/r1---sn-5njj-u2xl.googlevideo.com/mh/xj/mm/31%2C29/mn/sn-5njj-u2xl%2Csn-un57sn76/ms/au%2Crdu/mv/m/mvi/1/pcm2cms/yes/pl/16/hfr/all/as/fmp4_audio_clear%2Cwebm_audio_clear%2Cwebm2_audio_clear%2Cfmp4_sd_hd_clear%2Cwebm2_sd_hd_clear/initcwndbps/567500/vprv/1/mt/1608711395/fvip/1/keepalive/yes/itag/0/sparams/expire%2Cei%2Cip%2Cid%2Csource%2Crequiressl%2Chfr%2Cas%2Cvprv%2Citag/sig/AOq0QJ8wRAIgK32dVjEDYKWJUPjo_mF1ymOOhPfeDQOmOV0kX1_hzWcCIGmj4hFDCuGGlxaoCeAPO9WzAXcsFAwNDBjt6Q7fj6Ww/lsparams/playback_host%2Cmh%2Cmm%2Cmn%2Cms%2Cmv%2Cmvi%2Cpcm2cms%2Cpl%2Cinitcwndbps/lsig/AG3C_xAwRQIhAJC020rP7YSeifreNVyrg8c1tMpGu6pXLFin-gxEmxt9AiBryZRKZ_OAHAHtaool3XrE0cbOn4imZnS565xg6tSppA%3D%3D", "width": 1920, "tbr": 4591.544, "asr": null, "fps": 24, "language": null, "filesize": null, "container": "mp4_dash", "acodec": "none", "url": "https://manifest.googlevideo.com/api/manifest/dash/expire/1608733043/ei/E_3iX83rDpHm4wKZtIa4CQ/ip/140.109.135.76/id/7decbef1b391f791/source/youtube/requiressl/yes/playback_host/r1---sn-5njj-u2xl.googlevideo.com/mh/xj/mm/31%2C29/mn/sn-5njj-u2xl%2Csn-un57sn76/ms/au%2Crdu/mv/m/mvi/1/pcm2cms/yes/pl/16/hfr/all/as/fmp4_audio_clear%2Cwebm_audio_clear%2Cwebm2_audio_clear%2Cfmp4_sd_hd_clear%2Cwebm2_sd_hd_clear/initcwndbps/567500/vprv/1/mt/1608711395/fvip/1/keepalive/yes/itag/0/sparams/expire%2Cei%2Cip%2Cid%2Csource%2Crequiressl%2Chfr%2Cas%2Cvprv%2Citag/sig/AOq0QJ8wRAIgK32dVjEDYKWJUPjo_mF1ymOOhPfeDQOmOV0kX1_hzWcCIGmj4hFDCuGGlxaoCeAPO9WzAXcsFAwNDBjt6Q7fj6Ww/lsparams/playback_host%2Cmh%2Cmm%2Cmn%2Cms%2Cmv%2Cmvi%2Cpcm2cms%2Cpl%2Cinitcwndbps/lsig/AG3C_xAwRQIhAJC020rP7YSeifreNVyrg8c1tMpGu6pXLFin-gxEmxt9AiBryZRKZ_OAHAHtaool3XrE0cbOn4imZnS565xg6tSppA%3D%3D", "fragment_base_url": "https://r1---sn-5njj-u2xl.googlevideo.com/videoplayback/expire/1608733043/ei/E_3iX83rDpHm4wKZtIa4CQ/ip/140.109.135.76/id/7decbef1b391f791/itag/137/source/youtube/requiressl/yes/mh/xj/mm/31,29/mn/sn-5njj-u2xl,sn-un57sn76/ms/au,rdu/mv/m/mvi/1/pcm2cms/yes/pl/16/initcwndbps/567500/vprv/1/ratebypass/yes/mime/video%2Fmp4/otfp/1/gir/yes/clen/94549967/lmt/1595744225399256/dur/217.675/mt/1608711395/fvip/1/keepalive/yes/sparams/expire,ei,ip,id,itag,source,requiressl,vprv,ratebypass,mime,otfp,gir,clen,lmt,dur/sig/AOq0QJ8wRQIhAL9F1Jlyt-Ec5GUswR1r98jbhmiOilmz07lS8lmhPxtKAiAdXyc86_H60BplEZYZcHOPlAgsh9G7jFhS5x7HVMKWtw%3D%3D/lsparams/mh,mm,mn,ms,mv,mvi,pcm2cms,pl,initcwndbps/lsig/AG3C_xAwRAIgKDEq__QY0xmaZhqs02OKGD6qAKTxm0PrjVk_972qfZgCIEC4lRsTDqHoIP2SylC7a8xBGrmYKJQOCL1YPEQ3uBde/", "fragments": [{"path": "range/0-740"}, {"path": "range/1265-2764564", "duration": 5.339}, {"path": "range/2764565-4685000", "duration": 5.338}, {"path": "range/4685001-6221492", "duration": 5.339}, {"path": "range/6221493-9218621", "duration": 5.339}, {"path": "range/9218622-12217198", "duration": 5.338}, {"path": "range/12217199-14733076", "duration": 5.339}, {"path": "range/14733077-16754850", "duration": 5.339}, {"path": "range/16754851-18560131", "duration": 5.338}, {"path": "range/18560132-20301437", "duration": 5.339}, {"path": "range/20301438-22305796", "duration": 5.339}, {"path": "range/22305797-24207473", "duration": 5.338}, {"path": "range/24207474-27210829", "duration": 5.339}, {"path": "range/27210830-30133486", "duration": 5.339}, {"path": "range/30133487-33064366", "duration": 5.338}, {"path": "range/33064367-34953491", "duration": 5.339}, {"path": "range/34953492-36850597", "duration": 5.339}, {"path": "range/36850598-38595726", "duration": 5.338}, {"path": "range/38595727-40378831", "duration": 5.339}, {"path": "range/40378832-43329423", "duration": 5.339}, {"path": "range/43329424-46264852", "duration": 5.338}, {"path": "range/46264853-49329134", "duration": 5.339}, {"path": "range/49329135-51182812", "duration": 5.339}, {"path": "range/51182813-53094436", "duration": 5.338}, {"path": "range/53094437-56098312", "duration": 5.339}, {"path": "range/56098313-58028949", "duration": 5.339}, {"path": "range/58028950-59663229", "duration": 5.338}, {"path": "range/59663230-61502418", "duration": 5.339}, {"path": "range/61502419-64452930", "duration": 5.339}, {"path": "range/64452931-67460825", "duration": 5.338}, {"path": "range/67460826-70492175", "duration": 5.339}, {"path": "range/70492176-72551112", "duration": 5.339}, {"path": "range/72551113-74484834", "duration": 5.338}, {"path": "range/74484835-76676700", "duration": 5.339}, {"path": "range/76676701-78599675", "duration": 5.339}, {"path": "range/78599676-80315133", "duration": 5.338}, {"path": "range/80315134-82002344", "duration": 5.339}, {"path": "range/82002345-84723931", "duration": 5.339}, {"path": "range/84723932-87770913", "duration": 5.338}, {"path": "range/87770914-90679360", "duration": 5.339}, {"path": "range/90679361-93502434", "duration": 5.339}, {"path": "range/93502435-94549966", "duration": 4.129}], "protocol": "http_dash_segments", "format": "137 - 1920x1080 (DASH video)", "http_headers": {"User-Agent": "Mozilla/5.0 (Windows NT 10.0; Win64; x64) AppleWebKit/537.36 (KHTML, like Gecko) Chrome/72.0.3626.18 Safari/537.36", "Accept-Charset": "ISO-8859-1,utf-8;q=0.7,*;q=0.7", "Accept": "text/html,application/xhtml+xml,application/xml;q=0.9,*/*;q=0.8", "Accept-Encoding": "gzip, deflate", "Accept-Language": "en-us,en;q=0.5"}}, {"format_id": "18", "url": "https://r1---sn-5njj-u2xl.googlevideo.com/videoplayback?expire=1608733043&ei=E_3iX83rDpHm4wKZtIa4CQ&ip=140.109.135.76&id=o-ABZErTXpFBLVsFWXheSj8OyUpf1rUv67MjmoKIthuvrQ&itag=18&source=youtube&requiressl=yes&mh=xj&mm=31%2C29&mn=sn-5njj-u2xl%2Csn-un57sn76&ms=au%2Crdu&mv=m&mvi=1&pcm2cms=yes&pl=16&initcwndbps=567500&vprv=1&mime=video%2Fmp4&ns=5RHEUwElgBTXipUDrqWw3fIF&gir=yes&clen=16975543&ratebypass=yes&dur=217.733&lmt=1595180958246041&mt=1608711395&fvip=1&c=WEB&txp=6216222&n=YaV1hffCgRcYEPfR&sparams=expire%2Cei%2Cip%2Cid%2Citag%2Csource%2Crequiressl%2Cvprv%2Cmime%2Cns%2Cgir%2Cclen%2Cratebypass%2Cdur%2Clmt&sig=AOq0QJ8wRgIhAKut6mBnVbzh90iFgOaS3JKQ9Ohlo2a8xPCGOvxpXylZAiEAon6gtvldaS9J-RJUIBF7hbXGR_DAYBoJmGIAw8DViCM%3D&lsparams=mh%2Cmm%2Cmn%2Cms%2Cmv%2Cmvi%2Cpcm2cms%2Cpl%2Cinitcwndbps&lsig=AG3C_xAwRgIhAN1xFcGW6C9xsKtxHsljxLXgGq0vKTdOm1rxZfYk0-bUAiEAxgfHo_VD6lEswKViOhs7YKRrgNUaX8oYik0_GKE4uas%3D", "player_url": null, "ext": "mp4", "width": 640, "height": 360, "acodec": "mp4a.40.2", "abr": 96, "vcodec": "avc1.42001E", "asr": 44100, "filesize": 16975543, "format_note": "360p", "fps": 24, "tbr": 623.885, "format": "18 - 640x360 (360p)", "protocol": "https", "http_headers": {"User-Agent": "Mozilla/5.0 (Windows NT 10.0; Win64; x64) AppleWebKit/537.36 (KHTML, like Gecko) Chrome/72.0.3626.18 Safari/537.36", "Accept-Charset": "ISO-8859-1,utf-8;q=0.7,*;q=0.7", "Accept": "text/html,application/xhtml+xml,application/xml;q=0.9,*/*;q=0.8", "Accept-Encoding": "gzip, deflate", "Accept-Language": "en-us,en;q=0.5"}}], "is_live": null, "start_time": null, "end_time": null, "series": null, "season_number": null, "episode_number": null, "track": null, "artist": null, "album": null, "release_date": null, "release_year": null, "extractor": "youtube", "webpage_url_basename": "watch", "extractor_key": "Youtube", "playlist": null, "playlist_index": null, "thumbnail": "https://i.ytimg.com/vi/fey-8bOR95E/maxresdefault.jpg?v=5f14862c", "display_id": "fey-8bOR95E", "requested_subtitles": null, "ext": "webm", "format_note": "DASH audio", "acodec": "opus", "abr": 160, "format_id": "251", "manifest_url": "https://manifest.googlevideo.com/api/manifest/dash/expire/1608733043/ei/E_3iX83rDpHm4wKZtIa4CQ/ip/140.109.135.76/id/7decbef1b391f791/source/youtube/requiressl/yes/playback_host/r1---sn-5njj-u2xl.googlevideo.com/mh/xj/mm/31%2C29/mn/sn-5njj-u2xl%2Csn-un57sn76/ms/au%2Crdu/mv/m/mvi/1/pcm2cms/yes/pl/16/hfr/all/as/fmp4_audio_clear%2Cwebm_audio_clear%2Cwebm2_audio_clear%2Cfmp4_sd_hd_clear%2Cwebm2_sd_hd_clear/initcwndbps/567500/vprv/1/mt/1608711395/fvip/1/keepalive/yes/itag/0/sparams/expire%2Cei%2Cip%2Cid%2Csource%2Crequiressl%2Chfr%2Cas%2Cvprv%2Citag/sig/AOq0QJ8wRAIgK32dVjEDYKWJUPjo_mF1ymOOhPfeDQOmOV0kX1_hzWcCIGmj4hFDCuGGlxaoCeAPO9WzAXcsFAwNDBjt6Q7fj6Ww/lsparams/playback_host%2Cmh%2Cmm%2Cmn%2Cms%2Cmv%2Cmvi%2Cpcm2cms%2Cpl%2Cinitcwndbps/lsig/AG3C_xAwRQIhAJC020rP7YSeifreNVyrg8c1tMpGu6pXLFin-gxEmxt9AiBryZRKZ_OAHAHtaool3XrE0cbOn4imZnS565xg6tSppA%3D%3D", "width": null, "height": null, "tbr": 148.137, "asr": 48000, "fps": null, "language": null, "filesize": null, "container": "webm_dash", "vcodec": "none", "url": "https://manifest.googlevideo.com/api/manifest/dash/expire/1608733043/ei/E_3iX83rDpHm4wKZtIa4CQ/ip/140.109.135.76/id/7decbef1b391f791/source/youtube/requiressl/yes/playback_host/r1---sn-5njj-u2xl.googlevideo.com/mh/xj/mm/31%2C29/mn/sn-5njj-u2xl%2Csn-un57sn76/ms/au%2Crdu/mv/m/mvi/1/pcm2cms/yes/pl/16/hfr/all/as/fmp4_audio_clear%2Cwebm_audio_clear%2Cwebm2_audio_clear%2Cfmp4_sd_hd_clear%2Cwebm2_sd_hd_clear/initcwndbps/567500/vprv/1/mt/1608711395/fvip/1/keepalive/yes/itag/0/sparams/expire%2Cei%2Cip%2Cid%2Csource%2Crequiressl%2Chfr%2Cas%2Cvprv%2Citag/sig/AOq0QJ8wRAIgK32dVjEDYKWJUPjo_mF1ymOOhPfeDQOmOV0kX1_hzWcCIGmj4hFDCuGGlxaoCeAPO9WzAXcsFAwNDBjt6Q7fj6Ww/lsparams/playback_host%2Cmh%2Cmm%2Cmn%2Cms%2Cmv%2Cmvi%2Cpcm2cms%2Cpl%2Cinitcwndbps/lsig/AG3C_xAwRQIhAJC020rP7YSeifreNVyrg8c1tMpGu6pXLFin-gxEmxt9AiBryZRKZ_OAHAHtaool3XrE0cbOn4imZnS565xg6tSppA%3D%3D", "fragment_base_url": "https://r1---sn-5njj-u2xl.googlevideo.com/videoplayback/expire/1608733043/ei/E_3iX83rDpHm4wKZtIa4CQ/ip/140.109.135.76/id/7decbef1b391f791/itag/251/source/youtube/requiressl/yes/mh/xj/mm/31,29/mn/sn-5njj-u2xl,sn-un57sn76/ms/au,rdu/mv/m/mvi/1/pcm2cms/yes/pl/16/initcwndbps/567500/vprv/1/ratebypass/yes/mime/audio%2Fwebm/otfp/1/gir/yes/clen/3862251/lmt/1595180884462057/dur/217.701/mt/1608711395/fvip/1/keepalive/yes/sparams/expire,ei,ip,id,itag,source,requiressl,vprv,ratebypass,mime,otfp,gir,clen,lmt,dur/sig/AOq0QJ8wRQIgPP5Wni73d0b2A_OO4QZYk0E-YglGS1Ju3G36X3TTUqQCIQCLn6oRiVkRsQpnajFXV__HnL-NXi1qyTXcXLELuSaoiA%3D%3D/lsparams/mh,mm,mn,ms,mv,mvi,pcm2cms,pl,initcwndbps/lsig/AG3C_xAwRgIhAJdb7380POFMEe_rkk1PSXRpMm11iQ_hrwvUFBs9zYUmAiEAgOX4HimYXJ73zIG4iz2tnwcdo01mVmVp7DaiumQXRzU%3D/", "fragments": [{"path": "range/0-265"}, {"path": "range/637-174576", "duration": 10.001}, {"path": "range/174577-349237", "duration": 10.0}, {"path": "range/349238-526112", "duration": 10.0}, {"path": "range/526113-703768", "duration": 10.0}, {"path": "range/703769-883340", "duration": 10.0}, {"path": "range/883341-1068398", "duration": 10.0}, {"path": "range/1068399-1248941", "duration": 10.0}, {"path": "range/1248942-1425897", "duration": 10.0}, {"path": "range/1425898-1604332", "duration": 10.0}, {"path": "range/1604333-1783210", "duration": 10.0}, {"path": "range/1783211-1962307", "duration": 10.0}, {"path": "range/1962308-2147479", "duration": 10.0}, {"path": "range/2147480-2327915", "duration": 10.0}, {"path": "range/2327916-2507511", "duration": 10.0}, {"path": "range/2507512-2682035", "duration": 10.0}, {"path": "range/2682036-2859091", "duration": 10.0}, {"path": "range/2859092-3042013", "duration": 10.0}, {"path": "range/3042014-3222793", "duration": 10.0}, {"path": "range/3222794-3400701", "duration": 10.0}, {"path": "range/3400702-3576000", "duration": 10.0}, {"path": "range/3576001-3749810", "duration": 10.0}, {"path": "range/3749811-3862250", "duration": 7.7}], "protocol": "http_dash_segments", "format": "251 - audio only (DASH audio)", "http_headers": {"User-Agent": "Mozilla/5.0 (Windows NT 10.0; Win64; x64) AppleWebKit/537.36 (KHTML, like Gecko) Chrome/72.0.3626.18 Safari/537.36", "Accept-Charset": "ISO-8859-1,utf-8;q=0.7,*;q=0.7", "Accept": "text/html,application/xhtml+xml,application/xml;q=0.9,*/*;q=0.8", "Accept-Encoding": "gzip, deflate", "Accept-Language": "en-us,en;q=0.5"}}