{"id": "gwmVjvR-sVs", "uploader": "Costantino Carrara Music", "uploader_id": "kosta97piano", "uploader_url": "http://www.youtube.com/user/kosta97piano", "channel_id": "UCIvxmYZSfLNbtA4OPMHqKBw", "channel_url": "http://www.youtube.com/channel/UCIvxmYZSfLNbtA4OPMHqKBw", "upload_date": "20171116", "license": null, "creator": null, "title": "\"Dusk Till Dawn\" - ZAYN ft. Sia (Piano Cover) - Costantino Carrara", "alt_title": null, "thumbnails": [{"url": "https://i.ytimg.com/vi/gwmVjvR-sVs/hqdefault.jpg?sqp=-oaymwEYCKgBEF5IVfKriqkDCwgBFQAAiEIYAXAB&rs=AOn4CLDuQFsdwzaJdLDZD9gW5YBahUe6ew", "width": 168, "height": 94, "resolution": "168x94", "id": "0"}, {"url": "https://i.ytimg.com/vi/gwmVjvR-sVs/hqdefault.jpg?sqp=-oaymwEYCMQBEG5IVfKriqkDCwgBFQAAiEIYAXAB&rs=AOn4CLDf83oDstP1QqYKUcteQoBPWWW8ZQ", "width": 196, "height": 110, "resolution": "196x110", "id": "1"}, {"url": "https://i.ytimg.com/vi/gwmVjvR-sVs/hqdefault.jpg?sqp=-oaymwEZCPYBEIoBSFXyq4qpAwsIARUAAIhCGAFwAQ==&rs=AOn4CLADFLRIsevO28KJ3BS_ZJrKbmkjfQ", "width": 246, "height": 138, "resolution": "246x138", "id": "2"}, {"url": "https://i.ytimg.com/vi/gwmVjvR-sVs/hqdefault.jpg?sqp=-oaymwEZCNACELwBSFXyq4qpAwsIARUAAIhCGAFwAQ==&rs=AOn4CLDB56oMEXxXqdNJRi0cNRXOEkq6mA", "width": 336, "height": 188, "resolution": "336x188", "id": "3"}, {"url": "https://i.ytimg.com/vi_webp/gwmVjvR-sVs/maxresdefault.webp", "width": 1920, "height": 1080, "resolution": "1920x1080", "id": "4"}], "description": "Enjoy my new piano cover of \"Dusk Till Dawn\" by ZAYN ft. Sia!\n\u2718 Grab the Sheet Music: http://mnot.es/2iXV0vs\n\u266b Support me on Patreon: http://bit.ly/CostaPatreon\n\u2718 Listen on Spotify: http://spoti.fi/1O1btaj\n\nI'm back with a new fresh arrangement! I received a lot of requests, and so I decided to make my own interpretation of this beautiful piece, I hope you'll like it!\n\n\u266b Facebook - http://www.facebook.com/costantinopiano\n\u266b Instagram - http://instagram.com/costantinocarrara\n\u266b Twitter - https://twitter.com/kosta97piano\n\nCAN WE GET THIS VIDEO TO 5,000 LIKES?\n\n\u2718 Subscribe for more: http://bit.ly/SubscribeCostantino\n\u2718 Watch more cover videos here: http://bit.ly/MoreCostantinoCovers\n\u2718 The easiest way to learn my piano covers: http://tinyurl.com/10costa-flowkey\n\n\u266b Sheet Music: http://www.costantinocarrara.com\n\u266b Listen to my music and follow me on Spotify http://spoti.fi/1O1btaj\n\n\u2718 Video credits: Davide Saponieri\n\u2718 Lighting director: Andrea Mundo", "categories": ["Music"], "tags": ["Costantino Carrara", "Piano Cover", "Dusk Till Dawn Piano Cover", "Dusk Till Dawn Piano", "Dusk Till Dawn Tutorial", "ZAYN", "Sia", "Dusk Till Dawn Costantino Carrara", "Dusk Till Dawn Sheet Music", "Dusk Till Dawn ZAYN ft. Sia", "Dusk Till Dawn Score", "Sheet Music", "Piano Tutorial", "Piano Arrangement", "Music Score", "Dusk Till Dawn Piano Interpretation", "Dusk Till Dawn Instrumental", "Dusk Till Dawn Karaoke", "piano cover", "pianoforte", "cover", "Dusk Till Dawn Lyrics"], "subtitles": {}, "automatic_captions": {}, "duration": 210, "age_limit": 0, "annotations": null, "chapters": null, "webpage_url": "https://www.youtube.com/watch?v=gwmVjvR-sVs", "view_count": 2287654, "like_count": 51690, "dislike_count": 400, "average_rating": 4.9692841, "formats": [{"format_id": "249", "url": "https://r3---sn-5njj-u2xl.googlevideo.com/videoplayback?expire=1608733063&ei=J_3iX8PDHL-Bs8IPnv-ugAg&ip=140.109.135.76&id=o-ANCCFNkDY0XQWqe4TQNo5BjMbds7BV9StaSVDHlEzSxm&itag=249&source=youtube&requiressl=yes&mh=Yi&mm=31%2C29&mn=sn-5njj-u2xl%2Csn-un57sn7s&ms=au%2Crdu&mv=m&mvi=3&pl=16&initcwndbps=623750&vprv=1&mime=audio%2Fwebm&ns=5kFPFc_qki-aKGAmKJI5ZjYF&gir=yes&clen=1548223&dur=210.441&lmt=1540443759265604&mt=1608711157&fvip=3&keepalive=yes&c=WEB&txp=5411222&n=LupckjNG1jZBpbpj&sparams=expire%2Cei%2Cip%2Cid%2Citag%2Csource%2Crequiressl%2Cvprv%2Cmime%2Cns%2Cgir%2Cclen%2Cdur%2Clmt&lsparams=mh%2Cmm%2Cmn%2Cms%2Cmv%2Cmvi%2Cpl%2Cinitcwndbps&lsig=AG3C_xAwRQIgTmLoSSuVJ8j6Qm3-Nin_YUwq8DvvZdByFkTrUTKJVAMCIQCvdtkEf1wkUtNvlYBWiwGyhyL4Wk_Ay_qhCBWyr0OlJA%3D%3D&sig=AOq0QJ8wRgIhAPtBA7MpfomUe123YNYIif41y0brRRyDVuuiHAQWsg-TAiEAk5rrB-OrE3cNGnRw14qlt-l_XH1HQjAXL0dXaMkQXOA=&ratebypass=yes", "player_url": "/s/player/5dd3f3b2/player_ias.vflset/en_US/base.js", "ext": "webm", "format_note": "tiny", "acodec": "opus", "abr": 50, "asr": 48000, "filesize": 1548223, "fps": null, "height": null, "tbr": 67.123, "width": null, "vcodec": "none", "downloader_options": {"http_chunk_size": 10485760}, "format": "249 - audio only (tiny)", "protocol": "https", "http_headers": {"User-Agent": "Mozilla/5.0 (Windows NT 10.0; Win64; x64) AppleWebKit/537.36 (KHTML, like Gecko) Chrome/72.0.3626.18 Safari/537.36", "Accept-Charset": "ISO-8859-1,utf-8;q=0.7,*;q=0.7", "Accept": "text/html,application/xhtml+xml,application/xml;q=0.9,*/*;q=0.8", "Accept-Encoding": "gzip, deflate", "Accept-Language": "en-us,en;q=0.5"}}, {"format_id": "250", "url": "https://r3---sn-5njj-u2xl.googlevideo.com/videoplayback?expire=1608733063&ei=J_3iX8PDHL-Bs8IPnv-ugAg&ip=140.109.135.76&id=o-ANCCFNkDY0XQWqe4TQNo5BjMbds7BV9StaSVDHlEzSxm&itag=250&source=youtube&requiressl=yes&mh=Yi&mm=31%2C29&mn=sn-5njj-u2xl%2Csn-un57sn7s&ms=au%2Crdu&mv=m&mvi=3&pl=16&initcwndbps=623750&vprv=1&mime=audio%2Fwebm&ns=5kFPFc_qki-aKGAmKJI5ZjYF&gir=yes&clen=2069436&dur=210.441&lmt=1540443757658515&mt=1608711157&fvip=3&keepalive=yes&c=WEB&txp=5411222&n=LupckjNG1jZBpbpj&sparams=expire%2Cei%2Cip%2Cid%2Citag%2Csource%2Crequiressl%2Cvprv%2Cmime%2Cns%2Cgir%2Cclen%2Cdur%2Clmt&lsparams=mh%2Cmm%2Cmn%2Cms%2Cmv%2Cmvi%2Cpl%2Cinitcwndbps&lsig=AG3C_xAwRgIhAKB_dsTpEFQVATJvc4Bj0I6614Axp_HTa0y9UpreRcjhAiEA9XfL0ZEso6RDQFW7mi36j2brAsNwolJlZPGMTP-r9V4%3D&sig=AOq0QJ8wRQIhAJy8XdZ-KFXz-ItDhunokchxfSWrBedHBuMGIMbrAfLKAiBcQTYjibdExD58WfZVhCguP8IpsjeamoYe1UajCN2JqA==&ratebypass=yes", "player_url": "/s/player/5dd3f3b2/player_ias.vflset/en_US/base.js", "ext": "webm", "format_note": "tiny", "acodec": "opus", "abr": 70, "asr": 48000, "filesize": 2069436, "fps": null, "height": null, "tbr": 88.037, "width": null, "vcodec": "none", "downloader_options": {"http_chunk_size": 10485760}, "format": "250 - audio only (tiny)", "protocol": "https", "http_headers": {"User-Agent": "Mozilla/5.0 (Windows NT 10.0; Win64; x64) AppleWebKit/537.36 (KHTML, like Gecko) Chrome/72.0.3626.18 Safari/537.36", "Accept-Charset": "ISO-8859-1,utf-8;q=0.7,*;q=0.7", "Accept": "text/html,application/xhtml+xml,application/xml;q=0.9,*/*;q=0.8", "Accept-Encoding": "gzip, deflate", "Accept-Language": "en-us,en;q=0.5"}}, {"format_id": "140", "url": "https://r3---sn-5njj-u2xl.googlevideo.com/videoplayback?expire=1608733063&ei=J_3iX8PDHL-Bs8IPnv-ugAg&ip=140.109.135.76&id=o-ANCCFNkDY0XQWqe4TQNo5BjMbds7BV9StaSVDHlEzSxm&itag=140&source=youtube&requiressl=yes&mh=Yi&mm=31%2C29&mn=sn-5njj-u2xl%2Csn-un57sn7s&ms=au%2Crdu&mv=m&mvi=3&pl=16&initcwndbps=623750&vprv=1&mime=audio%2Fmp4&ns=5kFPFc_qki-aKGAmKJI5ZjYF&gir=yes&clen=3343803&dur=210.488&lmt=1540442355951923&mt=1608711157&fvip=3&keepalive=yes&c=WEB&txp=5432432&n=LupckjNG1jZBpbpj&sparams=expire%2Cei%2Cip%2Cid%2Citag%2Csource%2Crequiressl%2Cvprv%2Cmime%2Cns%2Cgir%2Cclen%2Cdur%2Clmt&lsparams=mh%2Cmm%2Cmn%2Cms%2Cmv%2Cmvi%2Cpl%2Cinitcwndbps&lsig=AG3C_xAwRQIhAPhFlKp8_hNBusKpg1T8o_-JUy1jD1P82B0EB0MLPgokAiAd3ht-NGJEdgkXzJhVcbopXdkgAMQR6e4Q7bgZCksJqg%3D%3D&sig=AOq0QJ8wRQIhAJPZj67ZfdVZPH0XabO65QjOgoKcV17y5vfuD44fValXAiBnVt7FXPwmgY9hus4WavajXtDPdvssHqlEq8nsjgJ-3Q==&ratebypass=yes", "player_url": "/s/player/5dd3f3b2/player_ias.vflset/en_US/base.js", "ext": "m4a", "format_note": "tiny", "acodec": "mp4a.40.2", "abr": 128, "container": "m4a_dash", "asr": 44100, "filesize": 3343803, "fps": null, "height": null, "tbr": 128.06, "width": null, "vcodec": "none", "downloader_options": {"http_chunk_size": 10485760}, "format": "140 - audio only (tiny)", "protocol": "https", "http_headers": {"User-Agent": "Mozilla/5.0 (Windows NT 10.0; Win64; x64) AppleWebKit/537.36 (KHTML, like Gecko) Chrome/72.0.3626.18 Safari/537.36", "Accept-Charset": "ISO-8859-1,utf-8;q=0.7,*;q=0.7", "Accept": "text/html,application/xhtml+xml,application/xml;q=0.9,*/*;q=0.8", "Accept-Encoding": "gzip, deflate", "Accept-Language": "en-us,en;q=0.5"}}, {"format_id": "251", "url": "https://r3---sn-5njj-u2xl.googlevideo.com/videoplayback?expire=1608733063&ei=J_3iX8PDHL-Bs8IPnv-ugAg&ip=140.109.135.76&id=o-ANCCFNkDY0XQWqe4TQNo5BjMbds7BV9StaSVDHlEzSxm&itag=251&source=youtube&requiressl=yes&mh=Yi&mm=31%2C29&mn=sn-5njj-u2xl%2Csn-un57sn7s&ms=au%2Crdu&mv=m&mvi=3&pl=16&initcwndbps=623750&vprv=1&mime=audio%2Fwebm&ns=5kFPFc_qki-aKGAmKJI5ZjYF&gir=yes&clen=3973334&dur=210.441&lmt=1540443758363883&mt=1608711157&fvip=3&keepalive=yes&c=WEB&txp=5411222&n=LupckjNG1jZBpbpj&sparams=expire%2Cei%2Cip%2Cid%2Citag%2Csource%2Crequiressl%2Cvprv%2Cmime%2Cns%2Cgir%2Cclen%2Cdur%2Clmt&lsparams=mh%2Cmm%2Cmn%2Cms%2Cmv%2Cmvi%2Cpl%2Cinitcwndbps&lsig=AG3C_xAwRAIgdM8zhGMQLHgoD5c17eJ7UlOkweLnMmmrt36JotRlEUICICznaE3-huVkqnldEyAgworxKKowLPr9wIkfi2K5iC7J&sig=AOq0QJ8wRgIhALnY3fgIH198OMQTH3FAqeNFsXYxn1Q-tkX7mraej6QXAiEA-S4MG3BzEEkPnXF-Ln_Le4mt8IqsLTkJ2Fl_2kbNWF4=&ratebypass=yes", "player_url": "/s/player/5dd3f3b2/player_ias.vflset/en_US/base.js", "ext": "webm", "format_note": "tiny", "acodec": "opus", "abr": 160, "asr": 48000, "filesize": 3973334, "fps": null, "height": null, "tbr": 165.536, "width": null, "vcodec": "none", "downloader_options": {"http_chunk_size": 10485760}, "format": "251 - audio only (tiny)", "protocol": "https", "http_headers": {"User-Agent": "Mozilla/5.0 (Windows NT 10.0; Win64; x64) AppleWebKit/537.36 (KHTML, like Gecko) Chrome/72.0.3626.18 Safari/537.36", "Accept-Charset": "ISO-8859-1,utf-8;q=0.7,*;q=0.7", "Accept": "text/html,application/xhtml+xml,application/xml;q=0.9,*/*;q=0.8", "Accept-Encoding": "gzip, deflate", "Accept-Language": "en-us,en;q=0.5"}}, {"format_id": "394", "url": "https://r3---sn-5njj-u2xl.googlevideo.com/videoplayback?expire=1608733063&ei=J_3iX8PDHL-Bs8IPnv-ugAg&ip=140.109.135.76&id=o-ANCCFNkDY0XQWqe4TQNo5BjMbds7BV9StaSVDHlEzSxm&itag=394&aitags=133%2C134%2C135%2C136%2C137%2C160%2C242%2C243%2C244%2C247%2C248%2C271%2C278%2C313%2C394%2C395%2C396%2C397%2C398&source=youtube&requiressl=yes&mh=Yi&mm=31%2C29&mn=sn-5njj-u2xl%2Csn-un57sn7s&ms=au%2Crdu&mv=m&mvi=3&pl=16&initcwndbps=623750&vprv=1&mime=video%2Fmp4&ns=5kFPFc_qki-aKGAmKJI5ZjYF&gir=yes&clen=2056792&dur=210.416&lmt=1557357447575870&mt=1608711157&fvip=3&keepalive=yes&c=WEB&txp=5432432&n=LupckjNG1jZBpbpj&sparams=expire%2Cei%2Cip%2Cid%2Caitags%2Csource%2Crequiressl%2Cvprv%2Cmime%2Cns%2Cgir%2Cclen%2Cdur%2Clmt&lsparams=mh%2Cmm%2Cmn%2Cms%2Cmv%2Cmvi%2Cpl%2Cinitcwndbps&lsig=AG3C_xAwRQIhALdu3Od8kdgyPKx7bHmOGd_TFXGknLCL8qMpamCZb6CyAiAq3ex_jV56wNsU0PjcRRfOQqHpUE8HJAsKqvngd8X8mQ%3D%3D&sig=AOq0QJ8wRAIgItjOUnbkd_U5qY1C_i3iQkhkotVNmw1jSs-rjEi7kccCIGNLpZ-hxltQG4LkPo04OHytJq4urrywP8rsIhDn2uvf&ratebypass=yes", "player_url": "/s/player/5dd3f3b2/player_ias.vflset/en_US/base.js", "acodec": "none", "vcodec": "av01.0.00M.08", "asr": null, "filesize": 2056792, "format_note": "144p", "fps": 24, "height": 144, "tbr": 83.602, "width": 256, "ext": "mp4", "downloader_options": {"http_chunk_size": 10485760}, "format": "394 - 256x144 (144p)", "protocol": "https", "http_headers": {"User-Agent": "Mozilla/5.0 (Windows NT 10.0; Win64; x64) AppleWebKit/537.36 (KHTML, like Gecko) Chrome/72.0.3626.18 Safari/537.36", "Accept-Charset": "ISO-8859-1,utf-8;q=0.7,*;q=0.7", "Accept": "text/html,application/xhtml+xml,application/xml;q=0.9,*/*;q=0.8", "Accept-Encoding": "gzip, deflate", "Accept-Language": "en-us,en;q=0.5"}}, {"format_id": "278", "url": "https://r3---sn-5njj-u2xl.googlevideo.com/videoplayback?expire=1608733063&ei=J_3iX8PDHL-Bs8IPnv-ugAg&ip=140.109.135.76&id=o-ANCCFNkDY0XQWqe4TQNo5BjMbds7BV9StaSVDHlEzSxm&itag=278&aitags=133%2C134%2C135%2C136%2C137%2C160%2C242%2C243%2C244%2C247%2C248%2C271%2C278%2C313%2C394%2C395%2C396%2C397%2C398&source=youtube&requiressl=yes&mh=Yi&mm=31%2C29&mn=sn-5njj-u2xl%2Csn-un57sn7s&ms=au%2Crdu&mv=m&mvi=3&pl=16&initcwndbps=623750&vprv=1&mime=video%2Fwebm&ns=5kFPFc_qki-aKGAmKJI5ZjYF&gir=yes&clen=2376468&dur=210.416&lmt=1540442928666765&mt=1608711157&fvip=3&keepalive=yes&c=WEB&txp=5432432&n=LupckjNG1jZBpbpj&sparams=expire%2Cei%2Cip%2Cid%2Caitags%2Csource%2Crequiressl%2Cvprv%2Cmime%2Cns%2Cgir%2Cclen%2Cdur%2Clmt&lsparams=mh%2Cmm%2Cmn%2Cms%2Cmv%2Cmvi%2Cpl%2Cinitcwndbps&lsig=AG3C_xAwRAIhALlDE63UXrviwF8mQHWCJF2NTD-jov3AJincO69RoAdGAh8GEHwXtdb-sQcapZqSs0QKKeTUXZH03OEL0zCiD_ER&sig=AOq0QJ8wRQIgLM2bSST4g_1mX243qpo-m8nLOhxYkWuIueMXFgBrI7ICIQDCT7BzxkxIrBn1rM7Tkw4K20q16oFbqeiVG9jGv6k4Dg==&ratebypass=yes", "player_url": "/s/player/5dd3f3b2/player_ias.vflset/en_US/base.js", "ext": "webm", "height": 144, "format_note": "144p", "container": "webm", "vcodec": "vp9", "asr": null, "filesize": 2376468, "fps": 24, "tbr": 98.04, "width": 256, "acodec": "none", "downloader_options": {"http_chunk_size": 10485760}, "format": "278 - 256x144 (144p)", "protocol": "https", "http_headers": {"User-Agent": "Mozilla/5.0 (Windows NT 10.0; Win64; x64) AppleWebKit/537.36 (KHTML, like Gecko) Chrome/72.0.3626.18 Safari/537.36", "Accept-Charset": "ISO-8859-1,utf-8;q=0.7,*;q=0.7", "Accept": "text/html,application/xhtml+xml,application/xml;q=0.9,*/*;q=0.8", "Accept-Encoding": "gzip, deflate", "Accept-Language": "en-us,en;q=0.5"}}, {"format_id": "160", "url": "https://r3---sn-5njj-u2xl.googlevideo.com/videoplayback?expire=1608733063&ei=J_3iX8PDHL-Bs8IPnv-ugAg&ip=140.109.135.76&id=o-ANCCFNkDY0XQWqe4TQNo5BjMbds7BV9StaSVDHlEzSxm&itag=160&aitags=133%2C134%2C135%2C136%2C137%2C160%2C242%2C243%2C244%2C247%2C248%2C271%2C278%2C313%2C394%2C395%2C396%2C397%2C398&source=youtube&requiressl=yes&mh=Yi&mm=31%2C29&mn=sn-5njj-u2xl%2Csn-un57sn7s&ms=au%2Crdu&mv=m&mvi=3&pl=16&initcwndbps=623750&vprv=1&mime=video%2Fmp4&ns=5kFPFc_qki-aKGAmKJI5ZjYF&gir=yes&clen=1567040&dur=210.416&lmt=1540442339313912&mt=1608711157&fvip=3&keepalive=yes&c=WEB&txp=5432432&n=LupckjNG1jZBpbpj&sparams=expire%2Cei%2Cip%2Cid%2Caitags%2Csource%2Crequiressl%2Cvprv%2Cmime%2Cns%2Cgir%2Cclen%2Cdur%2Clmt&lsparams=mh%2Cmm%2Cmn%2Cms%2Cmv%2Cmvi%2Cpl%2Cinitcwndbps&lsig=AG3C_xAwRQIhAKQinvRvd_7rUPeN_O1k_gJzrv3sHIl5Yxhu-NGD140nAiB8kkwp6Tn-qh2nXS2cwi7ghlgT3CVZSWsczXrbaD_Hxg%3D%3D&sig=AOq0QJ8wRQIhAKbw3mHxedSgpkg10HjVTSHFiABBaxD-RjewxMzMp6LZAiBD7VS0KvUXA7KoEqNPzAcniin4zNWyab52qeYAGHd66g==&ratebypass=yes", "player_url": "/s/player/5dd3f3b2/player_ias.vflset/en_US/base.js", "ext": "mp4", "height": 144, "format_note": "144p", "vcodec": "avc1.4d400c", "asr": null, "filesize": 1567040, "fps": 24, "tbr": 108.067, "width": 256, "acodec": "none", "downloader_options": {"http_chunk_size": 10485760}, "format": "160 - 256x144 (144p)", "protocol": "https", "http_headers": {"User-Agent": "Mozilla/5.0 (Windows NT 10.0; Win64; x64) AppleWebKit/537.36 (KHTML, like Gecko) Chrome/72.0.3626.18 Safari/537.36", "Accept-Charset": "ISO-8859-1,utf-8;q=0.7,*;q=0.7", "Accept": "text/html,application/xhtml+xml,application/xml;q=0.9,*/*;q=0.8", "Accept-Encoding": "gzip, deflate", "Accept-Language": "en-us,en;q=0.5"}}, {"format_id": "395", "url": "https://r3---sn-5njj-u2xl.googlevideo.com/videoplayback?expire=1608733063&ei=J_3iX8PDHL-Bs8IPnv-ugAg&ip=140.109.135.76&id=o-ANCCFNkDY0XQWqe4TQNo5BjMbds7BV9StaSVDHlEzSxm&itag=395&aitags=133%2C134%2C135%2C136%2C137%2C160%2C242%2C243%2C244%2C247%2C248%2C271%2C278%2C313%2C394%2C395%2C396%2C397%2C398&source=youtube&requiressl=yes&mh=Yi&mm=31%2C29&mn=sn-5njj-u2xl%2Csn-un57sn7s&ms=au%2Crdu&mv=m&mvi=3&pl=16&initcwndbps=623750&vprv=1&mime=video%2Fmp4&ns=5kFPFc_qki-aKGAmKJI5ZjYF&gir=yes&clen=4158448&dur=210.416&lmt=1557357873154244&mt=1608711157&fvip=3&keepalive=yes&c=WEB&txp=5432432&n=LupckjNG1jZBpbpj&sparams=expire%2Cei%2Cip%2Cid%2Caitags%2Csource%2Crequiressl%2Cvprv%2Cmime%2Cns%2Cgir%2Cclen%2Cdur%2Clmt&lsparams=mh%2Cmm%2Cmn%2Cms%2Cmv%2Cmvi%2Cpl%2Cinitcwndbps&lsig=AG3C_xAwRAIgO0Z0PXzC041Be34D1Lpz564Sp5UFqGjlpyxrI_HBOZcCIBw4Pm-Vwu18sr74xVQo6UEBHAjjGQrAR7fPRjPyd1mw&sig=AOq0QJ8wRQIhAKY0v9lOUtrzkRbVOVDwVwK03tjxEakdOCP4t2AJqI_sAiA017UN_N9xJHTCw98T1SbK-_Z5wUfFHaK7hwBQk1kTag==&ratebypass=yes", "player_url": "/s/player/5dd3f3b2/player_ias.vflset/en_US/base.js", "acodec": "none", "vcodec": "av01.0.00M.08", "asr": null, "filesize": 4158448, "format_note": "240p", "fps": 24, "height": 240, "tbr": 193.757, "width": 426, "ext": "mp4", "downloader_options": {"http_chunk_size": 10485760}, "format": "395 - 426x240 (240p)", "protocol": "https", "http_headers": {"User-Agent": "Mozilla/5.0 (Windows NT 10.0; Win64; x64) AppleWebKit/537.36 (KHTML, like Gecko) Chrome/72.0.3626.18 Safari/537.36", "Accept-Charset": "ISO-8859-1,utf-8;q=0.7,*;q=0.7", "Accept": "text/html,application/xhtml+xml,application/xml;q=0.9,*/*;q=0.8", "Accept-Encoding": "gzip, deflate", "Accept-Language": "en-us,en;q=0.5"}}, {"format_id": "133", "url": "https://r3---sn-5njj-u2xl.googlevideo.com/videoplayback?expire=1608733063&ei=J_3iX8PDHL-Bs8IPnv-ugAg&ip=140.109.135.76&id=o-ANCCFNkDY0XQWqe4TQNo5BjMbds7BV9StaSVDHlEzSxm&itag=133&aitags=133%2C134%2C135%2C136%2C137%2C160%2C242%2C243%2C244%2C247%2C248%2C271%2C278%2C313%2C394%2C395%2C396%2C397%2C398&source=youtube&requiressl=yes&mh=Yi&mm=31%2C29&mn=sn-5njj-u2xl%2Csn-un57sn7s&ms=au%2Crdu&mv=m&mvi=3&pl=16&initcwndbps=623750&vprv=1&mime=video%2Fmp4&ns=5kFPFc_qki-aKGAmKJI5ZjYF&gir=yes&clen=3094965&dur=210.416&lmt=1540442339506428&mt=1608711157&fvip=3&keepalive=yes&c=WEB&txp=5432432&n=LupckjNG1jZBpbpj&sparams=expire%2Cei%2Cip%2Cid%2Caitags%2Csource%2Crequiressl%2Cvprv%2Cmime%2Cns%2Cgir%2Cclen%2Cdur%2Clmt&lsparams=mh%2Cmm%2Cmn%2Cms%2Cmv%2Cmvi%2Cpl%2Cinitcwndbps&lsig=AG3C_xAwRAIgSM3EG6Y3Y3A667yJfgm3xJg1sKyVl98xjhSZ0A4JBeQCIGYJWqb38wu2IU_f8GWqe63IGzA2TM99XlLN0Q3Lk-5o&sig=AOq0QJ8wRgIhANpHZKhcKfH9gywu5sXRRnDMfzrPoW0J3gpXIGm548JDAiEAs_LXIed2cRQDTd29eYtRy2W3DaLc7xX5MoabTewc0E4=&ratebypass=yes", "player_url": "/s/player/5dd3f3b2/player_ias.vflset/en_US/base.js", "ext": "mp4", "height": 240, "format_note": "240p", "vcodec": "avc1.4d4015", "asr": null, "filesize": 3094965, "fps": 24, "tbr": 239.405, "width": 426, "acodec": "none", "downloader_options": {"http_chunk_size": 10485760}, "format": "133 - 426x240 (240p)", "protocol": "https", "http_headers": {"User-Agent": "Mozilla/5.0 (Windows NT 10.0; Win64; x64) AppleWebKit/537.36 (KHTML, like Gecko) Chrome/72.0.3626.18 Safari/537.36", "Accept-Charset": "ISO-8859-1,utf-8;q=0.7,*;q=0.7", "Accept": "text/html,application/xhtml+xml,application/xml;q=0.9,*/*;q=0.8", "Accept-Encoding": "gzip, deflate", "Accept-Language": "en-us,en;q=0.5"}}, {"format_id": "242", "url": "https://r3---sn-5njj-u2xl.googlevideo.com/videoplayback?expire=1608733063&ei=J_3iX8PDHL-Bs8IPnv-ugAg&ip=140.109.135.76&id=o-ANCCFNkDY0XQWqe4TQNo5BjMbds7BV9StaSVDHlEzSxm&itag=242&aitags=133%2C134%2C135%2C136%2C137%2C160%2C242%2C243%2C244%2C247%2C248%2C271%2C278%2C313%2C394%2C395%2C396%2C397%2C398&source=youtube&requiressl=yes&mh=Yi&mm=31%2C29&mn=sn-5njj-u2xl%2Csn-un57sn7s&ms=au%2Crdu&mv=m&mvi=3&pl=16&initcwndbps=623750&vprv=1&mime=video%2Fwebm&ns=5kFPFc_qki-aKGAmKJI5ZjYF&gir=yes&clen=5264142&dur=210.416&lmt=1540442928675919&mt=1608711157&fvip=3&keepalive=yes&c=WEB&txp=5432432&n=LupckjNG1jZBpbpj&sparams=expire%2Cei%2Cip%2Cid%2Caitags%2Csource%2Crequiressl%2Cvprv%2Cmime%2Cns%2Cgir%2Cclen%2Cdur%2Clmt&lsparams=mh%2Cmm%2Cmn%2Cms%2Cmv%2Cmvi%2Cpl%2Cinitcwndbps&lsig=AG3C_xAwRQIgX3Z8Q-QrPxcGoTYKyoWdjaTSiNVarXKE-YtsfFDIR8gCIQD_rNiFOwef8uXfgYKWfVEth-ePXzqR3Lw1gG_5xcUNeA%3D%3D&sig=AOq0QJ8wRgIhALV0eR78PIM3uKUKFsCVlirSxkRpPQ4DkZeDFmGOp2tdAiEA0mpjJ6R2AdHS-FxpbmIATP3DT7f0B9zAz6WE50gyWR8=&ratebypass=yes", "player_url": "/s/player/5dd3f3b2/player_ias.vflset/en_US/base.js", "ext": "webm", "height": 240, "format_note": "240p", "vcodec": "vp9", "asr": null, "filesize": 5264142, "fps": 24, "tbr": 243.25, "width": 426, "acodec": "none", "downloader_options": {"http_chunk_size": 10485760}, "format": "242 - 426x240 (240p)", "protocol": "https", "http_headers": {"User-Agent": "Mozilla/5.0 (Windows NT 10.0; Win64; x64) AppleWebKit/537.36 (KHTML, like Gecko) Chrome/72.0.3626.18 Safari/537.36", "Accept-Charset": "ISO-8859-1,utf-8;q=0.7,*;q=0.7", "Accept": "text/html,application/xhtml+xml,application/xml;q=0.9,*/*;q=0.8", "Accept-Encoding": "gzip, deflate", "Accept-Language": "en-us,en;q=0.5"}}, {"format_id": "396", "url": "https://r3---sn-5njj-u2xl.googlevideo.com/videoplayback?expire=1608733063&ei=J_3iX8PDHL-Bs8IPnv-ugAg&ip=140.109.135.76&id=o-ANCCFNkDY0XQWqe4TQNo5BjMbds7BV9StaSVDHlEzSxm&itag=396&aitags=133%2C134%2C135%2C136%2C137%2C160%2C242%2C243%2C244%2C247%2C248%2C271%2C278%2C313%2C394%2C395%2C396%2C397%2C398&source=youtube&requiressl=yes&mh=Yi&mm=31%2C29&mn=sn-5njj-u2xl%2Csn-un57sn7s&ms=au%2Crdu&mv=m&mvi=3&pl=16&initcwndbps=623750&vprv=1&mime=video%2Fmp4&ns=5kFPFc_qki-aKGAmKJI5ZjYF&gir=yes&clen=7951500&dur=210.416&lmt=1557358196741707&mt=1608711157&fvip=3&keepalive=yes&c=WEB&txp=5432432&n=LupckjNG1jZBpbpj&sparams=expire%2Cei%2Cip%2Cid%2Caitags%2Csource%2Crequiressl%2Cvprv%2Cmime%2Cns%2Cgir%2Cclen%2Cdur%2Clmt&lsparams=mh%2Cmm%2Cmn%2Cms%2Cmv%2Cmvi%2Cpl%2Cinitcwndbps&lsig=AG3C_xAwRgIhAKuXuv_7uUZ34LV8nkQHV_UzewPHP-2MKs2KuODnFqKRAiEA1n94Qt8WHesgmwI9cgnpUloJKgeCj0Il4MxyOFYOcAQ%3D&sig=AOq0QJ8wRQIgKjUX5A0sZbIDXRQKFaEAoLKHOf1oHaRfE7BemUEOfMQCIQDtAaaz6BXEgPIOUOhSiO79FNo_7MyipcY8M2G-Cty0gg==&ratebypass=yes", "player_url": "/s/player/5dd3f3b2/player_ias.vflset/en_US/base.js", "acodec": "none", "vcodec": "av01.0.01M.08", "asr": null, "filesize": 7951500, "format_note": "360p", "fps": 24, "height": 360, "tbr": 348.128, "width": 640, "ext": "mp4", "downloader_options": {"http_chunk_size": 10485760}, "format": "396 - 640x360 (360p)", "protocol": "https", "http_headers": {"User-Agent": "Mozilla/5.0 (Windows NT 10.0; Win64; x64) AppleWebKit/537.36 (KHTML, like Gecko) Chrome/72.0.3626.18 Safari/537.36", "Accept-Charset": "ISO-8859-1,utf-8;q=0.7,*;q=0.7", "Accept": "text/html,application/xhtml+xml,application/xml;q=0.9,*/*;q=0.8", "Accept-Encoding": "gzip, deflate", "Accept-Language": "en-us,en;q=0.5"}}, {"format_id": "243", "url": "https://r3---sn-5njj-u2xl.googlevideo.com/videoplayback?expire=1608733063&ei=J_3iX8PDHL-Bs8IPnv-ugAg&ip=140.109.135.76&id=o-ANCCFNkDY0XQWqe4TQNo5BjMbds7BV9StaSVDHlEzSxm&itag=243&aitags=133%2C134%2C135%2C136%2C137%2C160%2C242%2C243%2C244%2C247%2C248%2C271%2C278%2C313%2C394%2C395%2C396%2C397%2C398&source=youtube&requiressl=yes&mh=Yi&mm=31%2C29&mn=sn-5njj-u2xl%2Csn-un57sn7s&ms=au%2Crdu&mv=m&mvi=3&pl=16&initcwndbps=623750&vprv=1&mime=video%2Fwebm&ns=5kFPFc_qki-aKGAmKJI5ZjYF&gir=yes&clen=10012360&dur=210.416&lmt=1540442928664706&mt=1608711157&fvip=3&keepalive=yes&c=WEB&txp=5432432&n=LupckjNG1jZBpbpj&sparams=expire%2Cei%2Cip%2Cid%2Caitags%2Csource%2Crequiressl%2Cvprv%2Cmime%2Cns%2Cgir%2Cclen%2Cdur%2Clmt&lsparams=mh%2Cmm%2Cmn%2Cms%2Cmv%2Cmvi%2Cpl%2Cinitcwndbps&lsig=AG3C_xAwRQIhAMIFCJrzDylYd_IUohZISJshrLVcJcIjDK2_ik6VZS0oAiACocjxTvWR_ySmQAf97xniIMBfYOm8bH2afRsUx0dtrQ%3D%3D&sig=AOq0QJ8wRAIgNxv2tCOW_Zg-tM4CyJyFDk6tSA_tTUf10v4w-vwk_4ACIAf0fbX6DjZXebBv3fmLEPAkuIqXGze2wWigx8J5JZlR&ratebypass=yes", "player_url": "/s/player/5dd3f3b2/player_ias.vflset/en_US/base.js", "ext": "webm", "height": 360, "format_note": "360p", "vcodec": "vp9", "asr": null, "filesize": 10012360, "fps": 24, "tbr": 437.98, "width": 640, "acodec": "none", "downloader_options": {"http_chunk_size": 10485760}, "format": "243 - 640x360 (360p)", "protocol": "https", "http_headers": {"User-Agent": "Mozilla/5.0 (Windows NT 10.0; Win64; x64) AppleWebKit/537.36 (KHTML, like Gecko) Chrome/72.0.3626.18 Safari/537.36", "Accept-Charset": "ISO-8859-1,utf-8;q=0.7,*;q=0.7", "Accept": "text/html,application/xhtml+xml,application/xml;q=0.9,*/*;q=0.8", "Accept-Encoding": "gzip, deflate", "Accept-Language": "en-us,en;q=0.5"}}, {"format_id": "134", "url": "https://r3---sn-5njj-u2xl.googlevideo.com/videoplayback?expire=1608733063&ei=J_3iX8PDHL-Bs8IPnv-ugAg&ip=140.109.135.76&id=o-ANCCFNkDY0XQWqe4TQNo5BjMbds7BV9StaSVDHlEzSxm&itag=134&aitags=133%2C134%2C135%2C136%2C137%2C160%2C242%2C243%2C244%2C247%2C248%2C271%2C278%2C313%2C394%2C395%2C396%2C397%2C398&source=youtube&requiressl=yes&mh=Yi&mm=31%2C29&mn=sn-5njj-u2xl%2Csn-un57sn7s&ms=au%2Crdu&mv=m&mvi=3&pl=16&initcwndbps=623750&vprv=1&mime=video%2Fmp4&ns=5kFPFc_qki-aKGAmKJI5ZjYF&gir=yes&clen=8717512&dur=210.416&lmt=1540442339519639&mt=1608711157&fvip=3&keepalive=yes&c=WEB&txp=5432432&n=LupckjNG1jZBpbpj&sparams=expire%2Cei%2Cip%2Cid%2Caitags%2Csource%2Crequiressl%2Cvprv%2Cmime%2Cns%2Cgir%2Cclen%2Cdur%2Clmt&lsparams=mh%2Cmm%2Cmn%2Cms%2Cmv%2Cmvi%2Cpl%2Cinitcwndbps&lsig=AG3C_xAwRQIhAIJfQaa7Ke7-LYcmcjokgtbeDiZ1Wt1kGk_lKm9ApXpxAiBdJJqNUSMAFW2bZ8hVux2-cAEK3MnbN-E6muk0DqVd1w%3D%3D&sig=AOq0QJ8wRAIgO2c49Ed5QWKzFdXftM76vBCewqyKAFm9ICtR1qRdpHcCIF2GznvpKgUtDYiB_RYf85zrgVHm_FUE9lglurZMe-OY&ratebypass=yes", "player_url": "/s/player/5dd3f3b2/player_ias.vflset/en_US/base.js", "ext": "mp4", "height": 360, "format_note": "360p", "vcodec": "avc1.4d401e", "asr": null, "filesize": 8717512, "fps": 24, "tbr": 619.223, "width": 640, "acodec": "none", "downloader_options": {"http_chunk_size": 10485760}, "format": "134 - 640x360 (360p)", "protocol": "https", "http_headers": {"User-Agent": "Mozilla/5.0 (Windows NT 10.0; Win64; x64) AppleWebKit/537.36 (KHTML, like Gecko) Chrome/72.0.3626.18 Safari/537.36", "Accept-Charset": "ISO-8859-1,utf-8;q=0.7,*;q=0.7", "Accept": "text/html,application/xhtml+xml,application/xml;q=0.9,*/*;q=0.8", "Accept-Encoding": "gzip, deflate", "Accept-Language": "en-us,en;q=0.5"}}, {"format_id": "397", "url": "https://r3---sn-5njj-u2xl.googlevideo.com/videoplayback?expire=1608733063&ei=J_3iX8PDHL-Bs8IPnv-ugAg&ip=140.109.135.76&id=o-ANCCFNkDY0XQWqe4TQNo5BjMbds7BV9StaSVDHlEzSxm&itag=397&aitags=133%2C134%2C135%2C136%2C137%2C160%2C242%2C243%2C244%2C247%2C248%2C271%2C278%2C313%2C394%2C395%2C396%2C397%2C398&source=youtube&requiressl=yes&mh=Yi&mm=31%2C29&mn=sn-5njj-u2xl%2Csn-un57sn7s&ms=au%2Crdu&mv=m&mvi=3&pl=16&initcwndbps=623750&vprv=1&mime=video%2Fmp4&ns=5kFPFc_qki-aKGAmKJI5ZjYF&gir=yes&clen=14929349&dur=210.416&lmt=1557362311023382&mt=1608711157&fvip=3&keepalive=yes&c=WEB&txp=5432432&n=LupckjNG1jZBpbpj&sparams=expire%2Cei%2Cip%2Cid%2Caitags%2Csource%2Crequiressl%2Cvprv%2Cmime%2Cns%2Cgir%2Cclen%2Cdur%2Clmt&lsparams=mh%2Cmm%2Cmn%2Cms%2Cmv%2Cmvi%2Cpl%2Cinitcwndbps&lsig=AG3C_xAwRAIgPtW9k4t0J0UG75fJboNhrlKSpLk8szwN45h3QexS1L0CICZ4oD6zZcu9FajU0HbzcRsjptW52tsZn6KEyouYI1Gn&sig=AOq0QJ8wRAIgEDa687tAvsiOGdmjQlXf2e0fj20ZOWyoV9ZPAKruplYCIBoRW8Um0ZPH_FAvVP7nqs3cqM2yyL6vCqvez2509300&ratebypass=yes", "player_url": "/s/player/5dd3f3b2/player_ias.vflset/en_US/base.js", "acodec": "none", "vcodec": "av01.0.04M.08", "asr": null, "filesize": 14929349, "format_note": "480p", "fps": 24, "height": 480, "tbr": 662.965, "width": 854, "ext": "mp4", "downloader_options": {"http_chunk_size": 10485760}, "format": "397 - 854x480 (480p)", "protocol": "https", "http_headers": {"User-Agent": "Mozilla/5.0 (Windows NT 10.0; Win64; x64) AppleWebKit/537.36 (KHTML, like Gecko) Chrome/72.0.3626.18 Safari/537.36", "Accept-Charset": "ISO-8859-1,utf-8;q=0.7,*;q=0.7", "Accept": "text/html,application/xhtml+xml,application/xml;q=0.9,*/*;q=0.8", "Accept-Encoding": "gzip, deflate", "Accept-Language": "en-us,en;q=0.5"}}, {"format_id": "244", "url": "https://r3---sn-5njj-u2xl.googlevideo.com/videoplayback?expire=1608733063&ei=J_3iX8PDHL-Bs8IPnv-ugAg&ip=140.109.135.76&id=o-ANCCFNkDY0XQWqe4TQNo5BjMbds7BV9StaSVDHlEzSxm&itag=244&aitags=133%2C134%2C135%2C136%2C137%2C160%2C242%2C243%2C244%2C247%2C248%2C271%2C278%2C313%2C394%2C395%2C396%2C397%2C398&source=youtube&requiressl=yes&mh=Yi&mm=31%2C29&mn=sn-5njj-u2xl%2Csn-un57sn7s&ms=au%2Crdu&mv=m&mvi=3&pl=16&initcwndbps=623750&vprv=1&mime=video%2Fwebm&ns=5kFPFc_qki-aKGAmKJI5ZjYF&gir=yes&clen=18526715&dur=210.416&lmt=1540442928668947&mt=1608711157&fvip=3&keepalive=yes&c=WEB&txp=5432432&n=LupckjNG1jZBpbpj&sparams=expire%2Cei%2Cip%2Cid%2Caitags%2Csource%2Crequiressl%2Cvprv%2Cmime%2Cns%2Cgir%2Cclen%2Cdur%2Clmt&lsparams=mh%2Cmm%2Cmn%2Cms%2Cmv%2Cmvi%2Cpl%2Cinitcwndbps&lsig=AG3C_xAwRAIgNOJQTdoCbZN6UtcnpdcO5v6WkAFgPi8Ybsskt1xE9OgCIAnTGA4w4wLZCQrWU6-yr339VYS9memcwmYeI_x6Jk1_&sig=AOq0QJ8wRAIgeEGv3gjSKsWU_aNK7WHQ5Pc_bNbDbpgOwx1JVSCZmTsCIDyeBoc4LHiL3j1ADXjnynPoD2Lk6SGHQmhma9l6hwpQ&ratebypass=yes", "player_url": "/s/player/5dd3f3b2/player_ias.vflset/en_US/base.js", "ext": "webm", "height": 480, "format_note": "480p", "vcodec": "vp9", "asr": null, "filesize": 18526715, "fps": 24, "tbr": 792.038, "width": 854, "acodec": "none", "downloader_options": {"http_chunk_size": 10485760}, "format": "244 - 854x480 (480p)", "protocol": "https", "http_headers": {"User-Agent": "Mozilla/5.0 (Windows NT 10.0; Win64; x64) AppleWebKit/537.36 (KHTML, like Gecko) Chrome/72.0.3626.18 Safari/537.36", "Accept-Charset": "ISO-8859-1,utf-8;q=0.7,*;q=0.7", "Accept": "text/html,application/xhtml+xml,application/xml;q=0.9,*/*;q=0.8", "Accept-Encoding": "gzip, deflate", "Accept-Language": "en-us,en;q=0.5"}}, {"format_id": "135", "url": "https://r3---sn-5njj-u2xl.googlevideo.com/videoplayback?expire=1608733063&ei=J_3iX8PDHL-Bs8IPnv-ugAg&ip=140.109.135.76&id=o-ANCCFNkDY0XQWqe4TQNo5BjMbds7BV9StaSVDHlEzSxm&itag=135&aitags=133%2C134%2C135%2C136%2C137%2C160%2C242%2C243%2C244%2C247%2C248%2C271%2C278%2C313%2C394%2C395%2C396%2C397%2C398&source=youtube&requiressl=yes&mh=Yi&mm=31%2C29&mn=sn-5njj-u2xl%2Csn-un57sn7s&ms=au%2Crdu&mv=m&mvi=3&pl=16&initcwndbps=623750&vprv=1&mime=video%2Fmp4&ns=5kFPFc_qki-aKGAmKJI5ZjYF&gir=yes&clen=19417604&dur=210.416&lmt=1540442339608377&mt=1608711157&fvip=3&keepalive=yes&c=WEB&txp=5432432&n=LupckjNG1jZBpbpj&sparams=expire%2Cei%2Cip%2Cid%2Caitags%2Csource%2Crequiressl%2Cvprv%2Cmime%2Cns%2Cgir%2Cclen%2Cdur%2Clmt&lsparams=mh%2Cmm%2Cmn%2Cms%2Cmv%2Cmvi%2Cpl%2Cinitcwndbps&lsig=AG3C_xAwRAIgODOzig2sMKBSR0BfsyoL1bBnihxW93x63kduVmISXJUCIHO8PjJyWErlviljaxTkdxyPxYvDe0ohsooMeZsZOJhv&sig=AOq0QJ8wRAIgARqUzPWPBi21gTWnvDbMXmtqXmfXa8CDvPT6pVI7Vj8CICNhjACwz45MVTca8-5B0QJwyDxfWzkpPxRtKxlJLnBt&ratebypass=yes", "player_url": "/s/player/5dd3f3b2/player_ias.vflset/en_US/base.js", "ext": "mp4", "height": 480, "format_note": "480p", "vcodec": "avc1.4d401e", "asr": null, "filesize": 19417604, "fps": 24, "tbr": 1154.551, "width": 854, "acodec": "none", "downloader_options": {"http_chunk_size": 10485760}, "format": "135 - 854x480 (480p)", "protocol": "https", "http_headers": {"User-Agent": "Mozilla/5.0 (Windows NT 10.0; Win64; x64) AppleWebKit/537.36 (KHTML, like Gecko) Chrome/72.0.3626.18 Safari/537.36", "Accept-Charset": "ISO-8859-1,utf-8;q=0.7,*;q=0.7", "Accept": "text/html,application/xhtml+xml,application/xml;q=0.9,*/*;q=0.8", "Accept-Encoding": "gzip, deflate", "Accept-Language": "en-us,en;q=0.5"}}, {"format_id": "398", "url": "https://r3---sn-5njj-u2xl.googlevideo.com/videoplayback?expire=1608733063&ei=J_3iX8PDHL-Bs8IPnv-ugAg&ip=140.109.135.76&id=o-ANCCFNkDY0XQWqe4TQNo5BjMbds7BV9StaSVDHlEzSxm&itag=398&aitags=133%2C134%2C135%2C136%2C137%2C160%2C242%2C243%2C244%2C247%2C248%2C271%2C278%2C313%2C394%2C395%2C396%2C397%2C398&source=youtube&requiressl=yes&mh=Yi&mm=31%2C29&mn=sn-5njj-u2xl%2Csn-un57sn7s&ms=au%2Crdu&mv=m&mvi=3&pl=16&initcwndbps=623750&vprv=1&mime=video%2Fmp4&ns=5kFPFc_qki-aKGAmKJI5ZjYF&gir=yes&clen=31519242&dur=210.416&lmt=1557359160687500&mt=1608711157&fvip=3&keepalive=yes&c=WEB&txp=5432432&n=LupckjNG1jZBpbpj&sparams=expire%2Cei%2Cip%2Cid%2Caitags%2Csource%2Crequiressl%2Cvprv%2Cmime%2Cns%2Cgir%2Cclen%2Cdur%2Clmt&lsparams=mh%2Cmm%2Cmn%2Cms%2Cmv%2Cmvi%2Cpl%2Cinitcwndbps&lsig=AG3C_xAwRQIgRnz-nGJSozr2uCbhyZFb07ltncx0QVRJ6A7LmWJyIgQCIQCN2i-uQ69SoDS4Fs7ghpcos411hGiDLJB72ddCU0ww0Q%3D%3D&sig=AOq0QJ8wRAIgf-IumdOeCcgvVGeIf4zY3yj7gchCdwV4GshQTFvvsKACIAK_XCsQotT9rmCbbRnmYDDZGZ9Sbqf8FdyHYO-CBeOy&ratebypass=yes", "player_url": "/s/player/5dd3f3b2/player_ias.vflset/en_US/base.js", "asr": null, "filesize": 31519242, "format_note": "720p", "fps": 24, "height": 720, "tbr": 1341.536, "width": 1280, "ext": "mp4", "vcodec": "av01.0.05M.08", "acodec": "none", "downloader_options": {"http_chunk_size": 10485760}, "format": "398 - 1280x720 (720p)", "protocol": "https", "http_headers": {"User-Agent": "Mozilla/5.0 (Windows NT 10.0; Win64; x64) AppleWebKit/537.36 (KHTML, like Gecko) Chrome/72.0.3626.18 Safari/537.36", "Accept-Charset": "ISO-8859-1,utf-8;q=0.7,*;q=0.7", "Accept": "text/html,application/xhtml+xml,application/xml;q=0.9,*/*;q=0.8", "Accept-Encoding": "gzip, deflate", "Accept-Language": "en-us,en;q=0.5"}}, {"format_id": "247", "url": "https://r3---sn-5njj-u2xl.googlevideo.com/videoplayback?expire=1608733063&ei=J_3iX8PDHL-Bs8IPnv-ugAg&ip=140.109.135.76&id=o-ANCCFNkDY0XQWqe4TQNo5BjMbds7BV9StaSVDHlEzSxm&itag=247&aitags=133%2C134%2C135%2C136%2C137%2C160%2C242%2C243%2C244%2C247%2C248%2C271%2C278%2C313%2C394%2C395%2C396%2C397%2C398&source=youtube&requiressl=yes&mh=Yi&mm=31%2C29&mn=sn-5njj-u2xl%2Csn-un57sn7s&ms=au%2Crdu&mv=m&mvi=3&pl=16&initcwndbps=623750&vprv=1&mime=video%2Fwebm&ns=5kFPFc_qki-aKGAmKJI5ZjYF&gir=yes&clen=37493202&dur=210.416&lmt=1540442928675023&mt=1608711157&fvip=3&keepalive=yes&c=WEB&txp=5432432&n=LupckjNG1jZBpbpj&sparams=expire%2Cei%2Cip%2Cid%2Caitags%2Csource%2Crequiressl%2Cvprv%2Cmime%2Cns%2Cgir%2Cclen%2Cdur%2Clmt&lsparams=mh%2Cmm%2Cmn%2Cms%2Cmv%2Cmvi%2Cpl%2Cinitcwndbps&lsig=AG3C_xAwRgIhANiO38VUeTCVetaQCPqeUHA5mh36zBEVkk5M2fhhosX6AiEAy-YGIczawdljiGelhWw6VJDMKwCISd2syCVAh8K0pN4%3D&sig=AOq0QJ8wRgIhAI-xPLhuqMnoVihOW1dUQ23oMXQ4QG8j0bw8YNO7xASYAiEA_BvS7Id6KftpOW-8GyT_WCTZyZVhDc5F-__Vn5Fr4cY=&ratebypass=yes", "player_url": "/s/player/5dd3f3b2/player_ias.vflset/en_US/base.js", "ext": "webm", "height": 720, "format_note": "720p", "vcodec": "vp9", "asr": null, "filesize": 37493202, "fps": 24, "tbr": 1930.461, "width": 1280, "acodec": "none", "downloader_options": {"http_chunk_size": 10485760}, "format": "247 - 1280x720 (720p)", "protocol": "https", "http_headers": {"User-Agent": "Mozilla/5.0 (Windows NT 10.0; Win64; x64) AppleWebKit/537.36 (KHTML, like Gecko) Chrome/72.0.3626.18 Safari/537.36", "Accept-Charset": "ISO-8859-1,utf-8;q=0.7,*;q=0.7", "Accept": "text/html,application/xhtml+xml,application/xml;q=0.9,*/*;q=0.8", "Accept-Encoding": "gzip, deflate", "Accept-Language": "en-us,en;q=0.5"}}, {"format_id": "136", "url": "https://r3---sn-5njj-u2xl.googlevideo.com/videoplayback?expire=1608733063&ei=J_3iX8PDHL-Bs8IPnv-ugAg&ip=140.109.135.76&id=o-ANCCFNkDY0XQWqe4TQNo5BjMbds7BV9StaSVDHlEzSxm&itag=136&aitags=133%2C134%2C135%2C136%2C137%2C160%2C242%2C243%2C244%2C247%2C248%2C271%2C278%2C313%2C394%2C395%2C396%2C397%2C398&source=youtube&requiressl=yes&mh=Yi&mm=31%2C29&mn=sn-5njj-u2xl%2Csn-un57sn7s&ms=au%2Crdu&mv=m&mvi=3&pl=16&initcwndbps=623750&vprv=1&mime=video%2Fmp4&ns=5kFPFc_qki-aKGAmKJI5ZjYF&gir=yes&clen=41703735&dur=210.416&lmt=1540442339710170&mt=1608711157&fvip=3&keepalive=yes&c=WEB&txp=5432432&n=LupckjNG1jZBpbpj&sparams=expire%2Cei%2Cip%2Cid%2Caitags%2Csource%2Crequiressl%2Cvprv%2Cmime%2Cns%2Cgir%2Cclen%2Cdur%2Clmt&lsparams=mh%2Cmm%2Cmn%2Cms%2Cmv%2Cmvi%2Cpl%2Cinitcwndbps&lsig=AG3C_xAwRAIgUrfhJYD-HbVKWb1gwiFXtnJzbKOqGHX9b1iqewqJNgsCIDHnj1N8fgcOgnkA_ccFM2ZNwFxLlN6lQlS3AeS3gUyk&sig=AOq0QJ8wRgIhAJBLCdZwq1O2Nr844RbE5ZauIXo5RDbK3l69kEmZgiDBAiEA6XJOavxASO2VLDLhOq-Vs8wqybcil5xFF4wCO0VcOYE=&ratebypass=yes", "player_url": "/s/player/5dd3f3b2/player_ias.vflset/en_US/base.js", "ext": "mp4", "height": 720, "format_note": "720p", "vcodec": "avc1.4d401f", "asr": null, "filesize": 41703735, "fps": 24, "tbr": 2318.63, "width": 1280, "acodec": "none", "downloader_options": {"http_chunk_size": 10485760}, "format": "136 - 1280x720 (720p)", "protocol": "https", "http_headers": {"User-Agent": "Mozilla/5.0 (Windows NT 10.0; Win64; x64) AppleWebKit/537.36 (KHTML, like Gecko) Chrome/72.0.3626.18 Safari/537.36", "Accept-Charset": "ISO-8859-1,utf-8;q=0.7,*;q=0.7", "Accept": "text/html,application/xhtml+xml,application/xml;q=0.9,*/*;q=0.8", "Accept-Encoding": "gzip, deflate", "Accept-Language": "en-us,en;q=0.5"}}, {"format_id": "248", "url": "https://r3---sn-5njj-u2xl.googlevideo.com/videoplayback?expire=1608733063&ei=J_3iX8PDHL-Bs8IPnv-ugAg&ip=140.109.135.76&id=o-ANCCFNkDY0XQWqe4TQNo5BjMbds7BV9StaSVDHlEzSxm&itag=248&aitags=133%2C134%2C135%2C136%2C137%2C160%2C242%2C243%2C244%2C247%2C248%2C271%2C278%2C313%2C394%2C395%2C396%2C397%2C398&source=youtube&requiressl=yes&mh=Yi&mm=31%2C29&mn=sn-5njj-u2xl%2Csn-un57sn7s&ms=au%2Crdu&mv=m&mvi=3&pl=16&initcwndbps=623750&vprv=1&mime=video%2Fwebm&ns=5kFPFc_qki-aKGAmKJI5ZjYF&gir=yes&clen=65674397&dur=210.416&lmt=1540442560357801&mt=1608711157&fvip=3&keepalive=yes&c=WEB&txp=5432432&n=LupckjNG1jZBpbpj&sparams=expire%2Cei%2Cip%2Cid%2Caitags%2Csource%2Crequiressl%2Cvprv%2Cmime%2Cns%2Cgir%2Cclen%2Cdur%2Clmt&lsparams=mh%2Cmm%2Cmn%2Cms%2Cmv%2Cmvi%2Cpl%2Cinitcwndbps&lsig=AG3C_xAwRAIgCgB2X92cpF7rFjTj6d3V9KCB-OlDF1d2pl05WdrXvYoCICvcetEouzxUj3jnpjrXxe3xsQ68xvwIpIugdqL7emyb&sig=AOq0QJ8wRAIgQ9sccX-e_BMFcF495qSspKxzbRRwHs7GDxh84id0Pk8CIGTiZP1EqbVa5b4zTBXOpKiE9wJk15ZuZEGnyeFJX3Kh&ratebypass=yes", "player_url": "/s/player/5dd3f3b2/player_ias.vflset/en_US/base.js", "ext": "webm", "height": 1080, "format_note": "1080p", "vcodec": "vp9", "asr": null, "filesize": 65674397, "fps": 24, "tbr": 3142.384, "width": 1920, "acodec": "none", "downloader_options": {"http_chunk_size": 10485760}, "format": "248 - 1920x1080 (1080p)", "protocol": "https", "http_headers": {"User-Agent": "Mozilla/5.0 (Windows NT 10.0; Win64; x64) AppleWebKit/537.36 (KHTML, like Gecko) Chrome/72.0.3626.18 Safari/537.36", "Accept-Charset": "ISO-8859-1,utf-8;q=0.7,*;q=0.7", "Accept": "text/html,application/xhtml+xml,application/xml;q=0.9,*/*;q=0.8", "Accept-Encoding": "gzip, deflate", "Accept-Language": "en-us,en;q=0.5"}}, {"format_id": "137", "url": "https://r3---sn-5njj-u2xl.googlevideo.com/videoplayback?expire=1608733063&ei=J_3iX8PDHL-Bs8IPnv-ugAg&ip=140.109.135.76&id=o-ANCCFNkDY0XQWqe4TQNo5BjMbds7BV9StaSVDHlEzSxm&itag=137&aitags=133%2C134%2C135%2C136%2C137%2C160%2C242%2C243%2C244%2C247%2C248%2C271%2C278%2C313%2C394%2C395%2C396%2C397%2C398&source=youtube&requiressl=yes&mh=Yi&mm=31%2C29&mn=sn-5njj-u2xl%2Csn-un57sn7s&ms=au%2Crdu&mv=m&mvi=3&pl=16&initcwndbps=623750&vprv=1&mime=video%2Fmp4&ns=5kFPFc_qki-aKGAmKJI5ZjYF&gir=yes&clen=79607880&dur=210.416&lmt=1540442415872999&mt=1608711157&fvip=3&keepalive=yes&c=WEB&txp=5432432&n=LupckjNG1jZBpbpj&sparams=expire%2Cei%2Cip%2Cid%2Caitags%2Csource%2Crequiressl%2Cvprv%2Cmime%2Cns%2Cgir%2Cclen%2Cdur%2Clmt&lsparams=mh%2Cmm%2Cmn%2Cms%2Cmv%2Cmvi%2Cpl%2Cinitcwndbps&lsig=AG3C_xAwRAIgOEZ2XAcnZw1nEGa3euZPnjmD-JkZri6pF_xICKDYfI4CIAvsGTuaMfa0FDAiHHvfKzwp3Tr4DGhj7sP6di49C4Px&sig=AOq0QJ8wRQIhAOS_2aJ3GRDPZaWYgsGoagZywgh6IKjpPHuaEY5yPngfAiAHjCwSYY0XgJiaMkVwMxwXqfsTRdid5DkDB5PWsYiX4Q==&ratebypass=yes", "player_url": "/s/player/5dd3f3b2/player_ias.vflset/en_US/base.js", "ext": "mp4", "height": 1080, "format_note": "1080p", "vcodec": "avc1.640028", "asr": null, "filesize": 79607880, "fps": 24, "tbr": 5164.239, "width": 1920, "acodec": "none", "downloader_options": {"http_chunk_size": 10485760}, "format": "137 - 1920x1080 (1080p)", "protocol": "https", "http_headers": {"User-Agent": "Mozilla/5.0 (Windows NT 10.0; Win64; x64) AppleWebKit/537.36 (KHTML, like Gecko) Chrome/72.0.3626.18 Safari/537.36", "Accept-Charset": "ISO-8859-1,utf-8;q=0.7,*;q=0.7", "Accept": "text/html,application/xhtml+xml,application/xml;q=0.9,*/*;q=0.8", "Accept-Encoding": "gzip, deflate", "Accept-Language": "en-us,en;q=0.5"}}, {"format_id": "271", "url": "https://r3---sn-5njj-u2xl.googlevideo.com/videoplayback?expire=1608733063&ei=J_3iX8PDHL-Bs8IPnv-ugAg&ip=140.109.135.76&id=o-ANCCFNkDY0XQWqe4TQNo5BjMbds7BV9StaSVDHlEzSxm&itag=271&aitags=133%2C134%2C135%2C136%2C137%2C160%2C242%2C243%2C244%2C247%2C248%2C271%2C278%2C313%2C394%2C395%2C396%2C397%2C398&source=youtube&requiressl=yes&mh=Yi&mm=31%2C29&mn=sn-5njj-u2xl%2Csn-un57sn7s&ms=au%2Crdu&mv=m&mvi=3&pl=16&initcwndbps=623750&vprv=1&mime=video%2Fwebm&ns=5kFPFc_qki-aKGAmKJI5ZjYF&gir=yes&clen=202354193&dur=210.416&lmt=1540442651617991&mt=1608711157&fvip=3&keepalive=yes&c=WEB&txp=5432432&n=LupckjNG1jZBpbpj&sparams=expire%2Cei%2Cip%2Cid%2Caitags%2Csource%2Crequiressl%2Cvprv%2Cmime%2Cns%2Cgir%2Cclen%2Cdur%2Clmt&lsparams=mh%2Cmm%2Cmn%2Cms%2Cmv%2Cmvi%2Cpl%2Cinitcwndbps&lsig=AG3C_xAwRAIgSmTrqYcOdcQvhveeQMSX1tpIdABUhc5x1W2bl0n53j4CIBbYb49fkTl1fMy3WX7rZCmZ_mJRei_9yKi737VoOzvk&sig=AOq0QJ8wRQIgKvlQe8na8qJQ9Z2_QtHoxqIU1bL7brNMggMghzXyyloCIQDchpN6Gt-5qiph5u92OJAy0fZVL7K4E2wJVDH3lT-4SA==&ratebypass=yes", "player_url": "/s/player/5dd3f3b2/player_ias.vflset/en_US/base.js", "ext": "webm", "height": 1440, "format_note": "1440p", "vcodec": "vp9", "asr": null, "filesize": 202354193, "fps": 24, "tbr": 8891.575, "width": 2560, "acodec": "none", "downloader_options": {"http_chunk_size": 10485760}, "format": "271 - 2560x1440 (1440p)", "protocol": "https", "http_headers": {"User-Agent": "Mozilla/5.0 (Windows NT 10.0; Win64; x64) AppleWebKit/537.36 (KHTML, like Gecko) Chrome/72.0.3626.18 Safari/537.36", "Accept-Charset": "ISO-8859-1,utf-8;q=0.7,*;q=0.7", "Accept": "text/html,application/xhtml+xml,application/xml;q=0.9,*/*;q=0.8", "Accept-Encoding": "gzip, deflate", "Accept-Language": "en-us,en;q=0.5"}}, {"format_id": "313", "url": "https://r3---sn-5njj-u2xl.googlevideo.com/videoplayback?expire=1608733063&ei=J_3iX8PDHL-Bs8IPnv-ugAg&ip=140.109.135.76&id=o-ANCCFNkDY0XQWqe4TQNo5BjMbds7BV9StaSVDHlEzSxm&itag=313&aitags=133%2C134%2C135%2C136%2C137%2C160%2C242%2C243%2C244%2C247%2C248%2C271%2C278%2C313%2C394%2C395%2C396%2C397%2C398&source=youtube&requiressl=yes&mh=Yi&mm=31%2C29&mn=sn-5njj-u2xl%2Csn-un57sn7s&ms=au%2Crdu&mv=m&mvi=3&pl=16&initcwndbps=623750&vprv=1&mime=video%2Fwebm&ns=5kFPFc_qki-aKGAmKJI5ZjYF&gir=yes&clen=435054811&dur=210.416&lmt=1540443158500444&mt=1608711157&fvip=3&keepalive=yes&c=WEB&txp=5432432&n=LupckjNG1jZBpbpj&sparams=expire%2Cei%2Cip%2Cid%2Caitags%2Csource%2Crequiressl%2Cvprv%2Cmime%2Cns%2Cgir%2Cclen%2Cdur%2Clmt&lsparams=mh%2Cmm%2Cmn%2Cms%2Cmv%2Cmvi%2Cpl%2Cinitcwndbps&lsig=AG3C_xAwRQIhAJayMszoRQ_0tY-CYLRDmJYkWVAxJ2i1dbLIu702htg1AiB5ngSIJlGYshvrO4TJMhSvPydfBP-S4GsPhzRNp5c2TQ%3D%3D&sig=AOq0QJ8wRQIgYbWPBd43eBIhZDFNs5cGw4VzdMMUk_VnH9kpzAxd21QCIQDPAqyP0bx0zo47n0hSt0FAfn6a87th5bbYyGN_ckr3eA==&ratebypass=yes", "player_url": "/s/player/5dd3f3b2/player_ias.vflset/en_US/base.js", "ext": "webm", "height": 2160, "format_note": "2160p", "vcodec": "vp9", "asr": null, "filesize": 435054811, "fps": 24, "tbr": 18239.5, "width": 3840, "acodec": "none", "downloader_options": {"http_chunk_size": 10485760}, "format": "313 - 3840x2160 (2160p)", "protocol": "https", "http_headers": {"User-Agent": "Mozilla/5.0 (Windows NT 10.0; Win64; x64) AppleWebKit/537.36 (KHTML, like Gecko) Chrome/72.0.3626.18 Safari/537.36", "Accept-Charset": "ISO-8859-1,utf-8;q=0.7,*;q=0.7", "Accept": "text/html,application/xhtml+xml,application/xml;q=0.9,*/*;q=0.8", "Accept-Encoding": "gzip, deflate", "Accept-Language": "en-us,en;q=0.5"}}, {"format_id": "18", "url": "https://r3---sn-5njj-u2xl.googlevideo.com/videoplayback?expire=1608733063&ei=J_3iX8PDHL-Bs8IPnv-ugAg&ip=140.109.135.76&id=o-ANCCFNkDY0XQWqe4TQNo5BjMbds7BV9StaSVDHlEzSxm&itag=18&source=youtube&requiressl=yes&mh=Yi&mm=31%2C29&mn=sn-5njj-u2xl%2Csn-un57sn7s&ms=au%2Crdu&mv=m&mvi=3&pl=16&initcwndbps=623750&vprv=1&mime=video%2Fmp4&ns=Izv2ZRZ4LW01k2vZL3mJtPsF&gir=yes&clen=15014700&ratebypass=yes&dur=210.488&lmt=1540442477735076&mt=1608711157&fvip=3&c=WEB&txp=5431432&n=--L4RqjqfyMX7Dov&sparams=expire%2Cei%2Cip%2Cid%2Citag%2Csource%2Crequiressl%2Cvprv%2Cmime%2Cns%2Cgir%2Cclen%2Cratebypass%2Cdur%2Clmt&lsparams=mh%2Cmm%2Cmn%2Cms%2Cmv%2Cmvi%2Cpl%2Cinitcwndbps&lsig=AG3C_xAwRgIhAJ0jZwbE-huLsucbM-c0CJWizsKkCxgwN791M7jMsKc5AiEAlR4XMJGgNu9CtjnVd-1fBw8N_SA7dIcu9C_SJ1JIvI4%3D&sig=AOq0QJ8wRgIhANyblOiBoV_S2iCxii80GXyNrXeLULrXTA8EjiePE9FRAiEA9sm5krhJjrJuPXCfj2_e0PNvLuqkpogXYc70P5XK-l0=", "player_url": "/s/player/5dd3f3b2/player_ias.vflset/en_US/base.js", "ext": "mp4", "width": 640, "height": 360, "acodec": "mp4a.40.2", "abr": 96, "vcodec": "avc1.42001E", "asr": 44100, "filesize": 15014700, "format_note": "360p", "fps": 24, "tbr": 570.857, "format": "18 - 640x360 (360p)", "protocol": "https", "http_headers": {"User-Agent": "Mozilla/5.0 (Windows NT 10.0; Win64; x64) AppleWebKit/537.36 (KHTML, like Gecko) Chrome/72.0.3626.18 Safari/537.36", "Accept-Charset": "ISO-8859-1,utf-8;q=0.7,*;q=0.7", "Accept": "text/html,application/xhtml+xml,application/xml;q=0.9,*/*;q=0.8", "Accept-Encoding": "gzip, deflate", "Accept-Language": "en-us,en;q=0.5"}}], "is_live": null, "start_time": null, "end_time": null, "series": null, "season_number": null, "episode_number": null, "track": null, "artist": null, "album": null, "release_date": null, "release_year": null, "extractor": "youtube", "webpage_url_basename": "watch", "extractor_key": "Youtube", "playlist": null, "playlist_index": null, "thumbnail": "https://i.ytimg.com/vi_webp/gwmVjvR-sVs/maxresdefault.webp", "display_id": "gwmVjvR-sVs", "requested_subtitles": null, "format_id": "251", "url": "https://r3---sn-5njj-u2xl.googlevideo.com/videoplayback?expire=1608733063&ei=J_3iX8PDHL-Bs8IPnv-ugAg&ip=140.109.135.76&id=o-ANCCFNkDY0XQWqe4TQNo5BjMbds7BV9StaSVDHlEzSxm&itag=251&source=youtube&requiressl=yes&mh=Yi&mm=31%2C29&mn=sn-5njj-u2xl%2Csn-un57sn7s&ms=au%2Crdu&mv=m&mvi=3&pl=16&initcwndbps=623750&vprv=1&mime=audio%2Fwebm&ns=5kFPFc_qki-aKGAmKJI5ZjYF&gir=yes&clen=3973334&dur=210.441&lmt=1540443758363883&mt=1608711157&fvip=3&keepalive=yes&c=WEB&txp=5411222&n=LupckjNG1jZBpbpj&sparams=expire%2Cei%2Cip%2Cid%2Citag%2Csource%2Crequiressl%2Cvprv%2Cmime%2Cns%2Cgir%2Cclen%2Cdur%2Clmt&lsparams=mh%2Cmm%2Cmn%2Cms%2Cmv%2Cmvi%2Cpl%2Cinitcwndbps&lsig=AG3C_xAwRAIgdM8zhGMQLHgoD5c17eJ7UlOkweLnMmmrt36JotRlEUICICznaE3-huVkqnldEyAgworxKKowLPr9wIkfi2K5iC7J&sig=AOq0QJ8wRgIhALnY3fgIH198OMQTH3FAqeNFsXYxn1Q-tkX7mraej6QXAiEA-S4MG3BzEEkPnXF-Ln_Le4mt8IqsLTkJ2Fl_2kbNWF4=&ratebypass=yes", "player_url": "/s/player/5dd3f3b2/player_ias.vflset/en_US/base.js", "ext": "webm", "format_note": "tiny", "acodec": "opus", "abr": 160, "asr": 48000, "filesize": 3973334, "fps": null, "height": null, "tbr": 165.536, "width": null, "vcodec": "none", "downloader_options": {"http_chunk_size": 10485760}, "format": "251 - audio only (tiny)", "protocol": "https", "http_headers": {"User-Agent": "Mozilla/5.0 (Windows NT 10.0; Win64; x64) AppleWebKit/537.36 (KHTML, like Gecko) Chrome/72.0.3626.18 Safari/537.36", "Accept-Charset": "ISO-8859-1,utf-8;q=0.7,*;q=0.7", "Accept": "text/html,application/xhtml+xml,application/xml;q=0.9,*/*;q=0.8", "Accept-Encoding": "gzip, deflate", "Accept-Language": "en-us,en;q=0.5"}}