{"id": "iFgSjUqI7iM", "uploader": "pianofinity", "uploader_id": "XXXTheXPianoXXX", "uploader_url": "http://www.youtube.com/user/XXXTheXPianoXXX", "channel_id": "UCer-IuHYTrelisbHEgWO6ag", "channel_url": "http://www.youtube.com/channel/UCer-IuHYTrelisbHEgWO6ag", "upload_date": "20160418", "license": null, "creator": null, "title": "Charlie Puth - One Call Away Piano Cover", "alt_title": null, "thumbnails": [{"url": "https://i.ytimg.com/vi/iFgSjUqI7iM/hqdefault.jpg?sqp=-oaymwEYCKgBEF5IVfKriqkDCwgBFQAAiEIYAXAB&rs=AOn4CLAS2y3wWl8vtfBQhK6EebPjSP3Usw", "width": 168, "height": 94, "resolution": "168x94", "id": "0"}, {"url": "https://i.ytimg.com/vi/iFgSjUqI7iM/hqdefault.jpg?sqp=-oaymwEYCMQBEG5IVfKriqkDCwgBFQAAiEIYAXAB&rs=AOn4CLA1pykTdtA7u_NHJuegSPU5WAi8cg", "width": 196, "height": 110, "resolution": "196x110", "id": "1"}, {"url": "https://i.ytimg.com/vi/iFgSjUqI7iM/hqdefault.jpg?sqp=-oaymwEZCPYBEIoBSFXyq4qpAwsIARUAAIhCGAFwAQ==&rs=AOn4CLBorV0MZJa1i5E9Nmiu4d7RZWEDfQ", "width": 246, "height": 138, "resolution": "246x138", "id": "2"}, {"url": "https://i.ytimg.com/vi/iFgSjUqI7iM/hqdefault.jpg?sqp=-oaymwEZCNACELwBSFXyq4qpAwsIARUAAIhCGAFwAQ==&rs=AOn4CLAxCWvIcsi1oADlqlhLF7QSQL7MIw", "width": 336, "height": 188, "resolution": "336x188", "id": "3"}, {"url": "https://i.ytimg.com/vi_webp/iFgSjUqI7iM/maxresdefault.webp", "width": 1920, "height": 1080, "resolution": "1920x1080", "id": "4"}], "description": "Click the \ud83d\udd14 to always be notified on new uploads!\nLearn piano songs quickly and easily with flowkey*:\nhttps://go.flowkey.com/pianofinity\n\nInstagram: https://bit.ly/pianofinityIG\nFacebook: https://bit.ly/pianofinityFB\n\nDer mit * gekennzeichnete Link ist ein Affiliate-Link, der zum Partnerprogramm von flowkey geh\u00f6rt. Kommt \u00fcber diesen Link ein Abonnement zustande, bekommen wir eine Provision. F\u00fcr euch entstehen dabei keinerlei Mehrkosten. Danke f\u00fcr eure Unterst\u00fctzung \ud83d\ude0a", "categories": ["Music"], "tags": ["pianofinity", "ipiano", "xxxthexpianoxxx", "piano", "cover", "klavier", "public", "street", "performance", "synthesia", "tutorial", "version", "medley", "duet", "play", "music", "musik", "sheet", "sheets", "intro", "theme", "soundtrack", "offenburg", "germany", "amazing", "awesome", "beautiful", "crazy", "epic", "live"], "subtitles": {}, "automatic_captions": {}, "duration": 195, "age_limit": 0, "annotations": null, "chapters": null, "webpage_url": "https://www.youtube.com/watch?v=iFgSjUqI7iM", "view_count": 71686, "like_count": 1284, "dislike_count": 11, "average_rating": 4.966023, "formats": [{"format_id": "249", "url": "https://r4---sn-5njj-u2xl.googlevideo.com/videoplayback?expire=1609160507&ei=24LpX73_C8nAgAPXzarwDQ&ip=140.109.135.76&id=o-AGpP4gR0IdXu0_8b2rHuJyJlTYGuy88AfgVJn_SU1Tgk&itag=249&source=youtube&requiressl=yes&mh=9v&mm=31%2C29&mn=sn-5njj-u2xl%2Csn-un57sn7s&ms=au%2Crdu&mv=m&mvi=4&pcm2cms=yes&pl=16&initcwndbps=700000&vprv=1&mime=audio%2Fwebm&ns=Qrm5c-UkLZfGRKmr6L23Ik8F&gir=yes&clen=1322643&dur=194.961&lmt=1460978211300558&mt=1609138606&fvip=4&keepalive=yes&c=WEB&n=ZlLPaSY9XusNAn18&sparams=expire%2Cei%2Cip%2Cid%2Citag%2Csource%2Crequiressl%2Cvprv%2Cmime%2Cns%2Cgir%2Cclen%2Cdur%2Clmt&lsparams=mh%2Cmm%2Cmn%2Cms%2Cmv%2Cmvi%2Cpcm2cms%2Cpl%2Cinitcwndbps&lsig=AG3C_xAwRgIhAOwlGsAiVW1vy1nvGt5FTgfT0y27EKzmVH0XfwfxRFj_AiEArDNHBYWvZg5N36vQwI7tHi25e9QEic6V2o8-bQ4Dn44%3D&sig=AOq0QJ8wRgIhAKUKiKG-l08QzqSEc2V9tPcVa3eX3X5WJzkMqIVkpzOCAiEAyo_uMyVOAxAwNWkXVfwfH2i7lQu9aqnFR3RJ7Br47js=&ratebypass=yes", "player_url": "/s/player/5dd3f3b2/player_ias.vflset/en_US/base.js", "ext": "webm", "format_note": "tiny", "acodec": "opus", "abr": 50, "asr": 48000, "filesize": 1322643, "fps": null, "height": null, "tbr": 59.25, "width": null, "vcodec": "none", "downloader_options": {"http_chunk_size": 10485760}, "format": "249 - audio only (tiny)", "protocol": "https", "http_headers": {"User-Agent": "Mozilla/5.0 (Windows NT 10.0; Win64; x64) AppleWebKit/537.36 (KHTML, like Gecko) Chrome/72.0.3623.3 Safari/537.36", "Accept-Charset": "ISO-8859-1,utf-8;q=0.7,*;q=0.7", "Accept": "text/html,application/xhtml+xml,application/xml;q=0.9,*/*;q=0.8", "Accept-Encoding": "gzip, deflate", "Accept-Language": "en-us,en;q=0.5"}}, {"format_id": "250", "url": "https://r4---sn-5njj-u2xl.googlevideo.com/videoplayback?expire=1609160507&ei=24LpX73_C8nAgAPXzarwDQ&ip=140.109.135.76&id=o-AGpP4gR0IdXu0_8b2rHuJyJlTYGuy88AfgVJn_SU1Tgk&itag=250&source=youtube&requiressl=yes&mh=9v&mm=31%2C29&mn=sn-5njj-u2xl%2Csn-un57sn7s&ms=au%2Crdu&mv=m&mvi=4&pcm2cms=yes&pl=16&initcwndbps=700000&vprv=1&mime=audio%2Fwebm&ns=Qrm5c-UkLZfGRKmr6L23Ik8F&gir=yes&clen=1900572&dur=194.961&lmt=1460978223598545&mt=1609138606&fvip=4&keepalive=yes&c=WEB&n=ZlLPaSY9XusNAn18&sparams=expire%2Cei%2Cip%2Cid%2Citag%2Csource%2Crequiressl%2Cvprv%2Cmime%2Cns%2Cgir%2Cclen%2Cdur%2Clmt&lsparams=mh%2Cmm%2Cmn%2Cms%2Cmv%2Cmvi%2Cpcm2cms%2Cpl%2Cinitcwndbps&lsig=AG3C_xAwRQIgUGsNJgs8ui8HYzn1Q6UjbhZmnQ-UnLz_iD402he47TcCIQD-EeuCCh9ErDYLuqUfd5jP7OJcgvBZOzIpmuTzvtlSkQ%3D%3D&sig=AOq0QJ8wRAIgAQEDrj9D1SaFbAzpcXrGT15nexqvSCnBs_TB4sxHJjYCICCIfLod9y_I2iv_6ZPs56o8nIwc6L6RHLK94PDpGEJ6&ratebypass=yes", "player_url": "/s/player/5dd3f3b2/player_ias.vflset/en_US/base.js", "ext": "webm", "format_note": "tiny", "acodec": "opus", "abr": 70, "asr": 48000, "filesize": 1900572, "fps": null, "height": null, "tbr": 88.833, "width": null, "vcodec": "none", "downloader_options": {"http_chunk_size": 10485760}, "format": "250 - audio only (tiny)", "protocol": "https", "http_headers": {"User-Agent": "Mozilla/5.0 (Windows NT 10.0; Win64; x64) AppleWebKit/537.36 (KHTML, like Gecko) Chrome/72.0.3623.3 Safari/537.36", "Accept-Charset": "ISO-8859-1,utf-8;q=0.7,*;q=0.7", "Accept": "text/html,application/xhtml+xml,application/xml;q=0.9,*/*;q=0.8", "Accept-Encoding": "gzip, deflate", "Accept-Language": "en-us,en;q=0.5"}}, {"format_id": "140", "url": "https://r4---sn-5njj-u2xl.googlevideo.com/videoplayback?expire=1609160507&ei=24LpX73_C8nAgAPXzarwDQ&ip=140.109.135.76&id=o-AGpP4gR0IdXu0_8b2rHuJyJlTYGuy88AfgVJn_SU1Tgk&itag=140&source=youtube&requiressl=yes&mh=9v&mm=31%2C29&mn=sn-5njj-u2xl%2Csn-un57sn7s&ms=au%2Crdu&mv=m&mvi=4&pcm2cms=yes&pl=16&initcwndbps=700000&vprv=1&mime=audio%2Fmp4&ns=Qrm5c-UkLZfGRKmr6L23Ik8F&gir=yes&clen=3098137&dur=195.024&lmt=1461144047290944&mt=1609138606&fvip=4&keepalive=yes&c=WEB&n=ZlLPaSY9XusNAn18&sparams=expire%2Cei%2Cip%2Cid%2Citag%2Csource%2Crequiressl%2Cvprv%2Cmime%2Cns%2Cgir%2Cclen%2Cdur%2Clmt&lsparams=mh%2Cmm%2Cmn%2Cms%2Cmv%2Cmvi%2Cpcm2cms%2Cpl%2Cinitcwndbps&lsig=AG3C_xAwRgIhAN47dObH7Lp2mKwueXY4HmOKlEKsXNgq-oOgmS1h1u35AiEApWcDzB3CTtS546f5_SIu2LAzH9l_q-OBqZ75Y542GQ8%3D&sig=AOq0QJ8wRgIhAJw_r0-ujSSwStygnVfZDI5ZMMAkOJ51ky8rbg1x2zNOAiEAi92fSNG1zmyH3InwlYGEDLgeqkr2yBcKu7yMv2kFots=&ratebypass=yes", "player_url": "/s/player/5dd3f3b2/player_ias.vflset/en_US/base.js", "ext": "m4a", "format_note": "tiny", "acodec": "mp4a.40.2", "abr": 128, "container": "m4a_dash", "asr": 44100, "filesize": 3098137, "fps": null, "height": null, "tbr": 128.005, "width": null, "vcodec": "none", "downloader_options": {"http_chunk_size": 10485760}, "format": "140 - audio only (tiny)", "protocol": "https", "http_headers": {"User-Agent": "Mozilla/5.0 (Windows NT 10.0; Win64; x64) AppleWebKit/537.36 (KHTML, like Gecko) Chrome/72.0.3623.3 Safari/537.36", "Accept-Charset": "ISO-8859-1,utf-8;q=0.7,*;q=0.7", "Accept": "text/html,application/xhtml+xml,application/xml;q=0.9,*/*;q=0.8", "Accept-Encoding": "gzip, deflate", "Accept-Language": "en-us,en;q=0.5"}}, {"format_id": "251", "url": "https://r4---sn-5njj-u2xl.googlevideo.com/videoplayback?expire=1609160507&ei=24LpX73_C8nAgAPXzarwDQ&ip=140.109.135.76&id=o-AGpP4gR0IdXu0_8b2rHuJyJlTYGuy88AfgVJn_SU1Tgk&itag=251&source=youtube&requiressl=yes&mh=9v&mm=31%2C29&mn=sn-5njj-u2xl%2Csn-un57sn7s&ms=au%2Crdu&mv=m&mvi=4&pcm2cms=yes&pl=16&initcwndbps=700000&vprv=1&mime=audio%2Fwebm&ns=Qrm5c-UkLZfGRKmr6L23Ik8F&gir=yes&clen=3686818&dur=194.961&lmt=1460978209812443&mt=1609138606&fvip=4&keepalive=yes&c=WEB&n=ZlLPaSY9XusNAn18&sparams=expire%2Cei%2Cip%2Cid%2Citag%2Csource%2Crequiressl%2Cvprv%2Cmime%2Cns%2Cgir%2Cclen%2Cdur%2Clmt&lsparams=mh%2Cmm%2Cmn%2Cms%2Cmv%2Cmvi%2Cpcm2cms%2Cpl%2Cinitcwndbps&lsig=AG3C_xAwRQIhAKIDbBLYZ_Y5A9xmJ4zQmuXMQhjn9NID5BfNpf5vk6pjAiAykSvkW2LxCAcIij7qe-si94b6A4XeeK3oiWdkXqti1Q%3D%3D&sig=AOq0QJ8wRgIhAObpz9D_auuzUB76WR547bUvTgOasIQib6ugiX-hMKxxAiEA3jceH45Hnofe6kBYms9t6cn17WjTytHQTlE53d8SGkc=&ratebypass=yes", "player_url": "/s/player/5dd3f3b2/player_ias.vflset/en_US/base.js", "ext": "webm", "format_note": "tiny", "acodec": "opus", "abr": 160, "asr": 48000, "filesize": 3686818, "fps": null, "height": null, "tbr": 164.74, "width": null, "vcodec": "none", "downloader_options": {"http_chunk_size": 10485760}, "format": "251 - audio only (tiny)", "protocol": "https", "http_headers": {"User-Agent": "Mozilla/5.0 (Windows NT 10.0; Win64; x64) AppleWebKit/537.36 (KHTML, like Gecko) Chrome/72.0.3623.3 Safari/537.36", "Accept-Charset": "ISO-8859-1,utf-8;q=0.7,*;q=0.7", "Accept": "text/html,application/xhtml+xml,application/xml;q=0.9,*/*;q=0.8", "Accept-Encoding": "gzip, deflate", "Accept-Language": "en-us,en;q=0.5"}}, {"format_id": "160", "url": "https://r4---sn-5njj-u2xl.googlevideo.com/videoplayback?expire=1609160507&ei=24LpX73_C8nAgAPXzarwDQ&ip=140.109.135.76&id=o-AGpP4gR0IdXu0_8b2rHuJyJlTYGuy88AfgVJn_SU1Tgk&itag=160&aitags=133%2C134%2C135%2C136%2C137%2C160%2C242%2C243%2C244%2C247%2C248%2C278&source=youtube&requiressl=yes&mh=9v&mm=31%2C29&mn=sn-5njj-u2xl%2Csn-un57sn7s&ms=au%2Crdu&mv=m&mvi=4&pcm2cms=yes&pl=16&initcwndbps=700000&vprv=1&mime=video%2Fmp4&ns=Qrm5c-UkLZfGRKmr6L23Ik8F&gir=yes&clen=2667964&dur=194.960&lmt=1461144175007803&mt=1609138606&fvip=4&keepalive=yes&c=WEB&n=ZlLPaSY9XusNAn18&sparams=expire%2Cei%2Cip%2Cid%2Caitags%2Csource%2Crequiressl%2Cvprv%2Cmime%2Cns%2Cgir%2Cclen%2Cdur%2Clmt&lsparams=mh%2Cmm%2Cmn%2Cms%2Cmv%2Cmvi%2Cpcm2cms%2Cpl%2Cinitcwndbps&lsig=AG3C_xAwRQIgOyVStI19NMJh-R155CDWLZYbFoerGQAUhOtSJraRyZgCIQCXYf-19nPFY-RQBtjpL3jIkvnNIzjWLBbiBZuGtJDmow%3D%3D&sig=AOq0QJ8wRgIhAPvDZD-z-9HApcfjDO-VThYxBoNDBJ70PfQD84m8TbPEAiEAvZ6uLwVa_M7wJGwY_UK9gIDUW3hhNJoLqZU38xHyXX8=&ratebypass=yes", "player_url": "/s/player/5dd3f3b2/player_ias.vflset/en_US/base.js", "ext": "mp4", "height": 144, "format_note": "144p", "vcodec": "avc1.4d400c", "asr": null, "filesize": 2667964, "fps": 25, "tbr": 112.548, "width": 256, "acodec": "none", "downloader_options": {"http_chunk_size": 10485760}, "format": "160 - 256x144 (144p)", "protocol": "https", "http_headers": {"User-Agent": "Mozilla/5.0 (Windows NT 10.0; Win64; x64) AppleWebKit/537.36 (KHTML, like Gecko) Chrome/72.0.3623.3 Safari/537.36", "Accept-Charset": "ISO-8859-1,utf-8;q=0.7,*;q=0.7", "Accept": "text/html,application/xhtml+xml,application/xml;q=0.9,*/*;q=0.8", "Accept-Encoding": "gzip, deflate", "Accept-Language": "en-us,en;q=0.5"}}, {"format_id": "278", "url": "https://r4---sn-5njj-u2xl.googlevideo.com/videoplayback?expire=1609160507&ei=24LpX73_C8nAgAPXzarwDQ&ip=140.109.135.76&id=o-AGpP4gR0IdXu0_8b2rHuJyJlTYGuy88AfgVJn_SU1Tgk&itag=278&aitags=133%2C134%2C135%2C136%2C137%2C160%2C242%2C243%2C244%2C247%2C248%2C278&source=youtube&requiressl=yes&mh=9v&mm=31%2C29&mn=sn-5njj-u2xl%2Csn-un57sn7s&ms=au%2Crdu&mv=m&mvi=4&pcm2cms=yes&pl=16&initcwndbps=700000&vprv=1&mime=video%2Fwebm&ns=Qrm5c-UkLZfGRKmr6L23Ik8F&gir=yes&clen=2536417&dur=194.920&lmt=1460978660158243&mt=1609138606&fvip=4&keepalive=yes&c=WEB&n=ZlLPaSY9XusNAn18&sparams=expire%2Cei%2Cip%2Cid%2Caitags%2Csource%2Crequiressl%2Cvprv%2Cmime%2Cns%2Cgir%2Cclen%2Cdur%2Clmt&lsparams=mh%2Cmm%2Cmn%2Cms%2Cmv%2Cmvi%2Cpcm2cms%2Cpl%2Cinitcwndbps&lsig=AG3C_xAwRAIgYVb-lUIeUyIQUMQF9ufD9S9qI2hlJDXYnkINaf1PbvUCIBiVgPJ_m1xearmfcyVWENsQMr7xUoG3EhUUd98SUUkG&sig=AOq0QJ8wRQIhAPAed8c0r5J2fISoj5GEHQodkNg6znw0_4fu4joyJHihAiBsxxSGf8FgXU8o02d2Q0-ParqMc2Ty1zByIj6TVeMbRQ==&ratebypass=yes", "player_url": "/s/player/5dd3f3b2/player_ias.vflset/en_US/base.js", "ext": "webm", "height": 144, "format_note": "144p", "container": "webm", "vcodec": "vp9", "asr": null, "filesize": 2536417, "fps": 25, "tbr": 123.207, "width": 256, "acodec": "none", "downloader_options": {"http_chunk_size": 10485760}, "format": "278 - 256x144 (144p)", "protocol": "https", "http_headers": {"User-Agent": "Mozilla/5.0 (Windows NT 10.0; Win64; x64) AppleWebKit/537.36 (KHTML, like Gecko) Chrome/72.0.3623.3 Safari/537.36", "Accept-Charset": "ISO-8859-1,utf-8;q=0.7,*;q=0.7", "Accept": "text/html,application/xhtml+xml,application/xml;q=0.9,*/*;q=0.8", "Accept-Encoding": "gzip, deflate", "Accept-Language": "en-us,en;q=0.5"}}, {"format_id": "133", "url": "https://r4---sn-5njj-u2xl.googlevideo.com/videoplayback?expire=1609160507&ei=24LpX73_C8nAgAPXzarwDQ&ip=140.109.135.76&id=o-AGpP4gR0IdXu0_8b2rHuJyJlTYGuy88AfgVJn_SU1Tgk&itag=133&aitags=133%2C134%2C135%2C136%2C137%2C160%2C242%2C243%2C244%2C247%2C248%2C278&source=youtube&requiressl=yes&mh=9v&mm=31%2C29&mn=sn-5njj-u2xl%2Csn-un57sn7s&ms=au%2Crdu&mv=m&mvi=4&pcm2cms=yes&pl=16&initcwndbps=700000&vprv=1&mime=video%2Fmp4&ns=Qrm5c-UkLZfGRKmr6L23Ik8F&gir=yes&clen=5976278&dur=194.960&lmt=1461144176106138&mt=1609138606&fvip=4&keepalive=yes&c=WEB&n=ZlLPaSY9XusNAn18&sparams=expire%2Cei%2Cip%2Cid%2Caitags%2Csource%2Crequiressl%2Cvprv%2Cmime%2Cns%2Cgir%2Cclen%2Cdur%2Clmt&lsparams=mh%2Cmm%2Cmn%2Cms%2Cmv%2Cmvi%2Cpcm2cms%2Cpl%2Cinitcwndbps&lsig=AG3C_xAwRgIhAIDmOxQsztxtWv7vZKeCw63nUEE7evoj3mhImc36lcx-AiEAgn9pvY0ISV-hZv5As59NI8J73zBuwIyBuD6D18YAsg8%3D&sig=AOq0QJ8wRQIgQHPmc-18cfY1FWojpehVZvCPc3m6r0V6ZEpPAgs54AoCIQCPaVLLY-ixkzXvnsZ-tiZqJ_OH13Z2osz98LE31L5WCw==&ratebypass=yes", "player_url": "/s/player/5dd3f3b2/player_ias.vflset/en_US/base.js", "ext": "mp4", "height": 240, "format_note": "240p", "vcodec": "avc1.4d4015", "asr": null, "filesize": 5976278, "fps": 25, "tbr": 250.701, "width": 426, "acodec": "none", "downloader_options": {"http_chunk_size": 10485760}, "format": "133 - 426x240 (240p)", "protocol": "https", "http_headers": {"User-Agent": "Mozilla/5.0 (Windows NT 10.0; Win64; x64) AppleWebKit/537.36 (KHTML, like Gecko) Chrome/72.0.3623.3 Safari/537.36", "Accept-Charset": "ISO-8859-1,utf-8;q=0.7,*;q=0.7", "Accept": "text/html,application/xhtml+xml,application/xml;q=0.9,*/*;q=0.8", "Accept-Encoding": "gzip, deflate", "Accept-Language": "en-us,en;q=0.5"}}, {"format_id": "242", "url": "https://r4---sn-5njj-u2xl.googlevideo.com/videoplayback?expire=1609160507&ei=24LpX73_C8nAgAPXzarwDQ&ip=140.109.135.76&id=o-AGpP4gR0IdXu0_8b2rHuJyJlTYGuy88AfgVJn_SU1Tgk&itag=242&aitags=133%2C134%2C135%2C136%2C137%2C160%2C242%2C243%2C244%2C247%2C248%2C278&source=youtube&requiressl=yes&mh=9v&mm=31%2C29&mn=sn-5njj-u2xl%2Csn-un57sn7s&ms=au%2Crdu&mv=m&mvi=4&pcm2cms=yes&pl=16&initcwndbps=700000&vprv=1&mime=video%2Fwebm&ns=Qrm5c-UkLZfGRKmr6L23Ik8F&gir=yes&clen=5149809&dur=194.920&lmt=1460978660290077&mt=1609138606&fvip=4&keepalive=yes&c=WEB&n=ZlLPaSY9XusNAn18&sparams=expire%2Cei%2Cip%2Cid%2Caitags%2Csource%2Crequiressl%2Cvprv%2Cmime%2Cns%2Cgir%2Cclen%2Cdur%2Clmt&lsparams=mh%2Cmm%2Cmn%2Cms%2Cmv%2Cmvi%2Cpcm2cms%2Cpl%2Cinitcwndbps&lsig=AG3C_xAwRQIgLN0bEeABMjYginoBihm0fW8mApKccJR1CYmaBhTJDUUCIQDEu3cmCSQ-9hFiC4top9OS9k0IRORmELOmIMHu_5Qvsg%3D%3D&sig=AOq0QJ8wRAIgWietjqEyauEFHVN9YLcIspRBqBSvoF0NDQgXrIfcCQ4CIFXdEExGAfbPZcQKi6jffncTo5zwDrOdqMeCEa9hA5NM&ratebypass=yes", "player_url": "/s/player/5dd3f3b2/player_ias.vflset/en_US/base.js", "ext": "webm", "height": 240, "format_note": "240p", "vcodec": "vp9", "asr": null, "filesize": 5149809, "fps": 25, "tbr": 262.496, "width": 426, "acodec": "none", "downloader_options": {"http_chunk_size": 10485760}, "format": "242 - 426x240 (240p)", "protocol": "https", "http_headers": {"User-Agent": "Mozilla/5.0 (Windows NT 10.0; Win64; x64) AppleWebKit/537.36 (KHTML, like Gecko) Chrome/72.0.3623.3 Safari/537.36", "Accept-Charset": "ISO-8859-1,utf-8;q=0.7,*;q=0.7", "Accept": "text/html,application/xhtml+xml,application/xml;q=0.9,*/*;q=0.8", "Accept-Encoding": "gzip, deflate", "Accept-Language": "en-us,en;q=0.5"}}, {"format_id": "243", "url": "https://r4---sn-5njj-u2xl.googlevideo.com/videoplayback?expire=1609160507&ei=24LpX73_C8nAgAPXzarwDQ&ip=140.109.135.76&id=o-AGpP4gR0IdXu0_8b2rHuJyJlTYGuy88AfgVJn_SU1Tgk&itag=243&aitags=133%2C134%2C135%2C136%2C137%2C160%2C242%2C243%2C244%2C247%2C248%2C278&source=youtube&requiressl=yes&mh=9v&mm=31%2C29&mn=sn-5njj-u2xl%2Csn-un57sn7s&ms=au%2Crdu&mv=m&mvi=4&pcm2cms=yes&pl=16&initcwndbps=700000&vprv=1&mime=video%2Fwebm&ns=Qrm5c-UkLZfGRKmr6L23Ik8F&gir=yes&clen=9152935&dur=194.920&lmt=1460978660576142&mt=1609138606&fvip=4&keepalive=yes&c=WEB&n=ZlLPaSY9XusNAn18&sparams=expire%2Cei%2Cip%2Cid%2Caitags%2Csource%2Crequiressl%2Cvprv%2Cmime%2Cns%2Cgir%2Cclen%2Cdur%2Clmt&lsparams=mh%2Cmm%2Cmn%2Cms%2Cmv%2Cmvi%2Cpcm2cms%2Cpl%2Cinitcwndbps&lsig=AG3C_xAwRgIhALo0T-eBMtO-8vdDcjw19mzFLfH3FFsUQSbWey-8uUmcAiEAyO9zkEvITaGzt1jYWqRZ-yBR-eopSRGlpyXcAcXKvIg%3D&sig=AOq0QJ8wRQIhAPA3-xpNpFvwioSZQZ_bjeTqA2V_km2YchBzpp2YQNc1AiAoojzQvTnFvMo66M6gOH9_U559uAKGx99ld4isNMKZQA==&ratebypass=yes", "player_url": "/s/player/5dd3f3b2/player_ias.vflset/en_US/base.js", "ext": "webm", "height": 360, "format_note": "360p", "vcodec": "vp9", "asr": null, "filesize": 9152935, "fps": 25, "tbr": 470.996, "width": 640, "acodec": "none", "downloader_options": {"http_chunk_size": 10485760}, "format": "243 - 640x360 (360p)", "protocol": "https", "http_headers": {"User-Agent": "Mozilla/5.0 (Windows NT 10.0; Win64; x64) AppleWebKit/537.36 (KHTML, like Gecko) Chrome/72.0.3623.3 Safari/537.36", "Accept-Charset": "ISO-8859-1,utf-8;q=0.7,*;q=0.7", "Accept": "text/html,application/xhtml+xml,application/xml;q=0.9,*/*;q=0.8", "Accept-Encoding": "gzip, deflate", "Accept-Language": "en-us,en;q=0.5"}}, {"format_id": "134", "url": "https://r4---sn-5njj-u2xl.googlevideo.com/videoplayback?expire=1609160507&ei=24LpX73_C8nAgAPXzarwDQ&ip=140.109.135.76&id=o-AGpP4gR0IdXu0_8b2rHuJyJlTYGuy88AfgVJn_SU1Tgk&itag=134&aitags=133%2C134%2C135%2C136%2C137%2C160%2C242%2C243%2C244%2C247%2C248%2C278&source=youtube&requiressl=yes&mh=9v&mm=31%2C29&mn=sn-5njj-u2xl%2Csn-un57sn7s&ms=au%2Crdu&mv=m&mvi=4&pcm2cms=yes&pl=16&initcwndbps=700000&vprv=1&mime=video%2Fmp4&ns=Qrm5c-UkLZfGRKmr6L23Ik8F&gir=yes&clen=7809082&dur=194.960&lmt=1461144175631360&mt=1609138606&fvip=4&keepalive=yes&c=WEB&n=ZlLPaSY9XusNAn18&sparams=expire%2Cei%2Cip%2Cid%2Caitags%2Csource%2Crequiressl%2Cvprv%2Cmime%2Cns%2Cgir%2Cclen%2Cdur%2Clmt&lsparams=mh%2Cmm%2Cmn%2Cms%2Cmv%2Cmvi%2Cpcm2cms%2Cpl%2Cinitcwndbps&lsig=AG3C_xAwRAIgW7dWaXpDI3EuMm_38KxdLDt-OcvrEa8V-J0ToHNuuD0CIHx2jpyPoFTdrRBdKkEKLpECNghUyUjPuR3iwhz6v_QI&sig=AOq0QJ8wRAIgPLZP-61GjMmErOEtaSDsOMQGQyYF_U4cp1CgG2eMz1oCIHnpU_PzWiXZAoPKZ8Xq2u55o-XanSpWw7D58bw747m6&ratebypass=yes", "player_url": "/s/player/5dd3f3b2/player_ias.vflset/en_US/base.js", "ext": "mp4", "height": 360, "format_note": "360p", "vcodec": "avc1.4d401e", "asr": null, "filesize": 7809082, "fps": 25, "tbr": 477.834, "width": 640, "acodec": "none", "downloader_options": {"http_chunk_size": 10485760}, "format": "134 - 640x360 (360p)", "protocol": "https", "http_headers": {"User-Agent": "Mozilla/5.0 (Windows NT 10.0; Win64; x64) AppleWebKit/537.36 (KHTML, like Gecko) Chrome/72.0.3623.3 Safari/537.36", "Accept-Charset": "ISO-8859-1,utf-8;q=0.7,*;q=0.7", "Accept": "text/html,application/xhtml+xml,application/xml;q=0.9,*/*;q=0.8", "Accept-Encoding": "gzip, deflate", "Accept-Language": "en-us,en;q=0.5"}}, {"format_id": "244", "url": "https://r4---sn-5njj-u2xl.googlevideo.com/videoplayback?expire=1609160507&ei=24LpX73_C8nAgAPXzarwDQ&ip=140.109.135.76&id=o-AGpP4gR0IdXu0_8b2rHuJyJlTYGuy88AfgVJn_SU1Tgk&itag=244&aitags=133%2C134%2C135%2C136%2C137%2C160%2C242%2C243%2C244%2C247%2C248%2C278&source=youtube&requiressl=yes&mh=9v&mm=31%2C29&mn=sn-5njj-u2xl%2Csn-un57sn7s&ms=au%2Crdu&mv=m&mvi=4&pcm2cms=yes&pl=16&initcwndbps=700000&vprv=1&mime=video%2Fwebm&ns=Qrm5c-UkLZfGRKmr6L23Ik8F&gir=yes&clen=15186646&dur=194.920&lmt=1460978660314523&mt=1609138606&fvip=4&keepalive=yes&c=WEB&n=ZlLPaSY9XusNAn18&sparams=expire%2Cei%2Cip%2Cid%2Caitags%2Csource%2Crequiressl%2Cvprv%2Cmime%2Cns%2Cgir%2Cclen%2Cdur%2Clmt&lsparams=mh%2Cmm%2Cmn%2Cms%2Cmv%2Cmvi%2Cpcm2cms%2Cpl%2Cinitcwndbps&lsig=AG3C_xAwRgIhAP6NVeagnqITE-30C6Qi9WeWhmNQyWQu7XPN2AniK16MAiEApz4_wEYe3phyb3gtzteknxFE4A8nDeIm_Ryq8czkIhA%3D&sig=AOq0QJ8wRAIgfiUjz09Gk9rVUM2dZ06rp4zfT1F77J5uJOI3fGUBDYMCIAb9J_56APFijpTU-7B-hOv7p7go3kLzZWkQcEYeaX3V&ratebypass=yes", "player_url": "/s/player/5dd3f3b2/player_ias.vflset/en_US/base.js", "ext": "webm", "height": 480, "format_note": "480p", "vcodec": "vp9", "asr": null, "filesize": 15186646, "fps": 25, "tbr": 819.943, "width": 854, "acodec": "none", "downloader_options": {"http_chunk_size": 10485760}, "format": "244 - 854x480 (480p)", "protocol": "https", "http_headers": {"User-Agent": "Mozilla/5.0 (Windows NT 10.0; Win64; x64) AppleWebKit/537.36 (KHTML, like Gecko) Chrome/72.0.3623.3 Safari/537.36", "Accept-Charset": "ISO-8859-1,utf-8;q=0.7,*;q=0.7", "Accept": "text/html,application/xhtml+xml,application/xml;q=0.9,*/*;q=0.8", "Accept-Encoding": "gzip, deflate", "Accept-Language": "en-us,en;q=0.5"}}, {"format_id": "135", "url": "https://r4---sn-5njj-u2xl.googlevideo.com/videoplayback?expire=1609160507&ei=24LpX73_C8nAgAPXzarwDQ&ip=140.109.135.76&id=o-AGpP4gR0IdXu0_8b2rHuJyJlTYGuy88AfgVJn_SU1Tgk&itag=135&aitags=133%2C134%2C135%2C136%2C137%2C160%2C242%2C243%2C244%2C247%2C248%2C278&source=youtube&requiressl=yes&mh=9v&mm=31%2C29&mn=sn-5njj-u2xl%2Csn-un57sn7s&ms=au%2Crdu&mv=m&mvi=4&pcm2cms=yes&pl=16&initcwndbps=700000&vprv=1&mime=video%2Fmp4&ns=Qrm5c-UkLZfGRKmr6L23Ik8F&gir=yes&clen=15042740&dur=194.960&lmt=1461144175817166&mt=1609138606&fvip=4&keepalive=yes&c=WEB&n=ZlLPaSY9XusNAn18&sparams=expire%2Cei%2Cip%2Cid%2Caitags%2Csource%2Crequiressl%2Cvprv%2Cmime%2Cns%2Cgir%2Cclen%2Cdur%2Clmt&lsparams=mh%2Cmm%2Cmn%2Cms%2Cmv%2Cmvi%2Cpcm2cms%2Cpl%2Cinitcwndbps&lsig=AG3C_xAwRQIgESO_5NVgpYezoGqptKUpF7uGXbQ-6VABV4ahkXgGk1cCIQDPFN_43Gni0_X-zb4eVpL_18xPrVcTJyThgyxrkhbdyg%3D%3D&sig=AOq0QJ8wRAIgdadqMGW22Z-JvjZaZTwAO4ivBnm0Expd_G6JR5mRwiUCIC79c8qLWyKlFrAR6rdicrMOtyc_DQGfTiZThkieIRRZ&ratebypass=yes", "player_url": "/s/player/5dd3f3b2/player_ias.vflset/en_US/base.js", "ext": "mp4", "height": 480, "format_note": "480p", "vcodec": "avc1.4d401e", "asr": null, "filesize": 15042740, "fps": 25, "tbr": 883.823, "width": 854, "acodec": "none", "downloader_options": {"http_chunk_size": 10485760}, "format": "135 - 854x480 (480p)", "protocol": "https", "http_headers": {"User-Agent": "Mozilla/5.0 (Windows NT 10.0; Win64; x64) AppleWebKit/537.36 (KHTML, like Gecko) Chrome/72.0.3623.3 Safari/537.36", "Accept-Charset": "ISO-8859-1,utf-8;q=0.7,*;q=0.7", "Accept": "text/html,application/xhtml+xml,application/xml;q=0.9,*/*;q=0.8", "Accept-Encoding": "gzip, deflate", "Accept-Language": "en-us,en;q=0.5"}}, {"format_id": "136", "url": "https://r4---sn-5njj-u2xl.googlevideo.com/videoplayback?expire=1609160507&ei=24LpX73_C8nAgAPXzarwDQ&ip=140.109.135.76&id=o-AGpP4gR0IdXu0_8b2rHuJyJlTYGuy88AfgVJn_SU1Tgk&itag=136&aitags=133%2C134%2C135%2C136%2C137%2C160%2C242%2C243%2C244%2C247%2C248%2C278&source=youtube&requiressl=yes&mh=9v&mm=31%2C29&mn=sn-5njj-u2xl%2Csn-un57sn7s&ms=au%2Crdu&mv=m&mvi=4&pcm2cms=yes&pl=16&initcwndbps=700000&vprv=1&mime=video%2Fmp4&ns=Qrm5c-UkLZfGRKmr6L23Ik8F&gir=yes&clen=27542463&dur=194.960&lmt=1461144180458666&mt=1609138606&fvip=4&keepalive=yes&c=WEB&n=ZlLPaSY9XusNAn18&sparams=expire%2Cei%2Cip%2Cid%2Caitags%2Csource%2Crequiressl%2Cvprv%2Cmime%2Cns%2Cgir%2Cclen%2Cdur%2Clmt&lsparams=mh%2Cmm%2Cmn%2Cms%2Cmv%2Cmvi%2Cpcm2cms%2Cpl%2Cinitcwndbps&lsig=AG3C_xAwRQIgcKB02_FC_X2WuMetQYEV4g74GL13G_4AcjvEekc8umQCIQCLqqXfT0qenwtUeyvz-WZJ1ZAs4vHxOew-pSIsKLv2ZQ%3D%3D&sig=AOq0QJ8wRAIgdZJs_l6OL_RUxvTYrsqgV9Qqzb1RC0gs3TsbrFzTOWgCIFsYpPHopGeFkoYibAwIZOgpQwxTLn8Bh6-4phavYD0d&ratebypass=yes", "player_url": "/s/player/5dd3f3b2/player_ias.vflset/en_US/base.js", "ext": "mp4", "height": 720, "format_note": "720p", "vcodec": "avc1.4d401f", "asr": null, "filesize": 27542463, "fps": 25, "tbr": 1533.264, "width": 1280, "acodec": "none", "downloader_options": {"http_chunk_size": 10485760}, "format": "136 - 1280x720 (720p)", "protocol": "https", "http_headers": {"User-Agent": "Mozilla/5.0 (Windows NT 10.0; Win64; x64) AppleWebKit/537.36 (KHTML, like Gecko) Chrome/72.0.3623.3 Safari/537.36", "Accept-Charset": "ISO-8859-1,utf-8;q=0.7,*;q=0.7", "Accept": "text/html,application/xhtml+xml,application/xml;q=0.9,*/*;q=0.8", "Accept-Encoding": "gzip, deflate", "Accept-Language": "en-us,en;q=0.5"}}, {"format_id": "247", "url": "https://r4---sn-5njj-u2xl.googlevideo.com/videoplayback?expire=1609160507&ei=24LpX73_C8nAgAPXzarwDQ&ip=140.109.135.76&id=o-AGpP4gR0IdXu0_8b2rHuJyJlTYGuy88AfgVJn_SU1Tgk&itag=247&aitags=133%2C134%2C135%2C136%2C137%2C160%2C242%2C243%2C244%2C247%2C248%2C278&source=youtube&requiressl=yes&mh=9v&mm=31%2C29&mn=sn-5njj-u2xl%2Csn-un57sn7s&ms=au%2Crdu&mv=m&mvi=4&pcm2cms=yes&pl=16&initcwndbps=700000&vprv=1&mime=video%2Fwebm&ns=Qrm5c-UkLZfGRKmr6L23Ik8F&gir=yes&clen=28706158&dur=194.920&lmt=1460978663073845&mt=1609138606&fvip=4&keepalive=yes&c=WEB&n=ZlLPaSY9XusNAn18&sparams=expire%2Cei%2Cip%2Cid%2Caitags%2Csource%2Crequiressl%2Cvprv%2Cmime%2Cns%2Cgir%2Cclen%2Cdur%2Clmt&lsparams=mh%2Cmm%2Cmn%2Cms%2Cmv%2Cmvi%2Cpcm2cms%2Cpl%2Cinitcwndbps&lsig=AG3C_xAwRAIgZKrKqqN0PR5uT8CWyT_S8q4ulYPemPhjwnpA7OcxJdwCIAC7AkuOA6TLiLhA_xz9rk-Stm8e-mWFGWUPTGCVisEQ&sig=AOq0QJ8wRgIhANk60x4r6k1l8ZQqd_-Hf88jZLG-8Y94B2bNT8fFQBPWAiEAuifddrjrsLKiPnIbTyPAo9D_TFaz_DR7YtQ9Jb6QJFE=&ratebypass=yes", "player_url": "/s/player/5dd3f3b2/player_ias.vflset/en_US/base.js", "ext": "webm", "height": 720, "format_note": "720p", "vcodec": "vp9", "asr": null, "filesize": 28706158, "fps": 25, "tbr": 1597.021, "width": 1280, "acodec": "none", "downloader_options": {"http_chunk_size": 10485760}, "format": "247 - 1280x720 (720p)", "protocol": "https", "http_headers": {"User-Agent": "Mozilla/5.0 (Windows NT 10.0; Win64; x64) AppleWebKit/537.36 (KHTML, like Gecko) Chrome/72.0.3623.3 Safari/537.36", "Accept-Charset": "ISO-8859-1,utf-8;q=0.7,*;q=0.7", "Accept": "text/html,application/xhtml+xml,application/xml;q=0.9,*/*;q=0.8", "Accept-Encoding": "gzip, deflate", "Accept-Language": "en-us,en;q=0.5"}}, {"format_id": "137", "url": "https://r4---sn-5njj-u2xl.googlevideo.com/videoplayback?expire=1609160507&ei=24LpX73_C8nAgAPXzarwDQ&ip=140.109.135.76&id=o-AGpP4gR0IdXu0_8b2rHuJyJlTYGuy88AfgVJn_SU1Tgk&itag=137&aitags=133%2C134%2C135%2C136%2C137%2C160%2C242%2C243%2C244%2C247%2C248%2C278&source=youtube&requiressl=yes&mh=9v&mm=31%2C29&mn=sn-5njj-u2xl%2Csn-un57sn7s&ms=au%2Crdu&mv=m&mvi=4&pcm2cms=yes&pl=16&initcwndbps=700000&vprv=1&mime=video%2Fmp4&ns=Qrm5c-UkLZfGRKmr6L23Ik8F&gir=yes&clen=49139656&dur=194.960&lmt=1461144172491002&mt=1609138606&fvip=4&keepalive=yes&c=WEB&n=ZlLPaSY9XusNAn18&sparams=expire%2Cei%2Cip%2Cid%2Caitags%2Csource%2Crequiressl%2Cvprv%2Cmime%2Cns%2Cgir%2Cclen%2Cdur%2Clmt&lsparams=mh%2Cmm%2Cmn%2Cms%2Cmv%2Cmvi%2Cpcm2cms%2Cpl%2Cinitcwndbps&lsig=AG3C_xAwRgIhAOXKi5xXgsk--KK2GDX2U3B876rll2hB5Cpz4q370IfzAiEAw_LTtGh4vQqj0bRER8eVmZX_G9BDALIG2FQuqIMMxDI%3D&sig=AOq0QJ8wRQIhAKYNspnP1ouiZckL-ijqKUzv1kQHUr66YUvfQeGa7bRNAiBdvIsab497AD3VTCWgoKgdqb69OwNbjORts5E_mJcSeA==&ratebypass=yes", "player_url": "/s/player/5dd3f3b2/player_ias.vflset/en_US/base.js", "ext": "mp4", "height": 1080, "format_note": "1080p", "vcodec": "avc1.640028", "asr": null, "filesize": 49139656, "fps": 25, "tbr": 2586.162, "width": 1920, "acodec": "none", "downloader_options": {"http_chunk_size": 10485760}, "format": "137 - 1920x1080 (1080p)", "protocol": "https", "http_headers": {"User-Agent": "Mozilla/5.0 (Windows NT 10.0; Win64; x64) AppleWebKit/537.36 (KHTML, like Gecko) Chrome/72.0.3623.3 Safari/537.36", "Accept-Charset": "ISO-8859-1,utf-8;q=0.7,*;q=0.7", "Accept": "text/html,application/xhtml+xml,application/xml;q=0.9,*/*;q=0.8", "Accept-Encoding": "gzip, deflate", "Accept-Language": "en-us,en;q=0.5"}}, {"format_id": "248", "url": "https://r4---sn-5njj-u2xl.googlevideo.com/videoplayback?expire=1609160507&ei=24LpX73_C8nAgAPXzarwDQ&ip=140.109.135.76&id=o-AGpP4gR0IdXu0_8b2rHuJyJlTYGuy88AfgVJn_SU1Tgk&itag=248&aitags=133%2C134%2C135%2C136%2C137%2C160%2C242%2C243%2C244%2C247%2C248%2C278&source=youtube&requiressl=yes&mh=9v&mm=31%2C29&mn=sn-5njj-u2xl%2Csn-un57sn7s&ms=au%2Crdu&mv=m&mvi=4&pcm2cms=yes&pl=16&initcwndbps=700000&vprv=1&mime=video%2Fwebm&ns=Qrm5c-UkLZfGRKmr6L23Ik8F&gir=yes&clen=51730315&dur=194.920&lmt=1460978536412592&mt=1609138606&fvip=4&keepalive=yes&c=WEB&n=ZlLPaSY9XusNAn18&sparams=expire%2Cei%2Cip%2Cid%2Caitags%2Csource%2Crequiressl%2Cvprv%2Cmime%2Cns%2Cgir%2Cclen%2Cdur%2Clmt&lsparams=mh%2Cmm%2Cmn%2Cms%2Cmv%2Cmvi%2Cpcm2cms%2Cpl%2Cinitcwndbps&lsig=AG3C_xAwRQIhAPCN-3osORxrtow2E6ExkiSwqXhXUtTqdk08LzGtn7JIAiATpfSTNCa2h4n6qfg9j0s_sXaMTZBdjNpT4pUqPzmdug%3D%3D&sig=AOq0QJ8wRgIhAPobPOEVUjeAsYBSAuN6lR-sOBChQMG9zibW5dfwwoRJAiEA3krbUPQbEj8YTdO496dUXYV2wGtDNwE_c02kYQCmnZ0=&ratebypass=yes", "player_url": "/s/player/5dd3f3b2/player_ias.vflset/en_US/base.js", "ext": "webm", "height": 1080, "format_note": "1080p", "vcodec": "vp9", "asr": null, "filesize": 51730315, "fps": 25, "tbr": 2723.368, "width": 1920, "acodec": "none", "downloader_options": {"http_chunk_size": 10485760}, "format": "248 - 1920x1080 (1080p)", "protocol": "https", "http_headers": {"User-Agent": "Mozilla/5.0 (Windows NT 10.0; Win64; x64) AppleWebKit/537.36 (KHTML, like Gecko) Chrome/72.0.3623.3 Safari/537.36", "Accept-Charset": "ISO-8859-1,utf-8;q=0.7,*;q=0.7", "Accept": "text/html,application/xhtml+xml,application/xml;q=0.9,*/*;q=0.8", "Accept-Encoding": "gzip, deflate", "Accept-Language": "en-us,en;q=0.5"}}, {"format_id": "18", "url": "https://r4---sn-5njj-u2xl.googlevideo.com/videoplayback?expire=1609160507&ei=24LpX73_C8nAgAPXzarwDQ&ip=140.109.135.76&id=o-AGpP4gR0IdXu0_8b2rHuJyJlTYGuy88AfgVJn_SU1Tgk&itag=18&source=youtube&requiressl=yes&mh=9v&mm=31%2C29&mn=sn-5njj-u2xl%2Csn-un57sn7s&ms=au%2Crdu&mv=m&mvi=4&pcm2cms=yes&pl=16&initcwndbps=700000&vprv=1&mime=video%2Fmp4&ns=fSKHVOLcTq6-wU2OzBXXfbkF&gir=yes&clen=15489838&ratebypass=yes&dur=195.024&lmt=1461144102751873&mt=1609138606&fvip=4&c=WEB&n=SnNGDHzDolMR70e_&sparams=expire%2Cei%2Cip%2Cid%2Citag%2Csource%2Crequiressl%2Cvprv%2Cmime%2Cns%2Cgir%2Cclen%2Cratebypass%2Cdur%2Clmt&lsparams=mh%2Cmm%2Cmn%2Cms%2Cmv%2Cmvi%2Cpcm2cms%2Cpl%2Cinitcwndbps&lsig=AG3C_xAwRQIhAOMuOYUVgUc7gjbsmz6fTWBJcRn0gBY_8eS7uhE-4e7OAiBUBcozaB1bXlh7edGp1gocrAcJoWHQGPkqCuBE67qsDw%3D%3D&sig=AOq0QJ8wRQIhAJrVMAwEAnkUPC-R_QIwIZuJUJS5e0XvSPnEPEBVhAN2AiATMiuaQcFWti9_oegL0BYFrKVpgudcBinexbAz8JAxrw==", "player_url": "/s/player/5dd3f3b2/player_ias.vflset/en_US/base.js", "ext": "mp4", "width": 640, "height": 360, "acodec": "mp4a.40.2", "abr": 96, "vcodec": "avc1.42001E", "asr": 44100, "filesize": 15489838, "format_note": "360p", "fps": 25, "tbr": 635.61, "format": "18 - 640x360 (360p)", "protocol": "https", "http_headers": {"User-Agent": "Mozilla/5.0 (Windows NT 10.0; Win64; x64) AppleWebKit/537.36 (KHTML, like Gecko) Chrome/72.0.3623.3 Safari/537.36", "Accept-Charset": "ISO-8859-1,utf-8;q=0.7,*;q=0.7", "Accept": "text/html,application/xhtml+xml,application/xml;q=0.9,*/*;q=0.8", "Accept-Encoding": "gzip, deflate", "Accept-Language": "en-us,en;q=0.5"}}], "is_live": null, "start_time": null, "end_time": null, "series": null, "season_number": null, "episode_number": null, "track": null, "artist": null, "album": null, "release_date": null, "release_year": null, "extractor": "youtube", "webpage_url_basename": "watch", "extractor_key": "Youtube", "playlist": null, "playlist_index": null, "thumbnail": "https://i.ytimg.com/vi_webp/iFgSjUqI7iM/maxresdefault.webp", "display_id": "iFgSjUqI7iM", "requested_subtitles": null, "format_id": "251", "url": "https://r4---sn-5njj-u2xl.googlevideo.com/videoplayback?expire=1609160507&ei=24LpX73_C8nAgAPXzarwDQ&ip=140.109.135.76&id=o-AGpP4gR0IdXu0_8b2rHuJyJlTYGuy88AfgVJn_SU1Tgk&itag=251&source=youtube&requiressl=yes&mh=9v&mm=31%2C29&mn=sn-5njj-u2xl%2Csn-un57sn7s&ms=au%2Crdu&mv=m&mvi=4&pcm2cms=yes&pl=16&initcwndbps=700000&vprv=1&mime=audio%2Fwebm&ns=Qrm5c-UkLZfGRKmr6L23Ik8F&gir=yes&clen=3686818&dur=194.961&lmt=1460978209812443&mt=1609138606&fvip=4&keepalive=yes&c=WEB&n=ZlLPaSY9XusNAn18&sparams=expire%2Cei%2Cip%2Cid%2Citag%2Csource%2Crequiressl%2Cvprv%2Cmime%2Cns%2Cgir%2Cclen%2Cdur%2Clmt&lsparams=mh%2Cmm%2Cmn%2Cms%2Cmv%2Cmvi%2Cpcm2cms%2Cpl%2Cinitcwndbps&lsig=AG3C_xAwRQIhAKIDbBLYZ_Y5A9xmJ4zQmuXMQhjn9NID5BfNpf5vk6pjAiAykSvkW2LxCAcIij7qe-si94b6A4XeeK3oiWdkXqti1Q%3D%3D&sig=AOq0QJ8wRgIhAObpz9D_auuzUB76WR547bUvTgOasIQib6ugiX-hMKxxAiEA3jceH45Hnofe6kBYms9t6cn17WjTytHQTlE53d8SGkc=&ratebypass=yes", "player_url": "/s/player/5dd3f3b2/player_ias.vflset/en_US/base.js", "ext": "webm", "format_note": "tiny", "acodec": "opus", "abr": 160, "asr": 48000, "filesize": 3686818, "fps": null, "height": null, "tbr": 164.74, "width": null, "vcodec": "none", "downloader_options": {"http_chunk_size": 10485760}, "format": "251 - audio only (tiny)", "protocol": "https", "http_headers": {"User-Agent": "Mozilla/5.0 (Windows NT 10.0; Win64; x64) AppleWebKit/537.36 (KHTML, like Gecko) Chrome/72.0.3623.3 Safari/537.36", "Accept-Charset": "ISO-8859-1,utf-8;q=0.7,*;q=0.7", "Accept": "text/html,application/xhtml+xml,application/xml;q=0.9,*/*;q=0.8", "Accept-Encoding": "gzip, deflate", "Accept-Language": "en-us,en;q=0.5"}}