{"id": "K6OFDxBU370", "uploader": "Emma Chen \u5c0f i", "uploader_id": "UCZiVgBFR8RObqlLd7e9Bm4w", "uploader_url": "http://www.youtube.com/channel/UCZiVgBFR8RObqlLd7e9Bm4w", "channel_id": "UCZiVgBFR8RObqlLd7e9Bm4w", "channel_url": "http://www.youtube.com/channel/UCZiVgBFR8RObqlLd7e9Bm4w", "upload_date": "20201130", "license": null, "creator": null, "title": "A loving father / \u611b\u6211\u7684\u5929\u7236 - piano cover / \u92fc\u7434\u6f14\u594f", "alt_title": null, "thumbnails": [{"url": "https://i.ytimg.com/vi/K6OFDxBU370/hqdefault.jpg?sqp=-oaymwEbCKgBEF5IVfKriqkDDggBFQAAiEIYAXABwAEG&rs=AOn4CLCPhybI3yNo727gPcUVNvj61PYPLA", "width": 168, "height": 94, "resolution": "168x94", "id": "0"}, {"url": "https://i.ytimg.com/vi/K6OFDxBU370/hqdefault.jpg?sqp=-oaymwEbCMQBEG5IVfKriqkDDggBFQAAiEIYAXABwAEG&rs=AOn4CLDi3mNP4og9tOLO6PbRy685qR_ySA", "width": 196, "height": 110, "resolution": "196x110", "id": "1"}, {"url": "https://i.ytimg.com/vi/K6OFDxBU370/hqdefault.jpg?sqp=-oaymwEcCPYBEIoBSFXyq4qpAw4IARUAAIhCGAFwAcABBg==&rs=AOn4CLA3ELWhgqK6VBvn0B6POdyuDziAiA", "width": 246, "height": 138, "resolution": "246x138", "id": "2"}, {"url": "https://i.ytimg.com/vi/K6OFDxBU370/hqdefault.jpg?sqp=-oaymwEcCNACELwBSFXyq4qpAw4IARUAAIhCGAFwAcABBg==&rs=AOn4CLBT44-w9MLWIXn5QV4CZj-BBNL6zg", "width": 336, "height": 188, "resolution": "336x188", "id": "3"}, {"url": "https://i.ytimg.com/vi_webp/K6OFDxBU370/maxresdefault.webp", "width": 1920, "height": 1080, "resolution": "1920x1080", "id": "4"}], "description": "\u6b61\u8fce\u4eab\u7528\u3002\nby Emma Chen. (FB:kiki10017@hotmail.com)", "categories": ["Music"], "tags": ["\u611b\u6211\u7684\u5929\u7236", "a loving father", "christian piano songs", "soaking music"], "subtitles": {}, "automatic_captions": {}, "duration": 316, "age_limit": 0, "annotations": null, "chapters": null, "webpage_url": "https://www.youtube.com/watch?v=K6OFDxBU370", "view_count": 529, "like_count": 7, "dislike_count": null, "average_rating": 5.0, "formats": [{"ext": "m4a", "format_note": "DASH audio", "acodec": "mp4a.40.5", "abr": 48, "container": "m4a_dash", "format_id": "139", "manifest_url": "https://manifest.googlevideo.com/api/manifest/dash/expire/1613497627/ei/u7ArYPH5KMH8qAHXiLmQCQ/ip/140.109.135.76/id/2ba3850f1054dfbd/source/youtube/requiressl/yes/playback_host/r5---sn-5njj-u2xe.googlevideo.com/mh/vq/mm/31%2C29/mn/sn-5njj-u2xe%2Csn-un57sn7s/ms/au%2Crdu/mv/m/mvi/5/pcm2cms/yes/pl/16/hfr/all/as/fmp4_audio_clear%2Cwebm_audio_clear%2Cwebm2_audio_clear%2Cfmp4_sd_hd_clear%2Cwebm2_sd_hd_clear/initcwndbps/363750/vprv/1/mt/1613475655/fvip/5/keepalive/yes/itag/0/sparams/expire%2Cei%2Cip%2Cid%2Csource%2Crequiressl%2Chfr%2Cas%2Cvprv%2Citag/sig/AOq0QJ8wRAIgAwJ8hQFxZn1G4F2aXqrDOWUTqAO84tqNrihFIeUGCrQCIHBveqg1K0XBlrnytkO_NPGk7AGiEezUu7psgZ5e0a4m/lsparams/playback_host%2Cmh%2Cmm%2Cmn%2Cms%2Cmv%2Cmvi%2Cpcm2cms%2Cpl%2Cinitcwndbps/lsig/AG3C_xAwRAIgAebK3XD9xrUYRKfWv3eERKsMsj7L5TibY-ZUuAEyMs0CIA1s7mBrG7wYIQsUxIlI_PzWRwec_FGXz-XwVxH_5AIB", "width": null, "height": null, "tbr": 50.186, "asr": 22050, "fps": null, "language": null, "filesize": null, "vcodec": "none", "url": "https://manifest.googlevideo.com/api/manifest/dash/expire/1613497627/ei/u7ArYPH5KMH8qAHXiLmQCQ/ip/140.109.135.76/id/2ba3850f1054dfbd/source/youtube/requiressl/yes/playback_host/r5---sn-5njj-u2xe.googlevideo.com/mh/vq/mm/31%2C29/mn/sn-5njj-u2xe%2Csn-un57sn7s/ms/au%2Crdu/mv/m/mvi/5/pcm2cms/yes/pl/16/hfr/all/as/fmp4_audio_clear%2Cwebm_audio_clear%2Cwebm2_audio_clear%2Cfmp4_sd_hd_clear%2Cwebm2_sd_hd_clear/initcwndbps/363750/vprv/1/mt/1613475655/fvip/5/keepalive/yes/itag/0/sparams/expire%2Cei%2Cip%2Cid%2Csource%2Crequiressl%2Chfr%2Cas%2Cvprv%2Citag/sig/AOq0QJ8wRAIgAwJ8hQFxZn1G4F2aXqrDOWUTqAO84tqNrihFIeUGCrQCIHBveqg1K0XBlrnytkO_NPGk7AGiEezUu7psgZ5e0a4m/lsparams/playback_host%2Cmh%2Cmm%2Cmn%2Cms%2Cmv%2Cmvi%2Cpcm2cms%2Cpl%2Cinitcwndbps/lsig/AG3C_xAwRAIgAebK3XD9xrUYRKfWv3eERKsMsj7L5TibY-ZUuAEyMs0CIA1s7mBrG7wYIQsUxIlI_PzWRwec_FGXz-XwVxH_5AIB", "fragment_base_url": "https://r5---sn-5njj-u2xe.googlevideo.com/videoplayback/expire/1613497627/ei/u7ArYPH5KMH8qAHXiLmQCQ/ip/140.109.135.76/id/2ba3850f1054dfbd/itag/139/source/youtube/requiressl/yes/mh/vq/mm/31,29/mn/sn-5njj-u2xe,sn-un57sn7s/ms/au,rdu/mv/m/mvi/5/pcm2cms/yes/pl/16/initcwndbps/363750/vprv/1/ratebypass/yes/mime/audio%2Fmp4/otfp/1/gir/yes/clen/1928594/lmt/1606756128987861/dur/316.162/mt/1613475655/fvip/5/keepalive/yes/sparams/expire,ei,ip,id,itag,source,requiressl,vprv,ratebypass,mime,otfp,gir,clen,lmt,dur/sig/AOq0QJ8wRQIgeAo1yrXNax9wF83S1Sor6Tp86NIAmx7mbRmlNzRM1icCIQCIi0-Aw78LensCzNDXGmfW59zO6Rxq1EWX7YMkeSRYpw%3D%3D/lsparams/mh,mm,mn,ms,mv,mvi,pcm2cms,pl,initcwndbps/lsig/AG3C_xAwRQIgSbVYAVTwyVSNkEfRLEq6L0qetAmU_ubkE1K_hzsyScYCIQCNRVWBZOKQWzvTucbo0YYnPpz1I3HnErc5-GLxRyor0w%3D%3D/", "fragments": [{"path": "range/0-640"}, {"path": "range/1057-62638", "duration": 9.985}, {"path": "range/62639-123335", "duration": 9.984}, {"path": "range/123336-184376", "duration": 9.985}, {"path": "range/184377-245090", "duration": 9.984}, {"path": "range/245091-306009", "duration": 9.985}, {"path": "range/306010-366846", "duration": 9.984}, {"path": "range/366847-427698", "duration": 9.985}, {"path": "range/427699-488679", "duration": 9.985}, {"path": "range/488680-549486", "duration": 9.984}, {"path": "range/549487-610312", "duration": 9.985}, {"path": "range/610313-671097", "duration": 9.984}, {"path": "range/671098-732081", "duration": 9.985}, {"path": "range/732082-792967", "duration": 9.985}, {"path": "range/792968-853796", "duration": 9.984}, {"path": "range/853797-914706", "duration": 9.985}, {"path": "range/914707-975621", "duration": 9.984}, {"path": "range/975622-1036448", "duration": 9.985}, {"path": "range/1036449-1097203", "duration": 9.984}, {"path": "range/1097204-1158091", "duration": 9.985}, {"path": "range/1158092-1219015", "duration": 9.985}, {"path": "range/1219016-1279898", "duration": 9.984}, {"path": "range/1279899-1340861", "duration": 9.985}, {"path": "range/1340862-1401751", "duration": 9.984}, {"path": "range/1401752-1462521", "duration": 9.985}, {"path": "range/1462522-1523368", "duration": 9.984}, {"path": "range/1523369-1584442", "duration": 9.985}, {"path": "range/1584443-1645281", "duration": 9.985}, {"path": "range/1645282-1706148", "duration": 9.984}, {"path": "range/1706149-1766966", "duration": 9.985}, {"path": "range/1766967-1827857", "duration": 9.984}, {"path": "range/1827858-1888606", "duration": 9.985}, {"path": "range/1888607-1928593", "duration": 6.641}], "protocol": "http_dash_segments", "format": "139 - audio only (DASH audio)", "http_headers": {"User-Agent": "Mozilla/5.0 (Windows NT 10.0; Win64; x64) AppleWebKit/537.36 (KHTML, like Gecko) Chrome/74.0.3729.24 Safari/537.36", "Accept-Charset": "ISO-8859-1,utf-8;q=0.7,*;q=0.7", "Accept": "text/html,application/xhtml+xml,application/xml;q=0.9,*/*;q=0.8", "Accept-Encoding": "gzip, deflate", "Accept-Language": "en-us,en;q=0.5"}}, {"ext": "m4a", "format_note": "DASH audio", "acodec": "mp4a.40.2", "abr": 128, "container": "m4a_dash", "format_id": "140", "manifest_url": "https://manifest.googlevideo.com/api/manifest/dash/expire/1613497627/ei/u7ArYPH5KMH8qAHXiLmQCQ/ip/140.109.135.76/id/2ba3850f1054dfbd/source/youtube/requiressl/yes/playback_host/r5---sn-5njj-u2xe.googlevideo.com/mh/vq/mm/31%2C29/mn/sn-5njj-u2xe%2Csn-un57sn7s/ms/au%2Crdu/mv/m/mvi/5/pcm2cms/yes/pl/16/hfr/all/as/fmp4_audio_clear%2Cwebm_audio_clear%2Cwebm2_audio_clear%2Cfmp4_sd_hd_clear%2Cwebm2_sd_hd_clear/initcwndbps/363750/vprv/1/mt/1613475655/fvip/5/keepalive/yes/itag/0/sparams/expire%2Cei%2Cip%2Cid%2Csource%2Crequiressl%2Chfr%2Cas%2Cvprv%2Citag/sig/AOq0QJ8wRAIgAwJ8hQFxZn1G4F2aXqrDOWUTqAO84tqNrihFIeUGCrQCIHBveqg1K0XBlrnytkO_NPGk7AGiEezUu7psgZ5e0a4m/lsparams/playback_host%2Cmh%2Cmm%2Cmn%2Cms%2Cmv%2Cmvi%2Cpcm2cms%2Cpl%2Cinitcwndbps/lsig/AG3C_xAwRAIgAebK3XD9xrUYRKfWv3eERKsMsj7L5TibY-ZUuAEyMs0CIA1s7mBrG7wYIQsUxIlI_PzWRwec_FGXz-XwVxH_5AIB", "width": null, "height": null, "tbr": 130.546, "asr": 44100, "fps": null, "language": null, "filesize": null, "vcodec": "none", "url": "https://manifest.googlevideo.com/api/manifest/dash/expire/1613497627/ei/u7ArYPH5KMH8qAHXiLmQCQ/ip/140.109.135.76/id/2ba3850f1054dfbd/source/youtube/requiressl/yes/playback_host/r5---sn-5njj-u2xe.googlevideo.com/mh/vq/mm/31%2C29/mn/sn-5njj-u2xe%2Csn-un57sn7s/ms/au%2Crdu/mv/m/mvi/5/pcm2cms/yes/pl/16/hfr/all/as/fmp4_audio_clear%2Cwebm_audio_clear%2Cwebm2_audio_clear%2Cfmp4_sd_hd_clear%2Cwebm2_sd_hd_clear/initcwndbps/363750/vprv/1/mt/1613475655/fvip/5/keepalive/yes/itag/0/sparams/expire%2Cei%2Cip%2Cid%2Csource%2Crequiressl%2Chfr%2Cas%2Cvprv%2Citag/sig/AOq0QJ8wRAIgAwJ8hQFxZn1G4F2aXqrDOWUTqAO84tqNrihFIeUGCrQCIHBveqg1K0XBlrnytkO_NPGk7AGiEezUu7psgZ5e0a4m/lsparams/playback_host%2Cmh%2Cmm%2Cmn%2Cms%2Cmv%2Cmvi%2Cpcm2cms%2Cpl%2Cinitcwndbps/lsig/AG3C_xAwRAIgAebK3XD9xrUYRKfWv3eERKsMsj7L5TibY-ZUuAEyMs0CIA1s7mBrG7wYIQsUxIlI_PzWRwec_FGXz-XwVxH_5AIB", "fragment_base_url": "https://r5---sn-5njj-u2xe.googlevideo.com/videoplayback/expire/1613497627/ei/u7ArYPH5KMH8qAHXiLmQCQ/ip/140.109.135.76/id/2ba3850f1054dfbd/itag/140/source/youtube/requiressl/yes/mh/vq/mm/31,29/mn/sn-5njj-u2xe,sn-un57sn7s/ms/au,rdu/mv/m/mvi/5/pcm2cms/yes/pl/16/initcwndbps/363750/vprv/1/ratebypass/yes/mime/audio%2Fmp4/otfp/1/gir/yes/clen/5115944/lmt/1606756128986732/dur/316.070/mt/1613475655/fvip/5/keepalive/yes/sparams/expire,ei,ip,id,itag,source,requiressl,vprv,ratebypass,mime,otfp,gir,clen,lmt,dur/sig/AOq0QJ8wRQIgSagcj_oNvk-yXKbfffW7vad0OJKJZo9vnIPcLP6TL9wCIQD6Pw4FzT1AUhAmS6Rpru2HJ2Vgwe8CEromvvk96XE0lA%3D%3D/lsparams/mh,mm,mn,ms,mv,mvi,pcm2cms,pl,initcwndbps/lsig/AG3C_xAwRQIhAInhggxqGSXbyblE4nc73iIRZPHWQwDG0gm7fdD7V-qTAiBnIFssMyr4lQuEjztX595tRhkf_V3NZCZzeh-rQ7l0jQ%3D%3D/", "fragments": [{"path": "range/0-631"}, {"path": "range/1048-162937", "duration": 9.985}, {"path": "range/162938-324496", "duration": 9.984}, {"path": "range/324497-486109", "duration": 9.985}, {"path": "range/486110-647745", "duration": 9.984}, {"path": "range/647746-809333", "duration": 9.985}, {"path": "range/809334-970843", "duration": 9.984}, {"path": "range/970844-1132336", "duration": 9.985}, {"path": "range/1132337-1293892", "duration": 9.985}, {"path": "range/1293893-1455463", "duration": 9.984}, {"path": "range/1455464-1616984", "duration": 9.985}, {"path": "range/1616985-1778591", "duration": 9.984}, {"path": "range/1778592-1940340", "duration": 9.985}, {"path": "range/1940341-2101810", "duration": 9.985}, {"path": "range/2101811-2263452", "duration": 9.984}, {"path": "range/2263453-2425028", "duration": 9.985}, {"path": "range/2425029-2586629", "duration": 9.984}, {"path": "range/2586630-2748119", "duration": 9.985}, {"path": "range/2748120-2909640", "duration": 9.984}, {"path": "range/2909641-3071230", "duration": 9.985}, {"path": "range/3071231-3232892", "duration": 9.985}, {"path": "range/3232893-3394400", "duration": 9.984}, {"path": "range/3394401-3556169", "duration": 9.985}, {"path": "range/3556170-3717623", "duration": 9.984}, {"path": "range/3717624-3879097", "duration": 9.985}, {"path": "range/3879098-4040694", "duration": 9.984}, {"path": "range/4040695-4202396", "duration": 9.985}, {"path": "range/4202397-4364044", "duration": 9.985}, {"path": "range/4364045-4525512", "duration": 9.984}, {"path": "range/4525513-4687228", "duration": 9.985}, {"path": "range/4687229-4848699", "duration": 9.984}, {"path": "range/4848700-5010262", "duration": 9.985}, {"path": "range/5010263-5115943", "duration": 6.641}], "protocol": "http_dash_segments", "format": "140 - audio only (DASH audio)", "http_headers": {"User-Agent": "Mozilla/5.0 (Windows NT 10.0; Win64; x64) AppleWebKit/537.36 (KHTML, like Gecko) Chrome/74.0.3729.24 Safari/537.36", "Accept-Charset": "ISO-8859-1,utf-8;q=0.7,*;q=0.7", "Accept": "text/html,application/xhtml+xml,application/xml;q=0.9,*/*;q=0.8", "Accept-Encoding": "gzip, deflate", "Accept-Language": "en-us,en;q=0.5"}}, {"ext": "webm", "format_note": "DASH audio", "acodec": "opus", "abr": 160, "format_id": "251", "manifest_url": "https://manifest.googlevideo.com/api/manifest/dash/expire/1613497627/ei/u7ArYPH5KMH8qAHXiLmQCQ/ip/140.109.135.76/id/2ba3850f1054dfbd/source/youtube/requiressl/yes/playback_host/r5---sn-5njj-u2xe.googlevideo.com/mh/vq/mm/31%2C29/mn/sn-5njj-u2xe%2Csn-un57sn7s/ms/au%2Crdu/mv/m/mvi/5/pcm2cms/yes/pl/16/hfr/all/as/fmp4_audio_clear%2Cwebm_audio_clear%2Cwebm2_audio_clear%2Cfmp4_sd_hd_clear%2Cwebm2_sd_hd_clear/initcwndbps/363750/vprv/1/mt/1613475655/fvip/5/keepalive/yes/itag/0/sparams/expire%2Cei%2Cip%2Cid%2Csource%2Crequiressl%2Chfr%2Cas%2Cvprv%2Citag/sig/AOq0QJ8wRAIgAwJ8hQFxZn1G4F2aXqrDOWUTqAO84tqNrihFIeUGCrQCIHBveqg1K0XBlrnytkO_NPGk7AGiEezUu7psgZ5e0a4m/lsparams/playback_host%2Cmh%2Cmm%2Cmn%2Cms%2Cmv%2Cmvi%2Cpcm2cms%2Cpl%2Cinitcwndbps/lsig/AG3C_xAwRAIgAebK3XD9xrUYRKfWv3eERKsMsj7L5TibY-ZUuAEyMs0CIA1s7mBrG7wYIQsUxIlI_PzWRwec_FGXz-XwVxH_5AIB", "width": null, "height": null, "tbr": 160.485, "asr": 48000, "fps": null, "language": null, "filesize": null, "container": "webm_dash", "vcodec": "none", "url": "https://manifest.googlevideo.com/api/manifest/dash/expire/1613497627/ei/u7ArYPH5KMH8qAHXiLmQCQ/ip/140.109.135.76/id/2ba3850f1054dfbd/source/youtube/requiressl/yes/playback_host/r5---sn-5njj-u2xe.googlevideo.com/mh/vq/mm/31%2C29/mn/sn-5njj-u2xe%2Csn-un57sn7s/ms/au%2Crdu/mv/m/mvi/5/pcm2cms/yes/pl/16/hfr/all/as/fmp4_audio_clear%2Cwebm_audio_clear%2Cwebm2_audio_clear%2Cfmp4_sd_hd_clear%2Cwebm2_sd_hd_clear/initcwndbps/363750/vprv/1/mt/1613475655/fvip/5/keepalive/yes/itag/0/sparams/expire%2Cei%2Cip%2Cid%2Csource%2Crequiressl%2Chfr%2Cas%2Cvprv%2Citag/sig/AOq0QJ8wRAIgAwJ8hQFxZn1G4F2aXqrDOWUTqAO84tqNrihFIeUGCrQCIHBveqg1K0XBlrnytkO_NPGk7AGiEezUu7psgZ5e0a4m/lsparams/playback_host%2Cmh%2Cmm%2Cmn%2Cms%2Cmv%2Cmvi%2Cpcm2cms%2Cpl%2Cinitcwndbps/lsig/AG3C_xAwRAIgAebK3XD9xrUYRKfWv3eERKsMsj7L5TibY-ZUuAEyMs0CIA1s7mBrG7wYIQsUxIlI_PzWRwec_FGXz-XwVxH_5AIB", "fragment_base_url": "https://r5---sn-5njj-u2xe.googlevideo.com/videoplayback/expire/1613497627/ei/u7ArYPH5KMH8qAHXiLmQCQ/ip/140.109.135.76/id/2ba3850f1054dfbd/itag/251/source/youtube/requiressl/yes/mh/vq/mm/31,29/mn/sn-5njj-u2xe,sn-un57sn7s/ms/au,rdu/mv/m/mvi/5/pcm2cms/yes/pl/16/initcwndbps/363750/vprv/1/ratebypass/yes/mime/audio%2Fwebm/otfp/1/gir/yes/clen/5983682/lmt/1606756121962039/dur/316.041/mt/1613475655/fvip/5/keepalive/yes/sparams/expire,ei,ip,id,itag,source,requiressl,vprv,ratebypass,mime,otfp,gir,clen,lmt,dur/sig/AOq0QJ8wRQIgVf_7Wd-j1_wQ0o48F34Z5ozFtppM7TWzumUSVzjnrDECIQDH4zufA7NnOTmpBJ_oYta1wh8pWJL1minRKnuJtGMXpA%3D%3D/lsparams/mh,mm,mn,ms,mv,mvi,pcm2cms,pl,initcwndbps/lsig/AG3C_xAwRAIgJ0nhm97_WDM0Go18zE9jPdipRf-lxZuwuluY6BdcU6QCICULJ8csy6zuUha4m20344-2NHhhKiKoTJL284ff8lLh/", "fragments": [{"path": "range/0-258"}, {"path": "range/800-157543", "duration": 10.001}, {"path": "range/157544-353564", "duration": 10.0}, {"path": "range/353565-539499", "duration": 10.0}, {"path": "range/539500-727332", "duration": 10.0}, {"path": "range/727333-921398", "duration": 10.0}, {"path": "range/921399-1118929", "duration": 10.0}, {"path": "range/1118930-1319536", "duration": 10.0}, {"path": "range/1319537-1506849", "duration": 10.0}, {"path": "range/1506850-1691303", "duration": 10.0}, {"path": "range/1691304-1878781", "duration": 10.0}, {"path": "range/1878782-2061933", "duration": 10.0}, {"path": "range/2061934-2252359", "duration": 10.0}, {"path": "range/2252360-2435830", "duration": 10.0}, {"path": "range/2435831-2631740", "duration": 10.0}, {"path": "range/2631741-2824832", "duration": 10.0}, {"path": "range/2824833-3016601", "duration": 10.0}, {"path": "range/3016602-3199404", "duration": 10.0}, {"path": "range/3199405-3384383", "duration": 10.0}, {"path": "range/3384384-3576727", "duration": 10.0}, {"path": "range/3576728-3764866", "duration": 10.0}, {"path": "range/3764867-3958042", "duration": 10.0}, {"path": "range/3958043-4153845", "duration": 10.0}, {"path": "range/4153846-4346985", "duration": 10.0}, {"path": "range/4346986-4542318", "duration": 10.0}, {"path": "range/4542319-4737456", "duration": 10.0}, {"path": "range/4737457-4935761", "duration": 10.0}, {"path": "range/4935762-5131105", "duration": 10.0}, {"path": "range/5131106-5327263", "duration": 10.0}, {"path": "range/5327264-5520038", "duration": 10.0}, {"path": "range/5520039-5717879", "duration": 10.0}, {"path": "range/5717880-5895659", "duration": 10.0}, {"path": "range/5895660-5983681", "duration": 6.04}], "protocol": "http_dash_segments", "format": "251 - audio only (DASH audio)", "http_headers": {"User-Agent": "Mozilla/5.0 (Windows NT 10.0; Win64; x64) AppleWebKit/537.36 (KHTML, like Gecko) Chrome/74.0.3729.24 Safari/537.36", "Accept-Charset": "ISO-8859-1,utf-8;q=0.7,*;q=0.7", "Accept": "text/html,application/xhtml+xml,application/xml;q=0.9,*/*;q=0.8", "Accept-Encoding": "gzip, deflate", "Accept-Language": "en-us,en;q=0.5"}}, {"ext": "webm", "height": 144, "format_note": "DASH video", "container": "webm_dash", "vcodec": "vp9", "format_id": "278", "manifest_url": "https://manifest.googlevideo.com/api/manifest/dash/expire/1613497627/ei/u7ArYPH5KMH8qAHXiLmQCQ/ip/140.109.135.76/id/2ba3850f1054dfbd/source/youtube/requiressl/yes/playback_host/r5---sn-5njj-u2xe.googlevideo.com/mh/vq/mm/31%2C29/mn/sn-5njj-u2xe%2Csn-un57sn7s/ms/au%2Crdu/mv/m/mvi/5/pcm2cms/yes/pl/16/hfr/all/as/fmp4_audio_clear%2Cwebm_audio_clear%2Cwebm2_audio_clear%2Cfmp4_sd_hd_clear%2Cwebm2_sd_hd_clear/initcwndbps/363750/vprv/1/mt/1613475655/fvip/5/keepalive/yes/itag/0/sparams/expire%2Cei%2Cip%2Cid%2Csource%2Crequiressl%2Chfr%2Cas%2Cvprv%2Citag/sig/AOq0QJ8wRAIgAwJ8hQFxZn1G4F2aXqrDOWUTqAO84tqNrihFIeUGCrQCIHBveqg1K0XBlrnytkO_NPGk7AGiEezUu7psgZ5e0a4m/lsparams/playback_host%2Cmh%2Cmm%2Cmn%2Cms%2Cmv%2Cmvi%2Cpcm2cms%2Cpl%2Cinitcwndbps/lsig/AG3C_xAwRAIgAebK3XD9xrUYRKfWv3eERKsMsj7L5TibY-ZUuAEyMs0CIA1s7mBrG7wYIQsUxIlI_PzWRwec_FGXz-XwVxH_5AIB", "width": 256, "tbr": 95.0, "asr": null, "fps": 30, "language": null, "filesize": null, "acodec": "none", "url": "https://manifest.googlevideo.com/api/manifest/dash/expire/1613497627/ei/u7ArYPH5KMH8qAHXiLmQCQ/ip/140.109.135.76/id/2ba3850f1054dfbd/source/youtube/requiressl/yes/playback_host/r5---sn-5njj-u2xe.googlevideo.com/mh/vq/mm/31%2C29/mn/sn-5njj-u2xe%2Csn-un57sn7s/ms/au%2Crdu/mv/m/mvi/5/pcm2cms/yes/pl/16/hfr/all/as/fmp4_audio_clear%2Cwebm_audio_clear%2Cwebm2_audio_clear%2Cfmp4_sd_hd_clear%2Cwebm2_sd_hd_clear/initcwndbps/363750/vprv/1/mt/1613475655/fvip/5/keepalive/yes/itag/0/sparams/expire%2Cei%2Cip%2Cid%2Csource%2Crequiressl%2Chfr%2Cas%2Cvprv%2Citag/sig/AOq0QJ8wRAIgAwJ8hQFxZn1G4F2aXqrDOWUTqAO84tqNrihFIeUGCrQCIHBveqg1K0XBlrnytkO_NPGk7AGiEezUu7psgZ5e0a4m/lsparams/playback_host%2Cmh%2Cmm%2Cmn%2Cms%2Cmv%2Cmvi%2Cpcm2cms%2Cpl%2Cinitcwndbps/lsig/AG3C_xAwRAIgAebK3XD9xrUYRKfWv3eERKsMsj7L5TibY-ZUuAEyMs0CIA1s7mBrG7wYIQsUxIlI_PzWRwec_FGXz-XwVxH_5AIB", "fragment_base_url": "https://r5---sn-5njj-u2xe.googlevideo.com/videoplayback/expire/1613497627/ei/u7ArYPH5KMH8qAHXiLmQCQ/ip/140.109.135.76/id/2ba3850f1054dfbd/itag/278/source/yt_otf/requiressl/yes/mh/vq/mm/31,29/mn/sn-5njj-u2xe,sn-un57sn7s/ms/au,rdu/mv/m/mvi/5/pcm2cms/yes/pl/16/initcwndbps/363750/vprv/1/ratebypass/yes/mime/video%2Fwebm/otfp/1/otf/1/lmt/1606756127078150/mt/1613475655/fvip/5/keepalive/yes/sparams/expire,ei,ip,id,itag,source,requiressl,vprv,ratebypass,mime,otfp,otf,lmt/sig/AOq0QJ8wRQIgVAdfg96j6DdKWNLXt0gQ9E615fjKtIYu1t1CD1ETD4wCIQCTE1MOhuZCqRB9EZwyhl5bn5sXnL0p1CbHcAml3pTfgg%3D%3D/lsparams/mh,mm,mn,ms,mv,mvi,pcm2cms,pl,initcwndbps/lsig/AG3C_xAwRQIgdRiiCvaPRm1cyGtbrluHiUuoZPIMiaR6ek2naPn-UHcCIQDeFQIjJeHRTZ5ryXJmkxvxNYCeHuKGBhiKr3eHGHv-Qw%3D%3D/", "fragments": [{"path": "sq/0"}, {"path": "sq/1/dur/5.339", "duration": 5.339}, {"path": "sq/2/dur/5.338", "duration": 5.338}, {"path": "sq/3/dur/5.339", "duration": 5.339}, {"path": "sq/4/dur/5.339", "duration": 5.339}, {"path": "sq/5/dur/5.338", "duration": 5.338}, {"path": "sq/6/dur/5.339", "duration": 5.339}, {"path": "sq/7/dur/5.339", "duration": 5.339}, {"path": "sq/8/dur/5.338", "duration": 5.338}, {"path": "sq/9/dur/5.339", "duration": 5.339}, {"path": "sq/10/dur/5.339", "duration": 5.339}, {"path": "sq/11/dur/5.338", "duration": 5.338}, {"path": "sq/12/dur/5.339", "duration": 5.339}, {"path": "sq/13/dur/5.339", "duration": 5.339}, {"path": "sq/14/dur/5.338", "duration": 5.338}, {"path": "sq/15/dur/5.339", "duration": 5.339}, {"path": "sq/16/dur/5.339", "duration": 5.339}, {"path": "sq/17/dur/5.338", "duration": 5.338}, {"path": "sq/18/dur/5.339", "duration": 5.339}, {"path": "sq/19/dur/5.339", "duration": 5.339}, {"path": "sq/20/dur/5.338", "duration": 5.338}, {"path": "sq/21/dur/5.339", "duration": 5.339}, {"path": "sq/22/dur/5.339", "duration": 5.339}, {"path": "sq/23/dur/5.338", "duration": 5.338}, {"path": "sq/24/dur/5.339", "duration": 5.339}, {"path": "sq/25/dur/5.339", "duration": 5.339}, {"path": "sq/26/dur/5.338", "duration": 5.338}, {"path": "sq/27/dur/5.339", "duration": 5.339}, {"path": "sq/28/dur/5.339", "duration": 5.339}, {"path": "sq/29/dur/5.338", "duration": 5.338}, {"path": "sq/30/dur/5.339", "duration": 5.339}, {"path": "sq/31/dur/5.339", "duration": 5.339}, {"path": "sq/32/dur/5.338", "duration": 5.338}, {"path": "sq/33/dur/5.339", "duration": 5.339}, {"path": "sq/34/dur/5.339", "duration": 5.339}, {"path": "sq/35/dur/5.338", "duration": 5.338}, {"path": "sq/36/dur/5.339", "duration": 5.339}, {"path": "sq/37/dur/5.339", "duration": 5.339}, {"path": "sq/38/dur/5.338", "duration": 5.338}, {"path": "sq/39/dur/5.339", "duration": 5.339}, {"path": "sq/40/dur/5.339", "duration": 5.339}, {"path": "sq/41/dur/5.338", "duration": 5.338}, {"path": "sq/42/dur/5.339", "duration": 5.339}, {"path": "sq/43/dur/5.339", "duration": 5.339}, {"path": "sq/44/dur/5.338", "duration": 5.338}, {"path": "sq/45/dur/5.339", "duration": 5.339}, {"path": "sq/46/dur/5.339", "duration": 5.339}, {"path": "sq/47/dur/5.338", "duration": 5.338}, {"path": "sq/48/dur/5.339", "duration": 5.339}, {"path": "sq/49/dur/5.339", "duration": 5.339}, {"path": "sq/50/dur/5.338", "duration": 5.338}, {"path": "sq/51/dur/5.339", "duration": 5.339}, {"path": "sq/52/dur/5.339", "duration": 5.339}, {"path": "sq/53/dur/5.338", "duration": 5.338}, {"path": "sq/54/dur/5.339", "duration": 5.339}, {"path": "sq/55/dur/5.339", "duration": 5.339}, {"path": "sq/56/dur/5.338", "duration": 5.338}, {"path": "sq/57/dur/5.339", "duration": 5.339}, {"path": "sq/58/dur/5.339", "duration": 5.339}, {"path": "sq/59/dur/5.338", "duration": 5.338}, {"path": "sq/60/dur/1.034", "duration": 1.034}], "protocol": "http_dash_segments", "format": "278 - 256x144 (DASH video)", "http_headers": {"User-Agent": "Mozilla/5.0 (Windows NT 10.0; Win64; x64) AppleWebKit/537.36 (KHTML, like Gecko) Chrome/74.0.3729.24 Safari/537.36", "Accept-Charset": "ISO-8859-1,utf-8;q=0.7,*;q=0.7", "Accept": "text/html,application/xhtml+xml,application/xml;q=0.9,*/*;q=0.8", "Accept-Encoding": "gzip, deflate", "Accept-Language": "en-us,en;q=0.5"}}, {"ext": "mp4", "height": 144, "format_note": "DASH video", "vcodec": "avc1.4d400b", "format_id": "160", "manifest_url": "https://manifest.googlevideo.com/api/manifest/dash/expire/1613497627/ei/u7ArYPH5KMH8qAHXiLmQCQ/ip/140.109.135.76/id/2ba3850f1054dfbd/source/youtube/requiressl/yes/playback_host/r5---sn-5njj-u2xe.googlevideo.com/mh/vq/mm/31%2C29/mn/sn-5njj-u2xe%2Csn-un57sn7s/ms/au%2Crdu/mv/m/mvi/5/pcm2cms/yes/pl/16/hfr/all/as/fmp4_audio_clear%2Cwebm_audio_clear%2Cwebm2_audio_clear%2Cfmp4_sd_hd_clear%2Cwebm2_sd_hd_clear/initcwndbps/363750/vprv/1/mt/1613475655/fvip/5/keepalive/yes/itag/0/sparams/expire%2Cei%2Cip%2Cid%2Csource%2Crequiressl%2Chfr%2Cas%2Cvprv%2Citag/sig/AOq0QJ8wRAIgAwJ8hQFxZn1G4F2aXqrDOWUTqAO84tqNrihFIeUGCrQCIHBveqg1K0XBlrnytkO_NPGk7AGiEezUu7psgZ5e0a4m/lsparams/playback_host%2Cmh%2Cmm%2Cmn%2Cms%2Cmv%2Cmvi%2Cpcm2cms%2Cpl%2Cinitcwndbps/lsig/AG3C_xAwRAIgAebK3XD9xrUYRKfWv3eERKsMsj7L5TibY-ZUuAEyMs0CIA1s7mBrG7wYIQsUxIlI_PzWRwec_FGXz-XwVxH_5AIB", "width": 256, "tbr": 108.0, "asr": null, "fps": 30, "language": null, "filesize": null, "container": "mp4_dash", "acodec": "none", "url": "https://manifest.googlevideo.com/api/manifest/dash/expire/1613497627/ei/u7ArYPH5KMH8qAHXiLmQCQ/ip/140.109.135.76/id/2ba3850f1054dfbd/source/youtube/requiressl/yes/playback_host/r5---sn-5njj-u2xe.googlevideo.com/mh/vq/mm/31%2C29/mn/sn-5njj-u2xe%2Csn-un57sn7s/ms/au%2Crdu/mv/m/mvi/5/pcm2cms/yes/pl/16/hfr/all/as/fmp4_audio_clear%2Cwebm_audio_clear%2Cwebm2_audio_clear%2Cfmp4_sd_hd_clear%2Cwebm2_sd_hd_clear/initcwndbps/363750/vprv/1/mt/1613475655/fvip/5/keepalive/yes/itag/0/sparams/expire%2Cei%2Cip%2Cid%2Csource%2Crequiressl%2Chfr%2Cas%2Cvprv%2Citag/sig/AOq0QJ8wRAIgAwJ8hQFxZn1G4F2aXqrDOWUTqAO84tqNrihFIeUGCrQCIHBveqg1K0XBlrnytkO_NPGk7AGiEezUu7psgZ5e0a4m/lsparams/playback_host%2Cmh%2Cmm%2Cmn%2Cms%2Cmv%2Cmvi%2Cpcm2cms%2Cpl%2Cinitcwndbps/lsig/AG3C_xAwRAIgAebK3XD9xrUYRKfWv3eERKsMsj7L5TibY-ZUuAEyMs0CIA1s7mBrG7wYIQsUxIlI_PzWRwec_FGXz-XwVxH_5AIB", "fragment_base_url": "https://r5---sn-5njj-u2xe.googlevideo.com/videoplayback/expire/1613497627/ei/u7ArYPH5KMH8qAHXiLmQCQ/ip/140.109.135.76/id/2ba3850f1054dfbd/itag/160/source/yt_otf/requiressl/yes/mh/vq/mm/31,29/mn/sn-5njj-u2xe,sn-un57sn7s/ms/au,rdu/mv/m/mvi/5/pcm2cms/yes/pl/16/initcwndbps/363750/vprv/1/ratebypass/yes/mime/video%2Fmp4/otfp/1/otf/1/lmt/1606756127078150/mt/1613475655/fvip/5/keepalive/yes/sparams/expire,ei,ip,id,itag,source,requiressl,vprv,ratebypass,mime,otfp,otf,lmt/sig/AOq0QJ8wRgIhAL2uoq9_yTSxujiXYTRg7v6keZA8-nT3zPe1ktHpzV2qAiEAwcl2vrlLu2Or1ERaa6cKmR7TuqI8605Yw1V9DyxoXTs%3D/lsparams/mh,mm,mn,ms,mv,mvi,pcm2cms,pl,initcwndbps/lsig/AG3C_xAwRQIhALq-9gXsJY-HC-qtsqwiedBh7i7w8kVB9Kka6QlDrwOYAiAxi8ELR3lJ90EM58TBU_Lbthg65fPz3GKQ9aYDMqwjIQ%3D%3D/", "fragments": [{"path": "sq/0"}, {"path": "sq/1/dur/5.339", "duration": 5.339}, {"path": "sq/2/dur/5.338", "duration": 5.338}, {"path": "sq/3/dur/5.339", "duration": 5.339}, {"path": "sq/4/dur/5.339", "duration": 5.339}, {"path": "sq/5/dur/5.338", "duration": 5.338}, {"path": "sq/6/dur/5.339", "duration": 5.339}, {"path": "sq/7/dur/5.339", "duration": 5.339}, {"path": "sq/8/dur/5.338", "duration": 5.338}, {"path": "sq/9/dur/5.339", "duration": 5.339}, {"path": "sq/10/dur/5.339", "duration": 5.339}, {"path": "sq/11/dur/5.338", "duration": 5.338}, {"path": "sq/12/dur/5.339", "duration": 5.339}, {"path": "sq/13/dur/5.339", "duration": 5.339}, {"path": "sq/14/dur/5.338", "duration": 5.338}, {"path": "sq/15/dur/5.339", "duration": 5.339}, {"path": "sq/16/dur/5.339", "duration": 5.339}, {"path": "sq/17/dur/5.338", "duration": 5.338}, {"path": "sq/18/dur/5.339", "duration": 5.339}, {"path": "sq/19/dur/5.339", "duration": 5.339}, {"path": "sq/20/dur/5.338", "duration": 5.338}, {"path": "sq/21/dur/5.339", "duration": 5.339}, {"path": "sq/22/dur/5.339", "duration": 5.339}, {"path": "sq/23/dur/5.338", "duration": 5.338}, {"path": "sq/24/dur/5.339", "duration": 5.339}, {"path": "sq/25/dur/5.339", "duration": 5.339}, {"path": "sq/26/dur/5.338", "duration": 5.338}, {"path": "sq/27/dur/5.339", "duration": 5.339}, {"path": "sq/28/dur/5.339", "duration": 5.339}, {"path": "sq/29/dur/5.338", "duration": 5.338}, {"path": "sq/30/dur/5.339", "duration": 5.339}, {"path": "sq/31/dur/5.339", "duration": 5.339}, {"path": "sq/32/dur/5.338", "duration": 5.338}, {"path": "sq/33/dur/5.339", "duration": 5.339}, {"path": "sq/34/dur/5.339", "duration": 5.339}, {"path": "sq/35/dur/5.338", "duration": 5.338}, {"path": "sq/36/dur/5.339", "duration": 5.339}, {"path": "sq/37/dur/5.339", "duration": 5.339}, {"path": "sq/38/dur/5.338", "duration": 5.338}, {"path": "sq/39/dur/5.339", "duration": 5.339}, {"path": "sq/40/dur/5.339", "duration": 5.339}, {"path": "sq/41/dur/5.338", "duration": 5.338}, {"path": "sq/42/dur/5.339", "duration": 5.339}, {"path": "sq/43/dur/5.339", "duration": 5.339}, {"path": "sq/44/dur/5.338", "duration": 5.338}, {"path": "sq/45/dur/5.339", "duration": 5.339}, {"path": "sq/46/dur/5.339", "duration": 5.339}, {"path": "sq/47/dur/5.338", "duration": 5.338}, {"path": "sq/48/dur/5.339", "duration": 5.339}, {"path": "sq/49/dur/5.339", "duration": 5.339}, {"path": "sq/50/dur/5.338", "duration": 5.338}, {"path": "sq/51/dur/5.339", "duration": 5.339}, {"path": "sq/52/dur/5.339", "duration": 5.339}, {"path": "sq/53/dur/5.338", "duration": 5.338}, {"path": "sq/54/dur/5.339", "duration": 5.339}, {"path": "sq/55/dur/5.339", "duration": 5.339}, {"path": "sq/56/dur/5.338", "duration": 5.338}, {"path": "sq/57/dur/5.339", "duration": 5.339}, {"path": "sq/58/dur/5.339", "duration": 5.339}, {"path": "sq/59/dur/5.338", "duration": 5.338}, {"path": "sq/60/dur/1.034", "duration": 1.034}], "protocol": "http_dash_segments", "format": "160 - 256x144 (DASH video)", "http_headers": {"User-Agent": "Mozilla/5.0 (Windows NT 10.0; Win64; x64) AppleWebKit/537.36 (KHTML, like Gecko) Chrome/74.0.3729.24 Safari/537.36", "Accept-Charset": "ISO-8859-1,utf-8;q=0.7,*;q=0.7", "Accept": "text/html,application/xhtml+xml,application/xml;q=0.9,*/*;q=0.8", "Accept-Encoding": "gzip, deflate", "Accept-Language": "en-us,en;q=0.5"}}, {"ext": "mp4", "height": 360, "format_note": "DASH video", "vcodec": "avc1.4d401e", "format_id": "134", "manifest_url": "https://manifest.googlevideo.com/api/manifest/dash/expire/1613497627/ei/u7ArYPH5KMH8qAHXiLmQCQ/ip/140.109.135.76/id/2ba3850f1054dfbd/source/youtube/requiressl/yes/playback_host/r5---sn-5njj-u2xe.googlevideo.com/mh/vq/mm/31%2C29/mn/sn-5njj-u2xe%2Csn-un57sn7s/ms/au%2Crdu/mv/m/mvi/5/pcm2cms/yes/pl/16/hfr/all/as/fmp4_audio_clear%2Cwebm_audio_clear%2Cwebm2_audio_clear%2Cfmp4_sd_hd_clear%2Cwebm2_sd_hd_clear/initcwndbps/363750/vprv/1/mt/1613475655/fvip/5/keepalive/yes/itag/0/sparams/expire%2Cei%2Cip%2Cid%2Csource%2Crequiressl%2Chfr%2Cas%2Cvprv%2Citag/sig/AOq0QJ8wRAIgAwJ8hQFxZn1G4F2aXqrDOWUTqAO84tqNrihFIeUGCrQCIHBveqg1K0XBlrnytkO_NPGk7AGiEezUu7psgZ5e0a4m/lsparams/playback_host%2Cmh%2Cmm%2Cmn%2Cms%2Cmv%2Cmvi%2Cpcm2cms%2Cpl%2Cinitcwndbps/lsig/AG3C_xAwRAIgAebK3XD9xrUYRKfWv3eERKsMsj7L5TibY-ZUuAEyMs0CIA1s7mBrG7wYIQsUxIlI_PzWRwec_FGXz-XwVxH_5AIB", "width": 640, "tbr": 142.367, "asr": null, "fps": 30, "language": null, "filesize": null, "container": "mp4_dash", "acodec": "none", "url": "https://manifest.googlevideo.com/api/manifest/dash/expire/1613497627/ei/u7ArYPH5KMH8qAHXiLmQCQ/ip/140.109.135.76/id/2ba3850f1054dfbd/source/youtube/requiressl/yes/playback_host/r5---sn-5njj-u2xe.googlevideo.com/mh/vq/mm/31%2C29/mn/sn-5njj-u2xe%2Csn-un57sn7s/ms/au%2Crdu/mv/m/mvi/5/pcm2cms/yes/pl/16/hfr/all/as/fmp4_audio_clear%2Cwebm_audio_clear%2Cwebm2_audio_clear%2Cfmp4_sd_hd_clear%2Cwebm2_sd_hd_clear/initcwndbps/363750/vprv/1/mt/1613475655/fvip/5/keepalive/yes/itag/0/sparams/expire%2Cei%2Cip%2Cid%2Csource%2Crequiressl%2Chfr%2Cas%2Cvprv%2Citag/sig/AOq0QJ8wRAIgAwJ8hQFxZn1G4F2aXqrDOWUTqAO84tqNrihFIeUGCrQCIHBveqg1K0XBlrnytkO_NPGk7AGiEezUu7psgZ5e0a4m/lsparams/playback_host%2Cmh%2Cmm%2Cmn%2Cms%2Cmv%2Cmvi%2Cpcm2cms%2Cpl%2Cinitcwndbps/lsig/AG3C_xAwRAIgAebK3XD9xrUYRKfWv3eERKsMsj7L5TibY-ZUuAEyMs0CIA1s7mBrG7wYIQsUxIlI_PzWRwec_FGXz-XwVxH_5AIB", "fragment_base_url": "https://r5---sn-5njj-u2xe.googlevideo.com/videoplayback/expire/1613497627/ei/u7ArYPH5KMH8qAHXiLmQCQ/ip/140.109.135.76/id/2ba3850f1054dfbd/itag/134/source/youtube/requiressl/yes/mh/vq/mm/31,29/mn/sn-5njj-u2xe,sn-un57sn7s/ms/au,rdu/mv/m/mvi/5/pcm2cms/yes/pl/16/initcwndbps/363750/vprv/1/ratebypass/yes/mime/video%2Fmp4/otfp/1/gir/yes/clen/1916572/lmt/1606756127078307/dur/316.015/mt/1613475655/fvip/5/keepalive/yes/sparams/expire,ei,ip,id,itag,source,requiressl,vprv,ratebypass,mime,otfp,gir,clen,lmt,dur/sig/AOq0QJ8wRgIhAKuy64DwV56BSOw0KnTWubRBdzKNSCfgvEnXy_O3qOxEAiEAnkyKB0Tl4A7Vt0B8xYDJAf4LlUlOXPool7LRYKDMXPA%3D/lsparams/mh,mm,mn,ms,mv,mvi,pcm2cms,pl,initcwndbps/lsig/AG3C_xAwRAIgc2Zhw70FByrOY1TMfyC9wn6v5PNqzCYVBaNhjewxr_UCIEbUmGvhWS73oHliBsdq3oq3uPvdES3TpO97sHopYwt4/", "fragments": [{"path": "range/0-738"}, {"path": "range/1491-25441", "duration": 5.339}, {"path": "range/25442-50979", "duration": 5.338}, {"path": "range/50980-78261", "duration": 5.339}, {"path": "range/78262-104222", "duration": 5.339}, {"path": "range/104223-131064", "duration": 5.338}, {"path": "range/131065-160803", "duration": 5.339}, {"path": "range/160804-188629", "duration": 5.339}, {"path": "range/188630-217095", "duration": 5.338}, {"path": "range/217096-246474", "duration": 5.339}, {"path": "range/246475-276429", "duration": 5.339}, {"path": "range/276430-306892", "duration": 5.338}, {"path": "range/306893-337767", "duration": 5.339}, {"path": "range/337768-368697", "duration": 5.339}, {"path": "range/368698-400041", "duration": 5.338}, {"path": "range/400042-431596", "duration": 5.339}, {"path": "range/431597-463083", "duration": 5.339}, {"path": "range/463084-494578", "duration": 5.338}, {"path": "range/494579-526621", "duration": 5.339}, {"path": "range/526622-558304", "duration": 5.339}, {"path": "range/558305-590274", "duration": 5.338}, {"path": "range/590275-622533", "duration": 5.339}, {"path": "range/622534-655017", "duration": 5.339}, {"path": "range/655018-687611", "duration": 5.338}, {"path": "range/687612-720604", "duration": 5.339}, {"path": "range/720605-753317", "duration": 5.339}, {"path": "range/753318-786255", "duration": 5.338}, {"path": "range/786256-819443", "duration": 5.339}, {"path": "range/819444-852586", "duration": 5.339}, {"path": "range/852587-885858", "duration": 5.338}, {"path": "range/885859-919202", "duration": 5.339}, {"path": "range/919203-952704", "duration": 5.339}, {"path": "range/952705-986025", "duration": 5.338}, {"path": "range/986026-1019603", "duration": 5.339}, {"path": "range/1019604-1053053", "duration": 5.339}, {"path": "range/1053054-1086896", "duration": 5.338}, {"path": "range/1086897-1120537", "duration": 5.339}, {"path": "range/1120538-1154119", "duration": 5.339}, {"path": "range/1154120-1188083", "duration": 5.338}, {"path": "range/1188084-1222219", "duration": 5.339}, {"path": "range/1222220-1256168", "duration": 5.339}, {"path": "range/1256169-1290380", "duration": 5.338}, {"path": "range/1290381-1324624", "duration": 5.339}, {"path": "range/1324625-1359193", "duration": 5.339}, {"path": "range/1359194-1394273", "duration": 5.338}, {"path": "range/1394274-1429322", "duration": 5.339}, {"path": "range/1429323-1464530", "duration": 5.339}, {"path": "range/1464531-1499549", "duration": 5.338}, {"path": "range/1499550-1534756", "duration": 5.339}, {"path": "range/1534757-1569712", "duration": 5.339}, {"path": "range/1569713-1604851", "duration": 5.338}, {"path": "range/1604852-1640098", "duration": 5.339}, {"path": "range/1640099-1675107", "duration": 5.339}, {"path": "range/1675108-1709401", "duration": 5.338}, {"path": "range/1709402-1743073", "duration": 5.339}, {"path": "range/1743074-1775944", "duration": 5.339}, {"path": "range/1775945-1808081", "duration": 5.338}, {"path": "range/1808082-1839640", "duration": 5.339}, {"path": "range/1839641-1870014", "duration": 5.339}, {"path": "range/1870015-1898170", "duration": 5.338}, {"path": "range/1898171-1916571", "duration": 1.034}], "protocol": "http_dash_segments", "format": "134 - 640x360 (DASH video)", "http_headers": {"User-Agent": "Mozilla/5.0 (Windows NT 10.0; Win64; x64) AppleWebKit/537.36 (KHTML, like Gecko) Chrome/74.0.3729.24 Safari/537.36", "Accept-Charset": "ISO-8859-1,utf-8;q=0.7,*;q=0.7", "Accept": "text/html,application/xhtml+xml,application/xml;q=0.9,*/*;q=0.8", "Accept-Encoding": "gzip, deflate", "Accept-Language": "en-us,en;q=0.5"}}, {"ext": "webm", "height": 240, "format_note": "DASH video", "vcodec": "vp9", "format_id": "242", "manifest_url": "https://manifest.googlevideo.com/api/manifest/dash/expire/1613497627/ei/u7ArYPH5KMH8qAHXiLmQCQ/ip/140.109.135.76/id/2ba3850f1054dfbd/source/youtube/requiressl/yes/playback_host/r5---sn-5njj-u2xe.googlevideo.com/mh/vq/mm/31%2C29/mn/sn-5njj-u2xe%2Csn-un57sn7s/ms/au%2Crdu/mv/m/mvi/5/pcm2cms/yes/pl/16/hfr/all/as/fmp4_audio_clear%2Cwebm_audio_clear%2Cwebm2_audio_clear%2Cfmp4_sd_hd_clear%2Cwebm2_sd_hd_clear/initcwndbps/363750/vprv/1/mt/1613475655/fvip/5/keepalive/yes/itag/0/sparams/expire%2Cei%2Cip%2Cid%2Csource%2Crequiressl%2Chfr%2Cas%2Cvprv%2Citag/sig/AOq0QJ8wRAIgAwJ8hQFxZn1G4F2aXqrDOWUTqAO84tqNrihFIeUGCrQCIHBveqg1K0XBlrnytkO_NPGk7AGiEezUu7psgZ5e0a4m/lsparams/playback_host%2Cmh%2Cmm%2Cmn%2Cms%2Cmv%2Cmvi%2Cpcm2cms%2Cpl%2Cinitcwndbps/lsig/AG3C_xAwRAIgAebK3XD9xrUYRKfWv3eERKsMsj7L5TibY-ZUuAEyMs0CIA1s7mBrG7wYIQsUxIlI_PzWRwec_FGXz-XwVxH_5AIB", "width": 426, "tbr": 220.5, "asr": null, "fps": 30, "language": null, "filesize": null, "container": "webm_dash", "acodec": "none", "url": "https://manifest.googlevideo.com/api/manifest/dash/expire/1613497627/ei/u7ArYPH5KMH8qAHXiLmQCQ/ip/140.109.135.76/id/2ba3850f1054dfbd/source/youtube/requiressl/yes/playback_host/r5---sn-5njj-u2xe.googlevideo.com/mh/vq/mm/31%2C29/mn/sn-5njj-u2xe%2Csn-un57sn7s/ms/au%2Crdu/mv/m/mvi/5/pcm2cms/yes/pl/16/hfr/all/as/fmp4_audio_clear%2Cwebm_audio_clear%2Cwebm2_audio_clear%2Cfmp4_sd_hd_clear%2Cwebm2_sd_hd_clear/initcwndbps/363750/vprv/1/mt/1613475655/fvip/5/keepalive/yes/itag/0/sparams/expire%2Cei%2Cip%2Cid%2Csource%2Crequiressl%2Chfr%2Cas%2Cvprv%2Citag/sig/AOq0QJ8wRAIgAwJ8hQFxZn1G4F2aXqrDOWUTqAO84tqNrihFIeUGCrQCIHBveqg1K0XBlrnytkO_NPGk7AGiEezUu7psgZ5e0a4m/lsparams/playback_host%2Cmh%2Cmm%2Cmn%2Cms%2Cmv%2Cmvi%2Cpcm2cms%2Cpl%2Cinitcwndbps/lsig/AG3C_xAwRAIgAebK3XD9xrUYRKfWv3eERKsMsj7L5TibY-ZUuAEyMs0CIA1s7mBrG7wYIQsUxIlI_PzWRwec_FGXz-XwVxH_5AIB", "fragment_base_url": "https://r5---sn-5njj-u2xe.googlevideo.com/videoplayback/expire/1613497627/ei/u7ArYPH5KMH8qAHXiLmQCQ/ip/140.109.135.76/id/2ba3850f1054dfbd/itag/242/source/yt_otf/requiressl/yes/mh/vq/mm/31,29/mn/sn-5njj-u2xe,sn-un57sn7s/ms/au,rdu/mv/m/mvi/5/pcm2cms/yes/pl/16/initcwndbps/363750/vprv/1/ratebypass/yes/mime/video%2Fwebm/otfp/1/otf/1/lmt/1606756127078150/mt/1613475655/fvip/5/keepalive/yes/sparams/expire,ei,ip,id,itag,source,requiressl,vprv,ratebypass,mime,otfp,otf,lmt/sig/AOq0QJ8wRQIhAIXowehqqKA0NBWFqL50IJ7oXji9TJ1-X46KzNti1PyMAiAFORR1KOL8bSf2Go46_hDeiwqZfNAvIlLQERZ3yiK-Ig%3D%3D/lsparams/mh,mm,mn,ms,mv,mvi,pcm2cms,pl,initcwndbps/lsig/AG3C_xAwRAIgIvSgkrGMRMDHmQXx6RZSb4WQElvvodCwYXuziVYexocCIBLdwtVM3wtG2SFkyK7QLPoQuWU7p2yeq8lkpDvHWFTG/", "fragments": [{"path": "sq/0"}, {"path": "sq/1/dur/5.339", "duration": 5.339}, {"path": "sq/2/dur/5.338", "duration": 5.338}, {"path": "sq/3/dur/5.339", "duration": 5.339}, {"path": "sq/4/dur/5.339", "duration": 5.339}, {"path": "sq/5/dur/5.338", "duration": 5.338}, {"path": "sq/6/dur/5.339", "duration": 5.339}, {"path": "sq/7/dur/5.339", "duration": 5.339}, {"path": "sq/8/dur/5.338", "duration": 5.338}, {"path": "sq/9/dur/5.339", "duration": 5.339}, {"path": "sq/10/dur/5.339", "duration": 5.339}, {"path": "sq/11/dur/5.338", "duration": 5.338}, {"path": "sq/12/dur/5.339", "duration": 5.339}, {"path": "sq/13/dur/5.339", "duration": 5.339}, {"path": "sq/14/dur/5.338", "duration": 5.338}, {"path": "sq/15/dur/5.339", "duration": 5.339}, {"path": "sq/16/dur/5.339", "duration": 5.339}, {"path": "sq/17/dur/5.338", "duration": 5.338}, {"path": "sq/18/dur/5.339", "duration": 5.339}, {"path": "sq/19/dur/5.339", "duration": 5.339}, {"path": "sq/20/dur/5.338", "duration": 5.338}, {"path": "sq/21/dur/5.339", "duration": 5.339}, {"path": "sq/22/dur/5.339", "duration": 5.339}, {"path": "sq/23/dur/5.338", "duration": 5.338}, {"path": "sq/24/dur/5.339", "duration": 5.339}, {"path": "sq/25/dur/5.339", "duration": 5.339}, {"path": "sq/26/dur/5.338", "duration": 5.338}, {"path": "sq/27/dur/5.339", "duration": 5.339}, {"path": "sq/28/dur/5.339", "duration": 5.339}, {"path": "sq/29/dur/5.338", "duration": 5.338}, {"path": "sq/30/dur/5.339", "duration": 5.339}, {"path": "sq/31/dur/5.339", "duration": 5.339}, {"path": "sq/32/dur/5.338", "duration": 5.338}, {"path": "sq/33/dur/5.339", "duration": 5.339}, {"path": "sq/34/dur/5.339", "duration": 5.339}, {"path": "sq/35/dur/5.338", "duration": 5.338}, {"path": "sq/36/dur/5.339", "duration": 5.339}, {"path": "sq/37/dur/5.339", "duration": 5.339}, {"path": "sq/38/dur/5.338", "duration": 5.338}, {"path": "sq/39/dur/5.339", "duration": 5.339}, {"path": "sq/40/dur/5.339", "duration": 5.339}, {"path": "sq/41/dur/5.338", "duration": 5.338}, {"path": "sq/42/dur/5.339", "duration": 5.339}, {"path": "sq/43/dur/5.339", "duration": 5.339}, {"path": "sq/44/dur/5.338", "duration": 5.338}, {"path": "sq/45/dur/5.339", "duration": 5.339}, {"path": "sq/46/dur/5.339", "duration": 5.339}, {"path": "sq/47/dur/5.338", "duration": 5.338}, {"path": "sq/48/dur/5.339", "duration": 5.339}, {"path": "sq/49/dur/5.339", "duration": 5.339}, {"path": "sq/50/dur/5.338", "duration": 5.338}, {"path": "sq/51/dur/5.339", "duration": 5.339}, {"path": "sq/52/dur/5.339", "duration": 5.339}, {"path": "sq/53/dur/5.338", "duration": 5.338}, {"path": "sq/54/dur/5.339", "duration": 5.339}, {"path": "sq/55/dur/5.339", "duration": 5.339}, {"path": "sq/56/dur/5.338", "duration": 5.338}, {"path": "sq/57/dur/5.339", "duration": 5.339}, {"path": "sq/58/dur/5.339", "duration": 5.339}, {"path": "sq/59/dur/5.338", "duration": 5.338}, {"path": "sq/60/dur/1.034", "duration": 1.034}], "protocol": "http_dash_segments", "format": "242 - 426x240 (DASH video)", "http_headers": {"User-Agent": "Mozilla/5.0 (Windows NT 10.0; Win64; x64) AppleWebKit/537.36 (KHTML, like Gecko) Chrome/74.0.3729.24 Safari/537.36", "Accept-Charset": "ISO-8859-1,utf-8;q=0.7,*;q=0.7", "Accept": "text/html,application/xhtml+xml,application/xml;q=0.9,*/*;q=0.8", "Accept-Encoding": "gzip, deflate", "Accept-Language": "en-us,en;q=0.5"}}, {"ext": "mp4", "height": 240, "format_note": "DASH video", "vcodec": "avc1.4d400c", "format_id": "133", "manifest_url": "https://manifest.googlevideo.com/api/manifest/dash/expire/1613497627/ei/u7ArYPH5KMH8qAHXiLmQCQ/ip/140.109.135.76/id/2ba3850f1054dfbd/source/youtube/requiressl/yes/playback_host/r5---sn-5njj-u2xe.googlevideo.com/mh/vq/mm/31%2C29/mn/sn-5njj-u2xe%2Csn-un57sn7s/ms/au%2Crdu/mv/m/mvi/5/pcm2cms/yes/pl/16/hfr/all/as/fmp4_audio_clear%2Cwebm_audio_clear%2Cwebm2_audio_clear%2Cfmp4_sd_hd_clear%2Cwebm2_sd_hd_clear/initcwndbps/363750/vprv/1/mt/1613475655/fvip/5/keepalive/yes/itag/0/sparams/expire%2Cei%2Cip%2Cid%2Csource%2Crequiressl%2Chfr%2Cas%2Cvprv%2Citag/sig/AOq0QJ8wRAIgAwJ8hQFxZn1G4F2aXqrDOWUTqAO84tqNrihFIeUGCrQCIHBveqg1K0XBlrnytkO_NPGk7AGiEezUu7psgZ5e0a4m/lsparams/playback_host%2Cmh%2Cmm%2Cmn%2Cms%2Cmv%2Cmvi%2Cpcm2cms%2Cpl%2Cinitcwndbps/lsig/AG3C_xAwRAIgAebK3XD9xrUYRKfWv3eERKsMsj7L5TibY-ZUuAEyMs0CIA1s7mBrG7wYIQsUxIlI_PzWRwec_FGXz-XwVxH_5AIB", "width": 426, "tbr": 242.0, "asr": null, "fps": 30, "language": null, "filesize": null, "container": "mp4_dash", "acodec": "none", "url": "https://manifest.googlevideo.com/api/manifest/dash/expire/1613497627/ei/u7ArYPH5KMH8qAHXiLmQCQ/ip/140.109.135.76/id/2ba3850f1054dfbd/source/youtube/requiressl/yes/playback_host/r5---sn-5njj-u2xe.googlevideo.com/mh/vq/mm/31%2C29/mn/sn-5njj-u2xe%2Csn-un57sn7s/ms/au%2Crdu/mv/m/mvi/5/pcm2cms/yes/pl/16/hfr/all/as/fmp4_audio_clear%2Cwebm_audio_clear%2Cwebm2_audio_clear%2Cfmp4_sd_hd_clear%2Cwebm2_sd_hd_clear/initcwndbps/363750/vprv/1/mt/1613475655/fvip/5/keepalive/yes/itag/0/sparams/expire%2Cei%2Cip%2Cid%2Csource%2Crequiressl%2Chfr%2Cas%2Cvprv%2Citag/sig/AOq0QJ8wRAIgAwJ8hQFxZn1G4F2aXqrDOWUTqAO84tqNrihFIeUGCrQCIHBveqg1K0XBlrnytkO_NPGk7AGiEezUu7psgZ5e0a4m/lsparams/playback_host%2Cmh%2Cmm%2Cmn%2Cms%2Cmv%2Cmvi%2Cpcm2cms%2Cpl%2Cinitcwndbps/lsig/AG3C_xAwRAIgAebK3XD9xrUYRKfWv3eERKsMsj7L5TibY-ZUuAEyMs0CIA1s7mBrG7wYIQsUxIlI_PzWRwec_FGXz-XwVxH_5AIB", "fragment_base_url": "https://r5---sn-5njj-u2xe.googlevideo.com/videoplayback/expire/1613497627/ei/u7ArYPH5KMH8qAHXiLmQCQ/ip/140.109.135.76/id/2ba3850f1054dfbd/itag/133/source/yt_otf/requiressl/yes/mh/vq/mm/31,29/mn/sn-5njj-u2xe,sn-un57sn7s/ms/au,rdu/mv/m/mvi/5/pcm2cms/yes/pl/16/initcwndbps/363750/vprv/1/ratebypass/yes/mime/video%2Fmp4/otfp/1/otf/1/lmt/1606756127078150/mt/1613475655/fvip/5/keepalive/yes/sparams/expire,ei,ip,id,itag,source,requiressl,vprv,ratebypass,mime,otfp,otf,lmt/sig/AOq0QJ8wRQIhALcl9memhQYtlmN6tQY4_3HKNqMFQcW_L_1_DiucHhS-AiBO2m3gxqtCM6DNWEJib2IYHs_XpARBmfAsY2_ArU_7NA%3D%3D/lsparams/mh,mm,mn,ms,mv,mvi,pcm2cms,pl,initcwndbps/lsig/AG3C_xAwRQIhAM88ppZsC4_wR7TMAhk-3dRJUn4VwLm7baYqZE_jWIIDAiA72rB2m40Q6lXhBwF0tpwAB_44lHRKfwR-EYaGEWoSQQ%3D%3D/", "fragments": [{"path": "sq/0"}, {"path": "sq/1/dur/5.339", "duration": 5.339}, {"path": "sq/2/dur/5.338", "duration": 5.338}, {"path": "sq/3/dur/5.339", "duration": 5.339}, {"path": "sq/4/dur/5.339", "duration": 5.339}, {"path": "sq/5/dur/5.338", "duration": 5.338}, {"path": "sq/6/dur/5.339", "duration": 5.339}, {"path": "sq/7/dur/5.339", "duration": 5.339}, {"path": "sq/8/dur/5.338", "duration": 5.338}, {"path": "sq/9/dur/5.339", "duration": 5.339}, {"path": "sq/10/dur/5.339", "duration": 5.339}, {"path": "sq/11/dur/5.338", "duration": 5.338}, {"path": "sq/12/dur/5.339", "duration": 5.339}, {"path": "sq/13/dur/5.339", "duration": 5.339}, {"path": "sq/14/dur/5.338", "duration": 5.338}, {"path": "sq/15/dur/5.339", "duration": 5.339}, {"path": "sq/16/dur/5.339", "duration": 5.339}, {"path": "sq/17/dur/5.338", "duration": 5.338}, {"path": "sq/18/dur/5.339", "duration": 5.339}, {"path": "sq/19/dur/5.339", "duration": 5.339}, {"path": "sq/20/dur/5.338", "duration": 5.338}, {"path": "sq/21/dur/5.339", "duration": 5.339}, {"path": "sq/22/dur/5.339", "duration": 5.339}, {"path": "sq/23/dur/5.338", "duration": 5.338}, {"path": "sq/24/dur/5.339", "duration": 5.339}, {"path": "sq/25/dur/5.339", "duration": 5.339}, {"path": "sq/26/dur/5.338", "duration": 5.338}, {"path": "sq/27/dur/5.339", "duration": 5.339}, {"path": "sq/28/dur/5.339", "duration": 5.339}, {"path": "sq/29/dur/5.338", "duration": 5.338}, {"path": "sq/30/dur/5.339", "duration": 5.339}, {"path": "sq/31/dur/5.339", "duration": 5.339}, {"path": "sq/32/dur/5.338", "duration": 5.338}, {"path": "sq/33/dur/5.339", "duration": 5.339}, {"path": "sq/34/dur/5.339", "duration": 5.339}, {"path": "sq/35/dur/5.338", "duration": 5.338}, {"path": "sq/36/dur/5.339", "duration": 5.339}, {"path": "sq/37/dur/5.339", "duration": 5.339}, {"path": "sq/38/dur/5.338", "duration": 5.338}, {"path": "sq/39/dur/5.339", "duration": 5.339}, {"path": "sq/40/dur/5.339", "duration": 5.339}, {"path": "sq/41/dur/5.338", "duration": 5.338}, {"path": "sq/42/dur/5.339", "duration": 5.339}, {"path": "sq/43/dur/5.339", "duration": 5.339}, {"path": "sq/44/dur/5.338", "duration": 5.338}, {"path": "sq/45/dur/5.339", "duration": 5.339}, {"path": "sq/46/dur/5.339", "duration": 5.339}, {"path": "sq/47/dur/5.338", "duration": 5.338}, {"path": "sq/48/dur/5.339", "duration": 5.339}, {"path": "sq/49/dur/5.339", "duration": 5.339}, {"path": "sq/50/dur/5.338", "duration": 5.338}, {"path": "sq/51/dur/5.339", "duration": 5.339}, {"path": "sq/52/dur/5.339", "duration": 5.339}, {"path": "sq/53/dur/5.338", "duration": 5.338}, {"path": "sq/54/dur/5.339", "duration": 5.339}, {"path": "sq/55/dur/5.339", "duration": 5.339}, {"path": "sq/56/dur/5.338", "duration": 5.338}, {"path": "sq/57/dur/5.339", "duration": 5.339}, {"path": "sq/58/dur/5.339", "duration": 5.339}, {"path": "sq/59/dur/5.338", "duration": 5.338}, {"path": "sq/60/dur/1.034", "duration": 1.034}], "protocol": "http_dash_segments", "format": "133 - 426x240 (DASH video)", "http_headers": {"User-Agent": "Mozilla/5.0 (Windows NT 10.0; Win64; x64) AppleWebKit/537.36 (KHTML, like Gecko) Chrome/74.0.3729.24 Safari/537.36", "Accept-Charset": "ISO-8859-1,utf-8;q=0.7,*;q=0.7", "Accept": "text/html,application/xhtml+xml,application/xml;q=0.9,*/*;q=0.8", "Accept-Encoding": "gzip, deflate", "Accept-Language": "en-us,en;q=0.5"}}, {"ext": "webm", "height": 360, "format_note": "DASH video", "vcodec": "vp9", "format_id": "243", "manifest_url": "https://manifest.googlevideo.com/api/manifest/dash/expire/1613497627/ei/u7ArYPH5KMH8qAHXiLmQCQ/ip/140.109.135.76/id/2ba3850f1054dfbd/source/youtube/requiressl/yes/playback_host/r5---sn-5njj-u2xe.googlevideo.com/mh/vq/mm/31%2C29/mn/sn-5njj-u2xe%2Csn-un57sn7s/ms/au%2Crdu/mv/m/mvi/5/pcm2cms/yes/pl/16/hfr/all/as/fmp4_audio_clear%2Cwebm_audio_clear%2Cwebm2_audio_clear%2Cfmp4_sd_hd_clear%2Cwebm2_sd_hd_clear/initcwndbps/363750/vprv/1/mt/1613475655/fvip/5/keepalive/yes/itag/0/sparams/expire%2Cei%2Cip%2Cid%2Csource%2Crequiressl%2Chfr%2Cas%2Cvprv%2Citag/sig/AOq0QJ8wRAIgAwJ8hQFxZn1G4F2aXqrDOWUTqAO84tqNrihFIeUGCrQCIHBveqg1K0XBlrnytkO_NPGk7AGiEezUu7psgZ5e0a4m/lsparams/playback_host%2Cmh%2Cmm%2Cmn%2Cms%2Cmv%2Cmvi%2Cpcm2cms%2Cpl%2Cinitcwndbps/lsig/AG3C_xAwRAIgAebK3XD9xrUYRKfWv3eERKsMsj7L5TibY-ZUuAEyMs0CIA1s7mBrG7wYIQsUxIlI_PzWRwec_FGXz-XwVxH_5AIB", "width": 640, "tbr": 405.72, "asr": null, "fps": 30, "language": null, "filesize": null, "container": "webm_dash", "acodec": "none", "url": "https://manifest.googlevideo.com/api/manifest/dash/expire/1613497627/ei/u7ArYPH5KMH8qAHXiLmQCQ/ip/140.109.135.76/id/2ba3850f1054dfbd/source/youtube/requiressl/yes/playback_host/r5---sn-5njj-u2xe.googlevideo.com/mh/vq/mm/31%2C29/mn/sn-5njj-u2xe%2Csn-un57sn7s/ms/au%2Crdu/mv/m/mvi/5/pcm2cms/yes/pl/16/hfr/all/as/fmp4_audio_clear%2Cwebm_audio_clear%2Cwebm2_audio_clear%2Cfmp4_sd_hd_clear%2Cwebm2_sd_hd_clear/initcwndbps/363750/vprv/1/mt/1613475655/fvip/5/keepalive/yes/itag/0/sparams/expire%2Cei%2Cip%2Cid%2Csource%2Crequiressl%2Chfr%2Cas%2Cvprv%2Citag/sig/AOq0QJ8wRAIgAwJ8hQFxZn1G4F2aXqrDOWUTqAO84tqNrihFIeUGCrQCIHBveqg1K0XBlrnytkO_NPGk7AGiEezUu7psgZ5e0a4m/lsparams/playback_host%2Cmh%2Cmm%2Cmn%2Cms%2Cmv%2Cmvi%2Cpcm2cms%2Cpl%2Cinitcwndbps/lsig/AG3C_xAwRAIgAebK3XD9xrUYRKfWv3eERKsMsj7L5TibY-ZUuAEyMs0CIA1s7mBrG7wYIQsUxIlI_PzWRwec_FGXz-XwVxH_5AIB", "fragment_base_url": "https://r5---sn-5njj-u2xe.googlevideo.com/videoplayback/expire/1613497627/ei/u7ArYPH5KMH8qAHXiLmQCQ/ip/140.109.135.76/id/2ba3850f1054dfbd/itag/243/source/yt_otf/requiressl/yes/mh/vq/mm/31,29/mn/sn-5njj-u2xe,sn-un57sn7s/ms/au,rdu/mv/m/mvi/5/pcm2cms/yes/pl/16/initcwndbps/363750/vprv/1/ratebypass/yes/mime/video%2Fwebm/otfp/1/otf/1/lmt/1606756127078150/mt/1613475655/fvip/5/keepalive/yes/sparams/expire,ei,ip,id,itag,source,requiressl,vprv,ratebypass,mime,otfp,otf,lmt/sig/AOq0QJ8wRQIhANbUTfIVsGyyxCkco1FvSRxnj16eX6PTf---6rN0-o2AAiBCDxOmEe2cOXezUhHBtFqjpehrKECJjTrCJO4AaIGN8g%3D%3D/lsparams/mh,mm,mn,ms,mv,mvi,pcm2cms,pl,initcwndbps/lsig/AG3C_xAwRQIhAMYy7J_Ju6myu5-Ry4Ik4PrWxZ6RGgHuQ0IVg8iu0OA2AiBLZHiU5pD2jhyAB1o3FutV8WADnVcge3n_85dwMogRcw%3D%3D/", "fragments": [{"path": "sq/0"}, {"path": "sq/1/dur/5.339", "duration": 5.339}, {"path": "sq/2/dur/5.338", "duration": 5.338}, {"path": "sq/3/dur/5.339", "duration": 5.339}, {"path": "sq/4/dur/5.339", "duration": 5.339}, {"path": "sq/5/dur/5.338", "duration": 5.338}, {"path": "sq/6/dur/5.339", "duration": 5.339}, {"path": "sq/7/dur/5.339", "duration": 5.339}, {"path": "sq/8/dur/5.338", "duration": 5.338}, {"path": "sq/9/dur/5.339", "duration": 5.339}, {"path": "sq/10/dur/5.339", "duration": 5.339}, {"path": "sq/11/dur/5.338", "duration": 5.338}, {"path": "sq/12/dur/5.339", "duration": 5.339}, {"path": "sq/13/dur/5.339", "duration": 5.339}, {"path": "sq/14/dur/5.338", "duration": 5.338}, {"path": "sq/15/dur/5.339", "duration": 5.339}, {"path": "sq/16/dur/5.339", "duration": 5.339}, {"path": "sq/17/dur/5.338", "duration": 5.338}, {"path": "sq/18/dur/5.339", "duration": 5.339}, {"path": "sq/19/dur/5.339", "duration": 5.339}, {"path": "sq/20/dur/5.338", "duration": 5.338}, {"path": "sq/21/dur/5.339", "duration": 5.339}, {"path": "sq/22/dur/5.339", "duration": 5.339}, {"path": "sq/23/dur/5.338", "duration": 5.338}, {"path": "sq/24/dur/5.339", "duration": 5.339}, {"path": "sq/25/dur/5.339", "duration": 5.339}, {"path": "sq/26/dur/5.338", "duration": 5.338}, {"path": "sq/27/dur/5.339", "duration": 5.339}, {"path": "sq/28/dur/5.339", "duration": 5.339}, {"path": "sq/29/dur/5.338", "duration": 5.338}, {"path": "sq/30/dur/5.339", "duration": 5.339}, {"path": "sq/31/dur/5.339", "duration": 5.339}, {"path": "sq/32/dur/5.338", "duration": 5.338}, {"path": "sq/33/dur/5.339", "duration": 5.339}, {"path": "sq/34/dur/5.339", "duration": 5.339}, {"path": "sq/35/dur/5.338", "duration": 5.338}, {"path": "sq/36/dur/5.339", "duration": 5.339}, {"path": "sq/37/dur/5.339", "duration": 5.339}, {"path": "sq/38/dur/5.338", "duration": 5.338}, {"path": "sq/39/dur/5.339", "duration": 5.339}, {"path": "sq/40/dur/5.339", "duration": 5.339}, {"path": "sq/41/dur/5.338", "duration": 5.338}, {"path": "sq/42/dur/5.339", "duration": 5.339}, {"path": "sq/43/dur/5.339", "duration": 5.339}, {"path": "sq/44/dur/5.338", "duration": 5.338}, {"path": "sq/45/dur/5.339", "duration": 5.339}, {"path": "sq/46/dur/5.339", "duration": 5.339}, {"path": "sq/47/dur/5.338", "duration": 5.338}, {"path": "sq/48/dur/5.339", "duration": 5.339}, {"path": "sq/49/dur/5.339", "duration": 5.339}, {"path": "sq/50/dur/5.338", "duration": 5.338}, {"path": "sq/51/dur/5.339", "duration": 5.339}, {"path": "sq/52/dur/5.339", "duration": 5.339}, {"path": "sq/53/dur/5.338", "duration": 5.338}, {"path": "sq/54/dur/5.339", "duration": 5.339}, {"path": "sq/55/dur/5.339", "duration": 5.339}, {"path": "sq/56/dur/5.338", "duration": 5.338}, {"path": "sq/57/dur/5.339", "duration": 5.339}, {"path": "sq/58/dur/5.339", "duration": 5.339}, {"path": "sq/59/dur/5.338", "duration": 5.338}, {"path": "sq/60/dur/1.034", "duration": 1.034}], "protocol": "http_dash_segments", "format": "243 - 640x360 (DASH video)", "http_headers": {"User-Agent": "Mozilla/5.0 (Windows NT 10.0; Win64; x64) AppleWebKit/537.36 (KHTML, like Gecko) Chrome/74.0.3729.24 Safari/537.36", "Accept-Charset": "ISO-8859-1,utf-8;q=0.7,*;q=0.7", "Accept": "text/html,application/xhtml+xml,application/xml;q=0.9,*/*;q=0.8", "Accept-Encoding": "gzip, deflate", "Accept-Language": "en-us,en;q=0.5"}}, {"ext": "webm", "height": 480, "format_note": "DASH video", "vcodec": "vp9", "format_id": "244", "manifest_url": "https://manifest.googlevideo.com/api/manifest/dash/expire/1613497627/ei/u7ArYPH5KMH8qAHXiLmQCQ/ip/140.109.135.76/id/2ba3850f1054dfbd/source/youtube/requiressl/yes/playback_host/r5---sn-5njj-u2xe.googlevideo.com/mh/vq/mm/31%2C29/mn/sn-5njj-u2xe%2Csn-un57sn7s/ms/au%2Crdu/mv/m/mvi/5/pcm2cms/yes/pl/16/hfr/all/as/fmp4_audio_clear%2Cwebm_audio_clear%2Cwebm2_audio_clear%2Cfmp4_sd_hd_clear%2Cwebm2_sd_hd_clear/initcwndbps/363750/vprv/1/mt/1613475655/fvip/5/keepalive/yes/itag/0/sparams/expire%2Cei%2Cip%2Cid%2Csource%2Crequiressl%2Chfr%2Cas%2Cvprv%2Citag/sig/AOq0QJ8wRAIgAwJ8hQFxZn1G4F2aXqrDOWUTqAO84tqNrihFIeUGCrQCIHBveqg1K0XBlrnytkO_NPGk7AGiEezUu7psgZ5e0a4m/lsparams/playback_host%2Cmh%2Cmm%2Cmn%2Cms%2Cmv%2Cmvi%2Cpcm2cms%2Cpl%2Cinitcwndbps/lsig/AG3C_xAwRAIgAebK3XD9xrUYRKfWv3eERKsMsj7L5TibY-ZUuAEyMs0CIA1s7mBrG7wYIQsUxIlI_PzWRwec_FGXz-XwVxH_5AIB", "width": 854, "tbr": 752.64, "asr": null, "fps": 30, "language": null, "filesize": null, "container": "webm_dash", "acodec": "none", "url": "https://manifest.googlevideo.com/api/manifest/dash/expire/1613497627/ei/u7ArYPH5KMH8qAHXiLmQCQ/ip/140.109.135.76/id/2ba3850f1054dfbd/source/youtube/requiressl/yes/playback_host/r5---sn-5njj-u2xe.googlevideo.com/mh/vq/mm/31%2C29/mn/sn-5njj-u2xe%2Csn-un57sn7s/ms/au%2Crdu/mv/m/mvi/5/pcm2cms/yes/pl/16/hfr/all/as/fmp4_audio_clear%2Cwebm_audio_clear%2Cwebm2_audio_clear%2Cfmp4_sd_hd_clear%2Cwebm2_sd_hd_clear/initcwndbps/363750/vprv/1/mt/1613475655/fvip/5/keepalive/yes/itag/0/sparams/expire%2Cei%2Cip%2Cid%2Csource%2Crequiressl%2Chfr%2Cas%2Cvprv%2Citag/sig/AOq0QJ8wRAIgAwJ8hQFxZn1G4F2aXqrDOWUTqAO84tqNrihFIeUGCrQCIHBveqg1K0XBlrnytkO_NPGk7AGiEezUu7psgZ5e0a4m/lsparams/playback_host%2Cmh%2Cmm%2Cmn%2Cms%2Cmv%2Cmvi%2Cpcm2cms%2Cpl%2Cinitcwndbps/lsig/AG3C_xAwRAIgAebK3XD9xrUYRKfWv3eERKsMsj7L5TibY-ZUuAEyMs0CIA1s7mBrG7wYIQsUxIlI_PzWRwec_FGXz-XwVxH_5AIB", "fragment_base_url": "https://r5---sn-5njj-u2xe.googlevideo.com/videoplayback/expire/1613497627/ei/u7ArYPH5KMH8qAHXiLmQCQ/ip/140.109.135.76/id/2ba3850f1054dfbd/itag/244/source/yt_otf/requiressl/yes/mh/vq/mm/31,29/mn/sn-5njj-u2xe,sn-un57sn7s/ms/au,rdu/mv/m/mvi/5/pcm2cms/yes/pl/16/initcwndbps/363750/vprv/1/ratebypass/yes/mime/video%2Fwebm/otfp/1/otf/1/lmt/1606756127078150/mt/1613475655/fvip/5/keepalive/yes/sparams/expire,ei,ip,id,itag,source,requiressl,vprv,ratebypass,mime,otfp,otf,lmt/sig/AOq0QJ8wRgIhAOon4DTGGWwDDUV_CqSEEAfEKeOczF1uy37RbutwfRBHAiEA_QoitICd3UUgOy8mjdxly8vzemySBotWct3K-VQAlBc%3D/lsparams/mh,mm,mn,ms,mv,mvi,pcm2cms,pl,initcwndbps/lsig/AG3C_xAwRAIgbwdlZNOevzjH7BeXB0S4M9y19rGRcQMwgGJxly9cvVgCIEUSb-IX53m1f91gQ3m7qZwB57AiqFAx0rPEPuEEbWu1/", "fragments": [{"path": "sq/0"}, {"path": "sq/1/dur/5.339", "duration": 5.339}, {"path": "sq/2/dur/5.338", "duration": 5.338}, {"path": "sq/3/dur/5.339", "duration": 5.339}, {"path": "sq/4/dur/5.339", "duration": 5.339}, {"path": "sq/5/dur/5.338", "duration": 5.338}, {"path": "sq/6/dur/5.339", "duration": 5.339}, {"path": "sq/7/dur/5.339", "duration": 5.339}, {"path": "sq/8/dur/5.338", "duration": 5.338}, {"path": "sq/9/dur/5.339", "duration": 5.339}, {"path": "sq/10/dur/5.339", "duration": 5.339}, {"path": "sq/11/dur/5.338", "duration": 5.338}, {"path": "sq/12/dur/5.339", "duration": 5.339}, {"path": "sq/13/dur/5.339", "duration": 5.339}, {"path": "sq/14/dur/5.338", "duration": 5.338}, {"path": "sq/15/dur/5.339", "duration": 5.339}, {"path": "sq/16/dur/5.339", "duration": 5.339}, {"path": "sq/17/dur/5.338", "duration": 5.338}, {"path": "sq/18/dur/5.339", "duration": 5.339}, {"path": "sq/19/dur/5.339", "duration": 5.339}, {"path": "sq/20/dur/5.338", "duration": 5.338}, {"path": "sq/21/dur/5.339", "duration": 5.339}, {"path": "sq/22/dur/5.339", "duration": 5.339}, {"path": "sq/23/dur/5.338", "duration": 5.338}, {"path": "sq/24/dur/5.339", "duration": 5.339}, {"path": "sq/25/dur/5.339", "duration": 5.339}, {"path": "sq/26/dur/5.338", "duration": 5.338}, {"path": "sq/27/dur/5.339", "duration": 5.339}, {"path": "sq/28/dur/5.339", "duration": 5.339}, {"path": "sq/29/dur/5.338", "duration": 5.338}, {"path": "sq/30/dur/5.339", "duration": 5.339}, {"path": "sq/31/dur/5.339", "duration": 5.339}, {"path": "sq/32/dur/5.338", "duration": 5.338}, {"path": "sq/33/dur/5.339", "duration": 5.339}, {"path": "sq/34/dur/5.339", "duration": 5.339}, {"path": "sq/35/dur/5.338", "duration": 5.338}, {"path": "sq/36/dur/5.339", "duration": 5.339}, {"path": "sq/37/dur/5.339", "duration": 5.339}, {"path": "sq/38/dur/5.338", "duration": 5.338}, {"path": "sq/39/dur/5.339", "duration": 5.339}, {"path": "sq/40/dur/5.339", "duration": 5.339}, {"path": "sq/41/dur/5.338", "duration": 5.338}, {"path": "sq/42/dur/5.339", "duration": 5.339}, {"path": "sq/43/dur/5.339", "duration": 5.339}, {"path": "sq/44/dur/5.338", "duration": 5.338}, {"path": "sq/45/dur/5.339", "duration": 5.339}, {"path": "sq/46/dur/5.339", "duration": 5.339}, {"path": "sq/47/dur/5.338", "duration": 5.338}, {"path": "sq/48/dur/5.339", "duration": 5.339}, {"path": "sq/49/dur/5.339", "duration": 5.339}, {"path": "sq/50/dur/5.338", "duration": 5.338}, {"path": "sq/51/dur/5.339", "duration": 5.339}, {"path": "sq/52/dur/5.339", "duration": 5.339}, {"path": "sq/53/dur/5.338", "duration": 5.338}, {"path": "sq/54/dur/5.339", "duration": 5.339}, {"path": "sq/55/dur/5.339", "duration": 5.339}, {"path": "sq/56/dur/5.338", "duration": 5.338}, {"path": "sq/57/dur/5.339", "duration": 5.339}, {"path": "sq/58/dur/5.339", "duration": 5.339}, {"path": "sq/59/dur/5.338", "duration": 5.338}, {"path": "sq/60/dur/1.034", "duration": 1.034}], "protocol": "http_dash_segments", "format": "244 - 854x480 (DASH video)", "http_headers": {"User-Agent": "Mozilla/5.0 (Windows NT 10.0; Win64; x64) AppleWebKit/537.36 (KHTML, like Gecko) Chrome/74.0.3729.24 Safari/537.36", "Accept-Charset": "ISO-8859-1,utf-8;q=0.7,*;q=0.7", "Accept": "text/html,application/xhtml+xml,application/xml;q=0.9,*/*;q=0.8", "Accept-Encoding": "gzip, deflate", "Accept-Language": "en-us,en;q=0.5"}}, {"ext": "mp4", "height": 480, "format_note": "DASH video", "vcodec": "avc1.4d4014", "format_id": "135", "manifest_url": "https://manifest.googlevideo.com/api/manifest/dash/expire/1613497627/ei/u7ArYPH5KMH8qAHXiLmQCQ/ip/140.109.135.76/id/2ba3850f1054dfbd/source/youtube/requiressl/yes/playback_host/r5---sn-5njj-u2xe.googlevideo.com/mh/vq/mm/31%2C29/mn/sn-5njj-u2xe%2Csn-un57sn7s/ms/au%2Crdu/mv/m/mvi/5/pcm2cms/yes/pl/16/hfr/all/as/fmp4_audio_clear%2Cwebm_audio_clear%2Cwebm2_audio_clear%2Cfmp4_sd_hd_clear%2Cwebm2_sd_hd_clear/initcwndbps/363750/vprv/1/mt/1613475655/fvip/5/keepalive/yes/itag/0/sparams/expire%2Cei%2Cip%2Cid%2Csource%2Crequiressl%2Chfr%2Cas%2Cvprv%2Citag/sig/AOq0QJ8wRAIgAwJ8hQFxZn1G4F2aXqrDOWUTqAO84tqNrihFIeUGCrQCIHBveqg1K0XBlrnytkO_NPGk7AGiEezUu7psgZ5e0a4m/lsparams/playback_host%2Cmh%2Cmm%2Cmn%2Cms%2Cmv%2Cmvi%2Cpcm2cms%2Cpl%2Cinitcwndbps/lsig/AG3C_xAwRAIgAebK3XD9xrUYRKfWv3eERKsMsj7L5TibY-ZUuAEyMs0CIA1s7mBrG7wYIQsUxIlI_PzWRwec_FGXz-XwVxH_5AIB", "width": 854, "tbr": 1155.0, "asr": null, "fps": 30, "language": null, "filesize": null, "container": "mp4_dash", "acodec": "none", "url": "https://manifest.googlevideo.com/api/manifest/dash/expire/1613497627/ei/u7ArYPH5KMH8qAHXiLmQCQ/ip/140.109.135.76/id/2ba3850f1054dfbd/source/youtube/requiressl/yes/playback_host/r5---sn-5njj-u2xe.googlevideo.com/mh/vq/mm/31%2C29/mn/sn-5njj-u2xe%2Csn-un57sn7s/ms/au%2Crdu/mv/m/mvi/5/pcm2cms/yes/pl/16/hfr/all/as/fmp4_audio_clear%2Cwebm_audio_clear%2Cwebm2_audio_clear%2Cfmp4_sd_hd_clear%2Cwebm2_sd_hd_clear/initcwndbps/363750/vprv/1/mt/1613475655/fvip/5/keepalive/yes/itag/0/sparams/expire%2Cei%2Cip%2Cid%2Csource%2Crequiressl%2Chfr%2Cas%2Cvprv%2Citag/sig/AOq0QJ8wRAIgAwJ8hQFxZn1G4F2aXqrDOWUTqAO84tqNrihFIeUGCrQCIHBveqg1K0XBlrnytkO_NPGk7AGiEezUu7psgZ5e0a4m/lsparams/playback_host%2Cmh%2Cmm%2Cmn%2Cms%2Cmv%2Cmvi%2Cpcm2cms%2Cpl%2Cinitcwndbps/lsig/AG3C_xAwRAIgAebK3XD9xrUYRKfWv3eERKsMsj7L5TibY-ZUuAEyMs0CIA1s7mBrG7wYIQsUxIlI_PzWRwec_FGXz-XwVxH_5AIB", "fragment_base_url": "https://r5---sn-5njj-u2xe.googlevideo.com/videoplayback/expire/1613497627/ei/u7ArYPH5KMH8qAHXiLmQCQ/ip/140.109.135.76/id/2ba3850f1054dfbd/itag/135/source/yt_otf/requiressl/yes/mh/vq/mm/31,29/mn/sn-5njj-u2xe,sn-un57sn7s/ms/au,rdu/mv/m/mvi/5/pcm2cms/yes/pl/16/initcwndbps/363750/vprv/1/ratebypass/yes/mime/video%2Fmp4/otfp/1/otf/1/lmt/1606756127078150/mt/1613475655/fvip/5/keepalive/yes/sparams/expire,ei,ip,id,itag,source,requiressl,vprv,ratebypass,mime,otfp,otf,lmt/sig/AOq0QJ8wRAIgbfXcIUVjUHgxCugXkq6TqI6mXMw5Et-ZOROpFnBDEdsCICzfJxw4I57PiCa_ZjH8-R3My9DlII4Zm4jmh4M5LPsm/lsparams/mh,mm,mn,ms,mv,mvi,pcm2cms,pl,initcwndbps/lsig/AG3C_xAwRAIgMLe3gkzpFt4YBouCqZ_d4bjcZVQx6O_25Gs_m0eQpmkCIE6e9HruWl35evvgZFzBjf95DoDVqEBPbkvoLG855pvh/", "fragments": [{"path": "sq/0"}, {"path": "sq/1/dur/5.339", "duration": 5.339}, {"path": "sq/2/dur/5.338", "duration": 5.338}, {"path": "sq/3/dur/5.339", "duration": 5.339}, {"path": "sq/4/dur/5.339", "duration": 5.339}, {"path": "sq/5/dur/5.338", "duration": 5.338}, {"path": "sq/6/dur/5.339", "duration": 5.339}, {"path": "sq/7/dur/5.339", "duration": 5.339}, {"path": "sq/8/dur/5.338", "duration": 5.338}, {"path": "sq/9/dur/5.339", "duration": 5.339}, {"path": "sq/10/dur/5.339", "duration": 5.339}, {"path": "sq/11/dur/5.338", "duration": 5.338}, {"path": "sq/12/dur/5.339", "duration": 5.339}, {"path": "sq/13/dur/5.339", "duration": 5.339}, {"path": "sq/14/dur/5.338", "duration": 5.338}, {"path": "sq/15/dur/5.339", "duration": 5.339}, {"path": "sq/16/dur/5.339", "duration": 5.339}, {"path": "sq/17/dur/5.338", "duration": 5.338}, {"path": "sq/18/dur/5.339", "duration": 5.339}, {"path": "sq/19/dur/5.339", "duration": 5.339}, {"path": "sq/20/dur/5.338", "duration": 5.338}, {"path": "sq/21/dur/5.339", "duration": 5.339}, {"path": "sq/22/dur/5.339", "duration": 5.339}, {"path": "sq/23/dur/5.338", "duration": 5.338}, {"path": "sq/24/dur/5.339", "duration": 5.339}, {"path": "sq/25/dur/5.339", "duration": 5.339}, {"path": "sq/26/dur/5.338", "duration": 5.338}, {"path": "sq/27/dur/5.339", "duration": 5.339}, {"path": "sq/28/dur/5.339", "duration": 5.339}, {"path": "sq/29/dur/5.338", "duration": 5.338}, {"path": "sq/30/dur/5.339", "duration": 5.339}, {"path": "sq/31/dur/5.339", "duration": 5.339}, {"path": "sq/32/dur/5.338", "duration": 5.338}, {"path": "sq/33/dur/5.339", "duration": 5.339}, {"path": "sq/34/dur/5.339", "duration": 5.339}, {"path": "sq/35/dur/5.338", "duration": 5.338}, {"path": "sq/36/dur/5.339", "duration": 5.339}, {"path": "sq/37/dur/5.339", "duration": 5.339}, {"path": "sq/38/dur/5.338", "duration": 5.338}, {"path": "sq/39/dur/5.339", "duration": 5.339}, {"path": "sq/40/dur/5.339", "duration": 5.339}, {"path": "sq/41/dur/5.338", "duration": 5.338}, {"path": "sq/42/dur/5.339", "duration": 5.339}, {"path": "sq/43/dur/5.339", "duration": 5.339}, {"path": "sq/44/dur/5.338", "duration": 5.338}, {"path": "sq/45/dur/5.339", "duration": 5.339}, {"path": "sq/46/dur/5.339", "duration": 5.339}, {"path": "sq/47/dur/5.338", "duration": 5.338}, {"path": "sq/48/dur/5.339", "duration": 5.339}, {"path": "sq/49/dur/5.339", "duration": 5.339}, {"path": "sq/50/dur/5.338", "duration": 5.338}, {"path": "sq/51/dur/5.339", "duration": 5.339}, {"path": "sq/52/dur/5.339", "duration": 5.339}, {"path": "sq/53/dur/5.338", "duration": 5.338}, {"path": "sq/54/dur/5.339", "duration": 5.339}, {"path": "sq/55/dur/5.339", "duration": 5.339}, {"path": "sq/56/dur/5.338", "duration": 5.338}, {"path": "sq/57/dur/5.339", "duration": 5.339}, {"path": "sq/58/dur/5.339", "duration": 5.339}, {"path": "sq/59/dur/5.338", "duration": 5.338}, {"path": "sq/60/dur/1.034", "duration": 1.034}], "protocol": "http_dash_segments", "format": "135 - 854x480 (DASH video)", "http_headers": {"User-Agent": "Mozilla/5.0 (Windows NT 10.0; Win64; x64) AppleWebKit/537.36 (KHTML, like Gecko) Chrome/74.0.3729.24 Safari/537.36", "Accept-Charset": "ISO-8859-1,utf-8;q=0.7,*;q=0.7", "Accept": "text/html,application/xhtml+xml,application/xml;q=0.9,*/*;q=0.8", "Accept-Encoding": "gzip, deflate", "Accept-Language": "en-us,en;q=0.5"}}, {"ext": "mp4", "height": 1080, "format_note": "DASH video", "vcodec": "avc1.640028", "format_id": "137", "manifest_url": "https://manifest.googlevideo.com/api/manifest/dash/expire/1613497627/ei/u7ArYPH5KMH8qAHXiLmQCQ/ip/140.109.135.76/id/2ba3850f1054dfbd/source/youtube/requiressl/yes/playback_host/r5---sn-5njj-u2xe.googlevideo.com/mh/vq/mm/31%2C29/mn/sn-5njj-u2xe%2Csn-un57sn7s/ms/au%2Crdu/mv/m/mvi/5/pcm2cms/yes/pl/16/hfr/all/as/fmp4_audio_clear%2Cwebm_audio_clear%2Cwebm2_audio_clear%2Cfmp4_sd_hd_clear%2Cwebm2_sd_hd_clear/initcwndbps/363750/vprv/1/mt/1613475655/fvip/5/keepalive/yes/itag/0/sparams/expire%2Cei%2Cip%2Cid%2Csource%2Crequiressl%2Chfr%2Cas%2Cvprv%2Citag/sig/AOq0QJ8wRAIgAwJ8hQFxZn1G4F2aXqrDOWUTqAO84tqNrihFIeUGCrQCIHBveqg1K0XBlrnytkO_NPGk7AGiEezUu7psgZ5e0a4m/lsparams/playback_host%2Cmh%2Cmm%2Cmn%2Cms%2Cmv%2Cmvi%2Cpcm2cms%2Cpl%2Cinitcwndbps/lsig/AG3C_xAwRAIgAebK3XD9xrUYRKfWv3eERKsMsj7L5TibY-ZUuAEyMs0CIA1s7mBrG7wYIQsUxIlI_PzWRwec_FGXz-XwVxH_5AIB", "width": 1920, "tbr": 1393.191, "asr": null, "fps": 30, "language": null, "filesize": null, "container": "mp4_dash", "acodec": "none", "url": "https://manifest.googlevideo.com/api/manifest/dash/expire/1613497627/ei/u7ArYPH5KMH8qAHXiLmQCQ/ip/140.109.135.76/id/2ba3850f1054dfbd/source/youtube/requiressl/yes/playback_host/r5---sn-5njj-u2xe.googlevideo.com/mh/vq/mm/31%2C29/mn/sn-5njj-u2xe%2Csn-un57sn7s/ms/au%2Crdu/mv/m/mvi/5/pcm2cms/yes/pl/16/hfr/all/as/fmp4_audio_clear%2Cwebm_audio_clear%2Cwebm2_audio_clear%2Cfmp4_sd_hd_clear%2Cwebm2_sd_hd_clear/initcwndbps/363750/vprv/1/mt/1613475655/fvip/5/keepalive/yes/itag/0/sparams/expire%2Cei%2Cip%2Cid%2Csource%2Crequiressl%2Chfr%2Cas%2Cvprv%2Citag/sig/AOq0QJ8wRAIgAwJ8hQFxZn1G4F2aXqrDOWUTqAO84tqNrihFIeUGCrQCIHBveqg1K0XBlrnytkO_NPGk7AGiEezUu7psgZ5e0a4m/lsparams/playback_host%2Cmh%2Cmm%2Cmn%2Cms%2Cmv%2Cmvi%2Cpcm2cms%2Cpl%2Cinitcwndbps/lsig/AG3C_xAwRAIgAebK3XD9xrUYRKfWv3eERKsMsj7L5TibY-ZUuAEyMs0CIA1s7mBrG7wYIQsUxIlI_PzWRwec_FGXz-XwVxH_5AIB", "fragment_base_url": "https://r5---sn-5njj-u2xe.googlevideo.com/videoplayback/expire/1613497627/ei/u7ArYPH5KMH8qAHXiLmQCQ/ip/140.109.135.76/id/2ba3850f1054dfbd/itag/137/source/youtube/requiressl/yes/mh/vq/mm/31,29/mn/sn-5njj-u2xe,sn-un57sn7s/ms/au,rdu/mv/m/mvi/5/pcm2cms/yes/pl/16/initcwndbps/363750/vprv/1/ratebypass/yes/mime/video%2Fmp4/otfp/1/gir/yes/clen/18658738/lmt/1606756127078150/dur/316.015/mt/1613475655/fvip/5/keepalive/yes/sparams/expire,ei,ip,id,itag,source,requiressl,vprv,ratebypass,mime,otfp,gir,clen,lmt,dur/sig/AOq0QJ8wRQIgdGWdz8xAhQIQkLzTNYFyTEycMGtnevbjFgJlsQzG0FICIQCk16knSTlABXGsmWDSflaaiV2EhsX4wW9yubsSa71P2Q%3D%3D/lsparams/mh,mm,mn,ms,mv,mvi,pcm2cms,pl,initcwndbps/lsig/AG3C_xAwRQIhAMUKC6H-rOIMHyKXpL00yziwePleXw1D3yDWp_TmSGOHAiBHvxLSrFTk7btym2VdgfclIuIexTmeN3JPbke7OqgoAg%3D%3D/", "fragments": [{"path": "range/0-740"}, {"path": "range/1493-201940", "duration": 5.339}, {"path": "range/201941-431698", "duration": 5.338}, {"path": "range/431699-666001", "duration": 5.339}, {"path": "range/666002-903749", "duration": 5.339}, {"path": "range/903750-1146940", "duration": 5.338}, {"path": "range/1146941-1394397", "duration": 5.339}, {"path": "range/1394398-1645179", "duration": 5.339}, {"path": "range/1645180-1920668", "duration": 5.338}, {"path": "range/1920669-2204414", "duration": 5.339}, {"path": "range/2204415-2490278", "duration": 5.339}, {"path": "range/2490279-2784512", "duration": 5.338}, {"path": "range/2784513-3082959", "duration": 5.339}, {"path": "range/3082960-3382482", "duration": 5.339}, {"path": "range/3382483-3687758", "duration": 5.338}, {"path": "range/3687759-3998429", "duration": 5.339}, {"path": "range/3998430-4307216", "duration": 5.339}, {"path": "range/4307217-4617344", "duration": 5.338}, {"path": "range/4617345-4934036", "duration": 5.339}, {"path": "range/4934037-5246584", "duration": 5.339}, {"path": "range/5246585-5560244", "duration": 5.338}, {"path": "range/5560245-5880898", "duration": 5.339}, {"path": "range/5880899-6195420", "duration": 5.339}, {"path": "range/6195421-6514014", "duration": 5.338}, {"path": "range/6514015-6838675", "duration": 5.339}, {"path": "range/6838676-7160774", "duration": 5.339}, {"path": "range/7160775-7483363", "duration": 5.338}, {"path": "range/7483364-7811482", "duration": 5.339}, {"path": "range/7811483-8136306", "duration": 5.339}, {"path": "range/8136307-8462158", "duration": 5.338}, {"path": "range/8462159-8793001", "duration": 5.339}, {"path": "range/8793002-9119375", "duration": 5.339}, {"path": "range/9119376-9446659", "duration": 5.338}, {"path": "range/9446660-9778758", "duration": 5.339}, {"path": "range/9778759-10102955", "duration": 5.339}, {"path": "range/10102956-10439684", "duration": 5.338}, {"path": "range/10439685-10781436", "duration": 5.339}, {"path": "range/10781437-11117384", "duration": 5.339}, {"path": "range/11117385-11456314", "duration": 5.338}, {"path": "range/11456315-11800872", "duration": 5.339}, {"path": "range/11800873-12141303", "duration": 5.339}, {"path": "range/12141304-12484655", "duration": 5.338}, {"path": "range/12484656-12833165", "duration": 5.339}, {"path": "range/12833166-13178682", "duration": 5.339}, {"path": "range/13178683-13525611", "duration": 5.338}, {"path": "range/13525612-13877100", "duration": 5.339}, {"path": "range/13877101-14223403", "duration": 5.339}, {"path": "range/14223404-14568614", "duration": 5.338}, {"path": "range/14568615-14915791", "duration": 5.339}, {"path": "range/14915792-15256566", "duration": 5.339}, {"path": "range/15256567-15596548", "duration": 5.338}, {"path": "range/15596549-15936919", "duration": 5.339}, {"path": "range/15936920-16273232", "duration": 5.339}, {"path": "range/16273233-16606231", "duration": 5.338}, {"path": "range/16606232-16935383", "duration": 5.339}, {"path": "range/16935384-17258242", "duration": 5.339}, {"path": "range/17258243-17576687", "duration": 5.338}, {"path": "range/17576688-17889684", "duration": 5.339}, {"path": "range/17889685-18194927", "duration": 5.339}, {"path": "range/18194928-18478667", "duration": 5.338}, {"path": "range/18478668-18658737", "duration": 1.034}], "protocol": "http_dash_segments", "format": "137 - 1920x1080 (DASH video)", "http_headers": {"User-Agent": "Mozilla/5.0 (Windows NT 10.0; Win64; x64) AppleWebKit/537.36 (KHTML, like Gecko) Chrome/74.0.3729.24 Safari/537.36", "Accept-Charset": "ISO-8859-1,utf-8;q=0.7,*;q=0.7", "Accept": "text/html,application/xhtml+xml,application/xml;q=0.9,*/*;q=0.8", "Accept-Encoding": "gzip, deflate", "Accept-Language": "en-us,en;q=0.5"}}, {"ext": "webm", "height": 720, "format_note": "DASH video", "vcodec": "vp9", "format_id": "247", "manifest_url": "https://manifest.googlevideo.com/api/manifest/dash/expire/1613497627/ei/u7ArYPH5KMH8qAHXiLmQCQ/ip/140.109.135.76/id/2ba3850f1054dfbd/source/youtube/requiressl/yes/playback_host/r5---sn-5njj-u2xe.googlevideo.com/mh/vq/mm/31%2C29/mn/sn-5njj-u2xe%2Csn-un57sn7s/ms/au%2Crdu/mv/m/mvi/5/pcm2cms/yes/pl/16/hfr/all/as/fmp4_audio_clear%2Cwebm_audio_clear%2Cwebm2_audio_clear%2Cfmp4_sd_hd_clear%2Cwebm2_sd_hd_clear/initcwndbps/363750/vprv/1/mt/1613475655/fvip/5/keepalive/yes/itag/0/sparams/expire%2Cei%2Cip%2Cid%2Csource%2Crequiressl%2Chfr%2Cas%2Cvprv%2Citag/sig/AOq0QJ8wRAIgAwJ8hQFxZn1G4F2aXqrDOWUTqAO84tqNrihFIeUGCrQCIHBveqg1K0XBlrnytkO_NPGk7AGiEezUu7psgZ5e0a4m/lsparams/playback_host%2Cmh%2Cmm%2Cmn%2Cms%2Cmv%2Cmvi%2Cpcm2cms%2Cpl%2Cinitcwndbps/lsig/AG3C_xAwRAIgAebK3XD9xrUYRKfWv3eERKsMsj7L5TibY-ZUuAEyMs0CIA1s7mBrG7wYIQsUxIlI_PzWRwec_FGXz-XwVxH_5AIB", "width": 1280, "tbr": 1505.28, "asr": null, "fps": 30, "language": null, "filesize": null, "container": "webm_dash", "acodec": "none", "url": "https://manifest.googlevideo.com/api/manifest/dash/expire/1613497627/ei/u7ArYPH5KMH8qAHXiLmQCQ/ip/140.109.135.76/id/2ba3850f1054dfbd/source/youtube/requiressl/yes/playback_host/r5---sn-5njj-u2xe.googlevideo.com/mh/vq/mm/31%2C29/mn/sn-5njj-u2xe%2Csn-un57sn7s/ms/au%2Crdu/mv/m/mvi/5/pcm2cms/yes/pl/16/hfr/all/as/fmp4_audio_clear%2Cwebm_audio_clear%2Cwebm2_audio_clear%2Cfmp4_sd_hd_clear%2Cwebm2_sd_hd_clear/initcwndbps/363750/vprv/1/mt/1613475655/fvip/5/keepalive/yes/itag/0/sparams/expire%2Cei%2Cip%2Cid%2Csource%2Crequiressl%2Chfr%2Cas%2Cvprv%2Citag/sig/AOq0QJ8wRAIgAwJ8hQFxZn1G4F2aXqrDOWUTqAO84tqNrihFIeUGCrQCIHBveqg1K0XBlrnytkO_NPGk7AGiEezUu7psgZ5e0a4m/lsparams/playback_host%2Cmh%2Cmm%2Cmn%2Cms%2Cmv%2Cmvi%2Cpcm2cms%2Cpl%2Cinitcwndbps/lsig/AG3C_xAwRAIgAebK3XD9xrUYRKfWv3eERKsMsj7L5TibY-ZUuAEyMs0CIA1s7mBrG7wYIQsUxIlI_PzWRwec_FGXz-XwVxH_5AIB", "fragment_base_url": "https://r5---sn-5njj-u2xe.googlevideo.com/videoplayback/expire/1613497627/ei/u7ArYPH5KMH8qAHXiLmQCQ/ip/140.109.135.76/id/2ba3850f1054dfbd/itag/247/source/yt_otf/requiressl/yes/mh/vq/mm/31,29/mn/sn-5njj-u2xe,sn-un57sn7s/ms/au,rdu/mv/m/mvi/5/pcm2cms/yes/pl/16/initcwndbps/363750/vprv/1/ratebypass/yes/mime/video%2Fwebm/otfp/1/otf/1/lmt/1606756127078150/mt/1613475655/fvip/5/keepalive/yes/sparams/expire,ei,ip,id,itag,source,requiressl,vprv,ratebypass,mime,otfp,otf,lmt/sig/AOq0QJ8wRAIgPCUx3wnapB98ki63lJKl-FJc8XIC683g9T1dPmUQvKcCIFJo1OgDqL1_XSAWilNrY29UVyPxUlW6f3MBZ5YLoSr3/lsparams/mh,mm,mn,ms,mv,mvi,pcm2cms,pl,initcwndbps/lsig/AG3C_xAwRAIgHrnLDTclufj2KvRF1uQ-fh0bTXP7Yekk3t-tUY6g2QUCIGoWCMny2F43bbv-o-aTZCAAFb3QqAZIMQ0RLHlEUvMS/", "fragments": [{"path": "sq/0"}, {"path": "sq/1/dur/5.339", "duration": 5.339}, {"path": "sq/2/dur/5.338", "duration": 5.338}, {"path": "sq/3/dur/5.339", "duration": 5.339}, {"path": "sq/4/dur/5.339", "duration": 5.339}, {"path": "sq/5/dur/5.338", "duration": 5.338}, {"path": "sq/6/dur/5.339", "duration": 5.339}, {"path": "sq/7/dur/5.339", "duration": 5.339}, {"path": "sq/8/dur/5.338", "duration": 5.338}, {"path": "sq/9/dur/5.339", "duration": 5.339}, {"path": "sq/10/dur/5.339", "duration": 5.339}, {"path": "sq/11/dur/5.338", "duration": 5.338}, {"path": "sq/12/dur/5.339", "duration": 5.339}, {"path": "sq/13/dur/5.339", "duration": 5.339}, {"path": "sq/14/dur/5.338", "duration": 5.338}, {"path": "sq/15/dur/5.339", "duration": 5.339}, {"path": "sq/16/dur/5.339", "duration": 5.339}, {"path": "sq/17/dur/5.338", "duration": 5.338}, {"path": "sq/18/dur/5.339", "duration": 5.339}, {"path": "sq/19/dur/5.339", "duration": 5.339}, {"path": "sq/20/dur/5.338", "duration": 5.338}, {"path": "sq/21/dur/5.339", "duration": 5.339}, {"path": "sq/22/dur/5.339", "duration": 5.339}, {"path": "sq/23/dur/5.338", "duration": 5.338}, {"path": "sq/24/dur/5.339", "duration": 5.339}, {"path": "sq/25/dur/5.339", "duration": 5.339}, {"path": "sq/26/dur/5.338", "duration": 5.338}, {"path": "sq/27/dur/5.339", "duration": 5.339}, {"path": "sq/28/dur/5.339", "duration": 5.339}, {"path": "sq/29/dur/5.338", "duration": 5.338}, {"path": "sq/30/dur/5.339", "duration": 5.339}, {"path": "sq/31/dur/5.339", "duration": 5.339}, {"path": "sq/32/dur/5.338", "duration": 5.338}, {"path": "sq/33/dur/5.339", "duration": 5.339}, {"path": "sq/34/dur/5.339", "duration": 5.339}, {"path": "sq/35/dur/5.338", "duration": 5.338}, {"path": "sq/36/dur/5.339", "duration": 5.339}, {"path": "sq/37/dur/5.339", "duration": 5.339}, {"path": "sq/38/dur/5.338", "duration": 5.338}, {"path": "sq/39/dur/5.339", "duration": 5.339}, {"path": "sq/40/dur/5.339", "duration": 5.339}, {"path": "sq/41/dur/5.338", "duration": 5.338}, {"path": "sq/42/dur/5.339", "duration": 5.339}, {"path": "sq/43/dur/5.339", "duration": 5.339}, {"path": "sq/44/dur/5.338", "duration": 5.338}, {"path": "sq/45/dur/5.339", "duration": 5.339}, {"path": "sq/46/dur/5.339", "duration": 5.339}, {"path": "sq/47/dur/5.338", "duration": 5.338}, {"path": "sq/48/dur/5.339", "duration": 5.339}, {"path": "sq/49/dur/5.339", "duration": 5.339}, {"path": "sq/50/dur/5.338", "duration": 5.338}, {"path": "sq/51/dur/5.339", "duration": 5.339}, {"path": "sq/52/dur/5.339", "duration": 5.339}, {"path": "sq/53/dur/5.338", "duration": 5.338}, {"path": "sq/54/dur/5.339", "duration": 5.339}, {"path": "sq/55/dur/5.339", "duration": 5.339}, {"path": "sq/56/dur/5.338", "duration": 5.338}, {"path": "sq/57/dur/5.339", "duration": 5.339}, {"path": "sq/58/dur/5.339", "duration": 5.339}, {"path": "sq/59/dur/5.338", "duration": 5.338}, {"path": "sq/60/dur/1.034", "duration": 1.034}], "protocol": "http_dash_segments", "format": "247 - 1280x720 (DASH video)", "http_headers": {"User-Agent": "Mozilla/5.0 (Windows NT 10.0; Win64; x64) AppleWebKit/537.36 (KHTML, like Gecko) Chrome/74.0.3729.24 Safari/537.36", "Accept-Charset": "ISO-8859-1,utf-8;q=0.7,*;q=0.7", "Accept": "text/html,application/xhtml+xml,application/xml;q=0.9,*/*;q=0.8", "Accept-Encoding": "gzip, deflate", "Accept-Language": "en-us,en;q=0.5"}}, {"ext": "mp4", "height": 720, "format_note": "DASH video", "vcodec": "avc1.4d400b", "format_id": "136", "manifest_url": "https://manifest.googlevideo.com/api/manifest/dash/expire/1613497627/ei/u7ArYPH5KMH8qAHXiLmQCQ/ip/140.109.135.76/id/2ba3850f1054dfbd/source/youtube/requiressl/yes/playback_host/r5---sn-5njj-u2xe.googlevideo.com/mh/vq/mm/31%2C29/mn/sn-5njj-u2xe%2Csn-un57sn7s/ms/au%2Crdu/mv/m/mvi/5/pcm2cms/yes/pl/16/hfr/all/as/fmp4_audio_clear%2Cwebm_audio_clear%2Cwebm2_audio_clear%2Cfmp4_sd_hd_clear%2Cwebm2_sd_hd_clear/initcwndbps/363750/vprv/1/mt/1613475655/fvip/5/keepalive/yes/itag/0/sparams/expire%2Cei%2Cip%2Cid%2Csource%2Crequiressl%2Chfr%2Cas%2Cvprv%2Citag/sig/AOq0QJ8wRAIgAwJ8hQFxZn1G4F2aXqrDOWUTqAO84tqNrihFIeUGCrQCIHBveqg1K0XBlrnytkO_NPGk7AGiEezUu7psgZ5e0a4m/lsparams/playback_host%2Cmh%2Cmm%2Cmn%2Cms%2Cmv%2Cmvi%2Cpcm2cms%2Cpl%2Cinitcwndbps/lsig/AG3C_xAwRAIgAebK3XD9xrUYRKfWv3eERKsMsj7L5TibY-ZUuAEyMs0CIA1s7mBrG7wYIQsUxIlI_PzWRwec_FGXz-XwVxH_5AIB", "width": 1280, "tbr": 2310.0, "asr": null, "fps": 30, "language": null, "filesize": null, "container": "mp4_dash", "acodec": "none", "url": "https://manifest.googlevideo.com/api/manifest/dash/expire/1613497627/ei/u7ArYPH5KMH8qAHXiLmQCQ/ip/140.109.135.76/id/2ba3850f1054dfbd/source/youtube/requiressl/yes/playback_host/r5---sn-5njj-u2xe.googlevideo.com/mh/vq/mm/31%2C29/mn/sn-5njj-u2xe%2Csn-un57sn7s/ms/au%2Crdu/mv/m/mvi/5/pcm2cms/yes/pl/16/hfr/all/as/fmp4_audio_clear%2Cwebm_audio_clear%2Cwebm2_audio_clear%2Cfmp4_sd_hd_clear%2Cwebm2_sd_hd_clear/initcwndbps/363750/vprv/1/mt/1613475655/fvip/5/keepalive/yes/itag/0/sparams/expire%2Cei%2Cip%2Cid%2Csource%2Crequiressl%2Chfr%2Cas%2Cvprv%2Citag/sig/AOq0QJ8wRAIgAwJ8hQFxZn1G4F2aXqrDOWUTqAO84tqNrihFIeUGCrQCIHBveqg1K0XBlrnytkO_NPGk7AGiEezUu7psgZ5e0a4m/lsparams/playback_host%2Cmh%2Cmm%2Cmn%2Cms%2Cmv%2Cmvi%2Cpcm2cms%2Cpl%2Cinitcwndbps/lsig/AG3C_xAwRAIgAebK3XD9xrUYRKfWv3eERKsMsj7L5TibY-ZUuAEyMs0CIA1s7mBrG7wYIQsUxIlI_PzWRwec_FGXz-XwVxH_5AIB", "fragment_base_url": "https://r5---sn-5njj-u2xe.googlevideo.com/videoplayback/expire/1613497627/ei/u7ArYPH5KMH8qAHXiLmQCQ/ip/140.109.135.76/id/2ba3850f1054dfbd/itag/136/source/yt_otf/requiressl/yes/mh/vq/mm/31,29/mn/sn-5njj-u2xe,sn-un57sn7s/ms/au,rdu/mv/m/mvi/5/pcm2cms/yes/pl/16/initcwndbps/363750/vprv/1/ratebypass/yes/mime/video%2Fmp4/otfp/1/otf/1/lmt/1606756127078150/mt/1613475655/fvip/5/keepalive/yes/sparams/expire,ei,ip,id,itag,source,requiressl,vprv,ratebypass,mime,otfp,otf,lmt/sig/AOq0QJ8wRQIhAN1HoTZSMqrxVb_klLmXs5H_aefgZ1WRNEzZKflyTaVfAiBpn8kbtOLL46iWcBTLuEPTcl-eX5Vm_3NusggT1-MEXQ%3D%3D/lsparams/mh,mm,mn,ms,mv,mvi,pcm2cms,pl,initcwndbps/lsig/AG3C_xAwRgIhAJAkpB0b4CQUEy5FKhphSWrXvUbvdz4jtSJXA-iAr5tOAiEAi8Of3M1Jhpqm1EX2bq_9tzpiBQM5BECHqI8T_RXDV1o%3D/", "fragments": [{"path": "sq/0"}, {"path": "sq/1/dur/5.339", "duration": 5.339}, {"path": "sq/2/dur/5.338", "duration": 5.338}, {"path": "sq/3/dur/5.339", "duration": 5.339}, {"path": "sq/4/dur/5.339", "duration": 5.339}, {"path": "sq/5/dur/5.338", "duration": 5.338}, {"path": "sq/6/dur/5.339", "duration": 5.339}, {"path": "sq/7/dur/5.339", "duration": 5.339}, {"path": "sq/8/dur/5.338", "duration": 5.338}, {"path": "sq/9/dur/5.339", "duration": 5.339}, {"path": "sq/10/dur/5.339", "duration": 5.339}, {"path": "sq/11/dur/5.338", "duration": 5.338}, {"path": "sq/12/dur/5.339", "duration": 5.339}, {"path": "sq/13/dur/5.339", "duration": 5.339}, {"path": "sq/14/dur/5.338", "duration": 5.338}, {"path": "sq/15/dur/5.339", "duration": 5.339}, {"path": "sq/16/dur/5.339", "duration": 5.339}, {"path": "sq/17/dur/5.338", "duration": 5.338}, {"path": "sq/18/dur/5.339", "duration": 5.339}, {"path": "sq/19/dur/5.339", "duration": 5.339}, {"path": "sq/20/dur/5.338", "duration": 5.338}, {"path": "sq/21/dur/5.339", "duration": 5.339}, {"path": "sq/22/dur/5.339", "duration": 5.339}, {"path": "sq/23/dur/5.338", "duration": 5.338}, {"path": "sq/24/dur/5.339", "duration": 5.339}, {"path": "sq/25/dur/5.339", "duration": 5.339}, {"path": "sq/26/dur/5.338", "duration": 5.338}, {"path": "sq/27/dur/5.339", "duration": 5.339}, {"path": "sq/28/dur/5.339", "duration": 5.339}, {"path": "sq/29/dur/5.338", "duration": 5.338}, {"path": "sq/30/dur/5.339", "duration": 5.339}, {"path": "sq/31/dur/5.339", "duration": 5.339}, {"path": "sq/32/dur/5.338", "duration": 5.338}, {"path": "sq/33/dur/5.339", "duration": 5.339}, {"path": "sq/34/dur/5.339", "duration": 5.339}, {"path": "sq/35/dur/5.338", "duration": 5.338}, {"path": "sq/36/dur/5.339", "duration": 5.339}, {"path": "sq/37/dur/5.339", "duration": 5.339}, {"path": "sq/38/dur/5.338", "duration": 5.338}, {"path": "sq/39/dur/5.339", "duration": 5.339}, {"path": "sq/40/dur/5.339", "duration": 5.339}, {"path": "sq/41/dur/5.338", "duration": 5.338}, {"path": "sq/42/dur/5.339", "duration": 5.339}, {"path": "sq/43/dur/5.339", "duration": 5.339}, {"path": "sq/44/dur/5.338", "duration": 5.338}, {"path": "sq/45/dur/5.339", "duration": 5.339}, {"path": "sq/46/dur/5.339", "duration": 5.339}, {"path": "sq/47/dur/5.338", "duration": 5.338}, {"path": "sq/48/dur/5.339", "duration": 5.339}, {"path": "sq/49/dur/5.339", "duration": 5.339}, {"path": "sq/50/dur/5.338", "duration": 5.338}, {"path": "sq/51/dur/5.339", "duration": 5.339}, {"path": "sq/52/dur/5.339", "duration": 5.339}, {"path": "sq/53/dur/5.338", "duration": 5.338}, {"path": "sq/54/dur/5.339", "duration": 5.339}, {"path": "sq/55/dur/5.339", "duration": 5.339}, {"path": "sq/56/dur/5.338", "duration": 5.338}, {"path": "sq/57/dur/5.339", "duration": 5.339}, {"path": "sq/58/dur/5.339", "duration": 5.339}, {"path": "sq/59/dur/5.338", "duration": 5.338}, {"path": "sq/60/dur/1.034", "duration": 1.034}], "protocol": "http_dash_segments", "format": "136 - 1280x720 (DASH video)", "http_headers": {"User-Agent": "Mozilla/5.0 (Windows NT 10.0; Win64; x64) AppleWebKit/537.36 (KHTML, like Gecko) Chrome/74.0.3729.24 Safari/537.36", "Accept-Charset": "ISO-8859-1,utf-8;q=0.7,*;q=0.7", "Accept": "text/html,application/xhtml+xml,application/xml;q=0.9,*/*;q=0.8", "Accept-Encoding": "gzip, deflate", "Accept-Language": "en-us,en;q=0.5"}}, {"ext": "webm", "height": 1080, "format_note": "DASH video", "vcodec": "vp9", "format_id": "248", "manifest_url": "https://manifest.googlevideo.com/api/manifest/dash/expire/1613497627/ei/u7ArYPH5KMH8qAHXiLmQCQ/ip/140.109.135.76/id/2ba3850f1054dfbd/source/youtube/requiressl/yes/playback_host/r5---sn-5njj-u2xe.googlevideo.com/mh/vq/mm/31%2C29/mn/sn-5njj-u2xe%2Csn-un57sn7s/ms/au%2Crdu/mv/m/mvi/5/pcm2cms/yes/pl/16/hfr/all/as/fmp4_audio_clear%2Cwebm_audio_clear%2Cwebm2_audio_clear%2Cfmp4_sd_hd_clear%2Cwebm2_sd_hd_clear/initcwndbps/363750/vprv/1/mt/1613475655/fvip/5/keepalive/yes/itag/0/sparams/expire%2Cei%2Cip%2Cid%2Csource%2Crequiressl%2Chfr%2Cas%2Cvprv%2Citag/sig/AOq0QJ8wRAIgAwJ8hQFxZn1G4F2aXqrDOWUTqAO84tqNrihFIeUGCrQCIHBveqg1K0XBlrnytkO_NPGk7AGiEezUu7psgZ5e0a4m/lsparams/playback_host%2Cmh%2Cmm%2Cmn%2Cms%2Cmv%2Cmvi%2Cpcm2cms%2Cpl%2Cinitcwndbps/lsig/AG3C_xAwRAIgAebK3XD9xrUYRKfWv3eERKsMsj7L5TibY-ZUuAEyMs0CIA1s7mBrG7wYIQsUxIlI_PzWRwec_FGXz-XwVxH_5AIB", "width": 1920, "tbr": 2646.0, "asr": null, "fps": 30, "language": null, "filesize": null, "container": "webm_dash", "acodec": "none", "url": "https://manifest.googlevideo.com/api/manifest/dash/expire/1613497627/ei/u7ArYPH5KMH8qAHXiLmQCQ/ip/140.109.135.76/id/2ba3850f1054dfbd/source/youtube/requiressl/yes/playback_host/r5---sn-5njj-u2xe.googlevideo.com/mh/vq/mm/31%2C29/mn/sn-5njj-u2xe%2Csn-un57sn7s/ms/au%2Crdu/mv/m/mvi/5/pcm2cms/yes/pl/16/hfr/all/as/fmp4_audio_clear%2Cwebm_audio_clear%2Cwebm2_audio_clear%2Cfmp4_sd_hd_clear%2Cwebm2_sd_hd_clear/initcwndbps/363750/vprv/1/mt/1613475655/fvip/5/keepalive/yes/itag/0/sparams/expire%2Cei%2Cip%2Cid%2Csource%2Crequiressl%2Chfr%2Cas%2Cvprv%2Citag/sig/AOq0QJ8wRAIgAwJ8hQFxZn1G4F2aXqrDOWUTqAO84tqNrihFIeUGCrQCIHBveqg1K0XBlrnytkO_NPGk7AGiEezUu7psgZ5e0a4m/lsparams/playback_host%2Cmh%2Cmm%2Cmn%2Cms%2Cmv%2Cmvi%2Cpcm2cms%2Cpl%2Cinitcwndbps/lsig/AG3C_xAwRAIgAebK3XD9xrUYRKfWv3eERKsMsj7L5TibY-ZUuAEyMs0CIA1s7mBrG7wYIQsUxIlI_PzWRwec_FGXz-XwVxH_5AIB", "fragment_base_url": "https://r5---sn-5njj-u2xe.googlevideo.com/videoplayback/expire/1613497627/ei/u7ArYPH5KMH8qAHXiLmQCQ/ip/140.109.135.76/id/2ba3850f1054dfbd/itag/248/source/yt_otf/requiressl/yes/mh/vq/mm/31,29/mn/sn-5njj-u2xe,sn-un57sn7s/ms/au,rdu/mv/m/mvi/5/pcm2cms/yes/pl/16/initcwndbps/363750/vprv/1/ratebypass/yes/mime/video%2Fwebm/otfp/1/otf/1/lmt/1606756127078150/mt/1613475655/fvip/5/keepalive/yes/sparams/expire,ei,ip,id,itag,source,requiressl,vprv,ratebypass,mime,otfp,otf,lmt/sig/AOq0QJ8wRgIhAMYPJ12CMsv6JVm51TQ_kQV32G8ZPcvt2rOjRWh1WftVAiEAh64cw09O2OBOrHn6Hnls3xEPRYHe6bGj2vOAgPIbENc%3D/lsparams/mh,mm,mn,ms,mv,mvi,pcm2cms,pl,initcwndbps/lsig/AG3C_xAwRQIgXJRWQXSsy0DjTJ3dPH21li-LTemnDEbXmNpSGFL7jmQCIQCbRVC2VspZHan1l8iPYHRQA-JpuP5sLrUhWGCe5C1_Rg%3D%3D/", "fragments": [{"path": "sq/0"}, {"path": "sq/1/dur/5.339", "duration": 5.339}, {"path": "sq/2/dur/5.338", "duration": 5.338}, {"path": "sq/3/dur/5.339", "duration": 5.339}, {"path": "sq/4/dur/5.339", "duration": 5.339}, {"path": "sq/5/dur/5.338", "duration": 5.338}, {"path": "sq/6/dur/5.339", "duration": 5.339}, {"path": "sq/7/dur/5.339", "duration": 5.339}, {"path": "sq/8/dur/5.338", "duration": 5.338}, {"path": "sq/9/dur/5.339", "duration": 5.339}, {"path": "sq/10/dur/5.339", "duration": 5.339}, {"path": "sq/11/dur/5.338", "duration": 5.338}, {"path": "sq/12/dur/5.339", "duration": 5.339}, {"path": "sq/13/dur/5.339", "duration": 5.339}, {"path": "sq/14/dur/5.338", "duration": 5.338}, {"path": "sq/15/dur/5.339", "duration": 5.339}, {"path": "sq/16/dur/5.339", "duration": 5.339}, {"path": "sq/17/dur/5.338", "duration": 5.338}, {"path": "sq/18/dur/5.339", "duration": 5.339}, {"path": "sq/19/dur/5.339", "duration": 5.339}, {"path": "sq/20/dur/5.338", "duration": 5.338}, {"path": "sq/21/dur/5.339", "duration": 5.339}, {"path": "sq/22/dur/5.339", "duration": 5.339}, {"path": "sq/23/dur/5.338", "duration": 5.338}, {"path": "sq/24/dur/5.339", "duration": 5.339}, {"path": "sq/25/dur/5.339", "duration": 5.339}, {"path": "sq/26/dur/5.338", "duration": 5.338}, {"path": "sq/27/dur/5.339", "duration": 5.339}, {"path": "sq/28/dur/5.339", "duration": 5.339}, {"path": "sq/29/dur/5.338", "duration": 5.338}, {"path": "sq/30/dur/5.339", "duration": 5.339}, {"path": "sq/31/dur/5.339", "duration": 5.339}, {"path": "sq/32/dur/5.338", "duration": 5.338}, {"path": "sq/33/dur/5.339", "duration": 5.339}, {"path": "sq/34/dur/5.339", "duration": 5.339}, {"path": "sq/35/dur/5.338", "duration": 5.338}, {"path": "sq/36/dur/5.339", "duration": 5.339}, {"path": "sq/37/dur/5.339", "duration": 5.339}, {"path": "sq/38/dur/5.338", "duration": 5.338}, {"path": "sq/39/dur/5.339", "duration": 5.339}, {"path": "sq/40/dur/5.339", "duration": 5.339}, {"path": "sq/41/dur/5.338", "duration": 5.338}, {"path": "sq/42/dur/5.339", "duration": 5.339}, {"path": "sq/43/dur/5.339", "duration": 5.339}, {"path": "sq/44/dur/5.338", "duration": 5.338}, {"path": "sq/45/dur/5.339", "duration": 5.339}, {"path": "sq/46/dur/5.339", "duration": 5.339}, {"path": "sq/47/dur/5.338", "duration": 5.338}, {"path": "sq/48/dur/5.339", "duration": 5.339}, {"path": "sq/49/dur/5.339", "duration": 5.339}, {"path": "sq/50/dur/5.338", "duration": 5.338}, {"path": "sq/51/dur/5.339", "duration": 5.339}, {"path": "sq/52/dur/5.339", "duration": 5.339}, {"path": "sq/53/dur/5.338", "duration": 5.338}, {"path": "sq/54/dur/5.339", "duration": 5.339}, {"path": "sq/55/dur/5.339", "duration": 5.339}, {"path": "sq/56/dur/5.338", "duration": 5.338}, {"path": "sq/57/dur/5.339", "duration": 5.339}, {"path": "sq/58/dur/5.339", "duration": 5.339}, {"path": "sq/59/dur/5.338", "duration": 5.338}, {"path": "sq/60/dur/1.034", "duration": 1.034}], "protocol": "http_dash_segments", "format": "248 - 1920x1080 (DASH video)", "http_headers": {"User-Agent": "Mozilla/5.0 (Windows NT 10.0; Win64; x64) AppleWebKit/537.36 (KHTML, like Gecko) Chrome/74.0.3729.24 Safari/537.36", "Accept-Charset": "ISO-8859-1,utf-8;q=0.7,*;q=0.7", "Accept": "text/html,application/xhtml+xml,application/xml;q=0.9,*/*;q=0.8", "Accept-Encoding": "gzip, deflate", "Accept-Language": "en-us,en;q=0.5"}}, {"format_id": "18", "url": "https://r5---sn-5njj-u2xe.googlevideo.com/videoplayback?expire=1613497627&ei=u7ArYPH5KMH8qAHXiLmQCQ&ip=140.109.135.76&id=o-ABttSnsINhp2R347t9GmhkJdFiyIlPYmoj6CMasQ4ZbX&itag=18&source=youtube&requiressl=yes&mh=vq&mm=31%2C29&mn=sn-5njj-u2xe%2Csn-un57sn7s&ms=au%2Crdu&mv=m&mvi=5&pcm2cms=yes&pl=16&initcwndbps=363750&vprv=1&mime=video%2Fmp4&ns=wD4ouTPZUJmoKeh8jxiFrH0F&gir=yes&clen=5050211&ratebypass=yes&dur=316.070&lmt=1606756072870048&mt=1613475655&fvip=5&c=WEB&txp=2210222&n=MCzguC3IDUBQKDflV9&sparams=expire%2Cei%2Cip%2Cid%2Citag%2Csource%2Crequiressl%2Cvprv%2Cmime%2Cns%2Cgir%2Cclen%2Cratebypass%2Cdur%2Clmt&sig=AOq0QJ8wRAIgR_K_YiAXhbtioccQBtXmCcdUnDQh7kfMOtJt1JwYHcYCIAh8dBlaJedy6B4M9BAAXahoWwlkFqDL-VwqSAdSrD3L&lsparams=mh%2Cmm%2Cmn%2Cms%2Cmv%2Cmvi%2Cpcm2cms%2Cpl%2Cinitcwndbps&lsig=AG3C_xAwRAIgJJnWLXevwZicJqe5U4eXcpdqBEdaySI7en9W-L5GYAECIAW8sW0PZEweOKhqi6UR5bLi4gKYscsUWS18L3fqv-I5", "player_url": null, "ext": "mp4", "width": 640, "height": 360, "acodec": "mp4a.40.2", "abr": 96, "vcodec": "avc1.42001E", "asr": 44100, "filesize": 5050211, "format_note": "360p", "fps": 30, "tbr": 127.847, "format": "18 - 640x360 (360p)", "protocol": "https", "http_headers": {"User-Agent": "Mozilla/5.0 (Windows NT 10.0; Win64; x64) AppleWebKit/537.36 (KHTML, like Gecko) Chrome/74.0.3729.24 Safari/537.36", "Accept-Charset": "ISO-8859-1,utf-8;q=0.7,*;q=0.7", "Accept": "text/html,application/xhtml+xml,application/xml;q=0.9,*/*;q=0.8", "Accept-Encoding": "gzip, deflate", "Accept-Language": "en-us,en;q=0.5"}}], "is_live": null, "start_time": null, "end_time": null, "series": null, "season_number": null, "episode_number": null, "track": null, "artist": null, "album": null, "release_date": null, "release_year": null, "extractor": "youtube", "webpage_url_basename": "watch", "extractor_key": "Youtube", "playlist": null, "playlist_index": null, "thumbnail": "https://i.ytimg.com/vi_webp/K6OFDxBU370/maxresdefault.webp", "display_id": "K6OFDxBU370", "requested_subtitles": null, "ext": "webm", "format_note": "DASH audio", "acodec": "opus", "abr": 160, "format_id": "251", "manifest_url": "https://manifest.googlevideo.com/api/manifest/dash/expire/1613497627/ei/u7ArYPH5KMH8qAHXiLmQCQ/ip/140.109.135.76/id/2ba3850f1054dfbd/source/youtube/requiressl/yes/playback_host/r5---sn-5njj-u2xe.googlevideo.com/mh/vq/mm/31%2C29/mn/sn-5njj-u2xe%2Csn-un57sn7s/ms/au%2Crdu/mv/m/mvi/5/pcm2cms/yes/pl/16/hfr/all/as/fmp4_audio_clear%2Cwebm_audio_clear%2Cwebm2_audio_clear%2Cfmp4_sd_hd_clear%2Cwebm2_sd_hd_clear/initcwndbps/363750/vprv/1/mt/1613475655/fvip/5/keepalive/yes/itag/0/sparams/expire%2Cei%2Cip%2Cid%2Csource%2Crequiressl%2Chfr%2Cas%2Cvprv%2Citag/sig/AOq0QJ8wRAIgAwJ8hQFxZn1G4F2aXqrDOWUTqAO84tqNrihFIeUGCrQCIHBveqg1K0XBlrnytkO_NPGk7AGiEezUu7psgZ5e0a4m/lsparams/playback_host%2Cmh%2Cmm%2Cmn%2Cms%2Cmv%2Cmvi%2Cpcm2cms%2Cpl%2Cinitcwndbps/lsig/AG3C_xAwRAIgAebK3XD9xrUYRKfWv3eERKsMsj7L5TibY-ZUuAEyMs0CIA1s7mBrG7wYIQsUxIlI_PzWRwec_FGXz-XwVxH_5AIB", "width": null, "height": null, "tbr": 160.485, "asr": 48000, "fps": null, "language": null, "filesize": null, "container": "webm_dash", "vcodec": "none", "url": "https://manifest.googlevideo.com/api/manifest/dash/expire/1613497627/ei/u7ArYPH5KMH8qAHXiLmQCQ/ip/140.109.135.76/id/2ba3850f1054dfbd/source/youtube/requiressl/yes/playback_host/r5---sn-5njj-u2xe.googlevideo.com/mh/vq/mm/31%2C29/mn/sn-5njj-u2xe%2Csn-un57sn7s/ms/au%2Crdu/mv/m/mvi/5/pcm2cms/yes/pl/16/hfr/all/as/fmp4_audio_clear%2Cwebm_audio_clear%2Cwebm2_audio_clear%2Cfmp4_sd_hd_clear%2Cwebm2_sd_hd_clear/initcwndbps/363750/vprv/1/mt/1613475655/fvip/5/keepalive/yes/itag/0/sparams/expire%2Cei%2Cip%2Cid%2Csource%2Crequiressl%2Chfr%2Cas%2Cvprv%2Citag/sig/AOq0QJ8wRAIgAwJ8hQFxZn1G4F2aXqrDOWUTqAO84tqNrihFIeUGCrQCIHBveqg1K0XBlrnytkO_NPGk7AGiEezUu7psgZ5e0a4m/lsparams/playback_host%2Cmh%2Cmm%2Cmn%2Cms%2Cmv%2Cmvi%2Cpcm2cms%2Cpl%2Cinitcwndbps/lsig/AG3C_xAwRAIgAebK3XD9xrUYRKfWv3eERKsMsj7L5TibY-ZUuAEyMs0CIA1s7mBrG7wYIQsUxIlI_PzWRwec_FGXz-XwVxH_5AIB", "fragment_base_url": "https://r5---sn-5njj-u2xe.googlevideo.com/videoplayback/expire/1613497627/ei/u7ArYPH5KMH8qAHXiLmQCQ/ip/140.109.135.76/id/2ba3850f1054dfbd/itag/251/source/youtube/requiressl/yes/mh/vq/mm/31,29/mn/sn-5njj-u2xe,sn-un57sn7s/ms/au,rdu/mv/m/mvi/5/pcm2cms/yes/pl/16/initcwndbps/363750/vprv/1/ratebypass/yes/mime/audio%2Fwebm/otfp/1/gir/yes/clen/5983682/lmt/1606756121962039/dur/316.041/mt/1613475655/fvip/5/keepalive/yes/sparams/expire,ei,ip,id,itag,source,requiressl,vprv,ratebypass,mime,otfp,gir,clen,lmt,dur/sig/AOq0QJ8wRQIgVf_7Wd-j1_wQ0o48F34Z5ozFtppM7TWzumUSVzjnrDECIQDH4zufA7NnOTmpBJ_oYta1wh8pWJL1minRKnuJtGMXpA%3D%3D/lsparams/mh,mm,mn,ms,mv,mvi,pcm2cms,pl,initcwndbps/lsig/AG3C_xAwRAIgJ0nhm97_WDM0Go18zE9jPdipRf-lxZuwuluY6BdcU6QCICULJ8csy6zuUha4m20344-2NHhhKiKoTJL284ff8lLh/", "fragments": [{"path": "range/0-258"}, {"path": "range/800-157543", "duration": 10.001}, {"path": "range/157544-353564", "duration": 10.0}, {"path": "range/353565-539499", "duration": 10.0}, {"path": "range/539500-727332", "duration": 10.0}, {"path": "range/727333-921398", "duration": 10.0}, {"path": "range/921399-1118929", "duration": 10.0}, {"path": "range/1118930-1319536", "duration": 10.0}, {"path": "range/1319537-1506849", "duration": 10.0}, {"path": "range/1506850-1691303", "duration": 10.0}, {"path": "range/1691304-1878781", "duration": 10.0}, {"path": "range/1878782-2061933", "duration": 10.0}, {"path": "range/2061934-2252359", "duration": 10.0}, {"path": "range/2252360-2435830", "duration": 10.0}, {"path": "range/2435831-2631740", "duration": 10.0}, {"path": "range/2631741-2824832", "duration": 10.0}, {"path": "range/2824833-3016601", "duration": 10.0}, {"path": "range/3016602-3199404", "duration": 10.0}, {"path": "range/3199405-3384383", "duration": 10.0}, {"path": "range/3384384-3576727", "duration": 10.0}, {"path": "range/3576728-3764866", "duration": 10.0}, {"path": "range/3764867-3958042", "duration": 10.0}, {"path": "range/3958043-4153845", "duration": 10.0}, {"path": "range/4153846-4346985", "duration": 10.0}, {"path": "range/4346986-4542318", "duration": 10.0}, {"path": "range/4542319-4737456", "duration": 10.0}, {"path": "range/4737457-4935761", "duration": 10.0}, {"path": "range/4935762-5131105", "duration": 10.0}, {"path": "range/5131106-5327263", "duration": 10.0}, {"path": "range/5327264-5520038", "duration": 10.0}, {"path": "range/5520039-5717879", "duration": 10.0}, {"path": "range/5717880-5895659", "duration": 10.0}, {"path": "range/5895660-5983681", "duration": 6.04}], "protocol": "http_dash_segments", "format": "251 - audio only (DASH audio)", "http_headers": {"User-Agent": "Mozilla/5.0 (Windows NT 10.0; Win64; x64) AppleWebKit/537.36 (KHTML, like Gecko) Chrome/74.0.3729.24 Safari/537.36", "Accept-Charset": "ISO-8859-1,utf-8;q=0.7,*;q=0.7", "Accept": "text/html,application/xhtml+xml,application/xml;q=0.9,*/*;q=0.8", "Accept-Encoding": "gzip, deflate", "Accept-Language": "en-us,en;q=0.5"}}