{"id": "l9779eRhMzQ", "uploader": "Trent Briden - Topic", "uploader_id": "UCoJGIA_RsLVavWYwvCihxOw", "uploader_url": "http://www.youtube.com/channel/UCoJGIA_RsLVavWYwvCihxOw", "channel_id": "UCoJGIA_RsLVavWYwvCihxOw", "channel_url": "http://www.youtube.com/channel/UCoJGIA_RsLVavWYwvCihxOw", "upload_date": "20161031", "license": null, "creator": "Trent Briden", "title": "Hope", "alt_title": "Hope", "thumbnails": [{"url": "https://i.ytimg.com/vi/l9779eRhMzQ/hqdefault.jpg?sqp=-oaymwEYCKgBEF5IVfKriqkDCwgBFQAAiEIYAXAB&rs=AOn4CLDguUfmPGEvhxLPc6gWbKosf-OuVg", "width": 168, "height": 94, "resolution": "168x94", "id": "0"}, {"url": "https://i.ytimg.com/vi/l9779eRhMzQ/hqdefault.jpg?sqp=-oaymwEYCMQBEG5IVfKriqkDCwgBFQAAiEIYAXAB&rs=AOn4CLBxbnIVPoD2onWM4Dqm8cdeLcz74A", "width": 196, "height": 110, "resolution": "196x110", "id": "1"}, {"url": "https://i.ytimg.com/vi/l9779eRhMzQ/hqdefault.jpg?sqp=-oaymwEZCPYBEIoBSFXyq4qpAwsIARUAAIhCGAFwAQ==&rs=AOn4CLDrLFcP9uxkJoTMJ-VPk44ZaJxCWw", "width": 246, "height": 138, "resolution": "246x138", "id": "2"}, {"url": "https://i.ytimg.com/vi/l9779eRhMzQ/hqdefault.jpg?sqp=-oaymwEZCNACELwBSFXyq4qpAwsIARUAAIhCGAFwAQ==&rs=AOn4CLCCOxY8QHTT_Gim-T9VFaAqm_kwbg", "width": 336, "height": 188, "resolution": "336x188", "id": "3"}, {"url": "https://i.ytimg.com/vi_webp/l9779eRhMzQ/maxresdefault.webp", "width": 1920, "height": 1080, "resolution": "1920x1080", "id": "4"}], "description": "Provided to YouTube by CDBaby\n\nHope \u00b7 Trent Briden\n\nIntrospection\n\n\u2117 2016 Trent Briden\n\nReleased on: 2016-11-01\n\nAuto-generated by YouTube.", "categories": ["Music"], "tags": ["Trent", "Briden", "Introspection", "Hope"], "subtitles": {}, "automatic_captions": {}, "duration": 217, "age_limit": 0, "annotations": null, "chapters": null, "webpage_url": "https://www.youtube.com/watch?v=l9779eRhMzQ", "view_count": 79, "like_count": 2, "dislike_count": null, "average_rating": 5.0, "formats": [{"format_id": "249", "url": "https://r2---sn-5njj-u2xl.googlevideo.com/videoplayback?expire=1611763379&ei=UjoRYPvmPN7DgQONkq2IAg&ip=140.109.135.76&id=o-AAtSkVy1mkcraFrz_jfMnNfOaf0r-iml5zFnyzbW-YWn&itag=249&source=youtube&requiressl=yes&mh=hf&mm=31%2C29&mn=sn-5njj-u2xl%2Csn-un57en7s&ms=au%2Crdu&mv=m&mvi=2&pl=16&gcr=tw&initcwndbps=730000&vprv=1&mime=audio%2Fwebm&ns=Ljvwqi9ZhEbV35cJXhIyDKkF&gir=yes&clen=1549518&dur=217.301&lmt=1573844863636859&mt=1611740913&fvip=2&keepalive=yes&c=WEB&txp=1301222&n=Ich7amMdSdKmtwPGMwHS&sparams=expire%2Cei%2Cip%2Cid%2Citag%2Csource%2Crequiressl%2Cgcr%2Cvprv%2Cmime%2Cns%2Cgir%2Cclen%2Cdur%2Clmt&lsparams=mh%2Cmm%2Cmn%2Cms%2Cmv%2Cmvi%2Cpl%2Cinitcwndbps&lsig=AG3C_xAwRQIhAMBfPUzwGoHQviMX8rnEsRrzdQXsdBtbrixp1PJKP1byAiAdGSrxCBXmeadxdvSjZhCLc006-bAUHkzRDUFnieL67A%3D%3D&sig=AOq0QJ8wRQIhAIF1VPmMsOsrLGtSi6NGuZOj7tELcbzx1_ywuhs8zObgAiAIaO0YFJJZxJIAeQK3gChVgZ5dPpAny3PVI1ACzSDIAA==&ratebypass=yes", "player_url": "/s/player/c6df6ed7/player_ias.vflset/en_US/base.js", "ext": "webm", "format_note": "tiny", "acodec": "opus", "abr": 50, "asr": 48000, "filesize": 1549518, "fps": null, "height": null, "tbr": 61.891, "width": null, "vcodec": "none", "downloader_options": {"http_chunk_size": 10485760}, "format": "249 - audio only (tiny)", "protocol": "https", "http_headers": {"User-Agent": "Mozilla/5.0 (Windows NT 10.0; Win64; x64) AppleWebKit/537.36 (KHTML, like Gecko) Chrome/72.0.3626.85 Safari/537.36", "Accept-Charset": "ISO-8859-1,utf-8;q=0.7,*;q=0.7", "Accept": "text/html,application/xhtml+xml,application/xml;q=0.9,*/*;q=0.8", "Accept-Encoding": "gzip, deflate", "Accept-Language": "en-us,en;q=0.5"}}, {"format_id": "250", "url": "https://r2---sn-5njj-u2xl.googlevideo.com/videoplayback?expire=1611763379&ei=UjoRYPvmPN7DgQONkq2IAg&ip=140.109.135.76&id=o-AAtSkVy1mkcraFrz_jfMnNfOaf0r-iml5zFnyzbW-YWn&itag=250&source=youtube&requiressl=yes&mh=hf&mm=31%2C29&mn=sn-5njj-u2xl%2Csn-un57en7s&ms=au%2Crdu&mv=m&mvi=2&pl=16&gcr=tw&initcwndbps=730000&vprv=1&mime=audio%2Fwebm&ns=Ljvwqi9ZhEbV35cJXhIyDKkF&gir=yes&clen=2092590&dur=217.301&lmt=1573844862473575&mt=1611740913&fvip=2&keepalive=yes&c=WEB&txp=1301222&n=Ich7amMdSdKmtwPGMwHS&sparams=expire%2Cei%2Cip%2Cid%2Citag%2Csource%2Crequiressl%2Cgcr%2Cvprv%2Cmime%2Cns%2Cgir%2Cclen%2Cdur%2Clmt&lsparams=mh%2Cmm%2Cmn%2Cms%2Cmv%2Cmvi%2Cpl%2Cinitcwndbps&lsig=AG3C_xAwRgIhAJW_1fnegVCl4pOWfaWcSgYLh4zRl4qXjI_8O8dCGKOCAiEAtnTrzouRmvgK3r3TnmzrPi4cW1IVFX2vQZfOX69gRBM%3D&sig=AOq0QJ8wRQIgRWy5eF1oKRTBlj8h2HxxCVKFShk1fubN2PvMS5hFAtQCIQCTnbJ8Gxszm3YVxqhHQdo7UMdhZscH0PM8RvutSZhmMg==&ratebypass=yes", "player_url": "/s/player/c6df6ed7/player_ias.vflset/en_US/base.js", "ext": "webm", "format_note": "tiny", "acodec": "opus", "abr": 70, "asr": 48000, "filesize": 2092590, "fps": null, "height": null, "tbr": 83.35, "width": null, "vcodec": "none", "downloader_options": {"http_chunk_size": 10485760}, "format": "250 - audio only (tiny)", "protocol": "https", "http_headers": {"User-Agent": "Mozilla/5.0 (Windows NT 10.0; Win64; x64) AppleWebKit/537.36 (KHTML, like Gecko) Chrome/72.0.3626.85 Safari/537.36", "Accept-Charset": "ISO-8859-1,utf-8;q=0.7,*;q=0.7", "Accept": "text/html,application/xhtml+xml,application/xml;q=0.9,*/*;q=0.8", "Accept-Encoding": "gzip, deflate", "Accept-Language": "en-us,en;q=0.5"}}, {"format_id": "140", "url": "https://r2---sn-5njj-u2xl.googlevideo.com/videoplayback?expire=1611763379&ei=UjoRYPvmPN7DgQONkq2IAg&ip=140.109.135.76&id=o-AAtSkVy1mkcraFrz_jfMnNfOaf0r-iml5zFnyzbW-YWn&itag=140&source=youtube&requiressl=yes&mh=hf&mm=31%2C29&mn=sn-5njj-u2xl%2Csn-un57en7s&ms=au%2Crdu&mv=m&mvi=2&pl=16&gcr=tw&initcwndbps=730000&vprv=1&mime=audio%2Fmp4&ns=Ljvwqi9ZhEbV35cJXhIyDKkF&gir=yes&clen=3519428&dur=217.292&lmt=1602129043943372&mt=1611740913&fvip=2&keepalive=yes&c=WEB&txp=1311222&n=Ich7amMdSdKmtwPGMwHS&sparams=expire%2Cei%2Cip%2Cid%2Citag%2Csource%2Crequiressl%2Cgcr%2Cvprv%2Cmime%2Cns%2Cgir%2Cclen%2Cdur%2Clmt&lsparams=mh%2Cmm%2Cmn%2Cms%2Cmv%2Cmvi%2Cpl%2Cinitcwndbps&lsig=AG3C_xAwRgIhAPwNgYCWGPrIniQ3F26EJsLy-UaZn7DhWBaMWjCRGhfcAiEApcDuWZBr3RviKXM3u-kxBkGm9IlkuG7mvHF9C5XXNXg%3D&sig=AOq0QJ8wRQIhALQQQvY-zBdOpbvosAaSnP4lKtIgSuv_H2ZP0oaTmwwPAiAzKs9FoWFA9Wqrl2RtjI3csn-rV7snit5RMkOO_IHgQw==&ratebypass=yes", "player_url": "/s/player/c6df6ed7/player_ias.vflset/en_US/base.js", "ext": "m4a", "format_note": "tiny", "acodec": "mp4a.40.2", "abr": 128, "container": "m4a_dash", "asr": 44100, "filesize": 3519428, "fps": null, "height": null, "tbr": 130.991, "width": null, "vcodec": "none", "downloader_options": {"http_chunk_size": 10485760}, "format": "140 - audio only (tiny)", "protocol": "https", "http_headers": {"User-Agent": "Mozilla/5.0 (Windows NT 10.0; Win64; x64) AppleWebKit/537.36 (KHTML, like Gecko) Chrome/72.0.3626.85 Safari/537.36", "Accept-Charset": "ISO-8859-1,utf-8;q=0.7,*;q=0.7", "Accept": "text/html,application/xhtml+xml,application/xml;q=0.9,*/*;q=0.8", "Accept-Encoding": "gzip, deflate", "Accept-Language": "en-us,en;q=0.5"}}, {"format_id": "251", "url": "https://r2---sn-5njj-u2xl.googlevideo.com/videoplayback?expire=1611763379&ei=UjoRYPvmPN7DgQONkq2IAg&ip=140.109.135.76&id=o-AAtSkVy1mkcraFrz_jfMnNfOaf0r-iml5zFnyzbW-YWn&itag=251&source=youtube&requiressl=yes&mh=hf&mm=31%2C29&mn=sn-5njj-u2xl%2Csn-un57en7s&ms=au%2Crdu&mv=m&mvi=2&pl=16&gcr=tw&initcwndbps=730000&vprv=1&mime=audio%2Fwebm&ns=Ljvwqi9ZhEbV35cJXhIyDKkF&gir=yes&clen=4048200&dur=217.301&lmt=1573844870539086&mt=1611740913&fvip=2&keepalive=yes&c=WEB&txp=1301222&n=Ich7amMdSdKmtwPGMwHS&sparams=expire%2Cei%2Cip%2Cid%2Citag%2Csource%2Crequiressl%2Cgcr%2Cvprv%2Cmime%2Cns%2Cgir%2Cclen%2Cdur%2Clmt&lsparams=mh%2Cmm%2Cmn%2Cms%2Cmv%2Cmvi%2Cpl%2Cinitcwndbps&lsig=AG3C_xAwRQIgHm3Hrs2k00MNRTlCjrcL9mYZGgy_oznp_30I2Xtht0oCIQCLjFSB5Uf3tg_a6QBScPq9CyAjppIhnWaux0Rps2aVtA%3D%3D&sig=AOq0QJ8wRQIhAOHINbWlfqBXiHEkVVyVgCBEPgASBe-la6qYG6Uu2FVgAiApPBMEmMWrM8ozVasViIXKbWS5Nuu5CHoUWI8zkZ-Pwg==&ratebypass=yes", "player_url": "/s/player/c6df6ed7/player_ias.vflset/en_US/base.js", "ext": "webm", "format_note": "tiny", "acodec": "opus", "abr": 160, "asr": 48000, "filesize": 4048200, "fps": null, "height": null, "tbr": 159.928, "width": null, "vcodec": "none", "downloader_options": {"http_chunk_size": 10485760}, "format": "251 - audio only (tiny)", "protocol": "https", "http_headers": {"User-Agent": "Mozilla/5.0 (Windows NT 10.0; Win64; x64) AppleWebKit/537.36 (KHTML, like Gecko) Chrome/72.0.3626.85 Safari/537.36", "Accept-Charset": "ISO-8859-1,utf-8;q=0.7,*;q=0.7", "Accept": "text/html,application/xhtml+xml,application/xml;q=0.9,*/*;q=0.8", "Accept-Encoding": "gzip, deflate", "Accept-Language": "en-us,en;q=0.5"}}, {"format_id": "160", "url": "https://r2---sn-5njj-u2xl.googlevideo.com/videoplayback?expire=1611763379&ei=UjoRYPvmPN7DgQONkq2IAg&ip=140.109.135.76&id=o-AAtSkVy1mkcraFrz_jfMnNfOaf0r-iml5zFnyzbW-YWn&itag=160&aitags=133%2C134%2C135%2C136%2C137%2C160%2C242%2C243%2C244%2C247%2C248%2C278&source=youtube&requiressl=yes&mh=hf&mm=31%2C29&mn=sn-5njj-u2xl%2Csn-un57en7s&ms=au%2Crdu&mv=m&mvi=2&pl=16&gcr=tw&initcwndbps=730000&vprv=1&mime=video%2Fmp4&ns=Ljvwqi9ZhEbV35cJXhIyDKkF&gir=yes&clen=301152&dur=217.280&lmt=1602129186522781&mt=1611740913&fvip=2&keepalive=yes&c=WEB&txp=1311222&n=Ich7amMdSdKmtwPGMwHS&sparams=expire%2Cei%2Cip%2Cid%2Caitags%2Csource%2Crequiressl%2Cgcr%2Cvprv%2Cmime%2Cns%2Cgir%2Cclen%2Cdur%2Clmt&lsparams=mh%2Cmm%2Cmn%2Cms%2Cmv%2Cmvi%2Cpl%2Cinitcwndbps&lsig=AG3C_xAwRQIhAIgxMW0TqYbmx6cFv7Wb4rt1a1p-DJlzRQvsG11EzCe1AiBBO84kqjMHBO6hzC_GljLOWc-BpZkhgAwk7_mf4-NgGg%3D%3D&sig=AOq0QJ8wRAIgPLR1BhDJnmr5Aa-WZYS-isahzs_rXJaBYrInEPHLUBwCIH8vGic_k9MGGukYzDkxEn36vkFOUn59-OBKBB53c-x0&ratebypass=yes", "player_url": "/s/player/c6df6ed7/player_ias.vflset/en_US/base.js", "ext": "mp4", "height": 144, "format_note": "144p", "vcodec": "avc1.4d400b", "asr": null, "filesize": 301152, "fps": 25, "tbr": 19.05, "width": 144, "acodec": "none", "downloader_options": {"http_chunk_size": 10485760}, "format": "160 - 144x144 (144p)", "protocol": "https", "http_headers": {"User-Agent": "Mozilla/5.0 (Windows NT 10.0; Win64; x64) AppleWebKit/537.36 (KHTML, like Gecko) Chrome/72.0.3626.85 Safari/537.36", "Accept-Charset": "ISO-8859-1,utf-8;q=0.7,*;q=0.7", "Accept": "text/html,application/xhtml+xml,application/xml;q=0.9,*/*;q=0.8", "Accept-Encoding": "gzip, deflate", "Accept-Language": "en-us,en;q=0.5"}}, {"format_id": "278", "url": "https://r2---sn-5njj-u2xl.googlevideo.com/videoplayback?expire=1611763379&ei=UjoRYPvmPN7DgQONkq2IAg&ip=140.109.135.76&id=o-AAtSkVy1mkcraFrz_jfMnNfOaf0r-iml5zFnyzbW-YWn&itag=278&aitags=133%2C134%2C135%2C136%2C137%2C160%2C242%2C243%2C244%2C247%2C248%2C278&source=youtube&requiressl=yes&mh=hf&mm=31%2C29&mn=sn-5njj-u2xl%2Csn-un57en7s&ms=au%2Crdu&mv=m&mvi=2&pl=16&gcr=tw&initcwndbps=730000&vprv=1&mime=video%2Fwebm&ns=Ljvwqi9ZhEbV35cJXhIyDKkF&gir=yes&clen=541395&dur=217.280&lmt=1602133371690955&mt=1611740913&fvip=2&keepalive=yes&c=WEB&txp=1311222&n=Ich7amMdSdKmtwPGMwHS&sparams=expire%2Cei%2Cip%2Cid%2Caitags%2Csource%2Crequiressl%2Cgcr%2Cvprv%2Cmime%2Cns%2Cgir%2Cclen%2Cdur%2Clmt&lsparams=mh%2Cmm%2Cmn%2Cms%2Cmv%2Cmvi%2Cpl%2Cinitcwndbps&lsig=AG3C_xAwRAIhAPLjerdwLQ_y1mPCqHnSUkjhAf8l49BmJf0Q5o3TirgpAh8h_X8JBk2K4gLacbJOgjz2uVo6NxSc-8XnoiflcsBK&sig=AOq0QJ8wRQIgMQGFavgJu-Z1th7To0UnUa8khQz3yNGTr3PhtMHvt4gCIQDs-wr3yrnXicu9LBvHu-LDKhOKHxsE-wzKwP5K3bv4_w==&ratebypass=yes", "player_url": "/s/player/c6df6ed7/player_ias.vflset/en_US/base.js", "ext": "webm", "height": 144, "format_note": "144p", "container": "webm", "vcodec": "vp9", "asr": null, "filesize": 541395, "fps": 25, "tbr": 32.317, "width": 144, "acodec": "none", "downloader_options": {"http_chunk_size": 10485760}, "format": "278 - 144x144 (144p)", "protocol": "https", "http_headers": {"User-Agent": "Mozilla/5.0 (Windows NT 10.0; Win64; x64) AppleWebKit/537.36 (KHTML, like Gecko) Chrome/72.0.3626.85 Safari/537.36", "Accept-Charset": "ISO-8859-1,utf-8;q=0.7,*;q=0.7", "Accept": "text/html,application/xhtml+xml,application/xml;q=0.9,*/*;q=0.8", "Accept-Encoding": "gzip, deflate", "Accept-Language": "en-us,en;q=0.5"}}, {"format_id": "133", "url": "https://r2---sn-5njj-u2xl.googlevideo.com/videoplayback?expire=1611763379&ei=UjoRYPvmPN7DgQONkq2IAg&ip=140.109.135.76&id=o-AAtSkVy1mkcraFrz_jfMnNfOaf0r-iml5zFnyzbW-YWn&itag=133&aitags=133%2C134%2C135%2C136%2C137%2C160%2C242%2C243%2C244%2C247%2C248%2C278&source=youtube&requiressl=yes&mh=hf&mm=31%2C29&mn=sn-5njj-u2xl%2Csn-un57en7s&ms=au%2Crdu&mv=m&mvi=2&pl=16&gcr=tw&initcwndbps=730000&vprv=1&mime=video%2Fmp4&ns=Ljvwqi9ZhEbV35cJXhIyDKkF&gir=yes&clen=538253&dur=217.280&lmt=1602129186532279&mt=1611740913&fvip=2&keepalive=yes&c=WEB&txp=1311222&n=Ich7amMdSdKmtwPGMwHS&sparams=expire%2Cei%2Cip%2Cid%2Caitags%2Csource%2Crequiressl%2Cgcr%2Cvprv%2Cmime%2Cns%2Cgir%2Cclen%2Cdur%2Clmt&lsparams=mh%2Cmm%2Cmn%2Cms%2Cmv%2Cmvi%2Cpl%2Cinitcwndbps&lsig=AG3C_xAwRgIhAPbteHQPDXJqbYFlph4kbuiX2EchqoLtMe9N_xzQZ3IAAiEAvDlSw0FZSNvtd9nGE5e4LAAbaJKMMl7mIOSpBR8kyjk%3D&sig=AOq0QJ8wRAIgVzNLVX_GVmJA61zywXb9inl4K8J4ZHx3SzwCPqBBcG8CIDDWMv9QUHY-KdgKq65nFpgQy6vCT_FEWFCGRciQj4nO&ratebypass=yes", "player_url": "/s/player/c6df6ed7/player_ias.vflset/en_US/base.js", "ext": "mp4", "height": 240, "format_note": "240p", "vcodec": "avc1.4d400c", "asr": null, "filesize": 538253, "fps": 25, "tbr": 38.239, "width": 240, "acodec": "none", "downloader_options": {"http_chunk_size": 10485760}, "format": "133 - 240x240 (240p)", "protocol": "https", "http_headers": {"User-Agent": "Mozilla/5.0 (Windows NT 10.0; Win64; x64) AppleWebKit/537.36 (KHTML, like Gecko) Chrome/72.0.3626.85 Safari/537.36", "Accept-Charset": "ISO-8859-1,utf-8;q=0.7,*;q=0.7", "Accept": "text/html,application/xhtml+xml,application/xml;q=0.9,*/*;q=0.8", "Accept-Encoding": "gzip, deflate", "Accept-Language": "en-us,en;q=0.5"}}, {"format_id": "134", "url": "https://r2---sn-5njj-u2xl.googlevideo.com/videoplayback?expire=1611763379&ei=UjoRYPvmPN7DgQONkq2IAg&ip=140.109.135.76&id=o-AAtSkVy1mkcraFrz_jfMnNfOaf0r-iml5zFnyzbW-YWn&itag=134&aitags=133%2C134%2C135%2C136%2C137%2C160%2C242%2C243%2C244%2C247%2C248%2C278&source=youtube&requiressl=yes&mh=hf&mm=31%2C29&mn=sn-5njj-u2xl%2Csn-un57en7s&ms=au%2Crdu&mv=m&mvi=2&pl=16&gcr=tw&initcwndbps=730000&vprv=1&mime=video%2Fmp4&ns=Ljvwqi9ZhEbV35cJXhIyDKkF&gir=yes&clen=763249&dur=217.280&lmt=1602129186524710&mt=1611740913&fvip=2&keepalive=yes&c=WEB&txp=1311222&n=Ich7amMdSdKmtwPGMwHS&sparams=expire%2Cei%2Cip%2Cid%2Caitags%2Csource%2Crequiressl%2Cgcr%2Cvprv%2Cmime%2Cns%2Cgir%2Cclen%2Cdur%2Clmt&lsparams=mh%2Cmm%2Cmn%2Cms%2Cmv%2Cmvi%2Cpl%2Cinitcwndbps&lsig=AG3C_xAwRgIhAOgHEugboDUQj92VR-2g7FVHVHW458xJyaSDkV_Z7Qm9AiEA36hFJvC0id1qEm0XQH2DrTahSUACkdChxtqJpWKT-vE%3D&sig=AOq0QJ8wRAIgPLI6n7yqlRVWG_F1Vfy-m2VqJE03Uv1VVTfi-wSsj-8CIHuuMXRMSNBnvrTVHRp9K6vjp83nG1REDGnYp0dw2Smi&ratebypass=yes", "player_url": "/s/player/c6df6ed7/player_ias.vflset/en_US/base.js", "ext": "mp4", "height": 360, "format_note": "360p", "vcodec": "avc1.4d4015", "asr": null, "filesize": 763249, "fps": 25, "tbr": 56.667, "width": 360, "acodec": "none", "downloader_options": {"http_chunk_size": 10485760}, "format": "134 - 360x360 (360p)", "protocol": "https", "http_headers": {"User-Agent": "Mozilla/5.0 (Windows NT 10.0; Win64; x64) AppleWebKit/537.36 (KHTML, like Gecko) Chrome/72.0.3626.85 Safari/537.36", "Accept-Charset": "ISO-8859-1,utf-8;q=0.7,*;q=0.7", "Accept": "text/html,application/xhtml+xml,application/xml;q=0.9,*/*;q=0.8", "Accept-Encoding": "gzip, deflate", "Accept-Language": "en-us,en;q=0.5"}}, {"format_id": "242", "url": "https://r2---sn-5njj-u2xl.googlevideo.com/videoplayback?expire=1611763379&ei=UjoRYPvmPN7DgQONkq2IAg&ip=140.109.135.76&id=o-AAtSkVy1mkcraFrz_jfMnNfOaf0r-iml5zFnyzbW-YWn&itag=242&aitags=133%2C134%2C135%2C136%2C137%2C160%2C242%2C243%2C244%2C247%2C248%2C278&source=youtube&requiressl=yes&mh=hf&mm=31%2C29&mn=sn-5njj-u2xl%2Csn-un57en7s&ms=au%2Crdu&mv=m&mvi=2&pl=16&gcr=tw&initcwndbps=730000&vprv=1&mime=video%2Fwebm&ns=Ljvwqi9ZhEbV35cJXhIyDKkF&gir=yes&clen=1388226&dur=217.280&lmt=1602133371688637&mt=1611740913&fvip=2&keepalive=yes&c=WEB&txp=1311222&n=Ich7amMdSdKmtwPGMwHS&sparams=expire%2Cei%2Cip%2Cid%2Caitags%2Csource%2Crequiressl%2Cgcr%2Cvprv%2Cmime%2Cns%2Cgir%2Cclen%2Cdur%2Clmt&lsparams=mh%2Cmm%2Cmn%2Cms%2Cmv%2Cmvi%2Cpl%2Cinitcwndbps&lsig=AG3C_xAwRQIhAPnLX4ebwg-qCvjq5iRYFLPmvb252f5maTx4JZj2mZr_AiAiy2f6RJwQInrcBbpjhwVMclqa1tV0IV4qVdJWaxRsTg%3D%3D&sig=AOq0QJ8wRgIhAOLEbqGpsB9YDGMn7ViFd-ElL-9blpYknXK9IcJce2ENAiEA3kKCPCvry-Tl1nGDd0zlCk5iTfDY_YSEwgjhNEdL2t4=&ratebypass=yes", "player_url": "/s/player/c6df6ed7/player_ias.vflset/en_US/base.js", "ext": "webm", "height": 240, "format_note": "240p", "vcodec": "vp9", "asr": null, "filesize": 1388226, "fps": 25, "tbr": 58.582, "width": 240, "acodec": "none", "downloader_options": {"http_chunk_size": 10485760}, "format": "242 - 240x240 (240p)", "protocol": "https", "http_headers": {"User-Agent": "Mozilla/5.0 (Windows NT 10.0; Win64; x64) AppleWebKit/537.36 (KHTML, like Gecko) Chrome/72.0.3626.85 Safari/537.36", "Accept-Charset": "ISO-8859-1,utf-8;q=0.7,*;q=0.7", "Accept": "text/html,application/xhtml+xml,application/xml;q=0.9,*/*;q=0.8", "Accept-Encoding": "gzip, deflate", "Accept-Language": "en-us,en;q=0.5"}}, {"format_id": "135", "url": "https://r2---sn-5njj-u2xl.googlevideo.com/videoplayback?expire=1611763379&ei=UjoRYPvmPN7DgQONkq2IAg&ip=140.109.135.76&id=o-AAtSkVy1mkcraFrz_jfMnNfOaf0r-iml5zFnyzbW-YWn&itag=135&aitags=133%2C134%2C135%2C136%2C137%2C160%2C242%2C243%2C244%2C247%2C248%2C278&source=youtube&requiressl=yes&mh=hf&mm=31%2C29&mn=sn-5njj-u2xl%2Csn-un57en7s&ms=au%2Crdu&mv=m&mvi=2&pl=16&gcr=tw&initcwndbps=730000&vprv=1&mime=video%2Fmp4&ns=Ljvwqi9ZhEbV35cJXhIyDKkF&gir=yes&clen=1333600&dur=217.280&lmt=1602129186523535&mt=1611740913&fvip=2&keepalive=yes&c=WEB&txp=1311222&n=Ich7amMdSdKmtwPGMwHS&sparams=expire%2Cei%2Cip%2Cid%2Caitags%2Csource%2Crequiressl%2Cgcr%2Cvprv%2Cmime%2Cns%2Cgir%2Cclen%2Cdur%2Clmt&lsparams=mh%2Cmm%2Cmn%2Cms%2Cmv%2Cmvi%2Cpl%2Cinitcwndbps&lsig=AG3C_xAwRQIgQGMm0QMFoIKnyTU4FwIHJ9uMvapYcqybalBdMhHLhAECIQDSHVFqDcKzfL_B6YlqISCUtzgPWo7cwlRZoTVJjLSMwA%3D%3D&sig=AOq0QJ8wRAIgHqQYJWyQGrach66A1iIyoHcvLN3e5R_60FaBegOVryECIDPjoJ6FO6RDd8MTcejVXZZPZg7ehLf3lCvV0YE3kLRP&ratebypass=yes", "player_url": "/s/player/c6df6ed7/player_ias.vflset/en_US/base.js", "ext": "mp4", "height": 480, "format_note": "480p", "vcodec": "avc1.4d401e", "asr": null, "filesize": 1333600, "fps": 25, "tbr": 103.382, "width": 480, "acodec": "none", "downloader_options": {"http_chunk_size": 10485760}, "format": "135 - 480x480 (480p)", "protocol": "https", "http_headers": {"User-Agent": "Mozilla/5.0 (Windows NT 10.0; Win64; x64) AppleWebKit/537.36 (KHTML, like Gecko) Chrome/72.0.3626.85 Safari/537.36", "Accept-Charset": "ISO-8859-1,utf-8;q=0.7,*;q=0.7", "Accept": "text/html,application/xhtml+xml,application/xml;q=0.9,*/*;q=0.8", "Accept-Encoding": "gzip, deflate", "Accept-Language": "en-us,en;q=0.5"}}, {"format_id": "243", "url": "https://r2---sn-5njj-u2xl.googlevideo.com/videoplayback?expire=1611763379&ei=UjoRYPvmPN7DgQONkq2IAg&ip=140.109.135.76&id=o-AAtSkVy1mkcraFrz_jfMnNfOaf0r-iml5zFnyzbW-YWn&itag=243&aitags=133%2C134%2C135%2C136%2C137%2C160%2C242%2C243%2C244%2C247%2C248%2C278&source=youtube&requiressl=yes&mh=hf&mm=31%2C29&mn=sn-5njj-u2xl%2Csn-un57en7s&ms=au%2Crdu&mv=m&mvi=2&pl=16&gcr=tw&initcwndbps=730000&vprv=1&mime=video%2Fwebm&ns=Ljvwqi9ZhEbV35cJXhIyDKkF&gir=yes&clen=2407453&dur=217.280&lmt=1602133371693645&mt=1611740913&fvip=2&keepalive=yes&c=WEB&txp=1311222&n=Ich7amMdSdKmtwPGMwHS&sparams=expire%2Cei%2Cip%2Cid%2Caitags%2Csource%2Crequiressl%2Cgcr%2Cvprv%2Cmime%2Cns%2Cgir%2Cclen%2Cdur%2Clmt&lsparams=mh%2Cmm%2Cmn%2Cms%2Cmv%2Cmvi%2Cpl%2Cinitcwndbps&lsig=AG3C_xAwRAIgFRVH1efMtNGaUwtIaYehYGUu8O0X2vhlFMo18Dil2tMCIFOmj0NQtAXnb2wsQocvlxuYYlAmN4Oa9qQMwJ0gAoCY&sig=AOq0QJ8wRQIgWJ0GLAbTqHUPmT4HjfaCBlIYnJZuqswdPDUtOpfD_iYCIQC9fAnQ8tqtMPJusXenACsKrxG0VglcIgTL_v_zFXSbZw==&ratebypass=yes", "player_url": "/s/player/c6df6ed7/player_ias.vflset/en_US/base.js", "ext": "webm", "height": 360, "format_note": "360p", "vcodec": "vp9", "asr": null, "filesize": 2407453, "fps": 25, "tbr": 148.946, "width": 360, "acodec": "none", "downloader_options": {"http_chunk_size": 10485760}, "format": "243 - 360x360 (360p)", "protocol": "https", "http_headers": {"User-Agent": "Mozilla/5.0 (Windows NT 10.0; Win64; x64) AppleWebKit/537.36 (KHTML, like Gecko) Chrome/72.0.3626.85 Safari/537.36", "Accept-Charset": "ISO-8859-1,utf-8;q=0.7,*;q=0.7", "Accept": "text/html,application/xhtml+xml,application/xml;q=0.9,*/*;q=0.8", "Accept-Encoding": "gzip, deflate", "Accept-Language": "en-us,en;q=0.5"}}, {"format_id": "136", "url": "https://r2---sn-5njj-u2xl.googlevideo.com/videoplayback?expire=1611763379&ei=UjoRYPvmPN7DgQONkq2IAg&ip=140.109.135.76&id=o-AAtSkVy1mkcraFrz_jfMnNfOaf0r-iml5zFnyzbW-YWn&itag=136&aitags=133%2C134%2C135%2C136%2C137%2C160%2C242%2C243%2C244%2C247%2C248%2C278&source=youtube&requiressl=yes&mh=hf&mm=31%2C29&mn=sn-5njj-u2xl%2Csn-un57en7s&ms=au%2Crdu&mv=m&mvi=2&pl=16&gcr=tw&initcwndbps=730000&vprv=1&mime=video%2Fmp4&ns=Ljvwqi9ZhEbV35cJXhIyDKkF&gir=yes&clen=2255167&dur=217.280&lmt=1602129186585811&mt=1611740913&fvip=2&keepalive=yes&c=WEB&txp=1311222&n=Ich7amMdSdKmtwPGMwHS&sparams=expire%2Cei%2Cip%2Cid%2Caitags%2Csource%2Crequiressl%2Cgcr%2Cvprv%2Cmime%2Cns%2Cgir%2Cclen%2Cdur%2Clmt&lsparams=mh%2Cmm%2Cmn%2Cms%2Cmv%2Cmvi%2Cpl%2Cinitcwndbps&lsig=AG3C_xAwRQIgfl60tJQ3JWFgVHvM57OpLQn0t7Wi6bV5cJIKXvi8Ky0CIQCHELYPTROMxieUWOz3D-gtR6DJpMgf_XDlERR2VI_qOw%3D%3D&sig=AOq0QJ8wRgIhANyi5PLCeSJyzQgEiOA8sjwgCdSDhRp27myxVe_0EtYXAiEAuGJyqykn105fjzwAb-RZxhBAQtl2-cAIB7nJntrf_Qs=&ratebypass=yes", "player_url": "/s/player/c6df6ed7/player_ias.vflset/en_US/base.js", "ext": "mp4", "height": 720, "format_note": "720p", "vcodec": "avc1.4d401f", "asr": null, "filesize": 2255167, "fps": 25, "tbr": 177.549, "width": 720, "acodec": "none", "downloader_options": {"http_chunk_size": 10485760}, "format": "136 - 720x720 (720p)", "protocol": "https", "http_headers": {"User-Agent": "Mozilla/5.0 (Windows NT 10.0; Win64; x64) AppleWebKit/537.36 (KHTML, like Gecko) Chrome/72.0.3626.85 Safari/537.36", "Accept-Charset": "ISO-8859-1,utf-8;q=0.7,*;q=0.7", "Accept": "text/html,application/xhtml+xml,application/xml;q=0.9,*/*;q=0.8", "Accept-Encoding": "gzip, deflate", "Accept-Language": "en-us,en;q=0.5"}}, {"format_id": "244", "url": "https://r2---sn-5njj-u2xl.googlevideo.com/videoplayback?expire=1611763379&ei=UjoRYPvmPN7DgQONkq2IAg&ip=140.109.135.76&id=o-AAtSkVy1mkcraFrz_jfMnNfOaf0r-iml5zFnyzbW-YWn&itag=244&aitags=133%2C134%2C135%2C136%2C137%2C160%2C242%2C243%2C244%2C247%2C248%2C278&source=youtube&requiressl=yes&mh=hf&mm=31%2C29&mn=sn-5njj-u2xl%2Csn-un57en7s&ms=au%2Crdu&mv=m&mvi=2&pl=16&gcr=tw&initcwndbps=730000&vprv=1&mime=video%2Fwebm&ns=Ljvwqi9ZhEbV35cJXhIyDKkF&gir=yes&clen=4645711&dur=217.280&lmt=1602133371679886&mt=1611740913&fvip=2&keepalive=yes&c=WEB&txp=1311222&n=Ich7amMdSdKmtwPGMwHS&sparams=expire%2Cei%2Cip%2Cid%2Caitags%2Csource%2Crequiressl%2Cgcr%2Cvprv%2Cmime%2Cns%2Cgir%2Cclen%2Cdur%2Clmt&lsparams=mh%2Cmm%2Cmn%2Cms%2Cmv%2Cmvi%2Cpl%2Cinitcwndbps&lsig=AG3C_xAwRQIgHSVn6oYOgtzjKyWx4Ml1qav6fuY0VQucn7DqSsMcNJwCIQDI1gCdYigV_Wtgvzx7N7LD8fEKq18ALlJO5m-QIkrW6A%3D%3D&sig=AOq0QJ8wRAIgfz9HZfeNg4Pk_Ai92qdky-DTgYZIGcPP1RwStypI7ksCIAEqFjj1-tHeiyFdr41R02RE8qRHl3qupr_Lhf1tpPGL&ratebypass=yes", "player_url": "/s/player/c6df6ed7/player_ias.vflset/en_US/base.js", "ext": "webm", "height": 480, "format_note": "480p", "vcodec": "vp9", "asr": null, "filesize": 4645711, "fps": 25, "tbr": 257.474, "width": 480, "acodec": "none", "downloader_options": {"http_chunk_size": 10485760}, "format": "244 - 480x480 (480p)", "protocol": "https", "http_headers": {"User-Agent": "Mozilla/5.0 (Windows NT 10.0; Win64; x64) AppleWebKit/537.36 (KHTML, like Gecko) Chrome/72.0.3626.85 Safari/537.36", "Accept-Charset": "ISO-8859-1,utf-8;q=0.7,*;q=0.7", "Accept": "text/html,application/xhtml+xml,application/xml;q=0.9,*/*;q=0.8", "Accept-Encoding": "gzip, deflate", "Accept-Language": "en-us,en;q=0.5"}}, {"format_id": "137", "url": "https://r2---sn-5njj-u2xl.googlevideo.com/videoplayback?expire=1611763379&ei=UjoRYPvmPN7DgQONkq2IAg&ip=140.109.135.76&id=o-AAtSkVy1mkcraFrz_jfMnNfOaf0r-iml5zFnyzbW-YWn&itag=137&aitags=133%2C134%2C135%2C136%2C137%2C160%2C242%2C243%2C244%2C247%2C248%2C278&source=youtube&requiressl=yes&mh=hf&mm=31%2C29&mn=sn-5njj-u2xl%2Csn-un57en7s&ms=au%2Crdu&mv=m&mvi=2&pl=16&gcr=tw&initcwndbps=730000&vprv=1&mime=video%2Fmp4&ns=Ljvwqi9ZhEbV35cJXhIyDKkF&gir=yes&clen=5725123&dur=217.280&lmt=1602129051247284&mt=1611740913&fvip=2&keepalive=yes&c=WEB&txp=1311222&n=Ich7amMdSdKmtwPGMwHS&sparams=expire%2Cei%2Cip%2Cid%2Caitags%2Csource%2Crequiressl%2Cgcr%2Cvprv%2Cmime%2Cns%2Cgir%2Cclen%2Cdur%2Clmt&lsparams=mh%2Cmm%2Cmn%2Cms%2Cmv%2Cmvi%2Cpl%2Cinitcwndbps&lsig=AG3C_xAwRgIhAMnR8tvph20Qvl5OV_6siJjv_IH_igGAPwpPZTL9bVVrAiEAhg0BtzL1zlod81GrZi89Ffr32ZVQDltQmyKAYKPFdsU%3D&sig=AOq0QJ8wRgIhAIHV2nagwEptP8501S4adwXAyl-oZ_PaGE_7e_MhjT7_AiEAlDZduh97FzPXjZ8cEQeiwKRy5IZbmZN3zYZtACzO3IE=&ratebypass=yes", "player_url": "/s/player/c6df6ed7/player_ias.vflset/en_US/base.js", "ext": "mp4", "height": 1080, "format_note": "1080p", "vcodec": "avc1.640020", "asr": null, "filesize": 5725123, "fps": 25, "tbr": 457.742, "width": 1080, "acodec": "none", "downloader_options": {"http_chunk_size": 10485760}, "format": "137 - 1080x1080 (1080p)", "protocol": "https", "http_headers": {"User-Agent": "Mozilla/5.0 (Windows NT 10.0; Win64; x64) AppleWebKit/537.36 (KHTML, like Gecko) Chrome/72.0.3626.85 Safari/537.36", "Accept-Charset": "ISO-8859-1,utf-8;q=0.7,*;q=0.7", "Accept": "text/html,application/xhtml+xml,application/xml;q=0.9,*/*;q=0.8", "Accept-Encoding": "gzip, deflate", "Accept-Language": "en-us,en;q=0.5"}}, {"format_id": "247", "url": "https://r2---sn-5njj-u2xl.googlevideo.com/videoplayback?expire=1611763379&ei=UjoRYPvmPN7DgQONkq2IAg&ip=140.109.135.76&id=o-AAtSkVy1mkcraFrz_jfMnNfOaf0r-iml5zFnyzbW-YWn&itag=247&aitags=133%2C134%2C135%2C136%2C137%2C160%2C242%2C243%2C244%2C247%2C248%2C278&source=youtube&requiressl=yes&mh=hf&mm=31%2C29&mn=sn-5njj-u2xl%2Csn-un57en7s&ms=au%2Crdu&mv=m&mvi=2&pl=16&gcr=tw&initcwndbps=730000&vprv=1&mime=video%2Fwebm&ns=Ljvwqi9ZhEbV35cJXhIyDKkF&gir=yes&clen=8394767&dur=217.280&lmt=1602133371678072&mt=1611740913&fvip=2&keepalive=yes&c=WEB&txp=1311222&n=Ich7amMdSdKmtwPGMwHS&sparams=expire%2Cei%2Cip%2Cid%2Caitags%2Csource%2Crequiressl%2Cgcr%2Cvprv%2Cmime%2Cns%2Cgir%2Cclen%2Cdur%2Clmt&lsparams=mh%2Cmm%2Cmn%2Cms%2Cmv%2Cmvi%2Cpl%2Cinitcwndbps&lsig=AG3C_xAwRgIhAPXRUhA_TmTuc1Aa0lh3TGQIbjGokW__b6W_3Sa_WEh_AiEAxHt3kKMn2XHbxRdrhLmyLF17uaS73TpKF5UwC7MXDYs%3D&sig=AOq0QJ8wRQIgDa7emhiHlCk8hZOG8tLlzBH1C2xyFZ4iHT3QBOU4W1sCIQDMf2_LpZOzgz33y1kERHm0HxKhqZr70sEFqgq2IwZ35A==&ratebypass=yes", "player_url": "/s/player/c6df6ed7/player_ias.vflset/en_US/base.js", "ext": "webm", "height": 720, "format_note": "720p", "vcodec": "vp9", "asr": null, "filesize": 8394767, "fps": 25, "tbr": 485.657, "width": 720, "acodec": "none", "downloader_options": {"http_chunk_size": 10485760}, "format": "247 - 720x720 (720p)", "protocol": "https", "http_headers": {"User-Agent": "Mozilla/5.0 (Windows NT 10.0; Win64; x64) AppleWebKit/537.36 (KHTML, like Gecko) Chrome/72.0.3626.85 Safari/537.36", "Accept-Charset": "ISO-8859-1,utf-8;q=0.7,*;q=0.7", "Accept": "text/html,application/xhtml+xml,application/xml;q=0.9,*/*;q=0.8", "Accept-Encoding": "gzip, deflate", "Accept-Language": "en-us,en;q=0.5"}}, {"format_id": "248", "url": "https://r2---sn-5njj-u2xl.googlevideo.com/videoplayback?expire=1611763379&ei=UjoRYPvmPN7DgQONkq2IAg&ip=140.109.135.76&id=o-AAtSkVy1mkcraFrz_jfMnNfOaf0r-iml5zFnyzbW-YWn&itag=248&aitags=133%2C134%2C135%2C136%2C137%2C160%2C242%2C243%2C244%2C247%2C248%2C278&source=youtube&requiressl=yes&mh=hf&mm=31%2C29&mn=sn-5njj-u2xl%2Csn-un57en7s&ms=au%2Crdu&mv=m&mvi=2&pl=16&gcr=tw&initcwndbps=730000&vprv=1&mime=video%2Fwebm&ns=Ljvwqi9ZhEbV35cJXhIyDKkF&gir=yes&clen=15087672&dur=217.280&lmt=1602130851117454&mt=1611740913&fvip=2&keepalive=yes&c=WEB&txp=1311222&n=Ich7amMdSdKmtwPGMwHS&sparams=expire%2Cei%2Cip%2Cid%2Caitags%2Csource%2Crequiressl%2Cgcr%2Cvprv%2Cmime%2Cns%2Cgir%2Cclen%2Cdur%2Clmt&lsparams=mh%2Cmm%2Cmn%2Cms%2Cmv%2Cmvi%2Cpl%2Cinitcwndbps&lsig=AG3C_xAwRgIhANfCsXi9S55N5mm9jo4ej0dkLOuvSwwdelb5kCAqlTsHAiEAmuvDXY956A9FHk0rYAiQqByc8R4doNIHEdLUEx3mT4U%3D&sig=AOq0QJ8wRgIhAIFoC4pE4hFWz7Q_3qB1NT5foQANHMs5Fl6JPbKQq6FtAiEAlLlZb9A2yZFGiuE4iuN82rOUSJl-P_gDXZAzT45y60w=&ratebypass=yes", "player_url": "/s/player/c6df6ed7/player_ias.vflset/en_US/base.js", "ext": "webm", "height": 1080, "format_note": "1080p", "vcodec": "vp9", "asr": null, "filesize": 15087672, "fps": 25, "tbr": 763.707, "width": 1080, "acodec": "none", "downloader_options": {"http_chunk_size": 10485760}, "format": "248 - 1080x1080 (1080p)", "protocol": "https", "http_headers": {"User-Agent": "Mozilla/5.0 (Windows NT 10.0; Win64; x64) AppleWebKit/537.36 (KHTML, like Gecko) Chrome/72.0.3626.85 Safari/537.36", "Accept-Charset": "ISO-8859-1,utf-8;q=0.7,*;q=0.7", "Accept": "text/html,application/xhtml+xml,application/xml;q=0.9,*/*;q=0.8", "Accept-Encoding": "gzip, deflate", "Accept-Language": "en-us,en;q=0.5"}}, {"format_id": "18", "url": "https://r2---sn-5njj-u2xl.googlevideo.com/videoplayback?expire=1611763379&ei=UjoRYPvmPN7DgQONkq2IAg&ip=140.109.135.76&id=o-AAtSkVy1mkcraFrz_jfMnNfOaf0r-iml5zFnyzbW-YWn&itag=18&source=youtube&requiressl=yes&mh=hf&mm=31%2C29&mn=sn-5njj-u2xl%2Csn-un57en7s&ms=au%2Crdu&mv=m&mvi=2&pl=16&gcr=tw&initcwndbps=730000&vprv=1&mime=video%2Fmp4&ns=7PZEVpAWNTe109nqIDNM7hEF&gir=yes&clen=6773693&ratebypass=yes&dur=217.338&lmt=1573844222042150&mt=1611740913&fvip=2&c=WEB&txp=1311222&n=u8WO5I1cmxOOxXvCoo24&sparams=expire%2Cei%2Cip%2Cid%2Citag%2Csource%2Crequiressl%2Cgcr%2Cvprv%2Cmime%2Cns%2Cgir%2Cclen%2Cratebypass%2Cdur%2Clmt&lsparams=mh%2Cmm%2Cmn%2Cms%2Cmv%2Cmvi%2Cpl%2Cinitcwndbps&lsig=AG3C_xAwRQIgCzj13LPZiTSHDn5EfiahVTYFFcXn725qdLufaxe8G3ACIQDD2VZNMFWLGZWzakSAP1XBYEiPnKxojLQclWfOfMGZiQ%3D%3D&sig=AOq0QJ8wRQIgQQLtgKlEXxH1iO1jeSrTLgHkBnj--V6VqsDq-kZZ4M0CIQCqye0r2n4vmIkA0-LWLYP5MuYb6PY3sf4pBPTqvAZmdQ==", "player_url": "/s/player/c6df6ed7/player_ias.vflset/en_US/base.js", "ext": "mp4", "width": 360, "height": 360, "acodec": "mp4a.40.2", "abr": 96, "vcodec": "avc1.42001E", "asr": 44100, "filesize": 6773693, "format_note": "360p", "fps": 25, "tbr": 249.399, "format": "18 - 360x360 (360p)", "protocol": "https", "http_headers": {"User-Agent": "Mozilla/5.0 (Windows NT 10.0; Win64; x64) AppleWebKit/537.36 (KHTML, like Gecko) Chrome/72.0.3626.85 Safari/537.36", "Accept-Charset": "ISO-8859-1,utf-8;q=0.7,*;q=0.7", "Accept": "text/html,application/xhtml+xml,application/xml;q=0.9,*/*;q=0.8", "Accept-Encoding": "gzip, deflate", "Accept-Language": "en-us,en;q=0.5"}}], "is_live": null, "start_time": null, "end_time": null, "series": null, "season_number": null, "episode_number": null, "track": "Hope", "artist": "Trent Briden", "album": "Introspection", "release_date": "20161101", "release_year": 2016, "extractor": "youtube", "webpage_url_basename": "watch", "extractor_key": "Youtube", "playlist": null, "playlist_index": null, "thumbnail": "https://i.ytimg.com/vi_webp/l9779eRhMzQ/maxresdefault.webp", "display_id": "l9779eRhMzQ", "requested_subtitles": null, "format_id": "251", "url": "https://r2---sn-5njj-u2xl.googlevideo.com/videoplayback?expire=1611763379&ei=UjoRYPvmPN7DgQONkq2IAg&ip=140.109.135.76&id=o-AAtSkVy1mkcraFrz_jfMnNfOaf0r-iml5zFnyzbW-YWn&itag=251&source=youtube&requiressl=yes&mh=hf&mm=31%2C29&mn=sn-5njj-u2xl%2Csn-un57en7s&ms=au%2Crdu&mv=m&mvi=2&pl=16&gcr=tw&initcwndbps=730000&vprv=1&mime=audio%2Fwebm&ns=Ljvwqi9ZhEbV35cJXhIyDKkF&gir=yes&clen=4048200&dur=217.301&lmt=1573844870539086&mt=1611740913&fvip=2&keepalive=yes&c=WEB&txp=1301222&n=Ich7amMdSdKmtwPGMwHS&sparams=expire%2Cei%2Cip%2Cid%2Citag%2Csource%2Crequiressl%2Cgcr%2Cvprv%2Cmime%2Cns%2Cgir%2Cclen%2Cdur%2Clmt&lsparams=mh%2Cmm%2Cmn%2Cms%2Cmv%2Cmvi%2Cpl%2Cinitcwndbps&lsig=AG3C_xAwRQIgHm3Hrs2k00MNRTlCjrcL9mYZGgy_oznp_30I2Xtht0oCIQCLjFSB5Uf3tg_a6QBScPq9CyAjppIhnWaux0Rps2aVtA%3D%3D&sig=AOq0QJ8wRQIhAOHINbWlfqBXiHEkVVyVgCBEPgASBe-la6qYG6Uu2FVgAiApPBMEmMWrM8ozVasViIXKbWS5Nuu5CHoUWI8zkZ-Pwg==&ratebypass=yes", "player_url": "/s/player/c6df6ed7/player_ias.vflset/en_US/base.js", "ext": "webm", "format_note": "tiny", "acodec": "opus", "abr": 160, "asr": 48000, "filesize": 4048200, "fps": null, "height": null, "tbr": 159.928, "width": null, "vcodec": "none", "downloader_options": {"http_chunk_size": 10485760}, "format": "251 - audio only (tiny)", "protocol": "https", "http_headers": {"User-Agent": "Mozilla/5.0 (Windows NT 10.0; Win64; x64) AppleWebKit/537.36 (KHTML, like Gecko) Chrome/72.0.3626.85 Safari/537.36", "Accept-Charset": "ISO-8859-1,utf-8;q=0.7,*;q=0.7", "Accept": "text/html,application/xhtml+xml,application/xml;q=0.9,*/*;q=0.8", "Accept-Encoding": "gzip, deflate", "Accept-Language": "en-us,en;q=0.5"}}