{"id": "L0_HFOOsgYY", "uploader": "Piano in U", "uploader_id": "UC65OhXlLUNeuWJ_j5jUU2tQ", "uploader_url": "http://www.youtube.com/channel/UC65OhXlLUNeuWJ_j5jUU2tQ", "channel_id": "UC65OhXlLUNeuWJ_j5jUU2tQ", "channel_url": "http://www.youtube.com/channel/UC65OhXlLUNeuWJ_j5jUU2tQ", "upload_date": "20200121", "license": null, "creator": null, "title": "Some Things Never Change_\uaca8\uc6b8\uc655\uad6d 2 (Frozen 2 OST) Piano cover/Sheet", "alt_title": null, "thumbnails": [{"url": "https://i.ytimg.com/vi/L0_HFOOsgYY/hqdefault.jpg?sqp=-oaymwEYCKgBEF5IVfKriqkDCwgBFQAAiEIYAXAB&rs=AOn4CLCLpICo0ieWptKR1u5FN1VGmUvytQ", "width": 168, "height": 94, "resolution": "168x94", "id": "0"}, {"url": "https://i.ytimg.com/vi/L0_HFOOsgYY/hqdefault.jpg?sqp=-oaymwEYCMQBEG5IVfKriqkDCwgBFQAAiEIYAXAB&rs=AOn4CLCzA37dqYUajtUPaZIHvXylHvcjjQ", "width": 196, "height": 110, "resolution": "196x110", "id": "1"}, {"url": "https://i.ytimg.com/vi/L0_HFOOsgYY/hqdefault.jpg?sqp=-oaymwEZCPYBEIoBSFXyq4qpAwsIARUAAIhCGAFwAQ==&rs=AOn4CLBk6KoqzaZtL-5JBkHEIiDr67Nj2Q", "width": 246, "height": 138, "resolution": "246x138", "id": "2"}, {"url": "https://i.ytimg.com/vi/L0_HFOOsgYY/hqdefault.jpg?sqp=-oaymwEZCNACELwBSFXyq4qpAwsIARUAAIhCGAFwAQ==&rs=AOn4CLBkspTfO0su-8WJavpHxGsalAKlwg", "width": 336, "height": 188, "resolution": "336x188", "id": "3"}], "description": "\u266cPiano Sheet \nhttps://www.musicnotes.com/l/T3zq4\n\nThanks for Watching. \nPlease like and Subscribe\u2661", "categories": ["Music"], "tags": ["\ud53c\uc544\ub178\uc778\uc720", "piano in u", "PIANOiNU", "pianoinu", "kpop piano", "sheet music", "\ucf00\uc774\ud31d\ud53c\uc544\ub178", "ost piano", "ost", "piano", "\ud53c\uc544\ub178", "sheeet", "\uc545\ubcf4", "pop", "\ud31d", "\uc7a0\uc798\ub54c", "\uacf5\ubd80\ud560\ub54c", "sleep", "study", "cover", "\ucee4\ubc84", "some things never change", "frozen", "frozen 2", "\uaca8\uc6b8\uc655\uad6d", "\uaca8\uc6b8\uc655\uad6d2", "frozen2 ost", "frozen ost"], "subtitles": {}, "automatic_captions": {}, "duration": 208, "age_limit": 0, "annotations": null, "chapters": null, "webpage_url": "https://www.youtube.com/watch?v=L0_HFOOsgYY", "view_count": 75900, "like_count": 1640, "dislike_count": 14, "average_rating": 4.9661427, "formats": [{"format_id": "249", "url": "https://r7---sn-5njj-u2xl.googlevideo.com/videoplayback?expire=1611763486&ei=vjoRYPvDL4u0lQT3zb_IAQ&ip=140.109.135.76&id=o-AIpH3u5E75l3aKn7Hr3hHmQTn1higA3GMyQ6TNQUPAV0&itag=249&source=youtube&requiressl=yes&mh=Qh&mm=31%2C29&mn=sn-5njj-u2xl%2Csn-un57sn7s&ms=au%2Crdu&mv=m&mvi=7&pcm2cms=yes&pl=16&initcwndbps=730000&vprv=1&mime=audio%2Fwebm&ns=XVUCYEVj7EN92-verBxxvE8F&gir=yes&clen=1518201&dur=208.141&lmt=1579599029596994&mt=1611740913&fvip=6&keepalive=yes&c=WEB&txp=6301222&n=qYGprTxLB5nZyPa7DF7D&sparams=expire%2Cei%2Cip%2Cid%2Citag%2Csource%2Crequiressl%2Cvprv%2Cmime%2Cns%2Cgir%2Cclen%2Cdur%2Clmt&lsparams=mh%2Cmm%2Cmn%2Cms%2Cmv%2Cmvi%2Cpcm2cms%2Cpl%2Cinitcwndbps&lsig=AG3C_xAwRgIhAJWIkUzHcYLxp8FrTXy1kq9CSJgvPpHkUjsQovr7y0w4AiEAzOWHtm9sECx_jbtsB0YoPhS1vNslLIv5zX3kb5zbb-4%3D&sig=AOq0QJ8wRAIgIvrnu9xXcGJSNv7Az4cjuJuyQIk0Bj82yadoH7N7m54CIGmvB5ARQ8WzYnBwsIxA6HNQy6yOxW4t6Mgv8XfgCJKf&ratebypass=yes", "player_url": "/s/player/c6df6ed7/player_ias.vflset/en_US/base.js", "ext": "webm", "format_note": "tiny", "acodec": "opus", "abr": 50, "asr": 48000, "filesize": 1518201, "fps": null, "height": null, "tbr": 67.056, "width": null, "vcodec": "none", "downloader_options": {"http_chunk_size": 10485760}, "format": "249 - audio only (tiny)", "protocol": "https", "http_headers": {"User-Agent": "Mozilla/5.0 (Windows NT 10.0; Win64; x64) AppleWebKit/537.36 (KHTML, like Gecko) Chrome/72.0.3626.85 Safari/537.36", "Accept-Charset": "ISO-8859-1,utf-8;q=0.7,*;q=0.7", "Accept": "text/html,application/xhtml+xml,application/xml;q=0.9,*/*;q=0.8", "Accept-Encoding": "gzip, deflate", "Accept-Language": "en-us,en;q=0.5"}}, {"format_id": "250", "url": "https://r7---sn-5njj-u2xl.googlevideo.com/videoplayback?expire=1611763486&ei=vjoRYPvDL4u0lQT3zb_IAQ&ip=140.109.135.76&id=o-AIpH3u5E75l3aKn7Hr3hHmQTn1higA3GMyQ6TNQUPAV0&itag=250&source=youtube&requiressl=yes&mh=Qh&mm=31%2C29&mn=sn-5njj-u2xl%2Csn-un57sn7s&ms=au%2Crdu&mv=m&mvi=7&pcm2cms=yes&pl=16&initcwndbps=730000&vprv=1&mime=audio%2Fwebm&ns=XVUCYEVj7EN92-verBxxvE8F&gir=yes&clen=2041580&dur=208.141&lmt=1579599029585845&mt=1611740913&fvip=6&keepalive=yes&c=WEB&txp=6301222&n=qYGprTxLB5nZyPa7DF7D&sparams=expire%2Cei%2Cip%2Cid%2Citag%2Csource%2Crequiressl%2Cvprv%2Cmime%2Cns%2Cgir%2Cclen%2Cdur%2Clmt&lsparams=mh%2Cmm%2Cmn%2Cms%2Cmv%2Cmvi%2Cpcm2cms%2Cpl%2Cinitcwndbps&lsig=AG3C_xAwRAIgbbvcMJ6jGW4XI2_NgwMF6hbM_dUAhxJ7ecTqMrPy5PcCIFk0VB-PUpM6bvFiSSpxo_4VP1xRZ2e47PVKfSLV5I4S&sig=AOq0QJ8wRAIgf1hRugGwQkm94IkRsDNyzSk1FF14_CPyCFX2UWbMNzoCIEzmozUXjywjwPVpGxK59QEawf6ZEOYWgB_djQ6vMFXl&ratebypass=yes", "player_url": "/s/player/c6df6ed7/player_ias.vflset/en_US/base.js", "ext": "webm", "format_note": "tiny", "acodec": "opus", "abr": 70, "asr": 48000, "filesize": 2041580, "fps": null, "height": null, "tbr": 88.906, "width": null, "vcodec": "none", "downloader_options": {"http_chunk_size": 10485760}, "format": "250 - audio only (tiny)", "protocol": "https", "http_headers": {"User-Agent": "Mozilla/5.0 (Windows NT 10.0; Win64; x64) AppleWebKit/537.36 (KHTML, like Gecko) Chrome/72.0.3626.85 Safari/537.36", "Accept-Charset": "ISO-8859-1,utf-8;q=0.7,*;q=0.7", "Accept": "text/html,application/xhtml+xml,application/xml;q=0.9,*/*;q=0.8", "Accept-Encoding": "gzip, deflate", "Accept-Language": "en-us,en;q=0.5"}}, {"format_id": "140", "url": "https://r7---sn-5njj-u2xl.googlevideo.com/videoplayback?expire=1611763486&ei=vjoRYPvDL4u0lQT3zb_IAQ&ip=140.109.135.76&id=o-AIpH3u5E75l3aKn7Hr3hHmQTn1higA3GMyQ6TNQUPAV0&itag=140&source=youtube&requiressl=yes&mh=Qh&mm=31%2C29&mn=sn-5njj-u2xl%2Csn-un57sn7s&ms=au%2Crdu&mv=m&mvi=7&pcm2cms=yes&pl=16&initcwndbps=730000&vprv=1&mime=audio%2Fmp4&ns=XVUCYEVj7EN92-verBxxvE8F&gir=yes&clen=3369854&dur=208.166&lmt=1579597161317866&mt=1611740913&fvip=6&keepalive=yes&c=WEB&txp=6311222&n=qYGprTxLB5nZyPa7DF7D&sparams=expire%2Cei%2Cip%2Cid%2Citag%2Csource%2Crequiressl%2Cvprv%2Cmime%2Cns%2Cgir%2Cclen%2Cdur%2Clmt&lsparams=mh%2Cmm%2Cmn%2Cms%2Cmv%2Cmvi%2Cpcm2cms%2Cpl%2Cinitcwndbps&lsig=AG3C_xAwRAIgOxEcgRb5E5dFQ8X_n5hA7ETL6WyywosoAMs9vQS8U-gCIGhJDQaOQ4MkAfY5OCah_RrBgWDQ_Y5zDb_Nu2G9kmCB&sig=AOq0QJ8wRQIhAK9MsoaR4-IuIa-rshUCoZHeZT0Pi8wnc4Hd3P2OyItZAiAmCn9AG_hdlX4WMX5cbwZwxdgzwzTFl4UNOyEBrMfgKw==&ratebypass=yes", "player_url": "/s/player/c6df6ed7/player_ias.vflset/en_US/base.js", "ext": "m4a", "format_note": "tiny", "acodec": "mp4a.40.2", "abr": 128, "container": "m4a_dash", "asr": 44100, "filesize": 3369854, "fps": null, "height": null, "tbr": 130.447, "width": null, "vcodec": "none", "downloader_options": {"http_chunk_size": 10485760}, "format": "140 - audio only (tiny)", "protocol": "https", "http_headers": {"User-Agent": "Mozilla/5.0 (Windows NT 10.0; Win64; x64) AppleWebKit/537.36 (KHTML, like Gecko) Chrome/72.0.3626.85 Safari/537.36", "Accept-Charset": "ISO-8859-1,utf-8;q=0.7,*;q=0.7", "Accept": "text/html,application/xhtml+xml,application/xml;q=0.9,*/*;q=0.8", "Accept-Encoding": "gzip, deflate", "Accept-Language": "en-us,en;q=0.5"}}, {"format_id": "251", "url": "https://r7---sn-5njj-u2xl.googlevideo.com/videoplayback?expire=1611763486&ei=vjoRYPvDL4u0lQT3zb_IAQ&ip=140.109.135.76&id=o-AIpH3u5E75l3aKn7Hr3hHmQTn1higA3GMyQ6TNQUPAV0&itag=251&source=youtube&requiressl=yes&mh=Qh&mm=31%2C29&mn=sn-5njj-u2xl%2Csn-un57sn7s&ms=au%2Crdu&mv=m&mvi=7&pcm2cms=yes&pl=16&initcwndbps=730000&vprv=1&mime=audio%2Fwebm&ns=XVUCYEVj7EN92-verBxxvE8F&gir=yes&clen=3941293&dur=208.141&lmt=1579599030881847&mt=1611740913&fvip=6&keepalive=yes&c=WEB&txp=6301222&n=qYGprTxLB5nZyPa7DF7D&sparams=expire%2Cei%2Cip%2Cid%2Citag%2Csource%2Crequiressl%2Cvprv%2Cmime%2Cns%2Cgir%2Cclen%2Cdur%2Clmt&lsparams=mh%2Cmm%2Cmn%2Cms%2Cmv%2Cmvi%2Cpcm2cms%2Cpl%2Cinitcwndbps&lsig=AG3C_xAwRQIgdeV0rxz-M_xy8SqCwedvky7LIxSiWS4HiNSGfJDxkZ0CIQDIHkGQj_bkxWQAbloeJ0aJysf5quY7i6LdcZq8bKmGOg%3D%3D&sig=AOq0QJ8wRQIhANnhslXR_LSEnQxfFvc7_eHkSWKKG7qxA7sxGZzBRw8AAiAnYaks8Wy5jE2SULQjC8du4_yq7fozkkf4ICgXW4-Jpw==&ratebypass=yes", "player_url": "/s/player/c6df6ed7/player_ias.vflset/en_US/base.js", "ext": "webm", "format_note": "tiny", "acodec": "opus", "abr": 160, "asr": 48000, "filesize": 3941293, "fps": null, "height": null, "tbr": 168.56, "width": null, "vcodec": "none", "downloader_options": {"http_chunk_size": 10485760}, "format": "251 - audio only (tiny)", "protocol": "https", "http_headers": {"User-Agent": "Mozilla/5.0 (Windows NT 10.0; Win64; x64) AppleWebKit/537.36 (KHTML, like Gecko) Chrome/72.0.3626.85 Safari/537.36", "Accept-Charset": "ISO-8859-1,utf-8;q=0.7,*;q=0.7", "Accept": "text/html,application/xhtml+xml,application/xml;q=0.9,*/*;q=0.8", "Accept-Encoding": "gzip, deflate", "Accept-Language": "en-us,en;q=0.5"}}, {"format_id": "278", "url": "https://r7---sn-5njj-u2xl.googlevideo.com/videoplayback?expire=1611763486&ei=vjoRYPvDL4u0lQT3zb_IAQ&ip=140.109.135.76&id=o-AIpH3u5E75l3aKn7Hr3hHmQTn1higA3GMyQ6TNQUPAV0&itag=278&aitags=133%2C134%2C135%2C136%2C160%2C242%2C243%2C244%2C247%2C278%2C298%2C299%2C302%2C303&source=youtube&requiressl=yes&mh=Qh&mm=31%2C29&mn=sn-5njj-u2xl%2Csn-un57sn7s&ms=au%2Crdu&mv=m&mvi=7&pcm2cms=yes&pl=16&initcwndbps=730000&vprv=1&mime=video%2Fwebm&ns=XVUCYEVj7EN92-verBxxvE8F&gir=yes&clen=1828863&dur=208.120&lmt=1579597183258161&mt=1611740913&fvip=6&keepalive=yes&c=WEB&txp=6316222&n=qYGprTxLB5nZyPa7DF7D&sparams=expire%2Cei%2Cip%2Cid%2Caitags%2Csource%2Crequiressl%2Cvprv%2Cmime%2Cns%2Cgir%2Cclen%2Cdur%2Clmt&lsparams=mh%2Cmm%2Cmn%2Cms%2Cmv%2Cmvi%2Cpcm2cms%2Cpl%2Cinitcwndbps&lsig=AG3C_xAwRAIgQlIkldh6HRDQspBklJv9UXhqTvVJkhgur_qiRYKwq-8CIE-CW62kiE2k2uwLwZYPxhlrq__t4Td3CC5rx7uWcdP1&sig=AOq0QJ8wRAIgB0LhvFvxAiIZ6-v2GlCkumNIVBwIsM4fksfvu7TpbYACIEtjO2RiF8RzxXKXg0ogwO-16-ALf0s96w4QmdDTc-AC&ratebypass=yes", "player_url": "/s/player/c6df6ed7/player_ias.vflset/en_US/base.js", "ext": "webm", "height": 144, "format_note": "144p", "container": "webm", "vcodec": "vp9", "asr": null, "filesize": 1828863, "fps": 25, "tbr": 76.115, "width": 256, "acodec": "none", "downloader_options": {"http_chunk_size": 10485760}, "format": "278 - 256x144 (144p)", "protocol": "https", "http_headers": {"User-Agent": "Mozilla/5.0 (Windows NT 10.0; Win64; x64) AppleWebKit/537.36 (KHTML, like Gecko) Chrome/72.0.3626.85 Safari/537.36", "Accept-Charset": "ISO-8859-1,utf-8;q=0.7,*;q=0.7", "Accept": "text/html,application/xhtml+xml,application/xml;q=0.9,*/*;q=0.8", "Accept-Encoding": "gzip, deflate", "Accept-Language": "en-us,en;q=0.5"}}, {"format_id": "160", "url": "https://r7---sn-5njj-u2xl.googlevideo.com/videoplayback?expire=1611763486&ei=vjoRYPvDL4u0lQT3zb_IAQ&ip=140.109.135.76&id=o-AIpH3u5E75l3aKn7Hr3hHmQTn1higA3GMyQ6TNQUPAV0&itag=160&aitags=133%2C134%2C135%2C136%2C160%2C242%2C243%2C244%2C247%2C278%2C298%2C299%2C302%2C303&source=youtube&requiressl=yes&mh=Qh&mm=31%2C29&mn=sn-5njj-u2xl%2Csn-un57sn7s&ms=au%2Crdu&mv=m&mvi=7&pcm2cms=yes&pl=16&initcwndbps=730000&vprv=1&mime=video%2Fmp4&ns=XVUCYEVj7EN92-verBxxvE8F&gir=yes&clen=1615776&dur=208.120&lmt=1579597175328711&mt=1611740913&fvip=6&keepalive=yes&c=WEB&txp=6316222&n=qYGprTxLB5nZyPa7DF7D&sparams=expire%2Cei%2Cip%2Cid%2Caitags%2Csource%2Crequiressl%2Cvprv%2Cmime%2Cns%2Cgir%2Cclen%2Cdur%2Clmt&lsparams=mh%2Cmm%2Cmn%2Cms%2Cmv%2Cmvi%2Cpcm2cms%2Cpl%2Cinitcwndbps&lsig=AG3C_xAwRAIgRZq0kZCuOUiDcZ-NN4i4ytCFMy25cyulhUyobR7XjUYCIH3So-wOwFptJzE8fc8YmMwMLp91S-4aSfArGZqHrIVZ&sig=AOq0QJ8wRgIhAMvvFduk_i5d5UjhmqYeg6C2nClW4ONtid5AWsf6YTa5AiEAmI-9KINZoq5t8N270DKth3e2OZ5veBbQkBS0FyFN5Cw=&ratebypass=yes", "player_url": "/s/player/c6df6ed7/player_ias.vflset/en_US/base.js", "ext": "mp4", "height": 144, "format_note": "144p", "vcodec": "avc1.4d400c", "asr": null, "filesize": 1615776, "fps": 25, "tbr": 95.681, "width": 256, "acodec": "none", "downloader_options": {"http_chunk_size": 10485760}, "format": "160 - 256x144 (144p)", "protocol": "https", "http_headers": {"User-Agent": "Mozilla/5.0 (Windows NT 10.0; Win64; x64) AppleWebKit/537.36 (KHTML, like Gecko) Chrome/72.0.3626.85 Safari/537.36", "Accept-Charset": "ISO-8859-1,utf-8;q=0.7,*;q=0.7", "Accept": "text/html,application/xhtml+xml,application/xml;q=0.9,*/*;q=0.8", "Accept-Encoding": "gzip, deflate", "Accept-Language": "en-us,en;q=0.5"}}, {"format_id": "242", "url": "https://r7---sn-5njj-u2xl.googlevideo.com/videoplayback?expire=1611763486&ei=vjoRYPvDL4u0lQT3zb_IAQ&ip=140.109.135.76&id=o-AIpH3u5E75l3aKn7Hr3hHmQTn1higA3GMyQ6TNQUPAV0&itag=242&aitags=133%2C134%2C135%2C136%2C160%2C242%2C243%2C244%2C247%2C278%2C298%2C299%2C302%2C303&source=youtube&requiressl=yes&mh=Qh&mm=31%2C29&mn=sn-5njj-u2xl%2Csn-un57sn7s&ms=au%2Crdu&mv=m&mvi=7&pcm2cms=yes&pl=16&initcwndbps=730000&vprv=1&mime=video%2Fwebm&ns=XVUCYEVj7EN92-verBxxvE8F&gir=yes&clen=2435625&dur=208.120&lmt=1579597183250934&mt=1611740913&fvip=6&keepalive=yes&c=WEB&txp=6316222&n=qYGprTxLB5nZyPa7DF7D&sparams=expire%2Cei%2Cip%2Cid%2Caitags%2Csource%2Crequiressl%2Cvprv%2Cmime%2Cns%2Cgir%2Cclen%2Cdur%2Clmt&lsparams=mh%2Cmm%2Cmn%2Cms%2Cmv%2Cmvi%2Cpcm2cms%2Cpl%2Cinitcwndbps&lsig=AG3C_xAwRQIgFa17uCFqiTnlOP9cl8P43dHv7qzfNgpKzAbs-ZFfD8oCIQD2AAv_0XDCNz7sXDDJZ91nFGDZs8ofBDFtBDaqS4cd4g%3D%3D&sig=AOq0QJ8wRAIgE56zXnH7YuQbcfyBvPiaKPbW__P_ye254ietS63-Y0cCIFtm5ZgDW4AIT1rzBGsnIwYJps4JkpVOlnKPtWwR2ZmY&ratebypass=yes", "player_url": "/s/player/c6df6ed7/player_ias.vflset/en_US/base.js", "ext": "webm", "height": 240, "format_note": "240p", "vcodec": "vp9", "asr": null, "filesize": 2435625, "fps": 25, "tbr": 114.753, "width": 426, "acodec": "none", "downloader_options": {"http_chunk_size": 10485760}, "format": "242 - 426x240 (240p)", "protocol": "https", "http_headers": {"User-Agent": "Mozilla/5.0 (Windows NT 10.0; Win64; x64) AppleWebKit/537.36 (KHTML, like Gecko) Chrome/72.0.3626.85 Safari/537.36", "Accept-Charset": "ISO-8859-1,utf-8;q=0.7,*;q=0.7", "Accept": "text/html,application/xhtml+xml,application/xml;q=0.9,*/*;q=0.8", "Accept-Encoding": "gzip, deflate", "Accept-Language": "en-us,en;q=0.5"}}, {"format_id": "243", "url": "https://r7---sn-5njj-u2xl.googlevideo.com/videoplayback?expire=1611763486&ei=vjoRYPvDL4u0lQT3zb_IAQ&ip=140.109.135.76&id=o-AIpH3u5E75l3aKn7Hr3hHmQTn1higA3GMyQ6TNQUPAV0&itag=243&aitags=133%2C134%2C135%2C136%2C160%2C242%2C243%2C244%2C247%2C278%2C298%2C299%2C302%2C303&source=youtube&requiressl=yes&mh=Qh&mm=31%2C29&mn=sn-5njj-u2xl%2Csn-un57sn7s&ms=au%2Crdu&mv=m&mvi=7&pcm2cms=yes&pl=16&initcwndbps=730000&vprv=1&mime=video%2Fwebm&ns=XVUCYEVj7EN92-verBxxvE8F&gir=yes&clen=4091404&dur=208.120&lmt=1579597183256116&mt=1611740913&fvip=6&keepalive=yes&c=WEB&txp=6316222&n=qYGprTxLB5nZyPa7DF7D&sparams=expire%2Cei%2Cip%2Cid%2Caitags%2Csource%2Crequiressl%2Cvprv%2Cmime%2Cns%2Cgir%2Cclen%2Cdur%2Clmt&lsparams=mh%2Cmm%2Cmn%2Cms%2Cmv%2Cmvi%2Cpcm2cms%2Cpl%2Cinitcwndbps&lsig=AG3C_xAwRQIhAPprxuwADcuhS28L_xOXSn1B3oVDqC67zKwnvte3nQt-AiALCf0fwsgpt8UlwtNmY4FbWTB2TulsJ1BrnHT_iduZPw%3D%3D&sig=AOq0QJ8wRAIgf6Vu0QIbqlj0TIZKkmj4KGB9dVWkvZn7H0b9iBQgJcgCIHiyv5YqAV2CM6hCQlGLdyokqDt7wIzAtwdiGMGB2SMr&ratebypass=yes", "player_url": "/s/player/c6df6ed7/player_ias.vflset/en_US/base.js", "ext": "webm", "height": 360, "format_note": "360p", "vcodec": "vp9", "asr": null, "filesize": 4091404, "fps": 25, "tbr": 191.793, "width": 640, "acodec": "none", "downloader_options": {"http_chunk_size": 10485760}, "format": "243 - 640x360 (360p)", "protocol": "https", "http_headers": {"User-Agent": "Mozilla/5.0 (Windows NT 10.0; Win64; x64) AppleWebKit/537.36 (KHTML, like Gecko) Chrome/72.0.3626.85 Safari/537.36", "Accept-Charset": "ISO-8859-1,utf-8;q=0.7,*;q=0.7", "Accept": "text/html,application/xhtml+xml,application/xml;q=0.9,*/*;q=0.8", "Accept-Encoding": "gzip, deflate", "Accept-Language": "en-us,en;q=0.5"}}, {"format_id": "133", "url": "https://r7---sn-5njj-u2xl.googlevideo.com/videoplayback?expire=1611763486&ei=vjoRYPvDL4u0lQT3zb_IAQ&ip=140.109.135.76&id=o-AIpH3u5E75l3aKn7Hr3hHmQTn1higA3GMyQ6TNQUPAV0&itag=133&aitags=133%2C134%2C135%2C136%2C160%2C242%2C243%2C244%2C247%2C278%2C298%2C299%2C302%2C303&source=youtube&requiressl=yes&mh=Qh&mm=31%2C29&mn=sn-5njj-u2xl%2Csn-un57sn7s&ms=au%2Crdu&mv=m&mvi=7&pcm2cms=yes&pl=16&initcwndbps=730000&vprv=1&mime=video%2Fmp4&ns=XVUCYEVj7EN92-verBxxvE8F&gir=yes&clen=3578371&dur=208.120&lmt=1579597175326517&mt=1611740913&fvip=6&keepalive=yes&c=WEB&txp=6316222&n=qYGprTxLB5nZyPa7DF7D&sparams=expire%2Cei%2Cip%2Cid%2Caitags%2Csource%2Crequiressl%2Cvprv%2Cmime%2Cns%2Cgir%2Cclen%2Cdur%2Clmt&lsparams=mh%2Cmm%2Cmn%2Cms%2Cmv%2Cmvi%2Cpcm2cms%2Cpl%2Cinitcwndbps&lsig=AG3C_xAwRQIhAKRY0bbZkvV88zn7t18oeyy10LAOVbZFDnAM4eGwkVNsAiArDp-PSxwNGNoZDLHoqbZZhXr_TR8Z5gECmICM_G-SVg%3D%3D&sig=AOq0QJ8wRQIhAOve_J3C3z3K_0L1-n9qeq5MN7jTub0YL__5QN9Bgr17AiB9YK-gJq-5CX_VnAhcElT_-u8Nz5lhOyYLm69TFmwV1g==&ratebypass=yes", "player_url": "/s/player/c6df6ed7/player_ias.vflset/en_US/base.js", "ext": "mp4", "height": 240, "format_note": "240p", "vcodec": "avc1.4d4015", "asr": null, "filesize": 3578371, "fps": 25, "tbr": 229.529, "width": 426, "acodec": "none", "downloader_options": {"http_chunk_size": 10485760}, "format": "133 - 426x240 (240p)", "protocol": "https", "http_headers": {"User-Agent": "Mozilla/5.0 (Windows NT 10.0; Win64; x64) AppleWebKit/537.36 (KHTML, like Gecko) Chrome/72.0.3626.85 Safari/537.36", "Accept-Charset": "ISO-8859-1,utf-8;q=0.7,*;q=0.7", "Accept": "text/html,application/xhtml+xml,application/xml;q=0.9,*/*;q=0.8", "Accept-Encoding": "gzip, deflate", "Accept-Language": "en-us,en;q=0.5"}}, {"format_id": "244", "url": "https://r7---sn-5njj-u2xl.googlevideo.com/videoplayback?expire=1611763486&ei=vjoRYPvDL4u0lQT3zb_IAQ&ip=140.109.135.76&id=o-AIpH3u5E75l3aKn7Hr3hHmQTn1higA3GMyQ6TNQUPAV0&itag=244&aitags=133%2C134%2C135%2C136%2C160%2C242%2C243%2C244%2C247%2C278%2C298%2C299%2C302%2C303&source=youtube&requiressl=yes&mh=Qh&mm=31%2C29&mn=sn-5njj-u2xl%2Csn-un57sn7s&ms=au%2Crdu&mv=m&mvi=7&pcm2cms=yes&pl=16&initcwndbps=730000&vprv=1&mime=video%2Fwebm&ns=XVUCYEVj7EN92-verBxxvE8F&gir=yes&clen=6205776&dur=208.120&lmt=1579597183251649&mt=1611740913&fvip=6&keepalive=yes&c=WEB&txp=6316222&n=qYGprTxLB5nZyPa7DF7D&sparams=expire%2Cei%2Cip%2Cid%2Caitags%2Csource%2Crequiressl%2Cvprv%2Cmime%2Cns%2Cgir%2Cclen%2Cdur%2Clmt&lsparams=mh%2Cmm%2Cmn%2Cms%2Cmv%2Cmvi%2Cpcm2cms%2Cpl%2Cinitcwndbps&lsig=AG3C_xAwRgIhAMd8Es1kCSYndrC91h-jMjEMZEoFxSAVMWz7rSjAEOzMAiEA55OlTBybq2xQ3nNYduRq4H9yCGi77O_ueSG7GV_tKwY%3D&sig=AOq0QJ8wRAIgV57zj1DO4bGoKZ_JOKNf0EMLjwg_fTGG4MI7VZMeQGsCIE-pK53By1YLiwRbWR0F-Tl591wLjh8Eu-uFuUaVA4hd&ratebypass=yes", "player_url": "/s/player/c6df6ed7/player_ias.vflset/en_US/base.js", "ext": "webm", "height": 480, "format_note": "480p", "vcodec": "vp9", "asr": null, "filesize": 6205776, "fps": 25, "tbr": 297.074, "width": 854, "acodec": "none", "downloader_options": {"http_chunk_size": 10485760}, "format": "244 - 854x480 (480p)", "protocol": "https", "http_headers": {"User-Agent": "Mozilla/5.0 (Windows NT 10.0; Win64; x64) AppleWebKit/537.36 (KHTML, like Gecko) Chrome/72.0.3626.85 Safari/537.36", "Accept-Charset": "ISO-8859-1,utf-8;q=0.7,*;q=0.7", "Accept": "text/html,application/xhtml+xml,application/xml;q=0.9,*/*;q=0.8", "Accept-Encoding": "gzip, deflate", "Accept-Language": "en-us,en;q=0.5"}}, {"format_id": "134", "url": "https://r7---sn-5njj-u2xl.googlevideo.com/videoplayback?expire=1611763486&ei=vjoRYPvDL4u0lQT3zb_IAQ&ip=140.109.135.76&id=o-AIpH3u5E75l3aKn7Hr3hHmQTn1higA3GMyQ6TNQUPAV0&itag=134&aitags=133%2C134%2C135%2C136%2C160%2C242%2C243%2C244%2C247%2C278%2C298%2C299%2C302%2C303&source=youtube&requiressl=yes&mh=Qh&mm=31%2C29&mn=sn-5njj-u2xl%2Csn-un57sn7s&ms=au%2Crdu&mv=m&mvi=7&pcm2cms=yes&pl=16&initcwndbps=730000&vprv=1&mime=video%2Fmp4&ns=XVUCYEVj7EN92-verBxxvE8F&gir=yes&clen=6198654&dur=208.120&lmt=1579597175330470&mt=1611740913&fvip=6&keepalive=yes&c=WEB&txp=6316222&n=qYGprTxLB5nZyPa7DF7D&sparams=expire%2Cei%2Cip%2Cid%2Caitags%2Csource%2Crequiressl%2Cvprv%2Cmime%2Cns%2Cgir%2Cclen%2Cdur%2Clmt&lsparams=mh%2Cmm%2Cmn%2Cms%2Cmv%2Cmvi%2Cpcm2cms%2Cpl%2Cinitcwndbps&lsig=AG3C_xAwRQIhAKsd1nUEJGpqiln4DVGkqo4i_CrDmiIfK02zlRhgdmJkAiABuiQndYvfwODpm1ecB4uTUeCxl2a-UGm1t3Ycql_oLA%3D%3D&sig=AOq0QJ8wRQIhAK6gHFrkuXWlHduIWaV6JGcLvw1VekHLcQs6TC_8XmdiAiB3JmCU0HlYPqVE3OT73duK6UuonSq126olUqQ-qOpNXQ==&ratebypass=yes", "player_url": "/s/player/c6df6ed7/player_ias.vflset/en_US/base.js", "ext": "mp4", "height": 360, "format_note": "360p", "vcodec": "avc1.4d401e", "asr": null, "filesize": 6198654, "fps": 25, "tbr": 415.621, "width": 640, "acodec": "none", "downloader_options": {"http_chunk_size": 10485760}, "format": "134 - 640x360 (360p)", "protocol": "https", "http_headers": {"User-Agent": "Mozilla/5.0 (Windows NT 10.0; Win64; x64) AppleWebKit/537.36 (KHTML, like Gecko) Chrome/72.0.3626.85 Safari/537.36", "Accept-Charset": "ISO-8859-1,utf-8;q=0.7,*;q=0.7", "Accept": "text/html,application/xhtml+xml,application/xml;q=0.9,*/*;q=0.8", "Accept-Encoding": "gzip, deflate", "Accept-Language": "en-us,en;q=0.5"}}, {"format_id": "247", "url": "https://r7---sn-5njj-u2xl.googlevideo.com/videoplayback?expire=1611763486&ei=vjoRYPvDL4u0lQT3zb_IAQ&ip=140.109.135.76&id=o-AIpH3u5E75l3aKn7Hr3hHmQTn1higA3GMyQ6TNQUPAV0&itag=247&aitags=133%2C134%2C135%2C136%2C160%2C242%2C243%2C244%2C247%2C278%2C298%2C299%2C302%2C303&source=youtube&requiressl=yes&mh=Qh&mm=31%2C29&mn=sn-5njj-u2xl%2Csn-un57sn7s&ms=au%2Crdu&mv=m&mvi=7&pcm2cms=yes&pl=16&initcwndbps=730000&vprv=1&mime=video%2Fwebm&ns=XVUCYEVj7EN92-verBxxvE8F&gir=yes&clen=11092218&dur=208.120&lmt=1579597183253267&mt=1611740913&fvip=6&keepalive=yes&c=WEB&txp=6316222&n=qYGprTxLB5nZyPa7DF7D&sparams=expire%2Cei%2Cip%2Cid%2Caitags%2Csource%2Crequiressl%2Cvprv%2Cmime%2Cns%2Cgir%2Cclen%2Cdur%2Clmt&lsparams=mh%2Cmm%2Cmn%2Cms%2Cmv%2Cmvi%2Cpcm2cms%2Cpl%2Cinitcwndbps&lsig=AG3C_xAwRQIgK2-_Qjoz3S9l8e6yhyax60uB33ggz2HhWDBz6lKt7vYCIQD2Z8piJ2RAdPCb6ZBsj2T_TnlBa0Ll0ylpkdHRNJn-cA%3D%3D&sig=AOq0QJ8wRQIhAKpa4CFAqo2Gy93C0JCUfTEbsLNNFgcB-YPYbB7QbIqCAiADlXvOYtCGdBxlkddtwaYup0i0EigR0WUzBXGZxlPdnQ==&ratebypass=yes", "player_url": "/s/player/c6df6ed7/player_ias.vflset/en_US/base.js", "ext": "webm", "height": 720, "format_note": "720p", "vcodec": "vp9", "asr": null, "filesize": 11092218, "fps": 25, "tbr": 511.687, "width": 1280, "acodec": "none", "downloader_options": {"http_chunk_size": 10485760}, "format": "247 - 1280x720 (720p)", "protocol": "https", "http_headers": {"User-Agent": "Mozilla/5.0 (Windows NT 10.0; Win64; x64) AppleWebKit/537.36 (KHTML, like Gecko) Chrome/72.0.3626.85 Safari/537.36", "Accept-Charset": "ISO-8859-1,utf-8;q=0.7,*;q=0.7", "Accept": "text/html,application/xhtml+xml,application/xml;q=0.9,*/*;q=0.8", "Accept-Encoding": "gzip, deflate", "Accept-Language": "en-us,en;q=0.5"}}, {"format_id": "135", "url": "https://r7---sn-5njj-u2xl.googlevideo.com/videoplayback?expire=1611763486&ei=vjoRYPvDL4u0lQT3zb_IAQ&ip=140.109.135.76&id=o-AIpH3u5E75l3aKn7Hr3hHmQTn1higA3GMyQ6TNQUPAV0&itag=135&aitags=133%2C134%2C135%2C136%2C160%2C242%2C243%2C244%2C247%2C278%2C298%2C299%2C302%2C303&source=youtube&requiressl=yes&mh=Qh&mm=31%2C29&mn=sn-5njj-u2xl%2Csn-un57sn7s&ms=au%2Crdu&mv=m&mvi=7&pcm2cms=yes&pl=16&initcwndbps=730000&vprv=1&mime=video%2Fmp4&ns=XVUCYEVj7EN92-verBxxvE8F&gir=yes&clen=11136946&dur=208.120&lmt=1579597175326770&mt=1611740913&fvip=6&keepalive=yes&c=WEB&txp=6316222&n=qYGprTxLB5nZyPa7DF7D&sparams=expire%2Cei%2Cip%2Cid%2Caitags%2Csource%2Crequiressl%2Cvprv%2Cmime%2Cns%2Cgir%2Cclen%2Cdur%2Clmt&lsparams=mh%2Cmm%2Cmn%2Cms%2Cmv%2Cmvi%2Cpcm2cms%2Cpl%2Cinitcwndbps&lsig=AG3C_xAwRQIgE8QSgz1C0ogGYnfAyTdXOqgIGggcWooBXlah4daFi7ACIQDqlmcKRx49GAYwo2-iGRfP4J6nurxP3Zp7G0XdVratQw%3D%3D&sig=AOq0QJ8wRQIgEmOkj4RXhASFE71yyt1EAymtcF0eKXRiXviH5fiX-doCIQC0A-J_6XUgR9PCSTti2H8ra2NugsRfkOGC3vg6N0ky1A==&ratebypass=yes", "player_url": "/s/player/c6df6ed7/player_ias.vflset/en_US/base.js", "ext": "mp4", "height": 480, "format_note": "480p", "vcodec": "avc1.4d401e", "asr": null, "filesize": 11136946, "fps": 25, "tbr": 751.108, "width": 854, "acodec": "none", "downloader_options": {"http_chunk_size": 10485760}, "format": "135 - 854x480 (480p)", "protocol": "https", "http_headers": {"User-Agent": "Mozilla/5.0 (Windows NT 10.0; Win64; x64) AppleWebKit/537.36 (KHTML, like Gecko) Chrome/72.0.3626.85 Safari/537.36", "Accept-Charset": "ISO-8859-1,utf-8;q=0.7,*;q=0.7", "Accept": "text/html,application/xhtml+xml,application/xml;q=0.9,*/*;q=0.8", "Accept-Encoding": "gzip, deflate", "Accept-Language": "en-us,en;q=0.5"}}, {"format_id": "302", "url": "https://r7---sn-5njj-u2xl.googlevideo.com/videoplayback?expire=1611763486&ei=vjoRYPvDL4u0lQT3zb_IAQ&ip=140.109.135.76&id=o-AIpH3u5E75l3aKn7Hr3hHmQTn1higA3GMyQ6TNQUPAV0&itag=302&aitags=133%2C134%2C135%2C136%2C160%2C242%2C243%2C244%2C247%2C278%2C298%2C299%2C302%2C303&source=youtube&requiressl=yes&mh=Qh&mm=31%2C29&mn=sn-5njj-u2xl%2Csn-un57sn7s&ms=au%2Crdu&mv=m&mvi=7&pcm2cms=yes&pl=16&initcwndbps=730000&vprv=1&mime=video%2Fwebm&ns=XVUCYEVj7EN92-verBxxvE8F&gir=yes&clen=16764499&dur=208.120&lmt=1579597183252503&mt=1611740913&fvip=6&keepalive=yes&c=WEB&txp=6316222&n=qYGprTxLB5nZyPa7DF7D&sparams=expire%2Cei%2Cip%2Cid%2Caitags%2Csource%2Crequiressl%2Cvprv%2Cmime%2Cns%2Cgir%2Cclen%2Cdur%2Clmt&lsparams=mh%2Cmm%2Cmn%2Cms%2Cmv%2Cmvi%2Cpcm2cms%2Cpl%2Cinitcwndbps&lsig=AG3C_xAwRgIhAJLFBcb1Ib7GKeUrGwJ5Dj17l5sPjYdn74GYKrla6NSaAiEAxSKhzHzznKrWtbxNNILN_1aaXNNxYqa6dw8gNNGhGIk%3D&sig=AOq0QJ8wRQIhAJOsajNiKDJweOSWvEGykumCSk0aGHUoIeW-6bBGwdduAiAKFe7pJL_qjo0BjdorCB9XZcP80ZZzq44mP9Hs68Hr3g==&ratebypass=yes", "player_url": "/s/player/c6df6ed7/player_ias.vflset/en_US/base.js", "ext": "webm", "height": 720, "format_note": "720p50", "vcodec": "vp9", "fps": 50, "asr": null, "filesize": 16764499, "tbr": 792.595, "width": 1280, "acodec": "none", "downloader_options": {"http_chunk_size": 10485760}, "format": "302 - 1280x720 (720p50)", "protocol": "https", "http_headers": {"User-Agent": "Mozilla/5.0 (Windows NT 10.0; Win64; x64) AppleWebKit/537.36 (KHTML, like Gecko) Chrome/72.0.3626.85 Safari/537.36", "Accept-Charset": "ISO-8859-1,utf-8;q=0.7,*;q=0.7", "Accept": "text/html,application/xhtml+xml,application/xml;q=0.9,*/*;q=0.8", "Accept-Encoding": "gzip, deflate", "Accept-Language": "en-us,en;q=0.5"}}, {"format_id": "303", "url": "https://r7---sn-5njj-u2xl.googlevideo.com/videoplayback?expire=1611763486&ei=vjoRYPvDL4u0lQT3zb_IAQ&ip=140.109.135.76&id=o-AIpH3u5E75l3aKn7Hr3hHmQTn1higA3GMyQ6TNQUPAV0&itag=303&aitags=133%2C134%2C135%2C136%2C160%2C242%2C243%2C244%2C247%2C278%2C298%2C299%2C302%2C303&source=youtube&requiressl=yes&mh=Qh&mm=31%2C29&mn=sn-5njj-u2xl%2Csn-un57sn7s&ms=au%2Crdu&mv=m&mvi=7&pcm2cms=yes&pl=16&initcwndbps=730000&vprv=1&mime=video%2Fwebm&ns=XVUCYEVj7EN92-verBxxvE8F&gir=yes&clen=22011632&dur=208.120&lmt=1579597183255895&mt=1611740913&fvip=6&keepalive=yes&c=WEB&txp=6316222&n=qYGprTxLB5nZyPa7DF7D&sparams=expire%2Cei%2Cip%2Cid%2Caitags%2Csource%2Crequiressl%2Cvprv%2Cmime%2Cns%2Cgir%2Cclen%2Cdur%2Clmt&lsparams=mh%2Cmm%2Cmn%2Cms%2Cmv%2Cmvi%2Cpcm2cms%2Cpl%2Cinitcwndbps&lsig=AG3C_xAwRQIgAzzAmF-QlAabWe0pDsde5xmLPunnvAs-fF1mYrGGleYCIQDkJmlCXcbxnS-zjkri5LoX9S9xGmmD1Hg-iPm260ZPeA%3D%3D&sig=AOq0QJ8wRQIgJTFgTo-nMHdTcWnDMh4i938fMKeV-SPeGOpLNvAV33oCIQD-6a4tLhp1anCY4nY-i4GmaY437udO5WPkpQXh4HI3Iw==&ratebypass=yes", "player_url": "/s/player/c6df6ed7/player_ias.vflset/en_US/base.js", "ext": "webm", "height": 1080, "format_note": "1080p50", "vcodec": "vp9", "fps": 50, "asr": null, "filesize": 22011632, "tbr": 1223.865, "width": 1920, "acodec": "none", "downloader_options": {"http_chunk_size": 10485760}, "format": "303 - 1920x1080 (1080p50)", "protocol": "https", "http_headers": {"User-Agent": "Mozilla/5.0 (Windows NT 10.0; Win64; x64) AppleWebKit/537.36 (KHTML, like Gecko) Chrome/72.0.3626.85 Safari/537.36", "Accept-Charset": "ISO-8859-1,utf-8;q=0.7,*;q=0.7", "Accept": "text/html,application/xhtml+xml,application/xml;q=0.9,*/*;q=0.8", "Accept-Encoding": "gzip, deflate", "Accept-Language": "en-us,en;q=0.5"}}, {"format_id": "136", "url": "https://r7---sn-5njj-u2xl.googlevideo.com/videoplayback?expire=1611763486&ei=vjoRYPvDL4u0lQT3zb_IAQ&ip=140.109.135.76&id=o-AIpH3u5E75l3aKn7Hr3hHmQTn1higA3GMyQ6TNQUPAV0&itag=136&aitags=133%2C134%2C135%2C136%2C160%2C242%2C243%2C244%2C247%2C278%2C298%2C299%2C302%2C303&source=youtube&requiressl=yes&mh=Qh&mm=31%2C29&mn=sn-5njj-u2xl%2Csn-un57sn7s&ms=au%2Crdu&mv=m&mvi=7&pcm2cms=yes&pl=16&initcwndbps=730000&vprv=1&mime=video%2Fmp4&ns=XVUCYEVj7EN92-verBxxvE8F&gir=yes&clen=21396430&dur=208.120&lmt=1579597175328753&mt=1611740913&fvip=6&keepalive=yes&c=WEB&txp=6316222&n=qYGprTxLB5nZyPa7DF7D&sparams=expire%2Cei%2Cip%2Cid%2Caitags%2Csource%2Crequiressl%2Cvprv%2Cmime%2Cns%2Cgir%2Cclen%2Cdur%2Clmt&lsparams=mh%2Cmm%2Cmn%2Cms%2Cmv%2Cmvi%2Cpcm2cms%2Cpl%2Cinitcwndbps&lsig=AG3C_xAwRQIhALEfsfeFWDey1rHFAjLOMAchlGNELFneYmFEf-Nb-0DyAiA7uDTKxrFp3u_xwNChJ6gn_sgoJpwTlVwiivoBBd_xCg%3D%3D&sig=AOq0QJ8wRQIgWr3X-J8CTbAx5WZz6qkl8NFYMT9O3hyGIjUbcwa0NikCIQDSXBHjvQYYxaObDhzEWB1oI0XktxdthEETkGxUrZAcYQ==&ratebypass=yes", "player_url": "/s/player/c6df6ed7/player_ias.vflset/en_US/base.js", "ext": "mp4", "height": 720, "format_note": "720p", "vcodec": "avc1.4d401f", "asr": null, "filesize": 21396430, "fps": 25, "tbr": 1293.356, "width": 1280, "acodec": "none", "downloader_options": {"http_chunk_size": 10485760}, "format": "136 - 1280x720 (720p)", "protocol": "https", "http_headers": {"User-Agent": "Mozilla/5.0 (Windows NT 10.0; Win64; x64) AppleWebKit/537.36 (KHTML, like Gecko) Chrome/72.0.3626.85 Safari/537.36", "Accept-Charset": "ISO-8859-1,utf-8;q=0.7,*;q=0.7", "Accept": "text/html,application/xhtml+xml,application/xml;q=0.9,*/*;q=0.8", "Accept-Encoding": "gzip, deflate", "Accept-Language": "en-us,en;q=0.5"}}, {"format_id": "298", "url": "https://r7---sn-5njj-u2xl.googlevideo.com/videoplayback?expire=1611763486&ei=vjoRYPvDL4u0lQT3zb_IAQ&ip=140.109.135.76&id=o-AIpH3u5E75l3aKn7Hr3hHmQTn1higA3GMyQ6TNQUPAV0&itag=298&aitags=133%2C134%2C135%2C136%2C160%2C242%2C243%2C244%2C247%2C278%2C298%2C299%2C302%2C303&source=youtube&requiressl=yes&mh=Qh&mm=31%2C29&mn=sn-5njj-u2xl%2Csn-un57sn7s&ms=au%2Crdu&mv=m&mvi=7&pcm2cms=yes&pl=16&initcwndbps=730000&vprv=1&mime=video%2Fmp4&ns=XVUCYEVj7EN92-verBxxvE8F&gir=yes&clen=32051123&dur=208.120&lmt=1579597175327302&mt=1611740913&fvip=6&keepalive=yes&c=WEB&txp=6316222&n=qYGprTxLB5nZyPa7DF7D&sparams=expire%2Cei%2Cip%2Cid%2Caitags%2Csource%2Crequiressl%2Cvprv%2Cmime%2Cns%2Cgir%2Cclen%2Cdur%2Clmt&lsparams=mh%2Cmm%2Cmn%2Cms%2Cmv%2Cmvi%2Cpcm2cms%2Cpl%2Cinitcwndbps&lsig=AG3C_xAwRAIgFay7BAKEclOKRGfs13M0aeVh6FX4sw9pZad9gCFHqIECIBP-ilNv_t6wRkRjeRDyWuCPm4J7eNE60RQ3V_RKJnss&sig=AOq0QJ8wRgIhAKD-Cqt2gdjrCdjYKAWQ0ip9HeaF51VHrgmesU1sRdXtAiEA0uqsiakAXRqMRBV2zN5Bc_ZpFTgTtPu5VA_rOux4_zw=&ratebypass=yes", "player_url": "/s/player/c6df6ed7/player_ias.vflset/en_US/base.js", "ext": "mp4", "height": 720, "format_note": "720p50", "vcodec": "avc1.4d4020", "fps": 50, "asr": null, "filesize": 32051123, "tbr": 1629.41, "width": 1280, "acodec": "none", "downloader_options": {"http_chunk_size": 10485760}, "format": "298 - 1280x720 (720p50)", "protocol": "https", "http_headers": {"User-Agent": "Mozilla/5.0 (Windows NT 10.0; Win64; x64) AppleWebKit/537.36 (KHTML, like Gecko) Chrome/72.0.3626.85 Safari/537.36", "Accept-Charset": "ISO-8859-1,utf-8;q=0.7,*;q=0.7", "Accept": "text/html,application/xhtml+xml,application/xml;q=0.9,*/*;q=0.8", "Accept-Encoding": "gzip, deflate", "Accept-Language": "en-us,en;q=0.5"}}, {"format_id": "299", "url": "https://r7---sn-5njj-u2xl.googlevideo.com/videoplayback?expire=1611763486&ei=vjoRYPvDL4u0lQT3zb_IAQ&ip=140.109.135.76&id=o-AIpH3u5E75l3aKn7Hr3hHmQTn1higA3GMyQ6TNQUPAV0&itag=299&aitags=133%2C134%2C135%2C136%2C160%2C242%2C243%2C244%2C247%2C278%2C298%2C299%2C302%2C303&source=youtube&requiressl=yes&mh=Qh&mm=31%2C29&mn=sn-5njj-u2xl%2Csn-un57sn7s&ms=au%2Crdu&mv=m&mvi=7&pcm2cms=yes&pl=16&initcwndbps=730000&vprv=1&mime=video%2Fmp4&ns=XVUCYEVj7EN92-verBxxvE8F&gir=yes&clen=67020303&dur=208.120&lmt=1579597175329912&mt=1611740913&fvip=6&keepalive=yes&c=WEB&txp=6316222&n=qYGprTxLB5nZyPa7DF7D&sparams=expire%2Cei%2Cip%2Cid%2Caitags%2Csource%2Crequiressl%2Cvprv%2Cmime%2Cns%2Cgir%2Cclen%2Cdur%2Clmt&lsparams=mh%2Cmm%2Cmn%2Cms%2Cmv%2Cmvi%2Cpcm2cms%2Cpl%2Cinitcwndbps&lsig=AG3C_xAwRQIhAOVjBNtT9VE5Or-kGum2qSOwKXVpdhY8iXOIcZptvKa8AiBbcAWUEl1068JbFBWEsc7k5RqWlxLSMtAmoNQ04WghZQ%3D%3D&sig=AOq0QJ8wRgIhAKlNWhPdehlV1Zq4kdz30mJMyyjnw3dprw4Gcrr9RUdJAiEAvRkxpuHNUkaIK0Mfdq1m4dlvSBMwc5UvzyA8aoj_nOk=&ratebypass=yes", "player_url": "/s/player/c6df6ed7/player_ias.vflset/en_US/base.js", "ext": "mp4", "height": 1080, "format_note": "1080p50", "vcodec": "avc1.64002a", "fps": 50, "asr": null, "filesize": 67020303, "tbr": 2827.447, "width": 1920, "acodec": "none", "downloader_options": {"http_chunk_size": 10485760}, "format": "299 - 1920x1080 (1080p50)", "protocol": "https", "http_headers": {"User-Agent": "Mozilla/5.0 (Windows NT 10.0; Win64; x64) AppleWebKit/537.36 (KHTML, like Gecko) Chrome/72.0.3626.85 Safari/537.36", "Accept-Charset": "ISO-8859-1,utf-8;q=0.7,*;q=0.7", "Accept": "text/html,application/xhtml+xml,application/xml;q=0.9,*/*;q=0.8", "Accept-Encoding": "gzip, deflate", "Accept-Language": "en-us,en;q=0.5"}}, {"format_id": "18", "url": "https://r7---sn-5njj-u2xl.googlevideo.com/videoplayback?expire=1611763486&ei=vjoRYPvDL4u0lQT3zb_IAQ&ip=140.109.135.76&id=o-AIpH3u5E75l3aKn7Hr3hHmQTn1higA3GMyQ6TNQUPAV0&itag=18&source=youtube&requiressl=yes&mh=Qh&mm=31%2C29&mn=sn-5njj-u2xl%2Csn-un57sn7s&ms=au%2Crdu&mv=m&mvi=7&pcm2cms=yes&pl=16&initcwndbps=730000&vprv=1&mime=video%2Fmp4&ns=HEA_rrLyx-7zICjsDpNhCFgF&gir=yes&clen=9920029&ratebypass=yes&dur=208.166&lmt=1579597181537391&mt=1611740913&fvip=6&c=WEB&txp=6316222&n=qBwVZS1XZ794RzRRL6Oo&sparams=expire%2Cei%2Cip%2Cid%2Citag%2Csource%2Crequiressl%2Cvprv%2Cmime%2Cns%2Cgir%2Cclen%2Cratebypass%2Cdur%2Clmt&lsparams=mh%2Cmm%2Cmn%2Cms%2Cmv%2Cmvi%2Cpcm2cms%2Cpl%2Cinitcwndbps&lsig=AG3C_xAwRgIhAOzFw8t1BDi4tm_apUx_dgCPSyvBMWBvuvQp-XGmlrDwAiEAxbVAwoqmfuKXUBAU9JXvlmHMXsjqoOdStVZUCC8gPZ8%3D&sig=AOq0QJ8wRQIhALm4tTKGmt-438OIDeJCyLuwwbAQGrwsssj8ZEdHGZ5yAiAwYq7_DyP1BsTBGZudD-Jnzsiyt68vyonPvmgdNi0Cqg==", "player_url": "/s/player/c6df6ed7/player_ias.vflset/en_US/base.js", "ext": "mp4", "width": 640, "height": 360, "acodec": "mp4a.40.2", "abr": 96, "vcodec": "avc1.42001E", "asr": 44100, "filesize": 9920029, "format_note": "360p", "fps": 25, "tbr": 381.319, "format": "18 - 640x360 (360p)", "protocol": "https", "http_headers": {"User-Agent": "Mozilla/5.0 (Windows NT 10.0; Win64; x64) AppleWebKit/537.36 (KHTML, like Gecko) Chrome/72.0.3626.85 Safari/537.36", "Accept-Charset": "ISO-8859-1,utf-8;q=0.7,*;q=0.7", "Accept": "text/html,application/xhtml+xml,application/xml;q=0.9,*/*;q=0.8", "Accept-Encoding": "gzip, deflate", "Accept-Language": "en-us,en;q=0.5"}}], "is_live": null, "start_time": null, "end_time": null, "series": null, "season_number": null, "episode_number": null, "track": null, "artist": null, "album": null, "release_date": null, "release_year": null, "extractor": "youtube", "webpage_url_basename": "watch", "extractor_key": "Youtube", "playlist": null, "playlist_index": null, "thumbnail": "https://i.ytimg.com/vi/L0_HFOOsgYY/hqdefault.jpg?sqp=-oaymwEZCNACELwBSFXyq4qpAwsIARUAAIhCGAFwAQ==&rs=AOn4CLBkspTfO0su-8WJavpHxGsalAKlwg", "display_id": "L0_HFOOsgYY", "requested_subtitles": null, "format_id": "251", "url": "https://r7---sn-5njj-u2xl.googlevideo.com/videoplayback?expire=1611763486&ei=vjoRYPvDL4u0lQT3zb_IAQ&ip=140.109.135.76&id=o-AIpH3u5E75l3aKn7Hr3hHmQTn1higA3GMyQ6TNQUPAV0&itag=251&source=youtube&requiressl=yes&mh=Qh&mm=31%2C29&mn=sn-5njj-u2xl%2Csn-un57sn7s&ms=au%2Crdu&mv=m&mvi=7&pcm2cms=yes&pl=16&initcwndbps=730000&vprv=1&mime=audio%2Fwebm&ns=XVUCYEVj7EN92-verBxxvE8F&gir=yes&clen=3941293&dur=208.141&lmt=1579599030881847&mt=1611740913&fvip=6&keepalive=yes&c=WEB&txp=6301222&n=qYGprTxLB5nZyPa7DF7D&sparams=expire%2Cei%2Cip%2Cid%2Citag%2Csource%2Crequiressl%2Cvprv%2Cmime%2Cns%2Cgir%2Cclen%2Cdur%2Clmt&lsparams=mh%2Cmm%2Cmn%2Cms%2Cmv%2Cmvi%2Cpcm2cms%2Cpl%2Cinitcwndbps&lsig=AG3C_xAwRQIgdeV0rxz-M_xy8SqCwedvky7LIxSiWS4HiNSGfJDxkZ0CIQDIHkGQj_bkxWQAbloeJ0aJysf5quY7i6LdcZq8bKmGOg%3D%3D&sig=AOq0QJ8wRQIhANnhslXR_LSEnQxfFvc7_eHkSWKKG7qxA7sxGZzBRw8AAiAnYaks8Wy5jE2SULQjC8du4_yq7fozkkf4ICgXW4-Jpw==&ratebypass=yes", "player_url": "/s/player/c6df6ed7/player_ias.vflset/en_US/base.js", "ext": "webm", "format_note": "tiny", "acodec": "opus", "abr": 160, "asr": 48000, "filesize": 3941293, "fps": null, "height": null, "tbr": 168.56, "width": null, "vcodec": "none", "downloader_options": {"http_chunk_size": 10485760}, "format": "251 - audio only (tiny)", "protocol": "https", "http_headers": {"User-Agent": "Mozilla/5.0 (Windows NT 10.0; Win64; x64) AppleWebKit/537.36 (KHTML, like Gecko) Chrome/72.0.3626.85 Safari/537.36", "Accept-Charset": "ISO-8859-1,utf-8;q=0.7,*;q=0.7", "Accept": "text/html,application/xhtml+xml,application/xml;q=0.9,*/*;q=0.8", "Accept-Encoding": "gzip, deflate", "Accept-Language": "en-us,en;q=0.5"}}