{"id": "mMdN_9RHFNQ", "uploader": "Henry Smith - Topic", "uploader_id": "UCNaF1_3qV99AwzfeJcDJugQ", "uploader_url": "http://www.youtube.com/channel/UCNaF1_3qV99AwzfeJcDJugQ", "channel_id": "UCNaF1_3qV99AwzfeJcDJugQ", "channel_url": "http://www.youtube.com/channel/UCNaF1_3qV99AwzfeJcDJugQ", "upload_date": "20180422", "license": null, "creator": "Henry Smith", "title": "A Thousand Miles", "alt_title": "A Thousand Miles", "thumbnails": [{"url": "https://i.ytimg.com/vi/mMdN_9RHFNQ/hqdefault.jpg?sqp=-oaymwEbCKgBEF5IVfKriqkDDggBFQAAiEIYAXABwAEG&rs=AOn4CLBU_yfzrz7V1YsqkGK5nto_XLj6eQ", "width": 168, "height": 94, "resolution": "168x94", "id": "0"}, {"url": "https://i.ytimg.com/vi/mMdN_9RHFNQ/hqdefault.jpg?sqp=-oaymwEbCMQBEG5IVfKriqkDDggBFQAAiEIYAXABwAEG&rs=AOn4CLCZ1DaWJFGNryeLDdSsDOnPRsO3yg", "width": 196, "height": 110, "resolution": "196x110", "id": "1"}, {"url": "https://i.ytimg.com/vi/mMdN_9RHFNQ/hqdefault.jpg?sqp=-oaymwEcCPYBEIoBSFXyq4qpAw4IARUAAIhCGAFwAcABBg==&rs=AOn4CLDIIviRn-hVUC5fCX6c4kJ4aBQ29Q", "width": 246, "height": 138, "resolution": "246x138", "id": "2"}, {"url": "https://i.ytimg.com/vi/mMdN_9RHFNQ/hqdefault.jpg?sqp=-oaymwEcCNACELwBSFXyq4qpAw4IARUAAIhCGAFwAcABBg==&rs=AOn4CLAeNPyNuFQdvOdFP-cbW-tUnhFioA", "width": 336, "height": 188, "resolution": "336x188", "id": "3"}, {"url": "https://i.ytimg.com/vi_webp/mMdN_9RHFNQ/maxresdefault.webp", "width": 1920, "height": 1080, "resolution": "1920x1080", "id": "4"}], "description": "Provided to YouTube by Sony Music Entertainment\n\nA Thousand Miles \u00b7 Henry Smith\n\nPiano Sleeping Music\n\n\u2117 2018 Sony Music Entertainment Sweden\n\nReleased on: 2018-04-23\n\nComposer, Lyricist: Vanessa Carlton\nProducer: Mikael B\u00e4ck\n\nAuto-generated by YouTube.", "categories": ["Music"], "tags": ["Henry Smith", "Piano Sleeping Music", "A Thousand Miles"], "subtitles": {}, "automatic_captions": {}, "duration": 167, "age_limit": 0, "annotations": null, "chapters": null, "webpage_url": "https://www.youtube.com/watch?v=mMdN_9RHFNQ", "view_count": 862, "like_count": 10, "dislike_count": null, "average_rating": 5.0, "formats": [{"format_id": "249", "url": "https://r6---sn-5njj-u2xl.googlevideo.com/videoplayback?expire=1611763284&ei=9DkRYIG3ELOIs8IPstGKqAo&ip=140.109.135.76&id=o-ABM3FR1BzvIT7GVUtxmkBtkJkIvHT78ZByxmSsldt0CF&itag=249&source=youtube&requiressl=yes&mh=QY&mm=31%2C29&mn=sn-5njj-u2xl%2Csn-un57sn76&ms=au%2Crdu&mv=m&mvi=6&pcm2cms=yes&pl=16&gcr=tw&initcwndbps=730000&vprv=1&mime=audio%2Fwebm&ns=S02gMXnHpXZISnQnnvzmXboF&gir=yes&clen=1604163&dur=167.201&lmt=1571362693787537&mt=1611740913&fvip=6&keepalive=yes&c=WEB&txp=1301222&n=tmmaarjLH-gpBMNJc7xP&sparams=expire%2Cei%2Cip%2Cid%2Citag%2Csource%2Crequiressl%2Cgcr%2Cvprv%2Cmime%2Cns%2Cgir%2Cclen%2Cdur%2Clmt&lsparams=mh%2Cmm%2Cmn%2Cms%2Cmv%2Cmvi%2Cpcm2cms%2Cpl%2Cinitcwndbps&lsig=AG3C_xAwRQIhAPGiAkU53uP6sIuhDlbdu_xcpPRgt18zFc13IFt38gyNAiA3uLaM9QLr_NcRMtoS8Pe3c_QVcHj1tTWGwLuRs4sGKw%3D%3D&sig=AOq0QJ8wRAIgXwwA87Y7AaiFoINiiKwgBeLmfRd1caJtfXExpQY0KQECICsmDU326mlDR_YDoRIatGOgVA9MidritPN-cn39um60&ratebypass=yes", "player_url": "/s/player/c6df6ed7/player_ias.vflset/en_US/base.js", "ext": "webm", "format_note": "tiny", "acodec": "opus", "abr": 50, "asr": 48000, "filesize": 1604163, "fps": null, "height": null, "tbr": 82.629, "width": null, "vcodec": "none", "downloader_options": {"http_chunk_size": 10485760}, "format": "249 - audio only (tiny)", "protocol": "https", "http_headers": {"User-Agent": "Mozilla/5.0 (Windows NT 10.0; Win64; x64) AppleWebKit/537.36 (KHTML, like Gecko) Chrome/72.0.3626.85 Safari/537.36", "Accept-Charset": "ISO-8859-1,utf-8;q=0.7,*;q=0.7", "Accept": "text/html,application/xhtml+xml,application/xml;q=0.9,*/*;q=0.8", "Accept-Encoding": "gzip, deflate", "Accept-Language": "en-us,en;q=0.5"}}, {"format_id": "250", "url": "https://r6---sn-5njj-u2xl.googlevideo.com/videoplayback?expire=1611763284&ei=9DkRYIG3ELOIs8IPstGKqAo&ip=140.109.135.76&id=o-ABM3FR1BzvIT7GVUtxmkBtkJkIvHT78ZByxmSsldt0CF&itag=250&source=youtube&requiressl=yes&mh=QY&mm=31%2C29&mn=sn-5njj-u2xl%2Csn-un57sn76&ms=au%2Crdu&mv=m&mvi=6&pcm2cms=yes&pl=16&gcr=tw&initcwndbps=730000&vprv=1&mime=audio%2Fwebm&ns=S02gMXnHpXZISnQnnvzmXboF&gir=yes&clen=1973655&dur=167.201&lmt=1571362694072937&mt=1611740913&fvip=6&keepalive=yes&c=WEB&txp=1301222&n=tmmaarjLH-gpBMNJc7xP&sparams=expire%2Cei%2Cip%2Cid%2Citag%2Csource%2Crequiressl%2Cgcr%2Cvprv%2Cmime%2Cns%2Cgir%2Cclen%2Cdur%2Clmt&lsparams=mh%2Cmm%2Cmn%2Cms%2Cmv%2Cmvi%2Cpcm2cms%2Cpl%2Cinitcwndbps&lsig=AG3C_xAwRQIgecxxFwTWuV9w2hkxejaI1mF8mkkCRBZi4DDZgUfnJCICIQCRKpmZ11NNwGC72Wr3-ZXqT0tFla8epdopWkMhvJltaQ%3D%3D&sig=AOq0QJ8wRQIhAJDqUJ2iEgq9YBrhb6ovpmLi48BC-UkLImfYq9TXksePAiAKze8JhAUq4-d04Wom-XLOhiEA_XfDqqFHxhbdFPAGCQ==&ratebypass=yes", "player_url": "/s/player/c6df6ed7/player_ias.vflset/en_US/base.js", "ext": "webm", "format_note": "tiny", "acodec": "opus", "abr": 70, "asr": 48000, "filesize": 1973655, "fps": null, "height": null, "tbr": 102.009, "width": null, "vcodec": "none", "downloader_options": {"http_chunk_size": 10485760}, "format": "250 - audio only (tiny)", "protocol": "https", "http_headers": {"User-Agent": "Mozilla/5.0 (Windows NT 10.0; Win64; x64) AppleWebKit/537.36 (KHTML, like Gecko) Chrome/72.0.3626.85 Safari/537.36", "Accept-Charset": "ISO-8859-1,utf-8;q=0.7,*;q=0.7", "Accept": "text/html,application/xhtml+xml,application/xml;q=0.9,*/*;q=0.8", "Accept-Encoding": "gzip, deflate", "Accept-Language": "en-us,en;q=0.5"}}, {"format_id": "140", "url": "https://r6---sn-5njj-u2xl.googlevideo.com/videoplayback?expire=1611763284&ei=9DkRYIG3ELOIs8IPstGKqAo&ip=140.109.135.76&id=o-ABM3FR1BzvIT7GVUtxmkBtkJkIvHT78ZByxmSsldt0CF&itag=140&source=youtube&requiressl=yes&mh=QY&mm=31%2C29&mn=sn-5njj-u2xl%2Csn-un57sn76&ms=au%2Crdu&mv=m&mvi=6&pcm2cms=yes&pl=16&gcr=tw&initcwndbps=730000&vprv=1&mime=audio%2Fmp4&ns=S02gMXnHpXZISnQnnvzmXboF&gir=yes&clen=2708729&dur=167.183&lmt=1602189361117676&mt=1611740913&fvip=6&keepalive=yes&c=WEB&txp=1311222&n=tmmaarjLH-gpBMNJc7xP&sparams=expire%2Cei%2Cip%2Cid%2Citag%2Csource%2Crequiressl%2Cgcr%2Cvprv%2Cmime%2Cns%2Cgir%2Cclen%2Cdur%2Clmt&lsparams=mh%2Cmm%2Cmn%2Cms%2Cmv%2Cmvi%2Cpcm2cms%2Cpl%2Cinitcwndbps&lsig=AG3C_xAwRgIhAJKMEv4Ego96pEfBY5MHdtYWbBKYfLp4NZygkAesGUV_AiEAmSMLTRValgnIT1YzR6XHFGwwZ9xTNdYclqG20oxv2qE%3D&sig=AOq0QJ8wRAIgHAaSMidlU4KQHFjJlGWgOMHOt9TBPQ0pmmw0oz5ZJ30CIDBfPieEVKpkWyUhACIumcKtCQywX2EEfeKRmjVMwdqt&ratebypass=yes", "player_url": "/s/player/c6df6ed7/player_ias.vflset/en_US/base.js", "ext": "m4a", "format_note": "tiny", "acodec": "mp4a.40.2", "abr": 128, "container": "m4a_dash", "asr": 44100, "filesize": 2708729, "fps": null, "height": null, "tbr": 130.988, "width": null, "vcodec": "none", "downloader_options": {"http_chunk_size": 10485760}, "format": "140 - audio only (tiny)", "protocol": "https", "http_headers": {"User-Agent": "Mozilla/5.0 (Windows NT 10.0; Win64; x64) AppleWebKit/537.36 (KHTML, like Gecko) Chrome/72.0.3626.85 Safari/537.36", "Accept-Charset": "ISO-8859-1,utf-8;q=0.7,*;q=0.7", "Accept": "text/html,application/xhtml+xml,application/xml;q=0.9,*/*;q=0.8", "Accept-Encoding": "gzip, deflate", "Accept-Language": "en-us,en;q=0.5"}}, {"format_id": "251", "url": "https://r6---sn-5njj-u2xl.googlevideo.com/videoplayback?expire=1611763284&ei=9DkRYIG3ELOIs8IPstGKqAo&ip=140.109.135.76&id=o-ABM3FR1BzvIT7GVUtxmkBtkJkIvHT78ZByxmSsldt0CF&itag=251&source=youtube&requiressl=yes&mh=QY&mm=31%2C29&mn=sn-5njj-u2xl%2Csn-un57sn76&ms=au%2Crdu&mv=m&mvi=6&pcm2cms=yes&pl=16&gcr=tw&initcwndbps=730000&vprv=1&mime=audio%2Fwebm&ns=S02gMXnHpXZISnQnnvzmXboF&gir=yes&clen=3506059&dur=167.201&lmt=1571362695577617&mt=1611740913&fvip=6&keepalive=yes&c=WEB&txp=1301222&n=tmmaarjLH-gpBMNJc7xP&sparams=expire%2Cei%2Cip%2Cid%2Citag%2Csource%2Crequiressl%2Cgcr%2Cvprv%2Cmime%2Cns%2Cgir%2Cclen%2Cdur%2Clmt&lsparams=mh%2Cmm%2Cmn%2Cms%2Cmv%2Cmvi%2Cpcm2cms%2Cpl%2Cinitcwndbps&lsig=AG3C_xAwRQIgY41LrqEJ_BhPiFC2Fd38jxjK5eEEPfgtTta7sh1wUaICIQCyelsypLafrHn-XaHFnxIereeymqlsfFIaS5EIksoIqw%3D%3D&sig=AOq0QJ8wRQIhAOtT3l-xhnNqt9KG_1qFslGWAtihA-ESYbB-ykFXqU9OAiAqoPR9xenyWAzFbVnbBYPGRWaGkBNSDTgCJH2y7vy9DQ==&ratebypass=yes", "player_url": "/s/player/c6df6ed7/player_ias.vflset/en_US/base.js", "ext": "webm", "format_note": "tiny", "acodec": "opus", "abr": 160, "asr": 48000, "filesize": 3506059, "fps": null, "height": null, "tbr": 177.652, "width": null, "vcodec": "none", "downloader_options": {"http_chunk_size": 10485760}, "format": "251 - audio only (tiny)", "protocol": "https", "http_headers": {"User-Agent": "Mozilla/5.0 (Windows NT 10.0; Win64; x64) AppleWebKit/537.36 (KHTML, like Gecko) Chrome/72.0.3626.85 Safari/537.36", "Accept-Charset": "ISO-8859-1,utf-8;q=0.7,*;q=0.7", "Accept": "text/html,application/xhtml+xml,application/xml;q=0.9,*/*;q=0.8", "Accept-Encoding": "gzip, deflate", "Accept-Language": "en-us,en;q=0.5"}}, {"format_id": "160", "url": "https://r6---sn-5njj-u2xl.googlevideo.com/videoplayback?expire=1611763284&ei=9DkRYIG3ELOIs8IPstGKqAo&ip=140.109.135.76&id=o-ABM3FR1BzvIT7GVUtxmkBtkJkIvHT78ZByxmSsldt0CF&itag=160&aitags=133%2C134%2C135%2C136%2C137%2C160%2C242%2C243%2C244%2C247%2C248%2C278&source=youtube&requiressl=yes&mh=QY&mm=31%2C29&mn=sn-5njj-u2xl%2Csn-un57sn76&ms=au%2Crdu&mv=m&mvi=6&pcm2cms=yes&pl=16&gcr=tw&initcwndbps=730000&vprv=1&mime=video%2Fmp4&ns=S02gMXnHpXZISnQnnvzmXboF&gir=yes&clen=160727&dur=167.160&lmt=1602189577787796&mt=1611740913&fvip=6&keepalive=yes&c=WEB&txp=1311222&n=tmmaarjLH-gpBMNJc7xP&sparams=expire%2Cei%2Cip%2Cid%2Caitags%2Csource%2Crequiressl%2Cgcr%2Cvprv%2Cmime%2Cns%2Cgir%2Cclen%2Cdur%2Clmt&lsparams=mh%2Cmm%2Cmn%2Cms%2Cmv%2Cmvi%2Cpcm2cms%2Cpl%2Cinitcwndbps&lsig=AG3C_xAwRgIhAIWyLvwFOdIxh9q4_OjNqzdTOtska6-nQOmIKu68V03_AiEApDLUSpPtFl4h7gS--OGOiGcwLMUh2dv37ks76g_ZNsY%3D&sig=AOq0QJ8wRQIhAOFIpgfVrvHXDaMdYpSq71jCAX5bvVq3HoRki0BXVQKUAiAc2RBBp6r9HjKCwtDQ912nFriKxVoy2QKT1eSYGqf3ig==&ratebypass=yes", "player_url": "/s/player/c6df6ed7/player_ias.vflset/en_US/base.js", "ext": "mp4", "height": 144, "format_note": "144p", "vcodec": "avc1.4d400b", "asr": null, "filesize": 160727, "fps": 25, "tbr": 9.42, "width": 144, "acodec": "none", "downloader_options": {"http_chunk_size": 10485760}, "format": "160 - 144x144 (144p)", "protocol": "https", "http_headers": {"User-Agent": "Mozilla/5.0 (Windows NT 10.0; Win64; x64) AppleWebKit/537.36 (KHTML, like Gecko) Chrome/72.0.3626.85 Safari/537.36", "Accept-Charset": "ISO-8859-1,utf-8;q=0.7,*;q=0.7", "Accept": "text/html,application/xhtml+xml,application/xml;q=0.9,*/*;q=0.8", "Accept-Encoding": "gzip, deflate", "Accept-Language": "en-us,en;q=0.5"}}, {"format_id": "133", "url": "https://r6---sn-5njj-u2xl.googlevideo.com/videoplayback?expire=1611763284&ei=9DkRYIG3ELOIs8IPstGKqAo&ip=140.109.135.76&id=o-ABM3FR1BzvIT7GVUtxmkBtkJkIvHT78ZByxmSsldt0CF&itag=133&aitags=133%2C134%2C135%2C136%2C137%2C160%2C242%2C243%2C244%2C247%2C248%2C278&source=youtube&requiressl=yes&mh=QY&mm=31%2C29&mn=sn-5njj-u2xl%2Csn-un57sn76&ms=au%2Crdu&mv=m&mvi=6&pcm2cms=yes&pl=16&gcr=tw&initcwndbps=730000&vprv=1&mime=video%2Fmp4&ns=S02gMXnHpXZISnQnnvzmXboF&gir=yes&clen=232202&dur=167.160&lmt=1602189577783137&mt=1611740913&fvip=6&keepalive=yes&c=WEB&txp=1311222&n=tmmaarjLH-gpBMNJc7xP&sparams=expire%2Cei%2Cip%2Cid%2Caitags%2Csource%2Crequiressl%2Cgcr%2Cvprv%2Cmime%2Cns%2Cgir%2Cclen%2Cdur%2Clmt&lsparams=mh%2Cmm%2Cmn%2Cms%2Cmv%2Cmvi%2Cpcm2cms%2Cpl%2Cinitcwndbps&lsig=AG3C_xAwRgIhAMm6QwYIbM_xNrDoRuLSjV1WIdFBp84_bQxREBMmXIgiAiEAwWs0biLJr9a6QLPBGUWVgSpZsXlkQOAlGN-QTn0bb5Q%3D&sig=AOq0QJ8wRQIgA1c2WRz5NiNqgCzxWdHRfGN9gg_NJHkelSFLleMLsmoCIQCRzkba6KCsI1C9Se_TyrBw0a-d9JiMY0TDblT7MlVIMQ==&ratebypass=yes", "player_url": "/s/player/c6df6ed7/player_ias.vflset/en_US/base.js", "ext": "mp4", "height": 240, "format_note": "240p", "vcodec": "avc1.4d400c", "asr": null, "filesize": 232202, "fps": 25, "tbr": 14.173, "width": 240, "acodec": "none", "downloader_options": {"http_chunk_size": 10485760}, "format": "133 - 240x240 (240p)", "protocol": "https", "http_headers": {"User-Agent": "Mozilla/5.0 (Windows NT 10.0; Win64; x64) AppleWebKit/537.36 (KHTML, like Gecko) Chrome/72.0.3626.85 Safari/537.36", "Accept-Charset": "ISO-8859-1,utf-8;q=0.7,*;q=0.7", "Accept": "text/html,application/xhtml+xml,application/xml;q=0.9,*/*;q=0.8", "Accept-Encoding": "gzip, deflate", "Accept-Language": "en-us,en;q=0.5"}}, {"format_id": "278", "url": "https://r6---sn-5njj-u2xl.googlevideo.com/videoplayback?expire=1611763284&ei=9DkRYIG3ELOIs8IPstGKqAo&ip=140.109.135.76&id=o-ABM3FR1BzvIT7GVUtxmkBtkJkIvHT78ZByxmSsldt0CF&itag=278&aitags=133%2C134%2C135%2C136%2C137%2C160%2C242%2C243%2C244%2C247%2C248%2C278&source=youtube&requiressl=yes&mh=QY&mm=31%2C29&mn=sn-5njj-u2xl%2Csn-un57sn76&ms=au%2Crdu&mv=m&mvi=6&pcm2cms=yes&pl=16&gcr=tw&initcwndbps=730000&vprv=1&mime=video%2Fwebm&ns=S02gMXnHpXZISnQnnvzmXboF&gir=yes&clen=266836&dur=167.160&lmt=1602195276794725&mt=1611740913&fvip=6&keepalive=yes&c=WEB&txp=1311222&n=tmmaarjLH-gpBMNJc7xP&sparams=expire%2Cei%2Cip%2Cid%2Caitags%2Csource%2Crequiressl%2Cgcr%2Cvprv%2Cmime%2Cns%2Cgir%2Cclen%2Cdur%2Clmt&lsparams=mh%2Cmm%2Cmn%2Cms%2Cmv%2Cmvi%2Cpcm2cms%2Cpl%2Cinitcwndbps&lsig=AG3C_xAwRQIgbWd1EGqFiCTy3_Laur8qqioFgKqlj-qlYwXZShdPzfgCIQD2wdekNa8loHIZqnbVGi2W2bE33J-ZMyz0dcRbDO7VSA%3D%3D&sig=AOq0QJ8wRQIhAMevpVZxmmpS-Fzk25BATzwFyCFEqvyEii9vUtvgUlpaAiA_tHDprN44LYP2hNF6dKaahsgJb6su2LGEU-sBWg89tw==&ratebypass=yes", "player_url": "/s/player/c6df6ed7/player_ias.vflset/en_US/base.js", "ext": "webm", "height": 144, "format_note": "144p", "container": "webm", "vcodec": "vp9", "asr": null, "filesize": 266836, "fps": 25, "tbr": 17.139, "width": 144, "acodec": "none", "downloader_options": {"http_chunk_size": 10485760}, "format": "278 - 144x144 (144p)", "protocol": "https", "http_headers": {"User-Agent": "Mozilla/5.0 (Windows NT 10.0; Win64; x64) AppleWebKit/537.36 (KHTML, like Gecko) Chrome/72.0.3626.85 Safari/537.36", "Accept-Charset": "ISO-8859-1,utf-8;q=0.7,*;q=0.7", "Accept": "text/html,application/xhtml+xml,application/xml;q=0.9,*/*;q=0.8", "Accept-Encoding": "gzip, deflate", "Accept-Language": "en-us,en;q=0.5"}}, {"format_id": "134", "url": "https://r6---sn-5njj-u2xl.googlevideo.com/videoplayback?expire=1611763284&ei=9DkRYIG3ELOIs8IPstGKqAo&ip=140.109.135.76&id=o-ABM3FR1BzvIT7GVUtxmkBtkJkIvHT78ZByxmSsldt0CF&itag=134&aitags=133%2C134%2C135%2C136%2C137%2C160%2C242%2C243%2C244%2C247%2C248%2C278&source=youtube&requiressl=yes&mh=QY&mm=31%2C29&mn=sn-5njj-u2xl%2Csn-un57sn76&ms=au%2Crdu&mv=m&mvi=6&pcm2cms=yes&pl=16&gcr=tw&initcwndbps=730000&vprv=1&mime=video%2Fmp4&ns=S02gMXnHpXZISnQnnvzmXboF&gir=yes&clen=325896&dur=167.160&lmt=1602189577791934&mt=1611740913&fvip=6&keepalive=yes&c=WEB&txp=1311222&n=tmmaarjLH-gpBMNJc7xP&sparams=expire%2Cei%2Cip%2Cid%2Caitags%2Csource%2Crequiressl%2Cgcr%2Cvprv%2Cmime%2Cns%2Cgir%2Cclen%2Cdur%2Clmt&lsparams=mh%2Cmm%2Cmn%2Cms%2Cmv%2Cmvi%2Cpcm2cms%2Cpl%2Cinitcwndbps&lsig=AG3C_xAwRAIgWg8DFAmsyihbArwsKZwfsyq-QXEv1wLiZwer7GfbejoCIFjkpyr_9sOqsUvZh-Xvm9NibZPsL8-_nz2X9VgEI3Ff&sig=AOq0QJ8wRAIgRSZavOSHTMRm7AXumJBdQgQkmH1AH-Q6abgwB2S9-rACIGQRjvLBm0ED0GwADCNtgyP6KeDKEm0UEv-s751xWc-u&ratebypass=yes", "player_url": "/s/player/c6df6ed7/player_ias.vflset/en_US/base.js", "ext": "mp4", "height": 360, "format_note": "360p", "vcodec": "avc1.4d4015", "asr": null, "filesize": 325896, "fps": 25, "tbr": 20.508, "width": 360, "acodec": "none", "downloader_options": {"http_chunk_size": 10485760}, "format": "134 - 360x360 (360p)", "protocol": "https", "http_headers": {"User-Agent": "Mozilla/5.0 (Windows NT 10.0; Win64; x64) AppleWebKit/537.36 (KHTML, like Gecko) Chrome/72.0.3626.85 Safari/537.36", "Accept-Charset": "ISO-8859-1,utf-8;q=0.7,*;q=0.7", "Accept": "text/html,application/xhtml+xml,application/xml;q=0.9,*/*;q=0.8", "Accept-Encoding": "gzip, deflate", "Accept-Language": "en-us,en;q=0.5"}}, {"format_id": "242", "url": "https://r6---sn-5njj-u2xl.googlevideo.com/videoplayback?expire=1611763284&ei=9DkRYIG3ELOIs8IPstGKqAo&ip=140.109.135.76&id=o-ABM3FR1BzvIT7GVUtxmkBtkJkIvHT78ZByxmSsldt0CF&itag=242&aitags=133%2C134%2C135%2C136%2C137%2C160%2C242%2C243%2C244%2C247%2C248%2C278&source=youtube&requiressl=yes&mh=QY&mm=31%2C29&mn=sn-5njj-u2xl%2Csn-un57sn76&ms=au%2Crdu&mv=m&mvi=6&pcm2cms=yes&pl=16&gcr=tw&initcwndbps=730000&vprv=1&mime=video%2Fwebm&ns=S02gMXnHpXZISnQnnvzmXboF&gir=yes&clen=469721&dur=167.160&lmt=1602195276640951&mt=1611740913&fvip=6&keepalive=yes&c=WEB&txp=1311222&n=tmmaarjLH-gpBMNJc7xP&sparams=expire%2Cei%2Cip%2Cid%2Caitags%2Csource%2Crequiressl%2Cgcr%2Cvprv%2Cmime%2Cns%2Cgir%2Cclen%2Cdur%2Clmt&lsparams=mh%2Cmm%2Cmn%2Cms%2Cmv%2Cmvi%2Cpcm2cms%2Cpl%2Cinitcwndbps&lsig=AG3C_xAwRgIhAMS8Aeibq6le15y5UKkV47OamEXZrd0pFylm8_KwWmmPAiEAr3Caz3sVFvgSMrRErGTZ_57Ep1oCCbz1JfTYjgHYY0g%3D&sig=AOq0QJ8wRQIhAMYBtBnH_88HW84qPAwbK-Oka3yfHT2N4QmQGZg0hMm4AiBW9Nz224-IECH6F3CZ5yZpggu1Z6l5U5N-8O_zgeXpvw==&ratebypass=yes", "player_url": "/s/player/c6df6ed7/player_ias.vflset/en_US/base.js", "ext": "webm", "height": 240, "format_note": "240p", "vcodec": "vp9", "asr": null, "filesize": 469721, "fps": 25, "tbr": 32.024, "width": 240, "acodec": "none", "downloader_options": {"http_chunk_size": 10485760}, "format": "242 - 240x240 (240p)", "protocol": "https", "http_headers": {"User-Agent": "Mozilla/5.0 (Windows NT 10.0; Win64; x64) AppleWebKit/537.36 (KHTML, like Gecko) Chrome/72.0.3626.85 Safari/537.36", "Accept-Charset": "ISO-8859-1,utf-8;q=0.7,*;q=0.7", "Accept": "text/html,application/xhtml+xml,application/xml;q=0.9,*/*;q=0.8", "Accept-Encoding": "gzip, deflate", "Accept-Language": "en-us,en;q=0.5"}}, {"format_id": "135", "url": "https://r6---sn-5njj-u2xl.googlevideo.com/videoplayback?expire=1611763284&ei=9DkRYIG3ELOIs8IPstGKqAo&ip=140.109.135.76&id=o-ABM3FR1BzvIT7GVUtxmkBtkJkIvHT78ZByxmSsldt0CF&itag=135&aitags=133%2C134%2C135%2C136%2C137%2C160%2C242%2C243%2C244%2C247%2C248%2C278&source=youtube&requiressl=yes&mh=QY&mm=31%2C29&mn=sn-5njj-u2xl%2Csn-un57sn76&ms=au%2Crdu&mv=m&mvi=6&pcm2cms=yes&pl=16&gcr=tw&initcwndbps=730000&vprv=1&mime=video%2Fmp4&ns=S02gMXnHpXZISnQnnvzmXboF&gir=yes&clen=497377&dur=167.160&lmt=1602189577778539&mt=1611740913&fvip=6&keepalive=yes&c=WEB&txp=1311222&n=tmmaarjLH-gpBMNJc7xP&sparams=expire%2Cei%2Cip%2Cid%2Caitags%2Csource%2Crequiressl%2Cgcr%2Cvprv%2Cmime%2Cns%2Cgir%2Cclen%2Cdur%2Clmt&lsparams=mh%2Cmm%2Cmn%2Cms%2Cmv%2Cmvi%2Cpcm2cms%2Cpl%2Cinitcwndbps&lsig=AG3C_xAwRQIgIGxoFS-kEWqtHaWKrRbvYaqRzW-2F4ENkzAJBt7CKawCIQCpqgfsOElY0j7vQ_3MajaLQx80EHrJmby_F-uNKHdK-A%3D%3D&sig=AOq0QJ8wRQIhAL3ofHgEgn8QOFHPOdtARam_PhRZ3LdEol8Z6hbyCteOAiBqm_k9e4RUtEWBlB3DWDC5Y1w0NFAtzflWcRSYmylAzA==&ratebypass=yes", "player_url": "/s/player/c6df6ed7/player_ias.vflset/en_US/base.js", "ext": "mp4", "height": 480, "format_note": "480p", "vcodec": "avc1.4d401e", "asr": null, "filesize": 497377, "fps": 25, "tbr": 33.045, "width": 480, "acodec": "none", "downloader_options": {"http_chunk_size": 10485760}, "format": "135 - 480x480 (480p)", "protocol": "https", "http_headers": {"User-Agent": "Mozilla/5.0 (Windows NT 10.0; Win64; x64) AppleWebKit/537.36 (KHTML, like Gecko) Chrome/72.0.3626.85 Safari/537.36", "Accept-Charset": "ISO-8859-1,utf-8;q=0.7,*;q=0.7", "Accept": "text/html,application/xhtml+xml,application/xml;q=0.9,*/*;q=0.8", "Accept-Encoding": "gzip, deflate", "Accept-Language": "en-us,en;q=0.5"}}, {"format_id": "243", "url": "https://r6---sn-5njj-u2xl.googlevideo.com/videoplayback?expire=1611763284&ei=9DkRYIG3ELOIs8IPstGKqAo&ip=140.109.135.76&id=o-ABM3FR1BzvIT7GVUtxmkBtkJkIvHT78ZByxmSsldt0CF&itag=243&aitags=133%2C134%2C135%2C136%2C137%2C160%2C242%2C243%2C244%2C247%2C248%2C278&source=youtube&requiressl=yes&mh=QY&mm=31%2C29&mn=sn-5njj-u2xl%2Csn-un57sn76&ms=au%2Crdu&mv=m&mvi=6&pcm2cms=yes&pl=16&gcr=tw&initcwndbps=730000&vprv=1&mime=video%2Fwebm&ns=S02gMXnHpXZISnQnnvzmXboF&gir=yes&clen=757203&dur=167.160&lmt=1602195276645373&mt=1611740913&fvip=6&keepalive=yes&c=WEB&txp=1311222&n=tmmaarjLH-gpBMNJc7xP&sparams=expire%2Cei%2Cip%2Cid%2Caitags%2Csource%2Crequiressl%2Cgcr%2Cvprv%2Cmime%2Cns%2Cgir%2Cclen%2Cdur%2Clmt&lsparams=mh%2Cmm%2Cmn%2Cms%2Cmv%2Cmvi%2Cpcm2cms%2Cpl%2Cinitcwndbps&lsig=AG3C_xAwRgIhAI9Fbq0Bgteoxrfbboz4Um4rRVMQfHFXAVpHWZ-hzB3mAiEA_GRlgZ86y9wIgFVgsW59AbaLRzVARso-8CLzjyTLbWc%3D&sig=AOq0QJ8wRAIgM4Rby1wRZAJ3MVx-NI9SCMmSseb9UTakdH5ytY82LdsCIEEpTkntyg2mLKz9wDe1exmjwyq_FcDOeIc-q3-bkKlm&ratebypass=yes", "player_url": "/s/player/c6df6ed7/player_ias.vflset/en_US/base.js", "ext": "webm", "height": 360, "format_note": "360p", "vcodec": "vp9", "asr": null, "filesize": 757203, "fps": 25, "tbr": 52.828, "width": 360, "acodec": "none", "downloader_options": {"http_chunk_size": 10485760}, "format": "243 - 360x360 (360p)", "protocol": "https", "http_headers": {"User-Agent": "Mozilla/5.0 (Windows NT 10.0; Win64; x64) AppleWebKit/537.36 (KHTML, like Gecko) Chrome/72.0.3626.85 Safari/537.36", "Accept-Charset": "ISO-8859-1,utf-8;q=0.7,*;q=0.7", "Accept": "text/html,application/xhtml+xml,application/xml;q=0.9,*/*;q=0.8", "Accept-Encoding": "gzip, deflate", "Accept-Language": "en-us,en;q=0.5"}}, {"format_id": "136", "url": "https://r6---sn-5njj-u2xl.googlevideo.com/videoplayback?expire=1611763284&ei=9DkRYIG3ELOIs8IPstGKqAo&ip=140.109.135.76&id=o-ABM3FR1BzvIT7GVUtxmkBtkJkIvHT78ZByxmSsldt0CF&itag=136&aitags=133%2C134%2C135%2C136%2C137%2C160%2C242%2C243%2C244%2C247%2C248%2C278&source=youtube&requiressl=yes&mh=QY&mm=31%2C29&mn=sn-5njj-u2xl%2Csn-un57sn76&ms=au%2Crdu&mv=m&mvi=6&pcm2cms=yes&pl=16&gcr=tw&initcwndbps=730000&vprv=1&mime=video%2Fmp4&ns=S02gMXnHpXZISnQnnvzmXboF&gir=yes&clen=977440&dur=167.160&lmt=1602189577778575&mt=1611740913&fvip=6&keepalive=yes&c=WEB&txp=1311222&n=tmmaarjLH-gpBMNJc7xP&sparams=expire%2Cei%2Cip%2Cid%2Caitags%2Csource%2Crequiressl%2Cgcr%2Cvprv%2Cmime%2Cns%2Cgir%2Cclen%2Cdur%2Clmt&lsparams=mh%2Cmm%2Cmn%2Cms%2Cmv%2Cmvi%2Cpcm2cms%2Cpl%2Cinitcwndbps&lsig=AG3C_xAwRAIgEBM7sETKLJ5yos0Irrzi8bvXe6FgWE7MkD_r39-QzyMCIDSAHl14MoT24oB2qE7ExA10eROyf9_m9E14JztFp-9D&sig=AOq0QJ8wRAIgAw1p8NqoER3G797ENprLOHXcis96BXNHjutdMnB1gwcCIAsSYeIpGkgEEn_LX0oSq57WdpyS9LZhQnHNVtorRgjs&ratebypass=yes", "player_url": "/s/player/c6df6ed7/player_ias.vflset/en_US/base.js", "ext": "mp4", "height": 720, "format_note": "720p", "vcodec": "avc1.4d401f", "asr": null, "filesize": 977440, "fps": 25, "tbr": 66.065, "width": 720, "acodec": "none", "downloader_options": {"http_chunk_size": 10485760}, "format": "136 - 720x720 (720p)", "protocol": "https", "http_headers": {"User-Agent": "Mozilla/5.0 (Windows NT 10.0; Win64; x64) AppleWebKit/537.36 (KHTML, like Gecko) Chrome/72.0.3626.85 Safari/537.36", "Accept-Charset": "ISO-8859-1,utf-8;q=0.7,*;q=0.7", "Accept": "text/html,application/xhtml+xml,application/xml;q=0.9,*/*;q=0.8", "Accept-Encoding": "gzip, deflate", "Accept-Language": "en-us,en;q=0.5"}}, {"format_id": "244", "url": "https://r6---sn-5njj-u2xl.googlevideo.com/videoplayback?expire=1611763284&ei=9DkRYIG3ELOIs8IPstGKqAo&ip=140.109.135.76&id=o-ABM3FR1BzvIT7GVUtxmkBtkJkIvHT78ZByxmSsldt0CF&itag=244&aitags=133%2C134%2C135%2C136%2C137%2C160%2C242%2C243%2C244%2C247%2C248%2C278&source=youtube&requiressl=yes&mh=QY&mm=31%2C29&mn=sn-5njj-u2xl%2Csn-un57sn76&ms=au%2Crdu&mv=m&mvi=6&pcm2cms=yes&pl=16&gcr=tw&initcwndbps=730000&vprv=1&mime=video%2Fwebm&ns=S02gMXnHpXZISnQnnvzmXboF&gir=yes&clen=1242669&dur=167.160&lmt=1602195276746441&mt=1611740913&fvip=6&keepalive=yes&c=WEB&txp=1311222&n=tmmaarjLH-gpBMNJc7xP&sparams=expire%2Cei%2Cip%2Cid%2Caitags%2Csource%2Crequiressl%2Cgcr%2Cvprv%2Cmime%2Cns%2Cgir%2Cclen%2Cdur%2Clmt&lsparams=mh%2Cmm%2Cmn%2Cms%2Cmv%2Cmvi%2Cpcm2cms%2Cpl%2Cinitcwndbps&lsig=AG3C_xAwRQIhAOUQA_m1DN5DfO6a96jV8ZEa4M3-raGL7RBU1-DzjOjsAiAHuwQfs1O6HOuoNtsT0Onxkz_-mouW_sQMnh_nIe_43g%3D%3D&sig=AOq0QJ8wRQIgOhxTBNe520lkvDjHk6ODVbCNcwoqhmZLBJ9cHdWnmhICIQC4uUv4iEDQ5Az0B9a9UA3nSMJHEe-Wm2NM6fUxz_z7gA==&ratebypass=yes", "player_url": "/s/player/c6df6ed7/player_ias.vflset/en_US/base.js", "ext": "webm", "height": 480, "format_note": "480p", "vcodec": "vp9", "asr": null, "filesize": 1242669, "fps": 25, "tbr": 88.279, "width": 480, "acodec": "none", "downloader_options": {"http_chunk_size": 10485760}, "format": "244 - 480x480 (480p)", "protocol": "https", "http_headers": {"User-Agent": "Mozilla/5.0 (Windows NT 10.0; Win64; x64) AppleWebKit/537.36 (KHTML, like Gecko) Chrome/72.0.3626.85 Safari/537.36", "Accept-Charset": "ISO-8859-1,utf-8;q=0.7,*;q=0.7", "Accept": "text/html,application/xhtml+xml,application/xml;q=0.9,*/*;q=0.8", "Accept-Encoding": "gzip, deflate", "Accept-Language": "en-us,en;q=0.5"}}, {"format_id": "137", "url": "https://r6---sn-5njj-u2xl.googlevideo.com/videoplayback?expire=1611763284&ei=9DkRYIG3ELOIs8IPstGKqAo&ip=140.109.135.76&id=o-ABM3FR1BzvIT7GVUtxmkBtkJkIvHT78ZByxmSsldt0CF&itag=137&aitags=133%2C134%2C135%2C136%2C137%2C160%2C242%2C243%2C244%2C247%2C248%2C278&source=youtube&requiressl=yes&mh=QY&mm=31%2C29&mn=sn-5njj-u2xl%2Csn-un57sn76&ms=au%2Crdu&mv=m&mvi=6&pcm2cms=yes&pl=16&gcr=tw&initcwndbps=730000&vprv=1&mime=video%2Fmp4&ns=S02gMXnHpXZISnQnnvzmXboF&gir=yes&clen=2610648&dur=167.160&lmt=1602189434378918&mt=1611740913&fvip=6&keepalive=yes&c=WEB&txp=1311222&n=tmmaarjLH-gpBMNJc7xP&sparams=expire%2Cei%2Cip%2Cid%2Caitags%2Csource%2Crequiressl%2Cgcr%2Cvprv%2Cmime%2Cns%2Cgir%2Cclen%2Cdur%2Clmt&lsparams=mh%2Cmm%2Cmn%2Cms%2Cmv%2Cmvi%2Cpcm2cms%2Cpl%2Cinitcwndbps&lsig=AG3C_xAwRQIhAO7BO_CIfDJyQbhATgROoqffyRoqGvHQ34FHoBPQTMivAiA2uL4lc_OTT7SVijO4uv3oT2T3B2d_GCADiw7gGAIsgA%3D%3D&sig=AOq0QJ8wRQIgXGbdHRAElUjHT4GSMCmoIVQdQu9MZBHSCGckYJNYWdECIQCrT77aY8M4cX0qCjU_cC9vAOAS1ev2HB6-oiJuQ4RJjw==&ratebypass=yes", "player_url": "/s/player/c6df6ed7/player_ias.vflset/en_US/base.js", "ext": "mp4", "height": 1080, "format_note": "1080p", "vcodec": "avc1.640020", "asr": null, "filesize": 2610648, "fps": 25, "tbr": 179.534, "width": 1080, "acodec": "none", "downloader_options": {"http_chunk_size": 10485760}, "format": "137 - 1080x1080 (1080p)", "protocol": "https", "http_headers": {"User-Agent": "Mozilla/5.0 (Windows NT 10.0; Win64; x64) AppleWebKit/537.36 (KHTML, like Gecko) Chrome/72.0.3626.85 Safari/537.36", "Accept-Charset": "ISO-8859-1,utf-8;q=0.7,*;q=0.7", "Accept": "text/html,application/xhtml+xml,application/xml;q=0.9,*/*;q=0.8", "Accept-Encoding": "gzip, deflate", "Accept-Language": "en-us,en;q=0.5"}}, {"format_id": "247", "url": "https://r6---sn-5njj-u2xl.googlevideo.com/videoplayback?expire=1611763284&ei=9DkRYIG3ELOIs8IPstGKqAo&ip=140.109.135.76&id=o-ABM3FR1BzvIT7GVUtxmkBtkJkIvHT78ZByxmSsldt0CF&itag=247&aitags=133%2C134%2C135%2C136%2C137%2C160%2C242%2C243%2C244%2C247%2C248%2C278&source=youtube&requiressl=yes&mh=QY&mm=31%2C29&mn=sn-5njj-u2xl%2Csn-un57sn76&ms=au%2Crdu&mv=m&mvi=6&pcm2cms=yes&pl=16&gcr=tw&initcwndbps=730000&vprv=1&mime=video%2Fwebm&ns=S02gMXnHpXZISnQnnvzmXboF&gir=yes&clen=2791046&dur=167.160&lmt=1602195276629757&mt=1611740913&fvip=6&keepalive=yes&c=WEB&txp=1311222&n=tmmaarjLH-gpBMNJc7xP&sparams=expire%2Cei%2Cip%2Cid%2Caitags%2Csource%2Crequiressl%2Cgcr%2Cvprv%2Cmime%2Cns%2Cgir%2Cclen%2Cdur%2Clmt&lsparams=mh%2Cmm%2Cmn%2Cms%2Cmv%2Cmvi%2Cpcm2cms%2Cpl%2Cinitcwndbps&lsig=AG3C_xAwRgIhAIZd2FEwpjitj050ZU1c_RK4QZ6dBXT2WIZcxHekLh6-AiEAkjC-caSZI_tkovcFRHORAM70Eu9kboXWqLExq0d79tc%3D&sig=AOq0QJ8wRgIhAM6RwNkyeIKh-KbggKohB17WymNWjQHgBA9mDHCMz1q3AiEA1qDIbSZaCMy6W--vxoT1PV69K3IoZLGshEkjbGUO-MI=&ratebypass=yes", "player_url": "/s/player/c6df6ed7/player_ias.vflset/en_US/base.js", "ext": "webm", "height": 720, "format_note": "720p", "vcodec": "vp9", "asr": null, "filesize": 2791046, "fps": 25, "tbr": 199.995, "width": 720, "acodec": "none", "downloader_options": {"http_chunk_size": 10485760}, "format": "247 - 720x720 (720p)", "protocol": "https", "http_headers": {"User-Agent": "Mozilla/5.0 (Windows NT 10.0; Win64; x64) AppleWebKit/537.36 (KHTML, like Gecko) Chrome/72.0.3626.85 Safari/537.36", "Accept-Charset": "ISO-8859-1,utf-8;q=0.7,*;q=0.7", "Accept": "text/html,application/xhtml+xml,application/xml;q=0.9,*/*;q=0.8", "Accept-Encoding": "gzip, deflate", "Accept-Language": "en-us,en;q=0.5"}}, {"format_id": "248", "url": "https://r6---sn-5njj-u2xl.googlevideo.com/videoplayback?expire=1611763284&ei=9DkRYIG3ELOIs8IPstGKqAo&ip=140.109.135.76&id=o-ABM3FR1BzvIT7GVUtxmkBtkJkIvHT78ZByxmSsldt0CF&itag=248&aitags=133%2C134%2C135%2C136%2C137%2C160%2C242%2C243%2C244%2C247%2C248%2C278&source=youtube&requiressl=yes&mh=QY&mm=31%2C29&mn=sn-5njj-u2xl%2Csn-un57sn76&ms=au%2Crdu&mv=m&mvi=6&pcm2cms=yes&pl=16&gcr=tw&initcwndbps=730000&vprv=1&mime=video%2Fwebm&ns=S02gMXnHpXZISnQnnvzmXboF&gir=yes&clen=6045265&dur=167.160&lmt=1602192599227840&mt=1611740913&fvip=6&keepalive=yes&c=WEB&txp=1311222&n=tmmaarjLH-gpBMNJc7xP&sparams=expire%2Cei%2Cip%2Cid%2Caitags%2Csource%2Crequiressl%2Cgcr%2Cvprv%2Cmime%2Cns%2Cgir%2Cclen%2Cdur%2Clmt&lsparams=mh%2Cmm%2Cmn%2Cms%2Cmv%2Cmvi%2Cpcm2cms%2Cpl%2Cinitcwndbps&lsig=AG3C_xAwRQIhAIeuAd7qPpMtcx6leHyArLeLAWZg0bvSUw-pi6Fi2reFAiA68x5e9TfRg-CRqBI3lCRZ6-AtdmL_p9BkJ7PJ4cTosQ%3D%3D&sig=AOq0QJ8wRQIgU1Xdru67X0D6_twNS60eQLgDX2mEWwo4n5lXSP_k1EQCIQDXCJxBIN9uBs7WCvz_IVpyk4dzfu3WPFpe2BZ2QajgoA==&ratebypass=yes", "player_url": "/s/player/c6df6ed7/player_ias.vflset/en_US/base.js", "ext": "webm", "height": 1080, "format_note": "1080p", "vcodec": "vp9", "asr": null, "filesize": 6045265, "fps": 25, "tbr": 437.556, "width": 1080, "acodec": "none", "downloader_options": {"http_chunk_size": 10485760}, "format": "248 - 1080x1080 (1080p)", "protocol": "https", "http_headers": {"User-Agent": "Mozilla/5.0 (Windows NT 10.0; Win64; x64) AppleWebKit/537.36 (KHTML, like Gecko) Chrome/72.0.3626.85 Safari/537.36", "Accept-Charset": "ISO-8859-1,utf-8;q=0.7,*;q=0.7", "Accept": "text/html,application/xhtml+xml,application/xml;q=0.9,*/*;q=0.8", "Accept-Encoding": "gzip, deflate", "Accept-Language": "en-us,en;q=0.5"}}, {"format_id": "18", "url": "https://r6---sn-5njj-u2xl.googlevideo.com/videoplayback?expire=1611763284&ei=9DkRYIG3ELOIs8IPstGKqAo&ip=140.109.135.76&id=o-ABM3FR1BzvIT7GVUtxmkBtkJkIvHT78ZByxmSsldt0CF&itag=18&source=youtube&requiressl=yes&mh=QY&mm=31%2C29&mn=sn-5njj-u2xl%2Csn-un57sn76&ms=au%2Crdu&mv=m&mvi=6&pcm2cms=yes&pl=16&gcr=tw&initcwndbps=730000&vprv=1&mime=video%2Fmp4&ns=MZH0sjGrciPSPM8QIQXfyJcF&gir=yes&clen=3168157&ratebypass=yes&dur=167.230&lmt=1571362039943718&mt=1611740913&fvip=6&c=WEB&txp=1311222&n=YAdLhdO-kd5ZmYw6tKw1&sparams=expire%2Cei%2Cip%2Cid%2Citag%2Csource%2Crequiressl%2Cgcr%2Cvprv%2Cmime%2Cns%2Cgir%2Cclen%2Cratebypass%2Cdur%2Clmt&lsparams=mh%2Cmm%2Cmn%2Cms%2Cmv%2Cmvi%2Cpcm2cms%2Cpl%2Cinitcwndbps&lsig=AG3C_xAwRQIhAK9gmY2KCvgeavhTSZFb6PIhVW7-Pbe6hOGyC5a3WuqzAiAmmyoqUreinxx9Z_q4ll9wKFi4CeONhV4dAzeX2ONd9A%3D%3D&sig=AOq0QJ8wRAIgCLEa6Y9v46VbI-VaBUf8ssHWHGb1vkbuJ0o3nFD7pXUCIGn3BN8Ft2tcdSPG_LNFO0NNl4GeOpFRAd8xWNeJ3PLS", "player_url": "/s/player/c6df6ed7/player_ias.vflset/en_US/base.js", "ext": "mp4", "width": 360, "height": 360, "acodec": "mp4a.40.2", "abr": 96, "vcodec": "avc1.42001E", "asr": 44100, "filesize": 3168157, "format_note": "360p", "fps": 25, "tbr": 151.622, "format": "18 - 360x360 (360p)", "protocol": "https", "http_headers": {"User-Agent": "Mozilla/5.0 (Windows NT 10.0; Win64; x64) AppleWebKit/537.36 (KHTML, like Gecko) Chrome/72.0.3626.85 Safari/537.36", "Accept-Charset": "ISO-8859-1,utf-8;q=0.7,*;q=0.7", "Accept": "text/html,application/xhtml+xml,application/xml;q=0.9,*/*;q=0.8", "Accept-Encoding": "gzip, deflate", "Accept-Language": "en-us,en;q=0.5"}}], "is_live": null, "start_time": null, "end_time": null, "series": null, "season_number": null, "episode_number": null, "track": "A Thousand Miles", "artist": "Henry Smith", "album": "Piano Sleeping Music", "release_date": "20180423", "release_year": 2018, "extractor": "youtube", "webpage_url_basename": "watch", "extractor_key": "Youtube", "playlist": null, "playlist_index": null, "thumbnail": "https://i.ytimg.com/vi_webp/mMdN_9RHFNQ/maxresdefault.webp", "display_id": "mMdN_9RHFNQ", "requested_subtitles": null, "format_id": "251", "url": "https://r6---sn-5njj-u2xl.googlevideo.com/videoplayback?expire=1611763284&ei=9DkRYIG3ELOIs8IPstGKqAo&ip=140.109.135.76&id=o-ABM3FR1BzvIT7GVUtxmkBtkJkIvHT78ZByxmSsldt0CF&itag=251&source=youtube&requiressl=yes&mh=QY&mm=31%2C29&mn=sn-5njj-u2xl%2Csn-un57sn76&ms=au%2Crdu&mv=m&mvi=6&pcm2cms=yes&pl=16&gcr=tw&initcwndbps=730000&vprv=1&mime=audio%2Fwebm&ns=S02gMXnHpXZISnQnnvzmXboF&gir=yes&clen=3506059&dur=167.201&lmt=1571362695577617&mt=1611740913&fvip=6&keepalive=yes&c=WEB&txp=1301222&n=tmmaarjLH-gpBMNJc7xP&sparams=expire%2Cei%2Cip%2Cid%2Citag%2Csource%2Crequiressl%2Cgcr%2Cvprv%2Cmime%2Cns%2Cgir%2Cclen%2Cdur%2Clmt&lsparams=mh%2Cmm%2Cmn%2Cms%2Cmv%2Cmvi%2Cpcm2cms%2Cpl%2Cinitcwndbps&lsig=AG3C_xAwRQIgY41LrqEJ_BhPiFC2Fd38jxjK5eEEPfgtTta7sh1wUaICIQCyelsypLafrHn-XaHFnxIereeymqlsfFIaS5EIksoIqw%3D%3D&sig=AOq0QJ8wRQIhAOtT3l-xhnNqt9KG_1qFslGWAtihA-ESYbB-ykFXqU9OAiAqoPR9xenyWAzFbVnbBYPGRWaGkBNSDTgCJH2y7vy9DQ==&ratebypass=yes", "player_url": "/s/player/c6df6ed7/player_ias.vflset/en_US/base.js", "ext": "webm", "format_note": "tiny", "acodec": "opus", "abr": 160, "asr": 48000, "filesize": 3506059, "fps": null, "height": null, "tbr": 177.652, "width": null, "vcodec": "none", "downloader_options": {"http_chunk_size": 10485760}, "format": "251 - audio only (tiny)", "protocol": "https", "http_headers": {"User-Agent": "Mozilla/5.0 (Windows NT 10.0; Win64; x64) AppleWebKit/537.36 (KHTML, like Gecko) Chrome/72.0.3626.85 Safari/537.36", "Accept-Charset": "ISO-8859-1,utf-8;q=0.7,*;q=0.7", "Accept": "text/html,application/xhtml+xml,application/xml;q=0.9,*/*;q=0.8", "Accept-Encoding": "gzip, deflate", "Accept-Language": "en-us,en;q=0.5"}}