{"id": "nOIBJHkqrE8", "uploader": "Pianoheart", "uploader_id": "ThePianoheart", "uploader_url": "http://www.youtube.com/user/ThePianoheart", "channel_id": "UCyeyPb7Tq6olpumJAsw0Xow", "channel_url": "http://www.youtube.com/channel/UCyeyPb7Tq6olpumJAsw0Xow", "upload_date": "20150516", "license": null, "creator": null, "title": "\ud0c0\uc774\uac70JK(Tiger JK) - Reset \ud53c\uc544\ub178 \uc5f0\uc8fc(Cover)(\ud6c4\uc544\uc720 \ud559\uad502015 ost)", "alt_title": null, "thumbnails": [{"url": "https://i.ytimg.com/vi/nOIBJHkqrE8/hqdefault.jpg?sqp=-oaymwEYCKgBEF5IVfKriqkDCwgBFQAAiEIYAXAB&rs=AOn4CLBCL_y31x_T8ET5loKoRwm6XMqu3w", "width": 168, "height": 94, "resolution": "168x94", "id": "0"}, {"url": "https://i.ytimg.com/vi/nOIBJHkqrE8/hqdefault.jpg?sqp=-oaymwEYCMQBEG5IVfKriqkDCwgBFQAAiEIYAXAB&rs=AOn4CLDgExSDNTkxy3FkkMI7PBRGXfiqtw", "width": 196, "height": 110, "resolution": "196x110", "id": "1"}, {"url": "https://i.ytimg.com/vi/nOIBJHkqrE8/hqdefault.jpg?sqp=-oaymwEZCPYBEIoBSFXyq4qpAwsIARUAAIhCGAFwAQ==&rs=AOn4CLDBo9ByxFULs-vKH3oQrxiBJRzgMw", "width": 246, "height": 138, "resolution": "246x138", "id": "2"}, {"url": "https://i.ytimg.com/vi/nOIBJHkqrE8/hqdefault.jpg?sqp=-oaymwEZCNACELwBSFXyq4qpAwsIARUAAIhCGAFwAQ==&rs=AOn4CLCNhCNRknBTTIXOWNaPSgb1T8tKhA", "width": 336, "height": 188, "resolution": "336x188", "id": "3"}, {"url": "https://i.ytimg.com/vi_webp/nOIBJHkqrE8/maxresdefault.webp", "width": 1920, "height": 1080, "resolution": "1920x1080", "id": "4"}], "description": "Download the sheet music@ http://www.pianoheart.co.kr\n\n*. If you don't know Korean Language, please check English Guide.\n  at  http://www.pianoheart.co.kr/English_Guide.pdf \n\n\uc548\ub155\ud558\uc138\uc694.\n\ud53c\uc544\ub178\uc545\ubcf4 \uc804\ubb38 \uc0ac\uc774\ud2b8 \ud53c\uc544\ub178\ud558\ud2b8\uc5d0\uc11c \n2015\ub144 5\uc6d4 16\uc77c\uc5d0 \ucd9c\uc2dc\ud55c \uc545\ubcf4\ub294\n\ud6c4\uc544\uc720 - \ud559\uad502015 ost,  \ud0c0\uc774\uac70JK\uc758 Reset\uc785\ub2c8\ub2e4.\n\n\uc545\ubcf4\uac00 \ud544\uc694\ud558\uc2e0 \ubd84\ub4e4\uc740 http://www.pianoheart.co.kr \uc5d0\uc11c \n\uad6c\ud558\uc2e4 \uc218 \uc788\uc2b5\ub2c8\ub2e4.\n\n*. \ud53c\uc544\ub178\ud558\ud2b8\uc5d0\uc11c\ub294 \uc131\uc778 \ud53c\uc544\ub178 \ub808\uc2a8\uacfc \n   \ud53c\uc544\ub178 \uc545\ubcf4 \uc81c\uc791\ubc0f \ud3b8\uace1\uc744 \ud558\uace0 \uc788\uc2b5\ub2c8\ub2e4.\n   \uc545\ubcf4\ub97c \uc6d0\ud558\uc2dc\ub294 \ubd84\uc740 \n   www.pianoheart.co.kr \uc5d0\uc11c \uad6c\ud558\uc2e4 \uc218 \uc788\uc73c\uba70,\n   \ub808\uc2a8\uc744 \uc6d0\ud558\uc2dc\ub294 \ubd84\uc740 \n   010-8463-0803 \uc73c\ub85c \ubb38\uc758 \ubc14\ub78d\ub2c8\ub2e4.\n\n*. \ub610\ud55c \uc545\ubcf4 \uc5c5\ub370\uc774\ud2b8\ub294 \n   \ud398\uc774\uc2a4 \ubd81 https://www.facebook.com/pianoheart0902 \n   \uc5d0\uc11c '\uc88b\uc544\uc694'\ub97c \ub204\ub974\uc2dc\uba74,\n   \ud53c\uc544\ub178\ud558\ud2b8\uc758 \uc545\ubcf4 \uc5c5\ub370\uc774\ud2b8 \uc18c\uc2dd\uc744 \n   \uac00\uc7a5 \uba3c\uc800 \uc811\ud558\uc2e4 \uc218 \uc788\uc2b5\ub2c8\ub2e4.^^", "categories": ["Music"], "tags": null, "subtitles": {}, "automatic_captions": {}, "duration": 272, "age_limit": 0, "annotations": null, "chapters": null, "webpage_url": "https://www.youtube.com/watch?v=nOIBJHkqrE8", "view_count": 794210, "like_count": 11296, "dislike_count": 89, "average_rating": 4.9687309, "formats": [{"format_id": "249", "url": "https://r2---sn-5njj-u2xe.googlevideo.com/videoplayback?expire=1612167616&ei=YGUXYPegC4rBgAPYvo6QBg&ip=140.109.135.76&id=o-ABDWW_p8_v-YQHwQmZcMozAUJPbqwJm6zFdp3ai33AR7&itag=249&source=youtube&requiressl=yes&mh=wU&mm=31%2C29&mn=sn-5njj-u2xe%2Csn-un57en7s&ms=au%2Crdu&mv=m&mvi=2&pl=16&initcwndbps=378750&vprv=1&mime=audio%2Fwebm&ns=b6YdC_oRPF-pOlqisi9tunEF&gir=yes&clen=2019196&dur=271.661&lmt=1541162312521891&mt=1612145563&fvip=2&keepalive=yes&beids=9466587&c=WEB&txp=5411222&n=K-5YJC7lq8AUSz3M0&sparams=expire%2Cei%2Cip%2Cid%2Citag%2Csource%2Crequiressl%2Cvprv%2Cmime%2Cns%2Cgir%2Cclen%2Cdur%2Clmt&sig=AOq0QJ8wRQIgMGyLhaeIik0lv8DERX6EKYnnD2lcoCKmZjCnbT0fWGQCIQCaX8xvuSpQYj8KMdJYG71JrpWKm1SfFnzvB2gr1Feglw%3D%3D&lsparams=mh%2Cmm%2Cmn%2Cms%2Cmv%2Cmvi%2Cpl%2Cinitcwndbps&lsig=AG3C_xAwRQIge2KmGbHCKWe3NjeyTwz4nQF9ZuIj__tKzw4KDR9AvQICIQDvHALpJQ7ZAUJhpMgy8izDb9MkpsACX3VxJ1fAHaI5Ig%3D%3D&ratebypass=yes", "player_url": null, "ext": "webm", "format_note": "tiny", "acodec": "opus", "abr": 50, "asr": 48000, "filesize": 2019196, "fps": null, "height": null, "tbr": 68.759, "width": null, "vcodec": "none", "downloader_options": {"http_chunk_size": 10485760}, "format": "249 - audio only (tiny)", "protocol": "https", "http_headers": {"User-Agent": "Mozilla/5.0 (Windows NT 10.0; Win64; x64) AppleWebKit/537.36 (KHTML, like Gecko) Chrome/70.0.3538.79 Safari/537.36", "Accept-Charset": "ISO-8859-1,utf-8;q=0.7,*;q=0.7", "Accept": "text/html,application/xhtml+xml,application/xml;q=0.9,*/*;q=0.8", "Accept-Encoding": "gzip, deflate", "Accept-Language": "en-us,en;q=0.5"}}, {"format_id": "250", "url": "https://r2---sn-5njj-u2xe.googlevideo.com/videoplayback?expire=1612167616&ei=YGUXYPegC4rBgAPYvo6QBg&ip=140.109.135.76&id=o-ABDWW_p8_v-YQHwQmZcMozAUJPbqwJm6zFdp3ai33AR7&itag=250&source=youtube&requiressl=yes&mh=wU&mm=31%2C29&mn=sn-5njj-u2xe%2Csn-un57en7s&ms=au%2Crdu&mv=m&mvi=2&pl=16&initcwndbps=378750&vprv=1&mime=audio%2Fwebm&ns=b6YdC_oRPF-pOlqisi9tunEF&gir=yes&clen=2708938&dur=271.661&lmt=1541162311216189&mt=1612145563&fvip=2&keepalive=yes&beids=9466587&c=WEB&txp=5411222&n=K-5YJC7lq8AUSz3M0&sparams=expire%2Cei%2Cip%2Cid%2Citag%2Csource%2Crequiressl%2Cvprv%2Cmime%2Cns%2Cgir%2Cclen%2Cdur%2Clmt&sig=AOq0QJ8wRAIgVTA-EEQwb-uOdpfNMzPcueYIWRBokdODqrVx9haJe0MCIEYWV1mSF3pqszeFkUgTeV0IJb3CuW4ubjcI4r97H_2P&lsparams=mh%2Cmm%2Cmn%2Cms%2Cmv%2Cmvi%2Cpl%2Cinitcwndbps&lsig=AG3C_xAwRQIge2KmGbHCKWe3NjeyTwz4nQF9ZuIj__tKzw4KDR9AvQICIQDvHALpJQ7ZAUJhpMgy8izDb9MkpsACX3VxJ1fAHaI5Ig%3D%3D&ratebypass=yes", "player_url": null, "ext": "webm", "format_note": "tiny", "acodec": "opus", "abr": 70, "asr": 48000, "filesize": 2708938, "fps": null, "height": null, "tbr": 90.452, "width": null, "vcodec": "none", "downloader_options": {"http_chunk_size": 10485760}, "format": "250 - audio only (tiny)", "protocol": "https", "http_headers": {"User-Agent": "Mozilla/5.0 (Windows NT 10.0; Win64; x64) AppleWebKit/537.36 (KHTML, like Gecko) Chrome/70.0.3538.79 Safari/537.36", "Accept-Charset": "ISO-8859-1,utf-8;q=0.7,*;q=0.7", "Accept": "text/html,application/xhtml+xml,application/xml;q=0.9,*/*;q=0.8", "Accept-Encoding": "gzip, deflate", "Accept-Language": "en-us,en;q=0.5"}}, {"format_id": "140", "url": "https://r2---sn-5njj-u2xe.googlevideo.com/videoplayback?expire=1612167616&ei=YGUXYPegC4rBgAPYvo6QBg&ip=140.109.135.76&id=o-ABDWW_p8_v-YQHwQmZcMozAUJPbqwJm6zFdp3ai33AR7&itag=140&source=youtube&requiressl=yes&mh=wU&mm=31%2C29&mn=sn-5njj-u2xe%2Csn-un57en7s&ms=au%2Crdu&mv=m&mvi=2&pl=16&initcwndbps=378750&vprv=1&mime=audio%2Fmp4&ns=b6YdC_oRPF-pOlqisi9tunEF&gir=yes&clen=4315916&dur=271.696&lmt=1541159138203079&mt=1612145563&fvip=2&keepalive=yes&beids=9466587&c=WEB&txp=5432432&n=K-5YJC7lq8AUSz3M0&sparams=expire%2Cei%2Cip%2Cid%2Citag%2Csource%2Crequiressl%2Cvprv%2Cmime%2Cns%2Cgir%2Cclen%2Cdur%2Clmt&sig=AOq0QJ8wRgIhAPklYCF8DyKCR5JJ8PrlRbhJwdEFv-lbXINouOHC5fH4AiEA46P1qdhvpE9-ZQlKrc-WRQf6NjuloaF3UD2RKrZpoHc%3D&lsparams=mh%2Cmm%2Cmn%2Cms%2Cmv%2Cmvi%2Cpl%2Cinitcwndbps&lsig=AG3C_xAwRQIge2KmGbHCKWe3NjeyTwz4nQF9ZuIj__tKzw4KDR9AvQICIQDvHALpJQ7ZAUJhpMgy8izDb9MkpsACX3VxJ1fAHaI5Ig%3D%3D&ratebypass=yes", "player_url": null, "ext": "m4a", "format_note": "tiny", "acodec": "mp4a.40.2", "abr": 128, "container": "m4a_dash", "asr": 44100, "filesize": 4315916, "fps": null, "height": null, "tbr": 128.116, "width": null, "vcodec": "none", "downloader_options": {"http_chunk_size": 10485760}, "format": "140 - audio only (tiny)", "protocol": "https", "http_headers": {"User-Agent": "Mozilla/5.0 (Windows NT 10.0; Win64; x64) AppleWebKit/537.36 (KHTML, like Gecko) Chrome/70.0.3538.79 Safari/537.36", "Accept-Charset": "ISO-8859-1,utf-8;q=0.7,*;q=0.7", "Accept": "text/html,application/xhtml+xml,application/xml;q=0.9,*/*;q=0.8", "Accept-Encoding": "gzip, deflate", "Accept-Language": "en-us,en;q=0.5"}}, {"format_id": "251", "url": "https://r2---sn-5njj-u2xe.googlevideo.com/videoplayback?expire=1612167616&ei=YGUXYPegC4rBgAPYvo6QBg&ip=140.109.135.76&id=o-ABDWW_p8_v-YQHwQmZcMozAUJPbqwJm6zFdp3ai33AR7&itag=251&source=youtube&requiressl=yes&mh=wU&mm=31%2C29&mn=sn-5njj-u2xe%2Csn-un57en7s&ms=au%2Crdu&mv=m&mvi=2&pl=16&initcwndbps=378750&vprv=1&mime=audio%2Fwebm&ns=b6YdC_oRPF-pOlqisi9tunEF&gir=yes&clen=5205196&dur=271.661&lmt=1541162324253407&mt=1612145563&fvip=2&keepalive=yes&beids=9466587&c=WEB&txp=5411222&n=K-5YJC7lq8AUSz3M0&sparams=expire%2Cei%2Cip%2Cid%2Citag%2Csource%2Crequiressl%2Cvprv%2Cmime%2Cns%2Cgir%2Cclen%2Cdur%2Clmt&sig=AOq0QJ8wRQIhALUcoD6QaLlKi_JpiAvoGeO1vDTVKlErodrMc6azEiHvAiBPEF-sr7by6XpK3X_MYVk5waG9hgNVyJ8S_K81cI2HfA%3D%3D&lsparams=mh%2Cmm%2Cmn%2Cms%2Cmv%2Cmvi%2Cpl%2Cinitcwndbps&lsig=AG3C_xAwRQIge2KmGbHCKWe3NjeyTwz4nQF9ZuIj__tKzw4KDR9AvQICIQDvHALpJQ7ZAUJhpMgy8izDb9MkpsACX3VxJ1fAHaI5Ig%3D%3D&ratebypass=yes", "player_url": null, "ext": "webm", "format_note": "tiny", "acodec": "opus", "abr": 160, "asr": 48000, "filesize": 5205196, "fps": null, "height": null, "tbr": 165.872, "width": null, "vcodec": "none", "downloader_options": {"http_chunk_size": 10485760}, "format": "251 - audio only (tiny)", "protocol": "https", "http_headers": {"User-Agent": "Mozilla/5.0 (Windows NT 10.0; Win64; x64) AppleWebKit/537.36 (KHTML, like Gecko) Chrome/70.0.3538.79 Safari/537.36", "Accept-Charset": "ISO-8859-1,utf-8;q=0.7,*;q=0.7", "Accept": "text/html,application/xhtml+xml,application/xml;q=0.9,*/*;q=0.8", "Accept-Encoding": "gzip, deflate", "Accept-Language": "en-us,en;q=0.5"}}, {"format_id": "160", "url": "https://r2---sn-5njj-u2xe.googlevideo.com/videoplayback?expire=1612167616&ei=YGUXYPegC4rBgAPYvo6QBg&ip=140.109.135.76&id=o-ABDWW_p8_v-YQHwQmZcMozAUJPbqwJm6zFdp3ai33AR7&itag=160&aitags=133%2C134%2C135%2C136%2C160%2C242%2C243%2C244%2C247%2C278%2C298%2C299%2C302%2C303&source=youtube&requiressl=yes&mh=wU&mm=31%2C29&mn=sn-5njj-u2xe%2Csn-un57en7s&ms=au%2Crdu&mv=m&mvi=2&pl=16&initcwndbps=378750&vprv=1&mime=video%2Fmp4&ns=b6YdC_oRPF-pOlqisi9tunEF&gir=yes&clen=2239299&dur=271.537&lmt=1541159178117099&mt=1612145563&fvip=2&keepalive=yes&beids=9466587&c=WEB&txp=5432432&n=K-5YJC7lq8AUSz3M0&sparams=expire%2Cei%2Cip%2Cid%2Caitags%2Csource%2Crequiressl%2Cvprv%2Cmime%2Cns%2Cgir%2Cclen%2Cdur%2Clmt&sig=AOq0QJ8wRgIhAMHR0ojirZJ79Ma4RQpkip3_8gLjVmndzC12g0-Y9omwAiEAnbr0c1WzqLrIChXMG9QeHaTOzHysQO2RzOTrJ37UT58%3D&lsparams=mh%2Cmm%2Cmn%2Cms%2Cmv%2Cmvi%2Cpl%2Cinitcwndbps&lsig=AG3C_xAwRQIge2KmGbHCKWe3NjeyTwz4nQF9ZuIj__tKzw4KDR9AvQICIQDvHALpJQ7ZAUJhpMgy8izDb9MkpsACX3VxJ1fAHaI5Ig%3D%3D&ratebypass=yes", "player_url": null, "ext": "mp4", "height": 144, "format_note": "144p", "vcodec": "avc1.4d400c", "asr": null, "filesize": 2239299, "fps": 30, "tbr": 85.086, "width": 256, "acodec": "none", "downloader_options": {"http_chunk_size": 10485760}, "format": "160 - 256x144 (144p)", "protocol": "https", "http_headers": {"User-Agent": "Mozilla/5.0 (Windows NT 10.0; Win64; x64) AppleWebKit/537.36 (KHTML, like Gecko) Chrome/70.0.3538.79 Safari/537.36", "Accept-Charset": "ISO-8859-1,utf-8;q=0.7,*;q=0.7", "Accept": "text/html,application/xhtml+xml,application/xml;q=0.9,*/*;q=0.8", "Accept-Encoding": "gzip, deflate", "Accept-Language": "en-us,en;q=0.5"}}, {"format_id": "278", "url": "https://r2---sn-5njj-u2xe.googlevideo.com/videoplayback?expire=1612167616&ei=YGUXYPegC4rBgAPYvo6QBg&ip=140.109.135.76&id=o-ABDWW_p8_v-YQHwQmZcMozAUJPbqwJm6zFdp3ai33AR7&itag=278&aitags=133%2C134%2C135%2C136%2C160%2C242%2C243%2C244%2C247%2C278%2C298%2C299%2C302%2C303&source=youtube&requiressl=yes&mh=wU&mm=31%2C29&mn=sn-5njj-u2xe%2Csn-un57en7s&ms=au%2Crdu&mv=m&mvi=2&pl=16&initcwndbps=378750&vprv=1&mime=video%2Fwebm&ns=b6YdC_oRPF-pOlqisi9tunEF&gir=yes&clen=3041735&dur=271.538&lmt=1541161269979450&mt=1612145563&fvip=2&keepalive=yes&beids=9466587&c=WEB&txp=5432432&n=K-5YJC7lq8AUSz3M0&sparams=expire%2Cei%2Cip%2Cid%2Caitags%2Csource%2Crequiressl%2Cvprv%2Cmime%2Cns%2Cgir%2Cclen%2Cdur%2Clmt&sig=AOq0QJ8wRgIhAO3UGwyfFZ5N5waR-ECFexXrSbd5eDLB-dB87bdX7sQTAiEAwwNtShRXQMggZuSJH-aiVdy7QgYTuCljcjrtCsEN7TI%3D&lsparams=mh%2Cmm%2Cmn%2Cms%2Cmv%2Cmvi%2Cpl%2Cinitcwndbps&lsig=AG3C_xAwRQIge2KmGbHCKWe3NjeyTwz4nQF9ZuIj__tKzw4KDR9AvQICIQDvHALpJQ7ZAUJhpMgy8izDb9MkpsACX3VxJ1fAHaI5Ig%3D%3D&ratebypass=yes", "player_url": null, "ext": "webm", "height": 144, "format_note": "144p", "container": "webm", "vcodec": "vp9", "asr": null, "filesize": 3041735, "fps": 30, "tbr": 97.252, "width": 256, "acodec": "none", "downloader_options": {"http_chunk_size": 10485760}, "format": "278 - 256x144 (144p)", "protocol": "https", "http_headers": {"User-Agent": "Mozilla/5.0 (Windows NT 10.0; Win64; x64) AppleWebKit/537.36 (KHTML, like Gecko) Chrome/70.0.3538.79 Safari/537.36", "Accept-Charset": "ISO-8859-1,utf-8;q=0.7,*;q=0.7", "Accept": "text/html,application/xhtml+xml,application/xml;q=0.9,*/*;q=0.8", "Accept-Encoding": "gzip, deflate", "Accept-Language": "en-us,en;q=0.5"}}, {"format_id": "133", "url": "https://r2---sn-5njj-u2xe.googlevideo.com/videoplayback?expire=1612167616&ei=YGUXYPegC4rBgAPYvo6QBg&ip=140.109.135.76&id=o-ABDWW_p8_v-YQHwQmZcMozAUJPbqwJm6zFdp3ai33AR7&itag=133&aitags=133%2C134%2C135%2C136%2C160%2C242%2C243%2C244%2C247%2C278%2C298%2C299%2C302%2C303&source=youtube&requiressl=yes&mh=wU&mm=31%2C29&mn=sn-5njj-u2xe%2Csn-un57en7s&ms=au%2Crdu&mv=m&mvi=2&pl=16&initcwndbps=378750&vprv=1&mime=video%2Fmp4&ns=b6YdC_oRPF-pOlqisi9tunEF&gir=yes&clen=4022428&dur=271.537&lmt=1541159178219114&mt=1612145563&fvip=2&keepalive=yes&beids=9466587&c=WEB&txp=5432432&n=K-5YJC7lq8AUSz3M0&sparams=expire%2Cei%2Cip%2Cid%2Caitags%2Csource%2Crequiressl%2Cvprv%2Cmime%2Cns%2Cgir%2Cclen%2Cdur%2Clmt&sig=AOq0QJ8wRgIhAOEg28WjMXKkccWImX1Xk126NHRbxJTBZJuKnmgLRN-SAiEA54xUcB_5zih8QmLoIWlYaow3XCduPwUEXp_c-zD-7AQ%3D&lsparams=mh%2Cmm%2Cmn%2Cms%2Cmv%2Cmvi%2Cpl%2Cinitcwndbps&lsig=AG3C_xAwRQIge2KmGbHCKWe3NjeyTwz4nQF9ZuIj__tKzw4KDR9AvQICIQDvHALpJQ7ZAUJhpMgy8izDb9MkpsACX3VxJ1fAHaI5Ig%3D%3D&ratebypass=yes", "player_url": null, "ext": "mp4", "height": 240, "format_note": "240p", "vcodec": "avc1.4d4015", "asr": null, "filesize": 4022428, "fps": 30, "tbr": 154.572, "width": 426, "acodec": "none", "downloader_options": {"http_chunk_size": 10485760}, "format": "133 - 426x240 (240p)", "protocol": "https", "http_headers": {"User-Agent": "Mozilla/5.0 (Windows NT 10.0; Win64; x64) AppleWebKit/537.36 (KHTML, like Gecko) Chrome/70.0.3538.79 Safari/537.36", "Accept-Charset": "ISO-8859-1,utf-8;q=0.7,*;q=0.7", "Accept": "text/html,application/xhtml+xml,application/xml;q=0.9,*/*;q=0.8", "Accept-Encoding": "gzip, deflate", "Accept-Language": "en-us,en;q=0.5"}}, {"format_id": "242", "url": "https://r2---sn-5njj-u2xe.googlevideo.com/videoplayback?expire=1612167616&ei=YGUXYPegC4rBgAPYvo6QBg&ip=140.109.135.76&id=o-ABDWW_p8_v-YQHwQmZcMozAUJPbqwJm6zFdp3ai33AR7&itag=242&aitags=133%2C134%2C135%2C136%2C160%2C242%2C243%2C244%2C247%2C278%2C298%2C299%2C302%2C303&source=youtube&requiressl=yes&mh=wU&mm=31%2C29&mn=sn-5njj-u2xe%2Csn-un57en7s&ms=au%2Crdu&mv=m&mvi=2&pl=16&initcwndbps=378750&vprv=1&mime=video%2Fwebm&ns=b6YdC_oRPF-pOlqisi9tunEF&gir=yes&clen=7129649&dur=271.538&lmt=1541161269982198&mt=1612145563&fvip=2&keepalive=yes&beids=9466587&c=WEB&txp=5432432&n=K-5YJC7lq8AUSz3M0&sparams=expire%2Cei%2Cip%2Cid%2Caitags%2Csource%2Crequiressl%2Cvprv%2Cmime%2Cns%2Cgir%2Cclen%2Cdur%2Clmt&sig=AOq0QJ8wRgIhAMqWRPieAKOdoGzpVvDiwhywEbjNORgJhuee9V6w3PysAiEAnUZ1Y1O-ToxGniArPH7LL2b1xNGSYGGpsetCK9mV4Tk%3D&lsparams=mh%2Cmm%2Cmn%2Cms%2Cmv%2Cmvi%2Cpl%2Cinitcwndbps&lsig=AG3C_xAwRQIge2KmGbHCKWe3NjeyTwz4nQF9ZuIj__tKzw4KDR9AvQICIQDvHALpJQ7ZAUJhpMgy8izDb9MkpsACX3VxJ1fAHaI5Ig%3D%3D&ratebypass=yes", "player_url": null, "ext": "webm", "height": 240, "format_note": "240p", "vcodec": "vp9", "asr": null, "filesize": 7129649, "fps": 30, "tbr": 224.425, "width": 426, "acodec": "none", "downloader_options": {"http_chunk_size": 10485760}, "format": "242 - 426x240 (240p)", "protocol": "https", "http_headers": {"User-Agent": "Mozilla/5.0 (Windows NT 10.0; Win64; x64) AppleWebKit/537.36 (KHTML, like Gecko) Chrome/70.0.3538.79 Safari/537.36", "Accept-Charset": "ISO-8859-1,utf-8;q=0.7,*;q=0.7", "Accept": "text/html,application/xhtml+xml,application/xml;q=0.9,*/*;q=0.8", "Accept-Encoding": "gzip, deflate", "Accept-Language": "en-us,en;q=0.5"}}, {"format_id": "134", "url": "https://r2---sn-5njj-u2xe.googlevideo.com/videoplayback?expire=1612167616&ei=YGUXYPegC4rBgAPYvo6QBg&ip=140.109.135.76&id=o-ABDWW_p8_v-YQHwQmZcMozAUJPbqwJm6zFdp3ai33AR7&itag=134&aitags=133%2C134%2C135%2C136%2C160%2C242%2C243%2C244%2C247%2C278%2C298%2C299%2C302%2C303&source=youtube&requiressl=yes&mh=wU&mm=31%2C29&mn=sn-5njj-u2xe%2Csn-un57en7s&ms=au%2Crdu&mv=m&mvi=2&pl=16&initcwndbps=378750&vprv=1&mime=video%2Fmp4&ns=b6YdC_oRPF-pOlqisi9tunEF&gir=yes&clen=10322755&dur=271.537&lmt=1541159178423308&mt=1612145563&fvip=2&keepalive=yes&beids=9466587&c=WEB&txp=5432432&n=K-5YJC7lq8AUSz3M0&sparams=expire%2Cei%2Cip%2Cid%2Caitags%2Csource%2Crequiressl%2Cvprv%2Cmime%2Cns%2Cgir%2Cclen%2Cdur%2Clmt&sig=AOq0QJ8wRQIhAOaw9IPZdUxb5OtdN3s3omxzzUH9lTrWWRLapnhjci78AiAILF_ZEaaHBJEOz9LqidugPPpbJLHEA37sovcFoO0GIg%3D%3D&lsparams=mh%2Cmm%2Cmn%2Cms%2Cmv%2Cmvi%2Cpl%2Cinitcwndbps&lsig=AG3C_xAwRQIge2KmGbHCKWe3NjeyTwz4nQF9ZuIj__tKzw4KDR9AvQICIQDvHALpJQ7ZAUJhpMgy8izDb9MkpsACX3VxJ1fAHaI5Ig%3D%3D&ratebypass=yes", "player_url": null, "ext": "mp4", "height": 360, "format_note": "360p", "vcodec": "avc1.4d401e", "asr": null, "filesize": 10322755, "fps": 30, "tbr": 410.585, "width": 640, "acodec": "none", "downloader_options": {"http_chunk_size": 10485760}, "format": "134 - 640x360 (360p)", "protocol": "https", "http_headers": {"User-Agent": "Mozilla/5.0 (Windows NT 10.0; Win64; x64) AppleWebKit/537.36 (KHTML, like Gecko) Chrome/70.0.3538.79 Safari/537.36", "Accept-Charset": "ISO-8859-1,utf-8;q=0.7,*;q=0.7", "Accept": "text/html,application/xhtml+xml,application/xml;q=0.9,*/*;q=0.8", "Accept-Encoding": "gzip, deflate", "Accept-Language": "en-us,en;q=0.5"}}, {"format_id": "243", "url": "https://r2---sn-5njj-u2xe.googlevideo.com/videoplayback?expire=1612167616&ei=YGUXYPegC4rBgAPYvo6QBg&ip=140.109.135.76&id=o-ABDWW_p8_v-YQHwQmZcMozAUJPbqwJm6zFdp3ai33AR7&itag=243&aitags=133%2C134%2C135%2C136%2C160%2C242%2C243%2C244%2C247%2C278%2C298%2C299%2C302%2C303&source=youtube&requiressl=yes&mh=wU&mm=31%2C29&mn=sn-5njj-u2xe%2Csn-un57en7s&ms=au%2Crdu&mv=m&mvi=2&pl=16&initcwndbps=378750&vprv=1&mime=video%2Fwebm&ns=b6YdC_oRPF-pOlqisi9tunEF&gir=yes&clen=13196199&dur=271.538&lmt=1541161269974006&mt=1612145563&fvip=2&keepalive=yes&beids=9466587&c=WEB&txp=5432432&n=K-5YJC7lq8AUSz3M0&sparams=expire%2Cei%2Cip%2Cid%2Caitags%2Csource%2Crequiressl%2Cvprv%2Cmime%2Cns%2Cgir%2Cclen%2Cdur%2Clmt&sig=AOq0QJ8wRgIhAOqgfhd7vGigNRegTEyYGX2d88iZLPY4_yHDVFuzyGi_AiEAh6dCJf4-luJ1ahGjWpFYpTHNXUs8Mwyo1-YbjXZxz94%3D&lsparams=mh%2Cmm%2Cmn%2Cms%2Cmv%2Cmvi%2Cpl%2Cinitcwndbps&lsig=AG3C_xAwRQIge2KmGbHCKWe3NjeyTwz4nQF9ZuIj__tKzw4KDR9AvQICIQDvHALpJQ7ZAUJhpMgy8izDb9MkpsACX3VxJ1fAHaI5Ig%3D%3D&ratebypass=yes", "player_url": null, "ext": "webm", "height": 360, "format_note": "360p", "vcodec": "vp9", "asr": null, "filesize": 13196199, "fps": 30, "tbr": 411.069, "width": 640, "acodec": "none", "downloader_options": {"http_chunk_size": 10485760}, "format": "243 - 640x360 (360p)", "protocol": "https", "http_headers": {"User-Agent": "Mozilla/5.0 (Windows NT 10.0; Win64; x64) AppleWebKit/537.36 (KHTML, like Gecko) Chrome/70.0.3538.79 Safari/537.36", "Accept-Charset": "ISO-8859-1,utf-8;q=0.7,*;q=0.7", "Accept": "text/html,application/xhtml+xml,application/xml;q=0.9,*/*;q=0.8", "Accept-Encoding": "gzip, deflate", "Accept-Language": "en-us,en;q=0.5"}}, {"format_id": "244", "url": "https://r2---sn-5njj-u2xe.googlevideo.com/videoplayback?expire=1612167616&ei=YGUXYPegC4rBgAPYvo6QBg&ip=140.109.135.76&id=o-ABDWW_p8_v-YQHwQmZcMozAUJPbqwJm6zFdp3ai33AR7&itag=244&aitags=133%2C134%2C135%2C136%2C160%2C242%2C243%2C244%2C247%2C278%2C298%2C299%2C302%2C303&source=youtube&requiressl=yes&mh=wU&mm=31%2C29&mn=sn-5njj-u2xe%2Csn-un57en7s&ms=au%2Crdu&mv=m&mvi=2&pl=16&initcwndbps=378750&vprv=1&mime=video%2Fwebm&ns=b6YdC_oRPF-pOlqisi9tunEF&gir=yes&clen=24388083&dur=271.538&lmt=1541161269978756&mt=1612145563&fvip=2&keepalive=yes&beids=9466587&c=WEB&txp=5432432&n=K-5YJC7lq8AUSz3M0&sparams=expire%2Cei%2Cip%2Cid%2Caitags%2Csource%2Crequiressl%2Cvprv%2Cmime%2Cns%2Cgir%2Cclen%2Cdur%2Clmt&sig=AOq0QJ8wRAIga0IQo0pZNwamYV9hKNMFtxVg1pbUenBMTHhwJ2OMbOUCIFQbRtGdWdP1bad3-PM42jfx3PVqXMk1z910hgnXVur5&lsparams=mh%2Cmm%2Cmn%2Cms%2Cmv%2Cmvi%2Cpl%2Cinitcwndbps&lsig=AG3C_xAwRQIge2KmGbHCKWe3NjeyTwz4nQF9ZuIj__tKzw4KDR9AvQICIQDvHALpJQ7ZAUJhpMgy8izDb9MkpsACX3VxJ1fAHaI5Ig%3D%3D&ratebypass=yes", "player_url": null, "ext": "webm", "height": 480, "format_note": "480p", "vcodec": "vp9", "asr": null, "filesize": 24388083, "fps": 30, "tbr": 761.473, "width": 854, "acodec": "none", "downloader_options": {"http_chunk_size": 10485760}, "format": "244 - 854x480 (480p)", "protocol": "https", "http_headers": {"User-Agent": "Mozilla/5.0 (Windows NT 10.0; Win64; x64) AppleWebKit/537.36 (KHTML, like Gecko) Chrome/70.0.3538.79 Safari/537.36", "Accept-Charset": "ISO-8859-1,utf-8;q=0.7,*;q=0.7", "Accept": "text/html,application/xhtml+xml,application/xml;q=0.9,*/*;q=0.8", "Accept-Encoding": "gzip, deflate", "Accept-Language": "en-us,en;q=0.5"}}, {"format_id": "135", "url": "https://r2---sn-5njj-u2xe.googlevideo.com/videoplayback?expire=1612167616&ei=YGUXYPegC4rBgAPYvo6QBg&ip=140.109.135.76&id=o-ABDWW_p8_v-YQHwQmZcMozAUJPbqwJm6zFdp3ai33AR7&itag=135&aitags=133%2C134%2C135%2C136%2C160%2C242%2C243%2C244%2C247%2C278%2C298%2C299%2C302%2C303&source=youtube&requiressl=yes&mh=wU&mm=31%2C29&mn=sn-5njj-u2xe%2Csn-un57en7s&ms=au%2Crdu&mv=m&mvi=2&pl=16&initcwndbps=378750&vprv=1&mime=video%2Fmp4&ns=b6YdC_oRPF-pOlqisi9tunEF&gir=yes&clen=21750590&dur=271.537&lmt=1541159178318483&mt=1612145563&fvip=2&keepalive=yes&beids=9466587&c=WEB&txp=5432432&n=K-5YJC7lq8AUSz3M0&sparams=expire%2Cei%2Cip%2Cid%2Caitags%2Csource%2Crequiressl%2Cvprv%2Cmime%2Cns%2Cgir%2Cclen%2Cdur%2Clmt&sig=AOq0QJ8wRgIhAJRFK9BP2h6vWXqkvJMGGJxgxli1Xe4ZRGZuIThZsve3AiEAz6r-WehW7dl_5sc9cPEPsEHHfK2_UH9Bo25Z8QCSZLk%3D&lsparams=mh%2Cmm%2Cmn%2Cms%2Cmv%2Cmvi%2Cpl%2Cinitcwndbps&lsig=AG3C_xAwRQIge2KmGbHCKWe3NjeyTwz4nQF9ZuIj__tKzw4KDR9AvQICIQDvHALpJQ7ZAUJhpMgy8izDb9MkpsACX3VxJ1fAHaI5Ig%3D%3D&ratebypass=yes", "player_url": null, "ext": "mp4", "height": 480, "format_note": "480p", "vcodec": "avc1.4d401f", "asr": null, "filesize": 21750590, "fps": 30, "tbr": 851.667, "width": 854, "acodec": "none", "downloader_options": {"http_chunk_size": 10485760}, "format": "135 - 854x480 (480p)", "protocol": "https", "http_headers": {"User-Agent": "Mozilla/5.0 (Windows NT 10.0; Win64; x64) AppleWebKit/537.36 (KHTML, like Gecko) Chrome/70.0.3538.79 Safari/537.36", "Accept-Charset": "ISO-8859-1,utf-8;q=0.7,*;q=0.7", "Accept": "text/html,application/xhtml+xml,application/xml;q=0.9,*/*;q=0.8", "Accept-Encoding": "gzip, deflate", "Accept-Language": "en-us,en;q=0.5"}}, {"format_id": "247", "url": "https://r2---sn-5njj-u2xe.googlevideo.com/videoplayback?expire=1612167616&ei=YGUXYPegC4rBgAPYvo6QBg&ip=140.109.135.76&id=o-ABDWW_p8_v-YQHwQmZcMozAUJPbqwJm6zFdp3ai33AR7&itag=247&aitags=133%2C134%2C135%2C136%2C160%2C242%2C243%2C244%2C247%2C278%2C298%2C299%2C302%2C303&source=youtube&requiressl=yes&mh=wU&mm=31%2C29&mn=sn-5njj-u2xe%2Csn-un57en7s&ms=au%2Crdu&mv=m&mvi=2&pl=16&initcwndbps=378750&vprv=1&mime=video%2Fwebm&ns=b6YdC_oRPF-pOlqisi9tunEF&gir=yes&clen=48752209&dur=271.538&lmt=1541161270027222&mt=1612145563&fvip=2&keepalive=yes&beids=9466587&c=WEB&txp=5432432&n=K-5YJC7lq8AUSz3M0&sparams=expire%2Cei%2Cip%2Cid%2Caitags%2Csource%2Crequiressl%2Cvprv%2Cmime%2Cns%2Cgir%2Cclen%2Cdur%2Clmt&sig=AOq0QJ8wRgIhAMz3nwtT6mYq2VHa-hgg2H9YqYXhQ56H8j3aMfvOrqe-AiEAvNTw2bk-IhUMnh-Zu62FuXsftYp1Bg361IU_wBwHNJQ%3D&lsparams=mh%2Cmm%2Cmn%2Cms%2Cmv%2Cmvi%2Cpl%2Cinitcwndbps&lsig=AG3C_xAwRQIge2KmGbHCKWe3NjeyTwz4nQF9ZuIj__tKzw4KDR9AvQICIQDvHALpJQ7ZAUJhpMgy8izDb9MkpsACX3VxJ1fAHaI5Ig%3D%3D&ratebypass=yes", "player_url": null, "ext": "webm", "height": 720, "format_note": "720p", "vcodec": "vp9", "asr": null, "filesize": 48752209, "fps": 30, "tbr": 1529.441, "width": 1280, "acodec": "none", "downloader_options": {"http_chunk_size": 10485760}, "format": "247 - 1280x720 (720p)", "protocol": "https", "http_headers": {"User-Agent": "Mozilla/5.0 (Windows NT 10.0; Win64; x64) AppleWebKit/537.36 (KHTML, like Gecko) Chrome/70.0.3538.79 Safari/537.36", "Accept-Charset": "ISO-8859-1,utf-8;q=0.7,*;q=0.7", "Accept": "text/html,application/xhtml+xml,application/xml;q=0.9,*/*;q=0.8", "Accept-Encoding": "gzip, deflate", "Accept-Language": "en-us,en;q=0.5"}}, {"format_id": "136", "url": "https://r2---sn-5njj-u2xe.googlevideo.com/videoplayback?expire=1612167616&ei=YGUXYPegC4rBgAPYvo6QBg&ip=140.109.135.76&id=o-ABDWW_p8_v-YQHwQmZcMozAUJPbqwJm6zFdp3ai33AR7&itag=136&aitags=133%2C134%2C135%2C136%2C160%2C242%2C243%2C244%2C247%2C278%2C298%2C299%2C302%2C303&source=youtube&requiressl=yes&mh=wU&mm=31%2C29&mn=sn-5njj-u2xe%2Csn-un57en7s&ms=au%2Crdu&mv=m&mvi=2&pl=16&initcwndbps=378750&vprv=1&mime=video%2Fmp4&ns=b6YdC_oRPF-pOlqisi9tunEF&gir=yes&clen=41841347&dur=271.537&lmt=1541159178514562&mt=1612145563&fvip=2&keepalive=yes&beids=9466587&c=WEB&txp=5432432&n=K-5YJC7lq8AUSz3M0&sparams=expire%2Cei%2Cip%2Cid%2Caitags%2Csource%2Crequiressl%2Cvprv%2Cmime%2Cns%2Cgir%2Cclen%2Cdur%2Clmt&sig=AOq0QJ8wRQIhANx2SPVHhQFh0iokmGAsLXeD2LYqsz_fkyhRre7rJYD-AiAMISBFe5SJGzX7XJNyMdvH5rqHvfy0Zy1o07aglWkXUg%3D%3D&lsparams=mh%2Cmm%2Cmn%2Cms%2Cmv%2Cmvi%2Cpl%2Cinitcwndbps&lsig=AG3C_xAwRQIge2KmGbHCKWe3NjeyTwz4nQF9ZuIj__tKzw4KDR9AvQICIQDvHALpJQ7ZAUJhpMgy8izDb9MkpsACX3VxJ1fAHaI5Ig%3D%3D&ratebypass=yes", "player_url": null, "ext": "mp4", "height": 720, "format_note": "720p", "vcodec": "avc1.4d401f", "asr": null, "filesize": 41841347, "fps": 30, "tbr": 1568.107, "width": 1280, "acodec": "none", "downloader_options": {"http_chunk_size": 10485760}, "format": "136 - 1280x720 (720p)", "protocol": "https", "http_headers": {"User-Agent": "Mozilla/5.0 (Windows NT 10.0; Win64; x64) AppleWebKit/537.36 (KHTML, like Gecko) Chrome/70.0.3538.79 Safari/537.36", "Accept-Charset": "ISO-8859-1,utf-8;q=0.7,*;q=0.7", "Accept": "text/html,application/xhtml+xml,application/xml;q=0.9,*/*;q=0.8", "Accept-Encoding": "gzip, deflate", "Accept-Language": "en-us,en;q=0.5"}}, {"format_id": "302", "url": "https://r2---sn-5njj-u2xe.googlevideo.com/videoplayback?expire=1612167616&ei=YGUXYPegC4rBgAPYvo6QBg&ip=140.109.135.76&id=o-ABDWW_p8_v-YQHwQmZcMozAUJPbqwJm6zFdp3ai33AR7&itag=302&aitags=133%2C134%2C135%2C136%2C160%2C242%2C243%2C244%2C247%2C278%2C298%2C299%2C302%2C303&source=youtube&requiressl=yes&mh=wU&mm=31%2C29&mn=sn-5njj-u2xe%2Csn-un57en7s&ms=au%2Crdu&mv=m&mvi=2&pl=16&initcwndbps=378750&vprv=1&mime=video%2Fwebm&ns=b6YdC_oRPF-pOlqisi9tunEF&gir=yes&clen=85077264&dur=271.538&lmt=1541160877865466&mt=1612145563&fvip=2&keepalive=yes&beids=9466587&c=WEB&txp=5432432&n=K-5YJC7lq8AUSz3M0&sparams=expire%2Cei%2Cip%2Cid%2Caitags%2Csource%2Crequiressl%2Cvprv%2Cmime%2Cns%2Cgir%2Cclen%2Cdur%2Clmt&sig=AOq0QJ8wRQIgasCtGIxtQque4p1mb96VCRjOsjL9SEqLYKa6aYq9q2wCIQDGeCf6ypMdn4qjxUsW6BOJ4S9H5SEnS3Kcy_pC250bjw%3D%3D&lsparams=mh%2Cmm%2Cmn%2Cms%2Cmv%2Cmvi%2Cpl%2Cinitcwndbps&lsig=AG3C_xAwRQIge2KmGbHCKWe3NjeyTwz4nQF9ZuIj__tKzw4KDR9AvQICIQDvHALpJQ7ZAUJhpMgy8izDb9MkpsACX3VxJ1fAHaI5Ig%3D%3D&ratebypass=yes", "player_url": null, "ext": "webm", "height": 720, "format_note": "720p60", "vcodec": "vp9", "fps": 60, "asr": null, "filesize": 85077264, "tbr": 2656.443, "width": 1280, "acodec": "none", "downloader_options": {"http_chunk_size": 10485760}, "format": "302 - 1280x720 (720p60)", "protocol": "https", "http_headers": {"User-Agent": "Mozilla/5.0 (Windows NT 10.0; Win64; x64) AppleWebKit/537.36 (KHTML, like Gecko) Chrome/70.0.3538.79 Safari/537.36", "Accept-Charset": "ISO-8859-1,utf-8;q=0.7,*;q=0.7", "Accept": "text/html,application/xhtml+xml,application/xml;q=0.9,*/*;q=0.8", "Accept-Encoding": "gzip, deflate", "Accept-Language": "en-us,en;q=0.5"}}, {"format_id": "298", "url": "https://r2---sn-5njj-u2xe.googlevideo.com/videoplayback?expire=1612167616&ei=YGUXYPegC4rBgAPYvo6QBg&ip=140.109.135.76&id=o-ABDWW_p8_v-YQHwQmZcMozAUJPbqwJm6zFdp3ai33AR7&itag=298&aitags=133%2C134%2C135%2C136%2C160%2C242%2C243%2C244%2C247%2C278%2C298%2C299%2C302%2C303&source=youtube&requiressl=yes&mh=wU&mm=31%2C29&mn=sn-5njj-u2xe%2Csn-un57en7s&ms=au%2Crdu&mv=m&mvi=2&pl=16&initcwndbps=378750&vprv=1&mime=video%2Fmp4&ns=b6YdC_oRPF-pOlqisi9tunEF&gir=yes&clen=77555486&dur=271.537&lmt=1541159090818290&mt=1612145563&fvip=2&keepalive=yes&beids=9466587&c=WEB&txp=5432432&n=K-5YJC7lq8AUSz3M0&sparams=expire%2Cei%2Cip%2Cid%2Caitags%2Csource%2Crequiressl%2Cvprv%2Cmime%2Cns%2Cgir%2Cclen%2Cdur%2Clmt&sig=AOq0QJ8wRQIhAIakXb4_lDeKxzzqmb1nNU34RqhWYxDI-OQpkQJf6jA0AiAWF7YlTBJ3n0YQzpeNWMgpWZYfc-JuRjiRPOxtEhlFtg%3D%3D&lsparams=mh%2Cmm%2Cmn%2Cms%2Cmv%2Cmvi%2Cpl%2Cinitcwndbps&lsig=AG3C_xAwRQIge2KmGbHCKWe3NjeyTwz4nQF9ZuIj__tKzw4KDR9AvQICIQDvHALpJQ7ZAUJhpMgy8izDb9MkpsACX3VxJ1fAHaI5Ig%3D%3D&ratebypass=yes", "player_url": null, "ext": "mp4", "height": 720, "format_note": "720p60", "vcodec": "avc1.4d4020", "fps": 60, "asr": null, "filesize": 77555486, "tbr": 2849.995, "width": 1280, "acodec": "none", "downloader_options": {"http_chunk_size": 10485760}, "format": "298 - 1280x720 (720p60)", "protocol": "https", "http_headers": {"User-Agent": "Mozilla/5.0 (Windows NT 10.0; Win64; x64) AppleWebKit/537.36 (KHTML, like Gecko) Chrome/70.0.3538.79 Safari/537.36", "Accept-Charset": "ISO-8859-1,utf-8;q=0.7,*;q=0.7", "Accept": "text/html,application/xhtml+xml,application/xml;q=0.9,*/*;q=0.8", "Accept-Encoding": "gzip, deflate", "Accept-Language": "en-us,en;q=0.5"}}, {"format_id": "303", "url": "https://r2---sn-5njj-u2xe.googlevideo.com/videoplayback?expire=1612167616&ei=YGUXYPegC4rBgAPYvo6QBg&ip=140.109.135.76&id=o-ABDWW_p8_v-YQHwQmZcMozAUJPbqwJm6zFdp3ai33AR7&itag=303&aitags=133%2C134%2C135%2C136%2C160%2C242%2C243%2C244%2C247%2C278%2C298%2C299%2C302%2C303&source=youtube&requiressl=yes&mh=wU&mm=31%2C29&mn=sn-5njj-u2xe%2Csn-un57en7s&ms=au%2Crdu&mv=m&mvi=2&pl=16&initcwndbps=378750&vprv=1&mime=video%2Fwebm&ns=b6YdC_oRPF-pOlqisi9tunEF&gir=yes&clen=141883069&dur=271.538&lmt=1541160504614356&mt=1612145563&fvip=2&keepalive=yes&beids=9466587&c=WEB&txp=5432432&n=K-5YJC7lq8AUSz3M0&sparams=expire%2Cei%2Cip%2Cid%2Caitags%2Csource%2Crequiressl%2Cvprv%2Cmime%2Cns%2Cgir%2Cclen%2Cdur%2Clmt&sig=AOq0QJ8wRAIgb8bD_7K_QCIbslrUyyqOBNNAJA1I-lRY_HjD_0INsY4CIDUv19BQObnzkANWwUoyIRQZuWHq9rJBaEOH33p-iR-j&lsparams=mh%2Cmm%2Cmn%2Cms%2Cmv%2Cmvi%2Cpl%2Cinitcwndbps&lsig=AG3C_xAwRQIge2KmGbHCKWe3NjeyTwz4nQF9ZuIj__tKzw4KDR9AvQICIQDvHALpJQ7ZAUJhpMgy8izDb9MkpsACX3VxJ1fAHaI5Ig%3D%3D&ratebypass=yes", "player_url": null, "ext": "webm", "height": 1080, "format_note": "1080p60", "vcodec": "vp9", "fps": 60, "asr": null, "filesize": 141883069, "tbr": 4447.73, "width": 1920, "acodec": "none", "downloader_options": {"http_chunk_size": 10485760}, "format": "303 - 1920x1080 (1080p60)", "protocol": "https", "http_headers": {"User-Agent": "Mozilla/5.0 (Windows NT 10.0; Win64; x64) AppleWebKit/537.36 (KHTML, like Gecko) Chrome/70.0.3538.79 Safari/537.36", "Accept-Charset": "ISO-8859-1,utf-8;q=0.7,*;q=0.7", "Accept": "text/html,application/xhtml+xml,application/xml;q=0.9,*/*;q=0.8", "Accept-Encoding": "gzip, deflate", "Accept-Language": "en-us,en;q=0.5"}}, {"format_id": "299", "url": "https://r2---sn-5njj-u2xe.googlevideo.com/videoplayback?expire=1612167616&ei=YGUXYPegC4rBgAPYvo6QBg&ip=140.109.135.76&id=o-ABDWW_p8_v-YQHwQmZcMozAUJPbqwJm6zFdp3ai33AR7&itag=299&aitags=133%2C134%2C135%2C136%2C160%2C242%2C243%2C244%2C247%2C278%2C298%2C299%2C302%2C303&source=youtube&requiressl=yes&mh=wU&mm=31%2C29&mn=sn-5njj-u2xe%2Csn-un57en7s&ms=au%2Crdu&mv=m&mvi=2&pl=16&initcwndbps=378750&vprv=1&mime=video%2Fmp4&ns=b6YdC_oRPF-pOlqisi9tunEF&gir=yes&clen=133095323&dur=271.537&lmt=1541159094334966&mt=1612145563&fvip=2&keepalive=yes&beids=9466587&c=WEB&txp=5432432&n=K-5YJC7lq8AUSz3M0&sparams=expire%2Cei%2Cip%2Cid%2Caitags%2Csource%2Crequiressl%2Cvprv%2Cmime%2Cns%2Cgir%2Cclen%2Cdur%2Clmt&sig=AOq0QJ8wRAIgc33L4tlfDdUPxIy_k8u7jK3vVpes9osGW_ncHsoQTaUCIGhowZfqf5AsIWyTvTaBBJfC8NOxVKGpqw9uL1DXUA-A&lsparams=mh%2Cmm%2Cmn%2Cms%2Cmv%2Cmvi%2Cpl%2Cinitcwndbps&lsig=AG3C_xAwRQIge2KmGbHCKWe3NjeyTwz4nQF9ZuIj__tKzw4KDR9AvQICIQDvHALpJQ7ZAUJhpMgy8izDb9MkpsACX3VxJ1fAHaI5Ig%3D%3D&ratebypass=yes", "player_url": null, "ext": "mp4", "height": 1080, "format_note": "1080p60", "vcodec": "avc1.64002a", "fps": 60, "asr": null, "filesize": 133095323, "tbr": 4710.205, "width": 1920, "acodec": "none", "downloader_options": {"http_chunk_size": 10485760}, "format": "299 - 1920x1080 (1080p60)", "protocol": "https", "http_headers": {"User-Agent": "Mozilla/5.0 (Windows NT 10.0; Win64; x64) AppleWebKit/537.36 (KHTML, like Gecko) Chrome/70.0.3538.79 Safari/537.36", "Accept-Charset": "ISO-8859-1,utf-8;q=0.7,*;q=0.7", "Accept": "text/html,application/xhtml+xml,application/xml;q=0.9,*/*;q=0.8", "Accept-Encoding": "gzip, deflate", "Accept-Language": "en-us,en;q=0.5"}}, {"format_id": "18", "url": "https://r2---sn-5njj-u2xe.googlevideo.com/videoplayback?expire=1612167616&ei=YGUXYPegC4rBgAPYvo6QBg&ip=140.109.135.76&id=o-ABDWW_p8_v-YQHwQmZcMozAUJPbqwJm6zFdp3ai33AR7&itag=18&source=youtube&requiressl=yes&mh=wU&mm=31%2C29&mn=sn-5njj-u2xe%2Csn-un57en7s&ms=au%2Crdu&mv=m&mvi=2&pl=16&initcwndbps=378750&vprv=1&mime=video%2Fmp4&ns=Q6v705EuvaWUkS5ddNuoEmwF&gir=yes&clen=23940770&ratebypass=yes&dur=271.696&lmt=1541160373203249&mt=1612145563&fvip=2&beids=9466587&c=WEB&txp=5431432&n=B_3k-V9KKsj46W3s5&sparams=expire%2Cei%2Cip%2Cid%2Citag%2Csource%2Crequiressl%2Cvprv%2Cmime%2Cns%2Cgir%2Cclen%2Cratebypass%2Cdur%2Clmt&sig=AOq0QJ8wRgIhALpEUOWb-Wicyvc8cBHaY3vQNeCQ7WqAfR7tbK6uKzDeAiEAqZZd_WKvub3bDXjwxcDAUIgYCbip_71NvxqAyiUy06g%3D&lsparams=mh%2Cmm%2Cmn%2Cms%2Cmv%2Cmvi%2Cpl%2Cinitcwndbps&lsig=AG3C_xAwRQIge2KmGbHCKWe3NjeyTwz4nQF9ZuIj__tKzw4KDR9AvQICIQDvHALpJQ7ZAUJhpMgy8izDb9MkpsACX3VxJ1fAHaI5Ig%3D%3D", "player_url": null, "ext": "mp4", "width": 640, "height": 360, "acodec": "mp4a.40.2", "abr": 96, "vcodec": "avc1.42001E", "asr": 44100, "filesize": 23940770, "format_note": "360p", "fps": 30, "tbr": 705.34, "format": "18 - 640x360 (360p)", "protocol": "https", "http_headers": {"User-Agent": "Mozilla/5.0 (Windows NT 10.0; Win64; x64) AppleWebKit/537.36 (KHTML, like Gecko) Chrome/70.0.3538.79 Safari/537.36", "Accept-Charset": "ISO-8859-1,utf-8;q=0.7,*;q=0.7", "Accept": "text/html,application/xhtml+xml,application/xml;q=0.9,*/*;q=0.8", "Accept-Encoding": "gzip, deflate", "Accept-Language": "en-us,en;q=0.5"}}], "is_live": null, "start_time": null, "end_time": null, "series": null, "season_number": null, "episode_number": null, "track": null, "artist": null, "album": null, "release_date": null, "release_year": null, "extractor": "youtube", "webpage_url_basename": "watch", "extractor_key": "Youtube", "playlist": null, "playlist_index": null, "thumbnail": "https://i.ytimg.com/vi_webp/nOIBJHkqrE8/maxresdefault.webp", "display_id": "nOIBJHkqrE8", "requested_subtitles": null, "format_id": "251", "url": "https://r2---sn-5njj-u2xe.googlevideo.com/videoplayback?expire=1612167616&ei=YGUXYPegC4rBgAPYvo6QBg&ip=140.109.135.76&id=o-ABDWW_p8_v-YQHwQmZcMozAUJPbqwJm6zFdp3ai33AR7&itag=251&source=youtube&requiressl=yes&mh=wU&mm=31%2C29&mn=sn-5njj-u2xe%2Csn-un57en7s&ms=au%2Crdu&mv=m&mvi=2&pl=16&initcwndbps=378750&vprv=1&mime=audio%2Fwebm&ns=b6YdC_oRPF-pOlqisi9tunEF&gir=yes&clen=5205196&dur=271.661&lmt=1541162324253407&mt=1612145563&fvip=2&keepalive=yes&beids=9466587&c=WEB&txp=5411222&n=K-5YJC7lq8AUSz3M0&sparams=expire%2Cei%2Cip%2Cid%2Citag%2Csource%2Crequiressl%2Cvprv%2Cmime%2Cns%2Cgir%2Cclen%2Cdur%2Clmt&sig=AOq0QJ8wRQIhALUcoD6QaLlKi_JpiAvoGeO1vDTVKlErodrMc6azEiHvAiBPEF-sr7by6XpK3X_MYVk5waG9hgNVyJ8S_K81cI2HfA%3D%3D&lsparams=mh%2Cmm%2Cmn%2Cms%2Cmv%2Cmvi%2Cpl%2Cinitcwndbps&lsig=AG3C_xAwRQIge2KmGbHCKWe3NjeyTwz4nQF9ZuIj__tKzw4KDR9AvQICIQDvHALpJQ7ZAUJhpMgy8izDb9MkpsACX3VxJ1fAHaI5Ig%3D%3D&ratebypass=yes", "player_url": null, "ext": "webm", "format_note": "tiny", "acodec": "opus", "abr": 160, "asr": 48000, "filesize": 5205196, "fps": null, "height": null, "tbr": 165.872, "width": null, "vcodec": "none", "downloader_options": {"http_chunk_size": 10485760}, "format": "251 - audio only (tiny)", "protocol": "https", "http_headers": {"User-Agent": "Mozilla/5.0 (Windows NT 10.0; Win64; x64) AppleWebKit/537.36 (KHTML, like Gecko) Chrome/70.0.3538.79 Safari/537.36", "Accept-Charset": "ISO-8859-1,utf-8;q=0.7,*;q=0.7", "Accept": "text/html,application/xhtml+xml,application/xml;q=0.9,*/*;q=0.8", "Accept-Encoding": "gzip, deflate", "Accept-Language": "en-us,en;q=0.5"}}