{"id": "nYuSFdxxttQ", "uploader": "Funguypiano", "uploader_id": "Funguypiano", "uploader_url": "http://www.youtube.com/user/Funguypiano", "channel_id": "UCBlkpX--7ZD73URbSC1oWRw", "channel_url": "http://www.youtube.com/channel/UCBlkpX--7ZD73URbSC1oWRw", "upload_date": "20201115", "license": null, "creator": null, "title": "GFRIEND\u300cMAGO\u300d Piano Cover", "alt_title": null, "thumbnails": [{"url": "https://i.ytimg.com/vi/nYuSFdxxttQ/hqdefault.jpg?sqp=-oaymwEYCKgBEF5IVfKriqkDCwgBFQAAiEIYAXAB&rs=AOn4CLCRNW0xKBO2GuzFkYkQh60psmqdwg", "width": 168, "height": 94, "resolution": "168x94", "id": "0"}, {"url": "https://i.ytimg.com/vi/nYuSFdxxttQ/hqdefault.jpg?sqp=-oaymwEYCMQBEG5IVfKriqkDCwgBFQAAiEIYAXAB&rs=AOn4CLApFN8TCeSmCRNQdfZ81PCaS24RDw", "width": 196, "height": 110, "resolution": "196x110", "id": "1"}, {"url": "https://i.ytimg.com/vi/nYuSFdxxttQ/hqdefault.jpg?sqp=-oaymwEZCPYBEIoBSFXyq4qpAwsIARUAAIhCGAFwAQ==&rs=AOn4CLCSROUR1lWXnVoaoA4FXBiIP7hMfg", "width": 246, "height": 138, "resolution": "246x138", "id": "2"}, {"url": "https://i.ytimg.com/vi/nYuSFdxxttQ/hqdefault.jpg?sqp=-oaymwEZCNACELwBSFXyq4qpAwsIARUAAIhCGAFwAQ==&rs=AOn4CLDk9vcWT1HLZKQmUPrcYJObavSJpw", "width": 336, "height": 188, "resolution": "336x188", "id": "3"}, {"url": "https://i.ytimg.com/vi_webp/nYuSFdxxttQ/maxresdefault.webp", "width": 1920, "height": 1080, "resolution": "1920x1080", "id": "4"}], "description": "MAGO MAGO! \n\n\u2022\u2022 \u2501\u2501\u2501\u2501\u2501 \u0669(\u0e51\u00f2\u03c9\u00f3\u0e51)\u06f6\u2501\u2501\u2501\u2501\u2501 \u2022\u2022\n\u266a Sheet Music & Midi: https://funguypiano.com/\n\u266a Spotify: https://spoti.fi/2w3rfR6\n\u266a iTunes / Apple Music: https://apple.co/2BE74yB\n\u266a Piano Tutorial Channel: https://bit.ly/2Thi8Yr\n\u266a Patreon: https://patreon.com/funguypiano\n\u266a Learn Piano: https://tinyurl.com/funguy-flowkey\n\u266a Instagram: https://www.instagram.com/funguypiano/\n\u266a About Me / Set-up / FAQ: https://linktr.ee/funguypiano\n\n#GFRIEND #MAGO #PIANO", "categories": ["Music"], "tags": null, "subtitles": {}, "automatic_captions": {}, "duration": 165, "age_limit": 0, "annotations": null, "chapters": null, "webpage_url": "https://www.youtube.com/watch?v=nYuSFdxxttQ", "view_count": 15638, "like_count": 1354, "dislike_count": 6, "average_rating": 4.9823527, "formats": [{"format_id": "249", "url": "https://r3---sn-5njj-u2xe.googlevideo.com/videoplayback?expire=1611763253&ei=1TkRYI3XLraD1d8P6Ni4qAc&ip=140.109.135.76&id=o-AOfqXvIt9xsCPxBh3SEw9qTn2XPBj7bxU3_eLWZYI5tB&itag=249&source=youtube&requiressl=yes&mh=BB&mm=31%2C29&mn=sn-5njj-u2xe%2Csn-un57sn7z&ms=au%2Crdu&mv=m&mvi=3&pl=16&initcwndbps=540000&vprv=1&mime=audio%2Fwebm&ns=kCMbMGed0aT7HFUdhJkePXsF&gir=yes&clen=1157208&dur=165.261&lmt=1605399381380146&mt=1611740913&fvip=3&keepalive=yes&beids=9466586&c=WEB&txp=6311222&n=uZjQn2ZTLGm5OrAkR4YG&sparams=expire%2Cei%2Cip%2Cid%2Citag%2Csource%2Crequiressl%2Cvprv%2Cmime%2Cns%2Cgir%2Cclen%2Cdur%2Clmt&sig=AOq0QJ8wRAIgaPgcPAsKsB7isa0yuvntSyRqnzGR2I9V3cO_qjIgLOoCICyJZEmwbE1gFZtOELtoX3GPRk1dPUFNtlQnabemBBaA&lsparams=mh%2Cmm%2Cmn%2Cms%2Cmv%2Cmvi%2Cpl%2Cinitcwndbps&lsig=AG3C_xAwRQIhAIltwiKLDroTFfPBzjnH0Lyg3YUcNvRe_1n6En3j7up9AiA4HUo1G_KQeuTHglcv2zxS5Wqb0jHbb_bDK5RoRcJ1nA%3D%3D&ratebypass=yes", "player_url": null, "ext": "webm", "format_note": "tiny", "acodec": "opus", "abr": 50, "asr": 48000, "filesize": 1157208, "fps": null, "height": null, "tbr": 60.433, "width": null, "vcodec": "none", "downloader_options": {"http_chunk_size": 10485760}, "format": "249 - audio only (tiny)", "protocol": "https", "http_headers": {"User-Agent": "Mozilla/5.0 (Windows NT 10.0; Win64; x64) AppleWebKit/537.36 (KHTML, like Gecko) Chrome/72.0.3626.85 Safari/537.36", "Accept-Charset": "ISO-8859-1,utf-8;q=0.7,*;q=0.7", "Accept": "text/html,application/xhtml+xml,application/xml;q=0.9,*/*;q=0.8", "Accept-Encoding": "gzip, deflate", "Accept-Language": "en-us,en;q=0.5"}}, {"format_id": "250", "url": "https://r3---sn-5njj-u2xe.googlevideo.com/videoplayback?expire=1611763253&ei=1TkRYI3XLraD1d8P6Ni4qAc&ip=140.109.135.76&id=o-AOfqXvIt9xsCPxBh3SEw9qTn2XPBj7bxU3_eLWZYI5tB&itag=250&source=youtube&requiressl=yes&mh=BB&mm=31%2C29&mn=sn-5njj-u2xe%2Csn-un57sn7z&ms=au%2Crdu&mv=m&mvi=3&pl=16&initcwndbps=540000&vprv=1&mime=audio%2Fwebm&ns=kCMbMGed0aT7HFUdhJkePXsF&gir=yes&clen=1526674&dur=165.261&lmt=1605399381786063&mt=1611740913&fvip=3&keepalive=yes&beids=9466586&c=WEB&txp=6311222&n=uZjQn2ZTLGm5OrAkR4YG&sparams=expire%2Cei%2Cip%2Cid%2Citag%2Csource%2Crequiressl%2Cvprv%2Cmime%2Cns%2Cgir%2Cclen%2Cdur%2Clmt&sig=AOq0QJ8wRgIhAJsWpYwuTcHHh5ZwdLdYNzsfKPbooWZC8OLyawKEJm-rAiEAm-a8ifP--u7iWEICPSquG3OoP0ijEEKCUrB3nHXgfqA%3D&lsparams=mh%2Cmm%2Cmn%2Cms%2Cmv%2Cmvi%2Cpl%2Cinitcwndbps&lsig=AG3C_xAwRQIhAIltwiKLDroTFfPBzjnH0Lyg3YUcNvRe_1n6En3j7up9AiA4HUo1G_KQeuTHglcv2zxS5Wqb0jHbb_bDK5RoRcJ1nA%3D%3D&ratebypass=yes", "player_url": null, "ext": "webm", "format_note": "tiny", "acodec": "opus", "abr": 70, "asr": 48000, "filesize": 1526674, "fps": null, "height": null, "tbr": 79.536, "width": null, "vcodec": "none", "downloader_options": {"http_chunk_size": 10485760}, "format": "250 - audio only (tiny)", "protocol": "https", "http_headers": {"User-Agent": "Mozilla/5.0 (Windows NT 10.0; Win64; x64) AppleWebKit/537.36 (KHTML, like Gecko) Chrome/72.0.3626.85 Safari/537.36", "Accept-Charset": "ISO-8859-1,utf-8;q=0.7,*;q=0.7", "Accept": "text/html,application/xhtml+xml,application/xml;q=0.9,*/*;q=0.8", "Accept-Encoding": "gzip, deflate", "Accept-Language": "en-us,en;q=0.5"}}, {"format_id": "140", "url": "https://r3---sn-5njj-u2xe.googlevideo.com/videoplayback?expire=1611763253&ei=1TkRYI3XLraD1d8P6Ni4qAc&ip=140.109.135.76&id=o-AOfqXvIt9xsCPxBh3SEw9qTn2XPBj7bxU3_eLWZYI5tB&itag=140&source=youtube&requiressl=yes&mh=BB&mm=31%2C29&mn=sn-5njj-u2xe%2Csn-un57sn7z&ms=au%2Crdu&mv=m&mvi=3&pl=16&initcwndbps=540000&vprv=1&mime=audio%2Fmp4&ns=kCMbMGed0aT7HFUdhJkePXsF&gir=yes&clen=2676469&dur=165.302&lmt=1605399396206853&mt=1611740913&fvip=3&keepalive=yes&beids=9466586&c=WEB&txp=6311222&n=uZjQn2ZTLGm5OrAkR4YG&sparams=expire%2Cei%2Cip%2Cid%2Citag%2Csource%2Crequiressl%2Cvprv%2Cmime%2Cns%2Cgir%2Cclen%2Cdur%2Clmt&sig=AOq0QJ8wRAIgG-AbAZG8vR2NNGfQdDhd7VCsOObHA6N-7eKuJ6pyTxACIHIzO_Y3fPU84MrKdHfNOqMWYtnz-ZFhPOsnO4TvpC7P&lsparams=mh%2Cmm%2Cmn%2Cms%2Cmv%2Cmvi%2Cpl%2Cinitcwndbps&lsig=AG3C_xAwRQIhAIltwiKLDroTFfPBzjnH0Lyg3YUcNvRe_1n6En3j7up9AiA4HUo1G_KQeuTHglcv2zxS5Wqb0jHbb_bDK5RoRcJ1nA%3D%3D&ratebypass=yes", "player_url": null, "ext": "m4a", "format_note": "tiny", "acodec": "mp4a.40.2", "abr": 128, "container": "m4a_dash", "asr": 44100, "filesize": 2676469, "fps": null, "height": null, "tbr": 130.494, "width": null, "vcodec": "none", "downloader_options": {"http_chunk_size": 10485760}, "format": "140 - audio only (tiny)", "protocol": "https", "http_headers": {"User-Agent": "Mozilla/5.0 (Windows NT 10.0; Win64; x64) AppleWebKit/537.36 (KHTML, like Gecko) Chrome/72.0.3626.85 Safari/537.36", "Accept-Charset": "ISO-8859-1,utf-8;q=0.7,*;q=0.7", "Accept": "text/html,application/xhtml+xml,application/xml;q=0.9,*/*;q=0.8", "Accept-Encoding": "gzip, deflate", "Accept-Language": "en-us,en;q=0.5"}}, {"format_id": "251", "url": "https://r3---sn-5njj-u2xe.googlevideo.com/videoplayback?expire=1611763253&ei=1TkRYI3XLraD1d8P6Ni4qAc&ip=140.109.135.76&id=o-AOfqXvIt9xsCPxBh3SEw9qTn2XPBj7bxU3_eLWZYI5tB&itag=251&source=youtube&requiressl=yes&mh=BB&mm=31%2C29&mn=sn-5njj-u2xe%2Csn-un57sn7z&ms=au%2Crdu&mv=m&mvi=3&pl=16&initcwndbps=540000&vprv=1&mime=audio%2Fwebm&ns=kCMbMGed0aT7HFUdhJkePXsF&gir=yes&clen=2965285&dur=165.261&lmt=1605399382092654&mt=1611740913&fvip=3&keepalive=yes&beids=9466586&c=WEB&txp=6311222&n=uZjQn2ZTLGm5OrAkR4YG&sparams=expire%2Cei%2Cip%2Cid%2Citag%2Csource%2Crequiressl%2Cvprv%2Cmime%2Cns%2Cgir%2Cclen%2Cdur%2Clmt&sig=AOq0QJ8wRgIhAJA6dXm_uxFSoX281jKR2W5pFa6JdM_qhgSAQCxdZvYbAiEAqvXLTJ_Wzf1LgU7Z4R0kf0wGFR1_UIlBrNM1GzxTywg%3D&lsparams=mh%2Cmm%2Cmn%2Cms%2Cmv%2Cmvi%2Cpl%2Cinitcwndbps&lsig=AG3C_xAwRQIhAIltwiKLDroTFfPBzjnH0Lyg3YUcNvRe_1n6En3j7up9AiA4HUo1G_KQeuTHglcv2zxS5Wqb0jHbb_bDK5RoRcJ1nA%3D%3D&ratebypass=yes", "player_url": null, "ext": "webm", "format_note": "tiny", "acodec": "opus", "abr": 160, "asr": 48000, "filesize": 2965285, "fps": null, "height": null, "tbr": 155.453, "width": null, "vcodec": "none", "downloader_options": {"http_chunk_size": 10485760}, "format": "251 - audio only (tiny)", "protocol": "https", "http_headers": {"User-Agent": "Mozilla/5.0 (Windows NT 10.0; Win64; x64) AppleWebKit/537.36 (KHTML, like Gecko) Chrome/72.0.3626.85 Safari/537.36", "Accept-Charset": "ISO-8859-1,utf-8;q=0.7,*;q=0.7", "Accept": "text/html,application/xhtml+xml,application/xml;q=0.9,*/*;q=0.8", "Accept-Encoding": "gzip, deflate", "Accept-Language": "en-us,en;q=0.5"}}, {"format_id": "278", "url": "https://r3---sn-5njj-u2xe.googlevideo.com/videoplayback?expire=1611763253&ei=1TkRYI3XLraD1d8P6Ni4qAc&ip=140.109.135.76&id=o-AOfqXvIt9xsCPxBh3SEw9qTn2XPBj7bxU3_eLWZYI5tB&itag=278&aitags=133%2C134%2C135%2C136%2C137%2C160%2C242%2C243%2C244%2C247%2C248%2C278&source=youtube&requiressl=yes&mh=BB&mm=31%2C29&mn=sn-5njj-u2xe%2Csn-un57sn7z&ms=au%2Crdu&mv=m&mvi=3&pl=16&initcwndbps=540000&vprv=1&mime=video%2Fwebm&ns=kCMbMGed0aT7HFUdhJkePXsF&gir=yes&clen=1672727&dur=165.233&lmt=1605399387096067&mt=1611740913&fvip=3&keepalive=yes&beids=9466586&c=WEB&txp=6316222&n=uZjQn2ZTLGm5OrAkR4YG&sparams=expire%2Cei%2Cip%2Cid%2Caitags%2Csource%2Crequiressl%2Cvprv%2Cmime%2Cns%2Cgir%2Cclen%2Cdur%2Clmt&sig=AOq0QJ8wRQIhAMd48uFaZ4z2ihenl-FMiSWNoWZ48OoRLh0LrGMGSygtAiBd7LOTlbsHQEOBOV9rYHIecA7zim91l8-0CU_0jgm0LA%3D%3D&lsparams=mh%2Cmm%2Cmn%2Cms%2Cmv%2Cmvi%2Cpl%2Cinitcwndbps&lsig=AG3C_xAwRQIhAIltwiKLDroTFfPBzjnH0Lyg3YUcNvRe_1n6En3j7up9AiA4HUo1G_KQeuTHglcv2zxS5Wqb0jHbb_bDK5RoRcJ1nA%3D%3D&ratebypass=yes", "player_url": null, "ext": "webm", "height": 144, "format_note": "144p", "container": "webm", "vcodec": "vp9", "asr": null, "filesize": 1672727, "fps": 30, "tbr": 86.771, "width": 256, "acodec": "none", "downloader_options": {"http_chunk_size": 10485760}, "format": "278 - 256x144 (144p)", "protocol": "https", "http_headers": {"User-Agent": "Mozilla/5.0 (Windows NT 10.0; Win64; x64) AppleWebKit/537.36 (KHTML, like Gecko) Chrome/72.0.3626.85 Safari/537.36", "Accept-Charset": "ISO-8859-1,utf-8;q=0.7,*;q=0.7", "Accept": "text/html,application/xhtml+xml,application/xml;q=0.9,*/*;q=0.8", "Accept-Encoding": "gzip, deflate", "Accept-Language": "en-us,en;q=0.5"}}, {"format_id": "160", "url": "https://r3---sn-5njj-u2xe.googlevideo.com/videoplayback?expire=1611763253&ei=1TkRYI3XLraD1d8P6Ni4qAc&ip=140.109.135.76&id=o-AOfqXvIt9xsCPxBh3SEw9qTn2XPBj7bxU3_eLWZYI5tB&itag=160&aitags=133%2C134%2C135%2C136%2C137%2C160%2C242%2C243%2C244%2C247%2C248%2C278&source=youtube&requiressl=yes&mh=BB&mm=31%2C29&mn=sn-5njj-u2xe%2Csn-un57sn7z&ms=au%2Crdu&mv=m&mvi=3&pl=16&initcwndbps=540000&vprv=1&mime=video%2Fmp4&ns=kCMbMGed0aT7HFUdhJkePXsF&gir=yes&clen=2058381&dur=165.233&lmt=1605399384087074&mt=1611740913&fvip=3&keepalive=yes&beids=9466586&c=WEB&txp=6316222&n=uZjQn2ZTLGm5OrAkR4YG&sparams=expire%2Cei%2Cip%2Cid%2Caitags%2Csource%2Crequiressl%2Cvprv%2Cmime%2Cns%2Cgir%2Cclen%2Cdur%2Clmt&sig=AOq0QJ8wRgIhAMVQ63katpSvHwOdnGd9ZP8PvMr6YMt4ZOp0c6w2GUqLAiEAvsAEIdlRwTKFhHnFin2nQNZeEl0nj2MdArCLWf61JVM%3D&lsparams=mh%2Cmm%2Cmn%2Cms%2Cmv%2Cmvi%2Cpl%2Cinitcwndbps&lsig=AG3C_xAwRQIhAIltwiKLDroTFfPBzjnH0Lyg3YUcNvRe_1n6En3j7up9AiA4HUo1G_KQeuTHglcv2zxS5Wqb0jHbb_bDK5RoRcJ1nA%3D%3D&ratebypass=yes", "player_url": null, "ext": "mp4", "height": 144, "format_note": "144p", "vcodec": "avc1.4d400c", "asr": null, "filesize": 2058381, "fps": 30, "tbr": 128.509, "width": 256, "acodec": "none", "downloader_options": {"http_chunk_size": 10485760}, "format": "160 - 256x144 (144p)", "protocol": "https", "http_headers": {"User-Agent": "Mozilla/5.0 (Windows NT 10.0; Win64; x64) AppleWebKit/537.36 (KHTML, like Gecko) Chrome/72.0.3626.85 Safari/537.36", "Accept-Charset": "ISO-8859-1,utf-8;q=0.7,*;q=0.7", "Accept": "text/html,application/xhtml+xml,application/xml;q=0.9,*/*;q=0.8", "Accept-Encoding": "gzip, deflate", "Accept-Language": "en-us,en;q=0.5"}}, {"format_id": "242", "url": "https://r3---sn-5njj-u2xe.googlevideo.com/videoplayback?expire=1611763253&ei=1TkRYI3XLraD1d8P6Ni4qAc&ip=140.109.135.76&id=o-AOfqXvIt9xsCPxBh3SEw9qTn2XPBj7bxU3_eLWZYI5tB&itag=242&aitags=133%2C134%2C135%2C136%2C137%2C160%2C242%2C243%2C244%2C247%2C248%2C278&source=youtube&requiressl=yes&mh=BB&mm=31%2C29&mn=sn-5njj-u2xe%2Csn-un57sn7z&ms=au%2Crdu&mv=m&mvi=3&pl=16&initcwndbps=540000&vprv=1&mime=video%2Fwebm&ns=kCMbMGed0aT7HFUdhJkePXsF&gir=yes&clen=3301843&dur=165.233&lmt=1605399387104221&mt=1611740913&fvip=3&keepalive=yes&beids=9466586&c=WEB&txp=6316222&n=uZjQn2ZTLGm5OrAkR4YG&sparams=expire%2Cei%2Cip%2Cid%2Caitags%2Csource%2Crequiressl%2Cvprv%2Cmime%2Cns%2Cgir%2Cclen%2Cdur%2Clmt&sig=AOq0QJ8wRQIhAIKAe644pYKYgy7GvlLbKIWum3zitcErChmT6ry1plyPAiBA3FWNqqtSK1UGdYP-PEMEA-pSHW7EZwUqhIpxXhm-qQ%3D%3D&lsparams=mh%2Cmm%2Cmn%2Cms%2Cmv%2Cmvi%2Cpl%2Cinitcwndbps&lsig=AG3C_xAwRQIhAIltwiKLDroTFfPBzjnH0Lyg3YUcNvRe_1n6En3j7up9AiA4HUo1G_KQeuTHglcv2zxS5Wqb0jHbb_bDK5RoRcJ1nA%3D%3D&ratebypass=yes", "player_url": null, "ext": "webm", "height": 240, "format_note": "240p", "vcodec": "vp9", "asr": null, "filesize": 3301843, "fps": 30, "tbr": 187.538, "width": 426, "acodec": "none", "downloader_options": {"http_chunk_size": 10485760}, "format": "242 - 426x240 (240p)", "protocol": "https", "http_headers": {"User-Agent": "Mozilla/5.0 (Windows NT 10.0; Win64; x64) AppleWebKit/537.36 (KHTML, like Gecko) Chrome/72.0.3626.85 Safari/537.36", "Accept-Charset": "ISO-8859-1,utf-8;q=0.7,*;q=0.7", "Accept": "text/html,application/xhtml+xml,application/xml;q=0.9,*/*;q=0.8", "Accept-Encoding": "gzip, deflate", "Accept-Language": "en-us,en;q=0.5"}}, {"format_id": "133", "url": "https://r3---sn-5njj-u2xe.googlevideo.com/videoplayback?expire=1611763253&ei=1TkRYI3XLraD1d8P6Ni4qAc&ip=140.109.135.76&id=o-AOfqXvIt9xsCPxBh3SEw9qTn2XPBj7bxU3_eLWZYI5tB&itag=133&aitags=133%2C134%2C135%2C136%2C137%2C160%2C242%2C243%2C244%2C247%2C248%2C278&source=youtube&requiressl=yes&mh=BB&mm=31%2C29&mn=sn-5njj-u2xe%2Csn-un57sn7z&ms=au%2Crdu&mv=m&mvi=3&pl=16&initcwndbps=540000&vprv=1&mime=video%2Fmp4&ns=kCMbMGed0aT7HFUdhJkePXsF&gir=yes&clen=4885946&dur=165.233&lmt=1605399384086892&mt=1611740913&fvip=3&keepalive=yes&beids=9466586&c=WEB&txp=6316222&n=uZjQn2ZTLGm5OrAkR4YG&sparams=expire%2Cei%2Cip%2Cid%2Caitags%2Csource%2Crequiressl%2Cvprv%2Cmime%2Cns%2Cgir%2Cclen%2Cdur%2Clmt&sig=AOq0QJ8wRQIgO2CZIhrVANIPIKONtLpAZTuCjt7f1d3TOWJ1frbu6P0CIQDey-2bUivh_6Ay4TDrhuiZ_Bt8hJDKRi3CMZGrF3qyNQ%3D%3D&lsparams=mh%2Cmm%2Cmn%2Cms%2Cmv%2Cmvi%2Cpl%2Cinitcwndbps&lsig=AG3C_xAwRQIhAIltwiKLDroTFfPBzjnH0Lyg3YUcNvRe_1n6En3j7up9AiA4HUo1G_KQeuTHglcv2zxS5Wqb0jHbb_bDK5RoRcJ1nA%3D%3D&ratebypass=yes", "player_url": null, "ext": "mp4", "height": 240, "format_note": "240p", "vcodec": "avc1.4d4015", "asr": null, "filesize": 4885946, "fps": 30, "tbr": 305.528, "width": 426, "acodec": "none", "downloader_options": {"http_chunk_size": 10485760}, "format": "133 - 426x240 (240p)", "protocol": "https", "http_headers": {"User-Agent": "Mozilla/5.0 (Windows NT 10.0; Win64; x64) AppleWebKit/537.36 (KHTML, like Gecko) Chrome/72.0.3626.85 Safari/537.36", "Accept-Charset": "ISO-8859-1,utf-8;q=0.7,*;q=0.7", "Accept": "text/html,application/xhtml+xml,application/xml;q=0.9,*/*;q=0.8", "Accept-Encoding": "gzip, deflate", "Accept-Language": "en-us,en;q=0.5"}}, {"format_id": "243", "url": "https://r3---sn-5njj-u2xe.googlevideo.com/videoplayback?expire=1611763253&ei=1TkRYI3XLraD1d8P6Ni4qAc&ip=140.109.135.76&id=o-AOfqXvIt9xsCPxBh3SEw9qTn2XPBj7bxU3_eLWZYI5tB&itag=243&aitags=133%2C134%2C135%2C136%2C137%2C160%2C242%2C243%2C244%2C247%2C248%2C278&source=youtube&requiressl=yes&mh=BB&mm=31%2C29&mn=sn-5njj-u2xe%2Csn-un57sn7z&ms=au%2Crdu&mv=m&mvi=3&pl=16&initcwndbps=540000&vprv=1&mime=video%2Fwebm&ns=kCMbMGed0aT7HFUdhJkePXsF&gir=yes&clen=6130491&dur=165.233&lmt=1605399387095046&mt=1611740913&fvip=3&keepalive=yes&beids=9466586&c=WEB&txp=6316222&n=uZjQn2ZTLGm5OrAkR4YG&sparams=expire%2Cei%2Cip%2Cid%2Caitags%2Csource%2Crequiressl%2Cvprv%2Cmime%2Cns%2Cgir%2Cclen%2Cdur%2Clmt&sig=AOq0QJ8wRQIgY_csm0GHQ6TvAU7w87oXLZDAlGZ4j3uknP9NXFLggNECIQCiOGeuEzZ0SmdMLo1t_zhz3IX8L0UdbXGx-c2WCLEZjQ%3D%3D&lsparams=mh%2Cmm%2Cmn%2Cms%2Cmv%2Cmvi%2Cpl%2Cinitcwndbps&lsig=AG3C_xAwRQIhAIltwiKLDroTFfPBzjnH0Lyg3YUcNvRe_1n6En3j7up9AiA4HUo1G_KQeuTHglcv2zxS5Wqb0jHbb_bDK5RoRcJ1nA%3D%3D&ratebypass=yes", "player_url": null, "ext": "webm", "height": 360, "format_note": "360p", "vcodec": "vp9", "asr": null, "filesize": 6130491, "fps": 30, "tbr": 341.495, "width": 640, "acodec": "none", "downloader_options": {"http_chunk_size": 10485760}, "format": "243 - 640x360 (360p)", "protocol": "https", "http_headers": {"User-Agent": "Mozilla/5.0 (Windows NT 10.0; Win64; x64) AppleWebKit/537.36 (KHTML, like Gecko) Chrome/72.0.3626.85 Safari/537.36", "Accept-Charset": "ISO-8859-1,utf-8;q=0.7,*;q=0.7", "Accept": "text/html,application/xhtml+xml,application/xml;q=0.9,*/*;q=0.8", "Accept-Encoding": "gzip, deflate", "Accept-Language": "en-us,en;q=0.5"}}, {"format_id": "134", "url": "https://r3---sn-5njj-u2xe.googlevideo.com/videoplayback?expire=1611763253&ei=1TkRYI3XLraD1d8P6Ni4qAc&ip=140.109.135.76&id=o-AOfqXvIt9xsCPxBh3SEw9qTn2XPBj7bxU3_eLWZYI5tB&itag=134&aitags=133%2C134%2C135%2C136%2C137%2C160%2C242%2C243%2C244%2C247%2C248%2C278&source=youtube&requiressl=yes&mh=BB&mm=31%2C29&mn=sn-5njj-u2xe%2Csn-un57sn7z&ms=au%2Crdu&mv=m&mvi=3&pl=16&initcwndbps=540000&vprv=1&mime=video%2Fmp4&ns=kCMbMGed0aT7HFUdhJkePXsF&gir=yes&clen=8931548&dur=165.233&lmt=1605399384091778&mt=1611740913&fvip=3&keepalive=yes&beids=9466586&c=WEB&txp=6316222&n=uZjQn2ZTLGm5OrAkR4YG&sparams=expire%2Cei%2Cip%2Cid%2Caitags%2Csource%2Crequiressl%2Cvprv%2Cmime%2Cns%2Cgir%2Cclen%2Cdur%2Clmt&sig=AOq0QJ8wRQIgSFNX8Ysv8v1V_3z8XTjws1_gaRQpgcQgSwfmuZEec-QCIQDNKlRNelMo1EUXrDYSDEzDwVI0KOJlLeQLlzVFRMtvfw%3D%3D&lsparams=mh%2Cmm%2Cmn%2Cms%2Cmv%2Cmvi%2Cpl%2Cinitcwndbps&lsig=AG3C_xAwRQIhAIltwiKLDroTFfPBzjnH0Lyg3YUcNvRe_1n6En3j7up9AiA4HUo1G_KQeuTHglcv2zxS5Wqb0jHbb_bDK5RoRcJ1nA%3D%3D&ratebypass=yes", "player_url": null, "ext": "mp4", "height": 360, "format_note": "360p", "vcodec": "avc1.4d401e", "asr": null, "filesize": 8931548, "fps": 30, "tbr": 563.912, "width": 640, "acodec": "none", "downloader_options": {"http_chunk_size": 10485760}, "format": "134 - 640x360 (360p)", "protocol": "https", "http_headers": {"User-Agent": "Mozilla/5.0 (Windows NT 10.0; Win64; x64) AppleWebKit/537.36 (KHTML, like Gecko) Chrome/72.0.3626.85 Safari/537.36", "Accept-Charset": "ISO-8859-1,utf-8;q=0.7,*;q=0.7", "Accept": "text/html,application/xhtml+xml,application/xml;q=0.9,*/*;q=0.8", "Accept-Encoding": "gzip, deflate", "Accept-Language": "en-us,en;q=0.5"}}, {"format_id": "244", "url": "https://r3---sn-5njj-u2xe.googlevideo.com/videoplayback?expire=1611763253&ei=1TkRYI3XLraD1d8P6Ni4qAc&ip=140.109.135.76&id=o-AOfqXvIt9xsCPxBh3SEw9qTn2XPBj7bxU3_eLWZYI5tB&itag=244&aitags=133%2C134%2C135%2C136%2C137%2C160%2C242%2C243%2C244%2C247%2C248%2C278&source=youtube&requiressl=yes&mh=BB&mm=31%2C29&mn=sn-5njj-u2xe%2Csn-un57sn7z&ms=au%2Crdu&mv=m&mvi=3&pl=16&initcwndbps=540000&vprv=1&mime=video%2Fwebm&ns=kCMbMGed0aT7HFUdhJkePXsF&gir=yes&clen=10790771&dur=165.233&lmt=1605399387099817&mt=1611740913&fvip=3&keepalive=yes&beids=9466586&c=WEB&txp=6316222&n=uZjQn2ZTLGm5OrAkR4YG&sparams=expire%2Cei%2Cip%2Cid%2Caitags%2Csource%2Crequiressl%2Cvprv%2Cmime%2Cns%2Cgir%2Cclen%2Cdur%2Clmt&sig=AOq0QJ8wRQIhAJJSZ80HEgyoUkDjjE_B74STNgtu0xuHzzR5Saq2GX6OAiBZebHa-YLUtw4Dg0975OLFlIVUb_82al_8DKx3KUSOGg%3D%3D&lsparams=mh%2Cmm%2Cmn%2Cms%2Cmv%2Cmvi%2Cpl%2Cinitcwndbps&lsig=AG3C_xAwRQIhAIltwiKLDroTFfPBzjnH0Lyg3YUcNvRe_1n6En3j7up9AiA4HUo1G_KQeuTHglcv2zxS5Wqb0jHbb_bDK5RoRcJ1nA%3D%3D&ratebypass=yes", "player_url": null, "ext": "webm", "height": 480, "format_note": "480p", "vcodec": "vp9", "asr": null, "filesize": 10790771, "fps": 30, "tbr": 615.273, "width": 854, "acodec": "none", "downloader_options": {"http_chunk_size": 10485760}, "format": "244 - 854x480 (480p)", "protocol": "https", "http_headers": {"User-Agent": "Mozilla/5.0 (Windows NT 10.0; Win64; x64) AppleWebKit/537.36 (KHTML, like Gecko) Chrome/72.0.3626.85 Safari/537.36", "Accept-Charset": "ISO-8859-1,utf-8;q=0.7,*;q=0.7", "Accept": "text/html,application/xhtml+xml,application/xml;q=0.9,*/*;q=0.8", "Accept-Encoding": "gzip, deflate", "Accept-Language": "en-us,en;q=0.5"}}, {"format_id": "135", "url": "https://r3---sn-5njj-u2xe.googlevideo.com/videoplayback?expire=1611763253&ei=1TkRYI3XLraD1d8P6Ni4qAc&ip=140.109.135.76&id=o-AOfqXvIt9xsCPxBh3SEw9qTn2XPBj7bxU3_eLWZYI5tB&itag=135&aitags=133%2C134%2C135%2C136%2C137%2C160%2C242%2C243%2C244%2C247%2C248%2C278&source=youtube&requiressl=yes&mh=BB&mm=31%2C29&mn=sn-5njj-u2xe%2Csn-un57sn7z&ms=au%2Crdu&mv=m&mvi=3&pl=16&initcwndbps=540000&vprv=1&mime=video%2Fmp4&ns=kCMbMGed0aT7HFUdhJkePXsF&gir=yes&clen=16375084&dur=165.233&lmt=1605399384085011&mt=1611740913&fvip=3&keepalive=yes&beids=9466586&c=WEB&txp=6316222&n=uZjQn2ZTLGm5OrAkR4YG&sparams=expire%2Cei%2Cip%2Cid%2Caitags%2Csource%2Crequiressl%2Cvprv%2Cmime%2Cns%2Cgir%2Cclen%2Cdur%2Clmt&sig=AOq0QJ8wRgIhAP9-RhouJ4If-kSE_iLzK4Uy3z5ztDfC0bs2BZbgTE5qAiEA13yZnO-ErA1jid11brG3EQh-YiMGNfYTvv23iwpZF0s%3D&lsparams=mh%2Cmm%2Cmn%2Cms%2Cmv%2Cmvi%2Cpl%2Cinitcwndbps&lsig=AG3C_xAwRQIhAIltwiKLDroTFfPBzjnH0Lyg3YUcNvRe_1n6En3j7up9AiA4HUo1G_KQeuTHglcv2zxS5Wqb0jHbb_bDK5RoRcJ1nA%3D%3D&ratebypass=yes", "player_url": null, "ext": "mp4", "height": 480, "format_note": "480p", "vcodec": "avc1.4d401f", "asr": null, "filesize": 16375084, "fps": 30, "tbr": 1011.912, "width": 854, "acodec": "none", "downloader_options": {"http_chunk_size": 10485760}, "format": "135 - 854x480 (480p)", "protocol": "https", "http_headers": {"User-Agent": "Mozilla/5.0 (Windows NT 10.0; Win64; x64) AppleWebKit/537.36 (KHTML, like Gecko) Chrome/72.0.3626.85 Safari/537.36", "Accept-Charset": "ISO-8859-1,utf-8;q=0.7,*;q=0.7", "Accept": "text/html,application/xhtml+xml,application/xml;q=0.9,*/*;q=0.8", "Accept-Encoding": "gzip, deflate", "Accept-Language": "en-us,en;q=0.5"}}, {"format_id": "247", "url": "https://r3---sn-5njj-u2xe.googlevideo.com/videoplayback?expire=1611763253&ei=1TkRYI3XLraD1d8P6Ni4qAc&ip=140.109.135.76&id=o-AOfqXvIt9xsCPxBh3SEw9qTn2XPBj7bxU3_eLWZYI5tB&itag=247&aitags=133%2C134%2C135%2C136%2C137%2C160%2C242%2C243%2C244%2C247%2C248%2C278&source=youtube&requiressl=yes&mh=BB&mm=31%2C29&mn=sn-5njj-u2xe%2Csn-un57sn7z&ms=au%2Crdu&mv=m&mvi=3&pl=16&initcwndbps=540000&vprv=1&mime=video%2Fwebm&ns=kCMbMGed0aT7HFUdhJkePXsF&gir=yes&clen=21629292&dur=165.233&lmt=1605399387094670&mt=1611740913&fvip=3&keepalive=yes&beids=9466586&c=WEB&txp=6316222&n=uZjQn2ZTLGm5OrAkR4YG&sparams=expire%2Cei%2Cip%2Cid%2Caitags%2Csource%2Crequiressl%2Cvprv%2Cmime%2Cns%2Cgir%2Cclen%2Cdur%2Clmt&sig=AOq0QJ8wRgIhAL6gf1X-uHMOW7PZemQDBMyq784f_N8W7W8ID6A_aPukAiEAvOp1g_8CUekwYlU4_F-sXMlewXOYhIfioDc9E1rJ1LA%3D&lsparams=mh%2Cmm%2Cmn%2Cms%2Cmv%2Cmvi%2Cpl%2Cinitcwndbps&lsig=AG3C_xAwRQIhAIltwiKLDroTFfPBzjnH0Lyg3YUcNvRe_1n6En3j7up9AiA4HUo1G_KQeuTHglcv2zxS5Wqb0jHbb_bDK5RoRcJ1nA%3D%3D&ratebypass=yes", "player_url": null, "ext": "webm", "height": 720, "format_note": "720p", "vcodec": "vp9", "asr": null, "filesize": 21629292, "fps": 30, "tbr": 1227.63, "width": 1280, "acodec": "none", "downloader_options": {"http_chunk_size": 10485760}, "format": "247 - 1280x720 (720p)", "protocol": "https", "http_headers": {"User-Agent": "Mozilla/5.0 (Windows NT 10.0; Win64; x64) AppleWebKit/537.36 (KHTML, like Gecko) Chrome/72.0.3626.85 Safari/537.36", "Accept-Charset": "ISO-8859-1,utf-8;q=0.7,*;q=0.7", "Accept": "text/html,application/xhtml+xml,application/xml;q=0.9,*/*;q=0.8", "Accept-Encoding": "gzip, deflate", "Accept-Language": "en-us,en;q=0.5"}}, {"format_id": "136", "url": "https://r3---sn-5njj-u2xe.googlevideo.com/videoplayback?expire=1611763253&ei=1TkRYI3XLraD1d8P6Ni4qAc&ip=140.109.135.76&id=o-AOfqXvIt9xsCPxBh3SEw9qTn2XPBj7bxU3_eLWZYI5tB&itag=136&aitags=133%2C134%2C135%2C136%2C137%2C160%2C242%2C243%2C244%2C247%2C248%2C278&source=youtube&requiressl=yes&mh=BB&mm=31%2C29&mn=sn-5njj-u2xe%2Csn-un57sn7z&ms=au%2Crdu&mv=m&mvi=3&pl=16&initcwndbps=540000&vprv=1&mime=video%2Fmp4&ns=kCMbMGed0aT7HFUdhJkePXsF&gir=yes&clen=31605383&dur=165.233&lmt=1605399384087386&mt=1611740913&fvip=3&keepalive=yes&beids=9466586&c=WEB&txp=6316222&n=uZjQn2ZTLGm5OrAkR4YG&sparams=expire%2Cei%2Cip%2Cid%2Caitags%2Csource%2Crequiressl%2Cvprv%2Cmime%2Cns%2Cgir%2Cclen%2Cdur%2Clmt&sig=AOq0QJ8wRgIhAJ_9GNTRr7vt_lKER81OMrOj88Xvpnao8hOhqAQnxehnAiEAxhdutAbl0XB7ADZUOU3GF4AHniPqERZcRp6GfMZ12WE%3D&lsparams=mh%2Cmm%2Cmn%2Cms%2Cmv%2Cmvi%2Cpl%2Cinitcwndbps&lsig=AG3C_xAwRQIhAIltwiKLDroTFfPBzjnH0Lyg3YUcNvRe_1n6En3j7up9AiA4HUo1G_KQeuTHglcv2zxS5Wqb0jHbb_bDK5RoRcJ1nA%3D%3D&ratebypass=yes", "player_url": null, "ext": "mp4", "height": 720, "format_note": "720p", "vcodec": "avc1.64001f", "asr": null, "filesize": 31605383, "fps": 30, "tbr": 1904.123, "width": 1280, "acodec": "none", "downloader_options": {"http_chunk_size": 10485760}, "format": "136 - 1280x720 (720p)", "protocol": "https", "http_headers": {"User-Agent": "Mozilla/5.0 (Windows NT 10.0; Win64; x64) AppleWebKit/537.36 (KHTML, like Gecko) Chrome/72.0.3626.85 Safari/537.36", "Accept-Charset": "ISO-8859-1,utf-8;q=0.7,*;q=0.7", "Accept": "text/html,application/xhtml+xml,application/xml;q=0.9,*/*;q=0.8", "Accept-Encoding": "gzip, deflate", "Accept-Language": "en-us,en;q=0.5"}}, {"format_id": "248", "url": "https://r3---sn-5njj-u2xe.googlevideo.com/videoplayback?expire=1611763253&ei=1TkRYI3XLraD1d8P6Ni4qAc&ip=140.109.135.76&id=o-AOfqXvIt9xsCPxBh3SEw9qTn2XPBj7bxU3_eLWZYI5tB&itag=248&aitags=133%2C134%2C135%2C136%2C137%2C160%2C242%2C243%2C244%2C247%2C248%2C278&source=youtube&requiressl=yes&mh=BB&mm=31%2C29&mn=sn-5njj-u2xe%2Csn-un57sn7z&ms=au%2Crdu&mv=m&mvi=3&pl=16&initcwndbps=540000&vprv=1&mime=video%2Fwebm&ns=kCMbMGed0aT7HFUdhJkePXsF&gir=yes&clen=39915879&dur=165.233&lmt=1605399387095453&mt=1611740913&fvip=3&keepalive=yes&beids=9466586&c=WEB&txp=6316222&n=uZjQn2ZTLGm5OrAkR4YG&sparams=expire%2Cei%2Cip%2Cid%2Caitags%2Csource%2Crequiressl%2Cvprv%2Cmime%2Cns%2Cgir%2Cclen%2Cdur%2Clmt&sig=AOq0QJ8wRQIhALuTRH71P_aZjRhi2IoIndDcfd4pq9Q0-JuU6dZhkNw4AiBmq_OI7h3wGdGJPP5whNMFk_vYSVZlSUlb1nRfmla4Jw%3D%3D&lsparams=mh%2Cmm%2Cmn%2Cms%2Cmv%2Cmvi%2Cpl%2Cinitcwndbps&lsig=AG3C_xAwRQIhAIltwiKLDroTFfPBzjnH0Lyg3YUcNvRe_1n6En3j7up9AiA4HUo1G_KQeuTHglcv2zxS5Wqb0jHbb_bDK5RoRcJ1nA%3D%3D&ratebypass=yes", "player_url": null, "ext": "webm", "height": 1080, "format_note": "1080p", "vcodec": "vp9", "asr": null, "filesize": 39915879, "fps": 30, "tbr": 2258.354, "width": 1920, "acodec": "none", "downloader_options": {"http_chunk_size": 10485760}, "format": "248 - 1920x1080 (1080p)", "protocol": "https", "http_headers": {"User-Agent": "Mozilla/5.0 (Windows NT 10.0; Win64; x64) AppleWebKit/537.36 (KHTML, like Gecko) Chrome/72.0.3626.85 Safari/537.36", "Accept-Charset": "ISO-8859-1,utf-8;q=0.7,*;q=0.7", "Accept": "text/html,application/xhtml+xml,application/xml;q=0.9,*/*;q=0.8", "Accept-Encoding": "gzip, deflate", "Accept-Language": "en-us,en;q=0.5"}}, {"format_id": "137", "url": "https://r3---sn-5njj-u2xe.googlevideo.com/videoplayback?expire=1611763253&ei=1TkRYI3XLraD1d8P6Ni4qAc&ip=140.109.135.76&id=o-AOfqXvIt9xsCPxBh3SEw9qTn2XPBj7bxU3_eLWZYI5tB&itag=137&aitags=133%2C134%2C135%2C136%2C137%2C160%2C242%2C243%2C244%2C247%2C248%2C278&source=youtube&requiressl=yes&mh=BB&mm=31%2C29&mn=sn-5njj-u2xe%2Csn-un57sn7z&ms=au%2Crdu&mv=m&mvi=3&pl=16&initcwndbps=540000&vprv=1&mime=video%2Fmp4&ns=kCMbMGed0aT7HFUdhJkePXsF&gir=yes&clen=60888379&dur=165.233&lmt=1605399384088928&mt=1611740913&fvip=3&keepalive=yes&beids=9466586&c=WEB&txp=6316222&n=uZjQn2ZTLGm5OrAkR4YG&sparams=expire%2Cei%2Cip%2Cid%2Caitags%2Csource%2Crequiressl%2Cvprv%2Cmime%2Cns%2Cgir%2Cclen%2Cdur%2Clmt&sig=AOq0QJ8wRQIgeJiuNqyyEFjYncvGlxMuv7H4pR1O6Q8IOgo_hDWvOTQCIQD95larxbMu_dxbXer2xBvzSudJRiiS4g73QW5Ml9Jnlw%3D%3D&lsparams=mh%2Cmm%2Cmn%2Cms%2Cmv%2Cmvi%2Cpl%2Cinitcwndbps&lsig=AG3C_xAwRQIhAIltwiKLDroTFfPBzjnH0Lyg3YUcNvRe_1n6En3j7up9AiA4HUo1G_KQeuTHglcv2zxS5Wqb0jHbb_bDK5RoRcJ1nA%3D%3D&ratebypass=yes", "player_url": null, "ext": "mp4", "height": 1080, "format_note": "1080p", "vcodec": "avc1.640028", "asr": null, "filesize": 60888379, "fps": 30, "tbr": 3700.499, "width": 1920, "acodec": "none", "downloader_options": {"http_chunk_size": 10485760}, "format": "137 - 1920x1080 (1080p)", "protocol": "https", "http_headers": {"User-Agent": "Mozilla/5.0 (Windows NT 10.0; Win64; x64) AppleWebKit/537.36 (KHTML, like Gecko) Chrome/72.0.3626.85 Safari/537.36", "Accept-Charset": "ISO-8859-1,utf-8;q=0.7,*;q=0.7", "Accept": "text/html,application/xhtml+xml,application/xml;q=0.9,*/*;q=0.8", "Accept-Encoding": "gzip, deflate", "Accept-Language": "en-us,en;q=0.5"}}, {"format_id": "18", "url": "https://r3---sn-5njj-u2xe.googlevideo.com/videoplayback?expire=1611763253&ei=1TkRYI3XLraD1d8P6Ni4qAc&ip=140.109.135.76&id=o-AOfqXvIt9xsCPxBh3SEw9qTn2XPBj7bxU3_eLWZYI5tB&itag=18&source=youtube&requiressl=yes&mh=BB&mm=31%2C29&mn=sn-5njj-u2xe%2Csn-un57sn7z&ms=au%2Crdu&mv=m&mvi=3&pl=16&initcwndbps=540000&vprv=1&mime=video%2Fmp4&ns=2EO5Tlnp-4GTWqnwRAxgJNEF&gir=yes&clen=10381172&ratebypass=yes&dur=165.302&lmt=1605399399210491&mt=1611740913&fvip=3&beids=9466586&c=WEB&txp=6310222&n=ywRUTXbeYpCnnwEoRiSR&sparams=expire%2Cei%2Cip%2Cid%2Citag%2Csource%2Crequiressl%2Cvprv%2Cmime%2Cns%2Cgir%2Cclen%2Cratebypass%2Cdur%2Clmt&sig=AOq0QJ8wRgIhALXtADcO69cLZYeW-3w9I6qcqLfpsAWo9p6zTpXG3mS_AiEA8ebQRTehxE382zYVTMR9oM4GsMn6kwp4i6tdEPlvOKw%3D&lsparams=mh%2Cmm%2Cmn%2Cms%2Cmv%2Cmvi%2Cpl%2Cinitcwndbps&lsig=AG3C_xAwRQIhAIltwiKLDroTFfPBzjnH0Lyg3YUcNvRe_1n6En3j7up9AiA4HUo1G_KQeuTHglcv2zxS5Wqb0jHbb_bDK5RoRcJ1nA%3D%3D", "player_url": null, "ext": "mp4", "width": 640, "height": 360, "acodec": "mp4a.40.2", "abr": 96, "vcodec": "avc1.42001E", "asr": 44100, "filesize": 10381172, "format_note": "360p", "fps": 30, "tbr": 502.619, "format": "18 - 640x360 (360p)", "protocol": "https", "http_headers": {"User-Agent": "Mozilla/5.0 (Windows NT 10.0; Win64; x64) AppleWebKit/537.36 (KHTML, like Gecko) Chrome/72.0.3626.85 Safari/537.36", "Accept-Charset": "ISO-8859-1,utf-8;q=0.7,*;q=0.7", "Accept": "text/html,application/xhtml+xml,application/xml;q=0.9,*/*;q=0.8", "Accept-Encoding": "gzip, deflate", "Accept-Language": "en-us,en;q=0.5"}}], "is_live": null, "start_time": null, "end_time": null, "series": null, "season_number": null, "episode_number": null, "track": null, "artist": null, "album": null, "release_date": null, "release_year": null, "extractor": "youtube", "webpage_url_basename": "watch", "extractor_key": "Youtube", "playlist": null, "playlist_index": null, "thumbnail": "https://i.ytimg.com/vi_webp/nYuSFdxxttQ/maxresdefault.webp", "display_id": "nYuSFdxxttQ", "requested_subtitles": null, "format_id": "251", "url": "https://r3---sn-5njj-u2xe.googlevideo.com/videoplayback?expire=1611763253&ei=1TkRYI3XLraD1d8P6Ni4qAc&ip=140.109.135.76&id=o-AOfqXvIt9xsCPxBh3SEw9qTn2XPBj7bxU3_eLWZYI5tB&itag=251&source=youtube&requiressl=yes&mh=BB&mm=31%2C29&mn=sn-5njj-u2xe%2Csn-un57sn7z&ms=au%2Crdu&mv=m&mvi=3&pl=16&initcwndbps=540000&vprv=1&mime=audio%2Fwebm&ns=kCMbMGed0aT7HFUdhJkePXsF&gir=yes&clen=2965285&dur=165.261&lmt=1605399382092654&mt=1611740913&fvip=3&keepalive=yes&beids=9466586&c=WEB&txp=6311222&n=uZjQn2ZTLGm5OrAkR4YG&sparams=expire%2Cei%2Cip%2Cid%2Citag%2Csource%2Crequiressl%2Cvprv%2Cmime%2Cns%2Cgir%2Cclen%2Cdur%2Clmt&sig=AOq0QJ8wRgIhAJA6dXm_uxFSoX281jKR2W5pFa6JdM_qhgSAQCxdZvYbAiEAqvXLTJ_Wzf1LgU7Z4R0kf0wGFR1_UIlBrNM1GzxTywg%3D&lsparams=mh%2Cmm%2Cmn%2Cms%2Cmv%2Cmvi%2Cpl%2Cinitcwndbps&lsig=AG3C_xAwRQIhAIltwiKLDroTFfPBzjnH0Lyg3YUcNvRe_1n6En3j7up9AiA4HUo1G_KQeuTHglcv2zxS5Wqb0jHbb_bDK5RoRcJ1nA%3D%3D&ratebypass=yes", "player_url": null, "ext": "webm", "format_note": "tiny", "acodec": "opus", "abr": 160, "asr": 48000, "filesize": 2965285, "fps": null, "height": null, "tbr": 155.453, "width": null, "vcodec": "none", "downloader_options": {"http_chunk_size": 10485760}, "format": "251 - audio only (tiny)", "protocol": "https", "http_headers": {"User-Agent": "Mozilla/5.0 (Windows NT 10.0; Win64; x64) AppleWebKit/537.36 (KHTML, like Gecko) Chrome/72.0.3626.85 Safari/537.36", "Accept-Charset": "ISO-8859-1,utf-8;q=0.7,*;q=0.7", "Accept": "text/html,application/xhtml+xml,application/xml;q=0.9,*/*;q=0.8", "Accept-Encoding": "gzip, deflate", "Accept-Language": "en-us,en;q=0.5"}}