{"id": "oxuWTF-6fes", "uploader": "Yudan730 \u9b5a\u86cb\u6751\u92fc\u7434\u983b\u9053", "uploader_id": "yudan730", "uploader_url": "http://www.youtube.com/user/yudan730", "channel_id": "UCSwXQEe1RO4pdURFpYw--cg", "channel_url": "http://www.youtube.com/channel/UCSwXQEe1RO4pdURFpYw--cg", "upload_date": "20200612", "license": null, "creator": null, "title": "\u3010\u5373\u65e5\u65b0\u6b4c!!\u3011Mojito \u92fc\u7434\u7248 (\u4e3b\u5531: \u5468\u6770\u502b )", "alt_title": null, "thumbnails": [{"url": "https://i.ytimg.com/vi/oxuWTF-6fes/hqdefault.jpg?sqp=-oaymwEbCKgBEF5IVfKriqkDDggBFQAAiEIYAXABwAEG&rs=AOn4CLDFwtLVPpL5zSG2CO9u5FqJqd7THQ", "width": 168, "height": 94, "resolution": "168x94", "id": "0"}, {"url": "https://i.ytimg.com/vi/oxuWTF-6fes/hqdefault.jpg?sqp=-oaymwEbCMQBEG5IVfKriqkDDggBFQAAiEIYAXABwAEG&rs=AOn4CLBVwnT7IIFrpRoJgfVX2mN3ec8htg", "width": 196, "height": 110, "resolution": "196x110", "id": "1"}, {"url": "https://i.ytimg.com/vi/oxuWTF-6fes/hqdefault.jpg?sqp=-oaymwEcCPYBEIoBSFXyq4qpAw4IARUAAIhCGAFwAcABBg==&rs=AOn4CLAX0-wzPD8ekUGRDh0ZCh7TJ0SXdQ", "width": 246, "height": 138, "resolution": "246x138", "id": "2"}, {"url": "https://i.ytimg.com/vi/oxuWTF-6fes/hqdefault.jpg?sqp=-oaymwEcCNACELwBSFXyq4qpAw4IARUAAIhCGAFwAcABBg==&rs=AOn4CLDGJaOlB4YwMnAlbt7HXDKZ5IUZdg", "width": 336, "height": 188, "resolution": "336x188", "id": "3"}, {"url": "https://i.ytimg.com/vi_webp/oxuWTF-6fes/maxresdefault.webp", "width": 1920, "height": 1080, "resolution": "1920x1080", "id": "4"}], "description": "\u8a02\u95b1\u6751\u9577\uff01\u2794 https://goo.gl/Qlpz6E\r\n\u53f0\u7063\u6b4c\u66f2\u64ad\u653e\u6e05\u55ae \u2794 https://goo.gl/q0Gv36\r\n\u6751\u9577\u92fc\u7434\u5c0f\u54c1\u64ad\u653e\u6e05\u55ae \u2794 https://goo.gl/0gOaJL\r\n\u4f86\u770b\u770b\u6751\u9577\u6700\u65b0\u66dd\u5149\u52d5\u5411\uff01\u2794 https://goo.gl/7MzmFu\r\n\u672c\u5f71\u7247\u7434\u8b5c\u4e0b\u8f09 Piano Sheet Here\uff01\u2794 http://yudans.net/1330\r\n\r\n\u9b5a\u86cb\u6751\u7434\u8b5c\u7db2\u7ad9 \u2794 http://yudans.net/\r\n\u6751\u9577\u500b\u4eba Facebook \u2794 http://goo.gl/64ocaC\r\n\u9b5a\u86cb\u6751\u5b98\u65b9Facebook\u5c08\u9801 \u2794 https://goo.gl/7MzmFu\r\nInstagram \u2794 yudan730\r\n\u5fae\u535a \u2794 http://goo.gl/7V6ouW\r\n\u92fc\u7434\u6559\u5b78/\u5ee3\u544a\u67e5\u8a62 \u2794 yudansnet@gmail.com\r\n\r\n---------------------------------------\r\n\n\u66f2:\u5468\u6770\u502b  \n\u8a5e:\u9ec3\u4fca\u90ce\n\n\u6b4c\u8a5e\uff1a\n\n\u9ebb\u7169\u7d66\u6211\u7684\u611b\u4eba\u4f86\u4e00\u676fMojito  \u6211\u559c\u6b61\u95b1\u8b80\u5979\u5fae\u91ba\u6642\u7684\u773c\u7738\n\u800c\u6211\u7684\u5496\u5561\u3000\u7cd6\u4e0d\u7528\u592a\u591a\n\u9019\u4e16\u754c\u5df2\u7d93\u56e0\u70ba\u5979\u751c\u5f97\u904e\u982d\n\n\u6c92\u6709\u8ddf\u5979\u7b11\u5bb9\u4e00\u6a23\u6fc3\u90c1\u7684\u96ea\u8304  \u5c31\u5225\u6d6a\u8cbb\u6642\u9593\u4ecb\u7d39\u6536\u8d77\u4f86\u5427\n\u62f1\u5eca\u7684\u58c1\u756b  \u820a\u57ce\u7684\u5857\u9d09\n\u6240\u6709\u8272\u5f69\u90fd\u56e0\u70ba\u5979\u8aaa\u4e0d\u51fa\u8a71\n\n\u9019\u611b\u4e0d\u843d\u5e55  \u5fd8\u4e86\u5fc3\u4e8b\u7684\u570b\u5ea6  \u59b3\u6240\u5728\u4e4b\u8655  \u5b64\u55ae\u90fd\u88ab\u5f81\u670d\n\u9435\u9444\u7684\u62db\u724c  \u932f\u843d\u8457\u5c31\u50cf\n\u4e00\u5c01\u5c01\u57ce\u5e02  \u737b\u7d66\u5929\u7a7a\u7684\u60c5\u66f8\n\u7576\u8857\u71c8\u4eae\u8d77  Havana\u6f2b\u6b65\n\u9019\u662f\u4e16\u4e0a\u6700\u7f8e\u9e97\u7684\u90a3\u96d9\u4eba\u821e\n\n\u7e7d\u7d1b\u7684\u8001\u723a\u8eca  \u8ddf\u8457\u68d5\u6ada\u6416\u66f3  \u8f09\u8457\u6d77\u98a8\u79c1\u5954\u6f2b\u7121\u76ee\u7684\n\u53e4\u8463\u66f8\u6524\u6f2b\u8457\u6642\u5149\u9999\u6c23\n\u6211\u60f3  \u4e0a\u8f29\u5b50  \u662f\u4e0d\u662f\u5c31\u9047\u904e\u59b3\n\u55a7\u56c2\u7684\u6d77\u5831\u8eba\u5728  \u6175\u61f6\u7684\u95a3\u6a13\u967d\u53f0\n\u800c\u59b3\u662f\u6587\u5b78\u5bb6\u7b46\u4e0b\u7684\u90a3\u4e00\u7247\u6d77\n\n\u9ebb\u7169\u7d66\u6211\u7684\u611b\u4eba\u4f86\u4e00\u676fMojito  \u6211\u559c\u6b61\u95b1\u8b80\u5979\u5fae\u91ba\u6642\u7684\u773c\u7738\n\u800c\u6211\u7684\u5496\u5561  \u7cd6\u4e0d\u7528\u592a\u591a\n\u9019\u4e16\u754c\u5df2\u7d93\u56e0\u70ba\u5979\u751c\u5f97\u904e\u982d\n\n\u9019\u611b\u4e0d\u843d\u5e55  \u5fd8\u4e86\u5fc3\u4e8b\u7684\u570b\u5ea6  \u59b3\u6240\u5728\u4e4b\u8655  \u5b64\u55ae\u90fd\u88ab\u5f81\u670d\n\u9435\u9444\u7684\u62db\u724c  \u932f\u843d\u8457\u5c31\u50cf\n\u4e00\u5c01\u5c01\u57ce\u5e02  \u737b\u7d66\u5929\u7a7a\u7684\u60c5\u66f8\n\u7576\u8857\u71c8\u4eae\u8d77  Havana\u6f2b\u6b65\n\u9019\u662f\u4e16\u4e0a\u6700\u7f8e\u9e97\u7684\u90a3\u96d9\u4eba\u821e\n\n\u9435\u9444\u7684\u62db\u724c  \u932f\u843d\u8457\u5c31\u50cf\n\u4e00\u5c01\u5c01\u57ce\u5e02  \u737b\u7d66\u5929\u7a7a\u7684\u60c5\u66f8\n\u7576\u8857\u71c8\u4eae\u8d77  Havana\u6f2b\u6b65\n\u9019\u662f\u4e16\u4e0a\u6700\u7f8e\u9e97\u7684\u90a3\u96d9\u4eba\u821e", "categories": ["Music"], "tags": ["\u92fc\u7434", "\u92fc\u7434\u7248", "\u7d14\u97f3\u6a02", "\u97f3\u6a02", "\u4f34\u5531", "Piano", "yudan730", "hugowong", "hugo", "yudans", "yudansnet", "\u9b5a\u86cb", "\u9b5a\u86cb\u6751", "\u6751\u9577", "cover", "\u7434\u8b5c", "\u6559\u5b78", "Mojito", "\u5468\u6770\u502b"], "subtitles": {}, "automatic_captions": {}, "duration": 190, "age_limit": 0, "annotations": null, "chapters": null, "webpage_url": "https://www.youtube.com/watch?v=oxuWTF-6fes", "view_count": 57287, "like_count": 977, "dislike_count": 29, "average_rating": 4.8846917, "formats": [{"format_id": "249", "url": "https://r4---sn-5njj-u2xe.googlevideo.com/videoplayback?expire=1611763823&ei=DzwRYLfwCM2qgAPylYiwBw&ip=140.109.135.76&id=o-ADvb7BHcC3NXNoof07KYpJTkOQK4qaGBpDMjKKOLamk_&itag=249&source=youtube&requiressl=yes&mh=wW&mm=31%2C29&mn=sn-5njj-u2xe%2Csn-un57sn76&ms=au%2Crdu&mv=m&mvi=4&pl=16&initcwndbps=478750&vprv=1&mime=audio%2Fwebm&ns=yhieAOrA2J4UOIaAYtFKdlIF&gir=yes&clen=1313883&dur=190.061&lmt=1591956889110884&mt=1611741877&fvip=4&keepalive=yes&c=WEB&txp=6311222&n=q8H78JFJfWGEnBRFqCb4&sparams=expire%2Cei%2Cip%2Cid%2Citag%2Csource%2Crequiressl%2Cvprv%2Cmime%2Cns%2Cgir%2Cclen%2Cdur%2Clmt&lsparams=mh%2Cmm%2Cmn%2Cms%2Cmv%2Cmvi%2Cpl%2Cinitcwndbps&lsig=AG3C_xAwRAIgeCDfHu0wnFS_JChgTXC_X0tvC4QQTFmT3AaIIDztKIoCIF_1SFX1Wm2_6Btk_66B6kHPLWf69iK34NQeEWjeENZk&sig=AOq0QJ8wRQIgQb06wYpeAq5sAxnpk3H_JqIu7BcvvG-9eFEfnoB7jqcCIQDAIsGn-vpvzQg8tVw4CvKZpr6pIPG_cu8SYDLhk1gPBg==&ratebypass=yes", "player_url": "/s/player/c6df6ed7/player_ias.vflset/en_US/base.js", "ext": "webm", "format_note": "tiny", "acodec": "opus", "abr": 50, "asr": 48000, "filesize": 1313883, "fps": null, "height": null, "tbr": 58.688, "width": null, "vcodec": "none", "downloader_options": {"http_chunk_size": 10485760}, "format": "249 - audio only (tiny)", "protocol": "https", "http_headers": {"User-Agent": "Mozilla/5.0 (Windows NT 10.0; Win64; x64) AppleWebKit/537.36 (KHTML, like Gecko) Chrome/72.0.3626.85 Safari/537.36", "Accept-Charset": "ISO-8859-1,utf-8;q=0.7,*;q=0.7", "Accept": "text/html,application/xhtml+xml,application/xml;q=0.9,*/*;q=0.8", "Accept-Encoding": "gzip, deflate", "Accept-Language": "en-us,en;q=0.5"}}, {"format_id": "250", "url": "https://r4---sn-5njj-u2xe.googlevideo.com/videoplayback?expire=1611763823&ei=DzwRYLfwCM2qgAPylYiwBw&ip=140.109.135.76&id=o-ADvb7BHcC3NXNoof07KYpJTkOQK4qaGBpDMjKKOLamk_&itag=250&source=youtube&requiressl=yes&mh=wW&mm=31%2C29&mn=sn-5njj-u2xe%2Csn-un57sn76&ms=au%2Crdu&mv=m&mvi=4&pl=16&initcwndbps=478750&vprv=1&mime=audio%2Fwebm&ns=yhieAOrA2J4UOIaAYtFKdlIF&gir=yes&clen=1726124&dur=190.061&lmt=1591956889620278&mt=1611741877&fvip=4&keepalive=yes&c=WEB&txp=6311222&n=q8H78JFJfWGEnBRFqCb4&sparams=expire%2Cei%2Cip%2Cid%2Citag%2Csource%2Crequiressl%2Cvprv%2Cmime%2Cns%2Cgir%2Cclen%2Cdur%2Clmt&lsparams=mh%2Cmm%2Cmn%2Cms%2Cmv%2Cmvi%2Cpl%2Cinitcwndbps&lsig=AG3C_xAwRAIgP8RQloOvkwVSN1ZrFSufG7FbSmWXSTmf4A5K_IHnencCIA9xMsbDt-cjXdaHNwbUKdr5FI8K2rKKyY4Undl9rCrW&sig=AOq0QJ8wRgIhAJ7nqeSnEwak-RCrRNmT804q9efxSpYQe0GUeFSVhh3SAiEAq6Gc9oSqiuQ-RC86u-rYVrNqlHRRGROOdF3BWBeGgH8=&ratebypass=yes", "player_url": "/s/player/c6df6ed7/player_ias.vflset/en_US/base.js", "ext": "webm", "format_note": "tiny", "acodec": "opus", "abr": 70, "asr": 48000, "filesize": 1726124, "fps": null, "height": null, "tbr": 77.12, "width": null, "vcodec": "none", "downloader_options": {"http_chunk_size": 10485760}, "format": "250 - audio only (tiny)", "protocol": "https", "http_headers": {"User-Agent": "Mozilla/5.0 (Windows NT 10.0; Win64; x64) AppleWebKit/537.36 (KHTML, like Gecko) Chrome/72.0.3626.85 Safari/537.36", "Accept-Charset": "ISO-8859-1,utf-8;q=0.7,*;q=0.7", "Accept": "text/html,application/xhtml+xml,application/xml;q=0.9,*/*;q=0.8", "Accept-Encoding": "gzip, deflate", "Accept-Language": "en-us,en;q=0.5"}}, {"format_id": "140", "url": "https://r4---sn-5njj-u2xe.googlevideo.com/videoplayback?expire=1611763823&ei=DzwRYLfwCM2qgAPylYiwBw&ip=140.109.135.76&id=o-ADvb7BHcC3NXNoof07KYpJTkOQK4qaGBpDMjKKOLamk_&itag=140&source=youtube&requiressl=yes&mh=wW&mm=31%2C29&mn=sn-5njj-u2xe%2Csn-un57sn76&ms=au%2Crdu&mv=m&mvi=4&pl=16&initcwndbps=478750&vprv=1&mime=audio%2Fmp4&ns=yhieAOrA2J4UOIaAYtFKdlIF&gir=yes&clen=3076984&dur=190.078&lmt=1591956902744730&mt=1611741877&fvip=4&keepalive=yes&c=WEB&txp=6311222&n=q8H78JFJfWGEnBRFqCb4&sparams=expire%2Cei%2Cip%2Cid%2Citag%2Csource%2Crequiressl%2Cvprv%2Cmime%2Cns%2Cgir%2Cclen%2Cdur%2Clmt&lsparams=mh%2Cmm%2Cmn%2Cms%2Cmv%2Cmvi%2Cpl%2Cinitcwndbps&lsig=AG3C_xAwRAIgdggOs9xg6DRKHRd_rvwRBTAdoITOjwbYDvryT672n-wCIFtKzzF2Gza6v1-wR3e-hdUUkUxoZfK5XI8sVE2uVpsN&sig=AOq0QJ8wRgIhAITFBepPmk_RULujhdLsiNvDEGXBs6N1eR6PDR6JTAsdAiEAkt-kPsLg_ko262zbCkUZqlLndxTlHYW-ml980VKZEuQ=&ratebypass=yes", "player_url": "/s/player/c6df6ed7/player_ias.vflset/en_US/base.js", "ext": "m4a", "format_note": "tiny", "acodec": "mp4a.40.2", "abr": 128, "container": "m4a_dash", "asr": 44100, "filesize": 3076984, "fps": null, "height": null, "tbr": 131.44, "width": null, "vcodec": "none", "downloader_options": {"http_chunk_size": 10485760}, "format": "140 - audio only (tiny)", "protocol": "https", "http_headers": {"User-Agent": "Mozilla/5.0 (Windows NT 10.0; Win64; x64) AppleWebKit/537.36 (KHTML, like Gecko) Chrome/72.0.3626.85 Safari/537.36", "Accept-Charset": "ISO-8859-1,utf-8;q=0.7,*;q=0.7", "Accept": "text/html,application/xhtml+xml,application/xml;q=0.9,*/*;q=0.8", "Accept-Encoding": "gzip, deflate", "Accept-Language": "en-us,en;q=0.5"}}, {"format_id": "251", "url": "https://r4---sn-5njj-u2xe.googlevideo.com/videoplayback?expire=1611763823&ei=DzwRYLfwCM2qgAPylYiwBw&ip=140.109.135.76&id=o-ADvb7BHcC3NXNoof07KYpJTkOQK4qaGBpDMjKKOLamk_&itag=251&source=youtube&requiressl=yes&mh=wW&mm=31%2C29&mn=sn-5njj-u2xe%2Csn-un57sn76&ms=au%2Crdu&mv=m&mvi=4&pl=16&initcwndbps=478750&vprv=1&mime=audio%2Fwebm&ns=yhieAOrA2J4UOIaAYtFKdlIF&gir=yes&clen=3431260&dur=190.061&lmt=1591956890013168&mt=1611741877&fvip=4&keepalive=yes&c=WEB&txp=6311222&n=q8H78JFJfWGEnBRFqCb4&sparams=expire%2Cei%2Cip%2Cid%2Citag%2Csource%2Crequiressl%2Cvprv%2Cmime%2Cns%2Cgir%2Cclen%2Cdur%2Clmt&lsparams=mh%2Cmm%2Cmn%2Cms%2Cmv%2Cmvi%2Cpl%2Cinitcwndbps&lsig=AG3C_xAwRgIhALzEwUXISazjImoXtxv17_iMOLUpQqdHLQydxq6fi-msAiEAmh3NqEPcfHaWjeSbeC_f3RB6MnsN3Ufcq2JiHP4oRRY%3D&sig=AOq0QJ8wRQIhALnDlW7r5bFVcCZiNnre53HSq5hpgScAsPoa8bC8q8IeAiAM8vrQR6YVOfKUxwb-wTisGIT7pGsp4NEMQnxbqCLD3Q==&ratebypass=yes", "player_url": "/s/player/c6df6ed7/player_ias.vflset/en_US/base.js", "ext": "webm", "format_note": "tiny", "acodec": "opus", "abr": 160, "asr": 48000, "filesize": 3431260, "fps": null, "height": null, "tbr": 152.716, "width": null, "vcodec": "none", "downloader_options": {"http_chunk_size": 10485760}, "format": "251 - audio only (tiny)", "protocol": "https", "http_headers": {"User-Agent": "Mozilla/5.0 (Windows NT 10.0; Win64; x64) AppleWebKit/537.36 (KHTML, like Gecko) Chrome/72.0.3626.85 Safari/537.36", "Accept-Charset": "ISO-8859-1,utf-8;q=0.7,*;q=0.7", "Accept": "text/html,application/xhtml+xml,application/xml;q=0.9,*/*;q=0.8", "Accept-Encoding": "gzip, deflate", "Accept-Language": "en-us,en;q=0.5"}}, {"format_id": "278", "url": "https://r4---sn-5njj-u2xe.googlevideo.com/videoplayback?expire=1611763823&ei=DzwRYLfwCM2qgAPylYiwBw&ip=140.109.135.76&id=o-ADvb7BHcC3NXNoof07KYpJTkOQK4qaGBpDMjKKOLamk_&itag=278&aitags=133%2C134%2C135%2C136%2C137%2C160%2C242%2C243%2C244%2C247%2C248%2C271%2C278%2C313&source=youtube&requiressl=yes&mh=wW&mm=31%2C29&mn=sn-5njj-u2xe%2Csn-un57sn76&ms=au%2Crdu&mv=m&mvi=4&pl=16&initcwndbps=478750&vprv=1&mime=video%2Fwebm&ns=yhieAOrA2J4UOIaAYtFKdlIF&gir=yes&clen=1964153&dur=190.023&lmt=1591956942333202&mt=1611741877&fvip=4&keepalive=yes&c=WEB&txp=6316222&n=q8H78JFJfWGEnBRFqCb4&sparams=expire%2Cei%2Cip%2Cid%2Caitags%2Csource%2Crequiressl%2Cvprv%2Cmime%2Cns%2Cgir%2Cclen%2Cdur%2Clmt&lsparams=mh%2Cmm%2Cmn%2Cms%2Cmv%2Cmvi%2Cpl%2Cinitcwndbps&lsig=AG3C_xAwRQIgUbesXNCYVmYFmyop2i3JGKctgzn6v-40u1MVaSRiHiMCIQCBDyT_wjzQGjTfnMMTNKdXFsk918L3AViqUqYoU9OA1A%3D%3D&sig=AOq0QJ8wRQIgC-9foElz9AmYmq8-nfJAMa_V35Lyux8i2Mj9kyVJHagCIQCkZJVoXFv168Abz8jWKnf0yPzPvlq11W2R8TBIkYdGcQ==&ratebypass=yes", "player_url": "/s/player/c6df6ed7/player_ias.vflset/en_US/base.js", "ext": "webm", "height": 144, "format_note": "144p", "container": "webm", "vcodec": "vp9", "asr": null, "filesize": 1964153, "fps": 30, "tbr": 85.987, "width": 256, "acodec": "none", "downloader_options": {"http_chunk_size": 10485760}, "format": "278 - 256x144 (144p)", "protocol": "https", "http_headers": {"User-Agent": "Mozilla/5.0 (Windows NT 10.0; Win64; x64) AppleWebKit/537.36 (KHTML, like Gecko) Chrome/72.0.3626.85 Safari/537.36", "Accept-Charset": "ISO-8859-1,utf-8;q=0.7,*;q=0.7", "Accept": "text/html,application/xhtml+xml,application/xml;q=0.9,*/*;q=0.8", "Accept-Encoding": "gzip, deflate", "Accept-Language": "en-us,en;q=0.5"}}, {"format_id": "160", "url": "https://r4---sn-5njj-u2xe.googlevideo.com/videoplayback?expire=1611763823&ei=DzwRYLfwCM2qgAPylYiwBw&ip=140.109.135.76&id=o-ADvb7BHcC3NXNoof07KYpJTkOQK4qaGBpDMjKKOLamk_&itag=160&aitags=133%2C134%2C135%2C136%2C137%2C160%2C242%2C243%2C244%2C247%2C248%2C271%2C278%2C313&source=youtube&requiressl=yes&mh=wW&mm=31%2C29&mn=sn-5njj-u2xe%2Csn-un57sn76&ms=au%2Crdu&mv=m&mvi=4&pl=16&initcwndbps=478750&vprv=1&mime=video%2Fmp4&ns=yhieAOrA2J4UOIaAYtFKdlIF&gir=yes&clen=2715830&dur=190.023&lmt=1591957036861340&mt=1611741877&fvip=4&keepalive=yes&c=WEB&txp=6316222&n=q8H78JFJfWGEnBRFqCb4&sparams=expire%2Cei%2Cip%2Cid%2Caitags%2Csource%2Crequiressl%2Cvprv%2Cmime%2Cns%2Cgir%2Cclen%2Cdur%2Clmt&lsparams=mh%2Cmm%2Cmn%2Cms%2Cmv%2Cmvi%2Cpl%2Cinitcwndbps&lsig=AG3C_xAwRAIgQFCEFEkC3F-bAcXWaJbF7zSi1Pf17HogPJH8_NorShsCIFl_EIERlqWth5oE3anxKUdmC9mXz7UI1cso08mjJAP8&sig=AOq0QJ8wRQIgWHTN-8liSt9RILO6knV4U7vYSEEtmHiVDX1EMrLf3NwCIQCmsSCmtpukr0IFPlI9NZIMNONiIIaVqbwRgHuIIpHk1g==&ratebypass=yes", "player_url": "/s/player/c6df6ed7/player_ias.vflset/en_US/base.js", "ext": "mp4", "height": 144, "format_note": "144p", "vcodec": "avc1.4d400c", "asr": null, "filesize": 2715830, "fps": 30, "tbr": 125.761, "width": 256, "acodec": "none", "downloader_options": {"http_chunk_size": 10485760}, "format": "160 - 256x144 (144p)", "protocol": "https", "http_headers": {"User-Agent": "Mozilla/5.0 (Windows NT 10.0; Win64; x64) AppleWebKit/537.36 (KHTML, like Gecko) Chrome/72.0.3626.85 Safari/537.36", "Accept-Charset": "ISO-8859-1,utf-8;q=0.7,*;q=0.7", "Accept": "text/html,application/xhtml+xml,application/xml;q=0.9,*/*;q=0.8", "Accept-Encoding": "gzip, deflate", "Accept-Language": "en-us,en;q=0.5"}}, {"format_id": "242", "url": "https://r4---sn-5njj-u2xe.googlevideo.com/videoplayback?expire=1611763823&ei=DzwRYLfwCM2qgAPylYiwBw&ip=140.109.135.76&id=o-ADvb7BHcC3NXNoof07KYpJTkOQK4qaGBpDMjKKOLamk_&itag=242&aitags=133%2C134%2C135%2C136%2C137%2C160%2C242%2C243%2C244%2C247%2C248%2C271%2C278%2C313&source=youtube&requiressl=yes&mh=wW&mm=31%2C29&mn=sn-5njj-u2xe%2Csn-un57sn76&ms=au%2Crdu&mv=m&mvi=4&pl=16&initcwndbps=478750&vprv=1&mime=video%2Fwebm&ns=yhieAOrA2J4UOIaAYtFKdlIF&gir=yes&clen=3955236&dur=190.023&lmt=1591956942330538&mt=1611741877&fvip=4&keepalive=yes&c=WEB&txp=6316222&n=q8H78JFJfWGEnBRFqCb4&sparams=expire%2Cei%2Cip%2Cid%2Caitags%2Csource%2Crequiressl%2Cvprv%2Cmime%2Cns%2Cgir%2Cclen%2Cdur%2Clmt&lsparams=mh%2Cmm%2Cmn%2Cms%2Cmv%2Cmvi%2Cpl%2Cinitcwndbps&lsig=AG3C_xAwRQIgD6Z0zd8I_NHLWzj5E_XmWMNkyU18l5djQJvrwmBsF6gCIQDKtLfb9nbYEgqBkT9pDEMdGan-RatLb7cL-zkEyIzPow%3D%3D&sig=AOq0QJ8wRQIhAMtr4pvLna8yMsKzWDCQpEQNO1oZ5kUqewpw06FbcS4LAiA-f1z2EaevnR1Mmd3htgt3-NeRQ1PppNh_WJhDDS5PYg==&ratebypass=yes", "player_url": "/s/player/c6df6ed7/player_ias.vflset/en_US/base.js", "ext": "webm", "height": 240, "format_note": "240p", "vcodec": "vp9", "asr": null, "filesize": 3955236, "fps": 30, "tbr": 179.59, "width": 426, "acodec": "none", "downloader_options": {"http_chunk_size": 10485760}, "format": "242 - 426x240 (240p)", "protocol": "https", "http_headers": {"User-Agent": "Mozilla/5.0 (Windows NT 10.0; Win64; x64) AppleWebKit/537.36 (KHTML, like Gecko) Chrome/72.0.3626.85 Safari/537.36", "Accept-Charset": "ISO-8859-1,utf-8;q=0.7,*;q=0.7", "Accept": "text/html,application/xhtml+xml,application/xml;q=0.9,*/*;q=0.8", "Accept-Encoding": "gzip, deflate", "Accept-Language": "en-us,en;q=0.5"}}, {"format_id": "133", "url": "https://r4---sn-5njj-u2xe.googlevideo.com/videoplayback?expire=1611763823&ei=DzwRYLfwCM2qgAPylYiwBw&ip=140.109.135.76&id=o-ADvb7BHcC3NXNoof07KYpJTkOQK4qaGBpDMjKKOLamk_&itag=133&aitags=133%2C134%2C135%2C136%2C137%2C160%2C242%2C243%2C244%2C247%2C248%2C271%2C278%2C313&source=youtube&requiressl=yes&mh=wW&mm=31%2C29&mn=sn-5njj-u2xe%2Csn-un57sn76&ms=au%2Crdu&mv=m&mvi=4&pl=16&initcwndbps=478750&vprv=1&mime=video%2Fmp4&ns=yhieAOrA2J4UOIaAYtFKdlIF&gir=yes&clen=5656983&dur=190.023&lmt=1591957036859177&mt=1611741877&fvip=4&keepalive=yes&c=WEB&txp=6316222&n=q8H78JFJfWGEnBRFqCb4&sparams=expire%2Cei%2Cip%2Cid%2Caitags%2Csource%2Crequiressl%2Cvprv%2Cmime%2Cns%2Cgir%2Cclen%2Cdur%2Clmt&lsparams=mh%2Cmm%2Cmn%2Cms%2Cmv%2Cmvi%2Cpl%2Cinitcwndbps&lsig=AG3C_xAwRgIhAOQNAtiKj9xDz3fuNjnlFcamIEpmG_O5ArTbNsKCJhGSAiEA4_u695oMzvsrA44dCnSBRS0D4mks9Q6s9rDQTfY_DbE%3D&sig=AOq0QJ8wRAIgSEtzaSFGTkIg45XdBHpUv1KpRy5W7D7UdBIp90ZbME0CICkabYZSOBfOhHoYRdfl2z5H4pHc674Q8zzCKbWHC23I&ratebypass=yes", "player_url": "/s/player/c6df6ed7/player_ias.vflset/en_US/base.js", "ext": "mp4", "height": 240, "format_note": "240p", "vcodec": "avc1.4d4015", "asr": null, "filesize": 5656983, "fps": 30, "tbr": 272.547, "width": 426, "acodec": "none", "downloader_options": {"http_chunk_size": 10485760}, "format": "133 - 426x240 (240p)", "protocol": "https", "http_headers": {"User-Agent": "Mozilla/5.0 (Windows NT 10.0; Win64; x64) AppleWebKit/537.36 (KHTML, like Gecko) Chrome/72.0.3626.85 Safari/537.36", "Accept-Charset": "ISO-8859-1,utf-8;q=0.7,*;q=0.7", "Accept": "text/html,application/xhtml+xml,application/xml;q=0.9,*/*;q=0.8", "Accept-Encoding": "gzip, deflate", "Accept-Language": "en-us,en;q=0.5"}}, {"format_id": "243", "url": "https://r4---sn-5njj-u2xe.googlevideo.com/videoplayback?expire=1611763823&ei=DzwRYLfwCM2qgAPylYiwBw&ip=140.109.135.76&id=o-ADvb7BHcC3NXNoof07KYpJTkOQK4qaGBpDMjKKOLamk_&itag=243&aitags=133%2C134%2C135%2C136%2C137%2C160%2C242%2C243%2C244%2C247%2C248%2C271%2C278%2C313&source=youtube&requiressl=yes&mh=wW&mm=31%2C29&mn=sn-5njj-u2xe%2Csn-un57sn76&ms=au%2Crdu&mv=m&mvi=4&pl=16&initcwndbps=478750&vprv=1&mime=video%2Fwebm&ns=yhieAOrA2J4UOIaAYtFKdlIF&gir=yes&clen=6777654&dur=190.023&lmt=1591956942335000&mt=1611741877&fvip=4&keepalive=yes&c=WEB&txp=6316222&n=q8H78JFJfWGEnBRFqCb4&sparams=expire%2Cei%2Cip%2Cid%2Caitags%2Csource%2Crequiressl%2Cvprv%2Cmime%2Cns%2Cgir%2Cclen%2Cdur%2Clmt&lsparams=mh%2Cmm%2Cmn%2Cms%2Cmv%2Cmvi%2Cpl%2Cinitcwndbps&lsig=AG3C_xAwRQIgaJtjmlnJ1GI8kkjbZxjsDa7mr4M9n795npbN-pOkwikCIQDJ228w_g7NiBHfw5RcZSJp6K_fTvDCVQP6WUsopKC_6w%3D%3D&sig=AOq0QJ8wRQIgH-6UMAiSRk8RCxsN946sEfRfe9ntv91Iwwi66b3L2csCIQCR7dHy2_faCQ-aRZkAT0YFmPW0rrMk_aLRIX2zSe_L_w==&ratebypass=yes", "player_url": "/s/player/c6df6ed7/player_ias.vflset/en_US/base.js", "ext": "webm", "height": 360, "format_note": "360p", "vcodec": "vp9", "asr": null, "filesize": 6777654, "fps": 30, "tbr": 319.339, "width": 640, "acodec": "none", "downloader_options": {"http_chunk_size": 10485760}, "format": "243 - 640x360 (360p)", "protocol": "https", "http_headers": {"User-Agent": "Mozilla/5.0 (Windows NT 10.0; Win64; x64) AppleWebKit/537.36 (KHTML, like Gecko) Chrome/72.0.3626.85 Safari/537.36", "Accept-Charset": "ISO-8859-1,utf-8;q=0.7,*;q=0.7", "Accept": "text/html,application/xhtml+xml,application/xml;q=0.9,*/*;q=0.8", "Accept-Encoding": "gzip, deflate", "Accept-Language": "en-us,en;q=0.5"}}, {"format_id": "244", "url": "https://r4---sn-5njj-u2xe.googlevideo.com/videoplayback?expire=1611763823&ei=DzwRYLfwCM2qgAPylYiwBw&ip=140.109.135.76&id=o-ADvb7BHcC3NXNoof07KYpJTkOQK4qaGBpDMjKKOLamk_&itag=244&aitags=133%2C134%2C135%2C136%2C137%2C160%2C242%2C243%2C244%2C247%2C248%2C271%2C278%2C313&source=youtube&requiressl=yes&mh=wW&mm=31%2C29&mn=sn-5njj-u2xe%2Csn-un57sn76&ms=au%2Crdu&mv=m&mvi=4&pl=16&initcwndbps=478750&vprv=1&mime=video%2Fwebm&ns=yhieAOrA2J4UOIaAYtFKdlIF&gir=yes&clen=11193588&dur=190.023&lmt=1591956942325541&mt=1611741877&fvip=4&keepalive=yes&c=WEB&txp=6316222&n=q8H78JFJfWGEnBRFqCb4&sparams=expire%2Cei%2Cip%2Cid%2Caitags%2Csource%2Crequiressl%2Cvprv%2Cmime%2Cns%2Cgir%2Cclen%2Cdur%2Clmt&lsparams=mh%2Cmm%2Cmn%2Cms%2Cmv%2Cmvi%2Cpl%2Cinitcwndbps&lsig=AG3C_xAwRQIhAPfgr3kNSDSqZOnmOfSbMTl0zdjASlf_CizT653ssENLAiAris1J8w7fbgiuunHTuh03RuMXXReLbSWE-vaDikSc0Q%3D%3D&sig=AOq0QJ8wRQIhAKI6lK_tx_KzODRrylv0-20zqrmE5ypkexg1sIR4ShpwAiAjINKnH8uiaJQLxun6mndGRjeqkgigCyCzQ9DOlkfxxg==&ratebypass=yes", "player_url": "/s/player/c6df6ed7/player_ias.vflset/en_US/base.js", "ext": "webm", "height": 480, "format_note": "480p", "vcodec": "vp9", "asr": null, "filesize": 11193588, "fps": 30, "tbr": 552.484, "width": 854, "acodec": "none", "downloader_options": {"http_chunk_size": 10485760}, "format": "244 - 854x480 (480p)", "protocol": "https", "http_headers": {"User-Agent": "Mozilla/5.0 (Windows NT 10.0; Win64; x64) AppleWebKit/537.36 (KHTML, like Gecko) Chrome/72.0.3626.85 Safari/537.36", "Accept-Charset": "ISO-8859-1,utf-8;q=0.7,*;q=0.7", "Accept": "text/html,application/xhtml+xml,application/xml;q=0.9,*/*;q=0.8", "Accept-Encoding": "gzip, deflate", "Accept-Language": "en-us,en;q=0.5"}}, {"format_id": "134", "url": "https://r4---sn-5njj-u2xe.googlevideo.com/videoplayback?expire=1611763823&ei=DzwRYLfwCM2qgAPylYiwBw&ip=140.109.135.76&id=o-ADvb7BHcC3NXNoof07KYpJTkOQK4qaGBpDMjKKOLamk_&itag=134&aitags=133%2C134%2C135%2C136%2C137%2C160%2C242%2C243%2C244%2C247%2C248%2C271%2C278%2C313&source=youtube&requiressl=yes&mh=wW&mm=31%2C29&mn=sn-5njj-u2xe%2Csn-un57sn76&ms=au%2Crdu&mv=m&mvi=4&pl=16&initcwndbps=478750&vprv=1&mime=video%2Fmp4&ns=yhieAOrA2J4UOIaAYtFKdlIF&gir=yes&clen=9923407&dur=190.023&lmt=1591957036872173&mt=1611741877&fvip=4&keepalive=yes&c=WEB&txp=6316222&n=q8H78JFJfWGEnBRFqCb4&sparams=expire%2Cei%2Cip%2Cid%2Caitags%2Csource%2Crequiressl%2Cvprv%2Cmime%2Cns%2Cgir%2Cclen%2Cdur%2Clmt&lsparams=mh%2Cmm%2Cmn%2Cms%2Cmv%2Cmvi%2Cpl%2Cinitcwndbps&lsig=AG3C_xAwRgIhAMtQ_bL9c77eR-orcvS-RCR6ak5RvzOeTeh7bib1Zf9FAiEAk05oJmsERvOKbGuUbz4Pup88yrrp7yEBtoZtm1vighE%3D&sig=AOq0QJ8wRAIgBprtluI_fNHWj3Bg-ku68mNdfVQseL2J8TXW_j7NF38CIBRgkRtTKGI7WkBXehfy0rKZiUYGvXA9Y7HBlg_2Drnd&ratebypass=yes", "player_url": "/s/player/c6df6ed7/player_ias.vflset/en_US/base.js", "ext": "mp4", "height": 360, "format_note": "360p", "vcodec": "avc1.4d401e", "asr": null, "filesize": 9923407, "fps": 30, "tbr": 557.04, "width": 640, "acodec": "none", "downloader_options": {"http_chunk_size": 10485760}, "format": "134 - 640x360 (360p)", "protocol": "https", "http_headers": {"User-Agent": "Mozilla/5.0 (Windows NT 10.0; Win64; x64) AppleWebKit/537.36 (KHTML, like Gecko) Chrome/72.0.3626.85 Safari/537.36", "Accept-Charset": "ISO-8859-1,utf-8;q=0.7,*;q=0.7", "Accept": "text/html,application/xhtml+xml,application/xml;q=0.9,*/*;q=0.8", "Accept-Encoding": "gzip, deflate", "Accept-Language": "en-us,en;q=0.5"}}, {"format_id": "135", "url": "https://r4---sn-5njj-u2xe.googlevideo.com/videoplayback?expire=1611763823&ei=DzwRYLfwCM2qgAPylYiwBw&ip=140.109.135.76&id=o-ADvb7BHcC3NXNoof07KYpJTkOQK4qaGBpDMjKKOLamk_&itag=135&aitags=133%2C134%2C135%2C136%2C137%2C160%2C242%2C243%2C244%2C247%2C248%2C271%2C278%2C313&source=youtube&requiressl=yes&mh=wW&mm=31%2C29&mn=sn-5njj-u2xe%2Csn-un57sn76&ms=au%2Crdu&mv=m&mvi=4&pl=16&initcwndbps=478750&vprv=1&mime=video%2Fmp4&ns=yhieAOrA2J4UOIaAYtFKdlIF&gir=yes&clen=17106292&dur=190.023&lmt=1591957036857953&mt=1611741877&fvip=4&keepalive=yes&c=WEB&txp=6316222&n=q8H78JFJfWGEnBRFqCb4&sparams=expire%2Cei%2Cip%2Cid%2Caitags%2Csource%2Crequiressl%2Cvprv%2Cmime%2Cns%2Cgir%2Cclen%2Cdur%2Clmt&lsparams=mh%2Cmm%2Cmn%2Cms%2Cmv%2Cmvi%2Cpl%2Cinitcwndbps&lsig=AG3C_xAwRQIhAKCbzC3HL_WBNBpVAW7ZAPvbbomFkcJf5Fn87UO8zi7yAiAjBCodhIr7tajczzvUnMy4pChbnehOm0KhH_3Fcju3dQ%3D%3D&sig=AOq0QJ8wRQIgXTs_xYB6gzbeMY86z2u9u8vLWdNVjdpKDkW7VxnKVfwCIQCvvMloMpqBlc3Ao_yWd6CXwfWY5f_lPrPcH0iaO-LsDA==&ratebypass=yes", "player_url": "/s/player/c6df6ed7/player_ias.vflset/en_US/base.js", "ext": "mp4", "height": 480, "format_note": "480p", "vcodec": "avc1.4d401f", "asr": null, "filesize": 17106292, "fps": 30, "tbr": 1011.042, "width": 854, "acodec": "none", "downloader_options": {"http_chunk_size": 10485760}, "format": "135 - 854x480 (480p)", "protocol": "https", "http_headers": {"User-Agent": "Mozilla/5.0 (Windows NT 10.0; Win64; x64) AppleWebKit/537.36 (KHTML, like Gecko) Chrome/72.0.3626.85 Safari/537.36", "Accept-Charset": "ISO-8859-1,utf-8;q=0.7,*;q=0.7", "Accept": "text/html,application/xhtml+xml,application/xml;q=0.9,*/*;q=0.8", "Accept-Encoding": "gzip, deflate", "Accept-Language": "en-us,en;q=0.5"}}, {"format_id": "247", "url": "https://r4---sn-5njj-u2xe.googlevideo.com/videoplayback?expire=1611763823&ei=DzwRYLfwCM2qgAPylYiwBw&ip=140.109.135.76&id=o-ADvb7BHcC3NXNoof07KYpJTkOQK4qaGBpDMjKKOLamk_&itag=247&aitags=133%2C134%2C135%2C136%2C137%2C160%2C242%2C243%2C244%2C247%2C248%2C271%2C278%2C313&source=youtube&requiressl=yes&mh=wW&mm=31%2C29&mn=sn-5njj-u2xe%2Csn-un57sn76&ms=au%2Crdu&mv=m&mvi=4&pl=16&initcwndbps=478750&vprv=1&mime=video%2Fwebm&ns=yhieAOrA2J4UOIaAYtFKdlIF&gir=yes&clen=20446282&dur=190.023&lmt=1591956942325220&mt=1611741877&fvip=4&keepalive=yes&c=WEB&txp=6316222&n=q8H78JFJfWGEnBRFqCb4&sparams=expire%2Cei%2Cip%2Cid%2Caitags%2Csource%2Crequiressl%2Cvprv%2Cmime%2Cns%2Cgir%2Cclen%2Cdur%2Clmt&lsparams=mh%2Cmm%2Cmn%2Cms%2Cmv%2Cmvi%2Cpl%2Cinitcwndbps&lsig=AG3C_xAwRQIgYB32oa41ZxqqX2f-55VnGCp3NamORJqi5JfuGzE6kvQCIQDsVUb19lR1ggob51dnfS_2L3G2Tqws6XKQKVQpJEZxoQ%3D%3D&sig=AOq0QJ8wRAIgOPJ0XeWdWBHgTVai1cFZnEVDN9tAv6LxHvq63I2ZnY4CIG0XaSRW4CApDPVJCoVNWNYX-Y2Cq76wCEWZB930uvhF&ratebypass=yes", "player_url": "/s/player/c6df6ed7/player_ias.vflset/en_US/base.js", "ext": "webm", "height": 720, "format_note": "720p", "vcodec": "vp9", "asr": null, "filesize": 20446282, "fps": 30, "tbr": 1036.016, "width": 1280, "acodec": "none", "downloader_options": {"http_chunk_size": 10485760}, "format": "247 - 1280x720 (720p)", "protocol": "https", "http_headers": {"User-Agent": "Mozilla/5.0 (Windows NT 10.0; Win64; x64) AppleWebKit/537.36 (KHTML, like Gecko) Chrome/72.0.3626.85 Safari/537.36", "Accept-Charset": "ISO-8859-1,utf-8;q=0.7,*;q=0.7", "Accept": "text/html,application/xhtml+xml,application/xml;q=0.9,*/*;q=0.8", "Accept-Encoding": "gzip, deflate", "Accept-Language": "en-us,en;q=0.5"}}, {"format_id": "248", "url": "https://r4---sn-5njj-u2xe.googlevideo.com/videoplayback?expire=1611763823&ei=DzwRYLfwCM2qgAPylYiwBw&ip=140.109.135.76&id=o-ADvb7BHcC3NXNoof07KYpJTkOQK4qaGBpDMjKKOLamk_&itag=248&aitags=133%2C134%2C135%2C136%2C137%2C160%2C242%2C243%2C244%2C247%2C248%2C271%2C278%2C313&source=youtube&requiressl=yes&mh=wW&mm=31%2C29&mn=sn-5njj-u2xe%2Csn-un57sn76&ms=au%2Crdu&mv=m&mvi=4&pl=16&initcwndbps=478750&vprv=1&mime=video%2Fwebm&ns=yhieAOrA2J4UOIaAYtFKdlIF&gir=yes&clen=35553861&dur=190.023&lmt=1591956942327750&mt=1611741877&fvip=4&keepalive=yes&c=WEB&txp=6316222&n=q8H78JFJfWGEnBRFqCb4&sparams=expire%2Cei%2Cip%2Cid%2Caitags%2Csource%2Crequiressl%2Cvprv%2Cmime%2Cns%2Cgir%2Cclen%2Cdur%2Clmt&lsparams=mh%2Cmm%2Cmn%2Cms%2Cmv%2Cmvi%2Cpl%2Cinitcwndbps&lsig=AG3C_xAwRAIgee-1L4upoSLOTp648qLTxoZYv6_EKM7xmwwhKLKIi9gCIBxh5iqDFTjK6M17SPyL3LUrgIpjkM86gfEkUbtU52In&sig=AOq0QJ8wRQIgCjQPxBWM_wPvYLhMYPnJjfJE1KVb8ks7LfD5QcLY0nsCIQCzMB_NjLlmZYqFRYE_H_2oB6VZK5LV65OmwjSXVRB0Rw==&ratebypass=yes", "player_url": "/s/player/c6df6ed7/player_ias.vflset/en_US/base.js", "ext": "webm", "height": 1080, "format_note": "1080p", "vcodec": "vp9", "asr": null, "filesize": 35553861, "fps": 30, "tbr": 1764.847, "width": 1920, "acodec": "none", "downloader_options": {"http_chunk_size": 10485760}, "format": "248 - 1920x1080 (1080p)", "protocol": "https", "http_headers": {"User-Agent": "Mozilla/5.0 (Windows NT 10.0; Win64; x64) AppleWebKit/537.36 (KHTML, like Gecko) Chrome/72.0.3626.85 Safari/537.36", "Accept-Charset": "ISO-8859-1,utf-8;q=0.7,*;q=0.7", "Accept": "text/html,application/xhtml+xml,application/xml;q=0.9,*/*;q=0.8", "Accept-Encoding": "gzip, deflate", "Accept-Language": "en-us,en;q=0.5"}}, {"format_id": "136", "url": "https://r4---sn-5njj-u2xe.googlevideo.com/videoplayback?expire=1611763823&ei=DzwRYLfwCM2qgAPylYiwBw&ip=140.109.135.76&id=o-ADvb7BHcC3NXNoof07KYpJTkOQK4qaGBpDMjKKOLamk_&itag=136&aitags=133%2C134%2C135%2C136%2C137%2C160%2C242%2C243%2C244%2C247%2C248%2C271%2C278%2C313&source=youtube&requiressl=yes&mh=wW&mm=31%2C29&mn=sn-5njj-u2xe%2Csn-un57sn76&ms=au%2Crdu&mv=m&mvi=4&pl=16&initcwndbps=478750&vprv=1&mime=video%2Fmp4&ns=yhieAOrA2J4UOIaAYtFKdlIF&gir=yes&clen=34521692&dur=190.023&lmt=1591957036858775&mt=1611741877&fvip=4&keepalive=yes&c=WEB&txp=6316222&n=q8H78JFJfWGEnBRFqCb4&sparams=expire%2Cei%2Cip%2Cid%2Caitags%2Csource%2Crequiressl%2Cvprv%2Cmime%2Cns%2Cgir%2Cclen%2Cdur%2Clmt&lsparams=mh%2Cmm%2Cmn%2Cms%2Cmv%2Cmvi%2Cpl%2Cinitcwndbps&lsig=AG3C_xAwRQIgFLfgGBomyc8KFPT99RFOnzKjKku649rG7cnwI4GbKWACIQDeieuGn6O-cYmvyIwjP4vw0qU74D-XTsFyn0_W2jpTyQ%3D%3D&sig=AOq0QJ8wRgIhAJOG0qkjC6-NUDDP09nVbLr_PKDMTUwN1Io0k5_D2UYwAiEAquLs109p-ezectsiFBLY3WqaFlovLhGsOqalIDimQWs=&ratebypass=yes", "player_url": "/s/player/c6df6ed7/player_ias.vflset/en_US/base.js", "ext": "mp4", "height": 720, "format_note": "720p", "vcodec": "avc1.4d401f", "asr": null, "filesize": 34521692, "fps": 30, "tbr": 2039.047, "width": 1280, "acodec": "none", "downloader_options": {"http_chunk_size": 10485760}, "format": "136 - 1280x720 (720p)", "protocol": "https", "http_headers": {"User-Agent": "Mozilla/5.0 (Windows NT 10.0; Win64; x64) AppleWebKit/537.36 (KHTML, like Gecko) Chrome/72.0.3626.85 Safari/537.36", "Accept-Charset": "ISO-8859-1,utf-8;q=0.7,*;q=0.7", "Accept": "text/html,application/xhtml+xml,application/xml;q=0.9,*/*;q=0.8", "Accept-Encoding": "gzip, deflate", "Accept-Language": "en-us,en;q=0.5"}}, {"format_id": "137", "url": "https://r4---sn-5njj-u2xe.googlevideo.com/videoplayback?expire=1611763823&ei=DzwRYLfwCM2qgAPylYiwBw&ip=140.109.135.76&id=o-ADvb7BHcC3NXNoof07KYpJTkOQK4qaGBpDMjKKOLamk_&itag=137&aitags=133%2C134%2C135%2C136%2C137%2C160%2C242%2C243%2C244%2C247%2C248%2C271%2C278%2C313&source=youtube&requiressl=yes&mh=wW&mm=31%2C29&mn=sn-5njj-u2xe%2Csn-un57sn76&ms=au%2Crdu&mv=m&mvi=4&pl=16&initcwndbps=478750&vprv=1&mime=video%2Fmp4&ns=yhieAOrA2J4UOIaAYtFKdlIF&gir=yes&clen=63984546&dur=190.023&lmt=1591957036865522&mt=1611741877&fvip=4&keepalive=yes&c=WEB&txp=6316222&n=q8H78JFJfWGEnBRFqCb4&sparams=expire%2Cei%2Cip%2Cid%2Caitags%2Csource%2Crequiressl%2Cvprv%2Cmime%2Cns%2Cgir%2Cclen%2Cdur%2Clmt&lsparams=mh%2Cmm%2Cmn%2Cms%2Cmv%2Cmvi%2Cpl%2Cinitcwndbps&lsig=AG3C_xAwRAIgDXqH9VWk_poLH7cVvWQ8tM6mWgRGZ28fgjcpoF3xFmcCICwRoVlFp6i6SktD_RbZxEsdnYP9h8iDPsvwrvmK1Wwv&sig=AOq0QJ8wRQIhAM1lhmn6kdRUvmEzGhxTHMuXmFi1MRXxBKiFW9cQ63XcAiAlS2ovUjUHds0oF8vBz1WjU5VkG-wMQZC7dP67SIivEA==&ratebypass=yes", "player_url": "/s/player/c6df6ed7/player_ias.vflset/en_US/base.js", "ext": "mp4", "height": 1080, "format_note": "1080p", "vcodec": "avc1.640028", "asr": null, "filesize": 63984546, "fps": 30, "tbr": 3893.657, "width": 1920, "acodec": "none", "downloader_options": {"http_chunk_size": 10485760}, "format": "137 - 1920x1080 (1080p)", "protocol": "https", "http_headers": {"User-Agent": "Mozilla/5.0 (Windows NT 10.0; Win64; x64) AppleWebKit/537.36 (KHTML, like Gecko) Chrome/72.0.3626.85 Safari/537.36", "Accept-Charset": "ISO-8859-1,utf-8;q=0.7,*;q=0.7", "Accept": "text/html,application/xhtml+xml,application/xml;q=0.9,*/*;q=0.8", "Accept-Encoding": "gzip, deflate", "Accept-Language": "en-us,en;q=0.5"}}, {"format_id": "271", "url": "https://r4---sn-5njj-u2xe.googlevideo.com/videoplayback?expire=1611763823&ei=DzwRYLfwCM2qgAPylYiwBw&ip=140.109.135.76&id=o-ADvb7BHcC3NXNoof07KYpJTkOQK4qaGBpDMjKKOLamk_&itag=271&aitags=133%2C134%2C135%2C136%2C137%2C160%2C242%2C243%2C244%2C247%2C248%2C271%2C278%2C313&source=youtube&requiressl=yes&mh=wW&mm=31%2C29&mn=sn-5njj-u2xe%2Csn-un57sn76&ms=au%2Crdu&mv=m&mvi=4&pl=16&initcwndbps=478750&vprv=1&mime=video%2Fwebm&ns=yhieAOrA2J4UOIaAYtFKdlIF&gir=yes&clen=99416431&dur=190.023&lmt=1591956942326225&mt=1611741877&fvip=4&keepalive=yes&c=WEB&txp=6316222&n=q8H78JFJfWGEnBRFqCb4&sparams=expire%2Cei%2Cip%2Cid%2Caitags%2Csource%2Crequiressl%2Cvprv%2Cmime%2Cns%2Cgir%2Cclen%2Cdur%2Clmt&lsparams=mh%2Cmm%2Cmn%2Cms%2Cmv%2Cmvi%2Cpl%2Cinitcwndbps&lsig=AG3C_xAwRAIgS9BxRwuBnBpK96SsnGCtL_EQH4xlXg8Ufy8QtNG9SfwCIHcaV2z_mM1C1fknL2NxZmRppDT2EyYjm6veYw6__yr1&sig=AOq0QJ8wRAIgFRUIMUou-29TAz-eDKINFhdeh479ioFCJPwkVDAxzOoCIEnOT3nxFrloTNZt4boaUZIx6a1T4PEj8ULbFI5wuBWo&ratebypass=yes", "player_url": "/s/player/c6df6ed7/player_ias.vflset/en_US/base.js", "ext": "webm", "height": 1440, "format_note": "1440p", "vcodec": "vp9", "asr": null, "filesize": 99416431, "fps": 30, "tbr": 4597.827, "width": 2560, "acodec": "none", "downloader_options": {"http_chunk_size": 10485760}, "format": "271 - 2560x1440 (1440p)", "protocol": "https", "http_headers": {"User-Agent": "Mozilla/5.0 (Windows NT 10.0; Win64; x64) AppleWebKit/537.36 (KHTML, like Gecko) Chrome/72.0.3626.85 Safari/537.36", "Accept-Charset": "ISO-8859-1,utf-8;q=0.7,*;q=0.7", "Accept": "text/html,application/xhtml+xml,application/xml;q=0.9,*/*;q=0.8", "Accept-Encoding": "gzip, deflate", "Accept-Language": "en-us,en;q=0.5"}}, {"format_id": "313", "url": "https://r4---sn-5njj-u2xe.googlevideo.com/videoplayback?expire=1611763823&ei=DzwRYLfwCM2qgAPylYiwBw&ip=140.109.135.76&id=o-ADvb7BHcC3NXNoof07KYpJTkOQK4qaGBpDMjKKOLamk_&itag=313&aitags=133%2C134%2C135%2C136%2C137%2C160%2C242%2C243%2C244%2C247%2C248%2C271%2C278%2C313&source=youtube&requiressl=yes&mh=wW&mm=31%2C29&mn=sn-5njj-u2xe%2Csn-un57sn76&ms=au%2Crdu&mv=m&mvi=4&pl=16&initcwndbps=478750&vprv=1&mime=video%2Fwebm&ns=yhieAOrA2J4UOIaAYtFKdlIF&gir=yes&clen=209368535&dur=190.023&lmt=1591956942326007&mt=1611741877&fvip=4&keepalive=yes&c=WEB&txp=6316222&n=q8H78JFJfWGEnBRFqCb4&sparams=expire%2Cei%2Cip%2Cid%2Caitags%2Csource%2Crequiressl%2Cvprv%2Cmime%2Cns%2Cgir%2Cclen%2Cdur%2Clmt&lsparams=mh%2Cmm%2Cmn%2Cms%2Cmv%2Cmvi%2Cpl%2Cinitcwndbps&lsig=AG3C_xAwRgIhAO-uNk9ydwjQWAJijreh9sTpdl9MvbgMIu5NwewSrkg8AiEAxIYP6nlu32TQiQjw3A7ZCmurO3r0gLrWAeI1ZqrnSn8%3D&sig=AOq0QJ8wRgIhANnv7KGHNAy_XukEi5v77GTIjYZRASOJsUOxprTZvlU9AiEAuSMHllp2EOURohbWwn5fSQNtBHQXXeAdZJn_UYNdDu4=&ratebypass=yes", "player_url": "/s/player/c6df6ed7/player_ias.vflset/en_US/base.js", "ext": "webm", "height": 2160, "format_note": "2160p", "vcodec": "vp9", "asr": null, "filesize": 209368535, "fps": 30, "tbr": 9545.796, "width": 3840, "acodec": "none", "downloader_options": {"http_chunk_size": 10485760}, "format": "313 - 3840x2160 (2160p)", "protocol": "https", "http_headers": {"User-Agent": "Mozilla/5.0 (Windows NT 10.0; Win64; x64) AppleWebKit/537.36 (KHTML, like Gecko) Chrome/72.0.3626.85 Safari/537.36", "Accept-Charset": "ISO-8859-1,utf-8;q=0.7,*;q=0.7", "Accept": "text/html,application/xhtml+xml,application/xml;q=0.9,*/*;q=0.8", "Accept-Encoding": "gzip, deflate", "Accept-Language": "en-us,en;q=0.5"}}, {"format_id": "18", "url": "https://r4---sn-5njj-u2xe.googlevideo.com/videoplayback?expire=1611763823&ei=DzwRYLfwCM2qgAPylYiwBw&ip=140.109.135.76&id=o-ADvb7BHcC3NXNoof07KYpJTkOQK4qaGBpDMjKKOLamk_&itag=18&source=youtube&requiressl=yes&mh=wW&mm=31%2C29&mn=sn-5njj-u2xe%2Csn-un57sn76&ms=au%2Crdu&mv=m&mvi=4&pl=16&initcwndbps=478750&vprv=1&mime=video%2Fmp4&ns=BUlRd_M6Cna8kfuiqfsH7moF&gir=yes&clen=14439342&ratebypass=yes&dur=190.078&lmt=1591956927892046&mt=1611741877&fvip=4&c=WEB&txp=6316222&n=ipLLP_kZl7D3YvBx37TN&sparams=expire%2Cei%2Cip%2Cid%2Citag%2Csource%2Crequiressl%2Cvprv%2Cmime%2Cns%2Cgir%2Cclen%2Cratebypass%2Cdur%2Clmt&lsparams=mh%2Cmm%2Cmn%2Cms%2Cmv%2Cmvi%2Cpl%2Cinitcwndbps&lsig=AG3C_xAwRAIgZCtC1Fs4Q3_5SoUWvq072i7etGhxScx9U5oS9KqYoxsCIA4xf0uNuhexd-GGB5FmmOEVvpZgNNfJcPWzue10JRQi&sig=AOq0QJ8wRQIgX-bfdVDi_jOZjbBmdni-EeHs975dclq0aWLp8gZysHcCIQCyHKp8ytNSZBQB16dKMtugHVIUENm_nCp4JzYrbfDyXQ==", "player_url": "/s/player/c6df6ed7/player_ias.vflset/en_US/base.js", "ext": "mp4", "width": 640, "height": 360, "acodec": "mp4a.40.2", "abr": 96, "vcodec": "avc1.42001E", "asr": 44100, "filesize": 14439342, "format_note": "360p", "fps": 30, "tbr": 607.898, "format": "18 - 640x360 (360p)", "protocol": "https", "http_headers": {"User-Agent": "Mozilla/5.0 (Windows NT 10.0; Win64; x64) AppleWebKit/537.36 (KHTML, like Gecko) Chrome/72.0.3626.85 Safari/537.36", "Accept-Charset": "ISO-8859-1,utf-8;q=0.7,*;q=0.7", "Accept": "text/html,application/xhtml+xml,application/xml;q=0.9,*/*;q=0.8", "Accept-Encoding": "gzip, deflate", "Accept-Language": "en-us,en;q=0.5"}}], "is_live": null, "start_time": null, "end_time": null, "series": null, "season_number": null, "episode_number": null, "track": null, "artist": null, "album": null, "release_date": null, "release_year": null, "extractor": "youtube", "webpage_url_basename": "watch", "extractor_key": "Youtube", "playlist": null, "playlist_index": null, "thumbnail": "https://i.ytimg.com/vi_webp/oxuWTF-6fes/maxresdefault.webp", "display_id": "oxuWTF-6fes", "requested_subtitles": null, "format_id": "251", "url": "https://r4---sn-5njj-u2xe.googlevideo.com/videoplayback?expire=1611763823&ei=DzwRYLfwCM2qgAPylYiwBw&ip=140.109.135.76&id=o-ADvb7BHcC3NXNoof07KYpJTkOQK4qaGBpDMjKKOLamk_&itag=251&source=youtube&requiressl=yes&mh=wW&mm=31%2C29&mn=sn-5njj-u2xe%2Csn-un57sn76&ms=au%2Crdu&mv=m&mvi=4&pl=16&initcwndbps=478750&vprv=1&mime=audio%2Fwebm&ns=yhieAOrA2J4UOIaAYtFKdlIF&gir=yes&clen=3431260&dur=190.061&lmt=1591956890013168&mt=1611741877&fvip=4&keepalive=yes&c=WEB&txp=6311222&n=q8H78JFJfWGEnBRFqCb4&sparams=expire%2Cei%2Cip%2Cid%2Citag%2Csource%2Crequiressl%2Cvprv%2Cmime%2Cns%2Cgir%2Cclen%2Cdur%2Clmt&lsparams=mh%2Cmm%2Cmn%2Cms%2Cmv%2Cmvi%2Cpl%2Cinitcwndbps&lsig=AG3C_xAwRgIhALzEwUXISazjImoXtxv17_iMOLUpQqdHLQydxq6fi-msAiEAmh3NqEPcfHaWjeSbeC_f3RB6MnsN3Ufcq2JiHP4oRRY%3D&sig=AOq0QJ8wRQIhALnDlW7r5bFVcCZiNnre53HSq5hpgScAsPoa8bC8q8IeAiAM8vrQR6YVOfKUxwb-wTisGIT7pGsp4NEMQnxbqCLD3Q==&ratebypass=yes", "player_url": "/s/player/c6df6ed7/player_ias.vflset/en_US/base.js", "ext": "webm", "format_note": "tiny", "acodec": "opus", "abr": 160, "asr": 48000, "filesize": 3431260, "fps": null, "height": null, "tbr": 152.716, "width": null, "vcodec": "none", "downloader_options": {"http_chunk_size": 10485760}, "format": "251 - audio only (tiny)", "protocol": "https", "http_headers": {"User-Agent": "Mozilla/5.0 (Windows NT 10.0; Win64; x64) AppleWebKit/537.36 (KHTML, like Gecko) Chrome/72.0.3626.85 Safari/537.36", "Accept-Charset": "ISO-8859-1,utf-8;q=0.7,*;q=0.7", "Accept": "text/html,application/xhtml+xml,application/xml;q=0.9,*/*;q=0.8", "Accept-Encoding": "gzip, deflate", "Accept-Language": "en-us,en;q=0.5"}}