{"id": "OYQwmoJ4IIQ", "uploader": "Pianoheart", "uploader_id": "ThePianoheart", "uploader_url": "http://www.youtube.com/user/ThePianoheart", "channel_id": "UCyeyPb7Tq6olpumJAsw0Xow", "channel_url": "http://www.youtube.com/channel/UCyeyPb7Tq6olpumJAsw0Xow", "upload_date": "20190521", "license": null, "creator": null, "title": "Anne-Marie(\uc564\ub9c8\ub9ac) - 2002 \ud53c\uc544\ub178 \uc5f0\uc8fc\uc640 \uc545\ubcf4 (piano cover and sheet)", "alt_title": null, "thumbnails": [{"url": "https://i.ytimg.com/vi/OYQwmoJ4IIQ/hqdefault.jpg?sqp=-oaymwEbCKgBEF5IVfKriqkDDggBFQAAiEIYAXABwAEG&rs=AOn4CLCSye9GNLLm2kLJ8hYHl4HDxH7TVw", "width": 168, "height": 94, "resolution": "168x94", "id": "0"}, {"url": "https://i.ytimg.com/vi/OYQwmoJ4IIQ/hqdefault.jpg?sqp=-oaymwEbCMQBEG5IVfKriqkDDggBFQAAiEIYAXABwAEG&rs=AOn4CLDhvc5v--Si0u2QFPFI8dIP3Xi4Fg", "width": 196, "height": 110, "resolution": "196x110", "id": "1"}, {"url": "https://i.ytimg.com/vi/OYQwmoJ4IIQ/hqdefault.jpg?sqp=-oaymwEcCPYBEIoBSFXyq4qpAw4IARUAAIhCGAFwAcABBg==&rs=AOn4CLAQbqVLWuEKRL5dJzauWmuY06-mRg", "width": 246, "height": 138, "resolution": "246x138", "id": "2"}, {"url": "https://i.ytimg.com/vi/OYQwmoJ4IIQ/hqdefault.jpg?sqp=-oaymwEcCNACELwBSFXyq4qpAw4IARUAAIhCGAFwAcABBg==&rs=AOn4CLCk_h5-Jb0TScydYeSoh7YfMzn8Dg", "width": 336, "height": 188, "resolution": "336x188", "id": "3"}], "description": "*. \ud53c\uc544\ub178 \uc5f0\uc8fc \uc804\ubb38 \ucc44\ub110 '\ud53c\uc544\ub178\ud558\ud2b8'\uc5d0\uc11c \n   2019\ub144 5\uc6d4 21\uc77c\uc5d0 \uc5f0\uc8fc\ud55c \uace1\uc740 \uc564\ub9c8\ub9ac\uc758 '2002'\uc785\ub2c8\ub2e4.\n*. \uc545\ubcf4\ub97c \uc6d0\ud558\uc2dc\ub294 \ubd84\uc740 \ud53c\uc544\ub178 \uc545\ubcf4 \uc804\ubb38 \uc0ac\uc774\ud2b8 '\ud53c\uc544\ub178\ud558\ud2b8' http://www.pianoheart.co.kr \ub85c \uc624\uc138\uc694.\n\n*. Song Title : Anne-Marie - 2002\n*. Download the sheet music@ http://www.pianoheart.co.kr\n*. If you don't know Korean Language, please read English Guide.\n  at  http://www.pianoheart.co.kr/E_Guide.pdf\n\n*.\ud53c\uc544\ub178\ud558\ud2b8 \uc720\ud29c\ube0c\ucc44\ub110\uc744 \uad6c\ub3c5\ud558\uc2dc\uac70\ub098,\n  \ud398\uc774\uc2a4\ubd81 https://www.facebook.com/pianoheart0902 \uc5d0\uc11c\n '\uc88b\uc544\uc694'\ub97c \ub204\ub974\uc2dc\uba74, \n  \ud53c\uc544\ub178\ud558\ud2b8\uc758 \uc545\ubcf4 \uc5c5\ub370\uc774\ud2b8 \uc18c\uc2dd\uc744 \n  \uac00\uc7a5 \uba3c\uc800 \uc811\ud558\uc2e4 \uc218 \uc788\uc2b5\ub2c8\ub2e4.^^\n\n*. \uc774 \uc5f0\uc8fc\ub97c BGM \uc774\ub098 \ubc18\uc8fc\ub85c \uc4f0\uace0 \uc2f6\uc73c\uc2e0 \ubd84\ub4e4\uc740 \uc4f0\uc154\ub3c4 \ub429\ub2c8\ub2e4. \n\uc81c\uac00 \ub313\uae00\uc744 \ub2a6\uac8c \ubd10\uc11c \ub2f5\ubcc0\uc774 \ub354\ub354\uc6b1 \ub2a6\uc5b4\uc9c0\uac70\ub098, \ub2f5\ubcc0\uc744 \ubabb\ub4dc\ub9ac\ub294 \uacbd\uc6b0\ub3c4 \uc788\uc73c\ub2c8, \n\ub313\uae00\ub85c \uc0ac\uc6a9 \ubb38\uc758\ub97c \ud558\uc154\uc11c \uc624\ub798\uae30\ub2e4\ub9ac\uc9c0\ub9c8\uc2dc\uace0 , \ub2e4 \ub9cc\ub4e4\uc5b4\uc9c4 \uc601\uc0c1\uc744 \uc81c\uac8c\ub3c4 \uc54c\ub824\uc8fc\uc2dc\uba74 \uac10\uc0ac\ud558\uaca0\uc2b5\ub2c8\ub2e4. \n\ub2e8, \ucd9c\ucc98 \ud45c\uae30\ub294 \uaf2d \ud574\uc8fc\uc2dc\uae30 \ubc14\ub78d\ub2c8\ub2e4. \uc81c\uac00 \uad8c\uc7a5\ud558\ub294 \ud45c\uae30\ub294 ' www.pianoheart.co.kr ' \ub610\ub294 '\ud53c\uc544\ub178\ud558\ud2b8'\uc785\ub2c8\ub2e4. \n\n*. \uc2e0\uccad\uace1\uc740 \ud53c\uc544\ub178\ud558\ud2b8 \uc2e0\uccad\uace1 \uac8c\uc2dc\ud310\uc744 \uc774\uc6a9\ud574\uc8fc\uc138\uc694. \n   www.pianoheart.co.kr\n\n#\ud53c\uc544\ub178\ud558\ud2b8, #\uc6d0\uace1\ub290\ub08c\ud53c\uc544\ub178\ucee4\ubc84", "categories": ["Music"], "tags": ["Anne Marie 2002 piano sheet", "Anne Marie 2002 piano sheet pdf", "Anne Marie 2002 piano cover", "\uc564\ub9c8\ub9ac 2002 \uc545\ubcf4", "\uc564\ub9c8\ub9ac 2002 \ud53c\uc544\ub178 \uc545\ubcf4", "\uc564\ub9c8\ub9ac 2002 \ud53c\uc544\ub178 mr", "\uc564\ub9c8\ub9ac 2002 \ud53c\uc544\ub178 \uc5f0\uc8fc", "\ub290\ub08c\ud45c", "\ud53c\uc544\ub178\ud558\ud2b8", "pianoheart"], "subtitles": {}, "automatic_captions": {}, "duration": 200, "age_limit": 0, "annotations": null, "chapters": null, "webpage_url": "https://www.youtube.com/watch?v=OYQwmoJ4IIQ", "view_count": 25378, "like_count": 440, "dislike_count": 8, "average_rating": 4.9285712, "formats": [{"format_id": "249", "url": "https://r4---sn-5njj-u2xl.googlevideo.com/videoplayback?expire=1611763416&ei=eDoRYNSDLYm4gQOWmKzYCQ&ip=140.109.135.76&id=o-AD_JJfRmbWLtAWJ2bod58fqu5W-MexQtfliewhFt4dMD&itag=249&source=youtube&requiressl=yes&mh=55&mm=31%2C29&mn=sn-5njj-u2xl%2Csn-un57en7e&ms=au%2Crdu&mv=m&mvi=4&pcm2cms=yes&pl=16&initcwndbps=730000&vprv=1&mime=audio%2Fwebm&ns=JKFDVOBHQIryjvzn6vTTSmkF&gir=yes&clen=1378171&dur=200.321&lmt=1558449619282242&mt=1611740913&fvip=4&keepalive=yes&c=WEB&txp=5431432&n=GISv-f0nVe2XxuGrUtpn&sparams=expire%2Cei%2Cip%2Cid%2Citag%2Csource%2Crequiressl%2Cvprv%2Cmime%2Cns%2Cgir%2Cclen%2Cdur%2Clmt&lsparams=mh%2Cmm%2Cmn%2Cms%2Cmv%2Cmvi%2Cpcm2cms%2Cpl%2Cinitcwndbps&lsig=AG3C_xAwRAIgLJc9BsR8oqcLjTlih0TmbdSOGvVFXbMULsdgc5pwbXoCIDZ0eYl7rJOg7nbP5Hki0VzskN_zd3iITq-T5QNCItab&sig=AOq0QJ8wRQIgId2vBEgQKrdgvIoEbj4vaqDtNh3oFJ6M7NjmJO1yN34CIQCaO3mpYf-Bb_1rLBo8myYDIzn59vrKCTLaU7VYhnoIYQ==&ratebypass=yes", "player_url": "/s/player/c6df6ed7/player_ias.vflset/en_US/base.js", "ext": "webm", "format_note": "tiny", "acodec": "opus", "abr": 50, "asr": 48000, "filesize": 1378171, "fps": null, "height": null, "tbr": 61.561, "width": null, "vcodec": "none", "downloader_options": {"http_chunk_size": 10485760}, "format": "249 - audio only (tiny)", "protocol": "https", "http_headers": {"User-Agent": "Mozilla/5.0 (Windows NT 10.0; Win64; x64) AppleWebKit/537.36 (KHTML, like Gecko) Chrome/72.0.3626.85 Safari/537.36", "Accept-Charset": "ISO-8859-1,utf-8;q=0.7,*;q=0.7", "Accept": "text/html,application/xhtml+xml,application/xml;q=0.9,*/*;q=0.8", "Accept-Encoding": "gzip, deflate", "Accept-Language": "en-us,en;q=0.5"}}, {"format_id": "250", "url": "https://r4---sn-5njj-u2xl.googlevideo.com/videoplayback?expire=1611763416&ei=eDoRYNSDLYm4gQOWmKzYCQ&ip=140.109.135.76&id=o-AD_JJfRmbWLtAWJ2bod58fqu5W-MexQtfliewhFt4dMD&itag=250&source=youtube&requiressl=yes&mh=55&mm=31%2C29&mn=sn-5njj-u2xl%2Csn-un57en7e&ms=au%2Crdu&mv=m&mvi=4&pcm2cms=yes&pl=16&initcwndbps=730000&vprv=1&mime=audio%2Fwebm&ns=JKFDVOBHQIryjvzn6vTTSmkF&gir=yes&clen=1860504&dur=200.321&lmt=1558449622004712&mt=1611740913&fvip=4&keepalive=yes&c=WEB&txp=5431432&n=GISv-f0nVe2XxuGrUtpn&sparams=expire%2Cei%2Cip%2Cid%2Citag%2Csource%2Crequiressl%2Cvprv%2Cmime%2Cns%2Cgir%2Cclen%2Cdur%2Clmt&lsparams=mh%2Cmm%2Cmn%2Cms%2Cmv%2Cmvi%2Cpcm2cms%2Cpl%2Cinitcwndbps&lsig=AG3C_xAwRgIhAKuMgckFLO-4oD7b-1ogCD8BcQqd0zqxL3_y9UzBB-2aAiEA1QYwzLiuLyfdyUbn0mbGxHK-5juC6LZNewoupq10Zxg%3D&sig=AOq0QJ8wRgIhAJ2FIgPV2Qbfxg_ks7iyBaglcUUbOSY7fboyaKq_BVylAiEAzOs87ybBO0ThDVkij5XerVZJIO0LeiK-99dEnqiYedo=&ratebypass=yes", "player_url": "/s/player/c6df6ed7/player_ias.vflset/en_US/base.js", "ext": "webm", "format_note": "tiny", "acodec": "opus", "abr": 70, "asr": 48000, "filesize": 1860504, "fps": null, "height": null, "tbr": 82.852, "width": null, "vcodec": "none", "downloader_options": {"http_chunk_size": 10485760}, "format": "250 - audio only (tiny)", "protocol": "https", "http_headers": {"User-Agent": "Mozilla/5.0 (Windows NT 10.0; Win64; x64) AppleWebKit/537.36 (KHTML, like Gecko) Chrome/72.0.3626.85 Safari/537.36", "Accept-Charset": "ISO-8859-1,utf-8;q=0.7,*;q=0.7", "Accept": "text/html,application/xhtml+xml,application/xml;q=0.9,*/*;q=0.8", "Accept-Encoding": "gzip, deflate", "Accept-Language": "en-us,en;q=0.5"}}, {"format_id": "140", "url": "https://r4---sn-5njj-u2xl.googlevideo.com/videoplayback?expire=1611763416&ei=eDoRYNSDLYm4gQOWmKzYCQ&ip=140.109.135.76&id=o-AD_JJfRmbWLtAWJ2bod58fqu5W-MexQtfliewhFt4dMD&itag=140&source=youtube&requiressl=yes&mh=55&mm=31%2C29&mn=sn-5njj-u2xl%2Csn-un57en7e&ms=au%2Crdu&mv=m&mvi=4&pcm2cms=yes&pl=16&initcwndbps=730000&vprv=1&mime=audio%2Fmp4&ns=JKFDVOBHQIryjvzn6vTTSmkF&gir=yes&clen=3243479&dur=200.364&lmt=1558449618387985&mt=1611740913&fvip=4&keepalive=yes&c=WEB&txp=5431432&n=GISv-f0nVe2XxuGrUtpn&sparams=expire%2Cei%2Cip%2Cid%2Citag%2Csource%2Crequiressl%2Cvprv%2Cmime%2Cns%2Cgir%2Cclen%2Cdur%2Clmt&lsparams=mh%2Cmm%2Cmn%2Cms%2Cmv%2Cmvi%2Cpcm2cms%2Cpl%2Cinitcwndbps&lsig=AG3C_xAwRgIhAKG9cNP9haBMIGc5ae0E3WWvXQiizEshwahZKF2h939MAiEA2Xa0dISr9ApucosqqLej31eVBi0ZmiylYrKMdgKNnxQ%3D&sig=AOq0QJ8wRQIgDmX34iwsCZ8pn4SQNB4zbkQrX6Csuq2p813TKvJMZ7MCIQCAGF_PA67XA1ngKald_-jRoSLepTVn7aftq5hxZFW3dQ==&ratebypass=yes", "player_url": "/s/player/c6df6ed7/player_ias.vflset/en_US/base.js", "ext": "m4a", "format_note": "tiny", "acodec": "mp4a.40.2", "abr": 128, "container": "m4a_dash", "asr": 44100, "filesize": 3243479, "fps": null, "height": null, "tbr": 130.686, "width": null, "vcodec": "none", "downloader_options": {"http_chunk_size": 10485760}, "format": "140 - audio only (tiny)", "protocol": "https", "http_headers": {"User-Agent": "Mozilla/5.0 (Windows NT 10.0; Win64; x64) AppleWebKit/537.36 (KHTML, like Gecko) Chrome/72.0.3626.85 Safari/537.36", "Accept-Charset": "ISO-8859-1,utf-8;q=0.7,*;q=0.7", "Accept": "text/html,application/xhtml+xml,application/xml;q=0.9,*/*;q=0.8", "Accept-Encoding": "gzip, deflate", "Accept-Language": "en-us,en;q=0.5"}}, {"format_id": "251", "url": "https://r4---sn-5njj-u2xl.googlevideo.com/videoplayback?expire=1611763416&ei=eDoRYNSDLYm4gQOWmKzYCQ&ip=140.109.135.76&id=o-AD_JJfRmbWLtAWJ2bod58fqu5W-MexQtfliewhFt4dMD&itag=251&source=youtube&requiressl=yes&mh=55&mm=31%2C29&mn=sn-5njj-u2xl%2Csn-un57en7e&ms=au%2Crdu&mv=m&mvi=4&pcm2cms=yes&pl=16&initcwndbps=730000&vprv=1&mime=audio%2Fwebm&ns=JKFDVOBHQIryjvzn6vTTSmkF&gir=yes&clen=3560383&dur=200.321&lmt=1558449620107972&mt=1611740913&fvip=4&keepalive=yes&c=WEB&txp=5431432&n=GISv-f0nVe2XxuGrUtpn&sparams=expire%2Cei%2Cip%2Cid%2Citag%2Csource%2Crequiressl%2Cvprv%2Cmime%2Cns%2Cgir%2Cclen%2Cdur%2Clmt&lsparams=mh%2Cmm%2Cmn%2Cms%2Cmv%2Cmvi%2Cpcm2cms%2Cpl%2Cinitcwndbps&lsig=AG3C_xAwRgIhAOmuRevNBFbgx6DxH0bmrwqN7LgtVkuUQIO5yM6qRviOAiEAjgM5ZhSMGA-34Uq5fcfDLth6KE1IOYnVQzYjZ1LBXCI%3D&sig=AOq0QJ8wRgIhAJ3YDnwMP-FwTWtF92dBDEJlDP5y1t9D87Bfg4B35MfsAiEA9ZWnj6XIQyBb2gqBhGxXKeFJqeB-aYEo8-CxQ5OlRdY=&ratebypass=yes", "player_url": "/s/player/c6df6ed7/player_ias.vflset/en_US/base.js", "ext": "webm", "format_note": "tiny", "acodec": "opus", "abr": 160, "asr": 48000, "filesize": 3560383, "fps": null, "height": null, "tbr": 157.689, "width": null, "vcodec": "none", "downloader_options": {"http_chunk_size": 10485760}, "format": "251 - audio only (tiny)", "protocol": "https", "http_headers": {"User-Agent": "Mozilla/5.0 (Windows NT 10.0; Win64; x64) AppleWebKit/537.36 (KHTML, like Gecko) Chrome/72.0.3626.85 Safari/537.36", "Accept-Charset": "ISO-8859-1,utf-8;q=0.7,*;q=0.7", "Accept": "text/html,application/xhtml+xml,application/xml;q=0.9,*/*;q=0.8", "Accept-Encoding": "gzip, deflate", "Accept-Language": "en-us,en;q=0.5"}}, {"format_id": "160", "url": "https://r4---sn-5njj-u2xl.googlevideo.com/videoplayback?expire=1611763416&ei=eDoRYNSDLYm4gQOWmKzYCQ&ip=140.109.135.76&id=o-AD_JJfRmbWLtAWJ2bod58fqu5W-MexQtfliewhFt4dMD&itag=160&aitags=133%2C134%2C135%2C136%2C137%2C160%2C242%2C243%2C244%2C247%2C248%2C271%2C278%2C313&source=youtube&requiressl=yes&mh=55&mm=31%2C29&mn=sn-5njj-u2xl%2Csn-un57en7e&ms=au%2Crdu&mv=m&mvi=4&pcm2cms=yes&pl=16&initcwndbps=730000&vprv=1&mime=video%2Fmp4&ns=JKFDVOBHQIryjvzn6vTTSmkF&gir=yes&clen=1328710&dur=200.300&lmt=1558449800755127&mt=1611740913&fvip=4&keepalive=yes&c=WEB&txp=5432432&n=GISv-f0nVe2XxuGrUtpn&sparams=expire%2Cei%2Cip%2Cid%2Caitags%2Csource%2Crequiressl%2Cvprv%2Cmime%2Cns%2Cgir%2Cclen%2Cdur%2Clmt&lsparams=mh%2Cmm%2Cmn%2Cms%2Cmv%2Cmvi%2Cpcm2cms%2Cpl%2Cinitcwndbps&lsig=AG3C_xAwRgIhAPvFfnLiPpf5syie2s9T2JLFMHPxyn2mAPNU3iNBlcHPAiEAzpo2s_wOZ-bHulPsHv1-wGCl9ne2A8rJJ3nBwdFRGJo%3D&sig=AOq0QJ8wRQIhALzJBjIupQHTusvjQcNcA6-HpwgReB_IVuGi-IdzMGhRAiAapT9vt8_LPYxLGtsd7QcAZZl9vu76GXaKp3BtwDEPXw==&ratebypass=yes", "player_url": "/s/player/c6df6ed7/player_ias.vflset/en_US/base.js", "ext": "mp4", "height": 144, "format_note": "144p", "vcodec": "avc1.4d400c", "asr": null, "filesize": 1328710, "fps": 30, "tbr": 63.528, "width": 256, "acodec": "none", "downloader_options": {"http_chunk_size": 10485760}, "format": "160 - 256x144 (144p)", "protocol": "https", "http_headers": {"User-Agent": "Mozilla/5.0 (Windows NT 10.0; Win64; x64) AppleWebKit/537.36 (KHTML, like Gecko) Chrome/72.0.3626.85 Safari/537.36", "Accept-Charset": "ISO-8859-1,utf-8;q=0.7,*;q=0.7", "Accept": "text/html,application/xhtml+xml,application/xml;q=0.9,*/*;q=0.8", "Accept-Encoding": "gzip, deflate", "Accept-Language": "en-us,en;q=0.5"}}, {"format_id": "278", "url": "https://r4---sn-5njj-u2xl.googlevideo.com/videoplayback?expire=1611763416&ei=eDoRYNSDLYm4gQOWmKzYCQ&ip=140.109.135.76&id=o-AD_JJfRmbWLtAWJ2bod58fqu5W-MexQtfliewhFt4dMD&itag=278&aitags=133%2C134%2C135%2C136%2C137%2C160%2C242%2C243%2C244%2C247%2C248%2C271%2C278%2C313&source=youtube&requiressl=yes&mh=55&mm=31%2C29&mn=sn-5njj-u2xl%2Csn-un57en7e&ms=au%2Crdu&mv=m&mvi=4&pcm2cms=yes&pl=16&initcwndbps=730000&vprv=1&mime=video%2Fwebm&ns=JKFDVOBHQIryjvzn6vTTSmkF&gir=yes&clen=2030219&dur=200.300&lmt=1558450096147216&mt=1611740913&fvip=4&keepalive=yes&c=WEB&txp=5431432&n=GISv-f0nVe2XxuGrUtpn&sparams=expire%2Cei%2Cip%2Cid%2Caitags%2Csource%2Crequiressl%2Cvprv%2Cmime%2Cns%2Cgir%2Cclen%2Cdur%2Clmt&lsparams=mh%2Cmm%2Cmn%2Cms%2Cmv%2Cmvi%2Cpcm2cms%2Cpl%2Cinitcwndbps&lsig=AG3C_xAwRgIhAOTnJtWWhrUDbh7xGEGIxGzV4xT1WVOBXt55kq5nSP6jAiEAqAC0zcHpx_pSEqrLs6HfEW6kBh0hBQPu-V6kV4AEp-8%3D&sig=AOq0QJ8wRQIgKzRr0cBrMaGPgORXdaF_OtfssjIOdaxi4gntGTxPf04CIQCSdmePiP5TlEAXhyNp9ujCdMGgZxK5IpmGqfQmdHjZxQ==&ratebypass=yes", "player_url": "/s/player/c6df6ed7/player_ias.vflset/en_US/base.js", "ext": "webm", "height": 144, "format_note": "144p", "container": "webm", "vcodec": "vp9", "asr": null, "filesize": 2030219, "fps": 30, "tbr": 93.622, "width": 256, "acodec": "none", "downloader_options": {"http_chunk_size": 10485760}, "format": "278 - 256x144 (144p)", "protocol": "https", "http_headers": {"User-Agent": "Mozilla/5.0 (Windows NT 10.0; Win64; x64) AppleWebKit/537.36 (KHTML, like Gecko) Chrome/72.0.3626.85 Safari/537.36", "Accept-Charset": "ISO-8859-1,utf-8;q=0.7,*;q=0.7", "Accept": "text/html,application/xhtml+xml,application/xml;q=0.9,*/*;q=0.8", "Accept-Encoding": "gzip, deflate", "Accept-Language": "en-us,en;q=0.5"}}, {"format_id": "133", "url": "https://r4---sn-5njj-u2xl.googlevideo.com/videoplayback?expire=1611763416&ei=eDoRYNSDLYm4gQOWmKzYCQ&ip=140.109.135.76&id=o-AD_JJfRmbWLtAWJ2bod58fqu5W-MexQtfliewhFt4dMD&itag=133&aitags=133%2C134%2C135%2C136%2C137%2C160%2C242%2C243%2C244%2C247%2C248%2C271%2C278%2C313&source=youtube&requiressl=yes&mh=55&mm=31%2C29&mn=sn-5njj-u2xl%2Csn-un57en7e&ms=au%2Crdu&mv=m&mvi=4&pcm2cms=yes&pl=16&initcwndbps=730000&vprv=1&mime=video%2Fmp4&ns=JKFDVOBHQIryjvzn6vTTSmkF&gir=yes&clen=2268569&dur=200.300&lmt=1558449800754726&mt=1611740913&fvip=4&keepalive=yes&c=WEB&txp=5432432&n=GISv-f0nVe2XxuGrUtpn&sparams=expire%2Cei%2Cip%2Cid%2Caitags%2Csource%2Crequiressl%2Cvprv%2Cmime%2Cns%2Cgir%2Cclen%2Cdur%2Clmt&lsparams=mh%2Cmm%2Cmn%2Cms%2Cmv%2Cmvi%2Cpcm2cms%2Cpl%2Cinitcwndbps&lsig=AG3C_xAwRQIgKwroTMCvNdmzp7866qEMPO5Gcw80F9aAh7nj0buKZwcCIQC_XA8KYGFwBkP41Et68OI5E7xWv2Xjszi5R6BMeRpEIg%3D%3D&sig=AOq0QJ8wRQIgVXsJ6bjkHibhG3lp-iye0YwYi9BfSauCt89GZ1noXSsCIQCqn3GV43DykgBFbywbxoXtAUhvBG-XSwgMCuZa_kKc7A==&ratebypass=yes", "player_url": "/s/player/c6df6ed7/player_ias.vflset/en_US/base.js", "ext": "mp4", "height": 240, "format_note": "240p", "vcodec": "avc1.4d4015", "asr": null, "filesize": 2268569, "fps": 30, "tbr": 108.514, "width": 426, "acodec": "none", "downloader_options": {"http_chunk_size": 10485760}, "format": "133 - 426x240 (240p)", "protocol": "https", "http_headers": {"User-Agent": "Mozilla/5.0 (Windows NT 10.0; Win64; x64) AppleWebKit/537.36 (KHTML, like Gecko) Chrome/72.0.3626.85 Safari/537.36", "Accept-Charset": "ISO-8859-1,utf-8;q=0.7,*;q=0.7", "Accept": "text/html,application/xhtml+xml,application/xml;q=0.9,*/*;q=0.8", "Accept-Encoding": "gzip, deflate", "Accept-Language": "en-us,en;q=0.5"}}, {"format_id": "242", "url": "https://r4---sn-5njj-u2xl.googlevideo.com/videoplayback?expire=1611763416&ei=eDoRYNSDLYm4gQOWmKzYCQ&ip=140.109.135.76&id=o-AD_JJfRmbWLtAWJ2bod58fqu5W-MexQtfliewhFt4dMD&itag=242&aitags=133%2C134%2C135%2C136%2C137%2C160%2C242%2C243%2C244%2C247%2C248%2C271%2C278%2C313&source=youtube&requiressl=yes&mh=55&mm=31%2C29&mn=sn-5njj-u2xl%2Csn-un57en7e&ms=au%2Crdu&mv=m&mvi=4&pcm2cms=yes&pl=16&initcwndbps=730000&vprv=1&mime=video%2Fwebm&ns=JKFDVOBHQIryjvzn6vTTSmkF&gir=yes&clen=3913023&dur=200.300&lmt=1558450096141644&mt=1611740913&fvip=4&keepalive=yes&c=WEB&txp=5431432&n=GISv-f0nVe2XxuGrUtpn&sparams=expire%2Cei%2Cip%2Cid%2Caitags%2Csource%2Crequiressl%2Cvprv%2Cmime%2Cns%2Cgir%2Cclen%2Cdur%2Clmt&lsparams=mh%2Cmm%2Cmn%2Cms%2Cmv%2Cmvi%2Cpcm2cms%2Cpl%2Cinitcwndbps&lsig=AG3C_xAwRAIgbyjqZxn-brD2ZVBw_Jwsw-WwdU6djCz1nQrHWdL_3KcCIBdYV3dY5VdubtAWMcbAaeHFOmEaTFM0iFvSMIJXQXA7&sig=AOq0QJ8wRgIhALlZykDak10tVF9wcIzbi8Zj-5CUA6pXnMRXAxjU-qwOAiEA-qui8lmf9yMP0-nkARXD3soqOK0xKn8hoPWVwrENlMM=&ratebypass=yes", "player_url": "/s/player/c6df6ed7/player_ias.vflset/en_US/base.js", "ext": "webm", "height": 240, "format_note": "240p", "vcodec": "vp9", "asr": null, "filesize": 3913023, "fps": 30, "tbr": 185.092, "width": 426, "acodec": "none", "downloader_options": {"http_chunk_size": 10485760}, "format": "242 - 426x240 (240p)", "protocol": "https", "http_headers": {"User-Agent": "Mozilla/5.0 (Windows NT 10.0; Win64; x64) AppleWebKit/537.36 (KHTML, like Gecko) Chrome/72.0.3626.85 Safari/537.36", "Accept-Charset": "ISO-8859-1,utf-8;q=0.7,*;q=0.7", "Accept": "text/html,application/xhtml+xml,application/xml;q=0.9,*/*;q=0.8", "Accept-Encoding": "gzip, deflate", "Accept-Language": "en-us,en;q=0.5"}}, {"format_id": "134", "url": "https://r4---sn-5njj-u2xl.googlevideo.com/videoplayback?expire=1611763416&ei=eDoRYNSDLYm4gQOWmKzYCQ&ip=140.109.135.76&id=o-AD_JJfRmbWLtAWJ2bod58fqu5W-MexQtfliewhFt4dMD&itag=134&aitags=133%2C134%2C135%2C136%2C137%2C160%2C242%2C243%2C244%2C247%2C248%2C271%2C278%2C313&source=youtube&requiressl=yes&mh=55&mm=31%2C29&mn=sn-5njj-u2xl%2Csn-un57en7e&ms=au%2Crdu&mv=m&mvi=4&pcm2cms=yes&pl=16&initcwndbps=730000&vprv=1&mime=video%2Fmp4&ns=JKFDVOBHQIryjvzn6vTTSmkF&gir=yes&clen=5017555&dur=200.300&lmt=1558449800750257&mt=1611740913&fvip=4&keepalive=yes&c=WEB&txp=5432432&n=GISv-f0nVe2XxuGrUtpn&sparams=expire%2Cei%2Cip%2Cid%2Caitags%2Csource%2Crequiressl%2Cvprv%2Cmime%2Cns%2Cgir%2Cclen%2Cdur%2Clmt&lsparams=mh%2Cmm%2Cmn%2Cms%2Cmv%2Cmvi%2Cpcm2cms%2Cpl%2Cinitcwndbps&lsig=AG3C_xAwRAIgaExefrhvbTc_0VRmytcrGSZhn55I2regMLvhg64GdR0CIDK1ZOmG5QeZu5E4UxVApwZk0X0g-ZWBOPOHNMs5FenC&sig=AOq0QJ8wRAIgYJeCP-kvIv9nJt1dU71FUJWcNS-sCgX4zxJzite4CUUCIHOIz3EzoY17mm1E3aMzhrKCq3tfZtT3cDEFawYpD3f5&ratebypass=yes", "player_url": "/s/player/c6df6ed7/player_ias.vflset/en_US/base.js", "ext": "mp4", "height": 360, "format_note": "360p", "vcodec": "avc1.4d401e", "asr": null, "filesize": 5017555, "fps": 30, "tbr": 242.934, "width": 640, "acodec": "none", "downloader_options": {"http_chunk_size": 10485760}, "format": "134 - 640x360 (360p)", "protocol": "https", "http_headers": {"User-Agent": "Mozilla/5.0 (Windows NT 10.0; Win64; x64) AppleWebKit/537.36 (KHTML, like Gecko) Chrome/72.0.3626.85 Safari/537.36", "Accept-Charset": "ISO-8859-1,utf-8;q=0.7,*;q=0.7", "Accept": "text/html,application/xhtml+xml,application/xml;q=0.9,*/*;q=0.8", "Accept-Encoding": "gzip, deflate", "Accept-Language": "en-us,en;q=0.5"}}, {"format_id": "243", "url": "https://r4---sn-5njj-u2xl.googlevideo.com/videoplayback?expire=1611763416&ei=eDoRYNSDLYm4gQOWmKzYCQ&ip=140.109.135.76&id=o-AD_JJfRmbWLtAWJ2bod58fqu5W-MexQtfliewhFt4dMD&itag=243&aitags=133%2C134%2C135%2C136%2C137%2C160%2C242%2C243%2C244%2C247%2C248%2C271%2C278%2C313&source=youtube&requiressl=yes&mh=55&mm=31%2C29&mn=sn-5njj-u2xl%2Csn-un57en7e&ms=au%2Crdu&mv=m&mvi=4&pcm2cms=yes&pl=16&initcwndbps=730000&vprv=1&mime=video%2Fwebm&ns=JKFDVOBHQIryjvzn6vTTSmkF&gir=yes&clen=6820116&dur=200.300&lmt=1558450096232183&mt=1611740913&fvip=4&keepalive=yes&c=WEB&txp=5431432&n=GISv-f0nVe2XxuGrUtpn&sparams=expire%2Cei%2Cip%2Cid%2Caitags%2Csource%2Crequiressl%2Cvprv%2Cmime%2Cns%2Cgir%2Cclen%2Cdur%2Clmt&lsparams=mh%2Cmm%2Cmn%2Cms%2Cmv%2Cmvi%2Cpcm2cms%2Cpl%2Cinitcwndbps&lsig=AG3C_xAwRAIgfz62YCrjfdlGYvkhA-36VJl4tM9lA6hkjZJKdSKu6yYCICkgmZuWlK78dwoRUQ_YdBdktD3TkDDqqGT_-qiXek0u&sig=AOq0QJ8wRQIgYSYEAAXa_9fMtE-ViIw7rI-fU8MRpjm2fpvva85AzjkCIQD_pK_S2_e8e98EQ3RV9kpD7ydehzdqKwN1B3Nkt0sW9w==&ratebypass=yes", "player_url": "/s/player/c6df6ed7/player_ias.vflset/en_US/base.js", "ext": "webm", "height": 360, "format_note": "360p", "vcodec": "vp9", "asr": null, "filesize": 6820116, "fps": 30, "tbr": 331.753, "width": 640, "acodec": "none", "downloader_options": {"http_chunk_size": 10485760}, "format": "243 - 640x360 (360p)", "protocol": "https", "http_headers": {"User-Agent": "Mozilla/5.0 (Windows NT 10.0; Win64; x64) AppleWebKit/537.36 (KHTML, like Gecko) Chrome/72.0.3626.85 Safari/537.36", "Accept-Charset": "ISO-8859-1,utf-8;q=0.7,*;q=0.7", "Accept": "text/html,application/xhtml+xml,application/xml;q=0.9,*/*;q=0.8", "Accept-Encoding": "gzip, deflate", "Accept-Language": "en-us,en;q=0.5"}}, {"format_id": "135", "url": "https://r4---sn-5njj-u2xl.googlevideo.com/videoplayback?expire=1611763416&ei=eDoRYNSDLYm4gQOWmKzYCQ&ip=140.109.135.76&id=o-AD_JJfRmbWLtAWJ2bod58fqu5W-MexQtfliewhFt4dMD&itag=135&aitags=133%2C134%2C135%2C136%2C137%2C160%2C242%2C243%2C244%2C247%2C248%2C271%2C278%2C313&source=youtube&requiressl=yes&mh=55&mm=31%2C29&mn=sn-5njj-u2xl%2Csn-un57en7e&ms=au%2Crdu&mv=m&mvi=4&pcm2cms=yes&pl=16&initcwndbps=730000&vprv=1&mime=video%2Fmp4&ns=JKFDVOBHQIryjvzn6vTTSmkF&gir=yes&clen=9294355&dur=200.300&lmt=1558449800758026&mt=1611740913&fvip=4&keepalive=yes&c=WEB&txp=5432432&n=GISv-f0nVe2XxuGrUtpn&sparams=expire%2Cei%2Cip%2Cid%2Caitags%2Csource%2Crequiressl%2Cvprv%2Cmime%2Cns%2Cgir%2Cclen%2Cdur%2Clmt&lsparams=mh%2Cmm%2Cmn%2Cms%2Cmv%2Cmvi%2Cpcm2cms%2Cpl%2Cinitcwndbps&lsig=AG3C_xAwRQIgPJYSzfYlQZYs2e3NuDfXGIe-j5CANuMzYMztVTcWTMMCIQC7AOGIV9pD_XWJp9z6ElFYSetpJkQBun8u3vNSFIrlHw%3D%3D&sig=AOq0QJ8wRQIhAIuimFk-jhZpY5J_6UcB3RolqSFtNxO2gbNvjBpoPiw2AiAJBuKziN0xFhzC2M3o3h8gCralXcsQfLSZgYkSwNastA==&ratebypass=yes", "player_url": "/s/player/c6df6ed7/player_ias.vflset/en_US/base.js", "ext": "mp4", "height": 480, "format_note": "480p", "vcodec": "avc1.4d401f", "asr": null, "filesize": 9294355, "fps": 30, "tbr": 453.126, "width": 854, "acodec": "none", "downloader_options": {"http_chunk_size": 10485760}, "format": "135 - 854x480 (480p)", "protocol": "https", "http_headers": {"User-Agent": "Mozilla/5.0 (Windows NT 10.0; Win64; x64) AppleWebKit/537.36 (KHTML, like Gecko) Chrome/72.0.3626.85 Safari/537.36", "Accept-Charset": "ISO-8859-1,utf-8;q=0.7,*;q=0.7", "Accept": "text/html,application/xhtml+xml,application/xml;q=0.9,*/*;q=0.8", "Accept-Encoding": "gzip, deflate", "Accept-Language": "en-us,en;q=0.5"}}, {"format_id": "244", "url": "https://r4---sn-5njj-u2xl.googlevideo.com/videoplayback?expire=1611763416&ei=eDoRYNSDLYm4gQOWmKzYCQ&ip=140.109.135.76&id=o-AD_JJfRmbWLtAWJ2bod58fqu5W-MexQtfliewhFt4dMD&itag=244&aitags=133%2C134%2C135%2C136%2C137%2C160%2C242%2C243%2C244%2C247%2C248%2C271%2C278%2C313&source=youtube&requiressl=yes&mh=55&mm=31%2C29&mn=sn-5njj-u2xl%2Csn-un57en7e&ms=au%2Crdu&mv=m&mvi=4&pcm2cms=yes&pl=16&initcwndbps=730000&vprv=1&mime=video%2Fwebm&ns=JKFDVOBHQIryjvzn6vTTSmkF&gir=yes&clen=11067742&dur=200.300&lmt=1558450096130960&mt=1611740913&fvip=4&keepalive=yes&c=WEB&txp=5431432&n=GISv-f0nVe2XxuGrUtpn&sparams=expire%2Cei%2Cip%2Cid%2Caitags%2Csource%2Crequiressl%2Cvprv%2Cmime%2Cns%2Cgir%2Cclen%2Cdur%2Clmt&lsparams=mh%2Cmm%2Cmn%2Cms%2Cmv%2Cmvi%2Cpcm2cms%2Cpl%2Cinitcwndbps&lsig=AG3C_xAwRAIgV-S77qQxmX4etk0o5GxMXafDCq3O-iL1e7bFCeZq2HUCIGt0RxHyVJzksD82JILYD9RmrVDm-EMAaVbM2GkJGITl&sig=AOq0QJ8wRgIhAKsCJQ3EVN8y1x90385yWovKuLUdXyNbBv0SItSGIKOZAiEAo79d5mrXmIZGSqOlGDvBuGafrDKFlI1lf6AJhuNAN_I=&ratebypass=yes", "player_url": "/s/player/c6df6ed7/player_ias.vflset/en_US/base.js", "ext": "webm", "height": 480, "format_note": "480p", "vcodec": "vp9", "asr": null, "filesize": 11067742, "fps": 30, "tbr": 544.891, "width": 854, "acodec": "none", "downloader_options": {"http_chunk_size": 10485760}, "format": "244 - 854x480 (480p)", "protocol": "https", "http_headers": {"User-Agent": "Mozilla/5.0 (Windows NT 10.0; Win64; x64) AppleWebKit/537.36 (KHTML, like Gecko) Chrome/72.0.3626.85 Safari/537.36", "Accept-Charset": "ISO-8859-1,utf-8;q=0.7,*;q=0.7", "Accept": "text/html,application/xhtml+xml,application/xml;q=0.9,*/*;q=0.8", "Accept-Encoding": "gzip, deflate", "Accept-Language": "en-us,en;q=0.5"}}, {"format_id": "136", "url": "https://r4---sn-5njj-u2xl.googlevideo.com/videoplayback?expire=1611763416&ei=eDoRYNSDLYm4gQOWmKzYCQ&ip=140.109.135.76&id=o-AD_JJfRmbWLtAWJ2bod58fqu5W-MexQtfliewhFt4dMD&itag=136&aitags=133%2C134%2C135%2C136%2C137%2C160%2C242%2C243%2C244%2C247%2C248%2C271%2C278%2C313&source=youtube&requiressl=yes&mh=55&mm=31%2C29&mn=sn-5njj-u2xl%2Csn-un57en7e&ms=au%2Crdu&mv=m&mvi=4&pcm2cms=yes&pl=16&initcwndbps=730000&vprv=1&mime=video%2Fmp4&ns=JKFDVOBHQIryjvzn6vTTSmkF&gir=yes&clen=16617714&dur=200.300&lmt=1558449800752706&mt=1611740913&fvip=4&keepalive=yes&c=WEB&txp=5432432&n=GISv-f0nVe2XxuGrUtpn&sparams=expire%2Cei%2Cip%2Cid%2Caitags%2Csource%2Crequiressl%2Cvprv%2Cmime%2Cns%2Cgir%2Cclen%2Cdur%2Clmt&lsparams=mh%2Cmm%2Cmn%2Cms%2Cmv%2Cmvi%2Cpcm2cms%2Cpl%2Cinitcwndbps&lsig=AG3C_xAwRAIgT9hwVWm3iygP6rczpR0I4lJ9PsirCzbdRRlvstGWbb8CIB6sHQjXIJYPUZ5_EH6RMA6XnX6gSpMrDCd00EXW9gJo&sig=AOq0QJ8wRQIgNhC4NtjLzKAZhOePMLqdvWMdzKwN2mL_qPQgcTz2NBQCIQCU3ZDjq7cVQ8CyiUMLv-DiPmCHaz2Oa3JJ93juB2JNvA==&ratebypass=yes", "player_url": "/s/player/c6df6ed7/player_ias.vflset/en_US/base.js", "ext": "mp4", "height": 720, "format_note": "720p", "vcodec": "avc1.4d401f", "asr": null, "filesize": 16617714, "fps": 30, "tbr": 811.351, "width": 1280, "acodec": "none", "downloader_options": {"http_chunk_size": 10485760}, "format": "136 - 1280x720 (720p)", "protocol": "https", "http_headers": {"User-Agent": "Mozilla/5.0 (Windows NT 10.0; Win64; x64) AppleWebKit/537.36 (KHTML, like Gecko) Chrome/72.0.3626.85 Safari/537.36", "Accept-Charset": "ISO-8859-1,utf-8;q=0.7,*;q=0.7", "Accept": "text/html,application/xhtml+xml,application/xml;q=0.9,*/*;q=0.8", "Accept-Encoding": "gzip, deflate", "Accept-Language": "en-us,en;q=0.5"}}, {"format_id": "247", "url": "https://r4---sn-5njj-u2xl.googlevideo.com/videoplayback?expire=1611763416&ei=eDoRYNSDLYm4gQOWmKzYCQ&ip=140.109.135.76&id=o-AD_JJfRmbWLtAWJ2bod58fqu5W-MexQtfliewhFt4dMD&itag=247&aitags=133%2C134%2C135%2C136%2C137%2C160%2C242%2C243%2C244%2C247%2C248%2C271%2C278%2C313&source=youtube&requiressl=yes&mh=55&mm=31%2C29&mn=sn-5njj-u2xl%2Csn-un57en7e&ms=au%2Crdu&mv=m&mvi=4&pcm2cms=yes&pl=16&initcwndbps=730000&vprv=1&mime=video%2Fwebm&ns=JKFDVOBHQIryjvzn6vTTSmkF&gir=yes&clen=22468921&dur=200.300&lmt=1558450096127409&mt=1611740913&fvip=4&keepalive=yes&c=WEB&txp=5431432&n=GISv-f0nVe2XxuGrUtpn&sparams=expire%2Cei%2Cip%2Cid%2Caitags%2Csource%2Crequiressl%2Cvprv%2Cmime%2Cns%2Cgir%2Cclen%2Cdur%2Clmt&lsparams=mh%2Cmm%2Cmn%2Cms%2Cmv%2Cmvi%2Cpcm2cms%2Cpl%2Cinitcwndbps&lsig=AG3C_xAwRAIgHR0jZ-F0RC0RoqQBla71aP8TkNU-GRvhBrauipuoM2wCIA5oufhJz29PZmg8fbUD-fYgykN6wvcA3SD4UFed95BX&sig=AOq0QJ8wRgIhAIkPJzs9zzRSp3Df7M2tal3YfR_X5GO8T8nMC1uoxSS2AiEAhPdmqyStOCHq6PRfT8ocvMwlP1cjG-IMSkson25OHqY=&ratebypass=yes", "player_url": "/s/player/c6df6ed7/player_ias.vflset/en_US/base.js", "ext": "webm", "height": 720, "format_note": "720p", "vcodec": "vp9", "asr": null, "filesize": 22468921, "fps": 30, "tbr": 1123.663, "width": 1280, "acodec": "none", "downloader_options": {"http_chunk_size": 10485760}, "format": "247 - 1280x720 (720p)", "protocol": "https", "http_headers": {"User-Agent": "Mozilla/5.0 (Windows NT 10.0; Win64; x64) AppleWebKit/537.36 (KHTML, like Gecko) Chrome/72.0.3626.85 Safari/537.36", "Accept-Charset": "ISO-8859-1,utf-8;q=0.7,*;q=0.7", "Accept": "text/html,application/xhtml+xml,application/xml;q=0.9,*/*;q=0.8", "Accept-Encoding": "gzip, deflate", "Accept-Language": "en-us,en;q=0.5"}}, {"format_id": "137", "url": "https://r4---sn-5njj-u2xl.googlevideo.com/videoplayback?expire=1611763416&ei=eDoRYNSDLYm4gQOWmKzYCQ&ip=140.109.135.76&id=o-AD_JJfRmbWLtAWJ2bod58fqu5W-MexQtfliewhFt4dMD&itag=137&aitags=133%2C134%2C135%2C136%2C137%2C160%2C242%2C243%2C244%2C247%2C248%2C271%2C278%2C313&source=youtube&requiressl=yes&mh=55&mm=31%2C29&mn=sn-5njj-u2xl%2Csn-un57en7e&ms=au%2Crdu&mv=m&mvi=4&pcm2cms=yes&pl=16&initcwndbps=730000&vprv=1&mime=video%2Fmp4&ns=JKFDVOBHQIryjvzn6vTTSmkF&gir=yes&clen=28298721&dur=200.300&lmt=1558449726536816&mt=1611740913&fvip=4&keepalive=yes&c=WEB&txp=5432432&n=GISv-f0nVe2XxuGrUtpn&sparams=expire%2Cei%2Cip%2Cid%2Caitags%2Csource%2Crequiressl%2Cvprv%2Cmime%2Cns%2Cgir%2Cclen%2Cdur%2Clmt&lsparams=mh%2Cmm%2Cmn%2Cms%2Cmv%2Cmvi%2Cpcm2cms%2Cpl%2Cinitcwndbps&lsig=AG3C_xAwRgIhAPkemzmgUZ7qzGa4GON49n0ExUM8KxZL9T__odW5rKTjAiEAmWWIjvHJYadj25D5elDmm6b9WaUN9Eq--pEOz9yh310%3D&sig=AOq0QJ8wRQIgBpG4QUadOJlZ2qzoTaVOYbgnoJbCloYq_ttgRlDSxmUCIQDt9o9eLu441v3X-ypLkmdxs7Ca_PebFsNpEXxa0f5dqg==&ratebypass=yes", "player_url": "/s/player/c6df6ed7/player_ias.vflset/en_US/base.js", "ext": "mp4", "height": 1080, "format_note": "1080p", "vcodec": "avc1.640028", "asr": null, "filesize": 28298721, "fps": 30, "tbr": 1373.517, "width": 1920, "acodec": "none", "downloader_options": {"http_chunk_size": 10485760}, "format": "137 - 1920x1080 (1080p)", "protocol": "https", "http_headers": {"User-Agent": "Mozilla/5.0 (Windows NT 10.0; Win64; x64) AppleWebKit/537.36 (KHTML, like Gecko) Chrome/72.0.3626.85 Safari/537.36", "Accept-Charset": "ISO-8859-1,utf-8;q=0.7,*;q=0.7", "Accept": "text/html,application/xhtml+xml,application/xml;q=0.9,*/*;q=0.8", "Accept-Encoding": "gzip, deflate", "Accept-Language": "en-us,en;q=0.5"}}, {"format_id": "248", "url": "https://r4---sn-5njj-u2xl.googlevideo.com/videoplayback?expire=1611763416&ei=eDoRYNSDLYm4gQOWmKzYCQ&ip=140.109.135.76&id=o-AD_JJfRmbWLtAWJ2bod58fqu5W-MexQtfliewhFt4dMD&itag=248&aitags=133%2C134%2C135%2C136%2C137%2C160%2C242%2C243%2C244%2C247%2C248%2C271%2C278%2C313&source=youtube&requiressl=yes&mh=55&mm=31%2C29&mn=sn-5njj-u2xl%2Csn-un57en7e&ms=au%2Crdu&mv=m&mvi=4&pcm2cms=yes&pl=16&initcwndbps=730000&vprv=1&mime=video%2Fwebm&ns=JKFDVOBHQIryjvzn6vTTSmkF&gir=yes&clen=41154093&dur=200.300&lmt=1558450006014144&mt=1611740913&fvip=4&keepalive=yes&c=WEB&txp=5431432&n=GISv-f0nVe2XxuGrUtpn&sparams=expire%2Cei%2Cip%2Cid%2Caitags%2Csource%2Crequiressl%2Cvprv%2Cmime%2Cns%2Cgir%2Cclen%2Cdur%2Clmt&lsparams=mh%2Cmm%2Cmn%2Cms%2Cmv%2Cmvi%2Cpcm2cms%2Cpl%2Cinitcwndbps&lsig=AG3C_xAwRQIhANFElxUIweL6NnoZXuMrof-sBbkn9HsnBkXmpCuqcwVrAiB_4u7Y8zBrnD_oNSbcA6VbsC3gEUlqHVj9gvdayeT-pA%3D%3D&sig=AOq0QJ8wRgIhAJngBrEwJhaoft5XzyZL-eqYdos9vbxeUEy7RGv5B2HgAiEAymXGusxzlBVrRCdunQ2kzNCrU5Cnb5ORAHZ9ylwy59s=&ratebypass=yes", "player_url": "/s/player/c6df6ed7/player_ias.vflset/en_US/base.js", "ext": "webm", "height": 1080, "format_note": "1080p", "vcodec": "vp9", "asr": null, "filesize": 41154093, "fps": 30, "tbr": 2029.007, "width": 1920, "acodec": "none", "downloader_options": {"http_chunk_size": 10485760}, "format": "248 - 1920x1080 (1080p)", "protocol": "https", "http_headers": {"User-Agent": "Mozilla/5.0 (Windows NT 10.0; Win64; x64) AppleWebKit/537.36 (KHTML, like Gecko) Chrome/72.0.3626.85 Safari/537.36", "Accept-Charset": "ISO-8859-1,utf-8;q=0.7,*;q=0.7", "Accept": "text/html,application/xhtml+xml,application/xml;q=0.9,*/*;q=0.8", "Accept-Encoding": "gzip, deflate", "Accept-Language": "en-us,en;q=0.5"}}, {"format_id": "271", "url": "https://r4---sn-5njj-u2xl.googlevideo.com/videoplayback?expire=1611763416&ei=eDoRYNSDLYm4gQOWmKzYCQ&ip=140.109.135.76&id=o-AD_JJfRmbWLtAWJ2bod58fqu5W-MexQtfliewhFt4dMD&itag=271&aitags=133%2C134%2C135%2C136%2C137%2C160%2C242%2C243%2C244%2C247%2C248%2C271%2C278%2C313&source=youtube&requiressl=yes&mh=55&mm=31%2C29&mn=sn-5njj-u2xl%2Csn-un57en7e&ms=au%2Crdu&mv=m&mvi=4&pcm2cms=yes&pl=16&initcwndbps=730000&vprv=1&mime=video%2Fwebm&ns=JKFDVOBHQIryjvzn6vTTSmkF&gir=yes&clen=96916692&dur=200.300&lmt=1558450148304550&mt=1611740913&fvip=4&keepalive=yes&c=WEB&txp=5431432&n=GISv-f0nVe2XxuGrUtpn&sparams=expire%2Cei%2Cip%2Cid%2Caitags%2Csource%2Crequiressl%2Cvprv%2Cmime%2Cns%2Cgir%2Cclen%2Cdur%2Clmt&lsparams=mh%2Cmm%2Cmn%2Cms%2Cmv%2Cmvi%2Cpcm2cms%2Cpl%2Cinitcwndbps&lsig=AG3C_xAwRQIhAP-pEmXoll3XoEOyXpB8dpqp-c3SX5CfFUj99V15rGVnAiBck2SZIoXRcSbnRcsvGmWOKNUQfV6I0SxhlgoDL90Wfg%3D%3D&sig=AOq0QJ8wRAIgSoGcUswfh78SkhYkukEa7uORD0uIxD2imaoTIhMV7z4CIGyIcIwSVsAl_GWKAel8CSrIMCbcoFgqFnCArGwsmPY1&ratebypass=yes", "player_url": "/s/player/c6df6ed7/player_ias.vflset/en_US/base.js", "ext": "webm", "height": 1440, "format_note": "1440p", "vcodec": "vp9", "asr": null, "filesize": 96916692, "fps": 30, "tbr": 4676.815, "width": 2560, "acodec": "none", "downloader_options": {"http_chunk_size": 10485760}, "format": "271 - 2560x1440 (1440p)", "protocol": "https", "http_headers": {"User-Agent": "Mozilla/5.0 (Windows NT 10.0; Win64; x64) AppleWebKit/537.36 (KHTML, like Gecko) Chrome/72.0.3626.85 Safari/537.36", "Accept-Charset": "ISO-8859-1,utf-8;q=0.7,*;q=0.7", "Accept": "text/html,application/xhtml+xml,application/xml;q=0.9,*/*;q=0.8", "Accept-Encoding": "gzip, deflate", "Accept-Language": "en-us,en;q=0.5"}}, {"format_id": "313", "url": "https://r4---sn-5njj-u2xl.googlevideo.com/videoplayback?expire=1611763416&ei=eDoRYNSDLYm4gQOWmKzYCQ&ip=140.109.135.76&id=o-AD_JJfRmbWLtAWJ2bod58fqu5W-MexQtfliewhFt4dMD&itag=313&aitags=133%2C134%2C135%2C136%2C137%2C160%2C242%2C243%2C244%2C247%2C248%2C271%2C278%2C313&source=youtube&requiressl=yes&mh=55&mm=31%2C29&mn=sn-5njj-u2xl%2Csn-un57en7e&ms=au%2Crdu&mv=m&mvi=4&pcm2cms=yes&pl=16&initcwndbps=730000&vprv=1&mime=video%2Fwebm&ns=JKFDVOBHQIryjvzn6vTTSmkF&gir=yes&clen=323176360&dur=200.300&lmt=1558450743919563&mt=1611740913&fvip=4&keepalive=yes&c=WEB&txp=5431432&n=GISv-f0nVe2XxuGrUtpn&sparams=expire%2Cei%2Cip%2Cid%2Caitags%2Csource%2Crequiressl%2Cvprv%2Cmime%2Cns%2Cgir%2Cclen%2Cdur%2Clmt&lsparams=mh%2Cmm%2Cmn%2Cms%2Cmv%2Cmvi%2Cpcm2cms%2Cpl%2Cinitcwndbps&lsig=AG3C_xAwRQIhALCbsgGZ3s8hMfZlh_kHm0ObAv6dytZe_AvqXyJowNYjAiAi0FvHNks0eRFvyaIV-RC3oJJ4GP3EqCuvWoH58GoX0g%3D%3D&sig=AOq0QJ8wRQIhAIPQcVBeDlTzuuQLSxxeX0zzjAfviRGEBmEU3kQQ09LiAiBayhyvqKVfg_lyAsEayCMH0EmASb56DE32on6dRVVbAA==&ratebypass=yes", "player_url": "/s/player/c6df6ed7/player_ias.vflset/en_US/base.js", "ext": "webm", "height": 2160, "format_note": "2160p", "vcodec": "vp9", "asr": null, "filesize": 323176360, "fps": 30, "tbr": 15151.122, "width": 3840, "acodec": "none", "downloader_options": {"http_chunk_size": 10485760}, "format": "313 - 3840x2160 (2160p)", "protocol": "https", "http_headers": {"User-Agent": "Mozilla/5.0 (Windows NT 10.0; Win64; x64) AppleWebKit/537.36 (KHTML, like Gecko) Chrome/72.0.3626.85 Safari/537.36", "Accept-Charset": "ISO-8859-1,utf-8;q=0.7,*;q=0.7", "Accept": "text/html,application/xhtml+xml,application/xml;q=0.9,*/*;q=0.8", "Accept-Encoding": "gzip, deflate", "Accept-Language": "en-us,en;q=0.5"}}, {"format_id": "18", "url": "https://r4---sn-5njj-u2xl.googlevideo.com/videoplayback?expire=1611763416&ei=eDoRYNSDLYm4gQOWmKzYCQ&ip=140.109.135.76&id=o-AD_JJfRmbWLtAWJ2bod58fqu5W-MexQtfliewhFt4dMD&itag=18&source=youtube&requiressl=yes&mh=55&mm=31%2C29&mn=sn-5njj-u2xl%2Csn-un57en7e&ms=au%2Crdu&mv=m&mvi=4&pcm2cms=yes&pl=16&initcwndbps=730000&vprv=1&mime=video%2Fmp4&ns=O15JqI_jQN_V9Zh7XiqP4-QF&gir=yes&clen=12548348&ratebypass=yes&dur=200.364&lmt=1558449732943744&mt=1611740913&fvip=4&c=WEB&txp=5431432&n=Cm6xuXWnLX-hZQeH9Sc_&sparams=expire%2Cei%2Cip%2Cid%2Citag%2Csource%2Crequiressl%2Cvprv%2Cmime%2Cns%2Cgir%2Cclen%2Cratebypass%2Cdur%2Clmt&lsparams=mh%2Cmm%2Cmn%2Cms%2Cmv%2Cmvi%2Cpcm2cms%2Cpl%2Cinitcwndbps&lsig=AG3C_xAwRgIhAOZdgvIlGuyeo6NOsHW5-nPoa9H484WZCrNWsUnI3kztAiEA1m8-HmMODh7AbpPTIzQmUyfa-rEd4VPTFqdLY-WCBtI%3D&sig=AOq0QJ8wRgIhAJnkDnmPWvOh2PNELSVACyjl7eHDbkgTVsohV8fCOAJVAiEAjceRRx6HxAkjoniUpemH315NUBDBDfiFMiiQgeZESUo=", "player_url": "/s/player/c6df6ed7/player_ias.vflset/en_US/base.js", "ext": "mp4", "width": 640, "height": 360, "acodec": "mp4a.40.2", "abr": 96, "vcodec": "avc1.42001E", "asr": 44100, "filesize": 12548348, "format_note": "360p", "fps": 30, "tbr": 501.182, "format": "18 - 640x360 (360p)", "protocol": "https", "http_headers": {"User-Agent": "Mozilla/5.0 (Windows NT 10.0; Win64; x64) AppleWebKit/537.36 (KHTML, like Gecko) Chrome/72.0.3626.85 Safari/537.36", "Accept-Charset": "ISO-8859-1,utf-8;q=0.7,*;q=0.7", "Accept": "text/html,application/xhtml+xml,application/xml;q=0.9,*/*;q=0.8", "Accept-Encoding": "gzip, deflate", "Accept-Language": "en-us,en;q=0.5"}}], "is_live": null, "start_time": null, "end_time": null, "series": null, "season_number": null, "episode_number": null, "track": null, "artist": null, "album": null, "release_date": null, "release_year": null, "extractor": "youtube", "webpage_url_basename": "watch", "extractor_key": "Youtube", "playlist": null, "playlist_index": null, "thumbnail": "https://i.ytimg.com/vi/OYQwmoJ4IIQ/hqdefault.jpg?sqp=-oaymwEcCNACELwBSFXyq4qpAw4IARUAAIhCGAFwAcABBg==&rs=AOn4CLCk_h5-Jb0TScydYeSoh7YfMzn8Dg", "display_id": "OYQwmoJ4IIQ", "requested_subtitles": null, "format_id": "251", "url": "https://r4---sn-5njj-u2xl.googlevideo.com/videoplayback?expire=1611763416&ei=eDoRYNSDLYm4gQOWmKzYCQ&ip=140.109.135.76&id=o-AD_JJfRmbWLtAWJ2bod58fqu5W-MexQtfliewhFt4dMD&itag=251&source=youtube&requiressl=yes&mh=55&mm=31%2C29&mn=sn-5njj-u2xl%2Csn-un57en7e&ms=au%2Crdu&mv=m&mvi=4&pcm2cms=yes&pl=16&initcwndbps=730000&vprv=1&mime=audio%2Fwebm&ns=JKFDVOBHQIryjvzn6vTTSmkF&gir=yes&clen=3560383&dur=200.321&lmt=1558449620107972&mt=1611740913&fvip=4&keepalive=yes&c=WEB&txp=5431432&n=GISv-f0nVe2XxuGrUtpn&sparams=expire%2Cei%2Cip%2Cid%2Citag%2Csource%2Crequiressl%2Cvprv%2Cmime%2Cns%2Cgir%2Cclen%2Cdur%2Clmt&lsparams=mh%2Cmm%2Cmn%2Cms%2Cmv%2Cmvi%2Cpcm2cms%2Cpl%2Cinitcwndbps&lsig=AG3C_xAwRgIhAOmuRevNBFbgx6DxH0bmrwqN7LgtVkuUQIO5yM6qRviOAiEAjgM5ZhSMGA-34Uq5fcfDLth6KE1IOYnVQzYjZ1LBXCI%3D&sig=AOq0QJ8wRgIhAJ3YDnwMP-FwTWtF92dBDEJlDP5y1t9D87Bfg4B35MfsAiEA9ZWnj6XIQyBb2gqBhGxXKeFJqeB-aYEo8-CxQ5OlRdY=&ratebypass=yes", "player_url": "/s/player/c6df6ed7/player_ias.vflset/en_US/base.js", "ext": "webm", "format_note": "tiny", "acodec": "opus", "abr": 160, "asr": 48000, "filesize": 3560383, "fps": null, "height": null, "tbr": 157.689, "width": null, "vcodec": "none", "downloader_options": {"http_chunk_size": 10485760}, "format": "251 - audio only (tiny)", "protocol": "https", "http_headers": {"User-Agent": "Mozilla/5.0 (Windows NT 10.0; Win64; x64) AppleWebKit/537.36 (KHTML, like Gecko) Chrome/72.0.3626.85 Safari/537.36", "Accept-Charset": "ISO-8859-1,utf-8;q=0.7,*;q=0.7", "Accept": "text/html,application/xhtml+xml,application/xml;q=0.9,*/*;q=0.8", "Accept-Encoding": "gzip, deflate", "Accept-Language": "en-us,en;q=0.5"}}