{"id": "osxmQReE_2o", "uploader": "Gian Marco La Serra - Topic", "uploader_id": "UC_oa1VKWblay01oIGVSFkXg", "uploader_url": "http://www.youtube.com/channel/UC_oa1VKWblay01oIGVSFkXg", "channel_id": "UC_oa1VKWblay01oIGVSFkXg", "channel_url": "http://www.youtube.com/channel/UC_oa1VKWblay01oIGVSFkXg", "upload_date": "20171118", "license": null, "creator": "Gian Marco la Serra", "title": "Scenes from a Journey", "alt_title": "Scenes from a Journey", "thumbnails": [{"url": "https://i.ytimg.com/vi/osxmQReE_2o/hqdefault.jpg?sqp=-oaymwEbCKgBEF5IVfKriqkDDggBFQAAiEIYAXABwAEG&rs=AOn4CLAPpPNiZuFCCU4RMb4aC2gS5H1mJg", "width": 168, "height": 94, "resolution": "168x94", "id": "0"}, {"url": "https://i.ytimg.com/vi/osxmQReE_2o/hqdefault.jpg?sqp=-oaymwEbCMQBEG5IVfKriqkDDggBFQAAiEIYAXABwAEG&rs=AOn4CLBtLkKUL_USEPL4cze_04cVGHMIyw", "width": 196, "height": 110, "resolution": "196x110", "id": "1"}, {"url": "https://i.ytimg.com/vi/osxmQReE_2o/hqdefault.jpg?sqp=-oaymwEcCPYBEIoBSFXyq4qpAw4IARUAAIhCGAFwAcABBg==&rs=AOn4CLAOr7APHIjn_vSF4RoQpBaPhYtNZg", "width": 246, "height": 138, "resolution": "246x138", "id": "2"}, {"url": "https://i.ytimg.com/vi/osxmQReE_2o/hqdefault.jpg?sqp=-oaymwEcCNACELwBSFXyq4qpAw4IARUAAIhCGAFwAcABBg==&rs=AOn4CLCmTIq1JV5Bk6qCUOsbBNIxJ1UBtg", "width": 336, "height": 188, "resolution": "336x188", "id": "3"}, {"url": "https://i.ytimg.com/vi_webp/osxmQReE_2o/maxresdefault.webp", "width": 1920, "height": 1080, "resolution": "1920x1080", "id": "4"}], "description": "Provided to YouTube by IIP-DDS\n\nScenes from a Journey \u00b7 Gian Marco la Serra\n\nPiano Solo\n\n\u2117 Gian Marco La Serra\n\nReleased on: 2014-07-27\n\nArtist: Gian Marco la Serra\n\nAuto-generated by YouTube.", "categories": ["Music"], "tags": ["Gian", "Marco", "la", "Serra", "Piano", "Solo", "Scenes", "from", "Journey"], "subtitles": {}, "automatic_captions": {}, "duration": 321, "age_limit": 0, "annotations": null, "chapters": null, "webpage_url": "https://www.youtube.com/watch?v=osxmQReE_2o", "view_count": 116, "like_count": 3, "dislike_count": null, "average_rating": 5.0, "formats": [{"format_id": "249", "url": "https://r4---sn-ipoxu-u2x6.googlevideo.com/videoplayback?expire=1613156786&ei=Un0mYOnpBKXAigbqmIq4BQ&ip=61.230.12.35&id=o-AEP0VM9rz9RlOzJFEI9-1ZvYAY3TLdoQSro4YBWUBpIQ&itag=249&source=youtube&requiressl=yes&mh=bT&mm=31%2C29&mn=sn-ipoxu-u2x6%2Csn-un57en7l&ms=au%2Crdu&mv=m&mvi=4&pl=21&gcr=tw&initcwndbps=910000&vprv=1&mime=audio%2Fwebm&ns=eN-uOljPvuT5OKlxjof9GkoF&gir=yes&clen=2538337&dur=320.641&lmt=1572119924666098&mt=1613134843&fvip=4&keepalive=yes&c=WEB&txp=1301222&n=hvDUnx4ozWJPulWtsJ&sparams=expire%2Cei%2Cip%2Cid%2Citag%2Csource%2Crequiressl%2Cgcr%2Cvprv%2Cmime%2Cns%2Cgir%2Cclen%2Cdur%2Clmt&lsparams=mh%2Cmm%2Cmn%2Cms%2Cmv%2Cmvi%2Cpl%2Cinitcwndbps&lsig=AG3C_xAwRgIhAKwKjoxAZ3jOpRNR8tVM8vckY5w_Ftdbw3vVAnS3a5DtAiEA4UrxvjuD5GvfC2Un1C5zaWxq1Ff8BQbcI1LEf3msvTg%3D&sig=AOq0QJ8wRQIgWs1udLwPutQXEwNUOLAYMEKIJMxGLItXmU2ZumFrUMsCIQCgZDp8FpnCYOUwBVfkI6Kgtk3WRb2y4JkqOwsBwpqogw==&ratebypass=yes", "player_url": "/s/player/490079fb/player_ias.vflset/en_US/base.js", "ext": "webm", "format_note": "tiny", "acodec": "opus", "abr": 50, "asr": 48000, "filesize": 2538337, "fps": null, "height": null, "tbr": 71.368, "width": null, "vcodec": "none", "downloader_options": {"http_chunk_size": 10485760}, "format": "249 - audio only (tiny)", "protocol": "https", "http_headers": {"User-Agent": "Mozilla/5.0 (Windows NT 10.0; Win64; x64) AppleWebKit/537.36 (KHTML, like Gecko) Chrome/74.0.3729.96 Safari/537.36", "Accept-Charset": "ISO-8859-1,utf-8;q=0.7,*;q=0.7", "Accept": "text/html,application/xhtml+xml,application/xml;q=0.9,*/*;q=0.8", "Accept-Encoding": "gzip, deflate", "Accept-Language": "en-us,en;q=0.5"}}, {"format_id": "250", "url": "https://r4---sn-ipoxu-u2x6.googlevideo.com/videoplayback?expire=1613156786&ei=Un0mYOnpBKXAigbqmIq4BQ&ip=61.230.12.35&id=o-AEP0VM9rz9RlOzJFEI9-1ZvYAY3TLdoQSro4YBWUBpIQ&itag=250&source=youtube&requiressl=yes&mh=bT&mm=31%2C29&mn=sn-ipoxu-u2x6%2Csn-un57en7l&ms=au%2Crdu&mv=m&mvi=4&pl=21&gcr=tw&initcwndbps=910000&vprv=1&mime=audio%2Fwebm&ns=eN-uOljPvuT5OKlxjof9GkoF&gir=yes&clen=3366293&dur=320.641&lmt=1572119923380867&mt=1613134843&fvip=4&keepalive=yes&c=WEB&txp=1301222&n=hvDUnx4ozWJPulWtsJ&sparams=expire%2Cei%2Cip%2Cid%2Citag%2Csource%2Crequiressl%2Cgcr%2Cvprv%2Cmime%2Cns%2Cgir%2Cclen%2Cdur%2Clmt&lsparams=mh%2Cmm%2Cmn%2Cms%2Cmv%2Cmvi%2Cpl%2Cinitcwndbps&lsig=AG3C_xAwRAIgAdVqclqvOUzmmniL6V-VqHXK4ptCmj60yN_F4ko4WMICICcAY1QNXElzsjYYwJG2E5qRY5Es2xfAc3AyR0Tt3vU2&sig=AOq0QJ8wRQIhAJ5RqNZ-96gAzuqwu0bacnKugyBEuLGmLKssvbwttYuTAiAvIKjvh-dMEfbYDTzOB4MWkuo75kdRnM_SL7cCCr9T4g==&ratebypass=yes", "player_url": "/s/player/490079fb/player_ias.vflset/en_US/base.js", "ext": "webm", "format_note": "tiny", "acodec": "opus", "abr": 70, "asr": 48000, "filesize": 3366293, "fps": null, "height": null, "tbr": 93.453, "width": null, "vcodec": "none", "downloader_options": {"http_chunk_size": 10485760}, "format": "250 - audio only (tiny)", "protocol": "https", "http_headers": {"User-Agent": "Mozilla/5.0 (Windows NT 10.0; Win64; x64) AppleWebKit/537.36 (KHTML, like Gecko) Chrome/74.0.3729.96 Safari/537.36", "Accept-Charset": "ISO-8859-1,utf-8;q=0.7,*;q=0.7", "Accept": "text/html,application/xhtml+xml,application/xml;q=0.9,*/*;q=0.8", "Accept-Encoding": "gzip, deflate", "Accept-Language": "en-us,en;q=0.5"}}, {"format_id": "140", "url": "https://r4---sn-ipoxu-u2x6.googlevideo.com/videoplayback?expire=1613156786&ei=Un0mYOnpBKXAigbqmIq4BQ&ip=61.230.12.35&id=o-AEP0VM9rz9RlOzJFEI9-1ZvYAY3TLdoQSro4YBWUBpIQ&itag=140&source=youtube&requiressl=yes&mh=bT&mm=31%2C29&mn=sn-ipoxu-u2x6%2Csn-un57en7l&ms=au%2Crdu&mv=m&mvi=4&pl=21&gcr=tw&initcwndbps=910000&vprv=1&mime=audio%2Fmp4&ns=eN-uOljPvuT5OKlxjof9GkoF&gir=yes&clen=5190881&dur=320.624&lmt=1606054153544826&mt=1613134843&fvip=4&keepalive=yes&c=WEB&txp=1311222&n=hvDUnx4ozWJPulWtsJ&sparams=expire%2Cei%2Cip%2Cid%2Citag%2Csource%2Crequiressl%2Cgcr%2Cvprv%2Cmime%2Cns%2Cgir%2Cclen%2Cdur%2Clmt&lsparams=mh%2Cmm%2Cmn%2Cms%2Cmv%2Cmvi%2Cpl%2Cinitcwndbps&lsig=AG3C_xAwRQIgJ47-LuSs_WJGTbdNem_EAeby3qPuTnEy5jYY3j4u6eoCIQC7evuQRoVd_oQhX8ZT47KgPMCiH0X4notK8LtXgtzPVQ%3D%3D&sig=AOq0QJ8wRQIhAKsgxISuQ3Eqj_kE64NWVLdWNF7DQixBkTQXBwW9MHPWAiAjkAJzMuGpWHAU9QItKg6flpXOf-e0NFUC8v9hGbSo7w==&ratebypass=yes", "player_url": "/s/player/490079fb/player_ias.vflset/en_US/base.js", "ext": "m4a", "format_note": "tiny", "acodec": "mp4a.40.2", "abr": 128, "container": "m4a_dash", "asr": 44100, "filesize": 5190881, "fps": null, "height": null, "tbr": 131.937, "width": null, "vcodec": "none", "downloader_options": {"http_chunk_size": 10485760}, "format": "140 - audio only (tiny)", "protocol": "https", "http_headers": {"User-Agent": "Mozilla/5.0 (Windows NT 10.0; Win64; x64) AppleWebKit/537.36 (KHTML, like Gecko) Chrome/74.0.3729.96 Safari/537.36", "Accept-Charset": "ISO-8859-1,utf-8;q=0.7,*;q=0.7", "Accept": "text/html,application/xhtml+xml,application/xml;q=0.9,*/*;q=0.8", "Accept-Encoding": "gzip, deflate", "Accept-Language": "en-us,en;q=0.5"}}, {"format_id": "251", "url": "https://r4---sn-ipoxu-u2x6.googlevideo.com/videoplayback?expire=1613156786&ei=Un0mYOnpBKXAigbqmIq4BQ&ip=61.230.12.35&id=o-AEP0VM9rz9RlOzJFEI9-1ZvYAY3TLdoQSro4YBWUBpIQ&itag=251&source=youtube&requiressl=yes&mh=bT&mm=31%2C29&mn=sn-ipoxu-u2x6%2Csn-un57en7l&ms=au%2Crdu&mv=m&mvi=4&pl=21&gcr=tw&initcwndbps=910000&vprv=1&mime=audio%2Fwebm&ns=eN-uOljPvuT5OKlxjof9GkoF&gir=yes&clen=6366092&dur=320.641&lmt=1572119926983999&mt=1613134843&fvip=4&keepalive=yes&c=WEB&txp=1301222&n=hvDUnx4ozWJPulWtsJ&sparams=expire%2Cei%2Cip%2Cid%2Citag%2Csource%2Crequiressl%2Cgcr%2Cvprv%2Cmime%2Cns%2Cgir%2Cclen%2Cdur%2Clmt&lsparams=mh%2Cmm%2Cmn%2Cms%2Cmv%2Cmvi%2Cpl%2Cinitcwndbps&lsig=AG3C_xAwRAIgETm0ztli3STQl8NWaR_Fn0Ng4DdAFJkJXCsJ7umojrUCIDdUXfxWcr_X1KO_fUBGmIQo5kmBqM-bBG4kjYfjr1d4&sig=AOq0QJ8wRQIgEqUa6g0vHQkzAJpxSIVlf4Qdm0w-FfOdAXBwrmV0BTkCIQDxYPOiTXBu0Yh9SOspnNEXDA_kQgf-ytadHxuEkvSH6Q==&ratebypass=yes", "player_url": "/s/player/490079fb/player_ias.vflset/en_US/base.js", "ext": "webm", "format_note": "tiny", "acodec": "opus", "abr": 160, "asr": 48000, "filesize": 6366092, "fps": null, "height": null, "tbr": 172.868, "width": null, "vcodec": "none", "downloader_options": {"http_chunk_size": 10485760}, "format": "251 - audio only (tiny)", "protocol": "https", "http_headers": {"User-Agent": "Mozilla/5.0 (Windows NT 10.0; Win64; x64) AppleWebKit/537.36 (KHTML, like Gecko) Chrome/74.0.3729.96 Safari/537.36", "Accept-Charset": "ISO-8859-1,utf-8;q=0.7,*;q=0.7", "Accept": "text/html,application/xhtml+xml,application/xml;q=0.9,*/*;q=0.8", "Accept-Encoding": "gzip, deflate", "Accept-Language": "en-us,en;q=0.5"}}, {"format_id": "160", "url": "https://r4---sn-ipoxu-u2x6.googlevideo.com/videoplayback?expire=1613156786&ei=Un0mYOnpBKXAigbqmIq4BQ&ip=61.230.12.35&id=o-AEP0VM9rz9RlOzJFEI9-1ZvYAY3TLdoQSro4YBWUBpIQ&itag=160&aitags=133%2C134%2C135%2C136%2C137%2C160%2C242%2C243%2C244%2C247%2C248%2C278&source=youtube&requiressl=yes&mh=bT&mm=31%2C29&mn=sn-ipoxu-u2x6%2Csn-un57en7l&ms=au%2Crdu&mv=m&mvi=4&pl=21&gcr=tw&initcwndbps=910000&vprv=1&mime=video%2Fmp4&ns=eN-uOljPvuT5OKlxjof9GkoF&gir=yes&clen=292298&dur=320.600&lmt=1606054451457781&mt=1613134843&fvip=4&keepalive=yes&c=WEB&txp=1311222&n=hvDUnx4ozWJPulWtsJ&sparams=expire%2Cei%2Cip%2Cid%2Caitags%2Csource%2Crequiressl%2Cgcr%2Cvprv%2Cmime%2Cns%2Cgir%2Cclen%2Cdur%2Clmt&lsparams=mh%2Cmm%2Cmn%2Cms%2Cmv%2Cmvi%2Cpl%2Cinitcwndbps&lsig=AG3C_xAwRgIhAIuXH-qFhPRTPIsxYZmg4eeEo0SUpDpF45bdY5BVBWsyAiEAknjWik52g6HTxM8YU9nm94XPahqxb8GJzYZIf1uTU8I%3D&sig=AOq0QJ8wRQIgbY5owxrzvbrZ2hzxtvTx00NbiL4eqL5AWuNX822u9LYCIQD75MWVgaL8Vc63vMDJGcd0tjODttyTZdaCYYlfYsg1PQ==&ratebypass=yes", "player_url": "/s/player/490079fb/player_ias.vflset/en_US/base.js", "ext": "mp4", "height": 144, "format_note": "144p", "vcodec": "avc1.4d400b", "asr": null, "filesize": 292298, "fps": 25, "tbr": 9.607, "width": 144, "acodec": "none", "downloader_options": {"http_chunk_size": 10485760}, "format": "160 - 144x144 (144p)", "protocol": "https", "http_headers": {"User-Agent": "Mozilla/5.0 (Windows NT 10.0; Win64; x64) AppleWebKit/537.36 (KHTML, like Gecko) Chrome/74.0.3729.96 Safari/537.36", "Accept-Charset": "ISO-8859-1,utf-8;q=0.7,*;q=0.7", "Accept": "text/html,application/xhtml+xml,application/xml;q=0.9,*/*;q=0.8", "Accept-Encoding": "gzip, deflate", "Accept-Language": "en-us,en;q=0.5"}}, {"format_id": "133", "url": "https://r4---sn-ipoxu-u2x6.googlevideo.com/videoplayback?expire=1613156786&ei=Un0mYOnpBKXAigbqmIq4BQ&ip=61.230.12.35&id=o-AEP0VM9rz9RlOzJFEI9-1ZvYAY3TLdoQSro4YBWUBpIQ&itag=133&aitags=133%2C134%2C135%2C136%2C137%2C160%2C242%2C243%2C244%2C247%2C248%2C278&source=youtube&requiressl=yes&mh=bT&mm=31%2C29&mn=sn-ipoxu-u2x6%2Csn-un57en7l&ms=au%2Crdu&mv=m&mvi=4&pl=21&gcr=tw&initcwndbps=910000&vprv=1&mime=video%2Fmp4&ns=eN-uOljPvuT5OKlxjof9GkoF&gir=yes&clen=399441&dur=320.600&lmt=1606054451454474&mt=1613134843&fvip=4&keepalive=yes&c=WEB&txp=1311222&n=hvDUnx4ozWJPulWtsJ&sparams=expire%2Cei%2Cip%2Cid%2Caitags%2Csource%2Crequiressl%2Cgcr%2Cvprv%2Cmime%2Cns%2Cgir%2Cclen%2Cdur%2Clmt&lsparams=mh%2Cmm%2Cmn%2Cms%2Cmv%2Cmvi%2Cpl%2Cinitcwndbps&lsig=AG3C_xAwRAIgEfrEmCWRnKmcCk6Z93uZ7g4KK91nBroE7xXkVW2UbIYCIHMk970GWmEO_TGwBIKZnIpm8tiQvyEfNJPxPe-1UTps&sig=AOq0QJ8wRQIgLJev_YLXf7DT4IxWbEqG7Gd3E4xqx5I3LshPwXRp5VsCIQC7UfvGvuxIp0PwuKhrt5yWupQvHn_V1pV-qrZpRmNFFg==&ratebypass=yes", "player_url": "/s/player/490079fb/player_ias.vflset/en_US/base.js", "ext": "mp4", "height": 240, "format_note": "240p", "vcodec": "avc1.4d400c", "asr": null, "filesize": 399441, "fps": 25, "tbr": 12.939, "width": 240, "acodec": "none", "downloader_options": {"http_chunk_size": 10485760}, "format": "133 - 240x240 (240p)", "protocol": "https", "http_headers": {"User-Agent": "Mozilla/5.0 (Windows NT 10.0; Win64; x64) AppleWebKit/537.36 (KHTML, like Gecko) Chrome/74.0.3729.96 Safari/537.36", "Accept-Charset": "ISO-8859-1,utf-8;q=0.7,*;q=0.7", "Accept": "text/html,application/xhtml+xml,application/xml;q=0.9,*/*;q=0.8", "Accept-Encoding": "gzip, deflate", "Accept-Language": "en-us,en;q=0.5"}}, {"format_id": "134", "url": "https://r4---sn-ipoxu-u2x6.googlevideo.com/videoplayback?expire=1613156786&ei=Un0mYOnpBKXAigbqmIq4BQ&ip=61.230.12.35&id=o-AEP0VM9rz9RlOzJFEI9-1ZvYAY3TLdoQSro4YBWUBpIQ&itag=134&aitags=133%2C134%2C135%2C136%2C137%2C160%2C242%2C243%2C244%2C247%2C248%2C278&source=youtube&requiressl=yes&mh=bT&mm=31%2C29&mn=sn-ipoxu-u2x6%2Csn-un57en7l&ms=au%2Crdu&mv=m&mvi=4&pl=21&gcr=tw&initcwndbps=910000&vprv=1&mime=video%2Fmp4&ns=eN-uOljPvuT5OKlxjof9GkoF&gir=yes&clen=503063&dur=320.600&lmt=1606054451453910&mt=1613134843&fvip=4&keepalive=yes&c=WEB&txp=1311222&n=hvDUnx4ozWJPulWtsJ&sparams=expire%2Cei%2Cip%2Cid%2Caitags%2Csource%2Crequiressl%2Cgcr%2Cvprv%2Cmime%2Cns%2Cgir%2Cclen%2Cdur%2Clmt&lsparams=mh%2Cmm%2Cmn%2Cms%2Cmv%2Cmvi%2Cpl%2Cinitcwndbps&lsig=AG3C_xAwRgIhAMp0trZ4E0ey8rTcKrmbj_dRfBddVCNL7SQKc0mM8RJ6AiEA8fpVKGR7p6GEYNWPasP2keSGGzWO8fFKbRTZ0jjEnGM%3D&sig=AOq0QJ8wRQIhAMKebDC4V8UZbSC69ydLrE4ZKRmH3vyQR_uTlrpbxga6AiAULJVUMWDm4aK9Fow8l4wUvTPXt8EVGW00SoLVtf8uXg==&ratebypass=yes", "player_url": "/s/player/490079fb/player_ias.vflset/en_US/base.js", "ext": "mp4", "height": 360, "format_note": "360p", "vcodec": "avc1.4d4015", "asr": null, "filesize": 503063, "fps": 25, "tbr": 16.969, "width": 360, "acodec": "none", "downloader_options": {"http_chunk_size": 10485760}, "format": "134 - 360x360 (360p)", "protocol": "https", "http_headers": {"User-Agent": "Mozilla/5.0 (Windows NT 10.0; Win64; x64) AppleWebKit/537.36 (KHTML, like Gecko) Chrome/74.0.3729.96 Safari/537.36", "Accept-Charset": "ISO-8859-1,utf-8;q=0.7,*;q=0.7", "Accept": "text/html,application/xhtml+xml,application/xml;q=0.9,*/*;q=0.8", "Accept-Encoding": "gzip, deflate", "Accept-Language": "en-us,en;q=0.5"}}, {"format_id": "278", "url": "https://r4---sn-ipoxu-u2x6.googlevideo.com/videoplayback?expire=1613156786&ei=Un0mYOnpBKXAigbqmIq4BQ&ip=61.230.12.35&id=o-AEP0VM9rz9RlOzJFEI9-1ZvYAY3TLdoQSro4YBWUBpIQ&itag=278&aitags=133%2C134%2C135%2C136%2C137%2C160%2C242%2C243%2C244%2C247%2C248%2C278&source=youtube&requiressl=yes&mh=bT&mm=31%2C29&mn=sn-ipoxu-u2x6%2Csn-un57en7l&ms=au%2Crdu&mv=m&mvi=4&pl=21&gcr=tw&initcwndbps=910000&vprv=1&mime=video%2Fwebm&ns=eN-uOljPvuT5OKlxjof9GkoF&gir=yes&clen=566247&dur=320.600&lmt=1602293534685079&mt=1613134843&fvip=4&keepalive=yes&c=WEB&txp=1311222&n=hvDUnx4ozWJPulWtsJ&sparams=expire%2Cei%2Cip%2Cid%2Caitags%2Csource%2Crequiressl%2Cgcr%2Cvprv%2Cmime%2Cns%2Cgir%2Cclen%2Cdur%2Clmt&lsparams=mh%2Cmm%2Cmn%2Cms%2Cmv%2Cmvi%2Cpl%2Cinitcwndbps&lsig=AG3C_xAwRQIhALVq0vh2ziy8u3XsYAi57cCwJnZQlgtq0ZBQFn81olCcAiA3L4QE57uFXUCxm1UI1czjn7fi2hjOtsf62Jw6U5e6sg%3D%3D&sig=AOq0QJ8wRAIgWnBt8YMPBoRGLfuy8T1LoCB7G7GQv1XrafoCIhze8loCIG7lWoIszLt_PNuDyuHIE8alm2Ji7sNkRgbORdpFMw6m&ratebypass=yes", "player_url": "/s/player/490079fb/player_ias.vflset/en_US/base.js", "ext": "webm", "height": 144, "format_note": "144p", "container": "webm", "vcodec": "vp9", "asr": null, "filesize": 566247, "fps": 25, "tbr": 20.058, "width": 144, "acodec": "none", "downloader_options": {"http_chunk_size": 10485760}, "format": "278 - 144x144 (144p)", "protocol": "https", "http_headers": {"User-Agent": "Mozilla/5.0 (Windows NT 10.0; Win64; x64) AppleWebKit/537.36 (KHTML, like Gecko) Chrome/74.0.3729.96 Safari/537.36", "Accept-Charset": "ISO-8859-1,utf-8;q=0.7,*;q=0.7", "Accept": "text/html,application/xhtml+xml,application/xml;q=0.9,*/*;q=0.8", "Accept-Encoding": "gzip, deflate", "Accept-Language": "en-us,en;q=0.5"}}, {"format_id": "135", "url": "https://r4---sn-ipoxu-u2x6.googlevideo.com/videoplayback?expire=1613156786&ei=Un0mYOnpBKXAigbqmIq4BQ&ip=61.230.12.35&id=o-AEP0VM9rz9RlOzJFEI9-1ZvYAY3TLdoQSro4YBWUBpIQ&itag=135&aitags=133%2C134%2C135%2C136%2C137%2C160%2C242%2C243%2C244%2C247%2C248%2C278&source=youtube&requiressl=yes&mh=bT&mm=31%2C29&mn=sn-ipoxu-u2x6%2Csn-un57en7l&ms=au%2Crdu&mv=m&mvi=4&pl=21&gcr=tw&initcwndbps=910000&vprv=1&mime=video%2Fmp4&ns=eN-uOljPvuT5OKlxjof9GkoF&gir=yes&clen=723565&dur=320.600&lmt=1606054451454442&mt=1613134843&fvip=4&keepalive=yes&c=WEB&txp=1311222&n=hvDUnx4ozWJPulWtsJ&sparams=expire%2Cei%2Cip%2Cid%2Caitags%2Csource%2Crequiressl%2Cgcr%2Cvprv%2Cmime%2Cns%2Cgir%2Cclen%2Cdur%2Clmt&lsparams=mh%2Cmm%2Cmn%2Cms%2Cmv%2Cmvi%2Cpl%2Cinitcwndbps&lsig=AG3C_xAwRAIgaO3Ad5dz0QxbrOH3QvhH1BRwQiaUUYMUW4VE_r4BmpYCIAkSOeK5Np1A7MTBloy15cjbUBzyl4ya8ayj_7coqhcY&sig=AOq0QJ8wRQIhAOOHe6WZPvmZOtT7qqBLecY5dssepJdvQ1ZjiNCYtoVuAiBffLzXee_G6azU0UNo5DS7pmiJy2VAGSIV-fUjM_y4sw==&ratebypass=yes", "player_url": "/s/player/490079fb/player_ias.vflset/en_US/base.js", "ext": "mp4", "height": 480, "format_note": "480p", "vcodec": "avc1.4d401e", "asr": null, "filesize": 723565, "fps": 25, "tbr": 25.078, "width": 480, "acodec": "none", "downloader_options": {"http_chunk_size": 10485760}, "format": "135 - 480x480 (480p)", "protocol": "https", "http_headers": {"User-Agent": "Mozilla/5.0 (Windows NT 10.0; Win64; x64) AppleWebKit/537.36 (KHTML, like Gecko) Chrome/74.0.3729.96 Safari/537.36", "Accept-Charset": "ISO-8859-1,utf-8;q=0.7,*;q=0.7", "Accept": "text/html,application/xhtml+xml,application/xml;q=0.9,*/*;q=0.8", "Accept-Encoding": "gzip, deflate", "Accept-Language": "en-us,en;q=0.5"}}, {"format_id": "242", "url": "https://r4---sn-ipoxu-u2x6.googlevideo.com/videoplayback?expire=1613156786&ei=Un0mYOnpBKXAigbqmIq4BQ&ip=61.230.12.35&id=o-AEP0VM9rz9RlOzJFEI9-1ZvYAY3TLdoQSro4YBWUBpIQ&itag=242&aitags=133%2C134%2C135%2C136%2C137%2C160%2C242%2C243%2C244%2C247%2C248%2C278&source=youtube&requiressl=yes&mh=bT&mm=31%2C29&mn=sn-ipoxu-u2x6%2Csn-un57en7l&ms=au%2Crdu&mv=m&mvi=4&pl=21&gcr=tw&initcwndbps=910000&vprv=1&mime=video%2Fwebm&ns=eN-uOljPvuT5OKlxjof9GkoF&gir=yes&clen=943012&dur=320.600&lmt=1602293534668846&mt=1613134843&fvip=4&keepalive=yes&c=WEB&txp=1311222&n=hvDUnx4ozWJPulWtsJ&sparams=expire%2Cei%2Cip%2Cid%2Caitags%2Csource%2Crequiressl%2Cgcr%2Cvprv%2Cmime%2Cns%2Cgir%2Cclen%2Cdur%2Clmt&lsparams=mh%2Cmm%2Cmn%2Cms%2Cmv%2Cmvi%2Cpl%2Cinitcwndbps&lsig=AG3C_xAwRgIhANDs9_LeV2jWY_OBycbdIY53MDvldVzHng1mJTWlvysLAiEA2h7nPQzmF-P7Omsl3aWihx3eVWfRRlEGLKOBcUcza30%3D&sig=AOq0QJ8wRgIhAOiEOPgemxlUVt8WRXdzO5t734msutVpML4Eb9AKtqb_AiEAs47cN7oqV9bcCPQJ_KrAi6UhKSVsWvRm33Ts9ccek1k=&ratebypass=yes", "player_url": "/s/player/490079fb/player_ias.vflset/en_US/base.js", "ext": "webm", "height": 240, "format_note": "240p", "vcodec": "vp9", "asr": null, "filesize": 943012, "fps": 25, "tbr": 35.258, "width": 240, "acodec": "none", "downloader_options": {"http_chunk_size": 10485760}, "format": "242 - 240x240 (240p)", "protocol": "https", "http_headers": {"User-Agent": "Mozilla/5.0 (Windows NT 10.0; Win64; x64) AppleWebKit/537.36 (KHTML, like Gecko) Chrome/74.0.3729.96 Safari/537.36", "Accept-Charset": "ISO-8859-1,utf-8;q=0.7,*;q=0.7", "Accept": "text/html,application/xhtml+xml,application/xml;q=0.9,*/*;q=0.8", "Accept-Encoding": "gzip, deflate", "Accept-Language": "en-us,en;q=0.5"}}, {"format_id": "136", "url": "https://r4---sn-ipoxu-u2x6.googlevideo.com/videoplayback?expire=1613156786&ei=Un0mYOnpBKXAigbqmIq4BQ&ip=61.230.12.35&id=o-AEP0VM9rz9RlOzJFEI9-1ZvYAY3TLdoQSro4YBWUBpIQ&itag=136&aitags=133%2C134%2C135%2C136%2C137%2C160%2C242%2C243%2C244%2C247%2C248%2C278&source=youtube&requiressl=yes&mh=bT&mm=31%2C29&mn=sn-ipoxu-u2x6%2Csn-un57en7l&ms=au%2Crdu&mv=m&mvi=4&pl=21&gcr=tw&initcwndbps=910000&vprv=1&mime=video%2Fmp4&ns=eN-uOljPvuT5OKlxjof9GkoF&gir=yes&clen=1149952&dur=320.600&lmt=1606054451453863&mt=1613134843&fvip=4&keepalive=yes&c=WEB&txp=1311222&n=hvDUnx4ozWJPulWtsJ&sparams=expire%2Cei%2Cip%2Cid%2Caitags%2Csource%2Crequiressl%2Cgcr%2Cvprv%2Cmime%2Cns%2Cgir%2Cclen%2Cdur%2Clmt&lsparams=mh%2Cmm%2Cmn%2Cms%2Cmv%2Cmvi%2Cpl%2Cinitcwndbps&lsig=AG3C_xAwRQIhAILOz_PPa_Cssu8humT0YeB6NYC2rDGa522lYpoSqg7dAiBskyqld7zyAm2g98SF38xrwxQd_XIPFL3GW1ClG3eY1Q%3D%3D&sig=AOq0QJ8wRAIgaZbTW4SGfilVgPegkYgmRcacspDcC0x-ohAcTmNH9nACIAOhZkusEIFAtoePnteIExUSSZ3ksKXlb7R4O35ROITY&ratebypass=yes", "player_url": "/s/player/490079fb/player_ias.vflset/en_US/base.js", "ext": "mp4", "height": 720, "format_note": "720p", "vcodec": "avc1.4d401f", "asr": null, "filesize": 1149952, "fps": 25, "tbr": 40.6, "width": 720, "acodec": "none", "downloader_options": {"http_chunk_size": 10485760}, "format": "136 - 720x720 (720p)", "protocol": "https", "http_headers": {"User-Agent": "Mozilla/5.0 (Windows NT 10.0; Win64; x64) AppleWebKit/537.36 (KHTML, like Gecko) Chrome/74.0.3729.96 Safari/537.36", "Accept-Charset": "ISO-8859-1,utf-8;q=0.7,*;q=0.7", "Accept": "text/html,application/xhtml+xml,application/xml;q=0.9,*/*;q=0.8", "Accept-Encoding": "gzip, deflate", "Accept-Language": "en-us,en;q=0.5"}}, {"format_id": "243", "url": "https://r4---sn-ipoxu-u2x6.googlevideo.com/videoplayback?expire=1613156786&ei=Un0mYOnpBKXAigbqmIq4BQ&ip=61.230.12.35&id=o-AEP0VM9rz9RlOzJFEI9-1ZvYAY3TLdoQSro4YBWUBpIQ&itag=243&aitags=133%2C134%2C135%2C136%2C137%2C160%2C242%2C243%2C244%2C247%2C248%2C278&source=youtube&requiressl=yes&mh=bT&mm=31%2C29&mn=sn-ipoxu-u2x6%2Csn-un57en7l&ms=au%2Crdu&mv=m&mvi=4&pl=21&gcr=tw&initcwndbps=910000&vprv=1&mime=video%2Fwebm&ns=eN-uOljPvuT5OKlxjof9GkoF&gir=yes&clen=1374269&dur=320.600&lmt=1602293534677650&mt=1613134843&fvip=4&keepalive=yes&c=WEB&txp=1311222&n=hvDUnx4ozWJPulWtsJ&sparams=expire%2Cei%2Cip%2Cid%2Caitags%2Csource%2Crequiressl%2Cgcr%2Cvprv%2Cmime%2Cns%2Cgir%2Cclen%2Cdur%2Clmt&lsparams=mh%2Cmm%2Cmn%2Cms%2Cmv%2Cmvi%2Cpl%2Cinitcwndbps&lsig=AG3C_xAwRQIgOG2B3zEnMMeKNxxd-8KPES2U6rCtb_lR0VFhONxZLvMCIQDrIuyGzamjEEUg0BTALSqo3bkTZLxHJBx89vNyz19Z1Q%3D%3D&sig=AOq0QJ8wRQIgTIoHlHyJP_9uslROIbrVU2ZoKWxGbNMGdeb91hT06zsCIQCqllJPk1v95mR-htC-_0p_U8qUSxVgdSCo6vICqv9VhA==&ratebypass=yes", "player_url": "/s/player/490079fb/player_ias.vflset/en_US/base.js", "ext": "webm", "height": 360, "format_note": "360p", "vcodec": "vp9", "asr": null, "filesize": 1374269, "fps": 25, "tbr": 52.286, "width": 360, "acodec": "none", "downloader_options": {"http_chunk_size": 10485760}, "format": "243 - 360x360 (360p)", "protocol": "https", "http_headers": {"User-Agent": "Mozilla/5.0 (Windows NT 10.0; Win64; x64) AppleWebKit/537.36 (KHTML, like Gecko) Chrome/74.0.3729.96 Safari/537.36", "Accept-Charset": "ISO-8859-1,utf-8;q=0.7,*;q=0.7", "Accept": "text/html,application/xhtml+xml,application/xml;q=0.9,*/*;q=0.8", "Accept-Encoding": "gzip, deflate", "Accept-Language": "en-us,en;q=0.5"}}, {"format_id": "137", "url": "https://r4---sn-ipoxu-u2x6.googlevideo.com/videoplayback?expire=1613156786&ei=Un0mYOnpBKXAigbqmIq4BQ&ip=61.230.12.35&id=o-AEP0VM9rz9RlOzJFEI9-1ZvYAY3TLdoQSro4YBWUBpIQ&itag=137&aitags=133%2C134%2C135%2C136%2C137%2C160%2C242%2C243%2C244%2C247%2C248%2C278&source=youtube&requiressl=yes&mh=bT&mm=31%2C29&mn=sn-ipoxu-u2x6%2Csn-un57en7l&ms=au%2Crdu&mv=m&mvi=4&pl=21&gcr=tw&initcwndbps=910000&vprv=1&mime=video%2Fmp4&ns=eN-uOljPvuT5OKlxjof9GkoF&gir=yes&clen=1831326&dur=320.600&lmt=1606054559195215&mt=1613134843&fvip=4&keepalive=yes&c=WEB&txp=1311222&n=hvDUnx4ozWJPulWtsJ&sparams=expire%2Cei%2Cip%2Cid%2Caitags%2Csource%2Crequiressl%2Cgcr%2Cvprv%2Cmime%2Cns%2Cgir%2Cclen%2Cdur%2Clmt&lsparams=mh%2Cmm%2Cmn%2Cms%2Cmv%2Cmvi%2Cpl%2Cinitcwndbps&lsig=AG3C_xAwRgIhAMbtk_jrnzwEHLG9En1O_qnuWCP2uIsYCqC2EupFqFcNAiEAthEK6U9raCUkMoh3h0-i4X82hoSdQBnWu091y2CgEbI%3D&sig=AOq0QJ8wRgIhAIwGEG0oRqH-9wvRCqN7jp29O-XWc00uyywFnEF4Zgz0AiEA8LlMwiheIzxIRvx6otVKduRwTW15A6x2xrFuXHZPijw=&ratebypass=yes", "player_url": "/s/player/490079fb/player_ias.vflset/en_US/base.js", "ext": "mp4", "height": 1080, "format_note": "1080p", "vcodec": "avc1.640020", "asr": null, "filesize": 1831326, "fps": 25, "tbr": 65.273, "width": 1080, "acodec": "none", "downloader_options": {"http_chunk_size": 10485760}, "format": "137 - 1080x1080 (1080p)", "protocol": "https", "http_headers": {"User-Agent": "Mozilla/5.0 (Windows NT 10.0; Win64; x64) AppleWebKit/537.36 (KHTML, like Gecko) Chrome/74.0.3729.96 Safari/537.36", "Accept-Charset": "ISO-8859-1,utf-8;q=0.7,*;q=0.7", "Accept": "text/html,application/xhtml+xml,application/xml;q=0.9,*/*;q=0.8", "Accept-Encoding": "gzip, deflate", "Accept-Language": "en-us,en;q=0.5"}}, {"format_id": "244", "url": "https://r4---sn-ipoxu-u2x6.googlevideo.com/videoplayback?expire=1613156786&ei=Un0mYOnpBKXAigbqmIq4BQ&ip=61.230.12.35&id=o-AEP0VM9rz9RlOzJFEI9-1ZvYAY3TLdoQSro4YBWUBpIQ&itag=244&aitags=133%2C134%2C135%2C136%2C137%2C160%2C242%2C243%2C244%2C247%2C248%2C278&source=youtube&requiressl=yes&mh=bT&mm=31%2C29&mn=sn-ipoxu-u2x6%2Csn-un57en7l&ms=au%2Crdu&mv=m&mvi=4&pl=21&gcr=tw&initcwndbps=910000&vprv=1&mime=video%2Fwebm&ns=eN-uOljPvuT5OKlxjof9GkoF&gir=yes&clen=2103076&dur=320.600&lmt=1602293534842409&mt=1613134843&fvip=4&keepalive=yes&c=WEB&txp=1311222&n=hvDUnx4ozWJPulWtsJ&sparams=expire%2Cei%2Cip%2Cid%2Caitags%2Csource%2Crequiressl%2Cgcr%2Cvprv%2Cmime%2Cns%2Cgir%2Cclen%2Cdur%2Clmt&lsparams=mh%2Cmm%2Cmn%2Cms%2Cmv%2Cmvi%2Cpl%2Cinitcwndbps&lsig=AG3C_xAwRQIgUJYaieQFUq8_uvw_Y-DnPz_pUx8qkNnUhLGgSvB3fpgCIQDn8uAj0ewSyOdsEMtWVJMTXjQXG-XCMy-_BxpEamMPug%3D%3D&sig=AOq0QJ8wRgIhANZ_XdIrE1MAziR2Mo-D02DQaq0PggvUJx5qgHNXcJ71AiEAgler_x4y5k6HLem1sGkr1P1UZub2C0c6fXG9LobR_0c=&ratebypass=yes", "player_url": "/s/player/490079fb/player_ias.vflset/en_US/base.js", "ext": "webm", "height": 480, "format_note": "480p", "vcodec": "vp9", "asr": null, "filesize": 2103076, "fps": 25, "tbr": 81.658, "width": 480, "acodec": "none", "downloader_options": {"http_chunk_size": 10485760}, "format": "244 - 480x480 (480p)", "protocol": "https", "http_headers": {"User-Agent": "Mozilla/5.0 (Windows NT 10.0; Win64; x64) AppleWebKit/537.36 (KHTML, like Gecko) Chrome/74.0.3729.96 Safari/537.36", "Accept-Charset": "ISO-8859-1,utf-8;q=0.7,*;q=0.7", "Accept": "text/html,application/xhtml+xml,application/xml;q=0.9,*/*;q=0.8", "Accept-Encoding": "gzip, deflate", "Accept-Language": "en-us,en;q=0.5"}}, {"format_id": "247", "url": "https://r4---sn-ipoxu-u2x6.googlevideo.com/videoplayback?expire=1613156786&ei=Un0mYOnpBKXAigbqmIq4BQ&ip=61.230.12.35&id=o-AEP0VM9rz9RlOzJFEI9-1ZvYAY3TLdoQSro4YBWUBpIQ&itag=247&aitags=133%2C134%2C135%2C136%2C137%2C160%2C242%2C243%2C244%2C247%2C248%2C278&source=youtube&requiressl=yes&mh=bT&mm=31%2C29&mn=sn-ipoxu-u2x6%2Csn-un57en7l&ms=au%2Crdu&mv=m&mvi=4&pl=21&gcr=tw&initcwndbps=910000&vprv=1&mime=video%2Fwebm&ns=eN-uOljPvuT5OKlxjof9GkoF&gir=yes&clen=4070588&dur=320.600&lmt=1602293534638778&mt=1613134843&fvip=4&keepalive=yes&c=WEB&txp=1311222&n=hvDUnx4ozWJPulWtsJ&sparams=expire%2Cei%2Cip%2Cid%2Caitags%2Csource%2Crequiressl%2Cgcr%2Cvprv%2Cmime%2Cns%2Cgir%2Cclen%2Cdur%2Clmt&lsparams=mh%2Cmm%2Cmn%2Cms%2Cmv%2Cmvi%2Cpl%2Cinitcwndbps&lsig=AG3C_xAwRAIgd8hsrt2aPT87OekM31Zz4gdB2yfqnFAhKICziE5URhgCIBrvLuuZdi2n6vyWQXNMiNWDEOmnqE5jUUi9K_fFP0am&sig=AOq0QJ8wRQIhAKB5D02VQvOzq0NueMNnAlYtb3g_eH_2FxBRq6_iVBiEAiAa6KAJeIoUyL3Jtq4VkOEHwTadCDCOFj1z9YJaJbYmDA==&ratebypass=yes", "player_url": "/s/player/490079fb/player_ias.vflset/en_US/base.js", "ext": "webm", "height": 720, "format_note": "720p", "vcodec": "vp9", "asr": null, "filesize": 4070588, "fps": 25, "tbr": 158.903, "width": 720, "acodec": "none", "downloader_options": {"http_chunk_size": 10485760}, "format": "247 - 720x720 (720p)", "protocol": "https", "http_headers": {"User-Agent": "Mozilla/5.0 (Windows NT 10.0; Win64; x64) AppleWebKit/537.36 (KHTML, like Gecko) Chrome/74.0.3729.96 Safari/537.36", "Accept-Charset": "ISO-8859-1,utf-8;q=0.7,*;q=0.7", "Accept": "text/html,application/xhtml+xml,application/xml;q=0.9,*/*;q=0.8", "Accept-Encoding": "gzip, deflate", "Accept-Language": "en-us,en;q=0.5"}}, {"format_id": "248", "url": "https://r4---sn-ipoxu-u2x6.googlevideo.com/videoplayback?expire=1613156786&ei=Un0mYOnpBKXAigbqmIq4BQ&ip=61.230.12.35&id=o-AEP0VM9rz9RlOzJFEI9-1ZvYAY3TLdoQSro4YBWUBpIQ&itag=248&aitags=133%2C134%2C135%2C136%2C137%2C160%2C242%2C243%2C244%2C247%2C248%2C278&source=youtube&requiressl=yes&mh=bT&mm=31%2C29&mn=sn-ipoxu-u2x6%2Csn-un57en7l&ms=au%2Crdu&mv=m&mvi=4&pl=21&gcr=tw&initcwndbps=910000&vprv=1&mime=video%2Fwebm&ns=eN-uOljPvuT5OKlxjof9GkoF&gir=yes&clen=7146092&dur=320.600&lmt=1602292788916269&mt=1613134843&fvip=4&keepalive=yes&c=WEB&txp=1311222&n=hvDUnx4ozWJPulWtsJ&sparams=expire%2Cei%2Cip%2Cid%2Caitags%2Csource%2Crequiressl%2Cgcr%2Cvprv%2Cmime%2Cns%2Cgir%2Cclen%2Cdur%2Clmt&lsparams=mh%2Cmm%2Cmn%2Cms%2Cmv%2Cmvi%2Cpl%2Cinitcwndbps&lsig=AG3C_xAwRQIgET6_M0HCQS5WTA9b_IX5Eh5cKi74gRKMPVJIp79lDDsCIQD2gIvYP_KgkdRmcBz4FknrsPO3xXXhmjUnMijdCZ_Esg%3D%3D&sig=AOq0QJ8wRgIhAOOXS5uJO_UKi6yK9tVg9PLwxakxIwiUxsRT0qJEWU8UAiEAz17WDI5rK-1S_EjOHrc-BcqKV5MRLmgOQWKsM2e1tL0=&ratebypass=yes", "player_url": "/s/player/490079fb/player_ias.vflset/en_US/base.js", "ext": "webm", "height": 1080, "format_note": "1080p", "vcodec": "vp9", "asr": null, "filesize": 7146092, "fps": 25, "tbr": 282.607, "width": 1080, "acodec": "none", "downloader_options": {"http_chunk_size": 10485760}, "format": "248 - 1080x1080 (1080p)", "protocol": "https", "http_headers": {"User-Agent": "Mozilla/5.0 (Windows NT 10.0; Win64; x64) AppleWebKit/537.36 (KHTML, like Gecko) Chrome/74.0.3729.96 Safari/537.36", "Accept-Charset": "ISO-8859-1,utf-8;q=0.7,*;q=0.7", "Accept": "text/html,application/xhtml+xml,application/xml;q=0.9,*/*;q=0.8", "Accept-Encoding": "gzip, deflate", "Accept-Language": "en-us,en;q=0.5"}}, {"format_id": "18", "url": "https://r4---sn-ipoxu-u2x6.googlevideo.com/videoplayback?expire=1613156786&ei=Un0mYOnpBKXAigbqmIq4BQ&ip=61.230.12.35&id=o-AEP0VM9rz9RlOzJFEI9-1ZvYAY3TLdoQSro4YBWUBpIQ&itag=18&source=youtube&requiressl=yes&mh=bT&mm=31%2C29&mn=sn-ipoxu-u2x6%2Csn-un57en7l&ms=au%2Crdu&mv=m&mvi=4&pl=21&gcr=tw&initcwndbps=910000&vprv=1&mime=video%2Fmp4&ns=DIPYsPhdbE5_rMpqTMW83yEF&gir=yes&clen=6011567&ratebypass=yes&dur=320.667&lmt=1572119050788743&mt=1613134843&fvip=4&c=WEB&txp=1311222&n=LfJXXuAL9zQ5vgzvQm&sparams=expire%2Cei%2Cip%2Cid%2Citag%2Csource%2Crequiressl%2Cgcr%2Cvprv%2Cmime%2Cns%2Cgir%2Cclen%2Cratebypass%2Cdur%2Clmt&lsparams=mh%2Cmm%2Cmn%2Cms%2Cmv%2Cmvi%2Cpl%2Cinitcwndbps&lsig=AG3C_xAwRgIhAKAS4RqubXiVAMPdG2ankPXTQ2FIdpK_GADqv0S0AdyDAiEA2kSZSk4cAVyiutseGe_bWHmGExBBj_ehjDEj2cauEsc%3D&sig=AOq0QJ8wRQIgGYsdLQymbSi7qqtIRM_qP4rWnde9xvWDwRE1twi_wuACIQDe6IpfIypXevMawipRpcBBbAH-rVhCrn1ObisDFTVHcw==", "player_url": "/s/player/490079fb/player_ias.vflset/en_US/base.js", "ext": "mp4", "width": 360, "height": 360, "acodec": "mp4a.40.2", "abr": 96, "vcodec": "avc1.42001E", "asr": 44100, "filesize": 6011567, "format_note": "360p", "fps": 25, "tbr": 150.007, "format": "18 - 360x360 (360p)", "protocol": "https", "http_headers": {"User-Agent": "Mozilla/5.0 (Windows NT 10.0; Win64; x64) AppleWebKit/537.36 (KHTML, like Gecko) Chrome/74.0.3729.96 Safari/537.36", "Accept-Charset": "ISO-8859-1,utf-8;q=0.7,*;q=0.7", "Accept": "text/html,application/xhtml+xml,application/xml;q=0.9,*/*;q=0.8", "Accept-Encoding": "gzip, deflate", "Accept-Language": "en-us,en;q=0.5"}}], "is_live": null, "start_time": null, "end_time": null, "series": null, "season_number": null, "episode_number": null, "track": "Scenes from a Journey", "artist": "Gian Marco la Serra", "album": "Piano Solo", "release_date": "20140727", "release_year": 2014, "extractor": "youtube", "webpage_url_basename": "watch", "extractor_key": "Youtube", "playlist": null, "playlist_index": null, "thumbnail": "https://i.ytimg.com/vi_webp/osxmQReE_2o/maxresdefault.webp", "display_id": "osxmQReE_2o", "requested_subtitles": null, "format_id": "251", "url": "https://r4---sn-ipoxu-u2x6.googlevideo.com/videoplayback?expire=1613156786&ei=Un0mYOnpBKXAigbqmIq4BQ&ip=61.230.12.35&id=o-AEP0VM9rz9RlOzJFEI9-1ZvYAY3TLdoQSro4YBWUBpIQ&itag=251&source=youtube&requiressl=yes&mh=bT&mm=31%2C29&mn=sn-ipoxu-u2x6%2Csn-un57en7l&ms=au%2Crdu&mv=m&mvi=4&pl=21&gcr=tw&initcwndbps=910000&vprv=1&mime=audio%2Fwebm&ns=eN-uOljPvuT5OKlxjof9GkoF&gir=yes&clen=6366092&dur=320.641&lmt=1572119926983999&mt=1613134843&fvip=4&keepalive=yes&c=WEB&txp=1301222&n=hvDUnx4ozWJPulWtsJ&sparams=expire%2Cei%2Cip%2Cid%2Citag%2Csource%2Crequiressl%2Cgcr%2Cvprv%2Cmime%2Cns%2Cgir%2Cclen%2Cdur%2Clmt&lsparams=mh%2Cmm%2Cmn%2Cms%2Cmv%2Cmvi%2Cpl%2Cinitcwndbps&lsig=AG3C_xAwRAIgETm0ztli3STQl8NWaR_Fn0Ng4DdAFJkJXCsJ7umojrUCIDdUXfxWcr_X1KO_fUBGmIQo5kmBqM-bBG4kjYfjr1d4&sig=AOq0QJ8wRQIgEqUa6g0vHQkzAJpxSIVlf4Qdm0w-FfOdAXBwrmV0BTkCIQDxYPOiTXBu0Yh9SOspnNEXDA_kQgf-ytadHxuEkvSH6Q==&ratebypass=yes", "player_url": "/s/player/490079fb/player_ias.vflset/en_US/base.js", "ext": "webm", "format_note": "tiny", "acodec": "opus", "abr": 160, "asr": 48000, "filesize": 6366092, "fps": null, "height": null, "tbr": 172.868, "width": null, "vcodec": "none", "downloader_options": {"http_chunk_size": 10485760}, "format": "251 - audio only (tiny)", "protocol": "https", "http_headers": {"User-Agent": "Mozilla/5.0 (Windows NT 10.0; Win64; x64) AppleWebKit/537.36 (KHTML, like Gecko) Chrome/74.0.3729.96 Safari/537.36", "Accept-Charset": "ISO-8859-1,utf-8;q=0.7,*;q=0.7", "Accept": "text/html,application/xhtml+xml,application/xml;q=0.9,*/*;q=0.8", "Accept-Encoding": "gzip, deflate", "Accept-Language": "en-us,en;q=0.5"}}