{"id": "PVTI_htUI9o", "uploader": "Lucas King", "uploader_id": "LucasKingPiano", "uploader_url": "http://www.youtube.com/user/LucasKingPiano", "channel_id": "UCq52MbjRULLbjRPvxM7FwZg", "channel_url": "http://www.youtube.com/channel/UCq52MbjRULLbjRPvxM7FwZg", "upload_date": "20180623", "license": null, "creator": null, "title": "Dark Piano - Wrath", "alt_title": null, "thumbnails": [{"url": "https://i.ytimg.com/vi/PVTI_htUI9o/hqdefault.jpg?sqp=-oaymwEbCKgBEF5IVfKriqkDDggBFQAAiEIYAXABwAEG&rs=AOn4CLBPE3309l4gzCOV0vkBhAmyUnuWTg", "width": 168, "height": 94, "resolution": "168x94", "id": "0"}, {"url": "https://i.ytimg.com/vi/PVTI_htUI9o/hqdefault.jpg?sqp=-oaymwEbCMQBEG5IVfKriqkDDggBFQAAiEIYAXABwAEG&rs=AOn4CLDuGLqECRsEBVxAtdPJ4E31CIk31g", "width": 196, "height": 110, "resolution": "196x110", "id": "1"}, {"url": "https://i.ytimg.com/vi/PVTI_htUI9o/hqdefault.jpg?sqp=-oaymwEcCPYBEIoBSFXyq4qpAw4IARUAAIhCGAFwAcABBg==&rs=AOn4CLChK-Sm0RAooMLP9EFEpnfMJwwgng", "width": 246, "height": 138, "resolution": "246x138", "id": "2"}, {"url": "https://i.ytimg.com/vi/PVTI_htUI9o/hqdefault.jpg?sqp=-oaymwEcCNACELwBSFXyq4qpAw4IARUAAIhCGAFwAcABBg==&rs=AOn4CLCxu8S-QXodle_NVvXiqWy5N8cMDg", "width": 336, "height": 188, "resolution": "336x188", "id": "3"}, {"url": "https://i.ytimg.com/vi_webp/PVTI_htUI9o/maxresdefault.webp", "width": 1920, "height": 1080, "resolution": "1920x1080", "id": "4"}], "description": "Here are the sheets https://sellfy.com/p/GmB9/\n\nAn original dark piano piece called Wrath\n\nArt by Rob Joseph https://rob-joseph.deviantart.com/art/Weary-Warrior-299293008\n\n\n\n_\n\nPatreon https://www.patreon.com/LucasKingPiano\nFiverr https://www.fiverr.com/lucaskingpiano\nBandcamp https://lucaskingpiano.bandcamp.com/releases\nYouNow https://www.younow.com/LucasKingPiano/channel\nInstagram  http://bit.ly/1VlAYcP\nTwitter http://bit.ly/1bxbJj3\nFacebook http://bit.ly/1X486n7\nWattpad http://w.tt/1VgR06v4757\nSoundCloud http://bit.ly/1QkWkSL", "categories": ["Music"], "tags": ["Sad", "piano", "emotional", "relaxing", "beautiful", "sadness", "saddest", "break", "up", "music", "piano (musical instrument)", "darkest piano music", "dark piano", "darkest piano", "piano cover", "emotional intelligence"], "subtitles": {}, "automatic_captions": {}, "duration": 249, "age_limit": 0, "annotations": null, "chapters": null, "webpage_url": "https://www.youtube.com/watch?v=PVTI_htUI9o", "view_count": 380791, "like_count": 6219, "dislike_count": 55, "average_rating": 4.9649348, "formats": [{"format_id": "249", "url": "https://r6---sn-5njj-u2xe.googlevideo.com/videoplayback?expire=1612426637&ei=LVkbYKvmI8Kxs8IP9JehwAU&ip=140.109.135.76&id=o-AN-0bcXC-tmt-oFKYSWszk9MKx8s90mmDgMuHEecXXJg&itag=249&source=youtube&requiressl=yes&mh=eB&mm=31%2C29&mn=sn-5njj-u2xe%2Csn-un57en7e&ms=au%2Crdu&mv=m&mvi=6&pl=16&initcwndbps=487500&vprv=1&mime=audio%2Fwebm&ns=IWEL4wln3nF6QceKqoFj0Y8F&gir=yes&clen=1687304&dur=248.581&lmt=1529788148449031&mt=1612404299&fvip=6&keepalive=yes&c=WEB&n=y9EURq4EZKtBXDrrF&sparams=expire%2Cei%2Cip%2Cid%2Citag%2Csource%2Crequiressl%2Cvprv%2Cmime%2Cns%2Cgir%2Cclen%2Cdur%2Clmt&sig=AOq0QJ8wRQIhAKRizk42le4qBXymjijJJ4LRMvZZltOwQHETpLVxNXwRAiB-KfdUKvZiXPjPbiPs4AYiDghUKr_J37ArUqZpVBEFNQ%3D%3D&lsparams=mh%2Cmm%2Cmn%2Cms%2Cmv%2Cmvi%2Cpl%2Cinitcwndbps&lsig=AG3C_xAwRQIhAMJEPTFDFJJFCd_0iJkAImiRMrB8ZSUdg6JLr4I77g-GAiAuRgfVwRAd9yRJe1VxGStsZKzJtS5KuW_YcszkyqSJvg%3D%3D&ratebypass=yes", "player_url": null, "ext": "webm", "format_note": "tiny", "acodec": "opus", "abr": 50, "asr": 48000, "filesize": 1687304, "fps": null, "height": null, "tbr": 62.924, "width": null, "vcodec": "none", "downloader_options": {"http_chunk_size": 10485760}, "format": "249 - audio only (tiny)", "protocol": "https", "http_headers": {"User-Agent": "Mozilla/5.0 (Windows NT 10.0; Win64; x64) AppleWebKit/537.36 (KHTML, like Gecko) Chrome/70.0.3538.122 Safari/537.36", "Accept-Charset": "ISO-8859-1,utf-8;q=0.7,*;q=0.7", "Accept": "text/html,application/xhtml+xml,application/xml;q=0.9,*/*;q=0.8", "Accept-Encoding": "gzip, deflate", "Accept-Language": "en-us,en;q=0.5"}}, {"format_id": "250", "url": "https://r6---sn-5njj-u2xe.googlevideo.com/videoplayback?expire=1612426637&ei=LVkbYKvmI8Kxs8IP9JehwAU&ip=140.109.135.76&id=o-AN-0bcXC-tmt-oFKYSWszk9MKx8s90mmDgMuHEecXXJg&itag=250&source=youtube&requiressl=yes&mh=eB&mm=31%2C29&mn=sn-5njj-u2xe%2Csn-un57en7e&ms=au%2Crdu&mv=m&mvi=6&pl=16&initcwndbps=487500&vprv=1&mime=audio%2Fwebm&ns=IWEL4wln3nF6QceKqoFj0Y8F&gir=yes&clen=2257933&dur=248.581&lmt=1529788148873907&mt=1612404299&fvip=6&keepalive=yes&c=WEB&n=y9EURq4EZKtBXDrrF&sparams=expire%2Cei%2Cip%2Cid%2Citag%2Csource%2Crequiressl%2Cvprv%2Cmime%2Cns%2Cgir%2Cclen%2Cdur%2Clmt&sig=AOq0QJ8wRQIgfnkXUY6ukkhPhTGyuH-KtiCw30PZ_Ggl6jENojL7TJwCIQDKOQC4u7mgTAoJMs_eyJhvZRvAh13xFHOSDlGGW76BSA%3D%3D&lsparams=mh%2Cmm%2Cmn%2Cms%2Cmv%2Cmvi%2Cpl%2Cinitcwndbps&lsig=AG3C_xAwRQIhAMJEPTFDFJJFCd_0iJkAImiRMrB8ZSUdg6JLr4I77g-GAiAuRgfVwRAd9yRJe1VxGStsZKzJtS5KuW_YcszkyqSJvg%3D%3D&ratebypass=yes", "player_url": null, "ext": "webm", "format_note": "tiny", "acodec": "opus", "abr": 70, "asr": 48000, "filesize": 2257933, "fps": null, "height": null, "tbr": 82.63, "width": null, "vcodec": "none", "downloader_options": {"http_chunk_size": 10485760}, "format": "250 - audio only (tiny)", "protocol": "https", "http_headers": {"User-Agent": "Mozilla/5.0 (Windows NT 10.0; Win64; x64) AppleWebKit/537.36 (KHTML, like Gecko) Chrome/70.0.3538.122 Safari/537.36", "Accept-Charset": "ISO-8859-1,utf-8;q=0.7,*;q=0.7", "Accept": "text/html,application/xhtml+xml,application/xml;q=0.9,*/*;q=0.8", "Accept-Encoding": "gzip, deflate", "Accept-Language": "en-us,en;q=0.5"}}, {"format_id": "140", "url": "https://r6---sn-5njj-u2xe.googlevideo.com/videoplayback?expire=1612426637&ei=LVkbYKvmI8Kxs8IP9JehwAU&ip=140.109.135.76&id=o-AN-0bcXC-tmt-oFKYSWszk9MKx8s90mmDgMuHEecXXJg&itag=140&source=youtube&requiressl=yes&mh=eB&mm=31%2C29&mn=sn-5njj-u2xe%2Csn-un57en7e&ms=au%2Crdu&mv=m&mvi=6&pl=16&initcwndbps=487500&vprv=1&mime=audio%2Fmp4&ns=IWEL4wln3nF6QceKqoFj0Y8F&gir=yes&clen=3949259&dur=248.616&lmt=1529787190453647&mt=1612404299&fvip=6&keepalive=yes&c=WEB&n=y9EURq4EZKtBXDrrF&sparams=expire%2Cei%2Cip%2Cid%2Citag%2Csource%2Crequiressl%2Cvprv%2Cmime%2Cns%2Cgir%2Cclen%2Cdur%2Clmt&sig=AOq0QJ8wRQIhAJBxjCvCJwfbM7ASBfA4SkicKNl9fRcPo5_Xt6JeM6XQAiAayC6Vd_iqDNT4hCDlJOCVMESmyVFEn9Jn6xtcnFBpyg%3D%3D&lsparams=mh%2Cmm%2Cmn%2Cms%2Cmv%2Cmvi%2Cpl%2Cinitcwndbps&lsig=AG3C_xAwRQIhAMJEPTFDFJJFCd_0iJkAImiRMrB8ZSUdg6JLr4I77g-GAiAuRgfVwRAd9yRJe1VxGStsZKzJtS5KuW_YcszkyqSJvg%3D%3D&ratebypass=yes", "player_url": null, "ext": "m4a", "format_note": "tiny", "acodec": "mp4a.40.2", "abr": 128, "container": "m4a_dash", "asr": 44100, "filesize": 3949259, "fps": null, "height": null, "tbr": 127.947, "width": null, "vcodec": "none", "downloader_options": {"http_chunk_size": 10485760}, "format": "140 - audio only (tiny)", "protocol": "https", "http_headers": {"User-Agent": "Mozilla/5.0 (Windows NT 10.0; Win64; x64) AppleWebKit/537.36 (KHTML, like Gecko) Chrome/70.0.3538.122 Safari/537.36", "Accept-Charset": "ISO-8859-1,utf-8;q=0.7,*;q=0.7", "Accept": "text/html,application/xhtml+xml,application/xml;q=0.9,*/*;q=0.8", "Accept-Encoding": "gzip, deflate", "Accept-Language": "en-us,en;q=0.5"}}, {"format_id": "251", "url": "https://r6---sn-5njj-u2xe.googlevideo.com/videoplayback?expire=1612426637&ei=LVkbYKvmI8Kxs8IP9JehwAU&ip=140.109.135.76&id=o-AN-0bcXC-tmt-oFKYSWszk9MKx8s90mmDgMuHEecXXJg&itag=251&source=youtube&requiressl=yes&mh=eB&mm=31%2C29&mn=sn-5njj-u2xe%2Csn-un57en7e&ms=au%2Crdu&mv=m&mvi=6&pl=16&initcwndbps=487500&vprv=1&mime=audio%2Fwebm&ns=IWEL4wln3nF6QceKqoFj0Y8F&gir=yes&clen=4457225&dur=248.581&lmt=1529788149787864&mt=1612404299&fvip=6&keepalive=yes&c=WEB&n=y9EURq4EZKtBXDrrF&sparams=expire%2Cei%2Cip%2Cid%2Citag%2Csource%2Crequiressl%2Cvprv%2Cmime%2Cns%2Cgir%2Cclen%2Cdur%2Clmt&sig=AOq0QJ8wRQIgOHtMeMFMk-IxY1bUSxCeQ-ky7bLoLbcNmAqK-49oFnICIQD6n_3Zi4PG3-Tdg8ufvBp4jC1WjhP2sEGKY54nCFfqpg%3D%3D&lsparams=mh%2Cmm%2Cmn%2Cms%2Cmv%2Cmvi%2Cpl%2Cinitcwndbps&lsig=AG3C_xAwRQIhAMJEPTFDFJJFCd_0iJkAImiRMrB8ZSUdg6JLr4I77g-GAiAuRgfVwRAd9yRJe1VxGStsZKzJtS5KuW_YcszkyqSJvg%3D%3D&ratebypass=yes", "player_url": null, "ext": "webm", "format_note": "tiny", "acodec": "opus", "abr": 160, "asr": 48000, "filesize": 4457225, "fps": null, "height": null, "tbr": 159.504, "width": null, "vcodec": "none", "downloader_options": {"http_chunk_size": 10485760}, "format": "251 - audio only (tiny)", "protocol": "https", "http_headers": {"User-Agent": "Mozilla/5.0 (Windows NT 10.0; Win64; x64) AppleWebKit/537.36 (KHTML, like Gecko) Chrome/70.0.3538.122 Safari/537.36", "Accept-Charset": "ISO-8859-1,utf-8;q=0.7,*;q=0.7", "Accept": "text/html,application/xhtml+xml,application/xml;q=0.9,*/*;q=0.8", "Accept-Encoding": "gzip, deflate", "Accept-Language": "en-us,en;q=0.5"}}, {"format_id": "160", "url": "https://r6---sn-5njj-u2xe.googlevideo.com/videoplayback?expire=1612426637&ei=LVkbYKvmI8Kxs8IP9JehwAU&ip=140.109.135.76&id=o-AN-0bcXC-tmt-oFKYSWszk9MKx8s90mmDgMuHEecXXJg&itag=160&aitags=133%2C134%2C135%2C136%2C160%2C242%2C243%2C244%2C247%2C278%2C298%2C299%2C302%2C303%2C308%2C315&source=youtube&requiressl=yes&mh=eB&mm=31%2C29&mn=sn-5njj-u2xe%2Csn-un57en7e&ms=au%2Crdu&mv=m&mvi=6&pl=16&initcwndbps=487500&vprv=1&mime=video%2Fmp4&ns=IWEL4wln3nF6QceKqoFj0Y8F&gir=yes&clen=390379&dur=248.566&lmt=1529787296331244&mt=1612404299&fvip=6&keepalive=yes&c=WEB&n=y9EURq4EZKtBXDrrF&sparams=expire%2Cei%2Cip%2Cid%2Caitags%2Csource%2Crequiressl%2Cvprv%2Cmime%2Cns%2Cgir%2Cclen%2Cdur%2Clmt&sig=AOq0QJ8wRgIhALxnMoqknHX6GSQqLQVGWNDDWuJ1hfVtQrAPytVqmQVVAiEApVyOfcLoxIBjYsOvDTSOmbrrsZiIjrYD8IcrGN3OhYg%3D&lsparams=mh%2Cmm%2Cmn%2Cms%2Cmv%2Cmvi%2Cpl%2Cinitcwndbps&lsig=AG3C_xAwRQIhAMJEPTFDFJJFCd_0iJkAImiRMrB8ZSUdg6JLr4I77g-GAiAuRgfVwRAd9yRJe1VxGStsZKzJtS5KuW_YcszkyqSJvg%3D%3D&ratebypass=yes", "player_url": null, "ext": "mp4", "height": 144, "format_note": "144p", "vcodec": "avc1.4d400c", "asr": null, "filesize": 390379, "fps": 30, "tbr": 78.572, "width": 256, "acodec": "none", "downloader_options": {"http_chunk_size": 10485760}, "format": "160 - 256x144 (144p)", "protocol": "https", "http_headers": {"User-Agent": "Mozilla/5.0 (Windows NT 10.0; Win64; x64) AppleWebKit/537.36 (KHTML, like Gecko) Chrome/70.0.3538.122 Safari/537.36", "Accept-Charset": "ISO-8859-1,utf-8;q=0.7,*;q=0.7", "Accept": "text/html,application/xhtml+xml,application/xml;q=0.9,*/*;q=0.8", "Accept-Encoding": "gzip, deflate", "Accept-Language": "en-us,en;q=0.5"}}, {"format_id": "278", "url": "https://r6---sn-5njj-u2xe.googlevideo.com/videoplayback?expire=1612426637&ei=LVkbYKvmI8Kxs8IP9JehwAU&ip=140.109.135.76&id=o-AN-0bcXC-tmt-oFKYSWszk9MKx8s90mmDgMuHEecXXJg&itag=278&aitags=133%2C134%2C135%2C136%2C160%2C242%2C243%2C244%2C247%2C278%2C298%2C299%2C302%2C303%2C308%2C315&source=youtube&requiressl=yes&mh=eB&mm=31%2C29&mn=sn-5njj-u2xe%2Csn-un57en7e&ms=au%2Crdu&mv=m&mvi=6&pl=16&initcwndbps=487500&vprv=1&mime=video%2Fwebm&ns=IWEL4wln3nF6QceKqoFj0Y8F&gir=yes&clen=799908&dur=248.566&lmt=1529787592113735&mt=1612404299&fvip=6&keepalive=yes&c=WEB&n=y9EURq4EZKtBXDrrF&sparams=expire%2Cei%2Cip%2Cid%2Caitags%2Csource%2Crequiressl%2Cvprv%2Cmime%2Cns%2Cgir%2Cclen%2Cdur%2Clmt&sig=AOq0QJ8wRQIgRS8qVzFCBfZzY0fFYy_1YeigQ0-mNnucs45R0tGooqQCIQDlJqbH45YkDVwbVR2RqQgbAAAc9CEVzSEsqL9K7EWZ2Q%3D%3D&lsparams=mh%2Cmm%2Cmn%2Cms%2Cmv%2Cmvi%2Cpl%2Cinitcwndbps&lsig=AG3C_xAwRQIhAMJEPTFDFJJFCd_0iJkAImiRMrB8ZSUdg6JLr4I77g-GAiAuRgfVwRAd9yRJe1VxGStsZKzJtS5KuW_YcszkyqSJvg%3D%3D&ratebypass=yes", "player_url": null, "ext": "webm", "height": 144, "format_note": "144p", "container": "webm", "vcodec": "vp9", "asr": null, "filesize": 799908, "fps": 30, "tbr": 92.337, "width": 256, "acodec": "none", "downloader_options": {"http_chunk_size": 10485760}, "format": "278 - 256x144 (144p)", "protocol": "https", "http_headers": {"User-Agent": "Mozilla/5.0 (Windows NT 10.0; Win64; x64) AppleWebKit/537.36 (KHTML, like Gecko) Chrome/70.0.3538.122 Safari/537.36", "Accept-Charset": "ISO-8859-1,utf-8;q=0.7,*;q=0.7", "Accept": "text/html,application/xhtml+xml,application/xml;q=0.9,*/*;q=0.8", "Accept-Encoding": "gzip, deflate", "Accept-Language": "en-us,en;q=0.5"}}, {"format_id": "133", "url": "https://r6---sn-5njj-u2xe.googlevideo.com/videoplayback?expire=1612426637&ei=LVkbYKvmI8Kxs8IP9JehwAU&ip=140.109.135.76&id=o-AN-0bcXC-tmt-oFKYSWszk9MKx8s90mmDgMuHEecXXJg&itag=133&aitags=133%2C134%2C135%2C136%2C160%2C242%2C243%2C244%2C247%2C278%2C298%2C299%2C302%2C303%2C308%2C315&source=youtube&requiressl=yes&mh=eB&mm=31%2C29&mn=sn-5njj-u2xe%2Csn-un57en7e&ms=au%2Crdu&mv=m&mvi=6&pl=16&initcwndbps=487500&vprv=1&mime=video%2Fmp4&ns=IWEL4wln3nF6QceKqoFj0Y8F&gir=yes&clen=573133&dur=248.566&lmt=1529787296332166&mt=1612404299&fvip=6&keepalive=yes&c=WEB&n=y9EURq4EZKtBXDrrF&sparams=expire%2Cei%2Cip%2Cid%2Caitags%2Csource%2Crequiressl%2Cvprv%2Cmime%2Cns%2Cgir%2Cclen%2Cdur%2Clmt&sig=AOq0QJ8wRQIhAI1ll26C7r1gSVMDvSsH2tdscahztSzX1Evh2IRWVXzwAiAAyRPRQ-rzPGwFE9JhwbbQdqOmuwPGmwq_kYZ1jn8B_w%3D%3D&lsparams=mh%2Cmm%2Cmn%2Cms%2Cmv%2Cmvi%2Cpl%2Cinitcwndbps&lsig=AG3C_xAwRQIhAMJEPTFDFJJFCd_0iJkAImiRMrB8ZSUdg6JLr4I77g-GAiAuRgfVwRAd9yRJe1VxGStsZKzJtS5KuW_YcszkyqSJvg%3D%3D&ratebypass=yes", "player_url": null, "ext": "mp4", "height": 240, "format_note": "240p", "vcodec": "avc1.4d4015", "asr": null, "filesize": 573133, "fps": 30, "tbr": 147.204, "width": 426, "acodec": "none", "downloader_options": {"http_chunk_size": 10485760}, "format": "133 - 426x240 (240p)", "protocol": "https", "http_headers": {"User-Agent": "Mozilla/5.0 (Windows NT 10.0; Win64; x64) AppleWebKit/537.36 (KHTML, like Gecko) Chrome/70.0.3538.122 Safari/537.36", "Accept-Charset": "ISO-8859-1,utf-8;q=0.7,*;q=0.7", "Accept": "text/html,application/xhtml+xml,application/xml;q=0.9,*/*;q=0.8", "Accept-Encoding": "gzip, deflate", "Accept-Language": "en-us,en;q=0.5"}}, {"format_id": "242", "url": "https://r6---sn-5njj-u2xe.googlevideo.com/videoplayback?expire=1612426637&ei=LVkbYKvmI8Kxs8IP9JehwAU&ip=140.109.135.76&id=o-AN-0bcXC-tmt-oFKYSWszk9MKx8s90mmDgMuHEecXXJg&itag=242&aitags=133%2C134%2C135%2C136%2C160%2C242%2C243%2C244%2C247%2C278%2C298%2C299%2C302%2C303%2C308%2C315&source=youtube&requiressl=yes&mh=eB&mm=31%2C29&mn=sn-5njj-u2xe%2Csn-un57en7e&ms=au%2Crdu&mv=m&mvi=6&pl=16&initcwndbps=487500&vprv=1&mime=video%2Fwebm&ns=IWEL4wln3nF6QceKqoFj0Y8F&gir=yes&clen=1060298&dur=248.566&lmt=1529787592112367&mt=1612404299&fvip=6&keepalive=yes&c=WEB&n=y9EURq4EZKtBXDrrF&sparams=expire%2Cei%2Cip%2Cid%2Caitags%2Csource%2Crequiressl%2Cvprv%2Cmime%2Cns%2Cgir%2Cclen%2Cdur%2Clmt&sig=AOq0QJ8wRgIhAOKPhYgyAxBunMB6FdiSdHa4xYW1IGLLZ_2g4fUFozbDAiEAuWilBp2b2LSi0qlJFGBi7d1rcY28xqmyQW4zh-jcLco%3D&lsparams=mh%2Cmm%2Cmn%2Cms%2Cmv%2Cmvi%2Cpl%2Cinitcwndbps&lsig=AG3C_xAwRQIhAMJEPTFDFJJFCd_0iJkAImiRMrB8ZSUdg6JLr4I77g-GAiAuRgfVwRAd9yRJe1VxGStsZKzJtS5KuW_YcszkyqSJvg%3D%3D&ratebypass=yes", "player_url": null, "ext": "webm", "height": 240, "format_note": "240p", "vcodec": "vp9", "asr": null, "filesize": 1060298, "fps": 30, "tbr": 207.913, "width": 426, "acodec": "none", "downloader_options": {"http_chunk_size": 10485760}, "format": "242 - 426x240 (240p)", "protocol": "https", "http_headers": {"User-Agent": "Mozilla/5.0 (Windows NT 10.0; Win64; x64) AppleWebKit/537.36 (KHTML, like Gecko) Chrome/70.0.3538.122 Safari/537.36", "Accept-Charset": "ISO-8859-1,utf-8;q=0.7,*;q=0.7", "Accept": "text/html,application/xhtml+xml,application/xml;q=0.9,*/*;q=0.8", "Accept-Encoding": "gzip, deflate", "Accept-Language": "en-us,en;q=0.5"}}, {"format_id": "243", "url": "https://r6---sn-5njj-u2xe.googlevideo.com/videoplayback?expire=1612426637&ei=LVkbYKvmI8Kxs8IP9JehwAU&ip=140.109.135.76&id=o-AN-0bcXC-tmt-oFKYSWszk9MKx8s90mmDgMuHEecXXJg&itag=243&aitags=133%2C134%2C135%2C136%2C160%2C242%2C243%2C244%2C247%2C278%2C298%2C299%2C302%2C303%2C308%2C315&source=youtube&requiressl=yes&mh=eB&mm=31%2C29&mn=sn-5njj-u2xe%2Csn-un57en7e&ms=au%2Crdu&mv=m&mvi=6&pl=16&initcwndbps=487500&vprv=1&mime=video%2Fwebm&ns=IWEL4wln3nF6QceKqoFj0Y8F&gir=yes&clen=1809094&dur=248.566&lmt=1529787592112399&mt=1612404299&fvip=6&keepalive=yes&c=WEB&n=y9EURq4EZKtBXDrrF&sparams=expire%2Cei%2Cip%2Cid%2Caitags%2Csource%2Crequiressl%2Cvprv%2Cmime%2Cns%2Cgir%2Cclen%2Cdur%2Clmt&sig=AOq0QJ8wRAIgRomHkbVC1520SxTzysXGYV4aEw_rLqUF1sDtwNbO5KQCICzhQhOXUhrRzeHhNv6HhFYp2JWEHZjHmL2cncWi--_K&lsparams=mh%2Cmm%2Cmn%2Cms%2Cmv%2Cmvi%2Cpl%2Cinitcwndbps&lsig=AG3C_xAwRQIhAMJEPTFDFJJFCd_0iJkAImiRMrB8ZSUdg6JLr4I77g-GAiAuRgfVwRAd9yRJe1VxGStsZKzJtS5KuW_YcszkyqSJvg%3D%3D&ratebypass=yes", "player_url": null, "ext": "webm", "height": 360, "format_note": "360p", "vcodec": "vp9", "asr": null, "filesize": 1809094, "fps": 30, "tbr": 377.559, "width": 640, "acodec": "none", "downloader_options": {"http_chunk_size": 10485760}, "format": "243 - 640x360 (360p)", "protocol": "https", "http_headers": {"User-Agent": "Mozilla/5.0 (Windows NT 10.0; Win64; x64) AppleWebKit/537.36 (KHTML, like Gecko) Chrome/70.0.3538.122 Safari/537.36", "Accept-Charset": "ISO-8859-1,utf-8;q=0.7,*;q=0.7", "Accept": "text/html,application/xhtml+xml,application/xml;q=0.9,*/*;q=0.8", "Accept-Encoding": "gzip, deflate", "Accept-Language": "en-us,en;q=0.5"}}, {"format_id": "134", "url": "https://r6---sn-5njj-u2xe.googlevideo.com/videoplayback?expire=1612426637&ei=LVkbYKvmI8Kxs8IP9JehwAU&ip=140.109.135.76&id=o-AN-0bcXC-tmt-oFKYSWszk9MKx8s90mmDgMuHEecXXJg&itag=134&aitags=133%2C134%2C135%2C136%2C160%2C242%2C243%2C244%2C247%2C278%2C298%2C299%2C302%2C303%2C308%2C315&source=youtube&requiressl=yes&mh=eB&mm=31%2C29&mn=sn-5njj-u2xe%2Csn-un57en7e&ms=au%2Crdu&mv=m&mvi=6&pl=16&initcwndbps=487500&vprv=1&mime=video%2Fmp4&ns=IWEL4wln3nF6QceKqoFj0Y8F&gir=yes&clen=1163449&dur=248.566&lmt=1529787296330504&mt=1612404299&fvip=6&keepalive=yes&c=WEB&n=y9EURq4EZKtBXDrrF&sparams=expire%2Cei%2Cip%2Cid%2Caitags%2Csource%2Crequiressl%2Cvprv%2Cmime%2Cns%2Cgir%2Cclen%2Cdur%2Clmt&sig=AOq0QJ8wRgIhAKiXFhAd7xwQM1Nvz5mc1eUU1_BpjbC2JxmQgwauN1oTAiEA90u-lPB2SDhqOLU7KJ_uBrU5HGTX3rg2nzy6UXZD4tg%3D&lsparams=mh%2Cmm%2Cmn%2Cms%2Cmv%2Cmvi%2Cpl%2Cinitcwndbps&lsig=AG3C_xAwRQIhAMJEPTFDFJJFCd_0iJkAImiRMrB8ZSUdg6JLr4I77g-GAiAuRgfVwRAd9yRJe1VxGStsZKzJtS5KuW_YcszkyqSJvg%3D%3D&ratebypass=yes", "player_url": null, "ext": "mp4", "height": 360, "format_note": "360p", "vcodec": "avc1.4d401e", "asr": null, "filesize": 1163449, "fps": 30, "tbr": 400.354, "width": 640, "acodec": "none", "downloader_options": {"http_chunk_size": 10485760}, "format": "134 - 640x360 (360p)", "protocol": "https", "http_headers": {"User-Agent": "Mozilla/5.0 (Windows NT 10.0; Win64; x64) AppleWebKit/537.36 (KHTML, like Gecko) Chrome/70.0.3538.122 Safari/537.36", "Accept-Charset": "ISO-8859-1,utf-8;q=0.7,*;q=0.7", "Accept": "text/html,application/xhtml+xml,application/xml;q=0.9,*/*;q=0.8", "Accept-Encoding": "gzip, deflate", "Accept-Language": "en-us,en;q=0.5"}}, {"format_id": "244", "url": "https://r6---sn-5njj-u2xe.googlevideo.com/videoplayback?expire=1612426637&ei=LVkbYKvmI8Kxs8IP9JehwAU&ip=140.109.135.76&id=o-AN-0bcXC-tmt-oFKYSWszk9MKx8s90mmDgMuHEecXXJg&itag=244&aitags=133%2C134%2C135%2C136%2C160%2C242%2C243%2C244%2C247%2C278%2C298%2C299%2C302%2C303%2C308%2C315&source=youtube&requiressl=yes&mh=eB&mm=31%2C29&mn=sn-5njj-u2xe%2Csn-un57en7e&ms=au%2Crdu&mv=m&mvi=6&pl=16&initcwndbps=487500&vprv=1&mime=video%2Fwebm&ns=IWEL4wln3nF6QceKqoFj0Y8F&gir=yes&clen=2797045&dur=248.566&lmt=1529787592114610&mt=1612404299&fvip=6&keepalive=yes&c=WEB&n=y9EURq4EZKtBXDrrF&sparams=expire%2Cei%2Cip%2Cid%2Caitags%2Csource%2Crequiressl%2Cvprv%2Cmime%2Cns%2Cgir%2Cclen%2Cdur%2Clmt&sig=AOq0QJ8wRQIgEKa_NZ9Z2ggXbOfK2oVMVWZsUWkKB4Mc6ghsC_kI1vMCIQDAlvIETJtgedLFur0mMTetj6dLm2w6gactNCLRZ8qhWg%3D%3D&lsparams=mh%2Cmm%2Cmn%2Cms%2Cmv%2Cmvi%2Cpl%2Cinitcwndbps&lsig=AG3C_xAwRQIhAMJEPTFDFJJFCd_0iJkAImiRMrB8ZSUdg6JLr4I77g-GAiAuRgfVwRAd9yRJe1VxGStsZKzJtS5KuW_YcszkyqSJvg%3D%3D&ratebypass=yes", "player_url": null, "ext": "webm", "height": 480, "format_note": "480p", "vcodec": "vp9", "asr": null, "filesize": 2797045, "fps": 30, "tbr": 681.913, "width": 854, "acodec": "none", "downloader_options": {"http_chunk_size": 10485760}, "format": "244 - 854x480 (480p)", "protocol": "https", "http_headers": {"User-Agent": "Mozilla/5.0 (Windows NT 10.0; Win64; x64) AppleWebKit/537.36 (KHTML, like Gecko) Chrome/70.0.3538.122 Safari/537.36", "Accept-Charset": "ISO-8859-1,utf-8;q=0.7,*;q=0.7", "Accept": "text/html,application/xhtml+xml,application/xml;q=0.9,*/*;q=0.8", "Accept-Encoding": "gzip, deflate", "Accept-Language": "en-us,en;q=0.5"}}, {"format_id": "135", "url": "https://r6---sn-5njj-u2xe.googlevideo.com/videoplayback?expire=1612426637&ei=LVkbYKvmI8Kxs8IP9JehwAU&ip=140.109.135.76&id=o-AN-0bcXC-tmt-oFKYSWszk9MKx8s90mmDgMuHEecXXJg&itag=135&aitags=133%2C134%2C135%2C136%2C160%2C242%2C243%2C244%2C247%2C278%2C298%2C299%2C302%2C303%2C308%2C315&source=youtube&requiressl=yes&mh=eB&mm=31%2C29&mn=sn-5njj-u2xe%2Csn-un57en7e&ms=au%2Crdu&mv=m&mvi=6&pl=16&initcwndbps=487500&vprv=1&mime=video%2Fmp4&ns=IWEL4wln3nF6QceKqoFj0Y8F&gir=yes&clen=2055432&dur=248.566&lmt=1529787296526984&mt=1612404299&fvip=6&keepalive=yes&c=WEB&n=y9EURq4EZKtBXDrrF&sparams=expire%2Cei%2Cip%2Cid%2Caitags%2Csource%2Crequiressl%2Cvprv%2Cmime%2Cns%2Cgir%2Cclen%2Cdur%2Clmt&sig=AOq0QJ8wRQIhANpiJHhKvU2cSaNTyOMZpG7SxqriosAUJbim4GwGenK9AiB3oorTNimmPASYmgHRAMBy-mLxgQCFoCsmqrGPm8hsbw%3D%3D&lsparams=mh%2Cmm%2Cmn%2Cms%2Cmv%2Cmvi%2Cpl%2Cinitcwndbps&lsig=AG3C_xAwRQIhAMJEPTFDFJJFCd_0iJkAImiRMrB8ZSUdg6JLr4I77g-GAiAuRgfVwRAd9yRJe1VxGStsZKzJtS5KuW_YcszkyqSJvg%3D%3D&ratebypass=yes", "player_url": null, "ext": "mp4", "height": 480, "format_note": "480p", "vcodec": "avc1.4d401f", "asr": null, "filesize": 2055432, "fps": 30, "tbr": 758.572, "width": 854, "acodec": "none", "downloader_options": {"http_chunk_size": 10485760}, "format": "135 - 854x480 (480p)", "protocol": "https", "http_headers": {"User-Agent": "Mozilla/5.0 (Windows NT 10.0; Win64; x64) AppleWebKit/537.36 (KHTML, like Gecko) Chrome/70.0.3538.122 Safari/537.36", "Accept-Charset": "ISO-8859-1,utf-8;q=0.7,*;q=0.7", "Accept": "text/html,application/xhtml+xml,application/xml;q=0.9,*/*;q=0.8", "Accept-Encoding": "gzip, deflate", "Accept-Language": "en-us,en;q=0.5"}}, {"format_id": "136", "url": "https://r6---sn-5njj-u2xe.googlevideo.com/videoplayback?expire=1612426637&ei=LVkbYKvmI8Kxs8IP9JehwAU&ip=140.109.135.76&id=o-AN-0bcXC-tmt-oFKYSWszk9MKx8s90mmDgMuHEecXXJg&itag=136&aitags=133%2C134%2C135%2C136%2C160%2C242%2C243%2C244%2C247%2C278%2C298%2C299%2C302%2C303%2C308%2C315&source=youtube&requiressl=yes&mh=eB&mm=31%2C29&mn=sn-5njj-u2xe%2Csn-un57en7e&ms=au%2Crdu&mv=m&mvi=6&pl=16&initcwndbps=487500&vprv=1&mime=video%2Fmp4&ns=IWEL4wln3nF6QceKqoFj0Y8F&gir=yes&clen=3622937&dur=248.566&lmt=1529787296625409&mt=1612404299&fvip=6&keepalive=yes&c=WEB&n=y9EURq4EZKtBXDrrF&sparams=expire%2Cei%2Cip%2Cid%2Caitags%2Csource%2Crequiressl%2Cvprv%2Cmime%2Cns%2Cgir%2Cclen%2Cdur%2Clmt&sig=AOq0QJ8wRAIgKu-YwoJs7krcIKumEXrcftB9FHA7tUGAxFixMM_nTT8CIB2lhKDqUeCpQBzFSZiWCxP4MB5xzocnIUxg0IYzuCFI&lsparams=mh%2Cmm%2Cmn%2Cms%2Cmv%2Cmvi%2Cpl%2Cinitcwndbps&lsig=AG3C_xAwRQIhAMJEPTFDFJJFCd_0iJkAImiRMrB8ZSUdg6JLr4I77g-GAiAuRgfVwRAd9yRJe1VxGStsZKzJtS5KuW_YcszkyqSJvg%3D%3D&ratebypass=yes", "player_url": null, "ext": "mp4", "height": 720, "format_note": "720p", "vcodec": "avc1.4d401f", "asr": null, "filesize": 3622937, "fps": 30, "tbr": 1327.702, "width": 1280, "acodec": "none", "downloader_options": {"http_chunk_size": 10485760}, "format": "136 - 1280x720 (720p)", "protocol": "https", "http_headers": {"User-Agent": "Mozilla/5.0 (Windows NT 10.0; Win64; x64) AppleWebKit/537.36 (KHTML, like Gecko) Chrome/70.0.3538.122 Safari/537.36", "Accept-Charset": "ISO-8859-1,utf-8;q=0.7,*;q=0.7", "Accept": "text/html,application/xhtml+xml,application/xml;q=0.9,*/*;q=0.8", "Accept-Encoding": "gzip, deflate", "Accept-Language": "en-us,en;q=0.5"}}, {"format_id": "247", "url": "https://r6---sn-5njj-u2xe.googlevideo.com/videoplayback?expire=1612426637&ei=LVkbYKvmI8Kxs8IP9JehwAU&ip=140.109.135.76&id=o-AN-0bcXC-tmt-oFKYSWszk9MKx8s90mmDgMuHEecXXJg&itag=247&aitags=133%2C134%2C135%2C136%2C160%2C242%2C243%2C244%2C247%2C278%2C298%2C299%2C302%2C303%2C308%2C315&source=youtube&requiressl=yes&mh=eB&mm=31%2C29&mn=sn-5njj-u2xe%2Csn-un57en7e&ms=au%2Crdu&mv=m&mvi=6&pl=16&initcwndbps=487500&vprv=1&mime=video%2Fwebm&ns=IWEL4wln3nF6QceKqoFj0Y8F&gir=yes&clen=4725296&dur=248.566&lmt=1529787592114242&mt=1612404299&fvip=6&keepalive=yes&c=WEB&n=y9EURq4EZKtBXDrrF&sparams=expire%2Cei%2Cip%2Cid%2Caitags%2Csource%2Crequiressl%2Cvprv%2Cmime%2Cns%2Cgir%2Cclen%2Cdur%2Clmt&sig=AOq0QJ8wRQIgFpwiZFaeoGSeSVYSeabvLVsMzM5mLc7ESIsjVVVRNOgCIQCmDGKN5G1__i9UtS-u_YiNZVu0jmR17KkteClOiy6JMQ%3D%3D&lsparams=mh%2Cmm%2Cmn%2Cms%2Cmv%2Cmvi%2Cpl%2Cinitcwndbps&lsig=AG3C_xAwRQIhAMJEPTFDFJJFCd_0iJkAImiRMrB8ZSUdg6JLr4I77g-GAiAuRgfVwRAd9yRJe1VxGStsZKzJtS5KuW_YcszkyqSJvg%3D%3D&ratebypass=yes", "player_url": null, "ext": "webm", "height": 720, "format_note": "720p", "vcodec": "vp9", "asr": null, "filesize": 4725296, "fps": 30, "tbr": 1342.237, "width": 1280, "acodec": "none", "downloader_options": {"http_chunk_size": 10485760}, "format": "247 - 1280x720 (720p)", "protocol": "https", "http_headers": {"User-Agent": "Mozilla/5.0 (Windows NT 10.0; Win64; x64) AppleWebKit/537.36 (KHTML, like Gecko) Chrome/70.0.3538.122 Safari/537.36", "Accept-Charset": "ISO-8859-1,utf-8;q=0.7,*;q=0.7", "Accept": "text/html,application/xhtml+xml,application/xml;q=0.9,*/*;q=0.8", "Accept-Encoding": "gzip, deflate", "Accept-Language": "en-us,en;q=0.5"}}, {"format_id": "302", "url": "https://r6---sn-5njj-u2xe.googlevideo.com/videoplayback?expire=1612426637&ei=LVkbYKvmI8Kxs8IP9JehwAU&ip=140.109.135.76&id=o-AN-0bcXC-tmt-oFKYSWszk9MKx8s90mmDgMuHEecXXJg&itag=302&aitags=133%2C134%2C135%2C136%2C160%2C242%2C243%2C244%2C247%2C278%2C298%2C299%2C302%2C303%2C308%2C315&source=youtube&requiressl=yes&mh=eB&mm=31%2C29&mn=sn-5njj-u2xe%2Csn-un57en7e&ms=au%2Crdu&mv=m&mvi=6&pl=16&initcwndbps=487500&vprv=1&mime=video%2Fwebm&ns=IWEL4wln3nF6QceKqoFj0Y8F&gir=yes&clen=6426797&dur=248.566&lmt=1529787253065101&mt=1612404299&fvip=6&keepalive=yes&c=WEB&n=y9EURq4EZKtBXDrrF&sparams=expire%2Cei%2Cip%2Cid%2Caitags%2Csource%2Crequiressl%2Cvprv%2Cmime%2Cns%2Cgir%2Cclen%2Cdur%2Clmt&sig=AOq0QJ8wRAIgJJ2mhaRC4z7FwJDItLdctk9Lbw_1j-NRw_ZoQNMUR2MCIGpHc-MFZZpxWQTrXf4geXXAxjLh-V4hG2tvx69VqTPJ&lsparams=mh%2Cmm%2Cmn%2Cms%2Cmv%2Cmvi%2Cpl%2Cinitcwndbps&lsig=AG3C_xAwRQIhAMJEPTFDFJJFCd_0iJkAImiRMrB8ZSUdg6JLr4I77g-GAiAuRgfVwRAd9yRJe1VxGStsZKzJtS5KuW_YcszkyqSJvg%3D%3D&ratebypass=yes", "player_url": null, "ext": "webm", "height": 720, "format_note": "720p60", "vcodec": "vp9", "fps": 60, "asr": null, "filesize": 6426797, "tbr": 1713.479, "width": 1280, "acodec": "none", "downloader_options": {"http_chunk_size": 10485760}, "format": "302 - 1280x720 (720p60)", "protocol": "https", "http_headers": {"User-Agent": "Mozilla/5.0 (Windows NT 10.0; Win64; x64) AppleWebKit/537.36 (KHTML, like Gecko) Chrome/70.0.3538.122 Safari/537.36", "Accept-Charset": "ISO-8859-1,utf-8;q=0.7,*;q=0.7", "Accept": "text/html,application/xhtml+xml,application/xml;q=0.9,*/*;q=0.8", "Accept-Encoding": "gzip, deflate", "Accept-Language": "en-us,en;q=0.5"}}, {"format_id": "298", "url": "https://r6---sn-5njj-u2xe.googlevideo.com/videoplayback?expire=1612426637&ei=LVkbYKvmI8Kxs8IP9JehwAU&ip=140.109.135.76&id=o-AN-0bcXC-tmt-oFKYSWszk9MKx8s90mmDgMuHEecXXJg&itag=298&aitags=133%2C134%2C135%2C136%2C160%2C242%2C243%2C244%2C247%2C278%2C298%2C299%2C302%2C303%2C308%2C315&source=youtube&requiressl=yes&mh=eB&mm=31%2C29&mn=sn-5njj-u2xe%2Csn-un57en7e&ms=au%2Crdu&mv=m&mvi=6&pl=16&initcwndbps=487500&vprv=1&mime=video%2Fmp4&ns=IWEL4wln3nF6QceKqoFj0Y8F&gir=yes&clen=5532089&dur=248.566&lmt=1529787219598198&mt=1612404299&fvip=6&keepalive=yes&c=WEB&n=y9EURq4EZKtBXDrrF&sparams=expire%2Cei%2Cip%2Cid%2Caitags%2Csource%2Crequiressl%2Cvprv%2Cmime%2Cns%2Cgir%2Cclen%2Cdur%2Clmt&sig=AOq0QJ8wRQIhAMul09yx0y_iwbVDiLH6fl5NV_fsGhd4KR8MQonVxOxeAiA52GygxE37114Z2Hh1rQIlDh1BE0nMDmJUsYVehSNCPg%3D%3D&lsparams=mh%2Cmm%2Cmn%2Cms%2Cmv%2Cmvi%2Cpl%2Cinitcwndbps&lsig=AG3C_xAwRQIhAMJEPTFDFJJFCd_0iJkAImiRMrB8ZSUdg6JLr4I77g-GAiAuRgfVwRAd9yRJe1VxGStsZKzJtS5KuW_YcszkyqSJvg%3D%3D&ratebypass=yes", "player_url": null, "ext": "mp4", "height": 720, "format_note": "720p60", "vcodec": "avc1.4d4020", "fps": 60, "asr": null, "filesize": 5532089, "tbr": 1971.424, "width": 1280, "acodec": "none", "downloader_options": {"http_chunk_size": 10485760}, "format": "298 - 1280x720 (720p60)", "protocol": "https", "http_headers": {"User-Agent": "Mozilla/5.0 (Windows NT 10.0; Win64; x64) AppleWebKit/537.36 (KHTML, like Gecko) Chrome/70.0.3538.122 Safari/537.36", "Accept-Charset": "ISO-8859-1,utf-8;q=0.7,*;q=0.7", "Accept": "text/html,application/xhtml+xml,application/xml;q=0.9,*/*;q=0.8", "Accept-Encoding": "gzip, deflate", "Accept-Language": "en-us,en;q=0.5"}}, {"format_id": "303", "url": "https://r6---sn-5njj-u2xe.googlevideo.com/videoplayback?expire=1612426637&ei=LVkbYKvmI8Kxs8IP9JehwAU&ip=140.109.135.76&id=o-AN-0bcXC-tmt-oFKYSWszk9MKx8s90mmDgMuHEecXXJg&itag=303&aitags=133%2C134%2C135%2C136%2C160%2C242%2C243%2C244%2C247%2C278%2C298%2C299%2C302%2C303%2C308%2C315&source=youtube&requiressl=yes&mh=eB&mm=31%2C29&mn=sn-5njj-u2xe%2Csn-un57en7e&ms=au%2Crdu&mv=m&mvi=6&pl=16&initcwndbps=487500&vprv=1&mime=video%2Fwebm&ns=IWEL4wln3nF6QceKqoFj0Y8F&gir=yes&clen=11142629&dur=248.566&lmt=1529787300161713&mt=1612404299&fvip=6&keepalive=yes&c=WEB&n=y9EURq4EZKtBXDrrF&sparams=expire%2Cei%2Cip%2Cid%2Caitags%2Csource%2Crequiressl%2Cvprv%2Cmime%2Cns%2Cgir%2Cclen%2Cdur%2Clmt&sig=AOq0QJ8wRQIhANMn_q74lGb52skHPreFXltgBrmjNWBgWGXR9JYu5g2LAiASDJvS3j90yFYykQhEaJjOQ_o0AhD5aD7TeBLoV96CsQ%3D%3D&lsparams=mh%2Cmm%2Cmn%2Cms%2Cmv%2Cmvi%2Cpl%2Cinitcwndbps&lsig=AG3C_xAwRQIhAMJEPTFDFJJFCd_0iJkAImiRMrB8ZSUdg6JLr4I77g-GAiAuRgfVwRAd9yRJe1VxGStsZKzJtS5KuW_YcszkyqSJvg%3D%3D&ratebypass=yes", "player_url": null, "ext": "webm", "height": 1080, "format_note": "1080p60", "vcodec": "vp9", "fps": 60, "asr": null, "filesize": 11142629, "tbr": 2805.798, "width": 1920, "acodec": "none", "downloader_options": {"http_chunk_size": 10485760}, "format": "303 - 1920x1080 (1080p60)", "protocol": "https", "http_headers": {"User-Agent": "Mozilla/5.0 (Windows NT 10.0; Win64; x64) AppleWebKit/537.36 (KHTML, like Gecko) Chrome/70.0.3538.122 Safari/537.36", "Accept-Charset": "ISO-8859-1,utf-8;q=0.7,*;q=0.7", "Accept": "text/html,application/xhtml+xml,application/xml;q=0.9,*/*;q=0.8", "Accept-Encoding": "gzip, deflate", "Accept-Language": "en-us,en;q=0.5"}}, {"format_id": "299", "url": "https://r6---sn-5njj-u2xe.googlevideo.com/videoplayback?expire=1612426637&ei=LVkbYKvmI8Kxs8IP9JehwAU&ip=140.109.135.76&id=o-AN-0bcXC-tmt-oFKYSWszk9MKx8s90mmDgMuHEecXXJg&itag=299&aitags=133%2C134%2C135%2C136%2C160%2C242%2C243%2C244%2C247%2C278%2C298%2C299%2C302%2C303%2C308%2C315&source=youtube&requiressl=yes&mh=eB&mm=31%2C29&mn=sn-5njj-u2xe%2Csn-un57en7e&ms=au%2Crdu&mv=m&mvi=6&pl=16&initcwndbps=487500&vprv=1&mime=video%2Fmp4&ns=IWEL4wln3nF6QceKqoFj0Y8F&gir=yes&clen=9824696&dur=248.566&lmt=1529787250745142&mt=1612404299&fvip=6&keepalive=yes&c=WEB&n=y9EURq4EZKtBXDrrF&sparams=expire%2Cei%2Cip%2Cid%2Caitags%2Csource%2Crequiressl%2Cvprv%2Cmime%2Cns%2Cgir%2Cclen%2Cdur%2Clmt&sig=AOq0QJ8wRQIhAJW7dt6dMojKp0uotGCq4Bi1MFzZ93utDzFh20A06WXUAiAYiHZ8g_B0R-8E1SMHFCUxEagh_OAyLIqIgJqureMRiw%3D%3D&lsparams=mh%2Cmm%2Cmn%2Cms%2Cmv%2Cmvi%2Cpl%2Cinitcwndbps&lsig=AG3C_xAwRQIhAMJEPTFDFJJFCd_0iJkAImiRMrB8ZSUdg6JLr4I77g-GAiAuRgfVwRAd9yRJe1VxGStsZKzJtS5KuW_YcszkyqSJvg%3D%3D&ratebypass=yes", "player_url": null, "ext": "mp4", "height": 1080, "format_note": "1080p60", "vcodec": "avc1.64002a", "fps": 60, "asr": null, "filesize": 9824696, "tbr": 3554.862, "width": 1920, "acodec": "none", "downloader_options": {"http_chunk_size": 10485760}, "format": "299 - 1920x1080 (1080p60)", "protocol": "https", "http_headers": {"User-Agent": "Mozilla/5.0 (Windows NT 10.0; Win64; x64) AppleWebKit/537.36 (KHTML, like Gecko) Chrome/70.0.3538.122 Safari/537.36", "Accept-Charset": "ISO-8859-1,utf-8;q=0.7,*;q=0.7", "Accept": "text/html,application/xhtml+xml,application/xml;q=0.9,*/*;q=0.8", "Accept-Encoding": "gzip, deflate", "Accept-Language": "en-us,en;q=0.5"}}, {"format_id": "308", "url": "https://r6---sn-5njj-u2xe.googlevideo.com/videoplayback?expire=1612426637&ei=LVkbYKvmI8Kxs8IP9JehwAU&ip=140.109.135.76&id=o-AN-0bcXC-tmt-oFKYSWszk9MKx8s90mmDgMuHEecXXJg&itag=308&aitags=133%2C134%2C135%2C136%2C160%2C242%2C243%2C244%2C247%2C278%2C298%2C299%2C302%2C303%2C308%2C315&source=youtube&requiressl=yes&mh=eB&mm=31%2C29&mn=sn-5njj-u2xe%2Csn-un57en7e&ms=au%2Crdu&mv=m&mvi=6&pl=16&initcwndbps=487500&vprv=1&mime=video%2Fwebm&ns=IWEL4wln3nF6QceKqoFj0Y8F&gir=yes&clen=46077493&dur=248.566&lmt=1529787313897589&mt=1612404299&fvip=6&keepalive=yes&c=WEB&n=y9EURq4EZKtBXDrrF&sparams=expire%2Cei%2Cip%2Cid%2Caitags%2Csource%2Crequiressl%2Cvprv%2Cmime%2Cns%2Cgir%2Cclen%2Cdur%2Clmt&sig=AOq0QJ8wRgIhAJvgUDl-ffvESK_6_cXKNguYR6s9GfY2MQBzknbX5YttAiEAxbtff9-PLZvmhCS5wAp8bbX83rNUfQ-xgjewrCEdxzE%3D&lsparams=mh%2Cmm%2Cmn%2Cms%2Cmv%2Cmvi%2Cpl%2Cinitcwndbps&lsig=AG3C_xAwRQIhAMJEPTFDFJJFCd_0iJkAImiRMrB8ZSUdg6JLr4I77g-GAiAuRgfVwRAd9yRJe1VxGStsZKzJtS5KuW_YcszkyqSJvg%3D%3D&ratebypass=yes", "player_url": null, "ext": "webm", "height": 1440, "format_note": "1440p60", "vcodec": "vp9", "fps": 60, "asr": null, "filesize": 46077493, "tbr": 5684.74, "width": 2560, "acodec": "none", "downloader_options": {"http_chunk_size": 10485760}, "format": "308 - 2560x1440 (1440p60)", "protocol": "https", "http_headers": {"User-Agent": "Mozilla/5.0 (Windows NT 10.0; Win64; x64) AppleWebKit/537.36 (KHTML, like Gecko) Chrome/70.0.3538.122 Safari/537.36", "Accept-Charset": "ISO-8859-1,utf-8;q=0.7,*;q=0.7", "Accept": "text/html,application/xhtml+xml,application/xml;q=0.9,*/*;q=0.8", "Accept-Encoding": "gzip, deflate", "Accept-Language": "en-us,en;q=0.5"}}, {"format_id": "315", "url": "https://r6---sn-5njj-u2xe.googlevideo.com/videoplayback?expire=1612426637&ei=LVkbYKvmI8Kxs8IP9JehwAU&ip=140.109.135.76&id=o-AN-0bcXC-tmt-oFKYSWszk9MKx8s90mmDgMuHEecXXJg&itag=315&aitags=133%2C134%2C135%2C136%2C160%2C242%2C243%2C244%2C247%2C278%2C298%2C299%2C302%2C303%2C308%2C315&source=youtube&requiressl=yes&mh=eB&mm=31%2C29&mn=sn-5njj-u2xe%2Csn-un57en7e&ms=au%2Crdu&mv=m&mvi=6&pl=16&initcwndbps=487500&vprv=1&mime=video%2Fwebm&ns=IWEL4wln3nF6QceKqoFj0Y8F&gir=yes&clen=251796252&dur=248.566&lmt=1529787512573030&mt=1612404299&fvip=6&keepalive=yes&c=WEB&n=y9EURq4EZKtBXDrrF&sparams=expire%2Cei%2Cip%2Cid%2Caitags%2Csource%2Crequiressl%2Cvprv%2Cmime%2Cns%2Cgir%2Cclen%2Cdur%2Clmt&sig=AOq0QJ8wRQIhAPloAiJBwNGgLAo6sYiYkHCV4JMkurDOiMqC_bjlNEVZAiBGnfYlhKhpu9B0Z3tqbUQ_nDUyn11eH-IE5v3pAxKOaQ%3D%3D&lsparams=mh%2Cmm%2Cmn%2Cms%2Cmv%2Cmvi%2Cpl%2Cinitcwndbps&lsig=AG3C_xAwRQIhAMJEPTFDFJJFCd_0iJkAImiRMrB8ZSUdg6JLr4I77g-GAiAuRgfVwRAd9yRJe1VxGStsZKzJtS5KuW_YcszkyqSJvg%3D%3D&ratebypass=yes", "player_url": null, "ext": "webm", "height": 2160, "format_note": "2160p60", "vcodec": "vp9", "fps": 60, "asr": null, "filesize": 251796252, "tbr": 14486.019, "width": 3840, "acodec": "none", "downloader_options": {"http_chunk_size": 10485760}, "format": "315 - 3840x2160 (2160p60)", "protocol": "https", "http_headers": {"User-Agent": "Mozilla/5.0 (Windows NT 10.0; Win64; x64) AppleWebKit/537.36 (KHTML, like Gecko) Chrome/70.0.3538.122 Safari/537.36", "Accept-Charset": "ISO-8859-1,utf-8;q=0.7,*;q=0.7", "Accept": "text/html,application/xhtml+xml,application/xml;q=0.9,*/*;q=0.8", "Accept-Encoding": "gzip, deflate", "Accept-Language": "en-us,en;q=0.5"}}, {"format_id": "18", "url": "https://r6---sn-5njj-u2xe.googlevideo.com/videoplayback?expire=1612426637&ei=LVkbYKvmI8Kxs8IP9JehwAU&ip=140.109.135.76&id=o-AN-0bcXC-tmt-oFKYSWszk9MKx8s90mmDgMuHEecXXJg&itag=18&source=youtube&requiressl=yes&mh=eB&mm=31%2C29&mn=sn-5njj-u2xe%2Csn-un57en7e&ms=au%2Crdu&mv=m&mvi=6&pl=16&initcwndbps=487500&vprv=1&mime=video%2Fmp4&ns=lfjAnH7M356KeQrRZOvnhkMF&gir=yes&clen=8412023&ratebypass=yes&dur=248.616&lmt=1529787211156130&mt=1612404299&fvip=6&c=WEB&n=tSHGBuT70VAALmXov&sparams=expire%2Cei%2Cip%2Cid%2Citag%2Csource%2Crequiressl%2Cvprv%2Cmime%2Cns%2Cgir%2Cclen%2Cratebypass%2Cdur%2Clmt&sig=AOq0QJ8wRgIhANqujE0mBVGzx_wqBi6D-Nbv-5kZ7f3Jlz8jkux-RSHsAiEA5CH_COiJ3T-8Q3qr49wXmMlfMz_5KNivPOT2eAWZi_o%3D&lsparams=mh%2Cmm%2Cmn%2Cms%2Cmv%2Cmvi%2Cpl%2Cinitcwndbps&lsig=AG3C_xAwRQIhAMJEPTFDFJJFCd_0iJkAImiRMrB8ZSUdg6JLr4I77g-GAiAuRgfVwRAd9yRJe1VxGStsZKzJtS5KuW_YcszkyqSJvg%3D%3D", "player_url": null, "ext": "mp4", "width": 640, "height": 360, "acodec": "mp4a.40.2", "abr": 96, "vcodec": "avc1.42001E", "asr": 44100, "filesize": 8412023, "format_note": "360p", "fps": 30, "tbr": 270.737, "format": "18 - 640x360 (360p)", "protocol": "https", "http_headers": {"User-Agent": "Mozilla/5.0 (Windows NT 10.0; Win64; x64) AppleWebKit/537.36 (KHTML, like Gecko) Chrome/70.0.3538.122 Safari/537.36", "Accept-Charset": "ISO-8859-1,utf-8;q=0.7,*;q=0.7", "Accept": "text/html,application/xhtml+xml,application/xml;q=0.9,*/*;q=0.8", "Accept-Encoding": "gzip, deflate", "Accept-Language": "en-us,en;q=0.5"}}], "is_live": null, "start_time": null, "end_time": null, "series": null, "season_number": null, "episode_number": null, "track": null, "artist": null, "album": null, "release_date": null, "release_year": null, "extractor": "youtube", "webpage_url_basename": "watch", "extractor_key": "Youtube", "playlist": null, "playlist_index": null, "thumbnail": "https://i.ytimg.com/vi_webp/PVTI_htUI9o/maxresdefault.webp", "display_id": "PVTI_htUI9o", "requested_subtitles": null, "format_id": "251", "url": "https://r6---sn-5njj-u2xe.googlevideo.com/videoplayback?expire=1612426637&ei=LVkbYKvmI8Kxs8IP9JehwAU&ip=140.109.135.76&id=o-AN-0bcXC-tmt-oFKYSWszk9MKx8s90mmDgMuHEecXXJg&itag=251&source=youtube&requiressl=yes&mh=eB&mm=31%2C29&mn=sn-5njj-u2xe%2Csn-un57en7e&ms=au%2Crdu&mv=m&mvi=6&pl=16&initcwndbps=487500&vprv=1&mime=audio%2Fwebm&ns=IWEL4wln3nF6QceKqoFj0Y8F&gir=yes&clen=4457225&dur=248.581&lmt=1529788149787864&mt=1612404299&fvip=6&keepalive=yes&c=WEB&n=y9EURq4EZKtBXDrrF&sparams=expire%2Cei%2Cip%2Cid%2Citag%2Csource%2Crequiressl%2Cvprv%2Cmime%2Cns%2Cgir%2Cclen%2Cdur%2Clmt&sig=AOq0QJ8wRQIgOHtMeMFMk-IxY1bUSxCeQ-ky7bLoLbcNmAqK-49oFnICIQD6n_3Zi4PG3-Tdg8ufvBp4jC1WjhP2sEGKY54nCFfqpg%3D%3D&lsparams=mh%2Cmm%2Cmn%2Cms%2Cmv%2Cmvi%2Cpl%2Cinitcwndbps&lsig=AG3C_xAwRQIhAMJEPTFDFJJFCd_0iJkAImiRMrB8ZSUdg6JLr4I77g-GAiAuRgfVwRAd9yRJe1VxGStsZKzJtS5KuW_YcszkyqSJvg%3D%3D&ratebypass=yes", "player_url": null, "ext": "webm", "format_note": "tiny", "acodec": "opus", "abr": 160, "asr": 48000, "filesize": 4457225, "fps": null, "height": null, "tbr": 159.504, "width": null, "vcodec": "none", "downloader_options": {"http_chunk_size": 10485760}, "format": "251 - audio only (tiny)", "protocol": "https", "http_headers": {"User-Agent": "Mozilla/5.0 (Windows NT 10.0; Win64; x64) AppleWebKit/537.36 (KHTML, like Gecko) Chrome/70.0.3538.122 Safari/537.36", "Accept-Charset": "ISO-8859-1,utf-8;q=0.7,*;q=0.7", "Accept": "text/html,application/xhtml+xml,application/xml;q=0.9,*/*;q=0.8", "Accept-Encoding": "gzip, deflate", "Accept-Language": "en-us,en;q=0.5"}}