{"id": "PdwxeMPXOCk", "uploader": "Attila Fias - Topic", "uploader_id": "UCWwIR_2U-3BML1mMnC1R7zQ", "uploader_url": "http://www.youtube.com/channel/UCWwIR_2U-3BML1mMnC1R7zQ", "channel_id": "UCWwIR_2U-3BML1mMnC1R7zQ", "channel_url": "http://www.youtube.com/channel/UCWwIR_2U-3BML1mMnC1R7zQ", "upload_date": "20141107", "license": null, "creator": "Attila Fias", "title": "Don't Ask Me Why", "alt_title": "Don't Ask Me Why", "thumbnails": [{"url": "https://i.ytimg.com/vi/PdwxeMPXOCk/hqdefault.jpg?sqp=-oaymwEbCKgBEF5IVfKriqkDDggBFQAAiEIYAXABwAEG&rs=AOn4CLDtUtCqLP7pclS_MaV6-MkO3feWqg", "width": 168, "height": 94, "resolution": "168x94", "id": "0"}, {"url": "https://i.ytimg.com/vi/PdwxeMPXOCk/hqdefault.jpg?sqp=-oaymwEbCMQBEG5IVfKriqkDDggBFQAAiEIYAXABwAEG&rs=AOn4CLA_CqDydnSes4q9_uqNlz7UyUY8yQ", "width": 196, "height": 110, "resolution": "196x110", "id": "1"}, {"url": "https://i.ytimg.com/vi/PdwxeMPXOCk/hqdefault.jpg?sqp=-oaymwEcCPYBEIoBSFXyq4qpAw4IARUAAIhCGAFwAcABBg==&rs=AOn4CLB7TDS0AAcFTf-VF7Vw5okveSCzHg", "width": 246, "height": 138, "resolution": "246x138", "id": "2"}, {"url": "https://i.ytimg.com/vi/PdwxeMPXOCk/hqdefault.jpg?sqp=-oaymwEcCNACELwBSFXyq4qpAw4IARUAAIhCGAFwAcABBg==&rs=AOn4CLDbXTCoT0vyDV3fSjkuS-748c3Tnw", "width": 336, "height": 188, "resolution": "336x188", "id": "3"}, {"url": "https://i.ytimg.com/vi/PdwxeMPXOCk/maxresdefault.jpg", "width": 1920, "height": 1080, "resolution": "1920x1080", "id": "4"}], "description": "Provided to YouTube by The Orchard Enterprises\n\nDon't Ask Me Why \u00b7 Attila Fias\n\nA Piano Tribute to Billy Joel\n\n\u2117 2013 Somerset Group, Ltd.\n\nReleased on: 2013-01-01\n\nAuto-generated by YouTube.", "categories": ["Music"], "tags": ["Attila", "Fias", "Piano", "Tribute", "to", "Billy", "Joel", "Don't", "Ask", "Me", "Why"], "subtitles": {}, "automatic_captions": {}, "duration": 196, "age_limit": 0, "annotations": null, "chapters": null, "webpage_url": "https://www.youtube.com/watch?v=PdwxeMPXOCk", "view_count": 144, "like_count": 2, "dislike_count": null, "average_rating": 5.0, "formats": [{"format_id": "249", "url": "https://r7---sn-ipoxu-u2x6.googlevideo.com/videoplayback?expire=1613157546&ei=SoAmYNCEB4i0lQTfpZTgCg&ip=61.230.12.35&id=o-AGdHe1xUtI_juni3_b8ZMJC4dXVq15Szvfiai8Gefyjh&itag=249&source=youtube&requiressl=yes&mh=ml&mm=31%2C29&mn=sn-ipoxu-u2x6%2Csn-un57sn7z&ms=au%2Crdu&mv=m&mvi=7&pl=21&gcr=tw&initcwndbps=891250&vprv=1&mime=audio%2Fwebm&ns=YIY_Udhl3DaueW2wLy6_0LIF&gir=yes&clen=1374573&dur=195.941&lmt=1569826123641266&mt=1613135564&fvip=6&keepalive=yes&beids=9466587&c=WEB&txp=8301222&n=mwN7CudIi74bgt07mF&sparams=expire%2Cei%2Cip%2Cid%2Citag%2Csource%2Crequiressl%2Cgcr%2Cvprv%2Cmime%2Cns%2Cgir%2Cclen%2Cdur%2Clmt&lsparams=mh%2Cmm%2Cmn%2Cms%2Cmv%2Cmvi%2Cpl%2Cinitcwndbps&lsig=AG3C_xAwRAIgN9eNEUkj-h8cSlrvCeCKuNTYDGlL_baptgjvANI_KYQCIEwMU6wgcou6gM_IlDuxaG_NhVsWSGIWzOwP_v0GF7CN&sig=AOq0QJ8wRQIgAx997caPbiR3TcNr_Zb-OtOhizu52uv_mLLrgHmtqKECIQCNt7GocVkpto9rzh_DsKrP36ULhBY0OhVhiUpB7IQxLw==&ratebypass=yes", "player_url": "/s/player/490079fb/player_ias.vflset/en_US/base.js", "ext": "webm", "format_note": "tiny", "acodec": "opus", "abr": 50, "asr": 48000, "filesize": 1374573, "fps": null, "height": null, "tbr": 58.849, "width": null, "vcodec": "none", "downloader_options": {"http_chunk_size": 10485760}, "format": "249 - audio only (tiny)", "protocol": "https", "http_headers": {"User-Agent": "Mozilla/5.0 (Windows NT 10.0; Win64; x64) AppleWebKit/537.36 (KHTML, like Gecko) Chrome/74.0.3729.96 Safari/537.36", "Accept-Charset": "ISO-8859-1,utf-8;q=0.7,*;q=0.7", "Accept": "text/html,application/xhtml+xml,application/xml;q=0.9,*/*;q=0.8", "Accept-Encoding": "gzip, deflate", "Accept-Language": "en-us,en;q=0.5"}}, {"format_id": "250", "url": "https://r7---sn-ipoxu-u2x6.googlevideo.com/videoplayback?expire=1613157546&ei=SoAmYNCEB4i0lQTfpZTgCg&ip=61.230.12.35&id=o-AGdHe1xUtI_juni3_b8ZMJC4dXVq15Szvfiai8Gefyjh&itag=250&source=youtube&requiressl=yes&mh=ml&mm=31%2C29&mn=sn-ipoxu-u2x6%2Csn-un57sn7z&ms=au%2Crdu&mv=m&mvi=7&pl=21&gcr=tw&initcwndbps=891250&vprv=1&mime=audio%2Fwebm&ns=YIY_Udhl3DaueW2wLy6_0LIF&gir=yes&clen=1856146&dur=195.941&lmt=1569826123688700&mt=1613135564&fvip=6&keepalive=yes&beids=9466587&c=WEB&txp=8301222&n=mwN7CudIi74bgt07mF&sparams=expire%2Cei%2Cip%2Cid%2Citag%2Csource%2Crequiressl%2Cgcr%2Cvprv%2Cmime%2Cns%2Cgir%2Cclen%2Cdur%2Clmt&lsparams=mh%2Cmm%2Cmn%2Cms%2Cmv%2Cmvi%2Cpl%2Cinitcwndbps&lsig=AG3C_xAwRAIgG1f8yzThR9JWQ5ok_s1UuWovZpX61bFwWl6JBBYNlc8CIGMt135loBPYgQv5zjtogPMQfASnqFAn7y_k_6IcNV2E&sig=AOq0QJ8wRQIhAKZDS4N8rOmP9FPxBW_jiJ6s5bE4H4AoXikVIsQZhKnHAiBpQysNHLve9se1UrvmYJNt4UnsxpM2oi38-JNMf91HxA==&ratebypass=yes", "player_url": "/s/player/490079fb/player_ias.vflset/en_US/base.js", "ext": "webm", "format_note": "tiny", "acodec": "opus", "abr": 70, "asr": 48000, "filesize": 1856146, "fps": null, "height": null, "tbr": 79.859, "width": null, "vcodec": "none", "downloader_options": {"http_chunk_size": 10485760}, "format": "250 - audio only (tiny)", "protocol": "https", "http_headers": {"User-Agent": "Mozilla/5.0 (Windows NT 10.0; Win64; x64) AppleWebKit/537.36 (KHTML, like Gecko) Chrome/74.0.3729.96 Safari/537.36", "Accept-Charset": "ISO-8859-1,utf-8;q=0.7,*;q=0.7", "Accept": "text/html,application/xhtml+xml,application/xml;q=0.9,*/*;q=0.8", "Accept-Encoding": "gzip, deflate", "Accept-Language": "en-us,en;q=0.5"}}, {"format_id": "140", "url": "https://r7---sn-ipoxu-u2x6.googlevideo.com/videoplayback?expire=1613157546&ei=SoAmYNCEB4i0lQTfpZTgCg&ip=61.230.12.35&id=o-AGdHe1xUtI_juni3_b8ZMJC4dXVq15Szvfiai8Gefyjh&itag=140&source=youtube&requiressl=yes&mh=ml&mm=31%2C29&mn=sn-ipoxu-u2x6%2Csn-un57sn7z&ms=au%2Crdu&mv=m&mvi=7&pl=21&gcr=tw&initcwndbps=891250&vprv=1&mime=audio%2Fmp4&ns=YIY_Udhl3DaueW2wLy6_0LIF&gir=yes&clen=3173695&dur=195.933&lmt=1613088280519273&mt=1613135564&fvip=6&keepalive=yes&beids=9466587&c=WEB&txp=8311222&n=mwN7CudIi74bgt07mF&sparams=expire%2Cei%2Cip%2Cid%2Citag%2Csource%2Crequiressl%2Cgcr%2Cvprv%2Cmime%2Cns%2Cgir%2Cclen%2Cdur%2Clmt&lsparams=mh%2Cmm%2Cmn%2Cms%2Cmv%2Cmvi%2Cpl%2Cinitcwndbps&lsig=AG3C_xAwRgIhAPjAWDBFtA8ywc-D9PHvD6np92EKIRJnDjIWdHWPBteCAiEA1UdLJjg9jxSgFE91PRyD1o_dcODtEJL60BCuiudBzCo%3D&sig=AOq0QJ8wRAIgGYYYhnOoC3PYJpVZbaO9bdkp2e8Zcbkatn0HDxcP4rUCIAQxMhi55qrYhBju-Keon7hEt16BawVdlFHhT8KCGdhn&ratebypass=yes", "player_url": "/s/player/490079fb/player_ias.vflset/en_US/base.js", "ext": "m4a", "format_note": "tiny", "acodec": "mp4a.40.2", "abr": 128, "container": "m4a_dash", "asr": 44100, "filesize": 3173695, "fps": null, "height": null, "tbr": 130.941, "width": null, "vcodec": "none", "downloader_options": {"http_chunk_size": 10485760}, "format": "140 - audio only (tiny)", "protocol": "https", "http_headers": {"User-Agent": "Mozilla/5.0 (Windows NT 10.0; Win64; x64) AppleWebKit/537.36 (KHTML, like Gecko) Chrome/74.0.3729.96 Safari/537.36", "Accept-Charset": "ISO-8859-1,utf-8;q=0.7,*;q=0.7", "Accept": "text/html,application/xhtml+xml,application/xml;q=0.9,*/*;q=0.8", "Accept-Encoding": "gzip, deflate", "Accept-Language": "en-us,en;q=0.5"}}, {"format_id": "251", "url": "https://r7---sn-ipoxu-u2x6.googlevideo.com/videoplayback?expire=1613157546&ei=SoAmYNCEB4i0lQTfpZTgCg&ip=61.230.12.35&id=o-AGdHe1xUtI_juni3_b8ZMJC4dXVq15Szvfiai8Gefyjh&itag=251&source=youtube&requiressl=yes&mh=ml&mm=31%2C29&mn=sn-ipoxu-u2x6%2Csn-un57sn7z&ms=au%2Crdu&mv=m&mvi=7&pl=21&gcr=tw&initcwndbps=891250&vprv=1&mime=audio%2Fwebm&ns=YIY_Udhl3DaueW2wLy6_0LIF&gir=yes&clen=3601960&dur=195.941&lmt=1569826125620420&mt=1613135564&fvip=6&keepalive=yes&beids=9466587&c=WEB&txp=8301222&n=mwN7CudIi74bgt07mF&sparams=expire%2Cei%2Cip%2Cid%2Citag%2Csource%2Crequiressl%2Cgcr%2Cvprv%2Cmime%2Cns%2Cgir%2Cclen%2Cdur%2Clmt&lsparams=mh%2Cmm%2Cmn%2Cms%2Cmv%2Cmvi%2Cpl%2Cinitcwndbps&lsig=AG3C_xAwRgIhAOJY6h8EcGDBP0w0YpzFcr2XzbwMrRgqSAtxFrsBvmftAiEAwz0AlIeC1jvkXfbi2iQDB2djZW5JC0BsRBzQLV346QI%3D&sig=AOq0QJ8wRgIhALF7kl7ahz-FbAkfyuTLVKIo_vMcfrizVetn_g-y_dpGAiEAuW8cKeJ_G9bAi25gwhYotCTQrBeI3WJwjZ1hfPOs9b0=&ratebypass=yes", "player_url": "/s/player/490079fb/player_ias.vflset/en_US/base.js", "ext": "webm", "format_note": "tiny", "acodec": "opus", "abr": 160, "asr": 48000, "filesize": 3601960, "fps": null, "height": null, "tbr": 153.68, "width": null, "vcodec": "none", "downloader_options": {"http_chunk_size": 10485760}, "format": "251 - audio only (tiny)", "protocol": "https", "http_headers": {"User-Agent": "Mozilla/5.0 (Windows NT 10.0; Win64; x64) AppleWebKit/537.36 (KHTML, like Gecko) Chrome/74.0.3729.96 Safari/537.36", "Accept-Charset": "ISO-8859-1,utf-8;q=0.7,*;q=0.7", "Accept": "text/html,application/xhtml+xml,application/xml;q=0.9,*/*;q=0.8", "Accept-Encoding": "gzip, deflate", "Accept-Language": "en-us,en;q=0.5"}}, {"format_id": "160", "url": "https://r7---sn-ipoxu-u2x6.googlevideo.com/videoplayback?expire=1613157546&ei=SoAmYNCEB4i0lQTfpZTgCg&ip=61.230.12.35&id=o-AGdHe1xUtI_juni3_b8ZMJC4dXVq15Szvfiai8Gefyjh&itag=160&aitags=133%2C134%2C135%2C136%2C137%2C160%2C242%2C243%2C244%2C247%2C248%2C278&source=youtube&requiressl=yes&mh=ml&mm=31%2C29&mn=sn-ipoxu-u2x6%2Csn-un57sn7z&ms=au%2Crdu&mv=m&mvi=7&pl=21&gcr=tw&initcwndbps=891250&vprv=1&mime=video%2Fmp4&ns=YIY_Udhl3DaueW2wLy6_0LIF&gir=yes&clen=293987&dur=195.920&lmt=1613088292695509&mt=1613135564&fvip=6&keepalive=yes&beids=9466587&c=WEB&txp=8311222&n=mwN7CudIi74bgt07mF&sparams=expire%2Cei%2Cip%2Cid%2Caitags%2Csource%2Crequiressl%2Cgcr%2Cvprv%2Cmime%2Cns%2Cgir%2Cclen%2Cdur%2Clmt&lsparams=mh%2Cmm%2Cmn%2Cms%2Cmv%2Cmvi%2Cpl%2Cinitcwndbps&lsig=AG3C_xAwRgIhAJxhm3ApEWAwfE76wk-_7xibmcSZR_3crU4xWfIkGoxHAiEAhu0qhTEkZM_plOBm6If6BDbtOOv__M8dTTz2QoFJu_Q%3D&sig=AOq0QJ8wRQIgR8chZ_mpKVbkkHeQ3MS3BybHA2Axe4T9FZ6VuEAjBKMCIQDcKJQDMeqPtLxnvrAsInYNiAM-uGmQnnGCSRSP2lMLEQ==&ratebypass=yes", "player_url": "/s/player/490079fb/player_ias.vflset/en_US/base.js", "ext": "mp4", "height": 144, "format_note": "144p", "vcodec": "avc1.4d400b", "asr": null, "filesize": 293987, "fps": 25, "tbr": 31.405, "width": 144, "acodec": "none", "downloader_options": {"http_chunk_size": 10485760}, "format": "160 - 144x144 (144p)", "protocol": "https", "http_headers": {"User-Agent": "Mozilla/5.0 (Windows NT 10.0; Win64; x64) AppleWebKit/537.36 (KHTML, like Gecko) Chrome/74.0.3729.96 Safari/537.36", "Accept-Charset": "ISO-8859-1,utf-8;q=0.7,*;q=0.7", "Accept": "text/html,application/xhtml+xml,application/xml;q=0.9,*/*;q=0.8", "Accept-Encoding": "gzip, deflate", "Accept-Language": "en-us,en;q=0.5"}}, {"format_id": "278", "url": "https://r7---sn-ipoxu-u2x6.googlevideo.com/videoplayback?expire=1613157546&ei=SoAmYNCEB4i0lQTfpZTgCg&ip=61.230.12.35&id=o-AGdHe1xUtI_juni3_b8ZMJC4dXVq15Szvfiai8Gefyjh&itag=278&aitags=133%2C134%2C135%2C136%2C137%2C160%2C242%2C243%2C244%2C247%2C248%2C278&source=youtube&requiressl=yes&mh=ml&mm=31%2C29&mn=sn-ipoxu-u2x6%2Csn-un57sn7z&ms=au%2Crdu&mv=m&mvi=7&pl=21&gcr=tw&initcwndbps=891250&vprv=1&mime=video%2Fwebm&ns=YIY_Udhl3DaueW2wLy6_0LIF&gir=yes&clen=591688&dur=195.920&lmt=1610825501591074&mt=1613135564&fvip=6&keepalive=yes&beids=9466587&c=WEB&txp=8311222&n=mwN7CudIi74bgt07mF&sparams=expire%2Cei%2Cip%2Cid%2Caitags%2Csource%2Crequiressl%2Cgcr%2Cvprv%2Cmime%2Cns%2Cgir%2Cclen%2Cdur%2Clmt&lsparams=mh%2Cmm%2Cmn%2Cms%2Cmv%2Cmvi%2Cpl%2Cinitcwndbps&lsig=AG3C_xAwRgIhAPnx4ZFFqPMXJcwgSILwEA-_L0OhJcclQz_bdX605tCbAiEA4Uasz-V-eD5JL5kuIar8CzeftuMlZ-1W9WcnkbxH2RE%3D&sig=AOq0QJ8wRAIgYg09JURQxC5x0oxyN43okneE57L9d0EB-lTvaSChv8ICIH4W44kbPSx6cepdSBk2Bo-kzhV1nhtlMvR9PdJQT3il&ratebypass=yes", "player_url": "/s/player/490079fb/player_ias.vflset/en_US/base.js", "ext": "webm", "height": 144, "format_note": "144p", "container": "webm", "vcodec": "vp9", "asr": null, "filesize": 591688, "fps": 25, "tbr": 36.947, "width": 144, "acodec": "none", "downloader_options": {"http_chunk_size": 10485760}, "format": "278 - 144x144 (144p)", "protocol": "https", "http_headers": {"User-Agent": "Mozilla/5.0 (Windows NT 10.0; Win64; x64) AppleWebKit/537.36 (KHTML, like Gecko) Chrome/74.0.3729.96 Safari/537.36", "Accept-Charset": "ISO-8859-1,utf-8;q=0.7,*;q=0.7", "Accept": "text/html,application/xhtml+xml,application/xml;q=0.9,*/*;q=0.8", "Accept-Encoding": "gzip, deflate", "Accept-Language": "en-us,en;q=0.5"}}, {"format_id": "133", "url": "https://r7---sn-ipoxu-u2x6.googlevideo.com/videoplayback?expire=1613157546&ei=SoAmYNCEB4i0lQTfpZTgCg&ip=61.230.12.35&id=o-AGdHe1xUtI_juni3_b8ZMJC4dXVq15Szvfiai8Gefyjh&itag=133&aitags=133%2C134%2C135%2C136%2C137%2C160%2C242%2C243%2C244%2C247%2C248%2C278&source=youtube&requiressl=yes&mh=ml&mm=31%2C29&mn=sn-ipoxu-u2x6%2Csn-un57sn7z&ms=au%2Crdu&mv=m&mvi=7&pl=21&gcr=tw&initcwndbps=891250&vprv=1&mime=video%2Fmp4&ns=YIY_Udhl3DaueW2wLy6_0LIF&gir=yes&clen=536880&dur=195.920&lmt=1613088292698141&mt=1613135564&fvip=6&keepalive=yes&beids=9466587&c=WEB&txp=8311222&n=mwN7CudIi74bgt07mF&sparams=expire%2Cei%2Cip%2Cid%2Caitags%2Csource%2Crequiressl%2Cgcr%2Cvprv%2Cmime%2Cns%2Cgir%2Cclen%2Cdur%2Clmt&lsparams=mh%2Cmm%2Cmn%2Cms%2Cmv%2Cmvi%2Cpl%2Cinitcwndbps&lsig=AG3C_xAwRQIhANAZGoVBD0nvlwsrmiEkrGLv9uK4xldSwmlvq1Xcg5kbAiADEa9JbXuBGBLLvUJ-t5xkWvQJ4gPE0MWAon2VzRLcRw%3D%3D&sig=AOq0QJ8wRQIgShvxfLDrXfEQBl_2vFkizbi3PVIvk_zA2-baj56Pr7YCIQDeE90I1aIKky5JASSu8yNY-pGEHmEHWxBt3IZM4iADIw==&ratebypass=yes", "player_url": "/s/player/490079fb/player_ias.vflset/en_US/base.js", "ext": "mp4", "height": 240, "format_note": "240p", "vcodec": "avc1.4d400c", "asr": null, "filesize": 536880, "fps": 25, "tbr": 67.47, "width": 240, "acodec": "none", "downloader_options": {"http_chunk_size": 10485760}, "format": "133 - 240x240 (240p)", "protocol": "https", "http_headers": {"User-Agent": "Mozilla/5.0 (Windows NT 10.0; Win64; x64) AppleWebKit/537.36 (KHTML, like Gecko) Chrome/74.0.3729.96 Safari/537.36", "Accept-Charset": "ISO-8859-1,utf-8;q=0.7,*;q=0.7", "Accept": "text/html,application/xhtml+xml,application/xml;q=0.9,*/*;q=0.8", "Accept-Encoding": "gzip, deflate", "Accept-Language": "en-us,en;q=0.5"}}, {"format_id": "242", "url": "https://r7---sn-ipoxu-u2x6.googlevideo.com/videoplayback?expire=1613157546&ei=SoAmYNCEB4i0lQTfpZTgCg&ip=61.230.12.35&id=o-AGdHe1xUtI_juni3_b8ZMJC4dXVq15Szvfiai8Gefyjh&itag=242&aitags=133%2C134%2C135%2C136%2C137%2C160%2C242%2C243%2C244%2C247%2C248%2C278&source=youtube&requiressl=yes&mh=ml&mm=31%2C29&mn=sn-ipoxu-u2x6%2Csn-un57sn7z&ms=au%2Crdu&mv=m&mvi=7&pl=21&gcr=tw&initcwndbps=891250&vprv=1&mime=video%2Fwebm&ns=YIY_Udhl3DaueW2wLy6_0LIF&gir=yes&clen=1274185&dur=195.920&lmt=1610825501588537&mt=1613135564&fvip=6&keepalive=yes&beids=9466587&c=WEB&txp=8311222&n=mwN7CudIi74bgt07mF&sparams=expire%2Cei%2Cip%2Cid%2Caitags%2Csource%2Crequiressl%2Cgcr%2Cvprv%2Cmime%2Cns%2Cgir%2Cclen%2Cdur%2Clmt&lsparams=mh%2Cmm%2Cmn%2Cms%2Cmv%2Cmvi%2Cpl%2Cinitcwndbps&lsig=AG3C_xAwRgIhAKhzYBOwfLz05AvmoZu6Kuzki2VzlDoXmeMSnTN0844mAiEA3mb4RoX0ztt89VQg_X42gUUnsSzMZh0ONB4ZI4L_TVY%3D&sig=AOq0QJ8wRgIhAP4CeUh5IsvAs_XcZTQoKW_d_kaMgR6AYECV8Nq4ykvaAiEA22CyqFnhJyV93DeTDsaxILcc8UMOqnN6qlBoc82BrCQ=&ratebypass=yes", "player_url": "/s/player/490079fb/player_ias.vflset/en_US/base.js", "ext": "webm", "height": 240, "format_note": "240p", "vcodec": "vp9", "asr": null, "filesize": 1274185, "fps": 25, "tbr": 80.147, "width": 240, "acodec": "none", "downloader_options": {"http_chunk_size": 10485760}, "format": "242 - 240x240 (240p)", "protocol": "https", "http_headers": {"User-Agent": "Mozilla/5.0 (Windows NT 10.0; Win64; x64) AppleWebKit/537.36 (KHTML, like Gecko) Chrome/74.0.3729.96 Safari/537.36", "Accept-Charset": "ISO-8859-1,utf-8;q=0.7,*;q=0.7", "Accept": "text/html,application/xhtml+xml,application/xml;q=0.9,*/*;q=0.8", "Accept-Encoding": "gzip, deflate", "Accept-Language": "en-us,en;q=0.5"}}, {"format_id": "134", "url": "https://r7---sn-ipoxu-u2x6.googlevideo.com/videoplayback?expire=1613157546&ei=SoAmYNCEB4i0lQTfpZTgCg&ip=61.230.12.35&id=o-AGdHe1xUtI_juni3_b8ZMJC4dXVq15Szvfiai8Gefyjh&itag=134&aitags=133%2C134%2C135%2C136%2C137%2C160%2C242%2C243%2C244%2C247%2C248%2C278&source=youtube&requiressl=yes&mh=ml&mm=31%2C29&mn=sn-ipoxu-u2x6%2Csn-un57sn7z&ms=au%2Crdu&mv=m&mvi=7&pl=21&gcr=tw&initcwndbps=891250&vprv=1&mime=video%2Fmp4&ns=YIY_Udhl3DaueW2wLy6_0LIF&gir=yes&clen=823945&dur=195.920&lmt=1613088292841172&mt=1613135564&fvip=6&keepalive=yes&beids=9466587&c=WEB&txp=8311222&n=mwN7CudIi74bgt07mF&sparams=expire%2Cei%2Cip%2Cid%2Caitags%2Csource%2Crequiressl%2Cgcr%2Cvprv%2Cmime%2Cns%2Cgir%2Cclen%2Cdur%2Clmt&lsparams=mh%2Cmm%2Cmn%2Cms%2Cmv%2Cmvi%2Cpl%2Cinitcwndbps&lsig=AG3C_xAwRgIhAL_h3p9E0gSNoKr7eghsovckHfPeE0qXLrwM_JqMmG_FAiEA48BsHRb1dPJHnn6VqbvXsDD4_LpOhNoDZlkS9t79kMg%3D&sig=AOq0QJ8wRQIgC2P78P0w-Lb7-hPGeHjVaLWXq2Q0RcgW3ZCD9UvGhNgCIQCTZtg0bLnhYfMw9rlSbPxLJ0aRppwT9zGLqIiJEpMr-g==&ratebypass=yes", "player_url": "/s/player/490079fb/player_ias.vflset/en_US/base.js", "ext": "mp4", "height": 360, "format_note": "360p", "vcodec": "avc1.4d4015", "asr": null, "filesize": 823945, "fps": 25, "tbr": 107.329, "width": 360, "acodec": "none", "downloader_options": {"http_chunk_size": 10485760}, "format": "134 - 360x360 (360p)", "protocol": "https", "http_headers": {"User-Agent": "Mozilla/5.0 (Windows NT 10.0; Win64; x64) AppleWebKit/537.36 (KHTML, like Gecko) Chrome/74.0.3729.96 Safari/537.36", "Accept-Charset": "ISO-8859-1,utf-8;q=0.7,*;q=0.7", "Accept": "text/html,application/xhtml+xml,application/xml;q=0.9,*/*;q=0.8", "Accept-Encoding": "gzip, deflate", "Accept-Language": "en-us,en;q=0.5"}}, {"format_id": "243", "url": "https://r7---sn-ipoxu-u2x6.googlevideo.com/videoplayback?expire=1613157546&ei=SoAmYNCEB4i0lQTfpZTgCg&ip=61.230.12.35&id=o-AGdHe1xUtI_juni3_b8ZMJC4dXVq15Szvfiai8Gefyjh&itag=243&aitags=133%2C134%2C135%2C136%2C137%2C160%2C242%2C243%2C244%2C247%2C248%2C278&source=youtube&requiressl=yes&mh=ml&mm=31%2C29&mn=sn-ipoxu-u2x6%2Csn-un57sn7z&ms=au%2Crdu&mv=m&mvi=7&pl=21&gcr=tw&initcwndbps=891250&vprv=1&mime=video%2Fwebm&ns=YIY_Udhl3DaueW2wLy6_0LIF&gir=yes&clen=2208530&dur=195.920&lmt=1610825501587366&mt=1613135564&fvip=6&keepalive=yes&beids=9466587&c=WEB&txp=8311222&n=mwN7CudIi74bgt07mF&sparams=expire%2Cei%2Cip%2Cid%2Caitags%2Csource%2Crequiressl%2Cgcr%2Cvprv%2Cmime%2Cns%2Cgir%2Cclen%2Cdur%2Clmt&lsparams=mh%2Cmm%2Cmn%2Cms%2Cmv%2Cmvi%2Cpl%2Cinitcwndbps&lsig=AG3C_xAwRQIgFvLbGGGVc1FQd6Ffa_tMy8B7h8WsvJuluzF-SbKP4jMCIQDlnx1a3Xt8-jgU3XR1fNXQ_z6p8hZQBEdAqihFASC3qQ%3D%3D&sig=AOq0QJ8wRQIgNOPAUFbwEMoDsm4Ad5JFUGvYJXM67BfXOhSHx8IDl6YCIQDc1azLHVBJehKfjefneaT_a5J20r4Q-BZelC0qTg1Rbg==&ratebypass=yes", "player_url": "/s/player/490079fb/player_ias.vflset/en_US/base.js", "ext": "webm", "height": 360, "format_note": "360p", "vcodec": "vp9", "asr": null, "filesize": 2208530, "fps": 25, "tbr": 149.864, "width": 360, "acodec": "none", "downloader_options": {"http_chunk_size": 10485760}, "format": "243 - 360x360 (360p)", "protocol": "https", "http_headers": {"User-Agent": "Mozilla/5.0 (Windows NT 10.0; Win64; x64) AppleWebKit/537.36 (KHTML, like Gecko) Chrome/74.0.3729.96 Safari/537.36", "Accept-Charset": "ISO-8859-1,utf-8;q=0.7,*;q=0.7", "Accept": "text/html,application/xhtml+xml,application/xml;q=0.9,*/*;q=0.8", "Accept-Encoding": "gzip, deflate", "Accept-Language": "en-us,en;q=0.5"}}, {"format_id": "135", "url": "https://r7---sn-ipoxu-u2x6.googlevideo.com/videoplayback?expire=1613157546&ei=SoAmYNCEB4i0lQTfpZTgCg&ip=61.230.12.35&id=o-AGdHe1xUtI_juni3_b8ZMJC4dXVq15Szvfiai8Gefyjh&itag=135&aitags=133%2C134%2C135%2C136%2C137%2C160%2C242%2C243%2C244%2C247%2C248%2C278&source=youtube&requiressl=yes&mh=ml&mm=31%2C29&mn=sn-ipoxu-u2x6%2Csn-un57sn7z&ms=au%2Crdu&mv=m&mvi=7&pl=21&gcr=tw&initcwndbps=891250&vprv=1&mime=video%2Fmp4&ns=YIY_Udhl3DaueW2wLy6_0LIF&gir=yes&clen=1411593&dur=195.920&lmt=1613088292692223&mt=1613135564&fvip=6&keepalive=yes&beids=9466587&c=WEB&txp=8311222&n=mwN7CudIi74bgt07mF&sparams=expire%2Cei%2Cip%2Cid%2Caitags%2Csource%2Crequiressl%2Cgcr%2Cvprv%2Cmime%2Cns%2Cgir%2Cclen%2Cdur%2Clmt&lsparams=mh%2Cmm%2Cmn%2Cms%2Cmv%2Cmvi%2Cpl%2Cinitcwndbps&lsig=AG3C_xAwRQIhAL92x3l-YdKGIudYLszNOtsMR5ObkGpyyot6Lt07YDOFAiBRm99RDe3LfplEKh6q-RJagk0l8niL2T3vGua-W-etPw%3D%3D&sig=AOq0QJ8wRgIhAItxzOL0hl2s0w-BniAqdyXLlsxl4-8prNCK1UaBVSLqAiEA28HUzVH3tKti_-hIHLsdDXvbukQ7uAG5PBop_Aco4Bc=&ratebypass=yes", "player_url": "/s/player/490079fb/player_ias.vflset/en_US/base.js", "ext": "mp4", "height": 480, "format_note": "480p", "vcodec": "avc1.4d401e", "asr": null, "filesize": 1411593, "fps": 25, "tbr": 194.594, "width": 480, "acodec": "none", "downloader_options": {"http_chunk_size": 10485760}, "format": "135 - 480x480 (480p)", "protocol": "https", "http_headers": {"User-Agent": "Mozilla/5.0 (Windows NT 10.0; Win64; x64) AppleWebKit/537.36 (KHTML, like Gecko) Chrome/74.0.3729.96 Safari/537.36", "Accept-Charset": "ISO-8859-1,utf-8;q=0.7,*;q=0.7", "Accept": "text/html,application/xhtml+xml,application/xml;q=0.9,*/*;q=0.8", "Accept-Encoding": "gzip, deflate", "Accept-Language": "en-us,en;q=0.5"}}, {"format_id": "244", "url": "https://r7---sn-ipoxu-u2x6.googlevideo.com/videoplayback?expire=1613157546&ei=SoAmYNCEB4i0lQTfpZTgCg&ip=61.230.12.35&id=o-AGdHe1xUtI_juni3_b8ZMJC4dXVq15Szvfiai8Gefyjh&itag=244&aitags=133%2C134%2C135%2C136%2C137%2C160%2C242%2C243%2C244%2C247%2C248%2C278&source=youtube&requiressl=yes&mh=ml&mm=31%2C29&mn=sn-ipoxu-u2x6%2Csn-un57sn7z&ms=au%2Crdu&mv=m&mvi=7&pl=21&gcr=tw&initcwndbps=891250&vprv=1&mime=video%2Fwebm&ns=YIY_Udhl3DaueW2wLy6_0LIF&gir=yes&clen=3875760&dur=195.920&lmt=1610825501597488&mt=1613135564&fvip=6&keepalive=yes&beids=9466587&c=WEB&txp=8311222&n=mwN7CudIi74bgt07mF&sparams=expire%2Cei%2Cip%2Cid%2Caitags%2Csource%2Crequiressl%2Cgcr%2Cvprv%2Cmime%2Cns%2Cgir%2Cclen%2Cdur%2Clmt&lsparams=mh%2Cmm%2Cmn%2Cms%2Cmv%2Cmvi%2Cpl%2Cinitcwndbps&lsig=AG3C_xAwRQIgV6Tb66hk5DgfHFuTOZYUR3oUjWyAOkm67W1xTqNmIwYCIQD2C9YAYVi-lktQ35sEQvMhI3mTcaSAVhBbl6pQxVlCnw%3D%3D&sig=AOq0QJ8wRQIhAOBtWrTGTp_ZWBStr2FD-PPy9pDZ4pgQolLDASPeGHauAiBxVYKwP37jnnuI5_tFVRQikX8RcqEac8W6DhhdtBHF-Q==&ratebypass=yes", "player_url": "/s/player/490079fb/player_ias.vflset/en_US/base.js", "ext": "webm", "height": 480, "format_note": "480p", "vcodec": "vp9", "asr": null, "filesize": 3875760, "fps": 25, "tbr": 244.905, "width": 480, "acodec": "none", "downloader_options": {"http_chunk_size": 10485760}, "format": "244 - 480x480 (480p)", "protocol": "https", "http_headers": {"User-Agent": "Mozilla/5.0 (Windows NT 10.0; Win64; x64) AppleWebKit/537.36 (KHTML, like Gecko) Chrome/74.0.3729.96 Safari/537.36", "Accept-Charset": "ISO-8859-1,utf-8;q=0.7,*;q=0.7", "Accept": "text/html,application/xhtml+xml,application/xml;q=0.9,*/*;q=0.8", "Accept-Encoding": "gzip, deflate", "Accept-Language": "en-us,en;q=0.5"}}, {"format_id": "136", "url": "https://r7---sn-ipoxu-u2x6.googlevideo.com/videoplayback?expire=1613157546&ei=SoAmYNCEB4i0lQTfpZTgCg&ip=61.230.12.35&id=o-AGdHe1xUtI_juni3_b8ZMJC4dXVq15Szvfiai8Gefyjh&itag=136&aitags=133%2C134%2C135%2C136%2C137%2C160%2C242%2C243%2C244%2C247%2C248%2C278&source=youtube&requiressl=yes&mh=ml&mm=31%2C29&mn=sn-ipoxu-u2x6%2Csn-un57sn7z&ms=au%2Crdu&mv=m&mvi=7&pl=21&gcr=tw&initcwndbps=891250&vprv=1&mime=video%2Fmp4&ns=YIY_Udhl3DaueW2wLy6_0LIF&gir=yes&clen=2617585&dur=195.920&lmt=1613088292709168&mt=1613135564&fvip=6&keepalive=yes&beids=9466587&c=WEB&txp=8311222&n=mwN7CudIi74bgt07mF&sparams=expire%2Cei%2Cip%2Cid%2Caitags%2Csource%2Crequiressl%2Cgcr%2Cvprv%2Cmime%2Cns%2Cgir%2Cclen%2Cdur%2Clmt&lsparams=mh%2Cmm%2Cmn%2Cms%2Cmv%2Cmvi%2Cpl%2Cinitcwndbps&lsig=AG3C_xAwRQIhAJu1yHsmQ07EIuSn946IQudDnhvh6Ia2jlyctOD2k6a-AiBC2PpBhzUAkesTGRrGiWC1u46GEj2VMYSFnW563JCe4Q%3D%3D&sig=AOq0QJ8wRgIhAJ2KRnk1FTYSv2nngztlkXjrPJzgNmdqTG8SrphqIn_IAiEApmQTe0NpJ2ePmjpYDw2J9BVsiHwFITEP7ZM5tjACHDc=&ratebypass=yes", "player_url": "/s/player/490079fb/player_ias.vflset/en_US/base.js", "ext": "mp4", "height": 720, "format_note": "720p", "vcodec": "avc1.4d401f", "asr": null, "filesize": 2617585, "fps": 25, "tbr": 371.482, "width": 720, "acodec": "none", "downloader_options": {"http_chunk_size": 10485760}, "format": "136 - 720x720 (720p)", "protocol": "https", "http_headers": {"User-Agent": "Mozilla/5.0 (Windows NT 10.0; Win64; x64) AppleWebKit/537.36 (KHTML, like Gecko) Chrome/74.0.3729.96 Safari/537.36", "Accept-Charset": "ISO-8859-1,utf-8;q=0.7,*;q=0.7", "Accept": "text/html,application/xhtml+xml,application/xml;q=0.9,*/*;q=0.8", "Accept-Encoding": "gzip, deflate", "Accept-Language": "en-us,en;q=0.5"}}, {"format_id": "247", "url": "https://r7---sn-ipoxu-u2x6.googlevideo.com/videoplayback?expire=1613157546&ei=SoAmYNCEB4i0lQTfpZTgCg&ip=61.230.12.35&id=o-AGdHe1xUtI_juni3_b8ZMJC4dXVq15Szvfiai8Gefyjh&itag=247&aitags=133%2C134%2C135%2C136%2C137%2C160%2C242%2C243%2C244%2C247%2C248%2C278&source=youtube&requiressl=yes&mh=ml&mm=31%2C29&mn=sn-ipoxu-u2x6%2Csn-un57sn7z&ms=au%2Crdu&mv=m&mvi=7&pl=21&gcr=tw&initcwndbps=891250&vprv=1&mime=video%2Fwebm&ns=YIY_Udhl3DaueW2wLy6_0LIF&gir=yes&clen=7972851&dur=195.920&lmt=1610825501705927&mt=1613135564&fvip=6&keepalive=yes&beids=9466587&c=WEB&txp=8311222&n=mwN7CudIi74bgt07mF&sparams=expire%2Cei%2Cip%2Cid%2Caitags%2Csource%2Crequiressl%2Cgcr%2Cvprv%2Cmime%2Cns%2Cgir%2Cclen%2Cdur%2Clmt&lsparams=mh%2Cmm%2Cmn%2Cms%2Cmv%2Cmvi%2Cpl%2Cinitcwndbps&lsig=AG3C_xAwRAIgCROUOkGkMgdXt5GsdH4QaaiIA2lL_fu2GJCeEwGeDwACIGnmFqHFbi1fiDHXVgGNq7PHrEcbMWijTC80crWMDP1E&sig=AOq0QJ8wRgIhAII6zexFdpA-1sGuvaM524K5eDCRRrlVG6U-vzgOrfc3AiEAwFo834bL_wCfSKLItswO1BlzWsS70y7_LaO5BzRy8Uw=&ratebypass=yes", "player_url": "/s/player/490079fb/player_ias.vflset/en_US/base.js", "ext": "webm", "height": 720, "format_note": "720p", "vcodec": "vp9", "asr": null, "filesize": 7972851, "fps": 25, "tbr": 739.288, "width": 720, "acodec": "none", "downloader_options": {"http_chunk_size": 10485760}, "format": "247 - 720x720 (720p)", "protocol": "https", "http_headers": {"User-Agent": "Mozilla/5.0 (Windows NT 10.0; Win64; x64) AppleWebKit/537.36 (KHTML, like Gecko) Chrome/74.0.3729.96 Safari/537.36", "Accept-Charset": "ISO-8859-1,utf-8;q=0.7,*;q=0.7", "Accept": "text/html,application/xhtml+xml,application/xml;q=0.9,*/*;q=0.8", "Accept-Encoding": "gzip, deflate", "Accept-Language": "en-us,en;q=0.5"}}, {"format_id": "137", "url": "https://r7---sn-ipoxu-u2x6.googlevideo.com/videoplayback?expire=1613157546&ei=SoAmYNCEB4i0lQTfpZTgCg&ip=61.230.12.35&id=o-AGdHe1xUtI_juni3_b8ZMJC4dXVq15Szvfiai8Gefyjh&itag=137&aitags=133%2C134%2C135%2C136%2C137%2C160%2C242%2C243%2C244%2C247%2C248%2C278&source=youtube&requiressl=yes&mh=ml&mm=31%2C29&mn=sn-ipoxu-u2x6%2Csn-un57sn7z&ms=au%2Crdu&mv=m&mvi=7&pl=21&gcr=tw&initcwndbps=891250&vprv=1&mime=video%2Fmp4&ns=YIY_Udhl3DaueW2wLy6_0LIF&gir=yes&clen=8027677&dur=195.920&lmt=1613088288889445&mt=1613135564&fvip=6&keepalive=yes&beids=9466587&c=WEB&txp=8311222&n=mwN7CudIi74bgt07mF&sparams=expire%2Cei%2Cip%2Cid%2Caitags%2Csource%2Crequiressl%2Cgcr%2Cvprv%2Cmime%2Cns%2Cgir%2Cclen%2Cdur%2Clmt&lsparams=mh%2Cmm%2Cmn%2Cms%2Cmv%2Cmvi%2Cpl%2Cinitcwndbps&lsig=AG3C_xAwRQIgNDkFYpkx-4gZMT9Hpl2sETAj0cf0WwM1QtFwTzjXhUcCIQCHWnSyZU2UTiNu_kwKXl1KuFV34G8odqBVaMpiXVYoLQ%3D%3D&sig=AOq0QJ8wRQIhAMvsmL99F1r49xMXiTva4xGfPDPxl4CskgrqhFl_FYfaAiAOILx4lEj3XY2CtF4H_0ZCc2v4zvv2x8SQBUsTYeERkw==&ratebypass=yes", "player_url": "/s/player/490079fb/player_ias.vflset/en_US/base.js", "ext": "mp4", "height": 1080, "format_note": "1080p", "vcodec": "avc1.640020", "asr": null, "filesize": 8027677, "fps": 25, "tbr": 1108.811, "width": 1080, "acodec": "none", "downloader_options": {"http_chunk_size": 10485760}, "format": "137 - 1080x1080 (1080p)", "protocol": "https", "http_headers": {"User-Agent": "Mozilla/5.0 (Windows NT 10.0; Win64; x64) AppleWebKit/537.36 (KHTML, like Gecko) Chrome/74.0.3729.96 Safari/537.36", "Accept-Charset": "ISO-8859-1,utf-8;q=0.7,*;q=0.7", "Accept": "text/html,application/xhtml+xml,application/xml;q=0.9,*/*;q=0.8", "Accept-Encoding": "gzip, deflate", "Accept-Language": "en-us,en;q=0.5"}}, {"format_id": "248", "url": "https://r7---sn-ipoxu-u2x6.googlevideo.com/videoplayback?expire=1613157546&ei=SoAmYNCEB4i0lQTfpZTgCg&ip=61.230.12.35&id=o-AGdHe1xUtI_juni3_b8ZMJC4dXVq15Szvfiai8Gefyjh&itag=248&aitags=133%2C134%2C135%2C136%2C137%2C160%2C242%2C243%2C244%2C247%2C248%2C278&source=youtube&requiressl=yes&mh=ml&mm=31%2C29&mn=sn-ipoxu-u2x6%2Csn-un57sn7z&ms=au%2Crdu&mv=m&mvi=7&pl=21&gcr=tw&initcwndbps=891250&vprv=1&mime=video%2Fwebm&ns=YIY_Udhl3DaueW2wLy6_0LIF&gir=yes&clen=14212731&dur=195.920&lmt=1610825441178182&mt=1613135564&fvip=6&keepalive=yes&beids=9466587&c=WEB&txp=8311222&n=mwN7CudIi74bgt07mF&sparams=expire%2Cei%2Cip%2Cid%2Caitags%2Csource%2Crequiressl%2Cgcr%2Cvprv%2Cmime%2Cns%2Cgir%2Cclen%2Cdur%2Clmt&lsparams=mh%2Cmm%2Cmn%2Cms%2Cmv%2Cmvi%2Cpl%2Cinitcwndbps&lsig=AG3C_xAwRgIhAIzkRltJYpcRi1VN9GHaTKfV_Yi_x3Vu6UrWuT4hwbHYAiEApR6YbEmcIUbsqZHRr34-TRu0fj5XVgVOHbNcQnqgr9s%3D&sig=AOq0QJ8wRAIgUNoQ-tCcf24eABHA4leHlitFUnlaFieCmkARVrpjpFsCIGwhSuBPwAqfThnjljwt6qCSpRywLf2ZPQ9QWPHU0tJi&ratebypass=yes", "player_url": "/s/player/490079fb/player_ias.vflset/en_US/base.js", "ext": "webm", "height": 1080, "format_note": "1080p", "vcodec": "vp9", "asr": null, "filesize": 14212731, "fps": 25, "tbr": 1399.847, "width": 1080, "acodec": "none", "downloader_options": {"http_chunk_size": 10485760}, "format": "248 - 1080x1080 (1080p)", "protocol": "https", "http_headers": {"User-Agent": "Mozilla/5.0 (Windows NT 10.0; Win64; x64) AppleWebKit/537.36 (KHTML, like Gecko) Chrome/74.0.3729.96 Safari/537.36", "Accept-Charset": "ISO-8859-1,utf-8;q=0.7,*;q=0.7", "Accept": "text/html,application/xhtml+xml,application/xml;q=0.9,*/*;q=0.8", "Accept-Encoding": "gzip, deflate", "Accept-Language": "en-us,en;q=0.5"}}, {"format_id": "18", "url": "https://r7---sn-ipoxu-u2x6.googlevideo.com/videoplayback?expire=1613157546&ei=SoAmYNCEB4i0lQTfpZTgCg&ip=61.230.12.35&id=o-AGdHe1xUtI_juni3_b8ZMJC4dXVq15Szvfiai8Gefyjh&itag=18&source=youtube&requiressl=yes&mh=ml&mm=31%2C29&mn=sn-ipoxu-u2x6%2Csn-un57sn7z&ms=au%2Crdu&mv=m&mvi=7&pl=21&gcr=tw&initcwndbps=891250&vprv=1&mime=video%2Fmp4&ns=_aBEHq2I9MyTjgfysvXgcrAF&gir=yes&clen=6163640&ratebypass=yes&dur=195.976&lmt=1569825648650208&mt=1613135564&fvip=6&beids=9466587&c=WEB&txp=8311222&n=CS1O0OCHrmcPqWY_vd&sparams=expire%2Cei%2Cip%2Cid%2Citag%2Csource%2Crequiressl%2Cgcr%2Cvprv%2Cmime%2Cns%2Cgir%2Cclen%2Cratebypass%2Cdur%2Clmt&lsparams=mh%2Cmm%2Cmn%2Cms%2Cmv%2Cmvi%2Cpl%2Cinitcwndbps&lsig=AG3C_xAwRQIhAOURGc3VMgSaHwfSywfnsnJBYpfWytreXR3Xd6-em4zCAiB5bz3Sd0oNDU7Vyz1pRImNphauT80fQjy1GIfh9XTfOg%3D%3D&sig=AOq0QJ8wRAIgR4cFZqUOcRr-38KHCH3fvbyahVVk2LbIad5788HomX0CIDjge3GGpppQeFWPMm2dBnWk3AWoqP5ijdqwLPpWE0ex", "player_url": "/s/player/490079fb/player_ias.vflset/en_US/base.js", "ext": "mp4", "width": 360, "height": 360, "acodec": "mp4a.40.2", "abr": 96, "vcodec": "avc1.42001E", "asr": 44100, "filesize": 6163640, "format_note": "360p", "fps": 25, "tbr": 251.679, "format": "18 - 360x360 (360p)", "protocol": "https", "http_headers": {"User-Agent": "Mozilla/5.0 (Windows NT 10.0; Win64; x64) AppleWebKit/537.36 (KHTML, like Gecko) Chrome/74.0.3729.96 Safari/537.36", "Accept-Charset": "ISO-8859-1,utf-8;q=0.7,*;q=0.7", "Accept": "text/html,application/xhtml+xml,application/xml;q=0.9,*/*;q=0.8", "Accept-Encoding": "gzip, deflate", "Accept-Language": "en-us,en;q=0.5"}}], "is_live": null, "start_time": null, "end_time": null, "series": null, "season_number": null, "episode_number": null, "track": "Don't Ask Me Why", "artist": "Attila Fias", "album": "A Piano Tribute to Billy Joel", "release_date": "20130101", "release_year": 2013, "extractor": "youtube", "webpage_url_basename": "watch", "extractor_key": "Youtube", "playlist": null, "playlist_index": null, "thumbnail": "https://i.ytimg.com/vi/PdwxeMPXOCk/maxresdefault.jpg", "display_id": "PdwxeMPXOCk", "requested_subtitles": null, "format_id": "251", "url": "https://r7---sn-ipoxu-u2x6.googlevideo.com/videoplayback?expire=1613157546&ei=SoAmYNCEB4i0lQTfpZTgCg&ip=61.230.12.35&id=o-AGdHe1xUtI_juni3_b8ZMJC4dXVq15Szvfiai8Gefyjh&itag=251&source=youtube&requiressl=yes&mh=ml&mm=31%2C29&mn=sn-ipoxu-u2x6%2Csn-un57sn7z&ms=au%2Crdu&mv=m&mvi=7&pl=21&gcr=tw&initcwndbps=891250&vprv=1&mime=audio%2Fwebm&ns=YIY_Udhl3DaueW2wLy6_0LIF&gir=yes&clen=3601960&dur=195.941&lmt=1569826125620420&mt=1613135564&fvip=6&keepalive=yes&beids=9466587&c=WEB&txp=8301222&n=mwN7CudIi74bgt07mF&sparams=expire%2Cei%2Cip%2Cid%2Citag%2Csource%2Crequiressl%2Cgcr%2Cvprv%2Cmime%2Cns%2Cgir%2Cclen%2Cdur%2Clmt&lsparams=mh%2Cmm%2Cmn%2Cms%2Cmv%2Cmvi%2Cpl%2Cinitcwndbps&lsig=AG3C_xAwRgIhAOJY6h8EcGDBP0w0YpzFcr2XzbwMrRgqSAtxFrsBvmftAiEAwz0AlIeC1jvkXfbi2iQDB2djZW5JC0BsRBzQLV346QI%3D&sig=AOq0QJ8wRgIhALF7kl7ahz-FbAkfyuTLVKIo_vMcfrizVetn_g-y_dpGAiEAuW8cKeJ_G9bAi25gwhYotCTQrBeI3WJwjZ1hfPOs9b0=&ratebypass=yes", "player_url": "/s/player/490079fb/player_ias.vflset/en_US/base.js", "ext": "webm", "format_note": "tiny", "acodec": "opus", "abr": 160, "asr": 48000, "filesize": 3601960, "fps": null, "height": null, "tbr": 153.68, "width": null, "vcodec": "none", "downloader_options": {"http_chunk_size": 10485760}, "format": "251 - audio only (tiny)", "protocol": "https", "http_headers": {"User-Agent": "Mozilla/5.0 (Windows NT 10.0; Win64; x64) AppleWebKit/537.36 (KHTML, like Gecko) Chrome/74.0.3729.96 Safari/537.36", "Accept-Charset": "ISO-8859-1,utf-8;q=0.7,*;q=0.7", "Accept": "text/html,application/xhtml+xml,application/xml;q=0.9,*/*;q=0.8", "Accept-Encoding": "gzip, deflate", "Accept-Language": "en-us,en;q=0.5"}}