{"id": "QoXHin53HoM", "uploader": "Piano in U", "uploader_id": "UC65OhXlLUNeuWJ_j5jUU2tQ", "uploader_url": "http://www.youtube.com/channel/UC65OhXlLUNeuWJ_j5jUU2tQ", "channel_id": "UC65OhXlLUNeuWJ_j5jUU2tQ", "channel_url": "http://www.youtube.com/channel/UC65OhXlLUNeuWJ_j5jUU2tQ", "upload_date": "20200109", "license": null, "creator": null, "title": "Show Yourself _\uaca8\uc6b8\uc655\uad6d 2 (Frozen 2 OST) Idina Menzel, Evan Rachel Wood/Piano cover/Sheet", "alt_title": null, "thumbnails": [{"url": "https://i.ytimg.com/vi/QoXHin53HoM/hqdefault.jpg?sqp=-oaymwEbCKgBEF5IVfKriqkDDggBFQAAiEIYAXABwAEG&rs=AOn4CLAuECVY5Z9Y5zKmD8uiVOguAkLglg", "width": 168, "height": 94, "resolution": "168x94", "id": "0"}, {"url": "https://i.ytimg.com/vi/QoXHin53HoM/hqdefault.jpg?sqp=-oaymwEbCMQBEG5IVfKriqkDDggBFQAAiEIYAXABwAEG&rs=AOn4CLBGFiYevzcTNoKe-T-4g-eKnQy-AQ", "width": 196, "height": 110, "resolution": "196x110", "id": "1"}, {"url": "https://i.ytimg.com/vi/QoXHin53HoM/hqdefault.jpg?sqp=-oaymwEcCPYBEIoBSFXyq4qpAw4IARUAAIhCGAFwAcABBg==&rs=AOn4CLBEgYZV6XhGojvnuTR7p2HZlmzL9g", "width": 246, "height": 138, "resolution": "246x138", "id": "2"}, {"url": "https://i.ytimg.com/vi/QoXHin53HoM/hqdefault.jpg?sqp=-oaymwEcCNACELwBSFXyq4qpAw4IARUAAIhCGAFwAcABBg==&rs=AOn4CLDZ_N-znJ_DkGdBV53ukOvIHwC4Zg", "width": 336, "height": 188, "resolution": "336x188", "id": "3"}], "description": "\u266c Piano Sheet   \nhttps://www.musicnotes.com/l/BlgmQ\n\nThanks for Watching. \nPlease like and Subscribe\u2661", "categories": ["Music"], "tags": ["\ud53c\uc544\ub178\uc778\uc720", "piano in u", "PIANOiNU", "pianoinu", "kpop piano", "sheet music", "\ucf00\uc774\ud31d\ud53c\uc544\ub178", "ost piano", "ost", "piano", "\ud53c\uc544\ub178", "sheeet", "\uc545\ubcf4", "pop", "\ud31d", "\uc7a0\uc798\ub54c", "\uacf5\ubd80\ud560\ub54c", "sleep", "study", "cover", "\ucee4\ubc84", "frozen", "frozen 2", "show yourself", "Idina Menzel", "Evan Rachel Wood", "Show Yourself", "frozen 2 ost"], "subtitles": {}, "automatic_captions": {}, "duration": 263, "age_limit": 0, "annotations": null, "chapters": null, "webpage_url": "https://www.youtube.com/watch?v=QoXHin53HoM", "view_count": 257029, "like_count": 8666, "dislike_count": 82, "average_rating": 4.9625058, "formats": [{"format_id": "249", "url": "https://r1---sn-5njj-u2xl.googlevideo.com/videoplayback?expire=1611763468&ei=rDoRYJG_Epb5qQGxopLADw&ip=140.109.135.76&id=o-AAoFgaRrdg2D8xoDnqswummbUce4OF077t5sSdYH8hl3&itag=249&source=youtube&requiressl=yes&mh=QK&mm=31%2C29&mn=sn-5njj-u2xl%2Csn-un57sn76&ms=au%2Crdu&mv=m&mvi=1&pl=16&initcwndbps=797500&vprv=1&mime=audio%2Fwebm&ns=SBROZmjxdIKyHmtRiy6iW8cF&gir=yes&clen=1885063&dur=262.821&lmt=1606674214779101&mt=1611741649&fvip=1&keepalive=yes&c=WEB&txp=5432434&n=Q1YrQalt-W98IL0ESgcP&sparams=expire%2Cei%2Cip%2Cid%2Citag%2Csource%2Crequiressl%2Cvprv%2Cmime%2Cns%2Cgir%2Cclen%2Cdur%2Clmt&lsparams=mh%2Cmm%2Cmn%2Cms%2Cmv%2Cmvi%2Cpl%2Cinitcwndbps&lsig=AG3C_xAwRAIgOnjOwvMyMOI72qEj0VQYY9Vbp6tAby1ZyySnjktcyPECICDlLED4hJ0UcIR7PtlzcxZ8IE3SvSpcDSZDC0pwvq5u&sig=AOq0QJ8wRgIhALTjGtAGNZnZOInfbT1JQGOZBASxYx8EVgYZcm5d6L6SAiEA3Ba2_6-a3ek3kIgSSM01do08jeGSGGsN-46Tz2EOQsY=&ratebypass=yes", "player_url": "/s/player/c6df6ed7/player_ias.vflset/en_US/base.js", "ext": "webm", "format_note": "tiny", "acodec": "opus", "abr": 50, "asr": 48000, "filesize": 1885063, "fps": null, "height": null, "tbr": 62.877, "width": null, "vcodec": "none", "downloader_options": {"http_chunk_size": 10485760}, "format": "249 - audio only (tiny)", "protocol": "https", "http_headers": {"User-Agent": "Mozilla/5.0 (Windows NT 10.0; Win64; x64) AppleWebKit/537.36 (KHTML, like Gecko) Chrome/72.0.3626.85 Safari/537.36", "Accept-Charset": "ISO-8859-1,utf-8;q=0.7,*;q=0.7", "Accept": "text/html,application/xhtml+xml,application/xml;q=0.9,*/*;q=0.8", "Accept-Encoding": "gzip, deflate", "Accept-Language": "en-us,en;q=0.5"}}, {"format_id": "250", "url": "https://r1---sn-5njj-u2xl.googlevideo.com/videoplayback?expire=1611763468&ei=rDoRYJG_Epb5qQGxopLADw&ip=140.109.135.76&id=o-AAoFgaRrdg2D8xoDnqswummbUce4OF077t5sSdYH8hl3&itag=250&source=youtube&requiressl=yes&mh=QK&mm=31%2C29&mn=sn-5njj-u2xl%2Csn-un57sn76&ms=au%2Crdu&mv=m&mvi=1&pl=16&initcwndbps=797500&vprv=1&mime=audio%2Fwebm&ns=SBROZmjxdIKyHmtRiy6iW8cF&gir=yes&clen=2513359&dur=262.821&lmt=1606674214847421&mt=1611741649&fvip=1&keepalive=yes&c=WEB&txp=5432434&n=Q1YrQalt-W98IL0ESgcP&sparams=expire%2Cei%2Cip%2Cid%2Citag%2Csource%2Crequiressl%2Cvprv%2Cmime%2Cns%2Cgir%2Cclen%2Cdur%2Clmt&lsparams=mh%2Cmm%2Cmn%2Cms%2Cmv%2Cmvi%2Cpl%2Cinitcwndbps&lsig=AG3C_xAwRQIhAJQNQH1qk_UuLx0BuxnD0t3XzL-VVflgmhsm4_qn5n-WAiAoH2VfqP0ANeiABi8pPtQtIfYNqEIo8a_NqmKs3s4-rA%3D%3D&sig=AOq0QJ8wRAIgXqMzNz0pP1e7xIMGwXCIufmjdmAma-9SqGeDxzOzlCACIF2vihNXwNLI38EOgLoKkCNIdPD22A0ON8ngVvqVHTLQ&ratebypass=yes", "player_url": "/s/player/c6df6ed7/player_ias.vflset/en_US/base.js", "ext": "webm", "format_note": "tiny", "acodec": "opus", "abr": 70, "asr": 48000, "filesize": 2513359, "fps": null, "height": null, "tbr": 81.772, "width": null, "vcodec": "none", "downloader_options": {"http_chunk_size": 10485760}, "format": "250 - audio only (tiny)", "protocol": "https", "http_headers": {"User-Agent": "Mozilla/5.0 (Windows NT 10.0; Win64; x64) AppleWebKit/537.36 (KHTML, like Gecko) Chrome/72.0.3626.85 Safari/537.36", "Accept-Charset": "ISO-8859-1,utf-8;q=0.7,*;q=0.7", "Accept": "text/html,application/xhtml+xml,application/xml;q=0.9,*/*;q=0.8", "Accept-Encoding": "gzip, deflate", "Accept-Language": "en-us,en;q=0.5"}}, {"format_id": "140", "url": "https://r1---sn-5njj-u2xl.googlevideo.com/videoplayback?expire=1611763468&ei=rDoRYJG_Epb5qQGxopLADw&ip=140.109.135.76&id=o-AAoFgaRrdg2D8xoDnqswummbUce4OF077t5sSdYH8hl3&itag=140&source=youtube&requiressl=yes&mh=QK&mm=31%2C29&mn=sn-5njj-u2xl%2Csn-un57sn76&ms=au%2Crdu&mv=m&mvi=1&pl=16&initcwndbps=797500&vprv=1&mime=audio%2Fmp4&ns=SBROZmjxdIKyHmtRiy6iW8cF&gir=yes&clen=4255047&dur=262.849&lmt=1584653072393233&mt=1611741649&fvip=1&keepalive=yes&c=WEB&txp=5431432&n=Q1YrQalt-W98IL0ESgcP&sparams=expire%2Cei%2Cip%2Cid%2Citag%2Csource%2Crequiressl%2Cvprv%2Cmime%2Cns%2Cgir%2Cclen%2Cdur%2Clmt&lsparams=mh%2Cmm%2Cmn%2Cms%2Cmv%2Cmvi%2Cpl%2Cinitcwndbps&lsig=AG3C_xAwRQIhALZbuJYAn7lZigJ_XdPbPhoomhdsYAOznMLLpyL4fFgnAiBoLEflCVtLUb1hroTu5_DJkfRFKaRqwKHM3UdQWdYWnw%3D%3D&sig=AOq0QJ8wRAIgRWm7pFO4d5afXadMaauIk0SYAikH-SuuYnZdxfYdEekCIEY-6gWIAWjQJMfigvvN8-h6n6jRt50qpKArVFkTDuMi&ratebypass=yes", "player_url": "/s/player/c6df6ed7/player_ias.vflset/en_US/base.js", "ext": "m4a", "format_note": "tiny", "acodec": "mp4a.40.2", "abr": 128, "container": "m4a_dash", "asr": 44100, "filesize": 4255047, "fps": null, "height": null, "tbr": 130.535, "width": null, "vcodec": "none", "downloader_options": {"http_chunk_size": 10485760}, "format": "140 - audio only (tiny)", "protocol": "https", "http_headers": {"User-Agent": "Mozilla/5.0 (Windows NT 10.0; Win64; x64) AppleWebKit/537.36 (KHTML, like Gecko) Chrome/72.0.3626.85 Safari/537.36", "Accept-Charset": "ISO-8859-1,utf-8;q=0.7,*;q=0.7", "Accept": "text/html,application/xhtml+xml,application/xml;q=0.9,*/*;q=0.8", "Accept-Encoding": "gzip, deflate", "Accept-Language": "en-us,en;q=0.5"}}, {"format_id": "251", "url": "https://r1---sn-5njj-u2xl.googlevideo.com/videoplayback?expire=1611763468&ei=rDoRYJG_Epb5qQGxopLADw&ip=140.109.135.76&id=o-AAoFgaRrdg2D8xoDnqswummbUce4OF077t5sSdYH8hl3&itag=251&source=youtube&requiressl=yes&mh=QK&mm=31%2C29&mn=sn-5njj-u2xl%2Csn-un57sn76&ms=au%2Crdu&mv=m&mvi=1&pl=16&initcwndbps=797500&vprv=1&mime=audio%2Fwebm&ns=SBROZmjxdIKyHmtRiy6iW8cF&gir=yes&clen=4876605&dur=262.821&lmt=1606674214788908&mt=1611741649&fvip=1&keepalive=yes&c=WEB&txp=5432434&n=Q1YrQalt-W98IL0ESgcP&sparams=expire%2Cei%2Cip%2Cid%2Citag%2Csource%2Crequiressl%2Cvprv%2Cmime%2Cns%2Cgir%2Cclen%2Cdur%2Clmt&lsparams=mh%2Cmm%2Cmn%2Cms%2Cmv%2Cmvi%2Cpl%2Cinitcwndbps&lsig=AG3C_xAwRQIhALjCUwyJ7vo_9wcmuSSPSGbYiWNAJ2SP1lUGBKN1cLIMAiBlktyIYqbeMUaVOEekfCKsSHGxSzNT11oovWFgCdJIPQ%3D%3D&sig=AOq0QJ8wRgIhAJxi0UUCcbGUbJeNj4EpQAX1gwJBLdWhiyRXq5SN0bOMAiEA5py_U98m07BIa-ikZS31FadeoQDLGdXHjQDxO1sHjNA=&ratebypass=yes", "player_url": "/s/player/c6df6ed7/player_ias.vflset/en_US/base.js", "ext": "webm", "format_note": "tiny", "acodec": "opus", "abr": 160, "asr": 48000, "filesize": 4876605, "fps": null, "height": null, "tbr": 158.136, "width": null, "vcodec": "none", "downloader_options": {"http_chunk_size": 10485760}, "format": "251 - audio only (tiny)", "protocol": "https", "http_headers": {"User-Agent": "Mozilla/5.0 (Windows NT 10.0; Win64; x64) AppleWebKit/537.36 (KHTML, like Gecko) Chrome/72.0.3626.85 Safari/537.36", "Accept-Charset": "ISO-8859-1,utf-8;q=0.7,*;q=0.7", "Accept": "text/html,application/xhtml+xml,application/xml;q=0.9,*/*;q=0.8", "Accept-Encoding": "gzip, deflate", "Accept-Language": "en-us,en;q=0.5"}}, {"format_id": "160", "url": "https://r1---sn-5njj-u2xl.googlevideo.com/videoplayback?expire=1611763468&ei=rDoRYJG_Epb5qQGxopLADw&ip=140.109.135.76&id=o-AAoFgaRrdg2D8xoDnqswummbUce4OF077t5sSdYH8hl3&itag=160&aitags=133%2C134%2C135%2C136%2C160%2C242%2C243%2C244%2C247%2C278%2C298%2C299%2C302%2C303&source=youtube&requiressl=yes&mh=QK&mm=31%2C29&mn=sn-5njj-u2xl%2Csn-un57sn76&ms=au%2Crdu&mv=m&mvi=1&pl=16&initcwndbps=797500&vprv=1&mime=video%2Fmp4&ns=SBROZmjxdIKyHmtRiy6iW8cF&gir=yes&clen=911699&dur=262.800&lmt=1584653561180596&mt=1611741649&fvip=1&keepalive=yes&c=WEB&txp=5432432&n=Q1YrQalt-W98IL0ESgcP&sparams=expire%2Cei%2Cip%2Cid%2Caitags%2Csource%2Crequiressl%2Cvprv%2Cmime%2Cns%2Cgir%2Cclen%2Cdur%2Clmt&lsparams=mh%2Cmm%2Cmn%2Cms%2Cmv%2Cmvi%2Cpl%2Cinitcwndbps&lsig=AG3C_xAwRQIgEQ5zAXLXLT8_5TU-QAnewyJZL7XVp0lETmqaBadiEC0CIQCUg4iWvnsb7lUN0injEzwM6z9TAMWxCQ4pew-9rYuwgQ%3D%3D&sig=AOq0QJ8wRgIhAJj5E49pLktNsNzLnVIMyyGEZZnYJ27goSkSnhJY3QICAiEA5PCrT_I-nI6D_ZlA3Fc0wIjyVvdP87fzCsJJfkXuzgI=&ratebypass=yes", "player_url": "/s/player/c6df6ed7/player_ias.vflset/en_US/base.js", "ext": "mp4", "height": 144, "format_note": "144p", "vcodec": "avc1.4d400c", "asr": null, "filesize": 911699, "fps": 25, "tbr": 43.828, "width": 256, "acodec": "none", "downloader_options": {"http_chunk_size": 10485760}, "format": "160 - 256x144 (144p)", "protocol": "https", "http_headers": {"User-Agent": "Mozilla/5.0 (Windows NT 10.0; Win64; x64) AppleWebKit/537.36 (KHTML, like Gecko) Chrome/72.0.3626.85 Safari/537.36", "Accept-Charset": "ISO-8859-1,utf-8;q=0.7,*;q=0.7", "Accept": "text/html,application/xhtml+xml,application/xml;q=0.9,*/*;q=0.8", "Accept-Encoding": "gzip, deflate", "Accept-Language": "en-us,en;q=0.5"}}, {"format_id": "133", "url": "https://r1---sn-5njj-u2xl.googlevideo.com/videoplayback?expire=1611763468&ei=rDoRYJG_Epb5qQGxopLADw&ip=140.109.135.76&id=o-AAoFgaRrdg2D8xoDnqswummbUce4OF077t5sSdYH8hl3&itag=133&aitags=133%2C134%2C135%2C136%2C160%2C242%2C243%2C244%2C247%2C278%2C298%2C299%2C302%2C303&source=youtube&requiressl=yes&mh=QK&mm=31%2C29&mn=sn-5njj-u2xl%2Csn-un57sn76&ms=au%2Crdu&mv=m&mvi=1&pl=16&initcwndbps=797500&vprv=1&mime=video%2Fmp4&ns=SBROZmjxdIKyHmtRiy6iW8cF&gir=yes&clen=1485574&dur=262.800&lmt=1584653555126039&mt=1611741649&fvip=1&keepalive=yes&c=WEB&txp=5432432&n=Q1YrQalt-W98IL0ESgcP&sparams=expire%2Cei%2Cip%2Cid%2Caitags%2Csource%2Crequiressl%2Cvprv%2Cmime%2Cns%2Cgir%2Cclen%2Cdur%2Clmt&lsparams=mh%2Cmm%2Cmn%2Cms%2Cmv%2Cmvi%2Cpl%2Cinitcwndbps&lsig=AG3C_xAwRAIgWjhBEa6nEOsDKlnBiDG_Na-_rIs2gnGYuv13CbbwAzQCIAgW-todPcrRQQAFBnQRH7iDQwSsuhOuEyJYh9JkQkjg&sig=AOq0QJ8wRAIgUJM1KcEJaKNAneATojuG0SSynxyJlGP6t-DUCZV7o9YCIArOSWs51TSWNj5io0VNPOC9bxdS6T5lVxc50nJ9HJb_&ratebypass=yes", "player_url": "/s/player/c6df6ed7/player_ias.vflset/en_US/base.js", "ext": "mp4", "height": 240, "format_note": "240p", "vcodec": "avc1.4d4015", "asr": null, "filesize": 1485574, "fps": 25, "tbr": 72.166, "width": 426, "acodec": "none", "downloader_options": {"http_chunk_size": 10485760}, "format": "133 - 426x240 (240p)", "protocol": "https", "http_headers": {"User-Agent": "Mozilla/5.0 (Windows NT 10.0; Win64; x64) AppleWebKit/537.36 (KHTML, like Gecko) Chrome/72.0.3626.85 Safari/537.36", "Accept-Charset": "ISO-8859-1,utf-8;q=0.7,*;q=0.7", "Accept": "text/html,application/xhtml+xml,application/xml;q=0.9,*/*;q=0.8", "Accept-Encoding": "gzip, deflate", "Accept-Language": "en-us,en;q=0.5"}}, {"format_id": "278", "url": "https://r1---sn-5njj-u2xl.googlevideo.com/videoplayback?expire=1611763468&ei=rDoRYJG_Epb5qQGxopLADw&ip=140.109.135.76&id=o-AAoFgaRrdg2D8xoDnqswummbUce4OF077t5sSdYH8hl3&itag=278&aitags=133%2C134%2C135%2C136%2C160%2C242%2C243%2C244%2C247%2C278%2C298%2C299%2C302%2C303&source=youtube&requiressl=yes&mh=QK&mm=31%2C29&mn=sn-5njj-u2xl%2Csn-un57sn76&ms=au%2Crdu&mv=m&mvi=1&pl=16&initcwndbps=797500&vprv=1&mime=video%2Fwebm&ns=SBROZmjxdIKyHmtRiy6iW8cF&gir=yes&clen=2395948&dur=262.800&lmt=1584653573220978&mt=1611741649&fvip=1&keepalive=yes&c=WEB&txp=5431432&n=Q1YrQalt-W98IL0ESgcP&sparams=expire%2Cei%2Cip%2Cid%2Caitags%2Csource%2Crequiressl%2Cvprv%2Cmime%2Cns%2Cgir%2Cclen%2Cdur%2Clmt&lsparams=mh%2Cmm%2Cmn%2Cms%2Cmv%2Cmvi%2Cpl%2Cinitcwndbps&lsig=AG3C_xAwRAIgWrNzE5FfX2wo13j13fr3WIkMf8DES9gtG3_7A7dcYhgCIHMVl3dRZYw4mbqvh0jESfZkg36iagPJ2PuChjS6zSGk&sig=AOq0QJ8wRQIhAOQ7_w_Fukt2B3GUjNQcIbbL5cSTtiiEjlVOZQQIrxtpAiBjB0Sz_v_msuljQ78mJNOpKga7YjjfkqGymTD0CNfh_Q==&ratebypass=yes", "player_url": "/s/player/c6df6ed7/player_ias.vflset/en_US/base.js", "ext": "webm", "height": 144, "format_note": "144p", "container": "webm", "vcodec": "vp9", "asr": null, "filesize": 2395948, "fps": 25, "tbr": 82.745, "width": 256, "acodec": "none", "downloader_options": {"http_chunk_size": 10485760}, "format": "278 - 256x144 (144p)", "protocol": "https", "http_headers": {"User-Agent": "Mozilla/5.0 (Windows NT 10.0; Win64; x64) AppleWebKit/537.36 (KHTML, like Gecko) Chrome/72.0.3626.85 Safari/537.36", "Accept-Charset": "ISO-8859-1,utf-8;q=0.7,*;q=0.7", "Accept": "text/html,application/xhtml+xml,application/xml;q=0.9,*/*;q=0.8", "Accept-Encoding": "gzip, deflate", "Accept-Language": "en-us,en;q=0.5"}}, {"format_id": "242", "url": "https://r1---sn-5njj-u2xl.googlevideo.com/videoplayback?expire=1611763468&ei=rDoRYJG_Epb5qQGxopLADw&ip=140.109.135.76&id=o-AAoFgaRrdg2D8xoDnqswummbUce4OF077t5sSdYH8hl3&itag=242&aitags=133%2C134%2C135%2C136%2C160%2C242%2C243%2C244%2C247%2C278%2C298%2C299%2C302%2C303&source=youtube&requiressl=yes&mh=QK&mm=31%2C29&mn=sn-5njj-u2xl%2Csn-un57sn76&ms=au%2Crdu&mv=m&mvi=1&pl=16&initcwndbps=797500&vprv=1&mime=video%2Fwebm&ns=SBROZmjxdIKyHmtRiy6iW8cF&gir=yes&clen=2427302&dur=262.800&lmt=1584653565616326&mt=1611741649&fvip=1&keepalive=yes&c=WEB&txp=5431432&n=Q1YrQalt-W98IL0ESgcP&sparams=expire%2Cei%2Cip%2Cid%2Caitags%2Csource%2Crequiressl%2Cvprv%2Cmime%2Cns%2Cgir%2Cclen%2Cdur%2Clmt&lsparams=mh%2Cmm%2Cmn%2Cms%2Cmv%2Cmvi%2Cpl%2Cinitcwndbps&lsig=AG3C_xAwRAIgNx5RmTdMVcCgvbISyBUZRuFXuTamklGyrNQzwIzMVBcCIF8K5gcqlUtE8G3Y8gnKvJTQh0KmQSMQ2GG7dx7CMFPg&sig=AOq0QJ8wRgIhANdoAr99duMziuB-kI8KxGQQ8QD1488Qr7viOlDFNWhxAiEA99CPq1sNyA9DgZREPXsMBIdWlRlpvytocWEKh84lpkw=&ratebypass=yes", "player_url": "/s/player/c6df6ed7/player_ias.vflset/en_US/base.js", "ext": "webm", "height": 240, "format_note": "240p", "vcodec": "vp9", "asr": null, "filesize": 2427302, "fps": 25, "tbr": 120.99, "width": 426, "acodec": "none", "downloader_options": {"http_chunk_size": 10485760}, "format": "242 - 426x240 (240p)", "protocol": "https", "http_headers": {"User-Agent": "Mozilla/5.0 (Windows NT 10.0; Win64; x64) AppleWebKit/537.36 (KHTML, like Gecko) Chrome/72.0.3626.85 Safari/537.36", "Accept-Charset": "ISO-8859-1,utf-8;q=0.7,*;q=0.7", "Accept": "text/html,application/xhtml+xml,application/xml;q=0.9,*/*;q=0.8", "Accept-Encoding": "gzip, deflate", "Accept-Language": "en-us,en;q=0.5"}}, {"format_id": "134", "url": "https://r1---sn-5njj-u2xl.googlevideo.com/videoplayback?expire=1611763468&ei=rDoRYJG_Epb5qQGxopLADw&ip=140.109.135.76&id=o-AAoFgaRrdg2D8xoDnqswummbUce4OF077t5sSdYH8hl3&itag=134&aitags=133%2C134%2C135%2C136%2C160%2C242%2C243%2C244%2C247%2C278%2C298%2C299%2C302%2C303&source=youtube&requiressl=yes&mh=QK&mm=31%2C29&mn=sn-5njj-u2xl%2Csn-un57sn76&ms=au%2Crdu&mv=m&mvi=1&pl=16&initcwndbps=797500&vprv=1&mime=video%2Fmp4&ns=SBROZmjxdIKyHmtRiy6iW8cF&gir=yes&clen=3180060&dur=262.800&lmt=1584653560856020&mt=1611741649&fvip=1&keepalive=yes&c=WEB&txp=5432432&n=Q1YrQalt-W98IL0ESgcP&sparams=expire%2Cei%2Cip%2Cid%2Caitags%2Csource%2Crequiressl%2Cvprv%2Cmime%2Cns%2Cgir%2Cclen%2Cdur%2Clmt&lsparams=mh%2Cmm%2Cmn%2Cms%2Cmv%2Cmvi%2Cpl%2Cinitcwndbps&lsig=AG3C_xAwRQIhAP02YWOIb5v-HPGjHN6OlWS0sDCwIiP0pfagqv5YE20GAiBxLf_yNoZXeKvplTHYE7NYw0KVt3IwFzbMxN5OP8krHg%3D%3D&sig=AOq0QJ8wRgIhAP-o-EjTCzdtUzoB-oPs2o0E36oGjGbjpIY4oANUSyvbAiEA6Er-3g-6cNW4blK6sQc0DwmwaOvwgOzP7O7eb3ky2ew=&ratebypass=yes", "player_url": "/s/player/c6df6ed7/player_ias.vflset/en_US/base.js", "ext": "mp4", "height": 360, "format_note": "360p", "vcodec": "avc1.4d401e", "asr": null, "filesize": 3180060, "fps": 25, "tbr": 142.909, "width": 640, "acodec": "none", "downloader_options": {"http_chunk_size": 10485760}, "format": "134 - 640x360 (360p)", "protocol": "https", "http_headers": {"User-Agent": "Mozilla/5.0 (Windows NT 10.0; Win64; x64) AppleWebKit/537.36 (KHTML, like Gecko) Chrome/72.0.3626.85 Safari/537.36", "Accept-Charset": "ISO-8859-1,utf-8;q=0.7,*;q=0.7", "Accept": "text/html,application/xhtml+xml,application/xml;q=0.9,*/*;q=0.8", "Accept-Encoding": "gzip, deflate", "Accept-Language": "en-us,en;q=0.5"}}, {"format_id": "243", "url": "https://r1---sn-5njj-u2xl.googlevideo.com/videoplayback?expire=1611763468&ei=rDoRYJG_Epb5qQGxopLADw&ip=140.109.135.76&id=o-AAoFgaRrdg2D8xoDnqswummbUce4OF077t5sSdYH8hl3&itag=243&aitags=133%2C134%2C135%2C136%2C160%2C242%2C243%2C244%2C247%2C278%2C298%2C299%2C302%2C303&source=youtube&requiressl=yes&mh=QK&mm=31%2C29&mn=sn-5njj-u2xl%2Csn-un57sn76&ms=au%2Crdu&mv=m&mvi=1&pl=16&initcwndbps=797500&vprv=1&mime=video%2Fwebm&ns=SBROZmjxdIKyHmtRiy6iW8cF&gir=yes&clen=4444425&dur=262.800&lmt=1584653566220875&mt=1611741649&fvip=1&keepalive=yes&c=WEB&txp=5431432&n=Q1YrQalt-W98IL0ESgcP&sparams=expire%2Cei%2Cip%2Cid%2Caitags%2Csource%2Crequiressl%2Cvprv%2Cmime%2Cns%2Cgir%2Cclen%2Cdur%2Clmt&lsparams=mh%2Cmm%2Cmn%2Cms%2Cmv%2Cmvi%2Cpl%2Cinitcwndbps&lsig=AG3C_xAwRQIhAMR0P8PDi3XpDugKPJnQ0FvDj_KXu-uN5uDkGZyX8x3HAiAQb5J1bq5aSFiBSFL399Zp96mkTg9RHKKj1NhwsoVoSg%3D%3D&sig=AOq0QJ8wRQIgaAzb9tHO6T41k-t1edzUkuksTVLxWDdalwA95oGdyjQCIQDuTZf49roUPUzoCMz8ae4mNAqY7yngwLhCEC5-e42D1w==&ratebypass=yes", "player_url": "/s/player/c6df6ed7/player_ias.vflset/en_US/base.js", "ext": "webm", "height": 360, "format_note": "360p", "vcodec": "vp9", "asr": null, "filesize": 4444425, "fps": 25, "tbr": 209.842, "width": 640, "acodec": "none", "downloader_options": {"http_chunk_size": 10485760}, "format": "243 - 640x360 (360p)", "protocol": "https", "http_headers": {"User-Agent": "Mozilla/5.0 (Windows NT 10.0; Win64; x64) AppleWebKit/537.36 (KHTML, like Gecko) Chrome/72.0.3626.85 Safari/537.36", "Accept-Charset": "ISO-8859-1,utf-8;q=0.7,*;q=0.7", "Accept": "text/html,application/xhtml+xml,application/xml;q=0.9,*/*;q=0.8", "Accept-Encoding": "gzip, deflate", "Accept-Language": "en-us,en;q=0.5"}}, {"format_id": "135", "url": "https://r1---sn-5njj-u2xl.googlevideo.com/videoplayback?expire=1611763468&ei=rDoRYJG_Epb5qQGxopLADw&ip=140.109.135.76&id=o-AAoFgaRrdg2D8xoDnqswummbUce4OF077t5sSdYH8hl3&itag=135&aitags=133%2C134%2C135%2C136%2C160%2C242%2C243%2C244%2C247%2C278%2C298%2C299%2C302%2C303&source=youtube&requiressl=yes&mh=QK&mm=31%2C29&mn=sn-5njj-u2xl%2Csn-un57sn76&ms=au%2Crdu&mv=m&mvi=1&pl=16&initcwndbps=797500&vprv=1&mime=video%2Fmp4&ns=SBROZmjxdIKyHmtRiy6iW8cF&gir=yes&clen=5769886&dur=262.800&lmt=1584653555038707&mt=1611741649&fvip=1&keepalive=yes&c=WEB&txp=5432432&n=Q1YrQalt-W98IL0ESgcP&sparams=expire%2Cei%2Cip%2Cid%2Caitags%2Csource%2Crequiressl%2Cvprv%2Cmime%2Cns%2Cgir%2Cclen%2Cdur%2Clmt&lsparams=mh%2Cmm%2Cmn%2Cms%2Cmv%2Cmvi%2Cpl%2Cinitcwndbps&lsig=AG3C_xAwRQIgA0z7DFPd4fQ86oGHGjYoWEFVAI9MmlfQePXycyR-3L0CIQDxYOj7OVWPimhRuhRv-678kyu_heSa3DPnIL5v3KArHg%3D%3D&sig=AOq0QJ8wRgIhAO2cL2qM2oOOFmFnBm4CkMn24DfgGnTEiNrO75teteEPAiEA2WEL0_CXWQT1FinFSxZV5-z6phByZE8ODaUyKXXMP28=&ratebypass=yes", "player_url": "/s/player/c6df6ed7/player_ias.vflset/en_US/base.js", "ext": "mp4", "height": 480, "format_note": "480p", "vcodec": "avc1.4d401e", "asr": null, "filesize": 5769886, "fps": 25, "tbr": 233.909, "width": 854, "acodec": "none", "downloader_options": {"http_chunk_size": 10485760}, "format": "135 - 854x480 (480p)", "protocol": "https", "http_headers": {"User-Agent": "Mozilla/5.0 (Windows NT 10.0; Win64; x64) AppleWebKit/537.36 (KHTML, like Gecko) Chrome/72.0.3626.85 Safari/537.36", "Accept-Charset": "ISO-8859-1,utf-8;q=0.7,*;q=0.7", "Accept": "text/html,application/xhtml+xml,application/xml;q=0.9,*/*;q=0.8", "Accept-Encoding": "gzip, deflate", "Accept-Language": "en-us,en;q=0.5"}}, {"format_id": "244", "url": "https://r1---sn-5njj-u2xl.googlevideo.com/videoplayback?expire=1611763468&ei=rDoRYJG_Epb5qQGxopLADw&ip=140.109.135.76&id=o-AAoFgaRrdg2D8xoDnqswummbUce4OF077t5sSdYH8hl3&itag=244&aitags=133%2C134%2C135%2C136%2C160%2C242%2C243%2C244%2C247%2C278%2C298%2C299%2C302%2C303&source=youtube&requiressl=yes&mh=QK&mm=31%2C29&mn=sn-5njj-u2xl%2Csn-un57sn76&ms=au%2Crdu&mv=m&mvi=1&pl=16&initcwndbps=797500&vprv=1&mime=video%2Fwebm&ns=SBROZmjxdIKyHmtRiy6iW8cF&gir=yes&clen=6855084&dur=262.800&lmt=1584653562213133&mt=1611741649&fvip=1&keepalive=yes&c=WEB&txp=5431432&n=Q1YrQalt-W98IL0ESgcP&sparams=expire%2Cei%2Cip%2Cid%2Caitags%2Csource%2Crequiressl%2Cvprv%2Cmime%2Cns%2Cgir%2Cclen%2Cdur%2Clmt&lsparams=mh%2Cmm%2Cmn%2Cms%2Cmv%2Cmvi%2Cpl%2Cinitcwndbps&lsig=AG3C_xAwRQIhAP66Z4GkEiaoP3z6UxJtoJMrHrYeMHiDb6IUObtyHGLvAiAwEJQBL-rCA-Gl1g6pTdh5j0AGruHII0TrleSpeKXXwQ%3D%3D&sig=AOq0QJ8wRQIgCOdosAOwHckLHbSq1E2LYvfDV1c0z26tlnqP_z5HB4gCIQC7vYw2fHlAy1o7c_IsRdLWyZ7q_W3122XfddWj0ccxPw==&ratebypass=yes", "player_url": "/s/player/c6df6ed7/player_ias.vflset/en_US/base.js", "ext": "webm", "height": 480, "format_note": "480p", "vcodec": "vp9", "asr": null, "filesize": 6855084, "fps": 25, "tbr": 304.466, "width": 854, "acodec": "none", "downloader_options": {"http_chunk_size": 10485760}, "format": "244 - 854x480 (480p)", "protocol": "https", "http_headers": {"User-Agent": "Mozilla/5.0 (Windows NT 10.0; Win64; x64) AppleWebKit/537.36 (KHTML, like Gecko) Chrome/72.0.3626.85 Safari/537.36", "Accept-Charset": "ISO-8859-1,utf-8;q=0.7,*;q=0.7", "Accept": "text/html,application/xhtml+xml,application/xml;q=0.9,*/*;q=0.8", "Accept-Encoding": "gzip, deflate", "Accept-Language": "en-us,en;q=0.5"}}, {"format_id": "136", "url": "https://r1---sn-5njj-u2xl.googlevideo.com/videoplayback?expire=1611763468&ei=rDoRYJG_Epb5qQGxopLADw&ip=140.109.135.76&id=o-AAoFgaRrdg2D8xoDnqswummbUce4OF077t5sSdYH8hl3&itag=136&aitags=133%2C134%2C135%2C136%2C160%2C242%2C243%2C244%2C247%2C278%2C298%2C299%2C302%2C303&source=youtube&requiressl=yes&mh=QK&mm=31%2C29&mn=sn-5njj-u2xl%2Csn-un57sn76&ms=au%2Crdu&mv=m&mvi=1&pl=16&initcwndbps=797500&vprv=1&mime=video%2Fmp4&ns=SBROZmjxdIKyHmtRiy6iW8cF&gir=yes&clen=10945674&dur=262.800&lmt=1584653554952216&mt=1611741649&fvip=1&keepalive=yes&c=WEB&txp=5432432&n=Q1YrQalt-W98IL0ESgcP&sparams=expire%2Cei%2Cip%2Cid%2Caitags%2Csource%2Crequiressl%2Cvprv%2Cmime%2Cns%2Cgir%2Cclen%2Cdur%2Clmt&lsparams=mh%2Cmm%2Cmn%2Cms%2Cmv%2Cmvi%2Cpl%2Cinitcwndbps&lsig=AG3C_xAwRQIhAMEhxUUTWJ4GMTpO-PBfbH-S82fVwLlVQSifwWZkTpO2AiAudT8M5brJ5t6VJsPQKuMnPTXkAHvuIh60_m7zfYD1XA%3D%3D&sig=AOq0QJ8wRgIhAP8U6GLkrfz8romAcWdqYnfqIs4rbiYo6bB8kUtPJvH9AiEAkfemT5nmw9D8pSnIuLm_IewtALykzc2WIzypyCZV-4A=&ratebypass=yes", "player_url": "/s/player/c6df6ed7/player_ias.vflset/en_US/base.js", "ext": "mp4", "height": 720, "format_note": "720p", "vcodec": "avc1.4d401f", "asr": null, "filesize": 10945674, "fps": 25, "tbr": 446.395, "width": 1280, "acodec": "none", "downloader_options": {"http_chunk_size": 10485760}, "format": "136 - 1280x720 (720p)", "protocol": "https", "http_headers": {"User-Agent": "Mozilla/5.0 (Windows NT 10.0; Win64; x64) AppleWebKit/537.36 (KHTML, like Gecko) Chrome/72.0.3626.85 Safari/537.36", "Accept-Charset": "ISO-8859-1,utf-8;q=0.7,*;q=0.7", "Accept": "text/html,application/xhtml+xml,application/xml;q=0.9,*/*;q=0.8", "Accept-Encoding": "gzip, deflate", "Accept-Language": "en-us,en;q=0.5"}}, {"format_id": "247", "url": "https://r1---sn-5njj-u2xl.googlevideo.com/videoplayback?expire=1611763468&ei=rDoRYJG_Epb5qQGxopLADw&ip=140.109.135.76&id=o-AAoFgaRrdg2D8xoDnqswummbUce4OF077t5sSdYH8hl3&itag=247&aitags=133%2C134%2C135%2C136%2C160%2C242%2C243%2C244%2C247%2C278%2C298%2C299%2C302%2C303&source=youtube&requiressl=yes&mh=QK&mm=31%2C29&mn=sn-5njj-u2xl%2Csn-un57sn76&ms=au%2Crdu&mv=m&mvi=1&pl=16&initcwndbps=797500&vprv=1&mime=video%2Fwebm&ns=SBROZmjxdIKyHmtRiy6iW8cF&gir=yes&clen=13483548&dur=262.800&lmt=1584653562134276&mt=1611741649&fvip=1&keepalive=yes&c=WEB&txp=5431432&n=Q1YrQalt-W98IL0ESgcP&sparams=expire%2Cei%2Cip%2Cid%2Caitags%2Csource%2Crequiressl%2Cvprv%2Cmime%2Cns%2Cgir%2Cclen%2Cdur%2Clmt&lsparams=mh%2Cmm%2Cmn%2Cms%2Cmv%2Cmvi%2Cpl%2Cinitcwndbps&lsig=AG3C_xAwRQIhAK8PUWwMr0jYCdqyF4ajcdP7aGDUXl6tAIhmsyL1gDhjAiACzHWTDl6VIKYME22kSdF7lQeN3siVexuweOdCtojM7w%3D%3D&sig=AOq0QJ8wRgIhAI1tTRVvW1vXb2X6279d0hKcU1uYT4LDsqg7bY7si3MDAiEA0tkMqeApN1nx0NMks-6x2kkPmyYZNk29N6yOyQvcwc4=&ratebypass=yes", "player_url": "/s/player/c6df6ed7/player_ias.vflset/en_US/base.js", "ext": "webm", "height": 720, "format_note": "720p", "vcodec": "vp9", "asr": null, "filesize": 13483548, "fps": 25, "tbr": 529.566, "width": 1280, "acodec": "none", "downloader_options": {"http_chunk_size": 10485760}, "format": "247 - 1280x720 (720p)", "protocol": "https", "http_headers": {"User-Agent": "Mozilla/5.0 (Windows NT 10.0; Win64; x64) AppleWebKit/537.36 (KHTML, like Gecko) Chrome/72.0.3626.85 Safari/537.36", "Accept-Charset": "ISO-8859-1,utf-8;q=0.7,*;q=0.7", "Accept": "text/html,application/xhtml+xml,application/xml;q=0.9,*/*;q=0.8", "Accept-Encoding": "gzip, deflate", "Accept-Language": "en-us,en;q=0.5"}}, {"format_id": "298", "url": "https://r1---sn-5njj-u2xl.googlevideo.com/videoplayback?expire=1611763468&ei=rDoRYJG_Epb5qQGxopLADw&ip=140.109.135.76&id=o-AAoFgaRrdg2D8xoDnqswummbUce4OF077t5sSdYH8hl3&itag=298&aitags=133%2C134%2C135%2C136%2C160%2C242%2C243%2C244%2C247%2C278%2C298%2C299%2C302%2C303&source=youtube&requiressl=yes&mh=QK&mm=31%2C29&mn=sn-5njj-u2xl%2Csn-un57sn76&ms=au%2Crdu&mv=m&mvi=1&pl=16&initcwndbps=797500&vprv=1&mime=video%2Fmp4&ns=SBROZmjxdIKyHmtRiy6iW8cF&gir=yes&clen=17841277&dur=262.800&lmt=1584653617167292&mt=1611741649&fvip=1&keepalive=yes&c=WEB&txp=5432432&n=Q1YrQalt-W98IL0ESgcP&sparams=expire%2Cei%2Cip%2Cid%2Caitags%2Csource%2Crequiressl%2Cvprv%2Cmime%2Cns%2Cgir%2Cclen%2Cdur%2Clmt&lsparams=mh%2Cmm%2Cmn%2Cms%2Cmv%2Cmvi%2Cpl%2Cinitcwndbps&lsig=AG3C_xAwRQIhAM67q9aT9X2206cAPNDVZ42wiqSTDiz0O89CMA1KBzvvAiB3NQAZ_XRN5Kt4co4L5YskjkaxaBoj2rur2Eq8rclDZQ%3D%3D&sig=AOq0QJ8wRgIhANugX-I32I0PnYBKbIlA_dV1-B8m4tUQxrxVltzRIqKmAiEA80ZLi91ZRoiFHlgpiXavM5PXYSZLauS7A9YltZa7QGU=&ratebypass=yes", "player_url": "/s/player/c6df6ed7/player_ias.vflset/en_US/base.js", "ext": "mp4", "height": 720, "format_note": "720p50", "vcodec": "avc1.4d4020", "fps": 50, "asr": null, "filesize": 17841277, "tbr": 680.446, "width": 1280, "acodec": "none", "downloader_options": {"http_chunk_size": 10485760}, "format": "298 - 1280x720 (720p50)", "protocol": "https", "http_headers": {"User-Agent": "Mozilla/5.0 (Windows NT 10.0; Win64; x64) AppleWebKit/537.36 (KHTML, like Gecko) Chrome/72.0.3626.85 Safari/537.36", "Accept-Charset": "ISO-8859-1,utf-8;q=0.7,*;q=0.7", "Accept": "text/html,application/xhtml+xml,application/xml;q=0.9,*/*;q=0.8", "Accept-Encoding": "gzip, deflate", "Accept-Language": "en-us,en;q=0.5"}}, {"format_id": "302", "url": "https://r1---sn-5njj-u2xl.googlevideo.com/videoplayback?expire=1611763468&ei=rDoRYJG_Epb5qQGxopLADw&ip=140.109.135.76&id=o-AAoFgaRrdg2D8xoDnqswummbUce4OF077t5sSdYH8hl3&itag=302&aitags=133%2C134%2C135%2C136%2C160%2C242%2C243%2C244%2C247%2C278%2C298%2C299%2C302%2C303&source=youtube&requiressl=yes&mh=QK&mm=31%2C29&mn=sn-5njj-u2xl%2Csn-un57sn76&ms=au%2Crdu&mv=m&mvi=1&pl=16&initcwndbps=797500&vprv=1&mime=video%2Fwebm&ns=SBROZmjxdIKyHmtRiy6iW8cF&gir=yes&clen=19477235&dur=262.800&lmt=1584653861241141&mt=1611741649&fvip=1&keepalive=yes&c=WEB&txp=5431432&n=Q1YrQalt-W98IL0ESgcP&sparams=expire%2Cei%2Cip%2Cid%2Caitags%2Csource%2Crequiressl%2Cvprv%2Cmime%2Cns%2Cgir%2Cclen%2Cdur%2Clmt&lsparams=mh%2Cmm%2Cmn%2Cms%2Cmv%2Cmvi%2Cpl%2Cinitcwndbps&lsig=AG3C_xAwRQIhAItQhDX1JutzoHHJoAnwxAEwHMxjqpuG9lWLEHRj7qCKAiBzXtoaSC2teLyw4qodk9JdDmp8UP7a63oJ6ebta4Dsrg%3D%3D&sig=AOq0QJ8wRgIhAIfBH6OQYp8ECOZHrIczVjbOFDu2SoFvLXkFlx62F10tAiEA_IQYtB7UljTHvKmL-qxnG_QMv_wb1u5R4m9tCGBc7Ko=&ratebypass=yes", "player_url": "/s/player/c6df6ed7/player_ias.vflset/en_US/base.js", "ext": "webm", "height": 720, "format_note": "720p50", "vcodec": "vp9", "fps": 50, "asr": null, "filesize": 19477235, "tbr": 747.01, "width": 1280, "acodec": "none", "downloader_options": {"http_chunk_size": 10485760}, "format": "302 - 1280x720 (720p50)", "protocol": "https", "http_headers": {"User-Agent": "Mozilla/5.0 (Windows NT 10.0; Win64; x64) AppleWebKit/537.36 (KHTML, like Gecko) Chrome/72.0.3626.85 Safari/537.36", "Accept-Charset": "ISO-8859-1,utf-8;q=0.7,*;q=0.7", "Accept": "text/html,application/xhtml+xml,application/xml;q=0.9,*/*;q=0.8", "Accept-Encoding": "gzip, deflate", "Accept-Language": "en-us,en;q=0.5"}}, {"format_id": "303", "url": "https://r1---sn-5njj-u2xl.googlevideo.com/videoplayback?expire=1611763468&ei=rDoRYJG_Epb5qQGxopLADw&ip=140.109.135.76&id=o-AAoFgaRrdg2D8xoDnqswummbUce4OF077t5sSdYH8hl3&itag=303&aitags=133%2C134%2C135%2C136%2C160%2C242%2C243%2C244%2C247%2C278%2C298%2C299%2C302%2C303&source=youtube&requiressl=yes&mh=QK&mm=31%2C29&mn=sn-5njj-u2xl%2Csn-un57sn76&ms=au%2Crdu&mv=m&mvi=1&pl=16&initcwndbps=797500&vprv=1&mime=video%2Fwebm&ns=SBROZmjxdIKyHmtRiy6iW8cF&gir=yes&clen=38160992&dur=262.800&lmt=1584654162700706&mt=1611741649&fvip=1&keepalive=yes&c=WEB&txp=5431432&n=Q1YrQalt-W98IL0ESgcP&sparams=expire%2Cei%2Cip%2Cid%2Caitags%2Csource%2Crequiressl%2Cvprv%2Cmime%2Cns%2Cgir%2Cclen%2Cdur%2Clmt&lsparams=mh%2Cmm%2Cmn%2Cms%2Cmv%2Cmvi%2Cpl%2Cinitcwndbps&lsig=AG3C_xAwRgIhAMbOP35XhEQHSXsoWbtIPoVcNio_CAikG-A5Q9cRITL7AiEArdpYkpD2aroTQYIOPfoWwU7nX-d43UK2h1it2t4Oc0g%3D&sig=AOq0QJ8wRQIhAKIK7emom3mviHJSfFHZe3S2qmUZcz3zHLtbHNHda6kmAiB13JQ7SJxFRrdnDGmBceuoycoMmH523P70fS9R-NdpzQ==&ratebypass=yes", "player_url": "/s/player/c6df6ed7/player_ias.vflset/en_US/base.js", "ext": "webm", "height": 1080, "format_note": "1080p50", "vcodec": "vp9", "fps": 50, "asr": null, "filesize": 38160992, "tbr": 1432.615, "width": 1920, "acodec": "none", "downloader_options": {"http_chunk_size": 10485760}, "format": "303 - 1920x1080 (1080p50)", "protocol": "https", "http_headers": {"User-Agent": "Mozilla/5.0 (Windows NT 10.0; Win64; x64) AppleWebKit/537.36 (KHTML, like Gecko) Chrome/72.0.3626.85 Safari/537.36", "Accept-Charset": "ISO-8859-1,utf-8;q=0.7,*;q=0.7", "Accept": "text/html,application/xhtml+xml,application/xml;q=0.9,*/*;q=0.8", "Accept-Encoding": "gzip, deflate", "Accept-Language": "en-us,en;q=0.5"}}, {"format_id": "299", "url": "https://r1---sn-5njj-u2xl.googlevideo.com/videoplayback?expire=1611763468&ei=rDoRYJG_Epb5qQGxopLADw&ip=140.109.135.76&id=o-AAoFgaRrdg2D8xoDnqswummbUce4OF077t5sSdYH8hl3&itag=299&aitags=133%2C134%2C135%2C136%2C160%2C242%2C243%2C244%2C247%2C278%2C298%2C299%2C302%2C303&source=youtube&requiressl=yes&mh=QK&mm=31%2C29&mn=sn-5njj-u2xl%2Csn-un57sn76&ms=au%2Crdu&mv=m&mvi=1&pl=16&initcwndbps=797500&vprv=1&mime=video%2Fmp4&ns=SBROZmjxdIKyHmtRiy6iW8cF&gir=yes&clen=40576824&dur=262.800&lmt=1584653577958947&mt=1611741649&fvip=1&keepalive=yes&c=WEB&txp=5432432&n=Q1YrQalt-W98IL0ESgcP&sparams=expire%2Cei%2Cip%2Cid%2Caitags%2Csource%2Crequiressl%2Cvprv%2Cmime%2Cns%2Cgir%2Cclen%2Cdur%2Clmt&lsparams=mh%2Cmm%2Cmn%2Cms%2Cmv%2Cmvi%2Cpl%2Cinitcwndbps&lsig=AG3C_xAwRQIhANTYtAfbnWiFlYnX59xRnmZ13zUzjf43wVatc6PWTgUmAiB0gmelDCwbPbE0i66utUTQwthcs-JG131P7zs1pYdsCQ%3D%3D&sig=AOq0QJ8wRgIhAOCsvDkUCsLyRUwc7wAt3aLJWQ0RVBbzLLCsjY3HDaSGAiEA9cYm6bSPZpOC5iayNWPp2ZSdrxN4oXZUxgh1SrrT2Zc=&ratebypass=yes", "player_url": "/s/player/c6df6ed7/player_ias.vflset/en_US/base.js", "ext": "mp4", "height": 1080, "format_note": "1080p50", "vcodec": "avc1.64002a", "fps": 50, "asr": null, "filesize": 40576824, "tbr": 1445.06, "width": 1920, "acodec": "none", "downloader_options": {"http_chunk_size": 10485760}, "format": "299 - 1920x1080 (1080p50)", "protocol": "https", "http_headers": {"User-Agent": "Mozilla/5.0 (Windows NT 10.0; Win64; x64) AppleWebKit/537.36 (KHTML, like Gecko) Chrome/72.0.3626.85 Safari/537.36", "Accept-Charset": "ISO-8859-1,utf-8;q=0.7,*;q=0.7", "Accept": "text/html,application/xhtml+xml,application/xml;q=0.9,*/*;q=0.8", "Accept-Encoding": "gzip, deflate", "Accept-Language": "en-us,en;q=0.5"}}, {"format_id": "18", "url": "https://r1---sn-5njj-u2xl.googlevideo.com/videoplayback?expire=1611763468&ei=rDoRYJG_Epb5qQGxopLADw&ip=140.109.135.76&id=o-AAoFgaRrdg2D8xoDnqswummbUce4OF077t5sSdYH8hl3&itag=18&source=youtube&requiressl=yes&mh=QK&mm=31%2C29&mn=sn-5njj-u2xl%2Csn-un57sn76&ms=au%2Crdu&mv=m&mvi=1&pl=16&initcwndbps=797500&vprv=1&mime=video%2Fmp4&ns=Pf9ObSm02Ka5qoxhoCya98wF&gir=yes&clen=11754511&ratebypass=yes&dur=262.849&lmt=1584653671559599&mt=1611741649&fvip=1&c=WEB&txp=5431432&n=C8aDWe7vSbExWVvWUBg0&sparams=expire%2Cei%2Cip%2Cid%2Citag%2Csource%2Crequiressl%2Cvprv%2Cmime%2Cns%2Cgir%2Cclen%2Cratebypass%2Cdur%2Clmt&lsparams=mh%2Cmm%2Cmn%2Cms%2Cmv%2Cmvi%2Cpl%2Cinitcwndbps&lsig=AG3C_xAwRQIhAOgw3RVi06v5LmZowPg7oxD_Y5H9Bqmozd8chsBR0QfLAiAcwRkVCDCi7uQHxWxdcFX7QQcfytb32JofRhS4fPf3Dw%3D%3D&sig=AOq0QJ8wRQIhAORwllTeylyk4DymT8LnZ-XarKdBo2AlI-hcmqtI6EwqAiAdDPSs4_476zk100nkdIPfIm_Lckwr2kXClRIfPFZHSg==", "player_url": "/s/player/c6df6ed7/player_ias.vflset/en_US/base.js", "ext": "mp4", "width": 640, "height": 360, "acodec": "mp4a.40.2", "abr": 96, "vcodec": "avc1.42001E", "asr": 44100, "filesize": 11754511, "format_note": "360p", "fps": 25, "tbr": 357.823, "format": "18 - 640x360 (360p)", "protocol": "https", "http_headers": {"User-Agent": "Mozilla/5.0 (Windows NT 10.0; Win64; x64) AppleWebKit/537.36 (KHTML, like Gecko) Chrome/72.0.3626.85 Safari/537.36", "Accept-Charset": "ISO-8859-1,utf-8;q=0.7,*;q=0.7", "Accept": "text/html,application/xhtml+xml,application/xml;q=0.9,*/*;q=0.8", "Accept-Encoding": "gzip, deflate", "Accept-Language": "en-us,en;q=0.5"}}], "is_live": null, "start_time": null, "end_time": null, "series": null, "season_number": null, "episode_number": null, "track": null, "artist": null, "album": null, "release_date": null, "release_year": null, "extractor": "youtube", "webpage_url_basename": "watch", "extractor_key": "Youtube", "playlist": null, "playlist_index": null, "thumbnail": "https://i.ytimg.com/vi/QoXHin53HoM/hqdefault.jpg?sqp=-oaymwEcCNACELwBSFXyq4qpAw4IARUAAIhCGAFwAcABBg==&rs=AOn4CLDZ_N-znJ_DkGdBV53ukOvIHwC4Zg", "display_id": "QoXHin53HoM", "requested_subtitles": null, "format_id": "251", "url": "https://r1---sn-5njj-u2xl.googlevideo.com/videoplayback?expire=1611763468&ei=rDoRYJG_Epb5qQGxopLADw&ip=140.109.135.76&id=o-AAoFgaRrdg2D8xoDnqswummbUce4OF077t5sSdYH8hl3&itag=251&source=youtube&requiressl=yes&mh=QK&mm=31%2C29&mn=sn-5njj-u2xl%2Csn-un57sn76&ms=au%2Crdu&mv=m&mvi=1&pl=16&initcwndbps=797500&vprv=1&mime=audio%2Fwebm&ns=SBROZmjxdIKyHmtRiy6iW8cF&gir=yes&clen=4876605&dur=262.821&lmt=1606674214788908&mt=1611741649&fvip=1&keepalive=yes&c=WEB&txp=5432434&n=Q1YrQalt-W98IL0ESgcP&sparams=expire%2Cei%2Cip%2Cid%2Citag%2Csource%2Crequiressl%2Cvprv%2Cmime%2Cns%2Cgir%2Cclen%2Cdur%2Clmt&lsparams=mh%2Cmm%2Cmn%2Cms%2Cmv%2Cmvi%2Cpl%2Cinitcwndbps&lsig=AG3C_xAwRQIhALjCUwyJ7vo_9wcmuSSPSGbYiWNAJ2SP1lUGBKN1cLIMAiBlktyIYqbeMUaVOEekfCKsSHGxSzNT11oovWFgCdJIPQ%3D%3D&sig=AOq0QJ8wRgIhAJxi0UUCcbGUbJeNj4EpQAX1gwJBLdWhiyRXq5SN0bOMAiEA5py_U98m07BIa-ikZS31FadeoQDLGdXHjQDxO1sHjNA=&ratebypass=yes", "player_url": "/s/player/c6df6ed7/player_ias.vflset/en_US/base.js", "ext": "webm", "format_note": "tiny", "acodec": "opus", "abr": 160, "asr": 48000, "filesize": 4876605, "fps": null, "height": null, "tbr": 158.136, "width": null, "vcodec": "none", "downloader_options": {"http_chunk_size": 10485760}, "format": "251 - audio only (tiny)", "protocol": "https", "http_headers": {"User-Agent": "Mozilla/5.0 (Windows NT 10.0; Win64; x64) AppleWebKit/537.36 (KHTML, like Gecko) Chrome/72.0.3626.85 Safari/537.36", "Accept-Charset": "ISO-8859-1,utf-8;q=0.7,*;q=0.7", "Accept": "text/html,application/xhtml+xml,application/xml;q=0.9,*/*;q=0.8", "Accept-Encoding": "gzip, deflate", "Accept-Language": "en-us,en;q=0.5"}}