{"id": "qKltE-q7QJ4", "uploader": "Pianoholic - Topic", "uploader_id": "UCQWVGAgbxFUIh0XcaL0Q3gA", "uploader_url": "http://www.youtube.com/channel/UCQWVGAgbxFUIh0XcaL0Q3gA", "channel_id": "UCQWVGAgbxFUIh0XcaL0Q3gA", "channel_url": "http://www.youtube.com/channel/UCQWVGAgbxFUIh0XcaL0Q3gA", "upload_date": "20201126", "license": null, "creator": "Pianoholic, Piano For Studying", "title": "Charming Piano Sounds", "alt_title": "Charming Piano Sounds", "thumbnails": [{"url": "https://i.ytimg.com/vi/qKltE-q7QJ4/hqdefault.jpg?sqp=-oaymwEYCKgBEF5IVfKriqkDCwgBFQAAiEIYAXAB&rs=AOn4CLAbKCi2lAo72c6GwgAtM45kssAxSA", "width": 168, "height": 94, "resolution": "168x94", "id": "0"}, {"url": "https://i.ytimg.com/vi/qKltE-q7QJ4/hqdefault.jpg?sqp=-oaymwEYCMQBEG5IVfKriqkDCwgBFQAAiEIYAXAB&rs=AOn4CLCURvBHuka9J4wYjYSp6uK2CQXlog", "width": 196, "height": 110, "resolution": "196x110", "id": "1"}, {"url": "https://i.ytimg.com/vi/qKltE-q7QJ4/hqdefault.jpg?sqp=-oaymwEZCPYBEIoBSFXyq4qpAwsIARUAAIhCGAFwAQ==&rs=AOn4CLBICi1IPqLZaC6poHOObb2YSLaQcg", "width": 246, "height": 138, "resolution": "246x138", "id": "2"}, {"url": "https://i.ytimg.com/vi/qKltE-q7QJ4/hqdefault.jpg?sqp=-oaymwEZCNACELwBSFXyq4qpAwsIARUAAIhCGAFwAQ==&rs=AOn4CLCQ2ysdGCaH3Y7clbb5a5pLi86MGA", "width": 336, "height": 188, "resolution": "336x188", "id": "3"}, {"url": "https://i.ytimg.com/vi_webp/qKltE-q7QJ4/maxresdefault.webp", "width": 1920, "height": 1080, "resolution": "1920x1080", "id": "4"}], "description": "Provided to YouTube by Piano Universe\n\nCharming Piano Sounds \u00b7 Pianoholic \u00b7 Piano For Studying\n\nTime To Relax\n\n\u2117 2020 Piano Universe\n\nReleased on: 2020-11-27\n\nMain  Artist: Pianoholic\nMain  Artist: Piano For Studying\n\nAuto-generated by YouTube.", "categories": ["Music"], "tags": ["Pianoholic", "Piano For Studying", "Time To Relax", "Charming Piano Sounds"], "subtitles": {}, "automatic_captions": {}, "duration": 109, "age_limit": 0, "annotations": null, "chapters": null, "webpage_url": "https://www.youtube.com/watch?v=qKltE-q7QJ4", "view_count": 52, "like_count": null, "dislike_count": null, "average_rating": null, "formats": [{"format_id": "249", "url": "https://r5---sn-5njj-u2xl.googlevideo.com/videoplayback?expire=1611763211&ei=qzkRYISzK43o4gKN2IrwCw&ip=140.109.135.76&id=o-AMWcm9kGOP4zX8HAkh5N9uPj0AdfpQuT30DglfJaz5u5&itag=249&source=youtube&requiressl=yes&mh=5A&mm=31%2C29&mn=sn-5njj-u2xl%2Csn-un57sn76&ms=au%2Crdu&mv=m&mvi=5&pl=16&gcr=tw&initcwndbps=730000&vprv=1&mime=audio%2Fwebm&ns=rDoeChELJ164aI8CJe6QYjsF&gir=yes&clen=757581&dur=108.581&lmt=1606249161458231&mt=1611740913&fvip=5&keepalive=yes&beids=23886204&c=WEB&txp=2311222&n=YXYzli_4RqqTQ4M16MT_&sparams=expire%2Cei%2Cip%2Cid%2Citag%2Csource%2Crequiressl%2Cgcr%2Cvprv%2Cmime%2Cns%2Cgir%2Cclen%2Cdur%2Clmt&lsparams=mh%2Cmm%2Cmn%2Cms%2Cmv%2Cmvi%2Cpl%2Cinitcwndbps&lsig=AG3C_xAwRQIgSYziNm5-6JpHs89TWEbC3gpDBU2A5HK9kA1HI_ToAH0CIQCEkaX3q7zZQkLyD7VGv4U3iHM9q3yJhd0LGxy-14Vgrw%3D%3D&sig=AOq0QJ8wRAIgYO74Caxnt93aYy_CCVK5tq7Z5W_C0xsfG6g5BEL_W8gCIDtwf4jCe73dBR0CbJg_Rh7yb0WdiSxLQ1t2_D9IsYnP&ratebypass=yes", "player_url": "/s/player/c6df6ed7/player_ias.vflset/en_US/base.js", "ext": "webm", "format_note": "tiny", "acodec": "opus", "abr": 50, "asr": 48000, "filesize": 757581, "fps": null, "height": null, "tbr": 59.038, "width": null, "vcodec": "none", "downloader_options": {"http_chunk_size": 10485760}, "format": "249 - audio only (tiny)", "protocol": "https", "http_headers": {"User-Agent": "Mozilla/5.0 (Windows NT 10.0; Win64; x64) AppleWebKit/537.36 (KHTML, like Gecko) Chrome/72.0.3626.85 Safari/537.36", "Accept-Charset": "ISO-8859-1,utf-8;q=0.7,*;q=0.7", "Accept": "text/html,application/xhtml+xml,application/xml;q=0.9,*/*;q=0.8", "Accept-Encoding": "gzip, deflate", "Accept-Language": "en-us,en;q=0.5"}}, {"format_id": "250", "url": "https://r5---sn-5njj-u2xl.googlevideo.com/videoplayback?expire=1611763211&ei=qzkRYISzK43o4gKN2IrwCw&ip=140.109.135.76&id=o-AMWcm9kGOP4zX8HAkh5N9uPj0AdfpQuT30DglfJaz5u5&itag=250&source=youtube&requiressl=yes&mh=5A&mm=31%2C29&mn=sn-5njj-u2xl%2Csn-un57sn76&ms=au%2Crdu&mv=m&mvi=5&pl=16&gcr=tw&initcwndbps=730000&vprv=1&mime=audio%2Fwebm&ns=rDoeChELJ164aI8CJe6QYjsF&gir=yes&clen=999061&dur=108.581&lmt=1606249161449050&mt=1611740913&fvip=5&keepalive=yes&beids=23886204&c=WEB&txp=2311222&n=YXYzli_4RqqTQ4M16MT_&sparams=expire%2Cei%2Cip%2Cid%2Citag%2Csource%2Crequiressl%2Cgcr%2Cvprv%2Cmime%2Cns%2Cgir%2Cclen%2Cdur%2Clmt&lsparams=mh%2Cmm%2Cmn%2Cms%2Cmv%2Cmvi%2Cpl%2Cinitcwndbps&lsig=AG3C_xAwRQIgVgC_MobBLKT5aqbdnfhsyKPj70t_33EgRwbtr8Wnam4CIQDbErDZ9FxF8zYrfLhmY7j4i0OzMsMx7x9COcfk14eiNg%3D%3D&sig=AOq0QJ8wRQIgA8rljLiq9zuGPdD21sEAQcM92wIejOqXRf19yKWHOZsCIQCiArfF8JDgyp_-unyDw6Uz3Ez6XaQcROeaesqKb6OitA==&ratebypass=yes", "player_url": "/s/player/c6df6ed7/player_ias.vflset/en_US/base.js", "ext": "webm", "format_note": "tiny", "acodec": "opus", "abr": 70, "asr": 48000, "filesize": 999061, "fps": null, "height": null, "tbr": 77.491, "width": null, "vcodec": "none", "downloader_options": {"http_chunk_size": 10485760}, "format": "250 - audio only (tiny)", "protocol": "https", "http_headers": {"User-Agent": "Mozilla/5.0 (Windows NT 10.0; Win64; x64) AppleWebKit/537.36 (KHTML, like Gecko) Chrome/72.0.3626.85 Safari/537.36", "Accept-Charset": "ISO-8859-1,utf-8;q=0.7,*;q=0.7", "Accept": "text/html,application/xhtml+xml,application/xml;q=0.9,*/*;q=0.8", "Accept-Encoding": "gzip, deflate", "Accept-Language": "en-us,en;q=0.5"}}, {"format_id": "140", "url": "https://r5---sn-5njj-u2xl.googlevideo.com/videoplayback?expire=1611763211&ei=qzkRYISzK43o4gKN2IrwCw&ip=140.109.135.76&id=o-AMWcm9kGOP4zX8HAkh5N9uPj0AdfpQuT30DglfJaz5u5&itag=140&source=youtube&requiressl=yes&mh=5A&mm=31%2C29&mn=sn-5njj-u2xl%2Csn-un57sn76&ms=au%2Crdu&mv=m&mvi=5&pl=16&gcr=tw&initcwndbps=730000&vprv=1&mime=audio%2Fmp4&ns=rDoeChELJ164aI8CJe6QYjsF&gir=yes&clen=1760163&dur=108.564&lmt=1606249170056360&mt=1611740913&fvip=5&keepalive=yes&beids=23886204&c=WEB&txp=2311222&n=YXYzli_4RqqTQ4M16MT_&sparams=expire%2Cei%2Cip%2Cid%2Citag%2Csource%2Crequiressl%2Cgcr%2Cvprv%2Cmime%2Cns%2Cgir%2Cclen%2Cdur%2Clmt&lsparams=mh%2Cmm%2Cmn%2Cms%2Cmv%2Cmvi%2Cpl%2Cinitcwndbps&lsig=AG3C_xAwRQIgDxhwPbV5CWacbEHKX4VAQvsRBxAPTZHW2daxPixk8_wCIQCsFaMZVG55LcJOy9QA0wwlsFBnt07hIThhNdgQcth9DA%3D%3D&sig=AOq0QJ8wRQIhAL0HU74sORDucW2pAEHO5W5KRpMxYOiLcFjmrqvL3yMiAiA074sVr_coZRGZjEG_JWAnsVzkK2yJuHOA47LX88160w==&ratebypass=yes", "player_url": "/s/player/c6df6ed7/player_ias.vflset/en_US/base.js", "ext": "m4a", "format_note": "tiny", "acodec": "mp4a.40.2", "abr": 128, "container": "m4a_dash", "asr": 44100, "filesize": 1760163, "fps": null, "height": null, "tbr": 130.879, "width": null, "vcodec": "none", "downloader_options": {"http_chunk_size": 10485760}, "format": "140 - audio only (tiny)", "protocol": "https", "http_headers": {"User-Agent": "Mozilla/5.0 (Windows NT 10.0; Win64; x64) AppleWebKit/537.36 (KHTML, like Gecko) Chrome/72.0.3626.85 Safari/537.36", "Accept-Charset": "ISO-8859-1,utf-8;q=0.7,*;q=0.7", "Accept": "text/html,application/xhtml+xml,application/xml;q=0.9,*/*;q=0.8", "Accept-Encoding": "gzip, deflate", "Accept-Language": "en-us,en;q=0.5"}}, {"format_id": "251", "url": "https://r5---sn-5njj-u2xl.googlevideo.com/videoplayback?expire=1611763211&ei=qzkRYISzK43o4gKN2IrwCw&ip=140.109.135.76&id=o-AMWcm9kGOP4zX8HAkh5N9uPj0AdfpQuT30DglfJaz5u5&itag=251&source=youtube&requiressl=yes&mh=5A&mm=31%2C29&mn=sn-5njj-u2xl%2Csn-un57sn76&ms=au%2Crdu&mv=m&mvi=5&pl=16&gcr=tw&initcwndbps=730000&vprv=1&mime=audio%2Fwebm&ns=rDoeChELJ164aI8CJe6QYjsF&gir=yes&clen=1936644&dur=108.581&lmt=1606249161741097&mt=1611740913&fvip=5&keepalive=yes&beids=23886204&c=WEB&txp=2311222&n=YXYzli_4RqqTQ4M16MT_&sparams=expire%2Cei%2Cip%2Cid%2Citag%2Csource%2Crequiressl%2Cgcr%2Cvprv%2Cmime%2Cns%2Cgir%2Cclen%2Cdur%2Clmt&lsparams=mh%2Cmm%2Cmn%2Cms%2Cmv%2Cmvi%2Cpl%2Cinitcwndbps&lsig=AG3C_xAwRAIhAMqC9gmoV_T92sIc-Mc1d-WNBgNejP_877gfxruZ-bXSAh8m_c2M9YkNtqg0IcwrI5vddXX_SnVKNa-zl_H-6A5b&sig=AOq0QJ8wRAIgYMGURl9V4ag2zM4-fQuEPpQnRqxE-jmQD8ei2U7ComACIF2NOCw2YRty01i0AVtkopZEi5mV2vZ4QvBw9g8Ot-pu&ratebypass=yes", "player_url": "/s/player/c6df6ed7/player_ias.vflset/en_US/base.js", "ext": "webm", "format_note": "tiny", "acodec": "opus", "abr": 160, "asr": 48000, "filesize": 1936644, "fps": null, "height": null, "tbr": 147.42, "width": null, "vcodec": "none", "downloader_options": {"http_chunk_size": 10485760}, "format": "251 - audio only (tiny)", "protocol": "https", "http_headers": {"User-Agent": "Mozilla/5.0 (Windows NT 10.0; Win64; x64) AppleWebKit/537.36 (KHTML, like Gecko) Chrome/72.0.3626.85 Safari/537.36", "Accept-Charset": "ISO-8859-1,utf-8;q=0.7,*;q=0.7", "Accept": "text/html,application/xhtml+xml,application/xml;q=0.9,*/*;q=0.8", "Accept-Encoding": "gzip, deflate", "Accept-Language": "en-us,en;q=0.5"}}, {"format_id": "160", "url": "https://r5---sn-5njj-u2xl.googlevideo.com/videoplayback?expire=1611763211&ei=qzkRYISzK43o4gKN2IrwCw&ip=140.109.135.76&id=o-AMWcm9kGOP4zX8HAkh5N9uPj0AdfpQuT30DglfJaz5u5&itag=160&aitags=133%2C134%2C135%2C136%2C137%2C160%2C242%2C243%2C244%2C247%2C248%2C278&source=youtube&requiressl=yes&mh=5A&mm=31%2C29&mn=sn-5njj-u2xl%2Csn-un57sn76&ms=au%2Crdu&mv=m&mvi=5&pl=16&gcr=tw&initcwndbps=730000&vprv=1&mime=video%2Fmp4&ns=rDoeChELJ164aI8CJe6QYjsF&gir=yes&clen=175253&dur=108.560&lmt=1606249172674509&mt=1611740913&fvip=5&keepalive=yes&beids=23886204&c=WEB&txp=2316222&n=YXYzli_4RqqTQ4M16MT_&sparams=expire%2Cei%2Cip%2Cid%2Caitags%2Csource%2Crequiressl%2Cgcr%2Cvprv%2Cmime%2Cns%2Cgir%2Cclen%2Cdur%2Clmt&lsparams=mh%2Cmm%2Cmn%2Cms%2Cmv%2Cmvi%2Cpl%2Cinitcwndbps&lsig=AG3C_xAwRQIgIvg1vHKm-jFYkI38OGGFRJTR7j_AWrocOMnDI92oJaQCIQCcMBN3BfIheGAysCqDLyykoWSVBnwoyrIE7pqMjmMiTQ%3D%3D&sig=AOq0QJ8wRgIhAMjhfNOuBJuKoqpvJrnDHcK5WuRJkTcf_3ZxVC3e-WR0AiEAsafu7N1xsSbukK--foB3QCiJXX9AcIBUXVeaDtosj_8=&ratebypass=yes", "player_url": "/s/player/c6df6ed7/player_ias.vflset/en_US/base.js", "ext": "mp4", "height": 144, "format_note": "144p", "vcodec": "avc1.4d400b", "asr": null, "filesize": 175253, "fps": 25, "tbr": 24.407, "width": 144, "acodec": "none", "downloader_options": {"http_chunk_size": 10485760}, "format": "160 - 144x144 (144p)", "protocol": "https", "http_headers": {"User-Agent": "Mozilla/5.0 (Windows NT 10.0; Win64; x64) AppleWebKit/537.36 (KHTML, like Gecko) Chrome/72.0.3626.85 Safari/537.36", "Accept-Charset": "ISO-8859-1,utf-8;q=0.7,*;q=0.7", "Accept": "text/html,application/xhtml+xml,application/xml;q=0.9,*/*;q=0.8", "Accept-Encoding": "gzip, deflate", "Accept-Language": "en-us,en;q=0.5"}}, {"format_id": "278", "url": "https://r5---sn-5njj-u2xl.googlevideo.com/videoplayback?expire=1611763211&ei=qzkRYISzK43o4gKN2IrwCw&ip=140.109.135.76&id=o-AMWcm9kGOP4zX8HAkh5N9uPj0AdfpQuT30DglfJaz5u5&itag=278&aitags=133%2C134%2C135%2C136%2C137%2C160%2C242%2C243%2C244%2C247%2C248%2C278&source=youtube&requiressl=yes&mh=5A&mm=31%2C29&mn=sn-5njj-u2xl%2Csn-un57sn76&ms=au%2Crdu&mv=m&mvi=5&pl=16&gcr=tw&initcwndbps=730000&vprv=1&mime=video%2Fwebm&ns=rDoeChELJ164aI8CJe6QYjsF&gir=yes&clen=203027&dur=108.560&lmt=1606249172174627&mt=1611740913&fvip=5&keepalive=yes&beids=23886204&c=WEB&txp=2316222&n=YXYzli_4RqqTQ4M16MT_&sparams=expire%2Cei%2Cip%2Cid%2Caitags%2Csource%2Crequiressl%2Cgcr%2Cvprv%2Cmime%2Cns%2Cgir%2Cclen%2Cdur%2Clmt&lsparams=mh%2Cmm%2Cmn%2Cms%2Cmv%2Cmvi%2Cpl%2Cinitcwndbps&lsig=AG3C_xAwRQIhAJLzPLWsDm7OWodHLHL6YBIzjnabHUvL5Fd5s6_GiosFAiB3LKO-za99S6JW2SAauS2lCAm0e8qzacw80J0uv-0IzA%3D%3D&sig=AOq0QJ8wRgIhAJGxBOfAFwNZgPmu-9e5b8LeH36PbDildh7Tc0YZAWmSAiEAroxdIA81Hgyi2nCbVDKrKgkjkcLn2Km7L7m1zRhdhpE=&ratebypass=yes", "player_url": "/s/player/c6df6ed7/player_ias.vflset/en_US/base.js", "ext": "webm", "height": 144, "format_note": "144p", "container": "webm", "vcodec": "vp9", "asr": null, "filesize": 203027, "fps": 25, "tbr": 33.469, "width": 144, "acodec": "none", "downloader_options": {"http_chunk_size": 10485760}, "format": "278 - 144x144 (144p)", "protocol": "https", "http_headers": {"User-Agent": "Mozilla/5.0 (Windows NT 10.0; Win64; x64) AppleWebKit/537.36 (KHTML, like Gecko) Chrome/72.0.3626.85 Safari/537.36", "Accept-Charset": "ISO-8859-1,utf-8;q=0.7,*;q=0.7", "Accept": "text/html,application/xhtml+xml,application/xml;q=0.9,*/*;q=0.8", "Accept-Encoding": "gzip, deflate", "Accept-Language": "en-us,en;q=0.5"}}, {"format_id": "242", "url": "https://r5---sn-5njj-u2xl.googlevideo.com/videoplayback?expire=1611763211&ei=qzkRYISzK43o4gKN2IrwCw&ip=140.109.135.76&id=o-AMWcm9kGOP4zX8HAkh5N9uPj0AdfpQuT30DglfJaz5u5&itag=242&aitags=133%2C134%2C135%2C136%2C137%2C160%2C242%2C243%2C244%2C247%2C248%2C278&source=youtube&requiressl=yes&mh=5A&mm=31%2C29&mn=sn-5njj-u2xl%2Csn-un57sn76&ms=au%2Crdu&mv=m&mvi=5&pl=16&gcr=tw&initcwndbps=730000&vprv=1&mime=video%2Fwebm&ns=rDoeChELJ164aI8CJe6QYjsF&gir=yes&clen=244548&dur=108.560&lmt=1606249172186165&mt=1611740913&fvip=5&keepalive=yes&beids=23886204&c=WEB&txp=2316222&n=YXYzli_4RqqTQ4M16MT_&sparams=expire%2Cei%2Cip%2Cid%2Caitags%2Csource%2Crequiressl%2Cgcr%2Cvprv%2Cmime%2Cns%2Cgir%2Cclen%2Cdur%2Clmt&lsparams=mh%2Cmm%2Cmn%2Cms%2Cmv%2Cmvi%2Cpl%2Cinitcwndbps&lsig=AG3C_xAwRgIhAL30Py08Mp8p8cJpRTYOvEnOXwfZ1icJXg6xlbircZVVAiEA-ZZDkSx4L2ptkaYq7GHEeNr5Ai-KM-nWy6MErGK7t5A%3D&sig=AOq0QJ8wRQIgbENUFp9JkQrQMEB6DgSA8WVK_5SYAPWKckWlTDfJonsCIQDH1y4U0bIxQQTxCAyaCyd-ukeh5Omydu3bVfB-CRD9lg==&ratebypass=yes", "player_url": "/s/player/c6df6ed7/player_ias.vflset/en_US/base.js", "ext": "webm", "height": 240, "format_note": "240p", "vcodec": "vp9", "asr": null, "filesize": 244548, "fps": 25, "tbr": 44.315, "width": 240, "acodec": "none", "downloader_options": {"http_chunk_size": 10485760}, "format": "242 - 240x240 (240p)", "protocol": "https", "http_headers": {"User-Agent": "Mozilla/5.0 (Windows NT 10.0; Win64; x64) AppleWebKit/537.36 (KHTML, like Gecko) Chrome/72.0.3626.85 Safari/537.36", "Accept-Charset": "ISO-8859-1,utf-8;q=0.7,*;q=0.7", "Accept": "text/html,application/xhtml+xml,application/xml;q=0.9,*/*;q=0.8", "Accept-Encoding": "gzip, deflate", "Accept-Language": "en-us,en;q=0.5"}}, {"format_id": "243", "url": "https://r5---sn-5njj-u2xl.googlevideo.com/videoplayback?expire=1611763211&ei=qzkRYISzK43o4gKN2IrwCw&ip=140.109.135.76&id=o-AMWcm9kGOP4zX8HAkh5N9uPj0AdfpQuT30DglfJaz5u5&itag=243&aitags=133%2C134%2C135%2C136%2C137%2C160%2C242%2C243%2C244%2C247%2C248%2C278&source=youtube&requiressl=yes&mh=5A&mm=31%2C29&mn=sn-5njj-u2xl%2Csn-un57sn76&ms=au%2Crdu&mv=m&mvi=5&pl=16&gcr=tw&initcwndbps=730000&vprv=1&mime=video%2Fwebm&ns=rDoeChELJ164aI8CJe6QYjsF&gir=yes&clen=317570&dur=108.560&lmt=1606249172169348&mt=1611740913&fvip=5&keepalive=yes&beids=23886204&c=WEB&txp=2316222&n=YXYzli_4RqqTQ4M16MT_&sparams=expire%2Cei%2Cip%2Cid%2Caitags%2Csource%2Crequiressl%2Cgcr%2Cvprv%2Cmime%2Cns%2Cgir%2Cclen%2Cdur%2Clmt&lsparams=mh%2Cmm%2Cmn%2Cms%2Cmv%2Cmvi%2Cpl%2Cinitcwndbps&lsig=AG3C_xAwRAIgI0iCWKP4k3kpeoflBKgyR0V-qPLE9LFSBhthErSi3JMCIFq3Vx9cFgqsTU5IQBlBIRWGVwpwFIuQBO8x4QCA7Wmd&sig=AOq0QJ8wRQIhAINuTFIYp6CdkNVmjVo2Ii5DyYdrS-doq8Emw0ss2gbuAiB_X19xrnYx2m6V8TJTSy0beDvmW_YUEXoeSScEs890HQ==&ratebypass=yes", "player_url": "/s/player/c6df6ed7/player_ias.vflset/en_US/base.js", "ext": "webm", "height": 360, "format_note": "360p", "vcodec": "vp9", "asr": null, "filesize": 317570, "fps": 25, "tbr": 56.769, "width": 360, "acodec": "none", "downloader_options": {"http_chunk_size": 10485760}, "format": "243 - 360x360 (360p)", "protocol": "https", "http_headers": {"User-Agent": "Mozilla/5.0 (Windows NT 10.0; Win64; x64) AppleWebKit/537.36 (KHTML, like Gecko) Chrome/72.0.3626.85 Safari/537.36", "Accept-Charset": "ISO-8859-1,utf-8;q=0.7,*;q=0.7", "Accept": "text/html,application/xhtml+xml,application/xml;q=0.9,*/*;q=0.8", "Accept-Encoding": "gzip, deflate", "Accept-Language": "en-us,en;q=0.5"}}, {"format_id": "133", "url": "https://r5---sn-5njj-u2xl.googlevideo.com/videoplayback?expire=1611763211&ei=qzkRYISzK43o4gKN2IrwCw&ip=140.109.135.76&id=o-AMWcm9kGOP4zX8HAkh5N9uPj0AdfpQuT30DglfJaz5u5&itag=133&aitags=133%2C134%2C135%2C136%2C137%2C160%2C242%2C243%2C244%2C247%2C248%2C278&source=youtube&requiressl=yes&mh=5A&mm=31%2C29&mn=sn-5njj-u2xl%2Csn-un57sn76&ms=au%2Crdu&mv=m&mvi=5&pl=16&gcr=tw&initcwndbps=730000&vprv=1&mime=video%2Fmp4&ns=rDoeChELJ164aI8CJe6QYjsF&gir=yes&clen=294846&dur=108.560&lmt=1606249172673481&mt=1611740913&fvip=5&keepalive=yes&beids=23886204&c=WEB&txp=2316222&n=YXYzli_4RqqTQ4M16MT_&sparams=expire%2Cei%2Cip%2Cid%2Caitags%2Csource%2Crequiressl%2Cgcr%2Cvprv%2Cmime%2Cns%2Cgir%2Cclen%2Cdur%2Clmt&lsparams=mh%2Cmm%2Cmn%2Cms%2Cmv%2Cmvi%2Cpl%2Cinitcwndbps&lsig=AG3C_xAwRQIgOaNtW_iXO__jOO5yJycLPpLaXhiBL0Kl56CaDBXGjkkCIQD1kwMGX5jz3X1CX-YPZ-TT8R8_awI3_lV1hUqnme8cIg%3D%3D&sig=AOq0QJ8wRQIhANdxXQv8l80yAk4b3AD6KNZDR0qBmI1Y2Q2Hy_VxiG7SAiBV-mJ-MRblvzyw67NJPFvdygqob9hEyv77MYshsv4kPA==&ratebypass=yes", "player_url": "/s/player/c6df6ed7/player_ias.vflset/en_US/base.js", "ext": "mp4", "height": 240, "format_note": "240p", "vcodec": "avc1.4d400c", "asr": null, "filesize": 294846, "fps": 25, "tbr": 59.123, "width": 240, "acodec": "none", "downloader_options": {"http_chunk_size": 10485760}, "format": "133 - 240x240 (240p)", "protocol": "https", "http_headers": {"User-Agent": "Mozilla/5.0 (Windows NT 10.0; Win64; x64) AppleWebKit/537.36 (KHTML, like Gecko) Chrome/72.0.3626.85 Safari/537.36", "Accept-Charset": "ISO-8859-1,utf-8;q=0.7,*;q=0.7", "Accept": "text/html,application/xhtml+xml,application/xml;q=0.9,*/*;q=0.8", "Accept-Encoding": "gzip, deflate", "Accept-Language": "en-us,en;q=0.5"}}, {"format_id": "244", "url": "https://r5---sn-5njj-u2xl.googlevideo.com/videoplayback?expire=1611763211&ei=qzkRYISzK43o4gKN2IrwCw&ip=140.109.135.76&id=o-AMWcm9kGOP4zX8HAkh5N9uPj0AdfpQuT30DglfJaz5u5&itag=244&aitags=133%2C134%2C135%2C136%2C137%2C160%2C242%2C243%2C244%2C247%2C248%2C278&source=youtube&requiressl=yes&mh=5A&mm=31%2C29&mn=sn-5njj-u2xl%2Csn-un57sn76&ms=au%2Crdu&mv=m&mvi=5&pl=16&gcr=tw&initcwndbps=730000&vprv=1&mime=video%2Fwebm&ns=rDoeChELJ164aI8CJe6QYjsF&gir=yes&clen=326864&dur=108.560&lmt=1606249172172914&mt=1611740913&fvip=5&keepalive=yes&beids=23886204&c=WEB&txp=2316222&n=YXYzli_4RqqTQ4M16MT_&sparams=expire%2Cei%2Cip%2Cid%2Caitags%2Csource%2Crequiressl%2Cgcr%2Cvprv%2Cmime%2Cns%2Cgir%2Cclen%2Cdur%2Clmt&lsparams=mh%2Cmm%2Cmn%2Cms%2Cmv%2Cmvi%2Cpl%2Cinitcwndbps&lsig=AG3C_xAwRQIhAOV3UTxtrcWDd0Mi3ctDNEkG_eLwGrEhA08aR7nl9XdTAiBbIs1RPKI95shyZsxJmyK7Fp_CBnYZAjGlOUf3j2c7GQ%3D%3D&sig=AOq0QJ8wRQIhAPjPYQETg4rNjCWaOTFuH0Mt6JCB6vkXj0my2gNGiieuAiAF6_LB-235ERjBsNdo-jZ_bY4YKyhI7VDomRLA4gJJ5Q==&ratebypass=yes", "player_url": "/s/player/c6df6ed7/player_ias.vflset/en_US/base.js", "ext": "webm", "height": 480, "format_note": "480p", "vcodec": "vp9", "asr": null, "filesize": 326864, "fps": 25, "tbr": 61.223, "width": 480, "acodec": "none", "downloader_options": {"http_chunk_size": 10485760}, "format": "244 - 480x480 (480p)", "protocol": "https", "http_headers": {"User-Agent": "Mozilla/5.0 (Windows NT 10.0; Win64; x64) AppleWebKit/537.36 (KHTML, like Gecko) Chrome/72.0.3626.85 Safari/537.36", "Accept-Charset": "ISO-8859-1,utf-8;q=0.7,*;q=0.7", "Accept": "text/html,application/xhtml+xml,application/xml;q=0.9,*/*;q=0.8", "Accept-Encoding": "gzip, deflate", "Accept-Language": "en-us,en;q=0.5"}}, {"format_id": "247", "url": "https://r5---sn-5njj-u2xl.googlevideo.com/videoplayback?expire=1611763211&ei=qzkRYISzK43o4gKN2IrwCw&ip=140.109.135.76&id=o-AMWcm9kGOP4zX8HAkh5N9uPj0AdfpQuT30DglfJaz5u5&itag=247&aitags=133%2C134%2C135%2C136%2C137%2C160%2C242%2C243%2C244%2C247%2C248%2C278&source=youtube&requiressl=yes&mh=5A&mm=31%2C29&mn=sn-5njj-u2xl%2Csn-un57sn76&ms=au%2Crdu&mv=m&mvi=5&pl=16&gcr=tw&initcwndbps=730000&vprv=1&mime=video%2Fwebm&ns=rDoeChELJ164aI8CJe6QYjsF&gir=yes&clen=496183&dur=108.560&lmt=1606249172173452&mt=1611740913&fvip=5&keepalive=yes&beids=23886204&c=WEB&txp=2316222&n=YXYzli_4RqqTQ4M16MT_&sparams=expire%2Cei%2Cip%2Cid%2Caitags%2Csource%2Crequiressl%2Cgcr%2Cvprv%2Cmime%2Cns%2Cgir%2Cclen%2Cdur%2Clmt&lsparams=mh%2Cmm%2Cmn%2Cms%2Cmv%2Cmvi%2Cpl%2Cinitcwndbps&lsig=AG3C_xAwRQIgMytBJ5pQPZIdeP-1RfoEKTm7IroW1sYowF-2l1cW-84CIQD41hrkoqZBCBkrOHvq1UdYaHHQONEI9CYFX44fbtqnoA%3D%3D&sig=AOq0QJ8wRQIgVwPz5sxn063uM9sVD64E1D9q9w2S4bqfwujL0d3y3NsCIQDtoQpNSHlboNYv4sbDRBC4WPOvCF8G5-ccw9UmAyrO7A==&ratebypass=yes", "player_url": "/s/player/c6df6ed7/player_ias.vflset/en_US/base.js", "ext": "webm", "height": 720, "format_note": "720p", "vcodec": "vp9", "asr": null, "filesize": 496183, "fps": 25, "tbr": 100.753, "width": 720, "acodec": "none", "downloader_options": {"http_chunk_size": 10485760}, "format": "247 - 720x720 (720p)", "protocol": "https", "http_headers": {"User-Agent": "Mozilla/5.0 (Windows NT 10.0; Win64; x64) AppleWebKit/537.36 (KHTML, like Gecko) Chrome/72.0.3626.85 Safari/537.36", "Accept-Charset": "ISO-8859-1,utf-8;q=0.7,*;q=0.7", "Accept": "text/html,application/xhtml+xml,application/xml;q=0.9,*/*;q=0.8", "Accept-Encoding": "gzip, deflate", "Accept-Language": "en-us,en;q=0.5"}}, {"format_id": "134", "url": "https://r5---sn-5njj-u2xl.googlevideo.com/videoplayback?expire=1611763211&ei=qzkRYISzK43o4gKN2IrwCw&ip=140.109.135.76&id=o-AMWcm9kGOP4zX8HAkh5N9uPj0AdfpQuT30DglfJaz5u5&itag=134&aitags=133%2C134%2C135%2C136%2C137%2C160%2C242%2C243%2C244%2C247%2C248%2C278&source=youtube&requiressl=yes&mh=5A&mm=31%2C29&mn=sn-5njj-u2xl%2Csn-un57sn76&ms=au%2Crdu&mv=m&mvi=5&pl=16&gcr=tw&initcwndbps=730000&vprv=1&mime=video%2Fmp4&ns=rDoeChELJ164aI8CJe6QYjsF&gir=yes&clen=457215&dur=108.560&lmt=1606249172674405&mt=1611740913&fvip=5&keepalive=yes&beids=23886204&c=WEB&txp=2316222&n=YXYzli_4RqqTQ4M16MT_&sparams=expire%2Cei%2Cip%2Cid%2Caitags%2Csource%2Crequiressl%2Cgcr%2Cvprv%2Cmime%2Cns%2Cgir%2Cclen%2Cdur%2Clmt&lsparams=mh%2Cmm%2Cmn%2Cms%2Cmv%2Cmvi%2Cpl%2Cinitcwndbps&lsig=AG3C_xAwRgIhAJTNl36lDLU9P2L2QpH90WxLu3c_IXRkJ__a_3l3wJU6AiEA44iQnDFJWiQtNYShRkQzAF7zbSf-8oFQvSqXKjmOC3M%3D&sig=AOq0QJ8wRQIgC21amrxNyW3y7YiDg0CHY2wGVrYlWdXUVx045PbGFW0CIQC4oSdSTKivH1MDgHsvi3ltyVLDyC3eFv98fQh22ytGQQ==&ratebypass=yes", "player_url": "/s/player/c6df6ed7/player_ias.vflset/en_US/base.js", "ext": "mp4", "height": 360, "format_note": "360p", "vcodec": "avc1.4d4015", "asr": null, "filesize": 457215, "fps": 25, "tbr": 110.13, "width": 360, "acodec": "none", "downloader_options": {"http_chunk_size": 10485760}, "format": "134 - 360x360 (360p)", "protocol": "https", "http_headers": {"User-Agent": "Mozilla/5.0 (Windows NT 10.0; Win64; x64) AppleWebKit/537.36 (KHTML, like Gecko) Chrome/72.0.3626.85 Safari/537.36", "Accept-Charset": "ISO-8859-1,utf-8;q=0.7,*;q=0.7", "Accept": "text/html,application/xhtml+xml,application/xml;q=0.9,*/*;q=0.8", "Accept-Encoding": "gzip, deflate", "Accept-Language": "en-us,en;q=0.5"}}, {"format_id": "248", "url": "https://r5---sn-5njj-u2xl.googlevideo.com/videoplayback?expire=1611763211&ei=qzkRYISzK43o4gKN2IrwCw&ip=140.109.135.76&id=o-AMWcm9kGOP4zX8HAkh5N9uPj0AdfpQuT30DglfJaz5u5&itag=248&aitags=133%2C134%2C135%2C136%2C137%2C160%2C242%2C243%2C244%2C247%2C248%2C278&source=youtube&requiressl=yes&mh=5A&mm=31%2C29&mn=sn-5njj-u2xl%2Csn-un57sn76&ms=au%2Crdu&mv=m&mvi=5&pl=16&gcr=tw&initcwndbps=730000&vprv=1&mime=video%2Fwebm&ns=rDoeChELJ164aI8CJe6QYjsF&gir=yes&clen=696795&dur=108.560&lmt=1606249172203633&mt=1611740913&fvip=5&keepalive=yes&beids=23886204&c=WEB&txp=2316222&n=YXYzli_4RqqTQ4M16MT_&sparams=expire%2Cei%2Cip%2Cid%2Caitags%2Csource%2Crequiressl%2Cgcr%2Cvprv%2Cmime%2Cns%2Cgir%2Cclen%2Cdur%2Clmt&lsparams=mh%2Cmm%2Cmn%2Cms%2Cmv%2Cmvi%2Cpl%2Cinitcwndbps&lsig=AG3C_xAwRQIgVwMaK4QbVU05kRwY8w3toBrWezzWdAxkK4kCDVdt9woCIQCGL7gW_uH6O9xHXbdLpSso0RaqEGDcwvJPj53akgyJKA%3D%3D&sig=AOq0QJ8wRAIgaCEkuNXlX-O753KmJGs5_E7P3bMzZrWnXnibEVyFtfcCIAqCcvyx6Hkdad_fX6Y72AHIp45y8T6aFEKRl08k1bsk&ratebypass=yes", "player_url": "/s/player/c6df6ed7/player_ias.vflset/en_US/base.js", "ext": "webm", "height": 1080, "format_note": "1080p", "vcodec": "vp9", "asr": null, "filesize": 696795, "fps": 25, "tbr": 140.807, "width": 1080, "acodec": "none", "downloader_options": {"http_chunk_size": 10485760}, "format": "248 - 1080x1080 (1080p)", "protocol": "https", "http_headers": {"User-Agent": "Mozilla/5.0 (Windows NT 10.0; Win64; x64) AppleWebKit/537.36 (KHTML, like Gecko) Chrome/72.0.3626.85 Safari/537.36", "Accept-Charset": "ISO-8859-1,utf-8;q=0.7,*;q=0.7", "Accept": "text/html,application/xhtml+xml,application/xml;q=0.9,*/*;q=0.8", "Accept-Encoding": "gzip, deflate", "Accept-Language": "en-us,en;q=0.5"}}, {"format_id": "135", "url": "https://r5---sn-5njj-u2xl.googlevideo.com/videoplayback?expire=1611763211&ei=qzkRYISzK43o4gKN2IrwCw&ip=140.109.135.76&id=o-AMWcm9kGOP4zX8HAkh5N9uPj0AdfpQuT30DglfJaz5u5&itag=135&aitags=133%2C134%2C135%2C136%2C137%2C160%2C242%2C243%2C244%2C247%2C248%2C278&source=youtube&requiressl=yes&mh=5A&mm=31%2C29&mn=sn-5njj-u2xl%2Csn-un57sn76&ms=au%2Crdu&mv=m&mvi=5&pl=16&gcr=tw&initcwndbps=730000&vprv=1&mime=video%2Fmp4&ns=rDoeChELJ164aI8CJe6QYjsF&gir=yes&clen=715364&dur=108.560&lmt=1606249172675900&mt=1611740913&fvip=5&keepalive=yes&beids=23886204&c=WEB&txp=2316222&n=YXYzli_4RqqTQ4M16MT_&sparams=expire%2Cei%2Cip%2Cid%2Caitags%2Csource%2Crequiressl%2Cgcr%2Cvprv%2Cmime%2Cns%2Cgir%2Cclen%2Cdur%2Clmt&lsparams=mh%2Cmm%2Cmn%2Cms%2Cmv%2Cmvi%2Cpl%2Cinitcwndbps&lsig=AG3C_xAwRQIgSR0IV0J00RNsMl1DNBZFcIGKlVubrbBzzUEJAPRgRpACIQClu6wvrzOJ_7GYG-EoSGwrWF6NHmxTlDS26b5gXHhCzw%3D%3D&sig=AOq0QJ8wRQIgNiQKbYszebNKbwg_1-MQYPavXAE1q5r6HEPw-2cIjysCIQD9eexcSqZ1lq8MD6Hsc8e817cN9RILpFZu0McKwEaiyQ==&ratebypass=yes", "player_url": "/s/player/c6df6ed7/player_ias.vflset/en_US/base.js", "ext": "mp4", "height": 480, "format_note": "480p", "vcodec": "avc1.4d401e", "asr": null, "filesize": 715364, "fps": 25, "tbr": 174.884, "width": 480, "acodec": "none", "downloader_options": {"http_chunk_size": 10485760}, "format": "135 - 480x480 (480p)", "protocol": "https", "http_headers": {"User-Agent": "Mozilla/5.0 (Windows NT 10.0; Win64; x64) AppleWebKit/537.36 (KHTML, like Gecko) Chrome/72.0.3626.85 Safari/537.36", "Accept-Charset": "ISO-8859-1,utf-8;q=0.7,*;q=0.7", "Accept": "text/html,application/xhtml+xml,application/xml;q=0.9,*/*;q=0.8", "Accept-Encoding": "gzip, deflate", "Accept-Language": "en-us,en;q=0.5"}}, {"format_id": "136", "url": "https://r5---sn-5njj-u2xl.googlevideo.com/videoplayback?expire=1611763211&ei=qzkRYISzK43o4gKN2IrwCw&ip=140.109.135.76&id=o-AMWcm9kGOP4zX8HAkh5N9uPj0AdfpQuT30DglfJaz5u5&itag=136&aitags=133%2C134%2C135%2C136%2C137%2C160%2C242%2C243%2C244%2C247%2C248%2C278&source=youtube&requiressl=yes&mh=5A&mm=31%2C29&mn=sn-5njj-u2xl%2Csn-un57sn76&ms=au%2Crdu&mv=m&mvi=5&pl=16&gcr=tw&initcwndbps=730000&vprv=1&mime=video%2Fmp4&ns=rDoeChELJ164aI8CJe6QYjsF&gir=yes&clen=1130876&dur=108.560&lmt=1606249172676053&mt=1611740913&fvip=5&keepalive=yes&beids=23886204&c=WEB&txp=2316222&n=YXYzli_4RqqTQ4M16MT_&sparams=expire%2Cei%2Cip%2Cid%2Caitags%2Csource%2Crequiressl%2Cgcr%2Cvprv%2Cmime%2Cns%2Cgir%2Cclen%2Cdur%2Clmt&lsparams=mh%2Cmm%2Cmn%2Cms%2Cmv%2Cmvi%2Cpl%2Cinitcwndbps&lsig=AG3C_xAwRQIhAPXubDrNGY72EV-99LLGYb69ulDdWSo7WhxvWg74_jTNAiAMe7DAB0F4BA3su6n-uzGI6F7MD5PABF9mgVJBDtV7Hw%3D%3D&sig=AOq0QJ8wRAIgF0Z3PEjNph_JiAm4RWYyGYu5Pt8TcWAhgNKH3V8_vxgCIDZKHquqB6PAFBCf8inuWxnBtnLUIssfsrZAvD2kXxiq&ratebypass=yes", "player_url": "/s/player/c6df6ed7/player_ias.vflset/en_US/base.js", "ext": "mp4", "height": 720, "format_note": "720p", "vcodec": "avc1.64001f", "asr": null, "filesize": 1130876, "fps": 25, "tbr": 331.292, "width": 720, "acodec": "none", "downloader_options": {"http_chunk_size": 10485760}, "format": "136 - 720x720 (720p)", "protocol": "https", "http_headers": {"User-Agent": "Mozilla/5.0 (Windows NT 10.0; Win64; x64) AppleWebKit/537.36 (KHTML, like Gecko) Chrome/72.0.3626.85 Safari/537.36", "Accept-Charset": "ISO-8859-1,utf-8;q=0.7,*;q=0.7", "Accept": "text/html,application/xhtml+xml,application/xml;q=0.9,*/*;q=0.8", "Accept-Encoding": "gzip, deflate", "Accept-Language": "en-us,en;q=0.5"}}, {"format_id": "137", "url": "https://r5---sn-5njj-u2xl.googlevideo.com/videoplayback?expire=1611763211&ei=qzkRYISzK43o4gKN2IrwCw&ip=140.109.135.76&id=o-AMWcm9kGOP4zX8HAkh5N9uPj0AdfpQuT30DglfJaz5u5&itag=137&aitags=133%2C134%2C135%2C136%2C137%2C160%2C242%2C243%2C244%2C247%2C248%2C278&source=youtube&requiressl=yes&mh=5A&mm=31%2C29&mn=sn-5njj-u2xl%2Csn-un57sn76&ms=au%2Crdu&mv=m&mvi=5&pl=16&gcr=tw&initcwndbps=730000&vprv=1&mime=video%2Fmp4&ns=rDoeChELJ164aI8CJe6QYjsF&gir=yes&clen=2245313&dur=108.560&lmt=1606249172672235&mt=1611740913&fvip=5&keepalive=yes&beids=23886204&c=WEB&txp=2316222&n=YXYzli_4RqqTQ4M16MT_&sparams=expire%2Cei%2Cip%2Cid%2Caitags%2Csource%2Crequiressl%2Cgcr%2Cvprv%2Cmime%2Cns%2Cgir%2Cclen%2Cdur%2Clmt&lsparams=mh%2Cmm%2Cmn%2Cms%2Cmv%2Cmvi%2Cpl%2Cinitcwndbps&lsig=AG3C_xAwRgIhALLvin96s-bzsoqvy4ZEIRaijt3khxhybfa4RfE2YZ7AAiEA6IBNBqrAkQb_ylLNJwxT9ipIS36fHiU7qwNMyvA99a0%3D&sig=AOq0QJ8wRAIgYvzjJKgy7QpPMQpd7dFEESJALrODWGapC1NoHXP43mYCIDAHtbH20LCuJPN8zQBwKzARzUo0p5ZMy7HAI0mVVGSE&ratebypass=yes", "player_url": "/s/player/c6df6ed7/player_ias.vflset/en_US/base.js", "ext": "mp4", "height": 1080, "format_note": "1080p", "vcodec": "avc1.640020", "asr": null, "filesize": 2245313, "fps": 25, "tbr": 742.746, "width": 1080, "acodec": "none", "downloader_options": {"http_chunk_size": 10485760}, "format": "137 - 1080x1080 (1080p)", "protocol": "https", "http_headers": {"User-Agent": "Mozilla/5.0 (Windows NT 10.0; Win64; x64) AppleWebKit/537.36 (KHTML, like Gecko) Chrome/72.0.3626.85 Safari/537.36", "Accept-Charset": "ISO-8859-1,utf-8;q=0.7,*;q=0.7", "Accept": "text/html,application/xhtml+xml,application/xml;q=0.9,*/*;q=0.8", "Accept-Encoding": "gzip, deflate", "Accept-Language": "en-us,en;q=0.5"}}, {"format_id": "18", "url": "https://r5---sn-5njj-u2xl.googlevideo.com/videoplayback?expire=1611763211&ei=qzkRYISzK43o4gKN2IrwCw&ip=140.109.135.76&id=o-AMWcm9kGOP4zX8HAkh5N9uPj0AdfpQuT30DglfJaz5u5&itag=18&source=youtube&requiressl=yes&mh=5A&mm=31%2C29&mn=sn-5njj-u2xl%2Csn-un57sn76&ms=au%2Crdu&mv=m&mvi=5&pl=16&gcr=tw&initcwndbps=730000&vprv=1&mime=video%2Fmp4&ns=nbtAKFFVuZqGZQ1sZdgsU0sF&gir=yes&clen=1605666&ratebypass=yes&dur=108.622&lmt=1606249168957415&mt=1611740913&fvip=5&beids=23886204&c=WEB&txp=2310222&n=vrnLqIV8oCBOokrHn1hA&sparams=expire%2Cei%2Cip%2Cid%2Citag%2Csource%2Crequiressl%2Cgcr%2Cvprv%2Cmime%2Cns%2Cgir%2Cclen%2Cratebypass%2Cdur%2Clmt&lsparams=mh%2Cmm%2Cmn%2Cms%2Cmv%2Cmvi%2Cpl%2Cinitcwndbps&lsig=AG3C_xAwRQIgCl4BxdX8JK2B21uapnoSvXLgqvTHEUZLzszfRdiNBIMCIQC5Wls8nmoB2qxnsxGW3dAG9EfuUTs8RCk7q05Ii-XvNg%3D%3D&sig=AOq0QJ8wRgIhANklujgIfCrUJYIhfO-ehfHazCLNtrUs5Ge6hYPqjx7vAiEAkI97DF5r_SG3ebGw6SRIQdaiVmwFYxbl66ZXuSa1d0U=", "player_url": "/s/player/c6df6ed7/player_ias.vflset/en_US/base.js", "ext": "mp4", "width": 360, "height": 360, "acodec": "mp4a.40.2", "abr": 96, "vcodec": "avc1.42001E", "asr": 44100, "filesize": 1605666, "format_note": "360p", "fps": 25, "tbr": 118.324, "format": "18 - 360x360 (360p)", "protocol": "https", "http_headers": {"User-Agent": "Mozilla/5.0 (Windows NT 10.0; Win64; x64) AppleWebKit/537.36 (KHTML, like Gecko) Chrome/72.0.3626.85 Safari/537.36", "Accept-Charset": "ISO-8859-1,utf-8;q=0.7,*;q=0.7", "Accept": "text/html,application/xhtml+xml,application/xml;q=0.9,*/*;q=0.8", "Accept-Encoding": "gzip, deflate", "Accept-Language": "en-us,en;q=0.5"}}], "is_live": null, "start_time": null, "end_time": null, "series": null, "season_number": null, "episode_number": null, "track": "Charming Piano Sounds", "artist": "Pianoholic, Piano For Studying", "album": "Time To Relax", "release_date": "20201127", "release_year": 2020, "extractor": "youtube", "webpage_url_basename": "watch", "extractor_key": "Youtube", "playlist": null, "playlist_index": null, "thumbnail": "https://i.ytimg.com/vi_webp/qKltE-q7QJ4/maxresdefault.webp", "display_id": "qKltE-q7QJ4", "requested_subtitles": null, "format_id": "251", "url": "https://r5---sn-5njj-u2xl.googlevideo.com/videoplayback?expire=1611763211&ei=qzkRYISzK43o4gKN2IrwCw&ip=140.109.135.76&id=o-AMWcm9kGOP4zX8HAkh5N9uPj0AdfpQuT30DglfJaz5u5&itag=251&source=youtube&requiressl=yes&mh=5A&mm=31%2C29&mn=sn-5njj-u2xl%2Csn-un57sn76&ms=au%2Crdu&mv=m&mvi=5&pl=16&gcr=tw&initcwndbps=730000&vprv=1&mime=audio%2Fwebm&ns=rDoeChELJ164aI8CJe6QYjsF&gir=yes&clen=1936644&dur=108.581&lmt=1606249161741097&mt=1611740913&fvip=5&keepalive=yes&beids=23886204&c=WEB&txp=2311222&n=YXYzli_4RqqTQ4M16MT_&sparams=expire%2Cei%2Cip%2Cid%2Citag%2Csource%2Crequiressl%2Cgcr%2Cvprv%2Cmime%2Cns%2Cgir%2Cclen%2Cdur%2Clmt&lsparams=mh%2Cmm%2Cmn%2Cms%2Cmv%2Cmvi%2Cpl%2Cinitcwndbps&lsig=AG3C_xAwRAIhAMqC9gmoV_T92sIc-Mc1d-WNBgNejP_877gfxruZ-bXSAh8m_c2M9YkNtqg0IcwrI5vddXX_SnVKNa-zl_H-6A5b&sig=AOq0QJ8wRAIgYMGURl9V4ag2zM4-fQuEPpQnRqxE-jmQD8ei2U7ComACIF2NOCw2YRty01i0AVtkopZEi5mV2vZ4QvBw9g8Ot-pu&ratebypass=yes", "player_url": "/s/player/c6df6ed7/player_ias.vflset/en_US/base.js", "ext": "webm", "format_note": "tiny", "acodec": "opus", "abr": 160, "asr": 48000, "filesize": 1936644, "fps": null, "height": null, "tbr": 147.42, "width": null, "vcodec": "none", "downloader_options": {"http_chunk_size": 10485760}, "format": "251 - audio only (tiny)", "protocol": "https", "http_headers": {"User-Agent": "Mozilla/5.0 (Windows NT 10.0; Win64; x64) AppleWebKit/537.36 (KHTML, like Gecko) Chrome/72.0.3626.85 Safari/537.36", "Accept-Charset": "ISO-8859-1,utf-8;q=0.7,*;q=0.7", "Accept": "text/html,application/xhtml+xml,application/xml;q=0.9,*/*;q=0.8", "Accept-Encoding": "gzip, deflate", "Accept-Language": "en-us,en;q=0.5"}}