{"id": "r6laJv1-HMg", "uploader": "Benedikt Waldheuer", "uploader_id": "myCreativePiano", "uploader_url": "http://www.youtube.com/user/myCreativePiano", "channel_id": "UClK8pNkBM8npnXXt8s50Mfg", "channel_url": "http://www.youtube.com/channel/UClK8pNkBM8npnXXt8s50Mfg", "upload_date": "20131005", "license": null, "creator": null, "title": "Alicia Keys - Empire State Of Mind (Benedikt Waldheuer Piano Cover)", "alt_title": null, "thumbnails": [{"url": "https://i.ytimg.com/vi/r6laJv1-HMg/hqdefault.jpg?sqp=-oaymwEYCKgBEF5IVfKriqkDCwgBFQAAiEIYAXAB&rs=AOn4CLC6CEiHPzcaxCIRpaHAlmHwNYW_Pg", "width": 168, "height": 94, "resolution": "168x94", "id": "0"}, {"url": "https://i.ytimg.com/vi/r6laJv1-HMg/hqdefault.jpg?sqp=-oaymwEYCMQBEG5IVfKriqkDCwgBFQAAiEIYAXAB&rs=AOn4CLAhYEI4X6yRBwTFxWmIwHctLV7H3g", "width": 196, "height": 110, "resolution": "196x110", "id": "1"}, {"url": "https://i.ytimg.com/vi/r6laJv1-HMg/hqdefault.jpg?sqp=-oaymwEZCPYBEIoBSFXyq4qpAwsIARUAAIhCGAFwAQ==&rs=AOn4CLAvDWwGoqApfOIYBu4_kgRVSoaZNQ", "width": 246, "height": 138, "resolution": "246x138", "id": "2"}, {"url": "https://i.ytimg.com/vi/r6laJv1-HMg/hqdefault.jpg?sqp=-oaymwEZCNACELwBSFXyq4qpAwsIARUAAIhCGAFwAQ==&rs=AOn4CLAJuCHSnzr4GFBHV5aa6gQVJzRRyA", "width": 336, "height": 188, "resolution": "336x188", "id": "3"}, {"url": "https://i.ytimg.com/vi/r6laJv1-HMg/maxresdefault.jpg", "width": 1920, "height": 1080, "resolution": "1920x1080", "id": "4"}], "description": "follow me on Instagram: http://www.instagram.com/creativepianochannel\nFacebook: http://www.facebook.com/CreativePianoChannel\nHi Leute,\nwie gef\u00e4llt euch mein Cover von Empire State of Mind? W\u00fcrde mich sehr \u00fcber einen Daumen nach oben freuen! \n#benny", "categories": ["Music"], "tags": ["Alicia Keys (Musical Artist)", "Empire State Of Mind (Composition)", "Piano", "Cover", "Keyboard", "new york", "jazz", "soul", "live", "benedikt waldheuer", "creative piano channel", "myCreativePiano", "klavier", "musik", "love", "beautyful"], "subtitles": {}, "automatic_captions": {}, "duration": 185, "age_limit": 0, "annotations": null, "chapters": null, "webpage_url": "https://www.youtube.com/watch?v=r6laJv1-HMg", "view_count": 37085, "like_count": 549, "dislike_count": 6, "average_rating": 4.9567566, "formats": [{"format_id": "249", "url": "https://r3---sn-5njj-u2xl.googlevideo.com/videoplayback?expire=1608733050&ei=Gv3iX7PKA8f8qAHO9YOIAg&ip=140.109.135.76&id=o-AJ9mkKo0qBXciJvbaBT4wVmePUHMwi2MZm6GjZAHpfYz&itag=249&source=youtube&requiressl=yes&mh=Fd&mm=31%2C29&mn=sn-5njj-u2xl%2Csn-un57en7e&ms=au%2Crdu&mv=m&mvi=3&pl=16&initcwndbps=623750&vprv=1&mime=audio%2Fwebm&ns=FWvg7yoIEND7k_xdcqjwLPEF&gir=yes&clen=1310809&dur=185.101&lmt=1563414276621483&mt=1608711157&fvip=3&keepalive=yes&beids=9466586&c=WEB&txp=5432432&n=BCVgPX6-7mySqrB-&sparams=expire%2Cei%2Cip%2Cid%2Citag%2Csource%2Crequiressl%2Cvprv%2Cmime%2Cns%2Cgir%2Cclen%2Cdur%2Clmt&sig=AOq0QJ8wRQIhANqfcF8eu5tvHu-AbFS__VscQFupA5FN-bPNkJl2NiMuAiBL6VP4Dw-rMyy3UGSu6OwuP76MEnmatzUmQQMAKz2RgQ%3D%3D&lsparams=mh%2Cmm%2Cmn%2Cms%2Cmv%2Cmvi%2Cpl%2Cinitcwndbps&lsig=AG3C_xAwRQIgC0IqhQ46TXjKpt9-VH9bk8vbY8aT-jiRDdXgsISAHP0CIQDg35-wg5TuIIFKr4iMzmAFZvJtfWHNbrpbLCaWEIE7XQ%3D%3D&ratebypass=yes", "player_url": null, "ext": "webm", "format_note": "tiny", "acodec": "opus", "abr": 50, "asr": 48000, "filesize": 1310809, "fps": null, "height": null, "tbr": 59.983, "width": null, "vcodec": "none", "downloader_options": {"http_chunk_size": 10485760}, "format": "249 - audio only (tiny)", "protocol": "https", "http_headers": {"User-Agent": "Mozilla/5.0 (Windows NT 10.0; Win64; x64) AppleWebKit/537.36 (KHTML, like Gecko) Chrome/72.0.3626.18 Safari/537.36", "Accept-Charset": "ISO-8859-1,utf-8;q=0.7,*;q=0.7", "Accept": "text/html,application/xhtml+xml,application/xml;q=0.9,*/*;q=0.8", "Accept-Encoding": "gzip, deflate", "Accept-Language": "en-us,en;q=0.5"}}, {"format_id": "250", "url": "https://r3---sn-5njj-u2xl.googlevideo.com/videoplayback?expire=1608733050&ei=Gv3iX7PKA8f8qAHO9YOIAg&ip=140.109.135.76&id=o-AJ9mkKo0qBXciJvbaBT4wVmePUHMwi2MZm6GjZAHpfYz&itag=250&source=youtube&requiressl=yes&mh=Fd&mm=31%2C29&mn=sn-5njj-u2xl%2Csn-un57en7e&ms=au%2Crdu&mv=m&mvi=3&pl=16&initcwndbps=623750&vprv=1&mime=audio%2Fwebm&ns=FWvg7yoIEND7k_xdcqjwLPEF&gir=yes&clen=1773151&dur=185.101&lmt=1563414277121454&mt=1608711157&fvip=3&keepalive=yes&beids=9466586&c=WEB&txp=5432432&n=BCVgPX6-7mySqrB-&sparams=expire%2Cei%2Cip%2Cid%2Citag%2Csource%2Crequiressl%2Cvprv%2Cmime%2Cns%2Cgir%2Cclen%2Cdur%2Clmt&sig=AOq0QJ8wRQIhAJgsL1KklReL249jDXiurRnrM5C6i03yY5oAPah4azQfAiBonUXm43UP0MZ6Q77aHac6g28eyYm7mxGJHQ2MqCfjOg%3D%3D&lsparams=mh%2Cmm%2Cmn%2Cms%2Cmv%2Cmvi%2Cpl%2Cinitcwndbps&lsig=AG3C_xAwRQIgC0IqhQ46TXjKpt9-VH9bk8vbY8aT-jiRDdXgsISAHP0CIQDg35-wg5TuIIFKr4iMzmAFZvJtfWHNbrpbLCaWEIE7XQ%3D%3D&ratebypass=yes", "player_url": null, "ext": "webm", "format_note": "tiny", "acodec": "opus", "abr": 70, "asr": 48000, "filesize": 1773151, "fps": null, "height": null, "tbr": 80.817, "width": null, "vcodec": "none", "downloader_options": {"http_chunk_size": 10485760}, "format": "250 - audio only (tiny)", "protocol": "https", "http_headers": {"User-Agent": "Mozilla/5.0 (Windows NT 10.0; Win64; x64) AppleWebKit/537.36 (KHTML, like Gecko) Chrome/72.0.3626.18 Safari/537.36", "Accept-Charset": "ISO-8859-1,utf-8;q=0.7,*;q=0.7", "Accept": "text/html,application/xhtml+xml,application/xml;q=0.9,*/*;q=0.8", "Accept-Encoding": "gzip, deflate", "Accept-Language": "en-us,en;q=0.5"}}, {"format_id": "140", "url": "https://r3---sn-5njj-u2xl.googlevideo.com/videoplayback?expire=1608733050&ei=Gv3iX7PKA8f8qAHO9YOIAg&ip=140.109.135.76&id=o-AJ9mkKo0qBXciJvbaBT4wVmePUHMwi2MZm6GjZAHpfYz&itag=140&source=youtube&requiressl=yes&mh=Fd&mm=31%2C29&mn=sn-5njj-u2xl%2Csn-un57en7e&ms=au%2Crdu&mv=m&mvi=3&pl=16&initcwndbps=623750&vprv=1&mime=audio%2Fmp4&ns=FWvg7yoIEND7k_xdcqjwLPEF&gir=yes&clen=2973077&dur=185.132&lmt=1405511718601476&mt=1608711157&fvip=3&keepalive=yes&beids=9466586&c=WEB&n=BCVgPX6-7mySqrB-&sparams=expire%2Cei%2Cip%2Cid%2Citag%2Csource%2Crequiressl%2Cvprv%2Cmime%2Cns%2Cgir%2Cclen%2Cdur%2Clmt&sig=AOq0QJ8wRQIhANpiqk4zRgkCseHzr-XrtO61K5BY37jTwNbfjFwdXNMVAiAF7LZF7RKZ0CrCpRXtJZTjZnDmh3eHoShatMPF-DGxMw%3D%3D&lsparams=mh%2Cmm%2Cmn%2Cms%2Cmv%2Cmvi%2Cpl%2Cinitcwndbps&lsig=AG3C_xAwRQIgC0IqhQ46TXjKpt9-VH9bk8vbY8aT-jiRDdXgsISAHP0CIQDg35-wg5TuIIFKr4iMzmAFZvJtfWHNbrpbLCaWEIE7XQ%3D%3D&ratebypass=yes", "player_url": null, "ext": "m4a", "format_note": "tiny", "acodec": "mp4a.40.2", "abr": 128, "container": "m4a_dash", "asr": 44100, "filesize": 2973077, "fps": null, "height": null, "tbr": 129.319, "width": null, "vcodec": "none", "downloader_options": {"http_chunk_size": 10485760}, "format": "140 - audio only (tiny)", "protocol": "https", "http_headers": {"User-Agent": "Mozilla/5.0 (Windows NT 10.0; Win64; x64) AppleWebKit/537.36 (KHTML, like Gecko) Chrome/72.0.3626.18 Safari/537.36", "Accept-Charset": "ISO-8859-1,utf-8;q=0.7,*;q=0.7", "Accept": "text/html,application/xhtml+xml,application/xml;q=0.9,*/*;q=0.8", "Accept-Encoding": "gzip, deflate", "Accept-Language": "en-us,en;q=0.5"}}, {"format_id": "251", "url": "https://r3---sn-5njj-u2xl.googlevideo.com/videoplayback?expire=1608733050&ei=Gv3iX7PKA8f8qAHO9YOIAg&ip=140.109.135.76&id=o-AJ9mkKo0qBXciJvbaBT4wVmePUHMwi2MZm6GjZAHpfYz&itag=251&source=youtube&requiressl=yes&mh=Fd&mm=31%2C29&mn=sn-5njj-u2xl%2Csn-un57en7e&ms=au%2Crdu&mv=m&mvi=3&pl=16&initcwndbps=623750&vprv=1&mime=audio%2Fwebm&ns=FWvg7yoIEND7k_xdcqjwLPEF&gir=yes&clen=3415577&dur=185.101&lmt=1563414279725275&mt=1608711157&fvip=3&keepalive=yes&beids=9466586&c=WEB&txp=5432432&n=BCVgPX6-7mySqrB-&sparams=expire%2Cei%2Cip%2Cid%2Citag%2Csource%2Crequiressl%2Cvprv%2Cmime%2Cns%2Cgir%2Cclen%2Cdur%2Clmt&sig=AOq0QJ8wRgIhAPfoG3joqUVQbTXf0TB2YC40oM27ScvGAivVpjPO9Ux9AiEAllceAgJ2M43hF6fUgQrqqo5HSHC5-sS9vZqgyQ6sikI%3D&lsparams=mh%2Cmm%2Cmn%2Cms%2Cmv%2Cmvi%2Cpl%2Cinitcwndbps&lsig=AG3C_xAwRQIgC0IqhQ46TXjKpt9-VH9bk8vbY8aT-jiRDdXgsISAHP0CIQDg35-wg5TuIIFKr4iMzmAFZvJtfWHNbrpbLCaWEIE7XQ%3D%3D&ratebypass=yes", "player_url": null, "ext": "webm", "format_note": "tiny", "acodec": "opus", "abr": 160, "asr": 48000, "filesize": 3415577, "fps": null, "height": null, "tbr": 154.676, "width": null, "vcodec": "none", "downloader_options": {"http_chunk_size": 10485760}, "format": "251 - audio only (tiny)", "protocol": "https", "http_headers": {"User-Agent": "Mozilla/5.0 (Windows NT 10.0; Win64; x64) AppleWebKit/537.36 (KHTML, like Gecko) Chrome/72.0.3626.18 Safari/537.36", "Accept-Charset": "ISO-8859-1,utf-8;q=0.7,*;q=0.7", "Accept": "text/html,application/xhtml+xml,application/xml;q=0.9,*/*;q=0.8", "Accept-Encoding": "gzip, deflate", "Accept-Language": "en-us,en;q=0.5"}}, {"format_id": "278", "url": "https://r3---sn-5njj-u2xl.googlevideo.com/videoplayback?expire=1608733050&ei=Gv3iX7PKA8f8qAHO9YOIAg&ip=140.109.135.76&id=o-AJ9mkKo0qBXciJvbaBT4wVmePUHMwi2MZm6GjZAHpfYz&itag=278&aitags=133%2C134%2C135%2C136%2C137%2C160%2C242%2C243%2C244%2C247%2C248%2C264%2C278&source=youtube&requiressl=yes&mh=Fd&mm=31%2C29&mn=sn-5njj-u2xl%2Csn-un57en7e&ms=au%2Crdu&mv=m&mvi=3&pl=16&initcwndbps=623750&vprv=1&mime=video%2Fwebm&ns=FWvg7yoIEND7k_xdcqjwLPEF&gir=yes&clen=1977232&dur=185.040&lmt=1543784208948287&mt=1608711157&fvip=3&keepalive=yes&beids=9466586&c=WEB&txp=5432432&n=BCVgPX6-7mySqrB-&sparams=expire%2Cei%2Cip%2Cid%2Caitags%2Csource%2Crequiressl%2Cvprv%2Cmime%2Cns%2Cgir%2Cclen%2Cdur%2Clmt&sig=AOq0QJ8wRAIgDNqE2w0DQLVS2E_tsBIHPpt6WnKm2IJtn0SQHBaudRECIHoc599Xg1xGP-ix_63UrXk3CutuOWLYpDaQ5v2GVStM&lsparams=mh%2Cmm%2Cmn%2Cms%2Cmv%2Cmvi%2Cpl%2Cinitcwndbps&lsig=AG3C_xAwRQIgC0IqhQ46TXjKpt9-VH9bk8vbY8aT-jiRDdXgsISAHP0CIQDg35-wg5TuIIFKr4iMzmAFZvJtfWHNbrpbLCaWEIE7XQ%3D%3D&ratebypass=yes", "player_url": null, "ext": "webm", "height": 144, "format_note": "144p", "container": "webm", "vcodec": "vp9", "asr": null, "filesize": 1977232, "fps": 25, "tbr": 96.173, "width": 256, "acodec": "none", "downloader_options": {"http_chunk_size": 10485760}, "format": "278 - 256x144 (144p)", "protocol": "https", "http_headers": {"User-Agent": "Mozilla/5.0 (Windows NT 10.0; Win64; x64) AppleWebKit/537.36 (KHTML, like Gecko) Chrome/72.0.3626.18 Safari/537.36", "Accept-Charset": "ISO-8859-1,utf-8;q=0.7,*;q=0.7", "Accept": "text/html,application/xhtml+xml,application/xml;q=0.9,*/*;q=0.8", "Accept-Encoding": "gzip, deflate", "Accept-Language": "en-us,en;q=0.5"}}, {"format_id": "160", "url": "https://r3---sn-5njj-u2xl.googlevideo.com/videoplayback?expire=1608733050&ei=Gv3iX7PKA8f8qAHO9YOIAg&ip=140.109.135.76&id=o-AJ9mkKo0qBXciJvbaBT4wVmePUHMwi2MZm6GjZAHpfYz&itag=160&aitags=133%2C134%2C135%2C136%2C137%2C160%2C242%2C243%2C244%2C247%2C248%2C264%2C278&source=youtube&requiressl=yes&mh=Fd&mm=31%2C29&mn=sn-5njj-u2xl%2Csn-un57en7e&ms=au%2Crdu&mv=m&mvi=3&pl=16&initcwndbps=623750&vprv=1&mime=video%2Fmp4&ns=FWvg7yoIEND7k_xdcqjwLPEF&gir=yes&clen=2552056&dur=184.961&lmt=1405511720401924&mt=1608711157&fvip=3&keepalive=yes&beids=9466586&c=WEB&n=BCVgPX6-7mySqrB-&sparams=expire%2Cei%2Cip%2Cid%2Caitags%2Csource%2Crequiressl%2Cvprv%2Cmime%2Cns%2Cgir%2Cclen%2Cdur%2Clmt&sig=AOq0QJ8wRAIgBEuKOH6nTnaQHpRpmC846a6_9lsP6CSkB2xoaJeuNqMCIF7MpopDxBVd6X6M8Iog6Sf-oiz0o9WUfAH6pKkDUYc_&lsparams=mh%2Cmm%2Cmn%2Cms%2Cmv%2Cmvi%2Cpl%2Cinitcwndbps&lsig=AG3C_xAwRQIgC0IqhQ46TXjKpt9-VH9bk8vbY8aT-jiRDdXgsISAHP0CIQDg35-wg5TuIIFKr4iMzmAFZvJtfWHNbrpbLCaWEIE7XQ%3D%3D&ratebypass=yes", "player_url": null, "ext": "mp4", "height": 144, "format_note": "144p", "vcodec": "avc1.4d400c", "asr": null, "filesize": 2552056, "fps": 13, "tbr": 115.121, "width": 256, "acodec": "none", "downloader_options": {"http_chunk_size": 10485760}, "format": "160 - 256x144 (144p)", "protocol": "https", "http_headers": {"User-Agent": "Mozilla/5.0 (Windows NT 10.0; Win64; x64) AppleWebKit/537.36 (KHTML, like Gecko) Chrome/72.0.3626.18 Safari/537.36", "Accept-Charset": "ISO-8859-1,utf-8;q=0.7,*;q=0.7", "Accept": "text/html,application/xhtml+xml,application/xml;q=0.9,*/*;q=0.8", "Accept-Encoding": "gzip, deflate", "Accept-Language": "en-us,en;q=0.5"}}, {"format_id": "242", "url": "https://r3---sn-5njj-u2xl.googlevideo.com/videoplayback?expire=1608733050&ei=Gv3iX7PKA8f8qAHO9YOIAg&ip=140.109.135.76&id=o-AJ9mkKo0qBXciJvbaBT4wVmePUHMwi2MZm6GjZAHpfYz&itag=242&aitags=133%2C134%2C135%2C136%2C137%2C160%2C242%2C243%2C244%2C247%2C248%2C264%2C278&source=youtube&requiressl=yes&mh=Fd&mm=31%2C29&mn=sn-5njj-u2xl%2Csn-un57en7e&ms=au%2Crdu&mv=m&mvi=3&pl=16&initcwndbps=623750&vprv=1&mime=video%2Fwebm&ns=FWvg7yoIEND7k_xdcqjwLPEF&gir=yes&clen=2299416&dur=185.040&lmt=1543784208944643&mt=1608711157&fvip=3&keepalive=yes&beids=9466586&c=WEB&txp=5432432&n=BCVgPX6-7mySqrB-&sparams=expire%2Cei%2Cip%2Cid%2Caitags%2Csource%2Crequiressl%2Cvprv%2Cmime%2Cns%2Cgir%2Cclen%2Cdur%2Clmt&sig=AOq0QJ8wRgIhAJqnlRqt76zl4knmGHX7bW4jFwXnTxJ_-TEpTXyPUQTDAiEA6V_MCrvQPGguP2HUhQlv8ftv7BfsZFJ2GBe52L9KvqA%3D&lsparams=mh%2Cmm%2Cmn%2Cms%2Cmv%2Cmvi%2Cpl%2Cinitcwndbps&lsig=AG3C_xAwRQIgC0IqhQ46TXjKpt9-VH9bk8vbY8aT-jiRDdXgsISAHP0CIQDg35-wg5TuIIFKr4iMzmAFZvJtfWHNbrpbLCaWEIE7XQ%3D%3D&ratebypass=yes", "player_url": null, "ext": "webm", "height": 240, "format_note": "240p", "vcodec": "vp9", "asr": null, "filesize": 2299416, "fps": 25, "tbr": 172.255, "width": 426, "acodec": "none", "downloader_options": {"http_chunk_size": 10485760}, "format": "242 - 426x240 (240p)", "protocol": "https", "http_headers": {"User-Agent": "Mozilla/5.0 (Windows NT 10.0; Win64; x64) AppleWebKit/537.36 (KHTML, like Gecko) Chrome/72.0.3626.18 Safari/537.36", "Accept-Charset": "ISO-8859-1,utf-8;q=0.7,*;q=0.7", "Accept": "text/html,application/xhtml+xml,application/xml;q=0.9,*/*;q=0.8", "Accept-Encoding": "gzip, deflate", "Accept-Language": "en-us,en;q=0.5"}}, {"format_id": "134", "url": "https://r3---sn-5njj-u2xl.googlevideo.com/videoplayback?expire=1608733050&ei=Gv3iX7PKA8f8qAHO9YOIAg&ip=140.109.135.76&id=o-AJ9mkKo0qBXciJvbaBT4wVmePUHMwi2MZm6GjZAHpfYz&itag=134&aitags=133%2C134%2C135%2C136%2C137%2C160%2C242%2C243%2C244%2C247%2C248%2C264%2C278&source=youtube&requiressl=yes&mh=Fd&mm=31%2C29&mn=sn-5njj-u2xl%2Csn-un57en7e&ms=au%2Crdu&mv=m&mvi=3&pl=16&initcwndbps=623750&vprv=1&mime=video%2Fmp4&ns=FWvg7yoIEND7k_xdcqjwLPEF&gir=yes&clen=5182691&dur=184.961&lmt=1405511724703704&mt=1608711157&fvip=3&keepalive=yes&beids=9466586&c=WEB&n=BCVgPX6-7mySqrB-&sparams=expire%2Cei%2Cip%2Cid%2Caitags%2Csource%2Crequiressl%2Cvprv%2Cmime%2Cns%2Cgir%2Cclen%2Cdur%2Clmt&sig=AOq0QJ8wRAIgKQCW9Jg2_Rf8Q__-zsz-NYgrmVO_TvSCgrbl63pZlIICIHzccmoJns9aUjPh23oe03UAYp2kPJ5HCThHSVIwzW_O&lsparams=mh%2Cmm%2Cmn%2Cms%2Cmv%2Cmvi%2Cpl%2Cinitcwndbps&lsig=AG3C_xAwRQIgC0IqhQ46TXjKpt9-VH9bk8vbY8aT-jiRDdXgsISAHP0CIQDg35-wg5TuIIFKr4iMzmAFZvJtfWHNbrpbLCaWEIE7XQ%3D%3D&ratebypass=yes", "player_url": null, "ext": "mp4", "height": 360, "format_note": "360p", "vcodec": "avc1.4d401e", "asr": null, "filesize": 5182691, "fps": 25, "tbr": 237.999, "width": 640, "acodec": "none", "downloader_options": {"http_chunk_size": 10485760}, "format": "134 - 640x360 (360p)", "protocol": "https", "http_headers": {"User-Agent": "Mozilla/5.0 (Windows NT 10.0; Win64; x64) AppleWebKit/537.36 (KHTML, like Gecko) Chrome/72.0.3626.18 Safari/537.36", "Accept-Charset": "ISO-8859-1,utf-8;q=0.7,*;q=0.7", "Accept": "text/html,application/xhtml+xml,application/xml;q=0.9,*/*;q=0.8", "Accept-Encoding": "gzip, deflate", "Accept-Language": "en-us,en;q=0.5"}}, {"format_id": "133", "url": "https://r3---sn-5njj-u2xl.googlevideo.com/videoplayback?expire=1608733050&ei=Gv3iX7PKA8f8qAHO9YOIAg&ip=140.109.135.76&id=o-AJ9mkKo0qBXciJvbaBT4wVmePUHMwi2MZm6GjZAHpfYz&itag=133&aitags=133%2C134%2C135%2C136%2C137%2C160%2C242%2C243%2C244%2C247%2C248%2C264%2C278&source=youtube&requiressl=yes&mh=Fd&mm=31%2C29&mn=sn-5njj-u2xl%2Csn-un57en7e&ms=au%2Crdu&mv=m&mvi=3&pl=16&initcwndbps=623750&vprv=1&mime=video%2Fmp4&ns=FWvg7yoIEND7k_xdcqjwLPEF&gir=yes&clen=5744467&dur=184.961&lmt=1405511721405311&mt=1608711157&fvip=3&keepalive=yes&beids=9466586&c=WEB&n=BCVgPX6-7mySqrB-&sparams=expire%2Cei%2Cip%2Cid%2Caitags%2Csource%2Crequiressl%2Cvprv%2Cmime%2Cns%2Cgir%2Cclen%2Cdur%2Clmt&sig=AOq0QJ8wRQIhAJevxhZQH3189IOpPBrS_p55M-ZBaXOmnYtTucJeVAl0AiAw32S2PDb-pIgfdVI91xEU3vO_eQCDKGWecNgoVJHGHg%3D%3D&lsparams=mh%2Cmm%2Cmn%2Cms%2Cmv%2Cmvi%2Cpl%2Cinitcwndbps&lsig=AG3C_xAwRQIgC0IqhQ46TXjKpt9-VH9bk8vbY8aT-jiRDdXgsISAHP0CIQDg35-wg5TuIIFKr4iMzmAFZvJtfWHNbrpbLCaWEIE7XQ%3D%3D&ratebypass=yes", "player_url": null, "ext": "mp4", "height": 240, "format_note": "240p", "vcodec": "avc1.4d4015", "asr": null, "filesize": 5744467, "fps": 25, "tbr": 255.297, "width": 426, "acodec": "none", "downloader_options": {"http_chunk_size": 10485760}, "format": "133 - 426x240 (240p)", "protocol": "https", "http_headers": {"User-Agent": "Mozilla/5.0 (Windows NT 10.0; Win64; x64) AppleWebKit/537.36 (KHTML, like Gecko) Chrome/72.0.3626.18 Safari/537.36", "Accept-Charset": "ISO-8859-1,utf-8;q=0.7,*;q=0.7", "Accept": "text/html,application/xhtml+xml,application/xml;q=0.9,*/*;q=0.8", "Accept-Encoding": "gzip, deflate", "Accept-Language": "en-us,en;q=0.5"}}, {"format_id": "243", "url": "https://r3---sn-5njj-u2xl.googlevideo.com/videoplayback?expire=1608733050&ei=Gv3iX7PKA8f8qAHO9YOIAg&ip=140.109.135.76&id=o-AJ9mkKo0qBXciJvbaBT4wVmePUHMwi2MZm6GjZAHpfYz&itag=243&aitags=133%2C134%2C135%2C136%2C137%2C160%2C242%2C243%2C244%2C247%2C248%2C264%2C278&source=youtube&requiressl=yes&mh=Fd&mm=31%2C29&mn=sn-5njj-u2xl%2Csn-un57en7e&ms=au%2Crdu&mv=m&mvi=3&pl=16&initcwndbps=623750&vprv=1&mime=video%2Fwebm&ns=FWvg7yoIEND7k_xdcqjwLPEF&gir=yes&clen=4659108&dur=185.040&lmt=1543784208938603&mt=1608711157&fvip=3&keepalive=yes&beids=9466586&c=WEB&txp=5432432&n=BCVgPX6-7mySqrB-&sparams=expire%2Cei%2Cip%2Cid%2Caitags%2Csource%2Crequiressl%2Cvprv%2Cmime%2Cns%2Cgir%2Cclen%2Cdur%2Clmt&sig=AOq0QJ8wRAIgMG4gxiehW5ce6JMDrMjBhV_QO9XgnPNqTFFO9Bu639sCIDFbGiuNceu4KnVoBrLFKkG7i7Mj81HJM2tNtbDSY5Sz&lsparams=mh%2Cmm%2Cmn%2Cms%2Cmv%2Cmvi%2Cpl%2Cinitcwndbps&lsig=AG3C_xAwRQIgC0IqhQ46TXjKpt9-VH9bk8vbY8aT-jiRDdXgsISAHP0CIQDg35-wg5TuIIFKr4iMzmAFZvJtfWHNbrpbLCaWEIE7XQ%3D%3D&ratebypass=yes", "player_url": null, "ext": "webm", "height": 360, "format_note": "360p", "vcodec": "vp9", "asr": null, "filesize": 4659108, "fps": 25, "tbr": 329.433, "width": 640, "acodec": "none", "downloader_options": {"http_chunk_size": 10485760}, "format": "243 - 640x360 (360p)", "protocol": "https", "http_headers": {"User-Agent": "Mozilla/5.0 (Windows NT 10.0; Win64; x64) AppleWebKit/537.36 (KHTML, like Gecko) Chrome/72.0.3626.18 Safari/537.36", "Accept-Charset": "ISO-8859-1,utf-8;q=0.7,*;q=0.7", "Accept": "text/html,application/xhtml+xml,application/xml;q=0.9,*/*;q=0.8", "Accept-Encoding": "gzip, deflate", "Accept-Language": "en-us,en;q=0.5"}}, {"format_id": "244", "url": "https://r3---sn-5njj-u2xl.googlevideo.com/videoplayback?expire=1608733050&ei=Gv3iX7PKA8f8qAHO9YOIAg&ip=140.109.135.76&id=o-AJ9mkKo0qBXciJvbaBT4wVmePUHMwi2MZm6GjZAHpfYz&itag=244&aitags=133%2C134%2C135%2C136%2C137%2C160%2C242%2C243%2C244%2C247%2C248%2C264%2C278&source=youtube&requiressl=yes&mh=Fd&mm=31%2C29&mn=sn-5njj-u2xl%2Csn-un57en7e&ms=au%2Crdu&mv=m&mvi=3&pl=16&initcwndbps=623750&vprv=1&mime=video%2Fwebm&ns=FWvg7yoIEND7k_xdcqjwLPEF&gir=yes&clen=7784792&dur=185.040&lmt=1543784208947330&mt=1608711157&fvip=3&keepalive=yes&beids=9466586&c=WEB&txp=5432432&n=BCVgPX6-7mySqrB-&sparams=expire%2Cei%2Cip%2Cid%2Caitags%2Csource%2Crequiressl%2Cvprv%2Cmime%2Cns%2Cgir%2Cclen%2Cdur%2Clmt&sig=AOq0QJ8wRAIgBS2Q5vM-nc1mBlMmqnd03uEFlhvHgxzi4GvCEEHTPf4CIAgiXJzfoAJHxAZsEVwZ_sufuXRvHDmUgfXub7LvDQ_P&lsparams=mh%2Cmm%2Cmn%2Cms%2Cmv%2Cmvi%2Cpl%2Cinitcwndbps&lsig=AG3C_xAwRQIgC0IqhQ46TXjKpt9-VH9bk8vbY8aT-jiRDdXgsISAHP0CIQDg35-wg5TuIIFKr4iMzmAFZvJtfWHNbrpbLCaWEIE7XQ%3D%3D&ratebypass=yes", "player_url": null, "ext": "webm", "height": 480, "format_note": "480p", "vcodec": "vp9", "asr": null, "filesize": 7784792, "fps": 25, "tbr": 441.298, "width": 854, "acodec": "none", "downloader_options": {"http_chunk_size": 10485760}, "format": "244 - 854x480 (480p)", "protocol": "https", "http_headers": {"User-Agent": "Mozilla/5.0 (Windows NT 10.0; Win64; x64) AppleWebKit/537.36 (KHTML, like Gecko) Chrome/72.0.3626.18 Safari/537.36", "Accept-Charset": "ISO-8859-1,utf-8;q=0.7,*;q=0.7", "Accept": "text/html,application/xhtml+xml,application/xml;q=0.9,*/*;q=0.8", "Accept-Encoding": "gzip, deflate", "Accept-Language": "en-us,en;q=0.5"}}, {"format_id": "135", "url": "https://r3---sn-5njj-u2xl.googlevideo.com/videoplayback?expire=1608733050&ei=Gv3iX7PKA8f8qAHO9YOIAg&ip=140.109.135.76&id=o-AJ9mkKo0qBXciJvbaBT4wVmePUHMwi2MZm6GjZAHpfYz&itag=135&aitags=133%2C134%2C135%2C136%2C137%2C160%2C242%2C243%2C244%2C247%2C248%2C264%2C278&source=youtube&requiressl=yes&mh=Fd&mm=31%2C29&mn=sn-5njj-u2xl%2Csn-un57en7e&ms=au%2Crdu&mv=m&mvi=3&pl=16&initcwndbps=623750&vprv=1&mime=video%2Fmp4&ns=FWvg7yoIEND7k_xdcqjwLPEF&gir=yes&clen=11101820&dur=184.961&lmt=1405511752906033&mt=1608711157&fvip=3&keepalive=yes&beids=9466586&c=WEB&n=BCVgPX6-7mySqrB-&sparams=expire%2Cei%2Cip%2Cid%2Caitags%2Csource%2Crequiressl%2Cvprv%2Cmime%2Cns%2Cgir%2Cclen%2Cdur%2Clmt&sig=AOq0QJ8wRgIhAI4coB0vXbJ8-gYItB5FNLuGwKhObHSxUlbJ7dLY6M7iAiEAiEDfQVShZt7gDZBjUYyI5yKpNpqyMJCJYAgRoxF2XQA%3D&lsparams=mh%2Cmm%2Cmn%2Cms%2Cmv%2Cmvi%2Cpl%2Cinitcwndbps&lsig=AG3C_xAwRQIgC0IqhQ46TXjKpt9-VH9bk8vbY8aT-jiRDdXgsISAHP0CIQDg35-wg5TuIIFKr4iMzmAFZvJtfWHNbrpbLCaWEIE7XQ%3D%3D&ratebypass=yes", "player_url": null, "ext": "mp4", "height": 480, "format_note": "480p", "vcodec": "avc1.4d401e", "asr": null, "filesize": 11101820, "fps": 25, "tbr": 506.199, "width": 854, "acodec": "none", "downloader_options": {"http_chunk_size": 10485760}, "format": "135 - 854x480 (480p)", "protocol": "https", "http_headers": {"User-Agent": "Mozilla/5.0 (Windows NT 10.0; Win64; x64) AppleWebKit/537.36 (KHTML, like Gecko) Chrome/72.0.3626.18 Safari/537.36", "Accept-Charset": "ISO-8859-1,utf-8;q=0.7,*;q=0.7", "Accept": "text/html,application/xhtml+xml,application/xml;q=0.9,*/*;q=0.8", "Accept-Encoding": "gzip, deflate", "Accept-Language": "en-us,en;q=0.5"}}, {"format_id": "136", "url": "https://r3---sn-5njj-u2xl.googlevideo.com/videoplayback?expire=1608733050&ei=Gv3iX7PKA8f8qAHO9YOIAg&ip=140.109.135.76&id=o-AJ9mkKo0qBXciJvbaBT4wVmePUHMwi2MZm6GjZAHpfYz&itag=136&aitags=133%2C134%2C135%2C136%2C137%2C160%2C242%2C243%2C244%2C247%2C248%2C264%2C278&source=youtube&requiressl=yes&mh=Fd&mm=31%2C29&mn=sn-5njj-u2xl%2Csn-un57en7e&ms=au%2Crdu&mv=m&mvi=3&pl=16&initcwndbps=623750&vprv=1&mime=video%2Fmp4&ns=FWvg7yoIEND7k_xdcqjwLPEF&gir=yes&clen=22383561&dur=184.961&lmt=1405511739924062&mt=1608711157&fvip=3&keepalive=yes&beids=9466586&c=WEB&n=BCVgPX6-7mySqrB-&sparams=expire%2Cei%2Cip%2Cid%2Caitags%2Csource%2Crequiressl%2Cvprv%2Cmime%2Cns%2Cgir%2Cclen%2Cdur%2Clmt&sig=AOq0QJ8wRAIgRIqznxw4rV90n3qVd1ls0iQW_x4v8sTnYyLIHZotL5wCICMFlmCgW5ZjG2iKIY7r4RXvlXF4QxEMOP39oXqZuH0l&lsparams=mh%2Cmm%2Cmn%2Cms%2Cmv%2Cmvi%2Cpl%2Cinitcwndbps&lsig=AG3C_xAwRQIgC0IqhQ46TXjKpt9-VH9bk8vbY8aT-jiRDdXgsISAHP0CIQDg35-wg5TuIIFKr4iMzmAFZvJtfWHNbrpbLCaWEIE7XQ%3D%3D&ratebypass=yes", "player_url": null, "ext": "mp4", "height": 720, "format_note": "720p", "vcodec": "avc1.4d401f", "asr": null, "filesize": 22383561, "fps": 25, "tbr": 1017.515, "width": 1280, "acodec": "none", "downloader_options": {"http_chunk_size": 10485760}, "format": "136 - 1280x720 (720p)", "protocol": "https", "http_headers": {"User-Agent": "Mozilla/5.0 (Windows NT 10.0; Win64; x64) AppleWebKit/537.36 (KHTML, like Gecko) Chrome/72.0.3626.18 Safari/537.36", "Accept-Charset": "ISO-8859-1,utf-8;q=0.7,*;q=0.7", "Accept": "text/html,application/xhtml+xml,application/xml;q=0.9,*/*;q=0.8", "Accept-Encoding": "gzip, deflate", "Accept-Language": "en-us,en;q=0.5"}}, {"format_id": "247", "url": "https://r3---sn-5njj-u2xl.googlevideo.com/videoplayback?expire=1608733050&ei=Gv3iX7PKA8f8qAHO9YOIAg&ip=140.109.135.76&id=o-AJ9mkKo0qBXciJvbaBT4wVmePUHMwi2MZm6GjZAHpfYz&itag=247&aitags=133%2C134%2C135%2C136%2C137%2C160%2C242%2C243%2C244%2C247%2C248%2C264%2C278&source=youtube&requiressl=yes&mh=Fd&mm=31%2C29&mn=sn-5njj-u2xl%2Csn-un57en7e&ms=au%2Crdu&mv=m&mvi=3&pl=16&initcwndbps=623750&vprv=1&mime=video%2Fwebm&ns=FWvg7yoIEND7k_xdcqjwLPEF&gir=yes&clen=17779579&dur=185.040&lmt=1543784208955701&mt=1608711157&fvip=3&keepalive=yes&beids=9466586&c=WEB&txp=5432432&n=BCVgPX6-7mySqrB-&sparams=expire%2Cei%2Cip%2Cid%2Caitags%2Csource%2Crequiressl%2Cvprv%2Cmime%2Cns%2Cgir%2Cclen%2Cdur%2Clmt&sig=AOq0QJ8wRAIgaLeQ7E-SPHyUx9jDVZ1f9BL-bHmbOoGnc-kfDy-0ZEsCIFFgZvmvTziQsWJxvLNXvD72_BQPCtyOiTR2fyAMHEI3&lsparams=mh%2Cmm%2Cmn%2Cms%2Cmv%2Cmvi%2Cpl%2Cinitcwndbps&lsig=AG3C_xAwRQIgC0IqhQ46TXjKpt9-VH9bk8vbY8aT-jiRDdXgsISAHP0CIQDg35-wg5TuIIFKr4iMzmAFZvJtfWHNbrpbLCaWEIE7XQ%3D%3D&ratebypass=yes", "player_url": null, "ext": "webm", "height": 720, "format_note": "720p", "vcodec": "vp9", "asr": null, "filesize": 17779579, "fps": 25, "tbr": 1124.966, "width": 1280, "acodec": "none", "downloader_options": {"http_chunk_size": 10485760}, "format": "247 - 1280x720 (720p)", "protocol": "https", "http_headers": {"User-Agent": "Mozilla/5.0 (Windows NT 10.0; Win64; x64) AppleWebKit/537.36 (KHTML, like Gecko) Chrome/72.0.3626.18 Safari/537.36", "Accept-Charset": "ISO-8859-1,utf-8;q=0.7,*;q=0.7", "Accept": "text/html,application/xhtml+xml,application/xml;q=0.9,*/*;q=0.8", "Accept-Encoding": "gzip, deflate", "Accept-Language": "en-us,en;q=0.5"}}, {"format_id": "248", "url": "https://r3---sn-5njj-u2xl.googlevideo.com/videoplayback?expire=1608733050&ei=Gv3iX7PKA8f8qAHO9YOIAg&ip=140.109.135.76&id=o-AJ9mkKo0qBXciJvbaBT4wVmePUHMwi2MZm6GjZAHpfYz&itag=248&aitags=133%2C134%2C135%2C136%2C137%2C160%2C242%2C243%2C244%2C247%2C248%2C264%2C278&source=youtube&requiressl=yes&mh=Fd&mm=31%2C29&mn=sn-5njj-u2xl%2Csn-un57en7e&ms=au%2Crdu&mv=m&mvi=3&pl=16&initcwndbps=623750&vprv=1&mime=video%2Fwebm&ns=FWvg7yoIEND7k_xdcqjwLPEF&gir=yes&clen=36002620&dur=185.040&lmt=1543781117053187&mt=1608711157&fvip=3&keepalive=yes&beids=9466586&c=WEB&txp=5432432&n=BCVgPX6-7mySqrB-&sparams=expire%2Cei%2Cip%2Cid%2Caitags%2Csource%2Crequiressl%2Cvprv%2Cmime%2Cns%2Cgir%2Cclen%2Cdur%2Clmt&sig=AOq0QJ8wRgIhAPI9ewSvVUsf3kQHfAbZ_IKGshbObJBlSZFcwQwHlGxMAiEApfzAn153U93dZljAwH7d4DysoNTPmRrtbvv_gV5lEjA%3D&lsparams=mh%2Cmm%2Cmn%2Cms%2Cmv%2Cmvi%2Cpl%2Cinitcwndbps&lsig=AG3C_xAwRQIgC0IqhQ46TXjKpt9-VH9bk8vbY8aT-jiRDdXgsISAHP0CIQDg35-wg5TuIIFKr4iMzmAFZvJtfWHNbrpbLCaWEIE7XQ%3D%3D&ratebypass=yes", "player_url": null, "ext": "webm", "height": 1080, "format_note": "1080p", "vcodec": "vp9", "asr": null, "filesize": 36002620, "fps": 25, "tbr": 1937.12, "width": 1920, "acodec": "none", "downloader_options": {"http_chunk_size": 10485760}, "format": "248 - 1920x1080 (1080p)", "protocol": "https", "http_headers": {"User-Agent": "Mozilla/5.0 (Windows NT 10.0; Win64; x64) AppleWebKit/537.36 (KHTML, like Gecko) Chrome/72.0.3626.18 Safari/537.36", "Accept-Charset": "ISO-8859-1,utf-8;q=0.7,*;q=0.7", "Accept": "text/html,application/xhtml+xml,application/xml;q=0.9,*/*;q=0.8", "Accept-Encoding": "gzip, deflate", "Accept-Language": "en-us,en;q=0.5"}}, {"format_id": "137", "url": "https://r3---sn-5njj-u2xl.googlevideo.com/videoplayback?expire=1608733050&ei=Gv3iX7PKA8f8qAHO9YOIAg&ip=140.109.135.76&id=o-AJ9mkKo0qBXciJvbaBT4wVmePUHMwi2MZm6GjZAHpfYz&itag=137&aitags=133%2C134%2C135%2C136%2C137%2C160%2C242%2C243%2C244%2C247%2C248%2C264%2C278&source=youtube&requiressl=yes&mh=Fd&mm=31%2C29&mn=sn-5njj-u2xl%2Csn-un57en7e&ms=au%2Crdu&mv=m&mvi=3&pl=16&initcwndbps=623750&vprv=1&mime=video%2Fmp4&ns=FWvg7yoIEND7k_xdcqjwLPEF&gir=yes&clen=43640085&dur=184.961&lmt=1405511750590024&mt=1608711157&fvip=3&keepalive=yes&beids=9466586&c=WEB&n=BCVgPX6-7mySqrB-&sparams=expire%2Cei%2Cip%2Cid%2Caitags%2Csource%2Crequiressl%2Cvprv%2Cmime%2Cns%2Cgir%2Cclen%2Cdur%2Clmt&sig=AOq0QJ8wRQIgRcwr7Z3umrY5pWRgwUK6pLKwWceU83qer9n7a9s154wCIQCsQq4LQGmaYy_ix66XBqTYk-ayLkHtj0tZWs2Cl6Dcjw%3D%3D&lsparams=mh%2Cmm%2Cmn%2Cms%2Cmv%2Cmvi%2Cpl%2Cinitcwndbps&lsig=AG3C_xAwRQIgC0IqhQ46TXjKpt9-VH9bk8vbY8aT-jiRDdXgsISAHP0CIQDg35-wg5TuIIFKr4iMzmAFZvJtfWHNbrpbLCaWEIE7XQ%3D%3D&ratebypass=yes", "player_url": null, "ext": "mp4", "height": 1080, "format_note": "1080p", "vcodec": "avc1.640028", "asr": null, "filesize": 43640085, "fps": 25, "tbr": 2188.617, "width": 1920, "acodec": "none", "downloader_options": {"http_chunk_size": 10485760}, "format": "137 - 1920x1080 (1080p)", "protocol": "https", "http_headers": {"User-Agent": "Mozilla/5.0 (Windows NT 10.0; Win64; x64) AppleWebKit/537.36 (KHTML, like Gecko) Chrome/72.0.3626.18 Safari/537.36", "Accept-Charset": "ISO-8859-1,utf-8;q=0.7,*;q=0.7", "Accept": "text/html,application/xhtml+xml,application/xml;q=0.9,*/*;q=0.8", "Accept-Encoding": "gzip, deflate", "Accept-Language": "en-us,en;q=0.5"}}, {"format_id": "264", "url": "https://r3---sn-5njj-u2xl.googlevideo.com/videoplayback?expire=1608733050&ei=Gv3iX7PKA8f8qAHO9YOIAg&ip=140.109.135.76&id=o-AJ9mkKo0qBXciJvbaBT4wVmePUHMwi2MZm6GjZAHpfYz&itag=264&aitags=133%2C134%2C135%2C136%2C137%2C160%2C242%2C243%2C244%2C247%2C248%2C264%2C278&source=youtube&requiressl=yes&mh=Fd&mm=31%2C29&mn=sn-5njj-u2xl%2Csn-un57en7e&ms=au%2Crdu&mv=m&mvi=3&pl=16&initcwndbps=623750&vprv=1&mime=video%2Fmp4&ns=FWvg7yoIEND7k_xdcqjwLPEF&gir=yes&clen=89833845&dur=185.000&lmt=1380967768045228&mt=1608711157&fvip=3&keepalive=yes&beids=9466586&c=WEB&n=BCVgPX6-7mySqrB-&sparams=expire%2Cei%2Cip%2Cid%2Caitags%2Csource%2Crequiressl%2Cvprv%2Cmime%2Cns%2Cgir%2Cclen%2Cdur%2Clmt&sig=AOq0QJ8wRQIhAMFf5gk8FvDHHPFUoKTSfVbTSzAWtjM0WtWTRo3RTmy4AiB8zaPUlsTlUi2nIiZfOvY9wFHQaftMAWLe-b4feD8xRA%3D%3D&lsparams=mh%2Cmm%2Cmn%2Cms%2Cmv%2Cmvi%2Cpl%2Cinitcwndbps&lsig=AG3C_xAwRQIgC0IqhQ46TXjKpt9-VH9bk8vbY8aT-jiRDdXgsISAHP0CIQDg35-wg5TuIIFKr4iMzmAFZvJtfWHNbrpbLCaWEIE7XQ%3D%3D&ratebypass=yes", "player_url": null, "ext": "mp4", "height": 1080, "format_note": "1080p", "vcodec": "avc1.4d4028", "asr": null, "filesize": 89833845, "fps": 25, "tbr": 4036.359, "width": 1920, "acodec": "none", "downloader_options": {"http_chunk_size": 10485760}, "format": "264 - 1920x1080 (1080p)", "protocol": "https", "http_headers": {"User-Agent": "Mozilla/5.0 (Windows NT 10.0; Win64; x64) AppleWebKit/537.36 (KHTML, like Gecko) Chrome/72.0.3626.18 Safari/537.36", "Accept-Charset": "ISO-8859-1,utf-8;q=0.7,*;q=0.7", "Accept": "text/html,application/xhtml+xml,application/xml;q=0.9,*/*;q=0.8", "Accept-Encoding": "gzip, deflate", "Accept-Language": "en-us,en;q=0.5"}}, {"format_id": "18", "url": "https://r3---sn-5njj-u2xl.googlevideo.com/videoplayback?expire=1608733050&ei=Gv3iX7PKA8f8qAHO9YOIAg&ip=140.109.135.76&id=o-AJ9mkKo0qBXciJvbaBT4wVmePUHMwi2MZm6GjZAHpfYz&itag=18&source=youtube&requiressl=yes&mh=Fd&mm=31%2C29&mn=sn-5njj-u2xl%2Csn-un57en7e&ms=au%2Crdu&mv=m&mvi=3&pl=16&initcwndbps=623750&vprv=1&mime=video%2Fmp4&ns=9RrscxmFnFEc-b6N1JSysuYF&gir=yes&clen=9693391&ratebypass=yes&dur=185.132&lmt=1405511758304714&mt=1608711157&fvip=3&beids=9466586&c=WEB&n=BL5nVc4cP64MDtLK&sparams=expire%2Cei%2Cip%2Cid%2Citag%2Csource%2Crequiressl%2Cvprv%2Cmime%2Cns%2Cgir%2Cclen%2Cratebypass%2Cdur%2Clmt&sig=AOq0QJ8wRQIhANYnwcqzX7QG7fqxPgiXXIraMEa3mNKAURgbB85_ouu1AiANzQXi-1P4CVvgjUEubwxaA-uDV-czhbFVisS8ZgDAFw%3D%3D&lsparams=mh%2Cmm%2Cmn%2Cms%2Cmv%2Cmvi%2Cpl%2Cinitcwndbps&lsig=AG3C_xAwRQIgC0IqhQ46TXjKpt9-VH9bk8vbY8aT-jiRDdXgsISAHP0CIQDg35-wg5TuIIFKr4iMzmAFZvJtfWHNbrpbLCaWEIE7XQ%3D%3D", "player_url": null, "ext": "mp4", "width": 640, "height": 360, "acodec": "mp4a.40.2", "abr": 96, "vcodec": "avc1.42001E", "asr": 44100, "filesize": 9693391, "format_note": "360p", "fps": 25, "tbr": 419.173, "format": "18 - 640x360 (360p)", "protocol": "https", "http_headers": {"User-Agent": "Mozilla/5.0 (Windows NT 10.0; Win64; x64) AppleWebKit/537.36 (KHTML, like Gecko) Chrome/72.0.3626.18 Safari/537.36", "Accept-Charset": "ISO-8859-1,utf-8;q=0.7,*;q=0.7", "Accept": "text/html,application/xhtml+xml,application/xml;q=0.9,*/*;q=0.8", "Accept-Encoding": "gzip, deflate", "Accept-Language": "en-us,en;q=0.5"}}], "is_live": null, "start_time": null, "end_time": null, "series": null, "season_number": null, "episode_number": null, "track": null, "artist": null, "album": null, "release_date": null, "release_year": null, "extractor": "youtube", "webpage_url_basename": "watch", "extractor_key": "Youtube", "playlist": null, "playlist_index": null, "thumbnail": "https://i.ytimg.com/vi/r6laJv1-HMg/maxresdefault.jpg", "display_id": "r6laJv1-HMg", "requested_subtitles": null, "format_id": "251", "url": "https://r3---sn-5njj-u2xl.googlevideo.com/videoplayback?expire=1608733050&ei=Gv3iX7PKA8f8qAHO9YOIAg&ip=140.109.135.76&id=o-AJ9mkKo0qBXciJvbaBT4wVmePUHMwi2MZm6GjZAHpfYz&itag=251&source=youtube&requiressl=yes&mh=Fd&mm=31%2C29&mn=sn-5njj-u2xl%2Csn-un57en7e&ms=au%2Crdu&mv=m&mvi=3&pl=16&initcwndbps=623750&vprv=1&mime=audio%2Fwebm&ns=FWvg7yoIEND7k_xdcqjwLPEF&gir=yes&clen=3415577&dur=185.101&lmt=1563414279725275&mt=1608711157&fvip=3&keepalive=yes&beids=9466586&c=WEB&txp=5432432&n=BCVgPX6-7mySqrB-&sparams=expire%2Cei%2Cip%2Cid%2Citag%2Csource%2Crequiressl%2Cvprv%2Cmime%2Cns%2Cgir%2Cclen%2Cdur%2Clmt&sig=AOq0QJ8wRgIhAPfoG3joqUVQbTXf0TB2YC40oM27ScvGAivVpjPO9Ux9AiEAllceAgJ2M43hF6fUgQrqqo5HSHC5-sS9vZqgyQ6sikI%3D&lsparams=mh%2Cmm%2Cmn%2Cms%2Cmv%2Cmvi%2Cpl%2Cinitcwndbps&lsig=AG3C_xAwRQIgC0IqhQ46TXjKpt9-VH9bk8vbY8aT-jiRDdXgsISAHP0CIQDg35-wg5TuIIFKr4iMzmAFZvJtfWHNbrpbLCaWEIE7XQ%3D%3D&ratebypass=yes", "player_url": null, "ext": "webm", "format_note": "tiny", "acodec": "opus", "abr": 160, "asr": 48000, "filesize": 3415577, "fps": null, "height": null, "tbr": 154.676, "width": null, "vcodec": "none", "downloader_options": {"http_chunk_size": 10485760}, "format": "251 - audio only (tiny)", "protocol": "https", "http_headers": {"User-Agent": "Mozilla/5.0 (Windows NT 10.0; Win64; x64) AppleWebKit/537.36 (KHTML, like Gecko) Chrome/72.0.3626.18 Safari/537.36", "Accept-Charset": "ISO-8859-1,utf-8;q=0.7,*;q=0.7", "Accept": "text/html,application/xhtml+xml,application/xml;q=0.9,*/*;q=0.8", "Accept-Encoding": "gzip, deflate", "Accept-Language": "en-us,en;q=0.5"}}