{"id": "SQDuF0qxGQw", "uploader": "Costantino Carrara Music", "uploader_id": "kosta97piano", "uploader_url": "http://www.youtube.com/user/kosta97piano", "channel_id": "UCIvxmYZSfLNbtA4OPMHqKBw", "channel_url": "http://www.youtube.com/channel/UCIvxmYZSfLNbtA4OPMHqKBw", "upload_date": "20161123", "license": null, "creator": null, "title": "\"Love Me Now\" - John Legend (Piano Cover) - Costantino Carrara", "alt_title": null, "thumbnails": [{"url": "https://i.ytimg.com/vi/SQDuF0qxGQw/hqdefault.jpg?sqp=-oaymwEYCKgBEF5IVfKriqkDCwgBFQAAiEIYAXAB&rs=AOn4CLDfmU4mhyBPOv8C24a6qLupLhQkqg", "width": 168, "height": 94, "resolution": "168x94", "id": "0"}, {"url": "https://i.ytimg.com/vi/SQDuF0qxGQw/hqdefault.jpg?sqp=-oaymwEYCMQBEG5IVfKriqkDCwgBFQAAiEIYAXAB&rs=AOn4CLAQuvu8xnlmhdPFa-xjd54SnYKHQA", "width": 196, "height": 110, "resolution": "196x110", "id": "1"}, {"url": "https://i.ytimg.com/vi/SQDuF0qxGQw/hqdefault.jpg?sqp=-oaymwEZCPYBEIoBSFXyq4qpAwsIARUAAIhCGAFwAQ==&rs=AOn4CLC1oFf9bDN1uH21rABskOHUUp1NxA", "width": 246, "height": 138, "resolution": "246x138", "id": "2"}, {"url": "https://i.ytimg.com/vi/SQDuF0qxGQw/hqdefault.jpg?sqp=-oaymwEZCNACELwBSFXyq4qpAwsIARUAAIhCGAFwAQ==&rs=AOn4CLBXXYCrCugxRcEyzMum8tLa56AW7w", "width": 336, "height": 188, "resolution": "336x188", "id": "3"}, {"url": "https://i.ytimg.com/vi_webp/SQDuF0qxGQw/maxresdefault.webp", "width": 1920, "height": 1080, "resolution": "1920x1080", "id": "4"}], "description": "I hope you'll like my piano cover of \"Love Me Now\" by John Legend!\n\u266b Get the video tutorial: http://tinyurl.com/10costa-flowkey\n\u2718 Grab the Sheet Music: http://mnot.es/2kn61u3\n\u2718 Listen on Spotify: http://spoti.fi/1O1btaj\n\nThis is my first Patron-funded music video: I hope you'll like this super awesome amazing lighting setup! I've been able to afford it thanks to the support of my first 8 patrons: Yikai Cao, Sohan Mewada, Nuno Carvalho, Alan Mu\u00f1oz, Soniya Channa, Michel Breyer, Haavard Olsen.\nThank you guys, I hope that my patrons family will continue to grow and grow !\n\n\u266b Support me on Patreon: http://bit.ly/CostaPatreon\n\n\u266b Facebook - http://www.facebook.com/costantinopiano\n\u266b Instagram - http://instagram.com/costantinocarrara\n\u266b Twitter - https://twitter.com/kosta97piano\n\nCAN WE GET THIS VIDEO TO 5,000 LIKES?\n\n\u2704 WATCH MODEL Komono Winston Regal - http://bit.ly/KomonoCC\n\u2704 RING MODEL Lourd Matte Black - http://bit.ly/VitalyCC\n\n\u2718 Video credits: Davide Saponieri", "categories": ["Music"], "tags": ["costantino carrara", "piano cover", "love me now", "john legend", "darkness and light", "love me now piano", "john legend piano", "piano tutorial", "sheet music", "all of me"], "subtitles": {}, "automatic_captions": {}, "duration": 217, "age_limit": 0, "annotations": null, "chapters": null, "webpage_url": "https://www.youtube.com/watch?v=SQDuF0qxGQw", "view_count": 411441, "like_count": 6553, "dislike_count": 34, "average_rating": 4.9793534, "formats": [{"format_id": "249", "url": "https://r7---sn-5njj-u2xl.googlevideo.com/videoplayback?expire=1608733054&ei=Hv3iX6jvLoK2iga59pnwAw&ip=140.109.135.76&id=o-AE1nWp36XpJSAxbpBJVQFuphIvF-fvUYFqQUPenLJrme&itag=249&source=youtube&requiressl=yes&mh=i9&mm=31%2C29&mn=sn-5njj-u2xl%2Csn-un57en7s&ms=au%2Crdu&mv=m&mvi=7&pl=16&initcwndbps=623750&vprv=1&mime=audio%2Fwebm&ns=5QWELIAPYafWRDO2n5hXUtEF&gir=yes&clen=1599042&dur=217.361&lmt=1541841052554700&mt=1608711157&fvip=2&keepalive=yes&c=WEB&txp=5411222&n=mGdDBnK56fw3N8tl&sparams=expire%2Cei%2Cip%2Cid%2Citag%2Csource%2Crequiressl%2Cvprv%2Cmime%2Cns%2Cgir%2Cclen%2Cdur%2Clmt&lsparams=mh%2Cmm%2Cmn%2Cms%2Cmv%2Cmvi%2Cpl%2Cinitcwndbps&lsig=AG3C_xAwRQIgItTvUjWK7AHyMmAsqthC9reo3VPDSonVMp8MnVUp8A0CIQD-25BNGrhgfjaPjy5rtrNrhczoqaNd5bacTkdemUyLlw%3D%3D&sig=AOq0QJ8wRAIgF7XQl9N-tx0VJmWGPtOk9sMd8ppXJM2lSUTC2RXUiE0CID3fuTBpngiZgsUTLs2ejBfHLjeMnqdyKLVaR50qhwzj&ratebypass=yes", "player_url": "/s/player/5dd3f3b2/player_ias.vflset/en_US/base.js", "ext": "webm", "format_note": "tiny", "acodec": "opus", "abr": 50, "asr": 48000, "filesize": 1599042, "fps": null, "height": null, "tbr": 65.813, "width": null, "vcodec": "none", "downloader_options": {"http_chunk_size": 10485760}, "format": "249 - audio only (tiny)", "protocol": "https", "http_headers": {"User-Agent": "Mozilla/5.0 (Windows NT 10.0; Win64; x64) AppleWebKit/537.36 (KHTML, like Gecko) Chrome/72.0.3626.18 Safari/537.36", "Accept-Charset": "ISO-8859-1,utf-8;q=0.7,*;q=0.7", "Accept": "text/html,application/xhtml+xml,application/xml;q=0.9,*/*;q=0.8", "Accept-Encoding": "gzip, deflate", "Accept-Language": "en-us,en;q=0.5"}}, {"format_id": "250", "url": "https://r7---sn-5njj-u2xl.googlevideo.com/videoplayback?expire=1608733054&ei=Hv3iX6jvLoK2iga59pnwAw&ip=140.109.135.76&id=o-AE1nWp36XpJSAxbpBJVQFuphIvF-fvUYFqQUPenLJrme&itag=250&source=youtube&requiressl=yes&mh=i9&mm=31%2C29&mn=sn-5njj-u2xl%2Csn-un57en7s&ms=au%2Crdu&mv=m&mvi=7&pl=16&initcwndbps=623750&vprv=1&mime=audio%2Fwebm&ns=5QWELIAPYafWRDO2n5hXUtEF&gir=yes&clen=2144615&dur=217.361&lmt=1541841053007387&mt=1608711157&fvip=2&keepalive=yes&c=WEB&txp=5411222&n=mGdDBnK56fw3N8tl&sparams=expire%2Cei%2Cip%2Cid%2Citag%2Csource%2Crequiressl%2Cvprv%2Cmime%2Cns%2Cgir%2Cclen%2Cdur%2Clmt&lsparams=mh%2Cmm%2Cmn%2Cms%2Cmv%2Cmvi%2Cpl%2Cinitcwndbps&lsig=AG3C_xAwRQIhAPxEkS8QQxNurMnirXspzehYan4sTZtPrjRuNOGS5jO8AiBclHN9lqQ8fMpaZt1lhJhuZiPyQquMZjMexpTImN1j_g%3D%3D&sig=AOq0QJ8wRgIhAMFuYhB5uEmjWJlP_UydQWxEil5v-69doB-BY4Tb7f6QAiEA_9qVSHzU9EqoHSS5myEw2G3h134Rpu2HVDf-anEcGbo=&ratebypass=yes", "player_url": "/s/player/5dd3f3b2/player_ias.vflset/en_US/base.js", "ext": "webm", "format_note": "tiny", "acodec": "opus", "abr": 70, "asr": 48000, "filesize": 2144615, "fps": null, "height": null, "tbr": 86.839, "width": null, "vcodec": "none", "downloader_options": {"http_chunk_size": 10485760}, "format": "250 - audio only (tiny)", "protocol": "https", "http_headers": {"User-Agent": "Mozilla/5.0 (Windows NT 10.0; Win64; x64) AppleWebKit/537.36 (KHTML, like Gecko) Chrome/72.0.3626.18 Safari/537.36", "Accept-Charset": "ISO-8859-1,utf-8;q=0.7,*;q=0.7", "Accept": "text/html,application/xhtml+xml,application/xml;q=0.9,*/*;q=0.8", "Accept-Encoding": "gzip, deflate", "Accept-Language": "en-us,en;q=0.5"}}, {"format_id": "140", "url": "https://r7---sn-5njj-u2xl.googlevideo.com/videoplayback?expire=1608733054&ei=Hv3iX6jvLoK2iga59pnwAw&ip=140.109.135.76&id=o-AE1nWp36XpJSAxbpBJVQFuphIvF-fvUYFqQUPenLJrme&itag=140&source=youtube&requiressl=yes&mh=i9&mm=31%2C29&mn=sn-5njj-u2xl%2Csn-un57en7s&ms=au%2Crdu&mv=m&mvi=7&pl=16&initcwndbps=623750&vprv=1&mime=audio%2Fmp4&ns=5QWELIAPYafWRDO2n5hXUtEF&gir=yes&clen=3518827&dur=217.385&lmt=1607149200914946&mt=1608711157&fvip=2&keepalive=yes&c=WEB&txp=5411222&n=mGdDBnK56fw3N8tl&sparams=expire%2Cei%2Cip%2Cid%2Citag%2Csource%2Crequiressl%2Cvprv%2Cmime%2Cns%2Cgir%2Cclen%2Cdur%2Clmt&lsparams=mh%2Cmm%2Cmn%2Cms%2Cmv%2Cmvi%2Cpl%2Cinitcwndbps&lsig=AG3C_xAwRgIhAOWlh__7J2lyBWv4sI_naVlthnDv5DV3IYv7R28izXQbAiEAoLrsk_LmJ4EkbAP_dJImNfbq9edS2vUI3mfkF5yqyS4%3D&sig=AOq0QJ8wRQIgJtZ1NIKCKK0hDwdlQXRSeo8eiu0IpmlQmZZ8qDKaCJECIQCRsMmtQGVrLpSMGg7mf4QsWv5mdBoQIWVLBV-GpGYLDQ==&ratebypass=yes", "player_url": "/s/player/5dd3f3b2/player_ias.vflset/en_US/base.js", "ext": "m4a", "format_note": "tiny", "acodec": "mp4a.40.2", "abr": 128, "container": "m4a_dash", "asr": 44100, "filesize": 3518827, "fps": null, "height": null, "tbr": 130.576, "width": null, "vcodec": "none", "downloader_options": {"http_chunk_size": 10485760}, "format": "140 - audio only (tiny)", "protocol": "https", "http_headers": {"User-Agent": "Mozilla/5.0 (Windows NT 10.0; Win64; x64) AppleWebKit/537.36 (KHTML, like Gecko) Chrome/72.0.3626.18 Safari/537.36", "Accept-Charset": "ISO-8859-1,utf-8;q=0.7,*;q=0.7", "Accept": "text/html,application/xhtml+xml,application/xml;q=0.9,*/*;q=0.8", "Accept-Encoding": "gzip, deflate", "Accept-Language": "en-us,en;q=0.5"}}, {"format_id": "251", "url": "https://r7---sn-5njj-u2xl.googlevideo.com/videoplayback?expire=1608733054&ei=Hv3iX6jvLoK2iga59pnwAw&ip=140.109.135.76&id=o-AE1nWp36XpJSAxbpBJVQFuphIvF-fvUYFqQUPenLJrme&itag=251&source=youtube&requiressl=yes&mh=i9&mm=31%2C29&mn=sn-5njj-u2xl%2Csn-un57en7s&ms=au%2Crdu&mv=m&mvi=7&pl=16&initcwndbps=623750&vprv=1&mime=audio%2Fwebm&ns=5QWELIAPYafWRDO2n5hXUtEF&gir=yes&clen=4129966&dur=217.361&lmt=1541841052607601&mt=1608711157&fvip=2&keepalive=yes&c=WEB&txp=5411222&n=mGdDBnK56fw3N8tl&sparams=expire%2Cei%2Cip%2Cid%2Citag%2Csource%2Crequiressl%2Cvprv%2Cmime%2Cns%2Cgir%2Cclen%2Cdur%2Clmt&lsparams=mh%2Cmm%2Cmn%2Cms%2Cmv%2Cmvi%2Cpl%2Cinitcwndbps&lsig=AG3C_xAwRQIgHzVu-GLCZ1hT4by4ihTVd7zE-6oM1WTmE6x_q6HXvPACIQCM1X9Rg-MMhK6YdPCPohKJBasTpcprVDRU7Lp-UzVejQ%3D%3D&sig=AOq0QJ8wRQIgPUUdtqR5qZonJsB2tRaXfSa4JbgZfSavOMD_OPgUUdcCIQDOqHKrJTHekMw_255EjucQyy-P0IHN3aZzQVnAwCqQEA==&ratebypass=yes", "player_url": "/s/player/5dd3f3b2/player_ias.vflset/en_US/base.js", "ext": "webm", "format_note": "tiny", "acodec": "opus", "abr": 160, "asr": 48000, "filesize": 4129966, "fps": null, "height": null, "tbr": 163.3, "width": null, "vcodec": "none", "downloader_options": {"http_chunk_size": 10485760}, "format": "251 - audio only (tiny)", "protocol": "https", "http_headers": {"User-Agent": "Mozilla/5.0 (Windows NT 10.0; Win64; x64) AppleWebKit/537.36 (KHTML, like Gecko) Chrome/72.0.3626.18 Safari/537.36", "Accept-Charset": "ISO-8859-1,utf-8;q=0.7,*;q=0.7", "Accept": "text/html,application/xhtml+xml,application/xml;q=0.9,*/*;q=0.8", "Accept-Encoding": "gzip, deflate", "Accept-Language": "en-us,en;q=0.5"}}, {"format_id": "278", "url": "https://r7---sn-5njj-u2xl.googlevideo.com/videoplayback?expire=1608733054&ei=Hv3iX6jvLoK2iga59pnwAw&ip=140.109.135.76&id=o-AE1nWp36XpJSAxbpBJVQFuphIvF-fvUYFqQUPenLJrme&itag=278&aitags=133%2C134%2C135%2C136%2C137%2C160%2C242%2C243%2C244%2C247%2C248%2C271%2C278%2C313&source=youtube&requiressl=yes&mh=i9&mm=31%2C29&mn=sn-5njj-u2xl%2Csn-un57en7s&ms=au%2Crdu&mv=m&mvi=7&pl=16&initcwndbps=623750&vprv=1&mime=video%2Fwebm&ns=5QWELIAPYafWRDO2n5hXUtEF&gir=yes&clen=2405881&dur=217.333&lmt=1541839825923849&mt=1608711157&fvip=2&keepalive=yes&c=WEB&txp=5432432&n=mGdDBnK56fw3N8tl&sparams=expire%2Cei%2Cip%2Cid%2Caitags%2Csource%2Crequiressl%2Cvprv%2Cmime%2Cns%2Cgir%2Cclen%2Cdur%2Clmt&lsparams=mh%2Cmm%2Cmn%2Cms%2Cmv%2Cmvi%2Cpl%2Cinitcwndbps&lsig=AG3C_xAwRQIhAJhYeauqDJtJSz-i6pkq5IDnhzpn0WZEOI1T5gocbAU0AiA_eyxSCguJGzLo_dFd1-0cYYoGCFKIqTBFsFa0l2eXhQ%3D%3D&sig=AOq0QJ8wRQIhALOgP8kE1rZk54Jm53LvnOrcLJC449SCjsNfFbbRMB_JAiB9REVLdAW8pyRmJaqLoCG0xFayMtb8sCTL3y6J0Cj7gA==&ratebypass=yes", "player_url": "/s/player/5dd3f3b2/player_ias.vflset/en_US/base.js", "ext": "webm", "height": 144, "format_note": "144p", "container": "webm", "vcodec": "vp9", "asr": null, "filesize": 2405881, "fps": 24, "tbr": 101.442, "width": 256, "acodec": "none", "downloader_options": {"http_chunk_size": 10485760}, "format": "278 - 256x144 (144p)", "protocol": "https", "http_headers": {"User-Agent": "Mozilla/5.0 (Windows NT 10.0; Win64; x64) AppleWebKit/537.36 (KHTML, like Gecko) Chrome/72.0.3626.18 Safari/537.36", "Accept-Charset": "ISO-8859-1,utf-8;q=0.7,*;q=0.7", "Accept": "text/html,application/xhtml+xml,application/xml;q=0.9,*/*;q=0.8", "Accept-Encoding": "gzip, deflate", "Accept-Language": "en-us,en;q=0.5"}}, {"format_id": "160", "url": "https://r7---sn-5njj-u2xl.googlevideo.com/videoplayback?expire=1608733054&ei=Hv3iX6jvLoK2iga59pnwAw&ip=140.109.135.76&id=o-AE1nWp36XpJSAxbpBJVQFuphIvF-fvUYFqQUPenLJrme&itag=160&aitags=133%2C134%2C135%2C136%2C137%2C160%2C242%2C243%2C244%2C247%2C248%2C271%2C278%2C313&source=youtube&requiressl=yes&mh=i9&mm=31%2C29&mn=sn-5njj-u2xl%2Csn-un57en7s&ms=au%2Crdu&mv=m&mvi=7&pl=16&initcwndbps=623750&vprv=1&mime=video%2Fmp4&ns=5QWELIAPYafWRDO2n5hXUtEF&gir=yes&clen=2585951&dur=217.333&lmt=1607149468240711&mt=1608711157&fvip=2&keepalive=yes&c=WEB&txp=5411222&n=mGdDBnK56fw3N8tl&sparams=expire%2Cei%2Cip%2Cid%2Caitags%2Csource%2Crequiressl%2Cvprv%2Cmime%2Cns%2Cgir%2Cclen%2Cdur%2Clmt&lsparams=mh%2Cmm%2Cmn%2Cms%2Cmv%2Cmvi%2Cpl%2Cinitcwndbps&lsig=AG3C_xAwRQIgDT1ZiFwhpG_w8DEFWCHp55mz5pX2Ke_AlJTuzmg1QTICIQD62kB0AkzeKc7xFvjcE5SucP95G9q7J2i_X7AZe268zA%3D%3D&sig=AOq0QJ8wRQIgOgs_lmN9q2gMp-bXsbEiu6yhfcaF-Yf0-Kts6nxlgfwCIQD0hWbm7coSlTBSTWvsXZbsbwZkBKWGscvQz1m8NuX_pQ==&ratebypass=yes", "player_url": "/s/player/5dd3f3b2/player_ias.vflset/en_US/base.js", "ext": "mp4", "height": 144, "format_note": "144p", "vcodec": "avc1.4d400c", "asr": null, "filesize": 2585951, "fps": 24, "tbr": 112.9, "width": 256, "acodec": "none", "downloader_options": {"http_chunk_size": 10485760}, "format": "160 - 256x144 (144p)", "protocol": "https", "http_headers": {"User-Agent": "Mozilla/5.0 (Windows NT 10.0; Win64; x64) AppleWebKit/537.36 (KHTML, like Gecko) Chrome/72.0.3626.18 Safari/537.36", "Accept-Charset": "ISO-8859-1,utf-8;q=0.7,*;q=0.7", "Accept": "text/html,application/xhtml+xml,application/xml;q=0.9,*/*;q=0.8", "Accept-Encoding": "gzip, deflate", "Accept-Language": "en-us,en;q=0.5"}}, {"format_id": "242", "url": "https://r7---sn-5njj-u2xl.googlevideo.com/videoplayback?expire=1608733054&ei=Hv3iX6jvLoK2iga59pnwAw&ip=140.109.135.76&id=o-AE1nWp36XpJSAxbpBJVQFuphIvF-fvUYFqQUPenLJrme&itag=242&aitags=133%2C134%2C135%2C136%2C137%2C160%2C242%2C243%2C244%2C247%2C248%2C271%2C278%2C313&source=youtube&requiressl=yes&mh=i9&mm=31%2C29&mn=sn-5njj-u2xl%2Csn-un57en7s&ms=au%2Crdu&mv=m&mvi=7&pl=16&initcwndbps=623750&vprv=1&mime=video%2Fwebm&ns=5QWELIAPYafWRDO2n5hXUtEF&gir=yes&clen=5163646&dur=217.333&lmt=1541839825903583&mt=1608711157&fvip=2&keepalive=yes&c=WEB&txp=5432432&n=mGdDBnK56fw3N8tl&sparams=expire%2Cei%2Cip%2Cid%2Caitags%2Csource%2Crequiressl%2Cvprv%2Cmime%2Cns%2Cgir%2Cclen%2Cdur%2Clmt&lsparams=mh%2Cmm%2Cmn%2Cms%2Cmv%2Cmvi%2Cpl%2Cinitcwndbps&lsig=AG3C_xAwRQIgWTNPaLRTj-WkeMGAWtV684mpF6lStrT1z9o67org0osCIQCOPLggKBMl_VuAt-7d-ORf52fN5DTHu3z3g2Gg99q5PQ%3D%3D&sig=AOq0QJ8wRQIgDyCFH53bDVYfzpB1ut11-m_5rTBnwKzyp2IUwGxngvcCIQCC_OVLVXvw7FS3TbxQjJS5p9Sh3ImiUyQTfbwHjJociw==&ratebypass=yes", "player_url": "/s/player/5dd3f3b2/player_ias.vflset/en_US/base.js", "ext": "webm", "height": 240, "format_note": "240p", "vcodec": "vp9", "asr": null, "filesize": 5163646, "fps": 24, "tbr": 225.087, "width": 426, "acodec": "none", "downloader_options": {"http_chunk_size": 10485760}, "format": "242 - 426x240 (240p)", "protocol": "https", "http_headers": {"User-Agent": "Mozilla/5.0 (Windows NT 10.0; Win64; x64) AppleWebKit/537.36 (KHTML, like Gecko) Chrome/72.0.3626.18 Safari/537.36", "Accept-Charset": "ISO-8859-1,utf-8;q=0.7,*;q=0.7", "Accept": "text/html,application/xhtml+xml,application/xml;q=0.9,*/*;q=0.8", "Accept-Encoding": "gzip, deflate", "Accept-Language": "en-us,en;q=0.5"}}, {"format_id": "133", "url": "https://r7---sn-5njj-u2xl.googlevideo.com/videoplayback?expire=1608733054&ei=Hv3iX6jvLoK2iga59pnwAw&ip=140.109.135.76&id=o-AE1nWp36XpJSAxbpBJVQFuphIvF-fvUYFqQUPenLJrme&itag=133&aitags=133%2C134%2C135%2C136%2C137%2C160%2C242%2C243%2C244%2C247%2C248%2C271%2C278%2C313&source=youtube&requiressl=yes&mh=i9&mm=31%2C29&mn=sn-5njj-u2xl%2Csn-un57en7s&ms=au%2Crdu&mv=m&mvi=7&pl=16&initcwndbps=623750&vprv=1&mime=video%2Fmp4&ns=5QWELIAPYafWRDO2n5hXUtEF&gir=yes&clen=5822596&dur=217.333&lmt=1607149468232189&mt=1608711157&fvip=2&keepalive=yes&c=WEB&txp=5411222&n=mGdDBnK56fw3N8tl&sparams=expire%2Cei%2Cip%2Cid%2Caitags%2Csource%2Crequiressl%2Cvprv%2Cmime%2Cns%2Cgir%2Cclen%2Cdur%2Clmt&lsparams=mh%2Cmm%2Cmn%2Cms%2Cmv%2Cmvi%2Cpl%2Cinitcwndbps&lsig=AG3C_xAwRQIgUs1F5bz7FDl-8tREYZwB5PDFIrAk78n3k08C2FjnMmACIQCvK6iGlJBCd3j7B8NDBvGdQsDT54j4KnFXDVJq9vM8Lg%3D%3D&sig=AOq0QJ8wRgIhAJLlssKwf8McZMCAMajzl8zEPOCpmHWTz4CUQvO3VQGqAiEA30gyMDTis2RpjXx3zKiuKT5vpvd0FFZQ3Ywi_wmVu2A=&ratebypass=yes", "player_url": "/s/player/5dd3f3b2/player_ias.vflset/en_US/base.js", "ext": "mp4", "height": 240, "format_note": "240p", "vcodec": "avc1.4d4015", "asr": null, "filesize": 5822596, "fps": 24, "tbr": 253.953, "width": 426, "acodec": "none", "downloader_options": {"http_chunk_size": 10485760}, "format": "133 - 426x240 (240p)", "protocol": "https", "http_headers": {"User-Agent": "Mozilla/5.0 (Windows NT 10.0; Win64; x64) AppleWebKit/537.36 (KHTML, like Gecko) Chrome/72.0.3626.18 Safari/537.36", "Accept-Charset": "ISO-8859-1,utf-8;q=0.7,*;q=0.7", "Accept": "text/html,application/xhtml+xml,application/xml;q=0.9,*/*;q=0.8", "Accept-Encoding": "gzip, deflate", "Accept-Language": "en-us,en;q=0.5"}}, {"format_id": "243", "url": "https://r7---sn-5njj-u2xl.googlevideo.com/videoplayback?expire=1608733054&ei=Hv3iX6jvLoK2iga59pnwAw&ip=140.109.135.76&id=o-AE1nWp36XpJSAxbpBJVQFuphIvF-fvUYFqQUPenLJrme&itag=243&aitags=133%2C134%2C135%2C136%2C137%2C160%2C242%2C243%2C244%2C247%2C248%2C271%2C278%2C313&source=youtube&requiressl=yes&mh=i9&mm=31%2C29&mn=sn-5njj-u2xl%2Csn-un57en7s&ms=au%2Crdu&mv=m&mvi=7&pl=16&initcwndbps=623750&vprv=1&mime=video%2Fwebm&ns=5QWELIAPYafWRDO2n5hXUtEF&gir=yes&clen=9765526&dur=217.333&lmt=1541839825883438&mt=1608711157&fvip=2&keepalive=yes&c=WEB&txp=5432432&n=mGdDBnK56fw3N8tl&sparams=expire%2Cei%2Cip%2Cid%2Caitags%2Csource%2Crequiressl%2Cvprv%2Cmime%2Cns%2Cgir%2Cclen%2Cdur%2Clmt&lsparams=mh%2Cmm%2Cmn%2Cms%2Cmv%2Cmvi%2Cpl%2Cinitcwndbps&lsig=AG3C_xAwRAIgAxYEiWNmSA2_SyC4GqNRqW0H0opg_po0vDseq_tXpFUCIAw-LM4vavb-we_E8huBL0kQC2ch9xwMbUZipKUQ-42T&sig=AOq0QJ8wRgIhALKUMrkEaMjlWT0zyJj-pvOKQlOttTUiZEr9P8N8wggpAiEA2LAI45YeRMXJQ9AIquUtS0PAAzCBIiCWcnjjJhexzLQ=&ratebypass=yes", "player_url": "/s/player/5dd3f3b2/player_ias.vflset/en_US/base.js", "ext": "webm", "height": 360, "format_note": "360p", "vcodec": "vp9", "asr": null, "filesize": 9765526, "fps": 24, "tbr": 414.541, "width": 640, "acodec": "none", "downloader_options": {"http_chunk_size": 10485760}, "format": "243 - 640x360 (360p)", "protocol": "https", "http_headers": {"User-Agent": "Mozilla/5.0 (Windows NT 10.0; Win64; x64) AppleWebKit/537.36 (KHTML, like Gecko) Chrome/72.0.3626.18 Safari/537.36", "Accept-Charset": "ISO-8859-1,utf-8;q=0.7,*;q=0.7", "Accept": "text/html,application/xhtml+xml,application/xml;q=0.9,*/*;q=0.8", "Accept-Encoding": "gzip, deflate", "Accept-Language": "en-us,en;q=0.5"}}, {"format_id": "134", "url": "https://r7---sn-5njj-u2xl.googlevideo.com/videoplayback?expire=1608733054&ei=Hv3iX6jvLoK2iga59pnwAw&ip=140.109.135.76&id=o-AE1nWp36XpJSAxbpBJVQFuphIvF-fvUYFqQUPenLJrme&itag=134&aitags=133%2C134%2C135%2C136%2C137%2C160%2C242%2C243%2C244%2C247%2C248%2C271%2C278%2C313&source=youtube&requiressl=yes&mh=i9&mm=31%2C29&mn=sn-5njj-u2xl%2Csn-un57en7s&ms=au%2Crdu&mv=m&mvi=7&pl=16&initcwndbps=623750&vprv=1&mime=video%2Fmp4&ns=5QWELIAPYafWRDO2n5hXUtEF&gir=yes&clen=10683956&dur=217.333&lmt=1607149468241301&mt=1608711157&fvip=2&keepalive=yes&c=WEB&txp=5411222&n=mGdDBnK56fw3N8tl&sparams=expire%2Cei%2Cip%2Cid%2Caitags%2Csource%2Crequiressl%2Cvprv%2Cmime%2Cns%2Cgir%2Cclen%2Cdur%2Clmt&lsparams=mh%2Cmm%2Cmn%2Cms%2Cmv%2Cmvi%2Cpl%2Cinitcwndbps&lsig=AG3C_xAwRQIhAN-GIcGjHiuEuuhSDnP0Cg_kGsqCFjUfgp9IemAsSYbpAiBNuAWprNDFBVezdPe7nt8S4_RNOOVhseGtQiq3QQjufQ%3D%3D&sig=AOq0QJ8wRAIgE_5G38_C0PIskjA0UO83l0GghlZaAMfAeGl908vY4NwCIEJXctghJLEl2dltHY1PnyJZL2pW2zkgkBF7zdJqxs9A&ratebypass=yes", "player_url": "/s/player/5dd3f3b2/player_ias.vflset/en_US/base.js", "ext": "mp4", "height": 360, "format_note": "360p", "vcodec": "avc1.4d401e", "asr": null, "filesize": 10683956, "fps": 24, "tbr": 595.13, "width": 640, "acodec": "none", "downloader_options": {"http_chunk_size": 10485760}, "format": "134 - 640x360 (360p)", "protocol": "https", "http_headers": {"User-Agent": "Mozilla/5.0 (Windows NT 10.0; Win64; x64) AppleWebKit/537.36 (KHTML, like Gecko) Chrome/72.0.3626.18 Safari/537.36", "Accept-Charset": "ISO-8859-1,utf-8;q=0.7,*;q=0.7", "Accept": "text/html,application/xhtml+xml,application/xml;q=0.9,*/*;q=0.8", "Accept-Encoding": "gzip, deflate", "Accept-Language": "en-us,en;q=0.5"}}, {"format_id": "244", "url": "https://r7---sn-5njj-u2xl.googlevideo.com/videoplayback?expire=1608733054&ei=Hv3iX6jvLoK2iga59pnwAw&ip=140.109.135.76&id=o-AE1nWp36XpJSAxbpBJVQFuphIvF-fvUYFqQUPenLJrme&itag=244&aitags=133%2C134%2C135%2C136%2C137%2C160%2C242%2C243%2C244%2C247%2C248%2C271%2C278%2C313&source=youtube&requiressl=yes&mh=i9&mm=31%2C29&mn=sn-5njj-u2xl%2Csn-un57en7s&ms=au%2Crdu&mv=m&mvi=7&pl=16&initcwndbps=623750&vprv=1&mime=video%2Fwebm&ns=5QWELIAPYafWRDO2n5hXUtEF&gir=yes&clen=17820313&dur=217.333&lmt=1541839825961147&mt=1608711157&fvip=2&keepalive=yes&c=WEB&txp=5432432&n=mGdDBnK56fw3N8tl&sparams=expire%2Cei%2Cip%2Cid%2Caitags%2Csource%2Crequiressl%2Cvprv%2Cmime%2Cns%2Cgir%2Cclen%2Cdur%2Clmt&lsparams=mh%2Cmm%2Cmn%2Cms%2Cmv%2Cmvi%2Cpl%2Cinitcwndbps&lsig=AG3C_xAwRQIge0Zj04III1elTdgGh4wYn5XwFIOITol71gcrQD5cuLUCIQDLr5mcCpQNmo0OZWncapOhcETIYvsfO0xPEQG74TkLKw%3D%3D&sig=AOq0QJ8wRQIgPrCTGGYIltXWRu8vWx-n4Q3OFluu21HdP53pRhlKvNACIQC2HNjhMeUlT3gs3QCqQO0uRiYDsBt1m5O06v5LBDUxIg==&ratebypass=yes", "player_url": "/s/player/5dd3f3b2/player_ias.vflset/en_US/base.js", "ext": "webm", "height": 480, "format_note": "480p", "vcodec": "vp9", "asr": null, "filesize": 17820313, "fps": 24, "tbr": 773.945, "width": 854, "acodec": "none", "downloader_options": {"http_chunk_size": 10485760}, "format": "244 - 854x480 (480p)", "protocol": "https", "http_headers": {"User-Agent": "Mozilla/5.0 (Windows NT 10.0; Win64; x64) AppleWebKit/537.36 (KHTML, like Gecko) Chrome/72.0.3626.18 Safari/537.36", "Accept-Charset": "ISO-8859-1,utf-8;q=0.7,*;q=0.7", "Accept": "text/html,application/xhtml+xml,application/xml;q=0.9,*/*;q=0.8", "Accept-Encoding": "gzip, deflate", "Accept-Language": "en-us,en;q=0.5"}}, {"format_id": "135", "url": "https://r7---sn-5njj-u2xl.googlevideo.com/videoplayback?expire=1608733054&ei=Hv3iX6jvLoK2iga59pnwAw&ip=140.109.135.76&id=o-AE1nWp36XpJSAxbpBJVQFuphIvF-fvUYFqQUPenLJrme&itag=135&aitags=133%2C134%2C135%2C136%2C137%2C160%2C242%2C243%2C244%2C247%2C248%2C271%2C278%2C313&source=youtube&requiressl=yes&mh=i9&mm=31%2C29&mn=sn-5njj-u2xl%2Csn-un57en7s&ms=au%2Crdu&mv=m&mvi=7&pl=16&initcwndbps=623750&vprv=1&mime=video%2Fmp4&ns=5QWELIAPYafWRDO2n5hXUtEF&gir=yes&clen=22439165&dur=217.333&lmt=1607149468233479&mt=1608711157&fvip=2&keepalive=yes&c=WEB&txp=5411222&n=mGdDBnK56fw3N8tl&sparams=expire%2Cei%2Cip%2Cid%2Caitags%2Csource%2Crequiressl%2Cvprv%2Cmime%2Cns%2Cgir%2Cclen%2Cdur%2Clmt&lsparams=mh%2Cmm%2Cmn%2Cms%2Cmv%2Cmvi%2Cpl%2Cinitcwndbps&lsig=AG3C_xAwRQIhAMNvcI_VRqRh0uIDMz8LK3OiX7dgEwpC5ObBT57JyUBEAiBizcemw8SCNA2FbyxZYlUVxIKap5vOH8NVCM8q7D4qGg%3D%3D&sig=AOq0QJ8wRQIgJWhGmtH9ElF2s45Y5CvyvSaq7GkKW8ElIvXQM8Nb_80CIQDFMf9K-LsES6uGMNXsf91fBrop5LSKd3G-PwEjEQS-Pg==&ratebypass=yes", "player_url": "/s/player/5dd3f3b2/player_ias.vflset/en_US/base.js", "ext": "mp4", "height": 480, "format_note": "480p", "vcodec": "avc1.4d401e", "asr": null, "filesize": 22439165, "fps": 24, "tbr": 1169.309, "width": 854, "acodec": "none", "downloader_options": {"http_chunk_size": 10485760}, "format": "135 - 854x480 (480p)", "protocol": "https", "http_headers": {"User-Agent": "Mozilla/5.0 (Windows NT 10.0; Win64; x64) AppleWebKit/537.36 (KHTML, like Gecko) Chrome/72.0.3626.18 Safari/537.36", "Accept-Charset": "ISO-8859-1,utf-8;q=0.7,*;q=0.7", "Accept": "text/html,application/xhtml+xml,application/xml;q=0.9,*/*;q=0.8", "Accept-Encoding": "gzip, deflate", "Accept-Language": "en-us,en;q=0.5"}}, {"format_id": "247", "url": "https://r7---sn-5njj-u2xl.googlevideo.com/videoplayback?expire=1608733054&ei=Hv3iX6jvLoK2iga59pnwAw&ip=140.109.135.76&id=o-AE1nWp36XpJSAxbpBJVQFuphIvF-fvUYFqQUPenLJrme&itag=247&aitags=133%2C134%2C135%2C136%2C137%2C160%2C242%2C243%2C244%2C247%2C248%2C271%2C278%2C313&source=youtube&requiressl=yes&mh=i9&mm=31%2C29&mn=sn-5njj-u2xl%2Csn-un57en7s&ms=au%2Crdu&mv=m&mvi=7&pl=16&initcwndbps=623750&vprv=1&mime=video%2Fwebm&ns=5QWELIAPYafWRDO2n5hXUtEF&gir=yes&clen=36304385&dur=217.333&lmt=1541839825893702&mt=1608711157&fvip=2&keepalive=yes&c=WEB&txp=5432432&n=mGdDBnK56fw3N8tl&sparams=expire%2Cei%2Cip%2Cid%2Caitags%2Csource%2Crequiressl%2Cvprv%2Cmime%2Cns%2Cgir%2Cclen%2Cdur%2Clmt&lsparams=mh%2Cmm%2Cmn%2Cms%2Cmv%2Cmvi%2Cpl%2Cinitcwndbps&lsig=AG3C_xAwRgIhAPnuZ-r7lEMJwaRxNzNDUY2-CugGhImmNdEYgkRXjpPSAiEAgMpdMcul06q-EaS-ngzX-5jJg5DkpCpaemIURQX1au0%3D&sig=AOq0QJ8wRgIhAP0fmhhlPVHDqEDFMnF7k6bxj-yoKuxFaP0ItyQRiBp1AiEApBq45q-XQ4OS4MuFjkXGIrJjMjNjfyl2Q9LO4LKFcYU=&ratebypass=yes", "player_url": "/s/player/5dd3f3b2/player_ias.vflset/en_US/base.js", "ext": "webm", "height": 720, "format_note": "720p", "vcodec": "vp9", "asr": null, "filesize": 36304385, "fps": 24, "tbr": 1515.287, "width": 1280, "acodec": "none", "downloader_options": {"http_chunk_size": 10485760}, "format": "247 - 1280x720 (720p)", "protocol": "https", "http_headers": {"User-Agent": "Mozilla/5.0 (Windows NT 10.0; Win64; x64) AppleWebKit/537.36 (KHTML, like Gecko) Chrome/72.0.3626.18 Safari/537.36", "Accept-Charset": "ISO-8859-1,utf-8;q=0.7,*;q=0.7", "Accept": "text/html,application/xhtml+xml,application/xml;q=0.9,*/*;q=0.8", "Accept-Encoding": "gzip, deflate", "Accept-Language": "en-us,en;q=0.5"}}, {"format_id": "136", "url": "https://r7---sn-5njj-u2xl.googlevideo.com/videoplayback?expire=1608733054&ei=Hv3iX6jvLoK2iga59pnwAw&ip=140.109.135.76&id=o-AE1nWp36XpJSAxbpBJVQFuphIvF-fvUYFqQUPenLJrme&itag=136&aitags=133%2C134%2C135%2C136%2C137%2C160%2C242%2C243%2C244%2C247%2C248%2C271%2C278%2C313&source=youtube&requiressl=yes&mh=i9&mm=31%2C29&mn=sn-5njj-u2xl%2Csn-un57en7s&ms=au%2Crdu&mv=m&mvi=7&pl=16&initcwndbps=623750&vprv=1&mime=video%2Fmp4&ns=5QWELIAPYafWRDO2n5hXUtEF&gir=yes&clen=44008658&dur=217.333&lmt=1607149468240900&mt=1608711157&fvip=2&keepalive=yes&c=WEB&txp=5411222&n=mGdDBnK56fw3N8tl&sparams=expire%2Cei%2Cip%2Cid%2Caitags%2Csource%2Crequiressl%2Cvprv%2Cmime%2Cns%2Cgir%2Cclen%2Cdur%2Clmt&lsparams=mh%2Cmm%2Cmn%2Cms%2Cmv%2Cmvi%2Cpl%2Cinitcwndbps&lsig=AG3C_xAwRgIhAKVxPNn4d95uKm1g02PvpvPXWhnePTSebmYlkh6smVRjAiEA7nGaCqmrD3QqWE3qF2vfJt2DxwpJOkgFl0NeZNqRAFc%3D&sig=AOq0QJ8wRAIgR_jhr2SH4V0U3AI8zaUgpnBl2u4hR-_qQpkCm21ULkwCIBXAYmbtQPMbpFXAl9oGZ9onQhoD9qpgcED8SV65z-VL&ratebypass=yes", "player_url": "/s/player/5dd3f3b2/player_ias.vflset/en_US/base.js", "ext": "mp4", "height": 720, "format_note": "720p", "vcodec": "avc1.4d401f", "asr": null, "filesize": 44008658, "fps": 24, "tbr": 2316.278, "width": 1280, "acodec": "none", "downloader_options": {"http_chunk_size": 10485760}, "format": "136 - 1280x720 (720p)", "protocol": "https", "http_headers": {"User-Agent": "Mozilla/5.0 (Windows NT 10.0; Win64; x64) AppleWebKit/537.36 (KHTML, like Gecko) Chrome/72.0.3626.18 Safari/537.36", "Accept-Charset": "ISO-8859-1,utf-8;q=0.7,*;q=0.7", "Accept": "text/html,application/xhtml+xml,application/xml;q=0.9,*/*;q=0.8", "Accept-Encoding": "gzip, deflate", "Accept-Language": "en-us,en;q=0.5"}}, {"format_id": "248", "url": "https://r7---sn-5njj-u2xl.googlevideo.com/videoplayback?expire=1608733054&ei=Hv3iX6jvLoK2iga59pnwAw&ip=140.109.135.76&id=o-AE1nWp36XpJSAxbpBJVQFuphIvF-fvUYFqQUPenLJrme&itag=248&aitags=133%2C134%2C135%2C136%2C137%2C160%2C242%2C243%2C244%2C247%2C248%2C271%2C278%2C313&source=youtube&requiressl=yes&mh=i9&mm=31%2C29&mn=sn-5njj-u2xl%2Csn-un57en7s&ms=au%2Crdu&mv=m&mvi=7&pl=16&initcwndbps=623750&vprv=1&mime=video%2Fwebm&ns=5QWELIAPYafWRDO2n5hXUtEF&gir=yes&clen=64174493&dur=217.333&lmt=1541839640909558&mt=1608711157&fvip=2&keepalive=yes&c=WEB&txp=5432432&n=mGdDBnK56fw3N8tl&sparams=expire%2Cei%2Cip%2Cid%2Caitags%2Csource%2Crequiressl%2Cvprv%2Cmime%2Cns%2Cgir%2Cclen%2Cdur%2Clmt&lsparams=mh%2Cmm%2Cmn%2Cms%2Cmv%2Cmvi%2Cpl%2Cinitcwndbps&lsig=AG3C_xAwRQIgVrYfCg3aObwLWBCPFGcluOaDi57jNOjVVJEia6hB6N0CIQDFGltAhZYJIHXxp4f9V_gMPNQWdMOzg9inLARJrLFRTw%3D%3D&sig=AOq0QJ8wRQIhAJYtyiK7KGXdYHALcANgqWhtxRyiMKV2UuW2QifJ6TmjAiBAgC0Dwq8zClWPd7vePkUJnu3epNl5IHyw366EQ81d3Q==&ratebypass=yes", "player_url": "/s/player/5dd3f3b2/player_ias.vflset/en_US/base.js", "ext": "webm", "height": 1080, "format_note": "1080p", "vcodec": "vp9", "asr": null, "filesize": 64174493, "fps": 24, "tbr": 2659.43, "width": 1920, "acodec": "none", "downloader_options": {"http_chunk_size": 10485760}, "format": "248 - 1920x1080 (1080p)", "protocol": "https", "http_headers": {"User-Agent": "Mozilla/5.0 (Windows NT 10.0; Win64; x64) AppleWebKit/537.36 (KHTML, like Gecko) Chrome/72.0.3626.18 Safari/537.36", "Accept-Charset": "ISO-8859-1,utf-8;q=0.7,*;q=0.7", "Accept": "text/html,application/xhtml+xml,application/xml;q=0.9,*/*;q=0.8", "Accept-Encoding": "gzip, deflate", "Accept-Language": "en-us,en;q=0.5"}}, {"format_id": "137", "url": "https://r7---sn-5njj-u2xl.googlevideo.com/videoplayback?expire=1608733054&ei=Hv3iX6jvLoK2iga59pnwAw&ip=140.109.135.76&id=o-AE1nWp36XpJSAxbpBJVQFuphIvF-fvUYFqQUPenLJrme&itag=137&aitags=133%2C134%2C135%2C136%2C137%2C160%2C242%2C243%2C244%2C247%2C248%2C271%2C278%2C313&source=youtube&requiressl=yes&mh=i9&mm=31%2C29&mn=sn-5njj-u2xl%2Csn-un57en7s&ms=au%2Crdu&mv=m&mvi=7&pl=16&initcwndbps=623750&vprv=1&mime=video%2Fmp4&ns=5QWELIAPYafWRDO2n5hXUtEF&gir=yes&clen=86042364&dur=217.333&lmt=1607149651446649&mt=1608711157&fvip=2&keepalive=yes&c=WEB&txp=5411222&n=mGdDBnK56fw3N8tl&sparams=expire%2Cei%2Cip%2Cid%2Caitags%2Csource%2Crequiressl%2Cvprv%2Cmime%2Cns%2Cgir%2Cclen%2Cdur%2Clmt&lsparams=mh%2Cmm%2Cmn%2Cms%2Cmv%2Cmvi%2Cpl%2Cinitcwndbps&lsig=AG3C_xAwRAIgAwtCILoy1n4y8sqMD5YrP24LUrb4tYtgTNbNlWXXZ1cCIH-UQRKpMp98uAv8VO4K2AEGzo4UvFCLJQ4mVSJKvnaa&sig=AOq0QJ8wRAIgOOeGm6SQSUyb5rYsPENDqky-JFfve74GOyfXMfw7pXYCICeZXm2FWAjQu0TxrBG6ZZKsF6utHFghkSH_umepRfH4&ratebypass=yes", "player_url": "/s/player/5dd3f3b2/player_ias.vflset/en_US/base.js", "ext": "mp4", "height": 1080, "format_note": "1080p", "vcodec": "avc1.640028", "asr": null, "filesize": 86042364, "fps": 24, "tbr": 4339.52, "width": 1920, "acodec": "none", "downloader_options": {"http_chunk_size": 10485760}, "format": "137 - 1920x1080 (1080p)", "protocol": "https", "http_headers": {"User-Agent": "Mozilla/5.0 (Windows NT 10.0; Win64; x64) AppleWebKit/537.36 (KHTML, like Gecko) Chrome/72.0.3626.18 Safari/537.36", "Accept-Charset": "ISO-8859-1,utf-8;q=0.7,*;q=0.7", "Accept": "text/html,application/xhtml+xml,application/xml;q=0.9,*/*;q=0.8", "Accept-Encoding": "gzip, deflate", "Accept-Language": "en-us,en;q=0.5"}}, {"format_id": "271", "url": "https://r7---sn-5njj-u2xl.googlevideo.com/videoplayback?expire=1608733054&ei=Hv3iX6jvLoK2iga59pnwAw&ip=140.109.135.76&id=o-AE1nWp36XpJSAxbpBJVQFuphIvF-fvUYFqQUPenLJrme&itag=271&aitags=133%2C134%2C135%2C136%2C137%2C160%2C242%2C243%2C244%2C247%2C248%2C271%2C278%2C313&source=youtube&requiressl=yes&mh=i9&mm=31%2C29&mn=sn-5njj-u2xl%2Csn-un57en7s&ms=au%2Crdu&mv=m&mvi=7&pl=16&initcwndbps=623750&vprv=1&mime=video%2Fwebm&ns=5QWELIAPYafWRDO2n5hXUtEF&gir=yes&clen=172310356&dur=217.333&lmt=1541839787398523&mt=1608711157&fvip=2&keepalive=yes&c=WEB&txp=5432432&n=mGdDBnK56fw3N8tl&sparams=expire%2Cei%2Cip%2Cid%2Caitags%2Csource%2Crequiressl%2Cvprv%2Cmime%2Cns%2Cgir%2Cclen%2Cdur%2Clmt&lsparams=mh%2Cmm%2Cmn%2Cms%2Cmv%2Cmvi%2Cpl%2Cinitcwndbps&lsig=AG3C_xAwRQIgG2m2nEJBvm7rKRPDD6RMGEKTZvP1S6-endqUTyB3Z2ICIQCkNlnn8w-4rbby3T73LmHl7xmMYevYJcZe1Dikjy9X1Q%3D%3D&sig=AOq0QJ8wRQIgNui-j_qLIMkF2Qq-6PV3ujLwQiI3W0UOn-GbQ6QvFvsCIQDBjP7N2jD05Og6W2pAHulHVg_dgdpczix20AgPSzCtoA==&ratebypass=yes", "player_url": "/s/player/5dd3f3b2/player_ias.vflset/en_US/base.js", "ext": "webm", "height": 1440, "format_note": "1440p", "vcodec": "vp9", "asr": null, "filesize": 172310356, "fps": 24, "tbr": 8764.188, "width": 2560, "acodec": "none", "downloader_options": {"http_chunk_size": 10485760}, "format": "271 - 2560x1440 (1440p)", "protocol": "https", "http_headers": {"User-Agent": "Mozilla/5.0 (Windows NT 10.0; Win64; x64) AppleWebKit/537.36 (KHTML, like Gecko) Chrome/72.0.3626.18 Safari/537.36", "Accept-Charset": "ISO-8859-1,utf-8;q=0.7,*;q=0.7", "Accept": "text/html,application/xhtml+xml,application/xml;q=0.9,*/*;q=0.8", "Accept-Encoding": "gzip, deflate", "Accept-Language": "en-us,en;q=0.5"}}, {"format_id": "313", "url": "https://r7---sn-5njj-u2xl.googlevideo.com/videoplayback?expire=1608733054&ei=Hv3iX6jvLoK2iga59pnwAw&ip=140.109.135.76&id=o-AE1nWp36XpJSAxbpBJVQFuphIvF-fvUYFqQUPenLJrme&itag=313&aitags=133%2C134%2C135%2C136%2C137%2C160%2C242%2C243%2C244%2C247%2C248%2C271%2C278%2C313&source=youtube&requiressl=yes&mh=i9&mm=31%2C29&mn=sn-5njj-u2xl%2Csn-un57en7s&ms=au%2Crdu&mv=m&mvi=7&pl=16&initcwndbps=623750&vprv=1&mime=video%2Fwebm&ns=5QWELIAPYafWRDO2n5hXUtEF&gir=yes&clen=403646721&dur=217.333&lmt=1541840130848202&mt=1608711157&fvip=2&keepalive=yes&c=WEB&txp=5432432&n=mGdDBnK56fw3N8tl&sparams=expire%2Cei%2Cip%2Cid%2Caitags%2Csource%2Crequiressl%2Cvprv%2Cmime%2Cns%2Cgir%2Cclen%2Cdur%2Clmt&lsparams=mh%2Cmm%2Cmn%2Cms%2Cmv%2Cmvi%2Cpl%2Cinitcwndbps&lsig=AG3C_xAwRQIgPnkiiiLmWnHCJ-R-VMGJP9dXJmntLryTeyl_xKvmNP0CIQDmYWgxZwg_FfiUIiKj7YejP0edsDt-s7ZJgTgaZaBWPQ%3D%3D&sig=AOq0QJ8wRgIhAMIPAI30RWN2m_JMhcNQ4Fou-Y0hid3FDj97PEdwRu4UAiEA3feeFEGprwVwHT9VySrWciPMapwRK3neTlEZCFCJu3M=&ratebypass=yes", "player_url": "/s/player/5dd3f3b2/player_ias.vflset/en_US/base.js", "ext": "webm", "height": 2160, "format_note": "2160p", "vcodec": "vp9", "asr": null, "filesize": 403646721, "fps": 24, "tbr": 17627.482, "width": 3840, "acodec": "none", "downloader_options": {"http_chunk_size": 10485760}, "format": "313 - 3840x2160 (2160p)", "protocol": "https", "http_headers": {"User-Agent": "Mozilla/5.0 (Windows NT 10.0; Win64; x64) AppleWebKit/537.36 (KHTML, like Gecko) Chrome/72.0.3626.18 Safari/537.36", "Accept-Charset": "ISO-8859-1,utf-8;q=0.7,*;q=0.7", "Accept": "text/html,application/xhtml+xml,application/xml;q=0.9,*/*;q=0.8", "Accept-Encoding": "gzip, deflate", "Accept-Language": "en-us,en;q=0.5"}}, {"format_id": "18", "url": "https://r7---sn-5njj-u2xl.googlevideo.com/videoplayback?expire=1608733054&ei=Hv3iX6jvLoK2iga59pnwAw&ip=140.109.135.76&id=o-AE1nWp36XpJSAxbpBJVQFuphIvF-fvUYFqQUPenLJrme&itag=18&source=youtube&requiressl=yes&mh=i9&mm=31%2C29&mn=sn-5njj-u2xl%2Csn-un57en7s&ms=au%2Crdu&mv=m&mvi=7&pl=16&initcwndbps=623750&vprv=1&mime=video%2Fmp4&ns=VjcUJG8lGg-FoaFEQyKP6CYF&gir=yes&clen=15354264&ratebypass=yes&dur=217.385&lmt=1541839227164436&mt=1608711157&fvip=2&c=WEB&txp=5431432&n=3MaeRDXtudFqZ4HP&sparams=expire%2Cei%2Cip%2Cid%2Citag%2Csource%2Crequiressl%2Cvprv%2Cmime%2Cns%2Cgir%2Cclen%2Cratebypass%2Cdur%2Clmt&lsparams=mh%2Cmm%2Cmn%2Cms%2Cmv%2Cmvi%2Cpl%2Cinitcwndbps&lsig=AG3C_xAwRAIgUEVXXXhQdAlPP1XLRq8cqXeVFqcOurQpQSPVFuW_GEACIEKYEtf2uksFnsHpni5NOZcW7wTuRwoA3mi24a1J8uV4&sig=AOq0QJ8wRQIhAIo0qy2-yRB8mScpGejiyeAMWJ7VBqyMhhfx-tegCpEKAiAFVWwBwcvCajx8vKj91dRjxrWXxrW7jf6feilw3Zc-_A==", "player_url": "/s/player/5dd3f3b2/player_ias.vflset/en_US/base.js", "ext": "mp4", "width": 640, "height": 360, "acodec": "mp4a.40.2", "abr": 96, "vcodec": "avc1.42001E", "asr": 44100, "filesize": 15354264, "format_note": "360p", "fps": 24, "tbr": 565.188, "format": "18 - 640x360 (360p)", "protocol": "https", "http_headers": {"User-Agent": "Mozilla/5.0 (Windows NT 10.0; Win64; x64) AppleWebKit/537.36 (KHTML, like Gecko) Chrome/72.0.3626.18 Safari/537.36", "Accept-Charset": "ISO-8859-1,utf-8;q=0.7,*;q=0.7", "Accept": "text/html,application/xhtml+xml,application/xml;q=0.9,*/*;q=0.8", "Accept-Encoding": "gzip, deflate", "Accept-Language": "en-us,en;q=0.5"}}], "is_live": null, "start_time": null, "end_time": null, "series": null, "season_number": null, "episode_number": null, "track": null, "artist": null, "album": null, "release_date": null, "release_year": null, "extractor": "youtube", "webpage_url_basename": "watch", "extractor_key": "Youtube", "playlist": null, "playlist_index": null, "thumbnail": "https://i.ytimg.com/vi_webp/SQDuF0qxGQw/maxresdefault.webp", "display_id": "SQDuF0qxGQw", "requested_subtitles": null, "format_id": "251", "url": "https://r7---sn-5njj-u2xl.googlevideo.com/videoplayback?expire=1608733054&ei=Hv3iX6jvLoK2iga59pnwAw&ip=140.109.135.76&id=o-AE1nWp36XpJSAxbpBJVQFuphIvF-fvUYFqQUPenLJrme&itag=251&source=youtube&requiressl=yes&mh=i9&mm=31%2C29&mn=sn-5njj-u2xl%2Csn-un57en7s&ms=au%2Crdu&mv=m&mvi=7&pl=16&initcwndbps=623750&vprv=1&mime=audio%2Fwebm&ns=5QWELIAPYafWRDO2n5hXUtEF&gir=yes&clen=4129966&dur=217.361&lmt=1541841052607601&mt=1608711157&fvip=2&keepalive=yes&c=WEB&txp=5411222&n=mGdDBnK56fw3N8tl&sparams=expire%2Cei%2Cip%2Cid%2Citag%2Csource%2Crequiressl%2Cvprv%2Cmime%2Cns%2Cgir%2Cclen%2Cdur%2Clmt&lsparams=mh%2Cmm%2Cmn%2Cms%2Cmv%2Cmvi%2Cpl%2Cinitcwndbps&lsig=AG3C_xAwRQIgHzVu-GLCZ1hT4by4ihTVd7zE-6oM1WTmE6x_q6HXvPACIQCM1X9Rg-MMhK6YdPCPohKJBasTpcprVDRU7Lp-UzVejQ%3D%3D&sig=AOq0QJ8wRQIgPUUdtqR5qZonJsB2tRaXfSa4JbgZfSavOMD_OPgUUdcCIQDOqHKrJTHekMw_255EjucQyy-P0IHN3aZzQVnAwCqQEA==&ratebypass=yes", "player_url": "/s/player/5dd3f3b2/player_ias.vflset/en_US/base.js", "ext": "webm", "format_note": "tiny", "acodec": "opus", "abr": 160, "asr": 48000, "filesize": 4129966, "fps": null, "height": null, "tbr": 163.3, "width": null, "vcodec": "none", "downloader_options": {"http_chunk_size": 10485760}, "format": "251 - audio only (tiny)", "protocol": "https", "http_headers": {"User-Agent": "Mozilla/5.0 (Windows NT 10.0; Win64; x64) AppleWebKit/537.36 (KHTML, like Gecko) Chrome/72.0.3626.18 Safari/537.36", "Accept-Charset": "ISO-8859-1,utf-8;q=0.7,*;q=0.7", "Accept": "text/html,application/xhtml+xml,application/xml;q=0.9,*/*;q=0.8", "Accept-Encoding": "gzip, deflate", "Accept-Language": "en-us,en;q=0.5"}}