{"id": "sRk6SX8Qx8A", "uploader": "Piano in U", "uploader_id": "UC65OhXlLUNeuWJ_j5jUU2tQ", "uploader_url": "http://www.youtube.com/channel/UC65OhXlLUNeuWJ_j5jUU2tQ", "channel_id": "UC65OhXlLUNeuWJ_j5jUU2tQ", "channel_url": "http://www.youtube.com/channel/UC65OhXlLUNeuWJ_j5jUU2tQ", "upload_date": "20190604", "license": "Creative Commons Attribution license (reuse allowed)", "creator": null, "title": "HONNE - Day 1 \u25d1/Piano cover/Sheet", "alt_title": null, "thumbnails": [{"url": "https://i.ytimg.com/vi/sRk6SX8Qx8A/hqdefault.jpg?sqp=-oaymwEYCKgBEF5IVfKriqkDCwgBFQAAiEIYAXAB&rs=AOn4CLAs1Y9rj2gABNEBO-SyjWevyQYe7w", "width": 168, "height": 94, "resolution": "168x94", "id": "0"}, {"url": "https://i.ytimg.com/vi/sRk6SX8Qx8A/hqdefault.jpg?sqp=-oaymwEYCMQBEG5IVfKriqkDCwgBFQAAiEIYAXAB&rs=AOn4CLBjeLbiR-5cMGghAe_g7s7FCNPhKw", "width": 196, "height": 110, "resolution": "196x110", "id": "1"}, {"url": "https://i.ytimg.com/vi/sRk6SX8Qx8A/hqdefault.jpg?sqp=-oaymwEZCPYBEIoBSFXyq4qpAwsIARUAAIhCGAFwAQ==&rs=AOn4CLA7aCnx9RIBu6MvhKR4jkDTj7hNEw", "width": 246, "height": 138, "resolution": "246x138", "id": "2"}, {"url": "https://i.ytimg.com/vi/sRk6SX8Qx8A/hqdefault.jpg?sqp=-oaymwEZCNACELwBSFXyq4qpAwsIARUAAIhCGAFwAQ==&rs=AOn4CLD1drOjJTAiFJHn8YsxGZsa5tK42g", "width": 336, "height": 188, "resolution": "336x188", "id": "3"}, {"url": "https://i.ytimg.com/vi_webp/sRk6SX8Qx8A/maxresdefault.webp", "width": 1920, "height": 1080, "resolution": "1920x1080", "id": "4"}], "description": "\u266cPiano Sheet   \nhttps://www.mymusicsheet.com/pianoinu/2661\n\u266c\ud53c\uc544\ub178 \uc545\ubcf4\nhttps://www.mapianist.com/board/music/24205\n\n\u266cEasy version Piano Sheet (D Major) \nhttps://www.mymusicsheet.com/pianoinu/2668\n\u266c\ud53c\uc544\ub178 \uc545\ubcf4 \uc26c\uc6b4\ubc84\uc83c(D \uba54\uc774\uc838)\nhttps://www.mapianist.com/board/music/24215\n\n\nThanks for Watching. \nPlease like and Subscribe\u2661", "categories": ["Music"], "tags": ["\ud63c\ub124", "\ub370\uc774\uc6d0", "honne", "honne day 1", "honne piano", "honne day 1 piano", "honne day 1 piano sheet", "sheet music", "piano cover", "pianoinu", "\ud53c\uc544\ub178\uc778\uc720", "\ud63c\ub124 \ud53c\uc544\ub178", "HONNE", "HONNE DAY 1", "HONNE DAY 1 PIANO", "HONNE PIANO", "HONNE DAY 1 PIANO SHEET"], "subtitles": {}, "automatic_captions": {}, "duration": 226, "age_limit": 0, "annotations": null, "chapters": null, "webpage_url": "https://www.youtube.com/watch?v=sRk6SX8Qx8A", "view_count": 63596, "like_count": 1520, "dislike_count": 8, "average_rating": 4.9790578, "formats": [{"format_id": "249", "url": "https://r6---sn-5njj-u2xe.googlevideo.com/videoplayback?expire=1611763507&ei=0zoRYPjTJJGGgAPS7ZaADA&ip=140.109.135.76&id=o-ALQgpxiS8ff9ZHfqS9iecPnWe1e-D9Vuptf08VGftJHY&itag=249&source=youtube&requiressl=yes&mh=l7&mm=31%2C29&mn=sn-5njj-u2xe%2Csn-un57sn7z&ms=au%2Crdu&mv=m&mvi=6&pl=16&initcwndbps=693750&vprv=1&mime=audio%2Fwebm&ns=HoSZ4Mu472JsXE5Am7A8lmYF&gir=yes&clen=1682719&dur=226.381&lmt=1559653063579121&mt=1611741649&fvip=6&keepalive=yes&c=WEB&txp=2301222&n=FYpKQLEs5OmeBOb4OYOg&sparams=expire%2Cei%2Cip%2Cid%2Citag%2Csource%2Crequiressl%2Cvprv%2Cmime%2Cns%2Cgir%2Cclen%2Cdur%2Clmt&sig=AOq0QJ8wRQIgOljbbua1CRYihiVOyrT2ix0gS4L2fnFiAmgGozPmrXgCIQDXo-tUrrAMraxeLdc89XVUpRkbdZtQcIn35moTUx7PMw%3D%3D&lsparams=mh%2Cmm%2Cmn%2Cms%2Cmv%2Cmvi%2Cpl%2Cinitcwndbps&lsig=AG3C_xAwRgIhAITPpvTF4-y12tsM7xSVrpcL0uwxQOrMCznBZ-Ha2mIrAiEApUd82qbIII8ea7HdJVwn8fBmv2205h6GSJfVpCRSXVE%3D&ratebypass=yes", "player_url": null, "ext": "webm", "format_note": "tiny", "acodec": "opus", "abr": 50, "asr": 48000, "filesize": 1682719, "fps": null, "height": null, "tbr": 62.887, "width": null, "vcodec": "none", "downloader_options": {"http_chunk_size": 10485760}, "format": "249 - audio only (tiny)", "protocol": "https", "http_headers": {"User-Agent": "Mozilla/5.0 (Windows NT 10.0; Win64; x64) AppleWebKit/537.36 (KHTML, like Gecko) Chrome/72.0.3626.85 Safari/537.36", "Accept-Charset": "ISO-8859-1,utf-8;q=0.7,*;q=0.7", "Accept": "text/html,application/xhtml+xml,application/xml;q=0.9,*/*;q=0.8", "Accept-Encoding": "gzip, deflate", "Accept-Language": "en-us,en;q=0.5"}}, {"format_id": "250", "url": "https://r6---sn-5njj-u2xe.googlevideo.com/videoplayback?expire=1611763507&ei=0zoRYPjTJJGGgAPS7ZaADA&ip=140.109.135.76&id=o-ALQgpxiS8ff9ZHfqS9iecPnWe1e-D9Vuptf08VGftJHY&itag=250&source=youtube&requiressl=yes&mh=l7&mm=31%2C29&mn=sn-5njj-u2xe%2Csn-un57sn7z&ms=au%2Crdu&mv=m&mvi=6&pl=16&initcwndbps=693750&vprv=1&mime=audio%2Fwebm&ns=HoSZ4Mu472JsXE5Am7A8lmYF&gir=yes&clen=2266674&dur=226.381&lmt=1559653066179021&mt=1611741649&fvip=6&keepalive=yes&c=WEB&txp=2301222&n=FYpKQLEs5OmeBOb4OYOg&sparams=expire%2Cei%2Cip%2Cid%2Citag%2Csource%2Crequiressl%2Cvprv%2Cmime%2Cns%2Cgir%2Cclen%2Cdur%2Clmt&sig=AOq0QJ8wRgIhAIO-fwtpqp6lNHgbPb30MC6ug6hpcECgN5fD_jj0b2L3AiEAo2c221qp7IceZ-n6nJL6lckdD-PnEmjvnZZaGbX2haE%3D&lsparams=mh%2Cmm%2Cmn%2Cms%2Cmv%2Cmvi%2Cpl%2Cinitcwndbps&lsig=AG3C_xAwRgIhAITPpvTF4-y12tsM7xSVrpcL0uwxQOrMCznBZ-Ha2mIrAiEApUd82qbIII8ea7HdJVwn8fBmv2205h6GSJfVpCRSXVE%3D&ratebypass=yes", "player_url": null, "ext": "webm", "format_note": "tiny", "acodec": "opus", "abr": 70, "asr": 48000, "filesize": 2266674, "fps": null, "height": null, "tbr": 84.308, "width": null, "vcodec": "none", "downloader_options": {"http_chunk_size": 10485760}, "format": "250 - audio only (tiny)", "protocol": "https", "http_headers": {"User-Agent": "Mozilla/5.0 (Windows NT 10.0; Win64; x64) AppleWebKit/537.36 (KHTML, like Gecko) Chrome/72.0.3626.85 Safari/537.36", "Accept-Charset": "ISO-8859-1,utf-8;q=0.7,*;q=0.7", "Accept": "text/html,application/xhtml+xml,application/xml;q=0.9,*/*;q=0.8", "Accept-Encoding": "gzip, deflate", "Accept-Language": "en-us,en;q=0.5"}}, {"format_id": "140", "url": "https://r6---sn-5njj-u2xe.googlevideo.com/videoplayback?expire=1611763507&ei=0zoRYPjTJJGGgAPS7ZaADA&ip=140.109.135.76&id=o-ALQgpxiS8ff9ZHfqS9iecPnWe1e-D9Vuptf08VGftJHY&itag=140&source=youtube&requiressl=yes&mh=l7&mm=31%2C29&mn=sn-5njj-u2xe%2Csn-un57sn7z&ms=au%2Crdu&mv=m&mvi=6&pl=16&initcwndbps=693750&vprv=1&mime=audio%2Fmp4&ns=HoSZ4Mu472JsXE5Am7A8lmYF&gir=yes&clen=3665044&dur=226.417&lmt=1559651570487589&mt=1611741649&fvip=6&keepalive=yes&c=WEB&txp=2311222&n=FYpKQLEs5OmeBOb4OYOg&sparams=expire%2Cei%2Cip%2Cid%2Citag%2Csource%2Crequiressl%2Cvprv%2Cmime%2Cns%2Cgir%2Cclen%2Cdur%2Clmt&sig=AOq0QJ8wRQIgdJlvoHk3KhZIhejIoVoc0BTJr7TURi_894r2gVoeR4UCIQCIRwABfirlEhbOBGdshekCUWADhhsamgAG9GVE4Bcztg%3D%3D&lsparams=mh%2Cmm%2Cmn%2Cms%2Cmv%2Cmvi%2Cpl%2Cinitcwndbps&lsig=AG3C_xAwRgIhAITPpvTF4-y12tsM7xSVrpcL0uwxQOrMCznBZ-Ha2mIrAiEApUd82qbIII8ea7HdJVwn8fBmv2205h6GSJfVpCRSXVE%3D&ratebypass=yes", "player_url": null, "ext": "m4a", "format_note": "tiny", "acodec": "mp4a.40.2", "abr": 128, "container": "m4a_dash", "asr": 44100, "filesize": 3665044, "fps": null, "height": null, "tbr": 130.594, "width": null, "vcodec": "none", "downloader_options": {"http_chunk_size": 10485760}, "format": "140 - audio only (tiny)", "protocol": "https", "http_headers": {"User-Agent": "Mozilla/5.0 (Windows NT 10.0; Win64; x64) AppleWebKit/537.36 (KHTML, like Gecko) Chrome/72.0.3626.85 Safari/537.36", "Accept-Charset": "ISO-8859-1,utf-8;q=0.7,*;q=0.7", "Accept": "text/html,application/xhtml+xml,application/xml;q=0.9,*/*;q=0.8", "Accept-Encoding": "gzip, deflate", "Accept-Language": "en-us,en;q=0.5"}}, {"format_id": "251", "url": "https://r6---sn-5njj-u2xe.googlevideo.com/videoplayback?expire=1611763507&ei=0zoRYPjTJJGGgAPS7ZaADA&ip=140.109.135.76&id=o-ALQgpxiS8ff9ZHfqS9iecPnWe1e-D9Vuptf08VGftJHY&itag=251&source=youtube&requiressl=yes&mh=l7&mm=31%2C29&mn=sn-5njj-u2xe%2Csn-un57sn7z&ms=au%2Crdu&mv=m&mvi=6&pl=16&initcwndbps=693750&vprv=1&mime=audio%2Fwebm&ns=HoSZ4Mu472JsXE5Am7A8lmYF&gir=yes&clen=4349901&dur=226.381&lmt=1559653065583482&mt=1611741649&fvip=6&keepalive=yes&c=WEB&txp=2301222&n=FYpKQLEs5OmeBOb4OYOg&sparams=expire%2Cei%2Cip%2Cid%2Citag%2Csource%2Crequiressl%2Cvprv%2Cmime%2Cns%2Cgir%2Cclen%2Cdur%2Clmt&sig=AOq0QJ8wRAIgPMG8sqmTeWW8UG8B2yaPt3rA6VIPx3uDbtLNZmWKewECIEr73Uy6355CRKdTDUeQ03pAbdidmuu5joxaZuZi1JwM&lsparams=mh%2Cmm%2Cmn%2Cms%2Cmv%2Cmvi%2Cpl%2Cinitcwndbps&lsig=AG3C_xAwRgIhAITPpvTF4-y12tsM7xSVrpcL0uwxQOrMCznBZ-Ha2mIrAiEApUd82qbIII8ea7HdJVwn8fBmv2205h6GSJfVpCRSXVE%3D&ratebypass=yes", "player_url": null, "ext": "webm", "format_note": "tiny", "acodec": "opus", "abr": 160, "asr": 48000, "filesize": 4349901, "fps": null, "height": null, "tbr": 161.379, "width": null, "vcodec": "none", "downloader_options": {"http_chunk_size": 10485760}, "format": "251 - audio only (tiny)", "protocol": "https", "http_headers": {"User-Agent": "Mozilla/5.0 (Windows NT 10.0; Win64; x64) AppleWebKit/537.36 (KHTML, like Gecko) Chrome/72.0.3626.85 Safari/537.36", "Accept-Charset": "ISO-8859-1,utf-8;q=0.7,*;q=0.7", "Accept": "text/html,application/xhtml+xml,application/xml;q=0.9,*/*;q=0.8", "Accept-Encoding": "gzip, deflate", "Accept-Language": "en-us,en;q=0.5"}}, {"format_id": "160", "url": "https://r6---sn-5njj-u2xe.googlevideo.com/videoplayback?expire=1611763507&ei=0zoRYPjTJJGGgAPS7ZaADA&ip=140.109.135.76&id=o-ALQgpxiS8ff9ZHfqS9iecPnWe1e-D9Vuptf08VGftJHY&itag=160&aitags=133%2C134%2C135%2C136%2C137%2C160%2C242%2C243%2C244%2C247%2C248%2C278&source=youtube&requiressl=yes&mh=l7&mm=31%2C29&mn=sn-5njj-u2xe%2Csn-un57sn7z&ms=au%2Crdu&mv=m&mvi=6&pl=16&initcwndbps=693750&vprv=1&mime=video%2Fmp4&ns=HoSZ4Mu472JsXE5Am7A8lmYF&gir=yes&clen=1599928&dur=226.359&lmt=1559651586590887&mt=1611741649&fvip=6&keepalive=yes&c=WEB&txp=2316222&n=FYpKQLEs5OmeBOb4OYOg&sparams=expire%2Cei%2Cip%2Cid%2Caitags%2Csource%2Crequiressl%2Cvprv%2Cmime%2Cns%2Cgir%2Cclen%2Cdur%2Clmt&sig=AOq0QJ8wRQIgOOKrKr1MzoO5nvAYrRb6ZQbszGCPThGmkWw9qV5n6wYCIQCnjxQSTxHA6JZS8wa5EKzJd53bddiCnjELPs73RjnQBQ%3D%3D&lsparams=mh%2Cmm%2Cmn%2Cms%2Cmv%2Cmvi%2Cpl%2Cinitcwndbps&lsig=AG3C_xAwRgIhAITPpvTF4-y12tsM7xSVrpcL0uwxQOrMCznBZ-Ha2mIrAiEApUd82qbIII8ea7HdJVwn8fBmv2205h6GSJfVpCRSXVE%3D&ratebypass=yes", "player_url": null, "ext": "mp4", "height": 144, "format_note": "144p", "vcodec": "avc1.4d400c", "asr": null, "filesize": 1599928, "fps": 30, "tbr": 64.16, "width": 256, "acodec": "none", "downloader_options": {"http_chunk_size": 10485760}, "format": "160 - 256x144 (144p)", "protocol": "https", "http_headers": {"User-Agent": "Mozilla/5.0 (Windows NT 10.0; Win64; x64) AppleWebKit/537.36 (KHTML, like Gecko) Chrome/72.0.3626.85 Safari/537.36", "Accept-Charset": "ISO-8859-1,utf-8;q=0.7,*;q=0.7", "Accept": "text/html,application/xhtml+xml,application/xml;q=0.9,*/*;q=0.8", "Accept-Encoding": "gzip, deflate", "Accept-Language": "en-us,en;q=0.5"}}, {"format_id": "278", "url": "https://r6---sn-5njj-u2xe.googlevideo.com/videoplayback?expire=1611763507&ei=0zoRYPjTJJGGgAPS7ZaADA&ip=140.109.135.76&id=o-ALQgpxiS8ff9ZHfqS9iecPnWe1e-D9Vuptf08VGftJHY&itag=278&aitags=133%2C134%2C135%2C136%2C137%2C160%2C242%2C243%2C244%2C247%2C248%2C278&source=youtube&requiressl=yes&mh=l7&mm=31%2C29&mn=sn-5njj-u2xe%2Csn-un57sn7z&ms=au%2Crdu&mv=m&mvi=6&pl=16&initcwndbps=693750&vprv=1&mime=video%2Fwebm&ns=HoSZ4Mu472JsXE5Am7A8lmYF&gir=yes&clen=1844712&dur=226.359&lmt=1559651652024587&mt=1611741649&fvip=6&keepalive=yes&c=WEB&txp=2316222&n=FYpKQLEs5OmeBOb4OYOg&sparams=expire%2Cei%2Cip%2Cid%2Caitags%2Csource%2Crequiressl%2Cvprv%2Cmime%2Cns%2Cgir%2Cclen%2Cdur%2Clmt&sig=AOq0QJ8wRgIhAJy7JdaG4CCfcBCvadaEDRvH9z6WwXEtEc2AqTvhMtKtAiEA53qOhGjdE2R2mlTP3QI1ObEtmssd_HwRMVTB1p3BAiw%3D&lsparams=mh%2Cmm%2Cmn%2Cms%2Cmv%2Cmvi%2Cpl%2Cinitcwndbps&lsig=AG3C_xAwRgIhAITPpvTF4-y12tsM7xSVrpcL0uwxQOrMCznBZ-Ha2mIrAiEApUd82qbIII8ea7HdJVwn8fBmv2205h6GSJfVpCRSXVE%3D&ratebypass=yes", "player_url": null, "ext": "webm", "height": 144, "format_note": "144p", "container": "webm", "vcodec": "vp9", "asr": null, "filesize": 1844712, "fps": 30, "tbr": 75.617, "width": 256, "acodec": "none", "downloader_options": {"http_chunk_size": 10485760}, "format": "278 - 256x144 (144p)", "protocol": "https", "http_headers": {"User-Agent": "Mozilla/5.0 (Windows NT 10.0; Win64; x64) AppleWebKit/537.36 (KHTML, like Gecko) Chrome/72.0.3626.85 Safari/537.36", "Accept-Charset": "ISO-8859-1,utf-8;q=0.7,*;q=0.7", "Accept": "text/html,application/xhtml+xml,application/xml;q=0.9,*/*;q=0.8", "Accept-Encoding": "gzip, deflate", "Accept-Language": "en-us,en;q=0.5"}}, {"format_id": "242", "url": "https://r6---sn-5njj-u2xe.googlevideo.com/videoplayback?expire=1611763507&ei=0zoRYPjTJJGGgAPS7ZaADA&ip=140.109.135.76&id=o-ALQgpxiS8ff9ZHfqS9iecPnWe1e-D9Vuptf08VGftJHY&itag=242&aitags=133%2C134%2C135%2C136%2C137%2C160%2C242%2C243%2C244%2C247%2C248%2C278&source=youtube&requiressl=yes&mh=l7&mm=31%2C29&mn=sn-5njj-u2xe%2Csn-un57sn7z&ms=au%2Crdu&mv=m&mvi=6&pl=16&initcwndbps=693750&vprv=1&mime=video%2Fwebm&ns=HoSZ4Mu472JsXE5Am7A8lmYF&gir=yes&clen=2327832&dur=226.359&lmt=1559651652037948&mt=1611741649&fvip=6&keepalive=yes&c=WEB&txp=2316222&n=FYpKQLEs5OmeBOb4OYOg&sparams=expire%2Cei%2Cip%2Cid%2Caitags%2Csource%2Crequiressl%2Cvprv%2Cmime%2Cns%2Cgir%2Cclen%2Cdur%2Clmt&sig=AOq0QJ8wRQIhAJfU5HR2YDEJE91NeqnmQiCcNUqELy9SUks_vDv8IpVbAiAk3-ejX3a_vsBlSL-YbuhHABxsDzOpUK6Nlpup1coq_g%3D%3D&lsparams=mh%2Cmm%2Cmn%2Cms%2Cmv%2Cmvi%2Cpl%2Cinitcwndbps&lsig=AG3C_xAwRgIhAITPpvTF4-y12tsM7xSVrpcL0uwxQOrMCznBZ-Ha2mIrAiEApUd82qbIII8ea7HdJVwn8fBmv2205h6GSJfVpCRSXVE%3D&ratebypass=yes", "player_url": null, "ext": "webm", "height": 240, "format_note": "240p", "vcodec": "vp9", "asr": null, "filesize": 2327832, "fps": 30, "tbr": 95.788, "width": 426, "acodec": "none", "downloader_options": {"http_chunk_size": 10485760}, "format": "242 - 426x240 (240p)", "protocol": "https", "http_headers": {"User-Agent": "Mozilla/5.0 (Windows NT 10.0; Win64; x64) AppleWebKit/537.36 (KHTML, like Gecko) Chrome/72.0.3626.85 Safari/537.36", "Accept-Charset": "ISO-8859-1,utf-8;q=0.7,*;q=0.7", "Accept": "text/html,application/xhtml+xml,application/xml;q=0.9,*/*;q=0.8", "Accept-Encoding": "gzip, deflate", "Accept-Language": "en-us,en;q=0.5"}}, {"format_id": "133", "url": "https://r6---sn-5njj-u2xe.googlevideo.com/videoplayback?expire=1611763507&ei=0zoRYPjTJJGGgAPS7ZaADA&ip=140.109.135.76&id=o-ALQgpxiS8ff9ZHfqS9iecPnWe1e-D9Vuptf08VGftJHY&itag=133&aitags=133%2C134%2C135%2C136%2C137%2C160%2C242%2C243%2C244%2C247%2C248%2C278&source=youtube&requiressl=yes&mh=l7&mm=31%2C29&mn=sn-5njj-u2xe%2Csn-un57sn7z&ms=au%2Crdu&mv=m&mvi=6&pl=16&initcwndbps=693750&vprv=1&mime=video%2Fmp4&ns=HoSZ4Mu472JsXE5Am7A8lmYF&gir=yes&clen=3511090&dur=226.359&lmt=1559651586586652&mt=1611741649&fvip=6&keepalive=yes&c=WEB&txp=2316222&n=FYpKQLEs5OmeBOb4OYOg&sparams=expire%2Cei%2Cip%2Cid%2Caitags%2Csource%2Crequiressl%2Cvprv%2Cmime%2Cns%2Cgir%2Cclen%2Cdur%2Clmt&sig=AOq0QJ8wRAIgbmNWu5NqPEwaVcXXBijdi4gYLBCdv--3lF6Aecb98iACIAI9HI0BPMW05UJo7UtqrvTcI3MumRKYilym8TqNzde6&lsparams=mh%2Cmm%2Cmn%2Cms%2Cmv%2Cmvi%2Cpl%2Cinitcwndbps&lsig=AG3C_xAwRgIhAITPpvTF4-y12tsM7xSVrpcL0uwxQOrMCznBZ-Ha2mIrAiEApUd82qbIII8ea7HdJVwn8fBmv2205h6GSJfVpCRSXVE%3D&ratebypass=yes", "player_url": null, "ext": "mp4", "height": 240, "format_note": "240p", "vcodec": "avc1.4d4015", "asr": null, "filesize": 3511090, "fps": 30, "tbr": 139.755, "width": 426, "acodec": "none", "downloader_options": {"http_chunk_size": 10485760}, "format": "133 - 426x240 (240p)", "protocol": "https", "http_headers": {"User-Agent": "Mozilla/5.0 (Windows NT 10.0; Win64; x64) AppleWebKit/537.36 (KHTML, like Gecko) Chrome/72.0.3626.85 Safari/537.36", "Accept-Charset": "ISO-8859-1,utf-8;q=0.7,*;q=0.7", "Accept": "text/html,application/xhtml+xml,application/xml;q=0.9,*/*;q=0.8", "Accept-Encoding": "gzip, deflate", "Accept-Language": "en-us,en;q=0.5"}}, {"format_id": "243", "url": "https://r6---sn-5njj-u2xe.googlevideo.com/videoplayback?expire=1611763507&ei=0zoRYPjTJJGGgAPS7ZaADA&ip=140.109.135.76&id=o-ALQgpxiS8ff9ZHfqS9iecPnWe1e-D9Vuptf08VGftJHY&itag=243&aitags=133%2C134%2C135%2C136%2C137%2C160%2C242%2C243%2C244%2C247%2C248%2C278&source=youtube&requiressl=yes&mh=l7&mm=31%2C29&mn=sn-5njj-u2xe%2Csn-un57sn7z&ms=au%2Crdu&mv=m&mvi=6&pl=16&initcwndbps=693750&vprv=1&mime=video%2Fwebm&ns=HoSZ4Mu472JsXE5Am7A8lmYF&gir=yes&clen=4042933&dur=226.359&lmt=1559651652564110&mt=1611741649&fvip=6&keepalive=yes&c=WEB&txp=2316222&n=FYpKQLEs5OmeBOb4OYOg&sparams=expire%2Cei%2Cip%2Cid%2Caitags%2Csource%2Crequiressl%2Cvprv%2Cmime%2Cns%2Cgir%2Cclen%2Cdur%2Clmt&sig=AOq0QJ8wRgIhAMgXommLSnNIrH6l1YQ1T33GCjnO625-ggnGrja0bl89AiEA5To5rfP-1ivL0xTo547asLl6WBYfvaKMhuyjRkWtyMQ%3D&lsparams=mh%2Cmm%2Cmn%2Cms%2Cmv%2Cmvi%2Cpl%2Cinitcwndbps&lsig=AG3C_xAwRgIhAITPpvTF4-y12tsM7xSVrpcL0uwxQOrMCznBZ-Ha2mIrAiEApUd82qbIII8ea7HdJVwn8fBmv2205h6GSJfVpCRSXVE%3D&ratebypass=yes", "player_url": null, "ext": "webm", "height": 360, "format_note": "360p", "vcodec": "vp9", "asr": null, "filesize": 4042933, "fps": 30, "tbr": 170.71, "width": 640, "acodec": "none", "downloader_options": {"http_chunk_size": 10485760}, "format": "243 - 640x360 (360p)", "protocol": "https", "http_headers": {"User-Agent": "Mozilla/5.0 (Windows NT 10.0; Win64; x64) AppleWebKit/537.36 (KHTML, like Gecko) Chrome/72.0.3626.85 Safari/537.36", "Accept-Charset": "ISO-8859-1,utf-8;q=0.7,*;q=0.7", "Accept": "text/html,application/xhtml+xml,application/xml;q=0.9,*/*;q=0.8", "Accept-Encoding": "gzip, deflate", "Accept-Language": "en-us,en;q=0.5"}}, {"format_id": "244", "url": "https://r6---sn-5njj-u2xe.googlevideo.com/videoplayback?expire=1611763507&ei=0zoRYPjTJJGGgAPS7ZaADA&ip=140.109.135.76&id=o-ALQgpxiS8ff9ZHfqS9iecPnWe1e-D9Vuptf08VGftJHY&itag=244&aitags=133%2C134%2C135%2C136%2C137%2C160%2C242%2C243%2C244%2C247%2C248%2C278&source=youtube&requiressl=yes&mh=l7&mm=31%2C29&mn=sn-5njj-u2xe%2Csn-un57sn7z&ms=au%2Crdu&mv=m&mvi=6&pl=16&initcwndbps=693750&vprv=1&mime=video%2Fwebm&ns=HoSZ4Mu472JsXE5Am7A8lmYF&gir=yes&clen=5972792&dur=226.359&lmt=1559651652036417&mt=1611741649&fvip=6&keepalive=yes&c=WEB&txp=2316222&n=FYpKQLEs5OmeBOb4OYOg&sparams=expire%2Cei%2Cip%2Cid%2Caitags%2Csource%2Crequiressl%2Cvprv%2Cmime%2Cns%2Cgir%2Cclen%2Cdur%2Clmt&sig=AOq0QJ8wRgIhAPa0V0hUHzTgoUUzsyUtEIoXHwvp8NpxVaJJvD7ByRd2AiEAoyps7x7FSQmIR8zOL_6lR5Lv-48USD6PYinGfcNUttk%3D&lsparams=mh%2Cmm%2Cmn%2Cms%2Cmv%2Cmvi%2Cpl%2Cinitcwndbps&lsig=AG3C_xAwRgIhAITPpvTF4-y12tsM7xSVrpcL0uwxQOrMCznBZ-Ha2mIrAiEApUd82qbIII8ea7HdJVwn8fBmv2205h6GSJfVpCRSXVE%3D&ratebypass=yes", "player_url": null, "ext": "webm", "height": 480, "format_note": "480p", "vcodec": "vp9", "asr": null, "filesize": 5972792, "fps": 30, "tbr": 252.233, "width": 854, "acodec": "none", "downloader_options": {"http_chunk_size": 10485760}, "format": "244 - 854x480 (480p)", "protocol": "https", "http_headers": {"User-Agent": "Mozilla/5.0 (Windows NT 10.0; Win64; x64) AppleWebKit/537.36 (KHTML, like Gecko) Chrome/72.0.3626.85 Safari/537.36", "Accept-Charset": "ISO-8859-1,utf-8;q=0.7,*;q=0.7", "Accept": "text/html,application/xhtml+xml,application/xml;q=0.9,*/*;q=0.8", "Accept-Encoding": "gzip, deflate", "Accept-Language": "en-us,en;q=0.5"}}, {"format_id": "134", "url": "https://r6---sn-5njj-u2xe.googlevideo.com/videoplayback?expire=1611763507&ei=0zoRYPjTJJGGgAPS7ZaADA&ip=140.109.135.76&id=o-ALQgpxiS8ff9ZHfqS9iecPnWe1e-D9Vuptf08VGftJHY&itag=134&aitags=133%2C134%2C135%2C136%2C137%2C160%2C242%2C243%2C244%2C247%2C248%2C278&source=youtube&requiressl=yes&mh=l7&mm=31%2C29&mn=sn-5njj-u2xe%2Csn-un57sn7z&ms=au%2Crdu&mv=m&mvi=6&pl=16&initcwndbps=693750&vprv=1&mime=video%2Fmp4&ns=HoSZ4Mu472JsXE5Am7A8lmYF&gir=yes&clen=6327482&dur=226.359&lmt=1559651586627004&mt=1611741649&fvip=6&keepalive=yes&c=WEB&txp=2316222&n=FYpKQLEs5OmeBOb4OYOg&sparams=expire%2Cei%2Cip%2Cid%2Caitags%2Csource%2Crequiressl%2Cvprv%2Cmime%2Cns%2Cgir%2Cclen%2Cdur%2Clmt&sig=AOq0QJ8wRQIgH6bALSe-Xc0-doMVhbdsD2_Q2iUPqTkLhT5w2hpnuHQCIQCCeH6ROSPo0nhvxXmrpjO2CKCpE23VZm3V2p1iouMhEQ%3D%3D&lsparams=mh%2Cmm%2Cmn%2Cms%2Cmv%2Cmvi%2Cpl%2Cinitcwndbps&lsig=AG3C_xAwRgIhAITPpvTF4-y12tsM7xSVrpcL0uwxQOrMCznBZ-Ha2mIrAiEApUd82qbIII8ea7HdJVwn8fBmv2205h6GSJfVpCRSXVE%3D&ratebypass=yes", "player_url": null, "ext": "mp4", "height": 360, "format_note": "360p", "vcodec": "avc1.4d401e", "asr": null, "filesize": 6327482, "fps": 30, "tbr": 255.4, "width": 640, "acodec": "none", "downloader_options": {"http_chunk_size": 10485760}, "format": "134 - 640x360 (360p)", "protocol": "https", "http_headers": {"User-Agent": "Mozilla/5.0 (Windows NT 10.0; Win64; x64) AppleWebKit/537.36 (KHTML, like Gecko) Chrome/72.0.3626.85 Safari/537.36", "Accept-Charset": "ISO-8859-1,utf-8;q=0.7,*;q=0.7", "Accept": "text/html,application/xhtml+xml,application/xml;q=0.9,*/*;q=0.8", "Accept-Encoding": "gzip, deflate", "Accept-Language": "en-us,en;q=0.5"}}, {"format_id": "135", "url": "https://r6---sn-5njj-u2xe.googlevideo.com/videoplayback?expire=1611763507&ei=0zoRYPjTJJGGgAPS7ZaADA&ip=140.109.135.76&id=o-ALQgpxiS8ff9ZHfqS9iecPnWe1e-D9Vuptf08VGftJHY&itag=135&aitags=133%2C134%2C135%2C136%2C137%2C160%2C242%2C243%2C244%2C247%2C248%2C278&source=youtube&requiressl=yes&mh=l7&mm=31%2C29&mn=sn-5njj-u2xe%2Csn-un57sn7z&ms=au%2Crdu&mv=m&mvi=6&pl=16&initcwndbps=693750&vprv=1&mime=video%2Fmp4&ns=HoSZ4Mu472JsXE5Am7A8lmYF&gir=yes&clen=10433239&dur=226.359&lmt=1559651586578155&mt=1611741649&fvip=6&keepalive=yes&c=WEB&txp=2316222&n=FYpKQLEs5OmeBOb4OYOg&sparams=expire%2Cei%2Cip%2Cid%2Caitags%2Csource%2Crequiressl%2Cvprv%2Cmime%2Cns%2Cgir%2Cclen%2Cdur%2Clmt&sig=AOq0QJ8wRQIhAJsvDSufvvymURzgAacSZwIQklhVVD9nMOJvZExfKtWDAiAx6aZJ6C-p-8A30s688c4eJGaXpoXm0OA7a4TK7KcU-A%3D%3D&lsparams=mh%2Cmm%2Cmn%2Cms%2Cmv%2Cmvi%2Cpl%2Cinitcwndbps&lsig=AG3C_xAwRgIhAITPpvTF4-y12tsM7xSVrpcL0uwxQOrMCznBZ-Ha2mIrAiEApUd82qbIII8ea7HdJVwn8fBmv2205h6GSJfVpCRSXVE%3D&ratebypass=yes", "player_url": null, "ext": "mp4", "height": 480, "format_note": "480p", "vcodec": "avc1.4d401f", "asr": null, "filesize": 10433239, "fps": 30, "tbr": 433.075, "width": 854, "acodec": "none", "downloader_options": {"http_chunk_size": 10485760}, "format": "135 - 854x480 (480p)", "protocol": "https", "http_headers": {"User-Agent": "Mozilla/5.0 (Windows NT 10.0; Win64; x64) AppleWebKit/537.36 (KHTML, like Gecko) Chrome/72.0.3626.85 Safari/537.36", "Accept-Charset": "ISO-8859-1,utf-8;q=0.7,*;q=0.7", "Accept": "text/html,application/xhtml+xml,application/xml;q=0.9,*/*;q=0.8", "Accept-Encoding": "gzip, deflate", "Accept-Language": "en-us,en;q=0.5"}}, {"format_id": "247", "url": "https://r6---sn-5njj-u2xe.googlevideo.com/videoplayback?expire=1611763507&ei=0zoRYPjTJJGGgAPS7ZaADA&ip=140.109.135.76&id=o-ALQgpxiS8ff9ZHfqS9iecPnWe1e-D9Vuptf08VGftJHY&itag=247&aitags=133%2C134%2C135%2C136%2C137%2C160%2C242%2C243%2C244%2C247%2C248%2C278&source=youtube&requiressl=yes&mh=l7&mm=31%2C29&mn=sn-5njj-u2xe%2Csn-un57sn7z&ms=au%2Crdu&mv=m&mvi=6&pl=16&initcwndbps=693750&vprv=1&mime=video%2Fwebm&ns=HoSZ4Mu472JsXE5Am7A8lmYF&gir=yes&clen=11540919&dur=226.359&lmt=1559651652038392&mt=1611741649&fvip=6&keepalive=yes&c=WEB&txp=2316222&n=FYpKQLEs5OmeBOb4OYOg&sparams=expire%2Cei%2Cip%2Cid%2Caitags%2Csource%2Crequiressl%2Cvprv%2Cmime%2Cns%2Cgir%2Cclen%2Cdur%2Clmt&sig=AOq0QJ8wRQIgffT76bP3XnxmlBMWf8SrkO5Y-FlUpLHXFpP6OD8SJYsCIQDHSKnbTslOUQh13FbluX7ZTrSM2hwxaTKHJJP6Ld5D7A%3D%3D&lsparams=mh%2Cmm%2Cmn%2Cms%2Cmv%2Cmvi%2Cpl%2Cinitcwndbps&lsig=AG3C_xAwRgIhAITPpvTF4-y12tsM7xSVrpcL0uwxQOrMCznBZ-Ha2mIrAiEApUd82qbIII8ea7HdJVwn8fBmv2205h6GSJfVpCRSXVE%3D&ratebypass=yes", "player_url": null, "ext": "webm", "height": 720, "format_note": "720p", "vcodec": "vp9", "asr": null, "filesize": 11540919, "fps": 30, "tbr": 471.175, "width": 1280, "acodec": "none", "downloader_options": {"http_chunk_size": 10485760}, "format": "247 - 1280x720 (720p)", "protocol": "https", "http_headers": {"User-Agent": "Mozilla/5.0 (Windows NT 10.0; Win64; x64) AppleWebKit/537.36 (KHTML, like Gecko) Chrome/72.0.3626.85 Safari/537.36", "Accept-Charset": "ISO-8859-1,utf-8;q=0.7,*;q=0.7", "Accept": "text/html,application/xhtml+xml,application/xml;q=0.9,*/*;q=0.8", "Accept-Encoding": "gzip, deflate", "Accept-Language": "en-us,en;q=0.5"}}, {"format_id": "248", "url": "https://r6---sn-5njj-u2xe.googlevideo.com/videoplayback?expire=1611763507&ei=0zoRYPjTJJGGgAPS7ZaADA&ip=140.109.135.76&id=o-ALQgpxiS8ff9ZHfqS9iecPnWe1e-D9Vuptf08VGftJHY&itag=248&aitags=133%2C134%2C135%2C136%2C137%2C160%2C242%2C243%2C244%2C247%2C248%2C278&source=youtube&requiressl=yes&mh=l7&mm=31%2C29&mn=sn-5njj-u2xe%2Csn-un57sn7z&ms=au%2Crdu&mv=m&mvi=6&pl=16&initcwndbps=693750&vprv=1&mime=video%2Fwebm&ns=HoSZ4Mu472JsXE5Am7A8lmYF&gir=yes&clen=13550245&dur=226.359&lmt=1559651652054759&mt=1611741649&fvip=6&keepalive=yes&c=WEB&txp=2316222&n=FYpKQLEs5OmeBOb4OYOg&sparams=expire%2Cei%2Cip%2Cid%2Caitags%2Csource%2Crequiressl%2Cvprv%2Cmime%2Cns%2Cgir%2Cclen%2Cdur%2Clmt&sig=AOq0QJ8wRQIgKnHqLYhANNg84u-Cm45kunW07Ly9WwHn6lFP-WfMz2wCIQCrxflyZy5QQT_69jBaA_PR0hfyJ5JFWkg8Nz-HgNdVMQ%3D%3D&lsparams=mh%2Cmm%2Cmn%2Cms%2Cmv%2Cmvi%2Cpl%2Cinitcwndbps&lsig=AG3C_xAwRgIhAITPpvTF4-y12tsM7xSVrpcL0uwxQOrMCznBZ-Ha2mIrAiEApUd82qbIII8ea7HdJVwn8fBmv2205h6GSJfVpCRSXVE%3D&ratebypass=yes", "player_url": null, "ext": "webm", "height": 1080, "format_note": "1080p", "vcodec": "vp9", "asr": null, "filesize": 13550245, "fps": 30, "tbr": 612.358, "width": 1920, "acodec": "none", "downloader_options": {"http_chunk_size": 10485760}, "format": "248 - 1920x1080 (1080p)", "protocol": "https", "http_headers": {"User-Agent": "Mozilla/5.0 (Windows NT 10.0; Win64; x64) AppleWebKit/537.36 (KHTML, like Gecko) Chrome/72.0.3626.85 Safari/537.36", "Accept-Charset": "ISO-8859-1,utf-8;q=0.7,*;q=0.7", "Accept": "text/html,application/xhtml+xml,application/xml;q=0.9,*/*;q=0.8", "Accept-Encoding": "gzip, deflate", "Accept-Language": "en-us,en;q=0.5"}}, {"format_id": "136", "url": "https://r6---sn-5njj-u2xe.googlevideo.com/videoplayback?expire=1611763507&ei=0zoRYPjTJJGGgAPS7ZaADA&ip=140.109.135.76&id=o-ALQgpxiS8ff9ZHfqS9iecPnWe1e-D9Vuptf08VGftJHY&itag=136&aitags=133%2C134%2C135%2C136%2C137%2C160%2C242%2C243%2C244%2C247%2C248%2C278&source=youtube&requiressl=yes&mh=l7&mm=31%2C29&mn=sn-5njj-u2xe%2Csn-un57sn7z&ms=au%2Crdu&mv=m&mvi=6&pl=16&initcwndbps=693750&vprv=1&mime=video%2Fmp4&ns=HoSZ4Mu472JsXE5Am7A8lmYF&gir=yes&clen=19014373&dur=226.359&lmt=1559651586625002&mt=1611741649&fvip=6&keepalive=yes&c=WEB&txp=2316222&n=FYpKQLEs5OmeBOb4OYOg&sparams=expire%2Cei%2Cip%2Cid%2Caitags%2Csource%2Crequiressl%2Cvprv%2Cmime%2Cns%2Cgir%2Cclen%2Cdur%2Clmt&sig=AOq0QJ8wRQIgQMIXD3FF8vFoyImaPhgdVI6EyiJdEPC4YvQgqGjn_UsCIQDo3O8p4UtVudzzuHCbBAcD_Qf7B8Q1Ec6BO6umkDa8UQ%3D%3D&lsparams=mh%2Cmm%2Cmn%2Cms%2Cmv%2Cmvi%2Cpl%2Cinitcwndbps&lsig=AG3C_xAwRgIhAITPpvTF4-y12tsM7xSVrpcL0uwxQOrMCznBZ-Ha2mIrAiEApUd82qbIII8ea7HdJVwn8fBmv2205h6GSJfVpCRSXVE%3D&ratebypass=yes", "player_url": null, "ext": "mp4", "height": 720, "format_note": "720p", "vcodec": "avc1.4d401f", "asr": null, "filesize": 19014373, "fps": 30, "tbr": 769.359, "width": 1280, "acodec": "none", "downloader_options": {"http_chunk_size": 10485760}, "format": "136 - 1280x720 (720p)", "protocol": "https", "http_headers": {"User-Agent": "Mozilla/5.0 (Windows NT 10.0; Win64; x64) AppleWebKit/537.36 (KHTML, like Gecko) Chrome/72.0.3626.85 Safari/537.36", "Accept-Charset": "ISO-8859-1,utf-8;q=0.7,*;q=0.7", "Accept": "text/html,application/xhtml+xml,application/xml;q=0.9,*/*;q=0.8", "Accept-Encoding": "gzip, deflate", "Accept-Language": "en-us,en;q=0.5"}}, {"format_id": "137", "url": "https://r6---sn-5njj-u2xe.googlevideo.com/videoplayback?expire=1611763507&ei=0zoRYPjTJJGGgAPS7ZaADA&ip=140.109.135.76&id=o-ALQgpxiS8ff9ZHfqS9iecPnWe1e-D9Vuptf08VGftJHY&itag=137&aitags=133%2C134%2C135%2C136%2C137%2C160%2C242%2C243%2C244%2C247%2C248%2C278&source=youtube&requiressl=yes&mh=l7&mm=31%2C29&mn=sn-5njj-u2xe%2Csn-un57sn7z&ms=au%2Crdu&mv=m&mvi=6&pl=16&initcwndbps=693750&vprv=1&mime=video%2Fmp4&ns=HoSZ4Mu472JsXE5Am7A8lmYF&gir=yes&clen=38841478&dur=226.359&lmt=1559651586571091&mt=1611741649&fvip=6&keepalive=yes&c=WEB&txp=2316222&n=FYpKQLEs5OmeBOb4OYOg&sparams=expire%2Cei%2Cip%2Cid%2Caitags%2Csource%2Crequiressl%2Cvprv%2Cmime%2Cns%2Cgir%2Cclen%2Cdur%2Clmt&sig=AOq0QJ8wRAIgSoUoUssD-2AL3O1UA-G-euuMAAgjd_KC3bnlRZuEQCICIFQlECKUw97qb2qihE8OhVE5ssV8FPlLItMLCVrO41x6&lsparams=mh%2Cmm%2Cmn%2Cms%2Cmv%2Cmvi%2Cpl%2Cinitcwndbps&lsig=AG3C_xAwRgIhAITPpvTF4-y12tsM7xSVrpcL0uwxQOrMCznBZ-Ha2mIrAiEApUd82qbIII8ea7HdJVwn8fBmv2205h6GSJfVpCRSXVE%3D&ratebypass=yes", "player_url": null, "ext": "mp4", "height": 1080, "format_note": "1080p", "vcodec": "avc1.640028", "asr": null, "filesize": 38841478, "fps": 30, "tbr": 1577.401, "width": 1920, "acodec": "none", "downloader_options": {"http_chunk_size": 10485760}, "format": "137 - 1920x1080 (1080p)", "protocol": "https", "http_headers": {"User-Agent": "Mozilla/5.0 (Windows NT 10.0; Win64; x64) AppleWebKit/537.36 (KHTML, like Gecko) Chrome/72.0.3626.85 Safari/537.36", "Accept-Charset": "ISO-8859-1,utf-8;q=0.7,*;q=0.7", "Accept": "text/html,application/xhtml+xml,application/xml;q=0.9,*/*;q=0.8", "Accept-Encoding": "gzip, deflate", "Accept-Language": "en-us,en;q=0.5"}}, {"format_id": "18", "url": "https://r6---sn-5njj-u2xe.googlevideo.com/videoplayback?expire=1611763507&ei=0zoRYPjTJJGGgAPS7ZaADA&ip=140.109.135.76&id=o-ALQgpxiS8ff9ZHfqS9iecPnWe1e-D9Vuptf08VGftJHY&itag=18&source=youtube&requiressl=yes&mh=l7&mm=31%2C29&mn=sn-5njj-u2xe%2Csn-un57sn7z&ms=au%2Crdu&mv=m&mvi=6&pl=16&initcwndbps=693750&vprv=1&mime=video%2Fmp4&ns=Hhad6dKjgPIJAaak6LlnE9UF&gir=yes&clen=10125293&ratebypass=yes&dur=226.417&lmt=1559651594028507&mt=1611741649&fvip=6&c=WEB&txp=2311222&n=i-9VPORqR8tYw_B0X9JU&sparams=expire%2Cei%2Cip%2Cid%2Citag%2Csource%2Crequiressl%2Cvprv%2Cmime%2Cns%2Cgir%2Cclen%2Cratebypass%2Cdur%2Clmt&sig=AOq0QJ8wRQIgSYExwoC_kaO0ESApLxz20TP3afewKgUslzpioCriO20CIQCpbmt6zQ-tUfumYLD7oYxmoitpYZEbyd8yAT89FPIpow%3D%3D&lsparams=mh%2Cmm%2Cmn%2Cms%2Cmv%2Cmvi%2Cpl%2Cinitcwndbps&lsig=AG3C_xAwRgIhAITPpvTF4-y12tsM7xSVrpcL0uwxQOrMCznBZ-Ha2mIrAiEApUd82qbIII8ea7HdJVwn8fBmv2205h6GSJfVpCRSXVE%3D", "player_url": null, "ext": "mp4", "width": 640, "height": 360, "acodec": "mp4a.40.2", "abr": 96, "vcodec": "avc1.42001E", "asr": 44100, "filesize": 10125293, "format_note": "360p", "fps": 30, "tbr": 357.849, "format": "18 - 640x360 (360p)", "protocol": "https", "http_headers": {"User-Agent": "Mozilla/5.0 (Windows NT 10.0; Win64; x64) AppleWebKit/537.36 (KHTML, like Gecko) Chrome/72.0.3626.85 Safari/537.36", "Accept-Charset": "ISO-8859-1,utf-8;q=0.7,*;q=0.7", "Accept": "text/html,application/xhtml+xml,application/xml;q=0.9,*/*;q=0.8", "Accept-Encoding": "gzip, deflate", "Accept-Language": "en-us,en;q=0.5"}}], "is_live": null, "start_time": null, "end_time": null, "series": null, "season_number": null, "episode_number": null, "track": null, "artist": null, "album": null, "release_date": null, "release_year": null, "extractor": "youtube", "webpage_url_basename": "watch", "extractor_key": "Youtube", "playlist": null, "playlist_index": null, "thumbnail": "https://i.ytimg.com/vi_webp/sRk6SX8Qx8A/maxresdefault.webp", "display_id": "sRk6SX8Qx8A", "requested_subtitles": null, "format_id": "251", "url": "https://r6---sn-5njj-u2xe.googlevideo.com/videoplayback?expire=1611763507&ei=0zoRYPjTJJGGgAPS7ZaADA&ip=140.109.135.76&id=o-ALQgpxiS8ff9ZHfqS9iecPnWe1e-D9Vuptf08VGftJHY&itag=251&source=youtube&requiressl=yes&mh=l7&mm=31%2C29&mn=sn-5njj-u2xe%2Csn-un57sn7z&ms=au%2Crdu&mv=m&mvi=6&pl=16&initcwndbps=693750&vprv=1&mime=audio%2Fwebm&ns=HoSZ4Mu472JsXE5Am7A8lmYF&gir=yes&clen=4349901&dur=226.381&lmt=1559653065583482&mt=1611741649&fvip=6&keepalive=yes&c=WEB&txp=2301222&n=FYpKQLEs5OmeBOb4OYOg&sparams=expire%2Cei%2Cip%2Cid%2Citag%2Csource%2Crequiressl%2Cvprv%2Cmime%2Cns%2Cgir%2Cclen%2Cdur%2Clmt&sig=AOq0QJ8wRAIgPMG8sqmTeWW8UG8B2yaPt3rA6VIPx3uDbtLNZmWKewECIEr73Uy6355CRKdTDUeQ03pAbdidmuu5joxaZuZi1JwM&lsparams=mh%2Cmm%2Cmn%2Cms%2Cmv%2Cmvi%2Cpl%2Cinitcwndbps&lsig=AG3C_xAwRgIhAITPpvTF4-y12tsM7xSVrpcL0uwxQOrMCznBZ-Ha2mIrAiEApUd82qbIII8ea7HdJVwn8fBmv2205h6GSJfVpCRSXVE%3D&ratebypass=yes", "player_url": null, "ext": "webm", "format_note": "tiny", "acodec": "opus", "abr": 160, "asr": 48000, "filesize": 4349901, "fps": null, "height": null, "tbr": 161.379, "width": null, "vcodec": "none", "downloader_options": {"http_chunk_size": 10485760}, "format": "251 - audio only (tiny)", "protocol": "https", "http_headers": {"User-Agent": "Mozilla/5.0 (Windows NT 10.0; Win64; x64) AppleWebKit/537.36 (KHTML, like Gecko) Chrome/72.0.3626.85 Safari/537.36", "Accept-Charset": "ISO-8859-1,utf-8;q=0.7,*;q=0.7", "Accept": "text/html,application/xhtml+xml,application/xml;q=0.9,*/*;q=0.8", "Accept-Encoding": "gzip, deflate", "Accept-Language": "en-us,en;q=0.5"}}