{"id": "TNoaOTrTkTQ", "uploader": "Shin Giwon Piano", "uploader_id": "giwonpiano", "uploader_url": "http://www.youtube.com/user/giwonpiano", "channel_id": "UCg0dBwIU6VK_ukXzCM_-V-g", "channel_url": "http://www.youtube.com/channel/UCg0dBwIU6VK_ukXzCM_-V-g", "upload_date": "20200325", "license": null, "creator": null, "title": "Sweet & Happy Spring Kpop Piano | \ubd04\uc5d0 \ub4e3\uae30 \uc88b\uc740 \uac00\uc694 \ud53c\uc544\ub178 \ucee4\ubc84 \ubaa8\uc74c", "alt_title": null, "thumbnails": [{"url": "https://i.ytimg.com/vi/TNoaOTrTkTQ/hqdefault.jpg?sqp=-oaymwEbCKgBEF5IVfKriqkDDggBFQAAiEIYAXABwAEG&rs=AOn4CLBsT-vYlrw7ejURklfXBQKqH7y-oQ", "width": 168, "height": 94, "resolution": "168x94", "id": "0"}, {"url": "https://i.ytimg.com/vi/TNoaOTrTkTQ/hqdefault.jpg?sqp=-oaymwEbCMQBEG5IVfKriqkDDggBFQAAiEIYAXABwAEG&rs=AOn4CLCvDHtvC4BN4licQf8uH6mS0gkV8g", "width": 196, "height": 110, "resolution": "196x110", "id": "1"}, {"url": "https://i.ytimg.com/vi/TNoaOTrTkTQ/hqdefault.jpg?sqp=-oaymwEcCPYBEIoBSFXyq4qpAw4IARUAAIhCGAFwAcABBg==&rs=AOn4CLCd3isp3drVXLBzeLqJUWwj6kQW6g", "width": 246, "height": 138, "resolution": "246x138", "id": "2"}, {"url": "https://i.ytimg.com/vi/TNoaOTrTkTQ/hqdefault.jpg?sqp=-oaymwEcCNACELwBSFXyq4qpAw4IARUAAIhCGAFwAcABBg==&rs=AOn4CLAG7yJXUc1mo-UFWdnHzzsOzFCHtA", "width": 336, "height": 188, "resolution": "336x188", "id": "3"}, {"url": "https://i.ytimg.com/vi/TNoaOTrTkTQ/maxresdefault.jpg", "width": 1920, "height": 1080, "resolution": "1920x1080", "id": "4"}], "description": "Insta \u261e https://www.instagram.com/sgw0925\non Spotify \u261e https://spoti.fi/2oSSygu\non Apple Music \u261e https://apple.co/30GDvqM\nK-pop first Channel \u261e https://bit.ly/2JURsK3\nK-pop second Channel \u261e https://bit.ly/2WLj22M\nJazz Piano Music Channel \u261e https://bit.ly/2HRDiaD\n\nCover by Shin Giwon Piano\n\n\ubd04\uc5d0 \ub4e3\uae30 \uc88b\uc740 \uac00\uc694 \ud53c\uc544\ub178 \ucee4\ubc84 \ubaa8\uc74c | Sweet & Happy Spring Kpop Piano Music | Cafe BGM | Relaxing/Study/Work Piano | Shin Giwon Piano Cover\n\nCHEEZE (\uce58\uc988) - Madeleine Love\n\ud558\uc774\ud3ec, \uc544\uc774\uc720 (High4, IU) - \ubd04 \uc0ac\ub791 \ubc9a\uaf43 \ub9d0\uace0 (Not Spring, Love, or Cherry Blossoms)\n\ub85c\uaf2c, \uc720\uc8fc (Loco, yuju) - \uc6b0\uc5f0\ud788 \ubd04 (Spring Is Gone by chance)\n\ubcfc\ube68\uac04\uc0ac\ucd98\uae30 (BOL4) - \ub098\ub9cc, \ubd04 (Bom)\n\uc6b0\uc8fc\uc18c\ub140 (WJSN) - \ub108\uc5d0\uac8c \ub2ff\uae30\ub97c (I Wish)\n\n\uc720\uc120\ud638 (YOO SEONHO) - \ubd04\uc774 \uc624\uba74 (Maybe spring)\n\uc5d0\ub9ad\ub0a8, \uc6ec\ub514 (Eric Nam, WENDY) - \ubd04\uc778\uac00 \ubd10 (Spring Love)\n\ubc84\uc2a4\ucee4 \ubc84\uc2a4\ucee4 (Busker Busker) - \ubc9a\uaf43\uc5d4\ub529 (Cherry Blossom Ending)\n10cm - \ubd04\uc774 \uc88b\ub0d0?? (What The Spring??)\n\uc5d0\uc774\ud504\ub9b4 (APRIL) - \ubd04\uc758 \ub098\ub77c \uc774\uc57c\uae30 (April Story)\n\n\uc624\ub9c8\uc774\uac78 (OH MY GIRL) - \ud55c \ubc1c\uc9dd \ub450 \ubc1c\uc9dd (STEP BY STEP)\n\ube44\ud22c\ube44 (BTOB) - \ubd04\ub0a0\uc758 \uae30\uc5b5 (Remember that)\n\ub7ec\ube14\ub9ac\uc988 (Lovelyz) - \uc548\ub155 (Hi~)\n\uc6cc\ub108\uc6d0 (Wanna One) - \ubd04\ubc14\ub78c (Spring Breeze)\n\ubc29\ud0c4\uc18c\ub144\ub2e8 (BTS) - \ubd04\ub0a0 (Spring Day)\n\n\uc815\uc740\uc9c0 (JEONG EUN JI) - \ub108\ub780 \ubd04 (The Spring)\n\uc0c8\ubcbd\uacf5\ubc29 (SBGB) - \uce74\ub4dc\ucea1\ud130\uccb4\ub9ac (CARD CAPTOR SAKURA)\n\uace8\ub4e0\ucc28\uc77c\ub4dc (Golden Child) - \uadf8\ub7ec\ub2e4 \ubd04 (Spring Again)\n\uc5d4\ud50c\ub77c\uc789 (N.Flying) - \ubd04\uc774 \ubd80\uc2dc\uac8c (Spring Memories)\n\uc5ec\uc790\uce5c\uad6c (GFRIEND) - \ubd04\ube44 (Rain In The Spring Time)\n\n\ud39c\ud0c0\uace4 (PENTAGON) - \ubd04\ub208 (Spring Snow)\n\ud558\uc131\uc6b4 (HA SUNG WOON) - BIRD\n\ub2e4\uc774\uc544 (DIA) - \uadf8 \uae38\uc5d0\uc11c (On the road)\n\ub9c8\ub9c8\ubb34 (Mamamoo) - \ubd04\ud0c0 (Spring Fever)\n\uc138\ube10\ud2f4 (SEVENTEEN) - Thinkin' about you\n\n\uc544\uc774\uc624\uc544\uc774 (I.O.I) - \ubc9a\uaf43\uc774 \uc9c0\uba74 (When The Cherry Blossoms Fade)\n\uc5d1\uc18c (EXO) - \ub098\ube44\uc18c\ub140 (Don't Go)\n\uc544\uc774\uc720 (IU) - Blueming\n\uac13\uc138\ube10 (GOT7) - Something Good\n\ub274\uc774\uc2a4\ud2b8 (NU'EST) - LOVE ME\n\n\uc544\uc2a4\ud2b8\ub85c (ASTRO) - Baby\n\uc5d0\uc774\ud551\ud06c (Apink) - \ubab0\ub77c\uc694 (I don't Know)\nNCT DREAM - \uc0ac\ub791\ud55c\ub2e8 \ub73b\uc774\uc57c (Candle Light)\n\ub808\ub4dc\ubca8\ubcb3 (Red Velvet) - Would U\n(\uc5ec\uc790)\uc544\uc774\ub4e4 (G)I-DLE - \uc8fc\uc138\uc694 (Give Me Your)\n\n\uc815\uc138\uc6b4 (JEONG SEWOON) - \uad1c\ucc2e\ub2e4\uba74 (IF YOU)\n\ud2b8\uc640\uc774\uc2a4 (TWICE) - What is Love\n\ud22c\ubaa8\ub85c\uc6b0\ubc14\uc774\ud22c\uac8c\ub354 (TOMORROW X TOGETHER) - \uc5b4\ub290\ub0a0 \uba38\ub9ac\uc5d0\uc11c \ubfd4\uc774 \uc790\ub790\ub2e4 (CROWN)\n\uc774\ub2ec\uc758 \uc18c\ub140 (LOONA) - Butterfly\n\uc138\uc815 (SEJEONG) - \uaf43\uae38 (Flower Way)\n\n#SpringPiano #HappyPiano #UpbeatPiano #CafeBGM #JazzPiano #HappyJazz #StudyPiano #WorkPiano #KpopPiano #PianoInstrumental #Jazz #kpop #MR\n\nThanks for watching! Please LIKE and SHARE this video guys, and don't forget to SUBSCRIBE my channel :)\n\nSpring Piano / Study Piano / Sleep Piano / Calm Piano / Happy Piano\n1 hour/2 hour Relaxing Piano Music\nPiano Instrumental Music / Happy K-POP\nSmooth Jazz / Jazz Pop / Best Piano\n\n*****\n\ubaa8\ub4e0 \uc74c\uc6d0\uc740 \uc81c\uac00 \uc9c1\uc811 \uc5f0\uc8fc\ud55c \uace1\uc785\ub2c8\ub2e4.\nMusic Copyright \u24d2 ShinGiWon All Rights Reserved.\n\n*****\n\uc601\uc0c1\uc5d0 \uc0ac\uc6a9\ub41c \uc774\ubbf8\uc9c0\ub294 \ubb34\ub8cc \uc774\ubbf8\uc9c0 or \ub77c\uc774\uc13c\uc2a4 \uad6c\uc785 \ud6c4 \uc0ac\uc6a9\ud55c \uc774\ubbf8\uc9c0 \uc785\ub2c8\ub2e4.\nThe image used in the video is a free image or an image used after the license purchase.", "categories": ["Music"], "tags": null, "subtitles": {}, "automatic_captions": {}, "duration": 8897, "age_limit": 0, "annotations": null, "chapters": null, "webpage_url": "https://www.youtube.com/watch?v=TNoaOTrTkTQ", "view_count": 174080, "like_count": 1516, "dislike_count": 24, "average_rating": 4.9376621, "formats": [{"format_id": "249", "url": "https://r3---sn-ipoxu-u2x6.googlevideo.com/videoplayback?expire=1613157262&ei=Ln8mYJ7jGczcrQSj7oLgCg&ip=61.230.12.35&id=o-AOynY0mbsc2-YpEsWDFc1O2Y3ho65OMk_WiIfdyh27ZD&itag=249&source=youtube&requiressl=yes&mh=5g&mm=31%2C29&mn=sn-ipoxu-u2x6%2Csn-un57en7s&ms=au%2Crdu&mv=m&mvi=3&pl=21&initcwndbps=947500&vprv=1&mime=audio%2Fwebm&ns=zWm42YArBUezAj5bEK105UcF&gir=yes&clen=66385566&dur=8896.981&lmt=1586153479570939&mt=1613135326&fvip=3&keepalive=yes&beids=23886216&c=WEB&txp=5531432&n=QGFaMjwEkfkQEs4bZs&sparams=expire%2Cei%2Cip%2Cid%2Citag%2Csource%2Crequiressl%2Cvprv%2Cmime%2Cns%2Cgir%2Cclen%2Cdur%2Clmt&lsparams=mh%2Cmm%2Cmn%2Cms%2Cmv%2Cmvi%2Cpl%2Cinitcwndbps&lsig=AG3C_xAwRAIgHR_Qk0iZu6MGs_A_TDhV6K9Uyl_4S2OIABFG3FSeeCACIBWnbC1Ew6anWV06-AyFCMbZ2D14VWkMJXjjT5ih322r&sig=AOq0QJ8wRgIhAK33Da4zY2eAwXWdkZ-xD_u0bzKqnuBu0l4HJZucXe3YAiEA53l0L9A7PM86Bu3L10ZIXUidZXWhz3wzRtDLITFkHV0=&ratebypass=yes", "player_url": "/s/player/490079fb/player_ias.vflset/en_US/base.js", "ext": "webm", "format_note": "tiny", "acodec": "opus", "abr": 50, "asr": 48000, "filesize": 66385566, "fps": null, "height": null, "tbr": 77.273, "width": null, "vcodec": "none", "downloader_options": {"http_chunk_size": 10485760}, "format": "249 - audio only (tiny)", "protocol": "https", "http_headers": {"User-Agent": "Mozilla/5.0 (Windows NT 10.0; Win64; x64) AppleWebKit/537.36 (KHTML, like Gecko) Chrome/74.0.3729.96 Safari/537.36", "Accept-Charset": "ISO-8859-1,utf-8;q=0.7,*;q=0.7", "Accept": "text/html,application/xhtml+xml,application/xml;q=0.9,*/*;q=0.8", "Accept-Encoding": "gzip, deflate", "Accept-Language": "en-us,en;q=0.5"}}, {"format_id": "250", "url": "https://r3---sn-ipoxu-u2x6.googlevideo.com/videoplayback?expire=1613157262&ei=Ln8mYJ7jGczcrQSj7oLgCg&ip=61.230.12.35&id=o-AOynY0mbsc2-YpEsWDFc1O2Y3ho65OMk_WiIfdyh27ZD&itag=250&source=youtube&requiressl=yes&mh=5g&mm=31%2C29&mn=sn-ipoxu-u2x6%2Csn-un57en7s&ms=au%2Crdu&mv=m&mvi=3&pl=21&initcwndbps=947500&vprv=1&mime=audio%2Fwebm&ns=zWm42YArBUezAj5bEK105UcF&gir=yes&clen=87135278&dur=8896.981&lmt=1586153480374336&mt=1613135326&fvip=3&keepalive=yes&beids=23886216&c=WEB&txp=5531432&n=QGFaMjwEkfkQEs4bZs&sparams=expire%2Cei%2Cip%2Cid%2Citag%2Csource%2Crequiressl%2Cvprv%2Cmime%2Cns%2Cgir%2Cclen%2Cdur%2Clmt&lsparams=mh%2Cmm%2Cmn%2Cms%2Cmv%2Cmvi%2Cpl%2Cinitcwndbps&lsig=AG3C_xAwRQIgCQAIF8NGqyCePXF5dDBUsLtqjde_4UntxpW6RpPnJXgCIQCQYr6SEFCzGZrkYXSPKg_w7FZCIBDve_SI0boQE8sKzQ%3D%3D&sig=AOq0QJ8wRQIhAKq0hc7vAKLpRoIXIXwTr9iDw-GDhPGHHW3eXbUtqawmAiA7zaZ9qRiNbxvazCWJwV8EFm_0Aaek4cupxisrySpVEw==&ratebypass=yes", "player_url": "/s/player/490079fb/player_ias.vflset/en_US/base.js", "ext": "webm", "format_note": "tiny", "acodec": "opus", "abr": 70, "asr": 48000, "filesize": 87135278, "fps": null, "height": null, "tbr": 97.048, "width": null, "vcodec": "none", "downloader_options": {"http_chunk_size": 10485760}, "format": "250 - audio only (tiny)", "protocol": "https", "http_headers": {"User-Agent": "Mozilla/5.0 (Windows NT 10.0; Win64; x64) AppleWebKit/537.36 (KHTML, like Gecko) Chrome/74.0.3729.96 Safari/537.36", "Accept-Charset": "ISO-8859-1,utf-8;q=0.7,*;q=0.7", "Accept": "text/html,application/xhtml+xml,application/xml;q=0.9,*/*;q=0.8", "Accept-Encoding": "gzip, deflate", "Accept-Language": "en-us,en;q=0.5"}}, {"format_id": "140", "url": "https://r3---sn-ipoxu-u2x6.googlevideo.com/videoplayback?expire=1613157262&ei=Ln8mYJ7jGczcrQSj7oLgCg&ip=61.230.12.35&id=o-AOynY0mbsc2-YpEsWDFc1O2Y3ho65OMk_WiIfdyh27ZD&itag=140&source=youtube&requiressl=yes&mh=5g&mm=31%2C29&mn=sn-ipoxu-u2x6%2Csn-un57en7s&ms=au%2Crdu&mv=m&mvi=3&pl=21&initcwndbps=947500&vprv=1&mime=audio%2Fmp4&ns=zWm42YArBUezAj5bEK105UcF&gir=yes&clen=143988852&dur=8897.003&lmt=1586153688721914&mt=1613135326&fvip=3&keepalive=yes&beids=23886216&c=WEB&txp=5531432&n=QGFaMjwEkfkQEs4bZs&sparams=expire%2Cei%2Cip%2Cid%2Citag%2Csource%2Crequiressl%2Cvprv%2Cmime%2Cns%2Cgir%2Cclen%2Cdur%2Clmt&lsparams=mh%2Cmm%2Cmn%2Cms%2Cmv%2Cmvi%2Cpl%2Cinitcwndbps&lsig=AG3C_xAwRgIhAIRQw63T3YCekuWBUUbv-Tg1akHNf2kYB7uWaEfjw78_AiEArQDuZOLUpZki-9qQV00kyxG7Lrc9EdIrw0njIaVQDNo%3D&sig=AOq0QJ8wRAIgeTguP-MubxP24jkRmI7qaoxFw7pARU-_Xs0KGCGkcMICIEzejESXmoKeb7NRTbHvmagSOZYN2CaOcPZqWZjeKbl7&ratebypass=yes", "player_url": "/s/player/490079fb/player_ias.vflset/en_US/base.js", "ext": "m4a", "format_note": "tiny", "acodec": "mp4a.40.2", "abr": 128, "container": "m4a_dash", "asr": 44100, "filesize": 143988852, "fps": null, "height": null, "tbr": 138.85, "width": null, "vcodec": "none", "downloader_options": {"http_chunk_size": 10485760}, "format": "140 - audio only (tiny)", "protocol": "https", "http_headers": {"User-Agent": "Mozilla/5.0 (Windows NT 10.0; Win64; x64) AppleWebKit/537.36 (KHTML, like Gecko) Chrome/74.0.3729.96 Safari/537.36", "Accept-Charset": "ISO-8859-1,utf-8;q=0.7,*;q=0.7", "Accept": "text/html,application/xhtml+xml,application/xml;q=0.9,*/*;q=0.8", "Accept-Encoding": "gzip, deflate", "Accept-Language": "en-us,en;q=0.5"}}, {"format_id": "251", "url": "https://r3---sn-ipoxu-u2x6.googlevideo.com/videoplayback?expire=1613157262&ei=Ln8mYJ7jGczcrQSj7oLgCg&ip=61.230.12.35&id=o-AOynY0mbsc2-YpEsWDFc1O2Y3ho65OMk_WiIfdyh27ZD&itag=251&source=youtube&requiressl=yes&mh=5g&mm=31%2C29&mn=sn-ipoxu-u2x6%2Csn-un57en7s&ms=au%2Crdu&mv=m&mvi=3&pl=21&initcwndbps=947500&vprv=1&mime=audio%2Fwebm&ns=zWm42YArBUezAj5bEK105UcF&gir=yes&clen=171487474&dur=8896.981&lmt=1586153479976779&mt=1613135326&fvip=3&keepalive=yes&beids=23886216&c=WEB&txp=5531432&n=QGFaMjwEkfkQEs4bZs&sparams=expire%2Cei%2Cip%2Cid%2Citag%2Csource%2Crequiressl%2Cvprv%2Cmime%2Cns%2Cgir%2Cclen%2Cdur%2Clmt&lsparams=mh%2Cmm%2Cmn%2Cms%2Cmv%2Cmvi%2Cpl%2Cinitcwndbps&lsig=AG3C_xAwRgIhAM9Qb_j0ege9QsiYK8RhUHVfkFUuka1Egk5AzDOLUCf7AiEAn533jw5RB8nwrAKO6T9L6S4h6gNwNP59ebAIu4FhO3A%3D&sig=AOq0QJ8wRQIhAKAMyRrcNT--LIc4e301cNk9oYeg-YRTU063ZQGkoXXVAiAros2hZlILhDZi9-uN4dvOxkxgtxy2EbAl_6_BuvnkUQ==&ratebypass=yes", "player_url": "/s/player/490079fb/player_ias.vflset/en_US/base.js", "ext": "webm", "format_note": "tiny", "acodec": "opus", "abr": 160, "asr": 48000, "filesize": 171487474, "fps": null, "height": null, "tbr": 170.605, "width": null, "vcodec": "none", "downloader_options": {"http_chunk_size": 10485760}, "format": "251 - audio only (tiny)", "protocol": "https", "http_headers": {"User-Agent": "Mozilla/5.0 (Windows NT 10.0; Win64; x64) AppleWebKit/537.36 (KHTML, like Gecko) Chrome/74.0.3729.96 Safari/537.36", "Accept-Charset": "ISO-8859-1,utf-8;q=0.7,*;q=0.7", "Accept": "text/html,application/xhtml+xml,application/xml;q=0.9,*/*;q=0.8", "Accept-Encoding": "gzip, deflate", "Accept-Language": "en-us,en;q=0.5"}}, {"format_id": "160", "url": "https://r3---sn-ipoxu-u2x6.googlevideo.com/videoplayback?expire=1613157262&ei=Ln8mYJ7jGczcrQSj7oLgCg&ip=61.230.12.35&id=o-AOynY0mbsc2-YpEsWDFc1O2Y3ho65OMk_WiIfdyh27ZD&itag=160&aitags=133%2C134%2C135%2C136%2C137%2C160%2C242%2C243%2C244%2C247%2C248%2C278&source=youtube&requiressl=yes&mh=5g&mm=31%2C29&mn=sn-ipoxu-u2x6%2Csn-un57en7s&ms=au%2Crdu&mv=m&mvi=3&pl=21&initcwndbps=947500&vprv=1&mime=video%2Fmp4&ns=zWm42YArBUezAj5bEK105UcF&gir=yes&clen=20364386&dur=8896.953&lmt=1586156170517913&mt=1613135326&fvip=3&keepalive=yes&beids=23886216&c=WEB&txp=5535432&n=QGFaMjwEkfkQEs4bZs&sparams=expire%2Cei%2Cip%2Cid%2Caitags%2Csource%2Crequiressl%2Cvprv%2Cmime%2Cns%2Cgir%2Cclen%2Cdur%2Clmt&lsparams=mh%2Cmm%2Cmn%2Cms%2Cmv%2Cmvi%2Cpl%2Cinitcwndbps&lsig=AG3C_xAwRQIhAKGaFZgD5cnirz0s3A5Rf6zjN3YwrauxNE76lf-DXyeaAiAEy4wOpSnUZQ1HZsXNZaisqHBU1wedHSoRTE6TgZBPFQ%3D%3D&sig=AOq0QJ8wRQIhAIvcimqZRTz5nY5qWCAYRXvOLKqNsuqRYGc17v1H_1fYAiBlrjMGHUvEOcyIlKvRPuVkFKCAsJ3aVzXw3sdsmislrA==&ratebypass=yes", "player_url": "/s/player/490079fb/player_ias.vflset/en_US/base.js", "ext": "mp4", "height": 144, "format_note": "144p", "vcodec": "avc1.4d400c", "asr": null, "filesize": 20364386, "fps": 30, "tbr": 48.437, "width": 256, "acodec": "none", "downloader_options": {"http_chunk_size": 10485760}, "format": "160 - 256x144 (144p)", "protocol": "https", "http_headers": {"User-Agent": "Mozilla/5.0 (Windows NT 10.0; Win64; x64) AppleWebKit/537.36 (KHTML, like Gecko) Chrome/74.0.3729.96 Safari/537.36", "Accept-Charset": "ISO-8859-1,utf-8;q=0.7,*;q=0.7", "Accept": "text/html,application/xhtml+xml,application/xml;q=0.9,*/*;q=0.8", "Accept-Encoding": "gzip, deflate", "Accept-Language": "en-us,en;q=0.5"}}, {"format_id": "133", "url": "https://r3---sn-ipoxu-u2x6.googlevideo.com/videoplayback?expire=1613157262&ei=Ln8mYJ7jGczcrQSj7oLgCg&ip=61.230.12.35&id=o-AOynY0mbsc2-YpEsWDFc1O2Y3ho65OMk_WiIfdyh27ZD&itag=133&aitags=133%2C134%2C135%2C136%2C137%2C160%2C242%2C243%2C244%2C247%2C248%2C278&source=youtube&requiressl=yes&mh=5g&mm=31%2C29&mn=sn-ipoxu-u2x6%2Csn-un57en7s&ms=au%2Crdu&mv=m&mvi=3&pl=21&initcwndbps=947500&vprv=1&mime=video%2Fmp4&ns=zWm42YArBUezAj5bEK105UcF&gir=yes&clen=34316409&dur=8896.953&lmt=1586156170518859&mt=1613135326&fvip=3&keepalive=yes&beids=23886216&c=WEB&txp=5535432&n=QGFaMjwEkfkQEs4bZs&sparams=expire%2Cei%2Cip%2Cid%2Caitags%2Csource%2Crequiressl%2Cvprv%2Cmime%2Cns%2Cgir%2Cclen%2Cdur%2Clmt&lsparams=mh%2Cmm%2Cmn%2Cms%2Cmv%2Cmvi%2Cpl%2Cinitcwndbps&lsig=AG3C_xAwRQIhAJDiXO8E_WEc9lR_RRJtYYGpgU_sc7EOv3D3hQIHv_EZAiACdHNm5oamtzTYkKvvE1fBQoAalZMCzGbrED6OdyjXaw%3D%3D&sig=AOq0QJ8wRQIgAibUz4qPfAtBvp6IKCbHybxVg0NN0Dh9yPsZMthO3p8CIQCfkG4LdxSBaSsOks0hnDLuY-LCQ9oWaq4gcmH5crLXnQ==&ratebypass=yes", "player_url": "/s/player/490079fb/player_ias.vflset/en_US/base.js", "ext": "mp4", "height": 240, "format_note": "240p", "vcodec": "avc1.4d4015", "asr": null, "filesize": 34316409, "fps": 30, "tbr": 60.212, "width": 426, "acodec": "none", "downloader_options": {"http_chunk_size": 10485760}, "format": "133 - 426x240 (240p)", "protocol": "https", "http_headers": {"User-Agent": "Mozilla/5.0 (Windows NT 10.0; Win64; x64) AppleWebKit/537.36 (KHTML, like Gecko) Chrome/74.0.3729.96 Safari/537.36", "Accept-Charset": "ISO-8859-1,utf-8;q=0.7,*;q=0.7", "Accept": "text/html,application/xhtml+xml,application/xml;q=0.9,*/*;q=0.8", "Accept-Encoding": "gzip, deflate", "Accept-Language": "en-us,en;q=0.5"}}, {"format_id": "134", "url": "https://r3---sn-ipoxu-u2x6.googlevideo.com/videoplayback?expire=1613157262&ei=Ln8mYJ7jGczcrQSj7oLgCg&ip=61.230.12.35&id=o-AOynY0mbsc2-YpEsWDFc1O2Y3ho65OMk_WiIfdyh27ZD&itag=134&aitags=133%2C134%2C135%2C136%2C137%2C160%2C242%2C243%2C244%2C247%2C248%2C278&source=youtube&requiressl=yes&mh=5g&mm=31%2C29&mn=sn-ipoxu-u2x6%2Csn-un57en7s&ms=au%2Crdu&mv=m&mvi=3&pl=21&initcwndbps=947500&vprv=1&mime=video%2Fmp4&ns=zWm42YArBUezAj5bEK105UcF&gir=yes&clen=60438899&dur=8896.953&lmt=1586156170518654&mt=1613135326&fvip=3&keepalive=yes&beids=23886216&c=WEB&txp=5535432&n=QGFaMjwEkfkQEs4bZs&sparams=expire%2Cei%2Cip%2Cid%2Caitags%2Csource%2Crequiressl%2Cvprv%2Cmime%2Cns%2Cgir%2Cclen%2Cdur%2Clmt&lsparams=mh%2Cmm%2Cmn%2Cms%2Cmv%2Cmvi%2Cpl%2Cinitcwndbps&lsig=AG3C_xAwRQIhAMVHePmXeAbCm60M-hpuuTuFda0oyYQpZndSgsEKLgkAAiApLcj1UQG3XMO68vlvNFhWfEUDbdYlnpq6xUwupN8TWg%3D%3D&sig=AOq0QJ8wRgIhAM_NnOL41hwAzs63wWrqa0m-HbqWflYtIoGFhYo4qn-GAiEA-vU-pRlzWt-rfCqIdLZK4bLtHoAPPe-du4_2nKhlnhM=&ratebypass=yes", "player_url": "/s/player/490079fb/player_ias.vflset/en_US/base.js", "ext": "mp4", "height": 360, "format_note": "360p", "vcodec": "avc1.4d401e", "asr": null, "filesize": 60438899, "fps": 30, "tbr": 81.801, "width": 640, "acodec": "none", "downloader_options": {"http_chunk_size": 10485760}, "format": "134 - 640x360 (360p)", "protocol": "https", "http_headers": {"User-Agent": "Mozilla/5.0 (Windows NT 10.0; Win64; x64) AppleWebKit/537.36 (KHTML, like Gecko) Chrome/74.0.3729.96 Safari/537.36", "Accept-Charset": "ISO-8859-1,utf-8;q=0.7,*;q=0.7", "Accept": "text/html,application/xhtml+xml,application/xml;q=0.9,*/*;q=0.8", "Accept-Encoding": "gzip, deflate", "Accept-Language": "en-us,en;q=0.5"}}, {"format_id": "278", "url": "https://r3---sn-ipoxu-u2x6.googlevideo.com/videoplayback?expire=1613157262&ei=Ln8mYJ7jGczcrQSj7oLgCg&ip=61.230.12.35&id=o-AOynY0mbsc2-YpEsWDFc1O2Y3ho65OMk_WiIfdyh27ZD&itag=278&aitags=133%2C134%2C135%2C136%2C137%2C160%2C242%2C243%2C244%2C247%2C248%2C278&source=youtube&requiressl=yes&mh=5g&mm=31%2C29&mn=sn-ipoxu-u2x6%2Csn-un57en7s&ms=au%2Crdu&mv=m&mvi=3&pl=21&initcwndbps=947500&vprv=1&mime=video%2Fwebm&ns=zWm42YArBUezAj5bEK105UcF&gir=yes&clen=49662957&dur=8896.955&lmt=1586159364793818&mt=1613135326&fvip=3&keepalive=yes&beids=23886216&c=WEB&txp=5535432&n=QGFaMjwEkfkQEs4bZs&sparams=expire%2Cei%2Cip%2Cid%2Caitags%2Csource%2Crequiressl%2Cvprv%2Cmime%2Cns%2Cgir%2Cclen%2Cdur%2Clmt&lsparams=mh%2Cmm%2Cmn%2Cms%2Cmv%2Cmvi%2Cpl%2Cinitcwndbps&lsig=AG3C_xAwRQIhALpP6Yb0Vy9hc9hEVCly7xLauHBm6OXXZHM7fp_LMl7DAiAepCaKF0pAbuYxVxdj7f6N0PwIkcObfCA9Ywg01qwqAQ%3D%3D&sig=AOq0QJ8wRAIgPtyjf8fUtZtwcAOAnozilEO-Q_hoGAkWC4NHUiYGqdQCIAkG1tK6nvlp3JNWp5XergiyDzz_0-BjR8nSoC7juRer&ratebypass=yes", "player_url": "/s/player/490079fb/player_ias.vflset/en_US/base.js", "ext": "webm", "height": 144, "format_note": "144p", "container": "webm", "vcodec": "vp9", "asr": null, "filesize": 49662957, "fps": 30, "tbr": 90.359, "width": 256, "acodec": "none", "downloader_options": {"http_chunk_size": 10485760}, "format": "278 - 256x144 (144p)", "protocol": "https", "http_headers": {"User-Agent": "Mozilla/5.0 (Windows NT 10.0; Win64; x64) AppleWebKit/537.36 (KHTML, like Gecko) Chrome/74.0.3729.96 Safari/537.36", "Accept-Charset": "ISO-8859-1,utf-8;q=0.7,*;q=0.7", "Accept": "text/html,application/xhtml+xml,application/xml;q=0.9,*/*;q=0.8", "Accept-Encoding": "gzip, deflate", "Accept-Language": "en-us,en;q=0.5"}}, {"format_id": "242", "url": "https://r3---sn-ipoxu-u2x6.googlevideo.com/videoplayback?expire=1613157262&ei=Ln8mYJ7jGczcrQSj7oLgCg&ip=61.230.12.35&id=o-AOynY0mbsc2-YpEsWDFc1O2Y3ho65OMk_WiIfdyh27ZD&itag=242&aitags=133%2C134%2C135%2C136%2C137%2C160%2C242%2C243%2C244%2C247%2C248%2C278&source=youtube&requiressl=yes&mh=5g&mm=31%2C29&mn=sn-ipoxu-u2x6%2Csn-un57en7s&ms=au%2Crdu&mv=m&mvi=3&pl=21&initcwndbps=947500&vprv=1&mime=video%2Fwebm&ns=zWm42YArBUezAj5bEK105UcF&gir=yes&clen=61152871&dur=8896.955&lmt=1586159364787596&mt=1613135326&fvip=3&keepalive=yes&beids=23886216&c=WEB&txp=5535432&n=QGFaMjwEkfkQEs4bZs&sparams=expire%2Cei%2Cip%2Cid%2Caitags%2Csource%2Crequiressl%2Cvprv%2Cmime%2Cns%2Cgir%2Cclen%2Cdur%2Clmt&lsparams=mh%2Cmm%2Cmn%2Cms%2Cmv%2Cmvi%2Cpl%2Cinitcwndbps&lsig=AG3C_xAwRAIgBmEYGM7nuEY07nybjMmEmQWAwHtvOhJ04GhGMheQ8ZQCIFwlYf95_r_mi8XZvKY-7MZ4QCt6b36MJtpLV4tyROs4&sig=AOq0QJ8wRQIhAKC0rZFpoHMLmsvGPz3WZParLtr5HYTwf9CO0j_MCgFwAiASlYS8XdPLutjI_PeXnkugOeHNQOkEmuZrQukEYGs6gg==&ratebypass=yes", "player_url": "/s/player/490079fb/player_ias.vflset/en_US/base.js", "ext": "webm", "height": 240, "format_note": "240p", "vcodec": "vp9", "asr": null, "filesize": 61152871, "fps": 30, "tbr": 113.014, "width": 426, "acodec": "none", "downloader_options": {"http_chunk_size": 10485760}, "format": "242 - 426x240 (240p)", "protocol": "https", "http_headers": {"User-Agent": "Mozilla/5.0 (Windows NT 10.0; Win64; x64) AppleWebKit/537.36 (KHTML, like Gecko) Chrome/74.0.3729.96 Safari/537.36", "Accept-Charset": "ISO-8859-1,utf-8;q=0.7,*;q=0.7", "Accept": "text/html,application/xhtml+xml,application/xml;q=0.9,*/*;q=0.8", "Accept-Encoding": "gzip, deflate", "Accept-Language": "en-us,en;q=0.5"}}, {"format_id": "135", "url": "https://r3---sn-ipoxu-u2x6.googlevideo.com/videoplayback?expire=1613157262&ei=Ln8mYJ7jGczcrQSj7oLgCg&ip=61.230.12.35&id=o-AOynY0mbsc2-YpEsWDFc1O2Y3ho65OMk_WiIfdyh27ZD&itag=135&aitags=133%2C134%2C135%2C136%2C137%2C160%2C242%2C243%2C244%2C247%2C248%2C278&source=youtube&requiressl=yes&mh=5g&mm=31%2C29&mn=sn-ipoxu-u2x6%2Csn-un57en7s&ms=au%2Crdu&mv=m&mvi=3&pl=21&initcwndbps=947500&vprv=1&mime=video%2Fmp4&ns=zWm42YArBUezAj5bEK105UcF&gir=yes&clen=88236385&dur=8896.953&lmt=1586156170522407&mt=1613135326&fvip=3&keepalive=yes&beids=23886216&c=WEB&txp=5535432&n=QGFaMjwEkfkQEs4bZs&sparams=expire%2Cei%2Cip%2Cid%2Caitags%2Csource%2Crequiressl%2Cvprv%2Cmime%2Cns%2Cgir%2Cclen%2Cdur%2Clmt&lsparams=mh%2Cmm%2Cmn%2Cms%2Cmv%2Cmvi%2Cpl%2Cinitcwndbps&lsig=AG3C_xAwRgIhALzvacTXOowHZ_l_5_yshji28A-KljXdmbAy53LUfof6AiEA4O--KQUy93aZK2pRSyc_glgOkSb3lUk_0ra_6OAczVE%3D&sig=AOq0QJ8wRAIgFTvgnsM1O1l50CznIcBb5AA4NZVtwWYVXKbfR0nMBQkCIDTJy4xrubtWDb_Iv2FNfERbjX0-zDoHf1cgzztoL6G9&ratebypass=yes", "player_url": "/s/player/490079fb/player_ias.vflset/en_US/base.js", "ext": "mp4", "height": 480, "format_note": "480p", "vcodec": "avc1.4d401f", "asr": null, "filesize": 88236385, "fps": 30, "tbr": 115.239, "width": 854, "acodec": "none", "downloader_options": {"http_chunk_size": 10485760}, "format": "135 - 854x480 (480p)", "protocol": "https", "http_headers": {"User-Agent": "Mozilla/5.0 (Windows NT 10.0; Win64; x64) AppleWebKit/537.36 (KHTML, like Gecko) Chrome/74.0.3729.96 Safari/537.36", "Accept-Charset": "ISO-8859-1,utf-8;q=0.7,*;q=0.7", "Accept": "text/html,application/xhtml+xml,application/xml;q=0.9,*/*;q=0.8", "Accept-Encoding": "gzip, deflate", "Accept-Language": "en-us,en;q=0.5"}}, {"format_id": "136", "url": "https://r3---sn-ipoxu-u2x6.googlevideo.com/videoplayback?expire=1613157262&ei=Ln8mYJ7jGczcrQSj7oLgCg&ip=61.230.12.35&id=o-AOynY0mbsc2-YpEsWDFc1O2Y3ho65OMk_WiIfdyh27ZD&itag=136&aitags=133%2C134%2C135%2C136%2C137%2C160%2C242%2C243%2C244%2C247%2C248%2C278&source=youtube&requiressl=yes&mh=5g&mm=31%2C29&mn=sn-ipoxu-u2x6%2Csn-un57en7s&ms=au%2Crdu&mv=m&mvi=3&pl=21&initcwndbps=947500&vprv=1&mime=video%2Fmp4&ns=zWm42YArBUezAj5bEK105UcF&gir=yes&clen=143809272&dur=8896.953&lmt=1586156170518472&mt=1613135326&fvip=3&keepalive=yes&beids=23886216&c=WEB&txp=5535432&n=QGFaMjwEkfkQEs4bZs&sparams=expire%2Cei%2Cip%2Cid%2Caitags%2Csource%2Crequiressl%2Cvprv%2Cmime%2Cns%2Cgir%2Cclen%2Cdur%2Clmt&lsparams=mh%2Cmm%2Cmn%2Cms%2Cmv%2Cmvi%2Cpl%2Cinitcwndbps&lsig=AG3C_xAwRQIgQQCEo5GclarShiiBYxNFi0WNwTLJExfZZu5SqXhvbpgCIQDuJY_UgCZMPitGdQSB8Pm6SGF-JtTLH0aAi54VoARwPg%3D%3D&sig=AOq0QJ8wRgIhAL_qXB56tbch49GEyQSSLqPtcg4MbZZ5nm9_W0pSmmmbAiEAl5eHx-TzfvjbZq8GoILMyhIE8MowetdkJvuUKDFFIMM=&ratebypass=yes", "player_url": "/s/player/490079fb/player_ias.vflset/en_US/base.js", "ext": "mp4", "height": 720, "format_note": "720p", "vcodec": "avc1.4d401f", "asr": null, "filesize": 143809272, "fps": 30, "tbr": 202.122, "width": 1280, "acodec": "none", "downloader_options": {"http_chunk_size": 10485760}, "format": "136 - 1280x720 (720p)", "protocol": "https", "http_headers": {"User-Agent": "Mozilla/5.0 (Windows NT 10.0; Win64; x64) AppleWebKit/537.36 (KHTML, like Gecko) Chrome/74.0.3729.96 Safari/537.36", "Accept-Charset": "ISO-8859-1,utf-8;q=0.7,*;q=0.7", "Accept": "text/html,application/xhtml+xml,application/xml;q=0.9,*/*;q=0.8", "Accept-Encoding": "gzip, deflate", "Accept-Language": "en-us,en;q=0.5"}}, {"format_id": "243", "url": "https://r3---sn-ipoxu-u2x6.googlevideo.com/videoplayback?expire=1613157262&ei=Ln8mYJ7jGczcrQSj7oLgCg&ip=61.230.12.35&id=o-AOynY0mbsc2-YpEsWDFc1O2Y3ho65OMk_WiIfdyh27ZD&itag=243&aitags=133%2C134%2C135%2C136%2C137%2C160%2C242%2C243%2C244%2C247%2C248%2C278&source=youtube&requiressl=yes&mh=5g&mm=31%2C29&mn=sn-ipoxu-u2x6%2Csn-un57en7s&ms=au%2Crdu&mv=m&mvi=3&pl=21&initcwndbps=947500&vprv=1&mime=video%2Fwebm&ns=zWm42YArBUezAj5bEK105UcF&gir=yes&clen=126156596&dur=8896.955&lmt=1586159364788965&mt=1613135326&fvip=3&keepalive=yes&beids=23886216&c=WEB&txp=5535432&n=QGFaMjwEkfkQEs4bZs&sparams=expire%2Cei%2Cip%2Cid%2Caitags%2Csource%2Crequiressl%2Cvprv%2Cmime%2Cns%2Cgir%2Cclen%2Cdur%2Clmt&lsparams=mh%2Cmm%2Cmn%2Cms%2Cmv%2Cmvi%2Cpl%2Cinitcwndbps&lsig=AG3C_xAwRgIhAJEKOe9uDOL_1KvqU4GmZbfmuDFyLdrTmBqdzVVI8f7IAiEAm2vCdur2H6gPWXHDhXgbrCYF5dnZavT3_PWQgI0Ojeg%3D&sig=AOq0QJ8wRAIgUkpZcXQzG1-jofKCZFP2sDDAwqP_jSYKYAlmzqi1s2MCIAm4SoBNSC2h3pBUux6D01Blo5gHPf1pgXVRmUnPwloo&ratebypass=yes", "player_url": "/s/player/490079fb/player_ias.vflset/en_US/base.js", "ext": "webm", "height": 360, "format_note": "360p", "vcodec": "vp9", "asr": null, "filesize": 126156596, "fps": 30, "tbr": 212.301, "width": 640, "acodec": "none", "downloader_options": {"http_chunk_size": 10485760}, "format": "243 - 640x360 (360p)", "protocol": "https", "http_headers": {"User-Agent": "Mozilla/5.0 (Windows NT 10.0; Win64; x64) AppleWebKit/537.36 (KHTML, like Gecko) Chrome/74.0.3729.96 Safari/537.36", "Accept-Charset": "ISO-8859-1,utf-8;q=0.7,*;q=0.7", "Accept": "text/html,application/xhtml+xml,application/xml;q=0.9,*/*;q=0.8", "Accept-Encoding": "gzip, deflate", "Accept-Language": "en-us,en;q=0.5"}}, {"format_id": "244", "url": "https://r3---sn-ipoxu-u2x6.googlevideo.com/videoplayback?expire=1613157262&ei=Ln8mYJ7jGczcrQSj7oLgCg&ip=61.230.12.35&id=o-AOynY0mbsc2-YpEsWDFc1O2Y3ho65OMk_WiIfdyh27ZD&itag=244&aitags=133%2C134%2C135%2C136%2C137%2C160%2C242%2C243%2C244%2C247%2C248%2C278&source=youtube&requiressl=yes&mh=5g&mm=31%2C29&mn=sn-ipoxu-u2x6%2Csn-un57en7s&ms=au%2Crdu&mv=m&mvi=3&pl=21&initcwndbps=947500&vprv=1&mime=video%2Fwebm&ns=zWm42YArBUezAj5bEK105UcF&gir=yes&clen=208513317&dur=8896.955&lmt=1586159364788465&mt=1613135326&fvip=3&keepalive=yes&beids=23886216&c=WEB&txp=5535432&n=QGFaMjwEkfkQEs4bZs&sparams=expire%2Cei%2Cip%2Cid%2Caitags%2Csource%2Crequiressl%2Cvprv%2Cmime%2Cns%2Cgir%2Cclen%2Cdur%2Clmt&lsparams=mh%2Cmm%2Cmn%2Cms%2Cmv%2Cmvi%2Cpl%2Cinitcwndbps&lsig=AG3C_xAwRgIhAI8FHuEm_evZgo83ST6Hcebx---_7MNDI449ELc7mXM2AiEAhLE5npKnbHCr72eOLF9zymb_yy3LG3FmTcBDfWurJSA%3D&sig=AOq0QJ8wRQIgUU2DpprOCwCcbMPyma_kvraBl91eVMH6znDm4ESaYewCIQC-LBoQGNr1jZg2c05fm-vbGDgE3R0bRuamEo1Y94Hs8A==&ratebypass=yes", "player_url": "/s/player/490079fb/player_ias.vflset/en_US/base.js", "ext": "webm", "height": 480, "format_note": "480p", "vcodec": "vp9", "asr": null, "filesize": 208513317, "fps": 30, "tbr": 356.178, "width": 854, "acodec": "none", "downloader_options": {"http_chunk_size": 10485760}, "format": "244 - 854x480 (480p)", "protocol": "https", "http_headers": {"User-Agent": "Mozilla/5.0 (Windows NT 10.0; Win64; x64) AppleWebKit/537.36 (KHTML, like Gecko) Chrome/74.0.3729.96 Safari/537.36", "Accept-Charset": "ISO-8859-1,utf-8;q=0.7,*;q=0.7", "Accept": "text/html,application/xhtml+xml,application/xml;q=0.9,*/*;q=0.8", "Accept-Encoding": "gzip, deflate", "Accept-Language": "en-us,en;q=0.5"}}, {"format_id": "247", "url": "https://r3---sn-ipoxu-u2x6.googlevideo.com/videoplayback?expire=1613157262&ei=Ln8mYJ7jGczcrQSj7oLgCg&ip=61.230.12.35&id=o-AOynY0mbsc2-YpEsWDFc1O2Y3ho65OMk_WiIfdyh27ZD&itag=247&aitags=133%2C134%2C135%2C136%2C137%2C160%2C242%2C243%2C244%2C247%2C248%2C278&source=youtube&requiressl=yes&mh=5g&mm=31%2C29&mn=sn-ipoxu-u2x6%2Csn-un57en7s&ms=au%2Crdu&mv=m&mvi=3&pl=21&initcwndbps=947500&vprv=1&mime=video%2Fwebm&ns=zWm42YArBUezAj5bEK105UcF&gir=yes&clen=423696167&dur=8896.955&lmt=1586159364788906&mt=1613135326&fvip=3&keepalive=yes&beids=23886216&c=WEB&txp=5535432&n=QGFaMjwEkfkQEs4bZs&sparams=expire%2Cei%2Cip%2Cid%2Caitags%2Csource%2Crequiressl%2Cvprv%2Cmime%2Cns%2Cgir%2Cclen%2Cdur%2Clmt&lsparams=mh%2Cmm%2Cmn%2Cms%2Cmv%2Cmvi%2Cpl%2Cinitcwndbps&lsig=AG3C_xAwRgIhAPPA3rHcXS-g09mTbXXc0wkoVlCFtIhHNO9oSDmv8rezAiEAhDzaoiLlec3dv117Lq4vHvHOw7FSTqwA84r24Nc0IK0%3D&sig=AOq0QJ8wRgIhAMTiNb5uN8LzK9rXjaelkGrFuBhUIhB0vW4siTK4AiAWAiEA3tC2xo-PPHUeVNheyCd1RkU9et3Z74msBEW9_-cnpwA=&ratebypass=yes", "player_url": "/s/player/490079fb/player_ias.vflset/en_US/base.js", "ext": "webm", "height": 720, "format_note": "720p", "vcodec": "vp9", "asr": null, "filesize": 423696167, "fps": 30, "tbr": 708.584, "width": 1280, "acodec": "none", "downloader_options": {"http_chunk_size": 10485760}, "format": "247 - 1280x720 (720p)", "protocol": "https", "http_headers": {"User-Agent": "Mozilla/5.0 (Windows NT 10.0; Win64; x64) AppleWebKit/537.36 (KHTML, like Gecko) Chrome/74.0.3729.96 Safari/537.36", "Accept-Charset": "ISO-8859-1,utf-8;q=0.7,*;q=0.7", "Accept": "text/html,application/xhtml+xml,application/xml;q=0.9,*/*;q=0.8", "Accept-Encoding": "gzip, deflate", "Accept-Language": "en-us,en;q=0.5"}}, {"format_id": "137", "url": "https://r3---sn-ipoxu-u2x6.googlevideo.com/videoplayback?expire=1613157262&ei=Ln8mYJ7jGczcrQSj7oLgCg&ip=61.230.12.35&id=o-AOynY0mbsc2-YpEsWDFc1O2Y3ho65OMk_WiIfdyh27ZD&itag=137&aitags=133%2C134%2C135%2C136%2C137%2C160%2C242%2C243%2C244%2C247%2C248%2C278&source=youtube&requiressl=yes&mh=5g&mm=31%2C29&mn=sn-ipoxu-u2x6%2Csn-un57en7s&ms=au%2Crdu&mv=m&mvi=3&pl=21&initcwndbps=947500&vprv=1&mime=video%2Fmp4&ns=zWm42YArBUezAj5bEK105UcF&gir=yes&clen=590230834&dur=8896.953&lmt=1586156210178337&mt=1613135326&fvip=3&keepalive=yes&beids=23886216&c=WEB&txp=5535432&n=QGFaMjwEkfkQEs4bZs&sparams=expire%2Cei%2Cip%2Cid%2Caitags%2Csource%2Crequiressl%2Cvprv%2Cmime%2Cns%2Cgir%2Cclen%2Cdur%2Clmt&lsparams=mh%2Cmm%2Cmn%2Cms%2Cmv%2Cmvi%2Cpl%2Cinitcwndbps&lsig=AG3C_xAwRQIhAOP25bhqGuT0CNL_F3P9z4b_9mdbaK_NNghHXYs4k7wvAiBz5zVICzZ6gKy7V96bEGg6aQMBspb9QFXr_0h2YHKxfA%3D%3D&sig=AOq0QJ8wRQIgelzRcvt2ppu50hqhJjxHjg01-KThLiitRnPZ9miqyQgCIQDpF6fnfKS0wIc_x8t11hGiHaCa2Zt50_odSAfa0Ct7Dw==&ratebypass=yes", "player_url": "/s/player/490079fb/player_ias.vflset/en_US/base.js", "ext": "mp4", "height": 1080, "format_note": "1080p", "vcodec": "avc1.640028", "asr": null, "filesize": 590230834, "fps": 30, "tbr": 941.254, "width": 1920, "acodec": "none", "downloader_options": {"http_chunk_size": 10485760}, "format": "137 - 1920x1080 (1080p)", "protocol": "https", "http_headers": {"User-Agent": "Mozilla/5.0 (Windows NT 10.0; Win64; x64) AppleWebKit/537.36 (KHTML, like Gecko) Chrome/74.0.3729.96 Safari/537.36", "Accept-Charset": "ISO-8859-1,utf-8;q=0.7,*;q=0.7", "Accept": "text/html,application/xhtml+xml,application/xml;q=0.9,*/*;q=0.8", "Accept-Encoding": "gzip, deflate", "Accept-Language": "en-us,en;q=0.5"}}, {"format_id": "248", "url": "https://r3---sn-ipoxu-u2x6.googlevideo.com/videoplayback?expire=1613157262&ei=Ln8mYJ7jGczcrQSj7oLgCg&ip=61.230.12.35&id=o-AOynY0mbsc2-YpEsWDFc1O2Y3ho65OMk_WiIfdyh27ZD&itag=248&aitags=133%2C134%2C135%2C136%2C137%2C160%2C242%2C243%2C244%2C247%2C248%2C278&source=youtube&requiressl=yes&mh=5g&mm=31%2C29&mn=sn-ipoxu-u2x6%2Csn-un57en7s&ms=au%2Crdu&mv=m&mvi=3&pl=21&initcwndbps=947500&vprv=1&mime=video%2Fwebm&ns=zWm42YArBUezAj5bEK105UcF&gir=yes&clen=918599035&dur=8896.955&lmt=1586157964471961&mt=1613135326&fvip=3&keepalive=yes&beids=23886216&c=WEB&txp=5535432&n=QGFaMjwEkfkQEs4bZs&sparams=expire%2Cei%2Cip%2Cid%2Caitags%2Csource%2Crequiressl%2Cvprv%2Cmime%2Cns%2Cgir%2Cclen%2Cdur%2Clmt&lsparams=mh%2Cmm%2Cmn%2Cms%2Cmv%2Cmvi%2Cpl%2Cinitcwndbps&lsig=AG3C_xAwRgIhAPSnqQmv4Q2XWPIzS3ppDJofRj00A734jzcwxHYJiFZuAiEAg6Pmmoaqf7yQafjrw86Nm8a13xF5zWIk8XXZ_gwRDaY%3D&sig=AOq0QJ8wRQIhAIeyQ3YRVGHWzJJ12SIEgD50vcwC_vc24uGJuqo7flrZAiBVW0-uRbIaSj-HjoWu7LnchU1TF3LM5E6xmnDZNGvHew==&ratebypass=yes", "player_url": "/s/player/490079fb/player_ias.vflset/en_US/base.js", "ext": "webm", "height": 1080, "format_note": "1080p", "vcodec": "vp9", "asr": null, "filesize": 918599035, "fps": 30, "tbr": 1466.257, "width": 1920, "acodec": "none", "downloader_options": {"http_chunk_size": 10485760}, "format": "248 - 1920x1080 (1080p)", "protocol": "https", "http_headers": {"User-Agent": "Mozilla/5.0 (Windows NT 10.0; Win64; x64) AppleWebKit/537.36 (KHTML, like Gecko) Chrome/74.0.3729.96 Safari/537.36", "Accept-Charset": "ISO-8859-1,utf-8;q=0.7,*;q=0.7", "Accept": "text/html,application/xhtml+xml,application/xml;q=0.9,*/*;q=0.8", "Accept-Encoding": "gzip, deflate", "Accept-Language": "en-us,en;q=0.5"}}, {"format_id": "22", "url": "https://r3---sn-ipoxu-u2x6.googlevideo.com/videoplayback?expire=1613157262&ei=Ln8mYJ7jGczcrQSj7oLgCg&ip=61.230.12.35&id=o-AOynY0mbsc2-YpEsWDFc1O2Y3ho65OMk_WiIfdyh27ZD&itag=22&source=youtube&requiressl=yes&mh=5g&mm=31%2C29&mn=sn-ipoxu-u2x6%2Csn-un57en7s&ms=au%2Crdu&mv=m&mvi=3&pl=21&initcwndbps=947500&vprv=1&mime=video%2Fmp4&ns=O68feNIF6hDpx_T426p2BXgF&cnr=14&ratebypass=yes&dur=8897.004&lmt=1586156558039819&mt=1613135326&fvip=3&beids=23886216&c=WEB&txp=5535432&n=_9v0H2HxgglYd4Cafv&sparams=expire%2Cei%2Cip%2Cid%2Citag%2Csource%2Crequiressl%2Cvprv%2Cmime%2Cns%2Ccnr%2Cratebypass%2Cdur%2Clmt&lsparams=mh%2Cmm%2Cmn%2Cms%2Cmv%2Cmvi%2Cpl%2Cinitcwndbps&lsig=AG3C_xAwRgIhAPknWcseJ3fLZX5hBs1sXkbeJy06-ldQh4A4KddRFFzsAiEA_vsfDGE98sAzotruZ303VrHSy82ssNYv_1pxctMTj94%3D&sig=AOq0QJ8wRgIhAJCVJjwJzTvwgJ9mzD-sPN5UBCKanD5UDcC7HYIwN_EtAiEAn1g55G-9B7a-hrGcrXLKGOV77UxB2e2T33GkY9HbTHE=", "player_url": "/s/player/490079fb/player_ias.vflset/en_US/base.js", "ext": "mp4", "width": 1280, "height": 720, "acodec": "mp4a.40.2", "abr": 192, "vcodec": "avc1.64001F", "asr": 44100, "filesize": null, "format_note": "720p", "fps": 30, "tbr": 258.167, "format": "22 - 1280x720 (720p)", "protocol": "https", "http_headers": {"User-Agent": "Mozilla/5.0 (Windows NT 10.0; Win64; x64) AppleWebKit/537.36 (KHTML, like Gecko) Chrome/74.0.3729.96 Safari/537.36", "Accept-Charset": "ISO-8859-1,utf-8;q=0.7,*;q=0.7", "Accept": "text/html,application/xhtml+xml,application/xml;q=0.9,*/*;q=0.8", "Accept-Encoding": "gzip, deflate", "Accept-Language": "en-us,en;q=0.5"}}, {"format_id": "18", "url": "https://r3---sn-ipoxu-u2x6.googlevideo.com/videoplayback?expire=1613157262&ei=Ln8mYJ7jGczcrQSj7oLgCg&ip=61.230.12.35&id=o-AOynY0mbsc2-YpEsWDFc1O2Y3ho65OMk_WiIfdyh27ZD&itag=18&source=youtube&requiressl=yes&mh=5g&mm=31%2C29&mn=sn-ipoxu-u2x6%2Csn-un57en7s&ms=au%2Crdu&mv=m&mvi=3&pl=21&initcwndbps=947500&vprv=1&mime=video%2Fmp4&ns=O68feNIF6hDpx_T426p2BXgF&gir=yes&clen=394382242&ratebypass=yes&dur=8897.004&lmt=1586146508375610&mt=1613135326&fvip=3&beids=23886216&c=WEB&txp=5531432&n=_9v0H2HxgglYd4Cafv&sparams=expire%2Cei%2Cip%2Cid%2Citag%2Csource%2Crequiressl%2Cvprv%2Cmime%2Cns%2Cgir%2Cclen%2Cratebypass%2Cdur%2Clmt&lsparams=mh%2Cmm%2Cmn%2Cms%2Cmv%2Cmvi%2Cpl%2Cinitcwndbps&lsig=AG3C_xAwRQIgTloUIEpUvJfUMPQ_EfuIskayW1gvHfR-X-qjGVHoU3ECIQC-60qLW2qLUVkx5cbMKLVrM1yR2S0j3ujmt4Ob0xjcLQ%3D%3D&sig=AOq0QJ8wRQIgWABS1AYRSXgUfvpUrhgzbGTN_3S_3Ccb_1PCXvlcPfkCIQDyP7U731gx7Qu9E8xUUElW99xf-xp6SKsBsgaoBJVcgg==", "player_url": "/s/player/490079fb/player_ias.vflset/en_US/base.js", "ext": "mp4", "width": 640, "height": 360, "acodec": "mp4a.40.2", "abr": 96, "vcodec": "avc1.42001E", "asr": 44100, "filesize": 394382242, "format_note": "360p", "fps": 30, "tbr": 354.622, "format": "18 - 640x360 (360p)", "protocol": "https", "http_headers": {"User-Agent": "Mozilla/5.0 (Windows NT 10.0; Win64; x64) AppleWebKit/537.36 (KHTML, like Gecko) Chrome/74.0.3729.96 Safari/537.36", "Accept-Charset": "ISO-8859-1,utf-8;q=0.7,*;q=0.7", "Accept": "text/html,application/xhtml+xml,application/xml;q=0.9,*/*;q=0.8", "Accept-Encoding": "gzip, deflate", "Accept-Language": "en-us,en;q=0.5"}}], "is_live": null, "start_time": null, "end_time": null, "series": null, "season_number": null, "episode_number": null, "track": null, "artist": null, "album": null, "release_date": null, "release_year": null, "extractor": "youtube", "webpage_url_basename": "watch", "extractor_key": "Youtube", "playlist": null, "playlist_index": null, "thumbnail": "https://i.ytimg.com/vi/TNoaOTrTkTQ/maxresdefault.jpg", "display_id": "TNoaOTrTkTQ", "requested_subtitles": null, "format_id": "251", "url": "https://r3---sn-ipoxu-u2x6.googlevideo.com/videoplayback?expire=1613157262&ei=Ln8mYJ7jGczcrQSj7oLgCg&ip=61.230.12.35&id=o-AOynY0mbsc2-YpEsWDFc1O2Y3ho65OMk_WiIfdyh27ZD&itag=251&source=youtube&requiressl=yes&mh=5g&mm=31%2C29&mn=sn-ipoxu-u2x6%2Csn-un57en7s&ms=au%2Crdu&mv=m&mvi=3&pl=21&initcwndbps=947500&vprv=1&mime=audio%2Fwebm&ns=zWm42YArBUezAj5bEK105UcF&gir=yes&clen=171487474&dur=8896.981&lmt=1586153479976779&mt=1613135326&fvip=3&keepalive=yes&beids=23886216&c=WEB&txp=5531432&n=QGFaMjwEkfkQEs4bZs&sparams=expire%2Cei%2Cip%2Cid%2Citag%2Csource%2Crequiressl%2Cvprv%2Cmime%2Cns%2Cgir%2Cclen%2Cdur%2Clmt&lsparams=mh%2Cmm%2Cmn%2Cms%2Cmv%2Cmvi%2Cpl%2Cinitcwndbps&lsig=AG3C_xAwRgIhAM9Qb_j0ege9QsiYK8RhUHVfkFUuka1Egk5AzDOLUCf7AiEAn533jw5RB8nwrAKO6T9L6S4h6gNwNP59ebAIu4FhO3A%3D&sig=AOq0QJ8wRQIhAKAMyRrcNT--LIc4e301cNk9oYeg-YRTU063ZQGkoXXVAiAros2hZlILhDZi9-uN4dvOxkxgtxy2EbAl_6_BuvnkUQ==&ratebypass=yes", "player_url": "/s/player/490079fb/player_ias.vflset/en_US/base.js", "ext": "webm", "format_note": "tiny", "acodec": "opus", "abr": 160, "asr": 48000, "filesize": 171487474, "fps": null, "height": null, "tbr": 170.605, "width": null, "vcodec": "none", "downloader_options": {"http_chunk_size": 10485760}, "format": "251 - audio only (tiny)", "protocol": "https", "http_headers": {"User-Agent": "Mozilla/5.0 (Windows NT 10.0; Win64; x64) AppleWebKit/537.36 (KHTML, like Gecko) Chrome/74.0.3729.96 Safari/537.36", "Accept-Charset": "ISO-8859-1,utf-8;q=0.7,*;q=0.7", "Accept": "text/html,application/xhtml+xml,application/xml;q=0.9,*/*;q=0.8", "Accept-Encoding": "gzip, deflate", "Accept-Language": "en-us,en;q=0.5"}}