{"id": "uqRLEByE6pU", "uploader": "Dan Musselman", "uploader_id": "danmusselman", "uploader_url": "http://www.youtube.com/user/danmusselman", "channel_id": "UCuG1wOLEw11GDOodH--MS6w", "channel_url": "http://www.youtube.com/channel/UCuG1wOLEw11GDOodH--MS6w", "upload_date": "20180302", "license": null, "creator": null, "title": "WHO YOU SAY I AM | Piano Instrumental with Lyrics | Hillsong Worship", "alt_title": null, "thumbnails": [{"url": "https://i.ytimg.com/vi/uqRLEByE6pU/hqdefault.jpg?sqp=-oaymwEbCKgBEF5IVfKriqkDDggBFQAAiEIYAXABwAEG&rs=AOn4CLA_w5HHLI_qU1dTGode_di6ac0Uvg", "width": 168, "height": 94, "resolution": "168x94", "id": "0"}, {"url": "https://i.ytimg.com/vi/uqRLEByE6pU/hqdefault.jpg?sqp=-oaymwEbCMQBEG5IVfKriqkDDggBFQAAiEIYAXABwAEG&rs=AOn4CLDDbvfzl45TCXRLMckfdqF3x8qzXg", "width": 196, "height": 110, "resolution": "196x110", "id": "1"}, {"url": "https://i.ytimg.com/vi/uqRLEByE6pU/hqdefault.jpg?sqp=-oaymwEcCPYBEIoBSFXyq4qpAw4IARUAAIhCGAFwAcABBg==&rs=AOn4CLC4WqfJ_JNuAPADhcxo00Kz0ojfPA", "width": 246, "height": 138, "resolution": "246x138", "id": "2"}, {"url": "https://i.ytimg.com/vi/uqRLEByE6pU/hqdefault.jpg?sqp=-oaymwEcCNACELwBSFXyq4qpAw4IARUAAIhCGAFwAcABBg==&rs=AOn4CLCEymPTyd81nXUerR0m3YgcYafPtw", "width": 336, "height": 188, "resolution": "336x188", "id": "3"}, {"url": "https://i.ytimg.com/vi_webp/uqRLEByE6pU/maxresdefault.webp", "width": 1920, "height": 1080, "resolution": "1920x1080", "id": "4"}], "description": "SHEET MUSIC NOW AVAILABLE:\nhttp://danmusselman.com/?page_id=409\n\"Who You Say I Am\" by Hillsong Worship. Written by Ben Fielding and Reuben Morgan. Piano arrangement by Dan Musselman. \n\nPlease support my ministry through prayer. You can also subscribe, give a like, and leave a comment. You can also visit my website for recordings and sheet music. https://danmusselman.com\n\nMay this music be a blessing to you, and to God be all the glory.\n\n[Verse 1]\nWho am I that the highest King\nWould welcome me\nI was lost but He brought me in\nOh His love for me\nOh His love for me\n\n[Chorus 1]\nWho the Son sets free\nOh is free indeed\nI'm a child of God\nYes I am\n\n[Verse 2]\nFree at last He has ransomed me\nHis grace runs deep\nWhile I was a slave to sin\nJesus died for me\nYes He died for me\n\n[Chorus 2]\nWho the Son sets free\nOh is free indeed\nI'm a child of God\nYes I am\nIn my Father's house\nThere's a place for me\nI'm a child of God\nYes I am\n\n[Bridge]\nI am chosen, not forsaken\nI am who You say I am\nYou are for me, not against me\nI am who You say I am\nI am chosen, not forsaken\nI am who You say I am\nYou are for me, not against me\nI am who You say I am\nI am who You say I am", "categories": ["Music"], "tags": ["hillsong worship", "karaoke", "piano instrumental", "who you say i am", "what a beautiful name", "instrumental worship", "bethel instrumental", "brooke ligertwood", "grammy hillsong", "hillsong grammy", "More than this", "there is more", "bethel piano", "hillsong instrumental", "hillsong karaoke", "hillsong lyric video", "lyric", "hillsong piano instrumental", "dan musselman", "hillsong oceans", "instrumental worship music", "instrumental piano worship", "karaoke songs", "karaoke songs with lyrics", "worship karaoke"], "subtitles": {}, "automatic_captions": {}, "duration": 338, "age_limit": 0, "annotations": null, "chapters": null, "webpage_url": "https://www.youtube.com/watch?v=uqRLEByE6pU", "view_count": 748837, "like_count": 6192, "dislike_count": 120, "average_rating": 4.9239545, "formats": [{"format_id": "249", "url": "https://r6---sn-5njj-u2xl.googlevideo.com/videoplayback?expire=1613497722&ei=GrErYI2HFNCClQSlv6CgBg&ip=140.109.135.76&id=o-ACrGqB2ZYthavR6KrAYuFgJbWUx5mQGOY1oATEPC4o6q&itag=249&source=youtube&requiressl=yes&mh=6E&mm=31%2C29&mn=sn-5njj-u2xl%2Csn-un57en7e&ms=au%2Crdu&mv=m&mvi=6&pcm2cms=yes&pl=16&initcwndbps=1022500&vprv=1&mime=audio%2Fwebm&ns=6PrjFadXsUAqZtpD7WfsJ3oF&gir=yes&clen=2444648&dur=337.561&lmt=1540953328341455&mt=1613475655&fvip=6&keepalive=yes&c=WEB&txp=5411222&n=iCoM6keJyZ9MGIucxw&sparams=expire%2Cei%2Cip%2Cid%2Citag%2Csource%2Crequiressl%2Cvprv%2Cmime%2Cns%2Cgir%2Cclen%2Cdur%2Clmt&lsparams=mh%2Cmm%2Cmn%2Cms%2Cmv%2Cmvi%2Cpcm2cms%2Cpl%2Cinitcwndbps&lsig=AG3C_xAwRAIgdSlmwo_0U7EDl8I7cyAUK9gXoV4GmkTZYtEZHNzOEtECIEewfiGm-aEkYNOs-DymVdAvv_lLYDjTE7kDd9qVNYmf&sig=AOq0QJ8wRQIgLlpMj5y_eVvb99kWJgXi2BD1uv4qFcYq3SyBV3oqRNQCIQCLk3NDdl0mJKeEsD_fNArCTcnAjG2iXz4Ms-SezymBvA==&ratebypass=yes", "player_url": "/s/player/490079fb/player_ias.vflset/en_US/base.js", "ext": "webm", "format_note": "tiny", "acodec": "opus", "abr": 50, "asr": 48000, "filesize": 2444648, "fps": null, "height": null, "tbr": 63.732, "width": null, "vcodec": "none", "downloader_options": {"http_chunk_size": 10485760}, "format": "249 - audio only (tiny)", "protocol": "https", "http_headers": {"User-Agent": "Mozilla/5.0 (Windows NT 10.0; Win64; x64) AppleWebKit/537.36 (KHTML, like Gecko) Chrome/74.0.3729.24 Safari/537.36", "Accept-Charset": "ISO-8859-1,utf-8;q=0.7,*;q=0.7", "Accept": "text/html,application/xhtml+xml,application/xml;q=0.9,*/*;q=0.8", "Accept-Encoding": "gzip, deflate", "Accept-Language": "en-us,en;q=0.5"}}, {"format_id": "250", "url": "https://r6---sn-5njj-u2xl.googlevideo.com/videoplayback?expire=1613497722&ei=GrErYI2HFNCClQSlv6CgBg&ip=140.109.135.76&id=o-ACrGqB2ZYthavR6KrAYuFgJbWUx5mQGOY1oATEPC4o6q&itag=250&source=youtube&requiressl=yes&mh=6E&mm=31%2C29&mn=sn-5njj-u2xl%2Csn-un57en7e&ms=au%2Crdu&mv=m&mvi=6&pcm2cms=yes&pl=16&initcwndbps=1022500&vprv=1&mime=audio%2Fwebm&ns=6PrjFadXsUAqZtpD7WfsJ3oF&gir=yes&clen=3303556&dur=337.561&lmt=1540953329856411&mt=1613475655&fvip=6&keepalive=yes&c=WEB&txp=5411222&n=iCoM6keJyZ9MGIucxw&sparams=expire%2Cei%2Cip%2Cid%2Citag%2Csource%2Crequiressl%2Cvprv%2Cmime%2Cns%2Cgir%2Cclen%2Cdur%2Clmt&lsparams=mh%2Cmm%2Cmn%2Cms%2Cmv%2Cmvi%2Cpcm2cms%2Cpl%2Cinitcwndbps&lsig=AG3C_xAwRgIhAKIBKq3M07FqH32eg1y0KFvNzkFrVZIjLsmdIFZtRC5NAiEAgcvgtmBQBcKFAqjcBjYvgJzEzd46kjGNXSuxs9nWtjc%3D&sig=AOq0QJ8wRQIhAIiMllnr0HMpXNIPB12jM79AUp_8FVv9wcCr-ffUf2WVAiAcJkXQ-TVB1Vmxog2Lr_YVuSAEkfe4OulLrcS8eHJpPA==&ratebypass=yes", "player_url": "/s/player/490079fb/player_ias.vflset/en_US/base.js", "ext": "webm", "format_note": "tiny", "acodec": "opus", "abr": 70, "asr": 48000, "filesize": 3303556, "fps": null, "height": null, "tbr": 85.566, "width": null, "vcodec": "none", "downloader_options": {"http_chunk_size": 10485760}, "format": "250 - audio only (tiny)", "protocol": "https", "http_headers": {"User-Agent": "Mozilla/5.0 (Windows NT 10.0; Win64; x64) AppleWebKit/537.36 (KHTML, like Gecko) Chrome/74.0.3729.24 Safari/537.36", "Accept-Charset": "ISO-8859-1,utf-8;q=0.7,*;q=0.7", "Accept": "text/html,application/xhtml+xml,application/xml;q=0.9,*/*;q=0.8", "Accept-Encoding": "gzip, deflate", "Accept-Language": "en-us,en;q=0.5"}}, {"format_id": "140", "url": "https://r6---sn-5njj-u2xl.googlevideo.com/videoplayback?expire=1613497722&ei=GrErYI2HFNCClQSlv6CgBg&ip=140.109.135.76&id=o-ACrGqB2ZYthavR6KrAYuFgJbWUx5mQGOY1oATEPC4o6q&itag=140&source=youtube&requiressl=yes&mh=6E&mm=31%2C29&mn=sn-5njj-u2xl%2Csn-un57en7e&ms=au%2Crdu&mv=m&mvi=6&pcm2cms=yes&pl=16&initcwndbps=1022500&vprv=1&mime=audio%2Fmp4&ns=6PrjFadXsUAqZtpD7WfsJ3oF&gir=yes&clen=5362469&dur=337.594&lmt=1540952082890281&mt=1613475655&fvip=6&keepalive=yes&c=WEB&txp=5432432&n=iCoM6keJyZ9MGIucxw&sparams=expire%2Cei%2Cip%2Cid%2Citag%2Csource%2Crequiressl%2Cvprv%2Cmime%2Cns%2Cgir%2Cclen%2Cdur%2Clmt&lsparams=mh%2Cmm%2Cmn%2Cms%2Cmv%2Cmvi%2Cpcm2cms%2Cpl%2Cinitcwndbps&lsig=AG3C_xAwRQIhAKsbM1zmr-6GnedlLN1zM8PI43kFwIrj8HgmFanQ_JxgAiA9yEXhPT7ablz-xYit9LOfmJRFdLc3Xrs0sRl3-kqe8g%3D%3D&sig=AOq0QJ8wRgIhAIBo9nsIkjrr1uAH-21y4t0ojy5Antr4czvld69sLbeHAiEA5SBMg0xBqIIxclYQOEmwwXOKy-DeY527hd2M1en44ag=&ratebypass=yes", "player_url": "/s/player/490079fb/player_ias.vflset/en_US/base.js", "ext": "m4a", "format_note": "tiny", "acodec": "mp4a.40.2", "abr": 128, "container": "m4a_dash", "asr": 44100, "filesize": 5362469, "fps": null, "height": null, "tbr": 128.059, "width": null, "vcodec": "none", "downloader_options": {"http_chunk_size": 10485760}, "format": "140 - audio only (tiny)", "protocol": "https", "http_headers": {"User-Agent": "Mozilla/5.0 (Windows NT 10.0; Win64; x64) AppleWebKit/537.36 (KHTML, like Gecko) Chrome/74.0.3729.24 Safari/537.36", "Accept-Charset": "ISO-8859-1,utf-8;q=0.7,*;q=0.7", "Accept": "text/html,application/xhtml+xml,application/xml;q=0.9,*/*;q=0.8", "Accept-Encoding": "gzip, deflate", "Accept-Language": "en-us,en;q=0.5"}}, {"format_id": "251", "url": "https://r6---sn-5njj-u2xl.googlevideo.com/videoplayback?expire=1613497722&ei=GrErYI2HFNCClQSlv6CgBg&ip=140.109.135.76&id=o-ACrGqB2ZYthavR6KrAYuFgJbWUx5mQGOY1oATEPC4o6q&itag=251&source=youtube&requiressl=yes&mh=6E&mm=31%2C29&mn=sn-5njj-u2xl%2Csn-un57en7e&ms=au%2Crdu&mv=m&mvi=6&pcm2cms=yes&pl=16&initcwndbps=1022500&vprv=1&mime=audio%2Fwebm&ns=6PrjFadXsUAqZtpD7WfsJ3oF&gir=yes&clen=6369401&dur=337.561&lmt=1540953331270406&mt=1613475655&fvip=6&keepalive=yes&c=WEB&txp=5411222&n=iCoM6keJyZ9MGIucxw&sparams=expire%2Cei%2Cip%2Cid%2Citag%2Csource%2Crequiressl%2Cvprv%2Cmime%2Cns%2Cgir%2Cclen%2Cdur%2Clmt&lsparams=mh%2Cmm%2Cmn%2Cms%2Cmv%2Cmvi%2Cpcm2cms%2Cpl%2Cinitcwndbps&lsig=AG3C_xAwRQIhAIC-mOF4ZPh4MQKRKpsMQnbKFFfr46x00DZPsevz4RvjAiAnmZ617c69rNlJr_N43vhdFC7MR7Kmj6vnZuFVqXUKIw%3D%3D&sig=AOq0QJ8wRgIhAP5g_HjDCbME5TIEjcK821TsOO7zP9cpa6NePtqia7BAAiEAql0gX-q6GlsvRbVSDGNvCWQm4oA0pnthj1XTJieSsJU=&ratebypass=yes", "player_url": "/s/player/490079fb/player_ias.vflset/en_US/base.js", "ext": "webm", "format_note": "tiny", "acodec": "opus", "abr": 160, "asr": 48000, "filesize": 6369401, "fps": null, "height": null, "tbr": 161.987, "width": null, "vcodec": "none", "downloader_options": {"http_chunk_size": 10485760}, "format": "251 - audio only (tiny)", "protocol": "https", "http_headers": {"User-Agent": "Mozilla/5.0 (Windows NT 10.0; Win64; x64) AppleWebKit/537.36 (KHTML, like Gecko) Chrome/74.0.3729.24 Safari/537.36", "Accept-Charset": "ISO-8859-1,utf-8;q=0.7,*;q=0.7", "Accept": "text/html,application/xhtml+xml,application/xml;q=0.9,*/*;q=0.8", "Accept-Encoding": "gzip, deflate", "Accept-Language": "en-us,en;q=0.5"}}, {"format_id": "160", "url": "https://r6---sn-5njj-u2xl.googlevideo.com/videoplayback?expire=1613497722&ei=GrErYI2HFNCClQSlv6CgBg&ip=140.109.135.76&id=o-ACrGqB2ZYthavR6KrAYuFgJbWUx5mQGOY1oATEPC4o6q&itag=160&aitags=133%2C134%2C135%2C136%2C137%2C160%2C242%2C243%2C244%2C247%2C248%2C278&source=youtube&requiressl=yes&mh=6E&mm=31%2C29&mn=sn-5njj-u2xl%2Csn-un57en7e&ms=au%2Crdu&mv=m&mvi=6&pcm2cms=yes&pl=16&initcwndbps=1022500&vprv=1&mime=video%2Fmp4&ns=6PrjFadXsUAqZtpD7WfsJ3oF&gir=yes&clen=561357&dur=337.537&lmt=1540952085677070&mt=1613475655&fvip=6&keepalive=yes&c=WEB&txp=5432432&n=iCoM6keJyZ9MGIucxw&sparams=expire%2Cei%2Cip%2Cid%2Caitags%2Csource%2Crequiressl%2Cvprv%2Cmime%2Cns%2Cgir%2Cclen%2Cdur%2Clmt&lsparams=mh%2Cmm%2Cmn%2Cms%2Cmv%2Cmvi%2Cpcm2cms%2Cpl%2Cinitcwndbps&lsig=AG3C_xAwRQIhAKe_khiydvGx-ox3jc2fpwneStdI00-YAVfgLC-4WGs1AiAsSxqLHDA1Ak0tWo5mYx67lFds6px3Qkncfmth1-pEJw%3D%3D&sig=AOq0QJ8wRgIhAKHvChpNs0D6NxSMhmv9oPBQ6Y1rX1vyWqOxVDGcW0N4AiEAws8C3BxeRDSOZMUNqy2Mw9vcIp2vL1ia4zduGcL9d3o=&ratebypass=yes", "player_url": "/s/player/490079fb/player_ias.vflset/en_US/base.js", "ext": "mp4", "height": 144, "format_note": "144p", "vcodec": "avc1.4d400c", "asr": null, "filesize": 561357, "fps": 30, "tbr": 25.171, "width": 256, "acodec": "none", "downloader_options": {"http_chunk_size": 10485760}, "format": "160 - 256x144 (144p)", "protocol": "https", "http_headers": {"User-Agent": "Mozilla/5.0 (Windows NT 10.0; Win64; x64) AppleWebKit/537.36 (KHTML, like Gecko) Chrome/74.0.3729.24 Safari/537.36", "Accept-Charset": "ISO-8859-1,utf-8;q=0.7,*;q=0.7", "Accept": "text/html,application/xhtml+xml,application/xml;q=0.9,*/*;q=0.8", "Accept-Encoding": "gzip, deflate", "Accept-Language": "en-us,en;q=0.5"}}, {"format_id": "133", "url": "https://r6---sn-5njj-u2xl.googlevideo.com/videoplayback?expire=1613497722&ei=GrErYI2HFNCClQSlv6CgBg&ip=140.109.135.76&id=o-ACrGqB2ZYthavR6KrAYuFgJbWUx5mQGOY1oATEPC4o6q&itag=133&aitags=133%2C134%2C135%2C136%2C137%2C160%2C242%2C243%2C244%2C247%2C248%2C278&source=youtube&requiressl=yes&mh=6E&mm=31%2C29&mn=sn-5njj-u2xl%2Csn-un57en7e&ms=au%2Crdu&mv=m&mvi=6&pcm2cms=yes&pl=16&initcwndbps=1022500&vprv=1&mime=video%2Fmp4&ns=6PrjFadXsUAqZtpD7WfsJ3oF&gir=yes&clen=826270&dur=337.537&lmt=1540952084379220&mt=1613475655&fvip=6&keepalive=yes&c=WEB&txp=5432432&n=iCoM6keJyZ9MGIucxw&sparams=expire%2Cei%2Cip%2Cid%2Caitags%2Csource%2Crequiressl%2Cvprv%2Cmime%2Cns%2Cgir%2Cclen%2Cdur%2Clmt&lsparams=mh%2Cmm%2Cmn%2Cms%2Cmv%2Cmvi%2Cpcm2cms%2Cpl%2Cinitcwndbps&lsig=AG3C_xAwRgIhAPO1mvor140u7Z1VeF6TUnh53cdrG0zwKJMJewQgMDq1AiEAzsz-RA2qYoOrrAYDj73B1a9ZbqNZZO0G4PZaVW5zUoA%3D&sig=AOq0QJ8wRQIhAJLZWWZGPFhZwNT12Zpx1KXgBC1CHjl6QUZ199HTCj22AiA3sTqvlEE6pDeAVlNO0gwYfo2azGuRb7ULTr0vog0Xsg==&ratebypass=yes", "player_url": "/s/player/490079fb/player_ias.vflset/en_US/base.js", "ext": "mp4", "height": 240, "format_note": "240p", "vcodec": "avc1.4d4015", "asr": null, "filesize": 826270, "fps": 30, "tbr": 37.094, "width": 426, "acodec": "none", "downloader_options": {"http_chunk_size": 10485760}, "format": "133 - 426x240 (240p)", "protocol": "https", "http_headers": {"User-Agent": "Mozilla/5.0 (Windows NT 10.0; Win64; x64) AppleWebKit/537.36 (KHTML, like Gecko) Chrome/74.0.3729.24 Safari/537.36", "Accept-Charset": "ISO-8859-1,utf-8;q=0.7,*;q=0.7", "Accept": "text/html,application/xhtml+xml,application/xml;q=0.9,*/*;q=0.8", "Accept-Encoding": "gzip, deflate", "Accept-Language": "en-us,en;q=0.5"}}, {"format_id": "278", "url": "https://r6---sn-5njj-u2xl.googlevideo.com/videoplayback?expire=1613497722&ei=GrErYI2HFNCClQSlv6CgBg&ip=140.109.135.76&id=o-ACrGqB2ZYthavR6KrAYuFgJbWUx5mQGOY1oATEPC4o6q&itag=278&aitags=133%2C134%2C135%2C136%2C137%2C160%2C242%2C243%2C244%2C247%2C248%2C278&source=youtube&requiressl=yes&mh=6E&mm=31%2C29&mn=sn-5njj-u2xl%2Csn-un57en7e&ms=au%2Crdu&mv=m&mvi=6&pcm2cms=yes&pl=16&initcwndbps=1022500&vprv=1&mime=video%2Fwebm&ns=6PrjFadXsUAqZtpD7WfsJ3oF&gir=yes&clen=865403&dur=337.537&lmt=1540952845199611&mt=1613475655&fvip=6&keepalive=yes&c=WEB&txp=5432432&n=iCoM6keJyZ9MGIucxw&sparams=expire%2Cei%2Cip%2Cid%2Caitags%2Csource%2Crequiressl%2Cvprv%2Cmime%2Cns%2Cgir%2Cclen%2Cdur%2Clmt&lsparams=mh%2Cmm%2Cmn%2Cms%2Cmv%2Cmvi%2Cpcm2cms%2Cpl%2Cinitcwndbps&lsig=AG3C_xAwRQIgAo0Pze6Yks9tV4JoI8LKXCfFgYBwnKTtGKsurR2k57kCIQCrifIxqpSt_MAlBU6gas-KFnHG_00Ic23NH80xKVBn2A%3D%3D&sig=AOq0QJ8wRQIgKTk5f0ZpJk4wJ9YAQGHGxOmK3WDz4kuQpRUxc74sHToCIQDYNzpX4lKXZF-ouuubCvgMh1b7_Tf5wyF1XvX34VY2gg==&ratebypass=yes", "player_url": "/s/player/490079fb/player_ias.vflset/en_US/base.js", "ext": "webm", "height": 144, "format_note": "144p", "container": "webm", "vcodec": "vp9", "asr": null, "filesize": 865403, "fps": 30, "tbr": 44.943, "width": 256, "acodec": "none", "downloader_options": {"http_chunk_size": 10485760}, "format": "278 - 256x144 (144p)", "protocol": "https", "http_headers": {"User-Agent": "Mozilla/5.0 (Windows NT 10.0; Win64; x64) AppleWebKit/537.36 (KHTML, like Gecko) Chrome/74.0.3729.24 Safari/537.36", "Accept-Charset": "ISO-8859-1,utf-8;q=0.7,*;q=0.7", "Accept": "text/html,application/xhtml+xml,application/xml;q=0.9,*/*;q=0.8", "Accept-Encoding": "gzip, deflate", "Accept-Language": "en-us,en;q=0.5"}}, {"format_id": "242", "url": "https://r6---sn-5njj-u2xl.googlevideo.com/videoplayback?expire=1613497722&ei=GrErYI2HFNCClQSlv6CgBg&ip=140.109.135.76&id=o-ACrGqB2ZYthavR6KrAYuFgJbWUx5mQGOY1oATEPC4o6q&itag=242&aitags=133%2C134%2C135%2C136%2C137%2C160%2C242%2C243%2C244%2C247%2C248%2C278&source=youtube&requiressl=yes&mh=6E&mm=31%2C29&mn=sn-5njj-u2xl%2Csn-un57en7e&ms=au%2Crdu&mv=m&mvi=6&pcm2cms=yes&pl=16&initcwndbps=1022500&vprv=1&mime=video%2Fwebm&ns=6PrjFadXsUAqZtpD7WfsJ3oF&gir=yes&clen=1051021&dur=337.537&lmt=1540952845166182&mt=1613475655&fvip=6&keepalive=yes&c=WEB&txp=5432432&n=iCoM6keJyZ9MGIucxw&sparams=expire%2Cei%2Cip%2Cid%2Caitags%2Csource%2Crequiressl%2Cvprv%2Cmime%2Cns%2Cgir%2Cclen%2Cdur%2Clmt&lsparams=mh%2Cmm%2Cmn%2Cms%2Cmv%2Cmvi%2Cpcm2cms%2Cpl%2Cinitcwndbps&lsig=AG3C_xAwRQIhALQk3JUzszzLmAe8FwL5OWPpjwnCX8-tv4AsAVGA5L0kAiBEdu8gFFJLJ-utO8rn1X6vKNxP-B0wDANIILJg1zwn4g%3D%3D&sig=AOq0QJ8wRgIhAKTnL2uF-BI5WcBpXB1S_a9n6dzpQ_FtbCQng--bCMJNAiEApjoI1_0Ak-6BiKjZyiYZrF9mBypO8QMGb30xnvs1CP4=&ratebypass=yes", "player_url": "/s/player/490079fb/player_ias.vflset/en_US/base.js", "ext": "webm", "height": 240, "format_note": "240p", "vcodec": "vp9", "asr": null, "filesize": 1051021, "fps": 30, "tbr": 49.565, "width": 426, "acodec": "none", "downloader_options": {"http_chunk_size": 10485760}, "format": "242 - 426x240 (240p)", "protocol": "https", "http_headers": {"User-Agent": "Mozilla/5.0 (Windows NT 10.0; Win64; x64) AppleWebKit/537.36 (KHTML, like Gecko) Chrome/74.0.3729.24 Safari/537.36", "Accept-Charset": "ISO-8859-1,utf-8;q=0.7,*;q=0.7", "Accept": "text/html,application/xhtml+xml,application/xml;q=0.9,*/*;q=0.8", "Accept-Encoding": "gzip, deflate", "Accept-Language": "en-us,en;q=0.5"}}, {"format_id": "134", "url": "https://r6---sn-5njj-u2xl.googlevideo.com/videoplayback?expire=1613497722&ei=GrErYI2HFNCClQSlv6CgBg&ip=140.109.135.76&id=o-ACrGqB2ZYthavR6KrAYuFgJbWUx5mQGOY1oATEPC4o6q&itag=134&aitags=133%2C134%2C135%2C136%2C137%2C160%2C242%2C243%2C244%2C247%2C248%2C278&source=youtube&requiressl=yes&mh=6E&mm=31%2C29&mn=sn-5njj-u2xl%2Csn-un57en7e&ms=au%2Crdu&mv=m&mvi=6&pcm2cms=yes&pl=16&initcwndbps=1022500&vprv=1&mime=video%2Fmp4&ns=6PrjFadXsUAqZtpD7WfsJ3oF&gir=yes&clen=1419292&dur=337.537&lmt=1540952084381692&mt=1613475655&fvip=6&keepalive=yes&c=WEB&txp=5432432&n=iCoM6keJyZ9MGIucxw&sparams=expire%2Cei%2Cip%2Cid%2Caitags%2Csource%2Crequiressl%2Cvprv%2Cmime%2Cns%2Cgir%2Cclen%2Cdur%2Clmt&lsparams=mh%2Cmm%2Cmn%2Cms%2Cmv%2Cmvi%2Cpcm2cms%2Cpl%2Cinitcwndbps&lsig=AG3C_xAwRAIgfDZ2Hz3rgqYO5gP9U8vQIgL_2EKVGREKHrXuAia40y4CIGuhdphF06iNfVI1n11gthBLUyFoSiWQXC8JqqjHetQK&sig=AOq0QJ8wRAIgQbSrIjVS3MDl6q1jj_Ya43_yFz_umnk_wrHodc3B-ZoCIEOfFftD5yHH4PqGtSCpp-2l67UKzSvsWqc94KK3lJvw&ratebypass=yes", "player_url": "/s/player/490079fb/player_ias.vflset/en_US/base.js", "ext": "mp4", "height": 360, "format_note": "360p", "vcodec": "avc1.4d401e", "asr": null, "filesize": 1419292, "fps": 30, "tbr": 73.552, "width": 640, "acodec": "none", "downloader_options": {"http_chunk_size": 10485760}, "format": "134 - 640x360 (360p)", "protocol": "https", "http_headers": {"User-Agent": "Mozilla/5.0 (Windows NT 10.0; Win64; x64) AppleWebKit/537.36 (KHTML, like Gecko) Chrome/74.0.3729.24 Safari/537.36", "Accept-Charset": "ISO-8859-1,utf-8;q=0.7,*;q=0.7", "Accept": "text/html,application/xhtml+xml,application/xml;q=0.9,*/*;q=0.8", "Accept-Encoding": "gzip, deflate", "Accept-Language": "en-us,en;q=0.5"}}, {"format_id": "243", "url": "https://r6---sn-5njj-u2xl.googlevideo.com/videoplayback?expire=1613497722&ei=GrErYI2HFNCClQSlv6CgBg&ip=140.109.135.76&id=o-ACrGqB2ZYthavR6KrAYuFgJbWUx5mQGOY1oATEPC4o6q&itag=243&aitags=133%2C134%2C135%2C136%2C137%2C160%2C242%2C243%2C244%2C247%2C248%2C278&source=youtube&requiressl=yes&mh=6E&mm=31%2C29&mn=sn-5njj-u2xl%2Csn-un57en7e&ms=au%2Crdu&mv=m&mvi=6&pcm2cms=yes&pl=16&initcwndbps=1022500&vprv=1&mime=video%2Fwebm&ns=6PrjFadXsUAqZtpD7WfsJ3oF&gir=yes&clen=1748619&dur=337.537&lmt=1540952845138862&mt=1613475655&fvip=6&keepalive=yes&c=WEB&txp=5432432&n=iCoM6keJyZ9MGIucxw&sparams=expire%2Cei%2Cip%2Cid%2Caitags%2Csource%2Crequiressl%2Cvprv%2Cmime%2Cns%2Cgir%2Cclen%2Cdur%2Clmt&lsparams=mh%2Cmm%2Cmn%2Cms%2Cmv%2Cmvi%2Cpcm2cms%2Cpl%2Cinitcwndbps&lsig=AG3C_xAwRQIgXfXrBr8skzB-rtCEPYmpmORRvQzGUN_IkE0U7epsqlcCIQDXVSauytVMmnsLPOepNjL4H4wrR9IGRHU5cYMWrBkmDw%3D%3D&sig=AOq0QJ8wRgIhAPJmoVAjiAKBfcm-lR1YCKaWNi9gKL9EVTkCq-no4f8SAiEA_qt3ZZ9CRyKspYp7z3MyhePKLnx2ORcklUul0E1tLSU=&ratebypass=yes", "player_url": "/s/player/490079fb/player_ias.vflset/en_US/base.js", "ext": "webm", "height": 360, "format_note": "360p", "vcodec": "vp9", "asr": null, "filesize": 1748619, "fps": 30, "tbr": 86.844, "width": 640, "acodec": "none", "downloader_options": {"http_chunk_size": 10485760}, "format": "243 - 640x360 (360p)", "protocol": "https", "http_headers": {"User-Agent": "Mozilla/5.0 (Windows NT 10.0; Win64; x64) AppleWebKit/537.36 (KHTML, like Gecko) Chrome/74.0.3729.24 Safari/537.36", "Accept-Charset": "ISO-8859-1,utf-8;q=0.7,*;q=0.7", "Accept": "text/html,application/xhtml+xml,application/xml;q=0.9,*/*;q=0.8", "Accept-Encoding": "gzip, deflate", "Accept-Language": "en-us,en;q=0.5"}}, {"format_id": "135", "url": "https://r6---sn-5njj-u2xl.googlevideo.com/videoplayback?expire=1613497722&ei=GrErYI2HFNCClQSlv6CgBg&ip=140.109.135.76&id=o-ACrGqB2ZYthavR6KrAYuFgJbWUx5mQGOY1oATEPC4o6q&itag=135&aitags=133%2C134%2C135%2C136%2C137%2C160%2C242%2C243%2C244%2C247%2C248%2C278&source=youtube&requiressl=yes&mh=6E&mm=31%2C29&mn=sn-5njj-u2xl%2Csn-un57en7e&ms=au%2Crdu&mv=m&mvi=6&pcm2cms=yes&pl=16&initcwndbps=1022500&vprv=1&mime=video%2Fmp4&ns=6PrjFadXsUAqZtpD7WfsJ3oF&gir=yes&clen=1728878&dur=337.537&lmt=1540952084487045&mt=1613475655&fvip=6&keepalive=yes&c=WEB&txp=5432432&n=iCoM6keJyZ9MGIucxw&sparams=expire%2Cei%2Cip%2Cid%2Caitags%2Csource%2Crequiressl%2Cvprv%2Cmime%2Cns%2Cgir%2Cclen%2Cdur%2Clmt&lsparams=mh%2Cmm%2Cmn%2Cms%2Cmv%2Cmvi%2Cpcm2cms%2Cpl%2Cinitcwndbps&lsig=AG3C_xAwRQIhAOsdpHgGe-MBuRToD7NM1Is4gnG3fLOPT6DUy2A8G5IYAiB4qMLx6wvRa3hOG3pjmAl9sJDHUo5ZiNj0DXXD6EKH5w%3D%3D&sig=AOq0QJ8wRgIhAITYLP17O9pPp-Qlp-KT0HWHteUC5m5wW-_MYNOGOfYtAiEA4ydO5lKhMUFFKvIFz-iHnbpbqKL_7LwcU9pLm0HRe6g=&ratebypass=yes", "player_url": "/s/player/490079fb/player_ias.vflset/en_US/base.js", "ext": "mp4", "height": 480, "format_note": "480p", "vcodec": "avc1.4d401f", "asr": null, "filesize": 1728878, "fps": 30, "tbr": 106.193, "width": 854, "acodec": "none", "downloader_options": {"http_chunk_size": 10485760}, "format": "135 - 854x480 (480p)", "protocol": "https", "http_headers": {"User-Agent": "Mozilla/5.0 (Windows NT 10.0; Win64; x64) AppleWebKit/537.36 (KHTML, like Gecko) Chrome/74.0.3729.24 Safari/537.36", "Accept-Charset": "ISO-8859-1,utf-8;q=0.7,*;q=0.7", "Accept": "text/html,application/xhtml+xml,application/xml;q=0.9,*/*;q=0.8", "Accept-Encoding": "gzip, deflate", "Accept-Language": "en-us,en;q=0.5"}}, {"format_id": "244", "url": "https://r6---sn-5njj-u2xl.googlevideo.com/videoplayback?expire=1613497722&ei=GrErYI2HFNCClQSlv6CgBg&ip=140.109.135.76&id=o-ACrGqB2ZYthavR6KrAYuFgJbWUx5mQGOY1oATEPC4o6q&itag=244&aitags=133%2C134%2C135%2C136%2C137%2C160%2C242%2C243%2C244%2C247%2C248%2C278&source=youtube&requiressl=yes&mh=6E&mm=31%2C29&mn=sn-5njj-u2xl%2Csn-un57en7e&ms=au%2Crdu&mv=m&mvi=6&pcm2cms=yes&pl=16&initcwndbps=1022500&vprv=1&mime=video%2Fwebm&ns=6PrjFadXsUAqZtpD7WfsJ3oF&gir=yes&clen=2294065&dur=337.537&lmt=1540952845121852&mt=1613475655&fvip=6&keepalive=yes&c=WEB&txp=5432432&n=iCoM6keJyZ9MGIucxw&sparams=expire%2Cei%2Cip%2Cid%2Caitags%2Csource%2Crequiressl%2Cvprv%2Cmime%2Cns%2Cgir%2Cclen%2Cdur%2Clmt&lsparams=mh%2Cmm%2Cmn%2Cms%2Cmv%2Cmvi%2Cpcm2cms%2Cpl%2Cinitcwndbps&lsig=AG3C_xAwRQIgLBIu07NVqTff2i8kOgytaXxbbD5vHILTMV1C4iNRg2oCIQD0fR6PTXa-QYCs6jFiTi0Yfi6hBq83UZPxei1VIUgC1g%3D%3D&sig=AOq0QJ8wRQIhAOI2dfNhw1o3XQBAl9dYR_CfTg_Ffduej2qw2xItPOXcAiAKWP9eVoQCnWSS2UX89dwa3x7Hg08mcN0Lmwd8kmLV-g==&ratebypass=yes", "player_url": "/s/player/490079fb/player_ias.vflset/en_US/base.js", "ext": "webm", "height": 480, "format_note": "480p", "vcodec": "vp9", "asr": null, "filesize": 2294065, "fps": 30, "tbr": 120.626, "width": 854, "acodec": "none", "downloader_options": {"http_chunk_size": 10485760}, "format": "244 - 854x480 (480p)", "protocol": "https", "http_headers": {"User-Agent": "Mozilla/5.0 (Windows NT 10.0; Win64; x64) AppleWebKit/537.36 (KHTML, like Gecko) Chrome/74.0.3729.24 Safari/537.36", "Accept-Charset": "ISO-8859-1,utf-8;q=0.7,*;q=0.7", "Accept": "text/html,application/xhtml+xml,application/xml;q=0.9,*/*;q=0.8", "Accept-Encoding": "gzip, deflate", "Accept-Language": "en-us,en;q=0.5"}}, {"format_id": "136", "url": "https://r6---sn-5njj-u2xl.googlevideo.com/videoplayback?expire=1613497722&ei=GrErYI2HFNCClQSlv6CgBg&ip=140.109.135.76&id=o-ACrGqB2ZYthavR6KrAYuFgJbWUx5mQGOY1oATEPC4o6q&itag=136&aitags=133%2C134%2C135%2C136%2C137%2C160%2C242%2C243%2C244%2C247%2C248%2C278&source=youtube&requiressl=yes&mh=6E&mm=31%2C29&mn=sn-5njj-u2xl%2Csn-un57en7e&ms=au%2Crdu&mv=m&mvi=6&pcm2cms=yes&pl=16&initcwndbps=1022500&vprv=1&mime=video%2Fmp4&ns=6PrjFadXsUAqZtpD7WfsJ3oF&gir=yes&clen=2361525&dur=337.537&lmt=1540952084473006&mt=1613475655&fvip=6&keepalive=yes&c=WEB&txp=5432432&n=iCoM6keJyZ9MGIucxw&sparams=expire%2Cei%2Cip%2Cid%2Caitags%2Csource%2Crequiressl%2Cvprv%2Cmime%2Cns%2Cgir%2Cclen%2Cdur%2Clmt&lsparams=mh%2Cmm%2Cmn%2Cms%2Cmv%2Cmvi%2Cpcm2cms%2Cpl%2Cinitcwndbps&lsig=AG3C_xAwRgIhAKYnkE6QCewn25hb1fbWW4SGG1gGv2KIRwnYaarr3rL4AiEAvXpG8wltcOm9fr6Y-lwtjA5Z0_R2Z27BYtinV7KGHLI%3D&sig=AOq0QJ8wRgIhAP6kkV__URjK0b95tbVR_H5RmF368LTXLwYe4b5N7v3ZAiEA_yfyYnHAA0DANXpuDyX96VuS58VRuS8AFu2PK7kw7lQ=&ratebypass=yes", "player_url": "/s/player/490079fb/player_ias.vflset/en_US/base.js", "ext": "mp4", "height": 720, "format_note": "720p", "vcodec": "avc1.4d401f", "asr": null, "filesize": 2361525, "fps": 30, "tbr": 149.223, "width": 1280, "acodec": "none", "downloader_options": {"http_chunk_size": 10485760}, "format": "136 - 1280x720 (720p)", "protocol": "https", "http_headers": {"User-Agent": "Mozilla/5.0 (Windows NT 10.0; Win64; x64) AppleWebKit/537.36 (KHTML, like Gecko) Chrome/74.0.3729.24 Safari/537.36", "Accept-Charset": "ISO-8859-1,utf-8;q=0.7,*;q=0.7", "Accept": "text/html,application/xhtml+xml,application/xml;q=0.9,*/*;q=0.8", "Accept-Encoding": "gzip, deflate", "Accept-Language": "en-us,en;q=0.5"}}, {"format_id": "137", "url": "https://r6---sn-5njj-u2xl.googlevideo.com/videoplayback?expire=1613497722&ei=GrErYI2HFNCClQSlv6CgBg&ip=140.109.135.76&id=o-ACrGqB2ZYthavR6KrAYuFgJbWUx5mQGOY1oATEPC4o6q&itag=137&aitags=133%2C134%2C135%2C136%2C137%2C160%2C242%2C243%2C244%2C247%2C248%2C278&source=youtube&requiressl=yes&mh=6E&mm=31%2C29&mn=sn-5njj-u2xl%2Csn-un57en7e&ms=au%2Crdu&mv=m&mvi=6&pcm2cms=yes&pl=16&initcwndbps=1022500&vprv=1&mime=video%2Fmp4&ns=6PrjFadXsUAqZtpD7WfsJ3oF&gir=yes&clen=3399836&dur=337.537&lmt=1540952110950154&mt=1613475655&fvip=6&keepalive=yes&c=WEB&txp=5432432&n=iCoM6keJyZ9MGIucxw&sparams=expire%2Cei%2Cip%2Cid%2Caitags%2Csource%2Crequiressl%2Cvprv%2Cmime%2Cns%2Cgir%2Cclen%2Cdur%2Clmt&lsparams=mh%2Cmm%2Cmn%2Cms%2Cmv%2Cmvi%2Cpcm2cms%2Cpl%2Cinitcwndbps&lsig=AG3C_xAwRQIhAM8lck-aR8dYzcyibc3-2WqGnnujIAuKTQQB-kjjBc4IAiBt3pTyk1F4wTeYvbiNxIlU_-8i3_uhzIEfnT6G7GnHew%3D%3D&sig=AOq0QJ8wRQIhAKlxOMXvtgQn0_0j_NTOmGsYg0S3IpXND4UXWX5YvXLkAiBkVxsaOs2vbAa3oKfIUx9_7X5sGmf9Sq2s-zNpoVJ7pQ==&ratebypass=yes", "player_url": "/s/player/490079fb/player_ias.vflset/en_US/base.js", "ext": "mp4", "height": 1080, "format_note": "1080p", "vcodec": "avc1.640028", "asr": null, "filesize": 3399836, "fps": 30, "tbr": 206.12, "width": 1920, "acodec": "none", "downloader_options": {"http_chunk_size": 10485760}, "format": "137 - 1920x1080 (1080p)", "protocol": "https", "http_headers": {"User-Agent": "Mozilla/5.0 (Windows NT 10.0; Win64; x64) AppleWebKit/537.36 (KHTML, like Gecko) Chrome/74.0.3729.24 Safari/537.36", "Accept-Charset": "ISO-8859-1,utf-8;q=0.7,*;q=0.7", "Accept": "text/html,application/xhtml+xml,application/xml;q=0.9,*/*;q=0.8", "Accept-Encoding": "gzip, deflate", "Accept-Language": "en-us,en;q=0.5"}}, {"format_id": "247", "url": "https://r6---sn-5njj-u2xl.googlevideo.com/videoplayback?expire=1613497722&ei=GrErYI2HFNCClQSlv6CgBg&ip=140.109.135.76&id=o-ACrGqB2ZYthavR6KrAYuFgJbWUx5mQGOY1oATEPC4o6q&itag=247&aitags=133%2C134%2C135%2C136%2C137%2C160%2C242%2C243%2C244%2C247%2C248%2C278&source=youtube&requiressl=yes&mh=6E&mm=31%2C29&mn=sn-5njj-u2xl%2Csn-un57en7e&ms=au%2Crdu&mv=m&mvi=6&pcm2cms=yes&pl=16&initcwndbps=1022500&vprv=1&mime=video%2Fwebm&ns=6PrjFadXsUAqZtpD7WfsJ3oF&gir=yes&clen=4445382&dur=337.537&lmt=1540952845191816&mt=1613475655&fvip=6&keepalive=yes&c=WEB&txp=5432432&n=iCoM6keJyZ9MGIucxw&sparams=expire%2Cei%2Cip%2Cid%2Caitags%2Csource%2Crequiressl%2Cvprv%2Cmime%2Cns%2Cgir%2Cclen%2Cdur%2Clmt&lsparams=mh%2Cmm%2Cmn%2Cms%2Cmv%2Cmvi%2Cpcm2cms%2Cpl%2Cinitcwndbps&lsig=AG3C_xAwRQIhAPQIqjjv15cG4pz-02xmJM8x5gggEcO_ZNVpk16l0rBZAiBDn1UYAYfsfwiM_8wmFz--Q_B5ldpQ92hma3yL8J7DjA%3D%3D&sig=AOq0QJ8wRQIhAJfG5-b1uIJqcGSO_Eyc5FEb0QY6vydLEQrNVTRfnQkUAiBSr9n5xSf6vm53kR-5P1ACMbrecB1h0xC3peeM6ncBAw==&ratebypass=yes", "player_url": "/s/player/490079fb/player_ias.vflset/en_US/base.js", "ext": "webm", "height": 720, "format_note": "720p", "vcodec": "vp9", "asr": null, "filesize": 4445382, "fps": 30, "tbr": 237.759, "width": 1280, "acodec": "none", "downloader_options": {"http_chunk_size": 10485760}, "format": "247 - 1280x720 (720p)", "protocol": "https", "http_headers": {"User-Agent": "Mozilla/5.0 (Windows NT 10.0; Win64; x64) AppleWebKit/537.36 (KHTML, like Gecko) Chrome/74.0.3729.24 Safari/537.36", "Accept-Charset": "ISO-8859-1,utf-8;q=0.7,*;q=0.7", "Accept": "text/html,application/xhtml+xml,application/xml;q=0.9,*/*;q=0.8", "Accept-Encoding": "gzip, deflate", "Accept-Language": "en-us,en;q=0.5"}}, {"format_id": "248", "url": "https://r6---sn-5njj-u2xl.googlevideo.com/videoplayback?expire=1613497722&ei=GrErYI2HFNCClQSlv6CgBg&ip=140.109.135.76&id=o-ACrGqB2ZYthavR6KrAYuFgJbWUx5mQGOY1oATEPC4o6q&itag=248&aitags=133%2C134%2C135%2C136%2C137%2C160%2C242%2C243%2C244%2C247%2C248%2C278&source=youtube&requiressl=yes&mh=6E&mm=31%2C29&mn=sn-5njj-u2xl%2Csn-un57en7e&ms=au%2Crdu&mv=m&mvi=6&pcm2cms=yes&pl=16&initcwndbps=1022500&vprv=1&mime=video%2Fwebm&ns=6PrjFadXsUAqZtpD7WfsJ3oF&gir=yes&clen=7411377&dur=337.537&lmt=1540952358685907&mt=1613475655&fvip=6&keepalive=yes&c=WEB&txp=5432432&n=iCoM6keJyZ9MGIucxw&sparams=expire%2Cei%2Cip%2Cid%2Caitags%2Csource%2Crequiressl%2Cvprv%2Cmime%2Cns%2Cgir%2Cclen%2Cdur%2Clmt&lsparams=mh%2Cmm%2Cmn%2Cms%2Cmv%2Cmvi%2Cpcm2cms%2Cpl%2Cinitcwndbps&lsig=AG3C_xAwRAIgKj0aB43fs6hq9n7Dm_-a9XN0f3UKd6dpWf6qFM-Q8eICIE4Hh74iRQEqabwBXP1ZB9UiaghpLILd56-qjdjRsXPf&sig=AOq0QJ8wRQIhAN35ERSzBdZ2VwUgRMPbY-a0sTAUI8QcH86kmWVdiyP0AiAUdfNIwFyW6iuj-UF0FxwdX-dptEoXnKSS9X6XGb6DTA==&ratebypass=yes", "player_url": "/s/player/490079fb/player_ias.vflset/en_US/base.js", "ext": "webm", "height": 1080, "format_note": "1080p", "vcodec": "vp9", "asr": null, "filesize": 7411377, "fps": 30, "tbr": 431.884, "width": 1920, "acodec": "none", "downloader_options": {"http_chunk_size": 10485760}, "format": "248 - 1920x1080 (1080p)", "protocol": "https", "http_headers": {"User-Agent": "Mozilla/5.0 (Windows NT 10.0; Win64; x64) AppleWebKit/537.36 (KHTML, like Gecko) Chrome/74.0.3729.24 Safari/537.36", "Accept-Charset": "ISO-8859-1,utf-8;q=0.7,*;q=0.7", "Accept": "text/html,application/xhtml+xml,application/xml;q=0.9,*/*;q=0.8", "Accept-Encoding": "gzip, deflate", "Accept-Language": "en-us,en;q=0.5"}}, {"format_id": "18", "url": "https://r6---sn-5njj-u2xl.googlevideo.com/videoplayback?expire=1613497722&ei=GrErYI2HFNCClQSlv6CgBg&ip=140.109.135.76&id=o-ACrGqB2ZYthavR6KrAYuFgJbWUx5mQGOY1oATEPC4o6q&itag=18&source=youtube&requiressl=yes&mh=6E&mm=31%2C29&mn=sn-5njj-u2xl%2Csn-un57en7e&ms=au%2Crdu&mv=m&mvi=6&pcm2cms=yes&pl=16&initcwndbps=1022500&vprv=1&mime=video%2Fmp4&ns=FSczaSY6fMjjgZgXrrwSSbUF&gir=yes&clen=8254748&ratebypass=yes&dur=337.594&lmt=1540952380142573&mt=1613475655&fvip=6&c=WEB&txp=5431432&n=MhA4sCqI7d4Xe0M6JH&sparams=expire%2Cei%2Cip%2Cid%2Citag%2Csource%2Crequiressl%2Cvprv%2Cmime%2Cns%2Cgir%2Cclen%2Cratebypass%2Cdur%2Clmt&lsparams=mh%2Cmm%2Cmn%2Cms%2Cmv%2Cmvi%2Cpcm2cms%2Cpl%2Cinitcwndbps&lsig=AG3C_xAwRgIhANWjgtIpjRTnnQw_ss6jguDheM7F4P5k1eleyGD0NqGRAiEAg8hJrV-j0_zHvlOHSsrsaJ_PLt3-mON11g560-1GNUM%3D&sig=AOq0QJ8wRAIgQwc3hlbiEnpPp0ZeegcdZN78tgFtHLac94tsVLb2-jECIGbxWJRPkqEKPkYtmKy6YSp-1DbkXQDPV0VmTj4D3GIs", "player_url": "/s/player/490079fb/player_ias.vflset/en_US/base.js", "ext": "mp4", "width": 640, "height": 360, "acodec": "mp4a.40.2", "abr": 96, "vcodec": "avc1.42001E", "asr": 44100, "filesize": 8254748, "format_note": "360p", "fps": 30, "tbr": 195.646, "format": "18 - 640x360 (360p)", "protocol": "https", "http_headers": {"User-Agent": "Mozilla/5.0 (Windows NT 10.0; Win64; x64) AppleWebKit/537.36 (KHTML, like Gecko) Chrome/74.0.3729.24 Safari/537.36", "Accept-Charset": "ISO-8859-1,utf-8;q=0.7,*;q=0.7", "Accept": "text/html,application/xhtml+xml,application/xml;q=0.9,*/*;q=0.8", "Accept-Encoding": "gzip, deflate", "Accept-Language": "en-us,en;q=0.5"}}], "is_live": null, "start_time": null, "end_time": null, "series": null, "season_number": null, "episode_number": null, "track": null, "artist": null, "album": null, "release_date": null, "release_year": null, "extractor": "youtube", "webpage_url_basename": "watch", "extractor_key": "Youtube", "playlist": null, "playlist_index": null, "thumbnail": "https://i.ytimg.com/vi_webp/uqRLEByE6pU/maxresdefault.webp", "display_id": "uqRLEByE6pU", "requested_subtitles": null, "format_id": "251", "url": "https://r6---sn-5njj-u2xl.googlevideo.com/videoplayback?expire=1613497722&ei=GrErYI2HFNCClQSlv6CgBg&ip=140.109.135.76&id=o-ACrGqB2ZYthavR6KrAYuFgJbWUx5mQGOY1oATEPC4o6q&itag=251&source=youtube&requiressl=yes&mh=6E&mm=31%2C29&mn=sn-5njj-u2xl%2Csn-un57en7e&ms=au%2Crdu&mv=m&mvi=6&pcm2cms=yes&pl=16&initcwndbps=1022500&vprv=1&mime=audio%2Fwebm&ns=6PrjFadXsUAqZtpD7WfsJ3oF&gir=yes&clen=6369401&dur=337.561&lmt=1540953331270406&mt=1613475655&fvip=6&keepalive=yes&c=WEB&txp=5411222&n=iCoM6keJyZ9MGIucxw&sparams=expire%2Cei%2Cip%2Cid%2Citag%2Csource%2Crequiressl%2Cvprv%2Cmime%2Cns%2Cgir%2Cclen%2Cdur%2Clmt&lsparams=mh%2Cmm%2Cmn%2Cms%2Cmv%2Cmvi%2Cpcm2cms%2Cpl%2Cinitcwndbps&lsig=AG3C_xAwRQIhAIC-mOF4ZPh4MQKRKpsMQnbKFFfr46x00DZPsevz4RvjAiAnmZ617c69rNlJr_N43vhdFC7MR7Kmj6vnZuFVqXUKIw%3D%3D&sig=AOq0QJ8wRgIhAP5g_HjDCbME5TIEjcK821TsOO7zP9cpa6NePtqia7BAAiEAql0gX-q6GlsvRbVSDGNvCWQm4oA0pnthj1XTJieSsJU=&ratebypass=yes", "player_url": "/s/player/490079fb/player_ias.vflset/en_US/base.js", "ext": "webm", "format_note": "tiny", "acodec": "opus", "abr": 160, "asr": 48000, "filesize": 6369401, "fps": null, "height": null, "tbr": 161.987, "width": null, "vcodec": "none", "downloader_options": {"http_chunk_size": 10485760}, "format": "251 - audio only (tiny)", "protocol": "https", "http_headers": {"User-Agent": "Mozilla/5.0 (Windows NT 10.0; Win64; x64) AppleWebKit/537.36 (KHTML, like Gecko) Chrome/74.0.3729.24 Safari/537.36", "Accept-Charset": "ISO-8859-1,utf-8;q=0.7,*;q=0.7", "Accept": "text/html,application/xhtml+xml,application/xml;q=0.9,*/*;q=0.8", "Accept-Encoding": "gzip, deflate", "Accept-Language": "en-us,en;q=0.5"}}