{"id": "UJcnNfeCN1c", "uploader": "Dave Lewis - Topic", "uploader_id": "UCe2PSTb53y2g9khL2mIcSVg", "uploader_url": "http://www.youtube.com/channel/UCe2PSTb53y2g9khL2mIcSVg", "channel_id": "UCe2PSTb53y2g9khL2mIcSVg", "channel_url": "http://www.youtube.com/channel/UCe2PSTb53y2g9khL2mIcSVg", "upload_date": "20160727", "license": null, "creator": "Dave Lewis", "title": "Reaching", "alt_title": "Reaching", "thumbnails": [{"url": "https://i.ytimg.com/vi/UJcnNfeCN1c/hqdefault.jpg?sqp=-oaymwEYCKgBEF5IVfKriqkDCwgBFQAAiEIYAXAB&rs=AOn4CLCAbLnRrKBge3JnkpFdsum28Y5_Gw", "width": 168, "height": 94, "resolution": "168x94", "id": "0"}, {"url": "https://i.ytimg.com/vi/UJcnNfeCN1c/hqdefault.jpg?sqp=-oaymwEYCMQBEG5IVfKriqkDCwgBFQAAiEIYAXAB&rs=AOn4CLBUPRGJpojLbybmP_w_oZT374osnQ", "width": 196, "height": 110, "resolution": "196x110", "id": "1"}, {"url": "https://i.ytimg.com/vi/UJcnNfeCN1c/hqdefault.jpg?sqp=-oaymwEZCPYBEIoBSFXyq4qpAwsIARUAAIhCGAFwAQ==&rs=AOn4CLAg-ZuZFyJA2PpSY4MS4GLp48VGTg", "width": 246, "height": 138, "resolution": "246x138", "id": "2"}, {"url": "https://i.ytimg.com/vi/UJcnNfeCN1c/hqdefault.jpg?sqp=-oaymwEZCNACELwBSFXyq4qpAwsIARUAAIhCGAFwAQ==&rs=AOn4CLCcVUTWGW5MWjUks1f3g5Jo-_uOQw", "width": 336, "height": 188, "resolution": "336x188", "id": "3"}, {"url": "https://i.ytimg.com/vi_webp/UJcnNfeCN1c/maxresdefault.webp", "width": 1920, "height": 1080, "resolution": "1920x1080", "id": "4"}], "description": "Provided to YouTube by CDBaby\n\nReaching \u00b7 Dave Lewis\n\nMilestones\n\n\u2117 2016 Dave Lewis\n\nReleased on: 2016-07-20\n\nAuto-generated by YouTube.", "categories": ["Music"], "tags": ["Dave Lewis", "Milestones", "Reaching"], "subtitles": {}, "automatic_captions": {}, "duration": 243, "age_limit": 0, "annotations": null, "chapters": null, "webpage_url": "https://www.youtube.com/watch?v=UJcnNfeCN1c", "view_count": 367, "like_count": 7, "dislike_count": 2, "average_rating": 4.5, "formats": [{"format_id": "249", "url": "https://r4---sn-5njj-u2xl.googlevideo.com/videoplayback?expire=1612199863&ei=V-MXYJ6qIsaulQTo1IroBQ&ip=140.109.135.76&id=o-AF43L4hnitLl1kDZtcoQrvCvysMGTbrA2DAhyI7WwWHk&itag=249&source=youtube&requiressl=yes&mh=XK&mm=31%2C29&mn=sn-5njj-u2xl%2Csn-un57sn7s&ms=au%2Crdu&mv=m&mvi=4&pl=16&gcr=tw&initcwndbps=586250&vprv=1&mime=audio%2Fwebm&ns=gMJK5tGU_qD_UJAHPQAWk4wF&gir=yes&clen=1774885&dur=242.521&lmt=1611987952764269&mt=1612177975&fvip=4&keepalive=yes&c=WEB&txp=1311222&n=z40D42ZLCMNYhhHBS&sparams=expire%2Cei%2Cip%2Cid%2Citag%2Csource%2Crequiressl%2Cgcr%2Cvprv%2Cmime%2Cns%2Cgir%2Cclen%2Cdur%2Clmt&lsparams=mh%2Cmm%2Cmn%2Cms%2Cmv%2Cmvi%2Cpl%2Cinitcwndbps&lsig=AG3C_xAwRAIgLYcGShYAvs7EPkT3NFwEM_66OsHIPIVib-kbUa5CyQsCIA44WxZHBXUt0sv22l92NTzKfa6PZ9lZXM_1LAvnlX-t&sig=AOq0QJ8wRgIhAMW58oCP5DfaEs3eD1Ftf_1yTsupBpaC3MPL9yVgwHIGAiEA_xhwCQ0K7Bmd-LS9R6TO3p_141wqp0HPaHMYr0WGEUA=&ratebypass=yes", "player_url": "/s/player/7bc032d0/player_ias.vflset/en_US/base.js", "ext": "webm", "format_note": "tiny", "acodec": "opus", "abr": 50, "asr": 48000, "filesize": 1774885, "fps": null, "height": null, "tbr": 65.363, "width": null, "vcodec": "none", "downloader_options": {"http_chunk_size": 10485760}, "format": "249 - audio only (tiny)", "protocol": "https", "http_headers": {"User-Agent": "Mozilla/5.0 (Windows NT 10.0; Win64; x64) AppleWebKit/537.36 (KHTML, like Gecko) Chrome/73.0.3683.100 Safari/537.36", "Accept-Charset": "ISO-8859-1,utf-8;q=0.7,*;q=0.7", "Accept": "text/html,application/xhtml+xml,application/xml;q=0.9,*/*;q=0.8", "Accept-Encoding": "gzip, deflate", "Accept-Language": "en-us,en;q=0.5"}}, {"format_id": "250", "url": "https://r4---sn-5njj-u2xl.googlevideo.com/videoplayback?expire=1612199863&ei=V-MXYJ6qIsaulQTo1IroBQ&ip=140.109.135.76&id=o-AF43L4hnitLl1kDZtcoQrvCvysMGTbrA2DAhyI7WwWHk&itag=250&source=youtube&requiressl=yes&mh=XK&mm=31%2C29&mn=sn-5njj-u2xl%2Csn-un57sn7s&ms=au%2Crdu&mv=m&mvi=4&pl=16&gcr=tw&initcwndbps=586250&vprv=1&mime=audio%2Fwebm&ns=gMJK5tGU_qD_UJAHPQAWk4wF&gir=yes&clen=2337803&dur=242.521&lmt=1611987953039286&mt=1612177975&fvip=4&keepalive=yes&c=WEB&txp=1311222&n=z40D42ZLCMNYhhHBS&sparams=expire%2Cei%2Cip%2Cid%2Citag%2Csource%2Crequiressl%2Cgcr%2Cvprv%2Cmime%2Cns%2Cgir%2Cclen%2Cdur%2Clmt&lsparams=mh%2Cmm%2Cmn%2Cms%2Cmv%2Cmvi%2Cpl%2Cinitcwndbps&lsig=AG3C_xAwRQIhALz7uORTmp9Mp0bD2e9_Jw6JmLD6O-nKuT5DfiOJZeZ6AiBorK5Ie2Bi_yIaXUBhMCUDH5Co3lM6R_GEIcqf1FVn3w%3D%3D&sig=AOq0QJ8wRAIgBWKjPwrrE27B6sKIUq4coj-jeUQQdd7XE6rR0UP1bW0CIElMu8PU4b4P_uLs8G8qwGiTK6J5-YUfRageAP7CcYGn&ratebypass=yes", "player_url": "/s/player/7bc032d0/player_ias.vflset/en_US/base.js", "ext": "webm", "format_note": "tiny", "acodec": "opus", "abr": 70, "asr": 48000, "filesize": 2337803, "fps": null, "height": null, "tbr": 84.541, "width": null, "vcodec": "none", "downloader_options": {"http_chunk_size": 10485760}, "format": "250 - audio only (tiny)", "protocol": "https", "http_headers": {"User-Agent": "Mozilla/5.0 (Windows NT 10.0; Win64; x64) AppleWebKit/537.36 (KHTML, like Gecko) Chrome/73.0.3683.100 Safari/537.36", "Accept-Charset": "ISO-8859-1,utf-8;q=0.7,*;q=0.7", "Accept": "text/html,application/xhtml+xml,application/xml;q=0.9,*/*;q=0.8", "Accept-Encoding": "gzip, deflate", "Accept-Language": "en-us,en;q=0.5"}}, {"format_id": "140", "url": "https://r4---sn-5njj-u2xl.googlevideo.com/videoplayback?expire=1612199863&ei=V-MXYJ6qIsaulQTo1IroBQ&ip=140.109.135.76&id=o-AF43L4hnitLl1kDZtcoQrvCvysMGTbrA2DAhyI7WwWHk&itag=140&source=youtube&requiressl=yes&mh=XK&mm=31%2C29&mn=sn-5njj-u2xl%2Csn-un57sn7s&ms=au%2Crdu&mv=m&mvi=4&pl=16&gcr=tw&initcwndbps=586250&vprv=1&mime=audio%2Fmp4&ns=gMJK5tGU_qD_UJAHPQAWk4wF&gir=yes&clen=3926905&dur=242.506&lmt=1611987954817615&mt=1612177975&fvip=4&keepalive=yes&c=WEB&txp=1311222&n=z40D42ZLCMNYhhHBS&sparams=expire%2Cei%2Cip%2Cid%2Citag%2Csource%2Crequiressl%2Cgcr%2Cvprv%2Cmime%2Cns%2Cgir%2Cclen%2Cdur%2Clmt&lsparams=mh%2Cmm%2Cmn%2Cms%2Cmv%2Cmvi%2Cpl%2Cinitcwndbps&lsig=AG3C_xAwRQIhAM4e1s87iBPh00mrA4auR9CkX9gH4pyoHSBk3Cgm0m5PAiB38JVuzAWjk32dqNAVSn4eGfqU2uRIrWEgFNmf3iMzSA%3D%3D&sig=AOq0QJ8wRQIgbiTsKsZxUgNB6o-3PZ-r4KG6Vt8Ipv3Prq5lO3J9cwACIQC2LoGZoEw-P8hMXtMQCjNlSCXia3x-fZjsu9eVG3Anjw==&ratebypass=yes", "player_url": "/s/player/7bc032d0/player_ias.vflset/en_US/base.js", "ext": "m4a", "format_note": "tiny", "acodec": "mp4a.40.2", "abr": 128, "container": "m4a_dash", "asr": 44100, "filesize": 3926905, "fps": null, "height": null, "tbr": 131.246, "width": null, "vcodec": "none", "downloader_options": {"http_chunk_size": 10485760}, "format": "140 - audio only (tiny)", "protocol": "https", "http_headers": {"User-Agent": "Mozilla/5.0 (Windows NT 10.0; Win64; x64) AppleWebKit/537.36 (KHTML, like Gecko) Chrome/73.0.3683.100 Safari/537.36", "Accept-Charset": "ISO-8859-1,utf-8;q=0.7,*;q=0.7", "Accept": "text/html,application/xhtml+xml,application/xml;q=0.9,*/*;q=0.8", "Accept-Encoding": "gzip, deflate", "Accept-Language": "en-us,en;q=0.5"}}, {"format_id": "251", "url": "https://r4---sn-5njj-u2xl.googlevideo.com/videoplayback?expire=1612199863&ei=V-MXYJ6qIsaulQTo1IroBQ&ip=140.109.135.76&id=o-AF43L4hnitLl1kDZtcoQrvCvysMGTbrA2DAhyI7WwWHk&itag=251&source=youtube&requiressl=yes&mh=XK&mm=31%2C29&mn=sn-5njj-u2xl%2Csn-un57sn7s&ms=au%2Crdu&mv=m&mvi=4&pl=16&gcr=tw&initcwndbps=586250&vprv=1&mime=audio%2Fwebm&ns=gMJK5tGU_qD_UJAHPQAWk4wF&gir=yes&clen=5021792&dur=242.521&lmt=1611987953155206&mt=1612177975&fvip=4&keepalive=yes&c=WEB&txp=1311222&n=z40D42ZLCMNYhhHBS&sparams=expire%2Cei%2Cip%2Cid%2Citag%2Csource%2Crequiressl%2Cgcr%2Cvprv%2Cmime%2Cns%2Cgir%2Cclen%2Cdur%2Clmt&lsparams=mh%2Cmm%2Cmn%2Cms%2Cmv%2Cmvi%2Cpl%2Cinitcwndbps&lsig=AG3C_xAwRgIhAIicOym6DaKu0WxEkZzocpSRVj3fG8GUHIBnDb5U2tloAiEAimnvpeQQE9QGFuG5Cary9s-uaEi3yy4ErOTCd4XUVks%3D&sig=AOq0QJ8wRQIgDj5M26oP5LR8flxNMWgVM6miT_G4T2OhOFm1gz9vbfACIQD9uOs-0zwW-Pr5calwXT4Z6xKq6qTcawer45lEuVaZpA==&ratebypass=yes", "player_url": "/s/player/7bc032d0/player_ias.vflset/en_US/base.js", "ext": "webm", "format_note": "tiny", "acodec": "opus", "abr": 160, "asr": 48000, "filesize": 5021792, "fps": null, "height": null, "tbr": 175.932, "width": null, "vcodec": "none", "downloader_options": {"http_chunk_size": 10485760}, "format": "251 - audio only (tiny)", "protocol": "https", "http_headers": {"User-Agent": "Mozilla/5.0 (Windows NT 10.0; Win64; x64) AppleWebKit/537.36 (KHTML, like Gecko) Chrome/73.0.3683.100 Safari/537.36", "Accept-Charset": "ISO-8859-1,utf-8;q=0.7,*;q=0.7", "Accept": "text/html,application/xhtml+xml,application/xml;q=0.9,*/*;q=0.8", "Accept-Encoding": "gzip, deflate", "Accept-Language": "en-us,en;q=0.5"}}, {"format_id": "278", "url": "https://r4---sn-5njj-u2xl.googlevideo.com/videoplayback?expire=1612199863&ei=V-MXYJ6qIsaulQTo1IroBQ&ip=140.109.135.76&id=o-AF43L4hnitLl1kDZtcoQrvCvysMGTbrA2DAhyI7WwWHk&itag=278&aitags=133%2C134%2C135%2C136%2C137%2C160%2C242%2C243%2C244%2C247%2C248%2C278&source=youtube&requiressl=yes&mh=XK&mm=31%2C29&mn=sn-5njj-u2xl%2Csn-un57sn7s&ms=au%2Crdu&mv=m&mvi=4&pl=16&gcr=tw&initcwndbps=586250&vprv=1&mime=video%2Fwebm&ns=gMJK5tGU_qD_UJAHPQAWk4wF&gir=yes&clen=639559&dur=242.480&lmt=1611987964374279&mt=1612177975&fvip=4&keepalive=yes&c=WEB&txp=1311222&n=z40D42ZLCMNYhhHBS&sparams=expire%2Cei%2Cip%2Cid%2Caitags%2Csource%2Crequiressl%2Cgcr%2Cvprv%2Cmime%2Cns%2Cgir%2Cclen%2Cdur%2Clmt&lsparams=mh%2Cmm%2Cmn%2Cms%2Cmv%2Cmvi%2Cpl%2Cinitcwndbps&lsig=AG3C_xAwRQIhAOWIElDC8RiLTaT013beb2RBp8Z2HXnqap9Qwxwwcl75AiBlkx8zUyiTujumqXnR0_o3UEKsS2Xu4K0nJUPjQuV9BQ%3D%3D&sig=AOq0QJ8wRAIgHVi_leM8sUjgSXSK-3noOaD3-C3jxOU59TPbEmbDmucCIHDQTaIl1ABLZDEITxbbWc4jZK18xFPIg6nsAwxueO6d&ratebypass=yes", "player_url": "/s/player/7bc032d0/player_ias.vflset/en_US/base.js", "ext": "webm", "height": 144, "format_note": "144p", "container": "webm", "vcodec": "vp9", "asr": null, "filesize": 639559, "fps": 25, "tbr": 34.991, "width": 144, "acodec": "none", "downloader_options": {"http_chunk_size": 10485760}, "format": "278 - 144x144 (144p)", "protocol": "https", "http_headers": {"User-Agent": "Mozilla/5.0 (Windows NT 10.0; Win64; x64) AppleWebKit/537.36 (KHTML, like Gecko) Chrome/73.0.3683.100 Safari/537.36", "Accept-Charset": "ISO-8859-1,utf-8;q=0.7,*;q=0.7", "Accept": "text/html,application/xhtml+xml,application/xml;q=0.9,*/*;q=0.8", "Accept-Encoding": "gzip, deflate", "Accept-Language": "en-us,en;q=0.5"}}, {"format_id": "160", "url": "https://r4---sn-5njj-u2xl.googlevideo.com/videoplayback?expire=1612199863&ei=V-MXYJ6qIsaulQTo1IroBQ&ip=140.109.135.76&id=o-AF43L4hnitLl1kDZtcoQrvCvysMGTbrA2DAhyI7WwWHk&itag=160&aitags=133%2C134%2C135%2C136%2C137%2C160%2C242%2C243%2C244%2C247%2C248%2C278&source=youtube&requiressl=yes&mh=XK&mm=31%2C29&mn=sn-5njj-u2xl%2Csn-un57sn7s&ms=au%2Crdu&mv=m&mvi=4&pl=16&gcr=tw&initcwndbps=586250&vprv=1&mime=video%2Fmp4&ns=gMJK5tGU_qD_UJAHPQAWk4wF&gir=yes&clen=1116628&dur=242.480&lmt=1611987959261238&mt=1612177975&fvip=4&keepalive=yes&c=WEB&txp=1311222&n=z40D42ZLCMNYhhHBS&sparams=expire%2Cei%2Cip%2Cid%2Caitags%2Csource%2Crequiressl%2Cgcr%2Cvprv%2Cmime%2Cns%2Cgir%2Cclen%2Cdur%2Clmt&lsparams=mh%2Cmm%2Cmn%2Cms%2Cmv%2Cmvi%2Cpl%2Cinitcwndbps&lsig=AG3C_xAwRQIgagG8YdQtZ6fLnhPr5mExjb3bETYZT0M1k3d4VAWQtsECIQCySDRs_09x0XczdeE829Jl4_ec0wygLdzdQEYBw0VjRA%3D%3D&sig=AOq0QJ8wRQIhAOKx16RO1eZhd7HVdrUqTg-RJMHnpt-7IiC_K-vQvumoAiAYLDAFVRKii0nSHdvmewp6kxpX3HskxJyWsseuExMEaA==&ratebypass=yes", "player_url": "/s/player/7bc032d0/player_ias.vflset/en_US/base.js", "ext": "mp4", "height": 144, "format_note": "144p", "vcodec": "avc1.4d400b", "asr": null, "filesize": 1116628, "fps": 25, "tbr": 58.113, "width": 144, "acodec": "none", "downloader_options": {"http_chunk_size": 10485760}, "format": "160 - 144x144 (144p)", "protocol": "https", "http_headers": {"User-Agent": "Mozilla/5.0 (Windows NT 10.0; Win64; x64) AppleWebKit/537.36 (KHTML, like Gecko) Chrome/73.0.3683.100 Safari/537.36", "Accept-Charset": "ISO-8859-1,utf-8;q=0.7,*;q=0.7", "Accept": "text/html,application/xhtml+xml,application/xml;q=0.9,*/*;q=0.8", "Accept-Encoding": "gzip, deflate", "Accept-Language": "en-us,en;q=0.5"}}, {"format_id": "242", "url": "https://r4---sn-5njj-u2xl.googlevideo.com/videoplayback?expire=1612199863&ei=V-MXYJ6qIsaulQTo1IroBQ&ip=140.109.135.76&id=o-AF43L4hnitLl1kDZtcoQrvCvysMGTbrA2DAhyI7WwWHk&itag=242&aitags=133%2C134%2C135%2C136%2C137%2C160%2C242%2C243%2C244%2C247%2C248%2C278&source=youtube&requiressl=yes&mh=XK&mm=31%2C29&mn=sn-5njj-u2xl%2Csn-un57sn7s&ms=au%2Crdu&mv=m&mvi=4&pl=16&gcr=tw&initcwndbps=586250&vprv=1&mime=video%2Fwebm&ns=gMJK5tGU_qD_UJAHPQAWk4wF&gir=yes&clen=1611077&dur=242.480&lmt=1611987971925356&mt=1612177975&fvip=4&keepalive=yes&c=WEB&txp=1311222&n=z40D42ZLCMNYhhHBS&sparams=expire%2Cei%2Cip%2Cid%2Caitags%2Csource%2Crequiressl%2Cgcr%2Cvprv%2Cmime%2Cns%2Cgir%2Cclen%2Cdur%2Clmt&lsparams=mh%2Cmm%2Cmn%2Cms%2Cmv%2Cmvi%2Cpl%2Cinitcwndbps&lsig=AG3C_xAwRQIgMyNYbEGjAh6mrwKn4sn9Z60qbAdUMozTEbFEQmY_ohACIQDjW9OTucRl_ZxAc5ru-nM4HAzY5hkI60hP9b8L-dqbSw%3D%3D&sig=AOq0QJ8wRAIgeVzhWDWmrJvqqN5_JJBlwVY2L1QwlQIaO-OVImYIBF0CIETogVAKybiHoezN-aU1m9QphF3NT7CcWt6tJHv3CpQS&ratebypass=yes", "player_url": "/s/player/7bc032d0/player_ias.vflset/en_US/base.js", "ext": "webm", "height": 240, "format_note": "240p", "vcodec": "vp9", "asr": null, "filesize": 1611077, "fps": 25, "tbr": 74.13, "width": 240, "acodec": "none", "downloader_options": {"http_chunk_size": 10485760}, "format": "242 - 240x240 (240p)", "protocol": "https", "http_headers": {"User-Agent": "Mozilla/5.0 (Windows NT 10.0; Win64; x64) AppleWebKit/537.36 (KHTML, like Gecko) Chrome/73.0.3683.100 Safari/537.36", "Accept-Charset": "ISO-8859-1,utf-8;q=0.7,*;q=0.7", "Accept": "text/html,application/xhtml+xml,application/xml;q=0.9,*/*;q=0.8", "Accept-Encoding": "gzip, deflate", "Accept-Language": "en-us,en;q=0.5"}}, {"format_id": "134", "url": "https://r4---sn-5njj-u2xl.googlevideo.com/videoplayback?expire=1612199863&ei=V-MXYJ6qIsaulQTo1IroBQ&ip=140.109.135.76&id=o-AF43L4hnitLl1kDZtcoQrvCvysMGTbrA2DAhyI7WwWHk&itag=134&aitags=133%2C134%2C135%2C136%2C137%2C160%2C242%2C243%2C244%2C247%2C248%2C278&source=youtube&requiressl=yes&mh=XK&mm=31%2C29&mn=sn-5njj-u2xl%2Csn-un57sn7s&ms=au%2Crdu&mv=m&mvi=4&pl=16&gcr=tw&initcwndbps=586250&vprv=1&mime=video%2Fmp4&ns=gMJK5tGU_qD_UJAHPQAWk4wF&gir=yes&clen=1506765&dur=242.480&lmt=1611987959062001&mt=1612177975&fvip=4&keepalive=yes&c=WEB&txp=1311222&n=z40D42ZLCMNYhhHBS&sparams=expire%2Cei%2Cip%2Cid%2Caitags%2Csource%2Crequiressl%2Cgcr%2Cvprv%2Cmime%2Cns%2Cgir%2Cclen%2Cdur%2Clmt&lsparams=mh%2Cmm%2Cmn%2Cms%2Cmv%2Cmvi%2Cpl%2Cinitcwndbps&lsig=AG3C_xAwRQIgTMomgPoqYFCdJWGCiOpCbtEjEjH_-bCNaTwYKjqNk-8CIQCweBUM94s1bOlZTe8hZhNHMGpnSqpllkNMADQ_ruwTHQ%3D%3D&sig=AOq0QJ8wRgIhAJPTNRjXqWVk-XBm0c6JVRJfJHridNeiQvbRbSG6SvIFAiEAwt6IAnzRjRPyVV8AZM3Bh6l-kqWo1jp6k1_II2CbdVA=&ratebypass=yes", "player_url": "/s/player/7bc032d0/player_ias.vflset/en_US/base.js", "ext": "mp4", "height": 360, "format_note": "360p", "vcodec": "avc1.4d4015", "asr": null, "filesize": 1506765, "fps": 25, "tbr": 126.517, "width": 360, "acodec": "none", "downloader_options": {"http_chunk_size": 10485760}, "format": "134 - 360x360 (360p)", "protocol": "https", "http_headers": {"User-Agent": "Mozilla/5.0 (Windows NT 10.0; Win64; x64) AppleWebKit/537.36 (KHTML, like Gecko) Chrome/73.0.3683.100 Safari/537.36", "Accept-Charset": "ISO-8859-1,utf-8;q=0.7,*;q=0.7", "Accept": "text/html,application/xhtml+xml,application/xml;q=0.9,*/*;q=0.8", "Accept-Encoding": "gzip, deflate", "Accept-Language": "en-us,en;q=0.5"}}, {"format_id": "243", "url": "https://r4---sn-5njj-u2xl.googlevideo.com/videoplayback?expire=1612199863&ei=V-MXYJ6qIsaulQTo1IroBQ&ip=140.109.135.76&id=o-AF43L4hnitLl1kDZtcoQrvCvysMGTbrA2DAhyI7WwWHk&itag=243&aitags=133%2C134%2C135%2C136%2C137%2C160%2C242%2C243%2C244%2C247%2C248%2C278&source=youtube&requiressl=yes&mh=XK&mm=31%2C29&mn=sn-5njj-u2xl%2Csn-un57sn7s&ms=au%2Crdu&mv=m&mvi=4&pl=16&gcr=tw&initcwndbps=586250&vprv=1&mime=video%2Fwebm&ns=gMJK5tGU_qD_UJAHPQAWk4wF&gir=yes&clen=2793326&dur=242.480&lmt=1611987976502833&mt=1612177975&fvip=4&keepalive=yes&c=WEB&txp=1311222&n=z40D42ZLCMNYhhHBS&sparams=expire%2Cei%2Cip%2Cid%2Caitags%2Csource%2Crequiressl%2Cgcr%2Cvprv%2Cmime%2Cns%2Cgir%2Cclen%2Cdur%2Clmt&lsparams=mh%2Cmm%2Cmn%2Cms%2Cmv%2Cmvi%2Cpl%2Cinitcwndbps&lsig=AG3C_xAwRgIhAO2BrALt4M3SamHs64XvpMHMjCZM-xVCuSCkQBFI0QbjAiEApGH0mdht_SFIqQYfzVPsBeW_bvqgKcjc1JkJjHIcaEo%3D&sig=AOq0QJ8wRgIhAPi6b1qFOxtmNlWdJ-7by99A9NJa3syOGIYv8JuNCd8CAiEAhaYcZaMp5DOaWNtM9mznpb0st1WCJmbRl-BbaSsSE2U=&ratebypass=yes", "player_url": "/s/player/7bc032d0/player_ias.vflset/en_US/base.js", "ext": "webm", "height": 360, "format_note": "360p", "vcodec": "vp9", "asr": null, "filesize": 2793326, "fps": 25, "tbr": 127.908, "width": 360, "acodec": "none", "downloader_options": {"http_chunk_size": 10485760}, "format": "243 - 360x360 (360p)", "protocol": "https", "http_headers": {"User-Agent": "Mozilla/5.0 (Windows NT 10.0; Win64; x64) AppleWebKit/537.36 (KHTML, like Gecko) Chrome/73.0.3683.100 Safari/537.36", "Accept-Charset": "ISO-8859-1,utf-8;q=0.7,*;q=0.7", "Accept": "text/html,application/xhtml+xml,application/xml;q=0.9,*/*;q=0.8", "Accept-Encoding": "gzip, deflate", "Accept-Language": "en-us,en;q=0.5"}}, {"format_id": "133", "url": "https://r4---sn-5njj-u2xl.googlevideo.com/videoplayback?expire=1612199863&ei=V-MXYJ6qIsaulQTo1IroBQ&ip=140.109.135.76&id=o-AF43L4hnitLl1kDZtcoQrvCvysMGTbrA2DAhyI7WwWHk&itag=133&aitags=133%2C134%2C135%2C136%2C137%2C160%2C242%2C243%2C244%2C247%2C248%2C278&source=youtube&requiressl=yes&mh=XK&mm=31%2C29&mn=sn-5njj-u2xl%2Csn-un57sn7s&ms=au%2Crdu&mv=m&mvi=4&pl=16&gcr=tw&initcwndbps=586250&vprv=1&mime=video%2Fmp4&ns=gMJK5tGU_qD_UJAHPQAWk4wF&gir=yes&clen=2675327&dur=242.480&lmt=1611987969689513&mt=1612177975&fvip=4&keepalive=yes&c=WEB&txp=1311222&n=z40D42ZLCMNYhhHBS&sparams=expire%2Cei%2Cip%2Cid%2Caitags%2Csource%2Crequiressl%2Cgcr%2Cvprv%2Cmime%2Cns%2Cgir%2Cclen%2Cdur%2Clmt&lsparams=mh%2Cmm%2Cmn%2Cms%2Cmv%2Cmvi%2Cpl%2Cinitcwndbps&lsig=AG3C_xAwRgIhANqmPfN-AflkjiOsQ3UKMe7kXQytiag69NgUY6--9vDfAiEA3QriqXdIYaWFI4mB6Y3H8-MiWykvM8GPWlipxexTqns%3D&sig=AOq0QJ8wRAIgAjRBnS6y6KbWMNOlop2tuG5ls6JwDUrDG_suArHKGTICIFBSGzdvHmcQP22QKCzGM4UN0Dpma81ruozzVzgbbsSd&ratebypass=yes", "player_url": "/s/player/7bc032d0/player_ias.vflset/en_US/base.js", "ext": "mp4", "height": 240, "format_note": "240p", "vcodec": "avc1.4d400c", "asr": null, "filesize": 2675327, "fps": 25, "tbr": 132.865, "width": 240, "acodec": "none", "downloader_options": {"http_chunk_size": 10485760}, "format": "133 - 240x240 (240p)", "protocol": "https", "http_headers": {"User-Agent": "Mozilla/5.0 (Windows NT 10.0; Win64; x64) AppleWebKit/537.36 (KHTML, like Gecko) Chrome/73.0.3683.100 Safari/537.36", "Accept-Charset": "ISO-8859-1,utf-8;q=0.7,*;q=0.7", "Accept": "text/html,application/xhtml+xml,application/xml;q=0.9,*/*;q=0.8", "Accept-Encoding": "gzip, deflate", "Accept-Language": "en-us,en;q=0.5"}}, {"format_id": "135", "url": "https://r4---sn-5njj-u2xl.googlevideo.com/videoplayback?expire=1612199863&ei=V-MXYJ6qIsaulQTo1IroBQ&ip=140.109.135.76&id=o-AF43L4hnitLl1kDZtcoQrvCvysMGTbrA2DAhyI7WwWHk&itag=135&aitags=133%2C134%2C135%2C136%2C137%2C160%2C242%2C243%2C244%2C247%2C248%2C278&source=youtube&requiressl=yes&mh=XK&mm=31%2C29&mn=sn-5njj-u2xl%2Csn-un57sn7s&ms=au%2Crdu&mv=m&mvi=4&pl=16&gcr=tw&initcwndbps=586250&vprv=1&mime=video%2Fmp4&ns=gMJK5tGU_qD_UJAHPQAWk4wF&gir=yes&clen=2582320&dur=242.480&lmt=1611987959501609&mt=1612177975&fvip=4&keepalive=yes&c=WEB&txp=1311222&n=z40D42ZLCMNYhhHBS&sparams=expire%2Cei%2Cip%2Cid%2Caitags%2Csource%2Crequiressl%2Cgcr%2Cvprv%2Cmime%2Cns%2Cgir%2Cclen%2Cdur%2Clmt&lsparams=mh%2Cmm%2Cmn%2Cms%2Cmv%2Cmvi%2Cpl%2Cinitcwndbps&lsig=AG3C_xAwRgIhAPhRiy8gI7fK7Q8E-f6ZmgFbb2f2RcVRPsK8sZ47hh47AiEArjqQ82j_N7Dp1vNdx_bIw-VInhk48o7xjMLYZ2wvpMA%3D&sig=AOq0QJ8wRQIhAK4yz6Jk2OXTzLDM7f82oRewbZ5l6rw7ztldsGG_CXUYAiA4iX0X5k2ghoOlt1KAAa_4EhS6Xro4ACZioE3r6yYQCw==&ratebypass=yes", "player_url": "/s/player/7bc032d0/player_ias.vflset/en_US/base.js", "ext": "mp4", "height": 480, "format_note": "480p", "vcodec": "avc1.4d401e", "asr": null, "filesize": 2582320, "fps": 25, "tbr": 222.8, "width": 480, "acodec": "none", "downloader_options": {"http_chunk_size": 10485760}, "format": "135 - 480x480 (480p)", "protocol": "https", "http_headers": {"User-Agent": "Mozilla/5.0 (Windows NT 10.0; Win64; x64) AppleWebKit/537.36 (KHTML, like Gecko) Chrome/73.0.3683.100 Safari/537.36", "Accept-Charset": "ISO-8859-1,utf-8;q=0.7,*;q=0.7", "Accept": "text/html,application/xhtml+xml,application/xml;q=0.9,*/*;q=0.8", "Accept-Encoding": "gzip, deflate", "Accept-Language": "en-us,en;q=0.5"}}, {"format_id": "244", "url": "https://r4---sn-5njj-u2xl.googlevideo.com/videoplayback?expire=1612199863&ei=V-MXYJ6qIsaulQTo1IroBQ&ip=140.109.135.76&id=o-AF43L4hnitLl1kDZtcoQrvCvysMGTbrA2DAhyI7WwWHk&itag=244&aitags=133%2C134%2C135%2C136%2C137%2C160%2C242%2C243%2C244%2C247%2C248%2C278&source=youtube&requiressl=yes&mh=XK&mm=31%2C29&mn=sn-5njj-u2xl%2Csn-un57sn7s&ms=au%2Crdu&mv=m&mvi=4&pl=16&gcr=tw&initcwndbps=586250&vprv=1&mime=video%2Fwebm&ns=gMJK5tGU_qD_UJAHPQAWk4wF&gir=yes&clen=5285515&dur=242.480&lmt=1611987972903081&mt=1612177975&fvip=4&keepalive=yes&c=WEB&txp=1311222&n=z40D42ZLCMNYhhHBS&sparams=expire%2Cei%2Cip%2Cid%2Caitags%2Csource%2Crequiressl%2Cgcr%2Cvprv%2Cmime%2Cns%2Cgir%2Cclen%2Cdur%2Clmt&lsparams=mh%2Cmm%2Cmn%2Cms%2Cmv%2Cmvi%2Cpl%2Cinitcwndbps&lsig=AG3C_xAwRAIgPNmakg6nPjCm6Rl7VkrXv_TwEXEwy3TzeqRIfj4RIEcCIE06fWuEDUM-6CZoCKrtJxbN7PX0BCUD0p0tYQ6GJ-DX&sig=AOq0QJ8wRAIgPyNWyv7FZxmGg0ITIw3J69Km2IofLZLBZx3IvawOEV0CIADzHV2k8Qcm8ttTxTeKbzd-kt27obfInpRlvVY1J1uB&ratebypass=yes", "player_url": "/s/player/7bc032d0/player_ias.vflset/en_US/base.js", "ext": "webm", "height": 480, "format_note": "480p", "vcodec": "vp9", "asr": null, "filesize": 5285515, "fps": 25, "tbr": 314.33, "width": 480, "acodec": "none", "downloader_options": {"http_chunk_size": 10485760}, "format": "244 - 480x480 (480p)", "protocol": "https", "http_headers": {"User-Agent": "Mozilla/5.0 (Windows NT 10.0; Win64; x64) AppleWebKit/537.36 (KHTML, like Gecko) Chrome/73.0.3683.100 Safari/537.36", "Accept-Charset": "ISO-8859-1,utf-8;q=0.7,*;q=0.7", "Accept": "text/html,application/xhtml+xml,application/xml;q=0.9,*/*;q=0.8", "Accept-Encoding": "gzip, deflate", "Accept-Language": "en-us,en;q=0.5"}}, {"format_id": "136", "url": "https://r4---sn-5njj-u2xl.googlevideo.com/videoplayback?expire=1612199863&ei=V-MXYJ6qIsaulQTo1IroBQ&ip=140.109.135.76&id=o-AF43L4hnitLl1kDZtcoQrvCvysMGTbrA2DAhyI7WwWHk&itag=136&aitags=133%2C134%2C135%2C136%2C137%2C160%2C242%2C243%2C244%2C247%2C248%2C278&source=youtube&requiressl=yes&mh=XK&mm=31%2C29&mn=sn-5njj-u2xl%2Csn-un57sn7s&ms=au%2Crdu&mv=m&mvi=4&pl=16&gcr=tw&initcwndbps=586250&vprv=1&mime=video%2Fmp4&ns=gMJK5tGU_qD_UJAHPQAWk4wF&gir=yes&clen=4334390&dur=242.480&lmt=1611987958967052&mt=1612177975&fvip=4&keepalive=yes&c=WEB&txp=1311222&n=z40D42ZLCMNYhhHBS&sparams=expire%2Cei%2Cip%2Cid%2Caitags%2Csource%2Crequiressl%2Cgcr%2Cvprv%2Cmime%2Cns%2Cgir%2Cclen%2Cdur%2Clmt&lsparams=mh%2Cmm%2Cmn%2Cms%2Cmv%2Cmvi%2Cpl%2Cinitcwndbps&lsig=AG3C_xAwRgIhALIkmHxeJCcumAObQehrHqeGw85eNyDGQ12YhyYi9vkvAiEA7KkdywzXbHXvGYcfP4Iz6d9WA_RgPKqpT5AsQDgZw1g%3D&sig=AOq0QJ8wRAIgREBQFGK2O4A0xvbcWk_X4YlRVulaYsgaeuLacp5mLRUCIGSx0vhfKmhtnTDrO8Dx5mZ607sV7dwUfQfIBW6wFVn6&ratebypass=yes", "player_url": "/s/player/7bc032d0/player_ias.vflset/en_US/base.js", "ext": "mp4", "height": 720, "format_note": "720p", "vcodec": "avc1.4d401f", "asr": null, "filesize": 4334390, "fps": 25, "tbr": 374.852, "width": 720, "acodec": "none", "downloader_options": {"http_chunk_size": 10485760}, "format": "136 - 720x720 (720p)", "protocol": "https", "http_headers": {"User-Agent": "Mozilla/5.0 (Windows NT 10.0; Win64; x64) AppleWebKit/537.36 (KHTML, like Gecko) Chrome/73.0.3683.100 Safari/537.36", "Accept-Charset": "ISO-8859-1,utf-8;q=0.7,*;q=0.7", "Accept": "text/html,application/xhtml+xml,application/xml;q=0.9,*/*;q=0.8", "Accept-Encoding": "gzip, deflate", "Accept-Language": "en-us,en;q=0.5"}}, {"format_id": "247", "url": "https://r4---sn-5njj-u2xl.googlevideo.com/videoplayback?expire=1612199863&ei=V-MXYJ6qIsaulQTo1IroBQ&ip=140.109.135.76&id=o-AF43L4hnitLl1kDZtcoQrvCvysMGTbrA2DAhyI7WwWHk&itag=247&aitags=133%2C134%2C135%2C136%2C137%2C160%2C242%2C243%2C244%2C247%2C248%2C278&source=youtube&requiressl=yes&mh=XK&mm=31%2C29&mn=sn-5njj-u2xl%2Csn-un57sn7s&ms=au%2Crdu&mv=m&mvi=4&pl=16&gcr=tw&initcwndbps=586250&vprv=1&mime=video%2Fwebm&ns=gMJK5tGU_qD_UJAHPQAWk4wF&gir=yes&clen=9661902&dur=242.480&lmt=1611987967986824&mt=1612177975&fvip=4&keepalive=yes&c=WEB&txp=1311222&n=z40D42ZLCMNYhhHBS&sparams=expire%2Cei%2Cip%2Cid%2Caitags%2Csource%2Crequiressl%2Cgcr%2Cvprv%2Cmime%2Cns%2Cgir%2Cclen%2Cdur%2Clmt&lsparams=mh%2Cmm%2Cmn%2Cms%2Cmv%2Cmvi%2Cpl%2Cinitcwndbps&lsig=AG3C_xAwRgIhAO6f8TGG8b6dXB7XDWfiDZiS01F1demtOgPGoQkPwhm0AiEA9zHmSCYHjtqkLniyuXOlGgoa4kS-yG2roK2iIsDI1nU%3D&sig=AOq0QJ8wRgIhANe0rWCr3b-5IcYXn4fk2YvTsbbnqLf8eJkEaT817Xg6AiEA1EhLSA6ULNeb12tdGXvzPvT5HmFSrfo-zbebaKBUmGg=&ratebypass=yes", "player_url": "/s/player/7bc032d0/player_ias.vflset/en_US/base.js", "ext": "webm", "height": 720, "format_note": "720p", "vcodec": "vp9", "asr": null, "filesize": 9661902, "fps": 25, "tbr": 561.513, "width": 720, "acodec": "none", "downloader_options": {"http_chunk_size": 10485760}, "format": "247 - 720x720 (720p)", "protocol": "https", "http_headers": {"User-Agent": "Mozilla/5.0 (Windows NT 10.0; Win64; x64) AppleWebKit/537.36 (KHTML, like Gecko) Chrome/73.0.3683.100 Safari/537.36", "Accept-Charset": "ISO-8859-1,utf-8;q=0.7,*;q=0.7", "Accept": "text/html,application/xhtml+xml,application/xml;q=0.9,*/*;q=0.8", "Accept-Encoding": "gzip, deflate", "Accept-Language": "en-us,en;q=0.5"}}, {"format_id": "137", "url": "https://r4---sn-5njj-u2xl.googlevideo.com/videoplayback?expire=1612199863&ei=V-MXYJ6qIsaulQTo1IroBQ&ip=140.109.135.76&id=o-AF43L4hnitLl1kDZtcoQrvCvysMGTbrA2DAhyI7WwWHk&itag=137&aitags=133%2C134%2C135%2C136%2C137%2C160%2C242%2C243%2C244%2C247%2C248%2C278&source=youtube&requiressl=yes&mh=XK&mm=31%2C29&mn=sn-5njj-u2xl%2Csn-un57sn7s&ms=au%2Crdu&mv=m&mvi=4&pl=16&gcr=tw&initcwndbps=586250&vprv=1&mime=video%2Fmp4&ns=gMJK5tGU_qD_UJAHPQAWk4wF&gir=yes&clen=6986307&dur=242.480&lmt=1611987962698675&mt=1612177975&fvip=4&keepalive=yes&c=WEB&txp=1311222&n=z40D42ZLCMNYhhHBS&sparams=expire%2Cei%2Cip%2Cid%2Caitags%2Csource%2Crequiressl%2Cgcr%2Cvprv%2Cmime%2Cns%2Cgir%2Cclen%2Cdur%2Clmt&lsparams=mh%2Cmm%2Cmn%2Cms%2Cmv%2Cmvi%2Cpl%2Cinitcwndbps&lsig=AG3C_xAwRQIgQX0nYyNnxIVYnwXVMBOYwlL25KYxeLbrFgvDgQrSxEACIQDOOOMgQITGD7jusUUlzTuw10a-yXBu7g8v9qJfUMQWWw%3D%3D&sig=AOq0QJ8wRAIhAMChEIOgegPXzrjHrEfxD_yDkktJeFA4Aet_-yCvKvxVAh8qzFe7hWylzkEZngvMkIHm0yjBv4ktHdFF6Zu_G1vJ&ratebypass=yes", "player_url": "/s/player/7bc032d0/player_ias.vflset/en_US/base.js", "ext": "mp4", "height": 1080, "format_note": "1080p", "vcodec": "avc1.640020", "asr": null, "filesize": 6986307, "fps": 25, "tbr": 602.06, "width": 1080, "acodec": "none", "downloader_options": {"http_chunk_size": 10485760}, "format": "137 - 1080x1080 (1080p)", "protocol": "https", "http_headers": {"User-Agent": "Mozilla/5.0 (Windows NT 10.0; Win64; x64) AppleWebKit/537.36 (KHTML, like Gecko) Chrome/73.0.3683.100 Safari/537.36", "Accept-Charset": "ISO-8859-1,utf-8;q=0.7,*;q=0.7", "Accept": "text/html,application/xhtml+xml,application/xml;q=0.9,*/*;q=0.8", "Accept-Encoding": "gzip, deflate", "Accept-Language": "en-us,en;q=0.5"}}, {"format_id": "248", "url": "https://r4---sn-5njj-u2xl.googlevideo.com/videoplayback?expire=1612199863&ei=V-MXYJ6qIsaulQTo1IroBQ&ip=140.109.135.76&id=o-AF43L4hnitLl1kDZtcoQrvCvysMGTbrA2DAhyI7WwWHk&itag=248&aitags=133%2C134%2C135%2C136%2C137%2C160%2C242%2C243%2C244%2C247%2C248%2C278&source=youtube&requiressl=yes&mh=XK&mm=31%2C29&mn=sn-5njj-u2xl%2Csn-un57sn7s&ms=au%2Crdu&mv=m&mvi=4&pl=16&gcr=tw&initcwndbps=586250&vprv=1&mime=video%2Fwebm&ns=gMJK5tGU_qD_UJAHPQAWk4wF&gir=yes&clen=16949583&dur=242.480&lmt=1611987973991201&mt=1612177975&fvip=4&keepalive=yes&c=WEB&txp=1311222&n=z40D42ZLCMNYhhHBS&sparams=expire%2Cei%2Cip%2Cid%2Caitags%2Csource%2Crequiressl%2Cgcr%2Cvprv%2Cmime%2Cns%2Cgir%2Cclen%2Cdur%2Clmt&lsparams=mh%2Cmm%2Cmn%2Cms%2Cmv%2Cmvi%2Cpl%2Cinitcwndbps&lsig=AG3C_xAwRAIgXThohWV-N5W3u8dQhH3ozgruihzvBBva0YW1STQDvzYCICvDcY1XQuAxnHrzzR_OLwEL_JcZWcexHHi5Fvqyg70M&sig=AOq0QJ8wRQIgZqbQOnfUB60ZZTuunuvGafk2m21ya5BFtF2TyGJMlGACIQDzHGWJFWx2NMT34M-XZR4jGiEZ5clLT915LnkgRqq8kA==&ratebypass=yes", "player_url": "/s/player/7bc032d0/player_ias.vflset/en_US/base.js", "ext": "webm", "height": 1080, "format_note": "1080p", "vcodec": "vp9", "asr": null, "filesize": 16949583, "fps": 25, "tbr": 943.039, "width": 1080, "acodec": "none", "downloader_options": {"http_chunk_size": 10485760}, "format": "248 - 1080x1080 (1080p)", "protocol": "https", "http_headers": {"User-Agent": "Mozilla/5.0 (Windows NT 10.0; Win64; x64) AppleWebKit/537.36 (KHTML, like Gecko) Chrome/73.0.3683.100 Safari/537.36", "Accept-Charset": "ISO-8859-1,utf-8;q=0.7,*;q=0.7", "Accept": "text/html,application/xhtml+xml,application/xml;q=0.9,*/*;q=0.8", "Accept-Encoding": "gzip, deflate", "Accept-Language": "en-us,en;q=0.5"}}, {"format_id": "18", "url": "https://r4---sn-5njj-u2xl.googlevideo.com/videoplayback?expire=1612199863&ei=V-MXYJ6qIsaulQTo1IroBQ&ip=140.109.135.76&id=o-AF43L4hnitLl1kDZtcoQrvCvysMGTbrA2DAhyI7WwWHk&itag=18&source=youtube&requiressl=yes&mh=XK&mm=31%2C29&mn=sn-5njj-u2xl%2Csn-un57sn7s&ms=au%2Crdu&mv=m&mvi=4&pl=16&gcr=tw&initcwndbps=586250&vprv=1&mime=video%2Fmp4&ns=z4_dVurlssotgq7PJtlTQZ4F&gir=yes&clen=4358209&ratebypass=yes&dur=242.555&lmt=1611987961156421&mt=1612177975&fvip=4&c=WEB&txp=1310222&n=HIbsi_e89xi7PO8sN&sparams=expire%2Cei%2Cip%2Cid%2Citag%2Csource%2Crequiressl%2Cgcr%2Cvprv%2Cmime%2Cns%2Cgir%2Cclen%2Cratebypass%2Cdur%2Clmt&lsparams=mh%2Cmm%2Cmn%2Cms%2Cmv%2Cmvi%2Cpl%2Cinitcwndbps&lsig=AG3C_xAwRAIgF9FeyJWJhgheeYHpE9ikezF776rXuk2etHWvJTvwku0CIBF3zdrWcw_Tz2jQyxsWMGOWHBrf7rOjUAMmq2HCRsjv&sig=AOq0QJ8wRQIhAK7NBgLoODc8bCAIPKgqcFC1X99mrj4fmsI1sZoNDSQXAiBD898jA8EjyV7SPRUQ-hFdE7DMAifkNslZQoPX40pI2A==", "player_url": "/s/player/7bc032d0/player_ias.vflset/en_US/base.js", "ext": "mp4", "width": 360, "height": 360, "acodec": "mp4a.40.2", "abr": 96, "vcodec": "avc1.42001E", "asr": 44100, "filesize": 4358209, "format_note": "360p", "fps": 25, "tbr": 143.787, "format": "18 - 360x360 (360p)", "protocol": "https", "http_headers": {"User-Agent": "Mozilla/5.0 (Windows NT 10.0; Win64; x64) AppleWebKit/537.36 (KHTML, like Gecko) Chrome/73.0.3683.100 Safari/537.36", "Accept-Charset": "ISO-8859-1,utf-8;q=0.7,*;q=0.7", "Accept": "text/html,application/xhtml+xml,application/xml;q=0.9,*/*;q=0.8", "Accept-Encoding": "gzip, deflate", "Accept-Language": "en-us,en;q=0.5"}}], "is_live": null, "start_time": null, "end_time": null, "series": null, "season_number": null, "episode_number": null, "track": "Reaching", "artist": "Dave Lewis", "album": "Milestones", "release_date": "20160720", "release_year": 2016, "extractor": "youtube", "webpage_url_basename": "watch", "extractor_key": "Youtube", "playlist": null, "playlist_index": null, "thumbnail": "https://i.ytimg.com/vi_webp/UJcnNfeCN1c/maxresdefault.webp", "display_id": "UJcnNfeCN1c", "requested_subtitles": null, "format_id": "251", "url": "https://r4---sn-5njj-u2xl.googlevideo.com/videoplayback?expire=1612199863&ei=V-MXYJ6qIsaulQTo1IroBQ&ip=140.109.135.76&id=o-AF43L4hnitLl1kDZtcoQrvCvysMGTbrA2DAhyI7WwWHk&itag=251&source=youtube&requiressl=yes&mh=XK&mm=31%2C29&mn=sn-5njj-u2xl%2Csn-un57sn7s&ms=au%2Crdu&mv=m&mvi=4&pl=16&gcr=tw&initcwndbps=586250&vprv=1&mime=audio%2Fwebm&ns=gMJK5tGU_qD_UJAHPQAWk4wF&gir=yes&clen=5021792&dur=242.521&lmt=1611987953155206&mt=1612177975&fvip=4&keepalive=yes&c=WEB&txp=1311222&n=z40D42ZLCMNYhhHBS&sparams=expire%2Cei%2Cip%2Cid%2Citag%2Csource%2Crequiressl%2Cgcr%2Cvprv%2Cmime%2Cns%2Cgir%2Cclen%2Cdur%2Clmt&lsparams=mh%2Cmm%2Cmn%2Cms%2Cmv%2Cmvi%2Cpl%2Cinitcwndbps&lsig=AG3C_xAwRgIhAIicOym6DaKu0WxEkZzocpSRVj3fG8GUHIBnDb5U2tloAiEAimnvpeQQE9QGFuG5Cary9s-uaEi3yy4ErOTCd4XUVks%3D&sig=AOq0QJ8wRQIgDj5M26oP5LR8flxNMWgVM6miT_G4T2OhOFm1gz9vbfACIQD9uOs-0zwW-Pr5calwXT4Z6xKq6qTcawer45lEuVaZpA==&ratebypass=yes", "player_url": "/s/player/7bc032d0/player_ias.vflset/en_US/base.js", "ext": "webm", "format_note": "tiny", "acodec": "opus", "abr": 160, "asr": 48000, "filesize": 5021792, "fps": null, "height": null, "tbr": 175.932, "width": null, "vcodec": "none", "downloader_options": {"http_chunk_size": 10485760}, "format": "251 - audio only (tiny)", "protocol": "https", "http_headers": {"User-Agent": "Mozilla/5.0 (Windows NT 10.0; Win64; x64) AppleWebKit/537.36 (KHTML, like Gecko) Chrome/73.0.3683.100 Safari/537.36", "Accept-Charset": "ISO-8859-1,utf-8;q=0.7,*;q=0.7", "Accept": "text/html,application/xhtml+xml,application/xml;q=0.9,*/*;q=0.8", "Accept-Encoding": "gzip, deflate", "Accept-Language": "en-us,en;q=0.5"}}