{"id": "ujNOTEH5QnA", "uploader": "JAIME C\u00d3RDOBA - Topic", "uploader_id": "UCzw9Xs-6ONFs3KeCqBN9IWw", "uploader_url": "http://www.youtube.com/channel/UCzw9Xs-6ONFs3KeCqBN9IWw", "channel_id": "UCzw9Xs-6ONFs3KeCqBN9IWw", "channel_url": "http://www.youtube.com/channel/UCzw9Xs-6ONFs3KeCqBN9IWw", "upload_date": "20180127", "license": null, "creator": "JAIME C\u00d3RDOBA / JAIME C\u00d3RDOBA", "title": "Around the World", "alt_title": "Around the World", "thumbnails": [{"url": "https://i.ytimg.com/vi/ujNOTEH5QnA/hqdefault.jpg?sqp=-oaymwEYCKgBEF5IVfKriqkDCwgBFQAAiEIYAXAB&rs=AOn4CLBuCCGXjx-krboczLG9rI-nbuHMvA", "width": 168, "height": 94, "resolution": "168x94", "id": "0"}, {"url": "https://i.ytimg.com/vi/ujNOTEH5QnA/hqdefault.jpg?sqp=-oaymwEYCMQBEG5IVfKriqkDCwgBFQAAiEIYAXAB&rs=AOn4CLDj1L2OuJyNq3ggieAKi30tjRyR1g", "width": 196, "height": 110, "resolution": "196x110", "id": "1"}, {"url": "https://i.ytimg.com/vi/ujNOTEH5QnA/hqdefault.jpg?sqp=-oaymwEZCPYBEIoBSFXyq4qpAwsIARUAAIhCGAFwAQ==&rs=AOn4CLDAX5cMtXBY0AXk0U8xEy-91E-h5A", "width": 246, "height": 138, "resolution": "246x138", "id": "2"}, {"url": "https://i.ytimg.com/vi/ujNOTEH5QnA/hqdefault.jpg?sqp=-oaymwEZCNACELwBSFXyq4qpAwsIARUAAIhCGAFwAQ==&rs=AOn4CLBmfDgZ4UctDNh2c0-657Sl1BpLwA", "width": 336, "height": 188, "resolution": "336x188", "id": "3"}, {"url": "https://i.ytimg.com/vi_webp/ujNOTEH5QnA/maxresdefault.webp", "width": 1920, "height": 1080, "resolution": "1920x1080", "id": "4"}], "description": "Around the World \u00b7 JAIME C\u00d3RDOBA / JAIME C\u00d3RDOBA\n\nAround the World\n\n\u2117 The Piano Player Records\n\nAuto-generated by YouTube.", "categories": ["Music"], "tags": ["JAIME", "C\u00d3RDOBA", "Around", "the", "World"], "subtitles": {}, "automatic_captions": {}, "duration": 167, "age_limit": 0, "annotations": null, "chapters": null, "webpage_url": "https://www.youtube.com/watch?v=ujNOTEH5QnA", "view_count": 19, "like_count": 2, "dislike_count": null, "average_rating": 5.0, "formats": [{"format_id": "249", "url": "https://r1---sn-5njj-u2xl.googlevideo.com/videoplayback?expire=1611763344&ei=MDoRYKH-BcyBs8IPna2j-A4&ip=140.109.135.76&id=o-AMj6zp-uw01OAo-b8OhGK1PH30HYPcIHRHadIXgwdwRD&itag=249&source=youtube&requiressl=yes&mh=ze&mm=31%2C29&mn=sn-5njj-u2xl%2Csn-un57en7e&ms=au%2Crdu&mv=m&mvi=1&pl=16&gcr=tw&initcwndbps=730000&vprv=1&mime=audio%2Fwebm&ns=QVAJb1Rz3pzTFjsM-GD9LXwF&gir=yes&clen=1234366&dur=167.221&lmt=1570848851681694&mt=1611740913&fvip=1&keepalive=yes&c=WEB&txp=1301222&n=VE6O0cgNBGGR7u4tKZf7&sparams=expire%2Cei%2Cip%2Cid%2Citag%2Csource%2Crequiressl%2Cgcr%2Cvprv%2Cmime%2Cns%2Cgir%2Cclen%2Cdur%2Clmt&lsparams=mh%2Cmm%2Cmn%2Cms%2Cmv%2Cmvi%2Cpl%2Cinitcwndbps&lsig=AG3C_xAwRAIgEjtKYT_TKe_h1jvy1vTuzdsFjENq1yAGynQsqYnA_mQCIF7AIqFwXpLjR-fZwYfGmIqOslcfCzmJagsAmzUwBsko&sig=AOq0QJ8wRAIgOx9Ee6wP5zzJEg4ydetI06ntEdp6lu7aWXrnVKikZRkCIEoG8rnAlH0eSCr1TDFmRy0By8iNp8tJ-gKbwmXuhVCq&ratebypass=yes", "player_url": "/s/player/c6df6ed7/player_ias.vflset/en_US/base.js", "ext": "webm", "format_note": "tiny", "acodec": "opus", "abr": 50, "asr": 48000, "filesize": 1234366, "fps": null, "height": null, "tbr": 64.503, "width": null, "vcodec": "none", "downloader_options": {"http_chunk_size": 10485760}, "format": "249 - audio only (tiny)", "protocol": "https", "http_headers": {"User-Agent": "Mozilla/5.0 (Windows NT 10.0; Win64; x64) AppleWebKit/537.36 (KHTML, like Gecko) Chrome/72.0.3626.85 Safari/537.36", "Accept-Charset": "ISO-8859-1,utf-8;q=0.7,*;q=0.7", "Accept": "text/html,application/xhtml+xml,application/xml;q=0.9,*/*;q=0.8", "Accept-Encoding": "gzip, deflate", "Accept-Language": "en-us,en;q=0.5"}}, {"format_id": "250", "url": "https://r1---sn-5njj-u2xl.googlevideo.com/videoplayback?expire=1611763344&ei=MDoRYKH-BcyBs8IPna2j-A4&ip=140.109.135.76&id=o-AMj6zp-uw01OAo-b8OhGK1PH30HYPcIHRHadIXgwdwRD&itag=250&source=youtube&requiressl=yes&mh=ze&mm=31%2C29&mn=sn-5njj-u2xl%2Csn-un57en7e&ms=au%2Crdu&mv=m&mvi=1&pl=16&gcr=tw&initcwndbps=730000&vprv=1&mime=audio%2Fwebm&ns=QVAJb1Rz3pzTFjsM-GD9LXwF&gir=yes&clen=1664177&dur=167.221&lmt=1570848822175839&mt=1611740913&fvip=1&keepalive=yes&c=WEB&txp=1301222&n=VE6O0cgNBGGR7u4tKZf7&sparams=expire%2Cei%2Cip%2Cid%2Citag%2Csource%2Crequiressl%2Cgcr%2Cvprv%2Cmime%2Cns%2Cgir%2Cclen%2Cdur%2Clmt&lsparams=mh%2Cmm%2Cmn%2Cms%2Cmv%2Cmvi%2Cpl%2Cinitcwndbps&lsig=AG3C_xAwRQIhANCwpCcsbfUmCcirkHVQ9MtPg6iQORlpH569SLyEtSkkAiB9QWr9wDhsnor7d5pZel1O6wPndJGnomFcpOyl-Qw0SA%3D%3D&sig=AOq0QJ8wRAIgIZQSCECa2TUovLAP8AVqNeANbXCL5nd7caMIoMCSMmkCIFh_yNNVEQcRRUHdpYH9HVd46uNS02cFehcRmMsVMR3u&ratebypass=yes", "player_url": "/s/player/c6df6ed7/player_ias.vflset/en_US/base.js", "ext": "webm", "format_note": "tiny", "acodec": "opus", "abr": 70, "asr": 48000, "filesize": 1664177, "fps": null, "height": null, "tbr": 86.25, "width": null, "vcodec": "none", "downloader_options": {"http_chunk_size": 10485760}, "format": "250 - audio only (tiny)", "protocol": "https", "http_headers": {"User-Agent": "Mozilla/5.0 (Windows NT 10.0; Win64; x64) AppleWebKit/537.36 (KHTML, like Gecko) Chrome/72.0.3626.85 Safari/537.36", "Accept-Charset": "ISO-8859-1,utf-8;q=0.7,*;q=0.7", "Accept": "text/html,application/xhtml+xml,application/xml;q=0.9,*/*;q=0.8", "Accept-Encoding": "gzip, deflate", "Accept-Language": "en-us,en;q=0.5"}}, {"format_id": "140", "url": "https://r1---sn-5njj-u2xl.googlevideo.com/videoplayback?expire=1611763344&ei=MDoRYKH-BcyBs8IPna2j-A4&ip=140.109.135.76&id=o-AMj6zp-uw01OAo-b8OhGK1PH30HYPcIHRHadIXgwdwRD&itag=140&source=youtube&requiressl=yes&mh=ze&mm=31%2C29&mn=sn-5njj-u2xl%2Csn-un57en7e&ms=au%2Crdu&mv=m&mvi=1&pl=16&gcr=tw&initcwndbps=730000&vprv=1&mime=audio%2Fmp4&ns=QVAJb1Rz3pzTFjsM-GD9LXwF&gir=yes&clen=2709240&dur=167.209&lmt=1602406258273056&mt=1611740913&fvip=1&keepalive=yes&c=WEB&txp=1311222&n=VE6O0cgNBGGR7u4tKZf7&sparams=expire%2Cei%2Cip%2Cid%2Citag%2Csource%2Crequiressl%2Cgcr%2Cvprv%2Cmime%2Cns%2Cgir%2Cclen%2Cdur%2Clmt&lsparams=mh%2Cmm%2Cmn%2Cms%2Cmv%2Cmvi%2Cpl%2Cinitcwndbps&lsig=AG3C_xAwRQIhAJvcU-BD1wvSjRFAZhH1x5RlGHrDphwUChoyWQaTEQoJAiBmjPdAFByAsugj8abmLQA1GmyaHpnxVM8RPwQIVpfn2w%3D%3D&sig=AOq0QJ8wRAIgN5DuNo11FhcBavA-8U4ib5GBIyXnhZlNC9_tujnto_sCIHWHhkFAqt1n3NjyZklcdHpptukBOvnmCkyNLUeQOZPq&ratebypass=yes", "player_url": "/s/player/c6df6ed7/player_ias.vflset/en_US/base.js", "ext": "m4a", "format_note": "tiny", "acodec": "mp4a.40.2", "abr": 128, "container": "m4a_dash", "asr": 44100, "filesize": 2709240, "fps": null, "height": null, "tbr": 131.056, "width": null, "vcodec": "none", "downloader_options": {"http_chunk_size": 10485760}, "format": "140 - audio only (tiny)", "protocol": "https", "http_headers": {"User-Agent": "Mozilla/5.0 (Windows NT 10.0; Win64; x64) AppleWebKit/537.36 (KHTML, like Gecko) Chrome/72.0.3626.85 Safari/537.36", "Accept-Charset": "ISO-8859-1,utf-8;q=0.7,*;q=0.7", "Accept": "text/html,application/xhtml+xml,application/xml;q=0.9,*/*;q=0.8", "Accept-Encoding": "gzip, deflate", "Accept-Language": "en-us,en;q=0.5"}}, {"format_id": "251", "url": "https://r1---sn-5njj-u2xl.googlevideo.com/videoplayback?expire=1611763344&ei=MDoRYKH-BcyBs8IPna2j-A4&ip=140.109.135.76&id=o-AMj6zp-uw01OAo-b8OhGK1PH30HYPcIHRHadIXgwdwRD&itag=251&source=youtube&requiressl=yes&mh=ze&mm=31%2C29&mn=sn-5njj-u2xl%2Csn-un57en7e&ms=au%2Crdu&mv=m&mvi=1&pl=16&gcr=tw&initcwndbps=730000&vprv=1&mime=audio%2Fwebm&ns=QVAJb1Rz3pzTFjsM-GD9LXwF&gir=yes&clen=3213444&dur=167.221&lmt=1570848822863403&mt=1611740913&fvip=1&keepalive=yes&c=WEB&txp=1301222&n=VE6O0cgNBGGR7u4tKZf7&sparams=expire%2Cei%2Cip%2Cid%2Citag%2Csource%2Crequiressl%2Cgcr%2Cvprv%2Cmime%2Cns%2Cgir%2Cclen%2Cdur%2Clmt&lsparams=mh%2Cmm%2Cmn%2Cms%2Cmv%2Cmvi%2Cpl%2Cinitcwndbps&lsig=AG3C_xAwRgIhAL6YcnJR2CyUgT2KqwlSJNsxWH69y1_ZPLEendnCm1ACAiEAi_8NBwBvrzsqUiDcU667NA6gspwhfwZ29f3CnbXNyTo%3D&sig=AOq0QJ8wRQIhAPOpR5wYx8VAzv32opS9MfkkPb3QPFhT8cNAZCOL4tZ-AiAygfzSm_3dKSSxFtEPkpA3w_7hovJWsDuUfOgx5YBKtg==&ratebypass=yes", "player_url": "/s/player/c6df6ed7/player_ias.vflset/en_US/base.js", "ext": "webm", "format_note": "tiny", "acodec": "opus", "abr": 160, "asr": 48000, "filesize": 3213444, "fps": null, "height": null, "tbr": 165.258, "width": null, "vcodec": "none", "downloader_options": {"http_chunk_size": 10485760}, "format": "251 - audio only (tiny)", "protocol": "https", "http_headers": {"User-Agent": "Mozilla/5.0 (Windows NT 10.0; Win64; x64) AppleWebKit/537.36 (KHTML, like Gecko) Chrome/72.0.3626.85 Safari/537.36", "Accept-Charset": "ISO-8859-1,utf-8;q=0.7,*;q=0.7", "Accept": "text/html,application/xhtml+xml,application/xml;q=0.9,*/*;q=0.8", "Accept-Encoding": "gzip, deflate", "Accept-Language": "en-us,en;q=0.5"}}, {"format_id": "160", "url": "https://r1---sn-5njj-u2xl.googlevideo.com/videoplayback?expire=1611763344&ei=MDoRYKH-BcyBs8IPna2j-A4&ip=140.109.135.76&id=o-AMj6zp-uw01OAo-b8OhGK1PH30HYPcIHRHadIXgwdwRD&itag=160&aitags=133%2C134%2C135%2C136%2C137%2C160%2C242%2C243%2C244%2C247%2C248%2C278&source=youtube&requiressl=yes&mh=ze&mm=31%2C29&mn=sn-5njj-u2xl%2Csn-un57en7e&ms=au%2Crdu&mv=m&mvi=1&pl=16&gcr=tw&initcwndbps=730000&vprv=1&mime=video%2Fmp4&ns=QVAJb1Rz3pzTFjsM-GD9LXwF&gir=yes&clen=267615&dur=167.200&lmt=1602406287230349&mt=1611740913&fvip=1&keepalive=yes&c=WEB&txp=1311222&n=VE6O0cgNBGGR7u4tKZf7&sparams=expire%2Cei%2Cip%2Cid%2Caitags%2Csource%2Crequiressl%2Cgcr%2Cvprv%2Cmime%2Cns%2Cgir%2Cclen%2Cdur%2Clmt&lsparams=mh%2Cmm%2Cmn%2Cms%2Cmv%2Cmvi%2Cpl%2Cinitcwndbps&lsig=AG3C_xAwRQIhANh6IdFO0xurtdGpQNdh0kCi_GosWAK50-IBubjv1wEDAiARtU4NsbZjh4He5UJAEQE-p0_73UI9H8z2BdMLAAf7Yw%3D%3D&sig=AOq0QJ8wRAIgSaiqiHWCDqf58perkR3NqdMdJpMtvBIR1ygSKErDa68CIAfrp1My1Ce9pwDNTl7FlFPSFXASQUApxR023CMxSCHV&ratebypass=yes", "player_url": "/s/player/c6df6ed7/player_ias.vflset/en_US/base.js", "ext": "mp4", "height": 144, "format_note": "144p", "vcodec": "avc1.4d400b", "asr": null, "filesize": 267615, "fps": 25, "tbr": 16.783, "width": 144, "acodec": "none", "downloader_options": {"http_chunk_size": 10485760}, "format": "160 - 144x144 (144p)", "protocol": "https", "http_headers": {"User-Agent": "Mozilla/5.0 (Windows NT 10.0; Win64; x64) AppleWebKit/537.36 (KHTML, like Gecko) Chrome/72.0.3626.85 Safari/537.36", "Accept-Charset": "ISO-8859-1,utf-8;q=0.7,*;q=0.7", "Accept": "text/html,application/xhtml+xml,application/xml;q=0.9,*/*;q=0.8", "Accept-Encoding": "gzip, deflate", "Accept-Language": "en-us,en;q=0.5"}}, {"format_id": "278", "url": "https://r1---sn-5njj-u2xl.googlevideo.com/videoplayback?expire=1611763344&ei=MDoRYKH-BcyBs8IPna2j-A4&ip=140.109.135.76&id=o-AMj6zp-uw01OAo-b8OhGK1PH30HYPcIHRHadIXgwdwRD&itag=278&aitags=133%2C134%2C135%2C136%2C137%2C160%2C242%2C243%2C244%2C247%2C248%2C278&source=youtube&requiressl=yes&mh=ze&mm=31%2C29&mn=sn-5njj-u2xl%2Csn-un57en7e&ms=au%2Crdu&mv=m&mvi=1&pl=16&gcr=tw&initcwndbps=730000&vprv=1&mime=video%2Fwebm&ns=QVAJb1Rz3pzTFjsM-GD9LXwF&gir=yes&clen=420372&dur=167.200&lmt=1602407953557185&mt=1611740913&fvip=1&keepalive=yes&c=WEB&txp=1311222&n=VE6O0cgNBGGR7u4tKZf7&sparams=expire%2Cei%2Cip%2Cid%2Caitags%2Csource%2Crequiressl%2Cgcr%2Cvprv%2Cmime%2Cns%2Cgir%2Cclen%2Cdur%2Clmt&lsparams=mh%2Cmm%2Cmn%2Cms%2Cmv%2Cmvi%2Cpl%2Cinitcwndbps&lsig=AG3C_xAwRQIhAOUeQxCuC2YwZCs8yxDmmu_r707tA_Y4DAPma_jprkuXAiB1gkzOTEAR2LeMiLQEIKV2Z6SpNvTmUxct_QquElqosw%3D%3D&sig=AOq0QJ8wRgIhAKkeHDQfK4jJvl-A3eph33EHxbWaoUUuMmblhFI1weoqAiEAo5UycrZjotlDBoJfyO1rAFpoJMNFdAQOgAYWgP97XsE=&ratebypass=yes", "player_url": "/s/player/c6df6ed7/player_ias.vflset/en_US/base.js", "ext": "webm", "height": 144, "format_note": "144p", "container": "webm", "vcodec": "vp9", "asr": null, "filesize": 420372, "fps": 25, "tbr": 26.664, "width": 144, "acodec": "none", "downloader_options": {"http_chunk_size": 10485760}, "format": "278 - 144x144 (144p)", "protocol": "https", "http_headers": {"User-Agent": "Mozilla/5.0 (Windows NT 10.0; Win64; x64) AppleWebKit/537.36 (KHTML, like Gecko) Chrome/72.0.3626.85 Safari/537.36", "Accept-Charset": "ISO-8859-1,utf-8;q=0.7,*;q=0.7", "Accept": "text/html,application/xhtml+xml,application/xml;q=0.9,*/*;q=0.8", "Accept-Encoding": "gzip, deflate", "Accept-Language": "en-us,en;q=0.5"}}, {"format_id": "133", "url": "https://r1---sn-5njj-u2xl.googlevideo.com/videoplayback?expire=1611763344&ei=MDoRYKH-BcyBs8IPna2j-A4&ip=140.109.135.76&id=o-AMj6zp-uw01OAo-b8OhGK1PH30HYPcIHRHadIXgwdwRD&itag=133&aitags=133%2C134%2C135%2C136%2C137%2C160%2C242%2C243%2C244%2C247%2C248%2C278&source=youtube&requiressl=yes&mh=ze&mm=31%2C29&mn=sn-5njj-u2xl%2Csn-un57en7e&ms=au%2Crdu&mv=m&mvi=1&pl=16&gcr=tw&initcwndbps=730000&vprv=1&mime=video%2Fmp4&ns=QVAJb1Rz3pzTFjsM-GD9LXwF&gir=yes&clen=526048&dur=167.200&lmt=1602406287223293&mt=1611740913&fvip=1&keepalive=yes&c=WEB&txp=1311222&n=VE6O0cgNBGGR7u4tKZf7&sparams=expire%2Cei%2Cip%2Cid%2Caitags%2Csource%2Crequiressl%2Cgcr%2Cvprv%2Cmime%2Cns%2Cgir%2Cclen%2Cdur%2Clmt&lsparams=mh%2Cmm%2Cmn%2Cms%2Cmv%2Cmvi%2Cpl%2Cinitcwndbps&lsig=AG3C_xAwRQIhALLmac7RfW-R9l5evh-U_hA9yQ86C60Ni1ByQEoASFwdAiBpLNSwKb2-HmixvOqHU8AssRiCEQp7E91gGvtNmnfI5A%3D%3D&sig=AOq0QJ8wRQIhAKe6VcNdYMZ1asgOGfiqnGm93dcQRThVyzAClOa9I95TAiAgEiYOSEEfJ5-HmtVuZbfiaBoENCzA-lwd-P0hWamQRg==&ratebypass=yes", "player_url": "/s/player/c6df6ed7/player_ias.vflset/en_US/base.js", "ext": "mp4", "height": 240, "format_note": "240p", "vcodec": "avc1.4d400c", "asr": null, "filesize": 526048, "fps": 25, "tbr": 35.33, "width": 240, "acodec": "none", "downloader_options": {"http_chunk_size": 10485760}, "format": "133 - 240x240 (240p)", "protocol": "https", "http_headers": {"User-Agent": "Mozilla/5.0 (Windows NT 10.0; Win64; x64) AppleWebKit/537.36 (KHTML, like Gecko) Chrome/72.0.3626.85 Safari/537.36", "Accept-Charset": "ISO-8859-1,utf-8;q=0.7,*;q=0.7", "Accept": "text/html,application/xhtml+xml,application/xml;q=0.9,*/*;q=0.8", "Accept-Encoding": "gzip, deflate", "Accept-Language": "en-us,en;q=0.5"}}, {"format_id": "242", "url": "https://r1---sn-5njj-u2xl.googlevideo.com/videoplayback?expire=1611763344&ei=MDoRYKH-BcyBs8IPna2j-A4&ip=140.109.135.76&id=o-AMj6zp-uw01OAo-b8OhGK1PH30HYPcIHRHadIXgwdwRD&itag=242&aitags=133%2C134%2C135%2C136%2C137%2C160%2C242%2C243%2C244%2C247%2C248%2C278&source=youtube&requiressl=yes&mh=ze&mm=31%2C29&mn=sn-5njj-u2xl%2Csn-un57en7e&ms=au%2Crdu&mv=m&mvi=1&pl=16&gcr=tw&initcwndbps=730000&vprv=1&mime=video%2Fwebm&ns=QVAJb1Rz3pzTFjsM-GD9LXwF&gir=yes&clen=807629&dur=167.200&lmt=1602407953503764&mt=1611740913&fvip=1&keepalive=yes&c=WEB&txp=1311222&n=VE6O0cgNBGGR7u4tKZf7&sparams=expire%2Cei%2Cip%2Cid%2Caitags%2Csource%2Crequiressl%2Cgcr%2Cvprv%2Cmime%2Cns%2Cgir%2Cclen%2Cdur%2Clmt&lsparams=mh%2Cmm%2Cmn%2Cms%2Cmv%2Cmvi%2Cpl%2Cinitcwndbps&lsig=AG3C_xAwRgIhANecfIgr_wO7Xya4KFD_6qZEetc2Uh6-aRCGulK9V42FAiEA63BxPEJWwmjbAdVCKOeSXMdQVZzl6OWIzBGPfPoteJo%3D&sig=AOq0QJ8wRgIhAO9ekf_YhtbfJUVpqoO_8GpgTsc-t_Cm_BrtrE0s7PDBAiEA9rzdaluF9Qz8XWCWBpQ5OECo-X7E34WToqYDpZbeIP0=&ratebypass=yes", "player_url": "/s/player/c6df6ed7/player_ias.vflset/en_US/base.js", "ext": "webm", "height": 240, "format_note": "240p", "vcodec": "vp9", "asr": null, "filesize": 807629, "fps": 25, "tbr": 54.019, "width": 240, "acodec": "none", "downloader_options": {"http_chunk_size": 10485760}, "format": "242 - 240x240 (240p)", "protocol": "https", "http_headers": {"User-Agent": "Mozilla/5.0 (Windows NT 10.0; Win64; x64) AppleWebKit/537.36 (KHTML, like Gecko) Chrome/72.0.3626.85 Safari/537.36", "Accept-Charset": "ISO-8859-1,utf-8;q=0.7,*;q=0.7", "Accept": "text/html,application/xhtml+xml,application/xml;q=0.9,*/*;q=0.8", "Accept-Encoding": "gzip, deflate", "Accept-Language": "en-us,en;q=0.5"}}, {"format_id": "134", "url": "https://r1---sn-5njj-u2xl.googlevideo.com/videoplayback?expire=1611763344&ei=MDoRYKH-BcyBs8IPna2j-A4&ip=140.109.135.76&id=o-AMj6zp-uw01OAo-b8OhGK1PH30HYPcIHRHadIXgwdwRD&itag=134&aitags=133%2C134%2C135%2C136%2C137%2C160%2C242%2C243%2C244%2C247%2C248%2C278&source=youtube&requiressl=yes&mh=ze&mm=31%2C29&mn=sn-5njj-u2xl%2Csn-un57en7e&ms=au%2Crdu&mv=m&mvi=1&pl=16&gcr=tw&initcwndbps=730000&vprv=1&mime=video%2Fmp4&ns=QVAJb1Rz3pzTFjsM-GD9LXwF&gir=yes&clen=857545&dur=167.200&lmt=1602406287222516&mt=1611740913&fvip=1&keepalive=yes&c=WEB&txp=1311222&n=VE6O0cgNBGGR7u4tKZf7&sparams=expire%2Cei%2Cip%2Cid%2Caitags%2Csource%2Crequiressl%2Cgcr%2Cvprv%2Cmime%2Cns%2Cgir%2Cclen%2Cdur%2Clmt&lsparams=mh%2Cmm%2Cmn%2Cms%2Cmv%2Cmvi%2Cpl%2Cinitcwndbps&lsig=AG3C_xAwRQIhALm49eCckCGPfZU0yBB2KJLQ86ugHmekGft3W19BJrCQAiBUgfxctGqUt6qPqWUGAQEki2MBdND9gC-748K8uSjLLw%3D%3D&sig=AOq0QJ8wRgIhAP_rC-QXLFlyLKLqRM32_zZDpk2IG4jeloUwUlOUVlG_AiEA0HqqyCDNTYztPHfN5xC4OkoqKWIumZI4Ff1-vj9kh7Y=&ratebypass=yes", "player_url": "/s/player/c6df6ed7/player_ias.vflset/en_US/base.js", "ext": "mp4", "height": 360, "format_note": "360p", "vcodec": "avc1.4d4015", "asr": null, "filesize": 857545, "fps": 25, "tbr": 59.166, "width": 360, "acodec": "none", "downloader_options": {"http_chunk_size": 10485760}, "format": "134 - 360x360 (360p)", "protocol": "https", "http_headers": {"User-Agent": "Mozilla/5.0 (Windows NT 10.0; Win64; x64) AppleWebKit/537.36 (KHTML, like Gecko) Chrome/72.0.3626.85 Safari/537.36", "Accept-Charset": "ISO-8859-1,utf-8;q=0.7,*;q=0.7", "Accept": "text/html,application/xhtml+xml,application/xml;q=0.9,*/*;q=0.8", "Accept-Encoding": "gzip, deflate", "Accept-Language": "en-us,en;q=0.5"}}, {"format_id": "243", "url": "https://r1---sn-5njj-u2xl.googlevideo.com/videoplayback?expire=1611763344&ei=MDoRYKH-BcyBs8IPna2j-A4&ip=140.109.135.76&id=o-AMj6zp-uw01OAo-b8OhGK1PH30HYPcIHRHadIXgwdwRD&itag=243&aitags=133%2C134%2C135%2C136%2C137%2C160%2C242%2C243%2C244%2C247%2C248%2C278&source=youtube&requiressl=yes&mh=ze&mm=31%2C29&mn=sn-5njj-u2xl%2Csn-un57en7e&ms=au%2Crdu&mv=m&mvi=1&pl=16&gcr=tw&initcwndbps=730000&vprv=1&mime=video%2Fwebm&ns=QVAJb1Rz3pzTFjsM-GD9LXwF&gir=yes&clen=1490266&dur=167.200&lmt=1602407953567585&mt=1611740913&fvip=1&keepalive=yes&c=WEB&txp=1311222&n=VE6O0cgNBGGR7u4tKZf7&sparams=expire%2Cei%2Cip%2Cid%2Caitags%2Csource%2Crequiressl%2Cgcr%2Cvprv%2Cmime%2Cns%2Cgir%2Cclen%2Cdur%2Clmt&lsparams=mh%2Cmm%2Cmn%2Cms%2Cmv%2Cmvi%2Cpl%2Cinitcwndbps&lsig=AG3C_xAwRQIhAKVT6GjhhgHpSligynGHcsve9Qag7RgSpG2-kxCnBymaAiAwPxJvf1wH6ONzR8gmB9eJ1NL1zedMbN50pfvV1Z51dQ%3D%3D&sig=AOq0QJ8wRQIhAIax57sYM97xb90fBii3lkG8M_eIkpKZ44q5TMnFfMlLAiAitn-JeGuxrmvqXx8Oz5RDz7Ko-LtNKS8ImOQ2eEr4Lg==&ratebypass=yes", "player_url": "/s/player/c6df6ed7/player_ias.vflset/en_US/base.js", "ext": "webm", "height": 360, "format_note": "360p", "vcodec": "vp9", "asr": null, "filesize": 1490266, "fps": 25, "tbr": 100.502, "width": 360, "acodec": "none", "downloader_options": {"http_chunk_size": 10485760}, "format": "243 - 360x360 (360p)", "protocol": "https", "http_headers": {"User-Agent": "Mozilla/5.0 (Windows NT 10.0; Win64; x64) AppleWebKit/537.36 (KHTML, like Gecko) Chrome/72.0.3626.85 Safari/537.36", "Accept-Charset": "ISO-8859-1,utf-8;q=0.7,*;q=0.7", "Accept": "text/html,application/xhtml+xml,application/xml;q=0.9,*/*;q=0.8", "Accept-Encoding": "gzip, deflate", "Accept-Language": "en-us,en;q=0.5"}}, {"format_id": "135", "url": "https://r1---sn-5njj-u2xl.googlevideo.com/videoplayback?expire=1611763344&ei=MDoRYKH-BcyBs8IPna2j-A4&ip=140.109.135.76&id=o-AMj6zp-uw01OAo-b8OhGK1PH30HYPcIHRHadIXgwdwRD&itag=135&aitags=133%2C134%2C135%2C136%2C137%2C160%2C242%2C243%2C244%2C247%2C248%2C278&source=youtube&requiressl=yes&mh=ze&mm=31%2C29&mn=sn-5njj-u2xl%2Csn-un57en7e&ms=au%2Crdu&mv=m&mvi=1&pl=16&gcr=tw&initcwndbps=730000&vprv=1&mime=video%2Fmp4&ns=QVAJb1Rz3pzTFjsM-GD9LXwF&gir=yes&clen=1613460&dur=167.200&lmt=1602406287221067&mt=1611740913&fvip=1&keepalive=yes&c=WEB&txp=1311222&n=VE6O0cgNBGGR7u4tKZf7&sparams=expire%2Cei%2Cip%2Cid%2Caitags%2Csource%2Crequiressl%2Cgcr%2Cvprv%2Cmime%2Cns%2Cgir%2Cclen%2Cdur%2Clmt&lsparams=mh%2Cmm%2Cmn%2Cms%2Cmv%2Cmvi%2Cpl%2Cinitcwndbps&lsig=AG3C_xAwRgIhAJKK8-e0icPKcsDArJXUu9FwFNdQ6vK4uxq2y4B-nXkyAiEAqLm7gf8FPsgVKJG9Ca79AUK29W_uY4CJkv7ebZ_6Tno%3D&sig=AOq0QJ8wRQIhAIrrG93fGjNNsumow5dLNgCu2tZbtNCGZoNgn5JCSgADAiB5u-HGnq0rueW9skiLNMpEKrtyDd9XUJCd1iCYR0rs7Q==&ratebypass=yes", "player_url": "/s/player/c6df6ed7/player_ias.vflset/en_US/base.js", "ext": "mp4", "height": 480, "format_note": "480p", "vcodec": "avc1.4d401e", "asr": null, "filesize": 1613460, "fps": 25, "tbr": 113.411, "width": 480, "acodec": "none", "downloader_options": {"http_chunk_size": 10485760}, "format": "135 - 480x480 (480p)", "protocol": "https", "http_headers": {"User-Agent": "Mozilla/5.0 (Windows NT 10.0; Win64; x64) AppleWebKit/537.36 (KHTML, like Gecko) Chrome/72.0.3626.85 Safari/537.36", "Accept-Charset": "ISO-8859-1,utf-8;q=0.7,*;q=0.7", "Accept": "text/html,application/xhtml+xml,application/xml;q=0.9,*/*;q=0.8", "Accept-Encoding": "gzip, deflate", "Accept-Language": "en-us,en;q=0.5"}}, {"format_id": "244", "url": "https://r1---sn-5njj-u2xl.googlevideo.com/videoplayback?expire=1611763344&ei=MDoRYKH-BcyBs8IPna2j-A4&ip=140.109.135.76&id=o-AMj6zp-uw01OAo-b8OhGK1PH30HYPcIHRHadIXgwdwRD&itag=244&aitags=133%2C134%2C135%2C136%2C137%2C160%2C242%2C243%2C244%2C247%2C248%2C278&source=youtube&requiressl=yes&mh=ze&mm=31%2C29&mn=sn-5njj-u2xl%2Csn-un57en7e&ms=au%2Crdu&mv=m&mvi=1&pl=16&gcr=tw&initcwndbps=730000&vprv=1&mime=video%2Fwebm&ns=QVAJb1Rz3pzTFjsM-GD9LXwF&gir=yes&clen=3649649&dur=167.200&lmt=1602407953492799&mt=1611740913&fvip=1&keepalive=yes&c=WEB&txp=1311222&n=VE6O0cgNBGGR7u4tKZf7&sparams=expire%2Cei%2Cip%2Cid%2Caitags%2Csource%2Crequiressl%2Cgcr%2Cvprv%2Cmime%2Cns%2Cgir%2Cclen%2Cdur%2Clmt&lsparams=mh%2Cmm%2Cmn%2Cms%2Cmv%2Cmvi%2Cpl%2Cinitcwndbps&lsig=AG3C_xAwRgIhAJW4rraS6uQ6UpGVhvO_H9n91k9ZIJY_B54HGD6d6aG7AiEAw1F0OMxWNIusIi9dqnQgjfHv_tUNtLk81fxK-edA7F4%3D&sig=AOq0QJ8wRQIgE69kQnGXCm2VOpI8Qfh9XVCNp_7usFm9HEgIh4cgf_sCIQCP4Gi3g8UZ1ztMRiHsjgvqxrqEyjYu83ytg8bM9JlqoA==&ratebypass=yes", "player_url": "/s/player/c6df6ed7/player_ias.vflset/en_US/base.js", "ext": "webm", "height": 480, "format_note": "480p", "vcodec": "vp9", "asr": null, "filesize": 3649649, "fps": 25, "tbr": 175.764, "width": 480, "acodec": "none", "downloader_options": {"http_chunk_size": 10485760}, "format": "244 - 480x480 (480p)", "protocol": "https", "http_headers": {"User-Agent": "Mozilla/5.0 (Windows NT 10.0; Win64; x64) AppleWebKit/537.36 (KHTML, like Gecko) Chrome/72.0.3626.85 Safari/537.36", "Accept-Charset": "ISO-8859-1,utf-8;q=0.7,*;q=0.7", "Accept": "text/html,application/xhtml+xml,application/xml;q=0.9,*/*;q=0.8", "Accept-Encoding": "gzip, deflate", "Accept-Language": "en-us,en;q=0.5"}}, {"format_id": "136", "url": "https://r1---sn-5njj-u2xl.googlevideo.com/videoplayback?expire=1611763344&ei=MDoRYKH-BcyBs8IPna2j-A4&ip=140.109.135.76&id=o-AMj6zp-uw01OAo-b8OhGK1PH30HYPcIHRHadIXgwdwRD&itag=136&aitags=133%2C134%2C135%2C136%2C137%2C160%2C242%2C243%2C244%2C247%2C248%2C278&source=youtube&requiressl=yes&mh=ze&mm=31%2C29&mn=sn-5njj-u2xl%2Csn-un57en7e&ms=au%2Crdu&mv=m&mvi=1&pl=16&gcr=tw&initcwndbps=730000&vprv=1&mime=video%2Fmp4&ns=QVAJb1Rz3pzTFjsM-GD9LXwF&gir=yes&clen=3227395&dur=167.200&lmt=1602406287223031&mt=1611740913&fvip=1&keepalive=yes&c=WEB&txp=1311222&n=VE6O0cgNBGGR7u4tKZf7&sparams=expire%2Cei%2Cip%2Cid%2Caitags%2Csource%2Crequiressl%2Cgcr%2Cvprv%2Cmime%2Cns%2Cgir%2Cclen%2Cdur%2Clmt&lsparams=mh%2Cmm%2Cmn%2Cms%2Cmv%2Cmvi%2Cpl%2Cinitcwndbps&lsig=AG3C_xAwRgIhAJVvL2HgwLUl3oEFP9YaOD-ao4dKYFtMdxa4cePEyDuyAiEAyc-a9XRN8LUv1ZbJnzyk78Ek3nDaYrUvmkNBymH4ndU%3D&sig=AOq0QJ8wRgIhAOTxu6veTsN78rnBWMZpXi2U3eiyx9Z1_NhrmTdAhZQQAiEAgJiILxfkFO4_c-RB18J1kipqX9etHby9qtBM-cxcYxU=&ratebypass=yes", "player_url": "/s/player/c6df6ed7/player_ias.vflset/en_US/base.js", "ext": "mp4", "height": 720, "format_note": "720p", "vcodec": "avc1.4d401f", "asr": null, "filesize": 3227395, "fps": 25, "tbr": 228.645, "width": 720, "acodec": "none", "downloader_options": {"http_chunk_size": 10485760}, "format": "136 - 720x720 (720p)", "protocol": "https", "http_headers": {"User-Agent": "Mozilla/5.0 (Windows NT 10.0; Win64; x64) AppleWebKit/537.36 (KHTML, like Gecko) Chrome/72.0.3626.85 Safari/537.36", "Accept-Charset": "ISO-8859-1,utf-8;q=0.7,*;q=0.7", "Accept": "text/html,application/xhtml+xml,application/xml;q=0.9,*/*;q=0.8", "Accept-Encoding": "gzip, deflate", "Accept-Language": "en-us,en;q=0.5"}}, {"format_id": "247", "url": "https://r1---sn-5njj-u2xl.googlevideo.com/videoplayback?expire=1611763344&ei=MDoRYKH-BcyBs8IPna2j-A4&ip=140.109.135.76&id=o-AMj6zp-uw01OAo-b8OhGK1PH30HYPcIHRHadIXgwdwRD&itag=247&aitags=133%2C134%2C135%2C136%2C137%2C160%2C242%2C243%2C244%2C247%2C248%2C278&source=youtube&requiressl=yes&mh=ze&mm=31%2C29&mn=sn-5njj-u2xl%2Csn-un57en7e&ms=au%2Crdu&mv=m&mvi=1&pl=16&gcr=tw&initcwndbps=730000&vprv=1&mime=video%2Fwebm&ns=QVAJb1Rz3pzTFjsM-GD9LXwF&gir=yes&clen=7828170&dur=167.200&lmt=1602407953540740&mt=1611740913&fvip=1&keepalive=yes&c=WEB&txp=1311222&n=VE6O0cgNBGGR7u4tKZf7&sparams=expire%2Cei%2Cip%2Cid%2Caitags%2Csource%2Crequiressl%2Cgcr%2Cvprv%2Cmime%2Cns%2Cgir%2Cclen%2Cdur%2Clmt&lsparams=mh%2Cmm%2Cmn%2Cms%2Cmv%2Cmvi%2Cpl%2Cinitcwndbps&lsig=AG3C_xAwRgIhAKJbE55TyixhuCUvFkNL_DUCHIDhY2qP4FkxeHDWUDcEAiEAq54HTLNblfStam9dmVYtxFh0hfICm9hTDlXniT96DoM%3D&sig=AOq0QJ8wRgIhAMaG9g-d2Ooz8frMDFWhCpGTBOWQU1H9kpxr4I38voZ-AiEAnmZ-jNavkw-XTs6rd5TSaVX5NzVMvl2Oo3-eQFwVwXE=&ratebypass=yes", "player_url": "/s/player/c6df6ed7/player_ias.vflset/en_US/base.js", "ext": "webm", "height": 720, "format_note": "720p", "vcodec": "vp9", "asr": null, "filesize": 7828170, "fps": 25, "tbr": 469.721, "width": 720, "acodec": "none", "downloader_options": {"http_chunk_size": 10485760}, "format": "247 - 720x720 (720p)", "protocol": "https", "http_headers": {"User-Agent": "Mozilla/5.0 (Windows NT 10.0; Win64; x64) AppleWebKit/537.36 (KHTML, like Gecko) Chrome/72.0.3626.85 Safari/537.36", "Accept-Charset": "ISO-8859-1,utf-8;q=0.7,*;q=0.7", "Accept": "text/html,application/xhtml+xml,application/xml;q=0.9,*/*;q=0.8", "Accept-Encoding": "gzip, deflate", "Accept-Language": "en-us,en;q=0.5"}}, {"format_id": "137", "url": "https://r1---sn-5njj-u2xl.googlevideo.com/videoplayback?expire=1611763344&ei=MDoRYKH-BcyBs8IPna2j-A4&ip=140.109.135.76&id=o-AMj6zp-uw01OAo-b8OhGK1PH30HYPcIHRHadIXgwdwRD&itag=137&aitags=133%2C134%2C135%2C136%2C137%2C160%2C242%2C243%2C244%2C247%2C248%2C278&source=youtube&requiressl=yes&mh=ze&mm=31%2C29&mn=sn-5njj-u2xl%2Csn-un57en7e&ms=au%2Crdu&mv=m&mvi=1&pl=16&gcr=tw&initcwndbps=730000&vprv=1&mime=video%2Fmp4&ns=QVAJb1Rz3pzTFjsM-GD9LXwF&gir=yes&clen=9197145&dur=167.200&lmt=1602406264587483&mt=1611740913&fvip=1&keepalive=yes&c=WEB&txp=1311222&n=VE6O0cgNBGGR7u4tKZf7&sparams=expire%2Cei%2Cip%2Cid%2Caitags%2Csource%2Crequiressl%2Cgcr%2Cvprv%2Cmime%2Cns%2Cgir%2Cclen%2Cdur%2Clmt&lsparams=mh%2Cmm%2Cmn%2Cms%2Cmv%2Cmvi%2Cpl%2Cinitcwndbps&lsig=AG3C_xAwRQIgfJrJGrIqvYjwROR8Mgk3zkVCXpUSMl3NLCbP03ysau0CIQDpQVclYxAkyU1W2diYB-A4OTxKjpIQWqFCtkauv3B2kg%3D%3D&sig=AOq0QJ8wRgIhAINtUstcn23OSMSUEFeVlYHDn0-79x8ErY25JD0KwfnmAiEAq599E6C9_zHETOwuoFQR-iD0GqUKEkmrCWdO23q36Lw=&ratebypass=yes", "player_url": "/s/player/c6df6ed7/player_ias.vflset/en_US/base.js", "ext": "mp4", "height": 1080, "format_note": "1080p", "vcodec": "avc1.640020", "asr": null, "filesize": 9197145, "fps": 25, "tbr": 655.876, "width": 1080, "acodec": "none", "downloader_options": {"http_chunk_size": 10485760}, "format": "137 - 1080x1080 (1080p)", "protocol": "https", "http_headers": {"User-Agent": "Mozilla/5.0 (Windows NT 10.0; Win64; x64) AppleWebKit/537.36 (KHTML, like Gecko) Chrome/72.0.3626.85 Safari/537.36", "Accept-Charset": "ISO-8859-1,utf-8;q=0.7,*;q=0.7", "Accept": "text/html,application/xhtml+xml,application/xml;q=0.9,*/*;q=0.8", "Accept-Encoding": "gzip, deflate", "Accept-Language": "en-us,en;q=0.5"}}, {"format_id": "248", "url": "https://r1---sn-5njj-u2xl.googlevideo.com/videoplayback?expire=1611763344&ei=MDoRYKH-BcyBs8IPna2j-A4&ip=140.109.135.76&id=o-AMj6zp-uw01OAo-b8OhGK1PH30HYPcIHRHadIXgwdwRD&itag=248&aitags=133%2C134%2C135%2C136%2C137%2C160%2C242%2C243%2C244%2C247%2C248%2C278&source=youtube&requiressl=yes&mh=ze&mm=31%2C29&mn=sn-5njj-u2xl%2Csn-un57en7e&ms=au%2Crdu&mv=m&mvi=1&pl=16&gcr=tw&initcwndbps=730000&vprv=1&mime=video%2Fwebm&ns=QVAJb1Rz3pzTFjsM-GD9LXwF&gir=yes&clen=13866905&dur=167.200&lmt=1602407584039779&mt=1611740913&fvip=1&keepalive=yes&c=WEB&txp=1311222&n=VE6O0cgNBGGR7u4tKZf7&sparams=expire%2Cei%2Cip%2Cid%2Caitags%2Csource%2Crequiressl%2Cgcr%2Cvprv%2Cmime%2Cns%2Cgir%2Cclen%2Cdur%2Clmt&lsparams=mh%2Cmm%2Cmn%2Cms%2Cmv%2Cmvi%2Cpl%2Cinitcwndbps&lsig=AG3C_xAwRAIgQH4mpOmbgnHJnWxJzwGzZR27SNVhJ1Y5FRBwheS3GRoCIED_7fdgCls5QoVxMCcUE1kxWAEOuPcma52tJ0uc51yq&sig=AOq0QJ8wRQIgJ1RNwLfZIKg74eqLkEHxexnBFiYYNGHSrfiqRDOuj7MCIQDxIH9zcHOg61XR3D84pNxSxIKGnQR7WJ_t-U67b-Zc0Q==&ratebypass=yes", "player_url": "/s/player/c6df6ed7/player_ias.vflset/en_US/base.js", "ext": "webm", "height": 1080, "format_note": "1080p", "vcodec": "vp9", "asr": null, "filesize": 13866905, "fps": 25, "tbr": 834.716, "width": 1080, "acodec": "none", "downloader_options": {"http_chunk_size": 10485760}, "format": "248 - 1080x1080 (1080p)", "protocol": "https", "http_headers": {"User-Agent": "Mozilla/5.0 (Windows NT 10.0; Win64; x64) AppleWebKit/537.36 (KHTML, like Gecko) Chrome/72.0.3626.85 Safari/537.36", "Accept-Charset": "ISO-8859-1,utf-8;q=0.7,*;q=0.7", "Accept": "text/html,application/xhtml+xml,application/xml;q=0.9,*/*;q=0.8", "Accept-Encoding": "gzip, deflate", "Accept-Language": "en-us,en;q=0.5"}}, {"format_id": "18", "url": "https://r1---sn-5njj-u2xl.googlevideo.com/videoplayback?expire=1611763344&ei=MDoRYKH-BcyBs8IPna2j-A4&ip=140.109.135.76&id=o-AMj6zp-uw01OAo-b8OhGK1PH30HYPcIHRHadIXgwdwRD&itag=18&source=youtube&requiressl=yes&mh=ze&mm=31%2C29&mn=sn-5njj-u2xl%2Csn-un57en7e&ms=au%2Crdu&mv=m&mvi=1&pl=16&gcr=tw&initcwndbps=730000&vprv=1&mime=video%2Fmp4&ns=31L2AiV19GZKsgVrl0WhI7kF&gir=yes&clen=6340409&ratebypass=yes&dur=167.253&lmt=1570848214687142&mt=1611740913&fvip=1&c=WEB&txp=1311222&n=tcGhXCD6FTDXK6g9wEmt&sparams=expire%2Cei%2Cip%2Cid%2Citag%2Csource%2Crequiressl%2Cgcr%2Cvprv%2Cmime%2Cns%2Cgir%2Cclen%2Cratebypass%2Cdur%2Clmt&lsparams=mh%2Cmm%2Cmn%2Cms%2Cmv%2Cmvi%2Cpl%2Cinitcwndbps&lsig=AG3C_xAwRgIhAI4kKzcayR8e-iAcFm5iM_pquNiSA_bLoJlgBA5UUP92AiEAmpDRGuQKEN1Jf3VIGfCkUtQgnEiuHs2BwI4mfD0M33Y%3D&sig=AOq0QJ8wRAIgfycQhW8qHz7Si_Jrr_pTuRFNAC9K_bysybLAqeOtv6YCIF-_MJndQIQ-NnRWkfVUvNfTPqDKNfbMzfgM9UFynDsR", "player_url": "/s/player/c6df6ed7/player_ias.vflset/en_US/base.js", "ext": "mp4", "width": 360, "height": 360, "acodec": "mp4a.40.2", "abr": 96, "vcodec": "avc1.42001E", "asr": 44100, "filesize": 6340409, "format_note": "360p", "fps": 25, "tbr": 303.368, "format": "18 - 360x360 (360p)", "protocol": "https", "http_headers": {"User-Agent": "Mozilla/5.0 (Windows NT 10.0; Win64; x64) AppleWebKit/537.36 (KHTML, like Gecko) Chrome/72.0.3626.85 Safari/537.36", "Accept-Charset": "ISO-8859-1,utf-8;q=0.7,*;q=0.7", "Accept": "text/html,application/xhtml+xml,application/xml;q=0.9,*/*;q=0.8", "Accept-Encoding": "gzip, deflate", "Accept-Language": "en-us,en;q=0.5"}}], "is_live": null, "start_time": null, "end_time": null, "series": null, "season_number": null, "episode_number": null, "track": "Around the World", "artist": "JAIME C\u00d3RDOBA / JAIME C\u00d3RDOBA", "album": "Around the World", "release_date": null, "release_year": null, "extractor": "youtube", "webpage_url_basename": "watch", "extractor_key": "Youtube", "playlist": null, "playlist_index": null, "thumbnail": "https://i.ytimg.com/vi_webp/ujNOTEH5QnA/maxresdefault.webp", "display_id": "ujNOTEH5QnA", "requested_subtitles": null, "format_id": "251", "url": "https://r1---sn-5njj-u2xl.googlevideo.com/videoplayback?expire=1611763344&ei=MDoRYKH-BcyBs8IPna2j-A4&ip=140.109.135.76&id=o-AMj6zp-uw01OAo-b8OhGK1PH30HYPcIHRHadIXgwdwRD&itag=251&source=youtube&requiressl=yes&mh=ze&mm=31%2C29&mn=sn-5njj-u2xl%2Csn-un57en7e&ms=au%2Crdu&mv=m&mvi=1&pl=16&gcr=tw&initcwndbps=730000&vprv=1&mime=audio%2Fwebm&ns=QVAJb1Rz3pzTFjsM-GD9LXwF&gir=yes&clen=3213444&dur=167.221&lmt=1570848822863403&mt=1611740913&fvip=1&keepalive=yes&c=WEB&txp=1301222&n=VE6O0cgNBGGR7u4tKZf7&sparams=expire%2Cei%2Cip%2Cid%2Citag%2Csource%2Crequiressl%2Cgcr%2Cvprv%2Cmime%2Cns%2Cgir%2Cclen%2Cdur%2Clmt&lsparams=mh%2Cmm%2Cmn%2Cms%2Cmv%2Cmvi%2Cpl%2Cinitcwndbps&lsig=AG3C_xAwRgIhAL6YcnJR2CyUgT2KqwlSJNsxWH69y1_ZPLEendnCm1ACAiEAi_8NBwBvrzsqUiDcU667NA6gspwhfwZ29f3CnbXNyTo%3D&sig=AOq0QJ8wRQIhAPOpR5wYx8VAzv32opS9MfkkPb3QPFhT8cNAZCOL4tZ-AiAygfzSm_3dKSSxFtEPkpA3w_7hovJWsDuUfOgx5YBKtg==&ratebypass=yes", "player_url": "/s/player/c6df6ed7/player_ias.vflset/en_US/base.js", "ext": "webm", "format_note": "tiny", "acodec": "opus", "abr": 160, "asr": 48000, "filesize": 3213444, "fps": null, "height": null, "tbr": 165.258, "width": null, "vcodec": "none", "downloader_options": {"http_chunk_size": 10485760}, "format": "251 - audio only (tiny)", "protocol": "https", "http_headers": {"User-Agent": "Mozilla/5.0 (Windows NT 10.0; Win64; x64) AppleWebKit/537.36 (KHTML, like Gecko) Chrome/72.0.3626.85 Safari/537.36", "Accept-Charset": "ISO-8859-1,utf-8;q=0.7,*;q=0.7", "Accept": "text/html,application/xhtml+xml,application/xml;q=0.9,*/*;q=0.8", "Accept-Encoding": "gzip, deflate", "Accept-Language": "en-us,en;q=0.5"}}