{"id": "vJ77eDxHezE", "uploader": "Epidemic Relax", "uploader_id": "UCx7SnEbCAGzBtxqvBvSIAWA", "uploader_url": "http://www.youtube.com/channel/UCx7SnEbCAGzBtxqvBvSIAWA", "channel_id": "UCx7SnEbCAGzBtxqvBvSIAWA", "channel_url": "http://www.youtube.com/channel/UCx7SnEbCAGzBtxqvBvSIAWA", "upload_date": "20190512", "license": null, "creator": null, "title": "Johannes Bornlo\u0308f - Twinkle of the Lights", "alt_title": "Johannes Bornl\u00f6f   Twinkle of the Lights", "thumbnails": [{"url": "https://i.ytimg.com/vi/vJ77eDxHezE/hqdefault.jpg?sqp=-oaymwEbCKgBEF5IVfKriqkDDggBFQAAiEIYAXABwAEG&rs=AOn4CLBS0BOfYYJWg23fTbyV5MWzlGjyAQ", "width": 168, "height": 94, "resolution": "168x94", "id": "0"}, {"url": "https://i.ytimg.com/vi/vJ77eDxHezE/hqdefault.jpg?sqp=-oaymwEbCMQBEG5IVfKriqkDDggBFQAAiEIYAXABwAEG&rs=AOn4CLCiEYwe0LR6SN0ITH-hvOBoUUwxPg", "width": 196, "height": 110, "resolution": "196x110", "id": "1"}, {"url": "https://i.ytimg.com/vi/vJ77eDxHezE/hqdefault.jpg?sqp=-oaymwEcCPYBEIoBSFXyq4qpAw4IARUAAIhCGAFwAcABBg==&rs=AOn4CLDir2e5gmKNbQFzcHtrpNBqZH2MLg", "width": 246, "height": 138, "resolution": "246x138", "id": "2"}, {"url": "https://i.ytimg.com/vi/vJ77eDxHezE/hqdefault.jpg?sqp=-oaymwEcCNACELwBSFXyq4qpAw4IARUAAIhCGAFwAcABBg==&rs=AOn4CLD6lhWfZ5Zm7YXMmdrCO10lzY1t4g", "width": 336, "height": 188, "resolution": "336x188", "id": "3"}, {"url": "https://i.ytimg.com/vi_webp/vJ77eDxHezE/maxresdefault.webp", "width": 1920, "height": 1080, "resolution": "1920x1080", "id": "4"}], "description": "Listen to our relaxing playlist: https://www.youtube.com/playlist?list=PL42LpDafHrkiDecHF1w46WUXsucok2gJc\nSubscribe for more relaxing music! \ud83c\udfb6\n\nListen to Epidemic Relax on Spotify: link.epidemicsound.com/Relax-Playlist\n\n\nBe a part of our community and discover new music: http://link.epidemicsound.com/RelaxNews\nSubscribe for more relaxing music! \ud83c\udfb6\n\n\ud83c\udfb6Listen to more songs by Johannes Bornlo\u0308f: http://link.epidemicsound.com/JohannesBornlof\n\n\ud83c\udfb6 Use this track in your videos: https://www.epidemicsound.com/creator-subscription/?utm_source=YT_ES&utm_medium=organic&_us=YT_ES&_usx=VideoDesc&utm_campaign=VideoDescEpidemicRelax\n\nPlaylists\nFocus Hypnotica: http://link.epidemicsound.com/Focus_Hypnotica_Playlist\nTotal Relaxation: http://link.epidemicsound.com/Total_Relaxation_Playlist\nSoothing Piano: http://link.epidemicsound.com/Soothing_Piano_Playlist\nDinnertime Jazz: http://link.epidemicsound.com/Dinnertime_Jazz_Playlist\nGentle Guitar: http://link.epidemicsound.com/Gentle_Guitar_Playlist\n\nFollow Epidemic Sound:\nSpotify: https://open.spotify.com/user/epidemicsound\nItunes: https://itunes.apple.com/profile/epidemicsound\nInstagram: https://www.instagram.com/epidemicsound\nFacebook: https://www.facebook.com/EpidemicSound\nTwitter: https://twitter.com/epidemicsound\n\n#epidemicfocus #ESmusic\n\n\ud83c\udfb6 Download the track of the month: http://link.epidemicsound.com/relax-freetrack", "categories": ["Music"], "tags": ["Focus relax music music for studying music for relaxing sleep music sentimental music restless", "ambient", "calm", "pacific", "peaceful", "placid", "quiet", "serene", "tranquil", "calming", "comforting", "dreamy", "lulling", "pacifying", "quieting", "relaxing", "hypnotic", "antistress"], "subtitles": {}, "automatic_captions": {}, "duration": 195, "age_limit": 0, "annotations": null, "chapters": null, "webpage_url": "https://www.youtube.com/watch?v=vJ77eDxHezE", "view_count": 87960, "like_count": 1927, "dislike_count": 9, "average_rating": 4.9814048, "formats": [{"format_id": "249", "url": "https://r1---sn-ipoxu-u2xd.googlevideo.com/videoplayback?expire=1613157535&ei=P4AmYPGYI5mOlQT-7I64Dw&ip=61.230.12.35&id=o-AEhBNONSUMA_QBPMjQQ06jHfS9clRi3hCEul8uNpt5QM&itag=249&source=youtube&requiressl=yes&mh=mP&mm=31%2C29&mn=sn-ipoxu-u2xd%2Csn-un57en7e&ms=au%2Crdu&mv=m&mvi=1&pl=21&pcm2=yes&initcwndbps=1011250&vprv=1&mime=audio%2Fwebm&ns=8oOKs9tHst1Pnn8Y1uRBnOoF&gir=yes&clen=1508007&dur=195.241&lmt=1557143201542784&mt=1613135564&fvip=1&keepalive=yes&beids=9466585&c=WEB&txp=2301222&n=nlWQX8CfqdXrbBJtDl&sparams=expire%2Cei%2Cip%2Cid%2Citag%2Csource%2Crequiressl%2Cpcm2%2Cvprv%2Cmime%2Cns%2Cgir%2Cclen%2Cdur%2Clmt&lsparams=mh%2Cmm%2Cmn%2Cms%2Cmv%2Cmvi%2Cpl%2Cinitcwndbps&lsig=AG3C_xAwRQIhAM56MPdwvL9Jk_-wCdgtJ333J32Kjh1-ccICNLdGoIktAiA9k1xnmFnbFE1LC5SgspgGRBUXqmLPLW1jdwZgcDV5BA%3D%3D&sig=AOq0QJ8wRAIgYSsHmDZoEsqBIaGMacbMVwGjOS5hS5wU8cRTd1-zxJoCIE_xbzVlE1GMd0FTty0d95osLe9poG7sGM6evGmufef5&ratebypass=yes", "player_url": "/s/player/490079fb/player_ias.vflset/en_US/base.js", "ext": "webm", "format_note": "tiny", "acodec": "opus", "abr": 50, "asr": 48000, "filesize": 1508007, "fps": null, "height": null, "tbr": 67.34, "width": null, "vcodec": "none", "downloader_options": {"http_chunk_size": 10485760}, "format": "249 - audio only (tiny)", "protocol": "https", "http_headers": {"User-Agent": "Mozilla/5.0 (Windows NT 10.0; Win64; x64) AppleWebKit/537.36 (KHTML, like Gecko) Chrome/74.0.3729.96 Safari/537.36", "Accept-Charset": "ISO-8859-1,utf-8;q=0.7,*;q=0.7", "Accept": "text/html,application/xhtml+xml,application/xml;q=0.9,*/*;q=0.8", "Accept-Encoding": "gzip, deflate", "Accept-Language": "en-us,en;q=0.5"}}, {"format_id": "250", "url": "https://r1---sn-ipoxu-u2xd.googlevideo.com/videoplayback?expire=1613157535&ei=P4AmYPGYI5mOlQT-7I64Dw&ip=61.230.12.35&id=o-AEhBNONSUMA_QBPMjQQ06jHfS9clRi3hCEul8uNpt5QM&itag=250&source=youtube&requiressl=yes&mh=mP&mm=31%2C29&mn=sn-ipoxu-u2xd%2Csn-un57en7e&ms=au%2Crdu&mv=m&mvi=1&pl=21&pcm2=yes&initcwndbps=1011250&vprv=1&mime=audio%2Fwebm&ns=8oOKs9tHst1Pnn8Y1uRBnOoF&gir=yes&clen=2015937&dur=195.241&lmt=1557143202037204&mt=1613135564&fvip=1&keepalive=yes&beids=9466585&c=WEB&txp=2301222&n=nlWQX8CfqdXrbBJtDl&sparams=expire%2Cei%2Cip%2Cid%2Citag%2Csource%2Crequiressl%2Cpcm2%2Cvprv%2Cmime%2Cns%2Cgir%2Cclen%2Cdur%2Clmt&lsparams=mh%2Cmm%2Cmn%2Cms%2Cmv%2Cmvi%2Cpl%2Cinitcwndbps&lsig=AG3C_xAwRAIgRUBrv7TmTUCooR4Dk-FrnGxSbwcR4Drhy8fIqCT3jpwCIBkMq0zSGDeFVx4n4LIvSUWUHY855zjONNRJpte0MeSn&sig=AOq0QJ8wRAIgfjXJGCMFkORL8CepuIjnhVhhia5YB-8kbzYPB8-uiXgCIEQKwmOZPGpw0IDdqLAM42UfO9bLMXBc4yZ3tOrtOtXs&ratebypass=yes", "player_url": "/s/player/490079fb/player_ias.vflset/en_US/base.js", "ext": "webm", "format_note": "tiny", "acodec": "opus", "abr": 70, "asr": 48000, "filesize": 2015937, "fps": null, "height": null, "tbr": 89.05, "width": null, "vcodec": "none", "downloader_options": {"http_chunk_size": 10485760}, "format": "250 - audio only (tiny)", "protocol": "https", "http_headers": {"User-Agent": "Mozilla/5.0 (Windows NT 10.0; Win64; x64) AppleWebKit/537.36 (KHTML, like Gecko) Chrome/74.0.3729.96 Safari/537.36", "Accept-Charset": "ISO-8859-1,utf-8;q=0.7,*;q=0.7", "Accept": "text/html,application/xhtml+xml,application/xml;q=0.9,*/*;q=0.8", "Accept-Encoding": "gzip, deflate", "Accept-Language": "en-us,en;q=0.5"}}, {"format_id": "140", "url": "https://r1---sn-ipoxu-u2xd.googlevideo.com/videoplayback?expire=1613157535&ei=P4AmYPGYI5mOlQT-7I64Dw&ip=61.230.12.35&id=o-AEhBNONSUMA_QBPMjQQ06jHfS9clRi3hCEul8uNpt5QM&itag=140&source=youtube&requiressl=yes&mh=mP&mm=31%2C29&mn=sn-ipoxu-u2xd%2Csn-un57en7e&ms=au%2Crdu&mv=m&mvi=1&pl=21&pcm2=yes&initcwndbps=1011250&vprv=1&mime=audio%2Fmp4&ns=8oOKs9tHst1Pnn8Y1uRBnOoF&gir=yes&clen=3161125&dur=195.279&lmt=1557142403319127&mt=1613135564&fvip=1&keepalive=yes&beids=9466585&c=WEB&txp=2311222&n=nlWQX8CfqdXrbBJtDl&sparams=expire%2Cei%2Cip%2Cid%2Citag%2Csource%2Crequiressl%2Cpcm2%2Cvprv%2Cmime%2Cns%2Cgir%2Cclen%2Cdur%2Clmt&lsparams=mh%2Cmm%2Cmn%2Cms%2Cmv%2Cmvi%2Cpl%2Cinitcwndbps&lsig=AG3C_xAwRAIgFn016bvE6yL0uNKx7CkjKx1WHlmMBAmI1BLMkqQQ9fYCIE9Ewt_rrZ8ZBkeGkSw4dEpiI81LjAuqKw9eQEpeJDXc&sig=AOq0QJ8wRAIgWmhoJv45cyURa1iJNLPAq9zhqIKpJOUDlJeEDlzEmeUCIC_A3R3GkST-dGdzyYOwhukwT_KozpedGhXIdK0ZD_0I&ratebypass=yes", "player_url": "/s/player/490079fb/player_ias.vflset/en_US/base.js", "ext": "m4a", "format_note": "tiny", "acodec": "mp4a.40.2", "abr": 128, "container": "m4a_dash", "asr": 44100, "filesize": 3161125, "fps": null, "height": null, "tbr": 130.539, "width": null, "vcodec": "none", "downloader_options": {"http_chunk_size": 10485760}, "format": "140 - audio only (tiny)", "protocol": "https", "http_headers": {"User-Agent": "Mozilla/5.0 (Windows NT 10.0; Win64; x64) AppleWebKit/537.36 (KHTML, like Gecko) Chrome/74.0.3729.96 Safari/537.36", "Accept-Charset": "ISO-8859-1,utf-8;q=0.7,*;q=0.7", "Accept": "text/html,application/xhtml+xml,application/xml;q=0.9,*/*;q=0.8", "Accept-Encoding": "gzip, deflate", "Accept-Language": "en-us,en;q=0.5"}}, {"format_id": "251", "url": "https://r1---sn-ipoxu-u2xd.googlevideo.com/videoplayback?expire=1613157535&ei=P4AmYPGYI5mOlQT-7I64Dw&ip=61.230.12.35&id=o-AEhBNONSUMA_QBPMjQQ06jHfS9clRi3hCEul8uNpt5QM&itag=251&source=youtube&requiressl=yes&mh=mP&mm=31%2C29&mn=sn-ipoxu-u2xd%2Csn-un57en7e&ms=au%2Crdu&mv=m&mvi=1&pl=21&pcm2=yes&initcwndbps=1011250&vprv=1&mime=audio%2Fwebm&ns=8oOKs9tHst1Pnn8Y1uRBnOoF&gir=yes&clen=3810752&dur=195.241&lmt=1557143202235781&mt=1613135564&fvip=1&keepalive=yes&beids=9466585&c=WEB&txp=2301222&n=nlWQX8CfqdXrbBJtDl&sparams=expire%2Cei%2Cip%2Cid%2Citag%2Csource%2Crequiressl%2Cpcm2%2Cvprv%2Cmime%2Cns%2Cgir%2Cclen%2Cdur%2Clmt&lsparams=mh%2Cmm%2Cmn%2Cms%2Cmv%2Cmvi%2Cpl%2Cinitcwndbps&lsig=AG3C_xAwRQIhAMJPBpLqIWCof0e_MptYorzbRezNn8vwa_nxkXbtac9YAiAeVHFKOKCG5Pcfi3K8DzQ059mUujANF_cgtIXp5351mg%3D%3D&sig=AOq0QJ8wRQIhANGLvnb2yjWfl4_SsN2WzMrR9z4UMl4Oo9YFvhT5pSXwAiA6aTpv7dYYUxtpLsgLL89APfVJb6sMZa1TKh8EgnjBzA==&ratebypass=yes", "player_url": "/s/player/490079fb/player_ias.vflset/en_US/base.js", "ext": "webm", "format_note": "tiny", "acodec": "opus", "abr": 160, "asr": 48000, "filesize": 3810752, "fps": null, "height": null, "tbr": 164.656, "width": null, "vcodec": "none", "downloader_options": {"http_chunk_size": 10485760}, "format": "251 - audio only (tiny)", "protocol": "https", "http_headers": {"User-Agent": "Mozilla/5.0 (Windows NT 10.0; Win64; x64) AppleWebKit/537.36 (KHTML, like Gecko) Chrome/74.0.3729.96 Safari/537.36", "Accept-Charset": "ISO-8859-1,utf-8;q=0.7,*;q=0.7", "Accept": "text/html,application/xhtml+xml,application/xml;q=0.9,*/*;q=0.8", "Accept-Encoding": "gzip, deflate", "Accept-Language": "en-us,en;q=0.5"}}, {"format_id": "160", "url": "https://r1---sn-ipoxu-u2xd.googlevideo.com/videoplayback?expire=1613157535&ei=P4AmYPGYI5mOlQT-7I64Dw&ip=61.230.12.35&id=o-AEhBNONSUMA_QBPMjQQ06jHfS9clRi3hCEul8uNpt5QM&itag=160&aitags=133%2C134%2C135%2C136%2C137%2C160%2C242%2C243%2C244%2C247%2C248%2C278&source=youtube&requiressl=yes&mh=mP&mm=31%2C29&mn=sn-ipoxu-u2xd%2Csn-un57en7e&ms=au%2Crdu&mv=m&mvi=1&pl=21&pcm2=yes&initcwndbps=1011250&vprv=1&mime=video%2Fmp4&ns=8oOKs9tHst1Pnn8Y1uRBnOoF&gir=yes&clen=1135329&dur=195.228&lmt=1557142413413258&mt=1613135564&fvip=1&keepalive=yes&beids=9466585&c=WEB&txp=2316222&n=nlWQX8CfqdXrbBJtDl&sparams=expire%2Cei%2Cip%2Cid%2Caitags%2Csource%2Crequiressl%2Cpcm2%2Cvprv%2Cmime%2Cns%2Cgir%2Cclen%2Cdur%2Clmt&lsparams=mh%2Cmm%2Cmn%2Cms%2Cmv%2Cmvi%2Cpl%2Cinitcwndbps&lsig=AG3C_xAwRQIgacjr9z8Sgv3fbGDNxx0kEzNz9yo_KPhkFadvKL0MnjsCIQC1XvRxPu2R1xos72iPex_JH4qKMH9ra5P9zIKaqpJsng%3D%3D&sig=AOq0QJ8wRQIhAMd-Siz1JWMDPRVXMwvBSjlMWhw4kjhcVTlSk0QRjO3VAiAs81T9pfB5GJLdV9holm-OAXkc7Ym0ZyGngX-Rxzma_w==&ratebypass=yes", "player_url": "/s/player/490079fb/player_ias.vflset/en_US/base.js", "ext": "mp4", "height": 144, "format_note": "144p", "vcodec": "avc1.4d400c", "asr": null, "filesize": 1135329, "fps": 30, "tbr": 61.786, "width": 256, "acodec": "none", "downloader_options": {"http_chunk_size": 10485760}, "format": "160 - 256x144 (144p)", "protocol": "https", "http_headers": {"User-Agent": "Mozilla/5.0 (Windows NT 10.0; Win64; x64) AppleWebKit/537.36 (KHTML, like Gecko) Chrome/74.0.3729.96 Safari/537.36", "Accept-Charset": "ISO-8859-1,utf-8;q=0.7,*;q=0.7", "Accept": "text/html,application/xhtml+xml,application/xml;q=0.9,*/*;q=0.8", "Accept-Encoding": "gzip, deflate", "Accept-Language": "en-us,en;q=0.5"}}, {"format_id": "278", "url": "https://r1---sn-ipoxu-u2xd.googlevideo.com/videoplayback?expire=1613157535&ei=P4AmYPGYI5mOlQT-7I64Dw&ip=61.230.12.35&id=o-AEhBNONSUMA_QBPMjQQ06jHfS9clRi3hCEul8uNpt5QM&itag=278&aitags=133%2C134%2C135%2C136%2C137%2C160%2C242%2C243%2C244%2C247%2C248%2C278&source=youtube&requiressl=yes&mh=mP&mm=31%2C29&mn=sn-ipoxu-u2xd%2Csn-un57en7e&ms=au%2Crdu&mv=m&mvi=1&pl=21&pcm2=yes&initcwndbps=1011250&vprv=1&mime=video%2Fwebm&ns=8oOKs9tHst1Pnn8Y1uRBnOoF&gir=yes&clen=1025529&dur=195.228&lmt=1557142414032163&mt=1613135564&fvip=1&keepalive=yes&beids=9466585&c=WEB&txp=2316222&n=nlWQX8CfqdXrbBJtDl&sparams=expire%2Cei%2Cip%2Cid%2Caitags%2Csource%2Crequiressl%2Cpcm2%2Cvprv%2Cmime%2Cns%2Cgir%2Cclen%2Cdur%2Clmt&lsparams=mh%2Cmm%2Cmn%2Cms%2Cmv%2Cmvi%2Cpl%2Cinitcwndbps&lsig=AG3C_xAwRQIgGjcRRqQV82KRx0XQXtmD3S6Nd6ihsgCwz9QDXT6iAbcCIQC7fqtWRChpxZzUDWu-QqVa5WzcAornMR74-mcTMhNZJA%3D%3D&sig=AOq0QJ8wRQIhAK7P5PVDeZSlJE2jhlNNNSeXM8Dz6rk21DxBogSk7BmVAiBBlWd-nbFpCIS5UjNGbeo6IKmT4_I8_uIn2KPzNhBy6A==&ratebypass=yes", "player_url": "/s/player/490079fb/player_ias.vflset/en_US/base.js", "ext": "webm", "height": 144, "format_note": "144p", "container": "webm", "vcodec": "vp9", "asr": null, "filesize": 1025529, "fps": 30, "tbr": 64.071, "width": 256, "acodec": "none", "downloader_options": {"http_chunk_size": 10485760}, "format": "278 - 256x144 (144p)", "protocol": "https", "http_headers": {"User-Agent": "Mozilla/5.0 (Windows NT 10.0; Win64; x64) AppleWebKit/537.36 (KHTML, like Gecko) Chrome/74.0.3729.96 Safari/537.36", "Accept-Charset": "ISO-8859-1,utf-8;q=0.7,*;q=0.7", "Accept": "text/html,application/xhtml+xml,application/xml;q=0.9,*/*;q=0.8", "Accept-Encoding": "gzip, deflate", "Accept-Language": "en-us,en;q=0.5"}}, {"format_id": "242", "url": "https://r1---sn-ipoxu-u2xd.googlevideo.com/videoplayback?expire=1613157535&ei=P4AmYPGYI5mOlQT-7I64Dw&ip=61.230.12.35&id=o-AEhBNONSUMA_QBPMjQQ06jHfS9clRi3hCEul8uNpt5QM&itag=242&aitags=133%2C134%2C135%2C136%2C137%2C160%2C242%2C243%2C244%2C247%2C248%2C278&source=youtube&requiressl=yes&mh=mP&mm=31%2C29&mn=sn-ipoxu-u2xd%2Csn-un57en7e&ms=au%2Crdu&mv=m&mvi=1&pl=21&pcm2=yes&initcwndbps=1011250&vprv=1&mime=video%2Fwebm&ns=8oOKs9tHst1Pnn8Y1uRBnOoF&gir=yes&clen=1240119&dur=195.228&lmt=1557142414040997&mt=1613135564&fvip=1&keepalive=yes&beids=9466585&c=WEB&txp=2316222&n=nlWQX8CfqdXrbBJtDl&sparams=expire%2Cei%2Cip%2Cid%2Caitags%2Csource%2Crequiressl%2Cpcm2%2Cvprv%2Cmime%2Cns%2Cgir%2Cclen%2Cdur%2Clmt&lsparams=mh%2Cmm%2Cmn%2Cms%2Cmv%2Cmvi%2Cpl%2Cinitcwndbps&lsig=AG3C_xAwRQIhAMyoNen3j3SAjsR5Y6QyBcV4qgkIaJRSk5T9yaQSqxaEAiBKirQDoo6AkPr81Xn6UlZKv10S6g8yVWjddsRb2-JqTg%3D%3D&sig=AOq0QJ8wRQIgUyeqXkO7KH389ghhnXZMyjTqvmKbJsVShqYLPLZZPiICIQDmIPDIUCQXcN5a4IpeDOZI0CUk2q9Ibc5lvp4ER8XHTA==&ratebypass=yes", "player_url": "/s/player/490079fb/player_ias.vflset/en_US/base.js", "ext": "webm", "height": 240, "format_note": "240p", "vcodec": "vp9", "asr": null, "filesize": 1240119, "fps": 30, "tbr": 76.967, "width": 426, "acodec": "none", "downloader_options": {"http_chunk_size": 10485760}, "format": "242 - 426x240 (240p)", "protocol": "https", "http_headers": {"User-Agent": "Mozilla/5.0 (Windows NT 10.0; Win64; x64) AppleWebKit/537.36 (KHTML, like Gecko) Chrome/74.0.3729.96 Safari/537.36", "Accept-Charset": "ISO-8859-1,utf-8;q=0.7,*;q=0.7", "Accept": "text/html,application/xhtml+xml,application/xml;q=0.9,*/*;q=0.8", "Accept-Encoding": "gzip, deflate", "Accept-Language": "en-us,en;q=0.5"}}, {"format_id": "243", "url": "https://r1---sn-ipoxu-u2xd.googlevideo.com/videoplayback?expire=1613157535&ei=P4AmYPGYI5mOlQT-7I64Dw&ip=61.230.12.35&id=o-AEhBNONSUMA_QBPMjQQ06jHfS9clRi3hCEul8uNpt5QM&itag=243&aitags=133%2C134%2C135%2C136%2C137%2C160%2C242%2C243%2C244%2C247%2C248%2C278&source=youtube&requiressl=yes&mh=mP&mm=31%2C29&mn=sn-ipoxu-u2xd%2Csn-un57en7e&ms=au%2Crdu&mv=m&mvi=1&pl=21&pcm2=yes&initcwndbps=1011250&vprv=1&mime=video%2Fwebm&ns=8oOKs9tHst1Pnn8Y1uRBnOoF&gir=yes&clen=2169500&dur=195.228&lmt=1557142414026384&mt=1613135564&fvip=1&keepalive=yes&beids=9466585&c=WEB&txp=2316222&n=nlWQX8CfqdXrbBJtDl&sparams=expire%2Cei%2Cip%2Cid%2Caitags%2Csource%2Crequiressl%2Cpcm2%2Cvprv%2Cmime%2Cns%2Cgir%2Cclen%2Cdur%2Clmt&lsparams=mh%2Cmm%2Cmn%2Cms%2Cmv%2Cmvi%2Cpl%2Cinitcwndbps&lsig=AG3C_xAwRAIgPbaIo4N9uVMwZhzvmFxr4xoysCHuNG_XREbARuo9Y5QCICLFk2EmR1LFUI0D71MHcH56Kf4dNGdLWdpFZYTiDRWx&sig=AOq0QJ8wRQIgCthnJu1fTSxDxrFODwSWuiCU-Q4dord72prKExKyxl0CIQCA7URvt16g6vwsyVjN8s4P5bWsbNN4jBWrju_YVhbJHQ==&ratebypass=yes", "player_url": "/s/player/490079fb/player_ias.vflset/en_US/base.js", "ext": "webm", "height": 360, "format_note": "360p", "vcodec": "vp9", "asr": null, "filesize": 2169500, "fps": 30, "tbr": 141.299, "width": 640, "acodec": "none", "downloader_options": {"http_chunk_size": 10485760}, "format": "243 - 640x360 (360p)", "protocol": "https", "http_headers": {"User-Agent": "Mozilla/5.0 (Windows NT 10.0; Win64; x64) AppleWebKit/537.36 (KHTML, like Gecko) Chrome/74.0.3729.96 Safari/537.36", "Accept-Charset": "ISO-8859-1,utf-8;q=0.7,*;q=0.7", "Accept": "text/html,application/xhtml+xml,application/xml;q=0.9,*/*;q=0.8", "Accept-Encoding": "gzip, deflate", "Accept-Language": "en-us,en;q=0.5"}}, {"format_id": "133", "url": "https://r1---sn-ipoxu-u2xd.googlevideo.com/videoplayback?expire=1613157535&ei=P4AmYPGYI5mOlQT-7I64Dw&ip=61.230.12.35&id=o-AEhBNONSUMA_QBPMjQQ06jHfS9clRi3hCEul8uNpt5QM&itag=133&aitags=133%2C134%2C135%2C136%2C137%2C160%2C242%2C243%2C244%2C247%2C248%2C278&source=youtube&requiressl=yes&mh=mP&mm=31%2C29&mn=sn-ipoxu-u2xd%2Csn-un57en7e&ms=au%2Crdu&mv=m&mvi=1&pl=21&pcm2=yes&initcwndbps=1011250&vprv=1&mime=video%2Fmp4&ns=8oOKs9tHst1Pnn8Y1uRBnOoF&gir=yes&clen=2526017&dur=195.228&lmt=1557142413413941&mt=1613135564&fvip=1&keepalive=yes&beids=9466585&c=WEB&txp=2316222&n=nlWQX8CfqdXrbBJtDl&sparams=expire%2Cei%2Cip%2Cid%2Caitags%2Csource%2Crequiressl%2Cpcm2%2Cvprv%2Cmime%2Cns%2Cgir%2Cclen%2Cdur%2Clmt&lsparams=mh%2Cmm%2Cmn%2Cms%2Cmv%2Cmvi%2Cpl%2Cinitcwndbps&lsig=AG3C_xAwRAIgSOPqq8jGemYnpAe7KqMNlFQOTmW5ofhbCLF-Y6ypffYCIENfhP-YQEVOvW4W4urXR43Fh7MTqIWAtmdlcMbjXJ0y&sig=AOq0QJ8wRAIgKaYYlZlIHDX_t7_Q19IbVYF9HpoDuPyC3TheL0AC3a0CIFN3TkDlOkj84SxY0UvVnAbqlMFHsu3VvJ-Klspqfw2q&ratebypass=yes", "player_url": "/s/player/490079fb/player_ias.vflset/en_US/base.js", "ext": "mp4", "height": 240, "format_note": "240p", "vcodec": "avc1.4d4015", "asr": null, "filesize": 2526017, "fps": 30, "tbr": 146.508, "width": 426, "acodec": "none", "downloader_options": {"http_chunk_size": 10485760}, "format": "133 - 426x240 (240p)", "protocol": "https", "http_headers": {"User-Agent": "Mozilla/5.0 (Windows NT 10.0; Win64; x64) AppleWebKit/537.36 (KHTML, like Gecko) Chrome/74.0.3729.96 Safari/537.36", "Accept-Charset": "ISO-8859-1,utf-8;q=0.7,*;q=0.7", "Accept": "text/html,application/xhtml+xml,application/xml;q=0.9,*/*;q=0.8", "Accept-Encoding": "gzip, deflate", "Accept-Language": "en-us,en;q=0.5"}}, {"format_id": "244", "url": "https://r1---sn-ipoxu-u2xd.googlevideo.com/videoplayback?expire=1613157535&ei=P4AmYPGYI5mOlQT-7I64Dw&ip=61.230.12.35&id=o-AEhBNONSUMA_QBPMjQQ06jHfS9clRi3hCEul8uNpt5QM&itag=244&aitags=133%2C134%2C135%2C136%2C137%2C160%2C242%2C243%2C244%2C247%2C248%2C278&source=youtube&requiressl=yes&mh=mP&mm=31%2C29&mn=sn-ipoxu-u2xd%2Csn-un57en7e&ms=au%2Crdu&mv=m&mvi=1&pl=21&pcm2=yes&initcwndbps=1011250&vprv=1&mime=video%2Fwebm&ns=8oOKs9tHst1Pnn8Y1uRBnOoF&gir=yes&clen=3370649&dur=195.228&lmt=1557142414026613&mt=1613135564&fvip=1&keepalive=yes&beids=9466585&c=WEB&txp=2316222&n=nlWQX8CfqdXrbBJtDl&sparams=expire%2Cei%2Cip%2Cid%2Caitags%2Csource%2Crequiressl%2Cpcm2%2Cvprv%2Cmime%2Cns%2Cgir%2Cclen%2Cdur%2Clmt&lsparams=mh%2Cmm%2Cmn%2Cms%2Cmv%2Cmvi%2Cpl%2Cinitcwndbps&lsig=AG3C_xAwRQIgKVJMxQvpykvGcSdMuHEkk5N0zP9XJe-4R8VuG6b_xnUCIQCQRbgjSxOVkj_GAAficQUIFDjMgGCvLxUJ4vty6bYAcQ%3D%3D&sig=AOq0QJ8wRgIhAL5pIkcnZ1A0-F5tyhP2nvpgUNdVV8R6KsAzEiMeunRZAiEA2TXYdorXSwYFO2rlTFSQh9GCSptu5RutPvLxQH2vU7I=&ratebypass=yes", "player_url": "/s/player/490079fb/player_ias.vflset/en_US/base.js", "ext": "webm", "height": 480, "format_note": "480p", "vcodec": "vp9", "asr": null, "filesize": 3370649, "fps": 30, "tbr": 218.544, "width": 854, "acodec": "none", "downloader_options": {"http_chunk_size": 10485760}, "format": "244 - 854x480 (480p)", "protocol": "https", "http_headers": {"User-Agent": "Mozilla/5.0 (Windows NT 10.0; Win64; x64) AppleWebKit/537.36 (KHTML, like Gecko) Chrome/74.0.3729.96 Safari/537.36", "Accept-Charset": "ISO-8859-1,utf-8;q=0.7,*;q=0.7", "Accept": "text/html,application/xhtml+xml,application/xml;q=0.9,*/*;q=0.8", "Accept-Encoding": "gzip, deflate", "Accept-Language": "en-us,en;q=0.5"}}, {"format_id": "134", "url": "https://r1---sn-ipoxu-u2xd.googlevideo.com/videoplayback?expire=1613157535&ei=P4AmYPGYI5mOlQT-7I64Dw&ip=61.230.12.35&id=o-AEhBNONSUMA_QBPMjQQ06jHfS9clRi3hCEul8uNpt5QM&itag=134&aitags=133%2C134%2C135%2C136%2C137%2C160%2C242%2C243%2C244%2C247%2C248%2C278&source=youtube&requiressl=yes&mh=mP&mm=31%2C29&mn=sn-ipoxu-u2xd%2Csn-un57en7e&ms=au%2Crdu&mv=m&mvi=1&pl=21&pcm2=yes&initcwndbps=1011250&vprv=1&mime=video%2Fmp4&ns=8oOKs9tHst1Pnn8Y1uRBnOoF&gir=yes&clen=4558857&dur=195.228&lmt=1557142413416880&mt=1613135564&fvip=1&keepalive=yes&beids=9466585&c=WEB&txp=2316222&n=nlWQX8CfqdXrbBJtDl&sparams=expire%2Cei%2Cip%2Cid%2Caitags%2Csource%2Crequiressl%2Cpcm2%2Cvprv%2Cmime%2Cns%2Cgir%2Cclen%2Cdur%2Clmt&lsparams=mh%2Cmm%2Cmn%2Cms%2Cmv%2Cmvi%2Cpl%2Cinitcwndbps&lsig=AG3C_xAwRQIgYiA5VXadz2QucstzCluWmeu6PotsfQbV6uMVrsUR27MCIQD4MYdLD0nPij81NDrt-YuNQq989yqapGPsPR5vLp6gPA%3D%3D&sig=AOq0QJ8wRQIhAJhZUOcM7rNTAtxnWZLotud7CO5rNIrz15MP4XyLF3aFAiAKzbCSRzZZf2Xg-yby-ow4CKOQfG9d_i9A4hEmAE0k_Q==&ratebypass=yes", "player_url": "/s/player/490079fb/player_ias.vflset/en_US/base.js", "ext": "mp4", "height": 360, "format_note": "360p", "vcodec": "avc1.4d401e", "asr": null, "filesize": 4558857, "fps": 30, "tbr": 270.435, "width": 640, "acodec": "none", "downloader_options": {"http_chunk_size": 10485760}, "format": "134 - 640x360 (360p)", "protocol": "https", "http_headers": {"User-Agent": "Mozilla/5.0 (Windows NT 10.0; Win64; x64) AppleWebKit/537.36 (KHTML, like Gecko) Chrome/74.0.3729.96 Safari/537.36", "Accept-Charset": "ISO-8859-1,utf-8;q=0.7,*;q=0.7", "Accept": "text/html,application/xhtml+xml,application/xml;q=0.9,*/*;q=0.8", "Accept-Encoding": "gzip, deflate", "Accept-Language": "en-us,en;q=0.5"}}, {"format_id": "247", "url": "https://r1---sn-ipoxu-u2xd.googlevideo.com/videoplayback?expire=1613157535&ei=P4AmYPGYI5mOlQT-7I64Dw&ip=61.230.12.35&id=o-AEhBNONSUMA_QBPMjQQ06jHfS9clRi3hCEul8uNpt5QM&itag=247&aitags=133%2C134%2C135%2C136%2C137%2C160%2C242%2C243%2C244%2C247%2C248%2C278&source=youtube&requiressl=yes&mh=mP&mm=31%2C29&mn=sn-ipoxu-u2xd%2Csn-un57en7e&ms=au%2Crdu&mv=m&mvi=1&pl=21&pcm2=yes&initcwndbps=1011250&vprv=1&mime=video%2Fwebm&ns=8oOKs9tHst1Pnn8Y1uRBnOoF&gir=yes&clen=7335099&dur=195.228&lmt=1557142414038118&mt=1613135564&fvip=1&keepalive=yes&beids=9466585&c=WEB&txp=2316222&n=nlWQX8CfqdXrbBJtDl&sparams=expire%2Cei%2Cip%2Cid%2Caitags%2Csource%2Crequiressl%2Cpcm2%2Cvprv%2Cmime%2Cns%2Cgir%2Cclen%2Cdur%2Clmt&lsparams=mh%2Cmm%2Cmn%2Cms%2Cmv%2Cmvi%2Cpl%2Cinitcwndbps&lsig=AG3C_xAwRQIgKYAV0We8tQs1dnqinloVtzEqmCaeHMvu_Y20hy9w6e8CIQCBU2BFJrPsAENV1DJTI6yZNhCarwSMLiqcD49Oy14RGw%3D%3D&sig=AOq0QJ8wRQIhAOtovw_aj8rxQPMFw2pZA4dLOw6kYa-lw_pUAbhjWuq4AiBcMvv6QtdfQm74kA7X_xwFBRNlDt-9GsIXxdOG8ZJnIQ==&ratebypass=yes", "player_url": "/s/player/490079fb/player_ias.vflset/en_US/base.js", "ext": "webm", "height": 720, "format_note": "720p", "vcodec": "vp9", "asr": null, "filesize": 7335099, "fps": 30, "tbr": 456.519, "width": 1280, "acodec": "none", "downloader_options": {"http_chunk_size": 10485760}, "format": "247 - 1280x720 (720p)", "protocol": "https", "http_headers": {"User-Agent": "Mozilla/5.0 (Windows NT 10.0; Win64; x64) AppleWebKit/537.36 (KHTML, like Gecko) Chrome/74.0.3729.96 Safari/537.36", "Accept-Charset": "ISO-8859-1,utf-8;q=0.7,*;q=0.7", "Accept": "text/html,application/xhtml+xml,application/xml;q=0.9,*/*;q=0.8", "Accept-Encoding": "gzip, deflate", "Accept-Language": "en-us,en;q=0.5"}}, {"format_id": "135", "url": "https://r1---sn-ipoxu-u2xd.googlevideo.com/videoplayback?expire=1613157535&ei=P4AmYPGYI5mOlQT-7I64Dw&ip=61.230.12.35&id=o-AEhBNONSUMA_QBPMjQQ06jHfS9clRi3hCEul8uNpt5QM&itag=135&aitags=133%2C134%2C135%2C136%2C137%2C160%2C242%2C243%2C244%2C247%2C248%2C278&source=youtube&requiressl=yes&mh=mP&mm=31%2C29&mn=sn-ipoxu-u2xd%2Csn-un57en7e&ms=au%2Crdu&mv=m&mvi=1&pl=21&pcm2=yes&initcwndbps=1011250&vprv=1&mime=video%2Fmp4&ns=8oOKs9tHst1Pnn8Y1uRBnOoF&gir=yes&clen=7226632&dur=195.228&lmt=1557142413416175&mt=1613135564&fvip=1&keepalive=yes&beids=9466585&c=WEB&txp=2316222&n=nlWQX8CfqdXrbBJtDl&sparams=expire%2Cei%2Cip%2Cid%2Caitags%2Csource%2Crequiressl%2Cpcm2%2Cvprv%2Cmime%2Cns%2Cgir%2Cclen%2Cdur%2Clmt&lsparams=mh%2Cmm%2Cmn%2Cms%2Cmv%2Cmvi%2Cpl%2Cinitcwndbps&lsig=AG3C_xAwRgIhAL2RGKc-QAwG5VoqdnNKkmU6epKxk41S6ptyHOTO0zfNAiEA_S8C-2uW2_niR1uLlTYkVWJSyeRC4OFpXBfft3iHzKY%3D&sig=AOq0QJ8wRAIgfp2mTSjzJQQIOmAx8BVuN1n1uS8NqcLjNZVTPjgInAwCICRk160gBnPaDKuHpABWRK1PAi31BHhUBcK-cWS5kZjD&ratebypass=yes", "player_url": "/s/player/490079fb/player_ias.vflset/en_US/base.js", "ext": "mp4", "height": 480, "format_note": "480p", "vcodec": "avc1.4d401f", "asr": null, "filesize": 7226632, "fps": 30, "tbr": 490.475, "width": 854, "acodec": "none", "downloader_options": {"http_chunk_size": 10485760}, "format": "135 - 854x480 (480p)", "protocol": "https", "http_headers": {"User-Agent": "Mozilla/5.0 (Windows NT 10.0; Win64; x64) AppleWebKit/537.36 (KHTML, like Gecko) Chrome/74.0.3729.96 Safari/537.36", "Accept-Charset": "ISO-8859-1,utf-8;q=0.7,*;q=0.7", "Accept": "text/html,application/xhtml+xml,application/xml;q=0.9,*/*;q=0.8", "Accept-Encoding": "gzip, deflate", "Accept-Language": "en-us,en;q=0.5"}}, {"format_id": "248", "url": "https://r1---sn-ipoxu-u2xd.googlevideo.com/videoplayback?expire=1613157535&ei=P4AmYPGYI5mOlQT-7I64Dw&ip=61.230.12.35&id=o-AEhBNONSUMA_QBPMjQQ06jHfS9clRi3hCEul8uNpt5QM&itag=248&aitags=133%2C134%2C135%2C136%2C137%2C160%2C242%2C243%2C244%2C247%2C248%2C278&source=youtube&requiressl=yes&mh=mP&mm=31%2C29&mn=sn-ipoxu-u2xd%2Csn-un57en7e&ms=au%2Crdu&mv=m&mvi=1&pl=21&pcm2=yes&initcwndbps=1011250&vprv=1&mime=video%2Fwebm&ns=8oOKs9tHst1Pnn8Y1uRBnOoF&gir=yes&clen=12171155&dur=195.228&lmt=1557142414035428&mt=1613135564&fvip=1&keepalive=yes&beids=9466585&c=WEB&txp=2316222&n=nlWQX8CfqdXrbBJtDl&sparams=expire%2Cei%2Cip%2Cid%2Caitags%2Csource%2Crequiressl%2Cpcm2%2Cvprv%2Cmime%2Cns%2Cgir%2Cclen%2Cdur%2Clmt&lsparams=mh%2Cmm%2Cmn%2Cms%2Cmv%2Cmvi%2Cpl%2Cinitcwndbps&lsig=AG3C_xAwRgIhANqWyYAov2qvmPQCcUFJsfIC-Rdtjtdp4vU-Vganw8T6AiEAw3MaDDgj_R0YL3qH8chj3jKEkkihAF4sPhYsbr4brh4%3D&sig=AOq0QJ8wRQIhAOH73vNZDrYF71n9WkSxArPBD53ithFYrCze9gUeNSu2AiAPcNpj2EtUI9O8vHMtQIMbjXy-6TkLIJSnIbvXI55MUA==&ratebypass=yes", "player_url": "/s/player/490079fb/player_ias.vflset/en_US/base.js", "ext": "webm", "height": 1080, "format_note": "1080p", "vcodec": "vp9", "asr": null, "filesize": 12171155, "fps": 30, "tbr": 795.949, "width": 1920, "acodec": "none", "downloader_options": {"http_chunk_size": 10485760}, "format": "248 - 1920x1080 (1080p)", "protocol": "https", "http_headers": {"User-Agent": "Mozilla/5.0 (Windows NT 10.0; Win64; x64) AppleWebKit/537.36 (KHTML, like Gecko) Chrome/74.0.3729.96 Safari/537.36", "Accept-Charset": "ISO-8859-1,utf-8;q=0.7,*;q=0.7", "Accept": "text/html,application/xhtml+xml,application/xml;q=0.9,*/*;q=0.8", "Accept-Encoding": "gzip, deflate", "Accept-Language": "en-us,en;q=0.5"}}, {"format_id": "136", "url": "https://r1---sn-ipoxu-u2xd.googlevideo.com/videoplayback?expire=1613157535&ei=P4AmYPGYI5mOlQT-7I64Dw&ip=61.230.12.35&id=o-AEhBNONSUMA_QBPMjQQ06jHfS9clRi3hCEul8uNpt5QM&itag=136&aitags=133%2C134%2C135%2C136%2C137%2C160%2C242%2C243%2C244%2C247%2C248%2C278&source=youtube&requiressl=yes&mh=mP&mm=31%2C29&mn=sn-ipoxu-u2xd%2Csn-un57en7e&ms=au%2Crdu&mv=m&mvi=1&pl=21&pcm2=yes&initcwndbps=1011250&vprv=1&mime=video%2Fmp4&ns=8oOKs9tHst1Pnn8Y1uRBnOoF&gir=yes&clen=13377013&dur=195.228&lmt=1557142413413934&mt=1613135564&fvip=1&keepalive=yes&beids=9466585&c=WEB&txp=2316222&n=nlWQX8CfqdXrbBJtDl&sparams=expire%2Cei%2Cip%2Cid%2Caitags%2Csource%2Crequiressl%2Cpcm2%2Cvprv%2Cmime%2Cns%2Cgir%2Cclen%2Cdur%2Clmt&lsparams=mh%2Cmm%2Cmn%2Cms%2Cmv%2Cmvi%2Cpl%2Cinitcwndbps&lsig=AG3C_xAwRAIgC61dylHiXfOv4UeOanm4OQ8PhQITqTBQa24zMrYcRyACIFlv0Wlc1EpNCbevSFQnA-6KI-oCmDcfXR8TbFZbGD_6&sig=AOq0QJ8wRAIgENoqzMCCmJvsSjCdBxija7gmSnrrzR4yodSdhGzDaaQCIG2Ls9l9GhOsrln20QQdL6bUkRQzY4mv3vqhmPkT36gy&ratebypass=yes", "player_url": "/s/player/490079fb/player_ias.vflset/en_US/base.js", "ext": "mp4", "height": 720, "format_note": "720p", "vcodec": "avc1.4d401f", "asr": null, "filesize": 13377013, "fps": 30, "tbr": 943.141, "width": 1280, "acodec": "none", "downloader_options": {"http_chunk_size": 10485760}, "format": "136 - 1280x720 (720p)", "protocol": "https", "http_headers": {"User-Agent": "Mozilla/5.0 (Windows NT 10.0; Win64; x64) AppleWebKit/537.36 (KHTML, like Gecko) Chrome/74.0.3729.96 Safari/537.36", "Accept-Charset": "ISO-8859-1,utf-8;q=0.7,*;q=0.7", "Accept": "text/html,application/xhtml+xml,application/xml;q=0.9,*/*;q=0.8", "Accept-Encoding": "gzip, deflate", "Accept-Language": "en-us,en;q=0.5"}}, {"format_id": "137", "url": "https://r1---sn-ipoxu-u2xd.googlevideo.com/videoplayback?expire=1613157535&ei=P4AmYPGYI5mOlQT-7I64Dw&ip=61.230.12.35&id=o-AEhBNONSUMA_QBPMjQQ06jHfS9clRi3hCEul8uNpt5QM&itag=137&aitags=133%2C134%2C135%2C136%2C137%2C160%2C242%2C243%2C244%2C247%2C248%2C278&source=youtube&requiressl=yes&mh=mP&mm=31%2C29&mn=sn-ipoxu-u2xd%2Csn-un57en7e&ms=au%2Crdu&mv=m&mvi=1&pl=21&pcm2=yes&initcwndbps=1011250&vprv=1&mime=video%2Fmp4&ns=8oOKs9tHst1Pnn8Y1uRBnOoF&gir=yes&clen=30406907&dur=195.228&lmt=1557142413411653&mt=1613135564&fvip=1&keepalive=yes&beids=9466585&c=WEB&txp=2316222&n=nlWQX8CfqdXrbBJtDl&sparams=expire%2Cei%2Cip%2Cid%2Caitags%2Csource%2Crequiressl%2Cpcm2%2Cvprv%2Cmime%2Cns%2Cgir%2Cclen%2Cdur%2Clmt&lsparams=mh%2Cmm%2Cmn%2Cms%2Cmv%2Cmvi%2Cpl%2Cinitcwndbps&lsig=AG3C_xAwRgIhAM1XcKH_i3TZviOGvSd_MK8UoC-2XzLrpQzCnTdJIt7tAiEA-NqIhJqnf1h6pyCFaVWfA6ZUzMRjSpkTypUOH2EO3I4%3D&sig=AOq0QJ8wRQIgNKtU28gKApzDXjs9NSmIId8kz9GdYUw-ObbLUxBY4R8CIQCySK2KjdpKTwfxZv0mzljDzuM7S7IFPdERZ1TWDTuOeQ==&ratebypass=yes", "player_url": "/s/player/490079fb/player_ias.vflset/en_US/base.js", "ext": "mp4", "height": 1080, "format_note": "1080p", "vcodec": "avc1.640028", "asr": null, "filesize": 30406907, "fps": 30, "tbr": 1969.511, "width": 1920, "acodec": "none", "downloader_options": {"http_chunk_size": 10485760}, "format": "137 - 1920x1080 (1080p)", "protocol": "https", "http_headers": {"User-Agent": "Mozilla/5.0 (Windows NT 10.0; Win64; x64) AppleWebKit/537.36 (KHTML, like Gecko) Chrome/74.0.3729.96 Safari/537.36", "Accept-Charset": "ISO-8859-1,utf-8;q=0.7,*;q=0.7", "Accept": "text/html,application/xhtml+xml,application/xml;q=0.9,*/*;q=0.8", "Accept-Encoding": "gzip, deflate", "Accept-Language": "en-us,en;q=0.5"}}, {"format_id": "18", "url": "https://r1---sn-ipoxu-u2xd.googlevideo.com/videoplayback?expire=1613157535&ei=P4AmYPGYI5mOlQT-7I64Dw&ip=61.230.12.35&id=o-AEhBNONSUMA_QBPMjQQ06jHfS9clRi3hCEul8uNpt5QM&itag=18&source=youtube&requiressl=yes&mh=mP&mm=31%2C29&mn=sn-ipoxu-u2xd%2Csn-un57en7e&ms=au%2Crdu&mv=m&mvi=1&pl=21&pcm2=yes&initcwndbps=1011250&vprv=1&mime=video%2Fmp4&ns=rrg-XkNrkoctDrpLAhub2DYF&gir=yes&clen=8848784&ratebypass=yes&dur=195.279&lmt=1557142357869490&mt=1613135564&fvip=1&beids=9466585&c=WEB&txp=2311222&n=Dj3ABbaIWAw1L8u_HF&sparams=expire%2Cei%2Cip%2Cid%2Citag%2Csource%2Crequiressl%2Cpcm2%2Cvprv%2Cmime%2Cns%2Cgir%2Cclen%2Cratebypass%2Cdur%2Clmt&lsparams=mh%2Cmm%2Cmn%2Cms%2Cmv%2Cmvi%2Cpl%2Cinitcwndbps&lsig=AG3C_xAwRQIgGyJKdlLFbpN4ffz1-ISyfsIXbHMxW1SrPxC8dnzl6RoCIQC4P61cT2M4J44_IZPTSLGh-86IsBOEiAx6EkDYaeuIEg%3D%3D&sig=AOq0QJ8wRQIhAMavpJK9MxyILUrm4DwXNPyZ0fULYU8TRN2GF2gwv9YZAiAKRClSavGZ4dDrWqlU_196CDCQXPw8W-yw8Iv0Yjv3Bw==", "player_url": "/s/player/490079fb/player_ias.vflset/en_US/base.js", "ext": "mp4", "width": 640, "height": 360, "acodec": "mp4a.40.2", "abr": 96, "vcodec": "avc1.42001E", "asr": 44100, "filesize": 8848784, "format_note": "360p", "fps": 30, "tbr": 362.603, "format": "18 - 640x360 (360p)", "protocol": "https", "http_headers": {"User-Agent": "Mozilla/5.0 (Windows NT 10.0; Win64; x64) AppleWebKit/537.36 (KHTML, like Gecko) Chrome/74.0.3729.96 Safari/537.36", "Accept-Charset": "ISO-8859-1,utf-8;q=0.7,*;q=0.7", "Accept": "text/html,application/xhtml+xml,application/xml;q=0.9,*/*;q=0.8", "Accept-Encoding": "gzip, deflate", "Accept-Language": "en-us,en;q=0.5"}}], "is_live": null, "start_time": null, "end_time": null, "series": null, "season_number": null, "episode_number": null, "track": "Johannes Bornl\u00f6f   Twinkle of the Lights", "artist": null, "album": null, "release_date": null, "release_year": null, "extractor": "youtube", "webpage_url_basename": "watch", "extractor_key": "Youtube", "playlist": null, "playlist_index": null, "thumbnail": "https://i.ytimg.com/vi_webp/vJ77eDxHezE/maxresdefault.webp", "display_id": "vJ77eDxHezE", "requested_subtitles": null, "format_id": "251", "url": "https://r1---sn-ipoxu-u2xd.googlevideo.com/videoplayback?expire=1613157535&ei=P4AmYPGYI5mOlQT-7I64Dw&ip=61.230.12.35&id=o-AEhBNONSUMA_QBPMjQQ06jHfS9clRi3hCEul8uNpt5QM&itag=251&source=youtube&requiressl=yes&mh=mP&mm=31%2C29&mn=sn-ipoxu-u2xd%2Csn-un57en7e&ms=au%2Crdu&mv=m&mvi=1&pl=21&pcm2=yes&initcwndbps=1011250&vprv=1&mime=audio%2Fwebm&ns=8oOKs9tHst1Pnn8Y1uRBnOoF&gir=yes&clen=3810752&dur=195.241&lmt=1557143202235781&mt=1613135564&fvip=1&keepalive=yes&beids=9466585&c=WEB&txp=2301222&n=nlWQX8CfqdXrbBJtDl&sparams=expire%2Cei%2Cip%2Cid%2Citag%2Csource%2Crequiressl%2Cpcm2%2Cvprv%2Cmime%2Cns%2Cgir%2Cclen%2Cdur%2Clmt&lsparams=mh%2Cmm%2Cmn%2Cms%2Cmv%2Cmvi%2Cpl%2Cinitcwndbps&lsig=AG3C_xAwRQIhAMJPBpLqIWCof0e_MptYorzbRezNn8vwa_nxkXbtac9YAiAeVHFKOKCG5Pcfi3K8DzQ059mUujANF_cgtIXp5351mg%3D%3D&sig=AOq0QJ8wRQIhANGLvnb2yjWfl4_SsN2WzMrR9z4UMl4Oo9YFvhT5pSXwAiA6aTpv7dYYUxtpLsgLL89APfVJb6sMZa1TKh8EgnjBzA==&ratebypass=yes", "player_url": "/s/player/490079fb/player_ias.vflset/en_US/base.js", "ext": "webm", "format_note": "tiny", "acodec": "opus", "abr": 160, "asr": 48000, "filesize": 3810752, "fps": null, "height": null, "tbr": 164.656, "width": null, "vcodec": "none", "downloader_options": {"http_chunk_size": 10485760}, "format": "251 - audio only (tiny)", "protocol": "https", "http_headers": {"User-Agent": "Mozilla/5.0 (Windows NT 10.0; Win64; x64) AppleWebKit/537.36 (KHTML, like Gecko) Chrome/74.0.3729.96 Safari/537.36", "Accept-Charset": "ISO-8859-1,utf-8;q=0.7,*;q=0.7", "Accept": "text/html,application/xhtml+xml,application/xml;q=0.9,*/*;q=0.8", "Accept-Encoding": "gzip, deflate", "Accept-Language": "en-us,en;q=0.5"}}