{"id": "wnB2cjd6zbE", "uploader": "Peaceful Pianosi - Topic", "uploader_id": "UCq2HY9HgAne8Lu2nGwxZw2Q", "uploader_url": "http://www.youtube.com/channel/UCq2HY9HgAne8Lu2nGwxZw2Q", "channel_id": "UCq2HY9HgAne8Lu2nGwxZw2Q", "channel_url": "http://www.youtube.com/channel/UCq2HY9HgAne8Lu2nGwxZw2Q", "upload_date": "20200609", "license": null, "creator": "Peaceful Pianosi", "title": "Forever Piano", "alt_title": "Forever Piano", "thumbnails": [{"url": "https://i.ytimg.com/vi/wnB2cjd6zbE/hqdefault.jpg?sqp=-oaymwEYCKgBEF5IVfKriqkDCwgBFQAAiEIYAXAB&rs=AOn4CLCCEsm7kgOjGFb9ZsCo6VokmFtSfA", "width": 168, "height": 94, "resolution": "168x94", "id": "0"}, {"url": "https://i.ytimg.com/vi/wnB2cjd6zbE/hqdefault.jpg?sqp=-oaymwEYCMQBEG5IVfKriqkDCwgBFQAAiEIYAXAB&rs=AOn4CLDpBptGRXpkxKZVqp78GE2COos8MQ", "width": 196, "height": 110, "resolution": "196x110", "id": "1"}, {"url": "https://i.ytimg.com/vi/wnB2cjd6zbE/hqdefault.jpg?sqp=-oaymwEZCPYBEIoBSFXyq4qpAwsIARUAAIhCGAFwAQ==&rs=AOn4CLARQZOZiOvHSVrnZzldSQdUsxSJ1w", "width": 246, "height": 138, "resolution": "246x138", "id": "2"}, {"url": "https://i.ytimg.com/vi/wnB2cjd6zbE/hqdefault.jpg?sqp=-oaymwEZCNACELwBSFXyq4qpAwsIARUAAIhCGAFwAQ==&rs=AOn4CLADbwM00LaUHEsu-U6yj25pOt0dNQ", "width": 336, "height": 188, "resolution": "336x188", "id": "3"}, {"url": "https://i.ytimg.com/vi_webp/wnB2cjd6zbE/maxresdefault.webp", "width": 1920, "height": 1080, "resolution": "1920x1080", "id": "4"}], "description": "Provided to YouTube by recordJet\n\nForever Piano \u00b7 Peaceful Pianosi\n\nPiano Cover\n\n\u2117 Marsmen Music\n\nReleased on: 2020-06-05\n\nPiano: Jonas Schneider\nComposer: Jonas Schneider\n\nAuto-generated by YouTube.", "categories": ["Music"], "tags": ["Peaceful Pianosi", "Piano Cover", "Forever Piano"], "subtitles": {}, "automatic_captions": {}, "duration": 122, "age_limit": 0, "annotations": null, "chapters": null, "webpage_url": "https://www.youtube.com/watch?v=wnB2cjd6zbE", "view_count": 1860, "like_count": 3, "dislike_count": null, "average_rating": 5.0, "formats": [{"format_id": "249", "url": "https://r3---sn-5njj-u2xe.googlevideo.com/videoplayback?expire=1612200425&ei=ieUXYPDZJKGF1d8PrNSHoAs&ip=140.109.135.76&id=o-ABsxJvjI6QNgW5ybh2b9QJ123cNORt-2pX6UpB9N9K5x&itag=249&source=youtube&requiressl=yes&mh=HU&mm=31%2C29&mn=sn-5njj-u2xe%2Csn-un57sn7s&ms=au%2Crdu&mv=m&mvi=3&pl=16&gcr=tw&initcwndbps=410000&vprv=1&mime=audio%2Fwebm&ns=nUHeby6uc1Lsx0HrpHkVUvMF&gir=yes&clen=831581&dur=121.541&lmt=1596604100285405&mt=1612178454&fvip=3&keepalive=yes&fexp=23983798&c=WEB&txp=2311222&n=EGt4GWd5C0HDJvbdr&sparams=expire%2Cei%2Cip%2Cid%2Citag%2Csource%2Crequiressl%2Cgcr%2Cvprv%2Cmime%2Cns%2Cgir%2Cclen%2Cdur%2Clmt&lsparams=mh%2Cmm%2Cmn%2Cms%2Cmv%2Cmvi%2Cpl%2Cinitcwndbps&lsig=AG3C_xAwRAIgOMGywJ2cSsPvchnm2lyHCPnyX7f28bZhWk0xg0q-Pg0CIA-Rqshlt1GkW9aruWufuYPPDeDHlWjhmpPX8P83T4Vr&sig=AOq0QJ8wRAIgbxw-ymstuTfLSYPOClEyHUtn1M2drW33Twawvzz--3gCIBd_vBz_q5UiDuwFu4tHfEau44I63x_0sauwlIXO7HKn&ratebypass=yes", "player_url": "/s/player/7bc032d0/player_ias.vflset/en_US/base.js", "ext": "webm", "format_note": "tiny", "acodec": "opus", "abr": 50, "asr": 48000, "filesize": 831581, "fps": null, "height": null, "tbr": 57.954, "width": null, "vcodec": "none", "downloader_options": {"http_chunk_size": 10485760}, "format": "249 - audio only (tiny)", "protocol": "https", "http_headers": {"User-Agent": "Mozilla/5.0 (Windows NT 10.0; Win64; x64) AppleWebKit/537.36 (KHTML, like Gecko) Chrome/74.0.3729.116 Safari/537.36", "Accept-Charset": "ISO-8859-1,utf-8;q=0.7,*;q=0.7", "Accept": "text/html,application/xhtml+xml,application/xml;q=0.9,*/*;q=0.8", "Accept-Encoding": "gzip, deflate", "Accept-Language": "en-us,en;q=0.5"}}, {"format_id": "250", "url": "https://r3---sn-5njj-u2xe.googlevideo.com/videoplayback?expire=1612200425&ei=ieUXYPDZJKGF1d8PrNSHoAs&ip=140.109.135.76&id=o-ABsxJvjI6QNgW5ybh2b9QJ123cNORt-2pX6UpB9N9K5x&itag=250&source=youtube&requiressl=yes&mh=HU&mm=31%2C29&mn=sn-5njj-u2xe%2Csn-un57sn7s&ms=au%2Crdu&mv=m&mvi=3&pl=16&gcr=tw&initcwndbps=410000&vprv=1&mime=audio%2Fwebm&ns=nUHeby6uc1Lsx0HrpHkVUvMF&gir=yes&clen=1106048&dur=121.541&lmt=1596604114221303&mt=1612178454&fvip=3&keepalive=yes&fexp=23983798&c=WEB&txp=2311222&n=EGt4GWd5C0HDJvbdr&sparams=expire%2Cei%2Cip%2Cid%2Citag%2Csource%2Crequiressl%2Cgcr%2Cvprv%2Cmime%2Cns%2Cgir%2Cclen%2Cdur%2Clmt&lsparams=mh%2Cmm%2Cmn%2Cms%2Cmv%2Cmvi%2Cpl%2Cinitcwndbps&lsig=AG3C_xAwRQIgHIuPekLBRZb1qp5GXgcwCpfSTUmA3J5nB1f6uRiU9cMCIQCilE529W56UewADbKvOTaA4c9WcoQSTcJpn9NCDAvwSg%3D%3D&sig=AOq0QJ8wRQIgPJm81BY-GPBDE3D5uMXapwB6GsYKB2lcIt3j1Xa7onECIQDI1lTjykGP7Dclo6JJ1vH6igKfo-8SzdiVXPIcXGOFiQ==&ratebypass=yes", "player_url": "/s/player/7bc032d0/player_ias.vflset/en_US/base.js", "ext": "webm", "format_note": "tiny", "acodec": "opus", "abr": 70, "asr": 48000, "filesize": 1106048, "fps": null, "height": null, "tbr": 76.462, "width": null, "vcodec": "none", "downloader_options": {"http_chunk_size": 10485760}, "format": "250 - audio only (tiny)", "protocol": "https", "http_headers": {"User-Agent": "Mozilla/5.0 (Windows NT 10.0; Win64; x64) AppleWebKit/537.36 (KHTML, like Gecko) Chrome/74.0.3729.116 Safari/537.36", "Accept-Charset": "ISO-8859-1,utf-8;q=0.7,*;q=0.7", "Accept": "text/html,application/xhtml+xml,application/xml;q=0.9,*/*;q=0.8", "Accept-Encoding": "gzip, deflate", "Accept-Language": "en-us,en;q=0.5"}}, {"format_id": "140", "url": "https://r3---sn-5njj-u2xe.googlevideo.com/videoplayback?expire=1612200425&ei=ieUXYPDZJKGF1d8PrNSHoAs&ip=140.109.135.76&id=o-ABsxJvjI6QNgW5ybh2b9QJ123cNORt-2pX6UpB9N9K5x&itag=140&source=youtube&requiressl=yes&mh=HU&mm=31%2C29&mn=sn-5njj-u2xe%2Csn-un57sn7s&ms=au%2Crdu&mv=m&mvi=3&pl=16&gcr=tw&initcwndbps=410000&vprv=1&mime=audio%2Fmp4&ns=nUHeby6uc1Lsx0HrpHkVUvMF&gir=yes&clen=1968755&dur=121.521&lmt=1596604100890881&mt=1612178454&fvip=3&keepalive=yes&fexp=23983798&c=WEB&txp=2311222&n=EGt4GWd5C0HDJvbdr&sparams=expire%2Cei%2Cip%2Cid%2Citag%2Csource%2Crequiressl%2Cgcr%2Cvprv%2Cmime%2Cns%2Cgir%2Cclen%2Cdur%2Clmt&lsparams=mh%2Cmm%2Cmn%2Cms%2Cmv%2Cmvi%2Cpl%2Cinitcwndbps&lsig=AG3C_xAwRgIhAOISb6cRJlSbPJv2JsKdXEfLbBqpJYu1KtZr8RyqcbkLAiEAs71VtTz57fOJIDGFfcsBv9DO5vxQvH8rWGKX5p4BkgY%3D&sig=AOq0QJ8wRgIhALs8oSOPyKMR_W2TyqMv7UHzUnwS2n6CZs8uhmoH5e0fAiEA2QbuaB7l1uwYZg-Ax-rQLmXVrl-Lo4xCC0pTqVWf4jM=&ratebypass=yes", "player_url": "/s/player/7bc032d0/player_ias.vflset/en_US/base.js", "ext": "m4a", "format_note": "tiny", "acodec": "mp4a.40.2", "abr": 128, "container": "m4a_dash", "asr": 44100, "filesize": 1968755, "fps": null, "height": null, "tbr": 131.258, "width": null, "vcodec": "none", "downloader_options": {"http_chunk_size": 10485760}, "format": "140 - audio only (tiny)", "protocol": "https", "http_headers": {"User-Agent": "Mozilla/5.0 (Windows NT 10.0; Win64; x64) AppleWebKit/537.36 (KHTML, like Gecko) Chrome/74.0.3729.116 Safari/537.36", "Accept-Charset": "ISO-8859-1,utf-8;q=0.7,*;q=0.7", "Accept": "text/html,application/xhtml+xml,application/xml;q=0.9,*/*;q=0.8", "Accept-Encoding": "gzip, deflate", "Accept-Language": "en-us,en;q=0.5"}}, {"format_id": "251", "url": "https://r3---sn-5njj-u2xe.googlevideo.com/videoplayback?expire=1612200425&ei=ieUXYPDZJKGF1d8PrNSHoAs&ip=140.109.135.76&id=o-ABsxJvjI6QNgW5ybh2b9QJ123cNORt-2pX6UpB9N9K5x&itag=251&source=youtube&requiressl=yes&mh=HU&mm=31%2C29&mn=sn-5njj-u2xe%2Csn-un57sn7s&ms=au%2Crdu&mv=m&mvi=3&pl=16&gcr=tw&initcwndbps=410000&vprv=1&mime=audio%2Fwebm&ns=nUHeby6uc1Lsx0HrpHkVUvMF&gir=yes&clen=2298028&dur=121.541&lmt=1596604101379206&mt=1612178454&fvip=3&keepalive=yes&fexp=23983798&c=WEB&txp=2311222&n=EGt4GWd5C0HDJvbdr&sparams=expire%2Cei%2Cip%2Cid%2Citag%2Csource%2Crequiressl%2Cgcr%2Cvprv%2Cmime%2Cns%2Cgir%2Cclen%2Cdur%2Clmt&lsparams=mh%2Cmm%2Cmn%2Cms%2Cmv%2Cmvi%2Cpl%2Cinitcwndbps&lsig=AG3C_xAwRAIgHRX0R5F8nQR5_fBYa01zi76rwJeN0yd4uVSbaOPaz24CIFOGGMyj5CsRzz4OD2M4dVvf6Am6U0vfikLdT6JqAol_&sig=AOq0QJ8wRAIgR9IuzH-qAsiGH87bXZYCwUNOdo2sHwTHq890C342DKUCICQMBHOWHfvOVq1_0wd0lvaXYlAuITKjB4O1dVS7jR5L&ratebypass=yes", "player_url": "/s/player/7bc032d0/player_ias.vflset/en_US/base.js", "ext": "webm", "format_note": "tiny", "acodec": "opus", "abr": 160, "asr": 48000, "filesize": 2298028, "fps": null, "height": null, "tbr": 160.593, "width": null, "vcodec": "none", "downloader_options": {"http_chunk_size": 10485760}, "format": "251 - audio only (tiny)", "protocol": "https", "http_headers": {"User-Agent": "Mozilla/5.0 (Windows NT 10.0; Win64; x64) AppleWebKit/537.36 (KHTML, like Gecko) Chrome/74.0.3729.116 Safari/537.36", "Accept-Charset": "ISO-8859-1,utf-8;q=0.7,*;q=0.7", "Accept": "text/html,application/xhtml+xml,application/xml;q=0.9,*/*;q=0.8", "Accept-Encoding": "gzip, deflate", "Accept-Language": "en-us,en;q=0.5"}}, {"format_id": "160", "url": "https://r3---sn-5njj-u2xe.googlevideo.com/videoplayback?expire=1612200425&ei=ieUXYPDZJKGF1d8PrNSHoAs&ip=140.109.135.76&id=o-ABsxJvjI6QNgW5ybh2b9QJ123cNORt-2pX6UpB9N9K5x&itag=160&aitags=133%2C134%2C135%2C136%2C137%2C160%2C242%2C243%2C244%2C247%2C248%2C278&source=youtube&requiressl=yes&mh=HU&mm=31%2C29&mn=sn-5njj-u2xe%2Csn-un57sn7s&ms=au%2Crdu&mv=m&mvi=3&pl=16&gcr=tw&initcwndbps=410000&vprv=1&mime=video%2Fmp4&ns=nUHeby6uc1Lsx0HrpHkVUvMF&gir=yes&clen=150221&dur=121.520&lmt=1596604104004975&mt=1612178454&fvip=3&keepalive=yes&fexp=23983798&c=WEB&txp=2316222&n=EGt4GWd5C0HDJvbdr&sparams=expire%2Cei%2Cip%2Cid%2Caitags%2Csource%2Crequiressl%2Cgcr%2Cvprv%2Cmime%2Cns%2Cgir%2Cclen%2Cdur%2Clmt&lsparams=mh%2Cmm%2Cmn%2Cms%2Cmv%2Cmvi%2Cpl%2Cinitcwndbps&lsig=AG3C_xAwRAIgd12U0AVHWCoIPLGosA4DPXhkjMJxuiN2OVs7EH2IWYECIEf8agxkOeQbHRu86EG8fw3i5D1M0A7kf0yD2jliGG1Q&sig=AOq0QJ8wRQIhAILgdszTQCVQJhN9akE25ACy5MBXXZgwZfemm13ihY8yAiA8liMn468y-dgdpMYG9Mvnb8-kPbJFEpp4ersxV2Rclg==&ratebypass=yes", "player_url": "/s/player/7bc032d0/player_ias.vflset/en_US/base.js", "ext": "mp4", "height": 144, "format_note": "144p", "vcodec": "avc1.4d400b", "asr": null, "filesize": 150221, "fps": 25, "tbr": 12.046, "width": 144, "acodec": "none", "downloader_options": {"http_chunk_size": 10485760}, "format": "160 - 144x144 (144p)", "protocol": "https", "http_headers": {"User-Agent": "Mozilla/5.0 (Windows NT 10.0; Win64; x64) AppleWebKit/537.36 (KHTML, like Gecko) Chrome/74.0.3729.116 Safari/537.36", "Accept-Charset": "ISO-8859-1,utf-8;q=0.7,*;q=0.7", "Accept": "text/html,application/xhtml+xml,application/xml;q=0.9,*/*;q=0.8", "Accept-Encoding": "gzip, deflate", "Accept-Language": "en-us,en;q=0.5"}}, {"format_id": "278", "url": "https://r3---sn-5njj-u2xe.googlevideo.com/videoplayback?expire=1612200425&ei=ieUXYPDZJKGF1d8PrNSHoAs&ip=140.109.135.76&id=o-ABsxJvjI6QNgW5ybh2b9QJ123cNORt-2pX6UpB9N9K5x&itag=278&aitags=133%2C134%2C135%2C136%2C137%2C160%2C242%2C243%2C244%2C247%2C248%2C278&source=youtube&requiressl=yes&mh=HU&mm=31%2C29&mn=sn-5njj-u2xe%2Csn-un57sn7s&ms=au%2Crdu&mv=m&mvi=3&pl=16&gcr=tw&initcwndbps=410000&vprv=1&mime=video%2Fwebm&ns=nUHeby6uc1Lsx0HrpHkVUvMF&gir=yes&clen=184225&dur=121.520&lmt=1596604104478666&mt=1612178454&fvip=3&keepalive=yes&fexp=23983798&c=WEB&txp=2316222&n=EGt4GWd5C0HDJvbdr&sparams=expire%2Cei%2Cip%2Cid%2Caitags%2Csource%2Crequiressl%2Cgcr%2Cvprv%2Cmime%2Cns%2Cgir%2Cclen%2Cdur%2Clmt&lsparams=mh%2Cmm%2Cmn%2Cms%2Cmv%2Cmvi%2Cpl%2Cinitcwndbps&lsig=AG3C_xAwRQIhAP08HHziwdzNDgTd4bgkcBV1ezSTZ2KcHqdoI_TViSa3AiB5uzUa_R6nUr35872qXMQ7RegywcPw8VN3t3xLgzOX3A%3D%3D&sig=AOq0QJ8wRQIgUE9WAFNrZCNeQP8uzTN36GZaogm3vB2kKKFPk5SfXfoCIQCOr0-We3BfJbew8CY3gHwCq9GMX9rIQC2YpfDQgIvJnw==&ratebypass=yes", "player_url": "/s/player/7bc032d0/player_ias.vflset/en_US/base.js", "ext": "webm", "height": 144, "format_note": "144p", "container": "webm", "vcodec": "vp9", "asr": null, "filesize": 184225, "fps": 25, "tbr": 13.538, "width": 144, "acodec": "none", "downloader_options": {"http_chunk_size": 10485760}, "format": "278 - 144x144 (144p)", "protocol": "https", "http_headers": {"User-Agent": "Mozilla/5.0 (Windows NT 10.0; Win64; x64) AppleWebKit/537.36 (KHTML, like Gecko) Chrome/74.0.3729.116 Safari/537.36", "Accept-Charset": "ISO-8859-1,utf-8;q=0.7,*;q=0.7", "Accept": "text/html,application/xhtml+xml,application/xml;q=0.9,*/*;q=0.8", "Accept-Encoding": "gzip, deflate", "Accept-Language": "en-us,en;q=0.5"}}, {"format_id": "242", "url": "https://r3---sn-5njj-u2xe.googlevideo.com/videoplayback?expire=1612200425&ei=ieUXYPDZJKGF1d8PrNSHoAs&ip=140.109.135.76&id=o-ABsxJvjI6QNgW5ybh2b9QJ123cNORt-2pX6UpB9N9K5x&itag=242&aitags=133%2C134%2C135%2C136%2C137%2C160%2C242%2C243%2C244%2C247%2C248%2C278&source=youtube&requiressl=yes&mh=HU&mm=31%2C29&mn=sn-5njj-u2xe%2Csn-un57sn7s&ms=au%2Crdu&mv=m&mvi=3&pl=16&gcr=tw&initcwndbps=410000&vprv=1&mime=video%2Fwebm&ns=nUHeby6uc1Lsx0HrpHkVUvMF&gir=yes&clen=242800&dur=121.520&lmt=1596604104442351&mt=1612178454&fvip=3&keepalive=yes&fexp=23983798&c=WEB&txp=2316222&n=EGt4GWd5C0HDJvbdr&sparams=expire%2Cei%2Cip%2Cid%2Caitags%2Csource%2Crequiressl%2Cgcr%2Cvprv%2Cmime%2Cns%2Cgir%2Cclen%2Cdur%2Clmt&lsparams=mh%2Cmm%2Cmn%2Cms%2Cmv%2Cmvi%2Cpl%2Cinitcwndbps&lsig=AG3C_xAwRQIhAOJzBYMXSSBVinTWMF8SA_YQFhY_0A6mQAUs8NvepLnSAiBVYD5Dtienl-DqNHbt_uRWbpdIxrCR5sw1TKrd2qMvcA%3D%3D&sig=AOq0QJ8wRAIgfbM8s84jMtWBqawiMgtpsD4VwGo6Jt5HboMh-wBfp8UCIEYtbdRg1cVv-Hdhi_KjFGeBTsgvA0nNAf3P4WU1CwMN&ratebypass=yes", "player_url": "/s/player/7bc032d0/player_ias.vflset/en_US/base.js", "ext": "webm", "height": 240, "format_note": "240p", "vcodec": "vp9", "asr": null, "filesize": 242800, "fps": 25, "tbr": 19.614, "width": 240, "acodec": "none", "downloader_options": {"http_chunk_size": 10485760}, "format": "242 - 240x240 (240p)", "protocol": "https", "http_headers": {"User-Agent": "Mozilla/5.0 (Windows NT 10.0; Win64; x64) AppleWebKit/537.36 (KHTML, like Gecko) Chrome/74.0.3729.116 Safari/537.36", "Accept-Charset": "ISO-8859-1,utf-8;q=0.7,*;q=0.7", "Accept": "text/html,application/xhtml+xml,application/xml;q=0.9,*/*;q=0.8", "Accept-Encoding": "gzip, deflate", "Accept-Language": "en-us,en;q=0.5"}}, {"format_id": "133", "url": "https://r3---sn-5njj-u2xe.googlevideo.com/videoplayback?expire=1612200425&ei=ieUXYPDZJKGF1d8PrNSHoAs&ip=140.109.135.76&id=o-ABsxJvjI6QNgW5ybh2b9QJ123cNORt-2pX6UpB9N9K5x&itag=133&aitags=133%2C134%2C135%2C136%2C137%2C160%2C242%2C243%2C244%2C247%2C248%2C278&source=youtube&requiressl=yes&mh=HU&mm=31%2C29&mn=sn-5njj-u2xe%2Csn-un57sn7s&ms=au%2Crdu&mv=m&mvi=3&pl=16&gcr=tw&initcwndbps=410000&vprv=1&mime=video%2Fmp4&ns=nUHeby6uc1Lsx0HrpHkVUvMF&gir=yes&clen=324031&dur=121.520&lmt=1596604104512653&mt=1612178454&fvip=3&keepalive=yes&fexp=23983798&c=WEB&txp=2316222&n=EGt4GWd5C0HDJvbdr&sparams=expire%2Cei%2Cip%2Cid%2Caitags%2Csource%2Crequiressl%2Cgcr%2Cvprv%2Cmime%2Cns%2Cgir%2Cclen%2Cdur%2Clmt&lsparams=mh%2Cmm%2Cmn%2Cms%2Cmv%2Cmvi%2Cpl%2Cinitcwndbps&lsig=AG3C_xAwRgIhAOXjw-t59F1tIZ9ch2uTrNc9zsuZRoa2saBx0imGy-jvAiEApn8UOQ1D3aqIsTj7rVAlrzW-qj715vhMDrasfP60fco%3D&sig=AOq0QJ8wRQIgYsDUph9hOhaYeomROO83PFxbHLqP3zeZkd5CNpuM4p8CIQCRS9pLcLQwZFF0OK1iS55dSQumUndc_qSH6cBau-UcqA==&ratebypass=yes", "player_url": "/s/player/7bc032d0/player_ias.vflset/en_US/base.js", "ext": "mp4", "height": 240, "format_note": "240p", "vcodec": "avc1.4d400c", "asr": null, "filesize": 324031, "fps": 25, "tbr": 25.055, "width": 240, "acodec": "none", "downloader_options": {"http_chunk_size": 10485760}, "format": "133 - 240x240 (240p)", "protocol": "https", "http_headers": {"User-Agent": "Mozilla/5.0 (Windows NT 10.0; Win64; x64) AppleWebKit/537.36 (KHTML, like Gecko) Chrome/74.0.3729.116 Safari/537.36", "Accept-Charset": "ISO-8859-1,utf-8;q=0.7,*;q=0.7", "Accept": "text/html,application/xhtml+xml,application/xml;q=0.9,*/*;q=0.8", "Accept-Encoding": "gzip, deflate", "Accept-Language": "en-us,en;q=0.5"}}, {"format_id": "243", "url": "https://r3---sn-5njj-u2xe.googlevideo.com/videoplayback?expire=1612200425&ei=ieUXYPDZJKGF1d8PrNSHoAs&ip=140.109.135.76&id=o-ABsxJvjI6QNgW5ybh2b9QJ123cNORt-2pX6UpB9N9K5x&itag=243&aitags=133%2C134%2C135%2C136%2C137%2C160%2C242%2C243%2C244%2C247%2C248%2C278&source=youtube&requiressl=yes&mh=HU&mm=31%2C29&mn=sn-5njj-u2xe%2Csn-un57sn7s&ms=au%2Crdu&mv=m&mvi=3&pl=16&gcr=tw&initcwndbps=410000&vprv=1&mime=video%2Fwebm&ns=nUHeby6uc1Lsx0HrpHkVUvMF&gir=yes&clen=387190&dur=121.520&lmt=1596604104252392&mt=1612178454&fvip=3&keepalive=yes&fexp=23983798&c=WEB&txp=2316222&n=EGt4GWd5C0HDJvbdr&sparams=expire%2Cei%2Cip%2Cid%2Caitags%2Csource%2Crequiressl%2Cgcr%2Cvprv%2Cmime%2Cns%2Cgir%2Cclen%2Cdur%2Clmt&lsparams=mh%2Cmm%2Cmn%2Cms%2Cmv%2Cmvi%2Cpl%2Cinitcwndbps&lsig=AG3C_xAwRgIhALlqUFhNnuNMAd4qpyTxpNqXOamq9KWym8pP2KKy8HHwAiEAuwJ9Qkvl8Osc-FngNbzWsQts7hXrJNJQrTxBP1g2NsQ%3D&sig=AOq0QJ8wRAIgXdaUtouD6PdYbQdKFEGiMGautJgM68OM09_u99wkERYCIFZLr8TTpHal6bGIznZ8r6Q5yN3ELvXvNhLIdsA2tq3U&ratebypass=yes", "player_url": "/s/player/7bc032d0/player_ias.vflset/en_US/base.js", "ext": "webm", "height": 360, "format_note": "360p", "vcodec": "vp9", "asr": null, "filesize": 387190, "fps": 25, "tbr": 30.77, "width": 360, "acodec": "none", "downloader_options": {"http_chunk_size": 10485760}, "format": "243 - 360x360 (360p)", "protocol": "https", "http_headers": {"User-Agent": "Mozilla/5.0 (Windows NT 10.0; Win64; x64) AppleWebKit/537.36 (KHTML, like Gecko) Chrome/74.0.3729.116 Safari/537.36", "Accept-Charset": "ISO-8859-1,utf-8;q=0.7,*;q=0.7", "Accept": "text/html,application/xhtml+xml,application/xml;q=0.9,*/*;q=0.8", "Accept-Encoding": "gzip, deflate", "Accept-Language": "en-us,en;q=0.5"}}, {"format_id": "244", "url": "https://r3---sn-5njj-u2xe.googlevideo.com/videoplayback?expire=1612200425&ei=ieUXYPDZJKGF1d8PrNSHoAs&ip=140.109.135.76&id=o-ABsxJvjI6QNgW5ybh2b9QJ123cNORt-2pX6UpB9N9K5x&itag=244&aitags=133%2C134%2C135%2C136%2C137%2C160%2C242%2C243%2C244%2C247%2C248%2C278&source=youtube&requiressl=yes&mh=HU&mm=31%2C29&mn=sn-5njj-u2xe%2Csn-un57sn7s&ms=au%2Crdu&mv=m&mvi=3&pl=16&gcr=tw&initcwndbps=410000&vprv=1&mime=video%2Fwebm&ns=nUHeby6uc1Lsx0HrpHkVUvMF&gir=yes&clen=612759&dur=121.520&lmt=1596604104405116&mt=1612178454&fvip=3&keepalive=yes&fexp=23983798&c=WEB&txp=2316222&n=EGt4GWd5C0HDJvbdr&sparams=expire%2Cei%2Cip%2Cid%2Caitags%2Csource%2Crequiressl%2Cgcr%2Cvprv%2Cmime%2Cns%2Cgir%2Cclen%2Cdur%2Clmt&lsparams=mh%2Cmm%2Cmn%2Cms%2Cmv%2Cmvi%2Cpl%2Cinitcwndbps&lsig=AG3C_xAwRAIgMr9E921eZO1jS-4jHBQacbclAvSW4D59686URD_xTRECIArRFv_SPgve_bofrJFXW4GqaWu595R_ctx5n3bxCfXu&sig=AOq0QJ8wRQIgRvV3gZWDZySoAQXmFn7tpr-1h4Zdl-C16fM9Rt8WAnMCIQD2MTnuPidBU6qdFvsr-Nw7L7rEPvuBu94lyEaTXxLoNQ==&ratebypass=yes", "player_url": "/s/player/7bc032d0/player_ias.vflset/en_US/base.js", "ext": "webm", "height": 480, "format_note": "480p", "vcodec": "vp9", "asr": null, "filesize": 612759, "fps": 25, "tbr": 51.144, "width": 480, "acodec": "none", "downloader_options": {"http_chunk_size": 10485760}, "format": "244 - 480x480 (480p)", "protocol": "https", "http_headers": {"User-Agent": "Mozilla/5.0 (Windows NT 10.0; Win64; x64) AppleWebKit/537.36 (KHTML, like Gecko) Chrome/74.0.3729.116 Safari/537.36", "Accept-Charset": "ISO-8859-1,utf-8;q=0.7,*;q=0.7", "Accept": "text/html,application/xhtml+xml,application/xml;q=0.9,*/*;q=0.8", "Accept-Encoding": "gzip, deflate", "Accept-Language": "en-us,en;q=0.5"}}, {"format_id": "134", "url": "https://r3---sn-5njj-u2xe.googlevideo.com/videoplayback?expire=1612200425&ei=ieUXYPDZJKGF1d8PrNSHoAs&ip=140.109.135.76&id=o-ABsxJvjI6QNgW5ybh2b9QJ123cNORt-2pX6UpB9N9K5x&itag=134&aitags=133%2C134%2C135%2C136%2C137%2C160%2C242%2C243%2C244%2C247%2C248%2C278&source=youtube&requiressl=yes&mh=HU&mm=31%2C29&mn=sn-5njj-u2xe%2Csn-un57sn7s&ms=au%2Crdu&mv=m&mvi=3&pl=16&gcr=tw&initcwndbps=410000&vprv=1&mime=video%2Fmp4&ns=nUHeby6uc1Lsx0HrpHkVUvMF&gir=yes&clen=643739&dur=121.520&lmt=1596604104646781&mt=1612178454&fvip=3&keepalive=yes&fexp=23983798&c=WEB&txp=2316222&n=EGt4GWd5C0HDJvbdr&sparams=expire%2Cei%2Cip%2Cid%2Caitags%2Csource%2Crequiressl%2Cgcr%2Cvprv%2Cmime%2Cns%2Cgir%2Cclen%2Cdur%2Clmt&lsparams=mh%2Cmm%2Cmn%2Cms%2Cmv%2Cmvi%2Cpl%2Cinitcwndbps&lsig=AG3C_xAwRQIgP-ImbjHZeY99nn3oqlDG-ow_-DZrpDlg45PMM2nPSQoCIQDjbIw0ExEhLnCRLh3NfB_ykULtVzV5wiIgw9nmO-Y6_g%3D%3D&sig=AOq0QJ8wRgIhAKpzvl1LPw6rxgGzQ4UAj6ht9vTY9K1El1iW0cvI5Fi9AiEA1kTBC85DbeBfzvMihXLjndb3fJhK_S0YPWo65M0zd_k=&ratebypass=yes", "player_url": "/s/player/7bc032d0/player_ias.vflset/en_US/base.js", "ext": "mp4", "height": 360, "format_note": "360p", "vcodec": "avc1.4d4015", "asr": null, "filesize": 643739, "fps": 25, "tbr": 51.348, "width": 360, "acodec": "none", "downloader_options": {"http_chunk_size": 10485760}, "format": "134 - 360x360 (360p)", "protocol": "https", "http_headers": {"User-Agent": "Mozilla/5.0 (Windows NT 10.0; Win64; x64) AppleWebKit/537.36 (KHTML, like Gecko) Chrome/74.0.3729.116 Safari/537.36", "Accept-Charset": "ISO-8859-1,utf-8;q=0.7,*;q=0.7", "Accept": "text/html,application/xhtml+xml,application/xml;q=0.9,*/*;q=0.8", "Accept-Encoding": "gzip, deflate", "Accept-Language": "en-us,en;q=0.5"}}, {"format_id": "135", "url": "https://r3---sn-5njj-u2xe.googlevideo.com/videoplayback?expire=1612200425&ei=ieUXYPDZJKGF1d8PrNSHoAs&ip=140.109.135.76&id=o-ABsxJvjI6QNgW5ybh2b9QJ123cNORt-2pX6UpB9N9K5x&itag=135&aitags=133%2C134%2C135%2C136%2C137%2C160%2C242%2C243%2C244%2C247%2C248%2C278&source=youtube&requiressl=yes&mh=HU&mm=31%2C29&mn=sn-5njj-u2xe%2Csn-un57sn7s&ms=au%2Crdu&mv=m&mvi=3&pl=16&gcr=tw&initcwndbps=410000&vprv=1&mime=video%2Fmp4&ns=nUHeby6uc1Lsx0HrpHkVUvMF&gir=yes&clen=1123282&dur=121.520&lmt=1596604104623340&mt=1612178454&fvip=3&keepalive=yes&fexp=23983798&c=WEB&txp=2316222&n=EGt4GWd5C0HDJvbdr&sparams=expire%2Cei%2Cip%2Cid%2Caitags%2Csource%2Crequiressl%2Cgcr%2Cvprv%2Cmime%2Cns%2Cgir%2Cclen%2Cdur%2Clmt&lsparams=mh%2Cmm%2Cmn%2Cms%2Cmv%2Cmvi%2Cpl%2Cinitcwndbps&lsig=AG3C_xAwRQIgeyyYoWX2YOAn5ThOGIrP0X4g6tm68PDMKTMRPUwKylkCIQCoPsK5YSx6dYkqz0EEisAEVmBmw3iGOdfAj5ADwxnovQ%3D%3D&sig=AOq0QJ8wRAIgIt4oe34CjP_D2Z5TYhXSwetdutQWzmbJ8hnwYxtInDUCIBWzn-fn5rtty1D4itea9XV5ru0aJVC-NB7ZBsnGGMgO&ratebypass=yes", "player_url": "/s/player/7bc032d0/player_ias.vflset/en_US/base.js", "ext": "mp4", "height": 480, "format_note": "480p", "vcodec": "avc1.4d401e", "asr": null, "filesize": 1123282, "fps": 25, "tbr": 91.344, "width": 480, "acodec": "none", "downloader_options": {"http_chunk_size": 10485760}, "format": "135 - 480x480 (480p)", "protocol": "https", "http_headers": {"User-Agent": "Mozilla/5.0 (Windows NT 10.0; Win64; x64) AppleWebKit/537.36 (KHTML, like Gecko) Chrome/74.0.3729.116 Safari/537.36", "Accept-Charset": "ISO-8859-1,utf-8;q=0.7,*;q=0.7", "Accept": "text/html,application/xhtml+xml,application/xml;q=0.9,*/*;q=0.8", "Accept-Encoding": "gzip, deflate", "Accept-Language": "en-us,en;q=0.5"}}, {"format_id": "247", "url": "https://r3---sn-5njj-u2xe.googlevideo.com/videoplayback?expire=1612200425&ei=ieUXYPDZJKGF1d8PrNSHoAs&ip=140.109.135.76&id=o-ABsxJvjI6QNgW5ybh2b9QJ123cNORt-2pX6UpB9N9K5x&itag=247&aitags=133%2C134%2C135%2C136%2C137%2C160%2C242%2C243%2C244%2C247%2C248%2C278&source=youtube&requiressl=yes&mh=HU&mm=31%2C29&mn=sn-5njj-u2xe%2Csn-un57sn7s&ms=au%2Crdu&mv=m&mvi=3&pl=16&gcr=tw&initcwndbps=410000&vprv=1&mime=video%2Fwebm&ns=nUHeby6uc1Lsx0HrpHkVUvMF&gir=yes&clen=1296460&dur=121.520&lmt=1596604106712965&mt=1612178454&fvip=3&keepalive=yes&fexp=23983798&c=WEB&txp=2316222&n=EGt4GWd5C0HDJvbdr&sparams=expire%2Cei%2Cip%2Cid%2Caitags%2Csource%2Crequiressl%2Cgcr%2Cvprv%2Cmime%2Cns%2Cgir%2Cclen%2Cdur%2Clmt&lsparams=mh%2Cmm%2Cmn%2Cms%2Cmv%2Cmvi%2Cpl%2Cinitcwndbps&lsig=AG3C_xAwRgIhAJqkvQA1O7tQeuToAve_SPVeGJTvxt7RLAGBMQ4_qfMOAiEAogTv8Lq3LbR1AtxK7sTWw8NJHahUvD2UU-hGDnyATCU%3D&sig=AOq0QJ8wRAIgIrxRumF5RqC92AH4eprnV1FIoqH87BNaFwI__hn_GfQCIB_HndmF-mdQkZu6x8PmvQcW-pYIeH3hesPuh-levTep&ratebypass=yes", "player_url": "/s/player/7bc032d0/player_ias.vflset/en_US/base.js", "ext": "webm", "height": 720, "format_note": "720p", "vcodec": "vp9", "asr": null, "filesize": 1296460, "fps": 25, "tbr": 110.055, "width": 720, "acodec": "none", "downloader_options": {"http_chunk_size": 10485760}, "format": "247 - 720x720 (720p)", "protocol": "https", "http_headers": {"User-Agent": "Mozilla/5.0 (Windows NT 10.0; Win64; x64) AppleWebKit/537.36 (KHTML, like Gecko) Chrome/74.0.3729.116 Safari/537.36", "Accept-Charset": "ISO-8859-1,utf-8;q=0.7,*;q=0.7", "Accept": "text/html,application/xhtml+xml,application/xml;q=0.9,*/*;q=0.8", "Accept-Encoding": "gzip, deflate", "Accept-Language": "en-us,en;q=0.5"}}, {"format_id": "136", "url": "https://r3---sn-5njj-u2xe.googlevideo.com/videoplayback?expire=1612200425&ei=ieUXYPDZJKGF1d8PrNSHoAs&ip=140.109.135.76&id=o-ABsxJvjI6QNgW5ybh2b9QJ123cNORt-2pX6UpB9N9K5x&itag=136&aitags=133%2C134%2C135%2C136%2C137%2C160%2C242%2C243%2C244%2C247%2C248%2C278&source=youtube&requiressl=yes&mh=HU&mm=31%2C29&mn=sn-5njj-u2xe%2Csn-un57sn7s&ms=au%2Crdu&mv=m&mvi=3&pl=16&gcr=tw&initcwndbps=410000&vprv=1&mime=video%2Fmp4&ns=nUHeby6uc1Lsx0HrpHkVUvMF&gir=yes&clen=2093146&dur=121.520&lmt=1596604104634133&mt=1612178454&fvip=3&keepalive=yes&fexp=23983798&c=WEB&txp=2316222&n=EGt4GWd5C0HDJvbdr&sparams=expire%2Cei%2Cip%2Cid%2Caitags%2Csource%2Crequiressl%2Cgcr%2Cvprv%2Cmime%2Cns%2Cgir%2Cclen%2Cdur%2Clmt&lsparams=mh%2Cmm%2Cmn%2Cms%2Cmv%2Cmvi%2Cpl%2Cinitcwndbps&lsig=AG3C_xAwRQIgfuhUByruxMltINQuGXQY9ac3P6AZj4cvgfItQFa-uDACIQDr3e8q5guQGX91fgZ5A4jhPa1n7zWQUNb8IuqjICMieQ%3D%3D&sig=AOq0QJ8wRQIhAJ8kGowFyJ9M7eLpW8QxtJb9yOzALHHmItRTAfk4IztcAiBINohcffYtK7SVfoVqS5v_MMp-iNr0cp1An5I4_dLobQ==&ratebypass=yes", "player_url": "/s/player/7bc032d0/player_ias.vflset/en_US/base.js", "ext": "mp4", "height": 720, "format_note": "720p", "vcodec": "avc1.64001f", "asr": null, "filesize": 2093146, "fps": 25, "tbr": 183.161, "width": 720, "acodec": "none", "downloader_options": {"http_chunk_size": 10485760}, "format": "136 - 720x720 (720p)", "protocol": "https", "http_headers": {"User-Agent": "Mozilla/5.0 (Windows NT 10.0; Win64; x64) AppleWebKit/537.36 (KHTML, like Gecko) Chrome/74.0.3729.116 Safari/537.36", "Accept-Charset": "ISO-8859-1,utf-8;q=0.7,*;q=0.7", "Accept": "text/html,application/xhtml+xml,application/xml;q=0.9,*/*;q=0.8", "Accept-Encoding": "gzip, deflate", "Accept-Language": "en-us,en;q=0.5"}}, {"format_id": "248", "url": "https://r3---sn-5njj-u2xe.googlevideo.com/videoplayback?expire=1612200425&ei=ieUXYPDZJKGF1d8PrNSHoAs&ip=140.109.135.76&id=o-ABsxJvjI6QNgW5ybh2b9QJ123cNORt-2pX6UpB9N9K5x&itag=248&aitags=133%2C134%2C135%2C136%2C137%2C160%2C242%2C243%2C244%2C247%2C248%2C278&source=youtube&requiressl=yes&mh=HU&mm=31%2C29&mn=sn-5njj-u2xe%2Csn-un57sn7s&ms=au%2Crdu&mv=m&mvi=3&pl=16&gcr=tw&initcwndbps=410000&vprv=1&mime=video%2Fwebm&ns=nUHeby6uc1Lsx0HrpHkVUvMF&gir=yes&clen=2699610&dur=121.520&lmt=1596604104691966&mt=1612178454&fvip=3&keepalive=yes&fexp=23983798&c=WEB&txp=2316222&n=EGt4GWd5C0HDJvbdr&sparams=expire%2Cei%2Cip%2Cid%2Caitags%2Csource%2Crequiressl%2Cgcr%2Cvprv%2Cmime%2Cns%2Cgir%2Cclen%2Cdur%2Clmt&lsparams=mh%2Cmm%2Cmn%2Cms%2Cmv%2Cmvi%2Cpl%2Cinitcwndbps&lsig=AG3C_xAwRQIhAJzkY5_VWrtp7qO5XXW9otoAGwzkOl6aMKWyJu5fJTDeAiBAWM7VdofD8Lin2w9UHpaQyuPaPI9CWJh5FuRquBSizg%3D%3D&sig=AOq0QJ8wRgIhAMT642oUL9BK9ZRmggFJsnMyzOc47tPq4KW-Lx8Oq8hqAiEA4aWvVnZucVq16NvyfDOAqShUuliJGZDR8gr7FHV2xX0=&ratebypass=yes", "player_url": "/s/player/7bc032d0/player_ias.vflset/en_US/base.js", "ext": "webm", "height": 1080, "format_note": "1080p", "vcodec": "vp9", "asr": null, "filesize": 2699610, "fps": 25, "tbr": 214.244, "width": 1080, "acodec": "none", "downloader_options": {"http_chunk_size": 10485760}, "format": "248 - 1080x1080 (1080p)", "protocol": "https", "http_headers": {"User-Agent": "Mozilla/5.0 (Windows NT 10.0; Win64; x64) AppleWebKit/537.36 (KHTML, like Gecko) Chrome/74.0.3729.116 Safari/537.36", "Accept-Charset": "ISO-8859-1,utf-8;q=0.7,*;q=0.7", "Accept": "text/html,application/xhtml+xml,application/xml;q=0.9,*/*;q=0.8", "Accept-Encoding": "gzip, deflate", "Accept-Language": "en-us,en;q=0.5"}}, {"format_id": "137", "url": "https://r3---sn-5njj-u2xe.googlevideo.com/videoplayback?expire=1612200425&ei=ieUXYPDZJKGF1d8PrNSHoAs&ip=140.109.135.76&id=o-ABsxJvjI6QNgW5ybh2b9QJ123cNORt-2pX6UpB9N9K5x&itag=137&aitags=133%2C134%2C135%2C136%2C137%2C160%2C242%2C243%2C244%2C247%2C248%2C278&source=youtube&requiressl=yes&mh=HU&mm=31%2C29&mn=sn-5njj-u2xe%2Csn-un57sn7s&ms=au%2Crdu&mv=m&mvi=3&pl=16&gcr=tw&initcwndbps=410000&vprv=1&mime=video%2Fmp4&ns=nUHeby6uc1Lsx0HrpHkVUvMF&gir=yes&clen=4023087&dur=121.520&lmt=1596604104686300&mt=1612178454&fvip=3&keepalive=yes&fexp=23983798&c=WEB&txp=2316222&n=EGt4GWd5C0HDJvbdr&sparams=expire%2Cei%2Cip%2Cid%2Caitags%2Csource%2Crequiressl%2Cgcr%2Cvprv%2Cmime%2Cns%2Cgir%2Cclen%2Cdur%2Clmt&lsparams=mh%2Cmm%2Cmn%2Cms%2Cmv%2Cmvi%2Cpl%2Cinitcwndbps&lsig=AG3C_xAwRQIhAN3Xz5YJ4WsckJebGIty8iRexH7Ia9hku2dmkuuQL7kMAiA4iGNU_MFCKVzb5KclAb815O3Q107Ia63n3wLX4bXk7A%3D%3D&sig=AOq0QJ8wRQIgYAFiBzfPEWZGrUoef5G4r_SlHIChaMYb8t_YkfmB9gsCIQCj8-qqCCCTXjuHv2x_yqa8VFZZQE30cwOdCv2ek-4lSA==&ratebypass=yes", "player_url": "/s/player/7bc032d0/player_ias.vflset/en_US/base.js", "ext": "mp4", "height": 1080, "format_note": "1080p", "vcodec": "avc1.640020", "asr": null, "filesize": 4023087, "fps": 25, "tbr": 352.734, "width": 1080, "acodec": "none", "downloader_options": {"http_chunk_size": 10485760}, "format": "137 - 1080x1080 (1080p)", "protocol": "https", "http_headers": {"User-Agent": "Mozilla/5.0 (Windows NT 10.0; Win64; x64) AppleWebKit/537.36 (KHTML, like Gecko) Chrome/74.0.3729.116 Safari/537.36", "Accept-Charset": "ISO-8859-1,utf-8;q=0.7,*;q=0.7", "Accept": "text/html,application/xhtml+xml,application/xml;q=0.9,*/*;q=0.8", "Accept-Encoding": "gzip, deflate", "Accept-Language": "en-us,en;q=0.5"}}, {"format_id": "18", "url": "https://r3---sn-5njj-u2xe.googlevideo.com/videoplayback?expire=1612200425&ei=ieUXYPDZJKGF1d8PrNSHoAs&ip=140.109.135.76&id=o-ABsxJvjI6QNgW5ybh2b9QJ123cNORt-2pX6UpB9N9K5x&itag=18&source=youtube&requiressl=yes&mh=HU&mm=31%2C29&mn=sn-5njj-u2xe%2Csn-un57sn7s&ms=au%2Crdu&mv=m&mvi=3&pl=16&gcr=tw&initcwndbps=410000&vprv=1&mime=video%2Fmp4&ns=WEE2uayMyunmTdCVgvDfq_MF&gir=yes&clen=2177277&ratebypass=yes&dur=121.579&lmt=1596604108803607&mt=1612178454&fvip=3&fexp=23983798&c=WEB&txp=2316222&n=yJc9cI4AheqyBR5q4&sparams=expire%2Cei%2Cip%2Cid%2Citag%2Csource%2Crequiressl%2Cgcr%2Cvprv%2Cmime%2Cns%2Cgir%2Cclen%2Cratebypass%2Cdur%2Clmt&lsparams=mh%2Cmm%2Cmn%2Cms%2Cmv%2Cmvi%2Cpl%2Cinitcwndbps&lsig=AG3C_xAwRQIhAL5nx884em5y0txBwC92dx-yra9cIxn9T_4EUO7J77LCAiA47x0rDtqWgExv-yO2FKMmZ4_LRRA4Agftb233H2rLrQ%3D%3D&sig=AOq0QJ8wRQIgfvpDJ1zSJTK41K8TGCu1JL5MjkZT9sDbNUpiwLOCmHkCIQD8W0TKQuXd72JnJYMJ9HytNfYeRqIEA54Gcj5d4mSj8Q==", "player_url": "/s/player/7bc032d0/player_ias.vflset/en_US/base.js", "ext": "mp4", "width": 360, "height": 360, "acodec": "mp4a.40.2", "abr": 96, "vcodec": "avc1.42001E", "asr": 44100, "filesize": 2177277, "format_note": "360p", "fps": 25, "tbr": 143.336, "format": "18 - 360x360 (360p)", "protocol": "https", "http_headers": {"User-Agent": "Mozilla/5.0 (Windows NT 10.0; Win64; x64) AppleWebKit/537.36 (KHTML, like Gecko) Chrome/74.0.3729.116 Safari/537.36", "Accept-Charset": "ISO-8859-1,utf-8;q=0.7,*;q=0.7", "Accept": "text/html,application/xhtml+xml,application/xml;q=0.9,*/*;q=0.8", "Accept-Encoding": "gzip, deflate", "Accept-Language": "en-us,en;q=0.5"}}], "is_live": null, "start_time": null, "end_time": null, "series": null, "season_number": null, "episode_number": null, "track": "Forever Piano", "artist": "Peaceful Pianosi", "album": "Piano Cover", "release_date": "20200605", "release_year": 2020, "extractor": "youtube", "webpage_url_basename": "watch", "extractor_key": "Youtube", "playlist": null, "playlist_index": null, "thumbnail": "https://i.ytimg.com/vi_webp/wnB2cjd6zbE/maxresdefault.webp", "display_id": "wnB2cjd6zbE", "requested_subtitles": null, "format_id": "251", "url": "https://r3---sn-5njj-u2xe.googlevideo.com/videoplayback?expire=1612200425&ei=ieUXYPDZJKGF1d8PrNSHoAs&ip=140.109.135.76&id=o-ABsxJvjI6QNgW5ybh2b9QJ123cNORt-2pX6UpB9N9K5x&itag=251&source=youtube&requiressl=yes&mh=HU&mm=31%2C29&mn=sn-5njj-u2xe%2Csn-un57sn7s&ms=au%2Crdu&mv=m&mvi=3&pl=16&gcr=tw&initcwndbps=410000&vprv=1&mime=audio%2Fwebm&ns=nUHeby6uc1Lsx0HrpHkVUvMF&gir=yes&clen=2298028&dur=121.541&lmt=1596604101379206&mt=1612178454&fvip=3&keepalive=yes&fexp=23983798&c=WEB&txp=2311222&n=EGt4GWd5C0HDJvbdr&sparams=expire%2Cei%2Cip%2Cid%2Citag%2Csource%2Crequiressl%2Cgcr%2Cvprv%2Cmime%2Cns%2Cgir%2Cclen%2Cdur%2Clmt&lsparams=mh%2Cmm%2Cmn%2Cms%2Cmv%2Cmvi%2Cpl%2Cinitcwndbps&lsig=AG3C_xAwRAIgHRX0R5F8nQR5_fBYa01zi76rwJeN0yd4uVSbaOPaz24CIFOGGMyj5CsRzz4OD2M4dVvf6Am6U0vfikLdT6JqAol_&sig=AOq0QJ8wRAIgR9IuzH-qAsiGH87bXZYCwUNOdo2sHwTHq890C342DKUCICQMBHOWHfvOVq1_0wd0lvaXYlAuITKjB4O1dVS7jR5L&ratebypass=yes", "player_url": "/s/player/7bc032d0/player_ias.vflset/en_US/base.js", "ext": "webm", "format_note": "tiny", "acodec": "opus", "abr": 160, "asr": 48000, "filesize": 2298028, "fps": null, "height": null, "tbr": 160.593, "width": null, "vcodec": "none", "downloader_options": {"http_chunk_size": 10485760}, "format": "251 - audio only (tiny)", "protocol": "https", "http_headers": {"User-Agent": "Mozilla/5.0 (Windows NT 10.0; Win64; x64) AppleWebKit/537.36 (KHTML, like Gecko) Chrome/74.0.3729.116 Safari/537.36", "Accept-Charset": "ISO-8859-1,utf-8;q=0.7,*;q=0.7", "Accept": "text/html,application/xhtml+xml,application/xml;q=0.9,*/*;q=0.8", "Accept-Encoding": "gzip, deflate", "Accept-Language": "en-us,en;q=0.5"}}