{"id": "WE_pw1JAowY", "uploader": "Yudan730 \u9b5a\u86cb\u6751\u92fc\u7434\u983b\u9053", "uploader_id": "yudan730", "uploader_url": "http://www.youtube.com/user/yudan730", "channel_id": "UCSwXQEe1RO4pdURFpYw--cg", "channel_url": "http://www.youtube.com/channel/UCSwXQEe1RO4pdURFpYw--cg", "upload_date": "20210123", "license": null, "creator": null, "title": "\u54ea\u88e1\u90fd\u662f\u4f60\u3010\u92fc\u7434\u7248\u3011(\u4e3b\u5531: \u5468\u6770\u502b Jay Chou) \u96fb\u5f71\u3010\u5929\u53f0\u3011\u4e3b\u984c\u66f2", "alt_title": null, "thumbnails": [{"url": "https://i.ytimg.com/vi/WE_pw1JAowY/hqdefault.jpg?sqp=-oaymwEYCKgBEF5IVfKriqkDCwgBFQAAiEIYAXAB&rs=AOn4CLATdngxWywiMOCPIvmio1ZqZBFIsg", "width": 168, "height": 94, "resolution": "168x94", "id": "0"}, {"url": "https://i.ytimg.com/vi/WE_pw1JAowY/hqdefault.jpg?sqp=-oaymwEYCMQBEG5IVfKriqkDCwgBFQAAiEIYAXAB&rs=AOn4CLAsIRMX50hpA4K_Hs-7cPC6AtevNA", "width": 196, "height": 110, "resolution": "196x110", "id": "1"}, {"url": "https://i.ytimg.com/vi/WE_pw1JAowY/hqdefault.jpg?sqp=-oaymwEZCPYBEIoBSFXyq4qpAwsIARUAAIhCGAFwAQ==&rs=AOn4CLDg_EYQ0wwHsRS2pGiheF30UAEviA", "width": 246, "height": 138, "resolution": "246x138", "id": "2"}, {"url": "https://i.ytimg.com/vi/WE_pw1JAowY/hqdefault.jpg?sqp=-oaymwEZCNACELwBSFXyq4qpAwsIARUAAIhCGAFwAQ==&rs=AOn4CLDKWDMNJ0xskIIGwnq2MGjSELiJQQ", "width": 336, "height": 188, "resolution": "336x188", "id": "3"}, {"url": "https://i.ytimg.com/vi/WE_pw1JAowY/maxresdefault.jpg", "width": 1920, "height": 1080, "resolution": "1920x1080", "id": "4"}], "description": "\u672c\u5f71\u7247\u7434\u8b5c\u4e0b\u8f09 Piano Sheet Here\uff01\u2794 https://yudans.net/1393\n\u8a02\u95b1\u6751\u9577\uff01\u2794 https://goo.gl/Qlpz6E\n\u9999\u6e2f\u6b4c\u66f2\u64ad\u653e\u6e05\u55ae \u2794 https://goo.gl/avQ1RP\n\u6751\u9577\u500b\u4eba Facebook \u2794 https://bit.ly/2M1O8za\n\u9b5a\u86cb\u6751\u5b98\u65b9Facebook\u5c08\u9801 \u2794 https://goo.gl/7MzmFu\nInstagram \u2794 http://instagr.am/yudan730\n\u5fae\u535a \u2794 http://goo.gl/7V6ouW\nbilibili \u2794 https://space.bilibili.com/103482779\n\u92fc\u7434\u6559\u5b78/\u5ee3\u544a\u67e5\u8a62 \u2794 yudansnet@gmail.com\n\n---------------------------------------\n\u4f5c\u8a5e\uff1a\u5468\u6770\u502b\n\u4f5c\u66f2\uff1a\u5468\u6770\u502b\n\u7de8\u66f2\uff1a\u9ec3\u96e8\u52f3\n\n\u6b4c\u8a5e\uff1a\n\n\u628a\u5979\u5fd8\u8a18\n\u91cd\u8907\u544a\u8a34\u81ea\u5df1\n\u719f\u6089\u4e0d\u518d\u719f\u6089\n\u4f46\u6e05\u6670\u537b\u9084\u662f\u4e00\u6a23\u6e05\u6670\n\n\u5594\uff5e\u53bb\u5427\n\u96a8\u8457\u53f3\u624b\u65cb\u5f8b\n\u5fd8\u4e86\u5de6\u624b\u7684\u59d4\u5c48\n\u5c31\u7b97\u6c92\u4f34\u594f\u4e5f\u53ef\u4ee5\u7e7c\u7e8c\n\n\u524d\u9032 \u627e\u5c0b\u65b0\u7684\u8a18\u61b6\u548c\u7a7a\u6c23\n\u653e\u6674 \u7b49\u96e8\u8aaa\u653e\u68c4\n\n\u5728\u6709\u773c\u6dda\u7684\u96e8\u88e1\n\u54ea\u88e1\u90fd\u662f\u4f60\n\u64e6\u4e7e\u662f\u5426\u5c31\u770b\u4e0d\u898b\u4f60\n\u8166\u6d77\u88e1 \u4f60\u7684\u7b11\u5bb9\u592a\u5fb9\u5e95\n\u5fb9\u5e95\u628a\u6211\u56da\u7981\u5728\u4f60\u7684\u547c\u5438\n\u6211\u8ddf\u8457\u54ed\u6ce3\n\n\u5728\u6709\u773c\u6dda\u7684\u96e8\u88e1\n\u54ea\u88e1\u90fd\u662f\u4f60\n\u62b1\u7dca\u4f60\u662f\u6211\u9003\u96e2\u7684\u8ddd\u96e2\n\u592a\u64c1\u64e0 \u6211\u5728\u4f60\u7684\u4e16\u754c\u88e1\n\u770b\u4e0d\u6e05\u695a\u7684\u662f\u4f60\u9084\u662f\u81ea\u5df1\n\u6211\u5011\u90fd\u5728\u7b49\u96e8\u505c", "categories": ["Music"], "tags": ["\u92fc\u7434", "\u92fc\u7434\u7248", "\u7d14\u97f3\u6a02", "\u97f3\u6a02", "\u4f34\u5531", "Piano", "yudan730", "hugowong", "hugo", "yudans", "yudansnet", "\u9b5a\u86cb", "\u9b5a\u86cb\u6751", "\u6751\u9577", "cover", "\u7434\u8b5c", "\u6559\u5b78", "\u54ea\u88e1\u90fd\u662f\u4f60", "\u5468\u6770\u502b", "Jay Chou", "\u5929\u53f0", "You are everywhere"], "subtitles": {}, "automatic_captions": {}, "duration": 262, "age_limit": 0, "annotations": null, "chapters": null, "webpage_url": "https://www.youtube.com/watch?v=WE_pw1JAowY", "view_count": 1567, "like_count": 54, "dislike_count": 2, "average_rating": 4.9272728, "formats": [{"format_id": "249", "url": "https://r6---sn-5njj-u2xe.googlevideo.com/videoplayback?expire=1611763803&ei=-zsRYMaPCpO44QKh7YjgCg&ip=140.109.135.76&id=o-AHqzR5Wo85jL6JnGao1WXYMdXHW8vjS84D0Kk5bmvkJF&itag=249&source=youtube&requiressl=yes&mh=jE&mm=31%2C29&mn=sn-5njj-u2xe%2Csn-un57sn7s&ms=au%2Crdu&mv=m&mvi=6&pl=16&initcwndbps=478750&vprv=1&mime=audio%2Fwebm&ns=LosIjbPcqB4KmxhGkPeJ2wMF&gir=yes&clen=1827721&dur=261.561&lmt=1611440069775319&mt=1611741877&fvip=6&keepalive=yes&c=WEB&txp=6211222&n=aJfRHau9rEaLjO4y_KTe&sparams=expire%2Cei%2Cip%2Cid%2Citag%2Csource%2Crequiressl%2Cvprv%2Cmime%2Cns%2Cgir%2Cclen%2Cdur%2Clmt&lsparams=mh%2Cmm%2Cmn%2Cms%2Cmv%2Cmvi%2Cpl%2Cinitcwndbps&lsig=AG3C_xAwRQIgEkj3D0FA3AQFyP8KM6XfaD0vDc1Vs8ZFvd7lQPO1VlkCIQCpM374KBd6cVMlzG62Hd2-hOpUdoMMB5tnMU05IVD8Wg%3D%3D&sig=AOq0QJ8wRQIgcxwv-N6lKsECo8xJ5iY1cVspf1FMTVC-y0kzmk7U_xACIQD42xXQZvzXMGLOGguhPG_VPajpuGQAj7F7HLyjcOyGWQ==&ratebypass=yes", "player_url": "/s/player/c6df6ed7/player_ias.vflset/en_US/base.js", "ext": "webm", "format_note": "tiny", "acodec": "opus", "abr": 50, "asr": 48000, "filesize": 1827721, "fps": null, "height": null, "tbr": 58.573, "width": null, "vcodec": "none", "downloader_options": {"http_chunk_size": 10485760}, "format": "249 - audio only (tiny)", "protocol": "https", "http_headers": {"User-Agent": "Mozilla/5.0 (Windows NT 10.0; Win64; x64) AppleWebKit/537.36 (KHTML, like Gecko) Chrome/72.0.3626.85 Safari/537.36", "Accept-Charset": "ISO-8859-1,utf-8;q=0.7,*;q=0.7", "Accept": "text/html,application/xhtml+xml,application/xml;q=0.9,*/*;q=0.8", "Accept-Encoding": "gzip, deflate", "Accept-Language": "en-us,en;q=0.5"}}, {"format_id": "250", "url": "https://r6---sn-5njj-u2xe.googlevideo.com/videoplayback?expire=1611763803&ei=-zsRYMaPCpO44QKh7YjgCg&ip=140.109.135.76&id=o-AHqzR5Wo85jL6JnGao1WXYMdXHW8vjS84D0Kk5bmvkJF&itag=250&source=youtube&requiressl=yes&mh=jE&mm=31%2C29&mn=sn-5njj-u2xe%2Csn-un57sn7s&ms=au%2Crdu&mv=m&mvi=6&pl=16&initcwndbps=478750&vprv=1&mime=audio%2Fwebm&ns=LosIjbPcqB4KmxhGkPeJ2wMF&gir=yes&clen=2439882&dur=261.561&lmt=1611440069673152&mt=1611741877&fvip=6&keepalive=yes&c=WEB&txp=6211222&n=aJfRHau9rEaLjO4y_KTe&sparams=expire%2Cei%2Cip%2Cid%2Citag%2Csource%2Crequiressl%2Cvprv%2Cmime%2Cns%2Cgir%2Cclen%2Cdur%2Clmt&lsparams=mh%2Cmm%2Cmn%2Cms%2Cmv%2Cmvi%2Cpl%2Cinitcwndbps&lsig=AG3C_xAwRgIhAJeSSY8jU9i0eDTseMmdxeP2S2drLXskxTc8P4j7NEV3AiEAy7HRgZKZ0QtP8rEXAXMdQ21be_N7r4Rz43craWjs6as%3D&sig=AOq0QJ8wRgIhANH0Y2dHATwwooOhfkqcqmjKg5NpHadohfg8sCcne2_hAiEA9BMG40PZlDeAAM0fB9FcfhwlOFjQhwTf3w6aaYNe4w8=&ratebypass=yes", "player_url": "/s/player/c6df6ed7/player_ias.vflset/en_US/base.js", "ext": "webm", "format_note": "tiny", "acodec": "opus", "abr": 70, "asr": 48000, "filesize": 2439882, "fps": null, "height": null, "tbr": 79.009, "width": null, "vcodec": "none", "downloader_options": {"http_chunk_size": 10485760}, "format": "250 - audio only (tiny)", "protocol": "https", "http_headers": {"User-Agent": "Mozilla/5.0 (Windows NT 10.0; Win64; x64) AppleWebKit/537.36 (KHTML, like Gecko) Chrome/72.0.3626.85 Safari/537.36", "Accept-Charset": "ISO-8859-1,utf-8;q=0.7,*;q=0.7", "Accept": "text/html,application/xhtml+xml,application/xml;q=0.9,*/*;q=0.8", "Accept-Encoding": "gzip, deflate", "Accept-Language": "en-us,en;q=0.5"}}, {"format_id": "140", "url": "https://r6---sn-5njj-u2xe.googlevideo.com/videoplayback?expire=1611763803&ei=-zsRYMaPCpO44QKh7YjgCg&ip=140.109.135.76&id=o-AHqzR5Wo85jL6JnGao1WXYMdXHW8vjS84D0Kk5bmvkJF&itag=140&source=youtube&requiressl=yes&mh=jE&mm=31%2C29&mn=sn-5njj-u2xe%2Csn-un57sn7s&ms=au%2Crdu&mv=m&mvi=6&pl=16&initcwndbps=478750&vprv=1&mime=audio%2Fmp4&ns=LosIjbPcqB4KmxhGkPeJ2wMF&gir=yes&clen=4234396&dur=261.595&lmt=1611440071479407&mt=1611741877&fvip=6&keepalive=yes&c=WEB&txp=6211222&n=aJfRHau9rEaLjO4y_KTe&sparams=expire%2Cei%2Cip%2Cid%2Citag%2Csource%2Crequiressl%2Cvprv%2Cmime%2Cns%2Cgir%2Cclen%2Cdur%2Clmt&lsparams=mh%2Cmm%2Cmn%2Cms%2Cmv%2Cmvi%2Cpl%2Cinitcwndbps&lsig=AG3C_xAwRQIhAJrRHLXcxuunAooGcnThiw1JXN0KEsytpAO7lp8cK3H3AiBxguvOZZmElpXRJC19jL4-pVktzxBUp5AO3GtDCGnLjA%3D%3D&sig=AOq0QJ8wRAIgOPG7X6oyytyvZNQyDHpMcWEBgYdlNSPKEhmX43dWR5wCICmwnRviA31nA9IsYJB6LA_F_e3RHYwMYidc8dyIcmeG&ratebypass=yes", "player_url": "/s/player/c6df6ed7/player_ias.vflset/en_US/base.js", "ext": "m4a", "format_note": "tiny", "acodec": "mp4a.40.2", "abr": 128, "container": "m4a_dash", "asr": 44100, "filesize": 4234396, "fps": null, "height": null, "tbr": 130.501, "width": null, "vcodec": "none", "downloader_options": {"http_chunk_size": 10485760}, "format": "140 - audio only (tiny)", "protocol": "https", "http_headers": {"User-Agent": "Mozilla/5.0 (Windows NT 10.0; Win64; x64) AppleWebKit/537.36 (KHTML, like Gecko) Chrome/72.0.3626.85 Safari/537.36", "Accept-Charset": "ISO-8859-1,utf-8;q=0.7,*;q=0.7", "Accept": "text/html,application/xhtml+xml,application/xml;q=0.9,*/*;q=0.8", "Accept-Encoding": "gzip, deflate", "Accept-Language": "en-us,en;q=0.5"}}, {"format_id": "251", "url": "https://r6---sn-5njj-u2xe.googlevideo.com/videoplayback?expire=1611763803&ei=-zsRYMaPCpO44QKh7YjgCg&ip=140.109.135.76&id=o-AHqzR5Wo85jL6JnGao1WXYMdXHW8vjS84D0Kk5bmvkJF&itag=251&source=youtube&requiressl=yes&mh=jE&mm=31%2C29&mn=sn-5njj-u2xe%2Csn-un57sn7s&ms=au%2Crdu&mv=m&mvi=6&pl=16&initcwndbps=478750&vprv=1&mime=audio%2Fwebm&ns=LosIjbPcqB4KmxhGkPeJ2wMF&gir=yes&clen=4766420&dur=261.561&lmt=1611440070675419&mt=1611741877&fvip=6&keepalive=yes&c=WEB&txp=6211222&n=aJfRHau9rEaLjO4y_KTe&sparams=expire%2Cei%2Cip%2Cid%2Citag%2Csource%2Crequiressl%2Cvprv%2Cmime%2Cns%2Cgir%2Cclen%2Cdur%2Clmt&lsparams=mh%2Cmm%2Cmn%2Cms%2Cmv%2Cmvi%2Cpl%2Cinitcwndbps&lsig=AG3C_xAwRAIgWpqe4E5JPjefmPQ4iPbJMxMKwK4L5gMuSSTX7xB5b5QCIAxVKAzI16_MOjNMBggDQ05JXtmMjlBbBUeWGV2VV1OZ&sig=AOq0QJ8wRQIgUgSjy8KGm_PrEd_JkSQxx3ZLWc3c7VIdX-FccF7rRhQCIQCgRJ7FUIfTeYOACu-IvYCcu7Uu8NiYqyHe4JCFashDpg==&ratebypass=yes", "player_url": "/s/player/c6df6ed7/player_ias.vflset/en_US/base.js", "ext": "webm", "format_note": "tiny", "acodec": "opus", "abr": 160, "asr": 48000, "filesize": 4766420, "fps": null, "height": null, "tbr": 152.885, "width": null, "vcodec": "none", "downloader_options": {"http_chunk_size": 10485760}, "format": "251 - audio only (tiny)", "protocol": "https", "http_headers": {"User-Agent": "Mozilla/5.0 (Windows NT 10.0; Win64; x64) AppleWebKit/537.36 (KHTML, like Gecko) Chrome/72.0.3626.85 Safari/537.36", "Accept-Charset": "ISO-8859-1,utf-8;q=0.7,*;q=0.7", "Accept": "text/html,application/xhtml+xml,application/xml;q=0.9,*/*;q=0.8", "Accept-Encoding": "gzip, deflate", "Accept-Language": "en-us,en;q=0.5"}}, {"format_id": "278", "url": "https://r6---sn-5njj-u2xe.googlevideo.com/videoplayback?expire=1611763803&ei=-zsRYMaPCpO44QKh7YjgCg&ip=140.109.135.76&id=o-AHqzR5Wo85jL6JnGao1WXYMdXHW8vjS84D0Kk5bmvkJF&itag=278&aitags=133%2C134%2C135%2C136%2C160%2C242%2C243%2C244%2C247%2C278%2C298%2C299%2C302%2C303%2C308%2C315&source=youtube&requiressl=yes&mh=jE&mm=31%2C29&mn=sn-5njj-u2xe%2Csn-un57sn7s&ms=au%2Crdu&mv=m&mvi=6&pl=16&initcwndbps=478750&vprv=1&mime=video%2Fwebm&ns=LosIjbPcqB4KmxhGkPeJ2wMF&gir=yes&clen=2743185&dur=261.527&lmt=1611440110833503&mt=1611741877&fvip=6&keepalive=yes&c=WEB&txp=6216222&n=aJfRHau9rEaLjO4y_KTe&sparams=expire%2Cei%2Cip%2Cid%2Caitags%2Csource%2Crequiressl%2Cvprv%2Cmime%2Cns%2Cgir%2Cclen%2Cdur%2Clmt&lsparams=mh%2Cmm%2Cmn%2Cms%2Cmv%2Cmvi%2Cpl%2Cinitcwndbps&lsig=AG3C_xAwRgIhAI2UEASFjVH6sdSrziU8ThtbRUhSbTG9n8FuUQS6Dd-SAiEAqopIAyyKqwYdHZY2zI7nfWbg1yqQ6UjpuvpZ_n8FdJ4%3D&sig=AOq0QJ8wRAIgVB3ttFJvsg1uV_3MhU6Dy1FLIwC91slE8o-nUYypDmgCIBzj6GMhb59TJjPy3t3QwY3X37QtfF1XOCUOLzG-HduG&ratebypass=yes", "player_url": "/s/player/c6df6ed7/player_ias.vflset/en_US/base.js", "ext": "webm", "height": 144, "format_note": "144p", "container": "webm", "vcodec": "vp9", "asr": null, "filesize": 2743185, "fps": 30, "tbr": 92.23, "width": 256, "acodec": "none", "downloader_options": {"http_chunk_size": 10485760}, "format": "278 - 256x144 (144p)", "protocol": "https", "http_headers": {"User-Agent": "Mozilla/5.0 (Windows NT 10.0; Win64; x64) AppleWebKit/537.36 (KHTML, like Gecko) Chrome/72.0.3626.85 Safari/537.36", "Accept-Charset": "ISO-8859-1,utf-8;q=0.7,*;q=0.7", "Accept": "text/html,application/xhtml+xml,application/xml;q=0.9,*/*;q=0.8", "Accept-Encoding": "gzip, deflate", "Accept-Language": "en-us,en;q=0.5"}}, {"format_id": "160", "url": "https://r6---sn-5njj-u2xe.googlevideo.com/videoplayback?expire=1611763803&ei=-zsRYMaPCpO44QKh7YjgCg&ip=140.109.135.76&id=o-AHqzR5Wo85jL6JnGao1WXYMdXHW8vjS84D0Kk5bmvkJF&itag=160&aitags=133%2C134%2C135%2C136%2C160%2C242%2C243%2C244%2C247%2C278%2C298%2C299%2C302%2C303%2C308%2C315&source=youtube&requiressl=yes&mh=jE&mm=31%2C29&mn=sn-5njj-u2xe%2Csn-un57sn7s&ms=au%2Crdu&mv=m&mvi=6&pl=16&initcwndbps=478750&vprv=1&mime=video%2Fmp4&ns=LosIjbPcqB4KmxhGkPeJ2wMF&gir=yes&clen=3650916&dur=261.528&lmt=1611440093705107&mt=1611741877&fvip=6&keepalive=yes&c=WEB&txp=6216222&n=aJfRHau9rEaLjO4y_KTe&sparams=expire%2Cei%2Cip%2Cid%2Caitags%2Csource%2Crequiressl%2Cvprv%2Cmime%2Cns%2Cgir%2Cclen%2Cdur%2Clmt&lsparams=mh%2Cmm%2Cmn%2Cms%2Cmv%2Cmvi%2Cpl%2Cinitcwndbps&lsig=AG3C_xAwRgIhAIsnq5DwdO4Q6gREfQhUtPv9d3fnl8Jsq-Zi898eBqd8AiEA3AZq2EagCOAUrMoQvyKlUWeRNk8zCXKmcujA9DUSOCM%3D&sig=AOq0QJ8wRgIhAPKMz06Ktsq1kkHwGHakcKnpcVvl0ia_qhpnUsIDOFdNAiEA7-Gdm6PhUdTh3sj6sTRhJWArKAoa4DIOxyWUreiUs7c=&ratebypass=yes", "player_url": "/s/player/c6df6ed7/player_ias.vflset/en_US/base.js", "ext": "mp4", "height": 144, "format_note": "144p", "vcodec": "avc1.4d400c", "asr": null, "filesize": 3650916, "fps": 30, "tbr": 128.149, "width": 256, "acodec": "none", "downloader_options": {"http_chunk_size": 10485760}, "format": "160 - 256x144 (144p)", "protocol": "https", "http_headers": {"User-Agent": "Mozilla/5.0 (Windows NT 10.0; Win64; x64) AppleWebKit/537.36 (KHTML, like Gecko) Chrome/72.0.3626.85 Safari/537.36", "Accept-Charset": "ISO-8859-1,utf-8;q=0.7,*;q=0.7", "Accept": "text/html,application/xhtml+xml,application/xml;q=0.9,*/*;q=0.8", "Accept-Encoding": "gzip, deflate", "Accept-Language": "en-us,en;q=0.5"}}, {"format_id": "242", "url": "https://r6---sn-5njj-u2xe.googlevideo.com/videoplayback?expire=1611763803&ei=-zsRYMaPCpO44QKh7YjgCg&ip=140.109.135.76&id=o-AHqzR5Wo85jL6JnGao1WXYMdXHW8vjS84D0Kk5bmvkJF&itag=242&aitags=133%2C134%2C135%2C136%2C160%2C242%2C243%2C244%2C247%2C278%2C298%2C299%2C302%2C303%2C308%2C315&source=youtube&requiressl=yes&mh=jE&mm=31%2C29&mn=sn-5njj-u2xe%2Csn-un57sn7s&ms=au%2Crdu&mv=m&mvi=6&pl=16&initcwndbps=478750&vprv=1&mime=video%2Fwebm&ns=LosIjbPcqB4KmxhGkPeJ2wMF&gir=yes&clen=5446599&dur=261.527&lmt=1611440110834963&mt=1611741877&fvip=6&keepalive=yes&c=WEB&txp=6216222&n=aJfRHau9rEaLjO4y_KTe&sparams=expire%2Cei%2Cip%2Cid%2Caitags%2Csource%2Crequiressl%2Cvprv%2Cmime%2Cns%2Cgir%2Cclen%2Cdur%2Clmt&lsparams=mh%2Cmm%2Cmn%2Cms%2Cmv%2Cmvi%2Cpl%2Cinitcwndbps&lsig=AG3C_xAwRQIhAONGrYbsVIor-I50ruedzD975cGZkvABqnojLY0bSMLrAiBUS3PX6Bo6Tk83lth9OmPI_gABp85wEX0s9jdT9Cuycw%3D%3D&sig=AOq0QJ8wRAIgDs8vVbzcgwP_GFqbucwEYkjF27ur142pWfavvjF6aWcCIBqfSF0DFgSG2hGSag7RJCYP_PrN3J9M5FyjS8BbDBwZ&ratebypass=yes", "player_url": "/s/player/c6df6ed7/player_ias.vflset/en_US/base.js", "ext": "webm", "height": 240, "format_note": "240p", "vcodec": "vp9", "asr": null, "filesize": 5446599, "fps": 30, "tbr": 197.139, "width": 426, "acodec": "none", "downloader_options": {"http_chunk_size": 10485760}, "format": "242 - 426x240 (240p)", "protocol": "https", "http_headers": {"User-Agent": "Mozilla/5.0 (Windows NT 10.0; Win64; x64) AppleWebKit/537.36 (KHTML, like Gecko) Chrome/72.0.3626.85 Safari/537.36", "Accept-Charset": "ISO-8859-1,utf-8;q=0.7,*;q=0.7", "Accept": "text/html,application/xhtml+xml,application/xml;q=0.9,*/*;q=0.8", "Accept-Encoding": "gzip, deflate", "Accept-Language": "en-us,en;q=0.5"}}, {"format_id": "133", "url": "https://r6---sn-5njj-u2xe.googlevideo.com/videoplayback?expire=1611763803&ei=-zsRYMaPCpO44QKh7YjgCg&ip=140.109.135.76&id=o-AHqzR5Wo85jL6JnGao1WXYMdXHW8vjS84D0Kk5bmvkJF&itag=133&aitags=133%2C134%2C135%2C136%2C160%2C242%2C243%2C244%2C247%2C278%2C298%2C299%2C302%2C303%2C308%2C315&source=youtube&requiressl=yes&mh=jE&mm=31%2C29&mn=sn-5njj-u2xe%2Csn-un57sn7s&ms=au%2Crdu&mv=m&mvi=6&pl=16&initcwndbps=478750&vprv=1&mime=video%2Fmp4&ns=LosIjbPcqB4KmxhGkPeJ2wMF&gir=yes&clen=8098401&dur=261.528&lmt=1611440093718200&mt=1611741877&fvip=6&keepalive=yes&c=WEB&txp=6216222&n=aJfRHau9rEaLjO4y_KTe&sparams=expire%2Cei%2Cip%2Cid%2Caitags%2Csource%2Crequiressl%2Cvprv%2Cmime%2Cns%2Cgir%2Cclen%2Cdur%2Clmt&lsparams=mh%2Cmm%2Cmn%2Cms%2Cmv%2Cmvi%2Cpl%2Cinitcwndbps&lsig=AG3C_xAwRQIhAPI58Sa-fkQrBArT-_elBHlAGx_nvcz3Uoms6G_5hy-YAiAWB50BZfiy21gaRHJNknzFbUYHhOvFaAwJCWGziM3Cuw%3D%3D&sig=AOq0QJ8wRgIhAOhO2kl7Ar9vrBYrpDw_wSeKJt4VYTf9vF6LFxfNxo19AiEA3kukEL8zQjZ30AG2tu6g6g0rrP2QWzamD-gPL5ZzatM=&ratebypass=yes", "player_url": "/s/player/c6df6ed7/player_ias.vflset/en_US/base.js", "ext": "mp4", "height": 240, "format_note": "240p", "vcodec": "avc1.4d4015", "asr": null, "filesize": 8098401, "fps": 30, "tbr": 304.373, "width": 426, "acodec": "none", "downloader_options": {"http_chunk_size": 10485760}, "format": "133 - 426x240 (240p)", "protocol": "https", "http_headers": {"User-Agent": "Mozilla/5.0 (Windows NT 10.0; Win64; x64) AppleWebKit/537.36 (KHTML, like Gecko) Chrome/72.0.3626.85 Safari/537.36", "Accept-Charset": "ISO-8859-1,utf-8;q=0.7,*;q=0.7", "Accept": "text/html,application/xhtml+xml,application/xml;q=0.9,*/*;q=0.8", "Accept-Encoding": "gzip, deflate", "Accept-Language": "en-us,en;q=0.5"}}, {"format_id": "243", "url": "https://r6---sn-5njj-u2xe.googlevideo.com/videoplayback?expire=1611763803&ei=-zsRYMaPCpO44QKh7YjgCg&ip=140.109.135.76&id=o-AHqzR5Wo85jL6JnGao1WXYMdXHW8vjS84D0Kk5bmvkJF&itag=243&aitags=133%2C134%2C135%2C136%2C160%2C242%2C243%2C244%2C247%2C278%2C298%2C299%2C302%2C303%2C308%2C315&source=youtube&requiressl=yes&mh=jE&mm=31%2C29&mn=sn-5njj-u2xe%2Csn-un57sn7s&ms=au%2Crdu&mv=m&mvi=6&pl=16&initcwndbps=478750&vprv=1&mime=video%2Fwebm&ns=LosIjbPcqB4KmxhGkPeJ2wMF&gir=yes&clen=8865810&dur=261.527&lmt=1611440110832618&mt=1611741877&fvip=6&keepalive=yes&c=WEB&txp=6216222&n=aJfRHau9rEaLjO4y_KTe&sparams=expire%2Cei%2Cip%2Cid%2Caitags%2Csource%2Crequiressl%2Cvprv%2Cmime%2Cns%2Cgir%2Cclen%2Cdur%2Clmt&lsparams=mh%2Cmm%2Cmn%2Cms%2Cmv%2Cmvi%2Cpl%2Cinitcwndbps&lsig=AG3C_xAwRAIgTn1CuF06y_CQ6TGwW_7Eg4wTydj0b74y14rDB5peyI4CIHEyW3SJA1QlxeiWAIq9JWHParKlyTX88oG9HXYETmZU&sig=AOq0QJ8wRQIhALj3Cuvo_wUbXSWZDJD4bssXo_2rbTkq4w9tNicfZU3SAiAS6qnpL-vWjROMjvcXGufqXtDQG6bsXr-YSD-0ofI97w==&ratebypass=yes", "player_url": "/s/player/c6df6ed7/player_ias.vflset/en_US/base.js", "ext": "webm", "height": 360, "format_note": "360p", "vcodec": "vp9", "asr": null, "filesize": 8865810, "fps": 30, "tbr": 348.955, "width": 640, "acodec": "none", "downloader_options": {"http_chunk_size": 10485760}, "format": "243 - 640x360 (360p)", "protocol": "https", "http_headers": {"User-Agent": "Mozilla/5.0 (Windows NT 10.0; Win64; x64) AppleWebKit/537.36 (KHTML, like Gecko) Chrome/72.0.3626.85 Safari/537.36", "Accept-Charset": "ISO-8859-1,utf-8;q=0.7,*;q=0.7", "Accept": "text/html,application/xhtml+xml,application/xml;q=0.9,*/*;q=0.8", "Accept-Encoding": "gzip, deflate", "Accept-Language": "en-us,en;q=0.5"}}, {"format_id": "134", "url": "https://r6---sn-5njj-u2xe.googlevideo.com/videoplayback?expire=1611763803&ei=-zsRYMaPCpO44QKh7YjgCg&ip=140.109.135.76&id=o-AHqzR5Wo85jL6JnGao1WXYMdXHW8vjS84D0Kk5bmvkJF&itag=134&aitags=133%2C134%2C135%2C136%2C160%2C242%2C243%2C244%2C247%2C278%2C298%2C299%2C302%2C303%2C308%2C315&source=youtube&requiressl=yes&mh=jE&mm=31%2C29&mn=sn-5njj-u2xe%2Csn-un57sn7s&ms=au%2Crdu&mv=m&mvi=6&pl=16&initcwndbps=478750&vprv=1&mime=video%2Fmp4&ns=LosIjbPcqB4KmxhGkPeJ2wMF&gir=yes&clen=15143056&dur=261.528&lmt=1611440093707653&mt=1611741877&fvip=6&keepalive=yes&c=WEB&txp=6216222&n=aJfRHau9rEaLjO4y_KTe&sparams=expire%2Cei%2Cip%2Cid%2Caitags%2Csource%2Crequiressl%2Cvprv%2Cmime%2Cns%2Cgir%2Cclen%2Cdur%2Clmt&lsparams=mh%2Cmm%2Cmn%2Cms%2Cmv%2Cmvi%2Cpl%2Cinitcwndbps&lsig=AG3C_xAwRQIgYoeAlnH1mMZ5Jrj2m6A-RNAT_PlYncKPaLmec5WCmPICIQDLY62CliWqwZW59FRNDjXgs7_YmIyzWBn0Uk5s6k07IQ%3D%3D&sig=AOq0QJ8wRQIhAJV7whVWQ8FIE0OV64--XIneB7GmPvJrL96KVJNcNOMdAiAXJM0v2cJPjH7pphnkixD0rizCUG1qyhWb78qcEHGlww==&ratebypass=yes", "player_url": "/s/player/c6df6ed7/player_ias.vflset/en_US/base.js", "ext": "mp4", "height": 360, "format_note": "360p", "vcodec": "avc1.4d401e", "asr": null, "filesize": 15143056, "fps": 30, "tbr": 612.889, "width": 640, "acodec": "none", "downloader_options": {"http_chunk_size": 10485760}, "format": "134 - 640x360 (360p)", "protocol": "https", "http_headers": {"User-Agent": "Mozilla/5.0 (Windows NT 10.0; Win64; x64) AppleWebKit/537.36 (KHTML, like Gecko) Chrome/72.0.3626.85 Safari/537.36", "Accept-Charset": "ISO-8859-1,utf-8;q=0.7,*;q=0.7", "Accept": "text/html,application/xhtml+xml,application/xml;q=0.9,*/*;q=0.8", "Accept-Encoding": "gzip, deflate", "Accept-Language": "en-us,en;q=0.5"}}, {"format_id": "244", "url": "https://r6---sn-5njj-u2xe.googlevideo.com/videoplayback?expire=1611763803&ei=-zsRYMaPCpO44QKh7YjgCg&ip=140.109.135.76&id=o-AHqzR5Wo85jL6JnGao1WXYMdXHW8vjS84D0Kk5bmvkJF&itag=244&aitags=133%2C134%2C135%2C136%2C160%2C242%2C243%2C244%2C247%2C278%2C298%2C299%2C302%2C303%2C308%2C315&source=youtube&requiressl=yes&mh=jE&mm=31%2C29&mn=sn-5njj-u2xe%2Csn-un57sn7s&ms=au%2Crdu&mv=m&mvi=6&pl=16&initcwndbps=478750&vprv=1&mime=video%2Fwebm&ns=LosIjbPcqB4KmxhGkPeJ2wMF&gir=yes&clen=13908217&dur=261.527&lmt=1611440110834577&mt=1611741877&fvip=6&keepalive=yes&c=WEB&txp=6216222&n=aJfRHau9rEaLjO4y_KTe&sparams=expire%2Cei%2Cip%2Cid%2Caitags%2Csource%2Crequiressl%2Cvprv%2Cmime%2Cns%2Cgir%2Cclen%2Cdur%2Clmt&lsparams=mh%2Cmm%2Cmn%2Cms%2Cmv%2Cmvi%2Cpl%2Cinitcwndbps&lsig=AG3C_xAwRAIgR11Lj4bbNIw1b8UiTziRTviGD8QXZCSNal5qc1wIJWICIFkNSHeCwH7RaA0AVRVIpjVgrAfP62vBRKSba5K3jMfV&sig=AOq0QJ8wRAIgNhJwUFtqhJn21HVKqbwb9KS2TYGWciyIv94fvexkeUYCIHOv9P8XoolrzAB4MeWQlgtFGOIHCYm0OpT6hJ4j90jO&ratebypass=yes", "player_url": "/s/player/c6df6ed7/player_ias.vflset/en_US/base.js", "ext": "webm", "height": 480, "format_note": "480p", "vcodec": "vp9", "asr": null, "filesize": 13908217, "fps": 30, "tbr": 615.31, "width": 854, "acodec": "none", "downloader_options": {"http_chunk_size": 10485760}, "format": "244 - 854x480 (480p)", "protocol": "https", "http_headers": {"User-Agent": "Mozilla/5.0 (Windows NT 10.0; Win64; x64) AppleWebKit/537.36 (KHTML, like Gecko) Chrome/72.0.3626.85 Safari/537.36", "Accept-Charset": "ISO-8859-1,utf-8;q=0.7,*;q=0.7", "Accept": "text/html,application/xhtml+xml,application/xml;q=0.9,*/*;q=0.8", "Accept-Encoding": "gzip, deflate", "Accept-Language": "en-us,en;q=0.5"}}, {"format_id": "247", "url": "https://r6---sn-5njj-u2xe.googlevideo.com/videoplayback?expire=1611763803&ei=-zsRYMaPCpO44QKh7YjgCg&ip=140.109.135.76&id=o-AHqzR5Wo85jL6JnGao1WXYMdXHW8vjS84D0Kk5bmvkJF&itag=247&aitags=133%2C134%2C135%2C136%2C160%2C242%2C243%2C244%2C247%2C278%2C298%2C299%2C302%2C303%2C308%2C315&source=youtube&requiressl=yes&mh=jE&mm=31%2C29&mn=sn-5njj-u2xe%2Csn-un57sn7s&ms=au%2Crdu&mv=m&mvi=6&pl=16&initcwndbps=478750&vprv=1&mime=video%2Fwebm&ns=LosIjbPcqB4KmxhGkPeJ2wMF&gir=yes&clen=23297976&dur=261.527&lmt=1611440110832133&mt=1611741877&fvip=6&keepalive=yes&c=WEB&txp=6216222&n=aJfRHau9rEaLjO4y_KTe&sparams=expire%2Cei%2Cip%2Cid%2Caitags%2Csource%2Crequiressl%2Cvprv%2Cmime%2Cns%2Cgir%2Cclen%2Cdur%2Clmt&lsparams=mh%2Cmm%2Cmn%2Cms%2Cmv%2Cmvi%2Cpl%2Cinitcwndbps&lsig=AG3C_xAwRQIhAIj-tyJERRXr946manmKQDqw8xBBjsrBqTNASm0PByKDAiBoPV8xvW8qq-5ylNzrrcpo96lXDdUCWdQj00cNLicVQQ%3D%3D&sig=AOq0QJ8wRQIhAN_733krwYLppP0VdfuMK0yXtWhHyXuNll4_aY52vTWkAiBNdEw0pw7ktFg-RrzGRFpxbQDaziochdgjA_h8NnNNWA==&ratebypass=yes", "player_url": "/s/player/c6df6ed7/player_ias.vflset/en_US/base.js", "ext": "webm", "height": 720, "format_note": "720p", "vcodec": "vp9", "asr": null, "filesize": 23297976, "fps": 30, "tbr": 987.791, "width": 1280, "acodec": "none", "downloader_options": {"http_chunk_size": 10485760}, "format": "247 - 1280x720 (720p)", "protocol": "https", "http_headers": {"User-Agent": "Mozilla/5.0 (Windows NT 10.0; Win64; x64) AppleWebKit/537.36 (KHTML, like Gecko) Chrome/72.0.3626.85 Safari/537.36", "Accept-Charset": "ISO-8859-1,utf-8;q=0.7,*;q=0.7", "Accept": "text/html,application/xhtml+xml,application/xml;q=0.9,*/*;q=0.8", "Accept-Encoding": "gzip, deflate", "Accept-Language": "en-us,en;q=0.5"}}, {"format_id": "135", "url": "https://r6---sn-5njj-u2xe.googlevideo.com/videoplayback?expire=1611763803&ei=-zsRYMaPCpO44QKh7YjgCg&ip=140.109.135.76&id=o-AHqzR5Wo85jL6JnGao1WXYMdXHW8vjS84D0Kk5bmvkJF&itag=135&aitags=133%2C134%2C135%2C136%2C160%2C242%2C243%2C244%2C247%2C278%2C298%2C299%2C302%2C303%2C308%2C315&source=youtube&requiressl=yes&mh=jE&mm=31%2C29&mn=sn-5njj-u2xe%2Csn-un57sn7s&ms=au%2Crdu&mv=m&mvi=6&pl=16&initcwndbps=478750&vprv=1&mime=video%2Fmp4&ns=LosIjbPcqB4KmxhGkPeJ2wMF&gir=yes&clen=26068789&dur=261.528&lmt=1611440093704175&mt=1611741877&fvip=6&keepalive=yes&c=WEB&txp=6216222&n=aJfRHau9rEaLjO4y_KTe&sparams=expire%2Cei%2Cip%2Cid%2Caitags%2Csource%2Crequiressl%2Cvprv%2Cmime%2Cns%2Cgir%2Cclen%2Cdur%2Clmt&lsparams=mh%2Cmm%2Cmn%2Cms%2Cmv%2Cmvi%2Cpl%2Cinitcwndbps&lsig=AG3C_xAwRQIgGEEoUaIkwXMCMAJAI9P8CmbFS0HTVSFJL5M3Vu32lqACIQDoRKwlXua1NQf2ouWVfHhJr_1Y8WJuCNKqir3h6dVDew%3D%3D&sig=AOq0QJ8wRQIhAPyzJGRXFBZdKCXlxd2T8jcKX5bKrmFgl1rlUzg8lzg2AiA1QlN4eRyPclnz5v_XhOPYG-L_C_XGdpXpSMAdo-xqUw==&ratebypass=yes", "player_url": "/s/player/c6df6ed7/player_ias.vflset/en_US/base.js", "ext": "mp4", "height": 480, "format_note": "480p", "vcodec": "avc1.4d401f", "asr": null, "filesize": 26068789, "fps": 30, "tbr": 1152.0, "width": 854, "acodec": "none", "downloader_options": {"http_chunk_size": 10485760}, "format": "135 - 854x480 (480p)", "protocol": "https", "http_headers": {"User-Agent": "Mozilla/5.0 (Windows NT 10.0; Win64; x64) AppleWebKit/537.36 (KHTML, like Gecko) Chrome/72.0.3626.85 Safari/537.36", "Accept-Charset": "ISO-8859-1,utf-8;q=0.7,*;q=0.7", "Accept": "text/html,application/xhtml+xml,application/xml;q=0.9,*/*;q=0.8", "Accept-Encoding": "gzip, deflate", "Accept-Language": "en-us,en;q=0.5"}}, {"format_id": "302", "url": "https://r6---sn-5njj-u2xe.googlevideo.com/videoplayback?expire=1611763803&ei=-zsRYMaPCpO44QKh7YjgCg&ip=140.109.135.76&id=o-AHqzR5Wo85jL6JnGao1WXYMdXHW8vjS84D0Kk5bmvkJF&itag=302&aitags=133%2C134%2C135%2C136%2C160%2C242%2C243%2C244%2C247%2C278%2C298%2C299%2C302%2C303%2C308%2C315&source=youtube&requiressl=yes&mh=jE&mm=31%2C29&mn=sn-5njj-u2xe%2Csn-un57sn7s&ms=au%2Crdu&mv=m&mvi=6&pl=16&initcwndbps=478750&vprv=1&mime=video%2Fwebm&ns=LosIjbPcqB4KmxhGkPeJ2wMF&gir=yes&clen=38468264&dur=261.527&lmt=1611440110834730&mt=1611741877&fvip=6&keepalive=yes&c=WEB&txp=6216222&n=aJfRHau9rEaLjO4y_KTe&sparams=expire%2Cei%2Cip%2Cid%2Caitags%2Csource%2Crequiressl%2Cvprv%2Cmime%2Cns%2Cgir%2Cclen%2Cdur%2Clmt&lsparams=mh%2Cmm%2Cmn%2Cms%2Cmv%2Cmvi%2Cpl%2Cinitcwndbps&lsig=AG3C_xAwRgIhAMqFlZhvSsjmFX5YU7IG6VNT-h1tJtfUkj5l1H_DH4_ZAiEA7vVE5iKCeAI-e6vIH9_IUh_VM60BC2NTgEym_aYSd5w%3D&sig=AOq0QJ8wRQIgFlJPAZ4bxdzKr6IHi_98EpWdksjuRHKktNn0YV6MEvYCIQCc8IRX7KEj15RKXV4a_9I6Emm7SrKwjlMecQPi7WvzMw==&ratebypass=yes", "player_url": "/s/player/c6df6ed7/player_ias.vflset/en_US/base.js", "ext": "webm", "height": 720, "format_note": "720p60", "vcodec": "vp9", "fps": 60, "asr": null, "filesize": 38468264, "tbr": 1665.02, "width": 1280, "acodec": "none", "downloader_options": {"http_chunk_size": 10485760}, "format": "302 - 1280x720 (720p60)", "protocol": "https", "http_headers": {"User-Agent": "Mozilla/5.0 (Windows NT 10.0; Win64; x64) AppleWebKit/537.36 (KHTML, like Gecko) Chrome/72.0.3626.85 Safari/537.36", "Accept-Charset": "ISO-8859-1,utf-8;q=0.7,*;q=0.7", "Accept": "text/html,application/xhtml+xml,application/xml;q=0.9,*/*;q=0.8", "Accept-Encoding": "gzip, deflate", "Accept-Language": "en-us,en;q=0.5"}}, {"format_id": "136", "url": "https://r6---sn-5njj-u2xe.googlevideo.com/videoplayback?expire=1611763803&ei=-zsRYMaPCpO44QKh7YjgCg&ip=140.109.135.76&id=o-AHqzR5Wo85jL6JnGao1WXYMdXHW8vjS84D0Kk5bmvkJF&itag=136&aitags=133%2C134%2C135%2C136%2C160%2C242%2C243%2C244%2C247%2C278%2C298%2C299%2C302%2C303%2C308%2C315&source=youtube&requiressl=yes&mh=jE&mm=31%2C29&mn=sn-5njj-u2xe%2Csn-un57sn7s&ms=au%2Crdu&mv=m&mvi=6&pl=16&initcwndbps=478750&vprv=1&mime=video%2Fmp4&ns=LosIjbPcqB4KmxhGkPeJ2wMF&gir=yes&clen=47443566&dur=261.528&lmt=1611440093705747&mt=1611741877&fvip=6&keepalive=yes&c=WEB&txp=6216222&n=aJfRHau9rEaLjO4y_KTe&sparams=expire%2Cei%2Cip%2Cid%2Caitags%2Csource%2Crequiressl%2Cvprv%2Cmime%2Cns%2Cgir%2Cclen%2Cdur%2Clmt&lsparams=mh%2Cmm%2Cmn%2Cms%2Cmv%2Cmvi%2Cpl%2Cinitcwndbps&lsig=AG3C_xAwRgIhAPxoy-RYRe-GGFHGt8cDK7gThIWrZUGEno4xzi4Lz_7jAiEA-2cqxKUnRketLr88_A1iHTqkmTJrhtAgF8Hj20E5MeU%3D&sig=AOq0QJ8wRgIhAKjPVUZ7j_eNo7uWk8TL42sReTHBfJUr19R5GSyXRSVWAiEAmSua6yVw37ovECDoFjX-8JcZZtFVj3WzgaZ3-lO26jo=&ratebypass=yes", "player_url": "/s/player/c6df6ed7/player_ias.vflset/en_US/base.js", "ext": "mp4", "height": 720, "format_note": "720p", "vcodec": "avc1.64001f", "asr": null, "filesize": 47443566, "fps": 30, "tbr": 2222.695, "width": 1280, "acodec": "none", "downloader_options": {"http_chunk_size": 10485760}, "format": "136 - 1280x720 (720p)", "protocol": "https", "http_headers": {"User-Agent": "Mozilla/5.0 (Windows NT 10.0; Win64; x64) AppleWebKit/537.36 (KHTML, like Gecko) Chrome/72.0.3626.85 Safari/537.36", "Accept-Charset": "ISO-8859-1,utf-8;q=0.7,*;q=0.7", "Accept": "text/html,application/xhtml+xml,application/xml;q=0.9,*/*;q=0.8", "Accept-Encoding": "gzip, deflate", "Accept-Language": "en-us,en;q=0.5"}}, {"format_id": "303", "url": "https://r6---sn-5njj-u2xe.googlevideo.com/videoplayback?expire=1611763803&ei=-zsRYMaPCpO44QKh7YjgCg&ip=140.109.135.76&id=o-AHqzR5Wo85jL6JnGao1WXYMdXHW8vjS84D0Kk5bmvkJF&itag=303&aitags=133%2C134%2C135%2C136%2C160%2C242%2C243%2C244%2C247%2C278%2C298%2C299%2C302%2C303%2C308%2C315&source=youtube&requiressl=yes&mh=jE&mm=31%2C29&mn=sn-5njj-u2xe%2Csn-un57sn7s&ms=au%2Crdu&mv=m&mvi=6&pl=16&initcwndbps=478750&vprv=1&mime=video%2Fwebm&ns=LosIjbPcqB4KmxhGkPeJ2wMF&gir=yes&clen=54932388&dur=261.527&lmt=1611440110839377&mt=1611741877&fvip=6&keepalive=yes&c=WEB&txp=6216222&n=aJfRHau9rEaLjO4y_KTe&sparams=expire%2Cei%2Cip%2Cid%2Caitags%2Csource%2Crequiressl%2Cvprv%2Cmime%2Cns%2Cgir%2Cclen%2Cdur%2Clmt&lsparams=mh%2Cmm%2Cmn%2Cms%2Cmv%2Cmvi%2Cpl%2Cinitcwndbps&lsig=AG3C_xAwRAIgIik1o1-fTEbeW7cEx-PIjIiwgYle2bKgeAe6dEZq85ICIC_-rNbln1mF78mayq595vomX8CGc7P8QPiJxO3yi_gB&sig=AOq0QJ8wRQIhANyfjAlMg4e4kPDUFVmRRLDZZ9MBnIjA7n0hfqsxPQQIAiBUP_HoXTF6XAzlnV77msWOUs9oo2oDMR9LxODYod-htQ==&ratebypass=yes", "player_url": "/s/player/c6df6ed7/player_ias.vflset/en_US/base.js", "ext": "webm", "height": 1080, "format_note": "1080p60", "vcodec": "vp9", "fps": 60, "asr": null, "filesize": 54932388, "tbr": 2588.591, "width": 1920, "acodec": "none", "downloader_options": {"http_chunk_size": 10485760}, "format": "303 - 1920x1080 (1080p60)", "protocol": "https", "http_headers": {"User-Agent": "Mozilla/5.0 (Windows NT 10.0; Win64; x64) AppleWebKit/537.36 (KHTML, like Gecko) Chrome/72.0.3626.85 Safari/537.36", "Accept-Charset": "ISO-8859-1,utf-8;q=0.7,*;q=0.7", "Accept": "text/html,application/xhtml+xml,application/xml;q=0.9,*/*;q=0.8", "Accept-Encoding": "gzip, deflate", "Accept-Language": "en-us,en;q=0.5"}}, {"format_id": "298", "url": "https://r6---sn-5njj-u2xe.googlevideo.com/videoplayback?expire=1611763803&ei=-zsRYMaPCpO44QKh7YjgCg&ip=140.109.135.76&id=o-AHqzR5Wo85jL6JnGao1WXYMdXHW8vjS84D0Kk5bmvkJF&itag=298&aitags=133%2C134%2C135%2C136%2C160%2C242%2C243%2C244%2C247%2C278%2C298%2C299%2C302%2C303%2C308%2C315&source=youtube&requiressl=yes&mh=jE&mm=31%2C29&mn=sn-5njj-u2xe%2Csn-un57sn7s&ms=au%2Crdu&mv=m&mvi=6&pl=16&initcwndbps=478750&vprv=1&mime=video%2Fmp4&ns=LosIjbPcqB4KmxhGkPeJ2wMF&gir=yes&clen=64264057&dur=261.527&lmt=1611440093708811&mt=1611741877&fvip=6&keepalive=yes&c=WEB&txp=6216222&n=aJfRHau9rEaLjO4y_KTe&sparams=expire%2Cei%2Cip%2Cid%2Caitags%2Csource%2Crequiressl%2Cvprv%2Cmime%2Cns%2Cgir%2Cclen%2Cdur%2Clmt&lsparams=mh%2Cmm%2Cmn%2Cms%2Cmv%2Cmvi%2Cpl%2Cinitcwndbps&lsig=AG3C_xAwRAIgAS8Q1PnSNPGJ-2bzIWPpr-0G22NHK24tTX_qyvwdibQCIARsLQVXpSHAE11xPf5_sWonalr3IRHBM037A2ghlN2b&sig=AOq0QJ8wRQIhAJCvhnhnMAcwULoJwOgw07jNQy8J3KHNecAcvH0bxfG0AiB6rSxeCmuDGRz5Rz1boq2FPWe9WKGBaSbf3uAAXf9iAg==&ratebypass=yes", "player_url": "/s/player/c6df6ed7/player_ias.vflset/en_US/base.js", "ext": "mp4", "height": 720, "format_note": "720p60", "vcodec": "avc1.640020", "fps": 60, "asr": null, "filesize": 64264057, "tbr": 3001.684, "width": 1280, "acodec": "none", "downloader_options": {"http_chunk_size": 10485760}, "format": "298 - 1280x720 (720p60)", "protocol": "https", "http_headers": {"User-Agent": "Mozilla/5.0 (Windows NT 10.0; Win64; x64) AppleWebKit/537.36 (KHTML, like Gecko) Chrome/72.0.3626.85 Safari/537.36", "Accept-Charset": "ISO-8859-1,utf-8;q=0.7,*;q=0.7", "Accept": "text/html,application/xhtml+xml,application/xml;q=0.9,*/*;q=0.8", "Accept-Encoding": "gzip, deflate", "Accept-Language": "en-us,en;q=0.5"}}, {"format_id": "299", "url": "https://r6---sn-5njj-u2xe.googlevideo.com/videoplayback?expire=1611763803&ei=-zsRYMaPCpO44QKh7YjgCg&ip=140.109.135.76&id=o-AHqzR5Wo85jL6JnGao1WXYMdXHW8vjS84D0Kk5bmvkJF&itag=299&aitags=133%2C134%2C135%2C136%2C160%2C242%2C243%2C244%2C247%2C278%2C298%2C299%2C302%2C303%2C308%2C315&source=youtube&requiressl=yes&mh=jE&mm=31%2C29&mn=sn-5njj-u2xe%2Csn-un57sn7s&ms=au%2Crdu&mv=m&mvi=6&pl=16&initcwndbps=478750&vprv=1&mime=video%2Fmp4&ns=LosIjbPcqB4KmxhGkPeJ2wMF&gir=yes&clen=118005870&dur=261.527&lmt=1611440093706056&mt=1611741877&fvip=6&keepalive=yes&c=WEB&txp=6216222&n=aJfRHau9rEaLjO4y_KTe&sparams=expire%2Cei%2Cip%2Cid%2Caitags%2Csource%2Crequiressl%2Cvprv%2Cmime%2Cns%2Cgir%2Cclen%2Cdur%2Clmt&lsparams=mh%2Cmm%2Cmn%2Cms%2Cmv%2Cmvi%2Cpl%2Cinitcwndbps&lsig=AG3C_xAwRgIhAPe9afgELWJxk50mqfktEj4VjmFtexzKVrd1VGh5GaxnAiEAufTk1XVoN2O7qkjmlQHKE_VKIzHYbJoR7YJZil5gOpQ%3D&sig=AOq0QJ8wRQIgOnIWP1iQeEj3x8inNMq5Kw5a-e8c1VK8OS9G5h3_aWICIQCbwZZ8e8Pa49_nKrFiX0nGGEpNvhFU88SV1LYGafY4uQ==&ratebypass=yes", "player_url": "/s/player/c6df6ed7/player_ias.vflset/en_US/base.js", "ext": "mp4", "height": 1080, "format_note": "1080p60", "vcodec": "avc1.64002a", "fps": 60, "asr": null, "filesize": 118005870, "tbr": 5171.099, "width": 1920, "acodec": "none", "downloader_options": {"http_chunk_size": 10485760}, "format": "299 - 1920x1080 (1080p60)", "protocol": "https", "http_headers": {"User-Agent": "Mozilla/5.0 (Windows NT 10.0; Win64; x64) AppleWebKit/537.36 (KHTML, like Gecko) Chrome/72.0.3626.85 Safari/537.36", "Accept-Charset": "ISO-8859-1,utf-8;q=0.7,*;q=0.7", "Accept": "text/html,application/xhtml+xml,application/xml;q=0.9,*/*;q=0.8", "Accept-Encoding": "gzip, deflate", "Accept-Language": "en-us,en;q=0.5"}}, {"format_id": "308", "url": "https://r6---sn-5njj-u2xe.googlevideo.com/videoplayback?expire=1611763803&ei=-zsRYMaPCpO44QKh7YjgCg&ip=140.109.135.76&id=o-AHqzR5Wo85jL6JnGao1WXYMdXHW8vjS84D0Kk5bmvkJF&itag=308&aitags=133%2C134%2C135%2C136%2C160%2C242%2C243%2C244%2C247%2C278%2C298%2C299%2C302%2C303%2C308%2C315&source=youtube&requiressl=yes&mh=jE&mm=31%2C29&mn=sn-5njj-u2xe%2Csn-un57sn7s&ms=au%2Crdu&mv=m&mvi=6&pl=16&initcwndbps=478750&vprv=1&mime=video%2Fwebm&ns=LosIjbPcqB4KmxhGkPeJ2wMF&gir=yes&clen=197640258&dur=261.527&lmt=1611440110832513&mt=1611741877&fvip=6&keepalive=yes&c=WEB&txp=6216222&n=aJfRHau9rEaLjO4y_KTe&sparams=expire%2Cei%2Cip%2Cid%2Caitags%2Csource%2Crequiressl%2Cvprv%2Cmime%2Cns%2Cgir%2Cclen%2Cdur%2Clmt&lsparams=mh%2Cmm%2Cmn%2Cms%2Cmv%2Cmvi%2Cpl%2Cinitcwndbps&lsig=AG3C_xAwRQIgbIiYujGNIblUTAn2dAeoiJ4OZvGxi0V-ztY-BoFoQRgCIQD8SN04qkMXDigXWD9PldRGBY3TSp07S7RhGlMml2HCIg%3D%3D&sig=AOq0QJ8wRgIhAI93GgaMq6LXnxsqecnkEGlSa_mcjIYTuR0CyGvmRfNLAiEAoTGSL-LKO1tDKbzIF2L2E9HjUThfyfllo6aCOpCuqwY=&ratebypass=yes", "player_url": "/s/player/c6df6ed7/player_ias.vflset/en_US/base.js", "ext": "webm", "height": 1440, "format_note": "1440p60", "vcodec": "vp9", "fps": 60, "asr": null, "filesize": 197640258, "tbr": 7866.736, "width": 2560, "acodec": "none", "downloader_options": {"http_chunk_size": 10485760}, "format": "308 - 2560x1440 (1440p60)", "protocol": "https", "http_headers": {"User-Agent": "Mozilla/5.0 (Windows NT 10.0; Win64; x64) AppleWebKit/537.36 (KHTML, like Gecko) Chrome/72.0.3626.85 Safari/537.36", "Accept-Charset": "ISO-8859-1,utf-8;q=0.7,*;q=0.7", "Accept": "text/html,application/xhtml+xml,application/xml;q=0.9,*/*;q=0.8", "Accept-Encoding": "gzip, deflate", "Accept-Language": "en-us,en;q=0.5"}}, {"format_id": "315", "url": "https://r6---sn-5njj-u2xe.googlevideo.com/videoplayback?expire=1611763803&ei=-zsRYMaPCpO44QKh7YjgCg&ip=140.109.135.76&id=o-AHqzR5Wo85jL6JnGao1WXYMdXHW8vjS84D0Kk5bmvkJF&itag=315&aitags=133%2C134%2C135%2C136%2C160%2C242%2C243%2C244%2C247%2C278%2C298%2C299%2C302%2C303%2C308%2C315&source=youtube&requiressl=yes&mh=jE&mm=31%2C29&mn=sn-5njj-u2xe%2Csn-un57sn7s&ms=au%2Crdu&mv=m&mvi=6&pl=16&initcwndbps=478750&vprv=1&mime=video%2Fwebm&ns=LosIjbPcqB4KmxhGkPeJ2wMF&gir=yes&clen=391565351&dur=261.527&lmt=1611440110834233&mt=1611741877&fvip=6&keepalive=yes&c=WEB&txp=6216222&n=aJfRHau9rEaLjO4y_KTe&sparams=expire%2Cei%2Cip%2Cid%2Caitags%2Csource%2Crequiressl%2Cvprv%2Cmime%2Cns%2Cgir%2Cclen%2Cdur%2Clmt&lsparams=mh%2Cmm%2Cmn%2Cms%2Cmv%2Cmvi%2Cpl%2Cinitcwndbps&lsig=AG3C_xAwRQIgOHwJuNzGQPPHMEKpyZtP_KU3k2I2_7vuXBd90_n8-xICIQDN0B4xZoR4hYuZRLHlu3H5nFeHleKKWs6e8M5Doi8qJA%3D%3D&sig=AOq0QJ8wRQIhAJddMfgI5GBqXsI1K9LlIJwH92LuJANpYdp9M7Zs1iDBAiA2A-dxIWnKmKL30TiJa929SywrcYLoqRSUCwEqCjU9Rw==&ratebypass=yes", "player_url": "/s/player/c6df6ed7/player_ias.vflset/en_US/base.js", "ext": "webm", "height": 2160, "format_note": "2160p60", "vcodec": "vp9", "fps": 60, "asr": null, "filesize": 391565351, "tbr": 14320.063, "width": 3840, "acodec": "none", "downloader_options": {"http_chunk_size": 10485760}, "format": "315 - 3840x2160 (2160p60)", "protocol": "https", "http_headers": {"User-Agent": "Mozilla/5.0 (Windows NT 10.0; Win64; x64) AppleWebKit/537.36 (KHTML, like Gecko) Chrome/72.0.3626.85 Safari/537.36", "Accept-Charset": "ISO-8859-1,utf-8;q=0.7,*;q=0.7", "Accept": "text/html,application/xhtml+xml,application/xml;q=0.9,*/*;q=0.8", "Accept-Encoding": "gzip, deflate", "Accept-Language": "en-us,en;q=0.5"}}, {"format_id": "18", "url": "https://r6---sn-5njj-u2xe.googlevideo.com/videoplayback?expire=1611763803&ei=-zsRYMaPCpO44QKh7YjgCg&ip=140.109.135.76&id=o-AHqzR5Wo85jL6JnGao1WXYMdXHW8vjS84D0Kk5bmvkJF&itag=18&source=youtube&requiressl=yes&mh=jE&mm=31%2C29&mn=sn-5njj-u2xe%2Csn-un57sn7s&ms=au%2Crdu&mv=m&mvi=6&pl=16&initcwndbps=478750&vprv=1&mime=video%2Fmp4&ns=qbiaDVfXNgt6WOSUJD93SIAF&gir=yes&clen=17578636&ratebypass=yes&dur=261.596&lmt=1611426878111859&mt=1611741877&fvip=6&c=WEB&txp=6210222&n=q6saf7v5EYGXARE_pYoW&sparams=expire%2Cei%2Cip%2Cid%2Citag%2Csource%2Crequiressl%2Cvprv%2Cmime%2Cns%2Cgir%2Cclen%2Cratebypass%2Cdur%2Clmt&lsparams=mh%2Cmm%2Cmn%2Cms%2Cmv%2Cmvi%2Cpl%2Cinitcwndbps&lsig=AG3C_xAwQwIgTsMACuKTFNXtmbNBIaA2MSaHjMR99a6LDiXYgbC-V7ICHx1KKeCf69MR1Pv323XoH8mWZA-rLdVl4INCPWMVN5g%3D&sig=AOq0QJ8wRQIgB7eYma_61ISOGfGkK0ZdzbyxRtaG7kxXoVMrexf0eFACIQDtbHK0YG8hHrdsBlvocgLybuSDj2FPEvcoYZP_mlh1pA==", "player_url": "/s/player/c6df6ed7/player_ias.vflset/en_US/base.js", "ext": "mp4", "width": 640, "height": 360, "acodec": "mp4a.40.2", "abr": 96, "vcodec": "avc1.42001E", "asr": 44100, "filesize": 17578636, "format_note": "360p", "fps": 30, "tbr": 537.72, "format": "18 - 640x360 (360p)", "protocol": "https", "http_headers": {"User-Agent": "Mozilla/5.0 (Windows NT 10.0; Win64; x64) AppleWebKit/537.36 (KHTML, like Gecko) Chrome/72.0.3626.85 Safari/537.36", "Accept-Charset": "ISO-8859-1,utf-8;q=0.7,*;q=0.7", "Accept": "text/html,application/xhtml+xml,application/xml;q=0.9,*/*;q=0.8", "Accept-Encoding": "gzip, deflate", "Accept-Language": "en-us,en;q=0.5"}}], "is_live": null, "start_time": null, "end_time": null, "series": null, "season_number": null, "episode_number": null, "track": null, "artist": null, "album": null, "release_date": null, "release_year": null, "extractor": "youtube", "webpage_url_basename": "watch", "extractor_key": "Youtube", "playlist": null, "playlist_index": null, "thumbnail": "https://i.ytimg.com/vi/WE_pw1JAowY/maxresdefault.jpg", "display_id": "WE_pw1JAowY", "requested_subtitles": null, "format_id": "251", "url": "https://r6---sn-5njj-u2xe.googlevideo.com/videoplayback?expire=1611763803&ei=-zsRYMaPCpO44QKh7YjgCg&ip=140.109.135.76&id=o-AHqzR5Wo85jL6JnGao1WXYMdXHW8vjS84D0Kk5bmvkJF&itag=251&source=youtube&requiressl=yes&mh=jE&mm=31%2C29&mn=sn-5njj-u2xe%2Csn-un57sn7s&ms=au%2Crdu&mv=m&mvi=6&pl=16&initcwndbps=478750&vprv=1&mime=audio%2Fwebm&ns=LosIjbPcqB4KmxhGkPeJ2wMF&gir=yes&clen=4766420&dur=261.561&lmt=1611440070675419&mt=1611741877&fvip=6&keepalive=yes&c=WEB&txp=6211222&n=aJfRHau9rEaLjO4y_KTe&sparams=expire%2Cei%2Cip%2Cid%2Citag%2Csource%2Crequiressl%2Cvprv%2Cmime%2Cns%2Cgir%2Cclen%2Cdur%2Clmt&lsparams=mh%2Cmm%2Cmn%2Cms%2Cmv%2Cmvi%2Cpl%2Cinitcwndbps&lsig=AG3C_xAwRAIgWpqe4E5JPjefmPQ4iPbJMxMKwK4L5gMuSSTX7xB5b5QCIAxVKAzI16_MOjNMBggDQ05JXtmMjlBbBUeWGV2VV1OZ&sig=AOq0QJ8wRQIgUgSjy8KGm_PrEd_JkSQxx3ZLWc3c7VIdX-FccF7rRhQCIQCgRJ7FUIfTeYOACu-IvYCcu7Uu8NiYqyHe4JCFashDpg==&ratebypass=yes", "player_url": "/s/player/c6df6ed7/player_ias.vflset/en_US/base.js", "ext": "webm", "format_note": "tiny", "acodec": "opus", "abr": 160, "asr": 48000, "filesize": 4766420, "fps": null, "height": null, "tbr": 152.885, "width": null, "vcodec": "none", "downloader_options": {"http_chunk_size": 10485760}, "format": "251 - audio only (tiny)", "protocol": "https", "http_headers": {"User-Agent": "Mozilla/5.0 (Windows NT 10.0; Win64; x64) AppleWebKit/537.36 (KHTML, like Gecko) Chrome/72.0.3626.85 Safari/537.36", "Accept-Charset": "ISO-8859-1,utf-8;q=0.7,*;q=0.7", "Accept": "text/html,application/xhtml+xml,application/xml;q=0.9,*/*;q=0.8", "Accept-Encoding": "gzip, deflate", "Accept-Language": "en-us,en;q=0.5"}}