{"id": "WYgaFOyASWg", "uploader": "Bolethe Kristensen - Topic", "uploader_id": "UCbY2pjdcy0WCy8ocQYAhS9A", "uploader_url": "http://www.youtube.com/channel/UCbY2pjdcy0WCy8ocQYAhS9A", "channel_id": "UCbY2pjdcy0WCy8ocQYAhS9A", "channel_url": "http://www.youtube.com/channel/UCbY2pjdcy0WCy8ocQYAhS9A", "upload_date": "20191002", "license": null, "creator": "Bolethe Kristensen", "title": "Morgensol", "alt_title": "Morgensol", "thumbnails": [{"url": "https://i.ytimg.com/vi/WYgaFOyASWg/hqdefault.jpg?sqp=-oaymwEbCKgBEF5IVfKriqkDDggBFQAAiEIYAXABwAEG&rs=AOn4CLBC02o-hdZRB-sKe8YLd-s7eEVZSQ", "width": 168, "height": 94, "resolution": "168x94", "id": "0"}, {"url": "https://i.ytimg.com/vi/WYgaFOyASWg/hqdefault.jpg?sqp=-oaymwEbCMQBEG5IVfKriqkDDggBFQAAiEIYAXABwAEG&rs=AOn4CLDzw2bw1Yf_A9GrXNMUHC6VmiGagQ", "width": 196, "height": 110, "resolution": "196x110", "id": "1"}, {"url": "https://i.ytimg.com/vi/WYgaFOyASWg/hqdefault.jpg?sqp=-oaymwEcCPYBEIoBSFXyq4qpAw4IARUAAIhCGAFwAcABBg==&rs=AOn4CLBohlibz0Y6hRbSQa8IPlHyhYZWIA", "width": 246, "height": 138, "resolution": "246x138", "id": "2"}, {"url": "https://i.ytimg.com/vi/WYgaFOyASWg/hqdefault.jpg?sqp=-oaymwEcCNACELwBSFXyq4qpAw4IARUAAIhCGAFwAcABBg==&rs=AOn4CLCR7SYnjd4UZ9aM8uZEFrACoiJ0qA", "width": 336, "height": 188, "resolution": "336x188", "id": "3"}, {"url": "https://i.ytimg.com/vi_webp/WYgaFOyASWg/maxresdefault.webp", "width": 1920, "height": 1080, "resolution": "1920x1080", "id": "4"}], "description": "Provided to YouTube by Record Union\n\nMorgensol \u00b7 Bolethe Kristensen\n\nMorgensol\n\n\u2117 Bolethe Kristensen\n\nReleased on: 2019-09-27\n\nAuto-generated by YouTube.", "categories": ["Music"], "tags": ["Bolethe Kristensen", "Morgensol"], "subtitles": {}, "automatic_captions": {}, "duration": 105, "age_limit": 0, "annotations": null, "chapters": null, "webpage_url": "https://www.youtube.com/watch?v=WYgaFOyASWg", "view_count": 1572, "like_count": 24, "dislike_count": null, "average_rating": 5.0, "formats": [{"format_id": "249", "url": "https://r4---sn-ipoxu-u2x6.googlevideo.com/videoplayback?expire=1613156800&ei=YH0mYPi4BsmTgQOh0oPwDQ&ip=61.230.12.35&id=o-ANMoYlDVMiA6CHzfj8zdbL_dBE1fuCxSL2eG9LuziQ_i&itag=249&source=youtube&requiressl=yes&mh=GC&mm=31%2C29&mn=sn-ipoxu-u2x6%2Csn-un57sn7z&ms=au%2Crdu&mv=m&mvi=4&pl=21&gcr=tw&initcwndbps=910000&vprv=1&mime=audio%2Fwebm&ns=wwhSsGAiNhVL0k2kFBdbD8EF&gir=yes&clen=785707&dur=105.021&lmt=1570009049711670&mt=1613134843&fvip=4&keepalive=yes&c=WEB&txp=2301222&n=bKebRT4Od74D5rJGfD&sparams=expire%2Cei%2Cip%2Cid%2Citag%2Csource%2Crequiressl%2Cgcr%2Cvprv%2Cmime%2Cns%2Cgir%2Cclen%2Cdur%2Clmt&lsparams=mh%2Cmm%2Cmn%2Cms%2Cmv%2Cmvi%2Cpl%2Cinitcwndbps&lsig=AG3C_xAwRQIgbckZMuo6pba_3Cy_C-RluEHnut6bxxOl98uBFdXt1g8CIQC_BiacCN296EvhLymKvZWw6T5qi92poPfe0Hm7fx9TDA%3D%3D&sig=AOq0QJ8wRQIhAP-CkfNKlVgKXS4_2caSdUIM7db6lp-MLJ0FoQbN2U4aAiBso6jGLljBaD33Ii1sXCN4Gg_yyX3SMiGRaTcekqGUaA==&ratebypass=yes", "player_url": "/s/player/490079fb/player_ias.vflset/en_US/base.js", "ext": "webm", "format_note": "tiny", "acodec": "opus", "abr": 50, "asr": 48000, "filesize": 785707, "fps": null, "height": null, "tbr": 64.793, "width": null, "vcodec": "none", "downloader_options": {"http_chunk_size": 10485760}, "format": "249 - audio only (tiny)", "protocol": "https", "http_headers": {"User-Agent": "Mozilla/5.0 (Windows NT 10.0; Win64; x64) AppleWebKit/537.36 (KHTML, like Gecko) Chrome/74.0.3729.96 Safari/537.36", "Accept-Charset": "ISO-8859-1,utf-8;q=0.7,*;q=0.7", "Accept": "text/html,application/xhtml+xml,application/xml;q=0.9,*/*;q=0.8", "Accept-Encoding": "gzip, deflate", "Accept-Language": "en-us,en;q=0.5"}}, {"format_id": "250", "url": "https://r4---sn-ipoxu-u2x6.googlevideo.com/videoplayback?expire=1613156800&ei=YH0mYPi4BsmTgQOh0oPwDQ&ip=61.230.12.35&id=o-ANMoYlDVMiA6CHzfj8zdbL_dBE1fuCxSL2eG9LuziQ_i&itag=250&source=youtube&requiressl=yes&mh=GC&mm=31%2C29&mn=sn-ipoxu-u2x6%2Csn-un57sn7z&ms=au%2Crdu&mv=m&mvi=4&pl=21&gcr=tw&initcwndbps=910000&vprv=1&mime=audio%2Fwebm&ns=wwhSsGAiNhVL0k2kFBdbD8EF&gir=yes&clen=1055335&dur=105.021&lmt=1570009050199360&mt=1613134843&fvip=4&keepalive=yes&c=WEB&txp=2301222&n=bKebRT4Od74D5rJGfD&sparams=expire%2Cei%2Cip%2Cid%2Citag%2Csource%2Crequiressl%2Cgcr%2Cvprv%2Cmime%2Cns%2Cgir%2Cclen%2Cdur%2Clmt&lsparams=mh%2Cmm%2Cmn%2Cms%2Cmv%2Cmvi%2Cpl%2Cinitcwndbps&lsig=AG3C_xAwRgIhAKmkViKcy2ngUnFH5B9bPlDVGBM5dAuCEiESe1uzbX23AiEA5U3N8tOlAHwe7bfcV2blzEovEs-lq2khSJAOB6OLGKA%3D&sig=AOq0QJ8wRQIhAKqFGK0lraH-vCqft1raA2Koquw_pkb1iHE0XeAamXf3AiA40ikkYNev73ne-oSaPpAm6_MXQJlEa7VUE74LnLPomQ==&ratebypass=yes", "player_url": "/s/player/490079fb/player_ias.vflset/en_US/base.js", "ext": "webm", "format_note": "tiny", "acodec": "opus", "abr": 70, "asr": 48000, "filesize": 1055335, "fps": null, "height": null, "tbr": 86.044, "width": null, "vcodec": "none", "downloader_options": {"http_chunk_size": 10485760}, "format": "250 - audio only (tiny)", "protocol": "https", "http_headers": {"User-Agent": "Mozilla/5.0 (Windows NT 10.0; Win64; x64) AppleWebKit/537.36 (KHTML, like Gecko) Chrome/74.0.3729.96 Safari/537.36", "Accept-Charset": "ISO-8859-1,utf-8;q=0.7,*;q=0.7", "Accept": "text/html,application/xhtml+xml,application/xml;q=0.9,*/*;q=0.8", "Accept-Encoding": "gzip, deflate", "Accept-Language": "en-us,en;q=0.5"}}, {"format_id": "140", "url": "https://r4---sn-ipoxu-u2x6.googlevideo.com/videoplayback?expire=1613156800&ei=YH0mYPi4BsmTgQOh0oPwDQ&ip=61.230.12.35&id=o-ANMoYlDVMiA6CHzfj8zdbL_dBE1fuCxSL2eG9LuziQ_i&itag=140&source=youtube&requiressl=yes&mh=GC&mm=31%2C29&mn=sn-ipoxu-u2x6%2Csn-un57sn7z&ms=au%2Crdu&mv=m&mvi=4&pl=21&gcr=tw&initcwndbps=910000&vprv=1&mime=audio%2Fmp4&ns=wwhSsGAiNhVL0k2kFBdbD8EF&gir=yes&clen=1701958&dur=104.999&lmt=1570008114117972&mt=1613134843&fvip=4&keepalive=yes&c=WEB&txp=2311222&n=bKebRT4Od74D5rJGfD&sparams=expire%2Cei%2Cip%2Cid%2Citag%2Csource%2Crequiressl%2Cgcr%2Cvprv%2Cmime%2Cns%2Cgir%2Cclen%2Cdur%2Clmt&lsparams=mh%2Cmm%2Cmn%2Cms%2Cmv%2Cmvi%2Cpl%2Cinitcwndbps&lsig=AG3C_xAwRQIgXNJKbBCu26DWYIXOMIWVA3u8oLBVajBnQK_LRzgul5gCIQCw-OVKNmKc7O64Bqq3kTGZ3IctCjGuPJmKTlNpKaTtoQ%3D%3D&sig=AOq0QJ8wRgIhAK4Y9CEXsDSqfMISDed-fKH-bUyBn-Ipfi4QN2AfvdSVAiEApx4HENzzEhSxu01cb_ARR3Nb307NxQo9Y6Q--4t9PSg=&ratebypass=yes", "player_url": "/s/player/490079fb/player_ias.vflset/en_US/base.js", "ext": "m4a", "format_note": "tiny", "acodec": "mp4a.40.2", "abr": 128, "container": "m4a_dash", "asr": 44100, "filesize": 1701958, "fps": null, "height": null, "tbr": 131.055, "width": null, "vcodec": "none", "downloader_options": {"http_chunk_size": 10485760}, "format": "140 - audio only (tiny)", "protocol": "https", "http_headers": {"User-Agent": "Mozilla/5.0 (Windows NT 10.0; Win64; x64) AppleWebKit/537.36 (KHTML, like Gecko) Chrome/74.0.3729.96 Safari/537.36", "Accept-Charset": "ISO-8859-1,utf-8;q=0.7,*;q=0.7", "Accept": "text/html,application/xhtml+xml,application/xml;q=0.9,*/*;q=0.8", "Accept-Encoding": "gzip, deflate", "Accept-Language": "en-us,en;q=0.5"}}, {"format_id": "251", "url": "https://r4---sn-ipoxu-u2x6.googlevideo.com/videoplayback?expire=1613156800&ei=YH0mYPi4BsmTgQOh0oPwDQ&ip=61.230.12.35&id=o-ANMoYlDVMiA6CHzfj8zdbL_dBE1fuCxSL2eG9LuziQ_i&itag=251&source=youtube&requiressl=yes&mh=GC&mm=31%2C29&mn=sn-ipoxu-u2x6%2Csn-un57sn7z&ms=au%2Crdu&mv=m&mvi=4&pl=21&gcr=tw&initcwndbps=910000&vprv=1&mime=audio%2Fwebm&ns=wwhSsGAiNhVL0k2kFBdbD8EF&gir=yes&clen=2022794&dur=105.021&lmt=1570009049497086&mt=1613134843&fvip=4&keepalive=yes&c=WEB&txp=2301222&n=bKebRT4Od74D5rJGfD&sparams=expire%2Cei%2Cip%2Cid%2Citag%2Csource%2Crequiressl%2Cgcr%2Cvprv%2Cmime%2Cns%2Cgir%2Cclen%2Cdur%2Clmt&lsparams=mh%2Cmm%2Cmn%2Cms%2Cmv%2Cmvi%2Cpl%2Cinitcwndbps&lsig=AG3C_xAwRQIgYVAIrFdKpA-Ic8s0oaKiVOZWOBOJqsj8QO5Nd3QCNzsCIQDQ4zdYjp8uzduGs9H4kwAupdEzBYF4cjy3znRqm0zHkw%3D%3D&sig=AOq0QJ8wRQIhAPhnSDRxSgUzscBPmH9fjhLLAjEFoghrWkcyC_QVYdCVAiBBoXDtQAnW27H_V2SBVvSU5rwC13Gl-slX5ZrtjK_M2g==&ratebypass=yes", "player_url": "/s/player/490079fb/player_ias.vflset/en_US/base.js", "ext": "webm", "format_note": "tiny", "acodec": "opus", "abr": 160, "asr": 48000, "filesize": 2022794, "fps": null, "height": null, "tbr": 161.55, "width": null, "vcodec": "none", "downloader_options": {"http_chunk_size": 10485760}, "format": "251 - audio only (tiny)", "protocol": "https", "http_headers": {"User-Agent": "Mozilla/5.0 (Windows NT 10.0; Win64; x64) AppleWebKit/537.36 (KHTML, like Gecko) Chrome/74.0.3729.96 Safari/537.36", "Accept-Charset": "ISO-8859-1,utf-8;q=0.7,*;q=0.7", "Accept": "text/html,application/xhtml+xml,application/xml;q=0.9,*/*;q=0.8", "Accept-Encoding": "gzip, deflate", "Accept-Language": "en-us,en;q=0.5"}}, {"format_id": "160", "url": "https://r4---sn-ipoxu-u2x6.googlevideo.com/videoplayback?expire=1613156800&ei=YH0mYPi4BsmTgQOh0oPwDQ&ip=61.230.12.35&id=o-ANMoYlDVMiA6CHzfj8zdbL_dBE1fuCxSL2eG9LuziQ_i&itag=160&aitags=133%2C134%2C135%2C136%2C137%2C160%2C242%2C243%2C244%2C247%2C248%2C278&source=youtube&requiressl=yes&mh=GC&mm=31%2C29&mn=sn-ipoxu-u2x6%2Csn-un57sn7z&ms=au%2Crdu&mv=m&mvi=4&pl=21&gcr=tw&initcwndbps=910000&vprv=1&mime=video%2Fmp4&ns=wwhSsGAiNhVL0k2kFBdbD8EF&gir=yes&clen=195013&dur=105.000&lmt=1570008124443186&mt=1613134843&fvip=4&keepalive=yes&c=WEB&txp=2316222&n=bKebRT4Od74D5rJGfD&sparams=expire%2Cei%2Cip%2Cid%2Caitags%2Csource%2Crequiressl%2Cgcr%2Cvprv%2Cmime%2Cns%2Cgir%2Cclen%2Cdur%2Clmt&lsparams=mh%2Cmm%2Cmn%2Cms%2Cmv%2Cmvi%2Cpl%2Cinitcwndbps&lsig=AG3C_xAwRQIgObpRXXH3pmv3hp-jMXhQweLkC0utFY4_OCjQ2JXnYNwCIQDNVL8z9diEGA6pxdkyI9tcJeNdhSTY3qeWHNFJzLx5Bg%3D%3D&sig=AOq0QJ8wRgIhAJBnMn6RFPa-GgRr_P8dxfy_FV1eO-JJY7cTPApM1p0tAiEAqd_d8_A1tkDEUjtLSiuGTwq0OCsaRNIkuigdLEyHAOA=&ratebypass=yes", "player_url": "/s/player/490079fb/player_ias.vflset/en_US/base.js", "ext": "mp4", "height": 144, "format_note": "144p", "vcodec": "avc1.4d400b", "asr": null, "filesize": 195013, "fps": 25, "tbr": 22.32, "width": 144, "acodec": "none", "downloader_options": {"http_chunk_size": 10485760}, "format": "160 - 144x144 (144p)", "protocol": "https", "http_headers": {"User-Agent": "Mozilla/5.0 (Windows NT 10.0; Win64; x64) AppleWebKit/537.36 (KHTML, like Gecko) Chrome/74.0.3729.96 Safari/537.36", "Accept-Charset": "ISO-8859-1,utf-8;q=0.7,*;q=0.7", "Accept": "text/html,application/xhtml+xml,application/xml;q=0.9,*/*;q=0.8", "Accept-Encoding": "gzip, deflate", "Accept-Language": "en-us,en;q=0.5"}}, {"format_id": "278", "url": "https://r4---sn-ipoxu-u2x6.googlevideo.com/videoplayback?expire=1613156800&ei=YH0mYPi4BsmTgQOh0oPwDQ&ip=61.230.12.35&id=o-ANMoYlDVMiA6CHzfj8zdbL_dBE1fuCxSL2eG9LuziQ_i&itag=278&aitags=133%2C134%2C135%2C136%2C137%2C160%2C242%2C243%2C244%2C247%2C248%2C278&source=youtube&requiressl=yes&mh=GC&mm=31%2C29&mn=sn-ipoxu-u2x6%2Csn-un57sn7z&ms=au%2Crdu&mv=m&mvi=4&pl=21&gcr=tw&initcwndbps=910000&vprv=1&mime=video%2Fwebm&ns=wwhSsGAiNhVL0k2kFBdbD8EF&gir=yes&clen=216837&dur=105.000&lmt=1570008125234494&mt=1613134843&fvip=4&keepalive=yes&c=WEB&txp=2316222&n=bKebRT4Od74D5rJGfD&sparams=expire%2Cei%2Cip%2Cid%2Caitags%2Csource%2Crequiressl%2Cgcr%2Cvprv%2Cmime%2Cns%2Cgir%2Cclen%2Cdur%2Clmt&lsparams=mh%2Cmm%2Cmn%2Cms%2Cmv%2Cmvi%2Cpl%2Cinitcwndbps&lsig=AG3C_xAwRAIgH8mfNU3s1GczShgXBzbqybq0fRl-dtuhWYWHIjcbh3kCICXeycEj_7ZdNICXcScFSTj6u2ET0IUl2X3JsGIJebGa&sig=AOq0QJ8wRgIhALfyyb4EZGcwbhKV_xksLn9r6OfEe3Fq1hPNze1W-JqIAiEA0G--MLAUJg6251aIeOvggO74U1SlPZJnGrH_NYGltRY=&ratebypass=yes", "player_url": "/s/player/490079fb/player_ias.vflset/en_US/base.js", "ext": "webm", "height": 144, "format_note": "144p", "container": "webm", "vcodec": "vp9", "asr": null, "filesize": 216837, "fps": 25, "tbr": 24.095, "width": 144, "acodec": "none", "downloader_options": {"http_chunk_size": 10485760}, "format": "278 - 144x144 (144p)", "protocol": "https", "http_headers": {"User-Agent": "Mozilla/5.0 (Windows NT 10.0; Win64; x64) AppleWebKit/537.36 (KHTML, like Gecko) Chrome/74.0.3729.96 Safari/537.36", "Accept-Charset": "ISO-8859-1,utf-8;q=0.7,*;q=0.7", "Accept": "text/html,application/xhtml+xml,application/xml;q=0.9,*/*;q=0.8", "Accept-Encoding": "gzip, deflate", "Accept-Language": "en-us,en;q=0.5"}}, {"format_id": "242", "url": "https://r4---sn-ipoxu-u2x6.googlevideo.com/videoplayback?expire=1613156800&ei=YH0mYPi4BsmTgQOh0oPwDQ&ip=61.230.12.35&id=o-ANMoYlDVMiA6CHzfj8zdbL_dBE1fuCxSL2eG9LuziQ_i&itag=242&aitags=133%2C134%2C135%2C136%2C137%2C160%2C242%2C243%2C244%2C247%2C248%2C278&source=youtube&requiressl=yes&mh=GC&mm=31%2C29&mn=sn-ipoxu-u2x6%2Csn-un57sn7z&ms=au%2Crdu&mv=m&mvi=4&pl=21&gcr=tw&initcwndbps=910000&vprv=1&mime=video%2Fwebm&ns=wwhSsGAiNhVL0k2kFBdbD8EF&gir=yes&clen=312097&dur=105.000&lmt=1570008125256280&mt=1613134843&fvip=4&keepalive=yes&c=WEB&txp=2316222&n=bKebRT4Od74D5rJGfD&sparams=expire%2Cei%2Cip%2Cid%2Caitags%2Csource%2Crequiressl%2Cgcr%2Cvprv%2Cmime%2Cns%2Cgir%2Cclen%2Cdur%2Clmt&lsparams=mh%2Cmm%2Cmn%2Cms%2Cmv%2Cmvi%2Cpl%2Cinitcwndbps&lsig=AG3C_xAwRQIhAKju6MvZBRxqE0nHnpmP4G7KFC-X6KaCkQVvmwAwqkfIAiBQLMBnl1vSKKZQrVc_xV_yOPuAiWmYGIzP8wDQF9OatA%3D%3D&sig=AOq0QJ8wRAIgIyfmaH-9GIE3aNy5jvTfEFSREfI5JRuLE0IS_mH9CGYCIHOoJQwHEKGUvg1vS_GjsTgvwu_02U8Zyp5KKh28jtE-&ratebypass=yes", "player_url": "/s/player/490079fb/player_ias.vflset/en_US/base.js", "ext": "webm", "height": 240, "format_note": "240p", "vcodec": "vp9", "asr": null, "filesize": 312097, "fps": 25, "tbr": 37.32, "width": 240, "acodec": "none", "downloader_options": {"http_chunk_size": 10485760}, "format": "242 - 240x240 (240p)", "protocol": "https", "http_headers": {"User-Agent": "Mozilla/5.0 (Windows NT 10.0; Win64; x64) AppleWebKit/537.36 (KHTML, like Gecko) Chrome/74.0.3729.96 Safari/537.36", "Accept-Charset": "ISO-8859-1,utf-8;q=0.7,*;q=0.7", "Accept": "text/html,application/xhtml+xml,application/xml;q=0.9,*/*;q=0.8", "Accept-Encoding": "gzip, deflate", "Accept-Language": "en-us,en;q=0.5"}}, {"format_id": "133", "url": "https://r4---sn-ipoxu-u2x6.googlevideo.com/videoplayback?expire=1613156800&ei=YH0mYPi4BsmTgQOh0oPwDQ&ip=61.230.12.35&id=o-ANMoYlDVMiA6CHzfj8zdbL_dBE1fuCxSL2eG9LuziQ_i&itag=133&aitags=133%2C134%2C135%2C136%2C137%2C160%2C242%2C243%2C244%2C247%2C248%2C278&source=youtube&requiressl=yes&mh=GC&mm=31%2C29&mn=sn-ipoxu-u2x6%2Csn-un57sn7z&ms=au%2Crdu&mv=m&mvi=4&pl=21&gcr=tw&initcwndbps=910000&vprv=1&mime=video%2Fmp4&ns=wwhSsGAiNhVL0k2kFBdbD8EF&gir=yes&clen=374280&dur=105.000&lmt=1570008124658588&mt=1613134843&fvip=4&keepalive=yes&c=WEB&txp=2316222&n=bKebRT4Od74D5rJGfD&sparams=expire%2Cei%2Cip%2Cid%2Caitags%2Csource%2Crequiressl%2Cgcr%2Cvprv%2Cmime%2Cns%2Cgir%2Cclen%2Cdur%2Clmt&lsparams=mh%2Cmm%2Cmn%2Cms%2Cmv%2Cmvi%2Cpl%2Cinitcwndbps&lsig=AG3C_xAwRgIhAIkinSUE0UiMlOY-QW0VXiW0-G4_YZGmvOUlw66IZNzdAiEAsF-z08N6a2vNtaxzDW19xDZQ7ISx2LE4qmuvYvL7yPE%3D&sig=AOq0QJ8wRQIhANPOWaUGPASS50xZAd5QPFMIXsWEc3jGKgQGTCE3cGktAiB7qjgMhBzahYOvklUpI-cKBc-Z-_-zXeE2UJ_PlsD0Mw==&ratebypass=yes", "player_url": "/s/player/490079fb/player_ias.vflset/en_US/base.js", "ext": "mp4", "height": 240, "format_note": "240p", "vcodec": "avc1.4d400c", "asr": null, "filesize": 374280, "fps": 25, "tbr": 42.28, "width": 240, "acodec": "none", "downloader_options": {"http_chunk_size": 10485760}, "format": "133 - 240x240 (240p)", "protocol": "https", "http_headers": {"User-Agent": "Mozilla/5.0 (Windows NT 10.0; Win64; x64) AppleWebKit/537.36 (KHTML, like Gecko) Chrome/74.0.3729.96 Safari/537.36", "Accept-Charset": "ISO-8859-1,utf-8;q=0.7,*;q=0.7", "Accept": "text/html,application/xhtml+xml,application/xml;q=0.9,*/*;q=0.8", "Accept-Encoding": "gzip, deflate", "Accept-Language": "en-us,en;q=0.5"}}, {"format_id": "243", "url": "https://r4---sn-ipoxu-u2x6.googlevideo.com/videoplayback?expire=1613156800&ei=YH0mYPi4BsmTgQOh0oPwDQ&ip=61.230.12.35&id=o-ANMoYlDVMiA6CHzfj8zdbL_dBE1fuCxSL2eG9LuziQ_i&itag=243&aitags=133%2C134%2C135%2C136%2C137%2C160%2C242%2C243%2C244%2C247%2C248%2C278&source=youtube&requiressl=yes&mh=GC&mm=31%2C29&mn=sn-ipoxu-u2x6%2Csn-un57sn7z&ms=au%2Crdu&mv=m&mvi=4&pl=21&gcr=tw&initcwndbps=910000&vprv=1&mime=video%2Fwebm&ns=wwhSsGAiNhVL0k2kFBdbD8EF&gir=yes&clen=476260&dur=105.000&lmt=1570008125236665&mt=1613134843&fvip=4&keepalive=yes&c=WEB&txp=2316222&n=bKebRT4Od74D5rJGfD&sparams=expire%2Cei%2Cip%2Cid%2Caitags%2Csource%2Crequiressl%2Cgcr%2Cvprv%2Cmime%2Cns%2Cgir%2Cclen%2Cdur%2Clmt&lsparams=mh%2Cmm%2Cmn%2Cms%2Cmv%2Cmvi%2Cpl%2Cinitcwndbps&lsig=AG3C_xAwRQIhAJDF9ZoyHW12l4UOpZT0x2C-1o5ieldUSIpPcYHhJ3ZDAiB1HMReDRQRvzjFkQu4Rz4K0WN5DJUzBMgww-1Rrc_G8w%3D%3D&sig=AOq0QJ8wRQIhALMq47q1bdUk7UZ9nn8nJucgQWCdaJNAUyUepDS8-KhGAiB1VnBF_OnBwSPuKnIogGnP8opbkvsZ22N8bLMe4kzjqA==&ratebypass=yes", "player_url": "/s/player/490079fb/player_ias.vflset/en_US/base.js", "ext": "webm", "height": 360, "format_note": "360p", "vcodec": "vp9", "asr": null, "filesize": 476260, "fps": 25, "tbr": 58.055, "width": 360, "acodec": "none", "downloader_options": {"http_chunk_size": 10485760}, "format": "243 - 360x360 (360p)", "protocol": "https", "http_headers": {"User-Agent": "Mozilla/5.0 (Windows NT 10.0; Win64; x64) AppleWebKit/537.36 (KHTML, like Gecko) Chrome/74.0.3729.96 Safari/537.36", "Accept-Charset": "ISO-8859-1,utf-8;q=0.7,*;q=0.7", "Accept": "text/html,application/xhtml+xml,application/xml;q=0.9,*/*;q=0.8", "Accept-Encoding": "gzip, deflate", "Accept-Language": "en-us,en;q=0.5"}}, {"format_id": "134", "url": "https://r4---sn-ipoxu-u2x6.googlevideo.com/videoplayback?expire=1613156800&ei=YH0mYPi4BsmTgQOh0oPwDQ&ip=61.230.12.35&id=o-ANMoYlDVMiA6CHzfj8zdbL_dBE1fuCxSL2eG9LuziQ_i&itag=134&aitags=133%2C134%2C135%2C136%2C137%2C160%2C242%2C243%2C244%2C247%2C248%2C278&source=youtube&requiressl=yes&mh=GC&mm=31%2C29&mn=sn-ipoxu-u2x6%2Csn-un57sn7z&ms=au%2Crdu&mv=m&mvi=4&pl=21&gcr=tw&initcwndbps=910000&vprv=1&mime=video%2Fmp4&ns=wwhSsGAiNhVL0k2kFBdbD8EF&gir=yes&clen=678144&dur=105.000&lmt=1570008124557287&mt=1613134843&fvip=4&keepalive=yes&c=WEB&txp=2316222&n=bKebRT4Od74D5rJGfD&sparams=expire%2Cei%2Cip%2Cid%2Caitags%2Csource%2Crequiressl%2Cgcr%2Cvprv%2Cmime%2Cns%2Cgir%2Cclen%2Cdur%2Clmt&lsparams=mh%2Cmm%2Cmn%2Cms%2Cmv%2Cmvi%2Cpl%2Cinitcwndbps&lsig=AG3C_xAwRAIgFCYL9asH_2MQrVicaMHZCbJVEr3yXqlpMJ8yKksIJ0sCIAIlS_jtZFdqvWCSqu7ZBQc-Xd4zZkNNurtdcy4l-8Ia&sig=AOq0QJ8wRgIhAMRVfC1vraO2CUOPW6pb-RuqKd78MdS8Ro7G4IAsEaJ6AiEApnmL1n52Zero9rPJtWGcslYSj5uAkRGZlZx0lr4DRQE=&ratebypass=yes", "player_url": "/s/player/490079fb/player_ias.vflset/en_US/base.js", "ext": "mp4", "height": 360, "format_note": "360p", "vcodec": "avc1.4d4015", "asr": null, "filesize": 678144, "fps": 25, "tbr": 78.04, "width": 360, "acodec": "none", "downloader_options": {"http_chunk_size": 10485760}, "format": "134 - 360x360 (360p)", "protocol": "https", "http_headers": {"User-Agent": "Mozilla/5.0 (Windows NT 10.0; Win64; x64) AppleWebKit/537.36 (KHTML, like Gecko) Chrome/74.0.3729.96 Safari/537.36", "Accept-Charset": "ISO-8859-1,utf-8;q=0.7,*;q=0.7", "Accept": "text/html,application/xhtml+xml,application/xml;q=0.9,*/*;q=0.8", "Accept-Encoding": "gzip, deflate", "Accept-Language": "en-us,en;q=0.5"}}, {"format_id": "244", "url": "https://r4---sn-ipoxu-u2x6.googlevideo.com/videoplayback?expire=1613156800&ei=YH0mYPi4BsmTgQOh0oPwDQ&ip=61.230.12.35&id=o-ANMoYlDVMiA6CHzfj8zdbL_dBE1fuCxSL2eG9LuziQ_i&itag=244&aitags=133%2C134%2C135%2C136%2C137%2C160%2C242%2C243%2C244%2C247%2C248%2C278&source=youtube&requiressl=yes&mh=GC&mm=31%2C29&mn=sn-ipoxu-u2x6%2Csn-un57sn7z&ms=au%2Crdu&mv=m&mvi=4&pl=21&gcr=tw&initcwndbps=910000&vprv=1&mime=video%2Fwebm&ns=wwhSsGAiNhVL0k2kFBdbD8EF&gir=yes&clen=714862&dur=105.000&lmt=1570008125248946&mt=1613134843&fvip=4&keepalive=yes&c=WEB&txp=2316222&n=bKebRT4Od74D5rJGfD&sparams=expire%2Cei%2Cip%2Cid%2Caitags%2Csource%2Crequiressl%2Cgcr%2Cvprv%2Cmime%2Cns%2Cgir%2Cclen%2Cdur%2Clmt&lsparams=mh%2Cmm%2Cmn%2Cms%2Cmv%2Cmvi%2Cpl%2Cinitcwndbps&lsig=AG3C_xAwRQIgb_duiSCIT6yNe7a3WSI6yLN92PrFL8uNIq-DL2pTJMICIQDCJ6DLtwTpkqzugDKLBw7Liz9vj_3aCKwy1WxoJ3ziow%3D%3D&sig=AOq0QJ8wRQIgeij_wkADA89YmO6Ddlu36-DvMefUhF4t8PvsMRq3u-8CIQDlh2aD92D04qrTjRjUxkvxUBk-gAulhmFb6tku9hMMIA==&ratebypass=yes", "player_url": "/s/player/490079fb/player_ias.vflset/en_US/base.js", "ext": "webm", "height": 480, "format_note": "480p", "vcodec": "vp9", "asr": null, "filesize": 714862, "fps": 25, "tbr": 88.643, "width": 480, "acodec": "none", "downloader_options": {"http_chunk_size": 10485760}, "format": "244 - 480x480 (480p)", "protocol": "https", "http_headers": {"User-Agent": "Mozilla/5.0 (Windows NT 10.0; Win64; x64) AppleWebKit/537.36 (KHTML, like Gecko) Chrome/74.0.3729.96 Safari/537.36", "Accept-Charset": "ISO-8859-1,utf-8;q=0.7,*;q=0.7", "Accept": "text/html,application/xhtml+xml,application/xml;q=0.9,*/*;q=0.8", "Accept-Encoding": "gzip, deflate", "Accept-Language": "en-us,en;q=0.5"}}, {"format_id": "135", "url": "https://r4---sn-ipoxu-u2x6.googlevideo.com/videoplayback?expire=1613156800&ei=YH0mYPi4BsmTgQOh0oPwDQ&ip=61.230.12.35&id=o-ANMoYlDVMiA6CHzfj8zdbL_dBE1fuCxSL2eG9LuziQ_i&itag=135&aitags=133%2C134%2C135%2C136%2C137%2C160%2C242%2C243%2C244%2C247%2C248%2C278&source=youtube&requiressl=yes&mh=GC&mm=31%2C29&mn=sn-ipoxu-u2x6%2Csn-un57sn7z&ms=au%2Crdu&mv=m&mvi=4&pl=21&gcr=tw&initcwndbps=910000&vprv=1&mime=video%2Fmp4&ns=wwhSsGAiNhVL0k2kFBdbD8EF&gir=yes&clen=1263046&dur=105.000&lmt=1570008124461108&mt=1613134843&fvip=4&keepalive=yes&c=WEB&txp=2316222&n=bKebRT4Od74D5rJGfD&sparams=expire%2Cei%2Cip%2Cid%2Caitags%2Csource%2Crequiressl%2Cgcr%2Cvprv%2Cmime%2Cns%2Cgir%2Cclen%2Cdur%2Clmt&lsparams=mh%2Cmm%2Cmn%2Cms%2Cmv%2Cmvi%2Cpl%2Cinitcwndbps&lsig=AG3C_xAwRgIhAMJNid4mUlyYsYFw5kDP8XWBd9OpCnoM1IoJZZRwtQgnAiEAvO_CftKvmtp1yeAVqWWgW3vL0HlrZ83xBybHJIxJq-o%3D&sig=AOq0QJ8wRgIhALZG09jAXMb1tX-0_lmyOT__QYypWkaJ0klTGgYwjtOAAiEAwhAWKGg1jb0SovsifkopLOgMTliyKUtGf172iVnHnXc=&ratebypass=yes", "player_url": "/s/player/490079fb/player_ias.vflset/en_US/base.js", "ext": "mp4", "height": 480, "format_note": "480p", "vcodec": "avc1.4d401e", "asr": null, "filesize": 1263046, "fps": 25, "tbr": 162.541, "width": 480, "acodec": "none", "downloader_options": {"http_chunk_size": 10485760}, "format": "135 - 480x480 (480p)", "protocol": "https", "http_headers": {"User-Agent": "Mozilla/5.0 (Windows NT 10.0; Win64; x64) AppleWebKit/537.36 (KHTML, like Gecko) Chrome/74.0.3729.96 Safari/537.36", "Accept-Charset": "ISO-8859-1,utf-8;q=0.7,*;q=0.7", "Accept": "text/html,application/xhtml+xml,application/xml;q=0.9,*/*;q=0.8", "Accept-Encoding": "gzip, deflate", "Accept-Language": "en-us,en;q=0.5"}}, {"format_id": "247", "url": "https://r4---sn-ipoxu-u2x6.googlevideo.com/videoplayback?expire=1613156800&ei=YH0mYPi4BsmTgQOh0oPwDQ&ip=61.230.12.35&id=o-ANMoYlDVMiA6CHzfj8zdbL_dBE1fuCxSL2eG9LuziQ_i&itag=247&aitags=133%2C134%2C135%2C136%2C137%2C160%2C242%2C243%2C244%2C247%2C248%2C278&source=youtube&requiressl=yes&mh=GC&mm=31%2C29&mn=sn-ipoxu-u2x6%2Csn-un57sn7z&ms=au%2Crdu&mv=m&mvi=4&pl=21&gcr=tw&initcwndbps=910000&vprv=1&mime=video%2Fwebm&ns=wwhSsGAiNhVL0k2kFBdbD8EF&gir=yes&clen=1354739&dur=105.000&lmt=1570008125395215&mt=1613134843&fvip=4&keepalive=yes&c=WEB&txp=2316222&n=bKebRT4Od74D5rJGfD&sparams=expire%2Cei%2Cip%2Cid%2Caitags%2Csource%2Crequiressl%2Cgcr%2Cvprv%2Cmime%2Cns%2Cgir%2Cclen%2Cdur%2Clmt&lsparams=mh%2Cmm%2Cmn%2Cms%2Cmv%2Cmvi%2Cpl%2Cinitcwndbps&lsig=AG3C_xAwRgIhAKqInXP7MT5dDZOYHlvw-6cIHl6D_LF-F_ygwM-aqtW_AiEA2bDGy6_7r_yKx2AxYK0Un4OzBMZa7gL7-No1MHbAgkk%3D&sig=AOq0QJ8wRQIgfIrnu0Jmg8BzueRJqV7JNAfVs92Q2XXO4-eyckBTgWsCIQDtgcTL2z3kZm5bVTZRQQNUENtK-v4FT9m4w4GzYviwhg==&ratebypass=yes", "player_url": "/s/player/490079fb/player_ias.vflset/en_US/base.js", "ext": "webm", "height": 720, "format_note": "720p", "vcodec": "vp9", "asr": null, "filesize": 1354739, "fps": 25, "tbr": 185.926, "width": 720, "acodec": "none", "downloader_options": {"http_chunk_size": 10485760}, "format": "247 - 720x720 (720p)", "protocol": "https", "http_headers": {"User-Agent": "Mozilla/5.0 (Windows NT 10.0; Win64; x64) AppleWebKit/537.36 (KHTML, like Gecko) Chrome/74.0.3729.96 Safari/537.36", "Accept-Charset": "ISO-8859-1,utf-8;q=0.7,*;q=0.7", "Accept": "text/html,application/xhtml+xml,application/xml;q=0.9,*/*;q=0.8", "Accept-Encoding": "gzip, deflate", "Accept-Language": "en-us,en;q=0.5"}}, {"format_id": "136", "url": "https://r4---sn-ipoxu-u2x6.googlevideo.com/videoplayback?expire=1613156800&ei=YH0mYPi4BsmTgQOh0oPwDQ&ip=61.230.12.35&id=o-ANMoYlDVMiA6CHzfj8zdbL_dBE1fuCxSL2eG9LuziQ_i&itag=136&aitags=133%2C134%2C135%2C136%2C137%2C160%2C242%2C243%2C244%2C247%2C248%2C278&source=youtube&requiressl=yes&mh=GC&mm=31%2C29&mn=sn-ipoxu-u2x6%2Csn-un57sn7z&ms=au%2Crdu&mv=m&mvi=4&pl=21&gcr=tw&initcwndbps=910000&vprv=1&mime=video%2Fmp4&ns=wwhSsGAiNhVL0k2kFBdbD8EF&gir=yes&clen=2821198&dur=105.000&lmt=1570008124558445&mt=1613134843&fvip=4&keepalive=yes&c=WEB&txp=2316222&n=bKebRT4Od74D5rJGfD&sparams=expire%2Cei%2Cip%2Cid%2Caitags%2Csource%2Crequiressl%2Cgcr%2Cvprv%2Cmime%2Cns%2Cgir%2Cclen%2Cdur%2Clmt&lsparams=mh%2Cmm%2Cmn%2Cms%2Cmv%2Cmvi%2Cpl%2Cinitcwndbps&lsig=AG3C_xAwRQIhAMrMSOUHkJCW5MNGKS7f7ACd3SMYDEAH8NNwg9iAFjwNAiBMmo2xbhvJMvHgmtPY9QDgLBxbrML7Sez5lECyRZnv3A%3D%3D&sig=AOq0QJ8wRgIhAO2S6lbNJu97FDxFm1F9z9aMxMubxv9H_KWzEh2v4D_AAiEAorZVvVP-zNlNB0mA6BrFE0FfOWLMZnW9SH-aneZo4BU=&ratebypass=yes", "player_url": "/s/player/490079fb/player_ias.vflset/en_US/base.js", "ext": "mp4", "height": 720, "format_note": "720p", "vcodec": "avc1.4d401f", "asr": null, "filesize": 2821198, "fps": 25, "tbr": 369.778, "width": 720, "acodec": "none", "downloader_options": {"http_chunk_size": 10485760}, "format": "136 - 720x720 (720p)", "protocol": "https", "http_headers": {"User-Agent": "Mozilla/5.0 (Windows NT 10.0; Win64; x64) AppleWebKit/537.36 (KHTML, like Gecko) Chrome/74.0.3729.96 Safari/537.36", "Accept-Charset": "ISO-8859-1,utf-8;q=0.7,*;q=0.7", "Accept": "text/html,application/xhtml+xml,application/xml;q=0.9,*/*;q=0.8", "Accept-Encoding": "gzip, deflate", "Accept-Language": "en-us,en;q=0.5"}}, {"format_id": "248", "url": "https://r4---sn-ipoxu-u2x6.googlevideo.com/videoplayback?expire=1613156800&ei=YH0mYPi4BsmTgQOh0oPwDQ&ip=61.230.12.35&id=o-ANMoYlDVMiA6CHzfj8zdbL_dBE1fuCxSL2eG9LuziQ_i&itag=248&aitags=133%2C134%2C135%2C136%2C137%2C160%2C242%2C243%2C244%2C247%2C248%2C278&source=youtube&requiressl=yes&mh=GC&mm=31%2C29&mn=sn-ipoxu-u2x6%2Csn-un57sn7z&ms=au%2Crdu&mv=m&mvi=4&pl=21&gcr=tw&initcwndbps=910000&vprv=1&mime=video%2Fwebm&ns=wwhSsGAiNhVL0k2kFBdbD8EF&gir=yes&clen=3913784&dur=105.000&lmt=1570008125396320&mt=1613134843&fvip=4&keepalive=yes&c=WEB&txp=2316222&n=bKebRT4Od74D5rJGfD&sparams=expire%2Cei%2Cip%2Cid%2Caitags%2Csource%2Crequiressl%2Cgcr%2Cvprv%2Cmime%2Cns%2Cgir%2Cclen%2Cdur%2Clmt&lsparams=mh%2Cmm%2Cmn%2Cms%2Cmv%2Cmvi%2Cpl%2Cinitcwndbps&lsig=AG3C_xAwRQIgL1j1EvEKdiR--y5VunFSOADQnQPP4yKdDu3Aqo1V-OICIQDLeUJxhgCx2APFeO4l0eLRZVyE6cQeJfihn93ZFaaDpA%3D%3D&sig=AOq0QJ8wRAIgLoXvVzs9IK9o4HnMcJy8lYfojfM55kWFW4HzLqsu1HYCIHWyydrOjcVzHFFjpDi8u2E5-qwJGIGTzxdfWp9vLSaA&ratebypass=yes", "player_url": "/s/player/490079fb/player_ias.vflset/en_US/base.js", "ext": "webm", "height": 1080, "format_note": "1080p", "vcodec": "vp9", "asr": null, "filesize": 3913784, "fps": 25, "tbr": 499.781, "width": 1080, "acodec": "none", "downloader_options": {"http_chunk_size": 10485760}, "format": "248 - 1080x1080 (1080p)", "protocol": "https", "http_headers": {"User-Agent": "Mozilla/5.0 (Windows NT 10.0; Win64; x64) AppleWebKit/537.36 (KHTML, like Gecko) Chrome/74.0.3729.96 Safari/537.36", "Accept-Charset": "ISO-8859-1,utf-8;q=0.7,*;q=0.7", "Accept": "text/html,application/xhtml+xml,application/xml;q=0.9,*/*;q=0.8", "Accept-Encoding": "gzip, deflate", "Accept-Language": "en-us,en;q=0.5"}}, {"format_id": "137", "url": "https://r4---sn-ipoxu-u2x6.googlevideo.com/videoplayback?expire=1613156800&ei=YH0mYPi4BsmTgQOh0oPwDQ&ip=61.230.12.35&id=o-ANMoYlDVMiA6CHzfj8zdbL_dBE1fuCxSL2eG9LuziQ_i&itag=137&aitags=133%2C134%2C135%2C136%2C137%2C160%2C242%2C243%2C244%2C247%2C248%2C278&source=youtube&requiressl=yes&mh=GC&mm=31%2C29&mn=sn-ipoxu-u2x6%2Csn-un57sn7z&ms=au%2Crdu&mv=m&mvi=4&pl=21&gcr=tw&initcwndbps=910000&vprv=1&mime=video%2Fmp4&ns=wwhSsGAiNhVL0k2kFBdbD8EF&gir=yes&clen=5847051&dur=105.000&lmt=1570008124655603&mt=1613134843&fvip=4&keepalive=yes&c=WEB&txp=2316222&n=bKebRT4Od74D5rJGfD&sparams=expire%2Cei%2Cip%2Cid%2Caitags%2Csource%2Crequiressl%2Cgcr%2Cvprv%2Cmime%2Cns%2Cgir%2Cclen%2Cdur%2Clmt&lsparams=mh%2Cmm%2Cmn%2Cms%2Cmv%2Cmvi%2Cpl%2Cinitcwndbps&lsig=AG3C_xAwRAIgMS_ve30vKpUd4hvrKFYkWJH2XZR8MOj7OqYjF9f57pACIAFd3LInSyrtujwteRNLLTYIAoHFKIzMDxXQOeNa4TTH&sig=AOq0QJ8wRQIhAI6Auu8ghlMCMfShtl-XOPOFs4JhpJ8L_rB3xLcwJnoHAiB5ab8cZnknHwE_4cuaADbuAi_z2PynOWy_PgHDlYCvcg==&ratebypass=yes", "player_url": "/s/player/490079fb/player_ias.vflset/en_US/base.js", "ext": "mp4", "height": 1080, "format_note": "1080p", "vcodec": "avc1.640020", "asr": null, "filesize": 5847051, "fps": 25, "tbr": 846.363, "width": 1080, "acodec": "none", "downloader_options": {"http_chunk_size": 10485760}, "format": "137 - 1080x1080 (1080p)", "protocol": "https", "http_headers": {"User-Agent": "Mozilla/5.0 (Windows NT 10.0; Win64; x64) AppleWebKit/537.36 (KHTML, like Gecko) Chrome/74.0.3729.96 Safari/537.36", "Accept-Charset": "ISO-8859-1,utf-8;q=0.7,*;q=0.7", "Accept": "text/html,application/xhtml+xml,application/xml;q=0.9,*/*;q=0.8", "Accept-Encoding": "gzip, deflate", "Accept-Language": "en-us,en;q=0.5"}}, {"format_id": "18", "url": "https://r4---sn-ipoxu-u2x6.googlevideo.com/videoplayback?expire=1613156800&ei=YH0mYPi4BsmTgQOh0oPwDQ&ip=61.230.12.35&id=o-ANMoYlDVMiA6CHzfj8zdbL_dBE1fuCxSL2eG9LuziQ_i&itag=18&source=youtube&requiressl=yes&mh=GC&mm=31%2C29&mn=sn-ipoxu-u2x6%2Csn-un57sn7z&ms=au%2Crdu&mv=m&mvi=4&pl=21&gcr=tw&initcwndbps=910000&vprv=1&mime=video%2Fmp4&ns=39aKlHx2VMaLdOuJeePo3s4F&gir=yes&clen=2061118&ratebypass=yes&dur=105.047&lmt=1570008117713852&mt=1613134843&fvip=4&c=WEB&txp=2316222&n=NqXNpMXO99Dxy6Di2h&sparams=expire%2Cei%2Cip%2Cid%2Citag%2Csource%2Crequiressl%2Cgcr%2Cvprv%2Cmime%2Cns%2Cgir%2Cclen%2Cratebypass%2Cdur%2Clmt&lsparams=mh%2Cmm%2Cmn%2Cms%2Cmv%2Cmvi%2Cpl%2Cinitcwndbps&lsig=AG3C_xAwRAIgD8Uf-byc7DEaB-pdGBkcAfbifTIk8yIk_0vrPny8MWcCICesre3n4KtUviM_YtZFMvNy_y9dphocxmt3MIrtzSSF&sig=AOq0QJ8wRgIhAOr0_bbe0mNATTc3mLtUicaxsVt5VuS5Bz88XwuLvxriAiEAvmTlDRoHbGC0bgXplSqrovPDVb4RkqxVft9qmbeT78Y=", "player_url": "/s/player/490079fb/player_ias.vflset/en_US/base.js", "ext": "mp4", "width": 360, "height": 360, "acodec": "mp4a.40.2", "abr": 96, "vcodec": "avc1.42001E", "asr": 44100, "filesize": 2061118, "format_note": "360p", "fps": 25, "tbr": 157.037, "format": "18 - 360x360 (360p)", "protocol": "https", "http_headers": {"User-Agent": "Mozilla/5.0 (Windows NT 10.0; Win64; x64) AppleWebKit/537.36 (KHTML, like Gecko) Chrome/74.0.3729.96 Safari/537.36", "Accept-Charset": "ISO-8859-1,utf-8;q=0.7,*;q=0.7", "Accept": "text/html,application/xhtml+xml,application/xml;q=0.9,*/*;q=0.8", "Accept-Encoding": "gzip, deflate", "Accept-Language": "en-us,en;q=0.5"}}], "is_live": null, "start_time": null, "end_time": null, "series": null, "season_number": null, "episode_number": null, "track": "Morgensol", "artist": "Bolethe Kristensen", "album": "Morgensol", "release_date": "20190927", "release_year": 2019, "extractor": "youtube", "webpage_url_basename": "watch", "extractor_key": "Youtube", "playlist": null, "playlist_index": null, "thumbnail": "https://i.ytimg.com/vi_webp/WYgaFOyASWg/maxresdefault.webp", "display_id": "WYgaFOyASWg", "requested_subtitles": null, "format_id": "251", "url": "https://r4---sn-ipoxu-u2x6.googlevideo.com/videoplayback?expire=1613156800&ei=YH0mYPi4BsmTgQOh0oPwDQ&ip=61.230.12.35&id=o-ANMoYlDVMiA6CHzfj8zdbL_dBE1fuCxSL2eG9LuziQ_i&itag=251&source=youtube&requiressl=yes&mh=GC&mm=31%2C29&mn=sn-ipoxu-u2x6%2Csn-un57sn7z&ms=au%2Crdu&mv=m&mvi=4&pl=21&gcr=tw&initcwndbps=910000&vprv=1&mime=audio%2Fwebm&ns=wwhSsGAiNhVL0k2kFBdbD8EF&gir=yes&clen=2022794&dur=105.021&lmt=1570009049497086&mt=1613134843&fvip=4&keepalive=yes&c=WEB&txp=2301222&n=bKebRT4Od74D5rJGfD&sparams=expire%2Cei%2Cip%2Cid%2Citag%2Csource%2Crequiressl%2Cgcr%2Cvprv%2Cmime%2Cns%2Cgir%2Cclen%2Cdur%2Clmt&lsparams=mh%2Cmm%2Cmn%2Cms%2Cmv%2Cmvi%2Cpl%2Cinitcwndbps&lsig=AG3C_xAwRQIgYVAIrFdKpA-Ic8s0oaKiVOZWOBOJqsj8QO5Nd3QCNzsCIQDQ4zdYjp8uzduGs9H4kwAupdEzBYF4cjy3znRqm0zHkw%3D%3D&sig=AOq0QJ8wRQIhAPhnSDRxSgUzscBPmH9fjhLLAjEFoghrWkcyC_QVYdCVAiBBoXDtQAnW27H_V2SBVvSU5rwC13Gl-slX5ZrtjK_M2g==&ratebypass=yes", "player_url": "/s/player/490079fb/player_ias.vflset/en_US/base.js", "ext": "webm", "format_note": "tiny", "acodec": "opus", "abr": 160, "asr": 48000, "filesize": 2022794, "fps": null, "height": null, "tbr": 161.55, "width": null, "vcodec": "none", "downloader_options": {"http_chunk_size": 10485760}, "format": "251 - audio only (tiny)", "protocol": "https", "http_headers": {"User-Agent": "Mozilla/5.0 (Windows NT 10.0; Win64; x64) AppleWebKit/537.36 (KHTML, like Gecko) Chrome/74.0.3729.96 Safari/537.36", "Accept-Charset": "ISO-8859-1,utf-8;q=0.7,*;q=0.7", "Accept": "text/html,application/xhtml+xml,application/xml;q=0.9,*/*;q=0.8", "Accept-Encoding": "gzip, deflate", "Accept-Language": "en-us,en;q=0.5"}}