{"id": "Wy2-my19YnY", "uploader": "Francesco Parrino", "uploader_id": "FrancescoParrino", "uploader_url": "http://www.youtube.com/user/FrancescoParrino", "channel_id": "UCQ8THdZnqPVoLN9zuT-pjBg", "channel_url": "http://www.youtube.com/channel/UCQ8THdZnqPVoLN9zuT-pjBg", "upload_date": "20190330", "license": null, "creator": null, "title": "Marshmello feat. Bastille - Happier | Piano Cover + Sheet Music", "alt_title": null, "thumbnails": [{"url": "https://i.ytimg.com/vi/Wy2-my19YnY/hqdefault.jpg?sqp=-oaymwEbCKgBEF5IVfKriqkDDggBFQAAiEIYAXABwAEG&rs=AOn4CLBn5fUeK9W879Id7JAAlFpuS_l1_A", "width": 168, "height": 94, "resolution": "168x94", "id": "0"}, {"url": "https://i.ytimg.com/vi/Wy2-my19YnY/hqdefault.jpg?sqp=-oaymwEbCMQBEG5IVfKriqkDDggBFQAAiEIYAXABwAEG&rs=AOn4CLBHC67hMxQyc0vUdlIEmR9ukSMiQw", "width": 196, "height": 110, "resolution": "196x110", "id": "1"}, {"url": "https://i.ytimg.com/vi/Wy2-my19YnY/hqdefault.jpg?sqp=-oaymwEcCPYBEIoBSFXyq4qpAw4IARUAAIhCGAFwAcABBg==&rs=AOn4CLAp_pr9aQVMc89UuaWMV2l2dbXUDA", "width": 246, "height": 138, "resolution": "246x138", "id": "2"}, {"url": "https://i.ytimg.com/vi/Wy2-my19YnY/hqdefault.jpg?sqp=-oaymwEcCNACELwBSFXyq4qpAw4IARUAAIhCGAFwAcABBg==&rs=AOn4CLDHdS-8SbPO2OEBch47URxFhRsSHQ", "width": 336, "height": 188, "resolution": "336x188", "id": "3"}, {"url": "https://i.ytimg.com/vi_webp/Wy2-my19YnY/maxresdefault.webp", "width": 1920, "height": 1080, "resolution": "1920x1080", "id": "4"}], "description": "\u266b SHEET MUSIC is Available Here: http://bit.ly/FPM_Happier\n\ud83d\udc4d Thumbs up, SUBSCRIBE and click the \ud83d\udd14 for more contents: https://bit.ly/FPSubscribe\n\ud83c\udfb9 Want to learn the piano? This is the app for you! https://bit.ly/FPM_Skoove\n\nSo many requests for this one, here is Happier!\n\n\u25cf Check my TUTORIAL of this arrangement here: https://youtu.be/dP-a9RV5Nyo\n\nThis song is available on:\n\ud83c\udfa7 Spotify: https://bit.ly/FPM_TC6_S \n\ud83c\udfa7 iTunes: https://bit.ly/FPM_TC6_iTAM \n\ud83c\udfa7 Amazon Music: https://bit.ly/FPM_TC6_AM\n\ud83c\udfa7 Deezer: https://bit.ly/FPM_TC6_D\n\ud83c\udfa7 Youtube Music: https://bit.ly/FPM_TC6_YM\n\n\u25cf TUTORIALS, Extras, Bloopers, Live: http://bit.ly/FPM_TutorialsExtras\n\u25cf All my SCORES: http://bit.ly/FPM_SheetMusic\n\u25cf Full Discography: http://bit.ly/FPM_Discography\n\u25cf Website: http://bit.ly/FrancescoParrinoMusic\n\u25cf MIDI files: http://bit.ly/FPM_Media\n\u25cf Check my new Classical Channel: https://bit.ly/FPM_ClassicalSub\n\n\u25cf Let's connect on Facebook: http://bit.ly/FPM-Facebook\n\u25cf Or Instagram: http://bit.ly/FPM-Instagram\n\n#Marshmello #Happier #SheetMusic", "categories": ["Music"], "tags": ["Marshmello", "Bastille", "Happier", "Piano", "Cover", "Francesco Parrino", "Sheet Music", "Score", "MIDI", "Instrumental", "Arrangement"], "subtitles": {}, "automatic_captions": {}, "duration": 208, "age_limit": 0, "annotations": null, "chapters": null, "webpage_url": "https://www.youtube.com/watch?v=Wy2-my19YnY", "view_count": 94435, "like_count": 3514, "dislike_count": 51, "average_rating": 4.9427772, "formats": [{"format_id": "249", "url": "https://r6---sn-5njj-u2xe.googlevideo.com/videoplayback?expire=1612167730&ei=0mUXYIjbFIqvqQHSy6boBg&ip=140.109.135.76&id=o-AOuUpJq3SzHPioiNhWCbB_SDVFszwQOqjc4Nat1hKw5e&itag=249&source=youtube&requiressl=yes&mh=Gp&mm=31%2C29&mn=sn-5njj-u2xe%2Csn-un57en7l&ms=au%2Crdu&mv=m&mvi=6&pl=16&initcwndbps=337500&vprv=1&mime=audio%2Fwebm&ns=NsqwEExImHjLLMECWJrUShIF&gir=yes&clen=1522972&dur=207.741&lmt=1553948576152594&mt=1612145803&fvip=6&keepalive=yes&c=WEB&txp=5511222&n=kKDeMzls3IXcGbjWo&sparams=expire%2Cei%2Cip%2Cid%2Citag%2Csource%2Crequiressl%2Cvprv%2Cmime%2Cns%2Cgir%2Cclen%2Cdur%2Clmt&lsparams=mh%2Cmm%2Cmn%2Cms%2Cmv%2Cmvi%2Cpl%2Cinitcwndbps&lsig=AG3C_xAwRQIgeJHuFEP5U79ClLftp_VRGwBx8ibCJumqTrn1o0ogNSICIQC8Wl0YGnuHqngfwIuGXmggOmLsIvP8SC4qtKp0YMIqqg%3D%3D&sig=AOq0QJ8wRAIgNOSOIgUYbVhEDyPeemiaL_0aYNVIFAM3zYyZjIMkfwoCIEmXNigvX2ZhUJwtf1l5mQEhst1bkgQX_G2fWG_dYdNY&ratebypass=yes", "player_url": "/s/player/7bc032d0/player_ias.vflset/en_US/base.js", "ext": "webm", "format_note": "tiny", "acodec": "opus", "abr": 50, "asr": 48000, "filesize": 1522972, "fps": null, "height": null, "tbr": 66.364, "width": null, "vcodec": "none", "downloader_options": {"http_chunk_size": 10485760}, "format": "249 - audio only (tiny)", "protocol": "https", "http_headers": {"User-Agent": "Mozilla/5.0 (Windows NT 10.0; Win64; x64) AppleWebKit/537.36 (KHTML, like Gecko) Chrome/70.0.3538.79 Safari/537.36", "Accept-Charset": "ISO-8859-1,utf-8;q=0.7,*;q=0.7", "Accept": "text/html,application/xhtml+xml,application/xml;q=0.9,*/*;q=0.8", "Accept-Encoding": "gzip, deflate", "Accept-Language": "en-us,en;q=0.5"}}, {"format_id": "250", "url": "https://r6---sn-5njj-u2xe.googlevideo.com/videoplayback?expire=1612167730&ei=0mUXYIjbFIqvqQHSy6boBg&ip=140.109.135.76&id=o-AOuUpJq3SzHPioiNhWCbB_SDVFszwQOqjc4Nat1hKw5e&itag=250&source=youtube&requiressl=yes&mh=Gp&mm=31%2C29&mn=sn-5njj-u2xe%2Csn-un57en7l&ms=au%2Crdu&mv=m&mvi=6&pl=16&initcwndbps=337500&vprv=1&mime=audio%2Fwebm&ns=NsqwEExImHjLLMECWJrUShIF&gir=yes&clen=2035304&dur=207.741&lmt=1553948576459837&mt=1612145803&fvip=6&keepalive=yes&c=WEB&txp=5511222&n=kKDeMzls3IXcGbjWo&sparams=expire%2Cei%2Cip%2Cid%2Citag%2Csource%2Crequiressl%2Cvprv%2Cmime%2Cns%2Cgir%2Cclen%2Cdur%2Clmt&lsparams=mh%2Cmm%2Cmn%2Cms%2Cmv%2Cmvi%2Cpl%2Cinitcwndbps&lsig=AG3C_xAwRAIgM37Jh3PezVNByOoPmPggFu3AQE69dDdUX3DXqnxoX74CICvNeK9AYPDaTL50OuC66eu9zTP_xObe_ULOg_yUqQTr&sig=AOq0QJ8wRQIhAJ0sp2kE3K0FkyQG4ySczQ0NFknic2pw87ZyTQjUiSRGAiBwyLeqllu5lYGJ9v4_JI5e0uh0g5Hc1baRHUzGcrh3LA==&ratebypass=yes", "player_url": "/s/player/7bc032d0/player_ias.vflset/en_US/base.js", "ext": "webm", "format_note": "tiny", "acodec": "opus", "abr": 70, "asr": 48000, "filesize": 2035304, "fps": null, "height": null, "tbr": 87.476, "width": null, "vcodec": "none", "downloader_options": {"http_chunk_size": 10485760}, "format": "250 - audio only (tiny)", "protocol": "https", "http_headers": {"User-Agent": "Mozilla/5.0 (Windows NT 10.0; Win64; x64) AppleWebKit/537.36 (KHTML, like Gecko) Chrome/70.0.3538.79 Safari/537.36", "Accept-Charset": "ISO-8859-1,utf-8;q=0.7,*;q=0.7", "Accept": "text/html,application/xhtml+xml,application/xml;q=0.9,*/*;q=0.8", "Accept-Encoding": "gzip, deflate", "Accept-Language": "en-us,en;q=0.5"}}, {"format_id": "140", "url": "https://r6---sn-5njj-u2xe.googlevideo.com/videoplayback?expire=1612167730&ei=0mUXYIjbFIqvqQHSy6boBg&ip=140.109.135.76&id=o-AOuUpJq3SzHPioiNhWCbB_SDVFszwQOqjc4Nat1hKw5e&itag=140&source=youtube&requiressl=yes&mh=Gp&mm=31%2C29&mn=sn-5njj-u2xe%2Csn-un57en7l&ms=au%2Crdu&mv=m&mvi=6&pl=16&initcwndbps=337500&vprv=1&mime=audio%2Fmp4&ns=NsqwEExImHjLLMECWJrUShIF&gir=yes&clen=3363270&dur=207.772&lmt=1553947811976598&mt=1612145803&fvip=6&keepalive=yes&c=WEB&txp=5531432&n=kKDeMzls3IXcGbjWo&sparams=expire%2Cei%2Cip%2Cid%2Citag%2Csource%2Crequiressl%2Cvprv%2Cmime%2Cns%2Cgir%2Cclen%2Cdur%2Clmt&lsparams=mh%2Cmm%2Cmn%2Cms%2Cmv%2Cmvi%2Cpl%2Cinitcwndbps&lsig=AG3C_xAwRAIgBdn9ebMYPN-n6PNXKFTqQ0B4m22N_sOfdqRi-A-i8qgCIDWPRcdMOjDvBvzYfHv9rd1Vp0RlCKyDcMgKmR2VQtvL&sig=AOq0QJ8wRQIhAJ414OwGkpDMj1dLI-P1GSS57pi59118DtunRnqOpNGvAiANh8M2igyqtpLJvrWjF31UgE8GBO6U6uug00peox2VUQ==&ratebypass=yes", "player_url": "/s/player/7bc032d0/player_ias.vflset/en_US/base.js", "ext": "m4a", "format_note": "tiny", "acodec": "mp4a.40.2", "abr": 128, "container": "m4a_dash", "asr": 44100, "filesize": 3363270, "fps": null, "height": null, "tbr": 130.544, "width": null, "vcodec": "none", "downloader_options": {"http_chunk_size": 10485760}, "format": "140 - audio only (tiny)", "protocol": "https", "http_headers": {"User-Agent": "Mozilla/5.0 (Windows NT 10.0; Win64; x64) AppleWebKit/537.36 (KHTML, like Gecko) Chrome/70.0.3538.79 Safari/537.36", "Accept-Charset": "ISO-8859-1,utf-8;q=0.7,*;q=0.7", "Accept": "text/html,application/xhtml+xml,application/xml;q=0.9,*/*;q=0.8", "Accept-Encoding": "gzip, deflate", "Accept-Language": "en-us,en;q=0.5"}}, {"format_id": "251", "url": "https://r6---sn-5njj-u2xe.googlevideo.com/videoplayback?expire=1612167730&ei=0mUXYIjbFIqvqQHSy6boBg&ip=140.109.135.76&id=o-AOuUpJq3SzHPioiNhWCbB_SDVFszwQOqjc4Nat1hKw5e&itag=251&source=youtube&requiressl=yes&mh=Gp&mm=31%2C29&mn=sn-5njj-u2xe%2Csn-un57en7l&ms=au%2Crdu&mv=m&mvi=6&pl=16&initcwndbps=337500&vprv=1&mime=audio%2Fwebm&ns=NsqwEExImHjLLMECWJrUShIF&gir=yes&clen=3914329&dur=207.741&lmt=1553948576470667&mt=1612145803&fvip=6&keepalive=yes&c=WEB&txp=5511222&n=kKDeMzls3IXcGbjWo&sparams=expire%2Cei%2Cip%2Cid%2Citag%2Csource%2Crequiressl%2Cvprv%2Cmime%2Cns%2Cgir%2Cclen%2Cdur%2Clmt&lsparams=mh%2Cmm%2Cmn%2Cms%2Cmv%2Cmvi%2Cpl%2Cinitcwndbps&lsig=AG3C_xAwRQIgHAPy5U7fzse1xS_8exNYRWmmUI9zQHxn1-ZZxA03EW0CIQD_qV1TCYPlLORYKcVU-D7Yrj8x0ZU_vt5Wsh4ixTzGpQ%3D%3D&sig=AOq0QJ8wRAIgP7AX6aQ02GSKiU6h9OaZPt_Gf5q3Zx8wrIpHzn2VnjoCIACarHV7iFitu59Ia2dpjuKXOvgIvJ-sc6Mxv5md8jnH&ratebypass=yes", "player_url": "/s/player/7bc032d0/player_ias.vflset/en_US/base.js", "ext": "webm", "format_note": "tiny", "acodec": "opus", "abr": 160, "asr": 48000, "filesize": 3914329, "fps": null, "height": null, "tbr": 163.027, "width": null, "vcodec": "none", "downloader_options": {"http_chunk_size": 10485760}, "format": "251 - audio only (tiny)", "protocol": "https", "http_headers": {"User-Agent": "Mozilla/5.0 (Windows NT 10.0; Win64; x64) AppleWebKit/537.36 (KHTML, like Gecko) Chrome/70.0.3538.79 Safari/537.36", "Accept-Charset": "ISO-8859-1,utf-8;q=0.7,*;q=0.7", "Accept": "text/html,application/xhtml+xml,application/xml;q=0.9,*/*;q=0.8", "Accept-Encoding": "gzip, deflate", "Accept-Language": "en-us,en;q=0.5"}}, {"format_id": "160", "url": "https://r6---sn-5njj-u2xe.googlevideo.com/videoplayback?expire=1612167730&ei=0mUXYIjbFIqvqQHSy6boBg&ip=140.109.135.76&id=o-AOuUpJq3SzHPioiNhWCbB_SDVFszwQOqjc4Nat1hKw5e&itag=160&aitags=133%2C134%2C135%2C136%2C137%2C160%2C242%2C243%2C244%2C247%2C248%2C278&source=youtube&requiressl=yes&mh=Gp&mm=31%2C29&mn=sn-5njj-u2xe%2Csn-un57en7l&ms=au%2Crdu&mv=m&mvi=6&pl=16&initcwndbps=337500&vprv=1&mime=video%2Fmp4&ns=NsqwEExImHjLLMECWJrUShIF&gir=yes&clen=1258895&dur=207.720&lmt=1553948165962557&mt=1612145803&fvip=6&keepalive=yes&c=WEB&txp=5535432&n=kKDeMzls3IXcGbjWo&sparams=expire%2Cei%2Cip%2Cid%2Caitags%2Csource%2Crequiressl%2Cvprv%2Cmime%2Cns%2Cgir%2Cclen%2Cdur%2Clmt&lsparams=mh%2Cmm%2Cmn%2Cms%2Cmv%2Cmvi%2Cpl%2Cinitcwndbps&lsig=AG3C_xAwRQIhAIgIAjgKARJ_LpGSxVZmMOlasBUA8ySfVPWjGvJyGmnjAiBolXVHu6j6qVNPYz_LdX0incSeWTSEI9OxkRV5nFXCeA%3D%3D&sig=AOq0QJ8wRgIhAIM35P4t9Jb-VkxBeRI_ifavUedlWfu8IHxiS-fQaZIoAiEA1MNY64NEzLRdWX0hykQEuMfEmPSEm4WqQTw_vzJFMvE=&ratebypass=yes", "player_url": "/s/player/7bc032d0/player_ias.vflset/en_US/base.js", "ext": "mp4", "height": 144, "format_note": "144p", "vcodec": "avc1.4d400c", "asr": null, "filesize": 1258895, "fps": 25, "tbr": 59.832, "width": 256, "acodec": "none", "downloader_options": {"http_chunk_size": 10485760}, "format": "160 - 256x144 (144p)", "protocol": "https", "http_headers": {"User-Agent": "Mozilla/5.0 (Windows NT 10.0; Win64; x64) AppleWebKit/537.36 (KHTML, like Gecko) Chrome/70.0.3538.79 Safari/537.36", "Accept-Charset": "ISO-8859-1,utf-8;q=0.7,*;q=0.7", "Accept": "text/html,application/xhtml+xml,application/xml;q=0.9,*/*;q=0.8", "Accept-Encoding": "gzip, deflate", "Accept-Language": "en-us,en;q=0.5"}}, {"format_id": "133", "url": "https://r6---sn-5njj-u2xe.googlevideo.com/videoplayback?expire=1612167730&ei=0mUXYIjbFIqvqQHSy6boBg&ip=140.109.135.76&id=o-AOuUpJq3SzHPioiNhWCbB_SDVFszwQOqjc4Nat1hKw5e&itag=133&aitags=133%2C134%2C135%2C136%2C137%2C160%2C242%2C243%2C244%2C247%2C248%2C278&source=youtube&requiressl=yes&mh=Gp&mm=31%2C29&mn=sn-5njj-u2xe%2Csn-un57en7l&ms=au%2Crdu&mv=m&mvi=6&pl=16&initcwndbps=337500&vprv=1&mime=video%2Fmp4&ns=NsqwEExImHjLLMECWJrUShIF&gir=yes&clen=2160691&dur=207.720&lmt=1553948166160261&mt=1612145803&fvip=6&keepalive=yes&c=WEB&txp=5535432&n=kKDeMzls3IXcGbjWo&sparams=expire%2Cei%2Cip%2Cid%2Caitags%2Csource%2Crequiressl%2Cvprv%2Cmime%2Cns%2Cgir%2Cclen%2Cdur%2Clmt&lsparams=mh%2Cmm%2Cmn%2Cms%2Cmv%2Cmvi%2Cpl%2Cinitcwndbps&lsig=AG3C_xAwRQIgXovl9dzhevEfwabIGOV5bFETuyJJnS_qWTP9VFrcC74CIQCjcwrvuZ2Nez6AKFqv2eM1GbqoIJAN5wp2HnEit_Qd1Q%3D%3D&sig=AOq0QJ8wRAIgEMb6uerl8dlrFDYdd9uTTYP2NhE5AlgwkPEepK92ylsCIFjfqYgXJIteHmfrV4_acPIJmCDUaX4G7-bjUUEkXCyF&ratebypass=yes", "player_url": "/s/player/7bc032d0/player_ias.vflset/en_US/base.js", "ext": "mp4", "height": 240, "format_note": "240p", "vcodec": "avc1.4d4015", "asr": null, "filesize": 2160691, "fps": 25, "tbr": 102.003, "width": 426, "acodec": "none", "downloader_options": {"http_chunk_size": 10485760}, "format": "133 - 426x240 (240p)", "protocol": "https", "http_headers": {"User-Agent": "Mozilla/5.0 (Windows NT 10.0; Win64; x64) AppleWebKit/537.36 (KHTML, like Gecko) Chrome/70.0.3538.79 Safari/537.36", "Accept-Charset": "ISO-8859-1,utf-8;q=0.7,*;q=0.7", "Accept": "text/html,application/xhtml+xml,application/xml;q=0.9,*/*;q=0.8", "Accept-Encoding": "gzip, deflate", "Accept-Language": "en-us,en;q=0.5"}}, {"format_id": "242", "url": "https://r6---sn-5njj-u2xe.googlevideo.com/videoplayback?expire=1612167730&ei=0mUXYIjbFIqvqQHSy6boBg&ip=140.109.135.76&id=o-AOuUpJq3SzHPioiNhWCbB_SDVFszwQOqjc4Nat1hKw5e&itag=242&aitags=133%2C134%2C135%2C136%2C137%2C160%2C242%2C243%2C244%2C247%2C248%2C278&source=youtube&requiressl=yes&mh=Gp&mm=31%2C29&mn=sn-5njj-u2xe%2Csn-un57en7l&ms=au%2Crdu&mv=m&mvi=6&pl=16&initcwndbps=337500&vprv=1&mime=video%2Fwebm&ns=NsqwEExImHjLLMECWJrUShIF&gir=yes&clen=2774343&dur=207.720&lmt=1553948233808187&mt=1612145803&fvip=6&keepalive=yes&c=WEB&txp=5531432&n=kKDeMzls3IXcGbjWo&sparams=expire%2Cei%2Cip%2Cid%2Caitags%2Csource%2Crequiressl%2Cvprv%2Cmime%2Cns%2Cgir%2Cclen%2Cdur%2Clmt&lsparams=mh%2Cmm%2Cmn%2Cms%2Cmv%2Cmvi%2Cpl%2Cinitcwndbps&lsig=AG3C_xAwRAIgVKG8gEE3Rd2xkU7ImGjYblqsJapHk3fGmK7FNmyTy3UCIE3v3-qX-2iR3XTnznz91kbYYHn0mg-faxdypWcvsNGB&sig=AOq0QJ8wRQIge8LBRZOS86f0mGRL1mojWMKVAUmzWemXpWqwTjqPxEQCIQCLWxrQyPbMKFFwVRN0BFI_RJrlECo_xiW2waeCM4uuYw==&ratebypass=yes", "player_url": "/s/player/7bc032d0/player_ias.vflset/en_US/base.js", "ext": "webm", "height": 240, "format_note": "240p", "vcodec": "vp9", "asr": null, "filesize": 2774343, "fps": 25, "tbr": 125.257, "width": 426, "acodec": "none", "downloader_options": {"http_chunk_size": 10485760}, "format": "242 - 426x240 (240p)", "protocol": "https", "http_headers": {"User-Agent": "Mozilla/5.0 (Windows NT 10.0; Win64; x64) AppleWebKit/537.36 (KHTML, like Gecko) Chrome/70.0.3538.79 Safari/537.36", "Accept-Charset": "ISO-8859-1,utf-8;q=0.7,*;q=0.7", "Accept": "text/html,application/xhtml+xml,application/xml;q=0.9,*/*;q=0.8", "Accept-Encoding": "gzip, deflate", "Accept-Language": "en-us,en;q=0.5"}}, {"format_id": "278", "url": "https://r6---sn-5njj-u2xe.googlevideo.com/videoplayback?expire=1612167730&ei=0mUXYIjbFIqvqQHSy6boBg&ip=140.109.135.76&id=o-AOuUpJq3SzHPioiNhWCbB_SDVFszwQOqjc4Nat1hKw5e&itag=278&aitags=133%2C134%2C135%2C136%2C137%2C160%2C242%2C243%2C244%2C247%2C248%2C278&source=youtube&requiressl=yes&mh=Gp&mm=31%2C29&mn=sn-5njj-u2xe%2Csn-un57en7l&ms=au%2Crdu&mv=m&mvi=6&pl=16&initcwndbps=337500&vprv=1&mime=video%2Fwebm&ns=NsqwEExImHjLLMECWJrUShIF&gir=yes&clen=2813774&dur=207.720&lmt=1553948236098220&mt=1612145803&fvip=6&keepalive=yes&c=WEB&txp=5531432&n=kKDeMzls3IXcGbjWo&sparams=expire%2Cei%2Cip%2Cid%2Caitags%2Csource%2Crequiressl%2Cvprv%2Cmime%2Cns%2Cgir%2Cclen%2Cdur%2Clmt&lsparams=mh%2Cmm%2Cmn%2Cms%2Cmv%2Cmvi%2Cpl%2Cinitcwndbps&lsig=AG3C_xAwRAIgQeR19Cnk3xZid5XO5D4RE7QNrSfFzZcf5yTO0n1wcVACIB0aXyKPLjptinAUuKZn5oW8fcR48JY2sdANuEKwC_uE&sig=AOq0QJ8wRQIgQbLglywrbP0_dM9AI7RHedoM6AInBD7ydH5eqE4CRjICIQDQGJboQa2MzhSWPu9IlqU1Ygd6W0q0Uz98xyOrtKKOSg==&ratebypass=yes", "player_url": "/s/player/7bc032d0/player_ias.vflset/en_US/base.js", "ext": "webm", "height": 144, "format_note": "144p", "container": "webm", "vcodec": "vp9", "asr": null, "filesize": 2813774, "fps": 25, "tbr": 125.534, "width": 256, "acodec": "none", "downloader_options": {"http_chunk_size": 10485760}, "format": "278 - 256x144 (144p)", "protocol": "https", "http_headers": {"User-Agent": "Mozilla/5.0 (Windows NT 10.0; Win64; x64) AppleWebKit/537.36 (KHTML, like Gecko) Chrome/70.0.3538.79 Safari/537.36", "Accept-Charset": "ISO-8859-1,utf-8;q=0.7,*;q=0.7", "Accept": "text/html,application/xhtml+xml,application/xml;q=0.9,*/*;q=0.8", "Accept-Encoding": "gzip, deflate", "Accept-Language": "en-us,en;q=0.5"}}, {"format_id": "134", "url": "https://r6---sn-5njj-u2xe.googlevideo.com/videoplayback?expire=1612167730&ei=0mUXYIjbFIqvqQHSy6boBg&ip=140.109.135.76&id=o-AOuUpJq3SzHPioiNhWCbB_SDVFszwQOqjc4Nat1hKw5e&itag=134&aitags=133%2C134%2C135%2C136%2C137%2C160%2C242%2C243%2C244%2C247%2C248%2C278&source=youtube&requiressl=yes&mh=Gp&mm=31%2C29&mn=sn-5njj-u2xe%2Csn-un57en7l&ms=au%2Crdu&mv=m&mvi=6&pl=16&initcwndbps=337500&vprv=1&mime=video%2Fmp4&ns=NsqwEExImHjLLMECWJrUShIF&gir=yes&clen=3752224&dur=207.720&lmt=1553948169750517&mt=1612145803&fvip=6&keepalive=yes&c=WEB&txp=5535432&n=kKDeMzls3IXcGbjWo&sparams=expire%2Cei%2Cip%2Cid%2Caitags%2Csource%2Crequiressl%2Cvprv%2Cmime%2Cns%2Cgir%2Cclen%2Cdur%2Clmt&lsparams=mh%2Cmm%2Cmn%2Cms%2Cmv%2Cmvi%2Cpl%2Cinitcwndbps&lsig=AG3C_xAwRQIhAMTTK0O0Wu191W4RDU-v9W-VW0rWlC0BnrFGT_qrfoqdAiAgKdt3n0-XoX98FMsz0cHZOORx28dynSlZUZ2Yl_V6cQ%3D%3D&sig=AOq0QJ8wRQIgA9XkvOwjE4ncKHQqljndLzT2BsF6WbLQnVveWAaVpD8CIQDLWRnuFoPahHUsGODJZbEp78sl-fbQxJ8kgz97Vdn07A==&ratebypass=yes", "player_url": "/s/player/7bc032d0/player_ias.vflset/en_US/base.js", "ext": "mp4", "height": 360, "format_note": "360p", "vcodec": "avc1.4d401e", "asr": null, "filesize": 3752224, "fps": 25, "tbr": 176.079, "width": 640, "acodec": "none", "downloader_options": {"http_chunk_size": 10485760}, "format": "134 - 640x360 (360p)", "protocol": "https", "http_headers": {"User-Agent": "Mozilla/5.0 (Windows NT 10.0; Win64; x64) AppleWebKit/537.36 (KHTML, like Gecko) Chrome/70.0.3538.79 Safari/537.36", "Accept-Charset": "ISO-8859-1,utf-8;q=0.7,*;q=0.7", "Accept": "text/html,application/xhtml+xml,application/xml;q=0.9,*/*;q=0.8", "Accept-Encoding": "gzip, deflate", "Accept-Language": "en-us,en;q=0.5"}}, {"format_id": "243", "url": "https://r6---sn-5njj-u2xe.googlevideo.com/videoplayback?expire=1612167730&ei=0mUXYIjbFIqvqQHSy6boBg&ip=140.109.135.76&id=o-AOuUpJq3SzHPioiNhWCbB_SDVFszwQOqjc4Nat1hKw5e&itag=243&aitags=133%2C134%2C135%2C136%2C137%2C160%2C242%2C243%2C244%2C247%2C248%2C278&source=youtube&requiressl=yes&mh=Gp&mm=31%2C29&mn=sn-5njj-u2xe%2Csn-un57en7l&ms=au%2Crdu&mv=m&mvi=6&pl=16&initcwndbps=337500&vprv=1&mime=video%2Fwebm&ns=NsqwEExImHjLLMECWJrUShIF&gir=yes&clen=4628030&dur=207.720&lmt=1553948240317919&mt=1612145803&fvip=6&keepalive=yes&c=WEB&txp=5531432&n=kKDeMzls3IXcGbjWo&sparams=expire%2Cei%2Cip%2Cid%2Caitags%2Csource%2Crequiressl%2Cvprv%2Cmime%2Cns%2Cgir%2Cclen%2Cdur%2Clmt&lsparams=mh%2Cmm%2Cmn%2Cms%2Cmv%2Cmvi%2Cpl%2Cinitcwndbps&lsig=AG3C_xAwRAIgX3k06CSAvjVyjwyZAIa0FMsPqdXP8XzFDhfVapj6v3kCIHTamEMaaYDG4BStYfbd3ElUV1QmcWbvpVJUEl4S9s1y&sig=AOq0QJ8wRQIhAM_le4Y-eVz-T318KfyLrI87cIhlxZXy1A6UU7GxWO7hAiB_G8JYNPzjvX_c0_t3nJK-ruydW5hMYkW3WKv2EXar0w==&ratebypass=yes", "player_url": "/s/player/7bc032d0/player_ias.vflset/en_US/base.js", "ext": "webm", "height": 360, "format_note": "360p", "vcodec": "vp9", "asr": null, "filesize": 4628030, "fps": 25, "tbr": 211.732, "width": 640, "acodec": "none", "downloader_options": {"http_chunk_size": 10485760}, "format": "243 - 640x360 (360p)", "protocol": "https", "http_headers": {"User-Agent": "Mozilla/5.0 (Windows NT 10.0; Win64; x64) AppleWebKit/537.36 (KHTML, like Gecko) Chrome/70.0.3538.79 Safari/537.36", "Accept-Charset": "ISO-8859-1,utf-8;q=0.7,*;q=0.7", "Accept": "text/html,application/xhtml+xml,application/xml;q=0.9,*/*;q=0.8", "Accept-Encoding": "gzip, deflate", "Accept-Language": "en-us,en;q=0.5"}}, {"format_id": "135", "url": "https://r6---sn-5njj-u2xe.googlevideo.com/videoplayback?expire=1612167730&ei=0mUXYIjbFIqvqQHSy6boBg&ip=140.109.135.76&id=o-AOuUpJq3SzHPioiNhWCbB_SDVFszwQOqjc4Nat1hKw5e&itag=135&aitags=133%2C134%2C135%2C136%2C137%2C160%2C242%2C243%2C244%2C247%2C248%2C278&source=youtube&requiressl=yes&mh=Gp&mm=31%2C29&mn=sn-5njj-u2xe%2Csn-un57en7l&ms=au%2Crdu&mv=m&mvi=6&pl=16&initcwndbps=337500&vprv=1&mime=video%2Fmp4&ns=NsqwEExImHjLLMECWJrUShIF&gir=yes&clen=5425183&dur=207.720&lmt=1553948170859653&mt=1612145803&fvip=6&keepalive=yes&c=WEB&txp=5535432&n=kKDeMzls3IXcGbjWo&sparams=expire%2Cei%2Cip%2Cid%2Caitags%2Csource%2Crequiressl%2Cvprv%2Cmime%2Cns%2Cgir%2Cclen%2Cdur%2Clmt&lsparams=mh%2Cmm%2Cmn%2Cms%2Cmv%2Cmvi%2Cpl%2Cinitcwndbps&lsig=AG3C_xAwRAIgJjieyPKS5tpe2rleESH_UyjF_0ITwFvuKs2kuZ6p4l8CIDK2y1RD1V0ppra7tmbmLojQ2ncti7FRCElQZ-glqm3w&sig=AOq0QJ8wRQIhAMNzrOgnt7BUeNcocXIrqHixrT1TQa3zyCMIPIJNobApAiBchl9e7SdtDEbGoamLbjfVBVq-cUAMsnuXaDXMXHp85A==&ratebypass=yes", "player_url": "/s/player/7bc032d0/player_ias.vflset/en_US/base.js", "ext": "mp4", "height": 480, "format_note": "480p", "vcodec": "avc1.4d401e", "asr": null, "filesize": 5425183, "fps": 25, "tbr": 257.979, "width": 854, "acodec": "none", "downloader_options": {"http_chunk_size": 10485760}, "format": "135 - 854x480 (480p)", "protocol": "https", "http_headers": {"User-Agent": "Mozilla/5.0 (Windows NT 10.0; Win64; x64) AppleWebKit/537.36 (KHTML, like Gecko) Chrome/70.0.3538.79 Safari/537.36", "Accept-Charset": "ISO-8859-1,utf-8;q=0.7,*;q=0.7", "Accept": "text/html,application/xhtml+xml,application/xml;q=0.9,*/*;q=0.8", "Accept-Encoding": "gzip, deflate", "Accept-Language": "en-us,en;q=0.5"}}, {"format_id": "244", "url": "https://r6---sn-5njj-u2xe.googlevideo.com/videoplayback?expire=1612167730&ei=0mUXYIjbFIqvqQHSy6boBg&ip=140.109.135.76&id=o-AOuUpJq3SzHPioiNhWCbB_SDVFszwQOqjc4Nat1hKw5e&itag=244&aitags=133%2C134%2C135%2C136%2C137%2C160%2C242%2C243%2C244%2C247%2C248%2C278&source=youtube&requiressl=yes&mh=Gp&mm=31%2C29&mn=sn-5njj-u2xe%2Csn-un57en7l&ms=au%2Crdu&mv=m&mvi=6&pl=16&initcwndbps=337500&vprv=1&mime=video%2Fwebm&ns=NsqwEExImHjLLMECWJrUShIF&gir=yes&clen=6503490&dur=207.720&lmt=1553948254425473&mt=1612145803&fvip=6&keepalive=yes&c=WEB&txp=5531432&n=kKDeMzls3IXcGbjWo&sparams=expire%2Cei%2Cip%2Cid%2Caitags%2Csource%2Crequiressl%2Cvprv%2Cmime%2Cns%2Cgir%2Cclen%2Cdur%2Clmt&lsparams=mh%2Cmm%2Cmn%2Cms%2Cmv%2Cmvi%2Cpl%2Cinitcwndbps&lsig=AG3C_xAwRQIhAN0HQX_qU27zHoFINJdhl2uPjN8JNr9PmUq8kZ8QtJ00AiBdWhed3ky4j19DvA0UwRBToehewaDNrTLCNwlzmPiJUg%3D%3D&sig=AOq0QJ8wRAIgek43we25p6-Vs0T9fasE-V6AZt5PT8PUVc_2GenCKdMCIBlh47k_sBP3ceZKgu4lFiQdmJG_PdfViy4Nbsn5cCeJ&ratebypass=yes", "player_url": "/s/player/7bc032d0/player_ias.vflset/en_US/base.js", "ext": "webm", "height": 480, "format_note": "480p", "vcodec": "vp9", "asr": null, "filesize": 6503490, "fps": 25, "tbr": 293.334, "width": 854, "acodec": "none", "downloader_options": {"http_chunk_size": 10485760}, "format": "244 - 854x480 (480p)", "protocol": "https", "http_headers": {"User-Agent": "Mozilla/5.0 (Windows NT 10.0; Win64; x64) AppleWebKit/537.36 (KHTML, like Gecko) Chrome/70.0.3538.79 Safari/537.36", "Accept-Charset": "ISO-8859-1,utf-8;q=0.7,*;q=0.7", "Accept": "text/html,application/xhtml+xml,application/xml;q=0.9,*/*;q=0.8", "Accept-Encoding": "gzip, deflate", "Accept-Language": "en-us,en;q=0.5"}}, {"format_id": "136", "url": "https://r6---sn-5njj-u2xe.googlevideo.com/videoplayback?expire=1612167730&ei=0mUXYIjbFIqvqQHSy6boBg&ip=140.109.135.76&id=o-AOuUpJq3SzHPioiNhWCbB_SDVFszwQOqjc4Nat1hKw5e&itag=136&aitags=133%2C134%2C135%2C136%2C137%2C160%2C242%2C243%2C244%2C247%2C248%2C278&source=youtube&requiressl=yes&mh=Gp&mm=31%2C29&mn=sn-5njj-u2xe%2Csn-un57en7l&ms=au%2Crdu&mv=m&mvi=6&pl=16&initcwndbps=337500&vprv=1&mime=video%2Fmp4&ns=NsqwEExImHjLLMECWJrUShIF&gir=yes&clen=8779055&dur=207.720&lmt=1553948176552641&mt=1612145803&fvip=6&keepalive=yes&c=WEB&txp=5535432&n=kKDeMzls3IXcGbjWo&sparams=expire%2Cei%2Cip%2Cid%2Caitags%2Csource%2Crequiressl%2Cvprv%2Cmime%2Cns%2Cgir%2Cclen%2Cdur%2Clmt&lsparams=mh%2Cmm%2Cmn%2Cms%2Cmv%2Cmvi%2Cpl%2Cinitcwndbps&lsig=AG3C_xAwRQIgZoQMEoj4qD9LXhzeiDSzYzJbgNg88VjAiTI0L80pdVcCIQD3fPLUfyOHZFlOLRwufW_Mzz7MpWUAJM8ET8YipAGBuA%3D%3D&sig=AOq0QJ8wRQIgfk95150XRaDSGbJ40GhqOka7APX7gHv8if3Dk6ySEo0CIQDCU73Jy0QGQTjf47p71p482od9ZqtJppHQlp-edMzuMw==&ratebypass=yes", "player_url": "/s/player/7bc032d0/player_ias.vflset/en_US/base.js", "ext": "mp4", "height": 720, "format_note": "720p", "vcodec": "avc1.4d401f", "asr": null, "filesize": 8779055, "fps": 25, "tbr": 411.39, "width": 1280, "acodec": "none", "downloader_options": {"http_chunk_size": 10485760}, "format": "136 - 1280x720 (720p)", "protocol": "https", "http_headers": {"User-Agent": "Mozilla/5.0 (Windows NT 10.0; Win64; x64) AppleWebKit/537.36 (KHTML, like Gecko) Chrome/70.0.3538.79 Safari/537.36", "Accept-Charset": "ISO-8859-1,utf-8;q=0.7,*;q=0.7", "Accept": "text/html,application/xhtml+xml,application/xml;q=0.9,*/*;q=0.8", "Accept-Encoding": "gzip, deflate", "Accept-Language": "en-us,en;q=0.5"}}, {"format_id": "247", "url": "https://r6---sn-5njj-u2xe.googlevideo.com/videoplayback?expire=1612167730&ei=0mUXYIjbFIqvqQHSy6boBg&ip=140.109.135.76&id=o-AOuUpJq3SzHPioiNhWCbB_SDVFszwQOqjc4Nat1hKw5e&itag=247&aitags=133%2C134%2C135%2C136%2C137%2C160%2C242%2C243%2C244%2C247%2C248%2C278&source=youtube&requiressl=yes&mh=Gp&mm=31%2C29&mn=sn-5njj-u2xe%2Csn-un57en7l&ms=au%2Crdu&mv=m&mvi=6&pl=16&initcwndbps=337500&vprv=1&mime=video%2Fwebm&ns=NsqwEExImHjLLMECWJrUShIF&gir=yes&clen=10829872&dur=207.720&lmt=1553948275346422&mt=1612145803&fvip=6&keepalive=yes&c=WEB&txp=5531432&n=kKDeMzls3IXcGbjWo&sparams=expire%2Cei%2Cip%2Cid%2Caitags%2Csource%2Crequiressl%2Cvprv%2Cmime%2Cns%2Cgir%2Cclen%2Cdur%2Clmt&lsparams=mh%2Cmm%2Cmn%2Cms%2Cmv%2Cmvi%2Cpl%2Cinitcwndbps&lsig=AG3C_xAwRQIhAJ00TP8yoLVshHYnU58zi7hf_NwSp8qq5Y3mIIYit9cIAiBsFiN6GihkoFlB1R80fH_Ya1hJCZ3MvSehFuMpiMDytQ%3D%3D&sig=AOq0QJ8wRAIgCDmjMMl-FdjfZNSVUz-UWaSkZv_E74Ly34TZEIT-EdgCIFFG6sQbM6fBb58MGr6XMDXlOpvOuT9zQyZj994_InyU&ratebypass=yes", "player_url": "/s/player/7bc032d0/player_ias.vflset/en_US/base.js", "ext": "webm", "height": 720, "format_note": "720p", "vcodec": "vp9", "asr": null, "filesize": 10829872, "fps": 25, "tbr": 485.392, "width": 1280, "acodec": "none", "downloader_options": {"http_chunk_size": 10485760}, "format": "247 - 1280x720 (720p)", "protocol": "https", "http_headers": {"User-Agent": "Mozilla/5.0 (Windows NT 10.0; Win64; x64) AppleWebKit/537.36 (KHTML, like Gecko) Chrome/70.0.3538.79 Safari/537.36", "Accept-Charset": "ISO-8859-1,utf-8;q=0.7,*;q=0.7", "Accept": "text/html,application/xhtml+xml,application/xml;q=0.9,*/*;q=0.8", "Accept-Encoding": "gzip, deflate", "Accept-Language": "en-us,en;q=0.5"}}, {"format_id": "137", "url": "https://r6---sn-5njj-u2xe.googlevideo.com/videoplayback?expire=1612167730&ei=0mUXYIjbFIqvqQHSy6boBg&ip=140.109.135.76&id=o-AOuUpJq3SzHPioiNhWCbB_SDVFszwQOqjc4Nat1hKw5e&itag=137&aitags=133%2C134%2C135%2C136%2C137%2C160%2C242%2C243%2C244%2C247%2C248%2C278&source=youtube&requiressl=yes&mh=Gp&mm=31%2C29&mn=sn-5njj-u2xe%2Csn-un57en7l&ms=au%2Crdu&mv=m&mvi=6&pl=16&initcwndbps=337500&vprv=1&mime=video%2Fmp4&ns=NsqwEExImHjLLMECWJrUShIF&gir=yes&clen=28716760&dur=207.720&lmt=1553948209375349&mt=1612145803&fvip=6&keepalive=yes&c=WEB&txp=5535432&n=kKDeMzls3IXcGbjWo&sparams=expire%2Cei%2Cip%2Cid%2Caitags%2Csource%2Crequiressl%2Cvprv%2Cmime%2Cns%2Cgir%2Cclen%2Cdur%2Clmt&lsparams=mh%2Cmm%2Cmn%2Cms%2Cmv%2Cmvi%2Cpl%2Cinitcwndbps&lsig=AG3C_xAwRgIhANyX4i7CyioJ_wI1Po9CAtWdePv8hQa9RHcOWg7DpN4XAiEAhFFt11E2D7AyXosJ2dvtxCxvavCxFm7-x1k_YpwyNqc%3D&sig=AOq0QJ8wRQIhAPQwxs33n08MM7yyVPHc6tVkalczHFGQPOYLn4ej4lefAiAnj-gDOy-Of7-ltEZ9xNEuKJVbG8EpYj-6jOX2bAh_Xg==&ratebypass=yes", "player_url": "/s/player/7bc032d0/player_ias.vflset/en_US/base.js", "ext": "mp4", "height": 1080, "format_note": "1080p", "vcodec": "avc1.640028", "asr": null, "filesize": 28716760, "fps": 25, "tbr": 1304.253, "width": 1920, "acodec": "none", "downloader_options": {"http_chunk_size": 10485760}, "format": "137 - 1920x1080 (1080p)", "protocol": "https", "http_headers": {"User-Agent": "Mozilla/5.0 (Windows NT 10.0; Win64; x64) AppleWebKit/537.36 (KHTML, like Gecko) Chrome/70.0.3538.79 Safari/537.36", "Accept-Charset": "ISO-8859-1,utf-8;q=0.7,*;q=0.7", "Accept": "text/html,application/xhtml+xml,application/xml;q=0.9,*/*;q=0.8", "Accept-Encoding": "gzip, deflate", "Accept-Language": "en-us,en;q=0.5"}}, {"format_id": "248", "url": "https://r6---sn-5njj-u2xe.googlevideo.com/videoplayback?expire=1612167730&ei=0mUXYIjbFIqvqQHSy6boBg&ip=140.109.135.76&id=o-AOuUpJq3SzHPioiNhWCbB_SDVFszwQOqjc4Nat1hKw5e&itag=248&aitags=133%2C134%2C135%2C136%2C137%2C160%2C242%2C243%2C244%2C247%2C248%2C278&source=youtube&requiressl=yes&mh=Gp&mm=31%2C29&mn=sn-5njj-u2xe%2Csn-un57en7l&ms=au%2Crdu&mv=m&mvi=6&pl=16&initcwndbps=337500&vprv=1&mime=video%2Fwebm&ns=NsqwEExImHjLLMECWJrUShIF&gir=yes&clen=33944917&dur=207.720&lmt=1553948347212251&mt=1612145803&fvip=6&keepalive=yes&c=WEB&txp=5531432&n=kKDeMzls3IXcGbjWo&sparams=expire%2Cei%2Cip%2Cid%2Caitags%2Csource%2Crequiressl%2Cvprv%2Cmime%2Cns%2Cgir%2Cclen%2Cdur%2Clmt&lsparams=mh%2Cmm%2Cmn%2Cms%2Cmv%2Cmvi%2Cpl%2Cinitcwndbps&lsig=AG3C_xAwRgIhAOosSb3mp4BY0MILmcJZFFdnj_VkhJmkHwgMfsgQYbX_AiEAs-W_jSqBkvf_F9YTpvfGZ7a-pTL9RzCe5ICbL3TCWIg%3D&sig=AOq0QJ8wRQIhAIL58CB5O3czULWORunZER7L83LSYolJ6O4RKwlsRJoAAiA5lb05jUm-nPElaFdugycp1Mi5lhfOzLU8GpnuZfBOGg==&ratebypass=yes", "player_url": "/s/player/7bc032d0/player_ias.vflset/en_US/base.js", "ext": "webm", "height": 1080, "format_note": "1080p", "vcodec": "vp9", "asr": null, "filesize": 33944917, "fps": 25, "tbr": 1488.946, "width": 1920, "acodec": "none", "downloader_options": {"http_chunk_size": 10485760}, "format": "248 - 1920x1080 (1080p)", "protocol": "https", "http_headers": {"User-Agent": "Mozilla/5.0 (Windows NT 10.0; Win64; x64) AppleWebKit/537.36 (KHTML, like Gecko) Chrome/70.0.3538.79 Safari/537.36", "Accept-Charset": "ISO-8859-1,utf-8;q=0.7,*;q=0.7", "Accept": "text/html,application/xhtml+xml,application/xml;q=0.9,*/*;q=0.8", "Accept-Encoding": "gzip, deflate", "Accept-Language": "en-us,en;q=0.5"}}, {"format_id": "18", "url": "https://r6---sn-5njj-u2xe.googlevideo.com/videoplayback?expire=1612167730&ei=0mUXYIjbFIqvqQHSy6boBg&ip=140.109.135.76&id=o-AOuUpJq3SzHPioiNhWCbB_SDVFszwQOqjc4Nat1hKw5e&itag=18&source=youtube&requiressl=yes&mh=Gp&mm=31%2C29&mn=sn-5njj-u2xe%2Csn-un57en7l&ms=au%2Crdu&mv=m&mvi=6&pl=16&initcwndbps=337500&vprv=1&mime=video%2Fmp4&ns=fFRE_uqLZgqysliw0rpVnYEF&gir=yes&clen=10195074&ratebypass=yes&dur=207.772&lmt=1553947602869456&mt=1612145803&fvip=6&c=WEB&txp=5531432&n=wAG5FhW63Gf2eyB1A&sparams=expire%2Cei%2Cip%2Cid%2Citag%2Csource%2Crequiressl%2Cvprv%2Cmime%2Cns%2Cgir%2Cclen%2Cratebypass%2Cdur%2Clmt&lsparams=mh%2Cmm%2Cmn%2Cms%2Cmv%2Cmvi%2Cpl%2Cinitcwndbps&lsig=AG3C_xAwRAIgPnoCOYGrbia8F2mP1blvuPeVR4_PEo_nfoz318PqdIcCID4Bjq8GbdIKeUs15BhwslvZ72UBTTMHfn7XhzAxGX8l&sig=AOq0QJ8wRQIgJYwM8XUQWDsVsroB_w8kUiycUPW7KygZNRq5K24yvv4CIQCgQUYhIcJyuXJMRZC63QgtxFj282cPZfe7FHbuMengwA==", "player_url": "/s/player/7bc032d0/player_ias.vflset/en_US/base.js", "ext": "mp4", "width": 640, "height": 360, "acodec": "mp4a.40.2", "abr": 96, "vcodec": "avc1.42001E", "asr": 44100, "filesize": 10195074, "format_note": "360p", "fps": 25, "tbr": 392.646, "format": "18 - 640x360 (360p)", "protocol": "https", "http_headers": {"User-Agent": "Mozilla/5.0 (Windows NT 10.0; Win64; x64) AppleWebKit/537.36 (KHTML, like Gecko) Chrome/70.0.3538.79 Safari/537.36", "Accept-Charset": "ISO-8859-1,utf-8;q=0.7,*;q=0.7", "Accept": "text/html,application/xhtml+xml,application/xml;q=0.9,*/*;q=0.8", "Accept-Encoding": "gzip, deflate", "Accept-Language": "en-us,en;q=0.5"}}], "is_live": null, "start_time": null, "end_time": null, "series": null, "season_number": null, "episode_number": null, "track": null, "artist": null, "album": null, "release_date": null, "release_year": null, "extractor": "youtube", "webpage_url_basename": "watch", "extractor_key": "Youtube", "playlist": null, "playlist_index": null, "thumbnail": "https://i.ytimg.com/vi_webp/Wy2-my19YnY/maxresdefault.webp", "display_id": "Wy2-my19YnY", "requested_subtitles": null, "format_id": "251", "url": "https://r6---sn-5njj-u2xe.googlevideo.com/videoplayback?expire=1612167730&ei=0mUXYIjbFIqvqQHSy6boBg&ip=140.109.135.76&id=o-AOuUpJq3SzHPioiNhWCbB_SDVFszwQOqjc4Nat1hKw5e&itag=251&source=youtube&requiressl=yes&mh=Gp&mm=31%2C29&mn=sn-5njj-u2xe%2Csn-un57en7l&ms=au%2Crdu&mv=m&mvi=6&pl=16&initcwndbps=337500&vprv=1&mime=audio%2Fwebm&ns=NsqwEExImHjLLMECWJrUShIF&gir=yes&clen=3914329&dur=207.741&lmt=1553948576470667&mt=1612145803&fvip=6&keepalive=yes&c=WEB&txp=5511222&n=kKDeMzls3IXcGbjWo&sparams=expire%2Cei%2Cip%2Cid%2Citag%2Csource%2Crequiressl%2Cvprv%2Cmime%2Cns%2Cgir%2Cclen%2Cdur%2Clmt&lsparams=mh%2Cmm%2Cmn%2Cms%2Cmv%2Cmvi%2Cpl%2Cinitcwndbps&lsig=AG3C_xAwRQIgHAPy5U7fzse1xS_8exNYRWmmUI9zQHxn1-ZZxA03EW0CIQD_qV1TCYPlLORYKcVU-D7Yrj8x0ZU_vt5Wsh4ixTzGpQ%3D%3D&sig=AOq0QJ8wRAIgP7AX6aQ02GSKiU6h9OaZPt_Gf5q3Zx8wrIpHzn2VnjoCIACarHV7iFitu59Ia2dpjuKXOvgIvJ-sc6Mxv5md8jnH&ratebypass=yes", "player_url": "/s/player/7bc032d0/player_ias.vflset/en_US/base.js", "ext": "webm", "format_note": "tiny", "acodec": "opus", "abr": 160, "asr": 48000, "filesize": 3914329, "fps": null, "height": null, "tbr": 163.027, "width": null, "vcodec": "none", "downloader_options": {"http_chunk_size": 10485760}, "format": "251 - audio only (tiny)", "protocol": "https", "http_headers": {"User-Agent": "Mozilla/5.0 (Windows NT 10.0; Win64; x64) AppleWebKit/537.36 (KHTML, like Gecko) Chrome/70.0.3538.79 Safari/537.36", "Accept-Charset": "ISO-8859-1,utf-8;q=0.7,*;q=0.7", "Accept": "text/html,application/xhtml+xml,application/xml;q=0.9,*/*;q=0.8", "Accept-Encoding": "gzip, deflate", "Accept-Language": "en-us,en;q=0.5"}}