{"id": "WpZ1rWHOCAQ", "uploader": "Pianoheart", "uploader_id": "ThePianoheart", "uploader_url": "http://www.youtube.com/user/ThePianoheart", "channel_id": "UCyeyPb7Tq6olpumJAsw0Xow", "channel_url": "http://www.youtube.com/channel/UCyeyPb7Tq6olpumJAsw0Xow", "upload_date": "20170815", "license": null, "creator": null, "title": "\uc6cc\ub108\uc6d0(Wanna One) - \uc5d0\ub108\uc81c\ud2f1(Energetic) \ud53c\uc544\ub178 \uc5f0\uc8fc, pianoheart", "alt_title": null, "thumbnails": [{"url": "https://i.ytimg.com/vi/WpZ1rWHOCAQ/hqdefault.jpg?sqp=-oaymwEbCKgBEF5IVfKriqkDDggBFQAAiEIYAXABwAEG&rs=AOn4CLCdoEoQdctzvmGk34D4uqCzucy-fA", "width": 168, "height": 94, "resolution": "168x94", "id": "0"}, {"url": "https://i.ytimg.com/vi/WpZ1rWHOCAQ/hqdefault.jpg?sqp=-oaymwEbCMQBEG5IVfKriqkDDggBFQAAiEIYAXABwAEG&rs=AOn4CLChQOw2f1HBqK3BMSYoZ62hVJcJnQ", "width": 196, "height": 110, "resolution": "196x110", "id": "1"}, {"url": "https://i.ytimg.com/vi/WpZ1rWHOCAQ/hqdefault.jpg?sqp=-oaymwEcCPYBEIoBSFXyq4qpAw4IARUAAIhCGAFwAcABBg==&rs=AOn4CLCGVXikTz9dxvNz-_tfYxQ79B92TA", "width": 246, "height": 138, "resolution": "246x138", "id": "2"}, {"url": "https://i.ytimg.com/vi/WpZ1rWHOCAQ/hqdefault.jpg?sqp=-oaymwEcCNACELwBSFXyq4qpAw4IARUAAIhCGAFwAcABBg==&rs=AOn4CLC0K8y176vopYmw6Is35iYskhwwKQ", "width": 336, "height": 188, "resolution": "336x188", "id": "3"}, {"url": "https://i.ytimg.com/vi_webp/WpZ1rWHOCAQ/maxresdefault.webp", "width": 1920, "height": 1080, "resolution": "1920x1080", "id": "4"}], "description": "*. \ud53c\uc544\ub178 \uc5f0\uc8fc \uc804\ubb38 \ucc44\ub110 '\ud53c\uc544\ub178\ud558\ud2b8'\uc5d0\uc11c \n   2017\ub144 8\uc6d4 15\uc77c \uc5f0\uc8fc\ud55c \uace1\uc740 \uc6cc\ub108\uc6d0\uc758 '\uc5d0\ub108\uc81c\ud2f1' \uc785\ub2c8\ub2e4.\n*. \uc545\ubcf4\ub97c \uc6d0\ud558\uc2dc\ub294 \ubd84\uc740 \ud53c\uc544\ub178 \uc545\ubcf4 \uc804\ubb38 \uc0ac\uc774\ud2b8 '\ud53c\uc544\ub178\ud558\ud2b8' http://www.pianoheart.co.kr \ub85c \uc624\uc138\uc694.\n  \n*. Download the sheet music@ http://www.pianoheart.co.kr\n*. If you don't know Korean Language, please read English Guide.\n  at  http://www.pianoheart.co.kr/E_Guide.pdf\n\n*.\ud53c\uc544\ub178\ud558\ud2b8 \uc720\ud29c\ube0c\ucc44\ub110\uc744 \uad6c\ub3c5\ud558\uc2dc\uac70\ub098,\n  \ud398\uc774\uc2a4\ubd81 https://www.facebook.com/pianoheart0902 \uc5d0\uc11c\n '\uc88b\uc544\uc694'\ub97c \ub204\ub974\uc2dc\uba74, \n  \ud53c\uc544\ub178\ud558\ud2b8\uc758 \uc545\ubcf4 \uc5c5\ub370\uc774\ud2b8 \uc18c\uc2dd\uc744 \n  \uac00\uc7a5 \uba3c\uc800 \uc811\ud558\uc2e4 \uc218 \uc788\uc2b5\ub2c8\ub2e4.^^\n\n*. \uc2e0\uccad\uace1\uc740 \ud53c\uc544\ub178\ud558\ud2b8 \uc2e0\uccad\uace1 \uac8c\uc2dc\ud310\uc744 \uc774\uc6a9\ud574\uc8fc\uc138\uc694. \n   www.pianoheart.co.kr", "categories": ["Music"], "tags": ["\uc6cc\ub108\uc6d0", "\uc5d0\ub108\uc81c\ud2f1 \ud53c\uc544\ub178", "\uc5d0\ub108\uc81c\ud2f1 \uc545\ubcf4", "\ud53c\uc544\ub178\ud558\ud2b8", "\ub290\ub08c\ud45c", "\uac00\uc694 \uc545\ubcf4", "\uac00\uc694 \ud53c\uc544\ub178"], "subtitles": {}, "automatic_captions": {}, "duration": 210, "age_limit": 0, "annotations": null, "chapters": null, "webpage_url": "https://www.youtube.com/watch?v=WpZ1rWHOCAQ", "view_count": 112700, "like_count": 1903, "dislike_count": 40, "average_rating": 4.9176531, "formats": [{"format_id": "249", "url": "https://r4---sn-5njj-u2xl.googlevideo.com/videoplayback?expire=1612167624&ei=aGUXYNLyK4G7gAOf5IiQDw&ip=140.109.135.76&id=o-ANEaOXK5PG-QH9hkLhzqBGJEonZi5ke1DsmAp5aFRO7X&itag=249&source=youtube&requiressl=yes&mh=3m&mm=31%2C29&mn=sn-5njj-u2xl%2Csn-un57sn76&ms=au%2Crdu&mv=m&mvi=4&pl=16&initcwndbps=413750&vprv=1&mime=audio%2Fwebm&ns=1z4iiAw4pjqxyUNMIwng72UF&gir=yes&clen=1489494&dur=210.361&lmt=1503989938014929&mt=1612145563&fvip=4&keepalive=yes&c=WEB&n=yynJ8rH6fqPzqrBKm&sparams=expire%2Cei%2Cip%2Cid%2Citag%2Csource%2Crequiressl%2Cvprv%2Cmime%2Cns%2Cgir%2Cclen%2Cdur%2Clmt&sig=AOq0QJ8wRQIgGVzLl6oFBb2JfrdvIY9Z06bOE4bowUj-E21WgElXuvMCIQCkP-nJ9-G5r3t7YsKp0hpCD-jq90atyC5-S0nEe2wu5g%3D%3D&lsparams=mh%2Cmm%2Cmn%2Cms%2Cmv%2Cmvi%2Cpl%2Cinitcwndbps&lsig=AG3C_xAwRAIgbaJdOTLeyLP-MgB5DRFEK1pLjb8mIxaK3zEsoSAawQACIEV9MGoLZNOHN277AEnpAeOeSTgABiRPhtF9BNeImDaN&ratebypass=yes", "player_url": null, "ext": "webm", "format_note": "tiny", "acodec": "opus", "abr": 50, "asr": 48000, "filesize": 1489494, "fps": null, "height": null, "tbr": 61.172, "width": null, "vcodec": "none", "downloader_options": {"http_chunk_size": 10485760}, "format": "249 - audio only (tiny)", "protocol": "https", "http_headers": {"User-Agent": "Mozilla/5.0 (Windows NT 10.0; Win64; x64) AppleWebKit/537.36 (KHTML, like Gecko) Chrome/70.0.3538.79 Safari/537.36", "Accept-Charset": "ISO-8859-1,utf-8;q=0.7,*;q=0.7", "Accept": "text/html,application/xhtml+xml,application/xml;q=0.9,*/*;q=0.8", "Accept-Encoding": "gzip, deflate", "Accept-Language": "en-us,en;q=0.5"}}, {"format_id": "250", "url": "https://r4---sn-5njj-u2xl.googlevideo.com/videoplayback?expire=1612167624&ei=aGUXYNLyK4G7gAOf5IiQDw&ip=140.109.135.76&id=o-ANEaOXK5PG-QH9hkLhzqBGJEonZi5ke1DsmAp5aFRO7X&itag=250&source=youtube&requiressl=yes&mh=3m&mm=31%2C29&mn=sn-5njj-u2xl%2Csn-un57sn76&ms=au%2Crdu&mv=m&mvi=4&pl=16&initcwndbps=413750&vprv=1&mime=audio%2Fwebm&ns=1z4iiAw4pjqxyUNMIwng72UF&gir=yes&clen=2001437&dur=210.361&lmt=1503989837100198&mt=1612145563&fvip=4&keepalive=yes&c=WEB&n=yynJ8rH6fqPzqrBKm&sparams=expire%2Cei%2Cip%2Cid%2Citag%2Csource%2Crequiressl%2Cvprv%2Cmime%2Cns%2Cgir%2Cclen%2Cdur%2Clmt&sig=AOq0QJ8wRgIhAM_BpAXiP4W0Yu3i575V-ZlyQrEAPbXBcs3-dwx4_HG0AiEAuDWj082lMRczR4e_vUd8ZJ4Ghbk2mB_HpdoB-QRrZyQ%3D&lsparams=mh%2Cmm%2Cmn%2Cms%2Cmv%2Cmvi%2Cpl%2Cinitcwndbps&lsig=AG3C_xAwRAIgbaJdOTLeyLP-MgB5DRFEK1pLjb8mIxaK3zEsoSAawQACIEV9MGoLZNOHN277AEnpAeOeSTgABiRPhtF9BNeImDaN&ratebypass=yes", "player_url": null, "ext": "webm", "format_note": "tiny", "acodec": "opus", "abr": 70, "asr": 48000, "filesize": 2001437, "fps": null, "height": null, "tbr": 81.728, "width": null, "vcodec": "none", "downloader_options": {"http_chunk_size": 10485760}, "format": "250 - audio only (tiny)", "protocol": "https", "http_headers": {"User-Agent": "Mozilla/5.0 (Windows NT 10.0; Win64; x64) AppleWebKit/537.36 (KHTML, like Gecko) Chrome/70.0.3538.79 Safari/537.36", "Accept-Charset": "ISO-8859-1,utf-8;q=0.7,*;q=0.7", "Accept": "text/html,application/xhtml+xml,application/xml;q=0.9,*/*;q=0.8", "Accept-Encoding": "gzip, deflate", "Accept-Language": "en-us,en;q=0.5"}}, {"format_id": "140", "url": "https://r4---sn-5njj-u2xl.googlevideo.com/videoplayback?expire=1612167624&ei=aGUXYNLyK4G7gAOf5IiQDw&ip=140.109.135.76&id=o-ANEaOXK5PG-QH9hkLhzqBGJEonZi5ke1DsmAp5aFRO7X&itag=140&source=youtube&requiressl=yes&mh=3m&mm=31%2C29&mn=sn-5njj-u2xl%2Csn-un57sn76&ms=au%2Crdu&mv=m&mvi=4&pl=16&initcwndbps=413750&vprv=1&mime=audio%2Fmp4&ns=1z4iiAw4pjqxyUNMIwng72UF&gir=yes&clen=3342329&dur=210.395&lmt=1508963383536180&mt=1612145563&fvip=4&keepalive=yes&c=WEB&n=yynJ8rH6fqPzqrBKm&sparams=expire%2Cei%2Cip%2Cid%2Citag%2Csource%2Crequiressl%2Cvprv%2Cmime%2Cns%2Cgir%2Cclen%2Cdur%2Clmt&sig=AOq0QJ8wRAIgc4g8zQtY4KCMq13BnRa-Nm0JJwKfgEQscQxtB2NCEq4CIFa2oKeGHjgU7i3l3AOgz65-bvV8sGrhwu8HHcCT4LLw&lsparams=mh%2Cmm%2Cmn%2Cms%2Cmv%2Cmvi%2Cpl%2Cinitcwndbps&lsig=AG3C_xAwRAIgbaJdOTLeyLP-MgB5DRFEK1pLjb8mIxaK3zEsoSAawQACIEV9MGoLZNOHN277AEnpAeOeSTgABiRPhtF9BNeImDaN&ratebypass=yes", "player_url": null, "ext": "m4a", "format_note": "tiny", "acodec": "mp4a.40.2", "abr": 128, "container": "m4a_dash", "asr": 44100, "filesize": 3342329, "fps": null, "height": null, "tbr": 127.756, "width": null, "vcodec": "none", "downloader_options": {"http_chunk_size": 10485760}, "format": "140 - audio only (tiny)", "protocol": "https", "http_headers": {"User-Agent": "Mozilla/5.0 (Windows NT 10.0; Win64; x64) AppleWebKit/537.36 (KHTML, like Gecko) Chrome/70.0.3538.79 Safari/537.36", "Accept-Charset": "ISO-8859-1,utf-8;q=0.7,*;q=0.7", "Accept": "text/html,application/xhtml+xml,application/xml;q=0.9,*/*;q=0.8", "Accept-Encoding": "gzip, deflate", "Accept-Language": "en-us,en;q=0.5"}}, {"format_id": "251", "url": "https://r4---sn-5njj-u2xl.googlevideo.com/videoplayback?expire=1612167624&ei=aGUXYNLyK4G7gAOf5IiQDw&ip=140.109.135.76&id=o-ANEaOXK5PG-QH9hkLhzqBGJEonZi5ke1DsmAp5aFRO7X&itag=251&source=youtube&requiressl=yes&mh=3m&mm=31%2C29&mn=sn-5njj-u2xl%2Csn-un57sn76&ms=au%2Crdu&mv=m&mvi=4&pl=16&initcwndbps=413750&vprv=1&mime=audio%2Fwebm&ns=1z4iiAw4pjqxyUNMIwng72UF&gir=yes&clen=3847058&dur=210.361&lmt=1503989826907435&mt=1612145563&fvip=4&keepalive=yes&c=WEB&n=yynJ8rH6fqPzqrBKm&sparams=expire%2Cei%2Cip%2Cid%2Citag%2Csource%2Crequiressl%2Cvprv%2Cmime%2Cns%2Cgir%2Cclen%2Cdur%2Clmt&sig=AOq0QJ8wRQIgVEwIKtk7vnYynCVrX-ILDlafQVs70I0tGCqkwcO_G_ACIQD7bbU8BCDyJqefEdeT2dAuLoWg_mRimyBQe6ubco2Ddw%3D%3D&lsparams=mh%2Cmm%2Cmn%2Cms%2Cmv%2Cmvi%2Cpl%2Cinitcwndbps&lsig=AG3C_xAwRAIgbaJdOTLeyLP-MgB5DRFEK1pLjb8mIxaK3zEsoSAawQACIEV9MGoLZNOHN277AEnpAeOeSTgABiRPhtF9BNeImDaN&ratebypass=yes", "player_url": null, "ext": "webm", "format_note": "tiny", "acodec": "opus", "abr": 160, "asr": 48000, "filesize": 3847058, "fps": null, "height": null, "tbr": 155.657, "width": null, "vcodec": "none", "downloader_options": {"http_chunk_size": 10485760}, "format": "251 - audio only (tiny)", "protocol": "https", "http_headers": {"User-Agent": "Mozilla/5.0 (Windows NT 10.0; Win64; x64) AppleWebKit/537.36 (KHTML, like Gecko) Chrome/70.0.3538.79 Safari/537.36", "Accept-Charset": "ISO-8859-1,utf-8;q=0.7,*;q=0.7", "Accept": "text/html,application/xhtml+xml,application/xml;q=0.9,*/*;q=0.8", "Accept-Encoding": "gzip, deflate", "Accept-Language": "en-us,en;q=0.5"}}, {"format_id": "160", "url": "https://r4---sn-5njj-u2xl.googlevideo.com/videoplayback?expire=1612167624&ei=aGUXYNLyK4G7gAOf5IiQDw&ip=140.109.135.76&id=o-ANEaOXK5PG-QH9hkLhzqBGJEonZi5ke1DsmAp5aFRO7X&itag=160&aitags=133%2C134%2C135%2C136%2C137%2C160%2C242%2C243%2C244%2C247%2C248%2C278&source=youtube&requiressl=yes&mh=3m&mm=31%2C29&mn=sn-5njj-u2xl%2Csn-un57sn76&ms=au%2Crdu&mv=m&mvi=4&pl=16&initcwndbps=413750&vprv=1&mime=video%2Fmp4&ns=1z4iiAw4pjqxyUNMIwng72UF&gir=yes&clen=1821150&dur=210.333&lmt=1508963398497588&mt=1612145563&fvip=4&keepalive=yes&c=WEB&n=yynJ8rH6fqPzqrBKm&sparams=expire%2Cei%2Cip%2Cid%2Caitags%2Csource%2Crequiressl%2Cvprv%2Cmime%2Cns%2Cgir%2Cclen%2Cdur%2Clmt&sig=AOq0QJ8wRQIhAKJWdz66ZwNdDtArgq2IqBG0F2YF2sD7mfd2NhSzxRWGAiAP0EFaFQftMUBjtrEL_Lf4sIlUmoNqrIaTcs-pvhnXBw%3D%3D&lsparams=mh%2Cmm%2Cmn%2Cms%2Cmv%2Cmvi%2Cpl%2Cinitcwndbps&lsig=AG3C_xAwRAIgbaJdOTLeyLP-MgB5DRFEK1pLjb8mIxaK3zEsoSAawQACIEV9MGoLZNOHN277AEnpAeOeSTgABiRPhtF9BNeImDaN&ratebypass=yes", "player_url": null, "ext": "mp4", "height": 144, "format_note": "144p", "vcodec": "avc1.4d400c", "asr": null, "filesize": 1821150, "fps": 24, "tbr": 104.66, "width": 256, "acodec": "none", "downloader_options": {"http_chunk_size": 10485760}, "format": "160 - 256x144 (144p)", "protocol": "https", "http_headers": {"User-Agent": "Mozilla/5.0 (Windows NT 10.0; Win64; x64) AppleWebKit/537.36 (KHTML, like Gecko) Chrome/70.0.3538.79 Safari/537.36", "Accept-Charset": "ISO-8859-1,utf-8;q=0.7,*;q=0.7", "Accept": "text/html,application/xhtml+xml,application/xml;q=0.9,*/*;q=0.8", "Accept-Encoding": "gzip, deflate", "Accept-Language": "en-us,en;q=0.5"}}, {"format_id": "278", "url": "https://r4---sn-5njj-u2xl.googlevideo.com/videoplayback?expire=1612167624&ei=aGUXYNLyK4G7gAOf5IiQDw&ip=140.109.135.76&id=o-ANEaOXK5PG-QH9hkLhzqBGJEonZi5ke1DsmAp5aFRO7X&itag=278&aitags=133%2C134%2C135%2C136%2C137%2C160%2C242%2C243%2C244%2C247%2C248%2C278&source=youtube&requiressl=yes&mh=3m&mm=31%2C29&mn=sn-5njj-u2xl%2Csn-un57sn76&ms=au%2Crdu&mv=m&mvi=4&pl=16&initcwndbps=413750&vprv=1&mime=video%2Fwebm&ns=1z4iiAw4pjqxyUNMIwng72UF&gir=yes&clen=2398566&dur=210.333&lmt=1503990948274357&mt=1612145563&fvip=4&keepalive=yes&c=WEB&n=yynJ8rH6fqPzqrBKm&sparams=expire%2Cei%2Cip%2Cid%2Caitags%2Csource%2Crequiressl%2Cvprv%2Cmime%2Cns%2Cgir%2Cclen%2Cdur%2Clmt&sig=AOq0QJ8wRAIgNsvu4Q-P41DeQTJsDCsym1c6oZOwfAisQx-0bMSs1IwCIGGfbfBEPwn8lXY-QD2Ly0EoCtJAPxnuMYPVGWYIgOb1&lsparams=mh%2Cmm%2Cmn%2Cms%2Cmv%2Cmvi%2Cpl%2Cinitcwndbps&lsig=AG3C_xAwRAIgbaJdOTLeyLP-MgB5DRFEK1pLjb8mIxaK3zEsoSAawQACIEV9MGoLZNOHN277AEnpAeOeSTgABiRPhtF9BNeImDaN&ratebypass=yes", "player_url": null, "ext": "webm", "height": 144, "format_note": "144p", "container": "webm", "vcodec": "vp9", "asr": null, "filesize": 2398566, "fps": 24, "tbr": 109.486, "width": 256, "acodec": "none", "downloader_options": {"http_chunk_size": 10485760}, "format": "278 - 256x144 (144p)", "protocol": "https", "http_headers": {"User-Agent": "Mozilla/5.0 (Windows NT 10.0; Win64; x64) AppleWebKit/537.36 (KHTML, like Gecko) Chrome/70.0.3538.79 Safari/537.36", "Accept-Charset": "ISO-8859-1,utf-8;q=0.7,*;q=0.7", "Accept": "text/html,application/xhtml+xml,application/xml;q=0.9,*/*;q=0.8", "Accept-Encoding": "gzip, deflate", "Accept-Language": "en-us,en;q=0.5"}}, {"format_id": "133", "url": "https://r4---sn-5njj-u2xl.googlevideo.com/videoplayback?expire=1612167624&ei=aGUXYNLyK4G7gAOf5IiQDw&ip=140.109.135.76&id=o-ANEaOXK5PG-QH9hkLhzqBGJEonZi5ke1DsmAp5aFRO7X&itag=133&aitags=133%2C134%2C135%2C136%2C137%2C160%2C242%2C243%2C244%2C247%2C248%2C278&source=youtube&requiressl=yes&mh=3m&mm=31%2C29&mn=sn-5njj-u2xl%2Csn-un57sn76&ms=au%2Crdu&mv=m&mvi=4&pl=16&initcwndbps=413750&vprv=1&mime=video%2Fmp4&ns=1z4iiAw4pjqxyUNMIwng72UF&gir=yes&clen=3229782&dur=210.333&lmt=1508963398703367&mt=1612145563&fvip=4&keepalive=yes&c=WEB&n=yynJ8rH6fqPzqrBKm&sparams=expire%2Cei%2Cip%2Cid%2Caitags%2Csource%2Crequiressl%2Cvprv%2Cmime%2Cns%2Cgir%2Cclen%2Cdur%2Clmt&sig=AOq0QJ8wRQIhAIa6FY2T0nt-ljiCyha0BMxg7NzzpxzhHotPiBdvspL2AiAVQsBH4InElTi7lQ2R_gHWwbxUziMbwscKPfvUi8ILxw%3D%3D&lsparams=mh%2Cmm%2Cmn%2Cms%2Cmv%2Cmvi%2Cpl%2Cinitcwndbps&lsig=AG3C_xAwRAIgbaJdOTLeyLP-MgB5DRFEK1pLjb8mIxaK3zEsoSAawQACIEV9MGoLZNOHN277AEnpAeOeSTgABiRPhtF9BNeImDaN&ratebypass=yes", "player_url": null, "ext": "mp4", "height": 240, "format_note": "240p", "vcodec": "avc1.4d4015", "asr": null, "filesize": 3229782, "fps": 24, "tbr": 189.022, "width": 426, "acodec": "none", "downloader_options": {"http_chunk_size": 10485760}, "format": "133 - 426x240 (240p)", "protocol": "https", "http_headers": {"User-Agent": "Mozilla/5.0 (Windows NT 10.0; Win64; x64) AppleWebKit/537.36 (KHTML, like Gecko) Chrome/70.0.3538.79 Safari/537.36", "Accept-Charset": "ISO-8859-1,utf-8;q=0.7,*;q=0.7", "Accept": "text/html,application/xhtml+xml,application/xml;q=0.9,*/*;q=0.8", "Accept-Encoding": "gzip, deflate", "Accept-Language": "en-us,en;q=0.5"}}, {"format_id": "242", "url": "https://r4---sn-5njj-u2xl.googlevideo.com/videoplayback?expire=1612167624&ei=aGUXYNLyK4G7gAOf5IiQDw&ip=140.109.135.76&id=o-ANEaOXK5PG-QH9hkLhzqBGJEonZi5ke1DsmAp5aFRO7X&itag=242&aitags=133%2C134%2C135%2C136%2C137%2C160%2C242%2C243%2C244%2C247%2C248%2C278&source=youtube&requiressl=yes&mh=3m&mm=31%2C29&mn=sn-5njj-u2xl%2Csn-un57sn76&ms=au%2Crdu&mv=m&mvi=4&pl=16&initcwndbps=413750&vprv=1&mime=video%2Fwebm&ns=1z4iiAw4pjqxyUNMIwng72UF&gir=yes&clen=5204492&dur=210.333&lmt=1503991043043872&mt=1612145563&fvip=4&keepalive=yes&c=WEB&n=yynJ8rH6fqPzqrBKm&sparams=expire%2Cei%2Cip%2Cid%2Caitags%2Csource%2Crequiressl%2Cvprv%2Cmime%2Cns%2Cgir%2Cclen%2Cdur%2Clmt&sig=AOq0QJ8wRAIgSDlXHCn_4Wq_XFYwnc-PgVZafnx3wZMHubsrUyYuyXYCIBsMxbDp7ITWNhzNGZf01PdFM3yUL2hBgjWU392G426P&lsparams=mh%2Cmm%2Cmn%2Cms%2Cmv%2Cmvi%2Cpl%2Cinitcwndbps&lsig=AG3C_xAwRAIgbaJdOTLeyLP-MgB5DRFEK1pLjb8mIxaK3zEsoSAawQACIEV9MGoLZNOHN277AEnpAeOeSTgABiRPhtF9BNeImDaN&ratebypass=yes", "player_url": null, "ext": "webm", "height": 240, "format_note": "240p", "vcodec": "vp9", "asr": null, "filesize": 5204492, "fps": 24, "tbr": 251.601, "width": 426, "acodec": "none", "downloader_options": {"http_chunk_size": 10485760}, "format": "242 - 426x240 (240p)", "protocol": "https", "http_headers": {"User-Agent": "Mozilla/5.0 (Windows NT 10.0; Win64; x64) AppleWebKit/537.36 (KHTML, like Gecko) Chrome/70.0.3538.79 Safari/537.36", "Accept-Charset": "ISO-8859-1,utf-8;q=0.7,*;q=0.7", "Accept": "text/html,application/xhtml+xml,application/xml;q=0.9,*/*;q=0.8", "Accept-Encoding": "gzip, deflate", "Accept-Language": "en-us,en;q=0.5"}}, {"format_id": "134", "url": "https://r4---sn-5njj-u2xl.googlevideo.com/videoplayback?expire=1612167624&ei=aGUXYNLyK4G7gAOf5IiQDw&ip=140.109.135.76&id=o-ANEaOXK5PG-QH9hkLhzqBGJEonZi5ke1DsmAp5aFRO7X&itag=134&aitags=133%2C134%2C135%2C136%2C137%2C160%2C242%2C243%2C244%2C247%2C248%2C278&source=youtube&requiressl=yes&mh=3m&mm=31%2C29&mn=sn-5njj-u2xl%2Csn-un57sn76&ms=au%2Crdu&mv=m&mvi=4&pl=16&initcwndbps=413750&vprv=1&mime=video%2Fmp4&ns=1z4iiAw4pjqxyUNMIwng72UF&gir=yes&clen=7501167&dur=210.333&lmt=1508963398697807&mt=1612145563&fvip=4&keepalive=yes&c=WEB&n=yynJ8rH6fqPzqrBKm&sparams=expire%2Cei%2Cip%2Cid%2Caitags%2Csource%2Crequiressl%2Cvprv%2Cmime%2Cns%2Cgir%2Cclen%2Cdur%2Clmt&sig=AOq0QJ8wRQIgQJf5tpJUW4fG7oyN0kf8vAcYRNf9iKTbhxk5mJPonmUCIQCcG-X3ilaTJAkXn1ucg4x74LFTmmdbgtDczurIZ5FO9Q%3D%3D&lsparams=mh%2Cmm%2Cmn%2Cms%2Cmv%2Cmvi%2Cpl%2Cinitcwndbps&lsig=AG3C_xAwRAIgbaJdOTLeyLP-MgB5DRFEK1pLjb8mIxaK3zEsoSAawQACIEV9MGoLZNOHN277AEnpAeOeSTgABiRPhtF9BNeImDaN&ratebypass=yes", "player_url": null, "ext": "mp4", "height": 360, "format_note": "360p", "vcodec": "avc1.4d401e", "asr": null, "filesize": 7501167, "fps": 24, "tbr": 445.331, "width": 640, "acodec": "none", "downloader_options": {"http_chunk_size": 10485760}, "format": "134 - 640x360 (360p)", "protocol": "https", "http_headers": {"User-Agent": "Mozilla/5.0 (Windows NT 10.0; Win64; x64) AppleWebKit/537.36 (KHTML, like Gecko) Chrome/70.0.3538.79 Safari/537.36", "Accept-Charset": "ISO-8859-1,utf-8;q=0.7,*;q=0.7", "Accept": "text/html,application/xhtml+xml,application/xml;q=0.9,*/*;q=0.8", "Accept-Encoding": "gzip, deflate", "Accept-Language": "en-us,en;q=0.5"}}, {"format_id": "243", "url": "https://r4---sn-5njj-u2xl.googlevideo.com/videoplayback?expire=1612167624&ei=aGUXYNLyK4G7gAOf5IiQDw&ip=140.109.135.76&id=o-ANEaOXK5PG-QH9hkLhzqBGJEonZi5ke1DsmAp5aFRO7X&itag=243&aitags=133%2C134%2C135%2C136%2C137%2C160%2C242%2C243%2C244%2C247%2C248%2C278&source=youtube&requiressl=yes&mh=3m&mm=31%2C29&mn=sn-5njj-u2xl%2Csn-un57sn76&ms=au%2Crdu&mv=m&mvi=4&pl=16&initcwndbps=413750&vprv=1&mime=video%2Fwebm&ns=1z4iiAw4pjqxyUNMIwng72UF&gir=yes&clen=9564473&dur=210.333&lmt=1503991150428435&mt=1612145563&fvip=4&keepalive=yes&c=WEB&n=yynJ8rH6fqPzqrBKm&sparams=expire%2Cei%2Cip%2Cid%2Caitags%2Csource%2Crequiressl%2Cvprv%2Cmime%2Cns%2Cgir%2Cclen%2Cdur%2Clmt&sig=AOq0QJ8wRQIgP2mjESS-FH8OZBzG5UaovNSQVNTsLZPCjZZbJZRq8-ICIQDZR_lK7olnxNLp7LGUkwg_N1n1sg_KVELY2dUepBeFhA%3D%3D&lsparams=mh%2Cmm%2Cmn%2Cms%2Cmv%2Cmvi%2Cpl%2Cinitcwndbps&lsig=AG3C_xAwRAIgbaJdOTLeyLP-MgB5DRFEK1pLjb8mIxaK3zEsoSAawQACIEV9MGoLZNOHN277AEnpAeOeSTgABiRPhtF9BNeImDaN&ratebypass=yes", "player_url": null, "ext": "webm", "height": 360, "format_note": "360p", "vcodec": "vp9", "asr": null, "filesize": 9564473, "fps": 24, "tbr": 454.753, "width": 640, "acodec": "none", "downloader_options": {"http_chunk_size": 10485760}, "format": "243 - 640x360 (360p)", "protocol": "https", "http_headers": {"User-Agent": "Mozilla/5.0 (Windows NT 10.0; Win64; x64) AppleWebKit/537.36 (KHTML, like Gecko) Chrome/70.0.3538.79 Safari/537.36", "Accept-Charset": "ISO-8859-1,utf-8;q=0.7,*;q=0.7", "Accept": "text/html,application/xhtml+xml,application/xml;q=0.9,*/*;q=0.8", "Accept-Encoding": "gzip, deflate", "Accept-Language": "en-us,en;q=0.5"}}, {"format_id": "244", "url": "https://r4---sn-5njj-u2xl.googlevideo.com/videoplayback?expire=1612167624&ei=aGUXYNLyK4G7gAOf5IiQDw&ip=140.109.135.76&id=o-ANEaOXK5PG-QH9hkLhzqBGJEonZi5ke1DsmAp5aFRO7X&itag=244&aitags=133%2C134%2C135%2C136%2C137%2C160%2C242%2C243%2C244%2C247%2C248%2C278&source=youtube&requiressl=yes&mh=3m&mm=31%2C29&mn=sn-5njj-u2xl%2Csn-un57sn76&ms=au%2Crdu&mv=m&mvi=4&pl=16&initcwndbps=413750&vprv=1&mime=video%2Fwebm&ns=1z4iiAw4pjqxyUNMIwng72UF&gir=yes&clen=16392950&dur=210.333&lmt=1503990948244516&mt=1612145563&fvip=4&keepalive=yes&c=WEB&n=yynJ8rH6fqPzqrBKm&sparams=expire%2Cei%2Cip%2Cid%2Caitags%2Csource%2Crequiressl%2Cvprv%2Cmime%2Cns%2Cgir%2Cclen%2Cdur%2Clmt&sig=AOq0QJ8wRQIhALhAsJtw1NSeDH8dniGRh23ZYwtPdh_PCkU5eVqS-GelAiBNpHNga-yne_VW6W20-ZatpRwqUF_VlvR29Sq8ECwOsg%3D%3D&lsparams=mh%2Cmm%2Cmn%2Cms%2Cmv%2Cmvi%2Cpl%2Cinitcwndbps&lsig=AG3C_xAwRAIgbaJdOTLeyLP-MgB5DRFEK1pLjb8mIxaK3zEsoSAawQACIEV9MGoLZNOHN277AEnpAeOeSTgABiRPhtF9BNeImDaN&ratebypass=yes", "player_url": null, "ext": "webm", "height": 480, "format_note": "480p", "vcodec": "vp9", "asr": null, "filesize": 16392950, "fps": 24, "tbr": 827.295, "width": 854, "acodec": "none", "downloader_options": {"http_chunk_size": 10485760}, "format": "244 - 854x480 (480p)", "protocol": "https", "http_headers": {"User-Agent": "Mozilla/5.0 (Windows NT 10.0; Win64; x64) AppleWebKit/537.36 (KHTML, like Gecko) Chrome/70.0.3538.79 Safari/537.36", "Accept-Charset": "ISO-8859-1,utf-8;q=0.7,*;q=0.7", "Accept": "text/html,application/xhtml+xml,application/xml;q=0.9,*/*;q=0.8", "Accept-Encoding": "gzip, deflate", "Accept-Language": "en-us,en;q=0.5"}}, {"format_id": "135", "url": "https://r4---sn-5njj-u2xl.googlevideo.com/videoplayback?expire=1612167624&ei=aGUXYNLyK4G7gAOf5IiQDw&ip=140.109.135.76&id=o-ANEaOXK5PG-QH9hkLhzqBGJEonZi5ke1DsmAp5aFRO7X&itag=135&aitags=133%2C134%2C135%2C136%2C137%2C160%2C242%2C243%2C244%2C247%2C248%2C278&source=youtube&requiressl=yes&mh=3m&mm=31%2C29&mn=sn-5njj-u2xl%2Csn-un57sn76&ms=au%2Crdu&mv=m&mvi=4&pl=16&initcwndbps=413750&vprv=1&mime=video%2Fmp4&ns=1z4iiAw4pjqxyUNMIwng72UF&gir=yes&clen=14033024&dur=210.333&lmt=1508963398997959&mt=1612145563&fvip=4&keepalive=yes&c=WEB&n=yynJ8rH6fqPzqrBKm&sparams=expire%2Cei%2Cip%2Cid%2Caitags%2Csource%2Crequiressl%2Cvprv%2Cmime%2Cns%2Cgir%2Cclen%2Cdur%2Clmt&sig=AOq0QJ8wRgIhAPP2w1sZ5ifC0tB4HH5FuBC58KkKDfUy2mh4mUYQOWgxAiEAv_DB1N3Z3Kf2KUaUB--zE3EqklSNF-GiHT6SmMmVpsc%3D&lsparams=mh%2Cmm%2Cmn%2Cms%2Cmv%2Cmvi%2Cpl%2Cinitcwndbps&lsig=AG3C_xAwRAIgbaJdOTLeyLP-MgB5DRFEK1pLjb8mIxaK3zEsoSAawQACIEV9MGoLZNOHN277AEnpAeOeSTgABiRPhtF9BNeImDaN&ratebypass=yes", "player_url": null, "ext": "mp4", "height": 480, "format_note": "480p", "vcodec": "avc1.4d401e", "asr": null, "filesize": 14033024, "fps": 24, "tbr": 838.12, "width": 854, "acodec": "none", "downloader_options": {"http_chunk_size": 10485760}, "format": "135 - 854x480 (480p)", "protocol": "https", "http_headers": {"User-Agent": "Mozilla/5.0 (Windows NT 10.0; Win64; x64) AppleWebKit/537.36 (KHTML, like Gecko) Chrome/70.0.3538.79 Safari/537.36", "Accept-Charset": "ISO-8859-1,utf-8;q=0.7,*;q=0.7", "Accept": "text/html,application/xhtml+xml,application/xml;q=0.9,*/*;q=0.8", "Accept-Encoding": "gzip, deflate", "Accept-Language": "en-us,en;q=0.5"}}, {"format_id": "136", "url": "https://r4---sn-5njj-u2xl.googlevideo.com/videoplayback?expire=1612167624&ei=aGUXYNLyK4G7gAOf5IiQDw&ip=140.109.135.76&id=o-ANEaOXK5PG-QH9hkLhzqBGJEonZi5ke1DsmAp5aFRO7X&itag=136&aitags=133%2C134%2C135%2C136%2C137%2C160%2C242%2C243%2C244%2C247%2C248%2C278&source=youtube&requiressl=yes&mh=3m&mm=31%2C29&mn=sn-5njj-u2xl%2Csn-un57sn76&ms=au%2Crdu&mv=m&mvi=4&pl=16&initcwndbps=413750&vprv=1&mime=video%2Fmp4&ns=1z4iiAw4pjqxyUNMIwng72UF&gir=yes&clen=24849830&dur=210.333&lmt=1508963398893563&mt=1612145563&fvip=4&keepalive=yes&c=WEB&n=yynJ8rH6fqPzqrBKm&sparams=expire%2Cei%2Cip%2Cid%2Caitags%2Csource%2Crequiressl%2Cvprv%2Cmime%2Cns%2Cgir%2Cclen%2Cdur%2Clmt&sig=AOq0QJ8wRQIgJY_JMAI2l9kPACH6Zs-ns0N-nSeskBUvI0RX-Z1jEowCIQDxYYhjNhbEs7N06BfPxFlmY0aYGriO2eSBRG0SGB2U_w%3D%3D&lsparams=mh%2Cmm%2Cmn%2Cms%2Cmv%2Cmvi%2Cpl%2Cinitcwndbps&lsig=AG3C_xAwRAIgbaJdOTLeyLP-MgB5DRFEK1pLjb8mIxaK3zEsoSAawQACIEV9MGoLZNOHN277AEnpAeOeSTgABiRPhtF9BNeImDaN&ratebypass=yes", "player_url": null, "ext": "mp4", "height": 720, "format_note": "720p", "vcodec": "avc1.4d401f", "asr": null, "filesize": 24849830, "fps": 24, "tbr": 1492.489, "width": 1280, "acodec": "none", "downloader_options": {"http_chunk_size": 10485760}, "format": "136 - 1280x720 (720p)", "protocol": "https", "http_headers": {"User-Agent": "Mozilla/5.0 (Windows NT 10.0; Win64; x64) AppleWebKit/537.36 (KHTML, like Gecko) Chrome/70.0.3538.79 Safari/537.36", "Accept-Charset": "ISO-8859-1,utf-8;q=0.7,*;q=0.7", "Accept": "text/html,application/xhtml+xml,application/xml;q=0.9,*/*;q=0.8", "Accept-Encoding": "gzip, deflate", "Accept-Language": "en-us,en;q=0.5"}}, {"format_id": "247", "url": "https://r4---sn-5njj-u2xl.googlevideo.com/videoplayback?expire=1612167624&ei=aGUXYNLyK4G7gAOf5IiQDw&ip=140.109.135.76&id=o-ANEaOXK5PG-QH9hkLhzqBGJEonZi5ke1DsmAp5aFRO7X&itag=247&aitags=133%2C134%2C135%2C136%2C137%2C160%2C242%2C243%2C244%2C247%2C248%2C278&source=youtube&requiressl=yes&mh=3m&mm=31%2C29&mn=sn-5njj-u2xl%2Csn-un57sn76&ms=au%2Crdu&mv=m&mvi=4&pl=16&initcwndbps=413750&vprv=1&mime=video%2Fwebm&ns=1z4iiAw4pjqxyUNMIwng72UF&gir=yes&clen=32696180&dur=210.333&lmt=1503990949653165&mt=1612145563&fvip=4&keepalive=yes&c=WEB&n=yynJ8rH6fqPzqrBKm&sparams=expire%2Cei%2Cip%2Cid%2Caitags%2Csource%2Crequiressl%2Cvprv%2Cmime%2Cns%2Cgir%2Cclen%2Cdur%2Clmt&sig=AOq0QJ8wRgIhAPjzptG0jKw9zuWum0rv8pqf56jryuOD2r2TcjtiVQnVAiEA2G_LhqO5ooaQd0wfYN-tplj9Z0Fic8F2CN7P58GkviI%3D&lsparams=mh%2Cmm%2Cmn%2Cms%2Cmv%2Cmvi%2Cpl%2Cinitcwndbps&lsig=AG3C_xAwRAIgbaJdOTLeyLP-MgB5DRFEK1pLjb8mIxaK3zEsoSAawQACIEV9MGoLZNOHN277AEnpAeOeSTgABiRPhtF9BNeImDaN&ratebypass=yes", "player_url": null, "ext": "webm", "height": 720, "format_note": "720p", "vcodec": "vp9", "asr": null, "filesize": 32696180, "fps": 24, "tbr": 1630.824, "width": 1280, "acodec": "none", "downloader_options": {"http_chunk_size": 10485760}, "format": "247 - 1280x720 (720p)", "protocol": "https", "http_headers": {"User-Agent": "Mozilla/5.0 (Windows NT 10.0; Win64; x64) AppleWebKit/537.36 (KHTML, like Gecko) Chrome/70.0.3538.79 Safari/537.36", "Accept-Charset": "ISO-8859-1,utf-8;q=0.7,*;q=0.7", "Accept": "text/html,application/xhtml+xml,application/xml;q=0.9,*/*;q=0.8", "Accept-Encoding": "gzip, deflate", "Accept-Language": "en-us,en;q=0.5"}}, {"format_id": "137", "url": "https://r4---sn-5njj-u2xl.googlevideo.com/videoplayback?expire=1612167624&ei=aGUXYNLyK4G7gAOf5IiQDw&ip=140.109.135.76&id=o-ANEaOXK5PG-QH9hkLhzqBGJEonZi5ke1DsmAp5aFRO7X&itag=137&aitags=133%2C134%2C135%2C136%2C137%2C160%2C242%2C243%2C244%2C247%2C248%2C278&source=youtube&requiressl=yes&mh=3m&mm=31%2C29&mn=sn-5njj-u2xl%2Csn-un57sn76&ms=au%2Crdu&mv=m&mvi=4&pl=16&initcwndbps=413750&vprv=1&mime=video%2Fmp4&ns=1z4iiAw4pjqxyUNMIwng72UF&gir=yes&clen=45398768&dur=210.333&lmt=1508963375945202&mt=1612145563&fvip=4&keepalive=yes&c=WEB&n=yynJ8rH6fqPzqrBKm&sparams=expire%2Cei%2Cip%2Cid%2Caitags%2Csource%2Crequiressl%2Cvprv%2Cmime%2Cns%2Cgir%2Cclen%2Cdur%2Clmt&sig=AOq0QJ8wRQIhAPgq3Z5iRN6i3tzTINEhZUH531P1CphOEBiwgCVRbe3NAiBDpGwtT_zBZQCh2AeaAsk-Rwrx_qQ8saSxh8z8qAiHlQ%3D%3D&lsparams=mh%2Cmm%2Cmn%2Cms%2Cmv%2Cmvi%2Cpl%2Cinitcwndbps&lsig=AG3C_xAwRAIgbaJdOTLeyLP-MgB5DRFEK1pLjb8mIxaK3zEsoSAawQACIEV9MGoLZNOHN277AEnpAeOeSTgABiRPhtF9BNeImDaN&ratebypass=yes", "player_url": null, "ext": "mp4", "height": 1080, "format_note": "1080p", "vcodec": "avc1.640028", "asr": null, "filesize": 45398768, "fps": 24, "tbr": 2431.056, "width": 1920, "acodec": "none", "downloader_options": {"http_chunk_size": 10485760}, "format": "137 - 1920x1080 (1080p)", "protocol": "https", "http_headers": {"User-Agent": "Mozilla/5.0 (Windows NT 10.0; Win64; x64) AppleWebKit/537.36 (KHTML, like Gecko) Chrome/70.0.3538.79 Safari/537.36", "Accept-Charset": "ISO-8859-1,utf-8;q=0.7,*;q=0.7", "Accept": "text/html,application/xhtml+xml,application/xml;q=0.9,*/*;q=0.8", "Accept-Encoding": "gzip, deflate", "Accept-Language": "en-us,en;q=0.5"}}, {"format_id": "248", "url": "https://r4---sn-5njj-u2xl.googlevideo.com/videoplayback?expire=1612167624&ei=aGUXYNLyK4G7gAOf5IiQDw&ip=140.109.135.76&id=o-ANEaOXK5PG-QH9hkLhzqBGJEonZi5ke1DsmAp5aFRO7X&itag=248&aitags=133%2C134%2C135%2C136%2C137%2C160%2C242%2C243%2C244%2C247%2C248%2C278&source=youtube&requiressl=yes&mh=3m&mm=31%2C29&mn=sn-5njj-u2xl%2Csn-un57sn76&ms=au%2Crdu&mv=m&mvi=4&pl=16&initcwndbps=413750&vprv=1&mime=video%2Fwebm&ns=1z4iiAw4pjqxyUNMIwng72UF&gir=yes&clen=63746243&dur=210.333&lmt=1503990436917167&mt=1612145563&fvip=4&keepalive=yes&c=WEB&n=yynJ8rH6fqPzqrBKm&sparams=expire%2Cei%2Cip%2Cid%2Caitags%2Csource%2Crequiressl%2Cvprv%2Cmime%2Cns%2Cgir%2Cclen%2Cdur%2Clmt&sig=AOq0QJ8wRgIhAMOTRJXvona7BKgPv20yeqq5H1zH7q_1ycsfOO7W4IKBAiEA72Wld_nB2iPMksU5rYvbryA37bi0Yksr9jwxCgPFdk4%3D&lsparams=mh%2Cmm%2Cmn%2Cms%2Cmv%2Cmvi%2Cpl%2Cinitcwndbps&lsig=AG3C_xAwRAIgbaJdOTLeyLP-MgB5DRFEK1pLjb8mIxaK3zEsoSAawQACIEV9MGoLZNOHN277AEnpAeOeSTgABiRPhtF9BNeImDaN&ratebypass=yes", "player_url": null, "ext": "webm", "height": 1080, "format_note": "1080p", "vcodec": "vp9", "asr": null, "filesize": 63746243, "fps": 24, "tbr": 2906.995, "width": 1920, "acodec": "none", "downloader_options": {"http_chunk_size": 10485760}, "format": "248 - 1920x1080 (1080p)", "protocol": "https", "http_headers": {"User-Agent": "Mozilla/5.0 (Windows NT 10.0; Win64; x64) AppleWebKit/537.36 (KHTML, like Gecko) Chrome/70.0.3538.79 Safari/537.36", "Accept-Charset": "ISO-8859-1,utf-8;q=0.7,*;q=0.7", "Accept": "text/html,application/xhtml+xml,application/xml;q=0.9,*/*;q=0.8", "Accept-Encoding": "gzip, deflate", "Accept-Language": "en-us,en;q=0.5"}}, {"format_id": "18", "url": "https://r4---sn-5njj-u2xl.googlevideo.com/videoplayback?expire=1612167624&ei=aGUXYNLyK4G7gAOf5IiQDw&ip=140.109.135.76&id=o-ANEaOXK5PG-QH9hkLhzqBGJEonZi5ke1DsmAp5aFRO7X&itag=18&source=youtube&requiressl=yes&mh=3m&mm=31%2C29&mn=sn-5njj-u2xl%2Csn-un57sn76&ms=au%2Crdu&mv=m&mvi=4&pl=16&initcwndbps=413750&vprv=1&mime=video%2Fmp4&ns=6XfX64SlKFvx2-MJ6L9f84kF&gir=yes&clen=16776760&ratebypass=yes&dur=210.396&lmt=1503986728006400&mt=1612145563&fvip=4&c=WEB&n=8_5Xox-aOkKnkVveZ&sparams=expire%2Cei%2Cip%2Cid%2Citag%2Csource%2Crequiressl%2Cvprv%2Cmime%2Cns%2Cgir%2Cclen%2Cratebypass%2Cdur%2Clmt&sig=AOq0QJ8wRQIgJaScSFZFEnPAugUxjrczOOAE3Vuxn4roNoHMRdXhjowCIQCHUTinjues-DdL9oqx13vez9LEIu-cGqehfiBwBGHALw%3D%3D&lsparams=mh%2Cmm%2Cmn%2Cms%2Cmv%2Cmvi%2Cpl%2Cinitcwndbps&lsig=AG3C_xAwRAIgbaJdOTLeyLP-MgB5DRFEK1pLjb8mIxaK3zEsoSAawQACIEV9MGoLZNOHN277AEnpAeOeSTgABiRPhtF9BNeImDaN", "player_url": null, "ext": "mp4", "width": 640, "height": 360, "acodec": "mp4a.40.2", "abr": 96, "vcodec": "avc1.42001E", "asr": 44100, "filesize": 16776760, "format_note": "360p", "fps": 24, "tbr": 638.102, "format": "18 - 640x360 (360p)", "protocol": "https", "http_headers": {"User-Agent": "Mozilla/5.0 (Windows NT 10.0; Win64; x64) AppleWebKit/537.36 (KHTML, like Gecko) Chrome/70.0.3538.79 Safari/537.36", "Accept-Charset": "ISO-8859-1,utf-8;q=0.7,*;q=0.7", "Accept": "text/html,application/xhtml+xml,application/xml;q=0.9,*/*;q=0.8", "Accept-Encoding": "gzip, deflate", "Accept-Language": "en-us,en;q=0.5"}}], "is_live": null, "start_time": null, "end_time": null, "series": null, "season_number": null, "episode_number": null, "track": null, "artist": null, "album": null, "release_date": null, "release_year": null, "extractor": "youtube", "webpage_url_basename": "watch", "extractor_key": "Youtube", "playlist": null, "playlist_index": null, "thumbnail": "https://i.ytimg.com/vi_webp/WpZ1rWHOCAQ/maxresdefault.webp", "display_id": "WpZ1rWHOCAQ", "requested_subtitles": null, "format_id": "251", "url": "https://r4---sn-5njj-u2xl.googlevideo.com/videoplayback?expire=1612167624&ei=aGUXYNLyK4G7gAOf5IiQDw&ip=140.109.135.76&id=o-ANEaOXK5PG-QH9hkLhzqBGJEonZi5ke1DsmAp5aFRO7X&itag=251&source=youtube&requiressl=yes&mh=3m&mm=31%2C29&mn=sn-5njj-u2xl%2Csn-un57sn76&ms=au%2Crdu&mv=m&mvi=4&pl=16&initcwndbps=413750&vprv=1&mime=audio%2Fwebm&ns=1z4iiAw4pjqxyUNMIwng72UF&gir=yes&clen=3847058&dur=210.361&lmt=1503989826907435&mt=1612145563&fvip=4&keepalive=yes&c=WEB&n=yynJ8rH6fqPzqrBKm&sparams=expire%2Cei%2Cip%2Cid%2Citag%2Csource%2Crequiressl%2Cvprv%2Cmime%2Cns%2Cgir%2Cclen%2Cdur%2Clmt&sig=AOq0QJ8wRQIgVEwIKtk7vnYynCVrX-ILDlafQVs70I0tGCqkwcO_G_ACIQD7bbU8BCDyJqefEdeT2dAuLoWg_mRimyBQe6ubco2Ddw%3D%3D&lsparams=mh%2Cmm%2Cmn%2Cms%2Cmv%2Cmvi%2Cpl%2Cinitcwndbps&lsig=AG3C_xAwRAIgbaJdOTLeyLP-MgB5DRFEK1pLjb8mIxaK3zEsoSAawQACIEV9MGoLZNOHN277AEnpAeOeSTgABiRPhtF9BNeImDaN&ratebypass=yes", "player_url": null, "ext": "webm", "format_note": "tiny", "acodec": "opus", "abr": 160, "asr": 48000, "filesize": 3847058, "fps": null, "height": null, "tbr": 155.657, "width": null, "vcodec": "none", "downloader_options": {"http_chunk_size": 10485760}, "format": "251 - audio only (tiny)", "protocol": "https", "http_headers": {"User-Agent": "Mozilla/5.0 (Windows NT 10.0; Win64; x64) AppleWebKit/537.36 (KHTML, like Gecko) Chrome/70.0.3538.79 Safari/537.36", "Accept-Charset": "ISO-8859-1,utf-8;q=0.7,*;q=0.7", "Accept": "text/html,application/xhtml+xml,application/xml;q=0.9,*/*;q=0.8", "Accept-Encoding": "gzip, deflate", "Accept-Language": "en-us,en;q=0.5"}}