{"id": "yFw_kO7DF-Y", "uploader": "Francesco Parrino", "uploader_id": "FrancescoParrino", "uploader_url": "http://www.youtube.com/user/FrancescoParrino", "channel_id": "UCQ8THdZnqPVoLN9zuT-pjBg", "channel_url": "http://www.youtube.com/channel/UCQ8THdZnqPVoLN9zuT-pjBg", "upload_date": "20190201", "license": null, "creator": null, "title": "Panic! At The Disco - High Hopes | Piano Cover + Sheet Music", "alt_title": null, "thumbnails": [{"url": "https://i.ytimg.com/vi/yFw_kO7DF-Y/hqdefault.jpg?sqp=-oaymwEYCKgBEF5IVfKriqkDCwgBFQAAiEIYAXAB&rs=AOn4CLC0vYoGFW_gaNR4ecNOlycxCnauHQ", "width": 168, "height": 94, "resolution": "168x94", "id": "0"}, {"url": "https://i.ytimg.com/vi/yFw_kO7DF-Y/hqdefault.jpg?sqp=-oaymwEYCMQBEG5IVfKriqkDCwgBFQAAiEIYAXAB&rs=AOn4CLB0rgo2fxeulCpN6LdnYle2nz6MXw", "width": 196, "height": 110, "resolution": "196x110", "id": "1"}, {"url": "https://i.ytimg.com/vi/yFw_kO7DF-Y/hqdefault.jpg?sqp=-oaymwEZCPYBEIoBSFXyq4qpAwsIARUAAIhCGAFwAQ==&rs=AOn4CLAGO5_KzH3CKalKwR54IfkBuLh6_A", "width": 246, "height": 138, "resolution": "246x138", "id": "2"}, {"url": "https://i.ytimg.com/vi/yFw_kO7DF-Y/hqdefault.jpg?sqp=-oaymwEZCNACELwBSFXyq4qpAwsIARUAAIhCGAFwAQ==&rs=AOn4CLDAxeRXhMPeh6czt6sa28TPDS5ieQ", "width": 336, "height": 188, "resolution": "336x188", "id": "3"}, {"url": "https://i.ytimg.com/vi_webp/yFw_kO7DF-Y/maxresdefault.webp", "width": 1920, "height": 1080, "resolution": "1920x1080", "id": "4"}], "description": "\u266b SHEET MUSIC is Available Here: http://bit.ly/FPM_HighHopes\n\ud83d\udc4d Thumbs up, SUBSCRIBE and click the \ud83d\udd14 for more contents: https://bit.ly/FPSubscribe\n\ud83c\udfb9 Want to learn the piano? This is the app for you! https://bit.ly/FPM_Skoove\n\nMy new cover is High Hopes by Panic! At The Disco! Super Fun to Play!\n\n\u25cf Check my TUTORIAL of this arrangement here: https://youtu.be/qik63NZSzVc\n\nThis song is available on:\n\ud83c\udfa7 Spotify: https://bit.ly/FPM_TC5_S \n\ud83c\udfa7 iTunes: https://bit.ly/FPM_TC5_iTAM \n\ud83c\udfa7 Amazon Music: https://bit.ly/FPM_TC5_AM\n\ud83c\udfa7 Deezer: https://bit.ly/FPM_TC5_DZ\n\ud83c\udfa7 Youtube Music: https://bit.ly/FPM_TC5_YM\n\n\u25cf TUTORIALS, Extras, Bloopers, Live: http://bit.ly/FPM_TutorialsExtras\n\u25cf All my SCORES: http://bit.ly/FPM_SheetMusic\n\u25cf Full Discography: http://bit.ly/FPM_Discography\n\u25cf Website: http://bit.ly/FrancescoParrinoMusic\n\u25cf MIDI files: http://bit.ly/FPM_Media\n\u25cf Check my new Classical Channel: https://bit.ly/FPM_ClassicalSub\n\n\u25cf Let's connect on Facebook: http://bit.ly/FPM-Facebook\n\u25cf Or Instagram: http://bit.ly/FPM-Instagram\n\n#PanicAtTheDisco #HighHopes #SheetMusic", "categories": ["Music"], "tags": ["Panic! At The Disco", "High Hopes", "Pray For The Wicked", "Piano", "Cover", "Francesco Parrino", "Sheet Music", "Score", "MIDI", "Instrumental", "Arrangement"], "subtitles": {}, "automatic_captions": {}, "duration": 198, "age_limit": 0, "annotations": null, "chapters": null, "webpage_url": "https://www.youtube.com/watch?v=yFw_kO7DF-Y", "view_count": 332349, "like_count": 10380, "dislike_count": 69, "average_rating": 4.9735861, "formats": [{"format_id": "249", "url": "https://r2---sn-5njj-u2xl.googlevideo.com/videoplayback?expire=1612167736&ei=2GUXYJaUFtiMs8IPypGcmAU&ip=140.109.135.76&id=o-AMgGbj6dmnw3aiTgwgTre7cvxwaEBPDmyPrN70EmHxji&itag=249&source=youtube&requiressl=yes&mh=CI&mm=31%2C29&mn=sn-5njj-u2xl%2Csn-un57en7l&ms=au%2Crdu&mv=m&mvi=2&pl=16&initcwndbps=422500&vprv=1&mime=audio%2Fwebm&ns=fdmYAvVB5Izq1-JPXKmeRSUF&gir=yes&clen=1425777&dur=197.901&lmt=1549034992288044&mt=1612145803&fvip=2&keepalive=yes&c=WEB&txp=5511222&n=Jv0HHJ479GHTMyRHx&sparams=expire%2Cei%2Cip%2Cid%2Citag%2Csource%2Crequiressl%2Cvprv%2Cmime%2Cns%2Cgir%2Cclen%2Cdur%2Clmt&lsparams=mh%2Cmm%2Cmn%2Cms%2Cmv%2Cmvi%2Cpl%2Cinitcwndbps&lsig=AG3C_xAwRQIhALG_Zyfg9aGXCZsmI-rXp_wB_1t5GxaryX1EhpRy20EnAiAx5Iy_Jj2GGqLvAVt-cSaIhoK8jRVFJdnSK4W0wwc4Nw%3D%3D&sig=AOq0QJ8wRgIhAMlrCko-FHS17MGlBwBzMRnCPogm1N2jsZ3lZ-TIUhkUAiEAqKF6KMOIWrMhwxX_I8AxFCIY0Uj8z3PGI86oGriRzA0=&ratebypass=yes", "player_url": "/s/player/7bc032d0/player_ias.vflset/en_US/base.js", "ext": "webm", "format_note": "tiny", "acodec": "opus", "abr": 50, "asr": 48000, "filesize": 1425777, "fps": null, "height": null, "tbr": 66.661, "width": null, "vcodec": "none", "downloader_options": {"http_chunk_size": 10485760}, "format": "249 - audio only (tiny)", "protocol": "https", "http_headers": {"User-Agent": "Mozilla/5.0 (Windows NT 10.0; Win64; x64) AppleWebKit/537.36 (KHTML, like Gecko) Chrome/70.0.3538.79 Safari/537.36", "Accept-Charset": "ISO-8859-1,utf-8;q=0.7,*;q=0.7", "Accept": "text/html,application/xhtml+xml,application/xml;q=0.9,*/*;q=0.8", "Accept-Encoding": "gzip, deflate", "Accept-Language": "en-us,en;q=0.5"}}, {"format_id": "250", "url": "https://r2---sn-5njj-u2xl.googlevideo.com/videoplayback?expire=1612167736&ei=2GUXYJaUFtiMs8IPypGcmAU&ip=140.109.135.76&id=o-AMgGbj6dmnw3aiTgwgTre7cvxwaEBPDmyPrN70EmHxji&itag=250&source=youtube&requiressl=yes&mh=CI&mm=31%2C29&mn=sn-5njj-u2xl%2Csn-un57en7l&ms=au%2Crdu&mv=m&mvi=2&pl=16&initcwndbps=422500&vprv=1&mime=audio%2Fwebm&ns=fdmYAvVB5Izq1-JPXKmeRSUF&gir=yes&clen=1905568&dur=197.901&lmt=1549034992318380&mt=1612145803&fvip=2&keepalive=yes&c=WEB&txp=5511222&n=Jv0HHJ479GHTMyRHx&sparams=expire%2Cei%2Cip%2Cid%2Citag%2Csource%2Crequiressl%2Cvprv%2Cmime%2Cns%2Cgir%2Cclen%2Cdur%2Clmt&lsparams=mh%2Cmm%2Cmn%2Cms%2Cmv%2Cmvi%2Cpl%2Cinitcwndbps&lsig=AG3C_xAwRQIhALf3ElDsb29QSbdCoO_TGnV6dNicdaSdPv3IS9mmHVLuAiBqc8jmFcJtz-BExaFdTIRLCzohbZDPo9J2agAH-5n0Mg%3D%3D&sig=AOq0QJ8wRAIgZB5QzJ6GrBACZD1NEv43Fuc1xHJ-hHb_cIoTf0sUZEACIHem6824RPDY-esX8HbjPmKTOe2DbA6zTPhxP_qYpApe&ratebypass=yes", "player_url": "/s/player/7bc032d0/player_ias.vflset/en_US/base.js", "ext": "webm", "format_note": "tiny", "acodec": "opus", "abr": 70, "asr": 48000, "filesize": 1905568, "fps": null, "height": null, "tbr": 88.342, "width": null, "vcodec": "none", "downloader_options": {"http_chunk_size": 10485760}, "format": "250 - audio only (tiny)", "protocol": "https", "http_headers": {"User-Agent": "Mozilla/5.0 (Windows NT 10.0; Win64; x64) AppleWebKit/537.36 (KHTML, like Gecko) Chrome/70.0.3538.79 Safari/537.36", "Accept-Charset": "ISO-8859-1,utf-8;q=0.7,*;q=0.7", "Accept": "text/html,application/xhtml+xml,application/xml;q=0.9,*/*;q=0.8", "Accept-Encoding": "gzip, deflate", "Accept-Language": "en-us,en;q=0.5"}}, {"format_id": "140", "url": "https://r2---sn-5njj-u2xl.googlevideo.com/videoplayback?expire=1612167736&ei=2GUXYJaUFtiMs8IPypGcmAU&ip=140.109.135.76&id=o-AMgGbj6dmnw3aiTgwgTre7cvxwaEBPDmyPrN70EmHxji&itag=140&source=youtube&requiressl=yes&mh=CI&mm=31%2C29&mn=sn-5njj-u2xl%2Csn-un57en7l&ms=au%2Crdu&mv=m&mvi=2&pl=16&initcwndbps=422500&vprv=1&mime=audio%2Fmp4&ns=fdmYAvVB5Izq1-JPXKmeRSUF&gir=yes&clen=3203934&dur=197.926&lmt=1554858340578843&mt=1612145803&fvip=2&keepalive=yes&c=WEB&txp=5531432&n=Jv0HHJ479GHTMyRHx&sparams=expire%2Cei%2Cip%2Cid%2Citag%2Csource%2Crequiressl%2Cvprv%2Cmime%2Cns%2Cgir%2Cclen%2Cdur%2Clmt&lsparams=mh%2Cmm%2Cmn%2Cms%2Cmv%2Cmvi%2Cpl%2Cinitcwndbps&lsig=AG3C_xAwRAIgRdcBs1f93CBqD19EUJ2nCaUEXQKId__ZTxOa4Tb3AG4CIBi9dPUV76XquYfK0GwMDQ6i12PS4adx-m1ee1jMob76&sig=AOq0QJ8wRQIhAO3B-MffQQNtO8641tarNutMe-77BYqq54pc08ef6AETAiAxa1ieVrJAGoGACYhT6aoYhPeLEXGmcMT8RovfT97tgQ==&ratebypass=yes", "player_url": "/s/player/7bc032d0/player_ias.vflset/en_US/base.js", "ext": "m4a", "format_note": "tiny", "acodec": "mp4a.40.2", "abr": 128, "container": "m4a_dash", "asr": 44100, "filesize": 3203934, "fps": null, "height": null, "tbr": 130.458, "width": null, "vcodec": "none", "downloader_options": {"http_chunk_size": 10485760}, "format": "140 - audio only (tiny)", "protocol": "https", "http_headers": {"User-Agent": "Mozilla/5.0 (Windows NT 10.0; Win64; x64) AppleWebKit/537.36 (KHTML, like Gecko) Chrome/70.0.3538.79 Safari/537.36", "Accept-Charset": "ISO-8859-1,utf-8;q=0.7,*;q=0.7", "Accept": "text/html,application/xhtml+xml,application/xml;q=0.9,*/*;q=0.8", "Accept-Encoding": "gzip, deflate", "Accept-Language": "en-us,en;q=0.5"}}, {"format_id": "251", "url": "https://r2---sn-5njj-u2xl.googlevideo.com/videoplayback?expire=1612167736&ei=2GUXYJaUFtiMs8IPypGcmAU&ip=140.109.135.76&id=o-AMgGbj6dmnw3aiTgwgTre7cvxwaEBPDmyPrN70EmHxji&itag=251&source=youtube&requiressl=yes&mh=CI&mm=31%2C29&mn=sn-5njj-u2xl%2Csn-un57en7l&ms=au%2Crdu&mv=m&mvi=2&pl=16&initcwndbps=422500&vprv=1&mime=audio%2Fwebm&ns=fdmYAvVB5Izq1-JPXKmeRSUF&gir=yes&clen=3668704&dur=197.901&lmt=1549034993583179&mt=1612145803&fvip=2&keepalive=yes&c=WEB&txp=5511222&n=Jv0HHJ479GHTMyRHx&sparams=expire%2Cei%2Cip%2Cid%2Citag%2Csource%2Crequiressl%2Cvprv%2Cmime%2Cns%2Cgir%2Cclen%2Cdur%2Clmt&lsparams=mh%2Cmm%2Cmn%2Cms%2Cmv%2Cmvi%2Cpl%2Cinitcwndbps&lsig=AG3C_xAwRgIhAPCghZIS2-UYoLWW7zKQoEa_z7r2_6hPsAyGXTQK63cOAiEA2SvdI8WhMhM_rRTnD8WYn48Z-bRJDbYN-yFDROMjJ-s%3D&sig=AOq0QJ8wRAIgFVXpm3hxpBZUD6jzUhNmAZMlxC8euJn9kOK_BvSy-HACIFjqG_cXvBy4dsJU7Mwi8-m49TJAX-tanbK7jWTsmIqH&ratebypass=yes", "player_url": "/s/player/7bc032d0/player_ias.vflset/en_US/base.js", "ext": "webm", "format_note": "tiny", "acodec": "opus", "abr": 160, "asr": 48000, "filesize": 3668704, "fps": null, "height": null, "tbr": 163.91, "width": null, "vcodec": "none", "downloader_options": {"http_chunk_size": 10485760}, "format": "251 - audio only (tiny)", "protocol": "https", "http_headers": {"User-Agent": "Mozilla/5.0 (Windows NT 10.0; Win64; x64) AppleWebKit/537.36 (KHTML, like Gecko) Chrome/70.0.3538.79 Safari/537.36", "Accept-Charset": "ISO-8859-1,utf-8;q=0.7,*;q=0.7", "Accept": "text/html,application/xhtml+xml,application/xml;q=0.9,*/*;q=0.8", "Accept-Encoding": "gzip, deflate", "Accept-Language": "en-us,en;q=0.5"}}, {"format_id": "160", "url": "https://r2---sn-5njj-u2xl.googlevideo.com/videoplayback?expire=1612167736&ei=2GUXYJaUFtiMs8IPypGcmAU&ip=140.109.135.76&id=o-AMgGbj6dmnw3aiTgwgTre7cvxwaEBPDmyPrN70EmHxji&itag=160&aitags=133%2C134%2C135%2C136%2C137%2C160%2C242%2C243%2C244%2C247%2C248%2C278&source=youtube&requiressl=yes&mh=CI&mm=31%2C29&mn=sn-5njj-u2xl%2Csn-un57en7l&ms=au%2Crdu&mv=m&mvi=2&pl=16&initcwndbps=422500&vprv=1&mime=video%2Fmp4&ns=fdmYAvVB5Izq1-JPXKmeRSUF&gir=yes&clen=1485697&dur=197.880&lmt=1554858734433599&mt=1612145803&fvip=2&keepalive=yes&c=WEB&txp=5535432&n=Jv0HHJ479GHTMyRHx&sparams=expire%2Cei%2Cip%2Cid%2Caitags%2Csource%2Crequiressl%2Cvprv%2Cmime%2Cns%2Cgir%2Cclen%2Cdur%2Clmt&lsparams=mh%2Cmm%2Cmn%2Cms%2Cmv%2Cmvi%2Cpl%2Cinitcwndbps&lsig=AG3C_xAwRQIhANJs2PJomzQ17W2kIfYt-rZPQndOgHyjL3myn-oVRTiSAiATqnPklQIsyZiDER-Ldm6y3zlFvRRXXt0hOWvW7BzpDg%3D%3D&sig=AOq0QJ8wRgIhAO_D4ZYgh4XXta_rleXpSLcKd0blpZZqksLckt9orWDJAiEAoIIV_sstwKfneNyRjuFD7qx0AVVZBOwmqNri1M6Bc7g=&ratebypass=yes", "player_url": "/s/player/7bc032d0/player_ias.vflset/en_US/base.js", "ext": "mp4", "height": 144, "format_note": "144p", "vcodec": "avc1.4d400c", "asr": null, "filesize": 1485697, "fps": 25, "tbr": 68.679, "width": 256, "acodec": "none", "downloader_options": {"http_chunk_size": 10485760}, "format": "160 - 256x144 (144p)", "protocol": "https", "http_headers": {"User-Agent": "Mozilla/5.0 (Windows NT 10.0; Win64; x64) AppleWebKit/537.36 (KHTML, like Gecko) Chrome/70.0.3538.79 Safari/537.36", "Accept-Charset": "ISO-8859-1,utf-8;q=0.7,*;q=0.7", "Accept": "text/html,application/xhtml+xml,application/xml;q=0.9,*/*;q=0.8", "Accept-Encoding": "gzip, deflate", "Accept-Language": "en-us,en;q=0.5"}}, {"format_id": "133", "url": "https://r2---sn-5njj-u2xl.googlevideo.com/videoplayback?expire=1612167736&ei=2GUXYJaUFtiMs8IPypGcmAU&ip=140.109.135.76&id=o-AMgGbj6dmnw3aiTgwgTre7cvxwaEBPDmyPrN70EmHxji&itag=133&aitags=133%2C134%2C135%2C136%2C137%2C160%2C242%2C243%2C244%2C247%2C248%2C278&source=youtube&requiressl=yes&mh=CI&mm=31%2C29&mn=sn-5njj-u2xl%2Csn-un57en7l&ms=au%2Crdu&mv=m&mvi=2&pl=16&initcwndbps=422500&vprv=1&mime=video%2Fmp4&ns=fdmYAvVB5Izq1-JPXKmeRSUF&gir=yes&clen=2611894&dur=197.880&lmt=1554858760123285&mt=1612145803&fvip=2&keepalive=yes&c=WEB&txp=5535432&n=Jv0HHJ479GHTMyRHx&sparams=expire%2Cei%2Cip%2Cid%2Caitags%2Csource%2Crequiressl%2Cvprv%2Cmime%2Cns%2Cgir%2Cclen%2Cdur%2Clmt&lsparams=mh%2Cmm%2Cmn%2Cms%2Cmv%2Cmvi%2Cpl%2Cinitcwndbps&lsig=AG3C_xAwRAIgfX2PQAIKEYboW-nhtWl2KxMpJQ3MYXW7vmVPEsBbtWsCICNjZIoYcQRCTwkhYhjNDJAUnnJM-vhF7mG8g7ErZ1rT&sig=AOq0QJ8wRQIhAP3QXUMSIAidBnYrcmHkfdFMjPxlyOf2Drg6sWtWiZPVAiAC5tpwCFegUeqIKCZeKCy-IwFZs_gLFUGAO5zWhvbGDg==&ratebypass=yes", "player_url": "/s/player/7bc032d0/player_ias.vflset/en_US/base.js", "ext": "mp4", "height": 240, "format_note": "240p", "vcodec": "avc1.4d4015", "asr": null, "filesize": 2611894, "fps": 25, "tbr": 122.22, "width": 426, "acodec": "none", "downloader_options": {"http_chunk_size": 10485760}, "format": "133 - 426x240 (240p)", "protocol": "https", "http_headers": {"User-Agent": "Mozilla/5.0 (Windows NT 10.0; Win64; x64) AppleWebKit/537.36 (KHTML, like Gecko) Chrome/70.0.3538.79 Safari/537.36", "Accept-Charset": "ISO-8859-1,utf-8;q=0.7,*;q=0.7", "Accept": "text/html,application/xhtml+xml,application/xml;q=0.9,*/*;q=0.8", "Accept-Encoding": "gzip, deflate", "Accept-Language": "en-us,en;q=0.5"}}, {"format_id": "278", "url": "https://r2---sn-5njj-u2xl.googlevideo.com/videoplayback?expire=1612167736&ei=2GUXYJaUFtiMs8IPypGcmAU&ip=140.109.135.76&id=o-AMgGbj6dmnw3aiTgwgTre7cvxwaEBPDmyPrN70EmHxji&itag=278&aitags=133%2C134%2C135%2C136%2C137%2C160%2C242%2C243%2C244%2C247%2C248%2C278&source=youtube&requiressl=yes&mh=CI&mm=31%2C29&mn=sn-5njj-u2xl%2Csn-un57en7l&ms=au%2Crdu&mv=m&mvi=2&pl=16&initcwndbps=422500&vprv=1&mime=video%2Fwebm&ns=fdmYAvVB5Izq1-JPXKmeRSUF&gir=yes&clen=2903680&dur=197.880&lmt=1549034285408490&mt=1612145803&fvip=2&keepalive=yes&c=WEB&txp=5531432&n=Jv0HHJ479GHTMyRHx&sparams=expire%2Cei%2Cip%2Cid%2Caitags%2Csource%2Crequiressl%2Cvprv%2Cmime%2Cns%2Cgir%2Cclen%2Cdur%2Clmt&lsparams=mh%2Cmm%2Cmn%2Cms%2Cmv%2Cmvi%2Cpl%2Cinitcwndbps&lsig=AG3C_xAwRQIgFzwisCrYhLNIagumFOBYbgI3QsH1HRcsnJICa14MyEECIQDhtHaTtFUpmXGXkZYZIKoCfsnBKI4lqxz8TKDfl23pmA%3D%3D&sig=AOq0QJ8wRAIgfdZaCvtQgOysEun_i2ahSJBZwMPS0W_zeuPxVE-7kB4CIA8ZGfVN3H59Wp2XGx-ElwAPGoH820f_jANRmJPMjnby&ratebypass=yes", "player_url": "/s/player/7bc032d0/player_ias.vflset/en_US/base.js", "ext": "webm", "height": 144, "format_note": "144p", "container": "webm", "vcodec": "vp9", "asr": null, "filesize": 2903680, "fps": 25, "tbr": 140.923, "width": 256, "acodec": "none", "downloader_options": {"http_chunk_size": 10485760}, "format": "278 - 256x144 (144p)", "protocol": "https", "http_headers": {"User-Agent": "Mozilla/5.0 (Windows NT 10.0; Win64; x64) AppleWebKit/537.36 (KHTML, like Gecko) Chrome/70.0.3538.79 Safari/537.36", "Accept-Charset": "ISO-8859-1,utf-8;q=0.7,*;q=0.7", "Accept": "text/html,application/xhtml+xml,application/xml;q=0.9,*/*;q=0.8", "Accept-Encoding": "gzip, deflate", "Accept-Language": "en-us,en;q=0.5"}}, {"format_id": "242", "url": "https://r2---sn-5njj-u2xl.googlevideo.com/videoplayback?expire=1612167736&ei=2GUXYJaUFtiMs8IPypGcmAU&ip=140.109.135.76&id=o-AMgGbj6dmnw3aiTgwgTre7cvxwaEBPDmyPrN70EmHxji&itag=242&aitags=133%2C134%2C135%2C136%2C137%2C160%2C242%2C243%2C244%2C247%2C248%2C278&source=youtube&requiressl=yes&mh=CI&mm=31%2C29&mn=sn-5njj-u2xl%2Csn-un57en7l&ms=au%2Crdu&mv=m&mvi=2&pl=16&initcwndbps=422500&vprv=1&mime=video%2Fwebm&ns=fdmYAvVB5Izq1-JPXKmeRSUF&gir=yes&clen=3265596&dur=197.880&lmt=1549034265152989&mt=1612145803&fvip=2&keepalive=yes&c=WEB&txp=5531432&n=Jv0HHJ479GHTMyRHx&sparams=expire%2Cei%2Cip%2Cid%2Caitags%2Csource%2Crequiressl%2Cvprv%2Cmime%2Cns%2Cgir%2Cclen%2Cdur%2Clmt&lsparams=mh%2Cmm%2Cmn%2Cms%2Cmv%2Cmvi%2Cpl%2Cinitcwndbps&lsig=AG3C_xAwRgIhAPuZBz0v_G6dqPbks2SyDxpa_jUqqe0EZnwgdSrganGEAiEA9EdRE32Jw_fZioAwHhzULLIsVVl9AiaLF6OnKu39V38%3D&sig=AOq0QJ8wRQIhAKPgnwf_FpKxN6dXHX-rV2RAGau0xuI0qyed0m2FlIhRAiAuA5nVGdDBpalnE1js3MQA4isebk1eAYlkrsEjDNKyiA==&ratebypass=yes", "player_url": "/s/player/7bc032d0/player_ias.vflset/en_US/base.js", "ext": "webm", "height": 240, "format_note": "240p", "vcodec": "vp9", "asr": null, "filesize": 3265596, "fps": 25, "tbr": 147.075, "width": 426, "acodec": "none", "downloader_options": {"http_chunk_size": 10485760}, "format": "242 - 426x240 (240p)", "protocol": "https", "http_headers": {"User-Agent": "Mozilla/5.0 (Windows NT 10.0; Win64; x64) AppleWebKit/537.36 (KHTML, like Gecko) Chrome/70.0.3538.79 Safari/537.36", "Accept-Charset": "ISO-8859-1,utf-8;q=0.7,*;q=0.7", "Accept": "text/html,application/xhtml+xml,application/xml;q=0.9,*/*;q=0.8", "Accept-Encoding": "gzip, deflate", "Accept-Language": "en-us,en;q=0.5"}}, {"format_id": "134", "url": "https://r2---sn-5njj-u2xl.googlevideo.com/videoplayback?expire=1612167736&ei=2GUXYJaUFtiMs8IPypGcmAU&ip=140.109.135.76&id=o-AMgGbj6dmnw3aiTgwgTre7cvxwaEBPDmyPrN70EmHxji&itag=134&aitags=133%2C134%2C135%2C136%2C137%2C160%2C242%2C243%2C244%2C247%2C248%2C278&source=youtube&requiressl=yes&mh=CI&mm=31%2C29&mn=sn-5njj-u2xl%2Csn-un57en7l&ms=au%2Crdu&mv=m&mvi=2&pl=16&initcwndbps=422500&vprv=1&mime=video%2Fmp4&ns=fdmYAvVB5Izq1-JPXKmeRSUF&gir=yes&clen=4517008&dur=197.880&lmt=1554858746673466&mt=1612145803&fvip=2&keepalive=yes&c=WEB&txp=5535432&n=Jv0HHJ479GHTMyRHx&sparams=expire%2Cei%2Cip%2Cid%2Caitags%2Csource%2Crequiressl%2Cvprv%2Cmime%2Cns%2Cgir%2Cclen%2Cdur%2Clmt&lsparams=mh%2Cmm%2Cmn%2Cms%2Cmv%2Cmvi%2Cpl%2Cinitcwndbps&lsig=AG3C_xAwRQIhAOTzCgX6Xw1oK6zEcLwbW6mMw9YpEkcPgDTXdMhbHqfeAiBQnofbKRcniygNUL6K1WS0jwMPAfbdtwJoIo97kqPbiA%3D%3D&sig=AOq0QJ8wRAIgLDoDk5GJv03LZO-bnidKAw38UnCo_lMNNwxUYWRyFNECIBd8MJ_LscWPs61rkJ_INYa-cTWI4MSxVFTxHh2UmlOE&ratebypass=yes", "player_url": "/s/player/7bc032d0/player_ias.vflset/en_US/base.js", "ext": "mp4", "height": 360, "format_note": "360p", "vcodec": "avc1.4d401e", "asr": null, "filesize": 4517008, "fps": 25, "tbr": 217.142, "width": 640, "acodec": "none", "downloader_options": {"http_chunk_size": 10485760}, "format": "134 - 640x360 (360p)", "protocol": "https", "http_headers": {"User-Agent": "Mozilla/5.0 (Windows NT 10.0; Win64; x64) AppleWebKit/537.36 (KHTML, like Gecko) Chrome/70.0.3538.79 Safari/537.36", "Accept-Charset": "ISO-8859-1,utf-8;q=0.7,*;q=0.7", "Accept": "text/html,application/xhtml+xml,application/xml;q=0.9,*/*;q=0.8", "Accept-Encoding": "gzip, deflate", "Accept-Language": "en-us,en;q=0.5"}}, {"format_id": "243", "url": "https://r2---sn-5njj-u2xl.googlevideo.com/videoplayback?expire=1612167736&ei=2GUXYJaUFtiMs8IPypGcmAU&ip=140.109.135.76&id=o-AMgGbj6dmnw3aiTgwgTre7cvxwaEBPDmyPrN70EmHxji&itag=243&aitags=133%2C134%2C135%2C136%2C137%2C160%2C242%2C243%2C244%2C247%2C248%2C278&source=youtube&requiressl=yes&mh=CI&mm=31%2C29&mn=sn-5njj-u2xl%2Csn-un57en7l&ms=au%2Crdu&mv=m&mvi=2&pl=16&initcwndbps=422500&vprv=1&mime=video%2Fwebm&ns=fdmYAvVB5Izq1-JPXKmeRSUF&gir=yes&clen=5536845&dur=197.880&lmt=1549034257246518&mt=1612145803&fvip=2&keepalive=yes&c=WEB&txp=5531432&n=Jv0HHJ479GHTMyRHx&sparams=expire%2Cei%2Cip%2Cid%2Caitags%2Csource%2Crequiressl%2Cvprv%2Cmime%2Cns%2Cgir%2Cclen%2Cdur%2Clmt&lsparams=mh%2Cmm%2Cmn%2Cms%2Cmv%2Cmvi%2Cpl%2Cinitcwndbps&lsig=AG3C_xAwRgIhAKHC2TochEl-p82CU1wO27o5L_sJJEAh2_WAa5q1DhLsAiEAwjtZ94qEl8U-Ukvm1rYE4SITs4ym4aPUcSJh7zkVyIs%3D&sig=AOq0QJ8wRQIhALdiagTi-N7JeG9G7fIjUJi1TNQRklgx5I3xQQk5TrZDAiBOANrdCeQ9smHjZU1e35CFv0NSYxyKcbz2RxU5yWVX3g==&ratebypass=yes", "player_url": "/s/player/7bc032d0/player_ias.vflset/en_US/base.js", "ext": "webm", "height": 360, "format_note": "360p", "vcodec": "vp9", "asr": null, "filesize": 5536845, "fps": 25, "tbr": 249.601, "width": 640, "acodec": "none", "downloader_options": {"http_chunk_size": 10485760}, "format": "243 - 640x360 (360p)", "protocol": "https", "http_headers": {"User-Agent": "Mozilla/5.0 (Windows NT 10.0; Win64; x64) AppleWebKit/537.36 (KHTML, like Gecko) Chrome/70.0.3538.79 Safari/537.36", "Accept-Charset": "ISO-8859-1,utf-8;q=0.7,*;q=0.7", "Accept": "text/html,application/xhtml+xml,application/xml;q=0.9,*/*;q=0.8", "Accept-Encoding": "gzip, deflate", "Accept-Language": "en-us,en;q=0.5"}}, {"format_id": "135", "url": "https://r2---sn-5njj-u2xl.googlevideo.com/videoplayback?expire=1612167736&ei=2GUXYJaUFtiMs8IPypGcmAU&ip=140.109.135.76&id=o-AMgGbj6dmnw3aiTgwgTre7cvxwaEBPDmyPrN70EmHxji&itag=135&aitags=133%2C134%2C135%2C136%2C137%2C160%2C242%2C243%2C244%2C247%2C248%2C278&source=youtube&requiressl=yes&mh=CI&mm=31%2C29&mn=sn-5njj-u2xl%2Csn-un57en7l&ms=au%2Crdu&mv=m&mvi=2&pl=16&initcwndbps=422500&vprv=1&mime=video%2Fmp4&ns=fdmYAvVB5Izq1-JPXKmeRSUF&gir=yes&clen=6603030&dur=197.880&lmt=1554858753192911&mt=1612145803&fvip=2&keepalive=yes&c=WEB&txp=5535432&n=Jv0HHJ479GHTMyRHx&sparams=expire%2Cei%2Cip%2Cid%2Caitags%2Csource%2Crequiressl%2Cvprv%2Cmime%2Cns%2Cgir%2Cclen%2Cdur%2Clmt&lsparams=mh%2Cmm%2Cmn%2Cms%2Cmv%2Cmvi%2Cpl%2Cinitcwndbps&lsig=AG3C_xAwRQIgPV43WwzosKsrHKKy0cj58Z-TIh6__7SLt65NKpGpDvkCIQD4vsxJXdORYqZpvIgl8iJ63nf8Zjxfl_VYYfGIX-DKDQ%3D%3D&sig=AOq0QJ8wRQIgcajKnV25VFFOI0Xc1CM2G_y90XY2XS5FbNLYz7esPxMCIQCfukI-pyTP7o1-oByjw27-hDIS-7f14y0-v48uvuCjNw==&ratebypass=yes", "player_url": "/s/player/7bc032d0/player_ias.vflset/en_US/base.js", "ext": "mp4", "height": 480, "format_note": "480p", "vcodec": "avc1.4d401e", "asr": null, "filesize": 6603030, "fps": 25, "tbr": 311.082, "width": 854, "acodec": "none", "downloader_options": {"http_chunk_size": 10485760}, "format": "135 - 854x480 (480p)", "protocol": "https", "http_headers": {"User-Agent": "Mozilla/5.0 (Windows NT 10.0; Win64; x64) AppleWebKit/537.36 (KHTML, like Gecko) Chrome/70.0.3538.79 Safari/537.36", "Accept-Charset": "ISO-8859-1,utf-8;q=0.7,*;q=0.7", "Accept": "text/html,application/xhtml+xml,application/xml;q=0.9,*/*;q=0.8", "Accept-Encoding": "gzip, deflate", "Accept-Language": "en-us,en;q=0.5"}}, {"format_id": "244", "url": "https://r2---sn-5njj-u2xl.googlevideo.com/videoplayback?expire=1612167736&ei=2GUXYJaUFtiMs8IPypGcmAU&ip=140.109.135.76&id=o-AMgGbj6dmnw3aiTgwgTre7cvxwaEBPDmyPrN70EmHxji&itag=244&aitags=133%2C134%2C135%2C136%2C137%2C160%2C242%2C243%2C244%2C247%2C248%2C278&source=youtube&requiressl=yes&mh=CI&mm=31%2C29&mn=sn-5njj-u2xl%2Csn-un57en7l&ms=au%2Crdu&mv=m&mvi=2&pl=16&initcwndbps=422500&vprv=1&mime=video%2Fwebm&ns=fdmYAvVB5Izq1-JPXKmeRSUF&gir=yes&clen=7800536&dur=197.880&lmt=1549034322686242&mt=1612145803&fvip=2&keepalive=yes&c=WEB&txp=5531432&n=Jv0HHJ479GHTMyRHx&sparams=expire%2Cei%2Cip%2Cid%2Caitags%2Csource%2Crequiressl%2Cvprv%2Cmime%2Cns%2Cgir%2Cclen%2Cdur%2Clmt&lsparams=mh%2Cmm%2Cmn%2Cms%2Cmv%2Cmvi%2Cpl%2Cinitcwndbps&lsig=AG3C_xAwRgIhAPeFspYvmudal74SGeNag4apQHaDHScrcFdMXtmWtEM8AiEA2ayjvy6Z-ji-ykSQmRA2oooPENezjGsndMKGmg7Xo1M%3D&sig=AOq0QJ8wRAIgNrzos2vwhyeh6YXbbclWNDKB2XTVyIPcLHwYxKwEL3MCIGPQlc2t-d0gDVTpy0Ep6qQVrQuaWlYbE8RM3K2aExFP&ratebypass=yes", "player_url": "/s/player/7bc032d0/player_ias.vflset/en_US/base.js", "ext": "webm", "height": 480, "format_note": "480p", "vcodec": "vp9", "asr": null, "filesize": 7800536, "fps": 25, "tbr": 355.26, "width": 854, "acodec": "none", "downloader_options": {"http_chunk_size": 10485760}, "format": "244 - 854x480 (480p)", "protocol": "https", "http_headers": {"User-Agent": "Mozilla/5.0 (Windows NT 10.0; Win64; x64) AppleWebKit/537.36 (KHTML, like Gecko) Chrome/70.0.3538.79 Safari/537.36", "Accept-Charset": "ISO-8859-1,utf-8;q=0.7,*;q=0.7", "Accept": "text/html,application/xhtml+xml,application/xml;q=0.9,*/*;q=0.8", "Accept-Encoding": "gzip, deflate", "Accept-Language": "en-us,en;q=0.5"}}, {"format_id": "136", "url": "https://r2---sn-5njj-u2xl.googlevideo.com/videoplayback?expire=1612167736&ei=2GUXYJaUFtiMs8IPypGcmAU&ip=140.109.135.76&id=o-AMgGbj6dmnw3aiTgwgTre7cvxwaEBPDmyPrN70EmHxji&itag=136&aitags=133%2C134%2C135%2C136%2C137%2C160%2C242%2C243%2C244%2C247%2C248%2C278&source=youtube&requiressl=yes&mh=CI&mm=31%2C29&mn=sn-5njj-u2xl%2Csn-un57en7l&ms=au%2Crdu&mv=m&mvi=2&pl=16&initcwndbps=422500&vprv=1&mime=video%2Fmp4&ns=fdmYAvVB5Izq1-JPXKmeRSUF&gir=yes&clen=10331168&dur=197.880&lmt=1554858732420457&mt=1612145803&fvip=2&keepalive=yes&c=WEB&txp=5535432&n=Jv0HHJ479GHTMyRHx&sparams=expire%2Cei%2Cip%2Cid%2Caitags%2Csource%2Crequiressl%2Cvprv%2Cmime%2Cns%2Cgir%2Cclen%2Cdur%2Clmt&lsparams=mh%2Cmm%2Cmn%2Cms%2Cmv%2Cmvi%2Cpl%2Cinitcwndbps&lsig=AG3C_xAwRQIgZbJGxLa5NDww0GAXxF_AqUJMmpsvDnqmlhjNkCfm9h0CIQCabmt1mX2ylDfYyy0g9QXH_ZKAjZ1yoG4KT5lJRNI9SA%3D%3D&sig=AOq0QJ8wRQIhAMp3c315uCXUJZNtiZ6L8Ff3--AaSQl26lgB6SN9rUdsAiB25cZ4aaSalDSF7e9HfDRqpcyzov9GFT8p18NmhrYxyw==&ratebypass=yes", "player_url": "/s/player/7bc032d0/player_ias.vflset/en_US/base.js", "ext": "mp4", "height": 720, "format_note": "720p", "vcodec": "avc1.4d401f", "asr": null, "filesize": 10331168, "fps": 25, "tbr": 503.367, "width": 1280, "acodec": "none", "downloader_options": {"http_chunk_size": 10485760}, "format": "136 - 1280x720 (720p)", "protocol": "https", "http_headers": {"User-Agent": "Mozilla/5.0 (Windows NT 10.0; Win64; x64) AppleWebKit/537.36 (KHTML, like Gecko) Chrome/70.0.3538.79 Safari/537.36", "Accept-Charset": "ISO-8859-1,utf-8;q=0.7,*;q=0.7", "Accept": "text/html,application/xhtml+xml,application/xml;q=0.9,*/*;q=0.8", "Accept-Encoding": "gzip, deflate", "Accept-Language": "en-us,en;q=0.5"}}, {"format_id": "247", "url": "https://r2---sn-5njj-u2xl.googlevideo.com/videoplayback?expire=1612167736&ei=2GUXYJaUFtiMs8IPypGcmAU&ip=140.109.135.76&id=o-AMgGbj6dmnw3aiTgwgTre7cvxwaEBPDmyPrN70EmHxji&itag=247&aitags=133%2C134%2C135%2C136%2C137%2C160%2C242%2C243%2C244%2C247%2C248%2C278&source=youtube&requiressl=yes&mh=CI&mm=31%2C29&mn=sn-5njj-u2xl%2Csn-un57en7l&ms=au%2Crdu&mv=m&mvi=2&pl=16&initcwndbps=422500&vprv=1&mime=video%2Fwebm&ns=fdmYAvVB5Izq1-JPXKmeRSUF&gir=yes&clen=12927929&dur=197.880&lmt=1549034338366344&mt=1612145803&fvip=2&keepalive=yes&c=WEB&txp=5531432&n=Jv0HHJ479GHTMyRHx&sparams=expire%2Cei%2Cip%2Cid%2Caitags%2Csource%2Crequiressl%2Cvprv%2Cmime%2Cns%2Cgir%2Cclen%2Cdur%2Clmt&lsparams=mh%2Cmm%2Cmn%2Cms%2Cmv%2Cmvi%2Cpl%2Cinitcwndbps&lsig=AG3C_xAwRQIgNibbcA-GQ_w8o3vtnpkRRdynalGPbMoMbSMbtr0ZX8gCIQChlt8m2KvMWfdugcjcNFTvLveV5ABdOqg1x-psDzJy-A%3D%3D&sig=AOq0QJ8wRgIhAOeuZph1AxzaiVhxZKq5HO1FZs5-oDoeZLNSsu-c5EIcAiEApTZda_PmdJpqVhPfV6rWbW-_tfUb8w10l2tkSrCsTfY=&ratebypass=yes", "player_url": "/s/player/7bc032d0/player_ias.vflset/en_US/base.js", "ext": "webm", "height": 720, "format_note": "720p", "vcodec": "vp9", "asr": null, "filesize": 12927929, "fps": 25, "tbr": 585.137, "width": 1280, "acodec": "none", "downloader_options": {"http_chunk_size": 10485760}, "format": "247 - 1280x720 (720p)", "protocol": "https", "http_headers": {"User-Agent": "Mozilla/5.0 (Windows NT 10.0; Win64; x64) AppleWebKit/537.36 (KHTML, like Gecko) Chrome/70.0.3538.79 Safari/537.36", "Accept-Charset": "ISO-8859-1,utf-8;q=0.7,*;q=0.7", "Accept": "text/html,application/xhtml+xml,application/xml;q=0.9,*/*;q=0.8", "Accept-Encoding": "gzip, deflate", "Accept-Language": "en-us,en;q=0.5"}}, {"format_id": "137", "url": "https://r2---sn-5njj-u2xl.googlevideo.com/videoplayback?expire=1612167736&ei=2GUXYJaUFtiMs8IPypGcmAU&ip=140.109.135.76&id=o-AMgGbj6dmnw3aiTgwgTre7cvxwaEBPDmyPrN70EmHxji&itag=137&aitags=133%2C134%2C135%2C136%2C137%2C160%2C242%2C243%2C244%2C247%2C248%2C278&source=youtube&requiressl=yes&mh=CI&mm=31%2C29&mn=sn-5njj-u2xl%2Csn-un57en7l&ms=au%2Crdu&mv=m&mvi=2&pl=16&initcwndbps=422500&vprv=1&mime=video%2Fmp4&ns=fdmYAvVB5Izq1-JPXKmeRSUF&gir=yes&clen=32225653&dur=197.880&lmt=1554858861452669&mt=1612145803&fvip=2&keepalive=yes&c=WEB&txp=5535432&n=Jv0HHJ479GHTMyRHx&sparams=expire%2Cei%2Cip%2Cid%2Caitags%2Csource%2Crequiressl%2Cvprv%2Cmime%2Cns%2Cgir%2Cclen%2Cdur%2Clmt&lsparams=mh%2Cmm%2Cmn%2Cms%2Cmv%2Cmvi%2Cpl%2Cinitcwndbps&lsig=AG3C_xAwRgIhAJXHD3VnxzwWnKk867vRCOqhj_8JF8KPwaZYrb5GaylKAiEArCX1hkiZBtzwXX6YStPBpPp1Gqb3CRdS0dPeqztDzcA%3D&sig=AOq0QJ8wRQIhANuO60HQLgxH1qy6xwSMHoE-GUbByuENU6QxZe6PfYCzAiA1cJeZ_eHytAuUtY1MazLqq9CkbrO3P7480CzhppfBMw==&ratebypass=yes", "player_url": "/s/player/7bc032d0/player_ias.vflset/en_US/base.js", "ext": "mp4", "height": 1080, "format_note": "1080p", "vcodec": "avc1.640028", "asr": null, "filesize": 32225653, "fps": 25, "tbr": 1457.215, "width": 1920, "acodec": "none", "downloader_options": {"http_chunk_size": 10485760}, "format": "137 - 1920x1080 (1080p)", "protocol": "https", "http_headers": {"User-Agent": "Mozilla/5.0 (Windows NT 10.0; Win64; x64) AppleWebKit/537.36 (KHTML, like Gecko) Chrome/70.0.3538.79 Safari/537.36", "Accept-Charset": "ISO-8859-1,utf-8;q=0.7,*;q=0.7", "Accept": "text/html,application/xhtml+xml,application/xml;q=0.9,*/*;q=0.8", "Accept-Encoding": "gzip, deflate", "Accept-Language": "en-us,en;q=0.5"}}, {"format_id": "248", "url": "https://r2---sn-5njj-u2xl.googlevideo.com/videoplayback?expire=1612167736&ei=2GUXYJaUFtiMs8IPypGcmAU&ip=140.109.135.76&id=o-AMgGbj6dmnw3aiTgwgTre7cvxwaEBPDmyPrN70EmHxji&itag=248&aitags=133%2C134%2C135%2C136%2C137%2C160%2C242%2C243%2C244%2C247%2C248%2C278&source=youtube&requiressl=yes&mh=CI&mm=31%2C29&mn=sn-5njj-u2xl%2Csn-un57en7l&ms=au%2Crdu&mv=m&mvi=2&pl=16&initcwndbps=422500&vprv=1&mime=video%2Fwebm&ns=fdmYAvVB5Izq1-JPXKmeRSUF&gir=yes&clen=38917384&dur=197.880&lmt=1549034476846497&mt=1612145803&fvip=2&keepalive=yes&c=WEB&txp=5531432&n=Jv0HHJ479GHTMyRHx&sparams=expire%2Cei%2Cip%2Cid%2Caitags%2Csource%2Crequiressl%2Cvprv%2Cmime%2Cns%2Cgir%2Cclen%2Cdur%2Clmt&lsparams=mh%2Cmm%2Cmn%2Cms%2Cmv%2Cmvi%2Cpl%2Cinitcwndbps&lsig=AG3C_xAwRgIhAIms9r83krO_L9OwyD6tFszCNbDoElFTonQ3szbCdVpoAiEAurfw4fagq0xNBvxySWQ3kOWniNPGQsD-CyepgMGXzlE%3D&sig=AOq0QJ8wRgIhAPiv1w2tgmTLOrvZ0mSxK4q3XIXClNu6G97_5vcbK0hZAiEAkcC_D8le1kZ2xI-BR4KbHWHDYTN8D0q2XBceXqxVNsQ=&ratebypass=yes", "player_url": "/s/player/7bc032d0/player_ias.vflset/en_US/base.js", "ext": "webm", "height": 1080, "format_note": "1080p", "vcodec": "vp9", "asr": null, "filesize": 38917384, "fps": 25, "tbr": 1739.765, "width": 1920, "acodec": "none", "downloader_options": {"http_chunk_size": 10485760}, "format": "248 - 1920x1080 (1080p)", "protocol": "https", "http_headers": {"User-Agent": "Mozilla/5.0 (Windows NT 10.0; Win64; x64) AppleWebKit/537.36 (KHTML, like Gecko) Chrome/70.0.3538.79 Safari/537.36", "Accept-Charset": "ISO-8859-1,utf-8;q=0.7,*;q=0.7", "Accept": "text/html,application/xhtml+xml,application/xml;q=0.9,*/*;q=0.8", "Accept-Encoding": "gzip, deflate", "Accept-Language": "en-us,en;q=0.5"}}, {"format_id": "18", "url": "https://r2---sn-5njj-u2xl.googlevideo.com/videoplayback?expire=1612167736&ei=2GUXYJaUFtiMs8IPypGcmAU&ip=140.109.135.76&id=o-AMgGbj6dmnw3aiTgwgTre7cvxwaEBPDmyPrN70EmHxji&itag=18&source=youtube&requiressl=yes&mh=CI&mm=31%2C29&mn=sn-5njj-u2xl%2Csn-un57en7l&ms=au%2Crdu&mv=m&mvi=2&pl=16&initcwndbps=422500&vprv=1&mime=video%2Fmp4&ns=Woio0OBCxCw0UaAsYq5T24cF&gir=yes&clen=11353957&ratebypass=yes&dur=197.926&lmt=1554857751673998&mt=1612145803&fvip=2&c=WEB&txp=5531432&n=roc5OijFVnruJBerz&sparams=expire%2Cei%2Cip%2Cid%2Citag%2Csource%2Crequiressl%2Cvprv%2Cmime%2Cns%2Cgir%2Cclen%2Cratebypass%2Cdur%2Clmt&lsparams=mh%2Cmm%2Cmn%2Cms%2Cmv%2Cmvi%2Cpl%2Cinitcwndbps&lsig=AG3C_xAwRAIgZKnsGbGK4wpE1JRC4vNFLOOsDOZ3m7EVMnk2PXh3mogCIEJnQ7CgNZiz3F9vDhnWbROu9cJhA4Lp71Zji3I3whgH&sig=AOq0QJ8wRgIhAI6B3rSWwhQLGgbf_KG0NjNHjcCfk324fsFHJyJCR3bTAiEAzF3elUZuhkDR2ewdrz2S5Syoo_ERFiCHde3hooaVwT0=", "player_url": "/s/player/7bc032d0/player_ias.vflset/en_US/base.js", "ext": "mp4", "width": 640, "height": 360, "acodec": "mp4a.40.2", "abr": 96, "vcodec": "avc1.42001E", "asr": 44100, "filesize": 11353957, "format_note": "360p", "fps": 25, "tbr": 459.023, "format": "18 - 640x360 (360p)", "protocol": "https", "http_headers": {"User-Agent": "Mozilla/5.0 (Windows NT 10.0; Win64; x64) AppleWebKit/537.36 (KHTML, like Gecko) Chrome/70.0.3538.79 Safari/537.36", "Accept-Charset": "ISO-8859-1,utf-8;q=0.7,*;q=0.7", "Accept": "text/html,application/xhtml+xml,application/xml;q=0.9,*/*;q=0.8", "Accept-Encoding": "gzip, deflate", "Accept-Language": "en-us,en;q=0.5"}}], "is_live": null, "start_time": null, "end_time": null, "series": null, "season_number": null, "episode_number": null, "track": null, "artist": null, "album": null, "release_date": null, "release_year": null, "extractor": "youtube", "webpage_url_basename": "watch", "extractor_key": "Youtube", "playlist": null, "playlist_index": null, "thumbnail": "https://i.ytimg.com/vi_webp/yFw_kO7DF-Y/maxresdefault.webp", "display_id": "yFw_kO7DF-Y", "requested_subtitles": null, "format_id": "251", "url": "https://r2---sn-5njj-u2xl.googlevideo.com/videoplayback?expire=1612167736&ei=2GUXYJaUFtiMs8IPypGcmAU&ip=140.109.135.76&id=o-AMgGbj6dmnw3aiTgwgTre7cvxwaEBPDmyPrN70EmHxji&itag=251&source=youtube&requiressl=yes&mh=CI&mm=31%2C29&mn=sn-5njj-u2xl%2Csn-un57en7l&ms=au%2Crdu&mv=m&mvi=2&pl=16&initcwndbps=422500&vprv=1&mime=audio%2Fwebm&ns=fdmYAvVB5Izq1-JPXKmeRSUF&gir=yes&clen=3668704&dur=197.901&lmt=1549034993583179&mt=1612145803&fvip=2&keepalive=yes&c=WEB&txp=5511222&n=Jv0HHJ479GHTMyRHx&sparams=expire%2Cei%2Cip%2Cid%2Citag%2Csource%2Crequiressl%2Cvprv%2Cmime%2Cns%2Cgir%2Cclen%2Cdur%2Clmt&lsparams=mh%2Cmm%2Cmn%2Cms%2Cmv%2Cmvi%2Cpl%2Cinitcwndbps&lsig=AG3C_xAwRgIhAPCghZIS2-UYoLWW7zKQoEa_z7r2_6hPsAyGXTQK63cOAiEA2SvdI8WhMhM_rRTnD8WYn48Z-bRJDbYN-yFDROMjJ-s%3D&sig=AOq0QJ8wRAIgFVXpm3hxpBZUD6jzUhNmAZMlxC8euJn9kOK_BvSy-HACIFjqG_cXvBy4dsJU7Mwi8-m49TJAX-tanbK7jWTsmIqH&ratebypass=yes", "player_url": "/s/player/7bc032d0/player_ias.vflset/en_US/base.js", "ext": "webm", "format_note": "tiny", "acodec": "opus", "abr": 160, "asr": 48000, "filesize": 3668704, "fps": null, "height": null, "tbr": 163.91, "width": null, "vcodec": "none", "downloader_options": {"http_chunk_size": 10485760}, "format": "251 - audio only (tiny)", "protocol": "https", "http_headers": {"User-Agent": "Mozilla/5.0 (Windows NT 10.0; Win64; x64) AppleWebKit/537.36 (KHTML, like Gecko) Chrome/70.0.3538.79 Safari/537.36", "Accept-Charset": "ISO-8859-1,utf-8;q=0.7,*;q=0.7", "Accept": "text/html,application/xhtml+xml,application/xml;q=0.9,*/*;q=0.8", "Accept-Encoding": "gzip, deflate", "Accept-Language": "en-us,en;q=0.5"}}