{"id": "Y5JcZQ0xg4Y", "uploader": "DooPiano", "uploader_id": "UCNoN7dpdAlglcQWUn2pFjDA", "uploader_url": "http://www.youtube.com/channel/UCNoN7dpdAlglcQWUn2pFjDA", "channel_id": "UCNoN7dpdAlglcQWUn2pFjDA", "channel_url": "http://www.youtube.com/channel/UCNoN7dpdAlglcQWUn2pFjDA", "upload_date": "20170528", "license": null, "creator": null, "title": "\ub808\ub4dc\ubca8\ubcb3 (Red Velvet) - \ub7ec\uc2dc\uc548 \ub8f0\ub81b (Russian Roulette) Piano Cover", "alt_title": null, "thumbnails": [{"url": "https://i.ytimg.com/vi/Y5JcZQ0xg4Y/hqdefault.jpg?sqp=-oaymwEYCKgBEF5IVfKriqkDCwgBFQAAiEIYAXAB&rs=AOn4CLBZzzq_MRyjcnkTAJMD0afpUTTlrg", "width": 168, "height": 94, "resolution": "168x94", "id": "0"}, {"url": "https://i.ytimg.com/vi/Y5JcZQ0xg4Y/hqdefault.jpg?sqp=-oaymwEYCMQBEG5IVfKriqkDCwgBFQAAiEIYAXAB&rs=AOn4CLBWLmVOS9sLIGRp6AmrfShN35sGvA", "width": 196, "height": 110, "resolution": "196x110", "id": "1"}, {"url": "https://i.ytimg.com/vi/Y5JcZQ0xg4Y/hqdefault.jpg?sqp=-oaymwEZCPYBEIoBSFXyq4qpAwsIARUAAIhCGAFwAQ==&rs=AOn4CLDt_FboO5NJLLltO9R_r_b9vGAHAA", "width": 246, "height": 138, "resolution": "246x138", "id": "2"}, {"url": "https://i.ytimg.com/vi/Y5JcZQ0xg4Y/hqdefault.jpg?sqp=-oaymwEZCNACELwBSFXyq4qpAwsIARUAAIhCGAFwAQ==&rs=AOn4CLDsvUY5ZCrGBT5Og-O9nFW36jZ9Jw", "width": 336, "height": 188, "resolution": "336x188", "id": "3"}, {"url": "https://i.ytimg.com/vi_webp/Y5JcZQ0xg4Y/maxresdefault.webp", "width": 1920, "height": 1080, "resolution": "1920x1080", "id": "4"}], "description": "\ub808\ub4dc\ubca8\ubcb3 '\ub7ec\uc2dc\uc548 \ub8f0\ub81b' \ud53c\uc544\ub178 \ucee4\ubc84\nPiano cover of 'Russian Roulette' by Red Velvet\n\n\uc545\ubcf4\uc9d1 [\ub450\ud53c\uc544\ub178\uc758 \ucf00\uc774\ud31d \ucf5c\ub809\uc158]\uc5d0 \uc218\ub85d\ub41c \uace1\uc785\ub2c8\ub2e4 :)\n\uad6c\ub9e4\ub9c1\ud06c:\nYES24 http://bit.ly/2DE6GvC\n\uad50\ubcf4\ubb38\uace0 http://bit.ly/2GaqNH1\n\uc54c\ub77c\ub518 http://bit.ly/2FN5ZWT\n\uc778\ud130\ud30c\ud06c http://bit.ly/2pp8Aeg\n\ubc18\ub514\uc564\ub8e8\ub2c8\uc2a4 http://bit.ly/2IEyFis\n\nYou can find the sheet music for this song in my new piano book, [DOOPIANO's KPOP COLLECTION]!\nPurchase link: http://bit.ly/2FN1hIp\n\n\ub7ec\uc2dc\uc548 \ub8f0\ub81b (Russian Roulette) M/V:\nhttps://youtu.be/QslJYDX3o8s\n\nWebsite:\nhttps://doopiano.com", "categories": ["Music"], "tags": ["\ub808\ub4dc\ubca8\ubcb3", "\ub7ec\uc2dc\uc548\ub8f0\ub81b", "russian roulette", "red velvet", "\ub808\ubca8", "\ud53c\uc544\ub178", "Piano", "inst", "instrumental", "mr"], "subtitles": {}, "automatic_captions": {}, "duration": 218, "age_limit": 0, "annotations": null, "chapters": null, "webpage_url": "https://www.youtube.com/watch?v=Y5JcZQ0xg4Y", "view_count": 597074, "like_count": 14370, "dislike_count": 54, "average_rating": 4.9850249, "formats": [{"format_id": "249", "url": "https://r1---sn-5njj-u2xl.googlevideo.com/videoplayback?expire=1612167584&ei=QGUXYOjJHIehqQGj5ae4Bw&ip=140.109.135.76&id=o-APQmmAu4qQRXWnZDuCom0_NDyc0Zr1QtueSOqf4kt0a1&itag=249&source=youtube&requiressl=yes&mh=MD&mm=31%2C29&mn=sn-5njj-u2xl%2Csn-un57en7e&ms=au%2Crdu&mv=m&mvi=1&pl=16&initcwndbps=422500&vprv=1&mime=audio%2Fwebm&ns=FbUBa0j6ppDlhACheqKJORcF&gir=yes&clen=1649051&dur=217.881&lmt=1540712771352078&mt=1612145803&fvip=1&keepalive=yes&c=WEB&txp=5411222&n=Josd4x6W8CcAnltW9&sparams=expire%2Cei%2Cip%2Cid%2Citag%2Csource%2Crequiressl%2Cvprv%2Cmime%2Cns%2Cgir%2Cclen%2Cdur%2Clmt&sig=AOq0QJ8wRQIhALKVoZ5SAzA8aOLPFUW8RdATewdX1qBmn6QTn92T1RQ6AiADBpq4buiBvLWWlukyS5F8ySOS9Lnm59WlHayyIq_IFg%3D%3D&lsparams=mh%2Cmm%2Cmn%2Cms%2Cmv%2Cmvi%2Cpl%2Cinitcwndbps&lsig=AG3C_xAwRQIgUe9aVAp8ageqA9lEG7EMS1TP9h8Nt5NWGnkKnZdtg6gCIQCIk9qmrOWB7Da13oOUTiRVj7WXlw8clLOMksOkK2eVJw%3D%3D&ratebypass=yes", "player_url": null, "ext": "webm", "format_note": "tiny", "acodec": "opus", "abr": 50, "asr": 48000, "filesize": 1649051, "fps": null, "height": null, "tbr": 66.288, "width": null, "vcodec": "none", "downloader_options": {"http_chunk_size": 10485760}, "format": "249 - audio only (tiny)", "protocol": "https", "http_headers": {"User-Agent": "Mozilla/5.0 (Windows NT 10.0; Win64; x64) AppleWebKit/537.36 (KHTML, like Gecko) Chrome/70.0.3538.79 Safari/537.36", "Accept-Charset": "ISO-8859-1,utf-8;q=0.7,*;q=0.7", "Accept": "text/html,application/xhtml+xml,application/xml;q=0.9,*/*;q=0.8", "Accept-Encoding": "gzip, deflate", "Accept-Language": "en-us,en;q=0.5"}}, {"format_id": "250", "url": "https://r1---sn-5njj-u2xl.googlevideo.com/videoplayback?expire=1612167584&ei=QGUXYOjJHIehqQGj5ae4Bw&ip=140.109.135.76&id=o-APQmmAu4qQRXWnZDuCom0_NDyc0Zr1QtueSOqf4kt0a1&itag=250&source=youtube&requiressl=yes&mh=MD&mm=31%2C29&mn=sn-5njj-u2xl%2Csn-un57en7e&ms=au%2Crdu&mv=m&mvi=1&pl=16&initcwndbps=422500&vprv=1&mime=audio%2Fwebm&ns=FbUBa0j6ppDlhACheqKJORcF&gir=yes&clen=2213077&dur=217.881&lmt=1540712744949108&mt=1612145803&fvip=1&keepalive=yes&c=WEB&txp=5411222&n=Josd4x6W8CcAnltW9&sparams=expire%2Cei%2Cip%2Cid%2Citag%2Csource%2Crequiressl%2Cvprv%2Cmime%2Cns%2Cgir%2Cclen%2Cdur%2Clmt&sig=AOq0QJ8wRQIhAKXBTDLXW6jwEgQty1DlRjZS-f5sCJO2mWJEZYsRYOLDAiB_MpkwUgaYr6tVx-PmlY_-B2_BSnZNgvJuq23FYmnxeQ%3D%3D&lsparams=mh%2Cmm%2Cmn%2Cms%2Cmv%2Cmvi%2Cpl%2Cinitcwndbps&lsig=AG3C_xAwRQIgUe9aVAp8ageqA9lEG7EMS1TP9h8Nt5NWGnkKnZdtg6gCIQCIk9qmrOWB7Da13oOUTiRVj7WXlw8clLOMksOkK2eVJw%3D%3D&ratebypass=yes", "player_url": null, "ext": "webm", "format_note": "tiny", "acodec": "opus", "abr": 70, "asr": 48000, "filesize": 2213077, "fps": null, "height": null, "tbr": 88.009, "width": null, "vcodec": "none", "downloader_options": {"http_chunk_size": 10485760}, "format": "250 - audio only (tiny)", "protocol": "https", "http_headers": {"User-Agent": "Mozilla/5.0 (Windows NT 10.0; Win64; x64) AppleWebKit/537.36 (KHTML, like Gecko) Chrome/70.0.3538.79 Safari/537.36", "Accept-Charset": "ISO-8859-1,utf-8;q=0.7,*;q=0.7", "Accept": "text/html,application/xhtml+xml,application/xml;q=0.9,*/*;q=0.8", "Accept-Encoding": "gzip, deflate", "Accept-Language": "en-us,en;q=0.5"}}, {"format_id": "140", "url": "https://r1---sn-5njj-u2xl.googlevideo.com/videoplayback?expire=1612167584&ei=QGUXYOjJHIehqQGj5ae4Bw&ip=140.109.135.76&id=o-APQmmAu4qQRXWnZDuCom0_NDyc0Zr1QtueSOqf4kt0a1&itag=140&source=youtube&requiressl=yes&mh=MD&mm=31%2C29&mn=sn-5njj-u2xl%2Csn-un57en7e&ms=au%2Crdu&mv=m&mvi=1&pl=16&initcwndbps=422500&vprv=1&mime=audio%2Fmp4&ns=FbUBa0j6ppDlhACheqKJORcF&gir=yes&clen=3527464&dur=217.919&lmt=1608491465762552&mt=1612145803&fvip=1&keepalive=yes&c=WEB&txp=5431432&n=Josd4x6W8CcAnltW9&sparams=expire%2Cei%2Cip%2Cid%2Citag%2Csource%2Crequiressl%2Cvprv%2Cmime%2Cns%2Cgir%2Cclen%2Cdur%2Clmt&sig=AOq0QJ8wRQIhAO11ip3_-TSji1vc5ev5LgRMHHsc4lcuN8jUfjVjIuyBAiANhrGwNCbv346DQ8hWffQvdhVWbECR2RkwgzmYNa-EdQ%3D%3D&lsparams=mh%2Cmm%2Cmn%2Cms%2Cmv%2Cmvi%2Cpl%2Cinitcwndbps&lsig=AG3C_xAwRQIgUe9aVAp8ageqA9lEG7EMS1TP9h8Nt5NWGnkKnZdtg6gCIQCIk9qmrOWB7Da13oOUTiRVj7WXlw8clLOMksOkK2eVJw%3D%3D&ratebypass=yes", "player_url": null, "ext": "m4a", "format_note": "tiny", "acodec": "mp4a.40.2", "abr": 128, "container": "m4a_dash", "asr": 44100, "filesize": 3527464, "fps": null, "height": null, "tbr": 130.442, "width": null, "vcodec": "none", "downloader_options": {"http_chunk_size": 10485760}, "format": "140 - audio only (tiny)", "protocol": "https", "http_headers": {"User-Agent": "Mozilla/5.0 (Windows NT 10.0; Win64; x64) AppleWebKit/537.36 (KHTML, like Gecko) Chrome/70.0.3538.79 Safari/537.36", "Accept-Charset": "ISO-8859-1,utf-8;q=0.7,*;q=0.7", "Accept": "text/html,application/xhtml+xml,application/xml;q=0.9,*/*;q=0.8", "Accept-Encoding": "gzip, deflate", "Accept-Language": "en-us,en;q=0.5"}}, {"format_id": "251", "url": "https://r1---sn-5njj-u2xl.googlevideo.com/videoplayback?expire=1612167584&ei=QGUXYOjJHIehqQGj5ae4Bw&ip=140.109.135.76&id=o-APQmmAu4qQRXWnZDuCom0_NDyc0Zr1QtueSOqf4kt0a1&itag=251&source=youtube&requiressl=yes&mh=MD&mm=31%2C29&mn=sn-5njj-u2xl%2Csn-un57en7e&ms=au%2Crdu&mv=m&mvi=1&pl=16&initcwndbps=422500&vprv=1&mime=audio%2Fwebm&ns=FbUBa0j6ppDlhACheqKJORcF&gir=yes&clen=4227774&dur=217.881&lmt=1540712745736441&mt=1612145803&fvip=1&keepalive=yes&c=WEB&txp=5411222&n=Josd4x6W8CcAnltW9&sparams=expire%2Cei%2Cip%2Cid%2Citag%2Csource%2Crequiressl%2Cvprv%2Cmime%2Cns%2Cgir%2Cclen%2Cdur%2Clmt&sig=AOq0QJ8wRQIgFmGeadinDXjBxmTHUF_l6KBuC8a87EOw67gsEwjpHVgCIQCbfpgqeSwfotXt1KtYR4mIahYjjBnO88K6ErSoEPh3kA%3D%3D&lsparams=mh%2Cmm%2Cmn%2Cms%2Cmv%2Cmvi%2Cpl%2Cinitcwndbps&lsig=AG3C_xAwRQIgUe9aVAp8ageqA9lEG7EMS1TP9h8Nt5NWGnkKnZdtg6gCIQCIk9qmrOWB7Da13oOUTiRVj7WXlw8clLOMksOkK2eVJw%3D%3D&ratebypass=yes", "player_url": null, "ext": "webm", "format_note": "tiny", "acodec": "opus", "abr": 160, "asr": 48000, "filesize": 4227774, "fps": null, "height": null, "tbr": 163.071, "width": null, "vcodec": "none", "downloader_options": {"http_chunk_size": 10485760}, "format": "251 - audio only (tiny)", "protocol": "https", "http_headers": {"User-Agent": "Mozilla/5.0 (Windows NT 10.0; Win64; x64) AppleWebKit/537.36 (KHTML, like Gecko) Chrome/70.0.3538.79 Safari/537.36", "Accept-Charset": "ISO-8859-1,utf-8;q=0.7,*;q=0.7", "Accept": "text/html,application/xhtml+xml,application/xml;q=0.9,*/*;q=0.8", "Accept-Encoding": "gzip, deflate", "Accept-Language": "en-us,en;q=0.5"}}, {"format_id": "160", "url": "https://r1---sn-5njj-u2xl.googlevideo.com/videoplayback?expire=1612167584&ei=QGUXYOjJHIehqQGj5ae4Bw&ip=140.109.135.76&id=o-APQmmAu4qQRXWnZDuCom0_NDyc0Zr1QtueSOqf4kt0a1&itag=160&aitags=133%2C134%2C135%2C136%2C137%2C160%2C242%2C243%2C244%2C247%2C248%2C278&source=youtube&requiressl=yes&mh=MD&mm=31%2C29&mn=sn-5njj-u2xl%2Csn-un57en7e&ms=au%2Crdu&mv=m&mvi=1&pl=16&initcwndbps=422500&vprv=1&mime=video%2Fmp4&ns=FbUBa0j6ppDlhACheqKJORcF&gir=yes&clen=219892&dur=217.866&lmt=1608491972250908&mt=1612145803&fvip=1&keepalive=yes&c=WEB&txp=5432432&n=Josd4x6W8CcAnltW9&sparams=expire%2Cei%2Cip%2Cid%2Caitags%2Csource%2Crequiressl%2Cvprv%2Cmime%2Cns%2Cgir%2Cclen%2Cdur%2Clmt&sig=AOq0QJ8wRQIgBLrmQoam4vQRjGmIe9bMWoKWlD7ny3-oWRBKBZbEgcwCIQCASl1mKrIflFwyuZJpoicdCZ8Ur0FjrBeHeOdYG8-WvQ%3D%3D&lsparams=mh%2Cmm%2Cmn%2Cms%2Cmv%2Cmvi%2Cpl%2Cinitcwndbps&lsig=AG3C_xAwRQIgUe9aVAp8ageqA9lEG7EMS1TP9h8Nt5NWGnkKnZdtg6gCIQCIk9qmrOWB7Da13oOUTiRVj7WXlw8clLOMksOkK2eVJw%3D%3D&ratebypass=yes", "player_url": null, "ext": "mp4", "height": 144, "format_note": "144p", "vcodec": "avc1.4d400c", "asr": null, "filesize": 219892, "fps": 30, "tbr": 9.705, "width": 256, "acodec": "none", "downloader_options": {"http_chunk_size": 10485760}, "format": "160 - 256x144 (144p)", "protocol": "https", "http_headers": {"User-Agent": "Mozilla/5.0 (Windows NT 10.0; Win64; x64) AppleWebKit/537.36 (KHTML, like Gecko) Chrome/70.0.3538.79 Safari/537.36", "Accept-Charset": "ISO-8859-1,utf-8;q=0.7,*;q=0.7", "Accept": "text/html,application/xhtml+xml,application/xml;q=0.9,*/*;q=0.8", "Accept-Encoding": "gzip, deflate", "Accept-Language": "en-us,en;q=0.5"}}, {"format_id": "133", "url": "https://r1---sn-5njj-u2xl.googlevideo.com/videoplayback?expire=1612167584&ei=QGUXYOjJHIehqQGj5ae4Bw&ip=140.109.135.76&id=o-APQmmAu4qQRXWnZDuCom0_NDyc0Zr1QtueSOqf4kt0a1&itag=133&aitags=133%2C134%2C135%2C136%2C137%2C160%2C242%2C243%2C244%2C247%2C248%2C278&source=youtube&requiressl=yes&mh=MD&mm=31%2C29&mn=sn-5njj-u2xl%2Csn-un57en7e&ms=au%2Crdu&mv=m&mvi=1&pl=16&initcwndbps=422500&vprv=1&mime=video%2Fmp4&ns=FbUBa0j6ppDlhACheqKJORcF&gir=yes&clen=305111&dur=217.866&lmt=1608491972212516&mt=1612145803&fvip=1&keepalive=yes&c=WEB&txp=5432432&n=Josd4x6W8CcAnltW9&sparams=expire%2Cei%2Cip%2Cid%2Caitags%2Csource%2Crequiressl%2Cvprv%2Cmime%2Cns%2Cgir%2Cclen%2Cdur%2Clmt&sig=AOq0QJ8wRQIhAO9pjsvHjsn-U1J6m3jdc687NZlzXUzG3ruN7gakwDFOAiBisvuiNxC171JnWcXm8bKO_iXCeegDk43c7UovNlPdHQ%3D%3D&lsparams=mh%2Cmm%2Cmn%2Cms%2Cmv%2Cmvi%2Cpl%2Cinitcwndbps&lsig=AG3C_xAwRQIgUe9aVAp8ageqA9lEG7EMS1TP9h8Nt5NWGnkKnZdtg6gCIQCIk9qmrOWB7Da13oOUTiRVj7WXlw8clLOMksOkK2eVJw%3D%3D&ratebypass=yes", "player_url": null, "ext": "mp4", "height": 240, "format_note": "240p", "vcodec": "avc1.4d4015", "asr": null, "filesize": 305111, "fps": 30, "tbr": 11.974, "width": 426, "acodec": "none", "downloader_options": {"http_chunk_size": 10485760}, "format": "133 - 426x240 (240p)", "protocol": "https", "http_headers": {"User-Agent": "Mozilla/5.0 (Windows NT 10.0; Win64; x64) AppleWebKit/537.36 (KHTML, like Gecko) Chrome/70.0.3538.79 Safari/537.36", "Accept-Charset": "ISO-8859-1,utf-8;q=0.7,*;q=0.7", "Accept": "text/html,application/xhtml+xml,application/xml;q=0.9,*/*;q=0.8", "Accept-Encoding": "gzip, deflate", "Accept-Language": "en-us,en;q=0.5"}}, {"format_id": "242", "url": "https://r1---sn-5njj-u2xl.googlevideo.com/videoplayback?expire=1612167584&ei=QGUXYOjJHIehqQGj5ae4Bw&ip=140.109.135.76&id=o-APQmmAu4qQRXWnZDuCom0_NDyc0Zr1QtueSOqf4kt0a1&itag=242&aitags=133%2C134%2C135%2C136%2C137%2C160%2C242%2C243%2C244%2C247%2C248%2C278&source=youtube&requiressl=yes&mh=MD&mm=31%2C29&mn=sn-5njj-u2xl%2Csn-un57en7e&ms=au%2Crdu&mv=m&mvi=1&pl=16&initcwndbps=422500&vprv=1&mime=video%2Fwebm&ns=FbUBa0j6ppDlhACheqKJORcF&gir=yes&clen=390673&dur=217.866&lmt=1540712335418322&mt=1612145803&fvip=1&keepalive=yes&c=WEB&txp=5432432&n=Josd4x6W8CcAnltW9&sparams=expire%2Cei%2Cip%2Cid%2Caitags%2Csource%2Crequiressl%2Cvprv%2Cmime%2Cns%2Cgir%2Cclen%2Cdur%2Clmt&sig=AOq0QJ8wRgIhAJmckRAKhcpGUi7-A2odH-mxi3zr59L2SdxEvrAjDPXEAiEAgRa7-xXKbDnjb66t_kiy9lJZJXCQ-OikH1Ehx_wHdP4%3D&lsparams=mh%2Cmm%2Cmn%2Cms%2Cmv%2Cmvi%2Cpl%2Cinitcwndbps&lsig=AG3C_xAwRQIgUe9aVAp8ageqA9lEG7EMS1TP9h8Nt5NWGnkKnZdtg6gCIQCIk9qmrOWB7Da13oOUTiRVj7WXlw8clLOMksOkK2eVJw%3D%3D&ratebypass=yes", "player_url": null, "ext": "webm", "height": 240, "format_note": "240p", "vcodec": "vp9", "asr": null, "filesize": 390673, "fps": 30, "tbr": 15.809, "width": 426, "acodec": "none", "downloader_options": {"http_chunk_size": 10485760}, "format": "242 - 426x240 (240p)", "protocol": "https", "http_headers": {"User-Agent": "Mozilla/5.0 (Windows NT 10.0; Win64; x64) AppleWebKit/537.36 (KHTML, like Gecko) Chrome/70.0.3538.79 Safari/537.36", "Accept-Charset": "ISO-8859-1,utf-8;q=0.7,*;q=0.7", "Accept": "text/html,application/xhtml+xml,application/xml;q=0.9,*/*;q=0.8", "Accept-Encoding": "gzip, deflate", "Accept-Language": "en-us,en;q=0.5"}}, {"format_id": "278", "url": "https://r1---sn-5njj-u2xl.googlevideo.com/videoplayback?expire=1612167584&ei=QGUXYOjJHIehqQGj5ae4Bw&ip=140.109.135.76&id=o-APQmmAu4qQRXWnZDuCom0_NDyc0Zr1QtueSOqf4kt0a1&itag=278&aitags=133%2C134%2C135%2C136%2C137%2C160%2C242%2C243%2C244%2C247%2C248%2C278&source=youtube&requiressl=yes&mh=MD&mm=31%2C29&mn=sn-5njj-u2xl%2Csn-un57en7e&ms=au%2Crdu&mv=m&mvi=1&pl=16&initcwndbps=422500&vprv=1&mime=video%2Fwebm&ns=FbUBa0j6ppDlhACheqKJORcF&gir=yes&clen=443596&dur=217.866&lmt=1540712335428212&mt=1612145803&fvip=1&keepalive=yes&c=WEB&txp=5432432&n=Josd4x6W8CcAnltW9&sparams=expire%2Cei%2Cip%2Cid%2Caitags%2Csource%2Crequiressl%2Cvprv%2Cmime%2Cns%2Cgir%2Cclen%2Cdur%2Clmt&sig=AOq0QJ8wRQIhAI1j2ie1MEXxLBxzmxdu9ih9j_S-keMZPaM63s_9J-jUAiBzwe-b2oQsQAiKDwD6x4IFgHG8KqNq6VcSjG5vDkBPGQ%3D%3D&lsparams=mh%2Cmm%2Cmn%2Cms%2Cmv%2Cmvi%2Cpl%2Cinitcwndbps&lsig=AG3C_xAwRQIgUe9aVAp8ageqA9lEG7EMS1TP9h8Nt5NWGnkKnZdtg6gCIQCIk9qmrOWB7Da13oOUTiRVj7WXlw8clLOMksOkK2eVJw%3D%3D&ratebypass=yes", "player_url": null, "ext": "webm", "height": 144, "format_note": "144p", "container": "webm", "vcodec": "vp9", "asr": null, "filesize": 443596, "fps": 30, "tbr": 18.263, "width": 256, "acodec": "none", "downloader_options": {"http_chunk_size": 10485760}, "format": "278 - 256x144 (144p)", "protocol": "https", "http_headers": {"User-Agent": "Mozilla/5.0 (Windows NT 10.0; Win64; x64) AppleWebKit/537.36 (KHTML, like Gecko) Chrome/70.0.3538.79 Safari/537.36", "Accept-Charset": "ISO-8859-1,utf-8;q=0.7,*;q=0.7", "Accept": "text/html,application/xhtml+xml,application/xml;q=0.9,*/*;q=0.8", "Accept-Encoding": "gzip, deflate", "Accept-Language": "en-us,en;q=0.5"}}, {"format_id": "134", "url": "https://r1---sn-5njj-u2xl.googlevideo.com/videoplayback?expire=1612167584&ei=QGUXYOjJHIehqQGj5ae4Bw&ip=140.109.135.76&id=o-APQmmAu4qQRXWnZDuCom0_NDyc0Zr1QtueSOqf4kt0a1&itag=134&aitags=133%2C134%2C135%2C136%2C137%2C160%2C242%2C243%2C244%2C247%2C248%2C278&source=youtube&requiressl=yes&mh=MD&mm=31%2C29&mn=sn-5njj-u2xl%2Csn-un57en7e&ms=au%2Crdu&mv=m&mvi=1&pl=16&initcwndbps=422500&vprv=1&mime=video%2Fmp4&ns=FbUBa0j6ppDlhACheqKJORcF&gir=yes&clen=455215&dur=217.866&lmt=1608491972215386&mt=1612145803&fvip=1&keepalive=yes&c=WEB&txp=5432432&n=Josd4x6W8CcAnltW9&sparams=expire%2Cei%2Cip%2Cid%2Caitags%2Csource%2Crequiressl%2Cvprv%2Cmime%2Cns%2Cgir%2Cclen%2Cdur%2Clmt&sig=AOq0QJ8wRQIhAMTy-BnDWZOZR2XtPJZDuJY1RM22MK8tLJlShXU5PZCgAiB5HrbELnC-I1bvQH-ts6DB64aUiS5pWMww8vzykVZerA%3D%3D&lsparams=mh%2Cmm%2Cmn%2Cms%2Cmv%2Cmvi%2Cpl%2Cinitcwndbps&lsig=AG3C_xAwRQIgUe9aVAp8ageqA9lEG7EMS1TP9h8Nt5NWGnkKnZdtg6gCIQCIk9qmrOWB7Da13oOUTiRVj7WXlw8clLOMksOkK2eVJw%3D%3D&ratebypass=yes", "player_url": null, "ext": "mp4", "height": 360, "format_note": "360p", "vcodec": "avc1.4d401e", "asr": null, "filesize": 455215, "fps": 30, "tbr": 18.288, "width": 640, "acodec": "none", "downloader_options": {"http_chunk_size": 10485760}, "format": "134 - 640x360 (360p)", "protocol": "https", "http_headers": {"User-Agent": "Mozilla/5.0 (Windows NT 10.0; Win64; x64) AppleWebKit/537.36 (KHTML, like Gecko) Chrome/70.0.3538.79 Safari/537.36", "Accept-Charset": "ISO-8859-1,utf-8;q=0.7,*;q=0.7", "Accept": "text/html,application/xhtml+xml,application/xml;q=0.9,*/*;q=0.8", "Accept-Encoding": "gzip, deflate", "Accept-Language": "en-us,en;q=0.5"}}, {"format_id": "135", "url": "https://r1---sn-5njj-u2xl.googlevideo.com/videoplayback?expire=1612167584&ei=QGUXYOjJHIehqQGj5ae4Bw&ip=140.109.135.76&id=o-APQmmAu4qQRXWnZDuCom0_NDyc0Zr1QtueSOqf4kt0a1&itag=135&aitags=133%2C134%2C135%2C136%2C137%2C160%2C242%2C243%2C244%2C247%2C248%2C278&source=youtube&requiressl=yes&mh=MD&mm=31%2C29&mn=sn-5njj-u2xl%2Csn-un57en7e&ms=au%2Crdu&mv=m&mvi=1&pl=16&initcwndbps=422500&vprv=1&mime=video%2Fmp4&ns=FbUBa0j6ppDlhACheqKJORcF&gir=yes&clen=595929&dur=217.866&lmt=1608491972275625&mt=1612145803&fvip=1&keepalive=yes&c=WEB&txp=5432432&n=Josd4x6W8CcAnltW9&sparams=expire%2Cei%2Cip%2Cid%2Caitags%2Csource%2Crequiressl%2Cvprv%2Cmime%2Cns%2Cgir%2Cclen%2Cdur%2Clmt&sig=AOq0QJ8wRQIhAJrhnEWDvDYaIrvJ-TtbwgHN9BtQmzBGx6nOZazBv3avAiAFbmm9WYdYHYY9DD6HU4RtxZ_Wbi_BIxGF9NYrpYMI0w%3D%3D&lsparams=mh%2Cmm%2Cmn%2Cms%2Cmv%2Cmvi%2Cpl%2Cinitcwndbps&lsig=AG3C_xAwRQIgUe9aVAp8ageqA9lEG7EMS1TP9h8Nt5NWGnkKnZdtg6gCIQCIk9qmrOWB7Da13oOUTiRVj7WXlw8clLOMksOkK2eVJw%3D%3D&ratebypass=yes", "player_url": null, "ext": "mp4", "height": 480, "format_note": "480p", "vcodec": "avc1.4d401f", "asr": null, "filesize": 595929, "fps": 30, "tbr": 24.356, "width": 854, "acodec": "none", "downloader_options": {"http_chunk_size": 10485760}, "format": "135 - 854x480 (480p)", "protocol": "https", "http_headers": {"User-Agent": "Mozilla/5.0 (Windows NT 10.0; Win64; x64) AppleWebKit/537.36 (KHTML, like Gecko) Chrome/70.0.3538.79 Safari/537.36", "Accept-Charset": "ISO-8859-1,utf-8;q=0.7,*;q=0.7", "Accept": "text/html,application/xhtml+xml,application/xml;q=0.9,*/*;q=0.8", "Accept-Encoding": "gzip, deflate", "Accept-Language": "en-us,en;q=0.5"}}, {"format_id": "243", "url": "https://r1---sn-5njj-u2xl.googlevideo.com/videoplayback?expire=1612167584&ei=QGUXYOjJHIehqQGj5ae4Bw&ip=140.109.135.76&id=o-APQmmAu4qQRXWnZDuCom0_NDyc0Zr1QtueSOqf4kt0a1&itag=243&aitags=133%2C134%2C135%2C136%2C137%2C160%2C242%2C243%2C244%2C247%2C248%2C278&source=youtube&requiressl=yes&mh=MD&mm=31%2C29&mn=sn-5njj-u2xl%2Csn-un57en7e&ms=au%2Crdu&mv=m&mvi=1&pl=16&initcwndbps=422500&vprv=1&mime=video%2Fwebm&ns=FbUBa0j6ppDlhACheqKJORcF&gir=yes&clen=817802&dur=217.866&lmt=1540712335440349&mt=1612145803&fvip=1&keepalive=yes&c=WEB&txp=5432432&n=Josd4x6W8CcAnltW9&sparams=expire%2Cei%2Cip%2Cid%2Caitags%2Csource%2Crequiressl%2Cvprv%2Cmime%2Cns%2Cgir%2Cclen%2Cdur%2Clmt&sig=AOq0QJ8wRQIgITIO_EnSYwB1dbsdo3FCHy41eAid3QK9CRDFKQBGBd8CIQDtn0H_4LIBYX2HOTc4_5H9PJEw9rWsxs9rh_gTKq55lw%3D%3D&lsparams=mh%2Cmm%2Cmn%2Cms%2Cmv%2Cmvi%2Cpl%2Cinitcwndbps&lsig=AG3C_xAwRQIgUe9aVAp8ageqA9lEG7EMS1TP9h8Nt5NWGnkKnZdtg6gCIQCIk9qmrOWB7Da13oOUTiRVj7WXlw8clLOMksOkK2eVJw%3D%3D&ratebypass=yes", "player_url": null, "ext": "webm", "height": 360, "format_note": "360p", "vcodec": "vp9", "asr": null, "filesize": 817802, "fps": 30, "tbr": 34.497, "width": 640, "acodec": "none", "downloader_options": {"http_chunk_size": 10485760}, "format": "243 - 640x360 (360p)", "protocol": "https", "http_headers": {"User-Agent": "Mozilla/5.0 (Windows NT 10.0; Win64; x64) AppleWebKit/537.36 (KHTML, like Gecko) Chrome/70.0.3538.79 Safari/537.36", "Accept-Charset": "ISO-8859-1,utf-8;q=0.7,*;q=0.7", "Accept": "text/html,application/xhtml+xml,application/xml;q=0.9,*/*;q=0.8", "Accept-Encoding": "gzip, deflate", "Accept-Language": "en-us,en;q=0.5"}}, {"format_id": "136", "url": "https://r1---sn-5njj-u2xl.googlevideo.com/videoplayback?expire=1612167584&ei=QGUXYOjJHIehqQGj5ae4Bw&ip=140.109.135.76&id=o-APQmmAu4qQRXWnZDuCom0_NDyc0Zr1QtueSOqf4kt0a1&itag=136&aitags=133%2C134%2C135%2C136%2C137%2C160%2C242%2C243%2C244%2C247%2C248%2C278&source=youtube&requiressl=yes&mh=MD&mm=31%2C29&mn=sn-5njj-u2xl%2Csn-un57en7e&ms=au%2Crdu&mv=m&mvi=1&pl=16&initcwndbps=422500&vprv=1&mime=video%2Fmp4&ns=FbUBa0j6ppDlhACheqKJORcF&gir=yes&clen=864934&dur=217.866&lmt=1608491972216682&mt=1612145803&fvip=1&keepalive=yes&c=WEB&txp=5432432&n=Josd4x6W8CcAnltW9&sparams=expire%2Cei%2Cip%2Cid%2Caitags%2Csource%2Crequiressl%2Cvprv%2Cmime%2Cns%2Cgir%2Cclen%2Cdur%2Clmt&sig=AOq0QJ8wRAIgGWbZjy6T6KNMZwM3V3EDaeDs-7TLEJqifPqru9pWXQMCIFInMd8D4km4aPXfxh2SaZrfvyCPYdpk_BqIb-YaTgFg&lsparams=mh%2Cmm%2Cmn%2Cms%2Cmv%2Cmvi%2Cpl%2Cinitcwndbps&lsig=AG3C_xAwRQIgUe9aVAp8ageqA9lEG7EMS1TP9h8Nt5NWGnkKnZdtg6gCIQCIk9qmrOWB7Da13oOUTiRVj7WXlw8clLOMksOkK2eVJw%3D%3D&ratebypass=yes", "player_url": null, "ext": "mp4", "height": 720, "format_note": "720p", "vcodec": "avc1.4d401f", "asr": null, "filesize": 864934, "fps": 30, "tbr": 35.55, "width": 1280, "acodec": "none", "downloader_options": {"http_chunk_size": 10485760}, "format": "136 - 1280x720 (720p)", "protocol": "https", "http_headers": {"User-Agent": "Mozilla/5.0 (Windows NT 10.0; Win64; x64) AppleWebKit/537.36 (KHTML, like Gecko) Chrome/70.0.3538.79 Safari/537.36", "Accept-Charset": "ISO-8859-1,utf-8;q=0.7,*;q=0.7", "Accept": "text/html,application/xhtml+xml,application/xml;q=0.9,*/*;q=0.8", "Accept-Encoding": "gzip, deflate", "Accept-Language": "en-us,en;q=0.5"}}, {"format_id": "244", "url": "https://r1---sn-5njj-u2xl.googlevideo.com/videoplayback?expire=1612167584&ei=QGUXYOjJHIehqQGj5ae4Bw&ip=140.109.135.76&id=o-APQmmAu4qQRXWnZDuCom0_NDyc0Zr1QtueSOqf4kt0a1&itag=244&aitags=133%2C134%2C135%2C136%2C137%2C160%2C242%2C243%2C244%2C247%2C248%2C278&source=youtube&requiressl=yes&mh=MD&mm=31%2C29&mn=sn-5njj-u2xl%2Csn-un57en7e&ms=au%2Crdu&mv=m&mvi=1&pl=16&initcwndbps=422500&vprv=1&mime=video%2Fwebm&ns=FbUBa0j6ppDlhACheqKJORcF&gir=yes&clen=1168297&dur=217.866&lmt=1540712335427192&mt=1612145803&fvip=1&keepalive=yes&c=WEB&txp=5432432&n=Josd4x6W8CcAnltW9&sparams=expire%2Cei%2Cip%2Cid%2Caitags%2Csource%2Crequiressl%2Cvprv%2Cmime%2Cns%2Cgir%2Cclen%2Cdur%2Clmt&sig=AOq0QJ8wRQIhAOT_HNvBkqGw4JVKU10qXfsiLB61x1gw07IB_REfZ4_GAiAII0UYSQlP-fvksp6_gv2ol4XyUQRkuCnSa05XTSNBSA%3D%3D&lsparams=mh%2Cmm%2Cmn%2Cms%2Cmv%2Cmvi%2Cpl%2Cinitcwndbps&lsig=AG3C_xAwRQIgUe9aVAp8ageqA9lEG7EMS1TP9h8Nt5NWGnkKnZdtg6gCIQCIk9qmrOWB7Da13oOUTiRVj7WXlw8clLOMksOkK2eVJw%3D%3D&ratebypass=yes", "player_url": null, "ext": "webm", "height": 480, "format_note": "480p", "vcodec": "vp9", "asr": null, "filesize": 1168297, "fps": 30, "tbr": 50.149, "width": 854, "acodec": "none", "downloader_options": {"http_chunk_size": 10485760}, "format": "244 - 854x480 (480p)", "protocol": "https", "http_headers": {"User-Agent": "Mozilla/5.0 (Windows NT 10.0; Win64; x64) AppleWebKit/537.36 (KHTML, like Gecko) Chrome/70.0.3538.79 Safari/537.36", "Accept-Charset": "ISO-8859-1,utf-8;q=0.7,*;q=0.7", "Accept": "text/html,application/xhtml+xml,application/xml;q=0.9,*/*;q=0.8", "Accept-Encoding": "gzip, deflate", "Accept-Language": "en-us,en;q=0.5"}}, {"format_id": "137", "url": "https://r1---sn-5njj-u2xl.googlevideo.com/videoplayback?expire=1612167584&ei=QGUXYOjJHIehqQGj5ae4Bw&ip=140.109.135.76&id=o-APQmmAu4qQRXWnZDuCom0_NDyc0Zr1QtueSOqf4kt0a1&itag=137&aitags=133%2C134%2C135%2C136%2C137%2C160%2C242%2C243%2C244%2C247%2C248%2C278&source=youtube&requiressl=yes&mh=MD&mm=31%2C29&mn=sn-5njj-u2xl%2Csn-un57en7e&ms=au%2Crdu&mv=m&mvi=1&pl=16&initcwndbps=422500&vprv=1&mime=video%2Fmp4&ns=FbUBa0j6ppDlhACheqKJORcF&gir=yes&clen=2163421&dur=217.866&lmt=1608491631482959&mt=1612145803&fvip=1&keepalive=yes&c=WEB&txp=5432432&n=Josd4x6W8CcAnltW9&sparams=expire%2Cei%2Cip%2Cid%2Caitags%2Csource%2Crequiressl%2Cvprv%2Cmime%2Cns%2Cgir%2Cclen%2Cdur%2Clmt&sig=AOq0QJ8wRQIhAK6ToWwSbpE7XBPTVSDcS8OVnWpNma86wZ1JhL0DEEkIAiBD2MzI_rJkGkaOoztzk-h1BL5X-SWNiFP5qGOAKVcnPA%3D%3D&lsparams=mh%2Cmm%2Cmn%2Cms%2Cmv%2Cmvi%2Cpl%2Cinitcwndbps&lsig=AG3C_xAwRQIgUe9aVAp8ageqA9lEG7EMS1TP9h8Nt5NWGnkKnZdtg6gCIQCIk9qmrOWB7Da13oOUTiRVj7WXlw8clLOMksOkK2eVJw%3D%3D&ratebypass=yes", "player_url": null, "ext": "mp4", "height": 1080, "format_note": "1080p", "vcodec": "avc1.640028", "asr": null, "filesize": 2163421, "fps": 30, "tbr": 91.142, "width": 1920, "acodec": "none", "downloader_options": {"http_chunk_size": 10485760}, "format": "137 - 1920x1080 (1080p)", "protocol": "https", "http_headers": {"User-Agent": "Mozilla/5.0 (Windows NT 10.0; Win64; x64) AppleWebKit/537.36 (KHTML, like Gecko) Chrome/70.0.3538.79 Safari/537.36", "Accept-Charset": "ISO-8859-1,utf-8;q=0.7,*;q=0.7", "Accept": "text/html,application/xhtml+xml,application/xml;q=0.9,*/*;q=0.8", "Accept-Encoding": "gzip, deflate", "Accept-Language": "en-us,en;q=0.5"}}, {"format_id": "247", "url": "https://r1---sn-5njj-u2xl.googlevideo.com/videoplayback?expire=1612167584&ei=QGUXYOjJHIehqQGj5ae4Bw&ip=140.109.135.76&id=o-APQmmAu4qQRXWnZDuCom0_NDyc0Zr1QtueSOqf4kt0a1&itag=247&aitags=133%2C134%2C135%2C136%2C137%2C160%2C242%2C243%2C244%2C247%2C248%2C278&source=youtube&requiressl=yes&mh=MD&mm=31%2C29&mn=sn-5njj-u2xl%2Csn-un57en7e&ms=au%2Crdu&mv=m&mvi=1&pl=16&initcwndbps=422500&vprv=1&mime=video%2Fwebm&ns=FbUBa0j6ppDlhACheqKJORcF&gir=yes&clen=2506734&dur=217.866&lmt=1540712335434933&mt=1612145803&fvip=1&keepalive=yes&c=WEB&txp=5432432&n=Josd4x6W8CcAnltW9&sparams=expire%2Cei%2Cip%2Cid%2Caitags%2Csource%2Crequiressl%2Cvprv%2Cmime%2Cns%2Cgir%2Cclen%2Cdur%2Clmt&sig=AOq0QJ8wRAIgRSZbu-UsZYl-j9PxR8LVV5ax3SEhKDORAnGidd-w4nICIHTisMswO8InYp1gXpZb08UkkaE2-Npyr-bdMJRy95UZ&lsparams=mh%2Cmm%2Cmn%2Cms%2Cmv%2Cmvi%2Cpl%2Cinitcwndbps&lsig=AG3C_xAwRQIgUe9aVAp8ageqA9lEG7EMS1TP9h8Nt5NWGnkKnZdtg6gCIQCIk9qmrOWB7Da13oOUTiRVj7WXlw8clLOMksOkK2eVJw%3D%3D&ratebypass=yes", "player_url": null, "ext": "webm", "height": 720, "format_note": "720p", "vcodec": "vp9", "asr": null, "filesize": 2506734, "fps": 30, "tbr": 113.779, "width": 1280, "acodec": "none", "downloader_options": {"http_chunk_size": 10485760}, "format": "247 - 1280x720 (720p)", "protocol": "https", "http_headers": {"User-Agent": "Mozilla/5.0 (Windows NT 10.0; Win64; x64) AppleWebKit/537.36 (KHTML, like Gecko) Chrome/70.0.3538.79 Safari/537.36", "Accept-Charset": "ISO-8859-1,utf-8;q=0.7,*;q=0.7", "Accept": "text/html,application/xhtml+xml,application/xml;q=0.9,*/*;q=0.8", "Accept-Encoding": "gzip, deflate", "Accept-Language": "en-us,en;q=0.5"}}, {"format_id": "248", "url": "https://r1---sn-5njj-u2xl.googlevideo.com/videoplayback?expire=1612167584&ei=QGUXYOjJHIehqQGj5ae4Bw&ip=140.109.135.76&id=o-APQmmAu4qQRXWnZDuCom0_NDyc0Zr1QtueSOqf4kt0a1&itag=248&aitags=133%2C134%2C135%2C136%2C137%2C160%2C242%2C243%2C244%2C247%2C248%2C278&source=youtube&requiressl=yes&mh=MD&mm=31%2C29&mn=sn-5njj-u2xl%2Csn-un57en7e&ms=au%2Crdu&mv=m&mvi=1&pl=16&initcwndbps=422500&vprv=1&mime=video%2Fwebm&ns=FbUBa0j6ppDlhACheqKJORcF&gir=yes&clen=4272692&dur=217.866&lmt=1540711993677759&mt=1612145803&fvip=1&keepalive=yes&c=WEB&txp=5432432&n=Josd4x6W8CcAnltW9&sparams=expire%2Cei%2Cip%2Cid%2Caitags%2Csource%2Crequiressl%2Cvprv%2Cmime%2Cns%2Cgir%2Cclen%2Cdur%2Clmt&sig=AOq0QJ8wRAIgJRMH9sg_jaJR0XetPhlRm0-Y1v8IhB86R-Z8mzhe-1ICIEabK_rohjkgZrV4HS9hHoGuLiI9alH6n0q_LXBf_vnr&lsparams=mh%2Cmm%2Cmn%2Cms%2Cmv%2Cmvi%2Cpl%2Cinitcwndbps&lsig=AG3C_xAwRQIgUe9aVAp8ageqA9lEG7EMS1TP9h8Nt5NWGnkKnZdtg6gCIQCIk9qmrOWB7Da13oOUTiRVj7WXlw8clLOMksOkK2eVJw%3D%3D&ratebypass=yes", "player_url": null, "ext": "webm", "height": 1080, "format_note": "1080p", "vcodec": "vp9", "asr": null, "filesize": 4272692, "fps": 30, "tbr": 182.37, "width": 1920, "acodec": "none", "downloader_options": {"http_chunk_size": 10485760}, "format": "248 - 1920x1080 (1080p)", "protocol": "https", "http_headers": {"User-Agent": "Mozilla/5.0 (Windows NT 10.0; Win64; x64) AppleWebKit/537.36 (KHTML, like Gecko) Chrome/70.0.3538.79 Safari/537.36", "Accept-Charset": "ISO-8859-1,utf-8;q=0.7,*;q=0.7", "Accept": "text/html,application/xhtml+xml,application/xml;q=0.9,*/*;q=0.8", "Accept-Encoding": "gzip, deflate", "Accept-Language": "en-us,en;q=0.5"}}, {"format_id": "18", "url": "https://r1---sn-5njj-u2xl.googlevideo.com/videoplayback?expire=1612167584&ei=QGUXYOjJHIehqQGj5ae4Bw&ip=140.109.135.76&id=o-APQmmAu4qQRXWnZDuCom0_NDyc0Zr1QtueSOqf4kt0a1&itag=18&source=youtube&requiressl=yes&mh=MD&mm=31%2C29&mn=sn-5njj-u2xl%2Csn-un57en7e&ms=au%2Crdu&mv=m&mvi=1&pl=16&initcwndbps=422500&vprv=1&mime=video%2Fmp4&ns=Nb8-mDJ7jmliHrmG_-if37EF&gir=yes&clen=4328906&ratebypass=yes&dur=217.919&lmt=1540712030253856&mt=1612145803&fvip=1&c=WEB&txp=5431432&n=d1QjArxFl8dKpBLuO&sparams=expire%2Cei%2Cip%2Cid%2Citag%2Csource%2Crequiressl%2Cvprv%2Cmime%2Cns%2Cgir%2Cclen%2Cratebypass%2Cdur%2Clmt&sig=AOq0QJ8wRgIhAJgmcwlc_rpngiNl2MegP8Ty_Sflw16WyAScH3vc0flmAiEA1lMDEp6-x69U9H8LNvJ1dc0u9jHVKD575ALnRH5JYhE%3D&lsparams=mh%2Cmm%2Cmn%2Cms%2Cmv%2Cmvi%2Cpl%2Cinitcwndbps&lsig=AG3C_xAwRQIgUe9aVAp8ageqA9lEG7EMS1TP9h8Nt5NWGnkKnZdtg6gCIQCIk9qmrOWB7Da13oOUTiRVj7WXlw8clLOMksOkK2eVJw%3D%3D", "player_url": null, "ext": "mp4", "width": 640, "height": 360, "acodec": "mp4a.40.2", "abr": 96, "vcodec": "avc1.42001E", "asr": 44100, "filesize": 4328906, "format_note": "360p", "fps": 30, "tbr": 158.956, "format": "18 - 640x360 (360p)", "protocol": "https", "http_headers": {"User-Agent": "Mozilla/5.0 (Windows NT 10.0; Win64; x64) AppleWebKit/537.36 (KHTML, like Gecko) Chrome/70.0.3538.79 Safari/537.36", "Accept-Charset": "ISO-8859-1,utf-8;q=0.7,*;q=0.7", "Accept": "text/html,application/xhtml+xml,application/xml;q=0.9,*/*;q=0.8", "Accept-Encoding": "gzip, deflate", "Accept-Language": "en-us,en;q=0.5"}}, {"format_id": "22", "url": "https://r1---sn-5njj-u2xl.googlevideo.com/videoplayback?expire=1612167584&ei=QGUXYOjJHIehqQGj5ae4Bw&ip=140.109.135.76&id=o-APQmmAu4qQRXWnZDuCom0_NDyc0Zr1QtueSOqf4kt0a1&itag=22&source=youtube&requiressl=yes&mh=MD&mm=31%2C29&mn=sn-5njj-u2xl%2Csn-un57en7e&ms=au%2Crdu&mv=m&mvi=1&pl=16&initcwndbps=422500&vprv=1&mime=video%2Fmp4&ns=Nb8-mDJ7jmliHrmG_-if37EF&ratebypass=yes&dur=217.919&lmt=1608491981617263&mt=1612145803&fvip=1&c=WEB&txp=5432432&n=d1QjArxFl8dKpBLuO&sparams=expire%2Cei%2Cip%2Cid%2Citag%2Csource%2Crequiressl%2Cvprv%2Cmime%2Cns%2Cratebypass%2Cdur%2Clmt&sig=AOq0QJ8wRgIhALiwtqrXCVBONUSOvGm0LqGphecoVkPpnRcQEtDp61xAAiEA9zrhEqgi96BLjMaGW2QkHxd72dzDWFngtjLWGnq4IRw%3D&lsparams=mh%2Cmm%2Cmn%2Cms%2Cmv%2Cmvi%2Cpl%2Cinitcwndbps&lsig=AG3C_xAwRQIgUe9aVAp8ageqA9lEG7EMS1TP9h8Nt5NWGnkKnZdtg6gCIQCIk9qmrOWB7Da13oOUTiRVj7WXlw8clLOMksOkK2eVJw%3D%3D", "player_url": null, "ext": "mp4", "width": 1280, "height": 720, "acodec": "mp4a.40.2", "abr": 192, "vcodec": "avc1.64001F", "asr": 44100, "filesize": null, "format_note": "720p", "fps": 30, "tbr": 160.653, "format": "22 - 1280x720 (720p)", "protocol": "https", "http_headers": {"User-Agent": "Mozilla/5.0 (Windows NT 10.0; Win64; x64) AppleWebKit/537.36 (KHTML, like Gecko) Chrome/70.0.3538.79 Safari/537.36", "Accept-Charset": "ISO-8859-1,utf-8;q=0.7,*;q=0.7", "Accept": "text/html,application/xhtml+xml,application/xml;q=0.9,*/*;q=0.8", "Accept-Encoding": "gzip, deflate", "Accept-Language": "en-us,en;q=0.5"}}], "is_live": null, "start_time": null, "end_time": null, "series": null, "season_number": null, "episode_number": null, "track": null, "artist": null, "album": null, "release_date": null, "release_year": null, "extractor": "youtube", "webpage_url_basename": "watch", "extractor_key": "Youtube", "playlist": null, "playlist_index": null, "thumbnail": "https://i.ytimg.com/vi_webp/Y5JcZQ0xg4Y/maxresdefault.webp", "display_id": "Y5JcZQ0xg4Y", "requested_subtitles": null, "format_id": "251", "url": "https://r1---sn-5njj-u2xl.googlevideo.com/videoplayback?expire=1612167584&ei=QGUXYOjJHIehqQGj5ae4Bw&ip=140.109.135.76&id=o-APQmmAu4qQRXWnZDuCom0_NDyc0Zr1QtueSOqf4kt0a1&itag=251&source=youtube&requiressl=yes&mh=MD&mm=31%2C29&mn=sn-5njj-u2xl%2Csn-un57en7e&ms=au%2Crdu&mv=m&mvi=1&pl=16&initcwndbps=422500&vprv=1&mime=audio%2Fwebm&ns=FbUBa0j6ppDlhACheqKJORcF&gir=yes&clen=4227774&dur=217.881&lmt=1540712745736441&mt=1612145803&fvip=1&keepalive=yes&c=WEB&txp=5411222&n=Josd4x6W8CcAnltW9&sparams=expire%2Cei%2Cip%2Cid%2Citag%2Csource%2Crequiressl%2Cvprv%2Cmime%2Cns%2Cgir%2Cclen%2Cdur%2Clmt&sig=AOq0QJ8wRQIgFmGeadinDXjBxmTHUF_l6KBuC8a87EOw67gsEwjpHVgCIQCbfpgqeSwfotXt1KtYR4mIahYjjBnO88K6ErSoEPh3kA%3D%3D&lsparams=mh%2Cmm%2Cmn%2Cms%2Cmv%2Cmvi%2Cpl%2Cinitcwndbps&lsig=AG3C_xAwRQIgUe9aVAp8ageqA9lEG7EMS1TP9h8Nt5NWGnkKnZdtg6gCIQCIk9qmrOWB7Da13oOUTiRVj7WXlw8clLOMksOkK2eVJw%3D%3D&ratebypass=yes", "player_url": null, "ext": "webm", "format_note": "tiny", "acodec": "opus", "abr": 160, "asr": 48000, "filesize": 4227774, "fps": null, "height": null, "tbr": 163.071, "width": null, "vcodec": "none", "downloader_options": {"http_chunk_size": 10485760}, "format": "251 - audio only (tiny)", "protocol": "https", "http_headers": {"User-Agent": "Mozilla/5.0 (Windows NT 10.0; Win64; x64) AppleWebKit/537.36 (KHTML, like Gecko) Chrome/70.0.3538.79 Safari/537.36", "Accept-Charset": "ISO-8859-1,utf-8;q=0.7,*;q=0.7", "Accept": "text/html,application/xhtml+xml,application/xml;q=0.9,*/*;q=0.8", "Accept-Encoding": "gzip, deflate", "Accept-Language": "en-us,en;q=0.5"}}