{"id": "zmZHNy9T8Pg", "uploader": "Dan Musselman", "uploader_id": "danmusselman", "uploader_url": "http://www.youtube.com/user/danmusselman", "channel_id": "UCuG1wOLEw11GDOodH--MS6w", "channel_url": "http://www.youtube.com/channel/UCuG1wOLEw11GDOodH--MS6w", "upload_date": "20171124", "license": null, "creator": null, "title": "O HOLY NIGHT by Hillsong Worship. Piano Instrumental [with lyrics]", "alt_title": null, "thumbnails": [{"url": "https://i.ytimg.com/vi/zmZHNy9T8Pg/hqdefault.jpg?sqp=-oaymwEbCKgBEF5IVfKriqkDDggBFQAAiEIYAXABwAEG&rs=AOn4CLD3I2u4Cux39LzrPrPvOnxNMTAEXg", "width": 168, "height": 94, "resolution": "168x94", "id": "0"}, {"url": "https://i.ytimg.com/vi/zmZHNy9T8Pg/hqdefault.jpg?sqp=-oaymwEbCMQBEG5IVfKriqkDDggBFQAAiEIYAXABwAEG&rs=AOn4CLCPJDEkzIQxkAitdoQQ-GDNx07XZw", "width": 196, "height": 110, "resolution": "196x110", "id": "1"}, {"url": "https://i.ytimg.com/vi/zmZHNy9T8Pg/hqdefault.jpg?sqp=-oaymwEcCPYBEIoBSFXyq4qpAw4IARUAAIhCGAFwAcABBg==&rs=AOn4CLDgg-v3n_DqOBHujOTghspjHqRItw", "width": 246, "height": 138, "resolution": "246x138", "id": "2"}, {"url": "https://i.ytimg.com/vi/zmZHNy9T8Pg/hqdefault.jpg?sqp=-oaymwEcCNACELwBSFXyq4qpAw4IARUAAIhCGAFwAcABBg==&rs=AOn4CLDgc0tfkrXQx1QQPP7c-2MBDWVY4Q", "width": 336, "height": 188, "resolution": "336x188", "id": "3"}, {"url": "https://i.ytimg.com/vi_webp/zmZHNy9T8Pg/maxresdefault.webp", "width": 1920, "height": 1080, "resolution": "1920x1080", "id": "4"}], "description": "\"O Holy Night\" by Hillsong Worship, from the album The Peace Project.\nPlease support my ministry by subscribing to my channel, leaving a comment, and purchasing sheet music from www.danmusselman.com.\n\nArranged and performed by Dan Musselman. www.danmusselman.com.", "categories": ["Music"], "tags": ["o holy night", "peace project", "christmas", "karaoke", "lyric video", "hillsong church", "worship music", "instrumental christmas", "instrumental worship", "prayer music", "holiday music"], "subtitles": {}, "automatic_captions": {}, "duration": 355, "age_limit": 0, "annotations": null, "chapters": null, "webpage_url": "https://www.youtube.com/watch?v=zmZHNy9T8Pg", "view_count": 62827, "like_count": 621, "dislike_count": 14, "average_rating": 4.9118109, "formats": [{"format_id": "249", "url": "https://r6---sn-5njj-u2xl.googlevideo.com/videoplayback?expire=1613497729&ei=IbErYNqDFceSigbHj5-oDA&ip=140.109.135.76&id=o-AKZUnM_jXLTsL6jPdApbd-Cs_P-NP_hDqub5zq-NPLvq&itag=249&source=youtube&requiressl=yes&mh=ky&mm=31%2C29&mn=sn-5njj-u2xl%2Csn-un57en7l&ms=au%2Crdu&mv=m&mvi=6&pl=16&initcwndbps=632500&vprv=1&mime=audio%2Fwebm&ns=WRD3FzECOoi6-9fLMR-OsR4F&gir=yes&clen=2675790&dur=355.021&lmt=1541486764642743&mt=1613475902&fvip=6&keepalive=yes&c=WEB&txp=5411222&n=WoB8kzYKm4Xw_pM5MK&sparams=expire%2Cei%2Cip%2Cid%2Citag%2Csource%2Crequiressl%2Cvprv%2Cmime%2Cns%2Cgir%2Cclen%2Cdur%2Clmt&lsparams=mh%2Cmm%2Cmn%2Cms%2Cmv%2Cmvi%2Cpl%2Cinitcwndbps&lsig=AG3C_xAwRgIhAOHotlKM9XEKWGE8gFq9LdVpgNXSApL1xMI5xNw5lgBiAiEA3Bdq42qtracn9jvCLWEPmPy6ZwSWoz8DS4_Ey_vrUYw%3D&sig=AOq0QJ8wRAIgD9XCZ274C9EdPyF_Xtah4FccMhyTJP-39bJBmUi-ubICIHPruHVowma3rWAe728M5WS9caKXGnbpj_6btJPzjYGt&ratebypass=yes", "player_url": "/s/player/490079fb/player_ias.vflset/en_US/base.js", "ext": "webm", "format_note": "tiny", "acodec": "opus", "abr": 50, "asr": 48000, "filesize": 2675790, "fps": null, "height": null, "tbr": 65.791, "width": null, "vcodec": "none", "downloader_options": {"http_chunk_size": 10485760}, "format": "249 - audio only (tiny)", "protocol": "https", "http_headers": {"User-Agent": "Mozilla/5.0 (Windows NT 10.0; Win64; x64) AppleWebKit/537.36 (KHTML, like Gecko) Chrome/74.0.3729.24 Safari/537.36", "Accept-Charset": "ISO-8859-1,utf-8;q=0.7,*;q=0.7", "Accept": "text/html,application/xhtml+xml,application/xml;q=0.9,*/*;q=0.8", "Accept-Encoding": "gzip, deflate", "Accept-Language": "en-us,en;q=0.5"}}, {"format_id": "250", "url": "https://r6---sn-5njj-u2xl.googlevideo.com/videoplayback?expire=1613497729&ei=IbErYNqDFceSigbHj5-oDA&ip=140.109.135.76&id=o-AKZUnM_jXLTsL6jPdApbd-Cs_P-NP_hDqub5zq-NPLvq&itag=250&source=youtube&requiressl=yes&mh=ky&mm=31%2C29&mn=sn-5njj-u2xl%2Csn-un57en7l&ms=au%2Crdu&mv=m&mvi=6&pl=16&initcwndbps=632500&vprv=1&mime=audio%2Fwebm&ns=WRD3FzECOoi6-9fLMR-OsR4F&gir=yes&clen=3588493&dur=355.021&lmt=1541486765241922&mt=1613475902&fvip=6&keepalive=yes&c=WEB&txp=5411222&n=WoB8kzYKm4Xw_pM5MK&sparams=expire%2Cei%2Cip%2Cid%2Citag%2Csource%2Crequiressl%2Cvprv%2Cmime%2Cns%2Cgir%2Cclen%2Cdur%2Clmt&lsparams=mh%2Cmm%2Cmn%2Cms%2Cmv%2Cmvi%2Cpl%2Cinitcwndbps&lsig=AG3C_xAwRgIhAJR5ySAe7UFC4H71N6ggSfFMXZ4B6vKkXpzNvBt3NEpZAiEA8ipN37c-KXDMcB4gCpQgy2SB1lkUaWqqCRv6J-IOuWM%3D&sig=AOq0QJ8wRQIgbNQ9CBaa5PAC10ASioP5Eu9jAFYUL0rq4uqFXCC-cbsCIQCPFOC2b-OsVCL0Hrh3g7gzINwsINUE88uBvLh7BjcqOg==&ratebypass=yes", "player_url": "/s/player/490079fb/player_ias.vflset/en_US/base.js", "ext": "webm", "format_note": "tiny", "acodec": "opus", "abr": 70, "asr": 48000, "filesize": 3588493, "fps": null, "height": null, "tbr": 87.648, "width": null, "vcodec": "none", "downloader_options": {"http_chunk_size": 10485760}, "format": "250 - audio only (tiny)", "protocol": "https", "http_headers": {"User-Agent": "Mozilla/5.0 (Windows NT 10.0; Win64; x64) AppleWebKit/537.36 (KHTML, like Gecko) Chrome/74.0.3729.24 Safari/537.36", "Accept-Charset": "ISO-8859-1,utf-8;q=0.7,*;q=0.7", "Accept": "text/html,application/xhtml+xml,application/xml;q=0.9,*/*;q=0.8", "Accept-Encoding": "gzip, deflate", "Accept-Language": "en-us,en;q=0.5"}}, {"format_id": "140", "url": "https://r6---sn-5njj-u2xl.googlevideo.com/videoplayback?expire=1613497729&ei=IbErYNqDFceSigbHj5-oDA&ip=140.109.135.76&id=o-AKZUnM_jXLTsL6jPdApbd-Cs_P-NP_hDqub5zq-NPLvq&itag=140&source=youtube&requiressl=yes&mh=ky&mm=31%2C29&mn=sn-5njj-u2xl%2Csn-un57en7l&ms=au%2Crdu&mv=m&mvi=6&pl=16&initcwndbps=632500&vprv=1&mime=audio%2Fmp4&ns=WRD3FzECOoi6-9fLMR-OsR4F&gir=yes&clen=5746905&dur=355.056&lmt=1610022387291288&mt=1613475902&fvip=6&keepalive=yes&c=WEB&txp=5431432&n=WoB8kzYKm4Xw_pM5MK&sparams=expire%2Cei%2Cip%2Cid%2Citag%2Csource%2Crequiressl%2Cvprv%2Cmime%2Cns%2Cgir%2Cclen%2Cdur%2Clmt&lsparams=mh%2Cmm%2Cmn%2Cms%2Cmv%2Cmvi%2Cpl%2Cinitcwndbps&lsig=AG3C_xAwRAIgSSVixgCb3J62ZqCIFJ29hAh7okc4_L0A7IGiiT-1IZ0CIBpxWUZXg0obCdleck9ywPRZXDQzkgFiL-1yZjOgMNYJ&sig=AOq0QJ8wRQIhAN2KdwEDYghZTIqg5F-ztSeBFqirXnOsy3Ph3Mqxyjc9AiAbLEKw_cO1rwNesfNOXn5VGUML6jzODQ82usAoPe9Bhw==&ratebypass=yes", "player_url": "/s/player/490079fb/player_ias.vflset/en_US/base.js", "ext": "m4a", "format_note": "tiny", "acodec": "mp4a.40.2", "abr": 128, "container": "m4a_dash", "asr": 44100, "filesize": 5746905, "fps": null, "height": null, "tbr": 130.594, "width": null, "vcodec": "none", "downloader_options": {"http_chunk_size": 10485760}, "format": "140 - audio only (tiny)", "protocol": "https", "http_headers": {"User-Agent": "Mozilla/5.0 (Windows NT 10.0; Win64; x64) AppleWebKit/537.36 (KHTML, like Gecko) Chrome/74.0.3729.24 Safari/537.36", "Accept-Charset": "ISO-8859-1,utf-8;q=0.7,*;q=0.7", "Accept": "text/html,application/xhtml+xml,application/xml;q=0.9,*/*;q=0.8", "Accept-Encoding": "gzip, deflate", "Accept-Language": "en-us,en;q=0.5"}}, {"format_id": "251", "url": "https://r6---sn-5njj-u2xl.googlevideo.com/videoplayback?expire=1613497729&ei=IbErYNqDFceSigbHj5-oDA&ip=140.109.135.76&id=o-AKZUnM_jXLTsL6jPdApbd-Cs_P-NP_hDqub5zq-NPLvq&itag=251&source=youtube&requiressl=yes&mh=ky&mm=31%2C29&mn=sn-5njj-u2xl%2Csn-un57en7l&ms=au%2Crdu&mv=m&mvi=6&pl=16&initcwndbps=632500&vprv=1&mime=audio%2Fwebm&ns=WRD3FzECOoi6-9fLMR-OsR4F&gir=yes&clen=6944454&dur=355.021&lmt=1541486766125500&mt=1613475902&fvip=6&keepalive=yes&c=WEB&txp=5411222&n=WoB8kzYKm4Xw_pM5MK&sparams=expire%2Cei%2Cip%2Cid%2Citag%2Csource%2Crequiressl%2Cvprv%2Cmime%2Cns%2Cgir%2Cclen%2Cdur%2Clmt&lsparams=mh%2Cmm%2Cmn%2Cms%2Cmv%2Cmvi%2Cpl%2Cinitcwndbps&lsig=AG3C_xAwRgIhAO7vuOdgaXLrc6pCkby0QjtC5aik1ozvC10F0EMLHYXmAiEAsnmPaObeGHj4mmaTQD-cJ6QslgTq8eMk6-0_8ceD5Ec%3D&sig=AOq0QJ8wRQIhAMa1xlWyS0RwhJWUao3gmHivVQdYYNbjhmb-yxF6U1lCAiAKwhigyRh3c14FHUDOjgh2ETHfmhmmV8NORr8W9W5c0Q==&ratebypass=yes", "player_url": "/s/player/490079fb/player_ias.vflset/en_US/base.js", "ext": "webm", "format_note": "tiny", "acodec": "opus", "abr": 160, "asr": 48000, "filesize": 6944454, "fps": null, "height": null, "tbr": 165.167, "width": null, "vcodec": "none", "downloader_options": {"http_chunk_size": 10485760}, "format": "251 - audio only (tiny)", "protocol": "https", "http_headers": {"User-Agent": "Mozilla/5.0 (Windows NT 10.0; Win64; x64) AppleWebKit/537.36 (KHTML, like Gecko) Chrome/74.0.3729.24 Safari/537.36", "Accept-Charset": "ISO-8859-1,utf-8;q=0.7,*;q=0.7", "Accept": "text/html,application/xhtml+xml,application/xml;q=0.9,*/*;q=0.8", "Accept-Encoding": "gzip, deflate", "Accept-Language": "en-us,en;q=0.5"}}, {"format_id": "160", "url": "https://r6---sn-5njj-u2xl.googlevideo.com/videoplayback?expire=1613497729&ei=IbErYNqDFceSigbHj5-oDA&ip=140.109.135.76&id=o-AKZUnM_jXLTsL6jPdApbd-Cs_P-NP_hDqub5zq-NPLvq&itag=160&aitags=133%2C134%2C135%2C136%2C160%2C242%2C243%2C244%2C247%2C278%2C298%2C302&source=youtube&requiressl=yes&mh=ky&mm=31%2C29&mn=sn-5njj-u2xl%2Csn-un57en7l&ms=au%2Crdu&mv=m&mvi=6&pl=16&initcwndbps=632500&vprv=1&mime=video%2Fmp4&ns=WRD3FzECOoi6-9fLMR-OsR4F&gir=yes&clen=579378&dur=354.988&lmt=1610022518363247&mt=1613475902&fvip=6&keepalive=yes&c=WEB&txp=5432432&n=WoB8kzYKm4Xw_pM5MK&sparams=expire%2Cei%2Cip%2Cid%2Caitags%2Csource%2Crequiressl%2Cvprv%2Cmime%2Cns%2Cgir%2Cclen%2Cdur%2Clmt&lsparams=mh%2Cmm%2Cmn%2Cms%2Cmv%2Cmvi%2Cpl%2Cinitcwndbps&lsig=AG3C_xAwRAIgbzlMDBqZhQ_C0Nie5n6HK96oA2F-LyOiyg--bJHc1RwCIBziYZVzdAah9pB-JyvaPzxmhPy61KCBX-X9H8F2hXEz&sig=AOq0QJ8wRQIhAIOzG70xdygCttSEoeVvE28lqDolqLRK98uYOOb0rHDRAiBJIZ-Qb4R4XSEXAtWhu-P3qpI5N1K1zv9Dl5anr-_knA==&ratebypass=yes", "player_url": "/s/player/490079fb/player_ias.vflset/en_US/base.js", "ext": "mp4", "height": 144, "format_note": "144p", "vcodec": "avc1.4d400c", "asr": null, "filesize": 579378, "fps": 30, "tbr": 26.997, "width": 256, "acodec": "none", "downloader_options": {"http_chunk_size": 10485760}, "format": "160 - 256x144 (144p)", "protocol": "https", "http_headers": {"User-Agent": "Mozilla/5.0 (Windows NT 10.0; Win64; x64) AppleWebKit/537.36 (KHTML, like Gecko) Chrome/74.0.3729.24 Safari/537.36", "Accept-Charset": "ISO-8859-1,utf-8;q=0.7,*;q=0.7", "Accept": "text/html,application/xhtml+xml,application/xml;q=0.9,*/*;q=0.8", "Accept-Encoding": "gzip, deflate", "Accept-Language": "en-us,en;q=0.5"}}, {"format_id": "133", "url": "https://r6---sn-5njj-u2xl.googlevideo.com/videoplayback?expire=1613497729&ei=IbErYNqDFceSigbHj5-oDA&ip=140.109.135.76&id=o-AKZUnM_jXLTsL6jPdApbd-Cs_P-NP_hDqub5zq-NPLvq&itag=133&aitags=133%2C134%2C135%2C136%2C160%2C242%2C243%2C244%2C247%2C278%2C298%2C302&source=youtube&requiressl=yes&mh=ky&mm=31%2C29&mn=sn-5njj-u2xl%2Csn-un57en7l&ms=au%2Crdu&mv=m&mvi=6&pl=16&initcwndbps=632500&vprv=1&mime=video%2Fmp4&ns=WRD3FzECOoi6-9fLMR-OsR4F&gir=yes&clen=900712&dur=354.988&lmt=1610022518362989&mt=1613475902&fvip=6&keepalive=yes&c=WEB&txp=5432432&n=WoB8kzYKm4Xw_pM5MK&sparams=expire%2Cei%2Cip%2Cid%2Caitags%2Csource%2Crequiressl%2Cvprv%2Cmime%2Cns%2Cgir%2Cclen%2Cdur%2Clmt&lsparams=mh%2Cmm%2Cmn%2Cms%2Cmv%2Cmvi%2Cpl%2Cinitcwndbps&lsig=AG3C_xAwRQIhAPolc0HKfmFt-IDqSzypOkz-oNKoPe2u0aDA4qnxzJfHAiAZoey9tCJcFcrmczpe6Zc9ywe0725TInoZd2ccCOuVEQ%3D%3D&sig=AOq0QJ8wRgIhAOYvViD9mF2MnOzyYrjvy1myQE9RJ2aDTz6CbMr2WXbUAiEAwP4njsUUAd0Sj-K0rUNL5DJd-O_xpGNNCZG1w7LNbIA=&ratebypass=yes", "player_url": "/s/player/490079fb/player_ias.vflset/en_US/base.js", "ext": "mp4", "height": 240, "format_note": "240p", "vcodec": "avc1.4d4015", "asr": null, "filesize": 900712, "fps": 30, "tbr": 49.465, "width": 426, "acodec": "none", "downloader_options": {"http_chunk_size": 10485760}, "format": "133 - 426x240 (240p)", "protocol": "https", "http_headers": {"User-Agent": "Mozilla/5.0 (Windows NT 10.0; Win64; x64) AppleWebKit/537.36 (KHTML, like Gecko) Chrome/74.0.3729.24 Safari/537.36", "Accept-Charset": "ISO-8859-1,utf-8;q=0.7,*;q=0.7", "Accept": "text/html,application/xhtml+xml,application/xml;q=0.9,*/*;q=0.8", "Accept-Encoding": "gzip, deflate", "Accept-Language": "en-us,en;q=0.5"}}, {"format_id": "278", "url": "https://r6---sn-5njj-u2xl.googlevideo.com/videoplayback?expire=1613497729&ei=IbErYNqDFceSigbHj5-oDA&ip=140.109.135.76&id=o-AKZUnM_jXLTsL6jPdApbd-Cs_P-NP_hDqub5zq-NPLvq&itag=278&aitags=133%2C134%2C135%2C136%2C160%2C242%2C243%2C244%2C247%2C278%2C298%2C302&source=youtube&requiressl=yes&mh=ky&mm=31%2C29&mn=sn-5njj-u2xl%2Csn-un57en7l&ms=au%2Crdu&mv=m&mvi=6&pl=16&initcwndbps=632500&vprv=1&mime=video%2Fwebm&ns=WRD3FzECOoi6-9fLMR-OsR4F&gir=yes&clen=1368257&dur=354.988&lmt=1541486034450058&mt=1613475902&fvip=6&keepalive=yes&c=WEB&txp=5432432&n=WoB8kzYKm4Xw_pM5MK&sparams=expire%2Cei%2Cip%2Cid%2Caitags%2Csource%2Crequiressl%2Cvprv%2Cmime%2Cns%2Cgir%2Cclen%2Cdur%2Clmt&lsparams=mh%2Cmm%2Cmn%2Cms%2Cmv%2Cmvi%2Cpl%2Cinitcwndbps&lsig=AG3C_xAwRAIgC-Rd-UIiu5i7SxDFNI3V-FEXA8GXBMpTaOElMydGMcACIEdnN-u7dsfZ3F5oXt18V_GQE9RTQ51A1XyBszYBEsg3&sig=AOq0QJ8wRQIhAM0Gc1DZOtscPuxmmrRmV3NUYlLlLGE6OAs_8xTOVY6gAiAp4hDe54xJ9x75_MIVuRvT-sp0XnBMuRoljIlwpMnnAg==&ratebypass=yes", "player_url": "/s/player/490079fb/player_ias.vflset/en_US/base.js", "ext": "webm", "height": 144, "format_note": "144p", "container": "webm", "vcodec": "vp9", "asr": null, "filesize": 1368257, "fps": 30, "tbr": 66.315, "width": 256, "acodec": "none", "downloader_options": {"http_chunk_size": 10485760}, "format": "278 - 256x144 (144p)", "protocol": "https", "http_headers": {"User-Agent": "Mozilla/5.0 (Windows NT 10.0; Win64; x64) AppleWebKit/537.36 (KHTML, like Gecko) Chrome/74.0.3729.24 Safari/537.36", "Accept-Charset": "ISO-8859-1,utf-8;q=0.7,*;q=0.7", "Accept": "text/html,application/xhtml+xml,application/xml;q=0.9,*/*;q=0.8", "Accept-Encoding": "gzip, deflate", "Accept-Language": "en-us,en;q=0.5"}}, {"format_id": "134", "url": "https://r6---sn-5njj-u2xl.googlevideo.com/videoplayback?expire=1613497729&ei=IbErYNqDFceSigbHj5-oDA&ip=140.109.135.76&id=o-AKZUnM_jXLTsL6jPdApbd-Cs_P-NP_hDqub5zq-NPLvq&itag=134&aitags=133%2C134%2C135%2C136%2C160%2C242%2C243%2C244%2C247%2C278%2C298%2C302&source=youtube&requiressl=yes&mh=ky&mm=31%2C29&mn=sn-5njj-u2xl%2Csn-un57en7l&ms=au%2Crdu&mv=m&mvi=6&pl=16&initcwndbps=632500&vprv=1&mime=video%2Fmp4&ns=WRD3FzECOoi6-9fLMR-OsR4F&gir=yes&clen=1331802&dur=354.988&lmt=1610022518367566&mt=1613475902&fvip=6&keepalive=yes&c=WEB&txp=5432432&n=WoB8kzYKm4Xw_pM5MK&sparams=expire%2Cei%2Cip%2Cid%2Caitags%2Csource%2Crequiressl%2Cvprv%2Cmime%2Cns%2Cgir%2Cclen%2Cdur%2Clmt&lsparams=mh%2Cmm%2Cmn%2Cms%2Cmv%2Cmvi%2Cpl%2Cinitcwndbps&lsig=AG3C_xAwRQIhAII6XR7f0RmKb_uJHYJIZleF_KSTtqb93Lpv40GZ3wcDAiBFIlbJHyuCA896PiRESGgQVkX2Fr1Fw5Bg3Q5kgpyvkA%3D%3D&sig=AOq0QJ8wRgIhANmttz2-pH6Xw6Sukuk-gZndiAQzsta4wK1hCQEtBxWZAiEAmDUbOCZrgdjm91o2BNqsn6Qf8kPBCgGxh2KtXRTj4wg=&ratebypass=yes", "player_url": "/s/player/490079fb/player_ias.vflset/en_US/base.js", "ext": "mp4", "height": 360, "format_note": "360p", "vcodec": "avc1.4d401e", "asr": null, "filesize": 1331802, "fps": 30, "tbr": 83.35, "width": 640, "acodec": "none", "downloader_options": {"http_chunk_size": 10485760}, "format": "134 - 640x360 (360p)", "protocol": "https", "http_headers": {"User-Agent": "Mozilla/5.0 (Windows NT 10.0; Win64; x64) AppleWebKit/537.36 (KHTML, like Gecko) Chrome/74.0.3729.24 Safari/537.36", "Accept-Charset": "ISO-8859-1,utf-8;q=0.7,*;q=0.7", "Accept": "text/html,application/xhtml+xml,application/xml;q=0.9,*/*;q=0.8", "Accept-Encoding": "gzip, deflate", "Accept-Language": "en-us,en;q=0.5"}}, {"format_id": "242", "url": "https://r6---sn-5njj-u2xl.googlevideo.com/videoplayback?expire=1613497729&ei=IbErYNqDFceSigbHj5-oDA&ip=140.109.135.76&id=o-AKZUnM_jXLTsL6jPdApbd-Cs_P-NP_hDqub5zq-NPLvq&itag=242&aitags=133%2C134%2C135%2C136%2C160%2C242%2C243%2C244%2C247%2C278%2C298%2C302&source=youtube&requiressl=yes&mh=ky&mm=31%2C29&mn=sn-5njj-u2xl%2Csn-un57en7l&ms=au%2Crdu&mv=m&mvi=6&pl=16&initcwndbps=632500&vprv=1&mime=video%2Fwebm&ns=WRD3FzECOoi6-9fLMR-OsR4F&gir=yes&clen=1764246&dur=354.988&lmt=1541486034603035&mt=1613475902&fvip=6&keepalive=yes&c=WEB&txp=5432432&n=WoB8kzYKm4Xw_pM5MK&sparams=expire%2Cei%2Cip%2Cid%2Caitags%2Csource%2Crequiressl%2Cvprv%2Cmime%2Cns%2Cgir%2Cclen%2Cdur%2Clmt&lsparams=mh%2Cmm%2Cmn%2Cms%2Cmv%2Cmvi%2Cpl%2Cinitcwndbps&lsig=AG3C_xAwRAIgNpyhu6GoON36IrAEuN1nlyt6-xraih2Y6efLTBn9rgsCIEe6IONKv85Hg-U5pd3WPiB2IVdXvYIK9siXQuWDdzoz&sig=AOq0QJ8wRQIgGdGrX8b6FdsWllGyeyAH7vhXprvfs3cT_yaTeOO613UCIQD2CuX1EN4POuEOMSQspvh80DpqeCkB1pM-x0YdhN9bmg==&ratebypass=yes", "player_url": "/s/player/490079fb/player_ias.vflset/en_US/base.js", "ext": "webm", "height": 240, "format_note": "240p", "vcodec": "vp9", "asr": null, "filesize": 1764246, "fps": 30, "tbr": 114.857, "width": 426, "acodec": "none", "downloader_options": {"http_chunk_size": 10485760}, "format": "242 - 426x240 (240p)", "protocol": "https", "http_headers": {"User-Agent": "Mozilla/5.0 (Windows NT 10.0; Win64; x64) AppleWebKit/537.36 (KHTML, like Gecko) Chrome/74.0.3729.24 Safari/537.36", "Accept-Charset": "ISO-8859-1,utf-8;q=0.7,*;q=0.7", "Accept": "text/html,application/xhtml+xml,application/xml;q=0.9,*/*;q=0.8", "Accept-Encoding": "gzip, deflate", "Accept-Language": "en-us,en;q=0.5"}}, {"format_id": "135", "url": "https://r6---sn-5njj-u2xl.googlevideo.com/videoplayback?expire=1613497729&ei=IbErYNqDFceSigbHj5-oDA&ip=140.109.135.76&id=o-AKZUnM_jXLTsL6jPdApbd-Cs_P-NP_hDqub5zq-NPLvq&itag=135&aitags=133%2C134%2C135%2C136%2C160%2C242%2C243%2C244%2C247%2C278%2C298%2C302&source=youtube&requiressl=yes&mh=ky&mm=31%2C29&mn=sn-5njj-u2xl%2Csn-un57en7l&ms=au%2Crdu&mv=m&mvi=6&pl=16&initcwndbps=632500&vprv=1&mime=video%2Fmp4&ns=WRD3FzECOoi6-9fLMR-OsR4F&gir=yes&clen=1781065&dur=354.988&lmt=1610022518364542&mt=1613475902&fvip=6&keepalive=yes&c=WEB&txp=5432432&n=WoB8kzYKm4Xw_pM5MK&sparams=expire%2Cei%2Cip%2Cid%2Caitags%2Csource%2Crequiressl%2Cvprv%2Cmime%2Cns%2Cgir%2Cclen%2Cdur%2Clmt&lsparams=mh%2Cmm%2Cmn%2Cms%2Cmv%2Cmvi%2Cpl%2Cinitcwndbps&lsig=AG3C_xAwRQIgP52pSBe8IczTFQktOhhoPRBsVJCRknYJVT9xoMa1yQsCIQCT9PqS6JYwIKZOLLiFpkcaDIa7IcKlSDkoWgwllEYj_w%3D%3D&sig=AOq0QJ8wRAIgPT9s5CkMDJFD2sy2fb5wbRjXmYkTpNM5qEwXfzyLcBMCIE1HDnRtd2IOltL3vQIEWInigp5hrA271fkh8_p7TFWv&ratebypass=yes", "player_url": "/s/player/490079fb/player_ias.vflset/en_US/base.js", "ext": "mp4", "height": 480, "format_note": "480p", "vcodec": "avc1.4d401f", "asr": null, "filesize": 1781065, "fps": 30, "tbr": 115.049, "width": 854, "acodec": "none", "downloader_options": {"http_chunk_size": 10485760}, "format": "135 - 854x480 (480p)", "protocol": "https", "http_headers": {"User-Agent": "Mozilla/5.0 (Windows NT 10.0; Win64; x64) AppleWebKit/537.36 (KHTML, like Gecko) Chrome/74.0.3729.24 Safari/537.36", "Accept-Charset": "ISO-8859-1,utf-8;q=0.7,*;q=0.7", "Accept": "text/html,application/xhtml+xml,application/xml;q=0.9,*/*;q=0.8", "Accept-Encoding": "gzip, deflate", "Accept-Language": "en-us,en;q=0.5"}}, {"format_id": "244", "url": "https://r6---sn-5njj-u2xl.googlevideo.com/videoplayback?expire=1613497729&ei=IbErYNqDFceSigbHj5-oDA&ip=140.109.135.76&id=o-AKZUnM_jXLTsL6jPdApbd-Cs_P-NP_hDqub5zq-NPLvq&itag=244&aitags=133%2C134%2C135%2C136%2C160%2C242%2C243%2C244%2C247%2C278%2C298%2C302&source=youtube&requiressl=yes&mh=ky&mm=31%2C29&mn=sn-5njj-u2xl%2Csn-un57en7l&ms=au%2Crdu&mv=m&mvi=6&pl=16&initcwndbps=632500&vprv=1&mime=video%2Fwebm&ns=WRD3FzECOoi6-9fLMR-OsR4F&gir=yes&clen=3261200&dur=354.988&lmt=1541486034582524&mt=1613475902&fvip=6&keepalive=yes&c=WEB&txp=5432432&n=WoB8kzYKm4Xw_pM5MK&sparams=expire%2Cei%2Cip%2Cid%2Caitags%2Csource%2Crequiressl%2Cvprv%2Cmime%2Cns%2Cgir%2Cclen%2Cdur%2Clmt&lsparams=mh%2Cmm%2Cmn%2Cms%2Cmv%2Cmvi%2Cpl%2Cinitcwndbps&lsig=AG3C_xAwRQIgYkOwvWMtQyfbcgs8HY0Naiq7Q9VwPESSBBB7HULeAkQCIQDPqchMaGPNrHV_aycJp2pNmCq4L7qm72FreBfOnyuNRA%3D%3D&sig=AOq0QJ8wRgIhAMk-avI1CMWeqCqm1kuKHCQyqa_jhxVKyWAKvU6B0bF_AiEA3HhQ91Bb_tOmDLioPIOHfXS5_UrmlXbbM1s3HTD7gdM=&ratebypass=yes", "player_url": "/s/player/490079fb/player_ias.vflset/en_US/base.js", "ext": "webm", "height": 480, "format_note": "480p", "vcodec": "vp9", "asr": null, "filesize": 3261200, "fps": 30, "tbr": 184.062, "width": 854, "acodec": "none", "downloader_options": {"http_chunk_size": 10485760}, "format": "244 - 854x480 (480p)", "protocol": "https", "http_headers": {"User-Agent": "Mozilla/5.0 (Windows NT 10.0; Win64; x64) AppleWebKit/537.36 (KHTML, like Gecko) Chrome/74.0.3729.24 Safari/537.36", "Accept-Charset": "ISO-8859-1,utf-8;q=0.7,*;q=0.7", "Accept": "text/html,application/xhtml+xml,application/xml;q=0.9,*/*;q=0.8", "Accept-Encoding": "gzip, deflate", "Accept-Language": "en-us,en;q=0.5"}}, {"format_id": "243", "url": "https://r6---sn-5njj-u2xl.googlevideo.com/videoplayback?expire=1613497729&ei=IbErYNqDFceSigbHj5-oDA&ip=140.109.135.76&id=o-AKZUnM_jXLTsL6jPdApbd-Cs_P-NP_hDqub5zq-NPLvq&itag=243&aitags=133%2C134%2C135%2C136%2C160%2C242%2C243%2C244%2C247%2C278%2C298%2C302&source=youtube&requiressl=yes&mh=ky&mm=31%2C29&mn=sn-5njj-u2xl%2Csn-un57en7l&ms=au%2Crdu&mv=m&mvi=6&pl=16&initcwndbps=632500&vprv=1&mime=video%2Fwebm&ns=WRD3FzECOoi6-9fLMR-OsR4F&gir=yes&clen=2911640&dur=354.988&lmt=1541486034620714&mt=1613475902&fvip=6&keepalive=yes&c=WEB&txp=5432432&n=WoB8kzYKm4Xw_pM5MK&sparams=expire%2Cei%2Cip%2Cid%2Caitags%2Csource%2Crequiressl%2Cvprv%2Cmime%2Cns%2Cgir%2Cclen%2Cdur%2Clmt&lsparams=mh%2Cmm%2Cmn%2Cms%2Cmv%2Cmvi%2Cpl%2Cinitcwndbps&lsig=AG3C_xAwRQIhAIkXJEXPCZ2L-OL8pE8ORfMDs6R8-tbPQ51xzbiR0Vx8AiAdny9Fi4ntRx3sPMgum1GzamjqSCyA4UpywCsYsiI-hw%3D%3D&sig=AOq0QJ8wRgIhAK6M1ugntYJJM-cweEf0X4HLLbGkSdM4GyJ1rEZSlbZzAiEAyqK2ItOjUiUdYeG5yF_Bukpk_SMQdQe8p5ALBhHYz54=&ratebypass=yes", "player_url": "/s/player/490079fb/player_ias.vflset/en_US/base.js", "ext": "webm", "height": 360, "format_note": "360p", "vcodec": "vp9", "asr": null, "filesize": 2911640, "fps": 30, "tbr": 184.698, "width": 640, "acodec": "none", "downloader_options": {"http_chunk_size": 10485760}, "format": "243 - 640x360 (360p)", "protocol": "https", "http_headers": {"User-Agent": "Mozilla/5.0 (Windows NT 10.0; Win64; x64) AppleWebKit/537.36 (KHTML, like Gecko) Chrome/74.0.3729.24 Safari/537.36", "Accept-Charset": "ISO-8859-1,utf-8;q=0.7,*;q=0.7", "Accept": "text/html,application/xhtml+xml,application/xml;q=0.9,*/*;q=0.8", "Accept-Encoding": "gzip, deflate", "Accept-Language": "en-us,en;q=0.5"}}, {"format_id": "136", "url": "https://r6---sn-5njj-u2xl.googlevideo.com/videoplayback?expire=1613497729&ei=IbErYNqDFceSigbHj5-oDA&ip=140.109.135.76&id=o-AKZUnM_jXLTsL6jPdApbd-Cs_P-NP_hDqub5zq-NPLvq&itag=136&aitags=133%2C134%2C135%2C136%2C160%2C242%2C243%2C244%2C247%2C278%2C298%2C302&source=youtube&requiressl=yes&mh=ky&mm=31%2C29&mn=sn-5njj-u2xl%2Csn-un57en7l&ms=au%2Crdu&mv=m&mvi=6&pl=16&initcwndbps=632500&vprv=1&mime=video%2Fmp4&ns=WRD3FzECOoi6-9fLMR-OsR4F&gir=yes&clen=4027022&dur=354.988&lmt=1610022518369630&mt=1613475902&fvip=6&keepalive=yes&c=WEB&txp=5432432&n=WoB8kzYKm4Xw_pM5MK&sparams=expire%2Cei%2Cip%2Cid%2Caitags%2Csource%2Crequiressl%2Cvprv%2Cmime%2Cns%2Cgir%2Cclen%2Cdur%2Clmt&lsparams=mh%2Cmm%2Cmn%2Cms%2Cmv%2Cmvi%2Cpl%2Cinitcwndbps&lsig=AG3C_xAwRgIhANGSiTpXNLhb-10-YullJMrW9ZbCPtTNN0HLo6e2LUqPAiEA4o6k4FMY6zaAjxcj2PFoKrADYcZqGJTRjvDgP4n_XpE%3D&sig=AOq0QJ8wRAIgCHKIlTI1r4W69gKqQa5C6Krqf-U4-QFq4KIZGGUgxusCIFhR-Yge-u9EfKrYvox9SU0hCcZyuU01MwolDpMtkJYC&ratebypass=yes", "player_url": "/s/player/490079fb/player_ias.vflset/en_US/base.js", "ext": "mp4", "height": 720, "format_note": "720p", "vcodec": "avc1.4d401f", "asr": null, "filesize": 4027022, "fps": 30, "tbr": 302.519, "width": 1280, "acodec": "none", "downloader_options": {"http_chunk_size": 10485760}, "format": "136 - 1280x720 (720p)", "protocol": "https", "http_headers": {"User-Agent": "Mozilla/5.0 (Windows NT 10.0; Win64; x64) AppleWebKit/537.36 (KHTML, like Gecko) Chrome/74.0.3729.24 Safari/537.36", "Accept-Charset": "ISO-8859-1,utf-8;q=0.7,*;q=0.7", "Accept": "text/html,application/xhtml+xml,application/xml;q=0.9,*/*;q=0.8", "Accept-Encoding": "gzip, deflate", "Accept-Language": "en-us,en;q=0.5"}}, {"format_id": "247", "url": "https://r6---sn-5njj-u2xl.googlevideo.com/videoplayback?expire=1613497729&ei=IbErYNqDFceSigbHj5-oDA&ip=140.109.135.76&id=o-AKZUnM_jXLTsL6jPdApbd-Cs_P-NP_hDqub5zq-NPLvq&itag=247&aitags=133%2C134%2C135%2C136%2C160%2C242%2C243%2C244%2C247%2C278%2C298%2C302&source=youtube&requiressl=yes&mh=ky&mm=31%2C29&mn=sn-5njj-u2xl%2Csn-un57en7l&ms=au%2Crdu&mv=m&mvi=6&pl=16&initcwndbps=632500&vprv=1&mime=video%2Fwebm&ns=WRD3FzECOoi6-9fLMR-OsR4F&gir=yes&clen=7989451&dur=354.988&lmt=1541486034504208&mt=1613475902&fvip=6&keepalive=yes&c=WEB&txp=5432432&n=WoB8kzYKm4Xw_pM5MK&sparams=expire%2Cei%2Cip%2Cid%2Caitags%2Csource%2Crequiressl%2Cvprv%2Cmime%2Cns%2Cgir%2Cclen%2Cdur%2Clmt&lsparams=mh%2Cmm%2Cmn%2Cms%2Cmv%2Cmvi%2Cpl%2Cinitcwndbps&lsig=AG3C_xAwRgIhAN_9JF9EvZEiaVCUn9ZOcLvm1x9kPsunPhk-JHfG4CEuAiEAptXihBBzJRc0LJXYtSQ1N8jGhOQ0X_JKAMR8DF4EQfA%3D&sig=AOq0QJ8wRAIgZMmhubTeAHK4STju8I7UzLVrh_8w1qPsIwxIsBvVBswCIHF7UFUWkXTgDX90brhhks-mwTyjf0dA-UYiP1ZNvdPu&ratebypass=yes", "player_url": "/s/player/490079fb/player_ias.vflset/en_US/base.js", "ext": "webm", "height": 720, "format_note": "720p", "vcodec": "vp9", "asr": null, "filesize": 7989451, "fps": 30, "tbr": 434.2, "width": 1280, "acodec": "none", "downloader_options": {"http_chunk_size": 10485760}, "format": "247 - 1280x720 (720p)", "protocol": "https", "http_headers": {"User-Agent": "Mozilla/5.0 (Windows NT 10.0; Win64; x64) AppleWebKit/537.36 (KHTML, like Gecko) Chrome/74.0.3729.24 Safari/537.36", "Accept-Charset": "ISO-8859-1,utf-8;q=0.7,*;q=0.7", "Accept": "text/html,application/xhtml+xml,application/xml;q=0.9,*/*;q=0.8", "Accept-Encoding": "gzip, deflate", "Accept-Language": "en-us,en;q=0.5"}}, {"format_id": "298", "url": "https://r6---sn-5njj-u2xl.googlevideo.com/videoplayback?expire=1613497729&ei=IbErYNqDFceSigbHj5-oDA&ip=140.109.135.76&id=o-AKZUnM_jXLTsL6jPdApbd-Cs_P-NP_hDqub5zq-NPLvq&itag=298&aitags=133%2C134%2C135%2C136%2C160%2C242%2C243%2C244%2C247%2C278%2C298%2C302&source=youtube&requiressl=yes&mh=ky&mm=31%2C29&mn=sn-5njj-u2xl%2Csn-un57en7l&ms=au%2Crdu&mv=m&mvi=6&pl=16&initcwndbps=632500&vprv=1&mime=video%2Fmp4&ns=WRD3FzECOoi6-9fLMR-OsR4F&gir=yes&clen=6142037&dur=354.987&lmt=1610022422989815&mt=1613475902&fvip=6&keepalive=yes&c=WEB&txp=5432432&n=WoB8kzYKm4Xw_pM5MK&sparams=expire%2Cei%2Cip%2Cid%2Caitags%2Csource%2Crequiressl%2Cvprv%2Cmime%2Cns%2Cgir%2Cclen%2Cdur%2Clmt&lsparams=mh%2Cmm%2Cmn%2Cms%2Cmv%2Cmvi%2Cpl%2Cinitcwndbps&lsig=AG3C_xAwRQIgRTHCQ6YT3zsSahNGQvHc5B110ZVpx-xTYj07Shc0ICoCIQCj_bfDatPqZ2_TiG0H9mkH8uXcEnhinrU0Rq3UCO2r-w%3D%3D&sig=AOq0QJ8wRQIgIQ9Qx2X7S6TX7wK6s3koSr2BQng808eEMwxXKYWl380CIQDsPHoCtKmdZrTAxK1nKt7LstA1Y7FP4ZXLztMKdIUuLQ==&ratebypass=yes", "player_url": "/s/player/490079fb/player_ias.vflset/en_US/base.js", "ext": "mp4", "height": 720, "format_note": "720p60", "vcodec": "avc1.4d4020", "fps": 60, "asr": null, "filesize": 6142037, "tbr": 467.577, "width": 1280, "acodec": "none", "downloader_options": {"http_chunk_size": 10485760}, "format": "298 - 1280x720 (720p60)", "protocol": "https", "http_headers": {"User-Agent": "Mozilla/5.0 (Windows NT 10.0; Win64; x64) AppleWebKit/537.36 (KHTML, like Gecko) Chrome/74.0.3729.24 Safari/537.36", "Accept-Charset": "ISO-8859-1,utf-8;q=0.7,*;q=0.7", "Accept": "text/html,application/xhtml+xml,application/xml;q=0.9,*/*;q=0.8", "Accept-Encoding": "gzip, deflate", "Accept-Language": "en-us,en;q=0.5"}}, {"format_id": "302", "url": "https://r6---sn-5njj-u2xl.googlevideo.com/videoplayback?expire=1613497729&ei=IbErYNqDFceSigbHj5-oDA&ip=140.109.135.76&id=o-AKZUnM_jXLTsL6jPdApbd-Cs_P-NP_hDqub5zq-NPLvq&itag=302&aitags=133%2C134%2C135%2C136%2C160%2C242%2C243%2C244%2C247%2C278%2C298%2C302&source=youtube&requiressl=yes&mh=ky&mm=31%2C29&mn=sn-5njj-u2xl%2Csn-un57en7l&ms=au%2Crdu&mv=m&mvi=6&pl=16&initcwndbps=632500&vprv=1&mime=video%2Fwebm&ns=WRD3FzECOoi6-9fLMR-OsR4F&gir=yes&clen=13661663&dur=354.988&lmt=1541485280876125&mt=1613475902&fvip=6&keepalive=yes&c=WEB&txp=5432432&n=WoB8kzYKm4Xw_pM5MK&sparams=expire%2Cei%2Cip%2Cid%2Caitags%2Csource%2Crequiressl%2Cvprv%2Cmime%2Cns%2Cgir%2Cclen%2Cdur%2Clmt&lsparams=mh%2Cmm%2Cmn%2Cms%2Cmv%2Cmvi%2Cpl%2Cinitcwndbps&lsig=AG3C_xAwRQIhAP5ur8FLjA9eaTAPn8huFmMU9yFuyPes7Wlu6K8krHrmAiBsFttLSIQyLuVug6nyptU6wUGFFqZkOPB7WDS8GsQGMg%3D%3D&sig=AOq0QJ8wRgIhAKb8TyTul0Idi-xYB-49z25tVVT26khAJd7h9hli6XDGAiEA0Rc-Jm2J_3JxLfSV28lArABl-KIS7YupXMboQOPRSlc=&ratebypass=yes", "player_url": "/s/player/490079fb/player_ias.vflset/en_US/base.js", "ext": "webm", "height": 720, "format_note": "720p60", "vcodec": "vp9", "fps": 60, "asr": null, "filesize": 13661663, "tbr": 619.892, "width": 1280, "acodec": "none", "downloader_options": {"http_chunk_size": 10485760}, "format": "302 - 1280x720 (720p60)", "protocol": "https", "http_headers": {"User-Agent": "Mozilla/5.0 (Windows NT 10.0; Win64; x64) AppleWebKit/537.36 (KHTML, like Gecko) Chrome/74.0.3729.24 Safari/537.36", "Accept-Charset": "ISO-8859-1,utf-8;q=0.7,*;q=0.7", "Accept": "text/html,application/xhtml+xml,application/xml;q=0.9,*/*;q=0.8", "Accept-Encoding": "gzip, deflate", "Accept-Language": "en-us,en;q=0.5"}}, {"format_id": "18", "url": "https://r6---sn-5njj-u2xl.googlevideo.com/videoplayback?expire=1613497729&ei=IbErYNqDFceSigbHj5-oDA&ip=140.109.135.76&id=o-AKZUnM_jXLTsL6jPdApbd-Cs_P-NP_hDqub5zq-NPLvq&itag=18&source=youtube&requiressl=yes&mh=ky&mm=31%2C29&mn=sn-5njj-u2xl%2Csn-un57en7l&ms=au%2Crdu&mv=m&mvi=6&pl=16&initcwndbps=632500&vprv=1&mime=video%2Fmp4&ns=UGcusspm9PwD-S4-WovIcm0F&gir=yes&clen=11528876&ratebypass=yes&dur=355.056&lmt=1541486133036516&mt=1613475902&fvip=6&c=WEB&txp=5431432&n=DZbQtjTk_AiHtJETAU&sparams=expire%2Cei%2Cip%2Cid%2Citag%2Csource%2Crequiressl%2Cvprv%2Cmime%2Cns%2Cgir%2Cclen%2Cratebypass%2Cdur%2Clmt&lsparams=mh%2Cmm%2Cmn%2Cms%2Cmv%2Cmvi%2Cpl%2Cinitcwndbps&lsig=AG3C_xAwRgIhALh0SVAXTUdlxIV48sFlJ0Q6fvbVQsg3f8hto70dbshDAiEAqBp4YJrWnh7DeGsC3pUuw3vEoqS5KzmmLJ00cz8XZmE%3D&sig=AOq0QJ8wRAIhAOClYUxvsub94LaCVruZS11Gg1Xvlj2DYVWG0QKuoa6iAh9gEYcQxtmVwnsPZVKDd-A_Ve0Cg3Hxp_f94kY4ckFZ", "player_url": "/s/player/490079fb/player_ias.vflset/en_US/base.js", "ext": "mp4", "width": 640, "height": 360, "acodec": "mp4a.40.2", "abr": 96, "vcodec": "avc1.42001E", "asr": 44100, "filesize": 11528876, "format_note": "360p", "fps": 30, "tbr": 259.815, "format": "18 - 640x360 (360p)", "protocol": "https", "http_headers": {"User-Agent": "Mozilla/5.0 (Windows NT 10.0; Win64; x64) AppleWebKit/537.36 (KHTML, like Gecko) Chrome/74.0.3729.24 Safari/537.36", "Accept-Charset": "ISO-8859-1,utf-8;q=0.7,*;q=0.7", "Accept": "text/html,application/xhtml+xml,application/xml;q=0.9,*/*;q=0.8", "Accept-Encoding": "gzip, deflate", "Accept-Language": "en-us,en;q=0.5"}}], "is_live": null, "start_time": null, "end_time": null, "series": null, "season_number": null, "episode_number": null, "track": null, "artist": null, "album": null, "release_date": null, "release_year": null, "extractor": "youtube", "webpage_url_basename": "watch", "extractor_key": "Youtube", "playlist": null, "playlist_index": null, "thumbnail": "https://i.ytimg.com/vi_webp/zmZHNy9T8Pg/maxresdefault.webp", "display_id": "zmZHNy9T8Pg", "requested_subtitles": null, "format_id": "251", "url": "https://r6---sn-5njj-u2xl.googlevideo.com/videoplayback?expire=1613497729&ei=IbErYNqDFceSigbHj5-oDA&ip=140.109.135.76&id=o-AKZUnM_jXLTsL6jPdApbd-Cs_P-NP_hDqub5zq-NPLvq&itag=251&source=youtube&requiressl=yes&mh=ky&mm=31%2C29&mn=sn-5njj-u2xl%2Csn-un57en7l&ms=au%2Crdu&mv=m&mvi=6&pl=16&initcwndbps=632500&vprv=1&mime=audio%2Fwebm&ns=WRD3FzECOoi6-9fLMR-OsR4F&gir=yes&clen=6944454&dur=355.021&lmt=1541486766125500&mt=1613475902&fvip=6&keepalive=yes&c=WEB&txp=5411222&n=WoB8kzYKm4Xw_pM5MK&sparams=expire%2Cei%2Cip%2Cid%2Citag%2Csource%2Crequiressl%2Cvprv%2Cmime%2Cns%2Cgir%2Cclen%2Cdur%2Clmt&lsparams=mh%2Cmm%2Cmn%2Cms%2Cmv%2Cmvi%2Cpl%2Cinitcwndbps&lsig=AG3C_xAwRgIhAO7vuOdgaXLrc6pCkby0QjtC5aik1ozvC10F0EMLHYXmAiEAsnmPaObeGHj4mmaTQD-cJ6QslgTq8eMk6-0_8ceD5Ec%3D&sig=AOq0QJ8wRQIhAMa1xlWyS0RwhJWUao3gmHivVQdYYNbjhmb-yxF6U1lCAiAKwhigyRh3c14FHUDOjgh2ETHfmhmmV8NORr8W9W5c0Q==&ratebypass=yes", "player_url": "/s/player/490079fb/player_ias.vflset/en_US/base.js", "ext": "webm", "format_note": "tiny", "acodec": "opus", "abr": 160, "asr": 48000, "filesize": 6944454, "fps": null, "height": null, "tbr": 165.167, "width": null, "vcodec": "none", "downloader_options": {"http_chunk_size": 10485760}, "format": "251 - audio only (tiny)", "protocol": "https", "http_headers": {"User-Agent": "Mozilla/5.0 (Windows NT 10.0; Win64; x64) AppleWebKit/537.36 (KHTML, like Gecko) Chrome/74.0.3729.24 Safari/537.36", "Accept-Charset": "ISO-8859-1,utf-8;q=0.7,*;q=0.7", "Accept": "text/html,application/xhtml+xml,application/xml;q=0.9,*/*;q=0.8", "Accept-Encoding": "gzip, deflate", "Accept-Language": "en-us,en;q=0.5"}}