{"id": "zHwJG8Rrx6c", "uploader": "DooPiano", "uploader_id": "UCNoN7dpdAlglcQWUn2pFjDA", "uploader_url": "http://www.youtube.com/channel/UCNoN7dpdAlglcQWUn2pFjDA", "channel_id": "UCNoN7dpdAlglcQWUn2pFjDA", "channel_url": "http://www.youtube.com/channel/UCNoN7dpdAlglcQWUn2pFjDA", "upload_date": "20170908", "license": null, "creator": null, "title": "\uc138\ube10\ud2f4 (SEVENTEEN) - \uc608\uc058\ub2e4 (Pretty U) Piano Cover", "alt_title": null, "thumbnails": [{"url": "https://i.ytimg.com/vi/zHwJG8Rrx6c/hqdefault.jpg?sqp=-oaymwEbCKgBEF5IVfKriqkDDggBFQAAiEIYAXABwAEG&rs=AOn4CLD046dFTxB0MOew8GFv-IF95HMlLw", "width": 168, "height": 94, "resolution": "168x94", "id": "0"}, {"url": "https://i.ytimg.com/vi/zHwJG8Rrx6c/hqdefault.jpg?sqp=-oaymwEbCMQBEG5IVfKriqkDDggBFQAAiEIYAXABwAEG&rs=AOn4CLAfJkDwNzF5RSbnUp9pY0GcEphFyQ", "width": 196, "height": 110, "resolution": "196x110", "id": "1"}, {"url": "https://i.ytimg.com/vi/zHwJG8Rrx6c/hqdefault.jpg?sqp=-oaymwEcCPYBEIoBSFXyq4qpAw4IARUAAIhCGAFwAcABBg==&rs=AOn4CLD_Tdsjf9L8YzrCieJshRnJYZFOxQ", "width": 246, "height": 138, "resolution": "246x138", "id": "2"}, {"url": "https://i.ytimg.com/vi/zHwJG8Rrx6c/hqdefault.jpg?sqp=-oaymwEcCNACELwBSFXyq4qpAw4IARUAAIhCGAFwAcABBg==&rs=AOn4CLBhqvkDbc02aH_IpHN0LiUoF5oUog", "width": 336, "height": 188, "resolution": "336x188", "id": "3"}, {"url": "https://i.ytimg.com/vi_webp/zHwJG8Rrx6c/maxresdefault.webp", "width": 1920, "height": 1080, "resolution": "1920x1080", "id": "4"}], "description": "\uc138\ube10\ud2f4 '\uc608\uc058\ub2e4' \ud53c\uc544\ub178 \ucee4\ubc84\uc785\ub2c8\ub2e4.\n\uc990\uac81\uac8c \uac10\uc0c1\ud558\uc138\uc694 :)\n\nPiano cover of 'Pretty U' by Seventeen.\nEnjoy!\n\n\u266a \ud53c\uc544\ub178 \uc545\ubcf4: \nhttps://doopiano.com/sheetmusic/pretty-u/\n\u266a Sheet Music: https://doopiano.com/en/sheetmusic/pretty-u/\n\n\uc608\uc058\ub2e4 / Pretty U M/V:\nhttps://youtu.be/j59LLNMEOZk\n\nWebsite:\nhttps://doopiano.com", "categories": ["Music"], "tags": ["\uc138\ube10\ud2f4", "\uc608\uc058\ub2e4", "Seventeen", "Pretty U", "\ud53c\uc544\ub178", "Piano"], "subtitles": {}, "automatic_captions": {}, "duration": 213, "age_limit": 0, "annotations": null, "chapters": null, "webpage_url": "https://www.youtube.com/watch?v=zHwJG8Rrx6c", "view_count": 523386, "like_count": 10070, "dislike_count": 45, "average_rating": 4.9822044, "formats": [{"format_id": "249", "url": "https://r2---sn-5njj-u2xl.googlevideo.com/videoplayback?expire=1612167603&ei=U2UXYIuHBveAs8IPnu-eqAc&ip=140.109.135.76&id=o-AGnZlQfviZNIyqatcz-XL2xWGVYSwYh5BhCxmnvkmxmb&itag=249&source=youtube&requiressl=yes&mh=eR&mm=31%2C29&mn=sn-5njj-u2xl%2Csn-un57sn7z&ms=au%2Crdu&mv=m&mvi=2&pl=16&initcwndbps=413750&vprv=1&mime=audio%2Fwebm&ns=og5CqZXs1lHyKXtgyVQ8plEF&gir=yes&clen=1616945&dur=213.021&lmt=1540992938307273&mt=1612145563&fvip=2&keepalive=yes&c=WEB&txp=5411222&n=tV_lI5CNuMRgOIHum&sparams=expire%2Cei%2Cip%2Cid%2Citag%2Csource%2Crequiressl%2Cvprv%2Cmime%2Cns%2Cgir%2Cclen%2Cdur%2Clmt&sig=AOq0QJ8wRQIhAJ3Y4n-uKFD0Bd2NBfKgcqViwlpcILgH-P5OTeTGuGDtAiB3rJbAdzFf4LnnyLcF76LvkLk2azLNvO0wfEye1EcSbQ%3D%3D&lsparams=mh%2Cmm%2Cmn%2Cms%2Cmv%2Cmvi%2Cpl%2Cinitcwndbps&lsig=AG3C_xAwRgIhANxzrwrHhmukTMgw3TGaptpqtXgBH0SRyIeDHmIKzKHFAiEAu58BBrvK9fiD5-gSpwTqvSlNNPbTgAPIvu4GiT3FV8o%3D&ratebypass=yes", "player_url": null, "ext": "webm", "format_note": "tiny", "acodec": "opus", "abr": 50, "asr": 48000, "filesize": 1616945, "fps": null, "height": null, "tbr": 66.278, "width": null, "vcodec": "none", "downloader_options": {"http_chunk_size": 10485760}, "format": "249 - audio only (tiny)", "protocol": "https", "http_headers": {"User-Agent": "Mozilla/5.0 (Windows NT 10.0; Win64; x64) AppleWebKit/537.36 (KHTML, like Gecko) Chrome/70.0.3538.79 Safari/537.36", "Accept-Charset": "ISO-8859-1,utf-8;q=0.7,*;q=0.7", "Accept": "text/html,application/xhtml+xml,application/xml;q=0.9,*/*;q=0.8", "Accept-Encoding": "gzip, deflate", "Accept-Language": "en-us,en;q=0.5"}}, {"format_id": "250", "url": "https://r2---sn-5njj-u2xl.googlevideo.com/videoplayback?expire=1612167603&ei=U2UXYIuHBveAs8IPnu-eqAc&ip=140.109.135.76&id=o-AGnZlQfviZNIyqatcz-XL2xWGVYSwYh5BhCxmnvkmxmb&itag=250&source=youtube&requiressl=yes&mh=eR&mm=31%2C29&mn=sn-5njj-u2xl%2Csn-un57sn7z&ms=au%2Crdu&mv=m&mvi=2&pl=16&initcwndbps=413750&vprv=1&mime=audio%2Fwebm&ns=og5CqZXs1lHyKXtgyVQ8plEF&gir=yes&clen=2171666&dur=213.021&lmt=1540992938200981&mt=1612145563&fvip=2&keepalive=yes&c=WEB&txp=5411222&n=tV_lI5CNuMRgOIHum&sparams=expire%2Cei%2Cip%2Cid%2Citag%2Csource%2Crequiressl%2Cvprv%2Cmime%2Cns%2Cgir%2Cclen%2Cdur%2Clmt&sig=AOq0QJ8wRAIgJ4odmFsRAvuVaaezMUle0Rbyc9NrHnQhj_CFPhcmoUICIGPUVaGWDiEFMY-d9aXYfU8pKI9CJjsGmGhxQgiRSOb1&lsparams=mh%2Cmm%2Cmn%2Cms%2Cmv%2Cmvi%2Cpl%2Cinitcwndbps&lsig=AG3C_xAwRgIhANxzrwrHhmukTMgw3TGaptpqtXgBH0SRyIeDHmIKzKHFAiEAu58BBrvK9fiD5-gSpwTqvSlNNPbTgAPIvu4GiT3FV8o%3D&ratebypass=yes", "player_url": null, "ext": "webm", "format_note": "tiny", "acodec": "opus", "abr": 70, "asr": 48000, "filesize": 2171666, "fps": null, "height": null, "tbr": 88.378, "width": null, "vcodec": "none", "downloader_options": {"http_chunk_size": 10485760}, "format": "250 - audio only (tiny)", "protocol": "https", "http_headers": {"User-Agent": "Mozilla/5.0 (Windows NT 10.0; Win64; x64) AppleWebKit/537.36 (KHTML, like Gecko) Chrome/70.0.3538.79 Safari/537.36", "Accept-Charset": "ISO-8859-1,utf-8;q=0.7,*;q=0.7", "Accept": "text/html,application/xhtml+xml,application/xml;q=0.9,*/*;q=0.8", "Accept-Encoding": "gzip, deflate", "Accept-Language": "en-us,en;q=0.5"}}, {"format_id": "140", "url": "https://r2---sn-5njj-u2xl.googlevideo.com/videoplayback?expire=1612167603&ei=U2UXYIuHBveAs8IPnu-eqAc&ip=140.109.135.76&id=o-AGnZlQfviZNIyqatcz-XL2xWGVYSwYh5BhCxmnvkmxmb&itag=140&source=youtube&requiressl=yes&mh=eR&mm=31%2C29&mn=sn-5njj-u2xl%2Csn-un57sn7z&ms=au%2Crdu&mv=m&mvi=2&pl=16&initcwndbps=413750&vprv=1&mime=audio%2Fmp4&ns=og5CqZXs1lHyKXtgyVQ8plEF&gir=yes&clen=3448980&dur=213.066&lmt=1610031256605465&mt=1612145563&fvip=2&keepalive=yes&c=WEB&txp=5431432&n=tV_lI5CNuMRgOIHum&sparams=expire%2Cei%2Cip%2Cid%2Citag%2Csource%2Crequiressl%2Cvprv%2Cmime%2Cns%2Cgir%2Cclen%2Cdur%2Clmt&sig=AOq0QJ8wRAIgMWmIduQYn4WFSS6Gl4UoSXJK7OU4MOCV64LpSQBJ3FACIAJtk1j2aZ0AAktzPj-huHKuSYBiMYjvUHS9cgCdT4sS&lsparams=mh%2Cmm%2Cmn%2Cms%2Cmv%2Cmvi%2Cpl%2Cinitcwndbps&lsig=AG3C_xAwRgIhANxzrwrHhmukTMgw3TGaptpqtXgBH0SRyIeDHmIKzKHFAiEAu58BBrvK9fiD5-gSpwTqvSlNNPbTgAPIvu4GiT3FV8o%3D&ratebypass=yes", "player_url": null, "ext": "m4a", "format_note": "tiny", "acodec": "mp4a.40.2", "abr": 128, "container": "m4a_dash", "asr": 44100, "filesize": 3448980, "fps": null, "height": null, "tbr": 130.498, "width": null, "vcodec": "none", "downloader_options": {"http_chunk_size": 10485760}, "format": "140 - audio only (tiny)", "protocol": "https", "http_headers": {"User-Agent": "Mozilla/5.0 (Windows NT 10.0; Win64; x64) AppleWebKit/537.36 (KHTML, like Gecko) Chrome/70.0.3538.79 Safari/537.36", "Accept-Charset": "ISO-8859-1,utf-8;q=0.7,*;q=0.7", "Accept": "text/html,application/xhtml+xml,application/xml;q=0.9,*/*;q=0.8", "Accept-Encoding": "gzip, deflate", "Accept-Language": "en-us,en;q=0.5"}}, {"format_id": "251", "url": "https://r2---sn-5njj-u2xl.googlevideo.com/videoplayback?expire=1612167603&ei=U2UXYIuHBveAs8IPnu-eqAc&ip=140.109.135.76&id=o-AGnZlQfviZNIyqatcz-XL2xWGVYSwYh5BhCxmnvkmxmb&itag=251&source=youtube&requiressl=yes&mh=eR&mm=31%2C29&mn=sn-5njj-u2xl%2Csn-un57sn7z&ms=au%2Crdu&mv=m&mvi=2&pl=16&initcwndbps=413750&vprv=1&mime=audio%2Fwebm&ns=og5CqZXs1lHyKXtgyVQ8plEF&gir=yes&clen=4137950&dur=213.021&lmt=1540992940152144&mt=1612145563&fvip=2&keepalive=yes&c=WEB&txp=5411222&n=tV_lI5CNuMRgOIHum&sparams=expire%2Cei%2Cip%2Cid%2Citag%2Csource%2Crequiressl%2Cvprv%2Cmime%2Cns%2Cgir%2Cclen%2Cdur%2Clmt&sig=AOq0QJ8wRQIgGKPgR_Ho6cs-BjE6a6uHx3nd0uZsoAfkXsqJfExYzgcCIQD01Ajya1TeO3A1SZV2wCpjZeNjCIx-VIWcSf9y0jpPiQ%3D%3D&lsparams=mh%2Cmm%2Cmn%2Cms%2Cmv%2Cmvi%2Cpl%2Cinitcwndbps&lsig=AG3C_xAwRgIhANxzrwrHhmukTMgw3TGaptpqtXgBH0SRyIeDHmIKzKHFAiEAu58BBrvK9fiD5-gSpwTqvSlNNPbTgAPIvu4GiT3FV8o%3D&ratebypass=yes", "player_url": null, "ext": "webm", "format_note": "tiny", "acodec": "opus", "abr": 160, "asr": 48000, "filesize": 4137950, "fps": null, "height": null, "tbr": 165.317, "width": null, "vcodec": "none", "downloader_options": {"http_chunk_size": 10485760}, "format": "251 - audio only (tiny)", "protocol": "https", "http_headers": {"User-Agent": "Mozilla/5.0 (Windows NT 10.0; Win64; x64) AppleWebKit/537.36 (KHTML, like Gecko) Chrome/70.0.3538.79 Safari/537.36", "Accept-Charset": "ISO-8859-1,utf-8;q=0.7,*;q=0.7", "Accept": "text/html,application/xhtml+xml,application/xml;q=0.9,*/*;q=0.8", "Accept-Encoding": "gzip, deflate", "Accept-Language": "en-us,en;q=0.5"}}, {"format_id": "160", "url": "https://r2---sn-5njj-u2xl.googlevideo.com/videoplayback?expire=1612167603&ei=U2UXYIuHBveAs8IPnu-eqAc&ip=140.109.135.76&id=o-AGnZlQfviZNIyqatcz-XL2xWGVYSwYh5BhCxmnvkmxmb&itag=160&aitags=133%2C134%2C135%2C136%2C137%2C160%2C242%2C243%2C244%2C247%2C248%2C278&source=youtube&requiressl=yes&mh=eR&mm=31%2C29&mn=sn-5njj-u2xl%2Csn-un57sn7z&ms=au%2Crdu&mv=m&mvi=2&pl=16&initcwndbps=413750&vprv=1&mime=video%2Fmp4&ns=og5CqZXs1lHyKXtgyVQ8plEF&gir=yes&clen=373828&dur=213.000&lmt=1610031351821520&mt=1612145563&fvip=2&keepalive=yes&c=WEB&txp=5432432&n=tV_lI5CNuMRgOIHum&sparams=expire%2Cei%2Cip%2Cid%2Caitags%2Csource%2Crequiressl%2Cvprv%2Cmime%2Cns%2Cgir%2Cclen%2Cdur%2Clmt&sig=AOq0QJ8wRgIhAOXxoy7uj-MCmA-a0IjnfPyiTGOxD2gSEGXpOPQrJ7VZAiEAgP7o3b9lHY_NK25wgEynPORktXjSUD8uEo1COdPtD8Q%3D&lsparams=mh%2Cmm%2Cmn%2Cms%2Cmv%2Cmvi%2Cpl%2Cinitcwndbps&lsig=AG3C_xAwRgIhANxzrwrHhmukTMgw3TGaptpqtXgBH0SRyIeDHmIKzKHFAiEAu58BBrvK9fiD5-gSpwTqvSlNNPbTgAPIvu4GiT3FV8o%3D&ratebypass=yes", "player_url": null, "ext": "mp4", "height": 144, "format_note": "144p", "vcodec": "avc1.4d400c", "asr": null, "filesize": 373828, "fps": 30, "tbr": 17.008, "width": 256, "acodec": "none", "downloader_options": {"http_chunk_size": 10485760}, "format": "160 - 256x144 (144p)", "protocol": "https", "http_headers": {"User-Agent": "Mozilla/5.0 (Windows NT 10.0; Win64; x64) AppleWebKit/537.36 (KHTML, like Gecko) Chrome/70.0.3538.79 Safari/537.36", "Accept-Charset": "ISO-8859-1,utf-8;q=0.7,*;q=0.7", "Accept": "text/html,application/xhtml+xml,application/xml;q=0.9,*/*;q=0.8", "Accept-Encoding": "gzip, deflate", "Accept-Language": "en-us,en;q=0.5"}}, {"format_id": "133", "url": "https://r2---sn-5njj-u2xl.googlevideo.com/videoplayback?expire=1612167603&ei=U2UXYIuHBveAs8IPnu-eqAc&ip=140.109.135.76&id=o-AGnZlQfviZNIyqatcz-XL2xWGVYSwYh5BhCxmnvkmxmb&itag=133&aitags=133%2C134%2C135%2C136%2C137%2C160%2C242%2C243%2C244%2C247%2C248%2C278&source=youtube&requiressl=yes&mh=eR&mm=31%2C29&mn=sn-5njj-u2xl%2Csn-un57sn7z&ms=au%2Crdu&mv=m&mvi=2&pl=16&initcwndbps=413750&vprv=1&mime=video%2Fmp4&ns=og5CqZXs1lHyKXtgyVQ8plEF&gir=yes&clen=654198&dur=213.000&lmt=1610031351820109&mt=1612145563&fvip=2&keepalive=yes&c=WEB&txp=5432432&n=tV_lI5CNuMRgOIHum&sparams=expire%2Cei%2Cip%2Cid%2Caitags%2Csource%2Crequiressl%2Cvprv%2Cmime%2Cns%2Cgir%2Cclen%2Cdur%2Clmt&sig=AOq0QJ8wRAIgMLMJT4jf9aJqocbOhWq2H2fFI-u1hHlHR43eGd4rPGkCIHy1cf3Sy5WuQx1tYeEhS7btOZu3G8HrcLk1cjEGrHCp&lsparams=mh%2Cmm%2Cmn%2Cms%2Cmv%2Cmvi%2Cpl%2Cinitcwndbps&lsig=AG3C_xAwRgIhANxzrwrHhmukTMgw3TGaptpqtXgBH0SRyIeDHmIKzKHFAiEAu58BBrvK9fiD5-gSpwTqvSlNNPbTgAPIvu4GiT3FV8o%3D&ratebypass=yes", "player_url": null, "ext": "mp4", "height": 240, "format_note": "240p", "vcodec": "avc1.4d4015", "asr": null, "filesize": 654198, "fps": 30, "tbr": 29.954, "width": 426, "acodec": "none", "downloader_options": {"http_chunk_size": 10485760}, "format": "133 - 426x240 (240p)", "protocol": "https", "http_headers": {"User-Agent": "Mozilla/5.0 (Windows NT 10.0; Win64; x64) AppleWebKit/537.36 (KHTML, like Gecko) Chrome/70.0.3538.79 Safari/537.36", "Accept-Charset": "ISO-8859-1,utf-8;q=0.7,*;q=0.7", "Accept": "text/html,application/xhtml+xml,application/xml;q=0.9,*/*;q=0.8", "Accept-Encoding": "gzip, deflate", "Accept-Language": "en-us,en;q=0.5"}}, {"format_id": "278", "url": "https://r2---sn-5njj-u2xl.googlevideo.com/videoplayback?expire=1612167603&ei=U2UXYIuHBveAs8IPnu-eqAc&ip=140.109.135.76&id=o-AGnZlQfviZNIyqatcz-XL2xWGVYSwYh5BhCxmnvkmxmb&itag=278&aitags=133%2C134%2C135%2C136%2C137%2C160%2C242%2C243%2C244%2C247%2C248%2C278&source=youtube&requiressl=yes&mh=eR&mm=31%2C29&mn=sn-5njj-u2xl%2Csn-un57sn7z&ms=au%2Crdu&mv=m&mvi=2&pl=16&initcwndbps=413750&vprv=1&mime=video%2Fwebm&ns=og5CqZXs1lHyKXtgyVQ8plEF&gir=yes&clen=782831&dur=213.000&lmt=1540992126615822&mt=1612145563&fvip=2&keepalive=yes&c=WEB&txp=5432432&n=tV_lI5CNuMRgOIHum&sparams=expire%2Cei%2Cip%2Cid%2Caitags%2Csource%2Crequiressl%2Cvprv%2Cmime%2Cns%2Cgir%2Cclen%2Cdur%2Clmt&sig=AOq0QJ8wRQIhAMSMS9iaUiU2f-H2KBv3qrZcueimjer2Yy9R6HTZ5ReFAiBVjIyOmShk-zfFMrGofFWUwq_gTAqCEM47TgbMao-s3w%3D%3D&lsparams=mh%2Cmm%2Cmn%2Cms%2Cmv%2Cmvi%2Cpl%2Cinitcwndbps&lsig=AG3C_xAwRgIhANxzrwrHhmukTMgw3TGaptpqtXgBH0SRyIeDHmIKzKHFAiEAu58BBrvK9fiD5-gSpwTqvSlNNPbTgAPIvu4GiT3FV8o%3D&ratebypass=yes", "player_url": null, "ext": "webm", "height": 144, "format_note": "144p", "container": "webm", "vcodec": "vp9", "asr": null, "filesize": 782831, "fps": 30, "tbr": 31.458, "width": 256, "acodec": "none", "downloader_options": {"http_chunk_size": 10485760}, "format": "278 - 256x144 (144p)", "protocol": "https", "http_headers": {"User-Agent": "Mozilla/5.0 (Windows NT 10.0; Win64; x64) AppleWebKit/537.36 (KHTML, like Gecko) Chrome/70.0.3538.79 Safari/537.36", "Accept-Charset": "ISO-8859-1,utf-8;q=0.7,*;q=0.7", "Accept": "text/html,application/xhtml+xml,application/xml;q=0.9,*/*;q=0.8", "Accept-Encoding": "gzip, deflate", "Accept-Language": "en-us,en;q=0.5"}}, {"format_id": "134", "url": "https://r2---sn-5njj-u2xl.googlevideo.com/videoplayback?expire=1612167603&ei=U2UXYIuHBveAs8IPnu-eqAc&ip=140.109.135.76&id=o-AGnZlQfviZNIyqatcz-XL2xWGVYSwYh5BhCxmnvkmxmb&itag=134&aitags=133%2C134%2C135%2C136%2C137%2C160%2C242%2C243%2C244%2C247%2C248%2C278&source=youtube&requiressl=yes&mh=eR&mm=31%2C29&mn=sn-5njj-u2xl%2Csn-un57sn7z&ms=au%2Crdu&mv=m&mvi=2&pl=16&initcwndbps=413750&vprv=1&mime=video%2Fmp4&ns=og5CqZXs1lHyKXtgyVQ8plEF&gir=yes&clen=1079683&dur=213.000&lmt=1610031351814760&mt=1612145563&fvip=2&keepalive=yes&c=WEB&txp=5432432&n=tV_lI5CNuMRgOIHum&sparams=expire%2Cei%2Cip%2Cid%2Caitags%2Csource%2Crequiressl%2Cvprv%2Cmime%2Cns%2Cgir%2Cclen%2Cdur%2Clmt&sig=AOq0QJ8wRQIhAKnEjsOezrT2V5G6hP59RyAvAiQg7x2-n_9EIs0H0H1mAiAYqkYZXJ_AxeRSRATZZ1O6KGaJNArtSPDAG0SnUwDtEw%3D%3D&lsparams=mh%2Cmm%2Cmn%2Cms%2Cmv%2Cmvi%2Cpl%2Cinitcwndbps&lsig=AG3C_xAwRgIhANxzrwrHhmukTMgw3TGaptpqtXgBH0SRyIeDHmIKzKHFAiEAu58BBrvK9fiD5-gSpwTqvSlNNPbTgAPIvu4GiT3FV8o%3D&ratebypass=yes", "player_url": null, "ext": "mp4", "height": 360, "format_note": "360p", "vcodec": "avc1.4d401e", "asr": null, "filesize": 1079683, "fps": 30, "tbr": 50.578, "width": 640, "acodec": "none", "downloader_options": {"http_chunk_size": 10485760}, "format": "134 - 640x360 (360p)", "protocol": "https", "http_headers": {"User-Agent": "Mozilla/5.0 (Windows NT 10.0; Win64; x64) AppleWebKit/537.36 (KHTML, like Gecko) Chrome/70.0.3538.79 Safari/537.36", "Accept-Charset": "ISO-8859-1,utf-8;q=0.7,*;q=0.7", "Accept": "text/html,application/xhtml+xml,application/xml;q=0.9,*/*;q=0.8", "Accept-Encoding": "gzip, deflate", "Accept-Language": "en-us,en;q=0.5"}}, {"format_id": "242", "url": "https://r2---sn-5njj-u2xl.googlevideo.com/videoplayback?expire=1612167603&ei=U2UXYIuHBveAs8IPnu-eqAc&ip=140.109.135.76&id=o-AGnZlQfviZNIyqatcz-XL2xWGVYSwYh5BhCxmnvkmxmb&itag=242&aitags=133%2C134%2C135%2C136%2C137%2C160%2C242%2C243%2C244%2C247%2C248%2C278&source=youtube&requiressl=yes&mh=eR&mm=31%2C29&mn=sn-5njj-u2xl%2Csn-un57sn7z&ms=au%2Crdu&mv=m&mvi=2&pl=16&initcwndbps=413750&vprv=1&mime=video%2Fwebm&ns=og5CqZXs1lHyKXtgyVQ8plEF&gir=yes&clen=1693722&dur=213.000&lmt=1540992126520614&mt=1612145563&fvip=2&keepalive=yes&c=WEB&txp=5432432&n=tV_lI5CNuMRgOIHum&sparams=expire%2Cei%2Cip%2Cid%2Caitags%2Csource%2Crequiressl%2Cvprv%2Cmime%2Cns%2Cgir%2Cclen%2Cdur%2Clmt&sig=AOq0QJ8wRQIhAIGnDouwQRNaHx57ZJqQLYqvB48l3y85hrZUuty66z3lAiAVxAlwTNDSjB6Y8B2tUFIjkYaMRNdXUQqXWutSim4J9A%3D%3D&lsparams=mh%2Cmm%2Cmn%2Cms%2Cmv%2Cmvi%2Cpl%2Cinitcwndbps&lsig=AG3C_xAwRgIhANxzrwrHhmukTMgw3TGaptpqtXgBH0SRyIeDHmIKzKHFAiEAu58BBrvK9fiD5-gSpwTqvSlNNPbTgAPIvu4GiT3FV8o%3D&ratebypass=yes", "player_url": null, "ext": "webm", "height": 240, "format_note": "240p", "vcodec": "vp9", "asr": null, "filesize": 1693722, "fps": 30, "tbr": 66.683, "width": 426, "acodec": "none", "downloader_options": {"http_chunk_size": 10485760}, "format": "242 - 426x240 (240p)", "protocol": "https", "http_headers": {"User-Agent": "Mozilla/5.0 (Windows NT 10.0; Win64; x64) AppleWebKit/537.36 (KHTML, like Gecko) Chrome/70.0.3538.79 Safari/537.36", "Accept-Charset": "ISO-8859-1,utf-8;q=0.7,*;q=0.7", "Accept": "text/html,application/xhtml+xml,application/xml;q=0.9,*/*;q=0.8", "Accept-Encoding": "gzip, deflate", "Accept-Language": "en-us,en;q=0.5"}}, {"format_id": "135", "url": "https://r2---sn-5njj-u2xl.googlevideo.com/videoplayback?expire=1612167603&ei=U2UXYIuHBveAs8IPnu-eqAc&ip=140.109.135.76&id=o-AGnZlQfviZNIyqatcz-XL2xWGVYSwYh5BhCxmnvkmxmb&itag=135&aitags=133%2C134%2C135%2C136%2C137%2C160%2C242%2C243%2C244%2C247%2C248%2C278&source=youtube&requiressl=yes&mh=eR&mm=31%2C29&mn=sn-5njj-u2xl%2Csn-un57sn7z&ms=au%2Crdu&mv=m&mvi=2&pl=16&initcwndbps=413750&vprv=1&mime=video%2Fmp4&ns=og5CqZXs1lHyKXtgyVQ8plEF&gir=yes&clen=1620576&dur=213.000&lmt=1610031351815098&mt=1612145563&fvip=2&keepalive=yes&c=WEB&txp=5432432&n=tV_lI5CNuMRgOIHum&sparams=expire%2Cei%2Cip%2Cid%2Caitags%2Csource%2Crequiressl%2Cvprv%2Cmime%2Cns%2Cgir%2Cclen%2Cdur%2Clmt&sig=AOq0QJ8wRAIgdpdbcA9J6JwkDe-6feewnGsqMM9D86qtj5JqElVnJZ8CIGt0-6e5ekj6dmqvKWxtODZX5pPexK-sZA2eS6cCfV94&lsparams=mh%2Cmm%2Cmn%2Cms%2Cmv%2Cmvi%2Cpl%2Cinitcwndbps&lsig=AG3C_xAwRgIhANxzrwrHhmukTMgw3TGaptpqtXgBH0SRyIeDHmIKzKHFAiEAu58BBrvK9fiD5-gSpwTqvSlNNPbTgAPIvu4GiT3FV8o%3D&ratebypass=yes", "player_url": null, "ext": "mp4", "height": 480, "format_note": "480p", "vcodec": "avc1.4d401f", "asr": null, "filesize": 1620576, "fps": 30, "tbr": 73.672, "width": 854, "acodec": "none", "downloader_options": {"http_chunk_size": 10485760}, "format": "135 - 854x480 (480p)", "protocol": "https", "http_headers": {"User-Agent": "Mozilla/5.0 (Windows NT 10.0; Win64; x64) AppleWebKit/537.36 (KHTML, like Gecko) Chrome/70.0.3538.79 Safari/537.36", "Accept-Charset": "ISO-8859-1,utf-8;q=0.7,*;q=0.7", "Accept": "text/html,application/xhtml+xml,application/xml;q=0.9,*/*;q=0.8", "Accept-Encoding": "gzip, deflate", "Accept-Language": "en-us,en;q=0.5"}}, {"format_id": "136", "url": "https://r2---sn-5njj-u2xl.googlevideo.com/videoplayback?expire=1612167603&ei=U2UXYIuHBveAs8IPnu-eqAc&ip=140.109.135.76&id=o-AGnZlQfviZNIyqatcz-XL2xWGVYSwYh5BhCxmnvkmxmb&itag=136&aitags=133%2C134%2C135%2C136%2C137%2C160%2C242%2C243%2C244%2C247%2C248%2C278&source=youtube&requiressl=yes&mh=eR&mm=31%2C29&mn=sn-5njj-u2xl%2Csn-un57sn7z&ms=au%2Crdu&mv=m&mvi=2&pl=16&initcwndbps=413750&vprv=1&mime=video%2Fmp4&ns=og5CqZXs1lHyKXtgyVQ8plEF&gir=yes&clen=2431519&dur=213.000&lmt=1610031351813503&mt=1612145563&fvip=2&keepalive=yes&c=WEB&txp=5432432&n=tV_lI5CNuMRgOIHum&sparams=expire%2Cei%2Cip%2Cid%2Caitags%2Csource%2Crequiressl%2Cvprv%2Cmime%2Cns%2Cgir%2Cclen%2Cdur%2Clmt&sig=AOq0QJ8wRQIhAIs4qr1PFzXOPG8wxvcnrrbLHxYcmCZZvid5MZ--kiB-AiB6-fUcQ8kIuSQC5x9vkxX-RcCxhIlp40Q3St04u_gqTQ%3D%3D&lsparams=mh%2Cmm%2Cmn%2Cms%2Cmv%2Cmvi%2Cpl%2Cinitcwndbps&lsig=AG3C_xAwRgIhANxzrwrHhmukTMgw3TGaptpqtXgBH0SRyIeDHmIKzKHFAiEAu58BBrvK9fiD5-gSpwTqvSlNNPbTgAPIvu4GiT3FV8o%3D&ratebypass=yes", "player_url": null, "ext": "mp4", "height": 720, "format_note": "720p", "vcodec": "avc1.4d401f", "asr": null, "filesize": 2431519, "fps": 30, "tbr": 112.296, "width": 1280, "acodec": "none", "downloader_options": {"http_chunk_size": 10485760}, "format": "136 - 1280x720 (720p)", "protocol": "https", "http_headers": {"User-Agent": "Mozilla/5.0 (Windows NT 10.0; Win64; x64) AppleWebKit/537.36 (KHTML, like Gecko) Chrome/70.0.3538.79 Safari/537.36", "Accept-Charset": "ISO-8859-1,utf-8;q=0.7,*;q=0.7", "Accept": "text/html,application/xhtml+xml,application/xml;q=0.9,*/*;q=0.8", "Accept-Encoding": "gzip, deflate", "Accept-Language": "en-us,en;q=0.5"}}, {"format_id": "243", "url": "https://r2---sn-5njj-u2xl.googlevideo.com/videoplayback?expire=1612167603&ei=U2UXYIuHBveAs8IPnu-eqAc&ip=140.109.135.76&id=o-AGnZlQfviZNIyqatcz-XL2xWGVYSwYh5BhCxmnvkmxmb&itag=243&aitags=133%2C134%2C135%2C136%2C137%2C160%2C242%2C243%2C244%2C247%2C248%2C278&source=youtube&requiressl=yes&mh=eR&mm=31%2C29&mn=sn-5njj-u2xl%2Csn-un57sn7z&ms=au%2Crdu&mv=m&mvi=2&pl=16&initcwndbps=413750&vprv=1&mime=video%2Fwebm&ns=og5CqZXs1lHyKXtgyVQ8plEF&gir=yes&clen=3031609&dur=213.000&lmt=1540992126656882&mt=1612145563&fvip=2&keepalive=yes&c=WEB&txp=5432432&n=tV_lI5CNuMRgOIHum&sparams=expire%2Cei%2Cip%2Cid%2Caitags%2Csource%2Crequiressl%2Cvprv%2Cmime%2Cns%2Cgir%2Cclen%2Cdur%2Clmt&sig=AOq0QJ8wRQIgWaVRk_V_sV8iyX00hmhHzQp0OSN1Kb6cSoL-bpGOp2QCIQDx72k4-LrwwIs8jp2s7NO6xqPg-bmiceGH_-eGEt7Djw%3D%3D&lsparams=mh%2Cmm%2Cmn%2Cms%2Cmv%2Cmvi%2Cpl%2Cinitcwndbps&lsig=AG3C_xAwRgIhANxzrwrHhmukTMgw3TGaptpqtXgBH0SRyIeDHmIKzKHFAiEAu58BBrvK9fiD5-gSpwTqvSlNNPbTgAPIvu4GiT3FV8o%3D&ratebypass=yes", "player_url": null, "ext": "webm", "height": 360, "format_note": "360p", "vcodec": "vp9", "asr": null, "filesize": 3031609, "fps": 30, "tbr": 122.229, "width": 640, "acodec": "none", "downloader_options": {"http_chunk_size": 10485760}, "format": "243 - 640x360 (360p)", "protocol": "https", "http_headers": {"User-Agent": "Mozilla/5.0 (Windows NT 10.0; Win64; x64) AppleWebKit/537.36 (KHTML, like Gecko) Chrome/70.0.3538.79 Safari/537.36", "Accept-Charset": "ISO-8859-1,utf-8;q=0.7,*;q=0.7", "Accept": "text/html,application/xhtml+xml,application/xml;q=0.9,*/*;q=0.8", "Accept-Encoding": "gzip, deflate", "Accept-Language": "en-us,en;q=0.5"}}, {"format_id": "244", "url": "https://r2---sn-5njj-u2xl.googlevideo.com/videoplayback?expire=1612167603&ei=U2UXYIuHBveAs8IPnu-eqAc&ip=140.109.135.76&id=o-AGnZlQfviZNIyqatcz-XL2xWGVYSwYh5BhCxmnvkmxmb&itag=244&aitags=133%2C134%2C135%2C136%2C137%2C160%2C242%2C243%2C244%2C247%2C248%2C278&source=youtube&requiressl=yes&mh=eR&mm=31%2C29&mn=sn-5njj-u2xl%2Csn-un57sn7z&ms=au%2Crdu&mv=m&mvi=2&pl=16&initcwndbps=413750&vprv=1&mime=video%2Fwebm&ns=og5CqZXs1lHyKXtgyVQ8plEF&gir=yes&clen=3965960&dur=213.000&lmt=1540992126522441&mt=1612145563&fvip=2&keepalive=yes&c=WEB&txp=5432432&n=tV_lI5CNuMRgOIHum&sparams=expire%2Cei%2Cip%2Cid%2Caitags%2Csource%2Crequiressl%2Cvprv%2Cmime%2Cns%2Cgir%2Cclen%2Cdur%2Clmt&sig=AOq0QJ8wRQIhAMhMr-uR1tHITTSnWaP9oGwB1ieO-d2RJLgI1_stfoazAiBq7QuRWj13HVx98nH0X7NIeXTX6MFtCGVsfOHbDLF3PA%3D%3D&lsparams=mh%2Cmm%2Cmn%2Cms%2Cmv%2Cmvi%2Cpl%2Cinitcwndbps&lsig=AG3C_xAwRgIhANxzrwrHhmukTMgw3TGaptpqtXgBH0SRyIeDHmIKzKHFAiEAu58BBrvK9fiD5-gSpwTqvSlNNPbTgAPIvu4GiT3FV8o%3D&ratebypass=yes", "player_url": null, "ext": "webm", "height": 480, "format_note": "480p", "vcodec": "vp9", "asr": null, "filesize": 3965960, "fps": 30, "tbr": 164.252, "width": 854, "acodec": "none", "downloader_options": {"http_chunk_size": 10485760}, "format": "244 - 854x480 (480p)", "protocol": "https", "http_headers": {"User-Agent": "Mozilla/5.0 (Windows NT 10.0; Win64; x64) AppleWebKit/537.36 (KHTML, like Gecko) Chrome/70.0.3538.79 Safari/537.36", "Accept-Charset": "ISO-8859-1,utf-8;q=0.7,*;q=0.7", "Accept": "text/html,application/xhtml+xml,application/xml;q=0.9,*/*;q=0.8", "Accept-Encoding": "gzip, deflate", "Accept-Language": "en-us,en;q=0.5"}}, {"format_id": "137", "url": "https://r2---sn-5njj-u2xl.googlevideo.com/videoplayback?expire=1612167603&ei=U2UXYIuHBveAs8IPnu-eqAc&ip=140.109.135.76&id=o-AGnZlQfviZNIyqatcz-XL2xWGVYSwYh5BhCxmnvkmxmb&itag=137&aitags=133%2C134%2C135%2C136%2C137%2C160%2C242%2C243%2C244%2C247%2C248%2C278&source=youtube&requiressl=yes&mh=eR&mm=31%2C29&mn=sn-5njj-u2xl%2Csn-un57sn7z&ms=au%2Crdu&mv=m&mvi=2&pl=16&initcwndbps=413750&vprv=1&mime=video%2Fmp4&ns=og5CqZXs1lHyKXtgyVQ8plEF&gir=yes&clen=7196255&dur=213.000&lmt=1610031249771247&mt=1612145563&fvip=2&keepalive=yes&c=WEB&txp=5432432&n=tV_lI5CNuMRgOIHum&sparams=expire%2Cei%2Cip%2Cid%2Caitags%2Csource%2Crequiressl%2Cvprv%2Cmime%2Cns%2Cgir%2Cclen%2Cdur%2Clmt&sig=AOq0QJ8wRQIgBpF48wR1ZluPEITy2w6amE9YIqjIKp8TyDip9SZVgawCIQC6Up4oTXyWUbBP84RLUCb-jRAcRNcbvUQX65dC5iFMKQ%3D%3D&lsparams=mh%2Cmm%2Cmn%2Cms%2Cmv%2Cmvi%2Cpl%2Cinitcwndbps&lsig=AG3C_xAwRgIhANxzrwrHhmukTMgw3TGaptpqtXgBH0SRyIeDHmIKzKHFAiEAu58BBrvK9fiD5-gSpwTqvSlNNPbTgAPIvu4GiT3FV8o%3D&ratebypass=yes", "player_url": null, "ext": "mp4", "height": 1080, "format_note": "1080p", "vcodec": "avc1.640028", "asr": null, "filesize": 7196255, "fps": 30, "tbr": 327.474, "width": 1920, "acodec": "none", "downloader_options": {"http_chunk_size": 10485760}, "format": "137 - 1920x1080 (1080p)", "protocol": "https", "http_headers": {"User-Agent": "Mozilla/5.0 (Windows NT 10.0; Win64; x64) AppleWebKit/537.36 (KHTML, like Gecko) Chrome/70.0.3538.79 Safari/537.36", "Accept-Charset": "ISO-8859-1,utf-8;q=0.7,*;q=0.7", "Accept": "text/html,application/xhtml+xml,application/xml;q=0.9,*/*;q=0.8", "Accept-Encoding": "gzip, deflate", "Accept-Language": "en-us,en;q=0.5"}}, {"format_id": "247", "url": "https://r2---sn-5njj-u2xl.googlevideo.com/videoplayback?expire=1612167603&ei=U2UXYIuHBveAs8IPnu-eqAc&ip=140.109.135.76&id=o-AGnZlQfviZNIyqatcz-XL2xWGVYSwYh5BhCxmnvkmxmb&itag=247&aitags=133%2C134%2C135%2C136%2C137%2C160%2C242%2C243%2C244%2C247%2C248%2C278&source=youtube&requiressl=yes&mh=eR&mm=31%2C29&mn=sn-5njj-u2xl%2Csn-un57sn7z&ms=au%2Crdu&mv=m&mvi=2&pl=16&initcwndbps=413750&vprv=1&mime=video%2Fwebm&ns=og5CqZXs1lHyKXtgyVQ8plEF&gir=yes&clen=11122430&dur=213.000&lmt=1540992126532696&mt=1612145563&fvip=2&keepalive=yes&c=WEB&txp=5432432&n=tV_lI5CNuMRgOIHum&sparams=expire%2Cei%2Cip%2Cid%2Caitags%2Csource%2Crequiressl%2Cvprv%2Cmime%2Cns%2Cgir%2Cclen%2Cdur%2Clmt&sig=AOq0QJ8wRQIgQBPSEGK0FX1GRenyteGKbcUdM8udhNjtaaKmB56Y9jcCIQDmepc7uX4_nisRCFvF1fujxMO2ZOXSiLMt-T1e5if3Vg%3D%3D&lsparams=mh%2Cmm%2Cmn%2Cms%2Cmv%2Cmvi%2Cpl%2Cinitcwndbps&lsig=AG3C_xAwRgIhANxzrwrHhmukTMgw3TGaptpqtXgBH0SRyIeDHmIKzKHFAiEAu58BBrvK9fiD5-gSpwTqvSlNNPbTgAPIvu4GiT3FV8o%3D&ratebypass=yes", "player_url": null, "ext": "webm", "height": 720, "format_note": "720p", "vcodec": "vp9", "asr": null, "filesize": 11122430, "fps": 30, "tbr": 479.548, "width": 1280, "acodec": "none", "downloader_options": {"http_chunk_size": 10485760}, "format": "247 - 1280x720 (720p)", "protocol": "https", "http_headers": {"User-Agent": "Mozilla/5.0 (Windows NT 10.0; Win64; x64) AppleWebKit/537.36 (KHTML, like Gecko) Chrome/70.0.3538.79 Safari/537.36", "Accept-Charset": "ISO-8859-1,utf-8;q=0.7,*;q=0.7", "Accept": "text/html,application/xhtml+xml,application/xml;q=0.9,*/*;q=0.8", "Accept-Encoding": "gzip, deflate", "Accept-Language": "en-us,en;q=0.5"}}, {"format_id": "248", "url": "https://r2---sn-5njj-u2xl.googlevideo.com/videoplayback?expire=1612167603&ei=U2UXYIuHBveAs8IPnu-eqAc&ip=140.109.135.76&id=o-AGnZlQfviZNIyqatcz-XL2xWGVYSwYh5BhCxmnvkmxmb&itag=248&aitags=133%2C134%2C135%2C136%2C137%2C160%2C242%2C243%2C244%2C247%2C248%2C278&source=youtube&requiressl=yes&mh=eR&mm=31%2C29&mn=sn-5njj-u2xl%2Csn-un57sn7z&ms=au%2Crdu&mv=m&mvi=2&pl=16&initcwndbps=413750&vprv=1&mime=video%2Fwebm&ns=og5CqZXs1lHyKXtgyVQ8plEF&gir=yes&clen=21187802&dur=213.000&lmt=1540991457144363&mt=1612145563&fvip=2&keepalive=yes&c=WEB&txp=5432432&n=tV_lI5CNuMRgOIHum&sparams=expire%2Cei%2Cip%2Cid%2Caitags%2Csource%2Crequiressl%2Cvprv%2Cmime%2Cns%2Cgir%2Cclen%2Cdur%2Clmt&sig=AOq0QJ8wRQIhAJqnPXjmk14iVZIzQNuBV5SR42oinWEhdFGxc23g_LcMAiBY_vLm-qSslW6zd1W7owRYk9YWcbZUPBHaewDhetDx3Q%3D%3D&lsparams=mh%2Cmm%2Cmn%2Cms%2Cmv%2Cmvi%2Cpl%2Cinitcwndbps&lsig=AG3C_xAwRgIhANxzrwrHhmukTMgw3TGaptpqtXgBH0SRyIeDHmIKzKHFAiEAu58BBrvK9fiD5-gSpwTqvSlNNPbTgAPIvu4GiT3FV8o%3D&ratebypass=yes", "player_url": null, "ext": "webm", "height": 1080, "format_note": "1080p", "vcodec": "vp9", "asr": null, "filesize": 21187802, "fps": 30, "tbr": 966.556, "width": 1920, "acodec": "none", "downloader_options": {"http_chunk_size": 10485760}, "format": "248 - 1920x1080 (1080p)", "protocol": "https", "http_headers": {"User-Agent": "Mozilla/5.0 (Windows NT 10.0; Win64; x64) AppleWebKit/537.36 (KHTML, like Gecko) Chrome/70.0.3538.79 Safari/537.36", "Accept-Charset": "ISO-8859-1,utf-8;q=0.7,*;q=0.7", "Accept": "text/html,application/xhtml+xml,application/xml;q=0.9,*/*;q=0.8", "Accept-Encoding": "gzip, deflate", "Accept-Language": "en-us,en;q=0.5"}}, {"format_id": "18", "url": "https://r2---sn-5njj-u2xl.googlevideo.com/videoplayback?expire=1612167603&ei=U2UXYIuHBveAs8IPnu-eqAc&ip=140.109.135.76&id=o-AGnZlQfviZNIyqatcz-XL2xWGVYSwYh5BhCxmnvkmxmb&itag=18&source=youtube&requiressl=yes&mh=eR&mm=31%2C29&mn=sn-5njj-u2xl%2Csn-un57sn7z&ms=au%2Crdu&mv=m&mvi=2&pl=16&initcwndbps=413750&vprv=1&mime=video%2Fmp4&ns=MsxIRq7VeG1l8gYBnhqlkG8F&gir=yes&clen=9267515&ratebypass=yes&dur=213.066&lmt=1540991575740261&mt=1612145563&fvip=2&c=WEB&txp=5431432&n=95kzdw5JJUfxHPPg6&sparams=expire%2Cei%2Cip%2Cid%2Citag%2Csource%2Crequiressl%2Cvprv%2Cmime%2Cns%2Cgir%2Cclen%2Cratebypass%2Cdur%2Clmt&sig=AOq0QJ8wRQIgBIOsH28I7-F413Po9WIbygEwm5oheNOo93X8f-5M6noCIQCj03ltQLmKz7QOMWjJcgjJ9VUbqZPJj2pgrlZRp6hMzw%3D%3D&lsparams=mh%2Cmm%2Cmn%2Cms%2Cmv%2Cmvi%2Cpl%2Cinitcwndbps&lsig=AG3C_xAwRgIhANxzrwrHhmukTMgw3TGaptpqtXgBH0SRyIeDHmIKzKHFAiEAu58BBrvK9fiD5-gSpwTqvSlNNPbTgAPIvu4GiT3FV8o%3D", "player_url": null, "ext": "mp4", "width": 640, "height": 360, "acodec": "mp4a.40.2", "abr": 96, "vcodec": "avc1.42001E", "asr": 44100, "filesize": 9267515, "format_note": "360p", "fps": 30, "tbr": 348.075, "format": "18 - 640x360 (360p)", "protocol": "https", "http_headers": {"User-Agent": "Mozilla/5.0 (Windows NT 10.0; Win64; x64) AppleWebKit/537.36 (KHTML, like Gecko) Chrome/70.0.3538.79 Safari/537.36", "Accept-Charset": "ISO-8859-1,utf-8;q=0.7,*;q=0.7", "Accept": "text/html,application/xhtml+xml,application/xml;q=0.9,*/*;q=0.8", "Accept-Encoding": "gzip, deflate", "Accept-Language": "en-us,en;q=0.5"}}], "is_live": null, "start_time": null, "end_time": null, "series": null, "season_number": null, "episode_number": null, "track": null, "artist": null, "album": null, "release_date": null, "release_year": null, "extractor": "youtube", "webpage_url_basename": "watch", "extractor_key": "Youtube", "playlist": null, "playlist_index": null, "thumbnail": "https://i.ytimg.com/vi_webp/zHwJG8Rrx6c/maxresdefault.webp", "display_id": "zHwJG8Rrx6c", "requested_subtitles": null, "format_id": "251", "url": "https://r2---sn-5njj-u2xl.googlevideo.com/videoplayback?expire=1612167603&ei=U2UXYIuHBveAs8IPnu-eqAc&ip=140.109.135.76&id=o-AGnZlQfviZNIyqatcz-XL2xWGVYSwYh5BhCxmnvkmxmb&itag=251&source=youtube&requiressl=yes&mh=eR&mm=31%2C29&mn=sn-5njj-u2xl%2Csn-un57sn7z&ms=au%2Crdu&mv=m&mvi=2&pl=16&initcwndbps=413750&vprv=1&mime=audio%2Fwebm&ns=og5CqZXs1lHyKXtgyVQ8plEF&gir=yes&clen=4137950&dur=213.021&lmt=1540992940152144&mt=1612145563&fvip=2&keepalive=yes&c=WEB&txp=5411222&n=tV_lI5CNuMRgOIHum&sparams=expire%2Cei%2Cip%2Cid%2Citag%2Csource%2Crequiressl%2Cvprv%2Cmime%2Cns%2Cgir%2Cclen%2Cdur%2Clmt&sig=AOq0QJ8wRQIgGKPgR_Ho6cs-BjE6a6uHx3nd0uZsoAfkXsqJfExYzgcCIQD01Ajya1TeO3A1SZV2wCpjZeNjCIx-VIWcSf9y0jpPiQ%3D%3D&lsparams=mh%2Cmm%2Cmn%2Cms%2Cmv%2Cmvi%2Cpl%2Cinitcwndbps&lsig=AG3C_xAwRgIhANxzrwrHhmukTMgw3TGaptpqtXgBH0SRyIeDHmIKzKHFAiEAu58BBrvK9fiD5-gSpwTqvSlNNPbTgAPIvu4GiT3FV8o%3D&ratebypass=yes", "player_url": null, "ext": "webm", "format_note": "tiny", "acodec": "opus", "abr": 160, "asr": 48000, "filesize": 4137950, "fps": null, "height": null, "tbr": 165.317, "width": null, "vcodec": "none", "downloader_options": {"http_chunk_size": 10485760}, "format": "251 - audio only (tiny)", "protocol": "https", "http_headers": {"User-Agent": "Mozilla/5.0 (Windows NT 10.0; Win64; x64) AppleWebKit/537.36 (KHTML, like Gecko) Chrome/70.0.3538.79 Safari/537.36", "Accept-Charset": "ISO-8859-1,utf-8;q=0.7,*;q=0.7", "Accept": "text/html,application/xhtml+xml,application/xml;q=0.9,*/*;q=0.8", "Accept-Encoding": "gzip, deflate", "Accept-Language": "en-us,en;q=0.5"}}