{"id": "-jJVb0xvbdg", "uploader": "Funguypiano", "uploader_id": "Funguypiano", "uploader_url": "http://www.youtube.com/user/Funguypiano", "channel_id": "UCBlkpX--7ZD73URbSC1oWRw", "channel_url": "http://www.youtube.com/channel/UCBlkpX--7ZD73URbSC1oWRw", "upload_date": "20170128", "license": null, "creator": null, "title": "Goblin OST 9 - I Will Go To You Like The First Snow by Ailee - piano cover w/ Sheet music", "alt_title": "Goblin OST 9 - I Will Go To You Like The First Snow - piano cover w/ Sheet music", "thumbnails": [{"url": "https://i.ytimg.com/vi/-jJVb0xvbdg/hqdefault.jpg?sqp=-oaymwEbCKgBEF5IVfKriqkDDggBFQAAiEIYAXABwAEG&rs=AOn4CLAQak0ZiUG-ADMHjHCVohyh6vHvQQ", "width": 168, "height": 94, "resolution": "168x94", "id": "0"}, {"url": "https://i.ytimg.com/vi/-jJVb0xvbdg/hqdefault.jpg?sqp=-oaymwEbCMQBEG5IVfKriqkDDggBFQAAiEIYAXABwAEG&rs=AOn4CLCQtwwuPCb3HmI6dsimIfDbWor7DQ", "width": 196, "height": 110, "resolution": "196x110", "id": "1"}, {"url": "https://i.ytimg.com/vi/-jJVb0xvbdg/hqdefault.jpg?sqp=-oaymwEcCPYBEIoBSFXyq4qpAw4IARUAAIhCGAFwAcABBg==&rs=AOn4CLDvzQsMPYJAXA6l1AcNdNIMoVBOOA", "width": 246, "height": 138, "resolution": "246x138", "id": "2"}, {"url": "https://i.ytimg.com/vi/-jJVb0xvbdg/hqdefault.jpg?sqp=-oaymwEcCNACELwBSFXyq4qpAw4IARUAAIhCGAFwAcABBg==&rs=AOn4CLCJ287AOBvkgr5gTAY_8Ha-vysGnA", "width": 336, "height": 188, "resolution": "336x188", "id": "3"}, {"url": "https://i.ytimg.com/vi_webp/-jJVb0xvbdg/maxresdefault.webp", "width": 1920, "height": 1080, "resolution": "1920x1080", "id": "4"}], "description": "Kdrama Piano Music on Spotify: https://spoti.fi/2OZRfUE\nEasy Version: https://youtu.be/_s_xspH4KpQ\nSheet Music: https://funguypiano.com/sheet-music/goblin-ost9-i-will-go-to-you-like-the-first-snow/\n\nThis song is soooo strong and powerful, I have been addicted to this song since it released. Now I think this OST is my favourite among all the goblin OSTs (\u3063\u02d8\u06a1\u02d8\u03c2) \n\nI guess many of you also love this song :D since 479 ppl voted for this song. \n\nI hope I am able to deliver the emotion to you guys through this cover . \u30fe(\u2310\u25a0_\u25a0)\u30ce\u266a\n\n\u2022\u2022 \u2501\u2501\u2501\u2501\u2501 \u0669(\u0e51\u00f2\u03c9\u00f3\u0e51)\u06f6\u2501\u2501\u2501\u2501\u2501 \u2022\u2022\n\u266a Spotify: https://spoti.fi/2w3rfR6\n\u266a iTunes: https://apple.co/2BE74yB\n\u266a Sheet Music: https://funguypiano.com/\n\u266a Patreon / Midi: https://www.patreon.com/funguypiano\n\u266a Learn Piano: http://tinyurl.com/funguy-flowkey\n\u266a Instagram: https://www.instagram.com/funguypiano/", "categories": ["Music"], "tags": ["Funguypiano", "I will go to you like the first snow", "Ailee", "goblin", "ost", "final", "\uc5d0\uc77c\ub9ac", "Goblin OST Part 9", "\uccab\ub208\ucc98\ub7fc \ub108\uc5d0\uac8c \uac00\uaca0\ub2e4", "thaisub", "\uacf5\uc720", "music", "\uae40\uace0\uc740", "\ub3c4\uae68\ube44 OST"], "subtitles": {}, "automatic_captions": {}, "duration": 167, "age_limit": 0, "annotations": null, "chapters": null, "webpage_url": "https://www.youtube.com/watch?v=-jJVb0xvbdg", "view_count": 375246, "like_count": 10496, "dislike_count": 57, "average_rating": 4.978395, "formats": [{"format_id": "249", "url": "https://r4---sn-5njj-u2xe.googlevideo.com/videoplayback?expire=1611764358&ei=Jj4RYIrrEveKs8IP9uGwyAM&ip=140.109.135.76&id=o-ADCUiGRa7wx78Nw3L9LYgBl9TCkSomhzjqqoCQxSCad1&itag=249&source=youtube&requiressl=yes&mh=a_&mm=31%2C29&mn=sn-5njj-u2xe%2Csn-un57en7s&ms=au%2Crdu&mv=m&mvi=4&pl=16&initcwndbps=721250&vprv=1&mime=audio%2Fwebm&ns=6AA8vE9G3N97BLd-oKDTEc4F&gir=yes&clen=1223936&dur=167.161&lmt=1541869326698792&mt=1611742362&fvip=4&keepalive=yes&beids=9466588&c=WEB&txp=5411222&n=_DmMD915npQML6H5ZUxE&sparams=expire%2Cei%2Cip%2Cid%2Citag%2Csource%2Crequiressl%2Cvprv%2Cmime%2Cns%2Cgir%2Cclen%2Cdur%2Clmt&lsparams=mh%2Cmm%2Cmn%2Cms%2Cmv%2Cmvi%2Cpl%2Cinitcwndbps&lsig=AG3C_xAwRQIgfc4EgYnIZ8F7gzb8M716hFPvXcCSWli0lllWalpbaCkCIQCeDnq3lr062wNSVw1IHhdXJSCzTbSzTQKI9HWLHDFqdw%3D%3D&sig=AOq0QJ8wRQIhAI9K7pTBfe83fB3WMelpgFyK9-KK6D7ysob3lZHThHiLAiBOf8lu4bevi1JcIMH0Hv2t_mrxaC2VkqQo76IQG0z5fg==&ratebypass=yes", "player_url": "/s/player/c6df6ed7/player_ias.vflset/en_US/base.js", "ext": "webm", "format_note": "tiny", "acodec": "opus", "abr": 50, "asr": 48000, "filesize": 1223936, "fps": null, "height": null, "tbr": 65.626, "width": null, "vcodec": "none", "downloader_options": {"http_chunk_size": 10485760}, "format": "249 - audio only (tiny)", "protocol": "https", "http_headers": {"User-Agent": "Mozilla/5.0 (Windows NT 10.0; Win64; x64) AppleWebKit/537.36 (KHTML, like Gecko) Chrome/72.0.3626.25 Safari/537.36", "Accept-Charset": "ISO-8859-1,utf-8;q=0.7,*;q=0.7", "Accept": "text/html,application/xhtml+xml,application/xml;q=0.9,*/*;q=0.8", "Accept-Encoding": "gzip, deflate", "Accept-Language": "en-us,en;q=0.5"}}, {"format_id": "250", "url": "https://r4---sn-5njj-u2xe.googlevideo.com/videoplayback?expire=1611764358&ei=Jj4RYIrrEveKs8IP9uGwyAM&ip=140.109.135.76&id=o-ADCUiGRa7wx78Nw3L9LYgBl9TCkSomhzjqqoCQxSCad1&itag=250&source=youtube&requiressl=yes&mh=a_&mm=31%2C29&mn=sn-5njj-u2xe%2Csn-un57en7s&ms=au%2Crdu&mv=m&mvi=4&pl=16&initcwndbps=721250&vprv=1&mime=audio%2Fwebm&ns=6AA8vE9G3N97BLd-oKDTEc4F&gir=yes&clen=1632639&dur=167.161&lmt=1541869321590045&mt=1611742362&fvip=4&keepalive=yes&beids=9466588&c=WEB&txp=5411222&n=_DmMD915npQML6H5ZUxE&sparams=expire%2Cei%2Cip%2Cid%2Citag%2Csource%2Crequiressl%2Cvprv%2Cmime%2Cns%2Cgir%2Cclen%2Cdur%2Clmt&lsparams=mh%2Cmm%2Cmn%2Cms%2Cmv%2Cmvi%2Cpl%2Cinitcwndbps&lsig=AG3C_xAwRgIhAMQclApTa9MdGG8dmu1IyiKe3U2ARgXIv0Hv4MvtacmbAiEA2aqH0iu2v8WyZwbu45IGBuvqNferbtAMpvA0UrBTpIs%3D&sig=AOq0QJ8wRQIgNkP3nl0sOuMABuNQDSl7z4c-LGVYQbA8STa073OcOYQCIQCMetPI_V1R-3Tlhh2oMbGzhzY_t3PrdTMpMi_V5zQOag==&ratebypass=yes", "player_url": "/s/player/c6df6ed7/player_ias.vflset/en_US/base.js", "ext": "webm", "format_note": "tiny", "acodec": "opus", "abr": 70, "asr": 48000, "filesize": 1632639, "fps": null, "height": null, "tbr": 84.63, "width": null, "vcodec": "none", "downloader_options": {"http_chunk_size": 10485760}, "format": "250 - audio only (tiny)", "protocol": "https", "http_headers": {"User-Agent": "Mozilla/5.0 (Windows NT 10.0; Win64; x64) AppleWebKit/537.36 (KHTML, like Gecko) Chrome/72.0.3626.25 Safari/537.36", "Accept-Charset": "ISO-8859-1,utf-8;q=0.7,*;q=0.7", "Accept": "text/html,application/xhtml+xml,application/xml;q=0.9,*/*;q=0.8", "Accept-Encoding": "gzip, deflate", "Accept-Language": "en-us,en;q=0.5"}}, {"format_id": "140", "url": "https://r4---sn-5njj-u2xe.googlevideo.com/videoplayback?expire=1611764358&ei=Jj4RYIrrEveKs8IP9uGwyAM&ip=140.109.135.76&id=o-ADCUiGRa7wx78Nw3L9LYgBl9TCkSomhzjqqoCQxSCad1&itag=140&source=youtube&requiressl=yes&mh=a_&mm=31%2C29&mn=sn-5njj-u2xe%2Csn-un57en7s&ms=au%2Crdu&mv=m&mvi=4&pl=16&initcwndbps=721250&vprv=1&mime=audio%2Fmp4&ns=6AA8vE9G3N97BLd-oKDTEc4F&gir=yes&clen=2655934&dur=167.183&lmt=1541861787541017&mt=1611742362&fvip=4&keepalive=yes&beids=9466588&c=WEB&txp=5432432&n=_DmMD915npQML6H5ZUxE&sparams=expire%2Cei%2Cip%2Cid%2Citag%2Csource%2Crequiressl%2Cvprv%2Cmime%2Cns%2Cgir%2Cclen%2Cdur%2Clmt&lsparams=mh%2Cmm%2Cmn%2Cms%2Cmv%2Cmvi%2Cpl%2Cinitcwndbps&lsig=AG3C_xAwRQIhAOQlQ2PST-VnXYkqk01rDilNyKWU8JEfNUOuZmr6GZBZAiAkWcjethCQrFBpYsw4ATE7t9ABlfLxDCRtytu9bE_qCA%3D%3D&sig=AOq0QJ8wRQIhALIKSsnuSP3n5PxOGAAI-kBS1Qvt3MdIFuSLV8iS8xq3AiAIQoMbiCNfiHtVk6ycctxFzz0z9XfyRx4Dp6EeX1ry_g==&ratebypass=yes", "player_url": "/s/player/c6df6ed7/player_ias.vflset/en_US/base.js", "ext": "m4a", "format_note": "tiny", "acodec": "mp4a.40.2", "abr": 128, "container": "m4a_dash", "asr": 44100, "filesize": 2655934, "fps": null, "height": null, "tbr": 127.877, "width": null, "vcodec": "none", "downloader_options": {"http_chunk_size": 10485760}, "format": "140 - audio only (tiny)", "protocol": "https", "http_headers": {"User-Agent": "Mozilla/5.0 (Windows NT 10.0; Win64; x64) AppleWebKit/537.36 (KHTML, like Gecko) Chrome/72.0.3626.25 Safari/537.36", "Accept-Charset": "ISO-8859-1,utf-8;q=0.7,*;q=0.7", "Accept": "text/html,application/xhtml+xml,application/xml;q=0.9,*/*;q=0.8", "Accept-Encoding": "gzip, deflate", "Accept-Language": "en-us,en;q=0.5"}}, {"format_id": "251", "url": "https://r4---sn-5njj-u2xe.googlevideo.com/videoplayback?expire=1611764358&ei=Jj4RYIrrEveKs8IP9uGwyAM&ip=140.109.135.76&id=o-ADCUiGRa7wx78Nw3L9LYgBl9TCkSomhzjqqoCQxSCad1&itag=251&source=youtube&requiressl=yes&mh=a_&mm=31%2C29&mn=sn-5njj-u2xe%2Csn-un57en7s&ms=au%2Crdu&mv=m&mvi=4&pl=16&initcwndbps=721250&vprv=1&mime=audio%2Fwebm&ns=6AA8vE9G3N97BLd-oKDTEc4F&gir=yes&clen=3168713&dur=167.161&lmt=1541869306647054&mt=1611742362&fvip=4&keepalive=yes&beids=9466588&c=WEB&txp=5411222&n=_DmMD915npQML6H5ZUxE&sparams=expire%2Cei%2Cip%2Cid%2Citag%2Csource%2Crequiressl%2Cvprv%2Cmime%2Cns%2Cgir%2Cclen%2Cdur%2Clmt&lsparams=mh%2Cmm%2Cmn%2Cms%2Cmv%2Cmvi%2Cpl%2Cinitcwndbps&lsig=AG3C_xAwRQIgO_v4nJPJNqXc7Um3V1Nc9g1K6ttehH5Y3OJVBND6iMYCIQDl_HpCLl5b_MYvg1jiPDylVaIxcqsJPZSnjv5zrwS5wQ%3D%3D&sig=AOq0QJ8wRQIgNspCTOQrZPIrB0TEbqNk99LadXKzF4RZclEPWL-82VICIQCDc34NgZpFlLwjlErfnzDLKt88mp_5N5VlFnSaBQpwRw==&ratebypass=yes", "player_url": "/s/player/c6df6ed7/player_ias.vflset/en_US/base.js", "ext": "webm", "format_note": "tiny", "acodec": "opus", "abr": 160, "asr": 48000, "filesize": 3168713, "fps": null, "height": null, "tbr": 161.372, "width": null, "vcodec": "none", "downloader_options": {"http_chunk_size": 10485760}, "format": "251 - audio only (tiny)", "protocol": "https", "http_headers": {"User-Agent": "Mozilla/5.0 (Windows NT 10.0; Win64; x64) AppleWebKit/537.36 (KHTML, like Gecko) Chrome/72.0.3626.25 Safari/537.36", "Accept-Charset": "ISO-8859-1,utf-8;q=0.7,*;q=0.7", "Accept": "text/html,application/xhtml+xml,application/xml;q=0.9,*/*;q=0.8", "Accept-Encoding": "gzip, deflate", "Accept-Language": "en-us,en;q=0.5"}}, {"format_id": "160", "url": "https://r4---sn-5njj-u2xe.googlevideo.com/videoplayback?expire=1611764358&ei=Jj4RYIrrEveKs8IP9uGwyAM&ip=140.109.135.76&id=o-ADCUiGRa7wx78Nw3L9LYgBl9TCkSomhzjqqoCQxSCad1&itag=160&aitags=133%2C134%2C135%2C136%2C137%2C160%2C242%2C243%2C244%2C247%2C248%2C278&source=youtube&requiressl=yes&mh=a_&mm=31%2C29&mn=sn-5njj-u2xe%2Csn-un57en7s&ms=au%2Crdu&mv=m&mvi=4&pl=16&initcwndbps=721250&vprv=1&mime=video%2Fmp4&ns=6AA8vE9G3N97BLd-oKDTEc4F&gir=yes&clen=1240163&dur=167.133&lmt=1541861930101745&mt=1611742362&fvip=4&keepalive=yes&beids=9466588&c=WEB&txp=5432432&n=_DmMD915npQML6H5ZUxE&sparams=expire%2Cei%2Cip%2Cid%2Caitags%2Csource%2Crequiressl%2Cvprv%2Cmime%2Cns%2Cgir%2Cclen%2Cdur%2Clmt&lsparams=mh%2Cmm%2Cmn%2Cms%2Cmv%2Cmvi%2Cpl%2Cinitcwndbps&lsig=AG3C_xAwRAIgMJeeRNKACrWVBCbS4zD-wCjZSuKQd2z4T9R0GnT-iXsCIHoyNf2IKbQI9iu7EdODxfm80VIknH9V2SRyzLTcCh8j&sig=AOq0QJ8wRQIgBih_eePsiLoxUAss6CnBIH6Hhs7NKqSHGAtTS6SAoVcCIQDEaR976iAw6FmiKmjQWtxQAUy63CdK64z0G8ZDSfZrig==&ratebypass=yes", "player_url": "/s/player/c6df6ed7/player_ias.vflset/en_US/base.js", "ext": "mp4", "height": 144, "format_note": "144p", "vcodec": "avc1.4d400c", "asr": null, "filesize": 1240163, "fps": 30, "tbr": 86.578, "width": 256, "acodec": "none", "downloader_options": {"http_chunk_size": 10485760}, "format": "160 - 256x144 (144p)", "protocol": "https", "http_headers": {"User-Agent": "Mozilla/5.0 (Windows NT 10.0; Win64; x64) AppleWebKit/537.36 (KHTML, like Gecko) Chrome/72.0.3626.25 Safari/537.36", "Accept-Charset": "ISO-8859-1,utf-8;q=0.7,*;q=0.7", "Accept": "text/html,application/xhtml+xml,application/xml;q=0.9,*/*;q=0.8", "Accept-Encoding": "gzip, deflate", "Accept-Language": "en-us,en;q=0.5"}}, {"format_id": "278", "url": "https://r4---sn-5njj-u2xe.googlevideo.com/videoplayback?expire=1611764358&ei=Jj4RYIrrEveKs8IP9uGwyAM&ip=140.109.135.76&id=o-ADCUiGRa7wx78Nw3L9LYgBl9TCkSomhzjqqoCQxSCad1&itag=278&aitags=133%2C134%2C135%2C136%2C137%2C160%2C242%2C243%2C244%2C247%2C248%2C278&source=youtube&requiressl=yes&mh=a_&mm=31%2C29&mn=sn-5njj-u2xe%2Csn-un57en7s&ms=au%2Crdu&mv=m&mvi=4&pl=16&initcwndbps=721250&vprv=1&mime=video%2Fwebm&ns=6AA8vE9G3N97BLd-oKDTEc4F&gir=yes&clen=1853627&dur=167.134&lmt=1541862827555606&mt=1611742362&fvip=4&keepalive=yes&beids=9466588&c=WEB&txp=5432432&n=_DmMD915npQML6H5ZUxE&sparams=expire%2Cei%2Cip%2Cid%2Caitags%2Csource%2Crequiressl%2Cvprv%2Cmime%2Cns%2Cgir%2Cclen%2Cdur%2Clmt&lsparams=mh%2Cmm%2Cmn%2Cms%2Cmv%2Cmvi%2Cpl%2Cinitcwndbps&lsig=AG3C_xAwRAIgQ-txa8dqko_MXVogYgKm7bZSBBNDWaADdnDxGla5GlQCIGdKiHezDzVYW_nAnehHfVfjXEAfq6Zpp3XrsgM5JIuC&sig=AOq0QJ8wRAIgcaicZsH_xnfR7Ez3A__ulX8OSqwYX83wZ_8y3oK7rTsCIAr-m-BvthzAjYcSscBcgKlao8RARS5ZvCuSBf5v5cwX&ratebypass=yes", "player_url": "/s/player/c6df6ed7/player_ias.vflset/en_US/base.js", "ext": "webm", "height": 144, "format_note": "144p", "container": "webm", "vcodec": "vp9", "asr": null, "filesize": 1853627, "fps": 30, "tbr": 97.212, "width": 256, "acodec": "none", "downloader_options": {"http_chunk_size": 10485760}, "format": "278 - 256x144 (144p)", "protocol": "https", "http_headers": {"User-Agent": "Mozilla/5.0 (Windows NT 10.0; Win64; x64) AppleWebKit/537.36 (KHTML, like Gecko) Chrome/72.0.3626.25 Safari/537.36", "Accept-Charset": "ISO-8859-1,utf-8;q=0.7,*;q=0.7", "Accept": "text/html,application/xhtml+xml,application/xml;q=0.9,*/*;q=0.8", "Accept-Encoding": "gzip, deflate", "Accept-Language": "en-us,en;q=0.5"}}, {"format_id": "133", "url": "https://r4---sn-5njj-u2xe.googlevideo.com/videoplayback?expire=1611764358&ei=Jj4RYIrrEveKs8IP9uGwyAM&ip=140.109.135.76&id=o-ADCUiGRa7wx78Nw3L9LYgBl9TCkSomhzjqqoCQxSCad1&itag=133&aitags=133%2C134%2C135%2C136%2C137%2C160%2C242%2C243%2C244%2C247%2C248%2C278&source=youtube&requiressl=yes&mh=a_&mm=31%2C29&mn=sn-5njj-u2xe%2Csn-un57en7s&ms=au%2Crdu&mv=m&mvi=4&pl=16&initcwndbps=721250&vprv=1&mime=video%2Fmp4&ns=6AA8vE9G3N97BLd-oKDTEc4F&gir=yes&clen=2483802&dur=167.133&lmt=1541861925088463&mt=1611742362&fvip=4&keepalive=yes&beids=9466588&c=WEB&txp=5432432&n=_DmMD915npQML6H5ZUxE&sparams=expire%2Cei%2Cip%2Cid%2Caitags%2Csource%2Crequiressl%2Cvprv%2Cmime%2Cns%2Cgir%2Cclen%2Cdur%2Clmt&lsparams=mh%2Cmm%2Cmn%2Cms%2Cmv%2Cmvi%2Cpl%2Cinitcwndbps&lsig=AG3C_xAwRQIhAIEEqCdWA9XcHrqNz18wQ5BXq1uVLWlxrfMNvIisym2PAiBlZpbrIvsOQEzEIttGNpu6qxnXihXqlbjctGDvXf8wHg%3D%3D&sig=AOq0QJ8wRAIgMwfCxnOHVZjHcySoiESb_qHTXCV0L7m0WZgeLRdj6T8CIHVLWV0ra_wno1bbVnWfayMiHOhCmV3CabW_t1SSTask&ratebypass=yes", "player_url": "/s/player/c6df6ed7/player_ias.vflset/en_US/base.js", "ext": "mp4", "height": 240, "format_note": "240p", "vcodec": "avc1.4d4015", "asr": null, "filesize": 2483802, "fps": 30, "tbr": 178.392, "width": 426, "acodec": "none", "downloader_options": {"http_chunk_size": 10485760}, "format": "133 - 426x240 (240p)", "protocol": "https", "http_headers": {"User-Agent": "Mozilla/5.0 (Windows NT 10.0; Win64; x64) AppleWebKit/537.36 (KHTML, like Gecko) Chrome/72.0.3626.25 Safari/537.36", "Accept-Charset": "ISO-8859-1,utf-8;q=0.7,*;q=0.7", "Accept": "text/html,application/xhtml+xml,application/xml;q=0.9,*/*;q=0.8", "Accept-Encoding": "gzip, deflate", "Accept-Language": "en-us,en;q=0.5"}}, {"format_id": "242", "url": "https://r4---sn-5njj-u2xe.googlevideo.com/videoplayback?expire=1611764358&ei=Jj4RYIrrEveKs8IP9uGwyAM&ip=140.109.135.76&id=o-ADCUiGRa7wx78Nw3L9LYgBl9TCkSomhzjqqoCQxSCad1&itag=242&aitags=133%2C134%2C135%2C136%2C137%2C160%2C242%2C243%2C244%2C247%2C248%2C278&source=youtube&requiressl=yes&mh=a_&mm=31%2C29&mn=sn-5njj-u2xe%2Csn-un57en7s&ms=au%2Crdu&mv=m&mvi=4&pl=16&initcwndbps=721250&vprv=1&mime=video%2Fwebm&ns=6AA8vE9G3N97BLd-oKDTEc4F&gir=yes&clen=4069206&dur=167.134&lmt=1541862827545564&mt=1611742362&fvip=4&keepalive=yes&beids=9466588&c=WEB&txp=5432432&n=_DmMD915npQML6H5ZUxE&sparams=expire%2Cei%2Cip%2Cid%2Caitags%2Csource%2Crequiressl%2Cvprv%2Cmime%2Cns%2Cgir%2Cclen%2Cdur%2Clmt&lsparams=mh%2Cmm%2Cmn%2Cms%2Cmv%2Cmvi%2Cpl%2Cinitcwndbps&lsig=AG3C_xAwRAIgXKbYhXyB-TO0mgvNt23IbqFyTqdVQ5fojBhmbUiUTlMCIHuxFS3OvF4rFcfQWeSm2vVpGNRhRO6JPjP5wgSuvNze&sig=AOq0QJ8wRQIgDRauJL59yql7rCmjj1GZAR9J-_FftPM__M0jt6kCgsgCIQCnbWfiR2EfVtDWulaanVxcZ_gefeM_9GjNIVSaM8Dq-Q==&ratebypass=yes", "player_url": "/s/player/c6df6ed7/player_ias.vflset/en_US/base.js", "ext": "webm", "height": 240, "format_note": "240p", "vcodec": "vp9", "asr": null, "filesize": 4069206, "fps": 30, "tbr": 221.751, "width": 426, "acodec": "none", "downloader_options": {"http_chunk_size": 10485760}, "format": "242 - 426x240 (240p)", "protocol": "https", "http_headers": {"User-Agent": "Mozilla/5.0 (Windows NT 10.0; Win64; x64) AppleWebKit/537.36 (KHTML, like Gecko) Chrome/72.0.3626.25 Safari/537.36", "Accept-Charset": "ISO-8859-1,utf-8;q=0.7,*;q=0.7", "Accept": "text/html,application/xhtml+xml,application/xml;q=0.9,*/*;q=0.8", "Accept-Encoding": "gzip, deflate", "Accept-Language": "en-us,en;q=0.5"}}, {"format_id": "243", "url": "https://r4---sn-5njj-u2xe.googlevideo.com/videoplayback?expire=1611764358&ei=Jj4RYIrrEveKs8IP9uGwyAM&ip=140.109.135.76&id=o-ADCUiGRa7wx78Nw3L9LYgBl9TCkSomhzjqqoCQxSCad1&itag=243&aitags=133%2C134%2C135%2C136%2C137%2C160%2C242%2C243%2C244%2C247%2C248%2C278&source=youtube&requiressl=yes&mh=a_&mm=31%2C29&mn=sn-5njj-u2xe%2Csn-un57en7s&ms=au%2Crdu&mv=m&mvi=4&pl=16&initcwndbps=721250&vprv=1&mime=video%2Fwebm&ns=6AA8vE9G3N97BLd-oKDTEc4F&gir=yes&clen=7697295&dur=167.134&lmt=1541862827544286&mt=1611742362&fvip=4&keepalive=yes&beids=9466588&c=WEB&txp=5432432&n=_DmMD915npQML6H5ZUxE&sparams=expire%2Cei%2Cip%2Cid%2Caitags%2Csource%2Crequiressl%2Cvprv%2Cmime%2Cns%2Cgir%2Cclen%2Cdur%2Clmt&lsparams=mh%2Cmm%2Cmn%2Cms%2Cmv%2Cmvi%2Cpl%2Cinitcwndbps&lsig=AG3C_xAwRQIgHaDc4NCFEPVJL3MVWcw2SqTgocEb_TZJ_UOHp8__b8cCIQCtIH2Yh4W9MFmqdMvC0oQCFsIusaQ7myiTmCn27oDh3A%3D%3D&sig=AOq0QJ8wRgIhANz7FZlOAgD0OiVy3OPba39G_mv9qajIacMRWiCJD13PAiEAsprOFo3nczTvot4QIZ01tiMjBxhb7lyDvEY00SbKvnY=&ratebypass=yes", "player_url": "/s/player/c6df6ed7/player_ias.vflset/en_US/base.js", "ext": "webm", "height": 360, "format_note": "360p", "vcodec": "vp9", "asr": null, "filesize": 7697295, "fps": 30, "tbr": 409.091, "width": 640, "acodec": "none", "downloader_options": {"http_chunk_size": 10485760}, "format": "243 - 640x360 (360p)", "protocol": "https", "http_headers": {"User-Agent": "Mozilla/5.0 (Windows NT 10.0; Win64; x64) AppleWebKit/537.36 (KHTML, like Gecko) Chrome/72.0.3626.25 Safari/537.36", "Accept-Charset": "ISO-8859-1,utf-8;q=0.7,*;q=0.7", "Accept": "text/html,application/xhtml+xml,application/xml;q=0.9,*/*;q=0.8", "Accept-Encoding": "gzip, deflate", "Accept-Language": "en-us,en;q=0.5"}}, {"format_id": "134", "url": "https://r4---sn-5njj-u2xe.googlevideo.com/videoplayback?expire=1611764358&ei=Jj4RYIrrEveKs8IP9uGwyAM&ip=140.109.135.76&id=o-ADCUiGRa7wx78Nw3L9LYgBl9TCkSomhzjqqoCQxSCad1&itag=134&aitags=133%2C134%2C135%2C136%2C137%2C160%2C242%2C243%2C244%2C247%2C248%2C278&source=youtube&requiressl=yes&mh=a_&mm=31%2C29&mn=sn-5njj-u2xe%2Csn-un57en7s&ms=au%2Crdu&mv=m&mvi=4&pl=16&initcwndbps=721250&vprv=1&mime=video%2Fmp4&ns=6AA8vE9G3N97BLd-oKDTEc4F&gir=yes&clen=7105869&dur=167.133&lmt=1541861925789365&mt=1611742362&fvip=4&keepalive=yes&beids=9466588&c=WEB&txp=5432432&n=_DmMD915npQML6H5ZUxE&sparams=expire%2Cei%2Cip%2Cid%2Caitags%2Csource%2Crequiressl%2Cvprv%2Cmime%2Cns%2Cgir%2Cclen%2Cdur%2Clmt&lsparams=mh%2Cmm%2Cmn%2Cms%2Cmv%2Cmvi%2Cpl%2Cinitcwndbps&lsig=AG3C_xAwRQIgequv1f5KrErEHWmBxeKBZdqpTZHPa-07ZrFCbXbbhW4CIQCe6g59kMg8C-o0-X0dZ44oMfEEmdaYJPuc60gzKMpPzA%3D%3D&sig=AOq0QJ8wRQIgMpETiztkUuGkRnhYDrrnDSyhG78db5aXII0VzP5PqaoCIQDXeWHds1NAz8dlaM1hc-qKCFyXKLCc1b_1n-iFbylDSw==&ratebypass=yes", "player_url": "/s/player/c6df6ed7/player_ias.vflset/en_US/base.js", "ext": "mp4", "height": 360, "format_note": "360p", "vcodec": "avc1.4d401e", "asr": null, "filesize": 7105869, "fps": 30, "tbr": 489.054, "width": 640, "acodec": "none", "downloader_options": {"http_chunk_size": 10485760}, "format": "134 - 640x360 (360p)", "protocol": "https", "http_headers": {"User-Agent": "Mozilla/5.0 (Windows NT 10.0; Win64; x64) AppleWebKit/537.36 (KHTML, like Gecko) Chrome/72.0.3626.25 Safari/537.36", "Accept-Charset": "ISO-8859-1,utf-8;q=0.7,*;q=0.7", "Accept": "text/html,application/xhtml+xml,application/xml;q=0.9,*/*;q=0.8", "Accept-Encoding": "gzip, deflate", "Accept-Language": "en-us,en;q=0.5"}}, {"format_id": "244", "url": "https://r4---sn-5njj-u2xe.googlevideo.com/videoplayback?expire=1611764358&ei=Jj4RYIrrEveKs8IP9uGwyAM&ip=140.109.135.76&id=o-ADCUiGRa7wx78Nw3L9LYgBl9TCkSomhzjqqoCQxSCad1&itag=244&aitags=133%2C134%2C135%2C136%2C137%2C160%2C242%2C243%2C244%2C247%2C248%2C278&source=youtube&requiressl=yes&mh=a_&mm=31%2C29&mn=sn-5njj-u2xe%2Csn-un57en7s&ms=au%2Crdu&mv=m&mvi=4&pl=16&initcwndbps=721250&vprv=1&mime=video%2Fwebm&ns=6AA8vE9G3N97BLd-oKDTEc4F&gir=yes&clen=13883953&dur=167.134&lmt=1541862827568769&mt=1611742362&fvip=4&keepalive=yes&beids=9466588&c=WEB&txp=5432432&n=_DmMD915npQML6H5ZUxE&sparams=expire%2Cei%2Cip%2Cid%2Caitags%2Csource%2Crequiressl%2Cvprv%2Cmime%2Cns%2Cgir%2Cclen%2Cdur%2Clmt&lsparams=mh%2Cmm%2Cmn%2Cms%2Cmv%2Cmvi%2Cpl%2Cinitcwndbps&lsig=AG3C_xAwRgIhAN4x19_50Au-1LBrFOkBD8i-5PYDWIpY3lEYoU8ub6x7AiEAzRHG4xjS3drL7fM55iDhgFBp89pEmRZJRs566xQP3NQ%3D&sig=AOq0QJ8wRAIgQ3dO1wTtUpOZpj6_1_Q8IlX1p04OsJIK642TocnVTxgCIH-loYtzBXsDCb8Z5GBpqWVQifEIp6gwOJ0F1LRA6Tol&ratebypass=yes", "player_url": "/s/player/c6df6ed7/player_ias.vflset/en_US/base.js", "ext": "webm", "height": 480, "format_note": "480p", "vcodec": "vp9", "asr": null, "filesize": 13883953, "fps": 30, "tbr": 757.413, "width": 854, "acodec": "none", "downloader_options": {"http_chunk_size": 10485760}, "format": "244 - 854x480 (480p)", "protocol": "https", "http_headers": {"User-Agent": "Mozilla/5.0 (Windows NT 10.0; Win64; x64) AppleWebKit/537.36 (KHTML, like Gecko) Chrome/72.0.3626.25 Safari/537.36", "Accept-Charset": "ISO-8859-1,utf-8;q=0.7,*;q=0.7", "Accept": "text/html,application/xhtml+xml,application/xml;q=0.9,*/*;q=0.8", "Accept-Encoding": "gzip, deflate", "Accept-Language": "en-us,en;q=0.5"}}, {"format_id": "135", "url": "https://r4---sn-5njj-u2xe.googlevideo.com/videoplayback?expire=1611764358&ei=Jj4RYIrrEveKs8IP9uGwyAM&ip=140.109.135.76&id=o-ADCUiGRa7wx78Nw3L9LYgBl9TCkSomhzjqqoCQxSCad1&itag=135&aitags=133%2C134%2C135%2C136%2C137%2C160%2C242%2C243%2C244%2C247%2C248%2C278&source=youtube&requiressl=yes&mh=a_&mm=31%2C29&mn=sn-5njj-u2xe%2Csn-un57en7s&ms=au%2Crdu&mv=m&mvi=4&pl=16&initcwndbps=721250&vprv=1&mime=video%2Fmp4&ns=6AA8vE9G3N97BLd-oKDTEc4F&gir=yes&clen=14094872&dur=167.133&lmt=1541861925391908&mt=1611742362&fvip=4&keepalive=yes&beids=9466588&c=WEB&txp=5432432&n=_DmMD915npQML6H5ZUxE&sparams=expire%2Cei%2Cip%2Cid%2Caitags%2Csource%2Crequiressl%2Cvprv%2Cmime%2Cns%2Cgir%2Cclen%2Cdur%2Clmt&lsparams=mh%2Cmm%2Cmn%2Cms%2Cmv%2Cmvi%2Cpl%2Cinitcwndbps&lsig=AG3C_xAwRgIhALzHIbp3BO841s3XD9qnCBpYurponL7acIz19U8Z94BCAiEAs7A0Ri_Vvj_wXujOvP8UjqWCd3pArOgC_Pp6e4jrbow%3D&sig=AOq0QJ8wRAIgb9fb9oreQ3Bss5xUfvvATj6ozHFll4F3NQzoBfc7BjkCIAIi84t6qSeSTPL4Lkdlr0y2ZJ-fO83-8QmxdXD4j8a3&ratebypass=yes", "player_url": "/s/player/c6df6ed7/player_ias.vflset/en_US/base.js", "ext": "mp4", "height": 480, "format_note": "480p", "vcodec": "avc1.4d401f", "asr": null, "filesize": 14094872, "fps": 30, "tbr": 990.461, "width": 854, "acodec": "none", "downloader_options": {"http_chunk_size": 10485760}, "format": "135 - 854x480 (480p)", "protocol": "https", "http_headers": {"User-Agent": "Mozilla/5.0 (Windows NT 10.0; Win64; x64) AppleWebKit/537.36 (KHTML, like Gecko) Chrome/72.0.3626.25 Safari/537.36", "Accept-Charset": "ISO-8859-1,utf-8;q=0.7,*;q=0.7", "Accept": "text/html,application/xhtml+xml,application/xml;q=0.9,*/*;q=0.8", "Accept-Encoding": "gzip, deflate", "Accept-Language": "en-us,en;q=0.5"}}, {"format_id": "247", "url": "https://r4---sn-5njj-u2xe.googlevideo.com/videoplayback?expire=1611764358&ei=Jj4RYIrrEveKs8IP9uGwyAM&ip=140.109.135.76&id=o-ADCUiGRa7wx78Nw3L9LYgBl9TCkSomhzjqqoCQxSCad1&itag=247&aitags=133%2C134%2C135%2C136%2C137%2C160%2C242%2C243%2C244%2C247%2C248%2C278&source=youtube&requiressl=yes&mh=a_&mm=31%2C29&mn=sn-5njj-u2xe%2Csn-un57en7s&ms=au%2Crdu&mv=m&mvi=4&pl=16&initcwndbps=721250&vprv=1&mime=video%2Fwebm&ns=6AA8vE9G3N97BLd-oKDTEc4F&gir=yes&clen=27733443&dur=167.134&lmt=1541862827556794&mt=1611742362&fvip=4&keepalive=yes&beids=9466588&c=WEB&txp=5432432&n=_DmMD915npQML6H5ZUxE&sparams=expire%2Cei%2Cip%2Cid%2Caitags%2Csource%2Crequiressl%2Cvprv%2Cmime%2Cns%2Cgir%2Cclen%2Cdur%2Clmt&lsparams=mh%2Cmm%2Cmn%2Cms%2Cmv%2Cmvi%2Cpl%2Cinitcwndbps&lsig=AG3C_xAwRAIgaxoIGCodffyIWmprDRgpLPArWxum_67IL7vGC2PVgaYCIGfLP8f3IR_NCW3rsseiFZ3chroM19Sfc2_T6ZPmFr3L&sig=AOq0QJ8wRgIhAJ42BWI7-7yFdQ69DzWKjOgi5zKjNinXS7zpHf_y_b-YAiEAnWZPIyWaclBIT65QlHkEr_7s1vyLeVQfvSyX44fx3VM=&ratebypass=yes", "player_url": "/s/player/c6df6ed7/player_ias.vflset/en_US/base.js", "ext": "webm", "height": 720, "format_note": "720p", "vcodec": "vp9", "asr": null, "filesize": 27733443, "fps": 30, "tbr": 1513.179, "width": 1280, "acodec": "none", "downloader_options": {"http_chunk_size": 10485760}, "format": "247 - 1280x720 (720p)", "protocol": "https", "http_headers": {"User-Agent": "Mozilla/5.0 (Windows NT 10.0; Win64; x64) AppleWebKit/537.36 (KHTML, like Gecko) Chrome/72.0.3626.25 Safari/537.36", "Accept-Charset": "ISO-8859-1,utf-8;q=0.7,*;q=0.7", "Accept": "text/html,application/xhtml+xml,application/xml;q=0.9,*/*;q=0.8", "Accept-Encoding": "gzip, deflate", "Accept-Language": "en-us,en;q=0.5"}}, {"format_id": "136", "url": "https://r4---sn-5njj-u2xe.googlevideo.com/videoplayback?expire=1611764358&ei=Jj4RYIrrEveKs8IP9uGwyAM&ip=140.109.135.76&id=o-ADCUiGRa7wx78Nw3L9LYgBl9TCkSomhzjqqoCQxSCad1&itag=136&aitags=133%2C134%2C135%2C136%2C137%2C160%2C242%2C243%2C244%2C247%2C248%2C278&source=youtube&requiressl=yes&mh=a_&mm=31%2C29&mn=sn-5njj-u2xe%2Csn-un57en7s&ms=au%2Crdu&mv=m&mvi=4&pl=16&initcwndbps=721250&vprv=1&mime=video%2Fmp4&ns=6AA8vE9G3N97BLd-oKDTEc4F&gir=yes&clen=25148765&dur=167.133&lmt=1541861925590986&mt=1611742362&fvip=4&keepalive=yes&beids=9466588&c=WEB&txp=5432432&n=_DmMD915npQML6H5ZUxE&sparams=expire%2Cei%2Cip%2Cid%2Caitags%2Csource%2Crequiressl%2Cvprv%2Cmime%2Cns%2Cgir%2Cclen%2Cdur%2Clmt&lsparams=mh%2Cmm%2Cmn%2Cms%2Cmv%2Cmvi%2Cpl%2Cinitcwndbps&lsig=AG3C_xAwRQIhANgj4l1ckhOEt4MPoiSr6rBq40q3flJBXVPLY7jjBvpxAiBmuodI6R4V_kXqMTlK7QnE6P_x1MNQKeSkddJX-4c_Rg%3D%3D&sig=AOq0QJ8wRQIhAP5Uk_Vg685H9g4SQg0Ly_oLlK04OB4IWi58yOIfsKKFAiAtwEHgUUXqtvvbSvnaKNPaRmKaIxE3yMzTPREI1t6wIA==&ratebypass=yes", "player_url": "/s/player/c6df6ed7/player_ias.vflset/en_US/base.js", "ext": "mp4", "height": 720, "format_note": "720p", "vcodec": "avc1.4d401f", "asr": null, "filesize": 25148765, "fps": 30, "tbr": 2137.453, "width": 1280, "acodec": "none", "downloader_options": {"http_chunk_size": 10485760}, "format": "136 - 1280x720 (720p)", "protocol": "https", "http_headers": {"User-Agent": "Mozilla/5.0 (Windows NT 10.0; Win64; x64) AppleWebKit/537.36 (KHTML, like Gecko) Chrome/72.0.3626.25 Safari/537.36", "Accept-Charset": "ISO-8859-1,utf-8;q=0.7,*;q=0.7", "Accept": "text/html,application/xhtml+xml,application/xml;q=0.9,*/*;q=0.8", "Accept-Encoding": "gzip, deflate", "Accept-Language": "en-us,en;q=0.5"}}, {"format_id": "248", "url": "https://r4---sn-5njj-u2xe.googlevideo.com/videoplayback?expire=1611764358&ei=Jj4RYIrrEveKs8IP9uGwyAM&ip=140.109.135.76&id=o-ADCUiGRa7wx78Nw3L9LYgBl9TCkSomhzjqqoCQxSCad1&itag=248&aitags=133%2C134%2C135%2C136%2C137%2C160%2C242%2C243%2C244%2C247%2C248%2C278&source=youtube&requiressl=yes&mh=a_&mm=31%2C29&mn=sn-5njj-u2xe%2Csn-un57en7s&ms=au%2Crdu&mv=m&mvi=4&pl=16&initcwndbps=721250&vprv=1&mime=video%2Fwebm&ns=6AA8vE9G3N97BLd-oKDTEc4F&gir=yes&clen=48761642&dur=167.134&lmt=1541862435119747&mt=1611742362&fvip=4&keepalive=yes&beids=9466588&c=WEB&txp=5432432&n=_DmMD915npQML6H5ZUxE&sparams=expire%2Cei%2Cip%2Cid%2Caitags%2Csource%2Crequiressl%2Cvprv%2Cmime%2Cns%2Cgir%2Cclen%2Cdur%2Clmt&lsparams=mh%2Cmm%2Cmn%2Cms%2Cmv%2Cmvi%2Cpl%2Cinitcwndbps&lsig=AG3C_xAwRQIgSYdxv1NJoF9jjHEnRasQGvvlkw2VgXe5ZO-Y1z60gO8CIQD_AZyMltHxWFuLGiG139RlB3gVNQxINwhRfGxWbgNLpA%3D%3D&sig=AOq0QJ8wRQIhAPfQhYh4mDsX0px8o3MxJ7bZCgloDbjuwJlH8CcxlGWiAiAE2BA3wLr9j6N1DCFaJAQdn8ttMneLpRFbGsQQGxQS7g==&ratebypass=yes", "player_url": "/s/player/c6df6ed7/player_ias.vflset/en_US/base.js", "ext": "webm", "height": 1080, "format_note": "1080p", "vcodec": "vp9", "asr": null, "filesize": 48761642, "fps": 30, "tbr": 2644.538, "width": 1920, "acodec": "none", "downloader_options": {"http_chunk_size": 10485760}, "format": "248 - 1920x1080 (1080p)", "protocol": "https", "http_headers": {"User-Agent": "Mozilla/5.0 (Windows NT 10.0; Win64; x64) AppleWebKit/537.36 (KHTML, like Gecko) Chrome/72.0.3626.25 Safari/537.36", "Accept-Charset": "ISO-8859-1,utf-8;q=0.7,*;q=0.7", "Accept": "text/html,application/xhtml+xml,application/xml;q=0.9,*/*;q=0.8", "Accept-Encoding": "gzip, deflate", "Accept-Language": "en-us,en;q=0.5"}}, {"format_id": "137", "url": "https://r4---sn-5njj-u2xe.googlevideo.com/videoplayback?expire=1611764358&ei=Jj4RYIrrEveKs8IP9uGwyAM&ip=140.109.135.76&id=o-ADCUiGRa7wx78Nw3L9LYgBl9TCkSomhzjqqoCQxSCad1&itag=137&aitags=133%2C134%2C135%2C136%2C137%2C160%2C242%2C243%2C244%2C247%2C248%2C278&source=youtube&requiressl=yes&mh=a_&mm=31%2C29&mn=sn-5njj-u2xe%2Csn-un57en7s&ms=au%2Crdu&mv=m&mvi=4&pl=16&initcwndbps=721250&vprv=1&mime=video%2Fmp4&ns=6AA8vE9G3N97BLd-oKDTEc4F&gir=yes&clen=42269264&dur=167.133&lmt=1541861871367241&mt=1611742362&fvip=4&keepalive=yes&beids=9466588&c=WEB&txp=5432432&n=_DmMD915npQML6H5ZUxE&sparams=expire%2Cei%2Cip%2Cid%2Caitags%2Csource%2Crequiressl%2Cvprv%2Cmime%2Cns%2Cgir%2Cclen%2Cdur%2Clmt&lsparams=mh%2Cmm%2Cmn%2Cms%2Cmv%2Cmvi%2Cpl%2Cinitcwndbps&lsig=AG3C_xAwRQIhAPWMcIe0irfulP6olQmoSNSJVlTEZJXxgx4GAXfkYQAhAiAJIBs_fZDwnlNHwKuobfq3xTVN741_1O8dGRXVvOgs7w%3D%3D&sig=AOq0QJ8wRAIgWXtkp95dlpZq51mmSTgg1YVJcHdPXep8Xk3bWHq5xp4CIHvJVifj-yf0t5C4unSpLrRbY1GYOfJQpTjvahTrOEm1&ratebypass=yes", "player_url": "/s/player/c6df6ed7/player_ias.vflset/en_US/base.js", "ext": "mp4", "height": 1080, "format_note": "1080p", "vcodec": "avc1.640028", "asr": null, "filesize": 42269264, "fps": 30, "tbr": 4015.381, "width": 1920, "acodec": "none", "downloader_options": {"http_chunk_size": 10485760}, "format": "137 - 1920x1080 (1080p)", "protocol": "https", "http_headers": {"User-Agent": "Mozilla/5.0 (Windows NT 10.0; Win64; x64) AppleWebKit/537.36 (KHTML, like Gecko) Chrome/72.0.3626.25 Safari/537.36", "Accept-Charset": "ISO-8859-1,utf-8;q=0.7,*;q=0.7", "Accept": "text/html,application/xhtml+xml,application/xml;q=0.9,*/*;q=0.8", "Accept-Encoding": "gzip, deflate", "Accept-Language": "en-us,en;q=0.5"}}, {"format_id": "18", "url": "https://r4---sn-5njj-u2xe.googlevideo.com/videoplayback?expire=1611764358&ei=Jj4RYIrrEveKs8IP9uGwyAM&ip=140.109.135.76&id=o-ADCUiGRa7wx78Nw3L9LYgBl9TCkSomhzjqqoCQxSCad1&itag=18&source=youtube&requiressl=yes&mh=a_&mm=31%2C29&mn=sn-5njj-u2xe%2Csn-un57en7s&ms=au%2Crdu&mv=m&mvi=4&pl=16&initcwndbps=721250&vprv=1&mime=video%2Fmp4&ns=vGRUfqcf4GzzCHFGjdrHrLoF&gir=yes&clen=13954998&ratebypass=yes&dur=167.183&lmt=1541862236358471&mt=1611742362&fvip=4&beids=9466588&c=WEB&txp=5431432&n=EXikfmMXFFIyMzd-NQQK&sparams=expire%2Cei%2Cip%2Cid%2Citag%2Csource%2Crequiressl%2Cvprv%2Cmime%2Cns%2Cgir%2Cclen%2Cratebypass%2Cdur%2Clmt&lsparams=mh%2Cmm%2Cmn%2Cms%2Cmv%2Cmvi%2Cpl%2Cinitcwndbps&lsig=AG3C_xAwRAIgFd0x1uNWTD-W4mJZYLmyLNeoy3WoMbSZLFZU2GaRAuACIA3ozK9Qp8ycGJRKrIfwDHoA8hpJ_NljCNPtYYeSZeKp&sig=AOq0QJ8wRQIhAL2UyQSgKbiIpkDKu8q8XiZ6py6xO-giLszuCNY33uBRAiAOfUMDdoVgoOV31XwG38iOl--lzqD2mj7v6nw1_13Sjw==", "player_url": "/s/player/c6df6ed7/player_ias.vflset/en_US/base.js", "ext": "mp4", "width": 640, "height": 360, "acodec": "mp4a.40.2", "abr": 96, "vcodec": "avc1.42001E", "asr": 44100, "filesize": 13954998, "format_note": "360p", "fps": 30, "tbr": 667.97, "format": "18 - 640x360 (360p)", "protocol": "https", "http_headers": {"User-Agent": "Mozilla/5.0 (Windows NT 10.0; Win64; x64) AppleWebKit/537.36 (KHTML, like Gecko) Chrome/72.0.3626.25 Safari/537.36", "Accept-Charset": "ISO-8859-1,utf-8;q=0.7,*;q=0.7", "Accept": "text/html,application/xhtml+xml,application/xml;q=0.9,*/*;q=0.8", "Accept-Encoding": "gzip, deflate", "Accept-Language": "en-us,en;q=0.5"}}], "is_live": null, "start_time": null, "end_time": null, "series": null, "season_number": null, "episode_number": null, "track": "Goblin OST 9 - I Will Go To You Like The First Snow - piano cover w/ Sheet music", "artist": null, "album": null, "release_date": null, "release_year": null, "extractor": "youtube", "webpage_url_basename": "watch", "extractor_key": "Youtube", "playlist": null, "playlist_index": null, "thumbnail": "https://i.ytimg.com/vi_webp/-jJVb0xvbdg/maxresdefault.webp", "display_id": "-jJVb0xvbdg", "requested_subtitles": null, "format_id": "251", "url": "https://r4---sn-5njj-u2xe.googlevideo.com/videoplayback?expire=1611764358&ei=Jj4RYIrrEveKs8IP9uGwyAM&ip=140.109.135.76&id=o-ADCUiGRa7wx78Nw3L9LYgBl9TCkSomhzjqqoCQxSCad1&itag=251&source=youtube&requiressl=yes&mh=a_&mm=31%2C29&mn=sn-5njj-u2xe%2Csn-un57en7s&ms=au%2Crdu&mv=m&mvi=4&pl=16&initcwndbps=721250&vprv=1&mime=audio%2Fwebm&ns=6AA8vE9G3N97BLd-oKDTEc4F&gir=yes&clen=3168713&dur=167.161&lmt=1541869306647054&mt=1611742362&fvip=4&keepalive=yes&beids=9466588&c=WEB&txp=5411222&n=_DmMD915npQML6H5ZUxE&sparams=expire%2Cei%2Cip%2Cid%2Citag%2Csource%2Crequiressl%2Cvprv%2Cmime%2Cns%2Cgir%2Cclen%2Cdur%2Clmt&lsparams=mh%2Cmm%2Cmn%2Cms%2Cmv%2Cmvi%2Cpl%2Cinitcwndbps&lsig=AG3C_xAwRQIgO_v4nJPJNqXc7Um3V1Nc9g1K6ttehH5Y3OJVBND6iMYCIQDl_HpCLl5b_MYvg1jiPDylVaIxcqsJPZSnjv5zrwS5wQ%3D%3D&sig=AOq0QJ8wRQIgNspCTOQrZPIrB0TEbqNk99LadXKzF4RZclEPWL-82VICIQCDc34NgZpFlLwjlErfnzDLKt88mp_5N5VlFnSaBQpwRw==&ratebypass=yes", "player_url": "/s/player/c6df6ed7/player_ias.vflset/en_US/base.js", "ext": "webm", "format_note": "tiny", "acodec": "opus", "abr": 160, "asr": 48000, "filesize": 3168713, "fps": null, "height": null, "tbr": 161.372, "width": null, "vcodec": "none", "downloader_options": {"http_chunk_size": 10485760}, "format": "251 - audio only (tiny)", "protocol": "https", "http_headers": {"User-Agent": "Mozilla/5.0 (Windows NT 10.0; Win64; x64) AppleWebKit/537.36 (KHTML, like Gecko) Chrome/72.0.3626.25 Safari/537.36", "Accept-Charset": "ISO-8859-1,utf-8;q=0.7,*;q=0.7", "Accept": "text/html,application/xhtml+xml,application/xml;q=0.9,*/*;q=0.8", "Accept-Encoding": "gzip, deflate", "Accept-Language": "en-us,en;q=0.5"}}