{"id": "0c2dTJTDUR4", "uploader": "Pianoholic - Topic", "uploader_id": "UCQWVGAgbxFUIh0XcaL0Q3gA", "uploader_url": "http://www.youtube.com/channel/UCQWVGAgbxFUIh0XcaL0Q3gA", "channel_id": "UCQWVGAgbxFUIh0XcaL0Q3gA", "channel_url": "http://www.youtube.com/channel/UCQWVGAgbxFUIh0XcaL0Q3gA", "upload_date": "20191204", "license": null, "creator": "Pianoholic", "title": "Young and Beautiful", "alt_title": "Young and Beautiful", "thumbnails": [{"url": "https://i.ytimg.com/vi/0c2dTJTDUR4/hqdefault.jpg?sqp=-oaymwEYCKgBEF5IVfKriqkDCwgBFQAAiEIYAXAB&rs=AOn4CLDiHG6_WcrmS7cSytPcMDL1F4oGCw", "width": 168, "height": 94, "resolution": "168x94", "id": "0"}, {"url": "https://i.ytimg.com/vi/0c2dTJTDUR4/hqdefault.jpg?sqp=-oaymwEYCMQBEG5IVfKriqkDCwgBFQAAiEIYAXAB&rs=AOn4CLCu4YkIiIq0gmeqvEdjKPZveQ6ZDw", "width": 196, "height": 110, "resolution": "196x110", "id": "1"}, {"url": "https://i.ytimg.com/vi/0c2dTJTDUR4/hqdefault.jpg?sqp=-oaymwEZCPYBEIoBSFXyq4qpAwsIARUAAIhCGAFwAQ==&rs=AOn4CLAR0FkU0R17ZkxqAxxFIhPEIkQXbA", "width": 246, "height": 138, "resolution": "246x138", "id": "2"}, {"url": "https://i.ytimg.com/vi/0c2dTJTDUR4/hqdefault.jpg?sqp=-oaymwEZCNACELwBSFXyq4qpAwsIARUAAIhCGAFwAQ==&rs=AOn4CLCRn7wCnVG5rrW0i2YnxNiEnMVWWw", "width": 336, "height": 188, "resolution": "336x188", "id": "3"}, {"url": "https://i.ytimg.com/vi_webp/0c2dTJTDUR4/maxresdefault.webp", "width": 1920, "height": 1080, "resolution": "1920x1080", "id": "4"}], "description": "Provided to YouTube by IIP-DDS\n\nYoung and Beautiful \u00b7 Pianoholic\n\nPiano Essentials, Vol. 5\n\n\u2117 Pianoholic\n\nReleased on: 2019-12-05\n\nProducer: Pianoholic\nMusic  Publisher: ELIZABETH GRANT\nMusic  Publisher: RICHARD W. JR. NOWELS\n\nAuto-generated by YouTube.", "categories": ["Music"], "tags": ["Pianoholic Piano Essentials", "Vol. 5 Young and Beautiful"], "subtitles": {}, "automatic_captions": {}, "duration": 143, "age_limit": 0, "annotations": null, "chapters": null, "webpage_url": "https://www.youtube.com/watch?v=0c2dTJTDUR4", "view_count": 128, "like_count": 2, "dislike_count": null, "average_rating": 5.0, "formats": [{"format_id": "249", "url": "https://r5---sn-5njj-u2xe.googlevideo.com/videoplayback?expire=1611764133&ei=RT0RYN_WFoKSgQPbz7LYBw&ip=140.109.135.76&id=o-AFD5tLv9PxtSxubZUPRRz3gHXAIDPMIvwFSWMzBfxoC_&itag=249&source=youtube&requiressl=yes&mh=Pn&mm=31%2C29&mn=sn-5njj-u2xe%2Csn-un57sn7z&ms=au%2Crdu&mv=m&mvi=5&pl=16&gcr=tw&initcwndbps=681250&vprv=1&mime=audio%2Fwebm&ns=eg_VUAa08fblcmo7jqAxgpcF&gir=yes&clen=1047302&dur=142.681&lmt=1597491185700800&mt=1611742127&fvip=5&keepalive=yes&c=WEB&txp=2311222&n=sci4vi57ssoeLTqK8tSW&sparams=expire%2Cei%2Cip%2Cid%2Citag%2Csource%2Crequiressl%2Cgcr%2Cvprv%2Cmime%2Cns%2Cgir%2Cclen%2Cdur%2Clmt&lsparams=mh%2Cmm%2Cmn%2Cms%2Cmv%2Cmvi%2Cpl%2Cinitcwndbps&lsig=AG3C_xAwRQIgUDwab1mnqAQnKnycAKkRJ6iGQXERrU2Os5oFHO-UjzgCIQCaL0xbU7RjXg9_QsAcEN7Zj6v6xCDiP59bd-0oUPpiGg%3D%3D&sig=AOq0QJ8wRAIgP7lxZhmt0o4BZF4tiAotips2kYlXUo6B5K64Q1AtTmMCIGAoNMq_9aYZC9SoABd4eINJWK321HaUYWdonpSjlyMB&ratebypass=yes", "player_url": "/s/player/c6df6ed7/player_ias.vflset/en_US/base.js", "ext": "webm", "format_note": "tiny", "acodec": "opus", "abr": 50, "asr": 48000, "filesize": 1047302, "fps": null, "height": null, "tbr": 66.619, "width": null, "vcodec": "none", "downloader_options": {"http_chunk_size": 10485760}, "format": "249 - audio only (tiny)", "protocol": "https", "http_headers": {"User-Agent": "Mozilla/5.0 (Windows NT 10.0; Win64; x64) AppleWebKit/537.36 (KHTML, like Gecko) Chrome/72.0.3626.25 Safari/537.36", "Accept-Charset": "ISO-8859-1,utf-8;q=0.7,*;q=0.7", "Accept": "text/html,application/xhtml+xml,application/xml;q=0.9,*/*;q=0.8", "Accept-Encoding": "gzip, deflate", "Accept-Language": "en-us,en;q=0.5"}}, {"format_id": "250", "url": "https://r5---sn-5njj-u2xe.googlevideo.com/videoplayback?expire=1611764133&ei=RT0RYN_WFoKSgQPbz7LYBw&ip=140.109.135.76&id=o-AFD5tLv9PxtSxubZUPRRz3gHXAIDPMIvwFSWMzBfxoC_&itag=250&source=youtube&requiressl=yes&mh=Pn&mm=31%2C29&mn=sn-5njj-u2xe%2Csn-un57sn7z&ms=au%2Crdu&mv=m&mvi=5&pl=16&gcr=tw&initcwndbps=681250&vprv=1&mime=audio%2Fwebm&ns=eg_VUAa08fblcmo7jqAxgpcF&gir=yes&clen=1375006&dur=142.681&lmt=1597491189025750&mt=1611742127&fvip=5&keepalive=yes&c=WEB&txp=2311222&n=sci4vi57ssoeLTqK8tSW&sparams=expire%2Cei%2Cip%2Cid%2Citag%2Csource%2Crequiressl%2Cgcr%2Cvprv%2Cmime%2Cns%2Cgir%2Cclen%2Cdur%2Clmt&lsparams=mh%2Cmm%2Cmn%2Cms%2Cmv%2Cmvi%2Cpl%2Cinitcwndbps&lsig=AG3C_xAwRQIgV8zugjd9F1lgxh6flUe7MiYfk3cyDy6Wyae2G-xwpIgCIQDggXO0qT5IInGuWYZ-oMPzGdiHeAEcO0OebsI5NbYq8g%3D%3D&sig=AOq0QJ8wRQIgej8N4nXkgTOGRB9r2GZbkcDO_2aEU-62ApxyQLbBRQ4CIQCfhyRHIKC354W_d2OGiSvh7uBkLrL6-eadZEGATezYXA==&ratebypass=yes", "player_url": "/s/player/c6df6ed7/player_ias.vflset/en_US/base.js", "ext": "webm", "format_note": "tiny", "acodec": "opus", "abr": 70, "asr": 48000, "filesize": 1375006, "fps": null, "height": null, "tbr": 86.059, "width": null, "vcodec": "none", "downloader_options": {"http_chunk_size": 10485760}, "format": "250 - audio only (tiny)", "protocol": "https", "http_headers": {"User-Agent": "Mozilla/5.0 (Windows NT 10.0; Win64; x64) AppleWebKit/537.36 (KHTML, like Gecko) Chrome/72.0.3626.25 Safari/537.36", "Accept-Charset": "ISO-8859-1,utf-8;q=0.7,*;q=0.7", "Accept": "text/html,application/xhtml+xml,application/xml;q=0.9,*/*;q=0.8", "Accept-Encoding": "gzip, deflate", "Accept-Language": "en-us,en;q=0.5"}}, {"format_id": "140", "url": "https://r5---sn-5njj-u2xe.googlevideo.com/videoplayback?expire=1611764133&ei=RT0RYN_WFoKSgQPbz7LYBw&ip=140.109.135.76&id=o-AFD5tLv9PxtSxubZUPRRz3gHXAIDPMIvwFSWMzBfxoC_&itag=140&source=youtube&requiressl=yes&mh=Pn&mm=31%2C29&mn=sn-5njj-u2xe%2Csn-un57sn7z&ms=au%2Crdu&mv=m&mvi=5&pl=16&gcr=tw&initcwndbps=681250&vprv=1&mime=audio%2Fmp4&ns=eg_VUAa08fblcmo7jqAxgpcF&gir=yes&clen=2310881&dur=142.654&lmt=1597491187408329&mt=1611742127&fvip=5&keepalive=yes&c=WEB&txp=2311222&n=sci4vi57ssoeLTqK8tSW&sparams=expire%2Cei%2Cip%2Cid%2Citag%2Csource%2Crequiressl%2Cgcr%2Cvprv%2Cmime%2Cns%2Cgir%2Cclen%2Cdur%2Clmt&lsparams=mh%2Cmm%2Cmn%2Cms%2Cmv%2Cmvi%2Cpl%2Cinitcwndbps&lsig=AG3C_xAwRQIgPYvITTrVHSpB6XhMorgDOBPEn26MLdiGeDmsWRaFcRUCIQDeNG1OYkrAJaXhj_3TvC_jQJdaX2oVt9QdorpYG4hzsg%3D%3D&sig=AOq0QJ8wRQIgU-mUMuRqix2hoIi5cjBqlYEtcWeihuHr-RXdv4NcvMMCIQDynNbu4KuPL3ecGGNMv7S5l9VitAo3ju5---dYv6DquQ==&ratebypass=yes", "player_url": "/s/player/c6df6ed7/player_ias.vflset/en_US/base.js", "ext": "m4a", "format_note": "tiny", "acodec": "mp4a.40.2", "abr": 128, "container": "m4a_dash", "asr": 44100, "filesize": 2310881, "fps": null, "height": null, "tbr": 131.027, "width": null, "vcodec": "none", "downloader_options": {"http_chunk_size": 10485760}, "format": "140 - audio only (tiny)", "protocol": "https", "http_headers": {"User-Agent": "Mozilla/5.0 (Windows NT 10.0; Win64; x64) AppleWebKit/537.36 (KHTML, like Gecko) Chrome/72.0.3626.25 Safari/537.36", "Accept-Charset": "ISO-8859-1,utf-8;q=0.7,*;q=0.7", "Accept": "text/html,application/xhtml+xml,application/xml;q=0.9,*/*;q=0.8", "Accept-Encoding": "gzip, deflate", "Accept-Language": "en-us,en;q=0.5"}}, {"format_id": "251", "url": "https://r5---sn-5njj-u2xe.googlevideo.com/videoplayback?expire=1611764133&ei=RT0RYN_WFoKSgQPbz7LYBw&ip=140.109.135.76&id=o-AFD5tLv9PxtSxubZUPRRz3gHXAIDPMIvwFSWMzBfxoC_&itag=251&source=youtube&requiressl=yes&mh=Pn&mm=31%2C29&mn=sn-5njj-u2xe%2Csn-un57sn7z&ms=au%2Crdu&mv=m&mvi=5&pl=16&gcr=tw&initcwndbps=681250&vprv=1&mime=audio%2Fwebm&ns=eg_VUAa08fblcmo7jqAxgpcF&gir=yes&clen=2746099&dur=142.681&lmt=1597491186205963&mt=1611742127&fvip=5&keepalive=yes&c=WEB&txp=2311222&n=sci4vi57ssoeLTqK8tSW&sparams=expire%2Cei%2Cip%2Cid%2Citag%2Csource%2Crequiressl%2Cgcr%2Cvprv%2Cmime%2Cns%2Cgir%2Cclen%2Cdur%2Clmt&lsparams=mh%2Cmm%2Cmn%2Cms%2Cmv%2Cmvi%2Cpl%2Cinitcwndbps&lsig=AG3C_xAwRgIhAP3tmy_taOQ0Ta1yo5IoOBZqsMHlkaw0aShZC6f7f6K3AiEAohnpnCw5SoZjS34WZPvP6WuGv-78dqR4inXTfLhrmi8%3D&sig=AOq0QJ8wRAIgT7drxJ7Y5pAabWtVjtRV8kXPZWvvzFJPz-xejsECZN0CIEaD_zD_h1kCP9hEulf5EYmVhkYCSg9FNqvRn9QOgjYV&ratebypass=yes", "player_url": "/s/player/c6df6ed7/player_ias.vflset/en_US/base.js", "ext": "webm", "format_note": "tiny", "acodec": "opus", "abr": 160, "asr": 48000, "filesize": 2746099, "fps": null, "height": null, "tbr": 165.826, "width": null, "vcodec": "none", "downloader_options": {"http_chunk_size": 10485760}, "format": "251 - audio only (tiny)", "protocol": "https", "http_headers": {"User-Agent": "Mozilla/5.0 (Windows NT 10.0; Win64; x64) AppleWebKit/537.36 (KHTML, like Gecko) Chrome/72.0.3626.25 Safari/537.36", "Accept-Charset": "ISO-8859-1,utf-8;q=0.7,*;q=0.7", "Accept": "text/html,application/xhtml+xml,application/xml;q=0.9,*/*;q=0.8", "Accept-Encoding": "gzip, deflate", "Accept-Language": "en-us,en;q=0.5"}}, {"format_id": "160", "url": "https://r5---sn-5njj-u2xe.googlevideo.com/videoplayback?expire=1611764133&ei=RT0RYN_WFoKSgQPbz7LYBw&ip=140.109.135.76&id=o-AFD5tLv9PxtSxubZUPRRz3gHXAIDPMIvwFSWMzBfxoC_&itag=160&aitags=133%2C134%2C135%2C136%2C137%2C160%2C242%2C243%2C244%2C247%2C248%2C278&source=youtube&requiressl=yes&mh=Pn&mm=31%2C29&mn=sn-5njj-u2xe%2Csn-un57sn7z&ms=au%2Crdu&mv=m&mvi=5&pl=16&gcr=tw&initcwndbps=681250&vprv=1&mime=video%2Fmp4&ns=eg_VUAa08fblcmo7jqAxgpcF&gir=yes&clen=189432&dur=142.640&lmt=1597491190215663&mt=1611742127&fvip=5&keepalive=yes&c=WEB&txp=2316222&n=sci4vi57ssoeLTqK8tSW&sparams=expire%2Cei%2Cip%2Cid%2Caitags%2Csource%2Crequiressl%2Cgcr%2Cvprv%2Cmime%2Cns%2Cgir%2Cclen%2Cdur%2Clmt&lsparams=mh%2Cmm%2Cmn%2Cms%2Cmv%2Cmvi%2Cpl%2Cinitcwndbps&lsig=AG3C_xAwRgIhAMEDp3BKwXJLyJVYULsIWm5SHfTfB3WtDvXaHZ4ivDWDAiEAliU7pEzF6OUYjeUFfOstDZuZituhdDs3pO5exTsMnZk%3D&sig=AOq0QJ8wRQIgDIPIzjX-wCglCs9cdlhVBBBlEIz6oeejsLEJaRFxxUkCIQCYtlUyP1AMHsO4cDhQHERNVebqK0S3DMTxW43kZGeVRw==&ratebypass=yes", "player_url": "/s/player/c6df6ed7/player_ias.vflset/en_US/base.js", "ext": "mp4", "height": 144, "format_note": "144p", "vcodec": "avc1.4d400b", "asr": null, "filesize": 189432, "fps": 25, "tbr": 12.26, "width": 144, "acodec": "none", "downloader_options": {"http_chunk_size": 10485760}, "format": "160 - 144x144 (144p)", "protocol": "https", "http_headers": {"User-Agent": "Mozilla/5.0 (Windows NT 10.0; Win64; x64) AppleWebKit/537.36 (KHTML, like Gecko) Chrome/72.0.3626.25 Safari/537.36", "Accept-Charset": "ISO-8859-1,utf-8;q=0.7,*;q=0.7", "Accept": "text/html,application/xhtml+xml,application/xml;q=0.9,*/*;q=0.8", "Accept-Encoding": "gzip, deflate", "Accept-Language": "en-us,en;q=0.5"}}, {"format_id": "278", "url": "https://r5---sn-5njj-u2xe.googlevideo.com/videoplayback?expire=1611764133&ei=RT0RYN_WFoKSgQPbz7LYBw&ip=140.109.135.76&id=o-AFD5tLv9PxtSxubZUPRRz3gHXAIDPMIvwFSWMzBfxoC_&itag=278&aitags=133%2C134%2C135%2C136%2C137%2C160%2C242%2C243%2C244%2C247%2C248%2C278&source=youtube&requiressl=yes&mh=Pn&mm=31%2C29&mn=sn-5njj-u2xe%2Csn-un57sn7z&ms=au%2Crdu&mv=m&mvi=5&pl=16&gcr=tw&initcwndbps=681250&vprv=1&mime=video%2Fwebm&ns=eg_VUAa08fblcmo7jqAxgpcF&gir=yes&clen=218210&dur=142.640&lmt=1597491190025190&mt=1611742127&fvip=5&keepalive=yes&c=WEB&txp=2316222&n=sci4vi57ssoeLTqK8tSW&sparams=expire%2Cei%2Cip%2Cid%2Caitags%2Csource%2Crequiressl%2Cgcr%2Cvprv%2Cmime%2Cns%2Cgir%2Cclen%2Cdur%2Clmt&lsparams=mh%2Cmm%2Cmn%2Cms%2Cmv%2Cmvi%2Cpl%2Cinitcwndbps&lsig=AG3C_xAwRQIhALFcXw3g5cHHtLgUbiB-XFFMZ5ivvaBA1eaXulNXnnxNAiBx580s5o18y0IRb2V6rRZP6KX7Il38l_CCxGrHLb1W7w%3D%3D&sig=AOq0QJ8wRQIhANvRwwaj0xmhSUBJyWDyADc_AVi0SxOyvafooseCwhp7AiBmVeUKwnw6SMJB4trtD9lagcRMBBCs-n2EBc8QJmTCLA==&ratebypass=yes", "player_url": "/s/player/c6df6ed7/player_ias.vflset/en_US/base.js", "ext": "webm", "height": 144, "format_note": "144p", "container": "webm", "vcodec": "vp9", "asr": null, "filesize": 218210, "fps": 25, "tbr": 13.226, "width": 144, "acodec": "none", "downloader_options": {"http_chunk_size": 10485760}, "format": "278 - 144x144 (144p)", "protocol": "https", "http_headers": {"User-Agent": "Mozilla/5.0 (Windows NT 10.0; Win64; x64) AppleWebKit/537.36 (KHTML, like Gecko) Chrome/72.0.3626.25 Safari/537.36", "Accept-Charset": "ISO-8859-1,utf-8;q=0.7,*;q=0.7", "Accept": "text/html,application/xhtml+xml,application/xml;q=0.9,*/*;q=0.8", "Accept-Encoding": "gzip, deflate", "Accept-Language": "en-us,en;q=0.5"}}, {"format_id": "242", "url": "https://r5---sn-5njj-u2xe.googlevideo.com/videoplayback?expire=1611764133&ei=RT0RYN_WFoKSgQPbz7LYBw&ip=140.109.135.76&id=o-AFD5tLv9PxtSxubZUPRRz3gHXAIDPMIvwFSWMzBfxoC_&itag=242&aitags=133%2C134%2C135%2C136%2C137%2C160%2C242%2C243%2C244%2C247%2C248%2C278&source=youtube&requiressl=yes&mh=Pn&mm=31%2C29&mn=sn-5njj-u2xe%2Csn-un57sn7z&ms=au%2Crdu&mv=m&mvi=5&pl=16&gcr=tw&initcwndbps=681250&vprv=1&mime=video%2Fwebm&ns=eg_VUAa08fblcmo7jqAxgpcF&gir=yes&clen=257360&dur=142.640&lmt=1597491190828286&mt=1611742127&fvip=5&keepalive=yes&c=WEB&txp=2316222&n=sci4vi57ssoeLTqK8tSW&sparams=expire%2Cei%2Cip%2Cid%2Caitags%2Csource%2Crequiressl%2Cgcr%2Cvprv%2Cmime%2Cns%2Cgir%2Cclen%2Cdur%2Clmt&lsparams=mh%2Cmm%2Cmn%2Cms%2Cmv%2Cmvi%2Cpl%2Cinitcwndbps&lsig=AG3C_xAwRgIhAIE9HMJyXO2fkDpfExfXWuEhOvK7V-OoaXx32EwrMEilAiEAmQn_6wjRS_qDw8EW1vWwG7LzIViOPhssptiEJpvHyKw%3D&sig=AOq0QJ8wRAIgReW2zW1mGYSq9iAS5LZ0V9NZK2Sufdgh-zCwkJ424qcCICk4Ek0ivsix6RqaP7BoXzqe2bNqHkl-j4BCZ7k00Jxo&ratebypass=yes", "player_url": "/s/player/c6df6ed7/player_ias.vflset/en_US/base.js", "ext": "webm", "height": 240, "format_note": "240p", "vcodec": "vp9", "asr": null, "filesize": 257360, "fps": 25, "tbr": 15.393, "width": 240, "acodec": "none", "downloader_options": {"http_chunk_size": 10485760}, "format": "242 - 240x240 (240p)", "protocol": "https", "http_headers": {"User-Agent": "Mozilla/5.0 (Windows NT 10.0; Win64; x64) AppleWebKit/537.36 (KHTML, like Gecko) Chrome/72.0.3626.25 Safari/537.36", "Accept-Charset": "ISO-8859-1,utf-8;q=0.7,*;q=0.7", "Accept": "text/html,application/xhtml+xml,application/xml;q=0.9,*/*;q=0.8", "Accept-Encoding": "gzip, deflate", "Accept-Language": "en-us,en;q=0.5"}}, {"format_id": "133", "url": "https://r5---sn-5njj-u2xe.googlevideo.com/videoplayback?expire=1611764133&ei=RT0RYN_WFoKSgQPbz7LYBw&ip=140.109.135.76&id=o-AFD5tLv9PxtSxubZUPRRz3gHXAIDPMIvwFSWMzBfxoC_&itag=133&aitags=133%2C134%2C135%2C136%2C137%2C160%2C242%2C243%2C244%2C247%2C248%2C278&source=youtube&requiressl=yes&mh=Pn&mm=31%2C29&mn=sn-5njj-u2xe%2Csn-un57sn7z&ms=au%2Crdu&mv=m&mvi=5&pl=16&gcr=tw&initcwndbps=681250&vprv=1&mime=video%2Fmp4&ns=eg_VUAa08fblcmo7jqAxgpcF&gir=yes&clen=270871&dur=142.640&lmt=1597491190216158&mt=1611742127&fvip=5&keepalive=yes&c=WEB&txp=2316222&n=sci4vi57ssoeLTqK8tSW&sparams=expire%2Cei%2Cip%2Cid%2Caitags%2Csource%2Crequiressl%2Cgcr%2Cvprv%2Cmime%2Cns%2Cgir%2Cclen%2Cdur%2Clmt&lsparams=mh%2Cmm%2Cmn%2Cms%2Cmv%2Cmvi%2Cpl%2Cinitcwndbps&lsig=AG3C_xAwRgIhAMNGdyuQpmb0CtPurUvnDsq0mwoDeXhXQNRi5j4ocFjjAiEA54-KLB-0z3jEZCb75aqaUdtGkdCv6UepaUOVfGqwBdI%3D&sig=AOq0QJ8wRgIhAJN4IEQVa8FjAtrHtAKPd7C0F7ftmRqKg9_GBEeP2678AiEAqh5O1lo5dn2iqD4FKXz_J4XFIKJa0O6sg9-WBZZhgf4=&ratebypass=yes", "player_url": "/s/player/c6df6ed7/player_ias.vflset/en_US/base.js", "ext": "mp4", "height": 240, "format_note": "240p", "vcodec": "avc1.4d400c", "asr": null, "filesize": 270871, "fps": 25, "tbr": 16.807, "width": 240, "acodec": "none", "downloader_options": {"http_chunk_size": 10485760}, "format": "133 - 240x240 (240p)", "protocol": "https", "http_headers": {"User-Agent": "Mozilla/5.0 (Windows NT 10.0; Win64; x64) AppleWebKit/537.36 (KHTML, like Gecko) Chrome/72.0.3626.25 Safari/537.36", "Accept-Charset": "ISO-8859-1,utf-8;q=0.7,*;q=0.7", "Accept": "text/html,application/xhtml+xml,application/xml;q=0.9,*/*;q=0.8", "Accept-Encoding": "gzip, deflate", "Accept-Language": "en-us,en;q=0.5"}}, {"format_id": "243", "url": "https://r5---sn-5njj-u2xe.googlevideo.com/videoplayback?expire=1611764133&ei=RT0RYN_WFoKSgQPbz7LYBw&ip=140.109.135.76&id=o-AFD5tLv9PxtSxubZUPRRz3gHXAIDPMIvwFSWMzBfxoC_&itag=243&aitags=133%2C134%2C135%2C136%2C137%2C160%2C242%2C243%2C244%2C247%2C248%2C278&source=youtube&requiressl=yes&mh=Pn&mm=31%2C29&mn=sn-5njj-u2xe%2Csn-un57sn7z&ms=au%2Crdu&mv=m&mvi=5&pl=16&gcr=tw&initcwndbps=681250&vprv=1&mime=video%2Fwebm&ns=eg_VUAa08fblcmo7jqAxgpcF&gir=yes&clen=316703&dur=142.640&lmt=1597491190024678&mt=1611742127&fvip=5&keepalive=yes&c=WEB&txp=2316222&n=sci4vi57ssoeLTqK8tSW&sparams=expire%2Cei%2Cip%2Cid%2Caitags%2Csource%2Crequiressl%2Cgcr%2Cvprv%2Cmime%2Cns%2Cgir%2Cclen%2Cdur%2Clmt&lsparams=mh%2Cmm%2Cmn%2Cms%2Cmv%2Cmvi%2Cpl%2Cinitcwndbps&lsig=AG3C_xAwRAIgFwF_4NCZkFGnaHaDa8vrlfmDSqOPh9a5PZn_3BGdGWcCIF46p-CFu48peuTMhhZg3m1cTVzZ_SzKPXHCNe7QTni5&sig=AOq0QJ8wRAIgJ5KQBLmGABBv7UlLORLNV_jf7DQGUrPX8upBPMHKIfECIHSPe4S-fBeQOBqp1gPD6oKgu3waYsjKoCcqt_tYAZ61&ratebypass=yes", "player_url": "/s/player/c6df6ed7/player_ias.vflset/en_US/base.js", "ext": "webm", "height": 360, "format_note": "360p", "vcodec": "vp9", "asr": null, "filesize": 316703, "fps": 25, "tbr": 18.856, "width": 360, "acodec": "none", "downloader_options": {"http_chunk_size": 10485760}, "format": "243 - 360x360 (360p)", "protocol": "https", "http_headers": {"User-Agent": "Mozilla/5.0 (Windows NT 10.0; Win64; x64) AppleWebKit/537.36 (KHTML, like Gecko) Chrome/72.0.3626.25 Safari/537.36", "Accept-Charset": "ISO-8859-1,utf-8;q=0.7,*;q=0.7", "Accept": "text/html,application/xhtml+xml,application/xml;q=0.9,*/*;q=0.8", "Accept-Encoding": "gzip, deflate", "Accept-Language": "en-us,en;q=0.5"}}, {"format_id": "244", "url": "https://r5---sn-5njj-u2xe.googlevideo.com/videoplayback?expire=1611764133&ei=RT0RYN_WFoKSgQPbz7LYBw&ip=140.109.135.76&id=o-AFD5tLv9PxtSxubZUPRRz3gHXAIDPMIvwFSWMzBfxoC_&itag=244&aitags=133%2C134%2C135%2C136%2C137%2C160%2C242%2C243%2C244%2C247%2C248%2C278&source=youtube&requiressl=yes&mh=Pn&mm=31%2C29&mn=sn-5njj-u2xe%2Csn-un57sn7z&ms=au%2Crdu&mv=m&mvi=5&pl=16&gcr=tw&initcwndbps=681250&vprv=1&mime=video%2Fwebm&ns=eg_VUAa08fblcmo7jqAxgpcF&gir=yes&clen=316520&dur=142.640&lmt=1597491190582079&mt=1611742127&fvip=5&keepalive=yes&c=WEB&txp=2316222&n=sci4vi57ssoeLTqK8tSW&sparams=expire%2Cei%2Cip%2Cid%2Caitags%2Csource%2Crequiressl%2Cgcr%2Cvprv%2Cmime%2Cns%2Cgir%2Cclen%2Cdur%2Clmt&lsparams=mh%2Cmm%2Cmn%2Cms%2Cmv%2Cmvi%2Cpl%2Cinitcwndbps&lsig=AG3C_xAwRAIgKl6hsCkzGy8Mk8FWb6oLXAEJSmsINUz8YYOwRKfJovcCIBjcLn2JuSeSm3RJ8bsb_OYnDc0BIP270oQl4f2p6QqX&sig=AOq0QJ8wRAIgGS_fWRfDpLgPeU-IIkTUX8gs4DscSD2L3iU9981tJQcCICWNo4vb2n8dNg9ve0KyV2Cvjdc0xG2fx2ipdUyhkAVx&ratebypass=yes", "player_url": "/s/player/c6df6ed7/player_ias.vflset/en_US/base.js", "ext": "webm", "height": 480, "format_note": "480p", "vcodec": "vp9", "asr": null, "filesize": 316520, "fps": 25, "tbr": 19.79, "width": 480, "acodec": "none", "downloader_options": {"http_chunk_size": 10485760}, "format": "244 - 480x480 (480p)", "protocol": "https", "http_headers": {"User-Agent": "Mozilla/5.0 (Windows NT 10.0; Win64; x64) AppleWebKit/537.36 (KHTML, like Gecko) Chrome/72.0.3626.25 Safari/537.36", "Accept-Charset": "ISO-8859-1,utf-8;q=0.7,*;q=0.7", "Accept": "text/html,application/xhtml+xml,application/xml;q=0.9,*/*;q=0.8", "Accept-Encoding": "gzip, deflate", "Accept-Language": "en-us,en;q=0.5"}}, {"format_id": "134", "url": "https://r5---sn-5njj-u2xe.googlevideo.com/videoplayback?expire=1611764133&ei=RT0RYN_WFoKSgQPbz7LYBw&ip=140.109.135.76&id=o-AFD5tLv9PxtSxubZUPRRz3gHXAIDPMIvwFSWMzBfxoC_&itag=134&aitags=133%2C134%2C135%2C136%2C137%2C160%2C242%2C243%2C244%2C247%2C248%2C278&source=youtube&requiressl=yes&mh=Pn&mm=31%2C29&mn=sn-5njj-u2xe%2Csn-un57sn7z&ms=au%2Crdu&mv=m&mvi=5&pl=16&gcr=tw&initcwndbps=681250&vprv=1&mime=video%2Fmp4&ns=eg_VUAa08fblcmo7jqAxgpcF&gir=yes&clen=414416&dur=142.640&lmt=1597491190220280&mt=1611742127&fvip=5&keepalive=yes&c=WEB&txp=2316222&n=sci4vi57ssoeLTqK8tSW&sparams=expire%2Cei%2Cip%2Cid%2Caitags%2Csource%2Crequiressl%2Cgcr%2Cvprv%2Cmime%2Cns%2Cgir%2Cclen%2Cdur%2Clmt&lsparams=mh%2Cmm%2Cmn%2Cms%2Cmv%2Cmvi%2Cpl%2Cinitcwndbps&lsig=AG3C_xAwRgIhAOFxoKgtYOWM6_NBQRp-Yd7M3nV4_1yMj-Isv-qhOaCFAiEAjvdzQ_YQz60c8dziELeoGpt6yxrMU-mezYGvNtKVrUY%3D&sig=AOq0QJ8wRQIgFVS7SEBt8WMQjRWOhfND5hwDMUp7v4338V9qLD-7ClcCIQDrQ36jg5RwZqQYAaf_K508ptqI11GnJcRVJmVtCSTT3A==&ratebypass=yes", "player_url": "/s/player/c6df6ed7/player_ias.vflset/en_US/base.js", "ext": "mp4", "height": 360, "format_note": "360p", "vcodec": "avc1.4d4015", "asr": null, "filesize": 414416, "fps": 25, "tbr": 25.834, "width": 360, "acodec": "none", "downloader_options": {"http_chunk_size": 10485760}, "format": "134 - 360x360 (360p)", "protocol": "https", "http_headers": {"User-Agent": "Mozilla/5.0 (Windows NT 10.0; Win64; x64) AppleWebKit/537.36 (KHTML, like Gecko) Chrome/72.0.3626.25 Safari/537.36", "Accept-Charset": "ISO-8859-1,utf-8;q=0.7,*;q=0.7", "Accept": "text/html,application/xhtml+xml,application/xml;q=0.9,*/*;q=0.8", "Accept-Encoding": "gzip, deflate", "Accept-Language": "en-us,en;q=0.5"}}, {"format_id": "247", "url": "https://r5---sn-5njj-u2xe.googlevideo.com/videoplayback?expire=1611764133&ei=RT0RYN_WFoKSgQPbz7LYBw&ip=140.109.135.76&id=o-AFD5tLv9PxtSxubZUPRRz3gHXAIDPMIvwFSWMzBfxoC_&itag=247&aitags=133%2C134%2C135%2C136%2C137%2C160%2C242%2C243%2C244%2C247%2C248%2C278&source=youtube&requiressl=yes&mh=Pn&mm=31%2C29&mn=sn-5njj-u2xe%2Csn-un57sn7z&ms=au%2Crdu&mv=m&mvi=5&pl=16&gcr=tw&initcwndbps=681250&vprv=1&mime=video%2Fwebm&ns=eg_VUAa08fblcmo7jqAxgpcF&gir=yes&clen=460134&dur=142.640&lmt=1597491190428920&mt=1611742127&fvip=5&keepalive=yes&c=WEB&txp=2316222&n=sci4vi57ssoeLTqK8tSW&sparams=expire%2Cei%2Cip%2Cid%2Caitags%2Csource%2Crequiressl%2Cgcr%2Cvprv%2Cmime%2Cns%2Cgir%2Cclen%2Cdur%2Clmt&lsparams=mh%2Cmm%2Cmn%2Cms%2Cmv%2Cmvi%2Cpl%2Cinitcwndbps&lsig=AG3C_xAwRgIhAJIL8XRGSx4WwVfhSBNhtYNnQrkkzfqm8PLB22kjUwhpAiEAjgLHADtmZ0XyImVhorq6lAUM3FZstsyDkASVkWk1qKQ%3D&sig=AOq0QJ8wRQIhAJdklVG7WBUKTS5TTs90ElOFHIxAMMzP0iGnDXH26Pb6AiA7sKLLOMhDE_zaY2OCOlevUBK-7jBtjEynrjYiNFcZjA==&ratebypass=yes", "player_url": "/s/player/c6df6ed7/player_ias.vflset/en_US/base.js", "ext": "webm", "height": 720, "format_note": "720p", "vcodec": "vp9", "asr": null, "filesize": 460134, "fps": 25, "tbr": 28.959, "width": 720, "acodec": "none", "downloader_options": {"http_chunk_size": 10485760}, "format": "247 - 720x720 (720p)", "protocol": "https", "http_headers": {"User-Agent": "Mozilla/5.0 (Windows NT 10.0; Win64; x64) AppleWebKit/537.36 (KHTML, like Gecko) Chrome/72.0.3626.25 Safari/537.36", "Accept-Charset": "ISO-8859-1,utf-8;q=0.7,*;q=0.7", "Accept": "text/html,application/xhtml+xml,application/xml;q=0.9,*/*;q=0.8", "Accept-Encoding": "gzip, deflate", "Accept-Language": "en-us,en;q=0.5"}}, {"format_id": "135", "url": "https://r5---sn-5njj-u2xe.googlevideo.com/videoplayback?expire=1611764133&ei=RT0RYN_WFoKSgQPbz7LYBw&ip=140.109.135.76&id=o-AFD5tLv9PxtSxubZUPRRz3gHXAIDPMIvwFSWMzBfxoC_&itag=135&aitags=133%2C134%2C135%2C136%2C137%2C160%2C242%2C243%2C244%2C247%2C248%2C278&source=youtube&requiressl=yes&mh=Pn&mm=31%2C29&mn=sn-5njj-u2xe%2Csn-un57sn7z&ms=au%2Crdu&mv=m&mvi=5&pl=16&gcr=tw&initcwndbps=681250&vprv=1&mime=video%2Fmp4&ns=eg_VUAa08fblcmo7jqAxgpcF&gir=yes&clen=527330&dur=142.640&lmt=1597491189944409&mt=1611742127&fvip=5&keepalive=yes&c=WEB&txp=2316222&n=sci4vi57ssoeLTqK8tSW&sparams=expire%2Cei%2Cip%2Cid%2Caitags%2Csource%2Crequiressl%2Cgcr%2Cvprv%2Cmime%2Cns%2Cgir%2Cclen%2Cdur%2Clmt&lsparams=mh%2Cmm%2Cmn%2Cms%2Cmv%2Cmvi%2Cpl%2Cinitcwndbps&lsig=AG3C_xAwRQIgeiEHKz7Cd0hArXABCyMFAZLHACbFWHBm-LZcFf2CyZwCIQCTY6aUYJUixpxIY4Iq2tbR9kLTDf6axqU9W1nowRZOtw%3D%3D&sig=AOq0QJ8wRAIgKEZqP1QC5bypIp32rAgRqJ_dvGdB03RNEaYjZ0Lv6BwCIDpym2WCm1ROLQe4eQwj4tJdTJSTrIiW-rSisaFTcJQz&ratebypass=yes", "player_url": "/s/player/c6df6ed7/player_ias.vflset/en_US/base.js", "ext": "mp4", "height": 480, "format_note": "480p", "vcodec": "avc1.4d401e", "asr": null, "filesize": 527330, "fps": 25, "tbr": 33.252, "width": 480, "acodec": "none", "downloader_options": {"http_chunk_size": 10485760}, "format": "135 - 480x480 (480p)", "protocol": "https", "http_headers": {"User-Agent": "Mozilla/5.0 (Windows NT 10.0; Win64; x64) AppleWebKit/537.36 (KHTML, like Gecko) Chrome/72.0.3626.25 Safari/537.36", "Accept-Charset": "ISO-8859-1,utf-8;q=0.7,*;q=0.7", "Accept": "text/html,application/xhtml+xml,application/xml;q=0.9,*/*;q=0.8", "Accept-Encoding": "gzip, deflate", "Accept-Language": "en-us,en;q=0.5"}}, {"format_id": "136", "url": "https://r5---sn-5njj-u2xe.googlevideo.com/videoplayback?expire=1611764133&ei=RT0RYN_WFoKSgQPbz7LYBw&ip=140.109.135.76&id=o-AFD5tLv9PxtSxubZUPRRz3gHXAIDPMIvwFSWMzBfxoC_&itag=136&aitags=133%2C134%2C135%2C136%2C137%2C160%2C242%2C243%2C244%2C247%2C248%2C278&source=youtube&requiressl=yes&mh=Pn&mm=31%2C29&mn=sn-5njj-u2xe%2Csn-un57sn7z&ms=au%2Crdu&mv=m&mvi=5&pl=16&gcr=tw&initcwndbps=681250&vprv=1&mime=video%2Fmp4&ns=eg_VUAa08fblcmo7jqAxgpcF&gir=yes&clen=782611&dur=142.640&lmt=1597491191321354&mt=1611742127&fvip=5&keepalive=yes&c=WEB&txp=2316222&n=sci4vi57ssoeLTqK8tSW&sparams=expire%2Cei%2Cip%2Cid%2Caitags%2Csource%2Crequiressl%2Cgcr%2Cvprv%2Cmime%2Cns%2Cgir%2Cclen%2Cdur%2Clmt&lsparams=mh%2Cmm%2Cmn%2Cms%2Cmv%2Cmvi%2Cpl%2Cinitcwndbps&lsig=AG3C_xAwRQIhAMLl1OQ0vlD5nl2E4RY7APILIo1-S6FfGVDyKH5ZhXYrAiBzoBy4lHnmrSll_qX-hmpGlBuZVgMl2z31KyEUPTYoBA%3D%3D&sig=AOq0QJ8wRAIga1zUEjqBOKdcc18l9kolcKAEalLbcTj6DI6bNDIwy-gCIBWChWfpQtcGWmOZTcJaPgjIVahYATl33NSenD33mZk3&ratebypass=yes", "player_url": "/s/player/c6df6ed7/player_ias.vflset/en_US/base.js", "ext": "mp4", "height": 720, "format_note": "720p", "vcodec": "avc1.64001f", "asr": null, "filesize": 782611, "fps": 25, "tbr": 49.547, "width": 720, "acodec": "none", "downloader_options": {"http_chunk_size": 10485760}, "format": "136 - 720x720 (720p)", "protocol": "https", "http_headers": {"User-Agent": "Mozilla/5.0 (Windows NT 10.0; Win64; x64) AppleWebKit/537.36 (KHTML, like Gecko) Chrome/72.0.3626.25 Safari/537.36", "Accept-Charset": "ISO-8859-1,utf-8;q=0.7,*;q=0.7", "Accept": "text/html,application/xhtml+xml,application/xml;q=0.9,*/*;q=0.8", "Accept-Encoding": "gzip, deflate", "Accept-Language": "en-us,en;q=0.5"}}, {"format_id": "248", "url": "https://r5---sn-5njj-u2xe.googlevideo.com/videoplayback?expire=1611764133&ei=RT0RYN_WFoKSgQPbz7LYBw&ip=140.109.135.76&id=o-AFD5tLv9PxtSxubZUPRRz3gHXAIDPMIvwFSWMzBfxoC_&itag=248&aitags=133%2C134%2C135%2C136%2C137%2C160%2C242%2C243%2C244%2C247%2C248%2C278&source=youtube&requiressl=yes&mh=Pn&mm=31%2C29&mn=sn-5njj-u2xe%2Csn-un57sn7z&ms=au%2Crdu&mv=m&mvi=5&pl=16&gcr=tw&initcwndbps=681250&vprv=1&mime=video%2Fwebm&ns=eg_VUAa08fblcmo7jqAxgpcF&gir=yes&clen=873194&dur=142.640&lmt=1597491190514823&mt=1611742127&fvip=5&keepalive=yes&c=WEB&txp=2316222&n=sci4vi57ssoeLTqK8tSW&sparams=expire%2Cei%2Cip%2Cid%2Caitags%2Csource%2Crequiressl%2Cgcr%2Cvprv%2Cmime%2Cns%2Cgir%2Cclen%2Cdur%2Clmt&lsparams=mh%2Cmm%2Cmn%2Cms%2Cmv%2Cmvi%2Cpl%2Cinitcwndbps&lsig=AG3C_xAwRgIhANzt3_k8rqkdxjC2Y-tl8Go2tHwSXxkPGW-qdz9NZVklAiEA3TL5q4Xv2s47bK_Whki8rBvRKw1VoTmTOJLEYeGuv4Y%3D&sig=AOq0QJ8wRgIhAKrlrwhSq1xhFkZwlQuBISJZwc3novhUeTb7IVEirQvsAiEAsW0z0PnS2WELeDJK-isiS4UlRzKvFVmQsFEnqrRqXdc=&ratebypass=yes", "player_url": "/s/player/c6df6ed7/player_ias.vflset/en_US/base.js", "ext": "webm", "height": 1080, "format_note": "1080p", "vcodec": "vp9", "asr": null, "filesize": 873194, "fps": 25, "tbr": 54.034, "width": 1080, "acodec": "none", "downloader_options": {"http_chunk_size": 10485760}, "format": "248 - 1080x1080 (1080p)", "protocol": "https", "http_headers": {"User-Agent": "Mozilla/5.0 (Windows NT 10.0; Win64; x64) AppleWebKit/537.36 (KHTML, like Gecko) Chrome/72.0.3626.25 Safari/537.36", "Accept-Charset": "ISO-8859-1,utf-8;q=0.7,*;q=0.7", "Accept": "text/html,application/xhtml+xml,application/xml;q=0.9,*/*;q=0.8", "Accept-Encoding": "gzip, deflate", "Accept-Language": "en-us,en;q=0.5"}}, {"format_id": "137", "url": "https://r5---sn-5njj-u2xe.googlevideo.com/videoplayback?expire=1611764133&ei=RT0RYN_WFoKSgQPbz7LYBw&ip=140.109.135.76&id=o-AFD5tLv9PxtSxubZUPRRz3gHXAIDPMIvwFSWMzBfxoC_&itag=137&aitags=133%2C134%2C135%2C136%2C137%2C160%2C242%2C243%2C244%2C247%2C248%2C278&source=youtube&requiressl=yes&mh=Pn&mm=31%2C29&mn=sn-5njj-u2xe%2Csn-un57sn7z&ms=au%2Crdu&mv=m&mvi=5&pl=16&gcr=tw&initcwndbps=681250&vprv=1&mime=video%2Fmp4&ns=eg_VUAa08fblcmo7jqAxgpcF&gir=yes&clen=1326167&dur=142.640&lmt=1597491190511903&mt=1611742127&fvip=5&keepalive=yes&c=WEB&txp=2316222&n=sci4vi57ssoeLTqK8tSW&sparams=expire%2Cei%2Cip%2Cid%2Caitags%2Csource%2Crequiressl%2Cgcr%2Cvprv%2Cmime%2Cns%2Cgir%2Cclen%2Cdur%2Clmt&lsparams=mh%2Cmm%2Cmn%2Cms%2Cmv%2Cmvi%2Cpl%2Cinitcwndbps&lsig=AG3C_xAwRAIgJj227yjgdIWfiZ-ZZbH-Tv9DzkY3DEXEG-BVuMGiGr4CIEomVFqyPYZ7CYCAUEnM1okMcQJA5MezCFgw6oNDajEg&sig=AOq0QJ8wRgIhAIop4jHwFT29yOTBwBVKBiPZp8YR26DPKi7zrCNL_yBTAiEA8DIFZ1Ss0jog1whAIjgsPrd6Sb4DOw7bSE-XkBLPCHo=&ratebypass=yes", "player_url": "/s/player/c6df6ed7/player_ias.vflset/en_US/base.js", "ext": "mp4", "height": 1080, "format_note": "1080p", "vcodec": "avc1.640020", "asr": null, "filesize": 1326167, "fps": 25, "tbr": 84.149, "width": 1080, "acodec": "none", "downloader_options": {"http_chunk_size": 10485760}, "format": "137 - 1080x1080 (1080p)", "protocol": "https", "http_headers": {"User-Agent": "Mozilla/5.0 (Windows NT 10.0; Win64; x64) AppleWebKit/537.36 (KHTML, like Gecko) Chrome/72.0.3626.25 Safari/537.36", "Accept-Charset": "ISO-8859-1,utf-8;q=0.7,*;q=0.7", "Accept": "text/html,application/xhtml+xml,application/xml;q=0.9,*/*;q=0.8", "Accept-Encoding": "gzip, deflate", "Accept-Language": "en-us,en;q=0.5"}}, {"format_id": "18", "url": "https://r5---sn-5njj-u2xe.googlevideo.com/videoplayback?expire=1611764133&ei=RT0RYN_WFoKSgQPbz7LYBw&ip=140.109.135.76&id=o-AFD5tLv9PxtSxubZUPRRz3gHXAIDPMIvwFSWMzBfxoC_&itag=18&source=youtube&requiressl=yes&mh=Pn&mm=31%2C29&mn=sn-5njj-u2xe%2Csn-un57sn7z&ms=au%2Crdu&mv=m&mvi=5&pl=16&gcr=tw&initcwndbps=681250&vprv=1&mime=video%2Fmp4&ns=9u7zdiG_uoRQZaGxyFtsIPMF&gir=yes&clen=2169052&ratebypass=yes&dur=142.709&lmt=1597491190911434&mt=1611742127&fvip=5&c=WEB&txp=2316222&n=vKC_QKubm4hLhvOSOBDP&sparams=expire%2Cei%2Cip%2Cid%2Citag%2Csource%2Crequiressl%2Cgcr%2Cvprv%2Cmime%2Cns%2Cgir%2Cclen%2Cratebypass%2Cdur%2Clmt&lsparams=mh%2Cmm%2Cmn%2Cms%2Cmv%2Cmvi%2Cpl%2Cinitcwndbps&lsig=AG3C_xAwRQIgFWwwjyOABhvT_zVHMOb-LxDY8daJxfzajQRYNYJXCA0CIQCdlJnWxRxohurp2X69VwzyOFYP9zWSbmuPvlMtbgdPVQ%3D%3D&sig=AOq0QJ8wRgIhAMi_q-Z-T7OcA6G0MHJ5QAizqKH3ralfIBdI4_GkmiO7AiEArposeXrxmz0VAE8zTlEcheEdJtUv-l_9q88M8cJCJ0Y=", "player_url": "/s/player/c6df6ed7/player_ias.vflset/en_US/base.js", "ext": "mp4", "width": 360, "height": 360, "acodec": "mp4a.40.2", "abr": 96, "vcodec": "avc1.42001E", "asr": 44100, "filesize": 2169052, "format_note": "360p", "fps": 25, "tbr": 121.651, "format": "18 - 360x360 (360p)", "protocol": "https", "http_headers": {"User-Agent": "Mozilla/5.0 (Windows NT 10.0; Win64; x64) AppleWebKit/537.36 (KHTML, like Gecko) Chrome/72.0.3626.25 Safari/537.36", "Accept-Charset": "ISO-8859-1,utf-8;q=0.7,*;q=0.7", "Accept": "text/html,application/xhtml+xml,application/xml;q=0.9,*/*;q=0.8", "Accept-Encoding": "gzip, deflate", "Accept-Language": "en-us,en;q=0.5"}}], "is_live": null, "start_time": null, "end_time": null, "series": null, "season_number": null, "episode_number": null, "track": "Young and Beautiful", "artist": "Pianoholic", "album": "Piano Essentials, Vol. 5", "release_date": "20191205", "release_year": 2019, "extractor": "youtube", "webpage_url_basename": "watch", "extractor_key": "Youtube", "playlist": null, "playlist_index": null, "thumbnail": "https://i.ytimg.com/vi_webp/0c2dTJTDUR4/maxresdefault.webp", "display_id": "0c2dTJTDUR4", "requested_subtitles": null, "format_id": "251", "url": "https://r5---sn-5njj-u2xe.googlevideo.com/videoplayback?expire=1611764133&ei=RT0RYN_WFoKSgQPbz7LYBw&ip=140.109.135.76&id=o-AFD5tLv9PxtSxubZUPRRz3gHXAIDPMIvwFSWMzBfxoC_&itag=251&source=youtube&requiressl=yes&mh=Pn&mm=31%2C29&mn=sn-5njj-u2xe%2Csn-un57sn7z&ms=au%2Crdu&mv=m&mvi=5&pl=16&gcr=tw&initcwndbps=681250&vprv=1&mime=audio%2Fwebm&ns=eg_VUAa08fblcmo7jqAxgpcF&gir=yes&clen=2746099&dur=142.681&lmt=1597491186205963&mt=1611742127&fvip=5&keepalive=yes&c=WEB&txp=2311222&n=sci4vi57ssoeLTqK8tSW&sparams=expire%2Cei%2Cip%2Cid%2Citag%2Csource%2Crequiressl%2Cgcr%2Cvprv%2Cmime%2Cns%2Cgir%2Cclen%2Cdur%2Clmt&lsparams=mh%2Cmm%2Cmn%2Cms%2Cmv%2Cmvi%2Cpl%2Cinitcwndbps&lsig=AG3C_xAwRgIhAP3tmy_taOQ0Ta1yo5IoOBZqsMHlkaw0aShZC6f7f6K3AiEAohnpnCw5SoZjS34WZPvP6WuGv-78dqR4inXTfLhrmi8%3D&sig=AOq0QJ8wRAIgT7drxJ7Y5pAabWtVjtRV8kXPZWvvzFJPz-xejsECZN0CIEaD_zD_h1kCP9hEulf5EYmVhkYCSg9FNqvRn9QOgjYV&ratebypass=yes", "player_url": "/s/player/c6df6ed7/player_ias.vflset/en_US/base.js", "ext": "webm", "format_note": "tiny", "acodec": "opus", "abr": 160, "asr": 48000, "filesize": 2746099, "fps": null, "height": null, "tbr": 165.826, "width": null, "vcodec": "none", "downloader_options": {"http_chunk_size": 10485760}, "format": "251 - audio only (tiny)", "protocol": "https", "http_headers": {"User-Agent": "Mozilla/5.0 (Windows NT 10.0; Win64; x64) AppleWebKit/537.36 (KHTML, like Gecko) Chrome/72.0.3626.25 Safari/537.36", "Accept-Charset": "ISO-8859-1,utf-8;q=0.7,*;q=0.7", "Accept": "text/html,application/xhtml+xml,application/xml;q=0.9,*/*;q=0.8", "Accept-Encoding": "gzip, deflate", "Accept-Language": "en-us,en;q=0.5"}}