{"id": "1A9Hh2GrDTs", "uploader": "Ilya Beshevli - Topic", "uploader_id": "UCKXAl4WSXaaOwlu5dDz_8rw", "uploader_url": "http://www.youtube.com/channel/UCKXAl4WSXaaOwlu5dDz_8rw", "channel_id": "UCKXAl4WSXaaOwlu5dDz_8rw", "channel_url": "http://www.youtube.com/channel/UCKXAl4WSXaaOwlu5dDz_8rw", "upload_date": "20160922", "license": null, "creator": "Ilya Beshevli", "title": "Bird in Captivity", "alt_title": "Bird in Captivity", "thumbnails": [{"url": "https://i.ytimg.com/vi/1A9Hh2GrDTs/hqdefault.jpg?sqp=-oaymwEYCKgBEF5IVfKriqkDCwgBFQAAiEIYAXAB&rs=AOn4CLDlY_jkDBdojcFvTr-eXPyl84M3WQ", "width": 168, "height": 94, "resolution": "168x94", "id": "0"}, {"url": "https://i.ytimg.com/vi/1A9Hh2GrDTs/hqdefault.jpg?sqp=-oaymwEYCMQBEG5IVfKriqkDCwgBFQAAiEIYAXAB&rs=AOn4CLDAnshR8v57J-m5gwmjlxcbrrCKNw", "width": 196, "height": 110, "resolution": "196x110", "id": "1"}, {"url": "https://i.ytimg.com/vi/1A9Hh2GrDTs/hqdefault.jpg?sqp=-oaymwEZCPYBEIoBSFXyq4qpAwsIARUAAIhCGAFwAQ==&rs=AOn4CLBAJuo1etPx95CnN_fG0g5w0sJzBg", "width": 246, "height": 138, "resolution": "246x138", "id": "2"}, {"url": "https://i.ytimg.com/vi/1A9Hh2GrDTs/hqdefault.jpg?sqp=-oaymwEZCNACELwBSFXyq4qpAwsIARUAAIhCGAFwAQ==&rs=AOn4CLAxwg6Z31AzrayC0Sq9nSZS3M_1oA", "width": 336, "height": 188, "resolution": "336x188", "id": "3"}, {"url": "https://i.ytimg.com/vi_webp/1A9Hh2GrDTs/maxresdefault.webp", "width": 1920, "height": 1080, "resolution": "1920x1080", "id": "4"}], "description": "Provided to YouTube by Redeye Worldwide\n\nBird in Captivity \u00b7 Ilya Beshevli\n\nWanderer (Deluxe Edition)\n\n\u2117 Village Green\n\nReleased on: 2016-09-23\n\nComposer: Ilya Beshevli\nMusic  Publisher: Village Green\n\nAuto-generated by YouTube.", "categories": ["Music"], "tags": ["Ilya Beshevli", "Wanderer (Deluxe Edition)", "Bird in Captivity"], "subtitles": {}, "automatic_captions": {}, "duration": 159, "age_limit": 0, "annotations": null, "chapters": null, "webpage_url": "https://www.youtube.com/watch?v=1A9Hh2GrDTs", "view_count": 2040, "like_count": 43, "dislike_count": 2, "average_rating": 4.909091, "formats": [{"format_id": "249", "url": "https://r5---sn-5njj-u2xl.googlevideo.com/videoplayback?expire=1611764226&ei=oj0RYOGMA87vgQOUyLO4DA&ip=140.109.135.76&id=o-AGx4PlNZ-vYjmaxhhEDtsHaxrgY2BE0UECAIGFoALexJ&itag=249&source=youtube&requiressl=yes&mh=P_&mm=31%2C29&mn=sn-5njj-u2xl%2Csn-un57sn76&ms=au%2Crdu&mv=m&mvi=5&pl=16&gcr=tw&initcwndbps=546250&vprv=1&mime=audio%2Fwebm&ns=NDqhKMkT6KF_kvTgd-IEsZQF&gir=yes&clen=1180035&dur=158.881&lmt=1604255467032056&mt=1611742362&fvip=5&keepalive=yes&c=WEB&txp=5431432&n=kMwEvBgIwfpnuz1LJQCm&sparams=expire%2Cei%2Cip%2Cid%2Citag%2Csource%2Crequiressl%2Cgcr%2Cvprv%2Cmime%2Cns%2Cgir%2Cclen%2Cdur%2Clmt&lsparams=mh%2Cmm%2Cmn%2Cms%2Cmv%2Cmvi%2Cpl%2Cinitcwndbps&lsig=AG3C_xAwRgIhAPpgCRo15VQpjzQbVCursKyy3xIA2KeKI_FGE6wTTueAAiEA1WJyBvEDo2JG3xoE3aUg05TF4lG2tOB9gpkrSDdb6x4%3D&sig=AOq0QJ8wRQIgN7-ay462TcPP0LNhHRN6A18ytFqZ682xHWBTO6Rwl8sCIQDurA1Sh1g-rsy1cWjguOQ5fscTGMSVku6nT59k6AOWig==&ratebypass=yes", "player_url": "/s/player/c6df6ed7/player_ias.vflset/en_US/base.js", "ext": "webm", "format_note": "tiny", "acodec": "opus", "abr": 50, "asr": 48000, "filesize": 1180035, "fps": null, "height": null, "tbr": 63.655, "width": null, "vcodec": "none", "downloader_options": {"http_chunk_size": 10485760}, "format": "249 - audio only (tiny)", "protocol": "https", "http_headers": {"User-Agent": "Mozilla/5.0 (Windows NT 10.0; Win64; x64) AppleWebKit/537.36 (KHTML, like Gecko) Chrome/72.0.3626.25 Safari/537.36", "Accept-Charset": "ISO-8859-1,utf-8;q=0.7,*;q=0.7", "Accept": "text/html,application/xhtml+xml,application/xml;q=0.9,*/*;q=0.8", "Accept-Encoding": "gzip, deflate", "Accept-Language": "en-us,en;q=0.5"}}, {"format_id": "250", "url": "https://r5---sn-5njj-u2xl.googlevideo.com/videoplayback?expire=1611764226&ei=oj0RYOGMA87vgQOUyLO4DA&ip=140.109.135.76&id=o-AGx4PlNZ-vYjmaxhhEDtsHaxrgY2BE0UECAIGFoALexJ&itag=250&source=youtube&requiressl=yes&mh=P_&mm=31%2C29&mn=sn-5njj-u2xl%2Csn-un57sn76&ms=au%2Crdu&mv=m&mvi=5&pl=16&gcr=tw&initcwndbps=546250&vprv=1&mime=audio%2Fwebm&ns=NDqhKMkT6KF_kvTgd-IEsZQF&gir=yes&clen=1548755&dur=158.881&lmt=1604255470736574&mt=1611742362&fvip=5&keepalive=yes&c=WEB&txp=5431432&n=kMwEvBgIwfpnuz1LJQCm&sparams=expire%2Cei%2Cip%2Cid%2Citag%2Csource%2Crequiressl%2Cgcr%2Cvprv%2Cmime%2Cns%2Cgir%2Cclen%2Cdur%2Clmt&lsparams=mh%2Cmm%2Cmn%2Cms%2Cmv%2Cmvi%2Cpl%2Cinitcwndbps&lsig=AG3C_xAwRAIgX7sDLcL9RbPTkFdFdiwMMNVSUWngXFSIo6YR0IpXwqgCIF1hzTBAzQ0f0lD5EGQK8YewynTNHEcFD9lweapyUiln&sig=AOq0QJ8wRQIgPBtDKChFLnEBa0s7FhVv9mLdnzFddpijyuD3zjAN7IQCIQCZfBY9BhN15Ne1r3xf1h_drBrKJ7LfZeh2zlWyTByGIQ==&ratebypass=yes", "player_url": "/s/player/c6df6ed7/player_ias.vflset/en_US/base.js", "ext": "webm", "format_note": "tiny", "acodec": "opus", "abr": 70, "asr": 48000, "filesize": 1548755, "fps": null, "height": null, "tbr": 82.736, "width": null, "vcodec": "none", "downloader_options": {"http_chunk_size": 10485760}, "format": "250 - audio only (tiny)", "protocol": "https", "http_headers": {"User-Agent": "Mozilla/5.0 (Windows NT 10.0; Win64; x64) AppleWebKit/537.36 (KHTML, like Gecko) Chrome/72.0.3626.25 Safari/537.36", "Accept-Charset": "ISO-8859-1,utf-8;q=0.7,*;q=0.7", "Accept": "text/html,application/xhtml+xml,application/xml;q=0.9,*/*;q=0.8", "Accept-Encoding": "gzip, deflate", "Accept-Language": "en-us,en;q=0.5"}}, {"format_id": "140", "url": "https://r5---sn-5njj-u2xl.googlevideo.com/videoplayback?expire=1611764226&ei=oj0RYOGMA87vgQOUyLO4DA&ip=140.109.135.76&id=o-AGx4PlNZ-vYjmaxhhEDtsHaxrgY2BE0UECAIGFoALexJ&itag=140&source=youtube&requiressl=yes&mh=P_&mm=31%2C29&mn=sn-5njj-u2xl%2Csn-un57sn76&ms=au%2Crdu&mv=m&mvi=5&pl=16&gcr=tw&initcwndbps=546250&vprv=1&mime=audio%2Fmp4&ns=NDqhKMkT6KF_kvTgd-IEsZQF&gir=yes&clen=2574346&dur=158.866&lmt=1604255467003111&mt=1611742362&fvip=5&keepalive=yes&c=WEB&txp=5431432&n=kMwEvBgIwfpnuz1LJQCm&sparams=expire%2Cei%2Cip%2Cid%2Citag%2Csource%2Crequiressl%2Cgcr%2Cvprv%2Cmime%2Cns%2Cgir%2Cclen%2Cdur%2Clmt&lsparams=mh%2Cmm%2Cmn%2Cms%2Cmv%2Cmvi%2Cpl%2Cinitcwndbps&lsig=AG3C_xAwRQIgND7UjHl8iZgrvbBCPlRkAEYR5XZNiw2iEJJERXCZFJ4CIQDWSDXQSdZytzm60I7FAe9T8n02Y1md7rw8Yl1sMmVjlA%3D%3D&sig=AOq0QJ8wRQIgQmmEccP0MK8eqpFMWZzB-NQ7Enxa-rxbUCXNPwMMUhgCIQD3pz_nwDX_WzMi81oYRRoGNHBdiwEZuIa096nCsaiw4w==&ratebypass=yes", "player_url": "/s/player/c6df6ed7/player_ias.vflset/en_US/base.js", "ext": "m4a", "format_note": "tiny", "acodec": "mp4a.40.2", "abr": 128, "container": "m4a_dash", "asr": 44100, "filesize": 2574346, "fps": null, "height": null, "tbr": 130.87, "width": null, "vcodec": "none", "downloader_options": {"http_chunk_size": 10485760}, "format": "140 - audio only (tiny)", "protocol": "https", "http_headers": {"User-Agent": "Mozilla/5.0 (Windows NT 10.0; Win64; x64) AppleWebKit/537.36 (KHTML, like Gecko) Chrome/72.0.3626.25 Safari/537.36", "Accept-Charset": "ISO-8859-1,utf-8;q=0.7,*;q=0.7", "Accept": "text/html,application/xhtml+xml,application/xml;q=0.9,*/*;q=0.8", "Accept-Encoding": "gzip, deflate", "Accept-Language": "en-us,en;q=0.5"}}, {"format_id": "251", "url": "https://r5---sn-5njj-u2xl.googlevideo.com/videoplayback?expire=1611764226&ei=oj0RYOGMA87vgQOUyLO4DA&ip=140.109.135.76&id=o-AGx4PlNZ-vYjmaxhhEDtsHaxrgY2BE0UECAIGFoALexJ&itag=251&source=youtube&requiressl=yes&mh=P_&mm=31%2C29&mn=sn-5njj-u2xl%2Csn-un57sn76&ms=au%2Crdu&mv=m&mvi=5&pl=16&gcr=tw&initcwndbps=546250&vprv=1&mime=audio%2Fwebm&ns=NDqhKMkT6KF_kvTgd-IEsZQF&gir=yes&clen=3019681&dur=158.881&lmt=1604255474596364&mt=1611742362&fvip=5&keepalive=yes&c=WEB&txp=5431432&n=kMwEvBgIwfpnuz1LJQCm&sparams=expire%2Cei%2Cip%2Cid%2Citag%2Csource%2Crequiressl%2Cgcr%2Cvprv%2Cmime%2Cns%2Cgir%2Cclen%2Cdur%2Clmt&lsparams=mh%2Cmm%2Cmn%2Cms%2Cmv%2Cmvi%2Cpl%2Cinitcwndbps&lsig=AG3C_xAwRQIhAKN3Fi1WAZwtvRj_rfbKR_M6e0eo1ltyr9k0MH9wg9dAAiBXz5qJTwoDsUqhfLnB5G7a1iZvSy3Pu-NLC-L3rV2IOA%3D%3D&sig=AOq0QJ8wRAIgDc6tjoJoaZQ1JEkvrXeWX5d6FT0fwz_3LH3xkutxM2oCIF2z6L4fHGw0B-UCoJQ2FOwnVvo1iZ55PRa6HIKv-etH&ratebypass=yes", "player_url": "/s/player/c6df6ed7/player_ias.vflset/en_US/base.js", "ext": "webm", "format_note": "tiny", "acodec": "opus", "abr": 160, "asr": 48000, "filesize": 3019681, "fps": null, "height": null, "tbr": 159.173, "width": null, "vcodec": "none", "downloader_options": {"http_chunk_size": 10485760}, "format": "251 - audio only (tiny)", "protocol": "https", "http_headers": {"User-Agent": "Mozilla/5.0 (Windows NT 10.0; Win64; x64) AppleWebKit/537.36 (KHTML, like Gecko) Chrome/72.0.3626.25 Safari/537.36", "Accept-Charset": "ISO-8859-1,utf-8;q=0.7,*;q=0.7", "Accept": "text/html,application/xhtml+xml,application/xml;q=0.9,*/*;q=0.8", "Accept-Encoding": "gzip, deflate", "Accept-Language": "en-us,en;q=0.5"}}, {"format_id": "160", "url": "https://r5---sn-5njj-u2xl.googlevideo.com/videoplayback?expire=1611764226&ei=oj0RYOGMA87vgQOUyLO4DA&ip=140.109.135.76&id=o-AGx4PlNZ-vYjmaxhhEDtsHaxrgY2BE0UECAIGFoALexJ&itag=160&aitags=133%2C134%2C135%2C136%2C137%2C160%2C242%2C243%2C244%2C247%2C248%2C278&source=youtube&requiressl=yes&mh=P_&mm=31%2C29&mn=sn-5njj-u2xl%2Csn-un57sn76&ms=au%2Crdu&mv=m&mvi=5&pl=16&gcr=tw&initcwndbps=546250&vprv=1&mime=video%2Fmp4&ns=NDqhKMkT6KF_kvTgd-IEsZQF&gir=yes&clen=142719&dur=158.840&lmt=1604255484057121&mt=1611742362&fvip=5&keepalive=yes&c=WEB&txp=5432432&n=kMwEvBgIwfpnuz1LJQCm&sparams=expire%2Cei%2Cip%2Cid%2Caitags%2Csource%2Crequiressl%2Cgcr%2Cvprv%2Cmime%2Cns%2Cgir%2Cclen%2Cdur%2Clmt&lsparams=mh%2Cmm%2Cmn%2Cms%2Cmv%2Cmvi%2Cpl%2Cinitcwndbps&lsig=AG3C_xAwRAIgDqDfC2QfxnOqg-tdxPaob87MPOpoNDg1Y6Co0lzOR4cCIBpKh_v7eOGgu1rg3ideasdACrXfF0r5nffDDgOa_8sT&sig=AOq0QJ8wRAIgF6Uaqip_supSZ68STeNal71M9pggZaoFHI3BCE7d1YwCIDWGSmlAkQTiRjtwpZE3-NzQJx46tj5Anm6C2sXvjK0C&ratebypass=yes", "player_url": "/s/player/c6df6ed7/player_ias.vflset/en_US/base.js", "ext": "mp4", "height": 144, "format_note": "144p", "vcodec": "avc1.4d400b", "asr": null, "filesize": 142719, "fps": 25, "tbr": 8.942, "width": 144, "acodec": "none", "downloader_options": {"http_chunk_size": 10485760}, "format": "160 - 144x144 (144p)", "protocol": "https", "http_headers": {"User-Agent": "Mozilla/5.0 (Windows NT 10.0; Win64; x64) AppleWebKit/537.36 (KHTML, like Gecko) Chrome/72.0.3626.25 Safari/537.36", "Accept-Charset": "ISO-8859-1,utf-8;q=0.7,*;q=0.7", "Accept": "text/html,application/xhtml+xml,application/xml;q=0.9,*/*;q=0.8", "Accept-Encoding": "gzip, deflate", "Accept-Language": "en-us,en;q=0.5"}}, {"format_id": "133", "url": "https://r5---sn-5njj-u2xl.googlevideo.com/videoplayback?expire=1611764226&ei=oj0RYOGMA87vgQOUyLO4DA&ip=140.109.135.76&id=o-AGx4PlNZ-vYjmaxhhEDtsHaxrgY2BE0UECAIGFoALexJ&itag=133&aitags=133%2C134%2C135%2C136%2C137%2C160%2C242%2C243%2C244%2C247%2C248%2C278&source=youtube&requiressl=yes&mh=P_&mm=31%2C29&mn=sn-5njj-u2xl%2Csn-un57sn76&ms=au%2Crdu&mv=m&mvi=5&pl=16&gcr=tw&initcwndbps=546250&vprv=1&mime=video%2Fmp4&ns=NDqhKMkT6KF_kvTgd-IEsZQF&gir=yes&clen=194080&dur=158.840&lmt=1604255478546812&mt=1611742362&fvip=5&keepalive=yes&c=WEB&txp=5432432&n=kMwEvBgIwfpnuz1LJQCm&sparams=expire%2Cei%2Cip%2Cid%2Caitags%2Csource%2Crequiressl%2Cgcr%2Cvprv%2Cmime%2Cns%2Cgir%2Cclen%2Cdur%2Clmt&lsparams=mh%2Cmm%2Cmn%2Cms%2Cmv%2Cmvi%2Cpl%2Cinitcwndbps&lsig=AG3C_xAwRAIgT_uR65b7JAFfQR1UsWBd_bTb8pN2j9_-rsaZ4a0uVLgCIH_irvPAaA2r8o4PaMGkhiI0SQOxRxNdqi0DwLA2ZKpl&sig=AOq0QJ8wRAIgdu7HSaWzuDa-WmAZ3qraGieCE6I_tNiukoqkyIblSYMCIB5z_shm5NBHoIB-7Nz7dJPPv0RceXAyL6xH_XswUMs4&ratebypass=yes", "player_url": "/s/player/c6df6ed7/player_ias.vflset/en_US/base.js", "ext": "mp4", "height": 240, "format_note": "240p", "vcodec": "avc1.4d400c", "asr": null, "filesize": 194080, "fps": 25, "tbr": 11.54, "width": 240, "acodec": "none", "downloader_options": {"http_chunk_size": 10485760}, "format": "133 - 240x240 (240p)", "protocol": "https", "http_headers": {"User-Agent": "Mozilla/5.0 (Windows NT 10.0; Win64; x64) AppleWebKit/537.36 (KHTML, like Gecko) Chrome/72.0.3626.25 Safari/537.36", "Accept-Charset": "ISO-8859-1,utf-8;q=0.7,*;q=0.7", "Accept": "text/html,application/xhtml+xml,application/xml;q=0.9,*/*;q=0.8", "Accept-Encoding": "gzip, deflate", "Accept-Language": "en-us,en;q=0.5"}}, {"format_id": "134", "url": "https://r5---sn-5njj-u2xl.googlevideo.com/videoplayback?expire=1611764226&ei=oj0RYOGMA87vgQOUyLO4DA&ip=140.109.135.76&id=o-AGx4PlNZ-vYjmaxhhEDtsHaxrgY2BE0UECAIGFoALexJ&itag=134&aitags=133%2C134%2C135%2C136%2C137%2C160%2C242%2C243%2C244%2C247%2C248%2C278&source=youtube&requiressl=yes&mh=P_&mm=31%2C29&mn=sn-5njj-u2xl%2Csn-un57sn76&ms=au%2Crdu&mv=m&mvi=5&pl=16&gcr=tw&initcwndbps=546250&vprv=1&mime=video%2Fmp4&ns=NDqhKMkT6KF_kvTgd-IEsZQF&gir=yes&clen=269401&dur=158.840&lmt=1604255527726369&mt=1611742362&fvip=5&keepalive=yes&c=WEB&txp=5432432&n=kMwEvBgIwfpnuz1LJQCm&sparams=expire%2Cei%2Cip%2Cid%2Caitags%2Csource%2Crequiressl%2Cgcr%2Cvprv%2Cmime%2Cns%2Cgir%2Cclen%2Cdur%2Clmt&lsparams=mh%2Cmm%2Cmn%2Cms%2Cmv%2Cmvi%2Cpl%2Cinitcwndbps&lsig=AG3C_xAwRAIgUAQF2YDzOfzcdVmbTItQQB44mcchkYig7TNVRwDvb-YCIDZUO0QFuN6lHUzyFdwHAcaus0-EZLsYTwI9WVN6hXh6&sig=AOq0QJ8wRQIgfo60N64cx27Md5S0-1LJpShTuJZEhpCDTD8Eu6dvTpsCIQCki3BmwytQ0TOCUvTBToXPl9i0ljxpHa1PUU_NAVCx0w==&ratebypass=yes", "player_url": "/s/player/c6df6ed7/player_ias.vflset/en_US/base.js", "ext": "mp4", "height": 360, "format_note": "360p", "vcodec": "avc1.4d4015", "asr": null, "filesize": 269401, "fps": 25, "tbr": 15.656, "width": 360, "acodec": "none", "downloader_options": {"http_chunk_size": 10485760}, "format": "134 - 360x360 (360p)", "protocol": "https", "http_headers": {"User-Agent": "Mozilla/5.0 (Windows NT 10.0; Win64; x64) AppleWebKit/537.36 (KHTML, like Gecko) Chrome/72.0.3626.25 Safari/537.36", "Accept-Charset": "ISO-8859-1,utf-8;q=0.7,*;q=0.7", "Accept": "text/html,application/xhtml+xml,application/xml;q=0.9,*/*;q=0.8", "Accept-Encoding": "gzip, deflate", "Accept-Language": "en-us,en;q=0.5"}}, {"format_id": "135", "url": "https://r5---sn-5njj-u2xl.googlevideo.com/videoplayback?expire=1611764226&ei=oj0RYOGMA87vgQOUyLO4DA&ip=140.109.135.76&id=o-AGx4PlNZ-vYjmaxhhEDtsHaxrgY2BE0UECAIGFoALexJ&itag=135&aitags=133%2C134%2C135%2C136%2C137%2C160%2C242%2C243%2C244%2C247%2C248%2C278&source=youtube&requiressl=yes&mh=P_&mm=31%2C29&mn=sn-5njj-u2xl%2Csn-un57sn76&ms=au%2Crdu&mv=m&mvi=5&pl=16&gcr=tw&initcwndbps=546250&vprv=1&mime=video%2Fmp4&ns=NDqhKMkT6KF_kvTgd-IEsZQF&gir=yes&clen=357021&dur=158.840&lmt=1604255479752316&mt=1611742362&fvip=5&keepalive=yes&c=WEB&txp=5432432&n=kMwEvBgIwfpnuz1LJQCm&sparams=expire%2Cei%2Cip%2Cid%2Caitags%2Csource%2Crequiressl%2Cgcr%2Cvprv%2Cmime%2Cns%2Cgir%2Cclen%2Cdur%2Clmt&lsparams=mh%2Cmm%2Cmn%2Cms%2Cmv%2Cmvi%2Cpl%2Cinitcwndbps&lsig=AG3C_xAwRQIgHrE1iRUjNyOtuGk3gq8LsRwoFy2184PosfeTyOfrYm0CIQCafYlVY5iVmgRJXb53px7fH5BDDa4fSGXzgz66lBp_VQ%3D%3D&sig=AOq0QJ8wRgIhAJ_KXeO6ETCwU45BnvMFWu9Ja1hOjiVxpKwcqJHX2vVGAiEA_c8TbswMnteomKWeAU5hq-cZlrSRYSp2hcSyvgKJh_Y=&ratebypass=yes", "player_url": "/s/player/c6df6ed7/player_ias.vflset/en_US/base.js", "ext": "mp4", "height": 480, "format_note": "480p", "vcodec": "avc1.4d401e", "asr": null, "filesize": 357021, "fps": 25, "tbr": 21.329, "width": 480, "acodec": "none", "downloader_options": {"http_chunk_size": 10485760}, "format": "135 - 480x480 (480p)", "protocol": "https", "http_headers": {"User-Agent": "Mozilla/5.0 (Windows NT 10.0; Win64; x64) AppleWebKit/537.36 (KHTML, like Gecko) Chrome/72.0.3626.25 Safari/537.36", "Accept-Charset": "ISO-8859-1,utf-8;q=0.7,*;q=0.7", "Accept": "text/html,application/xhtml+xml,application/xml;q=0.9,*/*;q=0.8", "Accept-Encoding": "gzip, deflate", "Accept-Language": "en-us,en;q=0.5"}}, {"format_id": "278", "url": "https://r5---sn-5njj-u2xl.googlevideo.com/videoplayback?expire=1611764226&ei=oj0RYOGMA87vgQOUyLO4DA&ip=140.109.135.76&id=o-AGx4PlNZ-vYjmaxhhEDtsHaxrgY2BE0UECAIGFoALexJ&itag=278&aitags=133%2C134%2C135%2C136%2C137%2C160%2C242%2C243%2C244%2C247%2C248%2C278&source=youtube&requiressl=yes&mh=P_&mm=31%2C29&mn=sn-5njj-u2xl%2Csn-un57sn76&ms=au%2Crdu&mv=m&mvi=5&pl=16&gcr=tw&initcwndbps=546250&vprv=1&mime=video%2Fwebm&ns=NDqhKMkT6KF_kvTgd-IEsZQF&gir=yes&clen=379031&dur=158.840&lmt=1604255514699183&mt=1611742362&fvip=5&keepalive=yes&c=WEB&txp=5432432&n=kMwEvBgIwfpnuz1LJQCm&sparams=expire%2Cei%2Cip%2Cid%2Caitags%2Csource%2Crequiressl%2Cgcr%2Cvprv%2Cmime%2Cns%2Cgir%2Cclen%2Cdur%2Clmt&lsparams=mh%2Cmm%2Cmn%2Cms%2Cmv%2Cmvi%2Cpl%2Cinitcwndbps&lsig=AG3C_xAwRQIhAMGZFhMFrCXFXBI_QyraB3pL63tjZKLUMs2eBqhyUGaUAiBCWLEmOaZ1A4R54n_aU3FXo4dW7ruHnn6h34nOJ3ZCsw%3D%3D&sig=AOq0QJ8wRAIgac0Y6-Ni3EX3cmMESx4vzfF26YnBZPGhjxTLo5XQZRsCICvRhAviGC_yioEZLz89IaqyhNFt_ObNGsCUSOca67e1&ratebypass=yes", "player_url": "/s/player/c6df6ed7/player_ias.vflset/en_US/base.js", "ext": "webm", "height": 144, "format_note": "144p", "container": "webm", "vcodec": "vp9", "asr": null, "filesize": 379031, "fps": 25, "tbr": 22.55, "width": 144, "acodec": "none", "downloader_options": {"http_chunk_size": 10485760}, "format": "278 - 144x144 (144p)", "protocol": "https", "http_headers": {"User-Agent": "Mozilla/5.0 (Windows NT 10.0; Win64; x64) AppleWebKit/537.36 (KHTML, like Gecko) Chrome/72.0.3626.25 Safari/537.36", "Accept-Charset": "ISO-8859-1,utf-8;q=0.7,*;q=0.7", "Accept": "text/html,application/xhtml+xml,application/xml;q=0.9,*/*;q=0.8", "Accept-Encoding": "gzip, deflate", "Accept-Language": "en-us,en;q=0.5"}}, {"format_id": "136", "url": "https://r5---sn-5njj-u2xl.googlevideo.com/videoplayback?expire=1611764226&ei=oj0RYOGMA87vgQOUyLO4DA&ip=140.109.135.76&id=o-AGx4PlNZ-vYjmaxhhEDtsHaxrgY2BE0UECAIGFoALexJ&itag=136&aitags=133%2C134%2C135%2C136%2C137%2C160%2C242%2C243%2C244%2C247%2C248%2C278&source=youtube&requiressl=yes&mh=P_&mm=31%2C29&mn=sn-5njj-u2xl%2Csn-un57sn76&ms=au%2Crdu&mv=m&mvi=5&pl=16&gcr=tw&initcwndbps=546250&vprv=1&mime=video%2Fmp4&ns=NDqhKMkT6KF_kvTgd-IEsZQF&gir=yes&clen=498279&dur=158.840&lmt=1604255482556905&mt=1611742362&fvip=5&keepalive=yes&c=WEB&txp=5432432&n=kMwEvBgIwfpnuz1LJQCm&sparams=expire%2Cei%2Cip%2Cid%2Caitags%2Csource%2Crequiressl%2Cgcr%2Cvprv%2Cmime%2Cns%2Cgir%2Cclen%2Cdur%2Clmt&lsparams=mh%2Cmm%2Cmn%2Cms%2Cmv%2Cmvi%2Cpl%2Cinitcwndbps&lsig=AG3C_xAwRQIhAIhZI56oH96MPZm_wjmfOh7MQkgX-Vw5neYRwGFGwMvjAiAtMqX7cWE6i7rxttV9fnhQU7cxd4Kxh0nOBT1n2jLNvg%3D%3D&sig=AOq0QJ8wRQIhAKEa4F2SxTMP9u2_2S-qwyTROMxViaAXpWkPYUeoMjjnAiBunPiPDpiZfhtGBc20koZlTFpWORa9N--zJCYVMdgKlQ==&ratebypass=yes", "player_url": "/s/player/c6df6ed7/player_ias.vflset/en_US/base.js", "ext": "mp4", "height": 720, "format_note": "720p", "vcodec": "avc1.4d401f", "asr": null, "filesize": 498279, "fps": 25, "tbr": 29.697, "width": 720, "acodec": "none", "downloader_options": {"http_chunk_size": 10485760}, "format": "136 - 720x720 (720p)", "protocol": "https", "http_headers": {"User-Agent": "Mozilla/5.0 (Windows NT 10.0; Win64; x64) AppleWebKit/537.36 (KHTML, like Gecko) Chrome/72.0.3626.25 Safari/537.36", "Accept-Charset": "ISO-8859-1,utf-8;q=0.7,*;q=0.7", "Accept": "text/html,application/xhtml+xml,application/xml;q=0.9,*/*;q=0.8", "Accept-Encoding": "gzip, deflate", "Accept-Language": "en-us,en;q=0.5"}}, {"format_id": "242", "url": "https://r5---sn-5njj-u2xl.googlevideo.com/videoplayback?expire=1611764226&ei=oj0RYOGMA87vgQOUyLO4DA&ip=140.109.135.76&id=o-AGx4PlNZ-vYjmaxhhEDtsHaxrgY2BE0UECAIGFoALexJ&itag=242&aitags=133%2C134%2C135%2C136%2C137%2C160%2C242%2C243%2C244%2C247%2C248%2C278&source=youtube&requiressl=yes&mh=P_&mm=31%2C29&mn=sn-5njj-u2xl%2Csn-un57sn76&ms=au%2Crdu&mv=m&mvi=5&pl=16&gcr=tw&initcwndbps=546250&vprv=1&mime=video%2Fwebm&ns=NDqhKMkT6KF_kvTgd-IEsZQF&gir=yes&clen=662408&dur=158.840&lmt=1604255498810141&mt=1611742362&fvip=5&keepalive=yes&c=WEB&txp=5432432&n=kMwEvBgIwfpnuz1LJQCm&sparams=expire%2Cei%2Cip%2Cid%2Caitags%2Csource%2Crequiressl%2Cgcr%2Cvprv%2Cmime%2Cns%2Cgir%2Cclen%2Cdur%2Clmt&lsparams=mh%2Cmm%2Cmn%2Cms%2Cmv%2Cmvi%2Cpl%2Cinitcwndbps&lsig=AG3C_xAwRgIhAJV1VUCUdGw-sZTZXLqgShXdltX8tDNPBAZMaItl5OLOAiEAsBDATlcQS9pV8zigL7DaIpYU8IHkD3_sY5bpXv5z54Y%3D&sig=AOq0QJ8wRgIhALfGuYCFQSbL991hUso883L7Q3MOpuMTqb4tbyaCertNAiEAuHCJGia3F0IsMZgIjATWpR3rrUgZqls-yHCMKChgkkA=&ratebypass=yes", "player_url": "/s/player/c6df6ed7/player_ias.vflset/en_US/base.js", "ext": "webm", "height": 240, "format_note": "240p", "vcodec": "vp9", "asr": null, "filesize": 662408, "fps": 25, "tbr": 41.85, "width": 240, "acodec": "none", "downloader_options": {"http_chunk_size": 10485760}, "format": "242 - 240x240 (240p)", "protocol": "https", "http_headers": {"User-Agent": "Mozilla/5.0 (Windows NT 10.0; Win64; x64) AppleWebKit/537.36 (KHTML, like Gecko) Chrome/72.0.3626.25 Safari/537.36", "Accept-Charset": "ISO-8859-1,utf-8;q=0.7,*;q=0.7", "Accept": "text/html,application/xhtml+xml,application/xml;q=0.9,*/*;q=0.8", "Accept-Encoding": "gzip, deflate", "Accept-Language": "en-us,en;q=0.5"}}, {"format_id": "243", "url": "https://r5---sn-5njj-u2xl.googlevideo.com/videoplayback?expire=1611764226&ei=oj0RYOGMA87vgQOUyLO4DA&ip=140.109.135.76&id=o-AGx4PlNZ-vYjmaxhhEDtsHaxrgY2BE0UECAIGFoALexJ&itag=243&aitags=133%2C134%2C135%2C136%2C137%2C160%2C242%2C243%2C244%2C247%2C248%2C278&source=youtube&requiressl=yes&mh=P_&mm=31%2C29&mn=sn-5njj-u2xl%2Csn-un57sn76&ms=au%2Crdu&mv=m&mvi=5&pl=16&gcr=tw&initcwndbps=546250&vprv=1&mime=video%2Fwebm&ns=NDqhKMkT6KF_kvTgd-IEsZQF&gir=yes&clen=952329&dur=158.840&lmt=1604255500398532&mt=1611742362&fvip=5&keepalive=yes&c=WEB&txp=5432432&n=kMwEvBgIwfpnuz1LJQCm&sparams=expire%2Cei%2Cip%2Cid%2Caitags%2Csource%2Crequiressl%2Cgcr%2Cvprv%2Cmime%2Cns%2Cgir%2Cclen%2Cdur%2Clmt&lsparams=mh%2Cmm%2Cmn%2Cms%2Cmv%2Cmvi%2Cpl%2Cinitcwndbps&lsig=AG3C_xAwRgIhANGvqKbVZhZ49VBVTyXnrx-cUaUhLKr48EA_Z1W9KAEEAiEArtMglkTDF6D9Jozcsrhoy1zripGLZiwwE-89Gy3-Etc%3D&sig=AOq0QJ8wRAIgFXMM1PmtkuCk1e7XfIc10HmWnTgnoFHzcMZcdDhcGO4CICSHIz5QbkpROgYS0VicNovp__aSvzMwpRlqXHF83haC&ratebypass=yes", "player_url": "/s/player/c6df6ed7/player_ias.vflset/en_US/base.js", "ext": "webm", "height": 360, "format_note": "360p", "vcodec": "vp9", "asr": null, "filesize": 952329, "fps": 25, "tbr": 60.643, "width": 360, "acodec": "none", "downloader_options": {"http_chunk_size": 10485760}, "format": "243 - 360x360 (360p)", "protocol": "https", "http_headers": {"User-Agent": "Mozilla/5.0 (Windows NT 10.0; Win64; x64) AppleWebKit/537.36 (KHTML, like Gecko) Chrome/72.0.3626.25 Safari/537.36", "Accept-Charset": "ISO-8859-1,utf-8;q=0.7,*;q=0.7", "Accept": "text/html,application/xhtml+xml,application/xml;q=0.9,*/*;q=0.8", "Accept-Encoding": "gzip, deflate", "Accept-Language": "en-us,en;q=0.5"}}, {"format_id": "137", "url": "https://r5---sn-5njj-u2xl.googlevideo.com/videoplayback?expire=1611764226&ei=oj0RYOGMA87vgQOUyLO4DA&ip=140.109.135.76&id=o-AGx4PlNZ-vYjmaxhhEDtsHaxrgY2BE0UECAIGFoALexJ&itag=137&aitags=133%2C134%2C135%2C136%2C137%2C160%2C242%2C243%2C244%2C247%2C248%2C278&source=youtube&requiressl=yes&mh=P_&mm=31%2C29&mn=sn-5njj-u2xl%2Csn-un57sn76&ms=au%2Crdu&mv=m&mvi=5&pl=16&gcr=tw&initcwndbps=546250&vprv=1&mime=video%2Fmp4&ns=NDqhKMkT6KF_kvTgd-IEsZQF&gir=yes&clen=1347219&dur=158.840&lmt=1604255480346143&mt=1611742362&fvip=5&keepalive=yes&c=WEB&txp=5432432&n=kMwEvBgIwfpnuz1LJQCm&sparams=expire%2Cei%2Cip%2Cid%2Caitags%2Csource%2Crequiressl%2Cgcr%2Cvprv%2Cmime%2Cns%2Cgir%2Cclen%2Cdur%2Clmt&lsparams=mh%2Cmm%2Cmn%2Cms%2Cmv%2Cmvi%2Cpl%2Cinitcwndbps&lsig=AG3C_xAwRQIgWGK7JiTnggzJpveGl8QDCHy4G1MO_-iVrc3RjYNfj9ICIQC4zIEPBOgSn6_aYBZjc4Ki1w0aCX5Hcj4ebxwvyR0Ezg%3D%3D&sig=AOq0QJ8wRAIgSFBuB4A-JFOE5e2ueuyeap7hJ09sIHfC-onwt51M2RgCIFfanYnjZ_g4LOlzX1fbqQRNpieZrMQMvKNut1fGEXbB&ratebypass=yes", "player_url": "/s/player/c6df6ed7/player_ias.vflset/en_US/base.js", "ext": "mp4", "height": 1080, "format_note": "1080p", "vcodec": "avc1.640020", "asr": null, "filesize": 1347219, "fps": 25, "tbr": 83.547, "width": 1080, "acodec": "none", "downloader_options": {"http_chunk_size": 10485760}, "format": "137 - 1080x1080 (1080p)", "protocol": "https", "http_headers": {"User-Agent": "Mozilla/5.0 (Windows NT 10.0; Win64; x64) AppleWebKit/537.36 (KHTML, like Gecko) Chrome/72.0.3626.25 Safari/537.36", "Accept-Charset": "ISO-8859-1,utf-8;q=0.7,*;q=0.7", "Accept": "text/html,application/xhtml+xml,application/xml;q=0.9,*/*;q=0.8", "Accept-Encoding": "gzip, deflate", "Accept-Language": "en-us,en;q=0.5"}}, {"format_id": "244", "url": "https://r5---sn-5njj-u2xl.googlevideo.com/videoplayback?expire=1611764226&ei=oj0RYOGMA87vgQOUyLO4DA&ip=140.109.135.76&id=o-AGx4PlNZ-vYjmaxhhEDtsHaxrgY2BE0UECAIGFoALexJ&itag=244&aitags=133%2C134%2C135%2C136%2C137%2C160%2C242%2C243%2C244%2C247%2C248%2C278&source=youtube&requiressl=yes&mh=P_&mm=31%2C29&mn=sn-5njj-u2xl%2Csn-un57sn76&ms=au%2Crdu&mv=m&mvi=5&pl=16&gcr=tw&initcwndbps=546250&vprv=1&mime=video%2Fwebm&ns=NDqhKMkT6KF_kvTgd-IEsZQF&gir=yes&clen=1468275&dur=158.840&lmt=1604255494173095&mt=1611742362&fvip=5&keepalive=yes&c=WEB&txp=5432432&n=kMwEvBgIwfpnuz1LJQCm&sparams=expire%2Cei%2Cip%2Cid%2Caitags%2Csource%2Crequiressl%2Cgcr%2Cvprv%2Cmime%2Cns%2Cgir%2Cclen%2Cdur%2Clmt&lsparams=mh%2Cmm%2Cmn%2Cms%2Cmv%2Cmvi%2Cpl%2Cinitcwndbps&lsig=AG3C_xAwRgIhAMZpComkOSDMGDCWB1QXKpgXLO8_9etVj1gm07IbmGCOAiEA4hBczPg2iNedxkXDLvvHB9eQMUVYuWys1ctcLtMME3U%3D&sig=AOq0QJ8wRQIhANe6Jqebkeb171i8-lkaVjQGW68aRYnytKYtWGlpPKytAiBP2VTym8n4it-G9Mj4-odEpFoLVAG-0Xw654CuS09wmg==&ratebypass=yes", "player_url": "/s/player/c6df6ed7/player_ias.vflset/en_US/base.js", "ext": "webm", "height": 480, "format_note": "480p", "vcodec": "vp9", "asr": null, "filesize": 1468275, "fps": 25, "tbr": 94.212, "width": 480, "acodec": "none", "downloader_options": {"http_chunk_size": 10485760}, "format": "244 - 480x480 (480p)", "protocol": "https", "http_headers": {"User-Agent": "Mozilla/5.0 (Windows NT 10.0; Win64; x64) AppleWebKit/537.36 (KHTML, like Gecko) Chrome/72.0.3626.25 Safari/537.36", "Accept-Charset": "ISO-8859-1,utf-8;q=0.7,*;q=0.7", "Accept": "text/html,application/xhtml+xml,application/xml;q=0.9,*/*;q=0.8", "Accept-Encoding": "gzip, deflate", "Accept-Language": "en-us,en;q=0.5"}}, {"format_id": "247", "url": "https://r5---sn-5njj-u2xl.googlevideo.com/videoplayback?expire=1611764226&ei=oj0RYOGMA87vgQOUyLO4DA&ip=140.109.135.76&id=o-AGx4PlNZ-vYjmaxhhEDtsHaxrgY2BE0UECAIGFoALexJ&itag=247&aitags=133%2C134%2C135%2C136%2C137%2C160%2C242%2C243%2C244%2C247%2C248%2C278&source=youtube&requiressl=yes&mh=P_&mm=31%2C29&mn=sn-5njj-u2xl%2Csn-un57sn76&ms=au%2Crdu&mv=m&mvi=5&pl=16&gcr=tw&initcwndbps=546250&vprv=1&mime=video%2Fwebm&ns=NDqhKMkT6KF_kvTgd-IEsZQF&gir=yes&clen=2653483&dur=158.840&lmt=1604255494685208&mt=1611742362&fvip=5&keepalive=yes&c=WEB&txp=5432432&n=kMwEvBgIwfpnuz1LJQCm&sparams=expire%2Cei%2Cip%2Cid%2Caitags%2Csource%2Crequiressl%2Cgcr%2Cvprv%2Cmime%2Cns%2Cgir%2Cclen%2Cdur%2Clmt&lsparams=mh%2Cmm%2Cmn%2Cms%2Cmv%2Cmvi%2Cpl%2Cinitcwndbps&lsig=AG3C_xAwRQIhALAQcWC5wwEUPhW6lEzhst76h95wUQLf8Bdc31baxh5KAiBg4QvvWTvSc0u-COKdttO6K6l1ozYtN_SENQfPtWnXqQ%3D%3D&sig=AOq0QJ8wRAIgBjDmFijxNi6AvpExFR2xCa2gO6NpcO9BQBawJgOBL34CIDwFsA7qqoDBrFND7wP3VgsIK4C6mwkcda9S-t6NMNJ4&ratebypass=yes", "player_url": "/s/player/c6df6ed7/player_ias.vflset/en_US/base.js", "ext": "webm", "height": 720, "format_note": "720p", "vcodec": "vp9", "asr": null, "filesize": 2653483, "fps": 25, "tbr": 170.547, "width": 720, "acodec": "none", "downloader_options": {"http_chunk_size": 10485760}, "format": "247 - 720x720 (720p)", "protocol": "https", "http_headers": {"User-Agent": "Mozilla/5.0 (Windows NT 10.0; Win64; x64) AppleWebKit/537.36 (KHTML, like Gecko) Chrome/72.0.3626.25 Safari/537.36", "Accept-Charset": "ISO-8859-1,utf-8;q=0.7,*;q=0.7", "Accept": "text/html,application/xhtml+xml,application/xml;q=0.9,*/*;q=0.8", "Accept-Encoding": "gzip, deflate", "Accept-Language": "en-us,en;q=0.5"}}, {"format_id": "248", "url": "https://r5---sn-5njj-u2xl.googlevideo.com/videoplayback?expire=1611764226&ei=oj0RYOGMA87vgQOUyLO4DA&ip=140.109.135.76&id=o-AGx4PlNZ-vYjmaxhhEDtsHaxrgY2BE0UECAIGFoALexJ&itag=248&aitags=133%2C134%2C135%2C136%2C137%2C160%2C242%2C243%2C244%2C247%2C248%2C278&source=youtube&requiressl=yes&mh=P_&mm=31%2C29&mn=sn-5njj-u2xl%2Csn-un57sn76&ms=au%2Crdu&mv=m&mvi=5&pl=16&gcr=tw&initcwndbps=546250&vprv=1&mime=video%2Fwebm&ns=NDqhKMkT6KF_kvTgd-IEsZQF&gir=yes&clen=4205172&dur=158.840&lmt=1604255497686431&mt=1611742362&fvip=5&keepalive=yes&c=WEB&txp=5432432&n=kMwEvBgIwfpnuz1LJQCm&sparams=expire%2Cei%2Cip%2Cid%2Caitags%2Csource%2Crequiressl%2Cgcr%2Cvprv%2Cmime%2Cns%2Cgir%2Cclen%2Cdur%2Clmt&lsparams=mh%2Cmm%2Cmn%2Cms%2Cmv%2Cmvi%2Cpl%2Cinitcwndbps&lsig=AG3C_xAwRQIgUS3SALbI9xIxYFHK3ZkILtw4a_WKcfx3b7JHw4M01-QCIQDhR7RscmxNBiXeBbkWb67LETecWQ_BuDH4a-B8X7f31Q%3D%3D&sig=AOq0QJ8wRAIgZWEVyqzqjIfMtTYCgdVOEpmwy4ORBWc7Dq91vfaK6rICIG2cqctccntwiexWEK3vpCZ5W5kkqYVplWC4F5c_0qVZ&ratebypass=yes", "player_url": "/s/player/c6df6ed7/player_ias.vflset/en_US/base.js", "ext": "webm", "height": 1080, "format_note": "1080p", "vcodec": "vp9", "asr": null, "filesize": 4205172, "fps": 25, "tbr": 271.329, "width": 1080, "acodec": "none", "downloader_options": {"http_chunk_size": 10485760}, "format": "248 - 1080x1080 (1080p)", "protocol": "https", "http_headers": {"User-Agent": "Mozilla/5.0 (Windows NT 10.0; Win64; x64) AppleWebKit/537.36 (KHTML, like Gecko) Chrome/72.0.3626.25 Safari/537.36", "Accept-Charset": "ISO-8859-1,utf-8;q=0.7,*;q=0.7", "Accept": "text/html,application/xhtml+xml,application/xml;q=0.9,*/*;q=0.8", "Accept-Encoding": "gzip, deflate", "Accept-Language": "en-us,en;q=0.5"}}, {"format_id": "18", "url": "https://r5---sn-5njj-u2xl.googlevideo.com/videoplayback?expire=1611764226&ei=oj0RYOGMA87vgQOUyLO4DA&ip=140.109.135.76&id=o-AGx4PlNZ-vYjmaxhhEDtsHaxrgY2BE0UECAIGFoALexJ&itag=18&source=youtube&requiressl=yes&mh=P_&mm=31%2C29&mn=sn-5njj-u2xl%2Csn-un57sn76&ms=au%2Crdu&mv=m&mvi=5&pl=16&gcr=tw&initcwndbps=546250&vprv=1&mime=video%2Fmp4&ns=jxztZEmeukH4f8VzxOzNxT4F&gir=yes&clen=3570922&ratebypass=yes&dur=158.917&lmt=1604255514401255&mt=1611742362&fvip=5&c=WEB&txp=5431432&n=-o4Tlu0Nyzvzw-W5K6bP&sparams=expire%2Cei%2Cip%2Cid%2Citag%2Csource%2Crequiressl%2Cgcr%2Cvprv%2Cmime%2Cns%2Cgir%2Cclen%2Cratebypass%2Cdur%2Clmt&lsparams=mh%2Cmm%2Cmn%2Cms%2Cmv%2Cmvi%2Cpl%2Cinitcwndbps&lsig=AG3C_xAwRQIgR8d9lWYRc-mN71bNmcXJJBoeaTHRaMkv-lvDDZWN3OwCIQD1HQNPAeqcvPAgQPkNN4vBtDihuBTVoLD7nBVbEgb3Cg%3D%3D&sig=AOq0QJ8wRAIgQE_V_sYu35XbaGtbYfA3I-1eK4IXW4IdKWr5MDhr0bsCICv3t1RUfqAXuDVEdC2su6C6jH9oGmwOr3AcpYrkyxB3", "player_url": "/s/player/c6df6ed7/player_ias.vflset/en_US/base.js", "ext": "mp4", "width": 360, "height": 360, "acodec": "mp4a.40.2", "abr": 96, "vcodec": "avc1.42001E", "asr": 44100, "filesize": 3570922, "format_note": "360p", "fps": 25, "tbr": 179.85, "format": "18 - 360x360 (360p)", "protocol": "https", "http_headers": {"User-Agent": "Mozilla/5.0 (Windows NT 10.0; Win64; x64) AppleWebKit/537.36 (KHTML, like Gecko) Chrome/72.0.3626.25 Safari/537.36", "Accept-Charset": "ISO-8859-1,utf-8;q=0.7,*;q=0.7", "Accept": "text/html,application/xhtml+xml,application/xml;q=0.9,*/*;q=0.8", "Accept-Encoding": "gzip, deflate", "Accept-Language": "en-us,en;q=0.5"}}], "is_live": null, "start_time": null, "end_time": null, "series": null, "season_number": null, "episode_number": null, "track": "Bird in Captivity", "artist": "Ilya Beshevli", "album": "Wanderer (Deluxe Edition)", "release_date": "20160923", "release_year": 2016, "extractor": "youtube", "webpage_url_basename": "watch", "extractor_key": "Youtube", "playlist": null, "playlist_index": null, "thumbnail": "https://i.ytimg.com/vi_webp/1A9Hh2GrDTs/maxresdefault.webp", "display_id": "1A9Hh2GrDTs", "requested_subtitles": null, "format_id": "251", "url": "https://r5---sn-5njj-u2xl.googlevideo.com/videoplayback?expire=1611764226&ei=oj0RYOGMA87vgQOUyLO4DA&ip=140.109.135.76&id=o-AGx4PlNZ-vYjmaxhhEDtsHaxrgY2BE0UECAIGFoALexJ&itag=251&source=youtube&requiressl=yes&mh=P_&mm=31%2C29&mn=sn-5njj-u2xl%2Csn-un57sn76&ms=au%2Crdu&mv=m&mvi=5&pl=16&gcr=tw&initcwndbps=546250&vprv=1&mime=audio%2Fwebm&ns=NDqhKMkT6KF_kvTgd-IEsZQF&gir=yes&clen=3019681&dur=158.881&lmt=1604255474596364&mt=1611742362&fvip=5&keepalive=yes&c=WEB&txp=5431432&n=kMwEvBgIwfpnuz1LJQCm&sparams=expire%2Cei%2Cip%2Cid%2Citag%2Csource%2Crequiressl%2Cgcr%2Cvprv%2Cmime%2Cns%2Cgir%2Cclen%2Cdur%2Clmt&lsparams=mh%2Cmm%2Cmn%2Cms%2Cmv%2Cmvi%2Cpl%2Cinitcwndbps&lsig=AG3C_xAwRQIhAKN3Fi1WAZwtvRj_rfbKR_M6e0eo1ltyr9k0MH9wg9dAAiBXz5qJTwoDsUqhfLnB5G7a1iZvSy3Pu-NLC-L3rV2IOA%3D%3D&sig=AOq0QJ8wRAIgDc6tjoJoaZQ1JEkvrXeWX5d6FT0fwz_3LH3xkutxM2oCIF2z6L4fHGw0B-UCoJQ2FOwnVvo1iZ55PRa6HIKv-etH&ratebypass=yes", "player_url": "/s/player/c6df6ed7/player_ias.vflset/en_US/base.js", "ext": "webm", "format_note": "tiny", "acodec": "opus", "abr": 160, "asr": 48000, "filesize": 3019681, "fps": null, "height": null, "tbr": 159.173, "width": null, "vcodec": "none", "downloader_options": {"http_chunk_size": 10485760}, "format": "251 - audio only (tiny)", "protocol": "https", "http_headers": {"User-Agent": "Mozilla/5.0 (Windows NT 10.0; Win64; x64) AppleWebKit/537.36 (KHTML, like Gecko) Chrome/72.0.3626.25 Safari/537.36", "Accept-Charset": "ISO-8859-1,utf-8;q=0.7,*;q=0.7", "Accept": "text/html,application/xhtml+xml,application/xml;q=0.9,*/*;q=0.8", "Accept-Encoding": "gzip, deflate", "Accept-Language": "en-us,en;q=0.5"}}