{"id": "22S3w4idugs", "uploader": "Yudan730 \u9b5a\u86cb\u6751\u92fc\u7434\u983b\u9053", "uploader_id": "yudan730", "uploader_url": "http://www.youtube.com/user/yudan730", "channel_id": "UCSwXQEe1RO4pdURFpYw--cg", "channel_url": "http://www.youtube.com/channel/UCSwXQEe1RO4pdURFpYw--cg", "upload_date": "20200121", "license": null, "creator": null, "title": "\u53ef\u60dc\u4e0d\u662f\u4f60 \u92fc\u7434\u7248 (\u4e3b\u5531: \u6881\u975c\u8339 )", "alt_title": null, "thumbnails": [{"url": "https://i.ytimg.com/vi/22S3w4idugs/hqdefault.jpg?sqp=-oaymwEYCKgBEF5IVfKriqkDCwgBFQAAiEIYAXAB&rs=AOn4CLCxUZ6Ns_Da-Oyx17IF8JsJSv1C7w", "width": 168, "height": 94, "resolution": "168x94", "id": "0"}, {"url": "https://i.ytimg.com/vi/22S3w4idugs/hqdefault.jpg?sqp=-oaymwEYCMQBEG5IVfKriqkDCwgBFQAAiEIYAXAB&rs=AOn4CLB0sD5J0yhzTWiiNkshIJ29l7rPJw", "width": 196, "height": 110, "resolution": "196x110", "id": "1"}, {"url": "https://i.ytimg.com/vi/22S3w4idugs/hqdefault.jpg?sqp=-oaymwEZCPYBEIoBSFXyq4qpAwsIARUAAIhCGAFwAQ==&rs=AOn4CLDjhRVOTm6kZgtpMp-OytiHqav6sA", "width": 246, "height": 138, "resolution": "246x138", "id": "2"}, {"url": "https://i.ytimg.com/vi/22S3w4idugs/hqdefault.jpg?sqp=-oaymwEZCNACELwBSFXyq4qpAwsIARUAAIhCGAFwAQ==&rs=AOn4CLBL6lbY6SUOLvaPdFTbldsDK3XCBw", "width": 336, "height": 188, "resolution": "336x188", "id": "3"}, {"url": "https://i.ytimg.com/vi_webp/22S3w4idugs/maxresdefault.webp", "width": 1920, "height": 1080, "resolution": "1920x1080", "id": "4"}], "description": "\u8a02\u95b1\u6751\u9577\uff01\u2794 https://goo.gl/Qlpz6E\r\n\u53f0\u7063\u6b4c\u66f2\u64ad\u653e\u6e05\u55ae \u2794 https://goo.gl/q0Gv36\r\n\u4f86\u770b\u770b\u6751\u9577\u6700\u65b0\u66dd\u5149\u52d5\u5411\uff01\u2794 https://goo.gl/7MzmFu\r\n\u672c\u5f71\u7247\u7434\u8b5c\u4e0b\u8f09 Piano Sheet Here\uff01\u2794 http://yudans.net/1292\r\n\r\n\r\n\u9b5a\u86cb\u6751\u7434\u8b5c\u7db2\u7ad9 \u2794 http://yudans.net/\r\n\u6751\u9577\u500b\u4eba Facebook \u2794 http://goo.gl/64ocaC\r\n\u9b5a\u86cb\u6751\u5b98\u65b9Facebook\u5c08\u9801 \u2794 https://goo.gl/7MzmFu\r\nInstagram \u2794 yudan730\r\n\u5fae\u535a \u2794 http://goo.gl/7V6ouW\r\n\u92fc\u7434\u6559\u5b78/\u5ee3\u544a\u67e5\u8a62 \u2794 yudansnet@gmail.com\r\n\r\n---------------------------------------\r\n\n\u4f5c\u8a5e\uff1a\u674e\u712f\u96c4\n\u4f5c\u66f2\uff1a\u66f9\u8ed2\u8cd3\n\n\u6b4c\u8a5e\uff1a\n\n\u9019\u4e00\u523b \u7a81\u7136\u89ba\u5f97\u597d\u719f\u6089 \u50cf\u6628\u5929 \u4eca\u5929\u540c\u6642\u5728\u653e\u6620\n\u6211\u9019\u53e5\u8a9e\u6c23 \u539f\u4f86\u597d\u50cf\u4f60 \u4e0d\u5c31\u662f\u6211\u5011\u611b\u904e\u7684\u8b49\u64da\n\n\u5dee\u4e00\u9ede \u9a19\u4e86\u81ea\u5df1\u9a19\u4e86\u4f60 \u611b\u8207\u88ab\u611b\u4e0d\u4e00\u5b9a\u6210\u6b63\u6bd4\n\u6211\u77e5\u9053\u88ab\u75bc\u662f\u4e00\u7a2e\u904b\u6c23 \u4f46\u6211\u7121\u6cd5\u5b8c\u5168\u4ea4\u51fa\u81ea\u5df1\n\n\u52aa\u529b\u70ba\u4f60\u6539\u8b8a \u537b\u8b8a\u4e0d\u4e86 \u9810\u7559\u7684\u4f0f\u7dda\n\u4ee5\u70ba\u5728\u4f60\u8eab\u908a \u90a3\u4e5f\u7b97\u6c38\u9060\n\u5f77\u5f7f\u9084\u662f\u6628\u5929 \u53ef\u662f\u6628\u5929 \u5df2\u975e\u5e38\u9059\u9060\n\u4f46\u9589\u4e0a\u6211\u96d9\u773c \u6211\u9084\u770b\u5f97\u898b\n\n\u53ef\u60dc\u4e0d\u662f\u4f60 \u966a\u6211\u5230\u6700\u5f8c \u66fe\u4e00\u8d77\u8d70\u537b\u8d70\u5931\u90a3\u8def\u53e3\n\u611f\u8b1d\u90a3\u662f\u4f60 \u727d\u904e\u6211\u7684\u624b \u9084\u80fd\u611f\u53d7\u90a3\u6eab\u67d4\n\n\u90a3\u4e00\u6bb5 \u6211\u5011\u66fe\u5fc3\u8cbc\u8457\u5fc3 \u6211\u60f3\u6211\u66f4\u6709\u6b0a\u529b\u95dc\u5fc3\u4f60\n\u53ef\u80fd\u4f60 \u5df2\u8d70\u9032\u5225\u4eba\u98a8\u666f \u591a\u5e0c\u671b \u4e5f\u6709 \u661f\u5149\u7684\u6295\u5f71\n\n\u52aa\u529b\u70ba\u4f60\u6539\u8b8a \u537b\u8b8a\u4e0d\u4e86 \u9810\u7559\u7684\u4f0f\u7dda\n\u4ee5\u70ba\u5728\u4f60\u8eab\u908a \u90a3\u4e5f\u7b97\u6c38\u9060\n\u5f77\u5f7f\u9084\u662f\u6628\u5929 \u53ef\u662f\u6628\u5929 \u5df2\u975e\u5e38\u9059\u9060\n\u4f46\u9589\u4e0a\u6211\u96d9\u773c \u6211\u9084\u770b\u5f97\u898b\n\n\u53ef\u60dc\u4e0d\u662f\u4f60\u3000\u966a\u6211\u5230\u6700\u5f8c\u66fe\u4e00\u8d77\u8d70\u537b\u8d70\u5931\u90a3\u8def\u53e3\n\u611f\u8b1d\u90a3\u662f\u4f60\u3000\u727d\u904e\u6211\u7684\u624b\u9084\u80fd\u611f\u53d7\u90a3\u6eab\u67d4\n\n\u53ef\u60dc\u4e0d\u662f\u4f60 \u966a\u6211\u5230\u6700\u5f8c \u66fe\u4e00\u8d77\u8d70\u537b\u8d70\u5931\u90a3\u8def\u53e3\n\u611f\u8b1d\u90a3\u662f\u4f60 \u727d\u904e\u6211\u7684\u624b \u9084\u80fd\u611f\u53d7\u90a3\u6eab\u67d4\n\u611f\u8b1d\u90a3\u662f\u4f60 \u727d\u904e\u6211\u7684\u624b \u9084\u80fd\u6eab\u6696\u6211\u80f8\u53e3", "categories": ["Music"], "tags": ["\u92fc\u7434", "\u92fc\u7434\u7248", "\u7d14\u97f3\u6a02", "\u97f3\u6a02", "\u4f34\u5531", "Piano", "yudan730", "hugowong", "hugo", "yudans", "yudansnet", "\u9b5a\u86cb", "\u9b5a\u86cb\u6751", "\u6751\u9577", "cover", "\u7434\u8b5c", "\u6559\u5b78", "\u53ef\u60dc\u4e0d\u662f\u4f60", "\u6881\u975c\u8339"], "subtitles": {}, "automatic_captions": {}, "duration": 293, "age_limit": 0, "annotations": null, "chapters": null, "webpage_url": "https://www.youtube.com/watch?v=22S3w4idugs", "view_count": 23744, "like_count": 318, "dislike_count": 2, "average_rating": 4.9874606, "formats": [{"format_id": "249", "url": "https://r6---sn-5njj-u2xl.googlevideo.com/videoplayback?expire=1611764516&ei=xD4RYNS6HJeRgAO9hLHwBw&ip=140.109.135.76&id=o-APRV-Q_SsM59SithBsUwOUFSEICnU5v2FiLYhjbLcOZ_&itag=249&source=youtube&requiressl=yes&mh=82&mm=31%2C29&mn=sn-5njj-u2xl%2Csn-un57en7s&ms=au%2Crdu&mv=m&mvi=6&pl=16&initcwndbps=546250&vprv=1&mime=audio%2Fwebm&ns=YS6KeI1Sf2GdXm9MgJIlW48F&gir=yes&clen=2149548&dur=293.241&lmt=1579681333739997&mt=1611742362&fvip=6&keepalive=yes&beids=9466588&c=WEB&txp=6301222&n=bg7-1EzBlrC4if-dVy-L&sparams=expire%2Cei%2Cip%2Cid%2Citag%2Csource%2Crequiressl%2Cvprv%2Cmime%2Cns%2Cgir%2Cclen%2Cdur%2Clmt&lsparams=mh%2Cmm%2Cmn%2Cms%2Cmv%2Cmvi%2Cpl%2Cinitcwndbps&lsig=AG3C_xAwRgIhAJz90Dlx11neXy3_UX0245Z9llOulA7swqP9FNEGuWjWAiEAlKeBHbiLIoqOb7qJg63t9ZV4fM6r0PiPwnBdjQRoh_o%3D&sig=AOq0QJ8wRAIgJIIjtXOrvSDfAh6etDcU6gHZRWbSmwuaV4GboiXhPMoCIDBgsv9U2ujvuG6zH49mB-jw38gSADWmgWfmRdusJ7W3&ratebypass=yes", "player_url": "/s/player/c6df6ed7/player_ias.vflset/en_US/base.js", "ext": "webm", "format_note": "tiny", "acodec": "opus", "abr": 50, "asr": 48000, "filesize": 2149548, "fps": null, "height": null, "tbr": 63.3, "width": null, "vcodec": "none", "downloader_options": {"http_chunk_size": 10485760}, "format": "249 - audio only (tiny)", "protocol": "https", "http_headers": {"User-Agent": "Mozilla/5.0 (Windows NT 10.0; Win64; x64) AppleWebKit/537.36 (KHTML, like Gecko) Chrome/72.0.3626.25 Safari/537.36", "Accept-Charset": "ISO-8859-1,utf-8;q=0.7,*;q=0.7", "Accept": "text/html,application/xhtml+xml,application/xml;q=0.9,*/*;q=0.8", "Accept-Encoding": "gzip, deflate", "Accept-Language": "en-us,en;q=0.5"}}, {"format_id": "250", "url": "https://r6---sn-5njj-u2xl.googlevideo.com/videoplayback?expire=1611764516&ei=xD4RYNS6HJeRgAO9hLHwBw&ip=140.109.135.76&id=o-APRV-Q_SsM59SithBsUwOUFSEICnU5v2FiLYhjbLcOZ_&itag=250&source=youtube&requiressl=yes&mh=82&mm=31%2C29&mn=sn-5njj-u2xl%2Csn-un57en7s&ms=au%2Crdu&mv=m&mvi=6&pl=16&initcwndbps=546250&vprv=1&mime=audio%2Fwebm&ns=YS6KeI1Sf2GdXm9MgJIlW48F&gir=yes&clen=2868903&dur=293.241&lmt=1579681333839228&mt=1611742362&fvip=6&keepalive=yes&beids=9466588&c=WEB&txp=6301222&n=bg7-1EzBlrC4if-dVy-L&sparams=expire%2Cei%2Cip%2Cid%2Citag%2Csource%2Crequiressl%2Cvprv%2Cmime%2Cns%2Cgir%2Cclen%2Cdur%2Clmt&lsparams=mh%2Cmm%2Cmn%2Cms%2Cmv%2Cmvi%2Cpl%2Cinitcwndbps&lsig=AG3C_xAwRAIgTBItCCR1VKr3zEmrYm83PIIyG0zp_j3P8Uub1Bsdk8MCIB_hT_8B5gjT8mcfT-EUPjk8xdoJGqT20KruATQH_kMf&sig=AOq0QJ8wRQIhAPd77v9dVQvMyeIy0ovwWvAGQxDGNyGlNuVwqOsI_6p-AiBK5tSJrjdSBwsXlgZrP3cky8rbRRHKuxDKv-ZuJqrC2Q==&ratebypass=yes", "player_url": "/s/player/c6df6ed7/player_ias.vflset/en_US/base.js", "ext": "webm", "format_note": "tiny", "acodec": "opus", "abr": 70, "asr": 48000, "filesize": 2868903, "fps": null, "height": null, "tbr": 84.394, "width": null, "vcodec": "none", "downloader_options": {"http_chunk_size": 10485760}, "format": "250 - audio only (tiny)", "protocol": "https", "http_headers": {"User-Agent": "Mozilla/5.0 (Windows NT 10.0; Win64; x64) AppleWebKit/537.36 (KHTML, like Gecko) Chrome/72.0.3626.25 Safari/537.36", "Accept-Charset": "ISO-8859-1,utf-8;q=0.7,*;q=0.7", "Accept": "text/html,application/xhtml+xml,application/xml;q=0.9,*/*;q=0.8", "Accept-Encoding": "gzip, deflate", "Accept-Language": "en-us,en;q=0.5"}}, {"format_id": "140", "url": "https://r6---sn-5njj-u2xl.googlevideo.com/videoplayback?expire=1611764516&ei=xD4RYNS6HJeRgAO9hLHwBw&ip=140.109.135.76&id=o-APRV-Q_SsM59SithBsUwOUFSEICnU5v2FiLYhjbLcOZ_&itag=140&source=youtube&requiressl=yes&mh=82&mm=31%2C29&mn=sn-5njj-u2xl%2Csn-un57en7s&ms=au%2Crdu&mv=m&mvi=6&pl=16&initcwndbps=546250&vprv=1&mime=audio%2Fmp4&ns=YS6KeI1Sf2GdXm9MgJIlW48F&gir=yes&clen=4746952&dur=293.268&lmt=1579665278138083&mt=1611742362&fvip=6&keepalive=yes&beids=9466588&c=WEB&txp=6311222&n=bg7-1EzBlrC4if-dVy-L&sparams=expire%2Cei%2Cip%2Cid%2Citag%2Csource%2Crequiressl%2Cvprv%2Cmime%2Cns%2Cgir%2Cclen%2Cdur%2Clmt&lsparams=mh%2Cmm%2Cmn%2Cms%2Cmv%2Cmvi%2Cpl%2Cinitcwndbps&lsig=AG3C_xAwRQIhALscgMKl4vgL0DBLB_pmSCkHJOioOj0EJHjn69HlWvJqAiAdTdJsNKBbvyOSocsRTzDlg5FSNMTPmPOt_t1pMlM6Dw%3D%3D&sig=AOq0QJ8wRAIgfX6levHEnZi2rastB4nGXCteww4WAM2xNMzt45chm3oCICwJP54Dj3898pJzxqCR6Ak9EuSNAD0GHum3tpZ9EYOf&ratebypass=yes", "player_url": "/s/player/c6df6ed7/player_ias.vflset/en_US/base.js", "ext": "m4a", "format_note": "tiny", "acodec": "mp4a.40.2", "abr": 128, "container": "m4a_dash", "asr": 44100, "filesize": 4746952, "fps": null, "height": null, "tbr": 130.276, "width": null, "vcodec": "none", "downloader_options": {"http_chunk_size": 10485760}, "format": "140 - audio only (tiny)", "protocol": "https", "http_headers": {"User-Agent": "Mozilla/5.0 (Windows NT 10.0; Win64; x64) AppleWebKit/537.36 (KHTML, like Gecko) Chrome/72.0.3626.25 Safari/537.36", "Accept-Charset": "ISO-8859-1,utf-8;q=0.7,*;q=0.7", "Accept": "text/html,application/xhtml+xml,application/xml;q=0.9,*/*;q=0.8", "Accept-Encoding": "gzip, deflate", "Accept-Language": "en-us,en;q=0.5"}}, {"format_id": "251", "url": "https://r6---sn-5njj-u2xl.googlevideo.com/videoplayback?expire=1611764516&ei=xD4RYNS6HJeRgAO9hLHwBw&ip=140.109.135.76&id=o-APRV-Q_SsM59SithBsUwOUFSEICnU5v2FiLYhjbLcOZ_&itag=251&source=youtube&requiressl=yes&mh=82&mm=31%2C29&mn=sn-5njj-u2xl%2Csn-un57en7s&ms=au%2Crdu&mv=m&mvi=6&pl=16&initcwndbps=546250&vprv=1&mime=audio%2Fwebm&ns=YS6KeI1Sf2GdXm9MgJIlW48F&gir=yes&clen=5568810&dur=293.241&lmt=1579681335444297&mt=1611742362&fvip=6&keepalive=yes&beids=9466588&c=WEB&txp=6301222&n=bg7-1EzBlrC4if-dVy-L&sparams=expire%2Cei%2Cip%2Cid%2Citag%2Csource%2Crequiressl%2Cvprv%2Cmime%2Cns%2Cgir%2Cclen%2Cdur%2Clmt&lsparams=mh%2Cmm%2Cmn%2Cms%2Cmv%2Cmvi%2Cpl%2Cinitcwndbps&lsig=AG3C_xAwRQIgXxR8EROOwfOu4J2Nux7XbXXjuU8oMw-cQlIQbDsWvSUCIQChTTVM08mnxDUzURPUfqEktEuplqU44iYsK9eHwwQxsg%3D%3D&sig=AOq0QJ8wRAIgMengqmDnNydKgHEiys9Mk7SxMcrPbJIG-oOXrZguiI0CIAflp_Zf14uDGwmTqNVWb_NRCQJk5lEs23gut1UZsO8i&ratebypass=yes", "player_url": "/s/player/c6df6ed7/player_ias.vflset/en_US/base.js", "ext": "webm", "format_note": "tiny", "acodec": "opus", "abr": 160, "asr": 48000, "filesize": 5568810, "fps": null, "height": null, "tbr": 160.625, "width": null, "vcodec": "none", "downloader_options": {"http_chunk_size": 10485760}, "format": "251 - audio only (tiny)", "protocol": "https", "http_headers": {"User-Agent": "Mozilla/5.0 (Windows NT 10.0; Win64; x64) AppleWebKit/537.36 (KHTML, like Gecko) Chrome/72.0.3626.25 Safari/537.36", "Accept-Charset": "ISO-8859-1,utf-8;q=0.7,*;q=0.7", "Accept": "text/html,application/xhtml+xml,application/xml;q=0.9,*/*;q=0.8", "Accept-Encoding": "gzip, deflate", "Accept-Language": "en-us,en;q=0.5"}}, {"format_id": "278", "url": "https://r6---sn-5njj-u2xl.googlevideo.com/videoplayback?expire=1611764516&ei=xD4RYNS6HJeRgAO9hLHwBw&ip=140.109.135.76&id=o-APRV-Q_SsM59SithBsUwOUFSEICnU5v2FiLYhjbLcOZ_&itag=278&aitags=133%2C134%2C135%2C136%2C137%2C160%2C242%2C243%2C244%2C247%2C248%2C271%2C278%2C313&source=youtube&requiressl=yes&mh=82&mm=31%2C29&mn=sn-5njj-u2xl%2Csn-un57en7s&ms=au%2Crdu&mv=m&mvi=6&pl=16&initcwndbps=546250&vprv=1&mime=video%2Fwebm&ns=YS6KeI1Sf2GdXm9MgJIlW48F&gir=yes&clen=2960253&dur=293.226&lmt=1579665342473936&mt=1611742362&fvip=6&keepalive=yes&beids=9466588&c=WEB&txp=6316222&n=bg7-1EzBlrC4if-dVy-L&sparams=expire%2Cei%2Cip%2Cid%2Caitags%2Csource%2Crequiressl%2Cvprv%2Cmime%2Cns%2Cgir%2Cclen%2Cdur%2Clmt&lsparams=mh%2Cmm%2Cmn%2Cms%2Cmv%2Cmvi%2Cpl%2Cinitcwndbps&lsig=AG3C_xAwRgIhAMqwVsnDVhxHnwcMR_MKdyn8zcWIk1KI5L-idxsnq8gHAiEAsDTqi2R-v9DgxnVGwg2DOBZfIu3hV25HJqN03VQ6Nj0%3D&sig=AOq0QJ8wRgIhAPvofhp0mJG7lcN9axde9ou1U589bIKFJ2UU5ZaXrDZ8AiEA87qV-Ai7xlvrPOeh7-1cAYtPaW3ggTAb-QGaG8OiwlU=&ratebypass=yes", "player_url": "/s/player/c6df6ed7/player_ias.vflset/en_US/base.js", "ext": "webm", "height": 144, "format_note": "144p", "container": "webm", "vcodec": "vp9", "asr": null, "filesize": 2960253, "fps": 30, "tbr": 88.285, "width": 256, "acodec": "none", "downloader_options": {"http_chunk_size": 10485760}, "format": "278 - 256x144 (144p)", "protocol": "https", "http_headers": {"User-Agent": "Mozilla/5.0 (Windows NT 10.0; Win64; x64) AppleWebKit/537.36 (KHTML, like Gecko) Chrome/72.0.3626.25 Safari/537.36", "Accept-Charset": "ISO-8859-1,utf-8;q=0.7,*;q=0.7", "Accept": "text/html,application/xhtml+xml,application/xml;q=0.9,*/*;q=0.8", "Accept-Encoding": "gzip, deflate", "Accept-Language": "en-us,en;q=0.5"}}, {"format_id": "160", "url": "https://r6---sn-5njj-u2xl.googlevideo.com/videoplayback?expire=1611764516&ei=xD4RYNS6HJeRgAO9hLHwBw&ip=140.109.135.76&id=o-APRV-Q_SsM59SithBsUwOUFSEICnU5v2FiLYhjbLcOZ_&itag=160&aitags=133%2C134%2C135%2C136%2C137%2C160%2C242%2C243%2C244%2C247%2C248%2C271%2C278%2C313&source=youtube&requiressl=yes&mh=82&mm=31%2C29&mn=sn-5njj-u2xl%2Csn-un57en7s&ms=au%2Crdu&mv=m&mvi=6&pl=16&initcwndbps=546250&vprv=1&mime=video%2Fmp4&ns=YS6KeI1Sf2GdXm9MgJIlW48F&gir=yes&clen=3204518&dur=293.226&lmt=1579665311426305&mt=1611742362&fvip=6&keepalive=yes&beids=9466588&c=WEB&txp=6316222&n=bg7-1EzBlrC4if-dVy-L&sparams=expire%2Cei%2Cip%2Cid%2Caitags%2Csource%2Crequiressl%2Cvprv%2Cmime%2Cns%2Cgir%2Cclen%2Cdur%2Clmt&lsparams=mh%2Cmm%2Cmn%2Cms%2Cmv%2Cmvi%2Cpl%2Cinitcwndbps&lsig=AG3C_xAwRQIhAMf4Fl_DDvAsCWVB1D22ULy7IjmSmWAlzoW5k0RdSDn4AiA-5AgdNgENU0iA6Xurnny3FUMYXOxmYHvMeiVXnMRUcg%3D%3D&sig=AOq0QJ8wRQIhAN6pOWxLfpUc-ZwLpcI8VCJaDstCq2gOy0SE4JbHHxgKAiBT9n7fHxbPL0z8rwxlD-lpVKddLHcxSq7BDJpTxdBaqw==&ratebypass=yes", "player_url": "/s/player/c6df6ed7/player_ias.vflset/en_US/base.js", "ext": "mp4", "height": 144, "format_note": "144p", "vcodec": "avc1.4d400c", "asr": null, "filesize": 3204518, "fps": 30, "tbr": 117.809, "width": 256, "acodec": "none", "downloader_options": {"http_chunk_size": 10485760}, "format": "160 - 256x144 (144p)", "protocol": "https", "http_headers": {"User-Agent": "Mozilla/5.0 (Windows NT 10.0; Win64; x64) AppleWebKit/537.36 (KHTML, like Gecko) Chrome/72.0.3626.25 Safari/537.36", "Accept-Charset": "ISO-8859-1,utf-8;q=0.7,*;q=0.7", "Accept": "text/html,application/xhtml+xml,application/xml;q=0.9,*/*;q=0.8", "Accept-Encoding": "gzip, deflate", "Accept-Language": "en-us,en;q=0.5"}}, {"format_id": "242", "url": "https://r6---sn-5njj-u2xl.googlevideo.com/videoplayback?expire=1611764516&ei=xD4RYNS6HJeRgAO9hLHwBw&ip=140.109.135.76&id=o-APRV-Q_SsM59SithBsUwOUFSEICnU5v2FiLYhjbLcOZ_&itag=242&aitags=133%2C134%2C135%2C136%2C137%2C160%2C242%2C243%2C244%2C247%2C248%2C271%2C278%2C313&source=youtube&requiressl=yes&mh=82&mm=31%2C29&mn=sn-5njj-u2xl%2Csn-un57en7s&ms=au%2Crdu&mv=m&mvi=6&pl=16&initcwndbps=546250&vprv=1&mime=video%2Fwebm&ns=YS6KeI1Sf2GdXm9MgJIlW48F&gir=yes&clen=5118327&dur=293.226&lmt=1579665342474013&mt=1611742362&fvip=6&keepalive=yes&beids=9466588&c=WEB&txp=6316222&n=bg7-1EzBlrC4if-dVy-L&sparams=expire%2Cei%2Cip%2Cid%2Caitags%2Csource%2Crequiressl%2Cvprv%2Cmime%2Cns%2Cgir%2Cclen%2Cdur%2Clmt&lsparams=mh%2Cmm%2Cmn%2Cms%2Cmv%2Cmvi%2Cpl%2Cinitcwndbps&lsig=AG3C_xAwRQIgeucVeHaTaNzultxKD-xCncK8OsuKGh1a8bVuhEgQiZQCIQCEaiFWabQ-4887W_XPuZc1ZMR403bDgVulfN5VJGppkA%3D%3D&sig=AOq0QJ8wRQIgKTiYTlb5IZob7SbNqWwl_x5OTNV4PEGDzfzscOz0n_cCIQD1LydvlLJc4i-afyQkZ9k5FDtYnC2CtNeB8yGOMLg2Qw==&ratebypass=yes", "player_url": "/s/player/c6df6ed7/player_ias.vflset/en_US/base.js", "ext": "webm", "height": 240, "format_note": "240p", "vcodec": "vp9", "asr": null, "filesize": 5118327, "fps": 30, "tbr": 185.508, "width": 426, "acodec": "none", "downloader_options": {"http_chunk_size": 10485760}, "format": "242 - 426x240 (240p)", "protocol": "https", "http_headers": {"User-Agent": "Mozilla/5.0 (Windows NT 10.0; Win64; x64) AppleWebKit/537.36 (KHTML, like Gecko) Chrome/72.0.3626.25 Safari/537.36", "Accept-Charset": "ISO-8859-1,utf-8;q=0.7,*;q=0.7", "Accept": "text/html,application/xhtml+xml,application/xml;q=0.9,*/*;q=0.8", "Accept-Encoding": "gzip, deflate", "Accept-Language": "en-us,en;q=0.5"}}, {"format_id": "133", "url": "https://r6---sn-5njj-u2xl.googlevideo.com/videoplayback?expire=1611764516&ei=xD4RYNS6HJeRgAO9hLHwBw&ip=140.109.135.76&id=o-APRV-Q_SsM59SithBsUwOUFSEICnU5v2FiLYhjbLcOZ_&itag=133&aitags=133%2C134%2C135%2C136%2C137%2C160%2C242%2C243%2C244%2C247%2C248%2C271%2C278%2C313&source=youtube&requiressl=yes&mh=82&mm=31%2C29&mn=sn-5njj-u2xl%2Csn-un57en7s&ms=au%2Crdu&mv=m&mvi=6&pl=16&initcwndbps=546250&vprv=1&mime=video%2Fmp4&ns=YS6KeI1Sf2GdXm9MgJIlW48F&gir=yes&clen=7148431&dur=293.226&lmt=1579665311428597&mt=1611742362&fvip=6&keepalive=yes&beids=9466588&c=WEB&txp=6316222&n=bg7-1EzBlrC4if-dVy-L&sparams=expire%2Cei%2Cip%2Cid%2Caitags%2Csource%2Crequiressl%2Cvprv%2Cmime%2Cns%2Cgir%2Cclen%2Cdur%2Clmt&lsparams=mh%2Cmm%2Cmn%2Cms%2Cmv%2Cmvi%2Cpl%2Cinitcwndbps&lsig=AG3C_xAwRQIhAJ5NQMhVkI1Bx0GLbn7axKc5YGRblItDwkBgBwCPwptHAiBXbEfZgNCVPD9pDBRbCdQmeTNoDk_GmjzrTa0UaLNSRA%3D%3D&sig=AOq0QJ8wRgIhAMI92Qr_EBXEeT0cB_Ff5Cxttwe-c-qm78jFFpXdspvAAiEAgL6d7rrC6SFrzIiS4q3XCec-OHsuM4rMeN3zMy5cqC4=&ratebypass=yes", "player_url": "/s/player/c6df6ed7/player_ias.vflset/en_US/base.js", "ext": "mp4", "height": 240, "format_note": "240p", "vcodec": "avc1.4d4015", "asr": null, "filesize": 7148431, "fps": 30, "tbr": 275.826, "width": 426, "acodec": "none", "downloader_options": {"http_chunk_size": 10485760}, "format": "133 - 426x240 (240p)", "protocol": "https", "http_headers": {"User-Agent": "Mozilla/5.0 (Windows NT 10.0; Win64; x64) AppleWebKit/537.36 (KHTML, like Gecko) Chrome/72.0.3626.25 Safari/537.36", "Accept-Charset": "ISO-8859-1,utf-8;q=0.7,*;q=0.7", "Accept": "text/html,application/xhtml+xml,application/xml;q=0.9,*/*;q=0.8", "Accept-Encoding": "gzip, deflate", "Accept-Language": "en-us,en;q=0.5"}}, {"format_id": "243", "url": "https://r6---sn-5njj-u2xl.googlevideo.com/videoplayback?expire=1611764516&ei=xD4RYNS6HJeRgAO9hLHwBw&ip=140.109.135.76&id=o-APRV-Q_SsM59SithBsUwOUFSEICnU5v2FiLYhjbLcOZ_&itag=243&aitags=133%2C134%2C135%2C136%2C137%2C160%2C242%2C243%2C244%2C247%2C248%2C271%2C278%2C313&source=youtube&requiressl=yes&mh=82&mm=31%2C29&mn=sn-5njj-u2xl%2Csn-un57en7s&ms=au%2Crdu&mv=m&mvi=6&pl=16&initcwndbps=546250&vprv=1&mime=video%2Fwebm&ns=YS6KeI1Sf2GdXm9MgJIlW48F&gir=yes&clen=8626180&dur=293.226&lmt=1579665342478852&mt=1611742362&fvip=6&keepalive=yes&beids=9466588&c=WEB&txp=6316222&n=bg7-1EzBlrC4if-dVy-L&sparams=expire%2Cei%2Cip%2Cid%2Caitags%2Csource%2Crequiressl%2Cvprv%2Cmime%2Cns%2Cgir%2Cclen%2Cdur%2Clmt&lsparams=mh%2Cmm%2Cmn%2Cms%2Cmv%2Cmvi%2Cpl%2Cinitcwndbps&lsig=AG3C_xAwRAIgVjMbSW842EiZ8awOOfZYz6i2ut2H9wx85ZSdeuYCmh4CIBD_DVdJ2Mpv_x5ptOYGoGaV4NwuKn4ljIYKfeeXaMFQ&sig=AOq0QJ8wRQIgG4T8cfkZ8QS8RTB8T3CF7nkv_1CnIXdjim6nUTNeGIkCIQCY7NB8Qli5s7dSManVGdjHvK_VKFw8xT11V1OZkjf7rA==&ratebypass=yes", "player_url": "/s/player/c6df6ed7/player_ias.vflset/en_US/base.js", "ext": "webm", "height": 360, "format_note": "360p", "vcodec": "vp9", "asr": null, "filesize": 8626180, "fps": 30, "tbr": 301.399, "width": 640, "acodec": "none", "downloader_options": {"http_chunk_size": 10485760}, "format": "243 - 640x360 (360p)", "protocol": "https", "http_headers": {"User-Agent": "Mozilla/5.0 (Windows NT 10.0; Win64; x64) AppleWebKit/537.36 (KHTML, like Gecko) Chrome/72.0.3626.25 Safari/537.36", "Accept-Charset": "ISO-8859-1,utf-8;q=0.7,*;q=0.7", "Accept": "text/html,application/xhtml+xml,application/xml;q=0.9,*/*;q=0.8", "Accept-Encoding": "gzip, deflate", "Accept-Language": "en-us,en;q=0.5"}}, {"format_id": "134", "url": "https://r6---sn-5njj-u2xl.googlevideo.com/videoplayback?expire=1611764516&ei=xD4RYNS6HJeRgAO9hLHwBw&ip=140.109.135.76&id=o-APRV-Q_SsM59SithBsUwOUFSEICnU5v2FiLYhjbLcOZ_&itag=134&aitags=133%2C134%2C135%2C136%2C137%2C160%2C242%2C243%2C244%2C247%2C248%2C271%2C278%2C313&source=youtube&requiressl=yes&mh=82&mm=31%2C29&mn=sn-5njj-u2xl%2Csn-un57en7s&ms=au%2Crdu&mv=m&mvi=6&pl=16&initcwndbps=546250&vprv=1&mime=video%2Fmp4&ns=YS6KeI1Sf2GdXm9MgJIlW48F&gir=yes&clen=12466328&dur=293.226&lmt=1579665311425180&mt=1611742362&fvip=6&keepalive=yes&beids=9466588&c=WEB&txp=6316222&n=bg7-1EzBlrC4if-dVy-L&sparams=expire%2Cei%2Cip%2Cid%2Caitags%2Csource%2Crequiressl%2Cvprv%2Cmime%2Cns%2Cgir%2Cclen%2Cdur%2Clmt&lsparams=mh%2Cmm%2Cmn%2Cms%2Cmv%2Cmvi%2Cpl%2Cinitcwndbps&lsig=AG3C_xAwRgIhAIzuM89wWN6Mk7nuC9RFS6RK2KU_DUfZ0BZ6Nja0PxEXAiEAgjfhZh6pM6cwkwP7C41obWFOXwz3hAO9p2evjBUJ04Q%3D&sig=AOq0QJ8wRgIhAM1X-x-qOMEH1lp7txBh7pPu86W_VjxDU-0ha6LFh8oXAiEAyZPDPcrrllhMTbdjGyK-TAlrtiZm4AcGcWPAP3nzrAQ=&ratebypass=yes", "player_url": "/s/player/c6df6ed7/player_ias.vflset/en_US/base.js", "ext": "mp4", "height": 360, "format_note": "360p", "vcodec": "avc1.4d401e", "asr": null, "filesize": 12466328, "fps": 30, "tbr": 450.11, "width": 640, "acodec": "none", "downloader_options": {"http_chunk_size": 10485760}, "format": "134 - 640x360 (360p)", "protocol": "https", "http_headers": {"User-Agent": "Mozilla/5.0 (Windows NT 10.0; Win64; x64) AppleWebKit/537.36 (KHTML, like Gecko) Chrome/72.0.3626.25 Safari/537.36", "Accept-Charset": "ISO-8859-1,utf-8;q=0.7,*;q=0.7", "Accept": "text/html,application/xhtml+xml,application/xml;q=0.9,*/*;q=0.8", "Accept-Encoding": "gzip, deflate", "Accept-Language": "en-us,en;q=0.5"}}, {"format_id": "244", "url": "https://r6---sn-5njj-u2xl.googlevideo.com/videoplayback?expire=1611764516&ei=xD4RYNS6HJeRgAO9hLHwBw&ip=140.109.135.76&id=o-APRV-Q_SsM59SithBsUwOUFSEICnU5v2FiLYhjbLcOZ_&itag=244&aitags=133%2C134%2C135%2C136%2C137%2C160%2C242%2C243%2C244%2C247%2C248%2C271%2C278%2C313&source=youtube&requiressl=yes&mh=82&mm=31%2C29&mn=sn-5njj-u2xl%2Csn-un57en7s&ms=au%2Crdu&mv=m&mvi=6&pl=16&initcwndbps=546250&vprv=1&mime=video%2Fwebm&ns=YS6KeI1Sf2GdXm9MgJIlW48F&gir=yes&clen=13549476&dur=293.226&lmt=1579665342475165&mt=1611742362&fvip=6&keepalive=yes&beids=9466588&c=WEB&txp=6316222&n=bg7-1EzBlrC4if-dVy-L&sparams=expire%2Cei%2Cip%2Cid%2Caitags%2Csource%2Crequiressl%2Cvprv%2Cmime%2Cns%2Cgir%2Cclen%2Cdur%2Clmt&lsparams=mh%2Cmm%2Cmn%2Cms%2Cmv%2Cmvi%2Cpl%2Cinitcwndbps&lsig=AG3C_xAwRQIhAKiMTjUoMGl5A92JbWh88OQogmr3RyWY1TjbnpQ3Rk3CAiBAsJKZff71Mjk8uDwkZQbvQXd9XHQKQfgTF9whvpORCA%3D%3D&sig=AOq0QJ8wRQIgepxXyYCGQVXgkhfYw31S48H3YQ7sq9S7lRsNjapWJo4CIQD3efymmvdg3L7LNMeKfZpbxryCTo_pYhp1cXbMBrFjQQ==&ratebypass=yes", "player_url": "/s/player/c6df6ed7/player_ias.vflset/en_US/base.js", "ext": "webm", "height": 480, "format_note": "480p", "vcodec": "vp9", "asr": null, "filesize": 13549476, "fps": 30, "tbr": 481.471, "width": 854, "acodec": "none", "downloader_options": {"http_chunk_size": 10485760}, "format": "244 - 854x480 (480p)", "protocol": "https", "http_headers": {"User-Agent": "Mozilla/5.0 (Windows NT 10.0; Win64; x64) AppleWebKit/537.36 (KHTML, like Gecko) Chrome/72.0.3626.25 Safari/537.36", "Accept-Charset": "ISO-8859-1,utf-8;q=0.7,*;q=0.7", "Accept": "text/html,application/xhtml+xml,application/xml;q=0.9,*/*;q=0.8", "Accept-Encoding": "gzip, deflate", "Accept-Language": "en-us,en;q=0.5"}}, {"format_id": "247", "url": "https://r6---sn-5njj-u2xl.googlevideo.com/videoplayback?expire=1611764516&ei=xD4RYNS6HJeRgAO9hLHwBw&ip=140.109.135.76&id=o-APRV-Q_SsM59SithBsUwOUFSEICnU5v2FiLYhjbLcOZ_&itag=247&aitags=133%2C134%2C135%2C136%2C137%2C160%2C242%2C243%2C244%2C247%2C248%2C271%2C278%2C313&source=youtube&requiressl=yes&mh=82&mm=31%2C29&mn=sn-5njj-u2xl%2Csn-un57en7s&ms=au%2Crdu&mv=m&mvi=6&pl=16&initcwndbps=546250&vprv=1&mime=video%2Fwebm&ns=YS6KeI1Sf2GdXm9MgJIlW48F&gir=yes&clen=24191662&dur=293.226&lmt=1579665342474324&mt=1611742362&fvip=6&keepalive=yes&beids=9466588&c=WEB&txp=6316222&n=bg7-1EzBlrC4if-dVy-L&sparams=expire%2Cei%2Cip%2Cid%2Caitags%2Csource%2Crequiressl%2Cvprv%2Cmime%2Cns%2Cgir%2Cclen%2Cdur%2Clmt&lsparams=mh%2Cmm%2Cmn%2Cms%2Cmv%2Cmvi%2Cpl%2Cinitcwndbps&lsig=AG3C_xAwRQIgNCc1oAj8Nc37TqIuhaKfXMU2B3GnOKnN7rg0DP9j404CIQDLO3lqaBGxBXk34H_O2pechwQK-r0OhfkuCHm67pJcSA%3D%3D&sig=AOq0QJ8wRgIhAK65t3g1o13kBBjmsWggR4m41jZcwAvo1-oKlBfCCv1YAiEA-ewvh_auVBalFbdqFPPzn-HjojI2exz8iwBtntnIPcw=&ratebypass=yes", "player_url": "/s/player/c6df6ed7/player_ias.vflset/en_US/base.js", "ext": "webm", "height": 720, "format_note": "720p", "vcodec": "vp9", "asr": null, "filesize": 24191662, "fps": 30, "tbr": 818.558, "width": 1280, "acodec": "none", "downloader_options": {"http_chunk_size": 10485760}, "format": "247 - 1280x720 (720p)", "protocol": "https", "http_headers": {"User-Agent": "Mozilla/5.0 (Windows NT 10.0; Win64; x64) AppleWebKit/537.36 (KHTML, like Gecko) Chrome/72.0.3626.25 Safari/537.36", "Accept-Charset": "ISO-8859-1,utf-8;q=0.7,*;q=0.7", "Accept": "text/html,application/xhtml+xml,application/xml;q=0.9,*/*;q=0.8", "Accept-Encoding": "gzip, deflate", "Accept-Language": "en-us,en;q=0.5"}}, {"format_id": "135", "url": "https://r6---sn-5njj-u2xl.googlevideo.com/videoplayback?expire=1611764516&ei=xD4RYNS6HJeRgAO9hLHwBw&ip=140.109.135.76&id=o-APRV-Q_SsM59SithBsUwOUFSEICnU5v2FiLYhjbLcOZ_&itag=135&aitags=133%2C134%2C135%2C136%2C137%2C160%2C242%2C243%2C244%2C247%2C248%2C271%2C278%2C313&source=youtube&requiressl=yes&mh=82&mm=31%2C29&mn=sn-5njj-u2xl%2Csn-un57en7s&ms=au%2Crdu&mv=m&mvi=6&pl=16&initcwndbps=546250&vprv=1&mime=video%2Fmp4&ns=YS6KeI1Sf2GdXm9MgJIlW48F&gir=yes&clen=20267732&dur=293.226&lmt=1579665311425138&mt=1611742362&fvip=6&keepalive=yes&beids=9466588&c=WEB&txp=6316222&n=bg7-1EzBlrC4if-dVy-L&sparams=expire%2Cei%2Cip%2Cid%2Caitags%2Csource%2Crequiressl%2Cvprv%2Cmime%2Cns%2Cgir%2Cclen%2Cdur%2Clmt&lsparams=mh%2Cmm%2Cmn%2Cms%2Cmv%2Cmvi%2Cpl%2Cinitcwndbps&lsig=AG3C_xAwRgIhAMV27tWGjpv3PJ3G5azDagpilJRz5LqgOtP9tISZKZejAiEAuQ9wPsPvDM1uLE3iU8M1LOithHzlQqYvalXsrQna7do%3D&sig=AOq0QJ8wRQIgT3yd4BQWupY7UKbIoIM6D1Fm3ILoGeuK2-z1Om2Yqo4CIQC-aFf-tya2eN6eVisEOfOUUKhoKlgQzTKXfFqg-rnJEQ==&ratebypass=yes", "player_url": "/s/player/c6df6ed7/player_ias.vflset/en_US/base.js", "ext": "mp4", "height": 480, "format_note": "480p", "vcodec": "avc1.4d401f", "asr": null, "filesize": 20267732, "fps": 30, "tbr": 831.01, "width": 854, "acodec": "none", "downloader_options": {"http_chunk_size": 10485760}, "format": "135 - 854x480 (480p)", "protocol": "https", "http_headers": {"User-Agent": "Mozilla/5.0 (Windows NT 10.0; Win64; x64) AppleWebKit/537.36 (KHTML, like Gecko) Chrome/72.0.3626.25 Safari/537.36", "Accept-Charset": "ISO-8859-1,utf-8;q=0.7,*;q=0.7", "Accept": "text/html,application/xhtml+xml,application/xml;q=0.9,*/*;q=0.8", "Accept-Encoding": "gzip, deflate", "Accept-Language": "en-us,en;q=0.5"}}, {"format_id": "248", "url": "https://r6---sn-5njj-u2xl.googlevideo.com/videoplayback?expire=1611764516&ei=xD4RYNS6HJeRgAO9hLHwBw&ip=140.109.135.76&id=o-APRV-Q_SsM59SithBsUwOUFSEICnU5v2FiLYhjbLcOZ_&itag=248&aitags=133%2C134%2C135%2C136%2C137%2C160%2C242%2C243%2C244%2C247%2C248%2C271%2C278%2C313&source=youtube&requiressl=yes&mh=82&mm=31%2C29&mn=sn-5njj-u2xl%2Csn-un57en7s&ms=au%2Crdu&mv=m&mvi=6&pl=16&initcwndbps=546250&vprv=1&mime=video%2Fwebm&ns=YS6KeI1Sf2GdXm9MgJIlW48F&gir=yes&clen=34809468&dur=293.226&lmt=1579665342533165&mt=1611742362&fvip=6&keepalive=yes&beids=9466588&c=WEB&txp=6316222&n=bg7-1EzBlrC4if-dVy-L&sparams=expire%2Cei%2Cip%2Cid%2Caitags%2Csource%2Crequiressl%2Cvprv%2Cmime%2Cns%2Cgir%2Cclen%2Cdur%2Clmt&lsparams=mh%2Cmm%2Cmn%2Cms%2Cmv%2Cmvi%2Cpl%2Cinitcwndbps&lsig=AG3C_xAwRQIhANijfSbYQ5S5BOssCxJMc01XQP9-mLfy9nVdYGMSFSn3AiBDlLmaC5WECCAp4vQv0oL4UEMCUmoX14zDC78LCIkorQ%3D%3D&sig=AOq0QJ8wRgIhAJlmn9HJNmVxaDWe6qdUJgWy6SWg-gb88JE7S7mbNOLJAiEA-aghmXRQczuaddd-lBa64uQggzN9oqzNVlAVKOfK4oo=&ratebypass=yes", "player_url": "/s/player/c6df6ed7/player_ias.vflset/en_US/base.js", "ext": "webm", "height": 1080, "format_note": "1080p", "vcodec": "vp9", "asr": null, "filesize": 34809468, "fps": 30, "tbr": 1354.498, "width": 1920, "acodec": "none", "downloader_options": {"http_chunk_size": 10485760}, "format": "248 - 1920x1080 (1080p)", "protocol": "https", "http_headers": {"User-Agent": "Mozilla/5.0 (Windows NT 10.0; Win64; x64) AppleWebKit/537.36 (KHTML, like Gecko) Chrome/72.0.3626.25 Safari/537.36", "Accept-Charset": "ISO-8859-1,utf-8;q=0.7,*;q=0.7", "Accept": "text/html,application/xhtml+xml,application/xml;q=0.9,*/*;q=0.8", "Accept-Encoding": "gzip, deflate", "Accept-Language": "en-us,en;q=0.5"}}, {"format_id": "136", "url": "https://r6---sn-5njj-u2xl.googlevideo.com/videoplayback?expire=1611764516&ei=xD4RYNS6HJeRgAO9hLHwBw&ip=140.109.135.76&id=o-APRV-Q_SsM59SithBsUwOUFSEICnU5v2FiLYhjbLcOZ_&itag=136&aitags=133%2C134%2C135%2C136%2C137%2C160%2C242%2C243%2C244%2C247%2C248%2C271%2C278%2C313&source=youtube&requiressl=yes&mh=82&mm=31%2C29&mn=sn-5njj-u2xl%2Csn-un57en7s&ms=au%2Crdu&mv=m&mvi=6&pl=16&initcwndbps=546250&vprv=1&mime=video%2Fmp4&ns=YS6KeI1Sf2GdXm9MgJIlW48F&gir=yes&clen=38974874&dur=293.226&lmt=1579665311425656&mt=1611742362&fvip=6&keepalive=yes&beids=9466588&c=WEB&txp=6316222&n=bg7-1EzBlrC4if-dVy-L&sparams=expire%2Cei%2Cip%2Cid%2Caitags%2Csource%2Crequiressl%2Cvprv%2Cmime%2Cns%2Cgir%2Cclen%2Cdur%2Clmt&lsparams=mh%2Cmm%2Cmn%2Cms%2Cmv%2Cmvi%2Cpl%2Cinitcwndbps&lsig=AG3C_xAwRgIhAKFk-qj_iJ1HPVjCYCEUAJqlLZjFzGcjzNNYDEkLoK6fAiEA9AMVD99Awr-x6UFcZ1SAKUw5ON8bWG2XSA2PWuADo_U%3D&sig=AOq0QJ8wRgIhAKUsqvjW7dcrJhCuqI2N0v8DZOrOw0nbU--4vDSGaQvpAiEAzg65mqHnENSMpqytySFCDMi6kihUuvfzk7MFbEFhAFQ=&ratebypass=yes", "player_url": "/s/player/c6df6ed7/player_ias.vflset/en_US/base.js", "ext": "mp4", "height": 720, "format_note": "720p", "vcodec": "avc1.4d401f", "asr": null, "filesize": 38974874, "fps": 30, "tbr": 1816.087, "width": 1280, "acodec": "none", "downloader_options": {"http_chunk_size": 10485760}, "format": "136 - 1280x720 (720p)", "protocol": "https", "http_headers": {"User-Agent": "Mozilla/5.0 (Windows NT 10.0; Win64; x64) AppleWebKit/537.36 (KHTML, like Gecko) Chrome/72.0.3626.25 Safari/537.36", "Accept-Charset": "ISO-8859-1,utf-8;q=0.7,*;q=0.7", "Accept": "text/html,application/xhtml+xml,application/xml;q=0.9,*/*;q=0.8", "Accept-Encoding": "gzip, deflate", "Accept-Language": "en-us,en;q=0.5"}}, {"format_id": "137", "url": "https://r6---sn-5njj-u2xl.googlevideo.com/videoplayback?expire=1611764516&ei=xD4RYNS6HJeRgAO9hLHwBw&ip=140.109.135.76&id=o-APRV-Q_SsM59SithBsUwOUFSEICnU5v2FiLYhjbLcOZ_&itag=137&aitags=133%2C134%2C135%2C136%2C137%2C160%2C242%2C243%2C244%2C247%2C248%2C271%2C278%2C313&source=youtube&requiressl=yes&mh=82&mm=31%2C29&mn=sn-5njj-u2xl%2Csn-un57en7s&ms=au%2Crdu&mv=m&mvi=6&pl=16&initcwndbps=546250&vprv=1&mime=video%2Fmp4&ns=YS6KeI1Sf2GdXm9MgJIlW48F&gir=yes&clen=71505824&dur=293.226&lmt=1579665311424482&mt=1611742362&fvip=6&keepalive=yes&beids=9466588&c=WEB&txp=6316222&n=bg7-1EzBlrC4if-dVy-L&sparams=expire%2Cei%2Cip%2Cid%2Caitags%2Csource%2Crequiressl%2Cvprv%2Cmime%2Cns%2Cgir%2Cclen%2Cdur%2Clmt&lsparams=mh%2Cmm%2Cmn%2Cms%2Cmv%2Cmvi%2Cpl%2Cinitcwndbps&lsig=AG3C_xAwRQIhAN9l0ep46_TJKGNjYAE5g1oTMuCjM5vvUmEFwXziN15wAiAhPdFOqPDoTujkdn1waK8uhaH4WyH7hJ157iGTX31P8Q%3D%3D&sig=AOq0QJ8wRgIhALyCL3xfZiKOgr8WOCIY0pid0Nmhud2m7RFsZcdU2_MGAiEApup_6it6U0mLZ5nrtSfOgyHVv7dFPMl5Sd9bWIbL4p8=&ratebypass=yes", "player_url": "/s/player/c6df6ed7/player_ias.vflset/en_US/base.js", "ext": "mp4", "height": 1080, "format_note": "1080p", "vcodec": "avc1.640028", "asr": null, "filesize": 71505824, "fps": 30, "tbr": 2782.417, "width": 1920, "acodec": "none", "downloader_options": {"http_chunk_size": 10485760}, "format": "137 - 1920x1080 (1080p)", "protocol": "https", "http_headers": {"User-Agent": "Mozilla/5.0 (Windows NT 10.0; Win64; x64) AppleWebKit/537.36 (KHTML, like Gecko) Chrome/72.0.3626.25 Safari/537.36", "Accept-Charset": "ISO-8859-1,utf-8;q=0.7,*;q=0.7", "Accept": "text/html,application/xhtml+xml,application/xml;q=0.9,*/*;q=0.8", "Accept-Encoding": "gzip, deflate", "Accept-Language": "en-us,en;q=0.5"}}, {"format_id": "271", "url": "https://r6---sn-5njj-u2xl.googlevideo.com/videoplayback?expire=1611764516&ei=xD4RYNS6HJeRgAO9hLHwBw&ip=140.109.135.76&id=o-APRV-Q_SsM59SithBsUwOUFSEICnU5v2FiLYhjbLcOZ_&itag=271&aitags=133%2C134%2C135%2C136%2C137%2C160%2C242%2C243%2C244%2C247%2C248%2C271%2C278%2C313&source=youtube&requiressl=yes&mh=82&mm=31%2C29&mn=sn-5njj-u2xl%2Csn-un57en7s&ms=au%2Crdu&mv=m&mvi=6&pl=16&initcwndbps=546250&vprv=1&mime=video%2Fwebm&ns=YS6KeI1Sf2GdXm9MgJIlW48F&gir=yes&clen=123857663&dur=293.226&lmt=1579665342475155&mt=1611742362&fvip=6&keepalive=yes&beids=9466588&c=WEB&txp=6316222&n=bg7-1EzBlrC4if-dVy-L&sparams=expire%2Cei%2Cip%2Cid%2Caitags%2Csource%2Crequiressl%2Cvprv%2Cmime%2Cns%2Cgir%2Cclen%2Cdur%2Clmt&lsparams=mh%2Cmm%2Cmn%2Cms%2Cmv%2Cmvi%2Cpl%2Cinitcwndbps&lsig=AG3C_xAwRgIhAOk8yvgvRO4lckkDSyfeO5rgMmScZbHn47rXdMNKgjelAiEA0NMPVS0dOYUqPKbIV8-kQ3H8kyHOZhKDEVTSbvtq-Fw%3D&sig=AOq0QJ8wRgIhALmYjxvSAtNm491BsiyjZR-vSPUKaMETF0onID9yRnOBAiEAxXtk6n4DuTmM1UjLSB9GmAaFHKNXcIL95m_rE7vHmMc=&ratebypass=yes", "player_url": "/s/player/c6df6ed7/player_ias.vflset/en_US/base.js", "ext": "webm", "height": 1440, "format_note": "1440p", "vcodec": "vp9", "asr": null, "filesize": 123857663, "fps": 30, "tbr": 3931.228, "width": 2560, "acodec": "none", "downloader_options": {"http_chunk_size": 10485760}, "format": "271 - 2560x1440 (1440p)", "protocol": "https", "http_headers": {"User-Agent": "Mozilla/5.0 (Windows NT 10.0; Win64; x64) AppleWebKit/537.36 (KHTML, like Gecko) Chrome/72.0.3626.25 Safari/537.36", "Accept-Charset": "ISO-8859-1,utf-8;q=0.7,*;q=0.7", "Accept": "text/html,application/xhtml+xml,application/xml;q=0.9,*/*;q=0.8", "Accept-Encoding": "gzip, deflate", "Accept-Language": "en-us,en;q=0.5"}}, {"format_id": "313", "url": "https://r6---sn-5njj-u2xl.googlevideo.com/videoplayback?expire=1611764516&ei=xD4RYNS6HJeRgAO9hLHwBw&ip=140.109.135.76&id=o-APRV-Q_SsM59SithBsUwOUFSEICnU5v2FiLYhjbLcOZ_&itag=313&aitags=133%2C134%2C135%2C136%2C137%2C160%2C242%2C243%2C244%2C247%2C248%2C271%2C278%2C313&source=youtube&requiressl=yes&mh=82&mm=31%2C29&mn=sn-5njj-u2xl%2Csn-un57en7s&ms=au%2Crdu&mv=m&mvi=6&pl=16&initcwndbps=546250&vprv=1&mime=video%2Fwebm&ns=YS6KeI1Sf2GdXm9MgJIlW48F&gir=yes&clen=281466343&dur=293.226&lmt=1579665342474800&mt=1611742362&fvip=6&keepalive=yes&beids=9466588&c=WEB&txp=6316222&n=bg7-1EzBlrC4if-dVy-L&sparams=expire%2Cei%2Cip%2Cid%2Caitags%2Csource%2Crequiressl%2Cvprv%2Cmime%2Cns%2Cgir%2Cclen%2Cdur%2Clmt&lsparams=mh%2Cmm%2Cmn%2Cms%2Cmv%2Cmvi%2Cpl%2Cinitcwndbps&lsig=AG3C_xAwRQIgZ5Wn6N-U8cnQxkQMRmXEnffzyL14Gx2A5pvOWAcAAssCIQDgCYqJ9Oqoaid7X-NX1vh_Q3vE21P9M9n2ZYhELye2dQ%3D%3D&sig=AOq0QJ8wRQIgLBUPL9GW9EnSTo0frT2mz7UxHGU0RZjpE7KFlCXkHwUCIQCJ7EseLaAC1eFODHzBWATMKZagI3rBHDIMUkhzrc2NIQ==&ratebypass=yes", "player_url": "/s/player/c6df6ed7/player_ias.vflset/en_US/base.js", "ext": "webm", "height": 2160, "format_note": "2160p", "vcodec": "vp9", "asr": null, "filesize": 281466343, "fps": 30, "tbr": 8675.479, "width": 3840, "acodec": "none", "downloader_options": {"http_chunk_size": 10485760}, "format": "313 - 3840x2160 (2160p)", "protocol": "https", "http_headers": {"User-Agent": "Mozilla/5.0 (Windows NT 10.0; Win64; x64) AppleWebKit/537.36 (KHTML, like Gecko) Chrome/72.0.3626.25 Safari/537.36", "Accept-Charset": "ISO-8859-1,utf-8;q=0.7,*;q=0.7", "Accept": "text/html,application/xhtml+xml,application/xml;q=0.9,*/*;q=0.8", "Accept-Encoding": "gzip, deflate", "Accept-Language": "en-us,en;q=0.5"}}, {"format_id": "18", "url": "https://r6---sn-5njj-u2xl.googlevideo.com/videoplayback?expire=1611764516&ei=xD4RYNS6HJeRgAO9hLHwBw&ip=140.109.135.76&id=o-APRV-Q_SsM59SithBsUwOUFSEICnU5v2FiLYhjbLcOZ_&itag=18&source=youtube&requiressl=yes&mh=82&mm=31%2C29&mn=sn-5njj-u2xl%2Csn-un57en7s&ms=au%2Crdu&mv=m&mvi=6&pl=16&initcwndbps=546250&vprv=1&mime=video%2Fmp4&ns=_OpSBdCbNFVSufce0NADohUF&gir=yes&clen=16730938&ratebypass=yes&dur=293.268&lmt=1579665322673448&mt=1611742362&fvip=6&beids=9466588&c=WEB&txp=6316222&n=eEDub5oRi1yhZU73nZip&sparams=expire%2Cei%2Cip%2Cid%2Citag%2Csource%2Crequiressl%2Cvprv%2Cmime%2Cns%2Cgir%2Cclen%2Cratebypass%2Cdur%2Clmt&lsparams=mh%2Cmm%2Cmn%2Cms%2Cmv%2Cmvi%2Cpl%2Cinitcwndbps&lsig=AG3C_xAwRQIgFB9NsCdbH8mn0i8JTS-qbF6v4gZegcGWmyIeDjBqKxQCIQDCXfeUxEtwuxxuONUHJb9USwQ0WkxGZQ2n4NHpqMVPiA%3D%3D&sig=AOq0QJ8wRQIhAJdGwd5Hik1rI_uGsX-8mL5zc2JUkJoTKc8CnWjsE6yQAiBsB7M6092fKpiAWNsNCfSS72kgNCgRfGGtz1NBQoFPkA==", "player_url": "/s/player/c6df6ed7/player_ias.vflset/en_US/base.js", "ext": "mp4", "width": 640, "height": 360, "acodec": "mp4a.40.2", "abr": 96, "vcodec": "avc1.42001E", "asr": 44100, "filesize": 16730938, "format_note": "360p", "fps": 30, "tbr": 456.465, "format": "18 - 640x360 (360p)", "protocol": "https", "http_headers": {"User-Agent": "Mozilla/5.0 (Windows NT 10.0; Win64; x64) AppleWebKit/537.36 (KHTML, like Gecko) Chrome/72.0.3626.25 Safari/537.36", "Accept-Charset": "ISO-8859-1,utf-8;q=0.7,*;q=0.7", "Accept": "text/html,application/xhtml+xml,application/xml;q=0.9,*/*;q=0.8", "Accept-Encoding": "gzip, deflate", "Accept-Language": "en-us,en;q=0.5"}}], "is_live": null, "start_time": null, "end_time": null, "series": null, "season_number": null, "episode_number": null, "track": null, "artist": null, "album": null, "release_date": null, "release_year": null, "extractor": "youtube", "webpage_url_basename": "watch", "extractor_key": "Youtube", "playlist": null, "playlist_index": null, "thumbnail": "https://i.ytimg.com/vi_webp/22S3w4idugs/maxresdefault.webp", "display_id": "22S3w4idugs", "requested_subtitles": null, "format_id": "251", "url": "https://r6---sn-5njj-u2xl.googlevideo.com/videoplayback?expire=1611764516&ei=xD4RYNS6HJeRgAO9hLHwBw&ip=140.109.135.76&id=o-APRV-Q_SsM59SithBsUwOUFSEICnU5v2FiLYhjbLcOZ_&itag=251&source=youtube&requiressl=yes&mh=82&mm=31%2C29&mn=sn-5njj-u2xl%2Csn-un57en7s&ms=au%2Crdu&mv=m&mvi=6&pl=16&initcwndbps=546250&vprv=1&mime=audio%2Fwebm&ns=YS6KeI1Sf2GdXm9MgJIlW48F&gir=yes&clen=5568810&dur=293.241&lmt=1579681335444297&mt=1611742362&fvip=6&keepalive=yes&beids=9466588&c=WEB&txp=6301222&n=bg7-1EzBlrC4if-dVy-L&sparams=expire%2Cei%2Cip%2Cid%2Citag%2Csource%2Crequiressl%2Cvprv%2Cmime%2Cns%2Cgir%2Cclen%2Cdur%2Clmt&lsparams=mh%2Cmm%2Cmn%2Cms%2Cmv%2Cmvi%2Cpl%2Cinitcwndbps&lsig=AG3C_xAwRQIgXxR8EROOwfOu4J2Nux7XbXXjuU8oMw-cQlIQbDsWvSUCIQChTTVM08mnxDUzURPUfqEktEuplqU44iYsK9eHwwQxsg%3D%3D&sig=AOq0QJ8wRAIgMengqmDnNydKgHEiys9Mk7SxMcrPbJIG-oOXrZguiI0CIAflp_Zf14uDGwmTqNVWb_NRCQJk5lEs23gut1UZsO8i&ratebypass=yes", "player_url": "/s/player/c6df6ed7/player_ias.vflset/en_US/base.js", "ext": "webm", "format_note": "tiny", "acodec": "opus", "abr": 160, "asr": 48000, "filesize": 5568810, "fps": null, "height": null, "tbr": 160.625, "width": null, "vcodec": "none", "downloader_options": {"http_chunk_size": 10485760}, "format": "251 - audio only (tiny)", "protocol": "https", "http_headers": {"User-Agent": "Mozilla/5.0 (Windows NT 10.0; Win64; x64) AppleWebKit/537.36 (KHTML, like Gecko) Chrome/72.0.3626.25 Safari/537.36", "Accept-Charset": "ISO-8859-1,utf-8;q=0.7,*;q=0.7", "Accept": "text/html,application/xhtml+xml,application/xml;q=0.9,*/*;q=0.8", "Accept-Encoding": "gzip, deflate", "Accept-Language": "en-us,en;q=0.5"}}