{"id": "4dXC1cC7crw", "uploader": "Piano in U", "uploader_id": "UC65OhXlLUNeuWJ_j5jUU2tQ", "uploader_url": "http://www.youtube.com/channel/UC65OhXlLUNeuWJ_j5jUU2tQ", "channel_id": "UC65OhXlLUNeuWJ_j5jUU2tQ", "channel_url": "http://www.youtube.com/channel/UC65OhXlLUNeuWJ_j5jUU2tQ", "upload_date": "20200407", "license": "Creative Commons Attribution license (reuse allowed)", "creator": null, "title": "\ud558\ud604\uc6b0 - '\ub3cc\ub369\uc774' \uc774\ud0dc\uc6d0 \ud074\ub77c\uc4f0 OST(Itaewon class) / Piano Cover / Sheet", "alt_title": null, "thumbnails": [{"url": "https://i.ytimg.com/vi/4dXC1cC7crw/hqdefault.jpg?sqp=-oaymwEYCKgBEF5IVfKriqkDCwgBFQAAiEIYAXAB&rs=AOn4CLAY3rDnFU3d8ADwkC6gS7W2PWx1LQ", "width": 168, "height": 94, "resolution": "168x94", "id": "0"}, {"url": "https://i.ytimg.com/vi/4dXC1cC7crw/hqdefault.jpg?sqp=-oaymwEYCMQBEG5IVfKriqkDCwgBFQAAiEIYAXAB&rs=AOn4CLB7h43kYdXZESD6aJqztk5z8RId5g", "width": 196, "height": 110, "resolution": "196x110", "id": "1"}, {"url": "https://i.ytimg.com/vi/4dXC1cC7crw/hqdefault.jpg?sqp=-oaymwEZCPYBEIoBSFXyq4qpAwsIARUAAIhCGAFwAQ==&rs=AOn4CLCeTPkqqDKmf8zfDymLa9tqXnUAFQ", "width": 246, "height": 138, "resolution": "246x138", "id": "2"}, {"url": "https://i.ytimg.com/vi/4dXC1cC7crw/hqdefault.jpg?sqp=-oaymwEZCNACELwBSFXyq4qpAwsIARUAAIhCGAFwAQ==&rs=AOn4CLBv0ES70w0DDksvjdclH-nABSHacw", "width": 336, "height": 188, "resolution": "336x188", "id": "3"}, {"url": "https://i.ytimg.com/vi_webp/4dXC1cC7crw/maxresdefault.webp", "width": 1920, "height": 1080, "resolution": "1920x1080", "id": "4"}], "description": "\u266c Piano Sheet   \nhttps://www.mymusicsheet.com/pianoinu/10014\n\u266c \ud53c\uc544\ub178 \uc545\ubcf4\nhttps://www.mapianist.com/piano/sheet/29844\n\u266c \u30d4\u30a2\u30ce\u697d\u8b5c\nhttps://www.kokomu.jp/sheet-music/3873\n\n \"\ud53c\uc544\ub178\uc778\uc720 \ubca0\uc2a4\ud2b8 OST \ud53c\uc544\ub178\ucee4\ubc84\" \uc545\ubcf4\uc9d1 \ud310\ub9e4\uc911\uc785\ub2c8\ub2e4.\nhttps://smartstore.naver.com/pianoin_u/products/4823648447\n\nThanks for Watching. \nPlease like and Subscribe\u2661", "categories": ["Music"], "tags": ["\ud53c\uc544\ub178\uc778\uc720", "piano in u", "PIANOiNU", "pianoinu", "kpop piano", "sheet music", "\ucf00\uc774\ud31d\ud53c\uc544\ub178", "ost piano", "ost", "piano", "\ud53c\uc544\ub178", "\uc545\ubcf4", "pop", "\ud31d", "\uc7a0\uc798\ub54c", "\uacf5\ubd80\ud560\ub54c", "sleep", "study", "cover", "\ucee4\ubc84", "sheet", "\uc7a0 \uc798 \ub54c", "\uacf5\ubd80\ud560 \ub54c", "\uc794\uc794\ud55c", "\uc74c\uc545", "\ubba4\uc9c1", "music", "\ud558\ud604\uc6b0", "\ub3cc\ub369\uc774", "\uc774\ud0dc\uc6d0\ud074\ub77c\uc4f0", "\uc774\ud0dc\uc6d0 \ud074\ub77c\uc4f0", "\ub4dc\ub77c\ub9c8", "Itaewon Class", "ItaewonClass", "\u77f3\u3053\u308d - \u30cf\u30fb\u30d2\u30e7\u30cc", "\u68a8\u6cf0\u9662\u30af\u30e9\u30b9", "\u30d4\u30a2\u30ce", "\u30d4\u30a2\u30ce\u697d\u8b5c"], "subtitles": {}, "automatic_captions": {}, "duration": 208, "age_limit": 0, "annotations": null, "chapters": null, "webpage_url": "https://www.youtube.com/watch?v=4dXC1cC7crw", "view_count": 56370, "like_count": 911, "dislike_count": 8, "average_rating": 4.9651794, "formats": [{"format_id": "249", "url": "https://r6---sn-5njj-u2xl.googlevideo.com/videoplayback?expire=1611764407&ei=Vz4RYLnrBYb-4gKjl7SACA&ip=140.109.135.76&id=o-AJkrnto93aeoNXpQZ5mkXOo7GBTGhqfTil_0rURTdUeO&itag=249&source=youtube&requiressl=yes&mh=sn&mm=31%2C29&mn=sn-5njj-u2xl%2Csn-un57en7l&ms=au%2Crdu&mv=m&mvi=6&pl=16&initcwndbps=546250&vprv=1&mime=audio%2Fwebm&ns=8Y4dxuEQNQQYoUrLIRV_iIoF&gir=yes&clen=1531916&dur=207.901&lmt=1586162438867616&mt=1611742362&fvip=6&keepalive=yes&c=WEB&txp=6311222&n=1UOt84w1kuZkfbQNrRjq&sparams=expire%2Cei%2Cip%2Cid%2Citag%2Csource%2Crequiressl%2Cvprv%2Cmime%2Cns%2Cgir%2Cclen%2Cdur%2Clmt&sig=AOq0QJ8wRAIgOd_tTXKypi0kdw2rqmtK6pEKgA-3L1zzA27x7wwP5u4CIBWdZQaynT13kYAgAABbc6lgI8lZw4WBUFKOwdfwMg2z&lsparams=mh%2Cmm%2Cmn%2Cms%2Cmv%2Cmvi%2Cpl%2Cinitcwndbps&lsig=AG3C_xAwRQIgbFQ8etrhmJvaSnME-qNihfUvPMBENf7QPqhKe6t0xaACIQDbqNqBDKU-O54eOcf6SWT4aZEa3O6qtmLDji-cEv__Lw%3D%3D&ratebypass=yes", "player_url": null, "ext": "webm", "format_note": "tiny", "acodec": "opus", "abr": 50, "asr": 48000, "filesize": 1531916, "fps": null, "height": null, "tbr": 67.07, "width": null, "vcodec": "none", "downloader_options": {"http_chunk_size": 10485760}, "format": "249 - audio only (tiny)", "protocol": "https", "http_headers": {"User-Agent": "Mozilla/5.0 (Windows NT 10.0; Win64; x64) AppleWebKit/537.36 (KHTML, like Gecko) Chrome/72.0.3626.25 Safari/537.36", "Accept-Charset": "ISO-8859-1,utf-8;q=0.7,*;q=0.7", "Accept": "text/html,application/xhtml+xml,application/xml;q=0.9,*/*;q=0.8", "Accept-Encoding": "gzip, deflate", "Accept-Language": "en-us,en;q=0.5"}}, {"format_id": "250", "url": "https://r6---sn-5njj-u2xl.googlevideo.com/videoplayback?expire=1611764407&ei=Vz4RYLnrBYb-4gKjl7SACA&ip=140.109.135.76&id=o-AJkrnto93aeoNXpQZ5mkXOo7GBTGhqfTil_0rURTdUeO&itag=250&source=youtube&requiressl=yes&mh=sn&mm=31%2C29&mn=sn-5njj-u2xl%2Csn-un57en7l&ms=au%2Crdu&mv=m&mvi=6&pl=16&initcwndbps=546250&vprv=1&mime=audio%2Fwebm&ns=8Y4dxuEQNQQYoUrLIRV_iIoF&gir=yes&clen=2053106&dur=207.901&lmt=1586162439265601&mt=1611742362&fvip=6&keepalive=yes&c=WEB&txp=6311222&n=1UOt84w1kuZkfbQNrRjq&sparams=expire%2Cei%2Cip%2Cid%2Citag%2Csource%2Crequiressl%2Cvprv%2Cmime%2Cns%2Cgir%2Cclen%2Cdur%2Clmt&sig=AOq0QJ8wRgIhAKRPhN6BzAj6iFjERUPv5PFTyVc2A83gswRf_iBAjhuVAiEAyQoMlZOEmcrQd21Up5Xjium0v95hz1hKAa_1_hTJWj4%3D&lsparams=mh%2Cmm%2Cmn%2Cms%2Cmv%2Cmvi%2Cpl%2Cinitcwndbps&lsig=AG3C_xAwRQIgbFQ8etrhmJvaSnME-qNihfUvPMBENf7QPqhKe6t0xaACIQDbqNqBDKU-O54eOcf6SWT4aZEa3O6qtmLDji-cEv__Lw%3D%3D&ratebypass=yes", "player_url": null, "ext": "webm", "format_note": "tiny", "acodec": "opus", "abr": 70, "asr": 48000, "filesize": 2053106, "fps": null, "height": null, "tbr": 89.027, "width": null, "vcodec": "none", "downloader_options": {"http_chunk_size": 10485760}, "format": "250 - audio only (tiny)", "protocol": "https", "http_headers": {"User-Agent": "Mozilla/5.0 (Windows NT 10.0; Win64; x64) AppleWebKit/537.36 (KHTML, like Gecko) Chrome/72.0.3626.25 Safari/537.36", "Accept-Charset": "ISO-8859-1,utf-8;q=0.7,*;q=0.7", "Accept": "text/html,application/xhtml+xml,application/xml;q=0.9,*/*;q=0.8", "Accept-Encoding": "gzip, deflate", "Accept-Language": "en-us,en;q=0.5"}}, {"format_id": "140", "url": "https://r6---sn-5njj-u2xl.googlevideo.com/videoplayback?expire=1611764407&ei=Vz4RYLnrBYb-4gKjl7SACA&ip=140.109.135.76&id=o-AJkrnto93aeoNXpQZ5mkXOo7GBTGhqfTil_0rURTdUeO&itag=140&source=youtube&requiressl=yes&mh=sn&mm=31%2C29&mn=sn-5njj-u2xl%2Csn-un57en7l&ms=au%2Crdu&mv=m&mvi=6&pl=16&initcwndbps=546250&vprv=1&mime=audio%2Fmp4&ns=8Y4dxuEQNQQYoUrLIRV_iIoF&gir=yes&clen=3365875&dur=207.934&lmt=1586162450781236&mt=1611742362&fvip=6&keepalive=yes&c=WEB&txp=6311222&n=1UOt84w1kuZkfbQNrRjq&sparams=expire%2Cei%2Cip%2Cid%2Citag%2Csource%2Crequiressl%2Cvprv%2Cmime%2Cns%2Cgir%2Cclen%2Cdur%2Clmt&sig=AOq0QJ8wRQIgXOt5GIo6AjBMk6NbD3JBEHc9DThnefXOHEnR1pymW-0CIQDseiz6ehHCWEzmyszRy0XVAYduQtk2AeLpxZgO0pHTuA%3D%3D&lsparams=mh%2Cmm%2Cmn%2Cms%2Cmv%2Cmvi%2Cpl%2Cinitcwndbps&lsig=AG3C_xAwRQIgbFQ8etrhmJvaSnME-qNihfUvPMBENf7QPqhKe6t0xaACIQDbqNqBDKU-O54eOcf6SWT4aZEa3O6qtmLDji-cEv__Lw%3D%3D&ratebypass=yes", "player_url": null, "ext": "m4a", "format_note": "tiny", "acodec": "mp4a.40.2", "abr": 128, "container": "m4a_dash", "asr": 44100, "filesize": 3365875, "fps": null, "height": null, "tbr": 130.457, "width": null, "vcodec": "none", "downloader_options": {"http_chunk_size": 10485760}, "format": "140 - audio only (tiny)", "protocol": "https", "http_headers": {"User-Agent": "Mozilla/5.0 (Windows NT 10.0; Win64; x64) AppleWebKit/537.36 (KHTML, like Gecko) Chrome/72.0.3626.25 Safari/537.36", "Accept-Charset": "ISO-8859-1,utf-8;q=0.7,*;q=0.7", "Accept": "text/html,application/xhtml+xml,application/xml;q=0.9,*/*;q=0.8", "Accept-Encoding": "gzip, deflate", "Accept-Language": "en-us,en;q=0.5"}}, {"format_id": "251", "url": "https://r6---sn-5njj-u2xl.googlevideo.com/videoplayback?expire=1611764407&ei=Vz4RYLnrBYb-4gKjl7SACA&ip=140.109.135.76&id=o-AJkrnto93aeoNXpQZ5mkXOo7GBTGhqfTil_0rURTdUeO&itag=251&source=youtube&requiressl=yes&mh=sn&mm=31%2C29&mn=sn-5njj-u2xl%2Csn-un57en7l&ms=au%2Crdu&mv=m&mvi=6&pl=16&initcwndbps=546250&vprv=1&mime=audio%2Fwebm&ns=8Y4dxuEQNQQYoUrLIRV_iIoF&gir=yes&clen=3947203&dur=207.901&lmt=1586162439264885&mt=1611742362&fvip=6&keepalive=yes&c=WEB&txp=6311222&n=1UOt84w1kuZkfbQNrRjq&sparams=expire%2Cei%2Cip%2Cid%2Citag%2Csource%2Crequiressl%2Cvprv%2Cmime%2Cns%2Cgir%2Cclen%2Cdur%2Clmt&sig=AOq0QJ8wRgIhANZwws3bRPtXa9MySLQxegtwC6631E9Rokb43RmWozthAiEAhdOKY6R01dB4APD9uieZm1b8z-3EatUAqq_p1G2USt4%3D&lsparams=mh%2Cmm%2Cmn%2Cms%2Cmv%2Cmvi%2Cpl%2Cinitcwndbps&lsig=AG3C_xAwRQIgbFQ8etrhmJvaSnME-qNihfUvPMBENf7QPqhKe6t0xaACIQDbqNqBDKU-O54eOcf6SWT4aZEa3O6qtmLDji-cEv__Lw%3D%3D&ratebypass=yes", "player_url": null, "ext": "webm", "format_note": "tiny", "acodec": "opus", "abr": 160, "asr": 48000, "filesize": 3947203, "fps": null, "height": null, "tbr": 168.73, "width": null, "vcodec": "none", "downloader_options": {"http_chunk_size": 10485760}, "format": "251 - audio only (tiny)", "protocol": "https", "http_headers": {"User-Agent": "Mozilla/5.0 (Windows NT 10.0; Win64; x64) AppleWebKit/537.36 (KHTML, like Gecko) Chrome/72.0.3626.25 Safari/537.36", "Accept-Charset": "ISO-8859-1,utf-8;q=0.7,*;q=0.7", "Accept": "text/html,application/xhtml+xml,application/xml;q=0.9,*/*;q=0.8", "Accept-Encoding": "gzip, deflate", "Accept-Language": "en-us,en;q=0.5"}}, {"format_id": "278", "url": "https://r6---sn-5njj-u2xl.googlevideo.com/videoplayback?expire=1611764407&ei=Vz4RYLnrBYb-4gKjl7SACA&ip=140.109.135.76&id=o-AJkrnto93aeoNXpQZ5mkXOo7GBTGhqfTil_0rURTdUeO&itag=278&aitags=133%2C134%2C135%2C136%2C160%2C242%2C243%2C244%2C247%2C278%2C298%2C299%2C302%2C303&source=youtube&requiressl=yes&mh=sn&mm=31%2C29&mn=sn-5njj-u2xl%2Csn-un57en7l&ms=au%2Crdu&mv=m&mvi=6&pl=16&initcwndbps=546250&vprv=1&mime=video%2Fwebm&ns=8Y4dxuEQNQQYoUrLIRV_iIoF&gir=yes&clen=1994364&dur=207.920&lmt=1586162466916538&mt=1611742362&fvip=6&keepalive=yes&c=WEB&txp=6316222&n=1UOt84w1kuZkfbQNrRjq&sparams=expire%2Cei%2Cip%2Cid%2Caitags%2Csource%2Crequiressl%2Cvprv%2Cmime%2Cns%2Cgir%2Cclen%2Cdur%2Clmt&sig=AOq0QJ8wRAIgMbxft2x0UhoElHFIHroh4TWgbo57UoTg2irZ0QrHXXMCIG3I36EOCo02CIUiaH6X9IZySPYuG1ujp5nq8Dqynxbp&lsparams=mh%2Cmm%2Cmn%2Cms%2Cmv%2Cmvi%2Cpl%2Cinitcwndbps&lsig=AG3C_xAwRQIgbFQ8etrhmJvaSnME-qNihfUvPMBENf7QPqhKe6t0xaACIQDbqNqBDKU-O54eOcf6SWT4aZEa3O6qtmLDji-cEv__Lw%3D%3D&ratebypass=yes", "player_url": null, "ext": "webm", "height": 144, "format_note": "144p", "container": "webm", "vcodec": "vp9", "asr": null, "filesize": 1994364, "fps": 25, "tbr": 82.695, "width": 256, "acodec": "none", "downloader_options": {"http_chunk_size": 10485760}, "format": "278 - 256x144 (144p)", "protocol": "https", "http_headers": {"User-Agent": "Mozilla/5.0 (Windows NT 10.0; Win64; x64) AppleWebKit/537.36 (KHTML, like Gecko) Chrome/72.0.3626.25 Safari/537.36", "Accept-Charset": "ISO-8859-1,utf-8;q=0.7,*;q=0.7", "Accept": "text/html,application/xhtml+xml,application/xml;q=0.9,*/*;q=0.8", "Accept-Encoding": "gzip, deflate", "Accept-Language": "en-us,en;q=0.5"}}, {"format_id": "160", "url": "https://r6---sn-5njj-u2xl.googlevideo.com/videoplayback?expire=1611764407&ei=Vz4RYLnrBYb-4gKjl7SACA&ip=140.109.135.76&id=o-AJkrnto93aeoNXpQZ5mkXOo7GBTGhqfTil_0rURTdUeO&itag=160&aitags=133%2C134%2C135%2C136%2C160%2C242%2C243%2C244%2C247%2C278%2C298%2C299%2C302%2C303&source=youtube&requiressl=yes&mh=sn&mm=31%2C29&mn=sn-5njj-u2xl%2Csn-un57en7l&ms=au%2Crdu&mv=m&mvi=6&pl=16&initcwndbps=546250&vprv=1&mime=video%2Fmp4&ns=8Y4dxuEQNQQYoUrLIRV_iIoF&gir=yes&clen=2158653&dur=207.920&lmt=1586162493354531&mt=1611742362&fvip=6&keepalive=yes&c=WEB&txp=6316222&n=1UOt84w1kuZkfbQNrRjq&sparams=expire%2Cei%2Cip%2Cid%2Caitags%2Csource%2Crequiressl%2Cvprv%2Cmime%2Cns%2Cgir%2Cclen%2Cdur%2Clmt&sig=AOq0QJ8wRQIhAInYn7naOEk7edBTZT2tINksQecTfMuqV0xZSGhqeGzaAiAYvYDYbDeGbpLglRhulkYgid28BemG61_nVxyWadRxLw%3D%3D&lsparams=mh%2Cmm%2Cmn%2Cms%2Cmv%2Cmvi%2Cpl%2Cinitcwndbps&lsig=AG3C_xAwRQIgbFQ8etrhmJvaSnME-qNihfUvPMBENf7QPqhKe6t0xaACIQDbqNqBDKU-O54eOcf6SWT4aZEa3O6qtmLDji-cEv__Lw%3D%3D&ratebypass=yes", "player_url": null, "ext": "mp4", "height": 144, "format_note": "144p", "vcodec": "avc1.4d400c", "asr": null, "filesize": 2158653, "fps": 25, "tbr": 113.333, "width": 256, "acodec": "none", "downloader_options": {"http_chunk_size": 10485760}, "format": "160 - 256x144 (144p)", "protocol": "https", "http_headers": {"User-Agent": "Mozilla/5.0 (Windows NT 10.0; Win64; x64) AppleWebKit/537.36 (KHTML, like Gecko) Chrome/72.0.3626.25 Safari/537.36", "Accept-Charset": "ISO-8859-1,utf-8;q=0.7,*;q=0.7", "Accept": "text/html,application/xhtml+xml,application/xml;q=0.9,*/*;q=0.8", "Accept-Encoding": "gzip, deflate", "Accept-Language": "en-us,en;q=0.5"}}, {"format_id": "242", "url": "https://r6---sn-5njj-u2xl.googlevideo.com/videoplayback?expire=1611764407&ei=Vz4RYLnrBYb-4gKjl7SACA&ip=140.109.135.76&id=o-AJkrnto93aeoNXpQZ5mkXOo7GBTGhqfTil_0rURTdUeO&itag=242&aitags=133%2C134%2C135%2C136%2C160%2C242%2C243%2C244%2C247%2C278%2C298%2C299%2C302%2C303&source=youtube&requiressl=yes&mh=sn&mm=31%2C29&mn=sn-5njj-u2xl%2Csn-un57en7l&ms=au%2Crdu&mv=m&mvi=6&pl=16&initcwndbps=546250&vprv=1&mime=video%2Fwebm&ns=8Y4dxuEQNQQYoUrLIRV_iIoF&gir=yes&clen=3423407&dur=207.920&lmt=1586162466915991&mt=1611742362&fvip=6&keepalive=yes&c=WEB&txp=6316222&n=1UOt84w1kuZkfbQNrRjq&sparams=expire%2Cei%2Cip%2Cid%2Caitags%2Csource%2Crequiressl%2Cvprv%2Cmime%2Cns%2Cgir%2Cclen%2Cdur%2Clmt&sig=AOq0QJ8wRgIhAKSGjb5AYDSW9bjMOUEkk8foCoy2kUUk86F_9o8AtGX0AiEAhmDx4lct-XnrOiL6N8gsussJBrb4MQ5ptog_6LAyIqQ%3D&lsparams=mh%2Cmm%2Cmn%2Cms%2Cmv%2Cmvi%2Cpl%2Cinitcwndbps&lsig=AG3C_xAwRQIgbFQ8etrhmJvaSnME-qNihfUvPMBENf7QPqhKe6t0xaACIQDbqNqBDKU-O54eOcf6SWT4aZEa3O6qtmLDji-cEv__Lw%3D%3D&ratebypass=yes", "player_url": null, "ext": "webm", "height": 240, "format_note": "240p", "vcodec": "vp9", "asr": null, "filesize": 3423407, "fps": 25, "tbr": 168.849, "width": 426, "acodec": "none", "downloader_options": {"http_chunk_size": 10485760}, "format": "242 - 426x240 (240p)", "protocol": "https", "http_headers": {"User-Agent": "Mozilla/5.0 (Windows NT 10.0; Win64; x64) AppleWebKit/537.36 (KHTML, like Gecko) Chrome/72.0.3626.25 Safari/537.36", "Accept-Charset": "ISO-8859-1,utf-8;q=0.7,*;q=0.7", "Accept": "text/html,application/xhtml+xml,application/xml;q=0.9,*/*;q=0.8", "Accept-Encoding": "gzip, deflate", "Accept-Language": "en-us,en;q=0.5"}}, {"format_id": "133", "url": "https://r6---sn-5njj-u2xl.googlevideo.com/videoplayback?expire=1611764407&ei=Vz4RYLnrBYb-4gKjl7SACA&ip=140.109.135.76&id=o-AJkrnto93aeoNXpQZ5mkXOo7GBTGhqfTil_0rURTdUeO&itag=133&aitags=133%2C134%2C135%2C136%2C160%2C242%2C243%2C244%2C247%2C278%2C298%2C299%2C302%2C303&source=youtube&requiressl=yes&mh=sn&mm=31%2C29&mn=sn-5njj-u2xl%2Csn-un57en7l&ms=au%2Crdu&mv=m&mvi=6&pl=16&initcwndbps=546250&vprv=1&mime=video%2Fmp4&ns=8Y4dxuEQNQQYoUrLIRV_iIoF&gir=yes&clen=4890327&dur=207.920&lmt=1586162493354231&mt=1611742362&fvip=6&keepalive=yes&c=WEB&txp=6316222&n=1UOt84w1kuZkfbQNrRjq&sparams=expire%2Cei%2Cip%2Cid%2Caitags%2Csource%2Crequiressl%2Cvprv%2Cmime%2Cns%2Cgir%2Cclen%2Cdur%2Clmt&sig=AOq0QJ8wRQIhAO4GoVnSCK_YsPagIiXQ54fsLbo9vaUZN1ndYMcZDYhlAiBsKQ10AB4NDuLG1utEpEJgSaPNWbpLPYrq9ksEHIskBg%3D%3D&lsparams=mh%2Cmm%2Cmn%2Cms%2Cmv%2Cmvi%2Cpl%2Cinitcwndbps&lsig=AG3C_xAwRQIgbFQ8etrhmJvaSnME-qNihfUvPMBENf7QPqhKe6t0xaACIQDbqNqBDKU-O54eOcf6SWT4aZEa3O6qtmLDji-cEv__Lw%3D%3D&ratebypass=yes", "player_url": null, "ext": "mp4", "height": 240, "format_note": "240p", "vcodec": "avc1.4d4015", "asr": null, "filesize": 4890327, "fps": 25, "tbr": 250.042, "width": 426, "acodec": "none", "downloader_options": {"http_chunk_size": 10485760}, "format": "133 - 426x240 (240p)", "protocol": "https", "http_headers": {"User-Agent": "Mozilla/5.0 (Windows NT 10.0; Win64; x64) AppleWebKit/537.36 (KHTML, like Gecko) Chrome/72.0.3626.25 Safari/537.36", "Accept-Charset": "ISO-8859-1,utf-8;q=0.7,*;q=0.7", "Accept": "text/html,application/xhtml+xml,application/xml;q=0.9,*/*;q=0.8", "Accept-Encoding": "gzip, deflate", "Accept-Language": "en-us,en;q=0.5"}}, {"format_id": "243", "url": "https://r6---sn-5njj-u2xl.googlevideo.com/videoplayback?expire=1611764407&ei=Vz4RYLnrBYb-4gKjl7SACA&ip=140.109.135.76&id=o-AJkrnto93aeoNXpQZ5mkXOo7GBTGhqfTil_0rURTdUeO&itag=243&aitags=133%2C134%2C135%2C136%2C160%2C242%2C243%2C244%2C247%2C278%2C298%2C299%2C302%2C303&source=youtube&requiressl=yes&mh=sn&mm=31%2C29&mn=sn-5njj-u2xl%2Csn-un57en7l&ms=au%2Crdu&mv=m&mvi=6&pl=16&initcwndbps=546250&vprv=1&mime=video%2Fwebm&ns=8Y4dxuEQNQQYoUrLIRV_iIoF&gir=yes&clen=6029017&dur=207.920&lmt=1586162466924349&mt=1611742362&fvip=6&keepalive=yes&c=WEB&txp=6316222&n=1UOt84w1kuZkfbQNrRjq&sparams=expire%2Cei%2Cip%2Cid%2Caitags%2Csource%2Crequiressl%2Cvprv%2Cmime%2Cns%2Cgir%2Cclen%2Cdur%2Clmt&sig=AOq0QJ8wRQIgbjpfXq6A635NAnw0r1qO0VMLqcT94vM7_NbGpAGB2uICIQDP6mGbYVeM2V9991_rGEz-X3wSeZ0MdcGVUCQkUL9-vA%3D%3D&lsparams=mh%2Cmm%2Cmn%2Cms%2Cmv%2Cmvi%2Cpl%2Cinitcwndbps&lsig=AG3C_xAwRQIgbFQ8etrhmJvaSnME-qNihfUvPMBENf7QPqhKe6t0xaACIQDbqNqBDKU-O54eOcf6SWT4aZEa3O6qtmLDji-cEv__Lw%3D%3D&ratebypass=yes", "player_url": null, "ext": "webm", "height": 360, "format_note": "360p", "vcodec": "vp9", "asr": null, "filesize": 6029017, "fps": 25, "tbr": 297.401, "width": 640, "acodec": "none", "downloader_options": {"http_chunk_size": 10485760}, "format": "243 - 640x360 (360p)", "protocol": "https", "http_headers": {"User-Agent": "Mozilla/5.0 (Windows NT 10.0; Win64; x64) AppleWebKit/537.36 (KHTML, like Gecko) Chrome/72.0.3626.25 Safari/537.36", "Accept-Charset": "ISO-8859-1,utf-8;q=0.7,*;q=0.7", "Accept": "text/html,application/xhtml+xml,application/xml;q=0.9,*/*;q=0.8", "Accept-Encoding": "gzip, deflate", "Accept-Language": "en-us,en;q=0.5"}}, {"format_id": "134", "url": "https://r6---sn-5njj-u2xl.googlevideo.com/videoplayback?expire=1611764407&ei=Vz4RYLnrBYb-4gKjl7SACA&ip=140.109.135.76&id=o-AJkrnto93aeoNXpQZ5mkXOo7GBTGhqfTil_0rURTdUeO&itag=134&aitags=133%2C134%2C135%2C136%2C160%2C242%2C243%2C244%2C247%2C278%2C298%2C299%2C302%2C303&source=youtube&requiressl=yes&mh=sn&mm=31%2C29&mn=sn-5njj-u2xl%2Csn-un57en7l&ms=au%2Crdu&mv=m&mvi=6&pl=16&initcwndbps=546250&vprv=1&mime=video%2Fmp4&ns=8Y4dxuEQNQQYoUrLIRV_iIoF&gir=yes&clen=9191112&dur=207.920&lmt=1586162493355182&mt=1611742362&fvip=6&keepalive=yes&c=WEB&txp=6316222&n=1UOt84w1kuZkfbQNrRjq&sparams=expire%2Cei%2Cip%2Cid%2Caitags%2Csource%2Crequiressl%2Cvprv%2Cmime%2Cns%2Cgir%2Cclen%2Cdur%2Clmt&sig=AOq0QJ8wRQIhAObVxEb4_GFuOjF9kIOXkLx18aWB2jZEwVQ2NqoxvHD7AiBSYcYRc9Ns4b86yrkLMigK8tjTVKpxnW48fox9OkF7Vg%3D%3D&lsparams=mh%2Cmm%2Cmn%2Cms%2Cmv%2Cmvi%2Cpl%2Cinitcwndbps&lsig=AG3C_xAwRQIgbFQ8etrhmJvaSnME-qNihfUvPMBENf7QPqhKe6t0xaACIQDbqNqBDKU-O54eOcf6SWT4aZEa3O6qtmLDji-cEv__Lw%3D%3D&ratebypass=yes", "player_url": null, "ext": "mp4", "height": 360, "format_note": "360p", "vcodec": "avc1.4d401e", "asr": null, "filesize": 9191112, "fps": 25, "tbr": 466.065, "width": 640, "acodec": "none", "downloader_options": {"http_chunk_size": 10485760}, "format": "134 - 640x360 (360p)", "protocol": "https", "http_headers": {"User-Agent": "Mozilla/5.0 (Windows NT 10.0; Win64; x64) AppleWebKit/537.36 (KHTML, like Gecko) Chrome/72.0.3626.25 Safari/537.36", "Accept-Charset": "ISO-8859-1,utf-8;q=0.7,*;q=0.7", "Accept": "text/html,application/xhtml+xml,application/xml;q=0.9,*/*;q=0.8", "Accept-Encoding": "gzip, deflate", "Accept-Language": "en-us,en;q=0.5"}}, {"format_id": "244", "url": "https://r6---sn-5njj-u2xl.googlevideo.com/videoplayback?expire=1611764407&ei=Vz4RYLnrBYb-4gKjl7SACA&ip=140.109.135.76&id=o-AJkrnto93aeoNXpQZ5mkXOo7GBTGhqfTil_0rURTdUeO&itag=244&aitags=133%2C134%2C135%2C136%2C160%2C242%2C243%2C244%2C247%2C278%2C298%2C299%2C302%2C303&source=youtube&requiressl=yes&mh=sn&mm=31%2C29&mn=sn-5njj-u2xl%2Csn-un57en7l&ms=au%2Crdu&mv=m&mvi=6&pl=16&initcwndbps=546250&vprv=1&mime=video%2Fwebm&ns=8Y4dxuEQNQQYoUrLIRV_iIoF&gir=yes&clen=9621731&dur=207.920&lmt=1586162466916433&mt=1611742362&fvip=6&keepalive=yes&c=WEB&txp=6316222&n=1UOt84w1kuZkfbQNrRjq&sparams=expire%2Cei%2Cip%2Cid%2Caitags%2Csource%2Crequiressl%2Cvprv%2Cmime%2Cns%2Cgir%2Cclen%2Cdur%2Clmt&sig=AOq0QJ8wRQIhAKhpQ6PqKJF4f0O3jPLQQggW24U0MP_zrTKlRn1KbwftAiA1BZNPcJViCWPj3hkB7AZV_AqAKscGHP-dfj3d6K4FUg%3D%3D&lsparams=mh%2Cmm%2Cmn%2Cms%2Cmv%2Cmvi%2Cpl%2Cinitcwndbps&lsig=AG3C_xAwRQIgbFQ8etrhmJvaSnME-qNihfUvPMBENf7QPqhKe6t0xaACIQDbqNqBDKU-O54eOcf6SWT4aZEa3O6qtmLDji-cEv__Lw%3D%3D&ratebypass=yes", "player_url": null, "ext": "webm", "height": 480, "format_note": "480p", "vcodec": "vp9", "asr": null, "filesize": 9621731, "fps": 25, "tbr": 472.52, "width": 854, "acodec": "none", "downloader_options": {"http_chunk_size": 10485760}, "format": "244 - 854x480 (480p)", "protocol": "https", "http_headers": {"User-Agent": "Mozilla/5.0 (Windows NT 10.0; Win64; x64) AppleWebKit/537.36 (KHTML, like Gecko) Chrome/72.0.3626.25 Safari/537.36", "Accept-Charset": "ISO-8859-1,utf-8;q=0.7,*;q=0.7", "Accept": "text/html,application/xhtml+xml,application/xml;q=0.9,*/*;q=0.8", "Accept-Encoding": "gzip, deflate", "Accept-Language": "en-us,en;q=0.5"}}, {"format_id": "247", "url": "https://r6---sn-5njj-u2xl.googlevideo.com/videoplayback?expire=1611764407&ei=Vz4RYLnrBYb-4gKjl7SACA&ip=140.109.135.76&id=o-AJkrnto93aeoNXpQZ5mkXOo7GBTGhqfTil_0rURTdUeO&itag=247&aitags=133%2C134%2C135%2C136%2C160%2C242%2C243%2C244%2C247%2C278%2C298%2C299%2C302%2C303&source=youtube&requiressl=yes&mh=sn&mm=31%2C29&mn=sn-5njj-u2xl%2Csn-un57en7l&ms=au%2Crdu&mv=m&mvi=6&pl=16&initcwndbps=546250&vprv=1&mime=video%2Fwebm&ns=8Y4dxuEQNQQYoUrLIRV_iIoF&gir=yes&clen=16843258&dur=207.920&lmt=1586162466917414&mt=1611742362&fvip=6&keepalive=yes&c=WEB&txp=6316222&n=1UOt84w1kuZkfbQNrRjq&sparams=expire%2Cei%2Cip%2Cid%2Caitags%2Csource%2Crequiressl%2Cvprv%2Cmime%2Cns%2Cgir%2Cclen%2Cdur%2Clmt&sig=AOq0QJ8wRQIhAJjW4FjqeNwxq-RvGRzNd1XM5J4bFgbCUhoxwm4tiUCuAiAYrKGP_TcsJW649cYFw-Qhov79nWb3OhQbHxKzaz6Orw%3D%3D&lsparams=mh%2Cmm%2Cmn%2Cms%2Cmv%2Cmvi%2Cpl%2Cinitcwndbps&lsig=AG3C_xAwRQIgbFQ8etrhmJvaSnME-qNihfUvPMBENf7QPqhKe6t0xaACIQDbqNqBDKU-O54eOcf6SWT4aZEa3O6qtmLDji-cEv__Lw%3D%3D&ratebypass=yes", "player_url": null, "ext": "webm", "height": 720, "format_note": "720p", "vcodec": "vp9", "asr": null, "filesize": 16843258, "fps": 25, "tbr": 816.184, "width": 1280, "acodec": "none", "downloader_options": {"http_chunk_size": 10485760}, "format": "247 - 1280x720 (720p)", "protocol": "https", "http_headers": {"User-Agent": "Mozilla/5.0 (Windows NT 10.0; Win64; x64) AppleWebKit/537.36 (KHTML, like Gecko) Chrome/72.0.3626.25 Safari/537.36", "Accept-Charset": "ISO-8859-1,utf-8;q=0.7,*;q=0.7", "Accept": "text/html,application/xhtml+xml,application/xml;q=0.9,*/*;q=0.8", "Accept-Encoding": "gzip, deflate", "Accept-Language": "en-us,en;q=0.5"}}, {"format_id": "135", "url": "https://r6---sn-5njj-u2xl.googlevideo.com/videoplayback?expire=1611764407&ei=Vz4RYLnrBYb-4gKjl7SACA&ip=140.109.135.76&id=o-AJkrnto93aeoNXpQZ5mkXOo7GBTGhqfTil_0rURTdUeO&itag=135&aitags=133%2C134%2C135%2C136%2C160%2C242%2C243%2C244%2C247%2C278%2C298%2C299%2C302%2C303&source=youtube&requiressl=yes&mh=sn&mm=31%2C29&mn=sn-5njj-u2xl%2Csn-un57en7l&ms=au%2Crdu&mv=m&mvi=6&pl=16&initcwndbps=546250&vprv=1&mime=video%2Fmp4&ns=8Y4dxuEQNQQYoUrLIRV_iIoF&gir=yes&clen=17207716&dur=207.920&lmt=1586162493355704&mt=1611742362&fvip=6&keepalive=yes&c=WEB&txp=6316222&n=1UOt84w1kuZkfbQNrRjq&sparams=expire%2Cei%2Cip%2Cid%2Caitags%2Csource%2Crequiressl%2Cvprv%2Cmime%2Cns%2Cgir%2Cclen%2Cdur%2Clmt&sig=AOq0QJ8wRQIgRTfD9KlnYLtJ-uFIGBF3pLaXIcFB-fhGgzNJsA7P730CIQCPbz7JrDGsTBnwxsxTLAPW3UItdzWvNSnpdzq4fiVmFQ%3D%3D&lsparams=mh%2Cmm%2Cmn%2Cms%2Cmv%2Cmvi%2Cpl%2Cinitcwndbps&lsig=AG3C_xAwRQIgbFQ8etrhmJvaSnME-qNihfUvPMBENf7QPqhKe6t0xaACIQDbqNqBDKU-O54eOcf6SWT4aZEa3O6qtmLDji-cEv__Lw%3D%3D&ratebypass=yes", "player_url": null, "ext": "mp4", "height": 480, "format_note": "480p", "vcodec": "avc1.4d401e", "asr": null, "filesize": 17207716, "fps": 25, "tbr": 878.626, "width": 854, "acodec": "none", "downloader_options": {"http_chunk_size": 10485760}, "format": "135 - 854x480 (480p)", "protocol": "https", "http_headers": {"User-Agent": "Mozilla/5.0 (Windows NT 10.0; Win64; x64) AppleWebKit/537.36 (KHTML, like Gecko) Chrome/72.0.3626.25 Safari/537.36", "Accept-Charset": "ISO-8859-1,utf-8;q=0.7,*;q=0.7", "Accept": "text/html,application/xhtml+xml,application/xml;q=0.9,*/*;q=0.8", "Accept-Encoding": "gzip, deflate", "Accept-Language": "en-us,en;q=0.5"}}, {"format_id": "302", "url": "https://r6---sn-5njj-u2xl.googlevideo.com/videoplayback?expire=1611764407&ei=Vz4RYLnrBYb-4gKjl7SACA&ip=140.109.135.76&id=o-AJkrnto93aeoNXpQZ5mkXOo7GBTGhqfTil_0rURTdUeO&itag=302&aitags=133%2C134%2C135%2C136%2C160%2C242%2C243%2C244%2C247%2C278%2C298%2C299%2C302%2C303&source=youtube&requiressl=yes&mh=sn&mm=31%2C29&mn=sn-5njj-u2xl%2Csn-un57en7l&ms=au%2Crdu&mv=m&mvi=6&pl=16&initcwndbps=546250&vprv=1&mime=video%2Fwebm&ns=8Y4dxuEQNQQYoUrLIRV_iIoF&gir=yes&clen=26458486&dur=207.900&lmt=1586162466915128&mt=1611742362&fvip=6&keepalive=yes&c=WEB&txp=6316222&n=1UOt84w1kuZkfbQNrRjq&sparams=expire%2Cei%2Cip%2Cid%2Caitags%2Csource%2Crequiressl%2Cvprv%2Cmime%2Cns%2Cgir%2Cclen%2Cdur%2Clmt&sig=AOq0QJ8wRQIhAJ1s1cyIyNwuarOfvB9f3WFihEK6EGwnbzE87bgCt01iAiADCwLxBFaCk5fsCVB6y2hZdhREISbgS-CMhfnTppkisw%3D%3D&lsparams=mh%2Cmm%2Cmn%2Cms%2Cmv%2Cmvi%2Cpl%2Cinitcwndbps&lsig=AG3C_xAwRQIgbFQ8etrhmJvaSnME-qNihfUvPMBENf7QPqhKe6t0xaACIQDbqNqBDKU-O54eOcf6SWT4aZEa3O6qtmLDji-cEv__Lw%3D%3D&ratebypass=yes", "player_url": null, "ext": "webm", "height": 720, "format_note": "720p50", "vcodec": "vp9", "fps": 50, "asr": null, "filesize": 26458486, "tbr": 1303.974, "width": 1280, "acodec": "none", "downloader_options": {"http_chunk_size": 10485760}, "format": "302 - 1280x720 (720p50)", "protocol": "https", "http_headers": {"User-Agent": "Mozilla/5.0 (Windows NT 10.0; Win64; x64) AppleWebKit/537.36 (KHTML, like Gecko) Chrome/72.0.3626.25 Safari/537.36", "Accept-Charset": "ISO-8859-1,utf-8;q=0.7,*;q=0.7", "Accept": "text/html,application/xhtml+xml,application/xml;q=0.9,*/*;q=0.8", "Accept-Encoding": "gzip, deflate", "Accept-Language": "en-us,en;q=0.5"}}, {"format_id": "136", "url": "https://r6---sn-5njj-u2xl.googlevideo.com/videoplayback?expire=1611764407&ei=Vz4RYLnrBYb-4gKjl7SACA&ip=140.109.135.76&id=o-AJkrnto93aeoNXpQZ5mkXOo7GBTGhqfTil_0rURTdUeO&itag=136&aitags=133%2C134%2C135%2C136%2C160%2C242%2C243%2C244%2C247%2C278%2C298%2C299%2C302%2C303&source=youtube&requiressl=yes&mh=sn&mm=31%2C29&mn=sn-5njj-u2xl%2Csn-un57en7l&ms=au%2Crdu&mv=m&mvi=6&pl=16&initcwndbps=546250&vprv=1&mime=video%2Fmp4&ns=8Y4dxuEQNQQYoUrLIRV_iIoF&gir=yes&clen=33191985&dur=207.920&lmt=1586162493356627&mt=1611742362&fvip=6&keepalive=yes&c=WEB&txp=6316222&n=1UOt84w1kuZkfbQNrRjq&sparams=expire%2Cei%2Cip%2Cid%2Caitags%2Csource%2Crequiressl%2Cvprv%2Cmime%2Cns%2Cgir%2Cclen%2Cdur%2Clmt&sig=AOq0QJ8wRQIgQNYHYUi8nyK499CkslMulqTDNyOn8JhMXw2Buc_s07oCIQD3V5xfIk-2i0pIFrJqfVTZWtdRMiZD3AObuADbuuTvZA%3D%3D&lsparams=mh%2Cmm%2Cmn%2Cms%2Cmv%2Cmvi%2Cpl%2Cinitcwndbps&lsig=AG3C_xAwRQIgbFQ8etrhmJvaSnME-qNihfUvPMBENf7QPqhKe6t0xaACIQDbqNqBDKU-O54eOcf6SWT4aZEa3O6qtmLDji-cEv__Lw%3D%3D&ratebypass=yes", "player_url": null, "ext": "mp4", "height": 720, "format_note": "720p", "vcodec": "avc1.4d401f", "asr": null, "filesize": 33191985, "fps": 25, "tbr": 1723.977, "width": 1280, "acodec": "none", "downloader_options": {"http_chunk_size": 10485760}, "format": "136 - 1280x720 (720p)", "protocol": "https", "http_headers": {"User-Agent": "Mozilla/5.0 (Windows NT 10.0; Win64; x64) AppleWebKit/537.36 (KHTML, like Gecko) Chrome/72.0.3626.25 Safari/537.36", "Accept-Charset": "ISO-8859-1,utf-8;q=0.7,*;q=0.7", "Accept": "text/html,application/xhtml+xml,application/xml;q=0.9,*/*;q=0.8", "Accept-Encoding": "gzip, deflate", "Accept-Language": "en-us,en;q=0.5"}}, {"format_id": "303", "url": "https://r6---sn-5njj-u2xl.googlevideo.com/videoplayback?expire=1611764407&ei=Vz4RYLnrBYb-4gKjl7SACA&ip=140.109.135.76&id=o-AJkrnto93aeoNXpQZ5mkXOo7GBTGhqfTil_0rURTdUeO&itag=303&aitags=133%2C134%2C135%2C136%2C160%2C242%2C243%2C244%2C247%2C278%2C298%2C299%2C302%2C303&source=youtube&requiressl=yes&mh=sn&mm=31%2C29&mn=sn-5njj-u2xl%2Csn-un57en7l&ms=au%2Crdu&mv=m&mvi=6&pl=16&initcwndbps=546250&vprv=1&mime=video%2Fwebm&ns=8Y4dxuEQNQQYoUrLIRV_iIoF&gir=yes&clen=40406151&dur=207.900&lmt=1586162466914834&mt=1611742362&fvip=6&keepalive=yes&c=WEB&txp=6316222&n=1UOt84w1kuZkfbQNrRjq&sparams=expire%2Cei%2Cip%2Cid%2Caitags%2Csource%2Crequiressl%2Cvprv%2Cmime%2Cns%2Cgir%2Cclen%2Cdur%2Clmt&sig=AOq0QJ8wRQIhANCA1ESlo1HdCPq0fFwDaYRxHeDIN9QlPlTKw3o0YcZqAiAns6amMPMrbRp0m71-3VzwftMvfe6bz_iSBJ5cF3keCA%3D%3D&lsparams=mh%2Cmm%2Cmn%2Cms%2Cmv%2Cmvi%2Cpl%2Cinitcwndbps&lsig=AG3C_xAwRQIgbFQ8etrhmJvaSnME-qNihfUvPMBENf7QPqhKe6t0xaACIQDbqNqBDKU-O54eOcf6SWT4aZEa3O6qtmLDji-cEv__Lw%3D%3D&ratebypass=yes", "player_url": null, "ext": "webm", "height": 1080, "format_note": "1080p50", "vcodec": "vp9", "fps": 50, "asr": null, "filesize": 40406151, "tbr": 2214.009, "width": 1920, "acodec": "none", "downloader_options": {"http_chunk_size": 10485760}, "format": "303 - 1920x1080 (1080p50)", "protocol": "https", "http_headers": {"User-Agent": "Mozilla/5.0 (Windows NT 10.0; Win64; x64) AppleWebKit/537.36 (KHTML, like Gecko) Chrome/72.0.3626.25 Safari/537.36", "Accept-Charset": "ISO-8859-1,utf-8;q=0.7,*;q=0.7", "Accept": "text/html,application/xhtml+xml,application/xml;q=0.9,*/*;q=0.8", "Accept-Encoding": "gzip, deflate", "Accept-Language": "en-us,en;q=0.5"}}, {"format_id": "298", "url": "https://r6---sn-5njj-u2xl.googlevideo.com/videoplayback?expire=1611764407&ei=Vz4RYLnrBYb-4gKjl7SACA&ip=140.109.135.76&id=o-AJkrnto93aeoNXpQZ5mkXOo7GBTGhqfTil_0rURTdUeO&itag=298&aitags=133%2C134%2C135%2C136%2C160%2C242%2C243%2C244%2C247%2C278%2C298%2C299%2C302%2C303&source=youtube&requiressl=yes&mh=sn&mm=31%2C29&mn=sn-5njj-u2xl%2Csn-un57en7l&ms=au%2Crdu&mv=m&mvi=6&pl=16&initcwndbps=546250&vprv=1&mime=video%2Fmp4&ns=8Y4dxuEQNQQYoUrLIRV_iIoF&gir=yes&clen=45406717&dur=207.900&lmt=1586162493354156&mt=1611742362&fvip=6&keepalive=yes&c=WEB&txp=6316222&n=1UOt84w1kuZkfbQNrRjq&sparams=expire%2Cei%2Cip%2Cid%2Caitags%2Csource%2Crequiressl%2Cvprv%2Cmime%2Cns%2Cgir%2Cclen%2Cdur%2Clmt&sig=AOq0QJ8wRQIgJI1aI-Ud644HhPFgW9s-5X_QibDp3WTLHAudAT5rWj8CIQCC1flcl8sCNgeCCiRnUTVThazaFcsCJW8HwtP27FzCPg%3D%3D&lsparams=mh%2Cmm%2Cmn%2Cms%2Cmv%2Cmvi%2Cpl%2Cinitcwndbps&lsig=AG3C_xAwRQIgbFQ8etrhmJvaSnME-qNihfUvPMBENf7QPqhKe6t0xaACIQDbqNqBDKU-O54eOcf6SWT4aZEa3O6qtmLDji-cEv__Lw%3D%3D&ratebypass=yes", "player_url": null, "ext": "mp4", "height": 720, "format_note": "720p50", "vcodec": "avc1.4d4020", "fps": 50, "asr": null, "filesize": 45406717, "tbr": 2319.849, "width": 1280, "acodec": "none", "downloader_options": {"http_chunk_size": 10485760}, "format": "298 - 1280x720 (720p50)", "protocol": "https", "http_headers": {"User-Agent": "Mozilla/5.0 (Windows NT 10.0; Win64; x64) AppleWebKit/537.36 (KHTML, like Gecko) Chrome/72.0.3626.25 Safari/537.36", "Accept-Charset": "ISO-8859-1,utf-8;q=0.7,*;q=0.7", "Accept": "text/html,application/xhtml+xml,application/xml;q=0.9,*/*;q=0.8", "Accept-Encoding": "gzip, deflate", "Accept-Language": "en-us,en;q=0.5"}}, {"format_id": "299", "url": "https://r6---sn-5njj-u2xl.googlevideo.com/videoplayback?expire=1611764407&ei=Vz4RYLnrBYb-4gKjl7SACA&ip=140.109.135.76&id=o-AJkrnto93aeoNXpQZ5mkXOo7GBTGhqfTil_0rURTdUeO&itag=299&aitags=133%2C134%2C135%2C136%2C160%2C242%2C243%2C244%2C247%2C278%2C298%2C299%2C302%2C303&source=youtube&requiressl=yes&mh=sn&mm=31%2C29&mn=sn-5njj-u2xl%2Csn-un57en7l&ms=au%2Crdu&mv=m&mvi=6&pl=16&initcwndbps=546250&vprv=1&mime=video%2Fmp4&ns=8Y4dxuEQNQQYoUrLIRV_iIoF&gir=yes&clen=80177999&dur=207.900&lmt=1586162493354351&mt=1611742362&fvip=6&keepalive=yes&c=WEB&txp=6316222&n=1UOt84w1kuZkfbQNrRjq&sparams=expire%2Cei%2Cip%2Cid%2Caitags%2Csource%2Crequiressl%2Cvprv%2Cmime%2Cns%2Cgir%2Cclen%2Cdur%2Clmt&sig=AOq0QJ8wRgIhANawuLxUsQskGDJOHE71FeCrnSg58PqqR4XH-ybk0o0KAiEAhz2kyfWPltDxG4_xYkZnFI3eVVc22pTIT6mne3PYLW4%3D&lsparams=mh%2Cmm%2Cmn%2Cms%2Cmv%2Cmvi%2Cpl%2Cinitcwndbps&lsig=AG3C_xAwRQIgbFQ8etrhmJvaSnME-qNihfUvPMBENf7QPqhKe6t0xaACIQDbqNqBDKU-O54eOcf6SWT4aZEa3O6qtmLDji-cEv__Lw%3D%3D&ratebypass=yes", "player_url": null, "ext": "mp4", "height": 1080, "format_note": "1080p50", "vcodec": "avc1.64002a", "fps": 50, "asr": null, "filesize": 80177999, "tbr": 3743.712, "width": 1920, "acodec": "none", "downloader_options": {"http_chunk_size": 10485760}, "format": "299 - 1920x1080 (1080p50)", "protocol": "https", "http_headers": {"User-Agent": "Mozilla/5.0 (Windows NT 10.0; Win64; x64) AppleWebKit/537.36 (KHTML, like Gecko) Chrome/72.0.3626.25 Safari/537.36", "Accept-Charset": "ISO-8859-1,utf-8;q=0.7,*;q=0.7", "Accept": "text/html,application/xhtml+xml,application/xml;q=0.9,*/*;q=0.8", "Accept-Encoding": "gzip, deflate", "Accept-Language": "en-us,en;q=0.5"}}, {"format_id": "18", "url": "https://r6---sn-5njj-u2xl.googlevideo.com/videoplayback?expire=1611764407&ei=Vz4RYLnrBYb-4gKjl7SACA&ip=140.109.135.76&id=o-AJkrnto93aeoNXpQZ5mkXOo7GBTGhqfTil_0rURTdUeO&itag=18&source=youtube&requiressl=yes&mh=sn&mm=31%2C29&mn=sn-5njj-u2xl%2Csn-un57en7l&ms=au%2Crdu&mv=m&mvi=6&pl=16&initcwndbps=546250&vprv=1&mime=video%2Fmp4&ns=eBkK5wb0a1unslKJx1EQ-RQF&gir=yes&clen=13142745&ratebypass=yes&dur=207.934&lmt=1586162464411324&mt=1611742362&fvip=6&c=WEB&txp=6316222&n=6Q_PMvxmPPEcegHr-v43&sparams=expire%2Cei%2Cip%2Cid%2Citag%2Csource%2Crequiressl%2Cvprv%2Cmime%2Cns%2Cgir%2Cclen%2Cratebypass%2Cdur%2Clmt&sig=AOq0QJ8wRQIgaDaJvsNdlOdFnYi6fThI5HquJDAxMyr4bd-s5sPypNoCIQC8041xB7909DBzP81jMmIjVUTPk4gbDTv7j3GKv7L7cA%3D%3D&lsparams=mh%2Cmm%2Cmn%2Cms%2Cmv%2Cmvi%2Cpl%2Cinitcwndbps&lsig=AG3C_xAwRQIgbFQ8etrhmJvaSnME-qNihfUvPMBENf7QPqhKe6t0xaACIQDbqNqBDKU-O54eOcf6SWT4aZEa3O6qtmLDji-cEv__Lw%3D%3D", "player_url": null, "ext": "mp4", "width": 640, "height": 360, "acodec": "mp4a.40.2", "abr": 96, "vcodec": "avc1.42001E", "asr": 44100, "filesize": 13142745, "format_note": "360p", "fps": 25, "tbr": 505.684, "format": "18 - 640x360 (360p)", "protocol": "https", "http_headers": {"User-Agent": "Mozilla/5.0 (Windows NT 10.0; Win64; x64) AppleWebKit/537.36 (KHTML, like Gecko) Chrome/72.0.3626.25 Safari/537.36", "Accept-Charset": "ISO-8859-1,utf-8;q=0.7,*;q=0.7", "Accept": "text/html,application/xhtml+xml,application/xml;q=0.9,*/*;q=0.8", "Accept-Encoding": "gzip, deflate", "Accept-Language": "en-us,en;q=0.5"}}], "is_live": null, "start_time": null, "end_time": null, "series": null, "season_number": null, "episode_number": null, "track": null, "artist": null, "album": null, "release_date": null, "release_year": null, "extractor": "youtube", "webpage_url_basename": "watch", "extractor_key": "Youtube", "playlist": null, "playlist_index": null, "thumbnail": "https://i.ytimg.com/vi_webp/4dXC1cC7crw/maxresdefault.webp", "display_id": "4dXC1cC7crw", "requested_subtitles": null, "format_id": "251", "url": "https://r6---sn-5njj-u2xl.googlevideo.com/videoplayback?expire=1611764407&ei=Vz4RYLnrBYb-4gKjl7SACA&ip=140.109.135.76&id=o-AJkrnto93aeoNXpQZ5mkXOo7GBTGhqfTil_0rURTdUeO&itag=251&source=youtube&requiressl=yes&mh=sn&mm=31%2C29&mn=sn-5njj-u2xl%2Csn-un57en7l&ms=au%2Crdu&mv=m&mvi=6&pl=16&initcwndbps=546250&vprv=1&mime=audio%2Fwebm&ns=8Y4dxuEQNQQYoUrLIRV_iIoF&gir=yes&clen=3947203&dur=207.901&lmt=1586162439264885&mt=1611742362&fvip=6&keepalive=yes&c=WEB&txp=6311222&n=1UOt84w1kuZkfbQNrRjq&sparams=expire%2Cei%2Cip%2Cid%2Citag%2Csource%2Crequiressl%2Cvprv%2Cmime%2Cns%2Cgir%2Cclen%2Cdur%2Clmt&sig=AOq0QJ8wRgIhANZwws3bRPtXa9MySLQxegtwC6631E9Rokb43RmWozthAiEAhdOKY6R01dB4APD9uieZm1b8z-3EatUAqq_p1G2USt4%3D&lsparams=mh%2Cmm%2Cmn%2Cms%2Cmv%2Cmvi%2Cpl%2Cinitcwndbps&lsig=AG3C_xAwRQIgbFQ8etrhmJvaSnME-qNihfUvPMBENf7QPqhKe6t0xaACIQDbqNqBDKU-O54eOcf6SWT4aZEa3O6qtmLDji-cEv__Lw%3D%3D&ratebypass=yes", "player_url": null, "ext": "webm", "format_note": "tiny", "acodec": "opus", "abr": 160, "asr": 48000, "filesize": 3947203, "fps": null, "height": null, "tbr": 168.73, "width": null, "vcodec": "none", "downloader_options": {"http_chunk_size": 10485760}, "format": "251 - audio only (tiny)", "protocol": "https", "http_headers": {"User-Agent": "Mozilla/5.0 (Windows NT 10.0; Win64; x64) AppleWebKit/537.36 (KHTML, like Gecko) Chrome/72.0.3626.25 Safari/537.36", "Accept-Charset": "ISO-8859-1,utf-8;q=0.7,*;q=0.7", "Accept": "text/html,application/xhtml+xml,application/xml;q=0.9,*/*;q=0.8", "Accept-Encoding": "gzip, deflate", "Accept-Language": "en-us,en;q=0.5"}}