{"id": "6o7L4En0Hh4", "uploader": "Francesco Parrino", "uploader_id": "FrancescoParrino", "uploader_url": "http://www.youtube.com/user/FrancescoParrino", "channel_id": "UCQ8THdZnqPVoLN9zuT-pjBg", "channel_url": "http://www.youtube.com/channel/UCQ8THdZnqPVoLN9zuT-pjBg", "upload_date": "20191213", "license": null, "creator": null, "title": "Les Mis\u00e9rables - I Dreamed A Dream | Piano Cover + Sheet Music", "alt_title": null, "thumbnails": [{"url": "https://i.ytimg.com/vi/6o7L4En0Hh4/hqdefault.jpg?sqp=-oaymwEbCKgBEF5IVfKriqkDDggBFQAAiEIYAXABwAEG&rs=AOn4CLDvEfZYQ6pnFMPJQehED76EKVL8qg", "width": 168, "height": 94, "resolution": "168x94", "id": "0"}, {"url": "https://i.ytimg.com/vi/6o7L4En0Hh4/hqdefault.jpg?sqp=-oaymwEbCMQBEG5IVfKriqkDDggBFQAAiEIYAXABwAEG&rs=AOn4CLCW1XYjeh4C2n0_DuTKJtCe18rk6g", "width": 196, "height": 110, "resolution": "196x110", "id": "1"}, {"url": "https://i.ytimg.com/vi/6o7L4En0Hh4/hqdefault.jpg?sqp=-oaymwEcCPYBEIoBSFXyq4qpAw4IARUAAIhCGAFwAcABBg==&rs=AOn4CLBl95S69t-blDeo47L7JUAuqpMThw", "width": 246, "height": 138, "resolution": "246x138", "id": "2"}, {"url": "https://i.ytimg.com/vi/6o7L4En0Hh4/hqdefault.jpg?sqp=-oaymwEcCNACELwBSFXyq4qpAw4IARUAAIhCGAFwAcABBg==&rs=AOn4CLBQCVp-APH8GeRD30ifuX2IdA1G1Q", "width": 336, "height": 188, "resolution": "336x188", "id": "3"}, {"url": "https://i.ytimg.com/vi_webp/6o7L4En0Hh4/maxresdefault.webp", "width": 1920, "height": 1080, "resolution": "1920x1080", "id": "4"}], "description": "\u266b SHEET MUSIC is Available Here: http://bit.ly/FPM_IDreamedADream\n\ud83d\udc4d Thumbs up, SUBSCRIBE and click the \ud83d\udd14 for more contents: https://bit.ly/FPSubscribe\n\ud83c\udfb9 Want to learn the piano? This is the app for you! https://bit.ly/FPM_Skoove\n\nMy most challenging arrangement so far. From the original cast version!\n\n\u25cf Check my TUTORIAL of this arrangement here: https://youtu.be/9QVLMY6DBRM\n\nThis song is available on:\n\ud83c\udfa7 Spotify: https://bit.ly/FPM_TC8_S \n\ud83c\udfa7 iTunes: https://bit.ly/FPM_TC8_iTAM \n\ud83c\udfa7 Amazon Music: https://bit.ly/FPM_TC8_AM\n\ud83c\udfa7 Deezer: https://bit.ly/FPM_TC8_DZ\n\ud83c\udfa7 Youtube Music: https://bit.ly/FPM_TC8_YM\n\n\u25cf TUTORIALS, Extras, Bloopers, Live: http://bit.ly/FPM_TutorialsExtras\n\u25cf All my SCORES: http://bit.ly/FPM_SheetMusic\n\u25cf Full Discography: http://bit.ly/FPM_Discography\n\u25cf Website: http://bit.ly/FrancescoParrinoMusic\n\u25cf MIDI files: http://bit.ly/FPM_Media\n\u25cf Check my new Classical Channel: https://bit.ly/FPM_ClassicalSub\n\n\u25cf Let's connect on Facebook: http://bit.ly/FPM-Facebook\n\u25cf Or Instagram: http://bit.ly/FPM-Instagram\n\n#LesMiserables #IDreamedADream #SheetMusic", "categories": ["Music"], "tags": ["Les Mis\u00e9rables", "I Dreamed A Dream", "Musical", "Piano", "Cover", "Arrangement", "Francesco Parrino", "Soundtrack", "Sheet Music", "Score", "MIDI", "Ruthie Hensall", "Susan Boyle", "Anne Hathaway", "Instrumental"], "subtitles": {}, "automatic_captions": {}, "duration": 260, "age_limit": 0, "annotations": null, "chapters": null, "webpage_url": "https://www.youtube.com/watch?v=6o7L4En0Hh4", "view_count": 489110, "like_count": 8948, "dislike_count": 129, "average_rating": 4.9431529, "formats": [{"format_id": "249", "url": "https://r4---sn-5njj-u2xe.googlevideo.com/videoplayback?expire=1612426836&ei=9FkbYMaNJvqolQS24IRw&ip=140.109.135.76&id=o-AFHPUAJjm6qI_ad6IS49xidXlUSdNuUU45CcAtmiJf5p&itag=249&source=youtube&requiressl=yes&mh=lF&mm=31%2C29&mn=sn-5njj-u2xe%2Csn-un57sn7z&ms=au%2Crdu&mv=m&mvi=4&pl=16&initcwndbps=487500&vprv=1&mime=audio%2Fwebm&ns=-Cq1Jk5Y1CwEVyNlf06fVH8F&gir=yes&clen=1845826&dur=259.941&lmt=1576243652454871&mt=1612404299&fvip=4&keepalive=yes&c=WEB&txp=5431432&n=UQ39XsqJvE4vo32oa&sparams=expire%2Cei%2Cip%2Cid%2Citag%2Csource%2Crequiressl%2Cvprv%2Cmime%2Cns%2Cgir%2Cclen%2Cdur%2Clmt&lsparams=mh%2Cmm%2Cmn%2Cms%2Cmv%2Cmvi%2Cpl%2Cinitcwndbps&lsig=AG3C_xAwRAIgHPRsjsCRYtwbNphK7iCaw-V5ejR2fp0Z4D8fIFfoql8CIEPtpTQzcpI5I34WeUK8_LvZ4uAMOw88LMAR5DH6Hxua&sig=AOq0QJ8wRgIhAIJqMXJhDHcyIAoTx0OqVAgRMBSWVF6CagEjXnAoeVECAiEAqoThQPktRviMwFAYRsOVrJciCHUzgnnlk-Eu49NM2O4=&ratebypass=yes", "player_url": "/s/player/4bc55fd6/player_ias.vflset/en_US/base.js", "ext": "webm", "format_note": "tiny", "acodec": "opus", "abr": 50, "asr": 48000, "filesize": 1845826, "fps": null, "height": null, "tbr": 63.142, "width": null, "vcodec": "none", "downloader_options": {"http_chunk_size": 10485760}, "format": "249 - audio only (tiny)", "protocol": "https", "http_headers": {"User-Agent": "Mozilla/5.0 (Windows NT 10.0; Win64; x64) AppleWebKit/537.36 (KHTML, like Gecko) Chrome/73.0.3664.4 Safari/537.36", "Accept-Charset": "ISO-8859-1,utf-8;q=0.7,*;q=0.7", "Accept": "text/html,application/xhtml+xml,application/xml;q=0.9,*/*;q=0.8", "Accept-Encoding": "gzip, deflate", "Accept-Language": "en-us,en;q=0.5"}}, {"format_id": "250", "url": "https://r4---sn-5njj-u2xe.googlevideo.com/videoplayback?expire=1612426836&ei=9FkbYMaNJvqolQS24IRw&ip=140.109.135.76&id=o-AFHPUAJjm6qI_ad6IS49xidXlUSdNuUU45CcAtmiJf5p&itag=250&source=youtube&requiressl=yes&mh=lF&mm=31%2C29&mn=sn-5njj-u2xe%2Csn-un57sn7z&ms=au%2Crdu&mv=m&mvi=4&pl=16&initcwndbps=487500&vprv=1&mime=audio%2Fwebm&ns=-Cq1Jk5Y1CwEVyNlf06fVH8F&gir=yes&clen=2465750&dur=259.941&lmt=1576243654687930&mt=1612404299&fvip=4&keepalive=yes&c=WEB&txp=5431432&n=UQ39XsqJvE4vo32oa&sparams=expire%2Cei%2Cip%2Cid%2Citag%2Csource%2Crequiressl%2Cvprv%2Cmime%2Cns%2Cgir%2Cclen%2Cdur%2Clmt&lsparams=mh%2Cmm%2Cmn%2Cms%2Cmv%2Cmvi%2Cpl%2Cinitcwndbps&lsig=AG3C_xAwRQIgVEm2TFxzMLqBSQMFM97pc0Svlf03OUlSz3a3Kf9xkQACIQCakslpznQC19HNW3HSrYi-ajOjy_MHxXEX7m8cMSbFRQ%3D%3D&sig=AOq0QJ8wRAIgHtHneVFWh0ZRBko24b674XdpHNvhfHnJoJwhFLCwjQECIFhuIRkVdIDCpPwtAculoR4uyBDCtEQYUlhTG6VxZ1Y8&ratebypass=yes", "player_url": "/s/player/4bc55fd6/player_ias.vflset/en_US/base.js", "ext": "webm", "format_note": "tiny", "acodec": "opus", "abr": 70, "asr": 48000, "filesize": 2465750, "fps": null, "height": null, "tbr": 83.948, "width": null, "vcodec": "none", "downloader_options": {"http_chunk_size": 10485760}, "format": "250 - audio only (tiny)", "protocol": "https", "http_headers": {"User-Agent": "Mozilla/5.0 (Windows NT 10.0; Win64; x64) AppleWebKit/537.36 (KHTML, like Gecko) Chrome/73.0.3664.4 Safari/537.36", "Accept-Charset": "ISO-8859-1,utf-8;q=0.7,*;q=0.7", "Accept": "text/html,application/xhtml+xml,application/xml;q=0.9,*/*;q=0.8", "Accept-Encoding": "gzip, deflate", "Accept-Language": "en-us,en;q=0.5"}}, {"format_id": "140", "url": "https://r4---sn-5njj-u2xe.googlevideo.com/videoplayback?expire=1612426836&ei=9FkbYMaNJvqolQS24IRw&ip=140.109.135.76&id=o-AFHPUAJjm6qI_ad6IS49xidXlUSdNuUU45CcAtmiJf5p&itag=140&source=youtube&requiressl=yes&mh=lF&mm=31%2C29&mn=sn-5njj-u2xe%2Csn-un57sn7z&ms=au%2Crdu&mv=m&mvi=4&pl=16&initcwndbps=487500&vprv=1&mime=audio%2Fmp4&ns=-Cq1Jk5Y1CwEVyNlf06fVH8F&gir=yes&clen=4208383&dur=259.970&lmt=1576243675277871&mt=1612404299&fvip=4&keepalive=yes&c=WEB&txp=5431432&n=UQ39XsqJvE4vo32oa&sparams=expire%2Cei%2Cip%2Cid%2Citag%2Csource%2Crequiressl%2Cvprv%2Cmime%2Cns%2Cgir%2Cclen%2Cdur%2Clmt&lsparams=mh%2Cmm%2Cmn%2Cms%2Cmv%2Cmvi%2Cpl%2Cinitcwndbps&lsig=AG3C_xAwRgIhAPZk71c0KPQM8mhUnz-qMKZUQinsalplViUuDdxAqr72AiEAye9MsMSlbrqmxIWiNOLZOCS1r1-G9G3q_81GYiFrC54%3D&sig=AOq0QJ8wRQIhAOZF3ItsjYkzVy6DRkUiTRhxgmwT6hOZTL3bRb3o90p1AiBhdisxbBqeucto_m5iuPSARwzR6-It8l0II9j2d5a5Lg==&ratebypass=yes", "player_url": "/s/player/4bc55fd6/player_ias.vflset/en_US/base.js", "ext": "m4a", "format_note": "tiny", "acodec": "mp4a.40.2", "abr": 128, "container": "m4a_dash", "asr": 44100, "filesize": 4208383, "fps": null, "height": null, "tbr": 130.582, "width": null, "vcodec": "none", "downloader_options": {"http_chunk_size": 10485760}, "format": "140 - audio only (tiny)", "protocol": "https", "http_headers": {"User-Agent": "Mozilla/5.0 (Windows NT 10.0; Win64; x64) AppleWebKit/537.36 (KHTML, like Gecko) Chrome/73.0.3664.4 Safari/537.36", "Accept-Charset": "ISO-8859-1,utf-8;q=0.7,*;q=0.7", "Accept": "text/html,application/xhtml+xml,application/xml;q=0.9,*/*;q=0.8", "Accept-Encoding": "gzip, deflate", "Accept-Language": "en-us,en;q=0.5"}}, {"format_id": "251", "url": "https://r4---sn-5njj-u2xe.googlevideo.com/videoplayback?expire=1612426836&ei=9FkbYMaNJvqolQS24IRw&ip=140.109.135.76&id=o-AFHPUAJjm6qI_ad6IS49xidXlUSdNuUU45CcAtmiJf5p&itag=251&source=youtube&requiressl=yes&mh=lF&mm=31%2C29&mn=sn-5njj-u2xe%2Csn-un57sn7z&ms=au%2Crdu&mv=m&mvi=4&pl=16&initcwndbps=487500&vprv=1&mime=audio%2Fwebm&ns=-Cq1Jk5Y1CwEVyNlf06fVH8F&gir=yes&clen=4753333&dur=259.941&lmt=1576243658778538&mt=1612404299&fvip=4&keepalive=yes&c=WEB&txp=5431432&n=UQ39XsqJvE4vo32oa&sparams=expire%2Cei%2Cip%2Cid%2Citag%2Csource%2Crequiressl%2Cvprv%2Cmime%2Cns%2Cgir%2Cclen%2Cdur%2Clmt&lsparams=mh%2Cmm%2Cmn%2Cms%2Cmv%2Cmvi%2Cpl%2Cinitcwndbps&lsig=AG3C_xAwRAIgZEWhosqYZNGIhgigFWBmrnvZVXPOuBhkUz7K-1FwwcsCIDmKoY-5jm1g-hNDlOE6V3nMmMVdt2_UL7WFvjbDHytY&sig=AOq0QJ8wRAIgDjOpw9UjeJLwOieGawDUaeSuRB1xJ-CYlXoEBFuhWZ8CIApxez25Cm0hZQL6QVumyKWND2u1xQ9q_q-2VDsrER9h&ratebypass=yes", "player_url": "/s/player/4bc55fd6/player_ias.vflset/en_US/base.js", "ext": "webm", "format_note": "tiny", "acodec": "opus", "abr": 160, "asr": 48000, "filesize": 4753333, "fps": null, "height": null, "tbr": 156.989, "width": null, "vcodec": "none", "downloader_options": {"http_chunk_size": 10485760}, "format": "251 - audio only (tiny)", "protocol": "https", "http_headers": {"User-Agent": "Mozilla/5.0 (Windows NT 10.0; Win64; x64) AppleWebKit/537.36 (KHTML, like Gecko) Chrome/73.0.3664.4 Safari/537.36", "Accept-Charset": "ISO-8859-1,utf-8;q=0.7,*;q=0.7", "Accept": "text/html,application/xhtml+xml,application/xml;q=0.9,*/*;q=0.8", "Accept-Encoding": "gzip, deflate", "Accept-Language": "en-us,en;q=0.5"}}, {"format_id": "160", "url": "https://r4---sn-5njj-u2xe.googlevideo.com/videoplayback?expire=1612426836&ei=9FkbYMaNJvqolQS24IRw&ip=140.109.135.76&id=o-AFHPUAJjm6qI_ad6IS49xidXlUSdNuUU45CcAtmiJf5p&itag=160&aitags=133%2C134%2C135%2C136%2C137%2C160%2C242%2C243%2C244%2C247%2C248%2C278&source=youtube&requiressl=yes&mh=lF&mm=31%2C29&mn=sn-5njj-u2xe%2Csn-un57sn7z&ms=au%2Crdu&mv=m&mvi=4&pl=16&initcwndbps=487500&vprv=1&mime=video%2Fmp4&ns=-Cq1Jk5Y1CwEVyNlf06fVH8F&gir=yes&clen=1394605&dur=259.920&lmt=1576243810346567&mt=1612404299&fvip=4&keepalive=yes&c=WEB&txp=5432432&n=UQ39XsqJvE4vo32oa&sparams=expire%2Cei%2Cip%2Cid%2Caitags%2Csource%2Crequiressl%2Cvprv%2Cmime%2Cns%2Cgir%2Cclen%2Cdur%2Clmt&lsparams=mh%2Cmm%2Cmn%2Cms%2Cmv%2Cmvi%2Cpl%2Cinitcwndbps&lsig=AG3C_xAwRAIgAd5kT3pf2ZfBEyE6EPxO3DaFWFWahDXJ2YBlNJhPj7QCIEDZwNdAi1w6kOlWUytELQbUrhEW6ty5eUU8811cd2gN&sig=AOq0QJ8wRQIgPvNUp1xtTTHKzOJq45_nhy1rgOctkAEEqHTmu2dsemICIQCSRWyOm0FKXjnLzteIx1ILoXYPygJvZcySmmJZHX-8aQ==&ratebypass=yes", "player_url": "/s/player/4bc55fd6/player_ias.vflset/en_US/base.js", "ext": "mp4", "height": 144, "format_note": "144p", "vcodec": "avc1.4d400c", "asr": null, "filesize": 1394605, "fps": 25, "tbr": 66.942, "width": 256, "acodec": "none", "downloader_options": {"http_chunk_size": 10485760}, "format": "160 - 256x144 (144p)", "protocol": "https", "http_headers": {"User-Agent": "Mozilla/5.0 (Windows NT 10.0; Win64; x64) AppleWebKit/537.36 (KHTML, like Gecko) Chrome/73.0.3664.4 Safari/537.36", "Accept-Charset": "ISO-8859-1,utf-8;q=0.7,*;q=0.7", "Accept": "text/html,application/xhtml+xml,application/xml;q=0.9,*/*;q=0.8", "Accept-Encoding": "gzip, deflate", "Accept-Language": "en-us,en;q=0.5"}}, {"format_id": "278", "url": "https://r4---sn-5njj-u2xe.googlevideo.com/videoplayback?expire=1612426836&ei=9FkbYMaNJvqolQS24IRw&ip=140.109.135.76&id=o-AFHPUAJjm6qI_ad6IS49xidXlUSdNuUU45CcAtmiJf5p&itag=278&aitags=133%2C134%2C135%2C136%2C137%2C160%2C242%2C243%2C244%2C247%2C248%2C278&source=youtube&requiressl=yes&mh=lF&mm=31%2C29&mn=sn-5njj-u2xe%2Csn-un57sn7z&ms=au%2Crdu&mv=m&mvi=4&pl=16&initcwndbps=487500&vprv=1&mime=video%2Fwebm&ns=-Cq1Jk5Y1CwEVyNlf06fVH8F&gir=yes&clen=2585447&dur=259.920&lmt=1576244437583118&mt=1612404299&fvip=4&keepalive=yes&c=WEB&txp=5431432&n=UQ39XsqJvE4vo32oa&sparams=expire%2Cei%2Cip%2Cid%2Caitags%2Csource%2Crequiressl%2Cvprv%2Cmime%2Cns%2Cgir%2Cclen%2Cdur%2Clmt&lsparams=mh%2Cmm%2Cmn%2Cms%2Cmv%2Cmvi%2Cpl%2Cinitcwndbps&lsig=AG3C_xAwRQIhAJKY45TVQXmzgKeyqLUi0YKqBUqyDkCvgCEC5G0uarnOAiAcgaF9YJfDHASn87L06iMUTAr56sZi4xvCld5pFxAA8Q%3D%3D&sig=AOq0QJ8wRAIgHtfT5R6b9sxXYeNilcCFWlzQa3K29hQF9LsG6voqUx4CICf8btpyBdndW4bDvFDrKCjEJR3fYAsCvAD4ilPZQ3Zd&ratebypass=yes", "player_url": "/s/player/4bc55fd6/player_ias.vflset/en_US/base.js", "ext": "webm", "height": 144, "format_note": "144p", "container": "webm", "vcodec": "vp9", "asr": null, "filesize": 2585447, "fps": 25, "tbr": 90.948, "width": 256, "acodec": "none", "downloader_options": {"http_chunk_size": 10485760}, "format": "278 - 256x144 (144p)", "protocol": "https", "http_headers": {"User-Agent": "Mozilla/5.0 (Windows NT 10.0; Win64; x64) AppleWebKit/537.36 (KHTML, like Gecko) Chrome/73.0.3664.4 Safari/537.36", "Accept-Charset": "ISO-8859-1,utf-8;q=0.7,*;q=0.7", "Accept": "text/html,application/xhtml+xml,application/xml;q=0.9,*/*;q=0.8", "Accept-Encoding": "gzip, deflate", "Accept-Language": "en-us,en;q=0.5"}}, {"format_id": "133", "url": "https://r4---sn-5njj-u2xe.googlevideo.com/videoplayback?expire=1612426836&ei=9FkbYMaNJvqolQS24IRw&ip=140.109.135.76&id=o-AFHPUAJjm6qI_ad6IS49xidXlUSdNuUU45CcAtmiJf5p&itag=133&aitags=133%2C134%2C135%2C136%2C137%2C160%2C242%2C243%2C244%2C247%2C248%2C278&source=youtube&requiressl=yes&mh=lF&mm=31%2C29&mn=sn-5njj-u2xe%2Csn-un57sn7z&ms=au%2Crdu&mv=m&mvi=4&pl=16&initcwndbps=487500&vprv=1&mime=video%2Fmp4&ns=-Cq1Jk5Y1CwEVyNlf06fVH8F&gir=yes&clen=2395468&dur=259.920&lmt=1576243810379190&mt=1612404299&fvip=4&keepalive=yes&c=WEB&txp=5432432&n=UQ39XsqJvE4vo32oa&sparams=expire%2Cei%2Cip%2Cid%2Caitags%2Csource%2Crequiressl%2Cvprv%2Cmime%2Cns%2Cgir%2Cclen%2Cdur%2Clmt&lsparams=mh%2Cmm%2Cmn%2Cms%2Cmv%2Cmvi%2Cpl%2Cinitcwndbps&lsig=AG3C_xAwRgIhAM_igAKeYenq1Vd-SOCuuHZoA2Y0ycOpOnqKJs79PahiAiEAjPoIRinRHryXPwYg9jW0pTH_KNbtFQBTT9So8DdEOuQ%3D&sig=AOq0QJ8wRQIgYPqDKCEHRM16myCeN29oNAi98v26-HuL8CfIdIc43rkCIQCmvUio3EjN-8b4v--It1gIevj2nV9UsTH0VLqY0ivMEA==&ratebypass=yes", "player_url": "/s/player/4bc55fd6/player_ias.vflset/en_US/base.js", "ext": "mp4", "height": 240, "format_note": "240p", "vcodec": "avc1.4d4015", "asr": null, "filesize": 2395468, "fps": 25, "tbr": 114.546, "width": 426, "acodec": "none", "downloader_options": {"http_chunk_size": 10485760}, "format": "133 - 426x240 (240p)", "protocol": "https", "http_headers": {"User-Agent": "Mozilla/5.0 (Windows NT 10.0; Win64; x64) AppleWebKit/537.36 (KHTML, like Gecko) Chrome/73.0.3664.4 Safari/537.36", "Accept-Charset": "ISO-8859-1,utf-8;q=0.7,*;q=0.7", "Accept": "text/html,application/xhtml+xml,application/xml;q=0.9,*/*;q=0.8", "Accept-Encoding": "gzip, deflate", "Accept-Language": "en-us,en;q=0.5"}}, {"format_id": "242", "url": "https://r4---sn-5njj-u2xe.googlevideo.com/videoplayback?expire=1612426836&ei=9FkbYMaNJvqolQS24IRw&ip=140.109.135.76&id=o-AFHPUAJjm6qI_ad6IS49xidXlUSdNuUU45CcAtmiJf5p&itag=242&aitags=133%2C134%2C135%2C136%2C137%2C160%2C242%2C243%2C244%2C247%2C248%2C278&source=youtube&requiressl=yes&mh=lF&mm=31%2C29&mn=sn-5njj-u2xe%2Csn-un57sn7z&ms=au%2Crdu&mv=m&mvi=4&pl=16&initcwndbps=487500&vprv=1&mime=video%2Fwebm&ns=-Cq1Jk5Y1CwEVyNlf06fVH8F&gir=yes&clen=3900179&dur=259.920&lmt=1576244437574393&mt=1612404299&fvip=4&keepalive=yes&c=WEB&txp=5431432&n=UQ39XsqJvE4vo32oa&sparams=expire%2Cei%2Cip%2Cid%2Caitags%2Csource%2Crequiressl%2Cvprv%2Cmime%2Cns%2Cgir%2Cclen%2Cdur%2Clmt&lsparams=mh%2Cmm%2Cmn%2Cms%2Cmv%2Cmvi%2Cpl%2Cinitcwndbps&lsig=AG3C_xAwRgIhAIFH6q2fZuU_JS85oeEKQdYoxdCssIMr9wwakLvQy74vAiEA7lzNRx-W_VUebd1T5BAetsytelRjVlL-0eKoqc0YYz4%3D&sig=AOq0QJ8wRQIgT1y35W4UevUrFPLNWi_S7za-Ge8ZGnSmdeu7J9f_k1ACIQCVGFPYYE7ZhH0_S4xTWGueHtAFSkRdhslPrnvjWwg3KQ==&ratebypass=yes", "player_url": "/s/player/4bc55fd6/player_ias.vflset/en_US/base.js", "ext": "webm", "height": 240, "format_note": "240p", "vcodec": "vp9", "asr": null, "filesize": 3900179, "fps": 25, "tbr": 167.379, "width": 426, "acodec": "none", "downloader_options": {"http_chunk_size": 10485760}, "format": "242 - 426x240 (240p)", "protocol": "https", "http_headers": {"User-Agent": "Mozilla/5.0 (Windows NT 10.0; Win64; x64) AppleWebKit/537.36 (KHTML, like Gecko) Chrome/73.0.3664.4 Safari/537.36", "Accept-Charset": "ISO-8859-1,utf-8;q=0.7,*;q=0.7", "Accept": "text/html,application/xhtml+xml,application/xml;q=0.9,*/*;q=0.8", "Accept-Encoding": "gzip, deflate", "Accept-Language": "en-us,en;q=0.5"}}, {"format_id": "134", "url": "https://r4---sn-5njj-u2xe.googlevideo.com/videoplayback?expire=1612426836&ei=9FkbYMaNJvqolQS24IRw&ip=140.109.135.76&id=o-AFHPUAJjm6qI_ad6IS49xidXlUSdNuUU45CcAtmiJf5p&itag=134&aitags=133%2C134%2C135%2C136%2C137%2C160%2C242%2C243%2C244%2C247%2C248%2C278&source=youtube&requiressl=yes&mh=lF&mm=31%2C29&mn=sn-5njj-u2xe%2Csn-un57sn7z&ms=au%2Crdu&mv=m&mvi=4&pl=16&initcwndbps=487500&vprv=1&mime=video%2Fmp4&ns=-Cq1Jk5Y1CwEVyNlf06fVH8F&gir=yes&clen=5533363&dur=259.920&lmt=1576243810348448&mt=1612404299&fvip=4&keepalive=yes&c=WEB&txp=5432432&n=UQ39XsqJvE4vo32oa&sparams=expire%2Cei%2Cip%2Cid%2Caitags%2Csource%2Crequiressl%2Cvprv%2Cmime%2Cns%2Cgir%2Cclen%2Cdur%2Clmt&lsparams=mh%2Cmm%2Cmn%2Cms%2Cmv%2Cmvi%2Cpl%2Cinitcwndbps&lsig=AG3C_xAwRgIhAMfDJesVzefIjUPOM7Wtf7Ygo1bzIt1IGgEd0SH54o-NAiEAs23jb2g7bsDW7Of9ZCu8GKjPFvl6dR_0RRMuKNXK8OE%3D&sig=AOq0QJ8wRAIgf2hbJCiHtKlybJzfDMpt7rIYoTTwkN1aI2cHA2GwS74CIFzq_i3uXXWpbPINa1nDXyFU6TbQ7YSoxu21vgxuFzai&ratebypass=yes", "player_url": "/s/player/4bc55fd6/player_ias.vflset/en_US/base.js", "ext": "mp4", "height": 360, "format_note": "360p", "vcodec": "avc1.4d401e", "asr": null, "filesize": 5533363, "fps": 25, "tbr": 262.42, "width": 640, "acodec": "none", "downloader_options": {"http_chunk_size": 10485760}, "format": "134 - 640x360 (360p)", "protocol": "https", "http_headers": {"User-Agent": "Mozilla/5.0 (Windows NT 10.0; Win64; x64) AppleWebKit/537.36 (KHTML, like Gecko) Chrome/73.0.3664.4 Safari/537.36", "Accept-Charset": "ISO-8859-1,utf-8;q=0.7,*;q=0.7", "Accept": "text/html,application/xhtml+xml,application/xml;q=0.9,*/*;q=0.8", "Accept-Encoding": "gzip, deflate", "Accept-Language": "en-us,en;q=0.5"}}, {"format_id": "243", "url": "https://r4---sn-5njj-u2xe.googlevideo.com/videoplayback?expire=1612426836&ei=9FkbYMaNJvqolQS24IRw&ip=140.109.135.76&id=o-AFHPUAJjm6qI_ad6IS49xidXlUSdNuUU45CcAtmiJf5p&itag=243&aitags=133%2C134%2C135%2C136%2C137%2C160%2C242%2C243%2C244%2C247%2C248%2C278&source=youtube&requiressl=yes&mh=lF&mm=31%2C29&mn=sn-5njj-u2xe%2Csn-un57sn7z&ms=au%2Crdu&mv=m&mvi=4&pl=16&initcwndbps=487500&vprv=1&mime=video%2Fwebm&ns=-Cq1Jk5Y1CwEVyNlf06fVH8F&gir=yes&clen=6924958&dur=259.920&lmt=1576244437576464&mt=1612404299&fvip=4&keepalive=yes&c=WEB&txp=5431432&n=UQ39XsqJvE4vo32oa&sparams=expire%2Cei%2Cip%2Cid%2Caitags%2Csource%2Crequiressl%2Cvprv%2Cmime%2Cns%2Cgir%2Cclen%2Cdur%2Clmt&lsparams=mh%2Cmm%2Cmn%2Cms%2Cmv%2Cmvi%2Cpl%2Cinitcwndbps&lsig=AG3C_xAwRgIhAJiAwbj4yOT5_vQHBKX6QPITrmSr4IlJ7pn5umiOQ49AAiEAnD1XsS_hFjX0yx_CRbu1C3vLeLXqn2918Rzpl37ThXk%3D&sig=AOq0QJ8wRgIhAKFyHbZf5FeFGh8d_cczghyPtNQXpsPpjkkSVqo_WQ_eAiEA3OA1JopWxD1u7LWt-t4ZQ81yj_YImO4Yuhgf8rqWu1k=&ratebypass=yes", "player_url": "/s/player/4bc55fd6/player_ias.vflset/en_US/base.js", "ext": "webm", "height": 360, "format_note": "360p", "vcodec": "vp9", "asr": null, "filesize": 6924958, "fps": 25, "tbr": 294.443, "width": 640, "acodec": "none", "downloader_options": {"http_chunk_size": 10485760}, "format": "243 - 640x360 (360p)", "protocol": "https", "http_headers": {"User-Agent": "Mozilla/5.0 (Windows NT 10.0; Win64; x64) AppleWebKit/537.36 (KHTML, like Gecko) Chrome/73.0.3664.4 Safari/537.36", "Accept-Charset": "ISO-8859-1,utf-8;q=0.7,*;q=0.7", "Accept": "text/html,application/xhtml+xml,application/xml;q=0.9,*/*;q=0.8", "Accept-Encoding": "gzip, deflate", "Accept-Language": "en-us,en;q=0.5"}}, {"format_id": "244", "url": "https://r4---sn-5njj-u2xe.googlevideo.com/videoplayback?expire=1612426836&ei=9FkbYMaNJvqolQS24IRw&ip=140.109.135.76&id=o-AFHPUAJjm6qI_ad6IS49xidXlUSdNuUU45CcAtmiJf5p&itag=244&aitags=133%2C134%2C135%2C136%2C137%2C160%2C242%2C243%2C244%2C247%2C248%2C278&source=youtube&requiressl=yes&mh=lF&mm=31%2C29&mn=sn-5njj-u2xe%2Csn-un57sn7z&ms=au%2Crdu&mv=m&mvi=4&pl=16&initcwndbps=487500&vprv=1&mime=video%2Fwebm&ns=-Cq1Jk5Y1CwEVyNlf06fVH8F&gir=yes&clen=11127896&dur=259.920&lmt=1576244437586129&mt=1612404299&fvip=4&keepalive=yes&c=WEB&txp=5431432&n=UQ39XsqJvE4vo32oa&sparams=expire%2Cei%2Cip%2Cid%2Caitags%2Csource%2Crequiressl%2Cvprv%2Cmime%2Cns%2Cgir%2Cclen%2Cdur%2Clmt&lsparams=mh%2Cmm%2Cmn%2Cms%2Cmv%2Cmvi%2Cpl%2Cinitcwndbps&lsig=AG3C_xAwRAIgRbzeZCJDrg97GLtcH7CG81Bz_Pzq9jSzKWWKd_R2aoUCIBlZMIYj1syMLUzlRhTaVbtEUxtoLjodA74gazCh6c0P&sig=AOq0QJ8wRAIgDOKaUxDjuM9dX7ExijJuHKpyLU5KiXaas5Z9tc92Y9ICIGcOZMjAmfamcZ323TaUk_99Go662F4N5AoUz1y0b7Rw&ratebypass=yes", "player_url": "/s/player/4bc55fd6/player_ias.vflset/en_US/base.js", "ext": "webm", "height": 480, "format_note": "480p", "vcodec": "vp9", "asr": null, "filesize": 11127896, "fps": 25, "tbr": 480.667, "width": 854, "acodec": "none", "downloader_options": {"http_chunk_size": 10485760}, "format": "244 - 854x480 (480p)", "protocol": "https", "http_headers": {"User-Agent": "Mozilla/5.0 (Windows NT 10.0; Win64; x64) AppleWebKit/537.36 (KHTML, like Gecko) Chrome/73.0.3664.4 Safari/537.36", "Accept-Charset": "ISO-8859-1,utf-8;q=0.7,*;q=0.7", "Accept": "text/html,application/xhtml+xml,application/xml;q=0.9,*/*;q=0.8", "Accept-Encoding": "gzip, deflate", "Accept-Language": "en-us,en;q=0.5"}}, {"format_id": "135", "url": "https://r4---sn-5njj-u2xe.googlevideo.com/videoplayback?expire=1612426836&ei=9FkbYMaNJvqolQS24IRw&ip=140.109.135.76&id=o-AFHPUAJjm6qI_ad6IS49xidXlUSdNuUU45CcAtmiJf5p&itag=135&aitags=133%2C134%2C135%2C136%2C137%2C160%2C242%2C243%2C244%2C247%2C248%2C278&source=youtube&requiressl=yes&mh=lF&mm=31%2C29&mn=sn-5njj-u2xe%2Csn-un57sn7z&ms=au%2Crdu&mv=m&mvi=4&pl=16&initcwndbps=487500&vprv=1&mime=video%2Fmp4&ns=-Cq1Jk5Y1CwEVyNlf06fVH8F&gir=yes&clen=10276887&dur=259.920&lmt=1576243810347521&mt=1612404299&fvip=4&keepalive=yes&c=WEB&txp=5432432&n=UQ39XsqJvE4vo32oa&sparams=expire%2Cei%2Cip%2Cid%2Caitags%2Csource%2Crequiressl%2Cvprv%2Cmime%2Cns%2Cgir%2Cclen%2Cdur%2Clmt&lsparams=mh%2Cmm%2Cmn%2Cms%2Cmv%2Cmvi%2Cpl%2Cinitcwndbps&lsig=AG3C_xAwRQIhAMlQuXOaIbjOQNr5XZ27c3O2BznxbgFOl7xBLXf8oa4cAiB4H3XeT50aUFkcsS2-ybKHpxrx4z1e9dH6jVSzYAtong%3D%3D&sig=AOq0QJ8wRQIhAPGk2k-NhUzzoKmWvkSdcGri2047tvX-OiFmY_xi6b3SAiA_-o7jnAXYmKzf7CvrepPIDqzy6TBGSDxpYa9aOMpF1Q==&ratebypass=yes", "player_url": "/s/player/4bc55fd6/player_ias.vflset/en_US/base.js", "ext": "mp4", "height": 480, "format_note": "480p", "vcodec": "avc1.4d401e", "asr": null, "filesize": 10276887, "fps": 25, "tbr": 484.56, "width": 854, "acodec": "none", "downloader_options": {"http_chunk_size": 10485760}, "format": "135 - 854x480 (480p)", "protocol": "https", "http_headers": {"User-Agent": "Mozilla/5.0 (Windows NT 10.0; Win64; x64) AppleWebKit/537.36 (KHTML, like Gecko) Chrome/73.0.3664.4 Safari/537.36", "Accept-Charset": "ISO-8859-1,utf-8;q=0.7,*;q=0.7", "Accept": "text/html,application/xhtml+xml,application/xml;q=0.9,*/*;q=0.8", "Accept-Encoding": "gzip, deflate", "Accept-Language": "en-us,en;q=0.5"}}, {"format_id": "247", "url": "https://r4---sn-5njj-u2xe.googlevideo.com/videoplayback?expire=1612426836&ei=9FkbYMaNJvqolQS24IRw&ip=140.109.135.76&id=o-AFHPUAJjm6qI_ad6IS49xidXlUSdNuUU45CcAtmiJf5p&itag=247&aitags=133%2C134%2C135%2C136%2C137%2C160%2C242%2C243%2C244%2C247%2C248%2C278&source=youtube&requiressl=yes&mh=lF&mm=31%2C29&mn=sn-5njj-u2xe%2Csn-un57sn7z&ms=au%2Crdu&mv=m&mvi=4&pl=16&initcwndbps=487500&vprv=1&mime=video%2Fwebm&ns=-Cq1Jk5Y1CwEVyNlf06fVH8F&gir=yes&clen=21317265&dur=259.920&lmt=1576244437565677&mt=1612404299&fvip=4&keepalive=yes&c=WEB&txp=5431432&n=UQ39XsqJvE4vo32oa&sparams=expire%2Cei%2Cip%2Cid%2Caitags%2Csource%2Crequiressl%2Cvprv%2Cmime%2Cns%2Cgir%2Cclen%2Cdur%2Clmt&lsparams=mh%2Cmm%2Cmn%2Cms%2Cmv%2Cmvi%2Cpl%2Cinitcwndbps&lsig=AG3C_xAwRQIhAOsZ82OLwlHVr8N6GEPYa0TRRmw6MfIghBFhm0rZ2A-tAiB0HRhjphku2dd7uUi1sVLQ7y9HZStpCrE27uXYy56ZVg%3D%3D&sig=AOq0QJ8wRQIgJKyBVYPPBCYgDskYEYt9DT6eUrjuLJraeAnyGBMNcFYCIQDkH7zG0pmgkXv-09UaacmHkveR2MsC7hakbwKsuH9-8A==&ratebypass=yes", "player_url": "/s/player/4bc55fd6/player_ias.vflset/en_US/base.js", "ext": "webm", "height": 720, "format_note": "720p", "vcodec": "vp9", "asr": null, "filesize": 21317265, "fps": 25, "tbr": 910.721, "width": 1280, "acodec": "none", "downloader_options": {"http_chunk_size": 10485760}, "format": "247 - 1280x720 (720p)", "protocol": "https", "http_headers": {"User-Agent": "Mozilla/5.0 (Windows NT 10.0; Win64; x64) AppleWebKit/537.36 (KHTML, like Gecko) Chrome/73.0.3664.4 Safari/537.36", "Accept-Charset": "ISO-8859-1,utf-8;q=0.7,*;q=0.7", "Accept": "text/html,application/xhtml+xml,application/xml;q=0.9,*/*;q=0.8", "Accept-Encoding": "gzip, deflate", "Accept-Language": "en-us,en;q=0.5"}}, {"format_id": "136", "url": "https://r4---sn-5njj-u2xe.googlevideo.com/videoplayback?expire=1612426836&ei=9FkbYMaNJvqolQS24IRw&ip=140.109.135.76&id=o-AFHPUAJjm6qI_ad6IS49xidXlUSdNuUU45CcAtmiJf5p&itag=136&aitags=133%2C134%2C135%2C136%2C137%2C160%2C242%2C243%2C244%2C247%2C248%2C278&source=youtube&requiressl=yes&mh=lF&mm=31%2C29&mn=sn-5njj-u2xe%2Csn-un57sn7z&ms=au%2Crdu&mv=m&mvi=4&pl=16&initcwndbps=487500&vprv=1&mime=video%2Fmp4&ns=-Cq1Jk5Y1CwEVyNlf06fVH8F&gir=yes&clen=18638767&dur=259.920&lmt=1576243810349039&mt=1612404299&fvip=4&keepalive=yes&c=WEB&txp=5432432&n=UQ39XsqJvE4vo32oa&sparams=expire%2Cei%2Cip%2Cid%2Caitags%2Csource%2Crequiressl%2Cvprv%2Cmime%2Cns%2Cgir%2Cclen%2Cdur%2Clmt&lsparams=mh%2Cmm%2Cmn%2Cms%2Cmv%2Cmvi%2Cpl%2Cinitcwndbps&lsig=AG3C_xAwRAIgR2ev_EjKED3BfBn6LDUfyVyKXPXuOcTBE-u44oV3ASgCIF2HgGGLHxYcwIkaP4sTuFCqD7Bnz0tiMkkH0MVvpA24&sig=AOq0QJ8wRQIhAJzi5-i9EOpAyhCJN0UASQZ2EtRaO-H7aoeeX3sKFsrIAiAh-z_5DGp38ZQtJYCzSpGcOR1esy6wamgaDqg5mHMySA==&ratebypass=yes", "player_url": "/s/player/4bc55fd6/player_ias.vflset/en_US/base.js", "ext": "mp4", "height": 720, "format_note": "720p", "vcodec": "avc1.4d401f", "asr": null, "filesize": 18638767, "fps": 25, "tbr": 976.67, "width": 1280, "acodec": "none", "downloader_options": {"http_chunk_size": 10485760}, "format": "136 - 1280x720 (720p)", "protocol": "https", "http_headers": {"User-Agent": "Mozilla/5.0 (Windows NT 10.0; Win64; x64) AppleWebKit/537.36 (KHTML, like Gecko) Chrome/73.0.3664.4 Safari/537.36", "Accept-Charset": "ISO-8859-1,utf-8;q=0.7,*;q=0.7", "Accept": "text/html,application/xhtml+xml,application/xml;q=0.9,*/*;q=0.8", "Accept-Encoding": "gzip, deflate", "Accept-Language": "en-us,en;q=0.5"}}, {"format_id": "248", "url": "https://r4---sn-5njj-u2xe.googlevideo.com/videoplayback?expire=1612426836&ei=9FkbYMaNJvqolQS24IRw&ip=140.109.135.76&id=o-AFHPUAJjm6qI_ad6IS49xidXlUSdNuUU45CcAtmiJf5p&itag=248&aitags=133%2C134%2C135%2C136%2C137%2C160%2C242%2C243%2C244%2C247%2C248%2C278&source=youtube&requiressl=yes&mh=lF&mm=31%2C29&mn=sn-5njj-u2xe%2Csn-un57sn7z&ms=au%2Crdu&mv=m&mvi=4&pl=16&initcwndbps=487500&vprv=1&mime=video%2Fwebm&ns=-Cq1Jk5Y1CwEVyNlf06fVH8F&gir=yes&clen=37942353&dur=259.920&lmt=1576243976677211&mt=1612404299&fvip=4&keepalive=yes&c=WEB&txp=5431432&n=UQ39XsqJvE4vo32oa&sparams=expire%2Cei%2Cip%2Cid%2Caitags%2Csource%2Crequiressl%2Cvprv%2Cmime%2Cns%2Cgir%2Cclen%2Cdur%2Clmt&lsparams=mh%2Cmm%2Cmn%2Cms%2Cmv%2Cmvi%2Cpl%2Cinitcwndbps&lsig=AG3C_xAwRAIgKMHN8g5Vz2gV1Xg8pFMeHhd2ncggrvo3vmgvbeECuKcCID9j0t8NLsRHAi2lOi9CyeP7NN1jp4kQT_poRP69zr6G&sig=AOq0QJ8wRQIgVTGQ_nprzG0qSQJHb6mwB30aSC-yBgQeSkp2fCQiDz4CIQD1BikiDIVKjtbj-YdBFvdovfDsn0h0mjcBvhNDivLw8g==&ratebypass=yes", "player_url": "/s/player/4bc55fd6/player_ias.vflset/en_US/base.js", "ext": "webm", "height": 1080, "format_note": "1080p", "vcodec": "vp9", "asr": null, "filesize": 37942353, "fps": 25, "tbr": 1555.7, "width": 1920, "acodec": "none", "downloader_options": {"http_chunk_size": 10485760}, "format": "248 - 1920x1080 (1080p)", "protocol": "https", "http_headers": {"User-Agent": "Mozilla/5.0 (Windows NT 10.0; Win64; x64) AppleWebKit/537.36 (KHTML, like Gecko) Chrome/73.0.3664.4 Safari/537.36", "Accept-Charset": "ISO-8859-1,utf-8;q=0.7,*;q=0.7", "Accept": "text/html,application/xhtml+xml,application/xml;q=0.9,*/*;q=0.8", "Accept-Encoding": "gzip, deflate", "Accept-Language": "en-us,en;q=0.5"}}, {"format_id": "137", "url": "https://r4---sn-5njj-u2xe.googlevideo.com/videoplayback?expire=1612426836&ei=9FkbYMaNJvqolQS24IRw&ip=140.109.135.76&id=o-AFHPUAJjm6qI_ad6IS49xidXlUSdNuUU45CcAtmiJf5p&itag=137&aitags=133%2C134%2C135%2C136%2C137%2C160%2C242%2C243%2C244%2C247%2C248%2C278&source=youtube&requiressl=yes&mh=lF&mm=31%2C29&mn=sn-5njj-u2xe%2Csn-un57sn7z&ms=au%2Crdu&mv=m&mvi=4&pl=16&initcwndbps=487500&vprv=1&mime=video%2Fmp4&ns=-Cq1Jk5Y1CwEVyNlf06fVH8F&gir=yes&clen=34487380&dur=259.920&lmt=1576243765719350&mt=1612404299&fvip=4&keepalive=yes&c=WEB&txp=5432432&n=UQ39XsqJvE4vo32oa&sparams=expire%2Cei%2Cip%2Cid%2Caitags%2Csource%2Crequiressl%2Cvprv%2Cmime%2Cns%2Cgir%2Cclen%2Cdur%2Clmt&lsparams=mh%2Cmm%2Cmn%2Cms%2Cmv%2Cmvi%2Cpl%2Cinitcwndbps&lsig=AG3C_xAwRQIgcQ7qu7M7V4etAk_jXul6azBTiQBjc5F1AyGdPrDsD_oCIQD6olX87TaGqwoj7lXm-wece_YsItA-HpsDTopIRab-fw%3D%3D&sig=AOq0QJ8wRQIhANFwnmG5aDyHWYnSyzSU6wS31stZhYJr44nzwQ3GXXxNAiAgSFfRTR90cvr-7VBfTgxuj9DwWaYXU3d2gCoEjYh8Sw==&ratebypass=yes", "player_url": "/s/player/4bc55fd6/player_ias.vflset/en_US/base.js", "ext": "mp4", "height": 1080, "format_note": "1080p", "vcodec": "avc1.640028", "asr": null, "filesize": 34487380, "fps": 25, "tbr": 1850.915, "width": 1920, "acodec": "none", "downloader_options": {"http_chunk_size": 10485760}, "format": "137 - 1920x1080 (1080p)", "protocol": "https", "http_headers": {"User-Agent": "Mozilla/5.0 (Windows NT 10.0; Win64; x64) AppleWebKit/537.36 (KHTML, like Gecko) Chrome/73.0.3664.4 Safari/537.36", "Accept-Charset": "ISO-8859-1,utf-8;q=0.7,*;q=0.7", "Accept": "text/html,application/xhtml+xml,application/xml;q=0.9,*/*;q=0.8", "Accept-Encoding": "gzip, deflate", "Accept-Language": "en-us,en;q=0.5"}}, {"format_id": "18", "url": "https://r4---sn-5njj-u2xe.googlevideo.com/videoplayback?expire=1612426836&ei=9FkbYMaNJvqolQS24IRw&ip=140.109.135.76&id=o-AFHPUAJjm6qI_ad6IS49xidXlUSdNuUU45CcAtmiJf5p&itag=18&source=youtube&requiressl=yes&mh=lF&mm=31%2C29&mn=sn-5njj-u2xe%2Csn-un57sn7z&ms=au%2Crdu&mv=m&mvi=4&pl=16&initcwndbps=487500&vprv=1&mime=video%2Fmp4&ns=42xoa72-KT8BQyGe4tF3xVAF&gir=yes&clen=13051825&ratebypass=yes&dur=259.970&lmt=1576243679106643&mt=1612404299&fvip=4&c=WEB&txp=5431432&n=Api7gbFeeFa4ZYC1V&sparams=expire%2Cei%2Cip%2Cid%2Citag%2Csource%2Crequiressl%2Cvprv%2Cmime%2Cns%2Cgir%2Cclen%2Cratebypass%2Cdur%2Clmt&lsparams=mh%2Cmm%2Cmn%2Cms%2Cmv%2Cmvi%2Cpl%2Cinitcwndbps&lsig=AG3C_xAwRQIgYqJsDFrvQ4p-0Q_x47d2waCQhlNOmglvHU0UhPOWbksCIQCooo-b0ove9sc3__6KxdS2Ugxjawxxs2l-UX9eXZ1Hlg%3D%3D&sig=AOq0QJ8wRQIhAJ5MzohPydkGJj3q04ZxaDe4AaX3DBmCPVfAbO6B3VdQAiAgDwJGG5cJvcUGbNlfNH6oyvy9G0WofT7OyMpajwcF0g==", "player_url": "/s/player/4bc55fd6/player_ias.vflset/en_US/base.js", "ext": "mp4", "width": 640, "height": 360, "acodec": "mp4a.40.2", "abr": 96, "vcodec": "avc1.42001E", "asr": 44100, "filesize": 13051825, "format_note": "360p", "fps": 25, "tbr": 401.718, "format": "18 - 640x360 (360p)", "protocol": "https", "http_headers": {"User-Agent": "Mozilla/5.0 (Windows NT 10.0; Win64; x64) AppleWebKit/537.36 (KHTML, like Gecko) Chrome/73.0.3664.4 Safari/537.36", "Accept-Charset": "ISO-8859-1,utf-8;q=0.7,*;q=0.7", "Accept": "text/html,application/xhtml+xml,application/xml;q=0.9,*/*;q=0.8", "Accept-Encoding": "gzip, deflate", "Accept-Language": "en-us,en;q=0.5"}}], "is_live": null, "start_time": null, "end_time": null, "series": null, "season_number": null, "episode_number": null, "track": null, "artist": null, "album": null, "release_date": null, "release_year": null, "extractor": "youtube", "webpage_url_basename": "watch", "extractor_key": "Youtube", "playlist": null, "playlist_index": null, "thumbnail": "https://i.ytimg.com/vi_webp/6o7L4En0Hh4/maxresdefault.webp", "display_id": "6o7L4En0Hh4", "requested_subtitles": null, "format_id": "251", "url": "https://r4---sn-5njj-u2xe.googlevideo.com/videoplayback?expire=1612426836&ei=9FkbYMaNJvqolQS24IRw&ip=140.109.135.76&id=o-AFHPUAJjm6qI_ad6IS49xidXlUSdNuUU45CcAtmiJf5p&itag=251&source=youtube&requiressl=yes&mh=lF&mm=31%2C29&mn=sn-5njj-u2xe%2Csn-un57sn7z&ms=au%2Crdu&mv=m&mvi=4&pl=16&initcwndbps=487500&vprv=1&mime=audio%2Fwebm&ns=-Cq1Jk5Y1CwEVyNlf06fVH8F&gir=yes&clen=4753333&dur=259.941&lmt=1576243658778538&mt=1612404299&fvip=4&keepalive=yes&c=WEB&txp=5431432&n=UQ39XsqJvE4vo32oa&sparams=expire%2Cei%2Cip%2Cid%2Citag%2Csource%2Crequiressl%2Cvprv%2Cmime%2Cns%2Cgir%2Cclen%2Cdur%2Clmt&lsparams=mh%2Cmm%2Cmn%2Cms%2Cmv%2Cmvi%2Cpl%2Cinitcwndbps&lsig=AG3C_xAwRAIgZEWhosqYZNGIhgigFWBmrnvZVXPOuBhkUz7K-1FwwcsCIDmKoY-5jm1g-hNDlOE6V3nMmMVdt2_UL7WFvjbDHytY&sig=AOq0QJ8wRAIgDjOpw9UjeJLwOieGawDUaeSuRB1xJ-CYlXoEBFuhWZ8CIApxez25Cm0hZQL6QVumyKWND2u1xQ9q_q-2VDsrER9h&ratebypass=yes", "player_url": "/s/player/4bc55fd6/player_ias.vflset/en_US/base.js", "ext": "webm", "format_note": "tiny", "acodec": "opus", "abr": 160, "asr": 48000, "filesize": 4753333, "fps": null, "height": null, "tbr": 156.989, "width": null, "vcodec": "none", "downloader_options": {"http_chunk_size": 10485760}, "format": "251 - audio only (tiny)", "protocol": "https", "http_headers": {"User-Agent": "Mozilla/5.0 (Windows NT 10.0; Win64; x64) AppleWebKit/537.36 (KHTML, like Gecko) Chrome/73.0.3664.4 Safari/537.36", "Accept-Charset": "ISO-8859-1,utf-8;q=0.7,*;q=0.7", "Accept": "text/html,application/xhtml+xml,application/xml;q=0.9,*/*;q=0.8", "Accept-Encoding": "gzip, deflate", "Accept-Language": "en-us,en;q=0.5"}}