{"id": "60LLKmpgzRM", "uploader": "Lucas King", "uploader_id": "LucasKingPiano", "uploader_url": "http://www.youtube.com/user/LucasKingPiano", "channel_id": "UCq52MbjRULLbjRPvxM7FwZg", "channel_url": "http://www.youtube.com/channel/UCq52MbjRULLbjRPvxM7FwZg", "upload_date": "20170220", "license": null, "creator": null, "title": "Dark Piano - Hate (Original Composition)", "alt_title": null, "thumbnails": [{"url": "https://i.ytimg.com/vi/60LLKmpgzRM/hqdefault.jpg?sqp=-oaymwEYCKgBEF5IVfKriqkDCwgBFQAAiEIYAXAB&rs=AOn4CLCNoHfZTmrQdBYT18CvJqhBn9He9Q", "width": 168, "height": 94, "resolution": "168x94", "id": "0"}, {"url": "https://i.ytimg.com/vi/60LLKmpgzRM/hqdefault.jpg?sqp=-oaymwEYCMQBEG5IVfKriqkDCwgBFQAAiEIYAXAB&rs=AOn4CLDu-LMbOnxpL7U_JSg2ZSEu460_qw", "width": 196, "height": 110, "resolution": "196x110", "id": "1"}, {"url": "https://i.ytimg.com/vi/60LLKmpgzRM/hqdefault.jpg?sqp=-oaymwEZCPYBEIoBSFXyq4qpAwsIARUAAIhCGAFwAQ==&rs=AOn4CLCFCJ26zQxJvo3f18dSvBd9YTt2QQ", "width": 246, "height": 138, "resolution": "246x138", "id": "2"}, {"url": "https://i.ytimg.com/vi/60LLKmpgzRM/hqdefault.jpg?sqp=-oaymwEZCNACELwBSFXyq4qpAwsIARUAAIhCGAFwAQ==&rs=AOn4CLDE_D1S4hOMnDwgECTtEVQ4YBvNPw", "width": 336, "height": 188, "resolution": "336x188", "id": "3"}, {"url": "https://i.ytimg.com/vi_webp/60LLKmpgzRM/maxresdefault.webp", "width": 1920, "height": 1080, "resolution": "1920x1080", "id": "4"}], "description": "Here are the sheets https://www.musicnotes.com/sheetmusic/mtd.asp?ppn=MN0216113 \n\nOriginal called Hate. \n\nI am not the artist of the artwork https://www.pixiv.net/member_illust.php?mode=medium&illust_id=54321714 art by \u5343\u591cQYS3\n\n\n\n_________________________________________________\n\nVisit my website where you can license my music http://bit.ly/1V5OTkK\n\n_________________________________________________\n\nBandcamp https://lucaskingpiano.bandcamp.com/releases\nYouNow https://www.younow.com/LucasKingPiano/channel\nInstagram  http://bit.ly/1VlAYcP\nTwitter http://bit.ly/1bxbJj3\nFacebook http://bit.ly/1X486n7\nWattpad http://w.tt/1VgR06v4757\nSoundCloud http://bit.ly/1QkWkSL", "categories": ["Music"], "tags": ["Sad", "piano", "emotional", "relaxing", "beautiful", "sadness", "saddest", "break", "up", "music", "hate", "dark piano", "hate piano", "angry piano", "i hate you so much", "i hate you music", "hate music", "piano hate", "depressing piano", "darkness", "piano for depression"], "subtitles": {}, "automatic_captions": {}, "duration": 291, "age_limit": 0, "annotations": null, "chapters": null, "webpage_url": "https://www.youtube.com/watch?v=60LLKmpgzRM", "view_count": 2823781, "like_count": 68397, "dislike_count": 938, "average_rating": 4.9458861, "formats": [{"format_id": "249", "url": "https://r5---sn-5njj-u2xl.googlevideo.com/videoplayback?expire=1611764181&ei=dD0RYP3hOtG3gQPd2IWwAg&ip=140.109.135.76&id=o-APjO5QFEu8yDeInGF-cutzqGP8LWZdAgRPEsmhVORAJj&itag=249&source=youtube&requiressl=yes&mh=J6&mm=31%2C29&mn=sn-5njj-u2xl%2Csn-un57en7l&ms=au%2Crdu&mv=m&mvi=5&pl=16&initcwndbps=453750&vprv=1&mime=audio%2Fwebm&ns=xBlaP4HKE--bl1_apxJFbmYF&gir=yes&clen=2011138&dur=291.161&lmt=1575856743081689&mt=1611742127&fvip=5&keepalive=yes&c=WEB&txp=5431432&n=h-X7WgvNxiZGBobLBYgw&sparams=expire%2Cei%2Cip%2Cid%2Citag%2Csource%2Crequiressl%2Cvprv%2Cmime%2Cns%2Cgir%2Cclen%2Cdur%2Clmt&sig=AOq0QJ8wRQIhAPLUrN-88uvgQoF4CIcgKIXy1dojKGhJpwplvl3MFOTnAiAuXTIWt0gITF55TamCgEB9IpdldXxX_PrXj0Xc6vnN1Q%3D%3D&lsparams=mh%2Cmm%2Cmn%2Cms%2Cmv%2Cmvi%2Cpl%2Cinitcwndbps&lsig=AG3C_xAwRgIhAPX47B-olHND3UBLPRPUg64FRYUg_nx-a1xA6_MlA-C4AiEAi-c-Xh0_IeUjokcMkImuEJD1-WXSeYSxxtaKH0upU4A%3D&ratebypass=yes", "player_url": null, "ext": "webm", "format_note": "tiny", "acodec": "opus", "abr": 50, "asr": 48000, "filesize": 2011138, "fps": null, "height": null, "tbr": 63.851, "width": null, "vcodec": "none", "downloader_options": {"http_chunk_size": 10485760}, "format": "249 - audio only (tiny)", "protocol": "https", "http_headers": {"User-Agent": "Mozilla/5.0 (Windows NT 10.0; Win64; x64) AppleWebKit/537.36 (KHTML, like Gecko) Chrome/72.0.3626.25 Safari/537.36", "Accept-Charset": "ISO-8859-1,utf-8;q=0.7,*;q=0.7", "Accept": "text/html,application/xhtml+xml,application/xml;q=0.9,*/*;q=0.8", "Accept-Encoding": "gzip, deflate", "Accept-Language": "en-us,en;q=0.5"}}, {"format_id": "250", "url": "https://r5---sn-5njj-u2xl.googlevideo.com/videoplayback?expire=1611764181&ei=dD0RYP3hOtG3gQPd2IWwAg&ip=140.109.135.76&id=o-APjO5QFEu8yDeInGF-cutzqGP8LWZdAgRPEsmhVORAJj&itag=250&source=youtube&requiressl=yes&mh=J6&mm=31%2C29&mn=sn-5njj-u2xl%2Csn-un57en7l&ms=au%2Crdu&mv=m&mvi=5&pl=16&initcwndbps=453750&vprv=1&mime=audio%2Fwebm&ns=xBlaP4HKE--bl1_apxJFbmYF&gir=yes&clen=2679953&dur=291.161&lmt=1575856745389758&mt=1611742127&fvip=5&keepalive=yes&c=WEB&txp=5431432&n=h-X7WgvNxiZGBobLBYgw&sparams=expire%2Cei%2Cip%2Cid%2Citag%2Csource%2Crequiressl%2Cvprv%2Cmime%2Cns%2Cgir%2Cclen%2Cdur%2Clmt&sig=AOq0QJ8wRAIgPvS9avbVOhp94R9C0gdXXfWbXgCKSQjGA6BacEL0d58CIFF3BBXQPDo83vaV0qvdtPmCuqKxLmuCL9IlQBV5L-Q0&lsparams=mh%2Cmm%2Cmn%2Cms%2Cmv%2Cmvi%2Cpl%2Cinitcwndbps&lsig=AG3C_xAwRgIhAPX47B-olHND3UBLPRPUg64FRYUg_nx-a1xA6_MlA-C4AiEAi-c-Xh0_IeUjokcMkImuEJD1-WXSeYSxxtaKH0upU4A%3D&ratebypass=yes", "player_url": null, "ext": "webm", "format_note": "tiny", "acodec": "opus", "abr": 70, "asr": 48000, "filesize": 2679953, "fps": null, "height": null, "tbr": 85.486, "width": null, "vcodec": "none", "downloader_options": {"http_chunk_size": 10485760}, "format": "250 - audio only (tiny)", "protocol": "https", "http_headers": {"User-Agent": "Mozilla/5.0 (Windows NT 10.0; Win64; x64) AppleWebKit/537.36 (KHTML, like Gecko) Chrome/72.0.3626.25 Safari/537.36", "Accept-Charset": "ISO-8859-1,utf-8;q=0.7,*;q=0.7", "Accept": "text/html,application/xhtml+xml,application/xml;q=0.9,*/*;q=0.8", "Accept-Encoding": "gzip, deflate", "Accept-Language": "en-us,en;q=0.5"}}, {"format_id": "140", "url": "https://r5---sn-5njj-u2xl.googlevideo.com/videoplayback?expire=1611764181&ei=dD0RYP3hOtG3gQPd2IWwAg&ip=140.109.135.76&id=o-APjO5QFEu8yDeInGF-cutzqGP8LWZdAgRPEsmhVORAJj&itag=140&source=youtube&requiressl=yes&mh=J6&mm=31%2C29&mn=sn-5njj-u2xl%2Csn-un57en7l&ms=au%2Crdu&mv=m&mvi=5&pl=16&initcwndbps=453750&vprv=1&mime=audio%2Fmp4&ns=xBlaP4HKE--bl1_apxJFbmYF&gir=yes&clen=4713531&dur=291.201&lmt=1575856744988590&mt=1611742127&fvip=5&keepalive=yes&c=WEB&txp=5431432&n=h-X7WgvNxiZGBobLBYgw&sparams=expire%2Cei%2Cip%2Cid%2Citag%2Csource%2Crequiressl%2Cvprv%2Cmime%2Cns%2Cgir%2Cclen%2Cdur%2Clmt&sig=AOq0QJ8wRQIhALIEfKTvWTB49bvAI3FcKXV3XdABVFNS4B35qVXC_jAeAiASsETwYlHh9hbN95Sp4TcjghoRg8Dtiizgxicpfi8zdQ%3D%3D&lsparams=mh%2Cmm%2Cmn%2Cms%2Cmv%2Cmvi%2Cpl%2Cinitcwndbps&lsig=AG3C_xAwRgIhAPX47B-olHND3UBLPRPUg64FRYUg_nx-a1xA6_MlA-C4AiEAi-c-Xh0_IeUjokcMkImuEJD1-WXSeYSxxtaKH0upU4A%3D&ratebypass=yes", "player_url": null, "ext": "m4a", "format_note": "tiny", "acodec": "mp4a.40.2", "abr": 128, "container": "m4a_dash", "asr": 44100, "filesize": 4713531, "fps": null, "height": null, "tbr": 130.462, "width": null, "vcodec": "none", "downloader_options": {"http_chunk_size": 10485760}, "format": "140 - audio only (tiny)", "protocol": "https", "http_headers": {"User-Agent": "Mozilla/5.0 (Windows NT 10.0; Win64; x64) AppleWebKit/537.36 (KHTML, like Gecko) Chrome/72.0.3626.25 Safari/537.36", "Accept-Charset": "ISO-8859-1,utf-8;q=0.7,*;q=0.7", "Accept": "text/html,application/xhtml+xml,application/xml;q=0.9,*/*;q=0.8", "Accept-Encoding": "gzip, deflate", "Accept-Language": "en-us,en;q=0.5"}}, {"format_id": "251", "url": "https://r5---sn-5njj-u2xl.googlevideo.com/videoplayback?expire=1611764181&ei=dD0RYP3hOtG3gQPd2IWwAg&ip=140.109.135.76&id=o-APjO5QFEu8yDeInGF-cutzqGP8LWZdAgRPEsmhVORAJj&itag=251&source=youtube&requiressl=yes&mh=J6&mm=31%2C29&mn=sn-5njj-u2xl%2Csn-un57en7l&ms=au%2Crdu&mv=m&mvi=5&pl=16&initcwndbps=453750&vprv=1&mime=audio%2Fwebm&ns=xBlaP4HKE--bl1_apxJFbmYF&gir=yes&clen=5168011&dur=291.161&lmt=1575856746784239&mt=1611742127&fvip=5&keepalive=yes&c=WEB&txp=5431432&n=h-X7WgvNxiZGBobLBYgw&sparams=expire%2Cei%2Cip%2Cid%2Citag%2Csource%2Crequiressl%2Cvprv%2Cmime%2Cns%2Cgir%2Cclen%2Cdur%2Clmt&sig=AOq0QJ8wRAIgRlMxbcII-xwa7hIPqgmFPhjDZtD8kIKuaWIUW619xGwCIEzI63Jzry8J5vPAbO3R46b37dr-FIjCwbyb2w79mMbD&lsparams=mh%2Cmm%2Cmn%2Cms%2Cmv%2Cmvi%2Cpl%2Cinitcwndbps&lsig=AG3C_xAwRgIhAPX47B-olHND3UBLPRPUg64FRYUg_nx-a1xA6_MlA-C4AiEAi-c-Xh0_IeUjokcMkImuEJD1-WXSeYSxxtaKH0upU4A%3D&ratebypass=yes", "player_url": null, "ext": "webm", "format_note": "tiny", "acodec": "opus", "abr": 160, "asr": 48000, "filesize": 5168011, "fps": null, "height": null, "tbr": 159.652, "width": null, "vcodec": "none", "downloader_options": {"http_chunk_size": 10485760}, "format": "251 - audio only (tiny)", "protocol": "https", "http_headers": {"User-Agent": "Mozilla/5.0 (Windows NT 10.0; Win64; x64) AppleWebKit/537.36 (KHTML, like Gecko) Chrome/72.0.3626.25 Safari/537.36", "Accept-Charset": "ISO-8859-1,utf-8;q=0.7,*;q=0.7", "Accept": "text/html,application/xhtml+xml,application/xml;q=0.9,*/*;q=0.8", "Accept-Encoding": "gzip, deflate", "Accept-Language": "en-us,en;q=0.5"}}, {"format_id": "160", "url": "https://r5---sn-5njj-u2xl.googlevideo.com/videoplayback?expire=1611764181&ei=dD0RYP3hOtG3gQPd2IWwAg&ip=140.109.135.76&id=o-APjO5QFEu8yDeInGF-cutzqGP8LWZdAgRPEsmhVORAJj&itag=160&aitags=133%2C134%2C135%2C136%2C137%2C160%2C242%2C243%2C244%2C247%2C248%2C278&source=youtube&requiressl=yes&mh=J6&mm=31%2C29&mn=sn-5njj-u2xl%2Csn-un57en7l&ms=au%2Crdu&mv=m&mvi=5&pl=16&initcwndbps=453750&vprv=1&mime=video%2Fmp4&ns=xBlaP4HKE--bl1_apxJFbmYF&gir=yes&clen=892276&dur=291.133&lmt=1575856845644586&mt=1611742127&fvip=5&keepalive=yes&c=WEB&txp=5432432&n=h-X7WgvNxiZGBobLBYgw&sparams=expire%2Cei%2Cip%2Cid%2Caitags%2Csource%2Crequiressl%2Cvprv%2Cmime%2Cns%2Cgir%2Cclen%2Cdur%2Clmt&sig=AOq0QJ8wRgIhAOcDKH3mDCS9RuHUqk-mcxu7hznPxNeaSU4HLTK_5wdnAiEA8KnhcOusKR1Z7pmNbvN-KWaK_MuoArf7lmPPHxUXjos%3D&lsparams=mh%2Cmm%2Cmn%2Cms%2Cmv%2Cmvi%2Cpl%2Cinitcwndbps&lsig=AG3C_xAwRgIhAPX47B-olHND3UBLPRPUg64FRYUg_nx-a1xA6_MlA-C4AiEAi-c-Xh0_IeUjokcMkImuEJD1-WXSeYSxxtaKH0upU4A%3D&ratebypass=yes", "player_url": null, "ext": "mp4", "height": 144, "format_note": "144p", "vcodec": "avc1.4d400c", "asr": null, "filesize": 892276, "fps": 30, "tbr": 73.718, "width": 256, "acodec": "none", "downloader_options": {"http_chunk_size": 10485760}, "format": "160 - 256x144 (144p)", "protocol": "https", "http_headers": {"User-Agent": "Mozilla/5.0 (Windows NT 10.0; Win64; x64) AppleWebKit/537.36 (KHTML, like Gecko) Chrome/72.0.3626.25 Safari/537.36", "Accept-Charset": "ISO-8859-1,utf-8;q=0.7,*;q=0.7", "Accept": "text/html,application/xhtml+xml,application/xml;q=0.9,*/*;q=0.8", "Accept-Encoding": "gzip, deflate", "Accept-Language": "en-us,en;q=0.5"}}, {"format_id": "278", "url": "https://r5---sn-5njj-u2xl.googlevideo.com/videoplayback?expire=1611764181&ei=dD0RYP3hOtG3gQPd2IWwAg&ip=140.109.135.76&id=o-APjO5QFEu8yDeInGF-cutzqGP8LWZdAgRPEsmhVORAJj&itag=278&aitags=133%2C134%2C135%2C136%2C137%2C160%2C242%2C243%2C244%2C247%2C248%2C278&source=youtube&requiressl=yes&mh=J6&mm=31%2C29&mn=sn-5njj-u2xl%2Csn-un57en7l&ms=au%2Crdu&mv=m&mvi=5&pl=16&initcwndbps=453750&vprv=1&mime=video%2Fwebm&ns=xBlaP4HKE--bl1_apxJFbmYF&gir=yes&clen=2587701&dur=291.133&lmt=1575857042831839&mt=1611742127&fvip=5&keepalive=yes&c=WEB&txp=5431432&n=h-X7WgvNxiZGBobLBYgw&sparams=expire%2Cei%2Cip%2Cid%2Caitags%2Csource%2Crequiressl%2Cvprv%2Cmime%2Cns%2Cgir%2Cclen%2Cdur%2Clmt&sig=AOq0QJ8wRQIgZKBQNuRXxkPE8f7OmxKeyamNk6ANG-Ha4tYrc0YLMHoCIQCbx02L2pu7Ajk8b9mRtXXYGPePr8mQiFm5wKEuWdSgAg%3D%3D&lsparams=mh%2Cmm%2Cmn%2Cms%2Cmv%2Cmvi%2Cpl%2Cinitcwndbps&lsig=AG3C_xAwRgIhAPX47B-olHND3UBLPRPUg64FRYUg_nx-a1xA6_MlA-C4AiEAi-c-Xh0_IeUjokcMkImuEJD1-WXSeYSxxtaKH0upU4A%3D&ratebypass=yes", "player_url": null, "ext": "webm", "height": 144, "format_note": "144p", "container": "webm", "vcodec": "vp9", "asr": null, "filesize": 2587701, "fps": 30, "tbr": 96.561, "width": 256, "acodec": "none", "downloader_options": {"http_chunk_size": 10485760}, "format": "278 - 256x144 (144p)", "protocol": "https", "http_headers": {"User-Agent": "Mozilla/5.0 (Windows NT 10.0; Win64; x64) AppleWebKit/537.36 (KHTML, like Gecko) Chrome/72.0.3626.25 Safari/537.36", "Accept-Charset": "ISO-8859-1,utf-8;q=0.7,*;q=0.7", "Accept": "text/html,application/xhtml+xml,application/xml;q=0.9,*/*;q=0.8", "Accept-Encoding": "gzip, deflate", "Accept-Language": "en-us,en;q=0.5"}}, {"format_id": "133", "url": "https://r5---sn-5njj-u2xl.googlevideo.com/videoplayback?expire=1611764181&ei=dD0RYP3hOtG3gQPd2IWwAg&ip=140.109.135.76&id=o-APjO5QFEu8yDeInGF-cutzqGP8LWZdAgRPEsmhVORAJj&itag=133&aitags=133%2C134%2C135%2C136%2C137%2C160%2C242%2C243%2C244%2C247%2C248%2C278&source=youtube&requiressl=yes&mh=J6&mm=31%2C29&mn=sn-5njj-u2xl%2Csn-un57en7l&ms=au%2Crdu&mv=m&mvi=5&pl=16&initcwndbps=453750&vprv=1&mime=video%2Fmp4&ns=xBlaP4HKE--bl1_apxJFbmYF&gir=yes&clen=1744582&dur=291.133&lmt=1575856845643954&mt=1611742127&fvip=5&keepalive=yes&c=WEB&txp=5432432&n=h-X7WgvNxiZGBobLBYgw&sparams=expire%2Cei%2Cip%2Cid%2Caitags%2Csource%2Crequiressl%2Cvprv%2Cmime%2Cns%2Cgir%2Cclen%2Cdur%2Clmt&sig=AOq0QJ8wRQIgZ5M8PG-vGkAHEVXuLgJCbfLWxwuUVQAIZ4ES2C5yghkCIQDuK3KP1aa5ntv9wyPSGU1qV60xDLP_taSgTtWuk3zS_g%3D%3D&lsparams=mh%2Cmm%2Cmn%2Cms%2Cmv%2Cmvi%2Cpl%2Cinitcwndbps&lsig=AG3C_xAwRgIhAPX47B-olHND3UBLPRPUg64FRYUg_nx-a1xA6_MlA-C4AiEAi-c-Xh0_IeUjokcMkImuEJD1-WXSeYSxxtaKH0upU4A%3D&ratebypass=yes", "player_url": null, "ext": "mp4", "height": 240, "format_note": "240p", "vcodec": "avc1.4d4015", "asr": null, "filesize": 1744582, "fps": 30, "tbr": 141.505, "width": 426, "acodec": "none", "downloader_options": {"http_chunk_size": 10485760}, "format": "133 - 426x240 (240p)", "protocol": "https", "http_headers": {"User-Agent": "Mozilla/5.0 (Windows NT 10.0; Win64; x64) AppleWebKit/537.36 (KHTML, like Gecko) Chrome/72.0.3626.25 Safari/537.36", "Accept-Charset": "ISO-8859-1,utf-8;q=0.7,*;q=0.7", "Accept": "text/html,application/xhtml+xml,application/xml;q=0.9,*/*;q=0.8", "Accept-Encoding": "gzip, deflate", "Accept-Language": "en-us,en;q=0.5"}}, {"format_id": "242", "url": "https://r5---sn-5njj-u2xl.googlevideo.com/videoplayback?expire=1611764181&ei=dD0RYP3hOtG3gQPd2IWwAg&ip=140.109.135.76&id=o-APjO5QFEu8yDeInGF-cutzqGP8LWZdAgRPEsmhVORAJj&itag=242&aitags=133%2C134%2C135%2C136%2C137%2C160%2C242%2C243%2C244%2C247%2C248%2C278&source=youtube&requiressl=yes&mh=J6&mm=31%2C29&mn=sn-5njj-u2xl%2Csn-un57en7l&ms=au%2Crdu&mv=m&mvi=5&pl=16&initcwndbps=453750&vprv=1&mime=video%2Fwebm&ns=xBlaP4HKE--bl1_apxJFbmYF&gir=yes&clen=3182804&dur=291.133&lmt=1575857042828763&mt=1611742127&fvip=5&keepalive=yes&c=WEB&txp=5431432&n=h-X7WgvNxiZGBobLBYgw&sparams=expire%2Cei%2Cip%2Cid%2Caitags%2Csource%2Crequiressl%2Cvprv%2Cmime%2Cns%2Cgir%2Cclen%2Cdur%2Clmt&sig=AOq0QJ8wRAIgNIpUsToZlgagboD58e6WrQSn925E6KuiOv_wf-OVIzgCIApmSh8r3kEE-vDOFCV36jyVaY0t9gvG7TSMUr1L1Ube&lsparams=mh%2Cmm%2Cmn%2Cms%2Cmv%2Cmvi%2Cpl%2Cinitcwndbps&lsig=AG3C_xAwRgIhAPX47B-olHND3UBLPRPUg64FRYUg_nx-a1xA6_MlA-C4AiEAi-c-Xh0_IeUjokcMkImuEJD1-WXSeYSxxtaKH0upU4A%3D&ratebypass=yes", "player_url": null, "ext": "webm", "height": 240, "format_note": "240p", "vcodec": "vp9", "asr": null, "filesize": 3182804, "fps": 30, "tbr": 212.678, "width": 426, "acodec": "none", "downloader_options": {"http_chunk_size": 10485760}, "format": "242 - 426x240 (240p)", "protocol": "https", "http_headers": {"User-Agent": "Mozilla/5.0 (Windows NT 10.0; Win64; x64) AppleWebKit/537.36 (KHTML, like Gecko) Chrome/72.0.3626.25 Safari/537.36", "Accept-Charset": "ISO-8859-1,utf-8;q=0.7,*;q=0.7", "Accept": "text/html,application/xhtml+xml,application/xml;q=0.9,*/*;q=0.8", "Accept-Encoding": "gzip, deflate", "Accept-Language": "en-us,en;q=0.5"}}, {"format_id": "243", "url": "https://r5---sn-5njj-u2xl.googlevideo.com/videoplayback?expire=1611764181&ei=dD0RYP3hOtG3gQPd2IWwAg&ip=140.109.135.76&id=o-APjO5QFEu8yDeInGF-cutzqGP8LWZdAgRPEsmhVORAJj&itag=243&aitags=133%2C134%2C135%2C136%2C137%2C160%2C242%2C243%2C244%2C247%2C248%2C278&source=youtube&requiressl=yes&mh=J6&mm=31%2C29&mn=sn-5njj-u2xl%2Csn-un57en7l&ms=au%2Crdu&mv=m&mvi=5&pl=16&initcwndbps=453750&vprv=1&mime=video%2Fwebm&ns=xBlaP4HKE--bl1_apxJFbmYF&gir=yes&clen=6162399&dur=291.133&lmt=1575857042828171&mt=1611742127&fvip=5&keepalive=yes&c=WEB&txp=5431432&n=h-X7WgvNxiZGBobLBYgw&sparams=expire%2Cei%2Cip%2Cid%2Caitags%2Csource%2Crequiressl%2Cvprv%2Cmime%2Cns%2Cgir%2Cclen%2Cdur%2Clmt&sig=AOq0QJ8wRgIhAJPeSqrVBURdjF9WEG6908r0HKx2-Ic0A5E_g51MoR-xAiEAxJ4RuLGGGTId1y_hZrMiewDAAJTCO6STGo28Q4Ul9QQ%3D&lsparams=mh%2Cmm%2Cmn%2Cms%2Cmv%2Cmvi%2Cpl%2Cinitcwndbps&lsig=AG3C_xAwRgIhAPX47B-olHND3UBLPRPUg64FRYUg_nx-a1xA6_MlA-C4AiEAi-c-Xh0_IeUjokcMkImuEJD1-WXSeYSxxtaKH0upU4A%3D&ratebypass=yes", "player_url": null, "ext": "webm", "height": 360, "format_note": "360p", "vcodec": "vp9", "asr": null, "filesize": 6162399, "fps": 30, "tbr": 384.382, "width": 640, "acodec": "none", "downloader_options": {"http_chunk_size": 10485760}, "format": "243 - 640x360 (360p)", "protocol": "https", "http_headers": {"User-Agent": "Mozilla/5.0 (Windows NT 10.0; Win64; x64) AppleWebKit/537.36 (KHTML, like Gecko) Chrome/72.0.3626.25 Safari/537.36", "Accept-Charset": "ISO-8859-1,utf-8;q=0.7,*;q=0.7", "Accept": "text/html,application/xhtml+xml,application/xml;q=0.9,*/*;q=0.8", "Accept-Encoding": "gzip, deflate", "Accept-Language": "en-us,en;q=0.5"}}, {"format_id": "134", "url": "https://r5---sn-5njj-u2xl.googlevideo.com/videoplayback?expire=1611764181&ei=dD0RYP3hOtG3gQPd2IWwAg&ip=140.109.135.76&id=o-APjO5QFEu8yDeInGF-cutzqGP8LWZdAgRPEsmhVORAJj&itag=134&aitags=133%2C134%2C135%2C136%2C137%2C160%2C242%2C243%2C244%2C247%2C248%2C278&source=youtube&requiressl=yes&mh=J6&mm=31%2C29&mn=sn-5njj-u2xl%2Csn-un57en7l&ms=au%2Crdu&mv=m&mvi=5&pl=16&initcwndbps=453750&vprv=1&mime=video%2Fmp4&ns=xBlaP4HKE--bl1_apxJFbmYF&gir=yes&clen=4380744&dur=291.133&lmt=1575856845644646&mt=1611742127&fvip=5&keepalive=yes&c=WEB&txp=5432432&n=h-X7WgvNxiZGBobLBYgw&sparams=expire%2Cei%2Cip%2Cid%2Caitags%2Csource%2Crequiressl%2Cvprv%2Cmime%2Cns%2Cgir%2Cclen%2Cdur%2Clmt&sig=AOq0QJ8wRAIgdu_OuJ6jr7U3pvHjCGC-j1g-JLQYscX8SwpGjsSwLT4CID8dz7PWfOy6M_XnRPA9nM4fauG1TQxtuVnZXc1Ls_YB&lsparams=mh%2Cmm%2Cmn%2Cms%2Cmv%2Cmvi%2Cpl%2Cinitcwndbps&lsig=AG3C_xAwRgIhAPX47B-olHND3UBLPRPUg64FRYUg_nx-a1xA6_MlA-C4AiEAi-c-Xh0_IeUjokcMkImuEJD1-WXSeYSxxtaKH0upU4A%3D&ratebypass=yes", "player_url": null, "ext": "mp4", "height": 360, "format_note": "360p", "vcodec": "avc1.4d401e", "asr": null, "filesize": 4380744, "fps": 30, "tbr": 397.91, "width": 640, "acodec": "none", "downloader_options": {"http_chunk_size": 10485760}, "format": "134 - 640x360 (360p)", "protocol": "https", "http_headers": {"User-Agent": "Mozilla/5.0 (Windows NT 10.0; Win64; x64) AppleWebKit/537.36 (KHTML, like Gecko) Chrome/72.0.3626.25 Safari/537.36", "Accept-Charset": "ISO-8859-1,utf-8;q=0.7,*;q=0.7", "Accept": "text/html,application/xhtml+xml,application/xml;q=0.9,*/*;q=0.8", "Accept-Encoding": "gzip, deflate", "Accept-Language": "en-us,en;q=0.5"}}, {"format_id": "244", "url": "https://r5---sn-5njj-u2xl.googlevideo.com/videoplayback?expire=1611764181&ei=dD0RYP3hOtG3gQPd2IWwAg&ip=140.109.135.76&id=o-APjO5QFEu8yDeInGF-cutzqGP8LWZdAgRPEsmhVORAJj&itag=244&aitags=133%2C134%2C135%2C136%2C137%2C160%2C242%2C243%2C244%2C247%2C248%2C278&source=youtube&requiressl=yes&mh=J6&mm=31%2C29&mn=sn-5njj-u2xl%2Csn-un57en7l&ms=au%2Crdu&mv=m&mvi=5&pl=16&initcwndbps=453750&vprv=1&mime=video%2Fwebm&ns=xBlaP4HKE--bl1_apxJFbmYF&gir=yes&clen=10020063&dur=291.133&lmt=1575857042829229&mt=1611742127&fvip=5&keepalive=yes&c=WEB&txp=5431432&n=h-X7WgvNxiZGBobLBYgw&sparams=expire%2Cei%2Cip%2Cid%2Caitags%2Csource%2Crequiressl%2Cvprv%2Cmime%2Cns%2Cgir%2Cclen%2Cdur%2Clmt&sig=AOq0QJ8wRQIhALUvnZ8088AaOhVUU8JrZKazecVpi-52JUzZO5cs8U8MAiASUE_9LMCbTqYeZiVbDIkb_B07TwjS391FiXXxBFX9UA%3D%3D&lsparams=mh%2Cmm%2Cmn%2Cms%2Cmv%2Cmvi%2Cpl%2Cinitcwndbps&lsig=AG3C_xAwRgIhAPX47B-olHND3UBLPRPUg64FRYUg_nx-a1xA6_MlA-C4AiEAi-c-Xh0_IeUjokcMkImuEJD1-WXSeYSxxtaKH0upU4A%3D&ratebypass=yes", "player_url": null, "ext": "webm", "height": 480, "format_note": "480p", "vcodec": "vp9", "asr": null, "filesize": 10020063, "fps": 30, "tbr": 684.536, "width": 854, "acodec": "none", "downloader_options": {"http_chunk_size": 10485760}, "format": "244 - 854x480 (480p)", "protocol": "https", "http_headers": {"User-Agent": "Mozilla/5.0 (Windows NT 10.0; Win64; x64) AppleWebKit/537.36 (KHTML, like Gecko) Chrome/72.0.3626.25 Safari/537.36", "Accept-Charset": "ISO-8859-1,utf-8;q=0.7,*;q=0.7", "Accept": "text/html,application/xhtml+xml,application/xml;q=0.9,*/*;q=0.8", "Accept-Encoding": "gzip, deflate", "Accept-Language": "en-us,en;q=0.5"}}, {"format_id": "135", "url": "https://r5---sn-5njj-u2xl.googlevideo.com/videoplayback?expire=1611764181&ei=dD0RYP3hOtG3gQPd2IWwAg&ip=140.109.135.76&id=o-APjO5QFEu8yDeInGF-cutzqGP8LWZdAgRPEsmhVORAJj&itag=135&aitags=133%2C134%2C135%2C136%2C137%2C160%2C242%2C243%2C244%2C247%2C248%2C278&source=youtube&requiressl=yes&mh=J6&mm=31%2C29&mn=sn-5njj-u2xl%2Csn-un57en7l&ms=au%2Crdu&mv=m&mvi=5&pl=16&initcwndbps=453750&vprv=1&mime=video%2Fmp4&ns=xBlaP4HKE--bl1_apxJFbmYF&gir=yes&clen=8154104&dur=291.133&lmt=1575856845643910&mt=1611742127&fvip=5&keepalive=yes&c=WEB&txp=5432432&n=h-X7WgvNxiZGBobLBYgw&sparams=expire%2Cei%2Cip%2Cid%2Caitags%2Csource%2Crequiressl%2Cvprv%2Cmime%2Cns%2Cgir%2Cclen%2Cdur%2Clmt&sig=AOq0QJ8wRQIhAPI4OoXLQk6uuQL9uRUyp-oAdOzzFxISe4vp-PogYNNcAiB03q8ZtYlLQOpAr2_BP6HjanSdnbHpPUc9Xu81F_UN4A%3D%3D&lsparams=mh%2Cmm%2Cmn%2Cms%2Cmv%2Cmvi%2Cpl%2Cinitcwndbps&lsig=AG3C_xAwRgIhAPX47B-olHND3UBLPRPUg64FRYUg_nx-a1xA6_MlA-C4AiEAi-c-Xh0_IeUjokcMkImuEJD1-WXSeYSxxtaKH0upU4A%3D&ratebypass=yes", "player_url": null, "ext": "mp4", "height": 480, "format_note": "480p", "vcodec": "avc1.4d401f", "asr": null, "filesize": 8154104, "fps": 30, "tbr": 767.147, "width": 854, "acodec": "none", "downloader_options": {"http_chunk_size": 10485760}, "format": "135 - 854x480 (480p)", "protocol": "https", "http_headers": {"User-Agent": "Mozilla/5.0 (Windows NT 10.0; Win64; x64) AppleWebKit/537.36 (KHTML, like Gecko) Chrome/72.0.3626.25 Safari/537.36", "Accept-Charset": "ISO-8859-1,utf-8;q=0.7,*;q=0.7", "Accept": "text/html,application/xhtml+xml,application/xml;q=0.9,*/*;q=0.8", "Accept-Encoding": "gzip, deflate", "Accept-Language": "en-us,en;q=0.5"}}, {"format_id": "247", "url": "https://r5---sn-5njj-u2xl.googlevideo.com/videoplayback?expire=1611764181&ei=dD0RYP3hOtG3gQPd2IWwAg&ip=140.109.135.76&id=o-APjO5QFEu8yDeInGF-cutzqGP8LWZdAgRPEsmhVORAJj&itag=247&aitags=133%2C134%2C135%2C136%2C137%2C160%2C242%2C243%2C244%2C247%2C248%2C278&source=youtube&requiressl=yes&mh=J6&mm=31%2C29&mn=sn-5njj-u2xl%2Csn-un57en7l&ms=au%2Crdu&mv=m&mvi=5&pl=16&initcwndbps=453750&vprv=1&mime=video%2Fwebm&ns=xBlaP4HKE--bl1_apxJFbmYF&gir=yes&clen=18731260&dur=291.133&lmt=1575857042828918&mt=1611742127&fvip=5&keepalive=yes&c=WEB&txp=5431432&n=h-X7WgvNxiZGBobLBYgw&sparams=expire%2Cei%2Cip%2Cid%2Caitags%2Csource%2Crequiressl%2Cvprv%2Cmime%2Cns%2Cgir%2Cclen%2Cdur%2Clmt&sig=AOq0QJ8wRQIgXuCi4Xs66UQaSGdkcUQPkUtySlv3JAZFe43huEDWbuoCIQDyl5ckBjYwWrlhaq9pJDwdz9C7NwKy4uFo_Snc_JNecA%3D%3D&lsparams=mh%2Cmm%2Cmn%2Cms%2Cmv%2Cmvi%2Cpl%2Cinitcwndbps&lsig=AG3C_xAwRgIhAPX47B-olHND3UBLPRPUg64FRYUg_nx-a1xA6_MlA-C4AiEAi-c-Xh0_IeUjokcMkImuEJD1-WXSeYSxxtaKH0upU4A%3D&ratebypass=yes", "player_url": null, "ext": "webm", "height": 720, "format_note": "720p", "vcodec": "vp9", "asr": null, "filesize": 18731260, "fps": 30, "tbr": 1326.112, "width": 1280, "acodec": "none", "downloader_options": {"http_chunk_size": 10485760}, "format": "247 - 1280x720 (720p)", "protocol": "https", "http_headers": {"User-Agent": "Mozilla/5.0 (Windows NT 10.0; Win64; x64) AppleWebKit/537.36 (KHTML, like Gecko) Chrome/72.0.3626.25 Safari/537.36", "Accept-Charset": "ISO-8859-1,utf-8;q=0.7,*;q=0.7", "Accept": "text/html,application/xhtml+xml,application/xml;q=0.9,*/*;q=0.8", "Accept-Encoding": "gzip, deflate", "Accept-Language": "en-us,en;q=0.5"}}, {"format_id": "136", "url": "https://r5---sn-5njj-u2xl.googlevideo.com/videoplayback?expire=1611764181&ei=dD0RYP3hOtG3gQPd2IWwAg&ip=140.109.135.76&id=o-APjO5QFEu8yDeInGF-cutzqGP8LWZdAgRPEsmhVORAJj&itag=136&aitags=133%2C134%2C135%2C136%2C137%2C160%2C242%2C243%2C244%2C247%2C248%2C278&source=youtube&requiressl=yes&mh=J6&mm=31%2C29&mn=sn-5njj-u2xl%2Csn-un57en7l&ms=au%2Crdu&mv=m&mvi=5&pl=16&initcwndbps=453750&vprv=1&mime=video%2Fmp4&ns=xBlaP4HKE--bl1_apxJFbmYF&gir=yes&clen=13374234&dur=291.133&lmt=1575856845643752&mt=1611742127&fvip=5&keepalive=yes&c=WEB&txp=5432432&n=h-X7WgvNxiZGBobLBYgw&sparams=expire%2Cei%2Cip%2Cid%2Caitags%2Csource%2Crequiressl%2Cvprv%2Cmime%2Cns%2Cgir%2Cclen%2Cdur%2Clmt&sig=AOq0QJ8wRQIhAKWLzckBFbzWdIHimoFwe0b95mgWceFPS2ltyxbcez8LAiBQAFY8B6VnVmtf4GzpeeKl2zt90SbbkfpbQYIQViOkiA%3D%3D&lsparams=mh%2Cmm%2Cmn%2Cms%2Cmv%2Cmvi%2Cpl%2Cinitcwndbps&lsig=AG3C_xAwRgIhAPX47B-olHND3UBLPRPUg64FRYUg_nx-a1xA6_MlA-C4AiEAi-c-Xh0_IeUjokcMkImuEJD1-WXSeYSxxtaKH0upU4A%3D&ratebypass=yes", "player_url": null, "ext": "mp4", "height": 720, "format_note": "720p", "vcodec": "avc1.4d401f", "asr": null, "filesize": 13374234, "fps": 30, "tbr": 1381.131, "width": 1280, "acodec": "none", "downloader_options": {"http_chunk_size": 10485760}, "format": "136 - 1280x720 (720p)", "protocol": "https", "http_headers": {"User-Agent": "Mozilla/5.0 (Windows NT 10.0; Win64; x64) AppleWebKit/537.36 (KHTML, like Gecko) Chrome/72.0.3626.25 Safari/537.36", "Accept-Charset": "ISO-8859-1,utf-8;q=0.7,*;q=0.7", "Accept": "text/html,application/xhtml+xml,application/xml;q=0.9,*/*;q=0.8", "Accept-Encoding": "gzip, deflate", "Accept-Language": "en-us,en;q=0.5"}}, {"format_id": "248", "url": "https://r5---sn-5njj-u2xl.googlevideo.com/videoplayback?expire=1611764181&ei=dD0RYP3hOtG3gQPd2IWwAg&ip=140.109.135.76&id=o-APjO5QFEu8yDeInGF-cutzqGP8LWZdAgRPEsmhVORAJj&itag=248&aitags=133%2C134%2C135%2C136%2C137%2C160%2C242%2C243%2C244%2C247%2C248%2C278&source=youtube&requiressl=yes&mh=J6&mm=31%2C29&mn=sn-5njj-u2xl%2Csn-un57en7l&ms=au%2Crdu&mv=m&mvi=5&pl=16&initcwndbps=453750&vprv=1&mime=video%2Fwebm&ns=xBlaP4HKE--bl1_apxJFbmYF&gir=yes&clen=32376943&dur=291.133&lmt=1575856915408330&mt=1611742127&fvip=5&keepalive=yes&c=WEB&txp=5431432&n=h-X7WgvNxiZGBobLBYgw&sparams=expire%2Cei%2Cip%2Cid%2Caitags%2Csource%2Crequiressl%2Cvprv%2Cmime%2Cns%2Cgir%2Cclen%2Cdur%2Clmt&sig=AOq0QJ8wRAIgJ8VksTqpougkR_VXAbxEpy6ZURH11iN7NIItKnEBQtMCIHEO15Qlv1res2y1qIv1vX7W09zHsZOaMf8OKxuDt7PD&lsparams=mh%2Cmm%2Cmn%2Cms%2Cmv%2Cmvi%2Cpl%2Cinitcwndbps&lsig=AG3C_xAwRgIhAPX47B-olHND3UBLPRPUg64FRYUg_nx-a1xA6_MlA-C4AiEAi-c-Xh0_IeUjokcMkImuEJD1-WXSeYSxxtaKH0upU4A%3D&ratebypass=yes", "player_url": null, "ext": "webm", "height": 1080, "format_note": "1080p", "vcodec": "vp9", "asr": null, "filesize": 32376943, "fps": 30, "tbr": 2138.364, "width": 1920, "acodec": "none", "downloader_options": {"http_chunk_size": 10485760}, "format": "248 - 1920x1080 (1080p)", "protocol": "https", "http_headers": {"User-Agent": "Mozilla/5.0 (Windows NT 10.0; Win64; x64) AppleWebKit/537.36 (KHTML, like Gecko) Chrome/72.0.3626.25 Safari/537.36", "Accept-Charset": "ISO-8859-1,utf-8;q=0.7,*;q=0.7", "Accept": "text/html,application/xhtml+xml,application/xml;q=0.9,*/*;q=0.8", "Accept-Encoding": "gzip, deflate", "Accept-Language": "en-us,en;q=0.5"}}, {"format_id": "137", "url": "https://r5---sn-5njj-u2xl.googlevideo.com/videoplayback?expire=1611764181&ei=dD0RYP3hOtG3gQPd2IWwAg&ip=140.109.135.76&id=o-APjO5QFEu8yDeInGF-cutzqGP8LWZdAgRPEsmhVORAJj&itag=137&aitags=133%2C134%2C135%2C136%2C137%2C160%2C242%2C243%2C244%2C247%2C248%2C278&source=youtube&requiressl=yes&mh=J6&mm=31%2C29&mn=sn-5njj-u2xl%2Csn-un57en7l&ms=au%2Crdu&mv=m&mvi=5&pl=16&initcwndbps=453750&vprv=1&mime=video%2Fmp4&ns=xBlaP4HKE--bl1_apxJFbmYF&gir=yes&clen=21612161&dur=291.133&lmt=1575856790005356&mt=1611742127&fvip=5&keepalive=yes&c=WEB&txp=5432432&n=h-X7WgvNxiZGBobLBYgw&sparams=expire%2Cei%2Cip%2Cid%2Caitags%2Csource%2Crequiressl%2Cvprv%2Cmime%2Cns%2Cgir%2Cclen%2Cdur%2Clmt&sig=AOq0QJ8wRgIhAO856Obm9en6qbuTzju5u-t-qnERZttIopsr3iyJBwvhAiEAvTLXrL6Os18WalmCiINoy0ecwhFfHVF6kM4Yo8QgrhY%3D&lsparams=mh%2Cmm%2Cmn%2Cms%2Cmv%2Cmvi%2Cpl%2Cinitcwndbps&lsig=AG3C_xAwRgIhAPX47B-olHND3UBLPRPUg64FRYUg_nx-a1xA6_MlA-C4AiEAi-c-Xh0_IeUjokcMkImuEJD1-WXSeYSxxtaKH0upU4A%3D&ratebypass=yes", "player_url": null, "ext": "mp4", "height": 1080, "format_note": "1080p", "vcodec": "avc1.640028", "asr": null, "filesize": 21612161, "fps": 30, "tbr": 2364.672, "width": 1920, "acodec": "none", "downloader_options": {"http_chunk_size": 10485760}, "format": "137 - 1920x1080 (1080p)", "protocol": "https", "http_headers": {"User-Agent": "Mozilla/5.0 (Windows NT 10.0; Win64; x64) AppleWebKit/537.36 (KHTML, like Gecko) Chrome/72.0.3626.25 Safari/537.36", "Accept-Charset": "ISO-8859-1,utf-8;q=0.7,*;q=0.7", "Accept": "text/html,application/xhtml+xml,application/xml;q=0.9,*/*;q=0.8", "Accept-Encoding": "gzip, deflate", "Accept-Language": "en-us,en;q=0.5"}}, {"format_id": "18", "url": "https://r5---sn-5njj-u2xl.googlevideo.com/videoplayback?expire=1611764181&ei=dD0RYP3hOtG3gQPd2IWwAg&ip=140.109.135.76&id=o-APjO5QFEu8yDeInGF-cutzqGP8LWZdAgRPEsmhVORAJj&itag=18&source=youtube&requiressl=yes&mh=J6&mm=31%2C29&mn=sn-5njj-u2xl%2Csn-un57en7l&ms=au%2Crdu&mv=m&mvi=5&pl=16&initcwndbps=453750&vprv=1&mime=video%2Fmp4&ns=dfRmFa0waVbKax2Z3r-S77EF&gir=yes&clen=14446882&ratebypass=yes&dur=291.201&lmt=1575856746563822&mt=1611742127&fvip=5&c=WEB&txp=5431432&n=KlhwJihjRDB44ZYJjfly&sparams=expire%2Cei%2Cip%2Cid%2Citag%2Csource%2Crequiressl%2Cvprv%2Cmime%2Cns%2Cgir%2Cclen%2Cratebypass%2Cdur%2Clmt&sig=AOq0QJ8wRQIgdNLSFNhB-cYqDKRg87DQZOY38nWyqLzx6ip4DZqWgpoCIQDA_QYHj7jQopSmNI-0_SY9orBBU4Lp-Io2hi6bGoxFrA%3D%3D&lsparams=mh%2Cmm%2Cmn%2Cms%2Cmv%2Cmvi%2Cpl%2Cinitcwndbps&lsig=AG3C_xAwRgIhAPX47B-olHND3UBLPRPUg64FRYUg_nx-a1xA6_MlA-C4AiEAi-c-Xh0_IeUjokcMkImuEJD1-WXSeYSxxtaKH0upU4A%3D", "player_url": null, "ext": "mp4", "width": 640, "height": 360, "acodec": "mp4a.40.2", "abr": 96, "vcodec": "avc1.42001E", "asr": 44100, "filesize": 14446882, "format_note": "360p", "fps": 30, "tbr": 396.983, "format": "18 - 640x360 (360p)", "protocol": "https", "http_headers": {"User-Agent": "Mozilla/5.0 (Windows NT 10.0; Win64; x64) AppleWebKit/537.36 (KHTML, like Gecko) Chrome/72.0.3626.25 Safari/537.36", "Accept-Charset": "ISO-8859-1,utf-8;q=0.7,*;q=0.7", "Accept": "text/html,application/xhtml+xml,application/xml;q=0.9,*/*;q=0.8", "Accept-Encoding": "gzip, deflate", "Accept-Language": "en-us,en;q=0.5"}}], "is_live": null, "start_time": null, "end_time": null, "series": null, "season_number": null, "episode_number": null, "track": null, "artist": null, "album": null, "release_date": null, "release_year": null, "extractor": "youtube", "webpage_url_basename": "watch", "extractor_key": "Youtube", "playlist": null, "playlist_index": null, "thumbnail": "https://i.ytimg.com/vi_webp/60LLKmpgzRM/maxresdefault.webp", "display_id": "60LLKmpgzRM", "requested_subtitles": null, "format_id": "251", "url": "https://r5---sn-5njj-u2xl.googlevideo.com/videoplayback?expire=1611764181&ei=dD0RYP3hOtG3gQPd2IWwAg&ip=140.109.135.76&id=o-APjO5QFEu8yDeInGF-cutzqGP8LWZdAgRPEsmhVORAJj&itag=251&source=youtube&requiressl=yes&mh=J6&mm=31%2C29&mn=sn-5njj-u2xl%2Csn-un57en7l&ms=au%2Crdu&mv=m&mvi=5&pl=16&initcwndbps=453750&vprv=1&mime=audio%2Fwebm&ns=xBlaP4HKE--bl1_apxJFbmYF&gir=yes&clen=5168011&dur=291.161&lmt=1575856746784239&mt=1611742127&fvip=5&keepalive=yes&c=WEB&txp=5431432&n=h-X7WgvNxiZGBobLBYgw&sparams=expire%2Cei%2Cip%2Cid%2Citag%2Csource%2Crequiressl%2Cvprv%2Cmime%2Cns%2Cgir%2Cclen%2Cdur%2Clmt&sig=AOq0QJ8wRAIgRlMxbcII-xwa7hIPqgmFPhjDZtD8kIKuaWIUW619xGwCIEzI63Jzry8J5vPAbO3R46b37dr-FIjCwbyb2w79mMbD&lsparams=mh%2Cmm%2Cmn%2Cms%2Cmv%2Cmvi%2Cpl%2Cinitcwndbps&lsig=AG3C_xAwRgIhAPX47B-olHND3UBLPRPUg64FRYUg_nx-a1xA6_MlA-C4AiEAi-c-Xh0_IeUjokcMkImuEJD1-WXSeYSxxtaKH0upU4A%3D&ratebypass=yes", "player_url": null, "ext": "webm", "format_note": "tiny", "acodec": "opus", "abr": 160, "asr": 48000, "filesize": 5168011, "fps": null, "height": null, "tbr": 159.652, "width": null, "vcodec": "none", "downloader_options": {"http_chunk_size": 10485760}, "format": "251 - audio only (tiny)", "protocol": "https", "http_headers": {"User-Agent": "Mozilla/5.0 (Windows NT 10.0; Win64; x64) AppleWebKit/537.36 (KHTML, like Gecko) Chrome/72.0.3626.25 Safari/537.36", "Accept-Charset": "ISO-8859-1,utf-8;q=0.7,*;q=0.7", "Accept": "text/html,application/xhtml+xml,application/xml;q=0.9,*/*;q=0.8", "Accept-Encoding": "gzip, deflate", "Accept-Language": "en-us,en;q=0.5"}}