{"id": "_FVzelKlBFs", "uploader": "Fonzi M - Melodies on Piano", "uploader_id": "FonziMGM", "uploader_url": "http://www.youtube.com/user/FonziMGM", "channel_id": "UCpQUBJrRfcpWLro4Oziff7Q", "channel_url": "http://www.youtube.com/channel/UCpQUBJrRfcpWLro4Oziff7Q", "upload_date": "20201208", "license": null, "creator": null, "title": "INSANE Attack on Titan Season 4 (Final Season) OP - \"Boku no Sensou\" / \"My War\" (Piano)", "alt_title": null, "thumbnails": [{"url": "https://i.ytimg.com/vi/_FVzelKlBFs/hqdefault.jpg?sqp=-oaymwEYCKgBEF5IVfKriqkDCwgBFQAAiEIYAXAB&rs=AOn4CLCXoymjYWHqYWZMtB6lcewwxknJgA", "width": 168, "height": 94, "resolution": "168x94", "id": "0"}, {"url": "https://i.ytimg.com/vi/_FVzelKlBFs/hqdefault.jpg?sqp=-oaymwEYCMQBEG5IVfKriqkDCwgBFQAAiEIYAXAB&rs=AOn4CLC0kSFBEcrXWjRVZEvUNKIZfCLJ5Q", "width": 196, "height": 110, "resolution": "196x110", "id": "1"}, {"url": "https://i.ytimg.com/vi/_FVzelKlBFs/hqdefault.jpg?sqp=-oaymwEZCPYBEIoBSFXyq4qpAwsIARUAAIhCGAFwAQ==&rs=AOn4CLC9WBkYczCQh98kOoi8E5ka4WCn5g", "width": 246, "height": 138, "resolution": "246x138", "id": "2"}, {"url": "https://i.ytimg.com/vi/_FVzelKlBFs/hqdefault.jpg?sqp=-oaymwEZCNACELwBSFXyq4qpAwsIARUAAIhCGAFwAQ==&rs=AOn4CLDWYZ4Xgzjr22tCEVVaCDcgoKbeMw", "width": 336, "height": 188, "resolution": "336x188", "id": "3"}, {"url": "https://i.ytimg.com/vi_webp/_FVzelKlBFs/maxresdefault.webp", "width": 1920, "height": 1080, "resolution": "1920x1080", "id": "4"}], "description": "\u2771 SUBSCRIBE FOR MORE QUALITY MUSIC!!!\nhttp://bit.ly/SubscribeFonziYT\n\n\u2771 Support the channel by becoming a member!!! Join here:\nhttps://www.youtube.com/user/FonziMGM/join\n\n\u2771 Anime Piano Music on Spotify: https://spoti.fi/2VMGV5f\n\u2771 Attack on Titan Piano Music on Spotify: https://spoti.fi/2HBlqQV\n\nStream/Download this Piano Cover on ALL platforms here: https://ffm.to/fonziaots4op\n\u2726 Available on iTunes, Apple Music, Spotify, Amazon Music, Deezer, etc. \n\n\u2771 Learn piano easily: https://go.flowkey.com/fonzi *\n\n----------------------------------------\u00ad\u00ad-----\n\u2771 Support me and my music FOR FREE by listening to my covers on Spotify: http://spoti.fi/2hvpt67  \n\nDownload my covers on...\n\u2771 iTunes: http://apple.co/2ipCye1\n\u2771 YouTube Music: https://bit.ly/FonziYTMusic\n\u2771 Amazon: http://amzn.to/2i6eNd7\n\u2726\u2726\u2726 You can also search \"Fonzi M\" on any music platform not listed above like Apple Music, Pandora, Deezer, etc. \n\n\u2771 Merch: https://teespring.com/stores/fonzimgm\n\n\u25cf FACEBOOK: http://www.facebook.com/fonzimgm\n\u25cf TWITTER: https://twitter.com/FonziMGM\n\u25cf INSTAGRAM: https://www.instagram.com/FonziMGM\n\n\u25cf Upload your music to iTunes, Spotify & other music platforms by using the service I actually currently use, Soundrop! Sign up for FREE here: https://bit.ly/Fonzi-Soundrop *\n\n-------------------------------------------\nHey guys,\nHere is my arrangement of the Shingeki no Kyojin Season 4 Opening Theme!\n\nAnd as always, enjoy!\n\nPlease note: This visual format is for effect only and I would suggest using my Synthesia-only videos to try and learn the songs (only as an alternative to sheet music, which is much better than Synthesia), as the keys may not 100% line up with my piano.\n\nSong Title: Boku no Sensou (\u50d5\u306e\u6226\u4e89)\nOriginal Artist: Shinsei Kamattechan\n\n-------------------------------------------\n\u25cf Download my MIDI files through Patreon: http://www.patreon.com/fonzi\n\n\u266b Download the sheet music for my covers here: https://www.mymusicsheet.com/FonziMGM\n*Due to copyright reasons, all sheet music for Fonzi M's piano covers on this website are distributed for a fee. Thank you for understanding.\n\n-------------------------------------------\n#ShingekinoKyojin #BokunoSensou #Piano #Synthesia #FallAnime2020 #\u9032\u6483\u306e\u5de8\u4eba #AttackonTitan #MyWar #AttackonTitanFinalSeason #AttackonTitanSeason4\n-------------------------------------------\n*Affiliate link", "categories": ["Music"], "tags": ["Attack on Titan", "Linked Horizon", "\u9032\u6483\u306e\u5de8\u4eba", "Shingeki no Kyojin", "\u30d4\u30a2\u30ce", "Attack on Titan Season 4", "\u9032\u6483\u306e\u5de8\u4eba Season 4", "Shingeki no Kyojin Season 4", "Boku no Sensou", "\u50d5\u306e\u6226\u4e89", "Final Season", "Fonzi", "FonziMGM", "fonzimgm", "Piano", "Cover", "Tutorial", "Improvisation", "Sheet Music", "Synthesia", "Piano Instrumental", "Piano Version", "Piano Solo", "How to Play", "anime", "opening", "song", "OP", "Soundtrack", "OST", "Main Theme", "Arrangement", "Insert Song", "Transcription", "Full version", "full ver.", "Opening 6", "OP 6", "Attack on Titan Final Season"], "subtitles": {}, "automatic_captions": {}, "duration": 221, "age_limit": 0, "annotations": null, "chapters": null, "webpage_url": "https://www.youtube.com/watch?v=_FVzelKlBFs", "view_count": 1327155, "like_count": 74042, "dislike_count": 257, "average_rating": 4.9861641, "formats": [{"format_id": "249", "url": "https://r3---sn-5njj-u2xl.googlevideo.com/videoplayback?expire=1612299179&ei=S2cZYID8M9rBqAHKtoXQCw&ip=140.109.135.76&id=o-ALLmQZ7IQQ-5uRHrE5UKNUrwE9EjA1SELYLWIIKMQ3Bo&itag=249&source=youtube&requiressl=yes&mh=-w&mm=31%2C29&mn=sn-5njj-u2xl%2Csn-un57sn7z&ms=au%2Crdu&mv=m&mvi=3&pl=16&initcwndbps=522500&vprv=1&mime=audio%2Fwebm&ns=e-RnaLWLbmHJN9vdbWW79zMF&gir=yes&clen=1512378&dur=221.201&lmt=1607456681335398&mt=1612277347&fvip=3&keepalive=yes&c=WEB&txp=5511222&n=Zp2JBfSlWr24D2rgJ&sparams=expire%2Cei%2Cip%2Cid%2Citag%2Csource%2Crequiressl%2Cvprv%2Cmime%2Cns%2Cgir%2Cclen%2Cdur%2Clmt&sig=AOq0QJ8wRAIgDXvvzDmp8-cQd4cAZFyFVmNwOQQYMOJ349cy0g-pGBgCIHp6es4XM4juHXtuGadCnsu1Pzd-dLBeZ7nMyHZJHMK4&lsparams=mh%2Cmm%2Cmn%2Cms%2Cmv%2Cmvi%2Cpl%2Cinitcwndbps&lsig=AG3C_xAwRQIgIUNd8Zu0JejjaS8kzQxEizVCEdkisNK0Wpj21XjdLxgCIQCs1DwlKbioJknAyzZL_1450aCvdGNSCjrc5SdoCxyeeg%3D%3D&ratebypass=yes", "player_url": null, "ext": "webm", "format_note": "tiny", "acodec": "opus", "abr": 50, "asr": 48000, "filesize": 1512378, "fps": null, "height": null, "tbr": 63.345, "width": null, "vcodec": "none", "downloader_options": {"http_chunk_size": 10485760}, "format": "249 - audio only (tiny)", "protocol": "https", "http_headers": {"User-Agent": "Mozilla/5.0 (Windows NT 10.0; Win64; x64) AppleWebKit/537.36 (KHTML, like Gecko) Chrome/69.0.3497.117 Safari/537.36", "Accept-Charset": "ISO-8859-1,utf-8;q=0.7,*;q=0.7", "Accept": "text/html,application/xhtml+xml,application/xml;q=0.9,*/*;q=0.8", "Accept-Encoding": "gzip, deflate", "Accept-Language": "en-us,en;q=0.5"}}, {"format_id": "250", "url": "https://r3---sn-5njj-u2xl.googlevideo.com/videoplayback?expire=1612299179&ei=S2cZYID8M9rBqAHKtoXQCw&ip=140.109.135.76&id=o-ALLmQZ7IQQ-5uRHrE5UKNUrwE9EjA1SELYLWIIKMQ3Bo&itag=250&source=youtube&requiressl=yes&mh=-w&mm=31%2C29&mn=sn-5njj-u2xl%2Csn-un57sn7z&ms=au%2Crdu&mv=m&mvi=3&pl=16&initcwndbps=522500&vprv=1&mime=audio%2Fwebm&ns=e-RnaLWLbmHJN9vdbWW79zMF&gir=yes&clen=2006483&dur=221.201&lmt=1607456681635302&mt=1612277347&fvip=3&keepalive=yes&c=WEB&txp=5511222&n=Zp2JBfSlWr24D2rgJ&sparams=expire%2Cei%2Cip%2Cid%2Citag%2Csource%2Crequiressl%2Cvprv%2Cmime%2Cns%2Cgir%2Cclen%2Cdur%2Clmt&sig=AOq0QJ8wRQIgNqS8_BPVZMgw_zQXcu5R2DEZXkNcs2iN1wqP3hg_TLgCIQCutj9Kw4dQ9DVTQQ6zIiU8jLkN85aJCWE1Ubf-ToAUYw%3D%3D&lsparams=mh%2Cmm%2Cmn%2Cms%2Cmv%2Cmvi%2Cpl%2Cinitcwndbps&lsig=AG3C_xAwRQIgIUNd8Zu0JejjaS8kzQxEizVCEdkisNK0Wpj21XjdLxgCIQCs1DwlKbioJknAyzZL_1450aCvdGNSCjrc5SdoCxyeeg%3D%3D&ratebypass=yes", "player_url": null, "ext": "webm", "format_note": "tiny", "acodec": "opus", "abr": 70, "asr": 48000, "filesize": 2006483, "fps": null, "height": null, "tbr": 82.555, "width": null, "vcodec": "none", "downloader_options": {"http_chunk_size": 10485760}, "format": "250 - audio only (tiny)", "protocol": "https", "http_headers": {"User-Agent": "Mozilla/5.0 (Windows NT 10.0; Win64; x64) AppleWebKit/537.36 (KHTML, like Gecko) Chrome/69.0.3497.117 Safari/537.36", "Accept-Charset": "ISO-8859-1,utf-8;q=0.7,*;q=0.7", "Accept": "text/html,application/xhtml+xml,application/xml;q=0.9,*/*;q=0.8", "Accept-Encoding": "gzip, deflate", "Accept-Language": "en-us,en;q=0.5"}}, {"format_id": "140", "url": "https://r3---sn-5njj-u2xl.googlevideo.com/videoplayback?expire=1612299179&ei=S2cZYID8M9rBqAHKtoXQCw&ip=140.109.135.76&id=o-ALLmQZ7IQQ-5uRHrE5UKNUrwE9EjA1SELYLWIIKMQ3Bo&itag=140&source=youtube&requiressl=yes&mh=-w&mm=31%2C29&mn=sn-5njj-u2xl%2Csn-un57sn7z&ms=au%2Crdu&mv=m&mvi=3&pl=16&initcwndbps=522500&vprv=1&mime=audio%2Fmp4&ns=e-RnaLWLbmHJN9vdbWW79zMF&gir=yes&clen=3581279&dur=221.239&lmt=1607457457216668&mt=1612277347&fvip=3&keepalive=yes&c=WEB&txp=5531432&n=Zp2JBfSlWr24D2rgJ&sparams=expire%2Cei%2Cip%2Cid%2Citag%2Csource%2Crequiressl%2Cvprv%2Cmime%2Cns%2Cgir%2Cclen%2Cdur%2Clmt&sig=AOq0QJ8wRAIgVqINw5IjJ_WV-479ZVn0vH5WmJQTu6wXKW2IlUqHzRoCICbL0FZ0tByiPEu_Wxsshmi7z2r--T4SV7i5xcKUUTsD&lsparams=mh%2Cmm%2Cmn%2Cms%2Cmv%2Cmvi%2Cpl%2Cinitcwndbps&lsig=AG3C_xAwRQIgIUNd8Zu0JejjaS8kzQxEizVCEdkisNK0Wpj21XjdLxgCIQCs1DwlKbioJknAyzZL_1450aCvdGNSCjrc5SdoCxyeeg%3D%3D&ratebypass=yes", "player_url": null, "ext": "m4a", "format_note": "tiny", "acodec": "mp4a.40.2", "abr": 128, "container": "m4a_dash", "asr": 44100, "filesize": 3581279, "fps": null, "height": null, "tbr": 130.41, "width": null, "vcodec": "none", "downloader_options": {"http_chunk_size": 10485760}, "format": "140 - audio only (tiny)", "protocol": "https", "http_headers": {"User-Agent": "Mozilla/5.0 (Windows NT 10.0; Win64; x64) AppleWebKit/537.36 (KHTML, like Gecko) Chrome/69.0.3497.117 Safari/537.36", "Accept-Charset": "ISO-8859-1,utf-8;q=0.7,*;q=0.7", "Accept": "text/html,application/xhtml+xml,application/xml;q=0.9,*/*;q=0.8", "Accept-Encoding": "gzip, deflate", "Accept-Language": "en-us,en;q=0.5"}}, {"format_id": "251", "url": "https://r3---sn-5njj-u2xl.googlevideo.com/videoplayback?expire=1612299179&ei=S2cZYID8M9rBqAHKtoXQCw&ip=140.109.135.76&id=o-ALLmQZ7IQQ-5uRHrE5UKNUrwE9EjA1SELYLWIIKMQ3Bo&itag=251&source=youtube&requiressl=yes&mh=-w&mm=31%2C29&mn=sn-5njj-u2xl%2Csn-un57sn7z&ms=au%2Crdu&mv=m&mvi=3&pl=16&initcwndbps=522500&vprv=1&mime=audio%2Fwebm&ns=e-RnaLWLbmHJN9vdbWW79zMF&gir=yes&clen=3936914&dur=221.201&lmt=1607456682737708&mt=1612277347&fvip=3&keepalive=yes&c=WEB&txp=5511222&n=Zp2JBfSlWr24D2rgJ&sparams=expire%2Cei%2Cip%2Cid%2Citag%2Csource%2Crequiressl%2Cvprv%2Cmime%2Cns%2Cgir%2Cclen%2Cdur%2Clmt&sig=AOq0QJ8wRgIhAL7z0iaCp6yR7CO9hVU-_gxNHINN-r_-4_YxAirxIYMyAiEA4CohR_OpL1NxLGgrYT3BOKnrY0zE2OQbrMQ82JEgnTc%3D&lsparams=mh%2Cmm%2Cmn%2Cms%2Cmv%2Cmvi%2Cpl%2Cinitcwndbps&lsig=AG3C_xAwRQIgIUNd8Zu0JejjaS8kzQxEizVCEdkisNK0Wpj21XjdLxgCIQCs1DwlKbioJknAyzZL_1450aCvdGNSCjrc5SdoCxyeeg%3D%3D&ratebypass=yes", "player_url": null, "ext": "webm", "format_note": "tiny", "acodec": "opus", "abr": 160, "asr": 48000, "filesize": 3936914, "fps": null, "height": null, "tbr": 159.671, "width": null, "vcodec": "none", "downloader_options": {"http_chunk_size": 10485760}, "format": "251 - audio only (tiny)", "protocol": "https", "http_headers": {"User-Agent": "Mozilla/5.0 (Windows NT 10.0; Win64; x64) AppleWebKit/537.36 (KHTML, like Gecko) Chrome/69.0.3497.117 Safari/537.36", "Accept-Charset": "ISO-8859-1,utf-8;q=0.7,*;q=0.7", "Accept": "text/html,application/xhtml+xml,application/xml;q=0.9,*/*;q=0.8", "Accept-Encoding": "gzip, deflate", "Accept-Language": "en-us,en;q=0.5"}}, {"format_id": "394", "url": "https://r3---sn-5njj-u2xl.googlevideo.com/videoplayback?expire=1612299179&ei=S2cZYID8M9rBqAHKtoXQCw&ip=140.109.135.76&id=o-ALLmQZ7IQQ-5uRHrE5UKNUrwE9EjA1SELYLWIIKMQ3Bo&itag=394&aitags=133%2C134%2C135%2C136%2C160%2C242%2C243%2C244%2C247%2C278%2C394%2C395%2C396%2C397%2C398&source=youtube&requiressl=yes&mh=-w&mm=31%2C29&mn=sn-5njj-u2xl%2Csn-un57sn7z&ms=au%2Crdu&mv=m&mvi=3&pl=16&initcwndbps=522500&vprv=1&mime=video%2Fmp4&ns=e-RnaLWLbmHJN9vdbWW79zMF&gir=yes&clen=1754041&dur=221.166&lmt=1607551625051790&mt=1612277347&fvip=3&keepalive=yes&c=WEB&txp=5531432&n=Zp2JBfSlWr24D2rgJ&sparams=expire%2Cei%2Cip%2Cid%2Caitags%2Csource%2Crequiressl%2Cvprv%2Cmime%2Cns%2Cgir%2Cclen%2Cdur%2Clmt&sig=AOq0QJ8wRQIhAJrUMecKETtKElOYfWZILj6_FlISk7IHSqDo64UEAisRAiAnbTGVpjCzZPYPqfj_RPeWfYH2zx9X2F-s5ArDpNOceg%3D%3D&lsparams=mh%2Cmm%2Cmn%2Cms%2Cmv%2Cmvi%2Cpl%2Cinitcwndbps&lsig=AG3C_xAwRQIgIUNd8Zu0JejjaS8kzQxEizVCEdkisNK0Wpj21XjdLxgCIQCs1DwlKbioJknAyzZL_1450aCvdGNSCjrc5SdoCxyeeg%3D%3D&ratebypass=yes", "player_url": null, "acodec": "none", "vcodec": "av01.0.00M.08", "asr": null, "filesize": 1754041, "format_note": "144p", "fps": 30, "height": 144, "tbr": 68.208, "width": 256, "ext": "mp4", "downloader_options": {"http_chunk_size": 10485760}, "format": "394 - 256x144 (144p)", "protocol": "https", "http_headers": {"User-Agent": "Mozilla/5.0 (Windows NT 10.0; Win64; x64) AppleWebKit/537.36 (KHTML, like Gecko) Chrome/69.0.3497.117 Safari/537.36", "Accept-Charset": "ISO-8859-1,utf-8;q=0.7,*;q=0.7", "Accept": "text/html,application/xhtml+xml,application/xml;q=0.9,*/*;q=0.8", "Accept-Encoding": "gzip, deflate", "Accept-Language": "en-us,en;q=0.5"}}, {"format_id": "160", "url": "https://r3---sn-5njj-u2xl.googlevideo.com/videoplayback?expire=1612299179&ei=S2cZYID8M9rBqAHKtoXQCw&ip=140.109.135.76&id=o-ALLmQZ7IQQ-5uRHrE5UKNUrwE9EjA1SELYLWIIKMQ3Bo&itag=160&aitags=133%2C134%2C135%2C136%2C160%2C242%2C243%2C244%2C247%2C278%2C394%2C395%2C396%2C397%2C398&source=youtube&requiressl=yes&mh=-w&mm=31%2C29&mn=sn-5njj-u2xl%2Csn-un57sn7z&ms=au%2Crdu&mv=m&mvi=3&pl=16&initcwndbps=522500&vprv=1&mime=video%2Fmp4&ns=e-RnaLWLbmHJN9vdbWW79zMF&gir=yes&clen=1927033&dur=221.166&lmt=1607457571054254&mt=1612277347&fvip=3&keepalive=yes&c=WEB&txp=5535432&n=Zp2JBfSlWr24D2rgJ&sparams=expire%2Cei%2Cip%2Cid%2Caitags%2Csource%2Crequiressl%2Cvprv%2Cmime%2Cns%2Cgir%2Cclen%2Cdur%2Clmt&sig=AOq0QJ8wRQIhAOot-nD4RlYXkHFuHhD2wQUnMdP4IB2_Mglj8rfmZhTBAiBuqzd33F4gfz1hvP37Vwj6uM8aAOWzPYwlOJkGzUxyLQ%3D%3D&lsparams=mh%2Cmm%2Cmn%2Cms%2Cmv%2Cmvi%2Cpl%2Cinitcwndbps&lsig=AG3C_xAwRQIgIUNd8Zu0JejjaS8kzQxEizVCEdkisNK0Wpj21XjdLxgCIQCs1DwlKbioJknAyzZL_1450aCvdGNSCjrc5SdoCxyeeg%3D%3D&ratebypass=yes", "player_url": null, "ext": "mp4", "height": 144, "format_note": "144p", "vcodec": "avc1.4d400c", "asr": null, "filesize": 1927033, "fps": 30, "tbr": 88.307, "width": 256, "acodec": "none", "downloader_options": {"http_chunk_size": 10485760}, "format": "160 - 256x144 (144p)", "protocol": "https", "http_headers": {"User-Agent": "Mozilla/5.0 (Windows NT 10.0; Win64; x64) AppleWebKit/537.36 (KHTML, like Gecko) Chrome/69.0.3497.117 Safari/537.36", "Accept-Charset": "ISO-8859-1,utf-8;q=0.7,*;q=0.7", "Accept": "text/html,application/xhtml+xml,application/xml;q=0.9,*/*;q=0.8", "Accept-Encoding": "gzip, deflate", "Accept-Language": "en-us,en;q=0.5"}}, {"format_id": "278", "url": "https://r3---sn-5njj-u2xl.googlevideo.com/videoplayback?expire=1612299179&ei=S2cZYID8M9rBqAHKtoXQCw&ip=140.109.135.76&id=o-ALLmQZ7IQQ-5uRHrE5UKNUrwE9EjA1SELYLWIIKMQ3Bo&itag=278&aitags=133%2C134%2C135%2C136%2C160%2C242%2C243%2C244%2C247%2C278%2C394%2C395%2C396%2C397%2C398&source=youtube&requiressl=yes&mh=-w&mm=31%2C29&mn=sn-5njj-u2xl%2Csn-un57sn7z&ms=au%2Crdu&mv=m&mvi=3&pl=16&initcwndbps=522500&vprv=1&mime=video%2Fwebm&ns=e-RnaLWLbmHJN9vdbWW79zMF&gir=yes&clen=2236629&dur=221.167&lmt=1607457810396999&mt=1612277347&fvip=3&keepalive=yes&c=WEB&txp=5535432&n=Zp2JBfSlWr24D2rgJ&sparams=expire%2Cei%2Cip%2Cid%2Caitags%2Csource%2Crequiressl%2Cvprv%2Cmime%2Cns%2Cgir%2Cclen%2Cdur%2Clmt&sig=AOq0QJ8wRgIhAKb8-5s9CPZGXWhDJvYLKGM2sVvU6Sn9ZtR-4pzDFsc1AiEAyHuWyBjQ3qMqllZGYzFBu89dKlzRAijFuV0BKHssR5I%3D&lsparams=mh%2Cmm%2Cmn%2Cms%2Cmv%2Cmvi%2Cpl%2Cinitcwndbps&lsig=AG3C_xAwRQIgIUNd8Zu0JejjaS8kzQxEizVCEdkisNK0Wpj21XjdLxgCIQCs1DwlKbioJknAyzZL_1450aCvdGNSCjrc5SdoCxyeeg%3D%3D&ratebypass=yes", "player_url": null, "ext": "webm", "height": 144, "format_note": "144p", "container": "webm", "vcodec": "vp9", "asr": null, "filesize": 2236629, "fps": 30, "tbr": 96.86, "width": 256, "acodec": "none", "downloader_options": {"http_chunk_size": 10485760}, "format": "278 - 256x144 (144p)", "protocol": "https", "http_headers": {"User-Agent": "Mozilla/5.0 (Windows NT 10.0; Win64; x64) AppleWebKit/537.36 (KHTML, like Gecko) Chrome/69.0.3497.117 Safari/537.36", "Accept-Charset": "ISO-8859-1,utf-8;q=0.7,*;q=0.7", "Accept": "text/html,application/xhtml+xml,application/xml;q=0.9,*/*;q=0.8", "Accept-Encoding": "gzip, deflate", "Accept-Language": "en-us,en;q=0.5"}}, {"format_id": "133", "url": "https://r3---sn-5njj-u2xl.googlevideo.com/videoplayback?expire=1612299179&ei=S2cZYID8M9rBqAHKtoXQCw&ip=140.109.135.76&id=o-ALLmQZ7IQQ-5uRHrE5UKNUrwE9EjA1SELYLWIIKMQ3Bo&itag=133&aitags=133%2C134%2C135%2C136%2C160%2C242%2C243%2C244%2C247%2C278%2C394%2C395%2C396%2C397%2C398&source=youtube&requiressl=yes&mh=-w&mm=31%2C29&mn=sn-5njj-u2xl%2Csn-un57sn7z&ms=au%2Crdu&mv=m&mvi=3&pl=16&initcwndbps=522500&vprv=1&mime=video%2Fmp4&ns=e-RnaLWLbmHJN9vdbWW79zMF&gir=yes&clen=3018155&dur=221.166&lmt=1607457571054669&mt=1612277347&fvip=3&keepalive=yes&c=WEB&txp=5535432&n=Zp2JBfSlWr24D2rgJ&sparams=expire%2Cei%2Cip%2Cid%2Caitags%2Csource%2Crequiressl%2Cvprv%2Cmime%2Cns%2Cgir%2Cclen%2Cdur%2Clmt&sig=AOq0QJ8wRgIhAO1p2SVhClOScAcWi_umF8Moj1VyRG95iPeWKB1j9LVdAiEAwJxhzS3i4QRxPiTkNmPrMJxwCnCfTx3lfqh30pCE8iM%3D&lsparams=mh%2Cmm%2Cmn%2Cms%2Cmv%2Cmvi%2Cpl%2Cinitcwndbps&lsig=AG3C_xAwRQIgIUNd8Zu0JejjaS8kzQxEizVCEdkisNK0Wpj21XjdLxgCIQCs1DwlKbioJknAyzZL_1450aCvdGNSCjrc5SdoCxyeeg%3D%3D&ratebypass=yes", "player_url": null, "ext": "mp4", "height": 240, "format_note": "240p", "vcodec": "avc1.4d4015", "asr": null, "filesize": 3018155, "fps": 30, "tbr": 140.862, "width": 426, "acodec": "none", "downloader_options": {"http_chunk_size": 10485760}, "format": "133 - 426x240 (240p)", "protocol": "https", "http_headers": {"User-Agent": "Mozilla/5.0 (Windows NT 10.0; Win64; x64) AppleWebKit/537.36 (KHTML, like Gecko) Chrome/69.0.3497.117 Safari/537.36", "Accept-Charset": "ISO-8859-1,utf-8;q=0.7,*;q=0.7", "Accept": "text/html,application/xhtml+xml,application/xml;q=0.9,*/*;q=0.8", "Accept-Encoding": "gzip, deflate", "Accept-Language": "en-us,en;q=0.5"}}, {"format_id": "395", "url": "https://r3---sn-5njj-u2xl.googlevideo.com/videoplayback?expire=1612299179&ei=S2cZYID8M9rBqAHKtoXQCw&ip=140.109.135.76&id=o-ALLmQZ7IQQ-5uRHrE5UKNUrwE9EjA1SELYLWIIKMQ3Bo&itag=395&aitags=133%2C134%2C135%2C136%2C160%2C242%2C243%2C244%2C247%2C278%2C394%2C395%2C396%2C397%2C398&source=youtube&requiressl=yes&mh=-w&mm=31%2C29&mn=sn-5njj-u2xl%2Csn-un57sn7z&ms=au%2Crdu&mv=m&mvi=3&pl=16&initcwndbps=522500&vprv=1&mime=video%2Fmp4&ns=e-RnaLWLbmHJN9vdbWW79zMF&gir=yes&clen=3606377&dur=221.166&lmt=1607551970334986&mt=1612277347&fvip=3&keepalive=yes&c=WEB&txp=5531432&n=Zp2JBfSlWr24D2rgJ&sparams=expire%2Cei%2Cip%2Cid%2Caitags%2Csource%2Crequiressl%2Cvprv%2Cmime%2Cns%2Cgir%2Cclen%2Cdur%2Clmt&sig=AOq0QJ8wRQIhAKgKw-VphWv1r5-d4HxI8WeGH1DD6XgOPFgqWkFwP4kTAiAKiOrmU0sGOZPrmTyrMpMR06Vdoo-IEzUq_uIXVqpYoA%3D%3D&lsparams=mh%2Cmm%2Cmn%2Cms%2Cmv%2Cmvi%2Cpl%2Cinitcwndbps&lsig=AG3C_xAwRQIgIUNd8Zu0JejjaS8kzQxEizVCEdkisNK0Wpj21XjdLxgCIQCs1DwlKbioJknAyzZL_1450aCvdGNSCjrc5SdoCxyeeg%3D%3D&ratebypass=yes", "player_url": null, "acodec": "none", "vcodec": "av01.0.00M.08", "asr": null, "filesize": 3606377, "format_note": "240p", "fps": 30, "height": 240, "tbr": 144.0, "width": 426, "ext": "mp4", "downloader_options": {"http_chunk_size": 10485760}, "format": "395 - 426x240 (240p)", "protocol": "https", "http_headers": {"User-Agent": "Mozilla/5.0 (Windows NT 10.0; Win64; x64) AppleWebKit/537.36 (KHTML, like Gecko) Chrome/69.0.3497.117 Safari/537.36", "Accept-Charset": "ISO-8859-1,utf-8;q=0.7,*;q=0.7", "Accept": "text/html,application/xhtml+xml,application/xml;q=0.9,*/*;q=0.8", "Accept-Encoding": "gzip, deflate", "Accept-Language": "en-us,en;q=0.5"}}, {"format_id": "242", "url": "https://r3---sn-5njj-u2xl.googlevideo.com/videoplayback?expire=1612299179&ei=S2cZYID8M9rBqAHKtoXQCw&ip=140.109.135.76&id=o-ALLmQZ7IQQ-5uRHrE5UKNUrwE9EjA1SELYLWIIKMQ3Bo&itag=242&aitags=133%2C134%2C135%2C136%2C160%2C242%2C243%2C244%2C247%2C278%2C394%2C395%2C396%2C397%2C398&source=youtube&requiressl=yes&mh=-w&mm=31%2C29&mn=sn-5njj-u2xl%2Csn-un57sn7z&ms=au%2Crdu&mv=m&mvi=3&pl=16&initcwndbps=522500&vprv=1&mime=video%2Fwebm&ns=e-RnaLWLbmHJN9vdbWW79zMF&gir=yes&clen=4335161&dur=221.167&lmt=1607457810396844&mt=1612277347&fvip=3&keepalive=yes&c=WEB&txp=5535432&n=Zp2JBfSlWr24D2rgJ&sparams=expire%2Cei%2Cip%2Cid%2Caitags%2Csource%2Crequiressl%2Cvprv%2Cmime%2Cns%2Cgir%2Cclen%2Cdur%2Clmt&sig=AOq0QJ8wRQIga2Pbo0Op0n7QsHEgZEE0CYqgRdVguw9BkztyRdAtR1wCIQCDPewmQHo8gPFZ_heLKjzC1pTj3FWl3eeIK3EzjDPA3A%3D%3D&lsparams=mh%2Cmm%2Cmn%2Cms%2Cmv%2Cmvi%2Cpl%2Cinitcwndbps&lsig=AG3C_xAwRQIgIUNd8Zu0JejjaS8kzQxEizVCEdkisNK0Wpj21XjdLxgCIQCs1DwlKbioJknAyzZL_1450aCvdGNSCjrc5SdoCxyeeg%3D%3D&ratebypass=yes", "player_url": null, "ext": "webm", "height": 240, "format_note": "240p", "vcodec": "vp9", "asr": null, "filesize": 4335161, "fps": 30, "tbr": 189.14, "width": 426, "acodec": "none", "downloader_options": {"http_chunk_size": 10485760}, "format": "242 - 426x240 (240p)", "protocol": "https", "http_headers": {"User-Agent": "Mozilla/5.0 (Windows NT 10.0; Win64; x64) AppleWebKit/537.36 (KHTML, like Gecko) Chrome/69.0.3497.117 Safari/537.36", "Accept-Charset": "ISO-8859-1,utf-8;q=0.7,*;q=0.7", "Accept": "text/html,application/xhtml+xml,application/xml;q=0.9,*/*;q=0.8", "Accept-Encoding": "gzip, deflate", "Accept-Language": "en-us,en;q=0.5"}}, {"format_id": "396", "url": "https://r3---sn-5njj-u2xl.googlevideo.com/videoplayback?expire=1612299179&ei=S2cZYID8M9rBqAHKtoXQCw&ip=140.109.135.76&id=o-ALLmQZ7IQQ-5uRHrE5UKNUrwE9EjA1SELYLWIIKMQ3Bo&itag=396&aitags=133%2C134%2C135%2C136%2C160%2C242%2C243%2C244%2C247%2C278%2C394%2C395%2C396%2C397%2C398&source=youtube&requiressl=yes&mh=-w&mm=31%2C29&mn=sn-5njj-u2xl%2Csn-un57sn7z&ms=au%2Crdu&mv=m&mvi=3&pl=16&initcwndbps=522500&vprv=1&mime=video%2Fmp4&ns=e-RnaLWLbmHJN9vdbWW79zMF&gir=yes&clen=7473894&dur=221.166&lmt=1607552412602309&mt=1612277347&fvip=3&keepalive=yes&c=WEB&txp=5531432&n=Zp2JBfSlWr24D2rgJ&sparams=expire%2Cei%2Cip%2Cid%2Caitags%2Csource%2Crequiressl%2Cvprv%2Cmime%2Cns%2Cgir%2Cclen%2Cdur%2Clmt&sig=AOq0QJ8wRgIhAM_SqYZKs466BE8fWMWQdVYj75ajZbVhrmNsj6aa33jKAiEAxOr2cmvcAa3itRrg6KiKl2_Ol1sPYYGL2qtBeEVGQqA%3D&lsparams=mh%2Cmm%2Cmn%2Cms%2Cmv%2Cmvi%2Cpl%2Cinitcwndbps&lsig=AG3C_xAwRQIgIUNd8Zu0JejjaS8kzQxEizVCEdkisNK0Wpj21XjdLxgCIQCs1DwlKbioJknAyzZL_1450aCvdGNSCjrc5SdoCxyeeg%3D%3D&ratebypass=yes", "player_url": null, "acodec": "none", "vcodec": "av01.0.01M.08", "asr": null, "filesize": 7473894, "format_note": "360p", "fps": 30, "height": 360, "tbr": 301.571, "width": 640, "ext": "mp4", "downloader_options": {"http_chunk_size": 10485760}, "format": "396 - 640x360 (360p)", "protocol": "https", "http_headers": {"User-Agent": "Mozilla/5.0 (Windows NT 10.0; Win64; x64) AppleWebKit/537.36 (KHTML, like Gecko) Chrome/69.0.3497.117 Safari/537.36", "Accept-Charset": "ISO-8859-1,utf-8;q=0.7,*;q=0.7", "Accept": "text/html,application/xhtml+xml,application/xml;q=0.9,*/*;q=0.8", "Accept-Encoding": "gzip, deflate", "Accept-Language": "en-us,en;q=0.5"}}, {"format_id": "134", "url": "https://r3---sn-5njj-u2xl.googlevideo.com/videoplayback?expire=1612299179&ei=S2cZYID8M9rBqAHKtoXQCw&ip=140.109.135.76&id=o-ALLmQZ7IQQ-5uRHrE5UKNUrwE9EjA1SELYLWIIKMQ3Bo&itag=134&aitags=133%2C134%2C135%2C136%2C160%2C242%2C243%2C244%2C247%2C278%2C394%2C395%2C396%2C397%2C398&source=youtube&requiressl=yes&mh=-w&mm=31%2C29&mn=sn-5njj-u2xl%2Csn-un57sn7z&ms=au%2Crdu&mv=m&mvi=3&pl=16&initcwndbps=522500&vprv=1&mime=video%2Fmp4&ns=e-RnaLWLbmHJN9vdbWW79zMF&gir=yes&clen=6689593&dur=221.166&lmt=1607457571053453&mt=1612277347&fvip=3&keepalive=yes&c=WEB&txp=5535432&n=Zp2JBfSlWr24D2rgJ&sparams=expire%2Cei%2Cip%2Cid%2Caitags%2Csource%2Crequiressl%2Cvprv%2Cmime%2Cns%2Cgir%2Cclen%2Cdur%2Clmt&sig=AOq0QJ8wRQIgRefDqneWN7g9X0oZIQPdfzD1yJsYIePliuYJ-YkPXEgCIQDm2k8S5N2Z9oaZ1IAPcDy8szoQsP0UGPZi-QokuGR3iA%3D%3D&lsparams=mh%2Cmm%2Cmn%2Cms%2Cmv%2Cmvi%2Cpl%2Cinitcwndbps&lsig=AG3C_xAwRQIgIUNd8Zu0JejjaS8kzQxEizVCEdkisNK0Wpj21XjdLxgCIQCs1DwlKbioJknAyzZL_1450aCvdGNSCjrc5SdoCxyeeg%3D%3D&ratebypass=yes", "player_url": null, "ext": "mp4", "height": 360, "format_note": "360p", "vcodec": "avc1.4d401e", "asr": null, "filesize": 6689593, "fps": 30, "tbr": 308.755, "width": 640, "acodec": "none", "downloader_options": {"http_chunk_size": 10485760}, "format": "134 - 640x360 (360p)", "protocol": "https", "http_headers": {"User-Agent": "Mozilla/5.0 (Windows NT 10.0; Win64; x64) AppleWebKit/537.36 (KHTML, like Gecko) Chrome/69.0.3497.117 Safari/537.36", "Accept-Charset": "ISO-8859-1,utf-8;q=0.7,*;q=0.7", "Accept": "text/html,application/xhtml+xml,application/xml;q=0.9,*/*;q=0.8", "Accept-Encoding": "gzip, deflate", "Accept-Language": "en-us,en;q=0.5"}}, {"format_id": "243", "url": "https://r3---sn-5njj-u2xl.googlevideo.com/videoplayback?expire=1612299179&ei=S2cZYID8M9rBqAHKtoXQCw&ip=140.109.135.76&id=o-ALLmQZ7IQQ-5uRHrE5UKNUrwE9EjA1SELYLWIIKMQ3Bo&itag=243&aitags=133%2C134%2C135%2C136%2C160%2C242%2C243%2C244%2C247%2C278%2C394%2C395%2C396%2C397%2C398&source=youtube&requiressl=yes&mh=-w&mm=31%2C29&mn=sn-5njj-u2xl%2Csn-un57sn7z&ms=au%2Crdu&mv=m&mvi=3&pl=16&initcwndbps=522500&vprv=1&mime=video%2Fwebm&ns=e-RnaLWLbmHJN9vdbWW79zMF&gir=yes&clen=7860227&dur=221.167&lmt=1607457810397345&mt=1612277347&fvip=3&keepalive=yes&c=WEB&txp=5535432&n=Zp2JBfSlWr24D2rgJ&sparams=expire%2Cei%2Cip%2Cid%2Caitags%2Csource%2Crequiressl%2Cvprv%2Cmime%2Cns%2Cgir%2Cclen%2Cdur%2Clmt&sig=AOq0QJ8wRAIgRHcJDyjNbchMlloztRFrtRCqwx0tSYZBOxOVr-dX118CIFtm_tRYqZAYO_oO_KVOQCo4J-qoUsFUmRkS9D1-zDYr&lsparams=mh%2Cmm%2Cmn%2Cms%2Cmv%2Cmvi%2Cpl%2Cinitcwndbps&lsig=AG3C_xAwRQIgIUNd8Zu0JejjaS8kzQxEizVCEdkisNK0Wpj21XjdLxgCIQCs1DwlKbioJknAyzZL_1450aCvdGNSCjrc5SdoCxyeeg%3D%3D&ratebypass=yes", "player_url": null, "ext": "webm", "height": 360, "format_note": "360p", "vcodec": "vp9", "asr": null, "filesize": 7860227, "fps": 30, "tbr": 342.963, "width": 640, "acodec": "none", "downloader_options": {"http_chunk_size": 10485760}, "format": "243 - 640x360 (360p)", "protocol": "https", "http_headers": {"User-Agent": "Mozilla/5.0 (Windows NT 10.0; Win64; x64) AppleWebKit/537.36 (KHTML, like Gecko) Chrome/69.0.3497.117 Safari/537.36", "Accept-Charset": "ISO-8859-1,utf-8;q=0.7,*;q=0.7", "Accept": "text/html,application/xhtml+xml,application/xml;q=0.9,*/*;q=0.8", "Accept-Encoding": "gzip, deflate", "Accept-Language": "en-us,en;q=0.5"}}, {"format_id": "135", "url": "https://r3---sn-5njj-u2xl.googlevideo.com/videoplayback?expire=1612299179&ei=S2cZYID8M9rBqAHKtoXQCw&ip=140.109.135.76&id=o-ALLmQZ7IQQ-5uRHrE5UKNUrwE9EjA1SELYLWIIKMQ3Bo&itag=135&aitags=133%2C134%2C135%2C136%2C160%2C242%2C243%2C244%2C247%2C278%2C394%2C395%2C396%2C397%2C398&source=youtube&requiressl=yes&mh=-w&mm=31%2C29&mn=sn-5njj-u2xl%2Csn-un57sn7z&ms=au%2Crdu&mv=m&mvi=3&pl=16&initcwndbps=522500&vprv=1&mime=video%2Fmp4&ns=e-RnaLWLbmHJN9vdbWW79zMF&gir=yes&clen=10781804&dur=221.166&lmt=1607457571054340&mt=1612277347&fvip=3&keepalive=yes&c=WEB&txp=5535432&n=Zp2JBfSlWr24D2rgJ&sparams=expire%2Cei%2Cip%2Cid%2Caitags%2Csource%2Crequiressl%2Cvprv%2Cmime%2Cns%2Cgir%2Cclen%2Cdur%2Clmt&sig=AOq0QJ8wRgIhAOQYt6OGyRTwUPR5dHsyhQ5SN3OH3PFY2kJYhvfd2v60AiEAyDvOsxHGSTeeXUc7PGVogtUJezn0cx6LfycaUxDdYxc%3D&lsparams=mh%2Cmm%2Cmn%2Cms%2Cmv%2Cmvi%2Cpl%2Cinitcwndbps&lsig=AG3C_xAwRQIgIUNd8Zu0JejjaS8kzQxEizVCEdkisNK0Wpj21XjdLxgCIQCs1DwlKbioJknAyzZL_1450aCvdGNSCjrc5SdoCxyeeg%3D%3D&ratebypass=yes", "player_url": null, "ext": "mp4", "height": 480, "format_note": "480p", "vcodec": "avc1.4d401f", "asr": null, "filesize": 10781804, "fps": 30, "tbr": 521.883, "width": 854, "acodec": "none", "downloader_options": {"http_chunk_size": 10485760}, "format": "135 - 854x480 (480p)", "protocol": "https", "http_headers": {"User-Agent": "Mozilla/5.0 (Windows NT 10.0; Win64; x64) AppleWebKit/537.36 (KHTML, like Gecko) Chrome/69.0.3497.117 Safari/537.36", "Accept-Charset": "ISO-8859-1,utf-8;q=0.7,*;q=0.7", "Accept": "text/html,application/xhtml+xml,application/xml;q=0.9,*/*;q=0.8", "Accept-Encoding": "gzip, deflate", "Accept-Language": "en-us,en;q=0.5"}}, {"format_id": "397", "url": "https://r3---sn-5njj-u2xl.googlevideo.com/videoplayback?expire=1612299179&ei=S2cZYID8M9rBqAHKtoXQCw&ip=140.109.135.76&id=o-ALLmQZ7IQQ-5uRHrE5UKNUrwE9EjA1SELYLWIIKMQ3Bo&itag=397&aitags=133%2C134%2C135%2C136%2C160%2C242%2C243%2C244%2C247%2C278%2C394%2C395%2C396%2C397%2C398&source=youtube&requiressl=yes&mh=-w&mm=31%2C29&mn=sn-5njj-u2xl%2Csn-un57sn7z&ms=au%2Crdu&mv=m&mvi=3&pl=16&initcwndbps=522500&vprv=1&mime=video%2Fmp4&ns=e-RnaLWLbmHJN9vdbWW79zMF&gir=yes&clen=13272064&dur=221.166&lmt=1607552000968398&mt=1612277347&fvip=3&keepalive=yes&c=WEB&txp=5531432&n=Zp2JBfSlWr24D2rgJ&sparams=expire%2Cei%2Cip%2Cid%2Caitags%2Csource%2Crequiressl%2Cvprv%2Cmime%2Cns%2Cgir%2Cclen%2Cdur%2Clmt&sig=AOq0QJ8wRgIhALiB0MofDpeG9F_c6BrXZwyBR3PwNxfehY1pRCGBbarQAiEArmoNPa5U-kxU32aKvfQidOgUMtncUJ-hfP5BMWToLj4%3D&lsparams=mh%2Cmm%2Cmn%2Cms%2Cmv%2Cmvi%2Cpl%2Cinitcwndbps&lsig=AG3C_xAwRQIgIUNd8Zu0JejjaS8kzQxEizVCEdkisNK0Wpj21XjdLxgCIQCs1DwlKbioJknAyzZL_1450aCvdGNSCjrc5SdoCxyeeg%3D%3D&ratebypass=yes", "player_url": null, "acodec": "none", "vcodec": "av01.0.04M.08", "asr": null, "filesize": 13272064, "format_note": "480p", "fps": 30, "height": 480, "tbr": 541.832, "width": 854, "ext": "mp4", "downloader_options": {"http_chunk_size": 10485760}, "format": "397 - 854x480 (480p)", "protocol": "https", "http_headers": {"User-Agent": "Mozilla/5.0 (Windows NT 10.0; Win64; x64) AppleWebKit/537.36 (KHTML, like Gecko) Chrome/69.0.3497.117 Safari/537.36", "Accept-Charset": "ISO-8859-1,utf-8;q=0.7,*;q=0.7", "Accept": "text/html,application/xhtml+xml,application/xml;q=0.9,*/*;q=0.8", "Accept-Encoding": "gzip, deflate", "Accept-Language": "en-us,en;q=0.5"}}, {"format_id": "244", "url": "https://r3---sn-5njj-u2xl.googlevideo.com/videoplayback?expire=1612299179&ei=S2cZYID8M9rBqAHKtoXQCw&ip=140.109.135.76&id=o-ALLmQZ7IQQ-5uRHrE5UKNUrwE9EjA1SELYLWIIKMQ3Bo&itag=244&aitags=133%2C134%2C135%2C136%2C160%2C242%2C243%2C244%2C247%2C278%2C394%2C395%2C396%2C397%2C398&source=youtube&requiressl=yes&mh=-w&mm=31%2C29&mn=sn-5njj-u2xl%2Csn-un57sn7z&ms=au%2Crdu&mv=m&mvi=3&pl=16&initcwndbps=522500&vprv=1&mime=video%2Fwebm&ns=e-RnaLWLbmHJN9vdbWW79zMF&gir=yes&clen=11805823&dur=221.167&lmt=1607457810395892&mt=1612277347&fvip=3&keepalive=yes&c=WEB&txp=5535432&n=Zp2JBfSlWr24D2rgJ&sparams=expire%2Cei%2Cip%2Cid%2Caitags%2Csource%2Crequiressl%2Cvprv%2Cmime%2Cns%2Cgir%2Cclen%2Cdur%2Clmt&sig=AOq0QJ8wRQIhAOOT7saZIRw8xgwpZwTkRMMANOcIiIJAuuECbTdlagzFAiBiY_KMd7FlicXQ739hc4MlYEvHqSbBPvZ6qm7gEVI36w%3D%3D&lsparams=mh%2Cmm%2Cmn%2Cms%2Cmv%2Cmvi%2Cpl%2Cinitcwndbps&lsig=AG3C_xAwRQIgIUNd8Zu0JejjaS8kzQxEizVCEdkisNK0Wpj21XjdLxgCIQCs1DwlKbioJknAyzZL_1450aCvdGNSCjrc5SdoCxyeeg%3D%3D&ratebypass=yes", "player_url": null, "ext": "webm", "height": 480, "format_note": "480p", "vcodec": "vp9", "asr": null, "filesize": 11805823, "fps": 30, "tbr": 544.08, "width": 854, "acodec": "none", "downloader_options": {"http_chunk_size": 10485760}, "format": "244 - 854x480 (480p)", "protocol": "https", "http_headers": {"User-Agent": "Mozilla/5.0 (Windows NT 10.0; Win64; x64) AppleWebKit/537.36 (KHTML, like Gecko) Chrome/69.0.3497.117 Safari/537.36", "Accept-Charset": "ISO-8859-1,utf-8;q=0.7,*;q=0.7", "Accept": "text/html,application/xhtml+xml,application/xml;q=0.9,*/*;q=0.8", "Accept-Encoding": "gzip, deflate", "Accept-Language": "en-us,en;q=0.5"}}, {"format_id": "136", "url": "https://r3---sn-5njj-u2xl.googlevideo.com/videoplayback?expire=1612299179&ei=S2cZYID8M9rBqAHKtoXQCw&ip=140.109.135.76&id=o-ALLmQZ7IQQ-5uRHrE5UKNUrwE9EjA1SELYLWIIKMQ3Bo&itag=136&aitags=133%2C134%2C135%2C136%2C160%2C242%2C243%2C244%2C247%2C278%2C394%2C395%2C396%2C397%2C398&source=youtube&requiressl=yes&mh=-w&mm=31%2C29&mn=sn-5njj-u2xl%2Csn-un57sn7z&ms=au%2Crdu&mv=m&mvi=3&pl=16&initcwndbps=522500&vprv=1&mime=video%2Fmp4&ns=e-RnaLWLbmHJN9vdbWW79zMF&gir=yes&clen=17253896&dur=221.166&lmt=1607457571055375&mt=1612277347&fvip=3&keepalive=yes&c=WEB&txp=5535432&n=Zp2JBfSlWr24D2rgJ&sparams=expire%2Cei%2Cip%2Cid%2Caitags%2Csource%2Crequiressl%2Cvprv%2Cmime%2Cns%2Cgir%2Cclen%2Cdur%2Clmt&sig=AOq0QJ8wRgIhAJ13r40QOK3BPJFuE7WvriADrhz1wpH4XREtAZ_U33Q3AiEA7nBgVcoM3MmlD_wN9atHk6vhTlwM6pwfLPRrL0piSvE%3D&lsparams=mh%2Cmm%2Cmn%2Cms%2Cmv%2Cmvi%2Cpl%2Cinitcwndbps&lsig=AG3C_xAwRQIgIUNd8Zu0JejjaS8kzQxEizVCEdkisNK0Wpj21XjdLxgCIQCs1DwlKbioJknAyzZL_1450aCvdGNSCjrc5SdoCxyeeg%3D%3D&ratebypass=yes", "player_url": null, "ext": "mp4", "height": 720, "format_note": "720p", "vcodec": "avc1.4d401f", "asr": null, "filesize": 17253896, "fps": 30, "tbr": 875.134, "width": 1280, "acodec": "none", "downloader_options": {"http_chunk_size": 10485760}, "format": "136 - 1280x720 (720p)", "protocol": "https", "http_headers": {"User-Agent": "Mozilla/5.0 (Windows NT 10.0; Win64; x64) AppleWebKit/537.36 (KHTML, like Gecko) Chrome/69.0.3497.117 Safari/537.36", "Accept-Charset": "ISO-8859-1,utf-8;q=0.7,*;q=0.7", "Accept": "text/html,application/xhtml+xml,application/xml;q=0.9,*/*;q=0.8", "Accept-Encoding": "gzip, deflate", "Accept-Language": "en-us,en;q=0.5"}}, {"format_id": "247", "url": "https://r3---sn-5njj-u2xl.googlevideo.com/videoplayback?expire=1612299179&ei=S2cZYID8M9rBqAHKtoXQCw&ip=140.109.135.76&id=o-ALLmQZ7IQQ-5uRHrE5UKNUrwE9EjA1SELYLWIIKMQ3Bo&itag=247&aitags=133%2C134%2C135%2C136%2C160%2C242%2C243%2C244%2C247%2C278%2C394%2C395%2C396%2C397%2C398&source=youtube&requiressl=yes&mh=-w&mm=31%2C29&mn=sn-5njj-u2xl%2Csn-un57sn7z&ms=au%2Crdu&mv=m&mvi=3&pl=16&initcwndbps=522500&vprv=1&mime=video%2Fwebm&ns=e-RnaLWLbmHJN9vdbWW79zMF&gir=yes&clen=20635213&dur=221.167&lmt=1607457810396244&mt=1612277347&fvip=3&keepalive=yes&c=WEB&txp=5535432&n=Zp2JBfSlWr24D2rgJ&sparams=expire%2Cei%2Cip%2Cid%2Caitags%2Csource%2Crequiressl%2Cvprv%2Cmime%2Cns%2Cgir%2Cclen%2Cdur%2Clmt&sig=AOq0QJ8wRQIgDjNwEICnsR9lQCoE7Qc1qF59UgCak_o1pSjfvu-yTiUCIQDjN18dL1FeEVwpy79vn9NPAIgmPqX0XPD4vw24yglu-g%3D%3D&lsparams=mh%2Cmm%2Cmn%2Cms%2Cmv%2Cmvi%2Cpl%2Cinitcwndbps&lsig=AG3C_xAwRQIgIUNd8Zu0JejjaS8kzQxEizVCEdkisNK0Wpj21XjdLxgCIQCs1DwlKbioJknAyzZL_1450aCvdGNSCjrc5SdoCxyeeg%3D%3D&ratebypass=yes", "player_url": null, "ext": "webm", "height": 720, "format_note": "720p", "vcodec": "vp9", "asr": null, "filesize": 20635213, "fps": 30, "tbr": 951.097, "width": 1280, "acodec": "none", "downloader_options": {"http_chunk_size": 10485760}, "format": "247 - 1280x720 (720p)", "protocol": "https", "http_headers": {"User-Agent": "Mozilla/5.0 (Windows NT 10.0; Win64; x64) AppleWebKit/537.36 (KHTML, like Gecko) Chrome/69.0.3497.117 Safari/537.36", "Accept-Charset": "ISO-8859-1,utf-8;q=0.7,*;q=0.7", "Accept": "text/html,application/xhtml+xml,application/xml;q=0.9,*/*;q=0.8", "Accept-Encoding": "gzip, deflate", "Accept-Language": "en-us,en;q=0.5"}}, {"format_id": "398", "url": "https://r3---sn-5njj-u2xl.googlevideo.com/videoplayback?expire=1612299179&ei=S2cZYID8M9rBqAHKtoXQCw&ip=140.109.135.76&id=o-ALLmQZ7IQQ-5uRHrE5UKNUrwE9EjA1SELYLWIIKMQ3Bo&itag=398&aitags=133%2C134%2C135%2C136%2C160%2C242%2C243%2C244%2C247%2C278%2C394%2C395%2C396%2C397%2C398&source=youtube&requiressl=yes&mh=-w&mm=31%2C29&mn=sn-5njj-u2xl%2Csn-un57sn7z&ms=au%2Crdu&mv=m&mvi=3&pl=16&initcwndbps=522500&vprv=1&mime=video%2Fmp4&ns=e-RnaLWLbmHJN9vdbWW79zMF&gir=yes&clen=26173079&dur=221.166&lmt=1607551830971862&mt=1612277347&fvip=3&keepalive=yes&c=WEB&txp=5531432&n=Zp2JBfSlWr24D2rgJ&sparams=expire%2Cei%2Cip%2Cid%2Caitags%2Csource%2Crequiressl%2Cvprv%2Cmime%2Cns%2Cgir%2Cclen%2Cdur%2Clmt&sig=AOq0QJ8wRQIhAPa3_5-TjOyXUVHhoEzSR7IskZF-QrDWVkKbLJpKgDWaAiAvtp5J4r7Jf6nGtlcdI9Bgc_isJMDtD2zgp8z1RU5oUg%3D%3D&lsparams=mh%2Cmm%2Cmn%2Cms%2Cmv%2Cmvi%2Cpl%2Cinitcwndbps&lsig=AG3C_xAwRQIgIUNd8Zu0JejjaS8kzQxEizVCEdkisNK0Wpj21XjdLxgCIQCs1DwlKbioJknAyzZL_1450aCvdGNSCjrc5SdoCxyeeg%3D%3D&ratebypass=yes", "player_url": null, "asr": null, "filesize": 26173079, "format_note": "720p", "fps": 30, "height": 720, "tbr": 1080.184, "width": 1280, "ext": "mp4", "vcodec": "av01.0.05M.08", "acodec": "none", "downloader_options": {"http_chunk_size": 10485760}, "format": "398 - 1280x720 (720p)", "protocol": "https", "http_headers": {"User-Agent": "Mozilla/5.0 (Windows NT 10.0; Win64; x64) AppleWebKit/537.36 (KHTML, like Gecko) Chrome/69.0.3497.117 Safari/537.36", "Accept-Charset": "ISO-8859-1,utf-8;q=0.7,*;q=0.7", "Accept": "text/html,application/xhtml+xml,application/xml;q=0.9,*/*;q=0.8", "Accept-Encoding": "gzip, deflate", "Accept-Language": "en-us,en;q=0.5"}}, {"format_id": "18", "url": "https://r3---sn-5njj-u2xl.googlevideo.com/videoplayback?expire=1612299179&ei=S2cZYID8M9rBqAHKtoXQCw&ip=140.109.135.76&id=o-ALLmQZ7IQQ-5uRHrE5UKNUrwE9EjA1SELYLWIIKMQ3Bo&itag=18&source=youtube&requiressl=yes&mh=-w&mm=31%2C29&mn=sn-5njj-u2xl%2Csn-un57sn7z&ms=au%2Crdu&mv=m&mvi=3&pl=16&initcwndbps=522500&vprv=1&mime=video%2Fmp4&ns=1rcGMSxdu8LAsmN4ZfwoOvAF&gir=yes&clen=14486375&ratebypass=yes&dur=221.239&lmt=1607457401345643&mt=1612277347&fvip=3&c=WEB&txp=5530422&n=gMiAwgcoYeJllUo32&sparams=expire%2Cei%2Cip%2Cid%2Citag%2Csource%2Crequiressl%2Cvprv%2Cmime%2Cns%2Cgir%2Cclen%2Cratebypass%2Cdur%2Clmt&sig=AOq0QJ8wRQIgZQ6MbtfBJYSS7JMSQ1tvNfi2ewJhQWiM7riYM8W5s1ECIQDorogCthi7djnW1_6M9Ca6DwNu5Usd63pyL418KB80Zg%3D%3D&lsparams=mh%2Cmm%2Cmn%2Cms%2Cmv%2Cmvi%2Cpl%2Cinitcwndbps&lsig=AG3C_xAwRQIgIUNd8Zu0JejjaS8kzQxEizVCEdkisNK0Wpj21XjdLxgCIQCs1DwlKbioJknAyzZL_1450aCvdGNSCjrc5SdoCxyeeg%3D%3D", "player_url": null, "ext": "mp4", "width": 640, "height": 360, "acodec": "mp4a.40.2", "abr": 96, "vcodec": "avc1.42001E", "asr": 44100, "filesize": 14486375, "format_note": "360p", "fps": 30, "tbr": 524.0, "format": "18 - 640x360 (360p)", "protocol": "https", "http_headers": {"User-Agent": "Mozilla/5.0 (Windows NT 10.0; Win64; x64) AppleWebKit/537.36 (KHTML, like Gecko) Chrome/69.0.3497.117 Safari/537.36", "Accept-Charset": "ISO-8859-1,utf-8;q=0.7,*;q=0.7", "Accept": "text/html,application/xhtml+xml,application/xml;q=0.9,*/*;q=0.8", "Accept-Encoding": "gzip, deflate", "Accept-Language": "en-us,en;q=0.5"}}], "is_live": null, "start_time": null, "end_time": null, "series": null, "season_number": null, "episode_number": null, "track": null, "artist": null, "album": null, "release_date": null, "release_year": null, "extractor": "youtube", "webpage_url_basename": "watch", "extractor_key": "Youtube", "playlist": null, "playlist_index": null, "thumbnail": "https://i.ytimg.com/vi_webp/_FVzelKlBFs/maxresdefault.webp", "display_id": "_FVzelKlBFs", "requested_subtitles": null, "format_id": "251", "url": "https://r3---sn-5njj-u2xl.googlevideo.com/videoplayback?expire=1612299179&ei=S2cZYID8M9rBqAHKtoXQCw&ip=140.109.135.76&id=o-ALLmQZ7IQQ-5uRHrE5UKNUrwE9EjA1SELYLWIIKMQ3Bo&itag=251&source=youtube&requiressl=yes&mh=-w&mm=31%2C29&mn=sn-5njj-u2xl%2Csn-un57sn7z&ms=au%2Crdu&mv=m&mvi=3&pl=16&initcwndbps=522500&vprv=1&mime=audio%2Fwebm&ns=e-RnaLWLbmHJN9vdbWW79zMF&gir=yes&clen=3936914&dur=221.201&lmt=1607456682737708&mt=1612277347&fvip=3&keepalive=yes&c=WEB&txp=5511222&n=Zp2JBfSlWr24D2rgJ&sparams=expire%2Cei%2Cip%2Cid%2Citag%2Csource%2Crequiressl%2Cvprv%2Cmime%2Cns%2Cgir%2Cclen%2Cdur%2Clmt&sig=AOq0QJ8wRgIhAL7z0iaCp6yR7CO9hVU-_gxNHINN-r_-4_YxAirxIYMyAiEA4CohR_OpL1NxLGgrYT3BOKnrY0zE2OQbrMQ82JEgnTc%3D&lsparams=mh%2Cmm%2Cmn%2Cms%2Cmv%2Cmvi%2Cpl%2Cinitcwndbps&lsig=AG3C_xAwRQIgIUNd8Zu0JejjaS8kzQxEizVCEdkisNK0Wpj21XjdLxgCIQCs1DwlKbioJknAyzZL_1450aCvdGNSCjrc5SdoCxyeeg%3D%3D&ratebypass=yes", "player_url": null, "ext": "webm", "format_note": "tiny", "acodec": "opus", "abr": 160, "asr": 48000, "filesize": 3936914, "fps": null, "height": null, "tbr": 159.671, "width": null, "vcodec": "none", "downloader_options": {"http_chunk_size": 10485760}, "format": "251 - audio only (tiny)", "protocol": "https", "http_headers": {"User-Agent": "Mozilla/5.0 (Windows NT 10.0; Win64; x64) AppleWebKit/537.36 (KHTML, like Gecko) Chrome/69.0.3497.117 Safari/537.36", "Accept-Charset": "ISO-8859-1,utf-8;q=0.7,*;q=0.7", "Accept": "text/html,application/xhtml+xml,application/xml;q=0.9,*/*;q=0.8", "Accept-Encoding": "gzip, deflate", "Accept-Language": "en-us,en;q=0.5"}}