{"id": "AacIP9mDLw8", "uploader": "Epidemic Relax", "uploader_id": "UCx7SnEbCAGzBtxqvBvSIAWA", "uploader_url": "http://www.youtube.com/channel/UCx7SnEbCAGzBtxqvBvSIAWA", "channel_id": "UCx7SnEbCAGzBtxqvBvSIAWA", "channel_url": "http://www.youtube.com/channel/UCx7SnEbCAGzBtxqvBvSIAWA", "upload_date": "20190122", "license": null, "creator": "Vusal Zeinalov", "title": "Vusal Zeinalov - Nagorno Mist", "alt_title": "Nagorno Mist", "thumbnails": [{"url": "https://i.ytimg.com/vi/AacIP9mDLw8/hqdefault.jpg?sqp=-oaymwEYCKgBEF5IVfKriqkDCwgBFQAAiEIYAXAB&rs=AOn4CLDOTv_ExTQJ_OfBCOLJFmLDlvWoBw", "width": 168, "height": 94, "resolution": "168x94", "id": "0"}, {"url": "https://i.ytimg.com/vi/AacIP9mDLw8/hqdefault.jpg?sqp=-oaymwEYCMQBEG5IVfKriqkDCwgBFQAAiEIYAXAB&rs=AOn4CLCzEMq9GcdmXZElUFXuEEYZgA7ePA", "width": 196, "height": 110, "resolution": "196x110", "id": "1"}, {"url": "https://i.ytimg.com/vi/AacIP9mDLw8/hqdefault.jpg?sqp=-oaymwEZCPYBEIoBSFXyq4qpAwsIARUAAIhCGAFwAQ==&rs=AOn4CLDKiXtb5K9V2D05T-0msORJwFDMyw", "width": 246, "height": 138, "resolution": "246x138", "id": "2"}, {"url": "https://i.ytimg.com/vi/AacIP9mDLw8/hqdefault.jpg?sqp=-oaymwEZCNACELwBSFXyq4qpAwsIARUAAIhCGAFwAQ==&rs=AOn4CLBajzEUp86g4mL1UcO_UwVrFjuonw", "width": 336, "height": 188, "resolution": "336x188", "id": "3"}, {"url": "https://i.ytimg.com/vi_webp/AacIP9mDLw8/maxresdefault.webp", "width": 1920, "height": 1080, "resolution": "1920x1080", "id": "4"}], "description": "Listen to our relaxing playlist: https://www.youtube.com/playlist?list=PL42LpDafHrkiDecHF1w46WUXsucok2gJc\nSubscribe for more relaxing music! \ud83c\udfb6\n\nListen to Epidemic Relax on Spotify: link.epidemicsound.com/Relax-Playlist\n\n\nBe a part of our community and discover new music: http://link.epidemicsound.com/RelaxNews\n\ud83c\udfb6 Stream on Spotify, Apple Music and more: http://link.epidemicsound.com/VusalZeinalovNagornoMist\n\n\n\n\n\nFollow Epidemic Sound:\nSpotify: https://open.spotify.com/user/epidemicsound\nItunes: https://itunes.apple.com/profile/epidemicsound\nInstagram: https://www.instagram.com/epidemicsound\nFacebook: https://www.facebook.com/EpidemicSound\nTwitter: https://twitter.com/epidemicsound\n\nPlaylists\nFocus Hypnotica: http://link.epidemicsound.com/Focus_Hypnotica_Playlist\nTotal Relaxation: http://link.epidemicsound.com/Total_Relaxation_Playlist\nSoothing Piano: http://link.epidemicsound.com/Soothing_Piano_Playlist\nDinnertime Jazz: http://link.epidemicsound.com/Dinnertime_Jazz_Playlist\nGentle Guitar: http://link.epidemicsound.com/Gentle_Guitar_Playlist\n\nGenre: #relaxing #classical #piano\n\ud83c\udfb6 Use this track in your videos: https://www.epidemicsound.com/creator-subscription/?utm_source=YT_ES&utm_medium=organic&_us=YT_ES&_usx=VideoDesc&utm_campaign=VideoDescEpidemicRelax #epidemicfocus #ESmusic\n\n\ud83c\udfb6 Download the track of the month: http://link.epidemicsound.com/relax-freetrack", "categories": ["Music"], "tags": ["dreamy", "Epidemic sounds", "ambient", "sentimental music", "relax", "Chill music", "comforting", "serene", "quiet", "Focus", "sleep music", "calming", "peaceful", "pacifying", "tranquil", "music", "Epidemic Sound", "Epidemic", "lulling", "quieting", "antistress", "music for relaxing", "calm", "pacific", "music for studying", "restless", "relaxing", "hypnotic", "sound", "placid"], "subtitles": {}, "automatic_captions": {}, "duration": 191, "age_limit": 0, "annotations": null, "chapters": null, "webpage_url": "https://www.youtube.com/watch?v=AacIP9mDLw8", "view_count": 28119, "like_count": 632, "dislike_count": 3, "average_rating": 4.9811025, "formats": [{"format_id": "249", "url": "https://r5---sn-5njj-u2xl.googlevideo.com/videoplayback?expire=1608485519&ei=LjbfX9KgOZWRgAPq7LGABg&ip=140.109.135.76&id=o-ABoA-iYvXGM9LnjuHmkUbx3xA6rYsZSpAAUGTjetU6uj&itag=249&source=youtube&requiressl=yes&mh=ZK&mm=31%2C29&mn=sn-5njj-u2xl%2Csn-un57sn7z&ms=au%2Crdu&mv=m&mvi=5&pl=16&initcwndbps=690000&vprv=1&mime=audio%2Fwebm&ns=iOr0DDaXmeOu4csr2EJuRC0F&gir=yes&clen=1450502&dur=191.161&lmt=1532522482318426&mt=1608463721&fvip=5&keepalive=yes&c=WEB&n=D14wS7KpO-Gj4Ftsm&sparams=expire%2Cei%2Cip%2Cid%2Citag%2Csource%2Crequiressl%2Cvprv%2Cmime%2Cns%2Cgir%2Cclen%2Cdur%2Clmt&lsparams=mh%2Cmm%2Cmn%2Cms%2Cmv%2Cmvi%2Cpl%2Cinitcwndbps&lsig=AG3C_xAwRQIgJH2O9qeq8CyGOUKWcOty92yZ4xjHrGPhWaYBE9M87SwCIQDlz6gvX7eXt-YWDTlOkk1TxR3JK6pxSygHjZWxf8Gs8Q%3D%3D&sig=AOq0QJ8wRQIgBf7V7U4k8mlfW9TYXjhN2jci8XGHxXbGZCx6_CMCMO4CIQCGERZV5HrR5jip7M7u2fNPvC196VquVCB0VQ15cYODaQ==&ratebypass=yes", "player_url": "/s/player/2e6e57d8/player_ias.vflset/en_US/base.js", "ext": "webm", "format_note": "tiny", "acodec": "opus", "abr": 50, "asr": 48000, "filesize": 1450502, "fps": null, "height": null, "tbr": 64.426, "width": null, "vcodec": "none", "downloader_options": {"http_chunk_size": 10485760}, "format": "249 - audio only (tiny)", "protocol": "https", "http_headers": {"User-Agent": "Mozilla/5.0 (Windows NT 10.0; Win64; x64) AppleWebKit/537.36 (KHTML, like Gecko) Chrome/70.0.3538.31 Safari/537.36", "Accept-Charset": "ISO-8859-1,utf-8;q=0.7,*;q=0.7", "Accept": "text/html,application/xhtml+xml,application/xml;q=0.9,*/*;q=0.8", "Accept-Encoding": "gzip, deflate", "Accept-Language": "en-us,en;q=0.5"}}, {"format_id": "250", "url": "https://r5---sn-5njj-u2xl.googlevideo.com/videoplayback?expire=1608485519&ei=LjbfX9KgOZWRgAPq7LGABg&ip=140.109.135.76&id=o-ABoA-iYvXGM9LnjuHmkUbx3xA6rYsZSpAAUGTjetU6uj&itag=250&source=youtube&requiressl=yes&mh=ZK&mm=31%2C29&mn=sn-5njj-u2xl%2Csn-un57sn7z&ms=au%2Crdu&mv=m&mvi=5&pl=16&initcwndbps=690000&vprv=1&mime=audio%2Fwebm&ns=iOr0DDaXmeOu4csr2EJuRC0F&gir=yes&clen=1945434&dur=191.161&lmt=1532522481239542&mt=1608463721&fvip=5&keepalive=yes&c=WEB&n=D14wS7KpO-Gj4Ftsm&sparams=expire%2Cei%2Cip%2Cid%2Citag%2Csource%2Crequiressl%2Cvprv%2Cmime%2Cns%2Cgir%2Cclen%2Cdur%2Clmt&lsparams=mh%2Cmm%2Cmn%2Cms%2Cmv%2Cmvi%2Cpl%2Cinitcwndbps&lsig=AG3C_xAwRQIgVYNuQPBr8p6iDacV1QTVbkOleh3t9bstKmMqlFcRcaoCIQD5wX4ratqg6Vf1s7Mp_fZKcDXYNKW43jX6JDw30rVgBw%3D%3D&sig=AOq0QJ8wRAIgdjbDKhF0f0c_qD_GM4SuDfd-4XuMzerLxZwE7ItaEiMCIHObY2n6yyIokVoRp0IkVbnxfp9TE9cgF5-PkXpd-g7_&ratebypass=yes", "player_url": "/s/player/2e6e57d8/player_ias.vflset/en_US/base.js", "ext": "webm", "format_note": "tiny", "acodec": "opus", "abr": 70, "asr": 48000, "filesize": 1945434, "fps": null, "height": null, "tbr": 86.075, "width": null, "vcodec": "none", "downloader_options": {"http_chunk_size": 10485760}, "format": "250 - audio only (tiny)", "protocol": "https", "http_headers": {"User-Agent": "Mozilla/5.0 (Windows NT 10.0; Win64; x64) AppleWebKit/537.36 (KHTML, like Gecko) Chrome/70.0.3538.31 Safari/537.36", "Accept-Charset": "ISO-8859-1,utf-8;q=0.7,*;q=0.7", "Accept": "text/html,application/xhtml+xml,application/xml;q=0.9,*/*;q=0.8", "Accept-Encoding": "gzip, deflate", "Accept-Language": "en-us,en;q=0.5"}}, {"format_id": "140", "url": "https://r5---sn-5njj-u2xl.googlevideo.com/videoplayback?expire=1608485519&ei=LjbfX9KgOZWRgAPq7LGABg&ip=140.109.135.76&id=o-ABoA-iYvXGM9LnjuHmkUbx3xA6rYsZSpAAUGTjetU6uj&itag=140&source=youtube&requiressl=yes&mh=ZK&mm=31%2C29&mn=sn-5njj-u2xl%2Csn-un57sn7z&ms=au%2Crdu&mv=m&mvi=5&pl=16&initcwndbps=690000&vprv=1&mime=audio%2Fmp4&ns=iOr0DDaXmeOu4csr2EJuRC0F&gir=yes&clen=3037331&dur=191.193&lmt=1532521778883172&mt=1608463721&fvip=5&keepalive=yes&c=WEB&n=D14wS7KpO-Gj4Ftsm&sparams=expire%2Cei%2Cip%2Cid%2Citag%2Csource%2Crequiressl%2Cvprv%2Cmime%2Cns%2Cgir%2Cclen%2Cdur%2Clmt&lsparams=mh%2Cmm%2Cmn%2Cms%2Cmv%2Cmvi%2Cpl%2Cinitcwndbps&lsig=AG3C_xAwRgIhAJdmhrSd2qTAr7oSlb2ghSmMaUv4O2XoDtzt5AHQF0n9AiEApQl-qnnbuEQa5-vQwR-WkVL0klpBXE4f21H_jYB6zKU%3D&sig=AOq0QJ8wRAIgGaY4DHAFCChcSelK8xSanSxFQX-H0O2kUmLCLTF2GNsCIDVFX-gw4vxwp7i55aQ4uvb_a2KNSOdG7efgwFc4yzVp&ratebypass=yes", "player_url": "/s/player/2e6e57d8/player_ias.vflset/en_US/base.js", "ext": "m4a", "format_note": "tiny", "acodec": "mp4a.40.2", "abr": 128, "container": "m4a_dash", "asr": 44100, "filesize": 3037331, "fps": null, "height": null, "tbr": 127.922, "width": null, "vcodec": "none", "downloader_options": {"http_chunk_size": 10485760}, "format": "140 - audio only (tiny)", "protocol": "https", "http_headers": {"User-Agent": "Mozilla/5.0 (Windows NT 10.0; Win64; x64) AppleWebKit/537.36 (KHTML, like Gecko) Chrome/70.0.3538.31 Safari/537.36", "Accept-Charset": "ISO-8859-1,utf-8;q=0.7,*;q=0.7", "Accept": "text/html,application/xhtml+xml,application/xml;q=0.9,*/*;q=0.8", "Accept-Encoding": "gzip, deflate", "Accept-Language": "en-us,en;q=0.5"}}, {"format_id": "251", "url": "https://r5---sn-5njj-u2xl.googlevideo.com/videoplayback?expire=1608485519&ei=LjbfX9KgOZWRgAPq7LGABg&ip=140.109.135.76&id=o-ABoA-iYvXGM9LnjuHmkUbx3xA6rYsZSpAAUGTjetU6uj&itag=251&source=youtube&requiressl=yes&mh=ZK&mm=31%2C29&mn=sn-5njj-u2xl%2Csn-un57sn7z&ms=au%2Crdu&mv=m&mvi=5&pl=16&initcwndbps=690000&vprv=1&mime=audio%2Fwebm&ns=iOr0DDaXmeOu4csr2EJuRC0F&gir=yes&clen=3692868&dur=191.161&lmt=1532522481922145&mt=1608463721&fvip=5&keepalive=yes&c=WEB&n=D14wS7KpO-Gj4Ftsm&sparams=expire%2Cei%2Cip%2Cid%2Citag%2Csource%2Crequiressl%2Cvprv%2Cmime%2Cns%2Cgir%2Cclen%2Cdur%2Clmt&lsparams=mh%2Cmm%2Cmn%2Cms%2Cmv%2Cmvi%2Cpl%2Cinitcwndbps&lsig=AG3C_xAwRQIgDHo5VmEWGNLKaKsR4_O46UnC6tDoOWHV22Mz4S_vOPsCIQDrQbrOCjhCzh_IVeSlEEaiRpv9PVETBJcAQIidgNf6hA%3D%3D&sig=AOq0QJ8wRQIhAP9FooxJv0cvOLmXsXTWGt7JTO-iKzNJfaAV12reWY5-AiBBXIT_oFqb_rDwl5O_or18HhSnixUSYB14AZJArEZ8vQ==&ratebypass=yes", "player_url": "/s/player/2e6e57d8/player_ias.vflset/en_US/base.js", "ext": "webm", "format_note": "tiny", "acodec": "opus", "abr": 160, "asr": 48000, "filesize": 3692868, "fps": null, "height": null, "tbr": 161.931, "width": null, "vcodec": "none", "downloader_options": {"http_chunk_size": 10485760}, "format": "251 - audio only (tiny)", "protocol": "https", "http_headers": {"User-Agent": "Mozilla/5.0 (Windows NT 10.0; Win64; x64) AppleWebKit/537.36 (KHTML, like Gecko) Chrome/70.0.3538.31 Safari/537.36", "Accept-Charset": "ISO-8859-1,utf-8;q=0.7,*;q=0.7", "Accept": "text/html,application/xhtml+xml,application/xml;q=0.9,*/*;q=0.8", "Accept-Encoding": "gzip, deflate", "Accept-Language": "en-us,en;q=0.5"}}, {"format_id": "160", "url": "https://r5---sn-5njj-u2xl.googlevideo.com/videoplayback?expire=1608485519&ei=LjbfX9KgOZWRgAPq7LGABg&ip=140.109.135.76&id=o-ABoA-iYvXGM9LnjuHmkUbx3xA6rYsZSpAAUGTjetU6uj&itag=160&aitags=133%2C134%2C135%2C136%2C137%2C160%2C242%2C243%2C244%2C247%2C248%2C278&source=youtube&requiressl=yes&mh=ZK&mm=31%2C29&mn=sn-5njj-u2xl%2Csn-un57sn7z&ms=au%2Crdu&mv=m&mvi=5&pl=16&initcwndbps=690000&vprv=1&mime=video%2Fmp4&ns=iOr0DDaXmeOu4csr2EJuRC0F&gir=yes&clen=687667&dur=191.124&lmt=1532521807938506&mt=1608463721&fvip=5&keepalive=yes&c=WEB&n=D14wS7KpO-Gj4Ftsm&sparams=expire%2Cei%2Cip%2Cid%2Caitags%2Csource%2Crequiressl%2Cvprv%2Cmime%2Cns%2Cgir%2Cclen%2Cdur%2Clmt&lsparams=mh%2Cmm%2Cmn%2Cms%2Cmv%2Cmvi%2Cpl%2Cinitcwndbps&lsig=AG3C_xAwRQIhAIKGg89jPk5Djc1le0cXJhZjCCulCPcJznqGSKAnb9WoAiAEzFgHeShtICTVVJGUE8AFtN2Fd-r8-OCJlFPEla_g9g%3D%3D&sig=AOq0QJ8wRQIgY0bU6nxAz5SxOh-LO7mDuzDiRfUKZ2yxA0gUVqT7ba4CIQDVEna3omYstT08-CobH9zx4ERlxOFqA8xVm0IMtmC_wQ==&ratebypass=yes", "player_url": "/s/player/2e6e57d8/player_ias.vflset/en_US/base.js", "ext": "mp4", "height": 144, "format_note": "144p", "vcodec": "avc1.4d400c", "asr": null, "filesize": 687667, "fps": 30, "tbr": 41.916, "width": 256, "acodec": "none", "downloader_options": {"http_chunk_size": 10485760}, "format": "160 - 256x144 (144p)", "protocol": "https", "http_headers": {"User-Agent": "Mozilla/5.0 (Windows NT 10.0; Win64; x64) AppleWebKit/537.36 (KHTML, like Gecko) Chrome/70.0.3538.31 Safari/537.36", "Accept-Charset": "ISO-8859-1,utf-8;q=0.7,*;q=0.7", "Accept": "text/html,application/xhtml+xml,application/xml;q=0.9,*/*;q=0.8", "Accept-Encoding": "gzip, deflate", "Accept-Language": "en-us,en;q=0.5"}}, {"format_id": "242", "url": "https://r5---sn-5njj-u2xl.googlevideo.com/videoplayback?expire=1608485519&ei=LjbfX9KgOZWRgAPq7LGABg&ip=140.109.135.76&id=o-ABoA-iYvXGM9LnjuHmkUbx3xA6rYsZSpAAUGTjetU6uj&itag=242&aitags=133%2C134%2C135%2C136%2C137%2C160%2C242%2C243%2C244%2C247%2C248%2C278&source=youtube&requiressl=yes&mh=ZK&mm=31%2C29&mn=sn-5njj-u2xl%2Csn-un57sn7z&ms=au%2Crdu&mv=m&mvi=5&pl=16&initcwndbps=690000&vprv=1&mime=video%2Fwebm&ns=iOr0DDaXmeOu4csr2EJuRC0F&gir=yes&clen=1236643&dur=191.124&lmt=1532523236612059&mt=1608463721&fvip=5&keepalive=yes&c=WEB&n=D14wS7KpO-Gj4Ftsm&sparams=expire%2Cei%2Cip%2Cid%2Caitags%2Csource%2Crequiressl%2Cvprv%2Cmime%2Cns%2Cgir%2Cclen%2Cdur%2Clmt&lsparams=mh%2Cmm%2Cmn%2Cms%2Cmv%2Cmvi%2Cpl%2Cinitcwndbps&lsig=AG3C_xAwRQIgGYVtu3afMa5PhvyTCw2AmnK8LUqBlQQzWHtcNHkKWOICIQDi6aUdcPnQ8DBmG7GKcJUhghIBFw-nVK3oPULQLeyMIA%3D%3D&sig=AOq0QJ8wRAIgN9Rcy3QQzq5D-Y_ZrYq72uzDIOA9CNYTbzo9fvewKAQCIAzvB0_mguwsex9GFchsKYJtqvUkdIHjfnBMNfwAyDuk&ratebypass=yes", "player_url": "/s/player/2e6e57d8/player_ias.vflset/en_US/base.js", "ext": "webm", "height": 240, "format_note": "240p", "vcodec": "vp9", "asr": null, "filesize": 1236643, "fps": 30, "tbr": 69.917, "width": 426, "acodec": "none", "downloader_options": {"http_chunk_size": 10485760}, "format": "242 - 426x240 (240p)", "protocol": "https", "http_headers": {"User-Agent": "Mozilla/5.0 (Windows NT 10.0; Win64; x64) AppleWebKit/537.36 (KHTML, like Gecko) Chrome/70.0.3538.31 Safari/537.36", "Accept-Charset": "ISO-8859-1,utf-8;q=0.7,*;q=0.7", "Accept": "text/html,application/xhtml+xml,application/xml;q=0.9,*/*;q=0.8", "Accept-Encoding": "gzip, deflate", "Accept-Language": "en-us,en;q=0.5"}}, {"format_id": "278", "url": "https://r5---sn-5njj-u2xl.googlevideo.com/videoplayback?expire=1608485519&ei=LjbfX9KgOZWRgAPq7LGABg&ip=140.109.135.76&id=o-ABoA-iYvXGM9LnjuHmkUbx3xA6rYsZSpAAUGTjetU6uj&itag=278&aitags=133%2C134%2C135%2C136%2C137%2C160%2C242%2C243%2C244%2C247%2C248%2C278&source=youtube&requiressl=yes&mh=ZK&mm=31%2C29&mn=sn-5njj-u2xl%2Csn-un57sn7z&ms=au%2Crdu&mv=m&mvi=5&pl=16&initcwndbps=690000&vprv=1&mime=video%2Fwebm&ns=iOr0DDaXmeOu4csr2EJuRC0F&gir=yes&clen=1441768&dur=191.124&lmt=1532523236633922&mt=1608463721&fvip=5&keepalive=yes&c=WEB&n=D14wS7KpO-Gj4Ftsm&sparams=expire%2Cei%2Cip%2Cid%2Caitags%2Csource%2Crequiressl%2Cvprv%2Cmime%2Cns%2Cgir%2Cclen%2Cdur%2Clmt&lsparams=mh%2Cmm%2Cmn%2Cms%2Cmv%2Cmvi%2Cpl%2Cinitcwndbps&lsig=AG3C_xAwRAIgTy8Jbl3fUirBdkKcrzZNGmi2NEL1-rNIR47HndD20N8CIErewms2rFiuyCLRBjXsK588FScMdxSM5bgeGqqwrT7w&sig=AOq0QJ8wRQIhAKBGv2n3EMAwEH0B0-4y_RmcAuyxtwZvDE0yf32A5EfbAiBBn0QvbLzUn9grvqrlZywvBh0cH8aG6-sjv-elr-ozfA==&ratebypass=yes", "player_url": "/s/player/2e6e57d8/player_ias.vflset/en_US/base.js", "ext": "webm", "height": 144, "format_note": "144p", "container": "webm", "vcodec": "vp9", "asr": null, "filesize": 1441768, "fps": 30, "tbr": 74.076, "width": 256, "acodec": "none", "downloader_options": {"http_chunk_size": 10485760}, "format": "278 - 256x144 (144p)", "protocol": "https", "http_headers": {"User-Agent": "Mozilla/5.0 (Windows NT 10.0; Win64; x64) AppleWebKit/537.36 (KHTML, like Gecko) Chrome/70.0.3538.31 Safari/537.36", "Accept-Charset": "ISO-8859-1,utf-8;q=0.7,*;q=0.7", "Accept": "text/html,application/xhtml+xml,application/xml;q=0.9,*/*;q=0.8", "Accept-Encoding": "gzip, deflate", "Accept-Language": "en-us,en;q=0.5"}}, {"format_id": "133", "url": "https://r5---sn-5njj-u2xl.googlevideo.com/videoplayback?expire=1608485519&ei=LjbfX9KgOZWRgAPq7LGABg&ip=140.109.135.76&id=o-ABoA-iYvXGM9LnjuHmkUbx3xA6rYsZSpAAUGTjetU6uj&itag=133&aitags=133%2C134%2C135%2C136%2C137%2C160%2C242%2C243%2C244%2C247%2C248%2C278&source=youtube&requiressl=yes&mh=ZK&mm=31%2C29&mn=sn-5njj-u2xl%2Csn-un57sn7z&ms=au%2Crdu&mv=m&mvi=5&pl=16&initcwndbps=690000&vprv=1&mime=video%2Fmp4&ns=iOr0DDaXmeOu4csr2EJuRC0F&gir=yes&clen=1585205&dur=191.124&lmt=1532521807937678&mt=1608463721&fvip=5&keepalive=yes&c=WEB&n=D14wS7KpO-Gj4Ftsm&sparams=expire%2Cei%2Cip%2Cid%2Caitags%2Csource%2Crequiressl%2Cvprv%2Cmime%2Cns%2Cgir%2Cclen%2Cdur%2Clmt&lsparams=mh%2Cmm%2Cmn%2Cms%2Cmv%2Cmvi%2Cpl%2Cinitcwndbps&lsig=AG3C_xAwRQIhAOwClUKqnv4GtYx1sO9fmQ0zWR2bTM74CWy3po_CxOgeAiBgeQ4q-pFRs4Abx0IpLcifqb0AJ02LUfz9aVbD4u11jA%3D%3D&sig=AOq0QJ8wRAIgFA3xHStelo4cViJ1XC145qweZ6lB6vYegvZv1izo3e0CIFNrzD00yNFT13t-z5OelYgpS0ACb0HDijFASdIJ3Wle&ratebypass=yes", "player_url": "/s/player/2e6e57d8/player_ias.vflset/en_US/base.js", "ext": "mp4", "height": 240, "format_note": "240p", "vcodec": "avc1.4d4015", "asr": null, "filesize": 1585205, "fps": 30, "tbr": 101.415, "width": 426, "acodec": "none", "downloader_options": {"http_chunk_size": 10485760}, "format": "133 - 426x240 (240p)", "protocol": "https", "http_headers": {"User-Agent": "Mozilla/5.0 (Windows NT 10.0; Win64; x64) AppleWebKit/537.36 (KHTML, like Gecko) Chrome/70.0.3538.31 Safari/537.36", "Accept-Charset": "ISO-8859-1,utf-8;q=0.7,*;q=0.7", "Accept": "text/html,application/xhtml+xml,application/xml;q=0.9,*/*;q=0.8", "Accept-Encoding": "gzip, deflate", "Accept-Language": "en-us,en;q=0.5"}}, {"format_id": "243", "url": "https://r5---sn-5njj-u2xl.googlevideo.com/videoplayback?expire=1608485519&ei=LjbfX9KgOZWRgAPq7LGABg&ip=140.109.135.76&id=o-ABoA-iYvXGM9LnjuHmkUbx3xA6rYsZSpAAUGTjetU6uj&itag=243&aitags=133%2C134%2C135%2C136%2C137%2C160%2C242%2C243%2C244%2C247%2C248%2C278&source=youtube&requiressl=yes&mh=ZK&mm=31%2C29&mn=sn-5njj-u2xl%2Csn-un57sn7z&ms=au%2Crdu&mv=m&mvi=5&pl=16&initcwndbps=690000&vprv=1&mime=video%2Fwebm&ns=iOr0DDaXmeOu4csr2EJuRC0F&gir=yes&clen=2489138&dur=191.124&lmt=1532523236593969&mt=1608463721&fvip=5&keepalive=yes&c=WEB&n=D14wS7KpO-Gj4Ftsm&sparams=expire%2Cei%2Cip%2Cid%2Caitags%2Csource%2Crequiressl%2Cvprv%2Cmime%2Cns%2Cgir%2Cclen%2Cdur%2Clmt&lsparams=mh%2Cmm%2Cmn%2Cms%2Cmv%2Cmvi%2Cpl%2Cinitcwndbps&lsig=AG3C_xAwRgIhAIDg8KM8RC4LGVZkDTwn5tCUt041k9cTUH8VLcnNU_j4AiEA6f5zk1oe78v_v06qjP8QHxyv3Qnr2YSdP7-et4J4QRo%3D&sig=AOq0QJ8wRQIgdEEbiMfzReeqhIc-2eHyiOLjl5mWEQz1m6EpCpiiMz0CIQD2xWwc5TpHaxfxP6J3a8CKhJgaVZkvLwMl8UdwzLYhWA==&ratebypass=yes", "player_url": "/s/player/2e6e57d8/player_ias.vflset/en_US/base.js", "ext": "webm", "height": 360, "format_note": "360p", "vcodec": "vp9", "asr": null, "filesize": 2489138, "fps": 30, "tbr": 136.903, "width": 640, "acodec": "none", "downloader_options": {"http_chunk_size": 10485760}, "format": "243 - 640x360 (360p)", "protocol": "https", "http_headers": {"User-Agent": "Mozilla/5.0 (Windows NT 10.0; Win64; x64) AppleWebKit/537.36 (KHTML, like Gecko) Chrome/70.0.3538.31 Safari/537.36", "Accept-Charset": "ISO-8859-1,utf-8;q=0.7,*;q=0.7", "Accept": "text/html,application/xhtml+xml,application/xml;q=0.9,*/*;q=0.8", "Accept-Encoding": "gzip, deflate", "Accept-Language": "en-us,en;q=0.5"}}, {"format_id": "134", "url": "https://r5---sn-5njj-u2xl.googlevideo.com/videoplayback?expire=1608485519&ei=LjbfX9KgOZWRgAPq7LGABg&ip=140.109.135.76&id=o-ABoA-iYvXGM9LnjuHmkUbx3xA6rYsZSpAAUGTjetU6uj&itag=134&aitags=133%2C134%2C135%2C136%2C137%2C160%2C242%2C243%2C244%2C247%2C248%2C278&source=youtube&requiressl=yes&mh=ZK&mm=31%2C29&mn=sn-5njj-u2xl%2Csn-un57sn7z&ms=au%2Crdu&mv=m&mvi=5&pl=16&initcwndbps=690000&vprv=1&mime=video%2Fmp4&ns=iOr0DDaXmeOu4csr2EJuRC0F&gir=yes&clen=2429203&dur=191.124&lmt=1532521807935392&mt=1608463721&fvip=5&keepalive=yes&c=WEB&n=D14wS7KpO-Gj4Ftsm&sparams=expire%2Cei%2Cip%2Cid%2Caitags%2Csource%2Crequiressl%2Cvprv%2Cmime%2Cns%2Cgir%2Cclen%2Cdur%2Clmt&lsparams=mh%2Cmm%2Cmn%2Cms%2Cmv%2Cmvi%2Cpl%2Cinitcwndbps&lsig=AG3C_xAwRQIgWfPD8uw-X1VIByC0hVSnbe3ezsE6-ft3qxjrAqloBioCIQCterwgDWEPUA8lsm26uCLxBJg7Gbq2oyGkXy6g5zAMvg%3D%3D&sig=AOq0QJ8wRgIhAJlw95hLDEzavcxeXLlAUGzqg2ARcag8vm9oxXJTNQ6oAiEAiuY_9VhAhjUjuT514JFiMgbwVtljR0kKaEbk-FaD0Jc=&ratebypass=yes", "player_url": "/s/player/2e6e57d8/player_ias.vflset/en_US/base.js", "ext": "mp4", "height": 360, "format_note": "360p", "vcodec": "avc1.4d401e", "asr": null, "filesize": 2429203, "fps": 30, "tbr": 155.369, "width": 640, "acodec": "none", "downloader_options": {"http_chunk_size": 10485760}, "format": "134 - 640x360 (360p)", "protocol": "https", "http_headers": {"User-Agent": "Mozilla/5.0 (Windows NT 10.0; Win64; x64) AppleWebKit/537.36 (KHTML, like Gecko) Chrome/70.0.3538.31 Safari/537.36", "Accept-Charset": "ISO-8859-1,utf-8;q=0.7,*;q=0.7", "Accept": "text/html,application/xhtml+xml,application/xml;q=0.9,*/*;q=0.8", "Accept-Encoding": "gzip, deflate", "Accept-Language": "en-us,en;q=0.5"}}, {"format_id": "244", "url": "https://r5---sn-5njj-u2xl.googlevideo.com/videoplayback?expire=1608485519&ei=LjbfX9KgOZWRgAPq7LGABg&ip=140.109.135.76&id=o-ABoA-iYvXGM9LnjuHmkUbx3xA6rYsZSpAAUGTjetU6uj&itag=244&aitags=133%2C134%2C135%2C136%2C137%2C160%2C242%2C243%2C244%2C247%2C248%2C278&source=youtube&requiressl=yes&mh=ZK&mm=31%2C29&mn=sn-5njj-u2xl%2Csn-un57sn7z&ms=au%2Crdu&mv=m&mvi=5&pl=16&initcwndbps=690000&vprv=1&mime=video%2Fwebm&ns=iOr0DDaXmeOu4csr2EJuRC0F&gir=yes&clen=4225857&dur=191.124&lmt=1532523236632845&mt=1608463721&fvip=5&keepalive=yes&c=WEB&n=D14wS7KpO-Gj4Ftsm&sparams=expire%2Cei%2Cip%2Cid%2Caitags%2Csource%2Crequiressl%2Cvprv%2Cmime%2Cns%2Cgir%2Cclen%2Cdur%2Clmt&lsparams=mh%2Cmm%2Cmn%2Cms%2Cmv%2Cmvi%2Cpl%2Cinitcwndbps&lsig=AG3C_xAwRgIhAMpMDV64x8jRGlQKsS5y7KP3OWRlnEOAyC4U04KPikOPAiEAuhdO-Z1vsYG7AF_A_D61Znd6aNdd6EfJgc2gJywT_lM%3D&sig=AOq0QJ8wRQIhAKDh4W5xS8RY_FYQc7OIaspWMe7ZemMBjlhxpcPPo2y0AiAPAyJ2Pmoh81lQ5YrbM7Rb88wXl3M0PQStgFtixrotQg==&ratebypass=yes", "player_url": "/s/player/2e6e57d8/player_ias.vflset/en_US/base.js", "ext": "webm", "height": 480, "format_note": "480p", "vcodec": "vp9", "asr": null, "filesize": 4225857, "fps": 30, "tbr": 226.799, "width": 854, "acodec": "none", "downloader_options": {"http_chunk_size": 10485760}, "format": "244 - 854x480 (480p)", "protocol": "https", "http_headers": {"User-Agent": "Mozilla/5.0 (Windows NT 10.0; Win64; x64) AppleWebKit/537.36 (KHTML, like Gecko) Chrome/70.0.3538.31 Safari/537.36", "Accept-Charset": "ISO-8859-1,utf-8;q=0.7,*;q=0.7", "Accept": "text/html,application/xhtml+xml,application/xml;q=0.9,*/*;q=0.8", "Accept-Encoding": "gzip, deflate", "Accept-Language": "en-us,en;q=0.5"}}, {"format_id": "135", "url": "https://r5---sn-5njj-u2xl.googlevideo.com/videoplayback?expire=1608485519&ei=LjbfX9KgOZWRgAPq7LGABg&ip=140.109.135.76&id=o-ABoA-iYvXGM9LnjuHmkUbx3xA6rYsZSpAAUGTjetU6uj&itag=135&aitags=133%2C134%2C135%2C136%2C137%2C160%2C242%2C243%2C244%2C247%2C248%2C278&source=youtube&requiressl=yes&mh=ZK&mm=31%2C29&mn=sn-5njj-u2xl%2Csn-un57sn7z&ms=au%2Crdu&mv=m&mvi=5&pl=16&initcwndbps=690000&vprv=1&mime=video%2Fmp4&ns=iOr0DDaXmeOu4csr2EJuRC0F&gir=yes&clen=5142781&dur=191.124&lmt=1532521807960530&mt=1608463721&fvip=5&keepalive=yes&c=WEB&n=D14wS7KpO-Gj4Ftsm&sparams=expire%2Cei%2Cip%2Cid%2Caitags%2Csource%2Crequiressl%2Cvprv%2Cmime%2Cns%2Cgir%2Cclen%2Cdur%2Clmt&lsparams=mh%2Cmm%2Cmn%2Cms%2Cmv%2Cmvi%2Cpl%2Cinitcwndbps&lsig=AG3C_xAwRQIgHIoyn9UMwL1b0i8fcRCsA44D-G2uAtrzQxj3hD4-W0ACIQC4CMMTu_aXbhnwSmEaJwZwYCBAAxDR8wP0HvBKCQyznw%3D%3D&sig=AOq0QJ8wRQIhAM8WYzIcNcX1WpK9ujhFDbCxnRGLR4JcOP37TAmofdGLAiBcnJYXYal8cXXljryO32LHo-R9ksNPinE8q8B4xjjuLQ==&ratebypass=yes", "player_url": "/s/player/2e6e57d8/player_ias.vflset/en_US/base.js", "ext": "mp4", "height": 480, "format_note": "480p", "vcodec": "avc1.4d401f", "asr": null, "filesize": 5142781, "fps": 30, "tbr": 322.16, "width": 854, "acodec": "none", "downloader_options": {"http_chunk_size": 10485760}, "format": "135 - 854x480 (480p)", "protocol": "https", "http_headers": {"User-Agent": "Mozilla/5.0 (Windows NT 10.0; Win64; x64) AppleWebKit/537.36 (KHTML, like Gecko) Chrome/70.0.3538.31 Safari/537.36", "Accept-Charset": "ISO-8859-1,utf-8;q=0.7,*;q=0.7", "Accept": "text/html,application/xhtml+xml,application/xml;q=0.9,*/*;q=0.8", "Accept-Encoding": "gzip, deflate", "Accept-Language": "en-us,en;q=0.5"}}, {"format_id": "247", "url": "https://r5---sn-5njj-u2xl.googlevideo.com/videoplayback?expire=1608485519&ei=LjbfX9KgOZWRgAPq7LGABg&ip=140.109.135.76&id=o-ABoA-iYvXGM9LnjuHmkUbx3xA6rYsZSpAAUGTjetU6uj&itag=247&aitags=133%2C134%2C135%2C136%2C137%2C160%2C242%2C243%2C244%2C247%2C248%2C278&source=youtube&requiressl=yes&mh=ZK&mm=31%2C29&mn=sn-5njj-u2xl%2Csn-un57sn7z&ms=au%2Crdu&mv=m&mvi=5&pl=16&initcwndbps=690000&vprv=1&mime=video%2Fwebm&ns=iOr0DDaXmeOu4csr2EJuRC0F&gir=yes&clen=10077089&dur=191.124&lmt=1532523236619175&mt=1608463721&fvip=5&keepalive=yes&c=WEB&n=D14wS7KpO-Gj4Ftsm&sparams=expire%2Cei%2Cip%2Cid%2Caitags%2Csource%2Crequiressl%2Cvprv%2Cmime%2Cns%2Cgir%2Cclen%2Cdur%2Clmt&lsparams=mh%2Cmm%2Cmn%2Cms%2Cmv%2Cmvi%2Cpl%2Cinitcwndbps&lsig=AG3C_xAwRgIhAMtGoNLQECdQ90WEiHsPpOv9lPFPadgm53XHJ2oXeXWlAiEA044QDIVKNHag6BcazQFDMJ7q9R9QWjxGeeTBHtixenc%3D&sig=AOq0QJ8wRAIgfHjI9BDkCmegUF2LFKZRbJHWD8cfgyC2NYjCIIgz6-ICIC54Yq0LCI8vFQJPsiXpB1ZB7WbdLyKGcWnBRgm_aWex&ratebypass=yes", "player_url": "/s/player/2e6e57d8/player_ias.vflset/en_US/base.js", "ext": "webm", "height": 720, "format_note": "720p", "vcodec": "vp9", "asr": null, "filesize": 10077089, "fps": 30, "tbr": 525.855, "width": 1280, "acodec": "none", "downloader_options": {"http_chunk_size": 10485760}, "format": "247 - 1280x720 (720p)", "protocol": "https", "http_headers": {"User-Agent": "Mozilla/5.0 (Windows NT 10.0; Win64; x64) AppleWebKit/537.36 (KHTML, like Gecko) Chrome/70.0.3538.31 Safari/537.36", "Accept-Charset": "ISO-8859-1,utf-8;q=0.7,*;q=0.7", "Accept": "text/html,application/xhtml+xml,application/xml;q=0.9,*/*;q=0.8", "Accept-Encoding": "gzip, deflate", "Accept-Language": "en-us,en;q=0.5"}}, {"format_id": "136", "url": "https://r5---sn-5njj-u2xl.googlevideo.com/videoplayback?expire=1608485519&ei=LjbfX9KgOZWRgAPq7LGABg&ip=140.109.135.76&id=o-ABoA-iYvXGM9LnjuHmkUbx3xA6rYsZSpAAUGTjetU6uj&itag=136&aitags=133%2C134%2C135%2C136%2C137%2C160%2C242%2C243%2C244%2C247%2C248%2C278&source=youtube&requiressl=yes&mh=ZK&mm=31%2C29&mn=sn-5njj-u2xl%2Csn-un57sn7z&ms=au%2Crdu&mv=m&mvi=5&pl=16&initcwndbps=690000&vprv=1&mime=video%2Fmp4&ns=iOr0DDaXmeOu4csr2EJuRC0F&gir=yes&clen=10447438&dur=191.124&lmt=1532521807944329&mt=1608463721&fvip=5&keepalive=yes&c=WEB&n=D14wS7KpO-Gj4Ftsm&sparams=expire%2Cei%2Cip%2Cid%2Caitags%2Csource%2Crequiressl%2Cvprv%2Cmime%2Cns%2Cgir%2Cclen%2Cdur%2Clmt&lsparams=mh%2Cmm%2Cmn%2Cms%2Cmv%2Cmvi%2Cpl%2Cinitcwndbps&lsig=AG3C_xAwRAIgNE3VXY2ZzYesfyQJ6ARk8UCPny2UosjsHnK74c0o2bICIEuYsfaMRkM33YEGBvbZgXnDcP6a2X4a4CBwRP00lf68&sig=AOq0QJ8wRQIgGk4NQ_uA8Me2g5_22jBZl-HmzsGD6a5O2hZiCXjc8bcCIQCefH10XVTHo0zdTPSxxHZpI8MWuilyyIydAZVDHYc6fw==&ratebypass=yes", "player_url": "/s/player/2e6e57d8/player_ias.vflset/en_US/base.js", "ext": "mp4", "height": 720, "format_note": "720p", "vcodec": "avc1.4d401f", "asr": null, "filesize": 10447438, "fps": 30, "tbr": 646.643, "width": 1280, "acodec": "none", "downloader_options": {"http_chunk_size": 10485760}, "format": "136 - 1280x720 (720p)", "protocol": "https", "http_headers": {"User-Agent": "Mozilla/5.0 (Windows NT 10.0; Win64; x64) AppleWebKit/537.36 (KHTML, like Gecko) Chrome/70.0.3538.31 Safari/537.36", "Accept-Charset": "ISO-8859-1,utf-8;q=0.7,*;q=0.7", "Accept": "text/html,application/xhtml+xml,application/xml;q=0.9,*/*;q=0.8", "Accept-Encoding": "gzip, deflate", "Accept-Language": "en-us,en;q=0.5"}}, {"format_id": "248", "url": "https://r5---sn-5njj-u2xl.googlevideo.com/videoplayback?expire=1608485519&ei=LjbfX9KgOZWRgAPq7LGABg&ip=140.109.135.76&id=o-ABoA-iYvXGM9LnjuHmkUbx3xA6rYsZSpAAUGTjetU6uj&itag=248&aitags=133%2C134%2C135%2C136%2C137%2C160%2C242%2C243%2C244%2C247%2C248%2C278&source=youtube&requiressl=yes&mh=ZK&mm=31%2C29&mn=sn-5njj-u2xl%2Csn-un57sn7z&ms=au%2Crdu&mv=m&mvi=5&pl=16&initcwndbps=690000&vprv=1&mime=video%2Fwebm&ns=iOr0DDaXmeOu4csr2EJuRC0F&gir=yes&clen=31283305&dur=191.124&lmt=1532523236609667&mt=1608463721&fvip=5&keepalive=yes&c=WEB&n=D14wS7KpO-Gj4Ftsm&sparams=expire%2Cei%2Cip%2Cid%2Caitags%2Csource%2Crequiressl%2Cvprv%2Cmime%2Cns%2Cgir%2Cclen%2Cdur%2Clmt&lsparams=mh%2Cmm%2Cmn%2Cms%2Cmv%2Cmvi%2Cpl%2Cinitcwndbps&lsig=AG3C_xAwRQIhAOYA0dUzEYutUGvLTrMsG1POHtOukjmJz_2eM-k33op3AiAll9WTDIodGs8jte1bXWYE91WFeDZ1w-nur_fV97xb5g%3D%3D&sig=AOq0QJ8wRQIhALM81b-04ZZUhfYjIoGgiMA8q-V1AVV3ktTl2XqPyJ-QAiANYqYclUGqAjfbDuEfqzbGBe7Sx9z47xB4WLGnyujguw==&ratebypass=yes", "player_url": "/s/player/2e6e57d8/player_ias.vflset/en_US/base.js", "ext": "webm", "height": 1080, "format_note": "1080p", "vcodec": "vp9", "asr": null, "filesize": 31283305, "fps": 30, "tbr": 1482.431, "width": 1920, "acodec": "none", "downloader_options": {"http_chunk_size": 10485760}, "format": "248 - 1920x1080 (1080p)", "protocol": "https", "http_headers": {"User-Agent": "Mozilla/5.0 (Windows NT 10.0; Win64; x64) AppleWebKit/537.36 (KHTML, like Gecko) Chrome/70.0.3538.31 Safari/537.36", "Accept-Charset": "ISO-8859-1,utf-8;q=0.7,*;q=0.7", "Accept": "text/html,application/xhtml+xml,application/xml;q=0.9,*/*;q=0.8", "Accept-Encoding": "gzip, deflate", "Accept-Language": "en-us,en;q=0.5"}}, {"format_id": "137", "url": "https://r5---sn-5njj-u2xl.googlevideo.com/videoplayback?expire=1608485519&ei=LjbfX9KgOZWRgAPq7LGABg&ip=140.109.135.76&id=o-ABoA-iYvXGM9LnjuHmkUbx3xA6rYsZSpAAUGTjetU6uj&itag=137&aitags=133%2C134%2C135%2C136%2C137%2C160%2C242%2C243%2C244%2C247%2C248%2C278&source=youtube&requiressl=yes&mh=ZK&mm=31%2C29&mn=sn-5njj-u2xl%2Csn-un57sn7z&ms=au%2Crdu&mv=m&mvi=5&pl=16&initcwndbps=690000&vprv=1&mime=video%2Fmp4&ns=iOr0DDaXmeOu4csr2EJuRC0F&gir=yes&clen=26628983&dur=191.124&lmt=1532521808042779&mt=1608463721&fvip=5&keepalive=yes&c=WEB&n=D14wS7KpO-Gj4Ftsm&sparams=expire%2Cei%2Cip%2Cid%2Caitags%2Csource%2Crequiressl%2Cvprv%2Cmime%2Cns%2Cgir%2Cclen%2Cdur%2Clmt&lsparams=mh%2Cmm%2Cmn%2Cms%2Cmv%2Cmvi%2Cpl%2Cinitcwndbps&lsig=AG3C_xAwRQIhALIxkdF_vaRLa766cKXZcllcVOJqmqo4HKFfILwsXRwjAiA3wVucU2jyIygSqgZJJ5u2Yvdjm9Sg6tID6uUt2m18iw%3D%3D&sig=AOq0QJ8wRQIhAMjuJU5inhY9NtYSoaXfrHQxidBB7kzkddnbS7r1BBRIAiAA1F1rkIWJiMxY6l-u0J57SRF2w5MS_Ko2iCWDSBq2aA==&ratebypass=yes", "player_url": "/s/player/2e6e57d8/player_ias.vflset/en_US/base.js", "ext": "mp4", "height": 1080, "format_note": "1080p", "vcodec": "avc1.640028", "asr": null, "filesize": 26628983, "fps": 30, "tbr": 1496.539, "width": 1920, "acodec": "none", "downloader_options": {"http_chunk_size": 10485760}, "format": "137 - 1920x1080 (1080p)", "protocol": "https", "http_headers": {"User-Agent": "Mozilla/5.0 (Windows NT 10.0; Win64; x64) AppleWebKit/537.36 (KHTML, like Gecko) Chrome/70.0.3538.31 Safari/537.36", "Accept-Charset": "ISO-8859-1,utf-8;q=0.7,*;q=0.7", "Accept": "text/html,application/xhtml+xml,application/xml;q=0.9,*/*;q=0.8", "Accept-Encoding": "gzip, deflate", "Accept-Language": "en-us,en;q=0.5"}}, {"format_id": "18", "url": "https://r5---sn-5njj-u2xl.googlevideo.com/videoplayback?expire=1608485519&ei=LjbfX9KgOZWRgAPq7LGABg&ip=140.109.135.76&id=o-ABoA-iYvXGM9LnjuHmkUbx3xA6rYsZSpAAUGTjetU6uj&itag=18&source=youtube&requiressl=yes&mh=ZK&mm=31%2C29&mn=sn-5njj-u2xl%2Csn-un57sn7z&ms=au%2Crdu&mv=m&mvi=5&pl=16&initcwndbps=690000&vprv=1&mime=video%2Fmp4&ns=bmIKBW2FAVhktZCOassYsPYF&gir=yes&clen=8579503&ratebypass=yes&dur=191.193&lmt=1532521778363309&mt=1608463721&fvip=5&c=WEB&n=vevDI8nIuASpuYjHe&sparams=expire%2Cei%2Cip%2Cid%2Citag%2Csource%2Crequiressl%2Cvprv%2Cmime%2Cns%2Cgir%2Cclen%2Cratebypass%2Cdur%2Clmt&lsparams=mh%2Cmm%2Cmn%2Cms%2Cmv%2Cmvi%2Cpl%2Cinitcwndbps&lsig=AG3C_xAwRQIhAMaqWFrdMq2SwHUuUuoVAdeP2fFdZZTi2bs8NhsHoupNAiBnlBdA49NT4_1G1BLaSy9JfYcwIg4AGJGqQ07eFnjveg%3D%3D&sig=AOq0QJ8wRAIgM1knNijVaSmidlxcY6nmmUEGngUee5WmLqTrmEB_mqsCIDis7AAKnxmbhpMTlxu88MPDcllEZSnPknZJdMoiZ26R", "player_url": "/s/player/2e6e57d8/player_ias.vflset/en_US/base.js", "ext": "mp4", "width": 640, "height": 360, "acodec": "mp4a.40.2", "abr": 96, "vcodec": "avc1.42001E", "asr": 44100, "filesize": 8579503, "format_note": "360p", "fps": 30, "tbr": 359.119, "format": "18 - 640x360 (360p)", "protocol": "https", "http_headers": {"User-Agent": "Mozilla/5.0 (Windows NT 10.0; Win64; x64) AppleWebKit/537.36 (KHTML, like Gecko) Chrome/70.0.3538.31 Safari/537.36", "Accept-Charset": "ISO-8859-1,utf-8;q=0.7,*;q=0.7", "Accept": "text/html,application/xhtml+xml,application/xml;q=0.9,*/*;q=0.8", "Accept-Encoding": "gzip, deflate", "Accept-Language": "en-us,en;q=0.5"}}], "is_live": null, "start_time": null, "end_time": null, "series": null, "season_number": null, "episode_number": null, "track": "Nagorno Mist", "artist": "Vusal Zeinalov", "album": null, "release_date": null, "release_year": null, "extractor": "youtube", "webpage_url_basename": "watch", "extractor_key": "Youtube", "playlist": null, "playlist_index": null, "thumbnail": "https://i.ytimg.com/vi_webp/AacIP9mDLw8/maxresdefault.webp", "display_id": "AacIP9mDLw8", "requested_subtitles": null, "format_id": "251", "url": "https://r5---sn-5njj-u2xl.googlevideo.com/videoplayback?expire=1608485519&ei=LjbfX9KgOZWRgAPq7LGABg&ip=140.109.135.76&id=o-ABoA-iYvXGM9LnjuHmkUbx3xA6rYsZSpAAUGTjetU6uj&itag=251&source=youtube&requiressl=yes&mh=ZK&mm=31%2C29&mn=sn-5njj-u2xl%2Csn-un57sn7z&ms=au%2Crdu&mv=m&mvi=5&pl=16&initcwndbps=690000&vprv=1&mime=audio%2Fwebm&ns=iOr0DDaXmeOu4csr2EJuRC0F&gir=yes&clen=3692868&dur=191.161&lmt=1532522481922145&mt=1608463721&fvip=5&keepalive=yes&c=WEB&n=D14wS7KpO-Gj4Ftsm&sparams=expire%2Cei%2Cip%2Cid%2Citag%2Csource%2Crequiressl%2Cvprv%2Cmime%2Cns%2Cgir%2Cclen%2Cdur%2Clmt&lsparams=mh%2Cmm%2Cmn%2Cms%2Cmv%2Cmvi%2Cpl%2Cinitcwndbps&lsig=AG3C_xAwRQIgDHo5VmEWGNLKaKsR4_O46UnC6tDoOWHV22Mz4S_vOPsCIQDrQbrOCjhCzh_IVeSlEEaiRpv9PVETBJcAQIidgNf6hA%3D%3D&sig=AOq0QJ8wRQIhAP9FooxJv0cvOLmXsXTWGt7JTO-iKzNJfaAV12reWY5-AiBBXIT_oFqb_rDwl5O_or18HhSnixUSYB14AZJArEZ8vQ==&ratebypass=yes", "player_url": "/s/player/2e6e57d8/player_ias.vflset/en_US/base.js", "ext": "webm", "format_note": "tiny", "acodec": "opus", "abr": 160, "asr": 48000, "filesize": 3692868, "fps": null, "height": null, "tbr": 161.931, "width": null, "vcodec": "none", "downloader_options": {"http_chunk_size": 10485760}, "format": "251 - audio only (tiny)", "protocol": "https", "http_headers": {"User-Agent": "Mozilla/5.0 (Windows NT 10.0; Win64; x64) AppleWebKit/537.36 (KHTML, like Gecko) Chrome/70.0.3538.31 Safari/537.36", "Accept-Charset": "ISO-8859-1,utf-8;q=0.7,*;q=0.7", "Accept": "text/html,application/xhtml+xml,application/xml;q=0.9,*/*;q=0.8", "Accept-Encoding": "gzip, deflate", "Accept-Language": "en-us,en;q=0.5"}}