{"id": "BzqX-9TA-GY", "uploader": "Piano Demo", "uploader_id": "UCbJ9JX-O5chNGkF556hb95w", "uploader_url": "http://www.youtube.com/channel/UCbJ9JX-O5chNGkF556hb95w", "channel_id": "UCbJ9JX-O5chNGkF556hb95w", "channel_url": "http://www.youtube.com/channel/UCbJ9JX-O5chNGkF556hb95w", "upload_date": "20201109", "license": null, "creator": null, "title": "The Queen's Gambit Beth's Story Piano Cover", "alt_title": null, "thumbnails": [{"url": "https://i.ytimg.com/vi/BzqX-9TA-GY/hqdefault.jpg?sqp=-oaymwEYCKgBEF5IVfKriqkDCwgBFQAAiEIYAXAB&rs=AOn4CLC6GQVZm6zxCJ6uGlSqGLmM4iQdtQ", "width": 168, "height": 94, "resolution": "168x94", "id": "0"}, {"url": "https://i.ytimg.com/vi/BzqX-9TA-GY/hqdefault.jpg?sqp=-oaymwEYCMQBEG5IVfKriqkDCwgBFQAAiEIYAXAB&rs=AOn4CLBfQVqPKzQN65Cy5JIuOWZ-tWaX5w", "width": 196, "height": 110, "resolution": "196x110", "id": "1"}, {"url": "https://i.ytimg.com/vi/BzqX-9TA-GY/hqdefault.jpg?sqp=-oaymwEZCPYBEIoBSFXyq4qpAwsIARUAAIhCGAFwAQ==&rs=AOn4CLDAc6t7sYj2xsr6xNcvCeV1ef4EaQ", "width": 246, "height": 138, "resolution": "246x138", "id": "2"}, {"url": "https://i.ytimg.com/vi/BzqX-9TA-GY/hqdefault.jpg?sqp=-oaymwEZCNACELwBSFXyq4qpAwsIARUAAIhCGAFwAQ==&rs=AOn4CLCTTWt5z3LPo751d7Xl_Jw64wPM4w", "width": 336, "height": 188, "resolution": "336x188", "id": "3"}, {"url": "https://i.ytimg.com/vi/BzqX-9TA-GY/maxresdefault.jpg", "width": 1920, "height": 1080, "resolution": "1920x1080", "id": "4"}], "description": "Carlos Rafael Rivera (born 1970) is an American composer based from Guatemala. In 2014, his music score for the movie A Walk Among the Tombstones advanced for Oscar in the Best Original Score category. Carlos also composed music for the Netflix miniseries Godless.\n\nThe Queen's Gambit is an American drama television miniseries based on Walter Tevis's 1983 novel of the same name. It was created by Scott Frank and Allan Scott.", "categories": ["Music"], "tags": ["netflix", "Queen's gambit", "Anya Taylor-Joy", "piano cover", "piano tutorial", "2020", "piano demo", "drama", "miniseries", "tv music", "movie music", "Carlos Rafael Rivera", "Thomas Brodie-Sangster", "Harry Melling", "Beth Harmon", "music education", "elearning", "online learning", "Walter Tevis", "novel", "Scott frank", "Allan scott", "Moses Ingram", "chess", "check", "mate", "\u540e\u7ffc\u68c4\u5175", "\u30af\u30a4\u30fc\u30f3\u30ba\u30fb\u30ae\u30e3\u30f3\u30d3\u30c3\u30c8", "\ud038\uc2a4 \uac2c\ube57", "Le Jeu de la dame", "Gambito de dama", "\u0425\u043e\u0434 \u043a\u043e\u0440\u043e\u043b\u0435\u0432\u044b", "Das Damengambit"], "subtitles": {}, "automatic_captions": {}, "duration": 136, "age_limit": 0, "annotations": null, "chapters": null, "webpage_url": "https://www.youtube.com/watch?v=BzqX-9TA-GY", "view_count": 27220, "like_count": 1116, "dislike_count": 6, "average_rating": 4.9786096, "formats": [{"ext": "m4a", "format_note": "DASH audio", "acodec": "mp4a.40.5", "abr": 48, "container": "m4a_dash", "format_id": "139", "manifest_url": "https://manifest.googlevideo.com/api/manifest/dash/expire/1608485365/ei/lTXfX-ejKZbhgQOYu4H4Ag/ip/140.109.135.76/id/073a97fbd4c0f866/source/youtube/requiressl/yes/playback_host/r6---sn-5njj-u2xe.googlevideo.com/mh/zz/mm/31%2C29/mn/sn-5njj-u2xe%2Csn-un57en7s/ms/au%2Crdu/mv/m/mvi/6/pl/16/hfr/all/as/fmp4_audio_clear%2Cwebm_audio_clear%2Cwebm2_audio_clear%2Cfmp4_sd_hd_clear%2Cwebm2_sd_hd_clear/initcwndbps/395000/vprv/1/mt/1608463244/fvip/6/keepalive/yes/itag/0/sparams/expire%2Cei%2Cip%2Cid%2Csource%2Crequiressl%2Chfr%2Cas%2Cvprv%2Citag/sig/AOq0QJ8wRAIgXXbuaZZJI4PsqHLyyuFW6Pk3PAtl9QnTDbXp9L7fRJkCIFPDRQADU8rp4sFeWje1V8-WcjufxCaP6L7HJqe4L1Hg/lsparams/playback_host%2Cmh%2Cmm%2Cmn%2Cms%2Cmv%2Cmvi%2Cpl%2Cinitcwndbps/lsig/AG3C_xAwRgIhAKX8KpyA9aEQVl4NSNR4CWf1TbbLa_MK7JiSf9-mp3n4AiEA1nHfR-bPO1bn79QL9w7IadVM4j5PZnelTCWa539BHSg%3D", "width": null, "height": null, "tbr": 49.443, "asr": 22050, "fps": null, "language": null, "filesize": null, "vcodec": "none", "url": "https://manifest.googlevideo.com/api/manifest/dash/expire/1608485365/ei/lTXfX-ejKZbhgQOYu4H4Ag/ip/140.109.135.76/id/073a97fbd4c0f866/source/youtube/requiressl/yes/playback_host/r6---sn-5njj-u2xe.googlevideo.com/mh/zz/mm/31%2C29/mn/sn-5njj-u2xe%2Csn-un57en7s/ms/au%2Crdu/mv/m/mvi/6/pl/16/hfr/all/as/fmp4_audio_clear%2Cwebm_audio_clear%2Cwebm2_audio_clear%2Cfmp4_sd_hd_clear%2Cwebm2_sd_hd_clear/initcwndbps/395000/vprv/1/mt/1608463244/fvip/6/keepalive/yes/itag/0/sparams/expire%2Cei%2Cip%2Cid%2Csource%2Crequiressl%2Chfr%2Cas%2Cvprv%2Citag/sig/AOq0QJ8wRAIgXXbuaZZJI4PsqHLyyuFW6Pk3PAtl9QnTDbXp9L7fRJkCIFPDRQADU8rp4sFeWje1V8-WcjufxCaP6L7HJqe4L1Hg/lsparams/playback_host%2Cmh%2Cmm%2Cmn%2Cms%2Cmv%2Cmvi%2Cpl%2Cinitcwndbps/lsig/AG3C_xAwRgIhAKX8KpyA9aEQVl4NSNR4CWf1TbbLa_MK7JiSf9-mp3n4AiEA1nHfR-bPO1bn79QL9w7IadVM4j5PZnelTCWa539BHSg%3D", "fragment_base_url": "https://r6---sn-5njj-u2xe.googlevideo.com/videoplayback/expire/1608485365/ei/lTXfX-ejKZbhgQOYu4H4Ag/ip/140.109.135.76/id/073a97fbd4c0f866/itag/139/source/youtube/requiressl/yes/mh/zz/mm/31,29/mn/sn-5njj-u2xe,sn-un57en7s/ms/au,rdu/mv/m/mvi/6/pl/16/initcwndbps/395000/vprv/1/ratebypass/yes/mime/audio%2Fmp4/otfp/1/gir/yes/clen/830147/lmt/1604983173481821/dur/136.022/mt/1608463244/fvip/6/keepalive/yes/sparams/expire,ei,ip,id,itag,source,requiressl,vprv,ratebypass,mime,otfp,gir,clen,lmt,dur/sig/AOq0QJ8wRAIgMYCS-eqFDs8JolFsVicpuGHF7H04EgsYwGvgOqPyaj4CICVAVssQY3QfZ0tCs1ncBItA24mEAChbvDDsLkhrjMjX/lsparams/mh,mm,mn,ms,mv,mvi,pl,initcwndbps/lsig/AG3C_xAwRAIgYlzBd2vZ18W3bniaaCAM1vL18AqlnOHpJypxa7Z9U3ICIAh5F-DVUVeSlFewqYi0ga40Qw2VSonrCGK1RK_5zduP/", "fragments": [{"path": "range/0-640"}, {"path": "range/841-61711", "duration": 9.985}, {"path": "range/61712-123282", "duration": 9.984}, {"path": "range/123283-184115", "duration": 9.985}, {"path": "range/184116-245135", "duration": 9.984}, {"path": "range/245136-305765", "duration": 9.985}, {"path": "range/305766-366662", "duration": 9.984}, {"path": "range/366663-427545", "duration": 9.985}, {"path": "range/427546-488226", "duration": 9.985}, {"path": "range/488227-549384", "duration": 9.984}, {"path": "range/549385-610092", "duration": 9.985}, {"path": "range/610093-671128", "duration": 9.984}, {"path": "range/671129-731942", "duration": 9.985}, {"path": "range/731943-792868", "duration": 9.985}, {"path": "range/792869-830146", "duration": 6.223}], "protocol": "http_dash_segments", "format": "139 - audio only (DASH audio)", "http_headers": {"User-Agent": "Mozilla/5.0 (Windows NT 10.0; Win64; x64) AppleWebKit/537.36 (KHTML, like Gecko) Chrome/70.0.3538.31 Safari/537.36", "Accept-Charset": "ISO-8859-1,utf-8;q=0.7,*;q=0.7", "Accept": "text/html,application/xhtml+xml,application/xml;q=0.9,*/*;q=0.8", "Accept-Encoding": "gzip, deflate", "Accept-Language": "en-us,en;q=0.5"}}, {"ext": "m4a", "format_note": "DASH audio", "acodec": "mp4a.40.2", "abr": 128, "container": "m4a_dash", "format_id": "140", "manifest_url": "https://manifest.googlevideo.com/api/manifest/dash/expire/1608485365/ei/lTXfX-ejKZbhgQOYu4H4Ag/ip/140.109.135.76/id/073a97fbd4c0f866/source/youtube/requiressl/yes/playback_host/r6---sn-5njj-u2xe.googlevideo.com/mh/zz/mm/31%2C29/mn/sn-5njj-u2xe%2Csn-un57en7s/ms/au%2Crdu/mv/m/mvi/6/pl/16/hfr/all/as/fmp4_audio_clear%2Cwebm_audio_clear%2Cwebm2_audio_clear%2Cfmp4_sd_hd_clear%2Cwebm2_sd_hd_clear/initcwndbps/395000/vprv/1/mt/1608463244/fvip/6/keepalive/yes/itag/0/sparams/expire%2Cei%2Cip%2Cid%2Csource%2Crequiressl%2Chfr%2Cas%2Cvprv%2Citag/sig/AOq0QJ8wRAIgXXbuaZZJI4PsqHLyyuFW6Pk3PAtl9QnTDbXp9L7fRJkCIFPDRQADU8rp4sFeWje1V8-WcjufxCaP6L7HJqe4L1Hg/lsparams/playback_host%2Cmh%2Cmm%2Cmn%2Cms%2Cmv%2Cmvi%2Cpl%2Cinitcwndbps/lsig/AG3C_xAwRgIhAKX8KpyA9aEQVl4NSNR4CWf1TbbLa_MK7JiSf9-mp3n4AiEA1nHfR-bPO1bn79QL9w7IadVM4j5PZnelTCWa539BHSg%3D", "width": null, "height": null, "tbr": 130.122, "asr": 44100, "fps": null, "language": null, "filesize": null, "vcodec": "none", "url": "https://manifest.googlevideo.com/api/manifest/dash/expire/1608485365/ei/lTXfX-ejKZbhgQOYu4H4Ag/ip/140.109.135.76/id/073a97fbd4c0f866/source/youtube/requiressl/yes/playback_host/r6---sn-5njj-u2xe.googlevideo.com/mh/zz/mm/31%2C29/mn/sn-5njj-u2xe%2Csn-un57en7s/ms/au%2Crdu/mv/m/mvi/6/pl/16/hfr/all/as/fmp4_audio_clear%2Cwebm_audio_clear%2Cwebm2_audio_clear%2Cfmp4_sd_hd_clear%2Cwebm2_sd_hd_clear/initcwndbps/395000/vprv/1/mt/1608463244/fvip/6/keepalive/yes/itag/0/sparams/expire%2Cei%2Cip%2Cid%2Csource%2Crequiressl%2Chfr%2Cas%2Cvprv%2Citag/sig/AOq0QJ8wRAIgXXbuaZZJI4PsqHLyyuFW6Pk3PAtl9QnTDbXp9L7fRJkCIFPDRQADU8rp4sFeWje1V8-WcjufxCaP6L7HJqe4L1Hg/lsparams/playback_host%2Cmh%2Cmm%2Cmn%2Cms%2Cmv%2Cmvi%2Cpl%2Cinitcwndbps/lsig/AG3C_xAwRgIhAKX8KpyA9aEQVl4NSNR4CWf1TbbLa_MK7JiSf9-mp3n4AiEA1nHfR-bPO1bn79QL9w7IadVM4j5PZnelTCWa539BHSg%3D", "fragment_base_url": "https://r6---sn-5njj-u2xe.googlevideo.com/videoplayback/expire/1608485365/ei/lTXfX-ejKZbhgQOYu4H4Ag/ip/140.109.135.76/id/073a97fbd4c0f866/itag/140/source/youtube/requiressl/yes/mh/zz/mm/31,29/mn/sn-5njj-u2xe,sn-un57en7s/ms/au,rdu/mv/m/mvi/6/pl/16/initcwndbps/395000/vprv/1/ratebypass/yes/mime/audio%2Fmp4/otfp/1/gir/yes/clen/2200953/lmt/1604983173482948/dur/135.952/mt/1608463244/fvip/6/keepalive/yes/sparams/expire,ei,ip,id,itag,source,requiressl,vprv,ratebypass,mime,otfp,gir,clen,lmt,dur/sig/AOq0QJ8wRQIhANuKBc4quT8P4ndI3Pc90aOBAASEdnSrBmnowKuLR0aiAiAzbfD1WH8sBHFiUu3XdqKOlVHejI9ibftAlQxRWnnX5g%3D%3D/lsparams/mh,mm,mn,ms,mv,mvi,pl,initcwndbps/lsig/AG3C_xAwRQIhAPX2oP5jQHw_sYJHm20WuwnTsx-GMjDoLbNPwFnj-vvAAiAJe7VYg0umxGv-l1x2ytQ5K5fosK9YRUB2A8Mt3yIvxw%3D%3D/", "fragments": [{"path": "range/0-631"}, {"path": "range/832-162408", "duration": 9.985}, {"path": "range/162409-324398", "duration": 9.984}, {"path": "range/324399-485949", "duration": 9.985}, {"path": "range/485950-647523", "duration": 9.984}, {"path": "range/647524-808959", "duration": 9.985}, {"path": "range/808960-970597", "duration": 9.984}, {"path": "range/970598-1132180", "duration": 9.985}, {"path": "range/1132181-1293699", "duration": 9.985}, {"path": "range/1293700-1455323", "duration": 9.984}, {"path": "range/1455324-1617033", "duration": 9.985}, {"path": "range/1617034-1778566", "duration": 9.984}, {"path": "range/1778567-1940125", "duration": 9.985}, {"path": "range/1940126-2101720", "duration": 9.985}, {"path": "range/2101721-2200952", "duration": 6.223}], "protocol": "http_dash_segments", "format": "140 - audio only (DASH audio)", "http_headers": {"User-Agent": "Mozilla/5.0 (Windows NT 10.0; Win64; x64) AppleWebKit/537.36 (KHTML, like Gecko) Chrome/70.0.3538.31 Safari/537.36", "Accept-Charset": "ISO-8859-1,utf-8;q=0.7,*;q=0.7", "Accept": "text/html,application/xhtml+xml,application/xml;q=0.9,*/*;q=0.8", "Accept-Encoding": "gzip, deflate", "Accept-Language": "en-us,en;q=0.5"}}, {"ext": "webm", "format_note": "DASH audio", "acodec": "opus", "abr": 160, "format_id": "251", "manifest_url": "https://manifest.googlevideo.com/api/manifest/dash/expire/1608485365/ei/lTXfX-ejKZbhgQOYu4H4Ag/ip/140.109.135.76/id/073a97fbd4c0f866/source/youtube/requiressl/yes/playback_host/r6---sn-5njj-u2xe.googlevideo.com/mh/zz/mm/31%2C29/mn/sn-5njj-u2xe%2Csn-un57en7s/ms/au%2Crdu/mv/m/mvi/6/pl/16/hfr/all/as/fmp4_audio_clear%2Cwebm_audio_clear%2Cwebm2_audio_clear%2Cfmp4_sd_hd_clear%2Cwebm2_sd_hd_clear/initcwndbps/395000/vprv/1/mt/1608463244/fvip/6/keepalive/yes/itag/0/sparams/expire%2Cei%2Cip%2Cid%2Csource%2Crequiressl%2Chfr%2Cas%2Cvprv%2Citag/sig/AOq0QJ8wRAIgXXbuaZZJI4PsqHLyyuFW6Pk3PAtl9QnTDbXp9L7fRJkCIFPDRQADU8rp4sFeWje1V8-WcjufxCaP6L7HJqe4L1Hg/lsparams/playback_host%2Cmh%2Cmm%2Cmn%2Cms%2Cmv%2Cmvi%2Cpl%2Cinitcwndbps/lsig/AG3C_xAwRgIhAKX8KpyA9aEQVl4NSNR4CWf1TbbLa_MK7JiSf9-mp3n4AiEA1nHfR-bPO1bn79QL9w7IadVM4j5PZnelTCWa539BHSg%3D", "width": null, "height": null, "tbr": 160.042, "asr": 48000, "fps": null, "language": null, "filesize": null, "container": "webm_dash", "vcodec": "none", "url": "https://manifest.googlevideo.com/api/manifest/dash/expire/1608485365/ei/lTXfX-ejKZbhgQOYu4H4Ag/ip/140.109.135.76/id/073a97fbd4c0f866/source/youtube/requiressl/yes/playback_host/r6---sn-5njj-u2xe.googlevideo.com/mh/zz/mm/31%2C29/mn/sn-5njj-u2xe%2Csn-un57en7s/ms/au%2Crdu/mv/m/mvi/6/pl/16/hfr/all/as/fmp4_audio_clear%2Cwebm_audio_clear%2Cwebm2_audio_clear%2Cfmp4_sd_hd_clear%2Cwebm2_sd_hd_clear/initcwndbps/395000/vprv/1/mt/1608463244/fvip/6/keepalive/yes/itag/0/sparams/expire%2Cei%2Cip%2Cid%2Csource%2Crequiressl%2Chfr%2Cas%2Cvprv%2Citag/sig/AOq0QJ8wRAIgXXbuaZZJI4PsqHLyyuFW6Pk3PAtl9QnTDbXp9L7fRJkCIFPDRQADU8rp4sFeWje1V8-WcjufxCaP6L7HJqe4L1Hg/lsparams/playback_host%2Cmh%2Cmm%2Cmn%2Cms%2Cmv%2Cmvi%2Cpl%2Cinitcwndbps/lsig/AG3C_xAwRgIhAKX8KpyA9aEQVl4NSNR4CWf1TbbLa_MK7JiSf9-mp3n4AiEA1nHfR-bPO1bn79QL9w7IadVM4j5PZnelTCWa539BHSg%3D", "fragment_base_url": "https://r6---sn-5njj-u2xe.googlevideo.com/videoplayback/expire/1608485365/ei/lTXfX-ejKZbhgQOYu4H4Ag/ip/140.109.135.76/id/073a97fbd4c0f866/itag/251/source/youtube/requiressl/yes/mh/zz/mm/31,29/mn/sn-5njj-u2xe,sn-un57en7s/ms/au,rdu/mv/m/mvi/6/pl/16/initcwndbps/395000/vprv/1/ratebypass/yes/mime/audio%2Fwebm/otfp/1/gir/yes/clen/2332742/lmt/1604983170676067/dur/135.921/mt/1608463244/fvip/6/keepalive/yes/sparams/expire,ei,ip,id,itag,source,requiressl,vprv,ratebypass,mime,otfp,gir,clen,lmt,dur/sig/AOq0QJ8wRQIhAPryUeL4ghy3sX1qxW08BVCcXbPa3EWMcmWpK0EOw8H7AiBNmXYcWFZ66eeyUhb0mRBZrgmqsTn5Q81DwRBvj_SuKA%3D%3D/lsparams/mh,mm,mn,ms,mv,mvi,pl,initcwndbps/lsig/AG3C_xAwRgIhAPFNjNs_K3YxcT7a_4kKSMmdHTzUiHBMQeP5nu3z-eZ9AiEAwna1a51oIPwpaW4e620PlSndveXHCBULcjNwF9crlXg%3D/", "fragments": [{"path": "range/0-265"}, {"path": "range/500-5008", "duration": 10.001}, {"path": "range/5009-158675", "duration": 10.0}, {"path": "range/158676-357070", "duration": 10.0}, {"path": "range/357071-556244", "duration": 10.0}, {"path": "range/556245-746899", "duration": 10.0}, {"path": "range/746900-935975", "duration": 10.0}, {"path": "range/935976-1127813", "duration": 10.0}, {"path": "range/1127814-1327866", "duration": 10.0}, {"path": "range/1327867-1517209", "duration": 10.0}, {"path": "range/1517210-1701379", "duration": 10.0}, {"path": "range/1701380-1900859", "duration": 10.0}, {"path": "range/1900860-2098588", "duration": 10.0}, {"path": "range/2098589-2289645", "duration": 10.0}, {"path": "range/2289646-2332741", "duration": 5.92}], "protocol": "http_dash_segments", "format": "251 - audio only (DASH audio)", "http_headers": {"User-Agent": "Mozilla/5.0 (Windows NT 10.0; Win64; x64) AppleWebKit/537.36 (KHTML, like Gecko) Chrome/70.0.3538.31 Safari/537.36", "Accept-Charset": "ISO-8859-1,utf-8;q=0.7,*;q=0.7", "Accept": "text/html,application/xhtml+xml,application/xml;q=0.9,*/*;q=0.8", "Accept-Encoding": "gzip, deflate", "Accept-Language": "en-us,en;q=0.5"}}, {"ext": "webm", "height": 144, "format_note": "DASH video", "container": "webm_dash", "vcodec": "vp9", "format_id": "278", "manifest_url": "https://manifest.googlevideo.com/api/manifest/dash/expire/1608485365/ei/lTXfX-ejKZbhgQOYu4H4Ag/ip/140.109.135.76/id/073a97fbd4c0f866/source/youtube/requiressl/yes/playback_host/r6---sn-5njj-u2xe.googlevideo.com/mh/zz/mm/31%2C29/mn/sn-5njj-u2xe%2Csn-un57en7s/ms/au%2Crdu/mv/m/mvi/6/pl/16/hfr/all/as/fmp4_audio_clear%2Cwebm_audio_clear%2Cwebm2_audio_clear%2Cfmp4_sd_hd_clear%2Cwebm2_sd_hd_clear/initcwndbps/395000/vprv/1/mt/1608463244/fvip/6/keepalive/yes/itag/0/sparams/expire%2Cei%2Cip%2Cid%2Csource%2Crequiressl%2Chfr%2Cas%2Cvprv%2Citag/sig/AOq0QJ8wRAIgXXbuaZZJI4PsqHLyyuFW6Pk3PAtl9QnTDbXp9L7fRJkCIFPDRQADU8rp4sFeWje1V8-WcjufxCaP6L7HJqe4L1Hg/lsparams/playback_host%2Cmh%2Cmm%2Cmn%2Cms%2Cmv%2Cmvi%2Cpl%2Cinitcwndbps/lsig/AG3C_xAwRgIhAKX8KpyA9aEQVl4NSNR4CWf1TbbLa_MK7JiSf9-mp3n4AiEA1nHfR-bPO1bn79QL9w7IadVM4j5PZnelTCWa539BHSg%3D", "width": 256, "tbr": 95.0, "asr": null, "fps": 30, "language": null, "filesize": null, "acodec": "none", "url": "https://manifest.googlevideo.com/api/manifest/dash/expire/1608485365/ei/lTXfX-ejKZbhgQOYu4H4Ag/ip/140.109.135.76/id/073a97fbd4c0f866/source/youtube/requiressl/yes/playback_host/r6---sn-5njj-u2xe.googlevideo.com/mh/zz/mm/31%2C29/mn/sn-5njj-u2xe%2Csn-un57en7s/ms/au%2Crdu/mv/m/mvi/6/pl/16/hfr/all/as/fmp4_audio_clear%2Cwebm_audio_clear%2Cwebm2_audio_clear%2Cfmp4_sd_hd_clear%2Cwebm2_sd_hd_clear/initcwndbps/395000/vprv/1/mt/1608463244/fvip/6/keepalive/yes/itag/0/sparams/expire%2Cei%2Cip%2Cid%2Csource%2Crequiressl%2Chfr%2Cas%2Cvprv%2Citag/sig/AOq0QJ8wRAIgXXbuaZZJI4PsqHLyyuFW6Pk3PAtl9QnTDbXp9L7fRJkCIFPDRQADU8rp4sFeWje1V8-WcjufxCaP6L7HJqe4L1Hg/lsparams/playback_host%2Cmh%2Cmm%2Cmn%2Cms%2Cmv%2Cmvi%2Cpl%2Cinitcwndbps/lsig/AG3C_xAwRgIhAKX8KpyA9aEQVl4NSNR4CWf1TbbLa_MK7JiSf9-mp3n4AiEA1nHfR-bPO1bn79QL9w7IadVM4j5PZnelTCWa539BHSg%3D", "fragment_base_url": "https://r6---sn-5njj-u2xe.googlevideo.com/videoplayback/expire/1608485365/ei/lTXfX-ejKZbhgQOYu4H4Ag/ip/140.109.135.76/id/073a97fbd4c0f866/itag/278/source/yt_otf/requiressl/yes/mh/zz/mm/31,29/mn/sn-5njj-u2xe,sn-un57en7s/ms/au,rdu/mv/m/mvi/6/pl/16/initcwndbps/395000/vprv/1/ratebypass/yes/mime/video%2Fwebm/otfp/1/otf/1/lmt/1604983176086037/mt/1608463244/fvip/6/keepalive/yes/sparams/expire,ei,ip,id,itag,source,requiressl,vprv,ratebypass,mime,otfp,otf,lmt/sig/AOq0QJ8wRQIgcKyjqC9NtiovVfWDN0UOixpRacUYefhlPOLZVAm2zFQCIQDQ5l7S8sSGFFPsWIIUBbU3QgiDv5zDZf_l8qUl9Haofg%3D%3D/lsparams/mh,mm,mn,ms,mv,mvi,pl,initcwndbps/lsig/AG3C_xAwRQIhAJ0u1eticeAl7eiR07O2aBZbX_lQlidwp_dz7NMGga4aAiA3s6EVcmiNfJyT2jJqjhVv1WqaDUXpLsbKEjd7bN1-Jw%3D%3D/", "fragments": [{"path": "sq/0"}, {"path": "sq/1/dur/5.339", "duration": 5.339}, {"path": "sq/2/dur/5.338", "duration": 5.338}, {"path": "sq/3/dur/5.339", "duration": 5.339}, {"path": "sq/4/dur/5.339", "duration": 5.339}, {"path": "sq/5/dur/5.338", "duration": 5.338}, {"path": "sq/6/dur/5.339", "duration": 5.339}, {"path": "sq/7/dur/5.339", "duration": 5.339}, {"path": "sq/8/dur/5.338", "duration": 5.338}, {"path": "sq/9/dur/5.339", "duration": 5.339}, {"path": "sq/10/dur/5.339", "duration": 5.339}, {"path": "sq/11/dur/5.338", "duration": 5.338}, {"path": "sq/12/dur/5.339", "duration": 5.339}, {"path": "sq/13/dur/5.339", "duration": 5.339}, {"path": "sq/14/dur/5.338", "duration": 5.338}, {"path": "sq/15/dur/5.339", "duration": 5.339}, {"path": "sq/16/dur/5.339", "duration": 5.339}, {"path": "sq/17/dur/5.338", "duration": 5.338}, {"path": "sq/18/dur/5.339", "duration": 5.339}, {"path": "sq/19/dur/5.339", "duration": 5.339}, {"path": "sq/20/dur/5.338", "duration": 5.338}, {"path": "sq/21/dur/5.339", "duration": 5.339}, {"path": "sq/22/dur/5.339", "duration": 5.339}, {"path": "sq/23/dur/5.338", "duration": 5.338}, {"path": "sq/24/dur/5.339", "duration": 5.339}, {"path": "sq/25/dur/5.339", "duration": 5.339}, {"path": "sq/26/dur/2.436", "duration": 2.436}], "protocol": "http_dash_segments", "format": "278 - 256x144 (DASH video)", "http_headers": {"User-Agent": "Mozilla/5.0 (Windows NT 10.0; Win64; x64) AppleWebKit/537.36 (KHTML, like Gecko) Chrome/70.0.3538.31 Safari/537.36", "Accept-Charset": "ISO-8859-1,utf-8;q=0.7,*;q=0.7", "Accept": "text/html,application/xhtml+xml,application/xml;q=0.9,*/*;q=0.8", "Accept-Encoding": "gzip, deflate", "Accept-Language": "en-us,en;q=0.5"}}, {"ext": "mp4", "height": 144, "format_note": "DASH video", "vcodec": "avc1.4d400b", "format_id": "160", "manifest_url": "https://manifest.googlevideo.com/api/manifest/dash/expire/1608485365/ei/lTXfX-ejKZbhgQOYu4H4Ag/ip/140.109.135.76/id/073a97fbd4c0f866/source/youtube/requiressl/yes/playback_host/r6---sn-5njj-u2xe.googlevideo.com/mh/zz/mm/31%2C29/mn/sn-5njj-u2xe%2Csn-un57en7s/ms/au%2Crdu/mv/m/mvi/6/pl/16/hfr/all/as/fmp4_audio_clear%2Cwebm_audio_clear%2Cwebm2_audio_clear%2Cfmp4_sd_hd_clear%2Cwebm2_sd_hd_clear/initcwndbps/395000/vprv/1/mt/1608463244/fvip/6/keepalive/yes/itag/0/sparams/expire%2Cei%2Cip%2Cid%2Csource%2Crequiressl%2Chfr%2Cas%2Cvprv%2Citag/sig/AOq0QJ8wRAIgXXbuaZZJI4PsqHLyyuFW6Pk3PAtl9QnTDbXp9L7fRJkCIFPDRQADU8rp4sFeWje1V8-WcjufxCaP6L7HJqe4L1Hg/lsparams/playback_host%2Cmh%2Cmm%2Cmn%2Cms%2Cmv%2Cmvi%2Cpl%2Cinitcwndbps/lsig/AG3C_xAwRgIhAKX8KpyA9aEQVl4NSNR4CWf1TbbLa_MK7JiSf9-mp3n4AiEA1nHfR-bPO1bn79QL9w7IadVM4j5PZnelTCWa539BHSg%3D", "width": 256, "tbr": 108.0, "asr": null, "fps": 30, "language": null, "filesize": null, "container": "mp4_dash", "acodec": "none", "url": "https://manifest.googlevideo.com/api/manifest/dash/expire/1608485365/ei/lTXfX-ejKZbhgQOYu4H4Ag/ip/140.109.135.76/id/073a97fbd4c0f866/source/youtube/requiressl/yes/playback_host/r6---sn-5njj-u2xe.googlevideo.com/mh/zz/mm/31%2C29/mn/sn-5njj-u2xe%2Csn-un57en7s/ms/au%2Crdu/mv/m/mvi/6/pl/16/hfr/all/as/fmp4_audio_clear%2Cwebm_audio_clear%2Cwebm2_audio_clear%2Cfmp4_sd_hd_clear%2Cwebm2_sd_hd_clear/initcwndbps/395000/vprv/1/mt/1608463244/fvip/6/keepalive/yes/itag/0/sparams/expire%2Cei%2Cip%2Cid%2Csource%2Crequiressl%2Chfr%2Cas%2Cvprv%2Citag/sig/AOq0QJ8wRAIgXXbuaZZJI4PsqHLyyuFW6Pk3PAtl9QnTDbXp9L7fRJkCIFPDRQADU8rp4sFeWje1V8-WcjufxCaP6L7HJqe4L1Hg/lsparams/playback_host%2Cmh%2Cmm%2Cmn%2Cms%2Cmv%2Cmvi%2Cpl%2Cinitcwndbps/lsig/AG3C_xAwRgIhAKX8KpyA9aEQVl4NSNR4CWf1TbbLa_MK7JiSf9-mp3n4AiEA1nHfR-bPO1bn79QL9w7IadVM4j5PZnelTCWa539BHSg%3D", "fragment_base_url": "https://r6---sn-5njj-u2xe.googlevideo.com/videoplayback/expire/1608485365/ei/lTXfX-ejKZbhgQOYu4H4Ag/ip/140.109.135.76/id/073a97fbd4c0f866/itag/160/source/yt_otf/requiressl/yes/mh/zz/mm/31,29/mn/sn-5njj-u2xe,sn-un57en7s/ms/au,rdu/mv/m/mvi/6/pl/16/initcwndbps/395000/vprv/1/ratebypass/yes/mime/video%2Fmp4/otfp/1/otf/1/lmt/1604983176086037/mt/1608463244/fvip/6/keepalive/yes/sparams/expire,ei,ip,id,itag,source,requiressl,vprv,ratebypass,mime,otfp,otf,lmt/sig/AOq0QJ8wRQIgB88Ord2-g5m25aBxOBLxDvV-zWDxxFVimGO2cxP_sJICIQCnV65uPii6T-z7w8l2QB61EjWXY1GEX4WO_TVBP31urQ%3D%3D/lsparams/mh,mm,mn,ms,mv,mvi,pl,initcwndbps/lsig/AG3C_xAwRQIhAM-wgW_pRnuODXV9LHuXxGO0uE8Md6xnXDosfAUtJd1dAiAk1jjX_w40vyCrp5I8rn2-OC15CoyFo7CzQZ9vL-qdtQ%3D%3D/", "fragments": [{"path": "sq/0"}, {"path": "sq/1/dur/5.339", "duration": 5.339}, {"path": "sq/2/dur/5.338", "duration": 5.338}, {"path": "sq/3/dur/5.339", "duration": 5.339}, {"path": "sq/4/dur/5.339", "duration": 5.339}, {"path": "sq/5/dur/5.338", "duration": 5.338}, {"path": "sq/6/dur/5.339", "duration": 5.339}, {"path": "sq/7/dur/5.339", "duration": 5.339}, {"path": "sq/8/dur/5.338", "duration": 5.338}, {"path": "sq/9/dur/5.339", "duration": 5.339}, {"path": "sq/10/dur/5.339", "duration": 5.339}, {"path": "sq/11/dur/5.338", "duration": 5.338}, {"path": "sq/12/dur/5.339", "duration": 5.339}, {"path": "sq/13/dur/5.339", "duration": 5.339}, {"path": "sq/14/dur/5.338", "duration": 5.338}, {"path": "sq/15/dur/5.339", "duration": 5.339}, {"path": "sq/16/dur/5.339", "duration": 5.339}, {"path": "sq/17/dur/5.338", "duration": 5.338}, {"path": "sq/18/dur/5.339", "duration": 5.339}, {"path": "sq/19/dur/5.339", "duration": 5.339}, {"path": "sq/20/dur/5.338", "duration": 5.338}, {"path": "sq/21/dur/5.339", "duration": 5.339}, {"path": "sq/22/dur/5.339", "duration": 5.339}, {"path": "sq/23/dur/5.338", "duration": 5.338}, {"path": "sq/24/dur/5.339", "duration": 5.339}, {"path": "sq/25/dur/5.339", "duration": 5.339}, {"path": "sq/26/dur/2.436", "duration": 2.436}], "protocol": "http_dash_segments", "format": "160 - 256x144 (DASH video)", "http_headers": {"User-Agent": "Mozilla/5.0 (Windows NT 10.0; Win64; x64) AppleWebKit/537.36 (KHTML, like Gecko) Chrome/70.0.3538.31 Safari/537.36", "Accept-Charset": "ISO-8859-1,utf-8;q=0.7,*;q=0.7", "Accept": "text/html,application/xhtml+xml,application/xml;q=0.9,*/*;q=0.8", "Accept-Encoding": "gzip, deflate", "Accept-Language": "en-us,en;q=0.5"}}, {"ext": "webm", "height": 240, "format_note": "DASH video", "vcodec": "vp9", "format_id": "242", "manifest_url": "https://manifest.googlevideo.com/api/manifest/dash/expire/1608485365/ei/lTXfX-ejKZbhgQOYu4H4Ag/ip/140.109.135.76/id/073a97fbd4c0f866/source/youtube/requiressl/yes/playback_host/r6---sn-5njj-u2xe.googlevideo.com/mh/zz/mm/31%2C29/mn/sn-5njj-u2xe%2Csn-un57en7s/ms/au%2Crdu/mv/m/mvi/6/pl/16/hfr/all/as/fmp4_audio_clear%2Cwebm_audio_clear%2Cwebm2_audio_clear%2Cfmp4_sd_hd_clear%2Cwebm2_sd_hd_clear/initcwndbps/395000/vprv/1/mt/1608463244/fvip/6/keepalive/yes/itag/0/sparams/expire%2Cei%2Cip%2Cid%2Csource%2Crequiressl%2Chfr%2Cas%2Cvprv%2Citag/sig/AOq0QJ8wRAIgXXbuaZZJI4PsqHLyyuFW6Pk3PAtl9QnTDbXp9L7fRJkCIFPDRQADU8rp4sFeWje1V8-WcjufxCaP6L7HJqe4L1Hg/lsparams/playback_host%2Cmh%2Cmm%2Cmn%2Cms%2Cmv%2Cmvi%2Cpl%2Cinitcwndbps/lsig/AG3C_xAwRgIhAKX8KpyA9aEQVl4NSNR4CWf1TbbLa_MK7JiSf9-mp3n4AiEA1nHfR-bPO1bn79QL9w7IadVM4j5PZnelTCWa539BHSg%3D", "width": 426, "tbr": 220.5, "asr": null, "fps": 30, "language": null, "filesize": null, "container": "webm_dash", "acodec": "none", "url": "https://manifest.googlevideo.com/api/manifest/dash/expire/1608485365/ei/lTXfX-ejKZbhgQOYu4H4Ag/ip/140.109.135.76/id/073a97fbd4c0f866/source/youtube/requiressl/yes/playback_host/r6---sn-5njj-u2xe.googlevideo.com/mh/zz/mm/31%2C29/mn/sn-5njj-u2xe%2Csn-un57en7s/ms/au%2Crdu/mv/m/mvi/6/pl/16/hfr/all/as/fmp4_audio_clear%2Cwebm_audio_clear%2Cwebm2_audio_clear%2Cfmp4_sd_hd_clear%2Cwebm2_sd_hd_clear/initcwndbps/395000/vprv/1/mt/1608463244/fvip/6/keepalive/yes/itag/0/sparams/expire%2Cei%2Cip%2Cid%2Csource%2Crequiressl%2Chfr%2Cas%2Cvprv%2Citag/sig/AOq0QJ8wRAIgXXbuaZZJI4PsqHLyyuFW6Pk3PAtl9QnTDbXp9L7fRJkCIFPDRQADU8rp4sFeWje1V8-WcjufxCaP6L7HJqe4L1Hg/lsparams/playback_host%2Cmh%2Cmm%2Cmn%2Cms%2Cmv%2Cmvi%2Cpl%2Cinitcwndbps/lsig/AG3C_xAwRgIhAKX8KpyA9aEQVl4NSNR4CWf1TbbLa_MK7JiSf9-mp3n4AiEA1nHfR-bPO1bn79QL9w7IadVM4j5PZnelTCWa539BHSg%3D", "fragment_base_url": "https://r6---sn-5njj-u2xe.googlevideo.com/videoplayback/expire/1608485365/ei/lTXfX-ejKZbhgQOYu4H4Ag/ip/140.109.135.76/id/073a97fbd4c0f866/itag/242/source/yt_otf/requiressl/yes/mh/zz/mm/31,29/mn/sn-5njj-u2xe,sn-un57en7s/ms/au,rdu/mv/m/mvi/6/pl/16/initcwndbps/395000/vprv/1/ratebypass/yes/mime/video%2Fwebm/otfp/1/otf/1/lmt/1604983176086037/mt/1608463244/fvip/6/keepalive/yes/sparams/expire,ei,ip,id,itag,source,requiressl,vprv,ratebypass,mime,otfp,otf,lmt/sig/AOq0QJ8wRgIhAMZmONlHc9SFr_6qYb4NKyzQh_EoDFW4Gr-BtRC41YiPAiEAxwj8PihsP8UUqUf9yx_k0HFSqkwsovLI2H5JPJuMf0w%3D/lsparams/mh,mm,mn,ms,mv,mvi,pl,initcwndbps/lsig/AG3C_xAwRQIgVrpIzkZXaE02Rq7NGBAp3me0eJ4sf76zhG0p7Ir5HsQCIQCj3W56Bbua7WfBG43MvzGteOCiC6Qw_WmMTgW5HeBjIQ%3D%3D/", "fragments": [{"path": "sq/0"}, {"path": "sq/1/dur/5.339", "duration": 5.339}, {"path": "sq/2/dur/5.338", "duration": 5.338}, {"path": "sq/3/dur/5.339", "duration": 5.339}, {"path": "sq/4/dur/5.339", "duration": 5.339}, {"path": "sq/5/dur/5.338", "duration": 5.338}, {"path": "sq/6/dur/5.339", "duration": 5.339}, {"path": "sq/7/dur/5.339", "duration": 5.339}, {"path": "sq/8/dur/5.338", "duration": 5.338}, {"path": "sq/9/dur/5.339", "duration": 5.339}, {"path": "sq/10/dur/5.339", "duration": 5.339}, {"path": "sq/11/dur/5.338", "duration": 5.338}, {"path": "sq/12/dur/5.339", "duration": 5.339}, {"path": "sq/13/dur/5.339", "duration": 5.339}, {"path": "sq/14/dur/5.338", "duration": 5.338}, {"path": "sq/15/dur/5.339", "duration": 5.339}, {"path": "sq/16/dur/5.339", "duration": 5.339}, {"path": "sq/17/dur/5.338", "duration": 5.338}, {"path": "sq/18/dur/5.339", "duration": 5.339}, {"path": "sq/19/dur/5.339", "duration": 5.339}, {"path": "sq/20/dur/5.338", "duration": 5.338}, {"path": "sq/21/dur/5.339", "duration": 5.339}, {"path": "sq/22/dur/5.339", "duration": 5.339}, {"path": "sq/23/dur/5.338", "duration": 5.338}, {"path": "sq/24/dur/5.339", "duration": 5.339}, {"path": "sq/25/dur/5.339", "duration": 5.339}, {"path": "sq/26/dur/2.436", "duration": 2.436}], "protocol": "http_dash_segments", "format": "242 - 426x240 (DASH video)", "http_headers": {"User-Agent": "Mozilla/5.0 (Windows NT 10.0; Win64; x64) AppleWebKit/537.36 (KHTML, like Gecko) Chrome/70.0.3538.31 Safari/537.36", "Accept-Charset": "ISO-8859-1,utf-8;q=0.7,*;q=0.7", "Accept": "text/html,application/xhtml+xml,application/xml;q=0.9,*/*;q=0.8", "Accept-Encoding": "gzip, deflate", "Accept-Language": "en-us,en;q=0.5"}}, {"ext": "mp4", "height": 240, "format_note": "DASH video", "vcodec": "avc1.4d400c", "format_id": "133", "manifest_url": "https://manifest.googlevideo.com/api/manifest/dash/expire/1608485365/ei/lTXfX-ejKZbhgQOYu4H4Ag/ip/140.109.135.76/id/073a97fbd4c0f866/source/youtube/requiressl/yes/playback_host/r6---sn-5njj-u2xe.googlevideo.com/mh/zz/mm/31%2C29/mn/sn-5njj-u2xe%2Csn-un57en7s/ms/au%2Crdu/mv/m/mvi/6/pl/16/hfr/all/as/fmp4_audio_clear%2Cwebm_audio_clear%2Cwebm2_audio_clear%2Cfmp4_sd_hd_clear%2Cwebm2_sd_hd_clear/initcwndbps/395000/vprv/1/mt/1608463244/fvip/6/keepalive/yes/itag/0/sparams/expire%2Cei%2Cip%2Cid%2Csource%2Crequiressl%2Chfr%2Cas%2Cvprv%2Citag/sig/AOq0QJ8wRAIgXXbuaZZJI4PsqHLyyuFW6Pk3PAtl9QnTDbXp9L7fRJkCIFPDRQADU8rp4sFeWje1V8-WcjufxCaP6L7HJqe4L1Hg/lsparams/playback_host%2Cmh%2Cmm%2Cmn%2Cms%2Cmv%2Cmvi%2Cpl%2Cinitcwndbps/lsig/AG3C_xAwRgIhAKX8KpyA9aEQVl4NSNR4CWf1TbbLa_MK7JiSf9-mp3n4AiEA1nHfR-bPO1bn79QL9w7IadVM4j5PZnelTCWa539BHSg%3D", "width": 426, "tbr": 242.0, "asr": null, "fps": 30, "language": null, "filesize": null, "container": "mp4_dash", "acodec": "none", "url": "https://manifest.googlevideo.com/api/manifest/dash/expire/1608485365/ei/lTXfX-ejKZbhgQOYu4H4Ag/ip/140.109.135.76/id/073a97fbd4c0f866/source/youtube/requiressl/yes/playback_host/r6---sn-5njj-u2xe.googlevideo.com/mh/zz/mm/31%2C29/mn/sn-5njj-u2xe%2Csn-un57en7s/ms/au%2Crdu/mv/m/mvi/6/pl/16/hfr/all/as/fmp4_audio_clear%2Cwebm_audio_clear%2Cwebm2_audio_clear%2Cfmp4_sd_hd_clear%2Cwebm2_sd_hd_clear/initcwndbps/395000/vprv/1/mt/1608463244/fvip/6/keepalive/yes/itag/0/sparams/expire%2Cei%2Cip%2Cid%2Csource%2Crequiressl%2Chfr%2Cas%2Cvprv%2Citag/sig/AOq0QJ8wRAIgXXbuaZZJI4PsqHLyyuFW6Pk3PAtl9QnTDbXp9L7fRJkCIFPDRQADU8rp4sFeWje1V8-WcjufxCaP6L7HJqe4L1Hg/lsparams/playback_host%2Cmh%2Cmm%2Cmn%2Cms%2Cmv%2Cmvi%2Cpl%2Cinitcwndbps/lsig/AG3C_xAwRgIhAKX8KpyA9aEQVl4NSNR4CWf1TbbLa_MK7JiSf9-mp3n4AiEA1nHfR-bPO1bn79QL9w7IadVM4j5PZnelTCWa539BHSg%3D", "fragment_base_url": "https://r6---sn-5njj-u2xe.googlevideo.com/videoplayback/expire/1608485365/ei/lTXfX-ejKZbhgQOYu4H4Ag/ip/140.109.135.76/id/073a97fbd4c0f866/itag/133/source/yt_otf/requiressl/yes/mh/zz/mm/31,29/mn/sn-5njj-u2xe,sn-un57en7s/ms/au,rdu/mv/m/mvi/6/pl/16/initcwndbps/395000/vprv/1/ratebypass/yes/mime/video%2Fmp4/otfp/1/otf/1/lmt/1604983176086037/mt/1608463244/fvip/6/keepalive/yes/sparams/expire,ei,ip,id,itag,source,requiressl,vprv,ratebypass,mime,otfp,otf,lmt/sig/AOq0QJ8wRAIgFaFH1QeNDT4QVpjNqVo5KxIONMDG7wuKpQxkfjHd3bMCIHzrbG7tcI_tpuVbO6qfJfFwHU49ZDn_Y151PXhQXLjh/lsparams/mh,mm,mn,ms,mv,mvi,pl,initcwndbps/lsig/AG3C_xAwRQIhAMcP37EHxHZn0AMwxVbLjVMF_r7Yl1iSdrTemRKcm5IoAiBBB7-nlyK69UsNoxqGCsBSJ-wriHRatVh47ADUwa8yPA%3D%3D/", "fragments": [{"path": "sq/0"}, {"path": "sq/1/dur/5.339", "duration": 5.339}, {"path": "sq/2/dur/5.338", "duration": 5.338}, {"path": "sq/3/dur/5.339", "duration": 5.339}, {"path": "sq/4/dur/5.339", "duration": 5.339}, {"path": "sq/5/dur/5.338", "duration": 5.338}, {"path": "sq/6/dur/5.339", "duration": 5.339}, {"path": "sq/7/dur/5.339", "duration": 5.339}, {"path": "sq/8/dur/5.338", "duration": 5.338}, {"path": "sq/9/dur/5.339", "duration": 5.339}, {"path": "sq/10/dur/5.339", "duration": 5.339}, {"path": "sq/11/dur/5.338", "duration": 5.338}, {"path": "sq/12/dur/5.339", "duration": 5.339}, {"path": "sq/13/dur/5.339", "duration": 5.339}, {"path": "sq/14/dur/5.338", "duration": 5.338}, {"path": "sq/15/dur/5.339", "duration": 5.339}, {"path": "sq/16/dur/5.339", "duration": 5.339}, {"path": "sq/17/dur/5.338", "duration": 5.338}, {"path": "sq/18/dur/5.339", "duration": 5.339}, {"path": "sq/19/dur/5.339", "duration": 5.339}, {"path": "sq/20/dur/5.338", "duration": 5.338}, {"path": "sq/21/dur/5.339", "duration": 5.339}, {"path": "sq/22/dur/5.339", "duration": 5.339}, {"path": "sq/23/dur/5.338", "duration": 5.338}, {"path": "sq/24/dur/5.339", "duration": 5.339}, {"path": "sq/25/dur/5.339", "duration": 5.339}, {"path": "sq/26/dur/2.436", "duration": 2.436}], "protocol": "http_dash_segments", "format": "133 - 426x240 (DASH video)", "http_headers": {"User-Agent": "Mozilla/5.0 (Windows NT 10.0; Win64; x64) AppleWebKit/537.36 (KHTML, like Gecko) Chrome/70.0.3538.31 Safari/537.36", "Accept-Charset": "ISO-8859-1,utf-8;q=0.7,*;q=0.7", "Accept": "text/html,application/xhtml+xml,application/xml;q=0.9,*/*;q=0.8", "Accept-Encoding": "gzip, deflate", "Accept-Language": "en-us,en;q=0.5"}}, {"ext": "mp4", "height": 360, "format_note": "DASH video", "vcodec": "avc1.4d401e", "format_id": "134", "manifest_url": "https://manifest.googlevideo.com/api/manifest/dash/expire/1608485365/ei/lTXfX-ejKZbhgQOYu4H4Ag/ip/140.109.135.76/id/073a97fbd4c0f866/source/youtube/requiressl/yes/playback_host/r6---sn-5njj-u2xe.googlevideo.com/mh/zz/mm/31%2C29/mn/sn-5njj-u2xe%2Csn-un57en7s/ms/au%2Crdu/mv/m/mvi/6/pl/16/hfr/all/as/fmp4_audio_clear%2Cwebm_audio_clear%2Cwebm2_audio_clear%2Cfmp4_sd_hd_clear%2Cwebm2_sd_hd_clear/initcwndbps/395000/vprv/1/mt/1608463244/fvip/6/keepalive/yes/itag/0/sparams/expire%2Cei%2Cip%2Cid%2Csource%2Crequiressl%2Chfr%2Cas%2Cvprv%2Citag/sig/AOq0QJ8wRAIgXXbuaZZJI4PsqHLyyuFW6Pk3PAtl9QnTDbXp9L7fRJkCIFPDRQADU8rp4sFeWje1V8-WcjufxCaP6L7HJqe4L1Hg/lsparams/playback_host%2Cmh%2Cmm%2Cmn%2Cms%2Cmv%2Cmvi%2Cpl%2Cinitcwndbps/lsig/AG3C_xAwRgIhAKX8KpyA9aEQVl4NSNR4CWf1TbbLa_MK7JiSf9-mp3n4AiEA1nHfR-bPO1bn79QL9w7IadVM4j5PZnelTCWa539BHSg%3D", "width": 640, "tbr": 323.169, "asr": null, "fps": 30, "language": null, "filesize": null, "container": "mp4_dash", "acodec": "none", "url": "https://manifest.googlevideo.com/api/manifest/dash/expire/1608485365/ei/lTXfX-ejKZbhgQOYu4H4Ag/ip/140.109.135.76/id/073a97fbd4c0f866/source/youtube/requiressl/yes/playback_host/r6---sn-5njj-u2xe.googlevideo.com/mh/zz/mm/31%2C29/mn/sn-5njj-u2xe%2Csn-un57en7s/ms/au%2Crdu/mv/m/mvi/6/pl/16/hfr/all/as/fmp4_audio_clear%2Cwebm_audio_clear%2Cwebm2_audio_clear%2Cfmp4_sd_hd_clear%2Cwebm2_sd_hd_clear/initcwndbps/395000/vprv/1/mt/1608463244/fvip/6/keepalive/yes/itag/0/sparams/expire%2Cei%2Cip%2Cid%2Csource%2Crequiressl%2Chfr%2Cas%2Cvprv%2Citag/sig/AOq0QJ8wRAIgXXbuaZZJI4PsqHLyyuFW6Pk3PAtl9QnTDbXp9L7fRJkCIFPDRQADU8rp4sFeWje1V8-WcjufxCaP6L7HJqe4L1Hg/lsparams/playback_host%2Cmh%2Cmm%2Cmn%2Cms%2Cmv%2Cmvi%2Cpl%2Cinitcwndbps/lsig/AG3C_xAwRgIhAKX8KpyA9aEQVl4NSNR4CWf1TbbLa_MK7JiSf9-mp3n4AiEA1nHfR-bPO1bn79QL9w7IadVM4j5PZnelTCWa539BHSg%3D", "fragment_base_url": "https://r6---sn-5njj-u2xe.googlevideo.com/videoplayback/expire/1608485365/ei/lTXfX-ejKZbhgQOYu4H4Ag/ip/140.109.135.76/id/073a97fbd4c0f866/itag/134/source/youtube/requiressl/yes/mh/zz/mm/31,29/mn/sn-5njj-u2xe,sn-un57en7s/ms/au,rdu/mv/m/mvi/6/pl/16/initcwndbps/395000/vprv/1/ratebypass/yes/mime/video%2Fmp4/otfp/1/gir/yes/clen/4290708/lmt/1604983176086213/dur/135.902/mt/1608463244/fvip/6/keepalive/yes/sparams/expire,ei,ip,id,itag,source,requiressl,vprv,ratebypass,mime,otfp,gir,clen,lmt,dur/sig/AOq0QJ8wRQIgExguqdXarSkGMVTn-FT6Jv5MmC7_Kpgy82DmLsmw1W4CIQCGJoPOKgiAgz4ciiJNkXsq6JpOrka1zAo05aVV9qPHtA%3D%3D/lsparams/mh,mm,mn,ms,mv,mvi,pl,initcwndbps/lsig/AG3C_xAwRAIgRJy2pyNJaQ0revF6gw8EmChV2G7pVJM8Y3EVd_RMOU4CIBxH3QSGt3MtIADOb_UkuGQIigIp0hu7XqkQt1aQzLnY/", "fragments": [{"path": "range/0-738"}, {"path": "range/1083-129387", "duration": 5.339}, {"path": "range/129388-328292", "duration": 5.338}, {"path": "range/328293-477011", "duration": 5.339}, {"path": "range/477012-596816", "duration": 5.339}, {"path": "range/596817-791731", "duration": 5.338}, {"path": "range/791732-951259", "duration": 5.339}, {"path": "range/951260-1098606", "duration": 5.339}, {"path": "range/1098607-1298836", "duration": 5.338}, {"path": "range/1298837-1499858", "duration": 5.339}, {"path": "range/1499859-1691337", "duration": 5.339}, {"path": "range/1691338-1901785", "duration": 5.338}, {"path": "range/1901786-2117460", "duration": 5.339}, {"path": "range/2117461-2308195", "duration": 5.339}, {"path": "range/2308196-2481814", "duration": 5.338}, {"path": "range/2481815-2663347", "duration": 5.339}, {"path": "range/2663348-2849606", "duration": 5.339}, {"path": "range/2849607-3031906", "duration": 5.338}, {"path": "range/3031907-3228951", "duration": 5.339}, {"path": "range/3228952-3424349", "duration": 5.339}, {"path": "range/3424350-3569845", "duration": 5.338}, {"path": "range/3569846-3666023", "duration": 5.339}, {"path": "range/3666024-3786177", "duration": 5.339}, {"path": "range/3786178-3948165", "duration": 5.338}, {"path": "range/3948166-4068083", "duration": 5.339}, {"path": "range/4068084-4229581", "duration": 5.339}, {"path": "range/4229582-4290707", "duration": 2.436}], "protocol": "http_dash_segments", "format": "134 - 640x360 (DASH video)", "http_headers": {"User-Agent": "Mozilla/5.0 (Windows NT 10.0; Win64; x64) AppleWebKit/537.36 (KHTML, like Gecko) Chrome/70.0.3538.31 Safari/537.36", "Accept-Charset": "ISO-8859-1,utf-8;q=0.7,*;q=0.7", "Accept": "text/html,application/xhtml+xml,application/xml;q=0.9,*/*;q=0.8", "Accept-Encoding": "gzip, deflate", "Accept-Language": "en-us,en;q=0.5"}}, {"ext": "webm", "height": 360, "format_note": "DASH video", "vcodec": "vp9", "format_id": "243", "manifest_url": "https://manifest.googlevideo.com/api/manifest/dash/expire/1608485365/ei/lTXfX-ejKZbhgQOYu4H4Ag/ip/140.109.135.76/id/073a97fbd4c0f866/source/youtube/requiressl/yes/playback_host/r6---sn-5njj-u2xe.googlevideo.com/mh/zz/mm/31%2C29/mn/sn-5njj-u2xe%2Csn-un57en7s/ms/au%2Crdu/mv/m/mvi/6/pl/16/hfr/all/as/fmp4_audio_clear%2Cwebm_audio_clear%2Cwebm2_audio_clear%2Cfmp4_sd_hd_clear%2Cwebm2_sd_hd_clear/initcwndbps/395000/vprv/1/mt/1608463244/fvip/6/keepalive/yes/itag/0/sparams/expire%2Cei%2Cip%2Cid%2Csource%2Crequiressl%2Chfr%2Cas%2Cvprv%2Citag/sig/AOq0QJ8wRAIgXXbuaZZJI4PsqHLyyuFW6Pk3PAtl9QnTDbXp9L7fRJkCIFPDRQADU8rp4sFeWje1V8-WcjufxCaP6L7HJqe4L1Hg/lsparams/playback_host%2Cmh%2Cmm%2Cmn%2Cms%2Cmv%2Cmvi%2Cpl%2Cinitcwndbps/lsig/AG3C_xAwRgIhAKX8KpyA9aEQVl4NSNR4CWf1TbbLa_MK7JiSf9-mp3n4AiEA1nHfR-bPO1bn79QL9w7IadVM4j5PZnelTCWa539BHSg%3D", "width": 640, "tbr": 405.72, "asr": null, "fps": 30, "language": null, "filesize": null, "container": "webm_dash", "acodec": "none", "url": "https://manifest.googlevideo.com/api/manifest/dash/expire/1608485365/ei/lTXfX-ejKZbhgQOYu4H4Ag/ip/140.109.135.76/id/073a97fbd4c0f866/source/youtube/requiressl/yes/playback_host/r6---sn-5njj-u2xe.googlevideo.com/mh/zz/mm/31%2C29/mn/sn-5njj-u2xe%2Csn-un57en7s/ms/au%2Crdu/mv/m/mvi/6/pl/16/hfr/all/as/fmp4_audio_clear%2Cwebm_audio_clear%2Cwebm2_audio_clear%2Cfmp4_sd_hd_clear%2Cwebm2_sd_hd_clear/initcwndbps/395000/vprv/1/mt/1608463244/fvip/6/keepalive/yes/itag/0/sparams/expire%2Cei%2Cip%2Cid%2Csource%2Crequiressl%2Chfr%2Cas%2Cvprv%2Citag/sig/AOq0QJ8wRAIgXXbuaZZJI4PsqHLyyuFW6Pk3PAtl9QnTDbXp9L7fRJkCIFPDRQADU8rp4sFeWje1V8-WcjufxCaP6L7HJqe4L1Hg/lsparams/playback_host%2Cmh%2Cmm%2Cmn%2Cms%2Cmv%2Cmvi%2Cpl%2Cinitcwndbps/lsig/AG3C_xAwRgIhAKX8KpyA9aEQVl4NSNR4CWf1TbbLa_MK7JiSf9-mp3n4AiEA1nHfR-bPO1bn79QL9w7IadVM4j5PZnelTCWa539BHSg%3D", "fragment_base_url": "https://r6---sn-5njj-u2xe.googlevideo.com/videoplayback/expire/1608485365/ei/lTXfX-ejKZbhgQOYu4H4Ag/ip/140.109.135.76/id/073a97fbd4c0f866/itag/243/source/yt_otf/requiressl/yes/mh/zz/mm/31,29/mn/sn-5njj-u2xe,sn-un57en7s/ms/au,rdu/mv/m/mvi/6/pl/16/initcwndbps/395000/vprv/1/ratebypass/yes/mime/video%2Fwebm/otfp/1/otf/1/lmt/1604983176086037/mt/1608463244/fvip/6/keepalive/yes/sparams/expire,ei,ip,id,itag,source,requiressl,vprv,ratebypass,mime,otfp,otf,lmt/sig/AOq0QJ8wRAIgPPC2EI7H-HrgttgwxrIjHBdRAEURDQFQOLNHnpBP7OACIEVeMDypaMED1pPTpPEbj33-SF1n_umb74Xxyf4BPnyW/lsparams/mh,mm,mn,ms,mv,mvi,pl,initcwndbps/lsig/AG3C_xAwRAIgHw9rdFxlnpkn4Nu3bxn8yoCCin_Wm0w1VDpd-hZdsfgCIFc5_gj5iaM3LCehcr_nqEoF0VBMWpoO65CmrBQjpf6r/", "fragments": [{"path": "sq/0"}, {"path": "sq/1/dur/5.339", "duration": 5.339}, {"path": "sq/2/dur/5.338", "duration": 5.338}, {"path": "sq/3/dur/5.339", "duration": 5.339}, {"path": "sq/4/dur/5.339", "duration": 5.339}, {"path": "sq/5/dur/5.338", "duration": 5.338}, {"path": "sq/6/dur/5.339", "duration": 5.339}, {"path": "sq/7/dur/5.339", "duration": 5.339}, {"path": "sq/8/dur/5.338", "duration": 5.338}, {"path": "sq/9/dur/5.339", "duration": 5.339}, {"path": "sq/10/dur/5.339", "duration": 5.339}, {"path": "sq/11/dur/5.338", "duration": 5.338}, {"path": "sq/12/dur/5.339", "duration": 5.339}, {"path": "sq/13/dur/5.339", "duration": 5.339}, {"path": "sq/14/dur/5.338", "duration": 5.338}, {"path": "sq/15/dur/5.339", "duration": 5.339}, {"path": "sq/16/dur/5.339", "duration": 5.339}, {"path": "sq/17/dur/5.338", "duration": 5.338}, {"path": "sq/18/dur/5.339", "duration": 5.339}, {"path": "sq/19/dur/5.339", "duration": 5.339}, {"path": "sq/20/dur/5.338", "duration": 5.338}, {"path": "sq/21/dur/5.339", "duration": 5.339}, {"path": "sq/22/dur/5.339", "duration": 5.339}, {"path": "sq/23/dur/5.338", "duration": 5.338}, {"path": "sq/24/dur/5.339", "duration": 5.339}, {"path": "sq/25/dur/5.339", "duration": 5.339}, {"path": "sq/26/dur/2.436", "duration": 2.436}], "protocol": "http_dash_segments", "format": "243 - 640x360 (DASH video)", "http_headers": {"User-Agent": "Mozilla/5.0 (Windows NT 10.0; Win64; x64) AppleWebKit/537.36 (KHTML, like Gecko) Chrome/70.0.3538.31 Safari/537.36", "Accept-Charset": "ISO-8859-1,utf-8;q=0.7,*;q=0.7", "Accept": "text/html,application/xhtml+xml,application/xml;q=0.9,*/*;q=0.8", "Accept-Encoding": "gzip, deflate", "Accept-Language": "en-us,en;q=0.5"}}, {"ext": "webm", "height": 480, "format_note": "DASH video", "vcodec": "vp9", "format_id": "244", "manifest_url": "https://manifest.googlevideo.com/api/manifest/dash/expire/1608485365/ei/lTXfX-ejKZbhgQOYu4H4Ag/ip/140.109.135.76/id/073a97fbd4c0f866/source/youtube/requiressl/yes/playback_host/r6---sn-5njj-u2xe.googlevideo.com/mh/zz/mm/31%2C29/mn/sn-5njj-u2xe%2Csn-un57en7s/ms/au%2Crdu/mv/m/mvi/6/pl/16/hfr/all/as/fmp4_audio_clear%2Cwebm_audio_clear%2Cwebm2_audio_clear%2Cfmp4_sd_hd_clear%2Cwebm2_sd_hd_clear/initcwndbps/395000/vprv/1/mt/1608463244/fvip/6/keepalive/yes/itag/0/sparams/expire%2Cei%2Cip%2Cid%2Csource%2Crequiressl%2Chfr%2Cas%2Cvprv%2Citag/sig/AOq0QJ8wRAIgXXbuaZZJI4PsqHLyyuFW6Pk3PAtl9QnTDbXp9L7fRJkCIFPDRQADU8rp4sFeWje1V8-WcjufxCaP6L7HJqe4L1Hg/lsparams/playback_host%2Cmh%2Cmm%2Cmn%2Cms%2Cmv%2Cmvi%2Cpl%2Cinitcwndbps/lsig/AG3C_xAwRgIhAKX8KpyA9aEQVl4NSNR4CWf1TbbLa_MK7JiSf9-mp3n4AiEA1nHfR-bPO1bn79QL9w7IadVM4j5PZnelTCWa539BHSg%3D", "width": 854, "tbr": 752.64, "asr": null, "fps": 30, "language": null, "filesize": null, "container": "webm_dash", "acodec": "none", "url": "https://manifest.googlevideo.com/api/manifest/dash/expire/1608485365/ei/lTXfX-ejKZbhgQOYu4H4Ag/ip/140.109.135.76/id/073a97fbd4c0f866/source/youtube/requiressl/yes/playback_host/r6---sn-5njj-u2xe.googlevideo.com/mh/zz/mm/31%2C29/mn/sn-5njj-u2xe%2Csn-un57en7s/ms/au%2Crdu/mv/m/mvi/6/pl/16/hfr/all/as/fmp4_audio_clear%2Cwebm_audio_clear%2Cwebm2_audio_clear%2Cfmp4_sd_hd_clear%2Cwebm2_sd_hd_clear/initcwndbps/395000/vprv/1/mt/1608463244/fvip/6/keepalive/yes/itag/0/sparams/expire%2Cei%2Cip%2Cid%2Csource%2Crequiressl%2Chfr%2Cas%2Cvprv%2Citag/sig/AOq0QJ8wRAIgXXbuaZZJI4PsqHLyyuFW6Pk3PAtl9QnTDbXp9L7fRJkCIFPDRQADU8rp4sFeWje1V8-WcjufxCaP6L7HJqe4L1Hg/lsparams/playback_host%2Cmh%2Cmm%2Cmn%2Cms%2Cmv%2Cmvi%2Cpl%2Cinitcwndbps/lsig/AG3C_xAwRgIhAKX8KpyA9aEQVl4NSNR4CWf1TbbLa_MK7JiSf9-mp3n4AiEA1nHfR-bPO1bn79QL9w7IadVM4j5PZnelTCWa539BHSg%3D", "fragment_base_url": "https://r6---sn-5njj-u2xe.googlevideo.com/videoplayback/expire/1608485365/ei/lTXfX-ejKZbhgQOYu4H4Ag/ip/140.109.135.76/id/073a97fbd4c0f866/itag/244/source/yt_otf/requiressl/yes/mh/zz/mm/31,29/mn/sn-5njj-u2xe,sn-un57en7s/ms/au,rdu/mv/m/mvi/6/pl/16/initcwndbps/395000/vprv/1/ratebypass/yes/mime/video%2Fwebm/otfp/1/otf/1/lmt/1604983176086037/mt/1608463244/fvip/6/keepalive/yes/sparams/expire,ei,ip,id,itag,source,requiressl,vprv,ratebypass,mime,otfp,otf,lmt/sig/AOq0QJ8wRQIhAK21yen74eouOlj1wu8CNEgtiEeWOBzT_UFtdTSj6gOhAiAKBNG3IoYm8HOnyE49-UMsxXtj0WGvo2SANoXufMW30w%3D%3D/lsparams/mh,mm,mn,ms,mv,mvi,pl,initcwndbps/lsig/AG3C_xAwRAIgFg7ZBykPiAMpt2UYxIEASO3dJRjeCKHOgmIvIDaORc4CIDGChH__LlQhJsKQZuJBHl0WNZN4Y95sihRJnTqaDAvf/", "fragments": [{"path": "sq/0"}, {"path": "sq/1/dur/5.339", "duration": 5.339}, {"path": "sq/2/dur/5.338", "duration": 5.338}, {"path": "sq/3/dur/5.339", "duration": 5.339}, {"path": "sq/4/dur/5.339", "duration": 5.339}, {"path": "sq/5/dur/5.338", "duration": 5.338}, {"path": "sq/6/dur/5.339", "duration": 5.339}, {"path": "sq/7/dur/5.339", "duration": 5.339}, {"path": "sq/8/dur/5.338", "duration": 5.338}, {"path": "sq/9/dur/5.339", "duration": 5.339}, {"path": "sq/10/dur/5.339", "duration": 5.339}, {"path": "sq/11/dur/5.338", "duration": 5.338}, {"path": "sq/12/dur/5.339", "duration": 5.339}, {"path": "sq/13/dur/5.339", "duration": 5.339}, {"path": "sq/14/dur/5.338", "duration": 5.338}, {"path": "sq/15/dur/5.339", "duration": 5.339}, {"path": "sq/16/dur/5.339", "duration": 5.339}, {"path": "sq/17/dur/5.338", "duration": 5.338}, {"path": "sq/18/dur/5.339", "duration": 5.339}, {"path": "sq/19/dur/5.339", "duration": 5.339}, {"path": "sq/20/dur/5.338", "duration": 5.338}, {"path": "sq/21/dur/5.339", "duration": 5.339}, {"path": "sq/22/dur/5.339", "duration": 5.339}, {"path": "sq/23/dur/5.338", "duration": 5.338}, {"path": "sq/24/dur/5.339", "duration": 5.339}, {"path": "sq/25/dur/5.339", "duration": 5.339}, {"path": "sq/26/dur/2.436", "duration": 2.436}], "protocol": "http_dash_segments", "format": "244 - 854x480 (DASH video)", "http_headers": {"User-Agent": "Mozilla/5.0 (Windows NT 10.0; Win64; x64) AppleWebKit/537.36 (KHTML, like Gecko) Chrome/70.0.3538.31 Safari/537.36", "Accept-Charset": "ISO-8859-1,utf-8;q=0.7,*;q=0.7", "Accept": "text/html,application/xhtml+xml,application/xml;q=0.9,*/*;q=0.8", "Accept-Encoding": "gzip, deflate", "Accept-Language": "en-us,en;q=0.5"}}, {"ext": "mp4", "height": 480, "format_note": "DASH video", "vcodec": "avc1.4d4014", "format_id": "135", "manifest_url": "https://manifest.googlevideo.com/api/manifest/dash/expire/1608485365/ei/lTXfX-ejKZbhgQOYu4H4Ag/ip/140.109.135.76/id/073a97fbd4c0f866/source/youtube/requiressl/yes/playback_host/r6---sn-5njj-u2xe.googlevideo.com/mh/zz/mm/31%2C29/mn/sn-5njj-u2xe%2Csn-un57en7s/ms/au%2Crdu/mv/m/mvi/6/pl/16/hfr/all/as/fmp4_audio_clear%2Cwebm_audio_clear%2Cwebm2_audio_clear%2Cfmp4_sd_hd_clear%2Cwebm2_sd_hd_clear/initcwndbps/395000/vprv/1/mt/1608463244/fvip/6/keepalive/yes/itag/0/sparams/expire%2Cei%2Cip%2Cid%2Csource%2Crequiressl%2Chfr%2Cas%2Cvprv%2Citag/sig/AOq0QJ8wRAIgXXbuaZZJI4PsqHLyyuFW6Pk3PAtl9QnTDbXp9L7fRJkCIFPDRQADU8rp4sFeWje1V8-WcjufxCaP6L7HJqe4L1Hg/lsparams/playback_host%2Cmh%2Cmm%2Cmn%2Cms%2Cmv%2Cmvi%2Cpl%2Cinitcwndbps/lsig/AG3C_xAwRgIhAKX8KpyA9aEQVl4NSNR4CWf1TbbLa_MK7JiSf9-mp3n4AiEA1nHfR-bPO1bn79QL9w7IadVM4j5PZnelTCWa539BHSg%3D", "width": 854, "tbr": 1155.0, "asr": null, "fps": 30, "language": null, "filesize": null, "container": "mp4_dash", "acodec": "none", "url": "https://manifest.googlevideo.com/api/manifest/dash/expire/1608485365/ei/lTXfX-ejKZbhgQOYu4H4Ag/ip/140.109.135.76/id/073a97fbd4c0f866/source/youtube/requiressl/yes/playback_host/r6---sn-5njj-u2xe.googlevideo.com/mh/zz/mm/31%2C29/mn/sn-5njj-u2xe%2Csn-un57en7s/ms/au%2Crdu/mv/m/mvi/6/pl/16/hfr/all/as/fmp4_audio_clear%2Cwebm_audio_clear%2Cwebm2_audio_clear%2Cfmp4_sd_hd_clear%2Cwebm2_sd_hd_clear/initcwndbps/395000/vprv/1/mt/1608463244/fvip/6/keepalive/yes/itag/0/sparams/expire%2Cei%2Cip%2Cid%2Csource%2Crequiressl%2Chfr%2Cas%2Cvprv%2Citag/sig/AOq0QJ8wRAIgXXbuaZZJI4PsqHLyyuFW6Pk3PAtl9QnTDbXp9L7fRJkCIFPDRQADU8rp4sFeWje1V8-WcjufxCaP6L7HJqe4L1Hg/lsparams/playback_host%2Cmh%2Cmm%2Cmn%2Cms%2Cmv%2Cmvi%2Cpl%2Cinitcwndbps/lsig/AG3C_xAwRgIhAKX8KpyA9aEQVl4NSNR4CWf1TbbLa_MK7JiSf9-mp3n4AiEA1nHfR-bPO1bn79QL9w7IadVM4j5PZnelTCWa539BHSg%3D", "fragment_base_url": "https://r6---sn-5njj-u2xe.googlevideo.com/videoplayback/expire/1608485365/ei/lTXfX-ejKZbhgQOYu4H4Ag/ip/140.109.135.76/id/073a97fbd4c0f866/itag/135/source/yt_otf/requiressl/yes/mh/zz/mm/31,29/mn/sn-5njj-u2xe,sn-un57en7s/ms/au,rdu/mv/m/mvi/6/pl/16/initcwndbps/395000/vprv/1/ratebypass/yes/mime/video%2Fmp4/otfp/1/otf/1/lmt/1604983176086037/mt/1608463244/fvip/6/keepalive/yes/sparams/expire,ei,ip,id,itag,source,requiressl,vprv,ratebypass,mime,otfp,otf,lmt/sig/AOq0QJ8wRQIgXixGiOhJzJW6KPWiq_dmiuajUiWZSylTKpZ1DyVKh1YCIQDr0SbJXwfs7ocp3j3GaKh7XrvoRRMP2AzaR3cZbH_OLA%3D%3D/lsparams/mh,mm,mn,ms,mv,mvi,pl,initcwndbps/lsig/AG3C_xAwRAIgD5Xn3WZWj9kUteJe_FAzf0YySGUbdZn-KS-JWZe6o0gCIE7qsJAVRvatNQ_kADUZ53h9iR412o_a3upRHkETBjTN/", "fragments": [{"path": "sq/0"}, {"path": "sq/1/dur/5.339", "duration": 5.339}, {"path": "sq/2/dur/5.338", "duration": 5.338}, {"path": "sq/3/dur/5.339", "duration": 5.339}, {"path": "sq/4/dur/5.339", "duration": 5.339}, {"path": "sq/5/dur/5.338", "duration": 5.338}, {"path": "sq/6/dur/5.339", "duration": 5.339}, {"path": "sq/7/dur/5.339", "duration": 5.339}, {"path": "sq/8/dur/5.338", "duration": 5.338}, {"path": "sq/9/dur/5.339", "duration": 5.339}, {"path": "sq/10/dur/5.339", "duration": 5.339}, {"path": "sq/11/dur/5.338", "duration": 5.338}, {"path": "sq/12/dur/5.339", "duration": 5.339}, {"path": "sq/13/dur/5.339", "duration": 5.339}, {"path": "sq/14/dur/5.338", "duration": 5.338}, {"path": "sq/15/dur/5.339", "duration": 5.339}, {"path": "sq/16/dur/5.339", "duration": 5.339}, {"path": "sq/17/dur/5.338", "duration": 5.338}, {"path": "sq/18/dur/5.339", "duration": 5.339}, {"path": "sq/19/dur/5.339", "duration": 5.339}, {"path": "sq/20/dur/5.338", "duration": 5.338}, {"path": "sq/21/dur/5.339", "duration": 5.339}, {"path": "sq/22/dur/5.339", "duration": 5.339}, {"path": "sq/23/dur/5.338", "duration": 5.338}, {"path": "sq/24/dur/5.339", "duration": 5.339}, {"path": "sq/25/dur/5.339", "duration": 5.339}, {"path": "sq/26/dur/2.436", "duration": 2.436}], "protocol": "http_dash_segments", "format": "135 - 854x480 (DASH video)", "http_headers": {"User-Agent": "Mozilla/5.0 (Windows NT 10.0; Win64; x64) AppleWebKit/537.36 (KHTML, like Gecko) Chrome/70.0.3538.31 Safari/537.36", "Accept-Charset": "ISO-8859-1,utf-8;q=0.7,*;q=0.7", "Accept": "text/html,application/xhtml+xml,application/xml;q=0.9,*/*;q=0.8", "Accept-Encoding": "gzip, deflate", "Accept-Language": "en-us,en;q=0.5"}}, {"ext": "webm", "height": 720, "format_note": "DASH video", "vcodec": "vp9", "format_id": "247", "manifest_url": "https://manifest.googlevideo.com/api/manifest/dash/expire/1608485365/ei/lTXfX-ejKZbhgQOYu4H4Ag/ip/140.109.135.76/id/073a97fbd4c0f866/source/youtube/requiressl/yes/playback_host/r6---sn-5njj-u2xe.googlevideo.com/mh/zz/mm/31%2C29/mn/sn-5njj-u2xe%2Csn-un57en7s/ms/au%2Crdu/mv/m/mvi/6/pl/16/hfr/all/as/fmp4_audio_clear%2Cwebm_audio_clear%2Cwebm2_audio_clear%2Cfmp4_sd_hd_clear%2Cwebm2_sd_hd_clear/initcwndbps/395000/vprv/1/mt/1608463244/fvip/6/keepalive/yes/itag/0/sparams/expire%2Cei%2Cip%2Cid%2Csource%2Crequiressl%2Chfr%2Cas%2Cvprv%2Citag/sig/AOq0QJ8wRAIgXXbuaZZJI4PsqHLyyuFW6Pk3PAtl9QnTDbXp9L7fRJkCIFPDRQADU8rp4sFeWje1V8-WcjufxCaP6L7HJqe4L1Hg/lsparams/playback_host%2Cmh%2Cmm%2Cmn%2Cms%2Cmv%2Cmvi%2Cpl%2Cinitcwndbps/lsig/AG3C_xAwRgIhAKX8KpyA9aEQVl4NSNR4CWf1TbbLa_MK7JiSf9-mp3n4AiEA1nHfR-bPO1bn79QL9w7IadVM4j5PZnelTCWa539BHSg%3D", "width": 1280, "tbr": 1505.28, "asr": null, "fps": 30, "language": null, "filesize": null, "container": "webm_dash", "acodec": "none", "url": "https://manifest.googlevideo.com/api/manifest/dash/expire/1608485365/ei/lTXfX-ejKZbhgQOYu4H4Ag/ip/140.109.135.76/id/073a97fbd4c0f866/source/youtube/requiressl/yes/playback_host/r6---sn-5njj-u2xe.googlevideo.com/mh/zz/mm/31%2C29/mn/sn-5njj-u2xe%2Csn-un57en7s/ms/au%2Crdu/mv/m/mvi/6/pl/16/hfr/all/as/fmp4_audio_clear%2Cwebm_audio_clear%2Cwebm2_audio_clear%2Cfmp4_sd_hd_clear%2Cwebm2_sd_hd_clear/initcwndbps/395000/vprv/1/mt/1608463244/fvip/6/keepalive/yes/itag/0/sparams/expire%2Cei%2Cip%2Cid%2Csource%2Crequiressl%2Chfr%2Cas%2Cvprv%2Citag/sig/AOq0QJ8wRAIgXXbuaZZJI4PsqHLyyuFW6Pk3PAtl9QnTDbXp9L7fRJkCIFPDRQADU8rp4sFeWje1V8-WcjufxCaP6L7HJqe4L1Hg/lsparams/playback_host%2Cmh%2Cmm%2Cmn%2Cms%2Cmv%2Cmvi%2Cpl%2Cinitcwndbps/lsig/AG3C_xAwRgIhAKX8KpyA9aEQVl4NSNR4CWf1TbbLa_MK7JiSf9-mp3n4AiEA1nHfR-bPO1bn79QL9w7IadVM4j5PZnelTCWa539BHSg%3D", "fragment_base_url": "https://r6---sn-5njj-u2xe.googlevideo.com/videoplayback/expire/1608485365/ei/lTXfX-ejKZbhgQOYu4H4Ag/ip/140.109.135.76/id/073a97fbd4c0f866/itag/247/source/yt_otf/requiressl/yes/mh/zz/mm/31,29/mn/sn-5njj-u2xe,sn-un57en7s/ms/au,rdu/mv/m/mvi/6/pl/16/initcwndbps/395000/vprv/1/ratebypass/yes/mime/video%2Fwebm/otfp/1/otf/1/lmt/1604983176086037/mt/1608463244/fvip/6/keepalive/yes/sparams/expire,ei,ip,id,itag,source,requiressl,vprv,ratebypass,mime,otfp,otf,lmt/sig/AOq0QJ8wRQIhANUkr9OF6fn4JJBrtS22PeyxyEdQbdklex_SvHmCqW0jAiBeIjAQ89BHYdig4EgcsfncNSYKwtRd0-VBtyLyQi_i7g%3D%3D/lsparams/mh,mm,mn,ms,mv,mvi,pl,initcwndbps/lsig/AG3C_xAwRQIgFoQjmJ7bbLR3EkvgmLgKi2q1vzidlFyIQUzUHQY-6jECIQDtFoY3MShWusqv8jfMnq_h8-c9Mv9MWN2W0Zpo46iABg%3D%3D/", "fragments": [{"path": "sq/0"}, {"path": "sq/1/dur/5.339", "duration": 5.339}, {"path": "sq/2/dur/5.338", "duration": 5.338}, {"path": "sq/3/dur/5.339", "duration": 5.339}, {"path": "sq/4/dur/5.339", "duration": 5.339}, {"path": "sq/5/dur/5.338", "duration": 5.338}, {"path": "sq/6/dur/5.339", "duration": 5.339}, {"path": "sq/7/dur/5.339", "duration": 5.339}, {"path": "sq/8/dur/5.338", "duration": 5.338}, {"path": "sq/9/dur/5.339", "duration": 5.339}, {"path": "sq/10/dur/5.339", "duration": 5.339}, {"path": "sq/11/dur/5.338", "duration": 5.338}, {"path": "sq/12/dur/5.339", "duration": 5.339}, {"path": "sq/13/dur/5.339", "duration": 5.339}, {"path": "sq/14/dur/5.338", "duration": 5.338}, {"path": "sq/15/dur/5.339", "duration": 5.339}, {"path": "sq/16/dur/5.339", "duration": 5.339}, {"path": "sq/17/dur/5.338", "duration": 5.338}, {"path": "sq/18/dur/5.339", "duration": 5.339}, {"path": "sq/19/dur/5.339", "duration": 5.339}, {"path": "sq/20/dur/5.338", "duration": 5.338}, {"path": "sq/21/dur/5.339", "duration": 5.339}, {"path": "sq/22/dur/5.339", "duration": 5.339}, {"path": "sq/23/dur/5.338", "duration": 5.338}, {"path": "sq/24/dur/5.339", "duration": 5.339}, {"path": "sq/25/dur/5.339", "duration": 5.339}, {"path": "sq/26/dur/2.436", "duration": 2.436}], "protocol": "http_dash_segments", "format": "247 - 1280x720 (DASH video)", "http_headers": {"User-Agent": "Mozilla/5.0 (Windows NT 10.0; Win64; x64) AppleWebKit/537.36 (KHTML, like Gecko) Chrome/70.0.3538.31 Safari/537.36", "Accept-Charset": "ISO-8859-1,utf-8;q=0.7,*;q=0.7", "Accept": "text/html,application/xhtml+xml,application/xml;q=0.9,*/*;q=0.8", "Accept-Encoding": "gzip, deflate", "Accept-Language": "en-us,en;q=0.5"}}, {"ext": "mp4", "height": 720, "format_note": "DASH video", "vcodec": "avc1.4d400c", "format_id": "136", "manifest_url": "https://manifest.googlevideo.com/api/manifest/dash/expire/1608485365/ei/lTXfX-ejKZbhgQOYu4H4Ag/ip/140.109.135.76/id/073a97fbd4c0f866/source/youtube/requiressl/yes/playback_host/r6---sn-5njj-u2xe.googlevideo.com/mh/zz/mm/31%2C29/mn/sn-5njj-u2xe%2Csn-un57en7s/ms/au%2Crdu/mv/m/mvi/6/pl/16/hfr/all/as/fmp4_audio_clear%2Cwebm_audio_clear%2Cwebm2_audio_clear%2Cfmp4_sd_hd_clear%2Cwebm2_sd_hd_clear/initcwndbps/395000/vprv/1/mt/1608463244/fvip/6/keepalive/yes/itag/0/sparams/expire%2Cei%2Cip%2Cid%2Csource%2Crequiressl%2Chfr%2Cas%2Cvprv%2Citag/sig/AOq0QJ8wRAIgXXbuaZZJI4PsqHLyyuFW6Pk3PAtl9QnTDbXp9L7fRJkCIFPDRQADU8rp4sFeWje1V8-WcjufxCaP6L7HJqe4L1Hg/lsparams/playback_host%2Cmh%2Cmm%2Cmn%2Cms%2Cmv%2Cmvi%2Cpl%2Cinitcwndbps/lsig/AG3C_xAwRgIhAKX8KpyA9aEQVl4NSNR4CWf1TbbLa_MK7JiSf9-mp3n4AiEA1nHfR-bPO1bn79QL9w7IadVM4j5PZnelTCWa539BHSg%3D", "width": 1280, "tbr": 2310.0, "asr": null, "fps": 30, "language": null, "filesize": null, "container": "mp4_dash", "acodec": "none", "url": "https://manifest.googlevideo.com/api/manifest/dash/expire/1608485365/ei/lTXfX-ejKZbhgQOYu4H4Ag/ip/140.109.135.76/id/073a97fbd4c0f866/source/youtube/requiressl/yes/playback_host/r6---sn-5njj-u2xe.googlevideo.com/mh/zz/mm/31%2C29/mn/sn-5njj-u2xe%2Csn-un57en7s/ms/au%2Crdu/mv/m/mvi/6/pl/16/hfr/all/as/fmp4_audio_clear%2Cwebm_audio_clear%2Cwebm2_audio_clear%2Cfmp4_sd_hd_clear%2Cwebm2_sd_hd_clear/initcwndbps/395000/vprv/1/mt/1608463244/fvip/6/keepalive/yes/itag/0/sparams/expire%2Cei%2Cip%2Cid%2Csource%2Crequiressl%2Chfr%2Cas%2Cvprv%2Citag/sig/AOq0QJ8wRAIgXXbuaZZJI4PsqHLyyuFW6Pk3PAtl9QnTDbXp9L7fRJkCIFPDRQADU8rp4sFeWje1V8-WcjufxCaP6L7HJqe4L1Hg/lsparams/playback_host%2Cmh%2Cmm%2Cmn%2Cms%2Cmv%2Cmvi%2Cpl%2Cinitcwndbps/lsig/AG3C_xAwRgIhAKX8KpyA9aEQVl4NSNR4CWf1TbbLa_MK7JiSf9-mp3n4AiEA1nHfR-bPO1bn79QL9w7IadVM4j5PZnelTCWa539BHSg%3D", "fragment_base_url": "https://r6---sn-5njj-u2xe.googlevideo.com/videoplayback/expire/1608485365/ei/lTXfX-ejKZbhgQOYu4H4Ag/ip/140.109.135.76/id/073a97fbd4c0f866/itag/136/source/yt_otf/requiressl/yes/mh/zz/mm/31,29/mn/sn-5njj-u2xe,sn-un57en7s/ms/au,rdu/mv/m/mvi/6/pl/16/initcwndbps/395000/vprv/1/ratebypass/yes/mime/video%2Fmp4/otfp/1/otf/1/lmt/1604983176086037/mt/1608463244/fvip/6/keepalive/yes/sparams/expire,ei,ip,id,itag,source,requiressl,vprv,ratebypass,mime,otfp,otf,lmt/sig/AOq0QJ8wRAIgaIfsW_qjKXNZxvlcaNYu74d8A3XMpYxn2MsJ58muC5ACIDird8IQFPNfSE5kRBwcWO7hWd3MhI_O130Wm4GfGcQY/lsparams/mh,mm,mn,ms,mv,mvi,pl,initcwndbps/lsig/AG3C_xAwRQIgWNXgvQdzGL9bE7Cx11-sdkInkH54CaHixgcJMKbsEL8CIQC3ywVwWlIGHKSGUDlukm5_YP3Jqg8HIwBKyEce253PRQ%3D%3D/", "fragments": [{"path": "sq/0"}, {"path": "sq/1/dur/5.339", "duration": 5.339}, {"path": "sq/2/dur/5.338", "duration": 5.338}, {"path": "sq/3/dur/5.339", "duration": 5.339}, {"path": "sq/4/dur/5.339", "duration": 5.339}, {"path": "sq/5/dur/5.338", "duration": 5.338}, {"path": "sq/6/dur/5.339", "duration": 5.339}, {"path": "sq/7/dur/5.339", "duration": 5.339}, {"path": "sq/8/dur/5.338", "duration": 5.338}, {"path": "sq/9/dur/5.339", "duration": 5.339}, {"path": "sq/10/dur/5.339", "duration": 5.339}, {"path": "sq/11/dur/5.338", "duration": 5.338}, {"path": "sq/12/dur/5.339", "duration": 5.339}, {"path": "sq/13/dur/5.339", "duration": 5.339}, {"path": "sq/14/dur/5.338", "duration": 5.338}, {"path": "sq/15/dur/5.339", "duration": 5.339}, {"path": "sq/16/dur/5.339", "duration": 5.339}, {"path": "sq/17/dur/5.338", "duration": 5.338}, {"path": "sq/18/dur/5.339", "duration": 5.339}, {"path": "sq/19/dur/5.339", "duration": 5.339}, {"path": "sq/20/dur/5.338", "duration": 5.338}, {"path": "sq/21/dur/5.339", "duration": 5.339}, {"path": "sq/22/dur/5.339", "duration": 5.339}, {"path": "sq/23/dur/5.338", "duration": 5.338}, {"path": "sq/24/dur/5.339", "duration": 5.339}, {"path": "sq/25/dur/5.339", "duration": 5.339}, {"path": "sq/26/dur/2.436", "duration": 2.436}], "protocol": "http_dash_segments", "format": "136 - 1280x720 (DASH video)", "http_headers": {"User-Agent": "Mozilla/5.0 (Windows NT 10.0; Win64; x64) AppleWebKit/537.36 (KHTML, like Gecko) Chrome/70.0.3538.31 Safari/537.36", "Accept-Charset": "ISO-8859-1,utf-8;q=0.7,*;q=0.7", "Accept": "text/html,application/xhtml+xml,application/xml;q=0.9,*/*;q=0.8", "Accept-Encoding": "gzip, deflate", "Accept-Language": "en-us,en;q=0.5"}}, {"ext": "webm", "height": 1080, "format_note": "DASH video", "vcodec": "vp9", "format_id": "248", "manifest_url": "https://manifest.googlevideo.com/api/manifest/dash/expire/1608485365/ei/lTXfX-ejKZbhgQOYu4H4Ag/ip/140.109.135.76/id/073a97fbd4c0f866/source/youtube/requiressl/yes/playback_host/r6---sn-5njj-u2xe.googlevideo.com/mh/zz/mm/31%2C29/mn/sn-5njj-u2xe%2Csn-un57en7s/ms/au%2Crdu/mv/m/mvi/6/pl/16/hfr/all/as/fmp4_audio_clear%2Cwebm_audio_clear%2Cwebm2_audio_clear%2Cfmp4_sd_hd_clear%2Cwebm2_sd_hd_clear/initcwndbps/395000/vprv/1/mt/1608463244/fvip/6/keepalive/yes/itag/0/sparams/expire%2Cei%2Cip%2Cid%2Csource%2Crequiressl%2Chfr%2Cas%2Cvprv%2Citag/sig/AOq0QJ8wRAIgXXbuaZZJI4PsqHLyyuFW6Pk3PAtl9QnTDbXp9L7fRJkCIFPDRQADU8rp4sFeWje1V8-WcjufxCaP6L7HJqe4L1Hg/lsparams/playback_host%2Cmh%2Cmm%2Cmn%2Cms%2Cmv%2Cmvi%2Cpl%2Cinitcwndbps/lsig/AG3C_xAwRgIhAKX8KpyA9aEQVl4NSNR4CWf1TbbLa_MK7JiSf9-mp3n4AiEA1nHfR-bPO1bn79QL9w7IadVM4j5PZnelTCWa539BHSg%3D", "width": 1920, "tbr": 2646.0, "asr": null, "fps": 30, "language": null, "filesize": null, "container": "webm_dash", "acodec": "none", "url": "https://manifest.googlevideo.com/api/manifest/dash/expire/1608485365/ei/lTXfX-ejKZbhgQOYu4H4Ag/ip/140.109.135.76/id/073a97fbd4c0f866/source/youtube/requiressl/yes/playback_host/r6---sn-5njj-u2xe.googlevideo.com/mh/zz/mm/31%2C29/mn/sn-5njj-u2xe%2Csn-un57en7s/ms/au%2Crdu/mv/m/mvi/6/pl/16/hfr/all/as/fmp4_audio_clear%2Cwebm_audio_clear%2Cwebm2_audio_clear%2Cfmp4_sd_hd_clear%2Cwebm2_sd_hd_clear/initcwndbps/395000/vprv/1/mt/1608463244/fvip/6/keepalive/yes/itag/0/sparams/expire%2Cei%2Cip%2Cid%2Csource%2Crequiressl%2Chfr%2Cas%2Cvprv%2Citag/sig/AOq0QJ8wRAIgXXbuaZZJI4PsqHLyyuFW6Pk3PAtl9QnTDbXp9L7fRJkCIFPDRQADU8rp4sFeWje1V8-WcjufxCaP6L7HJqe4L1Hg/lsparams/playback_host%2Cmh%2Cmm%2Cmn%2Cms%2Cmv%2Cmvi%2Cpl%2Cinitcwndbps/lsig/AG3C_xAwRgIhAKX8KpyA9aEQVl4NSNR4CWf1TbbLa_MK7JiSf9-mp3n4AiEA1nHfR-bPO1bn79QL9w7IadVM4j5PZnelTCWa539BHSg%3D", "fragment_base_url": "https://r6---sn-5njj-u2xe.googlevideo.com/videoplayback/expire/1608485365/ei/lTXfX-ejKZbhgQOYu4H4Ag/ip/140.109.135.76/id/073a97fbd4c0f866/itag/248/source/yt_otf/requiressl/yes/mh/zz/mm/31,29/mn/sn-5njj-u2xe,sn-un57en7s/ms/au,rdu/mv/m/mvi/6/pl/16/initcwndbps/395000/vprv/1/ratebypass/yes/mime/video%2Fwebm/otfp/1/otf/1/lmt/1604983176086037/mt/1608463244/fvip/6/keepalive/yes/sparams/expire,ei,ip,id,itag,source,requiressl,vprv,ratebypass,mime,otfp,otf,lmt/sig/AOq0QJ8wRQIgYnxRkqftlbkPChwaApXZb1n-IqnaQvz8EbM8r0Ni0VsCIQDc8c7v9NuzV8E36L5V_UUZp_0v-0lva6OH3_cg6N1rKw%3D%3D/lsparams/mh,mm,mn,ms,mv,mvi,pl,initcwndbps/lsig/AG3C_xAwRgIhAPbvxKctSQd5ZZ7qGrx8k0jRXAWqbAQd_RL2CgI63k7LAiEAuNQKQ4bLrPPpZq9dVY1JlzQlqZ5NvYxOqbHikLvMfL4%3D/", "fragments": [{"path": "sq/0"}, {"path": "sq/1/dur/5.339", "duration": 5.339}, {"path": "sq/2/dur/5.338", "duration": 5.338}, {"path": "sq/3/dur/5.339", "duration": 5.339}, {"path": "sq/4/dur/5.339", "duration": 5.339}, {"path": "sq/5/dur/5.338", "duration": 5.338}, {"path": "sq/6/dur/5.339", "duration": 5.339}, {"path": "sq/7/dur/5.339", "duration": 5.339}, {"path": "sq/8/dur/5.338", "duration": 5.338}, {"path": "sq/9/dur/5.339", "duration": 5.339}, {"path": "sq/10/dur/5.339", "duration": 5.339}, {"path": "sq/11/dur/5.338", "duration": 5.338}, {"path": "sq/12/dur/5.339", "duration": 5.339}, {"path": "sq/13/dur/5.339", "duration": 5.339}, {"path": "sq/14/dur/5.338", "duration": 5.338}, {"path": "sq/15/dur/5.339", "duration": 5.339}, {"path": "sq/16/dur/5.339", "duration": 5.339}, {"path": "sq/17/dur/5.338", "duration": 5.338}, {"path": "sq/18/dur/5.339", "duration": 5.339}, {"path": "sq/19/dur/5.339", "duration": 5.339}, {"path": "sq/20/dur/5.338", "duration": 5.338}, {"path": "sq/21/dur/5.339", "duration": 5.339}, {"path": "sq/22/dur/5.339", "duration": 5.339}, {"path": "sq/23/dur/5.338", "duration": 5.338}, {"path": "sq/24/dur/5.339", "duration": 5.339}, {"path": "sq/25/dur/5.339", "duration": 5.339}, {"path": "sq/26/dur/2.436", "duration": 2.436}], "protocol": "http_dash_segments", "format": "248 - 1920x1080 (DASH video)", "http_headers": {"User-Agent": "Mozilla/5.0 (Windows NT 10.0; Win64; x64) AppleWebKit/537.36 (KHTML, like Gecko) Chrome/70.0.3538.31 Safari/537.36", "Accept-Charset": "ISO-8859-1,utf-8;q=0.7,*;q=0.7", "Accept": "text/html,application/xhtml+xml,application/xml;q=0.9,*/*;q=0.8", "Accept-Encoding": "gzip, deflate", "Accept-Language": "en-us,en;q=0.5"}}, {"ext": "mp4", "height": 1080, "format_note": "DASH video", "vcodec": "avc1.640028", "format_id": "137", "manifest_url": "https://manifest.googlevideo.com/api/manifest/dash/expire/1608485365/ei/lTXfX-ejKZbhgQOYu4H4Ag/ip/140.109.135.76/id/073a97fbd4c0f866/source/youtube/requiressl/yes/playback_host/r6---sn-5njj-u2xe.googlevideo.com/mh/zz/mm/31%2C29/mn/sn-5njj-u2xe%2Csn-un57en7s/ms/au%2Crdu/mv/m/mvi/6/pl/16/hfr/all/as/fmp4_audio_clear%2Cwebm_audio_clear%2Cwebm2_audio_clear%2Cfmp4_sd_hd_clear%2Cwebm2_sd_hd_clear/initcwndbps/395000/vprv/1/mt/1608463244/fvip/6/keepalive/yes/itag/0/sparams/expire%2Cei%2Cip%2Cid%2Csource%2Crequiressl%2Chfr%2Cas%2Cvprv%2Citag/sig/AOq0QJ8wRAIgXXbuaZZJI4PsqHLyyuFW6Pk3PAtl9QnTDbXp9L7fRJkCIFPDRQADU8rp4sFeWje1V8-WcjufxCaP6L7HJqe4L1Hg/lsparams/playback_host%2Cmh%2Cmm%2Cmn%2Cms%2Cmv%2Cmvi%2Cpl%2Cinitcwndbps/lsig/AG3C_xAwRgIhAKX8KpyA9aEQVl4NSNR4CWf1TbbLa_MK7JiSf9-mp3n4AiEA1nHfR-bPO1bn79QL9w7IadVM4j5PZnelTCWa539BHSg%3D", "width": 1920, "tbr": 2834.557, "asr": null, "fps": 30, "language": null, "filesize": null, "container": "mp4_dash", "acodec": "none", "url": "https://manifest.googlevideo.com/api/manifest/dash/expire/1608485365/ei/lTXfX-ejKZbhgQOYu4H4Ag/ip/140.109.135.76/id/073a97fbd4c0f866/source/youtube/requiressl/yes/playback_host/r6---sn-5njj-u2xe.googlevideo.com/mh/zz/mm/31%2C29/mn/sn-5njj-u2xe%2Csn-un57en7s/ms/au%2Crdu/mv/m/mvi/6/pl/16/hfr/all/as/fmp4_audio_clear%2Cwebm_audio_clear%2Cwebm2_audio_clear%2Cfmp4_sd_hd_clear%2Cwebm2_sd_hd_clear/initcwndbps/395000/vprv/1/mt/1608463244/fvip/6/keepalive/yes/itag/0/sparams/expire%2Cei%2Cip%2Cid%2Csource%2Crequiressl%2Chfr%2Cas%2Cvprv%2Citag/sig/AOq0QJ8wRAIgXXbuaZZJI4PsqHLyyuFW6Pk3PAtl9QnTDbXp9L7fRJkCIFPDRQADU8rp4sFeWje1V8-WcjufxCaP6L7HJqe4L1Hg/lsparams/playback_host%2Cmh%2Cmm%2Cmn%2Cms%2Cmv%2Cmvi%2Cpl%2Cinitcwndbps/lsig/AG3C_xAwRgIhAKX8KpyA9aEQVl4NSNR4CWf1TbbLa_MK7JiSf9-mp3n4AiEA1nHfR-bPO1bn79QL9w7IadVM4j5PZnelTCWa539BHSg%3D", "fragment_base_url": "https://r6---sn-5njj-u2xe.googlevideo.com/videoplayback/expire/1608485365/ei/lTXfX-ejKZbhgQOYu4H4Ag/ip/140.109.135.76/id/073a97fbd4c0f866/itag/137/source/youtube/requiressl/yes/mh/zz/mm/31,29/mn/sn-5njj-u2xe,sn-un57en7s/ms/au,rdu/mv/m/mvi/6/pl/16/initcwndbps/395000/vprv/1/ratebypass/yes/mime/video%2Fmp4/otfp/1/gir/yes/clen/36645381/lmt/1604983176086037/dur/135.902/mt/1608463244/fvip/6/keepalive/yes/sparams/expire,ei,ip,id,itag,source,requiressl,vprv,ratebypass,mime,otfp,gir,clen,lmt,dur/sig/AOq0QJ8wRQIgPV6J2BB5HVpovZzxQvQ8dW72aR3BQacHF5jgfR2buOMCIQC6vAKLS5OskS_dSdh09wbssHAQcLJ4LKR7u5JVFLu2QQ%3D%3D/lsparams/mh,mm,mn,ms,mv,mvi,pl,initcwndbps/lsig/AG3C_xAwRAIgRvX55-aGhbNbJdQVpwUwM3agUeBkcR5osS3EP87NP00CICak77cMopoaJNhfW3oA6_taEmZJ0FJ5-ZJj1OntMFam/", "fragments": [{"path": "range/0-740"}, {"path": "range/1085-729608", "duration": 5.339}, {"path": "range/729609-2573614", "duration": 5.338}, {"path": "range/2573615-3812824", "duration": 5.339}, {"path": "range/3812825-5095324", "duration": 5.339}, {"path": "range/5095325-6577214", "duration": 5.338}, {"path": "range/6577215-7933680", "duration": 5.339}, {"path": "range/7933681-9369647", "duration": 5.339}, {"path": "range/9369648-10936709", "duration": 5.338}, {"path": "range/10936710-12536595", "duration": 5.339}, {"path": "range/12536596-14268115", "duration": 5.339}, {"path": "range/14268116-15854099", "duration": 5.338}, {"path": "range/15854100-17745812", "duration": 5.339}, {"path": "range/17745813-19364556", "duration": 5.339}, {"path": "range/19364557-20830402", "duration": 5.338}, {"path": "range/20830403-22435208", "duration": 5.339}, {"path": "range/22435209-23934162", "duration": 5.339}, {"path": "range/23934163-25527559", "duration": 5.338}, {"path": "range/25527560-27074367", "duration": 5.339}, {"path": "range/27074368-28664663", "duration": 5.339}, {"path": "range/28664664-29914667", "duration": 5.338}, {"path": "range/29914668-31092906", "duration": 5.339}, {"path": "range/31092907-32334484", "duration": 5.339}, {"path": "range/32334485-33693560", "duration": 5.338}, {"path": "range/33693561-34940999", "duration": 5.339}, {"path": "range/34941000-36264743", "duration": 5.339}, {"path": "range/36264744-36645380", "duration": 2.436}], "protocol": "http_dash_segments", "format": "137 - 1920x1080 (DASH video)", "http_headers": {"User-Agent": "Mozilla/5.0 (Windows NT 10.0; Win64; x64) AppleWebKit/537.36 (KHTML, like Gecko) Chrome/70.0.3538.31 Safari/537.36", "Accept-Charset": "ISO-8859-1,utf-8;q=0.7,*;q=0.7", "Accept": "text/html,application/xhtml+xml,application/xml;q=0.9,*/*;q=0.8", "Accept-Encoding": "gzip, deflate", "Accept-Language": "en-us,en;q=0.5"}}, {"format_id": "18", "url": "https://r6---sn-5njj-u2xe.googlevideo.com/videoplayback?expire=1608485365&ei=lTXfX-ejKZbhgQOYu4H4Ag&ip=140.109.135.76&id=o-ADwJ6jg3_Jsb2UzO4y2GUyY8Mr2DezP0dPdebneByvF0&itag=18&source=youtube&requiressl=yes&mh=zz&mm=31%2C29&mn=sn-5njj-u2xe%2Csn-un57en7s&ms=au%2Crdu&mv=m&mvi=6&pl=16&pcm2=no&initcwndbps=395000&vprv=1&mime=video%2Fmp4&ns=5gy_cO0hprIA8ZSAYir2rUIF&gir=yes&clen=5770744&ratebypass=yes&dur=135.952&lmt=1604983169973121&mt=1608463244&fvip=6&c=WEB&txp=6210222&n=3QAAiaS3AjjTf0Xa4&sparams=expire%2Cei%2Cip%2Cid%2Citag%2Csource%2Crequiressl%2Cpcm2%2Cvprv%2Cmime%2Cns%2Cgir%2Cclen%2Cratebypass%2Cdur%2Clmt&sig=AOq0QJ8wRgIhAPe5C0V_HTG5IMIkDvgcOSL4kuupyclmywrvR6GUAp_lAiEA_CADRcWI1UdznCBqm_w8L4EqBHp9C5MZXvxHyX7jQs0%3D&lsparams=mh%2Cmm%2Cmn%2Cms%2Cmv%2Cmvi%2Cpl%2Cinitcwndbps&lsig=AG3C_xAwRQIhAK0vRFQcT8BpXHCjVMoOKUybf1PVFGQXXcGEw3cHKIS7AiAhJW9pCoq6hyN6dBfgjXOlkWp7i4swMmjnzubeP7JV5g%3D%3D", "player_url": null, "ext": "mp4", "width": 640, "height": 360, "acodec": "mp4a.40.2", "abr": 96, "vcodec": "avc1.42001E", "asr": 44100, "filesize": 5770744, "format_note": "360p", "fps": 30, "tbr": 339.7, "format": "18 - 640x360 (360p)", "protocol": "https", "http_headers": {"User-Agent": "Mozilla/5.0 (Windows NT 10.0; Win64; x64) AppleWebKit/537.36 (KHTML, like Gecko) Chrome/70.0.3538.31 Safari/537.36", "Accept-Charset": "ISO-8859-1,utf-8;q=0.7,*;q=0.7", "Accept": "text/html,application/xhtml+xml,application/xml;q=0.9,*/*;q=0.8", "Accept-Encoding": "gzip, deflate", "Accept-Language": "en-us,en;q=0.5"}}], "is_live": null, "start_time": null, "end_time": null, "series": null, "season_number": null, "episode_number": null, "track": null, "artist": null, "album": null, "release_date": null, "release_year": null, "extractor": "youtube", "webpage_url_basename": "watch", "extractor_key": "Youtube", "playlist": null, "playlist_index": null, "thumbnail": "https://i.ytimg.com/vi/BzqX-9TA-GY/maxresdefault.jpg", "display_id": "BzqX-9TA-GY", "requested_subtitles": null, "ext": "webm", "format_note": "DASH audio", "acodec": "opus", "abr": 160, "format_id": "251", "manifest_url": "https://manifest.googlevideo.com/api/manifest/dash/expire/1608485365/ei/lTXfX-ejKZbhgQOYu4H4Ag/ip/140.109.135.76/id/073a97fbd4c0f866/source/youtube/requiressl/yes/playback_host/r6---sn-5njj-u2xe.googlevideo.com/mh/zz/mm/31%2C29/mn/sn-5njj-u2xe%2Csn-un57en7s/ms/au%2Crdu/mv/m/mvi/6/pl/16/hfr/all/as/fmp4_audio_clear%2Cwebm_audio_clear%2Cwebm2_audio_clear%2Cfmp4_sd_hd_clear%2Cwebm2_sd_hd_clear/initcwndbps/395000/vprv/1/mt/1608463244/fvip/6/keepalive/yes/itag/0/sparams/expire%2Cei%2Cip%2Cid%2Csource%2Crequiressl%2Chfr%2Cas%2Cvprv%2Citag/sig/AOq0QJ8wRAIgXXbuaZZJI4PsqHLyyuFW6Pk3PAtl9QnTDbXp9L7fRJkCIFPDRQADU8rp4sFeWje1V8-WcjufxCaP6L7HJqe4L1Hg/lsparams/playback_host%2Cmh%2Cmm%2Cmn%2Cms%2Cmv%2Cmvi%2Cpl%2Cinitcwndbps/lsig/AG3C_xAwRgIhAKX8KpyA9aEQVl4NSNR4CWf1TbbLa_MK7JiSf9-mp3n4AiEA1nHfR-bPO1bn79QL9w7IadVM4j5PZnelTCWa539BHSg%3D", "width": null, "height": null, "tbr": 160.042, "asr": 48000, "fps": null, "language": null, "filesize": null, "container": "webm_dash", "vcodec": "none", "url": "https://manifest.googlevideo.com/api/manifest/dash/expire/1608485365/ei/lTXfX-ejKZbhgQOYu4H4Ag/ip/140.109.135.76/id/073a97fbd4c0f866/source/youtube/requiressl/yes/playback_host/r6---sn-5njj-u2xe.googlevideo.com/mh/zz/mm/31%2C29/mn/sn-5njj-u2xe%2Csn-un57en7s/ms/au%2Crdu/mv/m/mvi/6/pl/16/hfr/all/as/fmp4_audio_clear%2Cwebm_audio_clear%2Cwebm2_audio_clear%2Cfmp4_sd_hd_clear%2Cwebm2_sd_hd_clear/initcwndbps/395000/vprv/1/mt/1608463244/fvip/6/keepalive/yes/itag/0/sparams/expire%2Cei%2Cip%2Cid%2Csource%2Crequiressl%2Chfr%2Cas%2Cvprv%2Citag/sig/AOq0QJ8wRAIgXXbuaZZJI4PsqHLyyuFW6Pk3PAtl9QnTDbXp9L7fRJkCIFPDRQADU8rp4sFeWje1V8-WcjufxCaP6L7HJqe4L1Hg/lsparams/playback_host%2Cmh%2Cmm%2Cmn%2Cms%2Cmv%2Cmvi%2Cpl%2Cinitcwndbps/lsig/AG3C_xAwRgIhAKX8KpyA9aEQVl4NSNR4CWf1TbbLa_MK7JiSf9-mp3n4AiEA1nHfR-bPO1bn79QL9w7IadVM4j5PZnelTCWa539BHSg%3D", "fragment_base_url": "https://r6---sn-5njj-u2xe.googlevideo.com/videoplayback/expire/1608485365/ei/lTXfX-ejKZbhgQOYu4H4Ag/ip/140.109.135.76/id/073a97fbd4c0f866/itag/251/source/youtube/requiressl/yes/mh/zz/mm/31,29/mn/sn-5njj-u2xe,sn-un57en7s/ms/au,rdu/mv/m/mvi/6/pl/16/initcwndbps/395000/vprv/1/ratebypass/yes/mime/audio%2Fwebm/otfp/1/gir/yes/clen/2332742/lmt/1604983170676067/dur/135.921/mt/1608463244/fvip/6/keepalive/yes/sparams/expire,ei,ip,id,itag,source,requiressl,vprv,ratebypass,mime,otfp,gir,clen,lmt,dur/sig/AOq0QJ8wRQIhAPryUeL4ghy3sX1qxW08BVCcXbPa3EWMcmWpK0EOw8H7AiBNmXYcWFZ66eeyUhb0mRBZrgmqsTn5Q81DwRBvj_SuKA%3D%3D/lsparams/mh,mm,mn,ms,mv,mvi,pl,initcwndbps/lsig/AG3C_xAwRgIhAPFNjNs_K3YxcT7a_4kKSMmdHTzUiHBMQeP5nu3z-eZ9AiEAwna1a51oIPwpaW4e620PlSndveXHCBULcjNwF9crlXg%3D/", "fragments": [{"path": "range/0-265"}, {"path": "range/500-5008", "duration": 10.001}, {"path": "range/5009-158675", "duration": 10.0}, {"path": "range/158676-357070", "duration": 10.0}, {"path": "range/357071-556244", "duration": 10.0}, {"path": "range/556245-746899", "duration": 10.0}, {"path": "range/746900-935975", "duration": 10.0}, {"path": "range/935976-1127813", "duration": 10.0}, {"path": "range/1127814-1327866", "duration": 10.0}, {"path": "range/1327867-1517209", "duration": 10.0}, {"path": "range/1517210-1701379", "duration": 10.0}, {"path": "range/1701380-1900859", "duration": 10.0}, {"path": "range/1900860-2098588", "duration": 10.0}, {"path": "range/2098589-2289645", "duration": 10.0}, {"path": "range/2289646-2332741", "duration": 5.92}], "protocol": "http_dash_segments", "format": "251 - audio only (DASH audio)", "http_headers": {"User-Agent": "Mozilla/5.0 (Windows NT 10.0; Win64; x64) AppleWebKit/537.36 (KHTML, like Gecko) Chrome/70.0.3538.31 Safari/537.36", "Accept-Charset": "ISO-8859-1,utf-8;q=0.7,*;q=0.7", "Accept": "text/html,application/xhtml+xml,application/xml;q=0.9,*/*;q=0.8", "Accept-Encoding": "gzip, deflate", "Accept-Language": "en-us,en;q=0.5"}}