{"id": "epX33OVpkmA", "uploader": "NDG", "uploader_id": "UCa07vtUgpT9msDl4ehNJ8DA", "uploader_url": "http://www.youtube.com/channel/UCa07vtUgpT9msDl4ehNJ8DA", "channel_id": "UCa07vtUgpT9msDl4ehNJ8DA", "channel_url": "http://www.youtube.com/channel/UCa07vtUgpT9msDl4ehNJ8DA", "upload_date": "20190530", "license": null, "creator": null, "title": "Game of Thrones - Let's Kill Some Crows (Advanced Piano Solo with Sheet Music)", "alt_title": null, "thumbnails": [{"url": "https://i.ytimg.com/vi/epX33OVpkmA/hqdefault.jpg?sqp=-oaymwEbCKgBEF5IVfKriqkDDggBFQAAiEIYAXABwAEG&rs=AOn4CLDC4uSEajgtBFaft5xtjprVNDaHug", "width": 168, "height": 94, "resolution": "168x94", "id": "0"}, {"url": "https://i.ytimg.com/vi/epX33OVpkmA/hqdefault.jpg?sqp=-oaymwEbCMQBEG5IVfKriqkDDggBFQAAiEIYAXABwAEG&rs=AOn4CLAPpvefybD5ZKkqBwdx3NpLdCLguA", "width": 196, "height": 110, "resolution": "196x110", "id": "1"}, {"url": "https://i.ytimg.com/vi/epX33OVpkmA/hqdefault.jpg?sqp=-oaymwEcCPYBEIoBSFXyq4qpAw4IARUAAIhCGAFwAcABBg==&rs=AOn4CLDIpVoYuSWmy_e_dDTZSFY1nyc7rA", "width": 246, "height": 138, "resolution": "246x138", "id": "2"}, {"url": "https://i.ytimg.com/vi/epX33OVpkmA/hqdefault.jpg?sqp=-oaymwEcCNACELwBSFXyq4qpAw4IARUAAIhCGAFwAcABBg==&rs=AOn4CLDT-s957N7xWFb3kQSXZA55zlkGXA", "width": 336, "height": 188, "resolution": "336x188", "id": "3"}, {"url": "https://i.ytimg.com/vi_webp/epX33OVpkmA/maxresdefault.webp", "width": 1920, "height": 1080, "resolution": "1920x1080", "id": "4"}], "description": "\u25ba Patreon\nhttps://www.patreon.com/ndg\n\n\u25ba Instagram\nhttps://www.instagram.com/ndg_music/\n\n\u25ba Sheet Music (pdf):\nhttps://drive.google.com/file/d/1vYu-hzU2GYUKNM_Mhi_XHtV3P5HZ4gDV/view?usp=sharing\n\n\u25ba MP3:\nhttps://drive.google.com/file/d/19lsTHCiQ9b76deCINz_eOKKaBm2zOrwZ/view?usp=sharing\n\n\u25ba MIDI file:\nhttps://drive.google.com/file/d/1fjvD1m0qXM6wGjsC06wTE9sGCZWIvrJB/view?usp=sharing\n\n\nHi everyone :)\nTime for a trip to the wall with the Thenns track entitled \"Let's Kill Some Crows\". It is not the main Thenns tracks (the one aptly named \"Thenns\"), but the even more badass one happening during the Wildlings assault on Castle Black (S04E09 The Watchers on the Wall).\nThis brutal piece was a real challenge to arrange since the original is full of drums and percussions (so mostly unpitched instruments!).\nAnd the rhythms, OOOH the rythms! Check out my analysis in my other comment for an explanation about the rhythmic structure used in the piece.\nTell me what you think, it is very different from the other more melodic pieces but I had a BLAST doing this piece. Well, two blasts actually ;)\n\nArrangement & piano by: Nicolas Del Gallo\nMixed & mastered by: Jeremy Sabbatucci", "categories": ["Music"], "tags": ["got", "game of thrones", "piano", "solo", "cover", "easy", "intermediate", "hard", "advanced", "complete", "full", "ramin", "djawadi", "season 8", "winterfell", "theme", "nicolas", "del gallo", "ndg", "sheet", "music", "free", "arrangement", "arya", "stark", "jaqen", "h'ghar", "waif", "faceless", "no one", "night", "king", "light of the seven", "thenns", "ygritte", "tormund", "wildling", "you make my heart sing"], "subtitles": {}, "automatic_captions": {}, "duration": 223, "age_limit": 0, "annotations": null, "chapters": null, "webpage_url": "https://www.youtube.com/watch?v=epX33OVpkmA", "view_count": 5664, "like_count": 210, "dislike_count": null, "average_rating": 5.0, "formats": [{"format_id": "249", "url": "https://r3---sn-5njj-u2xe.googlevideo.com/videoplayback?expire=1613489884&ei=fJIrYNK1KJSKlQTO95HwDw&ip=140.109.135.76&id=o-AK0EUmfTGGDMkVaxyKLTjttcOtqnmHKdIAOKA4pYs56x&itag=249&source=youtube&requiressl=yes&mh=fj&mm=31%2C29&mn=sn-5njj-u2xe%2Csn-un57sn76&ms=au%2Crdu&mv=m&mvi=3&pl=16&initcwndbps=690000&vprv=1&mime=audio%2Fwebm&ns=eGXVRf7xySqvSOei7n-dJhQF&gir=yes&clen=1383024&dur=222.741&lmt=1559227037571046&mt=1613468214&fvip=3&keepalive=yes&c=WEB&txp=5431432&n=v38COPZssr7e3Z4QZD&sparams=expire%2Cei%2Cip%2Cid%2Citag%2Csource%2Crequiressl%2Cvprv%2Cmime%2Cns%2Cgir%2Cclen%2Cdur%2Clmt&lsparams=mh%2Cmm%2Cmn%2Cms%2Cmv%2Cmvi%2Cpl%2Cinitcwndbps&lsig=AG3C_xAwRQIhALPMG_L_mErmc0tx34oE-ZPrvEQNh4Xk9qKslvjgHFapAiA3CKmkqMiNZrTUGMurEf-DDFOzGA33Z84e27ldI_MeTg%3D%3D&sig=AOq0QJ8wRQIgfdMVXBjYLwtJfgQDZ06CqxYllnEmGcs7m3YUyTG6KgACIQDxB8KhWYS6o3lZdFiV9_7OIisDxXK_KJzIMFr_-rcUgg==&ratebypass=yes", "player_url": "/s/player/490079fb/player_ias.vflset/en_US/base.js", "ext": "webm", "format_note": "tiny", "acodec": "opus", "abr": 50, "asr": 48000, "filesize": 1383024, "fps": null, "height": null, "tbr": 54.344, "width": null, "vcodec": "none", "downloader_options": {"http_chunk_size": 10485760}, "format": "249 - audio only (tiny)", "protocol": "https", "http_headers": {"User-Agent": "Mozilla/5.0 (Windows NT 10.0; Win64; x64) AppleWebKit/537.36 (KHTML, like Gecko) Chrome/72.0.3609.1 Safari/537.36", "Accept-Charset": "ISO-8859-1,utf-8;q=0.7,*;q=0.7", "Accept": "text/html,application/xhtml+xml,application/xml;q=0.9,*/*;q=0.8", "Accept-Encoding": "gzip, deflate", "Accept-Language": "en-us,en;q=0.5"}}, {"format_id": "250", "url": "https://r3---sn-5njj-u2xe.googlevideo.com/videoplayback?expire=1613489884&ei=fJIrYNK1KJSKlQTO95HwDw&ip=140.109.135.76&id=o-AK0EUmfTGGDMkVaxyKLTjttcOtqnmHKdIAOKA4pYs56x&itag=250&source=youtube&requiressl=yes&mh=fj&mm=31%2C29&mn=sn-5njj-u2xe%2Csn-un57sn76&ms=au%2Crdu&mv=m&mvi=3&pl=16&initcwndbps=690000&vprv=1&mime=audio%2Fwebm&ns=eGXVRf7xySqvSOei7n-dJhQF&gir=yes&clen=1855726&dur=222.741&lmt=1559227039299874&mt=1613468214&fvip=3&keepalive=yes&c=WEB&txp=5431432&n=v38COPZssr7e3Z4QZD&sparams=expire%2Cei%2Cip%2Cid%2Citag%2Csource%2Crequiressl%2Cvprv%2Cmime%2Cns%2Cgir%2Cclen%2Cdur%2Clmt&lsparams=mh%2Cmm%2Cmn%2Cms%2Cmv%2Cmvi%2Cpl%2Cinitcwndbps&lsig=AG3C_xAwRgIhAOt7-D0vY35NvNnquTk3_LD1O5vPGtgJythnL6bkQnDTAiEArH7L9IoIryWuKqIHfFhMIFxDwi5RaC48TdaB_MnByQc%3D&sig=AOq0QJ8wRgIhAKJII6ehMrlX8cfq0ldTP4T3XF4lFWYSQadmcTCxma2lAiEAzyyb0CNsqI6Ihpke1mnjTDm0FXGaNBIgX7qlEU-w7GM=&ratebypass=yes", "player_url": "/s/player/490079fb/player_ias.vflset/en_US/base.js", "ext": "webm", "format_note": "tiny", "acodec": "opus", "abr": 70, "asr": 48000, "filesize": 1855726, "fps": null, "height": null, "tbr": 72.969, "width": null, "vcodec": "none", "downloader_options": {"http_chunk_size": 10485760}, "format": "250 - audio only (tiny)", "protocol": "https", "http_headers": {"User-Agent": "Mozilla/5.0 (Windows NT 10.0; Win64; x64) AppleWebKit/537.36 (KHTML, like Gecko) Chrome/72.0.3609.1 Safari/537.36", "Accept-Charset": "ISO-8859-1,utf-8;q=0.7,*;q=0.7", "Accept": "text/html,application/xhtml+xml,application/xml;q=0.9,*/*;q=0.8", "Accept-Encoding": "gzip, deflate", "Accept-Language": "en-us,en;q=0.5"}}, {"format_id": "140", "url": "https://r3---sn-5njj-u2xe.googlevideo.com/videoplayback?expire=1613489884&ei=fJIrYNK1KJSKlQTO95HwDw&ip=140.109.135.76&id=o-AK0EUmfTGGDMkVaxyKLTjttcOtqnmHKdIAOKA4pYs56x&itag=140&source=youtube&requiressl=yes&mh=fj&mm=31%2C29&mn=sn-5njj-u2xe%2Csn-un57sn76&ms=au%2Crdu&mv=m&mvi=3&pl=16&initcwndbps=690000&vprv=1&mime=audio%2Fmp4&ns=eGXVRf7xySqvSOei7n-dJhQF&gir=yes&clen=3606087&dur=222.772&lmt=1559227039101184&mt=1613468214&fvip=3&keepalive=yes&c=WEB&txp=5431432&n=v38COPZssr7e3Z4QZD&sparams=expire%2Cei%2Cip%2Cid%2Citag%2Csource%2Crequiressl%2Cvprv%2Cmime%2Cns%2Cgir%2Cclen%2Cdur%2Clmt&lsparams=mh%2Cmm%2Cmn%2Cms%2Cmv%2Cmvi%2Cpl%2Cinitcwndbps&lsig=AG3C_xAwRgIhAPnk9dKbUTqQTU8OyHbVIxUGQY9csuWUUC_FKRDj_1pxAiEApgf97_TyhdRhCKZ2d5AgOuv0Vw5sFHKJQHqCqALh_1A%3D&sig=AOq0QJ8wRQIhAMKnjVIQiqdMgdgj9n6PPsAGHaU4VyfgtlIfzODC94BEAiBod3jP6iHggEVh7qIUslII-cZuGfkHBEJyiRZ4e2c2MQ==&ratebypass=yes", "player_url": "/s/player/490079fb/player_ias.vflset/en_US/base.js", "ext": "m4a", "format_note": "tiny", "acodec": "mp4a.40.2", "abr": 128, "container": "m4a_dash", "asr": 44100, "filesize": 3606087, "fps": null, "height": null, "tbr": 130.433, "width": null, "vcodec": "none", "downloader_options": {"http_chunk_size": 10485760}, "format": "140 - audio only (tiny)", "protocol": "https", "http_headers": {"User-Agent": "Mozilla/5.0 (Windows NT 10.0; Win64; x64) AppleWebKit/537.36 (KHTML, like Gecko) Chrome/72.0.3609.1 Safari/537.36", "Accept-Charset": "ISO-8859-1,utf-8;q=0.7,*;q=0.7", "Accept": "text/html,application/xhtml+xml,application/xml;q=0.9,*/*;q=0.8", "Accept-Encoding": "gzip, deflate", "Accept-Language": "en-us,en;q=0.5"}}, {"format_id": "251", "url": "https://r3---sn-5njj-u2xe.googlevideo.com/videoplayback?expire=1613489884&ei=fJIrYNK1KJSKlQTO95HwDw&ip=140.109.135.76&id=o-AK0EUmfTGGDMkVaxyKLTjttcOtqnmHKdIAOKA4pYs56x&itag=251&source=youtube&requiressl=yes&mh=fj&mm=31%2C29&mn=sn-5njj-u2xe%2Csn-un57sn76&ms=au%2Crdu&mv=m&mvi=3&pl=16&initcwndbps=690000&vprv=1&mime=audio%2Fwebm&ns=eGXVRf7xySqvSOei7n-dJhQF&gir=yes&clen=3627814&dur=222.741&lmt=1559227039606922&mt=1613468214&fvip=3&keepalive=yes&c=WEB&txp=5431432&n=v38COPZssr7e3Z4QZD&sparams=expire%2Cei%2Cip%2Cid%2Citag%2Csource%2Crequiressl%2Cvprv%2Cmime%2Cns%2Cgir%2Cclen%2Cdur%2Clmt&lsparams=mh%2Cmm%2Cmn%2Cms%2Cmv%2Cmvi%2Cpl%2Cinitcwndbps&lsig=AG3C_xAwRQIhAMgOmtx6PGeG8jS98E9ekrMx_bi42Yxr2mtp9IImZvqNAiA3nbBWTtCr1rwC183mzVnZuFFb0tK3IZgMheGUkfAMag%3D%3D&sig=AOq0QJ8wRQIhAMgXY6UNSEN9WuwKVCYqHjhmmwHSMuePTQ_BN_gWN6AqAiBgaMiswk-5sE7fqXLW_jin55PM-p9Vphi9gjUkYeJWMA==&ratebypass=yes", "player_url": "/s/player/490079fb/player_ias.vflset/en_US/base.js", "ext": "webm", "format_note": "tiny", "acodec": "opus", "abr": 160, "asr": 48000, "filesize": 3627814, "fps": null, "height": null, "tbr": 142.689, "width": null, "vcodec": "none", "downloader_options": {"http_chunk_size": 10485760}, "format": "251 - audio only (tiny)", "protocol": "https", "http_headers": {"User-Agent": "Mozilla/5.0 (Windows NT 10.0; Win64; x64) AppleWebKit/537.36 (KHTML, like Gecko) Chrome/72.0.3609.1 Safari/537.36", "Accept-Charset": "ISO-8859-1,utf-8;q=0.7,*;q=0.7", "Accept": "text/html,application/xhtml+xml,application/xml;q=0.9,*/*;q=0.8", "Accept-Encoding": "gzip, deflate", "Accept-Language": "en-us,en;q=0.5"}}, {"format_id": "160", "url": "https://r3---sn-5njj-u2xe.googlevideo.com/videoplayback?expire=1613489884&ei=fJIrYNK1KJSKlQTO95HwDw&ip=140.109.135.76&id=o-AK0EUmfTGGDMkVaxyKLTjttcOtqnmHKdIAOKA4pYs56x&itag=160&aitags=133%2C134%2C135%2C136%2C160%2C242%2C243%2C244%2C247%2C278%2C298%2C299%2C302%2C303&source=youtube&requiressl=yes&mh=fj&mm=31%2C29&mn=sn-5njj-u2xe%2Csn-un57sn76&ms=au%2Crdu&mv=m&mvi=3&pl=16&initcwndbps=690000&vprv=1&mime=video%2Fmp4&ns=eGXVRf7xySqvSOei7n-dJhQF&gir=yes&clen=1169407&dur=222.720&lmt=1559227160585312&mt=1613468214&fvip=3&keepalive=yes&c=WEB&txp=5432432&n=v38COPZssr7e3Z4QZD&sparams=expire%2Cei%2Cip%2Cid%2Caitags%2Csource%2Crequiressl%2Cvprv%2Cmime%2Cns%2Cgir%2Cclen%2Cdur%2Clmt&lsparams=mh%2Cmm%2Cmn%2Cms%2Cmv%2Cmvi%2Cpl%2Cinitcwndbps&lsig=AG3C_xAwRQIgWjQtSmFHI3t1_eygrZgFFk1PxgQVtsfaFcUo-Vp5QocCIQCD2sPLpu8ewGurWBHv08ctIooyKI6vZClqza96vFCpBQ%3D%3D&sig=AOq0QJ8wRQIgM_PC26x1y6AomCRFbmIZIulkyMdq3znS8Rh5KzPmpswCIQDerw14moTlPvRZKqahU5cZvGIR_Wy_lq0Ydl4ETSPPRg==&ratebypass=yes", "player_url": "/s/player/490079fb/player_ias.vflset/en_US/base.js", "ext": "mp4", "height": 144, "format_note": "144p", "vcodec": "avc1.4d400c", "asr": null, "filesize": 1169407, "fps": 25, "tbr": 62.859, "width": 256, "acodec": "none", "downloader_options": {"http_chunk_size": 10485760}, "format": "160 - 256x144 (144p)", "protocol": "https", "http_headers": {"User-Agent": "Mozilla/5.0 (Windows NT 10.0; Win64; x64) AppleWebKit/537.36 (KHTML, like Gecko) Chrome/72.0.3609.1 Safari/537.36", "Accept-Charset": "ISO-8859-1,utf-8;q=0.7,*;q=0.7", "Accept": "text/html,application/xhtml+xml,application/xml;q=0.9,*/*;q=0.8", "Accept-Encoding": "gzip, deflate", "Accept-Language": "en-us,en;q=0.5"}}, {"format_id": "278", "url": "https://r3---sn-5njj-u2xe.googlevideo.com/videoplayback?expire=1613489884&ei=fJIrYNK1KJSKlQTO95HwDw&ip=140.109.135.76&id=o-AK0EUmfTGGDMkVaxyKLTjttcOtqnmHKdIAOKA4pYs56x&itag=278&aitags=133%2C134%2C135%2C136%2C160%2C242%2C243%2C244%2C247%2C278%2C298%2C299%2C302%2C303&source=youtube&requiressl=yes&mh=fj&mm=31%2C29&mn=sn-5njj-u2xe%2Csn-un57sn76&ms=au%2Crdu&mv=m&mvi=3&pl=16&initcwndbps=690000&vprv=1&mime=video%2Fwebm&ns=eGXVRf7xySqvSOei7n-dJhQF&gir=yes&clen=2263521&dur=222.720&lmt=1559227644579614&mt=1613468214&fvip=3&keepalive=yes&c=WEB&txp=5431432&n=v38COPZssr7e3Z4QZD&sparams=expire%2Cei%2Cip%2Cid%2Caitags%2Csource%2Crequiressl%2Cvprv%2Cmime%2Cns%2Cgir%2Cclen%2Cdur%2Clmt&lsparams=mh%2Cmm%2Cmn%2Cms%2Cmv%2Cmvi%2Cpl%2Cinitcwndbps&lsig=AG3C_xAwRQIgHiRcFNLGSnaKNkurxgzUKGFZFrHEdOUaRKx578AeS0QCIQDCgcekO2-Xx_kSZD10fd6nrWfexcpWYnU0FI2VYnrfJw%3D%3D&sig=AOq0QJ8wRQIgMv_ZyvUF7sXucA0QGkGORnc3BrG0tb6q1niZZ0-rtmYCIQDTNgEjUsmTRfN-Bf7QHytDSjQjYyEom9-CmoURkyRt-A==&ratebypass=yes", "player_url": "/s/player/490079fb/player_ias.vflset/en_US/base.js", "ext": "webm", "height": 144, "format_note": "144p", "container": "webm", "vcodec": "vp9", "asr": null, "filesize": 2263521, "fps": 25, "tbr": 95.976, "width": 256, "acodec": "none", "downloader_options": {"http_chunk_size": 10485760}, "format": "278 - 256x144 (144p)", "protocol": "https", "http_headers": {"User-Agent": "Mozilla/5.0 (Windows NT 10.0; Win64; x64) AppleWebKit/537.36 (KHTML, like Gecko) Chrome/72.0.3609.1 Safari/537.36", "Accept-Charset": "ISO-8859-1,utf-8;q=0.7,*;q=0.7", "Accept": "text/html,application/xhtml+xml,application/xml;q=0.9,*/*;q=0.8", "Accept-Encoding": "gzip, deflate", "Accept-Language": "en-us,en;q=0.5"}}, {"format_id": "133", "url": "https://r3---sn-5njj-u2xe.googlevideo.com/videoplayback?expire=1613489884&ei=fJIrYNK1KJSKlQTO95HwDw&ip=140.109.135.76&id=o-AK0EUmfTGGDMkVaxyKLTjttcOtqnmHKdIAOKA4pYs56x&itag=133&aitags=133%2C134%2C135%2C136%2C160%2C242%2C243%2C244%2C247%2C278%2C298%2C299%2C302%2C303&source=youtube&requiressl=yes&mh=fj&mm=31%2C29&mn=sn-5njj-u2xe%2Csn-un57sn76&ms=au%2Crdu&mv=m&mvi=3&pl=16&initcwndbps=690000&vprv=1&mime=video%2Fmp4&ns=eGXVRf7xySqvSOei7n-dJhQF&gir=yes&clen=2168633&dur=222.720&lmt=1559227160568670&mt=1613468214&fvip=3&keepalive=yes&c=WEB&txp=5432432&n=v38COPZssr7e3Z4QZD&sparams=expire%2Cei%2Cip%2Cid%2Caitags%2Csource%2Crequiressl%2Cvprv%2Cmime%2Cns%2Cgir%2Cclen%2Cdur%2Clmt&lsparams=mh%2Cmm%2Cmn%2Cms%2Cmv%2Cmvi%2Cpl%2Cinitcwndbps&lsig=AG3C_xAwRQIgC_OyRy_8cCLMOCJZeO0CYrJrNBq2io34094-b4_oNIYCIQCEFRzvjnTPBMB3cqiv8ad54JxOxY4brWn1k1WnogfpXA%3D%3D&sig=AOq0QJ8wRgIhAMNgvA9mouG3_lyYCrxE7GJR9cJOD0jodP8ynHdZ-luIAiEAoaCVfwPwyl9andV1KM2ZQwIVeAY3ODoUwZxw_WKj39Y=&ratebypass=yes", "player_url": "/s/player/490079fb/player_ias.vflset/en_US/base.js", "ext": "mp4", "height": 240, "format_note": "240p", "vcodec": "avc1.4d4015", "asr": null, "filesize": 2168633, "fps": 25, "tbr": 113.57, "width": 426, "acodec": "none", "downloader_options": {"http_chunk_size": 10485760}, "format": "133 - 426x240 (240p)", "protocol": "https", "http_headers": {"User-Agent": "Mozilla/5.0 (Windows NT 10.0; Win64; x64) AppleWebKit/537.36 (KHTML, like Gecko) Chrome/72.0.3609.1 Safari/537.36", "Accept-Charset": "ISO-8859-1,utf-8;q=0.7,*;q=0.7", "Accept": "text/html,application/xhtml+xml,application/xml;q=0.9,*/*;q=0.8", "Accept-Encoding": "gzip, deflate", "Accept-Language": "en-us,en;q=0.5"}}, {"format_id": "242", "url": "https://r3---sn-5njj-u2xe.googlevideo.com/videoplayback?expire=1613489884&ei=fJIrYNK1KJSKlQTO95HwDw&ip=140.109.135.76&id=o-AK0EUmfTGGDMkVaxyKLTjttcOtqnmHKdIAOKA4pYs56x&itag=242&aitags=133%2C134%2C135%2C136%2C160%2C242%2C243%2C244%2C247%2C278%2C298%2C299%2C302%2C303&source=youtube&requiressl=yes&mh=fj&mm=31%2C29&mn=sn-5njj-u2xe%2Csn-un57sn76&ms=au%2Crdu&mv=m&mvi=3&pl=16&initcwndbps=690000&vprv=1&mime=video%2Fwebm&ns=eGXVRf7xySqvSOei7n-dJhQF&gir=yes&clen=3855221&dur=222.720&lmt=1559227644570733&mt=1613468214&fvip=3&keepalive=yes&c=WEB&txp=5431432&n=v38COPZssr7e3Z4QZD&sparams=expire%2Cei%2Cip%2Cid%2Caitags%2Csource%2Crequiressl%2Cvprv%2Cmime%2Cns%2Cgir%2Cclen%2Cdur%2Clmt&lsparams=mh%2Cmm%2Cmn%2Cms%2Cmv%2Cmvi%2Cpl%2Cinitcwndbps&lsig=AG3C_xAwRAIgLshBvezeeC7LTP4XZwsiq9WVNj83OPvcTucKRSpwF24CID-mGMEDLFjfRcGu6cq1BkpRHa2IQbQHiEcVOkzn7RZE&sig=AOq0QJ8wRQIgC967my5JYzO2gy2gjR51VPdbxzGQukYDIXew9G8SzrMCIQCww9eWNIWDADYJiTboLLM5fZe8rYBdTZmUt6d1nuR1DQ==&ratebypass=yes", "player_url": "/s/player/490079fb/player_ias.vflset/en_US/base.js", "ext": "webm", "height": 240, "format_note": "240p", "vcodec": "vp9", "asr": null, "filesize": 3855221, "fps": 25, "tbr": 177.981, "width": 426, "acodec": "none", "downloader_options": {"http_chunk_size": 10485760}, "format": "242 - 426x240 (240p)", "protocol": "https", "http_headers": {"User-Agent": "Mozilla/5.0 (Windows NT 10.0; Win64; x64) AppleWebKit/537.36 (KHTML, like Gecko) Chrome/72.0.3609.1 Safari/537.36", "Accept-Charset": "ISO-8859-1,utf-8;q=0.7,*;q=0.7", "Accept": "text/html,application/xhtml+xml,application/xml;q=0.9,*/*;q=0.8", "Accept-Encoding": "gzip, deflate", "Accept-Language": "en-us,en;q=0.5"}}, {"format_id": "134", "url": "https://r3---sn-5njj-u2xe.googlevideo.com/videoplayback?expire=1613489884&ei=fJIrYNK1KJSKlQTO95HwDw&ip=140.109.135.76&id=o-AK0EUmfTGGDMkVaxyKLTjttcOtqnmHKdIAOKA4pYs56x&itag=134&aitags=133%2C134%2C135%2C136%2C160%2C242%2C243%2C244%2C247%2C278%2C298%2C299%2C302%2C303&source=youtube&requiressl=yes&mh=fj&mm=31%2C29&mn=sn-5njj-u2xe%2Csn-un57sn76&ms=au%2Crdu&mv=m&mvi=3&pl=16&initcwndbps=690000&vprv=1&mime=video%2Fmp4&ns=eGXVRf7xySqvSOei7n-dJhQF&gir=yes&clen=5736469&dur=222.720&lmt=1559227160561789&mt=1613468214&fvip=3&keepalive=yes&c=WEB&txp=5432432&n=v38COPZssr7e3Z4QZD&sparams=expire%2Cei%2Cip%2Cid%2Caitags%2Csource%2Crequiressl%2Cvprv%2Cmime%2Cns%2Cgir%2Cclen%2Cdur%2Clmt&lsparams=mh%2Cmm%2Cmn%2Cms%2Cmv%2Cmvi%2Cpl%2Cinitcwndbps&lsig=AG3C_xAwRgIhAI8RX-qGZeB75rBWmjhL7mrfMmWwe5cUImIF6b1BVl3NAiEAuShw0Vyf8AoKqbT3UDhpSbJpl7CaUzjBxXUXnVTNtpQ%3D&sig=AOq0QJ8wRQIhAIEnjeNIMC-U98W8bdFnUO1L-ZTZxPtiH6IxumlF9C6SAiBb1E-dYAH1WhPv7_-HNed25eKeqyj3SDnSO755IlC_Mw==&ratebypass=yes", "player_url": "/s/player/490079fb/player_ias.vflset/en_US/base.js", "ext": "mp4", "height": 360, "format_note": "360p", "vcodec": "avc1.4d401e", "asr": null, "filesize": 5736469, "fps": 25, "tbr": 296.664, "width": 640, "acodec": "none", "downloader_options": {"http_chunk_size": 10485760}, "format": "134 - 640x360 (360p)", "protocol": "https", "http_headers": {"User-Agent": "Mozilla/5.0 (Windows NT 10.0; Win64; x64) AppleWebKit/537.36 (KHTML, like Gecko) Chrome/72.0.3609.1 Safari/537.36", "Accept-Charset": "ISO-8859-1,utf-8;q=0.7,*;q=0.7", "Accept": "text/html,application/xhtml+xml,application/xml;q=0.9,*/*;q=0.8", "Accept-Encoding": "gzip, deflate", "Accept-Language": "en-us,en;q=0.5"}}, {"format_id": "243", "url": "https://r3---sn-5njj-u2xe.googlevideo.com/videoplayback?expire=1613489884&ei=fJIrYNK1KJSKlQTO95HwDw&ip=140.109.135.76&id=o-AK0EUmfTGGDMkVaxyKLTjttcOtqnmHKdIAOKA4pYs56x&itag=243&aitags=133%2C134%2C135%2C136%2C160%2C242%2C243%2C244%2C247%2C278%2C298%2C299%2C302%2C303&source=youtube&requiressl=yes&mh=fj&mm=31%2C29&mn=sn-5njj-u2xe%2Csn-un57sn76&ms=au%2Crdu&mv=m&mvi=3&pl=16&initcwndbps=690000&vprv=1&mime=video%2Fwebm&ns=eGXVRf7xySqvSOei7n-dJhQF&gir=yes&clen=7485787&dur=222.720&lmt=1559227644578716&mt=1613468214&fvip=3&keepalive=yes&c=WEB&txp=5431432&n=v38COPZssr7e3Z4QZD&sparams=expire%2Cei%2Cip%2Cid%2Caitags%2Csource%2Crequiressl%2Cvprv%2Cmime%2Cns%2Cgir%2Cclen%2Cdur%2Clmt&lsparams=mh%2Cmm%2Cmn%2Cms%2Cmv%2Cmvi%2Cpl%2Cinitcwndbps&lsig=AG3C_xAwRQIgfhj-M6XZN0zsm8OOEZ2cWAVFEgVLqOvBHTseyGvADA8CIQDI2EcbTNe97l8yi618iuT1Ts2n0TEki40SIsKtv12EaQ%3D%3D&sig=AOq0QJ8wRQIhAOoMLyXYLEqfrV4y7yLt77_9vc0-qjoICR8ZKN_h2OJ7AiA4e8jFY8VnBChMMcYtV3B_JhdrjlP6b6GpSraKdD7ViA==&ratebypass=yes", "player_url": "/s/player/490079fb/player_ias.vflset/en_US/base.js", "ext": "webm", "height": 360, "format_note": "360p", "vcodec": "vp9", "asr": null, "filesize": 7485787, "fps": 25, "tbr": 347.693, "width": 640, "acodec": "none", "downloader_options": {"http_chunk_size": 10485760}, "format": "243 - 640x360 (360p)", "protocol": "https", "http_headers": {"User-Agent": "Mozilla/5.0 (Windows NT 10.0; Win64; x64) AppleWebKit/537.36 (KHTML, like Gecko) Chrome/72.0.3609.1 Safari/537.36", "Accept-Charset": "ISO-8859-1,utf-8;q=0.7,*;q=0.7", "Accept": "text/html,application/xhtml+xml,application/xml;q=0.9,*/*;q=0.8", "Accept-Encoding": "gzip, deflate", "Accept-Language": "en-us,en;q=0.5"}}, {"format_id": "244", "url": "https://r3---sn-5njj-u2xe.googlevideo.com/videoplayback?expire=1613489884&ei=fJIrYNK1KJSKlQTO95HwDw&ip=140.109.135.76&id=o-AK0EUmfTGGDMkVaxyKLTjttcOtqnmHKdIAOKA4pYs56x&itag=244&aitags=133%2C134%2C135%2C136%2C160%2C242%2C243%2C244%2C247%2C278%2C298%2C299%2C302%2C303&source=youtube&requiressl=yes&mh=fj&mm=31%2C29&mn=sn-5njj-u2xe%2Csn-un57sn76&ms=au%2Crdu&mv=m&mvi=3&pl=16&initcwndbps=690000&vprv=1&mime=video%2Fwebm&ns=eGXVRf7xySqvSOei7n-dJhQF&gir=yes&clen=12787433&dur=222.720&lmt=1559227644570741&mt=1613468214&fvip=3&keepalive=yes&c=WEB&txp=5431432&n=v38COPZssr7e3Z4QZD&sparams=expire%2Cei%2Cip%2Cid%2Caitags%2Csource%2Crequiressl%2Cvprv%2Cmime%2Cns%2Cgir%2Cclen%2Cdur%2Clmt&lsparams=mh%2Cmm%2Cmn%2Cms%2Cmv%2Cmvi%2Cpl%2Cinitcwndbps&lsig=AG3C_xAwRQIhALShTQ2z8vO1uDHe0lV94RaCN05QZpO1h1r1eY8vG_tRAiAYyxYc0mYYMvpGWSQZJOtzDL_MxWfzgho0n41Ovkkgeg%3D%3D&sig=AOq0QJ8wRgIhAPUNt-1TpnQqpoGLNPHo7iC5hztDp3uSgzToJ84obAaDAiEAkQrY25dbkuCd7XvicugswWXH47rWGnp3UuglIjoi-to=&ratebypass=yes", "player_url": "/s/player/490079fb/player_ias.vflset/en_US/base.js", "ext": "webm", "height": 480, "format_note": "480p", "vcodec": "vp9", "asr": null, "filesize": 12787433, "fps": 25, "tbr": 582.35, "width": 854, "acodec": "none", "downloader_options": {"http_chunk_size": 10485760}, "format": "244 - 854x480 (480p)", "protocol": "https", "http_headers": {"User-Agent": "Mozilla/5.0 (Windows NT 10.0; Win64; x64) AppleWebKit/537.36 (KHTML, like Gecko) Chrome/72.0.3609.1 Safari/537.36", "Accept-Charset": "ISO-8859-1,utf-8;q=0.7,*;q=0.7", "Accept": "text/html,application/xhtml+xml,application/xml;q=0.9,*/*;q=0.8", "Accept-Encoding": "gzip, deflate", "Accept-Language": "en-us,en;q=0.5"}}, {"format_id": "135", "url": "https://r3---sn-5njj-u2xe.googlevideo.com/videoplayback?expire=1613489884&ei=fJIrYNK1KJSKlQTO95HwDw&ip=140.109.135.76&id=o-AK0EUmfTGGDMkVaxyKLTjttcOtqnmHKdIAOKA4pYs56x&itag=135&aitags=133%2C134%2C135%2C136%2C160%2C242%2C243%2C244%2C247%2C278%2C298%2C299%2C302%2C303&source=youtube&requiressl=yes&mh=fj&mm=31%2C29&mn=sn-5njj-u2xe%2Csn-un57sn76&ms=au%2Crdu&mv=m&mvi=3&pl=16&initcwndbps=690000&vprv=1&mime=video%2Fmp4&ns=eGXVRf7xySqvSOei7n-dJhQF&gir=yes&clen=11537225&dur=222.720&lmt=1559227160566040&mt=1613468214&fvip=3&keepalive=yes&c=WEB&txp=5432432&n=v38COPZssr7e3Z4QZD&sparams=expire%2Cei%2Cip%2Cid%2Caitags%2Csource%2Crequiressl%2Cvprv%2Cmime%2Cns%2Cgir%2Cclen%2Cdur%2Clmt&lsparams=mh%2Cmm%2Cmn%2Cms%2Cmv%2Cmvi%2Cpl%2Cinitcwndbps&lsig=AG3C_xAwRQIgFMu64u__lSzsGcREwWD0S9m2RxfEuuJu34HG8kTxEKsCIQCIVKjuRHkwunSwQ7xcgqqDhrBEK8eQVBRTXA3n40pFPQ%3D%3D&sig=AOq0QJ8wRAIgbFUylFcq5bUQ7mbaONM5OgCxq5yzkNbdSSRkuZQThhACIBjNVMR36ugnvoS3n2DLL78wCls1b4SOaaSm9E4TqAnr&ratebypass=yes", "player_url": "/s/player/490079fb/player_ias.vflset/en_US/base.js", "ext": "mp4", "height": 480, "format_note": "480p", "vcodec": "avc1.4d401e", "asr": null, "filesize": 11537225, "fps": 25, "tbr": 586.782, "width": 854, "acodec": "none", "downloader_options": {"http_chunk_size": 10485760}, "format": "135 - 854x480 (480p)", "protocol": "https", "http_headers": {"User-Agent": "Mozilla/5.0 (Windows NT 10.0; Win64; x64) AppleWebKit/537.36 (KHTML, like Gecko) Chrome/72.0.3609.1 Safari/537.36", "Accept-Charset": "ISO-8859-1,utf-8;q=0.7,*;q=0.7", "Accept": "text/html,application/xhtml+xml,application/xml;q=0.9,*/*;q=0.8", "Accept-Encoding": "gzip, deflate", "Accept-Language": "en-us,en;q=0.5"}}, {"format_id": "136", "url": "https://r3---sn-5njj-u2xe.googlevideo.com/videoplayback?expire=1613489884&ei=fJIrYNK1KJSKlQTO95HwDw&ip=140.109.135.76&id=o-AK0EUmfTGGDMkVaxyKLTjttcOtqnmHKdIAOKA4pYs56x&itag=136&aitags=133%2C134%2C135%2C136%2C160%2C242%2C243%2C244%2C247%2C278%2C298%2C299%2C302%2C303&source=youtube&requiressl=yes&mh=fj&mm=31%2C29&mn=sn-5njj-u2xe%2Csn-un57sn76&ms=au%2Crdu&mv=m&mvi=3&pl=16&initcwndbps=690000&vprv=1&mime=video%2Fmp4&ns=eGXVRf7xySqvSOei7n-dJhQF&gir=yes&clen=22148969&dur=222.720&lmt=1559227160572338&mt=1613468214&fvip=3&keepalive=yes&c=WEB&txp=5432432&n=v38COPZssr7e3Z4QZD&sparams=expire%2Cei%2Cip%2Cid%2Caitags%2Csource%2Crequiressl%2Cvprv%2Cmime%2Cns%2Cgir%2Cclen%2Cdur%2Clmt&lsparams=mh%2Cmm%2Cmn%2Cms%2Cmv%2Cmvi%2Cpl%2Cinitcwndbps&lsig=AG3C_xAwRQIgaJ8NN7FD-9h18ZmiQGO1YXDfXI2dK8AWB56d_P0Z1fMCIQDE-3hSJhUb5E4A8t4wMK8GKyeESBk5K5vW_E32N2DiYQ%3D%3D&sig=AOq0QJ8wRQIgLZvB8kMTOyxe3j-zm-wuGENieltjsOvbrRV9wABEY4ICIQCVydn9YfV2FqgPDtHgLRFMuUWvs_FR6I3RJjlA9YoNmg==&ratebypass=yes", "player_url": "/s/player/490079fb/player_ias.vflset/en_US/base.js", "ext": "mp4", "height": 720, "format_note": "720p", "vcodec": "avc1.4d401f", "asr": null, "filesize": 22148969, "fps": 25, "tbr": 1091.667, "width": 1280, "acodec": "none", "downloader_options": {"http_chunk_size": 10485760}, "format": "136 - 1280x720 (720p)", "protocol": "https", "http_headers": {"User-Agent": "Mozilla/5.0 (Windows NT 10.0; Win64; x64) AppleWebKit/537.36 (KHTML, like Gecko) Chrome/72.0.3609.1 Safari/537.36", "Accept-Charset": "ISO-8859-1,utf-8;q=0.7,*;q=0.7", "Accept": "text/html,application/xhtml+xml,application/xml;q=0.9,*/*;q=0.8", "Accept-Encoding": "gzip, deflate", "Accept-Language": "en-us,en;q=0.5"}}, {"format_id": "247", "url": "https://r3---sn-5njj-u2xe.googlevideo.com/videoplayback?expire=1613489884&ei=fJIrYNK1KJSKlQTO95HwDw&ip=140.109.135.76&id=o-AK0EUmfTGGDMkVaxyKLTjttcOtqnmHKdIAOKA4pYs56x&itag=247&aitags=133%2C134%2C135%2C136%2C160%2C242%2C243%2C244%2C247%2C278%2C298%2C299%2C302%2C303&source=youtube&requiressl=yes&mh=fj&mm=31%2C29&mn=sn-5njj-u2xe%2Csn-un57sn76&ms=au%2Crdu&mv=m&mvi=3&pl=16&initcwndbps=690000&vprv=1&mime=video%2Fwebm&ns=eGXVRf7xySqvSOei7n-dJhQF&gir=yes&clen=28579977&dur=222.720&lmt=1559227644588050&mt=1613468214&fvip=3&keepalive=yes&c=WEB&txp=5431432&n=v38COPZssr7e3Z4QZD&sparams=expire%2Cei%2Cip%2Cid%2Caitags%2Csource%2Crequiressl%2Cvprv%2Cmime%2Cns%2Cgir%2Cclen%2Cdur%2Clmt&lsparams=mh%2Cmm%2Cmn%2Cms%2Cmv%2Cmvi%2Cpl%2Cinitcwndbps&lsig=AG3C_xAwRQIgG7WFzMOcusl6twXMuKXuaFaWOk7ZPnyoCLreP8OC-HcCIQD9XTkzVy2rTQbkWuRtxCkm5bFiTkcKILo2Bct7RYJJPw%3D%3D&sig=AOq0QJ8wRQIgTIMUEd9-YmGtGHaw0sj_CP97RYkZVdttCb9ZVuEmxTwCIQD2ET7YWkWaAh_QRJRfp2ifsTbv2_NcoxIALEek4FC2FQ==&ratebypass=yes", "player_url": "/s/player/490079fb/player_ias.vflset/en_US/base.js", "ext": "webm", "height": 720, "format_note": "720p", "vcodec": "vp9", "asr": null, "filesize": 28579977, "fps": 25, "tbr": 1285.475, "width": 1280, "acodec": "none", "downloader_options": {"http_chunk_size": 10485760}, "format": "247 - 1280x720 (720p)", "protocol": "https", "http_headers": {"User-Agent": "Mozilla/5.0 (Windows NT 10.0; Win64; x64) AppleWebKit/537.36 (KHTML, like Gecko) Chrome/72.0.3609.1 Safari/537.36", "Accept-Charset": "ISO-8859-1,utf-8;q=0.7,*;q=0.7", "Accept": "text/html,application/xhtml+xml,application/xml;q=0.9,*/*;q=0.8", "Accept-Encoding": "gzip, deflate", "Accept-Language": "en-us,en;q=0.5"}}, {"format_id": "298", "url": "https://r3---sn-5njj-u2xe.googlevideo.com/videoplayback?expire=1613489884&ei=fJIrYNK1KJSKlQTO95HwDw&ip=140.109.135.76&id=o-AK0EUmfTGGDMkVaxyKLTjttcOtqnmHKdIAOKA4pYs56x&itag=298&aitags=133%2C134%2C135%2C136%2C160%2C242%2C243%2C244%2C247%2C278%2C298%2C299%2C302%2C303&source=youtube&requiressl=yes&mh=fj&mm=31%2C29&mn=sn-5njj-u2xe%2Csn-un57sn76&ms=au%2Crdu&mv=m&mvi=3&pl=16&initcwndbps=690000&vprv=1&mime=video%2Fmp4&ns=eGXVRf7xySqvSOei7n-dJhQF&gir=yes&clen=40704902&dur=222.720&lmt=1559227104427483&mt=1613468214&fvip=3&keepalive=yes&c=WEB&txp=5432432&n=v38COPZssr7e3Z4QZD&sparams=expire%2Cei%2Cip%2Cid%2Caitags%2Csource%2Crequiressl%2Cvprv%2Cmime%2Cns%2Cgir%2Cclen%2Cdur%2Clmt&lsparams=mh%2Cmm%2Cmn%2Cms%2Cmv%2Cmvi%2Cpl%2Cinitcwndbps&lsig=AG3C_xAwRAIgewmq0rBjLKDhw3eKzyRRvH1uKgG6oS2c2WbZafY37MQCIAdDvk_FsNtq0fcioADtz5HyDqvrvOT1sWiulLiye5gS&sig=AOq0QJ8wRQIhAM7W-k5SXA6ph76xxbSdUZd11btuM-Xo7wPvNPFX0E_wAiAC50kEdE5Z5_AZcfnvg5cqiwrMZe41b0bxQgfU647EGg==&ratebypass=yes", "player_url": "/s/player/490079fb/player_ias.vflset/en_US/base.js", "ext": "mp4", "height": 720, "format_note": "720p50", "vcodec": "avc1.4d4020", "fps": 50, "asr": null, "filesize": 40704902, "tbr": 2044.176, "width": 1280, "acodec": "none", "downloader_options": {"http_chunk_size": 10485760}, "format": "298 - 1280x720 (720p50)", "protocol": "https", "http_headers": {"User-Agent": "Mozilla/5.0 (Windows NT 10.0; Win64; x64) AppleWebKit/537.36 (KHTML, like Gecko) Chrome/72.0.3609.1 Safari/537.36", "Accept-Charset": "ISO-8859-1,utf-8;q=0.7,*;q=0.7", "Accept": "text/html,application/xhtml+xml,application/xml;q=0.9,*/*;q=0.8", "Accept-Encoding": "gzip, deflate", "Accept-Language": "en-us,en;q=0.5"}}, {"format_id": "302", "url": "https://r3---sn-5njj-u2xe.googlevideo.com/videoplayback?expire=1613489884&ei=fJIrYNK1KJSKlQTO95HwDw&ip=140.109.135.76&id=o-AK0EUmfTGGDMkVaxyKLTjttcOtqnmHKdIAOKA4pYs56x&itag=302&aitags=133%2C134%2C135%2C136%2C160%2C242%2C243%2C244%2C247%2C278%2C298%2C299%2C302%2C303&source=youtube&requiressl=yes&mh=fj&mm=31%2C29&mn=sn-5njj-u2xe%2Csn-un57sn76&ms=au%2Crdu&mv=m&mvi=3&pl=16&initcwndbps=690000&vprv=1&mime=video%2Fwebm&ns=eGXVRf7xySqvSOei7n-dJhQF&gir=yes&clen=46856492&dur=222.720&lmt=1559227224554783&mt=1613468214&fvip=3&keepalive=yes&c=WEB&txp=5431432&n=v38COPZssr7e3Z4QZD&sparams=expire%2Cei%2Cip%2Cid%2Caitags%2Csource%2Crequiressl%2Cvprv%2Cmime%2Cns%2Cgir%2Cclen%2Cdur%2Clmt&lsparams=mh%2Cmm%2Cmn%2Cms%2Cmv%2Cmvi%2Cpl%2Cinitcwndbps&lsig=AG3C_xAwRQIgfnuan1O6Q6YiPw382yWCaMik5s5F8DLfN2jgJR3xhbgCIQC_LS6mj9TnRM8yIcqtiR816wGv4dJlY64Wrhi_H2X5_w%3D%3D&sig=AOq0QJ8wRgIhAIZh7RPFkc6oeIwnDukl1vSnn5cWvOnx7WiAWSbT2paOAiEA3jdhW30pVuH-BPCzdSYisYRRzgn4m1g3SyYzggqHr_U=&ratebypass=yes", "player_url": "/s/player/490079fb/player_ias.vflset/en_US/base.js", "ext": "webm", "height": 720, "format_note": "720p50", "vcodec": "vp9", "fps": 50, "asr": null, "filesize": 46856492, "tbr": 2134.223, "width": 1280, "acodec": "none", "downloader_options": {"http_chunk_size": 10485760}, "format": "302 - 1280x720 (720p50)", "protocol": "https", "http_headers": {"User-Agent": "Mozilla/5.0 (Windows NT 10.0; Win64; x64) AppleWebKit/537.36 (KHTML, like Gecko) Chrome/72.0.3609.1 Safari/537.36", "Accept-Charset": "ISO-8859-1,utf-8;q=0.7,*;q=0.7", "Accept": "text/html,application/xhtml+xml,application/xml;q=0.9,*/*;q=0.8", "Accept-Encoding": "gzip, deflate", "Accept-Language": "en-us,en;q=0.5"}}, {"format_id": "303", "url": "https://r3---sn-5njj-u2xe.googlevideo.com/videoplayback?expire=1613489884&ei=fJIrYNK1KJSKlQTO95HwDw&ip=140.109.135.76&id=o-AK0EUmfTGGDMkVaxyKLTjttcOtqnmHKdIAOKA4pYs56x&itag=303&aitags=133%2C134%2C135%2C136%2C160%2C242%2C243%2C244%2C247%2C278%2C298%2C299%2C302%2C303&source=youtube&requiressl=yes&mh=fj&mm=31%2C29&mn=sn-5njj-u2xe%2Csn-un57sn76&ms=au%2Crdu&mv=m&mvi=3&pl=16&initcwndbps=690000&vprv=1&mime=video%2Fwebm&ns=eGXVRf7xySqvSOei7n-dJhQF&gir=yes&clen=99171760&dur=222.720&lmt=1559227420587590&mt=1613468214&fvip=3&keepalive=yes&c=WEB&txp=5431432&n=v38COPZssr7e3Z4QZD&sparams=expire%2Cei%2Cip%2Cid%2Caitags%2Csource%2Crequiressl%2Cvprv%2Cmime%2Cns%2Cgir%2Cclen%2Cdur%2Clmt&lsparams=mh%2Cmm%2Cmn%2Cms%2Cmv%2Cmvi%2Cpl%2Cinitcwndbps&lsig=AG3C_xAwRgIhAO5i5PNxiNt5QLAlr5L2napg2_dwFzkX07WrIyBwfswiAiEAt-2n9DChgtTi0Mcd_DjVEZPaMBB8lzqUSF3c1qMWAGw%3D&sig=AOq0QJ8wRQIhAOjk0Jhe134cji1AFVBR2aznbD8SvVKHvU8XQssQlCeBAiBYQNg51JNNw1ff0nprScRxRfOFdXU8L5oqhHSf5vlQLw==&ratebypass=yes", "player_url": "/s/player/490079fb/player_ias.vflset/en_US/base.js", "ext": "webm", "height": 1080, "format_note": "1080p50", "vcodec": "vp9", "fps": 50, "asr": null, "filesize": 99171760, "tbr": 4267.476, "width": 1920, "acodec": "none", "downloader_options": {"http_chunk_size": 10485760}, "format": "303 - 1920x1080 (1080p50)", "protocol": "https", "http_headers": {"User-Agent": "Mozilla/5.0 (Windows NT 10.0; Win64; x64) AppleWebKit/537.36 (KHTML, like Gecko) Chrome/72.0.3609.1 Safari/537.36", "Accept-Charset": "ISO-8859-1,utf-8;q=0.7,*;q=0.7", "Accept": "text/html,application/xhtml+xml,application/xml;q=0.9,*/*;q=0.8", "Accept-Encoding": "gzip, deflate", "Accept-Language": "en-us,en;q=0.5"}}, {"format_id": "299", "url": "https://r3---sn-5njj-u2xe.googlevideo.com/videoplayback?expire=1613489884&ei=fJIrYNK1KJSKlQTO95HwDw&ip=140.109.135.76&id=o-AK0EUmfTGGDMkVaxyKLTjttcOtqnmHKdIAOKA4pYs56x&itag=299&aitags=133%2C134%2C135%2C136%2C160%2C242%2C243%2C244%2C247%2C278%2C298%2C299%2C302%2C303&source=youtube&requiressl=yes&mh=fj&mm=31%2C29&mn=sn-5njj-u2xe%2Csn-un57sn76&ms=au%2Crdu&mv=m&mvi=3&pl=16&initcwndbps=690000&vprv=1&mime=video%2Fmp4&ns=eGXVRf7xySqvSOei7n-dJhQF&gir=yes&clen=90114028&dur=222.720&lmt=1559227163824986&mt=1613468214&fvip=3&keepalive=yes&c=WEB&txp=5432432&n=v38COPZssr7e3Z4QZD&sparams=expire%2Cei%2Cip%2Cid%2Caitags%2Csource%2Crequiressl%2Cvprv%2Cmime%2Cns%2Cgir%2Cclen%2Cdur%2Clmt&lsparams=mh%2Cmm%2Cmn%2Cms%2Cmv%2Cmvi%2Cpl%2Cinitcwndbps&lsig=AG3C_xAwRAIgddTrqYfSczroBj_AzohNOHDoSeAO1SgF8HtcWGwCUN8CIDQ3-Tbaf8LeEELn9GxIkSVLRmF0K1Til1dB0iEXqOSR&sig=AOq0QJ8wRQIgIvJbc-gW-5K_Z7CsU2WBt7X33Z2z-je9luTeXaynlKgCIQCBiUwJ28hGSf4IcUuN_yhz3Fpm9LL2ZoaAiE3uCKUHQw==&ratebypass=yes", "player_url": "/s/player/490079fb/player_ias.vflset/en_US/base.js", "ext": "mp4", "height": 1080, "format_note": "1080p50", "vcodec": "avc1.64002a", "fps": 50, "asr": null, "filesize": 90114028, "tbr": 4344.31, "width": 1920, "acodec": "none", "downloader_options": {"http_chunk_size": 10485760}, "format": "299 - 1920x1080 (1080p50)", "protocol": "https", "http_headers": {"User-Agent": "Mozilla/5.0 (Windows NT 10.0; Win64; x64) AppleWebKit/537.36 (KHTML, like Gecko) Chrome/72.0.3609.1 Safari/537.36", "Accept-Charset": "ISO-8859-1,utf-8;q=0.7,*;q=0.7", "Accept": "text/html,application/xhtml+xml,application/xml;q=0.9,*/*;q=0.8", "Accept-Encoding": "gzip, deflate", "Accept-Language": "en-us,en;q=0.5"}}, {"format_id": "18", "url": "https://r3---sn-5njj-u2xe.googlevideo.com/videoplayback?expire=1613489884&ei=fJIrYNK1KJSKlQTO95HwDw&ip=140.109.135.76&id=o-AK0EUmfTGGDMkVaxyKLTjttcOtqnmHKdIAOKA4pYs56x&itag=18&source=youtube&requiressl=yes&mh=fj&mm=31%2C29&mn=sn-5njj-u2xe%2Csn-un57sn76&ms=au%2Crdu&mv=m&mvi=3&pl=16&initcwndbps=690000&vprv=1&mime=video%2Fmp4&ns=mG4m8Chb_aFOjx-Qh-gl30gF&gir=yes&clen=13724659&ratebypass=yes&dur=222.772&lmt=1559227084148324&mt=1613468214&fvip=3&c=WEB&txp=5431432&n=qCBhoF4utYffQD_DH_&sparams=expire%2Cei%2Cip%2Cid%2Citag%2Csource%2Crequiressl%2Cvprv%2Cmime%2Cns%2Cgir%2Cclen%2Cratebypass%2Cdur%2Clmt&lsparams=mh%2Cmm%2Cmn%2Cms%2Cmv%2Cmvi%2Cpl%2Cinitcwndbps&lsig=AG3C_xAwRAIgb3L73rowEdBnM1g7dbBYeYXVCrgqEeb9XNO8H3cuWK0CIEWp7sSbQbZPz8oZ9I6-rx1tCnP0mJcs2D2AV_uclkkt&sig=AOq0QJ8wRQIgay8H2G8pSnFvr9B7nGCLbWnV55YinOUrBfSdm7fANcQCIQCR5QrGJS7KRhY2FqhJoh4zuUlTE_Fc2TAP4O06l62w5Q==", "player_url": "/s/player/490079fb/player_ias.vflset/en_US/base.js", "ext": "mp4", "width": 640, "height": 360, "acodec": "mp4a.40.2", "abr": 96, "vcodec": "avc1.42001E", "asr": 44100, "filesize": 13724659, "format_note": "360p", "fps": 25, "tbr": 492.983, "format": "18 - 640x360 (360p)", "protocol": "https", "http_headers": {"User-Agent": "Mozilla/5.0 (Windows NT 10.0; Win64; x64) AppleWebKit/537.36 (KHTML, like Gecko) Chrome/72.0.3609.1 Safari/537.36", "Accept-Charset": "ISO-8859-1,utf-8;q=0.7,*;q=0.7", "Accept": "text/html,application/xhtml+xml,application/xml;q=0.9,*/*;q=0.8", "Accept-Encoding": "gzip, deflate", "Accept-Language": "en-us,en;q=0.5"}}], "is_live": null, "start_time": null, "end_time": null, "series": null, "season_number": null, "episode_number": null, "track": null, "artist": null, "album": null, "release_date": null, "release_year": null, "extractor": "youtube", "webpage_url_basename": "watch", "extractor_key": "Youtube", "playlist": null, "playlist_index": null, "thumbnail": "https://i.ytimg.com/vi_webp/epX33OVpkmA/maxresdefault.webp", "display_id": "epX33OVpkmA", "requested_subtitles": null, "format_id": "251", "url": "https://r3---sn-5njj-u2xe.googlevideo.com/videoplayback?expire=1613489884&ei=fJIrYNK1KJSKlQTO95HwDw&ip=140.109.135.76&id=o-AK0EUmfTGGDMkVaxyKLTjttcOtqnmHKdIAOKA4pYs56x&itag=251&source=youtube&requiressl=yes&mh=fj&mm=31%2C29&mn=sn-5njj-u2xe%2Csn-un57sn76&ms=au%2Crdu&mv=m&mvi=3&pl=16&initcwndbps=690000&vprv=1&mime=audio%2Fwebm&ns=eGXVRf7xySqvSOei7n-dJhQF&gir=yes&clen=3627814&dur=222.741&lmt=1559227039606922&mt=1613468214&fvip=3&keepalive=yes&c=WEB&txp=5431432&n=v38COPZssr7e3Z4QZD&sparams=expire%2Cei%2Cip%2Cid%2Citag%2Csource%2Crequiressl%2Cvprv%2Cmime%2Cns%2Cgir%2Cclen%2Cdur%2Clmt&lsparams=mh%2Cmm%2Cmn%2Cms%2Cmv%2Cmvi%2Cpl%2Cinitcwndbps&lsig=AG3C_xAwRQIhAMgOmtx6PGeG8jS98E9ekrMx_bi42Yxr2mtp9IImZvqNAiA3nbBWTtCr1rwC183mzVnZuFFb0tK3IZgMheGUkfAMag%3D%3D&sig=AOq0QJ8wRQIhAMgXY6UNSEN9WuwKVCYqHjhmmwHSMuePTQ_BN_gWN6AqAiBgaMiswk-5sE7fqXLW_jin55PM-p9Vphi9gjUkYeJWMA==&ratebypass=yes", "player_url": "/s/player/490079fb/player_ias.vflset/en_US/base.js", "ext": "webm", "format_note": "tiny", "acodec": "opus", "abr": 160, "asr": 48000, "filesize": 3627814, "fps": null, "height": null, "tbr": 142.689, "width": null, "vcodec": "none", "downloader_options": {"http_chunk_size": 10485760}, "format": "251 - audio only (tiny)", "protocol": "https", "http_headers": {"User-Agent": "Mozilla/5.0 (Windows NT 10.0; Win64; x64) AppleWebKit/537.36 (KHTML, like Gecko) Chrome/72.0.3609.1 Safari/537.36", "Accept-Charset": "ISO-8859-1,utf-8;q=0.7,*;q=0.7", "Accept": "text/html,application/xhtml+xml,application/xml;q=0.9,*/*;q=0.8", "Accept-Encoding": "gzip, deflate", "Accept-Language": "en-us,en;q=0.5"}}