{"id": "EC8hO-mErlw", "uploader": "Myuu", "uploader_id": "myuuji", "uploader_url": "http://www.youtube.com/user/myuuji", "channel_id": "UCiSKnkKCKAQVxMUWpZQobuQ", "channel_url": "http://www.youtube.com/channel/UCiSKnkKCKAQVxMUWpZQobuQ", "upload_date": "20140428", "license": "Creative Commons Attribution license (reuse allowed)", "creator": null, "title": "Edge of Life - myuu", "alt_title": null, "thumbnails": [{"url": "https://i.ytimg.com/vi/EC8hO-mErlw/hqdefault.jpg?sqp=-oaymwEYCKgBEF5IVfKriqkDCwgBFQAAiEIYAXAB&rs=AOn4CLB9cp884EXMN0Z6al0UL8CqOvbI1A", "width": 168, "height": 94, "resolution": "168x94", "id": "0"}, {"url": "https://i.ytimg.com/vi/EC8hO-mErlw/hqdefault.jpg?sqp=-oaymwEYCMQBEG5IVfKriqkDCwgBFQAAiEIYAXAB&rs=AOn4CLCXJdhYdOkiEfkV3XdHvGYdgOGdXg", "width": 196, "height": 110, "resolution": "196x110", "id": "1"}, {"url": "https://i.ytimg.com/vi/EC8hO-mErlw/hqdefault.jpg?sqp=-oaymwEZCPYBEIoBSFXyq4qpAwsIARUAAIhCGAFwAQ==&rs=AOn4CLD9s90_IB4KA8Mh_Ie0FYN06EYf7A", "width": 246, "height": 138, "resolution": "246x138", "id": "2"}, {"url": "https://i.ytimg.com/vi/EC8hO-mErlw/hqdefault.jpg?sqp=-oaymwEZCNACELwBSFXyq4qpAwsIARUAAIhCGAFwAQ==&rs=AOn4CLCWmncrn1G6KU3oVlPce24JZNRYZg", "width": 336, "height": 188, "resolution": "336x188", "id": "3"}, {"url": "https://i.ytimg.com/vi_webp/EC8hO-mErlw/maxresdefault.webp", "width": 1920, "height": 1080, "resolution": "1920x1080", "id": "4"}], "description": "iTunes \u25cf http://bit.ly/UztGGt :: Bandcamp \u25cf http://bit.ly/1KBBL3T\nMP3 Download \u25ba http://thedarkpiano.com/mp3/Myuu-Edge-of-Life.mp3\n\u25cf Support me on Patreon (Early Access & more perks) \u25cf http://patreon.com/myuuji\n\nroyalty-free music | Support with Donations \u2192 http://goo.gl/tZy5p\n\nArtwork http://enamorte.deviantart.com\n\n\u266b LIKE me on Facebook: http://facebook.com/myuusic\n\u266b TWEET with me on Twitter: http://twitter.com/myuusic\n\u266b FOLLOW me on Tumblr:  http://myuusic.tumblr.com\n\nSheet Music + Tutorial + MIDI:\nhttp://youtu.be/08tcAwFeTew\n\npiano sound done with Addictive Keys, sponsored by XLN Audio\n\n------------------------------------------------------------------------------------------\nI am myuu. A musician who loves writing dark piano songs. They are free to use as long as credit is given. I always try to make the music sound creepy and beautiful at the same time. In addition to my piano and horror soundtracks I also do orchestrated pieces and industrial/experimental work.", "categories": ["Music"], "tags": ["creepy", "horror", "creepypasta", "music", "pasta", "mrcreepypasta", "ambient", "acoustic", "piano", "song", "dark", "mystic", "myuuji", "mellow", "myu", "myuji", "Mr Creepy Pasta", "Mr. Creepy Pasta", "Mr Creepypasta", "Addictive Keys", "addictivekeys", "xln", "audio", "xlnaudio", "royaltyfree", "royalty free", "royalty-free", "creativecommons", "creative", "commons", "creative commons", "mp3", "download"], "subtitles": {}, "automatic_captions": {}, "duration": 220, "age_limit": 0, "annotations": null, "chapters": null, "webpage_url": "https://www.youtube.com/watch?v=EC8hO-mErlw", "view_count": 535601, "like_count": 7710, "dislike_count": 47, "average_rating": 4.9757638, "formats": [{"format_id": "249", "url": "https://r4---sn-5njj-u2xl.googlevideo.com/videoplayback?expire=1611764199&ei=hz0RYOOuOfKAs8IP6qKryAY&ip=140.109.135.76&id=o-AFFh732GLOooAUZZt4xlr4rIMQrpss1z2goMs27TBw1K&itag=249&source=youtube&requiressl=yes&mh=0R&mm=31%2C29&mn=sn-5njj-u2xl%2Csn-un57sn76&ms=au%2Crdu&mv=m&mvi=4&pcm2cms=yes&pl=16&initcwndbps=546250&vprv=1&mime=audio%2Fwebm&ns=-hDcq-nEqA9Tr_75TFcwBAQF&gir=yes&clen=1521036&dur=219.761&lmt=1496489279213667&mt=1611742362&fvip=4&keepalive=yes&beids=9466586&c=WEB&n=jE4qq8HJQeCz8Eb69SSx&sparams=expire%2Cei%2Cip%2Cid%2Citag%2Csource%2Crequiressl%2Cvprv%2Cmime%2Cns%2Cgir%2Cclen%2Cdur%2Clmt&sig=AOq0QJ8wRAIgTCcc16fco1KFH5su-WNsA2Jb9YJ1Gh-qq3_Z0YZopM0CIFEUdo7FyTTB1oFNp7JLWkzeRGA8h8Cxdny7XdiWxW5r&lsparams=mh%2Cmm%2Cmn%2Cms%2Cmv%2Cmvi%2Cpcm2cms%2Cpl%2Cinitcwndbps&lsig=AG3C_xAwRQIhAI6Xi1nu7o7NRCFZwr7ECQq4Di6LNvEnn_ls_ieFd_OaAiA0IjsRvptnVZhs70ZEntNLUzBXB5Ij9ZbyP7WxBtq2Yw%3D%3D&ratebypass=yes", "player_url": null, "ext": "webm", "format_note": "tiny", "acodec": "opus", "abr": 50, "asr": 48000, "filesize": 1521036, "fps": null, "height": null, "tbr": 60.88, "width": null, "vcodec": "none", "downloader_options": {"http_chunk_size": 10485760}, "format": "249 - audio only (tiny)", "protocol": "https", "http_headers": {"User-Agent": "Mozilla/5.0 (Windows NT 10.0; Win64; x64) AppleWebKit/537.36 (KHTML, like Gecko) Chrome/72.0.3626.25 Safari/537.36", "Accept-Charset": "ISO-8859-1,utf-8;q=0.7,*;q=0.7", "Accept": "text/html,application/xhtml+xml,application/xml;q=0.9,*/*;q=0.8", "Accept-Encoding": "gzip, deflate", "Accept-Language": "en-us,en;q=0.5"}}, {"format_id": "250", "url": "https://r4---sn-5njj-u2xl.googlevideo.com/videoplayback?expire=1611764199&ei=hz0RYOOuOfKAs8IP6qKryAY&ip=140.109.135.76&id=o-AFFh732GLOooAUZZt4xlr4rIMQrpss1z2goMs27TBw1K&itag=250&source=youtube&requiressl=yes&mh=0R&mm=31%2C29&mn=sn-5njj-u2xl%2Csn-un57sn76&ms=au%2Crdu&mv=m&mvi=4&pcm2cms=yes&pl=16&initcwndbps=546250&vprv=1&mime=audio%2Fwebm&ns=-hDcq-nEqA9Tr_75TFcwBAQF&gir=yes&clen=2017535&dur=219.761&lmt=1496489268860637&mt=1611742362&fvip=4&keepalive=yes&beids=9466586&c=WEB&n=jE4qq8HJQeCz8Eb69SSx&sparams=expire%2Cei%2Cip%2Cid%2Citag%2Csource%2Crequiressl%2Cvprv%2Cmime%2Cns%2Cgir%2Cclen%2Cdur%2Clmt&sig=AOq0QJ8wRQIhAINkRrEzbkyihJMKWEd-bHPmZy5EpcfVK1X5bXkTSZLtAiBOAdHmerVPMMuDkv1p1xS7WHv3QgFAHX20Plp4JHc5yg%3D%3D&lsparams=mh%2Cmm%2Cmn%2Cms%2Cmv%2Cmvi%2Cpcm2cms%2Cpl%2Cinitcwndbps&lsig=AG3C_xAwRQIhAI6Xi1nu7o7NRCFZwr7ECQq4Di6LNvEnn_ls_ieFd_OaAiA0IjsRvptnVZhs70ZEntNLUzBXB5Ij9ZbyP7WxBtq2Yw%3D%3D&ratebypass=yes", "player_url": null, "ext": "webm", "format_note": "tiny", "acodec": "opus", "abr": 70, "asr": 48000, "filesize": 2017535, "fps": null, "height": null, "tbr": 79.546, "width": null, "vcodec": "none", "downloader_options": {"http_chunk_size": 10485760}, "format": "250 - audio only (tiny)", "protocol": "https", "http_headers": {"User-Agent": "Mozilla/5.0 (Windows NT 10.0; Win64; x64) AppleWebKit/537.36 (KHTML, like Gecko) Chrome/72.0.3626.25 Safari/537.36", "Accept-Charset": "ISO-8859-1,utf-8;q=0.7,*;q=0.7", "Accept": "text/html,application/xhtml+xml,application/xml;q=0.9,*/*;q=0.8", "Accept-Encoding": "gzip, deflate", "Accept-Language": "en-us,en;q=0.5"}}, {"format_id": "140", "url": "https://r4---sn-5njj-u2xl.googlevideo.com/videoplayback?expire=1611764199&ei=hz0RYOOuOfKAs8IP6qKryAY&ip=140.109.135.76&id=o-AFFh732GLOooAUZZt4xlr4rIMQrpss1z2goMs27TBw1K&itag=140&source=youtube&requiressl=yes&mh=0R&mm=31%2C29&mn=sn-5njj-u2xl%2Csn-un57sn76&ms=au%2Crdu&mv=m&mvi=4&pcm2cms=yes&pl=16&initcwndbps=546250&vprv=1&mime=audio%2Fmp4&ns=-hDcq-nEqA9Tr_75TFcwBAQF&gir=yes&clen=3557997&dur=219.800&lmt=1608449928084473&mt=1611742362&fvip=4&keepalive=yes&beids=9466586&c=WEB&txp=5431432&n=jE4qq8HJQeCz8Eb69SSx&sparams=expire%2Cei%2Cip%2Cid%2Citag%2Csource%2Crequiressl%2Cvprv%2Cmime%2Cns%2Cgir%2Cclen%2Cdur%2Clmt&sig=AOq0QJ8wRQIgBmQYo8tqUvJg_KAiGz1mtcKOShZ9Tmsee8RZZT-GEOMCIQDMKpRbqpxiLLZZKPWT6QDelve0pxeAFmneQHq_nXNywA%3D%3D&lsparams=mh%2Cmm%2Cmn%2Cms%2Cmv%2Cmvi%2Cpcm2cms%2Cpl%2Cinitcwndbps&lsig=AG3C_xAwRQIhAI6Xi1nu7o7NRCFZwr7ECQq4Di6LNvEnn_ls_ieFd_OaAiA0IjsRvptnVZhs70ZEntNLUzBXB5Ij9ZbyP7WxBtq2Yw%3D%3D&ratebypass=yes", "player_url": null, "ext": "m4a", "format_note": "tiny", "acodec": "mp4a.40.2", "abr": 128, "container": "m4a_dash", "asr": 44100, "filesize": 3557997, "fps": null, "height": null, "tbr": 130.38, "width": null, "vcodec": "none", "downloader_options": {"http_chunk_size": 10485760}, "format": "140 - audio only (tiny)", "protocol": "https", "http_headers": {"User-Agent": "Mozilla/5.0 (Windows NT 10.0; Win64; x64) AppleWebKit/537.36 (KHTML, like Gecko) Chrome/72.0.3626.25 Safari/537.36", "Accept-Charset": "ISO-8859-1,utf-8;q=0.7,*;q=0.7", "Accept": "text/html,application/xhtml+xml,application/xml;q=0.9,*/*;q=0.8", "Accept-Encoding": "gzip, deflate", "Accept-Language": "en-us,en;q=0.5"}}, {"format_id": "251", "url": "https://r4---sn-5njj-u2xl.googlevideo.com/videoplayback?expire=1611764199&ei=hz0RYOOuOfKAs8IP6qKryAY&ip=140.109.135.76&id=o-AFFh732GLOooAUZZt4xlr4rIMQrpss1z2goMs27TBw1K&itag=251&source=youtube&requiressl=yes&mh=0R&mm=31%2C29&mn=sn-5njj-u2xl%2Csn-un57sn76&ms=au%2Crdu&mv=m&mvi=4&pcm2cms=yes&pl=16&initcwndbps=546250&vprv=1&mime=audio%2Fwebm&ns=-hDcq-nEqA9Tr_75TFcwBAQF&gir=yes&clen=4041201&dur=219.761&lmt=1496489290241653&mt=1611742362&fvip=4&keepalive=yes&beids=9466586&c=WEB&n=jE4qq8HJQeCz8Eb69SSx&sparams=expire%2Cei%2Cip%2Cid%2Citag%2Csource%2Crequiressl%2Cvprv%2Cmime%2Cns%2Cgir%2Cclen%2Cdur%2Clmt&sig=AOq0QJ8wRQIhAKchkbiNnJu6NVdvbxcxZG35Paoumf7PcWVYw9qd-yL-AiA_MsKOYA0z27Rjrq9-zeIC_oiu-DVG2aPtgi5r_-PbeQ%3D%3D&lsparams=mh%2Cmm%2Cmn%2Cms%2Cmv%2Cmvi%2Cpcm2cms%2Cpl%2Cinitcwndbps&lsig=AG3C_xAwRQIhAI6Xi1nu7o7NRCFZwr7ECQq4Di6LNvEnn_ls_ieFd_OaAiA0IjsRvptnVZhs70ZEntNLUzBXB5Ij9ZbyP7WxBtq2Yw%3D%3D&ratebypass=yes", "player_url": null, "ext": "webm", "format_note": "tiny", "acodec": "opus", "abr": 160, "asr": 48000, "filesize": 4041201, "fps": null, "height": null, "tbr": 155.32, "width": null, "vcodec": "none", "downloader_options": {"http_chunk_size": 10485760}, "format": "251 - audio only (tiny)", "protocol": "https", "http_headers": {"User-Agent": "Mozilla/5.0 (Windows NT 10.0; Win64; x64) AppleWebKit/537.36 (KHTML, like Gecko) Chrome/72.0.3626.25 Safari/537.36", "Accept-Charset": "ISO-8859-1,utf-8;q=0.7,*;q=0.7", "Accept": "text/html,application/xhtml+xml,application/xml;q=0.9,*/*;q=0.8", "Accept-Encoding": "gzip, deflate", "Accept-Language": "en-us,en;q=0.5"}}, {"format_id": "160", "url": "https://r4---sn-5njj-u2xl.googlevideo.com/videoplayback?expire=1611764199&ei=hz0RYOOuOfKAs8IP6qKryAY&ip=140.109.135.76&id=o-AFFh732GLOooAUZZt4xlr4rIMQrpss1z2goMs27TBw1K&itag=160&aitags=133%2C134%2C135%2C136%2C137%2C160%2C242%2C243%2C244%2C247%2C248%2C278&source=youtube&requiressl=yes&mh=0R&mm=31%2C29&mn=sn-5njj-u2xl%2Csn-un57sn76&ms=au%2Crdu&mv=m&mvi=4&pcm2cms=yes&pl=16&initcwndbps=546250&vprv=1&mime=video%2Fmp4&ns=-hDcq-nEqA9Tr_75TFcwBAQF&gir=yes&clen=501102&dur=219.750&lmt=1608449944118817&mt=1611742362&fvip=4&keepalive=yes&beids=9466586&c=WEB&txp=5432432&n=jE4qq8HJQeCz8Eb69SSx&sparams=expire%2Cei%2Cip%2Cid%2Caitags%2Csource%2Crequiressl%2Cvprv%2Cmime%2Cns%2Cgir%2Cclen%2Cdur%2Clmt&sig=AOq0QJ8wRQIhAOPdTPnhjomimT-utaxJjYk8v1a2LKkj6S30nqquIA7zAiA5DmC2JI9A1SvQ7LKLge88mW9U690ocyDa6oxy4AqlCg%3D%3D&lsparams=mh%2Cmm%2Cmn%2Cms%2Cmv%2Cmvi%2Cpcm2cms%2Cpl%2Cinitcwndbps&lsig=AG3C_xAwRQIhAI6Xi1nu7o7NRCFZwr7ECQq4Di6LNvEnn_ls_ieFd_OaAiA0IjsRvptnVZhs70ZEntNLUzBXB5Ij9ZbyP7WxBtq2Yw%3D%3D&ratebypass=yes", "player_url": null, "ext": "mp4", "height": 144, "format_note": "144p", "vcodec": "avc1.4d400b", "asr": null, "filesize": 501102, "fps": 12, "tbr": 22.361, "width": 256, "acodec": "none", "downloader_options": {"http_chunk_size": 10485760}, "format": "160 - 256x144 (144p)", "protocol": "https", "http_headers": {"User-Agent": "Mozilla/5.0 (Windows NT 10.0; Win64; x64) AppleWebKit/537.36 (KHTML, like Gecko) Chrome/72.0.3626.25 Safari/537.36", "Accept-Charset": "ISO-8859-1,utf-8;q=0.7,*;q=0.7", "Accept": "text/html,application/xhtml+xml,application/xml;q=0.9,*/*;q=0.8", "Accept-Encoding": "gzip, deflate", "Accept-Language": "en-us,en;q=0.5"}}, {"format_id": "133", "url": "https://r4---sn-5njj-u2xl.googlevideo.com/videoplayback?expire=1611764199&ei=hz0RYOOuOfKAs8IP6qKryAY&ip=140.109.135.76&id=o-AFFh732GLOooAUZZt4xlr4rIMQrpss1z2goMs27TBw1K&itag=133&aitags=133%2C134%2C135%2C136%2C137%2C160%2C242%2C243%2C244%2C247%2C248%2C278&source=youtube&requiressl=yes&mh=0R&mm=31%2C29&mn=sn-5njj-u2xl%2Csn-un57sn76&ms=au%2Crdu&mv=m&mvi=4&pcm2cms=yes&pl=16&initcwndbps=546250&vprv=1&mime=video%2Fmp4&ns=-hDcq-nEqA9Tr_75TFcwBAQF&gir=yes&clen=881153&dur=219.750&lmt=1608449944119353&mt=1611742362&fvip=4&keepalive=yes&beids=9466586&c=WEB&txp=5432432&n=jE4qq8HJQeCz8Eb69SSx&sparams=expire%2Cei%2Cip%2Cid%2Caitags%2Csource%2Crequiressl%2Cvprv%2Cmime%2Cns%2Cgir%2Cclen%2Cdur%2Clmt&sig=AOq0QJ8wRQIgNYJbVK9t8b2YQpajibELRELmmH2ne1XgeEH7_fgLEIwCIQDc7M4vZ6FY_XVtmlYjYvYB2LK8EZI0cIreALOR9k4uXg%3D%3D&lsparams=mh%2Cmm%2Cmn%2Cms%2Cmv%2Cmvi%2Cpcm2cms%2Cpl%2Cinitcwndbps&lsig=AG3C_xAwRQIhAI6Xi1nu7o7NRCFZwr7ECQq4Di6LNvEnn_ls_ieFd_OaAiA0IjsRvptnVZhs70ZEntNLUzBXB5Ij9ZbyP7WxBtq2Yw%3D%3D&ratebypass=yes", "player_url": null, "ext": "mp4", "height": 240, "format_note": "240p", "vcodec": "avc1.4d4015", "asr": null, "filesize": 881153, "fps": 12, "tbr": 47.796, "width": 426, "acodec": "none", "downloader_options": {"http_chunk_size": 10485760}, "format": "133 - 426x240 (240p)", "protocol": "https", "http_headers": {"User-Agent": "Mozilla/5.0 (Windows NT 10.0; Win64; x64) AppleWebKit/537.36 (KHTML, like Gecko) Chrome/72.0.3626.25 Safari/537.36", "Accept-Charset": "ISO-8859-1,utf-8;q=0.7,*;q=0.7", "Accept": "text/html,application/xhtml+xml,application/xml;q=0.9,*/*;q=0.8", "Accept-Encoding": "gzip, deflate", "Accept-Language": "en-us,en;q=0.5"}}, {"format_id": "134", "url": "https://r4---sn-5njj-u2xl.googlevideo.com/videoplayback?expire=1611764199&ei=hz0RYOOuOfKAs8IP6qKryAY&ip=140.109.135.76&id=o-AFFh732GLOooAUZZt4xlr4rIMQrpss1z2goMs27TBw1K&itag=134&aitags=133%2C134%2C135%2C136%2C137%2C160%2C242%2C243%2C244%2C247%2C248%2C278&source=youtube&requiressl=yes&mh=0R&mm=31%2C29&mn=sn-5njj-u2xl%2Csn-un57sn76&ms=au%2Crdu&mv=m&mvi=4&pcm2cms=yes&pl=16&initcwndbps=546250&vprv=1&mime=video%2Fmp4&ns=-hDcq-nEqA9Tr_75TFcwBAQF&gir=yes&clen=1280077&dur=219.750&lmt=1608449944118971&mt=1611742362&fvip=4&keepalive=yes&beids=9466586&c=WEB&txp=5432432&n=jE4qq8HJQeCz8Eb69SSx&sparams=expire%2Cei%2Cip%2Cid%2Caitags%2Csource%2Crequiressl%2Cvprv%2Cmime%2Cns%2Cgir%2Cclen%2Cdur%2Clmt&sig=AOq0QJ8wRAIgTXaVofWpBgVKK1D8_PyEelz8FZveuIIy-VXkZkm9BpUCIGvvW-B5PRcF6ums8qyzSGvR2xQ_b7xUsyiITtjo_9Yo&lsparams=mh%2Cmm%2Cmn%2Cms%2Cmv%2Cmvi%2Cpcm2cms%2Cpl%2Cinitcwndbps&lsig=AG3C_xAwRQIhAI6Xi1nu7o7NRCFZwr7ECQq4Di6LNvEnn_ls_ieFd_OaAiA0IjsRvptnVZhs70ZEntNLUzBXB5Ij9ZbyP7WxBtq2Yw%3D%3D&ratebypass=yes", "player_url": null, "ext": "mp4", "height": 360, "format_note": "360p", "vcodec": "avc1.4d4016", "asr": null, "filesize": 1280077, "fps": 12, "tbr": 58.942, "width": 640, "acodec": "none", "downloader_options": {"http_chunk_size": 10485760}, "format": "134 - 640x360 (360p)", "protocol": "https", "http_headers": {"User-Agent": "Mozilla/5.0 (Windows NT 10.0; Win64; x64) AppleWebKit/537.36 (KHTML, like Gecko) Chrome/72.0.3626.25 Safari/537.36", "Accept-Charset": "ISO-8859-1,utf-8;q=0.7,*;q=0.7", "Accept": "text/html,application/xhtml+xml,application/xml;q=0.9,*/*;q=0.8", "Accept-Encoding": "gzip, deflate", "Accept-Language": "en-us,en;q=0.5"}}, {"format_id": "242", "url": "https://r4---sn-5njj-u2xl.googlevideo.com/videoplayback?expire=1611764199&ei=hz0RYOOuOfKAs8IP6qKryAY&ip=140.109.135.76&id=o-AFFh732GLOooAUZZt4xlr4rIMQrpss1z2goMs27TBw1K&itag=242&aitags=133%2C134%2C135%2C136%2C137%2C160%2C242%2C243%2C244%2C247%2C248%2C278&source=youtube&requiressl=yes&mh=0R&mm=31%2C29&mn=sn-5njj-u2xl%2Csn-un57sn76&ms=au%2Crdu&mv=m&mvi=4&pcm2cms=yes&pl=16&initcwndbps=546250&vprv=1&mime=video%2Fwebm&ns=-hDcq-nEqA9Tr_75TFcwBAQF&gir=yes&clen=1328581&dur=219.749&lmt=1542578465269900&mt=1611742362&fvip=4&keepalive=yes&beids=9466586&c=WEB&txp=5432432&n=jE4qq8HJQeCz8Eb69SSx&sparams=expire%2Cei%2Cip%2Cid%2Caitags%2Csource%2Crequiressl%2Cvprv%2Cmime%2Cns%2Cgir%2Cclen%2Cdur%2Clmt&sig=AOq0QJ8wRgIhAMVpO0ZL8_RFWjrGEMpaFS-ldcXPV-0rmGIK6vWg88XsAiEAt4KxpwYyZK726KXs2UCBMNVbhriXfy4jOoHBWbmz-T0%3D&lsparams=mh%2Cmm%2Cmn%2Cms%2Cmv%2Cmvi%2Cpcm2cms%2Cpl%2Cinitcwndbps&lsig=AG3C_xAwRQIhAI6Xi1nu7o7NRCFZwr7ECQq4Di6LNvEnn_ls_ieFd_OaAiA0IjsRvptnVZhs70ZEntNLUzBXB5Ij9ZbyP7WxBtq2Yw%3D%3D&ratebypass=yes", "player_url": null, "ext": "webm", "height": 240, "format_note": "240p", "vcodec": "vp9", "asr": null, "filesize": 1328581, "fps": 12, "tbr": 68.138, "width": 426, "acodec": "none", "downloader_options": {"http_chunk_size": 10485760}, "format": "242 - 426x240 (240p)", "protocol": "https", "http_headers": {"User-Agent": "Mozilla/5.0 (Windows NT 10.0; Win64; x64) AppleWebKit/537.36 (KHTML, like Gecko) Chrome/72.0.3626.25 Safari/537.36", "Accept-Charset": "ISO-8859-1,utf-8;q=0.7,*;q=0.7", "Accept": "text/html,application/xhtml+xml,application/xml;q=0.9,*/*;q=0.8", "Accept-Encoding": "gzip, deflate", "Accept-Language": "en-us,en;q=0.5"}}, {"format_id": "278", "url": "https://r4---sn-5njj-u2xl.googlevideo.com/videoplayback?expire=1611764199&ei=hz0RYOOuOfKAs8IP6qKryAY&ip=140.109.135.76&id=o-AFFh732GLOooAUZZt4xlr4rIMQrpss1z2goMs27TBw1K&itag=278&aitags=133%2C134%2C135%2C136%2C137%2C160%2C242%2C243%2C244%2C247%2C248%2C278&source=youtube&requiressl=yes&mh=0R&mm=31%2C29&mn=sn-5njj-u2xl%2Csn-un57sn76&ms=au%2Crdu&mv=m&mvi=4&pcm2cms=yes&pl=16&initcwndbps=546250&vprv=1&mime=video%2Fwebm&ns=-hDcq-nEqA9Tr_75TFcwBAQF&gir=yes&clen=1609639&dur=219.749&lmt=1542578465267738&mt=1611742362&fvip=4&keepalive=yes&beids=9466586&c=WEB&txp=5432432&n=jE4qq8HJQeCz8Eb69SSx&sparams=expire%2Cei%2Cip%2Cid%2Caitags%2Csource%2Crequiressl%2Cvprv%2Cmime%2Cns%2Cgir%2Cclen%2Cdur%2Clmt&sig=AOq0QJ8wRQIhAM7NGbIH61ocn1sJiHgMfc-cquHYNzpq8QOTOg6ehFCtAiBvZv_UHZmk7sVmKr1s45jw11SkaWwJ7UrLLqdXvy1o2g%3D%3D&lsparams=mh%2Cmm%2Cmn%2Cms%2Cmv%2Cmvi%2Cpcm2cms%2Cpl%2Cinitcwndbps&lsig=AG3C_xAwRQIhAI6Xi1nu7o7NRCFZwr7ECQq4Di6LNvEnn_ls_ieFd_OaAiA0IjsRvptnVZhs70ZEntNLUzBXB5Ij9ZbyP7WxBtq2Yw%3D%3D&ratebypass=yes", "player_url": null, "ext": "webm", "height": 144, "format_note": "144p", "container": "webm", "vcodec": "vp9", "asr": null, "filesize": 1609639, "fps": 12, "tbr": 69.769, "width": 256, "acodec": "none", "downloader_options": {"http_chunk_size": 10485760}, "format": "278 - 256x144 (144p)", "protocol": "https", "http_headers": {"User-Agent": "Mozilla/5.0 (Windows NT 10.0; Win64; x64) AppleWebKit/537.36 (KHTML, like Gecko) Chrome/72.0.3626.25 Safari/537.36", "Accept-Charset": "ISO-8859-1,utf-8;q=0.7,*;q=0.7", "Accept": "text/html,application/xhtml+xml,application/xml;q=0.9,*/*;q=0.8", "Accept-Encoding": "gzip, deflate", "Accept-Language": "en-us,en;q=0.5"}}, {"format_id": "135", "url": "https://r4---sn-5njj-u2xl.googlevideo.com/videoplayback?expire=1611764199&ei=hz0RYOOuOfKAs8IP6qKryAY&ip=140.109.135.76&id=o-AFFh732GLOooAUZZt4xlr4rIMQrpss1z2goMs27TBw1K&itag=135&aitags=133%2C134%2C135%2C136%2C137%2C160%2C242%2C243%2C244%2C247%2C248%2C278&source=youtube&requiressl=yes&mh=0R&mm=31%2C29&mn=sn-5njj-u2xl%2Csn-un57sn76&ms=au%2Crdu&mv=m&mvi=4&pcm2cms=yes&pl=16&initcwndbps=546250&vprv=1&mime=video%2Fmp4&ns=-hDcq-nEqA9Tr_75TFcwBAQF&gir=yes&clen=1885753&dur=219.750&lmt=1608449944116024&mt=1611742362&fvip=4&keepalive=yes&beids=9466586&c=WEB&txp=5432432&n=jE4qq8HJQeCz8Eb69SSx&sparams=expire%2Cei%2Cip%2Cid%2Caitags%2Csource%2Crequiressl%2Cvprv%2Cmime%2Cns%2Cgir%2Cclen%2Cdur%2Clmt&sig=AOq0QJ8wRQIgc9qrs8FO8YFh7lXGwUNmkW1sqveEvkyHcxuKbuxdM2YCIQDldggjl3AL3twpRS5OeHsxKYsQ0p8_9GEEutLs9qH3pA%3D%3D&lsparams=mh%2Cmm%2Cmn%2Cms%2Cmv%2Cmvi%2Cpcm2cms%2Cpl%2Cinitcwndbps&lsig=AG3C_xAwRQIhAI6Xi1nu7o7NRCFZwr7ECQq4Di6LNvEnn_ls_ieFd_OaAiA0IjsRvptnVZhs70ZEntNLUzBXB5Ij9ZbyP7WxBtq2Yw%3D%3D&ratebypass=yes", "player_url": null, "ext": "mp4", "height": 480, "format_note": "480p", "vcodec": "avc1.4d4016", "asr": null, "filesize": 1885753, "fps": 12, "tbr": 90.14, "width": 854, "acodec": "none", "downloader_options": {"http_chunk_size": 10485760}, "format": "135 - 854x480 (480p)", "protocol": "https", "http_headers": {"User-Agent": "Mozilla/5.0 (Windows NT 10.0; Win64; x64) AppleWebKit/537.36 (KHTML, like Gecko) Chrome/72.0.3626.25 Safari/537.36", "Accept-Charset": "ISO-8859-1,utf-8;q=0.7,*;q=0.7", "Accept": "text/html,application/xhtml+xml,application/xml;q=0.9,*/*;q=0.8", "Accept-Encoding": "gzip, deflate", "Accept-Language": "en-us,en;q=0.5"}}, {"format_id": "244", "url": "https://r4---sn-5njj-u2xl.googlevideo.com/videoplayback?expire=1611764199&ei=hz0RYOOuOfKAs8IP6qKryAY&ip=140.109.135.76&id=o-AFFh732GLOooAUZZt4xlr4rIMQrpss1z2goMs27TBw1K&itag=244&aitags=133%2C134%2C135%2C136%2C137%2C160%2C242%2C243%2C244%2C247%2C248%2C278&source=youtube&requiressl=yes&mh=0R&mm=31%2C29&mn=sn-5njj-u2xl%2Csn-un57sn76&ms=au%2Crdu&mv=m&mvi=4&pcm2cms=yes&pl=16&initcwndbps=546250&vprv=1&mime=video%2Fwebm&ns=-hDcq-nEqA9Tr_75TFcwBAQF&gir=yes&clen=2491067&dur=219.749&lmt=1542578465268752&mt=1611742362&fvip=4&keepalive=yes&beids=9466586&c=WEB&txp=5432432&n=jE4qq8HJQeCz8Eb69SSx&sparams=expire%2Cei%2Cip%2Cid%2Caitags%2Csource%2Crequiressl%2Cvprv%2Cmime%2Cns%2Cgir%2Cclen%2Cdur%2Clmt&sig=AOq0QJ8wRAIhANM8FJJU2nZC06OsakEOfA7PtlsS8cE42KcaffzDIkkdAh9SReJYrv5_vC5toZm7Or17JlATY9K9vJoGskBAYOtI&lsparams=mh%2Cmm%2Cmn%2Cms%2Cmv%2Cmvi%2Cpcm2cms%2Cpl%2Cinitcwndbps&lsig=AG3C_xAwRQIhAI6Xi1nu7o7NRCFZwr7ECQq4Di6LNvEnn_ls_ieFd_OaAiA0IjsRvptnVZhs70ZEntNLUzBXB5Ij9ZbyP7WxBtq2Yw%3D%3D&ratebypass=yes", "player_url": null, "ext": "webm", "height": 480, "format_note": "480p", "vcodec": "vp9", "asr": null, "filesize": 2491067, "fps": 12, "tbr": 128.312, "width": 854, "acodec": "none", "downloader_options": {"http_chunk_size": 10485760}, "format": "244 - 854x480 (480p)", "protocol": "https", "http_headers": {"User-Agent": "Mozilla/5.0 (Windows NT 10.0; Win64; x64) AppleWebKit/537.36 (KHTML, like Gecko) Chrome/72.0.3626.25 Safari/537.36", "Accept-Charset": "ISO-8859-1,utf-8;q=0.7,*;q=0.7", "Accept": "text/html,application/xhtml+xml,application/xml;q=0.9,*/*;q=0.8", "Accept-Encoding": "gzip, deflate", "Accept-Language": "en-us,en;q=0.5"}}, {"format_id": "243", "url": "https://r4---sn-5njj-u2xl.googlevideo.com/videoplayback?expire=1611764199&ei=hz0RYOOuOfKAs8IP6qKryAY&ip=140.109.135.76&id=o-AFFh732GLOooAUZZt4xlr4rIMQrpss1z2goMs27TBw1K&itag=243&aitags=133%2C134%2C135%2C136%2C137%2C160%2C242%2C243%2C244%2C247%2C248%2C278&source=youtube&requiressl=yes&mh=0R&mm=31%2C29&mn=sn-5njj-u2xl%2Csn-un57sn76&ms=au%2Crdu&mv=m&mvi=4&pcm2cms=yes&pl=16&initcwndbps=546250&vprv=1&mime=video%2Fwebm&ns=-hDcq-nEqA9Tr_75TFcwBAQF&gir=yes&clen=2118317&dur=219.749&lmt=1542578465293780&mt=1611742362&fvip=4&keepalive=yes&beids=9466586&c=WEB&txp=5432432&n=jE4qq8HJQeCz8Eb69SSx&sparams=expire%2Cei%2Cip%2Cid%2Caitags%2Csource%2Crequiressl%2Cvprv%2Cmime%2Cns%2Cgir%2Cclen%2Cdur%2Clmt&sig=AOq0QJ8wRQIhAJLXsIyaPJBZeMcIRK72KB8NUdroSMp50z0cCl1mpdHvAiAdSqGMib-M2YbxEpSmlNVR_3O7fboi5o64i9WUqa8nEA%3D%3D&lsparams=mh%2Cmm%2Cmn%2Cms%2Cmv%2Cmvi%2Cpcm2cms%2Cpl%2Cinitcwndbps&lsig=AG3C_xAwRQIhAI6Xi1nu7o7NRCFZwr7ECQq4Di6LNvEnn_ls_ieFd_OaAiA0IjsRvptnVZhs70ZEntNLUzBXB5Ij9ZbyP7WxBtq2Yw%3D%3D&ratebypass=yes", "player_url": null, "ext": "webm", "height": 360, "format_note": "360p", "vcodec": "vp9", "asr": null, "filesize": 2118317, "fps": 12, "tbr": 129.227, "width": 640, "acodec": "none", "downloader_options": {"http_chunk_size": 10485760}, "format": "243 - 640x360 (360p)", "protocol": "https", "http_headers": {"User-Agent": "Mozilla/5.0 (Windows NT 10.0; Win64; x64) AppleWebKit/537.36 (KHTML, like Gecko) Chrome/72.0.3626.25 Safari/537.36", "Accept-Charset": "ISO-8859-1,utf-8;q=0.7,*;q=0.7", "Accept": "text/html,application/xhtml+xml,application/xml;q=0.9,*/*;q=0.8", "Accept-Encoding": "gzip, deflate", "Accept-Language": "en-us,en;q=0.5"}}, {"format_id": "136", "url": "https://r4---sn-5njj-u2xl.googlevideo.com/videoplayback?expire=1611764199&ei=hz0RYOOuOfKAs8IP6qKryAY&ip=140.109.135.76&id=o-AFFh732GLOooAUZZt4xlr4rIMQrpss1z2goMs27TBw1K&itag=136&aitags=133%2C134%2C135%2C136%2C137%2C160%2C242%2C243%2C244%2C247%2C248%2C278&source=youtube&requiressl=yes&mh=0R&mm=31%2C29&mn=sn-5njj-u2xl%2Csn-un57sn76&ms=au%2Crdu&mv=m&mvi=4&pcm2cms=yes&pl=16&initcwndbps=546250&vprv=1&mime=video%2Fmp4&ns=-hDcq-nEqA9Tr_75TFcwBAQF&gir=yes&clen=2771937&dur=219.750&lmt=1608449944115342&mt=1611742362&fvip=4&keepalive=yes&beids=9466586&c=WEB&txp=5432432&n=jE4qq8HJQeCz8Eb69SSx&sparams=expire%2Cei%2Cip%2Cid%2Caitags%2Csource%2Crequiressl%2Cvprv%2Cmime%2Cns%2Cgir%2Cclen%2Cdur%2Clmt&sig=AOq0QJ8wRgIhAKFdwzQejiZvW8W1wP89Jk6l3mlHd9w7f0WVvGXPyFvvAiEA330LM-lgk3FIPe2y-h1yXhubUICqiclNCG2s4fa-0dE%3D&lsparams=mh%2Cmm%2Cmn%2Cms%2Cmv%2Cmvi%2Cpcm2cms%2Cpl%2Cinitcwndbps&lsig=AG3C_xAwRQIhAI6Xi1nu7o7NRCFZwr7ECQq4Di6LNvEnn_ls_ieFd_OaAiA0IjsRvptnVZhs70ZEntNLUzBXB5Ij9ZbyP7WxBtq2Yw%3D%3D&ratebypass=yes", "player_url": null, "ext": "mp4", "height": 720, "format_note": "720p", "vcodec": "avc1.4d401f", "asr": null, "filesize": 2771937, "fps": 12, "tbr": 136.174, "width": 1280, "acodec": "none", "downloader_options": {"http_chunk_size": 10485760}, "format": "136 - 1280x720 (720p)", "protocol": "https", "http_headers": {"User-Agent": "Mozilla/5.0 (Windows NT 10.0; Win64; x64) AppleWebKit/537.36 (KHTML, like Gecko) Chrome/72.0.3626.25 Safari/537.36", "Accept-Charset": "ISO-8859-1,utf-8;q=0.7,*;q=0.7", "Accept": "text/html,application/xhtml+xml,application/xml;q=0.9,*/*;q=0.8", "Accept-Encoding": "gzip, deflate", "Accept-Language": "en-us,en;q=0.5"}}, {"format_id": "247", "url": "https://r4---sn-5njj-u2xl.googlevideo.com/videoplayback?expire=1611764199&ei=hz0RYOOuOfKAs8IP6qKryAY&ip=140.109.135.76&id=o-AFFh732GLOooAUZZt4xlr4rIMQrpss1z2goMs27TBw1K&itag=247&aitags=133%2C134%2C135%2C136%2C137%2C160%2C242%2C243%2C244%2C247%2C248%2C278&source=youtube&requiressl=yes&mh=0R&mm=31%2C29&mn=sn-5njj-u2xl%2Csn-un57sn76&ms=au%2Crdu&mv=m&mvi=4&pcm2cms=yes&pl=16&initcwndbps=546250&vprv=1&mime=video%2Fwebm&ns=-hDcq-nEqA9Tr_75TFcwBAQF&gir=yes&clen=4730774&dur=219.749&lmt=1542578465277914&mt=1611742362&fvip=4&keepalive=yes&beids=9466586&c=WEB&txp=5432432&n=jE4qq8HJQeCz8Eb69SSx&sparams=expire%2Cei%2Cip%2Cid%2Caitags%2Csource%2Crequiressl%2Cvprv%2Cmime%2Cns%2Cgir%2Cclen%2Cdur%2Clmt&sig=AOq0QJ8wRgIhAMLcitNDhj61OtPWZ6MHbYY2VTIVcT_XJEF3XaulNDEjAiEAngTN8iBu8OElWQ06g2g-ob2G0Wo98kdDjqldBLv606I%3D&lsparams=mh%2Cmm%2Cmn%2Cms%2Cmv%2Cmvi%2Cpcm2cms%2Cpl%2Cinitcwndbps&lsig=AG3C_xAwRQIhAI6Xi1nu7o7NRCFZwr7ECQq4Di6LNvEnn_ls_ieFd_OaAiA0IjsRvptnVZhs70ZEntNLUzBXB5Ij9ZbyP7WxBtq2Yw%3D%3D&ratebypass=yes", "player_url": null, "ext": "webm", "height": 720, "format_note": "720p", "vcodec": "vp9", "asr": null, "filesize": 4730774, "fps": 12, "tbr": 253.031, "width": 1280, "acodec": "none", "downloader_options": {"http_chunk_size": 10485760}, "format": "247 - 1280x720 (720p)", "protocol": "https", "http_headers": {"User-Agent": "Mozilla/5.0 (Windows NT 10.0; Win64; x64) AppleWebKit/537.36 (KHTML, like Gecko) Chrome/72.0.3626.25 Safari/537.36", "Accept-Charset": "ISO-8859-1,utf-8;q=0.7,*;q=0.7", "Accept": "text/html,application/xhtml+xml,application/xml;q=0.9,*/*;q=0.8", "Accept-Encoding": "gzip, deflate", "Accept-Language": "en-us,en;q=0.5"}}, {"format_id": "248", "url": "https://r4---sn-5njj-u2xl.googlevideo.com/videoplayback?expire=1611764199&ei=hz0RYOOuOfKAs8IP6qKryAY&ip=140.109.135.76&id=o-AFFh732GLOooAUZZt4xlr4rIMQrpss1z2goMs27TBw1K&itag=248&aitags=133%2C134%2C135%2C136%2C137%2C160%2C242%2C243%2C244%2C247%2C248%2C278&source=youtube&requiressl=yes&mh=0R&mm=31%2C29&mn=sn-5njj-u2xl%2Csn-un57sn76&ms=au%2Crdu&mv=m&mvi=4&pcm2cms=yes&pl=16&initcwndbps=546250&vprv=1&mime=video%2Fwebm&ns=-hDcq-nEqA9Tr_75TFcwBAQF&gir=yes&clen=8721353&dur=219.749&lmt=1542578151023325&mt=1611742362&fvip=4&keepalive=yes&beids=9466586&c=WEB&txp=5432432&n=jE4qq8HJQeCz8Eb69SSx&sparams=expire%2Cei%2Cip%2Cid%2Caitags%2Csource%2Crequiressl%2Cvprv%2Cmime%2Cns%2Cgir%2Cclen%2Cdur%2Clmt&sig=AOq0QJ8wRQIgaAop9dqRwVNdKQdcJ1v7V60kpE4xIB7jZo9M40Kf4aACIQC4BELm2-XFuGeevnJAuh1lJcPGNEePgQ3dH2y6XTHVeg%3D%3D&lsparams=mh%2Cmm%2Cmn%2Cms%2Cmv%2Cmvi%2Cpcm2cms%2Cpl%2Cinitcwndbps&lsig=AG3C_xAwRQIhAI6Xi1nu7o7NRCFZwr7ECQq4Di6LNvEnn_ls_ieFd_OaAiA0IjsRvptnVZhs70ZEntNLUzBXB5Ij9ZbyP7WxBtq2Yw%3D%3D&ratebypass=yes", "player_url": null, "ext": "webm", "height": 1080, "format_note": "1080p", "vcodec": "vp9", "asr": null, "filesize": 8721353, "fps": 12, "tbr": 500.047, "width": 1920, "acodec": "none", "downloader_options": {"http_chunk_size": 10485760}, "format": "248 - 1920x1080 (1080p)", "protocol": "https", "http_headers": {"User-Agent": "Mozilla/5.0 (Windows NT 10.0; Win64; x64) AppleWebKit/537.36 (KHTML, like Gecko) Chrome/72.0.3626.25 Safari/537.36", "Accept-Charset": "ISO-8859-1,utf-8;q=0.7,*;q=0.7", "Accept": "text/html,application/xhtml+xml,application/xml;q=0.9,*/*;q=0.8", "Accept-Encoding": "gzip, deflate", "Accept-Language": "en-us,en;q=0.5"}}, {"format_id": "137", "url": "https://r4---sn-5njj-u2xl.googlevideo.com/videoplayback?expire=1611764199&ei=hz0RYOOuOfKAs8IP6qKryAY&ip=140.109.135.76&id=o-AFFh732GLOooAUZZt4xlr4rIMQrpss1z2goMs27TBw1K&itag=137&aitags=133%2C134%2C135%2C136%2C137%2C160%2C242%2C243%2C244%2C247%2C248%2C278&source=youtube&requiressl=yes&mh=0R&mm=31%2C29&mn=sn-5njj-u2xl%2Csn-un57sn76&ms=au%2Crdu&mv=m&mvi=4&pcm2cms=yes&pl=16&initcwndbps=546250&vprv=1&mime=video%2Fmp4&ns=-hDcq-nEqA9Tr_75TFcwBAQF&gir=yes&clen=10754323&dur=219.750&lmt=1608449943012087&mt=1611742362&fvip=4&keepalive=yes&beids=9466586&c=WEB&txp=5432432&n=jE4qq8HJQeCz8Eb69SSx&sparams=expire%2Cei%2Cip%2Cid%2Caitags%2Csource%2Crequiressl%2Cvprv%2Cmime%2Cns%2Cgir%2Cclen%2Cdur%2Clmt&sig=AOq0QJ8wRQIhAOiI2uQoHLP6hacdNHkSMrnWOQtM3uPGW6kbKQCh-szyAiA7HcxqcjducRKJ45FNi890R7Vts8LwIbNj7piciSLh0w%3D%3D&lsparams=mh%2Cmm%2Cmn%2Cms%2Cmv%2Cmvi%2Cpcm2cms%2Cpl%2Cinitcwndbps&lsig=AG3C_xAwRQIhAI6Xi1nu7o7NRCFZwr7ECQq4Di6LNvEnn_ls_ieFd_OaAiA0IjsRvptnVZhs70ZEntNLUzBXB5Ij9ZbyP7WxBtq2Yw%3D%3D&ratebypass=yes", "player_url": null, "ext": "mp4", "height": 1080, "format_note": "1080p", "vcodec": "avc1.640028", "asr": null, "filesize": 10754323, "fps": 12, "tbr": 567.07, "width": 1920, "acodec": "none", "downloader_options": {"http_chunk_size": 10485760}, "format": "137 - 1920x1080 (1080p)", "protocol": "https", "http_headers": {"User-Agent": "Mozilla/5.0 (Windows NT 10.0; Win64; x64) AppleWebKit/537.36 (KHTML, like Gecko) Chrome/72.0.3626.25 Safari/537.36", "Accept-Charset": "ISO-8859-1,utf-8;q=0.7,*;q=0.7", "Accept": "text/html,application/xhtml+xml,application/xml;q=0.9,*/*;q=0.8", "Accept-Encoding": "gzip, deflate", "Accept-Language": "en-us,en;q=0.5"}}, {"format_id": "18", "url": "https://r4---sn-5njj-u2xl.googlevideo.com/videoplayback?expire=1611764199&ei=hz0RYOOuOfKAs8IP6qKryAY&ip=140.109.135.76&id=o-AFFh732GLOooAUZZt4xlr4rIMQrpss1z2goMs27TBw1K&itag=18&source=youtube&requiressl=yes&mh=0R&mm=31%2C29&mn=sn-5njj-u2xl%2Csn-un57sn76&ms=au%2Crdu&mv=m&mvi=4&pcm2cms=yes&pl=16&initcwndbps=546250&vprv=1&mime=video%2Fmp4&ns=3v3-ayMM7ma1N6Q15kNb--kF&gir=yes&clen=9788569&ratebypass=yes&dur=219.800&lmt=1447562763608337&mt=1611742362&fvip=4&beids=9466586&c=WEB&n=orDawi_MSWt3OICRvIzO&sparams=expire%2Cei%2Cip%2Cid%2Citag%2Csource%2Crequiressl%2Cvprv%2Cmime%2Cns%2Cgir%2Cclen%2Cratebypass%2Cdur%2Clmt&sig=AOq0QJ8wRQIhAKar4RAbibB8K753MP1x45BitqG7wrAKqEDYyz8fz2HLAiBbvbTreEhjKEvCuad1kBDuTaTtPetUOHClYKu_15ULkA%3D%3D&lsparams=mh%2Cmm%2Cmn%2Cms%2Cmv%2Cmvi%2Cpcm2cms%2Cpl%2Cinitcwndbps&lsig=AG3C_xAwRQIhAI6Xi1nu7o7NRCFZwr7ECQq4Di6LNvEnn_ls_ieFd_OaAiA0IjsRvptnVZhs70ZEntNLUzBXB5Ij9ZbyP7WxBtq2Yw%3D%3D", "player_url": null, "ext": "mp4", "width": 640, "height": 360, "acodec": "mp4a.40.2", "abr": 96, "vcodec": "avc1.42001E", "asr": 44100, "filesize": 9788569, "format_note": "360p", "fps": 12, "tbr": 356.352, "format": "18 - 640x360 (360p)", "protocol": "https", "http_headers": {"User-Agent": "Mozilla/5.0 (Windows NT 10.0; Win64; x64) AppleWebKit/537.36 (KHTML, like Gecko) Chrome/72.0.3626.25 Safari/537.36", "Accept-Charset": "ISO-8859-1,utf-8;q=0.7,*;q=0.7", "Accept": "text/html,application/xhtml+xml,application/xml;q=0.9,*/*;q=0.8", "Accept-Encoding": "gzip, deflate", "Accept-Language": "en-us,en;q=0.5"}}], "is_live": null, "start_time": null, "end_time": null, "series": null, "season_number": null, "episode_number": null, "track": null, "artist": null, "album": null, "release_date": null, "release_year": null, "extractor": "youtube", "webpage_url_basename": "watch", "extractor_key": "Youtube", "playlist": null, "playlist_index": null, "thumbnail": "https://i.ytimg.com/vi_webp/EC8hO-mErlw/maxresdefault.webp", "display_id": "EC8hO-mErlw", "requested_subtitles": null, "format_id": "251", "url": "https://r4---sn-5njj-u2xl.googlevideo.com/videoplayback?expire=1611764199&ei=hz0RYOOuOfKAs8IP6qKryAY&ip=140.109.135.76&id=o-AFFh732GLOooAUZZt4xlr4rIMQrpss1z2goMs27TBw1K&itag=251&source=youtube&requiressl=yes&mh=0R&mm=31%2C29&mn=sn-5njj-u2xl%2Csn-un57sn76&ms=au%2Crdu&mv=m&mvi=4&pcm2cms=yes&pl=16&initcwndbps=546250&vprv=1&mime=audio%2Fwebm&ns=-hDcq-nEqA9Tr_75TFcwBAQF&gir=yes&clen=4041201&dur=219.761&lmt=1496489290241653&mt=1611742362&fvip=4&keepalive=yes&beids=9466586&c=WEB&n=jE4qq8HJQeCz8Eb69SSx&sparams=expire%2Cei%2Cip%2Cid%2Citag%2Csource%2Crequiressl%2Cvprv%2Cmime%2Cns%2Cgir%2Cclen%2Cdur%2Clmt&sig=AOq0QJ8wRQIhAKchkbiNnJu6NVdvbxcxZG35Paoumf7PcWVYw9qd-yL-AiA_MsKOYA0z27Rjrq9-zeIC_oiu-DVG2aPtgi5r_-PbeQ%3D%3D&lsparams=mh%2Cmm%2Cmn%2Cms%2Cmv%2Cmvi%2Cpcm2cms%2Cpl%2Cinitcwndbps&lsig=AG3C_xAwRQIhAI6Xi1nu7o7NRCFZwr7ECQq4Di6LNvEnn_ls_ieFd_OaAiA0IjsRvptnVZhs70ZEntNLUzBXB5Ij9ZbyP7WxBtq2Yw%3D%3D&ratebypass=yes", "player_url": null, "ext": "webm", "format_note": "tiny", "acodec": "opus", "abr": 160, "asr": 48000, "filesize": 4041201, "fps": null, "height": null, "tbr": 155.32, "width": null, "vcodec": "none", "downloader_options": {"http_chunk_size": 10485760}, "format": "251 - audio only (tiny)", "protocol": "https", "http_headers": {"User-Agent": "Mozilla/5.0 (Windows NT 10.0; Win64; x64) AppleWebKit/537.36 (KHTML, like Gecko) Chrome/72.0.3626.25 Safari/537.36", "Accept-Charset": "ISO-8859-1,utf-8;q=0.7,*;q=0.7", "Accept": "text/html,application/xhtml+xml,application/xml;q=0.9,*/*;q=0.8", "Accept-Encoding": "gzip, deflate", "Accept-Language": "en-us,en;q=0.5"}}