{"id": "ezoAduuCkUs", "uploader": "Peaceful Pianosi - Topic", "uploader_id": "UCq2HY9HgAne8Lu2nGwxZw2Q", "uploader_url": "http://www.youtube.com/channel/UCq2HY9HgAne8Lu2nGwxZw2Q", "channel_id": "UCq2HY9HgAne8Lu2nGwxZw2Q", "channel_url": "http://www.youtube.com/channel/UCq2HY9HgAne8Lu2nGwxZw2Q", "upload_date": "20200609", "license": null, "creator": "Peaceful Pianosi", "title": "Piano Covers", "alt_title": "Piano Covers", "thumbnails": [{"url": "https://i.ytimg.com/vi/ezoAduuCkUs/hqdefault.jpg?sqp=-oaymwEYCKgBEF5IVfKriqkDCwgBFQAAiEIYAXAB&rs=AOn4CLADlfGjIjGNGHY6RzeGh4KVFpLpqA", "width": 168, "height": 94, "resolution": "168x94", "id": "0"}, {"url": "https://i.ytimg.com/vi/ezoAduuCkUs/hqdefault.jpg?sqp=-oaymwEYCMQBEG5IVfKriqkDCwgBFQAAiEIYAXAB&rs=AOn4CLD2fg89L6p2Jnu_iumE86Vafqoq2g", "width": 196, "height": 110, "resolution": "196x110", "id": "1"}, {"url": "https://i.ytimg.com/vi/ezoAduuCkUs/hqdefault.jpg?sqp=-oaymwEZCPYBEIoBSFXyq4qpAwsIARUAAIhCGAFwAQ==&rs=AOn4CLBwLnKDii9SXjcq_rZHUR8QKm6dig", "width": 246, "height": 138, "resolution": "246x138", "id": "2"}, {"url": "https://i.ytimg.com/vi/ezoAduuCkUs/hqdefault.jpg?sqp=-oaymwEZCNACELwBSFXyq4qpAwsIARUAAIhCGAFwAQ==&rs=AOn4CLBAUxikmGV8EtNzo2ilddXgJ2fH-A", "width": 336, "height": 188, "resolution": "336x188", "id": "3"}, {"url": "https://i.ytimg.com/vi_webp/ezoAduuCkUs/maxresdefault.webp", "width": 1920, "height": 1080, "resolution": "1920x1080", "id": "4"}], "description": "Provided to YouTube by recordJet\n\nPiano Covers \u00b7 Peaceful Pianosi\n\nPiano Cover\n\n\u2117 Marsmen Music\n\nReleased on: 2020-06-05\n\nPiano: Jonas Schneider\nComposer: Jonas Schneider\n\nAuto-generated by YouTube.", "categories": ["Music"], "tags": ["Peaceful Pianosi", "Piano Cover", "Piano Covers"], "subtitles": {}, "automatic_captions": {}, "duration": 116, "age_limit": 0, "annotations": null, "chapters": null, "webpage_url": "https://www.youtube.com/watch?v=ezoAduuCkUs", "view_count": 1721, "like_count": 4, "dislike_count": null, "average_rating": 5.0, "formats": [{"format_id": "249", "url": "https://r2---sn-5njj-u2xe.googlevideo.com/videoplayback?expire=1608485359&ei=jzXfX_i8BsPHqQH_nLrAAw&ip=140.109.135.76&id=o-ADv0zW-9y0nuVpasia-AHKqdvFDjzEmFaTW1kjX29d5G&itag=249&source=youtube&requiressl=yes&mh=6J&mm=31%2C29&mn=sn-5njj-u2xe%2Csn-un57sn7z&ms=au%2Crdu&mv=m&mvi=2&pl=16&gcr=tw&initcwndbps=395000&vprv=1&mime=audio%2Fwebm&ns=3XUos9OKG8mYy9boldm01y0F&gir=yes&clen=809830&dur=115.861&lmt=1596604119203970&mt=1608463244&fvip=2&keepalive=yes&c=WEB&txp=2311222&n=faRUvwqHHejAGsEPp&sparams=expire%2Cei%2Cip%2Cid%2Citag%2Csource%2Crequiressl%2Cgcr%2Cvprv%2Cmime%2Cns%2Cgir%2Cclen%2Cdur%2Clmt&lsparams=mh%2Cmm%2Cmn%2Cms%2Cmv%2Cmvi%2Cpl%2Cinitcwndbps&lsig=AG3C_xAwRgIhAJ-Hta2ZT73fGtOr6lNyUk78rq-wrywt6u-7Uan_AhTBAiEA5gNlmNDMuQiR6EeVE97RioeVoHz09bpCW0fshQ8mIqQ%3D&sig=AOq0QJ8wRgIhAJeFjun9mITqSzRJ9onTbY7utuZ5RzFWiTYuWRoPCR3qAiEAy9AnkP1U3gp8qJjbb4cLOTd-cbQdTwfMTf-uWbxPSCM=&ratebypass=yes", "player_url": "/s/player/2e6e57d8/player_ias.vflset/en_US/base.js", "ext": "webm", "format_note": "tiny", "acodec": "opus", "abr": 50, "asr": 48000, "filesize": 809830, "fps": null, "height": null, "tbr": 59.1, "width": null, "vcodec": "none", "downloader_options": {"http_chunk_size": 10485760}, "format": "249 - audio only (tiny)", "protocol": "https", "http_headers": {"User-Agent": "Mozilla/5.0 (Windows NT 10.0; Win64; x64) AppleWebKit/537.36 (KHTML, like Gecko) Chrome/70.0.3538.31 Safari/537.36", "Accept-Charset": "ISO-8859-1,utf-8;q=0.7,*;q=0.7", "Accept": "text/html,application/xhtml+xml,application/xml;q=0.9,*/*;q=0.8", "Accept-Encoding": "gzip, deflate", "Accept-Language": "en-us,en;q=0.5"}}, {"format_id": "250", "url": "https://r2---sn-5njj-u2xe.googlevideo.com/videoplayback?expire=1608485359&ei=jzXfX_i8BsPHqQH_nLrAAw&ip=140.109.135.76&id=o-ADv0zW-9y0nuVpasia-AHKqdvFDjzEmFaTW1kjX29d5G&itag=250&source=youtube&requiressl=yes&mh=6J&mm=31%2C29&mn=sn-5njj-u2xe%2Csn-un57sn7z&ms=au%2Crdu&mv=m&mvi=2&pl=16&gcr=tw&initcwndbps=395000&vprv=1&mime=audio%2Fwebm&ns=3XUos9OKG8mYy9boldm01y0F&gir=yes&clen=1076610&dur=115.861&lmt=1596604111802290&mt=1608463244&fvip=2&keepalive=yes&c=WEB&txp=2311222&n=faRUvwqHHejAGsEPp&sparams=expire%2Cei%2Cip%2Cid%2Citag%2Csource%2Crequiressl%2Cgcr%2Cvprv%2Cmime%2Cns%2Cgir%2Cclen%2Cdur%2Clmt&lsparams=mh%2Cmm%2Cmn%2Cms%2Cmv%2Cmvi%2Cpl%2Cinitcwndbps&lsig=AG3C_xAwRQIhAMC81EXPHhQ1etsSJ-NLDbGavBsbi4HwqLC5AuP0TyyaAiBzrQIJkRBIv-8a8lCT84TyGBcHpvsxZII7Z4Wdqbj4aQ%3D%3D&sig=AOq0QJ8wRgIhANSr4wjlMftRn21lXpeb93y0ISnrcdSYYy5gbiCa_LBUAiEApSCL0DXA9mcnzIMX-xlvojqRa_p8OvvOuoAm85aGCXs=&ratebypass=yes", "player_url": "/s/player/2e6e57d8/player_ias.vflset/en_US/base.js", "ext": "webm", "format_note": "tiny", "acodec": "opus", "abr": 70, "asr": 48000, "filesize": 1076610, "fps": null, "height": null, "tbr": 77.9, "width": null, "vcodec": "none", "downloader_options": {"http_chunk_size": 10485760}, "format": "250 - audio only (tiny)", "protocol": "https", "http_headers": {"User-Agent": "Mozilla/5.0 (Windows NT 10.0; Win64; x64) AppleWebKit/537.36 (KHTML, like Gecko) Chrome/70.0.3538.31 Safari/537.36", "Accept-Charset": "ISO-8859-1,utf-8;q=0.7,*;q=0.7", "Accept": "text/html,application/xhtml+xml,application/xml;q=0.9,*/*;q=0.8", "Accept-Encoding": "gzip, deflate", "Accept-Language": "en-us,en;q=0.5"}}, {"format_id": "140", "url": "https://r2---sn-5njj-u2xe.googlevideo.com/videoplayback?expire=1608485359&ei=jzXfX_i8BsPHqQH_nLrAAw&ip=140.109.135.76&id=o-ADv0zW-9y0nuVpasia-AHKqdvFDjzEmFaTW1kjX29d5G&itag=140&source=youtube&requiressl=yes&mh=6J&mm=31%2C29&mn=sn-5njj-u2xe%2Csn-un57sn7z&ms=au%2Crdu&mv=m&mvi=2&pl=16&gcr=tw&initcwndbps=395000&vprv=1&mime=audio%2Fmp4&ns=3XUos9OKG8mYy9boldm01y0F&gir=yes&clen=1877741&dur=115.838&lmt=1596604112178269&mt=1608463244&fvip=2&keepalive=yes&c=WEB&txp=2311222&n=faRUvwqHHejAGsEPp&sparams=expire%2Cei%2Cip%2Cid%2Citag%2Csource%2Crequiressl%2Cgcr%2Cvprv%2Cmime%2Cns%2Cgir%2Cclen%2Cdur%2Clmt&lsparams=mh%2Cmm%2Cmn%2Cms%2Cmv%2Cmvi%2Cpl%2Cinitcwndbps&lsig=AG3C_xAwRAIgN6QgXPKbXJkmPzQYQW_ru-XguGcG--LpTDUR4byZkd4CIBIzswDgVFJrpvlaN4LC6w566HP0wnZVwqcWCwiYkXEa&sig=AOq0QJ8wRAIgCYGl_5QcCtk9oZAa3jWjFVliRESjfZD1IY2Zcz5yWMYCIE2Fe6ppNDKiTpHhDAp5_GRAJC2b9a08qjaKQV8J4W_r&ratebypass=yes", "player_url": "/s/player/2e6e57d8/player_ias.vflset/en_US/base.js", "ext": "m4a", "format_note": "tiny", "acodec": "mp4a.40.2", "abr": 128, "container": "m4a_dash", "asr": 44100, "filesize": 1877741, "fps": null, "height": null, "tbr": 131.253, "width": null, "vcodec": "none", "downloader_options": {"http_chunk_size": 10485760}, "format": "140 - audio only (tiny)", "protocol": "https", "http_headers": {"User-Agent": "Mozilla/5.0 (Windows NT 10.0; Win64; x64) AppleWebKit/537.36 (KHTML, like Gecko) Chrome/70.0.3538.31 Safari/537.36", "Accept-Charset": "ISO-8859-1,utf-8;q=0.7,*;q=0.7", "Accept": "text/html,application/xhtml+xml,application/xml;q=0.9,*/*;q=0.8", "Accept-Encoding": "gzip, deflate", "Accept-Language": "en-us,en;q=0.5"}}, {"format_id": "251", "url": "https://r2---sn-5njj-u2xe.googlevideo.com/videoplayback?expire=1608485359&ei=jzXfX_i8BsPHqQH_nLrAAw&ip=140.109.135.76&id=o-ADv0zW-9y0nuVpasia-AHKqdvFDjzEmFaTW1kjX29d5G&itag=251&source=youtube&requiressl=yes&mh=6J&mm=31%2C29&mn=sn-5njj-u2xe%2Csn-un57sn7z&ms=au%2Crdu&mv=m&mvi=2&pl=16&gcr=tw&initcwndbps=395000&vprv=1&mime=audio%2Fwebm&ns=3XUos9OKG8mYy9boldm01y0F&gir=yes&clen=2228300&dur=115.861&lmt=1596604111912430&mt=1608463244&fvip=2&keepalive=yes&c=WEB&txp=2311222&n=faRUvwqHHejAGsEPp&sparams=expire%2Cei%2Cip%2Cid%2Citag%2Csource%2Crequiressl%2Cgcr%2Cvprv%2Cmime%2Cns%2Cgir%2Cclen%2Cdur%2Clmt&lsparams=mh%2Cmm%2Cmn%2Cms%2Cmv%2Cmvi%2Cpl%2Cinitcwndbps&lsig=AG3C_xAwRgIhAKuycnhk3KgU1ShkFPLb-j7X5U5mN67Fxvc1Bn8N4SpOAiEA4xMSkCPhzNcPDSfAVoXKBFnNhvrTFkockRJeL5TUgkQ%3D&sig=AOq0QJ8wRgIhALYkhvfWkh1vG6GmgYC7woEbMkEg7PiSazsC_l9MledcAiEA1rra4BO_GRA7GMat1gKgiTeHpiG-TF3e3engzkI2Wc8=&ratebypass=yes", "player_url": "/s/player/2e6e57d8/player_ias.vflset/en_US/base.js", "ext": "webm", "format_note": "tiny", "acodec": "opus", "abr": 160, "asr": 48000, "filesize": 2228300, "fps": null, "height": null, "tbr": 162.153, "width": null, "vcodec": "none", "downloader_options": {"http_chunk_size": 10485760}, "format": "251 - audio only (tiny)", "protocol": "https", "http_headers": {"User-Agent": "Mozilla/5.0 (Windows NT 10.0; Win64; x64) AppleWebKit/537.36 (KHTML, like Gecko) Chrome/70.0.3538.31 Safari/537.36", "Accept-Charset": "ISO-8859-1,utf-8;q=0.7,*;q=0.7", "Accept": "text/html,application/xhtml+xml,application/xml;q=0.9,*/*;q=0.8", "Accept-Encoding": "gzip, deflate", "Accept-Language": "en-us,en;q=0.5"}}, {"format_id": "160", "url": "https://r2---sn-5njj-u2xe.googlevideo.com/videoplayback?expire=1608485359&ei=jzXfX_i8BsPHqQH_nLrAAw&ip=140.109.135.76&id=o-ADv0zW-9y0nuVpasia-AHKqdvFDjzEmFaTW1kjX29d5G&itag=160&aitags=133%2C134%2C135%2C136%2C137%2C160%2C242%2C243%2C244%2C247%2C248%2C278&source=youtube&requiressl=yes&mh=6J&mm=31%2C29&mn=sn-5njj-u2xe%2Csn-un57sn7z&ms=au%2Crdu&mv=m&mvi=2&pl=16&gcr=tw&initcwndbps=395000&vprv=1&mime=video%2Fmp4&ns=3XUos9OKG8mYy9boldm01y0F&gir=yes&clen=143614&dur=115.800&lmt=1596604115761592&mt=1608463244&fvip=2&keepalive=yes&c=WEB&txp=2316222&n=faRUvwqHHejAGsEPp&sparams=expire%2Cei%2Cip%2Cid%2Caitags%2Csource%2Crequiressl%2Cgcr%2Cvprv%2Cmime%2Cns%2Cgir%2Cclen%2Cdur%2Clmt&lsparams=mh%2Cmm%2Cmn%2Cms%2Cmv%2Cmvi%2Cpl%2Cinitcwndbps&lsig=AG3C_xAwRQIgRCHZrfMtwQEEbFdF14axncc_F-kYUYcIpeMPl30tMzoCIQCcKMTMamuTAJFE_gZXi9WAPE7Af389e1od1rBn3M7Ldw%3D%3D&sig=AOq0QJ8wRgIhAOTdAZ0m0U6ZcVD1kUpmukMRgR-CcvSn5kzUEl3gv84gAiEArI-f3-ge1aHCCHA6G5qSEYR6-CMlnRQIS2vM5YR7hjM=&ratebypass=yes", "player_url": "/s/player/2e6e57d8/player_ias.vflset/en_US/base.js", "ext": "mp4", "height": 144, "format_note": "144p", "vcodec": "avc1.4d400b", "asr": null, "filesize": 143614, "fps": 25, "tbr": 12.769, "width": 144, "acodec": "none", "downloader_options": {"http_chunk_size": 10485760}, "format": "160 - 144x144 (144p)", "protocol": "https", "http_headers": {"User-Agent": "Mozilla/5.0 (Windows NT 10.0; Win64; x64) AppleWebKit/537.36 (KHTML, like Gecko) Chrome/70.0.3538.31 Safari/537.36", "Accept-Charset": "ISO-8859-1,utf-8;q=0.7,*;q=0.7", "Accept": "text/html,application/xhtml+xml,application/xml;q=0.9,*/*;q=0.8", "Accept-Encoding": "gzip, deflate", "Accept-Language": "en-us,en;q=0.5"}}, {"format_id": "278", "url": "https://r2---sn-5njj-u2xe.googlevideo.com/videoplayback?expire=1608485359&ei=jzXfX_i8BsPHqQH_nLrAAw&ip=140.109.135.76&id=o-ADv0zW-9y0nuVpasia-AHKqdvFDjzEmFaTW1kjX29d5G&itag=278&aitags=133%2C134%2C135%2C136%2C137%2C160%2C242%2C243%2C244%2C247%2C248%2C278&source=youtube&requiressl=yes&mh=6J&mm=31%2C29&mn=sn-5njj-u2xe%2Csn-un57sn7z&ms=au%2Crdu&mv=m&mvi=2&pl=16&gcr=tw&initcwndbps=395000&vprv=1&mime=video%2Fwebm&ns=3XUos9OKG8mYy9boldm01y0F&gir=yes&clen=176017&dur=115.800&lmt=1596604116242195&mt=1608463244&fvip=2&keepalive=yes&c=WEB&txp=2316222&n=faRUvwqHHejAGsEPp&sparams=expire%2Cei%2Cip%2Cid%2Caitags%2Csource%2Crequiressl%2Cgcr%2Cvprv%2Cmime%2Cns%2Cgir%2Cclen%2Cdur%2Clmt&lsparams=mh%2Cmm%2Cmn%2Cms%2Cmv%2Cmvi%2Cpl%2Cinitcwndbps&lsig=AG3C_xAwRgIhAJvZYE7LA_lRPd8gSQKcFgAceuNSpcIFSAxIMi_Cb4StAiEA_y50ebH5DIgbbLbBTsO4LvWOizUmkb8gJDyioElXuSM%3D&sig=AOq0QJ8wRAIgLgGUH91O0clWHB_50CTnGydC2Lx3zOiZCMqDxnG_rq8CIF4_8ciBHj3zYm8Vejv4FLhhJ8jVvCd6tPrg74mW-tjF&ratebypass=yes", "player_url": "/s/player/2e6e57d8/player_ias.vflset/en_US/base.js", "ext": "webm", "height": 144, "format_note": "144p", "container": "webm", "vcodec": "vp9", "asr": null, "filesize": 176017, "fps": 25, "tbr": 14.855, "width": 144, "acodec": "none", "downloader_options": {"http_chunk_size": 10485760}, "format": "278 - 144x144 (144p)", "protocol": "https", "http_headers": {"User-Agent": "Mozilla/5.0 (Windows NT 10.0; Win64; x64) AppleWebKit/537.36 (KHTML, like Gecko) Chrome/70.0.3538.31 Safari/537.36", "Accept-Charset": "ISO-8859-1,utf-8;q=0.7,*;q=0.7", "Accept": "text/html,application/xhtml+xml,application/xml;q=0.9,*/*;q=0.8", "Accept-Encoding": "gzip, deflate", "Accept-Language": "en-us,en;q=0.5"}}, {"format_id": "242", "url": "https://r2---sn-5njj-u2xe.googlevideo.com/videoplayback?expire=1608485359&ei=jzXfX_i8BsPHqQH_nLrAAw&ip=140.109.135.76&id=o-ADv0zW-9y0nuVpasia-AHKqdvFDjzEmFaTW1kjX29d5G&itag=242&aitags=133%2C134%2C135%2C136%2C137%2C160%2C242%2C243%2C244%2C247%2C248%2C278&source=youtube&requiressl=yes&mh=6J&mm=31%2C29&mn=sn-5njj-u2xe%2Csn-un57sn7z&ms=au%2Crdu&mv=m&mvi=2&pl=16&gcr=tw&initcwndbps=395000&vprv=1&mime=video%2Fwebm&ns=3XUos9OKG8mYy9boldm01y0F&gir=yes&clen=231933&dur=115.800&lmt=1596604115713676&mt=1608463244&fvip=2&keepalive=yes&c=WEB&txp=2316222&n=faRUvwqHHejAGsEPp&sparams=expire%2Cei%2Cip%2Cid%2Caitags%2Csource%2Crequiressl%2Cgcr%2Cvprv%2Cmime%2Cns%2Cgir%2Cclen%2Cdur%2Clmt&lsparams=mh%2Cmm%2Cmn%2Cms%2Cmv%2Cmvi%2Cpl%2Cinitcwndbps&lsig=AG3C_xAwRQIgE5FdUHoL5UbDr5DgwniLlNrEzAbStwadv6bS-EjmHZUCIQDaxz7oSzeJNqYxSZxtefOJ-iwUbZhptp4yHFxqynZhMA%3D%3D&sig=AOq0QJ8wRQIgR2ye1qdnPPTqiQyZJ440bFz6SDz0vPft4hj9e1392o0CIQDSMdKy3mcboLt4GJDGpX2uFfXEN70yEESOGUJ4FH3uDg==&ratebypass=yes", "player_url": "/s/player/2e6e57d8/player_ias.vflset/en_US/base.js", "ext": "webm", "height": 240, "format_note": "240p", "vcodec": "vp9", "asr": null, "filesize": 231933, "fps": 25, "tbr": 21.501, "width": 240, "acodec": "none", "downloader_options": {"http_chunk_size": 10485760}, "format": "242 - 240x240 (240p)", "protocol": "https", "http_headers": {"User-Agent": "Mozilla/5.0 (Windows NT 10.0; Win64; x64) AppleWebKit/537.36 (KHTML, like Gecko) Chrome/70.0.3538.31 Safari/537.36", "Accept-Charset": "ISO-8859-1,utf-8;q=0.7,*;q=0.7", "Accept": "text/html,application/xhtml+xml,application/xml;q=0.9,*/*;q=0.8", "Accept-Encoding": "gzip, deflate", "Accept-Language": "en-us,en;q=0.5"}}, {"format_id": "133", "url": "https://r2---sn-5njj-u2xe.googlevideo.com/videoplayback?expire=1608485359&ei=jzXfX_i8BsPHqQH_nLrAAw&ip=140.109.135.76&id=o-ADv0zW-9y0nuVpasia-AHKqdvFDjzEmFaTW1kjX29d5G&itag=133&aitags=133%2C134%2C135%2C136%2C137%2C160%2C242%2C243%2C244%2C247%2C248%2C278&source=youtube&requiressl=yes&mh=6J&mm=31%2C29&mn=sn-5njj-u2xe%2Csn-un57sn7z&ms=au%2Crdu&mv=m&mvi=2&pl=16&gcr=tw&initcwndbps=395000&vprv=1&mime=video%2Fmp4&ns=3XUos9OKG8mYy9boldm01y0F&gir=yes&clen=310579&dur=115.800&lmt=1596604116545842&mt=1608463244&fvip=2&keepalive=yes&c=WEB&txp=2316222&n=faRUvwqHHejAGsEPp&sparams=expire%2Cei%2Cip%2Cid%2Caitags%2Csource%2Crequiressl%2Cgcr%2Cvprv%2Cmime%2Cns%2Cgir%2Cclen%2Cdur%2Clmt&lsparams=mh%2Cmm%2Cmn%2Cms%2Cmv%2Cmvi%2Cpl%2Cinitcwndbps&lsig=AG3C_xAwRQIhAI3N11cZpWJwy6HfrTCXDcss9lJsj2M_tI5VCBOom5NCAiA_8is5JMLFoyHdYEU4w_6x8OpiBFCS0kBuZfvmwq9G8A%3D%3D&sig=AOq0QJ8wRgIhAOputpeips_1fT72oUo9u8Vg_-oRGj1QwWTEUNECSS1WAiEAnzWUkEm2gSMWjaA6h8OCNSLjh-bpVcKF4hgQRgKbunA=&ratebypass=yes", "player_url": "/s/player/2e6e57d8/player_ias.vflset/en_US/base.js", "ext": "mp4", "height": 240, "format_note": "240p", "vcodec": "avc1.4d400c", "asr": null, "filesize": 310579, "fps": 25, "tbr": 28.893, "width": 240, "acodec": "none", "downloader_options": {"http_chunk_size": 10485760}, "format": "133 - 240x240 (240p)", "protocol": "https", "http_headers": {"User-Agent": "Mozilla/5.0 (Windows NT 10.0; Win64; x64) AppleWebKit/537.36 (KHTML, like Gecko) Chrome/70.0.3538.31 Safari/537.36", "Accept-Charset": "ISO-8859-1,utf-8;q=0.7,*;q=0.7", "Accept": "text/html,application/xhtml+xml,application/xml;q=0.9,*/*;q=0.8", "Accept-Encoding": "gzip, deflate", "Accept-Language": "en-us,en;q=0.5"}}, {"format_id": "243", "url": "https://r2---sn-5njj-u2xe.googlevideo.com/videoplayback?expire=1608485359&ei=jzXfX_i8BsPHqQH_nLrAAw&ip=140.109.135.76&id=o-ADv0zW-9y0nuVpasia-AHKqdvFDjzEmFaTW1kjX29d5G&itag=243&aitags=133%2C134%2C135%2C136%2C137%2C160%2C242%2C243%2C244%2C247%2C248%2C278&source=youtube&requiressl=yes&mh=6J&mm=31%2C29&mn=sn-5njj-u2xe%2Csn-un57sn7z&ms=au%2Crdu&mv=m&mvi=2&pl=16&gcr=tw&initcwndbps=395000&vprv=1&mime=video%2Fwebm&ns=3XUos9OKG8mYy9boldm01y0F&gir=yes&clen=370119&dur=115.800&lmt=1596604115329712&mt=1608463244&fvip=2&keepalive=yes&c=WEB&txp=2316222&n=faRUvwqHHejAGsEPp&sparams=expire%2Cei%2Cip%2Cid%2Caitags%2Csource%2Crequiressl%2Cgcr%2Cvprv%2Cmime%2Cns%2Cgir%2Cclen%2Cdur%2Clmt&lsparams=mh%2Cmm%2Cmn%2Cms%2Cmv%2Cmvi%2Cpl%2Cinitcwndbps&lsig=AG3C_xAwRAIgDaiNsUwyct4keR8R-ihmUAzm426ERUYIy-cpifayQzQCIFW8qvOJs-SE1Fg0jM8iPmjU9NO_ENxqM39lNG-iaYX1&sig=AOq0QJ8wRQIgapp0pxQFY1cTbuQ9OK1ZN5L3CZOo6_V2VUv3cuaXUDQCIQCEeTQ0rLskVVX7NlT-EjZ5Fsj4FPavLu4lp1Sl82e4aA==&ratebypass=yes", "player_url": "/s/player/2e6e57d8/player_ias.vflset/en_US/base.js", "ext": "webm", "height": 360, "format_note": "360p", "vcodec": "vp9", "asr": null, "filesize": 370119, "fps": 25, "tbr": 34.377, "width": 360, "acodec": "none", "downloader_options": {"http_chunk_size": 10485760}, "format": "243 - 360x360 (360p)", "protocol": "https", "http_headers": {"User-Agent": "Mozilla/5.0 (Windows NT 10.0; Win64; x64) AppleWebKit/537.36 (KHTML, like Gecko) Chrome/70.0.3538.31 Safari/537.36", "Accept-Charset": "ISO-8859-1,utf-8;q=0.7,*;q=0.7", "Accept": "text/html,application/xhtml+xml,application/xml;q=0.9,*/*;q=0.8", "Accept-Encoding": "gzip, deflate", "Accept-Language": "en-us,en;q=0.5"}}, {"format_id": "134", "url": "https://r2---sn-5njj-u2xe.googlevideo.com/videoplayback?expire=1608485359&ei=jzXfX_i8BsPHqQH_nLrAAw&ip=140.109.135.76&id=o-ADv0zW-9y0nuVpasia-AHKqdvFDjzEmFaTW1kjX29d5G&itag=134&aitags=133%2C134%2C135%2C136%2C137%2C160%2C242%2C243%2C244%2C247%2C248%2C278&source=youtube&requiressl=yes&mh=6J&mm=31%2C29&mn=sn-5njj-u2xe%2Csn-un57sn7z&ms=au%2Crdu&mv=m&mvi=2&pl=16&gcr=tw&initcwndbps=395000&vprv=1&mime=video%2Fmp4&ns=3XUos9OKG8mYy9boldm01y0F&gir=yes&clen=616587&dur=115.800&lmt=1596604115808789&mt=1608463244&fvip=2&keepalive=yes&c=WEB&txp=2316222&n=faRUvwqHHejAGsEPp&sparams=expire%2Cei%2Cip%2Cid%2Caitags%2Csource%2Crequiressl%2Cgcr%2Cvprv%2Cmime%2Cns%2Cgir%2Cclen%2Cdur%2Clmt&lsparams=mh%2Cmm%2Cmn%2Cms%2Cmv%2Cmvi%2Cpl%2Cinitcwndbps&lsig=AG3C_xAwRQIgfekW06tu3ZEQTB74m7Py7FrYMpjqB_FIBlWEPlFbOzsCIQDIsiwNTv56woC_b8ljOBDdzBIZNknYt1kABrm8oeIKYw%3D%3D&sig=AOq0QJ8wRgIhAMFqeTCfLZAzDtOjBzXtYoxoAmEiy8SLzG0hRXuYrK3GAiEA3XJutcatCvODPOKu6WwlZODakwLoEPt0gJd0xkD2Jr4=&ratebypass=yes", "player_url": "/s/player/2e6e57d8/player_ias.vflset/en_US/base.js", "ext": "mp4", "height": 360, "format_note": "360p", "vcodec": "avc1.4d4015", "asr": null, "filesize": 616587, "fps": 25, "tbr": 60.096, "width": 360, "acodec": "none", "downloader_options": {"http_chunk_size": 10485760}, "format": "134 - 360x360 (360p)", "protocol": "https", "http_headers": {"User-Agent": "Mozilla/5.0 (Windows NT 10.0; Win64; x64) AppleWebKit/537.36 (KHTML, like Gecko) Chrome/70.0.3538.31 Safari/537.36", "Accept-Charset": "ISO-8859-1,utf-8;q=0.7,*;q=0.7", "Accept": "text/html,application/xhtml+xml,application/xml;q=0.9,*/*;q=0.8", "Accept-Encoding": "gzip, deflate", "Accept-Language": "en-us,en;q=0.5"}}, {"format_id": "244", "url": "https://r2---sn-5njj-u2xe.googlevideo.com/videoplayback?expire=1608485359&ei=jzXfX_i8BsPHqQH_nLrAAw&ip=140.109.135.76&id=o-ADv0zW-9y0nuVpasia-AHKqdvFDjzEmFaTW1kjX29d5G&itag=244&aitags=133%2C134%2C135%2C136%2C137%2C160%2C242%2C243%2C244%2C247%2C248%2C278&source=youtube&requiressl=yes&mh=6J&mm=31%2C29&mn=sn-5njj-u2xe%2Csn-un57sn7z&ms=au%2Crdu&mv=m&mvi=2&pl=16&gcr=tw&initcwndbps=395000&vprv=1&mime=video%2Fwebm&ns=3XUos9OKG8mYy9boldm01y0F&gir=yes&clen=586410&dur=115.800&lmt=1596604115714779&mt=1608463244&fvip=2&keepalive=yes&c=WEB&txp=2316222&n=faRUvwqHHejAGsEPp&sparams=expire%2Cei%2Cip%2Cid%2Caitags%2Csource%2Crequiressl%2Cgcr%2Cvprv%2Cmime%2Cns%2Cgir%2Cclen%2Cdur%2Clmt&lsparams=mh%2Cmm%2Cmn%2Cms%2Cmv%2Cmvi%2Cpl%2Cinitcwndbps&lsig=AG3C_xAwRQIgLnqCMXpaSEpuMh9AUznpG7V07meKRlb5YuAnxb1pAP0CIQCn7fm4nvU5mkFAEwIcE5xTWXShlXy8-PeR7Do63OS43w%3D%3D&sig=AOq0QJ8wRAIgFRtGJatSxlxMp0mN8r0RJvrVJxkarkKSTDU01MglOKkCIEe75WsP1sz-b167VnZOxrX-_o7GaxDbwhKcb-iXIp0w&ratebypass=yes", "player_url": "/s/player/2e6e57d8/player_ias.vflset/en_US/base.js", "ext": "webm", "height": 480, "format_note": "480p", "vcodec": "vp9", "asr": null, "filesize": 586410, "fps": 25, "tbr": 60.675, "width": 480, "acodec": "none", "downloader_options": {"http_chunk_size": 10485760}, "format": "244 - 480x480 (480p)", "protocol": "https", "http_headers": {"User-Agent": "Mozilla/5.0 (Windows NT 10.0; Win64; x64) AppleWebKit/537.36 (KHTML, like Gecko) Chrome/70.0.3538.31 Safari/537.36", "Accept-Charset": "ISO-8859-1,utf-8;q=0.7,*;q=0.7", "Accept": "text/html,application/xhtml+xml,application/xml;q=0.9,*/*;q=0.8", "Accept-Encoding": "gzip, deflate", "Accept-Language": "en-us,en;q=0.5"}}, {"format_id": "135", "url": "https://r2---sn-5njj-u2xe.googlevideo.com/videoplayback?expire=1608485359&ei=jzXfX_i8BsPHqQH_nLrAAw&ip=140.109.135.76&id=o-ADv0zW-9y0nuVpasia-AHKqdvFDjzEmFaTW1kjX29d5G&itag=135&aitags=133%2C134%2C135%2C136%2C137%2C160%2C242%2C243%2C244%2C247%2C248%2C278&source=youtube&requiressl=yes&mh=6J&mm=31%2C29&mn=sn-5njj-u2xe%2Csn-un57sn7z&ms=au%2Crdu&mv=m&mvi=2&pl=16&gcr=tw&initcwndbps=395000&vprv=1&mime=video%2Fmp4&ns=3XUos9OKG8mYy9boldm01y0F&gir=yes&clen=1075949&dur=115.800&lmt=1596604115208145&mt=1608463244&fvip=2&keepalive=yes&c=WEB&txp=2316222&n=faRUvwqHHejAGsEPp&sparams=expire%2Cei%2Cip%2Cid%2Caitags%2Csource%2Crequiressl%2Cgcr%2Cvprv%2Cmime%2Cns%2Cgir%2Cclen%2Cdur%2Clmt&lsparams=mh%2Cmm%2Cmn%2Cms%2Cmv%2Cmvi%2Cpl%2Cinitcwndbps&lsig=AG3C_xAwRQIhALw-XPCVjMkMOdw2r68j7byM3oLf8pmzdZ3oQKuQgo7FAiAtR6M6ZMF-tmB2riv6WAQ0J1Eo1odRT4lVf3Xf_bYFsA%3D%3D&sig=AOq0QJ8wRQIhAKFe-QwGABUeEtakRqoMCbnWxh4BFSjqq4QmOneKmQ6nAiBYROSdvN_6lLTiyy7o0nFpNmdOphv3TK4SMea0UpmURg==&ratebypass=yes", "player_url": "/s/player/2e6e57d8/player_ias.vflset/en_US/base.js", "ext": "mp4", "height": 480, "format_note": "480p", "vcodec": "avc1.4d401e", "asr": null, "filesize": 1075949, "fps": 25, "tbr": 107.61, "width": 480, "acodec": "none", "downloader_options": {"http_chunk_size": 10485760}, "format": "135 - 480x480 (480p)", "protocol": "https", "http_headers": {"User-Agent": "Mozilla/5.0 (Windows NT 10.0; Win64; x64) AppleWebKit/537.36 (KHTML, like Gecko) Chrome/70.0.3538.31 Safari/537.36", "Accept-Charset": "ISO-8859-1,utf-8;q=0.7,*;q=0.7", "Accept": "text/html,application/xhtml+xml,application/xml;q=0.9,*/*;q=0.8", "Accept-Encoding": "gzip, deflate", "Accept-Language": "en-us,en;q=0.5"}}, {"format_id": "247", "url": "https://r2---sn-5njj-u2xe.googlevideo.com/videoplayback?expire=1608485359&ei=jzXfX_i8BsPHqQH_nLrAAw&ip=140.109.135.76&id=o-ADv0zW-9y0nuVpasia-AHKqdvFDjzEmFaTW1kjX29d5G&itag=247&aitags=133%2C134%2C135%2C136%2C137%2C160%2C242%2C243%2C244%2C247%2C248%2C278&source=youtube&requiressl=yes&mh=6J&mm=31%2C29&mn=sn-5njj-u2xe%2Csn-un57sn7z&ms=au%2Crdu&mv=m&mvi=2&pl=16&gcr=tw&initcwndbps=395000&vprv=1&mime=video%2Fwebm&ns=3XUos9OKG8mYy9boldm01y0F&gir=yes&clen=1240483&dur=115.800&lmt=1596604115932097&mt=1608463244&fvip=2&keepalive=yes&c=WEB&txp=2316222&n=faRUvwqHHejAGsEPp&sparams=expire%2Cei%2Cip%2Cid%2Caitags%2Csource%2Crequiressl%2Cgcr%2Cvprv%2Cmime%2Cns%2Cgir%2Cclen%2Cdur%2Clmt&lsparams=mh%2Cmm%2Cmn%2Cms%2Cmv%2Cmvi%2Cpl%2Cinitcwndbps&lsig=AG3C_xAwRgIhAIBtsKMpv4kwGVwRL_l7wAGu5szo_KTxLvcoVbhJRlZ-AiEA8-mUIlSHJmpnlGNA9R-VOPvR16XzYeDvwtBLdAybj6U%3D&sig=AOq0QJ8wRQIhAM8AaojXu-B2TsPsgsVdlKPDdHgvXBsAWtvhsED9vn5vAiAKyc8BHaefWQF23dt8OZCiXpEsKSqnhS1PmYhIl0U6yQ==&ratebypass=yes", "player_url": "/s/player/2e6e57d8/player_ias.vflset/en_US/base.js", "ext": "webm", "height": 720, "format_note": "720p", "vcodec": "vp9", "asr": null, "filesize": 1240483, "fps": 25, "tbr": 126.574, "width": 720, "acodec": "none", "downloader_options": {"http_chunk_size": 10485760}, "format": "247 - 720x720 (720p)", "protocol": "https", "http_headers": {"User-Agent": "Mozilla/5.0 (Windows NT 10.0; Win64; x64) AppleWebKit/537.36 (KHTML, like Gecko) Chrome/70.0.3538.31 Safari/537.36", "Accept-Charset": "ISO-8859-1,utf-8;q=0.7,*;q=0.7", "Accept": "text/html,application/xhtml+xml,application/xml;q=0.9,*/*;q=0.8", "Accept-Encoding": "gzip, deflate", "Accept-Language": "en-us,en;q=0.5"}}, {"format_id": "136", "url": "https://r2---sn-5njj-u2xe.googlevideo.com/videoplayback?expire=1608485359&ei=jzXfX_i8BsPHqQH_nLrAAw&ip=140.109.135.76&id=o-ADv0zW-9y0nuVpasia-AHKqdvFDjzEmFaTW1kjX29d5G&itag=136&aitags=133%2C134%2C135%2C136%2C137%2C160%2C242%2C243%2C244%2C247%2C248%2C278&source=youtube&requiressl=yes&mh=6J&mm=31%2C29&mn=sn-5njj-u2xe%2Csn-un57sn7z&ms=au%2Crdu&mv=m&mvi=2&pl=16&gcr=tw&initcwndbps=395000&vprv=1&mime=video%2Fmp4&ns=3XUos9OKG8mYy9boldm01y0F&gir=yes&clen=2007718&dur=115.800&lmt=1596604117112386&mt=1608463244&fvip=2&keepalive=yes&c=WEB&txp=2316222&n=faRUvwqHHejAGsEPp&sparams=expire%2Cei%2Cip%2Cid%2Caitags%2Csource%2Crequiressl%2Cgcr%2Cvprv%2Cmime%2Cns%2Cgir%2Cclen%2Cdur%2Clmt&lsparams=mh%2Cmm%2Cmn%2Cms%2Cmv%2Cmvi%2Cpl%2Cinitcwndbps&lsig=AG3C_xAwRAIgcYi_qaopN9owLueWAh-OKfmH0_5QkBkCOFdOegu7mpQCIAnfdVEl0285tJUS2k-L-X7X32vS5mrqCHpTL8h7Bpry&sig=AOq0QJ8wRAIgHHoh20okGIcLxTtdBJ-TViXx1QBi80p4bBlzIQb7hVkCIBFyWDmFIHozrEobTFLoL300ukzGF_etmNbYYJzQc1Gu&ratebypass=yes", "player_url": "/s/player/2e6e57d8/player_ias.vflset/en_US/base.js", "ext": "mp4", "height": 720, "format_note": "720p", "vcodec": "avc1.64001f", "asr": null, "filesize": 2007718, "fps": 25, "tbr": 216.524, "width": 720, "acodec": "none", "downloader_options": {"http_chunk_size": 10485760}, "format": "136 - 720x720 (720p)", "protocol": "https", "http_headers": {"User-Agent": "Mozilla/5.0 (Windows NT 10.0; Win64; x64) AppleWebKit/537.36 (KHTML, like Gecko) Chrome/70.0.3538.31 Safari/537.36", "Accept-Charset": "ISO-8859-1,utf-8;q=0.7,*;q=0.7", "Accept": "text/html,application/xhtml+xml,application/xml;q=0.9,*/*;q=0.8", "Accept-Encoding": "gzip, deflate", "Accept-Language": "en-us,en;q=0.5"}}, {"format_id": "248", "url": "https://r2---sn-5njj-u2xe.googlevideo.com/videoplayback?expire=1608485359&ei=jzXfX_i8BsPHqQH_nLrAAw&ip=140.109.135.76&id=o-ADv0zW-9y0nuVpasia-AHKqdvFDjzEmFaTW1kjX29d5G&itag=248&aitags=133%2C134%2C135%2C136%2C137%2C160%2C242%2C243%2C244%2C247%2C248%2C278&source=youtube&requiressl=yes&mh=6J&mm=31%2C29&mn=sn-5njj-u2xe%2Csn-un57sn7z&ms=au%2Crdu&mv=m&mvi=2&pl=16&gcr=tw&initcwndbps=395000&vprv=1&mime=video%2Fwebm&ns=3XUos9OKG8mYy9boldm01y0F&gir=yes&clen=2585062&dur=115.800&lmt=1596604115802986&mt=1608463244&fvip=2&keepalive=yes&c=WEB&txp=2316222&n=faRUvwqHHejAGsEPp&sparams=expire%2Cei%2Cip%2Cid%2Caitags%2Csource%2Crequiressl%2Cgcr%2Cvprv%2Cmime%2Cns%2Cgir%2Cclen%2Cdur%2Clmt&lsparams=mh%2Cmm%2Cmn%2Cms%2Cmv%2Cmvi%2Cpl%2Cinitcwndbps&lsig=AG3C_xAwRAIgT1mc5jT4iFjpTbzcE766xl6rckG8AbZP8Tkb0L-RTfcCIAZE8D4BwE5b4Qbi6qmQd21Xdga9jQZ2hqUW3TIRuy96&sig=AOq0QJ8wRQIgd9cnIvM3WuDpP4_YYL5xqtLxJwELIXyAzio2dqlHA9YCIQCNW1PdMiUL0Jm41N8qNw9OimKLV36xVmeSSB_0aQ7SYQ==&ratebypass=yes", "player_url": "/s/player/2e6e57d8/player_ias.vflset/en_US/base.js", "ext": "webm", "height": 1080, "format_note": "1080p", "vcodec": "vp9", "asr": null, "filesize": 2585062, "fps": 25, "tbr": 250.972, "width": 1080, "acodec": "none", "downloader_options": {"http_chunk_size": 10485760}, "format": "248 - 1080x1080 (1080p)", "protocol": "https", "http_headers": {"User-Agent": "Mozilla/5.0 (Windows NT 10.0; Win64; x64) AppleWebKit/537.36 (KHTML, like Gecko) Chrome/70.0.3538.31 Safari/537.36", "Accept-Charset": "ISO-8859-1,utf-8;q=0.7,*;q=0.7", "Accept": "text/html,application/xhtml+xml,application/xml;q=0.9,*/*;q=0.8", "Accept-Encoding": "gzip, deflate", "Accept-Language": "en-us,en;q=0.5"}}, {"format_id": "137", "url": "https://r2---sn-5njj-u2xe.googlevideo.com/videoplayback?expire=1608485359&ei=jzXfX_i8BsPHqQH_nLrAAw&ip=140.109.135.76&id=o-ADv0zW-9y0nuVpasia-AHKqdvFDjzEmFaTW1kjX29d5G&itag=137&aitags=133%2C134%2C135%2C136%2C137%2C160%2C242%2C243%2C244%2C247%2C248%2C278&source=youtube&requiressl=yes&mh=6J&mm=31%2C29&mn=sn-5njj-u2xe%2Csn-un57sn7z&ms=au%2Crdu&mv=m&mvi=2&pl=16&gcr=tw&initcwndbps=395000&vprv=1&mime=video%2Fmp4&ns=3XUos9OKG8mYy9boldm01y0F&gir=yes&clen=3854567&dur=115.800&lmt=1596604115710916&mt=1608463244&fvip=2&keepalive=yes&c=WEB&txp=2316222&n=faRUvwqHHejAGsEPp&sparams=expire%2Cei%2Cip%2Cid%2Caitags%2Csource%2Crequiressl%2Cgcr%2Cvprv%2Cmime%2Cns%2Cgir%2Cclen%2Cdur%2Clmt&lsparams=mh%2Cmm%2Cmn%2Cms%2Cmv%2Cmvi%2Cpl%2Cinitcwndbps&lsig=AG3C_xAwRgIhALx5yDLdPFNojed7t51O6KyxPUZVOizJ67WNQ6aUQEFcAiEA82xAQ6KW9iH_2RRHTg3z0-REYYuA7GE0LyyPBxlaZVM%3D&sig=AOq0QJ8wRQIgZn343Lon0GvIiLcyicf1ypyyPjyKFezC9jmjNrFFkVcCIQDJYzGBQkZJ9uoSJt3V5tDLFLzcWLPKdy-b56z6bOFr-A==&ratebypass=yes", "player_url": "/s/player/2e6e57d8/player_ias.vflset/en_US/base.js", "ext": "mp4", "height": 1080, "format_note": "1080p", "vcodec": "avc1.640020", "asr": null, "filesize": 3854567, "fps": 25, "tbr": 417.569, "width": 1080, "acodec": "none", "downloader_options": {"http_chunk_size": 10485760}, "format": "137 - 1080x1080 (1080p)", "protocol": "https", "http_headers": {"User-Agent": "Mozilla/5.0 (Windows NT 10.0; Win64; x64) AppleWebKit/537.36 (KHTML, like Gecko) Chrome/70.0.3538.31 Safari/537.36", "Accept-Charset": "ISO-8859-1,utf-8;q=0.7,*;q=0.7", "Accept": "text/html,application/xhtml+xml,application/xml;q=0.9,*/*;q=0.8", "Accept-Encoding": "gzip, deflate", "Accept-Language": "en-us,en;q=0.5"}}, {"format_id": "18", "url": "https://r2---sn-5njj-u2xe.googlevideo.com/videoplayback?expire=1608485359&ei=jzXfX_i8BsPHqQH_nLrAAw&ip=140.109.135.76&id=o-ADv0zW-9y0nuVpasia-AHKqdvFDjzEmFaTW1kjX29d5G&itag=18&source=youtube&requiressl=yes&mh=6J&mm=31%2C29&mn=sn-5njj-u2xe%2Csn-un57sn7z&ms=au%2Crdu&mv=m&mvi=2&pl=16&gcr=tw&initcwndbps=395000&vprv=1&mime=video%2Fmp4&ns=NGyKSF1_WGanL36zGdd8_EQF&gir=yes&clen=2085888&ratebypass=yes&dur=115.890&lmt=1596604115108228&mt=1608463244&fvip=2&c=WEB&txp=2316222&n=-oj9-s8njC5fYwFz0&sparams=expire%2Cei%2Cip%2Cid%2Citag%2Csource%2Crequiressl%2Cgcr%2Cvprv%2Cmime%2Cns%2Cgir%2Cclen%2Cratebypass%2Cdur%2Clmt&lsparams=mh%2Cmm%2Cmn%2Cms%2Cmv%2Cmvi%2Cpl%2Cinitcwndbps&lsig=AG3C_xAwRgIhALSBOgRItX3JjuFkMAO-yvR3C6zVGNZ6pgQSD9DNndEnAiEAztPNtpCG79Dd8Ihpj74jZI5TGVDD4D5fxyjszoIYtPQ%3D&sig=AOq0QJ8wRQIhAOehFt_PWb3x2Mqnpaa7-8EKDM8TiIx3F6dUNwaprwJUAiBF1M2llNveQGBpfswODMLcBkekp1bCGi9w-ybN8dMzvA==", "player_url": "/s/player/2e6e57d8/player_ias.vflset/en_US/base.js", "ext": "mp4", "width": 360, "height": 360, "acodec": "mp4a.40.2", "abr": 96, "vcodec": "avc1.42001E", "asr": 44100, "filesize": 2085888, "format_note": "360p", "fps": 25, "tbr": 144.102, "format": "18 - 360x360 (360p)", "protocol": "https", "http_headers": {"User-Agent": "Mozilla/5.0 (Windows NT 10.0; Win64; x64) AppleWebKit/537.36 (KHTML, like Gecko) Chrome/70.0.3538.31 Safari/537.36", "Accept-Charset": "ISO-8859-1,utf-8;q=0.7,*;q=0.7", "Accept": "text/html,application/xhtml+xml,application/xml;q=0.9,*/*;q=0.8", "Accept-Encoding": "gzip, deflate", "Accept-Language": "en-us,en;q=0.5"}}], "is_live": null, "start_time": null, "end_time": null, "series": null, "season_number": null, "episode_number": null, "track": "Piano Covers", "artist": "Peaceful Pianosi", "album": "Piano Cover", "release_date": "20200605", "release_year": 2020, "extractor": "youtube", "webpage_url_basename": "watch", "extractor_key": "Youtube", "playlist": null, "playlist_index": null, "thumbnail": "https://i.ytimg.com/vi_webp/ezoAduuCkUs/maxresdefault.webp", "display_id": "ezoAduuCkUs", "requested_subtitles": null, "format_id": "251", "url": "https://r2---sn-5njj-u2xe.googlevideo.com/videoplayback?expire=1608485359&ei=jzXfX_i8BsPHqQH_nLrAAw&ip=140.109.135.76&id=o-ADv0zW-9y0nuVpasia-AHKqdvFDjzEmFaTW1kjX29d5G&itag=251&source=youtube&requiressl=yes&mh=6J&mm=31%2C29&mn=sn-5njj-u2xe%2Csn-un57sn7z&ms=au%2Crdu&mv=m&mvi=2&pl=16&gcr=tw&initcwndbps=395000&vprv=1&mime=audio%2Fwebm&ns=3XUos9OKG8mYy9boldm01y0F&gir=yes&clen=2228300&dur=115.861&lmt=1596604111912430&mt=1608463244&fvip=2&keepalive=yes&c=WEB&txp=2311222&n=faRUvwqHHejAGsEPp&sparams=expire%2Cei%2Cip%2Cid%2Citag%2Csource%2Crequiressl%2Cgcr%2Cvprv%2Cmime%2Cns%2Cgir%2Cclen%2Cdur%2Clmt&lsparams=mh%2Cmm%2Cmn%2Cms%2Cmv%2Cmvi%2Cpl%2Cinitcwndbps&lsig=AG3C_xAwRgIhAKuycnhk3KgU1ShkFPLb-j7X5U5mN67Fxvc1Bn8N4SpOAiEA4xMSkCPhzNcPDSfAVoXKBFnNhvrTFkockRJeL5TUgkQ%3D&sig=AOq0QJ8wRgIhALYkhvfWkh1vG6GmgYC7woEbMkEg7PiSazsC_l9MledcAiEA1rra4BO_GRA7GMat1gKgiTeHpiG-TF3e3engzkI2Wc8=&ratebypass=yes", "player_url": "/s/player/2e6e57d8/player_ias.vflset/en_US/base.js", "ext": "webm", "format_note": "tiny", "acodec": "opus", "abr": 160, "asr": 48000, "filesize": 2228300, "fps": null, "height": null, "tbr": 162.153, "width": null, "vcodec": "none", "downloader_options": {"http_chunk_size": 10485760}, "format": "251 - audio only (tiny)", "protocol": "https", "http_headers": {"User-Agent": "Mozilla/5.0 (Windows NT 10.0; Win64; x64) AppleWebKit/537.36 (KHTML, like Gecko) Chrome/70.0.3538.31 Safari/537.36", "Accept-Charset": "ISO-8859-1,utf-8;q=0.7,*;q=0.7", "Accept": "text/html,application/xhtml+xml,application/xml;q=0.9,*/*;q=0.8", "Accept-Encoding": "gzip, deflate", "Accept-Language": "en-us,en;q=0.5"}}