{"id": "GAgPsoXmRjY", "uploader": "Francesco Parrino", "uploader_id": "FrancescoParrino", "uploader_url": "http://www.youtube.com/user/FrancescoParrino", "channel_id": "UCQ8THdZnqPVoLN9zuT-pjBg", "channel_url": "http://www.youtube.com/channel/UCQ8THdZnqPVoLN9zuT-pjBg", "upload_date": "20200619", "license": null, "creator": null, "title": "Billie Eilish - bad guy | Piano Cover + Sheet Music", "alt_title": null, "thumbnails": [{"url": "https://i.ytimg.com/vi/GAgPsoXmRjY/hqdefault.jpg?sqp=-oaymwEYCKgBEF5IVfKriqkDCwgBFQAAiEIYAXAB&rs=AOn4CLD0gtb50fOebipym7BB8nT6Ej9pFw", "width": 168, "height": 94, "resolution": "168x94", "id": "0"}, {"url": "https://i.ytimg.com/vi/GAgPsoXmRjY/hqdefault.jpg?sqp=-oaymwEYCMQBEG5IVfKriqkDCwgBFQAAiEIYAXAB&rs=AOn4CLDYVN8QC-ecHC2iibJuLCxkuzsOkg", "width": 196, "height": 110, "resolution": "196x110", "id": "1"}, {"url": "https://i.ytimg.com/vi/GAgPsoXmRjY/hqdefault.jpg?sqp=-oaymwEZCPYBEIoBSFXyq4qpAwsIARUAAIhCGAFwAQ==&rs=AOn4CLBhrzSGybqWXZvzfQMSEGkoHHE5bg", "width": 246, "height": 138, "resolution": "246x138", "id": "2"}, {"url": "https://i.ytimg.com/vi/GAgPsoXmRjY/hqdefault.jpg?sqp=-oaymwEZCNACELwBSFXyq4qpAwsIARUAAIhCGAFwAQ==&rs=AOn4CLDtf9FEsPj90_9rtXARIxho8AILDA", "width": 336, "height": 188, "resolution": "336x188", "id": "3"}, {"url": "https://i.ytimg.com/vi/GAgPsoXmRjY/maxresdefault.jpg", "width": 1920, "height": 1080, "resolution": "1920x1080", "id": "4"}], "description": "\u266b SHEET MUSIC is Available Here: https://bit.ly/FPM_badguy\n\ud83d\udc4d Thumbs up, SUBSCRIBE and click the \ud83d\udd14 for more contents: https://bit.ly/FPSubscribe\n\ud83c\udfb9 Want to learn the piano? This is the app for you! https://bit.ly/FPM_Skoove\n\nThis single is taken from Billie Eilish's album  When We All Fall Asleep, Where Do We Go? It's been highly requested and I tried my best to give it my personal touch! Let me know in the comments what you think, this is incredibly fun to play!\n\nDo you like my shirt? You can find it here: https://bit.ly/FPM_BravaFabrics\n\n\u25cf Check my TUTORIAL of this arrangement here: https://youtu.be/RhQUjwrS2U0\n\nThis song is available on:\n\ud83c\udfa7 Spotify: https://bit.ly/FPM_TC9_S \n\ud83c\udfa7 iTunes: https://bit.ly/FPM_TC9_A \n\ud83c\udfa7 Amazon Music: https://bit.ly/FPM_TC9_AM\n\ud83c\udfa7 Deezer: https://bit.ly/FPM_TC9_DZ\n\ud83c\udfa7 Youtube Music: https://bit.ly/FPM_TC9_YM\n\n\u25cf TUTORIALS, Extras, Bloopers, Live: https://bit.ly/FPM_TutorialsExtras\n\u25cf All my SCORES: https://bit.ly/FPM_SheetMusic\n\u25cf Full Discography: https://bit.ly/FPM_Discography\n\u25cf Website: https://bit.ly/FrancescoParrinoMusic\n\u25cf MIDI files: https://bit.ly/FPM_Media\n\u25cf Check my new Classical Channel: https://bit.ly/FPM_ClassicalSub\n\n\u25cf Let's connect on Facebook: http://bit.ly/FPM-Facebook\n\u25cf Or Instagram: http://bit.ly/FPM-Instagram\n\n#BillieEilish #badguy #SheetMusic", "categories": ["Music"], "tags": ["Billie Eilish", "bad guy", "Piano", "Cover", "Francesco Parrino", "Sheet Music", "Score", "MIDI", "Instrumental", "Arrangement"], "subtitles": {}, "automatic_captions": {}, "duration": 193, "age_limit": 0, "annotations": null, "chapters": null, "webpage_url": "https://www.youtube.com/watch?v=GAgPsoXmRjY", "view_count": 172361, "like_count": 6581, "dislike_count": 60, "average_rating": 4.963861, "formats": [{"format_id": "249", "url": "https://r5---sn-5njj-u2xl.googlevideo.com/videoplayback?expire=1611764399&ei=Tz4RYMTqF5aDlQSYo5KwBg&ip=140.109.135.76&id=o-APL1BCx1SZqPerPU7O-HmMaQ2o9kogHV0dHTMsgFWWE8&itag=249&source=youtube&requiressl=yes&mh=LA&mm=31%2C29&mn=sn-5njj-u2xl%2Csn-un57sn7z&ms=au%2Crdu&mv=m&mvi=5&pl=16&initcwndbps=546250&vprv=1&mime=audio%2Fwebm&ns=crkcTcSJOLze807OKGT-NXIF&gir=yes&clen=1339913&dur=192.821&lmt=1592570813071347&mt=1611742362&fvip=5&keepalive=yes&c=WEB&txp=5431432&n=3NA2NlmD6qU3tG0cCHiJ&sparams=expire%2Cei%2Cip%2Cid%2Citag%2Csource%2Crequiressl%2Cvprv%2Cmime%2Cns%2Cgir%2Cclen%2Cdur%2Clmt&lsparams=mh%2Cmm%2Cmn%2Cms%2Cmv%2Cmvi%2Cpl%2Cinitcwndbps&lsig=AG3C_xAwRQIgfmi2TXcsCRHH0UC8X5buj3Q15la_8_qJqoVFZpbPpcoCIQC5G3r3Dwbma-xHyZwatJ69GdbuwDRFR1ri-wE7-rIrkg%3D%3D&sig=AOq0QJ8wRQIgOQ7JCbIk24YCY7hVtFjHM0NmEP5oAVSYzQhaQevRPD4CIQDbLv2AmQnhJOnuMUUMJQJUX5mAeJAgZy12IHm5Ez52tg==&ratebypass=yes", "player_url": "/s/player/c6df6ed7/player_ias.vflset/en_US/base.js", "ext": "webm", "format_note": "tiny", "acodec": "opus", "abr": 50, "asr": 48000, "filesize": 1339913, "fps": null, "height": null, "tbr": 61.036, "width": null, "vcodec": "none", "downloader_options": {"http_chunk_size": 10485760}, "format": "249 - audio only (tiny)", "protocol": "https", "http_headers": {"User-Agent": "Mozilla/5.0 (Windows NT 10.0; Win64; x64) AppleWebKit/537.36 (KHTML, like Gecko) Chrome/72.0.3626.25 Safari/537.36", "Accept-Charset": "ISO-8859-1,utf-8;q=0.7,*;q=0.7", "Accept": "text/html,application/xhtml+xml,application/xml;q=0.9,*/*;q=0.8", "Accept-Encoding": "gzip, deflate", "Accept-Language": "en-us,en;q=0.5"}}, {"format_id": "250", "url": "https://r5---sn-5njj-u2xl.googlevideo.com/videoplayback?expire=1611764399&ei=Tz4RYMTqF5aDlQSYo5KwBg&ip=140.109.135.76&id=o-APL1BCx1SZqPerPU7O-HmMaQ2o9kogHV0dHTMsgFWWE8&itag=250&source=youtube&requiressl=yes&mh=LA&mm=31%2C29&mn=sn-5njj-u2xl%2Csn-un57sn7z&ms=au%2Crdu&mv=m&mvi=5&pl=16&initcwndbps=546250&vprv=1&mime=audio%2Fwebm&ns=crkcTcSJOLze807OKGT-NXIF&gir=yes&clen=1781883&dur=192.821&lmt=1592570814468528&mt=1611742362&fvip=5&keepalive=yes&c=WEB&txp=5431432&n=3NA2NlmD6qU3tG0cCHiJ&sparams=expire%2Cei%2Cip%2Cid%2Citag%2Csource%2Crequiressl%2Cvprv%2Cmime%2Cns%2Cgir%2Cclen%2Cdur%2Clmt&lsparams=mh%2Cmm%2Cmn%2Cms%2Cmv%2Cmvi%2Cpl%2Cinitcwndbps&lsig=AG3C_xAwRgIhAPOZz3NkBMLvT3l38_sS7vcsoVJQSSa2gRzbkWv0IYtNAiEAh3Z6sscE7enp3Eu0Ev99IWTxNNybIRy06oRdHwVn2UY%3D&sig=AOq0QJ8wRQIhAIh7G4WGHiOCgSVUF0sdWXIZsBUqz4oMikpOf1h2B2hwAiAKpKbB2OCWcn043AFBo_zXbk_yNdCznK4tJdF2wtr_fA==&ratebypass=yes", "player_url": "/s/player/c6df6ed7/player_ias.vflset/en_US/base.js", "ext": "webm", "format_note": "tiny", "acodec": "opus", "abr": 70, "asr": 48000, "filesize": 1781883, "fps": null, "height": null, "tbr": 80.035, "width": null, "vcodec": "none", "downloader_options": {"http_chunk_size": 10485760}, "format": "250 - audio only (tiny)", "protocol": "https", "http_headers": {"User-Agent": "Mozilla/5.0 (Windows NT 10.0; Win64; x64) AppleWebKit/537.36 (KHTML, like Gecko) Chrome/72.0.3626.25 Safari/537.36", "Accept-Charset": "ISO-8859-1,utf-8;q=0.7,*;q=0.7", "Accept": "text/html,application/xhtml+xml,application/xml;q=0.9,*/*;q=0.8", "Accept-Encoding": "gzip, deflate", "Accept-Language": "en-us,en;q=0.5"}}, {"format_id": "140", "url": "https://r5---sn-5njj-u2xl.googlevideo.com/videoplayback?expire=1611764399&ei=Tz4RYMTqF5aDlQSYo5KwBg&ip=140.109.135.76&id=o-APL1BCx1SZqPerPU7O-HmMaQ2o9kogHV0dHTMsgFWWE8&itag=140&source=youtube&requiressl=yes&mh=LA&mm=31%2C29&mn=sn-5njj-u2xl%2Csn-un57sn7z&ms=au%2Crdu&mv=m&mvi=5&pl=16&initcwndbps=546250&vprv=1&mime=audio%2Fmp4&ns=crkcTcSJOLze807OKGT-NXIF&gir=yes&clen=3122047&dur=192.864&lmt=1592570816472291&mt=1611742362&fvip=5&keepalive=yes&c=WEB&txp=5431432&n=3NA2NlmD6qU3tG0cCHiJ&sparams=expire%2Cei%2Cip%2Cid%2Citag%2Csource%2Crequiressl%2Cvprv%2Cmime%2Cns%2Cgir%2Cclen%2Cdur%2Clmt&lsparams=mh%2Cmm%2Cmn%2Cms%2Cmv%2Cmvi%2Cpl%2Cinitcwndbps&lsig=AG3C_xAwRQIgcp2jX-vJy1J6xduy5fW2uv7MpG_9kw4reJF8VstEg1QCIQCri1_x2YKln9FrFj7s2KVeb2AH5OYIQKzXPJbU9m4DHg%3D%3D&sig=AOq0QJ8wRQIgH1UAjbZVA_Ku1KozdEs9kFbRIKG6E7HKKDahf75atNoCIQDnmcgSMAHW47Pmo887VV9yZnFhUhTlCmMO9i_bPR-r9Q==&ratebypass=yes", "player_url": "/s/player/c6df6ed7/player_ias.vflset/en_US/base.js", "ext": "m4a", "format_note": "tiny", "acodec": "mp4a.40.2", "abr": 128, "container": "m4a_dash", "asr": 44100, "filesize": 3122047, "fps": null, "height": null, "tbr": 130.349, "width": null, "vcodec": "none", "downloader_options": {"http_chunk_size": 10485760}, "format": "140 - audio only (tiny)", "protocol": "https", "http_headers": {"User-Agent": "Mozilla/5.0 (Windows NT 10.0; Win64; x64) AppleWebKit/537.36 (KHTML, like Gecko) Chrome/72.0.3626.25 Safari/537.36", "Accept-Charset": "ISO-8859-1,utf-8;q=0.7,*;q=0.7", "Accept": "text/html,application/xhtml+xml,application/xml;q=0.9,*/*;q=0.8", "Accept-Encoding": "gzip, deflate", "Accept-Language": "en-us,en;q=0.5"}}, {"format_id": "251", "url": "https://r5---sn-5njj-u2xl.googlevideo.com/videoplayback?expire=1611764399&ei=Tz4RYMTqF5aDlQSYo5KwBg&ip=140.109.135.76&id=o-APL1BCx1SZqPerPU7O-HmMaQ2o9kogHV0dHTMsgFWWE8&itag=251&source=youtube&requiressl=yes&mh=LA&mm=31%2C29&mn=sn-5njj-u2xl%2Csn-un57sn7z&ms=au%2Crdu&mv=m&mvi=5&pl=16&initcwndbps=546250&vprv=1&mime=audio%2Fwebm&ns=crkcTcSJOLze807OKGT-NXIF&gir=yes&clen=3478914&dur=192.821&lmt=1592570814065312&mt=1611742362&fvip=5&keepalive=yes&c=WEB&txp=5431432&n=3NA2NlmD6qU3tG0cCHiJ&sparams=expire%2Cei%2Cip%2Cid%2Citag%2Csource%2Crequiressl%2Cvprv%2Cmime%2Cns%2Cgir%2Cclen%2Cdur%2Clmt&lsparams=mh%2Cmm%2Cmn%2Cms%2Cmv%2Cmvi%2Cpl%2Cinitcwndbps&lsig=AG3C_xAwRgIhAO26Uos3n_YRwBqzMk5fONWCNZEf_UIPrNNyPQGzeJYiAiEA0udE0npcT13eca4EWgMhZqa8rHg6ioYXi0OFQS-rQLw%3D&sig=AOq0QJ8wRAIgKzudn1QaSJMZ_ogbntyeewhXlagM0wRauZANiSfP6EQCIBpu_Cp-NnNp6u1Cmb_WIgpJ7pu9GnBrEMnJpXAgnDD8&ratebypass=yes", "player_url": "/s/player/c6df6ed7/player_ias.vflset/en_US/base.js", "ext": "webm", "format_note": "tiny", "acodec": "opus", "abr": 160, "asr": 48000, "filesize": 3478914, "fps": null, "height": null, "tbr": 155.068, "width": null, "vcodec": "none", "downloader_options": {"http_chunk_size": 10485760}, "format": "251 - audio only (tiny)", "protocol": "https", "http_headers": {"User-Agent": "Mozilla/5.0 (Windows NT 10.0; Win64; x64) AppleWebKit/537.36 (KHTML, like Gecko) Chrome/72.0.3626.25 Safari/537.36", "Accept-Charset": "ISO-8859-1,utf-8;q=0.7,*;q=0.7", "Accept": "text/html,application/xhtml+xml,application/xml;q=0.9,*/*;q=0.8", "Accept-Encoding": "gzip, deflate", "Accept-Language": "en-us,en;q=0.5"}}, {"format_id": "278", "url": "https://r5---sn-5njj-u2xl.googlevideo.com/videoplayback?expire=1611764399&ei=Tz4RYMTqF5aDlQSYo5KwBg&ip=140.109.135.76&id=o-APL1BCx1SZqPerPU7O-HmMaQ2o9kogHV0dHTMsgFWWE8&itag=278&aitags=133%2C134%2C135%2C136%2C137%2C160%2C242%2C243%2C244%2C247%2C248%2C278&source=youtube&requiressl=yes&mh=LA&mm=31%2C29&mn=sn-5njj-u2xl%2Csn-un57sn7z&ms=au%2Crdu&mv=m&mvi=5&pl=16&initcwndbps=546250&vprv=1&mime=video%2Fwebm&ns=crkcTcSJOLze807OKGT-NXIF&gir=yes&clen=1958869&dur=192.800&lmt=1592571025550865&mt=1611742362&fvip=5&keepalive=yes&c=WEB&txp=5432432&n=3NA2NlmD6qU3tG0cCHiJ&sparams=expire%2Cei%2Cip%2Cid%2Caitags%2Csource%2Crequiressl%2Cvprv%2Cmime%2Cns%2Cgir%2Cclen%2Cdur%2Clmt&lsparams=mh%2Cmm%2Cmn%2Cms%2Cmv%2Cmvi%2Cpl%2Cinitcwndbps&lsig=AG3C_xAwRQIgNQeDbCoxnZnvMqeCu7Dy2xKQuVD-JEQOBigiBCj-D_UCIQDT1tix_Ps-jyLxD2FwxydthZS1q8P3S4qu595VoIao7w%3D%3D&sig=AOq0QJ8wRQIgczL-8caaYkyhdEpKqo-pbGyq9woYQpTBxhpnwg_vCF0CIQDdn45VeiBv8XcqJAn5wHp-UgdBwH0m-XzYljyBh9sUTA==&ratebypass=yes", "player_url": "/s/player/c6df6ed7/player_ias.vflset/en_US/base.js", "ext": "webm", "height": 144, "format_note": "144p", "container": "webm", "vcodec": "vp9", "asr": null, "filesize": 1958869, "fps": 25, "tbr": 86.939, "width": 256, "acodec": "none", "downloader_options": {"http_chunk_size": 10485760}, "format": "278 - 256x144 (144p)", "protocol": "https", "http_headers": {"User-Agent": "Mozilla/5.0 (Windows NT 10.0; Win64; x64) AppleWebKit/537.36 (KHTML, like Gecko) Chrome/72.0.3626.25 Safari/537.36", "Accept-Charset": "ISO-8859-1,utf-8;q=0.7,*;q=0.7", "Accept": "text/html,application/xhtml+xml,application/xml;q=0.9,*/*;q=0.8", "Accept-Encoding": "gzip, deflate", "Accept-Language": "en-us,en;q=0.5"}}, {"format_id": "160", "url": "https://r5---sn-5njj-u2xl.googlevideo.com/videoplayback?expire=1611764399&ei=Tz4RYMTqF5aDlQSYo5KwBg&ip=140.109.135.76&id=o-APL1BCx1SZqPerPU7O-HmMaQ2o9kogHV0dHTMsgFWWE8&itag=160&aitags=133%2C134%2C135%2C136%2C137%2C160%2C242%2C243%2C244%2C247%2C248%2C278&source=youtube&requiressl=yes&mh=LA&mm=31%2C29&mn=sn-5njj-u2xl%2Csn-un57sn7z&ms=au%2Crdu&mv=m&mvi=5&pl=16&initcwndbps=546250&vprv=1&mime=video%2Fmp4&ns=crkcTcSJOLze807OKGT-NXIF&gir=yes&clen=1553756&dur=192.800&lmt=1592570858544076&mt=1611742362&fvip=5&keepalive=yes&c=WEB&txp=5432432&n=3NA2NlmD6qU3tG0cCHiJ&sparams=expire%2Cei%2Cip%2Cid%2Caitags%2Csource%2Crequiressl%2Cvprv%2Cmime%2Cns%2Cgir%2Cclen%2Cdur%2Clmt&lsparams=mh%2Cmm%2Cmn%2Cms%2Cmv%2Cmvi%2Cpl%2Cinitcwndbps&lsig=AG3C_xAwRQIgB-uS_i2VxB2BIEwA-rwi2lADXc1IpTwO_TQySBBGkYgCIQCPpXXZjtW0ebSJRulXYbrQ3Wrq6b975RujwbSuBNiRSw%3D%3D&sig=AOq0QJ8wRQIhAMQJWLxSEFjM1j3xBIVkuMBoh4bQRgF3gxof-ssGnabPAiAux9v4HsxdzjvISPy06C2WGieRUPAR2Nltm7RIufVOoA==&ratebypass=yes", "player_url": "/s/player/c6df6ed7/player_ias.vflset/en_US/base.js", "ext": "mp4", "height": 144, "format_note": "144p", "vcodec": "avc1.4d400c", "asr": null, "filesize": 1553756, "fps": 25, "tbr": 87.014, "width": 256, "acodec": "none", "downloader_options": {"http_chunk_size": 10485760}, "format": "160 - 256x144 (144p)", "protocol": "https", "http_headers": {"User-Agent": "Mozilla/5.0 (Windows NT 10.0; Win64; x64) AppleWebKit/537.36 (KHTML, like Gecko) Chrome/72.0.3626.25 Safari/537.36", "Accept-Charset": "ISO-8859-1,utf-8;q=0.7,*;q=0.7", "Accept": "text/html,application/xhtml+xml,application/xml;q=0.9,*/*;q=0.8", "Accept-Encoding": "gzip, deflate", "Accept-Language": "en-us,en;q=0.5"}}, {"format_id": "133", "url": "https://r5---sn-5njj-u2xl.googlevideo.com/videoplayback?expire=1611764399&ei=Tz4RYMTqF5aDlQSYo5KwBg&ip=140.109.135.76&id=o-APL1BCx1SZqPerPU7O-HmMaQ2o9kogHV0dHTMsgFWWE8&itag=133&aitags=133%2C134%2C135%2C136%2C137%2C160%2C242%2C243%2C244%2C247%2C248%2C278&source=youtube&requiressl=yes&mh=LA&mm=31%2C29&mn=sn-5njj-u2xl%2Csn-un57sn7z&ms=au%2Crdu&mv=m&mvi=5&pl=16&initcwndbps=546250&vprv=1&mime=video%2Fmp4&ns=crkcTcSJOLze807OKGT-NXIF&gir=yes&clen=3214684&dur=192.800&lmt=1592570858543914&mt=1611742362&fvip=5&keepalive=yes&c=WEB&txp=5432432&n=3NA2NlmD6qU3tG0cCHiJ&sparams=expire%2Cei%2Cip%2Cid%2Caitags%2Csource%2Crequiressl%2Cvprv%2Cmime%2Cns%2Cgir%2Cclen%2Cdur%2Clmt&lsparams=mh%2Cmm%2Cmn%2Cms%2Cmv%2Cmvi%2Cpl%2Cinitcwndbps&lsig=AG3C_xAwRgIhAIMQST_MIudBGLzj5TO5nkJs8T7PhGsoznYm-VuB-80HAiEAwSfAea1TElXace7KtOH0Mh5Kixcs_VFMtj_LoepJu4s%3D&sig=AOq0QJ8wRAIgeXUnEuM-lYIFd-3exLI_HtZc6kO9tcWlK-KZ5jhUaicCICEpAdCROyblv1D6RBoRgqCuzf-9KopLPtYe88CNqukH&ratebypass=yes", "player_url": "/s/player/c6df6ed7/player_ias.vflset/en_US/base.js", "ext": "mp4", "height": 240, "format_note": "240p", "vcodec": "avc1.4d4015", "asr": null, "filesize": 3214684, "fps": 25, "tbr": 182.929, "width": 426, "acodec": "none", "downloader_options": {"http_chunk_size": 10485760}, "format": "133 - 426x240 (240p)", "protocol": "https", "http_headers": {"User-Agent": "Mozilla/5.0 (Windows NT 10.0; Win64; x64) AppleWebKit/537.36 (KHTML, like Gecko) Chrome/72.0.3626.25 Safari/537.36", "Accept-Charset": "ISO-8859-1,utf-8;q=0.7,*;q=0.7", "Accept": "text/html,application/xhtml+xml,application/xml;q=0.9,*/*;q=0.8", "Accept-Encoding": "gzip, deflate", "Accept-Language": "en-us,en;q=0.5"}}, {"format_id": "242", "url": "https://r5---sn-5njj-u2xl.googlevideo.com/videoplayback?expire=1611764399&ei=Tz4RYMTqF5aDlQSYo5KwBg&ip=140.109.135.76&id=o-APL1BCx1SZqPerPU7O-HmMaQ2o9kogHV0dHTMsgFWWE8&itag=242&aitags=133%2C134%2C135%2C136%2C137%2C160%2C242%2C243%2C244%2C247%2C248%2C278&source=youtube&requiressl=yes&mh=LA&mm=31%2C29&mn=sn-5njj-u2xl%2Csn-un57sn7z&ms=au%2Crdu&mv=m&mvi=5&pl=16&initcwndbps=546250&vprv=1&mime=video%2Fwebm&ns=crkcTcSJOLze807OKGT-NXIF&gir=yes&clen=4176061&dur=192.800&lmt=1592571025550737&mt=1611742362&fvip=5&keepalive=yes&c=WEB&txp=5432432&n=3NA2NlmD6qU3tG0cCHiJ&sparams=expire%2Cei%2Cip%2Cid%2Caitags%2Csource%2Crequiressl%2Cvprv%2Cmime%2Cns%2Cgir%2Cclen%2Cdur%2Clmt&lsparams=mh%2Cmm%2Cmn%2Cms%2Cmv%2Cmvi%2Cpl%2Cinitcwndbps&lsig=AG3C_xAwRQIhANVC1sLB7mCK_Ewm71qkFYDFQXDor3MAsKfmVNRJiXXBAiAlirYU72UbmpqfFzQPRI8A9N4f9VhEx9RTi0NKCa2SFA%3D%3D&sig=AOq0QJ8wRgIhAOaiYP_CUSNKiC2-CKozN8XQMqPhud-cUmmDGnS3A3FEAiEAotnb4zLdAuR3RxZO0wkRMdRBLy2shxMoGivD3HwqTy4=&ratebypass=yes", "player_url": "/s/player/c6df6ed7/player_ias.vflset/en_US/base.js", "ext": "webm", "height": 240, "format_note": "240p", "vcodec": "vp9", "asr": null, "filesize": 4176061, "fps": 25, "tbr": 191.001, "width": 426, "acodec": "none", "downloader_options": {"http_chunk_size": 10485760}, "format": "242 - 426x240 (240p)", "protocol": "https", "http_headers": {"User-Agent": "Mozilla/5.0 (Windows NT 10.0; Win64; x64) AppleWebKit/537.36 (KHTML, like Gecko) Chrome/72.0.3626.25 Safari/537.36", "Accept-Charset": "ISO-8859-1,utf-8;q=0.7,*;q=0.7", "Accept": "text/html,application/xhtml+xml,application/xml;q=0.9,*/*;q=0.8", "Accept-Encoding": "gzip, deflate", "Accept-Language": "en-us,en;q=0.5"}}, {"format_id": "134", "url": "https://r5---sn-5njj-u2xl.googlevideo.com/videoplayback?expire=1611764399&ei=Tz4RYMTqF5aDlQSYo5KwBg&ip=140.109.135.76&id=o-APL1BCx1SZqPerPU7O-HmMaQ2o9kogHV0dHTMsgFWWE8&itag=134&aitags=133%2C134%2C135%2C136%2C137%2C160%2C242%2C243%2C244%2C247%2C248%2C278&source=youtube&requiressl=yes&mh=LA&mm=31%2C29&mn=sn-5njj-u2xl%2Csn-un57sn7z&ms=au%2Crdu&mv=m&mvi=5&pl=16&initcwndbps=546250&vprv=1&mime=video%2Fmp4&ns=crkcTcSJOLze807OKGT-NXIF&gir=yes&clen=5924819&dur=192.800&lmt=1592570858541929&mt=1611742362&fvip=5&keepalive=yes&c=WEB&txp=5432432&n=3NA2NlmD6qU3tG0cCHiJ&sparams=expire%2Cei%2Cip%2Cid%2Caitags%2Csource%2Crequiressl%2Cvprv%2Cmime%2Cns%2Cgir%2Cclen%2Cdur%2Clmt&lsparams=mh%2Cmm%2Cmn%2Cms%2Cmv%2Cmvi%2Cpl%2Cinitcwndbps&lsig=AG3C_xAwRAIgSzrgUxrrFMSQ-Tgflu23QSlHxbnmUEH_n8bGTN-BNncCIBaxwBIHgoA38VE_e1T2Cesa7JlOMZ0Mu5eEA-bPBG0I&sig=AOq0QJ8wRQIhAOaxCky8eQMtSO_RrCZ1EKm2l-S509i7MZvzb7Ebp9JxAiA-NvfkQWCNuSGCcY1L5o7ckHUOMyf_ZYE-P_q6SM5-_Q==&ratebypass=yes", "player_url": "/s/player/c6df6ed7/player_ias.vflset/en_US/base.js", "ext": "mp4", "height": 360, "format_note": "360p", "vcodec": "avc1.4d401e", "asr": null, "filesize": 5924819, "fps": 25, "tbr": 333.871, "width": 640, "acodec": "none", "downloader_options": {"http_chunk_size": 10485760}, "format": "134 - 640x360 (360p)", "protocol": "https", "http_headers": {"User-Agent": "Mozilla/5.0 (Windows NT 10.0; Win64; x64) AppleWebKit/537.36 (KHTML, like Gecko) Chrome/72.0.3626.25 Safari/537.36", "Accept-Charset": "ISO-8859-1,utf-8;q=0.7,*;q=0.7", "Accept": "text/html,application/xhtml+xml,application/xml;q=0.9,*/*;q=0.8", "Accept-Encoding": "gzip, deflate", "Accept-Language": "en-us,en;q=0.5"}}, {"format_id": "243", "url": "https://r5---sn-5njj-u2xl.googlevideo.com/videoplayback?expire=1611764399&ei=Tz4RYMTqF5aDlQSYo5KwBg&ip=140.109.135.76&id=o-APL1BCx1SZqPerPU7O-HmMaQ2o9kogHV0dHTMsgFWWE8&itag=243&aitags=133%2C134%2C135%2C136%2C137%2C160%2C242%2C243%2C244%2C247%2C248%2C278&source=youtube&requiressl=yes&mh=LA&mm=31%2C29&mn=sn-5njj-u2xl%2Csn-un57sn7z&ms=au%2Crdu&mv=m&mvi=5&pl=16&initcwndbps=546250&vprv=1&mime=video%2Fwebm&ns=crkcTcSJOLze807OKGT-NXIF&gir=yes&clen=8730649&dur=192.800&lmt=1592571025557761&mt=1611742362&fvip=5&keepalive=yes&c=WEB&txp=5432432&n=3NA2NlmD6qU3tG0cCHiJ&sparams=expire%2Cei%2Cip%2Cid%2Caitags%2Csource%2Crequiressl%2Cvprv%2Cmime%2Cns%2Cgir%2Cclen%2Cdur%2Clmt&lsparams=mh%2Cmm%2Cmn%2Cms%2Cmv%2Cmvi%2Cpl%2Cinitcwndbps&lsig=AG3C_xAwRQIgWfxGHoYA07EuCrPZt8PiO84LUAz3Q6UwYnqCL5b5mM0CIQCfe4DF8djpun6YklcY2gws5PLKGbvYxxrBP49yCrkRag%3D%3D&sig=AOq0QJ8wRAIgOaFPFrmEn0IGwgKPNrvydxeDMpSXXyKe58Jeh7J_-ZMCIEbUhB8TsnZ66hsM-FFm0ZLTf3Zo5KvTD0-DtpWvf411&ratebypass=yes", "player_url": "/s/player/c6df6ed7/player_ias.vflset/en_US/base.js", "ext": "webm", "height": 360, "format_note": "360p", "vcodec": "vp9", "asr": null, "filesize": 8730649, "fps": 25, "tbr": 409.054, "width": 640, "acodec": "none", "downloader_options": {"http_chunk_size": 10485760}, "format": "243 - 640x360 (360p)", "protocol": "https", "http_headers": {"User-Agent": "Mozilla/5.0 (Windows NT 10.0; Win64; x64) AppleWebKit/537.36 (KHTML, like Gecko) Chrome/72.0.3626.25 Safari/537.36", "Accept-Charset": "ISO-8859-1,utf-8;q=0.7,*;q=0.7", "Accept": "text/html,application/xhtml+xml,application/xml;q=0.9,*/*;q=0.8", "Accept-Encoding": "gzip, deflate", "Accept-Language": "en-us,en;q=0.5"}}, {"format_id": "135", "url": "https://r5---sn-5njj-u2xl.googlevideo.com/videoplayback?expire=1611764399&ei=Tz4RYMTqF5aDlQSYo5KwBg&ip=140.109.135.76&id=o-APL1BCx1SZqPerPU7O-HmMaQ2o9kogHV0dHTMsgFWWE8&itag=135&aitags=133%2C134%2C135%2C136%2C137%2C160%2C242%2C243%2C244%2C247%2C248%2C278&source=youtube&requiressl=yes&mh=LA&mm=31%2C29&mn=sn-5njj-u2xl%2Csn-un57sn7z&ms=au%2Crdu&mv=m&mvi=5&pl=16&initcwndbps=546250&vprv=1&mime=video%2Fmp4&ns=crkcTcSJOLze807OKGT-NXIF&gir=yes&clen=10588701&dur=192.800&lmt=1592570858542318&mt=1611742362&fvip=5&keepalive=yes&c=WEB&txp=5432432&n=3NA2NlmD6qU3tG0cCHiJ&sparams=expire%2Cei%2Cip%2Cid%2Caitags%2Csource%2Crequiressl%2Cvprv%2Cmime%2Cns%2Cgir%2Cclen%2Cdur%2Clmt&lsparams=mh%2Cmm%2Cmn%2Cms%2Cmv%2Cmvi%2Cpl%2Cinitcwndbps&lsig=AG3C_xAwRQIhAK0s95ZRrl7LfqO-X0DgbwoNACwugA-xkWb9OnD69DQuAiAmscngWVsLpHSKjZug1TyNiv1wUznsdLYDEyXaIlpPrQ%3D%3D&sig=AOq0QJ8wRAIgd5Lurt4D7-9sb3ffkFGf8o_Jm-8O7J7lt5B6LNG8L-ICIHCdd6wmGMgDkhesRgGYsXq3WmY5R1tCWNJgWkq-Khkf&ratebypass=yes", "player_url": "/s/player/c6df6ed7/player_ias.vflset/en_US/base.js", "ext": "mp4", "height": 480, "format_note": "480p", "vcodec": "avc1.4d401e", "asr": null, "filesize": 10588701, "fps": 25, "tbr": 519.051, "width": 854, "acodec": "none", "downloader_options": {"http_chunk_size": 10485760}, "format": "135 - 854x480 (480p)", "protocol": "https", "http_headers": {"User-Agent": "Mozilla/5.0 (Windows NT 10.0; Win64; x64) AppleWebKit/537.36 (KHTML, like Gecko) Chrome/72.0.3626.25 Safari/537.36", "Accept-Charset": "ISO-8859-1,utf-8;q=0.7,*;q=0.7", "Accept": "text/html,application/xhtml+xml,application/xml;q=0.9,*/*;q=0.8", "Accept-Encoding": "gzip, deflate", "Accept-Language": "en-us,en;q=0.5"}}, {"format_id": "244", "url": "https://r5---sn-5njj-u2xl.googlevideo.com/videoplayback?expire=1611764399&ei=Tz4RYMTqF5aDlQSYo5KwBg&ip=140.109.135.76&id=o-APL1BCx1SZqPerPU7O-HmMaQ2o9kogHV0dHTMsgFWWE8&itag=244&aitags=133%2C134%2C135%2C136%2C137%2C160%2C242%2C243%2C244%2C247%2C248%2C278&source=youtube&requiressl=yes&mh=LA&mm=31%2C29&mn=sn-5njj-u2xl%2Csn-un57sn7z&ms=au%2Crdu&mv=m&mvi=5&pl=16&initcwndbps=546250&vprv=1&mime=video%2Fwebm&ns=crkcTcSJOLze807OKGT-NXIF&gir=yes&clen=15362718&dur=192.800&lmt=1592571025548874&mt=1611742362&fvip=5&keepalive=yes&c=WEB&txp=5432432&n=3NA2NlmD6qU3tG0cCHiJ&sparams=expire%2Cei%2Cip%2Cid%2Caitags%2Csource%2Crequiressl%2Cvprv%2Cmime%2Cns%2Cgir%2Cclen%2Cdur%2Clmt&lsparams=mh%2Cmm%2Cmn%2Cms%2Cmv%2Cmvi%2Cpl%2Cinitcwndbps&lsig=AG3C_xAwRgIhALkhV4N9pwuebTknHW_7ygMU3C-2wwLMdyOVP6bPxe7ZAiEAt8I_T3-Z2T2VBZlMhDSCVs76orfihiLkpbun3aSmy1M%3D&sig=AOq0QJ8wRQIge9yJ4WN1Yit4THqub4ER3GNXjGokMvPwUvwGvXfD52kCIQDKy55O18Ykfy1CGPwKdyXHbiLD4FYIU87SE5SYPu09XQ==&ratebypass=yes", "player_url": "/s/player/c6df6ed7/player_ias.vflset/en_US/base.js", "ext": "webm", "height": 480, "format_note": "480p", "vcodec": "vp9", "asr": null, "filesize": 15362718, "fps": 25, "tbr": 757.856, "width": 854, "acodec": "none", "downloader_options": {"http_chunk_size": 10485760}, "format": "244 - 854x480 (480p)", "protocol": "https", "http_headers": {"User-Agent": "Mozilla/5.0 (Windows NT 10.0; Win64; x64) AppleWebKit/537.36 (KHTML, like Gecko) Chrome/72.0.3626.25 Safari/537.36", "Accept-Charset": "ISO-8859-1,utf-8;q=0.7,*;q=0.7", "Accept": "text/html,application/xhtml+xml,application/xml;q=0.9,*/*;q=0.8", "Accept-Encoding": "gzip, deflate", "Accept-Language": "en-us,en;q=0.5"}}, {"format_id": "136", "url": "https://r5---sn-5njj-u2xl.googlevideo.com/videoplayback?expire=1611764399&ei=Tz4RYMTqF5aDlQSYo5KwBg&ip=140.109.135.76&id=o-APL1BCx1SZqPerPU7O-HmMaQ2o9kogHV0dHTMsgFWWE8&itag=136&aitags=133%2C134%2C135%2C136%2C137%2C160%2C242%2C243%2C244%2C247%2C248%2C278&source=youtube&requiressl=yes&mh=LA&mm=31%2C29&mn=sn-5njj-u2xl%2Csn-un57sn7z&ms=au%2Crdu&mv=m&mvi=5&pl=16&initcwndbps=546250&vprv=1&mime=video%2Fmp4&ns=crkcTcSJOLze807OKGT-NXIF&gir=yes&clen=20732729&dur=192.800&lmt=1592570858544534&mt=1611742362&fvip=5&keepalive=yes&c=WEB&txp=5432432&n=3NA2NlmD6qU3tG0cCHiJ&sparams=expire%2Cei%2Cip%2Cid%2Caitags%2Csource%2Crequiressl%2Cvprv%2Cmime%2Cns%2Cgir%2Cclen%2Cdur%2Clmt&lsparams=mh%2Cmm%2Cmn%2Cms%2Cmv%2Cmvi%2Cpl%2Cinitcwndbps&lsig=AG3C_xAwRQIhAMhpgjmY33TefJ96Bfez5vemY5FizZE36IPK0en5BHV6AiACd8bwfRPSSXhsqR2DykO9yQY6okUSt9rQ6YpEU6tbbQ%3D%3D&sig=AOq0QJ8wRQIgKFavC9RT1he6Sd7orr7Qok9XtuYi6VW3WEDblbeGzpUCIQCuF9VFbQoF9uO_MggDNxeZdLY5DnRSncflPuL1xAVPbQ==&ratebypass=yes", "player_url": "/s/player/c6df6ed7/player_ias.vflset/en_US/base.js", "ext": "mp4", "height": 720, "format_note": "720p", "vcodec": "avc1.4d401f", "asr": null, "filesize": 20732729, "fps": 25, "tbr": 1054.94, "width": 1280, "acodec": "none", "downloader_options": {"http_chunk_size": 10485760}, "format": "136 - 1280x720 (720p)", "protocol": "https", "http_headers": {"User-Agent": "Mozilla/5.0 (Windows NT 10.0; Win64; x64) AppleWebKit/537.36 (KHTML, like Gecko) Chrome/72.0.3626.25 Safari/537.36", "Accept-Charset": "ISO-8859-1,utf-8;q=0.7,*;q=0.7", "Accept": "text/html,application/xhtml+xml,application/xml;q=0.9,*/*;q=0.8", "Accept-Encoding": "gzip, deflate", "Accept-Language": "en-us,en;q=0.5"}}, {"format_id": "247", "url": "https://r5---sn-5njj-u2xl.googlevideo.com/videoplayback?expire=1611764399&ei=Tz4RYMTqF5aDlQSYo5KwBg&ip=140.109.135.76&id=o-APL1BCx1SZqPerPU7O-HmMaQ2o9kogHV0dHTMsgFWWE8&itag=247&aitags=133%2C134%2C135%2C136%2C137%2C160%2C242%2C243%2C244%2C247%2C248%2C278&source=youtube&requiressl=yes&mh=LA&mm=31%2C29&mn=sn-5njj-u2xl%2Csn-un57sn7z&ms=au%2Crdu&mv=m&mvi=5&pl=16&initcwndbps=546250&vprv=1&mime=video%2Fwebm&ns=crkcTcSJOLze807OKGT-NXIF&gir=yes&clen=28700266&dur=192.800&lmt=1592571025558917&mt=1611742362&fvip=5&keepalive=yes&c=WEB&txp=5432432&n=3NA2NlmD6qU3tG0cCHiJ&sparams=expire%2Cei%2Cip%2Cid%2Caitags%2Csource%2Crequiressl%2Cvprv%2Cmime%2Cns%2Cgir%2Cclen%2Cdur%2Clmt&lsparams=mh%2Cmm%2Cmn%2Cms%2Cmv%2Cmvi%2Cpl%2Cinitcwndbps&lsig=AG3C_xAwRQIhAOmoOiMF_3e1RqteNkAmO3TF_8L0riAT2lVfQJ_fgiFCAiBIkmyb2pCkYhIlNoaXErKyctFlep0rOspkY2JWwyi5JQ%3D%3D&sig=AOq0QJ8wRgIhAPwYLpYLGTHam9XQa8zcAdWhFNsNy89BvveiIrBMbs0wAiEA6PSyDoGMR-DzC4AaOC4eV0P_vjhhPKp2s8gq_sbIGUQ=&ratebypass=yes", "player_url": "/s/player/c6df6ed7/player_ias.vflset/en_US/base.js", "ext": "webm", "height": 720, "format_note": "720p", "vcodec": "vp9", "asr": null, "filesize": 28700266, "fps": 25, "tbr": 1497.643, "width": 1280, "acodec": "none", "downloader_options": {"http_chunk_size": 10485760}, "format": "247 - 1280x720 (720p)", "protocol": "https", "http_headers": {"User-Agent": "Mozilla/5.0 (Windows NT 10.0; Win64; x64) AppleWebKit/537.36 (KHTML, like Gecko) Chrome/72.0.3626.25 Safari/537.36", "Accept-Charset": "ISO-8859-1,utf-8;q=0.7,*;q=0.7", "Accept": "text/html,application/xhtml+xml,application/xml;q=0.9,*/*;q=0.8", "Accept-Encoding": "gzip, deflate", "Accept-Language": "en-us,en;q=0.5"}}, {"format_id": "137", "url": "https://r5---sn-5njj-u2xl.googlevideo.com/videoplayback?expire=1611764399&ei=Tz4RYMTqF5aDlQSYo5KwBg&ip=140.109.135.76&id=o-APL1BCx1SZqPerPU7O-HmMaQ2o9kogHV0dHTMsgFWWE8&itag=137&aitags=133%2C134%2C135%2C136%2C137%2C160%2C242%2C243%2C244%2C247%2C248%2C278&source=youtube&requiressl=yes&mh=LA&mm=31%2C29&mn=sn-5njj-u2xl%2Csn-un57sn7z&ms=au%2Crdu&mv=m&mvi=5&pl=16&initcwndbps=546250&vprv=1&mime=video%2Fmp4&ns=crkcTcSJOLze807OKGT-NXIF&gir=yes&clen=44987488&dur=192.800&lmt=1592570910733952&mt=1611742362&fvip=5&keepalive=yes&c=WEB&txp=5432432&n=3NA2NlmD6qU3tG0cCHiJ&sparams=expire%2Cei%2Cip%2Cid%2Caitags%2Csource%2Crequiressl%2Cvprv%2Cmime%2Cns%2Cgir%2Cclen%2Cdur%2Clmt&lsparams=mh%2Cmm%2Cmn%2Cms%2Cmv%2Cmvi%2Cpl%2Cinitcwndbps&lsig=AG3C_xAwRAIgTdXbpOmaatmDW9Db6K0mfqAwC0jnPFVDJAwtTThiQ38CIFeXbGH8Al77I1DkakEWZ9HW-eDvJ58IJuP-7-edc8y6&sig=AOq0QJ8wRgIhAPE2zCdKkVY3xu-xbovRHp92va933fICgVh7rX6ieqScAiEAp9e6SxNcU3fxH4yjqcci8Uvj4Mab2hTdiSNImpbdycU=&ratebypass=yes", "player_url": "/s/player/c6df6ed7/player_ias.vflset/en_US/base.js", "ext": "mp4", "height": 1080, "format_note": "1080p", "vcodec": "avc1.640028", "asr": null, "filesize": 44987488, "fps": 25, "tbr": 2452.7, "width": 1920, "acodec": "none", "downloader_options": {"http_chunk_size": 10485760}, "format": "137 - 1920x1080 (1080p)", "protocol": "https", "http_headers": {"User-Agent": "Mozilla/5.0 (Windows NT 10.0; Win64; x64) AppleWebKit/537.36 (KHTML, like Gecko) Chrome/72.0.3626.25 Safari/537.36", "Accept-Charset": "ISO-8859-1,utf-8;q=0.7,*;q=0.7", "Accept": "text/html,application/xhtml+xml,application/xml;q=0.9,*/*;q=0.8", "Accept-Encoding": "gzip, deflate", "Accept-Language": "en-us,en;q=0.5"}}, {"format_id": "248", "url": "https://r5---sn-5njj-u2xl.googlevideo.com/videoplayback?expire=1611764399&ei=Tz4RYMTqF5aDlQSYo5KwBg&ip=140.109.135.76&id=o-APL1BCx1SZqPerPU7O-HmMaQ2o9kogHV0dHTMsgFWWE8&itag=248&aitags=133%2C134%2C135%2C136%2C137%2C160%2C242%2C243%2C244%2C247%2C248%2C278&source=youtube&requiressl=yes&mh=LA&mm=31%2C29&mn=sn-5njj-u2xl%2Csn-un57sn7z&ms=au%2Crdu&mv=m&mvi=5&pl=16&initcwndbps=546250&vprv=1&mime=video%2Fwebm&ns=crkcTcSJOLze807OKGT-NXIF&gir=yes&clen=50481194&dur=192.800&lmt=1592570981668490&mt=1611742362&fvip=5&keepalive=yes&c=WEB&txp=5432432&n=3NA2NlmD6qU3tG0cCHiJ&sparams=expire%2Cei%2Cip%2Cid%2Caitags%2Csource%2Crequiressl%2Cvprv%2Cmime%2Cns%2Cgir%2Cclen%2Cdur%2Clmt&lsparams=mh%2Cmm%2Cmn%2Cms%2Cmv%2Cmvi%2Cpl%2Cinitcwndbps&lsig=AG3C_xAwRQIhAJ0yiS1NTenq1xExC9YqDltULJvB_qyPJl58qupJ9h3nAiArFeZkjOEkU3F36PWDGGGyVLTauycqxDn2mSBZm8Jp6g%3D%3D&sig=AOq0QJ8wRQIhAOkTCMj5n8748Q1lNuHG_u3E47mEExSWSY6L4XRavDJRAiBzHA_s2fXLis5GdNwpQCIQTfkezDRzcUNW1Zd-SAJ32A==&ratebypass=yes", "player_url": "/s/player/c6df6ed7/player_ias.vflset/en_US/base.js", "ext": "webm", "height": 1080, "format_note": "1080p", "vcodec": "vp9", "asr": null, "filesize": 50481194, "fps": 25, "tbr": 2540.353, "width": 1920, "acodec": "none", "downloader_options": {"http_chunk_size": 10485760}, "format": "248 - 1920x1080 (1080p)", "protocol": "https", "http_headers": {"User-Agent": "Mozilla/5.0 (Windows NT 10.0; Win64; x64) AppleWebKit/537.36 (KHTML, like Gecko) Chrome/72.0.3626.25 Safari/537.36", "Accept-Charset": "ISO-8859-1,utf-8;q=0.7,*;q=0.7", "Accept": "text/html,application/xhtml+xml,application/xml;q=0.9,*/*;q=0.8", "Accept-Encoding": "gzip, deflate", "Accept-Language": "en-us,en;q=0.5"}}, {"format_id": "18", "url": "https://r5---sn-5njj-u2xl.googlevideo.com/videoplayback?expire=1611764399&ei=Tz4RYMTqF5aDlQSYo5KwBg&ip=140.109.135.76&id=o-APL1BCx1SZqPerPU7O-HmMaQ2o9kogHV0dHTMsgFWWE8&itag=18&source=youtube&requiressl=yes&mh=LA&mm=31%2C29&mn=sn-5njj-u2xl%2Csn-un57sn7z&ms=au%2Crdu&mv=m&mvi=5&pl=16&initcwndbps=546250&vprv=1&mime=video%2Fmp4&ns=GyXrcTqbet3IW6MCURPHXGwF&gir=yes&clen=15341478&ratebypass=yes&dur=192.864&lmt=1592570828183640&mt=1611742362&fvip=5&c=WEB&txp=5431432&n=z3U0hhOBNRS-gfD4uSF1&sparams=expire%2Cei%2Cip%2Cid%2Citag%2Csource%2Crequiressl%2Cvprv%2Cmime%2Cns%2Cgir%2Cclen%2Cratebypass%2Cdur%2Clmt&lsparams=mh%2Cmm%2Cmn%2Cms%2Cmv%2Cmvi%2Cpl%2Cinitcwndbps&lsig=AG3C_xAwRAIgSSmOkNhOqV4dFjx4fNcOZx1wHXLg4COkeaB0rolftwMCIDmLQQarq5_r42Ez3Y9F256uF7iHAo7I2l11YlsE66GJ&sig=AOq0QJ8wRAIgXsn4osNYkm_QwJXTtFLsog25o0hoq-i3I1olKsK6WysCIDA57t4glROhHlSPixBcH5QtXm91XPCdZPuKDoLE2WWs", "player_url": "/s/player/c6df6ed7/player_ias.vflset/en_US/base.js", "ext": "mp4", "width": 640, "height": 360, "acodec": "mp4a.40.2", "abr": 96, "vcodec": "avc1.42001E", "asr": 44100, "filesize": 15341478, "format_note": "360p", "fps": 25, "tbr": 636.575, "format": "18 - 640x360 (360p)", "protocol": "https", "http_headers": {"User-Agent": "Mozilla/5.0 (Windows NT 10.0; Win64; x64) AppleWebKit/537.36 (KHTML, like Gecko) Chrome/72.0.3626.25 Safari/537.36", "Accept-Charset": "ISO-8859-1,utf-8;q=0.7,*;q=0.7", "Accept": "text/html,application/xhtml+xml,application/xml;q=0.9,*/*;q=0.8", "Accept-Encoding": "gzip, deflate", "Accept-Language": "en-us,en;q=0.5"}}], "is_live": null, "start_time": null, "end_time": null, "series": null, "season_number": null, "episode_number": null, "track": null, "artist": null, "album": null, "release_date": null, "release_year": null, "extractor": "youtube", "webpage_url_basename": "watch", "extractor_key": "Youtube", "playlist": null, "playlist_index": null, "thumbnail": "https://i.ytimg.com/vi/GAgPsoXmRjY/maxresdefault.jpg", "display_id": "GAgPsoXmRjY", "requested_subtitles": null, "format_id": "251", "url": "https://r5---sn-5njj-u2xl.googlevideo.com/videoplayback?expire=1611764399&ei=Tz4RYMTqF5aDlQSYo5KwBg&ip=140.109.135.76&id=o-APL1BCx1SZqPerPU7O-HmMaQ2o9kogHV0dHTMsgFWWE8&itag=251&source=youtube&requiressl=yes&mh=LA&mm=31%2C29&mn=sn-5njj-u2xl%2Csn-un57sn7z&ms=au%2Crdu&mv=m&mvi=5&pl=16&initcwndbps=546250&vprv=1&mime=audio%2Fwebm&ns=crkcTcSJOLze807OKGT-NXIF&gir=yes&clen=3478914&dur=192.821&lmt=1592570814065312&mt=1611742362&fvip=5&keepalive=yes&c=WEB&txp=5431432&n=3NA2NlmD6qU3tG0cCHiJ&sparams=expire%2Cei%2Cip%2Cid%2Citag%2Csource%2Crequiressl%2Cvprv%2Cmime%2Cns%2Cgir%2Cclen%2Cdur%2Clmt&lsparams=mh%2Cmm%2Cmn%2Cms%2Cmv%2Cmvi%2Cpl%2Cinitcwndbps&lsig=AG3C_xAwRgIhAO26Uos3n_YRwBqzMk5fONWCNZEf_UIPrNNyPQGzeJYiAiEA0udE0npcT13eca4EWgMhZqa8rHg6ioYXi0OFQS-rQLw%3D&sig=AOq0QJ8wRAIgKzudn1QaSJMZ_ogbntyeewhXlagM0wRauZANiSfP6EQCIBpu_Cp-NnNp6u1Cmb_WIgpJ7pu9GnBrEMnJpXAgnDD8&ratebypass=yes", "player_url": "/s/player/c6df6ed7/player_ias.vflset/en_US/base.js", "ext": "webm", "format_note": "tiny", "acodec": "opus", "abr": 160, "asr": 48000, "filesize": 3478914, "fps": null, "height": null, "tbr": 155.068, "width": null, "vcodec": "none", "downloader_options": {"http_chunk_size": 10485760}, "format": "251 - audio only (tiny)", "protocol": "https", "http_headers": {"User-Agent": "Mozilla/5.0 (Windows NT 10.0; Win64; x64) AppleWebKit/537.36 (KHTML, like Gecko) Chrome/72.0.3626.25 Safari/537.36", "Accept-Charset": "ISO-8859-1,utf-8;q=0.7,*;q=0.7", "Accept": "text/html,application/xhtml+xml,application/xml;q=0.9,*/*;q=0.8", "Accept-Encoding": "gzip, deflate", "Accept-Language": "en-us,en;q=0.5"}}