{"id": "GandEyA65EA", "uploader": "Cinema City", "uploader_id": "UCUpRPMNoAwPRIGW3kIKKTLg", "uploader_url": "http://www.youtube.com/channel/UCUpRPMNoAwPRIGW3kIKKTLg", "channel_id": "UCUpRPMNoAwPRIGW3kIKKTLg", "channel_url": "http://www.youtube.com/channel/UCUpRPMNoAwPRIGW3kIKKTLg", "upload_date": "20201023", "license": null, "creator": null, "title": "Carlos Rafael Rivera - The Queen's Gambit (Music from the Netflix Limited Series)", "alt_title": null, "thumbnails": [{"url": "https://i.ytimg.com/vi/GandEyA65EA/hqdefault.jpg?sqp=-oaymwEYCKgBEF5IVfKriqkDCwgBFQAAiEIYAXAB&rs=AOn4CLDhiHzJJy_zGf5UGfifDEocxfJAag", "width": 168, "height": 94, "resolution": "168x94", "id": "0"}, {"url": "https://i.ytimg.com/vi/GandEyA65EA/hqdefault.jpg?sqp=-oaymwEYCMQBEG5IVfKriqkDCwgBFQAAiEIYAXAB&rs=AOn4CLDDk0Igma59PBAKw223PUrA1JNRiw", "width": 196, "height": 110, "resolution": "196x110", "id": "1"}, {"url": "https://i.ytimg.com/vi/GandEyA65EA/hqdefault.jpg?sqp=-oaymwEZCPYBEIoBSFXyq4qpAwsIARUAAIhCGAFwAQ==&rs=AOn4CLADQ7keB6DzrW7LFj10xcVYtN5Qkw", "width": 246, "height": 138, "resolution": "246x138", "id": "2"}, {"url": "https://i.ytimg.com/vi/GandEyA65EA/hqdefault.jpg?sqp=-oaymwEZCNACELwBSFXyq4qpAwsIARUAAIhCGAFwAQ==&rs=AOn4CLBHNc2qtY-G-S5R0BIYVDN1ftbwow", "width": 336, "height": 188, "resolution": "336x188", "id": "3"}, {"url": "https://i.ytimg.com/vi_webp/GandEyA65EA/maxresdefault.webp", "width": 1920, "height": 1080, "resolution": "1920x1080", "id": "4"}], "description": "", "categories": ["Film & Animation"], "tags": ["theme", "main title", "score", "ost", "soundtrack", "cinema city", "kino", "music", "filmmusic", "film music"], "subtitles": {}, "automatic_captions": {}, "duration": 5430, "age_limit": 0, "annotations": null, "chapters": null, "webpage_url": "https://www.youtube.com/watch?v=GandEyA65EA", "view_count": 315144, "like_count": 5336, "dislike_count": 74, "average_rating": 4.9452863, "formats": [{"format_id": "249", "url": "https://r5---sn-5njj-u2xl.googlevideo.com/videoplayback?expire=1607614146&ei=YurRX9rZEpSQlQSOu6fQCg&ip=140.109.135.76&id=o-ANdD8gRjdimQtHWvhjjlsanwAjqs5m-LeIUc7-uksbM2&itag=249&source=youtube&requiressl=yes&mh=vd&mm=31%2C29&mn=sn-5njj-u2xl%2Csn-un57sn76&ms=au%2Crdu&mv=m&mvi=5&pl=16&initcwndbps=1130000&vprv=1&mime=audio%2Fwebm&ns=ial5VN4ai8eIhiyp4WHaO8IF&gir=yes&clen=34568437&dur=5430.021&lmt=1607194441924207&mt=1607592037&fvip=5&keepalive=yes&c=WEB&txp=5431432&n=Lz5wXfMA7kt-auUb&sparams=expire%2Cei%2Cip%2Cid%2Citag%2Csource%2Crequiressl%2Cvprv%2Cmime%2Cns%2Cgir%2Cclen%2Cdur%2Clmt&sig=AOq0QJ8wRQIgaUcfpcRDM5GWEL3YdDFBF8MklsT_0W8sUrBpTEVg4KACIQCGSekhQ4OrHuHknBAL9ptWfGqn8-kDqbKgB0axDaO88A%3D%3D&lsparams=mh%2Cmm%2Cmn%2Cms%2Cmv%2Cmvi%2Cpl%2Cinitcwndbps&lsig=AG3C_xAwRQIgCKWYE9SZafeobpLIK6xBF0riip0wW71_A3e_u-MSaPYCIQCuqbpVQzvlQjy5Jp_l_69erOrtxskykj2zM4U3_NMz0Q%3D%3D&ratebypass=yes", "player_url": null, "ext": "webm", "format_note": "tiny", "acodec": "opus", "abr": 50, "asr": 48000, "filesize": 34568437, "fps": null, "height": null, "tbr": 65.97, "width": null, "vcodec": "none", "downloader_options": {"http_chunk_size": 10485760}, "format": "249 - audio only (tiny)", "protocol": "https", "http_headers": {"User-Agent": "Mozilla/5.0 (Windows NT 10.0; Win64; x64) AppleWebKit/537.36 (KHTML, like Gecko) Chrome/71.0.3578.16 Safari/537.36", "Accept-Charset": "ISO-8859-1,utf-8;q=0.7,*;q=0.7", "Accept": "text/html,application/xhtml+xml,application/xml;q=0.9,*/*;q=0.8", "Accept-Encoding": "gzip, deflate", "Accept-Language": "en-us,en;q=0.5"}}, {"format_id": "250", "url": "https://r5---sn-5njj-u2xl.googlevideo.com/videoplayback?expire=1607614146&ei=YurRX9rZEpSQlQSOu6fQCg&ip=140.109.135.76&id=o-ANdD8gRjdimQtHWvhjjlsanwAjqs5m-LeIUc7-uksbM2&itag=250&source=youtube&requiressl=yes&mh=vd&mm=31%2C29&mn=sn-5njj-u2xl%2Csn-un57sn76&ms=au%2Crdu&mv=m&mvi=5&pl=16&initcwndbps=1130000&vprv=1&mime=audio%2Fwebm&ns=ial5VN4ai8eIhiyp4WHaO8IF&gir=yes&clen=45834792&dur=5430.021&lmt=1607194134729637&mt=1607592037&fvip=5&keepalive=yes&c=WEB&txp=5431432&n=Lz5wXfMA7kt-auUb&sparams=expire%2Cei%2Cip%2Cid%2Citag%2Csource%2Crequiressl%2Cvprv%2Cmime%2Cns%2Cgir%2Cclen%2Cdur%2Clmt&sig=AOq0QJ8wRgIhAPHTSYG8y24xvmV8HHc4c4Ghi9PtqgY0KxzI_ug_FhGMAiEA6IlTZHy1LJukPGJ7kbJbz_k89DPQp6BjlyakWxoBYgQ%3D&lsparams=mh%2Cmm%2Cmn%2Cms%2Cmv%2Cmvi%2Cpl%2Cinitcwndbps&lsig=AG3C_xAwRQIgCKWYE9SZafeobpLIK6xBF0riip0wW71_A3e_u-MSaPYCIQCuqbpVQzvlQjy5Jp_l_69erOrtxskykj2zM4U3_NMz0Q%3D%3D&ratebypass=yes", "player_url": null, "ext": "webm", "format_note": "tiny", "acodec": "opus", "abr": 70, "asr": 48000, "filesize": 45834792, "fps": null, "height": null, "tbr": 83.028, "width": null, "vcodec": "none", "downloader_options": {"http_chunk_size": 10485760}, "format": "250 - audio only (tiny)", "protocol": "https", "http_headers": {"User-Agent": "Mozilla/5.0 (Windows NT 10.0; Win64; x64) AppleWebKit/537.36 (KHTML, like Gecko) Chrome/71.0.3578.16 Safari/537.36", "Accept-Charset": "ISO-8859-1,utf-8;q=0.7,*;q=0.7", "Accept": "text/html,application/xhtml+xml,application/xml;q=0.9,*/*;q=0.8", "Accept-Encoding": "gzip, deflate", "Accept-Language": "en-us,en;q=0.5"}}, {"format_id": "140", "url": "https://r5---sn-5njj-u2xl.googlevideo.com/videoplayback?expire=1607614146&ei=YurRX9rZEpSQlQSOu6fQCg&ip=140.109.135.76&id=o-ANdD8gRjdimQtHWvhjjlsanwAjqs5m-LeIUc7-uksbM2&itag=140&source=youtube&requiressl=yes&mh=vd&mm=31%2C29&mn=sn-5njj-u2xl%2Csn-un57sn76&ms=au%2Crdu&mv=m&mvi=5&pl=16&initcwndbps=1130000&vprv=1&mime=audio%2Fmp4&ns=ial5VN4ai8eIhiyp4WHaO8IF&gir=yes&clen=87880076&dur=5430.055&lmt=1607194144310486&mt=1607592037&fvip=5&keepalive=yes&c=WEB&txp=5431432&n=Lz5wXfMA7kt-auUb&sparams=expire%2Cei%2Cip%2Cid%2Citag%2Csource%2Crequiressl%2Cvprv%2Cmime%2Cns%2Cgir%2Cclen%2Cdur%2Clmt&sig=AOq0QJ8wRgIhAIR6CoBLVmsFa6wRBiIkedNA2exjqAKKxz1clIIsKra7AiEAjMNl74U-LcOXzF1to8tqAq702Bh6TJqbDeueliIdpeI%3D&lsparams=mh%2Cmm%2Cmn%2Cms%2Cmv%2Cmvi%2Cpl%2Cinitcwndbps&lsig=AG3C_xAwRQIgCKWYE9SZafeobpLIK6xBF0riip0wW71_A3e_u-MSaPYCIQCuqbpVQzvlQjy5Jp_l_69erOrtxskykj2zM4U3_NMz0Q%3D%3D&ratebypass=yes", "player_url": null, "ext": "m4a", "format_note": "tiny", "acodec": "mp4a.40.2", "abr": 128, "container": "m4a_dash", "asr": 44100, "filesize": 87880076, "fps": null, "height": null, "tbr": 135.447, "width": null, "vcodec": "none", "downloader_options": {"http_chunk_size": 10485760}, "format": "140 - audio only (tiny)", "protocol": "https", "http_headers": {"User-Agent": "Mozilla/5.0 (Windows NT 10.0; Win64; x64) AppleWebKit/537.36 (KHTML, like Gecko) Chrome/71.0.3578.16 Safari/537.36", "Accept-Charset": "ISO-8859-1,utf-8;q=0.7,*;q=0.7", "Accept": "text/html,application/xhtml+xml,application/xml;q=0.9,*/*;q=0.8", "Accept-Encoding": "gzip, deflate", "Accept-Language": "en-us,en;q=0.5"}}, {"format_id": "251", "url": "https://r5---sn-5njj-u2xl.googlevideo.com/videoplayback?expire=1607614146&ei=YurRX9rZEpSQlQSOu6fQCg&ip=140.109.135.76&id=o-ANdD8gRjdimQtHWvhjjlsanwAjqs5m-LeIUc7-uksbM2&itag=251&source=youtube&requiressl=yes&mh=vd&mm=31%2C29&mn=sn-5njj-u2xl%2Csn-un57sn76&ms=au%2Crdu&mv=m&mvi=5&pl=16&initcwndbps=1130000&vprv=1&mime=audio%2Fwebm&ns=ial5VN4ai8eIhiyp4WHaO8IF&gir=yes&clen=89668966&dur=5430.021&lmt=1607194135076207&mt=1607592037&fvip=5&keepalive=yes&c=WEB&txp=5431432&n=Lz5wXfMA7kt-auUb&sparams=expire%2Cei%2Cip%2Cid%2Citag%2Csource%2Crequiressl%2Cvprv%2Cmime%2Cns%2Cgir%2Cclen%2Cdur%2Clmt&sig=AOq0QJ8wRQIhAMi0ExTSUFIYh8xWdhWlttjxWBc7EkW2tOZnFUtxlBdsAiBCxReBe8UpdzrCdAfKYIpZIjE8dYywVru9RtHQFXO41w%3D%3D&lsparams=mh%2Cmm%2Cmn%2Cms%2Cmv%2Cmvi%2Cpl%2Cinitcwndbps&lsig=AG3C_xAwRQIgCKWYE9SZafeobpLIK6xBF0riip0wW71_A3e_u-MSaPYCIQCuqbpVQzvlQjy5Jp_l_69erOrtxskykj2zM4U3_NMz0Q%3D%3D&ratebypass=yes", "player_url": null, "ext": "webm", "format_note": "tiny", "acodec": "opus", "abr": 160, "asr": 48000, "filesize": 89668966, "fps": null, "height": null, "tbr": 163.16, "width": null, "vcodec": "none", "downloader_options": {"http_chunk_size": 10485760}, "format": "251 - audio only (tiny)", "protocol": "https", "http_headers": {"User-Agent": "Mozilla/5.0 (Windows NT 10.0; Win64; x64) AppleWebKit/537.36 (KHTML, like Gecko) Chrome/71.0.3578.16 Safari/537.36", "Accept-Charset": "ISO-8859-1,utf-8;q=0.7,*;q=0.7", "Accept": "text/html,application/xhtml+xml,application/xml;q=0.9,*/*;q=0.8", "Accept-Encoding": "gzip, deflate", "Accept-Language": "en-us,en;q=0.5"}}, {"format_id": "160", "url": "https://r5---sn-5njj-u2xl.googlevideo.com/videoplayback?expire=1607614146&ei=YurRX9rZEpSQlQSOu6fQCg&ip=140.109.135.76&id=o-ANdD8gRjdimQtHWvhjjlsanwAjqs5m-LeIUc7-uksbM2&itag=160&aitags=133%2C134%2C135%2C136%2C160%2C242%2C243%2C244%2C247%2C278&source=youtube&requiressl=yes&mh=vd&mm=31%2C29&mn=sn-5njj-u2xl%2Csn-un57sn76&ms=au%2Crdu&mv=m&mvi=5&pl=16&initcwndbps=1130000&vprv=1&mime=video%2Fmp4&ns=ial5VN4ai8eIhiyp4WHaO8IF&gir=yes&clen=6092982&dur=5430.000&lmt=1607208270498067&mt=1607592037&fvip=5&keepalive=yes&c=WEB&txp=5432432&n=Lz5wXfMA7kt-auUb&sparams=expire%2Cei%2Cip%2Cid%2Caitags%2Csource%2Crequiressl%2Cvprv%2Cmime%2Cns%2Cgir%2Cclen%2Cdur%2Clmt&sig=AOq0QJ8wRQIhAIsdQ_DhNDlrS1ZKJK-WCfGW3Ufbb7fnskN5vvJLV7GsAiAnaGTUmwg_l6RTXAB4xB2OaF0HOq6HEmt8g46Z9YFD7g%3D%3D&lsparams=mh%2Cmm%2Cmn%2Cms%2Cmv%2Cmvi%2Cpl%2Cinitcwndbps&lsig=AG3C_xAwRQIgCKWYE9SZafeobpLIK6xBF0riip0wW71_A3e_u-MSaPYCIQCuqbpVQzvlQjy5Jp_l_69erOrtxskykj2zM4U3_NMz0Q%3D%3D&ratebypass=yes", "player_url": null, "ext": "mp4", "height": 144, "format_note": "144p", "vcodec": "avc1.4d400b", "asr": null, "filesize": 6092982, "fps": 6, "tbr": 30.897, "width": 256, "acodec": "none", "downloader_options": {"http_chunk_size": 10485760}, "format": "160 - 256x144 (144p)", "protocol": "https", "http_headers": {"User-Agent": "Mozilla/5.0 (Windows NT 10.0; Win64; x64) AppleWebKit/537.36 (KHTML, like Gecko) Chrome/71.0.3578.16 Safari/537.36", "Accept-Charset": "ISO-8859-1,utf-8;q=0.7,*;q=0.7", "Accept": "text/html,application/xhtml+xml,application/xml;q=0.9,*/*;q=0.8", "Accept-Encoding": "gzip, deflate", "Accept-Language": "en-us,en;q=0.5"}}, {"format_id": "133", "url": "https://r5---sn-5njj-u2xl.googlevideo.com/videoplayback?expire=1607614146&ei=YurRX9rZEpSQlQSOu6fQCg&ip=140.109.135.76&id=o-ANdD8gRjdimQtHWvhjjlsanwAjqs5m-LeIUc7-uksbM2&itag=133&aitags=133%2C134%2C135%2C136%2C160%2C242%2C243%2C244%2C247%2C278&source=youtube&requiressl=yes&mh=vd&mm=31%2C29&mn=sn-5njj-u2xl%2Csn-un57sn76&ms=au%2Crdu&mv=m&mvi=5&pl=16&initcwndbps=1130000&vprv=1&mime=video%2Fmp4&ns=ial5VN4ai8eIhiyp4WHaO8IF&gir=yes&clen=11501737&dur=5430.000&lmt=1607208270512921&mt=1607592037&fvip=5&keepalive=yes&c=WEB&txp=5432432&n=Lz5wXfMA7kt-auUb&sparams=expire%2Cei%2Cip%2Cid%2Caitags%2Csource%2Crequiressl%2Cvprv%2Cmime%2Cns%2Cgir%2Cclen%2Cdur%2Clmt&sig=AOq0QJ8wRQIhAP6RmrPCokRoXJwt373Bn8FegPxfMXeAuHzkDY83KJtVAiAye98efvZXygrpzY51SRtnkgNKRGgDZhx75lBN8VRS6w%3D%3D&lsparams=mh%2Cmm%2Cmn%2Cms%2Cmv%2Cmvi%2Cpl%2Cinitcwndbps&lsig=AG3C_xAwRQIgCKWYE9SZafeobpLIK6xBF0riip0wW71_A3e_u-MSaPYCIQCuqbpVQzvlQjy5Jp_l_69erOrtxskykj2zM4U3_NMz0Q%3D%3D&ratebypass=yes", "player_url": null, "ext": "mp4", "height": 240, "format_note": "240p", "vcodec": "avc1.4d4015", "asr": null, "filesize": 11501737, "fps": 6, "tbr": 38.852, "width": 426, "acodec": "none", "downloader_options": {"http_chunk_size": 10485760}, "format": "133 - 426x240 (240p)", "protocol": "https", "http_headers": {"User-Agent": "Mozilla/5.0 (Windows NT 10.0; Win64; x64) AppleWebKit/537.36 (KHTML, like Gecko) Chrome/71.0.3578.16 Safari/537.36", "Accept-Charset": "ISO-8859-1,utf-8;q=0.7,*;q=0.7", "Accept": "text/html,application/xhtml+xml,application/xml;q=0.9,*/*;q=0.8", "Accept-Encoding": "gzip, deflate", "Accept-Language": "en-us,en;q=0.5"}}, {"format_id": "134", "url": "https://r5---sn-5njj-u2xl.googlevideo.com/videoplayback?expire=1607614146&ei=YurRX9rZEpSQlQSOu6fQCg&ip=140.109.135.76&id=o-ANdD8gRjdimQtHWvhjjlsanwAjqs5m-LeIUc7-uksbM2&itag=134&aitags=133%2C134%2C135%2C136%2C160%2C242%2C243%2C244%2C247%2C278&source=youtube&requiressl=yes&mh=vd&mm=31%2C29&mn=sn-5njj-u2xl%2Csn-un57sn76&ms=au%2Crdu&mv=m&mvi=5&pl=16&initcwndbps=1130000&vprv=1&mime=video%2Fmp4&ns=ial5VN4ai8eIhiyp4WHaO8IF&gir=yes&clen=19362658&dur=5430.000&lmt=1607208270444209&mt=1607592037&fvip=5&keepalive=yes&c=WEB&txp=5432432&n=Lz5wXfMA7kt-auUb&sparams=expire%2Cei%2Cip%2Cid%2Caitags%2Csource%2Crequiressl%2Cvprv%2Cmime%2Cns%2Cgir%2Cclen%2Cdur%2Clmt&sig=AOq0QJ8wRAIgchUX-G2qa2cHooQW-LPE3KtgvH5CPvomcdXEOfPCDrECIBGmQUkk_4wyjm7b58Fs7W5xgy5-J8YbFRVUM-upbUEY&lsparams=mh%2Cmm%2Cmn%2Cms%2Cmv%2Cmvi%2Cpl%2Cinitcwndbps&lsig=AG3C_xAwRQIgCKWYE9SZafeobpLIK6xBF0riip0wW71_A3e_u-MSaPYCIQCuqbpVQzvlQjy5Jp_l_69erOrtxskykj2zM4U3_NMz0Q%3D%3D&ratebypass=yes", "player_url": null, "ext": "mp4", "height": 360, "format_note": "360p", "vcodec": "avc1.4d4016", "asr": null, "filesize": 19362658, "fps": 6, "tbr": 49.875, "width": 640, "acodec": "none", "downloader_options": {"http_chunk_size": 10485760}, "format": "134 - 640x360 (360p)", "protocol": "https", "http_headers": {"User-Agent": "Mozilla/5.0 (Windows NT 10.0; Win64; x64) AppleWebKit/537.36 (KHTML, like Gecko) Chrome/71.0.3578.16 Safari/537.36", "Accept-Charset": "ISO-8859-1,utf-8;q=0.7,*;q=0.7", "Accept": "text/html,application/xhtml+xml,application/xml;q=0.9,*/*;q=0.8", "Accept-Encoding": "gzip, deflate", "Accept-Language": "en-us,en;q=0.5"}}, {"format_id": "278", "url": "https://r5---sn-5njj-u2xl.googlevideo.com/videoplayback?expire=1607614146&ei=YurRX9rZEpSQlQSOu6fQCg&ip=140.109.135.76&id=o-ANdD8gRjdimQtHWvhjjlsanwAjqs5m-LeIUc7-uksbM2&itag=278&aitags=133%2C134%2C135%2C136%2C160%2C242%2C243%2C244%2C247%2C278&source=youtube&requiressl=yes&mh=vd&mm=31%2C29&mn=sn-5njj-u2xl%2Csn-un57sn76&ms=au%2Crdu&mv=m&mvi=5&pl=16&initcwndbps=1130000&vprv=1&mime=video%2Fwebm&ns=ial5VN4ai8eIhiyp4WHaO8IF&gir=yes&clen=16770711&dur=5429.999&lmt=1607215005925585&mt=1607592037&fvip=5&keepalive=yes&c=WEB&txp=5432432&n=Lz5wXfMA7kt-auUb&sparams=expire%2Cei%2Cip%2Cid%2Caitags%2Csource%2Crequiressl%2Cvprv%2Cmime%2Cns%2Cgir%2Cclen%2Cdur%2Clmt&sig=AOq0QJ8wRgIhAPCz6_1k2kRk3nN7qLTwgC1OYIdJHdMNAHHvQTjhY21RAiEAphD4DYemq-51mBteHwyJZQT5VIMgSCym2_3Zhv9ibeg%3D&lsparams=mh%2Cmm%2Cmn%2Cms%2Cmv%2Cmvi%2Cpl%2Cinitcwndbps&lsig=AG3C_xAwRQIgCKWYE9SZafeobpLIK6xBF0riip0wW71_A3e_u-MSaPYCIQCuqbpVQzvlQjy5Jp_l_69erOrtxskykj2zM4U3_NMz0Q%3D%3D&ratebypass=yes", "player_url": null, "ext": "webm", "height": 144, "format_note": "144p", "container": "webm", "vcodec": "vp9", "asr": null, "filesize": 16770711, "fps": 6, "tbr": 54.105, "width": 256, "acodec": "none", "downloader_options": {"http_chunk_size": 10485760}, "format": "278 - 256x144 (144p)", "protocol": "https", "http_headers": {"User-Agent": "Mozilla/5.0 (Windows NT 10.0; Win64; x64) AppleWebKit/537.36 (KHTML, like Gecko) Chrome/71.0.3578.16 Safari/537.36", "Accept-Charset": "ISO-8859-1,utf-8;q=0.7,*;q=0.7", "Accept": "text/html,application/xhtml+xml,application/xml;q=0.9,*/*;q=0.8", "Accept-Encoding": "gzip, deflate", "Accept-Language": "en-us,en;q=0.5"}}, {"format_id": "135", "url": "https://r5---sn-5njj-u2xl.googlevideo.com/videoplayback?expire=1607614146&ei=YurRX9rZEpSQlQSOu6fQCg&ip=140.109.135.76&id=o-ANdD8gRjdimQtHWvhjjlsanwAjqs5m-LeIUc7-uksbM2&itag=135&aitags=133%2C134%2C135%2C136%2C160%2C242%2C243%2C244%2C247%2C278&source=youtube&requiressl=yes&mh=vd&mm=31%2C29&mn=sn-5njj-u2xl%2Csn-un57sn76&ms=au%2Crdu&mv=m&mvi=5&pl=16&initcwndbps=1130000&vprv=1&mime=video%2Fmp4&ns=ial5VN4ai8eIhiyp4WHaO8IF&gir=yes&clen=28186145&dur=5430.000&lmt=1607208270480915&mt=1607592037&fvip=5&keepalive=yes&c=WEB&txp=5432432&n=Lz5wXfMA7kt-auUb&sparams=expire%2Cei%2Cip%2Cid%2Caitags%2Csource%2Crequiressl%2Cvprv%2Cmime%2Cns%2Cgir%2Cclen%2Cdur%2Clmt&sig=AOq0QJ8wRAIgGC8Jm1lTMtMiiSQ7oBpFXAKes7SW9vqG1OHeghbTotICIDc2R2zlIDq3UN4pbEyGQ89vjS5UEVJ2y-ZqNBm0tiWE&lsparams=mh%2Cmm%2Cmn%2Cms%2Cmv%2Cmvi%2Cpl%2Cinitcwndbps&lsig=AG3C_xAwRQIgCKWYE9SZafeobpLIK6xBF0riip0wW71_A3e_u-MSaPYCIQCuqbpVQzvlQjy5Jp_l_69erOrtxskykj2zM4U3_NMz0Q%3D%3D&ratebypass=yes", "player_url": null, "ext": "mp4", "height": 480, "format_note": "480p", "vcodec": "avc1.4d4016", "asr": null, "filesize": 28186145, "fps": 6, "tbr": 62.324, "width": 854, "acodec": "none", "downloader_options": {"http_chunk_size": 10485760}, "format": "135 - 854x480 (480p)", "protocol": "https", "http_headers": {"User-Agent": "Mozilla/5.0 (Windows NT 10.0; Win64; x64) AppleWebKit/537.36 (KHTML, like Gecko) Chrome/71.0.3578.16 Safari/537.36", "Accept-Charset": "ISO-8859-1,utf-8;q=0.7,*;q=0.7", "Accept": "text/html,application/xhtml+xml,application/xml;q=0.9,*/*;q=0.8", "Accept-Encoding": "gzip, deflate", "Accept-Language": "en-us,en;q=0.5"}}, {"format_id": "242", "url": "https://r5---sn-5njj-u2xl.googlevideo.com/videoplayback?expire=1607614146&ei=YurRX9rZEpSQlQSOu6fQCg&ip=140.109.135.76&id=o-ANdD8gRjdimQtHWvhjjlsanwAjqs5m-LeIUc7-uksbM2&itag=242&aitags=133%2C134%2C135%2C136%2C160%2C242%2C243%2C244%2C247%2C278&source=youtube&requiressl=yes&mh=vd&mm=31%2C29&mn=sn-5njj-u2xl%2Csn-un57sn76&ms=au%2Crdu&mv=m&mvi=5&pl=16&initcwndbps=1130000&vprv=1&mime=video%2Fwebm&ns=ial5VN4ai8eIhiyp4WHaO8IF&gir=yes&clen=27842280&dur=5429.999&lmt=1607215006004523&mt=1607592037&fvip=5&keepalive=yes&c=WEB&txp=5432432&n=Lz5wXfMA7kt-auUb&sparams=expire%2Cei%2Cip%2Cid%2Caitags%2Csource%2Crequiressl%2Cvprv%2Cmime%2Cns%2Cgir%2Cclen%2Cdur%2Clmt&sig=AOq0QJ8wRQIgNG7_0WhSnG4BP6xOgKdOeaOuaXgcxIipGbrr0aOIw0cCIQDOSFL2fFjcTjk7ysoQ9VgRXKu5fCtWdEybXObrPaMOXQ%3D%3D&lsparams=mh%2Cmm%2Cmn%2Cms%2Cmv%2Cmvi%2Cpl%2Cinitcwndbps&lsig=AG3C_xAwRQIgCKWYE9SZafeobpLIK6xBF0riip0wW71_A3e_u-MSaPYCIQCuqbpVQzvlQjy5Jp_l_69erOrtxskykj2zM4U3_NMz0Q%3D%3D&ratebypass=yes", "player_url": null, "ext": "webm", "height": 240, "format_note": "240p", "vcodec": "vp9", "asr": null, "filesize": 27842280, "fps": 6, "tbr": 70.008, "width": 426, "acodec": "none", "downloader_options": {"http_chunk_size": 10485760}, "format": "242 - 426x240 (240p)", "protocol": "https", "http_headers": {"User-Agent": "Mozilla/5.0 (Windows NT 10.0; Win64; x64) AppleWebKit/537.36 (KHTML, like Gecko) Chrome/71.0.3578.16 Safari/537.36", "Accept-Charset": "ISO-8859-1,utf-8;q=0.7,*;q=0.7", "Accept": "text/html,application/xhtml+xml,application/xml;q=0.9,*/*;q=0.8", "Accept-Encoding": "gzip, deflate", "Accept-Language": "en-us,en;q=0.5"}}, {"format_id": "243", "url": "https://r5---sn-5njj-u2xl.googlevideo.com/videoplayback?expire=1607614146&ei=YurRX9rZEpSQlQSOu6fQCg&ip=140.109.135.76&id=o-ANdD8gRjdimQtHWvhjjlsanwAjqs5m-LeIUc7-uksbM2&itag=243&aitags=133%2C134%2C135%2C136%2C160%2C242%2C243%2C244%2C247%2C278&source=youtube&requiressl=yes&mh=vd&mm=31%2C29&mn=sn-5njj-u2xl%2Csn-un57sn76&ms=au%2Crdu&mv=m&mvi=5&pl=16&initcwndbps=1130000&vprv=1&mime=video%2Fwebm&ns=ial5VN4ai8eIhiyp4WHaO8IF&gir=yes&clen=50000356&dur=5429.999&lmt=1607215005967136&mt=1607592037&fvip=5&keepalive=yes&c=WEB&txp=5432432&n=Lz5wXfMA7kt-auUb&sparams=expire%2Cei%2Cip%2Cid%2Caitags%2Csource%2Crequiressl%2Cvprv%2Cmime%2Cns%2Cgir%2Cclen%2Cdur%2Clmt&sig=AOq0QJ8wRgIhALxvv2gcLZVESfG9TRRjWWxJ3qiCgK8eDv7M14Yi4jowAiEAtElwERUpv664gT47FoxykZqCKIAdUbduTPl2GCFeVps%3D&lsparams=mh%2Cmm%2Cmn%2Cms%2Cmv%2Cmvi%2Cpl%2Cinitcwndbps&lsig=AG3C_xAwRQIgCKWYE9SZafeobpLIK6xBF0riip0wW71_A3e_u-MSaPYCIQCuqbpVQzvlQjy5Jp_l_69erOrtxskykj2zM4U3_NMz0Q%3D%3D&ratebypass=yes", "player_url": null, "ext": "webm", "height": 360, "format_note": "360p", "vcodec": "vp9", "asr": null, "filesize": 50000356, "fps": 6, "tbr": 100.113, "width": 640, "acodec": "none", "downloader_options": {"http_chunk_size": 10485760}, "format": "243 - 640x360 (360p)", "protocol": "https", "http_headers": {"User-Agent": "Mozilla/5.0 (Windows NT 10.0; Win64; x64) AppleWebKit/537.36 (KHTML, like Gecko) Chrome/71.0.3578.16 Safari/537.36", "Accept-Charset": "ISO-8859-1,utf-8;q=0.7,*;q=0.7", "Accept": "text/html,application/xhtml+xml,application/xml;q=0.9,*/*;q=0.8", "Accept-Encoding": "gzip, deflate", "Accept-Language": "en-us,en;q=0.5"}}, {"format_id": "136", "url": "https://r5---sn-5njj-u2xl.googlevideo.com/videoplayback?expire=1607614146&ei=YurRX9rZEpSQlQSOu6fQCg&ip=140.109.135.76&id=o-ANdD8gRjdimQtHWvhjjlsanwAjqs5m-LeIUc7-uksbM2&itag=136&aitags=133%2C134%2C135%2C136%2C160%2C242%2C243%2C244%2C247%2C278&source=youtube&requiressl=yes&mh=vd&mm=31%2C29&mn=sn-5njj-u2xl%2Csn-un57sn76&ms=au%2Crdu&mv=m&mvi=5&pl=16&initcwndbps=1130000&vprv=1&mime=video%2Fmp4&ns=ial5VN4ai8eIhiyp4WHaO8IF&gir=yes&clen=74251070&dur=5430.000&lmt=1607208270496094&mt=1607592037&fvip=5&keepalive=yes&c=WEB&txp=5432432&n=Lz5wXfMA7kt-auUb&sparams=expire%2Cei%2Cip%2Cid%2Caitags%2Csource%2Crequiressl%2Cvprv%2Cmime%2Cns%2Cgir%2Cclen%2Cdur%2Clmt&sig=AOq0QJ8wRQIgOTLDII0C30Cu_fbMHkQqK5eCfQZdgD1FMGurktWivfYCIQCUOqqQhDNPblisMCyPcCJfA-QMXqSb3iPKSOa9D3P8ww%3D%3D&lsparams=mh%2Cmm%2Cmn%2Cms%2Cmv%2Cmvi%2Cpl%2Cinitcwndbps&lsig=AG3C_xAwRQIgCKWYE9SZafeobpLIK6xBF0riip0wW71_A3e_u-MSaPYCIQCuqbpVQzvlQjy5Jp_l_69erOrtxskykj2zM4U3_NMz0Q%3D%3D&ratebypass=yes", "player_url": null, "ext": "mp4", "height": 720, "format_note": "720p", "vcodec": "avc1.4d401f", "asr": null, "filesize": 74251070, "fps": 6, "tbr": 133.761, "width": 1280, "acodec": "none", "downloader_options": {"http_chunk_size": 10485760}, "format": "136 - 1280x720 (720p)", "protocol": "https", "http_headers": {"User-Agent": "Mozilla/5.0 (Windows NT 10.0; Win64; x64) AppleWebKit/537.36 (KHTML, like Gecko) Chrome/71.0.3578.16 Safari/537.36", "Accept-Charset": "ISO-8859-1,utf-8;q=0.7,*;q=0.7", "Accept": "text/html,application/xhtml+xml,application/xml;q=0.9,*/*;q=0.8", "Accept-Encoding": "gzip, deflate", "Accept-Language": "en-us,en;q=0.5"}}, {"format_id": "244", "url": "https://r5---sn-5njj-u2xl.googlevideo.com/videoplayback?expire=1607614146&ei=YurRX9rZEpSQlQSOu6fQCg&ip=140.109.135.76&id=o-ANdD8gRjdimQtHWvhjjlsanwAjqs5m-LeIUc7-uksbM2&itag=244&aitags=133%2C134%2C135%2C136%2C160%2C242%2C243%2C244%2C247%2C278&source=youtube&requiressl=yes&mh=vd&mm=31%2C29&mn=sn-5njj-u2xl%2Csn-un57sn76&ms=au%2Crdu&mv=m&mvi=5&pl=16&initcwndbps=1130000&vprv=1&mime=video%2Fwebm&ns=ial5VN4ai8eIhiyp4WHaO8IF&gir=yes&clen=79211887&dur=5429.999&lmt=1607215005922166&mt=1607592037&fvip=5&keepalive=yes&c=WEB&txp=5432432&n=Lz5wXfMA7kt-auUb&sparams=expire%2Cei%2Cip%2Cid%2Caitags%2Csource%2Crequiressl%2Cvprv%2Cmime%2Cns%2Cgir%2Cclen%2Cdur%2Clmt&sig=AOq0QJ8wRAIgVOJBAnerInJ8YPm2Ti8humvlZ860MZFPazM-daKOSWQCIDK45wcJFiDDl249m03w5HWds7l2KlplO5IHjySxmk3J&lsparams=mh%2Cmm%2Cmn%2Cms%2Cmv%2Cmvi%2Cpl%2Cinitcwndbps&lsig=AG3C_xAwRQIgCKWYE9SZafeobpLIK6xBF0riip0wW71_A3e_u-MSaPYCIQCuqbpVQzvlQjy5Jp_l_69erOrtxskykj2zM4U3_NMz0Q%3D%3D&ratebypass=yes", "player_url": null, "ext": "webm", "height": 480, "format_note": "480p", "vcodec": "vp9", "asr": null, "filesize": 79211887, "fps": 6, "tbr": 139.28, "width": 854, "acodec": "none", "downloader_options": {"http_chunk_size": 10485760}, "format": "244 - 854x480 (480p)", "protocol": "https", "http_headers": {"User-Agent": "Mozilla/5.0 (Windows NT 10.0; Win64; x64) AppleWebKit/537.36 (KHTML, like Gecko) Chrome/71.0.3578.16 Safari/537.36", "Accept-Charset": "ISO-8859-1,utf-8;q=0.7,*;q=0.7", "Accept": "text/html,application/xhtml+xml,application/xml;q=0.9,*/*;q=0.8", "Accept-Encoding": "gzip, deflate", "Accept-Language": "en-us,en;q=0.5"}}, {"format_id": "247", "url": "https://r5---sn-5njj-u2xl.googlevideo.com/videoplayback?expire=1607614146&ei=YurRX9rZEpSQlQSOu6fQCg&ip=140.109.135.76&id=o-ANdD8gRjdimQtHWvhjjlsanwAjqs5m-LeIUc7-uksbM2&itag=247&aitags=133%2C134%2C135%2C136%2C160%2C242%2C243%2C244%2C247%2C278&source=youtube&requiressl=yes&mh=vd&mm=31%2C29&mn=sn-5njj-u2xl%2Csn-un57sn76&ms=au%2Crdu&mv=m&mvi=5&pl=16&initcwndbps=1130000&vprv=1&mime=video%2Fwebm&ns=ial5VN4ai8eIhiyp4WHaO8IF&gir=yes&clen=157627454&dur=5429.999&lmt=1607215005923522&mt=1607592037&fvip=5&keepalive=yes&c=WEB&txp=5432432&n=Lz5wXfMA7kt-auUb&sparams=expire%2Cei%2Cip%2Cid%2Caitags%2Csource%2Crequiressl%2Cvprv%2Cmime%2Cns%2Cgir%2Cclen%2Cdur%2Clmt&sig=AOq0QJ8wRAIgTod_a5auLGTTRmMrhVOFMbVplppHZplP_K1x7E3VtZMCICNKf4h9bgyqMzfE1Nq4v0PSzAls7Idar3hG7z_LfMQt&lsparams=mh%2Cmm%2Cmn%2Cms%2Cmv%2Cmvi%2Cpl%2Cinitcwndbps&lsig=AG3C_xAwRQIgCKWYE9SZafeobpLIK6xBF0riip0wW71_A3e_u-MSaPYCIQCuqbpVQzvlQjy5Jp_l_69erOrtxskykj2zM4U3_NMz0Q%3D%3D&ratebypass=yes", "player_url": null, "ext": "webm", "height": 720, "format_note": "720p", "vcodec": "vp9", "asr": null, "filesize": 157627454, "fps": 6, "tbr": 239.132, "width": 1280, "acodec": "none", "downloader_options": {"http_chunk_size": 10485760}, "format": "247 - 1280x720 (720p)", "protocol": "https", "http_headers": {"User-Agent": "Mozilla/5.0 (Windows NT 10.0; Win64; x64) AppleWebKit/537.36 (KHTML, like Gecko) Chrome/71.0.3578.16 Safari/537.36", "Accept-Charset": "ISO-8859-1,utf-8;q=0.7,*;q=0.7", "Accept": "text/html,application/xhtml+xml,application/xml;q=0.9,*/*;q=0.8", "Accept-Encoding": "gzip, deflate", "Accept-Language": "en-us,en;q=0.5"}}, {"format_id": "18", "url": "https://r5---sn-5njj-u2xl.googlevideo.com/videoplayback?expire=1607614146&ei=YurRX9rZEpSQlQSOu6fQCg&ip=140.109.135.76&id=o-ANdD8gRjdimQtHWvhjjlsanwAjqs5m-LeIUc7-uksbM2&itag=18&source=youtube&requiressl=yes&mh=vd&mm=31%2C29&mn=sn-5njj-u2xl%2Csn-un57sn76&ms=au%2Crdu&mv=m&mvi=5&pl=16&initcwndbps=1130000&vprv=1&mime=video%2Fmp4&ns=lrHAhRu2gIEaIzZwpQ3WwekF&gir=yes&clen=101156392&ratebypass=yes&dur=5430.056&lmt=1607194232879601&mt=1607592037&fvip=5&c=WEB&txp=5430432&n=30Qm6-NWS8_j4GRK&sparams=expire%2Cei%2Cip%2Cid%2Citag%2Csource%2Crequiressl%2Cvprv%2Cmime%2Cns%2Cgir%2Cclen%2Cratebypass%2Cdur%2Clmt&sig=AOq0QJ8wRgIhAMp3cCpo7A0gsT1xxOjYvN2ARyCEJzz7CamQpQRESSwOAiEA8nkDparx6FTCrHPWRO45A3_7eOeJuOwg_YEaKDxe7hE%3D&lsparams=mh%2Cmm%2Cmn%2Cms%2Cmv%2Cmvi%2Cpl%2Cinitcwndbps&lsig=AG3C_xAwRQIgCKWYE9SZafeobpLIK6xBF0riip0wW71_A3e_u-MSaPYCIQCuqbpVQzvlQjy5Jp_l_69erOrtxskykj2zM4U3_NMz0Q%3D%3D", "player_url": null, "ext": "mp4", "width": 640, "height": 360, "acodec": "mp4a.40.2", "abr": 96, "vcodec": "avc1.42001E", "asr": 44100, "filesize": 101156392, "format_note": "360p", "fps": 6, "tbr": 149.033, "format": "18 - 640x360 (360p)", "protocol": "https", "http_headers": {"User-Agent": "Mozilla/5.0 (Windows NT 10.0; Win64; x64) AppleWebKit/537.36 (KHTML, like Gecko) Chrome/71.0.3578.16 Safari/537.36", "Accept-Charset": "ISO-8859-1,utf-8;q=0.7,*;q=0.7", "Accept": "text/html,application/xhtml+xml,application/xml;q=0.9,*/*;q=0.8", "Accept-Encoding": "gzip, deflate", "Accept-Language": "en-us,en;q=0.5"}}, {"format_id": "22", "url": "https://r5---sn-5njj-u2xl.googlevideo.com/videoplayback?expire=1607614146&ei=YurRX9rZEpSQlQSOu6fQCg&ip=140.109.135.76&id=o-ANdD8gRjdimQtHWvhjjlsanwAjqs5m-LeIUc7-uksbM2&itag=22&source=youtube&requiressl=yes&mh=vd&mm=31%2C29&mn=sn-5njj-u2xl%2Csn-un57sn76&ms=au%2Crdu&mv=m&mvi=5&pl=16&initcwndbps=1130000&vprv=1&mime=video%2Fmp4&ns=lrHAhRu2gIEaIzZwpQ3WwekF&ratebypass=yes&dur=5430.056&lmt=1607208762674750&mt=1607592037&fvip=5&c=WEB&txp=5432432&n=30Qm6-NWS8_j4GRK&sparams=expire%2Cei%2Cip%2Cid%2Citag%2Csource%2Crequiressl%2Cvprv%2Cmime%2Cns%2Cratebypass%2Cdur%2Clmt&sig=AOq0QJ8wRQIgAJUPSUhUbEUAi3PNXrDSr77Um8W25k0RMm6kXtdiicgCIQCA5aTiQyvuR-o1ncbbHuWeByIdI5UNuhkxjyEOkHqaEQ%3D%3D&lsparams=mh%2Cmm%2Cmn%2Cms%2Cmv%2Cmvi%2Cpl%2Cinitcwndbps&lsig=AG3C_xAwRQIgCKWYE9SZafeobpLIK6xBF0riip0wW71_A3e_u-MSaPYCIQCuqbpVQzvlQjy5Jp_l_69erOrtxskykj2zM4U3_NMz0Q%3D%3D", "player_url": null, "ext": "mp4", "width": 1280, "height": 720, "acodec": "mp4a.40.2", "abr": 192, "vcodec": "avc1.64001F", "asr": 44100, "filesize": null, "format_note": "720p", "fps": 6, "tbr": 238.724, "format": "22 - 1280x720 (720p)", "protocol": "https", "http_headers": {"User-Agent": "Mozilla/5.0 (Windows NT 10.0; Win64; x64) AppleWebKit/537.36 (KHTML, like Gecko) Chrome/71.0.3578.16 Safari/537.36", "Accept-Charset": "ISO-8859-1,utf-8;q=0.7,*;q=0.7", "Accept": "text/html,application/xhtml+xml,application/xml;q=0.9,*/*;q=0.8", "Accept-Encoding": "gzip, deflate", "Accept-Language": "en-us,en;q=0.5"}}], "is_live": null, "start_time": null, "end_time": null, "series": null, "season_number": null, "episode_number": null, "track": null, "artist": null, "album": null, "release_date": null, "release_year": null, "extractor": "youtube", "webpage_url_basename": "watch", "extractor_key": "Youtube", "playlist": null, "playlist_index": null, "thumbnail": "https://i.ytimg.com/vi_webp/GandEyA65EA/maxresdefault.webp", "display_id": "GandEyA65EA", "requested_subtitles": null, "format_id": "251", "url": "https://r5---sn-5njj-u2xl.googlevideo.com/videoplayback?expire=1607614146&ei=YurRX9rZEpSQlQSOu6fQCg&ip=140.109.135.76&id=o-ANdD8gRjdimQtHWvhjjlsanwAjqs5m-LeIUc7-uksbM2&itag=251&source=youtube&requiressl=yes&mh=vd&mm=31%2C29&mn=sn-5njj-u2xl%2Csn-un57sn76&ms=au%2Crdu&mv=m&mvi=5&pl=16&initcwndbps=1130000&vprv=1&mime=audio%2Fwebm&ns=ial5VN4ai8eIhiyp4WHaO8IF&gir=yes&clen=89668966&dur=5430.021&lmt=1607194135076207&mt=1607592037&fvip=5&keepalive=yes&c=WEB&txp=5431432&n=Lz5wXfMA7kt-auUb&sparams=expire%2Cei%2Cip%2Cid%2Citag%2Csource%2Crequiressl%2Cvprv%2Cmime%2Cns%2Cgir%2Cclen%2Cdur%2Clmt&sig=AOq0QJ8wRQIhAMi0ExTSUFIYh8xWdhWlttjxWBc7EkW2tOZnFUtxlBdsAiBCxReBe8UpdzrCdAfKYIpZIjE8dYywVru9RtHQFXO41w%3D%3D&lsparams=mh%2Cmm%2Cmn%2Cms%2Cmv%2Cmvi%2Cpl%2Cinitcwndbps&lsig=AG3C_xAwRQIgCKWYE9SZafeobpLIK6xBF0riip0wW71_A3e_u-MSaPYCIQCuqbpVQzvlQjy5Jp_l_69erOrtxskykj2zM4U3_NMz0Q%3D%3D&ratebypass=yes", "player_url": null, "ext": "webm", "format_note": "tiny", "acodec": "opus", "abr": 160, "asr": 48000, "filesize": 89668966, "fps": null, "height": null, "tbr": 163.16, "width": null, "vcodec": "none", "downloader_options": {"http_chunk_size": 10485760}, "format": "251 - audio only (tiny)", "protocol": "https", "http_headers": {"User-Agent": "Mozilla/5.0 (Windows NT 10.0; Win64; x64) AppleWebKit/537.36 (KHTML, like Gecko) Chrome/71.0.3578.16 Safari/537.36", "Accept-Charset": "ISO-8859-1,utf-8;q=0.7,*;q=0.7", "Accept": "text/html,application/xhtml+xml,application/xml;q=0.9,*/*;q=0.8", "Accept-Encoding": "gzip, deflate", "Accept-Language": "en-us,en;q=0.5"}}