{"id": "imh9k-8P7a4", "uploader": "Funguypiano", "uploader_id": "Funguypiano", "uploader_url": "http://www.youtube.com/user/Funguypiano", "channel_id": "UCBlkpX--7ZD73URbSC1oWRw", "channel_url": "http://www.youtube.com/channel/UCBlkpX--7ZD73URbSC1oWRw", "upload_date": "20170121", "license": null, "creator": null, "title": "Goblin \ub3c4\uae68\ube44 OST Medley / Remix / Compilation - piano w/ sheet music", "alt_title": "Goblin \ub3c4\uae68\ube44 OST Medley / Remix / Compilation - piano", "thumbnails": [{"url": "https://i.ytimg.com/vi/imh9k-8P7a4/hqdefault.jpg?sqp=-oaymwEbCKgBEF5IVfKriqkDDggBFQAAiEIYAXABwAEG&rs=AOn4CLBaP8H4NceuAweaS8SqUuhrb_F_BQ", "width": 168, "height": 94, "resolution": "168x94", "id": "0"}, {"url": "https://i.ytimg.com/vi/imh9k-8P7a4/hqdefault.jpg?sqp=-oaymwEbCMQBEG5IVfKriqkDDggBFQAAiEIYAXABwAEG&rs=AOn4CLBXkQnN62L9loggLA4eE5rl2QCOUw", "width": 196, "height": 110, "resolution": "196x110", "id": "1"}, {"url": "https://i.ytimg.com/vi/imh9k-8P7a4/hqdefault.jpg?sqp=-oaymwEcCPYBEIoBSFXyq4qpAw4IARUAAIhCGAFwAcABBg==&rs=AOn4CLD5LQMR-DEc57LZ3zF1SYsNw6kSAA", "width": 246, "height": 138, "resolution": "246x138", "id": "2"}, {"url": "https://i.ytimg.com/vi/imh9k-8P7a4/hqdefault.jpg?sqp=-oaymwEcCNACELwBSFXyq4qpAw4IARUAAIhCGAFwAcABBg==&rs=AOn4CLBLg75TAiN0t48K32qlUtwhtZ2gmw", "width": 336, "height": 188, "resolution": "336x188", "id": "3"}, {"url": "https://i.ytimg.com/vi_webp/imh9k-8P7a4/maxresdefault.webp", "width": 1920, "height": 1080, "resolution": "1920x1080", "id": "4"}], "description": "Kdrama Piano Music on Spotify: https://spoti.fi/2OZRfUE\nSheet Music: https://funguypiano.com/sheet-music/goblin-ost-medley/\n\nSadly, Goblin is coming to an end \uff61\u309c(\uff40\u0414\u00b4)\u309c\uff61 This piece is arranged so that my pain can be relieved.\n\nNot sure if you will listen to the whole piece (\u2500\u203f\u203f\u2500) but here's a compilation of 8 OSTs from Goblin, implicitly or explicitly. You must be a GOBLIN EXPERT if you can identify all the OSTs i used here XD, some are crystal clear while some are included implicitly. Some parts are merely transition for key changes to connect each OST, so don't be afraid if those part sound unfamiliar to you. \n\nand YASSSS, Mr Buckwheat finally came to visit me few days ago \uff61\u309c(\uff40\u0414\u00b4)\u309c\uff61 I WAITED for so long  haha Ohh and he wanted to say hello to everyone here. \\ (\u2022\u25e1\u2022) / Happy time goes fast, now i need to go back to my school assignments :D Hopefully i will see you guys next Saturday/ Sunday! I barely made it this week ;3\n\n\u2022\u2022 \u2501\u2501\u2501\u2501\u2501 \u0669(\u0e51\u00f2\u03c9\u00f3\u0e51)\u06f6\u2501\u2501\u2501\u2501\u2501 \u2022\u2022\n\u266a Spotify: https://spoti.fi/2w3rfR6\n\u266a iTunes: https://apple.co/2BE74yB\n\u266a Sheet Music: https://funguypiano.com/\n\u266a Patreon / Midi: https://www.patreon.com/funguypiano\n\u266a Learn Piano: http://tinyurl.com/funguy-flowkey\n\u266a Instagram: https://www.instagram.com/funguypiano/", "categories": ["Music"], "tags": ["goblin ost medley", "\ub3c4\uae68\ube44", "ost1", "stay with me", "never far way", "ost3", "hush", "ost4 beautiful", "ost6 who are you", "ost7", "i miss you", "ost11", "here i'm", "piano", "funguypiano", "ost14", "round and round"], "subtitles": {}, "automatic_captions": {}, "duration": 424, "age_limit": 0, "annotations": null, "chapters": null, "webpage_url": "https://www.youtube.com/watch?v=imh9k-8P7a4", "view_count": 501829, "like_count": 11263, "dislike_count": 58, "average_rating": 4.979507, "formats": [{"format_id": "249", "url": "https://r5---sn-5njj-u2xl.googlevideo.com/videoplayback?expire=1611764342&ei=Fj4RYI3PC8Sx4gL92ICYBg&ip=140.109.135.76&id=o-AJS1iF1jaBwN0EzhTGN7HnpNafGJbMzAeo6_dz667pfw&itag=249&source=youtube&requiressl=yes&mh=4J&mm=31%2C29&mn=sn-5njj-u2xl%2Csn-un57en7s&ms=au%2Crdu&mv=m&mvi=5&pcm2cms=yes&pl=16&initcwndbps=546250&vprv=1&mime=audio%2Fwebm&ns=VwgEZEDy1mazb4oQFN7KMvcF&gir=yes&clen=3110491&dur=424.221&lmt=1541058389926451&mt=1611742362&fvip=5&keepalive=yes&c=WEB&txp=5411222&n=Ss9Uv2zrM9AzoZlbtlZN&sparams=expire%2Cei%2Cip%2Cid%2Citag%2Csource%2Crequiressl%2Cvprv%2Cmime%2Cns%2Cgir%2Cclen%2Cdur%2Clmt&lsparams=mh%2Cmm%2Cmn%2Cms%2Cmv%2Cmvi%2Cpcm2cms%2Cpl%2Cinitcwndbps&lsig=AG3C_xAwRQIgKQrjssO6okLyBqMHgKXkXIs9ikifxDUH3sXRhV0XIroCIQCep0Q5UOtHsVK9CrMAnksXy4TJ-aDNeeWin8btJBMETw%3D%3D&sig=AOq0QJ8wRgIhAIeONhsipAxczGaDIyQi7GtHenXWrMnb4iRffbkVLgGlAiEAi4UM1VNt1vAt1p_giJkFOSlrqJKJzruI0N7rjTULJMo=&ratebypass=yes", "player_url": "/s/player/c6df6ed7/player_ias.vflset/en_US/base.js", "ext": "webm", "format_note": "tiny", "acodec": "opus", "abr": 50, "asr": 48000, "filesize": 3110491, "fps": null, "height": null, "tbr": 65.499, "width": null, "vcodec": "none", "downloader_options": {"http_chunk_size": 10485760}, "format": "249 - audio only (tiny)", "protocol": "https", "http_headers": {"User-Agent": "Mozilla/5.0 (Windows NT 10.0; Win64; x64) AppleWebKit/537.36 (KHTML, like Gecko) Chrome/72.0.3626.25 Safari/537.36", "Accept-Charset": "ISO-8859-1,utf-8;q=0.7,*;q=0.7", "Accept": "text/html,application/xhtml+xml,application/xml;q=0.9,*/*;q=0.8", "Accept-Encoding": "gzip, deflate", "Accept-Language": "en-us,en;q=0.5"}}, {"format_id": "250", "url": "https://r5---sn-5njj-u2xl.googlevideo.com/videoplayback?expire=1611764342&ei=Fj4RYI3PC8Sx4gL92ICYBg&ip=140.109.135.76&id=o-AJS1iF1jaBwN0EzhTGN7HnpNafGJbMzAeo6_dz667pfw&itag=250&source=youtube&requiressl=yes&mh=4J&mm=31%2C29&mn=sn-5njj-u2xl%2Csn-un57en7s&ms=au%2Crdu&mv=m&mvi=5&pcm2cms=yes&pl=16&initcwndbps=546250&vprv=1&mime=audio%2Fwebm&ns=VwgEZEDy1mazb4oQFN7KMvcF&gir=yes&clen=4186359&dur=424.221&lmt=1541058389326249&mt=1611742362&fvip=5&keepalive=yes&c=WEB&txp=5411222&n=Ss9Uv2zrM9AzoZlbtlZN&sparams=expire%2Cei%2Cip%2Cid%2Citag%2Csource%2Crequiressl%2Cvprv%2Cmime%2Cns%2Cgir%2Cclen%2Cdur%2Clmt&lsparams=mh%2Cmm%2Cmn%2Cms%2Cmv%2Cmvi%2Cpcm2cms%2Cpl%2Cinitcwndbps&lsig=AG3C_xAwRQIhAPc-Wm-4GfXDO1yqj8PLN69h5sS-yEOSQpd9f4d2AFW3AiBM1latoOT-wAuN9mBEgHGdrH-fnc-t09N913b9TC0ARg%3D%3D&sig=AOq0QJ8wRQIhAP0_yW4CP_tsujP4FPbf3gIIY1JT0z-negwQX7EU9v28AiAEIZXe--Zbzowv3ggx-LpXxRNt9BgGO0yaUJgC19PeFQ==&ratebypass=yes", "player_url": "/s/player/c6df6ed7/player_ias.vflset/en_US/base.js", "ext": "webm", "format_note": "tiny", "acodec": "opus", "abr": 70, "asr": 48000, "filesize": 4186359, "fps": null, "height": null, "tbr": 87.816, "width": null, "vcodec": "none", "downloader_options": {"http_chunk_size": 10485760}, "format": "250 - audio only (tiny)", "protocol": "https", "http_headers": {"User-Agent": "Mozilla/5.0 (Windows NT 10.0; Win64; x64) AppleWebKit/537.36 (KHTML, like Gecko) Chrome/72.0.3626.25 Safari/537.36", "Accept-Charset": "ISO-8859-1,utf-8;q=0.7,*;q=0.7", "Accept": "text/html,application/xhtml+xml,application/xml;q=0.9,*/*;q=0.8", "Accept-Encoding": "gzip, deflate", "Accept-Language": "en-us,en;q=0.5"}}, {"format_id": "140", "url": "https://r5---sn-5njj-u2xl.googlevideo.com/videoplayback?expire=1611764342&ei=Fj4RYI3PC8Sx4gL92ICYBg&ip=140.109.135.76&id=o-AJS1iF1jaBwN0EzhTGN7HnpNafGJbMzAeo6_dz667pfw&itag=140&source=youtube&requiressl=yes&mh=4J&mm=31%2C29&mn=sn-5njj-u2xl%2Csn-un57en7s&ms=au%2Crdu&mv=m&mvi=5&pcm2cms=yes&pl=16&initcwndbps=546250&vprv=1&mime=audio%2Fmp4&ns=VwgEZEDy1mazb4oQFN7KMvcF&gir=yes&clen=6866764&dur=424.251&lmt=1611064846364844&mt=1611742362&fvip=5&keepalive=yes&c=WEB&txp=5431432&n=Ss9Uv2zrM9AzoZlbtlZN&sparams=expire%2Cei%2Cip%2Cid%2Citag%2Csource%2Crequiressl%2Cvprv%2Cmime%2Cns%2Cgir%2Cclen%2Cdur%2Clmt&lsparams=mh%2Cmm%2Cmn%2Cms%2Cmv%2Cmvi%2Cpcm2cms%2Cpl%2Cinitcwndbps&lsig=AG3C_xAwRgIhAOXQonFRykYAmuF_sbtVzovwjsjCc2exA6OAqS1yQkb-AiEAySKPBe0v4uWekOE_p3nfitxsoR9_bH_J54bXZ_NGfl8%3D&sig=AOq0QJ8wRQIhAPCdM7fOmUjQaNc6FUmhM0yEUR1bktLglkTMwq31qmk1AiBlOgpilmZ1D_sDo9k8T9Uo_3pqU0atpu5rUu6Lboxucg==&ratebypass=yes", "player_url": "/s/player/c6df6ed7/player_ias.vflset/en_US/base.js", "ext": "m4a", "format_note": "tiny", "acodec": "mp4a.40.2", "abr": 128, "container": "m4a_dash", "asr": 44100, "filesize": 6866764, "fps": null, "height": null, "tbr": 130.401, "width": null, "vcodec": "none", "downloader_options": {"http_chunk_size": 10485760}, "format": "140 - audio only (tiny)", "protocol": "https", "http_headers": {"User-Agent": "Mozilla/5.0 (Windows NT 10.0; Win64; x64) AppleWebKit/537.36 (KHTML, like Gecko) Chrome/72.0.3626.25 Safari/537.36", "Accept-Charset": "ISO-8859-1,utf-8;q=0.7,*;q=0.7", "Accept": "text/html,application/xhtml+xml,application/xml;q=0.9,*/*;q=0.8", "Accept-Encoding": "gzip, deflate", "Accept-Language": "en-us,en;q=0.5"}}, {"format_id": "251", "url": "https://r5---sn-5njj-u2xl.googlevideo.com/videoplayback?expire=1611764342&ei=Fj4RYI3PC8Sx4gL92ICYBg&ip=140.109.135.76&id=o-AJS1iF1jaBwN0EzhTGN7HnpNafGJbMzAeo6_dz667pfw&itag=251&source=youtube&requiressl=yes&mh=4J&mm=31%2C29&mn=sn-5njj-u2xl%2Csn-un57en7s&ms=au%2Crdu&mv=m&mvi=5&pcm2cms=yes&pl=16&initcwndbps=546250&vprv=1&mime=audio%2Fwebm&ns=VwgEZEDy1mazb4oQFN7KMvcF&gir=yes&clen=7993666&dur=424.221&lmt=1541058388826719&mt=1611742362&fvip=5&keepalive=yes&c=WEB&txp=5411222&n=Ss9Uv2zrM9AzoZlbtlZN&sparams=expire%2Cei%2Cip%2Cid%2Citag%2Csource%2Crequiressl%2Cvprv%2Cmime%2Cns%2Cgir%2Cclen%2Cdur%2Clmt&lsparams=mh%2Cmm%2Cmn%2Cms%2Cmv%2Cmvi%2Cpcm2cms%2Cpl%2Cinitcwndbps&lsig=AG3C_xAwRgIhAI7ExLbd7hnwUXxgJNrW3cTsjYNTBwpgiWqC-uWgdbEiAiEA8lsaMNbB-RRxUAvlPZAlvKVFjorhfrxAwBSw3Qv_ag4%3D&sig=AOq0QJ8wRQIgPaFmtNWduwZZdW-4nPfAKvHAGyW4sEVJdz_fsH1bZqcCIQDZaIe139clvIiVKHIXigthUM8Ch1vbzK-YCK-a8BYyMA==&ratebypass=yes", "player_url": "/s/player/c6df6ed7/player_ias.vflset/en_US/base.js", "ext": "webm", "format_note": "tiny", "acodec": "opus", "abr": 160, "asr": 48000, "filesize": 7993666, "fps": null, "height": null, "tbr": 164.436, "width": null, "vcodec": "none", "downloader_options": {"http_chunk_size": 10485760}, "format": "251 - audio only (tiny)", "protocol": "https", "http_headers": {"User-Agent": "Mozilla/5.0 (Windows NT 10.0; Win64; x64) AppleWebKit/537.36 (KHTML, like Gecko) Chrome/72.0.3626.25 Safari/537.36", "Accept-Charset": "ISO-8859-1,utf-8;q=0.7,*;q=0.7", "Accept": "text/html,application/xhtml+xml,application/xml;q=0.9,*/*;q=0.8", "Accept-Encoding": "gzip, deflate", "Accept-Language": "en-us,en;q=0.5"}}, {"format_id": "160", "url": "https://r5---sn-5njj-u2xl.googlevideo.com/videoplayback?expire=1611764342&ei=Fj4RYI3PC8Sx4gL92ICYBg&ip=140.109.135.76&id=o-AJS1iF1jaBwN0EzhTGN7HnpNafGJbMzAeo6_dz667pfw&itag=160&aitags=133%2C134%2C135%2C136%2C137%2C160%2C242%2C243%2C244%2C247%2C248%2C278&source=youtube&requiressl=yes&mh=4J&mm=31%2C29&mn=sn-5njj-u2xl%2Csn-un57en7s&ms=au%2Crdu&mv=m&mvi=5&pcm2cms=yes&pl=16&initcwndbps=546250&vprv=1&mime=video%2Fmp4&ns=VwgEZEDy1mazb4oQFN7KMvcF&gir=yes&clen=2610797&dur=424.190&lmt=1611064928868410&mt=1611742362&fvip=5&keepalive=yes&c=WEB&txp=5432432&n=Ss9Uv2zrM9AzoZlbtlZN&sparams=expire%2Cei%2Cip%2Cid%2Caitags%2Csource%2Crequiressl%2Cvprv%2Cmime%2Cns%2Cgir%2Cclen%2Cdur%2Clmt&lsparams=mh%2Cmm%2Cmn%2Cms%2Cmv%2Cmvi%2Cpcm2cms%2Cpl%2Cinitcwndbps&lsig=AG3C_xAwRQIgLmCVEjzdEvfMgjugA8lwYJ8jj7XG1oBZuB091TFEyF4CIQDt8JP3IxuWfOuktMuyCVYbV7a9vj8iLvG6OdZFk4mItg%3D%3D&sig=AOq0QJ8wRQIgWLrA7bpEMvBFzL1b18myE1WCTRA9ZA69Ki3fsNwLz2cCIQDbaG0JhYpz6PhSPMnJBAnFOK47QpxRSpsKRswusQkNug==&ratebypass=yes", "player_url": "/s/player/c6df6ed7/player_ias.vflset/en_US/base.js", "ext": "mp4", "height": 144, "format_note": "144p", "vcodec": "avc1.4d400c", "asr": null, "filesize": 2610797, "fps": 30, "tbr": 81.171, "width": 256, "acodec": "none", "downloader_options": {"http_chunk_size": 10485760}, "format": "160 - 256x144 (144p)", "protocol": "https", "http_headers": {"User-Agent": "Mozilla/5.0 (Windows NT 10.0; Win64; x64) AppleWebKit/537.36 (KHTML, like Gecko) Chrome/72.0.3626.25 Safari/537.36", "Accept-Charset": "ISO-8859-1,utf-8;q=0.7,*;q=0.7", "Accept": "text/html,application/xhtml+xml,application/xml;q=0.9,*/*;q=0.8", "Accept-Encoding": "gzip, deflate", "Accept-Language": "en-us,en;q=0.5"}}, {"format_id": "278", "url": "https://r5---sn-5njj-u2xl.googlevideo.com/videoplayback?expire=1611764342&ei=Fj4RYI3PC8Sx4gL92ICYBg&ip=140.109.135.76&id=o-AJS1iF1jaBwN0EzhTGN7HnpNafGJbMzAeo6_dz667pfw&itag=278&aitags=133%2C134%2C135%2C136%2C137%2C160%2C242%2C243%2C244%2C247%2C248%2C278&source=youtube&requiressl=yes&mh=4J&mm=31%2C29&mn=sn-5njj-u2xl%2Csn-un57en7s&ms=au%2Crdu&mv=m&mvi=5&pcm2cms=yes&pl=16&initcwndbps=546250&vprv=1&mime=video%2Fwebm&ns=VwgEZEDy1mazb4oQFN7KMvcF&gir=yes&clen=4817534&dur=424.190&lmt=1541057047040703&mt=1611742362&fvip=5&keepalive=yes&c=WEB&txp=5432432&n=Ss9Uv2zrM9AzoZlbtlZN&sparams=expire%2Cei%2Cip%2Cid%2Caitags%2Csource%2Crequiressl%2Cvprv%2Cmime%2Cns%2Cgir%2Cclen%2Cdur%2Clmt&lsparams=mh%2Cmm%2Cmn%2Cms%2Cmv%2Cmvi%2Cpcm2cms%2Cpl%2Cinitcwndbps&lsig=AG3C_xAwRgIhALcdw3byBSNQRHzFVzNojrXelRPNA6dvIVUTn1gYxuQLAiEAlwHT5lepUWC7ojUoM4JC5w8MpsZ5ArDPPnsTfvSHOU4%3D&sig=AOq0QJ8wRQIgRHyT8xe8tEStgMt5IQRV7kmywI3_nwoPpQkyMyag8E4CIQC8gDdGfYjl7NhK21U5sn6atuAEv_uGTMH58Fo40ETjnA==&ratebypass=yes", "player_url": "/s/player/c6df6ed7/player_ias.vflset/en_US/base.js", "ext": "webm", "height": 144, "format_note": "144p", "container": "webm", "vcodec": "vp9", "asr": null, "filesize": 4817534, "fps": 30, "tbr": 98.772, "width": 256, "acodec": "none", "downloader_options": {"http_chunk_size": 10485760}, "format": "278 - 256x144 (144p)", "protocol": "https", "http_headers": {"User-Agent": "Mozilla/5.0 (Windows NT 10.0; Win64; x64) AppleWebKit/537.36 (KHTML, like Gecko) Chrome/72.0.3626.25 Safari/537.36", "Accept-Charset": "ISO-8859-1,utf-8;q=0.7,*;q=0.7", "Accept": "text/html,application/xhtml+xml,application/xml;q=0.9,*/*;q=0.8", "Accept-Encoding": "gzip, deflate", "Accept-Language": "en-us,en;q=0.5"}}, {"format_id": "133", "url": "https://r5---sn-5njj-u2xl.googlevideo.com/videoplayback?expire=1611764342&ei=Fj4RYI3PC8Sx4gL92ICYBg&ip=140.109.135.76&id=o-AJS1iF1jaBwN0EzhTGN7HnpNafGJbMzAeo6_dz667pfw&itag=133&aitags=133%2C134%2C135%2C136%2C137%2C160%2C242%2C243%2C244%2C247%2C248%2C278&source=youtube&requiressl=yes&mh=4J&mm=31%2C29&mn=sn-5njj-u2xl%2Csn-un57en7s&ms=au%2Crdu&mv=m&mvi=5&pcm2cms=yes&pl=16&initcwndbps=546250&vprv=1&mime=video%2Fmp4&ns=VwgEZEDy1mazb4oQFN7KMvcF&gir=yes&clen=5507712&dur=424.190&lmt=1611064928870718&mt=1611742362&fvip=5&keepalive=yes&c=WEB&txp=5432432&n=Ss9Uv2zrM9AzoZlbtlZN&sparams=expire%2Cei%2Cip%2Cid%2Caitags%2Csource%2Crequiressl%2Cvprv%2Cmime%2Cns%2Cgir%2Cclen%2Cdur%2Clmt&lsparams=mh%2Cmm%2Cmn%2Cms%2Cmv%2Cmvi%2Cpcm2cms%2Cpl%2Cinitcwndbps&lsig=AG3C_xAwRQIhANdVNd18PshcPJlOQo7bbvwEQ_XA13Ybmol47Cft98I4AiAh-VBc7D-EwR7AulZFsL_L82Z44yw018OR4CGwhfzAMw%3D%3D&sig=AOq0QJ8wRAIgXzT6A0RYVOGY6NuKVoWOUDW9XCp-OGqOSosDUj69wCACIH-yOawthuBNVYKVDo5ib8KohrMflUChgnKe58Pq2-Vt&ratebypass=yes", "player_url": "/s/player/c6df6ed7/player_ias.vflset/en_US/base.js", "ext": "mp4", "height": 240, "format_note": "240p", "vcodec": "avc1.4d4015", "asr": null, "filesize": 5507712, "fps": 30, "tbr": 190.101, "width": 426, "acodec": "none", "downloader_options": {"http_chunk_size": 10485760}, "format": "133 - 426x240 (240p)", "protocol": "https", "http_headers": {"User-Agent": "Mozilla/5.0 (Windows NT 10.0; Win64; x64) AppleWebKit/537.36 (KHTML, like Gecko) Chrome/72.0.3626.25 Safari/537.36", "Accept-Charset": "ISO-8859-1,utf-8;q=0.7,*;q=0.7", "Accept": "text/html,application/xhtml+xml,application/xml;q=0.9,*/*;q=0.8", "Accept-Encoding": "gzip, deflate", "Accept-Language": "en-us,en;q=0.5"}}, {"format_id": "242", "url": "https://r5---sn-5njj-u2xl.googlevideo.com/videoplayback?expire=1611764342&ei=Fj4RYI3PC8Sx4gL92ICYBg&ip=140.109.135.76&id=o-AJS1iF1jaBwN0EzhTGN7HnpNafGJbMzAeo6_dz667pfw&itag=242&aitags=133%2C134%2C135%2C136%2C137%2C160%2C242%2C243%2C244%2C247%2C248%2C278&source=youtube&requiressl=yes&mh=4J&mm=31%2C29&mn=sn-5njj-u2xl%2Csn-un57en7s&ms=au%2Crdu&mv=m&mvi=5&pcm2cms=yes&pl=16&initcwndbps=546250&vprv=1&mime=video%2Fwebm&ns=VwgEZEDy1mazb4oQFN7KMvcF&gir=yes&clen=9782686&dur=424.190&lmt=1541057047040715&mt=1611742362&fvip=5&keepalive=yes&c=WEB&txp=5432432&n=Ss9Uv2zrM9AzoZlbtlZN&sparams=expire%2Cei%2Cip%2Cid%2Caitags%2Csource%2Crequiressl%2Cvprv%2Cmime%2Cns%2Cgir%2Cclen%2Cdur%2Clmt&lsparams=mh%2Cmm%2Cmn%2Cms%2Cmv%2Cmvi%2Cpcm2cms%2Cpl%2Cinitcwndbps&lsig=AG3C_xAwRgIhAPfkDoZzmg7u0afishsk6P2-2UdF_46oMnAu3OR_LlLqAiEAoD5-BzJ_PbQVHKx0xzO3rVw6SgBv2eaR_CWW8kiTnGo%3D&sig=AOq0QJ8wRQIhAL2g_KaWg4gCO_8xTJb5W3sCW5Cl-znyErOF7CZWOCGUAiAuinN2ku0VlTIomVNvNcgQg8V20k0JvtkQPUc60PWVQA==&ratebypass=yes", "player_url": "/s/player/c6df6ed7/player_ias.vflset/en_US/base.js", "ext": "webm", "height": 240, "format_note": "240p", "vcodec": "vp9", "asr": null, "filesize": 9782686, "fps": 30, "tbr": 222.657, "width": 426, "acodec": "none", "downloader_options": {"http_chunk_size": 10485760}, "format": "242 - 426x240 (240p)", "protocol": "https", "http_headers": {"User-Agent": "Mozilla/5.0 (Windows NT 10.0; Win64; x64) AppleWebKit/537.36 (KHTML, like Gecko) Chrome/72.0.3626.25 Safari/537.36", "Accept-Charset": "ISO-8859-1,utf-8;q=0.7,*;q=0.7", "Accept": "text/html,application/xhtml+xml,application/xml;q=0.9,*/*;q=0.8", "Accept-Encoding": "gzip, deflate", "Accept-Language": "en-us,en;q=0.5"}}, {"format_id": "134", "url": "https://r5---sn-5njj-u2xl.googlevideo.com/videoplayback?expire=1611764342&ei=Fj4RYI3PC8Sx4gL92ICYBg&ip=140.109.135.76&id=o-AJS1iF1jaBwN0EzhTGN7HnpNafGJbMzAeo6_dz667pfw&itag=134&aitags=133%2C134%2C135%2C136%2C137%2C160%2C242%2C243%2C244%2C247%2C248%2C278&source=youtube&requiressl=yes&mh=4J&mm=31%2C29&mn=sn-5njj-u2xl%2Csn-un57en7s&ms=au%2Crdu&mv=m&mvi=5&pcm2cms=yes&pl=16&initcwndbps=546250&vprv=1&mime=video%2Fmp4&ns=VwgEZEDy1mazb4oQFN7KMvcF&gir=yes&clen=10870251&dur=424.190&lmt=1611064928873750&mt=1611742362&fvip=5&keepalive=yes&c=WEB&txp=5432432&n=Ss9Uv2zrM9AzoZlbtlZN&sparams=expire%2Cei%2Cip%2Cid%2Caitags%2Csource%2Crequiressl%2Cvprv%2Cmime%2Cns%2Cgir%2Cclen%2Cdur%2Clmt&lsparams=mh%2Cmm%2Cmn%2Cms%2Cmv%2Cmvi%2Cpcm2cms%2Cpl%2Cinitcwndbps&lsig=AG3C_xAwRQIhAJaCM-2WZB4ASb024EwUiOJEMpqRoxDWGasJW8GXzd9lAiB96AZBWeSXUyVm-QNc6lF8uauoMfKRIIjuWXjoQxTptg%3D%3D&sig=AOq0QJ8wRAIgGNeu7AfJVl7IImICmz4ObmmLCml-cT0KQfIbE206GNsCIFk-4z6uFOJw6llKUPj3evmYUkqrGBI7JwozvL41iU33&ratebypass=yes", "player_url": "/s/player/c6df6ed7/player_ias.vflset/en_US/base.js", "ext": "mp4", "height": 360, "format_note": "360p", "vcodec": "avc1.4d401e", "asr": null, "filesize": 10870251, "fps": 30, "tbr": 373.986, "width": 640, "acodec": "none", "downloader_options": {"http_chunk_size": 10485760}, "format": "134 - 640x360 (360p)", "protocol": "https", "http_headers": {"User-Agent": "Mozilla/5.0 (Windows NT 10.0; Win64; x64) AppleWebKit/537.36 (KHTML, like Gecko) Chrome/72.0.3626.25 Safari/537.36", "Accept-Charset": "ISO-8859-1,utf-8;q=0.7,*;q=0.7", "Accept": "text/html,application/xhtml+xml,application/xml;q=0.9,*/*;q=0.8", "Accept-Encoding": "gzip, deflate", "Accept-Language": "en-us,en;q=0.5"}}, {"format_id": "243", "url": "https://r5---sn-5njj-u2xl.googlevideo.com/videoplayback?expire=1611764342&ei=Fj4RYI3PC8Sx4gL92ICYBg&ip=140.109.135.76&id=o-AJS1iF1jaBwN0EzhTGN7HnpNafGJbMzAeo6_dz667pfw&itag=243&aitags=133%2C134%2C135%2C136%2C137%2C160%2C242%2C243%2C244%2C247%2C248%2C278&source=youtube&requiressl=yes&mh=4J&mm=31%2C29&mn=sn-5njj-u2xl%2Csn-un57en7s&ms=au%2Crdu&mv=m&mvi=5&pcm2cms=yes&pl=16&initcwndbps=546250&vprv=1&mime=video%2Fwebm&ns=VwgEZEDy1mazb4oQFN7KMvcF&gir=yes&clen=18761676&dur=424.190&lmt=1541057046870792&mt=1611742362&fvip=5&keepalive=yes&c=WEB&txp=5432432&n=Ss9Uv2zrM9AzoZlbtlZN&sparams=expire%2Cei%2Cip%2Cid%2Caitags%2Csource%2Crequiressl%2Cvprv%2Cmime%2Cns%2Cgir%2Cclen%2Cdur%2Clmt&lsparams=mh%2Cmm%2Cmn%2Cms%2Cmv%2Cmvi%2Cpcm2cms%2Cpl%2Cinitcwndbps&lsig=AG3C_xAwRAIgIquHn3uOuFVwnVe4Do6Fsu3XF0WSHVvXaswISXVZZrICIFuRxr0sb6i-aSZQQme0l9kryoMPB-CI57ujzkOpNQ20&sig=AOq0QJ8wRgIhAO8qGJ1KpEzSw1XcCMuooMJ0enHJ0ffl0ci6YbT45fipAiEAvmLL9AxKnAMTR5dWj2TiB9o66Hduc8OKLmReKG-Ujf4=&ratebypass=yes", "player_url": "/s/player/c6df6ed7/player_ias.vflset/en_US/base.js", "ext": "webm", "height": 360, "format_note": "360p", "vcodec": "vp9", "asr": null, "filesize": 18761676, "fps": 30, "tbr": 409.462, "width": 640, "acodec": "none", "downloader_options": {"http_chunk_size": 10485760}, "format": "243 - 640x360 (360p)", "protocol": "https", "http_headers": {"User-Agent": "Mozilla/5.0 (Windows NT 10.0; Win64; x64) AppleWebKit/537.36 (KHTML, like Gecko) Chrome/72.0.3626.25 Safari/537.36", "Accept-Charset": "ISO-8859-1,utf-8;q=0.7,*;q=0.7", "Accept": "text/html,application/xhtml+xml,application/xml;q=0.9,*/*;q=0.8", "Accept-Encoding": "gzip, deflate", "Accept-Language": "en-us,en;q=0.5"}}, {"format_id": "135", "url": "https://r5---sn-5njj-u2xl.googlevideo.com/videoplayback?expire=1611764342&ei=Fj4RYI3PC8Sx4gL92ICYBg&ip=140.109.135.76&id=o-AJS1iF1jaBwN0EzhTGN7HnpNafGJbMzAeo6_dz667pfw&itag=135&aitags=133%2C134%2C135%2C136%2C137%2C160%2C242%2C243%2C244%2C247%2C248%2C278&source=youtube&requiressl=yes&mh=4J&mm=31%2C29&mn=sn-5njj-u2xl%2Csn-un57en7s&ms=au%2Crdu&mv=m&mvi=5&pcm2cms=yes&pl=16&initcwndbps=546250&vprv=1&mime=video%2Fmp4&ns=VwgEZEDy1mazb4oQFN7KMvcF&gir=yes&clen=17474401&dur=424.190&lmt=1611064928873843&mt=1611742362&fvip=5&keepalive=yes&c=WEB&txp=5432432&n=Ss9Uv2zrM9AzoZlbtlZN&sparams=expire%2Cei%2Cip%2Cid%2Caitags%2Csource%2Crequiressl%2Cvprv%2Cmime%2Cns%2Cgir%2Cclen%2Cdur%2Clmt&lsparams=mh%2Cmm%2Cmn%2Cms%2Cmv%2Cmvi%2Cpcm2cms%2Cpl%2Cinitcwndbps&lsig=AG3C_xAwRQIhAPI3N076v_wM7b-aT3leWfsbL05mi83bO0CoFw_9XvpnAiBTH2QlINuOwRCJLUlstIgVqxG9XUoyfFPCw5HUL6mQgA%3D%3D&sig=AOq0QJ8wRQIgXiwIM4eCROmTDGGt13-K3w7nyKKhpBlVgzsEGIKXDI0CIQC-KxDyuOMo5Ix_V7bq-hL0TjIoQzhiIthgh4bV7M_GjQ==&ratebypass=yes", "player_url": "/s/player/c6df6ed7/player_ias.vflset/en_US/base.js", "ext": "mp4", "height": 480, "format_note": "480p", "vcodec": "avc1.4d401f", "asr": null, "filesize": 17474401, "fps": 30, "tbr": 572.761, "width": 854, "acodec": "none", "downloader_options": {"http_chunk_size": 10485760}, "format": "135 - 854x480 (480p)", "protocol": "https", "http_headers": {"User-Agent": "Mozilla/5.0 (Windows NT 10.0; Win64; x64) AppleWebKit/537.36 (KHTML, like Gecko) Chrome/72.0.3626.25 Safari/537.36", "Accept-Charset": "ISO-8859-1,utf-8;q=0.7,*;q=0.7", "Accept": "text/html,application/xhtml+xml,application/xml;q=0.9,*/*;q=0.8", "Accept-Encoding": "gzip, deflate", "Accept-Language": "en-us,en;q=0.5"}}, {"format_id": "244", "url": "https://r5---sn-5njj-u2xl.googlevideo.com/videoplayback?expire=1611764342&ei=Fj4RYI3PC8Sx4gL92ICYBg&ip=140.109.135.76&id=o-AJS1iF1jaBwN0EzhTGN7HnpNafGJbMzAeo6_dz667pfw&itag=244&aitags=133%2C134%2C135%2C136%2C137%2C160%2C242%2C243%2C244%2C247%2C248%2C278&source=youtube&requiressl=yes&mh=4J&mm=31%2C29&mn=sn-5njj-u2xl%2Csn-un57en7s&ms=au%2Crdu&mv=m&mvi=5&pcm2cms=yes&pl=16&initcwndbps=546250&vprv=1&mime=video%2Fwebm&ns=VwgEZEDy1mazb4oQFN7KMvcF&gir=yes&clen=32179107&dur=424.190&lmt=1541057047077227&mt=1611742362&fvip=5&keepalive=yes&c=WEB&txp=5432432&n=Ss9Uv2zrM9AzoZlbtlZN&sparams=expire%2Cei%2Cip%2Cid%2Caitags%2Csource%2Crequiressl%2Cvprv%2Cmime%2Cns%2Cgir%2Cclen%2Cdur%2Clmt&lsparams=mh%2Cmm%2Cmn%2Cms%2Cmv%2Cmvi%2Cpcm2cms%2Cpl%2Cinitcwndbps&lsig=AG3C_xAwRQIhAOYYiEPuTzpISjYFIiQ0uugCD09ejj9fWgQF2qrxfXk6AiBtChK1FqathpB_pD7_0k2UwDhaHLKZXARlOYBot5NSMA%3D%3D&sig=AOq0QJ8wRAIgJJBbvIoCebYPfqlhc98Fo_YeknaTdzR6TPwyWk8QnnwCIF0vq1MwgZ7l4lxYy6TlzykmbruC44m_CHvf7BwbSbLk&ratebypass=yes", "player_url": "/s/player/c6df6ed7/player_ias.vflset/en_US/base.js", "ext": "webm", "height": 480, "format_note": "480p", "vcodec": "vp9", "asr": null, "filesize": 32179107, "fps": 30, "tbr": 758.239, "width": 854, "acodec": "none", "downloader_options": {"http_chunk_size": 10485760}, "format": "244 - 854x480 (480p)", "protocol": "https", "http_headers": {"User-Agent": "Mozilla/5.0 (Windows NT 10.0; Win64; x64) AppleWebKit/537.36 (KHTML, like Gecko) Chrome/72.0.3626.25 Safari/537.36", "Accept-Charset": "ISO-8859-1,utf-8;q=0.7,*;q=0.7", "Accept": "text/html,application/xhtml+xml,application/xml;q=0.9,*/*;q=0.8", "Accept-Encoding": "gzip, deflate", "Accept-Language": "en-us,en;q=0.5"}}, {"format_id": "136", "url": "https://r5---sn-5njj-u2xl.googlevideo.com/videoplayback?expire=1611764342&ei=Fj4RYI3PC8Sx4gL92ICYBg&ip=140.109.135.76&id=o-AJS1iF1jaBwN0EzhTGN7HnpNafGJbMzAeo6_dz667pfw&itag=136&aitags=133%2C134%2C135%2C136%2C137%2C160%2C242%2C243%2C244%2C247%2C248%2C278&source=youtube&requiressl=yes&mh=4J&mm=31%2C29&mn=sn-5njj-u2xl%2Csn-un57en7s&ms=au%2Crdu&mv=m&mvi=5&pcm2cms=yes&pl=16&initcwndbps=546250&vprv=1&mime=video%2Fmp4&ns=VwgEZEDy1mazb4oQFN7KMvcF&gir=yes&clen=28630837&dur=424.190&lmt=1611064928868008&mt=1611742362&fvip=5&keepalive=yes&c=WEB&txp=5432432&n=Ss9Uv2zrM9AzoZlbtlZN&sparams=expire%2Cei%2Cip%2Cid%2Caitags%2Csource%2Crequiressl%2Cvprv%2Cmime%2Cns%2Cgir%2Cclen%2Cdur%2Clmt&lsparams=mh%2Cmm%2Cmn%2Cms%2Cmv%2Cmvi%2Cpcm2cms%2Cpl%2Cinitcwndbps&lsig=AG3C_xAwRAIgDhdP0imGjTQsez-ck2sVm32ZpdjyPxiMFSOUSUnWglQCIHhPZ_Q5Ek1ThFirT24NVjhB50qTOQeca2wg3gGiNm1o&sig=AOq0QJ8wRgIhAL7ndDFWyKPfx-M6PnKfgkFWbAXMHVEZgYLSLrogUE3KAiEAg8LW6dVgZI1-54o8rNmltOVZmF9ehj8jpqoReH9axuU=&ratebypass=yes", "player_url": "/s/player/c6df6ed7/player_ias.vflset/en_US/base.js", "ext": "mp4", "height": 720, "format_note": "720p", "vcodec": "avc1.4d401f", "asr": null, "filesize": 28630837, "fps": 30, "tbr": 1042.458, "width": 1280, "acodec": "none", "downloader_options": {"http_chunk_size": 10485760}, "format": "136 - 1280x720 (720p)", "protocol": "https", "http_headers": {"User-Agent": "Mozilla/5.0 (Windows NT 10.0; Win64; x64) AppleWebKit/537.36 (KHTML, like Gecko) Chrome/72.0.3626.25 Safari/537.36", "Accept-Charset": "ISO-8859-1,utf-8;q=0.7,*;q=0.7", "Accept": "text/html,application/xhtml+xml,application/xml;q=0.9,*/*;q=0.8", "Accept-Encoding": "gzip, deflate", "Accept-Language": "en-us,en;q=0.5"}}, {"format_id": "247", "url": "https://r5---sn-5njj-u2xl.googlevideo.com/videoplayback?expire=1611764342&ei=Fj4RYI3PC8Sx4gL92ICYBg&ip=140.109.135.76&id=o-AJS1iF1jaBwN0EzhTGN7HnpNafGJbMzAeo6_dz667pfw&itag=247&aitags=133%2C134%2C135%2C136%2C137%2C160%2C242%2C243%2C244%2C247%2C248%2C278&source=youtube&requiressl=yes&mh=4J&mm=31%2C29&mn=sn-5njj-u2xl%2Csn-un57en7s&ms=au%2Crdu&mv=m&mvi=5&pcm2cms=yes&pl=16&initcwndbps=546250&vprv=1&mime=video%2Fwebm&ns=VwgEZEDy1mazb4oQFN7KMvcF&gir=yes&clen=63824720&dur=424.190&lmt=1541057047129187&mt=1611742362&fvip=5&keepalive=yes&c=WEB&txp=5432432&n=Ss9Uv2zrM9AzoZlbtlZN&sparams=expire%2Cei%2Cip%2Cid%2Caitags%2Csource%2Crequiressl%2Cvprv%2Cmime%2Cns%2Cgir%2Cclen%2Cdur%2Clmt&lsparams=mh%2Cmm%2Cmn%2Cms%2Cmv%2Cmvi%2Cpcm2cms%2Cpl%2Cinitcwndbps&lsig=AG3C_xAwRQIgbv9-2nMdCjHaT9uXtIKJ7hEgOG3IAikDMRpWuBf1C7oCIQCsNTx7l7GI-03FNvj5kxeAu8WlaUxILDjKXVeZCio6Sw%3D%3D&sig=AOq0QJ8wRAIgXWJTM695lyRAx4UcQBxMoWBtqMTj31TLYkMDAnG705YCIEa-vhno9vn4UUpD98RoYeX5bImYuZ6AFcB-UewivK24&ratebypass=yes", "player_url": "/s/player/c6df6ed7/player_ias.vflset/en_US/base.js", "ext": "webm", "height": 720, "format_note": "720p", "vcodec": "vp9", "asr": null, "filesize": 63824720, "fps": 30, "tbr": 1508.884, "width": 1280, "acodec": "none", "downloader_options": {"http_chunk_size": 10485760}, "format": "247 - 1280x720 (720p)", "protocol": "https", "http_headers": {"User-Agent": "Mozilla/5.0 (Windows NT 10.0; Win64; x64) AppleWebKit/537.36 (KHTML, like Gecko) Chrome/72.0.3626.25 Safari/537.36", "Accept-Charset": "ISO-8859-1,utf-8;q=0.7,*;q=0.7", "Accept": "text/html,application/xhtml+xml,application/xml;q=0.9,*/*;q=0.8", "Accept-Encoding": "gzip, deflate", "Accept-Language": "en-us,en;q=0.5"}}, {"format_id": "248", "url": "https://r5---sn-5njj-u2xl.googlevideo.com/videoplayback?expire=1611764342&ei=Fj4RYI3PC8Sx4gL92ICYBg&ip=140.109.135.76&id=o-AJS1iF1jaBwN0EzhTGN7HnpNafGJbMzAeo6_dz667pfw&itag=248&aitags=133%2C134%2C135%2C136%2C137%2C160%2C242%2C243%2C244%2C247%2C248%2C278&source=youtube&requiressl=yes&mh=4J&mm=31%2C29&mn=sn-5njj-u2xl%2Csn-un57en7s&ms=au%2Crdu&mv=m&mvi=5&pcm2cms=yes&pl=16&initcwndbps=546250&vprv=1&mime=video%2Fwebm&ns=VwgEZEDy1mazb4oQFN7KMvcF&gir=yes&clen=111464447&dur=424.190&lmt=1541056947696229&mt=1611742362&fvip=5&keepalive=yes&c=WEB&txp=5432432&n=Ss9Uv2zrM9AzoZlbtlZN&sparams=expire%2Cei%2Cip%2Cid%2Caitags%2Csource%2Crequiressl%2Cvprv%2Cmime%2Cns%2Cgir%2Cclen%2Cdur%2Clmt&lsparams=mh%2Cmm%2Cmn%2Cms%2Cmv%2Cmvi%2Cpcm2cms%2Cpl%2Cinitcwndbps&lsig=AG3C_xAwRgIhAM9uh65aMoQo_ccjJ1vEfTaDKEOb8HuKpagCWInguG97AiEAn03r32rOE2pyBrgXSkk9LZwgEAtvMC77Ge08UyaPRNs%3D&sig=AOq0QJ8wRQIgakWxTXxhccjesLkdc_G1Tjgk8m_4nbwPWvBTmZCCca4CIQDllIZEiZh0_rYwKChKv3gWPokOD6A0g8WVpLrwsDMdIQ==&ratebypass=yes", "player_url": "/s/player/c6df6ed7/player_ias.vflset/en_US/base.js", "ext": "webm", "height": 1080, "format_note": "1080p", "vcodec": "vp9", "asr": null, "filesize": 111464447, "fps": 30, "tbr": 2643.435, "width": 1920, "acodec": "none", "downloader_options": {"http_chunk_size": 10485760}, "format": "248 - 1920x1080 (1080p)", "protocol": "https", "http_headers": {"User-Agent": "Mozilla/5.0 (Windows NT 10.0; Win64; x64) AppleWebKit/537.36 (KHTML, like Gecko) Chrome/72.0.3626.25 Safari/537.36", "Accept-Charset": "ISO-8859-1,utf-8;q=0.7,*;q=0.7", "Accept": "text/html,application/xhtml+xml,application/xml;q=0.9,*/*;q=0.8", "Accept-Encoding": "gzip, deflate", "Accept-Language": "en-us,en;q=0.5"}}, {"format_id": "137", "url": "https://r5---sn-5njj-u2xl.googlevideo.com/videoplayback?expire=1611764342&ei=Fj4RYI3PC8Sx4gL92ICYBg&ip=140.109.135.76&id=o-AJS1iF1jaBwN0EzhTGN7HnpNafGJbMzAeo6_dz667pfw&itag=137&aitags=133%2C134%2C135%2C136%2C137%2C160%2C242%2C243%2C244%2C247%2C248%2C278&source=youtube&requiressl=yes&mh=4J&mm=31%2C29&mn=sn-5njj-u2xl%2Csn-un57en7s&ms=au%2Crdu&mv=m&mvi=5&pcm2cms=yes&pl=16&initcwndbps=546250&vprv=1&mime=video%2Fmp4&ns=VwgEZEDy1mazb4oQFN7KMvcF&gir=yes&clen=89725102&dur=424.190&lmt=1611064922861906&mt=1611742362&fvip=5&keepalive=yes&c=WEB&txp=5432432&n=Ss9Uv2zrM9AzoZlbtlZN&sparams=expire%2Cei%2Cip%2Cid%2Caitags%2Csource%2Crequiressl%2Cvprv%2Cmime%2Cns%2Cgir%2Cclen%2Cdur%2Clmt&lsparams=mh%2Cmm%2Cmn%2Cms%2Cmv%2Cmvi%2Cpcm2cms%2Cpl%2Cinitcwndbps&lsig=AG3C_xAwRAIgWtadrv7VSnetnv_rUUF0kkLOzwXQyfTFueYdPIgRbdoCIAYqOWDCR4oK4YDMxDWkEnJxO5_6SIyLk3_3TjiZfHQn&sig=AOq0QJ8wRgIhAMIAxiHJQnxmdCMmsFI5WGtf3B3APyVaU6-n-I6d_tU8AiEA55HmVzSEbhQ2jLqqnFMLoTygscJcTED9AHWoHnkQZiY=&ratebypass=yes", "player_url": "/s/player/c6df6ed7/player_ias.vflset/en_US/base.js", "ext": "mp4", "height": 1080, "format_note": "1080p", "vcodec": "avc1.640028", "asr": null, "filesize": 89725102, "fps": 30, "tbr": 3713.852, "width": 1920, "acodec": "none", "downloader_options": {"http_chunk_size": 10485760}, "format": "137 - 1920x1080 (1080p)", "protocol": "https", "http_headers": {"User-Agent": "Mozilla/5.0 (Windows NT 10.0; Win64; x64) AppleWebKit/537.36 (KHTML, like Gecko) Chrome/72.0.3626.25 Safari/537.36", "Accept-Charset": "ISO-8859-1,utf-8;q=0.7,*;q=0.7", "Accept": "text/html,application/xhtml+xml,application/xml;q=0.9,*/*;q=0.8", "Accept-Encoding": "gzip, deflate", "Accept-Language": "en-us,en;q=0.5"}}, {"format_id": "18", "url": "https://r5---sn-5njj-u2xl.googlevideo.com/videoplayback?expire=1611764342&ei=Fj4RYI3PC8Sx4gL92ICYBg&ip=140.109.135.76&id=o-AJS1iF1jaBwN0EzhTGN7HnpNafGJbMzAeo6_dz667pfw&itag=18&source=youtube&requiressl=yes&mh=4J&mm=31%2C29&mn=sn-5njj-u2xl%2Csn-un57en7s&ms=au%2Crdu&mv=m&mvi=5&pcm2cms=yes&pl=16&initcwndbps=546250&vprv=1&mime=video%2Fmp4&ns=TZJjLq2zDoo2o9kKLEveIfAF&gir=yes&clen=32644186&ratebypass=yes&dur=424.251&lmt=1541056293981629&mt=1611742362&fvip=5&c=WEB&txp=5431432&n=ZLnY0v9w2J49G5oCrnIf&sparams=expire%2Cei%2Cip%2Cid%2Citag%2Csource%2Crequiressl%2Cvprv%2Cmime%2Cns%2Cgir%2Cclen%2Cratebypass%2Cdur%2Clmt&lsparams=mh%2Cmm%2Cmn%2Cms%2Cmv%2Cmvi%2Cpcm2cms%2Cpl%2Cinitcwndbps&lsig=AG3C_xAwRAIgegPO-l_4UwVT7nrSC2LEzRmA3YLKcqI-ujAQjbJ5emUCIE-LDxbUdjWGpUS8a7WdIV3PvcXg9I00K6V0bGCy35Sy&sig=AOq0QJ8wRgIhAOVIpHBR9_eDbmY40AEcUpp-Ijnw8SkTFn7Om1ztfZbmAiEAhFXDuS81CBQgqzALXSJYrI2pHLdaXOX7sQF-tNGH6n0=", "player_url": "/s/player/c6df6ed7/player_ias.vflset/en_US/base.js", "ext": "mp4", "width": 640, "height": 360, "acodec": "mp4a.40.2", "abr": 96, "vcodec": "avc1.42001E", "asr": 44100, "filesize": 32644186, "format_note": "360p", "fps": 30, "tbr": 615.653, "format": "18 - 640x360 (360p)", "protocol": "https", "http_headers": {"User-Agent": "Mozilla/5.0 (Windows NT 10.0; Win64; x64) AppleWebKit/537.36 (KHTML, like Gecko) Chrome/72.0.3626.25 Safari/537.36", "Accept-Charset": "ISO-8859-1,utf-8;q=0.7,*;q=0.7", "Accept": "text/html,application/xhtml+xml,application/xml;q=0.9,*/*;q=0.8", "Accept-Encoding": "gzip, deflate", "Accept-Language": "en-us,en;q=0.5"}}], "is_live": null, "start_time": null, "end_time": null, "series": null, "season_number": null, "episode_number": null, "track": "Goblin \ub3c4\uae68\ube44 OST Medley / Remix / Compilation - piano", "artist": null, "album": null, "release_date": null, "release_year": null, "extractor": "youtube", "webpage_url_basename": "watch", "extractor_key": "Youtube", "playlist": null, "playlist_index": null, "thumbnail": "https://i.ytimg.com/vi_webp/imh9k-8P7a4/maxresdefault.webp", "display_id": "imh9k-8P7a4", "requested_subtitles": null, "format_id": "251", "url": "https://r5---sn-5njj-u2xl.googlevideo.com/videoplayback?expire=1611764342&ei=Fj4RYI3PC8Sx4gL92ICYBg&ip=140.109.135.76&id=o-AJS1iF1jaBwN0EzhTGN7HnpNafGJbMzAeo6_dz667pfw&itag=251&source=youtube&requiressl=yes&mh=4J&mm=31%2C29&mn=sn-5njj-u2xl%2Csn-un57en7s&ms=au%2Crdu&mv=m&mvi=5&pcm2cms=yes&pl=16&initcwndbps=546250&vprv=1&mime=audio%2Fwebm&ns=VwgEZEDy1mazb4oQFN7KMvcF&gir=yes&clen=7993666&dur=424.221&lmt=1541058388826719&mt=1611742362&fvip=5&keepalive=yes&c=WEB&txp=5411222&n=Ss9Uv2zrM9AzoZlbtlZN&sparams=expire%2Cei%2Cip%2Cid%2Citag%2Csource%2Crequiressl%2Cvprv%2Cmime%2Cns%2Cgir%2Cclen%2Cdur%2Clmt&lsparams=mh%2Cmm%2Cmn%2Cms%2Cmv%2Cmvi%2Cpcm2cms%2Cpl%2Cinitcwndbps&lsig=AG3C_xAwRgIhAI7ExLbd7hnwUXxgJNrW3cTsjYNTBwpgiWqC-uWgdbEiAiEA8lsaMNbB-RRxUAvlPZAlvKVFjorhfrxAwBSw3Qv_ag4%3D&sig=AOq0QJ8wRQIgPaFmtNWduwZZdW-4nPfAKvHAGyW4sEVJdz_fsH1bZqcCIQDZaIe139clvIiVKHIXigthUM8Ch1vbzK-YCK-a8BYyMA==&ratebypass=yes", "player_url": "/s/player/c6df6ed7/player_ias.vflset/en_US/base.js", "ext": "webm", "format_note": "tiny", "acodec": "opus", "abr": 160, "asr": 48000, "filesize": 7993666, "fps": null, "height": null, "tbr": 164.436, "width": null, "vcodec": "none", "downloader_options": {"http_chunk_size": 10485760}, "format": "251 - audio only (tiny)", "protocol": "https", "http_headers": {"User-Agent": "Mozilla/5.0 (Windows NT 10.0; Win64; x64) AppleWebKit/537.36 (KHTML, like Gecko) Chrome/72.0.3626.25 Safari/537.36", "Accept-Charset": "ISO-8859-1,utf-8;q=0.7,*;q=0.7", "Accept": "text/html,application/xhtml+xml,application/xml;q=0.9,*/*;q=0.8", "Accept-Encoding": "gzip, deflate", "Accept-Language": "en-us,en;q=0.5"}}