{"id": "jiwbHy3l2U0", "uploader": "Funguypiano", "uploader_id": "Funguypiano", "uploader_url": "http://www.youtube.com/user/Funguypiano", "channel_id": "UCBlkpX--7ZD73URbSC1oWRw", "channel_url": "http://www.youtube.com/channel/UCBlkpX--7ZD73URbSC1oWRw", "upload_date": "20200627", "license": null, "creator": null, "title": "BLACKPINK\u300cHOW YOU LIKE THAT\u300dPiano Cover", "alt_title": null, "thumbnails": [{"url": "https://i.ytimg.com/vi/jiwbHy3l2U0/hqdefault.jpg?sqp=-oaymwEYCKgBEF5IVfKriqkDCwgBFQAAiEIYAXAB&rs=AOn4CLB9Yd4geMPybmSjx8RenTwh_WD1yw", "width": 168, "height": 94, "resolution": "168x94", "id": "0"}, {"url": "https://i.ytimg.com/vi/jiwbHy3l2U0/hqdefault.jpg?sqp=-oaymwEYCMQBEG5IVfKriqkDCwgBFQAAiEIYAXAB&rs=AOn4CLAMhEomlxREsMuM6H1yD5CDae2d2w", "width": 196, "height": 110, "resolution": "196x110", "id": "1"}, {"url": "https://i.ytimg.com/vi/jiwbHy3l2U0/hqdefault.jpg?sqp=-oaymwEZCPYBEIoBSFXyq4qpAwsIARUAAIhCGAFwAQ==&rs=AOn4CLAsrNahrIKUkNDiTkExvdi0CsjA_Q", "width": 246, "height": 138, "resolution": "246x138", "id": "2"}, {"url": "https://i.ytimg.com/vi/jiwbHy3l2U0/hqdefault.jpg?sqp=-oaymwEZCNACELwBSFXyq4qpAwsIARUAAIhCGAFwAQ==&rs=AOn4CLBCW6YK015LIhd7EqyBqpF49DRFZg", "width": 336, "height": 188, "resolution": "336x188", "id": "3"}, {"url": "https://i.ytimg.com/vi_webp/jiwbHy3l2U0/maxresdefault.webp", "width": 1920, "height": 1080, "resolution": "1920x1080", "id": "4"}], "description": "I'm back with BLACKPINK's \"How You Like That\" after almost a month!! \uff65\u0e34\u03c9\uff65\u0e34) Enjoy!!! \n\nAbout Me: https://linktr.ee/funguypiano\nSheet Music: https://funguypiano.com/\nPiano Tutorial: https://youtu.be/QybYvK9S02c\nEasy Version: https://youtu.be/dSVXTbfcFhs\nKpop Piano Music: https://spoti.fi/2wh8usT\nBLACKPINK Piano Music: https://spoti.fi/2QItbKw\n\n\u2022\u2022 \u2501\u2501 More BLACKPINK (\u3003\uffe3\u03c9\uffe3\u3003\u309e \u2501\u2501 \u2022\u2022\nHow You Like That: https://youtu.be/jiwbHy3l2U0\nKill This Love: https://youtu.be/i4JnAbhvnuw\nDon't Know What To Do: https://youtu.be/UKX0QwCY17w\nSOLO: https://youtu.be/9dpuYgBv8fU\nForever Young: https://youtu.be/rIekUpBgxE4\nDDU-DU DDU-DU: https://youtu.be/38i12IPkL5c\nAs If it's Your Last: https://youtu.be/MOGLiu8TLrQ\nSTAY: https://youtu.be/efIBY32ziEs \n\n\u2022\u2022 \u2501\u2501\u2501\u2501\u2501 \u0669(\u0e51\u00f2\u03c9\u00f3\u0e51)\u06f6\u2501\u2501\u2501\u2501\u2501 \u2022\u2022\n\u266a Spotify: https://spoti.fi/2w3rfR6\n\u266a iTunes: https://apple.co/2BE74yB\n\u266a Sheet Music: https://funguypiano.com/\n\u266a Patreon / Midi: https://patreon.com/funguypiano\n\u266a Learn Piano: http://tinyurl.com/funguy-flowkey\n\u266a Instagram: https://www.instagram.com/funguypiano/\n\n#BLACKPINK #HOW_YOU_LIKE_THAT #PIANO", "categories": ["Music"], "tags": null, "subtitles": {}, "automatic_captions": {}, "duration": 215, "age_limit": 0, "annotations": null, "chapters": null, "webpage_url": "https://www.youtube.com/watch?v=jiwbHy3l2U0", "view_count": 62068, "like_count": 4563, "dislike_count": 28, "average_rating": 4.9756045, "formats": [{"format_id": "249", "url": "https://r6---sn-5njj-u2xl.googlevideo.com/videoplayback?expire=1611764302&ei=7j0RYNPJIIKm4QLHh77IDg&ip=140.109.135.76&id=o-AGtEMOgm1Pl5x1D4THOgKZuIBz4jZdrs4_ssa99s0zcJ&itag=249&source=youtube&requiressl=yes&mh=oY&mm=31%2C29&mn=sn-5njj-u2xl%2Csn-un57sn7s&ms=au%2Crdu&mv=m&mvi=6&pcm2cms=yes&pl=16&initcwndbps=546250&vprv=1&mime=audio%2Fwebm&ns=eb-EUrH-2P8MJejs3VB8ukMF&gir=yes&clen=1526201&dur=215.181&lmt=1593314835588278&mt=1611742362&fvip=6&keepalive=yes&c=WEB&txp=5511222&n=LFCw7C7h5CjtzTr-CRyu&sparams=expire%2Cei%2Cip%2Cid%2Citag%2Csource%2Crequiressl%2Cvprv%2Cmime%2Cns%2Cgir%2Cclen%2Cdur%2Clmt&sig=AOq0QJ8wRQIhANheaD0EXErE8RLmxRSextIr7q7JnQRHRIeA7Xzogs8oAiBV27VOZxN_fiTvpkFuq3PwYShTZHTGcd6Ntr95RdjJOw%3D%3D&lsparams=mh%2Cmm%2Cmn%2Cms%2Cmv%2Cmvi%2Cpcm2cms%2Cpl%2Cinitcwndbps&lsig=AG3C_xAwRAIgNEi--MKM6-TVGlSCPAF6x8IrlgyUgsdaVf_iBzAGgQsCIHPheKt9LIbBJ049MoC_zxJaq2iCY59zDjiCVqolKQJy&ratebypass=yes", "player_url": null, "ext": "webm", "format_note": "tiny", "acodec": "opus", "abr": 50, "asr": 48000, "filesize": 1526201, "fps": null, "height": null, "tbr": 62.384, "width": null, "vcodec": "none", "downloader_options": {"http_chunk_size": 10485760}, "format": "249 - audio only (tiny)", "protocol": "https", "http_headers": {"User-Agent": "Mozilla/5.0 (Windows NT 10.0; Win64; x64) AppleWebKit/537.36 (KHTML, like Gecko) Chrome/72.0.3626.25 Safari/537.36", "Accept-Charset": "ISO-8859-1,utf-8;q=0.7,*;q=0.7", "Accept": "text/html,application/xhtml+xml,application/xml;q=0.9,*/*;q=0.8", "Accept-Encoding": "gzip, deflate", "Accept-Language": "en-us,en;q=0.5"}}, {"format_id": "250", "url": "https://r6---sn-5njj-u2xl.googlevideo.com/videoplayback?expire=1611764302&ei=7j0RYNPJIIKm4QLHh77IDg&ip=140.109.135.76&id=o-AGtEMOgm1Pl5x1D4THOgKZuIBz4jZdrs4_ssa99s0zcJ&itag=250&source=youtube&requiressl=yes&mh=oY&mm=31%2C29&mn=sn-5njj-u2xl%2Csn-un57sn7s&ms=au%2Crdu&mv=m&mvi=6&pcm2cms=yes&pl=16&initcwndbps=546250&vprv=1&mime=audio%2Fwebm&ns=eb-EUrH-2P8MJejs3VB8ukMF&gir=yes&clen=2017623&dur=215.181&lmt=1593314831755291&mt=1611742362&fvip=6&keepalive=yes&c=WEB&txp=5511222&n=LFCw7C7h5CjtzTr-CRyu&sparams=expire%2Cei%2Cip%2Cid%2Citag%2Csource%2Crequiressl%2Cvprv%2Cmime%2Cns%2Cgir%2Cclen%2Cdur%2Clmt&sig=AOq0QJ8wRAIgNOETnxZU99D0LvixjqnHs_-AkexyufVIxHT_6yRa9A4CIHCnaGELH8ryL00XvL63snE4P1VDZvIkEFk4cdOGG8hC&lsparams=mh%2Cmm%2Cmn%2Cms%2Cmv%2Cmvi%2Cpcm2cms%2Cpl%2Cinitcwndbps&lsig=AG3C_xAwRAIgNEi--MKM6-TVGlSCPAF6x8IrlgyUgsdaVf_iBzAGgQsCIHPheKt9LIbBJ049MoC_zxJaq2iCY59zDjiCVqolKQJy&ratebypass=yes", "player_url": null, "ext": "webm", "format_note": "tiny", "acodec": "opus", "abr": 70, "asr": 48000, "filesize": 2017623, "fps": null, "height": null, "tbr": 80.793, "width": null, "vcodec": "none", "downloader_options": {"http_chunk_size": 10485760}, "format": "250 - audio only (tiny)", "protocol": "https", "http_headers": {"User-Agent": "Mozilla/5.0 (Windows NT 10.0; Win64; x64) AppleWebKit/537.36 (KHTML, like Gecko) Chrome/72.0.3626.25 Safari/537.36", "Accept-Charset": "ISO-8859-1,utf-8;q=0.7,*;q=0.7", "Accept": "text/html,application/xhtml+xml,application/xml;q=0.9,*/*;q=0.8", "Accept-Encoding": "gzip, deflate", "Accept-Language": "en-us,en;q=0.5"}}, {"format_id": "140", "url": "https://r6---sn-5njj-u2xl.googlevideo.com/videoplayback?expire=1611764302&ei=7j0RYNPJIIKm4QLHh77IDg&ip=140.109.135.76&id=o-AGtEMOgm1Pl5x1D4THOgKZuIBz4jZdrs4_ssa99s0zcJ&itag=140&source=youtube&requiressl=yes&mh=oY&mm=31%2C29&mn=sn-5njj-u2xl%2Csn-un57sn7s&ms=au%2Crdu&mv=m&mvi=6&pcm2cms=yes&pl=16&initcwndbps=546250&vprv=1&mime=audio%2Fmp4&ns=eb-EUrH-2P8MJejs3VB8ukMF&gir=yes&clen=3483904&dur=215.225&lmt=1593391294189744&mt=1611742362&fvip=6&keepalive=yes&c=WEB&txp=5531432&n=LFCw7C7h5CjtzTr-CRyu&sparams=expire%2Cei%2Cip%2Cid%2Citag%2Csource%2Crequiressl%2Cvprv%2Cmime%2Cns%2Cgir%2Cclen%2Cdur%2Clmt&sig=AOq0QJ8wRAIgNBoUYBa10LxrW9KAu7o26BStYrfZzJSpKj0Xj9sm_RgCIF3kAV2VaQQbNDEYZi1NrzkS2Fh9UMzVzHmAJbvI-RGY&lsparams=mh%2Cmm%2Cmn%2Cms%2Cmv%2Cmvi%2Cpcm2cms%2Cpl%2Cinitcwndbps&lsig=AG3C_xAwRAIgNEi--MKM6-TVGlSCPAF6x8IrlgyUgsdaVf_iBzAGgQsCIHPheKt9LIbBJ049MoC_zxJaq2iCY59zDjiCVqolKQJy&ratebypass=yes", "player_url": null, "ext": "m4a", "format_note": "tiny", "acodec": "mp4a.40.2", "abr": 128, "container": "m4a_dash", "asr": 44100, "filesize": 3483904, "fps": null, "height": null, "tbr": 130.357, "width": null, "vcodec": "none", "downloader_options": {"http_chunk_size": 10485760}, "format": "140 - audio only (tiny)", "protocol": "https", "http_headers": {"User-Agent": "Mozilla/5.0 (Windows NT 10.0; Win64; x64) AppleWebKit/537.36 (KHTML, like Gecko) Chrome/72.0.3626.25 Safari/537.36", "Accept-Charset": "ISO-8859-1,utf-8;q=0.7,*;q=0.7", "Accept": "text/html,application/xhtml+xml,application/xml;q=0.9,*/*;q=0.8", "Accept-Encoding": "gzip, deflate", "Accept-Language": "en-us,en;q=0.5"}}, {"format_id": "251", "url": "https://r6---sn-5njj-u2xl.googlevideo.com/videoplayback?expire=1611764302&ei=7j0RYNPJIIKm4QLHh77IDg&ip=140.109.135.76&id=o-AGtEMOgm1Pl5x1D4THOgKZuIBz4jZdrs4_ssa99s0zcJ&itag=251&source=youtube&requiressl=yes&mh=oY&mm=31%2C29&mn=sn-5njj-u2xl%2Csn-un57sn7s&ms=au%2Crdu&mv=m&mvi=6&pcm2cms=yes&pl=16&initcwndbps=546250&vprv=1&mime=audio%2Fwebm&ns=eb-EUrH-2P8MJejs3VB8ukMF&gir=yes&clen=3942672&dur=215.181&lmt=1593314834062364&mt=1611742362&fvip=6&keepalive=yes&c=WEB&txp=5511222&n=LFCw7C7h5CjtzTr-CRyu&sparams=expire%2Cei%2Cip%2Cid%2Citag%2Csource%2Crequiressl%2Cvprv%2Cmime%2Cns%2Cgir%2Cclen%2Cdur%2Clmt&sig=AOq0QJ8wRQIhAIvdirLjizPozG3gj8lASLW_XR8tUWQfByUJXbINNQumAiAKdAtc-897VuDqkCo07tXmxIYZmYDr8DmLdIYscyNwXQ%3D%3D&lsparams=mh%2Cmm%2Cmn%2Cms%2Cmv%2Cmvi%2Cpcm2cms%2Cpl%2Cinitcwndbps&lsig=AG3C_xAwRAIgNEi--MKM6-TVGlSCPAF6x8IrlgyUgsdaVf_iBzAGgQsCIHPheKt9LIbBJ049MoC_zxJaq2iCY59zDjiCVqolKQJy&ratebypass=yes", "player_url": null, "ext": "webm", "format_note": "tiny", "acodec": "opus", "abr": 160, "asr": 48000, "filesize": 3942672, "fps": null, "height": null, "tbr": 157.505, "width": null, "vcodec": "none", "downloader_options": {"http_chunk_size": 10485760}, "format": "251 - audio only (tiny)", "protocol": "https", "http_headers": {"User-Agent": "Mozilla/5.0 (Windows NT 10.0; Win64; x64) AppleWebKit/537.36 (KHTML, like Gecko) Chrome/72.0.3626.25 Safari/537.36", "Accept-Charset": "ISO-8859-1,utf-8;q=0.7,*;q=0.7", "Accept": "text/html,application/xhtml+xml,application/xml;q=0.9,*/*;q=0.8", "Accept-Encoding": "gzip, deflate", "Accept-Language": "en-us,en;q=0.5"}}, {"format_id": "160", "url": "https://r6---sn-5njj-u2xl.googlevideo.com/videoplayback?expire=1611764302&ei=7j0RYNPJIIKm4QLHh77IDg&ip=140.109.135.76&id=o-AGtEMOgm1Pl5x1D4THOgKZuIBz4jZdrs4_ssa99s0zcJ&itag=160&aitags=133%2C134%2C135%2C136%2C137%2C160%2C242%2C243%2C244%2C247%2C248%2C278&source=youtube&requiressl=yes&mh=oY&mm=31%2C29&mn=sn-5njj-u2xl%2Csn-un57sn7s&ms=au%2Crdu&mv=m&mvi=6&pcm2cms=yes&pl=16&initcwndbps=546250&vprv=1&mime=video%2Fmp4&ns=eb-EUrH-2P8MJejs3VB8ukMF&gir=yes&clen=1693990&dur=215.166&lmt=1593391702940313&mt=1611742362&fvip=6&keepalive=yes&c=WEB&txp=5535432&n=LFCw7C7h5CjtzTr-CRyu&sparams=expire%2Cei%2Cip%2Cid%2Caitags%2Csource%2Crequiressl%2Cvprv%2Cmime%2Cns%2Cgir%2Cclen%2Cdur%2Clmt&sig=AOq0QJ8wRQIhAJSs9Pd_m5AZ4McV2FwpEnXiZlW1cNh0_nFnzllhW6vhAiAM-dL3f6I8NMMWqrxVhkzYqLG3-Z06Vw-iTaBTnbCy0w%3D%3D&lsparams=mh%2Cmm%2Cmn%2Cms%2Cmv%2Cmvi%2Cpcm2cms%2Cpl%2Cinitcwndbps&lsig=AG3C_xAwRAIgNEi--MKM6-TVGlSCPAF6x8IrlgyUgsdaVf_iBzAGgQsCIHPheKt9LIbBJ049MoC_zxJaq2iCY59zDjiCVqolKQJy&ratebypass=yes", "player_url": null, "ext": "mp4", "height": 144, "format_note": "144p", "vcodec": "avc1.4d400c", "asr": null, "filesize": 1693990, "fps": 30, "tbr": 77.122, "width": 256, "acodec": "none", "downloader_options": {"http_chunk_size": 10485760}, "format": "160 - 256x144 (144p)", "protocol": "https", "http_headers": {"User-Agent": "Mozilla/5.0 (Windows NT 10.0; Win64; x64) AppleWebKit/537.36 (KHTML, like Gecko) Chrome/72.0.3626.25 Safari/537.36", "Accept-Charset": "ISO-8859-1,utf-8;q=0.7,*;q=0.7", "Accept": "text/html,application/xhtml+xml,application/xml;q=0.9,*/*;q=0.8", "Accept-Encoding": "gzip, deflate", "Accept-Language": "en-us,en;q=0.5"}}, {"format_id": "278", "url": "https://r6---sn-5njj-u2xl.googlevideo.com/videoplayback?expire=1611764302&ei=7j0RYNPJIIKm4QLHh77IDg&ip=140.109.135.76&id=o-AGtEMOgm1Pl5x1D4THOgKZuIBz4jZdrs4_ssa99s0zcJ&itag=278&aitags=133%2C134%2C135%2C136%2C137%2C160%2C242%2C243%2C244%2C247%2C248%2C278&source=youtube&requiressl=yes&mh=oY&mm=31%2C29&mn=sn-5njj-u2xl%2Csn-un57sn7s&ms=au%2Crdu&mv=m&mvi=6&pcm2cms=yes&pl=16&initcwndbps=546250&vprv=1&mime=video%2Fwebm&ns=eb-EUrH-2P8MJejs3VB8ukMF&gir=yes&clen=2331502&dur=215.167&lmt=1593392355000283&mt=1611742362&fvip=6&keepalive=yes&c=WEB&txp=5535432&n=LFCw7C7h5CjtzTr-CRyu&sparams=expire%2Cei%2Cip%2Cid%2Caitags%2Csource%2Crequiressl%2Cvprv%2Cmime%2Cns%2Cgir%2Cclen%2Cdur%2Clmt&sig=AOq0QJ8wRgIhAOnPAYbIAtxbaAa3D3U4Qr3WS7oErmqugTGYmF-z7BFBAiEA72EHbu8JiZIUwnr2F5iKtoZEQBuYIvukTLmI2XuyPHw%3D&lsparams=mh%2Cmm%2Cmn%2Cms%2Cmv%2Cmvi%2Cpcm2cms%2Cpl%2Cinitcwndbps&lsig=AG3C_xAwRAIgNEi--MKM6-TVGlSCPAF6x8IrlgyUgsdaVf_iBzAGgQsCIHPheKt9LIbBJ049MoC_zxJaq2iCY59zDjiCVqolKQJy&ratebypass=yes", "player_url": null, "ext": "webm", "height": 144, "format_note": "144p", "container": "webm", "vcodec": "vp9", "asr": null, "filesize": 2331502, "fps": 30, "tbr": 94.843, "width": 256, "acodec": "none", "downloader_options": {"http_chunk_size": 10485760}, "format": "278 - 256x144 (144p)", "protocol": "https", "http_headers": {"User-Agent": "Mozilla/5.0 (Windows NT 10.0; Win64; x64) AppleWebKit/537.36 (KHTML, like Gecko) Chrome/72.0.3626.25 Safari/537.36", "Accept-Charset": "ISO-8859-1,utf-8;q=0.7,*;q=0.7", "Accept": "text/html,application/xhtml+xml,application/xml;q=0.9,*/*;q=0.8", "Accept-Encoding": "gzip, deflate", "Accept-Language": "en-us,en;q=0.5"}}, {"format_id": "133", "url": "https://r6---sn-5njj-u2xl.googlevideo.com/videoplayback?expire=1611764302&ei=7j0RYNPJIIKm4QLHh77IDg&ip=140.109.135.76&id=o-AGtEMOgm1Pl5x1D4THOgKZuIBz4jZdrs4_ssa99s0zcJ&itag=133&aitags=133%2C134%2C135%2C136%2C137%2C160%2C242%2C243%2C244%2C247%2C248%2C278&source=youtube&requiressl=yes&mh=oY&mm=31%2C29&mn=sn-5njj-u2xl%2Csn-un57sn7s&ms=au%2Crdu&mv=m&mvi=6&pcm2cms=yes&pl=16&initcwndbps=546250&vprv=1&mime=video%2Fmp4&ns=eb-EUrH-2P8MJejs3VB8ukMF&gir=yes&clen=2533107&dur=215.166&lmt=1593391702946985&mt=1611742362&fvip=6&keepalive=yes&c=WEB&txp=5535432&n=LFCw7C7h5CjtzTr-CRyu&sparams=expire%2Cei%2Cip%2Cid%2Caitags%2Csource%2Crequiressl%2Cvprv%2Cmime%2Cns%2Cgir%2Cclen%2Cdur%2Clmt&sig=AOq0QJ8wRQIhAPUf_RaCZeqL2xNjdM-4DwuPy9mzws2xw2yRIAdS3wYnAiBLJdGmZ0izRsDwqAmeGggKUXB8r7pZpJyXE9RMMEVKmg%3D%3D&lsparams=mh%2Cmm%2Cmn%2Cms%2Cmv%2Cmvi%2Cpcm2cms%2Cpl%2Cinitcwndbps&lsig=AG3C_xAwRAIgNEi--MKM6-TVGlSCPAF6x8IrlgyUgsdaVf_iBzAGgQsCIHPheKt9LIbBJ049MoC_zxJaq2iCY59zDjiCVqolKQJy&ratebypass=yes", "player_url": null, "ext": "mp4", "height": 240, "format_note": "240p", "vcodec": "avc1.4d4015", "asr": null, "filesize": 2533107, "fps": 30, "tbr": 113.968, "width": 426, "acodec": "none", "downloader_options": {"http_chunk_size": 10485760}, "format": "133 - 426x240 (240p)", "protocol": "https", "http_headers": {"User-Agent": "Mozilla/5.0 (Windows NT 10.0; Win64; x64) AppleWebKit/537.36 (KHTML, like Gecko) Chrome/72.0.3626.25 Safari/537.36", "Accept-Charset": "ISO-8859-1,utf-8;q=0.7,*;q=0.7", "Accept": "text/html,application/xhtml+xml,application/xml;q=0.9,*/*;q=0.8", "Accept-Encoding": "gzip, deflate", "Accept-Language": "en-us,en;q=0.5"}}, {"format_id": "242", "url": "https://r6---sn-5njj-u2xl.googlevideo.com/videoplayback?expire=1611764302&ei=7j0RYNPJIIKm4QLHh77IDg&ip=140.109.135.76&id=o-AGtEMOgm1Pl5x1D4THOgKZuIBz4jZdrs4_ssa99s0zcJ&itag=242&aitags=133%2C134%2C135%2C136%2C137%2C160%2C242%2C243%2C244%2C247%2C248%2C278&source=youtube&requiressl=yes&mh=oY&mm=31%2C29&mn=sn-5njj-u2xl%2Csn-un57sn7s&ms=au%2Crdu&mv=m&mvi=6&pcm2cms=yes&pl=16&initcwndbps=546250&vprv=1&mime=video%2Fwebm&ns=eb-EUrH-2P8MJejs3VB8ukMF&gir=yes&clen=4130477&dur=215.167&lmt=1593392355002433&mt=1611742362&fvip=6&keepalive=yes&c=WEB&txp=5535432&n=LFCw7C7h5CjtzTr-CRyu&sparams=expire%2Cei%2Cip%2Cid%2Caitags%2Csource%2Crequiressl%2Cvprv%2Cmime%2Cns%2Cgir%2Cclen%2Cdur%2Clmt&sig=AOq0QJ8wRAIgLWO5cPSyPlVMMvlzF1w41eJNsHL5CziveVBtz4kMLfYCIAmesddlVowCs_nLoGCy7spavhuYZUV1T3_UxntEj4vA&lsparams=mh%2Cmm%2Cmn%2Cms%2Cmv%2Cmvi%2Cpcm2cms%2Cpl%2Cinitcwndbps&lsig=AG3C_xAwRAIgNEi--MKM6-TVGlSCPAF6x8IrlgyUgsdaVf_iBzAGgQsCIHPheKt9LIbBJ049MoC_zxJaq2iCY59zDjiCVqolKQJy&ratebypass=yes", "player_url": null, "ext": "webm", "height": 240, "format_note": "240p", "vcodec": "vp9", "asr": null, "filesize": 4130477, "fps": 30, "tbr": 187.271, "width": 426, "acodec": "none", "downloader_options": {"http_chunk_size": 10485760}, "format": "242 - 426x240 (240p)", "protocol": "https", "http_headers": {"User-Agent": "Mozilla/5.0 (Windows NT 10.0; Win64; x64) AppleWebKit/537.36 (KHTML, like Gecko) Chrome/72.0.3626.25 Safari/537.36", "Accept-Charset": "ISO-8859-1,utf-8;q=0.7,*;q=0.7", "Accept": "text/html,application/xhtml+xml,application/xml;q=0.9,*/*;q=0.8", "Accept-Encoding": "gzip, deflate", "Accept-Language": "en-us,en;q=0.5"}}, {"format_id": "134", "url": "https://r6---sn-5njj-u2xl.googlevideo.com/videoplayback?expire=1611764302&ei=7j0RYNPJIIKm4QLHh77IDg&ip=140.109.135.76&id=o-AGtEMOgm1Pl5x1D4THOgKZuIBz4jZdrs4_ssa99s0zcJ&itag=134&aitags=133%2C134%2C135%2C136%2C137%2C160%2C242%2C243%2C244%2C247%2C248%2C278&source=youtube&requiressl=yes&mh=oY&mm=31%2C29&mn=sn-5njj-u2xl%2Csn-un57sn7s&ms=au%2Crdu&mv=m&mvi=6&pcm2cms=yes&pl=16&initcwndbps=546250&vprv=1&mime=video%2Fmp4&ns=eb-EUrH-2P8MJejs3VB8ukMF&gir=yes&clen=4841483&dur=215.166&lmt=1593391702942445&mt=1611742362&fvip=6&keepalive=yes&c=WEB&txp=5535432&n=LFCw7C7h5CjtzTr-CRyu&sparams=expire%2Cei%2Cip%2Cid%2Caitags%2Csource%2Crequiressl%2Cvprv%2Cmime%2Cns%2Cgir%2Cclen%2Cdur%2Clmt&sig=AOq0QJ8wRAIgJfxuGFpwHaeYiHQixejGpeqDfptnG7xtNjOQVrjIMKUCIH77-o3JcxoxBKuNG1npdwRmcyZaINJfoIrBApZHwOzj&lsparams=mh%2Cmm%2Cmn%2Cms%2Cmv%2Cmvi%2Cpcm2cms%2Cpl%2Cinitcwndbps&lsig=AG3C_xAwRAIgNEi--MKM6-TVGlSCPAF6x8IrlgyUgsdaVf_iBzAGgQsCIHPheKt9LIbBJ049MoC_zxJaq2iCY59zDjiCVqolKQJy&ratebypass=yes", "player_url": null, "ext": "mp4", "height": 360, "format_note": "360p", "vcodec": "avc1.4d401e", "asr": null, "filesize": 4841483, "fps": 30, "tbr": 227.214, "width": 640, "acodec": "none", "downloader_options": {"http_chunk_size": 10485760}, "format": "134 - 640x360 (360p)", "protocol": "https", "http_headers": {"User-Agent": "Mozilla/5.0 (Windows NT 10.0; Win64; x64) AppleWebKit/537.36 (KHTML, like Gecko) Chrome/72.0.3626.25 Safari/537.36", "Accept-Charset": "ISO-8859-1,utf-8;q=0.7,*;q=0.7", "Accept": "text/html,application/xhtml+xml,application/xml;q=0.9,*/*;q=0.8", "Accept-Encoding": "gzip, deflate", "Accept-Language": "en-us,en;q=0.5"}}, {"format_id": "243", "url": "https://r6---sn-5njj-u2xl.googlevideo.com/videoplayback?expire=1611764302&ei=7j0RYNPJIIKm4QLHh77IDg&ip=140.109.135.76&id=o-AGtEMOgm1Pl5x1D4THOgKZuIBz4jZdrs4_ssa99s0zcJ&itag=243&aitags=133%2C134%2C135%2C136%2C137%2C160%2C242%2C243%2C244%2C247%2C248%2C278&source=youtube&requiressl=yes&mh=oY&mm=31%2C29&mn=sn-5njj-u2xl%2Csn-un57sn7s&ms=au%2Crdu&mv=m&mvi=6&pcm2cms=yes&pl=16&initcwndbps=546250&vprv=1&mime=video%2Fwebm&ns=eb-EUrH-2P8MJejs3VB8ukMF&gir=yes&clen=7679707&dur=215.167&lmt=1593392354999479&mt=1611742362&fvip=6&keepalive=yes&c=WEB&txp=5535432&n=LFCw7C7h5CjtzTr-CRyu&sparams=expire%2Cei%2Cip%2Cid%2Caitags%2Csource%2Crequiressl%2Cvprv%2Cmime%2Cns%2Cgir%2Cclen%2Cdur%2Clmt&sig=AOq0QJ8wRgIhAJYgJU31J0TnAPB0de23dnNPB2dDqjYw65hkw22X63QpAiEA6QvVAUa8w2CltAFiBJzOpu8qc1yEV8CAEzD_2MNb9qs%3D&lsparams=mh%2Cmm%2Cmn%2Cms%2Cmv%2Cmvi%2Cpcm2cms%2Cpl%2Cinitcwndbps&lsig=AG3C_xAwRAIgNEi--MKM6-TVGlSCPAF6x8IrlgyUgsdaVf_iBzAGgQsCIHPheKt9LIbBJ049MoC_zxJaq2iCY59zDjiCVqolKQJy&ratebypass=yes", "player_url": null, "ext": "webm", "height": 360, "format_note": "360p", "vcodec": "vp9", "asr": null, "filesize": 7679707, "fps": 30, "tbr": 347.86, "width": 640, "acodec": "none", "downloader_options": {"http_chunk_size": 10485760}, "format": "243 - 640x360 (360p)", "protocol": "https", "http_headers": {"User-Agent": "Mozilla/5.0 (Windows NT 10.0; Win64; x64) AppleWebKit/537.36 (KHTML, like Gecko) Chrome/72.0.3626.25 Safari/537.36", "Accept-Charset": "ISO-8859-1,utf-8;q=0.7,*;q=0.7", "Accept": "text/html,application/xhtml+xml,application/xml;q=0.9,*/*;q=0.8", "Accept-Encoding": "gzip, deflate", "Accept-Language": "en-us,en;q=0.5"}}, {"format_id": "135", "url": "https://r6---sn-5njj-u2xl.googlevideo.com/videoplayback?expire=1611764302&ei=7j0RYNPJIIKm4QLHh77IDg&ip=140.109.135.76&id=o-AGtEMOgm1Pl5x1D4THOgKZuIBz4jZdrs4_ssa99s0zcJ&itag=135&aitags=133%2C134%2C135%2C136%2C137%2C160%2C242%2C243%2C244%2C247%2C248%2C278&source=youtube&requiressl=yes&mh=oY&mm=31%2C29&mn=sn-5njj-u2xl%2Csn-un57sn7s&ms=au%2Crdu&mv=m&mvi=6&pcm2cms=yes&pl=16&initcwndbps=546250&vprv=1&mime=video%2Fmp4&ns=eb-EUrH-2P8MJejs3VB8ukMF&gir=yes&clen=7308977&dur=215.166&lmt=1593391702942027&mt=1611742362&fvip=6&keepalive=yes&c=WEB&txp=5535432&n=LFCw7C7h5CjtzTr-CRyu&sparams=expire%2Cei%2Cip%2Cid%2Caitags%2Csource%2Crequiressl%2Cvprv%2Cmime%2Cns%2Cgir%2Cclen%2Cdur%2Clmt&sig=AOq0QJ8wRQIhALXqQoH6GgJwfsXd_fLFUb4_3nxgbdUnFVWaLqq51L05AiAYW7rB_iPJGdbvvNSOxowiv4paFlZl9UEIprox9BUIdw%3D%3D&lsparams=mh%2Cmm%2Cmn%2Cms%2Cmv%2Cmvi%2Cpcm2cms%2Cpl%2Cinitcwndbps&lsig=AG3C_xAwRAIgNEi--MKM6-TVGlSCPAF6x8IrlgyUgsdaVf_iBzAGgQsCIHPheKt9LIbBJ049MoC_zxJaq2iCY59zDjiCVqolKQJy&ratebypass=yes", "player_url": null, "ext": "mp4", "height": 480, "format_note": "480p", "vcodec": "avc1.4d401f", "asr": null, "filesize": 7308977, "fps": 30, "tbr": 367.186, "width": 854, "acodec": "none", "downloader_options": {"http_chunk_size": 10485760}, "format": "135 - 854x480 (480p)", "protocol": "https", "http_headers": {"User-Agent": "Mozilla/5.0 (Windows NT 10.0; Win64; x64) AppleWebKit/537.36 (KHTML, like Gecko) Chrome/72.0.3626.25 Safari/537.36", "Accept-Charset": "ISO-8859-1,utf-8;q=0.7,*;q=0.7", "Accept": "text/html,application/xhtml+xml,application/xml;q=0.9,*/*;q=0.8", "Accept-Encoding": "gzip, deflate", "Accept-Language": "en-us,en;q=0.5"}}, {"format_id": "244", "url": "https://r6---sn-5njj-u2xl.googlevideo.com/videoplayback?expire=1611764302&ei=7j0RYNPJIIKm4QLHh77IDg&ip=140.109.135.76&id=o-AGtEMOgm1Pl5x1D4THOgKZuIBz4jZdrs4_ssa99s0zcJ&itag=244&aitags=133%2C134%2C135%2C136%2C137%2C160%2C242%2C243%2C244%2C247%2C248%2C278&source=youtube&requiressl=yes&mh=oY&mm=31%2C29&mn=sn-5njj-u2xl%2Csn-un57sn7s&ms=au%2Crdu&mv=m&mvi=6&pcm2cms=yes&pl=16&initcwndbps=546250&vprv=1&mime=video%2Fwebm&ns=eb-EUrH-2P8MJejs3VB8ukMF&gir=yes&clen=11613689&dur=215.167&lmt=1593392355001988&mt=1611742362&fvip=6&keepalive=yes&c=WEB&txp=5535432&n=LFCw7C7h5CjtzTr-CRyu&sparams=expire%2Cei%2Cip%2Cid%2Caitags%2Csource%2Crequiressl%2Cvprv%2Cmime%2Cns%2Cgir%2Cclen%2Cdur%2Clmt&sig=AOq0QJ8wRQIhAPQyEvlIUzWNnqEKGNw8NTvFDfyxIv9VvP3VZH5gJQtwAiAS3s6--w1JBuQnO-iMFDjVBhG3tefmrCFTaxIXIaa_dg%3D%3D&lsparams=mh%2Cmm%2Cmn%2Cms%2Cmv%2Cmvi%2Cpcm2cms%2Cpl%2Cinitcwndbps&lsig=AG3C_xAwRAIgNEi--MKM6-TVGlSCPAF6x8IrlgyUgsdaVf_iBzAGgQsCIHPheKt9LIbBJ049MoC_zxJaq2iCY59zDjiCVqolKQJy&ratebypass=yes", "player_url": null, "ext": "webm", "height": 480, "format_note": "480p", "vcodec": "vp9", "asr": null, "filesize": 11613689, "fps": 30, "tbr": 533.565, "width": 854, "acodec": "none", "downloader_options": {"http_chunk_size": 10485760}, "format": "244 - 854x480 (480p)", "protocol": "https", "http_headers": {"User-Agent": "Mozilla/5.0 (Windows NT 10.0; Win64; x64) AppleWebKit/537.36 (KHTML, like Gecko) Chrome/72.0.3626.25 Safari/537.36", "Accept-Charset": "ISO-8859-1,utf-8;q=0.7,*;q=0.7", "Accept": "text/html,application/xhtml+xml,application/xml;q=0.9,*/*;q=0.8", "Accept-Encoding": "gzip, deflate", "Accept-Language": "en-us,en;q=0.5"}}, {"format_id": "136", "url": "https://r6---sn-5njj-u2xl.googlevideo.com/videoplayback?expire=1611764302&ei=7j0RYNPJIIKm4QLHh77IDg&ip=140.109.135.76&id=o-AGtEMOgm1Pl5x1D4THOgKZuIBz4jZdrs4_ssa99s0zcJ&itag=136&aitags=133%2C134%2C135%2C136%2C137%2C160%2C242%2C243%2C244%2C247%2C248%2C278&source=youtube&requiressl=yes&mh=oY&mm=31%2C29&mn=sn-5njj-u2xl%2Csn-un57sn7s&ms=au%2Crdu&mv=m&mvi=6&pcm2cms=yes&pl=16&initcwndbps=546250&vprv=1&mime=video%2Fmp4&ns=eb-EUrH-2P8MJejs3VB8ukMF&gir=yes&clen=13491813&dur=215.166&lmt=1593391702940603&mt=1611742362&fvip=6&keepalive=yes&c=WEB&txp=5535432&n=LFCw7C7h5CjtzTr-CRyu&sparams=expire%2Cei%2Cip%2Cid%2Caitags%2Csource%2Crequiressl%2Cvprv%2Cmime%2Cns%2Cgir%2Cclen%2Cdur%2Clmt&sig=AOq0QJ8wRgIhAIxP2g28F6LuffqrLPsWcYar3V07LKHCqJe0ImswULafAiEAwSxSbkUEdISVGHUThktgNysVI7tXoNbUUOXtcd_CzxY%3D&lsparams=mh%2Cmm%2Cmn%2Cms%2Cmv%2Cmvi%2Cpcm2cms%2Cpl%2Cinitcwndbps&lsig=AG3C_xAwRAIgNEi--MKM6-TVGlSCPAF6x8IrlgyUgsdaVf_iBzAGgQsCIHPheKt9LIbBJ049MoC_zxJaq2iCY59zDjiCVqolKQJy&ratebypass=yes", "player_url": null, "ext": "mp4", "height": 720, "format_note": "720p", "vcodec": "avc1.4d401f", "asr": null, "filesize": 13491813, "fps": 30, "tbr": 678.18, "width": 1280, "acodec": "none", "downloader_options": {"http_chunk_size": 10485760}, "format": "136 - 1280x720 (720p)", "protocol": "https", "http_headers": {"User-Agent": "Mozilla/5.0 (Windows NT 10.0; Win64; x64) AppleWebKit/537.36 (KHTML, like Gecko) Chrome/72.0.3626.25 Safari/537.36", "Accept-Charset": "ISO-8859-1,utf-8;q=0.7,*;q=0.7", "Accept": "text/html,application/xhtml+xml,application/xml;q=0.9,*/*;q=0.8", "Accept-Encoding": "gzip, deflate", "Accept-Language": "en-us,en;q=0.5"}}, {"format_id": "247", "url": "https://r6---sn-5njj-u2xl.googlevideo.com/videoplayback?expire=1611764302&ei=7j0RYNPJIIKm4QLHh77IDg&ip=140.109.135.76&id=o-AGtEMOgm1Pl5x1D4THOgKZuIBz4jZdrs4_ssa99s0zcJ&itag=247&aitags=133%2C134%2C135%2C136%2C137%2C160%2C242%2C243%2C244%2C247%2C248%2C278&source=youtube&requiressl=yes&mh=oY&mm=31%2C29&mn=sn-5njj-u2xl%2Csn-un57sn7s&ms=au%2Crdu&mv=m&mvi=6&pcm2cms=yes&pl=16&initcwndbps=546250&vprv=1&mime=video%2Fwebm&ns=eb-EUrH-2P8MJejs3VB8ukMF&gir=yes&clen=20997717&dur=215.167&lmt=1593392354999603&mt=1611742362&fvip=6&keepalive=yes&c=WEB&txp=5535432&n=LFCw7C7h5CjtzTr-CRyu&sparams=expire%2Cei%2Cip%2Cid%2Caitags%2Csource%2Crequiressl%2Cvprv%2Cmime%2Cns%2Cgir%2Cclen%2Cdur%2Clmt&sig=AOq0QJ8wRQIgJgWWUJ5nSNh_96TcDsa8RcP_xdCFylz-qzE5BIzqNOICIQCODT0Bu8TLtDEoUXNY9Tzf_HHfim7l_RxhtWuclzVl3A%3D%3D&lsparams=mh%2Cmm%2Cmn%2Cms%2Cmv%2Cmvi%2Cpcm2cms%2Cpl%2Cinitcwndbps&lsig=AG3C_xAwRAIgNEi--MKM6-TVGlSCPAF6x8IrlgyUgsdaVf_iBzAGgQsCIHPheKt9LIbBJ049MoC_zxJaq2iCY59zDjiCVqolKQJy&ratebypass=yes", "player_url": null, "ext": "webm", "height": 720, "format_note": "720p", "vcodec": "vp9", "asr": null, "filesize": 20997717, "fps": 30, "tbr": 958.015, "width": 1280, "acodec": "none", "downloader_options": {"http_chunk_size": 10485760}, "format": "247 - 1280x720 (720p)", "protocol": "https", "http_headers": {"User-Agent": "Mozilla/5.0 (Windows NT 10.0; Win64; x64) AppleWebKit/537.36 (KHTML, like Gecko) Chrome/72.0.3626.25 Safari/537.36", "Accept-Charset": "ISO-8859-1,utf-8;q=0.7,*;q=0.7", "Accept": "text/html,application/xhtml+xml,application/xml;q=0.9,*/*;q=0.8", "Accept-Encoding": "gzip, deflate", "Accept-Language": "en-us,en;q=0.5"}}, {"format_id": "137", "url": "https://r6---sn-5njj-u2xl.googlevideo.com/videoplayback?expire=1611764302&ei=7j0RYNPJIIKm4QLHh77IDg&ip=140.109.135.76&id=o-AGtEMOgm1Pl5x1D4THOgKZuIBz4jZdrs4_ssa99s0zcJ&itag=137&aitags=133%2C134%2C135%2C136%2C137%2C160%2C242%2C243%2C244%2C247%2C248%2C278&source=youtube&requiressl=yes&mh=oY&mm=31%2C29&mn=sn-5njj-u2xl%2Csn-un57sn7s&ms=au%2Crdu&mv=m&mvi=6&pcm2cms=yes&pl=16&initcwndbps=546250&vprv=1&mime=video%2Fmp4&ns=eb-EUrH-2P8MJejs3VB8ukMF&gir=yes&clen=55937463&dur=215.166&lmt=1593391771552533&mt=1611742362&fvip=6&keepalive=yes&c=WEB&txp=5535432&n=LFCw7C7h5CjtzTr-CRyu&sparams=expire%2Cei%2Cip%2Cid%2Caitags%2Csource%2Crequiressl%2Cvprv%2Cmime%2Cns%2Cgir%2Cclen%2Cdur%2Clmt&sig=AOq0QJ8wRQIhAPSeVYplfhJbDQEfm4l8wpA5yqBS0yW9kip4RU1-IqG6AiBCQwtjFdKGFN_sOHkwJOG1VMx9f69XxIHbp06gL3Lhew%3D%3D&lsparams=mh%2Cmm%2Cmn%2Cms%2Cmv%2Cmvi%2Cpcm2cms%2Cpl%2Cinitcwndbps&lsig=AG3C_xAwRAIgNEi--MKM6-TVGlSCPAF6x8IrlgyUgsdaVf_iBzAGgQsCIHPheKt9LIbBJ049MoC_zxJaq2iCY59zDjiCVqolKQJy&ratebypass=yes", "player_url": null, "ext": "mp4", "height": 1080, "format_note": "1080p", "vcodec": "avc1.640028", "asr": null, "filesize": 55937463, "fps": 30, "tbr": 2531.717, "width": 1920, "acodec": "none", "downloader_options": {"http_chunk_size": 10485760}, "format": "137 - 1920x1080 (1080p)", "protocol": "https", "http_headers": {"User-Agent": "Mozilla/5.0 (Windows NT 10.0; Win64; x64) AppleWebKit/537.36 (KHTML, like Gecko) Chrome/72.0.3626.25 Safari/537.36", "Accept-Charset": "ISO-8859-1,utf-8;q=0.7,*;q=0.7", "Accept": "text/html,application/xhtml+xml,application/xml;q=0.9,*/*;q=0.8", "Accept-Encoding": "gzip, deflate", "Accept-Language": "en-us,en;q=0.5"}}, {"format_id": "248", "url": "https://r6---sn-5njj-u2xl.googlevideo.com/videoplayback?expire=1611764302&ei=7j0RYNPJIIKm4QLHh77IDg&ip=140.109.135.76&id=o-AGtEMOgm1Pl5x1D4THOgKZuIBz4jZdrs4_ssa99s0zcJ&itag=248&aitags=133%2C134%2C135%2C136%2C137%2C160%2C242%2C243%2C244%2C247%2C248%2C278&source=youtube&requiressl=yes&mh=oY&mm=31%2C29&mn=sn-5njj-u2xl%2Csn-un57sn7s&ms=au%2Crdu&mv=m&mvi=6&pcm2cms=yes&pl=16&initcwndbps=546250&vprv=1&mime=video%2Fwebm&ns=eb-EUrH-2P8MJejs3VB8ukMF&gir=yes&clen=63013063&dur=215.167&lmt=1593392373960690&mt=1611742362&fvip=6&keepalive=yes&c=WEB&txp=5535432&n=LFCw7C7h5CjtzTr-CRyu&sparams=expire%2Cei%2Cip%2Cid%2Caitags%2Csource%2Crequiressl%2Cvprv%2Cmime%2Cns%2Cgir%2Cclen%2Cdur%2Clmt&sig=AOq0QJ8wRgIhAJYlEAzIJ6vXsUkSJ_Llb9gPS97d0C0sExgWmt28M8Q_AiEAuezCLyJ78nf7Oh-yAtrM_4N2bQQl7a5pQV2ko3ALer8%3D&lsparams=mh%2Cmm%2Cmn%2Cms%2Cmv%2Cmvi%2Cpcm2cms%2Cpl%2Cinitcwndbps&lsig=AG3C_xAwRAIgNEi--MKM6-TVGlSCPAF6x8IrlgyUgsdaVf_iBzAGgQsCIHPheKt9LIbBJ049MoC_zxJaq2iCY59zDjiCVqolKQJy&ratebypass=yes", "player_url": null, "ext": "webm", "height": 1080, "format_note": "1080p", "vcodec": "vp9", "asr": null, "filesize": 63013063, "fps": 30, "tbr": 2646.804, "width": 1920, "acodec": "none", "downloader_options": {"http_chunk_size": 10485760}, "format": "248 - 1920x1080 (1080p)", "protocol": "https", "http_headers": {"User-Agent": "Mozilla/5.0 (Windows NT 10.0; Win64; x64) AppleWebKit/537.36 (KHTML, like Gecko) Chrome/72.0.3626.25 Safari/537.36", "Accept-Charset": "ISO-8859-1,utf-8;q=0.7,*;q=0.7", "Accept": "text/html,application/xhtml+xml,application/xml;q=0.9,*/*;q=0.8", "Accept-Encoding": "gzip, deflate", "Accept-Language": "en-us,en;q=0.5"}}, {"format_id": "18", "url": "https://r6---sn-5njj-u2xl.googlevideo.com/videoplayback?expire=1611764302&ei=7j0RYNPJIIKm4QLHh77IDg&ip=140.109.135.76&id=o-AGtEMOgm1Pl5x1D4THOgKZuIBz4jZdrs4_ssa99s0zcJ&itag=18&source=youtube&requiressl=yes&mh=oY&mm=31%2C29&mn=sn-5njj-u2xl%2Csn-un57sn7s&ms=au%2Crdu&mv=m&mvi=6&pcm2cms=yes&pl=16&initcwndbps=546250&vprv=1&mime=video%2Fmp4&ns=OwB_Jbjort9a6OzqHI69LSAF&gir=yes&clen=16997991&ratebypass=yes&dur=215.225&lmt=1593391061915170&mt=1611742362&fvip=6&c=WEB&txp=5531422&n=pGAOCoOr1OoA6hRvttT3&sparams=expire%2Cei%2Cip%2Cid%2Citag%2Csource%2Crequiressl%2Cvprv%2Cmime%2Cns%2Cgir%2Cclen%2Cratebypass%2Cdur%2Clmt&sig=AOq0QJ8wRQIgZMAIxuKl9cRklXmvucG9ujeTNvY9BUr_gLTfZ1qK_UICIQDL5c5UpUNIFqCN85sAuRS_BveUEo3DBZbhlLtfuUPfHg%3D%3D&lsparams=mh%2Cmm%2Cmn%2Cms%2Cmv%2Cmvi%2Cpcm2cms%2Cpl%2Cinitcwndbps&lsig=AG3C_xAwRAIgNEi--MKM6-TVGlSCPAF6x8IrlgyUgsdaVf_iBzAGgQsCIHPheKt9LIbBJ049MoC_zxJaq2iCY59zDjiCVqolKQJy", "player_url": null, "ext": "mp4", "width": 640, "height": 360, "acodec": "mp4a.40.2", "abr": 96, "vcodec": "avc1.42001E", "asr": 44100, "filesize": 16997991, "format_note": "360p", "fps": 30, "tbr": 631.995, "format": "18 - 640x360 (360p)", "protocol": "https", "http_headers": {"User-Agent": "Mozilla/5.0 (Windows NT 10.0; Win64; x64) AppleWebKit/537.36 (KHTML, like Gecko) Chrome/72.0.3626.25 Safari/537.36", "Accept-Charset": "ISO-8859-1,utf-8;q=0.7,*;q=0.7", "Accept": "text/html,application/xhtml+xml,application/xml;q=0.9,*/*;q=0.8", "Accept-Encoding": "gzip, deflate", "Accept-Language": "en-us,en;q=0.5"}}], "is_live": null, "start_time": null, "end_time": null, "series": null, "season_number": null, "episode_number": null, "track": null, "artist": null, "album": null, "release_date": null, "release_year": null, "extractor": "youtube", "webpage_url_basename": "watch", "extractor_key": "Youtube", "playlist": null, "playlist_index": null, "thumbnail": "https://i.ytimg.com/vi_webp/jiwbHy3l2U0/maxresdefault.webp", "display_id": "jiwbHy3l2U0", "requested_subtitles": null, "format_id": "251", "url": "https://r6---sn-5njj-u2xl.googlevideo.com/videoplayback?expire=1611764302&ei=7j0RYNPJIIKm4QLHh77IDg&ip=140.109.135.76&id=o-AGtEMOgm1Pl5x1D4THOgKZuIBz4jZdrs4_ssa99s0zcJ&itag=251&source=youtube&requiressl=yes&mh=oY&mm=31%2C29&mn=sn-5njj-u2xl%2Csn-un57sn7s&ms=au%2Crdu&mv=m&mvi=6&pcm2cms=yes&pl=16&initcwndbps=546250&vprv=1&mime=audio%2Fwebm&ns=eb-EUrH-2P8MJejs3VB8ukMF&gir=yes&clen=3942672&dur=215.181&lmt=1593314834062364&mt=1611742362&fvip=6&keepalive=yes&c=WEB&txp=5511222&n=LFCw7C7h5CjtzTr-CRyu&sparams=expire%2Cei%2Cip%2Cid%2Citag%2Csource%2Crequiressl%2Cvprv%2Cmime%2Cns%2Cgir%2Cclen%2Cdur%2Clmt&sig=AOq0QJ8wRQIhAIvdirLjizPozG3gj8lASLW_XR8tUWQfByUJXbINNQumAiAKdAtc-897VuDqkCo07tXmxIYZmYDr8DmLdIYscyNwXQ%3D%3D&lsparams=mh%2Cmm%2Cmn%2Cms%2Cmv%2Cmvi%2Cpcm2cms%2Cpl%2Cinitcwndbps&lsig=AG3C_xAwRAIgNEi--MKM6-TVGlSCPAF6x8IrlgyUgsdaVf_iBzAGgQsCIHPheKt9LIbBJ049MoC_zxJaq2iCY59zDjiCVqolKQJy&ratebypass=yes", "player_url": null, "ext": "webm", "format_note": "tiny", "acodec": "opus", "abr": 160, "asr": 48000, "filesize": 3942672, "fps": null, "height": null, "tbr": 157.505, "width": null, "vcodec": "none", "downloader_options": {"http_chunk_size": 10485760}, "format": "251 - audio only (tiny)", "protocol": "https", "http_headers": {"User-Agent": "Mozilla/5.0 (Windows NT 10.0; Win64; x64) AppleWebKit/537.36 (KHTML, like Gecko) Chrome/72.0.3626.25 Safari/537.36", "Accept-Charset": "ISO-8859-1,utf-8;q=0.7,*;q=0.7", "Accept": "text/html,application/xhtml+xml,application/xml;q=0.9,*/*;q=0.8", "Accept-Encoding": "gzip, deflate", "Accept-Language": "en-us,en;q=0.5"}}