{"id": "KA_8oaTpxac", "uploader": "Rhaeide", "uploader_id": "Rhaeide", "uploader_url": "http://www.youtube.com/user/Rhaeide", "channel_id": "UC16K9cMnL5DjXksOo0FjR_A", "channel_url": "http://www.youtube.com/channel/UC16K9cMnL5DjXksOo0FjR_A", "upload_date": "20131101", "license": null, "creator": null, "title": "Dead Silence - Main Theme on Piano | + Sheet Music", "alt_title": null, "thumbnails": [{"url": "https://i.ytimg.com/vi/KA_8oaTpxac/hqdefault.jpg?sqp=-oaymwEbCKgBEF5IVfKriqkDDggBFQAAiEIYAXABwAEG&rs=AOn4CLArBCXzg4SHgKU04sEx9-YuX_JRzw", "width": 168, "height": 94, "resolution": "168x94", "id": "0"}, {"url": "https://i.ytimg.com/vi/KA_8oaTpxac/hqdefault.jpg?sqp=-oaymwEbCMQBEG5IVfKriqkDDggBFQAAiEIYAXABwAEG&rs=AOn4CLBfhjvC2fEtqY0kBDO6t8LMhlUe8A", "width": 196, "height": 110, "resolution": "196x110", "id": "1"}, {"url": "https://i.ytimg.com/vi/KA_8oaTpxac/hqdefault.jpg?sqp=-oaymwEcCPYBEIoBSFXyq4qpAw4IARUAAIhCGAFwAcABBg==&rs=AOn4CLB3B_HwZz_YYl0hYSFCjyn2Bj3bRg", "width": 246, "height": 138, "resolution": "246x138", "id": "2"}, {"url": "https://i.ytimg.com/vi/KA_8oaTpxac/hqdefault.jpg?sqp=-oaymwEcCNACELwBSFXyq4qpAw4IARUAAIhCGAFwAcABBg==&rs=AOn4CLDtzsJTjowIpgP3sNzAc5FNukPXPw", "width": 336, "height": 188, "resolution": "336x188", "id": "3"}, {"url": "https://i.ytimg.com/vi_webp/KA_8oaTpxac/maxresdefault.webp", "width": 1920, "height": 1080, "resolution": "1920x1080", "id": "4"}], "description": "\ud83d\udc4d Support me on PATREON: http://www.patreon.com/Rhaeide\n\ud83c\udfb6 SHEET MUSIC available: https://bit.ly/silence-sheets\n\ud83c\udfb9 Learn the songs you love: https://go.flowkey.com/rhaeide\n\ud83d\udcf9 INSTAGRAM: https://www.instagram.com/rhaeide/\n\u25ba BUSINESS: rhaeidemusic@gmail.com\n\u25ba FACEBOOK: http://www.facebook.com/Rhaeide\n\u25ba WEBSITE: http://rhaeide.blogspot.com.es/\n\u25ba Support me!: https://www.paypal.me/Rhaeide\n\n\ud83c\udfa7 Listen on SPOTIFY: https://sptfy.com/96xQ\n\ud83c\udfb5 Get my MP3's on: iTunes / Google Play / Amazon\n\nThis is a commissioned work where I'm me playing \"Dead Silence - Main Theme\" on piano arranged by myself. This is in my opini\u00f3n one of the most powerful and scariest themes I've ever played, I hope I can make you feel the thrill with my playing! Let me know in the comments ;)\n\n\u25ba Piano: Yamaha p-155b.\n\u25ba Edition: Sony Vegas 11.0.\n\u25ba Composer: Charlie Clouser.\n\n\u00a9 The original music belongs to their respective owners. All rights reserved.\n\n#Piano #Scary #Sheets", "categories": ["Music"], "tags": ["Dead Silence", "Main Theme", "Piano", "Rhaeide", "Horror", "Terror", "Movie", "Film", "Theme", "Title", "Horror Movie", "Music", "M\u00fasica", "Soundtrack", "BSO", "OST", "Song", "Canci\u00f3n", "Doll", "Mary Shaw", "Saw", "Kyle Landry", "vkgoeswild", "Fast", "Fastest", "Scary", "Best version", "Professional", "Halloween", "Miedo", "Tutorial", "Sheets", "Sheet Music"], "subtitles": {}, "automatic_captions": {}, "duration": 123, "age_limit": 0, "annotations": null, "chapters": null, "webpage_url": "https://www.youtube.com/watch?v=KA_8oaTpxac", "view_count": 2715233, "like_count": 35308, "dislike_count": 884, "average_rating": 4.9022989, "formats": [{"format_id": "249", "url": "https://r4---sn-5njj-u2xe.googlevideo.com/videoplayback?expire=1612426914&ei=QlobYM-hBJaFgQPv9bTYAQ&ip=140.109.135.76&id=o-AMdcZMcpmg75wjHcmLcler_UEamEcWRHJV02pgeBIFRq&itag=249&source=youtube&requiressl=yes&mh=JE&mm=31%2C29&mn=sn-5njj-u2xe%2Csn-un57sn7s&ms=au%2Crdu&mv=m&mvi=4&pl=16&pcm2=no&initcwndbps=487500&vprv=1&mime=audio%2Fwebm&ns=sQFMgFRw_aaVOCur2r3cVUwF&gir=yes&clen=882713&dur=122.661&lmt=1540680385873910&mt=1612404299&fvip=4&keepalive=yes&c=WEB&txp=5411222&n=gA7sdWqFJ2bBkSX5F&sparams=expire%2Cei%2Cip%2Cid%2Citag%2Csource%2Crequiressl%2Cpcm2%2Cvprv%2Cmime%2Cns%2Cgir%2Cclen%2Cdur%2Clmt&sig=AOq0QJ8wRgIhALzuNU9ZssvmtCL4a9BLa9EG2GkdQeqzLPl57XKA3sTXAiEAtDBsqR8TXAb1fim5vvVZ1UPc4tiXCBTPuR3uuyAnIZE%3D&lsparams=mh%2Cmm%2Cmn%2Cms%2Cmv%2Cmvi%2Cpl%2Cinitcwndbps&lsig=AG3C_xAwRQIhANAqZ1lQL8Bp9cpdRll_PAJPvwmqo2kEGzP6zyME0rjsAiAYz0QlpJitWAZUezuX9CeX8Rk4XOAv9SGDhcMlRXTnrg%3D%3D&ratebypass=yes", "player_url": null, "ext": "webm", "format_note": "tiny", "acodec": "opus", "abr": 50, "asr": 48000, "filesize": 882713, "fps": null, "height": null, "tbr": 69.887, "width": null, "vcodec": "none", "downloader_options": {"http_chunk_size": 10485760}, "format": "249 - audio only (tiny)", "protocol": "https", "http_headers": {"User-Agent": "Mozilla/5.0 (Windows NT 10.0; Win64; x64) AppleWebKit/537.36 (KHTML, like Gecko) Chrome/73.0.3664.4 Safari/537.36", "Accept-Charset": "ISO-8859-1,utf-8;q=0.7,*;q=0.7", "Accept": "text/html,application/xhtml+xml,application/xml;q=0.9,*/*;q=0.8", "Accept-Encoding": "gzip, deflate", "Accept-Language": "en-us,en;q=0.5"}}, {"format_id": "250", "url": "https://r4---sn-5njj-u2xe.googlevideo.com/videoplayback?expire=1612426914&ei=QlobYM-hBJaFgQPv9bTYAQ&ip=140.109.135.76&id=o-AMdcZMcpmg75wjHcmLcler_UEamEcWRHJV02pgeBIFRq&itag=250&source=youtube&requiressl=yes&mh=JE&mm=31%2C29&mn=sn-5njj-u2xe%2Csn-un57sn7s&ms=au%2Crdu&mv=m&mvi=4&pl=16&pcm2=no&initcwndbps=487500&vprv=1&mime=audio%2Fwebm&ns=sQFMgFRw_aaVOCur2r3cVUwF&gir=yes&clen=1169022&dur=122.661&lmt=1540680383878475&mt=1612404299&fvip=4&keepalive=yes&c=WEB&txp=5411222&n=gA7sdWqFJ2bBkSX5F&sparams=expire%2Cei%2Cip%2Cid%2Citag%2Csource%2Crequiressl%2Cpcm2%2Cvprv%2Cmime%2Cns%2Cgir%2Cclen%2Cdur%2Clmt&sig=AOq0QJ8wRQIhAJDU-8yXZZJxk85fd6WbUMJkWtLfPYdRJtDiNwWqb9mPAiAUvzLzfa5YaTk5dESD1xpTjywI7fVTDQ2lsud-v9R9AA%3D%3D&lsparams=mh%2Cmm%2Cmn%2Cms%2Cmv%2Cmvi%2Cpl%2Cinitcwndbps&lsig=AG3C_xAwRQIhANAqZ1lQL8Bp9cpdRll_PAJPvwmqo2kEGzP6zyME0rjsAiAYz0QlpJitWAZUezuX9CeX8Rk4XOAv9SGDhcMlRXTnrg%3D%3D&ratebypass=yes", "player_url": null, "ext": "webm", "format_note": "tiny", "acodec": "opus", "abr": 70, "asr": 48000, "filesize": 1169022, "fps": null, "height": null, "tbr": 90.595, "width": null, "vcodec": "none", "downloader_options": {"http_chunk_size": 10485760}, "format": "250 - audio only (tiny)", "protocol": "https", "http_headers": {"User-Agent": "Mozilla/5.0 (Windows NT 10.0; Win64; x64) AppleWebKit/537.36 (KHTML, like Gecko) Chrome/73.0.3664.4 Safari/537.36", "Accept-Charset": "ISO-8859-1,utf-8;q=0.7,*;q=0.7", "Accept": "text/html,application/xhtml+xml,application/xml;q=0.9,*/*;q=0.8", "Accept-Encoding": "gzip, deflate", "Accept-Language": "en-us,en;q=0.5"}}, {"format_id": "140", "url": "https://r4---sn-5njj-u2xe.googlevideo.com/videoplayback?expire=1612426914&ei=QlobYM-hBJaFgQPv9bTYAQ&ip=140.109.135.76&id=o-AMdcZMcpmg75wjHcmLcler_UEamEcWRHJV02pgeBIFRq&itag=140&source=youtube&requiressl=yes&mh=JE&mm=31%2C29&mn=sn-5njj-u2xe%2Csn-un57sn7s&ms=au%2Crdu&mv=m&mvi=4&pl=16&pcm2=no&initcwndbps=487500&vprv=1&mime=audio%2Fmp4&ns=sQFMgFRw_aaVOCur2r3cVUwF&gir=yes&clen=1986415&dur=122.694&lmt=1608457582873353&mt=1612404299&fvip=4&keepalive=yes&c=WEB&txp=5411222&n=gA7sdWqFJ2bBkSX5F&sparams=expire%2Cei%2Cip%2Cid%2Citag%2Csource%2Crequiressl%2Cpcm2%2Cvprv%2Cmime%2Cns%2Cgir%2Cclen%2Cdur%2Clmt&sig=AOq0QJ8wRAIgSctsfr-zPkXnMbOX2o0c-qr0BmOQLZBMpZhcA3-xXX8CIHgIqMV7BEaPVQAowaLutpQHbX2c5Ay6rVrBI4gHBPhw&lsparams=mh%2Cmm%2Cmn%2Cms%2Cmv%2Cmvi%2Cpl%2Cinitcwndbps&lsig=AG3C_xAwRQIhANAqZ1lQL8Bp9cpdRll_PAJPvwmqo2kEGzP6zyME0rjsAiAYz0QlpJitWAZUezuX9CeX8Rk4XOAv9SGDhcMlRXTnrg%3D%3D&ratebypass=yes", "player_url": null, "ext": "m4a", "format_note": "tiny", "acodec": "mp4a.40.2", "abr": 128, "container": "m4a_dash", "asr": 44100, "filesize": 1986415, "fps": null, "height": null, "tbr": 130.393, "width": null, "vcodec": "none", "downloader_options": {"http_chunk_size": 10485760}, "format": "140 - audio only (tiny)", "protocol": "https", "http_headers": {"User-Agent": "Mozilla/5.0 (Windows NT 10.0; Win64; x64) AppleWebKit/537.36 (KHTML, like Gecko) Chrome/73.0.3664.4 Safari/537.36", "Accept-Charset": "ISO-8859-1,utf-8;q=0.7,*;q=0.7", "Accept": "text/html,application/xhtml+xml,application/xml;q=0.9,*/*;q=0.8", "Accept-Encoding": "gzip, deflate", "Accept-Language": "en-us,en;q=0.5"}}, {"format_id": "251", "url": "https://r4---sn-5njj-u2xe.googlevideo.com/videoplayback?expire=1612426914&ei=QlobYM-hBJaFgQPv9bTYAQ&ip=140.109.135.76&id=o-AMdcZMcpmg75wjHcmLcler_UEamEcWRHJV02pgeBIFRq&itag=251&source=youtube&requiressl=yes&mh=JE&mm=31%2C29&mn=sn-5njj-u2xe%2Csn-un57sn7s&ms=au%2Crdu&mv=m&mvi=4&pl=16&pcm2=no&initcwndbps=487500&vprv=1&mime=audio%2Fwebm&ns=sQFMgFRw_aaVOCur2r3cVUwF&gir=yes&clen=2216358&dur=122.661&lmt=1540680384986268&mt=1612404299&fvip=4&keepalive=yes&c=WEB&txp=5411222&n=gA7sdWqFJ2bBkSX5F&sparams=expire%2Cei%2Cip%2Cid%2Citag%2Csource%2Crequiressl%2Cpcm2%2Cvprv%2Cmime%2Cns%2Cgir%2Cclen%2Cdur%2Clmt&sig=AOq0QJ8wRQIgG9Ffpu9k2RIYB8N5QAXpXWxPUE_bKNSb3KmdxyryZmcCIQC-ZEv1G6Z83cnb_11bVPNny9TGA3IGpzsXXQPcK9TXYQ%3D%3D&lsparams=mh%2Cmm%2Cmn%2Cms%2Cmv%2Cmvi%2Cpl%2Cinitcwndbps&lsig=AG3C_xAwRQIhANAqZ1lQL8Bp9cpdRll_PAJPvwmqo2kEGzP6zyME0rjsAiAYz0QlpJitWAZUezuX9CeX8Rk4XOAv9SGDhcMlRXTnrg%3D%3D&ratebypass=yes", "player_url": null, "ext": "webm", "format_note": "tiny", "acodec": "opus", "abr": 160, "asr": 48000, "filesize": 2216358, "fps": null, "height": null, "tbr": 167.543, "width": null, "vcodec": "none", "downloader_options": {"http_chunk_size": 10485760}, "format": "251 - audio only (tiny)", "protocol": "https", "http_headers": {"User-Agent": "Mozilla/5.0 (Windows NT 10.0; Win64; x64) AppleWebKit/537.36 (KHTML, like Gecko) Chrome/73.0.3664.4 Safari/537.36", "Accept-Charset": "ISO-8859-1,utf-8;q=0.7,*;q=0.7", "Accept": "text/html,application/xhtml+xml,application/xml;q=0.9,*/*;q=0.8", "Accept-Encoding": "gzip, deflate", "Accept-Language": "en-us,en;q=0.5"}}, {"format_id": "278", "url": "https://r4---sn-5njj-u2xe.googlevideo.com/videoplayback?expire=1612426914&ei=QlobYM-hBJaFgQPv9bTYAQ&ip=140.109.135.76&id=o-AMdcZMcpmg75wjHcmLcler_UEamEcWRHJV02pgeBIFRq&itag=278&aitags=133%2C134%2C135%2C136%2C160%2C242%2C243%2C244%2C247%2C278&source=youtube&requiressl=yes&mh=JE&mm=31%2C29&mn=sn-5njj-u2xe%2Csn-un57sn7s&ms=au%2Crdu&mv=m&mvi=4&pl=16&pcm2=no&initcwndbps=487500&vprv=1&mime=video%2Fwebm&ns=sQFMgFRw_aaVOCur2r3cVUwF&gir=yes&clen=1309287&dur=122.640&lmt=1540680236687576&mt=1612404299&fvip=4&keepalive=yes&c=WEB&txp=5432432&n=gA7sdWqFJ2bBkSX5F&sparams=expire%2Cei%2Cip%2Cid%2Caitags%2Csource%2Crequiressl%2Cpcm2%2Cvprv%2Cmime%2Cns%2Cgir%2Cclen%2Cdur%2Clmt&sig=AOq0QJ8wRQIgHvMlYBt3Z63l0HcmJQGC4UFRiF16Aj7wYlR57l1xFd0CIQD_UnXQhH1eaX22RpykuDbX9EBagBsy9ag3IMjq8n8vsA%3D%3D&lsparams=mh%2Cmm%2Cmn%2Cms%2Cmv%2Cmvi%2Cpl%2Cinitcwndbps&lsig=AG3C_xAwRQIhANAqZ1lQL8Bp9cpdRll_PAJPvwmqo2kEGzP6zyME0rjsAiAYz0QlpJitWAZUezuX9CeX8Rk4XOAv9SGDhcMlRXTnrg%3D%3D&ratebypass=yes", "player_url": null, "ext": "webm", "height": 144, "format_note": "144p", "container": "webm", "vcodec": "vp9", "asr": null, "filesize": 1309287, "fps": 25, "tbr": 97.143, "width": 256, "acodec": "none", "downloader_options": {"http_chunk_size": 10485760}, "format": "278 - 256x144 (144p)", "protocol": "https", "http_headers": {"User-Agent": "Mozilla/5.0 (Windows NT 10.0; Win64; x64) AppleWebKit/537.36 (KHTML, like Gecko) Chrome/73.0.3664.4 Safari/537.36", "Accept-Charset": "ISO-8859-1,utf-8;q=0.7,*;q=0.7", "Accept": "text/html,application/xhtml+xml,application/xml;q=0.9,*/*;q=0.8", "Accept-Encoding": "gzip, deflate", "Accept-Language": "en-us,en;q=0.5"}}, {"format_id": "160", "url": "https://r4---sn-5njj-u2xe.googlevideo.com/videoplayback?expire=1612426914&ei=QlobYM-hBJaFgQPv9bTYAQ&ip=140.109.135.76&id=o-AMdcZMcpmg75wjHcmLcler_UEamEcWRHJV02pgeBIFRq&itag=160&aitags=133%2C134%2C135%2C136%2C160%2C242%2C243%2C244%2C247%2C278&source=youtube&requiressl=yes&mh=JE&mm=31%2C29&mn=sn-5njj-u2xe%2Csn-un57sn7s&ms=au%2Crdu&mv=m&mvi=4&pl=16&pcm2=no&initcwndbps=487500&vprv=1&mime=video%2Fmp4&ns=sQFMgFRw_aaVOCur2r3cVUwF&gir=yes&clen=987267&dur=122.640&lmt=1608457652822534&mt=1612404299&fvip=4&keepalive=yes&c=WEB&txp=5411222&n=gA7sdWqFJ2bBkSX5F&sparams=expire%2Cei%2Cip%2Cid%2Caitags%2Csource%2Crequiressl%2Cpcm2%2Cvprv%2Cmime%2Cns%2Cgir%2Cclen%2Cdur%2Clmt&sig=AOq0QJ8wRQIgYO-ePHrEEClncTsscvNc1VSyzJRU_rt9LFajF3LuziwCIQDCiaax_iGeCv_I63lxPjN5HDZj7d4gOreAsWqHzY_Ocw%3D%3D&lsparams=mh%2Cmm%2Cmn%2Cms%2Cmv%2Cmvi%2Cpl%2Cinitcwndbps&lsig=AG3C_xAwRQIhANAqZ1lQL8Bp9cpdRll_PAJPvwmqo2kEGzP6zyME0rjsAiAYz0QlpJitWAZUezuX9CeX8Rk4XOAv9SGDhcMlRXTnrg%3D%3D&ratebypass=yes", "player_url": null, "ext": "mp4", "height": 144, "format_note": "144p", "vcodec": "avc1.4d400c", "asr": null, "filesize": 987267, "fps": 25, "tbr": 112.99, "width": 256, "acodec": "none", "downloader_options": {"http_chunk_size": 10485760}, "format": "160 - 256x144 (144p)", "protocol": "https", "http_headers": {"User-Agent": "Mozilla/5.0 (Windows NT 10.0; Win64; x64) AppleWebKit/537.36 (KHTML, like Gecko) Chrome/73.0.3664.4 Safari/537.36", "Accept-Charset": "ISO-8859-1,utf-8;q=0.7,*;q=0.7", "Accept": "text/html,application/xhtml+xml,application/xml;q=0.9,*/*;q=0.8", "Accept-Encoding": "gzip, deflate", "Accept-Language": "en-us,en;q=0.5"}}, {"format_id": "242", "url": "https://r4---sn-5njj-u2xe.googlevideo.com/videoplayback?expire=1612426914&ei=QlobYM-hBJaFgQPv9bTYAQ&ip=140.109.135.76&id=o-AMdcZMcpmg75wjHcmLcler_UEamEcWRHJV02pgeBIFRq&itag=242&aitags=133%2C134%2C135%2C136%2C160%2C242%2C243%2C244%2C247%2C278&source=youtube&requiressl=yes&mh=JE&mm=31%2C29&mn=sn-5njj-u2xe%2Csn-un57sn7s&ms=au%2Crdu&mv=m&mvi=4&pl=16&pcm2=no&initcwndbps=487500&vprv=1&mime=video%2Fwebm&ns=sQFMgFRw_aaVOCur2r3cVUwF&gir=yes&clen=2020618&dur=122.640&lmt=1540680236641900&mt=1612404299&fvip=4&keepalive=yes&c=WEB&txp=5432432&n=gA7sdWqFJ2bBkSX5F&sparams=expire%2Cei%2Cip%2Cid%2Caitags%2Csource%2Crequiressl%2Cpcm2%2Cvprv%2Cmime%2Cns%2Cgir%2Cclen%2Cdur%2Clmt&sig=AOq0QJ8wRQIgTahRUFcQfJW3QXVWupixs9ICSlfYvEjKrIG5woN5FU8CIQDTI-WsO4IfMmaN6u2GZLBWTeNVBA5ypYeNzM4fyG_zmA%3D%3D&lsparams=mh%2Cmm%2Cmn%2Cms%2Cmv%2Cmvi%2Cpl%2Cinitcwndbps&lsig=AG3C_xAwRQIhANAqZ1lQL8Bp9cpdRll_PAJPvwmqo2kEGzP6zyME0rjsAiAYz0QlpJitWAZUezuX9CeX8Rk4XOAv9SGDhcMlRXTnrg%3D%3D&ratebypass=yes", "player_url": null, "ext": "webm", "height": 240, "format_note": "240p", "vcodec": "vp9", "asr": null, "filesize": 2020618, "fps": 25, "tbr": 202.104, "width": 426, "acodec": "none", "downloader_options": {"http_chunk_size": 10485760}, "format": "242 - 426x240 (240p)", "protocol": "https", "http_headers": {"User-Agent": "Mozilla/5.0 (Windows NT 10.0; Win64; x64) AppleWebKit/537.36 (KHTML, like Gecko) Chrome/73.0.3664.4 Safari/537.36", "Accept-Charset": "ISO-8859-1,utf-8;q=0.7,*;q=0.7", "Accept": "text/html,application/xhtml+xml,application/xml;q=0.9,*/*;q=0.8", "Accept-Encoding": "gzip, deflate", "Accept-Language": "en-us,en;q=0.5"}}, {"format_id": "133", "url": "https://r4---sn-5njj-u2xe.googlevideo.com/videoplayback?expire=1612426914&ei=QlobYM-hBJaFgQPv9bTYAQ&ip=140.109.135.76&id=o-AMdcZMcpmg75wjHcmLcler_UEamEcWRHJV02pgeBIFRq&itag=133&aitags=133%2C134%2C135%2C136%2C160%2C242%2C243%2C244%2C247%2C278&source=youtube&requiressl=yes&mh=JE&mm=31%2C29&mn=sn-5njj-u2xe%2Csn-un57sn7s&ms=au%2Crdu&mv=m&mvi=4&pl=16&pcm2=no&initcwndbps=487500&vprv=1&mime=video%2Fmp4&ns=sQFMgFRw_aaVOCur2r3cVUwF&gir=yes&clen=1998897&dur=122.640&lmt=1608457652803694&mt=1612404299&fvip=4&keepalive=yes&c=WEB&txp=5411222&n=gA7sdWqFJ2bBkSX5F&sparams=expire%2Cei%2Cip%2Cid%2Caitags%2Csource%2Crequiressl%2Cpcm2%2Cvprv%2Cmime%2Cns%2Cgir%2Cclen%2Cdur%2Clmt&sig=AOq0QJ8wRAIgbynHZxEvn6fsw7VX7mRzIqJtjR1SNehjpH_3sDML7TYCIAC7gli4BGOtnbKNkLMkO_gFZyD_2bWv5aOEhGLuWyT2&lsparams=mh%2Cmm%2Cmn%2Cms%2Cmv%2Cmvi%2Cpl%2Cinitcwndbps&lsig=AG3C_xAwRQIhANAqZ1lQL8Bp9cpdRll_PAJPvwmqo2kEGzP6zyME0rjsAiAYz0QlpJitWAZUezuX9CeX8Rk4XOAv9SGDhcMlRXTnrg%3D%3D&ratebypass=yes", "player_url": null, "ext": "mp4", "height": 240, "format_note": "240p", "vcodec": "avc1.4d4015", "asr": null, "filesize": 1998897, "fps": 25, "tbr": 245.917, "width": 426, "acodec": "none", "downloader_options": {"http_chunk_size": 10485760}, "format": "133 - 426x240 (240p)", "protocol": "https", "http_headers": {"User-Agent": "Mozilla/5.0 (Windows NT 10.0; Win64; x64) AppleWebKit/537.36 (KHTML, like Gecko) Chrome/73.0.3664.4 Safari/537.36", "Accept-Charset": "ISO-8859-1,utf-8;q=0.7,*;q=0.7", "Accept": "text/html,application/xhtml+xml,application/xml;q=0.9,*/*;q=0.8", "Accept-Encoding": "gzip, deflate", "Accept-Language": "en-us,en;q=0.5"}}, {"format_id": "243", "url": "https://r4---sn-5njj-u2xe.googlevideo.com/videoplayback?expire=1612426914&ei=QlobYM-hBJaFgQPv9bTYAQ&ip=140.109.135.76&id=o-AMdcZMcpmg75wjHcmLcler_UEamEcWRHJV02pgeBIFRq&itag=243&aitags=133%2C134%2C135%2C136%2C160%2C242%2C243%2C244%2C247%2C278&source=youtube&requiressl=yes&mh=JE&mm=31%2C29&mn=sn-5njj-u2xe%2Csn-un57sn7s&ms=au%2Crdu&mv=m&mvi=4&pl=16&pcm2=no&initcwndbps=487500&vprv=1&mime=video%2Fwebm&ns=sQFMgFRw_aaVOCur2r3cVUwF&gir=yes&clen=3667703&dur=122.640&lmt=1540680236638074&mt=1612404299&fvip=4&keepalive=yes&c=WEB&txp=5432432&n=gA7sdWqFJ2bBkSX5F&sparams=expire%2Cei%2Cip%2Cid%2Caitags%2Csource%2Crequiressl%2Cpcm2%2Cvprv%2Cmime%2Cns%2Cgir%2Cclen%2Cdur%2Clmt&sig=AOq0QJ8wRgIhAPgHunjLwm71VpmuztzvOHSCvbHu2Ta4oOCzhKwLzXaHAiEA-Z7JWi9p5IprBfKBZwoQkZZGDAS2f6RwG9mULEYjpWY%3D&lsparams=mh%2Cmm%2Cmn%2Cms%2Cmv%2Cmvi%2Cpl%2Cinitcwndbps&lsig=AG3C_xAwRQIhANAqZ1lQL8Bp9cpdRll_PAJPvwmqo2kEGzP6zyME0rjsAiAYz0QlpJitWAZUezuX9CeX8Rk4XOAv9SGDhcMlRXTnrg%3D%3D&ratebypass=yes", "player_url": null, "ext": "webm", "height": 360, "format_note": "360p", "vcodec": "vp9", "asr": null, "filesize": 3667703, "fps": 25, "tbr": 368.178, "width": 640, "acodec": "none", "downloader_options": {"http_chunk_size": 10485760}, "format": "243 - 640x360 (360p)", "protocol": "https", "http_headers": {"User-Agent": "Mozilla/5.0 (Windows NT 10.0; Win64; x64) AppleWebKit/537.36 (KHTML, like Gecko) Chrome/73.0.3664.4 Safari/537.36", "Accept-Charset": "ISO-8859-1,utf-8;q=0.7,*;q=0.7", "Accept": "text/html,application/xhtml+xml,application/xml;q=0.9,*/*;q=0.8", "Accept-Encoding": "gzip, deflate", "Accept-Language": "en-us,en;q=0.5"}}, {"format_id": "134", "url": "https://r4---sn-5njj-u2xe.googlevideo.com/videoplayback?expire=1612426914&ei=QlobYM-hBJaFgQPv9bTYAQ&ip=140.109.135.76&id=o-AMdcZMcpmg75wjHcmLcler_UEamEcWRHJV02pgeBIFRq&itag=134&aitags=133%2C134%2C135%2C136%2C160%2C242%2C243%2C244%2C247%2C278&source=youtube&requiressl=yes&mh=JE&mm=31%2C29&mn=sn-5njj-u2xe%2Csn-un57sn7s&ms=au%2Crdu&mv=m&mvi=4&pl=16&pcm2=no&initcwndbps=487500&vprv=1&mime=video%2Fmp4&ns=sQFMgFRw_aaVOCur2r3cVUwF&gir=yes&clen=3025852&dur=122.640&lmt=1608457652803396&mt=1612404299&fvip=4&keepalive=yes&c=WEB&txp=5411222&n=gA7sdWqFJ2bBkSX5F&sparams=expire%2Cei%2Cip%2Cid%2Caitags%2Csource%2Crequiressl%2Cpcm2%2Cvprv%2Cmime%2Cns%2Cgir%2Cclen%2Cdur%2Clmt&sig=AOq0QJ8wRQIgVrkUSIRpx3APF2El7x9b1QfIxiFS0qk9TWrTvNLff3gCIQCaDENgi4qthHpaVuWG-rjh27owdRWOPn1phWuIY4aDAA%3D%3D&lsparams=mh%2Cmm%2Cmn%2Cms%2Cmv%2Cmvi%2Cpl%2Cinitcwndbps&lsig=AG3C_xAwRQIhANAqZ1lQL8Bp9cpdRll_PAJPvwmqo2kEGzP6zyME0rjsAiAYz0QlpJitWAZUezuX9CeX8Rk4XOAv9SGDhcMlRXTnrg%3D%3D&ratebypass=yes", "player_url": null, "ext": "mp4", "height": 360, "format_note": "360p", "vcodec": "avc1.4d401e", "asr": null, "filesize": 3025852, "fps": 25, "tbr": 472.734, "width": 640, "acodec": "none", "downloader_options": {"http_chunk_size": 10485760}, "format": "134 - 640x360 (360p)", "protocol": "https", "http_headers": {"User-Agent": "Mozilla/5.0 (Windows NT 10.0; Win64; x64) AppleWebKit/537.36 (KHTML, like Gecko) Chrome/73.0.3664.4 Safari/537.36", "Accept-Charset": "ISO-8859-1,utf-8;q=0.7,*;q=0.7", "Accept": "text/html,application/xhtml+xml,application/xml;q=0.9,*/*;q=0.8", "Accept-Encoding": "gzip, deflate", "Accept-Language": "en-us,en;q=0.5"}}, {"format_id": "244", "url": "https://r4---sn-5njj-u2xe.googlevideo.com/videoplayback?expire=1612426914&ei=QlobYM-hBJaFgQPv9bTYAQ&ip=140.109.135.76&id=o-AMdcZMcpmg75wjHcmLcler_UEamEcWRHJV02pgeBIFRq&itag=244&aitags=133%2C134%2C135%2C136%2C160%2C242%2C243%2C244%2C247%2C278&source=youtube&requiressl=yes&mh=JE&mm=31%2C29&mn=sn-5njj-u2xe%2Csn-un57sn7s&ms=au%2Crdu&mv=m&mvi=4&pl=16&pcm2=no&initcwndbps=487500&vprv=1&mime=video%2Fwebm&ns=sQFMgFRw_aaVOCur2r3cVUwF&gir=yes&clen=6169350&dur=122.640&lmt=1540680236704554&mt=1612404299&fvip=4&keepalive=yes&c=WEB&txp=5432432&n=gA7sdWqFJ2bBkSX5F&sparams=expire%2Cei%2Cip%2Cid%2Caitags%2Csource%2Crequiressl%2Cpcm2%2Cvprv%2Cmime%2Cns%2Cgir%2Cclen%2Cdur%2Clmt&sig=AOq0QJ8wRQIhAN7p3PV5stZ7WOdRI2rlL0hKABdHYOm7-DVW9qgEiPRvAiBRzNGSbgLwvD5ILXK4I1VLJDUVrWoQOdrhA2ObF6Gqlw%3D%3D&lsparams=mh%2Cmm%2Cmn%2Cms%2Cmv%2Cmvi%2Cpl%2Cinitcwndbps&lsig=AG3C_xAwRQIhANAqZ1lQL8Bp9cpdRll_PAJPvwmqo2kEGzP6zyME0rjsAiAYz0QlpJitWAZUezuX9CeX8Rk4XOAv9SGDhcMlRXTnrg%3D%3D&ratebypass=yes", "player_url": null, "ext": "webm", "height": 480, "format_note": "480p", "vcodec": "vp9", "asr": null, "filesize": 6169350, "fps": 25, "tbr": 650.626, "width": 854, "acodec": "none", "downloader_options": {"http_chunk_size": 10485760}, "format": "244 - 854x480 (480p)", "protocol": "https", "http_headers": {"User-Agent": "Mozilla/5.0 (Windows NT 10.0; Win64; x64) AppleWebKit/537.36 (KHTML, like Gecko) Chrome/73.0.3664.4 Safari/537.36", "Accept-Charset": "ISO-8859-1,utf-8;q=0.7,*;q=0.7", "Accept": "text/html,application/xhtml+xml,application/xml;q=0.9,*/*;q=0.8", "Accept-Encoding": "gzip, deflate", "Accept-Language": "en-us,en;q=0.5"}}, {"format_id": "135", "url": "https://r4---sn-5njj-u2xe.googlevideo.com/videoplayback?expire=1612426914&ei=QlobYM-hBJaFgQPv9bTYAQ&ip=140.109.135.76&id=o-AMdcZMcpmg75wjHcmLcler_UEamEcWRHJV02pgeBIFRq&itag=135&aitags=133%2C134%2C135%2C136%2C160%2C242%2C243%2C244%2C247%2C278&source=youtube&requiressl=yes&mh=JE&mm=31%2C29&mn=sn-5njj-u2xe%2Csn-un57sn7s&ms=au%2Crdu&mv=m&mvi=4&pl=16&pcm2=no&initcwndbps=487500&vprv=1&mime=video%2Fmp4&ns=sQFMgFRw_aaVOCur2r3cVUwF&gir=yes&clen=6381696&dur=122.640&lmt=1608457652804410&mt=1612404299&fvip=4&keepalive=yes&c=WEB&txp=5411222&n=gA7sdWqFJ2bBkSX5F&sparams=expire%2Cei%2Cip%2Cid%2Caitags%2Csource%2Crequiressl%2Cpcm2%2Cvprv%2Cmime%2Cns%2Cgir%2Cclen%2Cdur%2Clmt&sig=AOq0QJ8wRQIhAP_Rr2V5E6TLeQHF7MiyNIH0ZYOzOCxcmArttt-bKRCuAiBwnRzEVQsPH3AjE5tpnOVWDyNhRKASS2RZtgWG7CBh1g%3D%3D&lsparams=mh%2Cmm%2Cmn%2Cms%2Cmv%2Cmvi%2Cpl%2Cinitcwndbps&lsig=AG3C_xAwRQIhANAqZ1lQL8Bp9cpdRll_PAJPvwmqo2kEGzP6zyME0rjsAiAYz0QlpJitWAZUezuX9CeX8Rk4XOAv9SGDhcMlRXTnrg%3D%3D&ratebypass=yes", "player_url": null, "ext": "mp4", "height": 480, "format_note": "480p", "vcodec": "avc1.4d401e", "asr": null, "filesize": 6381696, "fps": 25, "tbr": 955.914, "width": 854, "acodec": "none", "downloader_options": {"http_chunk_size": 10485760}, "format": "135 - 854x480 (480p)", "protocol": "https", "http_headers": {"User-Agent": "Mozilla/5.0 (Windows NT 10.0; Win64; x64) AppleWebKit/537.36 (KHTML, like Gecko) Chrome/73.0.3664.4 Safari/537.36", "Accept-Charset": "ISO-8859-1,utf-8;q=0.7,*;q=0.7", "Accept": "text/html,application/xhtml+xml,application/xml;q=0.9,*/*;q=0.8", "Accept-Encoding": "gzip, deflate", "Accept-Language": "en-us,en;q=0.5"}}, {"format_id": "247", "url": "https://r4---sn-5njj-u2xe.googlevideo.com/videoplayback?expire=1612426914&ei=QlobYM-hBJaFgQPv9bTYAQ&ip=140.109.135.76&id=o-AMdcZMcpmg75wjHcmLcler_UEamEcWRHJV02pgeBIFRq&itag=247&aitags=133%2C134%2C135%2C136%2C160%2C242%2C243%2C244%2C247%2C278&source=youtube&requiressl=yes&mh=JE&mm=31%2C29&mn=sn-5njj-u2xe%2Csn-un57sn7s&ms=au%2Crdu&mv=m&mvi=4&pl=16&pcm2=no&initcwndbps=487500&vprv=1&mime=video%2Fwebm&ns=sQFMgFRw_aaVOCur2r3cVUwF&gir=yes&clen=12322533&dur=122.640&lmt=1540680236732164&mt=1612404299&fvip=4&keepalive=yes&c=WEB&txp=5432432&n=gA7sdWqFJ2bBkSX5F&sparams=expire%2Cei%2Cip%2Cid%2Caitags%2Csource%2Crequiressl%2Cpcm2%2Cvprv%2Cmime%2Cns%2Cgir%2Cclen%2Cdur%2Clmt&sig=AOq0QJ8wRAIgHxdQlQsEPQUVyrPu9pwrOD5CqYbOdM6fGjCfwQaAQcECIBrAC-HyUqUT4mYXHAKKGeqJJQEs13cdSUxr3IUirqXx&lsparams=mh%2Cmm%2Cmn%2Cms%2Cmv%2Cmvi%2Cpl%2Cinitcwndbps&lsig=AG3C_xAwRQIhANAqZ1lQL8Bp9cpdRll_PAJPvwmqo2kEGzP6zyME0rjsAiAYz0QlpJitWAZUezuX9CeX8Rk4XOAv9SGDhcMlRXTnrg%3D%3D&ratebypass=yes", "player_url": null, "ext": "webm", "height": 720, "format_note": "720p", "vcodec": "vp9", "asr": null, "filesize": 12322533, "fps": 25, "tbr": 1235.39, "width": 1280, "acodec": "none", "downloader_options": {"http_chunk_size": 10485760}, "format": "247 - 1280x720 (720p)", "protocol": "https", "http_headers": {"User-Agent": "Mozilla/5.0 (Windows NT 10.0; Win64; x64) AppleWebKit/537.36 (KHTML, like Gecko) Chrome/73.0.3664.4 Safari/537.36", "Accept-Charset": "ISO-8859-1,utf-8;q=0.7,*;q=0.7", "Accept": "text/html,application/xhtml+xml,application/xml;q=0.9,*/*;q=0.8", "Accept-Encoding": "gzip, deflate", "Accept-Language": "en-us,en;q=0.5"}}, {"format_id": "136", "url": "https://r4---sn-5njj-u2xe.googlevideo.com/videoplayback?expire=1612426914&ei=QlobYM-hBJaFgQPv9bTYAQ&ip=140.109.135.76&id=o-AMdcZMcpmg75wjHcmLcler_UEamEcWRHJV02pgeBIFRq&itag=136&aitags=133%2C134%2C135%2C136%2C160%2C242%2C243%2C244%2C247%2C278&source=youtube&requiressl=yes&mh=JE&mm=31%2C29&mn=sn-5njj-u2xe%2Csn-un57sn7s&ms=au%2Crdu&mv=m&mvi=4&pl=16&pcm2=no&initcwndbps=487500&vprv=1&mime=video%2Fmp4&ns=sQFMgFRw_aaVOCur2r3cVUwF&gir=yes&clen=14852881&dur=122.640&lmt=1608457652867680&mt=1612404299&fvip=4&keepalive=yes&c=WEB&txp=5411222&n=gA7sdWqFJ2bBkSX5F&sparams=expire%2Cei%2Cip%2Cid%2Caitags%2Csource%2Crequiressl%2Cpcm2%2Cvprv%2Cmime%2Cns%2Cgir%2Cclen%2Cdur%2Clmt&sig=AOq0QJ8wRAIgB13vGkYNgWsNHVkdPXNT7g0btX73c2nvwGV3UQG_t1kCIBP_h9LNrbtUWUcMJji6zfnNp0xrAWJG0U75DQsn0QcN&lsparams=mh%2Cmm%2Cmn%2Cms%2Cmv%2Cmvi%2Cpl%2Cinitcwndbps&lsig=AG3C_xAwRQIhANAqZ1lQL8Bp9cpdRll_PAJPvwmqo2kEGzP6zyME0rjsAiAYz0QlpJitWAZUezuX9CeX8Rk4XOAv9SGDhcMlRXTnrg%3D%3D&ratebypass=yes", "player_url": null, "ext": "mp4", "height": 720, "format_note": "720p", "vcodec": "avc1.4d401f", "asr": null, "filesize": 14852881, "fps": 25, "tbr": 1912.903, "width": 1280, "acodec": "none", "downloader_options": {"http_chunk_size": 10485760}, "format": "136 - 1280x720 (720p)", "protocol": "https", "http_headers": {"User-Agent": "Mozilla/5.0 (Windows NT 10.0; Win64; x64) AppleWebKit/537.36 (KHTML, like Gecko) Chrome/73.0.3664.4 Safari/537.36", "Accept-Charset": "ISO-8859-1,utf-8;q=0.7,*;q=0.7", "Accept": "text/html,application/xhtml+xml,application/xml;q=0.9,*/*;q=0.8", "Accept-Encoding": "gzip, deflate", "Accept-Language": "en-us,en;q=0.5"}}, {"format_id": "18", "url": "https://r4---sn-5njj-u2xe.googlevideo.com/videoplayback?expire=1612426914&ei=QlobYM-hBJaFgQPv9bTYAQ&ip=140.109.135.76&id=o-AMdcZMcpmg75wjHcmLcler_UEamEcWRHJV02pgeBIFRq&itag=18&source=youtube&requiressl=yes&mh=JE&mm=31%2C29&mn=sn-5njj-u2xe%2Csn-un57sn7s&ms=au%2Crdu&mv=m&mvi=4&pl=16&pcm2=no&initcwndbps=487500&vprv=1&mime=video%2Fmp4&ns=pnYkF50KGv3VU58_999miw4F&gir=yes&clen=6954576&ratebypass=yes&dur=122.694&lmt=1540679811904305&mt=1612404299&fvip=4&c=WEB&txp=5431432&n=pZhE0bkWmX799Aez-&sparams=expire%2Cei%2Cip%2Cid%2Citag%2Csource%2Crequiressl%2Cpcm2%2Cvprv%2Cmime%2Cns%2Cgir%2Cclen%2Cratebypass%2Cdur%2Clmt&sig=AOq0QJ8wRAIgAj2wLUInpv34TQzabZI6M8dfnva5vGanTW6rGZGvkL0CIE2BYDsQSGL6v_SWeSSTQwGDkGtOYhVmxJgnoR63tRur&lsparams=mh%2Cmm%2Cmn%2Cms%2Cmv%2Cmvi%2Cpl%2Cinitcwndbps&lsig=AG3C_xAwRQIhANAqZ1lQL8Bp9cpdRll_PAJPvwmqo2kEGzP6zyME0rjsAiAYz0QlpJitWAZUezuX9CeX8Rk4XOAv9SGDhcMlRXTnrg%3D%3D", "player_url": null, "ext": "mp4", "width": 640, "height": 360, "acodec": "mp4a.40.2", "abr": 96, "vcodec": "avc1.42001E", "asr": 44100, "filesize": 6954576, "format_note": "360p", "fps": 25, "tbr": 453.657, "format": "18 - 640x360 (360p)", "protocol": "https", "http_headers": {"User-Agent": "Mozilla/5.0 (Windows NT 10.0; Win64; x64) AppleWebKit/537.36 (KHTML, like Gecko) Chrome/73.0.3664.4 Safari/537.36", "Accept-Charset": "ISO-8859-1,utf-8;q=0.7,*;q=0.7", "Accept": "text/html,application/xhtml+xml,application/xml;q=0.9,*/*;q=0.8", "Accept-Encoding": "gzip, deflate", "Accept-Language": "en-us,en;q=0.5"}}], "is_live": null, "start_time": null, "end_time": null, "series": null, "season_number": null, "episode_number": null, "track": null, "artist": null, "album": null, "release_date": null, "release_year": null, "extractor": "youtube", "webpage_url_basename": "watch", "extractor_key": "Youtube", "playlist": null, "playlist_index": null, "thumbnail": "https://i.ytimg.com/vi_webp/KA_8oaTpxac/maxresdefault.webp", "display_id": "KA_8oaTpxac", "requested_subtitles": null, "format_id": "251", "url": "https://r4---sn-5njj-u2xe.googlevideo.com/videoplayback?expire=1612426914&ei=QlobYM-hBJaFgQPv9bTYAQ&ip=140.109.135.76&id=o-AMdcZMcpmg75wjHcmLcler_UEamEcWRHJV02pgeBIFRq&itag=251&source=youtube&requiressl=yes&mh=JE&mm=31%2C29&mn=sn-5njj-u2xe%2Csn-un57sn7s&ms=au%2Crdu&mv=m&mvi=4&pl=16&pcm2=no&initcwndbps=487500&vprv=1&mime=audio%2Fwebm&ns=sQFMgFRw_aaVOCur2r3cVUwF&gir=yes&clen=2216358&dur=122.661&lmt=1540680384986268&mt=1612404299&fvip=4&keepalive=yes&c=WEB&txp=5411222&n=gA7sdWqFJ2bBkSX5F&sparams=expire%2Cei%2Cip%2Cid%2Citag%2Csource%2Crequiressl%2Cpcm2%2Cvprv%2Cmime%2Cns%2Cgir%2Cclen%2Cdur%2Clmt&sig=AOq0QJ8wRQIgG9Ffpu9k2RIYB8N5QAXpXWxPUE_bKNSb3KmdxyryZmcCIQC-ZEv1G6Z83cnb_11bVPNny9TGA3IGpzsXXQPcK9TXYQ%3D%3D&lsparams=mh%2Cmm%2Cmn%2Cms%2Cmv%2Cmvi%2Cpl%2Cinitcwndbps&lsig=AG3C_xAwRQIhANAqZ1lQL8Bp9cpdRll_PAJPvwmqo2kEGzP6zyME0rjsAiAYz0QlpJitWAZUezuX9CeX8Rk4XOAv9SGDhcMlRXTnrg%3D%3D&ratebypass=yes", "player_url": null, "ext": "webm", "format_note": "tiny", "acodec": "opus", "abr": 160, "asr": 48000, "filesize": 2216358, "fps": null, "height": null, "tbr": 167.543, "width": null, "vcodec": "none", "downloader_options": {"http_chunk_size": 10485760}, "format": "251 - audio only (tiny)", "protocol": "https", "http_headers": {"User-Agent": "Mozilla/5.0 (Windows NT 10.0; Win64; x64) AppleWebKit/537.36 (KHTML, like Gecko) Chrome/73.0.3664.4 Safari/537.36", "Accept-Charset": "ISO-8859-1,utf-8;q=0.7,*;q=0.7", "Accept": "text/html,application/xhtml+xml,application/xml;q=0.9,*/*;q=0.8", "Accept-Encoding": "gzip, deflate", "Accept-Language": "en-us,en;q=0.5"}}