{"id": "nrlDsuPAtcs", "uploader": "Arts & Crafts", "uploader_id": "artscrafts", "uploader_url": "http://www.youtube.com/user/artscrafts", "channel_id": "UCWIIjKRM3PXJi0SLQlwbF-g", "channel_url": "http://www.youtube.com/channel/UCWIIjKRM3PXJi0SLQlwbF-g", "upload_date": "20170111", "license": null, "creator": null, "title": "Jean-Michel Blais \"il\" (Official Video)", "alt_title": null, "thumbnails": [{"url": "https://i.ytimg.com/vi/nrlDsuPAtcs/hqdefault.jpg?sqp=-oaymwEbCKgBEF5IVfKriqkDDggBFQAAiEIYAXABwAEG&rs=AOn4CLAj0xNRcZ8PLcpK76u0VfslOVA93A", "width": 168, "height": 94, "resolution": "168x94", "id": "0"}, {"url": "https://i.ytimg.com/vi/nrlDsuPAtcs/hqdefault.jpg?sqp=-oaymwEbCMQBEG5IVfKriqkDDggBFQAAiEIYAXABwAEG&rs=AOn4CLC6vRRicOcOJJw8QbPLxqqsTuFaoQ", "width": 196, "height": 110, "resolution": "196x110", "id": "1"}, {"url": "https://i.ytimg.com/vi/nrlDsuPAtcs/hqdefault.jpg?sqp=-oaymwEcCPYBEIoBSFXyq4qpAw4IARUAAIhCGAFwAcABBg==&rs=AOn4CLBLRkxEhVadTN8Igg-FFxFV4faAOw", "width": 246, "height": 138, "resolution": "246x138", "id": "2"}, {"url": "https://i.ytimg.com/vi/nrlDsuPAtcs/hqdefault.jpg?sqp=-oaymwEcCNACELwBSFXyq4qpAw4IARUAAIhCGAFwAcABBg==&rs=AOn4CLDZcv12Vc6ToXOkIoter1s7Uum1Gg", "width": 336, "height": 188, "resolution": "336x188", "id": "3"}, {"url": "https://i.ytimg.com/vi_webp/nrlDsuPAtcs/maxresdefault.webp", "width": 1920, "height": 1080, "resolution": "1920x1080", "id": "4"}], "description": "Produced by DTO Films with the support of Le Fond Remstar.\n\nBuy/stream: http://smarturl.it/JeanMichelBlaisIl\n\nhttp://jeanmichelblais.com", "categories": ["Entertainment"], "tags": ["Jean-Michel Blais", "il", "Nils Frahm", "Chilly Gonzales", "Erik Satie", "Nostos", "CBC", "Jean-Michel Blais il", "Jean-Michel Blais CFCF", "Jean-Michel Blais Piano", "Piano music", "modern classical music", "neo-classical music", "music for studying", "classical music for studying", "haydn", "jean-michel blais nostos", "montreal piano", "quebec music", "solo piano", "ambient music", "steve reich", "classical music", "study music", "haydn piano", "montreal", "soundtrack music", "quebec piano", "classical music for relaxation", "piano"], "subtitles": {}, "automatic_captions": {}, "duration": 132, "age_limit": 0, "annotations": null, "chapters": null, "webpage_url": "https://www.youtube.com/watch?v=nrlDsuPAtcs", "view_count": 166819, "like_count": 2042, "dislike_count": 20, "average_rating": 4.9612026, "formats": [{"format_id": "249", "url": "https://r4---sn-5njj-u2xe.googlevideo.com/videoplayback?expire=1611764257&ei=wT0RYLqQFZKolQTK8KPABw&ip=140.109.135.76&id=o-ACtx-dXrDSf3N5fRTW-B_fXPiL1-cE_7FbtGPWqu-VQF&itag=249&source=youtube&requiressl=yes&mh=1B&mm=31%2C29&mn=sn-5njj-u2xe%2Csn-un57en7s&ms=au%2Crdu&mv=m&mvi=4&pl=16&initcwndbps=721250&vprv=1&mime=audio%2Fwebm&ns=EnU8Uk42QZ68fUgHvbB2l9EF&gir=yes&clen=858209&dur=132.261&lmt=1484162366699880&mt=1611742362&fvip=4&keepalive=yes&c=WEB&n=WfpxNM02af4eZTHMn3bL&sparams=expire%2Cei%2Cip%2Cid%2Citag%2Csource%2Crequiressl%2Cvprv%2Cmime%2Cns%2Cgir%2Cclen%2Cdur%2Clmt&sig=AOq0QJ8wRgIhAMPAZoVlU5UUJ-L1cZm0qZZOwU73hfmSe_3nFZIe5GuAAiEA4otMWe2F0kO5Ms-9SSYuCGUu9qOYPzOJ6pdnY7OqZJA%3D&lsparams=mh%2Cmm%2Cmn%2Cms%2Cmv%2Cmvi%2Cpl%2Cinitcwndbps&lsig=AG3C_xAwRQIgWY7M3-x5SoPVwohg-uji-hZ4kwMooSU86TH4xwum-1YCIQDnHBvWPqkyKeyLuEheV7LlFv0fh1V1UAN5XHh3ilPx3A%3D%3D&ratebypass=yes", "player_url": null, "ext": "webm", "format_note": "tiny", "acodec": "opus", "abr": 50, "asr": 48000, "filesize": 858209, "fps": null, "height": null, "tbr": 56.727, "width": null, "vcodec": "none", "downloader_options": {"http_chunk_size": 10485760}, "format": "249 - audio only (tiny)", "protocol": "https", "http_headers": {"User-Agent": "Mozilla/5.0 (Windows NT 10.0; Win64; x64) AppleWebKit/537.36 (KHTML, like Gecko) Chrome/72.0.3626.25 Safari/537.36", "Accept-Charset": "ISO-8859-1,utf-8;q=0.7,*;q=0.7", "Accept": "text/html,application/xhtml+xml,application/xml;q=0.9,*/*;q=0.8", "Accept-Encoding": "gzip, deflate", "Accept-Language": "en-us,en;q=0.5"}}, {"format_id": "250", "url": "https://r4---sn-5njj-u2xe.googlevideo.com/videoplayback?expire=1611764257&ei=wT0RYLqQFZKolQTK8KPABw&ip=140.109.135.76&id=o-ACtx-dXrDSf3N5fRTW-B_fXPiL1-cE_7FbtGPWqu-VQF&itag=250&source=youtube&requiressl=yes&mh=1B&mm=31%2C29&mn=sn-5njj-u2xe%2Csn-un57en7s&ms=au%2Crdu&mv=m&mvi=4&pl=16&initcwndbps=721250&vprv=1&mime=audio%2Fwebm&ns=EnU8Uk42QZ68fUgHvbB2l9EF&gir=yes&clen=1238115&dur=132.261&lmt=1484162354096333&mt=1611742362&fvip=4&keepalive=yes&c=WEB&n=WfpxNM02af4eZTHMn3bL&sparams=expire%2Cei%2Cip%2Cid%2Citag%2Csource%2Crequiressl%2Cvprv%2Cmime%2Cns%2Cgir%2Cclen%2Cdur%2Clmt&sig=AOq0QJ8wRgIhAJuS0zVNdZ9AQChUcn_uAwqycgXKkR9UjgNiLCa1wYOKAiEA9g4y870V5xxGOwswIMTnmMKJawUdN0CI6439ONzpbVs%3D&lsparams=mh%2Cmm%2Cmn%2Cms%2Cmv%2Cmvi%2Cpl%2Cinitcwndbps&lsig=AG3C_xAwRQIgWY7M3-x5SoPVwohg-uji-hZ4kwMooSU86TH4xwum-1YCIQDnHBvWPqkyKeyLuEheV7LlFv0fh1V1UAN5XHh3ilPx3A%3D%3D&ratebypass=yes", "player_url": null, "ext": "webm", "format_note": "tiny", "acodec": "opus", "abr": 70, "asr": 48000, "filesize": 1238115, "fps": null, "height": null, "tbr": 84.741, "width": null, "vcodec": "none", "downloader_options": {"http_chunk_size": 10485760}, "format": "250 - audio only (tiny)", "protocol": "https", "http_headers": {"User-Agent": "Mozilla/5.0 (Windows NT 10.0; Win64; x64) AppleWebKit/537.36 (KHTML, like Gecko) Chrome/72.0.3626.25 Safari/537.36", "Accept-Charset": "ISO-8859-1,utf-8;q=0.7,*;q=0.7", "Accept": "text/html,application/xhtml+xml,application/xml;q=0.9,*/*;q=0.8", "Accept-Encoding": "gzip, deflate", "Accept-Language": "en-us,en;q=0.5"}}, {"format_id": "140", "url": "https://r4---sn-5njj-u2xe.googlevideo.com/videoplayback?expire=1611764257&ei=wT0RYLqQFZKolQTK8KPABw&ip=140.109.135.76&id=o-ACtx-dXrDSf3N5fRTW-B_fXPiL1-cE_7FbtGPWqu-VQF&itag=140&source=youtube&requiressl=yes&mh=1B&mm=31%2C29&mn=sn-5njj-u2xe%2Csn-un57en7s&ms=au%2Crdu&mv=m&mvi=4&pl=16&initcwndbps=721250&vprv=1&mime=audio%2Fmp4&ns=EnU8Uk42QZ68fUgHvbB2l9EF&gir=yes&clen=2102070&dur=132.307&lmt=1484302131520454&mt=1611742362&fvip=4&keepalive=yes&c=WEB&n=WfpxNM02af4eZTHMn3bL&sparams=expire%2Cei%2Cip%2Cid%2Citag%2Csource%2Crequiressl%2Cvprv%2Cmime%2Cns%2Cgir%2Cclen%2Cdur%2Clmt&sig=AOq0QJ8wRgIhAKvU3OuDC5MBYdFjCz_Q3uhMrd8eI1LaN-4gQoH5WWqIAiEAyR2WvIDIviOYqbMFrNzzxLukZZchjjxQB18mtAxIxzY%3D&lsparams=mh%2Cmm%2Cmn%2Cms%2Cmv%2Cmvi%2Cpl%2Cinitcwndbps&lsig=AG3C_xAwRQIgWY7M3-x5SoPVwohg-uji-hZ4kwMooSU86TH4xwum-1YCIQDnHBvWPqkyKeyLuEheV7LlFv0fh1V1UAN5XHh3ilPx3A%3D%3D&ratebypass=yes", "player_url": null, "ext": "m4a", "format_note": "tiny", "acodec": "mp4a.40.2", "abr": 128, "container": "m4a_dash", "asr": 44100, "filesize": 2102070, "fps": null, "height": null, "tbr": 127.912, "width": null, "vcodec": "none", "downloader_options": {"http_chunk_size": 10485760}, "format": "140 - audio only (tiny)", "protocol": "https", "http_headers": {"User-Agent": "Mozilla/5.0 (Windows NT 10.0; Win64; x64) AppleWebKit/537.36 (KHTML, like Gecko) Chrome/72.0.3626.25 Safari/537.36", "Accept-Charset": "ISO-8859-1,utf-8;q=0.7,*;q=0.7", "Accept": "text/html,application/xhtml+xml,application/xml;q=0.9,*/*;q=0.8", "Accept-Encoding": "gzip, deflate", "Accept-Language": "en-us,en;q=0.5"}}, {"format_id": "251", "url": "https://r4---sn-5njj-u2xe.googlevideo.com/videoplayback?expire=1611764257&ei=wT0RYLqQFZKolQTK8KPABw&ip=140.109.135.76&id=o-ACtx-dXrDSf3N5fRTW-B_fXPiL1-cE_7FbtGPWqu-VQF&itag=251&source=youtube&requiressl=yes&mh=1B&mm=31%2C29&mn=sn-5njj-u2xe%2Csn-un57en7s&ms=au%2Crdu&mv=m&mvi=4&pl=16&initcwndbps=721250&vprv=1&mime=audio%2Fwebm&ns=EnU8Uk42QZ68fUgHvbB2l9EF&gir=yes&clen=2373308&dur=132.261&lmt=1484162367505407&mt=1611742362&fvip=4&keepalive=yes&c=WEB&n=WfpxNM02af4eZTHMn3bL&sparams=expire%2Cei%2Cip%2Cid%2Citag%2Csource%2Crequiressl%2Cvprv%2Cmime%2Cns%2Cgir%2Cclen%2Cdur%2Clmt&sig=AOq0QJ8wRQIhALjZ1K7wPy5_iPq7fHo4jO6bKzJ5Jpwmyaay0scnieM_AiAOyEIoAJDOcsgU1N8QOzNYv_58_QmNXLclJ3lylhWPew%3D%3D&lsparams=mh%2Cmm%2Cmn%2Cms%2Cmv%2Cmvi%2Cpl%2Cinitcwndbps&lsig=AG3C_xAwRQIgWY7M3-x5SoPVwohg-uji-hZ4kwMooSU86TH4xwum-1YCIQDnHBvWPqkyKeyLuEheV7LlFv0fh1V1UAN5XHh3ilPx3A%3D%3D&ratebypass=yes", "player_url": null, "ext": "webm", "format_note": "tiny", "acodec": "opus", "abr": 160, "asr": 48000, "filesize": 2373308, "fps": null, "height": null, "tbr": 161.204, "width": null, "vcodec": "none", "downloader_options": {"http_chunk_size": 10485760}, "format": "251 - audio only (tiny)", "protocol": "https", "http_headers": {"User-Agent": "Mozilla/5.0 (Windows NT 10.0; Win64; x64) AppleWebKit/537.36 (KHTML, like Gecko) Chrome/72.0.3626.25 Safari/537.36", "Accept-Charset": "ISO-8859-1,utf-8;q=0.7,*;q=0.7", "Accept": "text/html,application/xhtml+xml,application/xml;q=0.9,*/*;q=0.8", "Accept-Encoding": "gzip, deflate", "Accept-Language": "en-us,en;q=0.5"}}, {"format_id": "278", "url": "https://r4---sn-5njj-u2xe.googlevideo.com/videoplayback?expire=1611764257&ei=wT0RYLqQFZKolQTK8KPABw&ip=140.109.135.76&id=o-ACtx-dXrDSf3N5fRTW-B_fXPiL1-cE_7FbtGPWqu-VQF&itag=278&aitags=133%2C134%2C135%2C136%2C137%2C160%2C242%2C243%2C244%2C247%2C248%2C278&source=youtube&requiressl=yes&mh=1B&mm=31%2C29&mn=sn-5njj-u2xe%2Csn-un57en7s&ms=au%2Crdu&mv=m&mvi=4&pl=16&initcwndbps=721250&vprv=1&mime=video%2Fwebm&ns=EnU8Uk42QZ68fUgHvbB2l9EF&gir=yes&clen=915810&dur=132.215&lmt=1484162168194875&mt=1611742362&fvip=4&keepalive=yes&c=WEB&n=WfpxNM02af4eZTHMn3bL&sparams=expire%2Cei%2Cip%2Cid%2Caitags%2Csource%2Crequiressl%2Cvprv%2Cmime%2Cns%2Cgir%2Cclen%2Cdur%2Clmt&sig=AOq0QJ8wRAIgegugOSzLRRgEQ19Zb85OBBzI7XSazvLNKHsdpMlPwBgCIFMnhUoM7CTR8RjLrzT9FXVoI6r-6G__GcMnOHg1s3OX&lsparams=mh%2Cmm%2Cmn%2Cms%2Cmv%2Cmvi%2Cpl%2Cinitcwndbps&lsig=AG3C_xAwRQIgWY7M3-x5SoPVwohg-uji-hZ4kwMooSU86TH4xwum-1YCIQDnHBvWPqkyKeyLuEheV7LlFv0fh1V1UAN5XHh3ilPx3A%3D%3D&ratebypass=yes", "player_url": null, "ext": "webm", "height": 108, "format_note": "144p", "container": "webm", "vcodec": "vp9", "asr": null, "filesize": 915810, "fps": 24, "tbr": 73.236, "width": 256, "acodec": "none", "downloader_options": {"http_chunk_size": 10485760}, "format": "278 - 256x108 (144p)", "protocol": "https", "http_headers": {"User-Agent": "Mozilla/5.0 (Windows NT 10.0; Win64; x64) AppleWebKit/537.36 (KHTML, like Gecko) Chrome/72.0.3626.25 Safari/537.36", "Accept-Charset": "ISO-8859-1,utf-8;q=0.7,*;q=0.7", "Accept": "text/html,application/xhtml+xml,application/xml;q=0.9,*/*;q=0.8", "Accept-Encoding": "gzip, deflate", "Accept-Language": "en-us,en;q=0.5"}}, {"format_id": "160", "url": "https://r4---sn-5njj-u2xe.googlevideo.com/videoplayback?expire=1611764257&ei=wT0RYLqQFZKolQTK8KPABw&ip=140.109.135.76&id=o-ACtx-dXrDSf3N5fRTW-B_fXPiL1-cE_7FbtGPWqu-VQF&itag=160&aitags=133%2C134%2C135%2C136%2C137%2C160%2C242%2C243%2C244%2C247%2C248%2C278&source=youtube&requiressl=yes&mh=1B&mm=31%2C29&mn=sn-5njj-u2xe%2Csn-un57en7s&ms=au%2Crdu&mv=m&mvi=4&pl=16&initcwndbps=721250&vprv=1&mime=video%2Fmp4&ns=EnU8Uk42QZ68fUgHvbB2l9EF&gir=yes&clen=1357635&dur=132.257&lmt=1484302188275173&mt=1611742362&fvip=4&keepalive=yes&c=WEB&n=WfpxNM02af4eZTHMn3bL&sparams=expire%2Cei%2Cip%2Cid%2Caitags%2Csource%2Crequiressl%2Cvprv%2Cmime%2Cns%2Cgir%2Cclen%2Cdur%2Clmt&sig=AOq0QJ8wRAIgNoYl0JKLH-Ej5L21QBh2fLBap8NzmjLpP3p7hqiRpi0CIBreyRQj2WPN7B65b_bESJ1hBbkkKqfxGIwjCzVfgtsl&lsparams=mh%2Cmm%2Cmn%2Cms%2Cmv%2Cmvi%2Cpl%2Cinitcwndbps&lsig=AG3C_xAwRQIgWY7M3-x5SoPVwohg-uji-hZ4kwMooSU86TH4xwum-1YCIQDnHBvWPqkyKeyLuEheV7LlFv0fh1V1UAN5XHh3ilPx3A%3D%3D&ratebypass=yes", "player_url": null, "ext": "mp4", "height": 108, "format_note": "144p", "vcodec": "avc1.4d400b", "asr": null, "filesize": 1357635, "fps": 24, "tbr": 85.875, "width": 256, "acodec": "none", "downloader_options": {"http_chunk_size": 10485760}, "format": "160 - 256x108 (144p)", "protocol": "https", "http_headers": {"User-Agent": "Mozilla/5.0 (Windows NT 10.0; Win64; x64) AppleWebKit/537.36 (KHTML, like Gecko) Chrome/72.0.3626.25 Safari/537.36", "Accept-Charset": "ISO-8859-1,utf-8;q=0.7,*;q=0.7", "Accept": "text/html,application/xhtml+xml,application/xml;q=0.9,*/*;q=0.8", "Accept-Encoding": "gzip, deflate", "Accept-Language": "en-us,en;q=0.5"}}, {"format_id": "242", "url": "https://r4---sn-5njj-u2xe.googlevideo.com/videoplayback?expire=1611764257&ei=wT0RYLqQFZKolQTK8KPABw&ip=140.109.135.76&id=o-ACtx-dXrDSf3N5fRTW-B_fXPiL1-cE_7FbtGPWqu-VQF&itag=242&aitags=133%2C134%2C135%2C136%2C137%2C160%2C242%2C243%2C244%2C247%2C248%2C278&source=youtube&requiressl=yes&mh=1B&mm=31%2C29&mn=sn-5njj-u2xe%2Csn-un57en7s&ms=au%2Crdu&mv=m&mvi=4&pl=16&initcwndbps=721250&vprv=1&mime=video%2Fwebm&ns=EnU8Uk42QZ68fUgHvbB2l9EF&gir=yes&clen=1137877&dur=132.215&lmt=1484162168389517&mt=1611742362&fvip=4&keepalive=yes&c=WEB&n=WfpxNM02af4eZTHMn3bL&sparams=expire%2Cei%2Cip%2Cid%2Caitags%2Csource%2Crequiressl%2Cvprv%2Cmime%2Cns%2Cgir%2Cclen%2Cdur%2Clmt&sig=AOq0QJ8wRAIgNMEBukIx0VADyy_zRJ5Ycj7eR7quJ6DYwG6WRFg0zS4CICsLAqChFaDkXYya3LAFcfbxRQjlR1k4rNaYWY-T_T6Q&lsparams=mh%2Cmm%2Cmn%2Cms%2Cmv%2Cmvi%2Cpl%2Cinitcwndbps&lsig=AG3C_xAwRQIgWY7M3-x5SoPVwohg-uji-hZ4kwMooSU86TH4xwum-1YCIQDnHBvWPqkyKeyLuEheV7LlFv0fh1V1UAN5XHh3ilPx3A%3D%3D&ratebypass=yes", "player_url": null, "ext": "webm", "height": 178, "format_note": "240p", "vcodec": "vp9", "asr": null, "filesize": 1137877, "fps": 24, "tbr": 168.53, "width": 426, "acodec": "none", "downloader_options": {"http_chunk_size": 10485760}, "format": "242 - 426x178 (240p)", "protocol": "https", "http_headers": {"User-Agent": "Mozilla/5.0 (Windows NT 10.0; Win64; x64) AppleWebKit/537.36 (KHTML, like Gecko) Chrome/72.0.3626.25 Safari/537.36", "Accept-Charset": "ISO-8859-1,utf-8;q=0.7,*;q=0.7", "Accept": "text/html,application/xhtml+xml,application/xml;q=0.9,*/*;q=0.8", "Accept-Encoding": "gzip, deflate", "Accept-Language": "en-us,en;q=0.5"}}, {"format_id": "133", "url": "https://r4---sn-5njj-u2xe.googlevideo.com/videoplayback?expire=1611764257&ei=wT0RYLqQFZKolQTK8KPABw&ip=140.109.135.76&id=o-ACtx-dXrDSf3N5fRTW-B_fXPiL1-cE_7FbtGPWqu-VQF&itag=133&aitags=133%2C134%2C135%2C136%2C137%2C160%2C242%2C243%2C244%2C247%2C248%2C278&source=youtube&requiressl=yes&mh=1B&mm=31%2C29&mn=sn-5njj-u2xe%2Csn-un57en7s&ms=au%2Crdu&mv=m&mvi=4&pl=16&initcwndbps=721250&vprv=1&mime=video%2Fmp4&ns=EnU8Uk42QZ68fUgHvbB2l9EF&gir=yes&clen=2938609&dur=132.257&lmt=1484302188384667&mt=1611742362&fvip=4&keepalive=yes&c=WEB&n=WfpxNM02af4eZTHMn3bL&sparams=expire%2Cei%2Cip%2Cid%2Caitags%2Csource%2Crequiressl%2Cvprv%2Cmime%2Cns%2Cgir%2Cclen%2Cdur%2Clmt&sig=AOq0QJ8wRgIhAJv194rDMP0rUlyhgZkkJDfNAlWlhCpw8PZ167IHtrbeAiEA6sRGJagUFPyjojHp2yzAbOOEOLUITuGtclKB4vyBy-k%3D&lsparams=mh%2Cmm%2Cmn%2Cms%2Cmv%2Cmvi%2Cpl%2Cinitcwndbps&lsig=AG3C_xAwRQIgWY7M3-x5SoPVwohg-uji-hZ4kwMooSU86TH4xwum-1YCIQDnHBvWPqkyKeyLuEheV7LlFv0fh1V1UAN5XHh3ilPx3A%3D%3D&ratebypass=yes", "player_url": null, "ext": "mp4", "height": 178, "format_note": "240p", "vcodec": "avc1.4d400d", "asr": null, "filesize": 2938609, "fps": 24, "tbr": 184.656, "width": 426, "acodec": "none", "downloader_options": {"http_chunk_size": 10485760}, "format": "133 - 426x178 (240p)", "protocol": "https", "http_headers": {"User-Agent": "Mozilla/5.0 (Windows NT 10.0; Win64; x64) AppleWebKit/537.36 (KHTML, like Gecko) Chrome/72.0.3626.25 Safari/537.36", "Accept-Charset": "ISO-8859-1,utf-8;q=0.7,*;q=0.7", "Accept": "text/html,application/xhtml+xml,application/xml;q=0.9,*/*;q=0.8", "Accept-Encoding": "gzip, deflate", "Accept-Language": "en-us,en;q=0.5"}}, {"format_id": "243", "url": "https://r4---sn-5njj-u2xe.googlevideo.com/videoplayback?expire=1611764257&ei=wT0RYLqQFZKolQTK8KPABw&ip=140.109.135.76&id=o-ACtx-dXrDSf3N5fRTW-B_fXPiL1-cE_7FbtGPWqu-VQF&itag=243&aitags=133%2C134%2C135%2C136%2C137%2C160%2C242%2C243%2C244%2C247%2C248%2C278&source=youtube&requiressl=yes&mh=1B&mm=31%2C29&mn=sn-5njj-u2xe%2Csn-un57en7s&ms=au%2Crdu&mv=m&mvi=4&pl=16&initcwndbps=721250&vprv=1&mime=video%2Fwebm&ns=EnU8Uk42QZ68fUgHvbB2l9EF&gir=yes&clen=2011983&dur=132.215&lmt=1484162167443563&mt=1611742362&fvip=4&keepalive=yes&c=WEB&n=WfpxNM02af4eZTHMn3bL&sparams=expire%2Cei%2Cip%2Cid%2Caitags%2Csource%2Crequiressl%2Cvprv%2Cmime%2Cns%2Cgir%2Cclen%2Cdur%2Clmt&sig=AOq0QJ8wRQIgJ0RsI-6m8YJ_nFjxnV_9UxyqckBLXLPxzimYjQ1tbA0CIQCTCJJF0G9I7HuWUz3grxBSMGqtRemKkpOxaXya1rVXCA%3D%3D&lsparams=mh%2Cmm%2Cmn%2Cms%2Cmv%2Cmvi%2Cpl%2Cinitcwndbps&lsig=AG3C_xAwRQIgWY7M3-x5SoPVwohg-uji-hZ4kwMooSU86TH4xwum-1YCIQDnHBvWPqkyKeyLuEheV7LlFv0fh1V1UAN5XHh3ilPx3A%3D%3D&ratebypass=yes", "player_url": null, "ext": "webm", "height": 268, "format_note": "360p", "vcodec": "vp9", "asr": null, "filesize": 2011983, "fps": 24, "tbr": 326.863, "width": 640, "acodec": "none", "downloader_options": {"http_chunk_size": 10485760}, "format": "243 - 640x268 (360p)", "protocol": "https", "http_headers": {"User-Agent": "Mozilla/5.0 (Windows NT 10.0; Win64; x64) AppleWebKit/537.36 (KHTML, like Gecko) Chrome/72.0.3626.25 Safari/537.36", "Accept-Charset": "ISO-8859-1,utf-8;q=0.7,*;q=0.7", "Accept": "text/html,application/xhtml+xml,application/xml;q=0.9,*/*;q=0.8", "Accept-Encoding": "gzip, deflate", "Accept-Language": "en-us,en;q=0.5"}}, {"format_id": "134", "url": "https://r4---sn-5njj-u2xe.googlevideo.com/videoplayback?expire=1611764257&ei=wT0RYLqQFZKolQTK8KPABw&ip=140.109.135.76&id=o-ACtx-dXrDSf3N5fRTW-B_fXPiL1-cE_7FbtGPWqu-VQF&itag=134&aitags=133%2C134%2C135%2C136%2C137%2C160%2C242%2C243%2C244%2C247%2C248%2C278&source=youtube&requiressl=yes&mh=1B&mm=31%2C29&mn=sn-5njj-u2xe%2Csn-un57en7s&ms=au%2Crdu&mv=m&mvi=4&pl=16&initcwndbps=721250&vprv=1&mime=video%2Fmp4&ns=EnU8Uk42QZ68fUgHvbB2l9EF&gir=yes&clen=2782611&dur=132.257&lmt=1484302188475342&mt=1611742362&fvip=4&keepalive=yes&c=WEB&n=WfpxNM02af4eZTHMn3bL&sparams=expire%2Cei%2Cip%2Cid%2Caitags%2Csource%2Crequiressl%2Cvprv%2Cmime%2Cns%2Cgir%2Cclen%2Cdur%2Clmt&sig=AOq0QJ8wRgIhAMP7YLLLJ3z24UPjP7Fex-g-fGwVF76yqqLBbjSMsX1DAiEA13UOp8FZzlipbuh2DtuR43T1wwfMkPP-jfQi6gsPWuk%3D&lsparams=mh%2Cmm%2Cmn%2Cms%2Cmv%2Cmvi%2Cpl%2Cinitcwndbps&lsig=AG3C_xAwRQIgWY7M3-x5SoPVwohg-uji-hZ4kwMooSU86TH4xwum-1YCIQDnHBvWPqkyKeyLuEheV7LlFv0fh1V1UAN5XHh3ilPx3A%3D%3D&ratebypass=yes", "player_url": null, "ext": "mp4", "height": 268, "format_note": "360p", "vcodec": "avc1.4d4015", "asr": null, "filesize": 2782611, "fps": 24, "tbr": 475.061, "width": 640, "acodec": "none", "downloader_options": {"http_chunk_size": 10485760}, "format": "134 - 640x268 (360p)", "protocol": "https", "http_headers": {"User-Agent": "Mozilla/5.0 (Windows NT 10.0; Win64; x64) AppleWebKit/537.36 (KHTML, like Gecko) Chrome/72.0.3626.25 Safari/537.36", "Accept-Charset": "ISO-8859-1,utf-8;q=0.7,*;q=0.7", "Accept": "text/html,application/xhtml+xml,application/xml;q=0.9,*/*;q=0.8", "Accept-Encoding": "gzip, deflate", "Accept-Language": "en-us,en;q=0.5"}}, {"format_id": "244", "url": "https://r4---sn-5njj-u2xe.googlevideo.com/videoplayback?expire=1611764257&ei=wT0RYLqQFZKolQTK8KPABw&ip=140.109.135.76&id=o-ACtx-dXrDSf3N5fRTW-B_fXPiL1-cE_7FbtGPWqu-VQF&itag=244&aitags=133%2C134%2C135%2C136%2C137%2C160%2C242%2C243%2C244%2C247%2C248%2C278&source=youtube&requiressl=yes&mh=1B&mm=31%2C29&mn=sn-5njj-u2xe%2Csn-un57en7s&ms=au%2Crdu&mv=m&mvi=4&pl=16&initcwndbps=721250&vprv=1&mime=video%2Fwebm&ns=EnU8Uk42QZ68fUgHvbB2l9EF&gir=yes&clen=3437307&dur=132.215&lmt=1484162168684814&mt=1611742362&fvip=4&keepalive=yes&c=WEB&n=WfpxNM02af4eZTHMn3bL&sparams=expire%2Cei%2Cip%2Cid%2Caitags%2Csource%2Crequiressl%2Cvprv%2Cmime%2Cns%2Cgir%2Cclen%2Cdur%2Clmt&sig=AOq0QJ8wRgIhAL7XKNpOAUyrzPN4jntBKWNvwv0PibgRLCCjwcRtJgbJAiEA0Gz9KJRHmmtmWY9ItMwRozjorS8fbAmCkb0VUtP78L4%3D&lsparams=mh%2Cmm%2Cmn%2Cms%2Cmv%2Cmvi%2Cpl%2Cinitcwndbps&lsig=AG3C_xAwRQIgWY7M3-x5SoPVwohg-uji-hZ4kwMooSU86TH4xwum-1YCIQDnHBvWPqkyKeyLuEheV7LlFv0fh1V1UAN5XHh3ilPx3A%3D%3D&ratebypass=yes", "player_url": null, "ext": "webm", "height": 358, "format_note": "480p", "vcodec": "vp9", "asr": null, "filesize": 3437307, "fps": 24, "tbr": 615.857, "width": 854, "acodec": "none", "downloader_options": {"http_chunk_size": 10485760}, "format": "244 - 854x358 (480p)", "protocol": "https", "http_headers": {"User-Agent": "Mozilla/5.0 (Windows NT 10.0; Win64; x64) AppleWebKit/537.36 (KHTML, like Gecko) Chrome/72.0.3626.25 Safari/537.36", "Accept-Charset": "ISO-8859-1,utf-8;q=0.7,*;q=0.7", "Accept": "text/html,application/xhtml+xml,application/xml;q=0.9,*/*;q=0.8", "Accept-Encoding": "gzip, deflate", "Accept-Language": "en-us,en;q=0.5"}}, {"format_id": "135", "url": "https://r4---sn-5njj-u2xe.googlevideo.com/videoplayback?expire=1611764257&ei=wT0RYLqQFZKolQTK8KPABw&ip=140.109.135.76&id=o-ACtx-dXrDSf3N5fRTW-B_fXPiL1-cE_7FbtGPWqu-VQF&itag=135&aitags=133%2C134%2C135%2C136%2C137%2C160%2C242%2C243%2C244%2C247%2C248%2C278&source=youtube&requiressl=yes&mh=1B&mm=31%2C29&mn=sn-5njj-u2xe%2Csn-un57en7s&ms=au%2Crdu&mv=m&mvi=4&pl=16&initcwndbps=721250&vprv=1&mime=video%2Fmp4&ns=EnU8Uk42QZ68fUgHvbB2l9EF&gir=yes&clen=5923225&dur=132.257&lmt=1484302188711960&mt=1611742362&fvip=4&keepalive=yes&c=WEB&n=WfpxNM02af4eZTHMn3bL&sparams=expire%2Cei%2Cip%2Cid%2Caitags%2Csource%2Crequiressl%2Cvprv%2Cmime%2Cns%2Cgir%2Cclen%2Cdur%2Clmt&sig=AOq0QJ8wRAIgHMvNQJEs0tLf12fYLUHB4GjiBIpXqHrr1kZIQY-rc-oCIDtCmtGCxifnFfC5SVUUbegr3mmLuK_9bDAIWPgAhVBU&lsparams=mh%2Cmm%2Cmn%2Cms%2Cmv%2Cmvi%2Cpl%2Cinitcwndbps&lsig=AG3C_xAwRQIgWY7M3-x5SoPVwohg-uji-hZ4kwMooSU86TH4xwum-1YCIQDnHBvWPqkyKeyLuEheV7LlFv0fh1V1UAN5XHh3ilPx3A%3D%3D&ratebypass=yes", "player_url": null, "ext": "mp4", "height": 358, "format_note": "480p", "vcodec": "avc1.4d401e", "asr": null, "filesize": 5923225, "fps": 24, "tbr": 863.471, "width": 854, "acodec": "none", "downloader_options": {"http_chunk_size": 10485760}, "format": "135 - 854x358 (480p)", "protocol": "https", "http_headers": {"User-Agent": "Mozilla/5.0 (Windows NT 10.0; Win64; x64) AppleWebKit/537.36 (KHTML, like Gecko) Chrome/72.0.3626.25 Safari/537.36", "Accept-Charset": "ISO-8859-1,utf-8;q=0.7,*;q=0.7", "Accept": "text/html,application/xhtml+xml,application/xml;q=0.9,*/*;q=0.8", "Accept-Encoding": "gzip, deflate", "Accept-Language": "en-us,en;q=0.5"}}, {"format_id": "247", "url": "https://r4---sn-5njj-u2xe.googlevideo.com/videoplayback?expire=1611764257&ei=wT0RYLqQFZKolQTK8KPABw&ip=140.109.135.76&id=o-ACtx-dXrDSf3N5fRTW-B_fXPiL1-cE_7FbtGPWqu-VQF&itag=247&aitags=133%2C134%2C135%2C136%2C137%2C160%2C242%2C243%2C244%2C247%2C248%2C278&source=youtube&requiressl=yes&mh=1B&mm=31%2C29&mn=sn-5njj-u2xe%2Csn-un57en7s&ms=au%2Crdu&mv=m&mvi=4&pl=16&initcwndbps=721250&vprv=1&mime=video%2Fwebm&ns=EnU8Uk42QZ68fUgHvbB2l9EF&gir=yes&clen=7216393&dur=132.215&lmt=1484162169495499&mt=1611742362&fvip=4&keepalive=yes&c=WEB&n=WfpxNM02af4eZTHMn3bL&sparams=expire%2Cei%2Cip%2Cid%2Caitags%2Csource%2Crequiressl%2Cvprv%2Cmime%2Cns%2Cgir%2Cclen%2Cdur%2Clmt&sig=AOq0QJ8wRQIhAOv2sF2hSiGcicId_Y3ZBqJLz2Eg9dKI_omD5CCbTzAeAiB5evr3OVyIZGLbej80bzkApOIZ85M9jj2AJe5-WnjL0A%3D%3D&lsparams=mh%2Cmm%2Cmn%2Cms%2Cmv%2Cmvi%2Cpl%2Cinitcwndbps&lsig=AG3C_xAwRQIgWY7M3-x5SoPVwohg-uji-hZ4kwMooSU86TH4xwum-1YCIQDnHBvWPqkyKeyLuEheV7LlFv0fh1V1UAN5XHh3ilPx3A%3D%3D&ratebypass=yes", "player_url": null, "ext": "webm", "height": 536, "format_note": "720p", "vcodec": "vp9", "asr": null, "filesize": 7216393, "fps": 24, "tbr": 1254.829, "width": 1280, "acodec": "none", "downloader_options": {"http_chunk_size": 10485760}, "format": "247 - 1280x536 (720p)", "protocol": "https", "http_headers": {"User-Agent": "Mozilla/5.0 (Windows NT 10.0; Win64; x64) AppleWebKit/537.36 (KHTML, like Gecko) Chrome/72.0.3626.25 Safari/537.36", "Accept-Charset": "ISO-8859-1,utf-8;q=0.7,*;q=0.7", "Accept": "text/html,application/xhtml+xml,application/xml;q=0.9,*/*;q=0.8", "Accept-Encoding": "gzip, deflate", "Accept-Language": "en-us,en;q=0.5"}}, {"format_id": "136", "url": "https://r4---sn-5njj-u2xe.googlevideo.com/videoplayback?expire=1611764257&ei=wT0RYLqQFZKolQTK8KPABw&ip=140.109.135.76&id=o-ACtx-dXrDSf3N5fRTW-B_fXPiL1-cE_7FbtGPWqu-VQF&itag=136&aitags=133%2C134%2C135%2C136%2C137%2C160%2C242%2C243%2C244%2C247%2C248%2C278&source=youtube&requiressl=yes&mh=1B&mm=31%2C29&mn=sn-5njj-u2xe%2Csn-un57en7s&ms=au%2Crdu&mv=m&mvi=4&pl=16&initcwndbps=721250&vprv=1&mime=video%2Fmp4&ns=EnU8Uk42QZ68fUgHvbB2l9EF&gir=yes&clen=11329481&dur=132.257&lmt=1484302188574396&mt=1611742362&fvip=4&keepalive=yes&c=WEB&n=WfpxNM02af4eZTHMn3bL&sparams=expire%2Cei%2Cip%2Cid%2Caitags%2Csource%2Crequiressl%2Cvprv%2Cmime%2Cns%2Cgir%2Cclen%2Cdur%2Clmt&sig=AOq0QJ8wRgIhAIEBd-Mrd5tMsEdTFZ3IRgmxnwy1Ue9QlJkCs3EQgEE6AiEArbYpyqNy5W7pQypjUIPrwNkjYKxq7mfHuXJUkDPtO6g%3D&lsparams=mh%2Cmm%2Cmn%2Cms%2Cmv%2Cmvi%2Cpl%2Cinitcwndbps&lsig=AG3C_xAwRQIgWY7M3-x5SoPVwohg-uji-hZ4kwMooSU86TH4xwum-1YCIQDnHBvWPqkyKeyLuEheV7LlFv0fh1V1UAN5XHh3ilPx3A%3D%3D&ratebypass=yes", "player_url": null, "ext": "mp4", "height": 536, "format_note": "720p", "vcodec": "avc1.4d401f", "asr": null, "filesize": 11329481, "fps": 24, "tbr": 1734.442, "width": 1280, "acodec": "none", "downloader_options": {"http_chunk_size": 10485760}, "format": "136 - 1280x536 (720p)", "protocol": "https", "http_headers": {"User-Agent": "Mozilla/5.0 (Windows NT 10.0; Win64; x64) AppleWebKit/537.36 (KHTML, like Gecko) Chrome/72.0.3626.25 Safari/537.36", "Accept-Charset": "ISO-8859-1,utf-8;q=0.7,*;q=0.7", "Accept": "text/html,application/xhtml+xml,application/xml;q=0.9,*/*;q=0.8", "Accept-Encoding": "gzip, deflate", "Accept-Language": "en-us,en;q=0.5"}}, {"format_id": "248", "url": "https://r4---sn-5njj-u2xe.googlevideo.com/videoplayback?expire=1611764257&ei=wT0RYLqQFZKolQTK8KPABw&ip=140.109.135.76&id=o-ACtx-dXrDSf3N5fRTW-B_fXPiL1-cE_7FbtGPWqu-VQF&itag=248&aitags=133%2C134%2C135%2C136%2C137%2C160%2C242%2C243%2C244%2C247%2C248%2C278&source=youtube&requiressl=yes&mh=1B&mm=31%2C29&mn=sn-5njj-u2xe%2Csn-un57en7s&ms=au%2Crdu&mv=m&mvi=4&pl=16&initcwndbps=721250&vprv=1&mime=video%2Fwebm&ns=EnU8Uk42QZ68fUgHvbB2l9EF&gir=yes&clen=14332313&dur=132.215&lmt=1484161973313593&mt=1611742362&fvip=4&keepalive=yes&c=WEB&n=WfpxNM02af4eZTHMn3bL&sparams=expire%2Cei%2Cip%2Cid%2Caitags%2Csource%2Crequiressl%2Cvprv%2Cmime%2Cns%2Cgir%2Cclen%2Cdur%2Clmt&sig=AOq0QJ8wRgIhAPF8mbDVvCCjXSWyRjg82Ijkpp4guJBe-L5wWposZx48AiEA0DSH0q0RiBIHsQzKI9EZH5qoweaX3rThP720UQMXPSc%3D&lsparams=mh%2Cmm%2Cmn%2Cms%2Cmv%2Cmvi%2Cpl%2Cinitcwndbps&lsig=AG3C_xAwRQIgWY7M3-x5SoPVwohg-uji-hZ4kwMooSU86TH4xwum-1YCIQDnHBvWPqkyKeyLuEheV7LlFv0fh1V1UAN5XHh3ilPx3A%3D%3D&ratebypass=yes", "player_url": null, "ext": "webm", "height": 804, "format_note": "1080p", "vcodec": "vp9", "asr": null, "filesize": 14332313, "fps": 24, "tbr": 2223.286, "width": 1920, "acodec": "none", "downloader_options": {"http_chunk_size": 10485760}, "format": "248 - 1920x804 (1080p)", "protocol": "https", "http_headers": {"User-Agent": "Mozilla/5.0 (Windows NT 10.0; Win64; x64) AppleWebKit/537.36 (KHTML, like Gecko) Chrome/72.0.3626.25 Safari/537.36", "Accept-Charset": "ISO-8859-1,utf-8;q=0.7,*;q=0.7", "Accept": "text/html,application/xhtml+xml,application/xml;q=0.9,*/*;q=0.8", "Accept-Encoding": "gzip, deflate", "Accept-Language": "en-us,en;q=0.5"}}, {"format_id": "137", "url": "https://r4---sn-5njj-u2xe.googlevideo.com/videoplayback?expire=1611764257&ei=wT0RYLqQFZKolQTK8KPABw&ip=140.109.135.76&id=o-ACtx-dXrDSf3N5fRTW-B_fXPiL1-cE_7FbtGPWqu-VQF&itag=137&aitags=133%2C134%2C135%2C136%2C137%2C160%2C242%2C243%2C244%2C247%2C248%2C278&source=youtube&requiressl=yes&mh=1B&mm=31%2C29&mn=sn-5njj-u2xe%2Csn-un57en7s&ms=au%2Crdu&mv=m&mvi=4&pl=16&initcwndbps=721250&vprv=1&mime=video%2Fmp4&ns=EnU8Uk42QZ68fUgHvbB2l9EF&gir=yes&clen=22273028&dur=132.257&lmt=1484302168746788&mt=1611742362&fvip=4&keepalive=yes&c=WEB&n=WfpxNM02af4eZTHMn3bL&sparams=expire%2Cei%2Cip%2Cid%2Caitags%2Csource%2Crequiressl%2Cvprv%2Cmime%2Cns%2Cgir%2Cclen%2Cdur%2Clmt&sig=AOq0QJ8wRQIhAOTU0M3BA66Em-VRxRxNpYwM8rT0HGTu760HTlyCYU9eAiAjDu1NkttabzJb48LvTFp9wkmuKbIQbmhqp8XhXIzY_A%3D%3D&lsparams=mh%2Cmm%2Cmn%2Cms%2Cmv%2Cmvi%2Cpl%2Cinitcwndbps&lsig=AG3C_xAwRQIgWY7M3-x5SoPVwohg-uji-hZ4kwMooSU86TH4xwum-1YCIQDnHBvWPqkyKeyLuEheV7LlFv0fh1V1UAN5XHh3ilPx3A%3D%3D&ratebypass=yes", "player_url": null, "ext": "mp4", "height": 804, "format_note": "1080p", "vcodec": "avc1.640028", "asr": null, "filesize": 22273028, "fps": 24, "tbr": 3244.863, "width": 1920, "acodec": "none", "downloader_options": {"http_chunk_size": 10485760}, "format": "137 - 1920x804 (1080p)", "protocol": "https", "http_headers": {"User-Agent": "Mozilla/5.0 (Windows NT 10.0; Win64; x64) AppleWebKit/537.36 (KHTML, like Gecko) Chrome/72.0.3626.25 Safari/537.36", "Accept-Charset": "ISO-8859-1,utf-8;q=0.7,*;q=0.7", "Accept": "text/html,application/xhtml+xml,application/xml;q=0.9,*/*;q=0.8", "Accept-Encoding": "gzip, deflate", "Accept-Language": "en-us,en;q=0.5"}}, {"format_id": "18", "url": "https://r4---sn-5njj-u2xe.googlevideo.com/videoplayback?expire=1611764257&ei=wT0RYLqQFZKolQTK8KPABw&ip=140.109.135.76&id=o-ACtx-dXrDSf3N5fRTW-B_fXPiL1-cE_7FbtGPWqu-VQF&itag=18&source=youtube&requiressl=yes&mh=1B&mm=31%2C29&mn=sn-5njj-u2xe%2Csn-un57en7s&ms=au%2Crdu&mv=m&mvi=4&pl=16&initcwndbps=721250&vprv=1&mime=video%2Fmp4&ns=FOSNPsZbyMUpx3xh9bcAvRkF&gir=yes&clen=5845230&ratebypass=yes&dur=132.307&lmt=1484302144202361&mt=1611742362&fvip=4&c=WEB&n=x2dz-rJtLrCIDaXtCXNn&sparams=expire%2Cei%2Cip%2Cid%2Citag%2Csource%2Crequiressl%2Cvprv%2Cmime%2Cns%2Cgir%2Cclen%2Cratebypass%2Cdur%2Clmt&sig=AOq0QJ8wRAIgZwP2MghSZAF2Lp73jNndG5EgJYuMQNmA9fuC5vcv2a0CIDXMUQBfrpQunhbwKGU3B_-Pm5co4wEm6w-TRRin2bO1&lsparams=mh%2Cmm%2Cmn%2Cms%2Cmv%2Cmvi%2Cpl%2Cinitcwndbps&lsig=AG3C_xAwRQIgWY7M3-x5SoPVwohg-uji-hZ4kwMooSU86TH4xwum-1YCIQDnHBvWPqkyKeyLuEheV7LlFv0fh1V1UAN5XHh3ilPx3A%3D%3D", "player_url": null, "ext": "mp4", "width": 640, "height": 268, "acodec": "mp4a.40.2", "abr": 96, "vcodec": "avc1.42001E", "asr": 44100, "filesize": 5845230, "format_note": "360p", "fps": 24, "tbr": 353.567, "format": "18 - 640x268 (360p)", "protocol": "https", "http_headers": {"User-Agent": "Mozilla/5.0 (Windows NT 10.0; Win64; x64) AppleWebKit/537.36 (KHTML, like Gecko) Chrome/72.0.3626.25 Safari/537.36", "Accept-Charset": "ISO-8859-1,utf-8;q=0.7,*;q=0.7", "Accept": "text/html,application/xhtml+xml,application/xml;q=0.9,*/*;q=0.8", "Accept-Encoding": "gzip, deflate", "Accept-Language": "en-us,en;q=0.5"}}], "is_live": null, "start_time": null, "end_time": null, "series": null, "season_number": null, "episode_number": null, "track": null, "artist": null, "album": null, "release_date": null, "release_year": null, "extractor": "youtube", "webpage_url_basename": "watch", "extractor_key": "Youtube", "playlist": null, "playlist_index": null, "thumbnail": "https://i.ytimg.com/vi_webp/nrlDsuPAtcs/maxresdefault.webp", "display_id": "nrlDsuPAtcs", "requested_subtitles": null, "format_id": "251", "url": "https://r4---sn-5njj-u2xe.googlevideo.com/videoplayback?expire=1611764257&ei=wT0RYLqQFZKolQTK8KPABw&ip=140.109.135.76&id=o-ACtx-dXrDSf3N5fRTW-B_fXPiL1-cE_7FbtGPWqu-VQF&itag=251&source=youtube&requiressl=yes&mh=1B&mm=31%2C29&mn=sn-5njj-u2xe%2Csn-un57en7s&ms=au%2Crdu&mv=m&mvi=4&pl=16&initcwndbps=721250&vprv=1&mime=audio%2Fwebm&ns=EnU8Uk42QZ68fUgHvbB2l9EF&gir=yes&clen=2373308&dur=132.261&lmt=1484162367505407&mt=1611742362&fvip=4&keepalive=yes&c=WEB&n=WfpxNM02af4eZTHMn3bL&sparams=expire%2Cei%2Cip%2Cid%2Citag%2Csource%2Crequiressl%2Cvprv%2Cmime%2Cns%2Cgir%2Cclen%2Cdur%2Clmt&sig=AOq0QJ8wRQIhALjZ1K7wPy5_iPq7fHo4jO6bKzJ5Jpwmyaay0scnieM_AiAOyEIoAJDOcsgU1N8QOzNYv_58_QmNXLclJ3lylhWPew%3D%3D&lsparams=mh%2Cmm%2Cmn%2Cms%2Cmv%2Cmvi%2Cpl%2Cinitcwndbps&lsig=AG3C_xAwRQIgWY7M3-x5SoPVwohg-uji-hZ4kwMooSU86TH4xwum-1YCIQDnHBvWPqkyKeyLuEheV7LlFv0fh1V1UAN5XHh3ilPx3A%3D%3D&ratebypass=yes", "player_url": null, "ext": "webm", "format_note": "tiny", "acodec": "opus", "abr": 160, "asr": 48000, "filesize": 2373308, "fps": null, "height": null, "tbr": 161.204, "width": null, "vcodec": "none", "downloader_options": {"http_chunk_size": 10485760}, "format": "251 - audio only (tiny)", "protocol": "https", "http_headers": {"User-Agent": "Mozilla/5.0 (Windows NT 10.0; Win64; x64) AppleWebKit/537.36 (KHTML, like Gecko) Chrome/72.0.3626.25 Safari/537.36", "Accept-Charset": "ISO-8859-1,utf-8;q=0.7,*;q=0.7", "Accept": "text/html,application/xhtml+xml,application/xml;q=0.9,*/*;q=0.8", "Accept-Encoding": "gzip, deflate", "Accept-Language": "en-us,en;q=0.5"}}