{"id": "NsQBKr_x-P4", "uploader": "meeme84", "uploader_id": "meeme84", "uploader_url": "http://www.youtube.com/user/meeme84", "channel_id": "UC4GulvHZBgct6D_FR5IWhdA", "channel_url": "http://www.youtube.com/channel/UC4GulvHZBgct6D_FR5IWhdA", "upload_date": "20091108", "license": null, "creator": "Michael Nyman", "title": "Michael Nyman - The heart asks pleasure first", "alt_title": "The Heart Asks Pleasure First / The Promise (Edit)", "thumbnails": [{"url": "https://i.ytimg.com/vi/NsQBKr_x-P4/hqdefault.jpg?sqp=-oaymwEYCKgBEF5IVfKriqkDCwgBFQAAiEIYAXAB&rs=AOn4CLAbXODHEA-Nf_dBJGkge9tNly6Oow", "width": 168, "height": 94, "resolution": "168x94", "id": "0"}, {"url": "https://i.ytimg.com/vi/NsQBKr_x-P4/hqdefault.jpg?sqp=-oaymwEYCMQBEG5IVfKriqkDCwgBFQAAiEIYAXAB&rs=AOn4CLCHCunpsOCWaaWlnRG3Kly5XRgO-g", "width": 196, "height": 110, "resolution": "196x110", "id": "1"}, {"url": "https://i.ytimg.com/vi/NsQBKr_x-P4/hqdefault.jpg?sqp=-oaymwEZCPYBEIoBSFXyq4qpAwsIARUAAIhCGAFwAQ==&rs=AOn4CLBsb5QzMD45YdGVnsV2uduaM5NssA", "width": 246, "height": 138, "resolution": "246x138", "id": "2"}, {"url": "https://i.ytimg.com/vi/NsQBKr_x-P4/hqdefault.jpg?sqp=-oaymwEZCNACELwBSFXyq4qpAwsIARUAAIhCGAFwAQ==&rs=AOn4CLD5wva6wvlXRpiiJu66N8Bs3gOn-A", "width": 336, "height": 188, "resolution": "336x188", "id": "3"}], "description": "Colonna sonora del film \"Lezioni di piano\" (The piano), The heart asks pleasure first di Michael Nyman", "categories": ["Music"], "tags": ["lezioni", "piano", "heart", "asks", "plasure", "first", "michael", "nyman", "film", "colonna", "sonora", "soundtrack"], "subtitles": {}, "automatic_captions": {}, "duration": 191, "age_limit": 0, "annotations": null, "chapters": null, "webpage_url": "https://www.youtube.com/watch?v=NsQBKr_x-P4", "view_count": 1954046, "like_count": 14049, "dislike_count": 197, "average_rating": 4.9446864, "formats": [{"format_id": "249", "url": "https://r5---sn-5njj-u2xe.googlevideo.com/videoplayback?expire=1611764249&ei=uT0RYKvAN8zFgQPyg4LgDg&ip=140.109.135.76&id=o-AAyC-G6ZdAhmTlYwcRXIAo1JYn4MQMSg0p3C8AxK9Ztu&itag=249&source=youtube&requiressl=yes&mh=VW&mm=31%2C29&mn=sn-5njj-u2xe%2Csn-un57en7l&ms=au%2Crdu&mv=m&mvi=5&pcm2cms=yes&pl=16&initcwndbps=721250&vprv=1&mime=audio%2Fwebm&ns=MVigrJbu63m2qdQeasUFWq8F&gir=yes&clen=1286394&dur=190.861&lmt=1540883920238600&mt=1611742362&fvip=5&keepalive=yes&c=WEB&txp=5411222&n=ZRbaXmXh8s86WjO2VIwK&sparams=expire%2Cei%2Cip%2Cid%2Citag%2Csource%2Crequiressl%2Cvprv%2Cmime%2Cns%2Cgir%2Cclen%2Cdur%2Clmt&lsparams=mh%2Cmm%2Cmn%2Cms%2Cmv%2Cmvi%2Cpcm2cms%2Cpl%2Cinitcwndbps&lsig=AG3C_xAwRQIhAK4PgVCrPUmTk5_CiVShEh8o5agvzrUlbApWX6pyYNldAiAeKaHCVCqsr1p_69bNpQISNa9Jg8lu0tUWhLVUP7L6hQ%3D%3D&sig=AOq0QJ8wRgIhAPdRpqa6DXURsvhsedU97Maj2pHJHTXt7ghyIaBmHjqAAiEAl2ayb-nn4BHkU2PM_l1W2YZsmgSlywXALoP_NGlOkaA=&ratebypass=yes", "player_url": "/s/player/c6df6ed7/player_ias.vflset/en_US/base.js", "ext": "webm", "format_note": "tiny", "acodec": "opus", "abr": 50, "asr": 48000, "filesize": 1286394, "fps": null, "height": null, "tbr": 61.28, "width": null, "vcodec": "none", "downloader_options": {"http_chunk_size": 10485760}, "format": "249 - audio only (tiny)", "protocol": "https", "http_headers": {"User-Agent": "Mozilla/5.0 (Windows NT 10.0; Win64; x64) AppleWebKit/537.36 (KHTML, like Gecko) Chrome/72.0.3626.25 Safari/537.36", "Accept-Charset": "ISO-8859-1,utf-8;q=0.7,*;q=0.7", "Accept": "text/html,application/xhtml+xml,application/xml;q=0.9,*/*;q=0.8", "Accept-Encoding": "gzip, deflate", "Accept-Language": "en-us,en;q=0.5"}}, {"format_id": "250", "url": "https://r5---sn-5njj-u2xe.googlevideo.com/videoplayback?expire=1611764249&ei=uT0RYKvAN8zFgQPyg4LgDg&ip=140.109.135.76&id=o-AAyC-G6ZdAhmTlYwcRXIAo1JYn4MQMSg0p3C8AxK9Ztu&itag=250&source=youtube&requiressl=yes&mh=VW&mm=31%2C29&mn=sn-5njj-u2xe%2Csn-un57en7l&ms=au%2Crdu&mv=m&mvi=5&pcm2cms=yes&pl=16&initcwndbps=721250&vprv=1&mime=audio%2Fwebm&ns=MVigrJbu63m2qdQeasUFWq8F&gir=yes&clen=1726835&dur=190.861&lmt=1540884006977974&mt=1611742362&fvip=5&keepalive=yes&c=WEB&txp=5411222&n=ZRbaXmXh8s86WjO2VIwK&sparams=expire%2Cei%2Cip%2Cid%2Citag%2Csource%2Crequiressl%2Cvprv%2Cmime%2Cns%2Cgir%2Cclen%2Cdur%2Clmt&lsparams=mh%2Cmm%2Cmn%2Cms%2Cmv%2Cmvi%2Cpcm2cms%2Cpl%2Cinitcwndbps&lsig=AG3C_xAwRQIgKs6DKlpIZ0w5GePdPFiJY87XfFpafbFw-_knhTkCDKICIQChLLr6MNppo6vXy3s8HqHY_HQZbAkHFL75eGP8acVIRw%3D%3D&sig=AOq0QJ8wRgIhAPmVmqKNqYG1S77gcndxPi8mYV5YGrJOUda2Nwimil-SAiEAjHLQJ_KI_dTHtTQDFzoUwAeING1kA1BCgWTXh-e4kj4=&ratebypass=yes", "player_url": "/s/player/c6df6ed7/player_ias.vflset/en_US/base.js", "ext": "webm", "format_note": "tiny", "acodec": "opus", "abr": 70, "asr": 48000, "filesize": 1726835, "fps": null, "height": null, "tbr": 81.736, "width": null, "vcodec": "none", "downloader_options": {"http_chunk_size": 10485760}, "format": "250 - audio only (tiny)", "protocol": "https", "http_headers": {"User-Agent": "Mozilla/5.0 (Windows NT 10.0; Win64; x64) AppleWebKit/537.36 (KHTML, like Gecko) Chrome/72.0.3626.25 Safari/537.36", "Accept-Charset": "ISO-8859-1,utf-8;q=0.7,*;q=0.7", "Accept": "text/html,application/xhtml+xml,application/xml;q=0.9,*/*;q=0.8", "Accept-Encoding": "gzip, deflate", "Accept-Language": "en-us,en;q=0.5"}}, {"format_id": "140", "url": "https://r5---sn-5njj-u2xe.googlevideo.com/videoplayback?expire=1611764249&ei=uT0RYKvAN8zFgQPyg4LgDg&ip=140.109.135.76&id=o-AAyC-G6ZdAhmTlYwcRXIAo1JYn4MQMSg0p3C8AxK9Ztu&itag=140&source=youtube&requiressl=yes&mh=VW&mm=31%2C29&mn=sn-5njj-u2xe%2Csn-un57en7l&ms=au%2Crdu&mv=m&mvi=5&pcm2cms=yes&pl=16&initcwndbps=721250&vprv=1&mime=audio%2Fmp4&ns=MVigrJbu63m2qdQeasUFWq8F&gir=yes&clen=3032540&dur=190.891&lmt=1540883614762487&mt=1611742362&fvip=5&keepalive=yes&c=WEB&txp=5432432&n=ZRbaXmXh8s86WjO2VIwK&sparams=expire%2Cei%2Cip%2Cid%2Citag%2Csource%2Crequiressl%2Cvprv%2Cmime%2Cns%2Cgir%2Cclen%2Cdur%2Clmt&lsparams=mh%2Cmm%2Cmn%2Cms%2Cmv%2Cmvi%2Cpcm2cms%2Cpl%2Cinitcwndbps&lsig=AG3C_xAwRQIhAI-_zrWp3zEvIiOqXIrCInuixcLUzyHfxdseK7Z2lsmpAiBC00VzskTG0EsILznSbF0f-UPSO7IZkzeJYFhxIuesuQ%3D%3D&sig=AOq0QJ8wRAIgc1VtCT73N3AKZqwmR63aVf75rwxRU91w9ppPSRCtaPICIAVFlYcjUY7utu0o0Wl70vHCC-OdSkNB0AVRYcTcgzBJ&ratebypass=yes", "player_url": "/s/player/c6df6ed7/player_ias.vflset/en_US/base.js", "ext": "m4a", "format_note": "tiny", "acodec": "mp4a.40.2", "abr": 128, "container": "m4a_dash", "asr": 44100, "filesize": 3032540, "fps": null, "height": null, "tbr": 128.083, "width": null, "vcodec": "none", "downloader_options": {"http_chunk_size": 10485760}, "format": "140 - audio only (tiny)", "protocol": "https", "http_headers": {"User-Agent": "Mozilla/5.0 (Windows NT 10.0; Win64; x64) AppleWebKit/537.36 (KHTML, like Gecko) Chrome/72.0.3626.25 Safari/537.36", "Accept-Charset": "ISO-8859-1,utf-8;q=0.7,*;q=0.7", "Accept": "text/html,application/xhtml+xml,application/xml;q=0.9,*/*;q=0.8", "Accept-Encoding": "gzip, deflate", "Accept-Language": "en-us,en;q=0.5"}}, {"format_id": "251", "url": "https://r5---sn-5njj-u2xe.googlevideo.com/videoplayback?expire=1611764249&ei=uT0RYKvAN8zFgQPyg4LgDg&ip=140.109.135.76&id=o-AAyC-G6ZdAhmTlYwcRXIAo1JYn4MQMSg0p3C8AxK9Ztu&itag=251&source=youtube&requiressl=yes&mh=VW&mm=31%2C29&mn=sn-5njj-u2xe%2Csn-un57en7l&ms=au%2Crdu&mv=m&mvi=5&pcm2cms=yes&pl=16&initcwndbps=721250&vprv=1&mime=audio%2Fwebm&ns=MVigrJbu63m2qdQeasUFWq8F&gir=yes&clen=3348456&dur=190.861&lmt=1540883921216924&mt=1611742362&fvip=5&keepalive=yes&c=WEB&txp=5411222&n=ZRbaXmXh8s86WjO2VIwK&sparams=expire%2Cei%2Cip%2Cid%2Citag%2Csource%2Crequiressl%2Cvprv%2Cmime%2Cns%2Cgir%2Cclen%2Cdur%2Clmt&lsparams=mh%2Cmm%2Cmn%2Cms%2Cmv%2Cmvi%2Cpcm2cms%2Cpl%2Cinitcwndbps&lsig=AG3C_xAwRQIgOfgzSWk75VHmImsBMzK4WYciJigo89Kqgrqop1G3beMCIQDawETIlIkf41DHlFUoD9yOoR2GW9uZrwIg70D66OcnDg%3D%3D&sig=AOq0QJ8wRQIgI69j9NHLPzmXFdAK6TUb7zTw99HFP4cqm1kjhU9Qss8CIQCPUv6UP-jrve9gWR8WtPTNCTT_yneGE3WBAJAYeg_tpQ==&ratebypass=yes", "player_url": "/s/player/c6df6ed7/player_ias.vflset/en_US/base.js", "ext": "webm", "format_note": "tiny", "acodec": "opus", "abr": 160, "asr": 48000, "filesize": 3348456, "fps": null, "height": null, "tbr": 155.732, "width": null, "vcodec": "none", "downloader_options": {"http_chunk_size": 10485760}, "format": "251 - audio only (tiny)", "protocol": "https", "http_headers": {"User-Agent": "Mozilla/5.0 (Windows NT 10.0; Win64; x64) AppleWebKit/537.36 (KHTML, like Gecko) Chrome/72.0.3626.25 Safari/537.36", "Accept-Charset": "ISO-8859-1,utf-8;q=0.7,*;q=0.7", "Accept": "text/html,application/xhtml+xml,application/xml;q=0.9,*/*;q=0.8", "Accept-Encoding": "gzip, deflate", "Accept-Language": "en-us,en;q=0.5"}}, {"format_id": "160", "url": "https://r5---sn-5njj-u2xe.googlevideo.com/videoplayback?expire=1611764249&ei=uT0RYKvAN8zFgQPyg4LgDg&ip=140.109.135.76&id=o-AAyC-G6ZdAhmTlYwcRXIAo1JYn4MQMSg0p3C8AxK9Ztu&itag=160&aitags=133%2C134%2C135%2C160%2C242%2C243%2C244%2C278&source=youtube&requiressl=yes&mh=VW&mm=31%2C29&mn=sn-5njj-u2xe%2Csn-un57en7l&ms=au%2Crdu&mv=m&mvi=5&pcm2cms=yes&pl=16&initcwndbps=721250&vprv=1&mime=video%2Fmp4&ns=MVigrJbu63m2qdQeasUFWq8F&gir=yes&clen=173637&dur=190.800&lmt=1540883618295162&mt=1611742362&fvip=5&keepalive=yes&c=WEB&txp=5432432&n=ZRbaXmXh8s86WjO2VIwK&sparams=expire%2Cei%2Cip%2Cid%2Caitags%2Csource%2Crequiressl%2Cvprv%2Cmime%2Cns%2Cgir%2Cclen%2Cdur%2Clmt&lsparams=mh%2Cmm%2Cmn%2Cms%2Cmv%2Cmvi%2Cpcm2cms%2Cpl%2Cinitcwndbps&lsig=AG3C_xAwRQIgVe7QncfjNvEDYL7C6MrSRHO1phwsBfvcxG2msmCT1CICIQCVvVcAPxeS4vGPfa87BjJ3B6y5Ko1fV3EOKlbAyfhTeA%3D%3D&sig=AOq0QJ8wRgIhALmlSCSZmU_WUoF61czBaeqPlc8LKC19GFJ_aPxnagnfAiEA5nnuJzPO4QjVhno2tEI3WiUcL6vAzuaIb41NRPRrQfQ=&ratebypass=yes", "player_url": "/s/player/c6df6ed7/player_ias.vflset/en_US/base.js", "ext": "mp4", "height": 144, "format_note": "144p", "vcodec": "avc1.4d400b", "asr": null, "filesize": 173637, "fps": 25, "tbr": 11.523, "width": 192, "acodec": "none", "downloader_options": {"http_chunk_size": 10485760}, "format": "160 - 192x144 (144p)", "protocol": "https", "http_headers": {"User-Agent": "Mozilla/5.0 (Windows NT 10.0; Win64; x64) AppleWebKit/537.36 (KHTML, like Gecko) Chrome/72.0.3626.25 Safari/537.36", "Accept-Charset": "ISO-8859-1,utf-8;q=0.7,*;q=0.7", "Accept": "text/html,application/xhtml+xml,application/xml;q=0.9,*/*;q=0.8", "Accept-Encoding": "gzip, deflate", "Accept-Language": "en-us,en;q=0.5"}}, {"format_id": "133", "url": "https://r5---sn-5njj-u2xe.googlevideo.com/videoplayback?expire=1611764249&ei=uT0RYKvAN8zFgQPyg4LgDg&ip=140.109.135.76&id=o-AAyC-G6ZdAhmTlYwcRXIAo1JYn4MQMSg0p3C8AxK9Ztu&itag=133&aitags=133%2C134%2C135%2C160%2C242%2C243%2C244%2C278&source=youtube&requiressl=yes&mh=VW&mm=31%2C29&mn=sn-5njj-u2xe%2Csn-un57en7l&ms=au%2Crdu&mv=m&mvi=5&pcm2cms=yes&pl=16&initcwndbps=721250&vprv=1&mime=video%2Fmp4&ns=MVigrJbu63m2qdQeasUFWq8F&gir=yes&clen=209416&dur=190.800&lmt=1540883618690240&mt=1611742362&fvip=5&keepalive=yes&c=WEB&txp=5432432&n=ZRbaXmXh8s86WjO2VIwK&sparams=expire%2Cei%2Cip%2Cid%2Caitags%2Csource%2Crequiressl%2Cvprv%2Cmime%2Cns%2Cgir%2Cclen%2Cdur%2Clmt&lsparams=mh%2Cmm%2Cmn%2Cms%2Cmv%2Cmvi%2Cpcm2cms%2Cpl%2Cinitcwndbps&lsig=AG3C_xAwRQIhANjJrx0_ztnmXLJ66lv5uuCtAvQEsSI0k40kTprwkz6AAiBzzMSJSmM-tcvKAbISnfsQkkAUrMXCudVTYq6ttiTZHQ%3D%3D&sig=AOq0QJ8wRQIhANu3KG4dC3jjo9Xnwe2tINwCCeQ0H9EQx4KWOVJfsyKKAiBx9EpKR6uW5ofSXNHq_NkdbSwIyxdSsG1V9dkL93URfQ==&ratebypass=yes", "player_url": "/s/player/c6df6ed7/player_ias.vflset/en_US/base.js", "ext": "mp4", "height": 240, "format_note": "240p", "vcodec": "avc1.4d400d", "asr": null, "filesize": 209416, "fps": 25, "tbr": 15.87, "width": 320, "acodec": "none", "downloader_options": {"http_chunk_size": 10485760}, "format": "133 - 320x240 (240p)", "protocol": "https", "http_headers": {"User-Agent": "Mozilla/5.0 (Windows NT 10.0; Win64; x64) AppleWebKit/537.36 (KHTML, like Gecko) Chrome/72.0.3626.25 Safari/537.36", "Accept-Charset": "ISO-8859-1,utf-8;q=0.7,*;q=0.7", "Accept": "text/html,application/xhtml+xml,application/xml;q=0.9,*/*;q=0.8", "Accept-Encoding": "gzip, deflate", "Accept-Language": "en-us,en;q=0.5"}}, {"format_id": "134", "url": "https://r5---sn-5njj-u2xe.googlevideo.com/videoplayback?expire=1611764249&ei=uT0RYKvAN8zFgQPyg4LgDg&ip=140.109.135.76&id=o-AAyC-G6ZdAhmTlYwcRXIAo1JYn4MQMSg0p3C8AxK9Ztu&itag=134&aitags=133%2C134%2C135%2C160%2C242%2C243%2C244%2C278&source=youtube&requiressl=yes&mh=VW&mm=31%2C29&mn=sn-5njj-u2xe%2Csn-un57en7l&ms=au%2Crdu&mv=m&mvi=5&pcm2cms=yes&pl=16&initcwndbps=721250&vprv=1&mime=video%2Fmp4&ns=MVigrJbu63m2qdQeasUFWq8F&gir=yes&clen=314012&dur=190.800&lmt=1540883618473421&mt=1611742362&fvip=5&keepalive=yes&c=WEB&txp=5432432&n=ZRbaXmXh8s86WjO2VIwK&sparams=expire%2Cei%2Cip%2Cid%2Caitags%2Csource%2Crequiressl%2Cvprv%2Cmime%2Cns%2Cgir%2Cclen%2Cdur%2Clmt&lsparams=mh%2Cmm%2Cmn%2Cms%2Cmv%2Cmvi%2Cpcm2cms%2Cpl%2Cinitcwndbps&lsig=AG3C_xAwRQIgDFe3kfGpZXKfnt8cTxZa0HZw22PxZ-1gIcgsSm8MZw0CIQCaDANQzmxujKRlO1cEzKQs-aMqrOzcF7XBrlNlKAIaRw%3D%3D&sig=AOq0QJ8wRQIgLcX5WlVc4IyptU7hksVLIVtQZ6bA8RC8RY4OElohy58CIQD-JD_3iygJxTeiA0pK8N0kyf1B983NP9JuQTHH0sRNUw==&ratebypass=yes", "player_url": "/s/player/c6df6ed7/player_ias.vflset/en_US/base.js", "ext": "mp4", "height": 360, "format_note": "360p", "vcodec": "avc1.4d4015", "asr": null, "filesize": 314012, "fps": 25, "tbr": 29.388, "width": 480, "acodec": "none", "downloader_options": {"http_chunk_size": 10485760}, "format": "134 - 480x360 (360p)", "protocol": "https", "http_headers": {"User-Agent": "Mozilla/5.0 (Windows NT 10.0; Win64; x64) AppleWebKit/537.36 (KHTML, like Gecko) Chrome/72.0.3626.25 Safari/537.36", "Accept-Charset": "ISO-8859-1,utf-8;q=0.7,*;q=0.7", "Accept": "text/html,application/xhtml+xml,application/xml;q=0.9,*/*;q=0.8", "Accept-Encoding": "gzip, deflate", "Accept-Language": "en-us,en;q=0.5"}}, {"format_id": "278", "url": "https://r5---sn-5njj-u2xe.googlevideo.com/videoplayback?expire=1611764249&ei=uT0RYKvAN8zFgQPyg4LgDg&ip=140.109.135.76&id=o-AAyC-G6ZdAhmTlYwcRXIAo1JYn4MQMSg0p3C8AxK9Ztu&itag=278&aitags=133%2C134%2C135%2C160%2C242%2C243%2C244%2C278&source=youtube&requiressl=yes&mh=VW&mm=31%2C29&mn=sn-5njj-u2xe%2Csn-un57en7l&ms=au%2Crdu&mv=m&mvi=5&pcm2cms=yes&pl=16&initcwndbps=721250&vprv=1&mime=video%2Fwebm&ns=MVigrJbu63m2qdQeasUFWq8F&gir=yes&clen=338576&dur=190.800&lmt=1540883663264072&mt=1611742362&fvip=5&keepalive=yes&c=WEB&txp=5432432&n=ZRbaXmXh8s86WjO2VIwK&sparams=expire%2Cei%2Cip%2Cid%2Caitags%2Csource%2Crequiressl%2Cvprv%2Cmime%2Cns%2Cgir%2Cclen%2Cdur%2Clmt&lsparams=mh%2Cmm%2Cmn%2Cms%2Cmv%2Cmvi%2Cpcm2cms%2Cpl%2Cinitcwndbps&lsig=AG3C_xAwRgIhAKpBVCybHe4X51kqNnRHe4DAWQhzp9qVk8iS8CYkwiMPAiEAkhNN7uXXdJmZIimNi6i3UA9wixQMeJPOn5-opkF6rxw%3D&sig=AOq0QJ8wRQIgFd40EHxvQnVj08lRoXATL_-vDhEkR4M_pup_dnFIWoQCIQDjQVsCVdb3MrvH3Wb575YfqN0p0ZR--wxRYUq5xnmO6A==&ratebypass=yes", "player_url": "/s/player/c6df6ed7/player_ias.vflset/en_US/base.js", "ext": "webm", "height": 144, "format_note": "144p", "container": "webm", "vcodec": "vp9", "asr": null, "filesize": 338576, "fps": 25, "tbr": 40.941, "width": 192, "acodec": "none", "downloader_options": {"http_chunk_size": 10485760}, "format": "278 - 192x144 (144p)", "protocol": "https", "http_headers": {"User-Agent": "Mozilla/5.0 (Windows NT 10.0; Win64; x64) AppleWebKit/537.36 (KHTML, like Gecko) Chrome/72.0.3626.25 Safari/537.36", "Accept-Charset": "ISO-8859-1,utf-8;q=0.7,*;q=0.7", "Accept": "text/html,application/xhtml+xml,application/xml;q=0.9,*/*;q=0.8", "Accept-Encoding": "gzip, deflate", "Accept-Language": "en-us,en;q=0.5"}}, {"format_id": "135", "url": "https://r5---sn-5njj-u2xe.googlevideo.com/videoplayback?expire=1611764249&ei=uT0RYKvAN8zFgQPyg4LgDg&ip=140.109.135.76&id=o-AAyC-G6ZdAhmTlYwcRXIAo1JYn4MQMSg0p3C8AxK9Ztu&itag=135&aitags=133%2C134%2C135%2C160%2C242%2C243%2C244%2C278&source=youtube&requiressl=yes&mh=VW&mm=31%2C29&mn=sn-5njj-u2xe%2Csn-un57en7l&ms=au%2Crdu&mv=m&mvi=5&pcm2cms=yes&pl=16&initcwndbps=721250&vprv=1&mime=video%2Fmp4&ns=MVigrJbu63m2qdQeasUFWq8F&gir=yes&clen=462615&dur=190.800&lmt=1540883618472179&mt=1611742362&fvip=5&keepalive=yes&c=WEB&txp=5432432&n=ZRbaXmXh8s86WjO2VIwK&sparams=expire%2Cei%2Cip%2Cid%2Caitags%2Csource%2Crequiressl%2Cvprv%2Cmime%2Cns%2Cgir%2Cclen%2Cdur%2Clmt&lsparams=mh%2Cmm%2Cmn%2Cms%2Cmv%2Cmvi%2Cpcm2cms%2Cpl%2Cinitcwndbps&lsig=AG3C_xAwRQIgPr6Sstutf7pNkG4iuxIkvZsuiItucrbgkwvW--kj7wACIQC804P9PHb-MI7XVu3ZiDNgV7L0w-J9u4SsxlSHGQBLwg%3D%3D&sig=AOq0QJ8wRgIhAN10D9G0l4QaSZvb82kQ3D-C3lCKJ53msqe7tlcLXnEVAiEA9vIYOWLWdp7fw-TJZ5RTZ2Rme_Prza6HbRsug_CC6UM=&ratebypass=yes", "player_url": "/s/player/c6df6ed7/player_ias.vflset/en_US/base.js", "ext": "mp4", "height": 480, "format_note": "480p", "vcodec": "avc1.4d401e", "asr": null, "filesize": 462615, "fps": 25, "tbr": 53.199, "width": 640, "acodec": "none", "downloader_options": {"http_chunk_size": 10485760}, "format": "135 - 640x480 (480p)", "protocol": "https", "http_headers": {"User-Agent": "Mozilla/5.0 (Windows NT 10.0; Win64; x64) AppleWebKit/537.36 (KHTML, like Gecko) Chrome/72.0.3626.25 Safari/537.36", "Accept-Charset": "ISO-8859-1,utf-8;q=0.7,*;q=0.7", "Accept": "text/html,application/xhtml+xml,application/xml;q=0.9,*/*;q=0.8", "Accept-Encoding": "gzip, deflate", "Accept-Language": "en-us,en;q=0.5"}}, {"format_id": "242", "url": "https://r5---sn-5njj-u2xe.googlevideo.com/videoplayback?expire=1611764249&ei=uT0RYKvAN8zFgQPyg4LgDg&ip=140.109.135.76&id=o-AAyC-G6ZdAhmTlYwcRXIAo1JYn4MQMSg0p3C8AxK9Ztu&itag=242&aitags=133%2C134%2C135%2C160%2C242%2C243%2C244%2C278&source=youtube&requiressl=yes&mh=VW&mm=31%2C29&mn=sn-5njj-u2xe%2Csn-un57en7l&ms=au%2Crdu&mv=m&mvi=5&pcm2cms=yes&pl=16&initcwndbps=721250&vprv=1&mime=video%2Fwebm&ns=MVigrJbu63m2qdQeasUFWq8F&gir=yes&clen=561289&dur=190.800&lmt=1540883663258755&mt=1611742362&fvip=5&keepalive=yes&c=WEB&txp=5432432&n=ZRbaXmXh8s86WjO2VIwK&sparams=expire%2Cei%2Cip%2Cid%2Caitags%2Csource%2Crequiressl%2Cvprv%2Cmime%2Cns%2Cgir%2Cclen%2Cdur%2Clmt&lsparams=mh%2Cmm%2Cmn%2Cms%2Cmv%2Cmvi%2Cpcm2cms%2Cpl%2Cinitcwndbps&lsig=AG3C_xAwRQIhANc_HrZYhajmQdxrsWX-SBQFKj5CIlFNrZsNF4Ub8QijAiALJ6O6c4tjTTr-QmVYzMv0FpARymC5VvdbH1IeovRj4Q%3D%3D&sig=AOq0QJ8wRgIhAP7VBnG-0lO8q8paG8TIn9VBS_YkzwbaDJPyhmXLgsLYAiEA-DqPZjt4a_oJB01E6OG3XL5ouLfVCwiQ-gaQTr2C1uA=&ratebypass=yes", "player_url": "/s/player/c6df6ed7/player_ias.vflset/en_US/base.js", "ext": "webm", "height": 240, "format_note": "240p", "vcodec": "vp9", "asr": null, "filesize": 561289, "fps": 25, "tbr": 75.4, "width": 320, "acodec": "none", "downloader_options": {"http_chunk_size": 10485760}, "format": "242 - 320x240 (240p)", "protocol": "https", "http_headers": {"User-Agent": "Mozilla/5.0 (Windows NT 10.0; Win64; x64) AppleWebKit/537.36 (KHTML, like Gecko) Chrome/72.0.3626.25 Safari/537.36", "Accept-Charset": "ISO-8859-1,utf-8;q=0.7,*;q=0.7", "Accept": "text/html,application/xhtml+xml,application/xml;q=0.9,*/*;q=0.8", "Accept-Encoding": "gzip, deflate", "Accept-Language": "en-us,en;q=0.5"}}, {"format_id": "243", "url": "https://r5---sn-5njj-u2xe.googlevideo.com/videoplayback?expire=1611764249&ei=uT0RYKvAN8zFgQPyg4LgDg&ip=140.109.135.76&id=o-AAyC-G6ZdAhmTlYwcRXIAo1JYn4MQMSg0p3C8AxK9Ztu&itag=243&aitags=133%2C134%2C135%2C160%2C242%2C243%2C244%2C278&source=youtube&requiressl=yes&mh=VW&mm=31%2C29&mn=sn-5njj-u2xe%2Csn-un57en7l&ms=au%2Crdu&mv=m&mvi=5&pcm2cms=yes&pl=16&initcwndbps=721250&vprv=1&mime=video%2Fwebm&ns=MVigrJbu63m2qdQeasUFWq8F&gir=yes&clen=781136&dur=190.800&lmt=1540883663280766&mt=1611742362&fvip=5&keepalive=yes&c=WEB&txp=5432432&n=ZRbaXmXh8s86WjO2VIwK&sparams=expire%2Cei%2Cip%2Cid%2Caitags%2Csource%2Crequiressl%2Cvprv%2Cmime%2Cns%2Cgir%2Cclen%2Cdur%2Clmt&lsparams=mh%2Cmm%2Cmn%2Cms%2Cmv%2Cmvi%2Cpcm2cms%2Cpl%2Cinitcwndbps&lsig=AG3C_xAwRgIhAOOmbRaLJu0-cxA1tDlCmMFIKigVt1Uezf8Qp_PYr121AiEAjGBghnCWeAk57y5Vw1Jp-NYCH1ejx7j-09ko1gplsz4%3D&sig=AOq0QJ8wRgIhAMn0dh80aQgZET4KDowYnshSGo-RfpZ-KTlkFv7n6sRLAiEAitr8ipAfZ3FOBXAY8-H1mbR-pdk_b35d8Wcox891H5Y=&ratebypass=yes", "player_url": "/s/player/c6df6ed7/player_ias.vflset/en_US/base.js", "ext": "webm", "height": 360, "format_note": "360p", "vcodec": "vp9", "asr": null, "filesize": 781136, "fps": 25, "tbr": 107.688, "width": 480, "acodec": "none", "downloader_options": {"http_chunk_size": 10485760}, "format": "243 - 480x360 (360p)", "protocol": "https", "http_headers": {"User-Agent": "Mozilla/5.0 (Windows NT 10.0; Win64; x64) AppleWebKit/537.36 (KHTML, like Gecko) Chrome/72.0.3626.25 Safari/537.36", "Accept-Charset": "ISO-8859-1,utf-8;q=0.7,*;q=0.7", "Accept": "text/html,application/xhtml+xml,application/xml;q=0.9,*/*;q=0.8", "Accept-Encoding": "gzip, deflate", "Accept-Language": "en-us,en;q=0.5"}}, {"format_id": "244", "url": "https://r5---sn-5njj-u2xe.googlevideo.com/videoplayback?expire=1611764249&ei=uT0RYKvAN8zFgQPyg4LgDg&ip=140.109.135.76&id=o-AAyC-G6ZdAhmTlYwcRXIAo1JYn4MQMSg0p3C8AxK9Ztu&itag=244&aitags=133%2C134%2C135%2C160%2C242%2C243%2C244%2C278&source=youtube&requiressl=yes&mh=VW&mm=31%2C29&mn=sn-5njj-u2xe%2Csn-un57en7l&ms=au%2Crdu&mv=m&mvi=5&pcm2cms=yes&pl=16&initcwndbps=721250&vprv=1&mime=video%2Fwebm&ns=MVigrJbu63m2qdQeasUFWq8F&gir=yes&clen=1135037&dur=190.800&lmt=1540883663283813&mt=1611742362&fvip=5&keepalive=yes&c=WEB&txp=5432432&n=ZRbaXmXh8s86WjO2VIwK&sparams=expire%2Cei%2Cip%2Cid%2Caitags%2Csource%2Crequiressl%2Cvprv%2Cmime%2Cns%2Cgir%2Cclen%2Cdur%2Clmt&lsparams=mh%2Cmm%2Cmn%2Cms%2Cmv%2Cmvi%2Cpcm2cms%2Cpl%2Cinitcwndbps&lsig=AG3C_xAwRQIhANOlS9RluPaYV3j1xHEjFH1ZjM45Et32X_MfKon3ApF5AiBOTBBCMmZ30QIzca8gii7LnN-pcjiWeX9H2PCl1rIF7w%3D%3D&sig=AOq0QJ8wRQIgSFs4ZKz1h1vNMfOtQe4z4GIkqYbsBFk8UXB3NgkwqmcCIQDgZRR5cmRkSshM4FajJphHnLy6b_1GVi8JU5j0GObraQ==&ratebypass=yes", "player_url": "/s/player/c6df6ed7/player_ias.vflset/en_US/base.js", "ext": "webm", "height": 480, "format_note": "480p", "vcodec": "vp9", "asr": null, "filesize": 1135037, "fps": 25, "tbr": 160.394, "width": 640, "acodec": "none", "downloader_options": {"http_chunk_size": 10485760}, "format": "244 - 640x480 (480p)", "protocol": "https", "http_headers": {"User-Agent": "Mozilla/5.0 (Windows NT 10.0; Win64; x64) AppleWebKit/537.36 (KHTML, like Gecko) Chrome/72.0.3626.25 Safari/537.36", "Accept-Charset": "ISO-8859-1,utf-8;q=0.7,*;q=0.7", "Accept": "text/html,application/xhtml+xml,application/xml;q=0.9,*/*;q=0.8", "Accept-Encoding": "gzip, deflate", "Accept-Language": "en-us,en;q=0.5"}}, {"format_id": "18", "url": "https://r5---sn-5njj-u2xe.googlevideo.com/videoplayback?expire=1611764249&ei=uT0RYKvAN8zFgQPyg4LgDg&ip=140.109.135.76&id=o-AAyC-G6ZdAhmTlYwcRXIAo1JYn4MQMSg0p3C8AxK9Ztu&itag=18&source=youtube&requiressl=yes&mh=VW&mm=31%2C29&mn=sn-5njj-u2xe%2Csn-un57en7l&ms=au%2Crdu&mv=m&mvi=5&pcm2cms=yes&pl=16&initcwndbps=721250&vprv=1&mime=video%2Fmp4&ns=o2OyakQg32NB_MojhHbytZcF&gir=yes&clen=3606179&ratebypass=yes&dur=190.891&lmt=1540883655860234&mt=1611742362&fvip=5&c=WEB&txp=5431432&n=_cZ2QL96Qe-Zx1vH47iA&sparams=expire%2Cei%2Cip%2Cid%2Citag%2Csource%2Crequiressl%2Cvprv%2Cmime%2Cns%2Cgir%2Cclen%2Cratebypass%2Cdur%2Clmt&lsparams=mh%2Cmm%2Cmn%2Cms%2Cmv%2Cmvi%2Cpcm2cms%2Cpl%2Cinitcwndbps&lsig=AG3C_xAwRQIgMK6ZhRAmbgkx0RjE7XnRs0jxXYYBJVa2kPNVu6-vRKkCIQCRXptMxNGGLHEHMJsR33Gi-_cjFEoatgzj4XhbFbQ06A%3D%3D&sig=AOq0QJ8wRQIhAJVXF5f_OufNIFvC3N4d9RbpjFOMgloIPdJKyBVSc9bpAiBHqO9Z5jcLN0bVlRCxVWqEtAVZGfGgU9te-AHaA1YX5A==", "player_url": "/s/player/c6df6ed7/player_ias.vflset/en_US/base.js", "ext": "mp4", "width": 480, "height": 360, "acodec": "mp4a.40.2", "abr": 96, "vcodec": "avc1.42001E", "asr": 44100, "filesize": 3606179, "format_note": "360p", "fps": 25, "tbr": 151.202, "format": "18 - 480x360 (360p)", "protocol": "https", "http_headers": {"User-Agent": "Mozilla/5.0 (Windows NT 10.0; Win64; x64) AppleWebKit/537.36 (KHTML, like Gecko) Chrome/72.0.3626.25 Safari/537.36", "Accept-Charset": "ISO-8859-1,utf-8;q=0.7,*;q=0.7", "Accept": "text/html,application/xhtml+xml,application/xml;q=0.9,*/*;q=0.8", "Accept-Encoding": "gzip, deflate", "Accept-Language": "en-us,en;q=0.5"}}], "is_live": null, "start_time": null, "end_time": null, "series": null, "season_number": null, "episode_number": null, "track": "The Heart Asks Pleasure First / The Promise (Edit)", "artist": "Michael Nyman", "album": null, "release_date": null, "release_year": null, "extractor": "youtube", "webpage_url_basename": "watch", "extractor_key": "Youtube", "playlist": null, "playlist_index": null, "thumbnail": "https://i.ytimg.com/vi/NsQBKr_x-P4/hqdefault.jpg?sqp=-oaymwEZCNACELwBSFXyq4qpAwsIARUAAIhCGAFwAQ==&rs=AOn4CLD5wva6wvlXRpiiJu66N8Bs3gOn-A", "display_id": "NsQBKr_x-P4", "requested_subtitles": null, "format_id": "251", "url": "https://r5---sn-5njj-u2xe.googlevideo.com/videoplayback?expire=1611764249&ei=uT0RYKvAN8zFgQPyg4LgDg&ip=140.109.135.76&id=o-AAyC-G6ZdAhmTlYwcRXIAo1JYn4MQMSg0p3C8AxK9Ztu&itag=251&source=youtube&requiressl=yes&mh=VW&mm=31%2C29&mn=sn-5njj-u2xe%2Csn-un57en7l&ms=au%2Crdu&mv=m&mvi=5&pcm2cms=yes&pl=16&initcwndbps=721250&vprv=1&mime=audio%2Fwebm&ns=MVigrJbu63m2qdQeasUFWq8F&gir=yes&clen=3348456&dur=190.861&lmt=1540883921216924&mt=1611742362&fvip=5&keepalive=yes&c=WEB&txp=5411222&n=ZRbaXmXh8s86WjO2VIwK&sparams=expire%2Cei%2Cip%2Cid%2Citag%2Csource%2Crequiressl%2Cvprv%2Cmime%2Cns%2Cgir%2Cclen%2Cdur%2Clmt&lsparams=mh%2Cmm%2Cmn%2Cms%2Cmv%2Cmvi%2Cpcm2cms%2Cpl%2Cinitcwndbps&lsig=AG3C_xAwRQIgOfgzSWk75VHmImsBMzK4WYciJigo89Kqgrqop1G3beMCIQDawETIlIkf41DHlFUoD9yOoR2GW9uZrwIg70D66OcnDg%3D%3D&sig=AOq0QJ8wRQIgI69j9NHLPzmXFdAK6TUb7zTw99HFP4cqm1kjhU9Qss8CIQCPUv6UP-jrve9gWR8WtPTNCTT_yneGE3WBAJAYeg_tpQ==&ratebypass=yes", "player_url": "/s/player/c6df6ed7/player_ias.vflset/en_US/base.js", "ext": "webm", "format_note": "tiny", "acodec": "opus", "abr": 160, "asr": 48000, "filesize": 3348456, "fps": null, "height": null, "tbr": 155.732, "width": null, "vcodec": "none", "downloader_options": {"http_chunk_size": 10485760}, "format": "251 - audio only (tiny)", "protocol": "https", "http_headers": {"User-Agent": "Mozilla/5.0 (Windows NT 10.0; Win64; x64) AppleWebKit/537.36 (KHTML, like Gecko) Chrome/72.0.3626.25 Safari/537.36", "Accept-Charset": "ISO-8859-1,utf-8;q=0.7,*;q=0.7", "Accept": "text/html,application/xhtml+xml,application/xml;q=0.9,*/*;q=0.8", "Accept-Encoding": "gzip, deflate", "Accept-Language": "en-us,en;q=0.5"}}