{"id": "o0Sldt_cyFY", "uploader": "Pianoheart", "uploader_id": "ThePianoheart", "uploader_url": "http://www.youtube.com/user/ThePianoheart", "channel_id": "UCyeyPb7Tq6olpumJAsw0Xow", "channel_url": "http://www.youtube.com/channel/UCyeyPb7Tq6olpumJAsw0Xow", "upload_date": "20140605", "license": null, "creator": null, "title": "\ud0dc\uc591(Taeyang) - \ub208,\ucf54,\uc785(Eyes, Nose, Lips) \ud53c\uc544\ub178 \uc5f0\uc8fc", "alt_title": null, "thumbnails": [{"url": "https://i.ytimg.com/vi/o0Sldt_cyFY/hqdefault.jpg?sqp=-oaymwEbCKgBEF5IVfKriqkDDggBFQAAiEIYAXABwAEG&rs=AOn4CLDTjMxqIPYFhUm9TPsGjUnkSe-YSQ", "width": 168, "height": 94, "resolution": "168x94", "id": "0"}, {"url": "https://i.ytimg.com/vi/o0Sldt_cyFY/hqdefault.jpg?sqp=-oaymwEbCMQBEG5IVfKriqkDDggBFQAAiEIYAXABwAEG&rs=AOn4CLC9CwfbEUYAgfFctWI4Q9MsG1fHFg", "width": 196, "height": 110, "resolution": "196x110", "id": "1"}, {"url": "https://i.ytimg.com/vi/o0Sldt_cyFY/hqdefault.jpg?sqp=-oaymwEcCPYBEIoBSFXyq4qpAw4IARUAAIhCGAFwAcABBg==&rs=AOn4CLAKi0D2piZLF7WmgkoaK0SjtE_3GA", "width": 246, "height": 138, "resolution": "246x138", "id": "2"}, {"url": "https://i.ytimg.com/vi/o0Sldt_cyFY/hqdefault.jpg?sqp=-oaymwEcCNACELwBSFXyq4qpAw4IARUAAIhCGAFwAcABBg==&rs=AOn4CLDnVcTNXXgUax-GcxwybH9z0iXpfg", "width": 336, "height": 188, "resolution": "336x188", "id": "3"}, {"url": "https://i.ytimg.com/vi/o0Sldt_cyFY/maxresdefault.jpg", "width": 1920, "height": 1080, "resolution": "1920x1080", "id": "4"}], "description": "\uc548\ub155\ud558\uc138\uc694.\n\ud53c\uc544\ub178\uc545\ubcf4 \uc804\ubb38 \uc0ac\uc774\ud2b8 \ud53c\uc544\ub178\ud558\ud2b8\uc5d0\uc11c \n2014\ub144 6\uc6d4 5\uc77c\uc5d0 \ucd9c\uc2dc\ud55c \uc545\ubcf4\ub294\n\ud0dc\uc591\uc758 '\ub208,\ucf54,\uc785' \uc785\ub2c8\ub2e4.\n\n\uc545\ubcf4\uac00 \ud544\uc694\ud558\uc2e0 \ubd84\ub4e4\uc740 http://www.pianoheart.co.kr \uc5d0\uc11c \n\uad6c\ud558\uc2e4 \uc218 \uc788\uc2b5\ub2c8\ub2e4.\n\n*, \ud53c\uc544\ub178\ud558\ud2b8\uc5d0\uc11c\ub294 \uc131\uc778 \ud53c\uc544\ub178 \ub808\uc2a8\uacfc \ud53c\uc544\ub178 \uc545\ubcf4 \uc81c\uc791\ubc0f \ud3b8\uace1\uc744 \ud558\uace0 \uc788\uc2b5\ub2c8\ub2e4.\n\uc545\ubcf4\ub97c \uc6d0\ud558\uc2dc\ub294 \ubd84\uc740 www.pianoheart.co.kr \uc5d0\uc11c \uad6c\ud558\uc2e4 \uc218 \uc788\uc73c\uba70,\n\ub808\uc2a8\uc744 \uc6d0\ud558\uc2dc\ub294 \ubd84\uc740 010-8463-0803 \uc73c\ub85c \ubb38\uc758 \ubc14\ub78d\ub2c8\ub2e4.\n\ub610\ud55c \uc545\ubcf4 \uc5c5\ub370\uc774\ud2b8\ub294 \ud2b8\uc704\ud130 @pianoheart \uc5d0 \ud314\ub85c\uc6b0 \ud558\uc2dc\uba74\n\uc545\ubcf4\uac00 \uc5c5\ub370\uc774\ud2b8 \ub420\ub54c\ub9c8\ub2e4 \uc0c8 \uc18c\uc2dd\uc744 \ubc1b\uc544 \ubcf4\uc2e4 \uc218 \uc788\uc2b5\ub2c8\ub2e4.^^\n\n*. \uc5f0\uc8fc\uac00 \ud544\uc694\ud55c \uacf3\uc774 \uc788\ub2e4\uba74 \uc5f0\ub77d\uc8fc\uc138\uc694. \ub77c\uc774\ube0c \uc5f0\uc8fc \uac00\ub2a5\ud569\ub2c8\ub2e4. *. If you don't know Korean Language, please check English Guide.\n  at  http://www.pianoheart.co.kr/English_Guide.pdf", "categories": ["Music"], "tags": ["RD-700NX"], "subtitles": {}, "automatic_captions": {}, "duration": 247, "age_limit": 0, "annotations": null, "chapters": null, "webpage_url": "https://www.youtube.com/watch?v=o0Sldt_cyFY", "view_count": 914078, "like_count": 11709, "dislike_count": 85, "average_rating": 4.9711719, "formats": [{"format_id": "249", "url": "https://r5---sn-5njj-u2xl.googlevideo.com/videoplayback?expire=1611764373&ei=NT4RYJaqGMjCgAPdrLfwBw&ip=140.109.135.76&id=o-AO3glcxy5q-N7eWfEkfAdDjNj_h_7KlT2uxDL8fiVen7&itag=249&source=youtube&requiressl=yes&mh=Vs&mm=31%2C29&mn=sn-5njj-u2xl%2Csn-un57en7e&ms=au%2Crdu&mv=m&mvi=5&pl=16&initcwndbps=546250&vprv=1&mime=audio%2Fwebm&ns=CmARNlBs2X7IiHi9m3zWkLgF&gir=yes&clen=1844290&dur=246.721&lmt=1540032528029956&mt=1611742362&fvip=5&keepalive=yes&c=WEB&txp=5411222&n=NMkwQ2QavBIWYKCf3gC2&sparams=expire%2Cei%2Cip%2Cid%2Citag%2Csource%2Crequiressl%2Cvprv%2Cmime%2Cns%2Cgir%2Cclen%2Cdur%2Clmt&lsparams=mh%2Cmm%2Cmn%2Cms%2Cmv%2Cmvi%2Cpl%2Cinitcwndbps&lsig=AG3C_xAwRgIhAITrKrxPGtGiADQHhvoY3m7kY8aDaX5fTLXlW0StHcHiAiEA71khoNn-qQBxY08KjURRwSSmy9N4Hv2WpWNRJPIcl3k%3D&sig=AOq0QJ8wRgIhAI8-wzwCdQ4svaR09rzomN_4faV9aKDVrZERRinEAOTKAiEAg89gkP-gISBMNXKZYg0yYqVL93S-96AwET46WpoT3KY=&ratebypass=yes", "player_url": "/s/player/c6df6ed7/player_ias.vflset/en_US/base.js", "ext": "webm", "format_note": "tiny", "acodec": "opus", "abr": 50, "asr": 48000, "filesize": 1844290, "fps": null, "height": null, "tbr": 65.045, "width": null, "vcodec": "none", "downloader_options": {"http_chunk_size": 10485760}, "format": "249 - audio only (tiny)", "protocol": "https", "http_headers": {"User-Agent": "Mozilla/5.0 (Windows NT 10.0; Win64; x64) AppleWebKit/537.36 (KHTML, like Gecko) Chrome/72.0.3626.25 Safari/537.36", "Accept-Charset": "ISO-8859-1,utf-8;q=0.7,*;q=0.7", "Accept": "text/html,application/xhtml+xml,application/xml;q=0.9,*/*;q=0.8", "Accept-Encoding": "gzip, deflate", "Accept-Language": "en-us,en;q=0.5"}}, {"format_id": "250", "url": "https://r5---sn-5njj-u2xl.googlevideo.com/videoplayback?expire=1611764373&ei=NT4RYJaqGMjCgAPdrLfwBw&ip=140.109.135.76&id=o-AO3glcxy5q-N7eWfEkfAdDjNj_h_7KlT2uxDL8fiVen7&itag=250&source=youtube&requiressl=yes&mh=Vs&mm=31%2C29&mn=sn-5njj-u2xl%2Csn-un57en7e&ms=au%2Crdu&mv=m&mvi=5&pl=16&initcwndbps=546250&vprv=1&mime=audio%2Fwebm&ns=CmARNlBs2X7IiHi9m3zWkLgF&gir=yes&clen=2466012&dur=246.721&lmt=1540032527621601&mt=1611742362&fvip=5&keepalive=yes&c=WEB&txp=5411222&n=NMkwQ2QavBIWYKCf3gC2&sparams=expire%2Cei%2Cip%2Cid%2Citag%2Csource%2Crequiressl%2Cvprv%2Cmime%2Cns%2Cgir%2Cclen%2Cdur%2Clmt&lsparams=mh%2Cmm%2Cmn%2Cms%2Cmv%2Cmvi%2Cpl%2Cinitcwndbps&lsig=AG3C_xAwRQIgfOVhSI8Gp5qI9EFEdsjGfo_PvNNkXEEP11AF5UJz_kYCIQDeA-6UJI8qRTUxDFJxd2CWS7_BuWxuvjYepnQ5_sTsiA%3D%3D&sig=AOq0QJ8wRgIhALIs6tJHEeDe5vGpCLQqjawUlXMX7G7MjVfthXfz4ZxKAiEA9d9RgR09o7kVcAc7GjmGr2tKgRn7jyHvcsYpNJiVp0w=&ratebypass=yes", "player_url": "/s/player/c6df6ed7/player_ias.vflset/en_US/base.js", "ext": "webm", "format_note": "tiny", "acodec": "opus", "abr": 70, "asr": 48000, "filesize": 2466012, "fps": null, "height": null, "tbr": 87.302, "width": null, "vcodec": "none", "downloader_options": {"http_chunk_size": 10485760}, "format": "250 - audio only (tiny)", "protocol": "https", "http_headers": {"User-Agent": "Mozilla/5.0 (Windows NT 10.0; Win64; x64) AppleWebKit/537.36 (KHTML, like Gecko) Chrome/72.0.3626.25 Safari/537.36", "Accept-Charset": "ISO-8859-1,utf-8;q=0.7,*;q=0.7", "Accept": "text/html,application/xhtml+xml,application/xml;q=0.9,*/*;q=0.8", "Accept-Encoding": "gzip, deflate", "Accept-Language": "en-us,en;q=0.5"}}, {"format_id": "140", "url": "https://r5---sn-5njj-u2xl.googlevideo.com/videoplayback?expire=1611764373&ei=NT4RYJaqGMjCgAPdrLfwBw&ip=140.109.135.76&id=o-AO3glcxy5q-N7eWfEkfAdDjNj_h_7KlT2uxDL8fiVen7&itag=140&source=youtube&requiressl=yes&mh=Vs&mm=31%2C29&mn=sn-5njj-u2xl%2Csn-un57en7e&ms=au%2Crdu&mv=m&mvi=5&pl=16&initcwndbps=546250&vprv=1&mime=audio%2Fmp4&ns=CmARNlBs2X7IiHi9m3zWkLgF&gir=yes&clen=3994207&dur=246.758&lmt=1610123693464124&mt=1611742362&fvip=5&keepalive=yes&c=WEB&txp=5411222&n=NMkwQ2QavBIWYKCf3gC2&sparams=expire%2Cei%2Cip%2Cid%2Citag%2Csource%2Crequiressl%2Cvprv%2Cmime%2Cns%2Cgir%2Cclen%2Cdur%2Clmt&lsparams=mh%2Cmm%2Cmn%2Cms%2Cmv%2Cmvi%2Cpl%2Cinitcwndbps&lsig=AG3C_xAwRAIgEoV8SpJh-2d2t0nSFPPXLep-8hYl8Iybmn_JTR1bIboCIBwclZIYC0RlkKiwyxXaDaQ7rcnp2CCNZh6XQxwGCB0z&sig=AOq0QJ8wRQIgBuwc79nm8hCKa27L7D2hgrVL7lN_oJFd2KN441PigUkCIQDWMjv01j6VS0BYXsRXcc6TIskg5AuZanaW_EP7_Yn1Lg==&ratebypass=yes", "player_url": "/s/player/c6df6ed7/player_ias.vflset/en_US/base.js", "ext": "m4a", "format_note": "tiny", "acodec": "mp4a.40.2", "abr": 128, "container": "m4a_dash", "asr": 44100, "filesize": 3994207, "fps": null, "height": null, "tbr": 130.496, "width": null, "vcodec": "none", "downloader_options": {"http_chunk_size": 10485760}, "format": "140 - audio only (tiny)", "protocol": "https", "http_headers": {"User-Agent": "Mozilla/5.0 (Windows NT 10.0; Win64; x64) AppleWebKit/537.36 (KHTML, like Gecko) Chrome/72.0.3626.25 Safari/537.36", "Accept-Charset": "ISO-8859-1,utf-8;q=0.7,*;q=0.7", "Accept": "text/html,application/xhtml+xml,application/xml;q=0.9,*/*;q=0.8", "Accept-Encoding": "gzip, deflate", "Accept-Language": "en-us,en;q=0.5"}}, {"format_id": "251", "url": "https://r5---sn-5njj-u2xl.googlevideo.com/videoplayback?expire=1611764373&ei=NT4RYJaqGMjCgAPdrLfwBw&ip=140.109.135.76&id=o-AO3glcxy5q-N7eWfEkfAdDjNj_h_7KlT2uxDL8fiVen7&itag=251&source=youtube&requiressl=yes&mh=Vs&mm=31%2C29&mn=sn-5njj-u2xl%2Csn-un57en7e&ms=au%2Crdu&mv=m&mvi=5&pl=16&initcwndbps=546250&vprv=1&mime=audio%2Fwebm&ns=CmARNlBs2X7IiHi9m3zWkLgF&gir=yes&clen=4697846&dur=246.721&lmt=1540032527609722&mt=1611742362&fvip=5&keepalive=yes&c=WEB&txp=5411222&n=NMkwQ2QavBIWYKCf3gC2&sparams=expire%2Cei%2Cip%2Cid%2Citag%2Csource%2Crequiressl%2Cvprv%2Cmime%2Cns%2Cgir%2Cclen%2Cdur%2Clmt&lsparams=mh%2Cmm%2Cmn%2Cms%2Cmv%2Cmvi%2Cpl%2Cinitcwndbps&lsig=AG3C_xAwRQIhAN9DBPGJQpbmSB4lMm2yCVDI-kqH-pvcY-auk2mJLsivAiBFeVHgLNon0ocSO9XV0AZ4ggGEapU8sDKnMx6pZYf62A%3D%3D&sig=AOq0QJ8wRAIgDdoIfy0sFRXo91bUeJu5qbQ4pm5iB9_6yzHrAvEZBekCIGTF5WLMfiZZ2YyjDX6rDbhd_Eu2M2G2UeGuj-4ZGmCI&ratebypass=yes", "player_url": "/s/player/c6df6ed7/player_ias.vflset/en_US/base.js", "ext": "webm", "format_note": "tiny", "acodec": "opus", "abr": 160, "asr": 48000, "filesize": 4697846, "fps": null, "height": null, "tbr": 163.412, "width": null, "vcodec": "none", "downloader_options": {"http_chunk_size": 10485760}, "format": "251 - audio only (tiny)", "protocol": "https", "http_headers": {"User-Agent": "Mozilla/5.0 (Windows NT 10.0; Win64; x64) AppleWebKit/537.36 (KHTML, like Gecko) Chrome/72.0.3626.25 Safari/537.36", "Accept-Charset": "ISO-8859-1,utf-8;q=0.7,*;q=0.7", "Accept": "text/html,application/xhtml+xml,application/xml;q=0.9,*/*;q=0.8", "Accept-Encoding": "gzip, deflate", "Accept-Language": "en-us,en;q=0.5"}}, {"format_id": "160", "url": "https://r5---sn-5njj-u2xl.googlevideo.com/videoplayback?expire=1611764373&ei=NT4RYJaqGMjCgAPdrLfwBw&ip=140.109.135.76&id=o-AO3glcxy5q-N7eWfEkfAdDjNj_h_7KlT2uxDL8fiVen7&itag=160&aitags=133%2C134%2C135%2C136%2C137%2C160%2C242%2C243%2C244%2C247%2C248%2C278&source=youtube&requiressl=yes&mh=Vs&mm=31%2C29&mn=sn-5njj-u2xl%2Csn-un57en7e&ms=au%2Crdu&mv=m&mvi=5&pl=16&initcwndbps=546250&vprv=1&mime=video%2Fmp4&ns=CmARNlBs2X7IiHi9m3zWkLgF&gir=yes&clen=1951629&dur=246.599&lmt=1610124597696700&mt=1611742362&fvip=5&keepalive=yes&c=WEB&txp=5411222&n=NMkwQ2QavBIWYKCf3gC2&sparams=expire%2Cei%2Cip%2Cid%2Caitags%2Csource%2Crequiressl%2Cvprv%2Cmime%2Cns%2Cgir%2Cclen%2Cdur%2Clmt&lsparams=mh%2Cmm%2Cmn%2Cms%2Cmv%2Cmvi%2Cpl%2Cinitcwndbps&lsig=AG3C_xAwRgIhAOr3jTv-iAgGXOcwNc3IBJEdheohLxXKLaexnWVSOzWMAiEAsyJBpwvMpVnkra6aVOI8pGwnDcWqE_tJoEflHAJhhyM%3D&sig=AOq0QJ8wRQIgCIRzu0bXF_6DsljFFB6da8bX3by9HSIAiVWddjau1QUCIQC_2a-2mFJvDi9dh2qhLGZwAxBtzPox4_m1XDaLJcVD6g==&ratebypass=yes", "player_url": "/s/player/c6df6ed7/player_ias.vflset/en_US/base.js", "ext": "mp4", "height": 144, "format_note": "144p", "vcodec": "avc1.4d400c", "asr": null, "filesize": 1951629, "fps": 30, "tbr": 84.845, "width": 256, "acodec": "none", "downloader_options": {"http_chunk_size": 10485760}, "format": "160 - 256x144 (144p)", "protocol": "https", "http_headers": {"User-Agent": "Mozilla/5.0 (Windows NT 10.0; Win64; x64) AppleWebKit/537.36 (KHTML, like Gecko) Chrome/72.0.3626.25 Safari/537.36", "Accept-Charset": "ISO-8859-1,utf-8;q=0.7,*;q=0.7", "Accept": "text/html,application/xhtml+xml,application/xml;q=0.9,*/*;q=0.8", "Accept-Encoding": "gzip, deflate", "Accept-Language": "en-us,en;q=0.5"}}, {"format_id": "278", "url": "https://r5---sn-5njj-u2xl.googlevideo.com/videoplayback?expire=1611764373&ei=NT4RYJaqGMjCgAPdrLfwBw&ip=140.109.135.76&id=o-AO3glcxy5q-N7eWfEkfAdDjNj_h_7KlT2uxDL8fiVen7&itag=278&aitags=133%2C134%2C135%2C136%2C137%2C160%2C242%2C243%2C244%2C247%2C248%2C278&source=youtube&requiressl=yes&mh=Vs&mm=31%2C29&mn=sn-5njj-u2xl%2Csn-un57en7e&ms=au%2Crdu&mv=m&mvi=5&pl=16&initcwndbps=546250&vprv=1&mime=video%2Fwebm&ns=CmARNlBs2X7IiHi9m3zWkLgF&gir=yes&clen=2842324&dur=246.600&lmt=1540032242941985&mt=1611742362&fvip=5&keepalive=yes&c=WEB&txp=5432432&n=NMkwQ2QavBIWYKCf3gC2&sparams=expire%2Cei%2Cip%2Cid%2Caitags%2Csource%2Crequiressl%2Cvprv%2Cmime%2Cns%2Cgir%2Cclen%2Cdur%2Clmt&lsparams=mh%2Cmm%2Cmn%2Cms%2Cmv%2Cmvi%2Cpl%2Cinitcwndbps&lsig=AG3C_xAwRQIgWP4t6tOvCykDDFADxwdUnP6e0axEGuvbTVHK8J98rBUCIQC21L3Mr3l1jetoi8MdeNZXNMhyys4Q57E2sZauxhZWDw%3D%3D&sig=AOq0QJ8wRAIgEE3-b9inMA3oRqp9aNKN1XmX8FWmnjWh0QijitMYPLsCIExuO6JYjeoBnwe0wmdkrcAlMok4F2bS1esDJyAmX6QP&ratebypass=yes", "player_url": "/s/player/c6df6ed7/player_ias.vflset/en_US/base.js", "ext": "webm", "height": 144, "format_note": "144p", "container": "webm", "vcodec": "vp9", "asr": null, "filesize": 2842324, "fps": 30, "tbr": 96.88, "width": 256, "acodec": "none", "downloader_options": {"http_chunk_size": 10485760}, "format": "278 - 256x144 (144p)", "protocol": "https", "http_headers": {"User-Agent": "Mozilla/5.0 (Windows NT 10.0; Win64; x64) AppleWebKit/537.36 (KHTML, like Gecko) Chrome/72.0.3626.25 Safari/537.36", "Accept-Charset": "ISO-8859-1,utf-8;q=0.7,*;q=0.7", "Accept": "text/html,application/xhtml+xml,application/xml;q=0.9,*/*;q=0.8", "Accept-Encoding": "gzip, deflate", "Accept-Language": "en-us,en;q=0.5"}}, {"format_id": "242", "url": "https://r5---sn-5njj-u2xl.googlevideo.com/videoplayback?expire=1611764373&ei=NT4RYJaqGMjCgAPdrLfwBw&ip=140.109.135.76&id=o-AO3glcxy5q-N7eWfEkfAdDjNj_h_7KlT2uxDL8fiVen7&itag=242&aitags=133%2C134%2C135%2C136%2C137%2C160%2C242%2C243%2C244%2C247%2C248%2C278&source=youtube&requiressl=yes&mh=Vs&mm=31%2C29&mn=sn-5njj-u2xl%2Csn-un57en7e&ms=au%2Crdu&mv=m&mvi=5&pl=16&initcwndbps=546250&vprv=1&mime=video%2Fwebm&ns=CmARNlBs2X7IiHi9m3zWkLgF&gir=yes&clen=4523882&dur=246.600&lmt=1540032242976903&mt=1611742362&fvip=5&keepalive=yes&c=WEB&txp=5432432&n=NMkwQ2QavBIWYKCf3gC2&sparams=expire%2Cei%2Cip%2Cid%2Caitags%2Csource%2Crequiressl%2Cvprv%2Cmime%2Cns%2Cgir%2Cclen%2Cdur%2Clmt&lsparams=mh%2Cmm%2Cmn%2Cms%2Cmv%2Cmvi%2Cpl%2Cinitcwndbps&lsig=AG3C_xAwRQIgVbV4I5Rk9Z2O95ZiQOvXNUpsErf-kzHzak7hNNMVjHoCIQD_uMN4DnjbwBEBM80Be8eyME5-hYfCQFyrHWh6cTUE8w%3D%3D&sig=AOq0QJ8wRQIhALLjZ07wpAjB25uZuPf-JWgcQPeJHX4xOt1ttbNXdjHVAiAMCJlsGoJc5TNcpweR-8HRGp7d2FUzPbBwfUbhtzFfYQ==&ratebypass=yes", "player_url": "/s/player/c6df6ed7/player_ias.vflset/en_US/base.js", "ext": "webm", "height": 240, "format_note": "240p", "vcodec": "vp9", "asr": null, "filesize": 4523882, "fps": 30, "tbr": 179.156, "width": 426, "acodec": "none", "downloader_options": {"http_chunk_size": 10485760}, "format": "242 - 426x240 (240p)", "protocol": "https", "http_headers": {"User-Agent": "Mozilla/5.0 (Windows NT 10.0; Win64; x64) AppleWebKit/537.36 (KHTML, like Gecko) Chrome/72.0.3626.25 Safari/537.36", "Accept-Charset": "ISO-8859-1,utf-8;q=0.7,*;q=0.7", "Accept": "text/html,application/xhtml+xml,application/xml;q=0.9,*/*;q=0.8", "Accept-Encoding": "gzip, deflate", "Accept-Language": "en-us,en;q=0.5"}}, {"format_id": "133", "url": "https://r5---sn-5njj-u2xl.googlevideo.com/videoplayback?expire=1611764373&ei=NT4RYJaqGMjCgAPdrLfwBw&ip=140.109.135.76&id=o-AO3glcxy5q-N7eWfEkfAdDjNj_h_7KlT2uxDL8fiVen7&itag=133&aitags=133%2C134%2C135%2C136%2C137%2C160%2C242%2C243%2C244%2C247%2C248%2C278&source=youtube&requiressl=yes&mh=Vs&mm=31%2C29&mn=sn-5njj-u2xl%2Csn-un57en7e&ms=au%2Crdu&mv=m&mvi=5&pl=16&initcwndbps=546250&vprv=1&mime=video%2Fmp4&ns=CmARNlBs2X7IiHi9m3zWkLgF&gir=yes&clen=4174860&dur=246.599&lmt=1610124597703114&mt=1611742362&fvip=5&keepalive=yes&c=WEB&txp=5411222&n=NMkwQ2QavBIWYKCf3gC2&sparams=expire%2Cei%2Cip%2Cid%2Caitags%2Csource%2Crequiressl%2Cvprv%2Cmime%2Cns%2Cgir%2Cclen%2Cdur%2Clmt&lsparams=mh%2Cmm%2Cmn%2Cms%2Cmv%2Cmvi%2Cpl%2Cinitcwndbps&lsig=AG3C_xAwRQIgNpTkjNSqrdexWF8D-hEq5QF1-UDKF8YXKeBAmlWxImYCIQCO7Xhn8ka4E3dhrr4iOAvjC-P4NDs7FwzOgp7CFGPC5Q%3D%3D&sig=AOq0QJ8wRQIgB5P68vSltQjgUYYIT-tNcKqiuQLXGGyTSjEEmzEKvskCIQDCPJGwAo_cKXmpgaOhNLSwEBo3UEykcpEIzFgekdTokQ==&ratebypass=yes", "player_url": "/s/player/c6df6ed7/player_ias.vflset/en_US/base.js", "ext": "mp4", "height": 240, "format_note": "240p", "vcodec": "avc1.4d4015", "asr": null, "filesize": 4174860, "fps": 30, "tbr": 201.395, "width": 426, "acodec": "none", "downloader_options": {"http_chunk_size": 10485760}, "format": "133 - 426x240 (240p)", "protocol": "https", "http_headers": {"User-Agent": "Mozilla/5.0 (Windows NT 10.0; Win64; x64) AppleWebKit/537.36 (KHTML, like Gecko) Chrome/72.0.3626.25 Safari/537.36", "Accept-Charset": "ISO-8859-1,utf-8;q=0.7,*;q=0.7", "Accept": "text/html,application/xhtml+xml,application/xml;q=0.9,*/*;q=0.8", "Accept-Encoding": "gzip, deflate", "Accept-Language": "en-us,en;q=0.5"}}, {"format_id": "243", "url": "https://r5---sn-5njj-u2xl.googlevideo.com/videoplayback?expire=1611764373&ei=NT4RYJaqGMjCgAPdrLfwBw&ip=140.109.135.76&id=o-AO3glcxy5q-N7eWfEkfAdDjNj_h_7KlT2uxDL8fiVen7&itag=243&aitags=133%2C134%2C135%2C136%2C137%2C160%2C242%2C243%2C244%2C247%2C248%2C278&source=youtube&requiressl=yes&mh=Vs&mm=31%2C29&mn=sn-5njj-u2xl%2Csn-un57en7e&ms=au%2Crdu&mv=m&mvi=5&pl=16&initcwndbps=546250&vprv=1&mime=video%2Fwebm&ns=CmARNlBs2X7IiHi9m3zWkLgF&gir=yes&clen=8330499&dur=246.600&lmt=1540032242927130&mt=1611742362&fvip=5&keepalive=yes&c=WEB&txp=5432432&n=NMkwQ2QavBIWYKCf3gC2&sparams=expire%2Cei%2Cip%2Cid%2Caitags%2Csource%2Crequiressl%2Cvprv%2Cmime%2Cns%2Cgir%2Cclen%2Cdur%2Clmt&lsparams=mh%2Cmm%2Cmn%2Cms%2Cmv%2Cmvi%2Cpl%2Cinitcwndbps&lsig=AG3C_xAwRAIgdrXDwleKoiQBDBbAyDBUS_5y13aoLvRqlI1nP_qnV5kCIHf74dgKlC1bk6xPP65JqjNGi6gksDLSZZX9BXJ3eqjU&sig=AOq0QJ8wRQIhAO4CL2DX93KBi79dqtWCZJt5g0Dw2PsHiW1PRe5ZL9CWAiBdTH1Ixzk3sd7T-tqJbVM-3SHIxdeYGplaEBHiq3908A==&ratebypass=yes", "player_url": "/s/player/c6df6ed7/player_ias.vflset/en_US/base.js", "ext": "webm", "height": 360, "format_note": "360p", "vcodec": "vp9", "asr": null, "filesize": 8330499, "fps": 30, "tbr": 330.032, "width": 640, "acodec": "none", "downloader_options": {"http_chunk_size": 10485760}, "format": "243 - 640x360 (360p)", "protocol": "https", "http_headers": {"User-Agent": "Mozilla/5.0 (Windows NT 10.0; Win64; x64) AppleWebKit/537.36 (KHTML, like Gecko) Chrome/72.0.3626.25 Safari/537.36", "Accept-Charset": "ISO-8859-1,utf-8;q=0.7,*;q=0.7", "Accept": "text/html,application/xhtml+xml,application/xml;q=0.9,*/*;q=0.8", "Accept-Encoding": "gzip, deflate", "Accept-Language": "en-us,en;q=0.5"}}, {"format_id": "134", "url": "https://r5---sn-5njj-u2xl.googlevideo.com/videoplayback?expire=1611764373&ei=NT4RYJaqGMjCgAPdrLfwBw&ip=140.109.135.76&id=o-AO3glcxy5q-N7eWfEkfAdDjNj_h_7KlT2uxDL8fiVen7&itag=134&aitags=133%2C134%2C135%2C136%2C137%2C160%2C242%2C243%2C244%2C247%2C248%2C278&source=youtube&requiressl=yes&mh=Vs&mm=31%2C29&mn=sn-5njj-u2xl%2Csn-un57en7e&ms=au%2Crdu&mv=m&mvi=5&pl=16&initcwndbps=546250&vprv=1&mime=video%2Fmp4&ns=CmARNlBs2X7IiHi9m3zWkLgF&gir=yes&clen=5937809&dur=246.599&lmt=1610124597696817&mt=1611742362&fvip=5&keepalive=yes&c=WEB&txp=5411222&n=NMkwQ2QavBIWYKCf3gC2&sparams=expire%2Cei%2Cip%2Cid%2Caitags%2Csource%2Crequiressl%2Cvprv%2Cmime%2Cns%2Cgir%2Cclen%2Cdur%2Clmt&lsparams=mh%2Cmm%2Cmn%2Cms%2Cmv%2Cmvi%2Cpl%2Cinitcwndbps&lsig=AG3C_xAwRAIgJMl6iCLK6btVgWwwj16Fozxi_HGbY-IAVNg21jDGqZQCIHLazOvQc76pHOk4PSRUt5cePllyuNBasFwFVmfoN2ny&sig=AOq0QJ8wRAIgJ7GSo9KwzXgS6gFVj1Coirv6cUd8cic99JRTpva45R8CID5tjIEzQ0gaRxigDxFAsCz2zHoWIqf-ZZdVWYVDpat7&ratebypass=yes", "player_url": "/s/player/c6df6ed7/player_ias.vflset/en_US/base.js", "ext": "mp4", "height": 360, "format_note": "360p", "vcodec": "avc1.4d401e", "asr": null, "filesize": 5937809, "fps": 30, "tbr": 330.551, "width": 640, "acodec": "none", "downloader_options": {"http_chunk_size": 10485760}, "format": "134 - 640x360 (360p)", "protocol": "https", "http_headers": {"User-Agent": "Mozilla/5.0 (Windows NT 10.0; Win64; x64) AppleWebKit/537.36 (KHTML, like Gecko) Chrome/72.0.3626.25 Safari/537.36", "Accept-Charset": "ISO-8859-1,utf-8;q=0.7,*;q=0.7", "Accept": "text/html,application/xhtml+xml,application/xml;q=0.9,*/*;q=0.8", "Accept-Encoding": "gzip, deflate", "Accept-Language": "en-us,en;q=0.5"}}, {"format_id": "244", "url": "https://r5---sn-5njj-u2xl.googlevideo.com/videoplayback?expire=1611764373&ei=NT4RYJaqGMjCgAPdrLfwBw&ip=140.109.135.76&id=o-AO3glcxy5q-N7eWfEkfAdDjNj_h_7KlT2uxDL8fiVen7&itag=244&aitags=133%2C134%2C135%2C136%2C137%2C160%2C242%2C243%2C244%2C247%2C248%2C278&source=youtube&requiressl=yes&mh=Vs&mm=31%2C29&mn=sn-5njj-u2xl%2Csn-un57en7e&ms=au%2Crdu&mv=m&mvi=5&pl=16&initcwndbps=546250&vprv=1&mime=video%2Fwebm&ns=CmARNlBs2X7IiHi9m3zWkLgF&gir=yes&clen=15011499&dur=246.600&lmt=1540032242956792&mt=1611742362&fvip=5&keepalive=yes&c=WEB&txp=5432432&n=NMkwQ2QavBIWYKCf3gC2&sparams=expire%2Cei%2Cip%2Cid%2Caitags%2Csource%2Crequiressl%2Cvprv%2Cmime%2Cns%2Cgir%2Cclen%2Cdur%2Clmt&lsparams=mh%2Cmm%2Cmn%2Cms%2Cmv%2Cmvi%2Cpl%2Cinitcwndbps&lsig=AG3C_xAwRQIhAPPH38Z9iG3JZmgw3GBfd1xmLoikC5cDwOKwOYCUj8VkAiBspi2HoKOCNLWMZ4uVnW_My9C0W5SjGhqYx_SODJGYEQ%3D%3D&sig=AOq0QJ8wRQIhAPK0x71GV_nZx5wVLZ7zKBJEPy-ZtkI_tvdyEdsaniJXAiBJJMFBIh7a0TJRigXu39t28NQGhdpoGHEjPzCgcZH8YQ==&ratebypass=yes", "player_url": "/s/player/c6df6ed7/player_ias.vflset/en_US/base.js", "ext": "webm", "height": 480, "format_note": "480p", "vcodec": "vp9", "asr": null, "filesize": 15011499, "fps": 30, "tbr": 588.821, "width": 854, "acodec": "none", "downloader_options": {"http_chunk_size": 10485760}, "format": "244 - 854x480 (480p)", "protocol": "https", "http_headers": {"User-Agent": "Mozilla/5.0 (Windows NT 10.0; Win64; x64) AppleWebKit/537.36 (KHTML, like Gecko) Chrome/72.0.3626.25 Safari/537.36", "Accept-Charset": "ISO-8859-1,utf-8;q=0.7,*;q=0.7", "Accept": "text/html,application/xhtml+xml,application/xml;q=0.9,*/*;q=0.8", "Accept-Encoding": "gzip, deflate", "Accept-Language": "en-us,en;q=0.5"}}, {"format_id": "135", "url": "https://r5---sn-5njj-u2xl.googlevideo.com/videoplayback?expire=1611764373&ei=NT4RYJaqGMjCgAPdrLfwBw&ip=140.109.135.76&id=o-AO3glcxy5q-N7eWfEkfAdDjNj_h_7KlT2uxDL8fiVen7&itag=135&aitags=133%2C134%2C135%2C136%2C137%2C160%2C242%2C243%2C244%2C247%2C248%2C278&source=youtube&requiressl=yes&mh=Vs&mm=31%2C29&mn=sn-5njj-u2xl%2Csn-un57en7e&ms=au%2Crdu&mv=m&mvi=5&pl=16&initcwndbps=546250&vprv=1&mime=video%2Fmp4&ns=CmARNlBs2X7IiHi9m3zWkLgF&gir=yes&clen=12121526&dur=246.599&lmt=1610124597694035&mt=1611742362&fvip=5&keepalive=yes&c=WEB&txp=5411222&n=NMkwQ2QavBIWYKCf3gC2&sparams=expire%2Cei%2Cip%2Cid%2Caitags%2Csource%2Crequiressl%2Cvprv%2Cmime%2Cns%2Cgir%2Cclen%2Cdur%2Clmt&lsparams=mh%2Cmm%2Cmn%2Cms%2Cmv%2Cmvi%2Cpl%2Cinitcwndbps&lsig=AG3C_xAwRQIgEh7Hul97m1kZ_dEiOJuT_dTht1enDgRpnQzI3fQtibACIQCj5x-kKwXmtUTZ03MEMEPdgmFD7-qSFe7tujxpjgLe7Q%3D%3D&sig=AOq0QJ8wRQIhAMjGFfmc1pdpDX-dymzb0xp4kZ9rp0tgv-3B8A2f2cHEAiATbVlfc7t97m2pOvykb9JQLtdRcQwdFs0AgyRQQpJ1Hg==&ratebypass=yes", "player_url": "/s/player/c6df6ed7/player_ias.vflset/en_US/base.js", "ext": "mp4", "height": 480, "format_note": "480p", "vcodec": "avc1.4d401f", "asr": null, "filesize": 12121526, "fps": 30, "tbr": 684.042, "width": 854, "acodec": "none", "downloader_options": {"http_chunk_size": 10485760}, "format": "135 - 854x480 (480p)", "protocol": "https", "http_headers": {"User-Agent": "Mozilla/5.0 (Windows NT 10.0; Win64; x64) AppleWebKit/537.36 (KHTML, like Gecko) Chrome/72.0.3626.25 Safari/537.36", "Accept-Charset": "ISO-8859-1,utf-8;q=0.7,*;q=0.7", "Accept": "text/html,application/xhtml+xml,application/xml;q=0.9,*/*;q=0.8", "Accept-Encoding": "gzip, deflate", "Accept-Language": "en-us,en;q=0.5"}}, {"format_id": "247", "url": "https://r5---sn-5njj-u2xl.googlevideo.com/videoplayback?expire=1611764373&ei=NT4RYJaqGMjCgAPdrLfwBw&ip=140.109.135.76&id=o-AO3glcxy5q-N7eWfEkfAdDjNj_h_7KlT2uxDL8fiVen7&itag=247&aitags=133%2C134%2C135%2C136%2C137%2C160%2C242%2C243%2C244%2C247%2C248%2C278&source=youtube&requiressl=yes&mh=Vs&mm=31%2C29&mn=sn-5njj-u2xl%2Csn-un57en7e&ms=au%2Crdu&mv=m&mvi=5&pl=16&initcwndbps=546250&vprv=1&mime=video%2Fwebm&ns=CmARNlBs2X7IiHi9m3zWkLgF&gir=yes&clen=33558750&dur=246.600&lmt=1540032242971059&mt=1611742362&fvip=5&keepalive=yes&c=WEB&txp=5432432&n=NMkwQ2QavBIWYKCf3gC2&sparams=expire%2Cei%2Cip%2Cid%2Caitags%2Csource%2Crequiressl%2Cvprv%2Cmime%2Cns%2Cgir%2Cclen%2Cdur%2Clmt&lsparams=mh%2Cmm%2Cmn%2Cms%2Cmv%2Cmvi%2Cpl%2Cinitcwndbps&lsig=AG3C_xAwRgIhAKj3hF-tOGHqHR6gO74SxLxEIH-QsvX2SNaXkZmqSAlTAiEA-Dgejy-RVlNwBOLByXsBzdVvHC-wCLZP4zE-UMO1LS0%3D&sig=AOq0QJ8wRgIhALQumGfHk8X55TDxBVivKEyLJigDbK0aJT2zP1PLBQoaAiEAmzvndcrv281YhwY9t7FECk2nX0XbvQEL1UmQc8bz_8g=&ratebypass=yes", "player_url": "/s/player/c6df6ed7/player_ias.vflset/en_US/base.js", "ext": "webm", "height": 720, "format_note": "720p", "vcodec": "vp9", "asr": null, "filesize": 33558750, "fps": 30, "tbr": 1266.511, "width": 1280, "acodec": "none", "downloader_options": {"http_chunk_size": 10485760}, "format": "247 - 1280x720 (720p)", "protocol": "https", "http_headers": {"User-Agent": "Mozilla/5.0 (Windows NT 10.0; Win64; x64) AppleWebKit/537.36 (KHTML, like Gecko) Chrome/72.0.3626.25 Safari/537.36", "Accept-Charset": "ISO-8859-1,utf-8;q=0.7,*;q=0.7", "Accept": "text/html,application/xhtml+xml,application/xml;q=0.9,*/*;q=0.8", "Accept-Encoding": "gzip, deflate", "Accept-Language": "en-us,en;q=0.5"}}, {"format_id": "136", "url": "https://r5---sn-5njj-u2xl.googlevideo.com/videoplayback?expire=1611764373&ei=NT4RYJaqGMjCgAPdrLfwBw&ip=140.109.135.76&id=o-AO3glcxy5q-N7eWfEkfAdDjNj_h_7KlT2uxDL8fiVen7&itag=136&aitags=133%2C134%2C135%2C136%2C137%2C160%2C242%2C243%2C244%2C247%2C248%2C278&source=youtube&requiressl=yes&mh=Vs&mm=31%2C29&mn=sn-5njj-u2xl%2Csn-un57en7e&ms=au%2Crdu&mv=m&mvi=5&pl=16&initcwndbps=546250&vprv=1&mime=video%2Fmp4&ns=CmARNlBs2X7IiHi9m3zWkLgF&gir=yes&clen=24148052&dur=246.599&lmt=1610124597696190&mt=1611742362&fvip=5&keepalive=yes&c=WEB&txp=5411222&n=NMkwQ2QavBIWYKCf3gC2&sparams=expire%2Cei%2Cip%2Cid%2Caitags%2Csource%2Crequiressl%2Cvprv%2Cmime%2Cns%2Cgir%2Cclen%2Cdur%2Clmt&lsparams=mh%2Cmm%2Cmn%2Cms%2Cmv%2Cmvi%2Cpl%2Cinitcwndbps&lsig=AG3C_xAwRQIgA25C9r2dDdl62gjOhQ0BklzXl5jS0WLRxelcrEznyEoCIQCyUsp9il1W9pW5Gno6UOhyZUWASWJlu2zAKGby92zRtQ%3D%3D&sig=AOq0QJ8wRgIhAPXs5Yft8sRPXskUp6B4oGXZ7H4e2cFvR0dWvJw1H6KLAiEA7q4nZj-cbR1ZyxC4Gc7BDzn7uTu66znsNBxH_MWAAZA=&ratebypass=yes", "player_url": "/s/player/c6df6ed7/player_ias.vflset/en_US/base.js", "ext": "mp4", "height": 720, "format_note": "720p", "vcodec": "avc1.4d401f", "asr": null, "filesize": 24148052, "fps": 30, "tbr": 1440.706, "width": 1280, "acodec": "none", "downloader_options": {"http_chunk_size": 10485760}, "format": "136 - 1280x720 (720p)", "protocol": "https", "http_headers": {"User-Agent": "Mozilla/5.0 (Windows NT 10.0; Win64; x64) AppleWebKit/537.36 (KHTML, like Gecko) Chrome/72.0.3626.25 Safari/537.36", "Accept-Charset": "ISO-8859-1,utf-8;q=0.7,*;q=0.7", "Accept": "text/html,application/xhtml+xml,application/xml;q=0.9,*/*;q=0.8", "Accept-Encoding": "gzip, deflate", "Accept-Language": "en-us,en;q=0.5"}}, {"format_id": "248", "url": "https://r5---sn-5njj-u2xl.googlevideo.com/videoplayback?expire=1611764373&ei=NT4RYJaqGMjCgAPdrLfwBw&ip=140.109.135.76&id=o-AO3glcxy5q-N7eWfEkfAdDjNj_h_7KlT2uxDL8fiVen7&itag=248&aitags=133%2C134%2C135%2C136%2C137%2C160%2C242%2C243%2C244%2C247%2C248%2C278&source=youtube&requiressl=yes&mh=Vs&mm=31%2C29&mn=sn-5njj-u2xl%2Csn-un57en7e&ms=au%2Crdu&mv=m&mvi=5&pl=16&initcwndbps=546250&vprv=1&mime=video%2Fwebm&ns=CmARNlBs2X7IiHi9m3zWkLgF&gir=yes&clen=64961266&dur=246.600&lmt=1540032117727618&mt=1611742362&fvip=5&keepalive=yes&c=WEB&txp=5432432&n=NMkwQ2QavBIWYKCf3gC2&sparams=expire%2Cei%2Cip%2Cid%2Caitags%2Csource%2Crequiressl%2Cvprv%2Cmime%2Cns%2Cgir%2Cclen%2Cdur%2Clmt&lsparams=mh%2Cmm%2Cmn%2Cms%2Cmv%2Cmvi%2Cpl%2Cinitcwndbps&lsig=AG3C_xAwRAIgSW2ti6IBjG6NV24eh0sQJ0Idjyznab1t90TF5O_a-gMCIGZ_BzefAR69CYHWuHMXtdUqFNgUUGucxgd2PsdArDSH&sig=AOq0QJ8wRQIgGtmseU0VHaduPrFUnPCVZukDnzlkZu9e6VRa2tw-x_wCIQC7FOSfQ7plT9opHqeowZhmpJ5MJZk86_e59fbnVg_i4Q==&ratebypass=yes", "player_url": "/s/player/c6df6ed7/player_ias.vflset/en_US/base.js", "ext": "webm", "height": 1080, "format_note": "1080p", "vcodec": "vp9", "asr": null, "filesize": 64961266, "fps": 30, "tbr": 2391.668, "width": 1920, "acodec": "none", "downloader_options": {"http_chunk_size": 10485760}, "format": "248 - 1920x1080 (1080p)", "protocol": "https", "http_headers": {"User-Agent": "Mozilla/5.0 (Windows NT 10.0; Win64; x64) AppleWebKit/537.36 (KHTML, like Gecko) Chrome/72.0.3626.25 Safari/537.36", "Accept-Charset": "ISO-8859-1,utf-8;q=0.7,*;q=0.7", "Accept": "text/html,application/xhtml+xml,application/xml;q=0.9,*/*;q=0.8", "Accept-Encoding": "gzip, deflate", "Accept-Language": "en-us,en;q=0.5"}}, {"format_id": "137", "url": "https://r5---sn-5njj-u2xl.googlevideo.com/videoplayback?expire=1611764373&ei=NT4RYJaqGMjCgAPdrLfwBw&ip=140.109.135.76&id=o-AO3glcxy5q-N7eWfEkfAdDjNj_h_7KlT2uxDL8fiVen7&itag=137&aitags=133%2C134%2C135%2C136%2C137%2C160%2C242%2C243%2C244%2C247%2C248%2C278&source=youtube&requiressl=yes&mh=Vs&mm=31%2C29&mn=sn-5njj-u2xl%2Csn-un57en7e&ms=au%2Crdu&mv=m&mvi=5&pl=16&initcwndbps=546250&vprv=1&mime=video%2Fmp4&ns=CmARNlBs2X7IiHi9m3zWkLgF&gir=yes&clen=75625842&dur=246.599&lmt=1610124423178562&mt=1611742362&fvip=5&keepalive=yes&c=WEB&txp=5411222&n=NMkwQ2QavBIWYKCf3gC2&sparams=expire%2Cei%2Cip%2Cid%2Caitags%2Csource%2Crequiressl%2Cvprv%2Cmime%2Cns%2Cgir%2Cclen%2Cdur%2Clmt&lsparams=mh%2Cmm%2Cmn%2Cms%2Cmv%2Cmvi%2Cpl%2Cinitcwndbps&lsig=AG3C_xAwRQIgLggcRZ5Rlz3YwaIxgwGIzZePZHPkMaIFAyEddRR2c5MCIQCzQcNe8w8o7zhmGBjeDPXQvLhsofIdb1a-76g5g6bPtg%3D%3D&sig=AOq0QJ8wRAIgCzEoyl4culVoesu_fSs4fMDaN7KucOOf1OuzjsZga3wCIDhpQoGT4CMdNyvi8viAgoCAUtHGjObLCWo4WoYmnSam&ratebypass=yes", "player_url": "/s/player/c6df6ed7/player_ias.vflset/en_US/base.js", "ext": "mp4", "height": 1080, "format_note": "1080p", "vcodec": "avc1.640028", "asr": null, "filesize": 75625842, "fps": 30, "tbr": 3585.548, "width": 1920, "acodec": "none", "downloader_options": {"http_chunk_size": 10485760}, "format": "137 - 1920x1080 (1080p)", "protocol": "https", "http_headers": {"User-Agent": "Mozilla/5.0 (Windows NT 10.0; Win64; x64) AppleWebKit/537.36 (KHTML, like Gecko) Chrome/72.0.3626.25 Safari/537.36", "Accept-Charset": "ISO-8859-1,utf-8;q=0.7,*;q=0.7", "Accept": "text/html,application/xhtml+xml,application/xml;q=0.9,*/*;q=0.8", "Accept-Encoding": "gzip, deflate", "Accept-Language": "en-us,en;q=0.5"}}, {"format_id": "18", "url": "https://r5---sn-5njj-u2xl.googlevideo.com/videoplayback?expire=1611764373&ei=NT4RYJaqGMjCgAPdrLfwBw&ip=140.109.135.76&id=o-AO3glcxy5q-N7eWfEkfAdDjNj_h_7KlT2uxDL8fiVen7&itag=18&source=youtube&requiressl=yes&mh=Vs&mm=31%2C29&mn=sn-5njj-u2xl%2Csn-un57en7e&ms=au%2Crdu&mv=m&mvi=5&pl=16&initcwndbps=546250&vprv=1&mime=video%2Fmp4&ns=i2HJm7dA6HX9v1-yOGfrwgkF&gir=yes&clen=15776399&ratebypass=yes&dur=246.758&lmt=1540031779913436&mt=1611742362&fvip=5&c=WEB&txp=5431432&n=29Sggmn-w102E2YqeqUp&sparams=expire%2Cei%2Cip%2Cid%2Citag%2Csource%2Crequiressl%2Cvprv%2Cmime%2Cns%2Cgir%2Cclen%2Cratebypass%2Cdur%2Clmt&lsparams=mh%2Cmm%2Cmn%2Cms%2Cmv%2Cmvi%2Cpl%2Cinitcwndbps&lsig=AG3C_xAwRAIgbP011j49vnQ73XC-D8Nn1TW8OTgCxQh1GLIKdUWczyYCIDpG3EcDCMYRN4mRJcp8_FMe_kQsqrLj8Yi-nwVmqo25&sig=AOq0QJ8wRgIhANeqy-jM05se45L2zyuUvPmsDEncw_7ZxjYq6P7MydGaAiEAuLUZX9NYA4wJkbZ0tB76Dl9NDJqyfwZyEUjEHd97LFg=", "player_url": "/s/player/c6df6ed7/player_ias.vflset/en_US/base.js", "ext": "mp4", "width": 640, "height": 360, "acodec": "mp4a.40.2", "abr": 96, "vcodec": "avc1.42001E", "asr": 44100, "filesize": 15776399, "format_note": "360p", "fps": 30, "tbr": 511.805, "format": "18 - 640x360 (360p)", "protocol": "https", "http_headers": {"User-Agent": "Mozilla/5.0 (Windows NT 10.0; Win64; x64) AppleWebKit/537.36 (KHTML, like Gecko) Chrome/72.0.3626.25 Safari/537.36", "Accept-Charset": "ISO-8859-1,utf-8;q=0.7,*;q=0.7", "Accept": "text/html,application/xhtml+xml,application/xml;q=0.9,*/*;q=0.8", "Accept-Encoding": "gzip, deflate", "Accept-Language": "en-us,en;q=0.5"}}], "is_live": null, "start_time": null, "end_time": null, "series": null, "season_number": null, "episode_number": null, "track": null, "artist": null, "album": null, "release_date": null, "release_year": null, "extractor": "youtube", "webpage_url_basename": "watch", "extractor_key": "Youtube", "playlist": null, "playlist_index": null, "thumbnail": "https://i.ytimg.com/vi/o0Sldt_cyFY/maxresdefault.jpg", "display_id": "o0Sldt_cyFY", "requested_subtitles": null, "format_id": "251", "url": "https://r5---sn-5njj-u2xl.googlevideo.com/videoplayback?expire=1611764373&ei=NT4RYJaqGMjCgAPdrLfwBw&ip=140.109.135.76&id=o-AO3glcxy5q-N7eWfEkfAdDjNj_h_7KlT2uxDL8fiVen7&itag=251&source=youtube&requiressl=yes&mh=Vs&mm=31%2C29&mn=sn-5njj-u2xl%2Csn-un57en7e&ms=au%2Crdu&mv=m&mvi=5&pl=16&initcwndbps=546250&vprv=1&mime=audio%2Fwebm&ns=CmARNlBs2X7IiHi9m3zWkLgF&gir=yes&clen=4697846&dur=246.721&lmt=1540032527609722&mt=1611742362&fvip=5&keepalive=yes&c=WEB&txp=5411222&n=NMkwQ2QavBIWYKCf3gC2&sparams=expire%2Cei%2Cip%2Cid%2Citag%2Csource%2Crequiressl%2Cvprv%2Cmime%2Cns%2Cgir%2Cclen%2Cdur%2Clmt&lsparams=mh%2Cmm%2Cmn%2Cms%2Cmv%2Cmvi%2Cpl%2Cinitcwndbps&lsig=AG3C_xAwRQIhAN9DBPGJQpbmSB4lMm2yCVDI-kqH-pvcY-auk2mJLsivAiBFeVHgLNon0ocSO9XV0AZ4ggGEapU8sDKnMx6pZYf62A%3D%3D&sig=AOq0QJ8wRAIgDdoIfy0sFRXo91bUeJu5qbQ4pm5iB9_6yzHrAvEZBekCIGTF5WLMfiZZ2YyjDX6rDbhd_Eu2M2G2UeGuj-4ZGmCI&ratebypass=yes", "player_url": "/s/player/c6df6ed7/player_ias.vflset/en_US/base.js", "ext": "webm", "format_note": "tiny", "acodec": "opus", "abr": 160, "asr": 48000, "filesize": 4697846, "fps": null, "height": null, "tbr": 163.412, "width": null, "vcodec": "none", "downloader_options": {"http_chunk_size": 10485760}, "format": "251 - audio only (tiny)", "protocol": "https", "http_headers": {"User-Agent": "Mozilla/5.0 (Windows NT 10.0; Win64; x64) AppleWebKit/537.36 (KHTML, like Gecko) Chrome/72.0.3626.25 Safari/537.36", "Accept-Charset": "ISO-8859-1,utf-8;q=0.7,*;q=0.7", "Accept": "text/html,application/xhtml+xml,application/xml;q=0.9,*/*;q=0.8", "Accept-Encoding": "gzip, deflate", "Accept-Language": "en-us,en;q=0.5"}}