{"id": "PZN7XLKzLDI", "uploader": "BLOP888", "uploader_id": "BLOP888", "uploader_url": "http://www.youtube.com/user/BLOP888", "channel_id": "UCWI2TGKQ57ROkapNgZSUiGA", "channel_url": "http://www.youtube.com/channel/UCWI2TGKQ57ROkapNgZSUiGA", "upload_date": "20130225", "license": null, "creator": null, "title": "Boris Berman Plays Prokofiev Piano sonata no. 2 op. 14 in D minor  (Full)", "alt_title": null, "thumbnails": [{"url": "https://i.ytimg.com/vi/PZN7XLKzLDI/hqdefault.jpg?sqp=-oaymwEbCKgBEF5IVfKriqkDDggBFQAAiEIYAXABwAEG&rs=AOn4CLAvI3wXhkZO0mWNprrTl6pvpJn75A", "width": 168, "height": 94, "resolution": "168x94", "id": "0"}, {"url": "https://i.ytimg.com/vi/PZN7XLKzLDI/hqdefault.jpg?sqp=-oaymwEbCMQBEG5IVfKriqkDDggBFQAAiEIYAXABwAEG&rs=AOn4CLAMNHnsJdJjA3PgTRMDlHi-MwUsqg", "width": 196, "height": 110, "resolution": "196x110", "id": "1"}, {"url": "https://i.ytimg.com/vi/PZN7XLKzLDI/hqdefault.jpg?sqp=-oaymwEcCPYBEIoBSFXyq4qpAw4IARUAAIhCGAFwAcABBg==&rs=AOn4CLArxFwHGFFL3EYltnNxgMmgEzCKKw", "width": 246, "height": 138, "resolution": "246x138", "id": "2"}, {"url": "https://i.ytimg.com/vi/PZN7XLKzLDI/hqdefault.jpg?sqp=-oaymwEcCNACELwBSFXyq4qpAw4IARUAAIhCGAFwAcABBg==&rs=AOn4CLAng2Fmgr819zskgfP2E7oAAAAIgw", "width": 336, "height": 188, "resolution": "336x188", "id": "3"}], "description": "Be apart of my Facebook page! http://www.facebook.com/Blop888\nSergei Prokofiev's Piano Sonata No. 2 in D Minor, Op. 14 (1912), is a sonata composed for solo piano. The sonata was first performed on February 5, 1914 in Moscow with the composer performing. Prokofiev dedicated the sonata to his friend and fellow student at the St. Petersburg Conservatory, Maximilian Schmidthof, who committed suicide in 1913\n[from Wikipedia]", "categories": ["Music"], "tags": ["classical", "music", "sheet", "score", "Sheet Music (Composition Type)", "Piano", "Bach", "Concerto", "Orchestra", "Plays", "D Minor (Musical Scale)", "Bach (crater)", "Violin", "Beethoven", "Symphony", "Mozart", "Prelude", "Prelude (music)", "Preludes (Chopin)", "Movement", "Allegro", "Cello", "Johann", "Baroque", "Sebastian", "No1", "No2", "Moonlight", "Organ", "Pianist", "Classic", "Schubert", "Flat", "Flute", "Franz", "Recital", "Fugue", "Waltz", "No3", "Piano Concerto", "Philharmonic", "Soundtrack", "Boris Berman", "Prokofiev", "sonata", "14", "D minor", "Original", "1st", "Trio", "Ludwig"], "subtitles": {}, "automatic_captions": {}, "duration": 1114, "age_limit": 0, "annotations": null, "chapters": null, "webpage_url": "https://www.youtube.com/watch?v=PZN7XLKzLDI", "view_count": 458567, "like_count": 2656, "dislike_count": 67, "average_rating": 4.9015789, "formats": [{"format_id": "249", "url": "https://r3---sn-5njj-u2xe.googlevideo.com/videoplayback?expire=1612299153&ei=MWcZYMe1BqO4igavnbKQBQ&ip=140.109.135.76&id=o-ACRWekbbG7sIjI3qqqnqtwUifaKXpJwpMtvsSSvdyzqQ&itag=249&source=youtube&requiressl=yes&mh=zr&mm=31%2C29&mn=sn-5njj-u2xe%2Csn-un57sn7s&ms=au%2Crdu&mv=m&mvi=3&pl=16&initcwndbps=391250&vprv=1&mime=audio%2Fwebm&ns=sxXgfBs-dkUNxsdHrXBv0aAF&gir=yes&clen=8727441&dur=1113.881&lmt=1540169852153037&mt=1612277347&fvip=3&keepalive=yes&c=WEB&txp=5411222&n=BHkXn396nNTqTGPeo&sparams=expire%2Cei%2Cip%2Cid%2Citag%2Csource%2Crequiressl%2Cvprv%2Cmime%2Cns%2Cgir%2Cclen%2Cdur%2Clmt&lsparams=mh%2Cmm%2Cmn%2Cms%2Cmv%2Cmvi%2Cpl%2Cinitcwndbps&lsig=AG3C_xAwRQIhAJo4fWQgbt7vbmZXU0cprAjqfiLMi4F0x-CJCnu8oCKFAiB75HqxIyvtruPgCkCaOtYTges6Ky_DukDjbHp74HWtCA%3D%3D&sig=AOq0QJ8wRQIgGnsnAYJtsu7Er_SCfc6syO-Sk_osd4kgOkhjP9KOCxICIQC5-1-7y4YnsrKSGWDfb6tmDZr4c8A4J_soZFbj3fGRIQ==&ratebypass=yes", "player_url": "/s/player/f6ef8aad/player_ias.vflset/en_US/base.js", "ext": "webm", "format_note": "tiny", "acodec": "opus", "abr": 50, "asr": 48000, "filesize": 8727441, "fps": null, "height": null, "tbr": 83.879, "width": null, "vcodec": "none", "downloader_options": {"http_chunk_size": 10485760}, "format": "249 - audio only (tiny)", "protocol": "https", "http_headers": {"User-Agent": "Mozilla/5.0 (Windows NT 10.0; Win64; x64) AppleWebKit/537.36 (KHTML, like Gecko) Chrome/69.0.3497.117 Safari/537.36", "Accept-Charset": "ISO-8859-1,utf-8;q=0.7,*;q=0.7", "Accept": "text/html,application/xhtml+xml,application/xml;q=0.9,*/*;q=0.8", "Accept-Encoding": "gzip, deflate", "Accept-Language": "en-us,en;q=0.5"}}, {"format_id": "250", "url": "https://r3---sn-5njj-u2xe.googlevideo.com/videoplayback?expire=1612299153&ei=MWcZYMe1BqO4igavnbKQBQ&ip=140.109.135.76&id=o-ACRWekbbG7sIjI3qqqnqtwUifaKXpJwpMtvsSSvdyzqQ&itag=250&source=youtube&requiressl=yes&mh=zr&mm=31%2C29&mn=sn-5njj-u2xe%2Csn-un57sn7s&ms=au%2Crdu&mv=m&mvi=3&pl=16&initcwndbps=391250&vprv=1&mime=audio%2Fwebm&ns=sxXgfBs-dkUNxsdHrXBv0aAF&gir=yes&clen=11333597&dur=1113.881&lmt=1540169861039044&mt=1612277347&fvip=3&keepalive=yes&c=WEB&txp=5411222&n=BHkXn396nNTqTGPeo&sparams=expire%2Cei%2Cip%2Cid%2Citag%2Csource%2Crequiressl%2Cvprv%2Cmime%2Cns%2Cgir%2Cclen%2Cdur%2Clmt&lsparams=mh%2Cmm%2Cmn%2Cms%2Cmv%2Cmvi%2Cpl%2Cinitcwndbps&lsig=AG3C_xAwRAIgew02q0Xj0eSsZNXcNnsOBkoVckI2-xAcD6OfKCdSLRkCICilOcBnfpLIdC094w6B2ZO23XPfUgM6wYAxbfiViohG&sig=AOq0QJ8wRAIgNWJs8Suh_CerRlG3OpRZCq_TzNQ30T4TRBFwvDF21ocCIFyI-cST-TE874n5VMKO8vYX7SkzZozrvBfvPBndaKOM&ratebypass=yes", "player_url": "/s/player/f6ef8aad/player_ias.vflset/en_US/base.js", "ext": "webm", "format_note": "tiny", "acodec": "opus", "abr": 70, "asr": 48000, "filesize": 11333597, "fps": null, "height": null, "tbr": 102.561, "width": null, "vcodec": "none", "downloader_options": {"http_chunk_size": 10485760}, "format": "250 - audio only (tiny)", "protocol": "https", "http_headers": {"User-Agent": "Mozilla/5.0 (Windows NT 10.0; Win64; x64) AppleWebKit/537.36 (KHTML, like Gecko) Chrome/69.0.3497.117 Safari/537.36", "Accept-Charset": "ISO-8859-1,utf-8;q=0.7,*;q=0.7", "Accept": "text/html,application/xhtml+xml,application/xml;q=0.9,*/*;q=0.8", "Accept-Encoding": "gzip, deflate", "Accept-Language": "en-us,en;q=0.5"}}, {"format_id": "140", "url": "https://r3---sn-5njj-u2xe.googlevideo.com/videoplayback?expire=1612299153&ei=MWcZYMe1BqO4igavnbKQBQ&ip=140.109.135.76&id=o-ACRWekbbG7sIjI3qqqnqtwUifaKXpJwpMtvsSSvdyzqQ&itag=140&source=youtube&requiressl=yes&mh=zr&mm=31%2C29&mn=sn-5njj-u2xe%2Csn-un57sn7s&ms=au%2Crdu&mv=m&mvi=3&pl=16&initcwndbps=391250&vprv=1&mime=audio%2Fmp4&ns=sxXgfBs-dkUNxsdHrXBv0aAF&gir=yes&clen=17692591&dur=1113.930&lmt=1540159597608825&mt=1612277347&fvip=3&keepalive=yes&c=WEB&txp=5432432&n=BHkXn396nNTqTGPeo&sparams=expire%2Cei%2Cip%2Cid%2Citag%2Csource%2Crequiressl%2Cvprv%2Cmime%2Cns%2Cgir%2Cclen%2Cdur%2Clmt&lsparams=mh%2Cmm%2Cmn%2Cms%2Cmv%2Cmvi%2Cpl%2Cinitcwndbps&lsig=AG3C_xAwRgIhAJN3jTK8rsxT0z51kEYZarIiydp0xxrYF4M_W-osJghmAiEA_8siQlsgXj0IE3Tqi42-CLdWEnsJKF75NexQW74T508%3D&sig=AOq0QJ8wRgIhAJfbOtNuGno3AX2bg-ASYncaGmesLAYnqLBbb-69Rfg3AiEA2WlczZ6Kzdkrw3SY9N5uma5mjURAfZWyYPfBdfUO1qU=&ratebypass=yes", "player_url": "/s/player/f6ef8aad/player_ias.vflset/en_US/base.js", "ext": "m4a", "format_note": "tiny", "acodec": "mp4a.40.2", "abr": 128, "container": "m4a_dash", "asr": 44100, "filesize": 17692591, "fps": null, "height": null, "tbr": 129.045, "width": null, "vcodec": "none", "downloader_options": {"http_chunk_size": 10485760}, "format": "140 - audio only (tiny)", "protocol": "https", "http_headers": {"User-Agent": "Mozilla/5.0 (Windows NT 10.0; Win64; x64) AppleWebKit/537.36 (KHTML, like Gecko) Chrome/69.0.3497.117 Safari/537.36", "Accept-Charset": "ISO-8859-1,utf-8;q=0.7,*;q=0.7", "Accept": "text/html,application/xhtml+xml,application/xml;q=0.9,*/*;q=0.8", "Accept-Encoding": "gzip, deflate", "Accept-Language": "en-us,en;q=0.5"}}, {"format_id": "251", "url": "https://r3---sn-5njj-u2xe.googlevideo.com/videoplayback?expire=1612299153&ei=MWcZYMe1BqO4igavnbKQBQ&ip=140.109.135.76&id=o-ACRWekbbG7sIjI3qqqnqtwUifaKXpJwpMtvsSSvdyzqQ&itag=251&source=youtube&requiressl=yes&mh=zr&mm=31%2C29&mn=sn-5njj-u2xe%2Csn-un57sn7s&ms=au%2Crdu&mv=m&mvi=3&pl=16&initcwndbps=391250&vprv=1&mime=audio%2Fwebm&ns=sxXgfBs-dkUNxsdHrXBv0aAF&gir=yes&clen=21042735&dur=1113.881&lmt=1540169855111451&mt=1612277347&fvip=3&keepalive=yes&c=WEB&txp=5411222&n=BHkXn396nNTqTGPeo&sparams=expire%2Cei%2Cip%2Cid%2Citag%2Csource%2Crequiressl%2Cvprv%2Cmime%2Cns%2Cgir%2Cclen%2Cdur%2Clmt&lsparams=mh%2Cmm%2Cmn%2Cms%2Cmv%2Cmvi%2Cpl%2Cinitcwndbps&lsig=AG3C_xAwRQIgdcnndniBl1mzeb_eiCHhhAeyepMH8LF931T_BPEXrlYCIQCbOuCNWL1Gd1mEF7e_4vS77lnPvToAp7PnHgHwqRg6cQ%3D%3D&sig=AOq0QJ8wRQIgB8cMm3iUhu4kFJJbz0uWhh1TZQYGU10bY77QzRSB5AECIQDQH1UloDetJVafm2qkN9FMAzU45l4hshFqyBP8SoGAiQ==&ratebypass=yes", "player_url": "/s/player/f6ef8aad/player_ias.vflset/en_US/base.js", "ext": "webm", "format_note": "tiny", "acodec": "opus", "abr": 160, "asr": 48000, "filesize": 21042735, "fps": null, "height": null, "tbr": 171.7, "width": null, "vcodec": "none", "downloader_options": {"http_chunk_size": 10485760}, "format": "251 - audio only (tiny)", "protocol": "https", "http_headers": {"User-Agent": "Mozilla/5.0 (Windows NT 10.0; Win64; x64) AppleWebKit/537.36 (KHTML, like Gecko) Chrome/69.0.3497.117 Safari/537.36", "Accept-Charset": "ISO-8859-1,utf-8;q=0.7,*;q=0.7", "Accept": "text/html,application/xhtml+xml,application/xml;q=0.9,*/*;q=0.8", "Accept-Encoding": "gzip, deflate", "Accept-Language": "en-us,en;q=0.5"}}, {"format_id": "160", "url": "https://r3---sn-5njj-u2xe.googlevideo.com/videoplayback?expire=1612299153&ei=MWcZYMe1BqO4igavnbKQBQ&ip=140.109.135.76&id=o-ACRWekbbG7sIjI3qqqnqtwUifaKXpJwpMtvsSSvdyzqQ&itag=160&aitags=133%2C134%2C135%2C160%2C242%2C243%2C244%2C278&source=youtube&requiressl=yes&mh=zr&mm=31%2C29&mn=sn-5njj-u2xe%2Csn-un57sn7s&ms=au%2Crdu&mv=m&mvi=3&pl=16&initcwndbps=391250&vprv=1&mime=video%2Fmp4&ns=sxXgfBs-dkUNxsdHrXBv0aAF&gir=yes&clen=1995113&dur=1113.800&lmt=1540162055226437&mt=1612277347&fvip=3&keepalive=yes&c=WEB&txp=5432432&n=BHkXn396nNTqTGPeo&sparams=expire%2Cei%2Cip%2Cid%2Caitags%2Csource%2Crequiressl%2Cvprv%2Cmime%2Cns%2Cgir%2Cclen%2Cdur%2Clmt&lsparams=mh%2Cmm%2Cmn%2Cms%2Cmv%2Cmvi%2Cpl%2Cinitcwndbps&lsig=AG3C_xAwRQIgFFHyqllfNAHZEx87zXwkb5ZyhuPkNhZ1ITMf8F-fGkICIQC6wuEnmh_hBCmEqNmJTKdbT89kpT-dZ5ORCR5fvJodOg%3D%3D&sig=AOq0QJ8wRQIhAN7iXRcphtrYo9nsayC_HrfTT0UqDkFP-3w60Dpddm9SAiAKoYv81h9bb3DcsDMmrQpp0riT-uC4KVq9UqrAKYFbWQ==&ratebypass=yes", "player_url": "/s/player/f6ef8aad/player_ias.vflset/en_US/base.js", "ext": "mp4", "height": 144, "format_note": "144p", "vcodec": "avc1.4d400b", "asr": null, "filesize": 1995113, "fps": 25, "tbr": 47.104, "width": 192, "acodec": "none", "downloader_options": {"http_chunk_size": 10485760}, "format": "160 - 192x144 (144p)", "protocol": "https", "http_headers": {"User-Agent": "Mozilla/5.0 (Windows NT 10.0; Win64; x64) AppleWebKit/537.36 (KHTML, like Gecko) Chrome/69.0.3497.117 Safari/537.36", "Accept-Charset": "ISO-8859-1,utf-8;q=0.7,*;q=0.7", "Accept": "text/html,application/xhtml+xml,application/xml;q=0.9,*/*;q=0.8", "Accept-Encoding": "gzip, deflate", "Accept-Language": "en-us,en;q=0.5"}}, {"format_id": "278", "url": "https://r3---sn-5njj-u2xe.googlevideo.com/videoplayback?expire=1612299153&ei=MWcZYMe1BqO4igavnbKQBQ&ip=140.109.135.76&id=o-ACRWekbbG7sIjI3qqqnqtwUifaKXpJwpMtvsSSvdyzqQ&itag=278&aitags=133%2C134%2C135%2C160%2C242%2C243%2C244%2C278&source=youtube&requiressl=yes&mh=zr&mm=31%2C29&mn=sn-5njj-u2xe%2Csn-un57sn7s&ms=au%2Crdu&mv=m&mvi=3&pl=16&initcwndbps=391250&vprv=1&mime=video%2Fwebm&ns=sxXgfBs-dkUNxsdHrXBv0aAF&gir=yes&clen=3518792&dur=1113.800&lmt=1540162710912316&mt=1612277347&fvip=3&keepalive=yes&c=WEB&txp=5432432&n=BHkXn396nNTqTGPeo&sparams=expire%2Cei%2Cip%2Cid%2Caitags%2Csource%2Crequiressl%2Cvprv%2Cmime%2Cns%2Cgir%2Cclen%2Cdur%2Clmt&lsparams=mh%2Cmm%2Cmn%2Cms%2Cmv%2Cmvi%2Cpl%2Cinitcwndbps&lsig=AG3C_xAwRQIhAPYO2nIbvQqSPgm3rELPqlXBniwyYwOdLzsbURKDyauSAiAnMDHiUyA9RsnigswMXCCG0ekoOZd_3q_zknuJLHTh8w%3D%3D&sig=AOq0QJ8wRAIgZjxwe0s1vcHIUc1ryXMaKshIEQnaxscHQAi2x46YpnECIGqi9PLFVsXjcx7SORH_X321QcA2tmwsuI-AkalWgOsb&ratebypass=yes", "player_url": "/s/player/f6ef8aad/player_ias.vflset/en_US/base.js", "ext": "webm", "height": 144, "format_note": "144p", "container": "webm", "vcodec": "vp9", "asr": null, "filesize": 3518792, "fps": 25, "tbr": 58.78, "width": 192, "acodec": "none", "downloader_options": {"http_chunk_size": 10485760}, "format": "278 - 192x144 (144p)", "protocol": "https", "http_headers": {"User-Agent": "Mozilla/5.0 (Windows NT 10.0; Win64; x64) AppleWebKit/537.36 (KHTML, like Gecko) Chrome/69.0.3497.117 Safari/537.36", "Accept-Charset": "ISO-8859-1,utf-8;q=0.7,*;q=0.7", "Accept": "text/html,application/xhtml+xml,application/xml;q=0.9,*/*;q=0.8", "Accept-Encoding": "gzip, deflate", "Accept-Language": "en-us,en;q=0.5"}}, {"format_id": "133", "url": "https://r3---sn-5njj-u2xe.googlevideo.com/videoplayback?expire=1612299153&ei=MWcZYMe1BqO4igavnbKQBQ&ip=140.109.135.76&id=o-ACRWekbbG7sIjI3qqqnqtwUifaKXpJwpMtvsSSvdyzqQ&itag=133&aitags=133%2C134%2C135%2C160%2C242%2C243%2C244%2C278&source=youtube&requiressl=yes&mh=zr&mm=31%2C29&mn=sn-5njj-u2xe%2Csn-un57sn7s&ms=au%2Crdu&mv=m&mvi=3&pl=16&initcwndbps=391250&vprv=1&mime=video%2Fmp4&ns=sxXgfBs-dkUNxsdHrXBv0aAF&gir=yes&clen=3308801&dur=1113.800&lmt=1540162000623167&mt=1612277347&fvip=3&keepalive=yes&c=WEB&txp=5432432&n=BHkXn396nNTqTGPeo&sparams=expire%2Cei%2Cip%2Cid%2Caitags%2Csource%2Crequiressl%2Cvprv%2Cmime%2Cns%2Cgir%2Cclen%2Cdur%2Clmt&lsparams=mh%2Cmm%2Cmn%2Cms%2Cmv%2Cmvi%2Cpl%2Cinitcwndbps&lsig=AG3C_xAwRQIhAOEAdGnvCT3Rmtpfzap1HS9J47hZ1m3v1kBfulJbtRZpAiBYIyB0e6fjTj7xGAgzT4HU5aTr58pkkcIoFWWSi_NozQ%3D%3D&sig=AOq0QJ8wRgIhAL6jChJmy3BNdRdzyxWlMaDJx6Bm_p51nmRr3-gTar57AiEAzF1IehjVfIvP15f9GE4tDzGjNfd9RT6alof9FmR6ooQ=&ratebypass=yes", "player_url": "/s/player/f6ef8aad/player_ias.vflset/en_US/base.js", "ext": "mp4", "height": 240, "format_note": "240p", "vcodec": "avc1.4d400d", "asr": null, "filesize": 3308801, "fps": 25, "tbr": 96.485, "width": 320, "acodec": "none", "downloader_options": {"http_chunk_size": 10485760}, "format": "133 - 320x240 (240p)", "protocol": "https", "http_headers": {"User-Agent": "Mozilla/5.0 (Windows NT 10.0; Win64; x64) AppleWebKit/537.36 (KHTML, like Gecko) Chrome/69.0.3497.117 Safari/537.36", "Accept-Charset": "ISO-8859-1,utf-8;q=0.7,*;q=0.7", "Accept": "text/html,application/xhtml+xml,application/xml;q=0.9,*/*;q=0.8", "Accept-Encoding": "gzip, deflate", "Accept-Language": "en-us,en;q=0.5"}}, {"format_id": "242", "url": "https://r3---sn-5njj-u2xe.googlevideo.com/videoplayback?expire=1612299153&ei=MWcZYMe1BqO4igavnbKQBQ&ip=140.109.135.76&id=o-ACRWekbbG7sIjI3qqqnqtwUifaKXpJwpMtvsSSvdyzqQ&itag=242&aitags=133%2C134%2C135%2C160%2C242%2C243%2C244%2C278&source=youtube&requiressl=yes&mh=zr&mm=31%2C29&mn=sn-5njj-u2xe%2Csn-un57sn7s&ms=au%2Crdu&mv=m&mvi=3&pl=16&initcwndbps=391250&vprv=1&mime=video%2Fwebm&ns=sxXgfBs-dkUNxsdHrXBv0aAF&gir=yes&clen=7139489&dur=1113.800&lmt=1540162710897855&mt=1612277347&fvip=3&keepalive=yes&c=WEB&txp=5432432&n=BHkXn396nNTqTGPeo&sparams=expire%2Cei%2Cip%2Cid%2Caitags%2Csource%2Crequiressl%2Cvprv%2Cmime%2Cns%2Cgir%2Cclen%2Cdur%2Clmt&lsparams=mh%2Cmm%2Cmn%2Cms%2Cmv%2Cmvi%2Cpl%2Cinitcwndbps&lsig=AG3C_xAwRQIgUFB9j4Z_R8FOfxfqnHQWcLAexwPfEgGIjDRptD2uvQkCIQDX7CUsk9NdQxVGDflCugImgU5TJ9AuhJL6EFBrmfgA9g%3D%3D&sig=AOq0QJ8wRQIgayjlltRy60YZOMQbIjktzHgd4ADlymuuSyZOtHhAIjgCIQD73ym0eUUylAlwLx9bgZYgxWZcwsppotZnvXYAHFQrMw==&ratebypass=yes", "player_url": "/s/player/f6ef8aad/player_ias.vflset/en_US/base.js", "ext": "webm", "height": 240, "format_note": "240p", "vcodec": "vp9", "asr": null, "filesize": 7139489, "fps": 25, "tbr": 148.19, "width": 320, "acodec": "none", "downloader_options": {"http_chunk_size": 10485760}, "format": "242 - 320x240 (240p)", "protocol": "https", "http_headers": {"User-Agent": "Mozilla/5.0 (Windows NT 10.0; Win64; x64) AppleWebKit/537.36 (KHTML, like Gecko) Chrome/69.0.3497.117 Safari/537.36", "Accept-Charset": "ISO-8859-1,utf-8;q=0.7,*;q=0.7", "Accept": "text/html,application/xhtml+xml,application/xml;q=0.9,*/*;q=0.8", "Accept-Encoding": "gzip, deflate", "Accept-Language": "en-us,en;q=0.5"}}, {"format_id": "134", "url": "https://r3---sn-5njj-u2xe.googlevideo.com/videoplayback?expire=1612299153&ei=MWcZYMe1BqO4igavnbKQBQ&ip=140.109.135.76&id=o-ACRWekbbG7sIjI3qqqnqtwUifaKXpJwpMtvsSSvdyzqQ&itag=134&aitags=133%2C134%2C135%2C160%2C242%2C243%2C244%2C278&source=youtube&requiressl=yes&mh=zr&mm=31%2C29&mn=sn-5njj-u2xe%2Csn-un57sn7s&ms=au%2Crdu&mv=m&mvi=3&pl=16&initcwndbps=391250&vprv=1&mime=video%2Fmp4&ns=sxXgfBs-dkUNxsdHrXBv0aAF&gir=yes&clen=6232966&dur=1113.800&lmt=1540162053505589&mt=1612277347&fvip=3&keepalive=yes&c=WEB&txp=5432432&n=BHkXn396nNTqTGPeo&sparams=expire%2Cei%2Cip%2Cid%2Caitags%2Csource%2Crequiressl%2Cvprv%2Cmime%2Cns%2Cgir%2Cclen%2Cdur%2Clmt&lsparams=mh%2Cmm%2Cmn%2Cms%2Cmv%2Cmvi%2Cpl%2Cinitcwndbps&lsig=AG3C_xAwRQIhAOwLVTvT6bli8EXy7rXlR0pgVQ7VXq2XI5AP5cEYkY-sAiBw490BVZCQU2va1oCQZ5gMMeWOD-GSLEgJwQV-JaqmXg%3D%3D&sig=AOq0QJ8wRgIhAOW2epbxaoBuIq3jgKK2Lj1lPCHaoiq8dGGzkL25mm0MAiEAiHrWRaVtb31NejHDp_yZ7sDTt4mLqtZNLXX7urrZdm8=&ratebypass=yes", "player_url": "/s/player/f6ef8aad/player_ias.vflset/en_US/base.js", "ext": "mp4", "height": 360, "format_note": "360p", "vcodec": "avc1.4d4015", "asr": null, "filesize": 6232966, "fps": 25, "tbr": 233.457, "width": 480, "acodec": "none", "downloader_options": {"http_chunk_size": 10485760}, "format": "134 - 480x360 (360p)", "protocol": "https", "http_headers": {"User-Agent": "Mozilla/5.0 (Windows NT 10.0; Win64; x64) AppleWebKit/537.36 (KHTML, like Gecko) Chrome/69.0.3497.117 Safari/537.36", "Accept-Charset": "ISO-8859-1,utf-8;q=0.7,*;q=0.7", "Accept": "text/html,application/xhtml+xml,application/xml;q=0.9,*/*;q=0.8", "Accept-Encoding": "gzip, deflate", "Accept-Language": "en-us,en;q=0.5"}}, {"format_id": "243", "url": "https://r3---sn-5njj-u2xe.googlevideo.com/videoplayback?expire=1612299153&ei=MWcZYMe1BqO4igavnbKQBQ&ip=140.109.135.76&id=o-ACRWekbbG7sIjI3qqqnqtwUifaKXpJwpMtvsSSvdyzqQ&itag=243&aitags=133%2C134%2C135%2C160%2C242%2C243%2C244%2C278&source=youtube&requiressl=yes&mh=zr&mm=31%2C29&mn=sn-5njj-u2xe%2Csn-un57sn7s&ms=au%2Crdu&mv=m&mvi=3&pl=16&initcwndbps=391250&vprv=1&mime=video%2Fwebm&ns=sxXgfBs-dkUNxsdHrXBv0aAF&gir=yes&clen=12655976&dur=1113.800&lmt=1540162710922638&mt=1612277347&fvip=3&keepalive=yes&c=WEB&txp=5432432&n=BHkXn396nNTqTGPeo&sparams=expire%2Cei%2Cip%2Cid%2Caitags%2Csource%2Crequiressl%2Cvprv%2Cmime%2Cns%2Cgir%2Cclen%2Cdur%2Clmt&lsparams=mh%2Cmm%2Cmn%2Cms%2Cmv%2Cmvi%2Cpl%2Cinitcwndbps&lsig=AG3C_xAwRQIgHb_PrXnXrmsYVg5G2kxUVPWw_JRxiPAUHH4xErdgWlUCIQDq15JsXPuhfVve313Kim4lhRcb46ywGBOK4_TE2Wigfw%3D%3D&sig=AOq0QJ8wRAIgCNgAHS8pYVqMt5Ec6AwAz1Db-somWBwRxEonkvHhjYsCIFiyEvpysDymTISBqwgXQPstEiZKsol-6SElqSzqeXFZ&ratebypass=yes", "player_url": "/s/player/f6ef8aad/player_ias.vflset/en_US/base.js", "ext": "webm", "height": 360, "format_note": "360p", "vcodec": "vp9", "asr": null, "filesize": 12655976, "fps": 25, "tbr": 241.104, "width": 480, "acodec": "none", "downloader_options": {"http_chunk_size": 10485760}, "format": "243 - 480x360 (360p)", "protocol": "https", "http_headers": {"User-Agent": "Mozilla/5.0 (Windows NT 10.0; Win64; x64) AppleWebKit/537.36 (KHTML, like Gecko) Chrome/69.0.3497.117 Safari/537.36", "Accept-Charset": "ISO-8859-1,utf-8;q=0.7,*;q=0.7", "Accept": "text/html,application/xhtml+xml,application/xml;q=0.9,*/*;q=0.8", "Accept-Encoding": "gzip, deflate", "Accept-Language": "en-us,en;q=0.5"}}, {"format_id": "135", "url": "https://r3---sn-5njj-u2xe.googlevideo.com/videoplayback?expire=1612299153&ei=MWcZYMe1BqO4igavnbKQBQ&ip=140.109.135.76&id=o-ACRWekbbG7sIjI3qqqnqtwUifaKXpJwpMtvsSSvdyzqQ&itag=135&aitags=133%2C134%2C135%2C160%2C242%2C243%2C244%2C278&source=youtube&requiressl=yes&mh=zr&mm=31%2C29&mn=sn-5njj-u2xe%2Csn-un57sn7s&ms=au%2Crdu&mv=m&mvi=3&pl=16&initcwndbps=391250&vprv=1&mime=video%2Fmp4&ns=sxXgfBs-dkUNxsdHrXBv0aAF&gir=yes&clen=10684044&dur=1113.800&lmt=1540162000840549&mt=1612277347&fvip=3&keepalive=yes&c=WEB&txp=5432432&n=BHkXn396nNTqTGPeo&sparams=expire%2Cei%2Cip%2Cid%2Caitags%2Csource%2Crequiressl%2Cvprv%2Cmime%2Cns%2Cgir%2Cclen%2Cdur%2Clmt&lsparams=mh%2Cmm%2Cmn%2Cms%2Cmv%2Cmvi%2Cpl%2Cinitcwndbps&lsig=AG3C_xAwRQIgEGxq3u2AmFqe0Umy9orRO0DBfld-AMJ-t-PO1P-DlJwCIQCtiFeLslaul5iqB7bsRUHpRrb8JRoCS1k7qIe8ChJCJQ%3D%3D&sig=AOq0QJ8wRAIgQnKrUQxyGP3ascY3D1lZYwy61WW664zwb6syph_iRNICIEgd6HiQ00PqvtDu6oAt6Xuhzg4VYQBiseqnEudrLr_N&ratebypass=yes", "player_url": "/s/player/f6ef8aad/player_ias.vflset/en_US/base.js", "ext": "mp4", "height": 480, "format_note": "480p", "vcodec": "avc1.4d401e", "asr": null, "filesize": 10684044, "fps": 25, "tbr": 451.476, "width": 640, "acodec": "none", "downloader_options": {"http_chunk_size": 10485760}, "format": "135 - 640x480 (480p)", "protocol": "https", "http_headers": {"User-Agent": "Mozilla/5.0 (Windows NT 10.0; Win64; x64) AppleWebKit/537.36 (KHTML, like Gecko) Chrome/69.0.3497.117 Safari/537.36", "Accept-Charset": "ISO-8859-1,utf-8;q=0.7,*;q=0.7", "Accept": "text/html,application/xhtml+xml,application/xml;q=0.9,*/*;q=0.8", "Accept-Encoding": "gzip, deflate", "Accept-Language": "en-us,en;q=0.5"}}, {"format_id": "244", "url": "https://r3---sn-5njj-u2xe.googlevideo.com/videoplayback?expire=1612299153&ei=MWcZYMe1BqO4igavnbKQBQ&ip=140.109.135.76&id=o-ACRWekbbG7sIjI3qqqnqtwUifaKXpJwpMtvsSSvdyzqQ&itag=244&aitags=133%2C134%2C135%2C160%2C242%2C243%2C244%2C278&source=youtube&requiressl=yes&mh=zr&mm=31%2C29&mn=sn-5njj-u2xe%2Csn-un57sn7s&ms=au%2Crdu&mv=m&mvi=3&pl=16&initcwndbps=391250&vprv=1&mime=video%2Fwebm&ns=sxXgfBs-dkUNxsdHrXBv0aAF&gir=yes&clen=22313811&dur=1113.800&lmt=1540162714636942&mt=1612277347&fvip=3&keepalive=yes&c=WEB&txp=5432432&n=BHkXn396nNTqTGPeo&sparams=expire%2Cei%2Cip%2Cid%2Caitags%2Csource%2Crequiressl%2Cvprv%2Cmime%2Cns%2Cgir%2Cclen%2Cdur%2Clmt&lsparams=mh%2Cmm%2Cmn%2Cms%2Cmv%2Cmvi%2Cpl%2Cinitcwndbps&lsig=AG3C_xAwRAIgRgHeocL_vZts4iLB8mI5VvZlD_y_1KqPAfxgq4UW9qcCIElvN1fgV_EJC3vrKaRdID7rHfTJfr52LX_jmuExO0aA&sig=AOq0QJ8wRAIgQoz8fzrZhNky-vjtbi86IpAf_uqw9QqTmdm4kdRNZS0CIARa-PYwVhV58sGPP_3R40VonoSVjeN_6Wx_ZAkIZu4r&ratebypass=yes", "player_url": "/s/player/f6ef8aad/player_ias.vflset/en_US/base.js", "ext": "webm", "height": 480, "format_note": "480p", "vcodec": "vp9", "asr": null, "filesize": 22313811, "fps": 25, "tbr": 484.695, "width": 640, "acodec": "none", "downloader_options": {"http_chunk_size": 10485760}, "format": "244 - 640x480 (480p)", "protocol": "https", "http_headers": {"User-Agent": "Mozilla/5.0 (Windows NT 10.0; Win64; x64) AppleWebKit/537.36 (KHTML, like Gecko) Chrome/69.0.3497.117 Safari/537.36", "Accept-Charset": "ISO-8859-1,utf-8;q=0.7,*;q=0.7", "Accept": "text/html,application/xhtml+xml,application/xml;q=0.9,*/*;q=0.8", "Accept-Encoding": "gzip, deflate", "Accept-Language": "en-us,en;q=0.5"}}, {"format_id": "18", "url": "https://r3---sn-5njj-u2xe.googlevideo.com/videoplayback?expire=1612299153&ei=MWcZYMe1BqO4igavnbKQBQ&ip=140.109.135.76&id=o-ACRWekbbG7sIjI3qqqnqtwUifaKXpJwpMtvsSSvdyzqQ&itag=18&source=youtube&requiressl=yes&mh=zr&mm=31%2C29&mn=sn-5njj-u2xe%2Csn-un57sn7s&ms=au%2Crdu&mv=m&mvi=3&pl=16&initcwndbps=391250&vprv=1&mime=video%2Fmp4&ns=JSwRpWIIB9uDYxT1lSB2jw8F&gir=yes&clen=39846418&ratebypass=yes&dur=1113.930&lmt=1540169493790155&mt=1612277347&fvip=3&c=WEB&txp=5431432&n=lXMensPTpPB_Fk7OA&sparams=expire%2Cei%2Cip%2Cid%2Citag%2Csource%2Crequiressl%2Cvprv%2Cmime%2Cns%2Cgir%2Cclen%2Cratebypass%2Cdur%2Clmt&lsparams=mh%2Cmm%2Cmn%2Cms%2Cmv%2Cmvi%2Cpl%2Cinitcwndbps&lsig=AG3C_xAwRQIhAIiA2ADbgYQKWB6oPLAA666pis4FOMx3w4Z13QAMYCSsAiBP4mOgevd3-fljdjTdV--nqDTHTEcDUEjyPaTCz-Yq5Q%3D%3D&sig=AOq0QJ8wRQIgf4m5FoQaJyRFPYPKTiTcEdAgW02BtwRbJF8XNxW53zgCIQCiUjHoA_vWEEwcUB7m-sy6WuKfUUFQ8vYiAIBd_5QMsw==", "player_url": "/s/player/f6ef8aad/player_ias.vflset/en_US/base.js", "ext": "mp4", "width": 480, "height": 360, "acodec": "mp4a.40.2", "abr": 96, "vcodec": "avc1.42001E", "asr": 44100, "filesize": 39846418, "format_note": "360p", "fps": 25, "tbr": 286.201, "format": "18 - 480x360 (360p)", "protocol": "https", "http_headers": {"User-Agent": "Mozilla/5.0 (Windows NT 10.0; Win64; x64) AppleWebKit/537.36 (KHTML, like Gecko) Chrome/69.0.3497.117 Safari/537.36", "Accept-Charset": "ISO-8859-1,utf-8;q=0.7,*;q=0.7", "Accept": "text/html,application/xhtml+xml,application/xml;q=0.9,*/*;q=0.8", "Accept-Encoding": "gzip, deflate", "Accept-Language": "en-us,en;q=0.5"}}], "is_live": null, "start_time": null, "end_time": null, "series": null, "season_number": null, "episode_number": null, "track": null, "artist": null, "album": null, "release_date": null, "release_year": null, "extractor": "youtube", "webpage_url_basename": "watch", "extractor_key": "Youtube", "playlist": null, "playlist_index": null, "thumbnail": "https://i.ytimg.com/vi/PZN7XLKzLDI/hqdefault.jpg?sqp=-oaymwEcCNACELwBSFXyq4qpAw4IARUAAIhCGAFwAcABBg==&rs=AOn4CLAng2Fmgr819zskgfP2E7oAAAAIgw", "display_id": "PZN7XLKzLDI", "requested_subtitles": null, "format_id": "251", "url": "https://r3---sn-5njj-u2xe.googlevideo.com/videoplayback?expire=1612299153&ei=MWcZYMe1BqO4igavnbKQBQ&ip=140.109.135.76&id=o-ACRWekbbG7sIjI3qqqnqtwUifaKXpJwpMtvsSSvdyzqQ&itag=251&source=youtube&requiressl=yes&mh=zr&mm=31%2C29&mn=sn-5njj-u2xe%2Csn-un57sn7s&ms=au%2Crdu&mv=m&mvi=3&pl=16&initcwndbps=391250&vprv=1&mime=audio%2Fwebm&ns=sxXgfBs-dkUNxsdHrXBv0aAF&gir=yes&clen=21042735&dur=1113.881&lmt=1540169855111451&mt=1612277347&fvip=3&keepalive=yes&c=WEB&txp=5411222&n=BHkXn396nNTqTGPeo&sparams=expire%2Cei%2Cip%2Cid%2Citag%2Csource%2Crequiressl%2Cvprv%2Cmime%2Cns%2Cgir%2Cclen%2Cdur%2Clmt&lsparams=mh%2Cmm%2Cmn%2Cms%2Cmv%2Cmvi%2Cpl%2Cinitcwndbps&lsig=AG3C_xAwRQIgdcnndniBl1mzeb_eiCHhhAeyepMH8LF931T_BPEXrlYCIQCbOuCNWL1Gd1mEF7e_4vS77lnPvToAp7PnHgHwqRg6cQ%3D%3D&sig=AOq0QJ8wRQIgB8cMm3iUhu4kFJJbz0uWhh1TZQYGU10bY77QzRSB5AECIQDQH1UloDetJVafm2qkN9FMAzU45l4hshFqyBP8SoGAiQ==&ratebypass=yes", "player_url": "/s/player/f6ef8aad/player_ias.vflset/en_US/base.js", "ext": "webm", "format_note": "tiny", "acodec": "opus", "abr": 160, "asr": 48000, "filesize": 21042735, "fps": null, "height": null, "tbr": 171.7, "width": null, "vcodec": "none", "downloader_options": {"http_chunk_size": 10485760}, "format": "251 - audio only (tiny)", "protocol": "https", "http_headers": {"User-Agent": "Mozilla/5.0 (Windows NT 10.0; Win64; x64) AppleWebKit/537.36 (KHTML, like Gecko) Chrome/69.0.3497.117 Safari/537.36", "Accept-Charset": "ISO-8859-1,utf-8;q=0.7,*;q=0.7", "Accept": "text/html,application/xhtml+xml,application/xml;q=0.9,*/*;q=0.8", "Accept-Encoding": "gzip, deflate", "Accept-Language": "en-us,en;q=0.5"}}