{"id": "pouxqiySdI8", "uploader": "RekiFr", "uploader_id": "RekiFr", "uploader_url": "http://www.youtube.com/user/RekiFr", "channel_id": "UChfBKPZQ0253EwyyPA4htzw", "channel_url": "http://www.youtube.com/channel/UChfBKPZQ0253EwyyPA4htzw", "upload_date": "20170401", "license": null, "creator": null, "title": "\u3010TV\u3011Shingeki no Kyojin Season 2 Opening - Shinzou wo Sasageyo! (Piano)", "alt_title": null, "thumbnails": [{"url": "https://i.ytimg.com/vi/pouxqiySdI8/hqdefault.jpg?sqp=-oaymwEbCKgBEF5IVfKriqkDDggBFQAAiEIYAXABwAEG&rs=AOn4CLA52taD4WN3b36zSLuTvZWzR87vpw", "width": 168, "height": 94, "resolution": "168x94", "id": "0"}, {"url": "https://i.ytimg.com/vi/pouxqiySdI8/hqdefault.jpg?sqp=-oaymwEbCMQBEG5IVfKriqkDDggBFQAAiEIYAXABwAEG&rs=AOn4CLA34q15X9SQHliaJ2GEAIXyCgeCWw", "width": 196, "height": 110, "resolution": "196x110", "id": "1"}, {"url": "https://i.ytimg.com/vi/pouxqiySdI8/hqdefault.jpg?sqp=-oaymwEcCPYBEIoBSFXyq4qpAw4IARUAAIhCGAFwAcABBg==&rs=AOn4CLAsl39qfGOrB0QpX3sApOaOGMXs2A", "width": 246, "height": 138, "resolution": "246x138", "id": "2"}, {"url": "https://i.ytimg.com/vi/pouxqiySdI8/hqdefault.jpg?sqp=-oaymwEcCNACELwBSFXyq4qpAw4IARUAAIhCGAFwAcABBg==&rs=AOn4CLBUCwWZKXlEo9e360iODS7Qal0mdw", "width": 336, "height": 188, "resolution": "336x188", "id": "3"}, {"url": "https://i.ytimg.com/vi_webp/pouxqiySdI8/maxresdefault.webp", "width": 1920, "height": 1080, "resolution": "1920x1080", "id": "4"}], "description": "Subscribe me for more music!\n\u27bd http://bit.ly/SubscribeRekiFr\n More information & download \u21d3\u21d3\u21d3\u21d3\n\n\u2324\u2324\u2324\u2324\u2324\u2324\u2324\u2324\u2324\u2324\u2324\u2324\u2324\u2324\u2324\u2324\u2324\nSong Information~\nLinked Horizon - Shinzou wo Sasageyo! (\u5fc3\u81d3\u3092\u6367\u3052\u3088\uff01)\nAttack on Titan Season 2 \u300c\u9032\u6483\u306e\u5de8\u4eba2\u671f\u300d Opening\n\n\u2324\u2324\u2324\u2324\u2324\u2324\u2324\u2324\u2324\u2324\u2324\u2324\u2324\u2324\u2324\u2324\u2324\nDOWNLOAD SHEETS FOR FREE: http://sheet.host/sheet/eljtRE\nMIDI: http://www.mediafire.com/file/0pxpxg22tuz6uq3/Shinzou_wo_Sasageyo%21.mid\n\n\u2324\u2324\u2324\u2324\u2324\u2324\u2324\u2324\u2324\u2324\u2324\u2324\u2324\u2324\u2324\u2324\u2324\n* Relatively easy :).\n* Minor correction (LH): Thumb on G after B jump on (0:51) [Thanks Fonzi]\n\n\u2324\u2324\u2324\u2324\u2324\u2324\u2324\u2324\u2324\u2324\u2324\u2324\u2324\u2324\u2324\u2324\u2324\nRekiFr Official\n\u25b8 Twitter: https://twitter.com/TwitReki\n\u25b8 Facebook: https://facebook.com/RekiFr0\n\u25b8 Sheethost: https://sheet.host/user/RekiFr\n\n\u2324\u2324\u2324\u2324\u2324\u2324\u2324\u2324\u2324\u2324\u2324\u2324\u2324\u2324\u2324\u2324\u2324\nRekiFr is creating piano arrangement from anime, video games, utattemita, and more. All arrangement was produced solely by RekiFr. RekiFr claims full ownership over the arrangement. Re-uploading my video nor arrangement are strictly prohibited. )( 2019.\n\n===================\nShingeki no Kyojin OST\n===================\n~ Shingeki no Kyojin Season 3\nOP - Red Swan ~ https://www.youtube.com/watch?v=adRFfxqpJ0k\nED - Requiem Der Morgenr\u00f6te ~ https://www.youtube.com/watch?v=IsyZ4-Klupc\n\n~ Shingeki no Kyojin Season 2\nOP - Shinzou wo Sasageyo! ~ https://www.youtube.com/watch?v=pouxqiySdI8\nED - Yuugure no Tori ~ https://www.youtube.com/watch?v=yOuxGGicE5I\nFull OST DISC 1 ~ https://www.youtube.com/watch?v=FXtrpNmPlMw\n\n~ Shingeki! Kyojin Chuugakkou\nOP - Seishun wa Hanabi no You ni ~ https://www.youtube.com/watch?v=HHJIG8B06gM\nED - Hangeki no Daichi ~ https://www.youtube.com/watch?v=GEn-7V78DEs", "categories": ["Music"], "tags": ["Shingeki no Kyojin Season 2", "Attack on Titan Season 2", "Piano", "Synthesia", "Arrangement", "Transcription", "\u9032\u6483\u306e\u5de8\u4eba2\u671f", "\u9032\u6483\u306e\u5de8\u4eba", "Linked Horizon", "\u30d4\u30a2\u30ce", "Opening", "Ending", "\u5fc3\u81d3\u3092\u6367\u3052\u3088\uff01"], "subtitles": {}, "automatic_captions": {}, "duration": 96, "age_limit": 0, "annotations": null, "chapters": null, "webpage_url": "https://www.youtube.com/watch?v=pouxqiySdI8", "view_count": 2997888, "like_count": 55500, "dislike_count": 585, "average_rating": 4.9582777, "formats": [{"format_id": "249", "url": "https://r4---sn-5njj-u2xl.googlevideo.com/videoplayback?expire=1612299184&ei=UGcZYIH_GaSKs8IP0vi-CA&ip=140.109.135.76&id=o-AAEv1PML4nsA5KW6fTEN2qkFONxxXStHAaynUPlsEg7W&itag=249&source=youtube&requiressl=yes&mh=EJ&mm=31%2C29&mn=sn-5njj-u2xl%2Csn-un57sn7z&ms=au%2Crdu&mv=m&mvi=4&pl=16&initcwndbps=465000&vprv=1&mime=audio%2Fwebm&ns=YUjc1IMM31No7KAgXmoDoCYF&gir=yes&clen=655268&dur=95.901&lmt=1540437479823898&mt=1612277116&fvip=4&keepalive=yes&c=WEB&txp=5411222&n=jl1M1biToDT4uI9RJ&sparams=expire%2Cei%2Cip%2Cid%2Citag%2Csource%2Crequiressl%2Cvprv%2Cmime%2Cns%2Cgir%2Cclen%2Cdur%2Clmt&sig=AOq0QJ8wRgIhAMcT7jZ6K7GG4Q2iC1WmugsY6-wJMRsedYYJPf5R9UY4AiEA5kTy2V8WVPw8WJKhSws18dG04zycRcqZRNNnoKoWo7k%3D&lsparams=mh%2Cmm%2Cmn%2Cms%2Cmv%2Cmvi%2Cpl%2Cinitcwndbps&lsig=AG3C_xAwRQIgC6GoRH55pljVFa2Q2v-6LptNPbHPlbHrrkyx2fBZwSYCIQCwihvK5DIaRWwzCqKushHA_kwwMjwTlFqnadD73ZC7FQ%3D%3D&ratebypass=yes", "player_url": null, "ext": "webm", "format_note": "tiny", "acodec": "opus", "abr": 50, "asr": 48000, "filesize": 655268, "fps": null, "height": null, "tbr": 63.075, "width": null, "vcodec": "none", "downloader_options": {"http_chunk_size": 10485760}, "format": "249 - audio only (tiny)", "protocol": "https", "http_headers": {"User-Agent": "Mozilla/5.0 (Windows NT 10.0; Win64; x64) AppleWebKit/537.36 (KHTML, like Gecko) Chrome/69.0.3497.117 Safari/537.36", "Accept-Charset": "ISO-8859-1,utf-8;q=0.7,*;q=0.7", "Accept": "text/html,application/xhtml+xml,application/xml;q=0.9,*/*;q=0.8", "Accept-Encoding": "gzip, deflate", "Accept-Language": "en-us,en;q=0.5"}}, {"format_id": "250", "url": "https://r4---sn-5njj-u2xl.googlevideo.com/videoplayback?expire=1612299184&ei=UGcZYIH_GaSKs8IP0vi-CA&ip=140.109.135.76&id=o-AAEv1PML4nsA5KW6fTEN2qkFONxxXStHAaynUPlsEg7W&itag=250&source=youtube&requiressl=yes&mh=EJ&mm=31%2C29&mn=sn-5njj-u2xl%2Csn-un57sn7z&ms=au%2Crdu&mv=m&mvi=4&pl=16&initcwndbps=465000&vprv=1&mime=audio%2Fwebm&ns=YUjc1IMM31No7KAgXmoDoCYF&gir=yes&clen=875496&dur=95.901&lmt=1540437479005152&mt=1612277116&fvip=4&keepalive=yes&c=WEB&txp=5411222&n=jl1M1biToDT4uI9RJ&sparams=expire%2Cei%2Cip%2Cid%2Citag%2Csource%2Crequiressl%2Cvprv%2Cmime%2Cns%2Cgir%2Cclen%2Cdur%2Clmt&sig=AOq0QJ8wRAIgX_VY4LrKwwJzXv-rLq2FeC34kazVC_9nrrh5OZcT-GgCIG4rkQnNvYzKXGcbpL_fmRy1lqjygX5IomSHdnL9YMYD&lsparams=mh%2Cmm%2Cmn%2Cms%2Cmv%2Cmvi%2Cpl%2Cinitcwndbps&lsig=AG3C_xAwRQIgC6GoRH55pljVFa2Q2v-6LptNPbHPlbHrrkyx2fBZwSYCIQCwihvK5DIaRWwzCqKushHA_kwwMjwTlFqnadD73ZC7FQ%3D%3D&ratebypass=yes", "player_url": null, "ext": "webm", "format_note": "tiny", "acodec": "opus", "abr": 70, "asr": 48000, "filesize": 875496, "fps": null, "height": null, "tbr": 84.09, "width": null, "vcodec": "none", "downloader_options": {"http_chunk_size": 10485760}, "format": "250 - audio only (tiny)", "protocol": "https", "http_headers": {"User-Agent": "Mozilla/5.0 (Windows NT 10.0; Win64; x64) AppleWebKit/537.36 (KHTML, like Gecko) Chrome/69.0.3497.117 Safari/537.36", "Accept-Charset": "ISO-8859-1,utf-8;q=0.7,*;q=0.7", "Accept": "text/html,application/xhtml+xml,application/xml;q=0.9,*/*;q=0.8", "Accept-Encoding": "gzip, deflate", "Accept-Language": "en-us,en;q=0.5"}}, {"format_id": "140", "url": "https://r4---sn-5njj-u2xl.googlevideo.com/videoplayback?expire=1612299184&ei=UGcZYIH_GaSKs8IP0vi-CA&ip=140.109.135.76&id=o-AAEv1PML4nsA5KW6fTEN2qkFONxxXStHAaynUPlsEg7W&itag=140&source=youtube&requiressl=yes&mh=EJ&mm=31%2C29&mn=sn-5njj-u2xl%2Csn-un57sn7z&ms=au%2Crdu&mv=m&mvi=4&pl=16&initcwndbps=465000&vprv=1&mime=audio%2Fmp4&ns=YUjc1IMM31No7KAgXmoDoCYF&gir=yes&clen=1524137&dur=95.921&lmt=1540436797915826&mt=1612277116&fvip=4&keepalive=yes&c=WEB&txp=5432432&n=jl1M1biToDT4uI9RJ&sparams=expire%2Cei%2Cip%2Cid%2Citag%2Csource%2Crequiressl%2Cvprv%2Cmime%2Cns%2Cgir%2Cclen%2Cdur%2Clmt&sig=AOq0QJ8wRAIgAp4Yl2ubhOb5mcbVejQ2_pRe7Dc-Le-J5JALSaja5LsCIF6eazqhc1akklQOgwoDKM3Q3YZnlgfz3BVvUrcY20wy&lsparams=mh%2Cmm%2Cmn%2Cms%2Cmv%2Cmvi%2Cpl%2Cinitcwndbps&lsig=AG3C_xAwRQIgC6GoRH55pljVFa2Q2v-6LptNPbHPlbHrrkyx2fBZwSYCIQCwihvK5DIaRWwzCqKushHA_kwwMjwTlFqnadD73ZC7FQ%3D%3D&ratebypass=yes", "player_url": null, "ext": "m4a", "format_note": "tiny", "acodec": "mp4a.40.2", "abr": 128, "container": "m4a_dash", "asr": 44100, "filesize": 1524137, "fps": null, "height": null, "tbr": 127.884, "width": null, "vcodec": "none", "downloader_options": {"http_chunk_size": 10485760}, "format": "140 - audio only (tiny)", "protocol": "https", "http_headers": {"User-Agent": "Mozilla/5.0 (Windows NT 10.0; Win64; x64) AppleWebKit/537.36 (KHTML, like Gecko) Chrome/69.0.3497.117 Safari/537.36", "Accept-Charset": "ISO-8859-1,utf-8;q=0.7,*;q=0.7", "Accept": "text/html,application/xhtml+xml,application/xml;q=0.9,*/*;q=0.8", "Accept-Encoding": "gzip, deflate", "Accept-Language": "en-us,en;q=0.5"}}, {"format_id": "251", "url": "https://r4---sn-5njj-u2xl.googlevideo.com/videoplayback?expire=1612299184&ei=UGcZYIH_GaSKs8IP0vi-CA&ip=140.109.135.76&id=o-AAEv1PML4nsA5KW6fTEN2qkFONxxXStHAaynUPlsEg7W&itag=251&source=youtube&requiressl=yes&mh=EJ&mm=31%2C29&mn=sn-5njj-u2xl%2Csn-un57sn7z&ms=au%2Crdu&mv=m&mvi=4&pl=16&initcwndbps=465000&vprv=1&mime=audio%2Fwebm&ns=YUjc1IMM31No7KAgXmoDoCYF&gir=yes&clen=1665221&dur=95.901&lmt=1540437479402191&mt=1612277116&fvip=4&keepalive=yes&c=WEB&txp=5411222&n=jl1M1biToDT4uI9RJ&sparams=expire%2Cei%2Cip%2Cid%2Citag%2Csource%2Crequiressl%2Cvprv%2Cmime%2Cns%2Cgir%2Cclen%2Cdur%2Clmt&sig=AOq0QJ8wRQIhAJ1XlaC6z8ArWLgescEsuVr9BmrJ1g_94hE78R3nMZ_EAiBtMvNfN7pYX_aLSdvoB0-MtBXTBv6IMINov8gVEE_G2A%3D%3D&lsparams=mh%2Cmm%2Cmn%2Cms%2Cmv%2Cmvi%2Cpl%2Cinitcwndbps&lsig=AG3C_xAwRQIgC6GoRH55pljVFa2Q2v-6LptNPbHPlbHrrkyx2fBZwSYCIQCwihvK5DIaRWwzCqKushHA_kwwMjwTlFqnadD73ZC7FQ%3D%3D&ratebypass=yes", "player_url": null, "ext": "webm", "format_note": "tiny", "acodec": "opus", "abr": 160, "asr": 48000, "filesize": 1665221, "fps": null, "height": null, "tbr": 158.516, "width": null, "vcodec": "none", "downloader_options": {"http_chunk_size": 10485760}, "format": "251 - audio only (tiny)", "protocol": "https", "http_headers": {"User-Agent": "Mozilla/5.0 (Windows NT 10.0; Win64; x64) AppleWebKit/537.36 (KHTML, like Gecko) Chrome/69.0.3497.117 Safari/537.36", "Accept-Charset": "ISO-8859-1,utf-8;q=0.7,*;q=0.7", "Accept": "text/html,application/xhtml+xml,application/xml;q=0.9,*/*;q=0.8", "Accept-Encoding": "gzip, deflate", "Accept-Language": "en-us,en;q=0.5"}}, {"format_id": "394", "url": "https://r4---sn-5njj-u2xl.googlevideo.com/videoplayback?expire=1612299184&ei=UGcZYIH_GaSKs8IP0vi-CA&ip=140.109.135.76&id=o-AAEv1PML4nsA5KW6fTEN2qkFONxxXStHAaynUPlsEg7W&itag=394&aitags=133%2C134%2C135%2C136%2C160%2C242%2C243%2C244%2C247%2C278%2C298%2C299%2C302%2C303%2C394%2C395%2C396%2C397%2C398%2C399&source=youtube&requiressl=yes&mh=EJ&mm=31%2C29&mn=sn-5njj-u2xl%2Csn-un57sn7z&ms=au%2Crdu&mv=m&mvi=4&pl=16&initcwndbps=465000&vprv=1&mime=video%2Fmp4&ns=YUjc1IMM31No7KAgXmoDoCYF&gir=yes&clen=763866&dur=95.866&lmt=1599640557307402&mt=1612277116&fvip=4&keepalive=yes&c=WEB&txp=5431432&n=jl1M1biToDT4uI9RJ&sparams=expire%2Cei%2Cip%2Cid%2Caitags%2Csource%2Crequiressl%2Cvprv%2Cmime%2Cns%2Cgir%2Cclen%2Cdur%2Clmt&sig=AOq0QJ8wRgIhAJWGpnDVzgGzZbL3n-7JFlDEUmfv7LzwkCKQ5OIM_W3hAiEA0fQbhAilqxraW9QEQvlOlE1X40zsmaUWfdsLP3gpvic%3D&lsparams=mh%2Cmm%2Cmn%2Cms%2Cmv%2Cmvi%2Cpl%2Cinitcwndbps&lsig=AG3C_xAwRQIgC6GoRH55pljVFa2Q2v-6LptNPbHPlbHrrkyx2fBZwSYCIQCwihvK5DIaRWwzCqKushHA_kwwMjwTlFqnadD73ZC7FQ%3D%3D&ratebypass=yes", "player_url": null, "acodec": "none", "vcodec": "av01.0.00M.08", "asr": null, "filesize": 763866, "format_note": "144p", "fps": 30, "height": 144, "tbr": 68.368, "width": 256, "ext": "mp4", "downloader_options": {"http_chunk_size": 10485760}, "format": "394 - 256x144 (144p)", "protocol": "https", "http_headers": {"User-Agent": "Mozilla/5.0 (Windows NT 10.0; Win64; x64) AppleWebKit/537.36 (KHTML, like Gecko) Chrome/69.0.3497.117 Safari/537.36", "Accept-Charset": "ISO-8859-1,utf-8;q=0.7,*;q=0.7", "Accept": "text/html,application/xhtml+xml,application/xml;q=0.9,*/*;q=0.8", "Accept-Encoding": "gzip, deflate", "Accept-Language": "en-us,en;q=0.5"}}, {"format_id": "278", "url": "https://r4---sn-5njj-u2xl.googlevideo.com/videoplayback?expire=1612299184&ei=UGcZYIH_GaSKs8IP0vi-CA&ip=140.109.135.76&id=o-AAEv1PML4nsA5KW6fTEN2qkFONxxXStHAaynUPlsEg7W&itag=278&aitags=133%2C134%2C135%2C136%2C160%2C242%2C243%2C244%2C247%2C278%2C298%2C299%2C302%2C303%2C394%2C395%2C396%2C397%2C398%2C399&source=youtube&requiressl=yes&mh=EJ&mm=31%2C29&mn=sn-5njj-u2xl%2Csn-un57sn7z&ms=au%2Crdu&mv=m&mvi=4&pl=16&initcwndbps=465000&vprv=1&mime=video%2Fwebm&ns=YUjc1IMM31No7KAgXmoDoCYF&gir=yes&clen=989259&dur=95.866&lmt=1540437175282989&mt=1612277116&fvip=4&keepalive=yes&c=WEB&txp=5432432&n=jl1M1biToDT4uI9RJ&sparams=expire%2Cei%2Cip%2Cid%2Caitags%2Csource%2Crequiressl%2Cvprv%2Cmime%2Cns%2Cgir%2Cclen%2Cdur%2Clmt&sig=AOq0QJ8wRQIhAI2EfB8-1Me-TMJiFSOW27s0S9Ki-QiHWyOt3W8cPG0QAiBNNuGOsWyuHcPYvfjo7ojllP0KrF-Gdc6d0F6Yr_NSHw%3D%3D&lsparams=mh%2Cmm%2Cmn%2Cms%2Cmv%2Cmvi%2Cpl%2Cinitcwndbps&lsig=AG3C_xAwRQIgC6GoRH55pljVFa2Q2v-6LptNPbHPlbHrrkyx2fBZwSYCIQCwihvK5DIaRWwzCqKushHA_kwwMjwTlFqnadD73ZC7FQ%3D%3D&ratebypass=yes", "player_url": null, "ext": "webm", "height": 144, "format_note": "144p", "container": "webm", "vcodec": "vp9", "asr": null, "filesize": 989259, "fps": 30, "tbr": 93.6, "width": 256, "acodec": "none", "downloader_options": {"http_chunk_size": 10485760}, "format": "278 - 256x144 (144p)", "protocol": "https", "http_headers": {"User-Agent": "Mozilla/5.0 (Windows NT 10.0; Win64; x64) AppleWebKit/537.36 (KHTML, like Gecko) Chrome/69.0.3497.117 Safari/537.36", "Accept-Charset": "ISO-8859-1,utf-8;q=0.7,*;q=0.7", "Accept": "text/html,application/xhtml+xml,application/xml;q=0.9,*/*;q=0.8", "Accept-Encoding": "gzip, deflate", "Accept-Language": "en-us,en;q=0.5"}}, {"format_id": "160", "url": "https://r4---sn-5njj-u2xl.googlevideo.com/videoplayback?expire=1612299184&ei=UGcZYIH_GaSKs8IP0vi-CA&ip=140.109.135.76&id=o-AAEv1PML4nsA5KW6fTEN2qkFONxxXStHAaynUPlsEg7W&itag=160&aitags=133%2C134%2C135%2C136%2C160%2C242%2C243%2C244%2C247%2C278%2C298%2C299%2C302%2C303%2C394%2C395%2C396%2C397%2C398%2C399&source=youtube&requiressl=yes&mh=EJ&mm=31%2C29&mn=sn-5njj-u2xl%2Csn-un57sn7z&ms=au%2Crdu&mv=m&mvi=4&pl=16&initcwndbps=465000&vprv=1&mime=video%2Fmp4&ns=YUjc1IMM31No7KAgXmoDoCYF&gir=yes&clen=870854&dur=95.866&lmt=1540436794271237&mt=1612277116&fvip=4&keepalive=yes&c=WEB&txp=5432432&n=jl1M1biToDT4uI9RJ&sparams=expire%2Cei%2Cip%2Cid%2Caitags%2Csource%2Crequiressl%2Cvprv%2Cmime%2Cns%2Cgir%2Cclen%2Cdur%2Clmt&sig=AOq0QJ8wRQIgD-uXm6dhvPpF5vAsAIT6V3JiSMupvPUplshwLUQXDRUCIQDiHPfWtG00jVGeEJKVw3HYM8jbItqkxrcFNk4Bo7oVwg%3D%3D&lsparams=mh%2Cmm%2Cmn%2Cms%2Cmv%2Cmvi%2Cpl%2Cinitcwndbps&lsig=AG3C_xAwRQIgC6GoRH55pljVFa2Q2v-6LptNPbHPlbHrrkyx2fBZwSYCIQCwihvK5DIaRWwzCqKushHA_kwwMjwTlFqnadD73ZC7FQ%3D%3D&ratebypass=yes", "player_url": null, "ext": "mp4", "height": 144, "format_note": "144p", "vcodec": "avc1.4d400c", "asr": null, "filesize": 870854, "fps": 30, "tbr": 96.77, "width": 256, "acodec": "none", "downloader_options": {"http_chunk_size": 10485760}, "format": "160 - 256x144 (144p)", "protocol": "https", "http_headers": {"User-Agent": "Mozilla/5.0 (Windows NT 10.0; Win64; x64) AppleWebKit/537.36 (KHTML, like Gecko) Chrome/69.0.3497.117 Safari/537.36", "Accept-Charset": "ISO-8859-1,utf-8;q=0.7,*;q=0.7", "Accept": "text/html,application/xhtml+xml,application/xml;q=0.9,*/*;q=0.8", "Accept-Encoding": "gzip, deflate", "Accept-Language": "en-us,en;q=0.5"}}, {"format_id": "395", "url": "https://r4---sn-5njj-u2xl.googlevideo.com/videoplayback?expire=1612299184&ei=UGcZYIH_GaSKs8IP0vi-CA&ip=140.109.135.76&id=o-AAEv1PML4nsA5KW6fTEN2qkFONxxXStHAaynUPlsEg7W&itag=395&aitags=133%2C134%2C135%2C136%2C160%2C242%2C243%2C244%2C247%2C278%2C298%2C299%2C302%2C303%2C394%2C395%2C396%2C397%2C398%2C399&source=youtube&requiressl=yes&mh=EJ&mm=31%2C29&mn=sn-5njj-u2xl%2Csn-un57sn7z&ms=au%2Crdu&mv=m&mvi=4&pl=16&initcwndbps=465000&vprv=1&mime=video%2Fmp4&ns=YUjc1IMM31No7KAgXmoDoCYF&gir=yes&clen=1512433&dur=95.866&lmt=1599640986201726&mt=1612277116&fvip=4&keepalive=yes&c=WEB&txp=5431432&n=jl1M1biToDT4uI9RJ&sparams=expire%2Cei%2Cip%2Cid%2Caitags%2Csource%2Crequiressl%2Cvprv%2Cmime%2Cns%2Cgir%2Cclen%2Cdur%2Clmt&sig=AOq0QJ8wRQIhAIZ4pYneXa0hSiAoGnO2pl6vj4kFWGKf0hXH0JL46ngqAiACqWN_JI8-DVmmStxC8X7v6umrFp9l0b_1KZ_32tYSVw%3D%3D&lsparams=mh%2Cmm%2Cmn%2Cms%2Cmv%2Cmvi%2Cpl%2Cinitcwndbps&lsig=AG3C_xAwRQIgC6GoRH55pljVFa2Q2v-6LptNPbHPlbHrrkyx2fBZwSYCIQCwihvK5DIaRWwzCqKushHA_kwwMjwTlFqnadD73ZC7FQ%3D%3D&ratebypass=yes", "player_url": null, "acodec": "none", "vcodec": "av01.0.00M.08", "asr": null, "filesize": 1512433, "format_note": "240p", "fps": 30, "height": 240, "tbr": 144.512, "width": 426, "ext": "mp4", "downloader_options": {"http_chunk_size": 10485760}, "format": "395 - 426x240 (240p)", "protocol": "https", "http_headers": {"User-Agent": "Mozilla/5.0 (Windows NT 10.0; Win64; x64) AppleWebKit/537.36 (KHTML, like Gecko) Chrome/69.0.3497.117 Safari/537.36", "Accept-Charset": "ISO-8859-1,utf-8;q=0.7,*;q=0.7", "Accept": "text/html,application/xhtml+xml,application/xml;q=0.9,*/*;q=0.8", "Accept-Encoding": "gzip, deflate", "Accept-Language": "en-us,en;q=0.5"}}, {"format_id": "133", "url": "https://r4---sn-5njj-u2xl.googlevideo.com/videoplayback?expire=1612299184&ei=UGcZYIH_GaSKs8IP0vi-CA&ip=140.109.135.76&id=o-AAEv1PML4nsA5KW6fTEN2qkFONxxXStHAaynUPlsEg7W&itag=133&aitags=133%2C134%2C135%2C136%2C160%2C242%2C243%2C244%2C247%2C278%2C298%2C299%2C302%2C303%2C394%2C395%2C396%2C397%2C398%2C399&source=youtube&requiressl=yes&mh=EJ&mm=31%2C29&mn=sn-5njj-u2xl%2Csn-un57sn7z&ms=au%2Crdu&mv=m&mvi=4&pl=16&initcwndbps=465000&vprv=1&mime=video%2Fmp4&ns=YUjc1IMM31No7KAgXmoDoCYF&gir=yes&clen=1387694&dur=95.866&lmt=1540436794367639&mt=1612277116&fvip=4&keepalive=yes&c=WEB&txp=5432432&n=jl1M1biToDT4uI9RJ&sparams=expire%2Cei%2Cip%2Cid%2Caitags%2Csource%2Crequiressl%2Cvprv%2Cmime%2Cns%2Cgir%2Cclen%2Cdur%2Clmt&sig=AOq0QJ8wRAIgTzXPlk1jc1lY7Iu0a-JeIsgjYQcr6Vk6_vmxF0kdnsECID_K8156kjCrtXwIG_j1fdyct7qB3v4n8FPFBaKOfQZg&lsparams=mh%2Cmm%2Cmn%2Cms%2Cmv%2Cmvi%2Cpl%2Cinitcwndbps&lsig=AG3C_xAwRQIgC6GoRH55pljVFa2Q2v-6LptNPbHPlbHrrkyx2fBZwSYCIQCwihvK5DIaRWwzCqKushHA_kwwMjwTlFqnadD73ZC7FQ%3D%3D&ratebypass=yes", "player_url": null, "ext": "mp4", "height": 240, "format_note": "240p", "vcodec": "avc1.4d4015", "asr": null, "filesize": 1387694, "fps": 30, "tbr": 160.358, "width": 426, "acodec": "none", "downloader_options": {"http_chunk_size": 10485760}, "format": "133 - 426x240 (240p)", "protocol": "https", "http_headers": {"User-Agent": "Mozilla/5.0 (Windows NT 10.0; Win64; x64) AppleWebKit/537.36 (KHTML, like Gecko) Chrome/69.0.3497.117 Safari/537.36", "Accept-Charset": "ISO-8859-1,utf-8;q=0.7,*;q=0.7", "Accept": "text/html,application/xhtml+xml,application/xml;q=0.9,*/*;q=0.8", "Accept-Encoding": "gzip, deflate", "Accept-Language": "en-us,en;q=0.5"}}, {"format_id": "242", "url": "https://r4---sn-5njj-u2xl.googlevideo.com/videoplayback?expire=1612299184&ei=UGcZYIH_GaSKs8IP0vi-CA&ip=140.109.135.76&id=o-AAEv1PML4nsA5KW6fTEN2qkFONxxXStHAaynUPlsEg7W&itag=242&aitags=133%2C134%2C135%2C136%2C160%2C242%2C243%2C244%2C247%2C278%2C298%2C299%2C302%2C303%2C394%2C395%2C396%2C397%2C398%2C399&source=youtube&requiressl=yes&mh=EJ&mm=31%2C29&mn=sn-5njj-u2xl%2Csn-un57sn7z&ms=au%2Crdu&mv=m&mvi=4&pl=16&initcwndbps=465000&vprv=1&mime=video%2Fwebm&ns=YUjc1IMM31No7KAgXmoDoCYF&gir=yes&clen=1947659&dur=95.866&lmt=1540437175300131&mt=1612277116&fvip=4&keepalive=yes&c=WEB&txp=5432432&n=jl1M1biToDT4uI9RJ&sparams=expire%2Cei%2Cip%2Cid%2Caitags%2Csource%2Crequiressl%2Cvprv%2Cmime%2Cns%2Cgir%2Cclen%2Cdur%2Clmt&sig=AOq0QJ8wRQIgJs_yIVP3J-VckWCkBkYRVrBoWpAm1H1iClO4EvqoYXoCIQCYf_X0iYKpaNAEEpg7d0S6d2-0bKi1XU6kWQb3QzyWRA%3D%3D&lsparams=mh%2Cmm%2Cmn%2Cms%2Cmv%2Cmvi%2Cpl%2Cinitcwndbps&lsig=AG3C_xAwRQIgC6GoRH55pljVFa2Q2v-6LptNPbHPlbHrrkyx2fBZwSYCIQCwihvK5DIaRWwzCqKushHA_kwwMjwTlFqnadD73ZC7FQ%3D%3D&ratebypass=yes", "player_url": null, "ext": "webm", "height": 240, "format_note": "240p", "vcodec": "vp9", "asr": null, "filesize": 1947659, "fps": 30, "tbr": 200.991, "width": 426, "acodec": "none", "downloader_options": {"http_chunk_size": 10485760}, "format": "242 - 426x240 (240p)", "protocol": "https", "http_headers": {"User-Agent": "Mozilla/5.0 (Windows NT 10.0; Win64; x64) AppleWebKit/537.36 (KHTML, like Gecko) Chrome/69.0.3497.117 Safari/537.36", "Accept-Charset": "ISO-8859-1,utf-8;q=0.7,*;q=0.7", "Accept": "text/html,application/xhtml+xml,application/xml;q=0.9,*/*;q=0.8", "Accept-Encoding": "gzip, deflate", "Accept-Language": "en-us,en;q=0.5"}}, {"format_id": "396", "url": "https://r4---sn-5njj-u2xl.googlevideo.com/videoplayback?expire=1612299184&ei=UGcZYIH_GaSKs8IP0vi-CA&ip=140.109.135.76&id=o-AAEv1PML4nsA5KW6fTEN2qkFONxxXStHAaynUPlsEg7W&itag=396&aitags=133%2C134%2C135%2C136%2C160%2C242%2C243%2C244%2C247%2C278%2C298%2C299%2C302%2C303%2C394%2C395%2C396%2C397%2C398%2C399&source=youtube&requiressl=yes&mh=EJ&mm=31%2C29&mn=sn-5njj-u2xl%2Csn-un57sn7z&ms=au%2Crdu&mv=m&mvi=4&pl=16&initcwndbps=465000&vprv=1&mime=video%2Fmp4&ns=YUjc1IMM31No7KAgXmoDoCYF&gir=yes&clen=2834546&dur=95.866&lmt=1599640920713229&mt=1612277116&fvip=4&keepalive=yes&c=WEB&txp=5431432&n=jl1M1biToDT4uI9RJ&sparams=expire%2Cei%2Cip%2Cid%2Caitags%2Csource%2Crequiressl%2Cvprv%2Cmime%2Cns%2Cgir%2Cclen%2Cdur%2Clmt&sig=AOq0QJ8wRAIgCHKnPMF5x_iFR4kgMR8SiE4JpB0MknIwZS7OspVQynQCIDR3o6aLxXbz5H0vWFdeKSBR2w1l5bLiGF2KfwQX0e68&lsparams=mh%2Cmm%2Cmn%2Cms%2Cmv%2Cmvi%2Cpl%2Cinitcwndbps&lsig=AG3C_xAwRQIgC6GoRH55pljVFa2Q2v-6LptNPbHPlbHrrkyx2fBZwSYCIQCwihvK5DIaRWwzCqKushHA_kwwMjwTlFqnadD73ZC7FQ%3D%3D&ratebypass=yes", "player_url": null, "acodec": "none", "vcodec": "av01.0.01M.08", "asr": null, "filesize": 2834546, "format_note": "360p", "fps": 30, "height": 360, "tbr": 289.824, "width": 640, "ext": "mp4", "downloader_options": {"http_chunk_size": 10485760}, "format": "396 - 640x360 (360p)", "protocol": "https", "http_headers": {"User-Agent": "Mozilla/5.0 (Windows NT 10.0; Win64; x64) AppleWebKit/537.36 (KHTML, like Gecko) Chrome/69.0.3497.117 Safari/537.36", "Accept-Charset": "ISO-8859-1,utf-8;q=0.7,*;q=0.7", "Accept": "text/html,application/xhtml+xml,application/xml;q=0.9,*/*;q=0.8", "Accept-Encoding": "gzip, deflate", "Accept-Language": "en-us,en;q=0.5"}}, {"format_id": "134", "url": "https://r4---sn-5njj-u2xl.googlevideo.com/videoplayback?expire=1612299184&ei=UGcZYIH_GaSKs8IP0vi-CA&ip=140.109.135.76&id=o-AAEv1PML4nsA5KW6fTEN2qkFONxxXStHAaynUPlsEg7W&itag=134&aitags=133%2C134%2C135%2C136%2C160%2C242%2C243%2C244%2C247%2C278%2C298%2C299%2C302%2C303%2C394%2C395%2C396%2C397%2C398%2C399&source=youtube&requiressl=yes&mh=EJ&mm=31%2C29&mn=sn-5njj-u2xl%2Csn-un57sn7z&ms=au%2Crdu&mv=m&mvi=4&pl=16&initcwndbps=465000&vprv=1&mime=video%2Fmp4&ns=YUjc1IMM31No7KAgXmoDoCYF&gir=yes&clen=2936955&dur=95.866&lmt=1540436794466862&mt=1612277116&fvip=4&keepalive=yes&c=WEB&txp=5432432&n=jl1M1biToDT4uI9RJ&sparams=expire%2Cei%2Cip%2Cid%2Caitags%2Csource%2Crequiressl%2Cvprv%2Cmime%2Cns%2Cgir%2Cclen%2Cdur%2Clmt&sig=AOq0QJ8wRQIhAK10Ki-6NJN86fHE9zgwDSjVXxax0hyJ85oFL2dzwMJ9AiAWGo5kSFR0o8-8COT4LEur6TSOZ3TVEpsom99hxkMRKg%3D%3D&lsparams=mh%2Cmm%2Cmn%2Cms%2Cmv%2Cmvi%2Cpl%2Cinitcwndbps&lsig=AG3C_xAwRQIgC6GoRH55pljVFa2Q2v-6LptNPbHPlbHrrkyx2fBZwSYCIQCwihvK5DIaRWwzCqKushHA_kwwMjwTlFqnadD73ZC7FQ%3D%3D&ratebypass=yes", "player_url": null, "ext": "mp4", "height": 360, "format_note": "360p", "vcodec": "avc1.4d401e", "asr": null, "filesize": 2936955, "fps": 30, "tbr": 336.622, "width": 640, "acodec": "none", "downloader_options": {"http_chunk_size": 10485760}, "format": "134 - 640x360 (360p)", "protocol": "https", "http_headers": {"User-Agent": "Mozilla/5.0 (Windows NT 10.0; Win64; x64) AppleWebKit/537.36 (KHTML, like Gecko) Chrome/69.0.3497.117 Safari/537.36", "Accept-Charset": "ISO-8859-1,utf-8;q=0.7,*;q=0.7", "Accept": "text/html,application/xhtml+xml,application/xml;q=0.9,*/*;q=0.8", "Accept-Encoding": "gzip, deflate", "Accept-Language": "en-us,en;q=0.5"}}, {"format_id": "243", "url": "https://r4---sn-5njj-u2xl.googlevideo.com/videoplayback?expire=1612299184&ei=UGcZYIH_GaSKs8IP0vi-CA&ip=140.109.135.76&id=o-AAEv1PML4nsA5KW6fTEN2qkFONxxXStHAaynUPlsEg7W&itag=243&aitags=133%2C134%2C135%2C136%2C160%2C242%2C243%2C244%2C247%2C278%2C298%2C299%2C302%2C303%2C394%2C395%2C396%2C397%2C398%2C399&source=youtube&requiressl=yes&mh=EJ&mm=31%2C29&mn=sn-5njj-u2xl%2Csn-un57sn7z&ms=au%2Crdu&mv=m&mvi=4&pl=16&initcwndbps=465000&vprv=1&mime=video%2Fwebm&ns=YUjc1IMM31No7KAgXmoDoCYF&gir=yes&clen=3335941&dur=95.866&lmt=1540437175287561&mt=1612277116&fvip=4&keepalive=yes&c=WEB&txp=5432432&n=jl1M1biToDT4uI9RJ&sparams=expire%2Cei%2Cip%2Cid%2Caitags%2Csource%2Crequiressl%2Cvprv%2Cmime%2Cns%2Cgir%2Cclen%2Cdur%2Clmt&sig=AOq0QJ8wRQIhALUVVvgSfZD8P_wfw3aIfKVuD6n_4Brs5KIhRdOB3MKqAiB1-nH9c5oRnTAn15M0zIalZlVtK1eNt0YBxfyHWhDhpA%3D%3D&lsparams=mh%2Cmm%2Cmn%2Cms%2Cmv%2Cmvi%2Cpl%2Cinitcwndbps&lsig=AG3C_xAwRQIgC6GoRH55pljVFa2Q2v-6LptNPbHPlbHrrkyx2fBZwSYCIQCwihvK5DIaRWwzCqKushHA_kwwMjwTlFqnadD73ZC7FQ%3D%3D&ratebypass=yes", "player_url": null, "ext": "webm", "height": 360, "format_note": "360p", "vcodec": "vp9", "asr": null, "filesize": 3335941, "fps": 30, "tbr": 354.401, "width": 640, "acodec": "none", "downloader_options": {"http_chunk_size": 10485760}, "format": "243 - 640x360 (360p)", "protocol": "https", "http_headers": {"User-Agent": "Mozilla/5.0 (Windows NT 10.0; Win64; x64) AppleWebKit/537.36 (KHTML, like Gecko) Chrome/69.0.3497.117 Safari/537.36", "Accept-Charset": "ISO-8859-1,utf-8;q=0.7,*;q=0.7", "Accept": "text/html,application/xhtml+xml,application/xml;q=0.9,*/*;q=0.8", "Accept-Encoding": "gzip, deflate", "Accept-Language": "en-us,en;q=0.5"}}, {"format_id": "397", "url": "https://r4---sn-5njj-u2xl.googlevideo.com/videoplayback?expire=1612299184&ei=UGcZYIH_GaSKs8IP0vi-CA&ip=140.109.135.76&id=o-AAEv1PML4nsA5KW6fTEN2qkFONxxXStHAaynUPlsEg7W&itag=397&aitags=133%2C134%2C135%2C136%2C160%2C242%2C243%2C244%2C247%2C278%2C298%2C299%2C302%2C303%2C394%2C395%2C396%2C397%2C398%2C399&source=youtube&requiressl=yes&mh=EJ&mm=31%2C29&mn=sn-5njj-u2xl%2Csn-un57sn7z&ms=au%2Crdu&mv=m&mvi=4&pl=16&initcwndbps=465000&vprv=1&mime=video%2Fmp4&ns=YUjc1IMM31No7KAgXmoDoCYF&gir=yes&clen=4852872&dur=95.866&lmt=1599642718341393&mt=1612277116&fvip=4&keepalive=yes&c=WEB&txp=5431432&n=jl1M1biToDT4uI9RJ&sparams=expire%2Cei%2Cip%2Cid%2Caitags%2Csource%2Crequiressl%2Cvprv%2Cmime%2Cns%2Cgir%2Cclen%2Cdur%2Clmt&sig=AOq0QJ8wRQIhAJVMu2YH-FOtmyFqAxzDCc-5M4uRbAQfXaAY6aE5QjFpAiBQ87KFHXQEsmPbJ_K1LEZETcoUYcqCug0lxwNMxkcPHg%3D%3D&lsparams=mh%2Cmm%2Cmn%2Cms%2Cmv%2Cmvi%2Cpl%2Cinitcwndbps&lsig=AG3C_xAwRQIgC6GoRH55pljVFa2Q2v-6LptNPbHPlbHrrkyx2fBZwSYCIQCwihvK5DIaRWwzCqKushHA_kwwMjwTlFqnadD73ZC7FQ%3D%3D&ratebypass=yes", "player_url": null, "acodec": "none", "vcodec": "av01.0.04M.08", "asr": null, "filesize": 4852872, "format_note": "480p", "fps": 30, "height": 480, "tbr": 530.523, "width": 854, "ext": "mp4", "downloader_options": {"http_chunk_size": 10485760}, "format": "397 - 854x480 (480p)", "protocol": "https", "http_headers": {"User-Agent": "Mozilla/5.0 (Windows NT 10.0; Win64; x64) AppleWebKit/537.36 (KHTML, like Gecko) Chrome/69.0.3497.117 Safari/537.36", "Accept-Charset": "ISO-8859-1,utf-8;q=0.7,*;q=0.7", "Accept": "text/html,application/xhtml+xml,application/xml;q=0.9,*/*;q=0.8", "Accept-Encoding": "gzip, deflate", "Accept-Language": "en-us,en;q=0.5"}}, {"format_id": "135", "url": "https://r4---sn-5njj-u2xl.googlevideo.com/videoplayback?expire=1612299184&ei=UGcZYIH_GaSKs8IP0vi-CA&ip=140.109.135.76&id=o-AAEv1PML4nsA5KW6fTEN2qkFONxxXStHAaynUPlsEg7W&itag=135&aitags=133%2C134%2C135%2C136%2C160%2C242%2C243%2C244%2C247%2C278%2C298%2C299%2C302%2C303%2C394%2C395%2C396%2C397%2C398%2C399&source=youtube&requiressl=yes&mh=EJ&mm=31%2C29&mn=sn-5njj-u2xl%2Csn-un57sn7z&ms=au%2Crdu&mv=m&mvi=4&pl=16&initcwndbps=465000&vprv=1&mime=video%2Fmp4&ns=YUjc1IMM31No7KAgXmoDoCYF&gir=yes&clen=5194777&dur=95.866&lmt=1540436794567736&mt=1612277116&fvip=4&keepalive=yes&c=WEB&txp=5432432&n=jl1M1biToDT4uI9RJ&sparams=expire%2Cei%2Cip%2Cid%2Caitags%2Csource%2Crequiressl%2Cvprv%2Cmime%2Cns%2Cgir%2Cclen%2Cdur%2Clmt&sig=AOq0QJ8wRQIhAPvAnGw0COtXlwc537CVRFyG_JLM7BanjDRplTV5KPRyAiBGs19yHekQsl1BNumAYVfOUVsiViMgHqv1mBjMis5gMQ%3D%3D&lsparams=mh%2Cmm%2Cmn%2Cms%2Cmv%2Cmvi%2Cpl%2Cinitcwndbps&lsig=AG3C_xAwRQIgC6GoRH55pljVFa2Q2v-6LptNPbHPlbHrrkyx2fBZwSYCIQCwihvK5DIaRWwzCqKushHA_kwwMjwTlFqnadD73ZC7FQ%3D%3D&ratebypass=yes", "player_url": null, "ext": "mp4", "height": 480, "format_note": "480p", "vcodec": "avc1.4d401f", "asr": null, "filesize": 5194777, "fps": 30, "tbr": 592.375, "width": 854, "acodec": "none", "downloader_options": {"http_chunk_size": 10485760}, "format": "135 - 854x480 (480p)", "protocol": "https", "http_headers": {"User-Agent": "Mozilla/5.0 (Windows NT 10.0; Win64; x64) AppleWebKit/537.36 (KHTML, like Gecko) Chrome/69.0.3497.117 Safari/537.36", "Accept-Charset": "ISO-8859-1,utf-8;q=0.7,*;q=0.7", "Accept": "text/html,application/xhtml+xml,application/xml;q=0.9,*/*;q=0.8", "Accept-Encoding": "gzip, deflate", "Accept-Language": "en-us,en;q=0.5"}}, {"format_id": "244", "url": "https://r4---sn-5njj-u2xl.googlevideo.com/videoplayback?expire=1612299184&ei=UGcZYIH_GaSKs8IP0vi-CA&ip=140.109.135.76&id=o-AAEv1PML4nsA5KW6fTEN2qkFONxxXStHAaynUPlsEg7W&itag=244&aitags=133%2C134%2C135%2C136%2C160%2C242%2C243%2C244%2C247%2C278%2C298%2C299%2C302%2C303%2C394%2C395%2C396%2C397%2C398%2C399&source=youtube&requiressl=yes&mh=EJ&mm=31%2C29&mn=sn-5njj-u2xl%2Csn-un57sn7z&ms=au%2Crdu&mv=m&mvi=4&pl=16&initcwndbps=465000&vprv=1&mime=video%2Fwebm&ns=YUjc1IMM31No7KAgXmoDoCYF&gir=yes&clen=5455296&dur=95.866&lmt=1540437175280432&mt=1612277116&fvip=4&keepalive=yes&c=WEB&txp=5432432&n=jl1M1biToDT4uI9RJ&sparams=expire%2Cei%2Cip%2Cid%2Caitags%2Csource%2Crequiressl%2Cvprv%2Cmime%2Cns%2Cgir%2Cclen%2Cdur%2Clmt&sig=AOq0QJ8wRgIhANC9ffcZEwA8pfJ1YtX1gbeLGA8R_GOhml81Clb-1GCTAiEAoX7F_1hFK1DBsVWu4KDGyD7vIOrjHkcxkkNAROFBAGo%3D&lsparams=mh%2Cmm%2Cmn%2Cms%2Cmv%2Cmvi%2Cpl%2Cinitcwndbps&lsig=AG3C_xAwRQIgC6GoRH55pljVFa2Q2v-6LptNPbHPlbHrrkyx2fBZwSYCIQCwihvK5DIaRWwzCqKushHA_kwwMjwTlFqnadD73ZC7FQ%3D%3D&ratebypass=yes", "player_url": null, "ext": "webm", "height": 480, "format_note": "480p", "vcodec": "vp9", "asr": null, "filesize": 5455296, "fps": 30, "tbr": 612.757, "width": 854, "acodec": "none", "downloader_options": {"http_chunk_size": 10485760}, "format": "244 - 854x480 (480p)", "protocol": "https", "http_headers": {"User-Agent": "Mozilla/5.0 (Windows NT 10.0; Win64; x64) AppleWebKit/537.36 (KHTML, like Gecko) Chrome/69.0.3497.117 Safari/537.36", "Accept-Charset": "ISO-8859-1,utf-8;q=0.7,*;q=0.7", "Accept": "text/html,application/xhtml+xml,application/xml;q=0.9,*/*;q=0.8", "Accept-Encoding": "gzip, deflate", "Accept-Language": "en-us,en;q=0.5"}}, {"format_id": "136", "url": "https://r4---sn-5njj-u2xl.googlevideo.com/videoplayback?expire=1612299184&ei=UGcZYIH_GaSKs8IP0vi-CA&ip=140.109.135.76&id=o-AAEv1PML4nsA5KW6fTEN2qkFONxxXStHAaynUPlsEg7W&itag=136&aitags=133%2C134%2C135%2C136%2C160%2C242%2C243%2C244%2C247%2C278%2C298%2C299%2C302%2C303%2C394%2C395%2C396%2C397%2C398%2C399&source=youtube&requiressl=yes&mh=EJ&mm=31%2C29&mn=sn-5njj-u2xl%2Csn-un57sn7z&ms=au%2Crdu&mv=m&mvi=4&pl=16&initcwndbps=465000&vprv=1&mime=video%2Fmp4&ns=YUjc1IMM31No7KAgXmoDoCYF&gir=yes&clen=9356512&dur=95.866&lmt=1540436794706936&mt=1612277116&fvip=4&keepalive=yes&c=WEB&txp=5432432&n=jl1M1biToDT4uI9RJ&sparams=expire%2Cei%2Cip%2Cid%2Caitags%2Csource%2Crequiressl%2Cvprv%2Cmime%2Cns%2Cgir%2Cclen%2Cdur%2Clmt&sig=AOq0QJ8wRgIhAPjAwiEaCV6_s3sbHb9lJQ68BNEmBtbe7_lJyyyrgDyeAiEAirekNggVAjsgyKmfOBG-1DDfg6xprwifeSP11Xhkw9g%3D&lsparams=mh%2Cmm%2Cmn%2Cms%2Cmv%2Cmvi%2Cpl%2Cinitcwndbps&lsig=AG3C_xAwRQIgC6GoRH55pljVFa2Q2v-6LptNPbHPlbHrrkyx2fBZwSYCIQCwihvK5DIaRWwzCqKushHA_kwwMjwTlFqnadD73ZC7FQ%3D%3D&ratebypass=yes", "player_url": null, "ext": "mp4", "height": 720, "format_note": "720p", "vcodec": "avc1.4d401f", "asr": null, "filesize": 9356512, "fps": 30, "tbr": 1011.386, "width": 1280, "acodec": "none", "downloader_options": {"http_chunk_size": 10485760}, "format": "136 - 1280x720 (720p)", "protocol": "https", "http_headers": {"User-Agent": "Mozilla/5.0 (Windows NT 10.0; Win64; x64) AppleWebKit/537.36 (KHTML, like Gecko) Chrome/69.0.3497.117 Safari/537.36", "Accept-Charset": "ISO-8859-1,utf-8;q=0.7,*;q=0.7", "Accept": "text/html,application/xhtml+xml,application/xml;q=0.9,*/*;q=0.8", "Accept-Encoding": "gzip, deflate", "Accept-Language": "en-us,en;q=0.5"}}, {"format_id": "247", "url": "https://r4---sn-5njj-u2xl.googlevideo.com/videoplayback?expire=1612299184&ei=UGcZYIH_GaSKs8IP0vi-CA&ip=140.109.135.76&id=o-AAEv1PML4nsA5KW6fTEN2qkFONxxXStHAaynUPlsEg7W&itag=247&aitags=133%2C134%2C135%2C136%2C160%2C242%2C243%2C244%2C247%2C278%2C298%2C299%2C302%2C303%2C394%2C395%2C396%2C397%2C398%2C399&source=youtube&requiressl=yes&mh=EJ&mm=31%2C29&mn=sn-5njj-u2xl%2Csn-un57sn7z&ms=au%2Crdu&mv=m&mvi=4&pl=16&initcwndbps=465000&vprv=1&mime=video%2Fwebm&ns=YUjc1IMM31No7KAgXmoDoCYF&gir=yes&clen=10480399&dur=95.866&lmt=1540437175304510&mt=1612277116&fvip=4&keepalive=yes&c=WEB&txp=5432432&n=jl1M1biToDT4uI9RJ&sparams=expire%2Cei%2Cip%2Cid%2Caitags%2Csource%2Crequiressl%2Cvprv%2Cmime%2Cns%2Cgir%2Cclen%2Cdur%2Clmt&sig=AOq0QJ8wRAIgfsALTqeTEd9oKNFrJvBlIQ1vL0xjf2koUr4dEBVbVwcCIC7WWzRqP1m4F4qqKmMXg-LI3-ZboOjhHkw1VFtjQOXu&lsparams=mh%2Cmm%2Cmn%2Cms%2Cmv%2Cmvi%2Cpl%2Cinitcwndbps&lsig=AG3C_xAwRQIgC6GoRH55pljVFa2Q2v-6LptNPbHPlbHrrkyx2fBZwSYCIQCwihvK5DIaRWwzCqKushHA_kwwMjwTlFqnadD73ZC7FQ%3D%3D&ratebypass=yes", "player_url": null, "ext": "webm", "height": 720, "format_note": "720p", "vcodec": "vp9", "asr": null, "filesize": 10480399, "fps": 30, "tbr": 1189.189, "width": 1280, "acodec": "none", "downloader_options": {"http_chunk_size": 10485760}, "format": "247 - 1280x720 (720p)", "protocol": "https", "http_headers": {"User-Agent": "Mozilla/5.0 (Windows NT 10.0; Win64; x64) AppleWebKit/537.36 (KHTML, like Gecko) Chrome/69.0.3497.117 Safari/537.36", "Accept-Charset": "ISO-8859-1,utf-8;q=0.7,*;q=0.7", "Accept": "text/html,application/xhtml+xml,application/xml;q=0.9,*/*;q=0.8", "Accept-Encoding": "gzip, deflate", "Accept-Language": "en-us,en;q=0.5"}}, {"format_id": "398", "url": "https://r4---sn-5njj-u2xl.googlevideo.com/videoplayback?expire=1612299184&ei=UGcZYIH_GaSKs8IP0vi-CA&ip=140.109.135.76&id=o-AAEv1PML4nsA5KW6fTEN2qkFONxxXStHAaynUPlsEg7W&itag=398&aitags=133%2C134%2C135%2C136%2C160%2C242%2C243%2C244%2C247%2C278%2C298%2C299%2C302%2C303%2C394%2C395%2C396%2C397%2C398%2C399&source=youtube&requiressl=yes&mh=EJ&mm=31%2C29&mn=sn-5njj-u2xl%2Csn-un57sn7z&ms=au%2Crdu&mv=m&mvi=4&pl=16&initcwndbps=465000&vprv=1&mime=video%2Fmp4&ns=YUjc1IMM31No7KAgXmoDoCYF&gir=yes&clen=13200109&dur=95.866&lmt=1599641403862919&mt=1612277116&fvip=4&keepalive=yes&c=WEB&txp=5431432&n=jl1M1biToDT4uI9RJ&sparams=expire%2Cei%2Cip%2Cid%2Caitags%2Csource%2Crequiressl%2Cvprv%2Cmime%2Cns%2Cgir%2Cclen%2Cdur%2Clmt&sig=AOq0QJ8wRQIhAJFRREPtYMiOlcLbH27m62llqDFBJyxEYysga0wYjuU8AiA3Kd_Oe8q69NF-nfzmO_64JiFBf1sWu01A899nwPDixQ%3D%3D&lsparams=mh%2Cmm%2Cmn%2Cms%2Cmv%2Cmvi%2Cpl%2Cinitcwndbps&lsig=AG3C_xAwRQIgC6GoRH55pljVFa2Q2v-6LptNPbHPlbHrrkyx2fBZwSYCIQCwihvK5DIaRWwzCqKushHA_kwwMjwTlFqnadD73ZC7FQ%3D%3D&ratebypass=yes", "player_url": null, "asr": null, "filesize": 13200109, "format_note": "720p60", "fps": 60, "height": 720, "tbr": 1465.275, "width": 1280, "ext": "mp4", "vcodec": "av01.0.08M.08", "acodec": "none", "downloader_options": {"http_chunk_size": 10485760}, "format": "398 - 1280x720 (720p60)", "protocol": "https", "http_headers": {"User-Agent": "Mozilla/5.0 (Windows NT 10.0; Win64; x64) AppleWebKit/537.36 (KHTML, like Gecko) Chrome/69.0.3497.117 Safari/537.36", "Accept-Charset": "ISO-8859-1,utf-8;q=0.7,*;q=0.7", "Accept": "text/html,application/xhtml+xml,application/xml;q=0.9,*/*;q=0.8", "Accept-Encoding": "gzip, deflate", "Accept-Language": "en-us,en;q=0.5"}}, {"format_id": "302", "url": "https://r4---sn-5njj-u2xl.googlevideo.com/videoplayback?expire=1612299184&ei=UGcZYIH_GaSKs8IP0vi-CA&ip=140.109.135.76&id=o-AAEv1PML4nsA5KW6fTEN2qkFONxxXStHAaynUPlsEg7W&itag=302&aitags=133%2C134%2C135%2C136%2C160%2C242%2C243%2C244%2C247%2C278%2C298%2C299%2C302%2C303%2C394%2C395%2C396%2C397%2C398%2C399&source=youtube&requiressl=yes&mh=EJ&mm=31%2C29&mn=sn-5njj-u2xl%2Csn-un57sn7z&ms=au%2Crdu&mv=m&mvi=4&pl=16&initcwndbps=465000&vprv=1&mime=video%2Fwebm&ns=YUjc1IMM31No7KAgXmoDoCYF&gir=yes&clen=13960029&dur=95.866&lmt=1540437096227943&mt=1612277116&fvip=4&keepalive=yes&c=WEB&txp=5432432&n=jl1M1biToDT4uI9RJ&sparams=expire%2Cei%2Cip%2Cid%2Caitags%2Csource%2Crequiressl%2Cvprv%2Cmime%2Cns%2Cgir%2Cclen%2Cdur%2Clmt&sig=AOq0QJ8wRQIhAK5R3nprcky1A0YrBpnezSBaP2kUwkyP7_zD_GE5A6KQAiB_jFNSvI5vkigLMI_wrGRsAlqHlm6ml5aGg0X9HnwQiA%3D%3D&lsparams=mh%2Cmm%2Cmn%2Cms%2Cmv%2Cmvi%2Cpl%2Cinitcwndbps&lsig=AG3C_xAwRQIgC6GoRH55pljVFa2Q2v-6LptNPbHPlbHrrkyx2fBZwSYCIQCwihvK5DIaRWwzCqKushHA_kwwMjwTlFqnadD73ZC7FQ%3D%3D&ratebypass=yes", "player_url": null, "ext": "webm", "height": 720, "format_note": "720p60", "vcodec": "vp9", "fps": 60, "asr": null, "filesize": 13960029, "tbr": 1603.016, "width": 1280, "acodec": "none", "downloader_options": {"http_chunk_size": 10485760}, "format": "302 - 1280x720 (720p60)", "protocol": "https", "http_headers": {"User-Agent": "Mozilla/5.0 (Windows NT 10.0; Win64; x64) AppleWebKit/537.36 (KHTML, like Gecko) Chrome/69.0.3497.117 Safari/537.36", "Accept-Charset": "ISO-8859-1,utf-8;q=0.7,*;q=0.7", "Accept": "text/html,application/xhtml+xml,application/xml;q=0.9,*/*;q=0.8", "Accept-Encoding": "gzip, deflate", "Accept-Language": "en-us,en;q=0.5"}}, {"format_id": "298", "url": "https://r4---sn-5njj-u2xl.googlevideo.com/videoplayback?expire=1612299184&ei=UGcZYIH_GaSKs8IP0vi-CA&ip=140.109.135.76&id=o-AAEv1PML4nsA5KW6fTEN2qkFONxxXStHAaynUPlsEg7W&itag=298&aitags=133%2C134%2C135%2C136%2C160%2C242%2C243%2C244%2C247%2C278%2C298%2C299%2C302%2C303%2C394%2C395%2C396%2C397%2C398%2C399&source=youtube&requiressl=yes&mh=EJ&mm=31%2C29&mn=sn-5njj-u2xl%2Csn-un57sn7z&ms=au%2Crdu&mv=m&mvi=4&pl=16&initcwndbps=465000&vprv=1&mime=video%2Fmp4&ns=YUjc1IMM31No7KAgXmoDoCYF&gir=yes&clen=16430925&dur=95.866&lmt=1540436766541703&mt=1612277116&fvip=4&keepalive=yes&c=WEB&txp=5432432&n=jl1M1biToDT4uI9RJ&sparams=expire%2Cei%2Cip%2Cid%2Caitags%2Csource%2Crequiressl%2Cvprv%2Cmime%2Cns%2Cgir%2Cclen%2Cdur%2Clmt&sig=AOq0QJ8wRgIhAM-ooX1oLY1UjZJpzZpWwGsBcr_eVMqFYNiuFLWkYiyfAiEA6xNLJi4gCZmis2I0J5smTmxCwNVoCjcsI71d4JbvI_M%3D&lsparams=mh%2Cmm%2Cmn%2Cms%2Cmv%2Cmvi%2Cpl%2Cinitcwndbps&lsig=AG3C_xAwRQIgC6GoRH55pljVFa2Q2v-6LptNPbHPlbHrrkyx2fBZwSYCIQCwihvK5DIaRWwzCqKushHA_kwwMjwTlFqnadD73ZC7FQ%3D%3D&ratebypass=yes", "player_url": null, "ext": "mp4", "height": 720, "format_note": "720p60", "vcodec": "avc1.4d4020", "fps": 60, "asr": null, "filesize": 16430925, "tbr": 1852.28, "width": 1280, "acodec": "none", "downloader_options": {"http_chunk_size": 10485760}, "format": "298 - 1280x720 (720p60)", "protocol": "https", "http_headers": {"User-Agent": "Mozilla/5.0 (Windows NT 10.0; Win64; x64) AppleWebKit/537.36 (KHTML, like Gecko) Chrome/69.0.3497.117 Safari/537.36", "Accept-Charset": "ISO-8859-1,utf-8;q=0.7,*;q=0.7", "Accept": "text/html,application/xhtml+xml,application/xml;q=0.9,*/*;q=0.8", "Accept-Encoding": "gzip, deflate", "Accept-Language": "en-us,en;q=0.5"}}, {"format_id": "399", "url": "https://r4---sn-5njj-u2xl.googlevideo.com/videoplayback?expire=1612299184&ei=UGcZYIH_GaSKs8IP0vi-CA&ip=140.109.135.76&id=o-AAEv1PML4nsA5KW6fTEN2qkFONxxXStHAaynUPlsEg7W&itag=399&aitags=133%2C134%2C135%2C136%2C160%2C242%2C243%2C244%2C247%2C278%2C298%2C299%2C302%2C303%2C394%2C395%2C396%2C397%2C398%2C399&source=youtube&requiressl=yes&mh=EJ&mm=31%2C29&mn=sn-5njj-u2xl%2Csn-un57sn7z&ms=au%2Crdu&mv=m&mvi=4&pl=16&initcwndbps=465000&vprv=1&mime=video%2Fmp4&ns=YUjc1IMM31No7KAgXmoDoCYF&gir=yes&clen=24776566&dur=95.866&lmt=1599641300188373&mt=1612277116&fvip=4&keepalive=yes&c=WEB&txp=5431432&n=jl1M1biToDT4uI9RJ&sparams=expire%2Cei%2Cip%2Cid%2Caitags%2Csource%2Crequiressl%2Cvprv%2Cmime%2Cns%2Cgir%2Cclen%2Cdur%2Clmt&sig=AOq0QJ8wRQIhAK4uetvgRvVoRhhcEBwxatykBfZbQ0Ic_M-SzmuU_spkAiBUY43prOl__xQJxOtzNlbsGK2cvmYIItdZJ8xsjtExuw%3D%3D&lsparams=mh%2Cmm%2Cmn%2Cms%2Cmv%2Cmvi%2Cpl%2Cinitcwndbps&lsig=AG3C_xAwRQIgC6GoRH55pljVFa2Q2v-6LptNPbHPlbHrrkyx2fBZwSYCIQCwihvK5DIaRWwzCqKushHA_kwwMjwTlFqnadD73ZC7FQ%3D%3D&ratebypass=yes", "player_url": null, "asr": null, "filesize": 24776566, "format_note": "1080p60", "fps": 60, "height": 1080, "tbr": 2739.291, "width": 1920, "ext": "mp4", "vcodec": "av01.0.09M.08", "acodec": "none", "downloader_options": {"http_chunk_size": 10485760}, "format": "399 - 1920x1080 (1080p60)", "protocol": "https", "http_headers": {"User-Agent": "Mozilla/5.0 (Windows NT 10.0; Win64; x64) AppleWebKit/537.36 (KHTML, like Gecko) Chrome/69.0.3497.117 Safari/537.36", "Accept-Charset": "ISO-8859-1,utf-8;q=0.7,*;q=0.7", "Accept": "text/html,application/xhtml+xml,application/xml;q=0.9,*/*;q=0.8", "Accept-Encoding": "gzip, deflate", "Accept-Language": "en-us,en;q=0.5"}}, {"format_id": "303", "url": "https://r4---sn-5njj-u2xl.googlevideo.com/videoplayback?expire=1612299184&ei=UGcZYIH_GaSKs8IP0vi-CA&ip=140.109.135.76&id=o-AAEv1PML4nsA5KW6fTEN2qkFONxxXStHAaynUPlsEg7W&itag=303&aitags=133%2C134%2C135%2C136%2C160%2C242%2C243%2C244%2C247%2C278%2C298%2C299%2C302%2C303%2C394%2C395%2C396%2C397%2C398%2C399&source=youtube&requiressl=yes&mh=EJ&mm=31%2C29&mn=sn-5njj-u2xl%2Csn-un57sn7z&ms=au%2Crdu&mv=m&mvi=4&pl=16&initcwndbps=465000&vprv=1&mime=video%2Fwebm&ns=YUjc1IMM31No7KAgXmoDoCYF&gir=yes&clen=26324856&dur=95.866&lmt=1540437144173548&mt=1612277116&fvip=4&keepalive=yes&c=WEB&txp=5432432&n=jl1M1biToDT4uI9RJ&sparams=expire%2Cei%2Cip%2Cid%2Caitags%2Csource%2Crequiressl%2Cvprv%2Cmime%2Cns%2Cgir%2Cclen%2Cdur%2Clmt&sig=AOq0QJ8wRAIgYukarkDsCjK1_LGUWnTIP_FYCsI64rO3sKyb2bGp_fUCIHUj6HpQ2g-3p1nhfqqS6JaZR7qpQCvKbiWs71bek5Hv&lsparams=mh%2Cmm%2Cmn%2Cms%2Cmv%2Cmvi%2Cpl%2Cinitcwndbps&lsig=AG3C_xAwRQIgC6GoRH55pljVFa2Q2v-6LptNPbHPlbHrrkyx2fBZwSYCIQCwihvK5DIaRWwzCqKushHA_kwwMjwTlFqnadD73ZC7FQ%3D%3D&ratebypass=yes", "player_url": null, "ext": "webm", "height": 1080, "format_note": "1080p60", "vcodec": "vp9", "fps": 60, "asr": null, "filesize": 26324856, "tbr": 2892.919, "width": 1920, "acodec": "none", "downloader_options": {"http_chunk_size": 10485760}, "format": "303 - 1920x1080 (1080p60)", "protocol": "https", "http_headers": {"User-Agent": "Mozilla/5.0 (Windows NT 10.0; Win64; x64) AppleWebKit/537.36 (KHTML, like Gecko) Chrome/69.0.3497.117 Safari/537.36", "Accept-Charset": "ISO-8859-1,utf-8;q=0.7,*;q=0.7", "Accept": "text/html,application/xhtml+xml,application/xml;q=0.9,*/*;q=0.8", "Accept-Encoding": "gzip, deflate", "Accept-Language": "en-us,en;q=0.5"}}, {"format_id": "299", "url": "https://r4---sn-5njj-u2xl.googlevideo.com/videoplayback?expire=1612299184&ei=UGcZYIH_GaSKs8IP0vi-CA&ip=140.109.135.76&id=o-AAEv1PML4nsA5KW6fTEN2qkFONxxXStHAaynUPlsEg7W&itag=299&aitags=133%2C134%2C135%2C136%2C160%2C242%2C243%2C244%2C247%2C278%2C298%2C299%2C302%2C303%2C394%2C395%2C396%2C397%2C398%2C399&source=youtube&requiressl=yes&mh=EJ&mm=31%2C29&mn=sn-5njj-u2xl%2Csn-un57sn7z&ms=au%2Crdu&mv=m&mvi=4&pl=16&initcwndbps=465000&vprv=1&mime=video%2Fmp4&ns=YUjc1IMM31No7KAgXmoDoCYF&gir=yes&clen=27314316&dur=95.866&lmt=1540436768552648&mt=1612277116&fvip=4&keepalive=yes&c=WEB&txp=5432432&n=jl1M1biToDT4uI9RJ&sparams=expire%2Cei%2Cip%2Cid%2Caitags%2Csource%2Crequiressl%2Cvprv%2Cmime%2Cns%2Cgir%2Cclen%2Cdur%2Clmt&sig=AOq0QJ8wRQIgdLh3erwJkLOZ3sCUfcY0m15lM0u87VSpdeH9PsepJIYCIQCwQ6d3OW_SN8Axn2LeWrjLMTxwgfLtjZVdN-cW123Z5A%3D%3D&lsparams=mh%2Cmm%2Cmn%2Cms%2Cmv%2Cmvi%2Cpl%2Cinitcwndbps&lsig=AG3C_xAwRQIgC6GoRH55pljVFa2Q2v-6LptNPbHPlbHrrkyx2fBZwSYCIQCwihvK5DIaRWwzCqKushHA_kwwMjwTlFqnadD73ZC7FQ%3D%3D&ratebypass=yes", "player_url": null, "ext": "mp4", "height": 1080, "format_note": "1080p60", "vcodec": "avc1.64002a", "fps": 60, "asr": null, "filesize": 27314316, "tbr": 3097.667, "width": 1920, "acodec": "none", "downloader_options": {"http_chunk_size": 10485760}, "format": "299 - 1920x1080 (1080p60)", "protocol": "https", "http_headers": {"User-Agent": "Mozilla/5.0 (Windows NT 10.0; Win64; x64) AppleWebKit/537.36 (KHTML, like Gecko) Chrome/69.0.3497.117 Safari/537.36", "Accept-Charset": "ISO-8859-1,utf-8;q=0.7,*;q=0.7", "Accept": "text/html,application/xhtml+xml,application/xml;q=0.9,*/*;q=0.8", "Accept-Encoding": "gzip, deflate", "Accept-Language": "en-us,en;q=0.5"}}, {"format_id": "18", "url": "https://r4---sn-5njj-u2xl.googlevideo.com/videoplayback?expire=1612299184&ei=UGcZYIH_GaSKs8IP0vi-CA&ip=140.109.135.76&id=o-AAEv1PML4nsA5KW6fTEN2qkFONxxXStHAaynUPlsEg7W&itag=18&source=youtube&requiressl=yes&mh=EJ&mm=31%2C29&mn=sn-5njj-u2xl%2Csn-un57sn7z&ms=au%2Crdu&mv=m&mvi=4&pl=16&initcwndbps=465000&vprv=1&mime=video%2Fmp4&ns=Vql7u-Tkt4bibthY2mtqOwoF&gir=yes&clen=5983958&ratebypass=yes&dur=95.921&lmt=1540436893862948&mt=1612277116&fvip=4&c=WEB&txp=5431432&n=RWAgpbHkNtUqEZOyD&sparams=expire%2Cei%2Cip%2Cid%2Citag%2Csource%2Crequiressl%2Cvprv%2Cmime%2Cns%2Cgir%2Cclen%2Cratebypass%2Cdur%2Clmt&sig=AOq0QJ8wRQIhAKjx_fMIaQVa3q8K1lJylTcpCOGqrOFGqs5kWEMT2fziAiACVCQgOBK2gYgMluqWOOHqwBd9Q0wCWRAxBvlnskq1mw%3D%3D&lsparams=mh%2Cmm%2Cmn%2Cms%2Cmv%2Cmvi%2Cpl%2Cinitcwndbps&lsig=AG3C_xAwRQIgC6GoRH55pljVFa2Q2v-6LptNPbHPlbHrrkyx2fBZwSYCIQCwihvK5DIaRWwzCqKushHA_kwwMjwTlFqnadD73ZC7FQ%3D%3D", "player_url": null, "ext": "mp4", "width": 640, "height": 360, "acodec": "mp4a.40.2", "abr": 96, "vcodec": "avc1.42001E", "asr": 44100, "filesize": 5983958, "format_note": "360p", "fps": 30, "tbr": 499.36, "format": "18 - 640x360 (360p)", "protocol": "https", "http_headers": {"User-Agent": "Mozilla/5.0 (Windows NT 10.0; Win64; x64) AppleWebKit/537.36 (KHTML, like Gecko) Chrome/69.0.3497.117 Safari/537.36", "Accept-Charset": "ISO-8859-1,utf-8;q=0.7,*;q=0.7", "Accept": "text/html,application/xhtml+xml,application/xml;q=0.9,*/*;q=0.8", "Accept-Encoding": "gzip, deflate", "Accept-Language": "en-us,en;q=0.5"}}], "is_live": null, "start_time": null, "end_time": null, "series": null, "season_number": null, "episode_number": null, "track": null, "artist": null, "album": null, "release_date": null, "release_year": null, "extractor": "youtube", "webpage_url_basename": "watch", "extractor_key": "Youtube", "playlist": null, "playlist_index": null, "thumbnail": "https://i.ytimg.com/vi_webp/pouxqiySdI8/maxresdefault.webp", "display_id": "pouxqiySdI8", "requested_subtitles": null, "format_id": "251", "url": "https://r4---sn-5njj-u2xl.googlevideo.com/videoplayback?expire=1612299184&ei=UGcZYIH_GaSKs8IP0vi-CA&ip=140.109.135.76&id=o-AAEv1PML4nsA5KW6fTEN2qkFONxxXStHAaynUPlsEg7W&itag=251&source=youtube&requiressl=yes&mh=EJ&mm=31%2C29&mn=sn-5njj-u2xl%2Csn-un57sn7z&ms=au%2Crdu&mv=m&mvi=4&pl=16&initcwndbps=465000&vprv=1&mime=audio%2Fwebm&ns=YUjc1IMM31No7KAgXmoDoCYF&gir=yes&clen=1665221&dur=95.901&lmt=1540437479402191&mt=1612277116&fvip=4&keepalive=yes&c=WEB&txp=5411222&n=jl1M1biToDT4uI9RJ&sparams=expire%2Cei%2Cip%2Cid%2Citag%2Csource%2Crequiressl%2Cvprv%2Cmime%2Cns%2Cgir%2Cclen%2Cdur%2Clmt&sig=AOq0QJ8wRQIhAJ1XlaC6z8ArWLgescEsuVr9BmrJ1g_94hE78R3nMZ_EAiBtMvNfN7pYX_aLSdvoB0-MtBXTBv6IMINov8gVEE_G2A%3D%3D&lsparams=mh%2Cmm%2Cmn%2Cms%2Cmv%2Cmvi%2Cpl%2Cinitcwndbps&lsig=AG3C_xAwRQIgC6GoRH55pljVFa2Q2v-6LptNPbHPlbHrrkyx2fBZwSYCIQCwihvK5DIaRWwzCqKushHA_kwwMjwTlFqnadD73ZC7FQ%3D%3D&ratebypass=yes", "player_url": null, "ext": "webm", "format_note": "tiny", "acodec": "opus", "abr": 160, "asr": 48000, "filesize": 1665221, "fps": null, "height": null, "tbr": 158.516, "width": null, "vcodec": "none", "downloader_options": {"http_chunk_size": 10485760}, "format": "251 - audio only (tiny)", "protocol": "https", "http_headers": {"User-Agent": "Mozilla/5.0 (Windows NT 10.0; Win64; x64) AppleWebKit/537.36 (KHTML, like Gecko) Chrome/69.0.3497.117 Safari/537.36", "Accept-Charset": "ISO-8859-1,utf-8;q=0.7,*;q=0.7", "Accept": "text/html,application/xhtml+xml,application/xml;q=0.9,*/*;q=0.8", "Accept-Encoding": "gzip, deflate", "Accept-Language": "en-us,en;q=0.5"}}