{"id": "rEz0D3VohFA", "uploader": "Leiki Ueda", "uploader_id": "UCUfpQmWcv3JsVkQUGv8w__w", "uploader_url": "http://www.youtube.com/channel/UCUfpQmWcv3JsVkQUGv8w__w", "channel_id": "UCUfpQmWcv3JsVkQUGv8w__w", "channel_url": "http://www.youtube.com/channel/UCUfpQmWcv3JsVkQUGv8w__w", "upload_date": "20150512", "license": null, "creator": null, "title": "The Chronicles of Narnia - The Battle - Transcendental Piano Solo | Leiki Ueda", "alt_title": null, "thumbnails": [{"url": "https://i.ytimg.com/vi/rEz0D3VohFA/hqdefault.jpg?sqp=-oaymwEbCKgBEF5IVfKriqkDDggBFQAAiEIYAXABwAEG&rs=AOn4CLAzJmyJqRvZOY-6ggLmdCVoy_vxWA", "width": 168, "height": 94, "resolution": "168x94", "id": "0"}, {"url": "https://i.ytimg.com/vi/rEz0D3VohFA/hqdefault.jpg?sqp=-oaymwEbCMQBEG5IVfKriqkDDggBFQAAiEIYAXABwAEG&rs=AOn4CLBbKe8RQUhN9ggSCLSbiPU_FTbHAA", "width": 196, "height": 110, "resolution": "196x110", "id": "1"}, {"url": "https://i.ytimg.com/vi/rEz0D3VohFA/hqdefault.jpg?sqp=-oaymwEcCPYBEIoBSFXyq4qpAw4IARUAAIhCGAFwAcABBg==&rs=AOn4CLDq1Lpcji-9lEN0rC09js_EGXnZUQ", "width": 246, "height": 138, "resolution": "246x138", "id": "2"}, {"url": "https://i.ytimg.com/vi/rEz0D3VohFA/hqdefault.jpg?sqp=-oaymwEcCNACELwBSFXyq4qpAw4IARUAAIhCGAFwAcABBg==&rs=AOn4CLBwPBQUnIQbYB48Abc4FoBExhAzRA", "width": 336, "height": 188, "resolution": "336x188", "id": "3"}, {"url": "https://i.ytimg.com/vi_webp/rEz0D3VohFA/maxresdefault.webp", "width": 1920, "height": 1080, "resolution": "1920x1080", "id": "4"}], "description": "\ud83c\udfb5Sheet music available : https://www.musicnotes.com/l/HCMWp\n\u25cfSupport me on Patreon (+receive perks!): https://www.patreon.com/leikiueda\n\n\u2606Discover the new way to learn piano \u25ba https://tinyurl.com/Leiki-flowkey\nSubscribe me - http://bit.ly/15FuLS8\n\nTweet this video - http://ctt.ec/m8o1w\n\uff3f\uff3f\uff3f\uff3f\uff3f\uff3f\uff3f\uff3f\uff3f\uff3f\uff3f\uff3f\uff3f\uff3f\uff3f\uff3f\uff3f\uff3f\uff3f\uff3f\uff3f\n\ud835\udc05\ud835\udc28\ud835\udc25\ud835\udc25\ud835\udc28\ud835\udc30 \ud835\udc0b\ud835\udc1e\ud835\udc22\ud835\udc24\ud835\udc22 \ud835\udc14\ud835\udc1e\ud835\udc1d\ud835\udc1a \ud835\udc28\ud835\udc27;\n\u25cfTwitter: http://twitter.com/LeikiUeda\n\u25cfFacebook: http://facebook.com/LeikiUeda\n\u25cfInstagram: http://instagram.com/LeikiUeda\n\u25cfApple Music: https://music.apple.com/artist/leiki-ueda/1437131054\n\u25cfSpotify: https://open.spotify.com/artist/2PnRjgZ9wsPyiRf1a6jwAK\n\u25cfGoogle Play: https://bit.ly/2YkvVNO\n\n\u25cfLeiki Ueda Sheet Music Catalog: https://www.musicnotes.com/sheet-music/artist/leiki-ueda\n\nMusic performance and piano-solo-arrangement \u00a9 Leiki Ueda Studios\n\nFor business Inquiries: leikiueda@gmail.com\n\n\uff3f\uff3f\uff3f\uff3f\uff3f\uff3f\uff3f\uff3f\uff3f\uff3f\uff3f\uff3f\uff3f\nThis Virtuosic (Virtuoso) piano solo arrangement has been requested by particularly many people. For the first time I saw The Chronicle of Narnia movie part 1(The Lion, the Witch and the Wardrobe), I simply impressed by its soundtrack and main theme. I'm glad I was requested to play this composition.Thanks.\n\nComposed by Harry- Gregson Williams", "categories": ["Music"], "tags": ["Jarrod Radnich", "Virtuosic Piano", "Piano cover", "Narnia (Fictional Setting)", "The Chronicles Of Narnia (Literary Series)", "Piano (Musical Instrument)", "Keyboard", "Solo", "Cover", "Battle", "Awesome", "Fast piano", "Aslan", "Lion", "Impossible", "Sheet", "Amazing", "Music Video", "Playing", "Recital", "Concerto", "Steinway"], "subtitles": {}, "automatic_captions": {}, "duration": 289, "age_limit": 0, "annotations": null, "chapters": null, "webpage_url": "https://www.youtube.com/watch?v=rEz0D3VohFA", "view_count": 3287438, "like_count": 56013, "dislike_count": 463, "average_rating": 4.9672074, "formats": [{"format_id": "249", "url": "https://r2---sn-5njj-u2xe.googlevideo.com/videoplayback?expire=1612299194&ei=WmcZYJS3N83JgAOvlo7QBw&ip=140.109.135.76&id=o-ADawIGJR6krf3T20KvZsjYJIs4ZefZadqIcaiO_jzKjC&itag=249&source=youtube&requiressl=yes&mh=eL&mm=31%2C29&mn=sn-5njj-u2xe%2Csn-un57en7l&ms=au%2Crdu&mv=m&mvi=2&pl=16&initcwndbps=363750&vprv=1&mime=audio%2Fwebm&ns=SluQjkgrvu4b16e5kONVCDMF&gir=yes&clen=1965080&dur=288.521&lmt=1577776256566074&mt=1612277116&fvip=2&keepalive=yes&c=WEB&txp=5431432&n=X9Vl0zn6QQKbl5i8v&sparams=expire%2Cei%2Cip%2Cid%2Citag%2Csource%2Crequiressl%2Cvprv%2Cmime%2Cns%2Cgir%2Cclen%2Cdur%2Clmt&sig=AOq0QJ8wRgIhAPlrMqGboUr7U1LNfMsCsgynC0BW4IcltgiCLo2SlB2vAiEApY5jCwaXZpHChVAnkmIn4HPeQVsbIK_w98DZKIci3D8%3D&lsparams=mh%2Cmm%2Cmn%2Cms%2Cmv%2Cmvi%2Cpl%2Cinitcwndbps&lsig=AG3C_xAwRQIga3xYxk9x30cIilUpMl-14VvtNXrVCrqUyRO49PjGxHcCIQDhDw07bw8W0tWU5tLZ2Y5WIU3QYhk7QMQzrj0pHstejg%3D%3D&ratebypass=yes", "player_url": null, "ext": "webm", "format_note": "tiny", "acodec": "opus", "abr": 50, "asr": 48000, "filesize": 1965080, "fps": null, "height": null, "tbr": 61.192, "width": null, "vcodec": "none", "downloader_options": {"http_chunk_size": 10485760}, "format": "249 - audio only (tiny)", "protocol": "https", "http_headers": {"User-Agent": "Mozilla/5.0 (Windows NT 10.0; Win64; x64) AppleWebKit/537.36 (KHTML, like Gecko) Chrome/69.0.3497.117 Safari/537.36", "Accept-Charset": "ISO-8859-1,utf-8;q=0.7,*;q=0.7", "Accept": "text/html,application/xhtml+xml,application/xml;q=0.9,*/*;q=0.8", "Accept-Encoding": "gzip, deflate", "Accept-Language": "en-us,en;q=0.5"}}, {"format_id": "250", "url": "https://r2---sn-5njj-u2xe.googlevideo.com/videoplayback?expire=1612299194&ei=WmcZYJS3N83JgAOvlo7QBw&ip=140.109.135.76&id=o-ADawIGJR6krf3T20KvZsjYJIs4ZefZadqIcaiO_jzKjC&itag=250&source=youtube&requiressl=yes&mh=eL&mm=31%2C29&mn=sn-5njj-u2xe%2Csn-un57en7l&ms=au%2Crdu&mv=m&mvi=2&pl=16&initcwndbps=363750&vprv=1&mime=audio%2Fwebm&ns=SluQjkgrvu4b16e5kONVCDMF&gir=yes&clen=2647872&dur=288.521&lmt=1577776256915535&mt=1612277116&fvip=2&keepalive=yes&c=WEB&txp=5431432&n=X9Vl0zn6QQKbl5i8v&sparams=expire%2Cei%2Cip%2Cid%2Citag%2Csource%2Crequiressl%2Cvprv%2Cmime%2Cns%2Cgir%2Cclen%2Cdur%2Clmt&sig=AOq0QJ8wRAIgCAVAIRu_w0LgdRlcG1r5f2dl46T9KfSdnKKO4PLpq0ECIGhE5fVa9g-q_9zXimyRTukATpNgv6pTW9FbckvUNjp6&lsparams=mh%2Cmm%2Cmn%2Cms%2Cmv%2Cmvi%2Cpl%2Cinitcwndbps&lsig=AG3C_xAwRQIga3xYxk9x30cIilUpMl-14VvtNXrVCrqUyRO49PjGxHcCIQDhDw07bw8W0tWU5tLZ2Y5WIU3QYhk7QMQzrj0pHstejg%3D%3D&ratebypass=yes", "player_url": null, "ext": "webm", "format_note": "tiny", "acodec": "opus", "abr": 70, "asr": 48000, "filesize": 2647872, "fps": null, "height": null, "tbr": 82.212, "width": null, "vcodec": "none", "downloader_options": {"http_chunk_size": 10485760}, "format": "250 - audio only (tiny)", "protocol": "https", "http_headers": {"User-Agent": "Mozilla/5.0 (Windows NT 10.0; Win64; x64) AppleWebKit/537.36 (KHTML, like Gecko) Chrome/69.0.3497.117 Safari/537.36", "Accept-Charset": "ISO-8859-1,utf-8;q=0.7,*;q=0.7", "Accept": "text/html,application/xhtml+xml,application/xml;q=0.9,*/*;q=0.8", "Accept-Encoding": "gzip, deflate", "Accept-Language": "en-us,en;q=0.5"}}, {"format_id": "140", "url": "https://r2---sn-5njj-u2xe.googlevideo.com/videoplayback?expire=1612299194&ei=WmcZYJS3N83JgAOvlo7QBw&ip=140.109.135.76&id=o-ADawIGJR6krf3T20KvZsjYJIs4ZefZadqIcaiO_jzKjC&itag=140&source=youtube&requiressl=yes&mh=eL&mm=31%2C29&mn=sn-5njj-u2xe%2Csn-un57en7l&ms=au%2Crdu&mv=m&mvi=2&pl=16&initcwndbps=363750&vprv=1&mime=audio%2Fmp4&ns=SluQjkgrvu4b16e5kONVCDMF&gir=yes&clen=4670606&dur=288.554&lmt=1577776258811857&mt=1612277116&fvip=2&keepalive=yes&c=WEB&txp=5431432&n=X9Vl0zn6QQKbl5i8v&sparams=expire%2Cei%2Cip%2Cid%2Citag%2Csource%2Crequiressl%2Cvprv%2Cmime%2Cns%2Cgir%2Cclen%2Cdur%2Clmt&sig=AOq0QJ8wRAIgN6XdwKJ8rn6m6wo77j0xqeXCjeH0hcPipnGlZ3aNFwECIB9NyQiS_hog0aG0KhRLBDziQbY9uCaeARnEWN1-0Tf3&lsparams=mh%2Cmm%2Cmn%2Cms%2Cmv%2Cmvi%2Cpl%2Cinitcwndbps&lsig=AG3C_xAwRQIga3xYxk9x30cIilUpMl-14VvtNXrVCrqUyRO49PjGxHcCIQDhDw07bw8W0tWU5tLZ2Y5WIU3QYhk7QMQzrj0pHstejg%3D%3D&ratebypass=yes", "player_url": null, "ext": "m4a", "format_note": "tiny", "acodec": "mp4a.40.2", "abr": 128, "container": "m4a_dash", "asr": 44100, "filesize": 4670606, "fps": null, "height": null, "tbr": 130.479, "width": null, "vcodec": "none", "downloader_options": {"http_chunk_size": 10485760}, "format": "140 - audio only (tiny)", "protocol": "https", "http_headers": {"User-Agent": "Mozilla/5.0 (Windows NT 10.0; Win64; x64) AppleWebKit/537.36 (KHTML, like Gecko) Chrome/69.0.3497.117 Safari/537.36", "Accept-Charset": "ISO-8859-1,utf-8;q=0.7,*;q=0.7", "Accept": "text/html,application/xhtml+xml,application/xml;q=0.9,*/*;q=0.8", "Accept-Encoding": "gzip, deflate", "Accept-Language": "en-us,en;q=0.5"}}, {"format_id": "251", "url": "https://r2---sn-5njj-u2xe.googlevideo.com/videoplayback?expire=1612299194&ei=WmcZYJS3N83JgAOvlo7QBw&ip=140.109.135.76&id=o-ADawIGJR6krf3T20KvZsjYJIs4ZefZadqIcaiO_jzKjC&itag=251&source=youtube&requiressl=yes&mh=eL&mm=31%2C29&mn=sn-5njj-u2xe%2Csn-un57en7l&ms=au%2Crdu&mv=m&mvi=2&pl=16&initcwndbps=363750&vprv=1&mime=audio%2Fwebm&ns=SluQjkgrvu4b16e5kONVCDMF&gir=yes&clen=5132868&dur=288.521&lmt=1577776261846563&mt=1612277116&fvip=2&keepalive=yes&c=WEB&txp=5431432&n=X9Vl0zn6QQKbl5i8v&sparams=expire%2Cei%2Cip%2Cid%2Citag%2Csource%2Crequiressl%2Cvprv%2Cmime%2Cns%2Cgir%2Cclen%2Cdur%2Clmt&sig=AOq0QJ8wRQIgJA2VVWTNeua0_XOCKXz-ta7-zNARDsEFJrrKDSRQwQQCIQDV1e-Vt_323D2Ae4BlU_XLuYFzKkyhPMVD6OWtm6p9ew%3D%3D&lsparams=mh%2Cmm%2Cmn%2Cms%2Cmv%2Cmvi%2Cpl%2Cinitcwndbps&lsig=AG3C_xAwRQIga3xYxk9x30cIilUpMl-14VvtNXrVCrqUyRO49PjGxHcCIQDhDw07bw8W0tWU5tLZ2Y5WIU3QYhk7QMQzrj0pHstejg%3D%3D&ratebypass=yes", "player_url": null, "ext": "webm", "format_note": "tiny", "acodec": "opus", "abr": 160, "asr": 48000, "filesize": 5132868, "fps": null, "height": null, "tbr": 154.967, "width": null, "vcodec": "none", "downloader_options": {"http_chunk_size": 10485760}, "format": "251 - audio only (tiny)", "protocol": "https", "http_headers": {"User-Agent": "Mozilla/5.0 (Windows NT 10.0; Win64; x64) AppleWebKit/537.36 (KHTML, like Gecko) Chrome/69.0.3497.117 Safari/537.36", "Accept-Charset": "ISO-8859-1,utf-8;q=0.7,*;q=0.7", "Accept": "text/html,application/xhtml+xml,application/xml;q=0.9,*/*;q=0.8", "Accept-Encoding": "gzip, deflate", "Accept-Language": "en-us,en;q=0.5"}}, {"format_id": "160", "url": "https://r2---sn-5njj-u2xe.googlevideo.com/videoplayback?expire=1612299194&ei=WmcZYJS3N83JgAOvlo7QBw&ip=140.109.135.76&id=o-ADawIGJR6krf3T20KvZsjYJIs4ZefZadqIcaiO_jzKjC&itag=160&aitags=133%2C134%2C135%2C136%2C137%2C160%2C242%2C243%2C244%2C247%2C248%2C278&source=youtube&requiressl=yes&mh=eL&mm=31%2C29&mn=sn-5njj-u2xe%2Csn-un57en7l&ms=au%2Crdu&mv=m&mvi=2&pl=16&initcwndbps=363750&vprv=1&mime=video%2Fmp4&ns=SluQjkgrvu4b16e5kONVCDMF&gir=yes&clen=1445668&dur=288.496&lmt=1577776645297507&mt=1612277116&fvip=2&keepalive=yes&c=WEB&txp=5432432&n=X9Vl0zn6QQKbl5i8v&sparams=expire%2Cei%2Cip%2Cid%2Caitags%2Csource%2Crequiressl%2Cvprv%2Cmime%2Cns%2Cgir%2Cclen%2Cdur%2Clmt&sig=AOq0QJ8wRQIgWNtd_-zCYaZeFuoT4KkB8GK6f4GFkuxF9KJgsKgrcJsCIQDqjcQOQpwlxw0qMZkFw0rpj3YshX8G98a6jLKFhRhT1g%3D%3D&lsparams=mh%2Cmm%2Cmn%2Cms%2Cmv%2Cmvi%2Cpl%2Cinitcwndbps&lsig=AG3C_xAwRQIga3xYxk9x30cIilUpMl-14VvtNXrVCrqUyRO49PjGxHcCIQDhDw07bw8W0tWU5tLZ2Y5WIU3QYhk7QMQzrj0pHstejg%3D%3D&ratebypass=yes", "player_url": null, "ext": "mp4", "height": 144, "format_note": "144p", "vcodec": "avc1.4d400c", "asr": null, "filesize": 1445668, "fps": 24, "tbr": 101.014, "width": 256, "acodec": "none", "downloader_options": {"http_chunk_size": 10485760}, "format": "160 - 256x144 (144p)", "protocol": "https", "http_headers": {"User-Agent": "Mozilla/5.0 (Windows NT 10.0; Win64; x64) AppleWebKit/537.36 (KHTML, like Gecko) Chrome/69.0.3497.117 Safari/537.36", "Accept-Charset": "ISO-8859-1,utf-8;q=0.7,*;q=0.7", "Accept": "text/html,application/xhtml+xml,application/xml;q=0.9,*/*;q=0.8", "Accept-Encoding": "gzip, deflate", "Accept-Language": "en-us,en;q=0.5"}}, {"format_id": "278", "url": "https://r2---sn-5njj-u2xe.googlevideo.com/videoplayback?expire=1612299194&ei=WmcZYJS3N83JgAOvlo7QBw&ip=140.109.135.76&id=o-ADawIGJR6krf3T20KvZsjYJIs4ZefZadqIcaiO_jzKjC&itag=278&aitags=133%2C134%2C135%2C136%2C137%2C160%2C242%2C243%2C244%2C247%2C248%2C278&source=youtube&requiressl=yes&mh=eL&mm=31%2C29&mn=sn-5njj-u2xe%2Csn-un57en7l&ms=au%2Crdu&mv=m&mvi=2&pl=16&initcwndbps=363750&vprv=1&mime=video%2Fwebm&ns=SluQjkgrvu4b16e5kONVCDMF&gir=yes&clen=2479390&dur=288.496&lmt=1577776814556627&mt=1612277116&fvip=2&keepalive=yes&c=WEB&txp=5431432&n=X9Vl0zn6QQKbl5i8v&sparams=expire%2Cei%2Cip%2Cid%2Caitags%2Csource%2Crequiressl%2Cvprv%2Cmime%2Cns%2Cgir%2Cclen%2Cdur%2Clmt&sig=AOq0QJ8wRQIhAPt6If5oSBZe0br8KBEcDinQ6VUTBROFJR7ULU3THwMLAiBq1daXUoqOpKi-G3pbtO0ly0bsSHoh6eI86O6znCMX9g%3D%3D&lsparams=mh%2Cmm%2Cmn%2Cms%2Cmv%2Cmvi%2Cpl%2Cinitcwndbps&lsig=AG3C_xAwRQIga3xYxk9x30cIilUpMl-14VvtNXrVCrqUyRO49PjGxHcCIQDhDw07bw8W0tWU5tLZ2Y5WIU3QYhk7QMQzrj0pHstejg%3D%3D&ratebypass=yes", "player_url": null, "ext": "webm", "height": 144, "format_note": "144p", "container": "webm", "vcodec": "vp9", "asr": null, "filesize": 2479390, "fps": 24, "tbr": 103.846, "width": 256, "acodec": "none", "downloader_options": {"http_chunk_size": 10485760}, "format": "278 - 256x144 (144p)", "protocol": "https", "http_headers": {"User-Agent": "Mozilla/5.0 (Windows NT 10.0; Win64; x64) AppleWebKit/537.36 (KHTML, like Gecko) Chrome/69.0.3497.117 Safari/537.36", "Accept-Charset": "ISO-8859-1,utf-8;q=0.7,*;q=0.7", "Accept": "text/html,application/xhtml+xml,application/xml;q=0.9,*/*;q=0.8", "Accept-Encoding": "gzip, deflate", "Accept-Language": "en-us,en;q=0.5"}}, {"format_id": "133", "url": "https://r2---sn-5njj-u2xe.googlevideo.com/videoplayback?expire=1612299194&ei=WmcZYJS3N83JgAOvlo7QBw&ip=140.109.135.76&id=o-ADawIGJR6krf3T20KvZsjYJIs4ZefZadqIcaiO_jzKjC&itag=133&aitags=133%2C134%2C135%2C136%2C137%2C160%2C242%2C243%2C244%2C247%2C248%2C278&source=youtube&requiressl=yes&mh=eL&mm=31%2C29&mn=sn-5njj-u2xe%2Csn-un57en7l&ms=au%2Crdu&mv=m&mvi=2&pl=16&initcwndbps=363750&vprv=1&mime=video%2Fmp4&ns=SluQjkgrvu4b16e5kONVCDMF&gir=yes&clen=2441038&dur=288.496&lmt=1577776645293463&mt=1612277116&fvip=2&keepalive=yes&c=WEB&txp=5432432&n=X9Vl0zn6QQKbl5i8v&sparams=expire%2Cei%2Cip%2Cid%2Caitags%2Csource%2Crequiressl%2Cvprv%2Cmime%2Cns%2Cgir%2Cclen%2Cdur%2Clmt&sig=AOq0QJ8wRgIhAJztQwB7-N51-w-7rHJrOWZhtFnn9NycTh8HD0nhNDnaAiEA0Hlnm-pt1PhgtugbKgxifOcndnNGXfb3z1kGm2h8c_w%3D&lsparams=mh%2Cmm%2Cmn%2Cms%2Cmv%2Cmvi%2Cpl%2Cinitcwndbps&lsig=AG3C_xAwRQIga3xYxk9x30cIilUpMl-14VvtNXrVCrqUyRO49PjGxHcCIQDhDw07bw8W0tWU5tLZ2Y5WIU3QYhk7QMQzrj0pHstejg%3D%3D&ratebypass=yes", "player_url": null, "ext": "mp4", "height": 240, "format_note": "240p", "vcodec": "avc1.4d4015", "asr": null, "filesize": 2441038, "fps": 24, "tbr": 179.98, "width": 426, "acodec": "none", "downloader_options": {"http_chunk_size": 10485760}, "format": "133 - 426x240 (240p)", "protocol": "https", "http_headers": {"User-Agent": "Mozilla/5.0 (Windows NT 10.0; Win64; x64) AppleWebKit/537.36 (KHTML, like Gecko) Chrome/69.0.3497.117 Safari/537.36", "Accept-Charset": "ISO-8859-1,utf-8;q=0.7,*;q=0.7", "Accept": "text/html,application/xhtml+xml,application/xml;q=0.9,*/*;q=0.8", "Accept-Encoding": "gzip, deflate", "Accept-Language": "en-us,en;q=0.5"}}, {"format_id": "242", "url": "https://r2---sn-5njj-u2xe.googlevideo.com/videoplayback?expire=1612299194&ei=WmcZYJS3N83JgAOvlo7QBw&ip=140.109.135.76&id=o-ADawIGJR6krf3T20KvZsjYJIs4ZefZadqIcaiO_jzKjC&itag=242&aitags=133%2C134%2C135%2C136%2C137%2C160%2C242%2C243%2C244%2C247%2C248%2C278&source=youtube&requiressl=yes&mh=eL&mm=31%2C29&mn=sn-5njj-u2xe%2Csn-un57en7l&ms=au%2Crdu&mv=m&mvi=2&pl=16&initcwndbps=363750&vprv=1&mime=video%2Fwebm&ns=SluQjkgrvu4b16e5kONVCDMF&gir=yes&clen=3577523&dur=288.496&lmt=1577776814548546&mt=1612277116&fvip=2&keepalive=yes&c=WEB&txp=5431432&n=X9Vl0zn6QQKbl5i8v&sparams=expire%2Cei%2Cip%2Cid%2Caitags%2Csource%2Crequiressl%2Cvprv%2Cmime%2Cns%2Cgir%2Cclen%2Cdur%2Clmt&sig=AOq0QJ8wRQIgMXAEGcNyTWhSY9S_Sy3XuTd0N96pfa1cpROSEovY9U8CIQD3FXZMHj6ELl2ctZE4L25jYltVBZBILYJ5V-r0AxSRSg%3D%3D&lsparams=mh%2Cmm%2Cmn%2Cms%2Cmv%2Cmvi%2Cpl%2Cinitcwndbps&lsig=AG3C_xAwRQIga3xYxk9x30cIilUpMl-14VvtNXrVCrqUyRO49PjGxHcCIQDhDw07bw8W0tWU5tLZ2Y5WIU3QYhk7QMQzrj0pHstejg%3D%3D&ratebypass=yes", "player_url": null, "ext": "webm", "height": 240, "format_note": "240p", "vcodec": "vp9", "asr": null, "filesize": 3577523, "fps": 24, "tbr": 220.769, "width": 426, "acodec": "none", "downloader_options": {"http_chunk_size": 10485760}, "format": "242 - 426x240 (240p)", "protocol": "https", "http_headers": {"User-Agent": "Mozilla/5.0 (Windows NT 10.0; Win64; x64) AppleWebKit/537.36 (KHTML, like Gecko) Chrome/69.0.3497.117 Safari/537.36", "Accept-Charset": "ISO-8859-1,utf-8;q=0.7,*;q=0.7", "Accept": "text/html,application/xhtml+xml,application/xml;q=0.9,*/*;q=0.8", "Accept-Encoding": "gzip, deflate", "Accept-Language": "en-us,en;q=0.5"}}, {"format_id": "243", "url": "https://r2---sn-5njj-u2xe.googlevideo.com/videoplayback?expire=1612299194&ei=WmcZYJS3N83JgAOvlo7QBw&ip=140.109.135.76&id=o-ADawIGJR6krf3T20KvZsjYJIs4ZefZadqIcaiO_jzKjC&itag=243&aitags=133%2C134%2C135%2C136%2C137%2C160%2C242%2C243%2C244%2C247%2C248%2C278&source=youtube&requiressl=yes&mh=eL&mm=31%2C29&mn=sn-5njj-u2xe%2Csn-un57en7l&ms=au%2Crdu&mv=m&mvi=2&pl=16&initcwndbps=363750&vprv=1&mime=video%2Fwebm&ns=SluQjkgrvu4b16e5kONVCDMF&gir=yes&clen=6178356&dur=288.496&lmt=1577776814558441&mt=1612277116&fvip=2&keepalive=yes&c=WEB&txp=5431432&n=X9Vl0zn6QQKbl5i8v&sparams=expire%2Cei%2Cip%2Cid%2Caitags%2Csource%2Crequiressl%2Cvprv%2Cmime%2Cns%2Cgir%2Cclen%2Cdur%2Clmt&sig=AOq0QJ8wRQIgd7fInECZ900AzPOjfm2oTt3-UcUv8Pl5jCOChS1DRsQCIQD33p7L6kD_RhnHzdbqGwXB280_x1ts3gs3tWdnjYID_A%3D%3D&lsparams=mh%2Cmm%2Cmn%2Cms%2Cmv%2Cmvi%2Cpl%2Cinitcwndbps&lsig=AG3C_xAwRQIga3xYxk9x30cIilUpMl-14VvtNXrVCrqUyRO49PjGxHcCIQDhDw07bw8W0tWU5tLZ2Y5WIU3QYhk7QMQzrj0pHstejg%3D%3D&ratebypass=yes", "player_url": null, "ext": "webm", "height": 360, "format_note": "360p", "vcodec": "vp9", "asr": null, "filesize": 6178356, "fps": 24, "tbr": 331.538, "width": 640, "acodec": "none", "downloader_options": {"http_chunk_size": 10485760}, "format": "243 - 640x360 (360p)", "protocol": "https", "http_headers": {"User-Agent": "Mozilla/5.0 (Windows NT 10.0; Win64; x64) AppleWebKit/537.36 (KHTML, like Gecko) Chrome/69.0.3497.117 Safari/537.36", "Accept-Charset": "ISO-8859-1,utf-8;q=0.7,*;q=0.7", "Accept": "text/html,application/xhtml+xml,application/xml;q=0.9,*/*;q=0.8", "Accept-Encoding": "gzip, deflate", "Accept-Language": "en-us,en;q=0.5"}}, {"format_id": "134", "url": "https://r2---sn-5njj-u2xe.googlevideo.com/videoplayback?expire=1612299194&ei=WmcZYJS3N83JgAOvlo7QBw&ip=140.109.135.76&id=o-ADawIGJR6krf3T20KvZsjYJIs4ZefZadqIcaiO_jzKjC&itag=134&aitags=133%2C134%2C135%2C136%2C137%2C160%2C242%2C243%2C244%2C247%2C248%2C278&source=youtube&requiressl=yes&mh=eL&mm=31%2C29&mn=sn-5njj-u2xe%2Csn-un57en7l&ms=au%2Crdu&mv=m&mvi=2&pl=16&initcwndbps=363750&vprv=1&mime=video%2Fmp4&ns=SluQjkgrvu4b16e5kONVCDMF&gir=yes&clen=5416907&dur=288.496&lmt=1577776645294167&mt=1612277116&fvip=2&keepalive=yes&c=WEB&txp=5432432&n=X9Vl0zn6QQKbl5i8v&sparams=expire%2Cei%2Cip%2Cid%2Caitags%2Csource%2Crequiressl%2Cvprv%2Cmime%2Cns%2Cgir%2Cclen%2Cdur%2Clmt&sig=AOq0QJ8wRAIgfRpJ2b75OlKy-imzcxt-0hEUlqRDUnQb9_kWceqTcp8CIA0Oifl_LMw-a-i5chSOTs4mrbD71trOgqQZpWKnzbaC&lsparams=mh%2Cmm%2Cmn%2Cms%2Cmv%2Cmvi%2Cpl%2Cinitcwndbps&lsig=AG3C_xAwRQIga3xYxk9x30cIilUpMl-14VvtNXrVCrqUyRO49PjGxHcCIQDhDw07bw8W0tWU5tLZ2Y5WIU3QYhk7QMQzrj0pHstejg%3D%3D&ratebypass=yes", "player_url": null, "ext": "mp4", "height": 360, "format_note": "360p", "vcodec": "avc1.4d401e", "asr": null, "filesize": 5416907, "fps": 24, "tbr": 343.004, "width": 640, "acodec": "none", "downloader_options": {"http_chunk_size": 10485760}, "format": "134 - 640x360 (360p)", "protocol": "https", "http_headers": {"User-Agent": "Mozilla/5.0 (Windows NT 10.0; Win64; x64) AppleWebKit/537.36 (KHTML, like Gecko) Chrome/69.0.3497.117 Safari/537.36", "Accept-Charset": "ISO-8859-1,utf-8;q=0.7,*;q=0.7", "Accept": "text/html,application/xhtml+xml,application/xml;q=0.9,*/*;q=0.8", "Accept-Encoding": "gzip, deflate", "Accept-Language": "en-us,en;q=0.5"}}, {"format_id": "244", "url": "https://r2---sn-5njj-u2xe.googlevideo.com/videoplayback?expire=1612299194&ei=WmcZYJS3N83JgAOvlo7QBw&ip=140.109.135.76&id=o-ADawIGJR6krf3T20KvZsjYJIs4ZefZadqIcaiO_jzKjC&itag=244&aitags=133%2C134%2C135%2C136%2C137%2C160%2C242%2C243%2C244%2C247%2C248%2C278&source=youtube&requiressl=yes&mh=eL&mm=31%2C29&mn=sn-5njj-u2xe%2Csn-un57en7l&ms=au%2Crdu&mv=m&mvi=2&pl=16&initcwndbps=363750&vprv=1&mime=video%2Fwebm&ns=SluQjkgrvu4b16e5kONVCDMF&gir=yes&clen=9536550&dur=288.496&lmt=1577776814539801&mt=1612277116&fvip=2&keepalive=yes&c=WEB&txp=5431432&n=X9Vl0zn6QQKbl5i8v&sparams=expire%2Cei%2Cip%2Cid%2Caitags%2Csource%2Crequiressl%2Cvprv%2Cmime%2Cns%2Cgir%2Cclen%2Cdur%2Clmt&sig=AOq0QJ8wRgIhANvxstiLvmZQVjPRtdclIRlZcd59-c09p0OorWXqut58AiEA2MLV7bbCYlvZNp0EOX7cp_jkZZoIpn0mh7i9mgYCVXE%3D&lsparams=mh%2Cmm%2Cmn%2Cms%2Cmv%2Cmvi%2Cpl%2Cinitcwndbps&lsig=AG3C_xAwRQIga3xYxk9x30cIilUpMl-14VvtNXrVCrqUyRO49PjGxHcCIQDhDw07bw8W0tWU5tLZ2Y5WIU3QYhk7QMQzrj0pHstejg%3D%3D&ratebypass=yes", "player_url": null, "ext": "webm", "height": 480, "format_note": "480p", "vcodec": "vp9", "asr": null, "filesize": 9536550, "fps": 24, "tbr": 533.923, "width": 854, "acodec": "none", "downloader_options": {"http_chunk_size": 10485760}, "format": "244 - 854x480 (480p)", "protocol": "https", "http_headers": {"User-Agent": "Mozilla/5.0 (Windows NT 10.0; Win64; x64) AppleWebKit/537.36 (KHTML, like Gecko) Chrome/69.0.3497.117 Safari/537.36", "Accept-Charset": "ISO-8859-1,utf-8;q=0.7,*;q=0.7", "Accept": "text/html,application/xhtml+xml,application/xml;q=0.9,*/*;q=0.8", "Accept-Encoding": "gzip, deflate", "Accept-Language": "en-us,en;q=0.5"}}, {"format_id": "135", "url": "https://r2---sn-5njj-u2xe.googlevideo.com/videoplayback?expire=1612299194&ei=WmcZYJS3N83JgAOvlo7QBw&ip=140.109.135.76&id=o-ADawIGJR6krf3T20KvZsjYJIs4ZefZadqIcaiO_jzKjC&itag=135&aitags=133%2C134%2C135%2C136%2C137%2C160%2C242%2C243%2C244%2C247%2C248%2C278&source=youtube&requiressl=yes&mh=eL&mm=31%2C29&mn=sn-5njj-u2xe%2Csn-un57en7l&ms=au%2Crdu&mv=m&mvi=2&pl=16&initcwndbps=363750&vprv=1&mime=video%2Fmp4&ns=SluQjkgrvu4b16e5kONVCDMF&gir=yes&clen=10258422&dur=288.496&lmt=1577776645298129&mt=1612277116&fvip=2&keepalive=yes&c=WEB&txp=5432432&n=X9Vl0zn6QQKbl5i8v&sparams=expire%2Cei%2Cip%2Cid%2Caitags%2Csource%2Crequiressl%2Cvprv%2Cmime%2Cns%2Cgir%2Cclen%2Cdur%2Clmt&sig=AOq0QJ8wRgIhAMN7iquoAMCW8vnEG5GpvUV_G9VYqHBDH06eJgYf8u3FAiEAigRcqDXrnD_xi1S2HsRPO4_5Z-0uQBCHdPmLvd2n09k%3D&lsparams=mh%2Cmm%2Cmn%2Cms%2Cmv%2Cmvi%2Cpl%2Cinitcwndbps&lsig=AG3C_xAwRQIga3xYxk9x30cIilUpMl-14VvtNXrVCrqUyRO49PjGxHcCIQDhDw07bw8W0tWU5tLZ2Y5WIU3QYhk7QMQzrj0pHstejg%3D%3D&ratebypass=yes", "player_url": null, "ext": "mp4", "height": 480, "format_note": "480p", "vcodec": "avc1.4d401e", "asr": null, "filesize": 10258422, "fps": 24, "tbr": 571.756, "width": 854, "acodec": "none", "downloader_options": {"http_chunk_size": 10485760}, "format": "135 - 854x480 (480p)", "protocol": "https", "http_headers": {"User-Agent": "Mozilla/5.0 (Windows NT 10.0; Win64; x64) AppleWebKit/537.36 (KHTML, like Gecko) Chrome/69.0.3497.117 Safari/537.36", "Accept-Charset": "ISO-8859-1,utf-8;q=0.7,*;q=0.7", "Accept": "text/html,application/xhtml+xml,application/xml;q=0.9,*/*;q=0.8", "Accept-Encoding": "gzip, deflate", "Accept-Language": "en-us,en;q=0.5"}}, {"format_id": "247", "url": "https://r2---sn-5njj-u2xe.googlevideo.com/videoplayback?expire=1612299194&ei=WmcZYJS3N83JgAOvlo7QBw&ip=140.109.135.76&id=o-ADawIGJR6krf3T20KvZsjYJIs4ZefZadqIcaiO_jzKjC&itag=247&aitags=133%2C134%2C135%2C136%2C137%2C160%2C242%2C243%2C244%2C247%2C248%2C278&source=youtube&requiressl=yes&mh=eL&mm=31%2C29&mn=sn-5njj-u2xe%2Csn-un57en7l&ms=au%2Crdu&mv=m&mvi=2&pl=16&initcwndbps=363750&vprv=1&mime=video%2Fwebm&ns=SluQjkgrvu4b16e5kONVCDMF&gir=yes&clen=17653399&dur=288.496&lmt=1577776814554615&mt=1612277116&fvip=2&keepalive=yes&c=WEB&txp=5431432&n=X9Vl0zn6QQKbl5i8v&sparams=expire%2Cei%2Cip%2Cid%2Caitags%2Csource%2Crequiressl%2Cvprv%2Cmime%2Cns%2Cgir%2Cclen%2Cdur%2Clmt&sig=AOq0QJ8wRAIgTURXEQY4FKKNwHt2wyf9Wf3XaAYZg9JXRKjqnvdVIf0CIFjJZB55A9yX1bdYtRwlIu0jmuMd04K7lMuKk6rjKhsg&lsparams=mh%2Cmm%2Cmn%2Cms%2Cmv%2Cmvi%2Cpl%2Cinitcwndbps&lsig=AG3C_xAwRQIga3xYxk9x30cIilUpMl-14VvtNXrVCrqUyRO49PjGxHcCIQDhDw07bw8W0tWU5tLZ2Y5WIU3QYhk7QMQzrj0pHstejg%3D%3D&ratebypass=yes", "player_url": null, "ext": "webm", "height": 720, "format_note": "720p", "vcodec": "vp9", "asr": null, "filesize": 17653399, "fps": 24, "tbr": 845.307, "width": 1280, "acodec": "none", "downloader_options": {"http_chunk_size": 10485760}, "format": "247 - 1280x720 (720p)", "protocol": "https", "http_headers": {"User-Agent": "Mozilla/5.0 (Windows NT 10.0; Win64; x64) AppleWebKit/537.36 (KHTML, like Gecko) Chrome/69.0.3497.117 Safari/537.36", "Accept-Charset": "ISO-8859-1,utf-8;q=0.7,*;q=0.7", "Accept": "text/html,application/xhtml+xml,application/xml;q=0.9,*/*;q=0.8", "Accept-Encoding": "gzip, deflate", "Accept-Language": "en-us,en;q=0.5"}}, {"format_id": "136", "url": "https://r2---sn-5njj-u2xe.googlevideo.com/videoplayback?expire=1612299194&ei=WmcZYJS3N83JgAOvlo7QBw&ip=140.109.135.76&id=o-ADawIGJR6krf3T20KvZsjYJIs4ZefZadqIcaiO_jzKjC&itag=136&aitags=133%2C134%2C135%2C136%2C137%2C160%2C242%2C243%2C244%2C247%2C248%2C278&source=youtube&requiressl=yes&mh=eL&mm=31%2C29&mn=sn-5njj-u2xe%2Csn-un57en7l&ms=au%2Crdu&mv=m&mvi=2&pl=16&initcwndbps=363750&vprv=1&mime=video%2Fmp4&ns=SluQjkgrvu4b16e5kONVCDMF&gir=yes&clen=19406875&dur=288.496&lmt=1577776645294351&mt=1612277116&fvip=2&keepalive=yes&c=WEB&txp=5432432&n=X9Vl0zn6QQKbl5i8v&sparams=expire%2Cei%2Cip%2Cid%2Caitags%2Csource%2Crequiressl%2Cvprv%2Cmime%2Cns%2Cgir%2Cclen%2Cdur%2Clmt&sig=AOq0QJ8wRgIhAJ81KcJSk8qVNoLTrUg58cjmd89NFkSTL3jfnksjea5cAiEAoEpWdMH0goPrM_AWPxkkjRSZkMDv-z5Zly8zPYq8OQ4%3D&lsparams=mh%2Cmm%2Cmn%2Cms%2Cmv%2Cmvi%2Cpl%2Cinitcwndbps&lsig=AG3C_xAwRQIga3xYxk9x30cIilUpMl-14VvtNXrVCrqUyRO49PjGxHcCIQDhDw07bw8W0tWU5tLZ2Y5WIU3QYhk7QMQzrj0pHstejg%3D%3D&ratebypass=yes", "player_url": null, "ext": "mp4", "height": 720, "format_note": "720p", "vcodec": "avc1.4d401f", "asr": null, "filesize": 19406875, "fps": 24, "tbr": 1050.73, "width": 1280, "acodec": "none", "downloader_options": {"http_chunk_size": 10485760}, "format": "136 - 1280x720 (720p)", "protocol": "https", "http_headers": {"User-Agent": "Mozilla/5.0 (Windows NT 10.0; Win64; x64) AppleWebKit/537.36 (KHTML, like Gecko) Chrome/69.0.3497.117 Safari/537.36", "Accept-Charset": "ISO-8859-1,utf-8;q=0.7,*;q=0.7", "Accept": "text/html,application/xhtml+xml,application/xml;q=0.9,*/*;q=0.8", "Accept-Encoding": "gzip, deflate", "Accept-Language": "en-us,en;q=0.5"}}, {"format_id": "248", "url": "https://r2---sn-5njj-u2xe.googlevideo.com/videoplayback?expire=1612299194&ei=WmcZYJS3N83JgAOvlo7QBw&ip=140.109.135.76&id=o-ADawIGJR6krf3T20KvZsjYJIs4ZefZadqIcaiO_jzKjC&itag=248&aitags=133%2C134%2C135%2C136%2C137%2C160%2C242%2C243%2C244%2C247%2C248%2C278&source=youtube&requiressl=yes&mh=eL&mm=31%2C29&mn=sn-5njj-u2xe%2Csn-un57en7l&ms=au%2Crdu&mv=m&mvi=2&pl=16&initcwndbps=363750&vprv=1&mime=video%2Fwebm&ns=SluQjkgrvu4b16e5kONVCDMF&gir=yes&clen=29740340&dur=288.496&lmt=1577776463544154&mt=1612277116&fvip=2&keepalive=yes&c=WEB&txp=5431432&n=X9Vl0zn6QQKbl5i8v&sparams=expire%2Cei%2Cip%2Cid%2Caitags%2Csource%2Crequiressl%2Cvprv%2Cmime%2Cns%2Cgir%2Cclen%2Cdur%2Clmt&sig=AOq0QJ8wRQIgFgE3H2O3_OV-xd95mbyiFn4z4qFAjmO5L5oBFzYevCoCIQC5J5I_AnyIhuPyMENiXIQzXRZMbzQuirfCvNUtD-YdRA%3D%3D&lsparams=mh%2Cmm%2Cmn%2Cms%2Cmv%2Cmvi%2Cpl%2Cinitcwndbps&lsig=AG3C_xAwRQIga3xYxk9x30cIilUpMl-14VvtNXrVCrqUyRO49PjGxHcCIQDhDw07bw8W0tWU5tLZ2Y5WIU3QYhk7QMQzrj0pHstejg%3D%3D&ratebypass=yes", "player_url": null, "ext": "webm", "height": 1080, "format_note": "1080p", "vcodec": "vp9", "asr": null, "filesize": 29740340, "fps": 24, "tbr": 1409.263, "width": 1920, "acodec": "none", "downloader_options": {"http_chunk_size": 10485760}, "format": "248 - 1920x1080 (1080p)", "protocol": "https", "http_headers": {"User-Agent": "Mozilla/5.0 (Windows NT 10.0; Win64; x64) AppleWebKit/537.36 (KHTML, like Gecko) Chrome/69.0.3497.117 Safari/537.36", "Accept-Charset": "ISO-8859-1,utf-8;q=0.7,*;q=0.7", "Accept": "text/html,application/xhtml+xml,application/xml;q=0.9,*/*;q=0.8", "Accept-Encoding": "gzip, deflate", "Accept-Language": "en-us,en;q=0.5"}}, {"format_id": "137", "url": "https://r2---sn-5njj-u2xe.googlevideo.com/videoplayback?expire=1612299194&ei=WmcZYJS3N83JgAOvlo7QBw&ip=140.109.135.76&id=o-ADawIGJR6krf3T20KvZsjYJIs4ZefZadqIcaiO_jzKjC&itag=137&aitags=133%2C134%2C135%2C136%2C137%2C160%2C242%2C243%2C244%2C247%2C248%2C278&source=youtube&requiressl=yes&mh=eL&mm=31%2C29&mn=sn-5njj-u2xe%2Csn-un57en7l&ms=au%2Crdu&mv=m&mvi=2&pl=16&initcwndbps=363750&vprv=1&mime=video%2Fmp4&ns=SluQjkgrvu4b16e5kONVCDMF&gir=yes&clen=36271896&dur=288.496&lmt=1577776371153669&mt=1612277116&fvip=2&keepalive=yes&c=WEB&txp=5432432&n=X9Vl0zn6QQKbl5i8v&sparams=expire%2Cei%2Cip%2Cid%2Caitags%2Csource%2Crequiressl%2Cvprv%2Cmime%2Cns%2Cgir%2Cclen%2Cdur%2Clmt&sig=AOq0QJ8wRQIgQfOekuExualaaep4k5QRoJNkqgkAARlS6HmSnGCB4gMCIQD3wxPJSHUeXAg18hUgsUH4ZvJPej0aMRHuKq96bbzhjg%3D%3D&lsparams=mh%2Cmm%2Cmn%2Cms%2Cmv%2Cmvi%2Cpl%2Cinitcwndbps&lsig=AG3C_xAwRQIga3xYxk9x30cIilUpMl-14VvtNXrVCrqUyRO49PjGxHcCIQDhDw07bw8W0tWU5tLZ2Y5WIU3QYhk7QMQzrj0pHstejg%3D%3D&ratebypass=yes", "player_url": null, "ext": "mp4", "height": 1080, "format_note": "1080p", "vcodec": "avc1.640028", "asr": null, "filesize": 36271896, "fps": 24, "tbr": 1962.842, "width": 1920, "acodec": "none", "downloader_options": {"http_chunk_size": 10485760}, "format": "137 - 1920x1080 (1080p)", "protocol": "https", "http_headers": {"User-Agent": "Mozilla/5.0 (Windows NT 10.0; Win64; x64) AppleWebKit/537.36 (KHTML, like Gecko) Chrome/69.0.3497.117 Safari/537.36", "Accept-Charset": "ISO-8859-1,utf-8;q=0.7,*;q=0.7", "Accept": "text/html,application/xhtml+xml,application/xml;q=0.9,*/*;q=0.8", "Accept-Encoding": "gzip, deflate", "Accept-Language": "en-us,en;q=0.5"}}, {"format_id": "18", "url": "https://r2---sn-5njj-u2xe.googlevideo.com/videoplayback?expire=1612299194&ei=WmcZYJS3N83JgAOvlo7QBw&ip=140.109.135.76&id=o-ADawIGJR6krf3T20KvZsjYJIs4ZefZadqIcaiO_jzKjC&itag=18&source=youtube&requiressl=yes&mh=eL&mm=31%2C29&mn=sn-5njj-u2xe%2Csn-un57en7l&ms=au%2Crdu&mv=m&mvi=2&pl=16&initcwndbps=363750&vprv=1&mime=video%2Fmp4&ns=00Vcrs6RNY4qElrDJGFb2e0F&gir=yes&clen=14977959&ratebypass=yes&dur=288.554&lmt=1577776508236376&mt=1612277116&fvip=2&c=WEB&txp=5431432&n=de3LEWXnSou0jtuMU&sparams=expire%2Cei%2Cip%2Cid%2Citag%2Csource%2Crequiressl%2Cvprv%2Cmime%2Cns%2Cgir%2Cclen%2Cratebypass%2Cdur%2Clmt&sig=AOq0QJ8wRgIhALorU4l0Irm9kESXt5k3ZMIPJagX9gIAam5Mk74I2StIAiEAyMnUHm7cXzPZw_Zp0iw5iCiwiHDqf8apzjiQvMzWxg8%3D&lsparams=mh%2Cmm%2Cmn%2Cms%2Cmv%2Cmvi%2Cpl%2Cinitcwndbps&lsig=AG3C_xAwRQIga3xYxk9x30cIilUpMl-14VvtNXrVCrqUyRO49PjGxHcCIQDhDw07bw8W0tWU5tLZ2Y5WIU3QYhk7QMQzrj0pHstejg%3D%3D", "player_url": null, "ext": "mp4", "width": 640, "height": 360, "acodec": "mp4a.40.2", "abr": 96, "vcodec": "avc1.42001E", "asr": 44100, "filesize": 14977959, "format_note": "360p", "fps": 24, "tbr": 415.339, "format": "18 - 640x360 (360p)", "protocol": "https", "http_headers": {"User-Agent": "Mozilla/5.0 (Windows NT 10.0; Win64; x64) AppleWebKit/537.36 (KHTML, like Gecko) Chrome/69.0.3497.117 Safari/537.36", "Accept-Charset": "ISO-8859-1,utf-8;q=0.7,*;q=0.7", "Accept": "text/html,application/xhtml+xml,application/xml;q=0.9,*/*;q=0.8", "Accept-Encoding": "gzip, deflate", "Accept-Language": "en-us,en;q=0.5"}}], "is_live": null, "start_time": null, "end_time": null, "series": null, "season_number": null, "episode_number": null, "track": null, "artist": null, "album": null, "release_date": null, "release_year": null, "extractor": "youtube", "webpage_url_basename": "watch", "extractor_key": "Youtube", "playlist": null, "playlist_index": null, "thumbnail": "https://i.ytimg.com/vi_webp/rEz0D3VohFA/maxresdefault.webp", "display_id": "rEz0D3VohFA", "requested_subtitles": null, "format_id": "251", "url": "https://r2---sn-5njj-u2xe.googlevideo.com/videoplayback?expire=1612299194&ei=WmcZYJS3N83JgAOvlo7QBw&ip=140.109.135.76&id=o-ADawIGJR6krf3T20KvZsjYJIs4ZefZadqIcaiO_jzKjC&itag=251&source=youtube&requiressl=yes&mh=eL&mm=31%2C29&mn=sn-5njj-u2xe%2Csn-un57en7l&ms=au%2Crdu&mv=m&mvi=2&pl=16&initcwndbps=363750&vprv=1&mime=audio%2Fwebm&ns=SluQjkgrvu4b16e5kONVCDMF&gir=yes&clen=5132868&dur=288.521&lmt=1577776261846563&mt=1612277116&fvip=2&keepalive=yes&c=WEB&txp=5431432&n=X9Vl0zn6QQKbl5i8v&sparams=expire%2Cei%2Cip%2Cid%2Citag%2Csource%2Crequiressl%2Cvprv%2Cmime%2Cns%2Cgir%2Cclen%2Cdur%2Clmt&sig=AOq0QJ8wRQIgJA2VVWTNeua0_XOCKXz-ta7-zNARDsEFJrrKDSRQwQQCIQDV1e-Vt_323D2Ae4BlU_XLuYFzKkyhPMVD6OWtm6p9ew%3D%3D&lsparams=mh%2Cmm%2Cmn%2Cms%2Cmv%2Cmvi%2Cpl%2Cinitcwndbps&lsig=AG3C_xAwRQIga3xYxk9x30cIilUpMl-14VvtNXrVCrqUyRO49PjGxHcCIQDhDw07bw8W0tWU5tLZ2Y5WIU3QYhk7QMQzrj0pHstejg%3D%3D&ratebypass=yes", "player_url": null, "ext": "webm", "format_note": "tiny", "acodec": "opus", "abr": 160, "asr": 48000, "filesize": 5132868, "fps": null, "height": null, "tbr": 154.967, "width": null, "vcodec": "none", "downloader_options": {"http_chunk_size": 10485760}, "format": "251 - audio only (tiny)", "protocol": "https", "http_headers": {"User-Agent": "Mozilla/5.0 (Windows NT 10.0; Win64; x64) AppleWebKit/537.36 (KHTML, like Gecko) Chrome/69.0.3497.117 Safari/537.36", "Accept-Charset": "ISO-8859-1,utf-8;q=0.7,*;q=0.7", "Accept": "text/html,application/xhtml+xml,application/xml;q=0.9,*/*;q=0.8", "Accept-Encoding": "gzip, deflate", "Accept-Language": "en-us,en;q=0.5"}}