{"id": "snfsc7pEzlk", "uploader": "Patrik Pietschmann", "uploader_id": "UCs7O9sOUQiBGBxaaAguIwig", "uploader_url": "http://www.youtube.com/channel/UCs7O9sOUQiBGBxaaAguIwig", "channel_id": "UCs7O9sOUQiBGBxaaAguIwig", "channel_url": "http://www.youtube.com/channel/UCs7O9sOUQiBGBxaaAguIwig", "upload_date": "20191025", "license": null, "creator": null, "title": "Star Wars - Duel of the Fates (Piano Version)", "alt_title": null, "thumbnails": [{"url": "https://i.ytimg.com/vi/snfsc7pEzlk/hqdefault.jpg?sqp=-oaymwEbCKgBEF5IVfKriqkDDggBFQAAiEIYAXABwAEG&rs=AOn4CLCgiRU-IC7aHi79HifKeHfTkSQT_Q", "width": 168, "height": 94, "resolution": "168x94", "id": "0"}, {"url": "https://i.ytimg.com/vi/snfsc7pEzlk/hqdefault.jpg?sqp=-oaymwEbCMQBEG5IVfKriqkDDggBFQAAiEIYAXABwAEG&rs=AOn4CLBSSTzM3NJkwcxgGl05b_TQ45YlRA", "width": 196, "height": 110, "resolution": "196x110", "id": "1"}, {"url": "https://i.ytimg.com/vi/snfsc7pEzlk/hqdefault.jpg?sqp=-oaymwEcCPYBEIoBSFXyq4qpAw4IARUAAIhCGAFwAcABBg==&rs=AOn4CLBdI0YsQYXKtkYdATx21vW1YDWaag", "width": 246, "height": 138, "resolution": "246x138", "id": "2"}, {"url": "https://i.ytimg.com/vi/snfsc7pEzlk/hqdefault.jpg?sqp=-oaymwEcCNACELwBSFXyq4qpAw4IARUAAIhCGAFwAcABBg==&rs=AOn4CLBl7lMq8BragDXynwWrf4AvMEI6SQ", "width": 336, "height": 188, "resolution": "336x188", "id": "3"}, {"url": "https://i.ytimg.com/vi_webp/snfsc7pEzlk/maxresdefault.webp", "width": 1920, "height": 1080, "resolution": "1920x1080", "id": "4"}], "description": "\ud83c\udfb5 Sheet Music \u25ba https://www.musicnotes.com/l/gKrXS\n\ud83c\udfb9 Learn piano with flowkey \u25ba http://tinyurl.com/patrik-flowkey\n\ud83d\udc4d Support my work on Patreon \u25ba https://www.patreon.com/PatrikPietschmann\n\n\ud83c\udfa7 All My Music is Available Here \ud83c\udfa7\n\u25ba iTunes: https://smarturl.it/PP_iTunes\n\u25ba Amazon: https://smarturl.it/PP_Amazon\n\u25ba Google: https://smarturl.it/PP_GooglePlay\n\u25ba Spotify: https://smarturl.it/PP_Spotify\n\u25ba Deezer: https://smarturl.it/PP_Deezer\n\u25ba Tidal: https://smarturl.it/PP_Tidal\n\nWhat I Use to Make Music & Videos!\n\ud83c\udfb9 Piano: https://smarturl.it/YamahaP-45_Amazon\n\ud83d\udcf9 Camera: https://smarturl.it/LumixG7_Amazon\n\nStar Wars - Duel of the Fates (Piano Version)\nPiano Version by Patrik Pietschmann\n\nIf you already expected a new video last week: Thank you for your patience! This time I needed some more time. Why? Because this arrangement is probably the most complex I've ever written. I hope you like it! \n\nAnd as promised: Look forward to more Star Wars arrangements!", "categories": ["Music"], "tags": ["Duel of the Fates", "Star Wars", "Soundtrack", "Piano", "John Williams", "Piano Version", "Sheet Music", "Patrik Pietschmann"], "subtitles": {}, "automatic_captions": {}, "duration": 307, "age_limit": 0, "annotations": null, "chapters": null, "webpage_url": "https://www.youtube.com/watch?v=snfsc7pEzlk", "view_count": 4276192, "like_count": 102533, "dislike_count": 906, "average_rating": 4.9649649, "formats": [{"format_id": "249", "url": "https://r7---sn-5njj-u2xl.googlevideo.com/videoplayback?expire=1612299216&ei=cGcZYKSGCYvFgQPv6p_gCg&ip=140.109.135.76&id=o-AE1nrN0LCzHEMLelh778be82jp903lyqpRmipYXeA_sd&itag=249&source=youtube&requiressl=yes&mh=0H&mm=31%2C29&mn=sn-5njj-u2xl%2Csn-un57sn7s&ms=au%2Crdu&mv=m&mvi=7&pcm2cms=yes&pl=16&initcwndbps=522500&vprv=1&mime=audio%2Fwebm&ns=zr4B7z6Rw_iSEa96H17MbqIF&gir=yes&clen=2117118&dur=307.261&lmt=1577530185326485&mt=1612277347&fvip=2&keepalive=yes&c=WEB&txp=5531432&n=Nbosok81mTCIn0Z8I&sparams=expire%2Cei%2Cip%2Cid%2Citag%2Csource%2Crequiressl%2Cvprv%2Cmime%2Cns%2Cgir%2Cclen%2Cdur%2Clmt&sig=AOq0QJ8wRQIhAK_FdOhe5ciRch29-U1vCJd1WMWU6VvCmrwjalPnd2XPAiAKaSWOLfs6TZY0HSlrpPu7Q-SWdA-RTTl8cm5YEojY8g%3D%3D&lsparams=mh%2Cmm%2Cmn%2Cms%2Cmv%2Cmvi%2Cpcm2cms%2Cpl%2Cinitcwndbps&lsig=AG3C_xAwRgIhAPT7ZWqEvtrmwZFdWfgLyk89iH0ZhrKsKXrpNrRjAvDxAiEAyUs5ItqhQji3siZcqo1WjFdBj_PBYSsrQnn7wAMwyf0%3D&ratebypass=yes", "player_url": null, "ext": "webm", "format_note": "tiny", "acodec": "opus", "abr": 50, "asr": 48000, "filesize": 2117118, "fps": null, "height": null, "tbr": 63.734, "width": null, "vcodec": "none", "downloader_options": {"http_chunk_size": 10485760}, "format": "249 - audio only (tiny)", "protocol": "https", "http_headers": {"User-Agent": "Mozilla/5.0 (Windows NT 10.0; Win64; x64) AppleWebKit/537.36 (KHTML, like Gecko) Chrome/69.0.3497.117 Safari/537.36", "Accept-Charset": "ISO-8859-1,utf-8;q=0.7,*;q=0.7", "Accept": "text/html,application/xhtml+xml,application/xml;q=0.9,*/*;q=0.8", "Accept-Encoding": "gzip, deflate", "Accept-Language": "en-us,en;q=0.5"}}, {"format_id": "250", "url": "https://r7---sn-5njj-u2xl.googlevideo.com/videoplayback?expire=1612299216&ei=cGcZYKSGCYvFgQPv6p_gCg&ip=140.109.135.76&id=o-AE1nrN0LCzHEMLelh778be82jp903lyqpRmipYXeA_sd&itag=250&source=youtube&requiressl=yes&mh=0H&mm=31%2C29&mn=sn-5njj-u2xl%2Csn-un57sn7s&ms=au%2Crdu&mv=m&mvi=7&pcm2cms=yes&pl=16&initcwndbps=522500&vprv=1&mime=audio%2Fwebm&ns=zr4B7z6Rw_iSEa96H17MbqIF&gir=yes&clen=2834076&dur=307.261&lmt=1577530186634811&mt=1612277347&fvip=2&keepalive=yes&c=WEB&txp=5531432&n=Nbosok81mTCIn0Z8I&sparams=expire%2Cei%2Cip%2Cid%2Citag%2Csource%2Crequiressl%2Cvprv%2Cmime%2Cns%2Cgir%2Cclen%2Cdur%2Clmt&sig=AOq0QJ8wRAIgUUin04il4Q2EuuDWDz0vLl_g457u68WnQUxCfuecp3YCIHweazOXDrbbUsbmySKfQBMVznb5dtXcYc74rsDojTlV&lsparams=mh%2Cmm%2Cmn%2Cms%2Cmv%2Cmvi%2Cpcm2cms%2Cpl%2Cinitcwndbps&lsig=AG3C_xAwRgIhAPT7ZWqEvtrmwZFdWfgLyk89iH0ZhrKsKXrpNrRjAvDxAiEAyUs5ItqhQji3siZcqo1WjFdBj_PBYSsrQnn7wAMwyf0%3D&ratebypass=yes", "player_url": null, "ext": "webm", "format_note": "tiny", "acodec": "opus", "abr": 70, "asr": 48000, "filesize": 2834076, "fps": null, "height": null, "tbr": 85.051, "width": null, "vcodec": "none", "downloader_options": {"http_chunk_size": 10485760}, "format": "250 - audio only (tiny)", "protocol": "https", "http_headers": {"User-Agent": "Mozilla/5.0 (Windows NT 10.0; Win64; x64) AppleWebKit/537.36 (KHTML, like Gecko) Chrome/69.0.3497.117 Safari/537.36", "Accept-Charset": "ISO-8859-1,utf-8;q=0.7,*;q=0.7", "Accept": "text/html,application/xhtml+xml,application/xml;q=0.9,*/*;q=0.8", "Accept-Encoding": "gzip, deflate", "Accept-Language": "en-us,en;q=0.5"}}, {"format_id": "140", "url": "https://r7---sn-5njj-u2xl.googlevideo.com/videoplayback?expire=1612299216&ei=cGcZYKSGCYvFgQPv6p_gCg&ip=140.109.135.76&id=o-AE1nrN0LCzHEMLelh778be82jp903lyqpRmipYXeA_sd&itag=140&source=youtube&requiressl=yes&mh=0H&mm=31%2C29&mn=sn-5njj-u2xl%2Csn-un57sn7s&ms=au%2Crdu&mv=m&mvi=7&pcm2cms=yes&pl=16&initcwndbps=522500&vprv=1&mime=audio%2Fmp4&ns=zr4B7z6Rw_iSEa96H17MbqIF&gir=yes&clen=4973882&dur=307.292&lmt=1577530186030621&mt=1612277347&fvip=2&keepalive=yes&c=WEB&txp=5531432&n=Nbosok81mTCIn0Z8I&sparams=expire%2Cei%2Cip%2Cid%2Citag%2Csource%2Crequiressl%2Cvprv%2Cmime%2Cns%2Cgir%2Cclen%2Cdur%2Clmt&sig=AOq0QJ8wRQIgdUJBnY010yyhQwiJKjgVsSRLcKV5QEXD9_DhDts_47sCIQDukGwHrBOM8waZUy1YMFQVubTyDJa8jlGjDxb5NZ5dxg%3D%3D&lsparams=mh%2Cmm%2Cmn%2Cms%2Cmv%2Cmvi%2Cpcm2cms%2Cpl%2Cinitcwndbps&lsig=AG3C_xAwRgIhAPT7ZWqEvtrmwZFdWfgLyk89iH0ZhrKsKXrpNrRjAvDxAiEAyUs5ItqhQji3siZcqo1WjFdBj_PBYSsrQnn7wAMwyf0%3D&ratebypass=yes", "player_url": null, "ext": "m4a", "format_note": "tiny", "acodec": "mp4a.40.2", "abr": 128, "container": "m4a_dash", "asr": 44100, "filesize": 4973882, "fps": null, "height": null, "tbr": 130.567, "width": null, "vcodec": "none", "downloader_options": {"http_chunk_size": 10485760}, "format": "140 - audio only (tiny)", "protocol": "https", "http_headers": {"User-Agent": "Mozilla/5.0 (Windows NT 10.0; Win64; x64) AppleWebKit/537.36 (KHTML, like Gecko) Chrome/69.0.3497.117 Safari/537.36", "Accept-Charset": "ISO-8859-1,utf-8;q=0.7,*;q=0.7", "Accept": "text/html,application/xhtml+xml,application/xml;q=0.9,*/*;q=0.8", "Accept-Encoding": "gzip, deflate", "Accept-Language": "en-us,en;q=0.5"}}, {"format_id": "251", "url": "https://r7---sn-5njj-u2xl.googlevideo.com/videoplayback?expire=1612299216&ei=cGcZYKSGCYvFgQPv6p_gCg&ip=140.109.135.76&id=o-AE1nrN0LCzHEMLelh778be82jp903lyqpRmipYXeA_sd&itag=251&source=youtube&requiressl=yes&mh=0H&mm=31%2C29&mn=sn-5njj-u2xl%2Csn-un57sn7s&ms=au%2Crdu&mv=m&mvi=7&pcm2cms=yes&pl=16&initcwndbps=522500&vprv=1&mime=audio%2Fwebm&ns=zr4B7z6Rw_iSEa96H17MbqIF&gir=yes&clen=5438155&dur=307.261&lmt=1577530189633006&mt=1612277347&fvip=2&keepalive=yes&c=WEB&txp=5531432&n=Nbosok81mTCIn0Z8I&sparams=expire%2Cei%2Cip%2Cid%2Citag%2Csource%2Crequiressl%2Cvprv%2Cmime%2Cns%2Cgir%2Cclen%2Cdur%2Clmt&sig=AOq0QJ8wRgIhAK7cH4uagq4OGsrWIGaD0woiqQRFbCiB_tAJPWcBfLS_AiEAriTQjAVdiXWoqUcMrivm3T_LrS1ixE5GzrWJTFpLLXg%3D&lsparams=mh%2Cmm%2Cmn%2Cms%2Cmv%2Cmvi%2Cpcm2cms%2Cpl%2Cinitcwndbps&lsig=AG3C_xAwRgIhAPT7ZWqEvtrmwZFdWfgLyk89iH0ZhrKsKXrpNrRjAvDxAiEAyUs5ItqhQji3siZcqo1WjFdBj_PBYSsrQnn7wAMwyf0%3D&ratebypass=yes", "player_url": null, "ext": "webm", "format_note": "tiny", "acodec": "opus", "abr": 160, "asr": 48000, "filesize": 5438155, "fps": null, "height": null, "tbr": 158.83, "width": null, "vcodec": "none", "downloader_options": {"http_chunk_size": 10485760}, "format": "251 - audio only (tiny)", "protocol": "https", "http_headers": {"User-Agent": "Mozilla/5.0 (Windows NT 10.0; Win64; x64) AppleWebKit/537.36 (KHTML, like Gecko) Chrome/69.0.3497.117 Safari/537.36", "Accept-Charset": "ISO-8859-1,utf-8;q=0.7,*;q=0.7", "Accept": "text/html,application/xhtml+xml,application/xml;q=0.9,*/*;q=0.8", "Accept-Encoding": "gzip, deflate", "Accept-Language": "en-us,en;q=0.5"}}, {"format_id": "394", "url": "https://r7---sn-5njj-u2xl.googlevideo.com/videoplayback?expire=1612299216&ei=cGcZYKSGCYvFgQPv6p_gCg&ip=140.109.135.76&id=o-AE1nrN0LCzHEMLelh778be82jp903lyqpRmipYXeA_sd&itag=394&aitags=133%2C134%2C135%2C136%2C137%2C160%2C242%2C243%2C244%2C247%2C248%2C278%2C394%2C395%2C396%2C397%2C398%2C399&source=youtube&requiressl=yes&mh=0H&mm=31%2C29&mn=sn-5njj-u2xl%2Csn-un57sn7s&ms=au%2Crdu&mv=m&mvi=7&pcm2cms=yes&pl=16&initcwndbps=522500&vprv=1&mime=video%2Fmp4&ns=zr4B7z6Rw_iSEa96H17MbqIF&gir=yes&clen=2565854&dur=307.240&lmt=1589191992227641&mt=1612277347&fvip=2&keepalive=yes&c=WEB&txp=5531432&n=Nbosok81mTCIn0Z8I&sparams=expire%2Cei%2Cip%2Cid%2Caitags%2Csource%2Crequiressl%2Cvprv%2Cmime%2Cns%2Cgir%2Cclen%2Cdur%2Clmt&sig=AOq0QJ8wRQIgZxLXxrXCIwzovPzxaU7hqvBtczX47T8-K2ymQ3v3J-QCIQDqNVzLgKpp7MdNyuMPSb3AsKw_1QMfcTG3B-alt389KA%3D%3D&lsparams=mh%2Cmm%2Cmn%2Cms%2Cmv%2Cmvi%2Cpcm2cms%2Cpl%2Cinitcwndbps&lsig=AG3C_xAwRgIhAPT7ZWqEvtrmwZFdWfgLyk89iH0ZhrKsKXrpNrRjAvDxAiEAyUs5ItqhQji3siZcqo1WjFdBj_PBYSsrQnn7wAMwyf0%3D&ratebypass=yes", "player_url": null, "acodec": "none", "vcodec": "av01.0.00M.08", "asr": null, "filesize": 2565854, "format_note": "144p", "fps": 25, "height": 144, "tbr": 76.657, "width": 256, "ext": "mp4", "downloader_options": {"http_chunk_size": 10485760}, "format": "394 - 256x144 (144p)", "protocol": "https", "http_headers": {"User-Agent": "Mozilla/5.0 (Windows NT 10.0; Win64; x64) AppleWebKit/537.36 (KHTML, like Gecko) Chrome/69.0.3497.117 Safari/537.36", "Accept-Charset": "ISO-8859-1,utf-8;q=0.7,*;q=0.7", "Accept": "text/html,application/xhtml+xml,application/xml;q=0.9,*/*;q=0.8", "Accept-Encoding": "gzip, deflate", "Accept-Language": "en-us,en;q=0.5"}}, {"format_id": "160", "url": "https://r7---sn-5njj-u2xl.googlevideo.com/videoplayback?expire=1612299216&ei=cGcZYKSGCYvFgQPv6p_gCg&ip=140.109.135.76&id=o-AE1nrN0LCzHEMLelh778be82jp903lyqpRmipYXeA_sd&itag=160&aitags=133%2C134%2C135%2C136%2C137%2C160%2C242%2C243%2C244%2C247%2C248%2C278%2C394%2C395%2C396%2C397%2C398%2C399&source=youtube&requiressl=yes&mh=0H&mm=31%2C29&mn=sn-5njj-u2xl%2Csn-un57sn7s&ms=au%2Crdu&mv=m&mvi=7&pcm2cms=yes&pl=16&initcwndbps=522500&vprv=1&mime=video%2Fmp4&ns=zr4B7z6Rw_iSEa96H17MbqIF&gir=yes&clen=2281822&dur=307.240&lmt=1577530432641323&mt=1612277347&fvip=2&keepalive=yes&c=WEB&txp=5535432&n=Nbosok81mTCIn0Z8I&sparams=expire%2Cei%2Cip%2Cid%2Caitags%2Csource%2Crequiressl%2Cvprv%2Cmime%2Cns%2Cgir%2Cclen%2Cdur%2Clmt&sig=AOq0QJ8wRQIhAONvXGYOOYKG9l_8hodlVRrp--XhoD5WklNDoqqa7nP-AiAi62Yp1YmGLAWL4lr6EAqGve-D4iaRRHHnXIrt2xuqqg%3D%3D&lsparams=mh%2Cmm%2Cmn%2Cms%2Cmv%2Cmvi%2Cpcm2cms%2Cpl%2Cinitcwndbps&lsig=AG3C_xAwRgIhAPT7ZWqEvtrmwZFdWfgLyk89iH0ZhrKsKXrpNrRjAvDxAiEAyUs5ItqhQji3siZcqo1WjFdBj_PBYSsrQnn7wAMwyf0%3D&ratebypass=yes", "player_url": null, "ext": "mp4", "height": 144, "format_note": "144p", "vcodec": "avc1.4d400c", "asr": null, "filesize": 2281822, "fps": 25, "tbr": 91.816, "width": 256, "acodec": "none", "downloader_options": {"http_chunk_size": 10485760}, "format": "160 - 256x144 (144p)", "protocol": "https", "http_headers": {"User-Agent": "Mozilla/5.0 (Windows NT 10.0; Win64; x64) AppleWebKit/537.36 (KHTML, like Gecko) Chrome/69.0.3497.117 Safari/537.36", "Accept-Charset": "ISO-8859-1,utf-8;q=0.7,*;q=0.7", "Accept": "text/html,application/xhtml+xml,application/xml;q=0.9,*/*;q=0.8", "Accept-Encoding": "gzip, deflate", "Accept-Language": "en-us,en;q=0.5"}}, {"format_id": "278", "url": "https://r7---sn-5njj-u2xl.googlevideo.com/videoplayback?expire=1612299216&ei=cGcZYKSGCYvFgQPv6p_gCg&ip=140.109.135.76&id=o-AE1nrN0LCzHEMLelh778be82jp903lyqpRmipYXeA_sd&itag=278&aitags=133%2C134%2C135%2C136%2C137%2C160%2C242%2C243%2C244%2C247%2C248%2C278%2C394%2C395%2C396%2C397%2C398%2C399&source=youtube&requiressl=yes&mh=0H&mm=31%2C29&mn=sn-5njj-u2xl%2Csn-un57sn7s&ms=au%2Crdu&mv=m&mvi=7&pcm2cms=yes&pl=16&initcwndbps=522500&vprv=1&mime=video%2Fwebm&ns=zr4B7z6Rw_iSEa96H17MbqIF&gir=yes&clen=2976300&dur=307.240&lmt=1577530658762021&mt=1612277347&fvip=2&keepalive=yes&c=WEB&txp=5535432&n=Nbosok81mTCIn0Z8I&sparams=expire%2Cei%2Cip%2Cid%2Caitags%2Csource%2Crequiressl%2Cvprv%2Cmime%2Cns%2Cgir%2Cclen%2Cdur%2Clmt&sig=AOq0QJ8wRAIgCtAt0zTVDL-3i66KREtq2gHYCwV3FhENQQSe0HIAl8UCIA5YlvV-26JN-n7OL5VvUUArA_algA9rQY32PkV3M-Ou&lsparams=mh%2Cmm%2Cmn%2Cms%2Cmv%2Cmvi%2Cpcm2cms%2Cpl%2Cinitcwndbps&lsig=AG3C_xAwRgIhAPT7ZWqEvtrmwZFdWfgLyk89iH0ZhrKsKXrpNrRjAvDxAiEAyUs5ItqhQji3siZcqo1WjFdBj_PBYSsrQnn7wAMwyf0%3D&ratebypass=yes", "player_url": null, "ext": "webm", "height": 144, "format_note": "144p", "container": "webm", "vcodec": "vp9", "asr": null, "filesize": 2976300, "fps": 25, "tbr": 95.687, "width": 256, "acodec": "none", "downloader_options": {"http_chunk_size": 10485760}, "format": "278 - 256x144 (144p)", "protocol": "https", "http_headers": {"User-Agent": "Mozilla/5.0 (Windows NT 10.0; Win64; x64) AppleWebKit/537.36 (KHTML, like Gecko) Chrome/69.0.3497.117 Safari/537.36", "Accept-Charset": "ISO-8859-1,utf-8;q=0.7,*;q=0.7", "Accept": "text/html,application/xhtml+xml,application/xml;q=0.9,*/*;q=0.8", "Accept-Encoding": "gzip, deflate", "Accept-Language": "en-us,en;q=0.5"}}, {"format_id": "133", "url": "https://r7---sn-5njj-u2xl.googlevideo.com/videoplayback?expire=1612299216&ei=cGcZYKSGCYvFgQPv6p_gCg&ip=140.109.135.76&id=o-AE1nrN0LCzHEMLelh778be82jp903lyqpRmipYXeA_sd&itag=133&aitags=133%2C134%2C135%2C136%2C137%2C160%2C242%2C243%2C244%2C247%2C248%2C278%2C394%2C395%2C396%2C397%2C398%2C399&source=youtube&requiressl=yes&mh=0H&mm=31%2C29&mn=sn-5njj-u2xl%2Csn-un57sn7s&ms=au%2Crdu&mv=m&mvi=7&pcm2cms=yes&pl=16&initcwndbps=522500&vprv=1&mime=video%2Fmp4&ns=zr4B7z6Rw_iSEa96H17MbqIF&gir=yes&clen=3110036&dur=307.240&lmt=1577530432642735&mt=1612277347&fvip=2&keepalive=yes&c=WEB&txp=5535432&n=Nbosok81mTCIn0Z8I&sparams=expire%2Cei%2Cip%2Cid%2Caitags%2Csource%2Crequiressl%2Cvprv%2Cmime%2Cns%2Cgir%2Cclen%2Cdur%2Clmt&sig=AOq0QJ8wRAIgBFmtuYY4uzjTOZ_A2IMEkKVcnjGcWRMFkqPfhtRyZEACIHMS2dXul84F7ekg6VIovhVwmnTFxNr4T3C_OUETxD4D&lsparams=mh%2Cmm%2Cmn%2Cms%2Cmv%2Cmvi%2Cpcm2cms%2Cpl%2Cinitcwndbps&lsig=AG3C_xAwRgIhAPT7ZWqEvtrmwZFdWfgLyk89iH0ZhrKsKXrpNrRjAvDxAiEAyUs5ItqhQji3siZcqo1WjFdBj_PBYSsrQnn7wAMwyf0%3D&ratebypass=yes", "player_url": null, "ext": "mp4", "height": 240, "format_note": "240p", "vcodec": "avc1.4d4015", "asr": null, "filesize": 3110036, "fps": 25, "tbr": 103.062, "width": 426, "acodec": "none", "downloader_options": {"http_chunk_size": 10485760}, "format": "133 - 426x240 (240p)", "protocol": "https", "http_headers": {"User-Agent": "Mozilla/5.0 (Windows NT 10.0; Win64; x64) AppleWebKit/537.36 (KHTML, like Gecko) Chrome/69.0.3497.117 Safari/537.36", "Accept-Charset": "ISO-8859-1,utf-8;q=0.7,*;q=0.7", "Accept": "text/html,application/xhtml+xml,application/xml;q=0.9,*/*;q=0.8", "Accept-Encoding": "gzip, deflate", "Accept-Language": "en-us,en;q=0.5"}}, {"format_id": "395", "url": "https://r7---sn-5njj-u2xl.googlevideo.com/videoplayback?expire=1612299216&ei=cGcZYKSGCYvFgQPv6p_gCg&ip=140.109.135.76&id=o-AE1nrN0LCzHEMLelh778be82jp903lyqpRmipYXeA_sd&itag=395&aitags=133%2C134%2C135%2C136%2C137%2C160%2C242%2C243%2C244%2C247%2C248%2C278%2C394%2C395%2C396%2C397%2C398%2C399&source=youtube&requiressl=yes&mh=0H&mm=31%2C29&mn=sn-5njj-u2xl%2Csn-un57sn7s&ms=au%2Crdu&mv=m&mvi=7&pcm2cms=yes&pl=16&initcwndbps=522500&vprv=1&mime=video%2Fmp4&ns=zr4B7z6Rw_iSEa96H17MbqIF&gir=yes&clen=5208312&dur=307.240&lmt=1589191992220111&mt=1612277347&fvip=2&keepalive=yes&c=WEB&txp=5531432&n=Nbosok81mTCIn0Z8I&sparams=expire%2Cei%2Cip%2Cid%2Caitags%2Csource%2Crequiressl%2Cvprv%2Cmime%2Cns%2Cgir%2Cclen%2Cdur%2Clmt&sig=AOq0QJ8wRgIhAKT-tiaIvdawefxQzjCxLj5sA_dRiUzSHmgAlXIVCKSZAiEAwXdTGFyRNvamSUDMg1yq-HxVSQZGuWUdnxGKrRzVI3k%3D&lsparams=mh%2Cmm%2Cmn%2Cms%2Cmv%2Cmvi%2Cpcm2cms%2Cpl%2Cinitcwndbps&lsig=AG3C_xAwRgIhAPT7ZWqEvtrmwZFdWfgLyk89iH0ZhrKsKXrpNrRjAvDxAiEAyUs5ItqhQji3siZcqo1WjFdBj_PBYSsrQnn7wAMwyf0%3D&ratebypass=yes", "player_url": null, "acodec": "none", "vcodec": "av01.0.00M.08", "asr": null, "filesize": 5208312, "format_note": "240p", "fps": 25, "height": 240, "tbr": 177.673, "width": 426, "ext": "mp4", "downloader_options": {"http_chunk_size": 10485760}, "format": "395 - 426x240 (240p)", "protocol": "https", "http_headers": {"User-Agent": "Mozilla/5.0 (Windows NT 10.0; Win64; x64) AppleWebKit/537.36 (KHTML, like Gecko) Chrome/69.0.3497.117 Safari/537.36", "Accept-Charset": "ISO-8859-1,utf-8;q=0.7,*;q=0.7", "Accept": "text/html,application/xhtml+xml,application/xml;q=0.9,*/*;q=0.8", "Accept-Encoding": "gzip, deflate", "Accept-Language": "en-us,en;q=0.5"}}, {"format_id": "242", "url": "https://r7---sn-5njj-u2xl.googlevideo.com/videoplayback?expire=1612299216&ei=cGcZYKSGCYvFgQPv6p_gCg&ip=140.109.135.76&id=o-AE1nrN0LCzHEMLelh778be82jp903lyqpRmipYXeA_sd&itag=242&aitags=133%2C134%2C135%2C136%2C137%2C160%2C242%2C243%2C244%2C247%2C248%2C278%2C394%2C395%2C396%2C397%2C398%2C399&source=youtube&requiressl=yes&mh=0H&mm=31%2C29&mn=sn-5njj-u2xl%2Csn-un57sn7s&ms=au%2Crdu&mv=m&mvi=7&pcm2cms=yes&pl=16&initcwndbps=522500&vprv=1&mime=video%2Fwebm&ns=zr4B7z6Rw_iSEa96H17MbqIF&gir=yes&clen=4839263&dur=307.240&lmt=1577530658762820&mt=1612277347&fvip=2&keepalive=yes&c=WEB&txp=5535432&n=Nbosok81mTCIn0Z8I&sparams=expire%2Cei%2Cip%2Cid%2Caitags%2Csource%2Crequiressl%2Cvprv%2Cmime%2Cns%2Cgir%2Cclen%2Cdur%2Clmt&sig=AOq0QJ8wRQIhAPhihLQ2lPyv4qjdt71DB3YKVq0Pi7RSzrfGSBy8ZLyyAiBKJpLbnTzV9TZEFyROJvD_ct2OXoDHCTeNpUbyOaJAQQ%3D%3D&lsparams=mh%2Cmm%2Cmn%2Cms%2Cmv%2Cmvi%2Cpcm2cms%2Cpl%2Cinitcwndbps&lsig=AG3C_xAwRgIhAPT7ZWqEvtrmwZFdWfgLyk89iH0ZhrKsKXrpNrRjAvDxAiEAyUs5ItqhQji3siZcqo1WjFdBj_PBYSsrQnn7wAMwyf0%3D&ratebypass=yes", "player_url": null, "ext": "webm", "height": 240, "format_note": "240p", "vcodec": "vp9", "asr": null, "filesize": 4839263, "fps": 25, "tbr": 181.579, "width": 426, "acodec": "none", "downloader_options": {"http_chunk_size": 10485760}, "format": "242 - 426x240 (240p)", "protocol": "https", "http_headers": {"User-Agent": "Mozilla/5.0 (Windows NT 10.0; Win64; x64) AppleWebKit/537.36 (KHTML, like Gecko) Chrome/69.0.3497.117 Safari/537.36", "Accept-Charset": "ISO-8859-1,utf-8;q=0.7,*;q=0.7", "Accept": "text/html,application/xhtml+xml,application/xml;q=0.9,*/*;q=0.8", "Accept-Encoding": "gzip, deflate", "Accept-Language": "en-us,en;q=0.5"}}, {"format_id": "134", "url": "https://r7---sn-5njj-u2xl.googlevideo.com/videoplayback?expire=1612299216&ei=cGcZYKSGCYvFgQPv6p_gCg&ip=140.109.135.76&id=o-AE1nrN0LCzHEMLelh778be82jp903lyqpRmipYXeA_sd&itag=134&aitags=133%2C134%2C135%2C136%2C137%2C160%2C242%2C243%2C244%2C247%2C248%2C278%2C394%2C395%2C396%2C397%2C398%2C399&source=youtube&requiressl=yes&mh=0H&mm=31%2C29&mn=sn-5njj-u2xl%2Csn-un57sn7s&ms=au%2Crdu&mv=m&mvi=7&pcm2cms=yes&pl=16&initcwndbps=522500&vprv=1&mime=video%2Fmp4&ns=zr4B7z6Rw_iSEa96H17MbqIF&gir=yes&clen=6408299&dur=307.240&lmt=1577530432642095&mt=1612277347&fvip=2&keepalive=yes&c=WEB&txp=5535432&n=Nbosok81mTCIn0Z8I&sparams=expire%2Cei%2Cip%2Cid%2Caitags%2Csource%2Crequiressl%2Cvprv%2Cmime%2Cns%2Cgir%2Cclen%2Cdur%2Clmt&sig=AOq0QJ8wRQIgAYpHlNT2_6aiOMBuWO2jt0bRsrcE_prCVlh8ykskcmQCIQD7DhgHqER8_Ui4u2bhD2MUy7v_EUgKrsZvYw2P68Xw2A%3D%3D&lsparams=mh%2Cmm%2Cmn%2Cms%2Cmv%2Cmvi%2Cpcm2cms%2Cpl%2Cinitcwndbps&lsig=AG3C_xAwRgIhAPT7ZWqEvtrmwZFdWfgLyk89iH0ZhrKsKXrpNrRjAvDxAiEAyUs5ItqhQji3siZcqo1WjFdBj_PBYSsrQnn7wAMwyf0%3D&ratebypass=yes", "player_url": null, "ext": "mp4", "height": 360, "format_note": "360p", "vcodec": "avc1.4d401e", "asr": null, "filesize": 6408299, "fps": 25, "tbr": 228.707, "width": 640, "acodec": "none", "downloader_options": {"http_chunk_size": 10485760}, "format": "134 - 640x360 (360p)", "protocol": "https", "http_headers": {"User-Agent": "Mozilla/5.0 (Windows NT 10.0; Win64; x64) AppleWebKit/537.36 (KHTML, like Gecko) Chrome/69.0.3497.117 Safari/537.36", "Accept-Charset": "ISO-8859-1,utf-8;q=0.7,*;q=0.7", "Accept": "text/html,application/xhtml+xml,application/xml;q=0.9,*/*;q=0.8", "Accept-Encoding": "gzip, deflate", "Accept-Language": "en-us,en;q=0.5"}}, {"format_id": "396", "url": "https://r7---sn-5njj-u2xl.googlevideo.com/videoplayback?expire=1612299216&ei=cGcZYKSGCYvFgQPv6p_gCg&ip=140.109.135.76&id=o-AE1nrN0LCzHEMLelh778be82jp903lyqpRmipYXeA_sd&itag=396&aitags=133%2C134%2C135%2C136%2C137%2C160%2C242%2C243%2C244%2C247%2C248%2C278%2C394%2C395%2C396%2C397%2C398%2C399&source=youtube&requiressl=yes&mh=0H&mm=31%2C29&mn=sn-5njj-u2xl%2Csn-un57sn7s&ms=au%2Crdu&mv=m&mvi=7&pcm2cms=yes&pl=16&initcwndbps=522500&vprv=1&mime=video%2Fmp4&ns=zr4B7z6Rw_iSEa96H17MbqIF&gir=yes&clen=11144995&dur=307.240&lmt=1589191678252025&mt=1612277347&fvip=2&keepalive=yes&c=WEB&txp=5531432&n=Nbosok81mTCIn0Z8I&sparams=expire%2Cei%2Cip%2Cid%2Caitags%2Csource%2Crequiressl%2Cvprv%2Cmime%2Cns%2Cgir%2Cclen%2Cdur%2Clmt&sig=AOq0QJ8wRQIhAOyKsDbcf_iKzonCHuxvVEsZzZ4qFquEoTtGKC-MS_8aAiAE5kFBQ7gUPAROP4pR-_woYr-_eAi4_IOzCdrc2JjP_Q%3D%3D&lsparams=mh%2Cmm%2Cmn%2Cms%2Cmv%2Cmvi%2Cpcm2cms%2Cpl%2Cinitcwndbps&lsig=AG3C_xAwRgIhAPT7ZWqEvtrmwZFdWfgLyk89iH0ZhrKsKXrpNrRjAvDxAiEAyUs5ItqhQji3siZcqo1WjFdBj_PBYSsrQnn7wAMwyf0%3D&ratebypass=yes", "player_url": null, "acodec": "none", "vcodec": "av01.0.01M.08", "asr": null, "filesize": 11144995, "format_note": "360p", "fps": 25, "height": 360, "tbr": 345.4, "width": 640, "ext": "mp4", "downloader_options": {"http_chunk_size": 10485760}, "format": "396 - 640x360 (360p)", "protocol": "https", "http_headers": {"User-Agent": "Mozilla/5.0 (Windows NT 10.0; Win64; x64) AppleWebKit/537.36 (KHTML, like Gecko) Chrome/69.0.3497.117 Safari/537.36", "Accept-Charset": "ISO-8859-1,utf-8;q=0.7,*;q=0.7", "Accept": "text/html,application/xhtml+xml,application/xml;q=0.9,*/*;q=0.8", "Accept-Encoding": "gzip, deflate", "Accept-Language": "en-us,en;q=0.5"}}, {"format_id": "243", "url": "https://r7---sn-5njj-u2xl.googlevideo.com/videoplayback?expire=1612299216&ei=cGcZYKSGCYvFgQPv6p_gCg&ip=140.109.135.76&id=o-AE1nrN0LCzHEMLelh778be82jp903lyqpRmipYXeA_sd&itag=243&aitags=133%2C134%2C135%2C136%2C137%2C160%2C242%2C243%2C244%2C247%2C248%2C278%2C394%2C395%2C396%2C397%2C398%2C399&source=youtube&requiressl=yes&mh=0H&mm=31%2C29&mn=sn-5njj-u2xl%2Csn-un57sn7s&ms=au%2Crdu&mv=m&mvi=7&pcm2cms=yes&pl=16&initcwndbps=522500&vprv=1&mime=video%2Fwebm&ns=zr4B7z6Rw_iSEa96H17MbqIF&gir=yes&clen=10399389&dur=307.240&lmt=1577530658761918&mt=1612277347&fvip=2&keepalive=yes&c=WEB&txp=5535432&n=Nbosok81mTCIn0Z8I&sparams=expire%2Cei%2Cip%2Cid%2Caitags%2Csource%2Crequiressl%2Cvprv%2Cmime%2Cns%2Cgir%2Cclen%2Cdur%2Clmt&sig=AOq0QJ8wRAIgYmtnFx0A_gfNEaaukByKQ7zu-VOgodEX7Wh2oZtnuPcCICpm2apWapmWaYYPSXIzyct6D_DcQiaTJN3NSDNZEkwN&lsparams=mh%2Cmm%2Cmn%2Cms%2Cmv%2Cmvi%2Cpcm2cms%2Cpl%2Cinitcwndbps&lsig=AG3C_xAwRgIhAPT7ZWqEvtrmwZFdWfgLyk89iH0ZhrKsKXrpNrRjAvDxAiEAyUs5ItqhQji3siZcqo1WjFdBj_PBYSsrQnn7wAMwyf0%3D&ratebypass=yes", "player_url": null, "ext": "webm", "height": 360, "format_note": "360p", "vcodec": "vp9", "asr": null, "filesize": 10399389, "fps": 25, "tbr": 394.975, "width": 640, "acodec": "none", "downloader_options": {"http_chunk_size": 10485760}, "format": "243 - 640x360 (360p)", "protocol": "https", "http_headers": {"User-Agent": "Mozilla/5.0 (Windows NT 10.0; Win64; x64) AppleWebKit/537.36 (KHTML, like Gecko) Chrome/69.0.3497.117 Safari/537.36", "Accept-Charset": "ISO-8859-1,utf-8;q=0.7,*;q=0.7", "Accept": "text/html,application/xhtml+xml,application/xml;q=0.9,*/*;q=0.8", "Accept-Encoding": "gzip, deflate", "Accept-Language": "en-us,en;q=0.5"}}, {"format_id": "135", "url": "https://r7---sn-5njj-u2xl.googlevideo.com/videoplayback?expire=1612299216&ei=cGcZYKSGCYvFgQPv6p_gCg&ip=140.109.135.76&id=o-AE1nrN0LCzHEMLelh778be82jp903lyqpRmipYXeA_sd&itag=135&aitags=133%2C134%2C135%2C136%2C137%2C160%2C242%2C243%2C244%2C247%2C248%2C278%2C394%2C395%2C396%2C397%2C398%2C399&source=youtube&requiressl=yes&mh=0H&mm=31%2C29&mn=sn-5njj-u2xl%2Csn-un57sn7s&ms=au%2Crdu&mv=m&mvi=7&pcm2cms=yes&pl=16&initcwndbps=522500&vprv=1&mime=video%2Fmp4&ns=zr4B7z6Rw_iSEa96H17MbqIF&gir=yes&clen=11464396&dur=307.240&lmt=1577530432642485&mt=1612277347&fvip=2&keepalive=yes&c=WEB&txp=5535432&n=Nbosok81mTCIn0Z8I&sparams=expire%2Cei%2Cip%2Cid%2Caitags%2Csource%2Crequiressl%2Cvprv%2Cmime%2Cns%2Cgir%2Cclen%2Cdur%2Clmt&sig=AOq0QJ8wRgIhAL5gAFy0QQYN5qSrrf8BEb8Tm2IkRokRBjFiC86Rx2I1AiEA2MUq_YEEyTTRSy6DKsOFAUkGtuKeNdNuQBpHnnxCb5E%3D&lsparams=mh%2Cmm%2Cmn%2Cms%2Cmv%2Cmvi%2Cpcm2cms%2Cpl%2Cinitcwndbps&lsig=AG3C_xAwRgIhAPT7ZWqEvtrmwZFdWfgLyk89iH0ZhrKsKXrpNrRjAvDxAiEAyUs5ItqhQji3siZcqo1WjFdBj_PBYSsrQnn7wAMwyf0%3D&ratebypass=yes", "player_url": null, "ext": "mp4", "height": 480, "format_note": "480p", "vcodec": "avc1.4d401e", "asr": null, "filesize": 11464396, "fps": 25, "tbr": 405.969, "width": 854, "acodec": "none", "downloader_options": {"http_chunk_size": 10485760}, "format": "135 - 854x480 (480p)", "protocol": "https", "http_headers": {"User-Agent": "Mozilla/5.0 (Windows NT 10.0; Win64; x64) AppleWebKit/537.36 (KHTML, like Gecko) Chrome/69.0.3497.117 Safari/537.36", "Accept-Charset": "ISO-8859-1,utf-8;q=0.7,*;q=0.7", "Accept": "text/html,application/xhtml+xml,application/xml;q=0.9,*/*;q=0.8", "Accept-Encoding": "gzip, deflate", "Accept-Language": "en-us,en;q=0.5"}}, {"format_id": "397", "url": "https://r7---sn-5njj-u2xl.googlevideo.com/videoplayback?expire=1612299216&ei=cGcZYKSGCYvFgQPv6p_gCg&ip=140.109.135.76&id=o-AE1nrN0LCzHEMLelh778be82jp903lyqpRmipYXeA_sd&itag=397&aitags=133%2C134%2C135%2C136%2C137%2C160%2C242%2C243%2C244%2C247%2C248%2C278%2C394%2C395%2C396%2C397%2C398%2C399&source=youtube&requiressl=yes&mh=0H&mm=31%2C29&mn=sn-5njj-u2xl%2Csn-un57sn7s&ms=au%2Crdu&mv=m&mvi=7&pcm2cms=yes&pl=16&initcwndbps=522500&vprv=1&mime=video%2Fmp4&ns=zr4B7z6Rw_iSEa96H17MbqIF&gir=yes&clen=21169109&dur=307.240&lmt=1589192441597340&mt=1612277347&fvip=2&keepalive=yes&c=WEB&txp=5531432&n=Nbosok81mTCIn0Z8I&sparams=expire%2Cei%2Cip%2Cid%2Caitags%2Csource%2Crequiressl%2Cvprv%2Cmime%2Cns%2Cgir%2Cclen%2Cdur%2Clmt&sig=AOq0QJ8wRQIgQDtxuQT7GxFeZ4FKwuAwo13RWNXrVJehSWld8eYkVnwCIQDDJtr3wvr6PpGno7sLB2pYlUBx0yasqA3WTPrBHQHaAg%3D%3D&lsparams=mh%2Cmm%2Cmn%2Cms%2Cmv%2Cmvi%2Cpcm2cms%2Cpl%2Cinitcwndbps&lsig=AG3C_xAwRgIhAPT7ZWqEvtrmwZFdWfgLyk89iH0ZhrKsKXrpNrRjAvDxAiEAyUs5ItqhQji3siZcqo1WjFdBj_PBYSsrQnn7wAMwyf0%3D&ratebypass=yes", "player_url": null, "acodec": "none", "vcodec": "av01.0.04M.08", "asr": null, "filesize": 21169109, "format_note": "480p", "fps": 25, "height": 480, "tbr": 615.472, "width": 854, "ext": "mp4", "downloader_options": {"http_chunk_size": 10485760}, "format": "397 - 854x480 (480p)", "protocol": "https", "http_headers": {"User-Agent": "Mozilla/5.0 (Windows NT 10.0; Win64; x64) AppleWebKit/537.36 (KHTML, like Gecko) Chrome/69.0.3497.117 Safari/537.36", "Accept-Charset": "ISO-8859-1,utf-8;q=0.7,*;q=0.7", "Accept": "text/html,application/xhtml+xml,application/xml;q=0.9,*/*;q=0.8", "Accept-Encoding": "gzip, deflate", "Accept-Language": "en-us,en;q=0.5"}}, {"format_id": "244", "url": "https://r7---sn-5njj-u2xl.googlevideo.com/videoplayback?expire=1612299216&ei=cGcZYKSGCYvFgQPv6p_gCg&ip=140.109.135.76&id=o-AE1nrN0LCzHEMLelh778be82jp903lyqpRmipYXeA_sd&itag=244&aitags=133%2C134%2C135%2C136%2C137%2C160%2C242%2C243%2C244%2C247%2C248%2C278%2C394%2C395%2C396%2C397%2C398%2C399&source=youtube&requiressl=yes&mh=0H&mm=31%2C29&mn=sn-5njj-u2xl%2Csn-un57sn7s&ms=au%2Crdu&mv=m&mvi=7&pcm2cms=yes&pl=16&initcwndbps=522500&vprv=1&mime=video%2Fwebm&ns=zr4B7z6Rw_iSEa96H17MbqIF&gir=yes&clen=17760072&dur=307.240&lmt=1577530658761368&mt=1612277347&fvip=2&keepalive=yes&c=WEB&txp=5535432&n=Nbosok81mTCIn0Z8I&sparams=expire%2Cei%2Cip%2Cid%2Caitags%2Csource%2Crequiressl%2Cvprv%2Cmime%2Cns%2Cgir%2Cclen%2Cdur%2Clmt&sig=AOq0QJ8wRQIgfERkym0Q6oXF-Y44Gq2FhqmTO9yiTG3rYCasdy0lYrECIQDXWmaOX7EDveGihtfTtkKui8g9cYLEETy5m-_6zUW5hw%3D%3D&lsparams=mh%2Cmm%2Cmn%2Cms%2Cmv%2Cmvi%2Cpcm2cms%2Cpl%2Cinitcwndbps&lsig=AG3C_xAwRgIhAPT7ZWqEvtrmwZFdWfgLyk89iH0ZhrKsKXrpNrRjAvDxAiEAyUs5ItqhQji3siZcqo1WjFdBj_PBYSsrQnn7wAMwyf0%3D&ratebypass=yes", "player_url": null, "ext": "webm", "height": 480, "format_note": "480p", "vcodec": "vp9", "asr": null, "filesize": 17760072, "fps": 25, "tbr": 683.497, "width": 854, "acodec": "none", "downloader_options": {"http_chunk_size": 10485760}, "format": "244 - 854x480 (480p)", "protocol": "https", "http_headers": {"User-Agent": "Mozilla/5.0 (Windows NT 10.0; Win64; x64) AppleWebKit/537.36 (KHTML, like Gecko) Chrome/69.0.3497.117 Safari/537.36", "Accept-Charset": "ISO-8859-1,utf-8;q=0.7,*;q=0.7", "Accept": "text/html,application/xhtml+xml,application/xml;q=0.9,*/*;q=0.8", "Accept-Encoding": "gzip, deflate", "Accept-Language": "en-us,en;q=0.5"}}, {"format_id": "136", "url": "https://r7---sn-5njj-u2xl.googlevideo.com/videoplayback?expire=1612299216&ei=cGcZYKSGCYvFgQPv6p_gCg&ip=140.109.135.76&id=o-AE1nrN0LCzHEMLelh778be82jp903lyqpRmipYXeA_sd&itag=136&aitags=133%2C134%2C135%2C136%2C137%2C160%2C242%2C243%2C244%2C247%2C248%2C278%2C394%2C395%2C396%2C397%2C398%2C399&source=youtube&requiressl=yes&mh=0H&mm=31%2C29&mn=sn-5njj-u2xl%2Csn-un57sn7s&ms=au%2Crdu&mv=m&mvi=7&pcm2cms=yes&pl=16&initcwndbps=522500&vprv=1&mime=video%2Fmp4&ns=zr4B7z6Rw_iSEa96H17MbqIF&gir=yes&clen=26431726&dur=307.240&lmt=1577530432642004&mt=1612277347&fvip=2&keepalive=yes&c=WEB&txp=5535432&n=Nbosok81mTCIn0Z8I&sparams=expire%2Cei%2Cip%2Cid%2Caitags%2Csource%2Crequiressl%2Cvprv%2Cmime%2Cns%2Cgir%2Cclen%2Cdur%2Clmt&sig=AOq0QJ8wRQIhAP8fAaVtL8CoTQYunJBK5L6rk0l2J-jEhd7em8ftEmL1AiBJgy80C2PQecCkjgbPTmZEkZ5z_I9EGr7Jwv9GENr7iw%3D%3D&lsparams=mh%2Cmm%2Cmn%2Cms%2Cmv%2Cmvi%2Cpcm2cms%2Cpl%2Cinitcwndbps&lsig=AG3C_xAwRgIhAPT7ZWqEvtrmwZFdWfgLyk89iH0ZhrKsKXrpNrRjAvDxAiEAyUs5ItqhQji3siZcqo1WjFdBj_PBYSsrQnn7wAMwyf0%3D&ratebypass=yes", "player_url": null, "ext": "mp4", "height": 720, "format_note": "720p", "vcodec": "avc1.4d401f", "asr": null, "filesize": 26431726, "fps": 25, "tbr": 899.952, "width": 1280, "acodec": "none", "downloader_options": {"http_chunk_size": 10485760}, "format": "136 - 1280x720 (720p)", "protocol": "https", "http_headers": {"User-Agent": "Mozilla/5.0 (Windows NT 10.0; Win64; x64) AppleWebKit/537.36 (KHTML, like Gecko) Chrome/69.0.3497.117 Safari/537.36", "Accept-Charset": "ISO-8859-1,utf-8;q=0.7,*;q=0.7", "Accept": "text/html,application/xhtml+xml,application/xml;q=0.9,*/*;q=0.8", "Accept-Encoding": "gzip, deflate", "Accept-Language": "en-us,en;q=0.5"}}, {"format_id": "398", "url": "https://r7---sn-5njj-u2xl.googlevideo.com/videoplayback?expire=1612299216&ei=cGcZYKSGCYvFgQPv6p_gCg&ip=140.109.135.76&id=o-AE1nrN0LCzHEMLelh778be82jp903lyqpRmipYXeA_sd&itag=398&aitags=133%2C134%2C135%2C136%2C137%2C160%2C242%2C243%2C244%2C247%2C248%2C278%2C394%2C395%2C396%2C397%2C398%2C399&source=youtube&requiressl=yes&mh=0H&mm=31%2C29&mn=sn-5njj-u2xl%2Csn-un57sn7s&ms=au%2Crdu&mv=m&mvi=7&pcm2cms=yes&pl=16&initcwndbps=522500&vprv=1&mime=video%2Fmp4&ns=zr4B7z6Rw_iSEa96H17MbqIF&gir=yes&clen=43888042&dur=307.240&lmt=1589193574483874&mt=1612277347&fvip=2&keepalive=yes&c=WEB&txp=5531432&n=Nbosok81mTCIn0Z8I&sparams=expire%2Cei%2Cip%2Cid%2Caitags%2Csource%2Crequiressl%2Cvprv%2Cmime%2Cns%2Cgir%2Cclen%2Cdur%2Clmt&sig=AOq0QJ8wRQIgBC-FBaHA8nX6hsHRzdEY09ioa-az-JvGfv8vMbfflAsCIQDz4cDimkOC3WQ8ZXEGA-Av2jd8Py-4YHZMXR_SufCTQg%3D%3D&lsparams=mh%2Cmm%2Cmn%2Cms%2Cmv%2Cmvi%2Cpcm2cms%2Cpl%2Cinitcwndbps&lsig=AG3C_xAwRgIhAPT7ZWqEvtrmwZFdWfgLyk89iH0ZhrKsKXrpNrRjAvDxAiEAyUs5ItqhQji3siZcqo1WjFdBj_PBYSsrQnn7wAMwyf0%3D&ratebypass=yes", "player_url": null, "asr": null, "filesize": 43888042, "format_note": "720p", "fps": 25, "height": 720, "tbr": 1251.328, "width": 1280, "ext": "mp4", "vcodec": "av01.0.05M.08", "acodec": "none", "downloader_options": {"http_chunk_size": 10485760}, "format": "398 - 1280x720 (720p)", "protocol": "https", "http_headers": {"User-Agent": "Mozilla/5.0 (Windows NT 10.0; Win64; x64) AppleWebKit/537.36 (KHTML, like Gecko) Chrome/69.0.3497.117 Safari/537.36", "Accept-Charset": "ISO-8859-1,utf-8;q=0.7,*;q=0.7", "Accept": "text/html,application/xhtml+xml,application/xml;q=0.9,*/*;q=0.8", "Accept-Encoding": "gzip, deflate", "Accept-Language": "en-us,en;q=0.5"}}, {"format_id": "247", "url": "https://r7---sn-5njj-u2xl.googlevideo.com/videoplayback?expire=1612299216&ei=cGcZYKSGCYvFgQPv6p_gCg&ip=140.109.135.76&id=o-AE1nrN0LCzHEMLelh778be82jp903lyqpRmipYXeA_sd&itag=247&aitags=133%2C134%2C135%2C136%2C137%2C160%2C242%2C243%2C244%2C247%2C248%2C278%2C394%2C395%2C396%2C397%2C398%2C399&source=youtube&requiressl=yes&mh=0H&mm=31%2C29&mn=sn-5njj-u2xl%2Csn-un57sn7s&ms=au%2Crdu&mv=m&mvi=7&pcm2cms=yes&pl=16&initcwndbps=522500&vprv=1&mime=video%2Fwebm&ns=zr4B7z6Rw_iSEa96H17MbqIF&gir=yes&clen=39338081&dur=307.240&lmt=1577530658762767&mt=1612277347&fvip=2&keepalive=yes&c=WEB&txp=5535432&n=Nbosok81mTCIn0Z8I&sparams=expire%2Cei%2Cip%2Cid%2Caitags%2Csource%2Crequiressl%2Cvprv%2Cmime%2Cns%2Cgir%2Cclen%2Cdur%2Clmt&sig=AOq0QJ8wRAIgUDArnYviFuFAJLLqaXRvEPuXodWiTyShPSrGAy5Fdm0CIFYqTMeSzoxbTSq8HoQ1JUAU80QF0DJEyFsAAq2Htqgk&lsparams=mh%2Cmm%2Cmn%2Cms%2Cmv%2Cmvi%2Cpcm2cms%2Cpl%2Cinitcwndbps&lsig=AG3C_xAwRgIhAPT7ZWqEvtrmwZFdWfgLyk89iH0ZhrKsKXrpNrRjAvDxAiEAyUs5ItqhQji3siZcqo1WjFdBj_PBYSsrQnn7wAMwyf0%3D&ratebypass=yes", "player_url": null, "ext": "webm", "height": 720, "format_note": "720p", "vcodec": "vp9", "asr": null, "filesize": 39338081, "fps": 25, "tbr": 1403.719, "width": 1280, "acodec": "none", "downloader_options": {"http_chunk_size": 10485760}, "format": "247 - 1280x720 (720p)", "protocol": "https", "http_headers": {"User-Agent": "Mozilla/5.0 (Windows NT 10.0; Win64; x64) AppleWebKit/537.36 (KHTML, like Gecko) Chrome/69.0.3497.117 Safari/537.36", "Accept-Charset": "ISO-8859-1,utf-8;q=0.7,*;q=0.7", "Accept": "text/html,application/xhtml+xml,application/xml;q=0.9,*/*;q=0.8", "Accept-Encoding": "gzip, deflate", "Accept-Language": "en-us,en;q=0.5"}}, {"format_id": "399", "url": "https://r7---sn-5njj-u2xl.googlevideo.com/videoplayback?expire=1612299216&ei=cGcZYKSGCYvFgQPv6p_gCg&ip=140.109.135.76&id=o-AE1nrN0LCzHEMLelh778be82jp903lyqpRmipYXeA_sd&itag=399&aitags=133%2C134%2C135%2C136%2C137%2C160%2C242%2C243%2C244%2C247%2C248%2C278%2C394%2C395%2C396%2C397%2C398%2C399&source=youtube&requiressl=yes&mh=0H&mm=31%2C29&mn=sn-5njj-u2xl%2Csn-un57sn7s&ms=au%2Crdu&mv=m&mvi=7&pcm2cms=yes&pl=16&initcwndbps=522500&vprv=1&mime=video%2Fmp4&ns=zr4B7z6Rw_iSEa96H17MbqIF&gir=yes&clen=77375813&dur=307.240&lmt=1589193740315632&mt=1612277347&fvip=2&keepalive=yes&c=WEB&txp=5531432&n=Nbosok81mTCIn0Z8I&sparams=expire%2Cei%2Cip%2Cid%2Caitags%2Csource%2Crequiressl%2Cvprv%2Cmime%2Cns%2Cgir%2Cclen%2Cdur%2Clmt&sig=AOq0QJ8wRgIhAK7woHQu9KptwCg8YOkJWOqJ0zg2s1o4bhIkS9Fbw7m8AiEA3nQiyUqyU94IBh8H6XLCemyDN9yEGFhGUcY6K4SGfVA%3D&lsparams=mh%2Cmm%2Cmn%2Cms%2Cmv%2Cmvi%2Cpcm2cms%2Cpl%2Cinitcwndbps&lsig=AG3C_xAwRgIhAPT7ZWqEvtrmwZFdWfgLyk89iH0ZhrKsKXrpNrRjAvDxAiEAyUs5ItqhQji3siZcqo1WjFdBj_PBYSsrQnn7wAMwyf0%3D&ratebypass=yes", "player_url": null, "asr": null, "filesize": 77375813, "format_note": "1080p", "fps": 25, "height": 1080, "tbr": 2181.7, "width": 1920, "ext": "mp4", "vcodec": "av01.0.08M.08", "acodec": "none", "downloader_options": {"http_chunk_size": 10485760}, "format": "399 - 1920x1080 (1080p)", "protocol": "https", "http_headers": {"User-Agent": "Mozilla/5.0 (Windows NT 10.0; Win64; x64) AppleWebKit/537.36 (KHTML, like Gecko) Chrome/69.0.3497.117 Safari/537.36", "Accept-Charset": "ISO-8859-1,utf-8;q=0.7,*;q=0.7", "Accept": "text/html,application/xhtml+xml,application/xml;q=0.9,*/*;q=0.8", "Accept-Encoding": "gzip, deflate", "Accept-Language": "en-us,en;q=0.5"}}, {"format_id": "248", "url": "https://r7---sn-5njj-u2xl.googlevideo.com/videoplayback?expire=1612299216&ei=cGcZYKSGCYvFgQPv6p_gCg&ip=140.109.135.76&id=o-AE1nrN0LCzHEMLelh778be82jp903lyqpRmipYXeA_sd&itag=248&aitags=133%2C134%2C135%2C136%2C137%2C160%2C242%2C243%2C244%2C247%2C248%2C278%2C394%2C395%2C396%2C397%2C398%2C399&source=youtube&requiressl=yes&mh=0H&mm=31%2C29&mn=sn-5njj-u2xl%2Csn-un57sn7s&ms=au%2Crdu&mv=m&mvi=7&pcm2cms=yes&pl=16&initcwndbps=522500&vprv=1&mime=video%2Fwebm&ns=zr4B7z6Rw_iSEa96H17MbqIF&gir=yes&clen=95956987&dur=307.240&lmt=1577530606308778&mt=1612277347&fvip=2&keepalive=yes&c=WEB&txp=5535432&n=Nbosok81mTCIn0Z8I&sparams=expire%2Cei%2Cip%2Cid%2Caitags%2Csource%2Crequiressl%2Cvprv%2Cmime%2Cns%2Cgir%2Cclen%2Cdur%2Clmt&sig=AOq0QJ8wRAIgdpq7uH2dt02TooVIB5LTSgz01UDwLIMj7dFWfpkoBNACIBrvRHIbovyV2vAWqaeIfnGyOLZ6TUvUtaoULLsgRs4w&lsparams=mh%2Cmm%2Cmn%2Cms%2Cmv%2Cmvi%2Cpcm2cms%2Cpl%2Cinitcwndbps&lsig=AG3C_xAwRgIhAPT7ZWqEvtrmwZFdWfgLyk89iH0ZhrKsKXrpNrRjAvDxAiEAyUs5ItqhQji3siZcqo1WjFdBj_PBYSsrQnn7wAMwyf0%3D&ratebypass=yes", "player_url": null, "ext": "webm", "height": 1080, "format_note": "1080p", "vcodec": "vp9", "asr": null, "filesize": 95956987, "fps": 25, "tbr": 2664.015, "width": 1920, "acodec": "none", "downloader_options": {"http_chunk_size": 10485760}, "format": "248 - 1920x1080 (1080p)", "protocol": "https", "http_headers": {"User-Agent": "Mozilla/5.0 (Windows NT 10.0; Win64; x64) AppleWebKit/537.36 (KHTML, like Gecko) Chrome/69.0.3497.117 Safari/537.36", "Accept-Charset": "ISO-8859-1,utf-8;q=0.7,*;q=0.7", "Accept": "text/html,application/xhtml+xml,application/xml;q=0.9,*/*;q=0.8", "Accept-Encoding": "gzip, deflate", "Accept-Language": "en-us,en;q=0.5"}}, {"format_id": "137", "url": "https://r7---sn-5njj-u2xl.googlevideo.com/videoplayback?expire=1612299216&ei=cGcZYKSGCYvFgQPv6p_gCg&ip=140.109.135.76&id=o-AE1nrN0LCzHEMLelh778be82jp903lyqpRmipYXeA_sd&itag=137&aitags=133%2C134%2C135%2C136%2C137%2C160%2C242%2C243%2C244%2C247%2C248%2C278%2C394%2C395%2C396%2C397%2C398%2C399&source=youtube&requiressl=yes&mh=0H&mm=31%2C29&mn=sn-5njj-u2xl%2Csn-un57sn7s&ms=au%2Crdu&mv=m&mvi=7&pcm2cms=yes&pl=16&initcwndbps=522500&vprv=1&mime=video%2Fmp4&ns=zr4B7z6Rw_iSEa96H17MbqIF&gir=yes&clen=125234428&dur=307.240&lmt=1577530423338812&mt=1612277347&fvip=2&keepalive=yes&c=WEB&txp=5535432&n=Nbosok81mTCIn0Z8I&sparams=expire%2Cei%2Cip%2Cid%2Caitags%2Csource%2Crequiressl%2Cvprv%2Cmime%2Cns%2Cgir%2Cclen%2Cdur%2Clmt&sig=AOq0QJ8wRQIgeejRnaszKHoL1dT7hrXpl7OnijwJn7PJLeNag6kwaNgCIQDuBxiLynE2fb-owiaSOkOFHehSuJNjOGoqc8wtIXOEqA%3D%3D&lsparams=mh%2Cmm%2Cmn%2Cms%2Cmv%2Cmvi%2Cpcm2cms%2Cpl%2Cinitcwndbps&lsig=AG3C_xAwRgIhAPT7ZWqEvtrmwZFdWfgLyk89iH0ZhrKsKXrpNrRjAvDxAiEAyUs5ItqhQji3siZcqo1WjFdBj_PBYSsrQnn7wAMwyf0%3D&ratebypass=yes", "player_url": null, "ext": "mp4", "height": 1080, "format_note": "1080p", "vcodec": "avc1.640028", "asr": null, "filesize": 125234428, "fps": 25, "tbr": 4022.45, "width": 1920, "acodec": "none", "downloader_options": {"http_chunk_size": 10485760}, "format": "137 - 1920x1080 (1080p)", "protocol": "https", "http_headers": {"User-Agent": "Mozilla/5.0 (Windows NT 10.0; Win64; x64) AppleWebKit/537.36 (KHTML, like Gecko) Chrome/69.0.3497.117 Safari/537.36", "Accept-Charset": "ISO-8859-1,utf-8;q=0.7,*;q=0.7", "Accept": "text/html,application/xhtml+xml,application/xml;q=0.9,*/*;q=0.8", "Accept-Encoding": "gzip, deflate", "Accept-Language": "en-us,en;q=0.5"}}, {"format_id": "18", "url": "https://r7---sn-5njj-u2xl.googlevideo.com/videoplayback?expire=1612299216&ei=cGcZYKSGCYvFgQPv6p_gCg&ip=140.109.135.76&id=o-AE1nrN0LCzHEMLelh778be82jp903lyqpRmipYXeA_sd&itag=18&source=youtube&requiressl=yes&mh=0H&mm=31%2C29&mn=sn-5njj-u2xl%2Csn-un57sn7s&ms=au%2Crdu&mv=m&mvi=7&pcm2cms=yes&pl=16&initcwndbps=522500&vprv=1&mime=video%2Fmp4&ns=w7mauWCLMt2h6MN3AewCeMAF&gir=yes&clen=20287018&ratebypass=yes&dur=307.292&lmt=1577530032851104&mt=1612277347&fvip=2&c=WEB&txp=5531432&n=5M4Sx9zmklNH9r8Tm&sparams=expire%2Cei%2Cip%2Cid%2Citag%2Csource%2Crequiressl%2Cvprv%2Cmime%2Cns%2Cgir%2Cclen%2Cratebypass%2Cdur%2Clmt&sig=AOq0QJ8wRQIgNVHMiDCVA7Axa0uv93uqlcrjNcXVjuVhTDSTm4aQhwgCIQDb980mQLBy-AlDFCyl7Dvlzq2nOzCF0-_8GD1Wo4bLsQ%3D%3D&lsparams=mh%2Cmm%2Cmn%2Cms%2Cmv%2Cmvi%2Cpcm2cms%2Cpl%2Cinitcwndbps&lsig=AG3C_xAwRgIhAPT7ZWqEvtrmwZFdWfgLyk89iH0ZhrKsKXrpNrRjAvDxAiEAyUs5ItqhQji3siZcqo1WjFdBj_PBYSsrQnn7wAMwyf0%3D", "player_url": null, "ext": "mp4", "width": 640, "height": 360, "acodec": "mp4a.40.2", "abr": 96, "vcodec": "avc1.42001E", "asr": 44100, "filesize": 20287018, "format_note": "360p", "fps": 25, "tbr": 528.238, "format": "18 - 640x360 (360p)", "protocol": "https", "http_headers": {"User-Agent": "Mozilla/5.0 (Windows NT 10.0; Win64; x64) AppleWebKit/537.36 (KHTML, like Gecko) Chrome/69.0.3497.117 Safari/537.36", "Accept-Charset": "ISO-8859-1,utf-8;q=0.7,*;q=0.7", "Accept": "text/html,application/xhtml+xml,application/xml;q=0.9,*/*;q=0.8", "Accept-Encoding": "gzip, deflate", "Accept-Language": "en-us,en;q=0.5"}}], "is_live": null, "start_time": null, "end_time": null, "series": null, "season_number": null, "episode_number": null, "track": null, "artist": null, "album": null, "release_date": null, "release_year": null, "extractor": "youtube", "webpage_url_basename": "watch", "extractor_key": "Youtube", "playlist": null, "playlist_index": null, "thumbnail": "https://i.ytimg.com/vi_webp/snfsc7pEzlk/maxresdefault.webp", "display_id": "snfsc7pEzlk", "requested_subtitles": null, "format_id": "251", "url": "https://r7---sn-5njj-u2xl.googlevideo.com/videoplayback?expire=1612299216&ei=cGcZYKSGCYvFgQPv6p_gCg&ip=140.109.135.76&id=o-AE1nrN0LCzHEMLelh778be82jp903lyqpRmipYXeA_sd&itag=251&source=youtube&requiressl=yes&mh=0H&mm=31%2C29&mn=sn-5njj-u2xl%2Csn-un57sn7s&ms=au%2Crdu&mv=m&mvi=7&pcm2cms=yes&pl=16&initcwndbps=522500&vprv=1&mime=audio%2Fwebm&ns=zr4B7z6Rw_iSEa96H17MbqIF&gir=yes&clen=5438155&dur=307.261&lmt=1577530189633006&mt=1612277347&fvip=2&keepalive=yes&c=WEB&txp=5531432&n=Nbosok81mTCIn0Z8I&sparams=expire%2Cei%2Cip%2Cid%2Citag%2Csource%2Crequiressl%2Cvprv%2Cmime%2Cns%2Cgir%2Cclen%2Cdur%2Clmt&sig=AOq0QJ8wRgIhAK7cH4uagq4OGsrWIGaD0woiqQRFbCiB_tAJPWcBfLS_AiEAriTQjAVdiXWoqUcMrivm3T_LrS1ixE5GzrWJTFpLLXg%3D&lsparams=mh%2Cmm%2Cmn%2Cms%2Cmv%2Cmvi%2Cpcm2cms%2Cpl%2Cinitcwndbps&lsig=AG3C_xAwRgIhAPT7ZWqEvtrmwZFdWfgLyk89iH0ZhrKsKXrpNrRjAvDxAiEAyUs5ItqhQji3siZcqo1WjFdBj_PBYSsrQnn7wAMwyf0%3D&ratebypass=yes", "player_url": null, "ext": "webm", "format_note": "tiny", "acodec": "opus", "abr": 160, "asr": 48000, "filesize": 5438155, "fps": null, "height": null, "tbr": 158.83, "width": null, "vcodec": "none", "downloader_options": {"http_chunk_size": 10485760}, "format": "251 - audio only (tiny)", "protocol": "https", "http_headers": {"User-Agent": "Mozilla/5.0 (Windows NT 10.0; Win64; x64) AppleWebKit/537.36 (KHTML, like Gecko) Chrome/69.0.3497.117 Safari/537.36", "Accept-Charset": "ISO-8859-1,utf-8;q=0.7,*;q=0.7", "Accept": "text/html,application/xhtml+xml,application/xml;q=0.9,*/*;q=0.8", "Accept-Encoding": "gzip, deflate", "Accept-Language": "en-us,en;q=0.5"}}