{"id": "Uu-oRTRT6uQ", "uploader": "Sheet Music Boss", "uploader_id": "UCzTR9iSH-TFC4-ocDS_ll4A", "uploader_url": "http://www.youtube.com/channel/UCzTR9iSH-TFC4-ocDS_ll4A", "channel_id": "UCzTR9iSH-TFC4-ocDS_ll4A", "channel_url": "http://www.youtube.com/channel/UCzTR9iSH-TFC4-ocDS_ll4A", "upload_date": "20200417", "license": null, "creator": null, "title": "Battle Theme (from Final Fantasy X) - Piano Tutorial", "alt_title": null, "thumbnails": [{"url": "https://i.ytimg.com/vi/Uu-oRTRT6uQ/hqdefault.jpg?sqp=-oaymwEbCKgBEF5IVfKriqkDDggBFQAAiEIYAXABwAEG&rs=AOn4CLDYBKCKN_Hwmk_gPnP2vi9uwfLsLg", "width": 168, "height": 94, "resolution": "168x94", "id": "0"}, {"url": "https://i.ytimg.com/vi/Uu-oRTRT6uQ/hqdefault.jpg?sqp=-oaymwEbCMQBEG5IVfKriqkDDggBFQAAiEIYAXABwAEG&rs=AOn4CLCzkm2AqwjRk6ycluitK6NijFKXOg", "width": 196, "height": 110, "resolution": "196x110", "id": "1"}, {"url": "https://i.ytimg.com/vi/Uu-oRTRT6uQ/hqdefault.jpg?sqp=-oaymwEcCPYBEIoBSFXyq4qpAw4IARUAAIhCGAFwAcABBg==&rs=AOn4CLCiQoddKTZiZcIVmb8SaDRshAyG1A", "width": 246, "height": 138, "resolution": "246x138", "id": "2"}, {"url": "https://i.ytimg.com/vi/Uu-oRTRT6uQ/hqdefault.jpg?sqp=-oaymwEcCNACELwBSFXyq4qpAw4IARUAAIhCGAFwAcABBg==&rs=AOn4CLBR42ShjOVOH3P7DkxdcFz42MQ1ug", "width": 336, "height": 188, "resolution": "336x188", "id": "3"}, {"url": "https://i.ytimg.com/vi/Uu-oRTRT6uQ/maxresdefault.jpg", "width": 1920, "height": 1080, "resolution": "1920x1080", "id": "4"}], "description": "\ud83d\ude24\u2694 The perfect music for battle! \ud83c\udfb5\ud83c\udfb9\nSheet music: https://www.musicnotes.com/l/M7RPF SUBSCRIBE for more!\r\nLearn piano with Skoove: https://www.skoove.com/#a_aid=sheetmusicboss\r\nOfficial merch: https://teespring.com/stores/smb\r\nJoin the Discord: https://discord.gg/MJbY7YE\n\nSUBSCRIBE for a new piano tutorial every day from Sheet Music Boss: https://bit.ly/subtoSMB\n\nVideo Games - Piano Tutorials \u27a4 https://bit.ly/3gQp4pA\nImpossible Piano Tutorials from Sheet Music Boss  \u27a4 https://bit.ly/SMBimpossible\nHard Piano Tutorials from Sheet Music Boss  \u27a4 https://bit.ly/SMBhard\nMedium Piano Tutorials from Sheet Music Boss  \u27a4 https://bit.ly/SMBmedium\nEasy Piano Tutorials from Sheet Music Boss  \u27a4 https://bit.ly/SMBeasy\n\r\n\r\nLearn how to play Battle Theme (from Final Fantasy X) by Nobuo Uematsu on piano with this Synthesia piano tutorial! Please enjoy!\r\n\r\nFinal Fantasy X is a role-playing video game developed and published by Square as the tenth entry in the Final Fantasy series. Set in the fantasy world of Spira, a setting influenced by the South Pacific, Thailand, and Japan,the game's story revolves around a group of adventurers and their quest to defeat a rampaging monster known as Sin. The player character is Tidus, a star athlete in the fictional sport of blitzball, who finds himself in Spira after Sin destroys his home city of Zanarkand. Shortly after arriving at Spira, Tidus joins the summoner Yuna on her pilgrimage to destroy Sin. Final Fantasy X replaces the Active Time Battle (ATB) system with the \"Conditional Turn-Based Battle\" (CTB) system, during which you hear this battle theme which uses an intense feel and an odd time signature. As with most battle music this arrangement is inspiring and drives you through the encounter. This piano tutorial is excellent for those looking to experiment with odd time signatures and energetic music!\r\n\r\nThis piano arrangement of Battle Theme (from Final Fantasy X) is fantastic to play! You can learn it with our Synthesia piano tutorial, or from our official Sheet Music Boss sheet music at the top of the description!\r\n\r\nArranged by Andrew Wrangell\nEdited by Samuel Dickenson\r\nDescription by Joshua Anderson\r\nProduced by Andrew Wrangell & Samuel Dickenson\r\n\u25b6 https://sheetmusicboss.com\r\n\r\nGet the newest sheets:\r\n\u25b6 Musicnotes: https://tinyurl.com/smb-musicnotes\r\n\u25b6 Gumroad: https://gumroad.com/sheetmusicboss\n#BattleTheme #FinalFantasyX #PianoTutorial #SheetMusicBoss", "categories": ["Music"], "tags": ["piano tutorial", "sheet music boss", "ffx", "final fantasy x", "ffx piano", "final fantasy x piano", "ffx battle music piano", "ffx battle music piano tutorial", "ffx battle music piano cover", "ffx main battle theme piano", "nobuo uematsu"], "subtitles": {}, "automatic_captions": {}, "duration": 198, "age_limit": 0, "annotations": null, "chapters": null, "webpage_url": "https://www.youtube.com/watch?v=Uu-oRTRT6uQ", "view_count": 49062, "like_count": 1639, "dislike_count": 10, "average_rating": 4.9757428, "formats": [{"format_id": "249", "url": "https://r5---sn-5njj-u2xe.googlevideo.com/videoplayback?expire=1612299240&ei=iGcZYI7aBY6cgAPNprf4DA&ip=140.109.135.76&id=o-ABV_YvDCWMfXA8kcSudlWgZXPbrUt4Eu1uuT1m_KHIvm&itag=249&source=youtube&requiressl=yes&mh=XQ&mm=31%2C29&mn=sn-5njj-u2xe%2Csn-un57sn76&ms=au%2Crdu&mv=m&mvi=5&pl=16&initcwndbps=391250&vprv=1&mime=audio%2Fwebm&ns=AuuYUomAT99RcRyZBxPgtAgF&gir=yes&clen=1359390&dur=197.601&lmt=1587161602420521&mt=1612277347&fvip=5&keepalive=yes&c=WEB&txp=5531432&n=JTdWaofSaMsdcmAfF&sparams=expire%2Cei%2Cip%2Cid%2Citag%2Csource%2Crequiressl%2Cvprv%2Cmime%2Cns%2Cgir%2Cclen%2Cdur%2Clmt&sig=AOq0QJ8wRgIhAM7Ht7cri6FTR_Ecpj2XUUj0ceNYcbK4sQzxVnmatx8yAiEArUvz27Q1wCeQQFjEwCI-Nv47mgdNXvw9GcVbhkuMYnE%3D&lsparams=mh%2Cmm%2Cmn%2Cms%2Cmv%2Cmvi%2Cpl%2Cinitcwndbps&lsig=AG3C_xAwRQIgI5cZWyugNAZxza32UNP7qpADfD7nKboaxw3lCL8sANQCIQCy5Bz4evzGldYVvTBqf89GYpia3Oiy0gJkFNnJV6WWpA%3D%3D&ratebypass=yes", "player_url": null, "ext": "webm", "format_note": "tiny", "acodec": "opus", "abr": 50, "asr": 48000, "filesize": 1359390, "fps": null, "height": null, "tbr": 64.336, "width": null, "vcodec": "none", "downloader_options": {"http_chunk_size": 10485760}, "format": "249 - audio only (tiny)", "protocol": "https", "http_headers": {"User-Agent": "Mozilla/5.0 (Windows NT 10.0; Win64; x64) AppleWebKit/537.36 (KHTML, like Gecko) Chrome/69.0.3497.117 Safari/537.36", "Accept-Charset": "ISO-8859-1,utf-8;q=0.7,*;q=0.7", "Accept": "text/html,application/xhtml+xml,application/xml;q=0.9,*/*;q=0.8", "Accept-Encoding": "gzip, deflate", "Accept-Language": "en-us,en;q=0.5"}}, {"format_id": "250", "url": "https://r5---sn-5njj-u2xe.googlevideo.com/videoplayback?expire=1612299240&ei=iGcZYI7aBY6cgAPNprf4DA&ip=140.109.135.76&id=o-ABV_YvDCWMfXA8kcSudlWgZXPbrUt4Eu1uuT1m_KHIvm&itag=250&source=youtube&requiressl=yes&mh=XQ&mm=31%2C29&mn=sn-5njj-u2xe%2Csn-un57sn76&ms=au%2Crdu&mv=m&mvi=5&pl=16&initcwndbps=391250&vprv=1&mime=audio%2Fwebm&ns=AuuYUomAT99RcRyZBxPgtAgF&gir=yes&clen=1824680&dur=197.601&lmt=1587161601813464&mt=1612277347&fvip=5&keepalive=yes&c=WEB&txp=5531432&n=JTdWaofSaMsdcmAfF&sparams=expire%2Cei%2Cip%2Cid%2Citag%2Csource%2Crequiressl%2Cvprv%2Cmime%2Cns%2Cgir%2Cclen%2Cdur%2Clmt&sig=AOq0QJ8wRQIhAMv_Tu_i36y4yf_b1SDBr5EoHiWnCbZ_SgtByUtpfyGWAiABzzg3Ilmo94W5KDvQdXCXq30fB8crRp5hal3eQ8Gmdg%3D%3D&lsparams=mh%2Cmm%2Cmn%2Cms%2Cmv%2Cmvi%2Cpl%2Cinitcwndbps&lsig=AG3C_xAwRQIgI5cZWyugNAZxza32UNP7qpADfD7nKboaxw3lCL8sANQCIQCy5Bz4evzGldYVvTBqf89GYpia3Oiy0gJkFNnJV6WWpA%3D%3D&ratebypass=yes", "player_url": null, "ext": "webm", "format_note": "tiny", "acodec": "opus", "abr": 70, "asr": 48000, "filesize": 1824680, "fps": null, "height": null, "tbr": 86.012, "width": null, "vcodec": "none", "downloader_options": {"http_chunk_size": 10485760}, "format": "250 - audio only (tiny)", "protocol": "https", "http_headers": {"User-Agent": "Mozilla/5.0 (Windows NT 10.0; Win64; x64) AppleWebKit/537.36 (KHTML, like Gecko) Chrome/69.0.3497.117 Safari/537.36", "Accept-Charset": "ISO-8859-1,utf-8;q=0.7,*;q=0.7", "Accept": "text/html,application/xhtml+xml,application/xml;q=0.9,*/*;q=0.8", "Accept-Encoding": "gzip, deflate", "Accept-Language": "en-us,en;q=0.5"}}, {"format_id": "140", "url": "https://r5---sn-5njj-u2xe.googlevideo.com/videoplayback?expire=1612299240&ei=iGcZYI7aBY6cgAPNprf4DA&ip=140.109.135.76&id=o-ABV_YvDCWMfXA8kcSudlWgZXPbrUt4Eu1uuT1m_KHIvm&itag=140&source=youtube&requiressl=yes&mh=XQ&mm=31%2C29&mn=sn-5njj-u2xe%2Csn-un57sn76&ms=au%2Crdu&mv=m&mvi=5&pl=16&initcwndbps=391250&vprv=1&mime=audio%2Fmp4&ns=AuuYUomAT99RcRyZBxPgtAgF&gir=yes&clen=3199404&dur=197.648&lmt=1587161617349267&mt=1612277347&fvip=5&keepalive=yes&c=WEB&txp=5531432&n=JTdWaofSaMsdcmAfF&sparams=expire%2Cei%2Cip%2Cid%2Citag%2Csource%2Crequiressl%2Cvprv%2Cmime%2Cns%2Cgir%2Cclen%2Cdur%2Clmt&sig=AOq0QJ8wRQIhAJVBuGA1wSDA8rdu2c4Nw6ekZEDdYjS4Spde3imbnfdfAiBzs3nZfpbgYP-xJRAgcZIUqAmvVnRvR-0lNZ_Jc_Rhzg%3D%3D&lsparams=mh%2Cmm%2Cmn%2Cms%2Cmv%2Cmvi%2Cpl%2Cinitcwndbps&lsig=AG3C_xAwRQIgI5cZWyugNAZxza32UNP7qpADfD7nKboaxw3lCL8sANQCIQCy5Bz4evzGldYVvTBqf89GYpia3Oiy0gJkFNnJV6WWpA%3D%3D&ratebypass=yes", "player_url": null, "ext": "m4a", "format_note": "tiny", "acodec": "mp4a.40.2", "abr": 128, "container": "m4a_dash", "asr": 44100, "filesize": 3199404, "fps": null, "height": null, "tbr": 130.482, "width": null, "vcodec": "none", "downloader_options": {"http_chunk_size": 10485760}, "format": "140 - audio only (tiny)", "protocol": "https", "http_headers": {"User-Agent": "Mozilla/5.0 (Windows NT 10.0; Win64; x64) AppleWebKit/537.36 (KHTML, like Gecko) Chrome/69.0.3497.117 Safari/537.36", "Accept-Charset": "ISO-8859-1,utf-8;q=0.7,*;q=0.7", "Accept": "text/html,application/xhtml+xml,application/xml;q=0.9,*/*;q=0.8", "Accept-Encoding": "gzip, deflate", "Accept-Language": "en-us,en;q=0.5"}}, {"format_id": "251", "url": "https://r5---sn-5njj-u2xe.googlevideo.com/videoplayback?expire=1612299240&ei=iGcZYI7aBY6cgAPNprf4DA&ip=140.109.135.76&id=o-ABV_YvDCWMfXA8kcSudlWgZXPbrUt4Eu1uuT1m_KHIvm&itag=251&source=youtube&requiressl=yes&mh=XQ&mm=31%2C29&mn=sn-5njj-u2xe%2Csn-un57sn76&ms=au%2Crdu&mv=m&mvi=5&pl=16&initcwndbps=391250&vprv=1&mime=audio%2Fwebm&ns=AuuYUomAT99RcRyZBxPgtAgF&gir=yes&clen=3542446&dur=197.601&lmt=1587161602715970&mt=1612277347&fvip=5&keepalive=yes&c=WEB&txp=5531432&n=JTdWaofSaMsdcmAfF&sparams=expire%2Cei%2Cip%2Cid%2Citag%2Csource%2Crequiressl%2Cvprv%2Cmime%2Cns%2Cgir%2Cclen%2Cdur%2Clmt&sig=AOq0QJ8wRQIgPw8QHzJGeAh4q7L1Nmz7qhzMNtSqSH-E4kkm16WkF2gCIQCqbkfwvPFglo_sagpi9fa9REllZ3ofaLW2udgdYp6Gfg%3D%3D&lsparams=mh%2Cmm%2Cmn%2Cms%2Cmv%2Cmvi%2Cpl%2Cinitcwndbps&lsig=AG3C_xAwRQIgI5cZWyugNAZxza32UNP7qpADfD7nKboaxw3lCL8sANQCIQCy5Bz4evzGldYVvTBqf89GYpia3Oiy0gJkFNnJV6WWpA%3D%3D&ratebypass=yes", "player_url": null, "ext": "webm", "format_note": "tiny", "acodec": "opus", "abr": 160, "asr": 48000, "filesize": 3542446, "fps": null, "height": null, "tbr": 162.579, "width": null, "vcodec": "none", "downloader_options": {"http_chunk_size": 10485760}, "format": "251 - audio only (tiny)", "protocol": "https", "http_headers": {"User-Agent": "Mozilla/5.0 (Windows NT 10.0; Win64; x64) AppleWebKit/537.36 (KHTML, like Gecko) Chrome/69.0.3497.117 Safari/537.36", "Accept-Charset": "ISO-8859-1,utf-8;q=0.7,*;q=0.7", "Accept": "text/html,application/xhtml+xml,application/xml;q=0.9,*/*;q=0.8", "Accept-Encoding": "gzip, deflate", "Accept-Language": "en-us,en;q=0.5"}}, {"format_id": "160", "url": "https://r5---sn-5njj-u2xe.googlevideo.com/videoplayback?expire=1612299240&ei=iGcZYI7aBY6cgAPNprf4DA&ip=140.109.135.76&id=o-ABV_YvDCWMfXA8kcSudlWgZXPbrUt4Eu1uuT1m_KHIvm&itag=160&aitags=133%2C134%2C135%2C136%2C160%2C242%2C243%2C244%2C247%2C278%2C298%2C299%2C302%2C303&source=youtube&requiressl=yes&mh=XQ&mm=31%2C29&mn=sn-5njj-u2xe%2Csn-un57sn76&ms=au%2Crdu&mv=m&mvi=5&pl=16&initcwndbps=391250&vprv=1&mime=video%2Fmp4&ns=AuuYUomAT99RcRyZBxPgtAgF&gir=yes&clen=936687&dur=197.566&lmt=1587162054918397&mt=1612277347&fvip=5&keepalive=yes&c=WEB&txp=5535432&n=JTdWaofSaMsdcmAfF&sparams=expire%2Cei%2Cip%2Cid%2Caitags%2Csource%2Crequiressl%2Cvprv%2Cmime%2Cns%2Cgir%2Cclen%2Cdur%2Clmt&sig=AOq0QJ8wRgIhAMNr1iBH0TYy6Z6zEdNW1b0xB6I3AD9QEjMhgNd3GpBcAiEA3aM9OqzJdVpzEZ-yYYwl8w-MVFTcNXutmhIoEXFr9NI%3D&lsparams=mh%2Cmm%2Cmn%2Cms%2Cmv%2Cmvi%2Cpl%2Cinitcwndbps&lsig=AG3C_xAwRQIgI5cZWyugNAZxza32UNP7qpADfD7nKboaxw3lCL8sANQCIQCy5Bz4evzGldYVvTBqf89GYpia3Oiy0gJkFNnJV6WWpA%3D%3D&ratebypass=yes", "player_url": null, "ext": "mp4", "height": 144, "format_note": "144p", "vcodec": "avc1.4d400c", "asr": null, "filesize": 936687, "fps": 30, "tbr": 67.957, "width": 256, "acodec": "none", "downloader_options": {"http_chunk_size": 10485760}, "format": "160 - 256x144 (144p)", "protocol": "https", "http_headers": {"User-Agent": "Mozilla/5.0 (Windows NT 10.0; Win64; x64) AppleWebKit/537.36 (KHTML, like Gecko) Chrome/69.0.3497.117 Safari/537.36", "Accept-Charset": "ISO-8859-1,utf-8;q=0.7,*;q=0.7", "Accept": "text/html,application/xhtml+xml,application/xml;q=0.9,*/*;q=0.8", "Accept-Encoding": "gzip, deflate", "Accept-Language": "en-us,en;q=0.5"}}, {"format_id": "278", "url": "https://r5---sn-5njj-u2xe.googlevideo.com/videoplayback?expire=1612299240&ei=iGcZYI7aBY6cgAPNprf4DA&ip=140.109.135.76&id=o-ABV_YvDCWMfXA8kcSudlWgZXPbrUt4Eu1uuT1m_KHIvm&itag=278&aitags=133%2C134%2C135%2C136%2C160%2C242%2C243%2C244%2C247%2C278%2C298%2C299%2C302%2C303&source=youtube&requiressl=yes&mh=XQ&mm=31%2C29&mn=sn-5njj-u2xe%2Csn-un57sn76&ms=au%2Crdu&mv=m&mvi=5&pl=16&initcwndbps=391250&vprv=1&mime=video%2Fwebm&ns=AuuYUomAT99RcRyZBxPgtAgF&gir=yes&clen=1315389&dur=197.566&lmt=1587162448479832&mt=1612277347&fvip=5&keepalive=yes&c=WEB&txp=5535432&n=JTdWaofSaMsdcmAfF&sparams=expire%2Cei%2Cip%2Cid%2Caitags%2Csource%2Crequiressl%2Cvprv%2Cmime%2Cns%2Cgir%2Cclen%2Cdur%2Clmt&sig=AOq0QJ8wRQIgOsbyQCZAzzQi28-7hfMAYBaH_mY8_5gjWSBQRlZTZ1sCIQCIhHZGOXMFLaes9KXS3dE9qCrvbwslY4KbC0xh4Vn86g%3D%3D&lsparams=mh%2Cmm%2Cmn%2Cms%2Cmv%2Cmvi%2Cpl%2Cinitcwndbps&lsig=AG3C_xAwRQIgI5cZWyugNAZxza32UNP7qpADfD7nKboaxw3lCL8sANQCIQCy5Bz4evzGldYVvTBqf89GYpia3Oiy0gJkFNnJV6WWpA%3D%3D&ratebypass=yes", "player_url": null, "ext": "webm", "height": 144, "format_note": "144p", "container": "webm", "vcodec": "vp9", "asr": null, "filesize": 1315389, "fps": 30, "tbr": 91.275, "width": 256, "acodec": "none", "downloader_options": {"http_chunk_size": 10485760}, "format": "278 - 256x144 (144p)", "protocol": "https", "http_headers": {"User-Agent": "Mozilla/5.0 (Windows NT 10.0; Win64; x64) AppleWebKit/537.36 (KHTML, like Gecko) Chrome/69.0.3497.117 Safari/537.36", "Accept-Charset": "ISO-8859-1,utf-8;q=0.7,*;q=0.7", "Accept": "text/html,application/xhtml+xml,application/xml;q=0.9,*/*;q=0.8", "Accept-Encoding": "gzip, deflate", "Accept-Language": "en-us,en;q=0.5"}}, {"format_id": "133", "url": "https://r5---sn-5njj-u2xe.googlevideo.com/videoplayback?expire=1612299240&ei=iGcZYI7aBY6cgAPNprf4DA&ip=140.109.135.76&id=o-ABV_YvDCWMfXA8kcSudlWgZXPbrUt4Eu1uuT1m_KHIvm&itag=133&aitags=133%2C134%2C135%2C136%2C160%2C242%2C243%2C244%2C247%2C278%2C298%2C299%2C302%2C303&source=youtube&requiressl=yes&mh=XQ&mm=31%2C29&mn=sn-5njj-u2xe%2Csn-un57sn76&ms=au%2Crdu&mv=m&mvi=5&pl=16&initcwndbps=391250&vprv=1&mime=video%2Fmp4&ns=AuuYUomAT99RcRyZBxPgtAgF&gir=yes&clen=1274382&dur=197.566&lmt=1587162054919754&mt=1612277347&fvip=5&keepalive=yes&c=WEB&txp=5535432&n=JTdWaofSaMsdcmAfF&sparams=expire%2Cei%2Cip%2Cid%2Caitags%2Csource%2Crequiressl%2Cvprv%2Cmime%2Cns%2Cgir%2Cclen%2Cdur%2Clmt&sig=AOq0QJ8wRgIhAO1Lf3TmIiR3epG8uMaq7iMfl3eILwy3_uan0Bxo6rM6AiEAnccGivCrF3U3Cq0ZalopTtNlN52mkpiySuSyFmRx1pw%3D&lsparams=mh%2Cmm%2Cmn%2Cms%2Cmv%2Cmvi%2Cpl%2Cinitcwndbps&lsig=AG3C_xAwRQIgI5cZWyugNAZxza32UNP7qpADfD7nKboaxw3lCL8sANQCIQCy5Bz4evzGldYVvTBqf89GYpia3Oiy0gJkFNnJV6WWpA%3D%3D&ratebypass=yes", "player_url": null, "ext": "mp4", "height": 240, "format_note": "240p", "vcodec": "avc1.4d4015", "asr": null, "filesize": 1274382, "fps": 30, "tbr": 120.045, "width": 426, "acodec": "none", "downloader_options": {"http_chunk_size": 10485760}, "format": "133 - 426x240 (240p)", "protocol": "https", "http_headers": {"User-Agent": "Mozilla/5.0 (Windows NT 10.0; Win64; x64) AppleWebKit/537.36 (KHTML, like Gecko) Chrome/69.0.3497.117 Safari/537.36", "Accept-Charset": "ISO-8859-1,utf-8;q=0.7,*;q=0.7", "Accept": "text/html,application/xhtml+xml,application/xml;q=0.9,*/*;q=0.8", "Accept-Encoding": "gzip, deflate", "Accept-Language": "en-us,en;q=0.5"}}, {"format_id": "242", "url": "https://r5---sn-5njj-u2xe.googlevideo.com/videoplayback?expire=1612299240&ei=iGcZYI7aBY6cgAPNprf4DA&ip=140.109.135.76&id=o-ABV_YvDCWMfXA8kcSudlWgZXPbrUt4Eu1uuT1m_KHIvm&itag=242&aitags=133%2C134%2C135%2C136%2C160%2C242%2C243%2C244%2C247%2C278%2C298%2C299%2C302%2C303&source=youtube&requiressl=yes&mh=XQ&mm=31%2C29&mn=sn-5njj-u2xe%2Csn-un57sn76&ms=au%2Crdu&mv=m&mvi=5&pl=16&initcwndbps=391250&vprv=1&mime=video%2Fwebm&ns=AuuYUomAT99RcRyZBxPgtAgF&gir=yes&clen=1333811&dur=197.566&lmt=1587162448482845&mt=1612277347&fvip=5&keepalive=yes&c=WEB&txp=5535432&n=JTdWaofSaMsdcmAfF&sparams=expire%2Cei%2Cip%2Cid%2Caitags%2Csource%2Crequiressl%2Cvprv%2Cmime%2Cns%2Cgir%2Cclen%2Cdur%2Clmt&sig=AOq0QJ8wRgIhAPLnfHEcnLG-F7U7IBKR7R3L_MYKd6eITBZdwGWG3-b5AiEA4ZpDXzTnC7mpkS7ZfrEttKkolT3cljVSuYMKnreoQY8%3D&lsparams=mh%2Cmm%2Cmn%2Cms%2Cmv%2Cmvi%2Cpl%2Cinitcwndbps&lsig=AG3C_xAwRQIgI5cZWyugNAZxza32UNP7qpADfD7nKboaxw3lCL8sANQCIQCy5Bz4evzGldYVvTBqf89GYpia3Oiy0gJkFNnJV6WWpA%3D%3D&ratebypass=yes", "player_url": null, "ext": "webm", "height": 240, "format_note": "240p", "vcodec": "vp9", "asr": null, "filesize": 1333811, "fps": 30, "tbr": 131.2, "width": 426, "acodec": "none", "downloader_options": {"http_chunk_size": 10485760}, "format": "242 - 426x240 (240p)", "protocol": "https", "http_headers": {"User-Agent": "Mozilla/5.0 (Windows NT 10.0; Win64; x64) AppleWebKit/537.36 (KHTML, like Gecko) Chrome/69.0.3497.117 Safari/537.36", "Accept-Charset": "ISO-8859-1,utf-8;q=0.7,*;q=0.7", "Accept": "text/html,application/xhtml+xml,application/xml;q=0.9,*/*;q=0.8", "Accept-Encoding": "gzip, deflate", "Accept-Language": "en-us,en;q=0.5"}}, {"format_id": "134", "url": "https://r5---sn-5njj-u2xe.googlevideo.com/videoplayback?expire=1612299240&ei=iGcZYI7aBY6cgAPNprf4DA&ip=140.109.135.76&id=o-ABV_YvDCWMfXA8kcSudlWgZXPbrUt4Eu1uuT1m_KHIvm&itag=134&aitags=133%2C134%2C135%2C136%2C160%2C242%2C243%2C244%2C247%2C278%2C298%2C299%2C302%2C303&source=youtube&requiressl=yes&mh=XQ&mm=31%2C29&mn=sn-5njj-u2xe%2Csn-un57sn76&ms=au%2Crdu&mv=m&mvi=5&pl=16&initcwndbps=391250&vprv=1&mime=video%2Fmp4&ns=AuuYUomAT99RcRyZBxPgtAgF&gir=yes&clen=1719413&dur=197.566&lmt=1587162054923969&mt=1612277347&fvip=5&keepalive=yes&c=WEB&txp=5535432&n=JTdWaofSaMsdcmAfF&sparams=expire%2Cei%2Cip%2Cid%2Caitags%2Csource%2Crequiressl%2Cvprv%2Cmime%2Cns%2Cgir%2Cclen%2Cdur%2Clmt&sig=AOq0QJ8wRgIhAIunDiI9ZwTthV1enoE0dS7S0GodD2PK5lb0w5TCMSuXAiEA0mWHSwvdvCs8_h6ZfP9p6g51iENqwJJqvJbLfuO2drk%3D&lsparams=mh%2Cmm%2Cmn%2Cms%2Cmv%2Cmvi%2Cpl%2Cinitcwndbps&lsig=AG3C_xAwRQIgI5cZWyugNAZxza32UNP7qpADfD7nKboaxw3lCL8sANQCIQCy5Bz4evzGldYVvTBqf89GYpia3Oiy0gJkFNnJV6WWpA%3D%3D&ratebypass=yes", "player_url": null, "ext": "mp4", "height": 360, "format_note": "360p", "vcodec": "avc1.4d401e", "asr": null, "filesize": 1719413, "fps": 30, "tbr": 168.268, "width": 640, "acodec": "none", "downloader_options": {"http_chunk_size": 10485760}, "format": "134 - 640x360 (360p)", "protocol": "https", "http_headers": {"User-Agent": "Mozilla/5.0 (Windows NT 10.0; Win64; x64) AppleWebKit/537.36 (KHTML, like Gecko) Chrome/69.0.3497.117 Safari/537.36", "Accept-Charset": "ISO-8859-1,utf-8;q=0.7,*;q=0.7", "Accept": "text/html,application/xhtml+xml,application/xml;q=0.9,*/*;q=0.8", "Accept-Encoding": "gzip, deflate", "Accept-Language": "en-us,en;q=0.5"}}, {"format_id": "135", "url": "https://r5---sn-5njj-u2xe.googlevideo.com/videoplayback?expire=1612299240&ei=iGcZYI7aBY6cgAPNprf4DA&ip=140.109.135.76&id=o-ABV_YvDCWMfXA8kcSudlWgZXPbrUt4Eu1uuT1m_KHIvm&itag=135&aitags=133%2C134%2C135%2C136%2C160%2C242%2C243%2C244%2C247%2C278%2C298%2C299%2C302%2C303&source=youtube&requiressl=yes&mh=XQ&mm=31%2C29&mn=sn-5njj-u2xe%2Csn-un57sn76&ms=au%2Crdu&mv=m&mvi=5&pl=16&initcwndbps=391250&vprv=1&mime=video%2Fmp4&ns=AuuYUomAT99RcRyZBxPgtAgF&gir=yes&clen=2393294&dur=197.566&lmt=1587162054919118&mt=1612277347&fvip=5&keepalive=yes&c=WEB&txp=5535432&n=JTdWaofSaMsdcmAfF&sparams=expire%2Cei%2Cip%2Cid%2Caitags%2Csource%2Crequiressl%2Cvprv%2Cmime%2Cns%2Cgir%2Cclen%2Cdur%2Clmt&sig=AOq0QJ8wRAIgIMVWcioZZ9CP-vD_IOYYHkOVh7wcr9edOLlEnypR9xoCICaZRZY8VQdvYMPCs4JeMFHks4wnoMjqvCT504uCP4Bl&lsparams=mh%2Cmm%2Cmn%2Cms%2Cmv%2Cmvi%2Cpl%2Cinitcwndbps&lsig=AG3C_xAwRQIgI5cZWyugNAZxza32UNP7qpADfD7nKboaxw3lCL8sANQCIQCy5Bz4evzGldYVvTBqf89GYpia3Oiy0gJkFNnJV6WWpA%3D%3D&ratebypass=yes", "player_url": null, "ext": "mp4", "height": 480, "format_note": "480p", "vcodec": "avc1.4d401f", "asr": null, "filesize": 2393294, "fps": 30, "tbr": 216.243, "width": 854, "acodec": "none", "downloader_options": {"http_chunk_size": 10485760}, "format": "135 - 854x480 (480p)", "protocol": "https", "http_headers": {"User-Agent": "Mozilla/5.0 (Windows NT 10.0; Win64; x64) AppleWebKit/537.36 (KHTML, like Gecko) Chrome/69.0.3497.117 Safari/537.36", "Accept-Charset": "ISO-8859-1,utf-8;q=0.7,*;q=0.7", "Accept": "text/html,application/xhtml+xml,application/xml;q=0.9,*/*;q=0.8", "Accept-Encoding": "gzip, deflate", "Accept-Language": "en-us,en;q=0.5"}}, {"format_id": "243", "url": "https://r5---sn-5njj-u2xe.googlevideo.com/videoplayback?expire=1612299240&ei=iGcZYI7aBY6cgAPNprf4DA&ip=140.109.135.76&id=o-ABV_YvDCWMfXA8kcSudlWgZXPbrUt4Eu1uuT1m_KHIvm&itag=243&aitags=133%2C134%2C135%2C136%2C160%2C242%2C243%2C244%2C247%2C278%2C298%2C299%2C302%2C303&source=youtube&requiressl=yes&mh=XQ&mm=31%2C29&mn=sn-5njj-u2xe%2Csn-un57sn76&ms=au%2Crdu&mv=m&mvi=5&pl=16&initcwndbps=391250&vprv=1&mime=video%2Fwebm&ns=AuuYUomAT99RcRyZBxPgtAgF&gir=yes&clen=1769814&dur=197.566&lmt=1587162448483216&mt=1612277347&fvip=5&keepalive=yes&c=WEB&txp=5535432&n=JTdWaofSaMsdcmAfF&sparams=expire%2Cei%2Cip%2Cid%2Caitags%2Csource%2Crequiressl%2Cvprv%2Cmime%2Cns%2Cgir%2Cclen%2Cdur%2Clmt&sig=AOq0QJ8wRQIhAPW6CvDxPChhvMIVI95K8Npa5Gzcp6M3vxrx1qWEfBYwAiBnwyCSK8IgVFAYNZUPqLi8mWwp2tbAFmHYhqDIclaDyg%3D%3D&lsparams=mh%2Cmm%2Cmn%2Cms%2Cmv%2Cmvi%2Cpl%2Cinitcwndbps&lsig=AG3C_xAwRQIgI5cZWyugNAZxza32UNP7qpADfD7nKboaxw3lCL8sANQCIQCy5Bz4evzGldYVvTBqf89GYpia3Oiy0gJkFNnJV6WWpA%3D%3D&ratebypass=yes", "player_url": null, "ext": "webm", "height": 360, "format_note": "360p", "vcodec": "vp9", "asr": null, "filesize": 1769814, "fps": 30, "tbr": 222.716, "width": 640, "acodec": "none", "downloader_options": {"http_chunk_size": 10485760}, "format": "243 - 640x360 (360p)", "protocol": "https", "http_headers": {"User-Agent": "Mozilla/5.0 (Windows NT 10.0; Win64; x64) AppleWebKit/537.36 (KHTML, like Gecko) Chrome/69.0.3497.117 Safari/537.36", "Accept-Charset": "ISO-8859-1,utf-8;q=0.7,*;q=0.7", "Accept": "text/html,application/xhtml+xml,application/xml;q=0.9,*/*;q=0.8", "Accept-Encoding": "gzip, deflate", "Accept-Language": "en-us,en;q=0.5"}}, {"format_id": "244", "url": "https://r5---sn-5njj-u2xe.googlevideo.com/videoplayback?expire=1612299240&ei=iGcZYI7aBY6cgAPNprf4DA&ip=140.109.135.76&id=o-ABV_YvDCWMfXA8kcSudlWgZXPbrUt4Eu1uuT1m_KHIvm&itag=244&aitags=133%2C134%2C135%2C136%2C160%2C242%2C243%2C244%2C247%2C278%2C298%2C299%2C302%2C303&source=youtube&requiressl=yes&mh=XQ&mm=31%2C29&mn=sn-5njj-u2xe%2Csn-un57sn76&ms=au%2Crdu&mv=m&mvi=5&pl=16&initcwndbps=391250&vprv=1&mime=video%2Fwebm&ns=AuuYUomAT99RcRyZBxPgtAgF&gir=yes&clen=2302749&dur=197.566&lmt=1587162448483542&mt=1612277347&fvip=5&keepalive=yes&c=WEB&txp=5535432&n=JTdWaofSaMsdcmAfF&sparams=expire%2Cei%2Cip%2Cid%2Caitags%2Csource%2Crequiressl%2Cvprv%2Cmime%2Cns%2Cgir%2Cclen%2Cdur%2Clmt&sig=AOq0QJ8wRQIgWrLsb5DKswTPrY3V9_5VCohUFKcgAhJ38lEl_EAYPP0CIQCy4ijRRj5vLbVYIsU6pVl1bwjOJWUcB3SszlF9JMX11A%3D%3D&lsparams=mh%2Cmm%2Cmn%2Cms%2Cmv%2Cmvi%2Cpl%2Cinitcwndbps&lsig=AG3C_xAwRQIgI5cZWyugNAZxza32UNP7qpADfD7nKboaxw3lCL8sANQCIQCy5Bz4evzGldYVvTBqf89GYpia3Oiy0gJkFNnJV6WWpA%3D%3D&ratebypass=yes", "player_url": null, "ext": "webm", "height": 480, "format_note": "480p", "vcodec": "vp9", "asr": null, "filesize": 2302749, "fps": 30, "tbr": 318.037, "width": 854, "acodec": "none", "downloader_options": {"http_chunk_size": 10485760}, "format": "244 - 854x480 (480p)", "protocol": "https", "http_headers": {"User-Agent": "Mozilla/5.0 (Windows NT 10.0; Win64; x64) AppleWebKit/537.36 (KHTML, like Gecko) Chrome/69.0.3497.117 Safari/537.36", "Accept-Charset": "ISO-8859-1,utf-8;q=0.7,*;q=0.7", "Accept": "text/html,application/xhtml+xml,application/xml;q=0.9,*/*;q=0.8", "Accept-Encoding": "gzip, deflate", "Accept-Language": "en-us,en;q=0.5"}}, {"format_id": "298", "url": "https://r5---sn-5njj-u2xe.googlevideo.com/videoplayback?expire=1612299240&ei=iGcZYI7aBY6cgAPNprf4DA&ip=140.109.135.76&id=o-ABV_YvDCWMfXA8kcSudlWgZXPbrUt4Eu1uuT1m_KHIvm&itag=298&aitags=133%2C134%2C135%2C136%2C160%2C242%2C243%2C244%2C247%2C278%2C298%2C299%2C302%2C303&source=youtube&requiressl=yes&mh=XQ&mm=31%2C29&mn=sn-5njj-u2xe%2Csn-un57sn76&ms=au%2Crdu&mv=m&mvi=5&pl=16&initcwndbps=391250&vprv=1&mime=video%2Fmp4&ns=AuuYUomAT99RcRyZBxPgtAgF&gir=yes&clen=4043371&dur=197.583&lmt=1587161965502645&mt=1612277347&fvip=5&keepalive=yes&c=WEB&txp=5535432&n=JTdWaofSaMsdcmAfF&sparams=expire%2Cei%2Cip%2Cid%2Caitags%2Csource%2Crequiressl%2Cvprv%2Cmime%2Cns%2Cgir%2Cclen%2Cdur%2Clmt&sig=AOq0QJ8wRAIgQHo4-cHHIyR96Zz1sSfxBLaqvww7bTFIthzKb57S09ICIEe0U5VSGWl-zH5p_AM29-L4TUcvdWXGR-8XF8dCXYZt&lsparams=mh%2Cmm%2Cmn%2Cms%2Cmv%2Cmvi%2Cpl%2Cinitcwndbps&lsig=AG3C_xAwRQIgI5cZWyugNAZxza32UNP7qpADfD7nKboaxw3lCL8sANQCIQCy5Bz4evzGldYVvTBqf89GYpia3Oiy0gJkFNnJV6WWpA%3D%3D&ratebypass=yes", "player_url": null, "ext": "mp4", "height": 720, "format_note": "720p60", "vcodec": "avc1.4d4020", "fps": 60, "asr": null, "filesize": 4043371, "tbr": 481.998, "width": 1280, "acodec": "none", "downloader_options": {"http_chunk_size": 10485760}, "format": "298 - 1280x720 (720p60)", "protocol": "https", "http_headers": {"User-Agent": "Mozilla/5.0 (Windows NT 10.0; Win64; x64) AppleWebKit/537.36 (KHTML, like Gecko) Chrome/69.0.3497.117 Safari/537.36", "Accept-Charset": "ISO-8859-1,utf-8;q=0.7,*;q=0.7", "Accept": "text/html,application/xhtml+xml,application/xml;q=0.9,*/*;q=0.8", "Accept-Encoding": "gzip, deflate", "Accept-Language": "en-us,en;q=0.5"}}, {"format_id": "302", "url": "https://r5---sn-5njj-u2xe.googlevideo.com/videoplayback?expire=1612299240&ei=iGcZYI7aBY6cgAPNprf4DA&ip=140.109.135.76&id=o-ABV_YvDCWMfXA8kcSudlWgZXPbrUt4Eu1uuT1m_KHIvm&itag=302&aitags=133%2C134%2C135%2C136%2C160%2C242%2C243%2C244%2C247%2C278%2C298%2C299%2C302%2C303&source=youtube&requiressl=yes&mh=XQ&mm=31%2C29&mn=sn-5njj-u2xe%2Csn-un57sn76&ms=au%2Crdu&mv=m&mvi=5&pl=16&initcwndbps=391250&vprv=1&mime=video%2Fwebm&ns=AuuYUomAT99RcRyZBxPgtAgF&gir=yes&clen=5208122&dur=197.583&lmt=1587162443128294&mt=1612277347&fvip=5&keepalive=yes&c=WEB&txp=5535432&n=JTdWaofSaMsdcmAfF&sparams=expire%2Cei%2Cip%2Cid%2Caitags%2Csource%2Crequiressl%2Cvprv%2Cmime%2Cns%2Cgir%2Cclen%2Cdur%2Clmt&sig=AOq0QJ8wRAIgC_1W45iJ33fdyEMePqvCE1eAE8NwFZayVkT0KOg5TMwCIHrwaVfdrBUASEnw7_Y4O7ZdX9ui23dkl66lJScpx6mI&lsparams=mh%2Cmm%2Cmn%2Cms%2Cmv%2Cmvi%2Cpl%2Cinitcwndbps&lsig=AG3C_xAwRQIgI5cZWyugNAZxza32UNP7qpADfD7nKboaxw3lCL8sANQCIQCy5Bz4evzGldYVvTBqf89GYpia3Oiy0gJkFNnJV6WWpA%3D%3D&ratebypass=yes", "player_url": null, "ext": "webm", "height": 720, "format_note": "720p60", "vcodec": "vp9", "fps": 60, "asr": null, "filesize": 5208122, "tbr": 698.148, "width": 1280, "acodec": "none", "downloader_options": {"http_chunk_size": 10485760}, "format": "302 - 1280x720 (720p60)", "protocol": "https", "http_headers": {"User-Agent": "Mozilla/5.0 (Windows NT 10.0; Win64; x64) AppleWebKit/537.36 (KHTML, like Gecko) Chrome/69.0.3497.117 Safari/537.36", "Accept-Charset": "ISO-8859-1,utf-8;q=0.7,*;q=0.7", "Accept": "text/html,application/xhtml+xml,application/xml;q=0.9,*/*;q=0.8", "Accept-Encoding": "gzip, deflate", "Accept-Language": "en-us,en;q=0.5"}}, {"format_id": "136", "url": "https://r5---sn-5njj-u2xe.googlevideo.com/videoplayback?expire=1612299240&ei=iGcZYI7aBY6cgAPNprf4DA&ip=140.109.135.76&id=o-ABV_YvDCWMfXA8kcSudlWgZXPbrUt4Eu1uuT1m_KHIvm&itag=136&aitags=133%2C134%2C135%2C136%2C160%2C242%2C243%2C244%2C247%2C278%2C298%2C299%2C302%2C303&source=youtube&requiressl=yes&mh=XQ&mm=31%2C29&mn=sn-5njj-u2xe%2Csn-un57sn76&ms=au%2Crdu&mv=m&mvi=5&pl=16&initcwndbps=391250&vprv=1&mime=video%2Fmp4&ns=AuuYUomAT99RcRyZBxPgtAgF&gir=yes&clen=5614141&dur=197.566&lmt=1587162054922548&mt=1612277347&fvip=5&keepalive=yes&c=WEB&txp=5535432&n=JTdWaofSaMsdcmAfF&sparams=expire%2Cei%2Cip%2Cid%2Caitags%2Csource%2Crequiressl%2Cvprv%2Cmime%2Cns%2Cgir%2Cclen%2Cdur%2Clmt&sig=AOq0QJ8wRgIhAIcn8yzWcXugLYiJi0uKC21eX4AQaN2mXGU7437OD8a9AiEAueywygbGHhN50P9vNpmDKThGs5UvqidFnzYAXUPOXEM%3D&lsparams=mh%2Cmm%2Cmn%2Cms%2Cmv%2Cmvi%2Cpl%2Cinitcwndbps&lsig=AG3C_xAwRQIgI5cZWyugNAZxza32UNP7qpADfD7nKboaxw3lCL8sANQCIQCy5Bz4evzGldYVvTBqf89GYpia3Oiy0gJkFNnJV6WWpA%3D%3D&ratebypass=yes", "player_url": null, "ext": "mp4", "height": 720, "format_note": "720p", "vcodec": "avc1.4d401f", "asr": null, "filesize": 5614141, "fps": 30, "tbr": 810.353, "width": 1280, "acodec": "none", "downloader_options": {"http_chunk_size": 10485760}, "format": "136 - 1280x720 (720p)", "protocol": "https", "http_headers": {"User-Agent": "Mozilla/5.0 (Windows NT 10.0; Win64; x64) AppleWebKit/537.36 (KHTML, like Gecko) Chrome/69.0.3497.117 Safari/537.36", "Accept-Charset": "ISO-8859-1,utf-8;q=0.7,*;q=0.7", "Accept": "text/html,application/xhtml+xml,application/xml;q=0.9,*/*;q=0.8", "Accept-Encoding": "gzip, deflate", "Accept-Language": "en-us,en;q=0.5"}}, {"format_id": "247", "url": "https://r5---sn-5njj-u2xe.googlevideo.com/videoplayback?expire=1612299240&ei=iGcZYI7aBY6cgAPNprf4DA&ip=140.109.135.76&id=o-ABV_YvDCWMfXA8kcSudlWgZXPbrUt4Eu1uuT1m_KHIvm&itag=247&aitags=133%2C134%2C135%2C136%2C160%2C242%2C243%2C244%2C247%2C278%2C298%2C299%2C302%2C303&source=youtube&requiressl=yes&mh=XQ&mm=31%2C29&mn=sn-5njj-u2xe%2Csn-un57sn76&ms=au%2Crdu&mv=m&mvi=5&pl=16&initcwndbps=391250&vprv=1&mime=video%2Fwebm&ns=AuuYUomAT99RcRyZBxPgtAgF&gir=yes&clen=5571879&dur=197.566&lmt=1587162448483826&mt=1612277347&fvip=5&keepalive=yes&c=WEB&txp=5535432&n=JTdWaofSaMsdcmAfF&sparams=expire%2Cei%2Cip%2Cid%2Caitags%2Csource%2Crequiressl%2Cvprv%2Cmime%2Cns%2Cgir%2Cclen%2Cdur%2Clmt&sig=AOq0QJ8wRQIhANx1gWNIRz-_Oi_kytUYgXysFStWWiXCcHjdqHVdqd_FAiBNDYNfvXPPzXEEEeMXbjQwnuYBJH0AxD7lfF_RudXzCA%3D%3D&lsparams=mh%2Cmm%2Cmn%2Cms%2Cmv%2Cmvi%2Cpl%2Cinitcwndbps&lsig=AG3C_xAwRQIgI5cZWyugNAZxza32UNP7qpADfD7nKboaxw3lCL8sANQCIQCy5Bz4evzGldYVvTBqf89GYpia3Oiy0gJkFNnJV6WWpA%3D%3D&ratebypass=yes", "player_url": null, "ext": "webm", "height": 720, "format_note": "720p", "vcodec": "vp9", "asr": null, "filesize": 5571879, "fps": 30, "tbr": 811.511, "width": 1280, "acodec": "none", "downloader_options": {"http_chunk_size": 10485760}, "format": "247 - 1280x720 (720p)", "protocol": "https", "http_headers": {"User-Agent": "Mozilla/5.0 (Windows NT 10.0; Win64; x64) AppleWebKit/537.36 (KHTML, like Gecko) Chrome/69.0.3497.117 Safari/537.36", "Accept-Charset": "ISO-8859-1,utf-8;q=0.7,*;q=0.7", "Accept": "text/html,application/xhtml+xml,application/xml;q=0.9,*/*;q=0.8", "Accept-Encoding": "gzip, deflate", "Accept-Language": "en-us,en;q=0.5"}}, {"format_id": "299", "url": "https://r5---sn-5njj-u2xe.googlevideo.com/videoplayback?expire=1612299240&ei=iGcZYI7aBY6cgAPNprf4DA&ip=140.109.135.76&id=o-ABV_YvDCWMfXA8kcSudlWgZXPbrUt4Eu1uuT1m_KHIvm&itag=299&aitags=133%2C134%2C135%2C136%2C160%2C242%2C243%2C244%2C247%2C278%2C298%2C299%2C302%2C303&source=youtube&requiressl=yes&mh=XQ&mm=31%2C29&mn=sn-5njj-u2xe%2Csn-un57sn76&ms=au%2Crdu&mv=m&mvi=5&pl=16&initcwndbps=391250&vprv=1&mime=video%2Fmp4&ns=AuuYUomAT99RcRyZBxPgtAgF&gir=yes&clen=10482501&dur=197.583&lmt=1587161986152413&mt=1612277347&fvip=5&keepalive=yes&c=WEB&txp=5535432&n=JTdWaofSaMsdcmAfF&sparams=expire%2Cei%2Cip%2Cid%2Caitags%2Csource%2Crequiressl%2Cvprv%2Cmime%2Cns%2Cgir%2Cclen%2Cdur%2Clmt&sig=AOq0QJ8wRQIgIkosdr7kTL9bC4CH_ocNJlpKiRP33FPG3lAPp-7U1h8CIQDJb8uXBGiGG_jDCNpk78CFhPL8CDLIf5ckS4xOMTVZvA%3D%3D&lsparams=mh%2Cmm%2Cmn%2Cms%2Cmv%2Cmvi%2Cpl%2Cinitcwndbps&lsig=AG3C_xAwRQIgI5cZWyugNAZxza32UNP7qpADfD7nKboaxw3lCL8sANQCIQCy5Bz4evzGldYVvTBqf89GYpia3Oiy0gJkFNnJV6WWpA%3D%3D&ratebypass=yes", "player_url": null, "ext": "mp4", "height": 1080, "format_note": "1080p60", "vcodec": "avc1.64002a", "fps": 60, "asr": null, "filesize": 10482501, "tbr": 1679.799, "width": 1920, "acodec": "none", "downloader_options": {"http_chunk_size": 10485760}, "format": "299 - 1920x1080 (1080p60)", "protocol": "https", "http_headers": {"User-Agent": "Mozilla/5.0 (Windows NT 10.0; Win64; x64) AppleWebKit/537.36 (KHTML, like Gecko) Chrome/69.0.3497.117 Safari/537.36", "Accept-Charset": "ISO-8859-1,utf-8;q=0.7,*;q=0.7", "Accept": "text/html,application/xhtml+xml,application/xml;q=0.9,*/*;q=0.8", "Accept-Encoding": "gzip, deflate", "Accept-Language": "en-us,en;q=0.5"}}, {"format_id": "303", "url": "https://r5---sn-5njj-u2xe.googlevideo.com/videoplayback?expire=1612299240&ei=iGcZYI7aBY6cgAPNprf4DA&ip=140.109.135.76&id=o-ABV_YvDCWMfXA8kcSudlWgZXPbrUt4Eu1uuT1m_KHIvm&itag=303&aitags=133%2C134%2C135%2C136%2C160%2C242%2C243%2C244%2C247%2C278%2C298%2C299%2C302%2C303&source=youtube&requiressl=yes&mh=XQ&mm=31%2C29&mn=sn-5njj-u2xe%2Csn-un57sn76&ms=au%2Crdu&mv=m&mvi=5&pl=16&initcwndbps=391250&vprv=1&mime=video%2Fwebm&ns=AuuYUomAT99RcRyZBxPgtAgF&gir=yes&clen=14927441&dur=197.583&lmt=1587162743857113&mt=1612277347&fvip=5&keepalive=yes&c=WEB&txp=5535432&n=JTdWaofSaMsdcmAfF&sparams=expire%2Cei%2Cip%2Cid%2Caitags%2Csource%2Crequiressl%2Cvprv%2Cmime%2Cns%2Cgir%2Cclen%2Cdur%2Clmt&sig=AOq0QJ8wRQIgCw0tfExnbPh3VKAoEjfdYxycKsANgShnwVsuanSMKSICIQD5XzfF_qbG8eQwk9yjR17OWU0IP2UTcKWYrMqGZiTvqg%3D%3D&lsparams=mh%2Cmm%2Cmn%2Cms%2Cmv%2Cmvi%2Cpl%2Cinitcwndbps&lsig=AG3C_xAwRQIgI5cZWyugNAZxza32UNP7qpADfD7nKboaxw3lCL8sANQCIQCy5Bz4evzGldYVvTBqf89GYpia3Oiy0gJkFNnJV6WWpA%3D%3D&ratebypass=yes", "player_url": null, "ext": "webm", "height": 1080, "format_note": "1080p60", "vcodec": "vp9", "fps": 60, "asr": null, "filesize": 14927441, "tbr": 2723.795, "width": 1920, "acodec": "none", "downloader_options": {"http_chunk_size": 10485760}, "format": "303 - 1920x1080 (1080p60)", "protocol": "https", "http_headers": {"User-Agent": "Mozilla/5.0 (Windows NT 10.0; Win64; x64) AppleWebKit/537.36 (KHTML, like Gecko) Chrome/69.0.3497.117 Safari/537.36", "Accept-Charset": "ISO-8859-1,utf-8;q=0.7,*;q=0.7", "Accept": "text/html,application/xhtml+xml,application/xml;q=0.9,*/*;q=0.8", "Accept-Encoding": "gzip, deflate", "Accept-Language": "en-us,en;q=0.5"}}, {"format_id": "18", "url": "https://r5---sn-5njj-u2xe.googlevideo.com/videoplayback?expire=1612299240&ei=iGcZYI7aBY6cgAPNprf4DA&ip=140.109.135.76&id=o-ABV_YvDCWMfXA8kcSudlWgZXPbrUt4Eu1uuT1m_KHIvm&itag=18&source=youtube&requiressl=yes&mh=XQ&mm=31%2C29&mn=sn-5njj-u2xe%2Csn-un57sn76&ms=au%2Crdu&mv=m&mvi=5&pl=16&initcwndbps=391250&vprv=1&mime=video%2Fmp4&ns=11F9P_QTrUFUXh_eYZnbov0F&gir=yes&clen=8890712&ratebypass=yes&dur=197.648&lmt=1587161321641824&mt=1612277347&fvip=5&c=WEB&txp=5531432&n=wE-L3A7Ni7Mc2Okd7&sparams=expire%2Cei%2Cip%2Cid%2Citag%2Csource%2Crequiressl%2Cvprv%2Cmime%2Cns%2Cgir%2Cclen%2Cratebypass%2Cdur%2Clmt&sig=AOq0QJ8wRQIhAMCFkPlDXI9HogOyTvaTe0s6hdUpSn3x6_wD7Up5JttsAiBts7wpLqDMtyBZevEqU4ZdNNBLb_JwRacR47oU_ghIWQ%3D%3D&lsparams=mh%2Cmm%2Cmn%2Cms%2Cmv%2Cmvi%2Cpl%2Cinitcwndbps&lsig=AG3C_xAwRQIgI5cZWyugNAZxza32UNP7qpADfD7nKboaxw3lCL8sANQCIQCy5Bz4evzGldYVvTBqf89GYpia3Oiy0gJkFNnJV6WWpA%3D%3D", "player_url": null, "ext": "mp4", "width": 640, "height": 360, "acodec": "mp4a.40.2", "abr": 96, "vcodec": "avc1.42001E", "asr": 44100, "filesize": 8890712, "format_note": "360p", "fps": 30, "tbr": 359.947, "format": "18 - 640x360 (360p)", "protocol": "https", "http_headers": {"User-Agent": "Mozilla/5.0 (Windows NT 10.0; Win64; x64) AppleWebKit/537.36 (KHTML, like Gecko) Chrome/69.0.3497.117 Safari/537.36", "Accept-Charset": "ISO-8859-1,utf-8;q=0.7,*;q=0.7", "Accept": "text/html,application/xhtml+xml,application/xml;q=0.9,*/*;q=0.8", "Accept-Encoding": "gzip, deflate", "Accept-Language": "en-us,en;q=0.5"}}], "is_live": null, "start_time": null, "end_time": null, "series": null, "season_number": null, "episode_number": null, "track": null, "artist": null, "album": null, "release_date": null, "release_year": null, "extractor": "youtube", "webpage_url_basename": "watch", "extractor_key": "Youtube", "playlist": null, "playlist_index": null, "thumbnail": "https://i.ytimg.com/vi/Uu-oRTRT6uQ/maxresdefault.jpg", "display_id": "Uu-oRTRT6uQ", "requested_subtitles": null, "format_id": "251", "url": "https://r5---sn-5njj-u2xe.googlevideo.com/videoplayback?expire=1612299240&ei=iGcZYI7aBY6cgAPNprf4DA&ip=140.109.135.76&id=o-ABV_YvDCWMfXA8kcSudlWgZXPbrUt4Eu1uuT1m_KHIvm&itag=251&source=youtube&requiressl=yes&mh=XQ&mm=31%2C29&mn=sn-5njj-u2xe%2Csn-un57sn76&ms=au%2Crdu&mv=m&mvi=5&pl=16&initcwndbps=391250&vprv=1&mime=audio%2Fwebm&ns=AuuYUomAT99RcRyZBxPgtAgF&gir=yes&clen=3542446&dur=197.601&lmt=1587161602715970&mt=1612277347&fvip=5&keepalive=yes&c=WEB&txp=5531432&n=JTdWaofSaMsdcmAfF&sparams=expire%2Cei%2Cip%2Cid%2Citag%2Csource%2Crequiressl%2Cvprv%2Cmime%2Cns%2Cgir%2Cclen%2Cdur%2Clmt&sig=AOq0QJ8wRQIgPw8QHzJGeAh4q7L1Nmz7qhzMNtSqSH-E4kkm16WkF2gCIQCqbkfwvPFglo_sagpi9fa9REllZ3ofaLW2udgdYp6Gfg%3D%3D&lsparams=mh%2Cmm%2Cmn%2Cms%2Cmv%2Cmvi%2Cpl%2Cinitcwndbps&lsig=AG3C_xAwRQIgI5cZWyugNAZxza32UNP7qpADfD7nKboaxw3lCL8sANQCIQCy5Bz4evzGldYVvTBqf89GYpia3Oiy0gJkFNnJV6WWpA%3D%3D&ratebypass=yes", "player_url": null, "ext": "webm", "format_note": "tiny", "acodec": "opus", "abr": 160, "asr": 48000, "filesize": 3542446, "fps": null, "height": null, "tbr": 162.579, "width": null, "vcodec": "none", "downloader_options": {"http_chunk_size": 10485760}, "format": "251 - audio only (tiny)", "protocol": "https", "http_headers": {"User-Agent": "Mozilla/5.0 (Windows NT 10.0; Win64; x64) AppleWebKit/537.36 (KHTML, like Gecko) Chrome/69.0.3497.117 Safari/537.36", "Accept-Charset": "ISO-8859-1,utf-8;q=0.7,*;q=0.7", "Accept": "text/html,application/xhtml+xml,application/xml;q=0.9,*/*;q=0.8", "Accept-Encoding": "gzip, deflate", "Accept-Language": "en-us,en;q=0.5"}}