{"id": "U-tChKTv-qc", "uploader": "Funguypiano", "uploader_id": "Funguypiano", "uploader_url": "http://www.youtube.com/user/Funguypiano", "channel_id": "UCBlkpX--7ZD73URbSC1oWRw", "channel_url": "http://www.youtube.com/channel/UCBlkpX--7ZD73URbSC1oWRw", "upload_date": "20161216", "license": null, "creator": null, "title": "Goblin\ub3c4\uae68\ube44 OST3 - Hush by Lasse Lindh - piano cover w/ sheet music", "alt_title": "Goblin\ub3c4\uae68\ube44 OST3 - Hush by Lasse Lindh - piano cover w/ sheet music", "thumbnails": [{"url": "https://i.ytimg.com/vi/U-tChKTv-qc/hqdefault.jpg?sqp=-oaymwEYCKgBEF5IVfKriqkDCwgBFQAAiEIYAXAB&rs=AOn4CLA0hfI3OfbPk4YQuYtnE2G0RRwJFw", "width": 168, "height": 94, "resolution": "168x94", "id": "0"}, {"url": "https://i.ytimg.com/vi/U-tChKTv-qc/hqdefault.jpg?sqp=-oaymwEYCMQBEG5IVfKriqkDCwgBFQAAiEIYAXAB&rs=AOn4CLCHKsLEvanGDh2BL1p3zIpkwhYMhg", "width": 196, "height": 110, "resolution": "196x110", "id": "1"}, {"url": "https://i.ytimg.com/vi/U-tChKTv-qc/hqdefault.jpg?sqp=-oaymwEZCPYBEIoBSFXyq4qpAwsIARUAAIhCGAFwAQ==&rs=AOn4CLDmebBFLdTpJYgx2NTVutphweWcng", "width": 246, "height": 138, "resolution": "246x138", "id": "2"}, {"url": "https://i.ytimg.com/vi/U-tChKTv-qc/hqdefault.jpg?sqp=-oaymwEZCNACELwBSFXyq4qpAwsIARUAAIhCGAFwAQ==&rs=AOn4CLAEvtHzl2K95Ml07eeLolfIpR0MkQ", "width": 336, "height": 188, "resolution": "336x188", "id": "3"}], "description": "Kdrama Piano Music on Spotify: https://spoti.fi/2OZRfUE\nEasy Version: https://youtu.be/Qocme057pXw\nSheet Music: https://funguypiano.com/sheet-music/goblin-ost3-hush-sheet-music/\n\nWhat is Love?\nLove is giving, love is sharing, love is waiting, love is hesitating.....\n\nIt makes you smile; makes you happy;  makes you responsible; makes you strong... At the same time, it makes you cry; makes you sad; makes you angry.... Love is simple, yet extremely complicated. Do you want to love or be loved? Remember a time when you have a crush on someone (\u273f\u00b4\u203f`) while watching this video :3\n\n\"To love is nothing. To be loved is something. But to love and be loved, that\u2019s everything.\" - T. Tolis\n\nHi Guys!!!! I am back ~ I am so surprised almost 200 people voted on my website during the past two weeks even though I didn't publicly announce it XD  Apparently Goblin OST3 - Hush got the #1 so I work on this song immediately after my last exam yesterday hehe (\u2500\u203f\u203f\u2500)  The lyrics is so beautiful \uff61\u309c(\uff40\u0414\u00b4)\u309c\uff61 Seriously. \n\n\u2022\u2022 \u2501\u2501\u2501\u2501\u2501 \u0669(\u0e51\u00f2\u03c9\u00f3\u0e51)\u06f6\u2501\u2501\u2501\u2501\u2501 \u2022\u2022\n\u266a Spotify: https://spoti.fi/2w3rfR6\n\u266a iTunes: https://apple.co/2BE74yB\n\u266a Sheet Music: https://funguypiano.com/\n\u266a Patreon / Midi: https://www.patreon.com/funguypiano\n\u266a Learn Piano: http://tinyurl.com/funguy-flowkey\n\u266a Instagram: https://www.instagram.com/funguypiano/", "categories": ["Music"], "tags": ["Goblin", "\ub3c4\uae68\ube44", "Hush", "Lasse Lindh", "funguypiano", "funguy", "piano cover", "ost", "piano", "sheet music", "hush by lasse lindh", "ost3", "piano cover w/ sheet music", "goblin\ub3c4\uae68\ube44", "XD Apparently Goblin", "\ud5c8\uc26c", "\ud53c\uc544\ub178", "cover", "song", "Goblin OST7", "Goblin OST6", "Goblin Opening", "Goblin OST1", "Goblin OST4", "Goblin \ub3c4\uae68\ube44", "Beautiful piano cover", "synthesia", "korean drama", "\ubc18\uc8fc", "soundtrack", "\ub77c\uc384\ub9b0\ub4dc", "goblin ost", "\uc545\ubcf4", "kdrama", "Hi Guys", "Original Artist", "Hard version", "Drama series", "love", "time", "smile", "crush", "piano sheet music", "music sheet", "\u9b3c\u602a", "kpop", "korea"], "subtitles": {}, "automatic_captions": {}, "duration": 198, "age_limit": 0, "annotations": null, "chapters": null, "webpage_url": "https://www.youtube.com/watch?v=U-tChKTv-qc", "view_count": 315989, "like_count": 3217, "dislike_count": 28, "average_rating": 4.9654856, "formats": [{"format_id": "249", "url": "https://r3---sn-5njj-u2xl.googlevideo.com/videoplayback?expire=1611764325&ei=BT4RYIjgH4u0lQT3zb_IAQ&ip=140.109.135.76&id=o-ALi9IBvtRSuteSo_2W73QKU0blLpCF5PnE0gOdG9XKyG&itag=249&source=youtube&requiressl=yes&mh=HA&mm=31%2C29&mn=sn-5njj-u2xl%2Csn-un57en7e&ms=au%2Crdu&mv=m&mvi=3&pl=16&initcwndbps=546250&vprv=1&mime=audio%2Fwebm&ns=qmEBLGk0Hb8_lQtDKlT6ICYF&gir=yes&clen=1342133&dur=198.341&lmt=1481952189104380&mt=1611742362&fvip=3&keepalive=yes&c=WEB&n=Mjd-abDahgHOyod7pJx-&sparams=expire%2Cei%2Cip%2Cid%2Citag%2Csource%2Crequiressl%2Cvprv%2Cmime%2Cns%2Cgir%2Cclen%2Cdur%2Clmt&lsparams=mh%2Cmm%2Cmn%2Cms%2Cmv%2Cmvi%2Cpl%2Cinitcwndbps&lsig=AG3C_xAwRAIgbFS0LfJx-IwmLq6PEK-5feh3WKixg7GQv9zLKiJNiAYCIH-3rYU-SZ6T9JcKP7ByCbgiZGIVxthagMYZojrJReY0&sig=AOq0QJ8wRAIgOeiKpDYquGEqwLanDGW8Gwz-erlT2bXs0EYPjmK1Q60CIAhuSQDB6p-MKFtCO7dagprUsiEvua11F53qHsDFJLLo&ratebypass=yes", "player_url": "/s/player/c6df6ed7/player_ias.vflset/en_US/base.js", "ext": "webm", "format_note": "tiny", "acodec": "opus", "abr": 50, "asr": 48000, "filesize": 1342133, "fps": null, "height": null, "tbr": 60.205, "width": null, "vcodec": "none", "downloader_options": {"http_chunk_size": 10485760}, "format": "249 - audio only (tiny)", "protocol": "https", "http_headers": {"User-Agent": "Mozilla/5.0 (Windows NT 10.0; Win64; x64) AppleWebKit/537.36 (KHTML, like Gecko) Chrome/72.0.3626.25 Safari/537.36", "Accept-Charset": "ISO-8859-1,utf-8;q=0.7,*;q=0.7", "Accept": "text/html,application/xhtml+xml,application/xml;q=0.9,*/*;q=0.8", "Accept-Encoding": "gzip, deflate", "Accept-Language": "en-us,en;q=0.5"}}, {"format_id": "250", "url": "https://r3---sn-5njj-u2xl.googlevideo.com/videoplayback?expire=1611764325&ei=BT4RYIjgH4u0lQT3zb_IAQ&ip=140.109.135.76&id=o-ALi9IBvtRSuteSo_2W73QKU0blLpCF5PnE0gOdG9XKyG&itag=250&source=youtube&requiressl=yes&mh=HA&mm=31%2C29&mn=sn-5njj-u2xl%2Csn-un57en7e&ms=au%2Crdu&mv=m&mvi=3&pl=16&initcwndbps=546250&vprv=1&mime=audio%2Fwebm&ns=qmEBLGk0Hb8_lQtDKlT6ICYF&gir=yes&clen=1923955&dur=198.341&lmt=1481952191567837&mt=1611742362&fvip=3&keepalive=yes&c=WEB&n=Mjd-abDahgHOyod7pJx-&sparams=expire%2Cei%2Cip%2Cid%2Citag%2Csource%2Crequiressl%2Cvprv%2Cmime%2Cns%2Cgir%2Cclen%2Cdur%2Clmt&lsparams=mh%2Cmm%2Cmn%2Cms%2Cmv%2Cmvi%2Cpl%2Cinitcwndbps&lsig=AG3C_xAwRQIhAObopOSlcnp9y_KgDKa86gemAswgNA_tm_yzDaEhrcblAiA9G3QAoAYlzUXMY_SAufjltiYTw4kJk5AGUuzbc_0LsQ%3D%3D&sig=AOq0QJ8wRQIhAP0blFQ9MCKFOXas7iDY6GNyTRyEq5KXg8780bZVlLfQAiAgy1foQQyyHWA3zmb6HdtC6beT290cr_auEgIkDXXtVw==&ratebypass=yes", "player_url": "/s/player/c6df6ed7/player_ias.vflset/en_US/base.js", "ext": "webm", "format_note": "tiny", "acodec": "opus", "abr": 70, "asr": 48000, "filesize": 1923955, "fps": null, "height": null, "tbr": 87.768, "width": null, "vcodec": "none", "downloader_options": {"http_chunk_size": 10485760}, "format": "250 - audio only (tiny)", "protocol": "https", "http_headers": {"User-Agent": "Mozilla/5.0 (Windows NT 10.0; Win64; x64) AppleWebKit/537.36 (KHTML, like Gecko) Chrome/72.0.3626.25 Safari/537.36", "Accept-Charset": "ISO-8859-1,utf-8;q=0.7,*;q=0.7", "Accept": "text/html,application/xhtml+xml,application/xml;q=0.9,*/*;q=0.8", "Accept-Encoding": "gzip, deflate", "Accept-Language": "en-us,en;q=0.5"}}, {"format_id": "140", "url": "https://r3---sn-5njj-u2xl.googlevideo.com/videoplayback?expire=1611764325&ei=BT4RYIjgH4u0lQT3zb_IAQ&ip=140.109.135.76&id=o-ALi9IBvtRSuteSo_2W73QKU0blLpCF5PnE0gOdG9XKyG&itag=140&source=youtube&requiressl=yes&mh=HA&mm=31%2C29&mn=sn-5njj-u2xl%2Csn-un57en7e&ms=au%2Crdu&mv=m&mvi=3&pl=16&initcwndbps=546250&vprv=1&mime=audio%2Fmp4&ns=qmEBLGk0Hb8_lQtDKlT6ICYF&gir=yes&clen=3151572&dur=198.391&lmt=1482048890720501&mt=1611742362&fvip=3&keepalive=yes&c=WEB&n=Mjd-abDahgHOyod7pJx-&sparams=expire%2Cei%2Cip%2Cid%2Citag%2Csource%2Crequiressl%2Cvprv%2Cmime%2Cns%2Cgir%2Cclen%2Cdur%2Clmt&lsparams=mh%2Cmm%2Cmn%2Cms%2Cmv%2Cmvi%2Cpl%2Cinitcwndbps&lsig=AG3C_xAwRQIgTc3v2a-kASqVBpiMpF6T2ZKY08hf5sBk3VhvTSF5T4QCIQCK5gJ22Sk0fmT66fdH-r-oLFKYg9_CIw4ThDGPKwE5VA%3D%3D&sig=AOq0QJ8wRgIhALxbJSlO1lC7mbz40KwJe2rvVWffJU7xCA1eztZNAAe1AiEAzMBNAoWbgxd950wx2qnJeyIqhV0iHfrdOgQUav0KgjY=&ratebypass=yes", "player_url": "/s/player/c6df6ed7/player_ias.vflset/en_US/base.js", "ext": "m4a", "format_note": "tiny", "acodec": "mp4a.40.2", "abr": 128, "container": "m4a_dash", "asr": 44100, "filesize": 3151572, "fps": null, "height": null, "tbr": 127.908, "width": null, "vcodec": "none", "downloader_options": {"http_chunk_size": 10485760}, "format": "140 - audio only (tiny)", "protocol": "https", "http_headers": {"User-Agent": "Mozilla/5.0 (Windows NT 10.0; Win64; x64) AppleWebKit/537.36 (KHTML, like Gecko) Chrome/72.0.3626.25 Safari/537.36", "Accept-Charset": "ISO-8859-1,utf-8;q=0.7,*;q=0.7", "Accept": "text/html,application/xhtml+xml,application/xml;q=0.9,*/*;q=0.8", "Accept-Encoding": "gzip, deflate", "Accept-Language": "en-us,en;q=0.5"}}, {"format_id": "251", "url": "https://r3---sn-5njj-u2xl.googlevideo.com/videoplayback?expire=1611764325&ei=BT4RYIjgH4u0lQT3zb_IAQ&ip=140.109.135.76&id=o-ALi9IBvtRSuteSo_2W73QKU0blLpCF5PnE0gOdG9XKyG&itag=251&source=youtube&requiressl=yes&mh=HA&mm=31%2C29&mn=sn-5njj-u2xl%2Csn-un57en7e&ms=au%2Crdu&mv=m&mvi=3&pl=16&initcwndbps=546250&vprv=1&mime=audio%2Fwebm&ns=qmEBLGk0Hb8_lQtDKlT6ICYF&gir=yes&clen=3716527&dur=198.341&lmt=1481952199499718&mt=1611742362&fvip=3&keepalive=yes&c=WEB&n=Mjd-abDahgHOyod7pJx-&sparams=expire%2Cei%2Cip%2Cid%2Citag%2Csource%2Crequiressl%2Cvprv%2Cmime%2Cns%2Cgir%2Cclen%2Cdur%2Clmt&lsparams=mh%2Cmm%2Cmn%2Cms%2Cmv%2Cmvi%2Cpl%2Cinitcwndbps&lsig=AG3C_xAwRgIhAOyVcK7QXDKTAbbrD_naCau2ag7NTHBnPKNN-XRJmWEcAiEAiYSoIduRAqzRkGSAsOgjQBKqATNZYpprwr62sQYgTxI%3D&sig=AOq0QJ8wRAIgYpZ5jTArczH3OTq6l7QOnKCBssrnbZMyfxeVDY_zRVcCIDBlcMhPXF5eYQ5LVsJbhTN-UqPE7dtJ-kE_Ejy7kCLI&ratebypass=yes", "player_url": "/s/player/c6df6ed7/player_ias.vflset/en_US/base.js", "ext": "webm", "format_note": "tiny", "acodec": "opus", "abr": 160, "asr": 48000, "filesize": 3716527, "fps": null, "height": null, "tbr": 163.406, "width": null, "vcodec": "none", "downloader_options": {"http_chunk_size": 10485760}, "format": "251 - audio only (tiny)", "protocol": "https", "http_headers": {"User-Agent": "Mozilla/5.0 (Windows NT 10.0; Win64; x64) AppleWebKit/537.36 (KHTML, like Gecko) Chrome/72.0.3626.25 Safari/537.36", "Accept-Charset": "ISO-8859-1,utf-8;q=0.7,*;q=0.7", "Accept": "text/html,application/xhtml+xml,application/xml;q=0.9,*/*;q=0.8", "Accept-Encoding": "gzip, deflate", "Accept-Language": "en-us,en;q=0.5"}}, {"format_id": "278", "url": "https://r3---sn-5njj-u2xl.googlevideo.com/videoplayback?expire=1611764325&ei=BT4RYIjgH4u0lQT3zb_IAQ&ip=140.109.135.76&id=o-ALi9IBvtRSuteSo_2W73QKU0blLpCF5PnE0gOdG9XKyG&itag=278&aitags=133%2C134%2C135%2C136%2C137%2C160%2C242%2C243%2C244%2C247%2C248%2C278&source=youtube&requiressl=yes&mh=HA&mm=31%2C29&mn=sn-5njj-u2xl%2Csn-un57en7e&ms=au%2Crdu&mv=m&mvi=3&pl=16&initcwndbps=546250&vprv=1&mime=video%2Fwebm&ns=qmEBLGk0Hb8_lQtDKlT6ICYF&gir=yes&clen=2326065&dur=198.298&lmt=1481953011769821&mt=1611742362&fvip=3&keepalive=yes&c=WEB&n=Mjd-abDahgHOyod7pJx-&sparams=expire%2Cei%2Cip%2Cid%2Caitags%2Csource%2Crequiressl%2Cvprv%2Cmime%2Cns%2Cgir%2Cclen%2Cdur%2Clmt&lsparams=mh%2Cmm%2Cmn%2Cms%2Cmv%2Cmvi%2Cpl%2Cinitcwndbps&lsig=AG3C_xAwRgIhAL63cgw_6OvPE87N2Qh343Aw-qCMsvPWc5zAL2_krUVUAiEA5I0zgrNivYZ8f4TRWgxjQN05HLUESZb4z3zu9ni32K0%3D&sig=AOq0QJ8wRgIhAJKMo1ZrUnjjf3f1baGTGOaX-w1aEdHIr4614l0Cbi_nAiEAkG8E3Mb3-pammsd-5hGL8ar2H6Lss91SCndcCDdiHIc=&ratebypass=yes", "player_url": "/s/player/c6df6ed7/player_ias.vflset/en_US/base.js", "ext": "webm", "height": 144, "format_note": "144p", "container": "webm", "vcodec": "vp9", "asr": null, "filesize": 2326065, "fps": 30, "tbr": 103.39, "width": 256, "acodec": "none", "downloader_options": {"http_chunk_size": 10485760}, "format": "278 - 256x144 (144p)", "protocol": "https", "http_headers": {"User-Agent": "Mozilla/5.0 (Windows NT 10.0; Win64; x64) AppleWebKit/537.36 (KHTML, like Gecko) Chrome/72.0.3626.25 Safari/537.36", "Accept-Charset": "ISO-8859-1,utf-8;q=0.7,*;q=0.7", "Accept": "text/html,application/xhtml+xml,application/xml;q=0.9,*/*;q=0.8", "Accept-Encoding": "gzip, deflate", "Accept-Language": "en-us,en;q=0.5"}}, {"format_id": "160", "url": "https://r3---sn-5njj-u2xl.googlevideo.com/videoplayback?expire=1611764325&ei=BT4RYIjgH4u0lQT3zb_IAQ&ip=140.109.135.76&id=o-ALi9IBvtRSuteSo_2W73QKU0blLpCF5PnE0gOdG9XKyG&itag=160&aitags=133%2C134%2C135%2C136%2C137%2C160%2C242%2C243%2C244%2C247%2C248%2C278&source=youtube&requiressl=yes&mh=HA&mm=31%2C29&mn=sn-5njj-u2xl%2Csn-un57en7e&ms=au%2Crdu&mv=m&mvi=3&pl=16&initcwndbps=546250&vprv=1&mime=video%2Fmp4&ns=qmEBLGk0Hb8_lQtDKlT6ICYF&gir=yes&clen=2752911&dur=198.331&lmt=1482049017610214&mt=1611742362&fvip=3&keepalive=yes&c=WEB&n=Mjd-abDahgHOyod7pJx-&sparams=expire%2Cei%2Cip%2Cid%2Caitags%2Csource%2Crequiressl%2Cvprv%2Cmime%2Cns%2Cgir%2Cclen%2Cdur%2Clmt&lsparams=mh%2Cmm%2Cmn%2Cms%2Cmv%2Cmvi%2Cpl%2Cinitcwndbps&lsig=AG3C_xAwRgIhAJgkvt8E8jqgLNQjN3O4vl0pibqIs6VQDBB5dV0XKhF1AiEAlldddKEZVz5JLy47o7qlHL1-djNJsyXMlJqIl4k1ecc%3D&sig=AOq0QJ8wRAIgPCTeRszdfPisRu1y9P_elVwESFSkuDSt0NuEBr_0gC4CIB1auYSeNSlbNpcqxp11lmz0bOCFcwbmmTjMbMWlBWEi&ratebypass=yes", "player_url": "/s/player/c6df6ed7/player_ias.vflset/en_US/base.js", "ext": "mp4", "height": 144, "format_note": "144p", "vcodec": "avc1.4d400c", "asr": null, "filesize": 2752911, "fps": 30, "tbr": 112.759, "width": 256, "acodec": "none", "downloader_options": {"http_chunk_size": 10485760}, "format": "160 - 256x144 (144p)", "protocol": "https", "http_headers": {"User-Agent": "Mozilla/5.0 (Windows NT 10.0; Win64; x64) AppleWebKit/537.36 (KHTML, like Gecko) Chrome/72.0.3626.25 Safari/537.36", "Accept-Charset": "ISO-8859-1,utf-8;q=0.7,*;q=0.7", "Accept": "text/html,application/xhtml+xml,application/xml;q=0.9,*/*;q=0.8", "Accept-Encoding": "gzip, deflate", "Accept-Language": "en-us,en;q=0.5"}}, {"format_id": "242", "url": "https://r3---sn-5njj-u2xl.googlevideo.com/videoplayback?expire=1611764325&ei=BT4RYIjgH4u0lQT3zb_IAQ&ip=140.109.135.76&id=o-ALi9IBvtRSuteSo_2W73QKU0blLpCF5PnE0gOdG9XKyG&itag=242&aitags=133%2C134%2C135%2C136%2C137%2C160%2C242%2C243%2C244%2C247%2C248%2C278&source=youtube&requiressl=yes&mh=HA&mm=31%2C29&mn=sn-5njj-u2xl%2Csn-un57en7e&ms=au%2Crdu&mv=m&mvi=3&pl=16&initcwndbps=546250&vprv=1&mime=video%2Fwebm&ns=qmEBLGk0Hb8_lQtDKlT6ICYF&gir=yes&clen=4925291&dur=198.298&lmt=1481953013620917&mt=1611742362&fvip=3&keepalive=yes&c=WEB&n=Mjd-abDahgHOyod7pJx-&sparams=expire%2Cei%2Cip%2Cid%2Caitags%2Csource%2Crequiressl%2Cvprv%2Cmime%2Cns%2Cgir%2Cclen%2Cdur%2Clmt&lsparams=mh%2Cmm%2Cmn%2Cms%2Cmv%2Cmvi%2Cpl%2Cinitcwndbps&lsig=AG3C_xAwRgIhAJUDHdiowjDUsUIFS_I7Bdjy6DnfJ-dkYXp8x7KArfrUAiEAtVr4KR02Nicr34dZkN0JDtZ5Edu0GttSAaJS4tCCcyc%3D&sig=AOq0QJ8wRQIgAQ4LMz0dqwclR2TzqkY74fhSdqipokOdoWJQzqkRNFwCIQDCOp6PHgcRkYjW0wB7tL4mQAcG7FdO3-C9CEMS3qKRTQ==&ratebypass=yes", "player_url": "/s/player/c6df6ed7/player_ias.vflset/en_US/base.js", "ext": "webm", "height": 240, "format_note": "240p", "vcodec": "vp9", "asr": null, "filesize": 4925291, "fps": 30, "tbr": 236.511, "width": 426, "acodec": "none", "downloader_options": {"http_chunk_size": 10485760}, "format": "242 - 426x240 (240p)", "protocol": "https", "http_headers": {"User-Agent": "Mozilla/5.0 (Windows NT 10.0; Win64; x64) AppleWebKit/537.36 (KHTML, like Gecko) Chrome/72.0.3626.25 Safari/537.36", "Accept-Charset": "ISO-8859-1,utf-8;q=0.7,*;q=0.7", "Accept": "text/html,application/xhtml+xml,application/xml;q=0.9,*/*;q=0.8", "Accept-Encoding": "gzip, deflate", "Accept-Language": "en-us,en;q=0.5"}}, {"format_id": "133", "url": "https://r3---sn-5njj-u2xl.googlevideo.com/videoplayback?expire=1611764325&ei=BT4RYIjgH4u0lQT3zb_IAQ&ip=140.109.135.76&id=o-ALi9IBvtRSuteSo_2W73QKU0blLpCF5PnE0gOdG9XKyG&itag=133&aitags=133%2C134%2C135%2C136%2C137%2C160%2C242%2C243%2C244%2C247%2C248%2C278&source=youtube&requiressl=yes&mh=HA&mm=31%2C29&mn=sn-5njj-u2xl%2Csn-un57en7e&ms=au%2Crdu&mv=m&mvi=3&pl=16&initcwndbps=546250&vprv=1&mime=video%2Fmp4&ns=qmEBLGk0Hb8_lQtDKlT6ICYF&gir=yes&clen=6096403&dur=198.331&lmt=1482049634688410&mt=1611742362&fvip=3&keepalive=yes&c=WEB&n=Mjd-abDahgHOyod7pJx-&sparams=expire%2Cei%2Cip%2Cid%2Caitags%2Csource%2Crequiressl%2Cvprv%2Cmime%2Cns%2Cgir%2Cclen%2Cdur%2Clmt&lsparams=mh%2Cmm%2Cmn%2Cms%2Cmv%2Cmvi%2Cpl%2Cinitcwndbps&lsig=AG3C_xAwRAIgQn37lW1CkeG4UhvyOe1KNI8IQhBm4Z8m5nAiyO6UhB8CIEa7BEBj9srwQeITeyN3S5U2SwcCfbV3_qr8rRKuxTDn&sig=AOq0QJ8wRQIhAIC0eNJg78FiSvM-QT2Dd_CcbleWMQYhfhtoKAEUL7FnAiABve9NI9-b_PLdti6UaJeJxWHNoXCxxJozmm1rm65a8w==&ratebypass=yes", "player_url": "/s/player/c6df6ed7/player_ias.vflset/en_US/base.js", "ext": "mp4", "height": 240, "format_note": "240p", "vcodec": "avc1.4d4015", "asr": null, "filesize": 6096403, "fps": 30, "tbr": 248.848, "width": 426, "acodec": "none", "downloader_options": {"http_chunk_size": 10485760}, "format": "133 - 426x240 (240p)", "protocol": "https", "http_headers": {"User-Agent": "Mozilla/5.0 (Windows NT 10.0; Win64; x64) AppleWebKit/537.36 (KHTML, like Gecko) Chrome/72.0.3626.25 Safari/537.36", "Accept-Charset": "ISO-8859-1,utf-8;q=0.7,*;q=0.7", "Accept": "text/html,application/xhtml+xml,application/xml;q=0.9,*/*;q=0.8", "Accept-Encoding": "gzip, deflate", "Accept-Language": "en-us,en;q=0.5"}}, {"format_id": "243", "url": "https://r3---sn-5njj-u2xl.googlevideo.com/videoplayback?expire=1611764325&ei=BT4RYIjgH4u0lQT3zb_IAQ&ip=140.109.135.76&id=o-ALi9IBvtRSuteSo_2W73QKU0blLpCF5PnE0gOdG9XKyG&itag=243&aitags=133%2C134%2C135%2C136%2C137%2C160%2C242%2C243%2C244%2C247%2C248%2C278&source=youtube&requiressl=yes&mh=HA&mm=31%2C29&mn=sn-5njj-u2xl%2Csn-un57en7e&ms=au%2Crdu&mv=m&mvi=3&pl=16&initcwndbps=546250&vprv=1&mime=video%2Fwebm&ns=qmEBLGk0Hb8_lQtDKlT6ICYF&gir=yes&clen=9475818&dur=198.298&lmt=1481953097560636&mt=1611742362&fvip=3&keepalive=yes&c=WEB&n=Mjd-abDahgHOyod7pJx-&sparams=expire%2Cei%2Cip%2Cid%2Caitags%2Csource%2Crequiressl%2Cvprv%2Cmime%2Cns%2Cgir%2Cclen%2Cdur%2Clmt&lsparams=mh%2Cmm%2Cmn%2Cms%2Cmv%2Cmvi%2Cpl%2Cinitcwndbps&lsig=AG3C_xAwRQIgOgxELsfgyWb1T5_VFXXfcapRr26AZ9_3CtiX1GFVdvkCIQC9lHzf8pzUkVQJuBwVowpbrRMMaQSMS9Iu_FNLBlE3uw%3D%3D&sig=AOq0QJ8wRgIhAOSG6NcTigcyNiLi0P16poolcNfozt8lpAaF0xtn_VPaAiEA6-AZCnGe3TwCEOjo6hAcdYcj1NdZvcLISAIINx77tQg=&ratebypass=yes", "player_url": "/s/player/c6df6ed7/player_ias.vflset/en_US/base.js", "ext": "webm", "height": 360, "format_note": "360p", "vcodec": "vp9", "asr": null, "filesize": 9475818, "fps": 30, "tbr": 440.115, "width": 640, "acodec": "none", "downloader_options": {"http_chunk_size": 10485760}, "format": "243 - 640x360 (360p)", "protocol": "https", "http_headers": {"User-Agent": "Mozilla/5.0 (Windows NT 10.0; Win64; x64) AppleWebKit/537.36 (KHTML, like Gecko) Chrome/72.0.3626.25 Safari/537.36", "Accept-Charset": "ISO-8859-1,utf-8;q=0.7,*;q=0.7", "Accept": "text/html,application/xhtml+xml,application/xml;q=0.9,*/*;q=0.8", "Accept-Encoding": "gzip, deflate", "Accept-Language": "en-us,en;q=0.5"}}, {"format_id": "134", "url": "https://r3---sn-5njj-u2xl.googlevideo.com/videoplayback?expire=1611764325&ei=BT4RYIjgH4u0lQT3zb_IAQ&ip=140.109.135.76&id=o-ALi9IBvtRSuteSo_2W73QKU0blLpCF5PnE0gOdG9XKyG&itag=134&aitags=133%2C134%2C135%2C136%2C137%2C160%2C242%2C243%2C244%2C247%2C248%2C278&source=youtube&requiressl=yes&mh=HA&mm=31%2C29&mn=sn-5njj-u2xl%2Csn-un57en7e&ms=au%2Crdu&mv=m&mvi=3&pl=16&initcwndbps=546250&vprv=1&mime=video%2Fmp4&ns=qmEBLGk0Hb8_lQtDKlT6ICYF&gir=yes&clen=8196873&dur=198.331&lmt=1482049635183330&mt=1611742362&fvip=3&keepalive=yes&c=WEB&n=Mjd-abDahgHOyod7pJx-&sparams=expire%2Cei%2Cip%2Cid%2Caitags%2Csource%2Crequiressl%2Cvprv%2Cmime%2Cns%2Cgir%2Cclen%2Cdur%2Clmt&lsparams=mh%2Cmm%2Cmn%2Cms%2Cmv%2Cmvi%2Cpl%2Cinitcwndbps&lsig=AG3C_xAwRQIgdynUdb9E1ZYcnoubW5bir6qH2xp-N0RZV8ynoDaq-g8CIQCcUJ8D0Wa899F3U7pRPH3eElpQZ_JU4Azgwfwyls2k2Q%3D%3D&sig=AOq0QJ8wRQIgNxPKc5skFX4ZTNgxynSLt9yigvZ7iA0mHrpq1d1tadYCIQDSOgVjQn-EY6wHZnohIfXU1T8W_kXdcUwxXHIIiNHxsg==&ratebypass=yes", "player_url": "/s/player/c6df6ed7/player_ias.vflset/en_US/base.js", "ext": "mp4", "height": 360, "format_note": "360p", "vcodec": "avc1.4d401e", "asr": null, "filesize": 8196873, "fps": 30, "tbr": 462.086, "width": 640, "acodec": "none", "downloader_options": {"http_chunk_size": 10485760}, "format": "134 - 640x360 (360p)", "protocol": "https", "http_headers": {"User-Agent": "Mozilla/5.0 (Windows NT 10.0; Win64; x64) AppleWebKit/537.36 (KHTML, like Gecko) Chrome/72.0.3626.25 Safari/537.36", "Accept-Charset": "ISO-8859-1,utf-8;q=0.7,*;q=0.7", "Accept": "text/html,application/xhtml+xml,application/xml;q=0.9,*/*;q=0.8", "Accept-Encoding": "gzip, deflate", "Accept-Language": "en-us,en;q=0.5"}}, {"format_id": "244", "url": "https://r3---sn-5njj-u2xl.googlevideo.com/videoplayback?expire=1611764325&ei=BT4RYIjgH4u0lQT3zb_IAQ&ip=140.109.135.76&id=o-ALi9IBvtRSuteSo_2W73QKU0blLpCF5PnE0gOdG9XKyG&itag=244&aitags=133%2C134%2C135%2C136%2C137%2C160%2C242%2C243%2C244%2C247%2C248%2C278&source=youtube&requiressl=yes&mh=HA&mm=31%2C29&mn=sn-5njj-u2xl%2Csn-un57en7e&ms=au%2Crdu&mv=m&mvi=3&pl=16&initcwndbps=546250&vprv=1&mime=video%2Fwebm&ns=qmEBLGk0Hb8_lQtDKlT6ICYF&gir=yes&clen=16536064&dur=198.298&lmt=1481953070662538&mt=1611742362&fvip=3&keepalive=yes&c=WEB&n=Mjd-abDahgHOyod7pJx-&sparams=expire%2Cei%2Cip%2Cid%2Caitags%2Csource%2Crequiressl%2Cvprv%2Cmime%2Cns%2Cgir%2Cclen%2Cdur%2Clmt&lsparams=mh%2Cmm%2Cmn%2Cms%2Cmv%2Cmvi%2Cpl%2Cinitcwndbps&lsig=AG3C_xAwRgIhAMXrYKVpolhv_c2iHrGdyk5msonP6X_AKY7O8RMpxuOjAiEAhMNkxt8kgevJFNcaJZAgJB46FKpLzC8Id1qtFLv56QA%3D&sig=AOq0QJ8wRAIgBe7D8uzzA5AgCf6JXF09v22-qHkUgemvIPYbXm8gd6oCIEcwwZsc2FTnTwNjKdIPesEuyMz56GrynOUm7VKUn7Do&ratebypass=yes", "player_url": "/s/player/c6df6ed7/player_ias.vflset/en_US/base.js", "ext": "webm", "height": 480, "format_note": "480p", "vcodec": "vp9", "asr": null, "filesize": 16536064, "fps": 30, "tbr": 802.184, "width": 854, "acodec": "none", "downloader_options": {"http_chunk_size": 10485760}, "format": "244 - 854x480 (480p)", "protocol": "https", "http_headers": {"User-Agent": "Mozilla/5.0 (Windows NT 10.0; Win64; x64) AppleWebKit/537.36 (KHTML, like Gecko) Chrome/72.0.3626.25 Safari/537.36", "Accept-Charset": "ISO-8859-1,utf-8;q=0.7,*;q=0.7", "Accept": "text/html,application/xhtml+xml,application/xml;q=0.9,*/*;q=0.8", "Accept-Encoding": "gzip, deflate", "Accept-Language": "en-us,en;q=0.5"}}, {"format_id": "135", "url": "https://r3---sn-5njj-u2xl.googlevideo.com/videoplayback?expire=1611764325&ei=BT4RYIjgH4u0lQT3zb_IAQ&ip=140.109.135.76&id=o-ALi9IBvtRSuteSo_2W73QKU0blLpCF5PnE0gOdG9XKyG&itag=135&aitags=133%2C134%2C135%2C136%2C137%2C160%2C242%2C243%2C244%2C247%2C248%2C278&source=youtube&requiressl=yes&mh=HA&mm=31%2C29&mn=sn-5njj-u2xl%2Csn-un57en7e&ms=au%2Crdu&mv=m&mvi=3&pl=16&initcwndbps=546250&vprv=1&mime=video%2Fmp4&ns=qmEBLGk0Hb8_lQtDKlT6ICYF&gir=yes&clen=16136077&dur=198.331&lmt=1482049025127800&mt=1611742362&fvip=3&keepalive=yes&c=WEB&n=Mjd-abDahgHOyod7pJx-&sparams=expire%2Cei%2Cip%2Cid%2Caitags%2Csource%2Crequiressl%2Cvprv%2Cmime%2Cns%2Cgir%2Cclen%2Cdur%2Clmt&lsparams=mh%2Cmm%2Cmn%2Cms%2Cmv%2Cmvi%2Cpl%2Cinitcwndbps&lsig=AG3C_xAwRgIhAJgcrPNnNk9WuG_-4asSFe_gFblOKxM-hUapo8eEYBKdAiEAldvRWkw6UKFUAZH2zrSI7Wi-U3y0UqCE78_kahuw7aA%3D&sig=AOq0QJ8wRgIhAK3tPlHoZ0OtYmYwrDCYpnBV3jBMGJFrEvFb5X-z6heEAiEA6wK3EnrsuLGJIMhWd7AFIFXWLsLsZ8iENOFTg_ep_jk=&ratebypass=yes", "player_url": "/s/player/c6df6ed7/player_ias.vflset/en_US/base.js", "ext": "mp4", "height": 480, "format_note": "480p", "vcodec": "avc1.4d401f", "asr": null, "filesize": 16136077, "fps": 30, "tbr": 1004.421, "width": 854, "acodec": "none", "downloader_options": {"http_chunk_size": 10485760}, "format": "135 - 854x480 (480p)", "protocol": "https", "http_headers": {"User-Agent": "Mozilla/5.0 (Windows NT 10.0; Win64; x64) AppleWebKit/537.36 (KHTML, like Gecko) Chrome/72.0.3626.25 Safari/537.36", "Accept-Charset": "ISO-8859-1,utf-8;q=0.7,*;q=0.7", "Accept": "text/html,application/xhtml+xml,application/xml;q=0.9,*/*;q=0.8", "Accept-Encoding": "gzip, deflate", "Accept-Language": "en-us,en;q=0.5"}}, {"format_id": "247", "url": "https://r3---sn-5njj-u2xl.googlevideo.com/videoplayback?expire=1611764325&ei=BT4RYIjgH4u0lQT3zb_IAQ&ip=140.109.135.76&id=o-ALi9IBvtRSuteSo_2W73QKU0blLpCF5PnE0gOdG9XKyG&itag=247&aitags=133%2C134%2C135%2C136%2C137%2C160%2C242%2C243%2C244%2C247%2C248%2C278&source=youtube&requiressl=yes&mh=HA&mm=31%2C29&mn=sn-5njj-u2xl%2Csn-un57en7e&ms=au%2Crdu&mv=m&mvi=3&pl=16&initcwndbps=546250&vprv=1&mime=video%2Fwebm&ns=qmEBLGk0Hb8_lQtDKlT6ICYF&gir=yes&clen=33173900&dur=198.298&lmt=1481953071395045&mt=1611742362&fvip=3&keepalive=yes&c=WEB&n=Mjd-abDahgHOyod7pJx-&sparams=expire%2Cei%2Cip%2Cid%2Caitags%2Csource%2Crequiressl%2Cvprv%2Cmime%2Cns%2Cgir%2Cclen%2Cdur%2Clmt&lsparams=mh%2Cmm%2Cmn%2Cms%2Cmv%2Cmvi%2Cpl%2Cinitcwndbps&lsig=AG3C_xAwRQIhALNNipU9Dk1_RMbsBwpiAhkqivdYVnHxp3WnbPVejab2AiBX7KyfmC1hwPR2inejcw9PsKGUbmWtcdpDPfZeqGhFYA%3D%3D&sig=AOq0QJ8wRgIhAKKF3U8v1X7GVnh8i01pEFOoXxjbdHS8hXsLrgaLiVflAiEAo_6aSQbXbu3kwCeEfmqVGQxbb6GOq_LIERDuhNz6ZbE=&ratebypass=yes", "player_url": "/s/player/c6df6ed7/player_ias.vflset/en_US/base.js", "ext": "webm", "height": 720, "format_note": "720p", "vcodec": "vp9", "asr": null, "filesize": 33173900, "fps": 30, "tbr": 1589.98, "width": 1280, "acodec": "none", "downloader_options": {"http_chunk_size": 10485760}, "format": "247 - 1280x720 (720p)", "protocol": "https", "http_headers": {"User-Agent": "Mozilla/5.0 (Windows NT 10.0; Win64; x64) AppleWebKit/537.36 (KHTML, like Gecko) Chrome/72.0.3626.25 Safari/537.36", "Accept-Charset": "ISO-8859-1,utf-8;q=0.7,*;q=0.7", "Accept": "text/html,application/xhtml+xml,application/xml;q=0.9,*/*;q=0.8", "Accept-Encoding": "gzip, deflate", "Accept-Language": "en-us,en;q=0.5"}}, {"format_id": "136", "url": "https://r3---sn-5njj-u2xl.googlevideo.com/videoplayback?expire=1611764325&ei=BT4RYIjgH4u0lQT3zb_IAQ&ip=140.109.135.76&id=o-ALi9IBvtRSuteSo_2W73QKU0blLpCF5PnE0gOdG9XKyG&itag=136&aitags=133%2C134%2C135%2C136%2C137%2C160%2C242%2C243%2C244%2C247%2C248%2C278&source=youtube&requiressl=yes&mh=HA&mm=31%2C29&mn=sn-5njj-u2xl%2Csn-un57en7e&ms=au%2Crdu&mv=m&mvi=3&pl=16&initcwndbps=546250&vprv=1&mime=video%2Fmp4&ns=qmEBLGk0Hb8_lQtDKlT6ICYF&gir=yes&clen=29273241&dur=198.331&lmt=1482049019911036&mt=1611742362&fvip=3&keepalive=yes&c=WEB&n=Mjd-abDahgHOyod7pJx-&sparams=expire%2Cei%2Cip%2Cid%2Caitags%2Csource%2Crequiressl%2Cvprv%2Cmime%2Cns%2Cgir%2Cclen%2Cdur%2Clmt&lsparams=mh%2Cmm%2Cmn%2Cms%2Cmv%2Cmvi%2Cpl%2Cinitcwndbps&lsig=AG3C_xAwRQIhAOItlo-0EbLdXPE5Vld6S-g7BHGoNGv2v7Ba2LSiDIxtAiAhxXikFtuhSC0yAfkis0dB7ys1WDoA2uF619c9WXXbLg%3D%3D&sig=AOq0QJ8wRQIgWzl9xJG5EVCseBWsEPQfKl01VUjQdqrGwQZsDAqN3TQCIQCiMb_-bHuXC7DkTVswi7GGPrV7xqcWbHCqFwdS8k1tOQ==&ratebypass=yes", "player_url": "/s/player/c6df6ed7/player_ias.vflset/en_US/base.js", "ext": "mp4", "height": 720, "format_note": "720p", "vcodec": "avc1.4d401f", "asr": null, "filesize": 29273241, "fps": 30, "tbr": 2130.392, "width": 1280, "acodec": "none", "downloader_options": {"http_chunk_size": 10485760}, "format": "136 - 1280x720 (720p)", "protocol": "https", "http_headers": {"User-Agent": "Mozilla/5.0 (Windows NT 10.0; Win64; x64) AppleWebKit/537.36 (KHTML, like Gecko) Chrome/72.0.3626.25 Safari/537.36", "Accept-Charset": "ISO-8859-1,utf-8;q=0.7,*;q=0.7", "Accept": "text/html,application/xhtml+xml,application/xml;q=0.9,*/*;q=0.8", "Accept-Encoding": "gzip, deflate", "Accept-Language": "en-us,en;q=0.5"}}, {"format_id": "248", "url": "https://r3---sn-5njj-u2xl.googlevideo.com/videoplayback?expire=1611764325&ei=BT4RYIjgH4u0lQT3zb_IAQ&ip=140.109.135.76&id=o-ALi9IBvtRSuteSo_2W73QKU0blLpCF5PnE0gOdG9XKyG&itag=248&aitags=133%2C134%2C135%2C136%2C137%2C160%2C242%2C243%2C244%2C247%2C248%2C278&source=youtube&requiressl=yes&mh=HA&mm=31%2C29&mn=sn-5njj-u2xl%2Csn-un57en7e&ms=au%2Crdu&mv=m&mvi=3&pl=16&initcwndbps=546250&vprv=1&mime=video%2Fwebm&ns=qmEBLGk0Hb8_lQtDKlT6ICYF&gir=yes&clen=61591752&dur=198.298&lmt=1481952613481942&mt=1611742362&fvip=3&keepalive=yes&c=WEB&n=Mjd-abDahgHOyod7pJx-&sparams=expire%2Cei%2Cip%2Cid%2Caitags%2Csource%2Crequiressl%2Cvprv%2Cmime%2Cns%2Cgir%2Cclen%2Cdur%2Clmt&lsparams=mh%2Cmm%2Cmn%2Cms%2Cmv%2Cmvi%2Cpl%2Cinitcwndbps&lsig=AG3C_xAwRQIgEz-dpjAnfJ5MeBw9R82tyQDHGFhdN0KuVl8sNo1aDGcCIQCyQd67GALFIx8tt2c1Q7VmVXIXwsOhrnFq5XYKY9pS8w%3D%3D&sig=AOq0QJ8wRQIgMTtdHNvCU_D8TEzvqHKGqzIeTza0fSEFNr8HI3Heql4CIQDBaye3LBzoxOABJc9jqRmcHGW1131MQbqCszS-FTIy0w==&ratebypass=yes", "player_url": "/s/player/c6df6ed7/player_ias.vflset/en_US/base.js", "ext": "webm", "height": 1080, "format_note": "1080p", "vcodec": "vp9", "asr": null, "filesize": 61591752, "fps": 30, "tbr": 2805.843, "width": 1920, "acodec": "none", "downloader_options": {"http_chunk_size": 10485760}, "format": "248 - 1920x1080 (1080p)", "protocol": "https", "http_headers": {"User-Agent": "Mozilla/5.0 (Windows NT 10.0; Win64; x64) AppleWebKit/537.36 (KHTML, like Gecko) Chrome/72.0.3626.25 Safari/537.36", "Accept-Charset": "ISO-8859-1,utf-8;q=0.7,*;q=0.7", "Accept": "text/html,application/xhtml+xml,application/xml;q=0.9,*/*;q=0.8", "Accept-Encoding": "gzip, deflate", "Accept-Language": "en-us,en;q=0.5"}}, {"format_id": "137", "url": "https://r3---sn-5njj-u2xl.googlevideo.com/videoplayback?expire=1611764325&ei=BT4RYIjgH4u0lQT3zb_IAQ&ip=140.109.135.76&id=o-ALi9IBvtRSuteSo_2W73QKU0blLpCF5PnE0gOdG9XKyG&itag=137&aitags=133%2C134%2C135%2C136%2C137%2C160%2C242%2C243%2C244%2C247%2C248%2C278&source=youtube&requiressl=yes&mh=HA&mm=31%2C29&mn=sn-5njj-u2xl%2Csn-un57en7e&ms=au%2Crdu&mv=m&mvi=3&pl=16&initcwndbps=546250&vprv=1&mime=video%2Fmp4&ns=qmEBLGk0Hb8_lQtDKlT6ICYF&gir=yes&clen=50876850&dur=198.331&lmt=1482049264747449&mt=1611742362&fvip=3&keepalive=yes&c=WEB&n=Mjd-abDahgHOyod7pJx-&sparams=expire%2Cei%2Cip%2Cid%2Caitags%2Csource%2Crequiressl%2Cvprv%2Cmime%2Cns%2Cgir%2Cclen%2Cdur%2Clmt&lsparams=mh%2Cmm%2Cmn%2Cms%2Cmv%2Cmvi%2Cpl%2Cinitcwndbps&lsig=AG3C_xAwRAIgF8qfcByh8fDBk8u7SA6ufcGxdRC1nvII-0iJeZMcOJMCIHsTvoTrL75dn0l17lbqOnN3tTqi5wLURAsZYkqD82M8&sig=AOq0QJ8wRAIgbz4H4agEh_Kw-Z_vVev61Sp-1dS8JBRzwi3a0hNpnbUCIBB2jqt13S6fRRUdaaMMpfgtP4-CiHd8Gs8BSz9SRCPl&ratebypass=yes", "player_url": "/s/player/c6df6ed7/player_ias.vflset/en_US/base.js", "ext": "mp4", "height": 1080, "format_note": "1080p", "vcodec": "avc1.640028", "asr": null, "filesize": 50876850, "fps": 30, "tbr": 3951.382, "width": 1920, "acodec": "none", "downloader_options": {"http_chunk_size": 10485760}, "format": "137 - 1920x1080 (1080p)", "protocol": "https", "http_headers": {"User-Agent": "Mozilla/5.0 (Windows NT 10.0; Win64; x64) AppleWebKit/537.36 (KHTML, like Gecko) Chrome/72.0.3626.25 Safari/537.36", "Accept-Charset": "ISO-8859-1,utf-8;q=0.7,*;q=0.7", "Accept": "text/html,application/xhtml+xml,application/xml;q=0.9,*/*;q=0.8", "Accept-Encoding": "gzip, deflate", "Accept-Language": "en-us,en;q=0.5"}}, {"format_id": "18", "url": "https://r3---sn-5njj-u2xl.googlevideo.com/videoplayback?expire=1611764325&ei=BT4RYIjgH4u0lQT3zb_IAQ&ip=140.109.135.76&id=o-ALi9IBvtRSuteSo_2W73QKU0blLpCF5PnE0gOdG9XKyG&itag=18&source=youtube&requiressl=yes&mh=HA&mm=31%2C29&mn=sn-5njj-u2xl%2Csn-un57en7e&ms=au%2Crdu&mv=m&mvi=3&pl=16&initcwndbps=546250&vprv=1&mime=video%2Fmp4&ns=z7YY0DDrsHPVoZYmjhXcKpcF&gir=yes&clen=16230590&ratebypass=yes&dur=198.391&lmt=1482048912950981&mt=1611742362&fvip=3&c=WEB&n=kVQQTYDv8OHyk2-tzLyD&sparams=expire%2Cei%2Cip%2Cid%2Citag%2Csource%2Crequiressl%2Cvprv%2Cmime%2Cns%2Cgir%2Cclen%2Cratebypass%2Cdur%2Clmt&lsparams=mh%2Cmm%2Cmn%2Cms%2Cmv%2Cmvi%2Cpl%2Cinitcwndbps&lsig=AG3C_xAwRQIhAPqLMaO4y8Fx9oWTI3ntMrY3Dwr-Mk9tXmX0FOZ2gEEPAiBR9NpL8aj7aQcwDCJLuQG3Wnh85xdfC76XOtlqSVZ1jw%3D%3D&sig=AOq0QJ8wRQIhAJLE9PgP_yHRWNRbKGlSrruIBwznCJiiMw9PJ8LBsHQVAiAybic2a0Dyj0_jKn7WPdjfvBp_Uj28_lfjzNG0DpmD0A==", "player_url": "/s/player/c6df6ed7/player_ias.vflset/en_US/base.js", "ext": "mp4", "width": 640, "height": 360, "acodec": "mp4a.40.2", "abr": 96, "vcodec": "avc1.42001E", "asr": 44100, "filesize": 16230590, "format_note": "360p", "fps": 30, "tbr": 654.686, "format": "18 - 640x360 (360p)", "protocol": "https", "http_headers": {"User-Agent": "Mozilla/5.0 (Windows NT 10.0; Win64; x64) AppleWebKit/537.36 (KHTML, like Gecko) Chrome/72.0.3626.25 Safari/537.36", "Accept-Charset": "ISO-8859-1,utf-8;q=0.7,*;q=0.7", "Accept": "text/html,application/xhtml+xml,application/xml;q=0.9,*/*;q=0.8", "Accept-Encoding": "gzip, deflate", "Accept-Language": "en-us,en;q=0.5"}}], "is_live": null, "start_time": null, "end_time": null, "series": null, "season_number": null, "episode_number": null, "track": "Goblin\ub3c4\uae68\ube44 OST3 - Hush by Lasse Lindh - piano cover w/ sheet music", "artist": null, "album": null, "release_date": null, "release_year": null, "extractor": "youtube", "webpage_url_basename": "watch", "extractor_key": "Youtube", "playlist": null, "playlist_index": null, "thumbnail": "https://i.ytimg.com/vi/U-tChKTv-qc/hqdefault.jpg?sqp=-oaymwEZCNACELwBSFXyq4qpAwsIARUAAIhCGAFwAQ==&rs=AOn4CLAEvtHzl2K95Ml07eeLolfIpR0MkQ", "display_id": "U-tChKTv-qc", "requested_subtitles": null, "format_id": "251", "url": "https://r3---sn-5njj-u2xl.googlevideo.com/videoplayback?expire=1611764325&ei=BT4RYIjgH4u0lQT3zb_IAQ&ip=140.109.135.76&id=o-ALi9IBvtRSuteSo_2W73QKU0blLpCF5PnE0gOdG9XKyG&itag=251&source=youtube&requiressl=yes&mh=HA&mm=31%2C29&mn=sn-5njj-u2xl%2Csn-un57en7e&ms=au%2Crdu&mv=m&mvi=3&pl=16&initcwndbps=546250&vprv=1&mime=audio%2Fwebm&ns=qmEBLGk0Hb8_lQtDKlT6ICYF&gir=yes&clen=3716527&dur=198.341&lmt=1481952199499718&mt=1611742362&fvip=3&keepalive=yes&c=WEB&n=Mjd-abDahgHOyod7pJx-&sparams=expire%2Cei%2Cip%2Cid%2Citag%2Csource%2Crequiressl%2Cvprv%2Cmime%2Cns%2Cgir%2Cclen%2Cdur%2Clmt&lsparams=mh%2Cmm%2Cmn%2Cms%2Cmv%2Cmvi%2Cpl%2Cinitcwndbps&lsig=AG3C_xAwRgIhAOyVcK7QXDKTAbbrD_naCau2ag7NTHBnPKNN-XRJmWEcAiEAiYSoIduRAqzRkGSAsOgjQBKqATNZYpprwr62sQYgTxI%3D&sig=AOq0QJ8wRAIgYpZ5jTArczH3OTq6l7QOnKCBssrnbZMyfxeVDY_zRVcCIDBlcMhPXF5eYQ5LVsJbhTN-UqPE7dtJ-kE_Ejy7kCLI&ratebypass=yes", "player_url": "/s/player/c6df6ed7/player_ias.vflset/en_US/base.js", "ext": "webm", "format_note": "tiny", "acodec": "opus", "abr": 160, "asr": 48000, "filesize": 3716527, "fps": null, "height": null, "tbr": 163.406, "width": null, "vcodec": "none", "downloader_options": {"http_chunk_size": 10485760}, "format": "251 - audio only (tiny)", "protocol": "https", "http_headers": {"User-Agent": "Mozilla/5.0 (Windows NT 10.0; Win64; x64) AppleWebKit/537.36 (KHTML, like Gecko) Chrome/72.0.3626.25 Safari/537.36", "Accept-Charset": "ISO-8859-1,utf-8;q=0.7,*;q=0.7", "Accept": "text/html,application/xhtml+xml,application/xml;q=0.9,*/*;q=0.8", "Accept-Encoding": "gzip, deflate", "Accept-Language": "en-us,en;q=0.5"}}