{"id": "WQrPcuy50aA", "uploader": "Laurie Th\u00e9berge", "uploader_id": "UCS_eQYb7OAZJ_MOcdlKVg1w", "uploader_url": "http://www.youtube.com/channel/UCS_eQYb7OAZJ_MOcdlKVg1w", "channel_id": "UCS_eQYb7OAZJ_MOcdlKVg1w", "channel_url": "http://www.youtube.com/channel/UCS_eQYb7OAZJ_MOcdlKVg1w", "upload_date": "20200708", "license": null, "creator": null, "title": "ANNE with an 'E' - You Can Ride in Back (Piano Cover)", "alt_title": null, "thumbnails": [{"url": "https://i.ytimg.com/vi/WQrPcuy50aA/hqdefault.jpg?sqp=-oaymwEYCKgBEF5IVfKriqkDCwgBFQAAiEIYAXAB&rs=AOn4CLDdJQyD5nCqYLMmigDmyNw2YFNQWg", "width": 168, "height": 94, "resolution": "168x94", "id": "0"}, {"url": "https://i.ytimg.com/vi/WQrPcuy50aA/hqdefault.jpg?sqp=-oaymwEYCMQBEG5IVfKriqkDCwgBFQAAiEIYAXAB&rs=AOn4CLC42XMSbrCzHVzWwAFGkKT5i9Yc1w", "width": 196, "height": 110, "resolution": "196x110", "id": "1"}, {"url": "https://i.ytimg.com/vi/WQrPcuy50aA/hqdefault.jpg?sqp=-oaymwEZCPYBEIoBSFXyq4qpAwsIARUAAIhCGAFwAQ==&rs=AOn4CLBheLnEi6renh3xENiSODmMQ51Lbw", "width": 246, "height": 138, "resolution": "246x138", "id": "2"}, {"url": "https://i.ytimg.com/vi/WQrPcuy50aA/hqdefault.jpg?sqp=-oaymwEZCNACELwBSFXyq4qpAwsIARUAAIhCGAFwAQ==&rs=AOn4CLDt36joeD10bi9V1glsFRG7K7S5yA", "width": 336, "height": 188, "resolution": "336x188", "id": "3"}, {"url": "https://i.ytimg.com/vi_webp/WQrPcuy50aA/maxresdefault.webp", "width": 1920, "height": 1080, "resolution": "1920x1080", "id": "4"}], "description": "I just finished watching this more than amazing series. It's very rare that shows get better as they get older but it is the case with ANNE. And to find out that it was stupidly cancelled at the peak of its art. So frustrating. Please go sign the petition so we can have another season! None of the stories are concluded, Netflix needs to fix this! Anyways, the music is gorgeous and I hope to make more covers of different pieces in the next few days. \nI hope you like it.\nThanks for watching!!!", "categories": ["Music"], "tags": null, "subtitles": {}, "automatic_captions": {}, "duration": 112, "age_limit": 0, "annotations": null, "chapters": null, "webpage_url": "https://www.youtube.com/watch?v=WQrPcuy50aA", "view_count": 2075, "like_count": 131, "dislike_count": null, "average_rating": 5.0, "formats": [{"ext": "m4a", "format_note": "DASH audio", "acodec": "mp4a.40.5", "abr": 48, "container": "m4a_dash", "format_id": "139", "manifest_url": "https://manifest.googlevideo.com/api/manifest/dash/expire/1608485389/ei/rTXfX8TMOcrBqQGch4aADw/ip/140.109.135.76/id/590acf72ecb9d1a0/source/youtube/requiressl/yes/playback_host/r2---sn-5njj-u2xl.googlevideo.com/mh/yY/mm/31%2C29/mn/sn-5njj-u2xl%2Csn-un57en7e/ms/au%2Crdu/mv/m/mvi/2/pl/16/hfr/all/as/fmp4_audio_clear%2Cwebm_audio_clear%2Cwebm2_audio_clear%2Cfmp4_sd_hd_clear%2Cwebm2_sd_hd_clear/initcwndbps/690000/vprv/1/mt/1608463244/fvip/2/keepalive/yes/itag/0/sparams/expire%2Cei%2Cip%2Cid%2Csource%2Crequiressl%2Chfr%2Cas%2Cvprv%2Citag/sig/AOq0QJ8wRgIhAJmK9oaYAJFOty4_PzLASFKg-GDRAu7F-iT-urXM8iUbAiEAlAZS0m8vfiyrO0_p49n3XxscMWFqH250xFiAEJoBJ9E%3D/lsparams/playback_host%2Cmh%2Cmm%2Cmn%2Cms%2Cmv%2Cmvi%2Cpl%2Cinitcwndbps/lsig/AG3C_xAwRQIhALnwsFl45HD0zkHD_MYXbuaaV08yCs2vlG5vQyRN1kXmAiBKmV4Zzb-oNwELhUNKmP6jm-okTAIcJm8tC23d6ic_Sw%3D%3D", "width": null, "height": null, "tbr": 49.895, "asr": 22050, "fps": null, "language": null, "filesize": null, "vcodec": "none", "url": "https://manifest.googlevideo.com/api/manifest/dash/expire/1608485389/ei/rTXfX8TMOcrBqQGch4aADw/ip/140.109.135.76/id/590acf72ecb9d1a0/source/youtube/requiressl/yes/playback_host/r2---sn-5njj-u2xl.googlevideo.com/mh/yY/mm/31%2C29/mn/sn-5njj-u2xl%2Csn-un57en7e/ms/au%2Crdu/mv/m/mvi/2/pl/16/hfr/all/as/fmp4_audio_clear%2Cwebm_audio_clear%2Cwebm2_audio_clear%2Cfmp4_sd_hd_clear%2Cwebm2_sd_hd_clear/initcwndbps/690000/vprv/1/mt/1608463244/fvip/2/keepalive/yes/itag/0/sparams/expire%2Cei%2Cip%2Cid%2Csource%2Crequiressl%2Chfr%2Cas%2Cvprv%2Citag/sig/AOq0QJ8wRgIhAJmK9oaYAJFOty4_PzLASFKg-GDRAu7F-iT-urXM8iUbAiEAlAZS0m8vfiyrO0_p49n3XxscMWFqH250xFiAEJoBJ9E%3D/lsparams/playback_host%2Cmh%2Cmm%2Cmn%2Cms%2Cmv%2Cmvi%2Cpl%2Cinitcwndbps/lsig/AG3C_xAwRQIhALnwsFl45HD0zkHD_MYXbuaaV08yCs2vlG5vQyRN1kXmAiBKmV4Zzb-oNwELhUNKmP6jm-okTAIcJm8tC23d6ic_Sw%3D%3D", "fragment_base_url": "https://r2---sn-5njj-u2xl.googlevideo.com/videoplayback/expire/1608485389/ei/rTXfX8TMOcrBqQGch4aADw/ip/140.109.135.76/id/590acf72ecb9d1a0/itag/139/source/youtube/requiressl/yes/mh/yY/mm/31,29/mn/sn-5njj-u2xl,sn-un57en7e/ms/au,rdu/mv/m/mvi/2/pl/16/initcwndbps/690000/vprv/1/ratebypass/yes/mime/audio%2Fmp4/otfp/1/gir/yes/clen/684260/lmt/1594266508608714/dur/111.966/mt/1608463244/fvip/2/keepalive/yes/sparams/expire,ei,ip,id,itag,source,requiressl,vprv,ratebypass,mime,otfp,gir,clen,lmt,dur/sig/AOq0QJ8wRAIgNGU-zcFgHGwO1Hlt3ziACaDQiPnO2xZnsi--EHYGcaUCIGJeIH8ULTvykuSUxnoRF6zExQxBPEFdDVNRKFoa7vC1/lsparams/mh,mm,mn,ms,mv,mvi,pl,initcwndbps/lsig/AG3C_xAwRQIhAIYkwFPvgW6ipX8yWFy0gqsm_kXzdFPspYUmFJJzvk3oAiBfPHilNqvaIZl5Hp0guxs4Ifb5WJb4rDWNL1bntONZWg%3D%3D/", "fragments": [{"path": "range/0-640"}, {"path": "range/817-62275", "duration": 9.985}, {"path": "range/62276-123166", "duration": 9.984}, {"path": "range/123167-184033", "duration": 9.985}, {"path": "range/184034-244835", "duration": 9.984}, {"path": "range/244836-305835", "duration": 9.985}, {"path": "range/305836-366538", "duration": 9.984}, {"path": "range/366539-427445", "duration": 9.985}, {"path": "range/427446-488341", "duration": 9.985}, {"path": "range/488342-549209", "duration": 9.984}, {"path": "range/549210-610003", "duration": 9.985}, {"path": "range/610004-671081", "duration": 9.984}, {"path": "range/671082-684259", "duration": 2.136}], "protocol": "http_dash_segments", "format": "139 - audio only (DASH audio)", "http_headers": {"User-Agent": "Mozilla/5.0 (Windows NT 10.0; Win64; x64) AppleWebKit/537.36 (KHTML, like Gecko) Chrome/70.0.3538.31 Safari/537.36", "Accept-Charset": "ISO-8859-1,utf-8;q=0.7,*;q=0.7", "Accept": "text/html,application/xhtml+xml,application/xml;q=0.9,*/*;q=0.8", "Accept-Encoding": "gzip, deflate", "Accept-Language": "en-us,en;q=0.5"}}, {"ext": "m4a", "format_note": "DASH audio", "acodec": "mp4a.40.2", "abr": 128, "container": "m4a_dash", "format_id": "140", "manifest_url": "https://manifest.googlevideo.com/api/manifest/dash/expire/1608485389/ei/rTXfX8TMOcrBqQGch4aADw/ip/140.109.135.76/id/590acf72ecb9d1a0/source/youtube/requiressl/yes/playback_host/r2---sn-5njj-u2xl.googlevideo.com/mh/yY/mm/31%2C29/mn/sn-5njj-u2xl%2Csn-un57en7e/ms/au%2Crdu/mv/m/mvi/2/pl/16/hfr/all/as/fmp4_audio_clear%2Cwebm_audio_clear%2Cwebm2_audio_clear%2Cfmp4_sd_hd_clear%2Cwebm2_sd_hd_clear/initcwndbps/690000/vprv/1/mt/1608463244/fvip/2/keepalive/yes/itag/0/sparams/expire%2Cei%2Cip%2Cid%2Csource%2Crequiressl%2Chfr%2Cas%2Cvprv%2Citag/sig/AOq0QJ8wRgIhAJmK9oaYAJFOty4_PzLASFKg-GDRAu7F-iT-urXM8iUbAiEAlAZS0m8vfiyrO0_p49n3XxscMWFqH250xFiAEJoBJ9E%3D/lsparams/playback_host%2Cmh%2Cmm%2Cmn%2Cms%2Cmv%2Cmvi%2Cpl%2Cinitcwndbps/lsig/AG3C_xAwRQIhALnwsFl45HD0zkHD_MYXbuaaV08yCs2vlG5vQyRN1kXmAiBKmV4Zzb-oNwELhUNKmP6jm-okTAIcJm8tC23d6ic_Sw%3D%3D", "width": null, "height": null, "tbr": 130.32, "asr": 44100, "fps": null, "language": null, "filesize": null, "vcodec": "none", "url": "https://manifest.googlevideo.com/api/manifest/dash/expire/1608485389/ei/rTXfX8TMOcrBqQGch4aADw/ip/140.109.135.76/id/590acf72ecb9d1a0/source/youtube/requiressl/yes/playback_host/r2---sn-5njj-u2xl.googlevideo.com/mh/yY/mm/31%2C29/mn/sn-5njj-u2xl%2Csn-un57en7e/ms/au%2Crdu/mv/m/mvi/2/pl/16/hfr/all/as/fmp4_audio_clear%2Cwebm_audio_clear%2Cwebm2_audio_clear%2Cfmp4_sd_hd_clear%2Cwebm2_sd_hd_clear/initcwndbps/690000/vprv/1/mt/1608463244/fvip/2/keepalive/yes/itag/0/sparams/expire%2Cei%2Cip%2Cid%2Csource%2Crequiressl%2Chfr%2Cas%2Cvprv%2Citag/sig/AOq0QJ8wRgIhAJmK9oaYAJFOty4_PzLASFKg-GDRAu7F-iT-urXM8iUbAiEAlAZS0m8vfiyrO0_p49n3XxscMWFqH250xFiAEJoBJ9E%3D/lsparams/playback_host%2Cmh%2Cmm%2Cmn%2Cms%2Cmv%2Cmvi%2Cpl%2Cinitcwndbps/lsig/AG3C_xAwRQIhALnwsFl45HD0zkHD_MYXbuaaV08yCs2vlG5vQyRN1kXmAiBKmV4Zzb-oNwELhUNKmP6jm-okTAIcJm8tC23d6ic_Sw%3D%3D", "fragment_base_url": "https://r2---sn-5njj-u2xl.googlevideo.com/videoplayback/expire/1608485389/ei/rTXfX8TMOcrBqQGch4aADw/ip/140.109.135.76/id/590acf72ecb9d1a0/itag/140/source/youtube/requiressl/yes/mh/yY/mm/31,29/mn/sn-5njj-u2xl,sn-un57en7e/ms/au,rdu/mv/m/mvi/2/pl/16/initcwndbps/690000/vprv/1/ratebypass/yes/mime/audio%2Fmp4/otfp/1/gir/yes/clen/1811982/lmt/1594266508610045/dur/111.896/mt/1608463244/fvip/2/keepalive/yes/sparams/expire,ei,ip,id,itag,source,requiressl,vprv,ratebypass,mime,otfp,gir,clen,lmt,dur/sig/AOq0QJ8wRQIgN_F24NWVivS5iJ9nK2-21fLQWysNfflHoy7CDSZ8stcCIQCvY0-L1EisB-rHGBAXF-hud1uYzK-cChdfGA7qfSA4sQ%3D%3D/lsparams/mh,mm,mn,ms,mv,mvi,pl,initcwndbps/lsig/AG3C_xAwRgIhANdCte-wk3S3-PrzztRhdE2xQCjBWvsYmmqLcYj1nLpwAiEA5-7cscysmaxJxbNqPZElG4CB3tmmtaHrzoedDtNBCXs%3D/", "fragments": [{"path": "range/0-631"}, {"path": "range/808-162655", "duration": 9.985}, {"path": "range/162656-324277", "duration": 9.984}, {"path": "range/324278-485861", "duration": 9.985}, {"path": "range/485862-647394", "duration": 9.984}, {"path": "range/647395-809071", "duration": 9.985}, {"path": "range/809072-970535", "duration": 9.984}, {"path": "range/970536-1132169", "duration": 9.985}, {"path": "range/1132170-1293832", "duration": 9.985}, {"path": "range/1293833-1455280", "duration": 9.984}, {"path": "range/1455281-1616755", "duration": 9.985}, {"path": "range/1616756-1778491", "duration": 9.984}, {"path": "range/1778492-1811981", "duration": 2.136}], "protocol": "http_dash_segments", "format": "140 - audio only (DASH audio)", "http_headers": {"User-Agent": "Mozilla/5.0 (Windows NT 10.0; Win64; x64) AppleWebKit/537.36 (KHTML, like Gecko) Chrome/70.0.3538.31 Safari/537.36", "Accept-Charset": "ISO-8859-1,utf-8;q=0.7,*;q=0.7", "Accept": "text/html,application/xhtml+xml,application/xml;q=0.9,*/*;q=0.8", "Accept-Encoding": "gzip, deflate", "Accept-Language": "en-us,en;q=0.5"}}, {"ext": "webm", "format_note": "DASH audio", "acodec": "opus", "abr": 160, "format_id": "251", "manifest_url": "https://manifest.googlevideo.com/api/manifest/dash/expire/1608485389/ei/rTXfX8TMOcrBqQGch4aADw/ip/140.109.135.76/id/590acf72ecb9d1a0/source/youtube/requiressl/yes/playback_host/r2---sn-5njj-u2xl.googlevideo.com/mh/yY/mm/31%2C29/mn/sn-5njj-u2xl%2Csn-un57en7e/ms/au%2Crdu/mv/m/mvi/2/pl/16/hfr/all/as/fmp4_audio_clear%2Cwebm_audio_clear%2Cwebm2_audio_clear%2Cfmp4_sd_hd_clear%2Cwebm2_sd_hd_clear/initcwndbps/690000/vprv/1/mt/1608463244/fvip/2/keepalive/yes/itag/0/sparams/expire%2Cei%2Cip%2Cid%2Csource%2Crequiressl%2Chfr%2Cas%2Cvprv%2Citag/sig/AOq0QJ8wRgIhAJmK9oaYAJFOty4_PzLASFKg-GDRAu7F-iT-urXM8iUbAiEAlAZS0m8vfiyrO0_p49n3XxscMWFqH250xFiAEJoBJ9E%3D/lsparams/playback_host%2Cmh%2Cmm%2Cmn%2Cms%2Cmv%2Cmvi%2Cpl%2Cinitcwndbps/lsig/AG3C_xAwRQIhALnwsFl45HD0zkHD_MYXbuaaV08yCs2vlG5vQyRN1kXmAiBKmV4Zzb-oNwELhUNKmP6jm-okTAIcJm8tC23d6ic_Sw%3D%3D", "width": null, "height": null, "tbr": 158.72, "asr": 48000, "fps": null, "language": null, "filesize": null, "container": "webm_dash", "vcodec": "none", "url": "https://manifest.googlevideo.com/api/manifest/dash/expire/1608485389/ei/rTXfX8TMOcrBqQGch4aADw/ip/140.109.135.76/id/590acf72ecb9d1a0/source/youtube/requiressl/yes/playback_host/r2---sn-5njj-u2xl.googlevideo.com/mh/yY/mm/31%2C29/mn/sn-5njj-u2xl%2Csn-un57en7e/ms/au%2Crdu/mv/m/mvi/2/pl/16/hfr/all/as/fmp4_audio_clear%2Cwebm_audio_clear%2Cwebm2_audio_clear%2Cfmp4_sd_hd_clear%2Cwebm2_sd_hd_clear/initcwndbps/690000/vprv/1/mt/1608463244/fvip/2/keepalive/yes/itag/0/sparams/expire%2Cei%2Cip%2Cid%2Csource%2Crequiressl%2Chfr%2Cas%2Cvprv%2Citag/sig/AOq0QJ8wRgIhAJmK9oaYAJFOty4_PzLASFKg-GDRAu7F-iT-urXM8iUbAiEAlAZS0m8vfiyrO0_p49n3XxscMWFqH250xFiAEJoBJ9E%3D/lsparams/playback_host%2Cmh%2Cmm%2Cmn%2Cms%2Cmv%2Cmvi%2Cpl%2Cinitcwndbps/lsig/AG3C_xAwRQIhALnwsFl45HD0zkHD_MYXbuaaV08yCs2vlG5vQyRN1kXmAiBKmV4Zzb-oNwELhUNKmP6jm-okTAIcJm8tC23d6ic_Sw%3D%3D", "fragment_base_url": "https://r2---sn-5njj-u2xl.googlevideo.com/videoplayback/expire/1608485389/ei/rTXfX8TMOcrBqQGch4aADw/ip/140.109.135.76/id/590acf72ecb9d1a0/itag/251/source/youtube/requiressl/yes/mh/yY/mm/31,29/mn/sn-5njj-u2xl,sn-un57en7e/ms/au,rdu/mv/m/mvi/2/pl/16/initcwndbps/690000/vprv/1/ratebypass/yes/mime/audio%2Fwebm/otfp/1/gir/yes/clen/2136392/lmt/1594266505102207/dur/111.861/mt/1608463244/fvip/2/keepalive/yes/sparams/expire,ei,ip,id,itag,source,requiressl,vprv,ratebypass,mime,otfp,gir,clen,lmt,dur/sig/AOq0QJ8wRgIhAJDJEpkuwybDB8rQsjS_yhCQjemFN2rsscOclAWnEh02AiEAzSbObp-5_nNHleMp8gO2l5viqFPS2izdKO87J8ojPg0%3D/lsparams/mh,mm,mn,ms,mv,mvi,pl,initcwndbps/lsig/AG3C_xAwRgIhAIWyqIDQ6xzpdXSHsLf4IAHJ9dx93dkCkd0_VSayduSvAiEA6yzsP6ixoTfZeLCgFEjS5CK4ud-30f-b55-Xu9AC6RU%3D/", "fragments": [{"path": "range/0-258"}, {"path": "range/460-166187", "duration": 10.001}, {"path": "range/166188-364588", "duration": 10.0}, {"path": "range/364589-560409", "duration": 10.0}, {"path": "range/560410-751265", "duration": 10.0}, {"path": "range/751266-946597", "duration": 10.0}, {"path": "range/946598-1142096", "duration": 10.0}, {"path": "range/1142097-1335096", "duration": 10.0}, {"path": "range/1335097-1521899", "duration": 10.0}, {"path": "range/1521900-1716911", "duration": 10.0}, {"path": "range/1716912-1910353", "duration": 10.0}, {"path": "range/1910354-2105025", "duration": 10.0}, {"path": "range/2105026-2136391", "duration": 1.86}], "protocol": "http_dash_segments", "format": "251 - audio only (DASH audio)", "http_headers": {"User-Agent": "Mozilla/5.0 (Windows NT 10.0; Win64; x64) AppleWebKit/537.36 (KHTML, like Gecko) Chrome/70.0.3538.31 Safari/537.36", "Accept-Charset": "ISO-8859-1,utf-8;q=0.7,*;q=0.7", "Accept": "text/html,application/xhtml+xml,application/xml;q=0.9,*/*;q=0.8", "Accept-Encoding": "gzip, deflate", "Accept-Language": "en-us,en;q=0.5"}}, {"ext": "webm", "height": 144, "format_note": "DASH video", "container": "webm_dash", "vcodec": "vp9", "format_id": "278", "manifest_url": "https://manifest.googlevideo.com/api/manifest/dash/expire/1608485389/ei/rTXfX8TMOcrBqQGch4aADw/ip/140.109.135.76/id/590acf72ecb9d1a0/source/youtube/requiressl/yes/playback_host/r2---sn-5njj-u2xl.googlevideo.com/mh/yY/mm/31%2C29/mn/sn-5njj-u2xl%2Csn-un57en7e/ms/au%2Crdu/mv/m/mvi/2/pl/16/hfr/all/as/fmp4_audio_clear%2Cwebm_audio_clear%2Cwebm2_audio_clear%2Cfmp4_sd_hd_clear%2Cwebm2_sd_hd_clear/initcwndbps/690000/vprv/1/mt/1608463244/fvip/2/keepalive/yes/itag/0/sparams/expire%2Cei%2Cip%2Cid%2Csource%2Crequiressl%2Chfr%2Cas%2Cvprv%2Citag/sig/AOq0QJ8wRgIhAJmK9oaYAJFOty4_PzLASFKg-GDRAu7F-iT-urXM8iUbAiEAlAZS0m8vfiyrO0_p49n3XxscMWFqH250xFiAEJoBJ9E%3D/lsparams/playback_host%2Cmh%2Cmm%2Cmn%2Cms%2Cmv%2Cmvi%2Cpl%2Cinitcwndbps/lsig/AG3C_xAwRQIhALnwsFl45HD0zkHD_MYXbuaaV08yCs2vlG5vQyRN1kXmAiBKmV4Zzb-oNwELhUNKmP6jm-okTAIcJm8tC23d6ic_Sw%3D%3D", "width": 256, "tbr": 95.0, "asr": null, "fps": 30, "language": null, "filesize": null, "acodec": "none", "url": "https://manifest.googlevideo.com/api/manifest/dash/expire/1608485389/ei/rTXfX8TMOcrBqQGch4aADw/ip/140.109.135.76/id/590acf72ecb9d1a0/source/youtube/requiressl/yes/playback_host/r2---sn-5njj-u2xl.googlevideo.com/mh/yY/mm/31%2C29/mn/sn-5njj-u2xl%2Csn-un57en7e/ms/au%2Crdu/mv/m/mvi/2/pl/16/hfr/all/as/fmp4_audio_clear%2Cwebm_audio_clear%2Cwebm2_audio_clear%2Cfmp4_sd_hd_clear%2Cwebm2_sd_hd_clear/initcwndbps/690000/vprv/1/mt/1608463244/fvip/2/keepalive/yes/itag/0/sparams/expire%2Cei%2Cip%2Cid%2Csource%2Crequiressl%2Chfr%2Cas%2Cvprv%2Citag/sig/AOq0QJ8wRgIhAJmK9oaYAJFOty4_PzLASFKg-GDRAu7F-iT-urXM8iUbAiEAlAZS0m8vfiyrO0_p49n3XxscMWFqH250xFiAEJoBJ9E%3D/lsparams/playback_host%2Cmh%2Cmm%2Cmn%2Cms%2Cmv%2Cmvi%2Cpl%2Cinitcwndbps/lsig/AG3C_xAwRQIhALnwsFl45HD0zkHD_MYXbuaaV08yCs2vlG5vQyRN1kXmAiBKmV4Zzb-oNwELhUNKmP6jm-okTAIcJm8tC23d6ic_Sw%3D%3D", "fragment_base_url": "https://r2---sn-5njj-u2xl.googlevideo.com/videoplayback/expire/1608485389/ei/rTXfX8TMOcrBqQGch4aADw/ip/140.109.135.76/id/590acf72ecb9d1a0/itag/278/source/yt_otf/requiressl/yes/mh/yY/mm/31,29/mn/sn-5njj-u2xl,sn-un57en7e/ms/au,rdu/mv/m/mvi/2/pl/16/initcwndbps/690000/vprv/1/ratebypass/yes/mime/video%2Fwebm/otfp/1/otf/1/lmt/1594269833427595/mt/1608463244/fvip/2/keepalive/yes/sparams/expire,ei,ip,id,itag,source,requiressl,vprv,ratebypass,mime,otfp,otf,lmt/sig/AOq0QJ8wRAIgQvMP5eprZr3ErMHgRxmlfg2SYjQMt8x2o5nFEqLAMmMCIDQ4jwM1-3ce7e7X0JbDI9x5w3jvQTxnQViTDfVJzHqt/lsparams/mh,mm,mn,ms,mv,mvi,pl,initcwndbps/lsig/AG3C_xAwRQIhALFt3D_pQdPi7li1t9XctUTfGfsx4bMTJdWUPk2K1iqNAiBdfnNR-3jMziSaO9TR4lEE2vxZSBYWgU3seNFiG-_btw%3D%3D/", "fragments": [{"path": "sq/0"}, {"path": "sq/1/dur/5.339", "duration": 5.339}, {"path": "sq/2/dur/5.338", "duration": 5.338}, {"path": "sq/3/dur/5.339", "duration": 5.339}, {"path": "sq/4/dur/5.339", "duration": 5.339}, {"path": "sq/5/dur/5.338", "duration": 5.338}, {"path": "sq/6/dur/5.339", "duration": 5.339}, {"path": "sq/7/dur/5.339", "duration": 5.339}, {"path": "sq/8/dur/5.338", "duration": 5.338}, {"path": "sq/9/dur/5.339", "duration": 5.339}, {"path": "sq/10/dur/5.339", "duration": 5.339}, {"path": "sq/11/dur/5.338", "duration": 5.338}, {"path": "sq/12/dur/5.339", "duration": 5.339}, {"path": "sq/13/dur/5.339", "duration": 5.339}, {"path": "sq/14/dur/5.338", "duration": 5.338}, {"path": "sq/15/dur/5.339", "duration": 5.339}, {"path": "sq/16/dur/5.339", "duration": 5.339}, {"path": "sq/17/dur/5.338", "duration": 5.338}, {"path": "sq/18/dur/5.339", "duration": 5.339}, {"path": "sq/19/dur/5.339", "duration": 5.339}, {"path": "sq/20/dur/5.338", "duration": 5.338}, {"path": "sq/21/dur/5.072", "duration": 5.072}], "protocol": "http_dash_segments", "format": "278 - 256x144 (DASH video)", "http_headers": {"User-Agent": "Mozilla/5.0 (Windows NT 10.0; Win64; x64) AppleWebKit/537.36 (KHTML, like Gecko) Chrome/70.0.3538.31 Safari/537.36", "Accept-Charset": "ISO-8859-1,utf-8;q=0.7,*;q=0.7", "Accept": "text/html,application/xhtml+xml,application/xml;q=0.9,*/*;q=0.8", "Accept-Encoding": "gzip, deflate", "Accept-Language": "en-us,en;q=0.5"}}, {"ext": "mp4", "height": 144, "format_note": "DASH video", "vcodec": "avc1.4d400b", "format_id": "160", "manifest_url": "https://manifest.googlevideo.com/api/manifest/dash/expire/1608485389/ei/rTXfX8TMOcrBqQGch4aADw/ip/140.109.135.76/id/590acf72ecb9d1a0/source/youtube/requiressl/yes/playback_host/r2---sn-5njj-u2xl.googlevideo.com/mh/yY/mm/31%2C29/mn/sn-5njj-u2xl%2Csn-un57en7e/ms/au%2Crdu/mv/m/mvi/2/pl/16/hfr/all/as/fmp4_audio_clear%2Cwebm_audio_clear%2Cwebm2_audio_clear%2Cfmp4_sd_hd_clear%2Cwebm2_sd_hd_clear/initcwndbps/690000/vprv/1/mt/1608463244/fvip/2/keepalive/yes/itag/0/sparams/expire%2Cei%2Cip%2Cid%2Csource%2Crequiressl%2Chfr%2Cas%2Cvprv%2Citag/sig/AOq0QJ8wRgIhAJmK9oaYAJFOty4_PzLASFKg-GDRAu7F-iT-urXM8iUbAiEAlAZS0m8vfiyrO0_p49n3XxscMWFqH250xFiAEJoBJ9E%3D/lsparams/playback_host%2Cmh%2Cmm%2Cmn%2Cms%2Cmv%2Cmvi%2Cpl%2Cinitcwndbps/lsig/AG3C_xAwRQIhALnwsFl45HD0zkHD_MYXbuaaV08yCs2vlG5vQyRN1kXmAiBKmV4Zzb-oNwELhUNKmP6jm-okTAIcJm8tC23d6ic_Sw%3D%3D", "width": 256, "tbr": 108.0, "asr": null, "fps": 30, "language": null, "filesize": null, "container": "mp4_dash", "acodec": "none", "url": "https://manifest.googlevideo.com/api/manifest/dash/expire/1608485389/ei/rTXfX8TMOcrBqQGch4aADw/ip/140.109.135.76/id/590acf72ecb9d1a0/source/youtube/requiressl/yes/playback_host/r2---sn-5njj-u2xl.googlevideo.com/mh/yY/mm/31%2C29/mn/sn-5njj-u2xl%2Csn-un57en7e/ms/au%2Crdu/mv/m/mvi/2/pl/16/hfr/all/as/fmp4_audio_clear%2Cwebm_audio_clear%2Cwebm2_audio_clear%2Cfmp4_sd_hd_clear%2Cwebm2_sd_hd_clear/initcwndbps/690000/vprv/1/mt/1608463244/fvip/2/keepalive/yes/itag/0/sparams/expire%2Cei%2Cip%2Cid%2Csource%2Crequiressl%2Chfr%2Cas%2Cvprv%2Citag/sig/AOq0QJ8wRgIhAJmK9oaYAJFOty4_PzLASFKg-GDRAu7F-iT-urXM8iUbAiEAlAZS0m8vfiyrO0_p49n3XxscMWFqH250xFiAEJoBJ9E%3D/lsparams/playback_host%2Cmh%2Cmm%2Cmn%2Cms%2Cmv%2Cmvi%2Cpl%2Cinitcwndbps/lsig/AG3C_xAwRQIhALnwsFl45HD0zkHD_MYXbuaaV08yCs2vlG5vQyRN1kXmAiBKmV4Zzb-oNwELhUNKmP6jm-okTAIcJm8tC23d6ic_Sw%3D%3D", "fragment_base_url": "https://r2---sn-5njj-u2xl.googlevideo.com/videoplayback/expire/1608485389/ei/rTXfX8TMOcrBqQGch4aADw/ip/140.109.135.76/id/590acf72ecb9d1a0/itag/160/source/yt_otf/requiressl/yes/mh/yY/mm/31,29/mn/sn-5njj-u2xl,sn-un57en7e/ms/au,rdu/mv/m/mvi/2/pl/16/initcwndbps/690000/vprv/1/ratebypass/yes/mime/video%2Fmp4/otfp/1/otf/1/lmt/1594269833427595/mt/1608463244/fvip/2/keepalive/yes/sparams/expire,ei,ip,id,itag,source,requiressl,vprv,ratebypass,mime,otfp,otf,lmt/sig/AOq0QJ8wRQIgfskXVj2mwf_vwBt5wxer8mcaBrn6F2uGokf-LlZLmz0CIQDvpdh2a5bLCvNvDmiqaa1BhDJ3jZyaBi1QB07p31g4zA%3D%3D/lsparams/mh,mm,mn,ms,mv,mvi,pl,initcwndbps/lsig/AG3C_xAwRQIgcdBcCQBoZuSNwVftIrZ6zCrn51HiGvYIPXZ83FVCU34CIQChVf1pNARxR7DyLNIiHjeb4g2uaVVlnqgWXxxYxO8JFQ%3D%3D/", "fragments": [{"path": "sq/0"}, {"path": "sq/1/dur/5.339", "duration": 5.339}, {"path": "sq/2/dur/5.338", "duration": 5.338}, {"path": "sq/3/dur/5.339", "duration": 5.339}, {"path": "sq/4/dur/5.339", "duration": 5.339}, {"path": "sq/5/dur/5.338", "duration": 5.338}, {"path": "sq/6/dur/5.339", "duration": 5.339}, {"path": "sq/7/dur/5.339", "duration": 5.339}, {"path": "sq/8/dur/5.338", "duration": 5.338}, {"path": "sq/9/dur/5.339", "duration": 5.339}, {"path": "sq/10/dur/5.339", "duration": 5.339}, {"path": "sq/11/dur/5.338", "duration": 5.338}, {"path": "sq/12/dur/5.339", "duration": 5.339}, {"path": "sq/13/dur/5.339", "duration": 5.339}, {"path": "sq/14/dur/5.338", "duration": 5.338}, {"path": "sq/15/dur/5.339", "duration": 5.339}, {"path": "sq/16/dur/5.339", "duration": 5.339}, {"path": "sq/17/dur/5.338", "duration": 5.338}, {"path": "sq/18/dur/5.339", "duration": 5.339}, {"path": "sq/19/dur/5.339", "duration": 5.339}, {"path": "sq/20/dur/5.338", "duration": 5.338}, {"path": "sq/21/dur/5.072", "duration": 5.072}], "protocol": "http_dash_segments", "format": "160 - 256x144 (DASH video)", "http_headers": {"User-Agent": "Mozilla/5.0 (Windows NT 10.0; Win64; x64) AppleWebKit/537.36 (KHTML, like Gecko) Chrome/70.0.3538.31 Safari/537.36", "Accept-Charset": "ISO-8859-1,utf-8;q=0.7,*;q=0.7", "Accept": "text/html,application/xhtml+xml,application/xml;q=0.9,*/*;q=0.8", "Accept-Encoding": "gzip, deflate", "Accept-Language": "en-us,en;q=0.5"}}, {"ext": "webm", "height": 240, "format_note": "DASH video", "vcodec": "vp9", "format_id": "242", "manifest_url": "https://manifest.googlevideo.com/api/manifest/dash/expire/1608485389/ei/rTXfX8TMOcrBqQGch4aADw/ip/140.109.135.76/id/590acf72ecb9d1a0/source/youtube/requiressl/yes/playback_host/r2---sn-5njj-u2xl.googlevideo.com/mh/yY/mm/31%2C29/mn/sn-5njj-u2xl%2Csn-un57en7e/ms/au%2Crdu/mv/m/mvi/2/pl/16/hfr/all/as/fmp4_audio_clear%2Cwebm_audio_clear%2Cwebm2_audio_clear%2Cfmp4_sd_hd_clear%2Cwebm2_sd_hd_clear/initcwndbps/690000/vprv/1/mt/1608463244/fvip/2/keepalive/yes/itag/0/sparams/expire%2Cei%2Cip%2Cid%2Csource%2Crequiressl%2Chfr%2Cas%2Cvprv%2Citag/sig/AOq0QJ8wRgIhAJmK9oaYAJFOty4_PzLASFKg-GDRAu7F-iT-urXM8iUbAiEAlAZS0m8vfiyrO0_p49n3XxscMWFqH250xFiAEJoBJ9E%3D/lsparams/playback_host%2Cmh%2Cmm%2Cmn%2Cms%2Cmv%2Cmvi%2Cpl%2Cinitcwndbps/lsig/AG3C_xAwRQIhALnwsFl45HD0zkHD_MYXbuaaV08yCs2vlG5vQyRN1kXmAiBKmV4Zzb-oNwELhUNKmP6jm-okTAIcJm8tC23d6ic_Sw%3D%3D", "width": 426, "tbr": 220.5, "asr": null, "fps": 30, "language": null, "filesize": null, "container": "webm_dash", "acodec": "none", "url": "https://manifest.googlevideo.com/api/manifest/dash/expire/1608485389/ei/rTXfX8TMOcrBqQGch4aADw/ip/140.109.135.76/id/590acf72ecb9d1a0/source/youtube/requiressl/yes/playback_host/r2---sn-5njj-u2xl.googlevideo.com/mh/yY/mm/31%2C29/mn/sn-5njj-u2xl%2Csn-un57en7e/ms/au%2Crdu/mv/m/mvi/2/pl/16/hfr/all/as/fmp4_audio_clear%2Cwebm_audio_clear%2Cwebm2_audio_clear%2Cfmp4_sd_hd_clear%2Cwebm2_sd_hd_clear/initcwndbps/690000/vprv/1/mt/1608463244/fvip/2/keepalive/yes/itag/0/sparams/expire%2Cei%2Cip%2Cid%2Csource%2Crequiressl%2Chfr%2Cas%2Cvprv%2Citag/sig/AOq0QJ8wRgIhAJmK9oaYAJFOty4_PzLASFKg-GDRAu7F-iT-urXM8iUbAiEAlAZS0m8vfiyrO0_p49n3XxscMWFqH250xFiAEJoBJ9E%3D/lsparams/playback_host%2Cmh%2Cmm%2Cmn%2Cms%2Cmv%2Cmvi%2Cpl%2Cinitcwndbps/lsig/AG3C_xAwRQIhALnwsFl45HD0zkHD_MYXbuaaV08yCs2vlG5vQyRN1kXmAiBKmV4Zzb-oNwELhUNKmP6jm-okTAIcJm8tC23d6ic_Sw%3D%3D", "fragment_base_url": "https://r2---sn-5njj-u2xl.googlevideo.com/videoplayback/expire/1608485389/ei/rTXfX8TMOcrBqQGch4aADw/ip/140.109.135.76/id/590acf72ecb9d1a0/itag/242/source/yt_otf/requiressl/yes/mh/yY/mm/31,29/mn/sn-5njj-u2xl,sn-un57en7e/ms/au,rdu/mv/m/mvi/2/pl/16/initcwndbps/690000/vprv/1/ratebypass/yes/mime/video%2Fwebm/otfp/1/otf/1/lmt/1594269833427595/mt/1608463244/fvip/2/keepalive/yes/sparams/expire,ei,ip,id,itag,source,requiressl,vprv,ratebypass,mime,otfp,otf,lmt/sig/AOq0QJ8wRQIhAMdkWlmNiO_Pos94-bipD378dQiPXvvfgOgwD2zz-1VoAiBLMH_bXxtctRlIKH9MnwOKXjwPghhQYN4Rf9egvbq1ZA%3D%3D/lsparams/mh,mm,mn,ms,mv,mvi,pl,initcwndbps/lsig/AG3C_xAwRAIgU_81k65xODx2ax7ai3FI5WcWvEeM4nWhVcT6Hzxikw4CIHuiQ08ySFWH1KLFw1a_pWN7oe56yn-_YSJDhWWM6lav/", "fragments": [{"path": "sq/0"}, {"path": "sq/1/dur/5.339", "duration": 5.339}, {"path": "sq/2/dur/5.338", "duration": 5.338}, {"path": "sq/3/dur/5.339", "duration": 5.339}, {"path": "sq/4/dur/5.339", "duration": 5.339}, {"path": "sq/5/dur/5.338", "duration": 5.338}, {"path": "sq/6/dur/5.339", "duration": 5.339}, {"path": "sq/7/dur/5.339", "duration": 5.339}, {"path": "sq/8/dur/5.338", "duration": 5.338}, {"path": "sq/9/dur/5.339", "duration": 5.339}, {"path": "sq/10/dur/5.339", "duration": 5.339}, {"path": "sq/11/dur/5.338", "duration": 5.338}, {"path": "sq/12/dur/5.339", "duration": 5.339}, {"path": "sq/13/dur/5.339", "duration": 5.339}, {"path": "sq/14/dur/5.338", "duration": 5.338}, {"path": "sq/15/dur/5.339", "duration": 5.339}, {"path": "sq/16/dur/5.339", "duration": 5.339}, {"path": "sq/17/dur/5.338", "duration": 5.338}, {"path": "sq/18/dur/5.339", "duration": 5.339}, {"path": "sq/19/dur/5.339", "duration": 5.339}, {"path": "sq/20/dur/5.338", "duration": 5.338}, {"path": "sq/21/dur/5.072", "duration": 5.072}], "protocol": "http_dash_segments", "format": "242 - 426x240 (DASH video)", "http_headers": {"User-Agent": "Mozilla/5.0 (Windows NT 10.0; Win64; x64) AppleWebKit/537.36 (KHTML, like Gecko) Chrome/70.0.3538.31 Safari/537.36", "Accept-Charset": "ISO-8859-1,utf-8;q=0.7,*;q=0.7", "Accept": "text/html,application/xhtml+xml,application/xml;q=0.9,*/*;q=0.8", "Accept-Encoding": "gzip, deflate", "Accept-Language": "en-us,en;q=0.5"}}, {"ext": "mp4", "height": 240, "format_note": "DASH video", "vcodec": "avc1.4d400c", "format_id": "133", "manifest_url": "https://manifest.googlevideo.com/api/manifest/dash/expire/1608485389/ei/rTXfX8TMOcrBqQGch4aADw/ip/140.109.135.76/id/590acf72ecb9d1a0/source/youtube/requiressl/yes/playback_host/r2---sn-5njj-u2xl.googlevideo.com/mh/yY/mm/31%2C29/mn/sn-5njj-u2xl%2Csn-un57en7e/ms/au%2Crdu/mv/m/mvi/2/pl/16/hfr/all/as/fmp4_audio_clear%2Cwebm_audio_clear%2Cwebm2_audio_clear%2Cfmp4_sd_hd_clear%2Cwebm2_sd_hd_clear/initcwndbps/690000/vprv/1/mt/1608463244/fvip/2/keepalive/yes/itag/0/sparams/expire%2Cei%2Cip%2Cid%2Csource%2Crequiressl%2Chfr%2Cas%2Cvprv%2Citag/sig/AOq0QJ8wRgIhAJmK9oaYAJFOty4_PzLASFKg-GDRAu7F-iT-urXM8iUbAiEAlAZS0m8vfiyrO0_p49n3XxscMWFqH250xFiAEJoBJ9E%3D/lsparams/playback_host%2Cmh%2Cmm%2Cmn%2Cms%2Cmv%2Cmvi%2Cpl%2Cinitcwndbps/lsig/AG3C_xAwRQIhALnwsFl45HD0zkHD_MYXbuaaV08yCs2vlG5vQyRN1kXmAiBKmV4Zzb-oNwELhUNKmP6jm-okTAIcJm8tC23d6ic_Sw%3D%3D", "width": 426, "tbr": 242.0, "asr": null, "fps": 30, "language": null, "filesize": null, "container": "mp4_dash", "acodec": "none", "url": "https://manifest.googlevideo.com/api/manifest/dash/expire/1608485389/ei/rTXfX8TMOcrBqQGch4aADw/ip/140.109.135.76/id/590acf72ecb9d1a0/source/youtube/requiressl/yes/playback_host/r2---sn-5njj-u2xl.googlevideo.com/mh/yY/mm/31%2C29/mn/sn-5njj-u2xl%2Csn-un57en7e/ms/au%2Crdu/mv/m/mvi/2/pl/16/hfr/all/as/fmp4_audio_clear%2Cwebm_audio_clear%2Cwebm2_audio_clear%2Cfmp4_sd_hd_clear%2Cwebm2_sd_hd_clear/initcwndbps/690000/vprv/1/mt/1608463244/fvip/2/keepalive/yes/itag/0/sparams/expire%2Cei%2Cip%2Cid%2Csource%2Crequiressl%2Chfr%2Cas%2Cvprv%2Citag/sig/AOq0QJ8wRgIhAJmK9oaYAJFOty4_PzLASFKg-GDRAu7F-iT-urXM8iUbAiEAlAZS0m8vfiyrO0_p49n3XxscMWFqH250xFiAEJoBJ9E%3D/lsparams/playback_host%2Cmh%2Cmm%2Cmn%2Cms%2Cmv%2Cmvi%2Cpl%2Cinitcwndbps/lsig/AG3C_xAwRQIhALnwsFl45HD0zkHD_MYXbuaaV08yCs2vlG5vQyRN1kXmAiBKmV4Zzb-oNwELhUNKmP6jm-okTAIcJm8tC23d6ic_Sw%3D%3D", "fragment_base_url": "https://r2---sn-5njj-u2xl.googlevideo.com/videoplayback/expire/1608485389/ei/rTXfX8TMOcrBqQGch4aADw/ip/140.109.135.76/id/590acf72ecb9d1a0/itag/133/source/yt_otf/requiressl/yes/mh/yY/mm/31,29/mn/sn-5njj-u2xl,sn-un57en7e/ms/au,rdu/mv/m/mvi/2/pl/16/initcwndbps/690000/vprv/1/ratebypass/yes/mime/video%2Fmp4/otfp/1/otf/1/lmt/1594269833427595/mt/1608463244/fvip/2/keepalive/yes/sparams/expire,ei,ip,id,itag,source,requiressl,vprv,ratebypass,mime,otfp,otf,lmt/sig/AOq0QJ8wRQIhALhglnX8AW_G7uTZdV3XWg7SPZe_VG9k6uWDBeC6DL7jAiA6_vNmXKle1nNuPHdr8Xz3BrLC1HVpbVOnW7Rnpw4Z2w%3D%3D/lsparams/mh,mm,mn,ms,mv,mvi,pl,initcwndbps/lsig/AG3C_xAwRgIhAJOmSms8PbtrhO-OXmHAc6EiDrU3x2bXGomY5pGEYEZoAiEAhCXhsyxAqZSpYJI9wwRJRA4HeOp0S2qr52yTTCwjfH4%3D/", "fragments": [{"path": "sq/0"}, {"path": "sq/1/dur/5.339", "duration": 5.339}, {"path": "sq/2/dur/5.338", "duration": 5.338}, {"path": "sq/3/dur/5.339", "duration": 5.339}, {"path": "sq/4/dur/5.339", "duration": 5.339}, {"path": "sq/5/dur/5.338", "duration": 5.338}, {"path": "sq/6/dur/5.339", "duration": 5.339}, {"path": "sq/7/dur/5.339", "duration": 5.339}, {"path": "sq/8/dur/5.338", "duration": 5.338}, {"path": "sq/9/dur/5.339", "duration": 5.339}, {"path": "sq/10/dur/5.339", "duration": 5.339}, {"path": "sq/11/dur/5.338", "duration": 5.338}, {"path": "sq/12/dur/5.339", "duration": 5.339}, {"path": "sq/13/dur/5.339", "duration": 5.339}, {"path": "sq/14/dur/5.338", "duration": 5.338}, {"path": "sq/15/dur/5.339", "duration": 5.339}, {"path": "sq/16/dur/5.339", "duration": 5.339}, {"path": "sq/17/dur/5.338", "duration": 5.338}, {"path": "sq/18/dur/5.339", "duration": 5.339}, {"path": "sq/19/dur/5.339", "duration": 5.339}, {"path": "sq/20/dur/5.338", "duration": 5.338}, {"path": "sq/21/dur/5.072", "duration": 5.072}], "protocol": "http_dash_segments", "format": "133 - 426x240 (DASH video)", "http_headers": {"User-Agent": "Mozilla/5.0 (Windows NT 10.0; Win64; x64) AppleWebKit/537.36 (KHTML, like Gecko) Chrome/70.0.3538.31 Safari/537.36", "Accept-Charset": "ISO-8859-1,utf-8;q=0.7,*;q=0.7", "Accept": "text/html,application/xhtml+xml,application/xml;q=0.9,*/*;q=0.8", "Accept-Encoding": "gzip, deflate", "Accept-Language": "en-us,en;q=0.5"}}, {"ext": "mp4", "height": 360, "format_note": "DASH video", "vcodec": "avc1.4d401e", "format_id": "134", "manifest_url": "https://manifest.googlevideo.com/api/manifest/dash/expire/1608485389/ei/rTXfX8TMOcrBqQGch4aADw/ip/140.109.135.76/id/590acf72ecb9d1a0/source/youtube/requiressl/yes/playback_host/r2---sn-5njj-u2xl.googlevideo.com/mh/yY/mm/31%2C29/mn/sn-5njj-u2xl%2Csn-un57en7e/ms/au%2Crdu/mv/m/mvi/2/pl/16/hfr/all/as/fmp4_audio_clear%2Cwebm_audio_clear%2Cwebm2_audio_clear%2Cfmp4_sd_hd_clear%2Cwebm2_sd_hd_clear/initcwndbps/690000/vprv/1/mt/1608463244/fvip/2/keepalive/yes/itag/0/sparams/expire%2Cei%2Cip%2Cid%2Csource%2Crequiressl%2Chfr%2Cas%2Cvprv%2Citag/sig/AOq0QJ8wRgIhAJmK9oaYAJFOty4_PzLASFKg-GDRAu7F-iT-urXM8iUbAiEAlAZS0m8vfiyrO0_p49n3XxscMWFqH250xFiAEJoBJ9E%3D/lsparams/playback_host%2Cmh%2Cmm%2Cmn%2Cms%2Cmv%2Cmvi%2Cpl%2Cinitcwndbps/lsig/AG3C_xAwRQIhALnwsFl45HD0zkHD_MYXbuaaV08yCs2vlG5vQyRN1kXmAiBKmV4Zzb-oNwELhUNKmP6jm-okTAIcJm8tC23d6ic_Sw%3D%3D", "width": 640, "tbr": 307.444, "asr": null, "fps": 30, "language": null, "filesize": null, "container": "mp4_dash", "acodec": "none", "url": "https://manifest.googlevideo.com/api/manifest/dash/expire/1608485389/ei/rTXfX8TMOcrBqQGch4aADw/ip/140.109.135.76/id/590acf72ecb9d1a0/source/youtube/requiressl/yes/playback_host/r2---sn-5njj-u2xl.googlevideo.com/mh/yY/mm/31%2C29/mn/sn-5njj-u2xl%2Csn-un57en7e/ms/au%2Crdu/mv/m/mvi/2/pl/16/hfr/all/as/fmp4_audio_clear%2Cwebm_audio_clear%2Cwebm2_audio_clear%2Cfmp4_sd_hd_clear%2Cwebm2_sd_hd_clear/initcwndbps/690000/vprv/1/mt/1608463244/fvip/2/keepalive/yes/itag/0/sparams/expire%2Cei%2Cip%2Cid%2Csource%2Crequiressl%2Chfr%2Cas%2Cvprv%2Citag/sig/AOq0QJ8wRgIhAJmK9oaYAJFOty4_PzLASFKg-GDRAu7F-iT-urXM8iUbAiEAlAZS0m8vfiyrO0_p49n3XxscMWFqH250xFiAEJoBJ9E%3D/lsparams/playback_host%2Cmh%2Cmm%2Cmn%2Cms%2Cmv%2Cmvi%2Cpl%2Cinitcwndbps/lsig/AG3C_xAwRQIhALnwsFl45HD0zkHD_MYXbuaaV08yCs2vlG5vQyRN1kXmAiBKmV4Zzb-oNwELhUNKmP6jm-okTAIcJm8tC23d6ic_Sw%3D%3D", "fragment_base_url": "https://r2---sn-5njj-u2xl.googlevideo.com/videoplayback/expire/1608485389/ei/rTXfX8TMOcrBqQGch4aADw/ip/140.109.135.76/id/590acf72ecb9d1a0/itag/134/source/youtube/requiressl/yes/mh/yY/mm/31,29/mn/sn-5njj-u2xl,sn-un57en7e/ms/au,rdu/mv/m/mvi/2/pl/16/initcwndbps/690000/vprv/1/ratebypass/yes/mime/video%2Fmp4/otfp/1/gir/yes/clen/3641942/lmt/1594270274908663/dur/111.845/mt/1608463244/fvip/2/keepalive/yes/sparams/expire,ei,ip,id,itag,source,requiressl,vprv,ratebypass,mime,otfp,gir,clen,lmt,dur/sig/AOq0QJ8wRAIgZyrqE7KVy4ZPmB4a1USAVMcMdLq9ZdVljKIdgeVn0UMCIHLK-WtIO7Gb-mYRC7Q4rpw1b5KHhM3qo9hnBkfMgpo8/lsparams/mh,mm,mn,ms,mv,mvi,pl,initcwndbps/lsig/AG3C_xAwRQIhAMA8SSPcf3mVAF_KtbM-BUIrRCqu92WEoDS-C7JUeDbYAiARb_zKnnE6Aedytrhlh-3M-c6_0wXK9RFccnGrhOQBQQ%3D%3D/", "fragments": [{"path": "range/0-738"}, {"path": "range/1023-187472", "duration": 5.339}, {"path": "range/187473-334339", "duration": 5.338}, {"path": "range/334340-486711", "duration": 5.339}, {"path": "range/486712-631285", "duration": 5.339}, {"path": "range/631286-771152", "duration": 5.338}, {"path": "range/771153-938457", "duration": 5.339}, {"path": "range/938458-1115155", "duration": 5.339}, {"path": "range/1115156-1266477", "duration": 5.338}, {"path": "range/1266478-1467686", "duration": 5.339}, {"path": "range/1467687-1644259", "duration": 5.339}, {"path": "range/1644260-1840698", "duration": 5.338}, {"path": "range/1840699-2039897", "duration": 5.339}, {"path": "range/2039898-2235983", "duration": 5.339}, {"path": "range/2235984-2437251", "duration": 5.338}, {"path": "range/2437252-2639860", "duration": 5.339}, {"path": "range/2639861-2840314", "duration": 5.339}, {"path": "range/2840315-3041574", "duration": 5.338}, {"path": "range/3041575-3242638", "duration": 5.339}, {"path": "range/3242639-3447819", "duration": 5.339}, {"path": "range/3447820-3597946", "duration": 5.338}, {"path": "range/3597947-3641941", "duration": 5.072}], "protocol": "http_dash_segments", "format": "134 - 640x360 (DASH video)", "http_headers": {"User-Agent": "Mozilla/5.0 (Windows NT 10.0; Win64; x64) AppleWebKit/537.36 (KHTML, like Gecko) Chrome/70.0.3538.31 Safari/537.36", "Accept-Charset": "ISO-8859-1,utf-8;q=0.7,*;q=0.7", "Accept": "text/html,application/xhtml+xml,application/xml;q=0.9,*/*;q=0.8", "Accept-Encoding": "gzip, deflate", "Accept-Language": "en-us,en;q=0.5"}}, {"ext": "webm", "height": 360, "format_note": "DASH video", "vcodec": "vp9", "format_id": "243", "manifest_url": "https://manifest.googlevideo.com/api/manifest/dash/expire/1608485389/ei/rTXfX8TMOcrBqQGch4aADw/ip/140.109.135.76/id/590acf72ecb9d1a0/source/youtube/requiressl/yes/playback_host/r2---sn-5njj-u2xl.googlevideo.com/mh/yY/mm/31%2C29/mn/sn-5njj-u2xl%2Csn-un57en7e/ms/au%2Crdu/mv/m/mvi/2/pl/16/hfr/all/as/fmp4_audio_clear%2Cwebm_audio_clear%2Cwebm2_audio_clear%2Cfmp4_sd_hd_clear%2Cwebm2_sd_hd_clear/initcwndbps/690000/vprv/1/mt/1608463244/fvip/2/keepalive/yes/itag/0/sparams/expire%2Cei%2Cip%2Cid%2Csource%2Crequiressl%2Chfr%2Cas%2Cvprv%2Citag/sig/AOq0QJ8wRgIhAJmK9oaYAJFOty4_PzLASFKg-GDRAu7F-iT-urXM8iUbAiEAlAZS0m8vfiyrO0_p49n3XxscMWFqH250xFiAEJoBJ9E%3D/lsparams/playback_host%2Cmh%2Cmm%2Cmn%2Cms%2Cmv%2Cmvi%2Cpl%2Cinitcwndbps/lsig/AG3C_xAwRQIhALnwsFl45HD0zkHD_MYXbuaaV08yCs2vlG5vQyRN1kXmAiBKmV4Zzb-oNwELhUNKmP6jm-okTAIcJm8tC23d6ic_Sw%3D%3D", "width": 640, "tbr": 405.72, "asr": null, "fps": 30, "language": null, "filesize": null, "container": "webm_dash", "acodec": "none", "url": "https://manifest.googlevideo.com/api/manifest/dash/expire/1608485389/ei/rTXfX8TMOcrBqQGch4aADw/ip/140.109.135.76/id/590acf72ecb9d1a0/source/youtube/requiressl/yes/playback_host/r2---sn-5njj-u2xl.googlevideo.com/mh/yY/mm/31%2C29/mn/sn-5njj-u2xl%2Csn-un57en7e/ms/au%2Crdu/mv/m/mvi/2/pl/16/hfr/all/as/fmp4_audio_clear%2Cwebm_audio_clear%2Cwebm2_audio_clear%2Cfmp4_sd_hd_clear%2Cwebm2_sd_hd_clear/initcwndbps/690000/vprv/1/mt/1608463244/fvip/2/keepalive/yes/itag/0/sparams/expire%2Cei%2Cip%2Cid%2Csource%2Crequiressl%2Chfr%2Cas%2Cvprv%2Citag/sig/AOq0QJ8wRgIhAJmK9oaYAJFOty4_PzLASFKg-GDRAu7F-iT-urXM8iUbAiEAlAZS0m8vfiyrO0_p49n3XxscMWFqH250xFiAEJoBJ9E%3D/lsparams/playback_host%2Cmh%2Cmm%2Cmn%2Cms%2Cmv%2Cmvi%2Cpl%2Cinitcwndbps/lsig/AG3C_xAwRQIhALnwsFl45HD0zkHD_MYXbuaaV08yCs2vlG5vQyRN1kXmAiBKmV4Zzb-oNwELhUNKmP6jm-okTAIcJm8tC23d6ic_Sw%3D%3D", "fragment_base_url": "https://r2---sn-5njj-u2xl.googlevideo.com/videoplayback/expire/1608485389/ei/rTXfX8TMOcrBqQGch4aADw/ip/140.109.135.76/id/590acf72ecb9d1a0/itag/243/source/yt_otf/requiressl/yes/mh/yY/mm/31,29/mn/sn-5njj-u2xl,sn-un57en7e/ms/au,rdu/mv/m/mvi/2/pl/16/initcwndbps/690000/vprv/1/ratebypass/yes/mime/video%2Fwebm/otfp/1/otf/1/lmt/1594269833427595/mt/1608463244/fvip/2/keepalive/yes/sparams/expire,ei,ip,id,itag,source,requiressl,vprv,ratebypass,mime,otfp,otf,lmt/sig/AOq0QJ8wRQIgSvsUOLa3szp42CaC3X48DqRT6cc2eZCBM1LSAKRE9kYCIQD4S-4GaJKgbhOEFaRLQ7ASE1bS9PtENoXlDQFxrkuGFg%3D%3D/lsparams/mh,mm,mn,ms,mv,mvi,pl,initcwndbps/lsig/AG3C_xAwRgIhAJcUT4nkWq98RsB_iTUhS44hhoyrBuJ-HbOPG02xloRXAiEA91jyBZGRYedmPeWt-4X_yiJnza9d7vFxJC8_lQW2D4A%3D/", "fragments": [{"path": "sq/0"}, {"path": "sq/1/dur/5.339", "duration": 5.339}, {"path": "sq/2/dur/5.338", "duration": 5.338}, {"path": "sq/3/dur/5.339", "duration": 5.339}, {"path": "sq/4/dur/5.339", "duration": 5.339}, {"path": "sq/5/dur/5.338", "duration": 5.338}, {"path": "sq/6/dur/5.339", "duration": 5.339}, {"path": "sq/7/dur/5.339", "duration": 5.339}, {"path": "sq/8/dur/5.338", "duration": 5.338}, {"path": "sq/9/dur/5.339", "duration": 5.339}, {"path": "sq/10/dur/5.339", "duration": 5.339}, {"path": "sq/11/dur/5.338", "duration": 5.338}, {"path": "sq/12/dur/5.339", "duration": 5.339}, {"path": "sq/13/dur/5.339", "duration": 5.339}, {"path": "sq/14/dur/5.338", "duration": 5.338}, {"path": "sq/15/dur/5.339", "duration": 5.339}, {"path": "sq/16/dur/5.339", "duration": 5.339}, {"path": "sq/17/dur/5.338", "duration": 5.338}, {"path": "sq/18/dur/5.339", "duration": 5.339}, {"path": "sq/19/dur/5.339", "duration": 5.339}, {"path": "sq/20/dur/5.338", "duration": 5.338}, {"path": "sq/21/dur/5.072", "duration": 5.072}], "protocol": "http_dash_segments", "format": "243 - 640x360 (DASH video)", "http_headers": {"User-Agent": "Mozilla/5.0 (Windows NT 10.0; Win64; x64) AppleWebKit/537.36 (KHTML, like Gecko) Chrome/70.0.3538.31 Safari/537.36", "Accept-Charset": "ISO-8859-1,utf-8;q=0.7,*;q=0.7", "Accept": "text/html,application/xhtml+xml,application/xml;q=0.9,*/*;q=0.8", "Accept-Encoding": "gzip, deflate", "Accept-Language": "en-us,en;q=0.5"}}, {"ext": "webm", "height": 480, "format_note": "DASH video", "vcodec": "vp9", "format_id": "244", "manifest_url": "https://manifest.googlevideo.com/api/manifest/dash/expire/1608485389/ei/rTXfX8TMOcrBqQGch4aADw/ip/140.109.135.76/id/590acf72ecb9d1a0/source/youtube/requiressl/yes/playback_host/r2---sn-5njj-u2xl.googlevideo.com/mh/yY/mm/31%2C29/mn/sn-5njj-u2xl%2Csn-un57en7e/ms/au%2Crdu/mv/m/mvi/2/pl/16/hfr/all/as/fmp4_audio_clear%2Cwebm_audio_clear%2Cwebm2_audio_clear%2Cfmp4_sd_hd_clear%2Cwebm2_sd_hd_clear/initcwndbps/690000/vprv/1/mt/1608463244/fvip/2/keepalive/yes/itag/0/sparams/expire%2Cei%2Cip%2Cid%2Csource%2Crequiressl%2Chfr%2Cas%2Cvprv%2Citag/sig/AOq0QJ8wRgIhAJmK9oaYAJFOty4_PzLASFKg-GDRAu7F-iT-urXM8iUbAiEAlAZS0m8vfiyrO0_p49n3XxscMWFqH250xFiAEJoBJ9E%3D/lsparams/playback_host%2Cmh%2Cmm%2Cmn%2Cms%2Cmv%2Cmvi%2Cpl%2Cinitcwndbps/lsig/AG3C_xAwRQIhALnwsFl45HD0zkHD_MYXbuaaV08yCs2vlG5vQyRN1kXmAiBKmV4Zzb-oNwELhUNKmP6jm-okTAIcJm8tC23d6ic_Sw%3D%3D", "width": 854, "tbr": 752.64, "asr": null, "fps": 30, "language": null, "filesize": null, "container": "webm_dash", "acodec": "none", "url": "https://manifest.googlevideo.com/api/manifest/dash/expire/1608485389/ei/rTXfX8TMOcrBqQGch4aADw/ip/140.109.135.76/id/590acf72ecb9d1a0/source/youtube/requiressl/yes/playback_host/r2---sn-5njj-u2xl.googlevideo.com/mh/yY/mm/31%2C29/mn/sn-5njj-u2xl%2Csn-un57en7e/ms/au%2Crdu/mv/m/mvi/2/pl/16/hfr/all/as/fmp4_audio_clear%2Cwebm_audio_clear%2Cwebm2_audio_clear%2Cfmp4_sd_hd_clear%2Cwebm2_sd_hd_clear/initcwndbps/690000/vprv/1/mt/1608463244/fvip/2/keepalive/yes/itag/0/sparams/expire%2Cei%2Cip%2Cid%2Csource%2Crequiressl%2Chfr%2Cas%2Cvprv%2Citag/sig/AOq0QJ8wRgIhAJmK9oaYAJFOty4_PzLASFKg-GDRAu7F-iT-urXM8iUbAiEAlAZS0m8vfiyrO0_p49n3XxscMWFqH250xFiAEJoBJ9E%3D/lsparams/playback_host%2Cmh%2Cmm%2Cmn%2Cms%2Cmv%2Cmvi%2Cpl%2Cinitcwndbps/lsig/AG3C_xAwRQIhALnwsFl45HD0zkHD_MYXbuaaV08yCs2vlG5vQyRN1kXmAiBKmV4Zzb-oNwELhUNKmP6jm-okTAIcJm8tC23d6ic_Sw%3D%3D", "fragment_base_url": "https://r2---sn-5njj-u2xl.googlevideo.com/videoplayback/expire/1608485389/ei/rTXfX8TMOcrBqQGch4aADw/ip/140.109.135.76/id/590acf72ecb9d1a0/itag/244/source/yt_otf/requiressl/yes/mh/yY/mm/31,29/mn/sn-5njj-u2xl,sn-un57en7e/ms/au,rdu/mv/m/mvi/2/pl/16/initcwndbps/690000/vprv/1/ratebypass/yes/mime/video%2Fwebm/otfp/1/otf/1/lmt/1594269833427595/mt/1608463244/fvip/2/keepalive/yes/sparams/expire,ei,ip,id,itag,source,requiressl,vprv,ratebypass,mime,otfp,otf,lmt/sig/AOq0QJ8wRgIhAIVRG6VyJtpUwHv3V1mfR_V_oXq0lW6N84ICq2UAGVH0AiEArK52oGTeXC6TehDLAduXmh8xotf99-GkR6lmpVeJE6w%3D/lsparams/mh,mm,mn,ms,mv,mvi,pl,initcwndbps/lsig/AG3C_xAwRQIgXvPFGq0O17_CTltkR4ycYq7zRx9tsaY4Q4XJZ7OLhfwCIQDS839LRuSmq9lmBIH7hKQUYqbYJDbOiei0jWUb6Fnchw%3D%3D/", "fragments": [{"path": "sq/0"}, {"path": "sq/1/dur/5.339", "duration": 5.339}, {"path": "sq/2/dur/5.338", "duration": 5.338}, {"path": "sq/3/dur/5.339", "duration": 5.339}, {"path": "sq/4/dur/5.339", "duration": 5.339}, {"path": "sq/5/dur/5.338", "duration": 5.338}, {"path": "sq/6/dur/5.339", "duration": 5.339}, {"path": "sq/7/dur/5.339", "duration": 5.339}, {"path": "sq/8/dur/5.338", "duration": 5.338}, {"path": "sq/9/dur/5.339", "duration": 5.339}, {"path": "sq/10/dur/5.339", "duration": 5.339}, {"path": "sq/11/dur/5.338", "duration": 5.338}, {"path": "sq/12/dur/5.339", "duration": 5.339}, {"path": "sq/13/dur/5.339", "duration": 5.339}, {"path": "sq/14/dur/5.338", "duration": 5.338}, {"path": "sq/15/dur/5.339", "duration": 5.339}, {"path": "sq/16/dur/5.339", "duration": 5.339}, {"path": "sq/17/dur/5.338", "duration": 5.338}, {"path": "sq/18/dur/5.339", "duration": 5.339}, {"path": "sq/19/dur/5.339", "duration": 5.339}, {"path": "sq/20/dur/5.338", "duration": 5.338}, {"path": "sq/21/dur/5.072", "duration": 5.072}], "protocol": "http_dash_segments", "format": "244 - 854x480 (DASH video)", "http_headers": {"User-Agent": "Mozilla/5.0 (Windows NT 10.0; Win64; x64) AppleWebKit/537.36 (KHTML, like Gecko) Chrome/70.0.3538.31 Safari/537.36", "Accept-Charset": "ISO-8859-1,utf-8;q=0.7,*;q=0.7", "Accept": "text/html,application/xhtml+xml,application/xml;q=0.9,*/*;q=0.8", "Accept-Encoding": "gzip, deflate", "Accept-Language": "en-us,en;q=0.5"}}, {"ext": "mp4", "height": 480, "format_note": "DASH video", "vcodec": "avc1.4d4014", "format_id": "135", "manifest_url": "https://manifest.googlevideo.com/api/manifest/dash/expire/1608485389/ei/rTXfX8TMOcrBqQGch4aADw/ip/140.109.135.76/id/590acf72ecb9d1a0/source/youtube/requiressl/yes/playback_host/r2---sn-5njj-u2xl.googlevideo.com/mh/yY/mm/31%2C29/mn/sn-5njj-u2xl%2Csn-un57en7e/ms/au%2Crdu/mv/m/mvi/2/pl/16/hfr/all/as/fmp4_audio_clear%2Cwebm_audio_clear%2Cwebm2_audio_clear%2Cfmp4_sd_hd_clear%2Cwebm2_sd_hd_clear/initcwndbps/690000/vprv/1/mt/1608463244/fvip/2/keepalive/yes/itag/0/sparams/expire%2Cei%2Cip%2Cid%2Csource%2Crequiressl%2Chfr%2Cas%2Cvprv%2Citag/sig/AOq0QJ8wRgIhAJmK9oaYAJFOty4_PzLASFKg-GDRAu7F-iT-urXM8iUbAiEAlAZS0m8vfiyrO0_p49n3XxscMWFqH250xFiAEJoBJ9E%3D/lsparams/playback_host%2Cmh%2Cmm%2Cmn%2Cms%2Cmv%2Cmvi%2Cpl%2Cinitcwndbps/lsig/AG3C_xAwRQIhALnwsFl45HD0zkHD_MYXbuaaV08yCs2vlG5vQyRN1kXmAiBKmV4Zzb-oNwELhUNKmP6jm-okTAIcJm8tC23d6ic_Sw%3D%3D", "width": 854, "tbr": 1155.0, "asr": null, "fps": 30, "language": null, "filesize": null, "container": "mp4_dash", "acodec": "none", "url": "https://manifest.googlevideo.com/api/manifest/dash/expire/1608485389/ei/rTXfX8TMOcrBqQGch4aADw/ip/140.109.135.76/id/590acf72ecb9d1a0/source/youtube/requiressl/yes/playback_host/r2---sn-5njj-u2xl.googlevideo.com/mh/yY/mm/31%2C29/mn/sn-5njj-u2xl%2Csn-un57en7e/ms/au%2Crdu/mv/m/mvi/2/pl/16/hfr/all/as/fmp4_audio_clear%2Cwebm_audio_clear%2Cwebm2_audio_clear%2Cfmp4_sd_hd_clear%2Cwebm2_sd_hd_clear/initcwndbps/690000/vprv/1/mt/1608463244/fvip/2/keepalive/yes/itag/0/sparams/expire%2Cei%2Cip%2Cid%2Csource%2Crequiressl%2Chfr%2Cas%2Cvprv%2Citag/sig/AOq0QJ8wRgIhAJmK9oaYAJFOty4_PzLASFKg-GDRAu7F-iT-urXM8iUbAiEAlAZS0m8vfiyrO0_p49n3XxscMWFqH250xFiAEJoBJ9E%3D/lsparams/playback_host%2Cmh%2Cmm%2Cmn%2Cms%2Cmv%2Cmvi%2Cpl%2Cinitcwndbps/lsig/AG3C_xAwRQIhALnwsFl45HD0zkHD_MYXbuaaV08yCs2vlG5vQyRN1kXmAiBKmV4Zzb-oNwELhUNKmP6jm-okTAIcJm8tC23d6ic_Sw%3D%3D", "fragment_base_url": "https://r2---sn-5njj-u2xl.googlevideo.com/videoplayback/expire/1608485389/ei/rTXfX8TMOcrBqQGch4aADw/ip/140.109.135.76/id/590acf72ecb9d1a0/itag/135/source/yt_otf/requiressl/yes/mh/yY/mm/31,29/mn/sn-5njj-u2xl,sn-un57en7e/ms/au,rdu/mv/m/mvi/2/pl/16/initcwndbps/690000/vprv/1/ratebypass/yes/mime/video%2Fmp4/otfp/1/otf/1/lmt/1594269833427595/mt/1608463244/fvip/2/keepalive/yes/sparams/expire,ei,ip,id,itag,source,requiressl,vprv,ratebypass,mime,otfp,otf,lmt/sig/AOq0QJ8wRQIhAIREHhoR46834cFn_uIP6HE0gJ3kuTCg3KsmzVdzIoQDAiAy2x9etYjXUjd9WrJZ6AR16s7Csy7u8MBpJJKlyhhtLQ%3D%3D/lsparams/mh,mm,mn,ms,mv,mvi,pl,initcwndbps/lsig/AG3C_xAwRQIgWpgH8Fd76bA9y7CBds_H5PYHy4_03Q7HBqXduwtO0TICIQCnb27TK9yPErPX4bsmsYpgT5Iuti7Pi-aVmnljx85XPw%3D%3D/", "fragments": [{"path": "sq/0"}, {"path": "sq/1/dur/5.339", "duration": 5.339}, {"path": "sq/2/dur/5.338", "duration": 5.338}, {"path": "sq/3/dur/5.339", "duration": 5.339}, {"path": "sq/4/dur/5.339", "duration": 5.339}, {"path": "sq/5/dur/5.338", "duration": 5.338}, {"path": "sq/6/dur/5.339", "duration": 5.339}, {"path": "sq/7/dur/5.339", "duration": 5.339}, {"path": "sq/8/dur/5.338", "duration": 5.338}, {"path": "sq/9/dur/5.339", "duration": 5.339}, {"path": "sq/10/dur/5.339", "duration": 5.339}, {"path": "sq/11/dur/5.338", "duration": 5.338}, {"path": "sq/12/dur/5.339", "duration": 5.339}, {"path": "sq/13/dur/5.339", "duration": 5.339}, {"path": "sq/14/dur/5.338", "duration": 5.338}, {"path": "sq/15/dur/5.339", "duration": 5.339}, {"path": "sq/16/dur/5.339", "duration": 5.339}, {"path": "sq/17/dur/5.338", "duration": 5.338}, {"path": "sq/18/dur/5.339", "duration": 5.339}, {"path": "sq/19/dur/5.339", "duration": 5.339}, {"path": "sq/20/dur/5.338", "duration": 5.338}, {"path": "sq/21/dur/5.072", "duration": 5.072}], "protocol": "http_dash_segments", "format": "135 - 854x480 (DASH video)", "http_headers": {"User-Agent": "Mozilla/5.0 (Windows NT 10.0; Win64; x64) AppleWebKit/537.36 (KHTML, like Gecko) Chrome/70.0.3538.31 Safari/537.36", "Accept-Charset": "ISO-8859-1,utf-8;q=0.7,*;q=0.7", "Accept": "text/html,application/xhtml+xml,application/xml;q=0.9,*/*;q=0.8", "Accept-Encoding": "gzip, deflate", "Accept-Language": "en-us,en;q=0.5"}}, {"ext": "webm", "height": 720, "format_note": "DASH video", "vcodec": "vp9", "format_id": "247", "manifest_url": "https://manifest.googlevideo.com/api/manifest/dash/expire/1608485389/ei/rTXfX8TMOcrBqQGch4aADw/ip/140.109.135.76/id/590acf72ecb9d1a0/source/youtube/requiressl/yes/playback_host/r2---sn-5njj-u2xl.googlevideo.com/mh/yY/mm/31%2C29/mn/sn-5njj-u2xl%2Csn-un57en7e/ms/au%2Crdu/mv/m/mvi/2/pl/16/hfr/all/as/fmp4_audio_clear%2Cwebm_audio_clear%2Cwebm2_audio_clear%2Cfmp4_sd_hd_clear%2Cwebm2_sd_hd_clear/initcwndbps/690000/vprv/1/mt/1608463244/fvip/2/keepalive/yes/itag/0/sparams/expire%2Cei%2Cip%2Cid%2Csource%2Crequiressl%2Chfr%2Cas%2Cvprv%2Citag/sig/AOq0QJ8wRgIhAJmK9oaYAJFOty4_PzLASFKg-GDRAu7F-iT-urXM8iUbAiEAlAZS0m8vfiyrO0_p49n3XxscMWFqH250xFiAEJoBJ9E%3D/lsparams/playback_host%2Cmh%2Cmm%2Cmn%2Cms%2Cmv%2Cmvi%2Cpl%2Cinitcwndbps/lsig/AG3C_xAwRQIhALnwsFl45HD0zkHD_MYXbuaaV08yCs2vlG5vQyRN1kXmAiBKmV4Zzb-oNwELhUNKmP6jm-okTAIcJm8tC23d6ic_Sw%3D%3D", "width": 1280, "tbr": 1505.28, "asr": null, "fps": 30, "language": null, "filesize": null, "container": "webm_dash", "acodec": "none", "url": "https://manifest.googlevideo.com/api/manifest/dash/expire/1608485389/ei/rTXfX8TMOcrBqQGch4aADw/ip/140.109.135.76/id/590acf72ecb9d1a0/source/youtube/requiressl/yes/playback_host/r2---sn-5njj-u2xl.googlevideo.com/mh/yY/mm/31%2C29/mn/sn-5njj-u2xl%2Csn-un57en7e/ms/au%2Crdu/mv/m/mvi/2/pl/16/hfr/all/as/fmp4_audio_clear%2Cwebm_audio_clear%2Cwebm2_audio_clear%2Cfmp4_sd_hd_clear%2Cwebm2_sd_hd_clear/initcwndbps/690000/vprv/1/mt/1608463244/fvip/2/keepalive/yes/itag/0/sparams/expire%2Cei%2Cip%2Cid%2Csource%2Crequiressl%2Chfr%2Cas%2Cvprv%2Citag/sig/AOq0QJ8wRgIhAJmK9oaYAJFOty4_PzLASFKg-GDRAu7F-iT-urXM8iUbAiEAlAZS0m8vfiyrO0_p49n3XxscMWFqH250xFiAEJoBJ9E%3D/lsparams/playback_host%2Cmh%2Cmm%2Cmn%2Cms%2Cmv%2Cmvi%2Cpl%2Cinitcwndbps/lsig/AG3C_xAwRQIhALnwsFl45HD0zkHD_MYXbuaaV08yCs2vlG5vQyRN1kXmAiBKmV4Zzb-oNwELhUNKmP6jm-okTAIcJm8tC23d6ic_Sw%3D%3D", "fragment_base_url": "https://r2---sn-5njj-u2xl.googlevideo.com/videoplayback/expire/1608485389/ei/rTXfX8TMOcrBqQGch4aADw/ip/140.109.135.76/id/590acf72ecb9d1a0/itag/247/source/yt_otf/requiressl/yes/mh/yY/mm/31,29/mn/sn-5njj-u2xl,sn-un57en7e/ms/au,rdu/mv/m/mvi/2/pl/16/initcwndbps/690000/vprv/1/ratebypass/yes/mime/video%2Fwebm/otfp/1/otf/1/lmt/1594269833427595/mt/1608463244/fvip/2/keepalive/yes/sparams/expire,ei,ip,id,itag,source,requiressl,vprv,ratebypass,mime,otfp,otf,lmt/sig/AOq0QJ8wRgIhAKXWkD6DLuX9lstKGvl54Y4358EzzgFWgDy39QSB5SfLAiEA-j9A6Zsr_F561HF1bLudt9Rtp2hUsHsXffkzwAWO7f8%3D/lsparams/mh,mm,mn,ms,mv,mvi,pl,initcwndbps/lsig/AG3C_xAwRQIgIWZYVgBPSaiJ2jJxzt6QDtCuZfVoRZi7jEYGBZisCmYCIQDYbm-EHotU2PGivnZmgQ5RpyAl5fmajsIncJhE7arjug%3D%3D/", "fragments": [{"path": "sq/0"}, {"path": "sq/1/dur/5.339", "duration": 5.339}, {"path": "sq/2/dur/5.338", "duration": 5.338}, {"path": "sq/3/dur/5.339", "duration": 5.339}, {"path": "sq/4/dur/5.339", "duration": 5.339}, {"path": "sq/5/dur/5.338", "duration": 5.338}, {"path": "sq/6/dur/5.339", "duration": 5.339}, {"path": "sq/7/dur/5.339", "duration": 5.339}, {"path": "sq/8/dur/5.338", "duration": 5.338}, {"path": "sq/9/dur/5.339", "duration": 5.339}, {"path": "sq/10/dur/5.339", "duration": 5.339}, {"path": "sq/11/dur/5.338", "duration": 5.338}, {"path": "sq/12/dur/5.339", "duration": 5.339}, {"path": "sq/13/dur/5.339", "duration": 5.339}, {"path": "sq/14/dur/5.338", "duration": 5.338}, {"path": "sq/15/dur/5.339", "duration": 5.339}, {"path": "sq/16/dur/5.339", "duration": 5.339}, {"path": "sq/17/dur/5.338", "duration": 5.338}, {"path": "sq/18/dur/5.339", "duration": 5.339}, {"path": "sq/19/dur/5.339", "duration": 5.339}, {"path": "sq/20/dur/5.338", "duration": 5.338}, {"path": "sq/21/dur/5.072", "duration": 5.072}], "protocol": "http_dash_segments", "format": "247 - 1280x720 (DASH video)", "http_headers": {"User-Agent": "Mozilla/5.0 (Windows NT 10.0; Win64; x64) AppleWebKit/537.36 (KHTML, like Gecko) Chrome/70.0.3538.31 Safari/537.36", "Accept-Charset": "ISO-8859-1,utf-8;q=0.7,*;q=0.7", "Accept": "text/html,application/xhtml+xml,application/xml;q=0.9,*/*;q=0.8", "Accept-Encoding": "gzip, deflate", "Accept-Language": "en-us,en;q=0.5"}}, {"ext": "mp4", "height": 720, "format_note": "DASH video", "vcodec": "avc1.4d4016", "format_id": "136", "manifest_url": "https://manifest.googlevideo.com/api/manifest/dash/expire/1608485389/ei/rTXfX8TMOcrBqQGch4aADw/ip/140.109.135.76/id/590acf72ecb9d1a0/source/youtube/requiressl/yes/playback_host/r2---sn-5njj-u2xl.googlevideo.com/mh/yY/mm/31%2C29/mn/sn-5njj-u2xl%2Csn-un57en7e/ms/au%2Crdu/mv/m/mvi/2/pl/16/hfr/all/as/fmp4_audio_clear%2Cwebm_audio_clear%2Cwebm2_audio_clear%2Cfmp4_sd_hd_clear%2Cwebm2_sd_hd_clear/initcwndbps/690000/vprv/1/mt/1608463244/fvip/2/keepalive/yes/itag/0/sparams/expire%2Cei%2Cip%2Cid%2Csource%2Crequiressl%2Chfr%2Cas%2Cvprv%2Citag/sig/AOq0QJ8wRgIhAJmK9oaYAJFOty4_PzLASFKg-GDRAu7F-iT-urXM8iUbAiEAlAZS0m8vfiyrO0_p49n3XxscMWFqH250xFiAEJoBJ9E%3D/lsparams/playback_host%2Cmh%2Cmm%2Cmn%2Cms%2Cmv%2Cmvi%2Cpl%2Cinitcwndbps/lsig/AG3C_xAwRQIhALnwsFl45HD0zkHD_MYXbuaaV08yCs2vlG5vQyRN1kXmAiBKmV4Zzb-oNwELhUNKmP6jm-okTAIcJm8tC23d6ic_Sw%3D%3D", "width": 1280, "tbr": 2310.0, "asr": null, "fps": 30, "language": null, "filesize": null, "container": "mp4_dash", "acodec": "none", "url": "https://manifest.googlevideo.com/api/manifest/dash/expire/1608485389/ei/rTXfX8TMOcrBqQGch4aADw/ip/140.109.135.76/id/590acf72ecb9d1a0/source/youtube/requiressl/yes/playback_host/r2---sn-5njj-u2xl.googlevideo.com/mh/yY/mm/31%2C29/mn/sn-5njj-u2xl%2Csn-un57en7e/ms/au%2Crdu/mv/m/mvi/2/pl/16/hfr/all/as/fmp4_audio_clear%2Cwebm_audio_clear%2Cwebm2_audio_clear%2Cfmp4_sd_hd_clear%2Cwebm2_sd_hd_clear/initcwndbps/690000/vprv/1/mt/1608463244/fvip/2/keepalive/yes/itag/0/sparams/expire%2Cei%2Cip%2Cid%2Csource%2Crequiressl%2Chfr%2Cas%2Cvprv%2Citag/sig/AOq0QJ8wRgIhAJmK9oaYAJFOty4_PzLASFKg-GDRAu7F-iT-urXM8iUbAiEAlAZS0m8vfiyrO0_p49n3XxscMWFqH250xFiAEJoBJ9E%3D/lsparams/playback_host%2Cmh%2Cmm%2Cmn%2Cms%2Cmv%2Cmvi%2Cpl%2Cinitcwndbps/lsig/AG3C_xAwRQIhALnwsFl45HD0zkHD_MYXbuaaV08yCs2vlG5vQyRN1kXmAiBKmV4Zzb-oNwELhUNKmP6jm-okTAIcJm8tC23d6ic_Sw%3D%3D", "fragment_base_url": "https://r2---sn-5njj-u2xl.googlevideo.com/videoplayback/expire/1608485389/ei/rTXfX8TMOcrBqQGch4aADw/ip/140.109.135.76/id/590acf72ecb9d1a0/itag/136/source/yt_otf/requiressl/yes/mh/yY/mm/31,29/mn/sn-5njj-u2xl,sn-un57en7e/ms/au,rdu/mv/m/mvi/2/pl/16/initcwndbps/690000/vprv/1/ratebypass/yes/mime/video%2Fmp4/otfp/1/otf/1/lmt/1594269833427595/mt/1608463244/fvip/2/keepalive/yes/sparams/expire,ei,ip,id,itag,source,requiressl,vprv,ratebypass,mime,otfp,otf,lmt/sig/AOq0QJ8wRQIgDz7s0H7aI7lMfG7gLsy84jXMEqhzvqdcnYd7YYvZLt0CIQDvA4mt5WP_vUeOleKjVVKdVCU1DTt7CFrHYNu7HjED_g%3D%3D/lsparams/mh,mm,mn,ms,mv,mvi,pl,initcwndbps/lsig/AG3C_xAwRQIgTSg2-cKkQrX87Xa6b3Nt6K8AsM37-2-DmMtVD-0LWsoCIQDevXdsEMp4REqqksCBA0veOUt8tgso89cbAhZU7dnztA%3D%3D/", "fragments": [{"path": "sq/0"}, {"path": "sq/1/dur/5.339", "duration": 5.339}, {"path": "sq/2/dur/5.338", "duration": 5.338}, {"path": "sq/3/dur/5.339", "duration": 5.339}, {"path": "sq/4/dur/5.339", "duration": 5.339}, {"path": "sq/5/dur/5.338", "duration": 5.338}, {"path": "sq/6/dur/5.339", "duration": 5.339}, {"path": "sq/7/dur/5.339", "duration": 5.339}, {"path": "sq/8/dur/5.338", "duration": 5.338}, {"path": "sq/9/dur/5.339", "duration": 5.339}, {"path": "sq/10/dur/5.339", "duration": 5.339}, {"path": "sq/11/dur/5.338", "duration": 5.338}, {"path": "sq/12/dur/5.339", "duration": 5.339}, {"path": "sq/13/dur/5.339", "duration": 5.339}, {"path": "sq/14/dur/5.338", "duration": 5.338}, {"path": "sq/15/dur/5.339", "duration": 5.339}, {"path": "sq/16/dur/5.339", "duration": 5.339}, {"path": "sq/17/dur/5.338", "duration": 5.338}, {"path": "sq/18/dur/5.339", "duration": 5.339}, {"path": "sq/19/dur/5.339", "duration": 5.339}, {"path": "sq/20/dur/5.338", "duration": 5.338}, {"path": "sq/21/dur/5.072", "duration": 5.072}], "protocol": "http_dash_segments", "format": "136 - 1280x720 (DASH video)", "http_headers": {"User-Agent": "Mozilla/5.0 (Windows NT 10.0; Win64; x64) AppleWebKit/537.36 (KHTML, like Gecko) Chrome/70.0.3538.31 Safari/537.36", "Accept-Charset": "ISO-8859-1,utf-8;q=0.7,*;q=0.7", "Accept": "text/html,application/xhtml+xml,application/xml;q=0.9,*/*;q=0.8", "Accept-Encoding": "gzip, deflate", "Accept-Language": "en-us,en;q=0.5"}}, {"ext": "webm", "height": 1080, "format_note": "DASH video", "vcodec": "vp9", "format_id": "248", "manifest_url": "https://manifest.googlevideo.com/api/manifest/dash/expire/1608485389/ei/rTXfX8TMOcrBqQGch4aADw/ip/140.109.135.76/id/590acf72ecb9d1a0/source/youtube/requiressl/yes/playback_host/r2---sn-5njj-u2xl.googlevideo.com/mh/yY/mm/31%2C29/mn/sn-5njj-u2xl%2Csn-un57en7e/ms/au%2Crdu/mv/m/mvi/2/pl/16/hfr/all/as/fmp4_audio_clear%2Cwebm_audio_clear%2Cwebm2_audio_clear%2Cfmp4_sd_hd_clear%2Cwebm2_sd_hd_clear/initcwndbps/690000/vprv/1/mt/1608463244/fvip/2/keepalive/yes/itag/0/sparams/expire%2Cei%2Cip%2Cid%2Csource%2Crequiressl%2Chfr%2Cas%2Cvprv%2Citag/sig/AOq0QJ8wRgIhAJmK9oaYAJFOty4_PzLASFKg-GDRAu7F-iT-urXM8iUbAiEAlAZS0m8vfiyrO0_p49n3XxscMWFqH250xFiAEJoBJ9E%3D/lsparams/playback_host%2Cmh%2Cmm%2Cmn%2Cms%2Cmv%2Cmvi%2Cpl%2Cinitcwndbps/lsig/AG3C_xAwRQIhALnwsFl45HD0zkHD_MYXbuaaV08yCs2vlG5vQyRN1kXmAiBKmV4Zzb-oNwELhUNKmP6jm-okTAIcJm8tC23d6ic_Sw%3D%3D", "width": 1920, "tbr": 2646.0, "asr": null, "fps": 30, "language": null, "filesize": null, "container": "webm_dash", "acodec": "none", "url": "https://manifest.googlevideo.com/api/manifest/dash/expire/1608485389/ei/rTXfX8TMOcrBqQGch4aADw/ip/140.109.135.76/id/590acf72ecb9d1a0/source/youtube/requiressl/yes/playback_host/r2---sn-5njj-u2xl.googlevideo.com/mh/yY/mm/31%2C29/mn/sn-5njj-u2xl%2Csn-un57en7e/ms/au%2Crdu/mv/m/mvi/2/pl/16/hfr/all/as/fmp4_audio_clear%2Cwebm_audio_clear%2Cwebm2_audio_clear%2Cfmp4_sd_hd_clear%2Cwebm2_sd_hd_clear/initcwndbps/690000/vprv/1/mt/1608463244/fvip/2/keepalive/yes/itag/0/sparams/expire%2Cei%2Cip%2Cid%2Csource%2Crequiressl%2Chfr%2Cas%2Cvprv%2Citag/sig/AOq0QJ8wRgIhAJmK9oaYAJFOty4_PzLASFKg-GDRAu7F-iT-urXM8iUbAiEAlAZS0m8vfiyrO0_p49n3XxscMWFqH250xFiAEJoBJ9E%3D/lsparams/playback_host%2Cmh%2Cmm%2Cmn%2Cms%2Cmv%2Cmvi%2Cpl%2Cinitcwndbps/lsig/AG3C_xAwRQIhALnwsFl45HD0zkHD_MYXbuaaV08yCs2vlG5vQyRN1kXmAiBKmV4Zzb-oNwELhUNKmP6jm-okTAIcJm8tC23d6ic_Sw%3D%3D", "fragment_base_url": "https://r2---sn-5njj-u2xl.googlevideo.com/videoplayback/expire/1608485389/ei/rTXfX8TMOcrBqQGch4aADw/ip/140.109.135.76/id/590acf72ecb9d1a0/itag/248/source/yt_otf/requiressl/yes/mh/yY/mm/31,29/mn/sn-5njj-u2xl,sn-un57en7e/ms/au,rdu/mv/m/mvi/2/pl/16/initcwndbps/690000/vprv/1/ratebypass/yes/mime/video%2Fwebm/otfp/1/otf/1/lmt/1594269833427595/mt/1608463244/fvip/2/keepalive/yes/sparams/expire,ei,ip,id,itag,source,requiressl,vprv,ratebypass,mime,otfp,otf,lmt/sig/AOq0QJ8wRgIhAN0iwZat8E5OvxQROTEOe8s8pymE5_wWlR8IFoNjrDN0AiEApRGercfzYqhs4JbbUSYGY9zximtv0r8hZVSyVdHJGrY%3D/lsparams/mh,mm,mn,ms,mv,mvi,pl,initcwndbps/lsig/AG3C_xAwRAIgC60jqkOpSO1-ujToVnMRHFRhfejWpOr3Zcnan_4ocz8CIAWc-VQE_4OBmbhTsw4yZ5e105IioGlTxDRa9e25DC5O/", "fragments": [{"path": "sq/0"}, {"path": "sq/1/dur/5.339", "duration": 5.339}, {"path": "sq/2/dur/5.338", "duration": 5.338}, {"path": "sq/3/dur/5.339", "duration": 5.339}, {"path": "sq/4/dur/5.339", "duration": 5.339}, {"path": "sq/5/dur/5.338", "duration": 5.338}, {"path": "sq/6/dur/5.339", "duration": 5.339}, {"path": "sq/7/dur/5.339", "duration": 5.339}, {"path": "sq/8/dur/5.338", "duration": 5.338}, {"path": "sq/9/dur/5.339", "duration": 5.339}, {"path": "sq/10/dur/5.339", "duration": 5.339}, {"path": "sq/11/dur/5.338", "duration": 5.338}, {"path": "sq/12/dur/5.339", "duration": 5.339}, {"path": "sq/13/dur/5.339", "duration": 5.339}, {"path": "sq/14/dur/5.338", "duration": 5.338}, {"path": "sq/15/dur/5.339", "duration": 5.339}, {"path": "sq/16/dur/5.339", "duration": 5.339}, {"path": "sq/17/dur/5.338", "duration": 5.338}, {"path": "sq/18/dur/5.339", "duration": 5.339}, {"path": "sq/19/dur/5.339", "duration": 5.339}, {"path": "sq/20/dur/5.338", "duration": 5.338}, {"path": "sq/21/dur/5.072", "duration": 5.072}], "protocol": "http_dash_segments", "format": "248 - 1920x1080 (DASH video)", "http_headers": {"User-Agent": "Mozilla/5.0 (Windows NT 10.0; Win64; x64) AppleWebKit/537.36 (KHTML, like Gecko) Chrome/70.0.3538.31 Safari/537.36", "Accept-Charset": "ISO-8859-1,utf-8;q=0.7,*;q=0.7", "Accept": "text/html,application/xhtml+xml,application/xml;q=0.9,*/*;q=0.8", "Accept-Encoding": "gzip, deflate", "Accept-Language": "en-us,en;q=0.5"}}, {"ext": "mp4", "height": 1080, "format_note": "DASH video", "vcodec": "avc1.64001e", "format_id": "137", "manifest_url": "https://manifest.googlevideo.com/api/manifest/dash/expire/1608485389/ei/rTXfX8TMOcrBqQGch4aADw/ip/140.109.135.76/id/590acf72ecb9d1a0/source/youtube/requiressl/yes/playback_host/r2---sn-5njj-u2xl.googlevideo.com/mh/yY/mm/31%2C29/mn/sn-5njj-u2xl%2Csn-un57en7e/ms/au%2Crdu/mv/m/mvi/2/pl/16/hfr/all/as/fmp4_audio_clear%2Cwebm_audio_clear%2Cwebm2_audio_clear%2Cfmp4_sd_hd_clear%2Cwebm2_sd_hd_clear/initcwndbps/690000/vprv/1/mt/1608463244/fvip/2/keepalive/yes/itag/0/sparams/expire%2Cei%2Cip%2Cid%2Csource%2Crequiressl%2Chfr%2Cas%2Cvprv%2Citag/sig/AOq0QJ8wRgIhAJmK9oaYAJFOty4_PzLASFKg-GDRAu7F-iT-urXM8iUbAiEAlAZS0m8vfiyrO0_p49n3XxscMWFqH250xFiAEJoBJ9E%3D/lsparams/playback_host%2Cmh%2Cmm%2Cmn%2Cms%2Cmv%2Cmvi%2Cpl%2Cinitcwndbps/lsig/AG3C_xAwRQIhALnwsFl45HD0zkHD_MYXbuaaV08yCs2vlG5vQyRN1kXmAiBKmV4Zzb-oNwELhUNKmP6jm-okTAIcJm8tC23d6ic_Sw%3D%3D", "width": 1920, "tbr": 4331.25, "asr": null, "fps": 30, "language": null, "filesize": null, "container": "mp4_dash", "acodec": "none", "url": "https://manifest.googlevideo.com/api/manifest/dash/expire/1608485389/ei/rTXfX8TMOcrBqQGch4aADw/ip/140.109.135.76/id/590acf72ecb9d1a0/source/youtube/requiressl/yes/playback_host/r2---sn-5njj-u2xl.googlevideo.com/mh/yY/mm/31%2C29/mn/sn-5njj-u2xl%2Csn-un57en7e/ms/au%2Crdu/mv/m/mvi/2/pl/16/hfr/all/as/fmp4_audio_clear%2Cwebm_audio_clear%2Cwebm2_audio_clear%2Cfmp4_sd_hd_clear%2Cwebm2_sd_hd_clear/initcwndbps/690000/vprv/1/mt/1608463244/fvip/2/keepalive/yes/itag/0/sparams/expire%2Cei%2Cip%2Cid%2Csource%2Crequiressl%2Chfr%2Cas%2Cvprv%2Citag/sig/AOq0QJ8wRgIhAJmK9oaYAJFOty4_PzLASFKg-GDRAu7F-iT-urXM8iUbAiEAlAZS0m8vfiyrO0_p49n3XxscMWFqH250xFiAEJoBJ9E%3D/lsparams/playback_host%2Cmh%2Cmm%2Cmn%2Cms%2Cmv%2Cmvi%2Cpl%2Cinitcwndbps/lsig/AG3C_xAwRQIhALnwsFl45HD0zkHD_MYXbuaaV08yCs2vlG5vQyRN1kXmAiBKmV4Zzb-oNwELhUNKmP6jm-okTAIcJm8tC23d6ic_Sw%3D%3D", "fragment_base_url": "https://r2---sn-5njj-u2xl.googlevideo.com/videoplayback/expire/1608485389/ei/rTXfX8TMOcrBqQGch4aADw/ip/140.109.135.76/id/590acf72ecb9d1a0/itag/137/source/yt_otf/requiressl/yes/mh/yY/mm/31,29/mn/sn-5njj-u2xl,sn-un57en7e/ms/au,rdu/mv/m/mvi/2/pl/16/initcwndbps/690000/vprv/1/ratebypass/yes/mime/video%2Fmp4/otfp/1/otf/1/lmt/1594269833427595/mt/1608463244/fvip/2/keepalive/yes/sparams/expire,ei,ip,id,itag,source,requiressl,vprv,ratebypass,mime,otfp,otf,lmt/sig/AOq0QJ8wRgIhAJ3UA4a79Wb_St6RX83JtMDVgQldBtcnf0TBL8UKp5JbAiEAhgmL_tXwgxzLNv86AIwCwox1ibWJL6XOnK7_tI_bagE%3D/lsparams/mh,mm,mn,ms,mv,mvi,pl,initcwndbps/lsig/AG3C_xAwRQIgasj_Kt7ziv4xWy-e0H61Z7dDhM1pZI-bv99LYVh7AFkCIQC1A3nB5x8mKQBdcNZYerkh6ZCzgiH4q8TwqUP5xz4WHA%3D%3D/", "fragments": [{"path": "sq/0"}, {"path": "sq/1/dur/5.339", "duration": 5.339}, {"path": "sq/2/dur/5.338", "duration": 5.338}, {"path": "sq/3/dur/5.339", "duration": 5.339}, {"path": "sq/4/dur/5.339", "duration": 5.339}, {"path": "sq/5/dur/5.338", "duration": 5.338}, {"path": "sq/6/dur/5.339", "duration": 5.339}, {"path": "sq/7/dur/5.339", "duration": 5.339}, {"path": "sq/8/dur/5.338", "duration": 5.338}, {"path": "sq/9/dur/5.339", "duration": 5.339}, {"path": "sq/10/dur/5.339", "duration": 5.339}, {"path": "sq/11/dur/5.338", "duration": 5.338}, {"path": "sq/12/dur/5.339", "duration": 5.339}, {"path": "sq/13/dur/5.339", "duration": 5.339}, {"path": "sq/14/dur/5.338", "duration": 5.338}, {"path": "sq/15/dur/5.339", "duration": 5.339}, {"path": "sq/16/dur/5.339", "duration": 5.339}, {"path": "sq/17/dur/5.338", "duration": 5.338}, {"path": "sq/18/dur/5.339", "duration": 5.339}, {"path": "sq/19/dur/5.339", "duration": 5.339}, {"path": "sq/20/dur/5.338", "duration": 5.338}, {"path": "sq/21/dur/5.072", "duration": 5.072}], "protocol": "http_dash_segments", "format": "137 - 1920x1080 (DASH video)", "http_headers": {"User-Agent": "Mozilla/5.0 (Windows NT 10.0; Win64; x64) AppleWebKit/537.36 (KHTML, like Gecko) Chrome/70.0.3538.31 Safari/537.36", "Accept-Charset": "ISO-8859-1,utf-8;q=0.7,*;q=0.7", "Accept": "text/html,application/xhtml+xml,application/xml;q=0.9,*/*;q=0.8", "Accept-Encoding": "gzip, deflate", "Accept-Language": "en-us,en;q=0.5"}}, {"format_id": "18", "url": "https://r2---sn-5njj-u2xl.googlevideo.com/videoplayback?expire=1608485389&ei=rTXfX8TMOcrBqQGch4aADw&ip=140.109.135.76&id=o-AKjR0siklZrwJW-Q5urixCpNLh-2Rg2Vm6cQdzFKSMY1&itag=18&source=youtube&requiressl=yes&mh=yY&mm=31%2C29&mn=sn-5njj-u2xl%2Csn-un57en7e&ms=au%2Crdu&mv=m&mvi=2&pl=16&initcwndbps=690000&vprv=1&mime=video%2Fmp4&ns=T8Y_efLM5jyAdHwsMEoR3AwF&gir=yes&clen=4790506&ratebypass=yes&dur=111.896&lmt=1594266516323995&mt=1608463244&fvip=2&c=WEB&txp=6216222&n=I856JfvkpybKt2n66&sparams=expire%2Cei%2Cip%2Cid%2Citag%2Csource%2Crequiressl%2Cvprv%2Cmime%2Cns%2Cgir%2Cclen%2Cratebypass%2Cdur%2Clmt&sig=AOq0QJ8wRQIgIyyQvBYwwwjylXnC_-23_kc3MpBMfjEErgSh3-DBjxYCIQDPpdU3VyixcrKYQBACiYeWaimlBzccnlbxjt-W6KI59Q%3D%3D&lsparams=mh%2Cmm%2Cmn%2Cms%2Cmv%2Cmvi%2Cpl%2Cinitcwndbps&lsig=AG3C_xAwRgIhAOUFJUSmSkiJqjLxCTw11an1m1qzhKfEYd1808RyZyMKAiEA-Bn4oDpkhTPuZ25HedZ6b_lMO685q6XTm1pqU-Vy0pE%3D", "player_url": null, "ext": "mp4", "width": 640, "height": 360, "acodec": "mp4a.40.2", "abr": 96, "vcodec": "avc1.42001E", "asr": 44100, "filesize": 4790506, "format_note": "360p", "fps": 30, "tbr": 342.653, "format": "18 - 640x360 (360p)", "protocol": "https", "http_headers": {"User-Agent": "Mozilla/5.0 (Windows NT 10.0; Win64; x64) AppleWebKit/537.36 (KHTML, like Gecko) Chrome/70.0.3538.31 Safari/537.36", "Accept-Charset": "ISO-8859-1,utf-8;q=0.7,*;q=0.7", "Accept": "text/html,application/xhtml+xml,application/xml;q=0.9,*/*;q=0.8", "Accept-Encoding": "gzip, deflate", "Accept-Language": "en-us,en;q=0.5"}}], "is_live": null, "start_time": null, "end_time": null, "series": null, "season_number": null, "episode_number": null, "track": null, "artist": null, "album": null, "release_date": null, "release_year": null, "extractor": "youtube", "webpage_url_basename": "watch", "extractor_key": "Youtube", "playlist": null, "playlist_index": null, "thumbnail": "https://i.ytimg.com/vi_webp/WQrPcuy50aA/maxresdefault.webp", "display_id": "WQrPcuy50aA", "requested_subtitles": null, "ext": "webm", "format_note": "DASH audio", "acodec": "opus", "abr": 160, "format_id": "251", "manifest_url": "https://manifest.googlevideo.com/api/manifest/dash/expire/1608485389/ei/rTXfX8TMOcrBqQGch4aADw/ip/140.109.135.76/id/590acf72ecb9d1a0/source/youtube/requiressl/yes/playback_host/r2---sn-5njj-u2xl.googlevideo.com/mh/yY/mm/31%2C29/mn/sn-5njj-u2xl%2Csn-un57en7e/ms/au%2Crdu/mv/m/mvi/2/pl/16/hfr/all/as/fmp4_audio_clear%2Cwebm_audio_clear%2Cwebm2_audio_clear%2Cfmp4_sd_hd_clear%2Cwebm2_sd_hd_clear/initcwndbps/690000/vprv/1/mt/1608463244/fvip/2/keepalive/yes/itag/0/sparams/expire%2Cei%2Cip%2Cid%2Csource%2Crequiressl%2Chfr%2Cas%2Cvprv%2Citag/sig/AOq0QJ8wRgIhAJmK9oaYAJFOty4_PzLASFKg-GDRAu7F-iT-urXM8iUbAiEAlAZS0m8vfiyrO0_p49n3XxscMWFqH250xFiAEJoBJ9E%3D/lsparams/playback_host%2Cmh%2Cmm%2Cmn%2Cms%2Cmv%2Cmvi%2Cpl%2Cinitcwndbps/lsig/AG3C_xAwRQIhALnwsFl45HD0zkHD_MYXbuaaV08yCs2vlG5vQyRN1kXmAiBKmV4Zzb-oNwELhUNKmP6jm-okTAIcJm8tC23d6ic_Sw%3D%3D", "width": null, "height": null, "tbr": 158.72, "asr": 48000, "fps": null, "language": null, "filesize": null, "container": "webm_dash", "vcodec": "none", "url": "https://manifest.googlevideo.com/api/manifest/dash/expire/1608485389/ei/rTXfX8TMOcrBqQGch4aADw/ip/140.109.135.76/id/590acf72ecb9d1a0/source/youtube/requiressl/yes/playback_host/r2---sn-5njj-u2xl.googlevideo.com/mh/yY/mm/31%2C29/mn/sn-5njj-u2xl%2Csn-un57en7e/ms/au%2Crdu/mv/m/mvi/2/pl/16/hfr/all/as/fmp4_audio_clear%2Cwebm_audio_clear%2Cwebm2_audio_clear%2Cfmp4_sd_hd_clear%2Cwebm2_sd_hd_clear/initcwndbps/690000/vprv/1/mt/1608463244/fvip/2/keepalive/yes/itag/0/sparams/expire%2Cei%2Cip%2Cid%2Csource%2Crequiressl%2Chfr%2Cas%2Cvprv%2Citag/sig/AOq0QJ8wRgIhAJmK9oaYAJFOty4_PzLASFKg-GDRAu7F-iT-urXM8iUbAiEAlAZS0m8vfiyrO0_p49n3XxscMWFqH250xFiAEJoBJ9E%3D/lsparams/playback_host%2Cmh%2Cmm%2Cmn%2Cms%2Cmv%2Cmvi%2Cpl%2Cinitcwndbps/lsig/AG3C_xAwRQIhALnwsFl45HD0zkHD_MYXbuaaV08yCs2vlG5vQyRN1kXmAiBKmV4Zzb-oNwELhUNKmP6jm-okTAIcJm8tC23d6ic_Sw%3D%3D", "fragment_base_url": "https://r2---sn-5njj-u2xl.googlevideo.com/videoplayback/expire/1608485389/ei/rTXfX8TMOcrBqQGch4aADw/ip/140.109.135.76/id/590acf72ecb9d1a0/itag/251/source/youtube/requiressl/yes/mh/yY/mm/31,29/mn/sn-5njj-u2xl,sn-un57en7e/ms/au,rdu/mv/m/mvi/2/pl/16/initcwndbps/690000/vprv/1/ratebypass/yes/mime/audio%2Fwebm/otfp/1/gir/yes/clen/2136392/lmt/1594266505102207/dur/111.861/mt/1608463244/fvip/2/keepalive/yes/sparams/expire,ei,ip,id,itag,source,requiressl,vprv,ratebypass,mime,otfp,gir,clen,lmt,dur/sig/AOq0QJ8wRgIhAJDJEpkuwybDB8rQsjS_yhCQjemFN2rsscOclAWnEh02AiEAzSbObp-5_nNHleMp8gO2l5viqFPS2izdKO87J8ojPg0%3D/lsparams/mh,mm,mn,ms,mv,mvi,pl,initcwndbps/lsig/AG3C_xAwRgIhAIWyqIDQ6xzpdXSHsLf4IAHJ9dx93dkCkd0_VSayduSvAiEA6yzsP6ixoTfZeLCgFEjS5CK4ud-30f-b55-Xu9AC6RU%3D/", "fragments": [{"path": "range/0-258"}, {"path": "range/460-166187", "duration": 10.001}, {"path": "range/166188-364588", "duration": 10.0}, {"path": "range/364589-560409", "duration": 10.0}, {"path": "range/560410-751265", "duration": 10.0}, {"path": "range/751266-946597", "duration": 10.0}, {"path": "range/946598-1142096", "duration": 10.0}, {"path": "range/1142097-1335096", "duration": 10.0}, {"path": "range/1335097-1521899", "duration": 10.0}, {"path": "range/1521900-1716911", "duration": 10.0}, {"path": "range/1716912-1910353", "duration": 10.0}, {"path": "range/1910354-2105025", "duration": 10.0}, {"path": "range/2105026-2136391", "duration": 1.86}], "protocol": "http_dash_segments", "format": "251 - audio only (DASH audio)", "http_headers": {"User-Agent": "Mozilla/5.0 (Windows NT 10.0; Win64; x64) AppleWebKit/537.36 (KHTML, like Gecko) Chrome/70.0.3538.31 Safari/537.36", "Accept-Charset": "ISO-8859-1,utf-8;q=0.7,*;q=0.7", "Accept": "text/html,application/xhtml+xml,application/xml;q=0.9,*/*;q=0.8", "Accept-Encoding": "gzip, deflate", "Accept-Language": "en-us,en;q=0.5"}}