{"id": "yZGBxiNPu3k", "uploader": "Patrik Pietschmann", "uploader_id": "UCs7O9sOUQiBGBxaaAguIwig", "uploader_url": "http://www.youtube.com/channel/UCs7O9sOUQiBGBxaaAguIwig", "channel_id": "UCs7O9sOUQiBGBxaaAguIwig", "channel_url": "http://www.youtube.com/channel/UCs7O9sOUQiBGBxaaAguIwig", "upload_date": "20160602", "license": null, "creator": null, "title": "Game of Thrones - Main Theme (Piano Version) + Sheet Music", "alt_title": null, "thumbnails": [{"url": "https://i.ytimg.com/vi/yZGBxiNPu3k/hqdefault.jpg?sqp=-oaymwEYCKgBEF5IVfKriqkDCwgBFQAAiEIYAXAB&rs=AOn4CLCYhTvarxkLDqWMc3Wk90W0iJhIcw", "width": 168, "height": 94, "resolution": "168x94", "id": "0"}, {"url": "https://i.ytimg.com/vi/yZGBxiNPu3k/hqdefault.jpg?sqp=-oaymwEYCMQBEG5IVfKriqkDCwgBFQAAiEIYAXAB&rs=AOn4CLChw4uApNUGfaJ4vbBHmnD1-YiPRQ", "width": 196, "height": 110, "resolution": "196x110", "id": "1"}, {"url": "https://i.ytimg.com/vi/yZGBxiNPu3k/hqdefault.jpg?sqp=-oaymwEZCPYBEIoBSFXyq4qpAwsIARUAAIhCGAFwAQ==&rs=AOn4CLBiam2OEY_z16_LLYY-qbgtnWWmnw", "width": 246, "height": 138, "resolution": "246x138", "id": "2"}, {"url": "https://i.ytimg.com/vi/yZGBxiNPu3k/hqdefault.jpg?sqp=-oaymwEZCNACELwBSFXyq4qpAwsIARUAAIhCGAFwAQ==&rs=AOn4CLCCIEzFxCsxuMRDxMe5p6FMweXR6w", "width": 336, "height": 188, "resolution": "336x188", "id": "3"}, {"url": "https://i.ytimg.com/vi_webp/yZGBxiNPu3k/maxresdefault.webp", "width": 1920, "height": 1080, "resolution": "1920x1080", "id": "4"}], "description": "\ud83c\udfa7 Stream/Download \u25ba https://lnk.to/6mbnJQ\n\ud83c\udfb5 Sheet Music \u25ba http://mnot.es/2xX9Bkg\n\ud83c\udfb9 Learn piano with flowkey \u25ba http://tinyurl.com/patrik-flowkey\n\ud83d\udc4d Support my work on Patreon \u25ba https://www.patreon.com/PatrikPietschmann\n\n\ud83c\udfa7All My Music is Available Here \ud83c\udfa7\n\u25ba iTunes: https://smarturl.it/PP_iTunes\n\u25ba Amazon: https://smarturl.it/PP_Amazon\n\u25ba Google: https://smarturl.it/PP_GooglePlay\n\u25ba Spotify: https://smarturl.it/PP_Spotify\n\u25ba Deezer: https://smarturl.it/PP_Deezer\n\u25ba Tidal: https://smarturl.it/PP_Tidal\n\nWhat I Use to Make Music & Videos!\n\ud83c\udfb9 Piano: https://smarturl.it/YamahaP-45_Amazon\n\ud83d\udcf9 Camera: https://smarturl.it/LumixG7_Amazon\n\nRamin Djawadi - Game of Thrones - Main Theme\nPiano Version by Patrik Pietschmann\n\nHi, my name is Patrik Pietschmann, I'm a keyboard player, arranger and hobby programmer from Germany. Since I am a huge fan of Ramin Djawadi, I did an arrangement of his Main Theme from the \"Game of Thrones\" soundtrack. In this video I have tried to combine my live piano playing with the visualization of the music material by programming my own \"Synthesia\"-like software.\n\nPlease subscribe to my channel if you like the video! :-)", "categories": ["Music"], "tags": ["Ramin Djawadi", "Game of Thrones", "Main Theme", "Main Title", "Piano", "Patrik Pietschmann"], "subtitles": {}, "automatic_captions": {}, "duration": 172, "age_limit": 0, "annotations": null, "chapters": null, "webpage_url": "https://www.youtube.com/watch?v=yZGBxiNPu3k", "view_count": 7057138, "like_count": 105349, "dislike_count": 1098, "average_rating": 4.9587402, "formats": [{"format_id": "249", "url": "https://r6---sn-5njj-u2xe.googlevideo.com/videoplayback?expire=1610981457&ei=8UsFYMOwELaFs8IPiImfMA&ip=140.109.135.76&id=o-AD0RPqN2cFc7mLUf4aaVNXB9TxLTDuOqEmHurkGd9mhc&itag=249&source=youtube&requiressl=yes&mh=LE&mm=31%2C29&mn=sn-5njj-u2xe%2Csn-un57sn76&ms=au%2Crdu&mv=m&mvi=6&pl=16&initcwndbps=535000&vprv=1&mime=audio%2Fwebm&ns=bvUZfRgcB4UIaKAAUZAj9ccF&gir=yes&clen=1240045&dur=172.141&lmt=1534334636239692&mt=1610959485&fvip=6&keepalive=yes&c=WEB&n=KT9onCGbF-aJee&sparams=expire%2Cei%2Cip%2Cid%2Citag%2Csource%2Crequiressl%2Cvprv%2Cmime%2Cns%2Cgir%2Cclen%2Cdur%2Clmt&lsparams=mh%2Cmm%2Cmn%2Cms%2Cmv%2Cmvi%2Cpl%2Cinitcwndbps&lsig=AG3C_xAwRQIhAMZx4CWDKFEzY31i9iXQP-IIUa5EeWndyaZ-VPNu-2-WAiBuBp9aapgLJgjHI1TjkbdDJ7JwZsi3lsI7KkyjnoO8Og%3D%3D&sig=AOq0QJ8wRAIgcB9DpoilPFbErixRiR6CawMSMXXniYmW9qUx_1YaXRYCICMnTiqq1Nva2CnarFGP_vtTsxmHfIFtNvxRs4efl-Lw&ratebypass=yes", "player_url": "/s/player/9f996d3e/player_ias.vflset/en_US/base.js", "ext": "webm", "format_note": "tiny", "acodec": "opus", "abr": 50, "asr": 48000, "filesize": 1240045, "fps": null, "height": null, "tbr": 67.953, "width": null, "vcodec": "none", "downloader_options": {"http_chunk_size": 10485760}, "format": "249 - audio only (tiny)", "protocol": "https", "http_headers": {"User-Agent": "Mozilla/5.0 (Windows NT 10.0; Win64; x64) AppleWebKit/537.36 (KHTML, like Gecko) Chrome/74.0.3729.120 Safari/537.36", "Accept-Charset": "ISO-8859-1,utf-8;q=0.7,*;q=0.7", "Accept": "text/html,application/xhtml+xml,application/xml;q=0.9,*/*;q=0.8", "Accept-Encoding": "gzip, deflate", "Accept-Language": "en-us,en;q=0.5"}}, {"format_id": "250", "url": "https://r6---sn-5njj-u2xe.googlevideo.com/videoplayback?expire=1610981457&ei=8UsFYMOwELaFs8IPiImfMA&ip=140.109.135.76&id=o-AD0RPqN2cFc7mLUf4aaVNXB9TxLTDuOqEmHurkGd9mhc&itag=250&source=youtube&requiressl=yes&mh=LE&mm=31%2C29&mn=sn-5njj-u2xe%2Csn-un57sn76&ms=au%2Crdu&mv=m&mvi=6&pl=16&initcwndbps=535000&vprv=1&mime=audio%2Fwebm&ns=bvUZfRgcB4UIaKAAUZAj9ccF&gir=yes&clen=1664612&dur=172.141&lmt=1534334635182165&mt=1610959485&fvip=6&keepalive=yes&c=WEB&n=KT9onCGbF-aJee&sparams=expire%2Cei%2Cip%2Cid%2Citag%2Csource%2Crequiressl%2Cvprv%2Cmime%2Cns%2Cgir%2Cclen%2Cdur%2Clmt&lsparams=mh%2Cmm%2Cmn%2Cms%2Cmv%2Cmvi%2Cpl%2Cinitcwndbps&lsig=AG3C_xAwRQIhAKKc7a6qnzqmUQJUXP4WEte0jrbxqczSMVpg3UkzbohGAiB5ETzagWcl4ZyohXQsWV9OlJMLRPAS0y1aVibw664Ncg%3D%3D&sig=AOq0QJ8wRAIgahE-f6BuFCFIqejXkEY7BhHA-0l_DTLLyls5vG6QmDgCIASl90WsDSaED9Ju8-hOkv-jJ986qI2wZ1fSvKpZ3R-9&ratebypass=yes", "player_url": "/s/player/9f996d3e/player_ias.vflset/en_US/base.js", "ext": "webm", "format_note": "tiny", "acodec": "opus", "abr": 70, "asr": 48000, "filesize": 1664612, "fps": null, "height": null, "tbr": 90.138, "width": null, "vcodec": "none", "downloader_options": {"http_chunk_size": 10485760}, "format": "250 - audio only (tiny)", "protocol": "https", "http_headers": {"User-Agent": "Mozilla/5.0 (Windows NT 10.0; Win64; x64) AppleWebKit/537.36 (KHTML, like Gecko) Chrome/74.0.3729.120 Safari/537.36", "Accept-Charset": "ISO-8859-1,utf-8;q=0.7,*;q=0.7", "Accept": "text/html,application/xhtml+xml,application/xml;q=0.9,*/*;q=0.8", "Accept-Encoding": "gzip, deflate", "Accept-Language": "en-us,en;q=0.5"}}, {"format_id": "140", "url": "https://r6---sn-5njj-u2xe.googlevideo.com/videoplayback?expire=1610981457&ei=8UsFYMOwELaFs8IPiImfMA&ip=140.109.135.76&id=o-AD0RPqN2cFc7mLUf4aaVNXB9TxLTDuOqEmHurkGd9mhc&itag=140&source=youtube&requiressl=yes&mh=LE&mm=31%2C29&mn=sn-5njj-u2xe%2Csn-un57sn76&ms=au%2Crdu&mv=m&mvi=6&pl=16&initcwndbps=535000&vprv=1&mime=audio%2Fmp4&ns=bvUZfRgcB4UIaKAAUZAj9ccF&gir=yes&clen=2735282&dur=172.175&lmt=1534333043919838&mt=1610959485&fvip=6&keepalive=yes&c=WEB&n=KT9onCGbF-aJee&sparams=expire%2Cei%2Cip%2Cid%2Citag%2Csource%2Crequiressl%2Cvprv%2Cmime%2Cns%2Cgir%2Cclen%2Cdur%2Clmt&lsparams=mh%2Cmm%2Cmn%2Cms%2Cmv%2Cmvi%2Cpl%2Cinitcwndbps&lsig=AG3C_xAwRAIgJwOfma388rSFZ5Y-ZyesoaaXb1Uhw8TIODYYHf_v4F4CIGGPy7JDwfiDOMgB9WaLpi8bziUDEZ18Gj4EMsIy9F0W&sig=AOq0QJ8wRQIgPoz_zg_J7hnLZpD1dkbiTTuo8fUCgpaiO8gjiNJPeeYCIQDiIPeA9dvBrurCqu9DizzEHENp5dcdP3u2yvHVBgTM5w==&ratebypass=yes", "player_url": "/s/player/9f996d3e/player_ias.vflset/en_US/base.js", "ext": "m4a", "format_note": "tiny", "acodec": "mp4a.40.2", "abr": 128, "container": "m4a_dash", "asr": 44100, "filesize": 2735282, "fps": null, "height": null, "tbr": 128.004, "width": null, "vcodec": "none", "downloader_options": {"http_chunk_size": 10485760}, "format": "140 - audio only (tiny)", "protocol": "https", "http_headers": {"User-Agent": "Mozilla/5.0 (Windows NT 10.0; Win64; x64) AppleWebKit/537.36 (KHTML, like Gecko) Chrome/74.0.3729.120 Safari/537.36", "Accept-Charset": "ISO-8859-1,utf-8;q=0.7,*;q=0.7", "Accept": "text/html,application/xhtml+xml,application/xml;q=0.9,*/*;q=0.8", "Accept-Encoding": "gzip, deflate", "Accept-Language": "en-us,en;q=0.5"}}, {"format_id": "251", "url": "https://r6---sn-5njj-u2xe.googlevideo.com/videoplayback?expire=1610981457&ei=8UsFYMOwELaFs8IPiImfMA&ip=140.109.135.76&id=o-AD0RPqN2cFc7mLUf4aaVNXB9TxLTDuOqEmHurkGd9mhc&itag=251&source=youtube&requiressl=yes&mh=LE&mm=31%2C29&mn=sn-5njj-u2xe%2Csn-un57sn76&ms=au%2Crdu&mv=m&mvi=6&pl=16&initcwndbps=535000&vprv=1&mime=audio%2Fwebm&ns=bvUZfRgcB4UIaKAAUZAj9ccF&gir=yes&clen=3199048&dur=172.141&lmt=1534334635230534&mt=1610959485&fvip=6&keepalive=yes&c=WEB&n=KT9onCGbF-aJee&sparams=expire%2Cei%2Cip%2Cid%2Citag%2Csource%2Crequiressl%2Cvprv%2Cmime%2Cns%2Cgir%2Cclen%2Cdur%2Clmt&lsparams=mh%2Cmm%2Cmn%2Cms%2Cmv%2Cmvi%2Cpl%2Cinitcwndbps&lsig=AG3C_xAwRAIgZa_oE15fXYZMiU7pLbQ_gLIJnzbJED8V9lLEWeeJ2nwCIEAOlQpcJlet3VecgFGYL1abjLxoKTjcL2_kAjom7ACG&sig=AOq0QJ8wRQIgOErWlBAXrS-hTjDQ1ioKAzAb9GfeRF67o8QNevrmVmYCIQCydLrTlf1rl8t-yy26GSkICXcNQ3w2lRDawXd_xPEf7g==&ratebypass=yes", "player_url": "/s/player/9f996d3e/player_ias.vflset/en_US/base.js", "ext": "webm", "format_note": "tiny", "acodec": "opus", "abr": 160, "asr": 48000, "filesize": 3199048, "fps": null, "height": null, "tbr": 168.974, "width": null, "vcodec": "none", "downloader_options": {"http_chunk_size": 10485760}, "format": "251 - audio only (tiny)", "protocol": "https", "http_headers": {"User-Agent": "Mozilla/5.0 (Windows NT 10.0; Win64; x64) AppleWebKit/537.36 (KHTML, like Gecko) Chrome/74.0.3729.120 Safari/537.36", "Accept-Charset": "ISO-8859-1,utf-8;q=0.7,*;q=0.7", "Accept": "text/html,application/xhtml+xml,application/xml;q=0.9,*/*;q=0.8", "Accept-Encoding": "gzip, deflate", "Accept-Language": "en-us,en;q=0.5"}}, {"format_id": "160", "url": "https://r6---sn-5njj-u2xe.googlevideo.com/videoplayback?expire=1610981457&ei=8UsFYMOwELaFs8IPiImfMA&ip=140.109.135.76&id=o-AD0RPqN2cFc7mLUf4aaVNXB9TxLTDuOqEmHurkGd9mhc&itag=160&aitags=133%2C134%2C135%2C136%2C160%2C242%2C243%2C244%2C247%2C278%2C394%2C395%2C396%2C397%2C398&source=youtube&requiressl=yes&mh=LE&mm=31%2C29&mn=sn-5njj-u2xe%2Csn-un57sn76&ms=au%2Crdu&mv=m&mvi=6&pl=16&initcwndbps=535000&vprv=1&mime=video%2Fmp4&ns=bvUZfRgcB4UIaKAAUZAj9ccF&gir=yes&clen=925165&dur=172.120&lmt=1534333396560388&mt=1610959485&fvip=6&keepalive=yes&c=WEB&n=KT9onCGbF-aJee&sparams=expire%2Cei%2Cip%2Cid%2Caitags%2Csource%2Crequiressl%2Cvprv%2Cmime%2Cns%2Cgir%2Cclen%2Cdur%2Clmt&lsparams=mh%2Cmm%2Cmn%2Cms%2Cmv%2Cmvi%2Cpl%2Cinitcwndbps&lsig=AG3C_xAwRQIhAPBaipZnD2ylAEIHLVu7_qP_ly9P4z_AKoe_fNxn_xZAAiBur9Hofqt6dcWsHj7pGQIL_9OrIitR5xvjIXF4ArnpLQ%3D%3D&sig=AOq0QJ8wRgIhAMQOfZR1nlvBNyZ_fqLXi57oK8aDYp60xw9V0yUshJzEAiEAxpyaXOe7nLgOFvbCXjXhCix4OMdqe2-eXgeWewWNe4I=&ratebypass=yes", "player_url": "/s/player/9f996d3e/player_ias.vflset/en_US/base.js", "ext": "mp4", "height": 144, "format_note": "144p", "vcodec": "avc1.4d400c", "asr": null, "filesize": 925165, "fps": 25, "tbr": 51.857, "width": 256, "acodec": "none", "downloader_options": {"http_chunk_size": 10485760}, "format": "160 - 256x144 (144p)", "protocol": "https", "http_headers": {"User-Agent": "Mozilla/5.0 (Windows NT 10.0; Win64; x64) AppleWebKit/537.36 (KHTML, like Gecko) Chrome/74.0.3729.120 Safari/537.36", "Accept-Charset": "ISO-8859-1,utf-8;q=0.7,*;q=0.7", "Accept": "text/html,application/xhtml+xml,application/xml;q=0.9,*/*;q=0.8", "Accept-Encoding": "gzip, deflate", "Accept-Language": "en-us,en;q=0.5"}}, {"format_id": "394", "url": "https://r6---sn-5njj-u2xe.googlevideo.com/videoplayback?expire=1610981457&ei=8UsFYMOwELaFs8IPiImfMA&ip=140.109.135.76&id=o-AD0RPqN2cFc7mLUf4aaVNXB9TxLTDuOqEmHurkGd9mhc&itag=394&aitags=133%2C134%2C135%2C136%2C160%2C242%2C243%2C244%2C247%2C278%2C394%2C395%2C396%2C397%2C398&source=youtube&requiressl=yes&mh=LE&mm=31%2C29&mn=sn-5njj-u2xe%2Csn-un57sn76&ms=au%2Crdu&mv=m&mvi=6&pl=16&initcwndbps=535000&vprv=1&mime=video%2Fmp4&ns=bvUZfRgcB4UIaKAAUZAj9ccF&gir=yes&clen=1311504&dur=172.120&lmt=1595375548248415&mt=1610959485&fvip=6&keepalive=yes&c=WEB&txp=5531432&n=KT9onCGbF-aJee&sparams=expire%2Cei%2Cip%2Cid%2Caitags%2Csource%2Crequiressl%2Cvprv%2Cmime%2Cns%2Cgir%2Cclen%2Cdur%2Clmt&lsparams=mh%2Cmm%2Cmn%2Cms%2Cmv%2Cmvi%2Cpl%2Cinitcwndbps&lsig=AG3C_xAwRQIhALDb25x0AvJtRKmqqIDrKzfiigHFJCMySAnJAcvHddfeAiBZ3BvvRx655Iew1jHp3QMpd2rtF3yZjSyPdvYWhh9D3Q%3D%3D&sig=AOq0QJ8wRQIgOr-8zTgzqn9pz-MPM908ntVTNOiTZjlWeSshupyrlcMCIQDrUuaaTswttpQivHynXWKMDfPKCSsCwFKuny1-C1twHA==&ratebypass=yes", "player_url": "/s/player/9f996d3e/player_ias.vflset/en_US/base.js", "acodec": "none", "vcodec": "av01.0.00M.08", "asr": null, "filesize": 1311504, "format_note": "144p", "fps": 25, "height": 144, "tbr": 64.559, "width": 256, "ext": "mp4", "downloader_options": {"http_chunk_size": 10485760}, "format": "394 - 256x144 (144p)", "protocol": "https", "http_headers": {"User-Agent": "Mozilla/5.0 (Windows NT 10.0; Win64; x64) AppleWebKit/537.36 (KHTML, like Gecko) Chrome/74.0.3729.120 Safari/537.36", "Accept-Charset": "ISO-8859-1,utf-8;q=0.7,*;q=0.7", "Accept": "text/html,application/xhtml+xml,application/xml;q=0.9,*/*;q=0.8", "Accept-Encoding": "gzip, deflate", "Accept-Language": "en-us,en;q=0.5"}}, {"format_id": "133", "url": "https://r6---sn-5njj-u2xe.googlevideo.com/videoplayback?expire=1610981457&ei=8UsFYMOwELaFs8IPiImfMA&ip=140.109.135.76&id=o-AD0RPqN2cFc7mLUf4aaVNXB9TxLTDuOqEmHurkGd9mhc&itag=133&aitags=133%2C134%2C135%2C136%2C160%2C242%2C243%2C244%2C247%2C278%2C394%2C395%2C396%2C397%2C398&source=youtube&requiressl=yes&mh=LE&mm=31%2C29&mn=sn-5njj-u2xe%2Csn-un57sn76&ms=au%2Crdu&mv=m&mvi=6&pl=16&initcwndbps=535000&vprv=1&mime=video%2Fmp4&ns=bvUZfRgcB4UIaKAAUZAj9ccF&gir=yes&clen=1500034&dur=172.120&lmt=1534333397866082&mt=1610959485&fvip=6&keepalive=yes&c=WEB&n=KT9onCGbF-aJee&sparams=expire%2Cei%2Cip%2Cid%2Caitags%2Csource%2Crequiressl%2Cvprv%2Cmime%2Cns%2Cgir%2Cclen%2Cdur%2Clmt&lsparams=mh%2Cmm%2Cmn%2Cms%2Cmv%2Cmvi%2Cpl%2Cinitcwndbps&lsig=AG3C_xAwRAIgQGrI0TVyXl41nFkqt7SSgT5WWT90621z1IY_xnMpHJMCIFfqX9O7pqbhXs4l33gcVpINuXM2LQaiv3qAdABKj6sE&sig=AOq0QJ8wRgIhAJH3BJ4wbtKzKGwQfzumtJR77ohnFen-GuHHl7CZs_lUAiEAvHU6jswX1S9DiM1_bpTT4iQxa1NZnx3wKFJI_5FScjE=&ratebypass=yes", "player_url": "/s/player/9f996d3e/player_ias.vflset/en_US/base.js", "ext": "mp4", "height": 240, "format_note": "240p", "vcodec": "avc1.4d4015", "asr": null, "filesize": 1500034, "fps": 25, "tbr": 92.356, "width": 426, "acodec": "none", "downloader_options": {"http_chunk_size": 10485760}, "format": "133 - 426x240 (240p)", "protocol": "https", "http_headers": {"User-Agent": "Mozilla/5.0 (Windows NT 10.0; Win64; x64) AppleWebKit/537.36 (KHTML, like Gecko) Chrome/74.0.3729.120 Safari/537.36", "Accept-Charset": "ISO-8859-1,utf-8;q=0.7,*;q=0.7", "Accept": "text/html,application/xhtml+xml,application/xml;q=0.9,*/*;q=0.8", "Accept-Encoding": "gzip, deflate", "Accept-Language": "en-us,en;q=0.5"}}, {"format_id": "395", "url": "https://r6---sn-5njj-u2xe.googlevideo.com/videoplayback?expire=1610981457&ei=8UsFYMOwELaFs8IPiImfMA&ip=140.109.135.76&id=o-AD0RPqN2cFc7mLUf4aaVNXB9TxLTDuOqEmHurkGd9mhc&itag=395&aitags=133%2C134%2C135%2C136%2C160%2C242%2C243%2C244%2C247%2C278%2C394%2C395%2C396%2C397%2C398&source=youtube&requiressl=yes&mh=LE&mm=31%2C29&mn=sn-5njj-u2xe%2Csn-un57sn76&ms=au%2Crdu&mv=m&mvi=6&pl=16&initcwndbps=535000&vprv=1&mime=video%2Fmp4&ns=bvUZfRgcB4UIaKAAUZAj9ccF&gir=yes&clen=2161076&dur=172.120&lmt=1595376280392515&mt=1610959485&fvip=6&keepalive=yes&c=WEB&txp=5531432&n=KT9onCGbF-aJee&sparams=expire%2Cei%2Cip%2Cid%2Caitags%2Csource%2Crequiressl%2Cvprv%2Cmime%2Cns%2Cgir%2Cclen%2Cdur%2Clmt&lsparams=mh%2Cmm%2Cmn%2Cms%2Cmv%2Cmvi%2Cpl%2Cinitcwndbps&lsig=AG3C_xAwRgIhAOtmMwQY40avDiSBGAQK4ddxCgRDYjPiHvP8Q1CuggCEAiEApDgRpF2Mrd8kCPditBAAE2Cs4UCP6xmOUI9lpuin3Qc%3D&sig=AOq0QJ8wRQIhANjenWAAVgtAYwZWcjRWIZ1twKW7L-gbb2b2ZVVbrPciAiAHpz2KQa6ZumhLRXGmXmw3QcZc9AeH7PafLx4XxdeYNw==&ratebypass=yes", "player_url": "/s/player/9f996d3e/player_ias.vflset/en_US/base.js", "acodec": "none", "vcodec": "av01.0.00M.08", "asr": null, "filesize": 2161076, "format_note": "240p", "fps": 25, "height": 240, "tbr": 120.407, "width": 426, "ext": "mp4", "downloader_options": {"http_chunk_size": 10485760}, "format": "395 - 426x240 (240p)", "protocol": "https", "http_headers": {"User-Agent": "Mozilla/5.0 (Windows NT 10.0; Win64; x64) AppleWebKit/537.36 (KHTML, like Gecko) Chrome/74.0.3729.120 Safari/537.36", "Accept-Charset": "ISO-8859-1,utf-8;q=0.7,*;q=0.7", "Accept": "text/html,application/xhtml+xml,application/xml;q=0.9,*/*;q=0.8", "Accept-Encoding": "gzip, deflate", "Accept-Language": "en-us,en;q=0.5"}}, {"format_id": "278", "url": "https://r6---sn-5njj-u2xe.googlevideo.com/videoplayback?expire=1610981457&ei=8UsFYMOwELaFs8IPiImfMA&ip=140.109.135.76&id=o-AD0RPqN2cFc7mLUf4aaVNXB9TxLTDuOqEmHurkGd9mhc&itag=278&aitags=133%2C134%2C135%2C136%2C160%2C242%2C243%2C244%2C247%2C278%2C394%2C395%2C396%2C397%2C398&source=youtube&requiressl=yes&mh=LE&mm=31%2C29&mn=sn-5njj-u2xe%2Csn-un57sn76&ms=au%2Crdu&mv=m&mvi=6&pl=16&initcwndbps=535000&vprv=1&mime=video%2Fwebm&ns=bvUZfRgcB4UIaKAAUZAj9ccF&gir=yes&clen=2125940&dur=172.120&lmt=1534333566025941&mt=1610959485&fvip=6&keepalive=yes&c=WEB&n=KT9onCGbF-aJee&sparams=expire%2Cei%2Cip%2Cid%2Caitags%2Csource%2Crequiressl%2Cvprv%2Cmime%2Cns%2Cgir%2Cclen%2Cdur%2Clmt&lsparams=mh%2Cmm%2Cmn%2Cms%2Cmv%2Cmvi%2Cpl%2Cinitcwndbps&lsig=AG3C_xAwRAIgd1R1PleWzvYXKPIM6GW4lADgpUD0DcpGdBO-DHqRnh4CIEcssn1wJbzhfOrKEO2T7r2lAx5CLZvtnLYKI_lVdIA_&sig=AOq0QJ8wRAIgQI5JvGa38fGXRRzfMpCJ-auoxpaFLYkB8iH8wDXb7-ACIEodRa6ENl00HxqUCo_v926O-g66q5JEvVBpadJlqx17&ratebypass=yes", "player_url": "/s/player/9f996d3e/player_ias.vflset/en_US/base.js", "ext": "webm", "height": 144, "format_note": "144p", "container": "webm", "vcodec": "vp9", "asr": null, "filesize": 2125940, "fps": 25, "tbr": 122.357, "width": 256, "acodec": "none", "downloader_options": {"http_chunk_size": 10485760}, "format": "278 - 256x144 (144p)", "protocol": "https", "http_headers": {"User-Agent": "Mozilla/5.0 (Windows NT 10.0; Win64; x64) AppleWebKit/537.36 (KHTML, like Gecko) Chrome/74.0.3729.120 Safari/537.36", "Accept-Charset": "ISO-8859-1,utf-8;q=0.7,*;q=0.7", "Accept": "text/html,application/xhtml+xml,application/xml;q=0.9,*/*;q=0.8", "Accept-Encoding": "gzip, deflate", "Accept-Language": "en-us,en;q=0.5"}}, {"format_id": "242", "url": "https://r6---sn-5njj-u2xe.googlevideo.com/videoplayback?expire=1610981457&ei=8UsFYMOwELaFs8IPiImfMA&ip=140.109.135.76&id=o-AD0RPqN2cFc7mLUf4aaVNXB9TxLTDuOqEmHurkGd9mhc&itag=242&aitags=133%2C134%2C135%2C136%2C160%2C242%2C243%2C244%2C247%2C278%2C394%2C395%2C396%2C397%2C398&source=youtube&requiressl=yes&mh=LE&mm=31%2C29&mn=sn-5njj-u2xe%2Csn-un57sn76&ms=au%2Crdu&mv=m&mvi=6&pl=16&initcwndbps=535000&vprv=1&mime=video%2Fwebm&ns=bvUZfRgcB4UIaKAAUZAj9ccF&gir=yes&clen=2126202&dur=172.120&lmt=1534333557721481&mt=1610959485&fvip=6&keepalive=yes&c=WEB&n=KT9onCGbF-aJee&sparams=expire%2Cei%2Cip%2Cid%2Caitags%2Csource%2Crequiressl%2Cvprv%2Cmime%2Cns%2Cgir%2Cclen%2Cdur%2Clmt&lsparams=mh%2Cmm%2Cmn%2Cms%2Cmv%2Cmvi%2Cpl%2Cinitcwndbps&lsig=AG3C_xAwRgIhAM3X2RHrJI0T1evsdAHlEDkotP5NzLOjpC3ZOmEazceQAiEA6oZ4e6pO_Nd4o3CJCTduAbG-L0AcK_hX9pfa4BCOCcQ%3D&sig=AOq0QJ8wRAIgelyIYXEfxn3EuZ-372nk9lYRQt-O6npu-LlEpvpLM-0CIC-gYbKfJNTyNN0xeLp5OXl4y4KWTNAj7-fq0YtKySQK&ratebypass=yes", "player_url": "/s/player/9f996d3e/player_ias.vflset/en_US/base.js", "ext": "webm", "height": 240, "format_note": "240p", "vcodec": "vp9", "asr": null, "filesize": 2126202, "fps": 25, "tbr": 123.693, "width": 426, "acodec": "none", "downloader_options": {"http_chunk_size": 10485760}, "format": "242 - 426x240 (240p)", "protocol": "https", "http_headers": {"User-Agent": "Mozilla/5.0 (Windows NT 10.0; Win64; x64) AppleWebKit/537.36 (KHTML, like Gecko) Chrome/74.0.3729.120 Safari/537.36", "Accept-Charset": "ISO-8859-1,utf-8;q=0.7,*;q=0.7", "Accept": "text/html,application/xhtml+xml,application/xml;q=0.9,*/*;q=0.8", "Accept-Encoding": "gzip, deflate", "Accept-Language": "en-us,en;q=0.5"}}, {"format_id": "243", "url": "https://r6---sn-5njj-u2xe.googlevideo.com/videoplayback?expire=1610981457&ei=8UsFYMOwELaFs8IPiImfMA&ip=140.109.135.76&id=o-AD0RPqN2cFc7mLUf4aaVNXB9TxLTDuOqEmHurkGd9mhc&itag=243&aitags=133%2C134%2C135%2C136%2C160%2C242%2C243%2C244%2C247%2C278%2C394%2C395%2C396%2C397%2C398&source=youtube&requiressl=yes&mh=LE&mm=31%2C29&mn=sn-5njj-u2xe%2Csn-un57sn76&ms=au%2Crdu&mv=m&mvi=6&pl=16&initcwndbps=535000&vprv=1&mime=video%2Fwebm&ns=bvUZfRgcB4UIaKAAUZAj9ccF&gir=yes&clen=3435225&dur=172.120&lmt=1534333558981311&mt=1610959485&fvip=6&keepalive=yes&c=WEB&n=KT9onCGbF-aJee&sparams=expire%2Cei%2Cip%2Cid%2Caitags%2Csource%2Crequiressl%2Cvprv%2Cmime%2Cns%2Cgir%2Cclen%2Cdur%2Clmt&lsparams=mh%2Cmm%2Cmn%2Cms%2Cmv%2Cmvi%2Cpl%2Cinitcwndbps&lsig=AG3C_xAwRQIgAy6WEcIg-Vb-YIqe-T7X4LuKb_FF8Wl1hnUoYzPb3OECIQD5DiN3hJhqqzarYyLb7sN124u3Tk5Y-jMiC0tinEgnCQ%3D%3D&sig=AOq0QJ8wRQIhAPEsVKDN_Xa2Okf0v5u3RjmRLwMcptoub5ISOFRVSEPoAiBxsui3NbRYWRa1PCR5bI7B55KaJGacnupyXmfuRhSPqg==&ratebypass=yes", "player_url": "/s/player/9f996d3e/player_ias.vflset/en_US/base.js", "ext": "webm", "height": 360, "format_note": "360p", "vcodec": "vp9", "asr": null, "filesize": 3435225, "fps": 25, "tbr": 201.728, "width": 640, "acodec": "none", "downloader_options": {"http_chunk_size": 10485760}, "format": "243 - 640x360 (360p)", "protocol": "https", "http_headers": {"User-Agent": "Mozilla/5.0 (Windows NT 10.0; Win64; x64) AppleWebKit/537.36 (KHTML, like Gecko) Chrome/74.0.3729.120 Safari/537.36", "Accept-Charset": "ISO-8859-1,utf-8;q=0.7,*;q=0.7", "Accept": "text/html,application/xhtml+xml,application/xml;q=0.9,*/*;q=0.8", "Accept-Encoding": "gzip, deflate", "Accept-Language": "en-us,en;q=0.5"}}, {"format_id": "396", "url": "https://r6---sn-5njj-u2xe.googlevideo.com/videoplayback?expire=1610981457&ei=8UsFYMOwELaFs8IPiImfMA&ip=140.109.135.76&id=o-AD0RPqN2cFc7mLUf4aaVNXB9TxLTDuOqEmHurkGd9mhc&itag=396&aitags=133%2C134%2C135%2C136%2C160%2C242%2C243%2C244%2C247%2C278%2C394%2C395%2C396%2C397%2C398&source=youtube&requiressl=yes&mh=LE&mm=31%2C29&mn=sn-5njj-u2xe%2Csn-un57sn76&ms=au%2Crdu&mv=m&mvi=6&pl=16&initcwndbps=535000&vprv=1&mime=video%2Fmp4&ns=bvUZfRgcB4UIaKAAUZAj9ccF&gir=yes&clen=3840247&dur=172.120&lmt=1595375576432490&mt=1610959485&fvip=6&keepalive=yes&c=WEB&txp=5531432&n=KT9onCGbF-aJee&sparams=expire%2Cei%2Cip%2Cid%2Caitags%2Csource%2Crequiressl%2Cvprv%2Cmime%2Cns%2Cgir%2Cclen%2Cdur%2Clmt&lsparams=mh%2Cmm%2Cmn%2Cms%2Cmv%2Cmvi%2Cpl%2Cinitcwndbps&lsig=AG3C_xAwRQIhAKQgPRn2XYuJc0bxPayFFvsrjloSDsAJCh7WxDQtAt79AiA8hqQ9X-cQPbzyOp8ZyMBFJSJsNF5v2MNLyK5gHRcFTg%3D%3D&sig=AOq0QJ8wRgIhAIoEhhfsIuE8M8YSvx3dHzhn0JtdurmTNZyJwVAQEkr7AiEAsYdcAeZ4T-W-qCOncp-arCKAj--NsSHviqXLSY87rHY=&ratebypass=yes", "player_url": "/s/player/9f996d3e/player_ias.vflset/en_US/base.js", "acodec": "none", "vcodec": "av01.0.01M.08", "asr": null, "filesize": 3840247, "format_note": "360p", "fps": 25, "height": 360, "tbr": 215.137, "width": 640, "ext": "mp4", "downloader_options": {"http_chunk_size": 10485760}, "format": "396 - 640x360 (360p)", "protocol": "https", "http_headers": {"User-Agent": "Mozilla/5.0 (Windows NT 10.0; Win64; x64) AppleWebKit/537.36 (KHTML, like Gecko) Chrome/74.0.3729.120 Safari/537.36", "Accept-Charset": "ISO-8859-1,utf-8;q=0.7,*;q=0.7", "Accept": "text/html,application/xhtml+xml,application/xml;q=0.9,*/*;q=0.8", "Accept-Encoding": "gzip, deflate", "Accept-Language": "en-us,en;q=0.5"}}, {"format_id": "134", "url": "https://r6---sn-5njj-u2xe.googlevideo.com/videoplayback?expire=1610981457&ei=8UsFYMOwELaFs8IPiImfMA&ip=140.109.135.76&id=o-AD0RPqN2cFc7mLUf4aaVNXB9TxLTDuOqEmHurkGd9mhc&itag=134&aitags=133%2C134%2C135%2C136%2C160%2C242%2C243%2C244%2C247%2C278%2C394%2C395%2C396%2C397%2C398&source=youtube&requiressl=yes&mh=LE&mm=31%2C29&mn=sn-5njj-u2xe%2Csn-un57sn76&ms=au%2Crdu&mv=m&mvi=6&pl=16&initcwndbps=535000&vprv=1&mime=video%2Fmp4&ns=bvUZfRgcB4UIaKAAUZAj9ccF&gir=yes&clen=3770721&dur=172.120&lmt=1534333397966482&mt=1610959485&fvip=6&keepalive=yes&c=WEB&n=KT9onCGbF-aJee&sparams=expire%2Cei%2Cip%2Cid%2Caitags%2Csource%2Crequiressl%2Cvprv%2Cmime%2Cns%2Cgir%2Cclen%2Cdur%2Clmt&lsparams=mh%2Cmm%2Cmn%2Cms%2Cmv%2Cmvi%2Cpl%2Cinitcwndbps&lsig=AG3C_xAwRgIhAO8vsbzd_KuocUUcPVA85zSveuWarMbvIJNFH46YcBIHAiEApT78Uzgd8dYhdxLhDCvJY8tywVNr8HvFGMkGw7Co-NQ%3D&sig=AOq0QJ8wRQIgOHrYd5mcoMHVnEFO7W72DlZnoq012fJy-U2h-w2g_0QCIQDoOTHjtTfrNp2wbpQBsEVZvWRIXOgVlP8u1_fLQwxg6w==&ratebypass=yes", "player_url": "/s/player/9f996d3e/player_ias.vflset/en_US/base.js", "ext": "mp4", "height": 360, "format_note": "360p", "vcodec": "avc1.4d401e", "asr": null, "filesize": 3770721, "fps": 25, "tbr": 235.192, "width": 640, "acodec": "none", "downloader_options": {"http_chunk_size": 10485760}, "format": "134 - 640x360 (360p)", "protocol": "https", "http_headers": {"User-Agent": "Mozilla/5.0 (Windows NT 10.0; Win64; x64) AppleWebKit/537.36 (KHTML, like Gecko) Chrome/74.0.3729.120 Safari/537.36", "Accept-Charset": "ISO-8859-1,utf-8;q=0.7,*;q=0.7", "Accept": "text/html,application/xhtml+xml,application/xml;q=0.9,*/*;q=0.8", "Accept-Encoding": "gzip, deflate", "Accept-Language": "en-us,en;q=0.5"}}, {"format_id": "244", "url": "https://r6---sn-5njj-u2xe.googlevideo.com/videoplayback?expire=1610981457&ei=8UsFYMOwELaFs8IPiImfMA&ip=140.109.135.76&id=o-AD0RPqN2cFc7mLUf4aaVNXB9TxLTDuOqEmHurkGd9mhc&itag=244&aitags=133%2C134%2C135%2C136%2C160%2C242%2C243%2C244%2C247%2C278%2C394%2C395%2C396%2C397%2C398&source=youtube&requiressl=yes&mh=LE&mm=31%2C29&mn=sn-5njj-u2xe%2Csn-un57sn76&ms=au%2Crdu&mv=m&mvi=6&pl=16&initcwndbps=535000&vprv=1&mime=video%2Fwebm&ns=bvUZfRgcB4UIaKAAUZAj9ccF&gir=yes&clen=4801028&dur=172.120&lmt=1534333569692652&mt=1610959485&fvip=6&keepalive=yes&c=WEB&n=KT9onCGbF-aJee&sparams=expire%2Cei%2Cip%2Cid%2Caitags%2Csource%2Crequiressl%2Cvprv%2Cmime%2Cns%2Cgir%2Cclen%2Cdur%2Clmt&lsparams=mh%2Cmm%2Cmn%2Cms%2Cmv%2Cmvi%2Cpl%2Cinitcwndbps&lsig=AG3C_xAwRgIhAPtPCGY8ORT9DGqUAgaMcoGY4tCAWXqFPtxWidjGiwTbAiEA7cJr5ZWf_gNd0IVfU-mX0ZNTzyDKnVxZcfRzeL6PXlY%3D&sig=AOq0QJ8wRgIhAKFhrR0cqur82dE0mPRs4dWQaOadDm_oWjwrfp7uepN-AiEAuUOBkjjd8tSwtXlHJNJyDxHyVIVGG35a-DKJB6iJjzk=&ratebypass=yes", "player_url": "/s/player/9f996d3e/player_ias.vflset/en_US/base.js", "ext": "webm", "height": 480, "format_note": "480p", "vcodec": "vp9", "asr": null, "filesize": 4801028, "fps": 25, "tbr": 284.851, "width": 854, "acodec": "none", "downloader_options": {"http_chunk_size": 10485760}, "format": "244 - 854x480 (480p)", "protocol": "https", "http_headers": {"User-Agent": "Mozilla/5.0 (Windows NT 10.0; Win64; x64) AppleWebKit/537.36 (KHTML, like Gecko) Chrome/74.0.3729.120 Safari/537.36", "Accept-Charset": "ISO-8859-1,utf-8;q=0.7,*;q=0.7", "Accept": "text/html,application/xhtml+xml,application/xml;q=0.9,*/*;q=0.8", "Accept-Encoding": "gzip, deflate", "Accept-Language": "en-us,en;q=0.5"}}, {"format_id": "397", "url": "https://r6---sn-5njj-u2xe.googlevideo.com/videoplayback?expire=1610981457&ei=8UsFYMOwELaFs8IPiImfMA&ip=140.109.135.76&id=o-AD0RPqN2cFc7mLUf4aaVNXB9TxLTDuOqEmHurkGd9mhc&itag=397&aitags=133%2C134%2C135%2C136%2C160%2C242%2C243%2C244%2C247%2C278%2C394%2C395%2C396%2C397%2C398&source=youtube&requiressl=yes&mh=LE&mm=31%2C29&mn=sn-5njj-u2xe%2Csn-un57sn76&ms=au%2Crdu&mv=m&mvi=6&pl=16&initcwndbps=535000&vprv=1&mime=video%2Fmp4&ns=bvUZfRgcB4UIaKAAUZAj9ccF&gir=yes&clen=6283895&dur=172.120&lmt=1595378108783005&mt=1610959485&fvip=6&keepalive=yes&c=WEB&txp=5531432&n=KT9onCGbF-aJee&sparams=expire%2Cei%2Cip%2Cid%2Caitags%2Csource%2Crequiressl%2Cvprv%2Cmime%2Cns%2Cgir%2Cclen%2Cdur%2Clmt&lsparams=mh%2Cmm%2Cmn%2Cms%2Cmv%2Cmvi%2Cpl%2Cinitcwndbps&lsig=AG3C_xAwRAIgXcAeJ6OAvpmMFr4ROzd75-pbnwTsUsfRracM9OOMlVICIGP3Ml-1GZ-wuF1eokeZ1mZj_cvQ-0eu5vPPhIlH7nI3&sig=AOq0QJ8wRQIgBYqcJbYTNd1D2MJOvqW8v67nMMbN_GoscZ1QaqeJmzACIQCoMcEx0C3l3BsqhAOuj57YSsUd7L2taDxC5SYtW1hOtw==&ratebypass=yes", "player_url": "/s/player/9f996d3e/player_ias.vflset/en_US/base.js", "acodec": "none", "vcodec": "av01.0.04M.08", "asr": null, "filesize": 6283895, "format_note": "480p", "fps": 25, "height": 480, "tbr": 364.35, "width": 854, "ext": "mp4", "downloader_options": {"http_chunk_size": 10485760}, "format": "397 - 854x480 (480p)", "protocol": "https", "http_headers": {"User-Agent": "Mozilla/5.0 (Windows NT 10.0; Win64; x64) AppleWebKit/537.36 (KHTML, like Gecko) Chrome/74.0.3729.120 Safari/537.36", "Accept-Charset": "ISO-8859-1,utf-8;q=0.7,*;q=0.7", "Accept": "text/html,application/xhtml+xml,application/xml;q=0.9,*/*;q=0.8", "Accept-Encoding": "gzip, deflate", "Accept-Language": "en-us,en;q=0.5"}}, {"format_id": "247", "url": "https://r6---sn-5njj-u2xe.googlevideo.com/videoplayback?expire=1610981457&ei=8UsFYMOwELaFs8IPiImfMA&ip=140.109.135.76&id=o-AD0RPqN2cFc7mLUf4aaVNXB9TxLTDuOqEmHurkGd9mhc&itag=247&aitags=133%2C134%2C135%2C136%2C160%2C242%2C243%2C244%2C247%2C278%2C394%2C395%2C396%2C397%2C398&source=youtube&requiressl=yes&mh=LE&mm=31%2C29&mn=sn-5njj-u2xe%2Csn-un57sn76&ms=au%2Crdu&mv=m&mvi=6&pl=16&initcwndbps=535000&vprv=1&mime=video%2Fwebm&ns=bvUZfRgcB4UIaKAAUZAj9ccF&gir=yes&clen=7874189&dur=172.120&lmt=1534333797409440&mt=1610959485&fvip=6&keepalive=yes&c=WEB&n=KT9onCGbF-aJee&sparams=expire%2Cei%2Cip%2Cid%2Caitags%2Csource%2Crequiressl%2Cvprv%2Cmime%2Cns%2Cgir%2Cclen%2Cdur%2Clmt&lsparams=mh%2Cmm%2Cmn%2Cms%2Cmv%2Cmvi%2Cpl%2Cinitcwndbps&lsig=AG3C_xAwRQIhALZcsgjJAFYqBj6NgauEaFZd61RwZyD6EHq_j8fSyfgWAiAnPBflsgUVar8FSZHe17rtJyIplUyve5h4D3Q7LFoQ0g%3D%3D&sig=AOq0QJ8wRQIgc_87qhgjIxX8u7i2e7g1k7LIecqiEZeZfoLvASvcdJ0CIQCGojvnuAnS8UzzRvhPqVeZsCY-HIT6tQjRNmPeBuys0w==&ratebypass=yes", "player_url": "/s/player/9f996d3e/player_ias.vflset/en_US/base.js", "ext": "webm", "height": 720, "format_note": "720p", "vcodec": "vp9", "asr": null, "filesize": 7874189, "fps": 25, "tbr": 468.639, "width": 1280, "acodec": "none", "downloader_options": {"http_chunk_size": 10485760}, "format": "247 - 1280x720 (720p)", "protocol": "https", "http_headers": {"User-Agent": "Mozilla/5.0 (Windows NT 10.0; Win64; x64) AppleWebKit/537.36 (KHTML, like Gecko) Chrome/74.0.3729.120 Safari/537.36", "Accept-Charset": "ISO-8859-1,utf-8;q=0.7,*;q=0.7", "Accept": "text/html,application/xhtml+xml,application/xml;q=0.9,*/*;q=0.8", "Accept-Encoding": "gzip, deflate", "Accept-Language": "en-us,en;q=0.5"}}, {"format_id": "135", "url": "https://r6---sn-5njj-u2xe.googlevideo.com/videoplayback?expire=1610981457&ei=8UsFYMOwELaFs8IPiImfMA&ip=140.109.135.76&id=o-AD0RPqN2cFc7mLUf4aaVNXB9TxLTDuOqEmHurkGd9mhc&itag=135&aitags=133%2C134%2C135%2C136%2C160%2C242%2C243%2C244%2C247%2C278%2C394%2C395%2C396%2C397%2C398&source=youtube&requiressl=yes&mh=LE&mm=31%2C29&mn=sn-5njj-u2xe%2Csn-un57sn76&ms=au%2Crdu&mv=m&mvi=6&pl=16&initcwndbps=535000&vprv=1&mime=video%2Fmp4&ns=bvUZfRgcB4UIaKAAUZAj9ccF&gir=yes&clen=7516941&dur=172.120&lmt=1534333399166988&mt=1610959485&fvip=6&keepalive=yes&c=WEB&n=KT9onCGbF-aJee&sparams=expire%2Cei%2Cip%2Cid%2Caitags%2Csource%2Crequiressl%2Cvprv%2Cmime%2Cns%2Cgir%2Cclen%2Cdur%2Clmt&lsparams=mh%2Cmm%2Cmn%2Cms%2Cmv%2Cmvi%2Cpl%2Cinitcwndbps&lsig=AG3C_xAwRgIhAMc37VsgtJ-BT7UhMq-7ALFl_4qheFCEaso7U6_cyHIVAiEA65mJgK2XwSJVaATKpZXQkePmoQo_gya8ZJlq8boimQs%3D&sig=AOq0QJ8wRQIhAOAvaKnKs9QNe04h-iIC0Lcb7bvcTQJlvvYCiVRH9pO3AiBrjbayppydPM9wfeGYTMwLiCLSEIAB57MaAz4db-k20A==&ratebypass=yes", "player_url": "/s/player/9f996d3e/player_ias.vflset/en_US/base.js", "ext": "mp4", "height": 480, "format_note": "480p", "vcodec": "avc1.4d401e", "asr": null, "filesize": 7516941, "fps": 25, "tbr": 508.667, "width": 854, "acodec": "none", "downloader_options": {"http_chunk_size": 10485760}, "format": "135 - 854x480 (480p)", "protocol": "https", "http_headers": {"User-Agent": "Mozilla/5.0 (Windows NT 10.0; Win64; x64) AppleWebKit/537.36 (KHTML, like Gecko) Chrome/74.0.3729.120 Safari/537.36", "Accept-Charset": "ISO-8859-1,utf-8;q=0.7,*;q=0.7", "Accept": "text/html,application/xhtml+xml,application/xml;q=0.9,*/*;q=0.8", "Accept-Encoding": "gzip, deflate", "Accept-Language": "en-us,en;q=0.5"}}, {"format_id": "398", "url": "https://r6---sn-5njj-u2xe.googlevideo.com/videoplayback?expire=1610981457&ei=8UsFYMOwELaFs8IPiImfMA&ip=140.109.135.76&id=o-AD0RPqN2cFc7mLUf4aaVNXB9TxLTDuOqEmHurkGd9mhc&itag=398&aitags=133%2C134%2C135%2C136%2C160%2C242%2C243%2C244%2C247%2C278%2C394%2C395%2C396%2C397%2C398&source=youtube&requiressl=yes&mh=LE&mm=31%2C29&mn=sn-5njj-u2xe%2Csn-un57sn76&ms=au%2Crdu&mv=m&mvi=6&pl=16&initcwndbps=535000&vprv=1&mime=video%2Fmp4&ns=bvUZfRgcB4UIaKAAUZAj9ccF&gir=yes&clen=11470476&dur=172.120&lmt=1595375465861696&mt=1610959485&fvip=6&keepalive=yes&c=WEB&txp=5531432&n=KT9onCGbF-aJee&sparams=expire%2Cei%2Cip%2Cid%2Caitags%2Csource%2Crequiressl%2Cvprv%2Cmime%2Cns%2Cgir%2Cclen%2Cdur%2Clmt&lsparams=mh%2Cmm%2Cmn%2Cms%2Cmv%2Cmvi%2Cpl%2Cinitcwndbps&lsig=AG3C_xAwRAIgYzVObpueQAAV7q5QtBXZI1ekNt9Ds3P7qXvgQNLWutQCIA-occ0O_FvFsNe7MREoOn0vomZczDXPCpQ6gKXB-p0-&sig=AOq0QJ8wRgIhAIW-Uh7MoboBNlKB7CWCZT_nw-e0hJQH5bJE7Y0ToG8EAiEAlonvKXV4arGcGOZh9s_BXUi-q3me9u-m3f86HT7pOBk=&ratebypass=yes", "player_url": "/s/player/9f996d3e/player_ias.vflset/en_US/base.js", "asr": null, "filesize": 11470476, "format_note": "720p", "fps": 25, "height": 720, "tbr": 668.271, "width": 1280, "ext": "mp4", "vcodec": "av01.0.05M.08", "acodec": "none", "downloader_options": {"http_chunk_size": 10485760}, "format": "398 - 1280x720 (720p)", "protocol": "https", "http_headers": {"User-Agent": "Mozilla/5.0 (Windows NT 10.0; Win64; x64) AppleWebKit/537.36 (KHTML, like Gecko) Chrome/74.0.3729.120 Safari/537.36", "Accept-Charset": "ISO-8859-1,utf-8;q=0.7,*;q=0.7", "Accept": "text/html,application/xhtml+xml,application/xml;q=0.9,*/*;q=0.8", "Accept-Encoding": "gzip, deflate", "Accept-Language": "en-us,en;q=0.5"}}, {"format_id": "136", "url": "https://r6---sn-5njj-u2xe.googlevideo.com/videoplayback?expire=1610981457&ei=8UsFYMOwELaFs8IPiImfMA&ip=140.109.135.76&id=o-AD0RPqN2cFc7mLUf4aaVNXB9TxLTDuOqEmHurkGd9mhc&itag=136&aitags=133%2C134%2C135%2C136%2C160%2C242%2C243%2C244%2C247%2C278%2C394%2C395%2C396%2C397%2C398&source=youtube&requiressl=yes&mh=LE&mm=31%2C29&mn=sn-5njj-u2xe%2Csn-un57sn76&ms=au%2Crdu&mv=m&mvi=6&pl=16&initcwndbps=535000&vprv=1&mime=video%2Fmp4&ns=bvUZfRgcB4UIaKAAUZAj9ccF&gir=yes&clen=14396499&dur=172.120&lmt=1534333404868820&mt=1610959485&fvip=6&keepalive=yes&c=WEB&n=KT9onCGbF-aJee&sparams=expire%2Cei%2Cip%2Cid%2Caitags%2Csource%2Crequiressl%2Cvprv%2Cmime%2Cns%2Cgir%2Cclen%2Cdur%2Clmt&lsparams=mh%2Cmm%2Cmn%2Cms%2Cmv%2Cmvi%2Cpl%2Cinitcwndbps&lsig=AG3C_xAwRAIgCcOVHvWTJSNK7cR6uTCuYOx92HVuqq7Ic_P4WtenQ4oCIAG4uJE_N8yv-qudHaSclVxNIPShkZyGcvFd_KDTY1oh&sig=AOq0QJ8wRgIhAPniaySlzr3nUDt5kSGDkoDSc1Ai8RObwVe0AbDOXa_wAiEAlyC28rf_OkktotVZPZaAqfpCxeMd851WxVm3Jr53F0A=&ratebypass=yes", "player_url": "/s/player/9f996d3e/player_ias.vflset/en_US/base.js", "ext": "mp4", "height": 720, "format_note": "720p", "vcodec": "avc1.4d401f", "asr": null, "filesize": 14396499, "fps": 25, "tbr": 1017.781, "width": 1280, "acodec": "none", "downloader_options": {"http_chunk_size": 10485760}, "format": "136 - 1280x720 (720p)", "protocol": "https", "http_headers": {"User-Agent": "Mozilla/5.0 (Windows NT 10.0; Win64; x64) AppleWebKit/537.36 (KHTML, like Gecko) Chrome/74.0.3729.120 Safari/537.36", "Accept-Charset": "ISO-8859-1,utf-8;q=0.7,*;q=0.7", "Accept": "text/html,application/xhtml+xml,application/xml;q=0.9,*/*;q=0.8", "Accept-Encoding": "gzip, deflate", "Accept-Language": "en-us,en;q=0.5"}}, {"format_id": "18", "url": "https://r6---sn-5njj-u2xe.googlevideo.com/videoplayback?expire=1610981457&ei=8UsFYMOwELaFs8IPiImfMA&ip=140.109.135.76&id=o-AD0RPqN2cFc7mLUf4aaVNXB9TxLTDuOqEmHurkGd9mhc&itag=18&source=youtube&requiressl=yes&mh=LE&mm=31%2C29&mn=sn-5njj-u2xe%2Csn-un57sn76&ms=au%2Crdu&mv=m&mvi=6&pl=16&initcwndbps=535000&vprv=1&mime=video%2Fmp4&ns=KFIIEu7C-kqciRF7Ru5WHBUF&gir=yes&clen=7959295&ratebypass=yes&dur=172.175&lmt=1534332881073673&mt=1610959485&fvip=6&c=WEB&n=4pQjdL_sDsimU0&sparams=expire%2Cei%2Cip%2Cid%2Citag%2Csource%2Crequiressl%2Cvprv%2Cmime%2Cns%2Cgir%2Cclen%2Cratebypass%2Cdur%2Clmt&lsparams=mh%2Cmm%2Cmn%2Cms%2Cmv%2Cmvi%2Cpl%2Cinitcwndbps&lsig=AG3C_xAwRQIhAK6kfMMAcdK7QtwpjUzHwYefn46SD8hlLsOD5lC8goUIAiBhKmk_o20eDQhQs75cOdnjifFRGLnXh74qtaMiY7f5HA%3D%3D&sig=AOq0QJ8wRgIhAMBGVvx1wwA3jUzrWS6uFk2idGjgt8pJ9T-FbAuZuqExAiEA4-xNh49I9sTm_C1EMobJRS_dHlj1pgC8kM-I-g3XpzU=", "player_url": "/s/player/9f996d3e/player_ias.vflset/en_US/base.js", "ext": "mp4", "width": 640, "height": 360, "acodec": "mp4a.40.2", "abr": 96, "vcodec": "avc1.42001E", "asr": 44100, "filesize": 7959295, "format_note": "360p", "fps": 25, "tbr": 369.941, "format": "18 - 640x360 (360p)", "protocol": "https", "http_headers": {"User-Agent": "Mozilla/5.0 (Windows NT 10.0; Win64; x64) AppleWebKit/537.36 (KHTML, like Gecko) Chrome/74.0.3729.120 Safari/537.36", "Accept-Charset": "ISO-8859-1,utf-8;q=0.7,*;q=0.7", "Accept": "text/html,application/xhtml+xml,application/xml;q=0.9,*/*;q=0.8", "Accept-Encoding": "gzip, deflate", "Accept-Language": "en-us,en;q=0.5"}}], "is_live": null, "start_time": null, "end_time": null, "series": null, "season_number": null, "episode_number": null, "track": null, "artist": null, "album": null, "release_date": null, "release_year": null, "extractor": "youtube", "webpage_url_basename": "watch", "extractor_key": "Youtube", "playlist": null, "playlist_index": null, "thumbnail": "https://i.ytimg.com/vi_webp/yZGBxiNPu3k/maxresdefault.webp", "display_id": "yZGBxiNPu3k", "requested_subtitles": null, "format_id": "251", "url": "https://r6---sn-5njj-u2xe.googlevideo.com/videoplayback?expire=1610981457&ei=8UsFYMOwELaFs8IPiImfMA&ip=140.109.135.76&id=o-AD0RPqN2cFc7mLUf4aaVNXB9TxLTDuOqEmHurkGd9mhc&itag=251&source=youtube&requiressl=yes&mh=LE&mm=31%2C29&mn=sn-5njj-u2xe%2Csn-un57sn76&ms=au%2Crdu&mv=m&mvi=6&pl=16&initcwndbps=535000&vprv=1&mime=audio%2Fwebm&ns=bvUZfRgcB4UIaKAAUZAj9ccF&gir=yes&clen=3199048&dur=172.141&lmt=1534334635230534&mt=1610959485&fvip=6&keepalive=yes&c=WEB&n=KT9onCGbF-aJee&sparams=expire%2Cei%2Cip%2Cid%2Citag%2Csource%2Crequiressl%2Cvprv%2Cmime%2Cns%2Cgir%2Cclen%2Cdur%2Clmt&lsparams=mh%2Cmm%2Cmn%2Cms%2Cmv%2Cmvi%2Cpl%2Cinitcwndbps&lsig=AG3C_xAwRAIgZa_oE15fXYZMiU7pLbQ_gLIJnzbJED8V9lLEWeeJ2nwCIEAOlQpcJlet3VecgFGYL1abjLxoKTjcL2_kAjom7ACG&sig=AOq0QJ8wRQIgOErWlBAXrS-hTjDQ1ioKAzAb9GfeRF67o8QNevrmVmYCIQCydLrTlf1rl8t-yy26GSkICXcNQ3w2lRDawXd_xPEf7g==&ratebypass=yes", "player_url": "/s/player/9f996d3e/player_ias.vflset/en_US/base.js", "ext": "webm", "format_note": "tiny", "acodec": "opus", "abr": 160, "asr": 48000, "filesize": 3199048, "fps": null, "height": null, "tbr": 168.974, "width": null, "vcodec": "none", "downloader_options": {"http_chunk_size": 10485760}, "format": "251 - audio only (tiny)", "protocol": "https", "http_headers": {"User-Agent": "Mozilla/5.0 (Windows NT 10.0; Win64; x64) AppleWebKit/537.36 (KHTML, like Gecko) Chrome/74.0.3729.120 Safari/537.36", "Accept-Charset": "ISO-8859-1,utf-8;q=0.7,*;q=0.7", "Accept": "text/html,application/xhtml+xml,application/xml;q=0.9,*/*;q=0.8", "Accept-Encoding": "gzip, deflate", "Accept-Language": "en-us,en;q=0.5"}}