{"id": "za-cmSK_XS8", "uploader": "Epidemic Relax", "uploader_id": "UCx7SnEbCAGzBtxqvBvSIAWA", "uploader_url": "http://www.youtube.com/channel/UCx7SnEbCAGzBtxqvBvSIAWA", "channel_id": "UCx7SnEbCAGzBtxqvBvSIAWA", "channel_url": "http://www.youtube.com/channel/UCx7SnEbCAGzBtxqvBvSIAWA", "upload_date": "20181108", "license": null, "creator": "Gavin Luke", "title": "Gavin Luke - All That You Will Be", "alt_title": "All That You Will Be", "thumbnails": [{"url": "https://i.ytimg.com/vi/za-cmSK_XS8/hqdefault.jpg?sqp=-oaymwEYCKgBEF5IVfKriqkDCwgBFQAAiEIYAXAB&rs=AOn4CLAzMss_qQb35E_ywjB8d3Ni2WBmmA", "width": 168, "height": 94, "resolution": "168x94", "id": "0"}, {"url": "https://i.ytimg.com/vi/za-cmSK_XS8/hqdefault.jpg?sqp=-oaymwEYCMQBEG5IVfKriqkDCwgBFQAAiEIYAXAB&rs=AOn4CLC556Xxbj5lqtHgBQ4GTh37p16wcw", "width": 196, "height": 110, "resolution": "196x110", "id": "1"}, {"url": "https://i.ytimg.com/vi/za-cmSK_XS8/hqdefault.jpg?sqp=-oaymwEZCPYBEIoBSFXyq4qpAwsIARUAAIhCGAFwAQ==&rs=AOn4CLDHUH66Dg9OIl1txNNzMN1ELAXEUg", "width": 246, "height": 138, "resolution": "246x138", "id": "2"}, {"url": "https://i.ytimg.com/vi/za-cmSK_XS8/hqdefault.jpg?sqp=-oaymwEZCNACELwBSFXyq4qpAwsIARUAAIhCGAFwAQ==&rs=AOn4CLBtM634PGQLLZsuxzg0bz6Gro9nww", "width": 336, "height": 188, "resolution": "336x188", "id": "3"}, {"url": "https://i.ytimg.com/vi_webp/za-cmSK_XS8/maxresdefault.webp", "width": 1920, "height": 1080, "resolution": "1920x1080", "id": "4"}], "description": "Listen to our relaxing playlist: https://www.youtube.com/playlist?list=PL42LpDafHrkiDecHF1w46WUXsucok2gJc\nSubscribe for more relaxing music! \ud83c\udfb6\n\nListen to Epidemic Relax on Spotify: link.epidemicsound.com/Relax-Playlist\n\n\nBe a part of our community and discover new music: http://link.epidemicsound.com/RelaxNews\n\ud83c\udfb6 Stream on Spotify, Apple, and more: http://link.epidemicsound.com/GavinLukeTheSumOfAllThings\n\n\n\n\n\nFollow Epidemic Sound:\nSpotify: https://open.spotify.com/user/epidemicsound\nItunes: https://itunes.apple.com/profile/epidemicsound\nInstagram: https://www.instagram.com/epidemicsound\nFacebook: https://www.facebook.com/EpidemicSound\nTwitter: https://twitter.com/epidemicsound\nPlaylists\nFocus Hypnotica: http://link.epidemicsound.com/Focus_Hypnotica_Playlist\nTotal Relaxation: http://link.epidemicsound.com/Total_Relaxation_Playlist\nSoothing Piano: http://link.epidemicsound.com/Soothing_Piano_Playlist\nDinnertime Jazz: http://link.epidemicsound.com/Dinnertime_Jazz_Playlist\nGentle Guitar: http://link.epidemicsound.com/Gentle_Guitar_Playlist\n\nGenre: #relax\n\ud83c\udfb6 Use this track in your videos: https://www.epidemicsound.com/creator-subscription/?utm_source=YT_ES&utm_medium=organic&_us=YT_ES&_usx=VideoDesc&utm_campaign=VideoDescEpidemicRelax #epidemicfocus #ESmusic\n\n\ud83c\udfb6 Download the track of the month: http://link.epidemicsound.com/relax-freetrack", "categories": ["Music"], "tags": ["music", "quiet", "peaceful", "calm", "pacific", "hypnotic", "sleep music", "lulling", "music for studying", "relaxing", "dreamy", "placid", "relax", "serene", "restless", "comforting", "quieting", "Focus", "calming", "ambient", "tranquil", "antistress", "music for relaxing", "pacifying", "sentimental music"], "subtitles": {}, "automatic_captions": {}, "duration": 231, "age_limit": 0, "annotations": null, "chapters": null, "webpage_url": "https://www.youtube.com/watch?v=za-cmSK_XS8", "view_count": 81860, "like_count": 1406, "dislike_count": 6, "average_rating": 4.9830027, "formats": [{"format_id": "249", "url": "https://r3---sn-5njj-u2xe.googlevideo.com/videoplayback?expire=1608485528&ei=ODbfX_nHHsK8igaqw5WoAg&ip=140.109.135.76&id=o-ABbAnsdvKZoOX7NDza3U1HEHMAMZMWEXMHE9X4-l7OSP&itag=249&source=youtube&requiressl=yes&mh=xT&mm=31%2C29&mn=sn-5njj-u2xe%2Csn-un57sn7z&ms=au%2Crdu&mv=m&mvi=3&pl=16&initcwndbps=293750&vprv=1&mime=audio%2Fwebm&ns=NIDGtQJhG3yFVt7LChXf_NcF&gir=yes&clen=1630615&dur=231.121&lmt=1540890636364075&mt=1608463721&fvip=3&keepalive=yes&beids=9466588&c=WEB&txp=2301222&n=Ok_pOPsVZolvFy8Qs&sparams=expire%2Cei%2Cip%2Cid%2Citag%2Csource%2Crequiressl%2Cvprv%2Cmime%2Cns%2Cgir%2Cclen%2Cdur%2Clmt&lsparams=mh%2Cmm%2Cmn%2Cms%2Cmv%2Cmvi%2Cpl%2Cinitcwndbps&lsig=AG3C_xAwRAIgVhg5GMJwGP_3a9HOUmpgy6Lk9JVGFb24WVRcAQMIT1cCIAZkJjMi2zKSb_8N0vpQI_GnBRgUIRXqsQVDfczCI1Yy&sig=AOq0QJ8wRQIhAM1UaEcVIQUmvi2nXjfhndvZ7LdA-3LYxS1JXAIuMqNAAiAluWJ35BCAQex0EyHGGgAfdjgOqfW397U-mBqaiXZBWg==&ratebypass=yes", "player_url": "/s/player/2e6e57d8/player_ias.vflset/en_US/base.js", "ext": "webm", "format_note": "tiny", "acodec": "opus", "abr": 50, "asr": 48000, "filesize": 1630615, "fps": null, "height": null, "tbr": 61.278, "width": null, "vcodec": "none", "downloader_options": {"http_chunk_size": 10485760}, "format": "249 - audio only (tiny)", "protocol": "https", "http_headers": {"User-Agent": "Mozilla/5.0 (Windows NT 10.0; Win64; x64) AppleWebKit/537.36 (KHTML, like Gecko) Chrome/70.0.3538.31 Safari/537.36", "Accept-Charset": "ISO-8859-1,utf-8;q=0.7,*;q=0.7", "Accept": "text/html,application/xhtml+xml,application/xml;q=0.9,*/*;q=0.8", "Accept-Encoding": "gzip, deflate", "Accept-Language": "en-us,en;q=0.5"}}, {"format_id": "250", "url": "https://r3---sn-5njj-u2xe.googlevideo.com/videoplayback?expire=1608485528&ei=ODbfX_nHHsK8igaqw5WoAg&ip=140.109.135.76&id=o-ABbAnsdvKZoOX7NDza3U1HEHMAMZMWEXMHE9X4-l7OSP&itag=250&source=youtube&requiressl=yes&mh=xT&mm=31%2C29&mn=sn-5njj-u2xe%2Csn-un57sn7z&ms=au%2Crdu&mv=m&mvi=3&pl=16&initcwndbps=293750&vprv=1&mime=audio%2Fwebm&ns=NIDGtQJhG3yFVt7LChXf_NcF&gir=yes&clen=2200124&dur=231.121&lmt=1540890634679959&mt=1608463721&fvip=3&keepalive=yes&beids=9466588&c=WEB&txp=2301222&n=Ok_pOPsVZolvFy8Qs&sparams=expire%2Cei%2Cip%2Cid%2Citag%2Csource%2Crequiressl%2Cvprv%2Cmime%2Cns%2Cgir%2Cclen%2Cdur%2Clmt&lsparams=mh%2Cmm%2Cmn%2Cms%2Cmv%2Cmvi%2Cpl%2Cinitcwndbps&lsig=AG3C_xAwRQIhALtqt0o2fIhSbW7tkC8WS2rqj859N_hCpRrULg3rds8gAiAIaJ8jgCq64sAW0b_9qdrxKHNsr0VMea6kBTIWX3Tvaw%3D%3D&sig=AOq0QJ8wRgIhAPG8rrC5Lf_4_o6OruxKA1dkI7JAoHaPThrwL8iCrCDhAiEAzw53K25WUF7CTnWoTGALT-LMe0qlOrqvUeRYmEXdi9U=&ratebypass=yes", "player_url": "/s/player/2e6e57d8/player_ias.vflset/en_US/base.js", "ext": "webm", "format_note": "tiny", "acodec": "opus", "abr": 70, "asr": 48000, "filesize": 2200124, "fps": null, "height": null, "tbr": 83.068, "width": null, "vcodec": "none", "downloader_options": {"http_chunk_size": 10485760}, "format": "250 - audio only (tiny)", "protocol": "https", "http_headers": {"User-Agent": "Mozilla/5.0 (Windows NT 10.0; Win64; x64) AppleWebKit/537.36 (KHTML, like Gecko) Chrome/70.0.3538.31 Safari/537.36", "Accept-Charset": "ISO-8859-1,utf-8;q=0.7,*;q=0.7", "Accept": "text/html,application/xhtml+xml,application/xml;q=0.9,*/*;q=0.8", "Accept-Encoding": "gzip, deflate", "Accept-Language": "en-us,en;q=0.5"}}, {"format_id": "140", "url": "https://r3---sn-5njj-u2xe.googlevideo.com/videoplayback?expire=1608485528&ei=ODbfX_nHHsK8igaqw5WoAg&ip=140.109.135.76&id=o-ABbAnsdvKZoOX7NDza3U1HEHMAMZMWEXMHE9X4-l7OSP&itag=140&source=youtube&requiressl=yes&mh=xT&mm=31%2C29&mn=sn-5njj-u2xe%2Csn-un57sn7z&ms=au%2Crdu&mv=m&mvi=3&pl=16&initcwndbps=293750&vprv=1&mime=audio%2Fmp4&ns=NIDGtQJhG3yFVt7LChXf_NcF&gir=yes&clen=3741766&dur=231.154&lmt=1540889471406684&mt=1608463721&fvip=3&keepalive=yes&beids=9466588&c=WEB&txp=2311222&n=Ok_pOPsVZolvFy8Qs&sparams=expire%2Cei%2Cip%2Cid%2Citag%2Csource%2Crequiressl%2Cvprv%2Cmime%2Cns%2Cgir%2Cclen%2Cdur%2Clmt&lsparams=mh%2Cmm%2Cmn%2Cms%2Cmv%2Cmvi%2Cpl%2Cinitcwndbps&lsig=AG3C_xAwRQIgK21UfAd6JQxzOrl813HvHzs2fCk3YIZsgoaWfrTFv4MCIQDoBZ-CAdsMgQxUf4C-POyIS92O3acSDzxZAzeJ5Tj7yw%3D%3D&sig=AOq0QJ8wRgIhALbzvC8OAuVmqlujiXrzqL-vSri5kChoCnY8ZqCINhswAiEA6tw6tFB5X2WHo8QDxGQEkpm4Gl7usfTKRE-nflu8AKk=&ratebypass=yes", "player_url": "/s/player/2e6e57d8/player_ias.vflset/en_US/base.js", "ext": "m4a", "format_note": "tiny", "acodec": "mp4a.40.2", "abr": 128, "container": "m4a_dash", "asr": 44100, "filesize": 3741766, "fps": null, "height": null, "tbr": 130.529, "width": null, "vcodec": "none", "downloader_options": {"http_chunk_size": 10485760}, "format": "140 - audio only (tiny)", "protocol": "https", "http_headers": {"User-Agent": "Mozilla/5.0 (Windows NT 10.0; Win64; x64) AppleWebKit/537.36 (KHTML, like Gecko) Chrome/70.0.3538.31 Safari/537.36", "Accept-Charset": "ISO-8859-1,utf-8;q=0.7,*;q=0.7", "Accept": "text/html,application/xhtml+xml,application/xml;q=0.9,*/*;q=0.8", "Accept-Encoding": "gzip, deflate", "Accept-Language": "en-us,en;q=0.5"}}, {"format_id": "251", "url": "https://r3---sn-5njj-u2xe.googlevideo.com/videoplayback?expire=1608485528&ei=ODbfX_nHHsK8igaqw5WoAg&ip=140.109.135.76&id=o-ABbAnsdvKZoOX7NDza3U1HEHMAMZMWEXMHE9X4-l7OSP&itag=251&source=youtube&requiressl=yes&mh=xT&mm=31%2C29&mn=sn-5njj-u2xe%2Csn-un57sn7z&ms=au%2Crdu&mv=m&mvi=3&pl=16&initcwndbps=293750&vprv=1&mime=audio%2Fwebm&ns=NIDGtQJhG3yFVt7LChXf_NcF&gir=yes&clen=4243308&dur=231.121&lmt=1540890636165344&mt=1608463721&fvip=3&keepalive=yes&beids=9466588&c=WEB&txp=2301222&n=Ok_pOPsVZolvFy8Qs&sparams=expire%2Cei%2Cip%2Cid%2Citag%2Csource%2Crequiressl%2Cvprv%2Cmime%2Cns%2Cgir%2Cclen%2Cdur%2Clmt&lsparams=mh%2Cmm%2Cmn%2Cms%2Cmv%2Cmvi%2Cpl%2Cinitcwndbps&lsig=AG3C_xAwRgIhAInuloVSc5C0Ov1Bjy6f1A8t28_zBH2WGdGxpEUcIWuQAiEAhDvnsC60BNrPCKHc2IT4EX9vrvLNWeDyIkFvBErAlbE%3D&sig=AOq0QJ8wRQIhAIh6nlWSwuGRhG9-Ft52n4HKF_cpaXgLBU5vo9DfpYpRAiBf2rAdJwY-kRX9QC1jbYqTfk7Jp8ZOexPpKwKu_00aQA==&ratebypass=yes", "player_url": "/s/player/2e6e57d8/player_ias.vflset/en_US/base.js", "ext": "webm", "format_note": "tiny", "acodec": "opus", "abr": 160, "asr": 48000, "filesize": 4243308, "fps": null, "height": null, "tbr": 157.984, "width": null, "vcodec": "none", "downloader_options": {"http_chunk_size": 10485760}, "format": "251 - audio only (tiny)", "protocol": "https", "http_headers": {"User-Agent": "Mozilla/5.0 (Windows NT 10.0; Win64; x64) AppleWebKit/537.36 (KHTML, like Gecko) Chrome/70.0.3538.31 Safari/537.36", "Accept-Charset": "ISO-8859-1,utf-8;q=0.7,*;q=0.7", "Accept": "text/html,application/xhtml+xml,application/xml;q=0.9,*/*;q=0.8", "Accept-Encoding": "gzip, deflate", "Accept-Language": "en-us,en;q=0.5"}}, {"format_id": "160", "url": "https://r3---sn-5njj-u2xe.googlevideo.com/videoplayback?expire=1608485528&ei=ODbfX_nHHsK8igaqw5WoAg&ip=140.109.135.76&id=o-ABbAnsdvKZoOX7NDza3U1HEHMAMZMWEXMHE9X4-l7OSP&itag=160&aitags=133%2C134%2C135%2C136%2C137%2C160%2C242%2C243%2C244%2C247%2C248%2C278&source=youtube&requiressl=yes&mh=xT&mm=31%2C29&mn=sn-5njj-u2xe%2Csn-un57sn7z&ms=au%2Crdu&mv=m&mvi=3&pl=16&initcwndbps=293750&vprv=1&mime=video%2Fmp4&ns=NIDGtQJhG3yFVt7LChXf_NcF&gir=yes&clen=951457&dur=231.097&lmt=1540889504147783&mt=1608463721&fvip=3&keepalive=yes&beids=9466588&c=WEB&txp=2311222&n=Ok_pOPsVZolvFy8Qs&sparams=expire%2Cei%2Cip%2Cid%2Caitags%2Csource%2Crequiressl%2Cvprv%2Cmime%2Cns%2Cgir%2Cclen%2Cdur%2Clmt&lsparams=mh%2Cmm%2Cmn%2Cms%2Cmv%2Cmvi%2Cpl%2Cinitcwndbps&lsig=AG3C_xAwRAIgIo0ZvngNGHMeMe94Rr4cGYmi3OPXL7RSmOEUTlyL0ZkCIHlfDvy30kQvS9IP__8CiV0VmOnbI-X4SZjYPXEEFIMJ&sig=AOq0QJ8wRQIhAJ9j7q_qDAhSwr2WCAvO66HGJWGiW986nR_yNcPJU9IjAiATmNoFnJHqGKKbDpfP8cX6x0yYAPSlzG_fuJM3ojQl-A==&ratebypass=yes", "player_url": "/s/player/2e6e57d8/player_ias.vflset/en_US/base.js", "ext": "mp4", "height": 144, "format_note": "144p", "vcodec": "avc1.4d400c", "asr": null, "filesize": 951457, "fps": 30, "tbr": 51.435, "width": 256, "acodec": "none", "downloader_options": {"http_chunk_size": 10485760}, "format": "160 - 256x144 (144p)", "protocol": "https", "http_headers": {"User-Agent": "Mozilla/5.0 (Windows NT 10.0; Win64; x64) AppleWebKit/537.36 (KHTML, like Gecko) Chrome/70.0.3538.31 Safari/537.36", "Accept-Charset": "ISO-8859-1,utf-8;q=0.7,*;q=0.7", "Accept": "text/html,application/xhtml+xml,application/xml;q=0.9,*/*;q=0.8", "Accept-Encoding": "gzip, deflate", "Accept-Language": "en-us,en;q=0.5"}}, {"format_id": "242", "url": "https://r3---sn-5njj-u2xe.googlevideo.com/videoplayback?expire=1608485528&ei=ODbfX_nHHsK8igaqw5WoAg&ip=140.109.135.76&id=o-ABbAnsdvKZoOX7NDza3U1HEHMAMZMWEXMHE9X4-l7OSP&itag=242&aitags=133%2C134%2C135%2C136%2C137%2C160%2C242%2C243%2C244%2C247%2C248%2C278&source=youtube&requiressl=yes&mh=xT&mm=31%2C29&mn=sn-5njj-u2xe%2Csn-un57sn7z&ms=au%2Crdu&mv=m&mvi=3&pl=16&initcwndbps=293750&vprv=1&mime=video%2Fwebm&ns=NIDGtQJhG3yFVt7LChXf_NcF&gir=yes&clen=1677061&dur=231.098&lmt=1540891861224416&mt=1608463721&fvip=3&keepalive=yes&beids=9466588&c=WEB&txp=2301222&n=Ok_pOPsVZolvFy8Qs&sparams=expire%2Cei%2Cip%2Cid%2Caitags%2Csource%2Crequiressl%2Cvprv%2Cmime%2Cns%2Cgir%2Cclen%2Cdur%2Clmt&lsparams=mh%2Cmm%2Cmn%2Cms%2Cmv%2Cmvi%2Cpl%2Cinitcwndbps&lsig=AG3C_xAwRgIhAKYX_mhaPqLgAp8dNKgAhLBqYN_9SbmqXuC-UGaH6n2dAiEAjXeORQeeFUX2LqylJrxGPLxtCMNxt8b-RcxstRacZ7c%3D&sig=AOq0QJ8wRgIhAPRTxX8hKBrm-6zZ3cB4jWBD6x5fWSe0kHiUqZ4-ZnM3AiEAon1UfCxM4Gu_Cmm1J1jowSXge5RK-mYIGHyNimyUBbQ=&ratebypass=yes", "player_url": "/s/player/2e6e57d8/player_ias.vflset/en_US/base.js", "ext": "webm", "height": 240, "format_note": "240p", "vcodec": "vp9", "asr": null, "filesize": 1677061, "fps": 30, "tbr": 77.162, "width": 426, "acodec": "none", "downloader_options": {"http_chunk_size": 10485760}, "format": "242 - 426x240 (240p)", "protocol": "https", "http_headers": {"User-Agent": "Mozilla/5.0 (Windows NT 10.0; Win64; x64) AppleWebKit/537.36 (KHTML, like Gecko) Chrome/70.0.3538.31 Safari/537.36", "Accept-Charset": "ISO-8859-1,utf-8;q=0.7,*;q=0.7", "Accept": "text/html,application/xhtml+xml,application/xml;q=0.9,*/*;q=0.8", "Accept-Encoding": "gzip, deflate", "Accept-Language": "en-us,en;q=0.5"}}, {"format_id": "278", "url": "https://r3---sn-5njj-u2xe.googlevideo.com/videoplayback?expire=1608485528&ei=ODbfX_nHHsK8igaqw5WoAg&ip=140.109.135.76&id=o-ABbAnsdvKZoOX7NDza3U1HEHMAMZMWEXMHE9X4-l7OSP&itag=278&aitags=133%2C134%2C135%2C136%2C137%2C160%2C242%2C243%2C244%2C247%2C248%2C278&source=youtube&requiressl=yes&mh=xT&mm=31%2C29&mn=sn-5njj-u2xe%2Csn-un57sn7z&ms=au%2Crdu&mv=m&mvi=3&pl=16&initcwndbps=293750&vprv=1&mime=video%2Fwebm&ns=NIDGtQJhG3yFVt7LChXf_NcF&gir=yes&clen=1957838&dur=231.098&lmt=1540891861230024&mt=1608463721&fvip=3&keepalive=yes&beids=9466588&c=WEB&txp=2301222&n=Ok_pOPsVZolvFy8Qs&sparams=expire%2Cei%2Cip%2Cid%2Caitags%2Csource%2Crequiressl%2Cvprv%2Cmime%2Cns%2Cgir%2Cclen%2Cdur%2Clmt&lsparams=mh%2Cmm%2Cmn%2Cms%2Cmv%2Cmvi%2Cpl%2Cinitcwndbps&lsig=AG3C_xAwRgIhAMpUmEugJYM_Y2X2ovpTOaJJ1sbncvvCujBNC2tdOK-EAiEAk-CaKP4_eDdnKQJiVGhZU5kDc0AdnGWdRUiDCwxeyZk%3D&sig=AOq0QJ8wRQIgdqaeWHi1EqU05-q7Vku3f5bzT0K92fO1oNHm4g3Q6vwCIQDW5LjnUqxjccPzN5gmg3iNYjlxg4SFvqp4PYVzmHiujQ==&ratebypass=yes", "player_url": "/s/player/2e6e57d8/player_ias.vflset/en_US/base.js", "ext": "webm", "height": 144, "format_note": "144p", "container": "webm", "vcodec": "vp9", "asr": null, "filesize": 1957838, "fps": 30, "tbr": 80.079, "width": 256, "acodec": "none", "downloader_options": {"http_chunk_size": 10485760}, "format": "278 - 256x144 (144p)", "protocol": "https", "http_headers": {"User-Agent": "Mozilla/5.0 (Windows NT 10.0; Win64; x64) AppleWebKit/537.36 (KHTML, like Gecko) Chrome/70.0.3538.31 Safari/537.36", "Accept-Charset": "ISO-8859-1,utf-8;q=0.7,*;q=0.7", "Accept": "text/html,application/xhtml+xml,application/xml;q=0.9,*/*;q=0.8", "Accept-Encoding": "gzip, deflate", "Accept-Language": "en-us,en;q=0.5"}}, {"format_id": "133", "url": "https://r3---sn-5njj-u2xe.googlevideo.com/videoplayback?expire=1608485528&ei=ODbfX_nHHsK8igaqw5WoAg&ip=140.109.135.76&id=o-ABbAnsdvKZoOX7NDza3U1HEHMAMZMWEXMHE9X4-l7OSP&itag=133&aitags=133%2C134%2C135%2C136%2C137%2C160%2C242%2C243%2C244%2C247%2C248%2C278&source=youtube&requiressl=yes&mh=xT&mm=31%2C29&mn=sn-5njj-u2xe%2Csn-un57sn7z&ms=au%2Crdu&mv=m&mvi=3&pl=16&initcwndbps=293750&vprv=1&mime=video%2Fmp4&ns=NIDGtQJhG3yFVt7LChXf_NcF&gir=yes&clen=2256505&dur=231.097&lmt=1540889504202124&mt=1608463721&fvip=3&keepalive=yes&beids=9466588&c=WEB&txp=2311222&n=Ok_pOPsVZolvFy8Qs&sparams=expire%2Cei%2Cip%2Cid%2Caitags%2Csource%2Crequiressl%2Cvprv%2Cmime%2Cns%2Cgir%2Cclen%2Cdur%2Clmt&lsparams=mh%2Cmm%2Cmn%2Cms%2Cmv%2Cmvi%2Cpl%2Cinitcwndbps&lsig=AG3C_xAwRQIhAJppxLAprubXez6KePtGZiRIIJ4WQTaxTGX6UN1apc-1AiAHljdKgQFUKvwDP7AXRpFkxb2cGJ4iT31Dw8WplcY5Sw%3D%3D&sig=AOq0QJ8wRQIhAP7iRfK-zlHLDbwf0MycG0MOyDytg9v9WkJYkz1FSjDUAiBncLh8_n7NV00iLbAH40_JaDZPkUGHqX7Pua0LNZgN8Q==&ratebypass=yes", "player_url": "/s/player/2e6e57d8/player_ias.vflset/en_US/base.js", "ext": "mp4", "height": 240, "format_note": "240p", "vcodec": "avc1.4d4015", "asr": null, "filesize": 2256505, "fps": 30, "tbr": 126.272, "width": 426, "acodec": "none", "downloader_options": {"http_chunk_size": 10485760}, "format": "133 - 426x240 (240p)", "protocol": "https", "http_headers": {"User-Agent": "Mozilla/5.0 (Windows NT 10.0; Win64; x64) AppleWebKit/537.36 (KHTML, like Gecko) Chrome/70.0.3538.31 Safari/537.36", "Accept-Charset": "ISO-8859-1,utf-8;q=0.7,*;q=0.7", "Accept": "text/html,application/xhtml+xml,application/xml;q=0.9,*/*;q=0.8", "Accept-Encoding": "gzip, deflate", "Accept-Language": "en-us,en;q=0.5"}}, {"format_id": "243", "url": "https://r3---sn-5njj-u2xe.googlevideo.com/videoplayback?expire=1608485528&ei=ODbfX_nHHsK8igaqw5WoAg&ip=140.109.135.76&id=o-ABbAnsdvKZoOX7NDza3U1HEHMAMZMWEXMHE9X4-l7OSP&itag=243&aitags=133%2C134%2C135%2C136%2C137%2C160%2C242%2C243%2C244%2C247%2C248%2C278&source=youtube&requiressl=yes&mh=xT&mm=31%2C29&mn=sn-5njj-u2xe%2Csn-un57sn7z&ms=au%2Crdu&mv=m&mvi=3&pl=16&initcwndbps=293750&vprv=1&mime=video%2Fwebm&ns=NIDGtQJhG3yFVt7LChXf_NcF&gir=yes&clen=3290797&dur=231.098&lmt=1540891861241444&mt=1608463721&fvip=3&keepalive=yes&beids=9466588&c=WEB&txp=2301222&n=Ok_pOPsVZolvFy8Qs&sparams=expire%2Cei%2Cip%2Cid%2Caitags%2Csource%2Crequiressl%2Cvprv%2Cmime%2Cns%2Cgir%2Cclen%2Cdur%2Clmt&lsparams=mh%2Cmm%2Cmn%2Cms%2Cmv%2Cmvi%2Cpl%2Cinitcwndbps&lsig=AG3C_xAwRAIgPLSQsA2Z_2eIOJZftP2qTYrXIWu24EgPJdFq8OAUfH4CIFxXLyfdZMAkPIKLe38-hTJTTMCPE38OjcT7PteKr7Mx&sig=AOq0QJ8wRgIhAKr3Q3VIfgpePhdwfGopu6WjQzIukXDTxMu4ps90goCKAiEA7rlOT1XI9bCWH4Pctyc1sqhy09RKRtqf86iAw17TK80=&ratebypass=yes", "player_url": "/s/player/2e6e57d8/player_ias.vflset/en_US/base.js", "ext": "webm", "height": 360, "format_note": "360p", "vcodec": "vp9", "asr": null, "filesize": 3290797, "fps": 30, "tbr": 149.271, "width": 640, "acodec": "none", "downloader_options": {"http_chunk_size": 10485760}, "format": "243 - 640x360 (360p)", "protocol": "https", "http_headers": {"User-Agent": "Mozilla/5.0 (Windows NT 10.0; Win64; x64) AppleWebKit/537.36 (KHTML, like Gecko) Chrome/70.0.3538.31 Safari/537.36", "Accept-Charset": "ISO-8859-1,utf-8;q=0.7,*;q=0.7", "Accept": "text/html,application/xhtml+xml,application/xml;q=0.9,*/*;q=0.8", "Accept-Encoding": "gzip, deflate", "Accept-Language": "en-us,en;q=0.5"}}, {"format_id": "134", "url": "https://r3---sn-5njj-u2xe.googlevideo.com/videoplayback?expire=1608485528&ei=ODbfX_nHHsK8igaqw5WoAg&ip=140.109.135.76&id=o-ABbAnsdvKZoOX7NDza3U1HEHMAMZMWEXMHE9X4-l7OSP&itag=134&aitags=133%2C134%2C135%2C136%2C137%2C160%2C242%2C243%2C244%2C247%2C248%2C278&source=youtube&requiressl=yes&mh=xT&mm=31%2C29&mn=sn-5njj-u2xe%2Csn-un57sn7z&ms=au%2Crdu&mv=m&mvi=3&pl=16&initcwndbps=293750&vprv=1&mime=video%2Fmp4&ns=NIDGtQJhG3yFVt7LChXf_NcF&gir=yes&clen=3661656&dur=231.097&lmt=1540889504185224&mt=1608463721&fvip=3&keepalive=yes&beids=9466588&c=WEB&txp=2311222&n=Ok_pOPsVZolvFy8Qs&sparams=expire%2Cei%2Cip%2Cid%2Caitags%2Csource%2Crequiressl%2Cvprv%2Cmime%2Cns%2Cgir%2Cclen%2Cdur%2Clmt&lsparams=mh%2Cmm%2Cmn%2Cms%2Cmv%2Cmvi%2Cpl%2Cinitcwndbps&lsig=AG3C_xAwRQIhAOO7DgXpNS7ENTn9D4MbCktVpI-Hcu6BvaZ7s9Q5INeGAiBM8NAlPoj2mGswTHJSPpItblZ2XaqFg9LDDh0EAUFd5g%3D%3D&sig=AOq0QJ8wRgIhAJd1SC8-5rGHLOhL53r8iCujvSCTpxG1LmJ9_rtYR4n4AiEAzaDgUwvF3Od6EuvZDhHCn1oro5RjSYDW8a4_1qOvYAY=&ratebypass=yes", "player_url": "/s/player/2e6e57d8/player_ias.vflset/en_US/base.js", "ext": "mp4", "height": 360, "format_note": "360p", "vcodec": "avc1.4d401e", "asr": null, "filesize": 3661656, "fps": 30, "tbr": 205.371, "width": 640, "acodec": "none", "downloader_options": {"http_chunk_size": 10485760}, "format": "134 - 640x360 (360p)", "protocol": "https", "http_headers": {"User-Agent": "Mozilla/5.0 (Windows NT 10.0; Win64; x64) AppleWebKit/537.36 (KHTML, like Gecko) Chrome/70.0.3538.31 Safari/537.36", "Accept-Charset": "ISO-8859-1,utf-8;q=0.7,*;q=0.7", "Accept": "text/html,application/xhtml+xml,application/xml;q=0.9,*/*;q=0.8", "Accept-Encoding": "gzip, deflate", "Accept-Language": "en-us,en;q=0.5"}}, {"format_id": "244", "url": "https://r3---sn-5njj-u2xe.googlevideo.com/videoplayback?expire=1608485528&ei=ODbfX_nHHsK8igaqw5WoAg&ip=140.109.135.76&id=o-ABbAnsdvKZoOX7NDza3U1HEHMAMZMWEXMHE9X4-l7OSP&itag=244&aitags=133%2C134%2C135%2C136%2C137%2C160%2C242%2C243%2C244%2C247%2C248%2C278&source=youtube&requiressl=yes&mh=xT&mm=31%2C29&mn=sn-5njj-u2xe%2Csn-un57sn7z&ms=au%2Crdu&mv=m&mvi=3&pl=16&initcwndbps=293750&vprv=1&mime=video%2Fwebm&ns=NIDGtQJhG3yFVt7LChXf_NcF&gir=yes&clen=5704753&dur=231.098&lmt=1540891861275974&mt=1608463721&fvip=3&keepalive=yes&beids=9466588&c=WEB&txp=2301222&n=Ok_pOPsVZolvFy8Qs&sparams=expire%2Cei%2Cip%2Cid%2Caitags%2Csource%2Crequiressl%2Cvprv%2Cmime%2Cns%2Cgir%2Cclen%2Cdur%2Clmt&lsparams=mh%2Cmm%2Cmn%2Cms%2Cmv%2Cmvi%2Cpl%2Cinitcwndbps&lsig=AG3C_xAwRQIgB-4u-tn2VCUIiwLoIBI_Di6hMP4cy7qUetWAQZ_859ACIQDqxMzxVT_gDwsa9axygkeMobw2J5LEut3L3bYt-Sud3g%3D%3D&sig=AOq0QJ8wRQIhAJhoZ4-bxcfxpGRa-h11a2CE1LIYWQVF5QoHlpqPxnycAiBt_2W6jEHXmA9vsIQ1ZGAiVx157msFh4RtA0s9Ia8k7Q==&ratebypass=yes", "player_url": "/s/player/2e6e57d8/player_ias.vflset/en_US/base.js", "ext": "webm", "height": 480, "format_note": "480p", "vcodec": "vp9", "asr": null, "filesize": 5704753, "fps": 30, "tbr": 255.992, "width": 854, "acodec": "none", "downloader_options": {"http_chunk_size": 10485760}, "format": "244 - 854x480 (480p)", "protocol": "https", "http_headers": {"User-Agent": "Mozilla/5.0 (Windows NT 10.0; Win64; x64) AppleWebKit/537.36 (KHTML, like Gecko) Chrome/70.0.3538.31 Safari/537.36", "Accept-Charset": "ISO-8859-1,utf-8;q=0.7,*;q=0.7", "Accept": "text/html,application/xhtml+xml,application/xml;q=0.9,*/*;q=0.8", "Accept-Encoding": "gzip, deflate", "Accept-Language": "en-us,en;q=0.5"}}, {"format_id": "135", "url": "https://r3---sn-5njj-u2xe.googlevideo.com/videoplayback?expire=1608485528&ei=ODbfX_nHHsK8igaqw5WoAg&ip=140.109.135.76&id=o-ABbAnsdvKZoOX7NDza3U1HEHMAMZMWEXMHE9X4-l7OSP&itag=135&aitags=133%2C134%2C135%2C136%2C137%2C160%2C242%2C243%2C244%2C247%2C248%2C278&source=youtube&requiressl=yes&mh=xT&mm=31%2C29&mn=sn-5njj-u2xe%2Csn-un57sn7z&ms=au%2Crdu&mv=m&mvi=3&pl=16&initcwndbps=293750&vprv=1&mime=video%2Fmp4&ns=NIDGtQJhG3yFVt7LChXf_NcF&gir=yes&clen=7794610&dur=231.097&lmt=1540889504285521&mt=1608463721&fvip=3&keepalive=yes&beids=9466588&c=WEB&txp=2311222&n=Ok_pOPsVZolvFy8Qs&sparams=expire%2Cei%2Cip%2Cid%2Caitags%2Csource%2Crequiressl%2Cvprv%2Cmime%2Cns%2Cgir%2Cclen%2Cdur%2Clmt&lsparams=mh%2Cmm%2Cmn%2Cms%2Cmv%2Cmvi%2Cpl%2Cinitcwndbps&lsig=AG3C_xAwRAIgCgj6iTGu81ssyHT-8wADioGSSz0UOpKHpT3PjhoFlHkCIETFXR4bDH_ku-K48gENc6FIX8vUTHtyG-eSwDFm-XOw&sig=AOq0QJ8wRAIgWJx2mUtynzZhN0x3On-2OpJJVwRn4AyuEBMe6SrVHk4CIGc1iikVXixcvqVo40qM5rKi7BVKRgVCEaAWhhp-weRO&ratebypass=yes", "player_url": "/s/player/2e6e57d8/player_ias.vflset/en_US/base.js", "ext": "mp4", "height": 480, "format_note": "480p", "vcodec": "avc1.4d401f", "asr": null, "filesize": 7794610, "fps": 30, "tbr": 441.75, "width": 854, "acodec": "none", "downloader_options": {"http_chunk_size": 10485760}, "format": "135 - 854x480 (480p)", "protocol": "https", "http_headers": {"User-Agent": "Mozilla/5.0 (Windows NT 10.0; Win64; x64) AppleWebKit/537.36 (KHTML, like Gecko) Chrome/70.0.3538.31 Safari/537.36", "Accept-Charset": "ISO-8859-1,utf-8;q=0.7,*;q=0.7", "Accept": "text/html,application/xhtml+xml,application/xml;q=0.9,*/*;q=0.8", "Accept-Encoding": "gzip, deflate", "Accept-Language": "en-us,en;q=0.5"}}, {"format_id": "247", "url": "https://r3---sn-5njj-u2xe.googlevideo.com/videoplayback?expire=1608485528&ei=ODbfX_nHHsK8igaqw5WoAg&ip=140.109.135.76&id=o-ABbAnsdvKZoOX7NDza3U1HEHMAMZMWEXMHE9X4-l7OSP&itag=247&aitags=133%2C134%2C135%2C136%2C137%2C160%2C242%2C243%2C244%2C247%2C248%2C278&source=youtube&requiressl=yes&mh=xT&mm=31%2C29&mn=sn-5njj-u2xe%2Csn-un57sn7z&ms=au%2Crdu&mv=m&mvi=3&pl=16&initcwndbps=293750&vprv=1&mime=video%2Fwebm&ns=NIDGtQJhG3yFVt7LChXf_NcF&gir=yes&clen=13593320&dur=231.098&lmt=1540891861241447&mt=1608463721&fvip=3&keepalive=yes&beids=9466588&c=WEB&txp=2301222&n=Ok_pOPsVZolvFy8Qs&sparams=expire%2Cei%2Cip%2Cid%2Caitags%2Csource%2Crequiressl%2Cvprv%2Cmime%2Cns%2Cgir%2Cclen%2Cdur%2Clmt&lsparams=mh%2Cmm%2Cmn%2Cms%2Cmv%2Cmvi%2Cpl%2Cinitcwndbps&lsig=AG3C_xAwRQIgZv7eE0OgakpBXnH0qDzsN-RtKNurS5ONBuMgvhBwo4cCIQDY59T_9clMMFiCMfc4pybsELXSnW6FPd6pibN3GtXfhg%3D%3D&sig=AOq0QJ8wRQIhAPcOqOB4pzvMIU4BFPBsxdI26hLfE6epg-oe5K43g-qXAiBgLKmG-w_ye75AxUZcaRUbzC0fBen6-E1u16gqOCRgxA==&ratebypass=yes", "player_url": "/s/player/2e6e57d8/player_ias.vflset/en_US/base.js", "ext": "webm", "height": 720, "format_note": "720p", "vcodec": "vp9", "asr": null, "filesize": 13593320, "fps": 30, "tbr": 585.489, "width": 1280, "acodec": "none", "downloader_options": {"http_chunk_size": 10485760}, "format": "247 - 1280x720 (720p)", "protocol": "https", "http_headers": {"User-Agent": "Mozilla/5.0 (Windows NT 10.0; Win64; x64) AppleWebKit/537.36 (KHTML, like Gecko) Chrome/70.0.3538.31 Safari/537.36", "Accept-Charset": "ISO-8859-1,utf-8;q=0.7,*;q=0.7", "Accept": "text/html,application/xhtml+xml,application/xml;q=0.9,*/*;q=0.8", "Accept-Encoding": "gzip, deflate", "Accept-Language": "en-us,en;q=0.5"}}, {"format_id": "136", "url": "https://r3---sn-5njj-u2xe.googlevideo.com/videoplayback?expire=1608485528&ei=ODbfX_nHHsK8igaqw5WoAg&ip=140.109.135.76&id=o-ABbAnsdvKZoOX7NDza3U1HEHMAMZMWEXMHE9X4-l7OSP&itag=136&aitags=133%2C134%2C135%2C136%2C137%2C160%2C242%2C243%2C244%2C247%2C248%2C278&source=youtube&requiressl=yes&mh=xT&mm=31%2C29&mn=sn-5njj-u2xe%2Csn-un57sn7z&ms=au%2Crdu&mv=m&mvi=3&pl=16&initcwndbps=293750&vprv=1&mime=video%2Fmp4&ns=NIDGtQJhG3yFVt7LChXf_NcF&gir=yes&clen=15786673&dur=231.097&lmt=1540889504409148&mt=1608463721&fvip=3&keepalive=yes&beids=9466588&c=WEB&txp=2311222&n=Ok_pOPsVZolvFy8Qs&sparams=expire%2Cei%2Cip%2Cid%2Caitags%2Csource%2Crequiressl%2Cvprv%2Cmime%2Cns%2Cgir%2Cclen%2Cdur%2Clmt&lsparams=mh%2Cmm%2Cmn%2Cms%2Cmv%2Cmvi%2Cpl%2Cinitcwndbps&lsig=AG3C_xAwRAIgGMBxj8cUtfFL03KC_MzcYQJDgVSr1bPiIS0HhuYd0YECIE1g0FZ7Ryh5hg6C3nlK_36FrUFkcsNUAH8Sh2TXxX4d&sig=AOq0QJ8wRgIhAPvEkXhTz3QsaG7K8UWpdShRtH7JxtIFVGCoyyJaPRq-AiEA7wtN-NETZhxmSCUXC8e6y2trwyD8N6H0eV4yPy0olyc=&ratebypass=yes", "player_url": "/s/player/2e6e57d8/player_ias.vflset/en_US/base.js", "ext": "mp4", "height": 720, "format_note": "720p", "vcodec": "avc1.4d401f", "asr": null, "filesize": 15786673, "fps": 30, "tbr": 884.893, "width": 1280, "acodec": "none", "downloader_options": {"http_chunk_size": 10485760}, "format": "136 - 1280x720 (720p)", "protocol": "https", "http_headers": {"User-Agent": "Mozilla/5.0 (Windows NT 10.0; Win64; x64) AppleWebKit/537.36 (KHTML, like Gecko) Chrome/70.0.3538.31 Safari/537.36", "Accept-Charset": "ISO-8859-1,utf-8;q=0.7,*;q=0.7", "Accept": "text/html,application/xhtml+xml,application/xml;q=0.9,*/*;q=0.8", "Accept-Encoding": "gzip, deflate", "Accept-Language": "en-us,en;q=0.5"}}, {"format_id": "248", "url": "https://r3---sn-5njj-u2xe.googlevideo.com/videoplayback?expire=1608485528&ei=ODbfX_nHHsK8igaqw5WoAg&ip=140.109.135.76&id=o-ABbAnsdvKZoOX7NDza3U1HEHMAMZMWEXMHE9X4-l7OSP&itag=248&aitags=133%2C134%2C135%2C136%2C137%2C160%2C242%2C243%2C244%2C247%2C248%2C278&source=youtube&requiressl=yes&mh=xT&mm=31%2C29&mn=sn-5njj-u2xe%2Csn-un57sn7z&ms=au%2Crdu&mv=m&mvi=3&pl=16&initcwndbps=293750&vprv=1&mime=video%2Fwebm&ns=NIDGtQJhG3yFVt7LChXf_NcF&gir=yes&clen=39200749&dur=231.098&lmt=1540891861226467&mt=1608463721&fvip=3&keepalive=yes&beids=9466588&c=WEB&txp=2301222&n=Ok_pOPsVZolvFy8Qs&sparams=expire%2Cei%2Cip%2Cid%2Caitags%2Csource%2Crequiressl%2Cvprv%2Cmime%2Cns%2Cgir%2Cclen%2Cdur%2Clmt&lsparams=mh%2Cmm%2Cmn%2Cms%2Cmv%2Cmvi%2Cpl%2Cinitcwndbps&lsig=AG3C_xAwRgIhAKytd6C9r7Vtz94W76mdMFcCPE_YvpwsQyF3Vl0tapgqAiEAyksqFewipwcRa7OC475XBTyIoO8Rm1GUfauSA5pNJYU%3D&sig=AOq0QJ8wRAIgIylGds6m_g9xw2QrJzvwZf59H2PCc0derVf0XIz7vCoCIGxRxPosdQGk3oj-fvovozEP7YqV7wDUxCz2rKMVPOrZ&ratebypass=yes", "player_url": "/s/player/2e6e57d8/player_ias.vflset/en_US/base.js", "ext": "webm", "height": 1080, "format_note": "1080p", "vcodec": "vp9", "asr": null, "filesize": 39200749, "fps": 30, "tbr": 1601.008, "width": 1920, "acodec": "none", "downloader_options": {"http_chunk_size": 10485760}, "format": "248 - 1920x1080 (1080p)", "protocol": "https", "http_headers": {"User-Agent": "Mozilla/5.0 (Windows NT 10.0; Win64; x64) AppleWebKit/537.36 (KHTML, like Gecko) Chrome/70.0.3538.31 Safari/537.36", "Accept-Charset": "ISO-8859-1,utf-8;q=0.7,*;q=0.7", "Accept": "text/html,application/xhtml+xml,application/xml;q=0.9,*/*;q=0.8", "Accept-Encoding": "gzip, deflate", "Accept-Language": "en-us,en;q=0.5"}}, {"format_id": "137", "url": "https://r3---sn-5njj-u2xe.googlevideo.com/videoplayback?expire=1608485528&ei=ODbfX_nHHsK8igaqw5WoAg&ip=140.109.135.76&id=o-ABbAnsdvKZoOX7NDza3U1HEHMAMZMWEXMHE9X4-l7OSP&itag=137&aitags=133%2C134%2C135%2C136%2C137%2C160%2C242%2C243%2C244%2C247%2C248%2C278&source=youtube&requiressl=yes&mh=xT&mm=31%2C29&mn=sn-5njj-u2xe%2Csn-un57sn7z&ms=au%2Crdu&mv=m&mvi=3&pl=16&initcwndbps=293750&vprv=1&mime=video%2Fmp4&ns=NIDGtQJhG3yFVt7LChXf_NcF&gir=yes&clen=37542305&dur=231.097&lmt=1540889504481150&mt=1608463721&fvip=3&keepalive=yes&beids=9466588&c=WEB&txp=2311222&n=Ok_pOPsVZolvFy8Qs&sparams=expire%2Cei%2Cip%2Cid%2Caitags%2Csource%2Crequiressl%2Cvprv%2Cmime%2Cns%2Cgir%2Cclen%2Cdur%2Clmt&lsparams=mh%2Cmm%2Cmn%2Cms%2Cmv%2Cmvi%2Cpl%2Cinitcwndbps&lsig=AG3C_xAwRQIgMU7i18o66vPp4IyXbxAqlAky1gXD5nZKm9zuzOjo2FsCIQC8sf4XiI8avUGOWZYAki-oL-N6gRXzy6nEwkm-BE3bPw%3D%3D&sig=AOq0QJ8wRAIgAUVGmPuc18VDb7kxDqbAlX6D8vX3Mh8THUJmuc2FoxcCIBH9dZe0rvXpOEnuQxBh_8WV3ClJNWDen9dN0zVR7Nj-&ratebypass=yes", "player_url": "/s/player/2e6e57d8/player_ias.vflset/en_US/base.js", "ext": "mp4", "height": 1080, "format_note": "1080p", "vcodec": "avc1.640028", "asr": null, "filesize": 37542305, "fps": 30, "tbr": 1920.762, "width": 1920, "acodec": "none", "downloader_options": {"http_chunk_size": 10485760}, "format": "137 - 1920x1080 (1080p)", "protocol": "https", "http_headers": {"User-Agent": "Mozilla/5.0 (Windows NT 10.0; Win64; x64) AppleWebKit/537.36 (KHTML, like Gecko) Chrome/70.0.3538.31 Safari/537.36", "Accept-Charset": "ISO-8859-1,utf-8;q=0.7,*;q=0.7", "Accept": "text/html,application/xhtml+xml,application/xml;q=0.9,*/*;q=0.8", "Accept-Encoding": "gzip, deflate", "Accept-Language": "en-us,en;q=0.5"}}, {"format_id": "18", "url": "https://r3---sn-5njj-u2xe.googlevideo.com/videoplayback?expire=1608485528&ei=ODbfX_nHHsK8igaqw5WoAg&ip=140.109.135.76&id=o-ABbAnsdvKZoOX7NDza3U1HEHMAMZMWEXMHE9X4-l7OSP&itag=18&source=youtube&requiressl=yes&mh=xT&mm=31%2C29&mn=sn-5njj-u2xe%2Csn-un57sn7z&ms=au%2Crdu&mv=m&mvi=3&pl=16&initcwndbps=293750&vprv=1&mime=video%2Fmp4&ns=AdDo_4z0XmrFFnwHGVh9HsEF&gir=yes&clen=10488630&ratebypass=yes&dur=231.154&lmt=1540889461259706&mt=1608463721&fvip=3&beids=9466588&c=WEB&txp=2311222&n=gXXxEpdH4CGFY6Viz&sparams=expire%2Cei%2Cip%2Cid%2Citag%2Csource%2Crequiressl%2Cvprv%2Cmime%2Cns%2Cgir%2Cclen%2Cratebypass%2Cdur%2Clmt&lsparams=mh%2Cmm%2Cmn%2Cms%2Cmv%2Cmvi%2Cpl%2Cinitcwndbps&lsig=AG3C_xAwRgIhAIgchK-FER9G6vjSFkwQReJ15y0zdFjcgmvG7sS_f2PjAiEAjRaogd7sDvafjdQseL6BJcKe4VQ-YQb1HGnPy72m8-4%3D&sig=AOq0QJ8wRQIhAI7XpuRKs7Qv6a1xEatjd9Q7zV9KBZZGDYUGeq9xxcu8AiASON1qsG-oPpI1MchEL30fj0S0gljcndtjvVVPa1MKVA==", "player_url": "/s/player/2e6e57d8/player_ias.vflset/en_US/base.js", "ext": "mp4", "width": 640, "height": 360, "acodec": "mp4a.40.2", "abr": 96, "vcodec": "avc1.42001E", "asr": 44100, "filesize": 10488630, "format_note": "360p", "fps": 30, "tbr": 363.091, "format": "18 - 640x360 (360p)", "protocol": "https", "http_headers": {"User-Agent": "Mozilla/5.0 (Windows NT 10.0; Win64; x64) AppleWebKit/537.36 (KHTML, like Gecko) Chrome/70.0.3538.31 Safari/537.36", "Accept-Charset": "ISO-8859-1,utf-8;q=0.7,*;q=0.7", "Accept": "text/html,application/xhtml+xml,application/xml;q=0.9,*/*;q=0.8", "Accept-Encoding": "gzip, deflate", "Accept-Language": "en-us,en;q=0.5"}}], "is_live": null, "start_time": null, "end_time": null, "series": null, "season_number": null, "episode_number": null, "track": "All That You Will Be", "artist": "Gavin Luke", "album": null, "release_date": null, "release_year": null, "extractor": "youtube", "webpage_url_basename": "watch", "extractor_key": "Youtube", "playlist": null, "playlist_index": null, "thumbnail": "https://i.ytimg.com/vi_webp/za-cmSK_XS8/maxresdefault.webp", "display_id": "za-cmSK_XS8", "requested_subtitles": null, "format_id": "251", "url": "https://r3---sn-5njj-u2xe.googlevideo.com/videoplayback?expire=1608485528&ei=ODbfX_nHHsK8igaqw5WoAg&ip=140.109.135.76&id=o-ABbAnsdvKZoOX7NDza3U1HEHMAMZMWEXMHE9X4-l7OSP&itag=251&source=youtube&requiressl=yes&mh=xT&mm=31%2C29&mn=sn-5njj-u2xe%2Csn-un57sn7z&ms=au%2Crdu&mv=m&mvi=3&pl=16&initcwndbps=293750&vprv=1&mime=audio%2Fwebm&ns=NIDGtQJhG3yFVt7LChXf_NcF&gir=yes&clen=4243308&dur=231.121&lmt=1540890636165344&mt=1608463721&fvip=3&keepalive=yes&beids=9466588&c=WEB&txp=2301222&n=Ok_pOPsVZolvFy8Qs&sparams=expire%2Cei%2Cip%2Cid%2Citag%2Csource%2Crequiressl%2Cvprv%2Cmime%2Cns%2Cgir%2Cclen%2Cdur%2Clmt&lsparams=mh%2Cmm%2Cmn%2Cms%2Cmv%2Cmvi%2Cpl%2Cinitcwndbps&lsig=AG3C_xAwRgIhAInuloVSc5C0Ov1Bjy6f1A8t28_zBH2WGdGxpEUcIWuQAiEAhDvnsC60BNrPCKHc2IT4EX9vrvLNWeDyIkFvBErAlbE%3D&sig=AOq0QJ8wRQIhAIh6nlWSwuGRhG9-Ft52n4HKF_cpaXgLBU5vo9DfpYpRAiBf2rAdJwY-kRX9QC1jbYqTfk7Jp8ZOexPpKwKu_00aQA==&ratebypass=yes", "player_url": "/s/player/2e6e57d8/player_ias.vflset/en_US/base.js", "ext": "webm", "format_note": "tiny", "acodec": "opus", "abr": 160, "asr": 48000, "filesize": 4243308, "fps": null, "height": null, "tbr": 157.984, "width": null, "vcodec": "none", "downloader_options": {"http_chunk_size": 10485760}, "format": "251 - audio only (tiny)", "protocol": "https", "http_headers": {"User-Agent": "Mozilla/5.0 (Windows NT 10.0; Win64; x64) AppleWebKit/537.36 (KHTML, like Gecko) Chrome/70.0.3538.31 Safari/537.36", "Accept-Charset": "ISO-8859-1,utf-8;q=0.7,*;q=0.7", "Accept": "text/html,application/xhtml+xml,application/xml;q=0.9,*/*;q=0.8", "Accept-Encoding": "gzip, deflate", "Accept-Language": "en-us,en;q=0.5"}}