{"id": "z_s4bWqhifU", "uploader": "Roberto Cacciapaglia - Topic", "uploader_id": "UCUEYsaFILTmzSZsOSeR3Clw", "uploader_url": "http://www.youtube.com/channel/UCUEYsaFILTmzSZsOSeR3Clw", "channel_id": "UCUEYsaFILTmzSZsOSeR3Clw", "channel_url": "http://www.youtube.com/channel/UCUEYsaFILTmzSZsOSeR3Clw", "upload_date": "20141108", "license": null, "creator": "Roberto Cacciapaglia", "title": "Vita nuova", "alt_title": "Vita nuova", "thumbnails": [{"url": "https://i.ytimg.com/vi/z_s4bWqhifU/hqdefault.jpg?sqp=-oaymwEYCKgBEF5IVfKriqkDCwgBFQAAiEIYAXAB&rs=AOn4CLD_uUgh_xHoocAuDU1goCkjZrW0-g", "width": 168, "height": 94, "resolution": "168x94", "id": "0"}, {"url": "https://i.ytimg.com/vi/z_s4bWqhifU/hqdefault.jpg?sqp=-oaymwEYCMQBEG5IVfKriqkDCwgBFQAAiEIYAXAB&rs=AOn4CLAapZWVTSNVbZzHsqQMowmuQWj8lQ", "width": 196, "height": 110, "resolution": "196x110", "id": "1"}, {"url": "https://i.ytimg.com/vi/z_s4bWqhifU/hqdefault.jpg?sqp=-oaymwEZCPYBEIoBSFXyq4qpAwsIARUAAIhCGAFwAQ==&rs=AOn4CLCIi7nfvYu7J5uYkj_Rv0-QuMlZOg", "width": 246, "height": 138, "resolution": "246x138", "id": "2"}, {"url": "https://i.ytimg.com/vi/z_s4bWqhifU/hqdefault.jpg?sqp=-oaymwEZCNACELwBSFXyq4qpAwsIARUAAIhCGAFwAQ==&rs=AOn4CLDbMsxFcSLganJlelmqZpra0SKnYw", "width": 336, "height": 188, "resolution": "336x188", "id": "3"}, {"url": "https://i.ytimg.com/vi/z_s4bWqhifU/maxresdefault.jpg", "width": 1920, "height": 1080, "resolution": "1920x1080", "id": "4"}], "description": "Provided to YouTube by Believe SAS\n\nVita nuova \u00b7 Roberto Cacciapaglia\n\nIncontri con l'anima\n\n\u2117 Glance\n\nReleased on: 2005-10-24\n\nMusic Publisher: D.R\nComposer: Roberto Cacciapaglia\n\nAuto-generated by YouTube.", "categories": ["Music"], "tags": ["Roberto Cacciapaglia", "Incontri con l'anima", "Vita nuova"], "subtitles": {}, "automatic_captions": {}, "duration": 210, "age_limit": 0, "annotations": null, "chapters": null, "webpage_url": "https://www.youtube.com/watch?v=z_s4bWqhifU", "view_count": 16225, "like_count": 169, "dislike_count": 7, "average_rating": 4.840909, "formats": [{"format_id": "249", "url": "https://r4---sn-5njj-u2xe.googlevideo.com/videoplayback?expire=1611764217&ei=mT0RYMC4N4qUgAOuz4bQBQ&ip=140.109.135.76&id=o-ADBpodkaPZWxCIVXdd5HaGjizM6_HGYSD5huOQQVZVg0&itag=249&source=youtube&requiressl=yes&mh=7U&mm=31%2C29&mn=sn-5njj-u2xe%2Csn-un57sn7s&ms=au%2Crdu&mv=m&mvi=4&pl=16&gcr=tw&initcwndbps=681250&vprv=1&mime=audio%2Fwebm&ns=aGiDrYPR39j64z2agYTYJn0F&gir=yes&clen=1667600&dur=210.141&lmt=1569428411521367&mt=1611742127&fvip=4&keepalive=yes&c=WEB&txp=8301222&n=ey8TahZrAje3Tq9NXSiM&sparams=expire%2Cei%2Cip%2Cid%2Citag%2Csource%2Crequiressl%2Cgcr%2Cvprv%2Cmime%2Cns%2Cgir%2Cclen%2Cdur%2Clmt&lsparams=mh%2Cmm%2Cmn%2Cms%2Cmv%2Cmvi%2Cpl%2Cinitcwndbps&lsig=AG3C_xAwRAIgSW6z_kCicEqkOON3w-MjX2fuqJM2oOe3Ki1wrKeZ7z4CIA6NVVS47Zwm5NmeCF0lwlIv79VersNBaDFUKkod_M8m&sig=AOq0QJ8wRQIgaDKU-kLzZfausht30A6Sy9HZ3oxLuK5rOL_Phe6pBqICIQDbJvaoX1gCw3xBHI30oc5b7xn_9ZdqSscX7vn4u9P9Cw==&ratebypass=yes", "player_url": "/s/player/c6df6ed7/player_ias.vflset/en_US/base.js", "ext": "webm", "format_note": "tiny", "acodec": "opus", "abr": 50, "asr": 48000, "filesize": 1667600, "fps": null, "height": null, "tbr": 68.094, "width": null, "vcodec": "none", "downloader_options": {"http_chunk_size": 10485760}, "format": "249 - audio only (tiny)", "protocol": "https", "http_headers": {"User-Agent": "Mozilla/5.0 (Windows NT 10.0; Win64; x64) AppleWebKit/537.36 (KHTML, like Gecko) Chrome/72.0.3626.25 Safari/537.36", "Accept-Charset": "ISO-8859-1,utf-8;q=0.7,*;q=0.7", "Accept": "text/html,application/xhtml+xml,application/xml;q=0.9,*/*;q=0.8", "Accept-Encoding": "gzip, deflate", "Accept-Language": "en-us,en;q=0.5"}}, {"format_id": "250", "url": "https://r4---sn-5njj-u2xe.googlevideo.com/videoplayback?expire=1611764217&ei=mT0RYMC4N4qUgAOuz4bQBQ&ip=140.109.135.76&id=o-ADBpodkaPZWxCIVXdd5HaGjizM6_HGYSD5huOQQVZVg0&itag=250&source=youtube&requiressl=yes&mh=7U&mm=31%2C29&mn=sn-5njj-u2xe%2Csn-un57sn7s&ms=au%2Crdu&mv=m&mvi=4&pl=16&gcr=tw&initcwndbps=681250&vprv=1&mime=audio%2Fwebm&ns=aGiDrYPR39j64z2agYTYJn0F&gir=yes&clen=2160145&dur=210.141&lmt=1569428412099247&mt=1611742127&fvip=4&keepalive=yes&c=WEB&txp=8301222&n=ey8TahZrAje3Tq9NXSiM&sparams=expire%2Cei%2Cip%2Cid%2Citag%2Csource%2Crequiressl%2Cgcr%2Cvprv%2Cmime%2Cns%2Cgir%2Cclen%2Cdur%2Clmt&lsparams=mh%2Cmm%2Cmn%2Cms%2Cmv%2Cmvi%2Cpl%2Cinitcwndbps&lsig=AG3C_xAwRQIhAM_bKjWAtW8LlAXZPDGjPhtl31yvWMB0hbwvNWyabhvIAiBXojQtOXgRo4a8bH33AcUI4p-Zhw35obgqD8vPSzDvwQ%3D%3D&sig=AOq0QJ8wRgIhAKKzKv56cVr_0DpKYhLQ0tt1qzVpQKUDfHg-oEzitF8SAiEAr3PzfOGnIDz6Rp-xOhrwfEpfT_JF0EZqYeTvPHAc-88=&ratebypass=yes", "player_url": "/s/player/c6df6ed7/player_ias.vflset/en_US/base.js", "ext": "webm", "format_note": "tiny", "acodec": "opus", "abr": 70, "asr": 48000, "filesize": 2160145, "fps": null, "height": null, "tbr": 87.547, "width": null, "vcodec": "none", "downloader_options": {"http_chunk_size": 10485760}, "format": "250 - audio only (tiny)", "protocol": "https", "http_headers": {"User-Agent": "Mozilla/5.0 (Windows NT 10.0; Win64; x64) AppleWebKit/537.36 (KHTML, like Gecko) Chrome/72.0.3626.25 Safari/537.36", "Accept-Charset": "ISO-8859-1,utf-8;q=0.7,*;q=0.7", "Accept": "text/html,application/xhtml+xml,application/xml;q=0.9,*/*;q=0.8", "Accept-Encoding": "gzip, deflate", "Accept-Language": "en-us,en;q=0.5"}}, {"format_id": "140", "url": "https://r4---sn-5njj-u2xe.googlevideo.com/videoplayback?expire=1611764217&ei=mT0RYMC4N4qUgAOuz4bQBQ&ip=140.109.135.76&id=o-ADBpodkaPZWxCIVXdd5HaGjizM6_HGYSD5huOQQVZVg0&itag=140&source=youtube&requiressl=yes&mh=7U&mm=31%2C29&mn=sn-5njj-u2xe%2Csn-un57sn7s&ms=au%2Crdu&mv=m&mvi=4&pl=16&gcr=tw&initcwndbps=681250&vprv=1&mime=audio%2Fmp4&ns=aGiDrYPR39j64z2agYTYJn0F&gir=yes&clen=3402156&dur=210.119&lmt=1569424489722836&mt=1611742127&fvip=4&keepalive=yes&c=WEB&txp=8311222&n=ey8TahZrAje3Tq9NXSiM&sparams=expire%2Cei%2Cip%2Cid%2Citag%2Csource%2Crequiressl%2Cgcr%2Cvprv%2Cmime%2Cns%2Cgir%2Cclen%2Cdur%2Clmt&lsparams=mh%2Cmm%2Cmn%2Cms%2Cmv%2Cmvi%2Cpl%2Cinitcwndbps&lsig=AG3C_xAwRAIgGLuKMQFS1X74qp_Ul5QkXkHMs3R5qAWPBzMBtazpRkQCICb27gffozQVvZKtIlsrrWk0XqWRw1Vp_bMdMQkvT544&sig=AOq0QJ8wRQIgbi3M3XKDihNB1l_3EefzATf8iZPEEJwK-tDNkuWJ69cCIQDWD2Dn6H5009y87Xi77aziuX2gWe80VSPubc_kgUZyog==&ratebypass=yes", "player_url": "/s/player/c6df6ed7/player_ias.vflset/en_US/base.js", "ext": "m4a", "format_note": "tiny", "acodec": "mp4a.40.2", "abr": 128, "container": "m4a_dash", "asr": 44100, "filesize": 3402156, "fps": null, "height": null, "tbr": 131.013, "width": null, "vcodec": "none", "downloader_options": {"http_chunk_size": 10485760}, "format": "140 - audio only (tiny)", "protocol": "https", "http_headers": {"User-Agent": "Mozilla/5.0 (Windows NT 10.0; Win64; x64) AppleWebKit/537.36 (KHTML, like Gecko) Chrome/72.0.3626.25 Safari/537.36", "Accept-Charset": "ISO-8859-1,utf-8;q=0.7,*;q=0.7", "Accept": "text/html,application/xhtml+xml,application/xml;q=0.9,*/*;q=0.8", "Accept-Encoding": "gzip, deflate", "Accept-Language": "en-us,en;q=0.5"}}, {"format_id": "251", "url": "https://r4---sn-5njj-u2xe.googlevideo.com/videoplayback?expire=1611764217&ei=mT0RYMC4N4qUgAOuz4bQBQ&ip=140.109.135.76&id=o-ADBpodkaPZWxCIVXdd5HaGjizM6_HGYSD5huOQQVZVg0&itag=251&source=youtube&requiressl=yes&mh=7U&mm=31%2C29&mn=sn-5njj-u2xe%2Csn-un57sn7s&ms=au%2Crdu&mv=m&mvi=4&pl=16&gcr=tw&initcwndbps=681250&vprv=1&mime=audio%2Fwebm&ns=aGiDrYPR39j64z2agYTYJn0F&gir=yes&clen=4031221&dur=210.141&lmt=1569428413693711&mt=1611742127&fvip=4&keepalive=yes&c=WEB&txp=8301222&n=ey8TahZrAje3Tq9NXSiM&sparams=expire%2Cei%2Cip%2Cid%2Citag%2Csource%2Crequiressl%2Cgcr%2Cvprv%2Cmime%2Cns%2Cgir%2Cclen%2Cdur%2Clmt&lsparams=mh%2Cmm%2Cmn%2Cms%2Cmv%2Cmvi%2Cpl%2Cinitcwndbps&lsig=AG3C_xAwRQIgExjedOLnb9r_Uw6Ht9b0gfrGmiMLkHVNPAo2WXvBFRUCIQD8rO63FgyCBDfuKRGwGrnBAy6pT47VISj43PQ9T2vKjQ%3D%3D&sig=AOq0QJ8wRAIgWYPu83cVw7lbX9mYIBkbxhFKf9ELaxXnOYGfRujrkDwCIDsB-9Z9JEwbPExJdvzgpN2DAv0u0gLugef3SDFqzyX5&ratebypass=yes", "player_url": "/s/player/c6df6ed7/player_ias.vflset/en_US/base.js", "ext": "webm", "format_note": "tiny", "acodec": "opus", "abr": 160, "asr": 48000, "filesize": 4031221, "fps": null, "height": null, "tbr": 161.202, "width": null, "vcodec": "none", "downloader_options": {"http_chunk_size": 10485760}, "format": "251 - audio only (tiny)", "protocol": "https", "http_headers": {"User-Agent": "Mozilla/5.0 (Windows NT 10.0; Win64; x64) AppleWebKit/537.36 (KHTML, like Gecko) Chrome/72.0.3626.25 Safari/537.36", "Accept-Charset": "ISO-8859-1,utf-8;q=0.7,*;q=0.7", "Accept": "text/html,application/xhtml+xml,application/xml;q=0.9,*/*;q=0.8", "Accept-Encoding": "gzip, deflate", "Accept-Language": "en-us,en;q=0.5"}}, {"format_id": "278", "url": "https://r4---sn-5njj-u2xe.googlevideo.com/videoplayback?expire=1611764217&ei=mT0RYMC4N4qUgAOuz4bQBQ&ip=140.109.135.76&id=o-ADBpodkaPZWxCIVXdd5HaGjizM6_HGYSD5huOQQVZVg0&itag=278&aitags=133%2C134%2C135%2C136%2C137%2C160%2C242%2C243%2C244%2C247%2C248%2C278&source=youtube&requiressl=yes&mh=7U&mm=31%2C29&mn=sn-5njj-u2xe%2Csn-un57sn7s&ms=au%2Crdu&mv=m&mvi=4&pl=16&gcr=tw&initcwndbps=681250&vprv=1&mime=video%2Fwebm&ns=aGiDrYPR39j64z2agYTYJn0F&gir=yes&clen=529579&dur=210.120&lmt=1611349523806155&mt=1611742127&fvip=4&keepalive=yes&c=WEB&txp=8311222&n=ey8TahZrAje3Tq9NXSiM&sparams=expire%2Cei%2Cip%2Cid%2Caitags%2Csource%2Crequiressl%2Cgcr%2Cvprv%2Cmime%2Cns%2Cgir%2Cclen%2Cdur%2Clmt&lsparams=mh%2Cmm%2Cmn%2Cms%2Cmv%2Cmvi%2Cpl%2Cinitcwndbps&lsig=AG3C_xAwRQIgMFebERRtai9i3ywp7S0-JPaHzbHvK0J5iAUOI86XLOoCIQCZev0D7vQUrqnHSo4ib7XlytAaT7iNoLMGEAjG16_UFA%3D%3D&sig=AOq0QJ8wRgIhAJ6EEWOlCNMHnPMrOEzbcBnDQiT76uiHaUDG4AUijdrUAiEA4CWS0OTVGG2R70gzG2qXp5s9vEAtnXZxLMhaAGV2UAY=&ratebypass=yes", "player_url": "/s/player/c6df6ed7/player_ias.vflset/en_US/base.js", "ext": "webm", "height": 144, "format_note": "144p", "container": "webm", "vcodec": "vp9", "asr": null, "filesize": 529579, "fps": 25, "tbr": 21.501, "width": 144, "acodec": "none", "downloader_options": {"http_chunk_size": 10485760}, "format": "278 - 144x144 (144p)", "protocol": "https", "http_headers": {"User-Agent": "Mozilla/5.0 (Windows NT 10.0; Win64; x64) AppleWebKit/537.36 (KHTML, like Gecko) Chrome/72.0.3626.25 Safari/537.36", "Accept-Charset": "ISO-8859-1,utf-8;q=0.7,*;q=0.7", "Accept": "text/html,application/xhtml+xml,application/xml;q=0.9,*/*;q=0.8", "Accept-Encoding": "gzip, deflate", "Accept-Language": "en-us,en;q=0.5"}}, {"format_id": "134", "url": "https://r4---sn-5njj-u2xe.googlevideo.com/videoplayback?expire=1611764217&ei=mT0RYMC4N4qUgAOuz4bQBQ&ip=140.109.135.76&id=o-ADBpodkaPZWxCIVXdd5HaGjizM6_HGYSD5huOQQVZVg0&itag=134&aitags=133%2C134%2C135%2C136%2C137%2C160%2C242%2C243%2C244%2C247%2C248%2C278&source=youtube&requiressl=yes&mh=7U&mm=31%2C29&mn=sn-5njj-u2xe%2Csn-un57sn7s&ms=au%2Crdu&mv=m&mvi=4&pl=16&gcr=tw&initcwndbps=681250&vprv=1&mime=video%2Fmp4&ns=aGiDrYPR39j64z2agYTYJn0F&gir=yes&clen=644433&dur=210.120&lmt=1569424490714151&mt=1611742127&fvip=4&keepalive=yes&c=WEB&txp=8311222&n=ey8TahZrAje3Tq9NXSiM&sparams=expire%2Cei%2Cip%2Cid%2Caitags%2Csource%2Crequiressl%2Cgcr%2Cvprv%2Cmime%2Cns%2Cgir%2Cclen%2Cdur%2Clmt&lsparams=mh%2Cmm%2Cmn%2Cms%2Cmv%2Cmvi%2Cpl%2Cinitcwndbps&lsig=AG3C_xAwRQIhAJMajeadcTEQs7LCtoB3nzT9QNT9tSDjMjzM1RfceooZAiAkZojYmR-JQTPMAj-IUVo0a7Dh6nmmsRMxU87dYrFgDQ%3D%3D&sig=AOq0QJ8wRAIgUNa2aEhw90r5dtyj4AghzFhc-Lcn4uKHwiKh3IT-tRICIDUDSHGhs1mzJtk8894CXOzNFyZad1atpdw9grvb8PqE&ratebypass=yes", "player_url": "/s/player/c6df6ed7/player_ias.vflset/en_US/base.js", "ext": "mp4", "height": 360, "format_note": "360p", "vcodec": "avc1.4d4015", "asr": null, "filesize": 644433, "fps": 25, "tbr": 26.39, "width": 360, "acodec": "none", "downloader_options": {"http_chunk_size": 10485760}, "format": "134 - 360x360 (360p)", "protocol": "https", "http_headers": {"User-Agent": "Mozilla/5.0 (Windows NT 10.0; Win64; x64) AppleWebKit/537.36 (KHTML, like Gecko) Chrome/72.0.3626.25 Safari/537.36", "Accept-Charset": "ISO-8859-1,utf-8;q=0.7,*;q=0.7", "Accept": "text/html,application/xhtml+xml,application/xml;q=0.9,*/*;q=0.8", "Accept-Encoding": "gzip, deflate", "Accept-Language": "en-us,en;q=0.5"}}, {"format_id": "160", "url": "https://r4---sn-5njj-u2xe.googlevideo.com/videoplayback?expire=1611764217&ei=mT0RYMC4N4qUgAOuz4bQBQ&ip=140.109.135.76&id=o-ADBpodkaPZWxCIVXdd5HaGjizM6_HGYSD5huOQQVZVg0&itag=160&aitags=133%2C134%2C135%2C136%2C137%2C160%2C242%2C243%2C244%2C247%2C248%2C278&source=youtube&requiressl=yes&mh=7U&mm=31%2C29&mn=sn-5njj-u2xe%2Csn-un57sn7s&ms=au%2Crdu&mv=m&mvi=4&pl=16&gcr=tw&initcwndbps=681250&vprv=1&mime=video%2Fmp4&ns=aGiDrYPR39j64z2agYTYJn0F&gir=yes&clen=738805&dur=210.120&lmt=1569424493418520&mt=1611742127&fvip=4&keepalive=yes&c=WEB&txp=8311222&n=ey8TahZrAje3Tq9NXSiM&sparams=expire%2Cei%2Cip%2Cid%2Caitags%2Csource%2Crequiressl%2Cgcr%2Cvprv%2Cmime%2Cns%2Cgir%2Cclen%2Cdur%2Clmt&lsparams=mh%2Cmm%2Cmn%2Cms%2Cmv%2Cmvi%2Cpl%2Cinitcwndbps&lsig=AG3C_xAwRAIgc5uzmppuotL4ComWMaAXI8WB3xHi90aaxk3ALffgcCICIFf5vqJxoUeU_sUUdbq7keAKyrdcL6A-W8B-gK4VgtlF&sig=AOq0QJ8wRgIhAKOzYqWyRAUkq8areo4gyTUhkUde3qupcloOtCAXFxEtAiEAqOPl0ZkU-4b3kGx3zZ4ywG5BijsEG570UHcAHcA15RU=&ratebypass=yes", "player_url": "/s/player/c6df6ed7/player_ias.vflset/en_US/base.js", "ext": "mp4", "height": 144, "format_note": "144p", "vcodec": "avc1.4d400b", "asr": null, "filesize": 738805, "fps": 25, "tbr": 35.9, "width": 144, "acodec": "none", "downloader_options": {"http_chunk_size": 10485760}, "format": "160 - 144x144 (144p)", "protocol": "https", "http_headers": {"User-Agent": "Mozilla/5.0 (Windows NT 10.0; Win64; x64) AppleWebKit/537.36 (KHTML, like Gecko) Chrome/72.0.3626.25 Safari/537.36", "Accept-Charset": "ISO-8859-1,utf-8;q=0.7,*;q=0.7", "Accept": "text/html,application/xhtml+xml,application/xml;q=0.9,*/*;q=0.8", "Accept-Encoding": "gzip, deflate", "Accept-Language": "en-us,en;q=0.5"}}, {"format_id": "242", "url": "https://r4---sn-5njj-u2xe.googlevideo.com/videoplayback?expire=1611764217&ei=mT0RYMC4N4qUgAOuz4bQBQ&ip=140.109.135.76&id=o-ADBpodkaPZWxCIVXdd5HaGjizM6_HGYSD5huOQQVZVg0&itag=242&aitags=133%2C134%2C135%2C136%2C137%2C160%2C242%2C243%2C244%2C247%2C248%2C278&source=youtube&requiressl=yes&mh=7U&mm=31%2C29&mn=sn-5njj-u2xe%2Csn-un57sn7s&ms=au%2Crdu&mv=m&mvi=4&pl=16&gcr=tw&initcwndbps=681250&vprv=1&mime=video%2Fwebm&ns=aGiDrYPR39j64z2agYTYJn0F&gir=yes&clen=1037892&dur=210.120&lmt=1611349523805898&mt=1611742127&fvip=4&keepalive=yes&c=WEB&txp=8311222&n=ey8TahZrAje3Tq9NXSiM&sparams=expire%2Cei%2Cip%2Cid%2Caitags%2Csource%2Crequiressl%2Cgcr%2Cvprv%2Cmime%2Cns%2Cgir%2Cclen%2Cdur%2Clmt&lsparams=mh%2Cmm%2Cmn%2Cms%2Cmv%2Cmvi%2Cpl%2Cinitcwndbps&lsig=AG3C_xAwRQIgB9SKbaqc2c6YIAays3t3jb3uXfFYEj72xIyZdnjiCuwCIQCg2HrIAj0CuXiYJZ513PYdeFprb_V5fUwbq4cQ6LXpqQ%3D%3D&sig=AOq0QJ8wRAIgVA-28UagC7YUSxA0v6ySDYy2xVumV7dPdxpKhAYTTP4CIC0DD0izFR6JWRxsBsjoYdZtq4Pv5gP1LZrut8vUhlQ3&ratebypass=yes", "player_url": "/s/player/c6df6ed7/player_ias.vflset/en_US/base.js", "ext": "webm", "height": 240, "format_note": "240p", "vcodec": "vp9", "asr": null, "filesize": 1037892, "fps": 25, "tbr": 40.623, "width": 240, "acodec": "none", "downloader_options": {"http_chunk_size": 10485760}, "format": "242 - 240x240 (240p)", "protocol": "https", "http_headers": {"User-Agent": "Mozilla/5.0 (Windows NT 10.0; Win64; x64) AppleWebKit/537.36 (KHTML, like Gecko) Chrome/72.0.3626.25 Safari/537.36", "Accept-Charset": "ISO-8859-1,utf-8;q=0.7,*;q=0.7", "Accept": "text/html,application/xhtml+xml,application/xml;q=0.9,*/*;q=0.8", "Accept-Encoding": "gzip, deflate", "Accept-Language": "en-us,en;q=0.5"}}, {"format_id": "135", "url": "https://r4---sn-5njj-u2xe.googlevideo.com/videoplayback?expire=1611764217&ei=mT0RYMC4N4qUgAOuz4bQBQ&ip=140.109.135.76&id=o-ADBpodkaPZWxCIVXdd5HaGjizM6_HGYSD5huOQQVZVg0&itag=135&aitags=133%2C134%2C135%2C136%2C137%2C160%2C242%2C243%2C244%2C247%2C248%2C278&source=youtube&requiressl=yes&mh=7U&mm=31%2C29&mn=sn-5njj-u2xe%2Csn-un57sn7s&ms=au%2Crdu&mv=m&mvi=4&pl=16&gcr=tw&initcwndbps=681250&vprv=1&mime=video%2Fmp4&ns=aGiDrYPR39j64z2agYTYJn0F&gir=yes&clen=1293484&dur=210.120&lmt=1569424493920207&mt=1611742127&fvip=4&keepalive=yes&c=WEB&txp=8311222&n=ey8TahZrAje3Tq9NXSiM&sparams=expire%2Cei%2Cip%2Cid%2Caitags%2Csource%2Crequiressl%2Cgcr%2Cvprv%2Cmime%2Cns%2Cgir%2Cclen%2Cdur%2Clmt&lsparams=mh%2Cmm%2Cmn%2Cms%2Cmv%2Cmvi%2Cpl%2Cinitcwndbps&lsig=AG3C_xAwRQIgIN9BRyCcbEPZSl1qGt5-2RHJaaKoAgGSwE3z_9A2gK0CIQChxz9dEAKA1LaXmuvEq9cWV4XcwTuet18_z6w_aD413A%3D%3D&sig=AOq0QJ8wRQIhAOcFGwWASRgPPxSyy7vOr-Z9nejjupppJKolKVMgU-ISAiAc2YFoKMcNvGDy9lKXSoLlOIWhrNirBBKsX9h57inlkw==&ratebypass=yes", "player_url": "/s/player/c6df6ed7/player_ias.vflset/en_US/base.js", "ext": "mp4", "height": 480, "format_note": "480p", "vcodec": "avc1.4d401e", "asr": null, "filesize": 1293484, "fps": 25, "tbr": 51.345, "width": 480, "acodec": "none", "downloader_options": {"http_chunk_size": 10485760}, "format": "135 - 480x480 (480p)", "protocol": "https", "http_headers": {"User-Agent": "Mozilla/5.0 (Windows NT 10.0; Win64; x64) AppleWebKit/537.36 (KHTML, like Gecko) Chrome/72.0.3626.25 Safari/537.36", "Accept-Charset": "ISO-8859-1,utf-8;q=0.7,*;q=0.7", "Accept": "text/html,application/xhtml+xml,application/xml;q=0.9,*/*;q=0.8", "Accept-Encoding": "gzip, deflate", "Accept-Language": "en-us,en;q=0.5"}}, {"format_id": "243", "url": "https://r4---sn-5njj-u2xe.googlevideo.com/videoplayback?expire=1611764217&ei=mT0RYMC4N4qUgAOuz4bQBQ&ip=140.109.135.76&id=o-ADBpodkaPZWxCIVXdd5HaGjizM6_HGYSD5huOQQVZVg0&itag=243&aitags=133%2C134%2C135%2C136%2C137%2C160%2C242%2C243%2C244%2C247%2C248%2C278&source=youtube&requiressl=yes&mh=7U&mm=31%2C29&mn=sn-5njj-u2xe%2Csn-un57sn7s&ms=au%2Crdu&mv=m&mvi=4&pl=16&gcr=tw&initcwndbps=681250&vprv=1&mime=video%2Fwebm&ns=aGiDrYPR39j64z2agYTYJn0F&gir=yes&clen=1751445&dur=210.120&lmt=1611349523806998&mt=1611742127&fvip=4&keepalive=yes&c=WEB&txp=8311222&n=ey8TahZrAje3Tq9NXSiM&sparams=expire%2Cei%2Cip%2Cid%2Caitags%2Csource%2Crequiressl%2Cgcr%2Cvprv%2Cmime%2Cns%2Cgir%2Cclen%2Cdur%2Clmt&lsparams=mh%2Cmm%2Cmn%2Cms%2Cmv%2Cmvi%2Cpl%2Cinitcwndbps&lsig=AG3C_xAwRQIhAPA265ofPYV-E5LGGFF5M6bo5SU_v_3y4iV8812LE8A_AiAJjXd0Rr4sq3irJEKO2snuCbiDx_BX6_Rs2zMEwNbRIg%3D%3D&sig=AOq0QJ8wRgIhAPrgqmWtWd_j_Kpvf8AeCkJWObsaK4PBZMySCse3OvS0AiEAwojWdVV1sezxXlBQjOMh9LBbV89o_nEH-JRvtoeZMc0=&ratebypass=yes", "player_url": "/s/player/c6df6ed7/player_ias.vflset/en_US/base.js", "ext": "webm", "height": 360, "format_note": "360p", "vcodec": "vp9", "asr": null, "filesize": 1751445, "fps": 25, "tbr": 67.354, "width": 360, "acodec": "none", "downloader_options": {"http_chunk_size": 10485760}, "format": "243 - 360x360 (360p)", "protocol": "https", "http_headers": {"User-Agent": "Mozilla/5.0 (Windows NT 10.0; Win64; x64) AppleWebKit/537.36 (KHTML, like Gecko) Chrome/72.0.3626.25 Safari/537.36", "Accept-Charset": "ISO-8859-1,utf-8;q=0.7,*;q=0.7", "Accept": "text/html,application/xhtml+xml,application/xml;q=0.9,*/*;q=0.8", "Accept-Encoding": "gzip, deflate", "Accept-Language": "en-us,en;q=0.5"}}, {"format_id": "133", "url": "https://r4---sn-5njj-u2xe.googlevideo.com/videoplayback?expire=1611764217&ei=mT0RYMC4N4qUgAOuz4bQBQ&ip=140.109.135.76&id=o-ADBpodkaPZWxCIVXdd5HaGjizM6_HGYSD5huOQQVZVg0&itag=133&aitags=133%2C134%2C135%2C136%2C137%2C160%2C242%2C243%2C244%2C247%2C248%2C278&source=youtube&requiressl=yes&mh=7U&mm=31%2C29&mn=sn-5njj-u2xe%2Csn-un57sn7s&ms=au%2Crdu&mv=m&mvi=4&pl=16&gcr=tw&initcwndbps=681250&vprv=1&mime=video%2Fmp4&ns=aGiDrYPR39j64z2agYTYJn0F&gir=yes&clen=1657226&dur=210.120&lmt=1569424491616053&mt=1611742127&fvip=4&keepalive=yes&c=WEB&txp=8311222&n=ey8TahZrAje3Tq9NXSiM&sparams=expire%2Cei%2Cip%2Cid%2Caitags%2Csource%2Crequiressl%2Cgcr%2Cvprv%2Cmime%2Cns%2Cgir%2Cclen%2Cdur%2Clmt&lsparams=mh%2Cmm%2Cmn%2Cms%2Cmv%2Cmvi%2Cpl%2Cinitcwndbps&lsig=AG3C_xAwRQIgYoizbzZndB0o75kyJikZMay9NC_AoHM8Tt1wqWlRglACIQD2QNROQdZ6glzw6Tw7apXWEyzPTBbLkPNUz1lELqCJWw%3D%3D&sig=AOq0QJ8wRAIgAkyR8v8hQSTZSJG_L2AdLjadUkgWB82e28gB9drX53MCIFDQg1QAbujhzYDS7--bFXB4nHnVmfQNeoeoJGQlDa8j&ratebypass=yes", "player_url": "/s/player/c6df6ed7/player_ias.vflset/en_US/base.js", "ext": "mp4", "height": 240, "format_note": "240p", "vcodec": "avc1.4d400c", "asr": null, "filesize": 1657226, "fps": 25, "tbr": 82.184, "width": 240, "acodec": "none", "downloader_options": {"http_chunk_size": 10485760}, "format": "133 - 240x240 (240p)", "protocol": "https", "http_headers": {"User-Agent": "Mozilla/5.0 (Windows NT 10.0; Win64; x64) AppleWebKit/537.36 (KHTML, like Gecko) Chrome/72.0.3626.25 Safari/537.36", "Accept-Charset": "ISO-8859-1,utf-8;q=0.7,*;q=0.7", "Accept": "text/html,application/xhtml+xml,application/xml;q=0.9,*/*;q=0.8", "Accept-Encoding": "gzip, deflate", "Accept-Language": "en-us,en;q=0.5"}}, {"format_id": "136", "url": "https://r4---sn-5njj-u2xe.googlevideo.com/videoplayback?expire=1611764217&ei=mT0RYMC4N4qUgAOuz4bQBQ&ip=140.109.135.76&id=o-ADBpodkaPZWxCIVXdd5HaGjizM6_HGYSD5huOQQVZVg0&itag=136&aitags=133%2C134%2C135%2C136%2C137%2C160%2C242%2C243%2C244%2C247%2C248%2C278&source=youtube&requiressl=yes&mh=7U&mm=31%2C29&mn=sn-5njj-u2xe%2Csn-un57sn7s&ms=au%2Crdu&mv=m&mvi=4&pl=16&gcr=tw&initcwndbps=681250&vprv=1&mime=video%2Fmp4&ns=aGiDrYPR39j64z2agYTYJn0F&gir=yes&clen=2893731&dur=210.120&lmt=1569424495018538&mt=1611742127&fvip=4&keepalive=yes&c=WEB&txp=8311222&n=ey8TahZrAje3Tq9NXSiM&sparams=expire%2Cei%2Cip%2Cid%2Caitags%2Csource%2Crequiressl%2Cgcr%2Cvprv%2Cmime%2Cns%2Cgir%2Cclen%2Cdur%2Clmt&lsparams=mh%2Cmm%2Cmn%2Cms%2Cmv%2Cmvi%2Cpl%2Cinitcwndbps&lsig=AG3C_xAwRQIgQSIzCQUcYk0PnK3KM2ahpANC7p_S5PTUQe-xTzxj2HUCIQCQ3uIgLaYz_kT5usIutIYhJgTwqaARASFgyhEeMwF5AA%3D%3D&sig=AOq0QJ8wRgIhAJNw7_DVALS8Ori1C9A7NZoHTwQXX97IhFLe-Y4EpDj6AiEAiQEU56BRtU4nkyoAdSgK759hWx1OkEgXJ0muUdr4HSo=&ratebypass=yes", "player_url": "/s/player/c6df6ed7/player_ias.vflset/en_US/base.js", "ext": "mp4", "height": 720, "format_note": "720p", "vcodec": "avc1.4d401f", "asr": null, "filesize": 2893731, "fps": 25, "tbr": 110.279, "width": 720, "acodec": "none", "downloader_options": {"http_chunk_size": 10485760}, "format": "136 - 720x720 (720p)", "protocol": "https", "http_headers": {"User-Agent": "Mozilla/5.0 (Windows NT 10.0; Win64; x64) AppleWebKit/537.36 (KHTML, like Gecko) Chrome/72.0.3626.25 Safari/537.36", "Accept-Charset": "ISO-8859-1,utf-8;q=0.7,*;q=0.7", "Accept": "text/html,application/xhtml+xml,application/xml;q=0.9,*/*;q=0.8", "Accept-Encoding": "gzip, deflate", "Accept-Language": "en-us,en;q=0.5"}}, {"format_id": "244", "url": "https://r4---sn-5njj-u2xe.googlevideo.com/videoplayback?expire=1611764217&ei=mT0RYMC4N4qUgAOuz4bQBQ&ip=140.109.135.76&id=o-ADBpodkaPZWxCIVXdd5HaGjizM6_HGYSD5huOQQVZVg0&itag=244&aitags=133%2C134%2C135%2C136%2C137%2C160%2C242%2C243%2C244%2C247%2C248%2C278&source=youtube&requiressl=yes&mh=7U&mm=31%2C29&mn=sn-5njj-u2xe%2Csn-un57sn7s&ms=au%2Crdu&mv=m&mvi=4&pl=16&gcr=tw&initcwndbps=681250&vprv=1&mime=video%2Fwebm&ns=aGiDrYPR39j64z2agYTYJn0F&gir=yes&clen=3304916&dur=210.120&lmt=1611349523807682&mt=1611742127&fvip=4&keepalive=yes&c=WEB&txp=8311222&n=ey8TahZrAje3Tq9NXSiM&sparams=expire%2Cei%2Cip%2Cid%2Caitags%2Csource%2Crequiressl%2Cgcr%2Cvprv%2Cmime%2Cns%2Cgir%2Cclen%2Cdur%2Clmt&lsparams=mh%2Cmm%2Cmn%2Cms%2Cmv%2Cmvi%2Cpl%2Cinitcwndbps&lsig=AG3C_xAwRQIhAOq0CxjRfSvwN_oiqvowdGlGNqbgxodLzwyD5mvM6hMjAiA-_RmWfJsj7FuNg_yBBhhM8hBX2wq3On_BD3bzH-YenQ%3D%3D&sig=AOq0QJ8wRQIhAOTo-mWcDbbessKZc9Cn8y1qnpiK0vLngsQLw5n6UJvcAiAOu7auD4SfpOw3AJOuRF0sfzksLBIYZxaB7Hc1C4VVBA==&ratebypass=yes", "player_url": "/s/player/c6df6ed7/player_ias.vflset/en_US/base.js", "ext": "webm", "height": 480, "format_note": "480p", "vcodec": "vp9", "asr": null, "filesize": 3304916, "fps": 25, "tbr": 125.948, "width": 480, "acodec": "none", "downloader_options": {"http_chunk_size": 10485760}, "format": "244 - 480x480 (480p)", "protocol": "https", "http_headers": {"User-Agent": "Mozilla/5.0 (Windows NT 10.0; Win64; x64) AppleWebKit/537.36 (KHTML, like Gecko) Chrome/72.0.3626.25 Safari/537.36", "Accept-Charset": "ISO-8859-1,utf-8;q=0.7,*;q=0.7", "Accept": "text/html,application/xhtml+xml,application/xml;q=0.9,*/*;q=0.8", "Accept-Encoding": "gzip, deflate", "Accept-Language": "en-us,en;q=0.5"}}, {"format_id": "137", "url": "https://r4---sn-5njj-u2xe.googlevideo.com/videoplayback?expire=1611764217&ei=mT0RYMC4N4qUgAOuz4bQBQ&ip=140.109.135.76&id=o-ADBpodkaPZWxCIVXdd5HaGjizM6_HGYSD5huOQQVZVg0&itag=137&aitags=133%2C134%2C135%2C136%2C137%2C160%2C242%2C243%2C244%2C247%2C248%2C278&source=youtube&requiressl=yes&mh=7U&mm=31%2C29&mn=sn-5njj-u2xe%2Csn-un57sn7s&ms=au%2Crdu&mv=m&mvi=4&pl=16&gcr=tw&initcwndbps=681250&vprv=1&mime=video%2Fmp4&ns=aGiDrYPR39j64z2agYTYJn0F&gir=yes&clen=5378971&dur=210.120&lmt=1569424497625160&mt=1611742127&fvip=4&keepalive=yes&c=WEB&txp=8311222&n=ey8TahZrAje3Tq9NXSiM&sparams=expire%2Cei%2Cip%2Cid%2Caitags%2Csource%2Crequiressl%2Cgcr%2Cvprv%2Cmime%2Cns%2Cgir%2Cclen%2Cdur%2Clmt&lsparams=mh%2Cmm%2Cmn%2Cms%2Cmv%2Cmvi%2Cpl%2Cinitcwndbps&lsig=AG3C_xAwRAIgYk3lowES4MqpduyrpxSYqKIU9DZPTEqrKuQ1el4PWKECIBD1Q_bJLFa4vzYdLiq4DzxN4Akj-8fnsjRE-AmzM91i&sig=AOq0QJ8wRQIgHdlnioYS_oVT8RgHO56ngdS_C4pn8kY2EMOs67Xbh30CIQD4W-_1Sy-cSpthoVVQYsVDxyrJzGmxJm4MrmhpKz1-uQ==&ratebypass=yes", "player_url": "/s/player/c6df6ed7/player_ias.vflset/en_US/base.js", "ext": "mp4", "height": 1080, "format_note": "1080p", "vcodec": "avc1.640020", "asr": null, "filesize": 5378971, "fps": 25, "tbr": 204.995, "width": 1080, "acodec": "none", "downloader_options": {"http_chunk_size": 10485760}, "format": "137 - 1080x1080 (1080p)", "protocol": "https", "http_headers": {"User-Agent": "Mozilla/5.0 (Windows NT 10.0; Win64; x64) AppleWebKit/537.36 (KHTML, like Gecko) Chrome/72.0.3626.25 Safari/537.36", "Accept-Charset": "ISO-8859-1,utf-8;q=0.7,*;q=0.7", "Accept": "text/html,application/xhtml+xml,application/xml;q=0.9,*/*;q=0.8", "Accept-Encoding": "gzip, deflate", "Accept-Language": "en-us,en;q=0.5"}}, {"format_id": "247", "url": "https://r4---sn-5njj-u2xe.googlevideo.com/videoplayback?expire=1611764217&ei=mT0RYMC4N4qUgAOuz4bQBQ&ip=140.109.135.76&id=o-ADBpodkaPZWxCIVXdd5HaGjizM6_HGYSD5huOQQVZVg0&itag=247&aitags=133%2C134%2C135%2C136%2C137%2C160%2C242%2C243%2C244%2C247%2C248%2C278&source=youtube&requiressl=yes&mh=7U&mm=31%2C29&mn=sn-5njj-u2xe%2Csn-un57sn7s&ms=au%2Crdu&mv=m&mvi=4&pl=16&gcr=tw&initcwndbps=681250&vprv=1&mime=video%2Fwebm&ns=aGiDrYPR39j64z2agYTYJn0F&gir=yes&clen=7350260&dur=210.120&lmt=1611349523805843&mt=1611742127&fvip=4&keepalive=yes&c=WEB&txp=8311222&n=ey8TahZrAje3Tq9NXSiM&sparams=expire%2Cei%2Cip%2Cid%2Caitags%2Csource%2Crequiressl%2Cgcr%2Cvprv%2Cmime%2Cns%2Cgir%2Cclen%2Cdur%2Clmt&lsparams=mh%2Cmm%2Cmn%2Cms%2Cmv%2Cmvi%2Cpl%2Cinitcwndbps&lsig=AG3C_xAwRQIgLwO_TdCfcWibyf4vPQNpfpMtYDW5DOvDXMPw2UHcwrYCIQDzcBaDrI65-rXpYIoTAtPZw-EImZlJyqjpGsWUyYVGVw%3D%3D&sig=AOq0QJ8wRQIhAIFSWwvROffe8AqQebdzq4dNLklP-IIuW_mC5zGJeddLAiAB0KZs6WBeW1RyZsNyGVLg9vOCCRaCoBARpEXncPGiTA==&ratebypass=yes", "player_url": "/s/player/c6df6ed7/player_ias.vflset/en_US/base.js", "ext": "webm", "height": 720, "format_note": "720p", "vcodec": "vp9", "asr": null, "filesize": 7350260, "fps": 25, "tbr": 280.187, "width": 720, "acodec": "none", "downloader_options": {"http_chunk_size": 10485760}, "format": "247 - 720x720 (720p)", "protocol": "https", "http_headers": {"User-Agent": "Mozilla/5.0 (Windows NT 10.0; Win64; x64) AppleWebKit/537.36 (KHTML, like Gecko) Chrome/72.0.3626.25 Safari/537.36", "Accept-Charset": "ISO-8859-1,utf-8;q=0.7,*;q=0.7", "Accept": "text/html,application/xhtml+xml,application/xml;q=0.9,*/*;q=0.8", "Accept-Encoding": "gzip, deflate", "Accept-Language": "en-us,en;q=0.5"}}, {"format_id": "248", "url": "https://r4---sn-5njj-u2xe.googlevideo.com/videoplayback?expire=1611764217&ei=mT0RYMC4N4qUgAOuz4bQBQ&ip=140.109.135.76&id=o-ADBpodkaPZWxCIVXdd5HaGjizM6_HGYSD5huOQQVZVg0&itag=248&aitags=133%2C134%2C135%2C136%2C137%2C160%2C242%2C243%2C244%2C247%2C248%2C278&source=youtube&requiressl=yes&mh=7U&mm=31%2C29&mn=sn-5njj-u2xe%2Csn-un57sn7s&ms=au%2Crdu&mv=m&mvi=4&pl=16&gcr=tw&initcwndbps=681250&vprv=1&mime=video%2Fwebm&ns=aGiDrYPR39j64z2agYTYJn0F&gir=yes&clen=13495643&dur=210.120&lmt=1611349400293684&mt=1611742127&fvip=4&keepalive=yes&c=WEB&txp=8311222&n=ey8TahZrAje3Tq9NXSiM&sparams=expire%2Cei%2Cip%2Cid%2Caitags%2Csource%2Crequiressl%2Cgcr%2Cvprv%2Cmime%2Cns%2Cgir%2Cclen%2Cdur%2Clmt&lsparams=mh%2Cmm%2Cmn%2Cms%2Cmv%2Cmvi%2Cpl%2Cinitcwndbps&lsig=AG3C_xAwRAIgTLq9AZIo2qmhwVC6FmO2Ig5-J-oguWRRdcvPxKaUvRYCIA6LDqxRT6aKQhIkTuf9TNWH_ZYAeF9Pq63CH9IVlrIC&sig=AOq0QJ8wRQIgNu4J3oHq5is0MI1xmEpBeJMz3iDdeOSH2gnZhrTYPC0CIQCtivfhwbSEgL_LzRszF4WD1ZWBz8Dv0fizKE8uoR6xSg==&ratebypass=yes", "player_url": "/s/player/c6df6ed7/player_ias.vflset/en_US/base.js", "ext": "webm", "height": 1080, "format_note": "1080p", "vcodec": "vp9", "asr": null, "filesize": 13495643, "fps": 25, "tbr": 514.439, "width": 1080, "acodec": "none", "downloader_options": {"http_chunk_size": 10485760}, "format": "248 - 1080x1080 (1080p)", "protocol": "https", "http_headers": {"User-Agent": "Mozilla/5.0 (Windows NT 10.0; Win64; x64) AppleWebKit/537.36 (KHTML, like Gecko) Chrome/72.0.3626.25 Safari/537.36", "Accept-Charset": "ISO-8859-1,utf-8;q=0.7,*;q=0.7", "Accept": "text/html,application/xhtml+xml,application/xml;q=0.9,*/*;q=0.8", "Accept-Encoding": "gzip, deflate", "Accept-Language": "en-us,en;q=0.5"}}, {"format_id": "18", "url": "https://r4---sn-5njj-u2xe.googlevideo.com/videoplayback?expire=1611764217&ei=mT0RYMC4N4qUgAOuz4bQBQ&ip=140.109.135.76&id=o-ADBpodkaPZWxCIVXdd5HaGjizM6_HGYSD5huOQQVZVg0&itag=18&source=youtube&requiressl=yes&mh=7U&mm=31%2C29&mn=sn-5njj-u2xe%2Csn-un57sn7s&ms=au%2Crdu&mv=m&mvi=4&pl=16&gcr=tw&initcwndbps=681250&vprv=1&mime=video%2Fmp4&ns=tR843Yp9rLRtM-NGhVrEsAgF&gir=yes&clen=4590162&ratebypass=yes&dur=210.163&lmt=1569424550190046&mt=1611742127&fvip=4&c=WEB&txp=8311222&n=T1zMTK9dT3AJYjI-Etya&sparams=expire%2Cei%2Cip%2Cid%2Citag%2Csource%2Crequiressl%2Cgcr%2Cvprv%2Cmime%2Cns%2Cgir%2Cclen%2Cratebypass%2Cdur%2Clmt&lsparams=mh%2Cmm%2Cmn%2Cms%2Cmv%2Cmvi%2Cpl%2Cinitcwndbps&lsig=AG3C_xAwRAIgOTOxkJgNW3lOMhfUNum4xT7wtOtcu5C29Aj-ElE33zMCIBMdRyeHHGHMSl3Rm5zyGuyCiSS3lfbQMsuezGHqlZKD&sig=AOq0QJ8wRQIhAP2Btl8ZsIXPSC8XD5RWr1y94ya_hA5jK5QgxxOO3PgBAiAnAh-3Zdp53V4ROvk7aGJULwan9WaXJo8GcM7RM1vyQA==", "player_url": "/s/player/c6df6ed7/player_ias.vflset/en_US/base.js", "ext": "mp4", "width": 360, "height": 360, "acodec": "mp4a.40.2", "abr": 96, "vcodec": "avc1.42001E", "asr": 44100, "filesize": 4590162, "format_note": "360p", "fps": 25, "tbr": 174.763, "format": "18 - 360x360 (360p)", "protocol": "https", "http_headers": {"User-Agent": "Mozilla/5.0 (Windows NT 10.0; Win64; x64) AppleWebKit/537.36 (KHTML, like Gecko) Chrome/72.0.3626.25 Safari/537.36", "Accept-Charset": "ISO-8859-1,utf-8;q=0.7,*;q=0.7", "Accept": "text/html,application/xhtml+xml,application/xml;q=0.9,*/*;q=0.8", "Accept-Encoding": "gzip, deflate", "Accept-Language": "en-us,en;q=0.5"}}], "is_live": null, "start_time": null, "end_time": null, "series": null, "season_number": null, "episode_number": null, "track": "Vita nuova", "artist": "Roberto Cacciapaglia", "album": "Incontri con l'anima", "release_date": "20051024", "release_year": 2005, "extractor": "youtube", "webpage_url_basename": "watch", "extractor_key": "Youtube", "playlist": null, "playlist_index": null, "thumbnail": "https://i.ytimg.com/vi/z_s4bWqhifU/maxresdefault.jpg", "display_id": "z_s4bWqhifU", "requested_subtitles": null, "format_id": "251", "url": "https://r4---sn-5njj-u2xe.googlevideo.com/videoplayback?expire=1611764217&ei=mT0RYMC4N4qUgAOuz4bQBQ&ip=140.109.135.76&id=o-ADBpodkaPZWxCIVXdd5HaGjizM6_HGYSD5huOQQVZVg0&itag=251&source=youtube&requiressl=yes&mh=7U&mm=31%2C29&mn=sn-5njj-u2xe%2Csn-un57sn7s&ms=au%2Crdu&mv=m&mvi=4&pl=16&gcr=tw&initcwndbps=681250&vprv=1&mime=audio%2Fwebm&ns=aGiDrYPR39j64z2agYTYJn0F&gir=yes&clen=4031221&dur=210.141&lmt=1569428413693711&mt=1611742127&fvip=4&keepalive=yes&c=WEB&txp=8301222&n=ey8TahZrAje3Tq9NXSiM&sparams=expire%2Cei%2Cip%2Cid%2Citag%2Csource%2Crequiressl%2Cgcr%2Cvprv%2Cmime%2Cns%2Cgir%2Cclen%2Cdur%2Clmt&lsparams=mh%2Cmm%2Cmn%2Cms%2Cmv%2Cmvi%2Cpl%2Cinitcwndbps&lsig=AG3C_xAwRQIgExjedOLnb9r_Uw6Ht9b0gfrGmiMLkHVNPAo2WXvBFRUCIQD8rO63FgyCBDfuKRGwGrnBAy6pT47VISj43PQ9T2vKjQ%3D%3D&sig=AOq0QJ8wRAIgWYPu83cVw7lbX9mYIBkbxhFKf9ELaxXnOYGfRujrkDwCIDsB-9Z9JEwbPExJdvzgpN2DAv0u0gLugef3SDFqzyX5&ratebypass=yes", "player_url": "/s/player/c6df6ed7/player_ias.vflset/en_US/base.js", "ext": "webm", "format_note": "tiny", "acodec": "opus", "abr": 160, "asr": 48000, "filesize": 4031221, "fps": null, "height": null, "tbr": 161.202, "width": null, "vcodec": "none", "downloader_options": {"http_chunk_size": 10485760}, "format": "251 - audio only (tiny)", "protocol": "https", "http_headers": {"User-Agent": "Mozilla/5.0 (Windows NT 10.0; Win64; x64) AppleWebKit/537.36 (KHTML, like Gecko) Chrome/72.0.3626.25 Safari/537.36", "Accept-Charset": "ISO-8859-1,utf-8;q=0.7,*;q=0.7", "Accept": "text/html,application/xhtml+xml,application/xml;q=0.9,*/*;q=0.8", "Accept-Encoding": "gzip, deflate", "Accept-Language": "en-us,en;q=0.5"}}