{"id": "1kny88W533Q", "uploader": "Myuu", "uploader_id": "myuuji", "uploader_url": "http://www.youtube.com/user/myuuji", "channel_id": "UCiSKnkKCKAQVxMUWpZQobuQ", "channel_url": "http://www.youtube.com/channel/UCiSKnkKCKAQVxMUWpZQobuQ", "upload_date": "20180713", "license": "Creative Commons Attribution license (reuse allowed)", "creator": null, "title": "Hopeless - myuu", "alt_title": null, "thumbnails": [{"url": "https://i.ytimg.com/vi/1kny88W533Q/hqdefault.jpg?sqp=-oaymwEYCKgBEF5IVfKriqkDCwgBFQAAiEIYAXAB&rs=AOn4CLBFQmnaN2yFCYpkPV8OasV8kGv-gw", "width": 168, "height": 94, "resolution": "168x94", "id": "0"}, {"url": "https://i.ytimg.com/vi/1kny88W533Q/hqdefault.jpg?sqp=-oaymwEYCMQBEG5IVfKriqkDCwgBFQAAiEIYAXAB&rs=AOn4CLB2skoZXDGQ9tMakcbRkMPZW0VzDA", "width": 196, "height": 110, "resolution": "196x110", "id": "1"}, {"url": "https://i.ytimg.com/vi/1kny88W533Q/hqdefault.jpg?sqp=-oaymwEZCPYBEIoBSFXyq4qpAwsIARUAAIhCGAFwAQ==&rs=AOn4CLBgyIzssE6RWLF5WXZWKBdWZlBpUA", "width": 246, "height": 138, "resolution": "246x138", "id": "2"}, {"url": "https://i.ytimg.com/vi/1kny88W533Q/hqdefault.jpg?sqp=-oaymwEZCNACELwBSFXyq4qpAwsIARUAAIhCGAFwAQ==&rs=AOn4CLCLKsowXkyvPSNnMZdpTiHgPc8T6A", "width": 336, "height": 188, "resolution": "336x188", "id": "3"}, {"url": "https://i.ytimg.com/vi_webp/1kny88W533Q/maxresdefault.webp", "width": 1920, "height": 1080, "resolution": "1920x1080", "id": "4"}], "description": "Sad piano music. Free to use as long as credit is given.\nMP3 Download \u25ba http://thedarkpiano.com/mp3/Myuu-Hopeless.mp3\n\u25cf Support me on Patreon (Early Access & CDs) \u25cf http://patreon.com/myuuji\n\n\u266b Follow me on Twitter: http://twitter.com/myuusic\n\u266b Follow me on Instagram: http://instagram.com/myuusic\n\u266b Follow me on Facebook: http://facebook.com/myuusic\n\u266b Follow me on SoundCloud: http://soundcloud.com/myuu\n\u266b Follow me on Tumblr: http://myuusic.tumblr.com\n\nWant to learn the piano? flowkey provides a fun and interactive tool! Try it for free here: https://tinyurl.com/Myuu-flowkey\n\nCheck out my favorite sound plugins:\nhttps://kilohearts.com/claim/myuu\n\n\u25a0 iTunes http://apple.co/2dJKrtd\n\u25a0 Google Play http://bit.ly/2e0qkH0\n\u25a0 Bandcamp http://myuu.bandcamp.com/\n\n\u25a0 Spotify http://spoti.fi/1Uda2ci\n\n\nArtwork: https://klaufir.deviantart.com/\n\n\nroyalty-free music\n-------------------------------------------------------------------------------------------\nI am myuu. A musician who loves writing dark piano songs. They are free to use as long as credit is given. I always try to make the music sound creepy and beautiful at the same time. In addition to my piano and horror soundtracks I also do orchestrated pieces and industrial/experimental work.", "categories": ["Music"], "tags": ["sad piano music", "dark piano music", "emotional piano music", "royalty free music", "free to use", "creative commons"], "subtitles": {}, "automatic_captions": {}, "duration": 461, "age_limit": 0, "annotations": null, "chapters": null, "webpage_url": "https://www.youtube.com/watch?v=1kny88W533Q", "view_count": 172277, "like_count": 4721, "dislike_count": 29, "average_rating": 4.9755788, "formats": [{"format_id": "249", "url": "https://r5---sn-ipoxu-u2xd.googlevideo.com/videoplayback?expire=1610392232&ei=SE78X4XANJjmgAPozo3wDg&ip=220.129.26.102&id=o-AB9mYRGkd17orULzJ2YdY1yU0omRyq6UC12D5dzmNW6A&itag=249&source=youtube&requiressl=yes&mh=xj&mm=31%2C29&mn=sn-ipoxu-u2xd%2Csn-un57en7e&ms=au%2Crdu&mv=m&mvi=5&pl=21&initcwndbps=1125000&vprv=1&mime=audio%2Fwebm&ns=OhMkxim7lGrwbmr6JY4ToJoF&gir=yes&clen=3066941&dur=461.121&lmt=1531505680689748&mt=1610370272&fvip=5&keepalive=yes&c=WEB&n=8JGeuwYpn4SMH-&sparams=expire%2Cei%2Cip%2Cid%2Citag%2Csource%2Crequiressl%2Cvprv%2Cmime%2Cns%2Cgir%2Cclen%2Cdur%2Clmt&sig=AOq0QJ8wRAIgJAo49TxstznXfPFt2hQ74JvpXxUUzAonCC8FSKinDZICIDX7c4XVAycNXHQ6msqTKyENv-j_LrSIRRaBCnxLEkR3&lsparams=mh%2Cmm%2Cmn%2Cms%2Cmv%2Cmvi%2Cpl%2Cinitcwndbps&lsig=AG3C_xAwRQIgT1tNhmeZYajVCbLa4V-ryJhkFZDwnodg_4rLp3W1Iz8CIQC2rdOFCHNzPuSLtLARtQW3qP9LSMwp4i9GykK081IlBA%3D%3D&ratebypass=yes", "player_url": null, "ext": "webm", "format_note": "tiny", "acodec": "opus", "abr": 50, "asr": 48000, "filesize": 3066941, "fps": null, "height": null, "tbr": 64.508, "width": null, "vcodec": "none", "downloader_options": {"http_chunk_size": 10485760}, "format": "249 - audio only (tiny)", "protocol": "https", "http_headers": {"User-Agent": "Mozilla/5.0 (Windows NT 10.0; Win64; x64) AppleWebKit/537.36 (KHTML, like Gecko) Chrome/73.0.3683.38 Safari/537.36", "Accept-Charset": "ISO-8859-1,utf-8;q=0.7,*;q=0.7", "Accept": "text/html,application/xhtml+xml,application/xml;q=0.9,*/*;q=0.8", "Accept-Encoding": "gzip, deflate", "Accept-Language": "en-us,en;q=0.5"}}, {"format_id": "250", "url": "https://r5---sn-ipoxu-u2xd.googlevideo.com/videoplayback?expire=1610392232&ei=SE78X4XANJjmgAPozo3wDg&ip=220.129.26.102&id=o-AB9mYRGkd17orULzJ2YdY1yU0omRyq6UC12D5dzmNW6A&itag=250&source=youtube&requiressl=yes&mh=xj&mm=31%2C29&mn=sn-ipoxu-u2xd%2Csn-un57en7e&ms=au%2Crdu&mv=m&mvi=5&pl=21&initcwndbps=1125000&vprv=1&mime=audio%2Fwebm&ns=OhMkxim7lGrwbmr6JY4ToJoF&gir=yes&clen=4090330&dur=461.121&lmt=1531505680618597&mt=1610370272&fvip=5&keepalive=yes&c=WEB&n=8JGeuwYpn4SMH-&sparams=expire%2Cei%2Cip%2Cid%2Citag%2Csource%2Crequiressl%2Cvprv%2Cmime%2Cns%2Cgir%2Cclen%2Cdur%2Clmt&sig=AOq0QJ8wRgIhANpLe1xqAJzIAFHv2aMtNi16ldy7cfmZlXduo_e9Lm5pAiEAnYnxCyLFJ2FuzrJ-SEI_x3QC5_A4iai46esdbWxFl8k%3D&lsparams=mh%2Cmm%2Cmn%2Cms%2Cmv%2Cmvi%2Cpl%2Cinitcwndbps&lsig=AG3C_xAwRQIgT1tNhmeZYajVCbLa4V-ryJhkFZDwnodg_4rLp3W1Iz8CIQC2rdOFCHNzPuSLtLARtQW3qP9LSMwp4i9GykK081IlBA%3D%3D&ratebypass=yes", "player_url": null, "ext": "webm", "format_note": "tiny", "acodec": "opus", "abr": 70, "asr": 48000, "filesize": 4090330, "fps": null, "height": null, "tbr": 84.446, "width": null, "vcodec": "none", "downloader_options": {"http_chunk_size": 10485760}, "format": "250 - audio only (tiny)", "protocol": "https", "http_headers": {"User-Agent": "Mozilla/5.0 (Windows NT 10.0; Win64; x64) AppleWebKit/537.36 (KHTML, like Gecko) Chrome/73.0.3683.38 Safari/537.36", "Accept-Charset": "ISO-8859-1,utf-8;q=0.7,*;q=0.7", "Accept": "text/html,application/xhtml+xml,application/xml;q=0.9,*/*;q=0.8", "Accept-Encoding": "gzip, deflate", "Accept-Language": "en-us,en;q=0.5"}}, {"format_id": "140", "url": "https://r5---sn-ipoxu-u2xd.googlevideo.com/videoplayback?expire=1610392232&ei=SE78X4XANJjmgAPozo3wDg&ip=220.129.26.102&id=o-AB9mYRGkd17orULzJ2YdY1yU0omRyq6UC12D5dzmNW6A&itag=140&source=youtube&requiressl=yes&mh=xj&mm=31%2C29&mn=sn-ipoxu-u2xd%2Csn-un57en7e&ms=au%2Crdu&mv=m&mvi=5&pl=21&initcwndbps=1125000&vprv=1&mime=audio%2Fmp4&ns=OhMkxim7lGrwbmr6JY4ToJoF&gir=yes&clen=7324868&dur=461.148&lmt=1531504624606726&mt=1610370272&fvip=5&keepalive=yes&c=WEB&n=8JGeuwYpn4SMH-&sparams=expire%2Cei%2Cip%2Cid%2Citag%2Csource%2Crequiressl%2Cvprv%2Cmime%2Cns%2Cgir%2Cclen%2Cdur%2Clmt&sig=AOq0QJ8wRgIhAIF4yfgD2Sws9L50tioMJfv3l1gg09HCsWUVjrskdHkuAiEAwguGz03vf8zicNUjvQg2oY_TqpSiyDj7Vz-TkbC1grA%3D&lsparams=mh%2Cmm%2Cmn%2Cms%2Cmv%2Cmvi%2Cpl%2Cinitcwndbps&lsig=AG3C_xAwRQIgT1tNhmeZYajVCbLa4V-ryJhkFZDwnodg_4rLp3W1Iz8CIQC2rdOFCHNzPuSLtLARtQW3qP9LSMwp4i9GykK081IlBA%3D%3D&ratebypass=yes", "player_url": null, "ext": "m4a", "format_note": "tiny", "acodec": "mp4a.40.2", "abr": 128, "container": "m4a_dash", "asr": 44100, "filesize": 7324868, "fps": null, "height": null, "tbr": 128.219, "width": null, "vcodec": "none", "downloader_options": {"http_chunk_size": 10485760}, "format": "140 - audio only (tiny)", "protocol": "https", "http_headers": {"User-Agent": "Mozilla/5.0 (Windows NT 10.0; Win64; x64) AppleWebKit/537.36 (KHTML, like Gecko) Chrome/73.0.3683.38 Safari/537.36", "Accept-Charset": "ISO-8859-1,utf-8;q=0.7,*;q=0.7", "Accept": "text/html,application/xhtml+xml,application/xml;q=0.9,*/*;q=0.8", "Accept-Encoding": "gzip, deflate", "Accept-Language": "en-us,en;q=0.5"}}, {"format_id": "251", "url": "https://r5---sn-ipoxu-u2xd.googlevideo.com/videoplayback?expire=1610392232&ei=SE78X4XANJjmgAPozo3wDg&ip=220.129.26.102&id=o-AB9mYRGkd17orULzJ2YdY1yU0omRyq6UC12D5dzmNW6A&itag=251&source=youtube&requiressl=yes&mh=xj&mm=31%2C29&mn=sn-ipoxu-u2xd%2Csn-un57en7e&ms=au%2Crdu&mv=m&mvi=5&pl=21&initcwndbps=1125000&vprv=1&mime=audio%2Fwebm&ns=OhMkxim7lGrwbmr6JY4ToJoF&gir=yes&clen=7983014&dur=461.121&lmt=1531505681601971&mt=1610370272&fvip=5&keepalive=yes&c=WEB&n=8JGeuwYpn4SMH-&sparams=expire%2Cei%2Cip%2Cid%2Citag%2Csource%2Crequiressl%2Cvprv%2Cmime%2Cns%2Cgir%2Cclen%2Cdur%2Clmt&sig=AOq0QJ8wRQIhAJUwpPTZ0Aw6u8CMzBM1-NyEg5U8kOM_Zzq2c_UOWCgdAiA_vJfXMdpFxnrCxKm-YPnMPmATM8E90GW7FRyR-UZYGg%3D%3D&lsparams=mh%2Cmm%2Cmn%2Cms%2Cmv%2Cmvi%2Cpl%2Cinitcwndbps&lsig=AG3C_xAwRQIgT1tNhmeZYajVCbLa4V-ryJhkFZDwnodg_4rLp3W1Iz8CIQC2rdOFCHNzPuSLtLARtQW3qP9LSMwp4i9GykK081IlBA%3D%3D&ratebypass=yes", "player_url": null, "ext": "webm", "format_note": "tiny", "acodec": "opus", "abr": 160, "asr": 48000, "filesize": 7983014, "fps": null, "height": null, "tbr": 158.586, "width": null, "vcodec": "none", "downloader_options": {"http_chunk_size": 10485760}, "format": "251 - audio only (tiny)", "protocol": "https", "http_headers": {"User-Agent": "Mozilla/5.0 (Windows NT 10.0; Win64; x64) AppleWebKit/537.36 (KHTML, like Gecko) Chrome/73.0.3683.38 Safari/537.36", "Accept-Charset": "ISO-8859-1,utf-8;q=0.7,*;q=0.7", "Accept": "text/html,application/xhtml+xml,application/xml;q=0.9,*/*;q=0.8", "Accept-Encoding": "gzip, deflate", "Accept-Language": "en-us,en;q=0.5"}}, {"format_id": "160", "url": "https://r5---sn-ipoxu-u2xd.googlevideo.com/videoplayback?expire=1610392232&ei=SE78X4XANJjmgAPozo3wDg&ip=220.129.26.102&id=o-AB9mYRGkd17orULzJ2YdY1yU0omRyq6UC12D5dzmNW6A&itag=160&aitags=133%2C134%2C135%2C136%2C137%2C160%2C242%2C243%2C244%2C247%2C248%2C278&source=youtube&requiressl=yes&mh=xj&mm=31%2C29&mn=sn-ipoxu-u2xd%2Csn-un57en7e&ms=au%2Crdu&mv=m&mvi=5&pl=21&initcwndbps=1125000&vprv=1&mime=video%2Fmp4&ns=OhMkxim7lGrwbmr6JY4ToJoF&gir=yes&clen=730401&dur=461.080&lmt=1531505024494223&mt=1610370272&fvip=5&keepalive=yes&c=WEB&n=8JGeuwYpn4SMH-&sparams=expire%2Cei%2Cip%2Cid%2Caitags%2Csource%2Crequiressl%2Cvprv%2Cmime%2Cns%2Cgir%2Cclen%2Cdur%2Clmt&sig=AOq0QJ8wRAIgMvsdh9NLU2gZhTU9YifqXilokUsg7JxhAdqVXJSypJQCIEpkN5MLmWFNyF-Y2UpWkTDoIavQQejxT4Jw_chqTBOL&lsparams=mh%2Cmm%2Cmn%2Cms%2Cmv%2Cmvi%2Cpl%2Cinitcwndbps&lsig=AG3C_xAwRQIgT1tNhmeZYajVCbLa4V-ryJhkFZDwnodg_4rLp3W1Iz8CIQC2rdOFCHNzPuSLtLARtQW3qP9LSMwp4i9GykK081IlBA%3D%3D&ratebypass=yes", "player_url": null, "ext": "mp4", "height": 144, "format_note": "144p", "vcodec": "avc1.4d400c", "asr": null, "filesize": 730401, "fps": 25, "tbr": 17.392, "width": 256, "acodec": "none", "downloader_options": {"http_chunk_size": 10485760}, "format": "160 - 256x144 (144p)", "protocol": "https", "http_headers": {"User-Agent": "Mozilla/5.0 (Windows NT 10.0; Win64; x64) AppleWebKit/537.36 (KHTML, like Gecko) Chrome/73.0.3683.38 Safari/537.36", "Accept-Charset": "ISO-8859-1,utf-8;q=0.7,*;q=0.7", "Accept": "text/html,application/xhtml+xml,application/xml;q=0.9,*/*;q=0.8", "Accept-Encoding": "gzip, deflate", "Accept-Language": "en-us,en;q=0.5"}}, {"format_id": "278", "url": "https://r5---sn-ipoxu-u2xd.googlevideo.com/videoplayback?expire=1610392232&ei=SE78X4XANJjmgAPozo3wDg&ip=220.129.26.102&id=o-AB9mYRGkd17orULzJ2YdY1yU0omRyq6UC12D5dzmNW6A&itag=278&aitags=133%2C134%2C135%2C136%2C137%2C160%2C242%2C243%2C244%2C247%2C248%2C278&source=youtube&requiressl=yes&mh=xj&mm=31%2C29&mn=sn-ipoxu-u2xd%2Csn-un57en7e&ms=au%2Crdu&mv=m&mvi=5&pl=21&initcwndbps=1125000&vprv=1&mime=video%2Fwebm&ns=OhMkxim7lGrwbmr6JY4ToJoF&gir=yes&clen=1624505&dur=461.080&lmt=1531505023099092&mt=1610370272&fvip=5&keepalive=yes&c=WEB&n=8JGeuwYpn4SMH-&sparams=expire%2Cei%2Cip%2Cid%2Caitags%2Csource%2Crequiressl%2Cvprv%2Cmime%2Cns%2Cgir%2Cclen%2Cdur%2Clmt&sig=AOq0QJ8wRgIhAMaNGyeB_LqhQbXPhJDUYgKeco4SwHET-222L_0Fp24WAiEAjxhlB9pqSFBn2EejbiwvcMXmqQB9fS-7HX2VgXu0i5Q%3D&lsparams=mh%2Cmm%2Cmn%2Cms%2Cmv%2Cmvi%2Cpl%2Cinitcwndbps&lsig=AG3C_xAwRQIgT1tNhmeZYajVCbLa4V-ryJhkFZDwnodg_4rLp3W1Iz8CIQC2rdOFCHNzPuSLtLARtQW3qP9LSMwp4i9GykK081IlBA%3D%3D&ratebypass=yes", "player_url": null, "ext": "webm", "height": 144, "format_note": "144p", "container": "webm", "vcodec": "vp9", "asr": null, "filesize": 1624505, "fps": 25, "tbr": 41.745, "width": 256, "acodec": "none", "downloader_options": {"http_chunk_size": 10485760}, "format": "278 - 256x144 (144p)", "protocol": "https", "http_headers": {"User-Agent": "Mozilla/5.0 (Windows NT 10.0; Win64; x64) AppleWebKit/537.36 (KHTML, like Gecko) Chrome/73.0.3683.38 Safari/537.36", "Accept-Charset": "ISO-8859-1,utf-8;q=0.7,*;q=0.7", "Accept": "text/html,application/xhtml+xml,application/xml;q=0.9,*/*;q=0.8", "Accept-Encoding": "gzip, deflate", "Accept-Language": "en-us,en;q=0.5"}}, {"format_id": "242", "url": "https://r5---sn-ipoxu-u2xd.googlevideo.com/videoplayback?expire=1610392232&ei=SE78X4XANJjmgAPozo3wDg&ip=220.129.26.102&id=o-AB9mYRGkd17orULzJ2YdY1yU0omRyq6UC12D5dzmNW6A&itag=242&aitags=133%2C134%2C135%2C136%2C137%2C160%2C242%2C243%2C244%2C247%2C248%2C278&source=youtube&requiressl=yes&mh=xj&mm=31%2C29&mn=sn-ipoxu-u2xd%2Csn-un57en7e&ms=au%2Crdu&mv=m&mvi=5&pl=21&initcwndbps=1125000&vprv=1&mime=video%2Fwebm&ns=OhMkxim7lGrwbmr6JY4ToJoF&gir=yes&clen=1853302&dur=461.080&lmt=1531505014782655&mt=1610370272&fvip=5&keepalive=yes&c=WEB&n=8JGeuwYpn4SMH-&sparams=expire%2Cei%2Cip%2Cid%2Caitags%2Csource%2Crequiressl%2Cvprv%2Cmime%2Cns%2Cgir%2Cclen%2Cdur%2Clmt&sig=AOq0QJ8wRgIhAO8NVbQ1KgDWs8k970FQpQ5dBIUkKopj0eXq9vnEVXrbAiEAnTL1l1z-ZnHymG9Wu_q6tgQ9xTrAQcRVnO14Ckrut8E%3D&lsparams=mh%2Cmm%2Cmn%2Cms%2Cmv%2Cmvi%2Cpl%2Cinitcwndbps&lsig=AG3C_xAwRQIgT1tNhmeZYajVCbLa4V-ryJhkFZDwnodg_4rLp3W1Iz8CIQC2rdOFCHNzPuSLtLARtQW3qP9LSMwp4i9GykK081IlBA%3D%3D&ratebypass=yes", "player_url": null, "ext": "webm", "height": 240, "format_note": "240p", "vcodec": "vp9", "asr": null, "filesize": 1853302, "fps": 25, "tbr": 51.637, "width": 426, "acodec": "none", "downloader_options": {"http_chunk_size": 10485760}, "format": "242 - 426x240 (240p)", "protocol": "https", "http_headers": {"User-Agent": "Mozilla/5.0 (Windows NT 10.0; Win64; x64) AppleWebKit/537.36 (KHTML, like Gecko) Chrome/73.0.3683.38 Safari/537.36", "Accept-Charset": "ISO-8859-1,utf-8;q=0.7,*;q=0.7", "Accept": "text/html,application/xhtml+xml,application/xml;q=0.9,*/*;q=0.8", "Accept-Encoding": "gzip, deflate", "Accept-Language": "en-us,en;q=0.5"}}, {"format_id": "133", "url": "https://r5---sn-ipoxu-u2xd.googlevideo.com/videoplayback?expire=1610392232&ei=SE78X4XANJjmgAPozo3wDg&ip=220.129.26.102&id=o-AB9mYRGkd17orULzJ2YdY1yU0omRyq6UC12D5dzmNW6A&itag=133&aitags=133%2C134%2C135%2C136%2C137%2C160%2C242%2C243%2C244%2C247%2C248%2C278&source=youtube&requiressl=yes&mh=xj&mm=31%2C29&mn=sn-ipoxu-u2xd%2Csn-un57en7e&ms=au%2Crdu&mv=m&mvi=5&pl=21&initcwndbps=1125000&vprv=1&mime=video%2Fmp4&ns=OhMkxim7lGrwbmr6JY4ToJoF&gir=yes&clen=2663317&dur=461.080&lmt=1531505025793229&mt=1610370272&fvip=5&keepalive=yes&c=WEB&n=8JGeuwYpn4SMH-&sparams=expire%2Cei%2Cip%2Cid%2Caitags%2Csource%2Crequiressl%2Cvprv%2Cmime%2Cns%2Cgir%2Cclen%2Cdur%2Clmt&sig=AOq0QJ8wRQIhAMg1cHVfJtm4433hCzoL6Z5mFv2mG7Vkf8RnQTU5l0R7AiBD_7-0QOnQmnxFMhM8S4hFO9G7T-a45RpetrqV-OwcLw%3D%3D&lsparams=mh%2Cmm%2Cmn%2Cms%2Cmv%2Cmvi%2Cpl%2Cinitcwndbps&lsig=AG3C_xAwRQIgT1tNhmeZYajVCbLa4V-ryJhkFZDwnodg_4rLp3W1Iz8CIQC2rdOFCHNzPuSLtLARtQW3qP9LSMwp4i9GykK081IlBA%3D%3D&ratebypass=yes", "player_url": null, "ext": "mp4", "height": 240, "format_note": "240p", "vcodec": "avc1.4d4015", "asr": null, "filesize": 2663317, "fps": 25, "tbr": 64.117, "width": 426, "acodec": "none", "downloader_options": {"http_chunk_size": 10485760}, "format": "133 - 426x240 (240p)", "protocol": "https", "http_headers": {"User-Agent": "Mozilla/5.0 (Windows NT 10.0; Win64; x64) AppleWebKit/537.36 (KHTML, like Gecko) Chrome/73.0.3683.38 Safari/537.36", "Accept-Charset": "ISO-8859-1,utf-8;q=0.7,*;q=0.7", "Accept": "text/html,application/xhtml+xml,application/xml;q=0.9,*/*;q=0.8", "Accept-Encoding": "gzip, deflate", "Accept-Language": "en-us,en;q=0.5"}}, {"format_id": "134", "url": "https://r5---sn-ipoxu-u2xd.googlevideo.com/videoplayback?expire=1610392232&ei=SE78X4XANJjmgAPozo3wDg&ip=220.129.26.102&id=o-AB9mYRGkd17orULzJ2YdY1yU0omRyq6UC12D5dzmNW6A&itag=134&aitags=133%2C134%2C135%2C136%2C137%2C160%2C242%2C243%2C244%2C247%2C248%2C278&source=youtube&requiressl=yes&mh=xj&mm=31%2C29&mn=sn-ipoxu-u2xd%2Csn-un57en7e&ms=au%2Crdu&mv=m&mvi=5&pl=21&initcwndbps=1125000&vprv=1&mime=video%2Fmp4&ns=OhMkxim7lGrwbmr6JY4ToJoF&gir=yes&clen=5238656&dur=461.080&lmt=1531505025811529&mt=1610370272&fvip=5&keepalive=yes&c=WEB&n=8JGeuwYpn4SMH-&sparams=expire%2Cei%2Cip%2Cid%2Caitags%2Csource%2Crequiressl%2Cvprv%2Cmime%2Cns%2Cgir%2Cclen%2Cdur%2Clmt&sig=AOq0QJ8wRQIgOFkJ9wIULVtjznn0P5mFWlIvZIddGNIK3KfSmtXxWy8CIQDlxe-J5-YWS4aiGaB58BfrC87UE7uWoI1QdPIdPyY_Vg%3D%3D&lsparams=mh%2Cmm%2Cmn%2Cms%2Cmv%2Cmvi%2Cpl%2Cinitcwndbps&lsig=AG3C_xAwRQIgT1tNhmeZYajVCbLa4V-ryJhkFZDwnodg_4rLp3W1Iz8CIQC2rdOFCHNzPuSLtLARtQW3qP9LSMwp4i9GykK081IlBA%3D%3D&ratebypass=yes", "player_url": null, "ext": "mp4", "height": 360, "format_note": "360p", "vcodec": "avc1.4d401e", "asr": null, "filesize": 5238656, "fps": 25, "tbr": 123.156, "width": 640, "acodec": "none", "downloader_options": {"http_chunk_size": 10485760}, "format": "134 - 640x360 (360p)", "protocol": "https", "http_headers": {"User-Agent": "Mozilla/5.0 (Windows NT 10.0; Win64; x64) AppleWebKit/537.36 (KHTML, like Gecko) Chrome/73.0.3683.38 Safari/537.36", "Accept-Charset": "ISO-8859-1,utf-8;q=0.7,*;q=0.7", "Accept": "text/html,application/xhtml+xml,application/xml;q=0.9,*/*;q=0.8", "Accept-Encoding": "gzip, deflate", "Accept-Language": "en-us,en;q=0.5"}}, {"format_id": "243", "url": "https://r5---sn-ipoxu-u2xd.googlevideo.com/videoplayback?expire=1610392232&ei=SE78X4XANJjmgAPozo3wDg&ip=220.129.26.102&id=o-AB9mYRGkd17orULzJ2YdY1yU0omRyq6UC12D5dzmNW6A&itag=243&aitags=133%2C134%2C135%2C136%2C137%2C160%2C242%2C243%2C244%2C247%2C248%2C278&source=youtube&requiressl=yes&mh=xj&mm=31%2C29&mn=sn-ipoxu-u2xd%2Csn-un57en7e&ms=au%2Crdu&mv=m&mvi=5&pl=21&initcwndbps=1125000&vprv=1&mime=video%2Fwebm&ns=OhMkxim7lGrwbmr6JY4ToJoF&gir=yes&clen=5217545&dur=461.080&lmt=1531505026240465&mt=1610370272&fvip=5&keepalive=yes&c=WEB&n=8JGeuwYpn4SMH-&sparams=expire%2Cei%2Cip%2Cid%2Caitags%2Csource%2Crequiressl%2Cvprv%2Cmime%2Cns%2Cgir%2Cclen%2Cdur%2Clmt&sig=AOq0QJ8wRQIhANN1WvXbdQruB2smnr7uuBSi0O_MbgjkqquWnxqHWMZ-AiAlt99KdWWaH8G8SKo5dut2vrWL4ZbYkDLxPVQNU4B_6Q%3D%3D&lsparams=mh%2Cmm%2Cmn%2Cms%2Cmv%2Cmvi%2Cpl%2Cinitcwndbps&lsig=AG3C_xAwRQIgT1tNhmeZYajVCbLa4V-ryJhkFZDwnodg_4rLp3W1Iz8CIQC2rdOFCHNzPuSLtLARtQW3qP9LSMwp4i9GykK081IlBA%3D%3D&ratebypass=yes", "player_url": null, "ext": "webm", "height": 360, "format_note": "360p", "vcodec": "vp9", "asr": null, "filesize": 5217545, "fps": 25, "tbr": 123.79, "width": 640, "acodec": "none", "downloader_options": {"http_chunk_size": 10485760}, "format": "243 - 640x360 (360p)", "protocol": "https", "http_headers": {"User-Agent": "Mozilla/5.0 (Windows NT 10.0; Win64; x64) AppleWebKit/537.36 (KHTML, like Gecko) Chrome/73.0.3683.38 Safari/537.36", "Accept-Charset": "ISO-8859-1,utf-8;q=0.7,*;q=0.7", "Accept": "text/html,application/xhtml+xml,application/xml;q=0.9,*/*;q=0.8", "Accept-Encoding": "gzip, deflate", "Accept-Language": "en-us,en;q=0.5"}}, {"format_id": "135", "url": "https://r5---sn-ipoxu-u2xd.googlevideo.com/videoplayback?expire=1610392232&ei=SE78X4XANJjmgAPozo3wDg&ip=220.129.26.102&id=o-AB9mYRGkd17orULzJ2YdY1yU0omRyq6UC12D5dzmNW6A&itag=135&aitags=133%2C134%2C135%2C136%2C137%2C160%2C242%2C243%2C244%2C247%2C248%2C278&source=youtube&requiressl=yes&mh=xj&mm=31%2C29&mn=sn-ipoxu-u2xd%2Csn-un57en7e&ms=au%2Crdu&mv=m&mvi=5&pl=21&initcwndbps=1125000&vprv=1&mime=video%2Fmp4&ns=OhMkxim7lGrwbmr6JY4ToJoF&gir=yes&clen=7944954&dur=461.080&lmt=1531505025105786&mt=1610370272&fvip=5&keepalive=yes&c=WEB&n=8JGeuwYpn4SMH-&sparams=expire%2Cei%2Cip%2Cid%2Caitags%2Csource%2Crequiressl%2Cvprv%2Cmime%2Cns%2Cgir%2Cclen%2Cdur%2Clmt&sig=AOq0QJ8wRQIhAPlcjK2otrbbn7_JOLpFfYHfjoad6fAjrvRwC5Ap6nPCAiAxm-uleB7rutchmLDr1_HSQ3wgdL5xuobHfNaLEMO4XQ%3D%3D&lsparams=mh%2Cmm%2Cmn%2Cms%2Cmv%2Cmvi%2Cpl%2Cinitcwndbps&lsig=AG3C_xAwRQIgT1tNhmeZYajVCbLa4V-ryJhkFZDwnodg_4rLp3W1Iz8CIQC2rdOFCHNzPuSLtLARtQW3qP9LSMwp4i9GykK081IlBA%3D%3D&ratebypass=yes", "player_url": null, "ext": "mp4", "height": 480, "format_note": "480p", "vcodec": "avc1.4d401e", "asr": null, "filesize": 7944954, "fps": 25, "tbr": 201.725, "width": 854, "acodec": "none", "downloader_options": {"http_chunk_size": 10485760}, "format": "135 - 854x480 (480p)", "protocol": "https", "http_headers": {"User-Agent": "Mozilla/5.0 (Windows NT 10.0; Win64; x64) AppleWebKit/537.36 (KHTML, like Gecko) Chrome/73.0.3683.38 Safari/537.36", "Accept-Charset": "ISO-8859-1,utf-8;q=0.7,*;q=0.7", "Accept": "text/html,application/xhtml+xml,application/xml;q=0.9,*/*;q=0.8", "Accept-Encoding": "gzip, deflate", "Accept-Language": "en-us,en;q=0.5"}}, {"format_id": "244", "url": "https://r5---sn-ipoxu-u2xd.googlevideo.com/videoplayback?expire=1610392232&ei=SE78X4XANJjmgAPozo3wDg&ip=220.129.26.102&id=o-AB9mYRGkd17orULzJ2YdY1yU0omRyq6UC12D5dzmNW6A&itag=244&aitags=133%2C134%2C135%2C136%2C137%2C160%2C242%2C243%2C244%2C247%2C248%2C278&source=youtube&requiressl=yes&mh=xj&mm=31%2C29&mn=sn-ipoxu-u2xd%2Csn-un57en7e&ms=au%2Crdu&mv=m&mvi=5&pl=21&initcwndbps=1125000&vprv=1&mime=video%2Fwebm&ns=OhMkxim7lGrwbmr6JY4ToJoF&gir=yes&clen=8788344&dur=461.080&lmt=1531505037656766&mt=1610370272&fvip=5&keepalive=yes&c=WEB&n=8JGeuwYpn4SMH-&sparams=expire%2Cei%2Cip%2Cid%2Caitags%2Csource%2Crequiressl%2Cvprv%2Cmime%2Cns%2Cgir%2Cclen%2Cdur%2Clmt&sig=AOq0QJ8wRQIhAIOfdUgSzUf1SEK65CTqiTiEFr83IqeAaON6C6GKVSf7AiBDkC6VaIa5p5LfZaojtJSidxSRYLGP2IxMKmLeGFh3XA%3D%3D&lsparams=mh%2Cmm%2Cmn%2Cms%2Cmv%2Cmvi%2Cpl%2Cinitcwndbps&lsig=AG3C_xAwRQIgT1tNhmeZYajVCbLa4V-ryJhkFZDwnodg_4rLp3W1Iz8CIQC2rdOFCHNzPuSLtLARtQW3qP9LSMwp4i9GykK081IlBA%3D%3D&ratebypass=yes", "player_url": null, "ext": "webm", "height": 480, "format_note": "480p", "vcodec": "vp9", "asr": null, "filesize": 8788344, "fps": 25, "tbr": 245.106, "width": 854, "acodec": "none", "downloader_options": {"http_chunk_size": 10485760}, "format": "244 - 854x480 (480p)", "protocol": "https", "http_headers": {"User-Agent": "Mozilla/5.0 (Windows NT 10.0; Win64; x64) AppleWebKit/537.36 (KHTML, like Gecko) Chrome/73.0.3683.38 Safari/537.36", "Accept-Charset": "ISO-8859-1,utf-8;q=0.7,*;q=0.7", "Accept": "text/html,application/xhtml+xml,application/xml;q=0.9,*/*;q=0.8", "Accept-Encoding": "gzip, deflate", "Accept-Language": "en-us,en;q=0.5"}}, {"format_id": "247", "url": "https://r5---sn-ipoxu-u2xd.googlevideo.com/videoplayback?expire=1610392232&ei=SE78X4XANJjmgAPozo3wDg&ip=220.129.26.102&id=o-AB9mYRGkd17orULzJ2YdY1yU0omRyq6UC12D5dzmNW6A&itag=247&aitags=133%2C134%2C135%2C136%2C137%2C160%2C242%2C243%2C244%2C247%2C248%2C278&source=youtube&requiressl=yes&mh=xj&mm=31%2C29&mn=sn-ipoxu-u2xd%2Csn-un57en7e&ms=au%2Crdu&mv=m&mvi=5&pl=21&initcwndbps=1125000&vprv=1&mime=video%2Fwebm&ns=OhMkxim7lGrwbmr6JY4ToJoF&gir=yes&clen=9533101&dur=461.080&lmt=1531505233201021&mt=1610370272&fvip=5&keepalive=yes&c=WEB&n=8JGeuwYpn4SMH-&sparams=expire%2Cei%2Cip%2Cid%2Caitags%2Csource%2Crequiressl%2Cvprv%2Cmime%2Cns%2Cgir%2Cclen%2Cdur%2Clmt&sig=AOq0QJ8wRQIhANCj3rkDqq9Yva2yRTITJb3uH8u4CY-Yr7ubxX8y9YBBAiBOBqp7r4O6RQ0Y2Rsbv24BSSM1A84rmJaAAJ0p1rKO_w%3D%3D&lsparams=mh%2Cmm%2Cmn%2Cms%2Cmv%2Cmvi%2Cpl%2Cinitcwndbps&lsig=AG3C_xAwRQIgT1tNhmeZYajVCbLa4V-ryJhkFZDwnodg_4rLp3W1Iz8CIQC2rdOFCHNzPuSLtLARtQW3qP9LSMwp4i9GykK081IlBA%3D%3D&ratebypass=yes", "player_url": null, "ext": "webm", "height": 720, "format_note": "720p", "vcodec": "vp9", "asr": null, "filesize": 9533101, "fps": 25, "tbr": 252.328, "width": 1280, "acodec": "none", "downloader_options": {"http_chunk_size": 10485760}, "format": "247 - 1280x720 (720p)", "protocol": "https", "http_headers": {"User-Agent": "Mozilla/5.0 (Windows NT 10.0; Win64; x64) AppleWebKit/537.36 (KHTML, like Gecko) Chrome/73.0.3683.38 Safari/537.36", "Accept-Charset": "ISO-8859-1,utf-8;q=0.7,*;q=0.7", "Accept": "text/html,application/xhtml+xml,application/xml;q=0.9,*/*;q=0.8", "Accept-Encoding": "gzip, deflate", "Accept-Language": "en-us,en;q=0.5"}}, {"format_id": "136", "url": "https://r5---sn-ipoxu-u2xd.googlevideo.com/videoplayback?expire=1610392232&ei=SE78X4XANJjmgAPozo3wDg&ip=220.129.26.102&id=o-AB9mYRGkd17orULzJ2YdY1yU0omRyq6UC12D5dzmNW6A&itag=136&aitags=133%2C134%2C135%2C136%2C137%2C160%2C242%2C243%2C244%2C247%2C248%2C278&source=youtube&requiressl=yes&mh=xj&mm=31%2C29&mn=sn-ipoxu-u2xd%2Csn-un57en7e&ms=au%2Crdu&mv=m&mvi=5&pl=21&initcwndbps=1125000&vprv=1&mime=video%2Fmp4&ns=OhMkxim7lGrwbmr6JY4ToJoF&gir=yes&clen=11978038&dur=461.080&lmt=1531505029807333&mt=1610370272&fvip=5&keepalive=yes&c=WEB&n=8JGeuwYpn4SMH-&sparams=expire%2Cei%2Cip%2Cid%2Caitags%2Csource%2Crequiressl%2Cvprv%2Cmime%2Cns%2Cgir%2Cclen%2Cdur%2Clmt&sig=AOq0QJ8wRQIhALPwcy7Z0Bi2G9AIbKUuC_6PSHJTFLW0nM5NgZvp6brhAiAQZKRsnODWusQU1BAdl2HAHIkJkFUqwBMBcu7howbhrg%3D%3D&lsparams=mh%2Cmm%2Cmn%2Cms%2Cmv%2Cmvi%2Cpl%2Cinitcwndbps&lsig=AG3C_xAwRQIgT1tNhmeZYajVCbLa4V-ryJhkFZDwnodg_4rLp3W1Iz8CIQC2rdOFCHNzPuSLtLARtQW3qP9LSMwp4i9GykK081IlBA%3D%3D&ratebypass=yes", "player_url": null, "ext": "mp4", "height": 720, "format_note": "720p", "vcodec": "avc1.4d401f", "asr": null, "filesize": 11978038, "fps": 25, "tbr": 345.385, "width": 1280, "acodec": "none", "downloader_options": {"http_chunk_size": 10485760}, "format": "136 - 1280x720 (720p)", "protocol": "https", "http_headers": {"User-Agent": "Mozilla/5.0 (Windows NT 10.0; Win64; x64) AppleWebKit/537.36 (KHTML, like Gecko) Chrome/73.0.3683.38 Safari/537.36", "Accept-Charset": "ISO-8859-1,utf-8;q=0.7,*;q=0.7", "Accept": "text/html,application/xhtml+xml,application/xml;q=0.9,*/*;q=0.8", "Accept-Encoding": "gzip, deflate", "Accept-Language": "en-us,en;q=0.5"}}, {"format_id": "248", "url": "https://r5---sn-ipoxu-u2xd.googlevideo.com/videoplayback?expire=1610392232&ei=SE78X4XANJjmgAPozo3wDg&ip=220.129.26.102&id=o-AB9mYRGkd17orULzJ2YdY1yU0omRyq6UC12D5dzmNW6A&itag=248&aitags=133%2C134%2C135%2C136%2C137%2C160%2C242%2C243%2C244%2C247%2C248%2C278&source=youtube&requiressl=yes&mh=xj&mm=31%2C29&mn=sn-ipoxu-u2xd%2Csn-un57en7e&ms=au%2Crdu&mv=m&mvi=5&pl=21&initcwndbps=1125000&vprv=1&mime=video%2Fwebm&ns=OhMkxim7lGrwbmr6JY4ToJoF&gir=yes&clen=14611579&dur=461.080&lmt=1531505111509155&mt=1610370272&fvip=5&keepalive=yes&c=WEB&n=8JGeuwYpn4SMH-&sparams=expire%2Cei%2Cip%2Cid%2Caitags%2Csource%2Crequiressl%2Cvprv%2Cmime%2Cns%2Cgir%2Cclen%2Cdur%2Clmt&sig=AOq0QJ8wRgIhAOWC_tXgdEuTjn7twJK34QDy4xcRJ5Q6hmiubazx0azyAiEAjpmJem1SmweGXEq9AZubm2pP7bRC6QYjResmtgzaSbA%3D&lsparams=mh%2Cmm%2Cmn%2Cms%2Cmv%2Cmvi%2Cpl%2Cinitcwndbps&lsig=AG3C_xAwRQIgT1tNhmeZYajVCbLa4V-ryJhkFZDwnodg_4rLp3W1Iz8CIQC2rdOFCHNzPuSLtLARtQW3qP9LSMwp4i9GykK081IlBA%3D%3D&ratebypass=yes", "player_url": null, "ext": "webm", "height": 1080, "format_note": "1080p", "vcodec": "vp9", "asr": null, "filesize": 14611579, "fps": 25, "tbr": 450.04, "width": 1920, "acodec": "none", "downloader_options": {"http_chunk_size": 10485760}, "format": "248 - 1920x1080 (1080p)", "protocol": "https", "http_headers": {"User-Agent": "Mozilla/5.0 (Windows NT 10.0; Win64; x64) AppleWebKit/537.36 (KHTML, like Gecko) Chrome/73.0.3683.38 Safari/537.36", "Accept-Charset": "ISO-8859-1,utf-8;q=0.7,*;q=0.7", "Accept": "text/html,application/xhtml+xml,application/xml;q=0.9,*/*;q=0.8", "Accept-Encoding": "gzip, deflate", "Accept-Language": "en-us,en;q=0.5"}}, {"format_id": "137", "url": "https://r5---sn-ipoxu-u2xd.googlevideo.com/videoplayback?expire=1610392232&ei=SE78X4XANJjmgAPozo3wDg&ip=220.129.26.102&id=o-AB9mYRGkd17orULzJ2YdY1yU0omRyq6UC12D5dzmNW6A&itag=137&aitags=133%2C134%2C135%2C136%2C137%2C160%2C242%2C243%2C244%2C247%2C248%2C278&source=youtube&requiressl=yes&mh=xj&mm=31%2C29&mn=sn-ipoxu-u2xd%2Csn-un57en7e&ms=au%2Crdu&mv=m&mvi=5&pl=21&initcwndbps=1125000&vprv=1&mime=video%2Fmp4&ns=OhMkxim7lGrwbmr6JY4ToJoF&gir=yes&clen=19656199&dur=461.080&lmt=1531505034222801&mt=1610370272&fvip=5&keepalive=yes&c=WEB&n=8JGeuwYpn4SMH-&sparams=expire%2Cei%2Cip%2Cid%2Caitags%2Csource%2Crequiressl%2Cvprv%2Cmime%2Cns%2Cgir%2Cclen%2Cdur%2Clmt&sig=AOq0QJ8wRAIgHYagT1_jnBF3X-3qDpfznOPYk22SDZ1s0HOQgHatrZcCIE-fRhKzuVtqvVBByDsxt7PTHZ5GgzPQHYpACv58X4dc&lsparams=mh%2Cmm%2Cmn%2Cms%2Cmv%2Cmvi%2Cpl%2Cinitcwndbps&lsig=AG3C_xAwRQIgT1tNhmeZYajVCbLa4V-ryJhkFZDwnodg_4rLp3W1Iz8CIQC2rdOFCHNzPuSLtLARtQW3qP9LSMwp4i9GykK081IlBA%3D%3D&ratebypass=yes", "player_url": null, "ext": "mp4", "height": 1080, "format_note": "1080p", "vcodec": "avc1.640028", "asr": null, "filesize": 19656199, "fps": 25, "tbr": 500.592, "width": 1920, "acodec": "none", "downloader_options": {"http_chunk_size": 10485760}, "format": "137 - 1920x1080 (1080p)", "protocol": "https", "http_headers": {"User-Agent": "Mozilla/5.0 (Windows NT 10.0; Win64; x64) AppleWebKit/537.36 (KHTML, like Gecko) Chrome/73.0.3683.38 Safari/537.36", "Accept-Charset": "ISO-8859-1,utf-8;q=0.7,*;q=0.7", "Accept": "text/html,application/xhtml+xml,application/xml;q=0.9,*/*;q=0.8", "Accept-Encoding": "gzip, deflate", "Accept-Language": "en-us,en;q=0.5"}}, {"format_id": "18", "url": "https://r5---sn-ipoxu-u2xd.googlevideo.com/videoplayback?expire=1610392232&ei=SE78X4XANJjmgAPozo3wDg&ip=220.129.26.102&id=o-AB9mYRGkd17orULzJ2YdY1yU0omRyq6UC12D5dzmNW6A&itag=18&source=youtube&requiressl=yes&mh=xj&mm=31%2C29&mn=sn-ipoxu-u2xd%2Csn-un57en7e&ms=au%2Crdu&mv=m&mvi=5&pl=21&initcwndbps=1125000&vprv=1&mime=video%2Fmp4&ns=g9-c2dUOUyTyR0pYHSIkmU4F&gir=yes&clen=20489206&ratebypass=yes&dur=461.148&lmt=1531504220322109&mt=1610370272&fvip=5&c=WEB&n=xpf1pypC8qfB4r&sparams=expire%2Cei%2Cip%2Cid%2Citag%2Csource%2Crequiressl%2Cvprv%2Cmime%2Cns%2Cgir%2Cclen%2Cratebypass%2Cdur%2Clmt&sig=AOq0QJ8wRgIhAI_7xlGIc7M9GF0V4YNuAfQPAxnuhf15BIxIdaJLbTgDAiEAw9mw-hMtpulc1IK7dcjBOeeqVmbx3opPCU6_UZjP448%3D&lsparams=mh%2Cmm%2Cmn%2Cms%2Cmv%2Cmvi%2Cpl%2Cinitcwndbps&lsig=AG3C_xAwRQIgT1tNhmeZYajVCbLa4V-ryJhkFZDwnodg_4rLp3W1Iz8CIQC2rdOFCHNzPuSLtLARtQW3qP9LSMwp4i9GykK081IlBA%3D%3D", "player_url": null, "ext": "mp4", "width": 640, "height": 360, "acodec": "mp4a.40.2", "abr": 96, "vcodec": "avc1.42001E", "asr": 44100, "filesize": 20489206, "format_note": "360p", "fps": 25, "tbr": 355.499, "format": "18 - 640x360 (360p)", "protocol": "https", "http_headers": {"User-Agent": "Mozilla/5.0 (Windows NT 10.0; Win64; x64) AppleWebKit/537.36 (KHTML, like Gecko) Chrome/73.0.3683.38 Safari/537.36", "Accept-Charset": "ISO-8859-1,utf-8;q=0.7,*;q=0.7", "Accept": "text/html,application/xhtml+xml,application/xml;q=0.9,*/*;q=0.8", "Accept-Encoding": "gzip, deflate", "Accept-Language": "en-us,en;q=0.5"}}], "is_live": null, "start_time": null, "end_time": null, "series": null, "season_number": null, "episode_number": null, "track": null, "artist": null, "album": null, "release_date": null, "release_year": null, "extractor": "youtube", "webpage_url_basename": "watch", "extractor_key": "Youtube", "playlist": null, "playlist_index": null, "thumbnail": "https://i.ytimg.com/vi_webp/1kny88W533Q/maxresdefault.webp", "display_id": "1kny88W533Q", "requested_subtitles": null, "format_id": "251", "url": "https://r5---sn-ipoxu-u2xd.googlevideo.com/videoplayback?expire=1610392232&ei=SE78X4XANJjmgAPozo3wDg&ip=220.129.26.102&id=o-AB9mYRGkd17orULzJ2YdY1yU0omRyq6UC12D5dzmNW6A&itag=251&source=youtube&requiressl=yes&mh=xj&mm=31%2C29&mn=sn-ipoxu-u2xd%2Csn-un57en7e&ms=au%2Crdu&mv=m&mvi=5&pl=21&initcwndbps=1125000&vprv=1&mime=audio%2Fwebm&ns=OhMkxim7lGrwbmr6JY4ToJoF&gir=yes&clen=7983014&dur=461.121&lmt=1531505681601971&mt=1610370272&fvip=5&keepalive=yes&c=WEB&n=8JGeuwYpn4SMH-&sparams=expire%2Cei%2Cip%2Cid%2Citag%2Csource%2Crequiressl%2Cvprv%2Cmime%2Cns%2Cgir%2Cclen%2Cdur%2Clmt&sig=AOq0QJ8wRQIhAJUwpPTZ0Aw6u8CMzBM1-NyEg5U8kOM_Zzq2c_UOWCgdAiA_vJfXMdpFxnrCxKm-YPnMPmATM8E90GW7FRyR-UZYGg%3D%3D&lsparams=mh%2Cmm%2Cmn%2Cms%2Cmv%2Cmvi%2Cpl%2Cinitcwndbps&lsig=AG3C_xAwRQIgT1tNhmeZYajVCbLa4V-ryJhkFZDwnodg_4rLp3W1Iz8CIQC2rdOFCHNzPuSLtLARtQW3qP9LSMwp4i9GykK081IlBA%3D%3D&ratebypass=yes", "player_url": null, "ext": "webm", "format_note": "tiny", "acodec": "opus", "abr": 160, "asr": 48000, "filesize": 7983014, "fps": null, "height": null, "tbr": 158.586, "width": null, "vcodec": "none", "downloader_options": {"http_chunk_size": 10485760}, "format": "251 - audio only (tiny)", "protocol": "https", "http_headers": {"User-Agent": "Mozilla/5.0 (Windows NT 10.0; Win64; x64) AppleWebKit/537.36 (KHTML, like Gecko) Chrome/73.0.3683.38 Safari/537.36", "Accept-Charset": "ISO-8859-1,utf-8;q=0.7,*;q=0.7", "Accept": "text/html,application/xhtml+xml,application/xml;q=0.9,*/*;q=0.8", "Accept-Encoding": "gzip, deflate", "Accept-Language": "en-us,en;q=0.5"}}