{"id": "1cgO42sh-ZY", "uploader": "Jurrivh", "uploader_id": "Jurrivh", "uploader_url": "http://www.youtube.com/user/Jurrivh", "channel_id": "UCLh10hzbQJPg0Hho1VdGXwA", "channel_url": "http://www.youtube.com/channel/UCLh10hzbQJPg0Hho1VdGXwA", "upload_date": "20190505", "license": null, "creator": null, "title": "Falling To Pieces - *SAD* Piano Beautiful Song Instrumental", "alt_title": null, "thumbnails": [{"url": "https://i.ytimg.com/vi/1cgO42sh-ZY/hqdefault.jpg?sqp=-oaymwEYCKgBEF5IVfKriqkDCwgBFQAAiEIYAXAB&rs=AOn4CLAXspVXCJNyA2PVzvn-g_BJBo3LgA", "width": 168, "height": 94, "resolution": "168x94", "id": "0"}, {"url": "https://i.ytimg.com/vi/1cgO42sh-ZY/hqdefault.jpg?sqp=-oaymwEYCMQBEG5IVfKriqkDCwgBFQAAiEIYAXAB&rs=AOn4CLDGkT_sooaVFBFXzatIJHfYenp3jw", "width": 196, "height": 110, "resolution": "196x110", "id": "1"}, {"url": "https://i.ytimg.com/vi/1cgO42sh-ZY/hqdefault.jpg?sqp=-oaymwEZCPYBEIoBSFXyq4qpAwsIARUAAIhCGAFwAQ==&rs=AOn4CLBj0Wc8u4cWxsxI270Tyoix_OVz0g", "width": 246, "height": 138, "resolution": "246x138", "id": "2"}, {"url": "https://i.ytimg.com/vi/1cgO42sh-ZY/hqdefault.jpg?sqp=-oaymwEZCNACELwBSFXyq4qpAwsIARUAAIhCGAFwAQ==&rs=AOn4CLDIAu-b3IqfGTCjmv8MP0NmY_x8uA", "width": 336, "height": 188, "resolution": "336x188", "id": "3"}], "description": "Sad Piano Beautiful Song Instrumental Composed by Jurrivh. \n\n\u25b6 Subscribe for more Music: http://bit.ly/SubToJurrivh\n\ud83d\udcb0 Purchase (License): https://bsta.rs/5ca8638\n\nSocial Media\nInstagram: https://www.instagram.com/jurrivh/\nTwitter: http://twitter.com/jurrivh\nFacebook: https://www.facebook.com/jurrivh/ \n\nCredits\nCinematography by Bernard van den Heiligenberg (http://www.holymountain.nl)\nFemale Model: Cheyenne Krijgsman (https://www.instagram.com/cheyenne.krijgsman/) \n\nSubscribe for New Music every Sunday 5pm (CET)!\n#SadPiano #Jurrivh #Emotional", "categories": ["Music"], "tags": ["Sad", "Jurrivh", "Jurrivh Falling To Pieces", "Sad Piano Falling To Pieces", "Sad Piano", "Beautiful Piano Song", "Jurrivh Piano", "Sad Piano Music", "Sad Piano Instrumental", "Sad Piano Song", "Sad Music That Makes You Cry", "Sad Music Video", "Relaxing Piano Music", "Sad Piano Song By Jurrivh", "Cry Jurrivh", "Emotional Piano Song", "Sad Instrumental", "Emotional Sad Piano Song"], "subtitles": {}, "automatic_captions": {}, "duration": 271, "age_limit": 0, "annotations": null, "chapters": null, "webpage_url": "https://www.youtube.com/watch?v=1cgO42sh-ZY", "view_count": 2047632, "like_count": 38163, "dislike_count": 469, "average_rating": 4.9514394, "formats": [{"format_id": "249", "url": "https://r7---sn-ipoxu-u2x6.googlevideo.com/videoplayback?expire=1610392248&ei=WE78X6b9Io-TigbSyKDwDA&ip=220.129.26.102&id=o-AHpuwNcKxP-ffG1ES_1ToJyXH0G-s1n6rMZds80zOCh0&itag=249&source=youtube&requiressl=yes&mh=Be&mm=31%2C29&mn=sn-ipoxu-u2x6%2Csn-un57sn7s&ms=au%2Crdu&mv=m&mvi=7&pl=21&initcwndbps=1117500&vprv=1&mime=audio%2Fwebm&ns=pm9EdjKnptLFJgUxJw3ST1wF&gir=yes&clen=1897930&dur=271.221&lmt=1575153864286586&mt=1610370272&fvip=4&keepalive=yes&c=WEB&txp=5531432&n=zjTWlhjPesXEwd&sparams=expire%2Cei%2Cip%2Cid%2Citag%2Csource%2Crequiressl%2Cvprv%2Cmime%2Cns%2Cgir%2Cclen%2Cdur%2Clmt&sig=AOq0QJ8wRgIhAKQQk1KQfeXNYc7IIJYpSnY13Gv-JbraHV53n_XPu4iDAiEAzmsTdkzBljuSz61S80ArfMNHhgFD3PtXumdrspqevDk%3D&lsparams=mh%2Cmm%2Cmn%2Cms%2Cmv%2Cmvi%2Cpl%2Cinitcwndbps&lsig=AG3C_xAwRgIhAMckZ_rf0lhpV9RikJrMKOUvITqnuGvv8cvR42hm3Cd2AiEAwpm1QnEZ3gwlZrbIwn7zTrhOVWgq9Ii31emeDycb0mA%3D&ratebypass=yes", "player_url": null, "ext": "webm", "format_note": "tiny", "acodec": "opus", "abr": 50, "asr": 48000, "filesize": 1897930, "fps": null, "height": null, "tbr": 60.781, "width": null, "vcodec": "none", "downloader_options": {"http_chunk_size": 10485760}, "format": "249 - audio only (tiny)", "protocol": "https", "http_headers": {"User-Agent": "Mozilla/5.0 (Windows NT 10.0; Win64; x64) AppleWebKit/537.36 (KHTML, like Gecko) Chrome/73.0.3683.38 Safari/537.36", "Accept-Charset": "ISO-8859-1,utf-8;q=0.7,*;q=0.7", "Accept": "text/html,application/xhtml+xml,application/xml;q=0.9,*/*;q=0.8", "Accept-Encoding": "gzip, deflate", "Accept-Language": "en-us,en;q=0.5"}}, {"format_id": "250", "url": "https://r7---sn-ipoxu-u2x6.googlevideo.com/videoplayback?expire=1610392248&ei=WE78X6b9Io-TigbSyKDwDA&ip=220.129.26.102&id=o-AHpuwNcKxP-ffG1ES_1ToJyXH0G-s1n6rMZds80zOCh0&itag=250&source=youtube&requiressl=yes&mh=Be&mm=31%2C29&mn=sn-ipoxu-u2x6%2Csn-un57sn7s&ms=au%2Crdu&mv=m&mvi=7&pl=21&initcwndbps=1117500&vprv=1&mime=audio%2Fwebm&ns=pm9EdjKnptLFJgUxJw3ST1wF&gir=yes&clen=2534779&dur=271.221&lmt=1575153865882206&mt=1610370272&fvip=4&keepalive=yes&c=WEB&txp=5531432&n=zjTWlhjPesXEwd&sparams=expire%2Cei%2Cip%2Cid%2Citag%2Csource%2Crequiressl%2Cvprv%2Cmime%2Cns%2Cgir%2Cclen%2Cdur%2Clmt&sig=AOq0QJ8wRQIhAK9y1oZwbO4eY4ee9m9j95-NC8it3dtvuN6dRreJCvb3AiATx5oB06Gys6eoodfhKJu9GxWmcN3-Ld1bqm3BbGa5wQ%3D%3D&lsparams=mh%2Cmm%2Cmn%2Cms%2Cmv%2Cmvi%2Cpl%2Cinitcwndbps&lsig=AG3C_xAwRgIhAMckZ_rf0lhpV9RikJrMKOUvITqnuGvv8cvR42hm3Cd2AiEAwpm1QnEZ3gwlZrbIwn7zTrhOVWgq9Ii31emeDycb0mA%3D&ratebypass=yes", "player_url": null, "ext": "webm", "format_note": "tiny", "acodec": "opus", "abr": 70, "asr": 48000, "filesize": 2534779, "fps": null, "height": null, "tbr": 80.836, "width": null, "vcodec": "none", "downloader_options": {"http_chunk_size": 10485760}, "format": "250 - audio only (tiny)", "protocol": "https", "http_headers": {"User-Agent": "Mozilla/5.0 (Windows NT 10.0; Win64; x64) AppleWebKit/537.36 (KHTML, like Gecko) Chrome/73.0.3683.38 Safari/537.36", "Accept-Charset": "ISO-8859-1,utf-8;q=0.7,*;q=0.7", "Accept": "text/html,application/xhtml+xml,application/xml;q=0.9,*/*;q=0.8", "Accept-Encoding": "gzip, deflate", "Accept-Language": "en-us,en;q=0.5"}}, {"format_id": "140", "url": "https://r7---sn-ipoxu-u2x6.googlevideo.com/videoplayback?expire=1610392248&ei=WE78X6b9Io-TigbSyKDwDA&ip=220.129.26.102&id=o-AHpuwNcKxP-ffG1ES_1ToJyXH0G-s1n6rMZds80zOCh0&itag=140&source=youtube&requiressl=yes&mh=Be&mm=31%2C29&mn=sn-ipoxu-u2x6%2Csn-un57sn7s&ms=au%2Crdu&mv=m&mvi=7&pl=21&initcwndbps=1117500&vprv=1&mime=audio%2Fmp4&ns=pm9EdjKnptLFJgUxJw3ST1wF&gir=yes&clen=4391176&dur=271.255&lmt=1575153866986023&mt=1610370272&fvip=4&keepalive=yes&c=WEB&txp=5531432&n=zjTWlhjPesXEwd&sparams=expire%2Cei%2Cip%2Cid%2Citag%2Csource%2Crequiressl%2Cvprv%2Cmime%2Cns%2Cgir%2Cclen%2Cdur%2Clmt&sig=AOq0QJ8wRgIhAL9fRbZjXVSGNqAPztrXYMSeVMekTZnPo7d1eGHoAnsIAiEA4BPX-AW2dQg1mgrgKa4QuUKc5_HJLfoi0NyehP6HEWI%3D&lsparams=mh%2Cmm%2Cmn%2Cms%2Cmv%2Cmvi%2Cpl%2Cinitcwndbps&lsig=AG3C_xAwRgIhAMckZ_rf0lhpV9RikJrMKOUvITqnuGvv8cvR42hm3Cd2AiEAwpm1QnEZ3gwlZrbIwn7zTrhOVWgq9Ii31emeDycb0mA%3D&ratebypass=yes", "player_url": null, "ext": "m4a", "format_note": "tiny", "acodec": "mp4a.40.2", "abr": 128, "container": "m4a_dash", "asr": 44100, "filesize": 4391176, "fps": null, "height": null, "tbr": 130.586, "width": null, "vcodec": "none", "downloader_options": {"http_chunk_size": 10485760}, "format": "140 - audio only (tiny)", "protocol": "https", "http_headers": {"User-Agent": "Mozilla/5.0 (Windows NT 10.0; Win64; x64) AppleWebKit/537.36 (KHTML, like Gecko) Chrome/73.0.3683.38 Safari/537.36", "Accept-Charset": "ISO-8859-1,utf-8;q=0.7,*;q=0.7", "Accept": "text/html,application/xhtml+xml,application/xml;q=0.9,*/*;q=0.8", "Accept-Encoding": "gzip, deflate", "Accept-Language": "en-us,en;q=0.5"}}, {"format_id": "251", "url": "https://r7---sn-ipoxu-u2x6.googlevideo.com/videoplayback?expire=1610392248&ei=WE78X6b9Io-TigbSyKDwDA&ip=220.129.26.102&id=o-AHpuwNcKxP-ffG1ES_1ToJyXH0G-s1n6rMZds80zOCh0&itag=251&source=youtube&requiressl=yes&mh=Be&mm=31%2C29&mn=sn-ipoxu-u2x6%2Csn-un57sn7s&ms=au%2Crdu&mv=m&mvi=7&pl=21&initcwndbps=1117500&vprv=1&mime=audio%2Fwebm&ns=pm9EdjKnptLFJgUxJw3ST1wF&gir=yes&clen=4870219&dur=271.221&lmt=1575153868288557&mt=1610370272&fvip=4&keepalive=yes&c=WEB&txp=5531432&n=zjTWlhjPesXEwd&sparams=expire%2Cei%2Cip%2Cid%2Citag%2Csource%2Crequiressl%2Cvprv%2Cmime%2Cns%2Cgir%2Cclen%2Cdur%2Clmt&sig=AOq0QJ8wRQIgEzsfoUJDbRhWThv9erD158iR0lmRbq3BO2p8Et3fNZkCIQCYBx7X5mBMWauiLUhTvHa5ZpJH7YJCHb2YPZNWQVSA9g%3D%3D&lsparams=mh%2Cmm%2Cmn%2Cms%2Cmv%2Cmvi%2Cpl%2Cinitcwndbps&lsig=AG3C_xAwRgIhAMckZ_rf0lhpV9RikJrMKOUvITqnuGvv8cvR42hm3Cd2AiEAwpm1QnEZ3gwlZrbIwn7zTrhOVWgq9Ii31emeDycb0mA%3D&ratebypass=yes", "player_url": null, "ext": "webm", "format_note": "tiny", "acodec": "opus", "abr": 160, "asr": 48000, "filesize": 4870219, "fps": null, "height": null, "tbr": 153.37, "width": null, "vcodec": "none", "downloader_options": {"http_chunk_size": 10485760}, "format": "251 - audio only (tiny)", "protocol": "https", "http_headers": {"User-Agent": "Mozilla/5.0 (Windows NT 10.0; Win64; x64) AppleWebKit/537.36 (KHTML, like Gecko) Chrome/73.0.3683.38 Safari/537.36", "Accept-Charset": "ISO-8859-1,utf-8;q=0.7,*;q=0.7", "Accept": "text/html,application/xhtml+xml,application/xml;q=0.9,*/*;q=0.8", "Accept-Encoding": "gzip, deflate", "Accept-Language": "en-us,en;q=0.5"}}, {"format_id": "394", "url": "https://r7---sn-ipoxu-u2x6.googlevideo.com/videoplayback?expire=1610392248&ei=WE78X6b9Io-TigbSyKDwDA&ip=220.129.26.102&id=o-AHpuwNcKxP-ffG1ES_1ToJyXH0G-s1n6rMZds80zOCh0&itag=394&aitags=133%2C134%2C135%2C136%2C137%2C160%2C242%2C243%2C244%2C247%2C248%2C278%2C394&source=youtube&requiressl=yes&mh=Be&mm=31%2C29&mn=sn-ipoxu-u2x6%2Csn-un57sn7s&ms=au%2Crdu&mv=m&mvi=7&pl=21&initcwndbps=1117500&vprv=1&mime=video%2Fmp4&ns=pm9EdjKnptLFJgUxJw3ST1wF&gir=yes&clen=1984584&dur=271.200&lmt=1590807068778592&mt=1610370272&fvip=4&keepalive=yes&c=WEB&txp=5531432&n=zjTWlhjPesXEwd&sparams=expire%2Cei%2Cip%2Cid%2Caitags%2Csource%2Crequiressl%2Cvprv%2Cmime%2Cns%2Cgir%2Cclen%2Cdur%2Clmt&sig=AOq0QJ8wRQIgcq1ZPy8A2E-RSvYaarLOJf_ztUUnIe2WU9Ekp_n0ky4CIQCfVD4kcH70m0sByu8HXWnu2Q-uSUCVRPRSBmONM0ejlg%3D%3D&lsparams=mh%2Cmm%2Cmn%2Cms%2Cmv%2Cmvi%2Cpl%2Cinitcwndbps&lsig=AG3C_xAwRgIhAMckZ_rf0lhpV9RikJrMKOUvITqnuGvv8cvR42hm3Cd2AiEAwpm1QnEZ3gwlZrbIwn7zTrhOVWgq9Ii31emeDycb0mA%3D&ratebypass=yes", "player_url": null, "acodec": "none", "vcodec": "av01.0.00M.08", "asr": null, "filesize": 1984584, "format_note": "144p", "fps": 25, "height": 144, "tbr": 68.994, "width": 256, "ext": "mp4", "downloader_options": {"http_chunk_size": 10485760}, "format": "394 - 256x144 (144p)", "protocol": "https", "http_headers": {"User-Agent": "Mozilla/5.0 (Windows NT 10.0; Win64; x64) AppleWebKit/537.36 (KHTML, like Gecko) Chrome/73.0.3683.38 Safari/537.36", "Accept-Charset": "ISO-8859-1,utf-8;q=0.7,*;q=0.7", "Accept": "text/html,application/xhtml+xml,application/xml;q=0.9,*/*;q=0.8", "Accept-Encoding": "gzip, deflate", "Accept-Language": "en-us,en;q=0.5"}}, {"format_id": "160", "url": "https://r7---sn-ipoxu-u2x6.googlevideo.com/videoplayback?expire=1610392248&ei=WE78X6b9Io-TigbSyKDwDA&ip=220.129.26.102&id=o-AHpuwNcKxP-ffG1ES_1ToJyXH0G-s1n6rMZds80zOCh0&itag=160&aitags=133%2C134%2C135%2C136%2C137%2C160%2C242%2C243%2C244%2C247%2C248%2C278%2C394&source=youtube&requiressl=yes&mh=Be&mm=31%2C29&mn=sn-ipoxu-u2x6%2Csn-un57sn7s&ms=au%2Crdu&mv=m&mvi=7&pl=21&initcwndbps=1117500&vprv=1&mime=video%2Fmp4&ns=pm9EdjKnptLFJgUxJw3ST1wF&gir=yes&clen=1423677&dur=271.200&lmt=1575154371263562&mt=1610370272&fvip=4&keepalive=yes&c=WEB&txp=5535432&n=zjTWlhjPesXEwd&sparams=expire%2Cei%2Cip%2Cid%2Caitags%2Csource%2Crequiressl%2Cvprv%2Cmime%2Cns%2Cgir%2Cclen%2Cdur%2Clmt&sig=AOq0QJ8wRQIgVvU6d0fyiN1625aF9KbEQG5Zly9cJ0tI7Gx5lnCOINwCIQCYgHiRWgDBwdYLNmU42lIzXK3JaLFp7RYmrTs2UJoEyQ%3D%3D&lsparams=mh%2Cmm%2Cmn%2Cms%2Cmv%2Cmvi%2Cpl%2Cinitcwndbps&lsig=AG3C_xAwRgIhAMckZ_rf0lhpV9RikJrMKOUvITqnuGvv8cvR42hm3Cd2AiEAwpm1QnEZ3gwlZrbIwn7zTrhOVWgq9Ii31emeDycb0mA%3D&ratebypass=yes", "player_url": null, "ext": "mp4", "height": 144, "format_note": "144p", "vcodec": "avc1.4d400c", "asr": null, "filesize": 1423677, "fps": 25, "tbr": 76.467, "width": 256, "acodec": "none", "downloader_options": {"http_chunk_size": 10485760}, "format": "160 - 256x144 (144p)", "protocol": "https", "http_headers": {"User-Agent": "Mozilla/5.0 (Windows NT 10.0; Win64; x64) AppleWebKit/537.36 (KHTML, like Gecko) Chrome/73.0.3683.38 Safari/537.36", "Accept-Charset": "ISO-8859-1,utf-8;q=0.7,*;q=0.7", "Accept": "text/html,application/xhtml+xml,application/xml;q=0.9,*/*;q=0.8", "Accept-Encoding": "gzip, deflate", "Accept-Language": "en-us,en;q=0.5"}}, {"format_id": "278", "url": "https://r7---sn-ipoxu-u2x6.googlevideo.com/videoplayback?expire=1610392248&ei=WE78X6b9Io-TigbSyKDwDA&ip=220.129.26.102&id=o-AHpuwNcKxP-ffG1ES_1ToJyXH0G-s1n6rMZds80zOCh0&itag=278&aitags=133%2C134%2C135%2C136%2C137%2C160%2C242%2C243%2C244%2C247%2C248%2C278%2C394&source=youtube&requiressl=yes&mh=Be&mm=31%2C29&mn=sn-ipoxu-u2x6%2Csn-un57sn7s&ms=au%2Crdu&mv=m&mvi=7&pl=21&initcwndbps=1117500&vprv=1&mime=video%2Fwebm&ns=pm9EdjKnptLFJgUxJw3ST1wF&gir=yes&clen=2535201&dur=271.200&lmt=1575154662049650&mt=1610370272&fvip=4&keepalive=yes&c=WEB&txp=5535432&n=zjTWlhjPesXEwd&sparams=expire%2Cei%2Cip%2Cid%2Caitags%2Csource%2Crequiressl%2Cvprv%2Cmime%2Cns%2Cgir%2Cclen%2Cdur%2Clmt&sig=AOq0QJ8wRgIhAPBMDQ-rHjy84Jwm3a7VCleq53HgBVr8miweVZIKU0TTAiEArbeJHWos-bOut9pbONSi-ExBvWLWLSzvzxMxwmvAnC4%3D&lsparams=mh%2Cmm%2Cmn%2Cms%2Cmv%2Cmvi%2Cpl%2Cinitcwndbps&lsig=AG3C_xAwRgIhAMckZ_rf0lhpV9RikJrMKOUvITqnuGvv8cvR42hm3Cd2AiEAwpm1QnEZ3gwlZrbIwn7zTrhOVWgq9Ii31emeDycb0mA%3D&ratebypass=yes", "player_url": null, "ext": "webm", "height": 144, "format_note": "144p", "container": "webm", "vcodec": "vp9", "asr": null, "filesize": 2535201, "fps": 25, "tbr": 96.861, "width": 256, "acodec": "none", "downloader_options": {"http_chunk_size": 10485760}, "format": "278 - 256x144 (144p)", "protocol": "https", "http_headers": {"User-Agent": "Mozilla/5.0 (Windows NT 10.0; Win64; x64) AppleWebKit/537.36 (KHTML, like Gecko) Chrome/73.0.3683.38 Safari/537.36", "Accept-Charset": "ISO-8859-1,utf-8;q=0.7,*;q=0.7", "Accept": "text/html,application/xhtml+xml,application/xml;q=0.9,*/*;q=0.8", "Accept-Encoding": "gzip, deflate", "Accept-Language": "en-us,en;q=0.5"}}, {"format_id": "133", "url": "https://r7---sn-ipoxu-u2x6.googlevideo.com/videoplayback?expire=1610392248&ei=WE78X6b9Io-TigbSyKDwDA&ip=220.129.26.102&id=o-AHpuwNcKxP-ffG1ES_1ToJyXH0G-s1n6rMZds80zOCh0&itag=133&aitags=133%2C134%2C135%2C136%2C137%2C160%2C242%2C243%2C244%2C247%2C248%2C278%2C394&source=youtube&requiressl=yes&mh=Be&mm=31%2C29&mn=sn-ipoxu-u2x6%2Csn-un57sn7s&ms=au%2Crdu&mv=m&mvi=7&pl=21&initcwndbps=1117500&vprv=1&mime=video%2Fmp4&ns=pm9EdjKnptLFJgUxJw3ST1wF&gir=yes&clen=2710320&dur=271.200&lmt=1575154371270541&mt=1610370272&fvip=4&keepalive=yes&c=WEB&txp=5535432&n=zjTWlhjPesXEwd&sparams=expire%2Cei%2Cip%2Cid%2Caitags%2Csource%2Crequiressl%2Cvprv%2Cmime%2Cns%2Cgir%2Cclen%2Cdur%2Clmt&sig=AOq0QJ8wRQIgMcnHJgCeZ-s4RtJciIIxetrIB5cXie3L6wZEZ0mcv-oCIQD_nEEb_nY2oSFZKO6ooi-V2soz0sIL5CX2G6cdxPNWbA%3D%3D&lsparams=mh%2Cmm%2Cmn%2Cms%2Cmv%2Cmvi%2Cpl%2Cinitcwndbps&lsig=AG3C_xAwRgIhAMckZ_rf0lhpV9RikJrMKOUvITqnuGvv8cvR42hm3Cd2AiEAwpm1QnEZ3gwlZrbIwn7zTrhOVWgq9Ii31emeDycb0mA%3D&ratebypass=yes", "player_url": null, "ext": "mp4", "height": 240, "format_note": "240p", "vcodec": "avc1.4d4015", "asr": null, "filesize": 2710320, "fps": 25, "tbr": 153.354, "width": 426, "acodec": "none", "downloader_options": {"http_chunk_size": 10485760}, "format": "133 - 426x240 (240p)", "protocol": "https", "http_headers": {"User-Agent": "Mozilla/5.0 (Windows NT 10.0; Win64; x64) AppleWebKit/537.36 (KHTML, like Gecko) Chrome/73.0.3683.38 Safari/537.36", "Accept-Charset": "ISO-8859-1,utf-8;q=0.7,*;q=0.7", "Accept": "text/html,application/xhtml+xml,application/xml;q=0.9,*/*;q=0.8", "Accept-Encoding": "gzip, deflate", "Accept-Language": "en-us,en;q=0.5"}}, {"format_id": "242", "url": "https://r7---sn-ipoxu-u2x6.googlevideo.com/videoplayback?expire=1610392248&ei=WE78X6b9Io-TigbSyKDwDA&ip=220.129.26.102&id=o-AHpuwNcKxP-ffG1ES_1ToJyXH0G-s1n6rMZds80zOCh0&itag=242&aitags=133%2C134%2C135%2C136%2C137%2C160%2C242%2C243%2C244%2C247%2C248%2C278%2C394&source=youtube&requiressl=yes&mh=Be&mm=31%2C29&mn=sn-ipoxu-u2x6%2Csn-un57sn7s&ms=au%2Crdu&mv=m&mvi=7&pl=21&initcwndbps=1117500&vprv=1&mime=video%2Fwebm&ns=pm9EdjKnptLFJgUxJw3ST1wF&gir=yes&clen=2962413&dur=271.200&lmt=1575154662048151&mt=1610370272&fvip=4&keepalive=yes&c=WEB&txp=5535432&n=zjTWlhjPesXEwd&sparams=expire%2Cei%2Cip%2Cid%2Caitags%2Csource%2Crequiressl%2Cvprv%2Cmime%2Cns%2Cgir%2Cclen%2Cdur%2Clmt&sig=AOq0QJ8wRQIhAPrT_TEqwwcbWmKHVNoi-svLpvcPmdzkT3oh67ZONY-IAiB73UlcZ97X_tsb4sBV4I6N9eh8wjmVo7F7CIqPAU8Sag%3D%3D&lsparams=mh%2Cmm%2Cmn%2Cms%2Cmv%2Cmvi%2Cpl%2Cinitcwndbps&lsig=AG3C_xAwRgIhAMckZ_rf0lhpV9RikJrMKOUvITqnuGvv8cvR42hm3Cd2AiEAwpm1QnEZ3gwlZrbIwn7zTrhOVWgq9Ii31emeDycb0mA%3D&ratebypass=yes", "player_url": null, "ext": "webm", "height": 240, "format_note": "240p", "vcodec": "vp9", "asr": null, "filesize": 2962413, "fps": 25, "tbr": 173.032, "width": 426, "acodec": "none", "downloader_options": {"http_chunk_size": 10485760}, "format": "242 - 426x240 (240p)", "protocol": "https", "http_headers": {"User-Agent": "Mozilla/5.0 (Windows NT 10.0; Win64; x64) AppleWebKit/537.36 (KHTML, like Gecko) Chrome/73.0.3683.38 Safari/537.36", "Accept-Charset": "ISO-8859-1,utf-8;q=0.7,*;q=0.7", "Accept": "text/html,application/xhtml+xml,application/xml;q=0.9,*/*;q=0.8", "Accept-Encoding": "gzip, deflate", "Accept-Language": "en-us,en;q=0.5"}}, {"format_id": "134", "url": "https://r7---sn-ipoxu-u2x6.googlevideo.com/videoplayback?expire=1610392248&ei=WE78X6b9Io-TigbSyKDwDA&ip=220.129.26.102&id=o-AHpuwNcKxP-ffG1ES_1ToJyXH0G-s1n6rMZds80zOCh0&itag=134&aitags=133%2C134%2C135%2C136%2C137%2C160%2C242%2C243%2C244%2C247%2C248%2C278%2C394&source=youtube&requiressl=yes&mh=Be&mm=31%2C29&mn=sn-ipoxu-u2x6%2Csn-un57sn7s&ms=au%2Crdu&mv=m&mvi=7&pl=21&initcwndbps=1117500&vprv=1&mime=video%2Fmp4&ns=pm9EdjKnptLFJgUxJw3ST1wF&gir=yes&clen=4418537&dur=271.200&lmt=1575154371262764&mt=1610370272&fvip=4&keepalive=yes&c=WEB&txp=5535432&n=zjTWlhjPesXEwd&sparams=expire%2Cei%2Cip%2Cid%2Caitags%2Csource%2Crequiressl%2Cvprv%2Cmime%2Cns%2Cgir%2Cclen%2Cdur%2Clmt&sig=AOq0QJ8wRQIhAJ9b3sia7Fwr8-1qMVqOusoXb6jAt5o1tLkGMrEls5vvAiBsTZMqlifxha06Mg6dP1UGHqGMBBoY-GkInkA_aHJKkw%3D%3D&lsparams=mh%2Cmm%2Cmn%2Cms%2Cmv%2Cmvi%2Cpl%2Cinitcwndbps&lsig=AG3C_xAwRgIhAMckZ_rf0lhpV9RikJrMKOUvITqnuGvv8cvR42hm3Cd2AiEAwpm1QnEZ3gwlZrbIwn7zTrhOVWgq9Ii31emeDycb0mA%3D&ratebypass=yes", "player_url": null, "ext": "mp4", "height": 360, "format_note": "360p", "vcodec": "avc1.4d401e", "asr": null, "filesize": 4418537, "fps": 25, "tbr": 255.295, "width": 640, "acodec": "none", "downloader_options": {"http_chunk_size": 10485760}, "format": "134 - 640x360 (360p)", "protocol": "https", "http_headers": {"User-Agent": "Mozilla/5.0 (Windows NT 10.0; Win64; x64) AppleWebKit/537.36 (KHTML, like Gecko) Chrome/73.0.3683.38 Safari/537.36", "Accept-Charset": "ISO-8859-1,utf-8;q=0.7,*;q=0.7", "Accept": "text/html,application/xhtml+xml,application/xml;q=0.9,*/*;q=0.8", "Accept-Encoding": "gzip, deflate", "Accept-Language": "en-us,en;q=0.5"}}, {"format_id": "243", "url": "https://r7---sn-ipoxu-u2x6.googlevideo.com/videoplayback?expire=1610392248&ei=WE78X6b9Io-TigbSyKDwDA&ip=220.129.26.102&id=o-AHpuwNcKxP-ffG1ES_1ToJyXH0G-s1n6rMZds80zOCh0&itag=243&aitags=133%2C134%2C135%2C136%2C137%2C160%2C242%2C243%2C244%2C247%2C248%2C278%2C394&source=youtube&requiressl=yes&mh=Be&mm=31%2C29&mn=sn-ipoxu-u2x6%2Csn-un57sn7s&ms=au%2Crdu&mv=m&mvi=7&pl=21&initcwndbps=1117500&vprv=1&mime=video%2Fwebm&ns=pm9EdjKnptLFJgUxJw3ST1wF&gir=yes&clen=4687583&dur=271.200&lmt=1575154662055683&mt=1610370272&fvip=4&keepalive=yes&c=WEB&txp=5535432&n=zjTWlhjPesXEwd&sparams=expire%2Cei%2Cip%2Cid%2Caitags%2Csource%2Crequiressl%2Cvprv%2Cmime%2Cns%2Cgir%2Cclen%2Cdur%2Clmt&sig=AOq0QJ8wRQIhAOUA6T5Um1mu5Xy9xVC6uKD_r0f1cvGA5YAGXcN0arcRAiBMnrG5e8zRWue_DR0sKKkWZifCRIw_9ZlP4OjCqPhW5w%3D%3D&lsparams=mh%2Cmm%2Cmn%2Cms%2Cmv%2Cmvi%2Cpl%2Cinitcwndbps&lsig=AG3C_xAwRgIhAMckZ_rf0lhpV9RikJrMKOUvITqnuGvv8cvR42hm3Cd2AiEAwpm1QnEZ3gwlZrbIwn7zTrhOVWgq9Ii31emeDycb0mA%3D&ratebypass=yes", "player_url": null, "ext": "webm", "height": 360, "format_note": "360p", "vcodec": "vp9", "asr": null, "filesize": 4687583, "fps": 25, "tbr": 285.312, "width": 640, "acodec": "none", "downloader_options": {"http_chunk_size": 10485760}, "format": "243 - 640x360 (360p)", "protocol": "https", "http_headers": {"User-Agent": "Mozilla/5.0 (Windows NT 10.0; Win64; x64) AppleWebKit/537.36 (KHTML, like Gecko) Chrome/73.0.3683.38 Safari/537.36", "Accept-Charset": "ISO-8859-1,utf-8;q=0.7,*;q=0.7", "Accept": "text/html,application/xhtml+xml,application/xml;q=0.9,*/*;q=0.8", "Accept-Encoding": "gzip, deflate", "Accept-Language": "en-us,en;q=0.5"}}, {"format_id": "135", "url": "https://r7---sn-ipoxu-u2x6.googlevideo.com/videoplayback?expire=1610392248&ei=WE78X6b9Io-TigbSyKDwDA&ip=220.129.26.102&id=o-AHpuwNcKxP-ffG1ES_1ToJyXH0G-s1n6rMZds80zOCh0&itag=135&aitags=133%2C134%2C135%2C136%2C137%2C160%2C242%2C243%2C244%2C247%2C248%2C278%2C394&source=youtube&requiressl=yes&mh=Be&mm=31%2C29&mn=sn-ipoxu-u2x6%2Csn-un57sn7s&ms=au%2Crdu&mv=m&mvi=7&pl=21&initcwndbps=1117500&vprv=1&mime=video%2Fmp4&ns=pm9EdjKnptLFJgUxJw3ST1wF&gir=yes&clen=6263706&dur=271.200&lmt=1575154371261149&mt=1610370272&fvip=4&keepalive=yes&c=WEB&txp=5535432&n=zjTWlhjPesXEwd&sparams=expire%2Cei%2Cip%2Cid%2Caitags%2Csource%2Crequiressl%2Cvprv%2Cmime%2Cns%2Cgir%2Cclen%2Cdur%2Clmt&sig=AOq0QJ8wRgIhAL-goLtmJTXsLRg5N1gwNe6-E6i6TlrxF_U3CeBDfWsIAiEAm6Lk413driq1opu77y9SSpK89eTMme7VIly2zK_O1hY%3D&lsparams=mh%2Cmm%2Cmn%2Cms%2Cmv%2Cmvi%2Cpl%2Cinitcwndbps&lsig=AG3C_xAwRgIhAMckZ_rf0lhpV9RikJrMKOUvITqnuGvv8cvR42hm3Cd2AiEAwpm1QnEZ3gwlZrbIwn7zTrhOVWgq9Ii31emeDycb0mA%3D&ratebypass=yes", "player_url": null, "ext": "mp4", "height": 480, "format_note": "480p", "vcodec": "avc1.4d401e", "asr": null, "filesize": 6263706, "fps": 25, "tbr": 384.264, "width": 854, "acodec": "none", "downloader_options": {"http_chunk_size": 10485760}, "format": "135 - 854x480 (480p)", "protocol": "https", "http_headers": {"User-Agent": "Mozilla/5.0 (Windows NT 10.0; Win64; x64) AppleWebKit/537.36 (KHTML, like Gecko) Chrome/73.0.3683.38 Safari/537.36", "Accept-Charset": "ISO-8859-1,utf-8;q=0.7,*;q=0.7", "Accept": "text/html,application/xhtml+xml,application/xml;q=0.9,*/*;q=0.8", "Accept-Encoding": "gzip, deflate", "Accept-Language": "en-us,en;q=0.5"}}, {"format_id": "244", "url": "https://r7---sn-ipoxu-u2x6.googlevideo.com/videoplayback?expire=1610392248&ei=WE78X6b9Io-TigbSyKDwDA&ip=220.129.26.102&id=o-AHpuwNcKxP-ffG1ES_1ToJyXH0G-s1n6rMZds80zOCh0&itag=244&aitags=133%2C134%2C135%2C136%2C137%2C160%2C242%2C243%2C244%2C247%2C248%2C278%2C394&source=youtube&requiressl=yes&mh=Be&mm=31%2C29&mn=sn-ipoxu-u2x6%2Csn-un57sn7s&ms=au%2Crdu&mv=m&mvi=7&pl=21&initcwndbps=1117500&vprv=1&mime=video%2Fwebm&ns=pm9EdjKnptLFJgUxJw3ST1wF&gir=yes&clen=6497563&dur=271.200&lmt=1575154662047937&mt=1610370272&fvip=4&keepalive=yes&c=WEB&txp=5535432&n=zjTWlhjPesXEwd&sparams=expire%2Cei%2Cip%2Cid%2Caitags%2Csource%2Crequiressl%2Cvprv%2Cmime%2Cns%2Cgir%2Cclen%2Cdur%2Clmt&sig=AOq0QJ8wRgIhAK4dWdfTB38FS1rSXmVHomn3IIsyorujJ6YveZXxc1GcAiEAqBWfgWSA7H7RjcrIqabQEoENt89xJQzZaMQSrRVNzM4%3D&lsparams=mh%2Cmm%2Cmn%2Cms%2Cmv%2Cmvi%2Cpl%2Cinitcwndbps&lsig=AG3C_xAwRgIhAMckZ_rf0lhpV9RikJrMKOUvITqnuGvv8cvR42hm3Cd2AiEAwpm1QnEZ3gwlZrbIwn7zTrhOVWgq9Ii31emeDycb0mA%3D&ratebypass=yes", "player_url": null, "ext": "webm", "height": 480, "format_note": "480p", "vcodec": "vp9", "asr": null, "filesize": 6497563, "fps": 25, "tbr": 397.482, "width": 854, "acodec": "none", "downloader_options": {"http_chunk_size": 10485760}, "format": "244 - 854x480 (480p)", "protocol": "https", "http_headers": {"User-Agent": "Mozilla/5.0 (Windows NT 10.0; Win64; x64) AppleWebKit/537.36 (KHTML, like Gecko) Chrome/73.0.3683.38 Safari/537.36", "Accept-Charset": "ISO-8859-1,utf-8;q=0.7,*;q=0.7", "Accept": "text/html,application/xhtml+xml,application/xml;q=0.9,*/*;q=0.8", "Accept-Encoding": "gzip, deflate", "Accept-Language": "en-us,en;q=0.5"}}, {"format_id": "136", "url": "https://r7---sn-ipoxu-u2x6.googlevideo.com/videoplayback?expire=1610392248&ei=WE78X6b9Io-TigbSyKDwDA&ip=220.129.26.102&id=o-AHpuwNcKxP-ffG1ES_1ToJyXH0G-s1n6rMZds80zOCh0&itag=136&aitags=133%2C134%2C135%2C136%2C137%2C160%2C242%2C243%2C244%2C247%2C248%2C278%2C394&source=youtube&requiressl=yes&mh=Be&mm=31%2C29&mn=sn-ipoxu-u2x6%2Csn-un57sn7s&ms=au%2Crdu&mv=m&mvi=7&pl=21&initcwndbps=1117500&vprv=1&mime=video%2Fmp4&ns=pm9EdjKnptLFJgUxJw3ST1wF&gir=yes&clen=9037614&dur=271.200&lmt=1575154371260614&mt=1610370272&fvip=4&keepalive=yes&c=WEB&txp=5535432&n=zjTWlhjPesXEwd&sparams=expire%2Cei%2Cip%2Cid%2Caitags%2Csource%2Crequiressl%2Cvprv%2Cmime%2Cns%2Cgir%2Cclen%2Cdur%2Clmt&sig=AOq0QJ8wRgIhAMWEqocaQ9iocUJEwSeXUFsD07JSQp5j9cD8QJbYjW6sAiEA-fl9RAxHxLWQiPBarRKpqoQe2P1MnJTgmvk3xFYMEAo%3D&lsparams=mh%2Cmm%2Cmn%2Cms%2Cmv%2Cmvi%2Cpl%2Cinitcwndbps&lsig=AG3C_xAwRgIhAMckZ_rf0lhpV9RikJrMKOUvITqnuGvv8cvR42hm3Cd2AiEAwpm1QnEZ3gwlZrbIwn7zTrhOVWgq9Ii31emeDycb0mA%3D&ratebypass=yes", "player_url": null, "ext": "mp4", "height": 720, "format_note": "720p", "vcodec": "avc1.4d401f", "asr": null, "filesize": 9037614, "fps": 25, "tbr": 527.625, "width": 1280, "acodec": "none", "downloader_options": {"http_chunk_size": 10485760}, "format": "136 - 1280x720 (720p)", "protocol": "https", "http_headers": {"User-Agent": "Mozilla/5.0 (Windows NT 10.0; Win64; x64) AppleWebKit/537.36 (KHTML, like Gecko) Chrome/73.0.3683.38 Safari/537.36", "Accept-Charset": "ISO-8859-1,utf-8;q=0.7,*;q=0.7", "Accept": "text/html,application/xhtml+xml,application/xml;q=0.9,*/*;q=0.8", "Accept-Encoding": "gzip, deflate", "Accept-Language": "en-us,en;q=0.5"}}, {"format_id": "247", "url": "https://r7---sn-ipoxu-u2x6.googlevideo.com/videoplayback?expire=1610392248&ei=WE78X6b9Io-TigbSyKDwDA&ip=220.129.26.102&id=o-AHpuwNcKxP-ffG1ES_1ToJyXH0G-s1n6rMZds80zOCh0&itag=247&aitags=133%2C134%2C135%2C136%2C137%2C160%2C242%2C243%2C244%2C247%2C248%2C278%2C394&source=youtube&requiressl=yes&mh=Be&mm=31%2C29&mn=sn-ipoxu-u2x6%2Csn-un57sn7s&ms=au%2Crdu&mv=m&mvi=7&pl=21&initcwndbps=1117500&vprv=1&mime=video%2Fwebm&ns=pm9EdjKnptLFJgUxJw3ST1wF&gir=yes&clen=10585724&dur=271.200&lmt=1575154662049524&mt=1610370272&fvip=4&keepalive=yes&c=WEB&txp=5535432&n=zjTWlhjPesXEwd&sparams=expire%2Cei%2Cip%2Cid%2Caitags%2Csource%2Crequiressl%2Cvprv%2Cmime%2Cns%2Cgir%2Cclen%2Cdur%2Clmt&sig=AOq0QJ8wRAIgebZf9oVnryO9XP6RAQOUUJyRspsB1X1H7RPULu_fsGcCIFmYRYsLLMeOO7qXGLOwnjpD-SrksqswlXPxNV-Rq_XM&lsparams=mh%2Cmm%2Cmn%2Cms%2Cmv%2Cmvi%2Cpl%2Cinitcwndbps&lsig=AG3C_xAwRgIhAMckZ_rf0lhpV9RikJrMKOUvITqnuGvv8cvR42hm3Cd2AiEAwpm1QnEZ3gwlZrbIwn7zTrhOVWgq9Ii31emeDycb0mA%3D&ratebypass=yes", "player_url": null, "ext": "webm", "height": 720, "format_note": "720p", "vcodec": "vp9", "asr": null, "filesize": 10585724, "fps": 25, "tbr": 636.36, "width": 1280, "acodec": "none", "downloader_options": {"http_chunk_size": 10485760}, "format": "247 - 1280x720 (720p)", "protocol": "https", "http_headers": {"User-Agent": "Mozilla/5.0 (Windows NT 10.0; Win64; x64) AppleWebKit/537.36 (KHTML, like Gecko) Chrome/73.0.3683.38 Safari/537.36", "Accept-Charset": "ISO-8859-1,utf-8;q=0.7,*;q=0.7", "Accept": "text/html,application/xhtml+xml,application/xml;q=0.9,*/*;q=0.8", "Accept-Encoding": "gzip, deflate", "Accept-Language": "en-us,en;q=0.5"}}, {"format_id": "137", "url": "https://r7---sn-ipoxu-u2x6.googlevideo.com/videoplayback?expire=1610392248&ei=WE78X6b9Io-TigbSyKDwDA&ip=220.129.26.102&id=o-AHpuwNcKxP-ffG1ES_1ToJyXH0G-s1n6rMZds80zOCh0&itag=137&aitags=133%2C134%2C135%2C136%2C137%2C160%2C242%2C243%2C244%2C247%2C248%2C278%2C394&source=youtube&requiressl=yes&mh=Be&mm=31%2C29&mn=sn-ipoxu-u2x6%2Csn-un57sn7s&ms=au%2Crdu&mv=m&mvi=7&pl=21&initcwndbps=1117500&vprv=1&mime=video%2Fmp4&ns=pm9EdjKnptLFJgUxJw3ST1wF&gir=yes&clen=29093576&dur=271.200&lmt=1575154273776776&mt=1610370272&fvip=4&keepalive=yes&c=WEB&txp=5535432&n=zjTWlhjPesXEwd&sparams=expire%2Cei%2Cip%2Cid%2Caitags%2Csource%2Crequiressl%2Cvprv%2Cmime%2Cns%2Cgir%2Cclen%2Cdur%2Clmt&sig=AOq0QJ8wRQIhAMT0QLOnDgb6lQR9yC5xmsYEDSO8RZPdm6isJCpja10QAiA_lGkT7qXikHdxgIESSIyaP5WVvi6K2npFEnQEkaxZ2g%3D%3D&lsparams=mh%2Cmm%2Cmn%2Cms%2Cmv%2Cmvi%2Cpl%2Cinitcwndbps&lsig=AG3C_xAwRgIhAMckZ_rf0lhpV9RikJrMKOUvITqnuGvv8cvR42hm3Cd2AiEAwpm1QnEZ3gwlZrbIwn7zTrhOVWgq9Ii31emeDycb0mA%3D&ratebypass=yes", "player_url": null, "ext": "mp4", "height": 1080, "format_note": "1080p", "vcodec": "avc1.640028", "asr": null, "filesize": 29093576, "fps": 25, "tbr": 1594.204, "width": 1920, "acodec": "none", "downloader_options": {"http_chunk_size": 10485760}, "format": "137 - 1920x1080 (1080p)", "protocol": "https", "http_headers": {"User-Agent": "Mozilla/5.0 (Windows NT 10.0; Win64; x64) AppleWebKit/537.36 (KHTML, like Gecko) Chrome/73.0.3683.38 Safari/537.36", "Accept-Charset": "ISO-8859-1,utf-8;q=0.7,*;q=0.7", "Accept": "text/html,application/xhtml+xml,application/xml;q=0.9,*/*;q=0.8", "Accept-Encoding": "gzip, deflate", "Accept-Language": "en-us,en;q=0.5"}}, {"format_id": "248", "url": "https://r7---sn-ipoxu-u2x6.googlevideo.com/videoplayback?expire=1610392248&ei=WE78X6b9Io-TigbSyKDwDA&ip=220.129.26.102&id=o-AHpuwNcKxP-ffG1ES_1ToJyXH0G-s1n6rMZds80zOCh0&itag=248&aitags=133%2C134%2C135%2C136%2C137%2C160%2C242%2C243%2C244%2C247%2C248%2C278%2C394&source=youtube&requiressl=yes&mh=Be&mm=31%2C29&mn=sn-ipoxu-u2x6%2Csn-un57sn7s&ms=au%2Crdu&mv=m&mvi=7&pl=21&initcwndbps=1117500&vprv=1&mime=video%2Fwebm&ns=pm9EdjKnptLFJgUxJw3ST1wF&gir=yes&clen=29843432&dur=271.200&lmt=1575154545821977&mt=1610370272&fvip=4&keepalive=yes&c=WEB&txp=5535432&n=zjTWlhjPesXEwd&sparams=expire%2Cei%2Cip%2Cid%2Caitags%2Csource%2Crequiressl%2Cvprv%2Cmime%2Cns%2Cgir%2Cclen%2Cdur%2Clmt&sig=AOq0QJ8wRgIhAKPC42FDI8wsspli-LRCtFK5HKPu_XuaNp48kzlC1ZDNAiEA9UMno_dPX4XM-Rb3_IhPtfUUUeloMOuIhY8tE93O40I%3D&lsparams=mh%2Cmm%2Cmn%2Cms%2Cmv%2Cmvi%2Cpl%2Cinitcwndbps&lsig=AG3C_xAwRgIhAMckZ_rf0lhpV9RikJrMKOUvITqnuGvv8cvR42hm3Cd2AiEAwpm1QnEZ3gwlZrbIwn7zTrhOVWgq9Ii31emeDycb0mA%3D&ratebypass=yes", "player_url": null, "ext": "webm", "height": 1080, "format_note": "1080p", "vcodec": "vp9", "asr": null, "filesize": 29843432, "fps": 25, "tbr": 1777.614, "width": 1920, "acodec": "none", "downloader_options": {"http_chunk_size": 10485760}, "format": "248 - 1920x1080 (1080p)", "protocol": "https", "http_headers": {"User-Agent": "Mozilla/5.0 (Windows NT 10.0; Win64; x64) AppleWebKit/537.36 (KHTML, like Gecko) Chrome/73.0.3683.38 Safari/537.36", "Accept-Charset": "ISO-8859-1,utf-8;q=0.7,*;q=0.7", "Accept": "text/html,application/xhtml+xml,application/xml;q=0.9,*/*;q=0.8", "Accept-Encoding": "gzip, deflate", "Accept-Language": "en-us,en;q=0.5"}}, {"format_id": "18", "url": "https://r7---sn-ipoxu-u2x6.googlevideo.com/videoplayback?expire=1610392248&ei=WE78X6b9Io-TigbSyKDwDA&ip=220.129.26.102&id=o-AHpuwNcKxP-ffG1ES_1ToJyXH0G-s1n6rMZds80zOCh0&itag=18&source=youtube&requiressl=yes&mh=Be&mm=31%2C29&mn=sn-ipoxu-u2x6%2Csn-un57sn7s&ms=au%2Crdu&mv=m&mvi=7&pl=21&initcwndbps=1117500&vprv=1&mime=video%2Fmp4&ns=KL4B80B1mvr-sgn9rXfNRGUF&gir=yes&clen=12457472&ratebypass=yes&dur=271.255&lmt=1575153725709614&mt=1610370272&fvip=4&c=WEB&txp=5531432&n=KyxghjcRFbXyM8&sparams=expire%2Cei%2Cip%2Cid%2Citag%2Csource%2Crequiressl%2Cvprv%2Cmime%2Cns%2Cgir%2Cclen%2Cratebypass%2Cdur%2Clmt&sig=AOq0QJ8wRQIhAMU48s5dWTec5iZsy6piasEUuW_TNbCcjGwEX80J1VYzAiBWtBZ41kWx4yVPXkZNvlDhnvgdASAkNzx_aF7Qqa_4Gw%3D%3D&lsparams=mh%2Cmm%2Cmn%2Cms%2Cmv%2Cmvi%2Cpl%2Cinitcwndbps&lsig=AG3C_xAwRgIhAMckZ_rf0lhpV9RikJrMKOUvITqnuGvv8cvR42hm3Cd2AiEAwpm1QnEZ3gwlZrbIwn7zTrhOVWgq9Ii31emeDycb0mA%3D", "player_url": null, "ext": "mp4", "width": 640, "height": 360, "acodec": "mp4a.40.2", "abr": 96, "vcodec": "avc1.42001E", "asr": 44100, "filesize": 12457472, "format_note": "360p", "fps": 25, "tbr": 367.477, "format": "18 - 640x360 (360p)", "protocol": "https", "http_headers": {"User-Agent": "Mozilla/5.0 (Windows NT 10.0; Win64; x64) AppleWebKit/537.36 (KHTML, like Gecko) Chrome/73.0.3683.38 Safari/537.36", "Accept-Charset": "ISO-8859-1,utf-8;q=0.7,*;q=0.7", "Accept": "text/html,application/xhtml+xml,application/xml;q=0.9,*/*;q=0.8", "Accept-Encoding": "gzip, deflate", "Accept-Language": "en-us,en;q=0.5"}}], "is_live": null, "start_time": null, "end_time": null, "series": null, "season_number": null, "episode_number": null, "track": null, "artist": null, "album": null, "release_date": null, "release_year": null, "extractor": "youtube", "webpage_url_basename": "watch", "extractor_key": "Youtube", "playlist": null, "playlist_index": null, "thumbnail": "https://i.ytimg.com/vi/1cgO42sh-ZY/hqdefault.jpg?sqp=-oaymwEZCNACELwBSFXyq4qpAwsIARUAAIhCGAFwAQ==&rs=AOn4CLDIAu-b3IqfGTCjmv8MP0NmY_x8uA", "display_id": "1cgO42sh-ZY", "requested_subtitles": null, "format_id": "251", "url": "https://r7---sn-ipoxu-u2x6.googlevideo.com/videoplayback?expire=1610392248&ei=WE78X6b9Io-TigbSyKDwDA&ip=220.129.26.102&id=o-AHpuwNcKxP-ffG1ES_1ToJyXH0G-s1n6rMZds80zOCh0&itag=251&source=youtube&requiressl=yes&mh=Be&mm=31%2C29&mn=sn-ipoxu-u2x6%2Csn-un57sn7s&ms=au%2Crdu&mv=m&mvi=7&pl=21&initcwndbps=1117500&vprv=1&mime=audio%2Fwebm&ns=pm9EdjKnptLFJgUxJw3ST1wF&gir=yes&clen=4870219&dur=271.221&lmt=1575153868288557&mt=1610370272&fvip=4&keepalive=yes&c=WEB&txp=5531432&n=zjTWlhjPesXEwd&sparams=expire%2Cei%2Cip%2Cid%2Citag%2Csource%2Crequiressl%2Cvprv%2Cmime%2Cns%2Cgir%2Cclen%2Cdur%2Clmt&sig=AOq0QJ8wRQIgEzsfoUJDbRhWThv9erD158iR0lmRbq3BO2p8Et3fNZkCIQCYBx7X5mBMWauiLUhTvHa5ZpJH7YJCHb2YPZNWQVSA9g%3D%3D&lsparams=mh%2Cmm%2Cmn%2Cms%2Cmv%2Cmvi%2Cpl%2Cinitcwndbps&lsig=AG3C_xAwRgIhAMckZ_rf0lhpV9RikJrMKOUvITqnuGvv8cvR42hm3Cd2AiEAwpm1QnEZ3gwlZrbIwn7zTrhOVWgq9Ii31emeDycb0mA%3D&ratebypass=yes", "player_url": null, "ext": "webm", "format_note": "tiny", "acodec": "opus", "abr": 160, "asr": 48000, "filesize": 4870219, "fps": null, "height": null, "tbr": 153.37, "width": null, "vcodec": "none", "downloader_options": {"http_chunk_size": 10485760}, "format": "251 - audio only (tiny)", "protocol": "https", "http_headers": {"User-Agent": "Mozilla/5.0 (Windows NT 10.0; Win64; x64) AppleWebKit/537.36 (KHTML, like Gecko) Chrome/73.0.3683.38 Safari/537.36", "Accept-Charset": "ISO-8859-1,utf-8;q=0.7,*;q=0.7", "Accept": "text/html,application/xhtml+xml,application/xml;q=0.9,*/*;q=0.8", "Accept-Encoding": "gzip, deflate", "Accept-Language": "en-us,en;q=0.5"}}