{"id": "4Er-eFHSHA4", "uploader": "Chad Lawson - Topic", "uploader_id": "UCoAthg_-EW4eK--yszy-qbg", "uploader_url": "http://www.youtube.com/channel/UCoAthg_-EW4eK--yszy-qbg", "channel_id": "UCoAthg_-EW4eK--yszy-qbg", "channel_url": "http://www.youtube.com/channel/UCoAthg_-EW4eK--yszy-qbg", "upload_date": "20181101", "license": null, "creator": "Chad Lawson", "title": "Minister Knows Best", "alt_title": "Minister Knows Best", "thumbnails": [{"url": "https://i.ytimg.com/vi/4Er-eFHSHA4/hqdefault.jpg?sqp=-oaymwEbCKgBEF5IVfKriqkDDggBFQAAiEIYAXABwAEG&rs=AOn4CLAO1FmoT0s9dMIiEdkVy1ihh7AjKw", "width": 168, "height": 94, "resolution": "168x94", "id": "0"}, {"url": "https://i.ytimg.com/vi/4Er-eFHSHA4/hqdefault.jpg?sqp=-oaymwEbCMQBEG5IVfKriqkDDggBFQAAiEIYAXABwAEG&rs=AOn4CLDsH--8g1t_5S_nT9uDUEQGBhwP8g", "width": 196, "height": 110, "resolution": "196x110", "id": "1"}, {"url": "https://i.ytimg.com/vi/4Er-eFHSHA4/hqdefault.jpg?sqp=-oaymwEcCPYBEIoBSFXyq4qpAw4IARUAAIhCGAFwAcABBg==&rs=AOn4CLCnw8GEGuKOOGUKI3k_4lh5Fcovow", "width": 246, "height": 138, "resolution": "246x138", "id": "2"}, {"url": "https://i.ytimg.com/vi/4Er-eFHSHA4/hqdefault.jpg?sqp=-oaymwEcCNACELwBSFXyq4qpAw4IARUAAIhCGAFwAcABBg==&rs=AOn4CLBnp-4TTqQ9ztuPAz6LHXswEj6NSQ", "width": 336, "height": 188, "resolution": "336x188", "id": "3"}, {"url": "https://i.ytimg.com/vi_webp/4Er-eFHSHA4/maxresdefault.webp", "width": 1920, "height": 1080, "resolution": "1920x1080", "id": "4"}], "description": "Provided to YouTube by CDBaby\n\nMinister Knows Best \u00b7 Chad Lawson\n\nHome Sweet Home: The 2018 Lore Variations\n\n\u2117 2018 Chad Lawson\n\nReleased on: 2018-11-02\n\nAuto-generated by YouTube.", "categories": ["Music"], "tags": ["Chad Lawson", "Home Sweet Home: The 2018 Lore Variations", "Minister Knows Best"], "subtitles": {}, "automatic_captions": {}, "duration": 356, "age_limit": 0, "annotations": null, "chapters": null, "webpage_url": "https://www.youtube.com/watch?v=4Er-eFHSHA4", "view_count": 2328, "like_count": 21, "dislike_count": 2, "average_rating": 4.652174, "formats": [{"format_id": "249", "url": "https://r5---sn-5njj-u2xl.googlevideo.com/videoplayback?expire=1613562134&ei=tqwsYPDkM5CXgAPD0YB4&ip=140.109.134.235&id=o-AO8gB4VqXRo9iHhPNnapQFnYaWE6s-A7OSXiHrYjhfhM&itag=249&source=youtube&requiressl=yes&mh=t9&mm=31%2C29&mn=sn-5njj-u2xl%2Csn-un57sn7z&ms=au%2Crdu&mv=m&mvi=5&pl=16&gcr=tw&initcwndbps=443750&vprv=1&mime=audio%2Fwebm&ns=1yIfoGyq_rmE2ZMJKRjwUzUF&gir=yes&clen=2497349&dur=355.681&lmt=1573522656849002&mt=1613540193&fvip=5&keepalive=yes&c=WEB&txp=2301222&n=ZiPi5aYfwpRrpTa1W&sparams=expire%2Cei%2Cip%2Cid%2Citag%2Csource%2Crequiressl%2Cgcr%2Cvprv%2Cmime%2Cns%2Cgir%2Cclen%2Cdur%2Clmt&lsparams=mh%2Cmm%2Cmn%2Cms%2Cmv%2Cmvi%2Cpl%2Cinitcwndbps&lsig=AG3C_xAwRgIhAKWYPCJGlPpf8EA8F7h7hLcUIsfG26gLQaK4KNLHpaZjAiEAyICt6_iLIfg8gjDSK95FULzdLd-fkpITwhOK-CYpQpY%3D&sig=AOq0QJ8wRQIhAMQ-QovT5U--U3rRkOFir-QL5qzJpm8pSMNE1tIm92hvAiBQignQXSvJQ68Sew7dJ_NoMRAFTOYi7vGENxS_66FTJg==&ratebypass=yes", "player_url": "/s/player/6eebf7aa/player_ias.vflset/en_US/base.js", "ext": "webm", "format_note": "tiny", "acodec": "opus", "abr": 50, "asr": 48000, "filesize": 2497349, "fps": null, "height": null, "tbr": 60.977, "width": null, "vcodec": "none", "downloader_options": {"http_chunk_size": 10485760}, "format": "249 - audio only (tiny)", "protocol": "https", "http_headers": {"User-Agent": "Mozilla/5.0 (Windows NT 10.0; Win64; x64) AppleWebKit/537.36 (KHTML, like Gecko) Chrome/75.0.3731.3 Safari/537.36", "Accept-Charset": "ISO-8859-1,utf-8;q=0.7,*;q=0.7", "Accept": "text/html,application/xhtml+xml,application/xml;q=0.9,*/*;q=0.8", "Accept-Encoding": "gzip, deflate", "Accept-Language": "en-us,en;q=0.5"}}, {"format_id": "250", "url": "https://r5---sn-5njj-u2xl.googlevideo.com/videoplayback?expire=1613562134&ei=tqwsYPDkM5CXgAPD0YB4&ip=140.109.134.235&id=o-AO8gB4VqXRo9iHhPNnapQFnYaWE6s-A7OSXiHrYjhfhM&itag=250&source=youtube&requiressl=yes&mh=t9&mm=31%2C29&mn=sn-5njj-u2xl%2Csn-un57sn7z&ms=au%2Crdu&mv=m&mvi=5&pl=16&gcr=tw&initcwndbps=443750&vprv=1&mime=audio%2Fwebm&ns=1yIfoGyq_rmE2ZMJKRjwUzUF&gir=yes&clen=3329490&dur=355.681&lmt=1573522656751698&mt=1613540193&fvip=5&keepalive=yes&c=WEB&txp=2301222&n=ZiPi5aYfwpRrpTa1W&sparams=expire%2Cei%2Cip%2Cid%2Citag%2Csource%2Crequiressl%2Cgcr%2Cvprv%2Cmime%2Cns%2Cgir%2Cclen%2Cdur%2Clmt&lsparams=mh%2Cmm%2Cmn%2Cms%2Cmv%2Cmvi%2Cpl%2Cinitcwndbps&lsig=AG3C_xAwRQIhALa54mr4J2paUMaluHdrmREkPzAUQ0bAjuVo6mdgJ0ryAiBi-AeO4W0pafkDkOguX74NlTsnEryh69wAhVodUnEvIw%3D%3D&sig=AOq0QJ8wRQIhAOEz0ZM1Isa9KfG9_PXoT5MHGDG0j6fnjrCDnkUiaPzAAiAy5FHrlXn5NJo90IAT7flC6C_Z8vHnboobuc7GnGapmw==&ratebypass=yes", "player_url": "/s/player/6eebf7aa/player_ias.vflset/en_US/base.js", "ext": "webm", "format_note": "tiny", "acodec": "opus", "abr": 70, "asr": 48000, "filesize": 3329490, "fps": null, "height": null, "tbr": 81.324, "width": null, "vcodec": "none", "downloader_options": {"http_chunk_size": 10485760}, "format": "250 - audio only (tiny)", "protocol": "https", "http_headers": {"User-Agent": "Mozilla/5.0 (Windows NT 10.0; Win64; x64) AppleWebKit/537.36 (KHTML, like Gecko) Chrome/75.0.3731.3 Safari/537.36", "Accept-Charset": "ISO-8859-1,utf-8;q=0.7,*;q=0.7", "Accept": "text/html,application/xhtml+xml,application/xml;q=0.9,*/*;q=0.8", "Accept-Encoding": "gzip, deflate", "Accept-Language": "en-us,en;q=0.5"}}, {"format_id": "140", "url": "https://r5---sn-5njj-u2xl.googlevideo.com/videoplayback?expire=1613562134&ei=tqwsYPDkM5CXgAPD0YB4&ip=140.109.134.235&id=o-AO8gB4VqXRo9iHhPNnapQFnYaWE6s-A7OSXiHrYjhfhM&itag=140&source=youtube&requiressl=yes&mh=t9&mm=31%2C29&mn=sn-5njj-u2xl%2Csn-un57sn7z&ms=au%2Crdu&mv=m&mvi=5&pl=16&gcr=tw&initcwndbps=443750&vprv=1&mime=audio%2Fmp4&ns=1yIfoGyq_rmE2ZMJKRjwUzUF&gir=yes&clen=5758830&dur=355.655&lmt=1573521770045577&mt=1613540193&fvip=5&keepalive=yes&c=WEB&txp=2311222&n=ZiPi5aYfwpRrpTa1W&sparams=expire%2Cei%2Cip%2Cid%2Citag%2Csource%2Crequiressl%2Cgcr%2Cvprv%2Cmime%2Cns%2Cgir%2Cclen%2Cdur%2Clmt&lsparams=mh%2Cmm%2Cmn%2Cms%2Cmv%2Cmvi%2Cpl%2Cinitcwndbps&lsig=AG3C_xAwRgIhAK0UFvkta6o0ZppPr3c6MVq4B2YPsnD7ihIWT5FEz-OWAiEAmEmRQfbQ3fhuXgdQgPCimPIO3k8exra-770G14yHdVE%3D&sig=AOq0QJ8wRQIhAM6-ehftTzjSVphSgH6JDZl9Dw1nKdZW5oSycFQWR_eYAiBDFeo-AFBslDBQSBMxLvDQX_pjyIMakZ3RbFotU2NCeg==&ratebypass=yes", "player_url": "/s/player/6eebf7aa/player_ias.vflset/en_US/base.js", "ext": "m4a", "format_note": "tiny", "acodec": "mp4a.40.2", "abr": 128, "container": "m4a_dash", "asr": 44100, "filesize": 5758830, "fps": null, "height": null, "tbr": 131.146, "width": null, "vcodec": "none", "downloader_options": {"http_chunk_size": 10485760}, "format": "140 - audio only (tiny)", "protocol": "https", "http_headers": {"User-Agent": "Mozilla/5.0 (Windows NT 10.0; Win64; x64) AppleWebKit/537.36 (KHTML, like Gecko) Chrome/75.0.3731.3 Safari/537.36", "Accept-Charset": "ISO-8859-1,utf-8;q=0.7,*;q=0.7", "Accept": "text/html,application/xhtml+xml,application/xml;q=0.9,*/*;q=0.8", "Accept-Encoding": "gzip, deflate", "Accept-Language": "en-us,en;q=0.5"}}, {"format_id": "251", "url": "https://r5---sn-5njj-u2xl.googlevideo.com/videoplayback?expire=1613562134&ei=tqwsYPDkM5CXgAPD0YB4&ip=140.109.134.235&id=o-AO8gB4VqXRo9iHhPNnapQFnYaWE6s-A7OSXiHrYjhfhM&itag=251&source=youtube&requiressl=yes&mh=t9&mm=31%2C29&mn=sn-5njj-u2xl%2Csn-un57sn7z&ms=au%2Crdu&mv=m&mvi=5&pl=16&gcr=tw&initcwndbps=443750&vprv=1&mime=audio%2Fwebm&ns=1yIfoGyq_rmE2ZMJKRjwUzUF&gir=yes&clen=6449897&dur=355.681&lmt=1573522661449960&mt=1613540193&fvip=5&keepalive=yes&c=WEB&txp=2301222&n=ZiPi5aYfwpRrpTa1W&sparams=expire%2Cei%2Cip%2Cid%2Citag%2Csource%2Crequiressl%2Cgcr%2Cvprv%2Cmime%2Cns%2Cgir%2Cclen%2Cdur%2Clmt&lsparams=mh%2Cmm%2Cmn%2Cms%2Cmv%2Cmvi%2Cpl%2Cinitcwndbps&lsig=AG3C_xAwRAIgI2NIR_m5V-Qz4nUL-l5LYpF-5eJrQbkIoqR0T4sOvhACIEXBI31sBRPL2ve_pr5j-j_jU55zSOwe264F53nvlqOa&sig=AOq0QJ8wRQIgUDDBWYxYH6nfPlfPigM5y__XAWNe4-JPH9uO5fiDpiACIQCOS3Lux8m6eaR2COTeWucueLeIJoxvZQu4Srsn13wZKQ==&ratebypass=yes", "player_url": "/s/player/6eebf7aa/player_ias.vflset/en_US/base.js", "ext": "webm", "format_note": "tiny", "acodec": "opus", "abr": 160, "asr": 48000, "filesize": 6449897, "fps": null, "height": null, "tbr": 155.49, "width": null, "vcodec": "none", "downloader_options": {"http_chunk_size": 10485760}, "format": "251 - audio only (tiny)", "protocol": "https", "http_headers": {"User-Agent": "Mozilla/5.0 (Windows NT 10.0; Win64; x64) AppleWebKit/537.36 (KHTML, like Gecko) Chrome/75.0.3731.3 Safari/537.36", "Accept-Charset": "ISO-8859-1,utf-8;q=0.7,*;q=0.7", "Accept": "text/html,application/xhtml+xml,application/xml;q=0.9,*/*;q=0.8", "Accept-Encoding": "gzip, deflate", "Accept-Language": "en-us,en;q=0.5"}}, {"format_id": "278", "url": "https://r5---sn-5njj-u2xl.googlevideo.com/videoplayback?expire=1613562134&ei=tqwsYPDkM5CXgAPD0YB4&ip=140.109.134.235&id=o-AO8gB4VqXRo9iHhPNnapQFnYaWE6s-A7OSXiHrYjhfhM&itag=278&aitags=133%2C134%2C135%2C136%2C137%2C160%2C242%2C243%2C244%2C247%2C248%2C278&source=youtube&requiressl=yes&mh=t9&mm=31%2C29&mn=sn-5njj-u2xl%2Csn-un57sn7z&ms=au%2Crdu&mv=m&mvi=5&pl=16&gcr=tw&initcwndbps=443750&vprv=1&mime=video%2Fwebm&ns=1yIfoGyq_rmE2ZMJKRjwUzUF&gir=yes&clen=752528&dur=355.640&lmt=1573622502840733&mt=1613540193&fvip=5&keepalive=yes&c=WEB&txp=2301222&n=ZiPi5aYfwpRrpTa1W&sparams=expire%2Cei%2Cip%2Cid%2Caitags%2Csource%2Crequiressl%2Cgcr%2Cvprv%2Cmime%2Cns%2Cgir%2Cclen%2Cdur%2Clmt&lsparams=mh%2Cmm%2Cmn%2Cms%2Cmv%2Cmvi%2Cpl%2Cinitcwndbps&lsig=AG3C_xAwRQIgMXroHyDIBfkQ9ZvYLkAOesdp1w6ALkAeB1QpLq8CdSMCIQDx4UOv4dVBszfEqkjcKXF_g579ZeZF89bPznox-5uO1w%3D%3D&sig=AOq0QJ8wRQIgRyb6S6CwRNeceO33TIQ63Qhk56Z2U37e8D8C_FM2R_ECIQCl4qKMnQkVCzWfAxZ__YUz83HmjPbhvGVRsi3cF3CORw==&ratebypass=yes", "player_url": "/s/player/6eebf7aa/player_ias.vflset/en_US/base.js", "ext": "webm", "height": 144, "format_note": "144p", "container": "webm", "vcodec": "vp9", "asr": null, "filesize": 752528, "fps": 25, "tbr": 31.41, "width": 144, "acodec": "none", "downloader_options": {"http_chunk_size": 10485760}, "format": "278 - 144x144 (144p)", "protocol": "https", "http_headers": {"User-Agent": "Mozilla/5.0 (Windows NT 10.0; Win64; x64) AppleWebKit/537.36 (KHTML, like Gecko) Chrome/75.0.3731.3 Safari/537.36", "Accept-Charset": "ISO-8859-1,utf-8;q=0.7,*;q=0.7", "Accept": "text/html,application/xhtml+xml,application/xml;q=0.9,*/*;q=0.8", "Accept-Encoding": "gzip, deflate", "Accept-Language": "en-us,en;q=0.5"}}, {"format_id": "160", "url": "https://r5---sn-5njj-u2xl.googlevideo.com/videoplayback?expire=1613562134&ei=tqwsYPDkM5CXgAPD0YB4&ip=140.109.134.235&id=o-AO8gB4VqXRo9iHhPNnapQFnYaWE6s-A7OSXiHrYjhfhM&itag=160&aitags=133%2C134%2C135%2C136%2C137%2C160%2C242%2C243%2C244%2C247%2C248%2C278&source=youtube&requiressl=yes&mh=t9&mm=31%2C29&mn=sn-5njj-u2xl%2Csn-un57sn7z&ms=au%2Crdu&mv=m&mvi=5&pl=16&gcr=tw&initcwndbps=443750&vprv=1&mime=video%2Fmp4&ns=1yIfoGyq_rmE2ZMJKRjwUzUF&gir=yes&clen=1000323&dur=355.640&lmt=1573521724592524&mt=1613540193&fvip=5&keepalive=yes&c=WEB&txp=2311222&n=ZiPi5aYfwpRrpTa1W&sparams=expire%2Cei%2Cip%2Cid%2Caitags%2Csource%2Crequiressl%2Cgcr%2Cvprv%2Cmime%2Cns%2Cgir%2Cclen%2Cdur%2Clmt&lsparams=mh%2Cmm%2Cmn%2Cms%2Cmv%2Cmvi%2Cpl%2Cinitcwndbps&lsig=AG3C_xAwRgIhANf60oQ2xMbvYxX3aOU2NPhpiW8xBc_TyuDD1ylf7FAUAiEAoUzF-iDjwegcRQ1S2oFNJCxbPs36-zR-nEd95-g9PCg%3D&sig=AOq0QJ8wRQIhAKJJQK_TXNh0bFkXcWPTSKUZZ6xIXyZUzJHXaR_gff6SAiBgntZSE3X09jCYS3oODAm9d4Aigb15-A-NX9EQufnL7g==&ratebypass=yes", "player_url": "/s/player/6eebf7aa/player_ias.vflset/en_US/base.js", "ext": "mp4", "height": 144, "format_note": "144p", "vcodec": "avc1.4d400b", "asr": null, "filesize": 1000323, "fps": 25, "tbr": 39.45, "width": 144, "acodec": "none", "downloader_options": {"http_chunk_size": 10485760}, "format": "160 - 144x144 (144p)", "protocol": "https", "http_headers": {"User-Agent": "Mozilla/5.0 (Windows NT 10.0; Win64; x64) AppleWebKit/537.36 (KHTML, like Gecko) Chrome/75.0.3731.3 Safari/537.36", "Accept-Charset": "ISO-8859-1,utf-8;q=0.7,*;q=0.7", "Accept": "text/html,application/xhtml+xml,application/xml;q=0.9,*/*;q=0.8", "Accept-Encoding": "gzip, deflate", "Accept-Language": "en-us,en;q=0.5"}}, {"format_id": "134", "url": "https://r5---sn-5njj-u2xl.googlevideo.com/videoplayback?expire=1613562134&ei=tqwsYPDkM5CXgAPD0YB4&ip=140.109.134.235&id=o-AO8gB4VqXRo9iHhPNnapQFnYaWE6s-A7OSXiHrYjhfhM&itag=134&aitags=133%2C134%2C135%2C136%2C137%2C160%2C242%2C243%2C244%2C247%2C248%2C278&source=youtube&requiressl=yes&mh=t9&mm=31%2C29&mn=sn-5njj-u2xl%2Csn-un57sn7z&ms=au%2Crdu&mv=m&mvi=5&pl=16&gcr=tw&initcwndbps=443750&vprv=1&mime=video%2Fmp4&ns=1yIfoGyq_rmE2ZMJKRjwUzUF&gir=yes&clen=1102580&dur=355.640&lmt=1573521727583065&mt=1613540193&fvip=5&keepalive=yes&c=WEB&txp=2311222&n=ZiPi5aYfwpRrpTa1W&sparams=expire%2Cei%2Cip%2Cid%2Caitags%2Csource%2Crequiressl%2Cgcr%2Cvprv%2Cmime%2Cns%2Cgir%2Cclen%2Cdur%2Clmt&lsparams=mh%2Cmm%2Cmn%2Cms%2Cmv%2Cmvi%2Cpl%2Cinitcwndbps&lsig=AG3C_xAwRAIgH3vrEJzPwHhmADdTaZVpZ4S62rsrVcA8AywI1p8iQDMCIFm815_lTwqowvmfPCc25HGfwUTjIIIyT-JV7Vwk6_mV&sig=AOq0QJ8wRQIhAMBcq6p9qD0EyaIupC1ItZGBQU5LCOkCAsvLAv5AhRm0AiBTeOe27hhPytbqv67Q8wxA-I_nLm8Efskv5AXN5rKpPw==&ratebypass=yes", "player_url": "/s/player/6eebf7aa/player_ias.vflset/en_US/base.js", "ext": "mp4", "height": 360, "format_note": "360p", "vcodec": "avc1.4d4015", "asr": null, "filesize": 1102580, "fps": 25, "tbr": 45.63, "width": 360, "acodec": "none", "downloader_options": {"http_chunk_size": 10485760}, "format": "134 - 360x360 (360p)", "protocol": "https", "http_headers": {"User-Agent": "Mozilla/5.0 (Windows NT 10.0; Win64; x64) AppleWebKit/537.36 (KHTML, like Gecko) Chrome/75.0.3731.3 Safari/537.36", "Accept-Charset": "ISO-8859-1,utf-8;q=0.7,*;q=0.7", "Accept": "text/html,application/xhtml+xml,application/xml;q=0.9,*/*;q=0.8", "Accept-Encoding": "gzip, deflate", "Accept-Language": "en-us,en;q=0.5"}}, {"format_id": "242", "url": "https://r5---sn-5njj-u2xl.googlevideo.com/videoplayback?expire=1613562134&ei=tqwsYPDkM5CXgAPD0YB4&ip=140.109.134.235&id=o-AO8gB4VqXRo9iHhPNnapQFnYaWE6s-A7OSXiHrYjhfhM&itag=242&aitags=133%2C134%2C135%2C136%2C137%2C160%2C242%2C243%2C244%2C247%2C248%2C278&source=youtube&requiressl=yes&mh=t9&mm=31%2C29&mn=sn-5njj-u2xl%2Csn-un57sn7z&ms=au%2Crdu&mv=m&mvi=5&pl=16&gcr=tw&initcwndbps=443750&vprv=1&mime=video%2Fwebm&ns=1yIfoGyq_rmE2ZMJKRjwUzUF&gir=yes&clen=1364814&dur=355.640&lmt=1573622502839044&mt=1613540193&fvip=5&keepalive=yes&c=WEB&txp=2301222&n=ZiPi5aYfwpRrpTa1W&sparams=expire%2Cei%2Cip%2Cid%2Caitags%2Csource%2Crequiressl%2Cgcr%2Cvprv%2Cmime%2Cns%2Cgir%2Cclen%2Cdur%2Clmt&lsparams=mh%2Cmm%2Cmn%2Cms%2Cmv%2Cmvi%2Cpl%2Cinitcwndbps&lsig=AG3C_xAwRAIgfLE_zyfSSs2BKLNRDJJYNepgWpBHIilLUvrlGpW904gCIH_Qd2T310AwsTOJMXSajocptKxeKGVxxiAT6bIRS2kP&sig=AOq0QJ8wRgIhAPmXayExjs4-wvgL9Da8j3HloQRpGxdrTLLxAwUJ3WbGAiEA119Uw6cTxXGP5oyTZ-mZMoiYC16sMP0scMj4qQgWfcY=&ratebypass=yes", "player_url": "/s/player/6eebf7aa/player_ias.vflset/en_US/base.js", "ext": "webm", "height": 240, "format_note": "240p", "vcodec": "vp9", "asr": null, "filesize": 1364814, "fps": 25, "tbr": 61.149, "width": 240, "acodec": "none", "downloader_options": {"http_chunk_size": 10485760}, "format": "242 - 240x240 (240p)", "protocol": "https", "http_headers": {"User-Agent": "Mozilla/5.0 (Windows NT 10.0; Win64; x64) AppleWebKit/537.36 (KHTML, like Gecko) Chrome/75.0.3731.3 Safari/537.36", "Accept-Charset": "ISO-8859-1,utf-8;q=0.7,*;q=0.7", "Accept": "text/html,application/xhtml+xml,application/xml;q=0.9,*/*;q=0.8", "Accept-Encoding": "gzip, deflate", "Accept-Language": "en-us,en;q=0.5"}}, {"format_id": "135", "url": "https://r5---sn-5njj-u2xl.googlevideo.com/videoplayback?expire=1613562134&ei=tqwsYPDkM5CXgAPD0YB4&ip=140.109.134.235&id=o-AO8gB4VqXRo9iHhPNnapQFnYaWE6s-A7OSXiHrYjhfhM&itag=135&aitags=133%2C134%2C135%2C136%2C137%2C160%2C242%2C243%2C244%2C247%2C248%2C278&source=youtube&requiressl=yes&mh=t9&mm=31%2C29&mn=sn-5njj-u2xl%2Csn-un57sn7z&ms=au%2Crdu&mv=m&mvi=5&pl=16&gcr=tw&initcwndbps=443750&vprv=1&mime=video%2Fmp4&ns=1yIfoGyq_rmE2ZMJKRjwUzUF&gir=yes&clen=1803801&dur=355.640&lmt=1573521722873373&mt=1613540193&fvip=5&keepalive=yes&c=WEB&txp=2311222&n=ZiPi5aYfwpRrpTa1W&sparams=expire%2Cei%2Cip%2Cid%2Caitags%2Csource%2Crequiressl%2Cgcr%2Cvprv%2Cmime%2Cns%2Cgir%2Cclen%2Cdur%2Clmt&lsparams=mh%2Cmm%2Cmn%2Cms%2Cmv%2Cmvi%2Cpl%2Cinitcwndbps&lsig=AG3C_xAwRgIhAIt-qQsj-6h2dFJ9nGrvJ_sfdHrptJSmQbad7QFltG1CAiEA5tvTL1QkOl-ELCSJVLLZkCNWRJVLUJql0zaZdcBC_OY%3D&sig=AOq0QJ8wRAIgL37SDGP-OE828bNLiXLY-Z32ZZNECq0AsyHWeIArFJsCIBLGJzgNsBqtpv0A0vvqlSYM7oTae4eT3yltx62QlNkW&ratebypass=yes", "player_url": "/s/player/6eebf7aa/player_ias.vflset/en_US/base.js", "ext": "mp4", "height": 480, "format_note": "480p", "vcodec": "avc1.4d401e", "asr": null, "filesize": 1803801, "fps": 25, "tbr": 76.698, "width": 480, "acodec": "none", "downloader_options": {"http_chunk_size": 10485760}, "format": "135 - 480x480 (480p)", "protocol": "https", "http_headers": {"User-Agent": "Mozilla/5.0 (Windows NT 10.0; Win64; x64) AppleWebKit/537.36 (KHTML, like Gecko) Chrome/75.0.3731.3 Safari/537.36", "Accept-Charset": "ISO-8859-1,utf-8;q=0.7,*;q=0.7", "Accept": "text/html,application/xhtml+xml,application/xml;q=0.9,*/*;q=0.8", "Accept-Encoding": "gzip, deflate", "Accept-Language": "en-us,en;q=0.5"}}, {"format_id": "133", "url": "https://r5---sn-5njj-u2xl.googlevideo.com/videoplayback?expire=1613562134&ei=tqwsYPDkM5CXgAPD0YB4&ip=140.109.134.235&id=o-AO8gB4VqXRo9iHhPNnapQFnYaWE6s-A7OSXiHrYjhfhM&itag=133&aitags=133%2C134%2C135%2C136%2C137%2C160%2C242%2C243%2C244%2C247%2C248%2C278&source=youtube&requiressl=yes&mh=t9&mm=31%2C29&mn=sn-5njj-u2xl%2Csn-un57sn7z&ms=au%2Crdu&mv=m&mvi=5&pl=16&gcr=tw&initcwndbps=443750&vprv=1&mime=video%2Fmp4&ns=1yIfoGyq_rmE2ZMJKRjwUzUF&gir=yes&clen=2116268&dur=355.640&lmt=1573521715577984&mt=1613540193&fvip=5&keepalive=yes&c=WEB&txp=2311222&n=ZiPi5aYfwpRrpTa1W&sparams=expire%2Cei%2Cip%2Cid%2Caitags%2Csource%2Crequiressl%2Cgcr%2Cvprv%2Cmime%2Cns%2Cgir%2Cclen%2Cdur%2Clmt&lsparams=mh%2Cmm%2Cmn%2Cms%2Cmv%2Cmvi%2Cpl%2Cinitcwndbps&lsig=AG3C_xAwRgIhAKh0a973UggXPhurQVcL3toJDVnjQNf67r8oNAYfrzxGAiEA0DyWJyrt5PnUIOCJMeaqfqpLuKoIFxADDXVTFQHgCr4%3D&sig=AOq0QJ8wRQIgTKSPZo308aVjfopoqGvD26fn_4MhynT9CU3lohrzk20CIQDnpQeBW3fvZhrjJEEgi4CYf8reCBgJd41G2_RUblTlng==&ratebypass=yes", "player_url": "/s/player/6eebf7aa/player_ias.vflset/en_US/base.js", "ext": "mp4", "height": 240, "format_note": "240p", "vcodec": "avc1.4d400c", "asr": null, "filesize": 2116268, "fps": 25, "tbr": 89.037, "width": 240, "acodec": "none", "downloader_options": {"http_chunk_size": 10485760}, "format": "133 - 240x240 (240p)", "protocol": "https", "http_headers": {"User-Agent": "Mozilla/5.0 (Windows NT 10.0; Win64; x64) AppleWebKit/537.36 (KHTML, like Gecko) Chrome/75.0.3731.3 Safari/537.36", "Accept-Charset": "ISO-8859-1,utf-8;q=0.7,*;q=0.7", "Accept": "text/html,application/xhtml+xml,application/xml;q=0.9,*/*;q=0.8", "Accept-Encoding": "gzip, deflate", "Accept-Language": "en-us,en;q=0.5"}}, {"format_id": "243", "url": "https://r5---sn-5njj-u2xl.googlevideo.com/videoplayback?expire=1613562134&ei=tqwsYPDkM5CXgAPD0YB4&ip=140.109.134.235&id=o-AO8gB4VqXRo9iHhPNnapQFnYaWE6s-A7OSXiHrYjhfhM&itag=243&aitags=133%2C134%2C135%2C136%2C137%2C160%2C242%2C243%2C244%2C247%2C248%2C278&source=youtube&requiressl=yes&mh=t9&mm=31%2C29&mn=sn-5njj-u2xl%2Csn-un57sn7z&ms=au%2Crdu&mv=m&mvi=5&pl=16&gcr=tw&initcwndbps=443750&vprv=1&mime=video%2Fwebm&ns=1yIfoGyq_rmE2ZMJKRjwUzUF&gir=yes&clen=2147922&dur=355.640&lmt=1573622502840292&mt=1613540193&fvip=5&keepalive=yes&c=WEB&txp=2301222&n=ZiPi5aYfwpRrpTa1W&sparams=expire%2Cei%2Cip%2Cid%2Caitags%2Csource%2Crequiressl%2Cgcr%2Cvprv%2Cmime%2Cns%2Cgir%2Cclen%2Cdur%2Clmt&lsparams=mh%2Cmm%2Cmn%2Cms%2Cmv%2Cmvi%2Cpl%2Cinitcwndbps&lsig=AG3C_xAwRgIhAO5H3AcFY3qzzqcSuFlivmlIuRSIuljDAwM3dWL_bZtjAiEAt6rT7urtynOeiOXwBBG_ZnUK_35YQTuBtvi8LCV8v2Q%3D&sig=AOq0QJ8wRgIhAKaQhThTd62Imv7Btz3XheH71z-XchedOPHkT5bEs0oqAiEAsrZlsZCYJRlwTOb-Oh9LEeCewZJ0vkdUD0iGB9hSzYo=&ratebypass=yes", "player_url": "/s/player/6eebf7aa/player_ias.vflset/en_US/base.js", "ext": "webm", "height": 360, "format_note": "360p", "vcodec": "vp9", "asr": null, "filesize": 2147922, "fps": 25, "tbr": 98.189, "width": 360, "acodec": "none", "downloader_options": {"http_chunk_size": 10485760}, "format": "243 - 360x360 (360p)", "protocol": "https", "http_headers": {"User-Agent": "Mozilla/5.0 (Windows NT 10.0; Win64; x64) AppleWebKit/537.36 (KHTML, like Gecko) Chrome/75.0.3731.3 Safari/537.36", "Accept-Charset": "ISO-8859-1,utf-8;q=0.7,*;q=0.7", "Accept": "text/html,application/xhtml+xml,application/xml;q=0.9,*/*;q=0.8", "Accept-Encoding": "gzip, deflate", "Accept-Language": "en-us,en;q=0.5"}}, {"format_id": "136", "url": "https://r5---sn-5njj-u2xl.googlevideo.com/videoplayback?expire=1613562134&ei=tqwsYPDkM5CXgAPD0YB4&ip=140.109.134.235&id=o-AO8gB4VqXRo9iHhPNnapQFnYaWE6s-A7OSXiHrYjhfhM&itag=136&aitags=133%2C134%2C135%2C136%2C137%2C160%2C242%2C243%2C244%2C247%2C248%2C278&source=youtube&requiressl=yes&mh=t9&mm=31%2C29&mn=sn-5njj-u2xl%2Csn-un57sn7z&ms=au%2Crdu&mv=m&mvi=5&pl=16&gcr=tw&initcwndbps=443750&vprv=1&mime=video%2Fmp4&ns=1yIfoGyq_rmE2ZMJKRjwUzUF&gir=yes&clen=3141446&dur=355.640&lmt=1573521714581666&mt=1613540193&fvip=5&keepalive=yes&c=WEB&txp=2311222&n=ZiPi5aYfwpRrpTa1W&sparams=expire%2Cei%2Cip%2Cid%2Caitags%2Csource%2Crequiressl%2Cgcr%2Cvprv%2Cmime%2Cns%2Cgir%2Cclen%2Cdur%2Clmt&lsparams=mh%2Cmm%2Cmn%2Cms%2Cmv%2Cmvi%2Cpl%2Cinitcwndbps&lsig=AG3C_xAwRAIgJpn9lXC2HbjsroOr3gQb8-r29X6j98iIj_a6XgbUWrcCIAtDpF2hfpLAisuukVf61v2v1LId8nN0zqIRUDGx4Vlv&sig=AOq0QJ8wRAIgKKTk-xIevx6skU73551vUVsUCjasvhanBbIoTM5g0CgCID_XMZaHKu9EquDIPNE-ndZ6r0dM_ej6JzOgRO5_DsNw&ratebypass=yes", "player_url": "/s/player/6eebf7aa/player_ias.vflset/en_US/base.js", "ext": "mp4", "height": 720, "format_note": "720p", "vcodec": "avc1.4d401f", "asr": null, "filesize": 3141446, "fps": 25, "tbr": 136.457, "width": 720, "acodec": "none", "downloader_options": {"http_chunk_size": 10485760}, "format": "136 - 720x720 (720p)", "protocol": "https", "http_headers": {"User-Agent": "Mozilla/5.0 (Windows NT 10.0; Win64; x64) AppleWebKit/537.36 (KHTML, like Gecko) Chrome/75.0.3731.3 Safari/537.36", "Accept-Charset": "ISO-8859-1,utf-8;q=0.7,*;q=0.7", "Accept": "text/html,application/xhtml+xml,application/xml;q=0.9,*/*;q=0.8", "Accept-Encoding": "gzip, deflate", "Accept-Language": "en-us,en;q=0.5"}}, {"format_id": "244", "url": "https://r5---sn-5njj-u2xl.googlevideo.com/videoplayback?expire=1613562134&ei=tqwsYPDkM5CXgAPD0YB4&ip=140.109.134.235&id=o-AO8gB4VqXRo9iHhPNnapQFnYaWE6s-A7OSXiHrYjhfhM&itag=244&aitags=133%2C134%2C135%2C136%2C137%2C160%2C242%2C243%2C244%2C247%2C248%2C278&source=youtube&requiressl=yes&mh=t9&mm=31%2C29&mn=sn-5njj-u2xl%2Csn-un57sn7z&ms=au%2Crdu&mv=m&mvi=5&pl=16&gcr=tw&initcwndbps=443750&vprv=1&mime=video%2Fwebm&ns=1yIfoGyq_rmE2ZMJKRjwUzUF&gir=yes&clen=3462876&dur=355.640&lmt=1573622502832265&mt=1613540193&fvip=5&keepalive=yes&c=WEB&txp=2301222&n=ZiPi5aYfwpRrpTa1W&sparams=expire%2Cei%2Cip%2Cid%2Caitags%2Csource%2Crequiressl%2Cgcr%2Cvprv%2Cmime%2Cns%2Cgir%2Cclen%2Cdur%2Clmt&lsparams=mh%2Cmm%2Cmn%2Cms%2Cmv%2Cmvi%2Cpl%2Cinitcwndbps&lsig=AG3C_xAwRQIhAPmczqKDHvIDiLyMmmPWBrFeK6DmQVD6_t80ptQXnJ0cAiB5BCaymve7N2RzMbUlVF4OGIDU1C1OQ5sYYCKO4oZvDg%3D%3D&sig=AOq0QJ8wRAIgPW0QBWFaYSa5BORzBIanOJYpLLCPr0oUBkZS9TBSfZ4CIEHXz_7C6onlgBCR6KIL-ugdLIExVuytLCg7sCePlmVr&ratebypass=yes", "player_url": "/s/player/6eebf7aa/player_ias.vflset/en_US/base.js", "ext": "webm", "height": 480, "format_note": "480p", "vcodec": "vp9", "asr": null, "filesize": 3462876, "fps": 25, "tbr": 162.338, "width": 480, "acodec": "none", "downloader_options": {"http_chunk_size": 10485760}, "format": "244 - 480x480 (480p)", "protocol": "https", "http_headers": {"User-Agent": "Mozilla/5.0 (Windows NT 10.0; Win64; x64) AppleWebKit/537.36 (KHTML, like Gecko) Chrome/75.0.3731.3 Safari/537.36", "Accept-Charset": "ISO-8859-1,utf-8;q=0.7,*;q=0.7", "Accept": "text/html,application/xhtml+xml,application/xml;q=0.9,*/*;q=0.8", "Accept-Encoding": "gzip, deflate", "Accept-Language": "en-us,en;q=0.5"}}, {"format_id": "137", "url": "https://r5---sn-5njj-u2xl.googlevideo.com/videoplayback?expire=1613562134&ei=tqwsYPDkM5CXgAPD0YB4&ip=140.109.134.235&id=o-AO8gB4VqXRo9iHhPNnapQFnYaWE6s-A7OSXiHrYjhfhM&itag=137&aitags=133%2C134%2C135%2C136%2C137%2C160%2C242%2C243%2C244%2C247%2C248%2C278&source=youtube&requiressl=yes&mh=t9&mm=31%2C29&mn=sn-5njj-u2xl%2Csn-un57sn7z&ms=au%2Crdu&mv=m&mvi=5&pl=16&gcr=tw&initcwndbps=443750&vprv=1&mime=video%2Fmp4&ns=1yIfoGyq_rmE2ZMJKRjwUzUF&gir=yes&clen=5647234&dur=355.640&lmt=1573521713769267&mt=1613540193&fvip=5&keepalive=yes&c=WEB&txp=2311222&n=ZiPi5aYfwpRrpTa1W&sparams=expire%2Cei%2Cip%2Cid%2Caitags%2Csource%2Crequiressl%2Cgcr%2Cvprv%2Cmime%2Cns%2Cgir%2Cclen%2Cdur%2Clmt&lsparams=mh%2Cmm%2Cmn%2Cms%2Cmv%2Cmvi%2Cpl%2Cinitcwndbps&lsig=AG3C_xAwRAIgbewt9XTqVslzq_dFWR2lZc90xZrZmmDyKSn1NVzerGgCIDizCFbavP9rbpesJ_j5tAc50xuxGIP0ql3enwAffcHW&sig=AOq0QJ8wRAIgdROVHESoEQa_hKI3KsVEi5UeX_btUyNiswJKSXs8G9sCICXQYvz9dbESvi-cleVrjHNBy6a66CBjYjkdjnBuKoBV&ratebypass=yes", "player_url": "/s/player/6eebf7aa/player_ias.vflset/en_US/base.js", "ext": "mp4", "height": 1080, "format_note": "1080p", "vcodec": "avc1.640020", "asr": null, "filesize": 5647234, "fps": 25, "tbr": 245.684, "width": 1080, "acodec": "none", "downloader_options": {"http_chunk_size": 10485760}, "format": "137 - 1080x1080 (1080p)", "protocol": "https", "http_headers": {"User-Agent": "Mozilla/5.0 (Windows NT 10.0; Win64; x64) AppleWebKit/537.36 (KHTML, like Gecko) Chrome/75.0.3731.3 Safari/537.36", "Accept-Charset": "ISO-8859-1,utf-8;q=0.7,*;q=0.7", "Accept": "text/html,application/xhtml+xml,application/xml;q=0.9,*/*;q=0.8", "Accept-Encoding": "gzip, deflate", "Accept-Language": "en-us,en;q=0.5"}}, {"format_id": "247", "url": "https://r5---sn-5njj-u2xl.googlevideo.com/videoplayback?expire=1613562134&ei=tqwsYPDkM5CXgAPD0YB4&ip=140.109.134.235&id=o-AO8gB4VqXRo9iHhPNnapQFnYaWE6s-A7OSXiHrYjhfhM&itag=247&aitags=133%2C134%2C135%2C136%2C137%2C160%2C242%2C243%2C244%2C247%2C248%2C278&source=youtube&requiressl=yes&mh=t9&mm=31%2C29&mn=sn-5njj-u2xl%2Csn-un57sn7z&ms=au%2Crdu&mv=m&mvi=5&pl=16&gcr=tw&initcwndbps=443750&vprv=1&mime=video%2Fwebm&ns=1yIfoGyq_rmE2ZMJKRjwUzUF&gir=yes&clen=7319853&dur=355.640&lmt=1573622502838237&mt=1613540193&fvip=5&keepalive=yes&c=WEB&txp=2301222&n=ZiPi5aYfwpRrpTa1W&sparams=expire%2Cei%2Cip%2Cid%2Caitags%2Csource%2Crequiressl%2Cgcr%2Cvprv%2Cmime%2Cns%2Cgir%2Cclen%2Cdur%2Clmt&lsparams=mh%2Cmm%2Cmn%2Cms%2Cmv%2Cmvi%2Cpl%2Cinitcwndbps&lsig=AG3C_xAwRgIhAPUrJkQ3MFhNQoCzEIuqudiSXiO-fD0QRLzsISpLt13gAiEAmFuIDbrixrqawmkeyodjujOlm49UQ6Q6Oz_CVw3bR8Q%3D&sig=AOq0QJ8wRAIgNIe1HYq6ucZc8oEakRUhm6NniNNtwyUjICv75Yj5O2wCIF5HEP0lgdDKGkhFM-LA27imLYzLEgOn1UBMJ2LGLbM0&ratebypass=yes", "player_url": "/s/player/6eebf7aa/player_ias.vflset/en_US/base.js", "ext": "webm", "height": 720, "format_note": "720p", "vcodec": "vp9", "asr": null, "filesize": 7319853, "fps": 25, "tbr": 346.203, "width": 720, "acodec": "none", "downloader_options": {"http_chunk_size": 10485760}, "format": "247 - 720x720 (720p)", "protocol": "https", "http_headers": {"User-Agent": "Mozilla/5.0 (Windows NT 10.0; Win64; x64) AppleWebKit/537.36 (KHTML, like Gecko) Chrome/75.0.3731.3 Safari/537.36", "Accept-Charset": "ISO-8859-1,utf-8;q=0.7,*;q=0.7", "Accept": "text/html,application/xhtml+xml,application/xml;q=0.9,*/*;q=0.8", "Accept-Encoding": "gzip, deflate", "Accept-Language": "en-us,en;q=0.5"}}, {"format_id": "248", "url": "https://r5---sn-5njj-u2xl.googlevideo.com/videoplayback?expire=1613562134&ei=tqwsYPDkM5CXgAPD0YB4&ip=140.109.134.235&id=o-AO8gB4VqXRo9iHhPNnapQFnYaWE6s-A7OSXiHrYjhfhM&itag=248&aitags=133%2C134%2C135%2C136%2C137%2C160%2C242%2C243%2C244%2C247%2C248%2C278&source=youtube&requiressl=yes&mh=t9&mm=31%2C29&mn=sn-5njj-u2xl%2Csn-un57sn7z&ms=au%2Crdu&mv=m&mvi=5&pl=16&gcr=tw&initcwndbps=443750&vprv=1&mime=video%2Fwebm&ns=1yIfoGyq_rmE2ZMJKRjwUzUF&gir=yes&clen=14314197&dur=355.640&lmt=1573622246921190&mt=1613540193&fvip=5&keepalive=yes&c=WEB&txp=2301222&n=ZiPi5aYfwpRrpTa1W&sparams=expire%2Cei%2Cip%2Cid%2Caitags%2Csource%2Crequiressl%2Cgcr%2Cvprv%2Cmime%2Cns%2Cgir%2Cclen%2Cdur%2Clmt&lsparams=mh%2Cmm%2Cmn%2Cms%2Cmv%2Cmvi%2Cpl%2Cinitcwndbps&lsig=AG3C_xAwRgIhAL8a2_FLYJP9ryYpFdg07rbSJS7MJEpj9PXndiredvRCAiEA_UDTGKK2iagQaiHQXsHJ9BL3w_o63hD8ZZK7RUk2CMs%3D&sig=AOq0QJ8wRAIgKPVE3nHOMRdzMkriXZC5eFAuW_TKY-BeMv9l37z8pnQCIHjdRgYv1jA-GDBNV_vLEeAAWP3aJDYpc1dwnYpcop0Y&ratebypass=yes", "player_url": "/s/player/6eebf7aa/player_ias.vflset/en_US/base.js", "ext": "webm", "height": 1080, "format_note": "1080p", "vcodec": "vp9", "asr": null, "filesize": 14314197, "fps": 25, "tbr": 684.952, "width": 1080, "acodec": "none", "downloader_options": {"http_chunk_size": 10485760}, "format": "248 - 1080x1080 (1080p)", "protocol": "https", "http_headers": {"User-Agent": "Mozilla/5.0 (Windows NT 10.0; Win64; x64) AppleWebKit/537.36 (KHTML, like Gecko) Chrome/75.0.3731.3 Safari/537.36", "Accept-Charset": "ISO-8859-1,utf-8;q=0.7,*;q=0.7", "Accept": "text/html,application/xhtml+xml,application/xml;q=0.9,*/*;q=0.8", "Accept-Encoding": "gzip, deflate", "Accept-Language": "en-us,en;q=0.5"}}, {"format_id": "18", "url": "https://r5---sn-5njj-u2xl.googlevideo.com/videoplayback?expire=1613562134&ei=tqwsYPDkM5CXgAPD0YB4&ip=140.109.134.235&id=o-AO8gB4VqXRo9iHhPNnapQFnYaWE6s-A7OSXiHrYjhfhM&itag=18&source=youtube&requiressl=yes&mh=t9&mm=31%2C29&mn=sn-5njj-u2xl%2Csn-un57sn7z&ms=au%2Crdu&mv=m&mvi=5&pl=16&gcr=tw&initcwndbps=443750&vprv=1&mime=video%2Fmp4&ns=mvRCHAzWJry1AmNojaAkhzYF&gir=yes&clen=7703954&ratebypass=yes&dur=355.706&lmt=1573521715853080&mt=1613540193&fvip=5&c=WEB&txp=2311222&n=We8PodOMdnBqWnAhJ&sparams=expire%2Cei%2Cip%2Cid%2Citag%2Csource%2Crequiressl%2Cgcr%2Cvprv%2Cmime%2Cns%2Cgir%2Cclen%2Cratebypass%2Cdur%2Clmt&lsparams=mh%2Cmm%2Cmn%2Cms%2Cmv%2Cmvi%2Cpl%2Cinitcwndbps&lsig=AG3C_xAwRAIgbmYq1W-t7o0QXsTkT5SadCCXpromSNTjmmxjdhLKuikCIE-Hetf_FpQ_XfV1Trtg37Zqo4XnE9vB9pSxTgjOduki&sig=AOq0QJ8wRgIhANKUh0IfCuCAYMjcItAv5bmsoOO-Yhfgbk5Ax00D6-gOAiEAs0kKk5cqFOgE29QZaEbmpC6vAG5lqfzEcsxui-MvXu8=", "player_url": "/s/player/6eebf7aa/player_ias.vflset/en_US/base.js", "ext": "mp4", "width": 360, "height": 360, "acodec": "mp4a.40.2", "abr": 96, "vcodec": "avc1.42001E", "asr": 44100, "filesize": 7703954, "format_note": "360p", "fps": 25, "tbr": 173.297, "format": "18 - 360x360 (360p)", "protocol": "https", "http_headers": {"User-Agent": "Mozilla/5.0 (Windows NT 10.0; Win64; x64) AppleWebKit/537.36 (KHTML, like Gecko) Chrome/75.0.3731.3 Safari/537.36", "Accept-Charset": "ISO-8859-1,utf-8;q=0.7,*;q=0.7", "Accept": "text/html,application/xhtml+xml,application/xml;q=0.9,*/*;q=0.8", "Accept-Encoding": "gzip, deflate", "Accept-Language": "en-us,en;q=0.5"}}], "is_live": null, "start_time": null, "end_time": null, "series": null, "season_number": null, "episode_number": null, "track": "Minister Knows Best", "artist": "Chad Lawson", "album": "Home Sweet Home: The 2018 Lore Variations", "release_date": "20181102", "release_year": 2018, "extractor": "youtube", "webpage_url_basename": "watch", "extractor_key": "Youtube", "playlist": null, "playlist_index": null, "thumbnail": "https://i.ytimg.com/vi_webp/4Er-eFHSHA4/maxresdefault.webp", "display_id": "4Er-eFHSHA4", "requested_subtitles": null, "format_id": "251", "url": "https://r5---sn-5njj-u2xl.googlevideo.com/videoplayback?expire=1613562134&ei=tqwsYPDkM5CXgAPD0YB4&ip=140.109.134.235&id=o-AO8gB4VqXRo9iHhPNnapQFnYaWE6s-A7OSXiHrYjhfhM&itag=251&source=youtube&requiressl=yes&mh=t9&mm=31%2C29&mn=sn-5njj-u2xl%2Csn-un57sn7z&ms=au%2Crdu&mv=m&mvi=5&pl=16&gcr=tw&initcwndbps=443750&vprv=1&mime=audio%2Fwebm&ns=1yIfoGyq_rmE2ZMJKRjwUzUF&gir=yes&clen=6449897&dur=355.681&lmt=1573522661449960&mt=1613540193&fvip=5&keepalive=yes&c=WEB&txp=2301222&n=ZiPi5aYfwpRrpTa1W&sparams=expire%2Cei%2Cip%2Cid%2Citag%2Csource%2Crequiressl%2Cgcr%2Cvprv%2Cmime%2Cns%2Cgir%2Cclen%2Cdur%2Clmt&lsparams=mh%2Cmm%2Cmn%2Cms%2Cmv%2Cmvi%2Cpl%2Cinitcwndbps&lsig=AG3C_xAwRAIgI2NIR_m5V-Qz4nUL-l5LYpF-5eJrQbkIoqR0T4sOvhACIEXBI31sBRPL2ve_pr5j-j_jU55zSOwe264F53nvlqOa&sig=AOq0QJ8wRQIgUDDBWYxYH6nfPlfPigM5y__XAWNe4-JPH9uO5fiDpiACIQCOS3Lux8m6eaR2COTeWucueLeIJoxvZQu4Srsn13wZKQ==&ratebypass=yes", "player_url": "/s/player/6eebf7aa/player_ias.vflset/en_US/base.js", "ext": "webm", "format_note": "tiny", "acodec": "opus", "abr": 160, "asr": 48000, "filesize": 6449897, "fps": null, "height": null, "tbr": 155.49, "width": null, "vcodec": "none", "downloader_options": {"http_chunk_size": 10485760}, "format": "251 - audio only (tiny)", "protocol": "https", "http_headers": {"User-Agent": "Mozilla/5.0 (Windows NT 10.0; Win64; x64) AppleWebKit/537.36 (KHTML, like Gecko) Chrome/75.0.3731.3 Safari/537.36", "Accept-Charset": "ISO-8859-1,utf-8;q=0.7,*;q=0.7", "Accept": "text/html,application/xhtml+xml,application/xml;q=0.9,*/*;q=0.8", "Accept-Encoding": "gzip, deflate", "Accept-Language": "en-us,en;q=0.5"}}