{"id": "7JIdJLkJ0S4", "uploader": "Lucas King", "uploader_id": "LucasKingPiano", "uploader_url": "http://www.youtube.com/user/LucasKingPiano", "channel_id": "UCq52MbjRULLbjRPvxM7FwZg", "channel_url": "http://www.youtube.com/channel/UCq52MbjRULLbjRPvxM7FwZg", "upload_date": "20150210", "license": null, "creator": null, "title": "Dark Piano Music - Insanity (Original Composition)", "alt_title": null, "thumbnails": [{"url": "https://i.ytimg.com/vi/7JIdJLkJ0S4/hqdefault.jpg?sqp=-oaymwEYCKgBEF5IVfKriqkDCwgBFQAAiEIYAXAB&rs=AOn4CLCr3j_yAnwspkF0qZvP7oPSbv-f5g", "width": 168, "height": 94, "resolution": "168x94", "id": "0"}, {"url": "https://i.ytimg.com/vi/7JIdJLkJ0S4/hqdefault.jpg?sqp=-oaymwEYCMQBEG5IVfKriqkDCwgBFQAAiEIYAXAB&rs=AOn4CLDpYccRaZOgYdgso99EZ7KYNqnYzg", "width": 196, "height": 110, "resolution": "196x110", "id": "1"}, {"url": "https://i.ytimg.com/vi/7JIdJLkJ0S4/hqdefault.jpg?sqp=-oaymwEZCPYBEIoBSFXyq4qpAwsIARUAAIhCGAFwAQ==&rs=AOn4CLCinp_46MxhCy173S6R-Kh4X1frLA", "width": 246, "height": 138, "resolution": "246x138", "id": "2"}, {"url": "https://i.ytimg.com/vi/7JIdJLkJ0S4/hqdefault.jpg?sqp=-oaymwEZCNACELwBSFXyq4qpAwsIARUAAIhCGAFwAQ==&rs=AOn4CLBySQgSrdJt9cdDuu90BiMfwmFpLw", "width": 336, "height": 188, "resolution": "336x188", "id": "3"}, {"url": "https://i.ytimg.com/vi_webp/7JIdJLkJ0S4/maxresdefault.webp", "width": 1920, "height": 1080, "resolution": "1920x1080", "id": "4"}], "description": "\u25b6 Sheet music catalogue: https://sellfy.com/lucaskingpiano\n\n\n\nAn original called Insanity\n\nJust started watching American Horror Story and can't get enough of it. Really really good can't believe it's took me this long to watch it =D Only half way through the first season though so try to avoid spoilers for me please!!! It's some scary shiz though damn. \n\n\nHope you enjoy\n\nI am not the artist of the artwork, http://3.bp.blogspot.com/-Ji8r-ixpdNg/VCCQpUirYDI/AAAAAAAAAIc/h0_XBSF45zs/s1600/fondos_hd_anime_01.jpg\n\n\nAny donations would be really appreciated, any money donated will be used to get new instruments and other equipment to improve this channel =) \nHeres my PayPal LucasKing1884@gmail.com  Thank you so much for your support. (I also have a donate link up in my channel art and in my about section) \n \n\nAsk me a question on http://ask.fm/lucaskingpiano\n\nLike me on Facebook https://www.facebook.com/pages/Lucas-King/422277594533711\n\nFollow me on twitter @LucasKingPiano\n\nFollow me On Soundcloud  https://soundcloud.com/lucas-king-piano-music", "categories": ["Music"], "tags": ["Composition (Field Of Study)", "First", "Music (TV Genre)", "Piano (Musical Instrument)", "Television (Invention)", "Original", "Song", "Singer", "Acoustic", "Field Records (Record Label)", "Acoustic Music (Musical Genre)", "Guitar", "Songwriter", "Crazy", "Folk", "Artist"], "subtitles": {}, "automatic_captions": {}, "duration": 269, "age_limit": 0, "annotations": null, "chapters": null, "webpage_url": "https://www.youtube.com/watch?v=7JIdJLkJ0S4", "view_count": 1598385, "like_count": 29999, "dislike_count": 294, "average_rating": 4.9611793, "formats": [{"format_id": "249", "url": "https://r3---sn-ipoxu-u2xd.googlevideo.com/videoplayback?expire=1610392052&ei=k038X4P-Otb5qQHW_YeAAw&ip=220.129.26.102&id=o-ADupmyVhexF_qcW6-NvdCLGaTyn6DhK6jC4Y9LDm7rp9&itag=249&source=youtube&requiressl=yes&mh=n9&mm=31%2C29&mn=sn-ipoxu-u2xd%2Csn-un57en7l&ms=au%2Crdu&mv=m&mvi=3&pl=21&initcwndbps=1125000&vprv=1&mime=audio%2Fwebm&ns=ctgSZk0_BgQqQrIYOsIbUQIF&gir=yes&clen=1914965&dur=268.961&lmt=1542663607060022&mt=1610370272&fvip=3&keepalive=yes&beids=23886217&c=WEB&txp=5411222&n=6ksNZp0-1ncUNv&sparams=expire%2Cei%2Cip%2Cid%2Citag%2Csource%2Crequiressl%2Cvprv%2Cmime%2Cns%2Cgir%2Cclen%2Cdur%2Clmt&sig=AOq0QJ8wRAIgD0LedBVzlMejtnNdGDw1wy4AVCMqWylTdLh3zuJEdtACIAP-TLLfFiXpSKDvRy-X-m1luuSKkZz4zcUOaOpuW5s2&lsparams=mh%2Cmm%2Cmn%2Cms%2Cmv%2Cmvi%2Cpl%2Cinitcwndbps&lsig=AG3C_xAwRQIgRdO_NDfhhCPlu1cmai6JR9WBM_S3ND1UO_k7iKgksLMCIQCZcpSRiTi9FWY9RMejRDTSeq-AA9x3EzVqoOC5jeF2_A%3D%3D&ratebypass=yes", "player_url": null, "ext": "webm", "format_note": "tiny", "acodec": "opus", "abr": 50, "asr": 48000, "filesize": 1914965, "fps": null, "height": null, "tbr": 64.044, "width": null, "vcodec": "none", "downloader_options": {"http_chunk_size": 10485760}, "format": "249 - audio only (tiny)", "protocol": "https", "http_headers": {"User-Agent": "Mozilla/5.0 (Windows NT 10.0; Win64; x64) AppleWebKit/537.36 (KHTML, like Gecko) Chrome/73.0.3683.38 Safari/537.36", "Accept-Charset": "ISO-8859-1,utf-8;q=0.7,*;q=0.7", "Accept": "text/html,application/xhtml+xml,application/xml;q=0.9,*/*;q=0.8", "Accept-Encoding": "gzip, deflate", "Accept-Language": "en-us,en;q=0.5"}}, {"format_id": "250", "url": "https://r3---sn-ipoxu-u2xd.googlevideo.com/videoplayback?expire=1610392052&ei=k038X4P-Otb5qQHW_YeAAw&ip=220.129.26.102&id=o-ADupmyVhexF_qcW6-NvdCLGaTyn6DhK6jC4Y9LDm7rp9&itag=250&source=youtube&requiressl=yes&mh=n9&mm=31%2C29&mn=sn-ipoxu-u2xd%2Csn-un57en7l&ms=au%2Crdu&mv=m&mvi=3&pl=21&initcwndbps=1125000&vprv=1&mime=audio%2Fwebm&ns=ctgSZk0_BgQqQrIYOsIbUQIF&gir=yes&clen=2533266&dur=268.961&lmt=1542663607963208&mt=1610370272&fvip=3&keepalive=yes&beids=23886217&c=WEB&txp=5411222&n=6ksNZp0-1ncUNv&sparams=expire%2Cei%2Cip%2Cid%2Citag%2Csource%2Crequiressl%2Cvprv%2Cmime%2Cns%2Cgir%2Cclen%2Cdur%2Clmt&sig=AOq0QJ8wRQIhALEFX3woosLopGvHXQTrFD9fWD-rEm-5ZwkrL7F1UB1IAiBZfZJRhieCtbidsKvCdzRq7ubsi4CGpi3YAihLQAONsQ%3D%3D&lsparams=mh%2Cmm%2Cmn%2Cms%2Cmv%2Cmvi%2Cpl%2Cinitcwndbps&lsig=AG3C_xAwRQIgRdO_NDfhhCPlu1cmai6JR9WBM_S3ND1UO_k7iKgksLMCIQCZcpSRiTi9FWY9RMejRDTSeq-AA9x3EzVqoOC5jeF2_A%3D%3D&ratebypass=yes", "player_url": null, "ext": "webm", "format_note": "tiny", "acodec": "opus", "abr": 70, "asr": 48000, "filesize": 2533266, "fps": null, "height": null, "tbr": 85.001, "width": null, "vcodec": "none", "downloader_options": {"http_chunk_size": 10485760}, "format": "250 - audio only (tiny)", "protocol": "https", "http_headers": {"User-Agent": "Mozilla/5.0 (Windows NT 10.0; Win64; x64) AppleWebKit/537.36 (KHTML, like Gecko) Chrome/73.0.3683.38 Safari/537.36", "Accept-Charset": "ISO-8859-1,utf-8;q=0.7,*;q=0.7", "Accept": "text/html,application/xhtml+xml,application/xml;q=0.9,*/*;q=0.8", "Accept-Encoding": "gzip, deflate", "Accept-Language": "en-us,en;q=0.5"}}, {"format_id": "140", "url": "https://r3---sn-ipoxu-u2xd.googlevideo.com/videoplayback?expire=1610392052&ei=k038X4P-Otb5qQHW_YeAAw&ip=220.129.26.102&id=o-ADupmyVhexF_qcW6-NvdCLGaTyn6DhK6jC4Y9LDm7rp9&itag=140&source=youtube&requiressl=yes&mh=n9&mm=31%2C29&mn=sn-ipoxu-u2xd%2Csn-un57en7l&ms=au%2Crdu&mv=m&mvi=3&pl=21&initcwndbps=1125000&vprv=1&mime=audio%2Fmp4&ns=ctgSZk0_BgQqQrIYOsIbUQIF&gir=yes&clen=4354210&dur=269.003&lmt=1542642219498598&mt=1610370272&fvip=3&keepalive=yes&beids=23886217&c=WEB&txp=5432432&n=6ksNZp0-1ncUNv&sparams=expire%2Cei%2Cip%2Cid%2Citag%2Csource%2Crequiressl%2Cvprv%2Cmime%2Cns%2Cgir%2Cclen%2Cdur%2Clmt&sig=AOq0QJ8wRAIgFxUZ1gAT7thg8Te_tmvd-qzjtqAy2DjrLCNZn2D9SE4CIDYO4gvrP9O7n_cniVqOMqk9Ouop4kv5aw9FtxCBgSBC&lsparams=mh%2Cmm%2Cmn%2Cms%2Cmv%2Cmvi%2Cpl%2Cinitcwndbps&lsig=AG3C_xAwRQIgRdO_NDfhhCPlu1cmai6JR9WBM_S3ND1UO_k7iKgksLMCIQCZcpSRiTi9FWY9RMejRDTSeq-AA9x3EzVqoOC5jeF2_A%3D%3D&ratebypass=yes", "player_url": null, "ext": "m4a", "format_note": "tiny", "acodec": "mp4a.40.2", "abr": 128, "container": "m4a_dash", "asr": 44100, "filesize": 4354210, "fps": null, "height": null, "tbr": 130.53, "width": null, "vcodec": "none", "downloader_options": {"http_chunk_size": 10485760}, "format": "140 - audio only (tiny)", "protocol": "https", "http_headers": {"User-Agent": "Mozilla/5.0 (Windows NT 10.0; Win64; x64) AppleWebKit/537.36 (KHTML, like Gecko) Chrome/73.0.3683.38 Safari/537.36", "Accept-Charset": "ISO-8859-1,utf-8;q=0.7,*;q=0.7", "Accept": "text/html,application/xhtml+xml,application/xml;q=0.9,*/*;q=0.8", "Accept-Encoding": "gzip, deflate", "Accept-Language": "en-us,en;q=0.5"}}, {"format_id": "251", "url": "https://r3---sn-ipoxu-u2xd.googlevideo.com/videoplayback?expire=1610392052&ei=k038X4P-Otb5qQHW_YeAAw&ip=220.129.26.102&id=o-ADupmyVhexF_qcW6-NvdCLGaTyn6DhK6jC4Y9LDm7rp9&itag=251&source=youtube&requiressl=yes&mh=n9&mm=31%2C29&mn=sn-ipoxu-u2xd%2Csn-un57en7l&ms=au%2Crdu&mv=m&mvi=3&pl=21&initcwndbps=1125000&vprv=1&mime=audio%2Fwebm&ns=ctgSZk0_BgQqQrIYOsIbUQIF&gir=yes&clen=4915506&dur=268.961&lmt=1542663608860447&mt=1610370272&fvip=3&keepalive=yes&beids=23886217&c=WEB&txp=5411222&n=6ksNZp0-1ncUNv&sparams=expire%2Cei%2Cip%2Cid%2Citag%2Csource%2Crequiressl%2Cvprv%2Cmime%2Cns%2Cgir%2Cclen%2Cdur%2Clmt&sig=AOq0QJ8wRgIhAIg5cVDCYn6bg6Gqno69TP70AkVxQQInDGw-NgE2ZZs9AiEAk32bcY_irCLVil5qGSJmf9aXfLwjE00jEs9z5sp_ePg%3D&lsparams=mh%2Cmm%2Cmn%2Cms%2Cmv%2Cmvi%2Cpl%2Cinitcwndbps&lsig=AG3C_xAwRQIgRdO_NDfhhCPlu1cmai6JR9WBM_S3ND1UO_k7iKgksLMCIQCZcpSRiTi9FWY9RMejRDTSeq-AA9x3EzVqoOC5jeF2_A%3D%3D&ratebypass=yes", "player_url": null, "ext": "webm", "format_note": "tiny", "acodec": "opus", "abr": 160, "asr": 48000, "filesize": 4915506, "fps": null, "height": null, "tbr": 156.86, "width": null, "vcodec": "none", "downloader_options": {"http_chunk_size": 10485760}, "format": "251 - audio only (tiny)", "protocol": "https", "http_headers": {"User-Agent": "Mozilla/5.0 (Windows NT 10.0; Win64; x64) AppleWebKit/537.36 (KHTML, like Gecko) Chrome/73.0.3683.38 Safari/537.36", "Accept-Charset": "ISO-8859-1,utf-8;q=0.7,*;q=0.7", "Accept": "text/html,application/xhtml+xml,application/xml;q=0.9,*/*;q=0.8", "Accept-Encoding": "gzip, deflate", "Accept-Language": "en-us,en;q=0.5"}}, {"format_id": "160", "url": "https://r3---sn-ipoxu-u2xd.googlevideo.com/videoplayback?expire=1610392052&ei=k038X4P-Otb5qQHW_YeAAw&ip=220.129.26.102&id=o-ADupmyVhexF_qcW6-NvdCLGaTyn6DhK6jC4Y9LDm7rp9&itag=160&aitags=133%2C134%2C135%2C136%2C137%2C160%2C242%2C243%2C244%2C247%2C248%2C278&source=youtube&requiressl=yes&mh=n9&mm=31%2C29&mn=sn-ipoxu-u2xd%2Csn-un57en7l&ms=au%2Crdu&mv=m&mvi=3&pl=21&initcwndbps=1125000&vprv=1&mime=video%2Fmp4&ns=ctgSZk0_BgQqQrIYOsIbUQIF&gir=yes&clen=301527&dur=268.920&lmt=1542641999983458&mt=1610370272&fvip=3&keepalive=yes&beids=23886217&c=WEB&txp=5432432&n=6ksNZp0-1ncUNv&sparams=expire%2Cei%2Cip%2Cid%2Caitags%2Csource%2Crequiressl%2Cvprv%2Cmime%2Cns%2Cgir%2Cclen%2Cdur%2Clmt&sig=AOq0QJ8wRgIhAL5HfvcDVmNSC-oQvuODvGRIlTxdOFcNZzV86FxukyVpAiEAoNVTF-xhj5qq0MEsUY_RQWqlYcyOWmtU4HgbhpsBYwA%3D&lsparams=mh%2Cmm%2Cmn%2Cms%2Cmv%2Cmvi%2Cpl%2Cinitcwndbps&lsig=AG3C_xAwRQIgRdO_NDfhhCPlu1cmai6JR9WBM_S3ND1UO_k7iKgksLMCIQCZcpSRiTi9FWY9RMejRDTSeq-AA9x3EzVqoOC5jeF2_A%3D%3D&ratebypass=yes", "player_url": null, "ext": "mp4", "height": 144, "format_note": "144p", "vcodec": "avc1.4d400c", "asr": null, "filesize": 301527, "fps": 25, "tbr": 40.111, "width": 256, "acodec": "none", "downloader_options": {"http_chunk_size": 10485760}, "format": "160 - 256x144 (144p)", "protocol": "https", "http_headers": {"User-Agent": "Mozilla/5.0 (Windows NT 10.0; Win64; x64) AppleWebKit/537.36 (KHTML, like Gecko) Chrome/73.0.3683.38 Safari/537.36", "Accept-Charset": "ISO-8859-1,utf-8;q=0.7,*;q=0.7", "Accept": "text/html,application/xhtml+xml,application/xml;q=0.9,*/*;q=0.8", "Accept-Encoding": "gzip, deflate", "Accept-Language": "en-us,en;q=0.5"}}, {"format_id": "133", "url": "https://r3---sn-ipoxu-u2xd.googlevideo.com/videoplayback?expire=1610392052&ei=k038X4P-Otb5qQHW_YeAAw&ip=220.129.26.102&id=o-ADupmyVhexF_qcW6-NvdCLGaTyn6DhK6jC4Y9LDm7rp9&itag=133&aitags=133%2C134%2C135%2C136%2C137%2C160%2C242%2C243%2C244%2C247%2C248%2C278&source=youtube&requiressl=yes&mh=n9&mm=31%2C29&mn=sn-ipoxu-u2xd%2Csn-un57en7l&ms=au%2Crdu&mv=m&mvi=3&pl=21&initcwndbps=1125000&vprv=1&mime=video%2Fmp4&ns=ctgSZk0_BgQqQrIYOsIbUQIF&gir=yes&clen=420600&dur=268.920&lmt=1542642000364405&mt=1610370272&fvip=3&keepalive=yes&beids=23886217&c=WEB&txp=5432432&n=6ksNZp0-1ncUNv&sparams=expire%2Cei%2Cip%2Cid%2Caitags%2Csource%2Crequiressl%2Cvprv%2Cmime%2Cns%2Cgir%2Cclen%2Cdur%2Clmt&sig=AOq0QJ8wRQIhANL7stQyr9CZqHJ6Ili7nqVSSMKvbdOfIsl-4Jfx7LWtAiB2pKvAk_Ow922av3PDU4_o01qXfXEqwA7HpK10YvZ25A%3D%3D&lsparams=mh%2Cmm%2Cmn%2Cms%2Cmv%2Cmvi%2Cpl%2Cinitcwndbps&lsig=AG3C_xAwRQIgRdO_NDfhhCPlu1cmai6JR9WBM_S3ND1UO_k7iKgksLMCIQCZcpSRiTi9FWY9RMejRDTSeq-AA9x3EzVqoOC5jeF2_A%3D%3D&ratebypass=yes", "player_url": null, "ext": "mp4", "height": 240, "format_note": "240p", "vcodec": "avc1.4d4015", "asr": null, "filesize": 420600, "fps": 25, "tbr": 67.786, "width": 426, "acodec": "none", "downloader_options": {"http_chunk_size": 10485760}, "format": "133 - 426x240 (240p)", "protocol": "https", "http_headers": {"User-Agent": "Mozilla/5.0 (Windows NT 10.0; Win64; x64) AppleWebKit/537.36 (KHTML, like Gecko) Chrome/73.0.3683.38 Safari/537.36", "Accept-Charset": "ISO-8859-1,utf-8;q=0.7,*;q=0.7", "Accept": "text/html,application/xhtml+xml,application/xml;q=0.9,*/*;q=0.8", "Accept-Encoding": "gzip, deflate", "Accept-Language": "en-us,en;q=0.5"}}, {"format_id": "278", "url": "https://r3---sn-ipoxu-u2xd.googlevideo.com/videoplayback?expire=1610392052&ei=k038X4P-Otb5qQHW_YeAAw&ip=220.129.26.102&id=o-ADupmyVhexF_qcW6-NvdCLGaTyn6DhK6jC4Y9LDm7rp9&itag=278&aitags=133%2C134%2C135%2C136%2C137%2C160%2C242%2C243%2C244%2C247%2C248%2C278&source=youtube&requiressl=yes&mh=n9&mm=31%2C29&mn=sn-ipoxu-u2xd%2Csn-un57en7l&ms=au%2Crdu&mv=m&mvi=3&pl=21&initcwndbps=1125000&vprv=1&mime=video%2Fwebm&ns=ctgSZk0_BgQqQrIYOsIbUQIF&gir=yes&clen=689652&dur=268.920&lmt=1542662713447216&mt=1610370272&fvip=3&keepalive=yes&beids=23886217&c=WEB&txp=5432432&n=6ksNZp0-1ncUNv&sparams=expire%2Cei%2Cip%2Cid%2Caitags%2Csource%2Crequiressl%2Cvprv%2Cmime%2Cns%2Cgir%2Cclen%2Cdur%2Clmt&sig=AOq0QJ8wRAIgUpT5O0w_DFTz81ofze51Kra_J6QWFVNRr9tJarOykQMCIB0b8smCB2lj_JAysOFc_d3fm5kw0gKZVWZT6L0WT4uu&lsparams=mh%2Cmm%2Cmn%2Cms%2Cmv%2Cmvi%2Cpl%2Cinitcwndbps&lsig=AG3C_xAwRQIgRdO_NDfhhCPlu1cmai6JR9WBM_S3ND1UO_k7iKgksLMCIQCZcpSRiTi9FWY9RMejRDTSeq-AA9x3EzVqoOC5jeF2_A%3D%3D&ratebypass=yes", "player_url": null, "ext": "webm", "height": 144, "format_note": "144p", "container": "webm", "vcodec": "vp9", "asr": null, "filesize": 689652, "fps": 25, "tbr": 78.146, "width": 256, "acodec": "none", "downloader_options": {"http_chunk_size": 10485760}, "format": "278 - 256x144 (144p)", "protocol": "https", "http_headers": {"User-Agent": "Mozilla/5.0 (Windows NT 10.0; Win64; x64) AppleWebKit/537.36 (KHTML, like Gecko) Chrome/73.0.3683.38 Safari/537.36", "Accept-Charset": "ISO-8859-1,utf-8;q=0.7,*;q=0.7", "Accept": "text/html,application/xhtml+xml,application/xml;q=0.9,*/*;q=0.8", "Accept-Encoding": "gzip, deflate", "Accept-Language": "en-us,en;q=0.5"}}, {"format_id": "242", "url": "https://r3---sn-ipoxu-u2xd.googlevideo.com/videoplayback?expire=1610392052&ei=k038X4P-Otb5qQHW_YeAAw&ip=220.129.26.102&id=o-ADupmyVhexF_qcW6-NvdCLGaTyn6DhK6jC4Y9LDm7rp9&itag=242&aitags=133%2C134%2C135%2C136%2C137%2C160%2C242%2C243%2C244%2C247%2C248%2C278&source=youtube&requiressl=yes&mh=n9&mm=31%2C29&mn=sn-ipoxu-u2xd%2Csn-un57en7l&ms=au%2Crdu&mv=m&mvi=3&pl=21&initcwndbps=1125000&vprv=1&mime=video%2Fwebm&ns=ctgSZk0_BgQqQrIYOsIbUQIF&gir=yes&clen=981427&dur=268.920&lmt=1542662713528021&mt=1610370272&fvip=3&keepalive=yes&beids=23886217&c=WEB&txp=5432432&n=6ksNZp0-1ncUNv&sparams=expire%2Cei%2Cip%2Cid%2Caitags%2Csource%2Crequiressl%2Cvprv%2Cmime%2Cns%2Cgir%2Cclen%2Cdur%2Clmt&sig=AOq0QJ8wRgIhALbS0DYyxAVXaCO_LJpzk7lfUJv99toKNj3YY9cBhl9zAiEAxn6Ewm9b_9fTCNSzAAopcWY118wEpbxxUbttC_R1g0I%3D&lsparams=mh%2Cmm%2Cmn%2Cms%2Cmv%2Cmvi%2Cpl%2Cinitcwndbps&lsig=AG3C_xAwRQIgRdO_NDfhhCPlu1cmai6JR9WBM_S3ND1UO_k7iKgksLMCIQCZcpSRiTi9FWY9RMejRDTSeq-AA9x3EzVqoOC5jeF2_A%3D%3D&ratebypass=yes", "player_url": null, "ext": "webm", "height": 240, "format_note": "240p", "vcodec": "vp9", "asr": null, "filesize": 981427, "fps": 25, "tbr": 106.936, "width": 426, "acodec": "none", "downloader_options": {"http_chunk_size": 10485760}, "format": "242 - 426x240 (240p)", "protocol": "https", "http_headers": {"User-Agent": "Mozilla/5.0 (Windows NT 10.0; Win64; x64) AppleWebKit/537.36 (KHTML, like Gecko) Chrome/73.0.3683.38 Safari/537.36", "Accept-Charset": "ISO-8859-1,utf-8;q=0.7,*;q=0.7", "Accept": "text/html,application/xhtml+xml,application/xml;q=0.9,*/*;q=0.8", "Accept-Encoding": "gzip, deflate", "Accept-Language": "en-us,en;q=0.5"}}, {"format_id": "134", "url": "https://r3---sn-ipoxu-u2xd.googlevideo.com/videoplayback?expire=1610392052&ei=k038X4P-Otb5qQHW_YeAAw&ip=220.129.26.102&id=o-ADupmyVhexF_qcW6-NvdCLGaTyn6DhK6jC4Y9LDm7rp9&itag=134&aitags=133%2C134%2C135%2C136%2C137%2C160%2C242%2C243%2C244%2C247%2C248%2C278&source=youtube&requiressl=yes&mh=n9&mm=31%2C29&mn=sn-ipoxu-u2xd%2Csn-un57en7l&ms=au%2Crdu&mv=m&mvi=3&pl=21&initcwndbps=1125000&vprv=1&mime=video%2Fmp4&ns=ctgSZk0_BgQqQrIYOsIbUQIF&gir=yes&clen=727547&dur=268.920&lmt=1542642000458992&mt=1610370272&fvip=3&keepalive=yes&beids=23886217&c=WEB&txp=5432432&n=6ksNZp0-1ncUNv&sparams=expire%2Cei%2Cip%2Cid%2Caitags%2Csource%2Crequiressl%2Cvprv%2Cmime%2Cns%2Cgir%2Cclen%2Cdur%2Clmt&sig=AOq0QJ8wRgIhAMLaY63imZsWq04JQO_sonzGPssj1z-0Nzes7y6_lSwvAiEAoZZlwwXwt_7hhw1Hf_5AaIxe0i0LjkzXvp0OopERMMg%3D&lsparams=mh%2Cmm%2Cmn%2Cms%2Cmv%2Cmvi%2Cpl%2Cinitcwndbps&lsig=AG3C_xAwRQIgRdO_NDfhhCPlu1cmai6JR9WBM_S3ND1UO_k7iKgksLMCIQCZcpSRiTi9FWY9RMejRDTSeq-AA9x3EzVqoOC5jeF2_A%3D%3D&ratebypass=yes", "player_url": null, "ext": "mp4", "height": 360, "format_note": "360p", "vcodec": "avc1.4d401e", "asr": null, "filesize": 727547, "fps": 25, "tbr": 153.806, "width": 640, "acodec": "none", "downloader_options": {"http_chunk_size": 10485760}, "format": "134 - 640x360 (360p)", "protocol": "https", "http_headers": {"User-Agent": "Mozilla/5.0 (Windows NT 10.0; Win64; x64) AppleWebKit/537.36 (KHTML, like Gecko) Chrome/73.0.3683.38 Safari/537.36", "Accept-Charset": "ISO-8859-1,utf-8;q=0.7,*;q=0.7", "Accept": "text/html,application/xhtml+xml,application/xml;q=0.9,*/*;q=0.8", "Accept-Encoding": "gzip, deflate", "Accept-Language": "en-us,en;q=0.5"}}, {"format_id": "243", "url": "https://r3---sn-ipoxu-u2xd.googlevideo.com/videoplayback?expire=1610392052&ei=k038X4P-Otb5qQHW_YeAAw&ip=220.129.26.102&id=o-ADupmyVhexF_qcW6-NvdCLGaTyn6DhK6jC4Y9LDm7rp9&itag=243&aitags=133%2C134%2C135%2C136%2C137%2C160%2C242%2C243%2C244%2C247%2C248%2C278&source=youtube&requiressl=yes&mh=n9&mm=31%2C29&mn=sn-ipoxu-u2xd%2Csn-un57en7l&ms=au%2Crdu&mv=m&mvi=3&pl=21&initcwndbps=1125000&vprv=1&mime=video%2Fwebm&ns=ctgSZk0_BgQqQrIYOsIbUQIF&gir=yes&clen=1692939&dur=268.920&lmt=1542662713482342&mt=1610370272&fvip=3&keepalive=yes&beids=23886217&c=WEB&txp=5432432&n=6ksNZp0-1ncUNv&sparams=expire%2Cei%2Cip%2Cid%2Caitags%2Csource%2Crequiressl%2Cvprv%2Cmime%2Cns%2Cgir%2Cclen%2Cdur%2Clmt&sig=AOq0QJ8wRQIgBsrgKwB4YZhdGradiA3yo2Rj_xHO8ZZvUt0QnpivJE4CIQD0FJaOOD00qlTxKuTsdtDfjFmd4efHDSI8wCGSS46tFQ%3D%3D&lsparams=mh%2Cmm%2Cmn%2Cms%2Cmv%2Cmvi%2Cpl%2Cinitcwndbps&lsig=AG3C_xAwRQIgRdO_NDfhhCPlu1cmai6JR9WBM_S3ND1UO_k7iKgksLMCIQCZcpSRiTi9FWY9RMejRDTSeq-AA9x3EzVqoOC5jeF2_A%3D%3D&ratebypass=yes", "player_url": null, "ext": "webm", "height": 360, "format_note": "360p", "vcodec": "vp9", "asr": null, "filesize": 1692939, "fps": 25, "tbr": 182.596, "width": 640, "acodec": "none", "downloader_options": {"http_chunk_size": 10485760}, "format": "243 - 640x360 (360p)", "protocol": "https", "http_headers": {"User-Agent": "Mozilla/5.0 (Windows NT 10.0; Win64; x64) AppleWebKit/537.36 (KHTML, like Gecko) Chrome/73.0.3683.38 Safari/537.36", "Accept-Charset": "ISO-8859-1,utf-8;q=0.7,*;q=0.7", "Accept": "text/html,application/xhtml+xml,application/xml;q=0.9,*/*;q=0.8", "Accept-Encoding": "gzip, deflate", "Accept-Language": "en-us,en;q=0.5"}}, {"format_id": "244", "url": "https://r3---sn-ipoxu-u2xd.googlevideo.com/videoplayback?expire=1610392052&ei=k038X4P-Otb5qQHW_YeAAw&ip=220.129.26.102&id=o-ADupmyVhexF_qcW6-NvdCLGaTyn6DhK6jC4Y9LDm7rp9&itag=244&aitags=133%2C134%2C135%2C136%2C137%2C160%2C242%2C243%2C244%2C247%2C248%2C278&source=youtube&requiressl=yes&mh=n9&mm=31%2C29&mn=sn-ipoxu-u2xd%2Csn-un57en7l&ms=au%2Crdu&mv=m&mvi=3&pl=21&initcwndbps=1125000&vprv=1&mime=video%2Fwebm&ns=ctgSZk0_BgQqQrIYOsIbUQIF&gir=yes&clen=1704080&dur=268.920&lmt=1542662713416717&mt=1610370272&fvip=3&keepalive=yes&beids=23886217&c=WEB&txp=5432432&n=6ksNZp0-1ncUNv&sparams=expire%2Cei%2Cip%2Cid%2Caitags%2Csource%2Crequiressl%2Cvprv%2Cmime%2Cns%2Cgir%2Cclen%2Cdur%2Clmt&sig=AOq0QJ8wRAIgLixty_cL_23GrbNHvzfXcGxzFDt_AGVbQeSNRvEGf8YCIADOOKRE_-wj-p0BkM8MYVQU89vH76LUpjJnb1pTxKq1&lsparams=mh%2Cmm%2Cmn%2Cms%2Cmv%2Cmvi%2Cpl%2Cinitcwndbps&lsig=AG3C_xAwRQIgRdO_NDfhhCPlu1cmai6JR9WBM_S3ND1UO_k7iKgksLMCIQCZcpSRiTi9FWY9RMejRDTSeq-AA9x3EzVqoOC5jeF2_A%3D%3D&ratebypass=yes", "player_url": null, "ext": "webm", "height": 480, "format_note": "480p", "vcodec": "vp9", "asr": null, "filesize": 1704080, "fps": 25, "tbr": 291.721, "width": 854, "acodec": "none", "downloader_options": {"http_chunk_size": 10485760}, "format": "244 - 854x480 (480p)", "protocol": "https", "http_headers": {"User-Agent": "Mozilla/5.0 (Windows NT 10.0; Win64; x64) AppleWebKit/537.36 (KHTML, like Gecko) Chrome/73.0.3683.38 Safari/537.36", "Accept-Charset": "ISO-8859-1,utf-8;q=0.7,*;q=0.7", "Accept": "text/html,application/xhtml+xml,application/xml;q=0.9,*/*;q=0.8", "Accept-Encoding": "gzip, deflate", "Accept-Language": "en-us,en;q=0.5"}}, {"format_id": "135", "url": "https://r3---sn-ipoxu-u2xd.googlevideo.com/videoplayback?expire=1610392052&ei=k038X4P-Otb5qQHW_YeAAw&ip=220.129.26.102&id=o-ADupmyVhexF_qcW6-NvdCLGaTyn6DhK6jC4Y9LDm7rp9&itag=135&aitags=133%2C134%2C135%2C136%2C137%2C160%2C242%2C243%2C244%2C247%2C248%2C278&source=youtube&requiressl=yes&mh=n9&mm=31%2C29&mn=sn-ipoxu-u2xd%2Csn-un57en7l&ms=au%2Crdu&mv=m&mvi=3&pl=21&initcwndbps=1125000&vprv=1&mime=video%2Fmp4&ns=ctgSZk0_BgQqQrIYOsIbUQIF&gir=yes&clen=1161958&dur=268.920&lmt=1542642000760441&mt=1610370272&fvip=3&keepalive=yes&beids=23886217&c=WEB&txp=5432432&n=6ksNZp0-1ncUNv&sparams=expire%2Cei%2Cip%2Cid%2Caitags%2Csource%2Crequiressl%2Cvprv%2Cmime%2Cns%2Cgir%2Cclen%2Cdur%2Clmt&sig=AOq0QJ8wRAIgFjmsjWXxqvmBocTY3jAnXaF0Do4zT-fGvO-2S2faIcICIELhL_S5OFWTy0rGM9ASlDuKlCSdUwdd7ZyvGygifJhp&lsparams=mh%2Cmm%2Cmn%2Cms%2Cmv%2Cmvi%2Cpl%2Cinitcwndbps&lsig=AG3C_xAwRQIgRdO_NDfhhCPlu1cmai6JR9WBM_S3ND1UO_k7iKgksLMCIQCZcpSRiTi9FWY9RMejRDTSeq-AA9x3EzVqoOC5jeF2_A%3D%3D&ratebypass=yes", "player_url": null, "ext": "mp4", "height": 480, "format_note": "480p", "vcodec": "avc1.4d401e", "asr": null, "filesize": 1161958, "fps": 25, "tbr": 298.146, "width": 854, "acodec": "none", "downloader_options": {"http_chunk_size": 10485760}, "format": "135 - 854x480 (480p)", "protocol": "https", "http_headers": {"User-Agent": "Mozilla/5.0 (Windows NT 10.0; Win64; x64) AppleWebKit/537.36 (KHTML, like Gecko) Chrome/73.0.3683.38 Safari/537.36", "Accept-Charset": "ISO-8859-1,utf-8;q=0.7,*;q=0.7", "Accept": "text/html,application/xhtml+xml,application/xml;q=0.9,*/*;q=0.8", "Accept-Encoding": "gzip, deflate", "Accept-Language": "en-us,en;q=0.5"}}, {"format_id": "136", "url": "https://r3---sn-ipoxu-u2xd.googlevideo.com/videoplayback?expire=1610392052&ei=k038X4P-Otb5qQHW_YeAAw&ip=220.129.26.102&id=o-ADupmyVhexF_qcW6-NvdCLGaTyn6DhK6jC4Y9LDm7rp9&itag=136&aitags=133%2C134%2C135%2C136%2C137%2C160%2C242%2C243%2C244%2C247%2C248%2C278&source=youtube&requiressl=yes&mh=n9&mm=31%2C29&mn=sn-ipoxu-u2xd%2Csn-un57en7l&ms=au%2Crdu&mv=m&mvi=3&pl=21&initcwndbps=1125000&vprv=1&mime=video%2Fmp4&ns=ctgSZk0_BgQqQrIYOsIbUQIF&gir=yes&clen=1928637&dur=268.920&lmt=1542644126758117&mt=1610370272&fvip=3&keepalive=yes&beids=23886217&c=WEB&txp=5432432&n=6ksNZp0-1ncUNv&sparams=expire%2Cei%2Cip%2Cid%2Caitags%2Csource%2Crequiressl%2Cvprv%2Cmime%2Cns%2Cgir%2Cclen%2Cdur%2Clmt&sig=AOq0QJ8wRAIgcBwNztdg26B5VphF1ucvG2oCxUgfNIqTodaIlyjVCJkCIDFmikiYB-f9qs3NJJzD5FxoSr6ZBAnbE1lCwAluaZNI&lsparams=mh%2Cmm%2Cmn%2Cms%2Cmv%2Cmvi%2Cpl%2Cinitcwndbps&lsig=AG3C_xAwRQIgRdO_NDfhhCPlu1cmai6JR9WBM_S3ND1UO_k7iKgksLMCIQCZcpSRiTi9FWY9RMejRDTSeq-AA9x3EzVqoOC5jeF2_A%3D%3D&ratebypass=yes", "player_url": null, "ext": "mp4", "height": 720, "format_note": "720p", "vcodec": "avc1.4d401f", "asr": null, "filesize": 1928637, "fps": 25, "tbr": 573.408, "width": 1280, "acodec": "none", "downloader_options": {"http_chunk_size": 10485760}, "format": "136 - 1280x720 (720p)", "protocol": "https", "http_headers": {"User-Agent": "Mozilla/5.0 (Windows NT 10.0; Win64; x64) AppleWebKit/537.36 (KHTML, like Gecko) Chrome/73.0.3683.38 Safari/537.36", "Accept-Charset": "ISO-8859-1,utf-8;q=0.7,*;q=0.7", "Accept": "text/html,application/xhtml+xml,application/xml;q=0.9,*/*;q=0.8", "Accept-Encoding": "gzip, deflate", "Accept-Language": "en-us,en;q=0.5"}}, {"format_id": "247", "url": "https://r3---sn-ipoxu-u2xd.googlevideo.com/videoplayback?expire=1610392052&ei=k038X4P-Otb5qQHW_YeAAw&ip=220.129.26.102&id=o-ADupmyVhexF_qcW6-NvdCLGaTyn6DhK6jC4Y9LDm7rp9&itag=247&aitags=133%2C134%2C135%2C136%2C137%2C160%2C242%2C243%2C244%2C247%2C248%2C278&source=youtube&requiressl=yes&mh=n9&mm=31%2C29&mn=sn-ipoxu-u2xd%2Csn-un57en7l&ms=au%2Crdu&mv=m&mvi=3&pl=21&initcwndbps=1125000&vprv=1&mime=video%2Fwebm&ns=ctgSZk0_BgQqQrIYOsIbUQIF&gir=yes&clen=4462233&dur=268.920&lmt=1542662713438492&mt=1610370272&fvip=3&keepalive=yes&beids=23886217&c=WEB&txp=5432432&n=6ksNZp0-1ncUNv&sparams=expire%2Cei%2Cip%2Cid%2Caitags%2Csource%2Crequiressl%2Cvprv%2Cmime%2Cns%2Cgir%2Cclen%2Cdur%2Clmt&sig=AOq0QJ8wRgIhAK7TGJCoJdSRLi_TTsYYxPhilwQ_6olKG87gOcNGhKJ-AiEAuWTXcucWFnRa6zS0XKgx4pjlqxhpkWMSKc4JboKSGqA%3D&lsparams=mh%2Cmm%2Cmn%2Cms%2Cmv%2Cmvi%2Cpl%2Cinitcwndbps&lsig=AG3C_xAwRQIgRdO_NDfhhCPlu1cmai6JR9WBM_S3ND1UO_k7iKgksLMCIQCZcpSRiTi9FWY9RMejRDTSeq-AA9x3EzVqoOC5jeF2_A%3D%3D&ratebypass=yes", "player_url": null, "ext": "webm", "height": 720, "format_note": "720p", "vcodec": "vp9", "asr": null, "filesize": 4462233, "fps": 25, "tbr": 586.036, "width": 1280, "acodec": "none", "downloader_options": {"http_chunk_size": 10485760}, "format": "247 - 1280x720 (720p)", "protocol": "https", "http_headers": {"User-Agent": "Mozilla/5.0 (Windows NT 10.0; Win64; x64) AppleWebKit/537.36 (KHTML, like Gecko) Chrome/73.0.3683.38 Safari/537.36", "Accept-Charset": "ISO-8859-1,utf-8;q=0.7,*;q=0.7", "Accept": "text/html,application/xhtml+xml,application/xml;q=0.9,*/*;q=0.8", "Accept-Encoding": "gzip, deflate", "Accept-Language": "en-us,en;q=0.5"}}, {"format_id": "248", "url": "https://r3---sn-ipoxu-u2xd.googlevideo.com/videoplayback?expire=1610392052&ei=k038X4P-Otb5qQHW_YeAAw&ip=220.129.26.102&id=o-ADupmyVhexF_qcW6-NvdCLGaTyn6DhK6jC4Y9LDm7rp9&itag=248&aitags=133%2C134%2C135%2C136%2C137%2C160%2C242%2C243%2C244%2C247%2C248%2C278&source=youtube&requiressl=yes&mh=n9&mm=31%2C29&mn=sn-ipoxu-u2xd%2Csn-un57en7l&ms=au%2Crdu&mv=m&mvi=3&pl=21&initcwndbps=1125000&vprv=1&mime=video%2Fwebm&ns=ctgSZk0_BgQqQrIYOsIbUQIF&gir=yes&clen=7294458&dur=268.920&lmt=1542644857560737&mt=1610370272&fvip=3&keepalive=yes&beids=23886217&c=WEB&txp=5432432&n=6ksNZp0-1ncUNv&sparams=expire%2Cei%2Cip%2Cid%2Caitags%2Csource%2Crequiressl%2Cvprv%2Cmime%2Cns%2Cgir%2Cclen%2Cdur%2Clmt&sig=AOq0QJ8wRAIgVU9JJehGHubqwFbu4gkDYWLGZNid2-XLE6zOYwQmxf4CIFjBZL6kwsbHCMfccNNltOegDm-y9IoDNhOT6h_YY3jC&lsparams=mh%2Cmm%2Cmn%2Cms%2Cmv%2Cmvi%2Cpl%2Cinitcwndbps&lsig=AG3C_xAwRQIgRdO_NDfhhCPlu1cmai6JR9WBM_S3ND1UO_k7iKgksLMCIQCZcpSRiTi9FWY9RMejRDTSeq-AA9x3EzVqoOC5jeF2_A%3D%3D&ratebypass=yes", "player_url": null, "ext": "webm", "height": 1080, "format_note": "1080p", "vcodec": "vp9", "asr": null, "filesize": 7294458, "fps": 25, "tbr": 1063.283, "width": 1920, "acodec": "none", "downloader_options": {"http_chunk_size": 10485760}, "format": "248 - 1920x1080 (1080p)", "protocol": "https", "http_headers": {"User-Agent": "Mozilla/5.0 (Windows NT 10.0; Win64; x64) AppleWebKit/537.36 (KHTML, like Gecko) Chrome/73.0.3683.38 Safari/537.36", "Accept-Charset": "ISO-8859-1,utf-8;q=0.7,*;q=0.7", "Accept": "text/html,application/xhtml+xml,application/xml;q=0.9,*/*;q=0.8", "Accept-Encoding": "gzip, deflate", "Accept-Language": "en-us,en;q=0.5"}}, {"format_id": "137", "url": "https://r3---sn-ipoxu-u2xd.googlevideo.com/videoplayback?expire=1610392052&ei=k038X4P-Otb5qQHW_YeAAw&ip=220.129.26.102&id=o-ADupmyVhexF_qcW6-NvdCLGaTyn6DhK6jC4Y9LDm7rp9&itag=137&aitags=133%2C134%2C135%2C136%2C137%2C160%2C242%2C243%2C244%2C247%2C248%2C278&source=youtube&requiressl=yes&mh=n9&mm=31%2C29&mn=sn-ipoxu-u2xd%2Csn-un57en7l&ms=au%2Crdu&mv=m&mvi=3&pl=21&initcwndbps=1125000&vprv=1&mime=video%2Fmp4&ns=ctgSZk0_BgQqQrIYOsIbUQIF&gir=yes&clen=3188490&dur=268.920&lmt=1542649296709786&mt=1610370272&fvip=3&keepalive=yes&beids=23886217&c=WEB&txp=5432432&n=6ksNZp0-1ncUNv&sparams=expire%2Cei%2Cip%2Cid%2Caitags%2Csource%2Crequiressl%2Cvprv%2Cmime%2Cns%2Cgir%2Cclen%2Cdur%2Clmt&sig=AOq0QJ8wRQIhAPvskuUJ6wpeLAwSkP1oScJHQww9XiLKk_M8ddlhFDvzAiBwSzeulQ8WMqw6k6uKBxx2vlHtb4gub8siXqrejPCQ_w%3D%3D&lsparams=mh%2Cmm%2Cmn%2Cms%2Cmv%2Cmvi%2Cpl%2Cinitcwndbps&lsig=AG3C_xAwRQIgRdO_NDfhhCPlu1cmai6JR9WBM_S3ND1UO_k7iKgksLMCIQCZcpSRiTi9FWY9RMejRDTSeq-AA9x3EzVqoOC5jeF2_A%3D%3D&ratebypass=yes", "player_url": null, "ext": "mp4", "height": 1080, "format_note": "1080p", "vcodec": "avc1.640028", "asr": null, "filesize": 3188490, "fps": 25, "tbr": 1129.62, "width": 1920, "acodec": "none", "downloader_options": {"http_chunk_size": 10485760}, "format": "137 - 1920x1080 (1080p)", "protocol": "https", "http_headers": {"User-Agent": "Mozilla/5.0 (Windows NT 10.0; Win64; x64) AppleWebKit/537.36 (KHTML, like Gecko) Chrome/73.0.3683.38 Safari/537.36", "Accept-Charset": "ISO-8859-1,utf-8;q=0.7,*;q=0.7", "Accept": "text/html,application/xhtml+xml,application/xml;q=0.9,*/*;q=0.8", "Accept-Encoding": "gzip, deflate", "Accept-Language": "en-us,en;q=0.5"}}, {"format_id": "18", "url": "https://r3---sn-ipoxu-u2xd.googlevideo.com/videoplayback?expire=1610392052&ei=k038X4P-Otb5qQHW_YeAAw&ip=220.129.26.102&id=o-ADupmyVhexF_qcW6-NvdCLGaTyn6DhK6jC4Y9LDm7rp9&itag=18&source=youtube&requiressl=yes&mh=n9&mm=31%2C29&mn=sn-ipoxu-u2xd%2Csn-un57en7l&ms=au%2Crdu&mv=m&mvi=3&pl=21&initcwndbps=1125000&vprv=1&mime=video%2Fmp4&ns=tC4haga7JjbgJuWFhZblj28F&gir=yes&clen=6614319&ratebypass=yes&dur=269.003&lmt=1542643943878432&mt=1610370272&fvip=3&beids=23886217&c=WEB&txp=5431432&n=HXYY1WP0SK6eN0&sparams=expire%2Cei%2Cip%2Cid%2Citag%2Csource%2Crequiressl%2Cvprv%2Cmime%2Cns%2Cgir%2Cclen%2Cratebypass%2Cdur%2Clmt&sig=AOq0QJ8wRQIhAPurjMw-zuy5f06flWhBCEP2PAd4ykXmxsBti0aX7BfvAiAiZR-UkMZKQMie2kh8Mh5y81LtiuiJtLzzUTMmpFpj-w%3D%3D&lsparams=mh%2Cmm%2Cmn%2Cms%2Cmv%2Cmvi%2Cpl%2Cinitcwndbps&lsig=AG3C_xAwRQIgRdO_NDfhhCPlu1cmai6JR9WBM_S3ND1UO_k7iKgksLMCIQCZcpSRiTi9FWY9RMejRDTSeq-AA9x3EzVqoOC5jeF2_A%3D%3D", "player_url": null, "ext": "mp4", "width": 640, "height": 360, "acodec": "mp4a.40.2", "abr": 96, "vcodec": "avc1.42001E", "asr": 44100, "filesize": 6614319, "format_note": "360p", "fps": 25, "tbr": 196.766, "format": "18 - 640x360 (360p)", "protocol": "https", "http_headers": {"User-Agent": "Mozilla/5.0 (Windows NT 10.0; Win64; x64) AppleWebKit/537.36 (KHTML, like Gecko) Chrome/73.0.3683.38 Safari/537.36", "Accept-Charset": "ISO-8859-1,utf-8;q=0.7,*;q=0.7", "Accept": "text/html,application/xhtml+xml,application/xml;q=0.9,*/*;q=0.8", "Accept-Encoding": "gzip, deflate", "Accept-Language": "en-us,en;q=0.5"}}], "is_live": null, "start_time": null, "end_time": null, "series": null, "season_number": null, "episode_number": null, "track": null, "artist": null, "album": null, "release_date": null, "release_year": null, "extractor": "youtube", "webpage_url_basename": "watch", "extractor_key": "Youtube", "playlist": null, "playlist_index": null, "thumbnail": "https://i.ytimg.com/vi_webp/7JIdJLkJ0S4/maxresdefault.webp", "display_id": "7JIdJLkJ0S4", "requested_subtitles": null, "format_id": "251", "url": "https://r3---sn-ipoxu-u2xd.googlevideo.com/videoplayback?expire=1610392052&ei=k038X4P-Otb5qQHW_YeAAw&ip=220.129.26.102&id=o-ADupmyVhexF_qcW6-NvdCLGaTyn6DhK6jC4Y9LDm7rp9&itag=251&source=youtube&requiressl=yes&mh=n9&mm=31%2C29&mn=sn-ipoxu-u2xd%2Csn-un57en7l&ms=au%2Crdu&mv=m&mvi=3&pl=21&initcwndbps=1125000&vprv=1&mime=audio%2Fwebm&ns=ctgSZk0_BgQqQrIYOsIbUQIF&gir=yes&clen=4915506&dur=268.961&lmt=1542663608860447&mt=1610370272&fvip=3&keepalive=yes&beids=23886217&c=WEB&txp=5411222&n=6ksNZp0-1ncUNv&sparams=expire%2Cei%2Cip%2Cid%2Citag%2Csource%2Crequiressl%2Cvprv%2Cmime%2Cns%2Cgir%2Cclen%2Cdur%2Clmt&sig=AOq0QJ8wRgIhAIg5cVDCYn6bg6Gqno69TP70AkVxQQInDGw-NgE2ZZs9AiEAk32bcY_irCLVil5qGSJmf9aXfLwjE00jEs9z5sp_ePg%3D&lsparams=mh%2Cmm%2Cmn%2Cms%2Cmv%2Cmvi%2Cpl%2Cinitcwndbps&lsig=AG3C_xAwRQIgRdO_NDfhhCPlu1cmai6JR9WBM_S3ND1UO_k7iKgksLMCIQCZcpSRiTi9FWY9RMejRDTSeq-AA9x3EzVqoOC5jeF2_A%3D%3D&ratebypass=yes", "player_url": null, "ext": "webm", "format_note": "tiny", "acodec": "opus", "abr": 160, "asr": 48000, "filesize": 4915506, "fps": null, "height": null, "tbr": 156.86, "width": null, "vcodec": "none", "downloader_options": {"http_chunk_size": 10485760}, "format": "251 - audio only (tiny)", "protocol": "https", "http_headers": {"User-Agent": "Mozilla/5.0 (Windows NT 10.0; Win64; x64) AppleWebKit/537.36 (KHTML, like Gecko) Chrome/73.0.3683.38 Safari/537.36", "Accept-Charset": "ISO-8859-1,utf-8;q=0.7,*;q=0.7", "Accept": "text/html,application/xhtml+xml,application/xml;q=0.9,*/*;q=0.8", "Accept-Encoding": "gzip, deflate", "Accept-Language": "en-us,en;q=0.5"}}