{"id": "9Xg69XrVaYU", "uploader": "Lucas King", "uploader_id": "LucasKingPiano", "uploader_url": "http://www.youtube.com/user/LucasKingPiano", "channel_id": "UCq52MbjRULLbjRPvxM7FwZg", "channel_url": "http://www.youtube.com/channel/UCq52MbjRULLbjRPvxM7FwZg", "upload_date": "20140921", "license": null, "creator": null, "title": "Sad Piano Music - Gone (Original Composition)", "alt_title": null, "thumbnails": [{"url": "https://i.ytimg.com/vi/9Xg69XrVaYU/hqdefault.jpg?sqp=-oaymwEYCKgBEF5IVfKriqkDCwgBFQAAiEIYAXAB&rs=AOn4CLCWZxmxah7QW4PTB0--Sn2591o0aA", "width": 168, "height": 94, "resolution": "168x94", "id": "0"}, {"url": "https://i.ytimg.com/vi/9Xg69XrVaYU/hqdefault.jpg?sqp=-oaymwEYCMQBEG5IVfKriqkDCwgBFQAAiEIYAXAB&rs=AOn4CLDjXIBWFsEXeINaPexC7i45wwuUNw", "width": 196, "height": 110, "resolution": "196x110", "id": "1"}, {"url": "https://i.ytimg.com/vi/9Xg69XrVaYU/hqdefault.jpg?sqp=-oaymwEZCPYBEIoBSFXyq4qpAwsIARUAAIhCGAFwAQ==&rs=AOn4CLAPTTRcDhINyj9t6bkhHdP53sthKg", "width": 246, "height": 138, "resolution": "246x138", "id": "2"}, {"url": "https://i.ytimg.com/vi/9Xg69XrVaYU/hqdefault.jpg?sqp=-oaymwEZCNACELwBSFXyq4qpAwsIARUAAIhCGAFwAQ==&rs=AOn4CLBO1fgspaMmQd-IKTWGj9mPdx4Vlw", "width": 336, "height": 188, "resolution": "336x188", "id": "3"}, {"url": "https://i.ytimg.com/vi/9Xg69XrVaYU/maxresdefault.jpg", "width": 1920, "height": 1080, "resolution": "1920x1080", "id": "4"}], "description": "\u25b6 Here are the sheets https://sellfy.com/p/fdSi/\n\nHere it is on Spotify https://open.spotify.com/track/5jEXB5iZJEVNEzyBZuezCB\niTunes https://itunes.apple.com/gb/album/remember/id1112363858?i=1112364379\n\nAn original piano piece called Gone\n\nSad and dark, this is my 666th upload.\nIts a minimalistic piece and uses the same rhythmic pattern throughout. \n\nAll this, this whole place, everything, it's gone. Just gone.\n\nI\u2019ve started a blog where I will give tips on composition, piano playing, improvisation, playing by ear  and setting up YouTube channels. Go check it out https://lucaskingpianosite.wordpress.com/\n\nI've also created a wattpad where I upload stories, if you\u2019re a writer yourself it\u2019ll be great to hear what you think! https://www.wattpad.com/user/LucasKingPiano\n\nI am not the artist of the artwork http://www.background.uz/_ph/23/70081550.jpg\n\nHope you enjoy!!!\n\n\nAsk me a question on ask.fm/LucasKingPiano\n\n\n\nLike me on Facebook https://www.facebook.com/pages/Lucas-King/422277594533711\n\nFollow me on twitter @LucasKingPiano\n\nFollow me On Soundcloud  https://soundcloud.com/lucas-king-piano-music", "categories": ["Music"], "tags": ["Composition (Field Of Study)", "Music (TV Genre)", "Piano (Musical Instrument)", "Field Records (Record Label)", "Original", "Song", "Singer", "Acoustic", "Guitar", "Original Song (TV Episode)", "Songwriter", "Gone", "Television (Invention)", "Folk", "Artist", "Unsigned", "Musician", "Idea", "Slipknot"], "subtitles": {}, "automatic_captions": {}, "duration": 201, "age_limit": 0, "annotations": null, "chapters": null, "webpage_url": "https://www.youtube.com/watch?v=9Xg69XrVaYU", "view_count": 1692391, "like_count": 18782, "dislike_count": 244, "average_rating": 4.9487019, "formats": [{"format_id": "249", "url": "https://r6---sn-ipoxu-u2xd.googlevideo.com/videoplayback?expire=1610392228&ei=RE78X47zCuyMs8IP2tukoAk&ip=220.129.26.102&id=o-ABbStfy6YUgN2qb520G4lj5zMUQ1cL-C4Jlm4tHf7tVG&itag=249&source=youtube&requiressl=yes&mh=m3&mm=31%2C29&mn=sn-ipoxu-u2xd%2Csn-un57sn76&ms=au%2Crdu&mv=m&mvi=6&pl=21&initcwndbps=1125000&vprv=1&mime=audio%2Fwebm&ns=rTlDu1hq6hhQ41ihdT_fe44F&gir=yes&clen=1426920&dur=200.841&lmt=1541894318941749&mt=1610370272&fvip=6&keepalive=yes&c=WEB&txp=5411222&n=HPV31QYbihYNCA&sparams=expire%2Cei%2Cip%2Cid%2Citag%2Csource%2Crequiressl%2Cvprv%2Cmime%2Cns%2Cgir%2Cclen%2Cdur%2Clmt&sig=AOq0QJ8wRAIgXr857NBtvesuo4ewi7h6rVdUpoNLAuBBQkHD_fo6D-wCIHmxSqMm4Y7sIpTR7Q1mk3H3ikfSxqutqQpVcY1OdZEv&lsparams=mh%2Cmm%2Cmn%2Cms%2Cmv%2Cmvi%2Cpl%2Cinitcwndbps&lsig=AG3C_xAwRgIhAPU03EX7qHnSuWhEMMkPM6kwOQEkL3vqCXehlfo72yKOAiEAhREih5qfYNlvIXA3R5X_kVZgLbTjXbvwblAG2TXNxag%3D&ratebypass=yes", "player_url": null, "ext": "webm", "format_note": "tiny", "acodec": "opus", "abr": 50, "asr": 48000, "filesize": 1426920, "fps": null, "height": null, "tbr": 62.708, "width": null, "vcodec": "none", "downloader_options": {"http_chunk_size": 10485760}, "format": "249 - audio only (tiny)", "protocol": "https", "http_headers": {"User-Agent": "Mozilla/5.0 (Windows NT 10.0; Win64; x64) AppleWebKit/537.36 (KHTML, like Gecko) Chrome/73.0.3683.38 Safari/537.36", "Accept-Charset": "ISO-8859-1,utf-8;q=0.7,*;q=0.7", "Accept": "text/html,application/xhtml+xml,application/xml;q=0.9,*/*;q=0.8", "Accept-Encoding": "gzip, deflate", "Accept-Language": "en-us,en;q=0.5"}}, {"format_id": "250", "url": "https://r6---sn-ipoxu-u2xd.googlevideo.com/videoplayback?expire=1610392228&ei=RE78X47zCuyMs8IP2tukoAk&ip=220.129.26.102&id=o-ABbStfy6YUgN2qb520G4lj5zMUQ1cL-C4Jlm4tHf7tVG&itag=250&source=youtube&requiressl=yes&mh=m3&mm=31%2C29&mn=sn-ipoxu-u2xd%2Csn-un57sn76&ms=au%2Crdu&mv=m&mvi=6&pl=21&initcwndbps=1125000&vprv=1&mime=audio%2Fwebm&ns=rTlDu1hq6hhQ41ihdT_fe44F&gir=yes&clen=1893598&dur=200.841&lmt=1541894323183524&mt=1610370272&fvip=6&keepalive=yes&c=WEB&txp=5411222&n=HPV31QYbihYNCA&sparams=expire%2Cei%2Cip%2Cid%2Citag%2Csource%2Crequiressl%2Cvprv%2Cmime%2Cns%2Cgir%2Cclen%2Cdur%2Clmt&sig=AOq0QJ8wRAIgCTgy3ktqurcQAM7MugLqjxaT03je1LgjxU3M_rC2vxQCIDX9YG1YpUTLfbGr8e8gqsbbux-fNfN_t52cu4vFXnhO&lsparams=mh%2Cmm%2Cmn%2Cms%2Cmv%2Cmvi%2Cpl%2Cinitcwndbps&lsig=AG3C_xAwRgIhAPU03EX7qHnSuWhEMMkPM6kwOQEkL3vqCXehlfo72yKOAiEAhREih5qfYNlvIXA3R5X_kVZgLbTjXbvwblAG2TXNxag%3D&ratebypass=yes", "player_url": null, "ext": "webm", "format_note": "tiny", "acodec": "opus", "abr": 70, "asr": 48000, "filesize": 1893598, "fps": null, "height": null, "tbr": 83.472, "width": null, "vcodec": "none", "downloader_options": {"http_chunk_size": 10485760}, "format": "250 - audio only (tiny)", "protocol": "https", "http_headers": {"User-Agent": "Mozilla/5.0 (Windows NT 10.0; Win64; x64) AppleWebKit/537.36 (KHTML, like Gecko) Chrome/73.0.3683.38 Safari/537.36", "Accept-Charset": "ISO-8859-1,utf-8;q=0.7,*;q=0.7", "Accept": "text/html,application/xhtml+xml,application/xml;q=0.9,*/*;q=0.8", "Accept-Encoding": "gzip, deflate", "Accept-Language": "en-us,en;q=0.5"}}, {"format_id": "140", "url": "https://r6---sn-ipoxu-u2xd.googlevideo.com/videoplayback?expire=1610392228&ei=RE78X47zCuyMs8IP2tukoAk&ip=220.129.26.102&id=o-ABbStfy6YUgN2qb520G4lj5zMUQ1cL-C4Jlm4tHf7tVG&itag=140&source=youtube&requiressl=yes&mh=m3&mm=31%2C29&mn=sn-ipoxu-u2xd%2Csn-un57sn76&ms=au%2Crdu&mv=m&mvi=6&pl=21&initcwndbps=1125000&vprv=1&mime=audio%2Fmp4&ns=rTlDu1hq6hhQ41ihdT_fe44F&gir=yes&clen=3191120&dur=200.875&lmt=1541893327624690&mt=1610370272&fvip=6&keepalive=yes&c=WEB&txp=5432432&n=HPV31QYbihYNCA&sparams=expire%2Cei%2Cip%2Cid%2Citag%2Csource%2Crequiressl%2Cvprv%2Cmime%2Cns%2Cgir%2Cclen%2Cdur%2Clmt&sig=AOq0QJ8wRQIgYI6QzuO-zjz9qc18OIZxT117XHpYKNEBL5LIKQciSKkCIQDGSmzKA02o6mVgg78Hi0Y4C4rh6jLeY8UlK6r1nLlTQQ%3D%3D&lsparams=mh%2Cmm%2Cmn%2Cms%2Cmv%2Cmvi%2Cpl%2Cinitcwndbps&lsig=AG3C_xAwRgIhAPU03EX7qHnSuWhEMMkPM6kwOQEkL3vqCXehlfo72yKOAiEAhREih5qfYNlvIXA3R5X_kVZgLbTjXbvwblAG2TXNxag%3D&ratebypass=yes", "player_url": null, "ext": "m4a", "format_note": "tiny", "acodec": "mp4a.40.2", "abr": 128, "container": "m4a_dash", "asr": 44100, "filesize": 3191120, "fps": null, "height": null, "tbr": 127.953, "width": null, "vcodec": "none", "downloader_options": {"http_chunk_size": 10485760}, "format": "140 - audio only (tiny)", "protocol": "https", "http_headers": {"User-Agent": "Mozilla/5.0 (Windows NT 10.0; Win64; x64) AppleWebKit/537.36 (KHTML, like Gecko) Chrome/73.0.3683.38 Safari/537.36", "Accept-Charset": "ISO-8859-1,utf-8;q=0.7,*;q=0.7", "Accept": "text/html,application/xhtml+xml,application/xml;q=0.9,*/*;q=0.8", "Accept-Encoding": "gzip, deflate", "Accept-Language": "en-us,en;q=0.5"}}, {"format_id": "251", "url": "https://r6---sn-ipoxu-u2xd.googlevideo.com/videoplayback?expire=1610392228&ei=RE78X47zCuyMs8IP2tukoAk&ip=220.129.26.102&id=o-ABbStfy6YUgN2qb520G4lj5zMUQ1cL-C4Jlm4tHf7tVG&itag=251&source=youtube&requiressl=yes&mh=m3&mm=31%2C29&mn=sn-ipoxu-u2xd%2Csn-un57sn76&ms=au%2Crdu&mv=m&mvi=6&pl=21&initcwndbps=1125000&vprv=1&mime=audio%2Fwebm&ns=rTlDu1hq6hhQ41ihdT_fe44F&gir=yes&clen=3738527&dur=200.841&lmt=1541894317350803&mt=1610370272&fvip=6&keepalive=yes&c=WEB&txp=5411222&n=HPV31QYbihYNCA&sparams=expire%2Cei%2Cip%2Cid%2Citag%2Csource%2Crequiressl%2Cvprv%2Cmime%2Cns%2Cgir%2Cclen%2Cdur%2Clmt&sig=AOq0QJ8wRQIgUAAhnQt7BuVjwIV7sg-r84d89dOPA6bDzeGDst1s2X8CIQDgbhdaW4z7ZrHO8jkAaGHsLeAFgFzT7ml_NmexbCTwTw%3D%3D&lsparams=mh%2Cmm%2Cmn%2Cms%2Cmv%2Cmvi%2Cpl%2Cinitcwndbps&lsig=AG3C_xAwRgIhAPU03EX7qHnSuWhEMMkPM6kwOQEkL3vqCXehlfo72yKOAiEAhREih5qfYNlvIXA3R5X_kVZgLbTjXbvwblAG2TXNxag%3D&ratebypass=yes", "player_url": null, "ext": "webm", "format_note": "tiny", "acodec": "opus", "abr": 160, "asr": 48000, "filesize": 3738527, "fps": null, "height": null, "tbr": 159.62, "width": null, "vcodec": "none", "downloader_options": {"http_chunk_size": 10485760}, "format": "251 - audio only (tiny)", "protocol": "https", "http_headers": {"User-Agent": "Mozilla/5.0 (Windows NT 10.0; Win64; x64) AppleWebKit/537.36 (KHTML, like Gecko) Chrome/73.0.3683.38 Safari/537.36", "Accept-Charset": "ISO-8859-1,utf-8;q=0.7,*;q=0.7", "Accept": "text/html,application/xhtml+xml,application/xml;q=0.9,*/*;q=0.8", "Accept-Encoding": "gzip, deflate", "Accept-Language": "en-us,en;q=0.5"}}, {"format_id": "160", "url": "https://r6---sn-ipoxu-u2xd.googlevideo.com/videoplayback?expire=1610392228&ei=RE78X47zCuyMs8IP2tukoAk&ip=220.129.26.102&id=o-ABbStfy6YUgN2qb520G4lj5zMUQ1cL-C4Jlm4tHf7tVG&itag=160&aitags=133%2C134%2C135%2C136%2C137%2C160%2C242%2C243%2C244%2C247%2C248%2C278&source=youtube&requiressl=yes&mh=m3&mm=31%2C29&mn=sn-ipoxu-u2xd%2Csn-un57sn76&ms=au%2Crdu&mv=m&mvi=6&pl=21&initcwndbps=1125000&vprv=1&mime=video%2Fmp4&ns=rTlDu1hq6hhQ41ihdT_fe44F&gir=yes&clen=447958&dur=200.800&lmt=1541893368319900&mt=1610370272&fvip=6&keepalive=yes&c=WEB&txp=5432432&n=HPV31QYbihYNCA&sparams=expire%2Cei%2Cip%2Cid%2Caitags%2Csource%2Crequiressl%2Cvprv%2Cmime%2Cns%2Cgir%2Cclen%2Cdur%2Clmt&sig=AOq0QJ8wRAIgUF3DOroeShiEFiqM9HJR5QrwnRjfkki-d2UYXsTHa7ACID5605Gh7sAcg5PgoL9YK3ppze23zZzMOVjCWB_pccAc&lsparams=mh%2Cmm%2Cmn%2Cms%2Cmv%2Cmvi%2Cpl%2Cinitcwndbps&lsig=AG3C_xAwRgIhAPU03EX7qHnSuWhEMMkPM6kwOQEkL3vqCXehlfo72yKOAiEAhREih5qfYNlvIXA3R5X_kVZgLbTjXbvwblAG2TXNxag%3D&ratebypass=yes", "player_url": null, "ext": "mp4", "height": 144, "format_note": "144p", "vcodec": "avc1.4d400c", "asr": null, "filesize": 447958, "fps": 30, "tbr": 48.286, "width": 256, "acodec": "none", "downloader_options": {"http_chunk_size": 10485760}, "format": "160 - 256x144 (144p)", "protocol": "https", "http_headers": {"User-Agent": "Mozilla/5.0 (Windows NT 10.0; Win64; x64) AppleWebKit/537.36 (KHTML, like Gecko) Chrome/73.0.3683.38 Safari/537.36", "Accept-Charset": "ISO-8859-1,utf-8;q=0.7,*;q=0.7", "Accept": "text/html,application/xhtml+xml,application/xml;q=0.9,*/*;q=0.8", "Accept-Encoding": "gzip, deflate", "Accept-Language": "en-us,en;q=0.5"}}, {"format_id": "278", "url": "https://r6---sn-ipoxu-u2xd.googlevideo.com/videoplayback?expire=1610392228&ei=RE78X47zCuyMs8IP2tukoAk&ip=220.129.26.102&id=o-ABbStfy6YUgN2qb520G4lj5zMUQ1cL-C4Jlm4tHf7tVG&itag=278&aitags=133%2C134%2C135%2C136%2C137%2C160%2C242%2C243%2C244%2C247%2C248%2C278&source=youtube&requiressl=yes&mh=m3&mm=31%2C29&mn=sn-ipoxu-u2xd%2Csn-un57sn76&ms=au%2Crdu&mv=m&mvi=6&pl=21&initcwndbps=1125000&vprv=1&mime=video%2Fwebm&ns=rTlDu1hq6hhQ41ihdT_fe44F&gir=yes&clen=849725&dur=200.800&lmt=1541893925284919&mt=1610370272&fvip=6&keepalive=yes&c=WEB&txp=5432432&n=HPV31QYbihYNCA&sparams=expire%2Cei%2Cip%2Cid%2Caitags%2Csource%2Crequiressl%2Cvprv%2Cmime%2Cns%2Cgir%2Cclen%2Cdur%2Clmt&sig=AOq0QJ8wRgIhAIan-EiGs-DWLHGd8uufF7vzsqc_LwTJFLUN-8QexJXTAiEA1LSc01TGGTGM5fQ3gyn785HuXbXHeEf837-uvwQV3hs%3D&lsparams=mh%2Cmm%2Cmn%2Cms%2Cmv%2Cmvi%2Cpl%2Cinitcwndbps&lsig=AG3C_xAwRgIhAPU03EX7qHnSuWhEMMkPM6kwOQEkL3vqCXehlfo72yKOAiEAhREih5qfYNlvIXA3R5X_kVZgLbTjXbvwblAG2TXNxag%3D&ratebypass=yes", "player_url": null, "ext": "webm", "height": 144, "format_note": "144p", "container": "webm", "vcodec": "vp9", "asr": null, "filesize": 849725, "fps": 30, "tbr": 72.379, "width": 256, "acodec": "none", "downloader_options": {"http_chunk_size": 10485760}, "format": "278 - 256x144 (144p)", "protocol": "https", "http_headers": {"User-Agent": "Mozilla/5.0 (Windows NT 10.0; Win64; x64) AppleWebKit/537.36 (KHTML, like Gecko) Chrome/73.0.3683.38 Safari/537.36", "Accept-Charset": "ISO-8859-1,utf-8;q=0.7,*;q=0.7", "Accept": "text/html,application/xhtml+xml,application/xml;q=0.9,*/*;q=0.8", "Accept-Encoding": "gzip, deflate", "Accept-Language": "en-us,en;q=0.5"}}, {"format_id": "133", "url": "https://r6---sn-ipoxu-u2xd.googlevideo.com/videoplayback?expire=1610392228&ei=RE78X47zCuyMs8IP2tukoAk&ip=220.129.26.102&id=o-ABbStfy6YUgN2qb520G4lj5zMUQ1cL-C4Jlm4tHf7tVG&itag=133&aitags=133%2C134%2C135%2C136%2C137%2C160%2C242%2C243%2C244%2C247%2C248%2C278&source=youtube&requiressl=yes&mh=m3&mm=31%2C29&mn=sn-ipoxu-u2xd%2Csn-un57sn76&ms=au%2Crdu&mv=m&mvi=6&pl=21&initcwndbps=1125000&vprv=1&mime=video%2Fmp4&ns=rTlDu1hq6hhQ41ihdT_fe44F&gir=yes&clen=763985&dur=200.800&lmt=1541893368504787&mt=1610370272&fvip=6&keepalive=yes&c=WEB&txp=5432432&n=HPV31QYbihYNCA&sparams=expire%2Cei%2Cip%2Cid%2Caitags%2Csource%2Crequiressl%2Cvprv%2Cmime%2Cns%2Cgir%2Cclen%2Cdur%2Clmt&sig=AOq0QJ8wRgIhAKMM04VKHuGiHX8n26PH9qKjSGHsu4FgGuE0eA_LK-wpAiEA2W2RnuOyreonWxTSLtVkv0kUC9Fj0dKEaTZogNAYWrw%3D&lsparams=mh%2Cmm%2Cmn%2Cms%2Cmv%2Cmvi%2Cpl%2Cinitcwndbps&lsig=AG3C_xAwRgIhAPU03EX7qHnSuWhEMMkPM6kwOQEkL3vqCXehlfo72yKOAiEAhREih5qfYNlvIXA3R5X_kVZgLbTjXbvwblAG2TXNxag%3D&ratebypass=yes", "player_url": null, "ext": "mp4", "height": 240, "format_note": "240p", "vcodec": "avc1.4d4015", "asr": null, "filesize": 763985, "fps": 30, "tbr": 82.038, "width": 426, "acodec": "none", "downloader_options": {"http_chunk_size": 10485760}, "format": "133 - 426x240 (240p)", "protocol": "https", "http_headers": {"User-Agent": "Mozilla/5.0 (Windows NT 10.0; Win64; x64) AppleWebKit/537.36 (KHTML, like Gecko) Chrome/73.0.3683.38 Safari/537.36", "Accept-Charset": "ISO-8859-1,utf-8;q=0.7,*;q=0.7", "Accept": "text/html,application/xhtml+xml,application/xml;q=0.9,*/*;q=0.8", "Accept-Encoding": "gzip, deflate", "Accept-Language": "en-us,en;q=0.5"}}, {"format_id": "242", "url": "https://r6---sn-ipoxu-u2xd.googlevideo.com/videoplayback?expire=1610392228&ei=RE78X47zCuyMs8IP2tukoAk&ip=220.129.26.102&id=o-ABbStfy6YUgN2qb520G4lj5zMUQ1cL-C4Jlm4tHf7tVG&itag=242&aitags=133%2C134%2C135%2C136%2C137%2C160%2C242%2C243%2C244%2C247%2C248%2C278&source=youtube&requiressl=yes&mh=m3&mm=31%2C29&mn=sn-ipoxu-u2xd%2Csn-un57sn76&ms=au%2Crdu&mv=m&mvi=6&pl=21&initcwndbps=1125000&vprv=1&mime=video%2Fwebm&ns=rTlDu1hq6hhQ41ihdT_fe44F&gir=yes&clen=1336611&dur=200.800&lmt=1541893925325042&mt=1610370272&fvip=6&keepalive=yes&c=WEB&txp=5432432&n=HPV31QYbihYNCA&sparams=expire%2Cei%2Cip%2Cid%2Caitags%2Csource%2Crequiressl%2Cvprv%2Cmime%2Cns%2Cgir%2Cclen%2Cdur%2Clmt&sig=AOq0QJ8wRAIgUDWAgA-lIVDlFf8Wo6qm4nAbprltnW_xLB_huQoqz0ICIHB2mVyAy2I1TfVSdNIGuDouS9SmjtbzeBgfOsLNywor&lsparams=mh%2Cmm%2Cmn%2Cms%2Cmv%2Cmvi%2Cpl%2Cinitcwndbps&lsig=AG3C_xAwRgIhAPU03EX7qHnSuWhEMMkPM6kwOQEkL3vqCXehlfo72yKOAiEAhREih5qfYNlvIXA3R5X_kVZgLbTjXbvwblAG2TXNxag%3D&ratebypass=yes", "player_url": null, "ext": "webm", "height": 240, "format_note": "240p", "vcodec": "vp9", "asr": null, "filesize": 1336611, "fps": 30, "tbr": 129.021, "width": 426, "acodec": "none", "downloader_options": {"http_chunk_size": 10485760}, "format": "242 - 426x240 (240p)", "protocol": "https", "http_headers": {"User-Agent": "Mozilla/5.0 (Windows NT 10.0; Win64; x64) AppleWebKit/537.36 (KHTML, like Gecko) Chrome/73.0.3683.38 Safari/537.36", "Accept-Charset": "ISO-8859-1,utf-8;q=0.7,*;q=0.7", "Accept": "text/html,application/xhtml+xml,application/xml;q=0.9,*/*;q=0.8", "Accept-Encoding": "gzip, deflate", "Accept-Language": "en-us,en;q=0.5"}}, {"format_id": "243", "url": "https://r6---sn-ipoxu-u2xd.googlevideo.com/videoplayback?expire=1610392228&ei=RE78X47zCuyMs8IP2tukoAk&ip=220.129.26.102&id=o-ABbStfy6YUgN2qb520G4lj5zMUQ1cL-C4Jlm4tHf7tVG&itag=243&aitags=133%2C134%2C135%2C136%2C137%2C160%2C242%2C243%2C244%2C247%2C248%2C278&source=youtube&requiressl=yes&mh=m3&mm=31%2C29&mn=sn-ipoxu-u2xd%2Csn-un57sn76&ms=au%2Crdu&mv=m&mvi=6&pl=21&initcwndbps=1125000&vprv=1&mime=video%2Fwebm&ns=rTlDu1hq6hhQ41ihdT_fe44F&gir=yes&clen=2229935&dur=200.800&lmt=1541893925352983&mt=1610370272&fvip=6&keepalive=yes&c=WEB&txp=5432432&n=HPV31QYbihYNCA&sparams=expire%2Cei%2Cip%2Cid%2Caitags%2Csource%2Crequiressl%2Cvprv%2Cmime%2Cns%2Cgir%2Cclen%2Cdur%2Clmt&sig=AOq0QJ8wRAIgSXi1mIHn1o3k-EMQmxeDCYA4VJiWonwXptp6318O34ECIGHzlJfQ4ksfTT4VQn4ul4FD9ewrUnz6QxX1hb9JllG9&lsparams=mh%2Cmm%2Cmn%2Cms%2Cmv%2Cmvi%2Cpl%2Cinitcwndbps&lsig=AG3C_xAwRgIhAPU03EX7qHnSuWhEMMkPM6kwOQEkL3vqCXehlfo72yKOAiEAhREih5qfYNlvIXA3R5X_kVZgLbTjXbvwblAG2TXNxag%3D&ratebypass=yes", "player_url": null, "ext": "webm", "height": 360, "format_note": "360p", "vcodec": "vp9", "asr": null, "filesize": 2229935, "fps": 30, "tbr": 225.032, "width": 640, "acodec": "none", "downloader_options": {"http_chunk_size": 10485760}, "format": "243 - 640x360 (360p)", "protocol": "https", "http_headers": {"User-Agent": "Mozilla/5.0 (Windows NT 10.0; Win64; x64) AppleWebKit/537.36 (KHTML, like Gecko) Chrome/73.0.3683.38 Safari/537.36", "Accept-Charset": "ISO-8859-1,utf-8;q=0.7,*;q=0.7", "Accept": "text/html,application/xhtml+xml,application/xml;q=0.9,*/*;q=0.8", "Accept-Encoding": "gzip, deflate", "Accept-Language": "en-us,en;q=0.5"}}, {"format_id": "134", "url": "https://r6---sn-ipoxu-u2xd.googlevideo.com/videoplayback?expire=1610392228&ei=RE78X47zCuyMs8IP2tukoAk&ip=220.129.26.102&id=o-ABbStfy6YUgN2qb520G4lj5zMUQ1cL-C4Jlm4tHf7tVG&itag=134&aitags=133%2C134%2C135%2C136%2C137%2C160%2C242%2C243%2C244%2C247%2C248%2C278&source=youtube&requiressl=yes&mh=m3&mm=31%2C29&mn=sn-ipoxu-u2xd%2Csn-un57sn76&ms=au%2Crdu&mv=m&mvi=6&pl=21&initcwndbps=1125000&vprv=1&mime=video%2Fmp4&ns=rTlDu1hq6hhQ41ihdT_fe44F&gir=yes&clen=1852771&dur=200.800&lmt=1541893368610865&mt=1610370272&fvip=6&keepalive=yes&c=WEB&txp=5432432&n=HPV31QYbihYNCA&sparams=expire%2Cei%2Cip%2Cid%2Caitags%2Csource%2Crequiressl%2Cvprv%2Cmime%2Cns%2Cgir%2Cclen%2Cdur%2Clmt&sig=AOq0QJ8wRgIhALs5uKOyxpHXRzyeb-6itlOznRLWcxJ3-tN1e9ADv2cKAiEAn-vs9jFCPl10qqL2P2oNkNZh6waNglkp-MsmJJDfcxI%3D&lsparams=mh%2Cmm%2Cmn%2Cms%2Cmv%2Cmvi%2Cpl%2Cinitcwndbps&lsig=AG3C_xAwRgIhAPU03EX7qHnSuWhEMMkPM6kwOQEkL3vqCXehlfo72yKOAiEAhREih5qfYNlvIXA3R5X_kVZgLbTjXbvwblAG2TXNxag%3D&ratebypass=yes", "player_url": null, "ext": "mp4", "height": 360, "format_note": "360p", "vcodec": "avc1.4d401e", "asr": null, "filesize": 1852771, "fps": 30, "tbr": 237.265, "width": 640, "acodec": "none", "downloader_options": {"http_chunk_size": 10485760}, "format": "134 - 640x360 (360p)", "protocol": "https", "http_headers": {"User-Agent": "Mozilla/5.0 (Windows NT 10.0; Win64; x64) AppleWebKit/537.36 (KHTML, like Gecko) Chrome/73.0.3683.38 Safari/537.36", "Accept-Charset": "ISO-8859-1,utf-8;q=0.7,*;q=0.7", "Accept": "text/html,application/xhtml+xml,application/xml;q=0.9,*/*;q=0.8", "Accept-Encoding": "gzip, deflate", "Accept-Language": "en-us,en;q=0.5"}}, {"format_id": "244", "url": "https://r6---sn-ipoxu-u2xd.googlevideo.com/videoplayback?expire=1610392228&ei=RE78X47zCuyMs8IP2tukoAk&ip=220.129.26.102&id=o-ABbStfy6YUgN2qb520G4lj5zMUQ1cL-C4Jlm4tHf7tVG&itag=244&aitags=133%2C134%2C135%2C136%2C137%2C160%2C242%2C243%2C244%2C247%2C248%2C278&source=youtube&requiressl=yes&mh=m3&mm=31%2C29&mn=sn-ipoxu-u2xd%2Csn-un57sn76&ms=au%2Crdu&mv=m&mvi=6&pl=21&initcwndbps=1125000&vprv=1&mime=video%2Fwebm&ns=rTlDu1hq6hhQ41ihdT_fe44F&gir=yes&clen=2256405&dur=200.800&lmt=1541893925307789&mt=1610370272&fvip=6&keepalive=yes&c=WEB&txp=5432432&n=HPV31QYbihYNCA&sparams=expire%2Cei%2Cip%2Cid%2Caitags%2Csource%2Crequiressl%2Cvprv%2Cmime%2Cns%2Cgir%2Cclen%2Cdur%2Clmt&sig=AOq0QJ8wRQIhAJtc63_xasdLfcIAYnEeIb13EkgfYK1ZIIJYNkSat_9yAiA6i8fOQDnK-fyDsT68p9VEVoJSKTNIoZyPzCT3ALYADg%3D%3D&lsparams=mh%2Cmm%2Cmn%2Cms%2Cmv%2Cmvi%2Cpl%2Cinitcwndbps&lsig=AG3C_xAwRgIhAPU03EX7qHnSuWhEMMkPM6kwOQEkL3vqCXehlfo72yKOAiEAhREih5qfYNlvIXA3R5X_kVZgLbTjXbvwblAG2TXNxag%3D&ratebypass=yes", "player_url": null, "ext": "webm", "height": 480, "format_note": "480p", "vcodec": "vp9", "asr": null, "filesize": 2256405, "fps": 30, "tbr": 333.455, "width": 854, "acodec": "none", "downloader_options": {"http_chunk_size": 10485760}, "format": "244 - 854x480 (480p)", "protocol": "https", "http_headers": {"User-Agent": "Mozilla/5.0 (Windows NT 10.0; Win64; x64) AppleWebKit/537.36 (KHTML, like Gecko) Chrome/73.0.3683.38 Safari/537.36", "Accept-Charset": "ISO-8859-1,utf-8;q=0.7,*;q=0.7", "Accept": "text/html,application/xhtml+xml,application/xml;q=0.9,*/*;q=0.8", "Accept-Encoding": "gzip, deflate", "Accept-Language": "en-us,en;q=0.5"}}, {"format_id": "135", "url": "https://r6---sn-ipoxu-u2xd.googlevideo.com/videoplayback?expire=1610392228&ei=RE78X47zCuyMs8IP2tukoAk&ip=220.129.26.102&id=o-ABbStfy6YUgN2qb520G4lj5zMUQ1cL-C4Jlm4tHf7tVG&itag=135&aitags=133%2C134%2C135%2C136%2C137%2C160%2C242%2C243%2C244%2C247%2C248%2C278&source=youtube&requiressl=yes&mh=m3&mm=31%2C29&mn=sn-ipoxu-u2xd%2Csn-un57sn76&ms=au%2Crdu&mv=m&mvi=6&pl=21&initcwndbps=1125000&vprv=1&mime=video%2Fmp4&ns=rTlDu1hq6hhQ41ihdT_fe44F&gir=yes&clen=3725476&dur=200.800&lmt=1541893368503553&mt=1610370272&fvip=6&keepalive=yes&c=WEB&txp=5432432&n=HPV31QYbihYNCA&sparams=expire%2Cei%2Cip%2Cid%2Caitags%2Csource%2Crequiressl%2Cvprv%2Cmime%2Cns%2Cgir%2Cclen%2Cdur%2Clmt&sig=AOq0QJ8wRQIgVAQOoeHEnETGydxF8koB0jGui8Nw0IJKNb1nVMk3I6MCIQDl75rior6G7hhJaEZ1_nsoYLycct2UyqLZYGt64SCcdA%3D%3D&lsparams=mh%2Cmm%2Cmn%2Cms%2Cmv%2Cmvi%2Cpl%2Cinitcwndbps&lsig=AG3C_xAwRgIhAPU03EX7qHnSuWhEMMkPM6kwOQEkL3vqCXehlfo72yKOAiEAhREih5qfYNlvIXA3R5X_kVZgLbTjXbvwblAG2TXNxag%3D&ratebypass=yes", "player_url": null, "ext": "mp4", "height": 480, "format_note": "480p", "vcodec": "avc1.4d401f", "asr": null, "filesize": 3725476, "fps": 30, "tbr": 531.618, "width": 854, "acodec": "none", "downloader_options": {"http_chunk_size": 10485760}, "format": "135 - 854x480 (480p)", "protocol": "https", "http_headers": {"User-Agent": "Mozilla/5.0 (Windows NT 10.0; Win64; x64) AppleWebKit/537.36 (KHTML, like Gecko) Chrome/73.0.3683.38 Safari/537.36", "Accept-Charset": "ISO-8859-1,utf-8;q=0.7,*;q=0.7", "Accept": "text/html,application/xhtml+xml,application/xml;q=0.9,*/*;q=0.8", "Accept-Encoding": "gzip, deflate", "Accept-Language": "en-us,en;q=0.5"}}, {"format_id": "247", "url": "https://r6---sn-ipoxu-u2xd.googlevideo.com/videoplayback?expire=1610392228&ei=RE78X47zCuyMs8IP2tukoAk&ip=220.129.26.102&id=o-ABbStfy6YUgN2qb520G4lj5zMUQ1cL-C4Jlm4tHf7tVG&itag=247&aitags=133%2C134%2C135%2C136%2C137%2C160%2C242%2C243%2C244%2C247%2C248%2C278&source=youtube&requiressl=yes&mh=m3&mm=31%2C29&mn=sn-ipoxu-u2xd%2Csn-un57sn76&ms=au%2Crdu&mv=m&mvi=6&pl=21&initcwndbps=1125000&vprv=1&mime=video%2Fwebm&ns=rTlDu1hq6hhQ41ihdT_fe44F&gir=yes&clen=4103651&dur=200.800&lmt=1541893925287835&mt=1610370272&fvip=6&keepalive=yes&c=WEB&txp=5432432&n=HPV31QYbihYNCA&sparams=expire%2Cei%2Cip%2Cid%2Caitags%2Csource%2Crequiressl%2Cvprv%2Cmime%2Cns%2Cgir%2Cclen%2Cdur%2Clmt&sig=AOq0QJ8wRQIgSSDiYMt9bkh7-BPGppguhVEn85KD0Qgl6IRurFtI_VwCIQDzi6jJLx87v7wGMK5aOeedsGsSsBRHogFW9HR8C9EmiA%3D%3D&lsparams=mh%2Cmm%2Cmn%2Cms%2Cmv%2Cmvi%2Cpl%2Cinitcwndbps&lsig=AG3C_xAwRgIhAPU03EX7qHnSuWhEMMkPM6kwOQEkL3vqCXehlfo72yKOAiEAhREih5qfYNlvIXA3R5X_kVZgLbTjXbvwblAG2TXNxag%3D&ratebypass=yes", "player_url": null, "ext": "webm", "height": 720, "format_note": "720p", "vcodec": "vp9", "asr": null, "filesize": 4103651, "fps": 30, "tbr": 645.099, "width": 1280, "acodec": "none", "downloader_options": {"http_chunk_size": 10485760}, "format": "247 - 1280x720 (720p)", "protocol": "https", "http_headers": {"User-Agent": "Mozilla/5.0 (Windows NT 10.0; Win64; x64) AppleWebKit/537.36 (KHTML, like Gecko) Chrome/73.0.3683.38 Safari/537.36", "Accept-Charset": "ISO-8859-1,utf-8;q=0.7,*;q=0.7", "Accept": "text/html,application/xhtml+xml,application/xml;q=0.9,*/*;q=0.8", "Accept-Encoding": "gzip, deflate", "Accept-Language": "en-us,en;q=0.5"}}, {"format_id": "136", "url": "https://r6---sn-ipoxu-u2xd.googlevideo.com/videoplayback?expire=1610392228&ei=RE78X47zCuyMs8IP2tukoAk&ip=220.129.26.102&id=o-ABbStfy6YUgN2qb520G4lj5zMUQ1cL-C4Jlm4tHf7tVG&itag=136&aitags=133%2C134%2C135%2C136%2C137%2C160%2C242%2C243%2C244%2C247%2C248%2C278&source=youtube&requiressl=yes&mh=m3&mm=31%2C29&mn=sn-ipoxu-u2xd%2Csn-un57sn76&ms=au%2Crdu&mv=m&mvi=6&pl=21&initcwndbps=1125000&vprv=1&mime=video%2Fmp4&ns=rTlDu1hq6hhQ41ihdT_fe44F&gir=yes&clen=5964092&dur=200.800&lmt=1541893368653475&mt=1610370272&fvip=6&keepalive=yes&c=WEB&txp=5432432&n=HPV31QYbihYNCA&sparams=expire%2Cei%2Cip%2Cid%2Caitags%2Csource%2Crequiressl%2Cvprv%2Cmime%2Cns%2Cgir%2Cclen%2Cdur%2Clmt&sig=AOq0QJ8wRQIhAOl28yjGsEN2VlsPcu-DxnyABda5BWlBAUSgbpYC4fl4AiBHmiHtStkkIyYYqqoCvEE-Jcuxgf0jo1DhVGgc9RpXUQ%3D%3D&lsparams=mh%2Cmm%2Cmn%2Cms%2Cmv%2Cmvi%2Cpl%2Cinitcwndbps&lsig=AG3C_xAwRgIhAPU03EX7qHnSuWhEMMkPM6kwOQEkL3vqCXehlfo72yKOAiEAhREih5qfYNlvIXA3R5X_kVZgLbTjXbvwblAG2TXNxag%3D&ratebypass=yes", "player_url": null, "ext": "mp4", "height": 720, "format_note": "720p", "vcodec": "avc1.4d401f", "asr": null, "filesize": 5964092, "fps": 30, "tbr": 1086.783, "width": 1280, "acodec": "none", "downloader_options": {"http_chunk_size": 10485760}, "format": "136 - 1280x720 (720p)", "protocol": "https", "http_headers": {"User-Agent": "Mozilla/5.0 (Windows NT 10.0; Win64; x64) AppleWebKit/537.36 (KHTML, like Gecko) Chrome/73.0.3683.38 Safari/537.36", "Accept-Charset": "ISO-8859-1,utf-8;q=0.7,*;q=0.7", "Accept": "text/html,application/xhtml+xml,application/xml;q=0.9,*/*;q=0.8", "Accept-Encoding": "gzip, deflate", "Accept-Language": "en-us,en;q=0.5"}}, {"format_id": "248", "url": "https://r6---sn-ipoxu-u2xd.googlevideo.com/videoplayback?expire=1610392228&ei=RE78X47zCuyMs8IP2tukoAk&ip=220.129.26.102&id=o-ABbStfy6YUgN2qb520G4lj5zMUQ1cL-C4Jlm4tHf7tVG&itag=248&aitags=133%2C134%2C135%2C136%2C137%2C160%2C242%2C243%2C244%2C247%2C248%2C278&source=youtube&requiressl=yes&mh=m3&mm=31%2C29&mn=sn-ipoxu-u2xd%2Csn-un57sn76&ms=au%2Crdu&mv=m&mvi=6&pl=21&initcwndbps=1125000&vprv=1&mime=video%2Fwebm&ns=rTlDu1hq6hhQ41ihdT_fe44F&gir=yes&clen=10753277&dur=200.800&lmt=1541893539966643&mt=1610370272&fvip=6&keepalive=yes&c=WEB&txp=5432432&n=HPV31QYbihYNCA&sparams=expire%2Cei%2Cip%2Cid%2Caitags%2Csource%2Crequiressl%2Cvprv%2Cmime%2Cns%2Cgir%2Cclen%2Cdur%2Clmt&sig=AOq0QJ8wRgIhANdz9QFevFzq6j63K4pHHR18NJ9NjHjsejXNL2BwCXEbAiEArn98n-kscfTI2211gl8Zx8YpcmhZRMaUMVgfgUlDZkY%3D&lsparams=mh%2Cmm%2Cmn%2Cms%2Cmv%2Cmvi%2Cpl%2Cinitcwndbps&lsig=AG3C_xAwRgIhAPU03EX7qHnSuWhEMMkPM6kwOQEkL3vqCXehlfo72yKOAiEAhREih5qfYNlvIXA3R5X_kVZgLbTjXbvwblAG2TXNxag%3D&ratebypass=yes", "player_url": null, "ext": "webm", "height": 1080, "format_note": "1080p", "vcodec": "vp9", "asr": null, "filesize": 10753277, "fps": 30, "tbr": 1091.54, "width": 1920, "acodec": "none", "downloader_options": {"http_chunk_size": 10485760}, "format": "248 - 1920x1080 (1080p)", "protocol": "https", "http_headers": {"User-Agent": "Mozilla/5.0 (Windows NT 10.0; Win64; x64) AppleWebKit/537.36 (KHTML, like Gecko) Chrome/73.0.3683.38 Safari/537.36", "Accept-Charset": "ISO-8859-1,utf-8;q=0.7,*;q=0.7", "Accept": "text/html,application/xhtml+xml,application/xml;q=0.9,*/*;q=0.8", "Accept-Encoding": "gzip, deflate", "Accept-Language": "en-us,en;q=0.5"}}, {"format_id": "137", "url": "https://r6---sn-ipoxu-u2xd.googlevideo.com/videoplayback?expire=1610392228&ei=RE78X47zCuyMs8IP2tukoAk&ip=220.129.26.102&id=o-ABbStfy6YUgN2qb520G4lj5zMUQ1cL-C4Jlm4tHf7tVG&itag=137&aitags=133%2C134%2C135%2C136%2C137%2C160%2C242%2C243%2C244%2C247%2C248%2C278&source=youtube&requiressl=yes&mh=m3&mm=31%2C29&mn=sn-ipoxu-u2xd%2Csn-un57sn76&ms=au%2Crdu&mv=m&mvi=6&pl=21&initcwndbps=1125000&vprv=1&mime=video%2Fmp4&ns=rTlDu1hq6hhQ41ihdT_fe44F&gir=yes&clen=11304083&dur=200.800&lmt=1541893408877605&mt=1610370272&fvip=6&keepalive=yes&c=WEB&txp=5432432&n=HPV31QYbihYNCA&sparams=expire%2Cei%2Cip%2Cid%2Caitags%2Csource%2Crequiressl%2Cvprv%2Cmime%2Cns%2Cgir%2Cclen%2Cdur%2Clmt&sig=AOq0QJ8wRgIhALJM9iP6nLDWy3zkkYjdavSbsEPdbWG2z-4ANRnFIuQsAiEAxzrl_IbE1A2uKFEcqNNIY-V3sVnCGTscMDkoxqzAOOI%3D&lsparams=mh%2Cmm%2Cmn%2Cms%2Cmv%2Cmvi%2Cpl%2Cinitcwndbps&lsig=AG3C_xAwRgIhAPU03EX7qHnSuWhEMMkPM6kwOQEkL3vqCXehlfo72yKOAiEAhREih5qfYNlvIXA3R5X_kVZgLbTjXbvwblAG2TXNxag%3D&ratebypass=yes", "player_url": null, "ext": "mp4", "height": 1080, "format_note": "1080p", "vcodec": "avc1.640028", "asr": null, "filesize": 11304083, "fps": 30, "tbr": 2073.109, "width": 1920, "acodec": "none", "downloader_options": {"http_chunk_size": 10485760}, "format": "137 - 1920x1080 (1080p)", "protocol": "https", "http_headers": {"User-Agent": "Mozilla/5.0 (Windows NT 10.0; Win64; x64) AppleWebKit/537.36 (KHTML, like Gecko) Chrome/73.0.3683.38 Safari/537.36", "Accept-Charset": "ISO-8859-1,utf-8;q=0.7,*;q=0.7", "Accept": "text/html,application/xhtml+xml,application/xml;q=0.9,*/*;q=0.8", "Accept-Encoding": "gzip, deflate", "Accept-Language": "en-us,en;q=0.5"}}, {"format_id": "18", "url": "https://r6---sn-ipoxu-u2xd.googlevideo.com/videoplayback?expire=1610392228&ei=RE78X47zCuyMs8IP2tukoAk&ip=220.129.26.102&id=o-ABbStfy6YUgN2qb520G4lj5zMUQ1cL-C4Jlm4tHf7tVG&itag=18&source=youtube&requiressl=yes&mh=m3&mm=31%2C29&mn=sn-ipoxu-u2xd%2Csn-un57sn76&ms=au%2Crdu&mv=m&mvi=6&pl=21&initcwndbps=1125000&vprv=1&mime=video%2Fmp4&ns=o8UlKR05D7Cn-ec-q0rsCBwF&gir=yes&clen=9555009&ratebypass=yes&dur=200.875&lmt=1541893407368215&mt=1610370272&fvip=6&c=WEB&txp=5431432&n=AKwYQzU47dVqL6&sparams=expire%2Cei%2Cip%2Cid%2Citag%2Csource%2Crequiressl%2Cvprv%2Cmime%2Cns%2Cgir%2Cclen%2Cratebypass%2Cdur%2Clmt&sig=AOq0QJ8wRQIhAM3q4jYYILrSWcWvIRRiXtl296_ZLxnIk0WL6PptL59vAiAjOUizHrKvqbpeTujWWpySPC-xTox8uO_N8cpInSAXTA%3D%3D&lsparams=mh%2Cmm%2Cmn%2Cms%2Cmv%2Cmvi%2Cpl%2Cinitcwndbps&lsig=AG3C_xAwRgIhAPU03EX7qHnSuWhEMMkPM6kwOQEkL3vqCXehlfo72yKOAiEAhREih5qfYNlvIXA3R5X_kVZgLbTjXbvwblAG2TXNxag%3D", "player_url": null, "ext": "mp4", "width": 640, "height": 360, "acodec": "mp4a.40.2", "abr": 96, "vcodec": "avc1.42001E", "asr": 44100, "filesize": 9555009, "format_note": "360p", "fps": 30, "tbr": 380.679, "format": "18 - 640x360 (360p)", "protocol": "https", "http_headers": {"User-Agent": "Mozilla/5.0 (Windows NT 10.0; Win64; x64) AppleWebKit/537.36 (KHTML, like Gecko) Chrome/73.0.3683.38 Safari/537.36", "Accept-Charset": "ISO-8859-1,utf-8;q=0.7,*;q=0.7", "Accept": "text/html,application/xhtml+xml,application/xml;q=0.9,*/*;q=0.8", "Accept-Encoding": "gzip, deflate", "Accept-Language": "en-us,en;q=0.5"}}], "is_live": null, "start_time": null, "end_time": null, "series": null, "season_number": null, "episode_number": null, "track": null, "artist": null, "album": null, "release_date": null, "release_year": null, "extractor": "youtube", "webpage_url_basename": "watch", "extractor_key": "Youtube", "playlist": null, "playlist_index": null, "thumbnail": "https://i.ytimg.com/vi/9Xg69XrVaYU/maxresdefault.jpg", "display_id": "9Xg69XrVaYU", "requested_subtitles": null, "format_id": "251", "url": "https://r6---sn-ipoxu-u2xd.googlevideo.com/videoplayback?expire=1610392228&ei=RE78X47zCuyMs8IP2tukoAk&ip=220.129.26.102&id=o-ABbStfy6YUgN2qb520G4lj5zMUQ1cL-C4Jlm4tHf7tVG&itag=251&source=youtube&requiressl=yes&mh=m3&mm=31%2C29&mn=sn-ipoxu-u2xd%2Csn-un57sn76&ms=au%2Crdu&mv=m&mvi=6&pl=21&initcwndbps=1125000&vprv=1&mime=audio%2Fwebm&ns=rTlDu1hq6hhQ41ihdT_fe44F&gir=yes&clen=3738527&dur=200.841&lmt=1541894317350803&mt=1610370272&fvip=6&keepalive=yes&c=WEB&txp=5411222&n=HPV31QYbihYNCA&sparams=expire%2Cei%2Cip%2Cid%2Citag%2Csource%2Crequiressl%2Cvprv%2Cmime%2Cns%2Cgir%2Cclen%2Cdur%2Clmt&sig=AOq0QJ8wRQIgUAAhnQt7BuVjwIV7sg-r84d89dOPA6bDzeGDst1s2X8CIQDgbhdaW4z7ZrHO8jkAaGHsLeAFgFzT7ml_NmexbCTwTw%3D%3D&lsparams=mh%2Cmm%2Cmn%2Cms%2Cmv%2Cmvi%2Cpl%2Cinitcwndbps&lsig=AG3C_xAwRgIhAPU03EX7qHnSuWhEMMkPM6kwOQEkL3vqCXehlfo72yKOAiEAhREih5qfYNlvIXA3R5X_kVZgLbTjXbvwblAG2TXNxag%3D&ratebypass=yes", "player_url": null, "ext": "webm", "format_note": "tiny", "acodec": "opus", "abr": 160, "asr": 48000, "filesize": 3738527, "fps": null, "height": null, "tbr": 159.62, "width": null, "vcodec": "none", "downloader_options": {"http_chunk_size": 10485760}, "format": "251 - audio only (tiny)", "protocol": "https", "http_headers": {"User-Agent": "Mozilla/5.0 (Windows NT 10.0; Win64; x64) AppleWebKit/537.36 (KHTML, like Gecko) Chrome/73.0.3683.38 Safari/537.36", "Accept-Charset": "ISO-8859-1,utf-8;q=0.7,*;q=0.7", "Accept": "text/html,application/xhtml+xml,application/xml;q=0.9,*/*;q=0.8", "Accept-Encoding": "gzip, deflate", "Accept-Language": "en-us,en;q=0.5"}}