{"id": "FH28sPhm9Dc", "uploader": "Jurrivh", "uploader_id": "Jurrivh", "uploader_url": "http://www.youtube.com/user/Jurrivh", "channel_id": "UCLh10hzbQJPg0Hho1VdGXwA", "channel_url": "http://www.youtube.com/channel/UCLh10hzbQJPg0Hho1VdGXwA", "upload_date": "20180513", "license": null, "creator": null, "title": "If I Fall - Sad & Emotional Piano Song Instrumental", "alt_title": null, "thumbnails": [{"url": "https://i.ytimg.com/vi/FH28sPhm9Dc/hqdefault.jpg?sqp=-oaymwEYCKgBEF5IVfKriqkDCwgBFQAAiEIYAXAB&rs=AOn4CLDudE2YCDC1Q4cv39B1KN06Gxd7BQ", "width": 168, "height": 94, "resolution": "168x94", "id": "0"}, {"url": "https://i.ytimg.com/vi/FH28sPhm9Dc/hqdefault.jpg?sqp=-oaymwEYCMQBEG5IVfKriqkDCwgBFQAAiEIYAXAB&rs=AOn4CLAs1BzCKB-OtGcsNeMFqRwXDq0rRg", "width": 196, "height": 110, "resolution": "196x110", "id": "1"}, {"url": "https://i.ytimg.com/vi/FH28sPhm9Dc/hqdefault.jpg?sqp=-oaymwEZCPYBEIoBSFXyq4qpAwsIARUAAIhCGAFwAQ==&rs=AOn4CLAjOckawq__LoDsR3KCaCuf23_VDQ", "width": 246, "height": 138, "resolution": "246x138", "id": "2"}, {"url": "https://i.ytimg.com/vi/FH28sPhm9Dc/hqdefault.jpg?sqp=-oaymwEZCNACELwBSFXyq4qpAwsIARUAAIhCGAFwAQ==&rs=AOn4CLAPjPoSDcmUnnlO5Hqo_urfGig1ig", "width": 336, "height": 188, "resolution": "336x188", "id": "3"}, {"url": "https://i.ytimg.com/vi_webp/FH28sPhm9Dc/maxresdefault.webp", "width": 1920, "height": 1080, "resolution": "1920x1080", "id": "4"}], "description": "Sad & Emotional Piano Song Instrumental Composed by Jurrivh.\n\n\u25b6 Subscribe for more Music: http://bit.ly/SubToJurrivh\n\ud83d\udcb0 Purchase (License): https://bsta.rs/xtv440\n\nSocial Media\nInstagram: https://www.instagram.com/jurrivh/\nTwitter: http://twitter.com/jurrivh\nFacebook: https://www.facebook.com/jurrivh/ \n\nCredits\nCinematography by Bernard van den Heiligenberg (http://www.holymountain.nl)\n\nSubscribe for New Music every Sunday 5pm (CET)!\n#SadPiano #Jurrivh #Emotional", "categories": ["Music"], "tags": ["If I Fall", "Jurrivh", "Jurrivh If I Fall", "If I Fall Jurrivh", "If I Fall Instrumental", "If I Fall - Sad & Emotional Piano Song Instrumental", "Sad & Emotional Piano Song Instrumental", "Sad Piano", "Sad Piano Song", "Emotional Piano Song", "Piano Song Instrumental", "Sad & Emotional Piano Song", "Piano Triste", "Relaxing Piano Music", "Sad Piano Music", "Sad Piano Makes You Cry", "Sad Music", "Sad Piano Instrumental", "Emotional Piano Instrumental"], "subtitles": {}, "automatic_captions": {}, "duration": 261, "age_limit": 0, "annotations": null, "chapters": null, "webpage_url": "https://www.youtube.com/watch?v=FH28sPhm9Dc", "view_count": 1331952, "like_count": 16138, "dislike_count": 183, "average_rating": 4.9551497, "formats": [{"format_id": "249", "url": "https://r5---sn-ipoxu-u2x6.googlevideo.com/videoplayback?expire=1610392356&ei=xE78X_iPEtXKrQTnoJH4BQ&ip=220.129.26.102&id=o-AOHih0ZJKpIcTJQzAbaBq9pSG5vQkX01LcW-ByIhrWZX&itag=249&source=youtube&requiressl=yes&mh=pf&mm=31%2C29&mn=sn-ipoxu-u2x6%2Csn-un57en7l&ms=au%2Crdu&mv=m&mvi=5&pl=21&initcwndbps=1117500&vprv=1&mime=audio%2Fwebm&ns=-HOmkyfLi7SAeedaaq6a9tMF&gir=yes&clen=1964757&dur=261.321&lmt=1576474320191562&mt=1610370272&fvip=5&keepalive=yes&c=WEB&txp=5531432&n=K8MP6732V-sMj1&sparams=expire%2Cei%2Cip%2Cid%2Citag%2Csource%2Crequiressl%2Cvprv%2Cmime%2Cns%2Cgir%2Cclen%2Cdur%2Clmt&sig=AOq0QJ8wRAIges3vorjsjx1WWWwxxbYp39DicuAtV6TJZKUvUsNjtWgCIAY56fQlKbqZ_gzPH423ekfMuOQgrJMGdQ9tsd28Ykvp&lsparams=mh%2Cmm%2Cmn%2Cms%2Cmv%2Cmvi%2Cpl%2Cinitcwndbps&lsig=AG3C_xAwRQIgKX4DxOu8uc7kk8OpDAiDLVNiAIKg5LL_6o1jkO1v-lACIQCAfbzyuDtv8i6S6OUbHhrL7sRzU0dbhIQ9C6AapzoB7w%3D%3D&ratebypass=yes", "player_url": null, "ext": "webm", "format_note": "tiny", "acodec": "opus", "abr": 50, "asr": 48000, "filesize": 1964757, "fps": null, "height": null, "tbr": 63.215, "width": null, "vcodec": "none", "downloader_options": {"http_chunk_size": 10485760}, "format": "249 - audio only (tiny)", "protocol": "https", "http_headers": {"User-Agent": "Mozilla/5.0 (Windows NT 10.0; Win64; x64) AppleWebKit/537.36 (KHTML, like Gecko) Chrome/73.0.3683.38 Safari/537.36", "Accept-Charset": "ISO-8859-1,utf-8;q=0.7,*;q=0.7", "Accept": "text/html,application/xhtml+xml,application/xml;q=0.9,*/*;q=0.8", "Accept-Encoding": "gzip, deflate", "Accept-Language": "en-us,en;q=0.5"}}, {"format_id": "250", "url": "https://r5---sn-ipoxu-u2x6.googlevideo.com/videoplayback?expire=1610392356&ei=xE78X_iPEtXKrQTnoJH4BQ&ip=220.129.26.102&id=o-AOHih0ZJKpIcTJQzAbaBq9pSG5vQkX01LcW-ByIhrWZX&itag=250&source=youtube&requiressl=yes&mh=pf&mm=31%2C29&mn=sn-ipoxu-u2x6%2Csn-un57en7l&ms=au%2Crdu&mv=m&mvi=5&pl=21&initcwndbps=1117500&vprv=1&mime=audio%2Fwebm&ns=-HOmkyfLi7SAeedaaq6a9tMF&gir=yes&clen=2628398&dur=261.321&lmt=1576474320879866&mt=1610370272&fvip=5&keepalive=yes&c=WEB&txp=5531432&n=K8MP6732V-sMj1&sparams=expire%2Cei%2Cip%2Cid%2Citag%2Csource%2Crequiressl%2Cvprv%2Cmime%2Cns%2Cgir%2Cclen%2Cdur%2Clmt&sig=AOq0QJ8wRQIgCvMn_KqCdUTPZoxL4IMIv6ay-CC_kylt40RNi3bkTDgCIQD-6zWXneGKalHMKmOuMYbNwgKe1K17SFFHtAQEckOLXA%3D%3D&lsparams=mh%2Cmm%2Cmn%2Cms%2Cmv%2Cmvi%2Cpl%2Cinitcwndbps&lsig=AG3C_xAwRQIgKX4DxOu8uc7kk8OpDAiDLVNiAIKg5LL_6o1jkO1v-lACIQCAfbzyuDtv8i6S6OUbHhrL7sRzU0dbhIQ9C6AapzoB7w%3D%3D&ratebypass=yes", "player_url": null, "ext": "webm", "format_note": "tiny", "acodec": "opus", "abr": 70, "asr": 48000, "filesize": 2628398, "fps": null, "height": null, "tbr": 84.118, "width": null, "vcodec": "none", "downloader_options": {"http_chunk_size": 10485760}, "format": "250 - audio only (tiny)", "protocol": "https", "http_headers": {"User-Agent": "Mozilla/5.0 (Windows NT 10.0; Win64; x64) AppleWebKit/537.36 (KHTML, like Gecko) Chrome/73.0.3683.38 Safari/537.36", "Accept-Charset": "ISO-8859-1,utf-8;q=0.7,*;q=0.7", "Accept": "text/html,application/xhtml+xml,application/xml;q=0.9,*/*;q=0.8", "Accept-Encoding": "gzip, deflate", "Accept-Language": "en-us,en;q=0.5"}}, {"format_id": "140", "url": "https://r5---sn-ipoxu-u2x6.googlevideo.com/videoplayback?expire=1610392356&ei=xE78X_iPEtXKrQTnoJH4BQ&ip=220.129.26.102&id=o-AOHih0ZJKpIcTJQzAbaBq9pSG5vQkX01LcW-ByIhrWZX&itag=140&source=youtube&requiressl=yes&mh=pf&mm=31%2C29&mn=sn-ipoxu-u2x6%2Csn-un57en7l&ms=au%2Crdu&mv=m&mvi=5&pl=21&initcwndbps=1117500&vprv=1&mime=audio%2Fmp4&ns=-HOmkyfLi7SAeedaaq6a9tMF&gir=yes&clen=4230808&dur=261.363&lmt=1576474321093494&mt=1610370272&fvip=5&keepalive=yes&c=WEB&txp=5531432&n=K8MP6732V-sMj1&sparams=expire%2Cei%2Cip%2Cid%2Citag%2Csource%2Crequiressl%2Cvprv%2Cmime%2Cns%2Cgir%2Cclen%2Cdur%2Clmt&sig=AOq0QJ8wRQIhAI4UsFZrFlp3P_cUS2AZgAOTX0Q1R507pcJ3fXRd7nm_AiAd7B14WbDnBllkawxW2vsSlRH_zaa2B7YZBQu1O_7rYg%3D%3D&lsparams=mh%2Cmm%2Cmn%2Cms%2Cmv%2Cmvi%2Cpl%2Cinitcwndbps&lsig=AG3C_xAwRQIgKX4DxOu8uc7kk8OpDAiDLVNiAIKg5LL_6o1jkO1v-lACIQCAfbzyuDtv8i6S6OUbHhrL7sRzU0dbhIQ9C6AapzoB7w%3D%3D&ratebypass=yes", "player_url": null, "ext": "m4a", "format_note": "tiny", "acodec": "mp4a.40.2", "abr": 128, "container": "m4a_dash", "asr": 44100, "filesize": 4230808, "fps": null, "height": null, "tbr": 130.528, "width": null, "vcodec": "none", "downloader_options": {"http_chunk_size": 10485760}, "format": "140 - audio only (tiny)", "protocol": "https", "http_headers": {"User-Agent": "Mozilla/5.0 (Windows NT 10.0; Win64; x64) AppleWebKit/537.36 (KHTML, like Gecko) Chrome/73.0.3683.38 Safari/537.36", "Accept-Charset": "ISO-8859-1,utf-8;q=0.7,*;q=0.7", "Accept": "text/html,application/xhtml+xml,application/xml;q=0.9,*/*;q=0.8", "Accept-Encoding": "gzip, deflate", "Accept-Language": "en-us,en;q=0.5"}}, {"format_id": "251", "url": "https://r5---sn-ipoxu-u2x6.googlevideo.com/videoplayback?expire=1610392356&ei=xE78X_iPEtXKrQTnoJH4BQ&ip=220.129.26.102&id=o-AOHih0ZJKpIcTJQzAbaBq9pSG5vQkX01LcW-ByIhrWZX&itag=251&source=youtube&requiressl=yes&mh=pf&mm=31%2C29&mn=sn-ipoxu-u2x6%2Csn-un57en7l&ms=au%2Crdu&mv=m&mvi=5&pl=21&initcwndbps=1117500&vprv=1&mime=audio%2Fwebm&ns=-HOmkyfLi7SAeedaaq6a9tMF&gir=yes&clen=4979320&dur=261.321&lmt=1576474324403741&mt=1610370272&fvip=5&keepalive=yes&c=WEB&txp=5531432&n=K8MP6732V-sMj1&sparams=expire%2Cei%2Cip%2Cid%2Citag%2Csource%2Crequiressl%2Cvprv%2Cmime%2Cns%2Cgir%2Cclen%2Cdur%2Clmt&sig=AOq0QJ8wRgIhAP4_9IeQIAAQchRMxlPI97Pv8vC-LqZbH1q-IdG_3TXcAiEAhVUc41DcMpxqDOEx9_CoILN2z2T3bzH52J5nznMjtA8%3D&lsparams=mh%2Cmm%2Cmn%2Cms%2Cmv%2Cmvi%2Cpl%2Cinitcwndbps&lsig=AG3C_xAwRQIgKX4DxOu8uc7kk8OpDAiDLVNiAIKg5LL_6o1jkO1v-lACIQCAfbzyuDtv8i6S6OUbHhrL7sRzU0dbhIQ9C6AapzoB7w%3D%3D&ratebypass=yes", "player_url": null, "ext": "webm", "format_note": "tiny", "acodec": "opus", "abr": 160, "asr": 48000, "filesize": 4979320, "fps": null, "height": null, "tbr": 158.959, "width": null, "vcodec": "none", "downloader_options": {"http_chunk_size": 10485760}, "format": "251 - audio only (tiny)", "protocol": "https", "http_headers": {"User-Agent": "Mozilla/5.0 (Windows NT 10.0; Win64; x64) AppleWebKit/537.36 (KHTML, like Gecko) Chrome/73.0.3683.38 Safari/537.36", "Accept-Charset": "ISO-8859-1,utf-8;q=0.7,*;q=0.7", "Accept": "text/html,application/xhtml+xml,application/xml;q=0.9,*/*;q=0.8", "Accept-Encoding": "gzip, deflate", "Accept-Language": "en-us,en;q=0.5"}}, {"format_id": "278", "url": "https://r5---sn-ipoxu-u2x6.googlevideo.com/videoplayback?expire=1610392356&ei=xE78X_iPEtXKrQTnoJH4BQ&ip=220.129.26.102&id=o-AOHih0ZJKpIcTJQzAbaBq9pSG5vQkX01LcW-ByIhrWZX&itag=278&aitags=133%2C134%2C135%2C136%2C137%2C160%2C242%2C243%2C244%2C247%2C248%2C278&source=youtube&requiressl=yes&mh=pf&mm=31%2C29&mn=sn-ipoxu-u2x6%2Csn-un57en7l&ms=au%2Crdu&mv=m&mvi=5&pl=21&initcwndbps=1117500&vprv=1&mime=video%2Fwebm&ns=-HOmkyfLi7SAeedaaq6a9tMF&gir=yes&clen=2752739&dur=261.291&lmt=1576474831319021&mt=1610370272&fvip=5&keepalive=yes&c=WEB&txp=5535432&n=K8MP6732V-sMj1&sparams=expire%2Cei%2Cip%2Cid%2Caitags%2Csource%2Crequiressl%2Cvprv%2Cmime%2Cns%2Cgir%2Cclen%2Cdur%2Clmt&sig=AOq0QJ8wRAIgDgeoUG2hyN9FbooYJk0qCJhOSSl7HLpcBC9FlPYcmxECIATpudtdHRL1YOoKR02lii1IfpKq7Kc-k5UoMZDHcZJk&lsparams=mh%2Cmm%2Cmn%2Cms%2Cmv%2Cmvi%2Cpl%2Cinitcwndbps&lsig=AG3C_xAwRQIgKX4DxOu8uc7kk8OpDAiDLVNiAIKg5LL_6o1jkO1v-lACIQCAfbzyuDtv8i6S6OUbHhrL7sRzU0dbhIQ9C6AapzoB7w%3D%3D&ratebypass=yes", "player_url": null, "ext": "webm", "height": 144, "format_note": "144p", "container": "webm", "vcodec": "vp9", "asr": null, "filesize": 2752739, "fps": 24, "tbr": 96.238, "width": 256, "acodec": "none", "downloader_options": {"http_chunk_size": 10485760}, "format": "278 - 256x144 (144p)", "protocol": "https", "http_headers": {"User-Agent": "Mozilla/5.0 (Windows NT 10.0; Win64; x64) AppleWebKit/537.36 (KHTML, like Gecko) Chrome/73.0.3683.38 Safari/537.36", "Accept-Charset": "ISO-8859-1,utf-8;q=0.7,*;q=0.7", "Accept": "text/html,application/xhtml+xml,application/xml;q=0.9,*/*;q=0.8", "Accept-Encoding": "gzip, deflate", "Accept-Language": "en-us,en;q=0.5"}}, {"format_id": "160", "url": "https://r5---sn-ipoxu-u2x6.googlevideo.com/videoplayback?expire=1610392356&ei=xE78X_iPEtXKrQTnoJH4BQ&ip=220.129.26.102&id=o-AOHih0ZJKpIcTJQzAbaBq9pSG5vQkX01LcW-ByIhrWZX&itag=160&aitags=133%2C134%2C135%2C136%2C137%2C160%2C242%2C243%2C244%2C247%2C248%2C278&source=youtube&requiressl=yes&mh=pf&mm=31%2C29&mn=sn-ipoxu-u2x6%2Csn-un57en7l&ms=au%2Crdu&mv=m&mvi=5&pl=21&initcwndbps=1117500&vprv=1&mime=video%2Fmp4&ns=-HOmkyfLi7SAeedaaq6a9tMF&gir=yes&clen=2091189&dur=261.291&lmt=1576474573111334&mt=1610370272&fvip=5&keepalive=yes&c=WEB&txp=5535432&n=K8MP6732V-sMj1&sparams=expire%2Cei%2Cip%2Cid%2Caitags%2Csource%2Crequiressl%2Cvprv%2Cmime%2Cns%2Cgir%2Cclen%2Cdur%2Clmt&sig=AOq0QJ8wRQIgel_dyxGBlN_5hZS1S814DyUu0ZTtG2o-2uOutmNUH-gCIQDyb3wXQ44yvv5RMZfxUXu9OsvjumAdzS2aiNf74YXoUw%3D%3D&lsparams=mh%2Cmm%2Cmn%2Cms%2Cmv%2Cmvi%2Cpl%2Cinitcwndbps&lsig=AG3C_xAwRQIgKX4DxOu8uc7kk8OpDAiDLVNiAIKg5LL_6o1jkO1v-lACIQCAfbzyuDtv8i6S6OUbHhrL7sRzU0dbhIQ9C6AapzoB7w%3D%3D&ratebypass=yes", "player_url": null, "ext": "mp4", "height": 144, "format_note": "144p", "vcodec": "avc1.4d400c", "asr": null, "filesize": 2091189, "fps": 24, "tbr": 105.683, "width": 256, "acodec": "none", "downloader_options": {"http_chunk_size": 10485760}, "format": "160 - 256x144 (144p)", "protocol": "https", "http_headers": {"User-Agent": "Mozilla/5.0 (Windows NT 10.0; Win64; x64) AppleWebKit/537.36 (KHTML, like Gecko) Chrome/73.0.3683.38 Safari/537.36", "Accept-Charset": "ISO-8859-1,utf-8;q=0.7,*;q=0.7", "Accept": "text/html,application/xhtml+xml,application/xml;q=0.9,*/*;q=0.8", "Accept-Encoding": "gzip, deflate", "Accept-Language": "en-us,en;q=0.5"}}, {"format_id": "133", "url": "https://r5---sn-ipoxu-u2x6.googlevideo.com/videoplayback?expire=1610392356&ei=xE78X_iPEtXKrQTnoJH4BQ&ip=220.129.26.102&id=o-AOHih0ZJKpIcTJQzAbaBq9pSG5vQkX01LcW-ByIhrWZX&itag=133&aitags=133%2C134%2C135%2C136%2C137%2C160%2C242%2C243%2C244%2C247%2C248%2C278&source=youtube&requiressl=yes&mh=pf&mm=31%2C29&mn=sn-ipoxu-u2x6%2Csn-un57en7l&ms=au%2Crdu&mv=m&mvi=5&pl=21&initcwndbps=1117500&vprv=1&mime=video%2Fmp4&ns=-HOmkyfLi7SAeedaaq6a9tMF&gir=yes&clen=3627201&dur=261.291&lmt=1576474573110491&mt=1610370272&fvip=5&keepalive=yes&c=WEB&txp=5535432&n=K8MP6732V-sMj1&sparams=expire%2Cei%2Cip%2Cid%2Caitags%2Csource%2Crequiressl%2Cvprv%2Cmime%2Cns%2Cgir%2Cclen%2Cdur%2Clmt&sig=AOq0QJ8wRAIgLR_MFsUkvWj0lqy3rdrfb-L40Cdoy1QKUunoc4-o2vICICGVppNRJpdmvbGSrfAxoP_4Z3aEuWuW2EIRiUOJZlhz&lsparams=mh%2Cmm%2Cmn%2Cms%2Cmv%2Cmvi%2Cpl%2Cinitcwndbps&lsig=AG3C_xAwRQIgKX4DxOu8uc7kk8OpDAiDLVNiAIKg5LL_6o1jkO1v-lACIQCAfbzyuDtv8i6S6OUbHhrL7sRzU0dbhIQ9C6AapzoB7w%3D%3D&ratebypass=yes", "player_url": null, "ext": "mp4", "height": 240, "format_note": "240p", "vcodec": "avc1.4d4015", "asr": null, "filesize": 3627201, "fps": 24, "tbr": 168.413, "width": 426, "acodec": "none", "downloader_options": {"http_chunk_size": 10485760}, "format": "133 - 426x240 (240p)", "protocol": "https", "http_headers": {"User-Agent": "Mozilla/5.0 (Windows NT 10.0; Win64; x64) AppleWebKit/537.36 (KHTML, like Gecko) Chrome/73.0.3683.38 Safari/537.36", "Accept-Charset": "ISO-8859-1,utf-8;q=0.7,*;q=0.7", "Accept": "text/html,application/xhtml+xml,application/xml;q=0.9,*/*;q=0.8", "Accept-Encoding": "gzip, deflate", "Accept-Language": "en-us,en;q=0.5"}}, {"format_id": "242", "url": "https://r5---sn-ipoxu-u2x6.googlevideo.com/videoplayback?expire=1610392356&ei=xE78X_iPEtXKrQTnoJH4BQ&ip=220.129.26.102&id=o-AOHih0ZJKpIcTJQzAbaBq9pSG5vQkX01LcW-ByIhrWZX&itag=242&aitags=133%2C134%2C135%2C136%2C137%2C160%2C242%2C243%2C244%2C247%2C248%2C278&source=youtube&requiressl=yes&mh=pf&mm=31%2C29&mn=sn-ipoxu-u2x6%2Csn-un57en7l&ms=au%2Crdu&mv=m&mvi=5&pl=21&initcwndbps=1117500&vprv=1&mime=video%2Fwebm&ns=-HOmkyfLi7SAeedaaq6a9tMF&gir=yes&clen=4457789&dur=261.291&lmt=1576474831317603&mt=1610370272&fvip=5&keepalive=yes&c=WEB&txp=5535432&n=K8MP6732V-sMj1&sparams=expire%2Cei%2Cip%2Cid%2Caitags%2Csource%2Crequiressl%2Cvprv%2Cmime%2Cns%2Cgir%2Cclen%2Cdur%2Clmt&sig=AOq0QJ8wRQIhAKCQX8mhZ4kDkQ9-u-yQVpjBdZzFeJW-VrG-0glbCxuAAiAajhLU4d90RHQX7B8wBpoywSB8NEcW4sQ49b9nSEzXLQ%3D%3D&lsparams=mh%2Cmm%2Cmn%2Cms%2Cmv%2Cmvi%2Cpl%2Cinitcwndbps&lsig=AG3C_xAwRQIgKX4DxOu8uc7kk8OpDAiDLVNiAIKg5LL_6o1jkO1v-lACIQCAfbzyuDtv8i6S6OUbHhrL7sRzU0dbhIQ9C6AapzoB7w%3D%3D&ratebypass=yes", "player_url": null, "ext": "webm", "height": 240, "format_note": "240p", "vcodec": "vp9", "asr": null, "filesize": 4457789, "fps": 24, "tbr": 220.847, "width": 426, "acodec": "none", "downloader_options": {"http_chunk_size": 10485760}, "format": "242 - 426x240 (240p)", "protocol": "https", "http_headers": {"User-Agent": "Mozilla/5.0 (Windows NT 10.0; Win64; x64) AppleWebKit/537.36 (KHTML, like Gecko) Chrome/73.0.3683.38 Safari/537.36", "Accept-Charset": "ISO-8859-1,utf-8;q=0.7,*;q=0.7", "Accept": "text/html,application/xhtml+xml,application/xml;q=0.9,*/*;q=0.8", "Accept-Encoding": "gzip, deflate", "Accept-Language": "en-us,en;q=0.5"}}, {"format_id": "134", "url": "https://r5---sn-ipoxu-u2x6.googlevideo.com/videoplayback?expire=1610392356&ei=xE78X_iPEtXKrQTnoJH4BQ&ip=220.129.26.102&id=o-AOHih0ZJKpIcTJQzAbaBq9pSG5vQkX01LcW-ByIhrWZX&itag=134&aitags=133%2C134%2C135%2C136%2C137%2C160%2C242%2C243%2C244%2C247%2C248%2C278&source=youtube&requiressl=yes&mh=pf&mm=31%2C29&mn=sn-ipoxu-u2x6%2Csn-un57en7l&ms=au%2Crdu&mv=m&mvi=5&pl=21&initcwndbps=1117500&vprv=1&mime=video%2Fmp4&ns=-HOmkyfLi7SAeedaaq6a9tMF&gir=yes&clen=6253454&dur=261.291&lmt=1576474573111509&mt=1610370272&fvip=5&keepalive=yes&c=WEB&txp=5535432&n=K8MP6732V-sMj1&sparams=expire%2Cei%2Cip%2Cid%2Caitags%2Csource%2Crequiressl%2Cvprv%2Cmime%2Cns%2Cgir%2Cclen%2Cdur%2Clmt&sig=AOq0QJ8wRgIhAPAewr5uXjQK-b9tBkphERDe-Nmi1bQE8NKm17nVubQgAiEA6Ljsj5Xs2FClRdGsPhZvWXhz_FEMAuDPQHOzZEfMfGQ%3D&lsparams=mh%2Cmm%2Cmn%2Cms%2Cmv%2Cmvi%2Cpl%2Cinitcwndbps&lsig=AG3C_xAwRQIgKX4DxOu8uc7kk8OpDAiDLVNiAIKg5LL_6o1jkO1v-lACIQCAfbzyuDtv8i6S6OUbHhrL7sRzU0dbhIQ9C6AapzoB7w%3D%3D&ratebypass=yes", "player_url": null, "ext": "mp4", "height": 360, "format_note": "360p", "vcodec": "avc1.4d401e", "asr": null, "filesize": 6253454, "fps": 24, "tbr": 346.302, "width": 640, "acodec": "none", "downloader_options": {"http_chunk_size": 10485760}, "format": "134 - 640x360 (360p)", "protocol": "https", "http_headers": {"User-Agent": "Mozilla/5.0 (Windows NT 10.0; Win64; x64) AppleWebKit/537.36 (KHTML, like Gecko) Chrome/73.0.3683.38 Safari/537.36", "Accept-Charset": "ISO-8859-1,utf-8;q=0.7,*;q=0.7", "Accept": "text/html,application/xhtml+xml,application/xml;q=0.9,*/*;q=0.8", "Accept-Encoding": "gzip, deflate", "Accept-Language": "en-us,en;q=0.5"}}, {"format_id": "243", "url": "https://r5---sn-ipoxu-u2x6.googlevideo.com/videoplayback?expire=1610392356&ei=xE78X_iPEtXKrQTnoJH4BQ&ip=220.129.26.102&id=o-AOHih0ZJKpIcTJQzAbaBq9pSG5vQkX01LcW-ByIhrWZX&itag=243&aitags=133%2C134%2C135%2C136%2C137%2C160%2C242%2C243%2C244%2C247%2C248%2C278&source=youtube&requiressl=yes&mh=pf&mm=31%2C29&mn=sn-ipoxu-u2x6%2Csn-un57en7l&ms=au%2Crdu&mv=m&mvi=5&pl=21&initcwndbps=1117500&vprv=1&mime=video%2Fwebm&ns=-HOmkyfLi7SAeedaaq6a9tMF&gir=yes&clen=7441110&dur=261.291&lmt=1576474831318778&mt=1610370272&fvip=5&keepalive=yes&c=WEB&txp=5535432&n=K8MP6732V-sMj1&sparams=expire%2Cei%2Cip%2Cid%2Caitags%2Csource%2Crequiressl%2Cvprv%2Cmime%2Cns%2Cgir%2Cclen%2Cdur%2Clmt&sig=AOq0QJ8wRQIgDYBtC5JkChHUMuoanruEGUDwlkPCDZOgYISdcgkC7P8CIQCIGh6Yyf4FJGfrd2AWT5ARJ8wKWhtdPZtuUwRMa_afmw%3D%3D&lsparams=mh%2Cmm%2Cmn%2Cms%2Cmv%2Cmvi%2Cpl%2Cinitcwndbps&lsig=AG3C_xAwRQIgKX4DxOu8uc7kk8OpDAiDLVNiAIKg5LL_6o1jkO1v-lACIQCAfbzyuDtv8i6S6OUbHhrL7sRzU0dbhIQ9C6AapzoB7w%3D%3D&ratebypass=yes", "player_url": null, "ext": "webm", "height": 360, "format_note": "360p", "vcodec": "vp9", "asr": null, "filesize": 7441110, "fps": 24, "tbr": 376.302, "width": 640, "acodec": "none", "downloader_options": {"http_chunk_size": 10485760}, "format": "243 - 640x360 (360p)", "protocol": "https", "http_headers": {"User-Agent": "Mozilla/5.0 (Windows NT 10.0; Win64; x64) AppleWebKit/537.36 (KHTML, like Gecko) Chrome/73.0.3683.38 Safari/537.36", "Accept-Charset": "ISO-8859-1,utf-8;q=0.7,*;q=0.7", "Accept": "text/html,application/xhtml+xml,application/xml;q=0.9,*/*;q=0.8", "Accept-Encoding": "gzip, deflate", "Accept-Language": "en-us,en;q=0.5"}}, {"format_id": "135", "url": "https://r5---sn-ipoxu-u2x6.googlevideo.com/videoplayback?expire=1610392356&ei=xE78X_iPEtXKrQTnoJH4BQ&ip=220.129.26.102&id=o-AOHih0ZJKpIcTJQzAbaBq9pSG5vQkX01LcW-ByIhrWZX&itag=135&aitags=133%2C134%2C135%2C136%2C137%2C160%2C242%2C243%2C244%2C247%2C248%2C278&source=youtube&requiressl=yes&mh=pf&mm=31%2C29&mn=sn-ipoxu-u2x6%2Csn-un57en7l&ms=au%2Crdu&mv=m&mvi=5&pl=21&initcwndbps=1117500&vprv=1&mime=video%2Fmp4&ns=-HOmkyfLi7SAeedaaq6a9tMF&gir=yes&clen=9003679&dur=261.291&lmt=1576474573111398&mt=1610370272&fvip=5&keepalive=yes&c=WEB&txp=5535432&n=K8MP6732V-sMj1&sparams=expire%2Cei%2Cip%2Cid%2Caitags%2Csource%2Crequiressl%2Cvprv%2Cmime%2Cns%2Cgir%2Cclen%2Cdur%2Clmt&sig=AOq0QJ8wRgIhANTyrz_YYNX_F4Z0L911eV2yQI9VKo589kh3wkPGRiD9AiEA61XyuCgHIuY2CsmrYtrHcfqWGp2_chQsYqRW4SOr_9g%3D&lsparams=mh%2Cmm%2Cmn%2Cms%2Cmv%2Cmvi%2Cpl%2Cinitcwndbps&lsig=AG3C_xAwRQIgKX4DxOu8uc7kk8OpDAiDLVNiAIKg5LL_6o1jkO1v-lACIQCAfbzyuDtv8i6S6OUbHhrL7sRzU0dbhIQ9C6AapzoB7w%3D%3D&ratebypass=yes", "player_url": null, "ext": "mp4", "height": 480, "format_note": "480p", "vcodec": "avc1.4d401e", "asr": null, "filesize": 9003679, "fps": 24, "tbr": 553.119, "width": 854, "acodec": "none", "downloader_options": {"http_chunk_size": 10485760}, "format": "135 - 854x480 (480p)", "protocol": "https", "http_headers": {"User-Agent": "Mozilla/5.0 (Windows NT 10.0; Win64; x64) AppleWebKit/537.36 (KHTML, like Gecko) Chrome/73.0.3683.38 Safari/537.36", "Accept-Charset": "ISO-8859-1,utf-8;q=0.7,*;q=0.7", "Accept": "text/html,application/xhtml+xml,application/xml;q=0.9,*/*;q=0.8", "Accept-Encoding": "gzip, deflate", "Accept-Language": "en-us,en;q=0.5"}}, {"format_id": "244", "url": "https://r5---sn-ipoxu-u2x6.googlevideo.com/videoplayback?expire=1610392356&ei=xE78X_iPEtXKrQTnoJH4BQ&ip=220.129.26.102&id=o-AOHih0ZJKpIcTJQzAbaBq9pSG5vQkX01LcW-ByIhrWZX&itag=244&aitags=133%2C134%2C135%2C136%2C137%2C160%2C242%2C243%2C244%2C247%2C248%2C278&source=youtube&requiressl=yes&mh=pf&mm=31%2C29&mn=sn-ipoxu-u2x6%2Csn-un57en7l&ms=au%2Crdu&mv=m&mvi=5&pl=21&initcwndbps=1117500&vprv=1&mime=video%2Fwebm&ns=-HOmkyfLi7SAeedaaq6a9tMF&gir=yes&clen=10574945&dur=261.291&lmt=1576474831331429&mt=1610370272&fvip=5&keepalive=yes&c=WEB&txp=5535432&n=K8MP6732V-sMj1&sparams=expire%2Cei%2Cip%2Cid%2Caitags%2Csource%2Crequiressl%2Cvprv%2Cmime%2Cns%2Cgir%2Cclen%2Cdur%2Clmt&sig=AOq0QJ8wRQIhALR8xuavZ2tBr7_y82LfR68MV4umBfNpGabZzPBc_JLtAiBAtEcKE1L24STBNToMXeFBl3CYvfVNTocrC_BGqotG_A%3D%3D&lsparams=mh%2Cmm%2Cmn%2Cms%2Cmv%2Cmvi%2Cpl%2Cinitcwndbps&lsig=AG3C_xAwRQIgKX4DxOu8uc7kk8OpDAiDLVNiAIKg5LL_6o1jkO1v-lACIQCAfbzyuDtv8i6S6OUbHhrL7sRzU0dbhIQ9C6AapzoB7w%3D%3D&ratebypass=yes", "player_url": null, "ext": "webm", "height": 480, "format_note": "480p", "vcodec": "vp9", "asr": null, "filesize": 10574945, "fps": 24, "tbr": 553.877, "width": 854, "acodec": "none", "downloader_options": {"http_chunk_size": 10485760}, "format": "244 - 854x480 (480p)", "protocol": "https", "http_headers": {"User-Agent": "Mozilla/5.0 (Windows NT 10.0; Win64; x64) AppleWebKit/537.36 (KHTML, like Gecko) Chrome/73.0.3683.38 Safari/537.36", "Accept-Charset": "ISO-8859-1,utf-8;q=0.7,*;q=0.7", "Accept": "text/html,application/xhtml+xml,application/xml;q=0.9,*/*;q=0.8", "Accept-Encoding": "gzip, deflate", "Accept-Language": "en-us,en;q=0.5"}}, {"format_id": "136", "url": "https://r5---sn-ipoxu-u2x6.googlevideo.com/videoplayback?expire=1610392356&ei=xE78X_iPEtXKrQTnoJH4BQ&ip=220.129.26.102&id=o-AOHih0ZJKpIcTJQzAbaBq9pSG5vQkX01LcW-ByIhrWZX&itag=136&aitags=133%2C134%2C135%2C136%2C137%2C160%2C242%2C243%2C244%2C247%2C248%2C278&source=youtube&requiressl=yes&mh=pf&mm=31%2C29&mn=sn-ipoxu-u2x6%2Csn-un57en7l&ms=au%2Crdu&mv=m&mvi=5&pl=21&initcwndbps=1117500&vprv=1&mime=video%2Fmp4&ns=-HOmkyfLi7SAeedaaq6a9tMF&gir=yes&clen=14501738&dur=261.291&lmt=1576474573112736&mt=1610370272&fvip=5&keepalive=yes&c=WEB&txp=5535432&n=K8MP6732V-sMj1&sparams=expire%2Cei%2Cip%2Cid%2Caitags%2Csource%2Crequiressl%2Cvprv%2Cmime%2Cns%2Cgir%2Cclen%2Cdur%2Clmt&sig=AOq0QJ8wRAIgeeYuw0JGw5YV8ehRwIgLJMP--8JIyNTWoMLiwpck038CIFz26Cfi3LMOyjpuqe2qOd9HaNC43UmysVKbxXidE7Zd&lsparams=mh%2Cmm%2Cmn%2Cms%2Cmv%2Cmvi%2Cpl%2Cinitcwndbps&lsig=AG3C_xAwRQIgKX4DxOu8uc7kk8OpDAiDLVNiAIKg5LL_6o1jkO1v-lACIQCAfbzyuDtv8i6S6OUbHhrL7sRzU0dbhIQ9C6AapzoB7w%3D%3D&ratebypass=yes", "player_url": null, "ext": "mp4", "height": 720, "format_note": "720p", "vcodec": "avc1.4d401f", "asr": null, "filesize": 14501738, "fps": 24, "tbr": 721.092, "width": 1280, "acodec": "none", "downloader_options": {"http_chunk_size": 10485760}, "format": "136 - 1280x720 (720p)", "protocol": "https", "http_headers": {"User-Agent": "Mozilla/5.0 (Windows NT 10.0; Win64; x64) AppleWebKit/537.36 (KHTML, like Gecko) Chrome/73.0.3683.38 Safari/537.36", "Accept-Charset": "ISO-8859-1,utf-8;q=0.7,*;q=0.7", "Accept": "text/html,application/xhtml+xml,application/xml;q=0.9,*/*;q=0.8", "Accept-Encoding": "gzip, deflate", "Accept-Language": "en-us,en;q=0.5"}}, {"format_id": "247", "url": "https://r5---sn-ipoxu-u2x6.googlevideo.com/videoplayback?expire=1610392356&ei=xE78X_iPEtXKrQTnoJH4BQ&ip=220.129.26.102&id=o-AOHih0ZJKpIcTJQzAbaBq9pSG5vQkX01LcW-ByIhrWZX&itag=247&aitags=133%2C134%2C135%2C136%2C137%2C160%2C242%2C243%2C244%2C247%2C248%2C278&source=youtube&requiressl=yes&mh=pf&mm=31%2C29&mn=sn-ipoxu-u2x6%2Csn-un57en7l&ms=au%2Crdu&mv=m&mvi=5&pl=21&initcwndbps=1117500&vprv=1&mime=video%2Fwebm&ns=-HOmkyfLi7SAeedaaq6a9tMF&gir=yes&clen=18073903&dur=261.291&lmt=1576474831316442&mt=1610370272&fvip=5&keepalive=yes&c=WEB&txp=5535432&n=K8MP6732V-sMj1&sparams=expire%2Cei%2Cip%2Cid%2Caitags%2Csource%2Crequiressl%2Cvprv%2Cmime%2Cns%2Cgir%2Cclen%2Cdur%2Clmt&sig=AOq0QJ8wRAIgLCweNq7mCrm6fyX-h9ralzY7bDPliHJlk4Jnb8SAo7QCIHqiFYmot8mIG2qG5kfjwUKw7yZmvJZLIJ1rXtHFkMpV&lsparams=mh%2Cmm%2Cmn%2Cms%2Cmv%2Cmvi%2Cpl%2Cinitcwndbps&lsig=AG3C_xAwRQIgKX4DxOu8uc7kk8OpDAiDLVNiAIKg5LL_6o1jkO1v-lACIQCAfbzyuDtv8i6S6OUbHhrL7sRzU0dbhIQ9C6AapzoB7w%3D%3D&ratebypass=yes", "player_url": null, "ext": "webm", "height": 720, "format_note": "720p", "vcodec": "vp9", "asr": null, "filesize": 18073903, "fps": 24, "tbr": 926.147, "width": 1280, "acodec": "none", "downloader_options": {"http_chunk_size": 10485760}, "format": "247 - 1280x720 (720p)", "protocol": "https", "http_headers": {"User-Agent": "Mozilla/5.0 (Windows NT 10.0; Win64; x64) AppleWebKit/537.36 (KHTML, like Gecko) Chrome/73.0.3683.38 Safari/537.36", "Accept-Charset": "ISO-8859-1,utf-8;q=0.7,*;q=0.7", "Accept": "text/html,application/xhtml+xml,application/xml;q=0.9,*/*;q=0.8", "Accept-Encoding": "gzip, deflate", "Accept-Language": "en-us,en;q=0.5"}}, {"format_id": "137", "url": "https://r5---sn-ipoxu-u2x6.googlevideo.com/videoplayback?expire=1610392356&ei=xE78X_iPEtXKrQTnoJH4BQ&ip=220.129.26.102&id=o-AOHih0ZJKpIcTJQzAbaBq9pSG5vQkX01LcW-ByIhrWZX&itag=137&aitags=133%2C134%2C135%2C136%2C137%2C160%2C242%2C243%2C244%2C247%2C248%2C278&source=youtube&requiressl=yes&mh=pf&mm=31%2C29&mn=sn-ipoxu-u2x6%2Csn-un57en7l&ms=au%2Crdu&mv=m&mvi=5&pl=21&initcwndbps=1117500&vprv=1&mime=video%2Fmp4&ns=-HOmkyfLi7SAeedaaq6a9tMF&gir=yes&clen=48350158&dur=261.291&lmt=1576474537674221&mt=1610370272&fvip=5&keepalive=yes&c=WEB&txp=5535432&n=K8MP6732V-sMj1&sparams=expire%2Cei%2Cip%2Cid%2Caitags%2Csource%2Crequiressl%2Cvprv%2Cmime%2Cns%2Cgir%2Cclen%2Cdur%2Clmt&sig=AOq0QJ8wRgIhAIr0fFXuvhvsyLhjUtLJ4QwwM46cIk5Bo2F7Ntq-UFoeAiEAp5U69MggvBlj2wjsXrX6KZ-4BlrkIJPlyQn6wvzERdM%3D&lsparams=mh%2Cmm%2Cmn%2Cms%2Cmv%2Cmvi%2Cpl%2Cinitcwndbps&lsig=AG3C_xAwRQIgKX4DxOu8uc7kk8OpDAiDLVNiAIKg5LL_6o1jkO1v-lACIQCAfbzyuDtv8i6S6OUbHhrL7sRzU0dbhIQ9C6AapzoB7w%3D%3D&ratebypass=yes", "player_url": null, "ext": "mp4", "height": 1080, "format_note": "1080p", "vcodec": "avc1.640028", "asr": null, "filesize": 48350158, "fps": 24, "tbr": 2275.433, "width": 1920, "acodec": "none", "downloader_options": {"http_chunk_size": 10485760}, "format": "137 - 1920x1080 (1080p)", "protocol": "https", "http_headers": {"User-Agent": "Mozilla/5.0 (Windows NT 10.0; Win64; x64) AppleWebKit/537.36 (KHTML, like Gecko) Chrome/73.0.3683.38 Safari/537.36", "Accept-Charset": "ISO-8859-1,utf-8;q=0.7,*;q=0.7", "Accept": "text/html,application/xhtml+xml,application/xml;q=0.9,*/*;q=0.8", "Accept-Encoding": "gzip, deflate", "Accept-Language": "en-us,en;q=0.5"}}, {"format_id": "248", "url": "https://r5---sn-ipoxu-u2x6.googlevideo.com/videoplayback?expire=1610392356&ei=xE78X_iPEtXKrQTnoJH4BQ&ip=220.129.26.102&id=o-AOHih0ZJKpIcTJQzAbaBq9pSG5vQkX01LcW-ByIhrWZX&itag=248&aitags=133%2C134%2C135%2C136%2C137%2C160%2C242%2C243%2C244%2C247%2C248%2C278&source=youtube&requiressl=yes&mh=pf&mm=31%2C29&mn=sn-ipoxu-u2x6%2Csn-un57en7l&ms=au%2Crdu&mv=m&mvi=5&pl=21&initcwndbps=1117500&vprv=1&mime=video%2Fwebm&ns=-HOmkyfLi7SAeedaaq6a9tMF&gir=yes&clen=52928293&dur=261.291&lmt=1576474760772521&mt=1610370272&fvip=5&keepalive=yes&c=WEB&txp=5535432&n=K8MP6732V-sMj1&sparams=expire%2Cei%2Cip%2Cid%2Caitags%2Csource%2Crequiressl%2Cvprv%2Cmime%2Cns%2Cgir%2Cclen%2Cdur%2Clmt&sig=AOq0QJ8wRgIhAKPkYoR3NM0_3ZxtEyrue2--qTjZYzkDIxSCevpZLgbiAiEAvKDScDBxJ7ceVuDvEQSVcCAC8lnwaTOfwMh_v63mmyg%3D&lsparams=mh%2Cmm%2Cmn%2Cms%2Cmv%2Cmvi%2Cpl%2Cinitcwndbps&lsig=AG3C_xAwRQIgKX4DxOu8uc7kk8OpDAiDLVNiAIKg5LL_6o1jkO1v-lACIQCAfbzyuDtv8i6S6OUbHhrL7sRzU0dbhIQ9C6AapzoB7w%3D%3D&ratebypass=yes", "player_url": null, "ext": "webm", "height": 1080, "format_note": "1080p", "vcodec": "vp9", "asr": null, "filesize": 52928293, "fps": 24, "tbr": 2601.981, "width": 1920, "acodec": "none", "downloader_options": {"http_chunk_size": 10485760}, "format": "248 - 1920x1080 (1080p)", "protocol": "https", "http_headers": {"User-Agent": "Mozilla/5.0 (Windows NT 10.0; Win64; x64) AppleWebKit/537.36 (KHTML, like Gecko) Chrome/73.0.3683.38 Safari/537.36", "Accept-Charset": "ISO-8859-1,utf-8;q=0.7,*;q=0.7", "Accept": "text/html,application/xhtml+xml,application/xml;q=0.9,*/*;q=0.8", "Accept-Encoding": "gzip, deflate", "Accept-Language": "en-us,en;q=0.5"}}, {"format_id": "18", "url": "https://r5---sn-ipoxu-u2x6.googlevideo.com/videoplayback?expire=1610392356&ei=xE78X_iPEtXKrQTnoJH4BQ&ip=220.129.26.102&id=o-AOHih0ZJKpIcTJQzAbaBq9pSG5vQkX01LcW-ByIhrWZX&itag=18&source=youtube&requiressl=yes&mh=pf&mm=31%2C29&mn=sn-ipoxu-u2x6%2Csn-un57en7l&ms=au%2Crdu&mv=m&mvi=5&pl=21&initcwndbps=1117500&vprv=1&mime=video%2Fmp4&ns=Zci3ckMc8MIM7nz0E-r3cLYF&gir=yes&clen=15548463&ratebypass=yes&dur=261.363&lmt=1576474122617752&mt=1610370272&fvip=5&c=WEB&txp=5531432&n=py5gV1ANkQjBBt&sparams=expire%2Cei%2Cip%2Cid%2Citag%2Csource%2Crequiressl%2Cvprv%2Cmime%2Cns%2Cgir%2Cclen%2Cratebypass%2Cdur%2Clmt&sig=AOq0QJ8wRQIgBk0oF41dCQC6AuOBbUh3Bj_71o_CB4cljIlP3dWTtzgCIQDYfgShLM9YG3t7nHHqgnIuLq9WwFEaidvzr0Rr8q0jsA%3D%3D&lsparams=mh%2Cmm%2Cmn%2Cms%2Cmv%2Cmvi%2Cpl%2Cinitcwndbps&lsig=AG3C_xAwRQIgKX4DxOu8uc7kk8OpDAiDLVNiAIKg5LL_6o1jkO1v-lACIQCAfbzyuDtv8i6S6OUbHhrL7sRzU0dbhIQ9C6AapzoB7w%3D%3D", "player_url": null, "ext": "mp4", "width": 640, "height": 360, "acodec": "mp4a.40.2", "abr": 96, "vcodec": "avc1.42001E", "asr": 44100, "filesize": 15548463, "format_note": "360p", "fps": 24, "tbr": 476.05, "format": "18 - 640x360 (360p)", "protocol": "https", "http_headers": {"User-Agent": "Mozilla/5.0 (Windows NT 10.0; Win64; x64) AppleWebKit/537.36 (KHTML, like Gecko) Chrome/73.0.3683.38 Safari/537.36", "Accept-Charset": "ISO-8859-1,utf-8;q=0.7,*;q=0.7", "Accept": "text/html,application/xhtml+xml,application/xml;q=0.9,*/*;q=0.8", "Accept-Encoding": "gzip, deflate", "Accept-Language": "en-us,en;q=0.5"}}], "is_live": null, "start_time": null, "end_time": null, "series": null, "season_number": null, "episode_number": null, "track": null, "artist": null, "album": null, "release_date": null, "release_year": null, "extractor": "youtube", "webpage_url_basename": "watch", "extractor_key": "Youtube", "playlist": null, "playlist_index": null, "thumbnail": "https://i.ytimg.com/vi_webp/FH28sPhm9Dc/maxresdefault.webp", "display_id": "FH28sPhm9Dc", "requested_subtitles": null, "format_id": "251", "url": "https://r5---sn-ipoxu-u2x6.googlevideo.com/videoplayback?expire=1610392356&ei=xE78X_iPEtXKrQTnoJH4BQ&ip=220.129.26.102&id=o-AOHih0ZJKpIcTJQzAbaBq9pSG5vQkX01LcW-ByIhrWZX&itag=251&source=youtube&requiressl=yes&mh=pf&mm=31%2C29&mn=sn-ipoxu-u2x6%2Csn-un57en7l&ms=au%2Crdu&mv=m&mvi=5&pl=21&initcwndbps=1117500&vprv=1&mime=audio%2Fwebm&ns=-HOmkyfLi7SAeedaaq6a9tMF&gir=yes&clen=4979320&dur=261.321&lmt=1576474324403741&mt=1610370272&fvip=5&keepalive=yes&c=WEB&txp=5531432&n=K8MP6732V-sMj1&sparams=expire%2Cei%2Cip%2Cid%2Citag%2Csource%2Crequiressl%2Cvprv%2Cmime%2Cns%2Cgir%2Cclen%2Cdur%2Clmt&sig=AOq0QJ8wRgIhAP4_9IeQIAAQchRMxlPI97Pv8vC-LqZbH1q-IdG_3TXcAiEAhVUc41DcMpxqDOEx9_CoILN2z2T3bzH52J5nznMjtA8%3D&lsparams=mh%2Cmm%2Cmn%2Cms%2Cmv%2Cmvi%2Cpl%2Cinitcwndbps&lsig=AG3C_xAwRQIgKX4DxOu8uc7kk8OpDAiDLVNiAIKg5LL_6o1jkO1v-lACIQCAfbzyuDtv8i6S6OUbHhrL7sRzU0dbhIQ9C6AapzoB7w%3D%3D&ratebypass=yes", "player_url": null, "ext": "webm", "format_note": "tiny", "acodec": "opus", "abr": 160, "asr": 48000, "filesize": 4979320, "fps": null, "height": null, "tbr": 158.959, "width": null, "vcodec": "none", "downloader_options": {"http_chunk_size": 10485760}, "format": "251 - audio only (tiny)", "protocol": "https", "http_headers": {"User-Agent": "Mozilla/5.0 (Windows NT 10.0; Win64; x64) AppleWebKit/537.36 (KHTML, like Gecko) Chrome/73.0.3683.38 Safari/537.36", "Accept-Charset": "ISO-8859-1,utf-8;q=0.7,*;q=0.7", "Accept": "text/html,application/xhtml+xml,application/xml;q=0.9,*/*;q=0.8", "Accept-Encoding": "gzip, deflate", "Accept-Language": "en-us,en;q=0.5"}}