{"id": "fuCxYrru2S4", "uploader": "Myuu", "uploader_id": "myuuji", "uploader_url": "http://www.youtube.com/user/myuuji", "channel_id": "UCiSKnkKCKAQVxMUWpZQobuQ", "channel_url": "http://www.youtube.com/channel/UCiSKnkKCKAQVxMUWpZQobuQ", "upload_date": "20130207", "license": "Creative Commons Attribution license (reuse allowed)", "creator": null, "title": "28 Days Later Theme (In the House, In a Heartbeat) Piano Version", "alt_title": null, "thumbnails": [{"url": "https://i.ytimg.com/vi/fuCxYrru2S4/hqdefault.jpg?sqp=-oaymwEYCKgBEF5IVfKriqkDCwgBFQAAiEIYAXAB&rs=AOn4CLDQPZQpMfFky4f7OQ_Pa9hulyYBUw", "width": 168, "height": 94, "resolution": "168x94", "id": "0"}, {"url": "https://i.ytimg.com/vi/fuCxYrru2S4/hqdefault.jpg?sqp=-oaymwEYCMQBEG5IVfKriqkDCwgBFQAAiEIYAXAB&rs=AOn4CLC7bbmuAtFBpoaozZB-0HPybBxLVA", "width": 196, "height": 110, "resolution": "196x110", "id": "1"}, {"url": "https://i.ytimg.com/vi/fuCxYrru2S4/hqdefault.jpg?sqp=-oaymwEZCPYBEIoBSFXyq4qpAwsIARUAAIhCGAFwAQ==&rs=AOn4CLAiarlgjXaDeYMYKmgAIcef8ocEjA", "width": 246, "height": 138, "resolution": "246x138", "id": "2"}, {"url": "https://i.ytimg.com/vi/fuCxYrru2S4/hqdefault.jpg?sqp=-oaymwEZCNACELwBSFXyq4qpAwsIARUAAIhCGAFwAQ==&rs=AOn4CLAXSRBtxd1cAvisH9LN3_0nAdJysQ", "width": 336, "height": 188, "resolution": "336x188", "id": "3"}, {"url": "https://i.ytimg.com/vi_webp/fuCxYrru2S4/maxresdefault.webp", "width": 1920, "height": 1080, "resolution": "1920x1080", "id": "4"}], "description": "iTunes: http://bit.ly/1wNKqrX \u25cf Spotify: https://spoti.fi/2KJBP9c\nMP3 Download \u25ba http://thedarkpiano.com/mp3/cover/Myuu-In-the-House%2C-In-a-Heartbeat-28-Days-Later-Cover.mp3\n\u25cf Support me on Patreon \u25cf http://patreon.com/myuuji\n\nMain THEME SONG by John Murphy, also in the sequel 28 Weeks Later and in the movie \"Kick-Ass\". Piano arrangement by me. A great horror theme. A remix of this song was also featured in the Metro Exodus E3 2017 trailer music at the Xbox press conference.\n\n\u25cf Support me on Patreon (Early Access & more perks) \u25cf http://patreon.com/myuuji\n\n\u266b Follow me on Twitter: http://twitter.com/myuusic\n\u266b Follow me on Instagram: http://instagram.com/myuusic\n\u266b Follow me on Facebook: http://facebook.com/myuusic\n\u266b Follow me on Tumblr: http://myuusic.tumblr.com\n\u266b Snapchat: http://snapchat.com/add/myuusic\n\nPiano Tutorial + Sheet Music:\nhttps://youtu.be/ARSTo753w8s\n\n\npiano sound done with Addictive Keys, sponsored by XLN Audio\n\nArtwork http://corneredring.deviantart.com\n\n-------------------------------------------------------------------------------------------\nI am myuu. A musician who loves writing dark piano songs. They are free to use as long as credit is given. I always try to make the music sound creepy and beautiful at the same time. In addition to my piano and horror soundtracks I also do orchestrated pieces and industrial/experimental work.", "categories": ["Music"], "tags": ["creepy", "horror", "creepypasta", "music", "suite", "pasta", "mrcreepypasta", "ambient", "acoustic", "piano", "song", "dark", "mystic", "myuuji", "myu", "myuji", "Mr Creepy Pasta", "Mr. Creepy Pasta", "Mr Creepypasta", "Addictive Keys", "addictivekeys", "free", "creativecommons", "creative", "creative commons", "mp3", "download", "28 weeks later", "theme", "main", "main theme", "John Murphy", "murphy", "john", "royalty free", "royaltyfree", "royalty-free", "kick-ass", "kick ass", "bid daddy kills", "big daddy", "daddy", "kills", "metro exodus", "e3 2017", "trailer music"], "subtitles": {}, "automatic_captions": {}, "duration": 194, "age_limit": 0, "annotations": null, "chapters": null, "webpage_url": "https://www.youtube.com/watch?v=fuCxYrru2S4", "view_count": 662575, "like_count": 11455, "dislike_count": 133, "average_rating": 4.9540906, "formats": [{"format_id": "249", "url": "https://r8---sn-ipoxu-u2x6.googlevideo.com/videoplayback?expire=1610392181&ei=FU78X47CIeG0s8IPzNWT-Ag&ip=220.129.26.102&id=o-ABkot-p_OmxmLal4Q8-AIlhgNH3Iy-uup9U-XRviBmCo&itag=249&source=youtube&requiressl=yes&mh=OX&mm=31%2C29&mn=sn-ipoxu-u2x6%2Csn-un57en7e&ms=au%2Crdu&mv=m&mvi=8&pl=21&initcwndbps=1117500&vprv=1&mime=audio%2Fwebm&ns=6z2JyUpoH8irjCW1ijvUrigF&gir=yes&clen=1355721&dur=194.081&lmt=1496849591499424&mt=1610370272&fvip=3&keepalive=yes&beids=9466585&c=WEB&n=q1ZVj3_hlG3aZq&sparams=expire%2Cei%2Cip%2Cid%2Citag%2Csource%2Crequiressl%2Cvprv%2Cmime%2Cns%2Cgir%2Cclen%2Cdur%2Clmt&sig=AOq0QJ8wRAIgDejHTfRBKxbvu8Fqe8pPJLn9ZfEv03kb5jOgj588MSsCIAS3v-esSr1BxsLh1BcwrMiyvPNJeToE1ycpkwp4fi5h&lsparams=mh%2Cmm%2Cmn%2Cms%2Cmv%2Cmvi%2Cpl%2Cinitcwndbps&lsig=AG3C_xAwRQIhAP6iXMXgblK7SSZPHLCieOW2TEx5-shpZARcUwfTkESMAiAxBHVU1QQTGgYZsmz7W0INqm26A4by4eW0LbKSH8krHw%3D%3D&ratebypass=yes", "player_url": null, "ext": "webm", "format_note": "tiny", "acodec": "opus", "abr": 50, "asr": 48000, "filesize": 1355721, "fps": null, "height": null, "tbr": 59.804, "width": null, "vcodec": "none", "downloader_options": {"http_chunk_size": 10485760}, "format": "249 - audio only (tiny)", "protocol": "https", "http_headers": {"User-Agent": "Mozilla/5.0 (Windows NT 10.0; Win64; x64) AppleWebKit/537.36 (KHTML, like Gecko) Chrome/73.0.3683.38 Safari/537.36", "Accept-Charset": "ISO-8859-1,utf-8;q=0.7,*;q=0.7", "Accept": "text/html,application/xhtml+xml,application/xml;q=0.9,*/*;q=0.8", "Accept-Encoding": "gzip, deflate", "Accept-Language": "en-us,en;q=0.5"}}, {"format_id": "250", "url": "https://r8---sn-ipoxu-u2x6.googlevideo.com/videoplayback?expire=1610392181&ei=FU78X47CIeG0s8IPzNWT-Ag&ip=220.129.26.102&id=o-ABkot-p_OmxmLal4Q8-AIlhgNH3Iy-uup9U-XRviBmCo&itag=250&source=youtube&requiressl=yes&mh=OX&mm=31%2C29&mn=sn-ipoxu-u2x6%2Csn-un57en7e&ms=au%2Crdu&mv=m&mvi=8&pl=21&initcwndbps=1117500&vprv=1&mime=audio%2Fwebm&ns=6z2JyUpoH8irjCW1ijvUrigF&gir=yes&clen=1783263&dur=194.081&lmt=1496849599660995&mt=1610370272&fvip=3&keepalive=yes&beids=9466585&c=WEB&n=q1ZVj3_hlG3aZq&sparams=expire%2Cei%2Cip%2Cid%2Citag%2Csource%2Crequiressl%2Cvprv%2Cmime%2Cns%2Cgir%2Cclen%2Cdur%2Clmt&sig=AOq0QJ8wRgIhAIXypMeLePVlujx5wLuDeVbBJ0IZyYNAm1vG6kntXDG9AiEAztbgW9VQoy6MpK8zWoqBgt_Rr20truXJes3PKdk-TqM%3D&lsparams=mh%2Cmm%2Cmn%2Cms%2Cmv%2Cmvi%2Cpl%2Cinitcwndbps&lsig=AG3C_xAwRQIhAP6iXMXgblK7SSZPHLCieOW2TEx5-shpZARcUwfTkESMAiAxBHVU1QQTGgYZsmz7W0INqm26A4by4eW0LbKSH8krHw%3D%3D&ratebypass=yes", "player_url": null, "ext": "webm", "format_note": "tiny", "acodec": "opus", "abr": 70, "asr": 48000, "filesize": 1783263, "fps": null, "height": null, "tbr": 77.796, "width": null, "vcodec": "none", "downloader_options": {"http_chunk_size": 10485760}, "format": "250 - audio only (tiny)", "protocol": "https", "http_headers": {"User-Agent": "Mozilla/5.0 (Windows NT 10.0; Win64; x64) AppleWebKit/537.36 (KHTML, like Gecko) Chrome/73.0.3683.38 Safari/537.36", "Accept-Charset": "ISO-8859-1,utf-8;q=0.7,*;q=0.7", "Accept": "text/html,application/xhtml+xml,application/xml;q=0.9,*/*;q=0.8", "Accept-Encoding": "gzip, deflate", "Accept-Language": "en-us,en;q=0.5"}}, {"format_id": "140", "url": "https://r8---sn-ipoxu-u2x6.googlevideo.com/videoplayback?expire=1610392181&ei=FU78X47CIeG0s8IPzNWT-Ag&ip=220.129.26.102&id=o-ABkot-p_OmxmLal4Q8-AIlhgNH3Iy-uup9U-XRviBmCo&itag=140&source=youtube&requiressl=yes&mh=OX&mm=31%2C29&mn=sn-ipoxu-u2x6%2Csn-un57en7e&ms=au%2Crdu&mv=m&mvi=8&pl=21&initcwndbps=1117500&vprv=1&mime=audio%2Fmp4&ns=6z2JyUpoH8irjCW1ijvUrigF&gir=yes&clen=3084133&dur=194.142&lmt=1509182916621327&mt=1610370272&fvip=3&keepalive=yes&beids=9466585&c=WEB&n=q1ZVj3_hlG3aZq&sparams=expire%2Cei%2Cip%2Cid%2Citag%2Csource%2Crequiressl%2Cvprv%2Cmime%2Cns%2Cgir%2Cclen%2Cdur%2Clmt&sig=AOq0QJ8wRgIhAMBE6xxHJFISz4m0VuAgC0Ldh3O2zAZuQ5A0rF8swkBIAiEAsjtWtA4V-MsSfbHHAQHuhnAU9CxjYAIjjnrGhpNv__g%3D&lsparams=mh%2Cmm%2Cmn%2Cms%2Cmv%2Cmvi%2Cpl%2Cinitcwndbps&lsig=AG3C_xAwRQIhAP6iXMXgblK7SSZPHLCieOW2TEx5-shpZARcUwfTkESMAiAxBHVU1QQTGgYZsmz7W0INqm26A4by4eW0LbKSH8krHw%3D%3D&ratebypass=yes", "player_url": null, "ext": "m4a", "format_note": "tiny", "acodec": "mp4a.40.2", "abr": 128, "container": "m4a_dash", "asr": 44100, "filesize": 3084133, "fps": null, "height": null, "tbr": 127.994, "width": null, "vcodec": "none", "downloader_options": {"http_chunk_size": 10485760}, "format": "140 - audio only (tiny)", "protocol": "https", "http_headers": {"User-Agent": "Mozilla/5.0 (Windows NT 10.0; Win64; x64) AppleWebKit/537.36 (KHTML, like Gecko) Chrome/73.0.3683.38 Safari/537.36", "Accept-Charset": "ISO-8859-1,utf-8;q=0.7,*;q=0.7", "Accept": "text/html,application/xhtml+xml,application/xml;q=0.9,*/*;q=0.8", "Accept-Encoding": "gzip, deflate", "Accept-Language": "en-us,en;q=0.5"}}, {"format_id": "251", "url": "https://r8---sn-ipoxu-u2x6.googlevideo.com/videoplayback?expire=1610392181&ei=FU78X47CIeG0s8IPzNWT-Ag&ip=220.129.26.102&id=o-ABkot-p_OmxmLal4Q8-AIlhgNH3Iy-uup9U-XRviBmCo&itag=251&source=youtube&requiressl=yes&mh=OX&mm=31%2C29&mn=sn-ipoxu-u2x6%2Csn-un57en7e&ms=au%2Crdu&mv=m&mvi=8&pl=21&initcwndbps=1117500&vprv=1&mime=audio%2Fwebm&ns=6z2JyUpoH8irjCW1ijvUrigF&gir=yes&clen=3558832&dur=194.081&lmt=1496849593442781&mt=1610370272&fvip=3&keepalive=yes&beids=9466585&c=WEB&n=q1ZVj3_hlG3aZq&sparams=expire%2Cei%2Cip%2Cid%2Citag%2Csource%2Crequiressl%2Cvprv%2Cmime%2Cns%2Cgir%2Cclen%2Cdur%2Clmt&sig=AOq0QJ8wRAIgf3hjK8_0a26_LtN8JJUgK02VMiNa5PuCpIPSTK7Iy2QCIGUyGBC1990M1Am9G2DERJfLIEoKStdWRkTH_pTi5Ldm&lsparams=mh%2Cmm%2Cmn%2Cms%2Cmv%2Cmvi%2Cpl%2Cinitcwndbps&lsig=AG3C_xAwRQIhAP6iXMXgblK7SSZPHLCieOW2TEx5-shpZARcUwfTkESMAiAxBHVU1QQTGgYZsmz7W0INqm26A4by4eW0LbKSH8krHw%3D%3D&ratebypass=yes", "player_url": null, "ext": "webm", "format_note": "tiny", "acodec": "opus", "abr": 160, "asr": 48000, "filesize": 3558832, "fps": null, "height": null, "tbr": 154.317, "width": null, "vcodec": "none", "downloader_options": {"http_chunk_size": 10485760}, "format": "251 - audio only (tiny)", "protocol": "https", "http_headers": {"User-Agent": "Mozilla/5.0 (Windows NT 10.0; Win64; x64) AppleWebKit/537.36 (KHTML, like Gecko) Chrome/73.0.3683.38 Safari/537.36", "Accept-Charset": "ISO-8859-1,utf-8;q=0.7,*;q=0.7", "Accept": "text/html,application/xhtml+xml,application/xml;q=0.9,*/*;q=0.8", "Accept-Encoding": "gzip, deflate", "Accept-Language": "en-us,en;q=0.5"}}, {"format_id": "160", "url": "https://r8---sn-ipoxu-u2x6.googlevideo.com/videoplayback?expire=1610392181&ei=FU78X47CIeG0s8IPzNWT-Ag&ip=220.129.26.102&id=o-ABkot-p_OmxmLal4Q8-AIlhgNH3Iy-uup9U-XRviBmCo&itag=160&aitags=133%2C134%2C135%2C136%2C137%2C160%2C242%2C243%2C244%2C247%2C248%2C278&source=youtube&requiressl=yes&mh=OX&mm=31%2C29&mn=sn-ipoxu-u2x6%2Csn-un57en7e&ms=au%2Crdu&mv=m&mvi=8&pl=21&initcwndbps=1117500&vprv=1&mime=video%2Fmp4&ns=6z2JyUpoH8irjCW1ijvUrigF&gir=yes&clen=255658&dur=194.083&lmt=1509182924450394&mt=1610370272&fvip=3&keepalive=yes&beids=9466585&c=WEB&n=q1ZVj3_hlG3aZq&sparams=expire%2Cei%2Cip%2Cid%2Caitags%2Csource%2Crequiressl%2Cvprv%2Cmime%2Cns%2Cgir%2Cclen%2Cdur%2Clmt&sig=AOq0QJ8wRQIhANnbdIjteKL1UL0sbuugND8Pg-MCL1mHe0PjpH53QziTAiBaPZGYjVOcYVpuWKAehKBo2UIKhxlBBh8gcQ2Y5W-ISA%3D%3D&lsparams=mh%2Cmm%2Cmn%2Cms%2Cmv%2Cmvi%2Cpl%2Cinitcwndbps&lsig=AG3C_xAwRQIhAP6iXMXgblK7SSZPHLCieOW2TEx5-shpZARcUwfTkESMAiAxBHVU1QQTGgYZsmz7W0INqm26A4by4eW0LbKSH8krHw%3D%3D&ratebypass=yes", "player_url": null, "ext": "mp4", "height": 144, "format_note": "144p", "vcodec": "avc1.4d400b", "asr": null, "filesize": 255658, "fps": 12, "tbr": 22.425, "width": 256, "acodec": "none", "downloader_options": {"http_chunk_size": 10485760}, "format": "160 - 256x144 (144p)", "protocol": "https", "http_headers": {"User-Agent": "Mozilla/5.0 (Windows NT 10.0; Win64; x64) AppleWebKit/537.36 (KHTML, like Gecko) Chrome/73.0.3683.38 Safari/537.36", "Accept-Charset": "ISO-8859-1,utf-8;q=0.7,*;q=0.7", "Accept": "text/html,application/xhtml+xml,application/xml;q=0.9,*/*;q=0.8", "Accept-Encoding": "gzip, deflate", "Accept-Language": "en-us,en;q=0.5"}}, {"format_id": "133", "url": "https://r8---sn-ipoxu-u2x6.googlevideo.com/videoplayback?expire=1610392181&ei=FU78X47CIeG0s8IPzNWT-Ag&ip=220.129.26.102&id=o-ABkot-p_OmxmLal4Q8-AIlhgNH3Iy-uup9U-XRviBmCo&itag=133&aitags=133%2C134%2C135%2C136%2C137%2C160%2C242%2C243%2C244%2C247%2C248%2C278&source=youtube&requiressl=yes&mh=OX&mm=31%2C29&mn=sn-ipoxu-u2x6%2Csn-un57en7e&ms=au%2Crdu&mv=m&mvi=8&pl=21&initcwndbps=1117500&vprv=1&mime=video%2Fmp4&ns=6z2JyUpoH8irjCW1ijvUrigF&gir=yes&clen=468118&dur=194.083&lmt=1509182924550898&mt=1610370272&fvip=3&keepalive=yes&beids=9466585&c=WEB&n=q1ZVj3_hlG3aZq&sparams=expire%2Cei%2Cip%2Cid%2Caitags%2Csource%2Crequiressl%2Cvprv%2Cmime%2Cns%2Cgir%2Cclen%2Cdur%2Clmt&sig=AOq0QJ8wRQIhAMCav83yxJw9X_k745OW68TqO2Hm1AcDufllSwAv8apXAiAxk6Qnr9lmlftxeiCHfL0NEZBsyXv-1Wl4f4HX4CJ4Dg%3D%3D&lsparams=mh%2Cmm%2Cmn%2Cms%2Cmv%2Cmvi%2Cpl%2Cinitcwndbps&lsig=AG3C_xAwRQIhAP6iXMXgblK7SSZPHLCieOW2TEx5-shpZARcUwfTkESMAiAxBHVU1QQTGgYZsmz7W0INqm26A4by4eW0LbKSH8krHw%3D%3D&ratebypass=yes", "player_url": null, "ext": "mp4", "height": 240, "format_note": "240p", "vcodec": "avc1.4d4015", "asr": null, "filesize": 468118, "fps": 12, "tbr": 43.602, "width": 426, "acodec": "none", "downloader_options": {"http_chunk_size": 10485760}, "format": "133 - 426x240 (240p)", "protocol": "https", "http_headers": {"User-Agent": "Mozilla/5.0 (Windows NT 10.0; Win64; x64) AppleWebKit/537.36 (KHTML, like Gecko) Chrome/73.0.3683.38 Safari/537.36", "Accept-Charset": "ISO-8859-1,utf-8;q=0.7,*;q=0.7", "Accept": "text/html,application/xhtml+xml,application/xml;q=0.9,*/*;q=0.8", "Accept-Encoding": "gzip, deflate", "Accept-Language": "en-us,en;q=0.5"}}, {"format_id": "278", "url": "https://r8---sn-ipoxu-u2x6.googlevideo.com/videoplayback?expire=1610392181&ei=FU78X47CIeG0s8IPzNWT-Ag&ip=220.129.26.102&id=o-ABkot-p_OmxmLal4Q8-AIlhgNH3Iy-uup9U-XRviBmCo&itag=278&aitags=133%2C134%2C135%2C136%2C137%2C160%2C242%2C243%2C244%2C247%2C248%2C278&source=youtube&requiressl=yes&mh=OX&mm=31%2C29&mn=sn-ipoxu-u2x6%2Csn-un57en7e&ms=au%2Crdu&mv=m&mvi=8&pl=21&initcwndbps=1117500&vprv=1&mime=video%2Fwebm&ns=6z2JyUpoH8irjCW1ijvUrigF&gir=yes&clen=876178&dur=194.083&lmt=1542468114549235&mt=1610370272&fvip=3&keepalive=yes&beids=9466585&c=WEB&txp=5432432&n=q1ZVj3_hlG3aZq&sparams=expire%2Cei%2Cip%2Cid%2Caitags%2Csource%2Crequiressl%2Cvprv%2Cmime%2Cns%2Cgir%2Cclen%2Cdur%2Clmt&sig=AOq0QJ8wRAIgWVN4YtJmx4colgC_ihINSCGylVP54GGlgB2mht0UNZgCIHvnMbiY0wChr1r4jilPGZsH3MwhqT5CcLmlXdqbx3gZ&lsparams=mh%2Cmm%2Cmn%2Cms%2Cmv%2Cmvi%2Cpl%2Cinitcwndbps&lsig=AG3C_xAwRQIhAP6iXMXgblK7SSZPHLCieOW2TEx5-shpZARcUwfTkESMAiAxBHVU1QQTGgYZsmz7W0INqm26A4by4eW0LbKSH8krHw%3D%3D&ratebypass=yes", "player_url": null, "ext": "webm", "height": 144, "format_note": "144p", "container": "webm", "vcodec": "vp9", "asr": null, "filesize": 876178, "fps": 12, "tbr": 67.702, "width": 256, "acodec": "none", "downloader_options": {"http_chunk_size": 10485760}, "format": "278 - 256x144 (144p)", "protocol": "https", "http_headers": {"User-Agent": "Mozilla/5.0 (Windows NT 10.0; Win64; x64) AppleWebKit/537.36 (KHTML, like Gecko) Chrome/73.0.3683.38 Safari/537.36", "Accept-Charset": "ISO-8859-1,utf-8;q=0.7,*;q=0.7", "Accept": "text/html,application/xhtml+xml,application/xml;q=0.9,*/*;q=0.8", "Accept-Encoding": "gzip, deflate", "Accept-Language": "en-us,en;q=0.5"}}, {"format_id": "134", "url": "https://r8---sn-ipoxu-u2x6.googlevideo.com/videoplayback?expire=1610392181&ei=FU78X47CIeG0s8IPzNWT-Ag&ip=220.129.26.102&id=o-ABkot-p_OmxmLal4Q8-AIlhgNH3Iy-uup9U-XRviBmCo&itag=134&aitags=133%2C134%2C135%2C136%2C137%2C160%2C242%2C243%2C244%2C247%2C248%2C278&source=youtube&requiressl=yes&mh=OX&mm=31%2C29&mn=sn-ipoxu-u2x6%2Csn-un57en7e&ms=au%2Crdu&mv=m&mvi=8&pl=21&initcwndbps=1117500&vprv=1&mime=video%2Fmp4&ns=6z2JyUpoH8irjCW1ijvUrigF&gir=yes&clen=1130173&dur=194.083&lmt=1509182924760955&mt=1610370272&fvip=3&keepalive=yes&beids=9466585&c=WEB&n=q1ZVj3_hlG3aZq&sparams=expire%2Cei%2Cip%2Cid%2Caitags%2Csource%2Crequiressl%2Cvprv%2Cmime%2Cns%2Cgir%2Cclen%2Cdur%2Clmt&sig=AOq0QJ8wRQIhAPJGT7jnLXj0KD6lJg7cQ3pCn18y3REt4VtqNSCtxKXGAiBSoVWIbi0gjNhrAXQ4OTCjZaGgFM0WzNg90CZI2NM3Eg%3D%3D&lsparams=mh%2Cmm%2Cmn%2Cms%2Cmv%2Cmvi%2Cpl%2Cinitcwndbps&lsig=AG3C_xAwRQIhAP6iXMXgblK7SSZPHLCieOW2TEx5-shpZARcUwfTkESMAiAxBHVU1QQTGgYZsmz7W0INqm26A4by4eW0LbKSH8krHw%3D%3D&ratebypass=yes", "player_url": null, "ext": "mp4", "height": 360, "format_note": "360p", "vcodec": "avc1.4d4016", "asr": null, "filesize": 1130173, "fps": 12, "tbr": 111.062, "width": 640, "acodec": "none", "downloader_options": {"http_chunk_size": 10485760}, "format": "134 - 640x360 (360p)", "protocol": "https", "http_headers": {"User-Agent": "Mozilla/5.0 (Windows NT 10.0; Win64; x64) AppleWebKit/537.36 (KHTML, like Gecko) Chrome/73.0.3683.38 Safari/537.36", "Accept-Charset": "ISO-8859-1,utf-8;q=0.7,*;q=0.7", "Accept": "text/html,application/xhtml+xml,application/xml;q=0.9,*/*;q=0.8", "Accept-Encoding": "gzip, deflate", "Accept-Language": "en-us,en;q=0.5"}}, {"format_id": "242", "url": "https://r8---sn-ipoxu-u2x6.googlevideo.com/videoplayback?expire=1610392181&ei=FU78X47CIeG0s8IPzNWT-Ag&ip=220.129.26.102&id=o-ABkot-p_OmxmLal4Q8-AIlhgNH3Iy-uup9U-XRviBmCo&itag=242&aitags=133%2C134%2C135%2C136%2C137%2C160%2C242%2C243%2C244%2C247%2C248%2C278&source=youtube&requiressl=yes&mh=OX&mm=31%2C29&mn=sn-ipoxu-u2x6%2Csn-un57en7e&ms=au%2Crdu&mv=m&mvi=8&pl=21&initcwndbps=1117500&vprv=1&mime=video%2Fwebm&ns=6z2JyUpoH8irjCW1ijvUrigF&gir=yes&clen=1618877&dur=194.083&lmt=1542468114498426&mt=1610370272&fvip=3&keepalive=yes&beids=9466585&c=WEB&txp=5432432&n=q1ZVj3_hlG3aZq&sparams=expire%2Cei%2Cip%2Cid%2Caitags%2Csource%2Crequiressl%2Cvprv%2Cmime%2Cns%2Cgir%2Cclen%2Cdur%2Clmt&sig=AOq0QJ8wRQIgOUGr_8_DTOu1efHniteB-0oOI2B6Qtx7g7iPDehXoVACIQDk8A4GvEIIh9D3y-dhRXffj-N47WDR_VImJr0OmH68Qg%3D%3D&lsparams=mh%2Cmm%2Cmn%2Cms%2Cmv%2Cmvi%2Cpl%2Cinitcwndbps&lsig=AG3C_xAwRQIhAP6iXMXgblK7SSZPHLCieOW2TEx5-shpZARcUwfTkESMAiAxBHVU1QQTGgYZsmz7W0INqm26A4by4eW0LbKSH8krHw%3D%3D&ratebypass=yes", "player_url": null, "ext": "webm", "height": 240, "format_note": "240p", "vcodec": "vp9", "asr": null, "filesize": 1618877, "fps": 12, "tbr": 143.969, "width": 426, "acodec": "none", "downloader_options": {"http_chunk_size": 10485760}, "format": "242 - 426x240 (240p)", "protocol": "https", "http_headers": {"User-Agent": "Mozilla/5.0 (Windows NT 10.0; Win64; x64) AppleWebKit/537.36 (KHTML, like Gecko) Chrome/73.0.3683.38 Safari/537.36", "Accept-Charset": "ISO-8859-1,utf-8;q=0.7,*;q=0.7", "Accept": "text/html,application/xhtml+xml,application/xml;q=0.9,*/*;q=0.8", "Accept-Encoding": "gzip, deflate", "Accept-Language": "en-us,en;q=0.5"}}, {"format_id": "135", "url": "https://r8---sn-ipoxu-u2x6.googlevideo.com/videoplayback?expire=1610392181&ei=FU78X47CIeG0s8IPzNWT-Ag&ip=220.129.26.102&id=o-ABkot-p_OmxmLal4Q8-AIlhgNH3Iy-uup9U-XRviBmCo&itag=135&aitags=133%2C134%2C135%2C136%2C137%2C160%2C242%2C243%2C244%2C247%2C248%2C278&source=youtube&requiressl=yes&mh=OX&mm=31%2C29&mn=sn-ipoxu-u2x6%2Csn-un57en7e&ms=au%2Crdu&mv=m&mvi=8&pl=21&initcwndbps=1117500&vprv=1&mime=video%2Fmp4&ns=6z2JyUpoH8irjCW1ijvUrigF&gir=yes&clen=2192709&dur=194.083&lmt=1509182924651076&mt=1610370272&fvip=3&keepalive=yes&beids=9466585&c=WEB&n=q1ZVj3_hlG3aZq&sparams=expire%2Cei%2Cip%2Cid%2Caitags%2Csource%2Crequiressl%2Cvprv%2Cmime%2Cns%2Cgir%2Cclen%2Cdur%2Clmt&sig=AOq0QJ8wRAIgRKg-m9aBK7Z-BPpUPR-pd_d5-S-sV5t7reStuBT_T2QCIHNu3MVPT6-4HCQU47O_s7Bo5aLLsioYhqBuHYp_pUP-&lsparams=mh%2Cmm%2Cmn%2Cms%2Cmv%2Cmvi%2Cpl%2Cinitcwndbps&lsig=AG3C_xAwRQIhAP6iXMXgblK7SSZPHLCieOW2TEx5-shpZARcUwfTkESMAiAxBHVU1QQTGgYZsmz7W0INqm26A4by4eW0LbKSH8krHw%3D%3D&ratebypass=yes", "player_url": null, "ext": "mp4", "height": 480, "format_note": "480p", "vcodec": "avc1.4d4016", "asr": null, "filesize": 2192709, "fps": 12, "tbr": 221.607, "width": 854, "acodec": "none", "downloader_options": {"http_chunk_size": 10485760}, "format": "135 - 854x480 (480p)", "protocol": "https", "http_headers": {"User-Agent": "Mozilla/5.0 (Windows NT 10.0; Win64; x64) AppleWebKit/537.36 (KHTML, like Gecko) Chrome/73.0.3683.38 Safari/537.36", "Accept-Charset": "ISO-8859-1,utf-8;q=0.7,*;q=0.7", "Accept": "text/html,application/xhtml+xml,application/xml;q=0.9,*/*;q=0.8", "Accept-Encoding": "gzip, deflate", "Accept-Language": "en-us,en;q=0.5"}}, {"format_id": "244", "url": "https://r8---sn-ipoxu-u2x6.googlevideo.com/videoplayback?expire=1610392181&ei=FU78X47CIeG0s8IPzNWT-Ag&ip=220.129.26.102&id=o-ABkot-p_OmxmLal4Q8-AIlhgNH3Iy-uup9U-XRviBmCo&itag=244&aitags=133%2C134%2C135%2C136%2C137%2C160%2C242%2C243%2C244%2C247%2C248%2C278&source=youtube&requiressl=yes&mh=OX&mm=31%2C29&mn=sn-ipoxu-u2x6%2Csn-un57en7e&ms=au%2Crdu&mv=m&mvi=8&pl=21&initcwndbps=1117500&vprv=1&mime=video%2Fwebm&ns=6z2JyUpoH8irjCW1ijvUrigF&gir=yes&clen=3363191&dur=194.083&lmt=1542468114543331&mt=1610370272&fvip=3&keepalive=yes&beids=9466585&c=WEB&txp=5432432&n=q1ZVj3_hlG3aZq&sparams=expire%2Cei%2Cip%2Cid%2Caitags%2Csource%2Crequiressl%2Cvprv%2Cmime%2Cns%2Cgir%2Cclen%2Cdur%2Clmt&sig=AOq0QJ8wRQIgJJvkO2KtKZwl-vUGgQr2bAujE_veyCVBkRzWS-qwGycCIQDIlToEHPYCItdyNNq0AR8_pijpUpY0zmKXrNbk3JRvew%3D%3D&lsparams=mh%2Cmm%2Cmn%2Cms%2Cmv%2Cmvi%2Cpl%2Cinitcwndbps&lsig=AG3C_xAwRQIhAP6iXMXgblK7SSZPHLCieOW2TEx5-shpZARcUwfTkESMAiAxBHVU1QQTGgYZsmz7W0INqm26A4by4eW0LbKSH8krHw%3D%3D&ratebypass=yes", "player_url": null, "ext": "webm", "height": 480, "format_note": "480p", "vcodec": "vp9", "asr": null, "filesize": 3363191, "fps": 12, "tbr": 262.283, "width": 854, "acodec": "none", "downloader_options": {"http_chunk_size": 10485760}, "format": "244 - 854x480 (480p)", "protocol": "https", "http_headers": {"User-Agent": "Mozilla/5.0 (Windows NT 10.0; Win64; x64) AppleWebKit/537.36 (KHTML, like Gecko) Chrome/73.0.3683.38 Safari/537.36", "Accept-Charset": "ISO-8859-1,utf-8;q=0.7,*;q=0.7", "Accept": "text/html,application/xhtml+xml,application/xml;q=0.9,*/*;q=0.8", "Accept-Encoding": "gzip, deflate", "Accept-Language": "en-us,en;q=0.5"}}, {"format_id": "243", "url": "https://r8---sn-ipoxu-u2x6.googlevideo.com/videoplayback?expire=1610392181&ei=FU78X47CIeG0s8IPzNWT-Ag&ip=220.129.26.102&id=o-ABkot-p_OmxmLal4Q8-AIlhgNH3Iy-uup9U-XRviBmCo&itag=243&aitags=133%2C134%2C135%2C136%2C137%2C160%2C242%2C243%2C244%2C247%2C248%2C278&source=youtube&requiressl=yes&mh=OX&mm=31%2C29&mn=sn-ipoxu-u2x6%2Csn-un57en7e&ms=au%2Crdu&mv=m&mvi=8&pl=21&initcwndbps=1117500&vprv=1&mime=video%2Fwebm&ns=6z2JyUpoH8irjCW1ijvUrigF&gir=yes&clen=3160056&dur=194.083&lmt=1542468114527864&mt=1610370272&fvip=3&keepalive=yes&beids=9466585&c=WEB&txp=5432432&n=q1ZVj3_hlG3aZq&sparams=expire%2Cei%2Cip%2Cid%2Caitags%2Csource%2Crequiressl%2Cvprv%2Cmime%2Cns%2Cgir%2Cclen%2Cdur%2Clmt&sig=AOq0QJ8wRQIhAPZtgQQ8wSCnK28n34D486ANg3MY4wBlAu_UQgfyvugkAiAg4n2qe8yr3u8sZ6h0-C_FB1ueHuyrvqGjOOTqsJJ2zA%3D%3D&lsparams=mh%2Cmm%2Cmn%2Cms%2Cmv%2Cmvi%2Cpl%2Cinitcwndbps&lsig=AG3C_xAwRQIhAP6iXMXgblK7SSZPHLCieOW2TEx5-shpZARcUwfTkESMAiAxBHVU1QQTGgYZsmz7W0INqm26A4by4eW0LbKSH8krHw%3D%3D&ratebypass=yes", "player_url": null, "ext": "webm", "height": 360, "format_note": "360p", "vcodec": "vp9", "asr": null, "filesize": 3160056, "fps": 12, "tbr": 263.55, "width": 640, "acodec": "none", "downloader_options": {"http_chunk_size": 10485760}, "format": "243 - 640x360 (360p)", "protocol": "https", "http_headers": {"User-Agent": "Mozilla/5.0 (Windows NT 10.0; Win64; x64) AppleWebKit/537.36 (KHTML, like Gecko) Chrome/73.0.3683.38 Safari/537.36", "Accept-Charset": "ISO-8859-1,utf-8;q=0.7,*;q=0.7", "Accept": "text/html,application/xhtml+xml,application/xml;q=0.9,*/*;q=0.8", "Accept-Encoding": "gzip, deflate", "Accept-Language": "en-us,en;q=0.5"}}, {"format_id": "136", "url": "https://r8---sn-ipoxu-u2x6.googlevideo.com/videoplayback?expire=1610392181&ei=FU78X47CIeG0s8IPzNWT-Ag&ip=220.129.26.102&id=o-ABkot-p_OmxmLal4Q8-AIlhgNH3Iy-uup9U-XRviBmCo&itag=136&aitags=133%2C134%2C135%2C136%2C137%2C160%2C242%2C243%2C244%2C247%2C248%2C278&source=youtube&requiressl=yes&mh=OX&mm=31%2C29&mn=sn-ipoxu-u2x6%2Csn-un57en7e&ms=au%2Crdu&mv=m&mvi=8&pl=21&initcwndbps=1117500&vprv=1&mime=video%2Fmp4&ns=6z2JyUpoH8irjCW1ijvUrigF&gir=yes&clen=4346750&dur=194.083&lmt=1509182924751268&mt=1610370272&fvip=3&keepalive=yes&beids=9466585&c=WEB&n=q1ZVj3_hlG3aZq&sparams=expire%2Cei%2Cip%2Cid%2Caitags%2Csource%2Crequiressl%2Cvprv%2Cmime%2Cns%2Cgir%2Cclen%2Cdur%2Clmt&sig=AOq0QJ8wRQIgD61dGG8ydkPQL586dGMeIx8q9gW5VR-zNOgxsCAmcHkCIQD9Fzm5-C0S9txZjNio5ztwESaqebIGd65uYfB4GZmF4g%3D%3D&lsparams=mh%2Cmm%2Cmn%2Cms%2Cmv%2Cmvi%2Cpl%2Cinitcwndbps&lsig=AG3C_xAwRQIhAP6iXMXgblK7SSZPHLCieOW2TEx5-shpZARcUwfTkESMAiAxBHVU1QQTGgYZsmz7W0INqm26A4by4eW0LbKSH8krHw%3D%3D&ratebypass=yes", "player_url": null, "ext": "mp4", "height": 720, "format_note": "720p", "vcodec": "avc1.4d401f", "asr": null, "filesize": 4346750, "fps": 12, "tbr": 440.241, "width": 1280, "acodec": "none", "downloader_options": {"http_chunk_size": 10485760}, "format": "136 - 1280x720 (720p)", "protocol": "https", "http_headers": {"User-Agent": "Mozilla/5.0 (Windows NT 10.0; Win64; x64) AppleWebKit/537.36 (KHTML, like Gecko) Chrome/73.0.3683.38 Safari/537.36", "Accept-Charset": "ISO-8859-1,utf-8;q=0.7,*;q=0.7", "Accept": "text/html,application/xhtml+xml,application/xml;q=0.9,*/*;q=0.8", "Accept-Encoding": "gzip, deflate", "Accept-Language": "en-us,en;q=0.5"}}, {"format_id": "137", "url": "https://r8---sn-ipoxu-u2x6.googlevideo.com/videoplayback?expire=1610392181&ei=FU78X47CIeG0s8IPzNWT-Ag&ip=220.129.26.102&id=o-ABkot-p_OmxmLal4Q8-AIlhgNH3Iy-uup9U-XRviBmCo&itag=137&aitags=133%2C134%2C135%2C136%2C137%2C160%2C242%2C243%2C244%2C247%2C248%2C278&source=youtube&requiressl=yes&mh=OX&mm=31%2C29&mn=sn-ipoxu-u2x6%2Csn-un57en7e&ms=au%2Crdu&mv=m&mvi=8&pl=21&initcwndbps=1117500&vprv=1&mime=video%2Fmp4&ns=6z2JyUpoH8irjCW1ijvUrigF&gir=yes&clen=7709459&dur=194.083&lmt=1509182921950746&mt=1610370272&fvip=3&keepalive=yes&beids=9466585&c=WEB&n=q1ZVj3_hlG3aZq&sparams=expire%2Cei%2Cip%2Cid%2Caitags%2Csource%2Crequiressl%2Cvprv%2Cmime%2Cns%2Cgir%2Cclen%2Cdur%2Clmt&sig=AOq0QJ8wRQIgUWgVXTn2XfpoHUbWaInN5CNaJmygYBiSMxMkLPuciA4CIQCM5yJq8kg3w854-UHp58m-qXdjm70SHQY6FPIdLyv69Q%3D%3D&lsparams=mh%2Cmm%2Cmn%2Cms%2Cmv%2Cmvi%2Cpl%2Cinitcwndbps&lsig=AG3C_xAwRQIhAP6iXMXgblK7SSZPHLCieOW2TEx5-shpZARcUwfTkESMAiAxBHVU1QQTGgYZsmz7W0INqm26A4by4eW0LbKSH8krHw%3D%3D&ratebypass=yes", "player_url": null, "ext": "mp4", "height": 1080, "format_note": "1080p", "vcodec": "avc1.640028", "asr": null, "filesize": 7709459, "fps": 12, "tbr": 785.789, "width": 1920, "acodec": "none", "downloader_options": {"http_chunk_size": 10485760}, "format": "137 - 1920x1080 (1080p)", "protocol": "https", "http_headers": {"User-Agent": "Mozilla/5.0 (Windows NT 10.0; Win64; x64) AppleWebKit/537.36 (KHTML, like Gecko) Chrome/73.0.3683.38 Safari/537.36", "Accept-Charset": "ISO-8859-1,utf-8;q=0.7,*;q=0.7", "Accept": "text/html,application/xhtml+xml,application/xml;q=0.9,*/*;q=0.8", "Accept-Encoding": "gzip, deflate", "Accept-Language": "en-us,en;q=0.5"}}, {"format_id": "247", "url": "https://r8---sn-ipoxu-u2x6.googlevideo.com/videoplayback?expire=1610392181&ei=FU78X47CIeG0s8IPzNWT-Ag&ip=220.129.26.102&id=o-ABkot-p_OmxmLal4Q8-AIlhgNH3Iy-uup9U-XRviBmCo&itag=247&aitags=133%2C134%2C135%2C136%2C137%2C160%2C242%2C243%2C244%2C247%2C248%2C278&source=youtube&requiressl=yes&mh=OX&mm=31%2C29&mn=sn-ipoxu-u2x6%2Csn-un57en7e&ms=au%2Crdu&mv=m&mvi=8&pl=21&initcwndbps=1117500&vprv=1&mime=video%2Fwebm&ns=6z2JyUpoH8irjCW1ijvUrigF&gir=yes&clen=10572045&dur=194.083&lmt=1542468114599433&mt=1610370272&fvip=3&keepalive=yes&beids=9466585&c=WEB&txp=5432432&n=q1ZVj3_hlG3aZq&sparams=expire%2Cei%2Cip%2Cid%2Caitags%2Csource%2Crequiressl%2Cvprv%2Cmime%2Cns%2Cgir%2Cclen%2Cdur%2Clmt&sig=AOq0QJ8wRAIgDnPPiXznT3gSH12tbKAGb7lNwpW7EskM2l6XqxOtSeQCIEVsyWN2U-jbu-k6gNMGYR0urtNhACdpG0d0FLfOttzK&lsparams=mh%2Cmm%2Cmn%2Cms%2Cmv%2Cmvi%2Cpl%2Cinitcwndbps&lsig=AG3C_xAwRQIhAP6iXMXgblK7SSZPHLCieOW2TEx5-shpZARcUwfTkESMAiAxBHVU1QQTGgYZsmz7W0INqm26A4by4eW0LbKSH8krHw%3D%3D&ratebypass=yes", "player_url": null, "ext": "webm", "height": 720, "format_note": "720p", "vcodec": "vp9", "asr": null, "filesize": 10572045, "fps": 12, "tbr": 990.098, "width": 1280, "acodec": "none", "downloader_options": {"http_chunk_size": 10485760}, "format": "247 - 1280x720 (720p)", "protocol": "https", "http_headers": {"User-Agent": "Mozilla/5.0 (Windows NT 10.0; Win64; x64) AppleWebKit/537.36 (KHTML, like Gecko) Chrome/73.0.3683.38 Safari/537.36", "Accept-Charset": "ISO-8859-1,utf-8;q=0.7,*;q=0.7", "Accept": "text/html,application/xhtml+xml,application/xml;q=0.9,*/*;q=0.8", "Accept-Encoding": "gzip, deflate", "Accept-Language": "en-us,en;q=0.5"}}, {"format_id": "248", "url": "https://r8---sn-ipoxu-u2x6.googlevideo.com/videoplayback?expire=1610392181&ei=FU78X47CIeG0s8IPzNWT-Ag&ip=220.129.26.102&id=o-ABkot-p_OmxmLal4Q8-AIlhgNH3Iy-uup9U-XRviBmCo&itag=248&aitags=133%2C134%2C135%2C136%2C137%2C160%2C242%2C243%2C244%2C247%2C248%2C278&source=youtube&requiressl=yes&mh=OX&mm=31%2C29&mn=sn-ipoxu-u2x6%2Csn-un57en7e&ms=au%2Crdu&mv=m&mvi=8&pl=21&initcwndbps=1117500&vprv=1&mime=video%2Fwebm&ns=6z2JyUpoH8irjCW1ijvUrigF&gir=yes&clen=17119478&dur=194.083&lmt=1542468550320939&mt=1610370272&fvip=3&keepalive=yes&beids=9466585&c=WEB&txp=5432432&n=q1ZVj3_hlG3aZq&sparams=expire%2Cei%2Cip%2Cid%2Caitags%2Csource%2Crequiressl%2Cvprv%2Cmime%2Cns%2Cgir%2Cclen%2Cdur%2Clmt&sig=AOq0QJ8wRQIgRgwqNgb3ygUjebOTdoeyQA4n49o0ZmkMmuXa-8tK7x0CIQCtgRE9Vzv3i2SylTCqoJQsq2v91CRpZg5XPB1DHswqjg%3D%3D&lsparams=mh%2Cmm%2Cmn%2Cms%2Cmv%2Cmvi%2Cpl%2Cinitcwndbps&lsig=AG3C_xAwRQIhAP6iXMXgblK7SSZPHLCieOW2TEx5-shpZARcUwfTkESMAiAxBHVU1QQTGgYZsmz7W0INqm26A4by4eW0LbKSH8krHw%3D%3D&ratebypass=yes", "player_url": null, "ext": "webm", "height": 1080, "format_note": "1080p", "vcodec": "vp9", "asr": null, "filesize": 17119478, "fps": 12, "tbr": 1770.477, "width": 1920, "acodec": "none", "downloader_options": {"http_chunk_size": 10485760}, "format": "248 - 1920x1080 (1080p)", "protocol": "https", "http_headers": {"User-Agent": "Mozilla/5.0 (Windows NT 10.0; Win64; x64) AppleWebKit/537.36 (KHTML, like Gecko) Chrome/73.0.3683.38 Safari/537.36", "Accept-Charset": "ISO-8859-1,utf-8;q=0.7,*;q=0.7", "Accept": "text/html,application/xhtml+xml,application/xml;q=0.9,*/*;q=0.8", "Accept-Encoding": "gzip, deflate", "Accept-Language": "en-us,en;q=0.5"}}, {"format_id": "18", "url": "https://r8---sn-ipoxu-u2x6.googlevideo.com/videoplayback?expire=1610392181&ei=FU78X47CIeG0s8IPzNWT-Ag&ip=220.129.26.102&id=o-ABkot-p_OmxmLal4Q8-AIlhgNH3Iy-uup9U-XRviBmCo&itag=18&source=youtube&requiressl=yes&mh=OX&mm=31%2C29&mn=sn-ipoxu-u2x6%2Csn-un57en7e&ms=au%2Crdu&mv=m&mvi=8&pl=21&initcwndbps=1117500&vprv=1&mime=video%2Fmp4&ns=wKJHIOVfbzu7C-qoEiW2s1MF&gir=yes&clen=5114555&ratebypass=yes&dur=194.142&lmt=1472617138396508&mt=1610370272&fvip=3&beids=9466585&c=WEB&n=C8vZa6zcNkkSEl&sparams=expire%2Cei%2Cip%2Cid%2Citag%2Csource%2Crequiressl%2Cvprv%2Cmime%2Cns%2Cgir%2Cclen%2Cratebypass%2Cdur%2Clmt&sig=AOq0QJ8wRgIhAOMGG48gj7_JpeUmX2o1tvfOSKeX2EXFvFBqPP7Ot4hUAiEAw4-QRpQIJgvPCNMQBmnkeR6wLPg9rg6-0ygV7Gs5-vY%3D&lsparams=mh%2Cmm%2Cmn%2Cms%2Cmv%2Cmvi%2Cpl%2Cinitcwndbps&lsig=AG3C_xAwRQIhAP6iXMXgblK7SSZPHLCieOW2TEx5-shpZARcUwfTkESMAiAxBHVU1QQTGgYZsmz7W0INqm26A4by4eW0LbKSH8krHw%3D%3D", "player_url": null, "ext": "mp4", "width": 640, "height": 360, "acodec": "mp4a.40.2", "abr": 96, "vcodec": "avc1.42001E", "asr": 44100, "filesize": 5114555, "format_note": "360p", "fps": 12, "tbr": 210.819, "format": "18 - 640x360 (360p)", "protocol": "https", "http_headers": {"User-Agent": "Mozilla/5.0 (Windows NT 10.0; Win64; x64) AppleWebKit/537.36 (KHTML, like Gecko) Chrome/73.0.3683.38 Safari/537.36", "Accept-Charset": "ISO-8859-1,utf-8;q=0.7,*;q=0.7", "Accept": "text/html,application/xhtml+xml,application/xml;q=0.9,*/*;q=0.8", "Accept-Encoding": "gzip, deflate", "Accept-Language": "en-us,en;q=0.5"}}, {"format_id": "22", "url": "https://r8---sn-ipoxu-u2x6.googlevideo.com/videoplayback?expire=1610392181&ei=FU78X47CIeG0s8IPzNWT-Ag&ip=220.129.26.102&id=o-ABkot-p_OmxmLal4Q8-AIlhgNH3Iy-uup9U-XRviBmCo&itag=22&source=youtube&requiressl=yes&mh=OX&mm=31%2C29&mn=sn-ipoxu-u2x6%2Csn-un57en7e&ms=au%2Crdu&mv=m&mvi=8&pl=21&initcwndbps=1117500&vprv=1&mime=video%2Fmp4&ns=wKJHIOVfbzu7C-qoEiW2s1MF&ratebypass=yes&dur=194.142&lmt=1509182963891176&mt=1610370272&fvip=3&beids=9466585&c=WEB&n=C8vZa6zcNkkSEl&sparams=expire%2Cei%2Cip%2Cid%2Citag%2Csource%2Crequiressl%2Cvprv%2Cmime%2Cns%2Cratebypass%2Cdur%2Clmt&sig=AOq0QJ8wRgIhAJB23anhj7TYgayFZnV3SmP6tIaZ9OEW8Vt6ur2c07WTAiEAwDr6CRiBwJeoVBbAEyBe8igQTXE5mYHxtH30eaZm_5k%3D&lsparams=mh%2Cmm%2Cmn%2Cms%2Cmv%2Cmvi%2Cpl%2Cinitcwndbps&lsig=AG3C_xAwRQIhAP6iXMXgblK7SSZPHLCieOW2TEx5-shpZARcUwfTkESMAiAxBHVU1QQTGgYZsmz7W0INqm26A4by4eW0LbKSH8krHw%3D%3D", "player_url": null, "ext": "mp4", "width": 1280, "height": 720, "acodec": "mp4a.40.2", "abr": 192, "vcodec": "avc1.64001F", "asr": 44100, "filesize": null, "format_note": "720p", "fps": 12, "tbr": 306.068, "format": "22 - 1280x720 (720p)", "protocol": "https", "http_headers": {"User-Agent": "Mozilla/5.0 (Windows NT 10.0; Win64; x64) AppleWebKit/537.36 (KHTML, like Gecko) Chrome/73.0.3683.38 Safari/537.36", "Accept-Charset": "ISO-8859-1,utf-8;q=0.7,*;q=0.7", "Accept": "text/html,application/xhtml+xml,application/xml;q=0.9,*/*;q=0.8", "Accept-Encoding": "gzip, deflate", "Accept-Language": "en-us,en;q=0.5"}}], "is_live": null, "start_time": null, "end_time": null, "series": null, "season_number": null, "episode_number": null, "track": null, "artist": null, "album": null, "release_date": null, "release_year": null, "extractor": "youtube", "webpage_url_basename": "watch", "extractor_key": "Youtube", "playlist": null, "playlist_index": null, "thumbnail": "https://i.ytimg.com/vi_webp/fuCxYrru2S4/maxresdefault.webp", "display_id": "fuCxYrru2S4", "requested_subtitles": null, "format_id": "251", "url": "https://r8---sn-ipoxu-u2x6.googlevideo.com/videoplayback?expire=1610392181&ei=FU78X47CIeG0s8IPzNWT-Ag&ip=220.129.26.102&id=o-ABkot-p_OmxmLal4Q8-AIlhgNH3Iy-uup9U-XRviBmCo&itag=251&source=youtube&requiressl=yes&mh=OX&mm=31%2C29&mn=sn-ipoxu-u2x6%2Csn-un57en7e&ms=au%2Crdu&mv=m&mvi=8&pl=21&initcwndbps=1117500&vprv=1&mime=audio%2Fwebm&ns=6z2JyUpoH8irjCW1ijvUrigF&gir=yes&clen=3558832&dur=194.081&lmt=1496849593442781&mt=1610370272&fvip=3&keepalive=yes&beids=9466585&c=WEB&n=q1ZVj3_hlG3aZq&sparams=expire%2Cei%2Cip%2Cid%2Citag%2Csource%2Crequiressl%2Cvprv%2Cmime%2Cns%2Cgir%2Cclen%2Cdur%2Clmt&sig=AOq0QJ8wRAIgf3hjK8_0a26_LtN8JJUgK02VMiNa5PuCpIPSTK7Iy2QCIGUyGBC1990M1Am9G2DERJfLIEoKStdWRkTH_pTi5Ldm&lsparams=mh%2Cmm%2Cmn%2Cms%2Cmv%2Cmvi%2Cpl%2Cinitcwndbps&lsig=AG3C_xAwRQIhAP6iXMXgblK7SSZPHLCieOW2TEx5-shpZARcUwfTkESMAiAxBHVU1QQTGgYZsmz7W0INqm26A4by4eW0LbKSH8krHw%3D%3D&ratebypass=yes", "player_url": null, "ext": "webm", "format_note": "tiny", "acodec": "opus", "abr": 160, "asr": 48000, "filesize": 3558832, "fps": null, "height": null, "tbr": 154.317, "width": null, "vcodec": "none", "downloader_options": {"http_chunk_size": 10485760}, "format": "251 - audio only (tiny)", "protocol": "https", "http_headers": {"User-Agent": "Mozilla/5.0 (Windows NT 10.0; Win64; x64) AppleWebKit/537.36 (KHTML, like Gecko) Chrome/73.0.3683.38 Safari/537.36", "Accept-Charset": "ISO-8859-1,utf-8;q=0.7,*;q=0.7", "Accept": "text/html,application/xhtml+xml,application/xml;q=0.9,*/*;q=0.8", "Accept-Encoding": "gzip, deflate", "Accept-Language": "en-us,en;q=0.5"}}