{"id": "f0NbGeyJYms", "uploader": "Michael Ortega", "uploader_id": "MichaelsPianoSongs", "uploader_url": "http://www.youtube.com/user/MichaelsPianoSongs", "channel_id": "UCjyqGFuEZho7Wc7TT5MyFwg", "channel_url": "http://www.youtube.com/channel/UCjyqGFuEZho7Wc7TT5MyFwg", "upload_date": "20181230", "license": null, "creator": null, "title": "Michael Ortega - \u201cBetween Us\" (Sad Piano)", "alt_title": null, "thumbnails": [{"url": "https://i.ytimg.com/vi/f0NbGeyJYms/hqdefault.jpg?sqp=-oaymwEYCKgBEF5IVfKriqkDCwgBFQAAiEIYAXAB&rs=AOn4CLAThg6YEsmgBrVvQiL68faQrJ7n2A", "width": 168, "height": 94, "resolution": "168x94", "id": "0"}, {"url": "https://i.ytimg.com/vi/f0NbGeyJYms/hqdefault.jpg?sqp=-oaymwEYCMQBEG5IVfKriqkDCwgBFQAAiEIYAXAB&rs=AOn4CLC1XVV6WyxRXFa9SFBVWacU_roj6w", "width": 196, "height": 110, "resolution": "196x110", "id": "1"}, {"url": "https://i.ytimg.com/vi/f0NbGeyJYms/hqdefault.jpg?sqp=-oaymwEZCPYBEIoBSFXyq4qpAwsIARUAAIhCGAFwAQ==&rs=AOn4CLAgBogprWVV4TSIKWkWguPhdfTpIg", "width": 246, "height": 138, "resolution": "246x138", "id": "2"}, {"url": "https://i.ytimg.com/vi/f0NbGeyJYms/hqdefault.jpg?sqp=-oaymwEZCNACELwBSFXyq4qpAwsIARUAAIhCGAFwAQ==&rs=AOn4CLD5G8S6sEfTqlX7dopVgZcAEl_Q8w", "width": 336, "height": 188, "resolution": "336x188", "id": "3"}, {"url": "https://i.ytimg.com/vi_webp/f0NbGeyJYms/maxresdefault.webp", "width": 1920, "height": 1080, "resolution": "1920x1080", "id": "4"}], "description": "Sad Piano Song called \"Between Us\" by Michael Ortega. \n\n\u25b6 Subscribe for more Music: http://bit.ly/SubToMichaelOrtega\n\nFollow me: \n\u266a INSTAGRAM: https://www.instagram.com/michaelortegapiano\n\u266a SPOTIFY: http://bit.ly/RainSadPianoSpotify\n\nSheet Music (Partituras): \nhttps://sellfy.com/MichaelOrtega\n\nCopyright \u00a9 Michael Ortega 2018\n\nYou must purchase a license (link \u2b06 above) to use this for your Music or Videos. Ask me about non-profit projects on my Instagram (link \u2b06). Exclusives are possible.\nOriginal Piano Music by Michael J. Ortega (MichaelOrtegaPiano)", "categories": ["Music"], "tags": ["sad piano", "michael ortega", "sad piano song", "between us sad piano", "between us michael ortega"], "subtitles": {}, "automatic_captions": {}, "duration": 241, "age_limit": 0, "annotations": null, "chapters": null, "webpage_url": "https://www.youtube.com/watch?v=f0NbGeyJYms", "view_count": 50194, "like_count": 1479, "dislike_count": 15, "average_rating": 4.9598393, "formats": [{"format_id": "249", "url": "https://r3---sn-ipoxu-u2x6.googlevideo.com/videoplayback?expire=1610392508&ei=XE_8X8OoMoqdqQG30YLADQ&ip=220.129.26.102&id=o-AFiEZBuHI2cB9Lkm11J3lcJ6E5R6Awz-zKjjMT9aH9D9&itag=249&source=youtube&requiressl=yes&mh=Fa&mm=31%2C29&mn=sn-ipoxu-u2x6%2Csn-un57en7e&ms=au%2Crdu&mv=m&mvi=3&pcm2cms=yes&pl=21&initcwndbps=1012500&vprv=1&mime=audio%2Fwebm&ns=YBMuypzAm8bhRunhJ_wXOScF&gir=yes&clen=1756355&dur=241.101&lmt=1546242384067478&mt=1610370754&fvip=3&keepalive=yes&beids=9466585&c=WEB&txp=5511222&n=NpF8YaMzIt69tw&sparams=expire%2Cei%2Cip%2Cid%2Citag%2Csource%2Crequiressl%2Cvprv%2Cmime%2Cns%2Cgir%2Cclen%2Cdur%2Clmt&sig=AOq0QJ8wRQIhANHDxWnUEVpxNa9VZdC2pfis57s05uNY-xLiogDQxYDcAiAxPayBa3_EFZ2pkvLFO4ZZkp8Bhq-6pZGSjud3NODh8A%3D%3D&lsparams=mh%2Cmm%2Cmn%2Cms%2Cmv%2Cmvi%2Cpcm2cms%2Cpl%2Cinitcwndbps&lsig=AG3C_xAwRgIhAOdr6INd7aw8_N-YX-Ef8gsAqLlGaCHH8ggP0UmfKLefAiEAhmWBC2_Pzfkmck-Yn4OWTaBqdEY3jr-BHZaoCpTuI5s%3D&ratebypass=yes", "player_url": null, "ext": "webm", "format_note": "tiny", "acodec": "opus", "abr": 50, "asr": 48000, "filesize": 1756355, "fps": null, "height": null, "tbr": 62.986, "width": null, "vcodec": "none", "downloader_options": {"http_chunk_size": 10485760}, "format": "249 - audio only (tiny)", "protocol": "https", "http_headers": {"User-Agent": "Mozilla/5.0 (Windows NT 10.0; Win64; x64) AppleWebKit/537.36 (KHTML, like Gecko) Chrome/73.0.3683.38 Safari/537.36", "Accept-Charset": "ISO-8859-1,utf-8;q=0.7,*;q=0.7", "Accept": "text/html,application/xhtml+xml,application/xml;q=0.9,*/*;q=0.8", "Accept-Encoding": "gzip, deflate", "Accept-Language": "en-us,en;q=0.5"}}, {"format_id": "250", "url": "https://r3---sn-ipoxu-u2x6.googlevideo.com/videoplayback?expire=1610392508&ei=XE_8X8OoMoqdqQG30YLADQ&ip=220.129.26.102&id=o-AFiEZBuHI2cB9Lkm11J3lcJ6E5R6Awz-zKjjMT9aH9D9&itag=250&source=youtube&requiressl=yes&mh=Fa&mm=31%2C29&mn=sn-ipoxu-u2x6%2Csn-un57en7e&ms=au%2Crdu&mv=m&mvi=3&pcm2cms=yes&pl=21&initcwndbps=1012500&vprv=1&mime=audio%2Fwebm&ns=YBMuypzAm8bhRunhJ_wXOScF&gir=yes&clen=2348996&dur=241.101&lmt=1546242383873470&mt=1610370754&fvip=3&keepalive=yes&beids=9466585&c=WEB&txp=5511222&n=NpF8YaMzIt69tw&sparams=expire%2Cei%2Cip%2Cid%2Citag%2Csource%2Crequiressl%2Cvprv%2Cmime%2Cns%2Cgir%2Cclen%2Cdur%2Clmt&sig=AOq0QJ8wRQIhAIIJDChJG4Y_-hrXUf54LJk3upD0TUDEqtSeLiiWZThtAiAqFhWzrHxMktqb5ddJVUldFm5quTqzyal73og229p5pA%3D%3D&lsparams=mh%2Cmm%2Cmn%2Cms%2Cmv%2Cmvi%2Cpcm2cms%2Cpl%2Cinitcwndbps&lsig=AG3C_xAwRgIhAOdr6INd7aw8_N-YX-Ef8gsAqLlGaCHH8ggP0UmfKLefAiEAhmWBC2_Pzfkmck-Yn4OWTaBqdEY3jr-BHZaoCpTuI5s%3D&ratebypass=yes", "player_url": null, "ext": "webm", "format_note": "tiny", "acodec": "opus", "abr": 70, "asr": 48000, "filesize": 2348996, "fps": null, "height": null, "tbr": 84.449, "width": null, "vcodec": "none", "downloader_options": {"http_chunk_size": 10485760}, "format": "250 - audio only (tiny)", "protocol": "https", "http_headers": {"User-Agent": "Mozilla/5.0 (Windows NT 10.0; Win64; x64) AppleWebKit/537.36 (KHTML, like Gecko) Chrome/73.0.3683.38 Safari/537.36", "Accept-Charset": "ISO-8859-1,utf-8;q=0.7,*;q=0.7", "Accept": "text/html,application/xhtml+xml,application/xml;q=0.9,*/*;q=0.8", "Accept-Encoding": "gzip, deflate", "Accept-Language": "en-us,en;q=0.5"}}, {"format_id": "140", "url": "https://r3---sn-ipoxu-u2x6.googlevideo.com/videoplayback?expire=1610392508&ei=XE_8X8OoMoqdqQG30YLADQ&ip=220.129.26.102&id=o-AFiEZBuHI2cB9Lkm11J3lcJ6E5R6Awz-zKjjMT9aH9D9&itag=140&source=youtube&requiressl=yes&mh=Fa&mm=31%2C29&mn=sn-ipoxu-u2x6%2Csn-un57en7e&ms=au%2Crdu&mv=m&mvi=3&pcm2cms=yes&pl=21&initcwndbps=1012500&vprv=1&mime=audio%2Fmp4&ns=YBMuypzAm8bhRunhJ_wXOScF&gir=yes&clen=3903355&dur=241.139&lmt=1546241019037503&mt=1610370754&fvip=3&keepalive=yes&beids=9466585&c=WEB&txp=5533432&n=NpF8YaMzIt69tw&sparams=expire%2Cei%2Cip%2Cid%2Citag%2Csource%2Crequiressl%2Cvprv%2Cmime%2Cns%2Cgir%2Cclen%2Cdur%2Clmt&sig=AOq0QJ8wRQIhAPQUbIf4n2_r_FYkuDbJlAMARWNkElnyKRxZfruwk8qSAiA4e5jGTkZV36oDz4hRtFFRjWIi2Ub_m6ZIj9f3uhu_5A%3D%3D&lsparams=mh%2Cmm%2Cmn%2Cms%2Cmv%2Cmvi%2Cpcm2cms%2Cpl%2Cinitcwndbps&lsig=AG3C_xAwRgIhAOdr6INd7aw8_N-YX-Ef8gsAqLlGaCHH8ggP0UmfKLefAiEAhmWBC2_Pzfkmck-Yn4OWTaBqdEY3jr-BHZaoCpTuI5s%3D&ratebypass=yes", "player_url": null, "ext": "m4a", "format_note": "tiny", "acodec": "mp4a.40.2", "abr": 128, "container": "m4a_dash", "asr": 44100, "filesize": 3903355, "fps": null, "height": null, "tbr": 130.54, "width": null, "vcodec": "none", "downloader_options": {"http_chunk_size": 10485760}, "format": "140 - audio only (tiny)", "protocol": "https", "http_headers": {"User-Agent": "Mozilla/5.0 (Windows NT 10.0; Win64; x64) AppleWebKit/537.36 (KHTML, like Gecko) Chrome/73.0.3683.38 Safari/537.36", "Accept-Charset": "ISO-8859-1,utf-8;q=0.7,*;q=0.7", "Accept": "text/html,application/xhtml+xml,application/xml;q=0.9,*/*;q=0.8", "Accept-Encoding": "gzip, deflate", "Accept-Language": "en-us,en;q=0.5"}}, {"format_id": "251", "url": "https://r3---sn-ipoxu-u2x6.googlevideo.com/videoplayback?expire=1610392508&ei=XE_8X8OoMoqdqQG30YLADQ&ip=220.129.26.102&id=o-AFiEZBuHI2cB9Lkm11J3lcJ6E5R6Awz-zKjjMT9aH9D9&itag=251&source=youtube&requiressl=yes&mh=Fa&mm=31%2C29&mn=sn-ipoxu-u2x6%2Csn-un57en7e&ms=au%2Crdu&mv=m&mvi=3&pcm2cms=yes&pl=21&initcwndbps=1012500&vprv=1&mime=audio%2Fwebm&ns=YBMuypzAm8bhRunhJ_wXOScF&gir=yes&clen=4510320&dur=241.101&lmt=1546242387054972&mt=1610370754&fvip=3&keepalive=yes&beids=9466585&c=WEB&txp=5511222&n=NpF8YaMzIt69tw&sparams=expire%2Cei%2Cip%2Cid%2Citag%2Csource%2Crequiressl%2Cvprv%2Cmime%2Cns%2Cgir%2Cclen%2Cdur%2Clmt&sig=AOq0QJ8wRQIhALJ5-xc32dIsYW1UW-ipW0oITQ_XJ5qH4pOriX-6t1rLAiB3Y0G283jWv0OlWbKIFyqRlGmmQwLUi6O-XhCYhlh4rg%3D%3D&lsparams=mh%2Cmm%2Cmn%2Cms%2Cmv%2Cmvi%2Cpcm2cms%2Cpl%2Cinitcwndbps&lsig=AG3C_xAwRgIhAOdr6INd7aw8_N-YX-Ef8gsAqLlGaCHH8ggP0UmfKLefAiEAhmWBC2_Pzfkmck-Yn4OWTaBqdEY3jr-BHZaoCpTuI5s%3D&ratebypass=yes", "player_url": null, "ext": "webm", "format_note": "tiny", "acodec": "opus", "abr": 160, "asr": 48000, "filesize": 4510320, "fps": null, "height": null, "tbr": 160.549, "width": null, "vcodec": "none", "downloader_options": {"http_chunk_size": 10485760}, "format": "251 - audio only (tiny)", "protocol": "https", "http_headers": {"User-Agent": "Mozilla/5.0 (Windows NT 10.0; Win64; x64) AppleWebKit/537.36 (KHTML, like Gecko) Chrome/73.0.3683.38 Safari/537.36", "Accept-Charset": "ISO-8859-1,utf-8;q=0.7,*;q=0.7", "Accept": "text/html,application/xhtml+xml,application/xml;q=0.9,*/*;q=0.8", "Accept-Encoding": "gzip, deflate", "Accept-Language": "en-us,en;q=0.5"}}, {"format_id": "160", "url": "https://r3---sn-ipoxu-u2x6.googlevideo.com/videoplayback?expire=1610392508&ei=XE_8X8OoMoqdqQG30YLADQ&ip=220.129.26.102&id=o-AFiEZBuHI2cB9Lkm11J3lcJ6E5R6Awz-zKjjMT9aH9D9&itag=160&aitags=133%2C134%2C135%2C136%2C137%2C160%2C242%2C243%2C244%2C247%2C248%2C278&source=youtube&requiressl=yes&mh=Fa&mm=31%2C29&mn=sn-ipoxu-u2x6%2Csn-un57en7e&ms=au%2Crdu&mv=m&mvi=3&pcm2cms=yes&pl=21&initcwndbps=1012500&vprv=1&mime=video%2Fmp4&ns=YBMuypzAm8bhRunhJ_wXOScF&gir=yes&clen=1249673&dur=241.074&lmt=1546241491682664&mt=1610370754&fvip=3&keepalive=yes&beids=9466585&c=WEB&txp=5535432&n=NpF8YaMzIt69tw&sparams=expire%2Cei%2Cip%2Cid%2Caitags%2Csource%2Crequiressl%2Cvprv%2Cmime%2Cns%2Cgir%2Cclen%2Cdur%2Clmt&sig=AOq0QJ8wRAIgLE8Akt9zl6U8ElExsevMlJmVlBQI5XR3nLJyACSenOcCIEWpQpzl5jIZG1u4RGWA9hgA9HkqH7Ip7cTdaqR9dkgN&lsparams=mh%2Cmm%2Cmn%2Cms%2Cmv%2Cmvi%2Cpcm2cms%2Cpl%2Cinitcwndbps&lsig=AG3C_xAwRgIhAOdr6INd7aw8_N-YX-Ef8gsAqLlGaCHH8ggP0UmfKLefAiEAhmWBC2_Pzfkmck-Yn4OWTaBqdEY3jr-BHZaoCpTuI5s%3D&ratebypass=yes", "player_url": null, "ext": "mp4", "height": 144, "format_note": "144p", "vcodec": "avc1.4d400c", "asr": null, "filesize": 1249673, "fps": 24, "tbr": 62.608, "width": 256, "acodec": "none", "downloader_options": {"http_chunk_size": 10485760}, "format": "160 - 256x144 (144p)", "protocol": "https", "http_headers": {"User-Agent": "Mozilla/5.0 (Windows NT 10.0; Win64; x64) AppleWebKit/537.36 (KHTML, like Gecko) Chrome/73.0.3683.38 Safari/537.36", "Accept-Charset": "ISO-8859-1,utf-8;q=0.7,*;q=0.7", "Accept": "text/html,application/xhtml+xml,application/xml;q=0.9,*/*;q=0.8", "Accept-Encoding": "gzip, deflate", "Accept-Language": "en-us,en;q=0.5"}}, {"format_id": "133", "url": "https://r3---sn-ipoxu-u2x6.googlevideo.com/videoplayback?expire=1610392508&ei=XE_8X8OoMoqdqQG30YLADQ&ip=220.129.26.102&id=o-AFiEZBuHI2cB9Lkm11J3lcJ6E5R6Awz-zKjjMT9aH9D9&itag=133&aitags=133%2C134%2C135%2C136%2C137%2C160%2C242%2C243%2C244%2C247%2C248%2C278&source=youtube&requiressl=yes&mh=Fa&mm=31%2C29&mn=sn-ipoxu-u2x6%2Csn-un57en7e&ms=au%2Crdu&mv=m&mvi=3&pcm2cms=yes&pl=21&initcwndbps=1012500&vprv=1&mime=video%2Fmp4&ns=YBMuypzAm8bhRunhJ_wXOScF&gir=yes&clen=2035741&dur=241.074&lmt=1546241321217243&mt=1610370754&fvip=3&keepalive=yes&beids=9466585&c=WEB&txp=5535432&n=NpF8YaMzIt69tw&sparams=expire%2Cei%2Cip%2Cid%2Caitags%2Csource%2Crequiressl%2Cvprv%2Cmime%2Cns%2Cgir%2Cclen%2Cdur%2Clmt&sig=AOq0QJ8wRgIhAIS7mNGsqH1xUHj_0HxG_I5tfccCjUDNvCYUhYJbuUqoAiEA13Ad9-1f44UziG9T_r3XSrP3nYku5-F3c7NQ8JHINSo%3D&lsparams=mh%2Cmm%2Cmn%2Cms%2Cmv%2Cmvi%2Cpcm2cms%2Cpl%2Cinitcwndbps&lsig=AG3C_xAwRgIhAOdr6INd7aw8_N-YX-Ef8gsAqLlGaCHH8ggP0UmfKLefAiEAhmWBC2_Pzfkmck-Yn4OWTaBqdEY3jr-BHZaoCpTuI5s%3D&ratebypass=yes", "player_url": null, "ext": "mp4", "height": 240, "format_note": "240p", "vcodec": "avc1.4d4015", "asr": null, "filesize": 2035741, "fps": 24, "tbr": 110.219, "width": 426, "acodec": "none", "downloader_options": {"http_chunk_size": 10485760}, "format": "133 - 426x240 (240p)", "protocol": "https", "http_headers": {"User-Agent": "Mozilla/5.0 (Windows NT 10.0; Win64; x64) AppleWebKit/537.36 (KHTML, like Gecko) Chrome/73.0.3683.38 Safari/537.36", "Accept-Charset": "ISO-8859-1,utf-8;q=0.7,*;q=0.7", "Accept": "text/html,application/xhtml+xml,application/xml;q=0.9,*/*;q=0.8", "Accept-Encoding": "gzip, deflate", "Accept-Language": "en-us,en;q=0.5"}}, {"format_id": "278", "url": "https://r3---sn-ipoxu-u2x6.googlevideo.com/videoplayback?expire=1610392508&ei=XE_8X8OoMoqdqQG30YLADQ&ip=220.129.26.102&id=o-AFiEZBuHI2cB9Lkm11J3lcJ6E5R6Awz-zKjjMT9aH9D9&itag=278&aitags=133%2C134%2C135%2C136%2C137%2C160%2C242%2C243%2C244%2C247%2C248%2C278&source=youtube&requiressl=yes&mh=Fa&mm=31%2C29&mn=sn-ipoxu-u2x6%2Csn-un57en7e&ms=au%2Crdu&mv=m&mvi=3&pcm2cms=yes&pl=21&initcwndbps=1012500&vprv=1&mime=video%2Fwebm&ns=YBMuypzAm8bhRunhJ_wXOScF&gir=yes&clen=2689510&dur=241.073&lmt=1546241683852692&mt=1610370754&fvip=3&keepalive=yes&beids=9466585&c=WEB&txp=5535432&n=NpF8YaMzIt69tw&sparams=expire%2Cei%2Cip%2Cid%2Caitags%2Csource%2Crequiressl%2Cvprv%2Cmime%2Cns%2Cgir%2Cclen%2Cdur%2Clmt&sig=AOq0QJ8wRAIgfeJ6ixMNPdye9D8qkWPRf9SwuxeXLn7ANtKrJocCEl8CIHBCRE1Fmgk7YUY4yCqmcM3sy3cqqnWETWlMWf0ZS5vn&lsparams=mh%2Cmm%2Cmn%2Cms%2Cmv%2Cmvi%2Cpcm2cms%2Cpl%2Cinitcwndbps&lsig=AG3C_xAwRgIhAOdr6INd7aw8_N-YX-Ef8gsAqLlGaCHH8ggP0UmfKLefAiEAhmWBC2_Pzfkmck-Yn4OWTaBqdEY3jr-BHZaoCpTuI5s%3D&ratebypass=yes", "player_url": null, "ext": "webm", "height": 144, "format_note": "144p", "container": "webm", "vcodec": "vp9", "asr": null, "filesize": 2689510, "fps": 24, "tbr": 116.623, "width": 256, "acodec": "none", "downloader_options": {"http_chunk_size": 10485760}, "format": "278 - 256x144 (144p)", "protocol": "https", "http_headers": {"User-Agent": "Mozilla/5.0 (Windows NT 10.0; Win64; x64) AppleWebKit/537.36 (KHTML, like Gecko) Chrome/73.0.3683.38 Safari/537.36", "Accept-Charset": "ISO-8859-1,utf-8;q=0.7,*;q=0.7", "Accept": "text/html,application/xhtml+xml,application/xml;q=0.9,*/*;q=0.8", "Accept-Encoding": "gzip, deflate", "Accept-Language": "en-us,en;q=0.5"}}, {"format_id": "242", "url": "https://r3---sn-ipoxu-u2x6.googlevideo.com/videoplayback?expire=1610392508&ei=XE_8X8OoMoqdqQG30YLADQ&ip=220.129.26.102&id=o-AFiEZBuHI2cB9Lkm11J3lcJ6E5R6Awz-zKjjMT9aH9D9&itag=242&aitags=133%2C134%2C135%2C136%2C137%2C160%2C242%2C243%2C244%2C247%2C248%2C278&source=youtube&requiressl=yes&mh=Fa&mm=31%2C29&mn=sn-ipoxu-u2x6%2Csn-un57en7e&ms=au%2Crdu&mv=m&mvi=3&pcm2cms=yes&pl=21&initcwndbps=1012500&vprv=1&mime=video%2Fwebm&ns=YBMuypzAm8bhRunhJ_wXOScF&gir=yes&clen=2657721&dur=241.073&lmt=1546241599096102&mt=1610370754&fvip=3&keepalive=yes&beids=9466585&c=WEB&txp=5535432&n=NpF8YaMzIt69tw&sparams=expire%2Cei%2Cip%2Cid%2Caitags%2Csource%2Crequiressl%2Cvprv%2Cmime%2Cns%2Cgir%2Cclen%2Cdur%2Clmt&sig=AOq0QJ8wRgIhAM4IyXfXcHwVdibA84OlO2YxiAcFto37bHHsyHl_HUiVAiEAh9AFkQ7IV7R6mZIcR2O5oMwcfb2DenLbfVYDSDScToI%3D&lsparams=mh%2Cmm%2Cmn%2Cms%2Cmv%2Cmvi%2Cpcm2cms%2Cpl%2Cinitcwndbps&lsig=AG3C_xAwRgIhAOdr6INd7aw8_N-YX-Ef8gsAqLlGaCHH8ggP0UmfKLefAiEAhmWBC2_Pzfkmck-Yn4OWTaBqdEY3jr-BHZaoCpTuI5s%3D&ratebypass=yes", "player_url": null, "ext": "webm", "height": 240, "format_note": "240p", "vcodec": "vp9", "asr": null, "filesize": 2657721, "fps": 24, "tbr": 118.772, "width": 426, "acodec": "none", "downloader_options": {"http_chunk_size": 10485760}, "format": "242 - 426x240 (240p)", "protocol": "https", "http_headers": {"User-Agent": "Mozilla/5.0 (Windows NT 10.0; Win64; x64) AppleWebKit/537.36 (KHTML, like Gecko) Chrome/73.0.3683.38 Safari/537.36", "Accept-Charset": "ISO-8859-1,utf-8;q=0.7,*;q=0.7", "Accept": "text/html,application/xhtml+xml,application/xml;q=0.9,*/*;q=0.8", "Accept-Encoding": "gzip, deflate", "Accept-Language": "en-us,en;q=0.5"}}, {"format_id": "134", "url": "https://r3---sn-ipoxu-u2x6.googlevideo.com/videoplayback?expire=1610392508&ei=XE_8X8OoMoqdqQG30YLADQ&ip=220.129.26.102&id=o-AFiEZBuHI2cB9Lkm11J3lcJ6E5R6Awz-zKjjMT9aH9D9&itag=134&aitags=133%2C134%2C135%2C136%2C137%2C160%2C242%2C243%2C244%2C247%2C248%2C278&source=youtube&requiressl=yes&mh=Fa&mm=31%2C29&mn=sn-ipoxu-u2x6%2Csn-un57en7e&ms=au%2Crdu&mv=m&mvi=3&pcm2cms=yes&pl=21&initcwndbps=1012500&vprv=1&mime=video%2Fmp4&ns=YBMuypzAm8bhRunhJ_wXOScF&gir=yes&clen=3354980&dur=241.074&lmt=1546241326126381&mt=1610370754&fvip=3&keepalive=yes&beids=9466585&c=WEB&txp=5535432&n=NpF8YaMzIt69tw&sparams=expire%2Cei%2Cip%2Cid%2Caitags%2Csource%2Crequiressl%2Cvprv%2Cmime%2Cns%2Cgir%2Cclen%2Cdur%2Clmt&sig=AOq0QJ8wRQIhAMyG7mzrStN1RFQj0QV09Z5p-1BnnyaZEwDSsTLO2EmrAiA8XFSZ1vqmzVwii5tnBaAVt3cVU3lkstTegSJC6ZpUrA%3D%3D&lsparams=mh%2Cmm%2Cmn%2Cms%2Cmv%2Cmvi%2Cpcm2cms%2Cpl%2Cinitcwndbps&lsig=AG3C_xAwRgIhAOdr6INd7aw8_N-YX-Ef8gsAqLlGaCHH8ggP0UmfKLefAiEAhmWBC2_Pzfkmck-Yn4OWTaBqdEY3jr-BHZaoCpTuI5s%3D&ratebypass=yes", "player_url": null, "ext": "mp4", "height": 360, "format_note": "360p", "vcodec": "avc1.4d401e", "asr": null, "filesize": 3354980, "fps": 24, "tbr": 184.336, "width": 640, "acodec": "none", "downloader_options": {"http_chunk_size": 10485760}, "format": "134 - 640x360 (360p)", "protocol": "https", "http_headers": {"User-Agent": "Mozilla/5.0 (Windows NT 10.0; Win64; x64) AppleWebKit/537.36 (KHTML, like Gecko) Chrome/73.0.3683.38 Safari/537.36", "Accept-Charset": "ISO-8859-1,utf-8;q=0.7,*;q=0.7", "Accept": "text/html,application/xhtml+xml,application/xml;q=0.9,*/*;q=0.8", "Accept-Encoding": "gzip, deflate", "Accept-Language": "en-us,en;q=0.5"}}, {"format_id": "243", "url": "https://r3---sn-ipoxu-u2x6.googlevideo.com/videoplayback?expire=1610392508&ei=XE_8X8OoMoqdqQG30YLADQ&ip=220.129.26.102&id=o-AFiEZBuHI2cB9Lkm11J3lcJ6E5R6Awz-zKjjMT9aH9D9&itag=243&aitags=133%2C134%2C135%2C136%2C137%2C160%2C242%2C243%2C244%2C247%2C248%2C278&source=youtube&requiressl=yes&mh=Fa&mm=31%2C29&mn=sn-ipoxu-u2x6%2Csn-un57en7e&ms=au%2Crdu&mv=m&mvi=3&pcm2cms=yes&pl=21&initcwndbps=1012500&vprv=1&mime=video%2Fwebm&ns=YBMuypzAm8bhRunhJ_wXOScF&gir=yes&clen=4015735&dur=241.073&lmt=1546241654354367&mt=1610370754&fvip=3&keepalive=yes&beids=9466585&c=WEB&txp=5535432&n=NpF8YaMzIt69tw&sparams=expire%2Cei%2Cip%2Cid%2Caitags%2Csource%2Crequiressl%2Cvprv%2Cmime%2Cns%2Cgir%2Cclen%2Cdur%2Clmt&sig=AOq0QJ8wRgIhAK5iKL_eVTG4LITm_obH5trAviAAivDVbP05Fg6TcKBbAiEAo4LVe49frdcHJ_58csxwILSm2fwaEyNhOu55eqY5kOA%3D&lsparams=mh%2Cmm%2Cmn%2Cms%2Cmv%2Cmvi%2Cpcm2cms%2Cpl%2Cinitcwndbps&lsig=AG3C_xAwRgIhAOdr6INd7aw8_N-YX-Ef8gsAqLlGaCHH8ggP0UmfKLefAiEAhmWBC2_Pzfkmck-Yn4OWTaBqdEY3jr-BHZaoCpTuI5s%3D&ratebypass=yes", "player_url": null, "ext": "webm", "height": 360, "format_note": "360p", "vcodec": "vp9", "asr": null, "filesize": 4015735, "fps": 24, "tbr": 197.042, "width": 640, "acodec": "none", "downloader_options": {"http_chunk_size": 10485760}, "format": "243 - 640x360 (360p)", "protocol": "https", "http_headers": {"User-Agent": "Mozilla/5.0 (Windows NT 10.0; Win64; x64) AppleWebKit/537.36 (KHTML, like Gecko) Chrome/73.0.3683.38 Safari/537.36", "Accept-Charset": "ISO-8859-1,utf-8;q=0.7,*;q=0.7", "Accept": "text/html,application/xhtml+xml,application/xml;q=0.9,*/*;q=0.8", "Accept-Encoding": "gzip, deflate", "Accept-Language": "en-us,en;q=0.5"}}, {"format_id": "135", "url": "https://r3---sn-ipoxu-u2x6.googlevideo.com/videoplayback?expire=1610392508&ei=XE_8X8OoMoqdqQG30YLADQ&ip=220.129.26.102&id=o-AFiEZBuHI2cB9Lkm11J3lcJ6E5R6Awz-zKjjMT9aH9D9&itag=135&aitags=133%2C134%2C135%2C136%2C137%2C160%2C242%2C243%2C244%2C247%2C248%2C278&source=youtube&requiressl=yes&mh=Fa&mm=31%2C29&mn=sn-ipoxu-u2x6%2Csn-un57en7e&ms=au%2Crdu&mv=m&mvi=3&pcm2cms=yes&pl=21&initcwndbps=1012500&vprv=1&mime=video%2Fmp4&ns=YBMuypzAm8bhRunhJ_wXOScF&gir=yes&clen=4482026&dur=241.074&lmt=1546241399227832&mt=1610370754&fvip=3&keepalive=yes&beids=9466585&c=WEB&txp=5535432&n=NpF8YaMzIt69tw&sparams=expire%2Cei%2Cip%2Cid%2Caitags%2Csource%2Crequiressl%2Cvprv%2Cmime%2Cns%2Cgir%2Cclen%2Cdur%2Clmt&sig=AOq0QJ8wRQIhAOtIQq-uD5pqfaHLNK2Kk9_GyEbELfRAUdB4aEnUAZyzAiAWqsGzzGj9e09Zjg0zhH7r9BqfkuYu0f0Xw0uleVp1Pw%3D%3D&lsparams=mh%2Cmm%2Cmn%2Cms%2Cmv%2Cmvi%2Cpcm2cms%2Cpl%2Cinitcwndbps&lsig=AG3C_xAwRgIhAOdr6INd7aw8_N-YX-Ef8gsAqLlGaCHH8ggP0UmfKLefAiEAhmWBC2_Pzfkmck-Yn4OWTaBqdEY3jr-BHZaoCpTuI5s%3D&ratebypass=yes", "player_url": null, "ext": "mp4", "height": 480, "format_note": "480p", "vcodec": "avc1.4d401e", "asr": null, "filesize": 4482026, "fps": 24, "tbr": 235.175, "width": 854, "acodec": "none", "downloader_options": {"http_chunk_size": 10485760}, "format": "135 - 854x480 (480p)", "protocol": "https", "http_headers": {"User-Agent": "Mozilla/5.0 (Windows NT 10.0; Win64; x64) AppleWebKit/537.36 (KHTML, like Gecko) Chrome/73.0.3683.38 Safari/537.36", "Accept-Charset": "ISO-8859-1,utf-8;q=0.7,*;q=0.7", "Accept": "text/html,application/xhtml+xml,application/xml;q=0.9,*/*;q=0.8", "Accept-Encoding": "gzip, deflate", "Accept-Language": "en-us,en;q=0.5"}}, {"format_id": "244", "url": "https://r3---sn-ipoxu-u2x6.googlevideo.com/videoplayback?expire=1610392508&ei=XE_8X8OoMoqdqQG30YLADQ&ip=220.129.26.102&id=o-AFiEZBuHI2cB9Lkm11J3lcJ6E5R6Awz-zKjjMT9aH9D9&itag=244&aitags=133%2C134%2C135%2C136%2C137%2C160%2C242%2C243%2C244%2C247%2C248%2C278&source=youtube&requiressl=yes&mh=Fa&mm=31%2C29&mn=sn-ipoxu-u2x6%2Csn-un57en7e&ms=au%2Crdu&mv=m&mvi=3&pcm2cms=yes&pl=21&initcwndbps=1012500&vprv=1&mime=video%2Fwebm&ns=YBMuypzAm8bhRunhJ_wXOScF&gir=yes&clen=5580353&dur=241.073&lmt=1546241940921953&mt=1610370754&fvip=3&keepalive=yes&beids=9466585&c=WEB&txp=5535432&n=NpF8YaMzIt69tw&sparams=expire%2Cei%2Cip%2Cid%2Caitags%2Csource%2Crequiressl%2Cvprv%2Cmime%2Cns%2Cgir%2Cclen%2Cdur%2Clmt&sig=AOq0QJ8wRQIhAMYWM8_zY-yHtbpZUDKzOLnpdZTePpZBfZ842TbY2KojAiA-wEwJy1KEvzchUHvX9kt4vhd6GHMzw0l2iBF-SNxS-Q%3D%3D&lsparams=mh%2Cmm%2Cmn%2Cms%2Cmv%2Cmvi%2Cpcm2cms%2Cpl%2Cinitcwndbps&lsig=AG3C_xAwRgIhAOdr6INd7aw8_N-YX-Ef8gsAqLlGaCHH8ggP0UmfKLefAiEAhmWBC2_Pzfkmck-Yn4OWTaBqdEY3jr-BHZaoCpTuI5s%3D&ratebypass=yes", "player_url": null, "ext": "webm", "height": 480, "format_note": "480p", "vcodec": "vp9", "asr": null, "filesize": 5580353, "fps": 24, "tbr": 277.593, "width": 854, "acodec": "none", "downloader_options": {"http_chunk_size": 10485760}, "format": "244 - 854x480 (480p)", "protocol": "https", "http_headers": {"User-Agent": "Mozilla/5.0 (Windows NT 10.0; Win64; x64) AppleWebKit/537.36 (KHTML, like Gecko) Chrome/73.0.3683.38 Safari/537.36", "Accept-Charset": "ISO-8859-1,utf-8;q=0.7,*;q=0.7", "Accept": "text/html,application/xhtml+xml,application/xml;q=0.9,*/*;q=0.8", "Accept-Encoding": "gzip, deflate", "Accept-Language": "en-us,en;q=0.5"}}, {"format_id": "136", "url": "https://r3---sn-ipoxu-u2x6.googlevideo.com/videoplayback?expire=1610392508&ei=XE_8X8OoMoqdqQG30YLADQ&ip=220.129.26.102&id=o-AFiEZBuHI2cB9Lkm11J3lcJ6E5R6Awz-zKjjMT9aH9D9&itag=136&aitags=133%2C134%2C135%2C136%2C137%2C160%2C242%2C243%2C244%2C247%2C248%2C278&source=youtube&requiressl=yes&mh=Fa&mm=31%2C29&mn=sn-ipoxu-u2x6%2Csn-un57en7e&ms=au%2Crdu&mv=m&mvi=3&pcm2cms=yes&pl=21&initcwndbps=1012500&vprv=1&mime=video%2Fmp4&ns=YBMuypzAm8bhRunhJ_wXOScF&gir=yes&clen=7521100&dur=241.074&lmt=1546241405457722&mt=1610370754&fvip=3&keepalive=yes&beids=9466585&c=WEB&txp=5535432&n=NpF8YaMzIt69tw&sparams=expire%2Cei%2Cip%2Cid%2Caitags%2Csource%2Crequiressl%2Cvprv%2Cmime%2Cns%2Cgir%2Cclen%2Cdur%2Clmt&sig=AOq0QJ8wRAIgfm28EaVV0abU3mjWUiNB6swhzDuH1ykixbKZ-NE4ewQCID9_rSmJXuTme5sZgKn7guSBwKx_9eUInOGRuTSClEBw&lsparams=mh%2Cmm%2Cmn%2Cms%2Cmv%2Cmvi%2Cpcm2cms%2Cpl%2Cinitcwndbps&lsig=AG3C_xAwRgIhAOdr6INd7aw8_N-YX-Ef8gsAqLlGaCHH8ggP0UmfKLefAiEAhmWBC2_Pzfkmck-Yn4OWTaBqdEY3jr-BHZaoCpTuI5s%3D&ratebypass=yes", "player_url": null, "ext": "mp4", "height": 720, "format_note": "720p", "vcodec": "avc1.4d401f", "asr": null, "filesize": 7521100, "fps": 24, "tbr": 390.221, "width": 1280, "acodec": "none", "downloader_options": {"http_chunk_size": 10485760}, "format": "136 - 1280x720 (720p)", "protocol": "https", "http_headers": {"User-Agent": "Mozilla/5.0 (Windows NT 10.0; Win64; x64) AppleWebKit/537.36 (KHTML, like Gecko) Chrome/73.0.3683.38 Safari/537.36", "Accept-Charset": "ISO-8859-1,utf-8;q=0.7,*;q=0.7", "Accept": "text/html,application/xhtml+xml,application/xml;q=0.9,*/*;q=0.8", "Accept-Encoding": "gzip, deflate", "Accept-Language": "en-us,en;q=0.5"}}, {"format_id": "247", "url": "https://r3---sn-ipoxu-u2x6.googlevideo.com/videoplayback?expire=1610392508&ei=XE_8X8OoMoqdqQG30YLADQ&ip=220.129.26.102&id=o-AFiEZBuHI2cB9Lkm11J3lcJ6E5R6Awz-zKjjMT9aH9D9&itag=247&aitags=133%2C134%2C135%2C136%2C137%2C160%2C242%2C243%2C244%2C247%2C248%2C278&source=youtube&requiressl=yes&mh=Fa&mm=31%2C29&mn=sn-ipoxu-u2x6%2Csn-un57en7e&ms=au%2Crdu&mv=m&mvi=3&pcm2cms=yes&pl=21&initcwndbps=1012500&vprv=1&mime=video%2Fwebm&ns=YBMuypzAm8bhRunhJ_wXOScF&gir=yes&clen=9107923&dur=241.073&lmt=1546241731043458&mt=1610370754&fvip=3&keepalive=yes&beids=9466585&c=WEB&txp=5535432&n=NpF8YaMzIt69tw&sparams=expire%2Cei%2Cip%2Cid%2Caitags%2Csource%2Crequiressl%2Cvprv%2Cmime%2Cns%2Cgir%2Cclen%2Cdur%2Clmt&sig=AOq0QJ8wRAIgecKgTtJ32BOBikjycNXcMcyetxntXNnRzLhrD__0usYCIBVHf9z9oG6nxxwqxjys5M_KbhvqNnLpGxeESfiYbdxr&lsparams=mh%2Cmm%2Cmn%2Cms%2Cmv%2Cmvi%2Cpcm2cms%2Cpl%2Cinitcwndbps&lsig=AG3C_xAwRgIhAOdr6INd7aw8_N-YX-Ef8gsAqLlGaCHH8ggP0UmfKLefAiEAhmWBC2_Pzfkmck-Yn4OWTaBqdEY3jr-BHZaoCpTuI5s%3D&ratebypass=yes", "player_url": null, "ext": "webm", "height": 720, "format_note": "720p", "vcodec": "vp9", "asr": null, "filesize": 9107923, "fps": 24, "tbr": 447.004, "width": 1280, "acodec": "none", "downloader_options": {"http_chunk_size": 10485760}, "format": "247 - 1280x720 (720p)", "protocol": "https", "http_headers": {"User-Agent": "Mozilla/5.0 (Windows NT 10.0; Win64; x64) AppleWebKit/537.36 (KHTML, like Gecko) Chrome/73.0.3683.38 Safari/537.36", "Accept-Charset": "ISO-8859-1,utf-8;q=0.7,*;q=0.7", "Accept": "text/html,application/xhtml+xml,application/xml;q=0.9,*/*;q=0.8", "Accept-Encoding": "gzip, deflate", "Accept-Language": "en-us,en;q=0.5"}}, {"format_id": "137", "url": "https://r3---sn-ipoxu-u2x6.googlevideo.com/videoplayback?expire=1610392508&ei=XE_8X8OoMoqdqQG30YLADQ&ip=220.129.26.102&id=o-AFiEZBuHI2cB9Lkm11J3lcJ6E5R6Awz-zKjjMT9aH9D9&itag=137&aitags=133%2C134%2C135%2C136%2C137%2C160%2C242%2C243%2C244%2C247%2C248%2C278&source=youtube&requiressl=yes&mh=Fa&mm=31%2C29&mn=sn-ipoxu-u2x6%2Csn-un57en7e&ms=au%2Crdu&mv=m&mvi=3&pcm2cms=yes&pl=21&initcwndbps=1012500&vprv=1&mime=video%2Fmp4&ns=YBMuypzAm8bhRunhJ_wXOScF&gir=yes&clen=24086004&dur=241.074&lmt=1546241488967857&mt=1610370754&fvip=3&keepalive=yes&beids=9466585&c=WEB&txp=5535432&n=NpF8YaMzIt69tw&sparams=expire%2Cei%2Cip%2Cid%2Caitags%2Csource%2Crequiressl%2Cvprv%2Cmime%2Cns%2Cgir%2Cclen%2Cdur%2Clmt&sig=AOq0QJ8wRQIgFjFBSjuF-qiuHMj4bzF6Ccx7eSOjUKc2NqwitYS9qJkCIQCtscjqwMikWTF1GO-cH1vc4IBRxePyj_Sq7Z_gj14QpA%3D%3D&lsparams=mh%2Cmm%2Cmn%2Cms%2Cmv%2Cmvi%2Cpcm2cms%2Cpl%2Cinitcwndbps&lsig=AG3C_xAwRgIhAOdr6INd7aw8_N-YX-Ef8gsAqLlGaCHH8ggP0UmfKLefAiEAhmWBC2_Pzfkmck-Yn4OWTaBqdEY3jr-BHZaoCpTuI5s%3D&ratebypass=yes", "player_url": null, "ext": "mp4", "height": 1080, "format_note": "1080p", "vcodec": "avc1.640028", "asr": null, "filesize": 24086004, "fps": 24, "tbr": 1175.346, "width": 1920, "acodec": "none", "downloader_options": {"http_chunk_size": 10485760}, "format": "137 - 1920x1080 (1080p)", "protocol": "https", "http_headers": {"User-Agent": "Mozilla/5.0 (Windows NT 10.0; Win64; x64) AppleWebKit/537.36 (KHTML, like Gecko) Chrome/73.0.3683.38 Safari/537.36", "Accept-Charset": "ISO-8859-1,utf-8;q=0.7,*;q=0.7", "Accept": "text/html,application/xhtml+xml,application/xml;q=0.9,*/*;q=0.8", "Accept-Encoding": "gzip, deflate", "Accept-Language": "en-us,en;q=0.5"}}, {"format_id": "248", "url": "https://r3---sn-ipoxu-u2x6.googlevideo.com/videoplayback?expire=1610392508&ei=XE_8X8OoMoqdqQG30YLADQ&ip=220.129.26.102&id=o-AFiEZBuHI2cB9Lkm11J3lcJ6E5R6Awz-zKjjMT9aH9D9&itag=248&aitags=133%2C134%2C135%2C136%2C137%2C160%2C242%2C243%2C244%2C247%2C248%2C278&source=youtube&requiressl=yes&mh=Fa&mm=31%2C29&mn=sn-ipoxu-u2x6%2Csn-un57en7e&ms=au%2Crdu&mv=m&mvi=3&pcm2cms=yes&pl=21&initcwndbps=1012500&vprv=1&mime=video%2Fwebm&ns=YBMuypzAm8bhRunhJ_wXOScF&gir=yes&clen=25470053&dur=241.073&lmt=1546241726186827&mt=1610370754&fvip=3&keepalive=yes&beids=9466585&c=WEB&txp=5535432&n=NpF8YaMzIt69tw&sparams=expire%2Cei%2Cip%2Cid%2Caitags%2Csource%2Crequiressl%2Cvprv%2Cmime%2Cns%2Cgir%2Cclen%2Cdur%2Clmt&sig=AOq0QJ8wRQIgYA7NItagMFrWJRjPs_tVcKEa_FYK1Yj3FDNWifojRqoCIQDnSeAOMJW7kf4czO_Msl6WHVioqMmvhGS2wGd7RIU7Tg%3D%3D&lsparams=mh%2Cmm%2Cmn%2Cms%2Cmv%2Cmvi%2Cpcm2cms%2Cpl%2Cinitcwndbps&lsig=AG3C_xAwRgIhAOdr6INd7aw8_N-YX-Ef8gsAqLlGaCHH8ggP0UmfKLefAiEAhmWBC2_Pzfkmck-Yn4OWTaBqdEY3jr-BHZaoCpTuI5s%3D&ratebypass=yes", "player_url": null, "ext": "webm", "height": 1080, "format_note": "1080p", "vcodec": "vp9", "asr": null, "filesize": 25470053, "fps": 24, "tbr": 1252.901, "width": 1920, "acodec": "none", "downloader_options": {"http_chunk_size": 10485760}, "format": "248 - 1920x1080 (1080p)", "protocol": "https", "http_headers": {"User-Agent": "Mozilla/5.0 (Windows NT 10.0; Win64; x64) AppleWebKit/537.36 (KHTML, like Gecko) Chrome/73.0.3683.38 Safari/537.36", "Accept-Charset": "ISO-8859-1,utf-8;q=0.7,*;q=0.7", "Accept": "text/html,application/xhtml+xml,application/xml;q=0.9,*/*;q=0.8", "Accept-Encoding": "gzip, deflate", "Accept-Language": "en-us,en;q=0.5"}}, {"format_id": "18", "url": "https://r3---sn-ipoxu-u2x6.googlevideo.com/videoplayback?expire=1610392508&ei=XE_8X8OoMoqdqQG30YLADQ&ip=220.129.26.102&id=o-AFiEZBuHI2cB9Lkm11J3lcJ6E5R6Awz-zKjjMT9aH9D9&itag=18&source=youtube&requiressl=yes&mh=Fa&mm=31%2C29&mn=sn-ipoxu-u2x6%2Csn-un57en7e&ms=au%2Crdu&mv=m&mvi=3&pcm2cms=yes&pl=21&initcwndbps=1012500&vprv=1&mime=video%2Fmp4&ns=2Dc7Jrj8fhjdXZaD9YR9NWAF&gir=yes&clen=11001722&ratebypass=yes&dur=241.139&lmt=1546240179168999&mt=1610370754&fvip=3&beids=9466585&c=WEB&txp=5531432&n=joPD845teWsOme&sparams=expire%2Cei%2Cip%2Cid%2Citag%2Csource%2Crequiressl%2Cvprv%2Cmime%2Cns%2Cgir%2Cclen%2Cratebypass%2Cdur%2Clmt&sig=AOq0QJ8wRQIgW8wb0PXEf1jvJzEfvXgvqJU3uh7mNda5fithr9mx6X0CIQCd84h1a1KcB949gU_rk_l4sVvb7mJGoX2MYuxh_qm4nw%3D%3D&lsparams=mh%2Cmm%2Cmn%2Cms%2Cmv%2Cmvi%2Cpcm2cms%2Cpl%2Cinitcwndbps&lsig=AG3C_xAwRgIhAOdr6INd7aw8_N-YX-Ef8gsAqLlGaCHH8ggP0UmfKLefAiEAhmWBC2_Pzfkmck-Yn4OWTaBqdEY3jr-BHZaoCpTuI5s%3D", "player_url": null, "ext": "mp4", "width": 640, "height": 360, "acodec": "mp4a.40.2", "abr": 96, "vcodec": "avc1.42001E", "asr": 44100, "filesize": 11001722, "format_note": "360p", "fps": 24, "tbr": 365.091, "format": "18 - 640x360 (360p)", "protocol": "https", "http_headers": {"User-Agent": "Mozilla/5.0 (Windows NT 10.0; Win64; x64) AppleWebKit/537.36 (KHTML, like Gecko) Chrome/73.0.3683.38 Safari/537.36", "Accept-Charset": "ISO-8859-1,utf-8;q=0.7,*;q=0.7", "Accept": "text/html,application/xhtml+xml,application/xml;q=0.9,*/*;q=0.8", "Accept-Encoding": "gzip, deflate", "Accept-Language": "en-us,en;q=0.5"}}], "is_live": null, "start_time": null, "end_time": null, "series": null, "season_number": null, "episode_number": null, "track": null, "artist": null, "album": null, "release_date": null, "release_year": null, "extractor": "youtube", "webpage_url_basename": "watch", "extractor_key": "Youtube", "playlist": null, "playlist_index": null, "thumbnail": "https://i.ytimg.com/vi_webp/f0NbGeyJYms/maxresdefault.webp", "display_id": "f0NbGeyJYms", "requested_subtitles": null, "format_id": "251", "url": "https://r3---sn-ipoxu-u2x6.googlevideo.com/videoplayback?expire=1610392508&ei=XE_8X8OoMoqdqQG30YLADQ&ip=220.129.26.102&id=o-AFiEZBuHI2cB9Lkm11J3lcJ6E5R6Awz-zKjjMT9aH9D9&itag=251&source=youtube&requiressl=yes&mh=Fa&mm=31%2C29&mn=sn-ipoxu-u2x6%2Csn-un57en7e&ms=au%2Crdu&mv=m&mvi=3&pcm2cms=yes&pl=21&initcwndbps=1012500&vprv=1&mime=audio%2Fwebm&ns=YBMuypzAm8bhRunhJ_wXOScF&gir=yes&clen=4510320&dur=241.101&lmt=1546242387054972&mt=1610370754&fvip=3&keepalive=yes&beids=9466585&c=WEB&txp=5511222&n=NpF8YaMzIt69tw&sparams=expire%2Cei%2Cip%2Cid%2Citag%2Csource%2Crequiressl%2Cvprv%2Cmime%2Cns%2Cgir%2Cclen%2Cdur%2Clmt&sig=AOq0QJ8wRQIhALJ5-xc32dIsYW1UW-ipW0oITQ_XJ5qH4pOriX-6t1rLAiB3Y0G283jWv0OlWbKIFyqRlGmmQwLUi6O-XhCYhlh4rg%3D%3D&lsparams=mh%2Cmm%2Cmn%2Cms%2Cmv%2Cmvi%2Cpcm2cms%2Cpl%2Cinitcwndbps&lsig=AG3C_xAwRgIhAOdr6INd7aw8_N-YX-Ef8gsAqLlGaCHH8ggP0UmfKLefAiEAhmWBC2_Pzfkmck-Yn4OWTaBqdEY3jr-BHZaoCpTuI5s%3D&ratebypass=yes", "player_url": null, "ext": "webm", "format_note": "tiny", "acodec": "opus", "abr": 160, "asr": 48000, "filesize": 4510320, "fps": null, "height": null, "tbr": 160.549, "width": null, "vcodec": "none", "downloader_options": {"http_chunk_size": 10485760}, "format": "251 - audio only (tiny)", "protocol": "https", "http_headers": {"User-Agent": "Mozilla/5.0 (Windows NT 10.0; Win64; x64) AppleWebKit/537.36 (KHTML, like Gecko) Chrome/73.0.3683.38 Safari/537.36", "Accept-Charset": "ISO-8859-1,utf-8;q=0.7,*;q=0.7", "Accept": "text/html,application/xhtml+xml,application/xml;q=0.9,*/*;q=0.8", "Accept-Encoding": "gzip, deflate", "Accept-Language": "en-us,en;q=0.5"}}