{"id": "gvWDOIiocuE", "uploader": "Lucas King", "uploader_id": "LucasKingPiano", "uploader_url": "http://www.youtube.com/user/LucasKingPiano", "channel_id": "UCq52MbjRULLbjRPvxM7FwZg", "channel_url": "http://www.youtube.com/channel/UCq52MbjRULLbjRPvxM7FwZg", "upload_date": "20190114", "license": null, "creator": null, "title": "Sad Piano - End", "alt_title": null, "thumbnails": [{"url": "https://i.ytimg.com/vi/gvWDOIiocuE/hqdefault.jpg?sqp=-oaymwEYCKgBEF5IVfKriqkDCwgBFQAAiEIYAXAB&rs=AOn4CLAado_xsNnMMK_LYUvJn_8ZPzDeZg", "width": 168, "height": 94, "resolution": "168x94", "id": "0"}, {"url": "https://i.ytimg.com/vi/gvWDOIiocuE/hqdefault.jpg?sqp=-oaymwEYCMQBEG5IVfKriqkDCwgBFQAAiEIYAXAB&rs=AOn4CLD0UO3zUz7nm8Zcj5dStzGv76G5xw", "width": 196, "height": 110, "resolution": "196x110", "id": "1"}, {"url": "https://i.ytimg.com/vi/gvWDOIiocuE/hqdefault.jpg?sqp=-oaymwEZCPYBEIoBSFXyq4qpAwsIARUAAIhCGAFwAQ==&rs=AOn4CLCYhgVI4gLpr209gxBUPRu-KauA0A", "width": 246, "height": 138, "resolution": "246x138", "id": "2"}, {"url": "https://i.ytimg.com/vi/gvWDOIiocuE/hqdefault.jpg?sqp=-oaymwEZCNACELwBSFXyq4qpAwsIARUAAIhCGAFwAQ==&rs=AOn4CLAoqCUYDjCXBF1Jk1TCiTlDh8Dhdg", "width": 336, "height": 188, "resolution": "336x188", "id": "3"}, {"url": "https://i.ytimg.com/vi_webp/gvWDOIiocuE/maxresdefault.webp", "width": 1920, "height": 1080, "resolution": "1920x1080", "id": "4"}], "description": "art by RHADS https://www.deviantart.com/rhads\n_\n\nPatreon https://www.patreon.com/LucasKingPiano\nFiverr https://www.fiverr.com/lucaskingpiano\nBandcamp https://lucaskingpiano.bandcamp.com/releases\nYouNow https://www.younow.com/LucasKingPiano/channel\nInstagram  http://bit.ly/1VlAYcP\nTwitter http://bit.ly/1bxbJj3\nFacebook http://bit.ly/1X486n7\nWattpad http://w.tt/1VgR06v4757\nSoundCloud http://bit.ly/1QkWkSL", "categories": ["Music"], "tags": ["Sad", "piano", "emotional", "relaxing", "beautiful", "sadness", "saddest", "break", "up", "music"], "subtitles": {}, "automatic_captions": {}, "duration": 169, "age_limit": 0, "annotations": null, "chapters": null, "webpage_url": "https://www.youtube.com/watch?v=gvWDOIiocuE", "view_count": 47383, "like_count": 2557, "dislike_count": 8, "average_rating": 4.9875245, "formats": [{"format_id": "249", "url": "https://r2---sn-ipoxu-u2xd.googlevideo.com/videoplayback?expire=1610392101&ei=xU38X4S1E4ebgAOCqr2YDQ&ip=220.129.26.102&id=o-AF9uwVz2XnjYEP6rWuTV0BuCRQ6RumIYZeeunEsMmA0S&itag=249&source=youtube&requiressl=yes&mh=Kx&mm=31%2C29&mn=sn-ipoxu-u2xd%2Csn-un57en7e&ms=au%2Crdu&mv=m&mvi=2&pl=21&initcwndbps=1033750&vprv=1&mime=audio%2Fwebm&ns=dc24q4BueywJdKuiIeptWP0F&gir=yes&clen=1318138&dur=168.881&lmt=1547503376429195&mt=1610370031&fvip=2&keepalive=yes&c=WEB&txp=5511222&n=PwMn_LU2KhC8QD&sparams=expire%2Cei%2Cip%2Cid%2Citag%2Csource%2Crequiressl%2Cvprv%2Cmime%2Cns%2Cgir%2Cclen%2Cdur%2Clmt&sig=AOq0QJ8wRgIhAP0d4f9QIPR4NFooJVjWxQyqwB3zhj32_hqUeSdH78s1AiEArXQMnt4zExXeqv3blYSvi1Uuz6YqaddZr36JPc8OkpE%3D&lsparams=mh%2Cmm%2Cmn%2Cms%2Cmv%2Cmvi%2Cpl%2Cinitcwndbps&lsig=AG3C_xAwRQIhAITFFP0G0NN4flinRwZof1grKQGAncdjPvtIFNmOkbfYAiAyhlYYYhLxI4TVHsuldGfeUPns37IOJdqWPN2MRRMv9A%3D%3D&ratebypass=yes", "player_url": null, "ext": "webm", "format_note": "tiny", "acodec": "opus", "abr": 50, "asr": 48000, "filesize": 1318138, "fps": null, "height": null, "tbr": 70.695, "width": null, "vcodec": "none", "downloader_options": {"http_chunk_size": 10485760}, "format": "249 - audio only (tiny)", "protocol": "https", "http_headers": {"User-Agent": "Mozilla/5.0 (Windows NT 10.0; Win64; x64) AppleWebKit/537.36 (KHTML, like Gecko) Chrome/73.0.3683.38 Safari/537.36", "Accept-Charset": "ISO-8859-1,utf-8;q=0.7,*;q=0.7", "Accept": "text/html,application/xhtml+xml,application/xml;q=0.9,*/*;q=0.8", "Accept-Encoding": "gzip, deflate", "Accept-Language": "en-us,en;q=0.5"}}, {"format_id": "250", "url": "https://r2---sn-ipoxu-u2xd.googlevideo.com/videoplayback?expire=1610392101&ei=xU38X4S1E4ebgAOCqr2YDQ&ip=220.129.26.102&id=o-AF9uwVz2XnjYEP6rWuTV0BuCRQ6RumIYZeeunEsMmA0S&itag=250&source=youtube&requiressl=yes&mh=Kx&mm=31%2C29&mn=sn-ipoxu-u2xd%2Csn-un57en7e&ms=au%2Crdu&mv=m&mvi=2&pl=21&initcwndbps=1033750&vprv=1&mime=audio%2Fwebm&ns=dc24q4BueywJdKuiIeptWP0F&gir=yes&clen=1742471&dur=168.881&lmt=1547503376724220&mt=1610370031&fvip=2&keepalive=yes&c=WEB&txp=5511222&n=PwMn_LU2KhC8QD&sparams=expire%2Cei%2Cip%2Cid%2Citag%2Csource%2Crequiressl%2Cvprv%2Cmime%2Cns%2Cgir%2Cclen%2Cdur%2Clmt&sig=AOq0QJ8wRgIhAJctqPH_gheLhNjdeAgTWOrUOkEksXURyhweQwj42H4hAiEAgUFyfYVjmmheTuBynGzNV2fSTD4MoKln6HSvCl1kaUo%3D&lsparams=mh%2Cmm%2Cmn%2Cms%2Cmv%2Cmvi%2Cpl%2Cinitcwndbps&lsig=AG3C_xAwRQIhAITFFP0G0NN4flinRwZof1grKQGAncdjPvtIFNmOkbfYAiAyhlYYYhLxI4TVHsuldGfeUPns37IOJdqWPN2MRRMv9A%3D%3D&ratebypass=yes", "player_url": null, "ext": "webm", "format_note": "tiny", "acodec": "opus", "abr": 70, "asr": 48000, "filesize": 1742471, "fps": null, "height": null, "tbr": 92.819, "width": null, "vcodec": "none", "downloader_options": {"http_chunk_size": 10485760}, "format": "250 - audio only (tiny)", "protocol": "https", "http_headers": {"User-Agent": "Mozilla/5.0 (Windows NT 10.0; Win64; x64) AppleWebKit/537.36 (KHTML, like Gecko) Chrome/73.0.3683.38 Safari/537.36", "Accept-Charset": "ISO-8859-1,utf-8;q=0.7,*;q=0.7", "Accept": "text/html,application/xhtml+xml,application/xml;q=0.9,*/*;q=0.8", "Accept-Encoding": "gzip, deflate", "Accept-Language": "en-us,en;q=0.5"}}, {"format_id": "140", "url": "https://r2---sn-ipoxu-u2xd.googlevideo.com/videoplayback?expire=1610392101&ei=xU38X4S1E4ebgAOCqr2YDQ&ip=220.129.26.102&id=o-AF9uwVz2XnjYEP6rWuTV0BuCRQ6RumIYZeeunEsMmA0S&itag=140&source=youtube&requiressl=yes&mh=Kx&mm=31%2C29&mn=sn-ipoxu-u2xd%2Csn-un57en7e&ms=au%2Crdu&mv=m&mvi=2&pl=21&initcwndbps=1033750&vprv=1&mime=audio%2Fmp4&ns=dc24q4BueywJdKuiIeptWP0F&gir=yes&clen=2734187&dur=168.901&lmt=1550162661313075&mt=1610370031&fvip=2&keepalive=yes&c=WEB&txp=5532432&n=PwMn_LU2KhC8QD&sparams=expire%2Cei%2Cip%2Cid%2Citag%2Csource%2Crequiressl%2Cvprv%2Cmime%2Cns%2Cgir%2Cclen%2Cdur%2Clmt&sig=AOq0QJ8wRQIgbSgmCDCWQ9HZ4qYtJmPWtv4MxDcK-2H0xExYvlzYgdMCIQDqm3_OxebMd17CNnaMnO8LqyxGiSrRzlkJwgnoi_8NGQ%3D%3D&lsparams=mh%2Cmm%2Cmn%2Cms%2Cmv%2Cmvi%2Cpl%2Cinitcwndbps&lsig=AG3C_xAwRQIhAITFFP0G0NN4flinRwZof1grKQGAncdjPvtIFNmOkbfYAiAyhlYYYhLxI4TVHsuldGfeUPns37IOJdqWPN2MRRMv9A%3D%3D&ratebypass=yes", "player_url": null, "ext": "m4a", "format_note": "tiny", "acodec": "mp4a.40.2", "abr": 128, "container": "m4a_dash", "asr": 44100, "filesize": 2734187, "fps": null, "height": null, "tbr": 130.43, "width": null, "vcodec": "none", "downloader_options": {"http_chunk_size": 10485760}, "format": "140 - audio only (tiny)", "protocol": "https", "http_headers": {"User-Agent": "Mozilla/5.0 (Windows NT 10.0; Win64; x64) AppleWebKit/537.36 (KHTML, like Gecko) Chrome/73.0.3683.38 Safari/537.36", "Accept-Charset": "ISO-8859-1,utf-8;q=0.7,*;q=0.7", "Accept": "text/html,application/xhtml+xml,application/xml;q=0.9,*/*;q=0.8", "Accept-Encoding": "gzip, deflate", "Accept-Language": "en-us,en;q=0.5"}}, {"format_id": "251", "url": "https://r2---sn-ipoxu-u2xd.googlevideo.com/videoplayback?expire=1610392101&ei=xU38X4S1E4ebgAOCqr2YDQ&ip=220.129.26.102&id=o-AF9uwVz2XnjYEP6rWuTV0BuCRQ6RumIYZeeunEsMmA0S&itag=251&source=youtube&requiressl=yes&mh=Kx&mm=31%2C29&mn=sn-ipoxu-u2xd%2Csn-un57en7e&ms=au%2Crdu&mv=m&mvi=2&pl=21&initcwndbps=1033750&vprv=1&mime=audio%2Fwebm&ns=dc24q4BueywJdKuiIeptWP0F&gir=yes&clen=3235056&dur=168.881&lmt=1547503377920687&mt=1610370031&fvip=2&keepalive=yes&c=WEB&txp=5511222&n=PwMn_LU2KhC8QD&sparams=expire%2Cei%2Cip%2Cid%2Citag%2Csource%2Crequiressl%2Cvprv%2Cmime%2Cns%2Cgir%2Cclen%2Cdur%2Clmt&sig=AOq0QJ8wRAIgNpDrsmDCONDG2bC9DYeo678za6uwgxPVoowHOPAFBjgCIFsK-2cmlEf7RKMcHz2RkZomhv_85TkqSYJ7jp6nQ-TW&lsparams=mh%2Cmm%2Cmn%2Cms%2Cmv%2Cmvi%2Cpl%2Cinitcwndbps&lsig=AG3C_xAwRQIhAITFFP0G0NN4flinRwZof1grKQGAncdjPvtIFNmOkbfYAiAyhlYYYhLxI4TVHsuldGfeUPns37IOJdqWPN2MRRMv9A%3D%3D&ratebypass=yes", "player_url": null, "ext": "webm", "format_note": "tiny", "acodec": "opus", "abr": 160, "asr": 48000, "filesize": 3235056, "fps": null, "height": null, "tbr": 170.152, "width": null, "vcodec": "none", "downloader_options": {"http_chunk_size": 10485760}, "format": "251 - audio only (tiny)", "protocol": "https", "http_headers": {"User-Agent": "Mozilla/5.0 (Windows NT 10.0; Win64; x64) AppleWebKit/537.36 (KHTML, like Gecko) Chrome/73.0.3683.38 Safari/537.36", "Accept-Charset": "ISO-8859-1,utf-8;q=0.7,*;q=0.7", "Accept": "text/html,application/xhtml+xml,application/xml;q=0.9,*/*;q=0.8", "Accept-Encoding": "gzip, deflate", "Accept-Language": "en-us,en;q=0.5"}}, {"format_id": "160", "url": "https://r2---sn-ipoxu-u2xd.googlevideo.com/videoplayback?expire=1610392101&ei=xU38X4S1E4ebgAOCqr2YDQ&ip=220.129.26.102&id=o-AF9uwVz2XnjYEP6rWuTV0BuCRQ6RumIYZeeunEsMmA0S&itag=160&aitags=133%2C134%2C135%2C136%2C160%2C242%2C243%2C244%2C247%2C278%2C298%2C299%2C302%2C303&source=youtube&requiressl=yes&mh=Kx&mm=31%2C29&mn=sn-ipoxu-u2xd%2Csn-un57en7e&ms=au%2Crdu&mv=m&mvi=2&pl=21&initcwndbps=1033750&vprv=1&mime=video%2Fmp4&ns=dc24q4BueywJdKuiIeptWP0F&gir=yes&clen=373926&dur=168.833&lmt=1550163115272860&mt=1610370031&fvip=2&keepalive=yes&c=WEB&txp=5532432&n=PwMn_LU2KhC8QD&sparams=expire%2Cei%2Cip%2Cid%2Caitags%2Csource%2Crequiressl%2Cvprv%2Cmime%2Cns%2Cgir%2Cclen%2Cdur%2Clmt&sig=AOq0QJ8wRAIgd1czM8ZHDP1vOzRp0gw_iSWThWixknZMFTHc5RYMPPgCIGYsh84rfJYnQlo88yr2qUXWdyZSBHiFFoWwH5O1QOE_&lsparams=mh%2Cmm%2Cmn%2Cms%2Cmv%2Cmvi%2Cpl%2Cinitcwndbps&lsig=AG3C_xAwRQIhAITFFP0G0NN4flinRwZof1grKQGAncdjPvtIFNmOkbfYAiAyhlYYYhLxI4TVHsuldGfeUPns37IOJdqWPN2MRRMv9A%3D%3D&ratebypass=yes", "player_url": null, "ext": "mp4", "height": 144, "format_note": "144p", "vcodec": "avc1.4d400c", "asr": null, "filesize": 373926, "fps": 30, "tbr": 68.856, "width": 256, "acodec": "none", "downloader_options": {"http_chunk_size": 10485760}, "format": "160 - 256x144 (144p)", "protocol": "https", "http_headers": {"User-Agent": "Mozilla/5.0 (Windows NT 10.0; Win64; x64) AppleWebKit/537.36 (KHTML, like Gecko) Chrome/73.0.3683.38 Safari/537.36", "Accept-Charset": "ISO-8859-1,utf-8;q=0.7,*;q=0.7", "Accept": "text/html,application/xhtml+xml,application/xml;q=0.9,*/*;q=0.8", "Accept-Encoding": "gzip, deflate", "Accept-Language": "en-us,en;q=0.5"}}, {"format_id": "278", "url": "https://r2---sn-ipoxu-u2xd.googlevideo.com/videoplayback?expire=1610392101&ei=xU38X4S1E4ebgAOCqr2YDQ&ip=220.129.26.102&id=o-AF9uwVz2XnjYEP6rWuTV0BuCRQ6RumIYZeeunEsMmA0S&itag=278&aitags=133%2C134%2C135%2C136%2C160%2C242%2C243%2C244%2C247%2C278%2C298%2C299%2C302%2C303&source=youtube&requiressl=yes&mh=Kx&mm=31%2C29&mn=sn-ipoxu-u2xd%2Csn-un57en7e&ms=au%2Crdu&mv=m&mvi=2&pl=21&initcwndbps=1033750&vprv=1&mime=video%2Fwebm&ns=dc24q4BueywJdKuiIeptWP0F&gir=yes&clen=815417&dur=168.833&lmt=1547503062777246&mt=1610370031&fvip=2&keepalive=yes&c=WEB&txp=5532432&n=PwMn_LU2KhC8QD&sparams=expire%2Cei%2Cip%2Cid%2Caitags%2Csource%2Crequiressl%2Cvprv%2Cmime%2Cns%2Cgir%2Cclen%2Cdur%2Clmt&sig=AOq0QJ8wRAIgT8TkmzpcOpxMt7TdLdG2YBRkgV4BBQ1ATlPe64omoPsCIBe_SI8rTu84FXWUMQ9Bcw0Ts6azGHYN3v9nIfIq4Pyv&lsparams=mh%2Cmm%2Cmn%2Cms%2Cmv%2Cmvi%2Cpl%2Cinitcwndbps&lsig=AG3C_xAwRQIhAITFFP0G0NN4flinRwZof1grKQGAncdjPvtIFNmOkbfYAiAyhlYYYhLxI4TVHsuldGfeUPns37IOJdqWPN2MRRMv9A%3D%3D&ratebypass=yes", "player_url": null, "ext": "webm", "height": 144, "format_note": "144p", "container": "webm", "vcodec": "vp9", "asr": null, "filesize": 815417, "fps": 30, "tbr": 96.105, "width": 256, "acodec": "none", "downloader_options": {"http_chunk_size": 10485760}, "format": "278 - 256x144 (144p)", "protocol": "https", "http_headers": {"User-Agent": "Mozilla/5.0 (Windows NT 10.0; Win64; x64) AppleWebKit/537.36 (KHTML, like Gecko) Chrome/73.0.3683.38 Safari/537.36", "Accept-Charset": "ISO-8859-1,utf-8;q=0.7,*;q=0.7", "Accept": "text/html,application/xhtml+xml,application/xml;q=0.9,*/*;q=0.8", "Accept-Encoding": "gzip, deflate", "Accept-Language": "en-us,en;q=0.5"}}, {"format_id": "133", "url": "https://r2---sn-ipoxu-u2xd.googlevideo.com/videoplayback?expire=1610392101&ei=xU38X4S1E4ebgAOCqr2YDQ&ip=220.129.26.102&id=o-AF9uwVz2XnjYEP6rWuTV0BuCRQ6RumIYZeeunEsMmA0S&itag=133&aitags=133%2C134%2C135%2C136%2C160%2C242%2C243%2C244%2C247%2C278%2C298%2C299%2C302%2C303&source=youtube&requiressl=yes&mh=Kx&mm=31%2C29&mn=sn-ipoxu-u2xd%2Csn-un57en7e&ms=au%2Crdu&mv=m&mvi=2&pl=21&initcwndbps=1033750&vprv=1&mime=video%2Fmp4&ns=dc24q4BueywJdKuiIeptWP0F&gir=yes&clen=659741&dur=168.833&lmt=1550163115281642&mt=1610370031&fvip=2&keepalive=yes&c=WEB&txp=5532432&n=PwMn_LU2KhC8QD&sparams=expire%2Cei%2Cip%2Cid%2Caitags%2Csource%2Crequiressl%2Cvprv%2Cmime%2Cns%2Cgir%2Cclen%2Cdur%2Clmt&sig=AOq0QJ8wRQIhANUncAp74jUj04KCRmczXsSYn28sb-qUiCF-6bpCmpTUAiAJdFcFk3T8ZWoGGA7AH465yINCRNuLhffc912KmP3rlQ%3D%3D&lsparams=mh%2Cmm%2Cmn%2Cms%2Cmv%2Cmvi%2Cpl%2Cinitcwndbps&lsig=AG3C_xAwRQIhAITFFP0G0NN4flinRwZof1grKQGAncdjPvtIFNmOkbfYAiAyhlYYYhLxI4TVHsuldGfeUPns37IOJdqWPN2MRRMv9A%3D%3D&ratebypass=yes", "player_url": null, "ext": "mp4", "height": 240, "format_note": "240p", "vcodec": "avc1.4d4015", "asr": null, "filesize": 659741, "fps": 30, "tbr": 130.78, "width": 426, "acodec": "none", "downloader_options": {"http_chunk_size": 10485760}, "format": "133 - 426x240 (240p)", "protocol": "https", "http_headers": {"User-Agent": "Mozilla/5.0 (Windows NT 10.0; Win64; x64) AppleWebKit/537.36 (KHTML, like Gecko) Chrome/73.0.3683.38 Safari/537.36", "Accept-Charset": "ISO-8859-1,utf-8;q=0.7,*;q=0.7", "Accept": "text/html,application/xhtml+xml,application/xml;q=0.9,*/*;q=0.8", "Accept-Encoding": "gzip, deflate", "Accept-Language": "en-us,en;q=0.5"}}, {"format_id": "242", "url": "https://r2---sn-ipoxu-u2xd.googlevideo.com/videoplayback?expire=1610392101&ei=xU38X4S1E4ebgAOCqr2YDQ&ip=220.129.26.102&id=o-AF9uwVz2XnjYEP6rWuTV0BuCRQ6RumIYZeeunEsMmA0S&itag=242&aitags=133%2C134%2C135%2C136%2C160%2C242%2C243%2C244%2C247%2C278%2C298%2C299%2C302%2C303&source=youtube&requiressl=yes&mh=Kx&mm=31%2C29&mn=sn-ipoxu-u2xd%2Csn-un57en7e&ms=au%2Crdu&mv=m&mvi=2&pl=21&initcwndbps=1033750&vprv=1&mime=video%2Fwebm&ns=dc24q4BueywJdKuiIeptWP0F&gir=yes&clen=1602733&dur=168.833&lmt=1547503062770816&mt=1610370031&fvip=2&keepalive=yes&c=WEB&txp=5532432&n=PwMn_LU2KhC8QD&sparams=expire%2Cei%2Cip%2Cid%2Caitags%2Csource%2Crequiressl%2Cvprv%2Cmime%2Cns%2Cgir%2Cclen%2Cdur%2Clmt&sig=AOq0QJ8wRAIgApJpA93clK9IKX4isB5jA_sEL12NwXS0nk_4F1nyklwCIBm202Kws45hgEKlkFbcv1Es1W6a8FoczaNgCNxb3vRA&lsparams=mh%2Cmm%2Cmn%2Cms%2Cmv%2Cmvi%2Cpl%2Cinitcwndbps&lsig=AG3C_xAwRQIhAITFFP0G0NN4flinRwZof1grKQGAncdjPvtIFNmOkbfYAiAyhlYYYhLxI4TVHsuldGfeUPns37IOJdqWPN2MRRMv9A%3D%3D&ratebypass=yes", "player_url": null, "ext": "webm", "height": 240, "format_note": "240p", "vcodec": "vp9", "asr": null, "filesize": 1602733, "fps": 30, "tbr": 208.971, "width": 426, "acodec": "none", "downloader_options": {"http_chunk_size": 10485760}, "format": "242 - 426x240 (240p)", "protocol": "https", "http_headers": {"User-Agent": "Mozilla/5.0 (Windows NT 10.0; Win64; x64) AppleWebKit/537.36 (KHTML, like Gecko) Chrome/73.0.3683.38 Safari/537.36", "Accept-Charset": "ISO-8859-1,utf-8;q=0.7,*;q=0.7", "Accept": "text/html,application/xhtml+xml,application/xml;q=0.9,*/*;q=0.8", "Accept-Encoding": "gzip, deflate", "Accept-Language": "en-us,en;q=0.5"}}, {"format_id": "134", "url": "https://r2---sn-ipoxu-u2xd.googlevideo.com/videoplayback?expire=1610392101&ei=xU38X4S1E4ebgAOCqr2YDQ&ip=220.129.26.102&id=o-AF9uwVz2XnjYEP6rWuTV0BuCRQ6RumIYZeeunEsMmA0S&itag=134&aitags=133%2C134%2C135%2C136%2C160%2C242%2C243%2C244%2C247%2C278%2C298%2C299%2C302%2C303&source=youtube&requiressl=yes&mh=Kx&mm=31%2C29&mn=sn-ipoxu-u2xd%2Csn-un57en7e&ms=au%2Crdu&mv=m&mvi=2&pl=21&initcwndbps=1033750&vprv=1&mime=video%2Fmp4&ns=dc24q4BueywJdKuiIeptWP0F&gir=yes&clen=1668291&dur=168.833&lmt=1550163115277865&mt=1610370031&fvip=2&keepalive=yes&c=WEB&txp=5532432&n=PwMn_LU2KhC8QD&sparams=expire%2Cei%2Cip%2Cid%2Caitags%2Csource%2Crequiressl%2Cvprv%2Cmime%2Cns%2Cgir%2Cclen%2Cdur%2Clmt&sig=AOq0QJ8wRQIgDzDIBEh_X4h-3A20EVShE7KiGpdqW7RxeKpkSt8lR9gCIQD01KU_KvKEPfzUfUC37w41p41Cq6aOkrwrSAeF3PPP0g%3D%3D&lsparams=mh%2Cmm%2Cmn%2Cms%2Cmv%2Cmvi%2Cpl%2Cinitcwndbps&lsig=AG3C_xAwRQIhAITFFP0G0NN4flinRwZof1grKQGAncdjPvtIFNmOkbfYAiAyhlYYYhLxI4TVHsuldGfeUPns37IOJdqWPN2MRRMv9A%3D%3D&ratebypass=yes", "player_url": null, "ext": "mp4", "height": 360, "format_note": "360p", "vcodec": "avc1.4d401e", "asr": null, "filesize": 1668291, "fps": 30, "tbr": 358.864, "width": 640, "acodec": "none", "downloader_options": {"http_chunk_size": 10485760}, "format": "134 - 640x360 (360p)", "protocol": "https", "http_headers": {"User-Agent": "Mozilla/5.0 (Windows NT 10.0; Win64; x64) AppleWebKit/537.36 (KHTML, like Gecko) Chrome/73.0.3683.38 Safari/537.36", "Accept-Charset": "ISO-8859-1,utf-8;q=0.7,*;q=0.7", "Accept": "text/html,application/xhtml+xml,application/xml;q=0.9,*/*;q=0.8", "Accept-Encoding": "gzip, deflate", "Accept-Language": "en-us,en;q=0.5"}}, {"format_id": "243", "url": "https://r2---sn-ipoxu-u2xd.googlevideo.com/videoplayback?expire=1610392101&ei=xU38X4S1E4ebgAOCqr2YDQ&ip=220.129.26.102&id=o-AF9uwVz2XnjYEP6rWuTV0BuCRQ6RumIYZeeunEsMmA0S&itag=243&aitags=133%2C134%2C135%2C136%2C160%2C242%2C243%2C244%2C247%2C278%2C298%2C299%2C302%2C303&source=youtube&requiressl=yes&mh=Kx&mm=31%2C29&mn=sn-ipoxu-u2xd%2Csn-un57en7e&ms=au%2Crdu&mv=m&mvi=2&pl=21&initcwndbps=1033750&vprv=1&mime=video%2Fwebm&ns=dc24q4BueywJdKuiIeptWP0F&gir=yes&clen=2792128&dur=168.833&lmt=1547503062775891&mt=1610370031&fvip=2&keepalive=yes&c=WEB&txp=5532432&n=PwMn_LU2KhC8QD&sparams=expire%2Cei%2Cip%2Cid%2Caitags%2Csource%2Crequiressl%2Cvprv%2Cmime%2Cns%2Cgir%2Cclen%2Cdur%2Clmt&sig=AOq0QJ8wRQIhAPbAZ5NAQAYQFFUZ8efNsCxo4fu8Y29kcE0gNACrUFafAiAS1PgcwrjE-G5HtXXtAuiLZCto89S09bzauu3S4bvaKQ%3D%3D&lsparams=mh%2Cmm%2Cmn%2Cms%2Cmv%2Cmvi%2Cpl%2Cinitcwndbps&lsig=AG3C_xAwRQIhAITFFP0G0NN4flinRwZof1grKQGAncdjPvtIFNmOkbfYAiAyhlYYYhLxI4TVHsuldGfeUPns37IOJdqWPN2MRRMv9A%3D%3D&ratebypass=yes", "player_url": null, "ext": "webm", "height": 360, "format_note": "360p", "vcodec": "vp9", "asr": null, "filesize": 2792128, "fps": 30, "tbr": 379.032, "width": 640, "acodec": "none", "downloader_options": {"http_chunk_size": 10485760}, "format": "243 - 640x360 (360p)", "protocol": "https", "http_headers": {"User-Agent": "Mozilla/5.0 (Windows NT 10.0; Win64; x64) AppleWebKit/537.36 (KHTML, like Gecko) Chrome/73.0.3683.38 Safari/537.36", "Accept-Charset": "ISO-8859-1,utf-8;q=0.7,*;q=0.7", "Accept": "text/html,application/xhtml+xml,application/xml;q=0.9,*/*;q=0.8", "Accept-Encoding": "gzip, deflate", "Accept-Language": "en-us,en;q=0.5"}}, {"format_id": "244", "url": "https://r2---sn-ipoxu-u2xd.googlevideo.com/videoplayback?expire=1610392101&ei=xU38X4S1E4ebgAOCqr2YDQ&ip=220.129.26.102&id=o-AF9uwVz2XnjYEP6rWuTV0BuCRQ6RumIYZeeunEsMmA0S&itag=244&aitags=133%2C134%2C135%2C136%2C160%2C242%2C243%2C244%2C247%2C278%2C298%2C299%2C302%2C303&source=youtube&requiressl=yes&mh=Kx&mm=31%2C29&mn=sn-ipoxu-u2xd%2Csn-un57en7e&ms=au%2Crdu&mv=m&mvi=2&pl=21&initcwndbps=1033750&vprv=1&mime=video%2Fwebm&ns=dc24q4BueywJdKuiIeptWP0F&gir=yes&clen=4381308&dur=168.833&lmt=1547503062776692&mt=1610370031&fvip=2&keepalive=yes&c=WEB&txp=5532432&n=PwMn_LU2KhC8QD&sparams=expire%2Cei%2Cip%2Cid%2Caitags%2Csource%2Crequiressl%2Cvprv%2Cmime%2Cns%2Cgir%2Cclen%2Cdur%2Clmt&sig=AOq0QJ8wRgIhAPqGvg3kgtZ_YybFxnBOim_0mc2NiCrAYTP0r7Af3ofGAiEA61Okka2syOZOiEVm_vz7H1vg1xdVrDaOutUK-9xLqo8%3D&lsparams=mh%2Cmm%2Cmn%2Cms%2Cmv%2Cmvi%2Cpl%2Cinitcwndbps&lsig=AG3C_xAwRQIhAITFFP0G0NN4flinRwZof1grKQGAncdjPvtIFNmOkbfYAiAyhlYYYhLxI4TVHsuldGfeUPns37IOJdqWPN2MRRMv9A%3D%3D&ratebypass=yes", "player_url": null, "ext": "webm", "height": 480, "format_note": "480p", "vcodec": "vp9", "asr": null, "filesize": 4381308, "fps": 30, "tbr": 623.011, "width": 854, "acodec": "none", "downloader_options": {"http_chunk_size": 10485760}, "format": "244 - 854x480 (480p)", "protocol": "https", "http_headers": {"User-Agent": "Mozilla/5.0 (Windows NT 10.0; Win64; x64) AppleWebKit/537.36 (KHTML, like Gecko) Chrome/73.0.3683.38 Safari/537.36", "Accept-Charset": "ISO-8859-1,utf-8;q=0.7,*;q=0.7", "Accept": "text/html,application/xhtml+xml,application/xml;q=0.9,*/*;q=0.8", "Accept-Encoding": "gzip, deflate", "Accept-Language": "en-us,en;q=0.5"}}, {"format_id": "135", "url": "https://r2---sn-ipoxu-u2xd.googlevideo.com/videoplayback?expire=1610392101&ei=xU38X4S1E4ebgAOCqr2YDQ&ip=220.129.26.102&id=o-AF9uwVz2XnjYEP6rWuTV0BuCRQ6RumIYZeeunEsMmA0S&itag=135&aitags=133%2C134%2C135%2C136%2C160%2C242%2C243%2C244%2C247%2C278%2C298%2C299%2C302%2C303&source=youtube&requiressl=yes&mh=Kx&mm=31%2C29&mn=sn-ipoxu-u2xd%2Csn-un57en7e&ms=au%2Crdu&mv=m&mvi=2&pl=21&initcwndbps=1033750&vprv=1&mime=video%2Fmp4&ns=dc24q4BueywJdKuiIeptWP0F&gir=yes&clen=3305487&dur=168.833&lmt=1550163115272156&mt=1610370031&fvip=2&keepalive=yes&c=WEB&txp=5532432&n=PwMn_LU2KhC8QD&sparams=expire%2Cei%2Cip%2Cid%2Caitags%2Csource%2Crequiressl%2Cvprv%2Cmime%2Cns%2Cgir%2Cclen%2Cdur%2Clmt&sig=AOq0QJ8wRQIhAKqtNwlVGpTDz3WsetuzAgrwPpGCffEAfSvn7oyloEJrAiAMclJnPGiY_1Zuf0ASH1xF7hnUwf7K9i_nU7bY2uJ_iQ%3D%3D&lsparams=mh%2Cmm%2Cmn%2Cms%2Cmv%2Cmvi%2Cpl%2Cinitcwndbps&lsig=AG3C_xAwRQIhAITFFP0G0NN4flinRwZof1grKQGAncdjPvtIFNmOkbfYAiAyhlYYYhLxI4TVHsuldGfeUPns37IOJdqWPN2MRRMv9A%3D%3D&ratebypass=yes", "player_url": null, "ext": "mp4", "height": 480, "format_note": "480p", "vcodec": "avc1.4d401f", "asr": null, "filesize": 3305487, "fps": 30, "tbr": 697.022, "width": 854, "acodec": "none", "downloader_options": {"http_chunk_size": 10485760}, "format": "135 - 854x480 (480p)", "protocol": "https", "http_headers": {"User-Agent": "Mozilla/5.0 (Windows NT 10.0; Win64; x64) AppleWebKit/537.36 (KHTML, like Gecko) Chrome/73.0.3683.38 Safari/537.36", "Accept-Charset": "ISO-8859-1,utf-8;q=0.7,*;q=0.7", "Accept": "text/html,application/xhtml+xml,application/xml;q=0.9,*/*;q=0.8", "Accept-Encoding": "gzip, deflate", "Accept-Language": "en-us,en;q=0.5"}}, {"format_id": "247", "url": "https://r2---sn-ipoxu-u2xd.googlevideo.com/videoplayback?expire=1610392101&ei=xU38X4S1E4ebgAOCqr2YDQ&ip=220.129.26.102&id=o-AF9uwVz2XnjYEP6rWuTV0BuCRQ6RumIYZeeunEsMmA0S&itag=247&aitags=133%2C134%2C135%2C136%2C160%2C242%2C243%2C244%2C247%2C278%2C298%2C299%2C302%2C303&source=youtube&requiressl=yes&mh=Kx&mm=31%2C29&mn=sn-ipoxu-u2xd%2Csn-un57en7e&ms=au%2Crdu&mv=m&mvi=2&pl=21&initcwndbps=1033750&vprv=1&mime=video%2Fwebm&ns=dc24q4BueywJdKuiIeptWP0F&gir=yes&clen=9047371&dur=168.833&lmt=1547503062766268&mt=1610370031&fvip=2&keepalive=yes&c=WEB&txp=5532432&n=PwMn_LU2KhC8QD&sparams=expire%2Cei%2Cip%2Cid%2Caitags%2Csource%2Crequiressl%2Cvprv%2Cmime%2Cns%2Cgir%2Cclen%2Cdur%2Clmt&sig=AOq0QJ8wRAIgIwVJ3RXfjeN0ldt0ox6LemayjC3GX48HC5g2PaJk2RkCIAdpRIcL8yA7lbqANUqcATSXyZfcTIIi1aM4G9VR9R1f&lsparams=mh%2Cmm%2Cmn%2Cms%2Cmv%2Cmvi%2Cpl%2Cinitcwndbps&lsig=AG3C_xAwRQIhAITFFP0G0NN4flinRwZof1grKQGAncdjPvtIFNmOkbfYAiAyhlYYYhLxI4TVHsuldGfeUPns37IOJdqWPN2MRRMv9A%3D%3D&ratebypass=yes", "player_url": null, "ext": "webm", "height": 720, "format_note": "720p", "vcodec": "vp9", "asr": null, "filesize": 9047371, "fps": 30, "tbr": 1182.652, "width": 1280, "acodec": "none", "downloader_options": {"http_chunk_size": 10485760}, "format": "247 - 1280x720 (720p)", "protocol": "https", "http_headers": {"User-Agent": "Mozilla/5.0 (Windows NT 10.0; Win64; x64) AppleWebKit/537.36 (KHTML, like Gecko) Chrome/73.0.3683.38 Safari/537.36", "Accept-Charset": "ISO-8859-1,utf-8;q=0.7,*;q=0.7", "Accept": "text/html,application/xhtml+xml,application/xml;q=0.9,*/*;q=0.8", "Accept-Encoding": "gzip, deflate", "Accept-Language": "en-us,en;q=0.5"}}, {"format_id": "136", "url": "https://r2---sn-ipoxu-u2xd.googlevideo.com/videoplayback?expire=1610392101&ei=xU38X4S1E4ebgAOCqr2YDQ&ip=220.129.26.102&id=o-AF9uwVz2XnjYEP6rWuTV0BuCRQ6RumIYZeeunEsMmA0S&itag=136&aitags=133%2C134%2C135%2C136%2C160%2C242%2C243%2C244%2C247%2C278%2C298%2C299%2C302%2C303&source=youtube&requiressl=yes&mh=Kx&mm=31%2C29&mn=sn-ipoxu-u2xd%2Csn-un57en7e&ms=au%2Crdu&mv=m&mvi=2&pl=21&initcwndbps=1033750&vprv=1&mime=video%2Fmp4&ns=dc24q4BueywJdKuiIeptWP0F&gir=yes&clen=5809898&dur=168.833&lmt=1550163115272509&mt=1610370031&fvip=2&keepalive=yes&c=WEB&txp=5532432&n=PwMn_LU2KhC8QD&sparams=expire%2Cei%2Cip%2Cid%2Caitags%2Csource%2Crequiressl%2Cvprv%2Cmime%2Cns%2Cgir%2Cclen%2Cdur%2Clmt&sig=AOq0QJ8wRQIhALesnDYPuwjptBLzEOCmwOcbaQmhMAGT-ckhu8cUkZ1-AiA1plnF9FfbCryUH1FECP0BtoICh-cXFGrcNu-CzF-uew%3D%3D&lsparams=mh%2Cmm%2Cmn%2Cms%2Cmv%2Cmvi%2Cpl%2Cinitcwndbps&lsig=AG3C_xAwRQIhAITFFP0G0NN4flinRwZof1grKQGAncdjPvtIFNmOkbfYAiAyhlYYYhLxI4TVHsuldGfeUPns37IOJdqWPN2MRRMv9A%3D%3D&ratebypass=yes", "player_url": null, "ext": "mp4", "height": 720, "format_note": "720p", "vcodec": "avc1.4d401f", "asr": null, "filesize": 5809898, "fps": 30, "tbr": 1253.497, "width": 1280, "acodec": "none", "downloader_options": {"http_chunk_size": 10485760}, "format": "136 - 1280x720 (720p)", "protocol": "https", "http_headers": {"User-Agent": "Mozilla/5.0 (Windows NT 10.0; Win64; x64) AppleWebKit/537.36 (KHTML, like Gecko) Chrome/73.0.3683.38 Safari/537.36", "Accept-Charset": "ISO-8859-1,utf-8;q=0.7,*;q=0.7", "Accept": "text/html,application/xhtml+xml,application/xml;q=0.9,*/*;q=0.8", "Accept-Encoding": "gzip, deflate", "Accept-Language": "en-us,en;q=0.5"}}, {"format_id": "302", "url": "https://r2---sn-ipoxu-u2xd.googlevideo.com/videoplayback?expire=1610392101&ei=xU38X4S1E4ebgAOCqr2YDQ&ip=220.129.26.102&id=o-AF9uwVz2XnjYEP6rWuTV0BuCRQ6RumIYZeeunEsMmA0S&itag=302&aitags=133%2C134%2C135%2C136%2C160%2C242%2C243%2C244%2C247%2C278%2C298%2C299%2C302%2C303&source=youtube&requiressl=yes&mh=Kx&mm=31%2C29&mn=sn-ipoxu-u2xd%2Csn-un57en7e&ms=au%2Crdu&mv=m&mvi=2&pl=21&initcwndbps=1033750&vprv=1&mime=video%2Fwebm&ns=dc24q4BueywJdKuiIeptWP0F&gir=yes&clen=10313336&dur=168.849&lmt=1547502589370835&mt=1610370031&fvip=2&keepalive=yes&c=WEB&txp=5532432&n=PwMn_LU2KhC8QD&sparams=expire%2Cei%2Cip%2Cid%2Caitags%2Csource%2Crequiressl%2Cvprv%2Cmime%2Cns%2Cgir%2Cclen%2Cdur%2Clmt&sig=AOq0QJ8wRAIgEyHp6KCiL3bhjmh9ocvo_gylfVB8bsQLyaudeokfDXoCIBQxlzWoPKS4olUeRCfO_0x_JJuvNG5Qm7sgnwTIsgJ2&lsparams=mh%2Cmm%2Cmn%2Cms%2Cmv%2Cmvi%2Cpl%2Cinitcwndbps&lsig=AG3C_xAwRQIhAITFFP0G0NN4flinRwZof1grKQGAncdjPvtIFNmOkbfYAiAyhlYYYhLxI4TVHsuldGfeUPns37IOJdqWPN2MRRMv9A%3D%3D&ratebypass=yes", "player_url": null, "ext": "webm", "height": 720, "format_note": "720p60", "vcodec": "vp9", "fps": 60, "asr": null, "filesize": 10313336, "tbr": 1590.964, "width": 1280, "acodec": "none", "downloader_options": {"http_chunk_size": 10485760}, "format": "302 - 1280x720 (720p60)", "protocol": "https", "http_headers": {"User-Agent": "Mozilla/5.0 (Windows NT 10.0; Win64; x64) AppleWebKit/537.36 (KHTML, like Gecko) Chrome/73.0.3683.38 Safari/537.36", "Accept-Charset": "ISO-8859-1,utf-8;q=0.7,*;q=0.7", "Accept": "text/html,application/xhtml+xml,application/xml;q=0.9,*/*;q=0.8", "Accept-Encoding": "gzip, deflate", "Accept-Language": "en-us,en;q=0.5"}}, {"format_id": "298", "url": "https://r2---sn-ipoxu-u2xd.googlevideo.com/videoplayback?expire=1610392101&ei=xU38X4S1E4ebgAOCqr2YDQ&ip=220.129.26.102&id=o-AF9uwVz2XnjYEP6rWuTV0BuCRQ6RumIYZeeunEsMmA0S&itag=298&aitags=133%2C134%2C135%2C136%2C160%2C242%2C243%2C244%2C247%2C278%2C298%2C299%2C302%2C303&source=youtube&requiressl=yes&mh=Kx&mm=31%2C29&mn=sn-ipoxu-u2xd%2Csn-un57en7e&ms=au%2Crdu&mv=m&mvi=2&pl=21&initcwndbps=1033750&vprv=1&mime=video%2Fmp4&ns=dc24q4BueywJdKuiIeptWP0F&gir=yes&clen=8480217&dur=168.849&lmt=1550162757431140&mt=1610370031&fvip=2&keepalive=yes&c=WEB&txp=5532432&n=PwMn_LU2KhC8QD&sparams=expire%2Cei%2Cip%2Cid%2Caitags%2Csource%2Crequiressl%2Cvprv%2Cmime%2Cns%2Cgir%2Cclen%2Cdur%2Clmt&sig=AOq0QJ8wRAIgJTeatmqZ5BGqv1KopUql_koanZGD_KgOhicBWxulmYoCIGN6Cui5C_DM3p4afbBmwJmZtIxyYCFkivC1gyoJgRhM&lsparams=mh%2Cmm%2Cmn%2Cms%2Cmv%2Cmvi%2Cpl%2Cinitcwndbps&lsig=AG3C_xAwRQIhAITFFP0G0NN4flinRwZof1grKQGAncdjPvtIFNmOkbfYAiAyhlYYYhLxI4TVHsuldGfeUPns37IOJdqWPN2MRRMv9A%3D%3D&ratebypass=yes", "player_url": null, "ext": "mp4", "height": 720, "format_note": "720p60", "vcodec": "avc1.4d4020", "fps": 60, "asr": null, "filesize": 8480217, "tbr": 2428.145, "width": 1280, "acodec": "none", "downloader_options": {"http_chunk_size": 10485760}, "format": "298 - 1280x720 (720p60)", "protocol": "https", "http_headers": {"User-Agent": "Mozilla/5.0 (Windows NT 10.0; Win64; x64) AppleWebKit/537.36 (KHTML, like Gecko) Chrome/73.0.3683.38 Safari/537.36", "Accept-Charset": "ISO-8859-1,utf-8;q=0.7,*;q=0.7", "Accept": "text/html,application/xhtml+xml,application/xml;q=0.9,*/*;q=0.8", "Accept-Encoding": "gzip, deflate", "Accept-Language": "en-us,en;q=0.5"}}, {"format_id": "303", "url": "https://r2---sn-ipoxu-u2xd.googlevideo.com/videoplayback?expire=1610392101&ei=xU38X4S1E4ebgAOCqr2YDQ&ip=220.129.26.102&id=o-AF9uwVz2XnjYEP6rWuTV0BuCRQ6RumIYZeeunEsMmA0S&itag=303&aitags=133%2C134%2C135%2C136%2C160%2C242%2C243%2C244%2C247%2C278%2C298%2C299%2C302%2C303&source=youtube&requiressl=yes&mh=Kx&mm=31%2C29&mn=sn-ipoxu-u2xd%2Csn-un57en7e&ms=au%2Crdu&mv=m&mvi=2&pl=21&initcwndbps=1033750&vprv=1&mime=video%2Fwebm&ns=dc24q4BueywJdKuiIeptWP0F&gir=yes&clen=20185006&dur=168.849&lmt=1547502757049467&mt=1610370031&fvip=2&keepalive=yes&c=WEB&txp=5532432&n=PwMn_LU2KhC8QD&sparams=expire%2Cei%2Cip%2Cid%2Caitags%2Csource%2Crequiressl%2Cvprv%2Cmime%2Cns%2Cgir%2Cclen%2Cdur%2Clmt&sig=AOq0QJ8wRAIgGbrEwXCK7EXCGNQylsjt9MPd_z7elJnT4R7HOOCtR4ECIBSzJkSy6TYMXGmuWHhGnZOTCYdLRnpNG09luHtFqVhG&lsparams=mh%2Cmm%2Cmn%2Cms%2Cmv%2Cmvi%2Cpl%2Cinitcwndbps&lsig=AG3C_xAwRQIhAITFFP0G0NN4flinRwZof1grKQGAncdjPvtIFNmOkbfYAiAyhlYYYhLxI4TVHsuldGfeUPns37IOJdqWPN2MRRMv9A%3D%3D&ratebypass=yes", "player_url": null, "ext": "webm", "height": 1080, "format_note": "1080p60", "vcodec": "vp9", "fps": 60, "asr": null, "filesize": 20185006, "tbr": 2685.892, "width": 1920, "acodec": "none", "downloader_options": {"http_chunk_size": 10485760}, "format": "303 - 1920x1080 (1080p60)", "protocol": "https", "http_headers": {"User-Agent": "Mozilla/5.0 (Windows NT 10.0; Win64; x64) AppleWebKit/537.36 (KHTML, like Gecko) Chrome/73.0.3683.38 Safari/537.36", "Accept-Charset": "ISO-8859-1,utf-8;q=0.7,*;q=0.7", "Accept": "text/html,application/xhtml+xml,application/xml;q=0.9,*/*;q=0.8", "Accept-Encoding": "gzip, deflate", "Accept-Language": "en-us,en;q=0.5"}}, {"format_id": "299", "url": "https://r2---sn-ipoxu-u2xd.googlevideo.com/videoplayback?expire=1610392101&ei=xU38X4S1E4ebgAOCqr2YDQ&ip=220.129.26.102&id=o-AF9uwVz2XnjYEP6rWuTV0BuCRQ6RumIYZeeunEsMmA0S&itag=299&aitags=133%2C134%2C135%2C136%2C160%2C242%2C243%2C244%2C247%2C278%2C298%2C299%2C302%2C303&source=youtube&requiressl=yes&mh=Kx&mm=31%2C29&mn=sn-ipoxu-u2xd%2Csn-un57en7e&ms=au%2Crdu&mv=m&mvi=2&pl=21&initcwndbps=1033750&vprv=1&mime=video%2Fmp4&ns=dc24q4BueywJdKuiIeptWP0F&gir=yes&clen=14479314&dur=168.849&lmt=1550162768564382&mt=1610370031&fvip=2&keepalive=yes&c=WEB&txp=5532432&n=PwMn_LU2KhC8QD&sparams=expire%2Cei%2Cip%2Cid%2Caitags%2Csource%2Crequiressl%2Cvprv%2Cmime%2Cns%2Cgir%2Cclen%2Cdur%2Clmt&sig=AOq0QJ8wRQIgIft-2dNO9yKxhUl3QoLAReu5chhPQGNccv57N3EVj2sCIQC5aNVWzOr2eTOBKcd-swrb4wZzVM-BA2OFhMrBhlZbgA%3D%3D&lsparams=mh%2Cmm%2Cmn%2Cms%2Cmv%2Cmvi%2Cpl%2Cinitcwndbps&lsig=AG3C_xAwRQIhAITFFP0G0NN4flinRwZof1grKQGAncdjPvtIFNmOkbfYAiAyhlYYYhLxI4TVHsuldGfeUPns37IOJdqWPN2MRRMv9A%3D%3D&ratebypass=yes", "player_url": null, "ext": "mp4", "height": 1080, "format_note": "1080p60", "vcodec": "avc1.64002a", "fps": 60, "asr": null, "filesize": 14479314, "tbr": 3648.13, "width": 1920, "acodec": "none", "downloader_options": {"http_chunk_size": 10485760}, "format": "299 - 1920x1080 (1080p60)", "protocol": "https", "http_headers": {"User-Agent": "Mozilla/5.0 (Windows NT 10.0; Win64; x64) AppleWebKit/537.36 (KHTML, like Gecko) Chrome/73.0.3683.38 Safari/537.36", "Accept-Charset": "ISO-8859-1,utf-8;q=0.7,*;q=0.7", "Accept": "text/html,application/xhtml+xml,application/xml;q=0.9,*/*;q=0.8", "Accept-Encoding": "gzip, deflate", "Accept-Language": "en-us,en;q=0.5"}}, {"format_id": "18", "url": "https://r2---sn-ipoxu-u2xd.googlevideo.com/videoplayback?expire=1610392101&ei=xU38X4S1E4ebgAOCqr2YDQ&ip=220.129.26.102&id=o-AF9uwVz2XnjYEP6rWuTV0BuCRQ6RumIYZeeunEsMmA0S&itag=18&source=youtube&requiressl=yes&mh=Kx&mm=31%2C29&mn=sn-ipoxu-u2xd%2Csn-un57en7e&ms=au%2Crdu&mv=m&mvi=2&pl=21&initcwndbps=1033750&vprv=1&mime=video%2Fmp4&ns=lsPPAn3x2s4cySx_fv9acrcF&gir=yes&clen=8284065&ratebypass=yes&dur=168.901&lmt=1550162707175559&mt=1610370031&fvip=2&c=WEB&txp=5531432&n=Ik7tv0CNjbzEXz&sparams=expire%2Cei%2Cip%2Cid%2Citag%2Csource%2Crequiressl%2Cvprv%2Cmime%2Cns%2Cgir%2Cclen%2Cratebypass%2Cdur%2Clmt&sig=AOq0QJ8wRQIhALqyDM5Vl5KKRfgmXO_YirNg9yK6DYZsGO4K3bx57bhbAiBTPiEFu3uUSK_UpmP7Evugbwz92R37RSbODqOtDY4BFQ%3D%3D&lsparams=mh%2Cmm%2Cmn%2Cms%2Cmv%2Cmvi%2Cpl%2Cinitcwndbps&lsig=AG3C_xAwRQIhAITFFP0G0NN4flinRwZof1grKQGAncdjPvtIFNmOkbfYAiAyhlYYYhLxI4TVHsuldGfeUPns37IOJdqWPN2MRRMv9A%3D%3D", "player_url": null, "ext": "mp4", "width": 640, "height": 360, "acodec": "mp4a.40.2", "abr": 96, "vcodec": "avc1.42001E", "asr": 44100, "filesize": 8284065, "format_note": "360p", "fps": 30, "tbr": 392.532, "format": "18 - 640x360 (360p)", "protocol": "https", "http_headers": {"User-Agent": "Mozilla/5.0 (Windows NT 10.0; Win64; x64) AppleWebKit/537.36 (KHTML, like Gecko) Chrome/73.0.3683.38 Safari/537.36", "Accept-Charset": "ISO-8859-1,utf-8;q=0.7,*;q=0.7", "Accept": "text/html,application/xhtml+xml,application/xml;q=0.9,*/*;q=0.8", "Accept-Encoding": "gzip, deflate", "Accept-Language": "en-us,en;q=0.5"}}], "is_live": null, "start_time": null, "end_time": null, "series": null, "season_number": null, "episode_number": null, "track": null, "artist": null, "album": null, "release_date": null, "release_year": null, "extractor": "youtube", "webpage_url_basename": "watch", "extractor_key": "Youtube", "playlist": null, "playlist_index": null, "thumbnail": "https://i.ytimg.com/vi_webp/gvWDOIiocuE/maxresdefault.webp", "display_id": "gvWDOIiocuE", "requested_subtitles": null, "format_id": "251", "url": "https://r2---sn-ipoxu-u2xd.googlevideo.com/videoplayback?expire=1610392101&ei=xU38X4S1E4ebgAOCqr2YDQ&ip=220.129.26.102&id=o-AF9uwVz2XnjYEP6rWuTV0BuCRQ6RumIYZeeunEsMmA0S&itag=251&source=youtube&requiressl=yes&mh=Kx&mm=31%2C29&mn=sn-ipoxu-u2xd%2Csn-un57en7e&ms=au%2Crdu&mv=m&mvi=2&pl=21&initcwndbps=1033750&vprv=1&mime=audio%2Fwebm&ns=dc24q4BueywJdKuiIeptWP0F&gir=yes&clen=3235056&dur=168.881&lmt=1547503377920687&mt=1610370031&fvip=2&keepalive=yes&c=WEB&txp=5511222&n=PwMn_LU2KhC8QD&sparams=expire%2Cei%2Cip%2Cid%2Citag%2Csource%2Crequiressl%2Cvprv%2Cmime%2Cns%2Cgir%2Cclen%2Cdur%2Clmt&sig=AOq0QJ8wRAIgNpDrsmDCONDG2bC9DYeo678za6uwgxPVoowHOPAFBjgCIFsK-2cmlEf7RKMcHz2RkZomhv_85TkqSYJ7jp6nQ-TW&lsparams=mh%2Cmm%2Cmn%2Cms%2Cmv%2Cmvi%2Cpl%2Cinitcwndbps&lsig=AG3C_xAwRQIhAITFFP0G0NN4flinRwZof1grKQGAncdjPvtIFNmOkbfYAiAyhlYYYhLxI4TVHsuldGfeUPns37IOJdqWPN2MRRMv9A%3D%3D&ratebypass=yes", "player_url": null, "ext": "webm", "format_note": "tiny", "acodec": "opus", "abr": 160, "asr": 48000, "filesize": 3235056, "fps": null, "height": null, "tbr": 170.152, "width": null, "vcodec": "none", "downloader_options": {"http_chunk_size": 10485760}, "format": "251 - audio only (tiny)", "protocol": "https", "http_headers": {"User-Agent": "Mozilla/5.0 (Windows NT 10.0; Win64; x64) AppleWebKit/537.36 (KHTML, like Gecko) Chrome/73.0.3683.38 Safari/537.36", "Accept-Charset": "ISO-8859-1,utf-8;q=0.7,*;q=0.7", "Accept": "text/html,application/xhtml+xml,application/xml;q=0.9,*/*;q=0.8", "Accept-Encoding": "gzip, deflate", "Accept-Language": "en-us,en;q=0.5"}}