{"id": "HR1civ5i_hQ", "uploader": "Jurrivh", "uploader_id": "Jurrivh", "uploader_url": "http://www.youtube.com/user/Jurrivh", "channel_id": "UCLh10hzbQJPg0Hho1VdGXwA", "channel_url": "http://www.youtube.com/channel/UCLh10hzbQJPg0Hho1VdGXwA", "upload_date": "20200928", "license": null, "creator": null, "title": "Never Be Alone (with Hook) - Sad Piano Emotional Hip Hop Beat", "alt_title": null, "thumbnails": [{"url": "https://i.ytimg.com/vi/HR1civ5i_hQ/hqdefault.jpg?sqp=-oaymwEYCKgBEF5IVfKriqkDCwgBFQAAiEIYAXAB&rs=AOn4CLDQTK6iVATrzxrXikMmYeqlHWC0Zg", "width": 168, "height": 94, "resolution": "168x94", "id": "0"}, {"url": "https://i.ytimg.com/vi/HR1civ5i_hQ/hqdefault.jpg?sqp=-oaymwEYCMQBEG5IVfKriqkDCwgBFQAAiEIYAXAB&rs=AOn4CLBi8MBa-Jy3zEjNX1nGQGhCqolh-Q", "width": 196, "height": 110, "resolution": "196x110", "id": "1"}, {"url": "https://i.ytimg.com/vi/HR1civ5i_hQ/hqdefault.jpg?sqp=-oaymwEZCPYBEIoBSFXyq4qpAwsIARUAAIhCGAFwAQ==&rs=AOn4CLCHwhZ4aMRGPzHupH8tLmCUTWkSgw", "width": 246, "height": 138, "resolution": "246x138", "id": "2"}, {"url": "https://i.ytimg.com/vi/HR1civ5i_hQ/hqdefault.jpg?sqp=-oaymwEZCNACELwBSFXyq4qpAwsIARUAAIhCGAFwAQ==&rs=AOn4CLDF8e9Tjk2k3X77a9hjYJGrXQ1BLA", "width": 336, "height": 188, "resolution": "336x188", "id": "3"}, {"url": "https://i.ytimg.com/vi/HR1civ5i_hQ/maxresdefault.jpg", "width": 1920, "height": 1080, "resolution": "1920x1080", "id": "4"}], "description": "Sad Piano Hip Hop Beat with Hook Produced by Jurrivh & Veysigz. \n\n\u25b6 Subscribe for more Music: http://bit.ly/SubToJurrivh\n\ud83d\udcb0 Purchase (with Hook): https://bsta.rs/6fe2eaac\n\ud83d\udcb0 Purchase (without Hook): https://bsta.rs/0e3a25c0\n\nSocial Media\nInstagram: https://www.instagram.com/jurrivh/\nTwitter: http://twitter.com/jurrivh\nFacebook: https://www.facebook.com/jurrivh/\n\nSubscribe for New Music every Sunday 5pm (CET)!\n#SadPianoBeat #BeatWithHook #Emotional", "categories": ["Music"], "tags": ["Emotional Sad Piano Hip Hop Beat", "Sad Piano Hip Hop Beat", "Piano Hip Hop Beat with Hook", "Beat With Hook", "Piano Beat With Hook", "Sad Piano Beat With Hook", "Emotional Sad Piano Hip Hop Beat with Hook", "Jurrivh", "Jurrivh Beats", "Sad Piano Beat", "Sad Emotional Piano Beat", "Sad Hip Hop Beat with Hook", "Sad Piano Type Beat", "Never Be Alone", "Jurrivh Never Be Alone", "Never Be Alone Jurrivh", "Beat with Female Hook", "Female Vocals", "Never Be Alone (with Hook) - Sad Piano Emotional Hip Hop Beat"], "subtitles": {}, "automatic_captions": {}, "duration": 250, "age_limit": 0, "annotations": null, "chapters": null, "webpage_url": "https://www.youtube.com/watch?v=HR1civ5i_hQ", "view_count": 109145, "like_count": 4776, "dislike_count": 43, "average_rating": 4.9643078, "formats": [{"format_id": "249", "url": "https://r2---sn-ipoxu-u2x6.googlevideo.com/videoplayback?expire=1610392274&ei=ck78X7adGsHFrQTx1afgBg&ip=220.129.26.102&id=o-AOXmx8b_p0X3c8TRtNTFglpt9YBUuDjzHCVFNk1rA_CB&itag=249&source=youtube&requiressl=yes&mh=HY&mm=31%2C29&mn=sn-ipoxu-u2x6%2Csn-un57en7s&ms=au%2Crdu&mv=m&mvi=2&pcm2cms=yes&pl=21&initcwndbps=1057500&vprv=1&mime=audio%2Fwebm&ns=KjpHEwqKg6N2AMbf1tgkdsMF&gir=yes&clen=1771092&dur=250.441&lmt=1601307168372924&mt=1610370516&fvip=2&keepalive=yes&c=WEB&txp=5411222&n=872KMTRWHTrD1r&sparams=expire%2Cei%2Cip%2Cid%2Citag%2Csource%2Crequiressl%2Cvprv%2Cmime%2Cns%2Cgir%2Cclen%2Cdur%2Clmt&sig=AOq0QJ8wRgIhAInIqHcEAglHP6DdW8Vfl7wx_Mb2EG8V3rMI6tflj10vAiEAq95Yz2Rl0yDWtbOdgGyxNRx9K3EcA1bn2F-VOdzHYcg%3D&lsparams=mh%2Cmm%2Cmn%2Cms%2Cmv%2Cmvi%2Cpcm2cms%2Cpl%2Cinitcwndbps&lsig=AG3C_xAwRQIgQUa4CM0iw0XlLwj-Wn9JJ_A0vy_9tyOGZhV8xtSSSugCIQCqdT_--zquVzzQLvmJLCrJfIzskCSZ74Lz7cyjex6eZw%3D%3D&ratebypass=yes", "player_url": null, "ext": "webm", "format_note": "tiny", "acodec": "opus", "abr": 50, "asr": 48000, "filesize": 1771092, "fps": null, "height": null, "tbr": 64.28, "width": null, "vcodec": "none", "downloader_options": {"http_chunk_size": 10485760}, "format": "249 - audio only (tiny)", "protocol": "https", "http_headers": {"User-Agent": "Mozilla/5.0 (Windows NT 10.0; Win64; x64) AppleWebKit/537.36 (KHTML, like Gecko) Chrome/73.0.3683.38 Safari/537.36", "Accept-Charset": "ISO-8859-1,utf-8;q=0.7,*;q=0.7", "Accept": "text/html,application/xhtml+xml,application/xml;q=0.9,*/*;q=0.8", "Accept-Encoding": "gzip, deflate", "Accept-Language": "en-us,en;q=0.5"}}, {"format_id": "250", "url": "https://r2---sn-ipoxu-u2x6.googlevideo.com/videoplayback?expire=1610392274&ei=ck78X7adGsHFrQTx1afgBg&ip=220.129.26.102&id=o-AOXmx8b_p0X3c8TRtNTFglpt9YBUuDjzHCVFNk1rA_CB&itag=250&source=youtube&requiressl=yes&mh=HY&mm=31%2C29&mn=sn-ipoxu-u2x6%2Csn-un57en7s&ms=au%2Crdu&mv=m&mvi=2&pcm2cms=yes&pl=21&initcwndbps=1057500&vprv=1&mime=audio%2Fwebm&ns=KjpHEwqKg6N2AMbf1tgkdsMF&gir=yes&clen=2356601&dur=250.441&lmt=1601307167996398&mt=1610370516&fvip=2&keepalive=yes&c=WEB&txp=5411222&n=872KMTRWHTrD1r&sparams=expire%2Cei%2Cip%2Cid%2Citag%2Csource%2Crequiressl%2Cvprv%2Cmime%2Cns%2Cgir%2Cclen%2Cdur%2Clmt&sig=AOq0QJ8wRAIgJvfkkgKzRFRb0ZGgo_1U8tp-Tj2mqRdAo2Zjxna10BwCIHB2QqzMGoTwZ9JQgQbkhcElPvuGlY7bRl_OGHzSZzJH&lsparams=mh%2Cmm%2Cmn%2Cms%2Cmv%2Cmvi%2Cpcm2cms%2Cpl%2Cinitcwndbps&lsig=AG3C_xAwRQIgQUa4CM0iw0XlLwj-Wn9JJ_A0vy_9tyOGZhV8xtSSSugCIQCqdT_--zquVzzQLvmJLCrJfIzskCSZ74Lz7cyjex6eZw%3D%3D&ratebypass=yes", "player_url": null, "ext": "webm", "format_note": "tiny", "acodec": "opus", "abr": 70, "asr": 48000, "filesize": 2356601, "fps": null, "height": null, "tbr": 84.46, "width": null, "vcodec": "none", "downloader_options": {"http_chunk_size": 10485760}, "format": "250 - audio only (tiny)", "protocol": "https", "http_headers": {"User-Agent": "Mozilla/5.0 (Windows NT 10.0; Win64; x64) AppleWebKit/537.36 (KHTML, like Gecko) Chrome/73.0.3683.38 Safari/537.36", "Accept-Charset": "ISO-8859-1,utf-8;q=0.7,*;q=0.7", "Accept": "text/html,application/xhtml+xml,application/xml;q=0.9,*/*;q=0.8", "Accept-Encoding": "gzip, deflate", "Accept-Language": "en-us,en;q=0.5"}}, {"format_id": "140", "url": "https://r2---sn-ipoxu-u2x6.googlevideo.com/videoplayback?expire=1610392274&ei=ck78X7adGsHFrQTx1afgBg&ip=220.129.26.102&id=o-AOXmx8b_p0X3c8TRtNTFglpt9YBUuDjzHCVFNk1rA_CB&itag=140&source=youtube&requiressl=yes&mh=HY&mm=31%2C29&mn=sn-ipoxu-u2x6%2Csn-un57en7s&ms=au%2Crdu&mv=m&mvi=2&pcm2cms=yes&pl=21&initcwndbps=1057500&vprv=1&mime=audio%2Fmp4&ns=KjpHEwqKg6N2AMbf1tgkdsMF&gir=yes&clen=4054836&dur=250.473&lmt=1601309867477008&mt=1610370516&fvip=2&keepalive=yes&c=WEB&txp=5431432&n=872KMTRWHTrD1r&sparams=expire%2Cei%2Cip%2Cid%2Citag%2Csource%2Crequiressl%2Cvprv%2Cmime%2Cns%2Cgir%2Cclen%2Cdur%2Clmt&sig=AOq0QJ8wRQIgZBXQmyRyTa_VXZcP8ru-mV6ARX3UAYuvQuy5qYsXUXUCIQChWapIaf9suZeLF6Sh5XOtoV5Glz-DJwV7zmiyW1KmZA%3D%3D&lsparams=mh%2Cmm%2Cmn%2Cms%2Cmv%2Cmvi%2Cpcm2cms%2Cpl%2Cinitcwndbps&lsig=AG3C_xAwRQIgQUa4CM0iw0XlLwj-Wn9JJ_A0vy_9tyOGZhV8xtSSSugCIQCqdT_--zquVzzQLvmJLCrJfIzskCSZ74Lz7cyjex6eZw%3D%3D&ratebypass=yes", "player_url": null, "ext": "m4a", "format_note": "tiny", "acodec": "mp4a.40.2", "abr": 128, "container": "m4a_dash", "asr": 44100, "filesize": 4054836, "fps": null, "height": null, "tbr": 130.59, "width": null, "vcodec": "none", "downloader_options": {"http_chunk_size": 10485760}, "format": "140 - audio only (tiny)", "protocol": "https", "http_headers": {"User-Agent": "Mozilla/5.0 (Windows NT 10.0; Win64; x64) AppleWebKit/537.36 (KHTML, like Gecko) Chrome/73.0.3683.38 Safari/537.36", "Accept-Charset": "ISO-8859-1,utf-8;q=0.7,*;q=0.7", "Accept": "text/html,application/xhtml+xml,application/xml;q=0.9,*/*;q=0.8", "Accept-Encoding": "gzip, deflate", "Accept-Language": "en-us,en;q=0.5"}}, {"format_id": "251", "url": "https://r2---sn-ipoxu-u2x6.googlevideo.com/videoplayback?expire=1610392274&ei=ck78X7adGsHFrQTx1afgBg&ip=220.129.26.102&id=o-AOXmx8b_p0X3c8TRtNTFglpt9YBUuDjzHCVFNk1rA_CB&itag=251&source=youtube&requiressl=yes&mh=HY&mm=31%2C29&mn=sn-ipoxu-u2x6%2Csn-un57en7s&ms=au%2Crdu&mv=m&mvi=2&pcm2cms=yes&pl=21&initcwndbps=1057500&vprv=1&mime=audio%2Fwebm&ns=KjpHEwqKg6N2AMbf1tgkdsMF&gir=yes&clen=4686937&dur=250.441&lmt=1601307169773719&mt=1610370516&fvip=2&keepalive=yes&c=WEB&txp=5411222&n=872KMTRWHTrD1r&sparams=expire%2Cei%2Cip%2Cid%2Citag%2Csource%2Crequiressl%2Cvprv%2Cmime%2Cns%2Cgir%2Cclen%2Cdur%2Clmt&sig=AOq0QJ8wRQIgL1TumIsBcUqXb489c58ZCnCljpLJ-IHKLV0UrYsnhIECIQCXIdVTX7qcZdayAFG1XNzvw3qQLnF8HXn8XjKk7RH5-g%3D%3D&lsparams=mh%2Cmm%2Cmn%2Cms%2Cmv%2Cmvi%2Cpcm2cms%2Cpl%2Cinitcwndbps&lsig=AG3C_xAwRQIgQUa4CM0iw0XlLwj-Wn9JJ_A0vy_9tyOGZhV8xtSSSugCIQCqdT_--zquVzzQLvmJLCrJfIzskCSZ74Lz7cyjex6eZw%3D%3D&ratebypass=yes", "player_url": null, "ext": "webm", "format_note": "tiny", "acodec": "opus", "abr": 160, "asr": 48000, "filesize": 4686937, "fps": null, "height": null, "tbr": 163.882, "width": null, "vcodec": "none", "downloader_options": {"http_chunk_size": 10485760}, "format": "251 - audio only (tiny)", "protocol": "https", "http_headers": {"User-Agent": "Mozilla/5.0 (Windows NT 10.0; Win64; x64) AppleWebKit/537.36 (KHTML, like Gecko) Chrome/73.0.3683.38 Safari/537.36", "Accept-Charset": "ISO-8859-1,utf-8;q=0.7,*;q=0.7", "Accept": "text/html,application/xhtml+xml,application/xml;q=0.9,*/*;q=0.8", "Accept-Encoding": "gzip, deflate", "Accept-Language": "en-us,en;q=0.5"}}, {"format_id": "160", "url": "https://r2---sn-ipoxu-u2x6.googlevideo.com/videoplayback?expire=1610392274&ei=ck78X7adGsHFrQTx1afgBg&ip=220.129.26.102&id=o-AOXmx8b_p0X3c8TRtNTFglpt9YBUuDjzHCVFNk1rA_CB&itag=160&aitags=133%2C134%2C135%2C136%2C137%2C160%2C242%2C243%2C244%2C247%2C248%2C278&source=youtube&requiressl=yes&mh=HY&mm=31%2C29&mn=sn-ipoxu-u2x6%2Csn-un57en7s&ms=au%2Crdu&mv=m&mvi=2&pcm2cms=yes&pl=21&initcwndbps=1057500&vprv=1&mime=video%2Fmp4&ns=KjpHEwqKg6N2AMbf1tgkdsMF&gir=yes&clen=927815&dur=250.416&lmt=1601310172746962&mt=1610370516&fvip=2&keepalive=yes&c=WEB&txp=5432432&n=872KMTRWHTrD1r&sparams=expire%2Cei%2Cip%2Cid%2Caitags%2Csource%2Crequiressl%2Cvprv%2Cmime%2Cns%2Cgir%2Cclen%2Cdur%2Clmt&sig=AOq0QJ8wRgIhAJvnbAp7Nquqco_ZR2ewzJddYkKOl1fwBcu7V1MaxsVhAiEA-S1PpV4n34vgxQbtvvjiSaG_X8LqL35dS6qiHK7Rha4%3D&lsparams=mh%2Cmm%2Cmn%2Cms%2Cmv%2Cmvi%2Cpcm2cms%2Cpl%2Cinitcwndbps&lsig=AG3C_xAwRQIgQUa4CM0iw0XlLwj-Wn9JJ_A0vy_9tyOGZhV8xtSSSugCIQCqdT_--zquVzzQLvmJLCrJfIzskCSZ74Lz7cyjex6eZw%3D%3D&ratebypass=yes", "player_url": null, "ext": "mp4", "height": 144, "format_note": "144p", "vcodec": "avc1.4d400c", "asr": null, "filesize": 927815, "fps": 24, "tbr": 41.561, "width": 256, "acodec": "none", "downloader_options": {"http_chunk_size": 10485760}, "format": "160 - 256x144 (144p)", "protocol": "https", "http_headers": {"User-Agent": "Mozilla/5.0 (Windows NT 10.0; Win64; x64) AppleWebKit/537.36 (KHTML, like Gecko) Chrome/73.0.3683.38 Safari/537.36", "Accept-Charset": "ISO-8859-1,utf-8;q=0.7,*;q=0.7", "Accept": "text/html,application/xhtml+xml,application/xml;q=0.9,*/*;q=0.8", "Accept-Encoding": "gzip, deflate", "Accept-Language": "en-us,en;q=0.5"}}, {"format_id": "133", "url": "https://r2---sn-ipoxu-u2x6.googlevideo.com/videoplayback?expire=1610392274&ei=ck78X7adGsHFrQTx1afgBg&ip=220.129.26.102&id=o-AOXmx8b_p0X3c8TRtNTFglpt9YBUuDjzHCVFNk1rA_CB&itag=133&aitags=133%2C134%2C135%2C136%2C137%2C160%2C242%2C243%2C244%2C247%2C248%2C278&source=youtube&requiressl=yes&mh=HY&mm=31%2C29&mn=sn-ipoxu-u2x6%2Csn-un57en7s&ms=au%2Crdu&mv=m&mvi=2&pcm2cms=yes&pl=21&initcwndbps=1057500&vprv=1&mime=video%2Fmp4&ns=KjpHEwqKg6N2AMbf1tgkdsMF&gir=yes&clen=1723803&dur=250.416&lmt=1601310172730738&mt=1610370516&fvip=2&keepalive=yes&c=WEB&txp=5432432&n=872KMTRWHTrD1r&sparams=expire%2Cei%2Cip%2Cid%2Caitags%2Csource%2Crequiressl%2Cvprv%2Cmime%2Cns%2Cgir%2Cclen%2Cdur%2Clmt&sig=AOq0QJ8wRQIge5Grjh5lvyBm1Vk1VxsripMgNICrl1gc4ERm6yMi_6sCIQC0GM2-mmtyqGLofSO6AMu1KGDFiAByBrQwZ2Ppoa8O0A%3D%3D&lsparams=mh%2Cmm%2Cmn%2Cms%2Cmv%2Cmvi%2Cpcm2cms%2Cpl%2Cinitcwndbps&lsig=AG3C_xAwRQIgQUa4CM0iw0XlLwj-Wn9JJ_A0vy_9tyOGZhV8xtSSSugCIQCqdT_--zquVzzQLvmJLCrJfIzskCSZ74Lz7cyjex6eZw%3D%3D&ratebypass=yes", "player_url": null, "ext": "mp4", "height": 240, "format_note": "240p", "vcodec": "avc1.4d4015", "asr": null, "filesize": 1723803, "fps": 24, "tbr": 76.996, "width": 426, "acodec": "none", "downloader_options": {"http_chunk_size": 10485760}, "format": "133 - 426x240 (240p)", "protocol": "https", "http_headers": {"User-Agent": "Mozilla/5.0 (Windows NT 10.0; Win64; x64) AppleWebKit/537.36 (KHTML, like Gecko) Chrome/73.0.3683.38 Safari/537.36", "Accept-Charset": "ISO-8859-1,utf-8;q=0.7,*;q=0.7", "Accept": "text/html,application/xhtml+xml,application/xml;q=0.9,*/*;q=0.8", "Accept-Encoding": "gzip, deflate", "Accept-Language": "en-us,en;q=0.5"}}, {"format_id": "278", "url": "https://r2---sn-ipoxu-u2x6.googlevideo.com/videoplayback?expire=1610392274&ei=ck78X7adGsHFrQTx1afgBg&ip=220.129.26.102&id=o-AOXmx8b_p0X3c8TRtNTFglpt9YBUuDjzHCVFNk1rA_CB&itag=278&aitags=133%2C134%2C135%2C136%2C137%2C160%2C242%2C243%2C244%2C247%2C248%2C278&source=youtube&requiressl=yes&mh=HY&mm=31%2C29&mn=sn-ipoxu-u2x6%2Csn-un57en7s&ms=au%2Crdu&mv=m&mvi=2&pcm2cms=yes&pl=21&initcwndbps=1057500&vprv=1&mime=video%2Fwebm&ns=KjpHEwqKg6N2AMbf1tgkdsMF&gir=yes&clen=2070604&dur=250.416&lmt=1601310324866652&mt=1610370516&fvip=2&keepalive=yes&c=WEB&txp=5432432&n=872KMTRWHTrD1r&sparams=expire%2Cei%2Cip%2Cid%2Caitags%2Csource%2Crequiressl%2Cvprv%2Cmime%2Cns%2Cgir%2Cclen%2Cdur%2Clmt&sig=AOq0QJ8wRgIhAO-LuH7cz7J6tDO1-Ef9Zt1rGH_OmvnjHa5x98F00eQVAiEAtITWwHnASt1H2iykTrGcJEsLcZzTp_81IbhoX5DDnBc%3D&lsparams=mh%2Cmm%2Cmn%2Cms%2Cmv%2Cmvi%2Cpcm2cms%2Cpl%2Cinitcwndbps&lsig=AG3C_xAwRQIgQUa4CM0iw0XlLwj-Wn9JJ_A0vy_9tyOGZhV8xtSSSugCIQCqdT_--zquVzzQLvmJLCrJfIzskCSZ74Lz7cyjex6eZw%3D%3D&ratebypass=yes", "player_url": null, "ext": "webm", "height": 144, "format_note": "144p", "container": "webm", "vcodec": "vp9", "asr": null, "filesize": 2070604, "fps": 24, "tbr": 77.257, "width": 256, "acodec": "none", "downloader_options": {"http_chunk_size": 10485760}, "format": "278 - 256x144 (144p)", "protocol": "https", "http_headers": {"User-Agent": "Mozilla/5.0 (Windows NT 10.0; Win64; x64) AppleWebKit/537.36 (KHTML, like Gecko) Chrome/73.0.3683.38 Safari/537.36", "Accept-Charset": "ISO-8859-1,utf-8;q=0.7,*;q=0.7", "Accept": "text/html,application/xhtml+xml,application/xml;q=0.9,*/*;q=0.8", "Accept-Encoding": "gzip, deflate", "Accept-Language": "en-us,en;q=0.5"}}, {"format_id": "242", "url": "https://r2---sn-ipoxu-u2x6.googlevideo.com/videoplayback?expire=1610392274&ei=ck78X7adGsHFrQTx1afgBg&ip=220.129.26.102&id=o-AOXmx8b_p0X3c8TRtNTFglpt9YBUuDjzHCVFNk1rA_CB&itag=242&aitags=133%2C134%2C135%2C136%2C137%2C160%2C242%2C243%2C244%2C247%2C248%2C278&source=youtube&requiressl=yes&mh=HY&mm=31%2C29&mn=sn-ipoxu-u2x6%2Csn-un57en7s&ms=au%2Crdu&mv=m&mvi=2&pcm2cms=yes&pl=21&initcwndbps=1057500&vprv=1&mime=video%2Fwebm&ns=KjpHEwqKg6N2AMbf1tgkdsMF&gir=yes&clen=2451461&dur=250.416&lmt=1601310324806382&mt=1610370516&fvip=2&keepalive=yes&c=WEB&txp=5432432&n=872KMTRWHTrD1r&sparams=expire%2Cei%2Cip%2Cid%2Caitags%2Csource%2Crequiressl%2Cvprv%2Cmime%2Cns%2Cgir%2Cclen%2Cdur%2Clmt&sig=AOq0QJ8wRAIgBgV5i7LrtMWLthKYLK-aqAzAbTJeB-VBjxIm3J3R-P4CIGG3ktjkSXmIrhJesEUIMjYPaCNw1h-glURzWOS5cBcp&lsparams=mh%2Cmm%2Cmn%2Cms%2Cmv%2Cmvi%2Cpcm2cms%2Cpl%2Cinitcwndbps&lsig=AG3C_xAwRQIgQUa4CM0iw0XlLwj-Wn9JJ_A0vy_9tyOGZhV8xtSSSugCIQCqdT_--zquVzzQLvmJLCrJfIzskCSZ74Lz7cyjex6eZw%3D%3D&ratebypass=yes", "player_url": null, "ext": "webm", "height": 240, "format_note": "240p", "vcodec": "vp9", "asr": null, "filesize": 2451461, "fps": 24, "tbr": 108.363, "width": 426, "acodec": "none", "downloader_options": {"http_chunk_size": 10485760}, "format": "242 - 426x240 (240p)", "protocol": "https", "http_headers": {"User-Agent": "Mozilla/5.0 (Windows NT 10.0; Win64; x64) AppleWebKit/537.36 (KHTML, like Gecko) Chrome/73.0.3683.38 Safari/537.36", "Accept-Charset": "ISO-8859-1,utf-8;q=0.7,*;q=0.7", "Accept": "text/html,application/xhtml+xml,application/xml;q=0.9,*/*;q=0.8", "Accept-Encoding": "gzip, deflate", "Accept-Language": "en-us,en;q=0.5"}}, {"format_id": "134", "url": "https://r2---sn-ipoxu-u2x6.googlevideo.com/videoplayback?expire=1610392274&ei=ck78X7adGsHFrQTx1afgBg&ip=220.129.26.102&id=o-AOXmx8b_p0X3c8TRtNTFglpt9YBUuDjzHCVFNk1rA_CB&itag=134&aitags=133%2C134%2C135%2C136%2C137%2C160%2C242%2C243%2C244%2C247%2C248%2C278&source=youtube&requiressl=yes&mh=HY&mm=31%2C29&mn=sn-ipoxu-u2x6%2Csn-un57en7s&ms=au%2Crdu&mv=m&mvi=2&pcm2cms=yes&pl=21&initcwndbps=1057500&vprv=1&mime=video%2Fmp4&ns=KjpHEwqKg6N2AMbf1tgkdsMF&gir=yes&clen=2951969&dur=250.416&lmt=1601310172758805&mt=1610370516&fvip=2&keepalive=yes&c=WEB&txp=5432432&n=872KMTRWHTrD1r&sparams=expire%2Cei%2Cip%2Cid%2Caitags%2Csource%2Crequiressl%2Cvprv%2Cmime%2Cns%2Cgir%2Cclen%2Cdur%2Clmt&sig=AOq0QJ8wRQIgCy_lab5eZYoNL6Gadis4-ATfktIfwV7P9FddqED6G54CIQCfE_vzShiGPTtCUxb8FdfllYG3njC5y69WQb34_gBtMg%3D%3D&lsparams=mh%2Cmm%2Cmn%2Cms%2Cmv%2Cmvi%2Cpcm2cms%2Cpl%2Cinitcwndbps&lsig=AG3C_xAwRQIgQUa4CM0iw0XlLwj-Wn9JJ_A0vy_9tyOGZhV8xtSSSugCIQCqdT_--zquVzzQLvmJLCrJfIzskCSZ74Lz7cyjex6eZw%3D%3D&ratebypass=yes", "player_url": null, "ext": "mp4", "height": 360, "format_note": "360p", "vcodec": "avc1.4d401e", "asr": null, "filesize": 2951969, "fps": 24, "tbr": 133.305, "width": 640, "acodec": "none", "downloader_options": {"http_chunk_size": 10485760}, "format": "134 - 640x360 (360p)", "protocol": "https", "http_headers": {"User-Agent": "Mozilla/5.0 (Windows NT 10.0; Win64; x64) AppleWebKit/537.36 (KHTML, like Gecko) Chrome/73.0.3683.38 Safari/537.36", "Accept-Charset": "ISO-8859-1,utf-8;q=0.7,*;q=0.7", "Accept": "text/html,application/xhtml+xml,application/xml;q=0.9,*/*;q=0.8", "Accept-Encoding": "gzip, deflate", "Accept-Language": "en-us,en;q=0.5"}}, {"format_id": "135", "url": "https://r2---sn-ipoxu-u2x6.googlevideo.com/videoplayback?expire=1610392274&ei=ck78X7adGsHFrQTx1afgBg&ip=220.129.26.102&id=o-AOXmx8b_p0X3c8TRtNTFglpt9YBUuDjzHCVFNk1rA_CB&itag=135&aitags=133%2C134%2C135%2C136%2C137%2C160%2C242%2C243%2C244%2C247%2C248%2C278&source=youtube&requiressl=yes&mh=HY&mm=31%2C29&mn=sn-ipoxu-u2x6%2Csn-un57en7s&ms=au%2Crdu&mv=m&mvi=2&pcm2cms=yes&pl=21&initcwndbps=1057500&vprv=1&mime=video%2Fmp4&ns=KjpHEwqKg6N2AMbf1tgkdsMF&gir=yes&clen=4408938&dur=250.416&lmt=1601310172728527&mt=1610370516&fvip=2&keepalive=yes&c=WEB&txp=5432432&n=872KMTRWHTrD1r&sparams=expire%2Cei%2Cip%2Cid%2Caitags%2Csource%2Crequiressl%2Cvprv%2Cmime%2Cns%2Cgir%2Cclen%2Cdur%2Clmt&sig=AOq0QJ8wRQIgEWtEWS6shmSKDFUaKGQulgH_syNVHTLf-8Bm19dUzlkCIQC-orP6TbmzS-iXPnVR7ISy9czL2B6caQyiqIHwCiJD9Q%3D%3D&lsparams=mh%2Cmm%2Cmn%2Cms%2Cmv%2Cmvi%2Cpcm2cms%2Cpl%2Cinitcwndbps&lsig=AG3C_xAwRQIgQUa4CM0iw0XlLwj-Wn9JJ_A0vy_9tyOGZhV8xtSSSugCIQCqdT_--zquVzzQLvmJLCrJfIzskCSZ74Lz7cyjex6eZw%3D%3D&ratebypass=yes", "player_url": null, "ext": "mp4", "height": 480, "format_note": "480p", "vcodec": "avc1.4d401e", "asr": null, "filesize": 4408938, "fps": 24, "tbr": 198.081, "width": 854, "acodec": "none", "downloader_options": {"http_chunk_size": 10485760}, "format": "135 - 854x480 (480p)", "protocol": "https", "http_headers": {"User-Agent": "Mozilla/5.0 (Windows NT 10.0; Win64; x64) AppleWebKit/537.36 (KHTML, like Gecko) Chrome/73.0.3683.38 Safari/537.36", "Accept-Charset": "ISO-8859-1,utf-8;q=0.7,*;q=0.7", "Accept": "text/html,application/xhtml+xml,application/xml;q=0.9,*/*;q=0.8", "Accept-Encoding": "gzip, deflate", "Accept-Language": "en-us,en;q=0.5"}}, {"format_id": "243", "url": "https://r2---sn-ipoxu-u2x6.googlevideo.com/videoplayback?expire=1610392274&ei=ck78X7adGsHFrQTx1afgBg&ip=220.129.26.102&id=o-AOXmx8b_p0X3c8TRtNTFglpt9YBUuDjzHCVFNk1rA_CB&itag=243&aitags=133%2C134%2C135%2C136%2C137%2C160%2C242%2C243%2C244%2C247%2C248%2C278&source=youtube&requiressl=yes&mh=HY&mm=31%2C29&mn=sn-ipoxu-u2x6%2Csn-un57en7s&ms=au%2Crdu&mv=m&mvi=2&pcm2cms=yes&pl=21&initcwndbps=1057500&vprv=1&mime=video%2Fwebm&ns=KjpHEwqKg6N2AMbf1tgkdsMF&gir=yes&clen=4642254&dur=250.416&lmt=1601310324801995&mt=1610370516&fvip=2&keepalive=yes&c=WEB&txp=5432432&n=872KMTRWHTrD1r&sparams=expire%2Cei%2Cip%2Cid%2Caitags%2Csource%2Crequiressl%2Cvprv%2Cmime%2Cns%2Cgir%2Cclen%2Cdur%2Clmt&sig=AOq0QJ8wRgIhANbtVm7NUf9z6P1xQCdzxgWjMjiEX3o6iuqlL7vzL5hkAiEAiVKsX005R5f9nzEUt9xFrjtbecYQIjMvi0UZBclaLSc%3D&lsparams=mh%2Cmm%2Cmn%2Cms%2Cmv%2Cmvi%2Cpcm2cms%2Cpl%2Cinitcwndbps&lsig=AG3C_xAwRQIgQUa4CM0iw0XlLwj-Wn9JJ_A0vy_9tyOGZhV8xtSSSugCIQCqdT_--zquVzzQLvmJLCrJfIzskCSZ74Lz7cyjex6eZw%3D%3D&ratebypass=yes", "player_url": null, "ext": "webm", "height": 360, "format_note": "360p", "vcodec": "vp9", "asr": null, "filesize": 4642254, "fps": 24, "tbr": 204.862, "width": 640, "acodec": "none", "downloader_options": {"http_chunk_size": 10485760}, "format": "243 - 640x360 (360p)", "protocol": "https", "http_headers": {"User-Agent": "Mozilla/5.0 (Windows NT 10.0; Win64; x64) AppleWebKit/537.36 (KHTML, like Gecko) Chrome/73.0.3683.38 Safari/537.36", "Accept-Charset": "ISO-8859-1,utf-8;q=0.7,*;q=0.7", "Accept": "text/html,application/xhtml+xml,application/xml;q=0.9,*/*;q=0.8", "Accept-Encoding": "gzip, deflate", "Accept-Language": "en-us,en;q=0.5"}}, {"format_id": "136", "url": "https://r2---sn-ipoxu-u2x6.googlevideo.com/videoplayback?expire=1610392274&ei=ck78X7adGsHFrQTx1afgBg&ip=220.129.26.102&id=o-AOXmx8b_p0X3c8TRtNTFglpt9YBUuDjzHCVFNk1rA_CB&itag=136&aitags=133%2C134%2C135%2C136%2C137%2C160%2C242%2C243%2C244%2C247%2C248%2C278&source=youtube&requiressl=yes&mh=HY&mm=31%2C29&mn=sn-ipoxu-u2x6%2Csn-un57en7s&ms=au%2Crdu&mv=m&mvi=2&pcm2cms=yes&pl=21&initcwndbps=1057500&vprv=1&mime=video%2Fmp4&ns=KjpHEwqKg6N2AMbf1tgkdsMF&gir=yes&clen=6338382&dur=250.416&lmt=1601310172731022&mt=1610370516&fvip=2&keepalive=yes&c=WEB&txp=5432432&n=872KMTRWHTrD1r&sparams=expire%2Cei%2Cip%2Cid%2Caitags%2Csource%2Crequiressl%2Cvprv%2Cmime%2Cns%2Cgir%2Cclen%2Cdur%2Clmt&sig=AOq0QJ8wRQIhAJXTF6cuidpPrB3HI9vW5kw6cOPkPwnll60pN7XL0FlEAiBOcKzhj0NZv3Q773dA3r7PuWfExP4qnyVCqlZw-Eeq7w%3D%3D&lsparams=mh%2Cmm%2Cmn%2Cms%2Cmv%2Cmvi%2Cpcm2cms%2Cpl%2Cinitcwndbps&lsig=AG3C_xAwRQIgQUa4CM0iw0XlLwj-Wn9JJ_A0vy_9tyOGZhV8xtSSSugCIQCqdT_--zquVzzQLvmJLCrJfIzskCSZ74Lz7cyjex6eZw%3D%3D&ratebypass=yes", "player_url": null, "ext": "mp4", "height": 720, "format_note": "720p", "vcodec": "avc1.4d401f", "asr": null, "filesize": 6338382, "fps": 24, "tbr": 283.089, "width": 1280, "acodec": "none", "downloader_options": {"http_chunk_size": 10485760}, "format": "136 - 1280x720 (720p)", "protocol": "https", "http_headers": {"User-Agent": "Mozilla/5.0 (Windows NT 10.0; Win64; x64) AppleWebKit/537.36 (KHTML, like Gecko) Chrome/73.0.3683.38 Safari/537.36", "Accept-Charset": "ISO-8859-1,utf-8;q=0.7,*;q=0.7", "Accept": "text/html,application/xhtml+xml,application/xml;q=0.9,*/*;q=0.8", "Accept-Encoding": "gzip, deflate", "Accept-Language": "en-us,en;q=0.5"}}, {"format_id": "244", "url": "https://r2---sn-ipoxu-u2x6.googlevideo.com/videoplayback?expire=1610392274&ei=ck78X7adGsHFrQTx1afgBg&ip=220.129.26.102&id=o-AOXmx8b_p0X3c8TRtNTFglpt9YBUuDjzHCVFNk1rA_CB&itag=244&aitags=133%2C134%2C135%2C136%2C137%2C160%2C242%2C243%2C244%2C247%2C248%2C278&source=youtube&requiressl=yes&mh=HY&mm=31%2C29&mn=sn-ipoxu-u2x6%2Csn-un57en7s&ms=au%2Crdu&mv=m&mvi=2&pcm2cms=yes&pl=21&initcwndbps=1057500&vprv=1&mime=video%2Fwebm&ns=KjpHEwqKg6N2AMbf1tgkdsMF&gir=yes&clen=7138866&dur=250.416&lmt=1601310324803413&mt=1610370516&fvip=2&keepalive=yes&c=WEB&txp=5432432&n=872KMTRWHTrD1r&sparams=expire%2Cei%2Cip%2Cid%2Caitags%2Csource%2Crequiressl%2Cvprv%2Cmime%2Cns%2Cgir%2Cclen%2Cdur%2Clmt&sig=AOq0QJ8wRQIhALOpckiCAu9jag1dGkfwYYhBx5C8Z4vctGDuOOI0-wkGAiAMJaCgTTJLdVfaCaOxR2NFaU17Pr4AkELFSWGkuJYPAA%3D%3D&lsparams=mh%2Cmm%2Cmn%2Cms%2Cmv%2Cmvi%2Cpcm2cms%2Cpl%2Cinitcwndbps&lsig=AG3C_xAwRQIgQUa4CM0iw0XlLwj-Wn9JJ_A0vy_9tyOGZhV8xtSSSugCIQCqdT_--zquVzzQLvmJLCrJfIzskCSZ74Lz7cyjex6eZw%3D%3D&ratebypass=yes", "player_url": null, "ext": "webm", "height": 480, "format_note": "480p", "vcodec": "vp9", "asr": null, "filesize": 7138866, "fps": 24, "tbr": 307.379, "width": 854, "acodec": "none", "downloader_options": {"http_chunk_size": 10485760}, "format": "244 - 854x480 (480p)", "protocol": "https", "http_headers": {"User-Agent": "Mozilla/5.0 (Windows NT 10.0; Win64; x64) AppleWebKit/537.36 (KHTML, like Gecko) Chrome/73.0.3683.38 Safari/537.36", "Accept-Charset": "ISO-8859-1,utf-8;q=0.7,*;q=0.7", "Accept": "text/html,application/xhtml+xml,application/xml;q=0.9,*/*;q=0.8", "Accept-Encoding": "gzip, deflate", "Accept-Language": "en-us,en;q=0.5"}}, {"format_id": "247", "url": "https://r2---sn-ipoxu-u2x6.googlevideo.com/videoplayback?expire=1610392274&ei=ck78X7adGsHFrQTx1afgBg&ip=220.129.26.102&id=o-AOXmx8b_p0X3c8TRtNTFglpt9YBUuDjzHCVFNk1rA_CB&itag=247&aitags=133%2C134%2C135%2C136%2C137%2C160%2C242%2C243%2C244%2C247%2C248%2C278&source=youtube&requiressl=yes&mh=HY&mm=31%2C29&mn=sn-ipoxu-u2x6%2Csn-un57en7s&ms=au%2Crdu&mv=m&mvi=2&pcm2cms=yes&pl=21&initcwndbps=1057500&vprv=1&mime=video%2Fwebm&ns=KjpHEwqKg6N2AMbf1tgkdsMF&gir=yes&clen=11935687&dur=250.416&lmt=1601310324790385&mt=1610370516&fvip=2&keepalive=yes&c=WEB&txp=5432432&n=872KMTRWHTrD1r&sparams=expire%2Cei%2Cip%2Cid%2Caitags%2Csource%2Crequiressl%2Cvprv%2Cmime%2Cns%2Cgir%2Cclen%2Cdur%2Clmt&sig=AOq0QJ8wRQIhAODzegIy2lY20UAcu6jEGpflM8Fo8BOuOhhFY3G2uHW0AiARs77sjF6bLIUbQs9lgjC95koZOO0j9MkAJgtggiVYiA%3D%3D&lsparams=mh%2Cmm%2Cmn%2Cms%2Cmv%2Cmvi%2Cpcm2cms%2Cpl%2Cinitcwndbps&lsig=AG3C_xAwRQIgQUa4CM0iw0XlLwj-Wn9JJ_A0vy_9tyOGZhV8xtSSSugCIQCqdT_--zquVzzQLvmJLCrJfIzskCSZ74Lz7cyjex6eZw%3D%3D&ratebypass=yes", "player_url": null, "ext": "webm", "height": 720, "format_note": "720p", "vcodec": "vp9", "asr": null, "filesize": 11935687, "fps": 24, "tbr": 528.494, "width": 1280, "acodec": "none", "downloader_options": {"http_chunk_size": 10485760}, "format": "247 - 1280x720 (720p)", "protocol": "https", "http_headers": {"User-Agent": "Mozilla/5.0 (Windows NT 10.0; Win64; x64) AppleWebKit/537.36 (KHTML, like Gecko) Chrome/73.0.3683.38 Safari/537.36", "Accept-Charset": "ISO-8859-1,utf-8;q=0.7,*;q=0.7", "Accept": "text/html,application/xhtml+xml,application/xml;q=0.9,*/*;q=0.8", "Accept-Encoding": "gzip, deflate", "Accept-Language": "en-us,en;q=0.5"}}, {"format_id": "248", "url": "https://r2---sn-ipoxu-u2x6.googlevideo.com/videoplayback?expire=1610392274&ei=ck78X7adGsHFrQTx1afgBg&ip=220.129.26.102&id=o-AOXmx8b_p0X3c8TRtNTFglpt9YBUuDjzHCVFNk1rA_CB&itag=248&aitags=133%2C134%2C135%2C136%2C137%2C160%2C242%2C243%2C244%2C247%2C248%2C278&source=youtube&requiressl=yes&mh=HY&mm=31%2C29&mn=sn-ipoxu-u2x6%2Csn-un57en7s&ms=au%2Crdu&mv=m&mvi=2&pcm2cms=yes&pl=21&initcwndbps=1057500&vprv=1&mime=video%2Fwebm&ns=KjpHEwqKg6N2AMbf1tgkdsMF&gir=yes&clen=20210608&dur=250.416&lmt=1601310016857921&mt=1610370516&fvip=2&keepalive=yes&c=WEB&txp=5432432&n=872KMTRWHTrD1r&sparams=expire%2Cei%2Cip%2Cid%2Caitags%2Csource%2Crequiressl%2Cvprv%2Cmime%2Cns%2Cgir%2Cclen%2Cdur%2Clmt&sig=AOq0QJ8wRQIgcyLBf1S3CGVNzBoRGQaV9WI2RL6WUxENIXLXvz7natoCIQCJMlwPTOutyhCEpo1r1Mys1-Jb89Z7IF2sfqM-WsA26g%3D%3D&lsparams=mh%2Cmm%2Cmn%2Cms%2Cmv%2Cmvi%2Cpcm2cms%2Cpl%2Cinitcwndbps&lsig=AG3C_xAwRQIgQUa4CM0iw0XlLwj-Wn9JJ_A0vy_9tyOGZhV8xtSSSugCIQCqdT_--zquVzzQLvmJLCrJfIzskCSZ74Lz7cyjex6eZw%3D%3D&ratebypass=yes", "player_url": null, "ext": "webm", "height": 1080, "format_note": "1080p", "vcodec": "vp9", "asr": null, "filesize": 20210608, "fps": 24, "tbr": 888.486, "width": 1920, "acodec": "none", "downloader_options": {"http_chunk_size": 10485760}, "format": "248 - 1920x1080 (1080p)", "protocol": "https", "http_headers": {"User-Agent": "Mozilla/5.0 (Windows NT 10.0; Win64; x64) AppleWebKit/537.36 (KHTML, like Gecko) Chrome/73.0.3683.38 Safari/537.36", "Accept-Charset": "ISO-8859-1,utf-8;q=0.7,*;q=0.7", "Accept": "text/html,application/xhtml+xml,application/xml;q=0.9,*/*;q=0.8", "Accept-Encoding": "gzip, deflate", "Accept-Language": "en-us,en;q=0.5"}}, {"format_id": "137", "url": "https://r2---sn-ipoxu-u2x6.googlevideo.com/videoplayback?expire=1610392274&ei=ck78X7adGsHFrQTx1afgBg&ip=220.129.26.102&id=o-AOXmx8b_p0X3c8TRtNTFglpt9YBUuDjzHCVFNk1rA_CB&itag=137&aitags=133%2C134%2C135%2C136%2C137%2C160%2C242%2C243%2C244%2C247%2C248%2C278&source=youtube&requiressl=yes&mh=HY&mm=31%2C29&mn=sn-ipoxu-u2x6%2Csn-un57en7s&ms=au%2Crdu&mv=m&mvi=2&pcm2cms=yes&pl=21&initcwndbps=1057500&vprv=1&mime=video%2Fmp4&ns=KjpHEwqKg6N2AMbf1tgkdsMF&gir=yes&clen=22774866&dur=250.416&lmt=1601309914668665&mt=1610370516&fvip=2&keepalive=yes&c=WEB&txp=5432432&n=872KMTRWHTrD1r&sparams=expire%2Cei%2Cip%2Cid%2Caitags%2Csource%2Crequiressl%2Cvprv%2Cmime%2Cns%2Cgir%2Cclen%2Cdur%2Clmt&sig=AOq0QJ8wRAIgSaU5_ma-qsLJboa95hbJsmCmbqRxzZg2nuLZEbYvmfQCIDWdjiOtybBWMb41u3i6LwoTlMbj9B0oFOmzA5_snIUh&lsparams=mh%2Cmm%2Cmn%2Cms%2Cmv%2Cmvi%2Cpcm2cms%2Cpl%2Cinitcwndbps&lsig=AG3C_xAwRQIgQUa4CM0iw0XlLwj-Wn9JJ_A0vy_9tyOGZhV8xtSSSugCIQCqdT_--zquVzzQLvmJLCrJfIzskCSZ74Lz7cyjex6eZw%3D%3D&ratebypass=yes", "player_url": null, "ext": "mp4", "height": 1080, "format_note": "1080p", "vcodec": "avc1.640028", "asr": null, "filesize": 22774866, "fps": 24, "tbr": 957.857, "width": 1920, "acodec": "none", "downloader_options": {"http_chunk_size": 10485760}, "format": "137 - 1920x1080 (1080p)", "protocol": "https", "http_headers": {"User-Agent": "Mozilla/5.0 (Windows NT 10.0; Win64; x64) AppleWebKit/537.36 (KHTML, like Gecko) Chrome/73.0.3683.38 Safari/537.36", "Accept-Charset": "ISO-8859-1,utf-8;q=0.7,*;q=0.7", "Accept": "text/html,application/xhtml+xml,application/xml;q=0.9,*/*;q=0.8", "Accept-Encoding": "gzip, deflate", "Accept-Language": "en-us,en;q=0.5"}}, {"format_id": "18", "url": "https://r2---sn-ipoxu-u2x6.googlevideo.com/videoplayback?expire=1610392274&ei=ck78X7adGsHFrQTx1afgBg&ip=220.129.26.102&id=o-AOXmx8b_p0X3c8TRtNTFglpt9YBUuDjzHCVFNk1rA_CB&itag=18&source=youtube&requiressl=yes&mh=HY&mm=31%2C29&mn=sn-ipoxu-u2x6%2Csn-un57en7s&ms=au%2Crdu&mv=m&mvi=2&pcm2cms=yes&pl=21&initcwndbps=1057500&vprv=1&mime=video%2Fmp4&ns=HUjKcfRe6DJWDOfejkFzMi0F&gir=yes&clen=11219963&ratebypass=yes&dur=250.473&lmt=1601309876900385&mt=1610370516&fvip=2&c=WEB&txp=5430432&n=tfg-cHBiI__mk_&sparams=expire%2Cei%2Cip%2Cid%2Citag%2Csource%2Crequiressl%2Cvprv%2Cmime%2Cns%2Cgir%2Cclen%2Cratebypass%2Cdur%2Clmt&sig=AOq0QJ8wRgIhAPLb5SaOAgvYywon1jNejjjciAI11FzxtMRGQfu4-DXuAiEAlnt8oeG-WRz91M6s_8uFCPQX_1gBUWmGqLUTEGQ1PX0%3D&lsparams=mh%2Cmm%2Cmn%2Cms%2Cmv%2Cmvi%2Cpcm2cms%2Cpl%2Cinitcwndbps&lsig=AG3C_xAwRQIgQUa4CM0iw0XlLwj-Wn9JJ_A0vy_9tyOGZhV8xtSSSugCIQCqdT_--zquVzzQLvmJLCrJfIzskCSZ74Lz7cyjex6eZw%3D%3D", "player_url": null, "ext": "mp4", "width": 640, "height": 360, "acodec": "mp4a.40.2", "abr": 96, "vcodec": "avc1.42001E", "asr": 44100, "filesize": 11219963, "format_note": "360p", "fps": 24, "tbr": 358.442, "format": "18 - 640x360 (360p)", "protocol": "https", "http_headers": {"User-Agent": "Mozilla/5.0 (Windows NT 10.0; Win64; x64) AppleWebKit/537.36 (KHTML, like Gecko) Chrome/73.0.3683.38 Safari/537.36", "Accept-Charset": "ISO-8859-1,utf-8;q=0.7,*;q=0.7", "Accept": "text/html,application/xhtml+xml,application/xml;q=0.9,*/*;q=0.8", "Accept-Encoding": "gzip, deflate", "Accept-Language": "en-us,en;q=0.5"}}], "is_live": null, "start_time": null, "end_time": null, "series": null, "season_number": null, "episode_number": null, "track": null, "artist": null, "album": null, "release_date": null, "release_year": null, "extractor": "youtube", "webpage_url_basename": "watch", "extractor_key": "Youtube", "playlist": null, "playlist_index": null, "thumbnail": "https://i.ytimg.com/vi/HR1civ5i_hQ/maxresdefault.jpg", "display_id": "HR1civ5i_hQ", "requested_subtitles": null, "format_id": "251", "url": "https://r2---sn-ipoxu-u2x6.googlevideo.com/videoplayback?expire=1610392274&ei=ck78X7adGsHFrQTx1afgBg&ip=220.129.26.102&id=o-AOXmx8b_p0X3c8TRtNTFglpt9YBUuDjzHCVFNk1rA_CB&itag=251&source=youtube&requiressl=yes&mh=HY&mm=31%2C29&mn=sn-ipoxu-u2x6%2Csn-un57en7s&ms=au%2Crdu&mv=m&mvi=2&pcm2cms=yes&pl=21&initcwndbps=1057500&vprv=1&mime=audio%2Fwebm&ns=KjpHEwqKg6N2AMbf1tgkdsMF&gir=yes&clen=4686937&dur=250.441&lmt=1601307169773719&mt=1610370516&fvip=2&keepalive=yes&c=WEB&txp=5411222&n=872KMTRWHTrD1r&sparams=expire%2Cei%2Cip%2Cid%2Citag%2Csource%2Crequiressl%2Cvprv%2Cmime%2Cns%2Cgir%2Cclen%2Cdur%2Clmt&sig=AOq0QJ8wRQIgL1TumIsBcUqXb489c58ZCnCljpLJ-IHKLV0UrYsnhIECIQCXIdVTX7qcZdayAFG1XNzvw3qQLnF8HXn8XjKk7RH5-g%3D%3D&lsparams=mh%2Cmm%2Cmn%2Cms%2Cmv%2Cmvi%2Cpcm2cms%2Cpl%2Cinitcwndbps&lsig=AG3C_xAwRQIgQUa4CM0iw0XlLwj-Wn9JJ_A0vy_9tyOGZhV8xtSSSugCIQCqdT_--zquVzzQLvmJLCrJfIzskCSZ74Lz7cyjex6eZw%3D%3D&ratebypass=yes", "player_url": null, "ext": "webm", "format_note": "tiny", "acodec": "opus", "abr": 160, "asr": 48000, "filesize": 4686937, "fps": null, "height": null, "tbr": 163.882, "width": null, "vcodec": "none", "downloader_options": {"http_chunk_size": 10485760}, "format": "251 - audio only (tiny)", "protocol": "https", "http_headers": {"User-Agent": "Mozilla/5.0 (Windows NT 10.0; Win64; x64) AppleWebKit/537.36 (KHTML, like Gecko) Chrome/73.0.3683.38 Safari/537.36", "Accept-Charset": "ISO-8859-1,utf-8;q=0.7,*;q=0.7", "Accept": "text/html,application/xhtml+xml,application/xml;q=0.9,*/*;q=0.8", "Accept-Encoding": "gzip, deflate", "Accept-Language": "en-us,en;q=0.5"}}