{"id": "ilCcZpD39HU", "uploader": "Henri Bentley - Topic", "uploader_id": "UCNaWUhq1TuvDGd1otJHMSJQ", "uploader_url": "http://www.youtube.com/channel/UCNaWUhq1TuvDGd1otJHMSJQ", "channel_id": "UCNaWUhq1TuvDGd1otJHMSJQ", "channel_url": "http://www.youtube.com/channel/UCNaWUhq1TuvDGd1otJHMSJQ", "upload_date": "20201210", "license": null, "creator": "Henri Bentley", "title": "If Not for You", "alt_title": "If Not for You", "thumbnails": [{"url": "https://i.ytimg.com/vi/ilCcZpD39HU/hqdefault.jpg?sqp=-oaymwEYCKgBEF5IVfKriqkDCwgBFQAAiEIYAXAB&rs=AOn4CLDUdeWhQeirk0NOduZyOFWCg4y_Jg", "width": 168, "height": 94, "resolution": "168x94", "id": "0"}, {"url": "https://i.ytimg.com/vi/ilCcZpD39HU/hqdefault.jpg?sqp=-oaymwEYCMQBEG5IVfKriqkDCwgBFQAAiEIYAXAB&rs=AOn4CLDYIheOPJLKuuVrReqaJZKyehq8EA", "width": 196, "height": 110, "resolution": "196x110", "id": "1"}, {"url": "https://i.ytimg.com/vi/ilCcZpD39HU/hqdefault.jpg?sqp=-oaymwEZCPYBEIoBSFXyq4qpAwsIARUAAIhCGAFwAQ==&rs=AOn4CLB2L7x8u9wMqutaTri_FfyNHxIg-g", "width": 246, "height": 138, "resolution": "246x138", "id": "2"}, {"url": "https://i.ytimg.com/vi/ilCcZpD39HU/hqdefault.jpg?sqp=-oaymwEZCNACELwBSFXyq4qpAwsIARUAAIhCGAFwAQ==&rs=AOn4CLBXoBwyuZRC8MtMbXiqasYibsBPYA", "width": 336, "height": 188, "resolution": "336x188", "id": "3"}, {"url": "https://i.ytimg.com/vi_webp/ilCcZpD39HU/maxresdefault.webp", "width": 1920, "height": 1080, "resolution": "1920x1080", "id": "4"}], "description": "Provided to YouTube by TuneCore\n\nIf Not for You \u00b7 Henri Bentley\n\nIf Not for You\n\n\u2117 2020 Dream Relaxation\n\nReleased on: 2020-12-11\n\nAuto-generated by YouTube.", "categories": ["Music"], "tags": ["Henri Bentley", "If Not for You"], "subtitles": {}, "automatic_captions": {}, "duration": 206, "age_limit": 0, "annotations": null, "chapters": null, "webpage_url": "https://www.youtube.com/watch?v=ilCcZpD39HU", "view_count": 73, "like_count": 8, "dislike_count": null, "average_rating": 5.0, "formats": [{"format_id": "249", "url": "https://r1---sn-5njj-u2xe.googlevideo.com/videoplayback?expire=1608123751&ei=B7HZX73zDIf8gAPwiqzgBw&ip=140.109.135.166&id=o-AIdIcEMaIrX9LwyKzub3q5XlqYhb9FUpfb9dMIDtDexf&itag=249&source=youtube&requiressl=yes&mh=j6&mm=31%2C29&mn=sn-5njj-u2xe%2Csn-un57en7l&ms=au%2Crdu&mv=m&mvi=1&pl=16&gcr=tw&initcwndbps=385000&vprv=1&mime=audio%2Fwebm&ns=eoymYVtyaeisgAOitmZXdWUF&gir=yes&clen=1489610&dur=205.741&lmt=1605002249943917&mt=1608101795&fvip=1&keepalive=yes&c=WEB&txp=2311224&n=Vxdhkua7ymaQ6QN3n&sparams=expire%2Cei%2Cip%2Cid%2Citag%2Csource%2Crequiressl%2Cgcr%2Cvprv%2Cmime%2Cns%2Cgir%2Cclen%2Cdur%2Clmt&lsparams=mh%2Cmm%2Cmn%2Cms%2Cmv%2Cmvi%2Cpl%2Cinitcwndbps&lsig=AG3C_xAwRgIhAPuBY2YJKcK9PxmZq-mlJe_mO1nt6Pn3jj-ZMWOsCFstAiEAzu8E2XZtkRUJlEuN9s3PY09BJMynBmeCaKHQfsOwZ98%3D&sig=AOq0QJ8wRgIhANNkSmXOjn2sQMKhJLW5a0gFi7ZbO3dzLIY-J1fn_SjLAiEA6BBYAO9RkHROw7CYflx9u9qA2aS8BEPt1sZ0WnWIp0c=&ratebypass=yes", "player_url": "/s/player/62f90c99/player_ias.vflset/en_US/base.js", "ext": "webm", "format_note": "tiny", "acodec": "opus", "abr": 50, "asr": 48000, "filesize": 1489610, "fps": null, "height": null, "tbr": 60.536, "width": null, "vcodec": "none", "downloader_options": {"http_chunk_size": 10485760}, "format": "249 - audio only (tiny)", "protocol": "https", "http_headers": {"User-Agent": "Mozilla/5.0 (Windows NT 10.0; Win64; x64) AppleWebKit/537.36 (KHTML, like Gecko) Chrome/74.0.3726.1 Safari/537.36", "Accept-Charset": "ISO-8859-1,utf-8;q=0.7,*;q=0.7", "Accept": "text/html,application/xhtml+xml,application/xml;q=0.9,*/*;q=0.8", "Accept-Encoding": "gzip, deflate", "Accept-Language": "en-us,en;q=0.5"}}, {"format_id": "250", "url": "https://r1---sn-5njj-u2xe.googlevideo.com/videoplayback?expire=1608123751&ei=B7HZX73zDIf8gAPwiqzgBw&ip=140.109.135.166&id=o-AIdIcEMaIrX9LwyKzub3q5XlqYhb9FUpfb9dMIDtDexf&itag=250&source=youtube&requiressl=yes&mh=j6&mm=31%2C29&mn=sn-5njj-u2xe%2Csn-un57en7l&ms=au%2Crdu&mv=m&mvi=1&pl=16&gcr=tw&initcwndbps=385000&vprv=1&mime=audio%2Fwebm&ns=eoymYVtyaeisgAOitmZXdWUF&gir=yes&clen=1995611&dur=205.741&lmt=1605002331023698&mt=1608101795&fvip=1&keepalive=yes&c=WEB&txp=2311224&n=Vxdhkua7ymaQ6QN3n&sparams=expire%2Cei%2Cip%2Cid%2Citag%2Csource%2Crequiressl%2Cgcr%2Cvprv%2Cmime%2Cns%2Cgir%2Cclen%2Cdur%2Clmt&lsparams=mh%2Cmm%2Cmn%2Cms%2Cmv%2Cmvi%2Cpl%2Cinitcwndbps&lsig=AG3C_xAwRQIgc4KeTX0MieLITpSUZO86qQJSAdq4tMeHEObzOja3ZosCIQComytZhnZ4vdZGfRxVbSMGhgZQdlTibjoE39fbA3kq_g%3D%3D&sig=AOq0QJ8wRAIgaPTnlcmexzsOqvixmbydHj6aLXb1EH_sBiVKnwN2T_wCIGvZhnDrFZ5DQHhNz28Yqxu0MSkgK_g57f7OExhXzcdZ&ratebypass=yes", "player_url": "/s/player/62f90c99/player_ias.vflset/en_US/base.js", "ext": "webm", "format_note": "tiny", "acodec": "opus", "abr": 70, "asr": 48000, "filesize": 1995611, "fps": null, "height": null, "tbr": 81.108, "width": null, "vcodec": "none", "downloader_options": {"http_chunk_size": 10485760}, "format": "250 - audio only (tiny)", "protocol": "https", "http_headers": {"User-Agent": "Mozilla/5.0 (Windows NT 10.0; Win64; x64) AppleWebKit/537.36 (KHTML, like Gecko) Chrome/74.0.3726.1 Safari/537.36", "Accept-Charset": "ISO-8859-1,utf-8;q=0.7,*;q=0.7", "Accept": "text/html,application/xhtml+xml,application/xml;q=0.9,*/*;q=0.8", "Accept-Encoding": "gzip, deflate", "Accept-Language": "en-us,en;q=0.5"}}, {"format_id": "140", "url": "https://r1---sn-5njj-u2xe.googlevideo.com/videoplayback?expire=1608123751&ei=B7HZX73zDIf8gAPwiqzgBw&ip=140.109.135.166&id=o-AIdIcEMaIrX9LwyKzub3q5XlqYhb9FUpfb9dMIDtDexf&itag=140&source=youtube&requiressl=yes&mh=j6&mm=31%2C29&mn=sn-5njj-u2xe%2Csn-un57en7l&ms=au%2Crdu&mv=m&mvi=1&pl=16&gcr=tw&initcwndbps=385000&vprv=1&mime=audio%2Fmp4&ns=eoymYVtyaeisgAOitmZXdWUF&gir=yes&clen=3332285&dur=205.733&lmt=1605000762322728&mt=1608101795&fvip=1&keepalive=yes&c=WEB&txp=2311222&n=Vxdhkua7ymaQ6QN3n&sparams=expire%2Cei%2Cip%2Cid%2Citag%2Csource%2Crequiressl%2Cgcr%2Cvprv%2Cmime%2Cns%2Cgir%2Cclen%2Cdur%2Clmt&lsparams=mh%2Cmm%2Cmn%2Cms%2Cmv%2Cmvi%2Cpl%2Cinitcwndbps&lsig=AG3C_xAwRgIhALnxC7goVkMrKH3N5JFm946FvLKPHbtXgS0N3MvLTi3SAiEAkiQqzm2vvnjsyrmlwrp3b1B0yPgYpX6IVhf3ejBeLYk%3D&sig=AOq0QJ8wRgIhAPElylAw9p_iEopHdE4m07jxO1ZKZNM8H59M-_NBXdhzAiEA-HZ4VIHQ1emfoly4ATYirSrAEnoLXrLcJGppNd_TpWw=&ratebypass=yes", "player_url": "/s/player/62f90c99/player_ias.vflset/en_US/base.js", "ext": "m4a", "format_note": "tiny", "acodec": "mp4a.40.2", "abr": 128, "container": "m4a_dash", "asr": 44100, "filesize": 3332285, "fps": null, "height": null, "tbr": 131.047, "width": null, "vcodec": "none", "downloader_options": {"http_chunk_size": 10485760}, "format": "140 - audio only (tiny)", "protocol": "https", "http_headers": {"User-Agent": "Mozilla/5.0 (Windows NT 10.0; Win64; x64) AppleWebKit/537.36 (KHTML, like Gecko) Chrome/74.0.3726.1 Safari/537.36", "Accept-Charset": "ISO-8859-1,utf-8;q=0.7,*;q=0.7", "Accept": "text/html,application/xhtml+xml,application/xml;q=0.9,*/*;q=0.8", "Accept-Encoding": "gzip, deflate", "Accept-Language": "en-us,en;q=0.5"}}, {"format_id": "251", "url": "https://r1---sn-5njj-u2xe.googlevideo.com/videoplayback?expire=1608123751&ei=B7HZX73zDIf8gAPwiqzgBw&ip=140.109.135.166&id=o-AIdIcEMaIrX9LwyKzub3q5XlqYhb9FUpfb9dMIDtDexf&itag=251&source=youtube&requiressl=yes&mh=j6&mm=31%2C29&mn=sn-5njj-u2xe%2Csn-un57en7l&ms=au%2Crdu&mv=m&mvi=1&pl=16&gcr=tw&initcwndbps=385000&vprv=1&mime=audio%2Fwebm&ns=eoymYVtyaeisgAOitmZXdWUF&gir=yes&clen=3860171&dur=205.741&lmt=1605002250438588&mt=1608101795&fvip=1&keepalive=yes&c=WEB&txp=2311224&n=Vxdhkua7ymaQ6QN3n&sparams=expire%2Cei%2Cip%2Cid%2Citag%2Csource%2Crequiressl%2Cgcr%2Cvprv%2Cmime%2Cns%2Cgir%2Cclen%2Cdur%2Clmt&lsparams=mh%2Cmm%2Cmn%2Cms%2Cmv%2Cmvi%2Cpl%2Cinitcwndbps&lsig=AG3C_xAwRAIgfRLkSApkinSjp4aT_S8gwQ0w8_H1xKzA67wRCl3h4tQCIGRczu5GEEPrec44ff1E3RXC_hd-PtHloC5pCDn3zvjY&sig=AOq0QJ8wRQIhAIsQAHheGkYh1qWVRLzcwkVBjxeArO7PimX86m7Jlq5HAiBDULI-TuCvXRDK4k0hHdj9eHeao1tdLWQLbJGel0-NDA==&ratebypass=yes", "player_url": "/s/player/62f90c99/player_ias.vflset/en_US/base.js", "ext": "webm", "format_note": "tiny", "acodec": "opus", "abr": 160, "asr": 48000, "filesize": 3860171, "fps": null, "height": null, "tbr": 155.112, "width": null, "vcodec": "none", "downloader_options": {"http_chunk_size": 10485760}, "format": "251 - audio only (tiny)", "protocol": "https", "http_headers": {"User-Agent": "Mozilla/5.0 (Windows NT 10.0; Win64; x64) AppleWebKit/537.36 (KHTML, like Gecko) Chrome/74.0.3726.1 Safari/537.36", "Accept-Charset": "ISO-8859-1,utf-8;q=0.7,*;q=0.7", "Accept": "text/html,application/xhtml+xml,application/xml;q=0.9,*/*;q=0.8", "Accept-Encoding": "gzip, deflate", "Accept-Language": "en-us,en;q=0.5"}}, {"format_id": "278", "url": "https://r1---sn-5njj-u2xe.googlevideo.com/videoplayback?expire=1608123751&ei=B7HZX73zDIf8gAPwiqzgBw&ip=140.109.135.166&id=o-AIdIcEMaIrX9LwyKzub3q5XlqYhb9FUpfb9dMIDtDexf&itag=278&aitags=133%2C134%2C135%2C136%2C137%2C160%2C242%2C243%2C244%2C247%2C248%2C278&source=youtube&requiressl=yes&mh=j6&mm=31%2C29&mn=sn-5njj-u2xe%2Csn-un57en7l&ms=au%2Crdu&mv=m&mvi=1&pl=16&gcr=tw&initcwndbps=385000&vprv=1&mime=video%2Fwebm&ns=eoymYVtyaeisgAOitmZXdWUF&gir=yes&clen=357795&dur=205.720&lmt=1605002263185907&mt=1608101795&fvip=1&keepalive=yes&c=WEB&txp=2316224&n=Vxdhkua7ymaQ6QN3n&sparams=expire%2Cei%2Cip%2Cid%2Caitags%2Csource%2Crequiressl%2Cgcr%2Cvprv%2Cmime%2Cns%2Cgir%2Cclen%2Cdur%2Clmt&lsparams=mh%2Cmm%2Cmn%2Cms%2Cmv%2Cmvi%2Cpl%2Cinitcwndbps&lsig=AG3C_xAwRAIgdfQptowz5_V5SWz7GjcrLMOimXRXns2jStdwjVSs5XMCIHmiEbv04DHvR7RPHtUTIfE20ifGXuGBtkeIXT7z75C5&sig=AOq0QJ8wRQIgPJTYlpFpf9i1D-8B9cwcYaDHJZyNy0Fxxa8QcD07eYgCIQDnJN82qu7umdViPO-vgNzuYvTLVrhMiCfzblbbvbLHNQ==&ratebypass=yes", "player_url": "/s/player/62f90c99/player_ias.vflset/en_US/base.js", "ext": "webm", "height": 144, "format_note": "144p", "container": "webm", "vcodec": "vp9", "asr": null, "filesize": 357795, "fps": 25, "tbr": 15.318, "width": 144, "acodec": "none", "downloader_options": {"http_chunk_size": 10485760}, "format": "278 - 144x144 (144p)", "protocol": "https", "http_headers": {"User-Agent": "Mozilla/5.0 (Windows NT 10.0; Win64; x64) AppleWebKit/537.36 (KHTML, like Gecko) Chrome/74.0.3726.1 Safari/537.36", "Accept-Charset": "ISO-8859-1,utf-8;q=0.7,*;q=0.7", "Accept": "text/html,application/xhtml+xml,application/xml;q=0.9,*/*;q=0.8", "Accept-Encoding": "gzip, deflate", "Accept-Language": "en-us,en;q=0.5"}}, {"format_id": "242", "url": "https://r1---sn-5njj-u2xe.googlevideo.com/videoplayback?expire=1608123751&ei=B7HZX73zDIf8gAPwiqzgBw&ip=140.109.135.166&id=o-AIdIcEMaIrX9LwyKzub3q5XlqYhb9FUpfb9dMIDtDexf&itag=242&aitags=133%2C134%2C135%2C136%2C137%2C160%2C242%2C243%2C244%2C247%2C248%2C278&source=youtube&requiressl=yes&mh=j6&mm=31%2C29&mn=sn-5njj-u2xe%2Csn-un57en7l&ms=au%2Crdu&mv=m&mvi=1&pl=16&gcr=tw&initcwndbps=385000&vprv=1&mime=video%2Fwebm&ns=eoymYVtyaeisgAOitmZXdWUF&gir=yes&clen=496411&dur=205.720&lmt=1605002262706984&mt=1608101795&fvip=1&keepalive=yes&c=WEB&txp=2316224&n=Vxdhkua7ymaQ6QN3n&sparams=expire%2Cei%2Cip%2Cid%2Caitags%2Csource%2Crequiressl%2Cgcr%2Cvprv%2Cmime%2Cns%2Cgir%2Cclen%2Cdur%2Clmt&lsparams=mh%2Cmm%2Cmn%2Cms%2Cmv%2Cmvi%2Cpl%2Cinitcwndbps&lsig=AG3C_xAwRgIhAMX4TfiOGzp3wlB1JRP7A5DBYSTzanyVAkL9E_SGQirIAiEAl_1rjs_PDinSuki5VXFYN5PEryotJ7IgDMGleA6Gltk%3D&sig=AOq0QJ8wRgIhANV5KrXujgs2pgYcyZmVgd0K0FZUEhtWvkjTAmzbceBdAiEA3FUn1m53jmZSF4hfV1d0Hr825F4zMhX-eFlkpG7hErc=&ratebypass=yes", "player_url": "/s/player/62f90c99/player_ias.vflset/en_US/base.js", "ext": "webm", "height": 240, "format_note": "240p", "vcodec": "vp9", "asr": null, "filesize": 496411, "fps": 25, "tbr": 20.8, "width": 240, "acodec": "none", "downloader_options": {"http_chunk_size": 10485760}, "format": "242 - 240x240 (240p)", "protocol": "https", "http_headers": {"User-Agent": "Mozilla/5.0 (Windows NT 10.0; Win64; x64) AppleWebKit/537.36 (KHTML, like Gecko) Chrome/74.0.3726.1 Safari/537.36", "Accept-Charset": "ISO-8859-1,utf-8;q=0.7,*;q=0.7", "Accept": "text/html,application/xhtml+xml,application/xml;q=0.9,*/*;q=0.8", "Accept-Encoding": "gzip, deflate", "Accept-Language": "en-us,en;q=0.5"}}, {"format_id": "243", "url": "https://r1---sn-5njj-u2xe.googlevideo.com/videoplayback?expire=1608123751&ei=B7HZX73zDIf8gAPwiqzgBw&ip=140.109.135.166&id=o-AIdIcEMaIrX9LwyKzub3q5XlqYhb9FUpfb9dMIDtDexf&itag=243&aitags=133%2C134%2C135%2C136%2C137%2C160%2C242%2C243%2C244%2C247%2C248%2C278&source=youtube&requiressl=yes&mh=j6&mm=31%2C29&mn=sn-5njj-u2xe%2Csn-un57en7l&ms=au%2Crdu&mv=m&mvi=1&pl=16&gcr=tw&initcwndbps=385000&vprv=1&mime=video%2Fwebm&ns=eoymYVtyaeisgAOitmZXdWUF&gir=yes&clen=778718&dur=205.720&lmt=1605002263274973&mt=1608101795&fvip=1&keepalive=yes&c=WEB&txp=2316224&n=Vxdhkua7ymaQ6QN3n&sparams=expire%2Cei%2Cip%2Cid%2Caitags%2Csource%2Crequiressl%2Cgcr%2Cvprv%2Cmime%2Cns%2Cgir%2Cclen%2Cdur%2Clmt&lsparams=mh%2Cmm%2Cmn%2Cms%2Cmv%2Cmvi%2Cpl%2Cinitcwndbps&lsig=AG3C_xAwRgIhAIJyeBnSmtjFESZPqwdWGfEYx8bZ7uudtIAVYadngoq0AiEArLPGprHskfF6-0NOZjkGiB_moWrtIgoY569JiRIg5hA%3D&sig=AOq0QJ8wRgIhAPeH1B5-jd9R4a_pjK023-A1nQk1Sz11DGETtEprECGjAiEAzxZr_N6goRnsMSHNxi0i1f1MFnxUFNWqkAJBHzEZsTo=&ratebypass=yes", "player_url": "/s/player/62f90c99/player_ias.vflset/en_US/base.js", "ext": "webm", "height": 360, "format_note": "360p", "vcodec": "vp9", "asr": null, "filesize": 778718, "fps": 25, "tbr": 31.898, "width": 360, "acodec": "none", "downloader_options": {"http_chunk_size": 10485760}, "format": "243 - 360x360 (360p)", "protocol": "https", "http_headers": {"User-Agent": "Mozilla/5.0 (Windows NT 10.0; Win64; x64) AppleWebKit/537.36 (KHTML, like Gecko) Chrome/74.0.3726.1 Safari/537.36", "Accept-Charset": "ISO-8859-1,utf-8;q=0.7,*;q=0.7", "Accept": "text/html,application/xhtml+xml,application/xml;q=0.9,*/*;q=0.8", "Accept-Encoding": "gzip, deflate", "Accept-Language": "en-us,en;q=0.5"}}, {"format_id": "134", "url": "https://r1---sn-5njj-u2xe.googlevideo.com/videoplayback?expire=1608123751&ei=B7HZX73zDIf8gAPwiqzgBw&ip=140.109.135.166&id=o-AIdIcEMaIrX9LwyKzub3q5XlqYhb9FUpfb9dMIDtDexf&itag=134&aitags=133%2C134%2C135%2C136%2C137%2C160%2C242%2C243%2C244%2C247%2C248%2C278&source=youtube&requiressl=yes&mh=j6&mm=31%2C29&mn=sn-5njj-u2xe%2Csn-un57en7l&ms=au%2Crdu&mv=m&mvi=1&pl=16&gcr=tw&initcwndbps=385000&vprv=1&mime=video%2Fmp4&ns=eoymYVtyaeisgAOitmZXdWUF&gir=yes&clen=813524&dur=205.720&lmt=1605001627254081&mt=1608101795&fvip=1&keepalive=yes&c=WEB&txp=2311222&n=Vxdhkua7ymaQ6QN3n&sparams=expire%2Cei%2Cip%2Cid%2Caitags%2Csource%2Crequiressl%2Cgcr%2Cvprv%2Cmime%2Cns%2Cgir%2Cclen%2Cdur%2Clmt&lsparams=mh%2Cmm%2Cmn%2Cms%2Cmv%2Cmvi%2Cpl%2Cinitcwndbps&lsig=AG3C_xAwRAIgVYUHpZ_sQYlEV49TRhS4MzVG1qtMpuIqw90s-heAvzwCIBBH_6PLHvcgZC67n3UFXse_wE4C4CgB3_wXPo6Ui3WT&sig=AOq0QJ8wRAIgW4i9BpXIlUo8SxrU5jbQNIj4i_s-Bp_piJ54yns19vkCIB91vxtvUGE7nXxY0ldrkHGYfKuvxMlyUcBuM_I97oo_&ratebypass=yes", "player_url": "/s/player/62f90c99/player_ias.vflset/en_US/base.js", "ext": "mp4", "height": 360, "format_note": "360p", "vcodec": "avc1.4d4015", "asr": null, "filesize": 813524, "fps": 25, "tbr": 32.412, "width": 360, "acodec": "none", "downloader_options": {"http_chunk_size": 10485760}, "format": "134 - 360x360 (360p)", "protocol": "https", "http_headers": {"User-Agent": "Mozilla/5.0 (Windows NT 10.0; Win64; x64) AppleWebKit/537.36 (KHTML, like Gecko) Chrome/74.0.3726.1 Safari/537.36", "Accept-Charset": "ISO-8859-1,utf-8;q=0.7,*;q=0.7", "Accept": "text/html,application/xhtml+xml,application/xml;q=0.9,*/*;q=0.8", "Accept-Encoding": "gzip, deflate", "Accept-Language": "en-us,en;q=0.5"}}, {"format_id": "160", "url": "https://r1---sn-5njj-u2xe.googlevideo.com/videoplayback?expire=1608123751&ei=B7HZX73zDIf8gAPwiqzgBw&ip=140.109.135.166&id=o-AIdIcEMaIrX9LwyKzub3q5XlqYhb9FUpfb9dMIDtDexf&itag=160&aitags=133%2C134%2C135%2C136%2C137%2C160%2C242%2C243%2C244%2C247%2C248%2C278&source=youtube&requiressl=yes&mh=j6&mm=31%2C29&mn=sn-5njj-u2xe%2Csn-un57en7l&ms=au%2Crdu&mv=m&mvi=1&pl=16&gcr=tw&initcwndbps=385000&vprv=1&mime=video%2Fmp4&ns=eoymYVtyaeisgAOitmZXdWUF&gir=yes&clen=737438&dur=205.720&lmt=1605001627256642&mt=1608101795&fvip=1&keepalive=yes&c=WEB&txp=2311222&n=Vxdhkua7ymaQ6QN3n&sparams=expire%2Cei%2Cip%2Cid%2Caitags%2Csource%2Crequiressl%2Cgcr%2Cvprv%2Cmime%2Cns%2Cgir%2Cclen%2Cdur%2Clmt&lsparams=mh%2Cmm%2Cmn%2Cms%2Cmv%2Cmvi%2Cpl%2Cinitcwndbps&lsig=AG3C_xAwRQIgcdTNpiRsE_tJixwV9arstl6GzdoDwtNsLh0RA2FKeQsCIQC__3oSg1KRr9KTRX9WzMbsIZyavfBuVYsebgT946eSpw%3D%3D&sig=AOq0QJ8wRQIgW34fZk2kmrn3fraVbUPsUUgddW915oCRsfJ4WXx9T1ECIQC7LLPA8lC_pNzQLBUCijg6Xfx1o1GVGv4Ri2a9gxp9oA==&ratebypass=yes", "player_url": "/s/player/62f90c99/player_ias.vflset/en_US/base.js", "ext": "mp4", "height": 144, "format_note": "144p", "vcodec": "avc1.4d400b", "asr": null, "filesize": 737438, "fps": 25, "tbr": 35.768, "width": 144, "acodec": "none", "downloader_options": {"http_chunk_size": 10485760}, "format": "160 - 144x144 (144p)", "protocol": "https", "http_headers": {"User-Agent": "Mozilla/5.0 (Windows NT 10.0; Win64; x64) AppleWebKit/537.36 (KHTML, like Gecko) Chrome/74.0.3726.1 Safari/537.36", "Accept-Charset": "ISO-8859-1,utf-8;q=0.7,*;q=0.7", "Accept": "text/html,application/xhtml+xml,application/xml;q=0.9,*/*;q=0.8", "Accept-Encoding": "gzip, deflate", "Accept-Language": "en-us,en;q=0.5"}}, {"format_id": "244", "url": "https://r1---sn-5njj-u2xe.googlevideo.com/videoplayback?expire=1608123751&ei=B7HZX73zDIf8gAPwiqzgBw&ip=140.109.135.166&id=o-AIdIcEMaIrX9LwyKzub3q5XlqYhb9FUpfb9dMIDtDexf&itag=244&aitags=133%2C134%2C135%2C136%2C137%2C160%2C242%2C243%2C244%2C247%2C248%2C278&source=youtube&requiressl=yes&mh=j6&mm=31%2C29&mn=sn-5njj-u2xe%2Csn-un57en7l&ms=au%2Crdu&mv=m&mvi=1&pl=16&gcr=tw&initcwndbps=385000&vprv=1&mime=video%2Fwebm&ns=eoymYVtyaeisgAOitmZXdWUF&gir=yes&clen=1243387&dur=205.720&lmt=1605002268294608&mt=1608101795&fvip=1&keepalive=yes&c=WEB&txp=2316224&n=Vxdhkua7ymaQ6QN3n&sparams=expire%2Cei%2Cip%2Cid%2Caitags%2Csource%2Crequiressl%2Cgcr%2Cvprv%2Cmime%2Cns%2Cgir%2Cclen%2Cdur%2Clmt&lsparams=mh%2Cmm%2Cmn%2Cms%2Cmv%2Cmvi%2Cpl%2Cinitcwndbps&lsig=AG3C_xAwRQIhAI5z6O-D4QSIARfZHeuFBUR5SwXNe-2blz2aBrQ_xlLoAiBNR9_lfksQIXI1AxOY9JnawoW3m-qZ3ocu99G_ug5gSQ%3D%3D&sig=AOq0QJ8wRQIhANOlZfsmMT7EB3ARrhATjWmdVB-jx5q5LM0KcFOqo5_CAiACt6VLj8C2QoXdcOJWAMWR2g8a026vhACyw73LIlI73g==&ratebypass=yes", "player_url": "/s/player/62f90c99/player_ias.vflset/en_US/base.js", "ext": "webm", "height": 480, "format_note": "480p", "vcodec": "vp9", "asr": null, "filesize": 1243387, "fps": 25, "tbr": 50.006, "width": 480, "acodec": "none", "downloader_options": {"http_chunk_size": 10485760}, "format": "244 - 480x480 (480p)", "protocol": "https", "http_headers": {"User-Agent": "Mozilla/5.0 (Windows NT 10.0; Win64; x64) AppleWebKit/537.36 (KHTML, like Gecko) Chrome/74.0.3726.1 Safari/537.36", "Accept-Charset": "ISO-8859-1,utf-8;q=0.7,*;q=0.7", "Accept": "text/html,application/xhtml+xml,application/xml;q=0.9,*/*;q=0.8", "Accept-Encoding": "gzip, deflate", "Accept-Language": "en-us,en;q=0.5"}}, {"format_id": "135", "url": "https://r1---sn-5njj-u2xe.googlevideo.com/videoplayback?expire=1608123751&ei=B7HZX73zDIf8gAPwiqzgBw&ip=140.109.135.166&id=o-AIdIcEMaIrX9LwyKzub3q5XlqYhb9FUpfb9dMIDtDexf&itag=135&aitags=133%2C134%2C135%2C136%2C137%2C160%2C242%2C243%2C244%2C247%2C248%2C278&source=youtube&requiressl=yes&mh=j6&mm=31%2C29&mn=sn-5njj-u2xe%2Csn-un57en7l&ms=au%2Crdu&mv=m&mvi=1&pl=16&gcr=tw&initcwndbps=385000&vprv=1&mime=video%2Fmp4&ns=eoymYVtyaeisgAOitmZXdWUF&gir=yes&clen=1737496&dur=205.720&lmt=1605001627409331&mt=1608101795&fvip=1&keepalive=yes&c=WEB&txp=2311222&n=Vxdhkua7ymaQ6QN3n&sparams=expire%2Cei%2Cip%2Cid%2Caitags%2Csource%2Crequiressl%2Cgcr%2Cvprv%2Cmime%2Cns%2Cgir%2Cclen%2Cdur%2Clmt&lsparams=mh%2Cmm%2Cmn%2Cms%2Cmv%2Cmvi%2Cpl%2Cinitcwndbps&lsig=AG3C_xAwRQIhAITze5Pe9e-88KKKT429PYMlPwdaD7ypqJIhYnodinkJAiAcmKPhrVUDHCi_taybgJuwzKD1fyMP1TBSCvv9Lldpzg%3D%3D&sig=AOq0QJ8wRQIhALuc-zbXO--A79NJCtYT4zbJUq2QqF6tqYG_hxclh6IAAiAVyoDQCoWUKpG21du1-M0_GBfBy826-0rCOQY8af1Rsg==&ratebypass=yes", "player_url": "/s/player/62f90c99/player_ias.vflset/en_US/base.js", "ext": "mp4", "height": 480, "format_note": "480p", "vcodec": "avc1.4d401e", "asr": null, "filesize": 1737496, "fps": 25, "tbr": 69.212, "width": 480, "acodec": "none", "downloader_options": {"http_chunk_size": 10485760}, "format": "135 - 480x480 (480p)", "protocol": "https", "http_headers": {"User-Agent": "Mozilla/5.0 (Windows NT 10.0; Win64; x64) AppleWebKit/537.36 (KHTML, like Gecko) Chrome/74.0.3726.1 Safari/537.36", "Accept-Charset": "ISO-8859-1,utf-8;q=0.7,*;q=0.7", "Accept": "text/html,application/xhtml+xml,application/xml;q=0.9,*/*;q=0.8", "Accept-Encoding": "gzip, deflate", "Accept-Language": "en-us,en;q=0.5"}}, {"format_id": "133", "url": "https://r1---sn-5njj-u2xe.googlevideo.com/videoplayback?expire=1608123751&ei=B7HZX73zDIf8gAPwiqzgBw&ip=140.109.135.166&id=o-AIdIcEMaIrX9LwyKzub3q5XlqYhb9FUpfb9dMIDtDexf&itag=133&aitags=133%2C134%2C135%2C136%2C137%2C160%2C242%2C243%2C244%2C247%2C248%2C278&source=youtube&requiressl=yes&mh=j6&mm=31%2C29&mn=sn-5njj-u2xe%2Csn-un57en7l&ms=au%2Crdu&mv=m&mvi=1&pl=16&gcr=tw&initcwndbps=385000&vprv=1&mime=video%2Fmp4&ns=eoymYVtyaeisgAOitmZXdWUF&gir=yes&clen=1740047&dur=205.720&lmt=1605001627262706&mt=1608101795&fvip=1&keepalive=yes&c=WEB&txp=2311222&n=Vxdhkua7ymaQ6QN3n&sparams=expire%2Cei%2Cip%2Cid%2Caitags%2Csource%2Crequiressl%2Cgcr%2Cvprv%2Cmime%2Cns%2Cgir%2Cclen%2Cdur%2Clmt&lsparams=mh%2Cmm%2Cmn%2Cms%2Cmv%2Cmvi%2Cpl%2Cinitcwndbps&lsig=AG3C_xAwRQIhAK5qc8q4Y_qXZpA1Z7lQUrS86F_AgoOjFa6GaWM1MJsOAiAAnvyCc6BFtatHwH15TIBpaVSLHSqmEgMVBaKpKF8mmg%3D%3D&sig=AOq0QJ8wRQIhAIRK4gKrypq8SBn_69eeodC01p9pd9Ga1-mHvmd37RF3AiBO5arwBMZuIcayDwVIcZ9VF7GLSkEqsKI_lkpY2L4TjA==&ratebypass=yes", "player_url": "/s/player/62f90c99/player_ias.vflset/en_US/base.js", "ext": "mp4", "height": 240, "format_note": "240p", "vcodec": "avc1.4d400c", "asr": null, "filesize": 1740047, "fps": 25, "tbr": 86.218, "width": 240, "acodec": "none", "downloader_options": {"http_chunk_size": 10485760}, "format": "133 - 240x240 (240p)", "protocol": "https", "http_headers": {"User-Agent": "Mozilla/5.0 (Windows NT 10.0; Win64; x64) AppleWebKit/537.36 (KHTML, like Gecko) Chrome/74.0.3726.1 Safari/537.36", "Accept-Charset": "ISO-8859-1,utf-8;q=0.7,*;q=0.7", "Accept": "text/html,application/xhtml+xml,application/xml;q=0.9,*/*;q=0.8", "Accept-Encoding": "gzip, deflate", "Accept-Language": "en-us,en;q=0.5"}}, {"format_id": "247", "url": "https://r1---sn-5njj-u2xe.googlevideo.com/videoplayback?expire=1608123751&ei=B7HZX73zDIf8gAPwiqzgBw&ip=140.109.135.166&id=o-AIdIcEMaIrX9LwyKzub3q5XlqYhb9FUpfb9dMIDtDexf&itag=247&aitags=133%2C134%2C135%2C136%2C137%2C160%2C242%2C243%2C244%2C247%2C248%2C278&source=youtube&requiressl=yes&mh=j6&mm=31%2C29&mn=sn-5njj-u2xe%2Csn-un57en7l&ms=au%2Crdu&mv=m&mvi=1&pl=16&gcr=tw&initcwndbps=385000&vprv=1&mime=video%2Fwebm&ns=eoymYVtyaeisgAOitmZXdWUF&gir=yes&clen=2928156&dur=205.720&lmt=1605002262690001&mt=1608101795&fvip=1&keepalive=yes&c=WEB&txp=2316224&n=Vxdhkua7ymaQ6QN3n&sparams=expire%2Cei%2Cip%2Cid%2Caitags%2Csource%2Crequiressl%2Cgcr%2Cvprv%2Cmime%2Cns%2Cgir%2Cclen%2Cdur%2Clmt&lsparams=mh%2Cmm%2Cmn%2Cms%2Cmv%2Cmvi%2Cpl%2Cinitcwndbps&lsig=AG3C_xAwRAIgMaLjU1vJJB1pjaE4F4TrH4h3cnjFHkEiwYGBrFsHoiUCIFPuRIP_iMVt3QmfMEv1KxDbdfX7slHhdA2QNdl2p2uG&sig=AOq0QJ8wRAIgAZmj5eEmu_SXCTFAxNOuyXc9zzxbefbS9iphRPuWOPQCIEYKovVo7rtnOSNQrWls8neESq6W9bvjPKP-7YnLjx8T&ratebypass=yes", "player_url": "/s/player/62f90c99/player_ias.vflset/en_US/base.js", "ext": "webm", "height": 720, "format_note": "720p", "vcodec": "vp9", "asr": null, "filesize": 2928156, "fps": 25, "tbr": 114.892, "width": 720, "acodec": "none", "downloader_options": {"http_chunk_size": 10485760}, "format": "247 - 720x720 (720p)", "protocol": "https", "http_headers": {"User-Agent": "Mozilla/5.0 (Windows NT 10.0; Win64; x64) AppleWebKit/537.36 (KHTML, like Gecko) Chrome/74.0.3726.1 Safari/537.36", "Accept-Charset": "ISO-8859-1,utf-8;q=0.7,*;q=0.7", "Accept": "text/html,application/xhtml+xml,application/xml;q=0.9,*/*;q=0.8", "Accept-Encoding": "gzip, deflate", "Accept-Language": "en-us,en;q=0.5"}}, {"format_id": "136", "url": "https://r1---sn-5njj-u2xe.googlevideo.com/videoplayback?expire=1608123751&ei=B7HZX73zDIf8gAPwiqzgBw&ip=140.109.135.166&id=o-AIdIcEMaIrX9LwyKzub3q5XlqYhb9FUpfb9dMIDtDexf&itag=136&aitags=133%2C134%2C135%2C136%2C137%2C160%2C242%2C243%2C244%2C247%2C248%2C278&source=youtube&requiressl=yes&mh=j6&mm=31%2C29&mn=sn-5njj-u2xe%2Csn-un57en7l&ms=au%2Crdu&mv=m&mvi=1&pl=16&gcr=tw&initcwndbps=385000&vprv=1&mime=video%2Fmp4&ns=eoymYVtyaeisgAOitmZXdWUF&gir=yes&clen=3994331&dur=205.720&lmt=1605001627291782&mt=1608101795&fvip=1&keepalive=yes&c=WEB&txp=2311222&n=Vxdhkua7ymaQ6QN3n&sparams=expire%2Cei%2Cip%2Cid%2Caitags%2Csource%2Crequiressl%2Cgcr%2Cvprv%2Cmime%2Cns%2Cgir%2Cclen%2Cdur%2Clmt&lsparams=mh%2Cmm%2Cmn%2Cms%2Cmv%2Cmvi%2Cpl%2Cinitcwndbps&lsig=AG3C_xAwRQIgZH7MtWwHn77CsggUfLyN0oZ6YigElsU_mpEBkOtT22gCIQDDYzckmgtbSmahbYGVzKtPvQu5UNkDzeOitKnbSspnTA%3D%3D&sig=AOq0QJ8wRgIhALq4CkmYVyP71BJ-B0NZIhiH2x_LdfzB5-FwZKKvQaR5AiEA2utZ0caRFMKrcmu2YvB1z4om7qFwfbRGrunCy5pAzZk=&ratebypass=yes", "player_url": "/s/player/62f90c99/player_ias.vflset/en_US/base.js", "ext": "mp4", "height": 720, "format_note": "720p", "vcodec": "avc1.4d401f", "asr": null, "filesize": 3994331, "fps": 25, "tbr": 159.292, "width": 720, "acodec": "none", "downloader_options": {"http_chunk_size": 10485760}, "format": "136 - 720x720 (720p)", "protocol": "https", "http_headers": {"User-Agent": "Mozilla/5.0 (Windows NT 10.0; Win64; x64) AppleWebKit/537.36 (KHTML, like Gecko) Chrome/74.0.3726.1 Safari/537.36", "Accept-Charset": "ISO-8859-1,utf-8;q=0.7,*;q=0.7", "Accept": "text/html,application/xhtml+xml,application/xml;q=0.9,*/*;q=0.8", "Accept-Encoding": "gzip, deflate", "Accept-Language": "en-us,en;q=0.5"}}, {"format_id": "137", "url": "https://r1---sn-5njj-u2xe.googlevideo.com/videoplayback?expire=1608123751&ei=B7HZX73zDIf8gAPwiqzgBw&ip=140.109.135.166&id=o-AIdIcEMaIrX9LwyKzub3q5XlqYhb9FUpfb9dMIDtDexf&itag=137&aitags=133%2C134%2C135%2C136%2C137%2C160%2C242%2C243%2C244%2C247%2C248%2C278&source=youtube&requiressl=yes&mh=j6&mm=31%2C29&mn=sn-5njj-u2xe%2Csn-un57en7l&ms=au%2Crdu&mv=m&mvi=1&pl=16&gcr=tw&initcwndbps=385000&vprv=1&mime=video%2Fmp4&ns=eoymYVtyaeisgAOitmZXdWUF&gir=yes&clen=9528672&dur=205.720&lmt=1605001627257865&mt=1608101795&fvip=1&keepalive=yes&c=WEB&txp=2311222&n=Vxdhkua7ymaQ6QN3n&sparams=expire%2Cei%2Cip%2Cid%2Caitags%2Csource%2Crequiressl%2Cgcr%2Cvprv%2Cmime%2Cns%2Cgir%2Cclen%2Cdur%2Clmt&lsparams=mh%2Cmm%2Cmn%2Cms%2Cmv%2Cmvi%2Cpl%2Cinitcwndbps&lsig=AG3C_xAwRgIhAJi7JB4GVfO2bqDlNac-baFCoPvZ-MFAul01Nrj2E_rKAiEAxXtmddIrEZViyzLlJaZoQf56zG2cG-u8iLB7A5vzvlo%3D&sig=AOq0QJ8wRAIgUK6QOdg_4td66ouctr8r9v7p1ZBmxW3O963f1MUCUIQCICTLJGmatNEBmtkwOiPe5fuM_l19QBo2llZPd51mBWiC&ratebypass=yes", "player_url": "/s/player/62f90c99/player_ias.vflset/en_US/base.js", "ext": "mp4", "height": 1080, "format_note": "1080p", "vcodec": "avc1.640020", "asr": null, "filesize": 9528672, "fps": 25, "tbr": 388.895, "width": 1080, "acodec": "none", "downloader_options": {"http_chunk_size": 10485760}, "format": "137 - 1080x1080 (1080p)", "protocol": "https", "http_headers": {"User-Agent": "Mozilla/5.0 (Windows NT 10.0; Win64; x64) AppleWebKit/537.36 (KHTML, like Gecko) Chrome/74.0.3726.1 Safari/537.36", "Accept-Charset": "ISO-8859-1,utf-8;q=0.7,*;q=0.7", "Accept": "text/html,application/xhtml+xml,application/xml;q=0.9,*/*;q=0.8", "Accept-Encoding": "gzip, deflate", "Accept-Language": "en-us,en;q=0.5"}}, {"format_id": "248", "url": "https://r1---sn-5njj-u2xe.googlevideo.com/videoplayback?expire=1608123751&ei=B7HZX73zDIf8gAPwiqzgBw&ip=140.109.135.166&id=o-AIdIcEMaIrX9LwyKzub3q5XlqYhb9FUpfb9dMIDtDexf&itag=248&aitags=133%2C134%2C135%2C136%2C137%2C160%2C242%2C243%2C244%2C247%2C248%2C278&source=youtube&requiressl=yes&mh=j6&mm=31%2C29&mn=sn-5njj-u2xe%2Csn-un57en7l&ms=au%2Crdu&mv=m&mvi=1&pl=16&gcr=tw&initcwndbps=385000&vprv=1&mime=video%2Fwebm&ns=eoymYVtyaeisgAOitmZXdWUF&gir=yes&clen=11264905&dur=205.720&lmt=1605002267265651&mt=1608101795&fvip=1&keepalive=yes&c=WEB&txp=2316224&n=Vxdhkua7ymaQ6QN3n&sparams=expire%2Cei%2Cip%2Cid%2Caitags%2Csource%2Crequiressl%2Cgcr%2Cvprv%2Cmime%2Cns%2Cgir%2Cclen%2Cdur%2Clmt&lsparams=mh%2Cmm%2Cmn%2Cms%2Cmv%2Cmvi%2Cpl%2Cinitcwndbps&lsig=AG3C_xAwRgIhAPBNb2x6WNMFbMQQhfdZENJjGdhecdagMD7_mQQydgcCAiEAoCZxjrdpjqhtBebotyZci-Xj0YYZxCl1MnG7RT3SBiU%3D&sig=AOq0QJ8wRQIgPqdcqg5nlvnawjvaBzvwM_cgvcYoDAhHRfTynGdxocsCIQCU5D48JMgkMP-36Dym7Nv3Av_RCa4haz0jKTNq4IFAlw==&ratebypass=yes", "player_url": "/s/player/62f90c99/player_ias.vflset/en_US/base.js", "ext": "webm", "height": 1080, "format_note": "1080p", "vcodec": "vp9", "asr": null, "filesize": 11264905, "fps": 25, "tbr": 440.054, "width": 1080, "acodec": "none", "downloader_options": {"http_chunk_size": 10485760}, "format": "248 - 1080x1080 (1080p)", "protocol": "https", "http_headers": {"User-Agent": "Mozilla/5.0 (Windows NT 10.0; Win64; x64) AppleWebKit/537.36 (KHTML, like Gecko) Chrome/74.0.3726.1 Safari/537.36", "Accept-Charset": "ISO-8859-1,utf-8;q=0.7,*;q=0.7", "Accept": "text/html,application/xhtml+xml,application/xml;q=0.9,*/*;q=0.8", "Accept-Encoding": "gzip, deflate", "Accept-Language": "en-us,en;q=0.5"}}, {"format_id": "18", "url": "https://r1---sn-5njj-u2xe.googlevideo.com/videoplayback?expire=1608123751&ei=B7HZX73zDIf8gAPwiqzgBw&ip=140.109.135.166&id=o-AIdIcEMaIrX9LwyKzub3q5XlqYhb9FUpfb9dMIDtDexf&itag=18&source=youtube&requiressl=yes&mh=j6&mm=31%2C29&mn=sn-5njj-u2xe%2Csn-un57en7l&ms=au%2Crdu&mv=m&mvi=1&pl=16&gcr=tw&initcwndbps=385000&vprv=1&mime=video%2Fmp4&ns=_p_Kf8LAlUjMvqdzSSLm_joF&gir=yes&clen=3582111&ratebypass=yes&dur=205.775&lmt=1605001109543480&mt=1608101795&fvip=1&c=WEB&txp=2310222&n=bv2WKaPnXvP7nAgMo&sparams=expire%2Cei%2Cip%2Cid%2Citag%2Csource%2Crequiressl%2Cgcr%2Cvprv%2Cmime%2Cns%2Cgir%2Cclen%2Cratebypass%2Cdur%2Clmt&lsparams=mh%2Cmm%2Cmn%2Cms%2Cmv%2Cmvi%2Cpl%2Cinitcwndbps&lsig=AG3C_xAwRAIgYvpSWnYj-J0-VdcHcyCgoRCIVR5D7HLImtnOI-xAD3sCIFStXb2ESdrGIsbg6H5PoILYOyTn0fwDc9RvEhx0PI8K&sig=AOq0QJ8wRAIgHgFRv6XhFtwCQYMvYMFWvvyMaU9diMCq_xIk74295bcCIAHIBkTzy3ljuu4X62KJl5c5srKyXOhzPL7fak8-uGaT", "player_url": "/s/player/62f90c99/player_ias.vflset/en_US/base.js", "ext": "mp4", "width": 360, "height": 360, "acodec": "mp4a.40.2", "abr": 96, "vcodec": "avc1.42001E", "asr": 44100, "filesize": 3582111, "format_note": "360p", "fps": 25, "tbr": 139.3, "format": "18 - 360x360 (360p)", "protocol": "https", "http_headers": {"User-Agent": "Mozilla/5.0 (Windows NT 10.0; Win64; x64) AppleWebKit/537.36 (KHTML, like Gecko) Chrome/74.0.3726.1 Safari/537.36", "Accept-Charset": "ISO-8859-1,utf-8;q=0.7,*;q=0.7", "Accept": "text/html,application/xhtml+xml,application/xml;q=0.9,*/*;q=0.8", "Accept-Encoding": "gzip, deflate", "Accept-Language": "en-us,en;q=0.5"}}], "is_live": null, "start_time": null, "end_time": null, "series": null, "season_number": null, "episode_number": null, "track": "If Not for You", "artist": "Henri Bentley", "album": "If Not for You", "release_date": "20201211", "release_year": 2020, "extractor": "youtube", "webpage_url_basename": "watch", "extractor_key": "Youtube", "playlist": null, "playlist_index": null, "thumbnail": "https://i.ytimg.com/vi_webp/ilCcZpD39HU/maxresdefault.webp", "display_id": "ilCcZpD39HU", "requested_subtitles": null, "format_id": "251", "url": "https://r1---sn-5njj-u2xe.googlevideo.com/videoplayback?expire=1608123751&ei=B7HZX73zDIf8gAPwiqzgBw&ip=140.109.135.166&id=o-AIdIcEMaIrX9LwyKzub3q5XlqYhb9FUpfb9dMIDtDexf&itag=251&source=youtube&requiressl=yes&mh=j6&mm=31%2C29&mn=sn-5njj-u2xe%2Csn-un57en7l&ms=au%2Crdu&mv=m&mvi=1&pl=16&gcr=tw&initcwndbps=385000&vprv=1&mime=audio%2Fwebm&ns=eoymYVtyaeisgAOitmZXdWUF&gir=yes&clen=3860171&dur=205.741&lmt=1605002250438588&mt=1608101795&fvip=1&keepalive=yes&c=WEB&txp=2311224&n=Vxdhkua7ymaQ6QN3n&sparams=expire%2Cei%2Cip%2Cid%2Citag%2Csource%2Crequiressl%2Cgcr%2Cvprv%2Cmime%2Cns%2Cgir%2Cclen%2Cdur%2Clmt&lsparams=mh%2Cmm%2Cmn%2Cms%2Cmv%2Cmvi%2Cpl%2Cinitcwndbps&lsig=AG3C_xAwRAIgfRLkSApkinSjp4aT_S8gwQ0w8_H1xKzA67wRCl3h4tQCIGRczu5GEEPrec44ff1E3RXC_hd-PtHloC5pCDn3zvjY&sig=AOq0QJ8wRQIhAIsQAHheGkYh1qWVRLzcwkVBjxeArO7PimX86m7Jlq5HAiBDULI-TuCvXRDK4k0hHdj9eHeao1tdLWQLbJGel0-NDA==&ratebypass=yes", "player_url": "/s/player/62f90c99/player_ias.vflset/en_US/base.js", "ext": "webm", "format_note": "tiny", "acodec": "opus", "abr": 160, "asr": 48000, "filesize": 3860171, "fps": null, "height": null, "tbr": 155.112, "width": null, "vcodec": "none", "downloader_options": {"http_chunk_size": 10485760}, "format": "251 - audio only (tiny)", "protocol": "https", "http_headers": {"User-Agent": "Mozilla/5.0 (Windows NT 10.0; Win64; x64) AppleWebKit/537.36 (KHTML, like Gecko) Chrome/74.0.3726.1 Safari/537.36", "Accept-Charset": "ISO-8859-1,utf-8;q=0.7,*;q=0.7", "Accept": "text/html,application/xhtml+xml,application/xml;q=0.9,*/*;q=0.8", "Accept-Encoding": "gzip, deflate", "Accept-Language": "en-us,en;q=0.5"}}