{"id": "kxM_eWmdtRo", "uploader": "Jurrivh", "uploader_id": "Jurrivh", "uploader_url": "http://www.youtube.com/user/Jurrivh", "channel_id": "UCLh10hzbQJPg0Hho1VdGXwA", "channel_url": "http://www.youtube.com/channel/UCLh10hzbQJPg0Hho1VdGXwA", "upload_date": "20201210", "license": null, "creator": null, "title": "Jurrivh & Joni Van Rossum - Fall (Official Video)", "alt_title": null, "thumbnails": [{"url": "https://i.ytimg.com/vi/kxM_eWmdtRo/hqdefault.jpg?sqp=-oaymwEYCKgBEF5IVfKriqkDCwgBFQAAiEIYAXAB&rs=AOn4CLA5QyBYPYlJwk3nybdjX2GoZqyKEg", "width": 168, "height": 94, "resolution": "168x94", "id": "0"}, {"url": "https://i.ytimg.com/vi/kxM_eWmdtRo/hqdefault.jpg?sqp=-oaymwEYCMQBEG5IVfKriqkDCwgBFQAAiEIYAXAB&rs=AOn4CLDm4ft9o4sTmwKEdkYwp9D8erutTw", "width": 196, "height": 110, "resolution": "196x110", "id": "1"}, {"url": "https://i.ytimg.com/vi/kxM_eWmdtRo/hqdefault.jpg?sqp=-oaymwEZCPYBEIoBSFXyq4qpAwsIARUAAIhCGAFwAQ==&rs=AOn4CLDLS06-pyFXr7LVHV6JUWfZ_FCmQg", "width": 246, "height": 138, "resolution": "246x138", "id": "2"}, {"url": "https://i.ytimg.com/vi/kxM_eWmdtRo/hqdefault.jpg?sqp=-oaymwEZCNACELwBSFXyq4qpAwsIARUAAIhCGAFwAQ==&rs=AOn4CLCjMNfNhEUOWx4d4qO1ZXUKO-NP8w", "width": 336, "height": 188, "resolution": "336x188", "id": "3"}, {"url": "https://i.ytimg.com/vi/kxM_eWmdtRo/maxresdefault.jpg", "width": 1920, "height": 1080, "resolution": "1920x1080", "id": "4"}], "description": "The official \u201cFall\u201d music video by Jurrivh & Joni Van Rossum. Listen & download the song here: https://jurrivh.lnk.to/fall\n\n\u25baSubscribe to Jurrivh: http://bit.ly/SubToJurrivh\n\u25baBuy Sheet Music: https://sellfy.com/jurrivh/p/fall-jurrivh-and-joni-van-rossum-sheet-music/\n\n\u25baFollow Jurrivh:\nInstagram: https://www.instagram.com/jurrivh/\nTwitter: http://twitter.com/jurrivh\nFacebook: https://www.facebook.com/jurrivh/\n\n\u25baFollow Joni Van Rossum:\nYoutube: https://www.youtube.com/channel/UCvYugCTzsRHesSGEauQ_8Ng\nInstagram: http://www.instagram.com/rossumjonivan/\nFacebook: http://www.facebook.com/jonivrmusic/\nTwitter: http://twitter.com/JoniRossum\n\n#Jurrivh #Fall #JurrivhJoniVanRossumFall", "categories": ["Music"], "tags": ["Jurrivh", "Fall", "Jurrivh Fall", "Fall Jurrivh", "Jurrivh Joni Van Rossum Fall", "Joni Van Rossum Fall", "Fall Joni Van Rossum", "Fall Jurrivh Joni Van Rossum", "Jurrivh & Joni Van Rossum - Fall (Official Video)", "Fall Official Video", "Jurrivh Fall Official Video", "Joni Van Rossum Fall Official Video", "Jurrivh Joni Van Rossum Fall Official Video", "Piano Music", "Sad Piano Song", "Sad Piano Music", "Piano Composition", "Original Piano Composition"], "subtitles": {}, "automatic_captions": {}, "duration": 209, "age_limit": 0, "annotations": null, "chapters": null, "webpage_url": "https://www.youtube.com/watch?v=kxM_eWmdtRo", "view_count": 29957, "like_count": 1957, "dislike_count": 14, "average_rating": 4.9715881, "formats": [{"format_id": "249", "url": "https://r5---sn-ipoxu-u2xd.googlevideo.com/videoplayback?expire=1610392262&ei=Zk78X7btKIaHqQHe2J34Cg&ip=220.129.26.102&id=o-ALCKj9N-NdDOnazESdxmVGFWkMEjggW8PMEvINnnIrmR&itag=249&source=youtube&requiressl=yes&mh=DV&mm=31%2C29&mn=sn-ipoxu-u2xd%2Csn-un57sn76&ms=au%2Crdu&mv=m&mvi=5&pcm2cms=yes&pl=21&initcwndbps=1125000&vprv=1&mime=audio%2Fwebm&ns=QC3HeEHCDZND7MdI_DaJ-G4F&gir=yes&clen=1402041&dur=208.781&lmt=1607632918195437&mt=1610370272&fvip=5&keepalive=yes&c=WEB&txp=5432434&n=tpEaOlnl4CupO4&sparams=expire%2Cei%2Cip%2Cid%2Citag%2Csource%2Crequiressl%2Cvprv%2Cmime%2Cns%2Cgir%2Cclen%2Cdur%2Clmt&sig=AOq0QJ8wRgIhAMPoSa7lgIFsMwAqDo5iMTGYY4qgbGvOGQeCKFSmfIpFAiEAicPp3ff-wSIR_s7rUQ2bYmei4NBjTo3bAkD0S-YsP2k%3D&lsparams=mh%2Cmm%2Cmn%2Cms%2Cmv%2Cmvi%2Cpcm2cms%2Cpl%2Cinitcwndbps&lsig=AG3C_xAwRQIgMcR1KObnVLBjNKxsAEa9OvCghqUg7VmDJkOQivQgYuECIQCj9u7KsFRaSu_p4S9lxls9tnHSu0hnqchcZkNuYaenYw%3D%3D&ratebypass=yes", "player_url": null, "ext": "webm", "format_note": "tiny", "acodec": "opus", "abr": 50, "asr": 48000, "filesize": 1402041, "fps": null, "height": null, "tbr": 59.505, "width": null, "vcodec": "none", "downloader_options": {"http_chunk_size": 10485760}, "format": "249 - audio only (tiny)", "protocol": "https", "http_headers": {"User-Agent": "Mozilla/5.0 (Windows NT 10.0; Win64; x64) AppleWebKit/537.36 (KHTML, like Gecko) Chrome/73.0.3683.38 Safari/537.36", "Accept-Charset": "ISO-8859-1,utf-8;q=0.7,*;q=0.7", "Accept": "text/html,application/xhtml+xml,application/xml;q=0.9,*/*;q=0.8", "Accept-Encoding": "gzip, deflate", "Accept-Language": "en-us,en;q=0.5"}}, {"format_id": "250", "url": "https://r5---sn-ipoxu-u2xd.googlevideo.com/videoplayback?expire=1610392262&ei=Zk78X7btKIaHqQHe2J34Cg&ip=220.129.26.102&id=o-ALCKj9N-NdDOnazESdxmVGFWkMEjggW8PMEvINnnIrmR&itag=250&source=youtube&requiressl=yes&mh=DV&mm=31%2C29&mn=sn-ipoxu-u2xd%2Csn-un57sn76&ms=au%2Crdu&mv=m&mvi=5&pcm2cms=yes&pl=21&initcwndbps=1125000&vprv=1&mime=audio%2Fwebm&ns=QC3HeEHCDZND7MdI_DaJ-G4F&gir=yes&clen=1870596&dur=208.781&lmt=1607632918143602&mt=1610370272&fvip=5&keepalive=yes&c=WEB&txp=5432434&n=tpEaOlnl4CupO4&sparams=expire%2Cei%2Cip%2Cid%2Citag%2Csource%2Crequiressl%2Cvprv%2Cmime%2Cns%2Cgir%2Cclen%2Cdur%2Clmt&sig=AOq0QJ8wRQIgCpXx9rtAjPVBrgfjN24SMTwOUgGMUmQvfPVPdZ-nxxMCIQDRuFN085b2RE1xQLBy5ljKW2Hrfm9-AeeJx11HsXR1-A%3D%3D&lsparams=mh%2Cmm%2Cmn%2Cms%2Cmv%2Cmvi%2Cpcm2cms%2Cpl%2Cinitcwndbps&lsig=AG3C_xAwRQIgMcR1KObnVLBjNKxsAEa9OvCghqUg7VmDJkOQivQgYuECIQCj9u7KsFRaSu_p4S9lxls9tnHSu0hnqchcZkNuYaenYw%3D%3D&ratebypass=yes", "player_url": null, "ext": "webm", "format_note": "tiny", "acodec": "opus", "abr": 70, "asr": 48000, "filesize": 1870596, "fps": null, "height": null, "tbr": 77.344, "width": null, "vcodec": "none", "downloader_options": {"http_chunk_size": 10485760}, "format": "250 - audio only (tiny)", "protocol": "https", "http_headers": {"User-Agent": "Mozilla/5.0 (Windows NT 10.0; Win64; x64) AppleWebKit/537.36 (KHTML, like Gecko) Chrome/73.0.3683.38 Safari/537.36", "Accept-Charset": "ISO-8859-1,utf-8;q=0.7,*;q=0.7", "Accept": "text/html,application/xhtml+xml,application/xml;q=0.9,*/*;q=0.8", "Accept-Encoding": "gzip, deflate", "Accept-Language": "en-us,en;q=0.5"}}, {"format_id": "140", "url": "https://r5---sn-ipoxu-u2xd.googlevideo.com/videoplayback?expire=1610392262&ei=Zk78X7btKIaHqQHe2J34Cg&ip=220.129.26.102&id=o-ALCKj9N-NdDOnazESdxmVGFWkMEjggW8PMEvINnnIrmR&itag=140&source=youtube&requiressl=yes&mh=DV&mm=31%2C29&mn=sn-ipoxu-u2xd%2Csn-un57sn76&ms=au%2Crdu&mv=m&mvi=5&pcm2cms=yes&pl=21&initcwndbps=1125000&vprv=1&mime=audio%2Fmp4&ns=QC3HeEHCDZND7MdI_DaJ-G4F&gir=yes&clen=3380144&dur=208.817&lmt=1607632918510166&mt=1610370272&fvip=5&keepalive=yes&c=WEB&txp=5432434&n=tpEaOlnl4CupO4&sparams=expire%2Cei%2Cip%2Cid%2Citag%2Csource%2Crequiressl%2Cvprv%2Cmime%2Cns%2Cgir%2Cclen%2Cdur%2Clmt&sig=AOq0QJ8wRQIhANC_cegWrYk_iARkbhKICiq4MeFxSt2QCIAINcWuCuAtAiByETrAXvUaSulPlF-d2wUuy6hBIv3szkarOILFGKW-Pg%3D%3D&lsparams=mh%2Cmm%2Cmn%2Cms%2Cmv%2Cmvi%2Cpcm2cms%2Cpl%2Cinitcwndbps&lsig=AG3C_xAwRQIgMcR1KObnVLBjNKxsAEa9OvCghqUg7VmDJkOQivQgYuECIQCj9u7KsFRaSu_p4S9lxls9tnHSu0hnqchcZkNuYaenYw%3D%3D&ratebypass=yes", "player_url": null, "ext": "m4a", "format_note": "tiny", "acodec": "mp4a.40.2", "abr": 128, "container": "m4a_dash", "asr": 44100, "filesize": 3380144, "fps": null, "height": null, "tbr": 130.482, "width": null, "vcodec": "none", "downloader_options": {"http_chunk_size": 10485760}, "format": "140 - audio only (tiny)", "protocol": "https", "http_headers": {"User-Agent": "Mozilla/5.0 (Windows NT 10.0; Win64; x64) AppleWebKit/537.36 (KHTML, like Gecko) Chrome/73.0.3683.38 Safari/537.36", "Accept-Charset": "ISO-8859-1,utf-8;q=0.7,*;q=0.7", "Accept": "text/html,application/xhtml+xml,application/xml;q=0.9,*/*;q=0.8", "Accept-Encoding": "gzip, deflate", "Accept-Language": "en-us,en;q=0.5"}}, {"format_id": "251", "url": "https://r5---sn-ipoxu-u2xd.googlevideo.com/videoplayback?expire=1610392262&ei=Zk78X7btKIaHqQHe2J34Cg&ip=220.129.26.102&id=o-ALCKj9N-NdDOnazESdxmVGFWkMEjggW8PMEvINnnIrmR&itag=251&source=youtube&requiressl=yes&mh=DV&mm=31%2C29&mn=sn-ipoxu-u2xd%2Csn-un57sn76&ms=au%2Crdu&mv=m&mvi=5&pcm2cms=yes&pl=21&initcwndbps=1125000&vprv=1&mime=audio%2Fwebm&ns=QC3HeEHCDZND7MdI_DaJ-G4F&gir=yes&clen=3656477&dur=208.781&lmt=1607632918154136&mt=1610370272&fvip=5&keepalive=yes&c=WEB&txp=5432434&n=tpEaOlnl4CupO4&sparams=expire%2Cei%2Cip%2Cid%2Citag%2Csource%2Crequiressl%2Cvprv%2Cmime%2Cns%2Cgir%2Cclen%2Cdur%2Clmt&sig=AOq0QJ8wRgIhAKjdWME-ovCvtQqKtA7jis4XutoJ7pT35cBJ6AlWf_PbAiEAi7_aoXZqWUplrYjWEFuWCzGkZumClgvBFwQJmIoKPwc%3D&lsparams=mh%2Cmm%2Cmn%2Cms%2Cmv%2Cmvi%2Cpcm2cms%2Cpl%2Cinitcwndbps&lsig=AG3C_xAwRQIgMcR1KObnVLBjNKxsAEa9OvCghqUg7VmDJkOQivQgYuECIQCj9u7KsFRaSu_p4S9lxls9tnHSu0hnqchcZkNuYaenYw%3D%3D&ratebypass=yes", "player_url": null, "ext": "webm", "format_note": "tiny", "acodec": "opus", "abr": 160, "asr": 48000, "filesize": 3656477, "fps": null, "height": null, "tbr": 151.124, "width": null, "vcodec": "none", "downloader_options": {"http_chunk_size": 10485760}, "format": "251 - audio only (tiny)", "protocol": "https", "http_headers": {"User-Agent": "Mozilla/5.0 (Windows NT 10.0; Win64; x64) AppleWebKit/537.36 (KHTML, like Gecko) Chrome/73.0.3683.38 Safari/537.36", "Accept-Charset": "ISO-8859-1,utf-8;q=0.7,*;q=0.7", "Accept": "text/html,application/xhtml+xml,application/xml;q=0.9,*/*;q=0.8", "Accept-Encoding": "gzip, deflate", "Accept-Language": "en-us,en;q=0.5"}}, {"format_id": "160", "url": "https://r5---sn-ipoxu-u2xd.googlevideo.com/videoplayback?expire=1610392262&ei=Zk78X7btKIaHqQHe2J34Cg&ip=220.129.26.102&id=o-ALCKj9N-NdDOnazESdxmVGFWkMEjggW8PMEvINnnIrmR&itag=160&aitags=133%2C134%2C135%2C136%2C137%2C160%2C242%2C243%2C244%2C247%2C248%2C278&source=youtube&requiressl=yes&mh=DV&mm=31%2C29&mn=sn-ipoxu-u2xd%2Csn-un57sn76&ms=au%2Crdu&mv=m&mvi=5&pcm2cms=yes&pl=21&initcwndbps=1125000&vprv=1&mime=video%2Fmp4&ns=QC3HeEHCDZND7MdI_DaJ-G4F&gir=yes&clen=878942&dur=208.749&lmt=1607631368632104&mt=1610370272&fvip=5&keepalive=yes&c=WEB&txp=5432434&n=tpEaOlnl4CupO4&sparams=expire%2Cei%2Cip%2Cid%2Caitags%2Csource%2Crequiressl%2Cvprv%2Cmime%2Cns%2Cgir%2Cclen%2Cdur%2Clmt&sig=AOq0QJ8wRQIgRY5fJY2JJxqN2LVD1nPGeOYqs9O-i1-2ZTT9R2fduUoCIQDgH1xhvqqWOfcvJ_sAhhDihi-eg8KlY_JQs7fQN-2lUQ%3D%3D&lsparams=mh%2Cmm%2Cmn%2Cms%2Cmv%2Cmvi%2Cpcm2cms%2Cpl%2Cinitcwndbps&lsig=AG3C_xAwRQIgMcR1KObnVLBjNKxsAEa9OvCghqUg7VmDJkOQivQgYuECIQCj9u7KsFRaSu_p4S9lxls9tnHSu0hnqchcZkNuYaenYw%3D%3D&ratebypass=yes", "player_url": null, "ext": "mp4", "height": 144, "format_note": "144p", "vcodec": "avc1.4d400c", "asr": null, "filesize": 878942, "fps": 24, "tbr": 61.532, "width": 256, "acodec": "none", "downloader_options": {"http_chunk_size": 10485760}, "format": "160 - 256x144 (144p)", "protocol": "https", "http_headers": {"User-Agent": "Mozilla/5.0 (Windows NT 10.0; Win64; x64) AppleWebKit/537.36 (KHTML, like Gecko) Chrome/73.0.3683.38 Safari/537.36", "Accept-Charset": "ISO-8859-1,utf-8;q=0.7,*;q=0.7", "Accept": "text/html,application/xhtml+xml,application/xml;q=0.9,*/*;q=0.8", "Accept-Encoding": "gzip, deflate", "Accept-Language": "en-us,en;q=0.5"}}, {"format_id": "278", "url": "https://r5---sn-ipoxu-u2xd.googlevideo.com/videoplayback?expire=1610392262&ei=Zk78X7btKIaHqQHe2J34Cg&ip=220.129.26.102&id=o-ALCKj9N-NdDOnazESdxmVGFWkMEjggW8PMEvINnnIrmR&itag=278&aitags=133%2C134%2C135%2C136%2C137%2C160%2C242%2C243%2C244%2C247%2C248%2C278&source=youtube&requiressl=yes&mh=DV&mm=31%2C29&mn=sn-ipoxu-u2xd%2Csn-un57sn76&ms=au%2Crdu&mv=m&mvi=5&pcm2cms=yes&pl=21&initcwndbps=1125000&vprv=1&mime=video%2Fwebm&ns=QC3HeEHCDZND7MdI_DaJ-G4F&gir=yes&clen=1770270&dur=208.750&lmt=1607646673188869&mt=1610370272&fvip=5&keepalive=yes&c=WEB&txp=5432434&n=tpEaOlnl4CupO4&sparams=expire%2Cei%2Cip%2Cid%2Caitags%2Csource%2Crequiressl%2Cvprv%2Cmime%2Cns%2Cgir%2Cclen%2Cdur%2Clmt&sig=AOq0QJ8wRQIhAMwoITGZ_VzAowrFGJJ9FSIUxWK7rNWR9c-cZJvImu9_AiBQtqMU1YmUzfb5y2dvJ1lOOIW7iFyyhx1rmECDsAGHXQ%3D%3D&lsparams=mh%2Cmm%2Cmn%2Cms%2Cmv%2Cmvi%2Cpcm2cms%2Cpl%2Cinitcwndbps&lsig=AG3C_xAwRQIgMcR1KObnVLBjNKxsAEa9OvCghqUg7VmDJkOQivQgYuECIQCj9u7KsFRaSu_p4S9lxls9tnHSu0hnqchcZkNuYaenYw%3D%3D&ratebypass=yes", "player_url": null, "ext": "webm", "height": 144, "format_note": "144p", "container": "webm", "vcodec": "vp9", "asr": null, "filesize": 1770270, "fps": 24, "tbr": 85.486, "width": 256, "acodec": "none", "downloader_options": {"http_chunk_size": 10485760}, "format": "278 - 256x144 (144p)", "protocol": "https", "http_headers": {"User-Agent": "Mozilla/5.0 (Windows NT 10.0; Win64; x64) AppleWebKit/537.36 (KHTML, like Gecko) Chrome/73.0.3683.38 Safari/537.36", "Accept-Charset": "ISO-8859-1,utf-8;q=0.7,*;q=0.7", "Accept": "text/html,application/xhtml+xml,application/xml;q=0.9,*/*;q=0.8", "Accept-Encoding": "gzip, deflate", "Accept-Language": "en-us,en;q=0.5"}}, {"format_id": "133", "url": "https://r5---sn-ipoxu-u2xd.googlevideo.com/videoplayback?expire=1610392262&ei=Zk78X7btKIaHqQHe2J34Cg&ip=220.129.26.102&id=o-ALCKj9N-NdDOnazESdxmVGFWkMEjggW8PMEvINnnIrmR&itag=133&aitags=133%2C134%2C135%2C136%2C137%2C160%2C242%2C243%2C244%2C247%2C248%2C278&source=youtube&requiressl=yes&mh=DV&mm=31%2C29&mn=sn-ipoxu-u2xd%2Csn-un57sn76&ms=au%2Crdu&mv=m&mvi=5&pcm2cms=yes&pl=21&initcwndbps=1125000&vprv=1&mime=video%2Fmp4&ns=QC3HeEHCDZND7MdI_DaJ-G4F&gir=yes&clen=1647996&dur=208.749&lmt=1607631369803876&mt=1610370272&fvip=5&keepalive=yes&c=WEB&txp=5432434&n=tpEaOlnl4CupO4&sparams=expire%2Cei%2Cip%2Cid%2Caitags%2Csource%2Crequiressl%2Cvprv%2Cmime%2Cns%2Cgir%2Cclen%2Cdur%2Clmt&sig=AOq0QJ8wRAIgDJH7zOrZZgMl4KHv7g_HeVOvT3fJK82wshFfcobhFLICIC0Q2Mu2JA_9ovd1aYLGFxw-ZrTGgZdT-VsA36yJK6Jv&lsparams=mh%2Cmm%2Cmn%2Cms%2Cmv%2Cmvi%2Cpcm2cms%2Cpl%2Cinitcwndbps&lsig=AG3C_xAwRQIgMcR1KObnVLBjNKxsAEa9OvCghqUg7VmDJkOQivQgYuECIQCj9u7KsFRaSu_p4S9lxls9tnHSu0hnqchcZkNuYaenYw%3D%3D&ratebypass=yes", "player_url": null, "ext": "mp4", "height": 240, "format_note": "240p", "vcodec": "avc1.4d4015", "asr": null, "filesize": 1647996, "fps": 24, "tbr": 114.235, "width": 426, "acodec": "none", "downloader_options": {"http_chunk_size": 10485760}, "format": "133 - 426x240 (240p)", "protocol": "https", "http_headers": {"User-Agent": "Mozilla/5.0 (Windows NT 10.0; Win64; x64) AppleWebKit/537.36 (KHTML, like Gecko) Chrome/73.0.3683.38 Safari/537.36", "Accept-Charset": "ISO-8859-1,utf-8;q=0.7,*;q=0.7", "Accept": "text/html,application/xhtml+xml,application/xml;q=0.9,*/*;q=0.8", "Accept-Encoding": "gzip, deflate", "Accept-Language": "en-us,en;q=0.5"}}, {"format_id": "242", "url": "https://r5---sn-ipoxu-u2xd.googlevideo.com/videoplayback?expire=1610392262&ei=Zk78X7btKIaHqQHe2J34Cg&ip=220.129.26.102&id=o-ALCKj9N-NdDOnazESdxmVGFWkMEjggW8PMEvINnnIrmR&itag=242&aitags=133%2C134%2C135%2C136%2C137%2C160%2C242%2C243%2C244%2C247%2C248%2C278&source=youtube&requiressl=yes&mh=DV&mm=31%2C29&mn=sn-ipoxu-u2xd%2Csn-un57sn76&ms=au%2Crdu&mv=m&mvi=5&pcm2cms=yes&pl=21&initcwndbps=1125000&vprv=1&mime=video%2Fwebm&ns=QC3HeEHCDZND7MdI_DaJ-G4F&gir=yes&clen=2187443&dur=208.750&lmt=1607646601038373&mt=1610370272&fvip=5&keepalive=yes&c=WEB&txp=5432434&n=tpEaOlnl4CupO4&sparams=expire%2Cei%2Cip%2Cid%2Caitags%2Csource%2Crequiressl%2Cvprv%2Cmime%2Cns%2Cgir%2Cclen%2Cdur%2Clmt&sig=AOq0QJ8wRQIgW7i16re5rKWr1KpE23pAdXRlJdpHpdijR6_rytKcmDECIQDXjOK4Hid2ulXIuATuvd7WR0mCdxB7e5lLXsvm58CR3A%3D%3D&lsparams=mh%2Cmm%2Cmn%2Cms%2Cmv%2Cmvi%2Cpcm2cms%2Cpl%2Cinitcwndbps&lsig=AG3C_xAwRQIgMcR1KObnVLBjNKxsAEa9OvCghqUg7VmDJkOQivQgYuECIQCj9u7KsFRaSu_p4S9lxls9tnHSu0hnqchcZkNuYaenYw%3D%3D&ratebypass=yes", "player_url": null, "ext": "webm", "height": 240, "format_note": "240p", "vcodec": "vp9", "asr": null, "filesize": 2187443, "fps": 24, "tbr": 142.697, "width": 426, "acodec": "none", "downloader_options": {"http_chunk_size": 10485760}, "format": "242 - 426x240 (240p)", "protocol": "https", "http_headers": {"User-Agent": "Mozilla/5.0 (Windows NT 10.0; Win64; x64) AppleWebKit/537.36 (KHTML, like Gecko) Chrome/73.0.3683.38 Safari/537.36", "Accept-Charset": "ISO-8859-1,utf-8;q=0.7,*;q=0.7", "Accept": "text/html,application/xhtml+xml,application/xml;q=0.9,*/*;q=0.8", "Accept-Encoding": "gzip, deflate", "Accept-Language": "en-us,en;q=0.5"}}, {"format_id": "134", "url": "https://r5---sn-ipoxu-u2xd.googlevideo.com/videoplayback?expire=1610392262&ei=Zk78X7btKIaHqQHe2J34Cg&ip=220.129.26.102&id=o-ALCKj9N-NdDOnazESdxmVGFWkMEjggW8PMEvINnnIrmR&itag=134&aitags=133%2C134%2C135%2C136%2C137%2C160%2C242%2C243%2C244%2C247%2C248%2C278&source=youtube&requiressl=yes&mh=DV&mm=31%2C29&mn=sn-ipoxu-u2xd%2Csn-un57sn76&ms=au%2Crdu&mv=m&mvi=5&pcm2cms=yes&pl=21&initcwndbps=1125000&vprv=1&mime=video%2Fmp4&ns=QC3HeEHCDZND7MdI_DaJ-G4F&gir=yes&clen=2754098&dur=208.749&lmt=1607631368892413&mt=1610370272&fvip=5&keepalive=yes&c=WEB&txp=5432434&n=tpEaOlnl4CupO4&sparams=expire%2Cei%2Cip%2Cid%2Caitags%2Csource%2Crequiressl%2Cvprv%2Cmime%2Cns%2Cgir%2Cclen%2Cdur%2Clmt&sig=AOq0QJ8wRgIhAJhETirAYhkaF1eMWFDaj8isAKKGTcpIR81rB1VlInd8AiEA7smPUahgyW6arrp5xW8ESFYXnz1ESgMMo1LkIltEImQ%3D&lsparams=mh%2Cmm%2Cmn%2Cms%2Cmv%2Cmvi%2Cpcm2cms%2Cpl%2Cinitcwndbps&lsig=AG3C_xAwRQIgMcR1KObnVLBjNKxsAEa9OvCghqUg7VmDJkOQivQgYuECIQCj9u7KsFRaSu_p4S9lxls9tnHSu0hnqchcZkNuYaenYw%3D%3D&ratebypass=yes", "player_url": null, "ext": "mp4", "height": 360, "format_note": "360p", "vcodec": "avc1.4d401e", "asr": null, "filesize": 2754098, "fps": 24, "tbr": 229.618, "width": 640, "acodec": "none", "downloader_options": {"http_chunk_size": 10485760}, "format": "134 - 640x360 (360p)", "protocol": "https", "http_headers": {"User-Agent": "Mozilla/5.0 (Windows NT 10.0; Win64; x64) AppleWebKit/537.36 (KHTML, like Gecko) Chrome/73.0.3683.38 Safari/537.36", "Accept-Charset": "ISO-8859-1,utf-8;q=0.7,*;q=0.7", "Accept": "text/html,application/xhtml+xml,application/xml;q=0.9,*/*;q=0.8", "Accept-Encoding": "gzip, deflate", "Accept-Language": "en-us,en;q=0.5"}}, {"format_id": "243", "url": "https://r5---sn-ipoxu-u2xd.googlevideo.com/videoplayback?expire=1610392262&ei=Zk78X7btKIaHqQHe2J34Cg&ip=220.129.26.102&id=o-ALCKj9N-NdDOnazESdxmVGFWkMEjggW8PMEvINnnIrmR&itag=243&aitags=133%2C134%2C135%2C136%2C137%2C160%2C242%2C243%2C244%2C247%2C248%2C278&source=youtube&requiressl=yes&mh=DV&mm=31%2C29&mn=sn-ipoxu-u2xd%2Csn-un57sn76&ms=au%2Crdu&mv=m&mvi=5&pcm2cms=yes&pl=21&initcwndbps=1125000&vprv=1&mime=video%2Fwebm&ns=QC3HeEHCDZND7MdI_DaJ-G4F&gir=yes&clen=4178093&dur=208.750&lmt=1607646601572974&mt=1610370272&fvip=5&keepalive=yes&c=WEB&txp=5432434&n=tpEaOlnl4CupO4&sparams=expire%2Cei%2Cip%2Cid%2Caitags%2Csource%2Crequiressl%2Cvprv%2Cmime%2Cns%2Cgir%2Cclen%2Cdur%2Clmt&sig=AOq0QJ8wRQIgbMHRPpQpQI24ix0lQJeAyPaD7oufmEvEMZN-t04kllkCIQDfnp370FOg0_HVK1oSMYS2Hx8GboJisz5xJhddByxLKQ%3D%3D&lsparams=mh%2Cmm%2Cmn%2Cms%2Cmv%2Cmvi%2Cpcm2cms%2Cpl%2Cinitcwndbps&lsig=AG3C_xAwRQIgMcR1KObnVLBjNKxsAEa9OvCghqUg7VmDJkOQivQgYuECIQCj9u7KsFRaSu_p4S9lxls9tnHSu0hnqchcZkNuYaenYw%3D%3D&ratebypass=yes", "player_url": null, "ext": "webm", "height": 360, "format_note": "360p", "vcodec": "vp9", "asr": null, "filesize": 4178093, "fps": 24, "tbr": 269.603, "width": 640, "acodec": "none", "downloader_options": {"http_chunk_size": 10485760}, "format": "243 - 640x360 (360p)", "protocol": "https", "http_headers": {"User-Agent": "Mozilla/5.0 (Windows NT 10.0; Win64; x64) AppleWebKit/537.36 (KHTML, like Gecko) Chrome/73.0.3683.38 Safari/537.36", "Accept-Charset": "ISO-8859-1,utf-8;q=0.7,*;q=0.7", "Accept": "text/html,application/xhtml+xml,application/xml;q=0.9,*/*;q=0.8", "Accept-Encoding": "gzip, deflate", "Accept-Language": "en-us,en;q=0.5"}}, {"format_id": "244", "url": "https://r5---sn-ipoxu-u2xd.googlevideo.com/videoplayback?expire=1610392262&ei=Zk78X7btKIaHqQHe2J34Cg&ip=220.129.26.102&id=o-ALCKj9N-NdDOnazESdxmVGFWkMEjggW8PMEvINnnIrmR&itag=244&aitags=133%2C134%2C135%2C136%2C137%2C160%2C242%2C243%2C244%2C247%2C248%2C278&source=youtube&requiressl=yes&mh=DV&mm=31%2C29&mn=sn-ipoxu-u2xd%2Csn-un57sn76&ms=au%2Crdu&mv=m&mvi=5&pcm2cms=yes&pl=21&initcwndbps=1125000&vprv=1&mime=video%2Fwebm&ns=QC3HeEHCDZND7MdI_DaJ-G4F&gir=yes&clen=6611452&dur=208.750&lmt=1607646600769406&mt=1610370272&fvip=5&keepalive=yes&c=WEB&txp=5432434&n=tpEaOlnl4CupO4&sparams=expire%2Cei%2Cip%2Cid%2Caitags%2Csource%2Crequiressl%2Cvprv%2Cmime%2Cns%2Cgir%2Cclen%2Cdur%2Clmt&sig=AOq0QJ8wRQIhALbt2dgvBQVYPVwqrdysiOCSEphcFW7gUXHKQd42S6ISAiA2JgJ7pSISEIqTNIp9Bk7C5Il5wQUZRBvr9VboJKA_Gw%3D%3D&lsparams=mh%2Cmm%2Cmn%2Cms%2Cmv%2Cmvi%2Cpcm2cms%2Cpl%2Cinitcwndbps&lsig=AG3C_xAwRQIgMcR1KObnVLBjNKxsAEa9OvCghqUg7VmDJkOQivQgYuECIQCj9u7KsFRaSu_p4S9lxls9tnHSu0hnqchcZkNuYaenYw%3D%3D&ratebypass=yes", "player_url": null, "ext": "webm", "height": 480, "format_note": "480p", "vcodec": "vp9", "asr": null, "filesize": 6611452, "fps": 24, "tbr": 431.015, "width": 854, "acodec": "none", "downloader_options": {"http_chunk_size": 10485760}, "format": "244 - 854x480 (480p)", "protocol": "https", "http_headers": {"User-Agent": "Mozilla/5.0 (Windows NT 10.0; Win64; x64) AppleWebKit/537.36 (KHTML, like Gecko) Chrome/73.0.3683.38 Safari/537.36", "Accept-Charset": "ISO-8859-1,utf-8;q=0.7,*;q=0.7", "Accept": "text/html,application/xhtml+xml,application/xml;q=0.9,*/*;q=0.8", "Accept-Encoding": "gzip, deflate", "Accept-Language": "en-us,en;q=0.5"}}, {"format_id": "135", "url": "https://r5---sn-ipoxu-u2xd.googlevideo.com/videoplayback?expire=1610392262&ei=Zk78X7btKIaHqQHe2J34Cg&ip=220.129.26.102&id=o-ALCKj9N-NdDOnazESdxmVGFWkMEjggW8PMEvINnnIrmR&itag=135&aitags=133%2C134%2C135%2C136%2C137%2C160%2C242%2C243%2C244%2C247%2C248%2C278&source=youtube&requiressl=yes&mh=DV&mm=31%2C29&mn=sn-ipoxu-u2xd%2Csn-un57sn76&ms=au%2Crdu&mv=m&mvi=5&pcm2cms=yes&pl=21&initcwndbps=1125000&vprv=1&mime=video%2Fmp4&ns=QC3HeEHCDZND7MdI_DaJ-G4F&gir=yes&clen=4188468&dur=208.749&lmt=1607631374924376&mt=1610370272&fvip=5&keepalive=yes&c=WEB&txp=5432434&n=tpEaOlnl4CupO4&sparams=expire%2Cei%2Cip%2Cid%2Caitags%2Csource%2Crequiressl%2Cvprv%2Cmime%2Cns%2Cgir%2Cclen%2Cdur%2Clmt&sig=AOq0QJ8wRQIhAJeDwSAtLuQNuD90nyyxgdo1XJnvrNJs4nZtCmgeqdWwAiB0kkK2oKaApYWa5Q7lvC8PlNNP8ElU-zIcvRg8pot7ZQ%3D%3D&lsparams=mh%2Cmm%2Cmn%2Cms%2Cmv%2Cmvi%2Cpcm2cms%2Cpl%2Cinitcwndbps&lsig=AG3C_xAwRQIgMcR1KObnVLBjNKxsAEa9OvCghqUg7VmDJkOQivQgYuECIQCj9u7KsFRaSu_p4S9lxls9tnHSu0hnqchcZkNuYaenYw%3D%3D&ratebypass=yes", "player_url": null, "ext": "mp4", "height": 480, "format_note": "480p", "vcodec": "avc1.4d401e", "asr": null, "filesize": 4188468, "fps": 24, "tbr": 501.975, "width": 854, "acodec": "none", "downloader_options": {"http_chunk_size": 10485760}, "format": "135 - 854x480 (480p)", "protocol": "https", "http_headers": {"User-Agent": "Mozilla/5.0 (Windows NT 10.0; Win64; x64) AppleWebKit/537.36 (KHTML, like Gecko) Chrome/73.0.3683.38 Safari/537.36", "Accept-Charset": "ISO-8859-1,utf-8;q=0.7,*;q=0.7", "Accept": "text/html,application/xhtml+xml,application/xml;q=0.9,*/*;q=0.8", "Accept-Encoding": "gzip, deflate", "Accept-Language": "en-us,en;q=0.5"}}, {"format_id": "247", "url": "https://r5---sn-ipoxu-u2xd.googlevideo.com/videoplayback?expire=1610392262&ei=Zk78X7btKIaHqQHe2J34Cg&ip=220.129.26.102&id=o-ALCKj9N-NdDOnazESdxmVGFWkMEjggW8PMEvINnnIrmR&itag=247&aitags=133%2C134%2C135%2C136%2C137%2C160%2C242%2C243%2C244%2C247%2C248%2C278&source=youtube&requiressl=yes&mh=DV&mm=31%2C29&mn=sn-ipoxu-u2xd%2Csn-un57sn76&ms=au%2Crdu&mv=m&mvi=5&pcm2cms=yes&pl=21&initcwndbps=1125000&vprv=1&mime=video%2Fwebm&ns=QC3HeEHCDZND7MdI_DaJ-G4F&gir=yes&clen=11694730&dur=208.750&lmt=1607646601238794&mt=1610370272&fvip=5&keepalive=yes&c=WEB&txp=5432434&n=tpEaOlnl4CupO4&sparams=expire%2Cei%2Cip%2Cid%2Caitags%2Csource%2Crequiressl%2Cvprv%2Cmime%2Cns%2Cgir%2Cclen%2Cdur%2Clmt&sig=AOq0QJ8wRAIgIxrkwlZx8-A6RFW-uqqJosC2NUPWuucXZ9hEDgDGECICIA-xPeAVCbF6KCroVa4bQbSKSqy2XzzwkubwsUfFVFB0&lsparams=mh%2Cmm%2Cmn%2Cms%2Cmv%2Cmvi%2Cpcm2cms%2Cpl%2Cinitcwndbps&lsig=AG3C_xAwRQIgMcR1KObnVLBjNKxsAEa9OvCghqUg7VmDJkOQivQgYuECIQCj9u7KsFRaSu_p4S9lxls9tnHSu0hnqchcZkNuYaenYw%3D%3D&ratebypass=yes", "player_url": null, "ext": "webm", "height": 720, "format_note": "720p", "vcodec": "vp9", "asr": null, "filesize": 11694730, "fps": 24, "tbr": 763.888, "width": 1280, "acodec": "none", "downloader_options": {"http_chunk_size": 10485760}, "format": "247 - 1280x720 (720p)", "protocol": "https", "http_headers": {"User-Agent": "Mozilla/5.0 (Windows NT 10.0; Win64; x64) AppleWebKit/537.36 (KHTML, like Gecko) Chrome/73.0.3683.38 Safari/537.36", "Accept-Charset": "ISO-8859-1,utf-8;q=0.7,*;q=0.7", "Accept": "text/html,application/xhtml+xml,application/xml;q=0.9,*/*;q=0.8", "Accept-Encoding": "gzip, deflate", "Accept-Language": "en-us,en;q=0.5"}}, {"format_id": "136", "url": "https://r5---sn-ipoxu-u2xd.googlevideo.com/videoplayback?expire=1610392262&ei=Zk78X7btKIaHqQHe2J34Cg&ip=220.129.26.102&id=o-ALCKj9N-NdDOnazESdxmVGFWkMEjggW8PMEvINnnIrmR&itag=136&aitags=133%2C134%2C135%2C136%2C137%2C160%2C242%2C243%2C244%2C247%2C248%2C278&source=youtube&requiressl=yes&mh=DV&mm=31%2C29&mn=sn-ipoxu-u2xd%2Csn-un57sn76&ms=au%2Crdu&mv=m&mvi=5&pcm2cms=yes&pl=21&initcwndbps=1125000&vprv=1&mime=video%2Fmp4&ns=QC3HeEHCDZND7MdI_DaJ-G4F&gir=yes&clen=6151577&dur=208.749&lmt=1607631364816364&mt=1610370272&fvip=5&keepalive=yes&c=WEB&txp=5432434&n=tpEaOlnl4CupO4&sparams=expire%2Cei%2Cip%2Cid%2Caitags%2Csource%2Crequiressl%2Cvprv%2Cmime%2Cns%2Cgir%2Cclen%2Cdur%2Clmt&sig=AOq0QJ8wRAIgKYenJcaGs7Ia9C_AR46GvFbAeLXyZ6G2uKOPkdhsjacCID9-NHtBoTxb35XF49DwEvN9U3nlZL0ZydLNjKRIT-TW&lsparams=mh%2Cmm%2Cmn%2Cms%2Cmv%2Cmvi%2Cpcm2cms%2Cpl%2Cinitcwndbps&lsig=AG3C_xAwRQIgMcR1KObnVLBjNKxsAEa9OvCghqUg7VmDJkOQivQgYuECIQCj9u7KsFRaSu_p4S9lxls9tnHSu0hnqchcZkNuYaenYw%3D%3D&ratebypass=yes", "player_url": null, "ext": "mp4", "height": 720, "format_note": "720p", "vcodec": "avc1.4d401f", "asr": null, "filesize": 6151577, "fps": 24, "tbr": 831.327, "width": 1280, "acodec": "none", "downloader_options": {"http_chunk_size": 10485760}, "format": "136 - 1280x720 (720p)", "protocol": "https", "http_headers": {"User-Agent": "Mozilla/5.0 (Windows NT 10.0; Win64; x64) AppleWebKit/537.36 (KHTML, like Gecko) Chrome/73.0.3683.38 Safari/537.36", "Accept-Charset": "ISO-8859-1,utf-8;q=0.7,*;q=0.7", "Accept": "text/html,application/xhtml+xml,application/xml;q=0.9,*/*;q=0.8", "Accept-Encoding": "gzip, deflate", "Accept-Language": "en-us,en;q=0.5"}}, {"format_id": "248", "url": "https://r5---sn-ipoxu-u2xd.googlevideo.com/videoplayback?expire=1610392262&ei=Zk78X7btKIaHqQHe2J34Cg&ip=220.129.26.102&id=o-ALCKj9N-NdDOnazESdxmVGFWkMEjggW8PMEvINnnIrmR&itag=248&aitags=133%2C134%2C135%2C136%2C137%2C160%2C242%2C243%2C244%2C247%2C248%2C278&source=youtube&requiressl=yes&mh=DV&mm=31%2C29&mn=sn-ipoxu-u2xd%2Csn-un57sn76&ms=au%2Crdu&mv=m&mvi=5&pcm2cms=yes&pl=21&initcwndbps=1125000&vprv=1&mime=video%2Fwebm&ns=QC3HeEHCDZND7MdI_DaJ-G4F&gir=yes&clen=20525185&dur=208.750&lmt=1607636149735466&mt=1610370272&fvip=5&keepalive=yes&c=WEB&txp=5432434&n=tpEaOlnl4CupO4&sparams=expire%2Cei%2Cip%2Cid%2Caitags%2Csource%2Crequiressl%2Cvprv%2Cmime%2Cns%2Cgir%2Cclen%2Cdur%2Clmt&sig=AOq0QJ8wRQIgfwj0fIWSXmxCeJfjRyUExgUWF4OGyvZPkqo8vYMNdbACIQCvSRtkgO2g2XU0pD38pyCZlWZXRjG97DL2akb7zzBDqQ%3D%3D&lsparams=mh%2Cmm%2Cmn%2Cms%2Cmv%2Cmvi%2Cpcm2cms%2Cpl%2Cinitcwndbps&lsig=AG3C_xAwRQIgMcR1KObnVLBjNKxsAEa9OvCghqUg7VmDJkOQivQgYuECIQCj9u7KsFRaSu_p4S9lxls9tnHSu0hnqchcZkNuYaenYw%3D%3D&ratebypass=yes", "player_url": null, "ext": "webm", "height": 1080, "format_note": "1080p", "vcodec": "vp9", "asr": null, "filesize": 20525185, "fps": 24, "tbr": 1567.203, "width": 1920, "acodec": "none", "downloader_options": {"http_chunk_size": 10485760}, "format": "248 - 1920x1080 (1080p)", "protocol": "https", "http_headers": {"User-Agent": "Mozilla/5.0 (Windows NT 10.0; Win64; x64) AppleWebKit/537.36 (KHTML, like Gecko) Chrome/73.0.3683.38 Safari/537.36", "Accept-Charset": "ISO-8859-1,utf-8;q=0.7,*;q=0.7", "Accept": "text/html,application/xhtml+xml,application/xml;q=0.9,*/*;q=0.8", "Accept-Encoding": "gzip, deflate", "Accept-Language": "en-us,en;q=0.5"}}, {"format_id": "137", "url": "https://r5---sn-ipoxu-u2xd.googlevideo.com/videoplayback?expire=1610392262&ei=Zk78X7btKIaHqQHe2J34Cg&ip=220.129.26.102&id=o-ALCKj9N-NdDOnazESdxmVGFWkMEjggW8PMEvINnnIrmR&itag=137&aitags=133%2C134%2C135%2C136%2C137%2C160%2C242%2C243%2C244%2C247%2C248%2C278&source=youtube&requiressl=yes&mh=DV&mm=31%2C29&mn=sn-ipoxu-u2xd%2Csn-un57sn76&ms=au%2Crdu&mv=m&mvi=5&pcm2cms=yes&pl=21&initcwndbps=1125000&vprv=1&mime=video%2Fmp4&ns=QC3HeEHCDZND7MdI_DaJ-G4F&gir=yes&clen=22009728&dur=208.749&lmt=1607636363538706&mt=1610370272&fvip=5&keepalive=yes&c=WEB&txp=5432434&n=tpEaOlnl4CupO4&sparams=expire%2Cei%2Cip%2Cid%2Caitags%2Csource%2Crequiressl%2Cvprv%2Cmime%2Cns%2Cgir%2Cclen%2Cdur%2Clmt&sig=AOq0QJ8wRAIgRvGImq8F4DmsSGWiFZd497pZMTLBzKpObFJ0i2eSja0CIHICSY7xrd9Y7cIC2QbneAt8MKdzMVJKaonqBAHF7diA&lsparams=mh%2Cmm%2Cmn%2Cms%2Cmv%2Cmvi%2Cpcm2cms%2Cpl%2Cinitcwndbps&lsig=AG3C_xAwRQIgMcR1KObnVLBjNKxsAEa9OvCghqUg7VmDJkOQivQgYuECIQCj9u7KsFRaSu_p4S9lxls9tnHSu0hnqchcZkNuYaenYw%3D%3D&ratebypass=yes", "player_url": null, "ext": "mp4", "height": 1080, "format_note": "1080p", "vcodec": "avc1.640028", "asr": null, "filesize": 22009728, "fps": 24, "tbr": 1883.84, "width": 1920, "acodec": "none", "downloader_options": {"http_chunk_size": 10485760}, "format": "137 - 1920x1080 (1080p)", "protocol": "https", "http_headers": {"User-Agent": "Mozilla/5.0 (Windows NT 10.0; Win64; x64) AppleWebKit/537.36 (KHTML, like Gecko) Chrome/73.0.3683.38 Safari/537.36", "Accept-Charset": "ISO-8859-1,utf-8;q=0.7,*;q=0.7", "Accept": "text/html,application/xhtml+xml,application/xml;q=0.9,*/*;q=0.8", "Accept-Encoding": "gzip, deflate", "Accept-Language": "en-us,en;q=0.5"}}, {"format_id": "18", "url": "https://r5---sn-ipoxu-u2xd.googlevideo.com/videoplayback?expire=1610392262&ei=Zk78X7btKIaHqQHe2J34Cg&ip=220.129.26.102&id=o-ALCKj9N-NdDOnazESdxmVGFWkMEjggW8PMEvINnnIrmR&itag=18&source=youtube&requiressl=yes&mh=DV&mm=31%2C29&mn=sn-ipoxu-u2xd%2Csn-un57sn76&ms=au%2Crdu&mv=m&mvi=5&pcm2cms=yes&pl=21&initcwndbps=1125000&vprv=1&mime=video%2Fmp4&ns=oTB9sG_NFKCHfJCix5CwbuEF&gir=yes&clen=9416250&ratebypass=yes&dur=208.817&lmt=1607630746143088&mt=1610370272&fvip=5&c=WEB&txp=5430434&n=kk5xeJjR_oFaR1&sparams=expire%2Cei%2Cip%2Cid%2Citag%2Csource%2Crequiressl%2Cvprv%2Cmime%2Cns%2Cgir%2Cclen%2Cratebypass%2Cdur%2Clmt&sig=AOq0QJ8wRAIgMoLPxgjb_iTqPReIBajf_ibJ_2OM4fc3BP5vb_zJBOcCIAO5Lm-fCtqiKR45w36tHt3lioyWSZuV60YgXJoWiPvM&lsparams=mh%2Cmm%2Cmn%2Cms%2Cmv%2Cmvi%2Cpcm2cms%2Cpl%2Cinitcwndbps&lsig=AG3C_xAwRQIgMcR1KObnVLBjNKxsAEa9OvCghqUg7VmDJkOQivQgYuECIQCj9u7KsFRaSu_p4S9lxls9tnHSu0hnqchcZkNuYaenYw%3D%3D", "player_url": null, "ext": "mp4", "width": 640, "height": 360, "acodec": "mp4a.40.2", "abr": 96, "vcodec": "avc1.42001E", "asr": 44100, "filesize": 9416250, "format_note": "360p", "fps": 24, "tbr": 360.862, "format": "18 - 640x360 (360p)", "protocol": "https", "http_headers": {"User-Agent": "Mozilla/5.0 (Windows NT 10.0; Win64; x64) AppleWebKit/537.36 (KHTML, like Gecko) Chrome/73.0.3683.38 Safari/537.36", "Accept-Charset": "ISO-8859-1,utf-8;q=0.7,*;q=0.7", "Accept": "text/html,application/xhtml+xml,application/xml;q=0.9,*/*;q=0.8", "Accept-Encoding": "gzip, deflate", "Accept-Language": "en-us,en;q=0.5"}}], "is_live": null, "start_time": null, "end_time": null, "series": null, "season_number": null, "episode_number": null, "track": null, "artist": null, "album": null, "release_date": null, "release_year": null, "extractor": "youtube", "webpage_url_basename": "watch", "extractor_key": "Youtube", "playlist": null, "playlist_index": null, "thumbnail": "https://i.ytimg.com/vi/kxM_eWmdtRo/maxresdefault.jpg", "display_id": "kxM_eWmdtRo", "requested_subtitles": null, "format_id": "251", "url": "https://r5---sn-ipoxu-u2xd.googlevideo.com/videoplayback?expire=1610392262&ei=Zk78X7btKIaHqQHe2J34Cg&ip=220.129.26.102&id=o-ALCKj9N-NdDOnazESdxmVGFWkMEjggW8PMEvINnnIrmR&itag=251&source=youtube&requiressl=yes&mh=DV&mm=31%2C29&mn=sn-ipoxu-u2xd%2Csn-un57sn76&ms=au%2Crdu&mv=m&mvi=5&pcm2cms=yes&pl=21&initcwndbps=1125000&vprv=1&mime=audio%2Fwebm&ns=QC3HeEHCDZND7MdI_DaJ-G4F&gir=yes&clen=3656477&dur=208.781&lmt=1607632918154136&mt=1610370272&fvip=5&keepalive=yes&c=WEB&txp=5432434&n=tpEaOlnl4CupO4&sparams=expire%2Cei%2Cip%2Cid%2Citag%2Csource%2Crequiressl%2Cvprv%2Cmime%2Cns%2Cgir%2Cclen%2Cdur%2Clmt&sig=AOq0QJ8wRgIhAKjdWME-ovCvtQqKtA7jis4XutoJ7pT35cBJ6AlWf_PbAiEAi7_aoXZqWUplrYjWEFuWCzGkZumClgvBFwQJmIoKPwc%3D&lsparams=mh%2Cmm%2Cmn%2Cms%2Cmv%2Cmvi%2Cpcm2cms%2Cpl%2Cinitcwndbps&lsig=AG3C_xAwRQIgMcR1KObnVLBjNKxsAEa9OvCghqUg7VmDJkOQivQgYuECIQCj9u7KsFRaSu_p4S9lxls9tnHSu0hnqchcZkNuYaenYw%3D%3D&ratebypass=yes", "player_url": null, "ext": "webm", "format_note": "tiny", "acodec": "opus", "abr": 160, "asr": 48000, "filesize": 3656477, "fps": null, "height": null, "tbr": 151.124, "width": null, "vcodec": "none", "downloader_options": {"http_chunk_size": 10485760}, "format": "251 - audio only (tiny)", "protocol": "https", "http_headers": {"User-Agent": "Mozilla/5.0 (Windows NT 10.0; Win64; x64) AppleWebKit/537.36 (KHTML, like Gecko) Chrome/73.0.3683.38 Safari/537.36", "Accept-Charset": "ISO-8859-1,utf-8;q=0.7,*;q=0.7", "Accept": "text/html,application/xhtml+xml,application/xml;q=0.9,*/*;q=0.8", "Accept-Encoding": "gzip, deflate", "Accept-Language": "en-us,en;q=0.5"}}