{"id": "kDGmND1BgmA", "uploader": "Juan Mar\u00eda Solare - Topic", "uploader_id": "UCXh6vrly5ZDv1ky_lOYjvvA", "uploader_url": "http://www.youtube.com/channel/UCXh6vrly5ZDv1ky_lOYjvvA", "channel_id": "UCXh6vrly5ZDv1ky_lOYjvvA", "channel_url": "http://www.youtube.com/channel/UCXh6vrly5ZDv1ky_lOYjvvA", "upload_date": "20160319", "license": null, "creator": "Juan Maria Solare, Juan Maria Solare", "title": "Siesta Norte\u00f1a", "alt_title": "Siesta Norte\u00f1a", "thumbnails": [{"url": "https://i.ytimg.com/vi/kDGmND1BgmA/hqdefault.jpg?sqp=-oaymwEbCKgBEF5IVfKriqkDDggBFQAAiEIYAXABwAEG&rs=AOn4CLBQmfqFvtktpAwKZ2-iS4GpxsNXLA", "width": 168, "height": 94, "resolution": "168x94", "id": "0"}, {"url": "https://i.ytimg.com/vi/kDGmND1BgmA/hqdefault.jpg?sqp=-oaymwEbCMQBEG5IVfKriqkDDggBFQAAiEIYAXABwAEG&rs=AOn4CLA6vE4x5bxyHVaVhZbMqEDAdae8lg", "width": 196, "height": 110, "resolution": "196x110", "id": "1"}, {"url": "https://i.ytimg.com/vi/kDGmND1BgmA/hqdefault.jpg?sqp=-oaymwEcCPYBEIoBSFXyq4qpAw4IARUAAIhCGAFwAcABBg==&rs=AOn4CLDZHlm5bg-md93dh39U1LGdK6IDAQ", "width": 246, "height": 138, "resolution": "246x138", "id": "2"}, {"url": "https://i.ytimg.com/vi/kDGmND1BgmA/hqdefault.jpg?sqp=-oaymwEcCNACELwBSFXyq4qpAw4IARUAAIhCGAFwAcABBg==&rs=AOn4CLCnkIYRxAIscy4SBCCGaGIeEo01Ew", "width": 336, "height": 188, "resolution": "336x188", "id": "3"}, {"url": "https://i.ytimg.com/vi_webp/kDGmND1BgmA/maxresdefault.webp", "width": 1920, "height": 1080, "resolution": "1920x1080", "id": "4"}], "description": "Provided to YouTube by Awal Digital Ltd\n\nSiesta Norte\u00f1a \u00b7 Juan Maria Solare \u00b7 Juan Maria Solare\n\nHimmelsrichtungen\n\n\u2117 Juan Mar\u00eda Solare\n\nReleased on: 2016-03-20\n\nAuto-generated by YouTube.", "categories": ["Music"], "tags": ["Juan", "Maria", "Solare", "Himmelsrichtungen", "Siesta", "Norte\u00f1a"], "subtitles": {}, "automatic_captions": {}, "duration": 180, "age_limit": 0, "annotations": null, "chapters": null, "webpage_url": "https://www.youtube.com/watch?v=kDGmND1BgmA", "view_count": 152, "like_count": 2, "dislike_count": null, "average_rating": 5.0, "formats": [{"format_id": "249", "url": "https://r1---sn-ipoxu-u2x6.googlevideo.com/videoplayback?expire=1610392169&ei=CE78X_7TO5fWgAOc6Z24Aw&ip=220.129.26.102&id=o-ABa4bxJxdqMZmg19-8URtD6cnavMopmMqnfNs2eJfS4N&itag=249&source=youtube&requiressl=yes&mh=A1&mm=31%2C29&mn=sn-ipoxu-u2x6%2Csn-un57sn76&ms=au%2Crdu&mv=m&mvi=1&pl=21&gcr=tw&initcwndbps=1117500&vprv=1&mime=audio%2Fwebm&ns=fztBOGcnpxWfu9NwzCRUtFUF&gir=yes&clen=1539367&dur=180.021&lmt=1572602720668736&mt=1610370272&fvip=1&keepalive=yes&c=WEB&txp=1301222&n=bQuUvqV-mPRuF2&sparams=expire%2Cei%2Cip%2Cid%2Citag%2Csource%2Crequiressl%2Cgcr%2Cvprv%2Cmime%2Cns%2Cgir%2Cclen%2Cdur%2Clmt&lsparams=mh%2Cmm%2Cmn%2Cms%2Cmv%2Cmvi%2Cpl%2Cinitcwndbps&lsig=AG3C_xAwRQIgRAFjBnQzjzEkYa8Eycy4fk3ivBwbZGZptQ8VNGBFLzgCIQCpoqdxzKLLhh6DY0FF6BAWR5d3NG8tmsui70_a6zw7qw%3D%3D&sig=AOq0QJ8wRQIgZhhR6JGL2ADfJcIJYb-D6Y22GM8ECLHuv58RikO3X1MCIQCa706JUm88PaMXWxe75fNcC0jNFbV0YV3F1m9BzdMhQQ==&ratebypass=yes", "player_url": "/s/player/9f996d3e/player_ias.vflset/en_US/base.js", "ext": "webm", "format_note": "tiny", "acodec": "opus", "abr": 50, "asr": 48000, "filesize": 1539367, "fps": null, "height": null, "tbr": 100.4, "width": null, "vcodec": "none", "downloader_options": {"http_chunk_size": 10485760}, "format": "249 - audio only (tiny)", "protocol": "https", "http_headers": {"User-Agent": "Mozilla/5.0 (Windows NT 10.0; Win64; x64) AppleWebKit/537.36 (KHTML, like Gecko) Chrome/73.0.3683.38 Safari/537.36", "Accept-Charset": "ISO-8859-1,utf-8;q=0.7,*;q=0.7", "Accept": "text/html,application/xhtml+xml,application/xml;q=0.9,*/*;q=0.8", "Accept-Encoding": "gzip, deflate", "Accept-Language": "en-us,en;q=0.5"}}, {"format_id": "250", "url": "https://r1---sn-ipoxu-u2x6.googlevideo.com/videoplayback?expire=1610392169&ei=CE78X_7TO5fWgAOc6Z24Aw&ip=220.129.26.102&id=o-ABa4bxJxdqMZmg19-8URtD6cnavMopmMqnfNs2eJfS4N&itag=250&source=youtube&requiressl=yes&mh=A1&mm=31%2C29&mn=sn-ipoxu-u2x6%2Csn-un57sn76&ms=au%2Crdu&mv=m&mvi=1&pl=21&gcr=tw&initcwndbps=1117500&vprv=1&mime=audio%2Fwebm&ns=fztBOGcnpxWfu9NwzCRUtFUF&gir=yes&clen=2016867&dur=180.021&lmt=1572602723357381&mt=1610370272&fvip=1&keepalive=yes&c=WEB&txp=1301222&n=bQuUvqV-mPRuF2&sparams=expire%2Cei%2Cip%2Cid%2Citag%2Csource%2Crequiressl%2Cgcr%2Cvprv%2Cmime%2Cns%2Cgir%2Cclen%2Cdur%2Clmt&lsparams=mh%2Cmm%2Cmn%2Cms%2Cmv%2Cmvi%2Cpl%2Cinitcwndbps&lsig=AG3C_xAwRAIgQFKbTfhAmjRZTXvvfYP5MNch8LuPRgFvlR0sFXa3Qv0CIAWfGd5dF_KGj22uHUkGawddQPT5B_qYeCKej0BW-hD7&sig=AOq0QJ8wRQIhAJmtjCRCOYLF7QSWv0h302DWdEF4Ck0mlCBBLKaoOkBmAiBKKlFRFZK1SYIXOlTQNJ0x6dGi09IsYpZYIQj1hYLMRQ==&ratebypass=yes", "player_url": "/s/player/9f996d3e/player_ias.vflset/en_US/base.js", "ext": "webm", "format_note": "tiny", "acodec": "opus", "abr": 70, "asr": 48000, "filesize": 2016867, "fps": null, "height": null, "tbr": 132.8, "width": null, "vcodec": "none", "downloader_options": {"http_chunk_size": 10485760}, "format": "250 - audio only (tiny)", "protocol": "https", "http_headers": {"User-Agent": "Mozilla/5.0 (Windows NT 10.0; Win64; x64) AppleWebKit/537.36 (KHTML, like Gecko) Chrome/73.0.3683.38 Safari/537.36", "Accept-Charset": "ISO-8859-1,utf-8;q=0.7,*;q=0.7", "Accept": "text/html,application/xhtml+xml,application/xml;q=0.9,*/*;q=0.8", "Accept-Encoding": "gzip, deflate", "Accept-Language": "en-us,en;q=0.5"}}, {"format_id": "140", "url": "https://r1---sn-ipoxu-u2x6.googlevideo.com/videoplayback?expire=1610392169&ei=CE78X_7TO5fWgAOc6Z24Aw&ip=220.129.26.102&id=o-ABa4bxJxdqMZmg19-8URtD6cnavMopmMqnfNs2eJfS4N&itag=140&source=youtube&requiressl=yes&mh=A1&mm=31%2C29&mn=sn-ipoxu-u2x6%2Csn-un57sn76&ms=au%2Crdu&mv=m&mvi=1&pl=21&gcr=tw&initcwndbps=1117500&vprv=1&mime=audio%2Fmp4&ns=fztBOGcnpxWfu9NwzCRUtFUF&gir=yes&clen=2915052&dur=179.999&lmt=1602083110093506&mt=1610370272&fvip=1&keepalive=yes&c=WEB&txp=1311222&n=bQuUvqV-mPRuF2&sparams=expire%2Cei%2Cip%2Cid%2Citag%2Csource%2Crequiressl%2Cgcr%2Cvprv%2Cmime%2Cns%2Cgir%2Cclen%2Cdur%2Clmt&lsparams=mh%2Cmm%2Cmn%2Cms%2Cmv%2Cmvi%2Cpl%2Cinitcwndbps&lsig=AG3C_xAwRAIgchl3OPJ34uv026yr3IjRzC0YmF5M7qfvW-qsw1ODGuMCIGBQqxdC2aw42uvNyjJoJo0fWoXSs3IzibeL36BTAi0u&sig=AOq0QJ8wRgIhALguBWy02RmjfQ8NIKMRGg7aAJOItWE9lxDRUVqp4NFiAiEA7xBMHLSiSkM7h_6Hm_xJbijCZ7J4igalqSrS4hvOl4g=&ratebypass=yes", "player_url": "/s/player/9f996d3e/player_ias.vflset/en_US/base.js", "ext": "m4a", "format_note": "tiny", "acodec": "mp4a.40.2", "abr": 128, "container": "m4a_dash", "asr": 44100, "filesize": 2915052, "fps": null, "height": null, "tbr": 137.936, "width": null, "vcodec": "none", "downloader_options": {"http_chunk_size": 10485760}, "format": "140 - audio only (tiny)", "protocol": "https", "http_headers": {"User-Agent": "Mozilla/5.0 (Windows NT 10.0; Win64; x64) AppleWebKit/537.36 (KHTML, like Gecko) Chrome/73.0.3683.38 Safari/537.36", "Accept-Charset": "ISO-8859-1,utf-8;q=0.7,*;q=0.7", "Accept": "text/html,application/xhtml+xml,application/xml;q=0.9,*/*;q=0.8", "Accept-Encoding": "gzip, deflate", "Accept-Language": "en-us,en;q=0.5"}}, {"format_id": "251", "url": "https://r1---sn-ipoxu-u2x6.googlevideo.com/videoplayback?expire=1610392169&ei=CE78X_7TO5fWgAOc6Z24Aw&ip=220.129.26.102&id=o-ABa4bxJxdqMZmg19-8URtD6cnavMopmMqnfNs2eJfS4N&itag=251&source=youtube&requiressl=yes&mh=A1&mm=31%2C29&mn=sn-ipoxu-u2x6%2Csn-un57sn76&ms=au%2Crdu&mv=m&mvi=1&pl=21&gcr=tw&initcwndbps=1117500&vprv=1&mime=audio%2Fwebm&ns=fztBOGcnpxWfu9NwzCRUtFUF&gir=yes&clen=3756420&dur=180.021&lmt=1572602769634314&mt=1610370272&fvip=1&keepalive=yes&c=WEB&txp=1301222&n=bQuUvqV-mPRuF2&sparams=expire%2Cei%2Cip%2Cid%2Citag%2Csource%2Crequiressl%2Cgcr%2Cvprv%2Cmime%2Cns%2Cgir%2Cclen%2Cdur%2Clmt&lsparams=mh%2Cmm%2Cmn%2Cms%2Cmv%2Cmvi%2Cpl%2Cinitcwndbps&lsig=AG3C_xAwRQIhAMKTDS8gy8XbDKWwAyTY05oU43nXZfX3c9TS6vaARadHAiALG0FlOD7_fvnpY22Ycnjf3Bny8dAVXWcvym8kTtlNTQ%3D%3D&sig=AOq0QJ8wRQIhAJ0Llh3ziOssUnPZfbRga8CDBkE7DYtHxcRHbNBKyR2oAiBq7iM11bkIcLmrHjjRx7d2hoBU8AkZ_jbQir5Pi0PRVw==&ratebypass=yes", "player_url": "/s/player/9f996d3e/player_ias.vflset/en_US/base.js", "ext": "webm", "format_note": "tiny", "acodec": "opus", "abr": 160, "asr": 48000, "filesize": 3756420, "fps": null, "height": null, "tbr": 180.4, "width": null, "vcodec": "none", "downloader_options": {"http_chunk_size": 10485760}, "format": "251 - audio only (tiny)", "protocol": "https", "http_headers": {"User-Agent": "Mozilla/5.0 (Windows NT 10.0; Win64; x64) AppleWebKit/537.36 (KHTML, like Gecko) Chrome/73.0.3683.38 Safari/537.36", "Accept-Charset": "ISO-8859-1,utf-8;q=0.7,*;q=0.7", "Accept": "text/html,application/xhtml+xml,application/xml;q=0.9,*/*;q=0.8", "Accept-Encoding": "gzip, deflate", "Accept-Language": "en-us,en;q=0.5"}}, {"format_id": "160", "url": "https://r1---sn-ipoxu-u2x6.googlevideo.com/videoplayback?expire=1610392169&ei=CE78X_7TO5fWgAOc6Z24Aw&ip=220.129.26.102&id=o-ABa4bxJxdqMZmg19-8URtD6cnavMopmMqnfNs2eJfS4N&itag=160&aitags=133%2C134%2C135%2C136%2C137%2C160%2C242%2C243%2C244%2C247%2C248%2C278&source=youtube&requiressl=yes&mh=A1&mm=31%2C29&mn=sn-ipoxu-u2x6%2Csn-un57sn76&ms=au%2Crdu&mv=m&mvi=1&pl=21&gcr=tw&initcwndbps=1117500&vprv=1&mime=video%2Fmp4&ns=fztBOGcnpxWfu9NwzCRUtFUF&gir=yes&clen=273723&dur=180.000&lmt=1602083661634404&mt=1610370272&fvip=1&keepalive=yes&c=WEB&txp=1311222&n=bQuUvqV-mPRuF2&sparams=expire%2Cei%2Cip%2Cid%2Caitags%2Csource%2Crequiressl%2Cgcr%2Cvprv%2Cmime%2Cns%2Cgir%2Cclen%2Cdur%2Clmt&lsparams=mh%2Cmm%2Cmn%2Cms%2Cmv%2Cmvi%2Cpl%2Cinitcwndbps&lsig=AG3C_xAwRAIgCPjnA4uFHx2tLBvNsVxM-qBCFbhFN0mxc8Wc7LNbO6gCIDuA-RcYyCtJi9TtTWD20I8pdrUBkXwsJMyO7horx7zM&sig=AOq0QJ8wRAIgfNkb70V8VwBdvr-6nElMmWOharZfIvGCKZGl3SOaOCICIENUtIX3_D22RKRM9Tj73xWH9enkK33In0jlscvkegnT&ratebypass=yes", "player_url": "/s/player/9f996d3e/player_ias.vflset/en_US/base.js", "ext": "mp4", "height": 144, "format_note": "144p", "vcodec": "avc1.4d400b", "asr": null, "filesize": 273723, "fps": 25, "tbr": 13.996, "width": 144, "acodec": "none", "downloader_options": {"http_chunk_size": 10485760}, "format": "160 - 144x144 (144p)", "protocol": "https", "http_headers": {"User-Agent": "Mozilla/5.0 (Windows NT 10.0; Win64; x64) AppleWebKit/537.36 (KHTML, like Gecko) Chrome/73.0.3683.38 Safari/537.36", "Accept-Charset": "ISO-8859-1,utf-8;q=0.7,*;q=0.7", "Accept": "text/html,application/xhtml+xml,application/xml;q=0.9,*/*;q=0.8", "Accept-Encoding": "gzip, deflate", "Accept-Language": "en-us,en;q=0.5"}}, {"format_id": "133", "url": "https://r1---sn-ipoxu-u2x6.googlevideo.com/videoplayback?expire=1610392169&ei=CE78X_7TO5fWgAOc6Z24Aw&ip=220.129.26.102&id=o-ABa4bxJxdqMZmg19-8URtD6cnavMopmMqnfNs2eJfS4N&itag=133&aitags=133%2C134%2C135%2C136%2C137%2C160%2C242%2C243%2C244%2C247%2C248%2C278&source=youtube&requiressl=yes&mh=A1&mm=31%2C29&mn=sn-ipoxu-u2x6%2Csn-un57sn76&ms=au%2Crdu&mv=m&mvi=1&pl=21&gcr=tw&initcwndbps=1117500&vprv=1&mime=video%2Fmp4&ns=fztBOGcnpxWfu9NwzCRUtFUF&gir=yes&clen=483874&dur=180.000&lmt=1602083661653259&mt=1610370272&fvip=1&keepalive=yes&c=WEB&txp=1311222&n=bQuUvqV-mPRuF2&sparams=expire%2Cei%2Cip%2Cid%2Caitags%2Csource%2Crequiressl%2Cgcr%2Cvprv%2Cmime%2Cns%2Cgir%2Cclen%2Cdur%2Clmt&lsparams=mh%2Cmm%2Cmn%2Cms%2Cmv%2Cmvi%2Cpl%2Cinitcwndbps&lsig=AG3C_xAwRgIhAO9hyvEwvgRuRSuuKeiypBqDYqpv63iLknQFqd6zn7HfAiEAtXqioxJ8Kih_OfBZdW2Oz_IKb8-x5YDk_qVOyEqVB6E%3D&sig=AOq0QJ8wRQIgTwvr-x9Sc8W93W9Gt989VjFvahJZewlk1albcFvWJpACIQDgWGpKZ1X9oZPfpXtgFY5e3D6xqNqsvwPRdvSrVAX30Q==&ratebypass=yes", "player_url": "/s/player/9f996d3e/player_ias.vflset/en_US/base.js", "ext": "mp4", "height": 240, "format_note": "240p", "vcodec": "avc1.4d400c", "asr": null, "filesize": 483874, "fps": 25, "tbr": 23.351, "width": 240, "acodec": "none", "downloader_options": {"http_chunk_size": 10485760}, "format": "133 - 240x240 (240p)", "protocol": "https", "http_headers": {"User-Agent": "Mozilla/5.0 (Windows NT 10.0; Win64; x64) AppleWebKit/537.36 (KHTML, like Gecko) Chrome/73.0.3683.38 Safari/537.36", "Accept-Charset": "ISO-8859-1,utf-8;q=0.7,*;q=0.7", "Accept": "text/html,application/xhtml+xml,application/xml;q=0.9,*/*;q=0.8", "Accept-Encoding": "gzip, deflate", "Accept-Language": "en-us,en;q=0.5"}}, {"format_id": "278", "url": "https://r1---sn-ipoxu-u2x6.googlevideo.com/videoplayback?expire=1610392169&ei=CE78X_7TO5fWgAOc6Z24Aw&ip=220.129.26.102&id=o-ABa4bxJxdqMZmg19-8URtD6cnavMopmMqnfNs2eJfS4N&itag=278&aitags=133%2C134%2C135%2C136%2C137%2C160%2C242%2C243%2C244%2C247%2C248%2C278&source=youtube&requiressl=yes&mh=A1&mm=31%2C29&mn=sn-ipoxu-u2x6%2Csn-un57sn76&ms=au%2Crdu&mv=m&mvi=1&pl=21&gcr=tw&initcwndbps=1117500&vprv=1&mime=video%2Fwebm&ns=fztBOGcnpxWfu9NwzCRUtFUF&gir=yes&clen=533017&dur=180.000&lmt=1602085053968422&mt=1610370272&fvip=1&keepalive=yes&c=WEB&txp=1311222&n=bQuUvqV-mPRuF2&sparams=expire%2Cei%2Cip%2Cid%2Caitags%2Csource%2Crequiressl%2Cgcr%2Cvprv%2Cmime%2Cns%2Cgir%2Cclen%2Cdur%2Clmt&lsparams=mh%2Cmm%2Cmn%2Cms%2Cmv%2Cmvi%2Cpl%2Cinitcwndbps&lsig=AG3C_xAwRAIgTJWXlPAG7BHroOpQYPP0_NNheVOLXEySuHIdH1hvKkMCIFo-cFsdlt2vBHhuzC-QYz_iOZD-7T6p3wYqSuVzS8J4&sig=AOq0QJ8wRAIgWC0tj9vbMvVcPzWWCB4LaD0qFIAZvfC3lxj7nRCp6-4CIB9YfyTfYOELCxDACpj_YM68DZc7lD8N70WsxLsKv3-T&ratebypass=yes", "player_url": "/s/player/9f996d3e/player_ias.vflset/en_US/base.js", "ext": "webm", "height": 144, "format_note": "144p", "container": "webm", "vcodec": "vp9", "asr": null, "filesize": 533017, "fps": 25, "tbr": 25.046, "width": 144, "acodec": "none", "downloader_options": {"http_chunk_size": 10485760}, "format": "278 - 144x144 (144p)", "protocol": "https", "http_headers": {"User-Agent": "Mozilla/5.0 (Windows NT 10.0; Win64; x64) AppleWebKit/537.36 (KHTML, like Gecko) Chrome/73.0.3683.38 Safari/537.36", "Accept-Charset": "ISO-8859-1,utf-8;q=0.7,*;q=0.7", "Accept": "text/html,application/xhtml+xml,application/xml;q=0.9,*/*;q=0.8", "Accept-Encoding": "gzip, deflate", "Accept-Language": "en-us,en;q=0.5"}}, {"format_id": "134", "url": "https://r1---sn-ipoxu-u2x6.googlevideo.com/videoplayback?expire=1610392169&ei=CE78X_7TO5fWgAOc6Z24Aw&ip=220.129.26.102&id=o-ABa4bxJxdqMZmg19-8URtD6cnavMopmMqnfNs2eJfS4N&itag=134&aitags=133%2C134%2C135%2C136%2C137%2C160%2C242%2C243%2C244%2C247%2C248%2C278&source=youtube&requiressl=yes&mh=A1&mm=31%2C29&mn=sn-ipoxu-u2x6%2Csn-un57sn76&ms=au%2Crdu&mv=m&mvi=1&pl=21&gcr=tw&initcwndbps=1117500&vprv=1&mime=video%2Fmp4&ns=fztBOGcnpxWfu9NwzCRUtFUF&gir=yes&clen=735782&dur=180.000&lmt=1602083661635341&mt=1610370272&fvip=1&keepalive=yes&c=WEB&txp=1311222&n=bQuUvqV-mPRuF2&sparams=expire%2Cei%2Cip%2Cid%2Caitags%2Csource%2Crequiressl%2Cgcr%2Cvprv%2Cmime%2Cns%2Cgir%2Cclen%2Cdur%2Clmt&lsparams=mh%2Cmm%2Cmn%2Cms%2Cmv%2Cmvi%2Cpl%2Cinitcwndbps&lsig=AG3C_xAwRAIgS_XPCpvTcaoa4gC11GYzCqC5fLpL6uzL9hPUdw_K-x8CICwpnC9bxWAdf1-Kj_TCC3Hnq5HAD0z-x1a5fyJRIrfB&sig=AOq0QJ8wRQIgCdi8sscBwQ6HKivg317UEDWH4yLYGBGvhTx4oZIAOwACIQDZmVeFY2Mv9hNKFWN1cI3bkKduuaGlxDTfz5X0pWWX-g==&ratebypass=yes", "player_url": "/s/player/9f996d3e/player_ias.vflset/en_US/base.js", "ext": "mp4", "height": 360, "format_note": "360p", "vcodec": "avc1.4d4015", "asr": null, "filesize": 735782, "fps": 25, "tbr": 34.51, "width": 360, "acodec": "none", "downloader_options": {"http_chunk_size": 10485760}, "format": "134 - 360x360 (360p)", "protocol": "https", "http_headers": {"User-Agent": "Mozilla/5.0 (Windows NT 10.0; Win64; x64) AppleWebKit/537.36 (KHTML, like Gecko) Chrome/73.0.3683.38 Safari/537.36", "Accept-Charset": "ISO-8859-1,utf-8;q=0.7,*;q=0.7", "Accept": "text/html,application/xhtml+xml,application/xml;q=0.9,*/*;q=0.8", "Accept-Encoding": "gzip, deflate", "Accept-Language": "en-us,en;q=0.5"}}, {"format_id": "242", "url": "https://r1---sn-ipoxu-u2x6.googlevideo.com/videoplayback?expire=1610392169&ei=CE78X_7TO5fWgAOc6Z24Aw&ip=220.129.26.102&id=o-ABa4bxJxdqMZmg19-8URtD6cnavMopmMqnfNs2eJfS4N&itag=242&aitags=133%2C134%2C135%2C136%2C137%2C160%2C242%2C243%2C244%2C247%2C248%2C278&source=youtube&requiressl=yes&mh=A1&mm=31%2C29&mn=sn-ipoxu-u2x6%2Csn-un57sn76&ms=au%2Crdu&mv=m&mvi=1&pl=21&gcr=tw&initcwndbps=1117500&vprv=1&mime=video%2Fwebm&ns=fztBOGcnpxWfu9NwzCRUtFUF&gir=yes&clen=1107110&dur=180.000&lmt=1602085054310413&mt=1610370272&fvip=1&keepalive=yes&c=WEB&txp=1311222&n=bQuUvqV-mPRuF2&sparams=expire%2Cei%2Cip%2Cid%2Caitags%2Csource%2Crequiressl%2Cgcr%2Cvprv%2Cmime%2Cns%2Cgir%2Cclen%2Cdur%2Clmt&lsparams=mh%2Cmm%2Cmn%2Cms%2Cmv%2Cmvi%2Cpl%2Cinitcwndbps&lsig=AG3C_xAwRQIhANacIMmJ7yzGaXTxwEL9zqKoQWONmaNyGHg5Rzmvk3oNAiAV1PWaSY8oUf7B97X7ZH8W0cCOre0XUBuILEg7oOTyuA%3D%3D&sig=AOq0QJ8wRgIhAK7yn0XkLgh3Uls7E7XXRpHfjiMK-C_3ex6XsWzR2VspAiEA2JQmPjv8iAoOwFmdIK0wOaRcUAscBkMF2G1g8SVXmWg=&ratebypass=yes", "player_url": "/s/player/9f996d3e/player_ias.vflset/en_US/base.js", "ext": "webm", "height": 240, "format_note": "240p", "vcodec": "vp9", "asr": null, "filesize": 1107110, "fps": 25, "tbr": 50.576, "width": 240, "acodec": "none", "downloader_options": {"http_chunk_size": 10485760}, "format": "242 - 240x240 (240p)", "protocol": "https", "http_headers": {"User-Agent": "Mozilla/5.0 (Windows NT 10.0; Win64; x64) AppleWebKit/537.36 (KHTML, like Gecko) Chrome/73.0.3683.38 Safari/537.36", "Accept-Charset": "ISO-8859-1,utf-8;q=0.7,*;q=0.7", "Accept": "text/html,application/xhtml+xml,application/xml;q=0.9,*/*;q=0.8", "Accept-Encoding": "gzip, deflate", "Accept-Language": "en-us,en;q=0.5"}}, {"format_id": "135", "url": "https://r1---sn-ipoxu-u2x6.googlevideo.com/videoplayback?expire=1610392169&ei=CE78X_7TO5fWgAOc6Z24Aw&ip=220.129.26.102&id=o-ABa4bxJxdqMZmg19-8URtD6cnavMopmMqnfNs2eJfS4N&itag=135&aitags=133%2C134%2C135%2C136%2C137%2C160%2C242%2C243%2C244%2C247%2C248%2C278&source=youtube&requiressl=yes&mh=A1&mm=31%2C29&mn=sn-ipoxu-u2x6%2Csn-un57sn76&ms=au%2Crdu&mv=m&mvi=1&pl=21&gcr=tw&initcwndbps=1117500&vprv=1&mime=video%2Fmp4&ns=fztBOGcnpxWfu9NwzCRUtFUF&gir=yes&clen=1212043&dur=180.000&lmt=1602083661634653&mt=1610370272&fvip=1&keepalive=yes&c=WEB&txp=1311222&n=bQuUvqV-mPRuF2&sparams=expire%2Cei%2Cip%2Cid%2Caitags%2Csource%2Crequiressl%2Cgcr%2Cvprv%2Cmime%2Cns%2Cgir%2Cclen%2Cdur%2Clmt&lsparams=mh%2Cmm%2Cmn%2Cms%2Cmv%2Cmvi%2Cpl%2Cinitcwndbps&lsig=AG3C_xAwRAIgfuKUPEaBgNFXqrmgL0JipW8ythN8vgWz_uWvF3Eh5joCICGAxiDFg3rSJeumvdhx_CaanbMmMwSJSE1-vIJav2UA&sig=AOq0QJ8wRQIgf8H66CqkJ7qnrOW7nwv2d_hJGO2lVk81T_qSCF6JCPYCIQCvdxUMzmKzEmkJ64PoFcqVLqExUIjCahp1RGef1hL8bg==&ratebypass=yes", "player_url": "/s/player/9f996d3e/player_ias.vflset/en_US/base.js", "ext": "mp4", "height": 480, "format_note": "480p", "vcodec": "avc1.4d401e", "asr": null, "filesize": 1212043, "fps": 25, "tbr": 55.723, "width": 480, "acodec": "none", "downloader_options": {"http_chunk_size": 10485760}, "format": "135 - 480x480 (480p)", "protocol": "https", "http_headers": {"User-Agent": "Mozilla/5.0 (Windows NT 10.0; Win64; x64) AppleWebKit/537.36 (KHTML, like Gecko) Chrome/73.0.3683.38 Safari/537.36", "Accept-Charset": "ISO-8859-1,utf-8;q=0.7,*;q=0.7", "Accept": "text/html,application/xhtml+xml,application/xml;q=0.9,*/*;q=0.8", "Accept-Encoding": "gzip, deflate", "Accept-Language": "en-us,en;q=0.5"}}, {"format_id": "243", "url": "https://r1---sn-ipoxu-u2x6.googlevideo.com/videoplayback?expire=1610392169&ei=CE78X_7TO5fWgAOc6Z24Aw&ip=220.129.26.102&id=o-ABa4bxJxdqMZmg19-8URtD6cnavMopmMqnfNs2eJfS4N&itag=243&aitags=133%2C134%2C135%2C136%2C137%2C160%2C242%2C243%2C244%2C247%2C248%2C278&source=youtube&requiressl=yes&mh=A1&mm=31%2C29&mn=sn-ipoxu-u2x6%2Csn-un57sn76&ms=au%2Crdu&mv=m&mvi=1&pl=21&gcr=tw&initcwndbps=1117500&vprv=1&mime=video%2Fwebm&ns=fztBOGcnpxWfu9NwzCRUtFUF&gir=yes&clen=1945706&dur=180.000&lmt=1602085054138700&mt=1610370272&fvip=1&keepalive=yes&c=WEB&txp=1311222&n=bQuUvqV-mPRuF2&sparams=expire%2Cei%2Cip%2Cid%2Caitags%2Csource%2Crequiressl%2Cgcr%2Cvprv%2Cmime%2Cns%2Cgir%2Cclen%2Cdur%2Clmt&lsparams=mh%2Cmm%2Cmn%2Cms%2Cmv%2Cmvi%2Cpl%2Cinitcwndbps&lsig=AG3C_xAwRQIhAKG_eFkL3LtSUJqO4J3yJwfO62AIp8-YvREFEq9jYdCZAiBTYwaGlKwFYF7TCCrZtCu6ejQBUVd8sAgH6zineNpsaQ%3D%3D&sig=AOq0QJ8wRQIgWVqIEZ7piaNYNmL_zYOFacSOZxBNB979BkOF8H5_KM4CIQDtpk2aY2gw4OkeIptfRTpiyOR1m1EDrT43_lq67AbSUg==&ratebypass=yes", "player_url": "/s/player/9f996d3e/player_ias.vflset/en_US/base.js", "ext": "webm", "height": 360, "format_note": "360p", "vcodec": "vp9", "asr": null, "filesize": 1945706, "fps": 25, "tbr": 88.032, "width": 360, "acodec": "none", "downloader_options": {"http_chunk_size": 10485760}, "format": "243 - 360x360 (360p)", "protocol": "https", "http_headers": {"User-Agent": "Mozilla/5.0 (Windows NT 10.0; Win64; x64) AppleWebKit/537.36 (KHTML, like Gecko) Chrome/73.0.3683.38 Safari/537.36", "Accept-Charset": "ISO-8859-1,utf-8;q=0.7,*;q=0.7", "Accept": "text/html,application/xhtml+xml,application/xml;q=0.9,*/*;q=0.8", "Accept-Encoding": "gzip, deflate", "Accept-Language": "en-us,en;q=0.5"}}, {"format_id": "136", "url": "https://r1---sn-ipoxu-u2x6.googlevideo.com/videoplayback?expire=1610392169&ei=CE78X_7TO5fWgAOc6Z24Aw&ip=220.129.26.102&id=o-ABa4bxJxdqMZmg19-8URtD6cnavMopmMqnfNs2eJfS4N&itag=136&aitags=133%2C134%2C135%2C136%2C137%2C160%2C242%2C243%2C244%2C247%2C248%2C278&source=youtube&requiressl=yes&mh=A1&mm=31%2C29&mn=sn-ipoxu-u2x6%2Csn-un57sn76&ms=au%2Crdu&mv=m&mvi=1&pl=21&gcr=tw&initcwndbps=1117500&vprv=1&mime=video%2Fmp4&ns=fztBOGcnpxWfu9NwzCRUtFUF&gir=yes&clen=2084569&dur=180.000&lmt=1602083661633400&mt=1610370272&fvip=1&keepalive=yes&c=WEB&txp=1311222&n=bQuUvqV-mPRuF2&sparams=expire%2Cei%2Cip%2Cid%2Caitags%2Csource%2Crequiressl%2Cgcr%2Cvprv%2Cmime%2Cns%2Cgir%2Cclen%2Cdur%2Clmt&lsparams=mh%2Cmm%2Cmn%2Cms%2Cmv%2Cmvi%2Cpl%2Cinitcwndbps&lsig=AG3C_xAwRQIgUUfqPitNv6_7lTXB3xHsp2MRBzVqd0ERPllae1SQi84CIQDrWIGtp1AQSXyKXbabj4aCbzqOz-rvuMcleLdReUayMg%3D%3D&sig=AOq0QJ8wRAIgUiPJTO8w5WXa38rYIvg-rxgXmBw-b4Sg-dVSZqDQKkYCIBtCXA-Pzn60ZhnKWtGZcRkzzzY9Jgwemn55_yt3B2Gq&ratebypass=yes", "player_url": "/s/player/9f996d3e/player_ias.vflset/en_US/base.js", "ext": "mp4", "height": 720, "format_note": "720p", "vcodec": "avc1.4d401f", "asr": null, "filesize": 2084569, "fps": 25, "tbr": 94.789, "width": 720, "acodec": "none", "downloader_options": {"http_chunk_size": 10485760}, "format": "136 - 720x720 (720p)", "protocol": "https", "http_headers": {"User-Agent": "Mozilla/5.0 (Windows NT 10.0; Win64; x64) AppleWebKit/537.36 (KHTML, like Gecko) Chrome/73.0.3683.38 Safari/537.36", "Accept-Charset": "ISO-8859-1,utf-8;q=0.7,*;q=0.7", "Accept": "text/html,application/xhtml+xml,application/xml;q=0.9,*/*;q=0.8", "Accept-Encoding": "gzip, deflate", "Accept-Language": "en-us,en;q=0.5"}}, {"format_id": "244", "url": "https://r1---sn-ipoxu-u2x6.googlevideo.com/videoplayback?expire=1610392169&ei=CE78X_7TO5fWgAOc6Z24Aw&ip=220.129.26.102&id=o-ABa4bxJxdqMZmg19-8URtD6cnavMopmMqnfNs2eJfS4N&itag=244&aitags=133%2C134%2C135%2C136%2C137%2C160%2C242%2C243%2C244%2C247%2C248%2C278&source=youtube&requiressl=yes&mh=A1&mm=31%2C29&mn=sn-ipoxu-u2x6%2Csn-un57sn76&ms=au%2Crdu&mv=m&mvi=1&pl=21&gcr=tw&initcwndbps=1117500&vprv=1&mime=video%2Fwebm&ns=fztBOGcnpxWfu9NwzCRUtFUF&gir=yes&clen=3109712&dur=180.000&lmt=1602085054104145&mt=1610370272&fvip=1&keepalive=yes&c=WEB&txp=1311222&n=bQuUvqV-mPRuF2&sparams=expire%2Cei%2Cip%2Cid%2Caitags%2Csource%2Crequiressl%2Cgcr%2Cvprv%2Cmime%2Cns%2Cgir%2Cclen%2Cdur%2Clmt&lsparams=mh%2Cmm%2Cmn%2Cms%2Cmv%2Cmvi%2Cpl%2Cinitcwndbps&lsig=AG3C_xAwRgIhAKm2Vt8JRGIAVly9oy3OBimZ9_V2Jl0TpbyrO_cCOFNzAiEAluRDmbR_gkx8lxyeOQo7c6SOrTEUeYwe2VnO79UaEwU%3D&sig=AOq0QJ8wRAIgOnqPpqvnbKfuQtaRUCGqCc6xnMwUc_loErR2cuWxYZECIFDbREr44i435pQkk61JQG6gg6jsySiFobDwKfNxBlgt&ratebypass=yes", "player_url": "/s/player/9f996d3e/player_ias.vflset/en_US/base.js", "ext": "webm", "height": 480, "format_note": "480p", "vcodec": "vp9", "asr": null, "filesize": 3109712, "fps": 25, "tbr": 139.931, "width": 480, "acodec": "none", "downloader_options": {"http_chunk_size": 10485760}, "format": "244 - 480x480 (480p)", "protocol": "https", "http_headers": {"User-Agent": "Mozilla/5.0 (Windows NT 10.0; Win64; x64) AppleWebKit/537.36 (KHTML, like Gecko) Chrome/73.0.3683.38 Safari/537.36", "Accept-Charset": "ISO-8859-1,utf-8;q=0.7,*;q=0.7", "Accept": "text/html,application/xhtml+xml,application/xml;q=0.9,*/*;q=0.8", "Accept-Encoding": "gzip, deflate", "Accept-Language": "en-us,en;q=0.5"}}, {"format_id": "137", "url": "https://r1---sn-ipoxu-u2x6.googlevideo.com/videoplayback?expire=1610392169&ei=CE78X_7TO5fWgAOc6Z24Aw&ip=220.129.26.102&id=o-ABa4bxJxdqMZmg19-8URtD6cnavMopmMqnfNs2eJfS4N&itag=137&aitags=133%2C134%2C135%2C136%2C137%2C160%2C242%2C243%2C244%2C247%2C248%2C278&source=youtube&requiressl=yes&mh=A1&mm=31%2C29&mn=sn-ipoxu-u2x6%2Csn-un57sn76&ms=au%2Crdu&mv=m&mvi=1&pl=21&gcr=tw&initcwndbps=1117500&vprv=1&mime=video%2Fmp4&ns=fztBOGcnpxWfu9NwzCRUtFUF&gir=yes&clen=4769073&dur=180.000&lmt=1602083131080236&mt=1610370272&fvip=1&keepalive=yes&c=WEB&txp=1311222&n=bQuUvqV-mPRuF2&sparams=expire%2Cei%2Cip%2Cid%2Caitags%2Csource%2Crequiressl%2Cgcr%2Cvprv%2Cmime%2Cns%2Cgir%2Cclen%2Cdur%2Clmt&lsparams=mh%2Cmm%2Cmn%2Cms%2Cmv%2Cmvi%2Cpl%2Cinitcwndbps&lsig=AG3C_xAwRAIgWmM-DSKn9nYgPW209nwRlyFRmv2dgAvZHYmwd6VZiGgCID0Y3Sa1F8nJTkG03flLYLPkHqSY2vF8s75VdXhEDEYM&sig=AOq0QJ8wRgIhAO3bctiGtDak9o4ChNaFx0_lZz8BAXOyPlzWKdQNOAFrAiEA6C4V1AdAhqJi7tZZfmyziqxv-DJ6JggIkWtasDkUHNw=&ratebypass=yes", "player_url": "/s/player/9f996d3e/player_ias.vflset/en_US/base.js", "ext": "mp4", "height": 1080, "format_note": "1080p", "vcodec": "avc1.640020", "asr": null, "filesize": 4769073, "fps": 25, "tbr": 214.679, "width": 1080, "acodec": "none", "downloader_options": {"http_chunk_size": 10485760}, "format": "137 - 1080x1080 (1080p)", "protocol": "https", "http_headers": {"User-Agent": "Mozilla/5.0 (Windows NT 10.0; Win64; x64) AppleWebKit/537.36 (KHTML, like Gecko) Chrome/73.0.3683.38 Safari/537.36", "Accept-Charset": "ISO-8859-1,utf-8;q=0.7,*;q=0.7", "Accept": "text/html,application/xhtml+xml,application/xml;q=0.9,*/*;q=0.8", "Accept-Encoding": "gzip, deflate", "Accept-Language": "en-us,en;q=0.5"}}, {"format_id": "247", "url": "https://r1---sn-ipoxu-u2x6.googlevideo.com/videoplayback?expire=1610392169&ei=CE78X_7TO5fWgAOc6Z24Aw&ip=220.129.26.102&id=o-ABa4bxJxdqMZmg19-8URtD6cnavMopmMqnfNs2eJfS4N&itag=247&aitags=133%2C134%2C135%2C136%2C137%2C160%2C242%2C243%2C244%2C247%2C248%2C278&source=youtube&requiressl=yes&mh=A1&mm=31%2C29&mn=sn-ipoxu-u2x6%2Csn-un57sn76&ms=au%2Crdu&mv=m&mvi=1&pl=21&gcr=tw&initcwndbps=1117500&vprv=1&mime=video%2Fwebm&ns=fztBOGcnpxWfu9NwzCRUtFUF&gir=yes&clen=6111302&dur=180.000&lmt=1602085054107455&mt=1610370272&fvip=1&keepalive=yes&c=WEB&txp=1311222&n=bQuUvqV-mPRuF2&sparams=expire%2Cei%2Cip%2Cid%2Caitags%2Csource%2Crequiressl%2Cgcr%2Cvprv%2Cmime%2Cns%2Cgir%2Cclen%2Cdur%2Clmt&lsparams=mh%2Cmm%2Cmn%2Cms%2Cmv%2Cmvi%2Cpl%2Cinitcwndbps&lsig=AG3C_xAwRAIgOYNdEJkEkf6NIj4YdzhW591P0hicNKkvpooE0WcQlb0CIG6eOFUDkc4h9nB30TsEPMnIVDDvyz3PgtWi3emtYS7-&sig=AOq0QJ8wRAIgUV2uGDAs5o1NIZyzNacSuFHCq3VS_An-kRblNMFcN5UCIDbtlkkOwwthdmwS03_vuK78fdt-i9hmrGLhYgdZNoB1&ratebypass=yes", "player_url": "/s/player/9f996d3e/player_ias.vflset/en_US/base.js", "ext": "webm", "height": 720, "format_note": "720p", "vcodec": "vp9", "asr": null, "filesize": 6111302, "fps": 25, "tbr": 273.968, "width": 720, "acodec": "none", "downloader_options": {"http_chunk_size": 10485760}, "format": "247 - 720x720 (720p)", "protocol": "https", "http_headers": {"User-Agent": "Mozilla/5.0 (Windows NT 10.0; Win64; x64) AppleWebKit/537.36 (KHTML, like Gecko) Chrome/73.0.3683.38 Safari/537.36", "Accept-Charset": "ISO-8859-1,utf-8;q=0.7,*;q=0.7", "Accept": "text/html,application/xhtml+xml,application/xml;q=0.9,*/*;q=0.8", "Accept-Encoding": "gzip, deflate", "Accept-Language": "en-us,en;q=0.5"}}, {"format_id": "248", "url": "https://r1---sn-ipoxu-u2x6.googlevideo.com/videoplayback?expire=1610392169&ei=CE78X_7TO5fWgAOc6Z24Aw&ip=220.129.26.102&id=o-ABa4bxJxdqMZmg19-8URtD6cnavMopmMqnfNs2eJfS4N&itag=248&aitags=133%2C134%2C135%2C136%2C137%2C160%2C242%2C243%2C244%2C247%2C248%2C278&source=youtube&requiressl=yes&mh=A1&mm=31%2C29&mn=sn-ipoxu-u2x6%2Csn-un57sn76&ms=au%2Crdu&mv=m&mvi=1&pl=21&gcr=tw&initcwndbps=1117500&vprv=1&mime=video%2Fwebm&ns=fztBOGcnpxWfu9NwzCRUtFUF&gir=yes&clen=11390720&dur=180.000&lmt=1602085011212773&mt=1610370272&fvip=1&keepalive=yes&c=WEB&txp=1311222&n=bQuUvqV-mPRuF2&sparams=expire%2Cei%2Cip%2Cid%2Caitags%2Csource%2Crequiressl%2Cgcr%2Cvprv%2Cmime%2Cns%2Cgir%2Cclen%2Cdur%2Clmt&lsparams=mh%2Cmm%2Cmn%2Cms%2Cmv%2Cmvi%2Cpl%2Cinitcwndbps&lsig=AG3C_xAwRQIhAMgmyePm3xaiZlw0TmXS6MviUsYBT5FjvWCXRWYZRBl2AiBarnmn0JcL9m3Eh0VvrfBifeLS9saAgnarepOOFIWCZw%3D%3D&sig=AOq0QJ8wRQIhAM8IOhTCBPD5qyzd7rbWCMvGblTSD1g_zWx4VnTjgudoAiAQPZdC4bTs8IUT59eJmG2WXJ7_tvo7hOtaa4XjfcONNg==&ratebypass=yes", "player_url": "/s/player/9f996d3e/player_ias.vflset/en_US/base.js", "ext": "webm", "height": 1080, "format_note": "1080p", "vcodec": "vp9", "asr": null, "filesize": 11390720, "fps": 25, "tbr": 508.675, "width": 1080, "acodec": "none", "downloader_options": {"http_chunk_size": 10485760}, "format": "248 - 1080x1080 (1080p)", "protocol": "https", "http_headers": {"User-Agent": "Mozilla/5.0 (Windows NT 10.0; Win64; x64) AppleWebKit/537.36 (KHTML, like Gecko) Chrome/73.0.3683.38 Safari/537.36", "Accept-Charset": "ISO-8859-1,utf-8;q=0.7,*;q=0.7", "Accept": "text/html,application/xhtml+xml,application/xml;q=0.9,*/*;q=0.8", "Accept-Encoding": "gzip, deflate", "Accept-Language": "en-us,en;q=0.5"}}, {"format_id": "18", "url": "https://r1---sn-ipoxu-u2x6.googlevideo.com/videoplayback?expire=1610392169&ei=CE78X_7TO5fWgAOc6Z24Aw&ip=220.129.26.102&id=o-ABa4bxJxdqMZmg19-8URtD6cnavMopmMqnfNs2eJfS4N&itag=18&source=youtube&requiressl=yes&mh=A1&mm=31%2C29&mn=sn-ipoxu-u2x6%2Csn-un57sn76&ms=au%2Crdu&mv=m&mvi=1&pl=21&gcr=tw&initcwndbps=1117500&vprv=1&mime=video%2Fmp4&ns=AOZnx-nl1ajxCAg4mqCay7IF&gir=yes&clen=5719067&ratebypass=yes&dur=180.047&lmt=1572602140907171&mt=1610370272&fvip=1&c=WEB&txp=1311222&n=2L88OZZqxjWw6t&sparams=expire%2Cei%2Cip%2Cid%2Citag%2Csource%2Crequiressl%2Cgcr%2Cvprv%2Cmime%2Cns%2Cgir%2Cclen%2Cratebypass%2Cdur%2Clmt&lsparams=mh%2Cmm%2Cmn%2Cms%2Cmv%2Cmvi%2Cpl%2Cinitcwndbps&lsig=AG3C_xAwRgIhAO4MNWz-wm29WyMsWTt64jviMSuY7S3omjjLIUBTwVLgAiEAvwIEcxJvE7Vqc9ylDNKfZJVDb0pWrKKCk5nNXoc4jug%3D&sig=AOq0QJ8wRAIgd6yenUnVRTc-P9S3oxxrEhojyzy-asCqAZZfMMApY4ICIEsHYMCiyuwz1q0Ix_Uh2xnD5JrL4NcQsmcFBNtg1fAC", "player_url": "/s/player/9f996d3e/player_ias.vflset/en_US/base.js", "ext": "mp4", "width": 360, "height": 360, "acodec": "mp4a.40.2", "abr": 96, "vcodec": "avc1.42001E", "asr": 44100, "filesize": 5719067, "format_note": "360p", "fps": 25, "tbr": 254.18, "format": "18 - 360x360 (360p)", "protocol": "https", "http_headers": {"User-Agent": "Mozilla/5.0 (Windows NT 10.0; Win64; x64) AppleWebKit/537.36 (KHTML, like Gecko) Chrome/73.0.3683.38 Safari/537.36", "Accept-Charset": "ISO-8859-1,utf-8;q=0.7,*;q=0.7", "Accept": "text/html,application/xhtml+xml,application/xml;q=0.9,*/*;q=0.8", "Accept-Encoding": "gzip, deflate", "Accept-Language": "en-us,en;q=0.5"}}], "is_live": null, "start_time": null, "end_time": null, "series": null, "season_number": null, "episode_number": null, "track": "Siesta Norte\u00f1a", "artist": "Juan Maria Solare, Juan Maria Solare", "album": "Himmelsrichtungen", "release_date": "20160320", "release_year": 2016, "extractor": "youtube", "webpage_url_basename": "watch", "extractor_key": "Youtube", "playlist": null, "playlist_index": null, "thumbnail": "https://i.ytimg.com/vi_webp/kDGmND1BgmA/maxresdefault.webp", "display_id": "kDGmND1BgmA", "requested_subtitles": null, "format_id": "251", "url": "https://r1---sn-ipoxu-u2x6.googlevideo.com/videoplayback?expire=1610392169&ei=CE78X_7TO5fWgAOc6Z24Aw&ip=220.129.26.102&id=o-ABa4bxJxdqMZmg19-8URtD6cnavMopmMqnfNs2eJfS4N&itag=251&source=youtube&requiressl=yes&mh=A1&mm=31%2C29&mn=sn-ipoxu-u2x6%2Csn-un57sn76&ms=au%2Crdu&mv=m&mvi=1&pl=21&gcr=tw&initcwndbps=1117500&vprv=1&mime=audio%2Fwebm&ns=fztBOGcnpxWfu9NwzCRUtFUF&gir=yes&clen=3756420&dur=180.021&lmt=1572602769634314&mt=1610370272&fvip=1&keepalive=yes&c=WEB&txp=1301222&n=bQuUvqV-mPRuF2&sparams=expire%2Cei%2Cip%2Cid%2Citag%2Csource%2Crequiressl%2Cgcr%2Cvprv%2Cmime%2Cns%2Cgir%2Cclen%2Cdur%2Clmt&lsparams=mh%2Cmm%2Cmn%2Cms%2Cmv%2Cmvi%2Cpl%2Cinitcwndbps&lsig=AG3C_xAwRQIhAMKTDS8gy8XbDKWwAyTY05oU43nXZfX3c9TS6vaARadHAiALG0FlOD7_fvnpY22Ycnjf3Bny8dAVXWcvym8kTtlNTQ%3D%3D&sig=AOq0QJ8wRQIhAJ0Llh3ziOssUnPZfbRga8CDBkE7DYtHxcRHbNBKyR2oAiBq7iM11bkIcLmrHjjRx7d2hoBU8AkZ_jbQir5Pi0PRVw==&ratebypass=yes", "player_url": "/s/player/9f996d3e/player_ias.vflset/en_US/base.js", "ext": "webm", "format_note": "tiny", "acodec": "opus", "abr": 160, "asr": 48000, "filesize": 3756420, "fps": null, "height": null, "tbr": 180.4, "width": null, "vcodec": "none", "downloader_options": {"http_chunk_size": 10485760}, "format": "251 - audio only (tiny)", "protocol": "https", "http_headers": {"User-Agent": "Mozilla/5.0 (Windows NT 10.0; Win64; x64) AppleWebKit/537.36 (KHTML, like Gecko) Chrome/73.0.3683.38 Safari/537.36", "Accept-Charset": "ISO-8859-1,utf-8;q=0.7,*;q=0.7", "Accept": "text/html,application/xhtml+xml,application/xml;q=0.9,*/*;q=0.8", "Accept-Encoding": "gzip, deflate", "Accept-Language": "en-us,en;q=0.5"}}