{"id": "kopwU6zpS4k", "uploader": "Jurrivh", "uploader_id": "Jurrivh", "uploader_url": "http://www.youtube.com/user/Jurrivh", "channel_id": "UCLh10hzbQJPg0Hho1VdGXwA", "channel_url": "http://www.youtube.com/channel/UCLh10hzbQJPg0Hho1VdGXwA", "upload_date": "20190310", "license": null, "creator": null, "title": "A\u00fan Te Amo - Sad Piano (Esta Canci\u00f3n Te Har\u00e1 Llorar)", "alt_title": null, "thumbnails": [{"url": "https://i.ytimg.com/vi/kopwU6zpS4k/hqdefault.jpg?sqp=-oaymwEYCKgBEF5IVfKriqkDCwgBFQAAiEIYAXAB&rs=AOn4CLB0njXz2pHjlAsg2pAAdjfFIk2MAQ", "width": 168, "height": 94, "resolution": "168x94", "id": "0"}, {"url": "https://i.ytimg.com/vi/kopwU6zpS4k/hqdefault.jpg?sqp=-oaymwEYCMQBEG5IVfKriqkDCwgBFQAAiEIYAXAB&rs=AOn4CLDJoJm65Qnf6tk9OagEatlnboM-aA", "width": 196, "height": 110, "resolution": "196x110", "id": "1"}, {"url": "https://i.ytimg.com/vi/kopwU6zpS4k/hqdefault.jpg?sqp=-oaymwEZCPYBEIoBSFXyq4qpAwsIARUAAIhCGAFwAQ==&rs=AOn4CLCyYDTQUQbc1PxU8X1jQmPiFfee0Q", "width": 246, "height": 138, "resolution": "246x138", "id": "2"}, {"url": "https://i.ytimg.com/vi/kopwU6zpS4k/hqdefault.jpg?sqp=-oaymwEZCNACELwBSFXyq4qpAwsIARUAAIhCGAFwAQ==&rs=AOn4CLDcdQ9uc9DGUIEfnLn943Z6QG3IsQ", "width": 336, "height": 188, "resolution": "336x188", "id": "3"}, {"url": "https://i.ytimg.com/vi_webp/kopwU6zpS4k/maxresdefault.webp?v=5c84fd13", "width": 1920, "height": 1080, "resolution": "1920x1080", "id": "4"}], "description": "Sad Piano (Esta Canci\u00f3n Te Har\u00e1 Llorar) Composed by Jurrivh. \n\n\u25b6 Subscribe for more Music: http://bit.ly/SubToJurrivh\n\ud83d\udcb0 Purchase (License): https://bsta.rs/dd53f38\n\n\ud83d\udcdd Buy Sheet Music: https://sellfy.com/jurrivh/p/KrFP/\n\nSocial Media\nInstagram: https://www.instagram.com/jurrivh/\nTwitter: http://twitter.com/jurrivh\nFacebook: https://www.facebook.com/jurrivh/\n\nCinematography by Bernard van den Heiligenberg \nColor Grading by Frezh Editing \n\nSubscribe for New Music every Sunday 5pm (CET)!\n#SadPiano #Jurrivh #Emotional", "categories": ["Music"], "tags": ["Sad", "A\u00fan Te Amo", "Jurrivh A\u00fan Te Amo", "Jurrivh", "Jurrivh Piano", "Sad Piano", "Sad Piano Song", "Sad Piano Instrumental", "Musica Triste", "Musica Emotiva", "Musica Triste Instrumental", "Piano Triste", "Esta Canci\u00f3n Te Har\u00e1 Llorar", "Musica De Piano", "Musica De Piano Triste", "Musica Triste Piano", "Sad Piano A\u00fan Te Amo", "Melodia Triste Para Recordar"], "subtitles": {}, "automatic_captions": {}, "duration": 207, "age_limit": 0, "annotations": null, "chapters": null, "webpage_url": "https://www.youtube.com/watch?v=kopwU6zpS4k", "view_count": 568876, "like_count": 11873, "dislike_count": 194, "average_rating": 4.9356923, "formats": [{"format_id": "249", "url": "https://r8---sn-ipoxu-u2x6.googlevideo.com/videoplayback?expire=1610392322&ei=ok78X5JXipapAdSOjqAM&ip=220.129.26.102&id=o-ADg-HYpMPAV_nabJwhm4-o7FERbBNBG1Rm-sCymfDNGD&itag=249&source=youtube&requiressl=yes&mh=FB&mm=31%2C29&mn=sn-ipoxu-u2x6%2Csn-un57en7l&ms=au%2Crdu&mv=m&mvi=8&pl=21&initcwndbps=1057500&vprv=1&mime=audio%2Fwebm&ns=p2zOt7NeenKLNbX2OtwzAzoF&gir=yes&clen=1465736&dur=207.321&lmt=1552239368008653&mt=1610370516&fvip=5&keepalive=yes&c=WEB&txp=5511222&n=cV09OekO3bsoA9&sparams=expire%2Cei%2Cip%2Cid%2Citag%2Csource%2Crequiressl%2Cvprv%2Cmime%2Cns%2Cgir%2Cclen%2Cdur%2Clmt&sig=AOq0QJ8wRgIhAJmkP2mFZ8ehiTcGsHWmWmoYVZErkWg_B-DVPnJvQZ4EAiEAm-kOzbO0fG862UTyqkUZFOEe4YomU8FiOCB0fEyFJCg%3D&lsparams=mh%2Cmm%2Cmn%2Cms%2Cmv%2Cmvi%2Cpl%2Cinitcwndbps&lsig=AG3C_xAwRQIgZlDq-Cb1MaOmy3ve_DuqWS9d964_xRKg4C5E1Hz9D4ACIQCbsFGkCW3MU7LIcRvjW_ZOdLvBflYR7-AXLJoWQiQWrw%3D%3D&ratebypass=yes", "player_url": null, "ext": "webm", "format_note": "tiny", "acodec": "opus", "abr": 50, "asr": 48000, "filesize": 1465736, "fps": null, "height": null, "tbr": 60.223, "width": null, "vcodec": "none", "downloader_options": {"http_chunk_size": 10485760}, "format": "249 - audio only (tiny)", "protocol": "https", "http_headers": {"User-Agent": "Mozilla/5.0 (Windows NT 10.0; Win64; x64) AppleWebKit/537.36 (KHTML, like Gecko) Chrome/73.0.3683.38 Safari/537.36", "Accept-Charset": "ISO-8859-1,utf-8;q=0.7,*;q=0.7", "Accept": "text/html,application/xhtml+xml,application/xml;q=0.9,*/*;q=0.8", "Accept-Encoding": "gzip, deflate", "Accept-Language": "en-us,en;q=0.5"}}, {"format_id": "250", "url": "https://r8---sn-ipoxu-u2x6.googlevideo.com/videoplayback?expire=1610392322&ei=ok78X5JXipapAdSOjqAM&ip=220.129.26.102&id=o-ADg-HYpMPAV_nabJwhm4-o7FERbBNBG1Rm-sCymfDNGD&itag=250&source=youtube&requiressl=yes&mh=FB&mm=31%2C29&mn=sn-ipoxu-u2x6%2Csn-un57en7l&ms=au%2Crdu&mv=m&mvi=8&pl=21&initcwndbps=1057500&vprv=1&mime=audio%2Fwebm&ns=p2zOt7NeenKLNbX2OtwzAzoF&gir=yes&clen=1968622&dur=207.321&lmt=1552239367991313&mt=1610370516&fvip=5&keepalive=yes&c=WEB&txp=5511222&n=cV09OekO3bsoA9&sparams=expire%2Cei%2Cip%2Cid%2Citag%2Csource%2Crequiressl%2Cvprv%2Cmime%2Cns%2Cgir%2Cclen%2Cdur%2Clmt&sig=AOq0QJ8wRgIhAP4RJu9TLaVwiKnbY6CD0Oiis6yaZo_Oz8EdQVNyUl2yAiEAr1vRwXh-a0SKwX1ggawQy0FaciWlqL8lD1-bP8IvzJQ%3D&lsparams=mh%2Cmm%2Cmn%2Cms%2Cmv%2Cmvi%2Cpl%2Cinitcwndbps&lsig=AG3C_xAwRQIgZlDq-Cb1MaOmy3ve_DuqWS9d964_xRKg4C5E1Hz9D4ACIQCbsFGkCW3MU7LIcRvjW_ZOdLvBflYR7-AXLJoWQiQWrw%3D%3D&ratebypass=yes", "player_url": null, "ext": "webm", "format_note": "tiny", "acodec": "opus", "abr": 70, "asr": 48000, "filesize": 1968622, "fps": null, "height": null, "tbr": 81.152, "width": null, "vcodec": "none", "downloader_options": {"http_chunk_size": 10485760}, "format": "250 - audio only (tiny)", "protocol": "https", "http_headers": {"User-Agent": "Mozilla/5.0 (Windows NT 10.0; Win64; x64) AppleWebKit/537.36 (KHTML, like Gecko) Chrome/73.0.3683.38 Safari/537.36", "Accept-Charset": "ISO-8859-1,utf-8;q=0.7,*;q=0.7", "Accept": "text/html,application/xhtml+xml,application/xml;q=0.9,*/*;q=0.8", "Accept-Encoding": "gzip, deflate", "Accept-Language": "en-us,en;q=0.5"}}, {"format_id": "140", "url": "https://r8---sn-ipoxu-u2x6.googlevideo.com/videoplayback?expire=1610392322&ei=ok78X5JXipapAdSOjqAM&ip=220.129.26.102&id=o-ADg-HYpMPAV_nabJwhm4-o7FERbBNBG1Rm-sCymfDNGD&itag=140&source=youtube&requiressl=yes&mh=FB&mm=31%2C29&mn=sn-ipoxu-u2x6%2Csn-un57en7l&ms=au%2Crdu&mv=m&mvi=8&pl=21&initcwndbps=1057500&vprv=1&mime=audio%2Fmp4&ns=p2zOt7NeenKLNbX2OtwzAzoF&gir=yes&clen=3356511&dur=207.354&lmt=1552238567031259&mt=1610370516&fvip=5&keepalive=yes&c=WEB&txp=5531432&n=cV09OekO3bsoA9&sparams=expire%2Cei%2Cip%2Cid%2Citag%2Csource%2Crequiressl%2Cvprv%2Cmime%2Cns%2Cgir%2Cclen%2Cdur%2Clmt&sig=AOq0QJ8wRAIgbiX3Ufc3nnsjjzIEzN1wIRdpMkd_X_HWeyQXxbb5QA4CIBy0jNQBXsGTio9cmFX-fqxmdu28Nd9CwlbutddoBXyR&lsparams=mh%2Cmm%2Cmn%2Cms%2Cmv%2Cmvi%2Cpl%2Cinitcwndbps&lsig=AG3C_xAwRQIgZlDq-Cb1MaOmy3ve_DuqWS9d964_xRKg4C5E1Hz9D4ACIQCbsFGkCW3MU7LIcRvjW_ZOdLvBflYR7-AXLJoWQiQWrw%3D%3D&ratebypass=yes", "player_url": null, "ext": "m4a", "format_note": "tiny", "acodec": "mp4a.40.2", "abr": 128, "container": "m4a_dash", "asr": 44100, "filesize": 3356511, "fps": null, "height": null, "tbr": 130.522, "width": null, "vcodec": "none", "downloader_options": {"http_chunk_size": 10485760}, "format": "140 - audio only (tiny)", "protocol": "https", "http_headers": {"User-Agent": "Mozilla/5.0 (Windows NT 10.0; Win64; x64) AppleWebKit/537.36 (KHTML, like Gecko) Chrome/73.0.3683.38 Safari/537.36", "Accept-Charset": "ISO-8859-1,utf-8;q=0.7,*;q=0.7", "Accept": "text/html,application/xhtml+xml,application/xml;q=0.9,*/*;q=0.8", "Accept-Encoding": "gzip, deflate", "Accept-Language": "en-us,en;q=0.5"}}, {"format_id": "251", "url": "https://r8---sn-ipoxu-u2x6.googlevideo.com/videoplayback?expire=1610392322&ei=ok78X5JXipapAdSOjqAM&ip=220.129.26.102&id=o-ADg-HYpMPAV_nabJwhm4-o7FERbBNBG1Rm-sCymfDNGD&itag=251&source=youtube&requiressl=yes&mh=FB&mm=31%2C29&mn=sn-ipoxu-u2x6%2Csn-un57en7l&ms=au%2Crdu&mv=m&mvi=8&pl=21&initcwndbps=1057500&vprv=1&mime=audio%2Fwebm&ns=p2zOt7NeenKLNbX2OtwzAzoF&gir=yes&clen=3755605&dur=207.321&lmt=1552239367998160&mt=1610370516&fvip=5&keepalive=yes&c=WEB&txp=5511222&n=cV09OekO3bsoA9&sparams=expire%2Cei%2Cip%2Cid%2Citag%2Csource%2Crequiressl%2Cvprv%2Cmime%2Cns%2Cgir%2Cclen%2Cdur%2Clmt&sig=AOq0QJ8wRAIgcOGYHmT_qw4S06OrDSq2L3jAoz_QzvYGPNySL3T6eNYCIEX57OpENCUAbS5Qmf2QXnevezqxkExkVkHK4mVqGtWj&lsparams=mh%2Cmm%2Cmn%2Cms%2Cmv%2Cmvi%2Cpl%2Cinitcwndbps&lsig=AG3C_xAwRQIgZlDq-Cb1MaOmy3ve_DuqWS9d964_xRKg4C5E1Hz9D4ACIQCbsFGkCW3MU7LIcRvjW_ZOdLvBflYR7-AXLJoWQiQWrw%3D%3D&ratebypass=yes", "player_url": null, "ext": "webm", "format_note": "tiny", "acodec": "opus", "abr": 160, "asr": 48000, "filesize": 3755605, "fps": null, "height": null, "tbr": 152.308, "width": null, "vcodec": "none", "downloader_options": {"http_chunk_size": 10485760}, "format": "251 - audio only (tiny)", "protocol": "https", "http_headers": {"User-Agent": "Mozilla/5.0 (Windows NT 10.0; Win64; x64) AppleWebKit/537.36 (KHTML, like Gecko) Chrome/73.0.3683.38 Safari/537.36", "Accept-Charset": "ISO-8859-1,utf-8;q=0.7,*;q=0.7", "Accept": "text/html,application/xhtml+xml,application/xml;q=0.9,*/*;q=0.8", "Accept-Encoding": "gzip, deflate", "Accept-Language": "en-us,en;q=0.5"}}, {"format_id": "394", "url": "https://r8---sn-ipoxu-u2x6.googlevideo.com/videoplayback?expire=1610392322&ei=ok78X5JXipapAdSOjqAM&ip=220.129.26.102&id=o-ADg-HYpMPAV_nabJwhm4-o7FERbBNBG1Rm-sCymfDNGD&itag=394&aitags=133%2C134%2C135%2C136%2C137%2C160%2C242%2C243%2C244%2C247%2C248%2C278%2C394%2C395%2C396%2C397&source=youtube&requiressl=yes&mh=FB&mm=31%2C29&mn=sn-ipoxu-u2x6%2Csn-un57en7l&ms=au%2Crdu&mv=m&mvi=8&pl=21&initcwndbps=1057500&vprv=1&mime=video%2Fmp4&ns=p2zOt7NeenKLNbX2OtwzAzoF&gir=yes&clen=1934846&dur=207.291&lmt=1552255445972227&mt=1610370516&fvip=5&keepalive=yes&c=WEB&txp=5531432&n=cV09OekO3bsoA9&sparams=expire%2Cei%2Cip%2Cid%2Caitags%2Csource%2Crequiressl%2Cvprv%2Cmime%2Cns%2Cgir%2Cclen%2Cdur%2Clmt&sig=AOq0QJ8wRQIgRATY9RaDCMQIsY18mNI0EhbSJmSRA6LxsapQ7q5S3QsCIQC7Pfri11y5mCwjncVyaAmOinuobn2GROFs_iVFsOEITg%3D%3D&lsparams=mh%2Cmm%2Cmn%2Cms%2Cmv%2Cmvi%2Cpl%2Cinitcwndbps&lsig=AG3C_xAwRQIgZlDq-Cb1MaOmy3ve_DuqWS9d964_xRKg4C5E1Hz9D4ACIQCbsFGkCW3MU7LIcRvjW_ZOdLvBflYR7-AXLJoWQiQWrw%3D%3D&ratebypass=yes", "player_url": null, "acodec": "none", "vcodec": "av01.0.00M.08", "asr": null, "filesize": 1934846, "format_note": "144p", "fps": 24, "height": 144, "tbr": 87.201, "width": 256, "ext": "mp4", "downloader_options": {"http_chunk_size": 10485760}, "format": "394 - 256x144 (144p)", "protocol": "https", "http_headers": {"User-Agent": "Mozilla/5.0 (Windows NT 10.0; Win64; x64) AppleWebKit/537.36 (KHTML, like Gecko) Chrome/73.0.3683.38 Safari/537.36", "Accept-Charset": "ISO-8859-1,utf-8;q=0.7,*;q=0.7", "Accept": "text/html,application/xhtml+xml,application/xml;q=0.9,*/*;q=0.8", "Accept-Encoding": "gzip, deflate", "Accept-Language": "en-us,en;q=0.5"}}, {"format_id": "160", "url": "https://r8---sn-ipoxu-u2x6.googlevideo.com/videoplayback?expire=1610392322&ei=ok78X5JXipapAdSOjqAM&ip=220.129.26.102&id=o-ADg-HYpMPAV_nabJwhm4-o7FERbBNBG1Rm-sCymfDNGD&itag=160&aitags=133%2C134%2C135%2C136%2C137%2C160%2C242%2C243%2C244%2C247%2C248%2C278%2C394%2C395%2C396%2C397&source=youtube&requiressl=yes&mh=FB&mm=31%2C29&mn=sn-ipoxu-u2x6%2Csn-un57en7l&ms=au%2Crdu&mv=m&mvi=8&pl=21&initcwndbps=1057500&vprv=1&mime=video%2Fmp4&ns=p2zOt7NeenKLNbX2OtwzAzoF&gir=yes&clen=1363852&dur=207.291&lmt=1552238744703001&mt=1610370516&fvip=5&keepalive=yes&c=WEB&txp=5535432&n=cV09OekO3bsoA9&sparams=expire%2Cei%2Cip%2Cid%2Caitags%2Csource%2Crequiressl%2Cvprv%2Cmime%2Cns%2Cgir%2Cclen%2Cdur%2Clmt&sig=AOq0QJ8wRQIgPwiYN9kVWC8oE0xpT15rVo6qS_aJg7gjRyfb6I6h16sCIQDc8q0W9LBiZRXiw6vTv5wI0yRtHWeDIzqSTUOpddF4ug%3D%3D&lsparams=mh%2Cmm%2Cmn%2Cms%2Cmv%2Cmvi%2Cpl%2Cinitcwndbps&lsig=AG3C_xAwRQIgZlDq-Cb1MaOmy3ve_DuqWS9d964_xRKg4C5E1Hz9D4ACIQCbsFGkCW3MU7LIcRvjW_ZOdLvBflYR7-AXLJoWQiQWrw%3D%3D&ratebypass=yes", "player_url": null, "ext": "mp4", "height": 144, "format_note": "144p", "vcodec": "avc1.4d400c", "asr": null, "filesize": 1363852, "fps": 24, "tbr": 110.066, "width": 256, "acodec": "none", "downloader_options": {"http_chunk_size": 10485760}, "format": "160 - 256x144 (144p)", "protocol": "https", "http_headers": {"User-Agent": "Mozilla/5.0 (Windows NT 10.0; Win64; x64) AppleWebKit/537.36 (KHTML, like Gecko) Chrome/73.0.3683.38 Safari/537.36", "Accept-Charset": "ISO-8859-1,utf-8;q=0.7,*;q=0.7", "Accept": "text/html,application/xhtml+xml,application/xml;q=0.9,*/*;q=0.8", "Accept-Encoding": "gzip, deflate", "Accept-Language": "en-us,en;q=0.5"}}, {"format_id": "278", "url": "https://r8---sn-ipoxu-u2x6.googlevideo.com/videoplayback?expire=1610392322&ei=ok78X5JXipapAdSOjqAM&ip=220.129.26.102&id=o-ADg-HYpMPAV_nabJwhm4-o7FERbBNBG1Rm-sCymfDNGD&itag=278&aitags=133%2C134%2C135%2C136%2C137%2C160%2C242%2C243%2C244%2C247%2C248%2C278%2C394%2C395%2C396%2C397&source=youtube&requiressl=yes&mh=FB&mm=31%2C29&mn=sn-ipoxu-u2x6%2Csn-un57en7l&ms=au%2Crdu&mv=m&mvi=8&pl=21&initcwndbps=1057500&vprv=1&mime=video%2Fwebm&ns=p2zOt7NeenKLNbX2OtwzAzoF&gir=yes&clen=2435819&dur=207.291&lmt=1552238868313338&mt=1610370516&fvip=5&keepalive=yes&c=WEB&txp=5531432&n=cV09OekO3bsoA9&sparams=expire%2Cei%2Cip%2Cid%2Caitags%2Csource%2Crequiressl%2Cvprv%2Cmime%2Cns%2Cgir%2Cclen%2Cdur%2Clmt&sig=AOq0QJ8wRAIgbnXz6WxyBEgQgK5CSgZq00KrvwwtrE2QknWZnZ2eLB4CIChytD4XMBGxI0f_4u1vPp0BwaiC3qrqA0ea97bulwc6&lsparams=mh%2Cmm%2Cmn%2Cms%2Cmv%2Cmvi%2Cpl%2Cinitcwndbps&lsig=AG3C_xAwRQIgZlDq-Cb1MaOmy3ve_DuqWS9d964_xRKg4C5E1Hz9D4ACIQCbsFGkCW3MU7LIcRvjW_ZOdLvBflYR7-AXLJoWQiQWrw%3D%3D&ratebypass=yes", "player_url": null, "ext": "webm", "height": 144, "format_note": "144p", "container": "webm", "vcodec": "vp9", "asr": null, "filesize": 2435819, "fps": 24, "tbr": 123.97, "width": 256, "acodec": "none", "downloader_options": {"http_chunk_size": 10485760}, "format": "278 - 256x144 (144p)", "protocol": "https", "http_headers": {"User-Agent": "Mozilla/5.0 (Windows NT 10.0; Win64; x64) AppleWebKit/537.36 (KHTML, like Gecko) Chrome/73.0.3683.38 Safari/537.36", "Accept-Charset": "ISO-8859-1,utf-8;q=0.7,*;q=0.7", "Accept": "text/html,application/xhtml+xml,application/xml;q=0.9,*/*;q=0.8", "Accept-Encoding": "gzip, deflate", "Accept-Language": "en-us,en;q=0.5"}}, {"format_id": "395", "url": "https://r8---sn-ipoxu-u2x6.googlevideo.com/videoplayback?expire=1610392322&ei=ok78X5JXipapAdSOjqAM&ip=220.129.26.102&id=o-ADg-HYpMPAV_nabJwhm4-o7FERbBNBG1Rm-sCymfDNGD&itag=395&aitags=133%2C134%2C135%2C136%2C137%2C160%2C242%2C243%2C244%2C247%2C248%2C278%2C394%2C395%2C396%2C397&source=youtube&requiressl=yes&mh=FB&mm=31%2C29&mn=sn-ipoxu-u2x6%2Csn-un57en7l&ms=au%2Crdu&mv=m&mvi=8&pl=21&initcwndbps=1057500&vprv=1&mime=video%2Fmp4&ns=p2zOt7NeenKLNbX2OtwzAzoF&gir=yes&clen=3734935&dur=207.291&lmt=1552255946309407&mt=1610370516&fvip=5&keepalive=yes&c=WEB&txp=5531432&n=cV09OekO3bsoA9&sparams=expire%2Cei%2Cip%2Cid%2Caitags%2Csource%2Crequiressl%2Cvprv%2Cmime%2Cns%2Cgir%2Cclen%2Cdur%2Clmt&sig=AOq0QJ8wRAIgdrqweM6Pk7vouV25ufI7F2baV82wsCQEakiCg65Y-MoCIAtr-T6uZ3BJgAhGF6C87lUd_toOlIwvzBT_BARQXlfU&lsparams=mh%2Cmm%2Cmn%2Cms%2Cmv%2Cmvi%2Cpl%2Cinitcwndbps&lsig=AG3C_xAwRQIgZlDq-Cb1MaOmy3ve_DuqWS9d964_xRKg4C5E1Hz9D4ACIQCbsFGkCW3MU7LIcRvjW_ZOdLvBflYR7-AXLJoWQiQWrw%3D%3D&ratebypass=yes", "player_url": null, "acodec": "none", "vcodec": "av01.0.00M.08", "asr": null, "filesize": 3734935, "format_note": "240p", "fps": 24, "height": 240, "tbr": 191.649, "width": 426, "ext": "mp4", "downloader_options": {"http_chunk_size": 10485760}, "format": "395 - 426x240 (240p)", "protocol": "https", "http_headers": {"User-Agent": "Mozilla/5.0 (Windows NT 10.0; Win64; x64) AppleWebKit/537.36 (KHTML, like Gecko) Chrome/73.0.3683.38 Safari/537.36", "Accept-Charset": "ISO-8859-1,utf-8;q=0.7,*;q=0.7", "Accept": "text/html,application/xhtml+xml,application/xml;q=0.9,*/*;q=0.8", "Accept-Encoding": "gzip, deflate", "Accept-Language": "en-us,en;q=0.5"}}, {"format_id": "242", "url": "https://r8---sn-ipoxu-u2x6.googlevideo.com/videoplayback?expire=1610392322&ei=ok78X5JXipapAdSOjqAM&ip=220.129.26.102&id=o-ADg-HYpMPAV_nabJwhm4-o7FERbBNBG1Rm-sCymfDNGD&itag=242&aitags=133%2C134%2C135%2C136%2C137%2C160%2C242%2C243%2C244%2C247%2C248%2C278%2C394%2C395%2C396%2C397&source=youtube&requiressl=yes&mh=FB&mm=31%2C29&mn=sn-ipoxu-u2x6%2Csn-un57en7l&ms=au%2Crdu&mv=m&mvi=8&pl=21&initcwndbps=1057500&vprv=1&mime=video%2Fwebm&ns=p2zOt7NeenKLNbX2OtwzAzoF&gir=yes&clen=3576836&dur=207.291&lmt=1552238855529902&mt=1610370516&fvip=5&keepalive=yes&c=WEB&txp=5531432&n=cV09OekO3bsoA9&sparams=expire%2Cei%2Cip%2Cid%2Caitags%2Csource%2Crequiressl%2Cvprv%2Cmime%2Cns%2Cgir%2Cclen%2Cdur%2Clmt&sig=AOq0QJ8wRgIhANV3dagiW1dbmFoMRuibXHP-rdfH7LMkZLK2P9tVkr7PAiEA8DtR7UsqYC1dnGJqXuWkL3r96_8QLWdc4m7jaBCOOxQ%3D&lsparams=mh%2Cmm%2Cmn%2Cms%2Cmv%2Cmvi%2Cpl%2Cinitcwndbps&lsig=AG3C_xAwRQIgZlDq-Cb1MaOmy3ve_DuqWS9d964_xRKg4C5E1Hz9D4ACIQCbsFGkCW3MU7LIcRvjW_ZOdLvBflYR7-AXLJoWQiQWrw%3D%3D&ratebypass=yes", "player_url": null, "ext": "webm", "height": 240, "format_note": "240p", "vcodec": "vp9", "asr": null, "filesize": 3576836, "fps": 24, "tbr": 223.21, "width": 426, "acodec": "none", "downloader_options": {"http_chunk_size": 10485760}, "format": "242 - 426x240 (240p)", "protocol": "https", "http_headers": {"User-Agent": "Mozilla/5.0 (Windows NT 10.0; Win64; x64) AppleWebKit/537.36 (KHTML, like Gecko) Chrome/73.0.3683.38 Safari/537.36", "Accept-Charset": "ISO-8859-1,utf-8;q=0.7,*;q=0.7", "Accept": "text/html,application/xhtml+xml,application/xml;q=0.9,*/*;q=0.8", "Accept-Encoding": "gzip, deflate", "Accept-Language": "en-us,en;q=0.5"}}, {"format_id": "133", "url": "https://r8---sn-ipoxu-u2x6.googlevideo.com/videoplayback?expire=1610392322&ei=ok78X5JXipapAdSOjqAM&ip=220.129.26.102&id=o-ADg-HYpMPAV_nabJwhm4-o7FERbBNBG1Rm-sCymfDNGD&itag=133&aitags=133%2C134%2C135%2C136%2C137%2C160%2C242%2C243%2C244%2C247%2C248%2C278%2C394%2C395%2C396%2C397&source=youtube&requiressl=yes&mh=FB&mm=31%2C29&mn=sn-ipoxu-u2x6%2Csn-un57en7l&ms=au%2Crdu&mv=m&mvi=8&pl=21&initcwndbps=1057500&vprv=1&mime=video%2Fmp4&ns=p2zOt7NeenKLNbX2OtwzAzoF&gir=yes&clen=2779172&dur=207.291&lmt=1552238749165671&mt=1610370516&fvip=5&keepalive=yes&c=WEB&txp=5535432&n=cV09OekO3bsoA9&sparams=expire%2Cei%2Cip%2Cid%2Caitags%2Csource%2Crequiressl%2Cvprv%2Cmime%2Cns%2Cgir%2Cclen%2Cdur%2Clmt&sig=AOq0QJ8wRQIgPVELyjI2-oUuQaKrzLxNjCqYGpPLq_8cPpi7esReRqcCIQDpdKV9DRZt8umIMbW0h6YSM38ocdF8o_hNTof2Y2fFtA%3D%3D&lsparams=mh%2Cmm%2Cmn%2Cms%2Cmv%2Cmvi%2Cpl%2Cinitcwndbps&lsig=AG3C_xAwRQIgZlDq-Cb1MaOmy3ve_DuqWS9d964_xRKg4C5E1Hz9D4ACIQCbsFGkCW3MU7LIcRvjW_ZOdLvBflYR7-AXLJoWQiQWrw%3D%3D&ratebypass=yes", "player_url": null, "ext": "mp4", "height": 240, "format_note": "240p", "vcodec": "avc1.4d4015", "asr": null, "filesize": 2779172, "fps": 24, "tbr": 253.145, "width": 426, "acodec": "none", "downloader_options": {"http_chunk_size": 10485760}, "format": "133 - 426x240 (240p)", "protocol": "https", "http_headers": {"User-Agent": "Mozilla/5.0 (Windows NT 10.0; Win64; x64) AppleWebKit/537.36 (KHTML, like Gecko) Chrome/73.0.3683.38 Safari/537.36", "Accept-Charset": "ISO-8859-1,utf-8;q=0.7,*;q=0.7", "Accept": "text/html,application/xhtml+xml,application/xml;q=0.9,*/*;q=0.8", "Accept-Encoding": "gzip, deflate", "Accept-Language": "en-us,en;q=0.5"}}, {"format_id": "396", "url": "https://r8---sn-ipoxu-u2x6.googlevideo.com/videoplayback?expire=1610392322&ei=ok78X5JXipapAdSOjqAM&ip=220.129.26.102&id=o-ADg-HYpMPAV_nabJwhm4-o7FERbBNBG1Rm-sCymfDNGD&itag=396&aitags=133%2C134%2C135%2C136%2C137%2C160%2C242%2C243%2C244%2C247%2C248%2C278%2C394%2C395%2C396%2C397&source=youtube&requiressl=yes&mh=FB&mm=31%2C29&mn=sn-ipoxu-u2x6%2Csn-un57en7l&ms=au%2Crdu&mv=m&mvi=8&pl=21&initcwndbps=1057500&vprv=1&mime=video%2Fmp4&ns=p2zOt7NeenKLNbX2OtwzAzoF&gir=yes&clen=7148464&dur=207.291&lmt=1552255951122489&mt=1610370516&fvip=5&keepalive=yes&c=WEB&txp=5531432&n=cV09OekO3bsoA9&sparams=expire%2Cei%2Cip%2Cid%2Caitags%2Csource%2Crequiressl%2Cvprv%2Cmime%2Cns%2Cgir%2Cclen%2Cdur%2Clmt&sig=AOq0QJ8wRgIhAJJW-JK7KsRBR3aDi4vfFZk_yTig2ATistzx3QlZPoQIAiEA7oXFNSqkWHTX6BcvaP0mBu8hJvBvY8nhpB6zbPempMM%3D&lsparams=mh%2Cmm%2Cmn%2Cms%2Cmv%2Cmvi%2Cpl%2Cinitcwndbps&lsig=AG3C_xAwRQIgZlDq-Cb1MaOmy3ve_DuqWS9d964_xRKg4C5E1Hz9D4ACIQCbsFGkCW3MU7LIcRvjW_ZOdLvBflYR7-AXLJoWQiQWrw%3D%3D&ratebypass=yes", "player_url": null, "acodec": "none", "vcodec": "av01.0.01M.08", "asr": null, "filesize": 7148464, "format_note": "360p", "fps": 24, "height": 360, "tbr": 363.692, "width": 640, "ext": "mp4", "downloader_options": {"http_chunk_size": 10485760}, "format": "396 - 640x360 (360p)", "protocol": "https", "http_headers": {"User-Agent": "Mozilla/5.0 (Windows NT 10.0; Win64; x64) AppleWebKit/537.36 (KHTML, like Gecko) Chrome/73.0.3683.38 Safari/537.36", "Accept-Charset": "ISO-8859-1,utf-8;q=0.7,*;q=0.7", "Accept": "text/html,application/xhtml+xml,application/xml;q=0.9,*/*;q=0.8", "Accept-Encoding": "gzip, deflate", "Accept-Language": "en-us,en;q=0.5"}}, {"format_id": "243", "url": "https://r8---sn-ipoxu-u2x6.googlevideo.com/videoplayback?expire=1610392322&ei=ok78X5JXipapAdSOjqAM&ip=220.129.26.102&id=o-ADg-HYpMPAV_nabJwhm4-o7FERbBNBG1Rm-sCymfDNGD&itag=243&aitags=133%2C134%2C135%2C136%2C137%2C160%2C242%2C243%2C244%2C247%2C248%2C278%2C394%2C395%2C396%2C397&source=youtube&requiressl=yes&mh=FB&mm=31%2C29&mn=sn-ipoxu-u2x6%2Csn-un57en7l&ms=au%2Crdu&mv=m&mvi=8&pl=21&initcwndbps=1057500&vprv=1&mime=video%2Fwebm&ns=p2zOt7NeenKLNbX2OtwzAzoF&gir=yes&clen=6753732&dur=207.291&lmt=1552238894149741&mt=1610370516&fvip=5&keepalive=yes&c=WEB&txp=5531432&n=cV09OekO3bsoA9&sparams=expire%2Cei%2Cip%2Cid%2Caitags%2Csource%2Crequiressl%2Cvprv%2Cmime%2Cns%2Cgir%2Cclen%2Cdur%2Clmt&sig=AOq0QJ8wRAIgNrfCrphNP3_8gaWLaB8CMzR01EW08dLGP8LKbEuuO_ECIDTY5XLwU_jgHpQn5Ej9usgAuIs7dbtMvqPrTs_TkQXr&lsparams=mh%2Cmm%2Cmn%2Cms%2Cmv%2Cmvi%2Cpl%2Cinitcwndbps&lsig=AG3C_xAwRQIgZlDq-Cb1MaOmy3ve_DuqWS9d964_xRKg4C5E1Hz9D4ACIQCbsFGkCW3MU7LIcRvjW_ZOdLvBflYR7-AXLJoWQiQWrw%3D%3D&ratebypass=yes", "player_url": null, "ext": "webm", "height": 360, "format_note": "360p", "vcodec": "vp9", "asr": null, "filesize": 6753732, "fps": 24, "tbr": 409.348, "width": 640, "acodec": "none", "downloader_options": {"http_chunk_size": 10485760}, "format": "243 - 640x360 (360p)", "protocol": "https", "http_headers": {"User-Agent": "Mozilla/5.0 (Windows NT 10.0; Win64; x64) AppleWebKit/537.36 (KHTML, like Gecko) Chrome/73.0.3683.38 Safari/537.36", "Accept-Charset": "ISO-8859-1,utf-8;q=0.7,*;q=0.7", "Accept": "text/html,application/xhtml+xml,application/xml;q=0.9,*/*;q=0.8", "Accept-Encoding": "gzip, deflate", "Accept-Language": "en-us,en;q=0.5"}}, {"format_id": "134", "url": "https://r8---sn-ipoxu-u2x6.googlevideo.com/videoplayback?expire=1610392322&ei=ok78X5JXipapAdSOjqAM&ip=220.129.26.102&id=o-ADg-HYpMPAV_nabJwhm4-o7FERbBNBG1Rm-sCymfDNGD&itag=134&aitags=133%2C134%2C135%2C136%2C137%2C160%2C242%2C243%2C244%2C247%2C248%2C278%2C394%2C395%2C396%2C397&source=youtube&requiressl=yes&mh=FB&mm=31%2C29&mn=sn-ipoxu-u2x6%2Csn-un57en7l&ms=au%2Crdu&mv=m&mvi=8&pl=21&initcwndbps=1057500&vprv=1&mime=video%2Fmp4&ns=p2zOt7NeenKLNbX2OtwzAzoF&gir=yes&clen=5895053&dur=207.291&lmt=1552238750061937&mt=1610370516&fvip=5&keepalive=yes&c=WEB&txp=5535432&n=cV09OekO3bsoA9&sparams=expire%2Cei%2Cip%2Cid%2Caitags%2Csource%2Crequiressl%2Cvprv%2Cmime%2Cns%2Cgir%2Cclen%2Cdur%2Clmt&sig=AOq0QJ8wRQIhAMUhjv1CxzIVXEtxpigl5wyV-D7HxAbWrnp0OyHnB-oJAiBEoq-fB_Dp5hdtXvgVC_QBZPV5XicBzTDZi0ykMMUpVQ%3D%3D&lsparams=mh%2Cmm%2Cmn%2Cms%2Cmv%2Cmvi%2Cpl%2Cinitcwndbps&lsig=AG3C_xAwRQIgZlDq-Cb1MaOmy3ve_DuqWS9d964_xRKg4C5E1Hz9D4ACIQCbsFGkCW3MU7LIcRvjW_ZOdLvBflYR7-AXLJoWQiQWrw%3D%3D&ratebypass=yes", "player_url": null, "ext": "mp4", "height": 360, "format_note": "360p", "vcodec": "avc1.4d401e", "asr": null, "filesize": 5895053, "fps": 24, "tbr": 511.376, "width": 640, "acodec": "none", "downloader_options": {"http_chunk_size": 10485760}, "format": "134 - 640x360 (360p)", "protocol": "https", "http_headers": {"User-Agent": "Mozilla/5.0 (Windows NT 10.0; Win64; x64) AppleWebKit/537.36 (KHTML, like Gecko) Chrome/73.0.3683.38 Safari/537.36", "Accept-Charset": "ISO-8859-1,utf-8;q=0.7,*;q=0.7", "Accept": "text/html,application/xhtml+xml,application/xml;q=0.9,*/*;q=0.8", "Accept-Encoding": "gzip, deflate", "Accept-Language": "en-us,en;q=0.5"}}, {"format_id": "397", "url": "https://r8---sn-ipoxu-u2x6.googlevideo.com/videoplayback?expire=1610392322&ei=ok78X5JXipapAdSOjqAM&ip=220.129.26.102&id=o-ADg-HYpMPAV_nabJwhm4-o7FERbBNBG1Rm-sCymfDNGD&itag=397&aitags=133%2C134%2C135%2C136%2C137%2C160%2C242%2C243%2C244%2C247%2C248%2C278%2C394%2C395%2C396%2C397&source=youtube&requiressl=yes&mh=FB&mm=31%2C29&mn=sn-ipoxu-u2x6%2Csn-un57en7l&ms=au%2Crdu&mv=m&mvi=8&pl=21&initcwndbps=1057500&vprv=1&mime=video%2Fmp4&ns=p2zOt7NeenKLNbX2OtwzAzoF&gir=yes&clen=12959051&dur=207.291&lmt=1552256826376447&mt=1610370516&fvip=5&keepalive=yes&c=WEB&txp=5531432&n=cV09OekO3bsoA9&sparams=expire%2Cei%2Cip%2Cid%2Caitags%2Csource%2Crequiressl%2Cvprv%2Cmime%2Cns%2Cgir%2Cclen%2Cdur%2Clmt&sig=AOq0QJ8wRAIgC7mnePSQ1dUiTfzRofF9zZ9YB7cpp670aUvElX35ynECIFefn4DcG9Dl1QtCBvIpYmcr0MLfy8UDvgNmshBFBwbV&lsparams=mh%2Cmm%2Cmn%2Cms%2Cmv%2Cmvi%2Cpl%2Cinitcwndbps&lsig=AG3C_xAwRQIgZlDq-Cb1MaOmy3ve_DuqWS9d964_xRKg4C5E1Hz9D4ACIQCbsFGkCW3MU7LIcRvjW_ZOdLvBflYR7-AXLJoWQiQWrw%3D%3D&ratebypass=yes", "player_url": null, "acodec": "none", "vcodec": "av01.0.04M.08", "asr": null, "filesize": 12959051, "format_note": "480p", "fps": 24, "height": 480, "tbr": 697.496, "width": 854, "ext": "mp4", "downloader_options": {"http_chunk_size": 10485760}, "format": "397 - 854x480 (480p)", "protocol": "https", "http_headers": {"User-Agent": "Mozilla/5.0 (Windows NT 10.0; Win64; x64) AppleWebKit/537.36 (KHTML, like Gecko) Chrome/73.0.3683.38 Safari/537.36", "Accept-Charset": "ISO-8859-1,utf-8;q=0.7,*;q=0.7", "Accept": "text/html,application/xhtml+xml,application/xml;q=0.9,*/*;q=0.8", "Accept-Encoding": "gzip, deflate", "Accept-Language": "en-us,en;q=0.5"}}, {"format_id": "244", "url": "https://r8---sn-ipoxu-u2x6.googlevideo.com/videoplayback?expire=1610392322&ei=ok78X5JXipapAdSOjqAM&ip=220.129.26.102&id=o-ADg-HYpMPAV_nabJwhm4-o7FERbBNBG1Rm-sCymfDNGD&itag=244&aitags=133%2C134%2C135%2C136%2C137%2C160%2C242%2C243%2C244%2C247%2C248%2C278%2C394%2C395%2C396%2C397&source=youtube&requiressl=yes&mh=FB&mm=31%2C29&mn=sn-ipoxu-u2x6%2Csn-un57en7l&ms=au%2Crdu&mv=m&mvi=8&pl=21&initcwndbps=1057500&vprv=1&mime=video%2Fwebm&ns=p2zOt7NeenKLNbX2OtwzAzoF&gir=yes&clen=10736878&dur=207.291&lmt=1552238917002430&mt=1610370516&fvip=5&keepalive=yes&c=WEB&txp=5531432&n=cV09OekO3bsoA9&sparams=expire%2Cei%2Cip%2Cid%2Caitags%2Csource%2Crequiressl%2Cvprv%2Cmime%2Cns%2Cgir%2Cclen%2Cdur%2Clmt&sig=AOq0QJ8wRgIhAMJyG-vjlKXQJucqDJpuQjYLGShfFFtqbYRCK60lE_BuAiEA7LXC-zBkdmRexJ1GwKtaAhAG7OvcGG2qlbKbmxPywN4%3D&lsparams=mh%2Cmm%2Cmn%2Cms%2Cmv%2Cmvi%2Cpl%2Cinitcwndbps&lsig=AG3C_xAwRQIgZlDq-Cb1MaOmy3ve_DuqWS9d964_xRKg4C5E1Hz9D4ACIQCbsFGkCW3MU7LIcRvjW_ZOdLvBflYR7-AXLJoWQiQWrw%3D%3D&ratebypass=yes", "player_url": null, "ext": "webm", "height": 480, "format_note": "480p", "vcodec": "vp9", "asr": null, "filesize": 10736878, "fps": 24, "tbr": 757.691, "width": 854, "acodec": "none", "downloader_options": {"http_chunk_size": 10485760}, "format": "244 - 854x480 (480p)", "protocol": "https", "http_headers": {"User-Agent": "Mozilla/5.0 (Windows NT 10.0; Win64; x64) AppleWebKit/537.36 (KHTML, like Gecko) Chrome/73.0.3683.38 Safari/537.36", "Accept-Charset": "ISO-8859-1,utf-8;q=0.7,*;q=0.7", "Accept": "text/html,application/xhtml+xml,application/xml;q=0.9,*/*;q=0.8", "Accept-Encoding": "gzip, deflate", "Accept-Language": "en-us,en;q=0.5"}}, {"format_id": "135", "url": "https://r8---sn-ipoxu-u2x6.googlevideo.com/videoplayback?expire=1610392322&ei=ok78X5JXipapAdSOjqAM&ip=220.129.26.102&id=o-ADg-HYpMPAV_nabJwhm4-o7FERbBNBG1Rm-sCymfDNGD&itag=135&aitags=133%2C134%2C135%2C136%2C137%2C160%2C242%2C243%2C244%2C247%2C248%2C278%2C394%2C395%2C396%2C397&source=youtube&requiressl=yes&mh=FB&mm=31%2C29&mn=sn-ipoxu-u2x6%2Csn-un57en7l&ms=au%2Crdu&mv=m&mvi=8&pl=21&initcwndbps=1057500&vprv=1&mime=video%2Fmp4&ns=p2zOt7NeenKLNbX2OtwzAzoF&gir=yes&clen=9033488&dur=207.291&lmt=1552238753530812&mt=1610370516&fvip=5&keepalive=yes&c=WEB&txp=5535432&n=cV09OekO3bsoA9&sparams=expire%2Cei%2Cip%2Cid%2Caitags%2Csource%2Crequiressl%2Cvprv%2Cmime%2Cns%2Cgir%2Cclen%2Cdur%2Clmt&sig=AOq0QJ8wRQIgSIT4Cgk0R1OtGhbVDx04xLbZuHR_NBxohGn1DwRbw8ECIQCoMy5ichfdQJwHeR1Pv8pyNjAK-zIlnMUzhiSI8MCZJA%3D%3D&lsparams=mh%2Cmm%2Cmn%2Cms%2Cmv%2Cmvi%2Cpl%2Cinitcwndbps&lsig=AG3C_xAwRQIgZlDq-Cb1MaOmy3ve_DuqWS9d964_xRKg4C5E1Hz9D4ACIQCbsFGkCW3MU7LIcRvjW_ZOdLvBflYR7-AXLJoWQiQWrw%3D%3D&ratebypass=yes", "player_url": null, "ext": "mp4", "height": 480, "format_note": "480p", "vcodec": "avc1.4d401e", "asr": null, "filesize": 9033488, "fps": 24, "tbr": 830.855, "width": 854, "acodec": "none", "downloader_options": {"http_chunk_size": 10485760}, "format": "135 - 854x480 (480p)", "protocol": "https", "http_headers": {"User-Agent": "Mozilla/5.0 (Windows NT 10.0; Win64; x64) AppleWebKit/537.36 (KHTML, like Gecko) Chrome/73.0.3683.38 Safari/537.36", "Accept-Charset": "ISO-8859-1,utf-8;q=0.7,*;q=0.7", "Accept": "text/html,application/xhtml+xml,application/xml;q=0.9,*/*;q=0.8", "Accept-Encoding": "gzip, deflate", "Accept-Language": "en-us,en;q=0.5"}}, {"format_id": "247", "url": "https://r8---sn-ipoxu-u2x6.googlevideo.com/videoplayback?expire=1610392322&ei=ok78X5JXipapAdSOjqAM&ip=220.129.26.102&id=o-ADg-HYpMPAV_nabJwhm4-o7FERbBNBG1Rm-sCymfDNGD&itag=247&aitags=133%2C134%2C135%2C136%2C137%2C160%2C242%2C243%2C244%2C247%2C248%2C278%2C394%2C395%2C396%2C397&source=youtube&requiressl=yes&mh=FB&mm=31%2C29&mn=sn-ipoxu-u2x6%2Csn-un57en7l&ms=au%2Crdu&mv=m&mvi=8&pl=21&initcwndbps=1057500&vprv=1&mime=video%2Fwebm&ns=p2zOt7NeenKLNbX2OtwzAzoF&gir=yes&clen=19809136&dur=207.291&lmt=1552238920523964&mt=1610370516&fvip=5&keepalive=yes&c=WEB&txp=5531432&n=cV09OekO3bsoA9&sparams=expire%2Cei%2Cip%2Cid%2Caitags%2Csource%2Crequiressl%2Cvprv%2Cmime%2Cns%2Cgir%2Cclen%2Cdur%2Clmt&sig=AOq0QJ8wRAIgfL3DX4uHHPKN4lw8k-avOjPH9Ay0UXUMjSaFZGyLrwMCIExxeMGUDo1btdtIX4dzYr-yr2uPhzqwJKneOby1Y0pB&lsparams=mh%2Cmm%2Cmn%2Cms%2Cmv%2Cmvi%2Cpl%2Cinitcwndbps&lsig=AG3C_xAwRQIgZlDq-Cb1MaOmy3ve_DuqWS9d964_xRKg4C5E1Hz9D4ACIQCbsFGkCW3MU7LIcRvjW_ZOdLvBflYR7-AXLJoWQiQWrw%3D%3D&ratebypass=yes", "player_url": null, "ext": "webm", "height": 720, "format_note": "720p", "vcodec": "vp9", "asr": null, "filesize": 19809136, "fps": 24, "tbr": 1507.334, "width": 1280, "acodec": "none", "downloader_options": {"http_chunk_size": 10485760}, "format": "247 - 1280x720 (720p)", "protocol": "https", "http_headers": {"User-Agent": "Mozilla/5.0 (Windows NT 10.0; Win64; x64) AppleWebKit/537.36 (KHTML, like Gecko) Chrome/73.0.3683.38 Safari/537.36", "Accept-Charset": "ISO-8859-1,utf-8;q=0.7,*;q=0.7", "Accept": "text/html,application/xhtml+xml,application/xml;q=0.9,*/*;q=0.8", "Accept-Encoding": "gzip, deflate", "Accept-Language": "en-us,en;q=0.5"}}, {"format_id": "136", "url": "https://r8---sn-ipoxu-u2x6.googlevideo.com/videoplayback?expire=1610392322&ei=ok78X5JXipapAdSOjqAM&ip=220.129.26.102&id=o-ADg-HYpMPAV_nabJwhm4-o7FERbBNBG1Rm-sCymfDNGD&itag=136&aitags=133%2C134%2C135%2C136%2C137%2C160%2C242%2C243%2C244%2C247%2C248%2C278%2C394%2C395%2C396%2C397&source=youtube&requiressl=yes&mh=FB&mm=31%2C29&mn=sn-ipoxu-u2x6%2Csn-un57en7l&ms=au%2Crdu&mv=m&mvi=8&pl=21&initcwndbps=1057500&vprv=1&mime=video%2Fmp4&ns=p2zOt7NeenKLNbX2OtwzAzoF&gir=yes&clen=16615377&dur=207.291&lmt=1552238785686439&mt=1610370516&fvip=5&keepalive=yes&c=WEB&txp=5535432&n=cV09OekO3bsoA9&sparams=expire%2Cei%2Cip%2Cid%2Caitags%2Csource%2Crequiressl%2Cvprv%2Cmime%2Cns%2Cgir%2Cclen%2Cdur%2Clmt&sig=AOq0QJ8wRQIgSZ5Sh3eVklliPT1gmd6MIxXb9rgGvHzc_H4pPMFGJmoCIQC1cUPBHMkF0O22Zmh9lUBBcB_eqx0SogcDI0JzkoFTTQ%3D%3D&lsparams=mh%2Cmm%2Cmn%2Cms%2Cmv%2Cmvi%2Cpl%2Cinitcwndbps&lsig=AG3C_xAwRQIgZlDq-Cb1MaOmy3ve_DuqWS9d964_xRKg4C5E1Hz9D4ACIQCbsFGkCW3MU7LIcRvjW_ZOdLvBflYR7-AXLJoWQiQWrw%3D%3D&ratebypass=yes", "player_url": null, "ext": "mp4", "height": 720, "format_note": "720p", "vcodec": "avc1.4d401f", "asr": null, "filesize": 16615377, "fps": 24, "tbr": 1517.797, "width": 1280, "acodec": "none", "downloader_options": {"http_chunk_size": 10485760}, "format": "136 - 1280x720 (720p)", "protocol": "https", "http_headers": {"User-Agent": "Mozilla/5.0 (Windows NT 10.0; Win64; x64) AppleWebKit/537.36 (KHTML, like Gecko) Chrome/73.0.3683.38 Safari/537.36", "Accept-Charset": "ISO-8859-1,utf-8;q=0.7,*;q=0.7", "Accept": "text/html,application/xhtml+xml,application/xml;q=0.9,*/*;q=0.8", "Accept-Encoding": "gzip, deflate", "Accept-Language": "en-us,en;q=0.5"}}, {"format_id": "248", "url": "https://r8---sn-ipoxu-u2x6.googlevideo.com/videoplayback?expire=1610392322&ei=ok78X5JXipapAdSOjqAM&ip=220.129.26.102&id=o-ADg-HYpMPAV_nabJwhm4-o7FERbBNBG1Rm-sCymfDNGD&itag=248&aitags=133%2C134%2C135%2C136%2C137%2C160%2C242%2C243%2C244%2C247%2C248%2C278%2C394%2C395%2C396%2C397&source=youtube&requiressl=yes&mh=FB&mm=31%2C29&mn=sn-ipoxu-u2x6%2Csn-un57en7l&ms=au%2Crdu&mv=m&mvi=8&pl=21&initcwndbps=1057500&vprv=1&mime=video%2Fwebm&ns=p2zOt7NeenKLNbX2OtwzAzoF&gir=yes&clen=54375111&dur=207.291&lmt=1552239015045007&mt=1610370516&fvip=5&keepalive=yes&c=WEB&txp=5531432&n=cV09OekO3bsoA9&sparams=expire%2Cei%2Cip%2Cid%2Caitags%2Csource%2Crequiressl%2Cvprv%2Cmime%2Cns%2Cgir%2Cclen%2Cdur%2Clmt&sig=AOq0QJ8wRQIhANzQqCEW_ZxX3cVdzGF2POkKPpHDdHbXZJxiJXoxNaAlAiB605y8tMc7AgCb_nec017hxRg2UVP9FtORRtLQE6pA6w%3D%3D&lsparams=mh%2Cmm%2Cmn%2Cms%2Cmv%2Cmvi%2Cpl%2Cinitcwndbps&lsig=AG3C_xAwRQIgZlDq-Cb1MaOmy3ve_DuqWS9d964_xRKg4C5E1Hz9D4ACIQCbsFGkCW3MU7LIcRvjW_ZOdLvBflYR7-AXLJoWQiQWrw%3D%3D&ratebypass=yes", "player_url": null, "ext": "webm", "height": 1080, "format_note": "1080p", "vcodec": "vp9", "asr": null, "filesize": 54375111, "fps": 24, "tbr": 2659.338, "width": 1920, "acodec": "none", "downloader_options": {"http_chunk_size": 10485760}, "format": "248 - 1920x1080 (1080p)", "protocol": "https", "http_headers": {"User-Agent": "Mozilla/5.0 (Windows NT 10.0; Win64; x64) AppleWebKit/537.36 (KHTML, like Gecko) Chrome/73.0.3683.38 Safari/537.36", "Accept-Charset": "ISO-8859-1,utf-8;q=0.7,*;q=0.7", "Accept": "text/html,application/xhtml+xml,application/xml;q=0.9,*/*;q=0.8", "Accept-Encoding": "gzip, deflate", "Accept-Language": "en-us,en;q=0.5"}}, {"format_id": "137", "url": "https://r8---sn-ipoxu-u2x6.googlevideo.com/videoplayback?expire=1610392322&ei=ok78X5JXipapAdSOjqAM&ip=220.129.26.102&id=o-ADg-HYpMPAV_nabJwhm4-o7FERbBNBG1Rm-sCymfDNGD&itag=137&aitags=133%2C134%2C135%2C136%2C137%2C160%2C242%2C243%2C244%2C247%2C248%2C278%2C394%2C395%2C396%2C397&source=youtube&requiressl=yes&mh=FB&mm=31%2C29&mn=sn-ipoxu-u2x6%2Csn-un57en7l&ms=au%2Crdu&mv=m&mvi=8&pl=21&initcwndbps=1057500&vprv=1&mime=video%2Fmp4&ns=p2zOt7NeenKLNbX2OtwzAzoF&gir=yes&clen=57213177&dur=207.291&lmt=1552238833192310&mt=1610370516&fvip=5&keepalive=yes&c=WEB&txp=5535432&n=cV09OekO3bsoA9&sparams=expire%2Cei%2Cip%2Cid%2Caitags%2Csource%2Crequiressl%2Cvprv%2Cmime%2Cns%2Cgir%2Cclen%2Cdur%2Clmt&sig=AOq0QJ8wRQIhAKZOmiRjs69HP_Qetr4I5EwrzsenawSGG-YtypqiCKp1AiAB6Org7xhy43GFzcJc7rqSrlWDFeBeMSLNW4wXBcZfxw%3D%3D&lsparams=mh%2Cmm%2Cmn%2Cms%2Cmv%2Cmvi%2Cpl%2Cinitcwndbps&lsig=AG3C_xAwRQIgZlDq-Cb1MaOmy3ve_DuqWS9d964_xRKg4C5E1Hz9D4ACIQCbsFGkCW3MU7LIcRvjW_ZOdLvBflYR7-AXLJoWQiQWrw%3D%3D&ratebypass=yes", "player_url": null, "ext": "mp4", "height": 1080, "format_note": "1080p", "vcodec": "avc1.640028", "asr": null, "filesize": 57213177, "fps": 24, "tbr": 4322.543, "width": 1920, "acodec": "none", "downloader_options": {"http_chunk_size": 10485760}, "format": "137 - 1920x1080 (1080p)", "protocol": "https", "http_headers": {"User-Agent": "Mozilla/5.0 (Windows NT 10.0; Win64; x64) AppleWebKit/537.36 (KHTML, like Gecko) Chrome/73.0.3683.38 Safari/537.36", "Accept-Charset": "ISO-8859-1,utf-8;q=0.7,*;q=0.7", "Accept": "text/html,application/xhtml+xml,application/xml;q=0.9,*/*;q=0.8", "Accept-Encoding": "gzip, deflate", "Accept-Language": "en-us,en;q=0.5"}}, {"format_id": "18", "url": "https://r8---sn-ipoxu-u2x6.googlevideo.com/videoplayback?expire=1610392322&ei=ok78X5JXipapAdSOjqAM&ip=220.129.26.102&id=o-ADg-HYpMPAV_nabJwhm4-o7FERbBNBG1Rm-sCymfDNGD&itag=18&source=youtube&requiressl=yes&mh=FB&mm=31%2C29&mn=sn-ipoxu-u2x6%2Csn-un57en7l&ms=au%2Crdu&mv=m&mvi=8&pl=21&initcwndbps=1057500&vprv=1&mime=video%2Fmp4&ns=d0H80PhMgiT_8S76spYk9u0F&gir=yes&clen=12597586&ratebypass=yes&dur=207.354&lmt=1552238307900026&mt=1610370516&fvip=5&c=WEB&txp=5531432&n=KdMkTIaN1e0Jwi&sparams=expire%2Cei%2Cip%2Cid%2Citag%2Csource%2Crequiressl%2Cvprv%2Cmime%2Cns%2Cgir%2Cclen%2Cratebypass%2Cdur%2Clmt&sig=AOq0QJ8wRQIgdxMDuOlikAPfXptVhu2N0eL6_HXd4Hf7Hldov-IzSFoCIQDC_l07izDvLtl0ZwQniVJ4fsdSqyp6qeVsn-w8w9b7NA%3D%3D&lsparams=mh%2Cmm%2Cmn%2Cms%2Cmv%2Cmvi%2Cpl%2Cinitcwndbps&lsig=AG3C_xAwRQIgZlDq-Cb1MaOmy3ve_DuqWS9d964_xRKg4C5E1Hz9D4ACIQCbsFGkCW3MU7LIcRvjW_ZOdLvBflYR7-AXLJoWQiQWrw%3D%3D", "player_url": null, "ext": "mp4", "width": 640, "height": 360, "acodec": "mp4a.40.2", "abr": 96, "vcodec": "avc1.42001E", "asr": 44100, "filesize": 12597586, "format_note": "360p", "fps": 24, "tbr": 486.179, "format": "18 - 640x360 (360p)", "protocol": "https", "http_headers": {"User-Agent": "Mozilla/5.0 (Windows NT 10.0; Win64; x64) AppleWebKit/537.36 (KHTML, like Gecko) Chrome/73.0.3683.38 Safari/537.36", "Accept-Charset": "ISO-8859-1,utf-8;q=0.7,*;q=0.7", "Accept": "text/html,application/xhtml+xml,application/xml;q=0.9,*/*;q=0.8", "Accept-Encoding": "gzip, deflate", "Accept-Language": "en-us,en;q=0.5"}}], "is_live": null, "start_time": null, "end_time": null, "series": null, "season_number": null, "episode_number": null, "track": null, "artist": null, "album": null, "release_date": null, "release_year": null, "extractor": "youtube", "webpage_url_basename": "watch", "extractor_key": "Youtube", "playlist": null, "playlist_index": null, "thumbnail": "https://i.ytimg.com/vi_webp/kopwU6zpS4k/maxresdefault.webp?v=5c84fd13", "display_id": "kopwU6zpS4k", "requested_subtitles": null, "format_id": "251", "url": "https://r8---sn-ipoxu-u2x6.googlevideo.com/videoplayback?expire=1610392322&ei=ok78X5JXipapAdSOjqAM&ip=220.129.26.102&id=o-ADg-HYpMPAV_nabJwhm4-o7FERbBNBG1Rm-sCymfDNGD&itag=251&source=youtube&requiressl=yes&mh=FB&mm=31%2C29&mn=sn-ipoxu-u2x6%2Csn-un57en7l&ms=au%2Crdu&mv=m&mvi=8&pl=21&initcwndbps=1057500&vprv=1&mime=audio%2Fwebm&ns=p2zOt7NeenKLNbX2OtwzAzoF&gir=yes&clen=3755605&dur=207.321&lmt=1552239367998160&mt=1610370516&fvip=5&keepalive=yes&c=WEB&txp=5511222&n=cV09OekO3bsoA9&sparams=expire%2Cei%2Cip%2Cid%2Citag%2Csource%2Crequiressl%2Cvprv%2Cmime%2Cns%2Cgir%2Cclen%2Cdur%2Clmt&sig=AOq0QJ8wRAIgcOGYHmT_qw4S06OrDSq2L3jAoz_QzvYGPNySL3T6eNYCIEX57OpENCUAbS5Qmf2QXnevezqxkExkVkHK4mVqGtWj&lsparams=mh%2Cmm%2Cmn%2Cms%2Cmv%2Cmvi%2Cpl%2Cinitcwndbps&lsig=AG3C_xAwRQIgZlDq-Cb1MaOmy3ve_DuqWS9d964_xRKg4C5E1Hz9D4ACIQCbsFGkCW3MU7LIcRvjW_ZOdLvBflYR7-AXLJoWQiQWrw%3D%3D&ratebypass=yes", "player_url": null, "ext": "webm", "format_note": "tiny", "acodec": "opus", "abr": 160, "asr": 48000, "filesize": 3755605, "fps": null, "height": null, "tbr": 152.308, "width": null, "vcodec": "none", "downloader_options": {"http_chunk_size": 10485760}, "format": "251 - audio only (tiny)", "protocol": "https", "http_headers": {"User-Agent": "Mozilla/5.0 (Windows NT 10.0; Win64; x64) AppleWebKit/537.36 (KHTML, like Gecko) Chrome/73.0.3683.38 Safari/537.36", "Accept-Charset": "ISO-8859-1,utf-8;q=0.7,*;q=0.7", "Accept": "text/html,application/xhtml+xml,application/xml;q=0.9,*/*;q=0.8", "Accept-Encoding": "gzip, deflate", "Accept-Language": "en-us,en;q=0.5"}}