{"id": "NTI9ode6bRk", "uploader": "Jurrivh", "uploader_id": "Jurrivh", "uploader_url": "http://www.youtube.com/user/Jurrivh", "channel_id": "UCLh10hzbQJPg0Hho1VdGXwA", "channel_url": "http://www.youtube.com/channel/UCLh10hzbQJPg0Hho1VdGXwA", "upload_date": "20180923", "license": null, "creator": null, "title": "I Feel Lonely - Sad Heartbreaking Emotional Depressing Piano", "alt_title": null, "thumbnails": [{"url": "https://i.ytimg.com/vi/NTI9ode6bRk/hqdefault.jpg?sqp=-oaymwEYCKgBEF5IVfKriqkDCwgBFQAAiEIYAXAB&rs=AOn4CLCGgqUspF8y2qACa6zVUoVJstGA5A", "width": 168, "height": 94, "resolution": "168x94", "id": "0"}, {"url": "https://i.ytimg.com/vi/NTI9ode6bRk/hqdefault.jpg?sqp=-oaymwEYCMQBEG5IVfKriqkDCwgBFQAAiEIYAXAB&rs=AOn4CLDmoJjdP21bx1_-8qiBoIDrfwh37Q", "width": 196, "height": 110, "resolution": "196x110", "id": "1"}, {"url": "https://i.ytimg.com/vi/NTI9ode6bRk/hqdefault.jpg?sqp=-oaymwEZCPYBEIoBSFXyq4qpAwsIARUAAIhCGAFwAQ==&rs=AOn4CLClNNb4i87b4MNV5ljQz2NUKSONyA", "width": 246, "height": 138, "resolution": "246x138", "id": "2"}, {"url": "https://i.ytimg.com/vi/NTI9ode6bRk/hqdefault.jpg?sqp=-oaymwEZCNACELwBSFXyq4qpAwsIARUAAIhCGAFwAQ==&rs=AOn4CLAcwGhBmh7NKp63bKXqCySFRnTz5g", "width": 336, "height": 188, "resolution": "336x188", "id": "3"}, {"url": "https://i.ytimg.com/vi_webp/NTI9ode6bRk/maxresdefault.webp", "width": 1920, "height": 1080, "resolution": "1920x1080", "id": "4"}], "description": "Sad Heartbreaking Emotional Depressing Piano Composed by Jurrivh.\n\n\u25b6 Subscribe for more Music: http://bit.ly/SubToJurrivh\n\ud83d\udcb0 Purchase (License): https://bsta.rs/9px039\n\nSocial Media\nInstagram: https://www.instagram.com/jurrivh/\nTwitter: http://twitter.com/jurrivh\nFacebook: https://www.facebook.com/jurrivh/\n\nSubscribe for New Music every Sunday 5pm (CET)!\n#SadPiano #Depressing #Emotional", "categories": ["Music"], "tags": ["Sad Heartbreaking Emotional Depressing Piano", "I Feel Lonely - Sad Heartbreaking Emotional Depressing Piano", "Jurrivh I Feel Lonely", "I Feel Lonely", "Jurrivh", "Depressing Piano", "Depressing Music", "Sad Piano", "Sad Piano Song", "Sad Piano Instrumental", "Sad Piano I Feel Lonely", "Emotional Piano", "Emotional Piano Song", "Relaxing Piano Music", "Crying Piano"], "subtitles": {}, "automatic_captions": {}, "duration": 289, "age_limit": 0, "annotations": null, "chapters": null, "webpage_url": "https://www.youtube.com/watch?v=NTI9ode6bRk", "view_count": 339060, "like_count": 6306, "dislike_count": 90, "average_rating": 4.9437146, "formats": [{"format_id": "249", "url": "https://r7---sn-ipoxu-u2xd.googlevideo.com/videoplayback?expire=1610392349&ei=vU78X6jVCNb5qQHW_YeAAw&ip=220.129.26.102&id=o-ACB7uU2CwpZ7csgOIi-XwGkKLgRmCi9vhySeugYZNwxp&itag=249&source=youtube&requiressl=yes&mh=Iw&mm=31%2C29&mn=sn-ipoxu-u2xd%2Csn-un57sn76&ms=au%2Crdu&mv=m&mvi=7&pl=21&initcwndbps=1138750&vprv=1&mime=audio%2Fwebm&ns=p-GRGpyFjpHGSMeOww0iQZYF&gir=yes&clen=2132907&dur=288.521&lmt=1537738068338754&mt=1610370516&fvip=6&keepalive=yes&c=WEB&txp=5511222&n=P1SvRZXsKPiuU6&sparams=expire%2Cei%2Cip%2Cid%2Citag%2Csource%2Crequiressl%2Cvprv%2Cmime%2Cns%2Cgir%2Cclen%2Cdur%2Clmt&sig=AOq0QJ8wRAIgdjnvP3ko9TpRLtrUD4zOTq2YH6bhgBQye-JkP7mvAlMCIE4uD58gq5tddcBPAlREBEP27q-WWarFT7JG3X-psvBI&lsparams=mh%2Cmm%2Cmn%2Cms%2Cmv%2Cmvi%2Cpl%2Cinitcwndbps&lsig=AG3C_xAwRQIgeDJVzSupRtIZV_ksPdAOgO3jky1ptaT1Z12vTHMBGE4CIQCdzCJbqFku9DwO5WhArNCMHE5aR3tAuq5inloXaWrwWw%3D%3D&ratebypass=yes", "player_url": null, "ext": "webm", "format_note": "tiny", "acodec": "opus", "abr": 50, "asr": 48000, "filesize": 2132907, "fps": null, "height": null, "tbr": 64.844, "width": null, "vcodec": "none", "downloader_options": {"http_chunk_size": 10485760}, "format": "249 - audio only (tiny)", "protocol": "https", "http_headers": {"User-Agent": "Mozilla/5.0 (Windows NT 10.0; Win64; x64) AppleWebKit/537.36 (KHTML, like Gecko) Chrome/73.0.3683.38 Safari/537.36", "Accept-Charset": "ISO-8859-1,utf-8;q=0.7,*;q=0.7", "Accept": "text/html,application/xhtml+xml,application/xml;q=0.9,*/*;q=0.8", "Accept-Encoding": "gzip, deflate", "Accept-Language": "en-us,en;q=0.5"}}, {"format_id": "250", "url": "https://r7---sn-ipoxu-u2xd.googlevideo.com/videoplayback?expire=1610392349&ei=vU78X6jVCNb5qQHW_YeAAw&ip=220.129.26.102&id=o-ACB7uU2CwpZ7csgOIi-XwGkKLgRmCi9vhySeugYZNwxp&itag=250&source=youtube&requiressl=yes&mh=Iw&mm=31%2C29&mn=sn-ipoxu-u2xd%2Csn-un57sn76&ms=au%2Crdu&mv=m&mvi=7&pl=21&initcwndbps=1138750&vprv=1&mime=audio%2Fwebm&ns=p-GRGpyFjpHGSMeOww0iQZYF&gir=yes&clen=2859121&dur=288.521&lmt=1537738072064028&mt=1610370516&fvip=6&keepalive=yes&c=WEB&txp=5511222&n=P1SvRZXsKPiuU6&sparams=expire%2Cei%2Cip%2Cid%2Citag%2Csource%2Crequiressl%2Cvprv%2Cmime%2Cns%2Cgir%2Cclen%2Cdur%2Clmt&sig=AOq0QJ8wRQIgUDxQysBk2e-PpHNwkmsPE5p-PHWD5X_jz6n_8PmBDqsCIQCKyCJr2_8rP6BN4Hm5EqP51lurAyVZ91noB5BLhOKQEQ%3D%3D&lsparams=mh%2Cmm%2Cmn%2Cms%2Cmv%2Cmvi%2Cpl%2Cinitcwndbps&lsig=AG3C_xAwRQIgeDJVzSupRtIZV_ksPdAOgO3jky1ptaT1Z12vTHMBGE4CIQCdzCJbqFku9DwO5WhArNCMHE5aR3tAuq5inloXaWrwWw%3D%3D&ratebypass=yes", "player_url": null, "ext": "webm", "format_note": "tiny", "acodec": "opus", "abr": 70, "asr": 48000, "filesize": 2859121, "fps": null, "height": null, "tbr": 85.903, "width": null, "vcodec": "none", "downloader_options": {"http_chunk_size": 10485760}, "format": "250 - audio only (tiny)", "protocol": "https", "http_headers": {"User-Agent": "Mozilla/5.0 (Windows NT 10.0; Win64; x64) AppleWebKit/537.36 (KHTML, like Gecko) Chrome/73.0.3683.38 Safari/537.36", "Accept-Charset": "ISO-8859-1,utf-8;q=0.7,*;q=0.7", "Accept": "text/html,application/xhtml+xml,application/xml;q=0.9,*/*;q=0.8", "Accept-Encoding": "gzip, deflate", "Accept-Language": "en-us,en;q=0.5"}}, {"format_id": "140", "url": "https://r7---sn-ipoxu-u2xd.googlevideo.com/videoplayback?expire=1610392349&ei=vU78X6jVCNb5qQHW_YeAAw&ip=220.129.26.102&id=o-ACB7uU2CwpZ7csgOIi-XwGkKLgRmCi9vhySeugYZNwxp&itag=140&source=youtube&requiressl=yes&mh=Iw&mm=31%2C29&mn=sn-ipoxu-u2xd%2Csn-un57sn76&ms=au%2Crdu&mv=m&mvi=7&pl=21&initcwndbps=1138750&vprv=1&mime=audio%2Fmp4&ns=p-GRGpyFjpHGSMeOww0iQZYF&gir=yes&clen=4584064&dur=288.554&lmt=1537733359750460&mt=1610370516&fvip=6&keepalive=yes&c=WEB&txp=5533332&n=P1SvRZXsKPiuU6&sparams=expire%2Cei%2Cip%2Cid%2Citag%2Csource%2Crequiressl%2Cvprv%2Cmime%2Cns%2Cgir%2Cclen%2Cdur%2Clmt&sig=AOq0QJ8wRQIhAJ-X6pRkLTepsKbb41YPBMZQk64A-4N1gxDnIiPiDeH5AiAEpA22lbz3XqM0MVWo1NWOVvZZiyq0sRZJgA3WqQTbNw%3D%3D&lsparams=mh%2Cmm%2Cmn%2Cms%2Cmv%2Cmvi%2Cpl%2Cinitcwndbps&lsig=AG3C_xAwRQIgeDJVzSupRtIZV_ksPdAOgO3jky1ptaT1Z12vTHMBGE4CIQCdzCJbqFku9DwO5WhArNCMHE5aR3tAuq5inloXaWrwWw%3D%3D&ratebypass=yes", "player_url": null, "ext": "m4a", "format_note": "tiny", "acodec": "mp4a.40.2", "abr": 128, "container": "m4a_dash", "asr": 44100, "filesize": 4584064, "fps": null, "height": null, "tbr": 128.14, "width": null, "vcodec": "none", "downloader_options": {"http_chunk_size": 10485760}, "format": "140 - audio only (tiny)", "protocol": "https", "http_headers": {"User-Agent": "Mozilla/5.0 (Windows NT 10.0; Win64; x64) AppleWebKit/537.36 (KHTML, like Gecko) Chrome/73.0.3683.38 Safari/537.36", "Accept-Charset": "ISO-8859-1,utf-8;q=0.7,*;q=0.7", "Accept": "text/html,application/xhtml+xml,application/xml;q=0.9,*/*;q=0.8", "Accept-Encoding": "gzip, deflate", "Accept-Language": "en-us,en;q=0.5"}}, {"format_id": "251", "url": "https://r7---sn-ipoxu-u2xd.googlevideo.com/videoplayback?expire=1610392349&ei=vU78X6jVCNb5qQHW_YeAAw&ip=220.129.26.102&id=o-ACB7uU2CwpZ7csgOIi-XwGkKLgRmCi9vhySeugYZNwxp&itag=251&source=youtube&requiressl=yes&mh=Iw&mm=31%2C29&mn=sn-ipoxu-u2xd%2Csn-un57sn76&ms=au%2Crdu&mv=m&mvi=7&pl=21&initcwndbps=1138750&vprv=1&mime=audio%2Fwebm&ns=p-GRGpyFjpHGSMeOww0iQZYF&gir=yes&clen=5415376&dur=288.521&lmt=1537738068343434&mt=1610370516&fvip=6&keepalive=yes&c=WEB&txp=5511222&n=P1SvRZXsKPiuU6&sparams=expire%2Cei%2Cip%2Cid%2Citag%2Csource%2Crequiressl%2Cvprv%2Cmime%2Cns%2Cgir%2Cclen%2Cdur%2Clmt&sig=AOq0QJ8wRgIhAJNf-nAskKFQN0My1F1zNIwu9AaHrxYEeRc9BW-iORsBAiEAhMLzgzoSsT-6TcPuKsvfIsJp32cpNvi4lQgdl2CnWl0%3D&lsparams=mh%2Cmm%2Cmn%2Cms%2Cmv%2Cmvi%2Cpl%2Cinitcwndbps&lsig=AG3C_xAwRQIgeDJVzSupRtIZV_ksPdAOgO3jky1ptaT1Z12vTHMBGE4CIQCdzCJbqFku9DwO5WhArNCMHE5aR3tAuq5inloXaWrwWw%3D%3D&ratebypass=yes", "player_url": null, "ext": "webm", "format_note": "tiny", "acodec": "opus", "abr": 160, "asr": 48000, "filesize": 5415376, "fps": null, "height": null, "tbr": 159.032, "width": null, "vcodec": "none", "downloader_options": {"http_chunk_size": 10485760}, "format": "251 - audio only (tiny)", "protocol": "https", "http_headers": {"User-Agent": "Mozilla/5.0 (Windows NT 10.0; Win64; x64) AppleWebKit/537.36 (KHTML, like Gecko) Chrome/73.0.3683.38 Safari/537.36", "Accept-Charset": "ISO-8859-1,utf-8;q=0.7,*;q=0.7", "Accept": "text/html,application/xhtml+xml,application/xml;q=0.9,*/*;q=0.8", "Accept-Encoding": "gzip, deflate", "Accept-Language": "en-us,en;q=0.5"}}, {"format_id": "160", "url": "https://r7---sn-ipoxu-u2xd.googlevideo.com/videoplayback?expire=1610392349&ei=vU78X6jVCNb5qQHW_YeAAw&ip=220.129.26.102&id=o-ACB7uU2CwpZ7csgOIi-XwGkKLgRmCi9vhySeugYZNwxp&itag=160&aitags=133%2C134%2C135%2C136%2C137%2C160%2C242%2C243%2C244%2C247%2C248%2C278&source=youtube&requiressl=yes&mh=Iw&mm=31%2C29&mn=sn-ipoxu-u2xd%2Csn-un57sn76&ms=au%2Crdu&mv=m&mvi=7&pl=21&initcwndbps=1138750&vprv=1&mime=video%2Fmp4&ns=p-GRGpyFjpHGSMeOww0iQZYF&gir=yes&clen=1948834&dur=288.499&lmt=1537733907434799&mt=1610370516&fvip=6&keepalive=yes&c=WEB&txp=5533332&n=P1SvRZXsKPiuU6&sparams=expire%2Cei%2Cip%2Cid%2Caitags%2Csource%2Crequiressl%2Cvprv%2Cmime%2Cns%2Cgir%2Cclen%2Cdur%2Clmt&sig=AOq0QJ8wRQIhAJkGysa9PnfPy7KCldLwM2zLEdBlbSh8GY9joHgMV4qBAiBFTa-AWjbmyseVZSVgofck1cpdbNdLElDTMFGEKyPiPQ%3D%3D&lsparams=mh%2Cmm%2Cmn%2Cms%2Cmv%2Cmvi%2Cpl%2Cinitcwndbps&lsig=AG3C_xAwRQIgeDJVzSupRtIZV_ksPdAOgO3jky1ptaT1Z12vTHMBGE4CIQCdzCJbqFku9DwO5WhArNCMHE5aR3tAuq5inloXaWrwWw%3D%3D&ratebypass=yes", "player_url": null, "ext": "mp4", "height": 144, "format_note": "144p", "vcodec": "avc1.4d400c", "asr": null, "filesize": 1948834, "fps": 24, "tbr": 76.779, "width": 256, "acodec": "none", "downloader_options": {"http_chunk_size": 10485760}, "format": "160 - 256x144 (144p)", "protocol": "https", "http_headers": {"User-Agent": "Mozilla/5.0 (Windows NT 10.0; Win64; x64) AppleWebKit/537.36 (KHTML, like Gecko) Chrome/73.0.3683.38 Safari/537.36", "Accept-Charset": "ISO-8859-1,utf-8;q=0.7,*;q=0.7", "Accept": "text/html,application/xhtml+xml,application/xml;q=0.9,*/*;q=0.8", "Accept-Encoding": "gzip, deflate", "Accept-Language": "en-us,en;q=0.5"}}, {"format_id": "278", "url": "https://r7---sn-ipoxu-u2xd.googlevideo.com/videoplayback?expire=1610392349&ei=vU78X6jVCNb5qQHW_YeAAw&ip=220.129.26.102&id=o-ACB7uU2CwpZ7csgOIi-XwGkKLgRmCi9vhySeugYZNwxp&itag=278&aitags=133%2C134%2C135%2C136%2C137%2C160%2C242%2C243%2C244%2C247%2C248%2C278&source=youtube&requiressl=yes&mh=Iw&mm=31%2C29&mn=sn-ipoxu-u2xd%2Csn-un57sn76&ms=au%2Crdu&mv=m&mvi=7&pl=21&initcwndbps=1138750&vprv=1&mime=video%2Fwebm&ns=p-GRGpyFjpHGSMeOww0iQZYF&gir=yes&clen=3231475&dur=288.499&lmt=1537734266602562&mt=1610370516&fvip=6&keepalive=yes&c=WEB&txp=5533332&n=P1SvRZXsKPiuU6&sparams=expire%2Cei%2Cip%2Cid%2Caitags%2Csource%2Crequiressl%2Cvprv%2Cmime%2Cns%2Cgir%2Cclen%2Cdur%2Clmt&sig=AOq0QJ8wRQIhAJNFWeP9Y0DFaqDW9JmylWpsKfopDEVoSks1Il1q6TAEAiAB2arHHtG38B1oYKKeZJBAoCDbGcoFcNKLQhT1LOH2Uw%3D%3D&lsparams=mh%2Cmm%2Cmn%2Cms%2Cmv%2Cmvi%2Cpl%2Cinitcwndbps&lsig=AG3C_xAwRQIgeDJVzSupRtIZV_ksPdAOgO3jky1ptaT1Z12vTHMBGE4CIQCdzCJbqFku9DwO5WhArNCMHE5aR3tAuq5inloXaWrwWw%3D%3D&ratebypass=yes", "player_url": null, "ext": "webm", "height": 144, "format_note": "144p", "container": "webm", "vcodec": "vp9", "asr": null, "filesize": 3231475, "fps": 24, "tbr": 96.184, "width": 256, "acodec": "none", "downloader_options": {"http_chunk_size": 10485760}, "format": "278 - 256x144 (144p)", "protocol": "https", "http_headers": {"User-Agent": "Mozilla/5.0 (Windows NT 10.0; Win64; x64) AppleWebKit/537.36 (KHTML, like Gecko) Chrome/73.0.3683.38 Safari/537.36", "Accept-Charset": "ISO-8859-1,utf-8;q=0.7,*;q=0.7", "Accept": "text/html,application/xhtml+xml,application/xml;q=0.9,*/*;q=0.8", "Accept-Encoding": "gzip, deflate", "Accept-Language": "en-us,en;q=0.5"}}, {"format_id": "133", "url": "https://r7---sn-ipoxu-u2xd.googlevideo.com/videoplayback?expire=1610392349&ei=vU78X6jVCNb5qQHW_YeAAw&ip=220.129.26.102&id=o-ACB7uU2CwpZ7csgOIi-XwGkKLgRmCi9vhySeugYZNwxp&itag=133&aitags=133%2C134%2C135%2C136%2C137%2C160%2C242%2C243%2C244%2C247%2C248%2C278&source=youtube&requiressl=yes&mh=Iw&mm=31%2C29&mn=sn-ipoxu-u2xd%2Csn-un57sn76&ms=au%2Crdu&mv=m&mvi=7&pl=21&initcwndbps=1138750&vprv=1&mime=video%2Fmp4&ns=p-GRGpyFjpHGSMeOww0iQZYF&gir=yes&clen=5083921&dur=288.499&lmt=1537733878389398&mt=1610370516&fvip=6&keepalive=yes&c=WEB&txp=5533332&n=P1SvRZXsKPiuU6&sparams=expire%2Cei%2Cip%2Cid%2Caitags%2Csource%2Crequiressl%2Cvprv%2Cmime%2Cns%2Cgir%2Cclen%2Cdur%2Clmt&sig=AOq0QJ8wRQIgOOkpKRLF3I_SHN3dOxwEkN3hvcRCfEfB9bHzdtQMca0CIQC7LBnOrlcWprJbf8BAP3h730jIfSyoADx__9jgRPCsuw%3D%3D&lsparams=mh%2Cmm%2Cmn%2Cms%2Cmv%2Cmvi%2Cpl%2Cinitcwndbps&lsig=AG3C_xAwRQIgeDJVzSupRtIZV_ksPdAOgO3jky1ptaT1Z12vTHMBGE4CIQCdzCJbqFku9DwO5WhArNCMHE5aR3tAuq5inloXaWrwWw%3D%3D&ratebypass=yes", "player_url": null, "ext": "mp4", "height": 240, "format_note": "240p", "vcodec": "avc1.4d4015", "asr": null, "filesize": 5083921, "fps": 24, "tbr": 194.572, "width": 426, "acodec": "none", "downloader_options": {"http_chunk_size": 10485760}, "format": "133 - 426x240 (240p)", "protocol": "https", "http_headers": {"User-Agent": "Mozilla/5.0 (Windows NT 10.0; Win64; x64) AppleWebKit/537.36 (KHTML, like Gecko) Chrome/73.0.3683.38 Safari/537.36", "Accept-Charset": "ISO-8859-1,utf-8;q=0.7,*;q=0.7", "Accept": "text/html,application/xhtml+xml,application/xml;q=0.9,*/*;q=0.8", "Accept-Encoding": "gzip, deflate", "Accept-Language": "en-us,en;q=0.5"}}, {"format_id": "242", "url": "https://r7---sn-ipoxu-u2xd.googlevideo.com/videoplayback?expire=1610392349&ei=vU78X6jVCNb5qQHW_YeAAw&ip=220.129.26.102&id=o-ACB7uU2CwpZ7csgOIi-XwGkKLgRmCi9vhySeugYZNwxp&itag=242&aitags=133%2C134%2C135%2C136%2C137%2C160%2C242%2C243%2C244%2C247%2C248%2C278&source=youtube&requiressl=yes&mh=Iw&mm=31%2C29&mn=sn-ipoxu-u2xd%2Csn-un57sn76&ms=au%2Crdu&mv=m&mvi=7&pl=21&initcwndbps=1138750&vprv=1&mime=video%2Fwebm&ns=p-GRGpyFjpHGSMeOww0iQZYF&gir=yes&clen=5382316&dur=288.499&lmt=1537734317602751&mt=1610370516&fvip=6&keepalive=yes&c=WEB&txp=5533332&n=P1SvRZXsKPiuU6&sparams=expire%2Cei%2Cip%2Cid%2Caitags%2Csource%2Crequiressl%2Cvprv%2Cmime%2Cns%2Cgir%2Cclen%2Cdur%2Clmt&sig=AOq0QJ8wRQIgSLdQr58wskv8_UbozUMJf5EPorEgoxf7aho1W0OyR_wCIQDB7sRNTvO7GXRYHfhIwoa8nOHTPXvHTCtMtuPI8xQrHg%3D%3D&lsparams=mh%2Cmm%2Cmn%2Cms%2Cmv%2Cmvi%2Cpl%2Cinitcwndbps&lsig=AG3C_xAwRQIgeDJVzSupRtIZV_ksPdAOgO3jky1ptaT1Z12vTHMBGE4CIQCdzCJbqFku9DwO5WhArNCMHE5aR3tAuq5inloXaWrwWw%3D%3D&ratebypass=yes", "player_url": null, "ext": "webm", "height": 240, "format_note": "240p", "vcodec": "vp9", "asr": null, "filesize": 5382316, "fps": 24, "tbr": 213.141, "width": 426, "acodec": "none", "downloader_options": {"http_chunk_size": 10485760}, "format": "242 - 426x240 (240p)", "protocol": "https", "http_headers": {"User-Agent": "Mozilla/5.0 (Windows NT 10.0; Win64; x64) AppleWebKit/537.36 (KHTML, like Gecko) Chrome/73.0.3683.38 Safari/537.36", "Accept-Charset": "ISO-8859-1,utf-8;q=0.7,*;q=0.7", "Accept": "text/html,application/xhtml+xml,application/xml;q=0.9,*/*;q=0.8", "Accept-Encoding": "gzip, deflate", "Accept-Language": "en-us,en;q=0.5"}}, {"format_id": "243", "url": "https://r7---sn-ipoxu-u2xd.googlevideo.com/videoplayback?expire=1610392349&ei=vU78X6jVCNb5qQHW_YeAAw&ip=220.129.26.102&id=o-ACB7uU2CwpZ7csgOIi-XwGkKLgRmCi9vhySeugYZNwxp&itag=243&aitags=133%2C134%2C135%2C136%2C137%2C160%2C242%2C243%2C244%2C247%2C248%2C278&source=youtube&requiressl=yes&mh=Iw&mm=31%2C29&mn=sn-ipoxu-u2xd%2Csn-un57sn76&ms=au%2Crdu&mv=m&mvi=7&pl=21&initcwndbps=1138750&vprv=1&mime=video%2Fwebm&ns=p-GRGpyFjpHGSMeOww0iQZYF&gir=yes&clen=11126078&dur=288.499&lmt=1537734247345734&mt=1610370516&fvip=6&keepalive=yes&c=WEB&txp=5533332&n=P1SvRZXsKPiuU6&sparams=expire%2Cei%2Cip%2Cid%2Caitags%2Csource%2Crequiressl%2Cvprv%2Cmime%2Cns%2Cgir%2Cclen%2Cdur%2Clmt&sig=AOq0QJ8wRQIhALal6vQqOu1rlCgIsIg3y_1O4doPJLCDOLqWMckaZPt7AiBhJs2wb5g_UtqY_6_DYsDV76Y_ESwzxdyXgBweMUImxg%3D%3D&lsparams=mh%2Cmm%2Cmn%2Cms%2Cmv%2Cmvi%2Cpl%2Cinitcwndbps&lsig=AG3C_xAwRQIgeDJVzSupRtIZV_ksPdAOgO3jky1ptaT1Z12vTHMBGE4CIQCdzCJbqFku9DwO5WhArNCMHE5aR3tAuq5inloXaWrwWw%3D%3D&ratebypass=yes", "player_url": null, "ext": "webm", "height": 360, "format_note": "360p", "vcodec": "vp9", "asr": null, "filesize": 11126078, "fps": 24, "tbr": 393.025, "width": 640, "acodec": "none", "downloader_options": {"http_chunk_size": 10485760}, "format": "243 - 640x360 (360p)", "protocol": "https", "http_headers": {"User-Agent": "Mozilla/5.0 (Windows NT 10.0; Win64; x64) AppleWebKit/537.36 (KHTML, like Gecko) Chrome/73.0.3683.38 Safari/537.36", "Accept-Charset": "ISO-8859-1,utf-8;q=0.7,*;q=0.7", "Accept": "text/html,application/xhtml+xml,application/xml;q=0.9,*/*;q=0.8", "Accept-Encoding": "gzip, deflate", "Accept-Language": "en-us,en;q=0.5"}}, {"format_id": "134", "url": "https://r7---sn-ipoxu-u2xd.googlevideo.com/videoplayback?expire=1610392349&ei=vU78X6jVCNb5qQHW_YeAAw&ip=220.129.26.102&id=o-ACB7uU2CwpZ7csgOIi-XwGkKLgRmCi9vhySeugYZNwxp&itag=134&aitags=133%2C134%2C135%2C136%2C137%2C160%2C242%2C243%2C244%2C247%2C248%2C278&source=youtube&requiressl=yes&mh=Iw&mm=31%2C29&mn=sn-ipoxu-u2xd%2Csn-un57sn76&ms=au%2Crdu&mv=m&mvi=7&pl=21&initcwndbps=1138750&vprv=1&mime=video%2Fmp4&ns=p-GRGpyFjpHGSMeOww0iQZYF&gir=yes&clen=10249440&dur=288.499&lmt=1537733909771497&mt=1610370516&fvip=6&keepalive=yes&c=WEB&txp=5533332&n=P1SvRZXsKPiuU6&sparams=expire%2Cei%2Cip%2Cid%2Caitags%2Csource%2Crequiressl%2Cvprv%2Cmime%2Cns%2Cgir%2Cclen%2Cdur%2Clmt&sig=AOq0QJ8wRAIgaMz38L5tJypWnvACRJHexdW1CBGQOhVH1NRg2UnHW94CIFCijJgwJb82_sYezKMtX41QeSz2UfeCN5BMRtetPSrf&lsparams=mh%2Cmm%2Cmn%2Cms%2Cmv%2Cmvi%2Cpl%2Cinitcwndbps&lsig=AG3C_xAwRQIgeDJVzSupRtIZV_ksPdAOgO3jky1ptaT1Z12vTHMBGE4CIQCdzCJbqFku9DwO5WhArNCMHE5aR3tAuq5inloXaWrwWw%3D%3D&ratebypass=yes", "player_url": null, "ext": "mp4", "height": 360, "format_note": "360p", "vcodec": "avc1.4d401e", "asr": null, "filesize": 10249440, "fps": 24, "tbr": 463.058, "width": 640, "acodec": "none", "downloader_options": {"http_chunk_size": 10485760}, "format": "134 - 640x360 (360p)", "protocol": "https", "http_headers": {"User-Agent": "Mozilla/5.0 (Windows NT 10.0; Win64; x64) AppleWebKit/537.36 (KHTML, like Gecko) Chrome/73.0.3683.38 Safari/537.36", "Accept-Charset": "ISO-8859-1,utf-8;q=0.7,*;q=0.7", "Accept": "text/html,application/xhtml+xml,application/xml;q=0.9,*/*;q=0.8", "Accept-Encoding": "gzip, deflate", "Accept-Language": "en-us,en;q=0.5"}}, {"format_id": "244", "url": "https://r7---sn-ipoxu-u2xd.googlevideo.com/videoplayback?expire=1610392349&ei=vU78X6jVCNb5qQHW_YeAAw&ip=220.129.26.102&id=o-ACB7uU2CwpZ7csgOIi-XwGkKLgRmCi9vhySeugYZNwxp&itag=244&aitags=133%2C134%2C135%2C136%2C137%2C160%2C242%2C243%2C244%2C247%2C248%2C278&source=youtube&requiressl=yes&mh=Iw&mm=31%2C29&mn=sn-ipoxu-u2xd%2Csn-un57sn76&ms=au%2Crdu&mv=m&mvi=7&pl=21&initcwndbps=1138750&vprv=1&mime=video%2Fwebm&ns=p-GRGpyFjpHGSMeOww0iQZYF&gir=yes&clen=16043731&dur=288.499&lmt=1537734223599554&mt=1610370516&fvip=6&keepalive=yes&c=WEB&txp=5533332&n=P1SvRZXsKPiuU6&sparams=expire%2Cei%2Cip%2Cid%2Caitags%2Csource%2Crequiressl%2Cvprv%2Cmime%2Cns%2Cgir%2Cclen%2Cdur%2Clmt&sig=AOq0QJ8wRAIgPzAT32txbwFlMyiqZ0Fq6UcMufbvnQDNJe-fenXCRQUCIH1Rd4tzeFi7fjKft-WMyVhcFZY0O6j5PH0wxWyZSKbI&lsparams=mh%2Cmm%2Cmn%2Cms%2Cmv%2Cmvi%2Cpl%2Cinitcwndbps&lsig=AG3C_xAwRQIgeDJVzSupRtIZV_ksPdAOgO3jky1ptaT1Z12vTHMBGE4CIQCdzCJbqFku9DwO5WhArNCMHE5aR3tAuq5inloXaWrwWw%3D%3D&ratebypass=yes", "player_url": null, "ext": "webm", "height": 480, "format_note": "480p", "vcodec": "vp9", "asr": null, "filesize": 16043731, "fps": 24, "tbr": 690.178, "width": 854, "acodec": "none", "downloader_options": {"http_chunk_size": 10485760}, "format": "244 - 854x480 (480p)", "protocol": "https", "http_headers": {"User-Agent": "Mozilla/5.0 (Windows NT 10.0; Win64; x64) AppleWebKit/537.36 (KHTML, like Gecko) Chrome/73.0.3683.38 Safari/537.36", "Accept-Charset": "ISO-8859-1,utf-8;q=0.7,*;q=0.7", "Accept": "text/html,application/xhtml+xml,application/xml;q=0.9,*/*;q=0.8", "Accept-Encoding": "gzip, deflate", "Accept-Language": "en-us,en;q=0.5"}}, {"format_id": "135", "url": "https://r7---sn-ipoxu-u2xd.googlevideo.com/videoplayback?expire=1610392349&ei=vU78X6jVCNb5qQHW_YeAAw&ip=220.129.26.102&id=o-ACB7uU2CwpZ7csgOIi-XwGkKLgRmCi9vhySeugYZNwxp&itag=135&aitags=133%2C134%2C135%2C136%2C137%2C160%2C242%2C243%2C244%2C247%2C248%2C278&source=youtube&requiressl=yes&mh=Iw&mm=31%2C29&mn=sn-ipoxu-u2xd%2Csn-un57sn76&ms=au%2Crdu&mv=m&mvi=7&pl=21&initcwndbps=1138750&vprv=1&mime=video%2Fmp4&ns=p-GRGpyFjpHGSMeOww0iQZYF&gir=yes&clen=13193009&dur=288.499&lmt=1537733884539302&mt=1610370516&fvip=6&keepalive=yes&c=WEB&txp=5533332&n=P1SvRZXsKPiuU6&sparams=expire%2Cei%2Cip%2Cid%2Caitags%2Csource%2Crequiressl%2Cvprv%2Cmime%2Cns%2Cgir%2Cclen%2Cdur%2Clmt&sig=AOq0QJ8wRQIgNz0yShGllnIjzR8Yctk9T-7kJmkUbo8ZCrsjfk0T86YCIQD6rg9qUVlX6BG-zrNukCdZMLWaIpi5_6fbsp65tiw3zA%3D%3D&lsparams=mh%2Cmm%2Cmn%2Cms%2Cmv%2Cmvi%2Cpl%2Cinitcwndbps&lsig=AG3C_xAwRQIgeDJVzSupRtIZV_ksPdAOgO3jky1ptaT1Z12vTHMBGE4CIQCdzCJbqFku9DwO5WhArNCMHE5aR3tAuq5inloXaWrwWw%3D%3D&ratebypass=yes", "player_url": null, "ext": "mp4", "height": 480, "format_note": "480p", "vcodec": "avc1.4d401e", "asr": null, "filesize": 13193009, "fps": 24, "tbr": 752.501, "width": 854, "acodec": "none", "downloader_options": {"http_chunk_size": 10485760}, "format": "135 - 854x480 (480p)", "protocol": "https", "http_headers": {"User-Agent": "Mozilla/5.0 (Windows NT 10.0; Win64; x64) AppleWebKit/537.36 (KHTML, like Gecko) Chrome/73.0.3683.38 Safari/537.36", "Accept-Charset": "ISO-8859-1,utf-8;q=0.7,*;q=0.7", "Accept": "text/html,application/xhtml+xml,application/xml;q=0.9,*/*;q=0.8", "Accept-Encoding": "gzip, deflate", "Accept-Language": "en-us,en;q=0.5"}}, {"format_id": "136", "url": "https://r7---sn-ipoxu-u2xd.googlevideo.com/videoplayback?expire=1610392349&ei=vU78X6jVCNb5qQHW_YeAAw&ip=220.129.26.102&id=o-ACB7uU2CwpZ7csgOIi-XwGkKLgRmCi9vhySeugYZNwxp&itag=136&aitags=133%2C134%2C135%2C136%2C137%2C160%2C242%2C243%2C244%2C247%2C248%2C278&source=youtube&requiressl=yes&mh=Iw&mm=31%2C29&mn=sn-ipoxu-u2xd%2Csn-un57sn76&ms=au%2Crdu&mv=m&mvi=7&pl=21&initcwndbps=1138750&vprv=1&mime=video%2Fmp4&ns=p-GRGpyFjpHGSMeOww0iQZYF&gir=yes&clen=17583434&dur=288.499&lmt=1537733910230117&mt=1610370516&fvip=6&keepalive=yes&c=WEB&txp=5533332&n=P1SvRZXsKPiuU6&sparams=expire%2Cei%2Cip%2Cid%2Caitags%2Csource%2Crequiressl%2Cvprv%2Cmime%2Cns%2Cgir%2Cclen%2Cdur%2Clmt&sig=AOq0QJ8wRgIhAKNea-agsKRbOlCIKuBbloyX-qYe097Qh2uFAsPNJMFPAiEAjxAIMUEJLXWXQNWPQN-mEUBSfR48mlzrXaduMmOeAfQ%3D&lsparams=mh%2Cmm%2Cmn%2Cms%2Cmv%2Cmvi%2Cpl%2Cinitcwndbps&lsig=AG3C_xAwRQIgeDJVzSupRtIZV_ksPdAOgO3jky1ptaT1Z12vTHMBGE4CIQCdzCJbqFku9DwO5WhArNCMHE5aR3tAuq5inloXaWrwWw%3D%3D&ratebypass=yes", "player_url": null, "ext": "mp4", "height": 720, "format_note": "720p", "vcodec": "avc1.4d401f", "asr": null, "filesize": 17583434, "fps": 24, "tbr": 1110.107, "width": 1280, "acodec": "none", "downloader_options": {"http_chunk_size": 10485760}, "format": "136 - 1280x720 (720p)", "protocol": "https", "http_headers": {"User-Agent": "Mozilla/5.0 (Windows NT 10.0; Win64; x64) AppleWebKit/537.36 (KHTML, like Gecko) Chrome/73.0.3683.38 Safari/537.36", "Accept-Charset": "ISO-8859-1,utf-8;q=0.7,*;q=0.7", "Accept": "text/html,application/xhtml+xml,application/xml;q=0.9,*/*;q=0.8", "Accept-Encoding": "gzip, deflate", "Accept-Language": "en-us,en;q=0.5"}}, {"format_id": "247", "url": "https://r7---sn-ipoxu-u2xd.googlevideo.com/videoplayback?expire=1610392349&ei=vU78X6jVCNb5qQHW_YeAAw&ip=220.129.26.102&id=o-ACB7uU2CwpZ7csgOIi-XwGkKLgRmCi9vhySeugYZNwxp&itag=247&aitags=133%2C134%2C135%2C136%2C137%2C160%2C242%2C243%2C244%2C247%2C248%2C278&source=youtube&requiressl=yes&mh=Iw&mm=31%2C29&mn=sn-ipoxu-u2xd%2Csn-un57sn76&ms=au%2Crdu&mv=m&mvi=7&pl=21&initcwndbps=1138750&vprv=1&mime=video%2Fwebm&ns=p-GRGpyFjpHGSMeOww0iQZYF&gir=yes&clen=18254543&dur=288.499&lmt=1537734369362491&mt=1610370516&fvip=6&keepalive=yes&c=WEB&txp=5533332&n=P1SvRZXsKPiuU6&sparams=expire%2Cei%2Cip%2Cid%2Caitags%2Csource%2Crequiressl%2Cvprv%2Cmime%2Cns%2Cgir%2Cclen%2Cdur%2Clmt&sig=AOq0QJ8wRQIhAPucLELs90fsVMeRtVE-GATtQmMAapeWsnvXhIlqcubAAiAsQh5qKP7azvgcP64fk-WWCV5bQ3oM-Mon_-Gn2VxeDQ%3D%3D&lsparams=mh%2Cmm%2Cmn%2Cms%2Cmv%2Cmvi%2Cpl%2Cinitcwndbps&lsig=AG3C_xAwRQIgeDJVzSupRtIZV_ksPdAOgO3jky1ptaT1Z12vTHMBGE4CIQCdzCJbqFku9DwO5WhArNCMHE5aR3tAuq5inloXaWrwWw%3D%3D&ratebypass=yes", "player_url": null, "ext": "webm", "height": 720, "format_note": "720p", "vcodec": "vp9", "asr": null, "filesize": 18254543, "fps": 24, "tbr": 1360.517, "width": 1280, "acodec": "none", "downloader_options": {"http_chunk_size": 10485760}, "format": "247 - 1280x720 (720p)", "protocol": "https", "http_headers": {"User-Agent": "Mozilla/5.0 (Windows NT 10.0; Win64; x64) AppleWebKit/537.36 (KHTML, like Gecko) Chrome/73.0.3683.38 Safari/537.36", "Accept-Charset": "ISO-8859-1,utf-8;q=0.7,*;q=0.7", "Accept": "text/html,application/xhtml+xml,application/xml;q=0.9,*/*;q=0.8", "Accept-Encoding": "gzip, deflate", "Accept-Language": "en-us,en;q=0.5"}}, {"format_id": "137", "url": "https://r7---sn-ipoxu-u2xd.googlevideo.com/videoplayback?expire=1610392349&ei=vU78X6jVCNb5qQHW_YeAAw&ip=220.129.26.102&id=o-ACB7uU2CwpZ7csgOIi-XwGkKLgRmCi9vhySeugYZNwxp&itag=137&aitags=133%2C134%2C135%2C136%2C137%2C160%2C242%2C243%2C244%2C247%2C248%2C278&source=youtube&requiressl=yes&mh=Iw&mm=31%2C29&mn=sn-ipoxu-u2xd%2Csn-un57sn76&ms=au%2Crdu&mv=m&mvi=7&pl=21&initcwndbps=1138750&vprv=1&mime=video%2Fmp4&ns=p-GRGpyFjpHGSMeOww0iQZYF&gir=yes&clen=25129948&dur=288.499&lmt=1537733938893874&mt=1610370516&fvip=6&keepalive=yes&c=WEB&txp=5533332&n=P1SvRZXsKPiuU6&sparams=expire%2Cei%2Cip%2Cid%2Caitags%2Csource%2Crequiressl%2Cvprv%2Cmime%2Cns%2Cgir%2Cclen%2Cdur%2Clmt&sig=AOq0QJ8wRQIgRg8nZYxldS4KHHVnLgsV-aF9AQHy8VdbqXuWoJkOCTECIQDUtfmqSy51MKYtdAZL_kqnVOCsILAaOEKWOjIDajELMw%3D%3D&lsparams=mh%2Cmm%2Cmn%2Cms%2Cmv%2Cmvi%2Cpl%2Cinitcwndbps&lsig=AG3C_xAwRQIgeDJVzSupRtIZV_ksPdAOgO3jky1ptaT1Z12vTHMBGE4CIQCdzCJbqFku9DwO5WhArNCMHE5aR3tAuq5inloXaWrwWw%3D%3D&ratebypass=yes", "player_url": null, "ext": "mp4", "height": 1080, "format_note": "1080p", "vcodec": "avc1.640028", "asr": null, "filesize": 25129948, "fps": 24, "tbr": 1732.973, "width": 1920, "acodec": "none", "downloader_options": {"http_chunk_size": 10485760}, "format": "137 - 1920x1080 (1080p)", "protocol": "https", "http_headers": {"User-Agent": "Mozilla/5.0 (Windows NT 10.0; Win64; x64) AppleWebKit/537.36 (KHTML, like Gecko) Chrome/73.0.3683.38 Safari/537.36", "Accept-Charset": "ISO-8859-1,utf-8;q=0.7,*;q=0.7", "Accept": "text/html,application/xhtml+xml,application/xml;q=0.9,*/*;q=0.8", "Accept-Encoding": "gzip, deflate", "Accept-Language": "en-us,en;q=0.5"}}, {"format_id": "248", "url": "https://r7---sn-ipoxu-u2xd.googlevideo.com/videoplayback?expire=1610392349&ei=vU78X6jVCNb5qQHW_YeAAw&ip=220.129.26.102&id=o-ACB7uU2CwpZ7csgOIi-XwGkKLgRmCi9vhySeugYZNwxp&itag=248&aitags=133%2C134%2C135%2C136%2C137%2C160%2C242%2C243%2C244%2C247%2C248%2C278&source=youtube&requiressl=yes&mh=Iw&mm=31%2C29&mn=sn-ipoxu-u2xd%2Csn-un57sn76&ms=au%2Crdu&mv=m&mvi=7&pl=21&initcwndbps=1138750&vprv=1&mime=video%2Fwebm&ns=p-GRGpyFjpHGSMeOww0iQZYF&gir=yes&clen=24716066&dur=288.499&lmt=1537734496049039&mt=1610370516&fvip=6&keepalive=yes&c=WEB&txp=5533332&n=P1SvRZXsKPiuU6&sparams=expire%2Cei%2Cip%2Cid%2Caitags%2Csource%2Crequiressl%2Cvprv%2Cmime%2Cns%2Cgir%2Cclen%2Cdur%2Clmt&sig=AOq0QJ8wRQIhAIEyt-x-mcF_uxhMVtYOXjfCXZwKancpuBZQUjFg0Re5AiBN8VpssLMjWxMseQufXCbSUbERHG3yhuc0tC95Gj3Jkg%3D%3D&lsparams=mh%2Cmm%2Cmn%2Cms%2Cmv%2Cmvi%2Cpl%2Cinitcwndbps&lsig=AG3C_xAwRQIgeDJVzSupRtIZV_ksPdAOgO3jky1ptaT1Z12vTHMBGE4CIQCdzCJbqFku9DwO5WhArNCMHE5aR3tAuq5inloXaWrwWw%3D%3D&ratebypass=yes", "player_url": null, "ext": "webm", "height": 1080, "format_note": "1080p", "vcodec": "vp9", "asr": null, "filesize": 24716066, "fps": 24, "tbr": 2382.754, "width": 1920, "acodec": "none", "downloader_options": {"http_chunk_size": 10485760}, "format": "248 - 1920x1080 (1080p)", "protocol": "https", "http_headers": {"User-Agent": "Mozilla/5.0 (Windows NT 10.0; Win64; x64) AppleWebKit/537.36 (KHTML, like Gecko) Chrome/73.0.3683.38 Safari/537.36", "Accept-Charset": "ISO-8859-1,utf-8;q=0.7,*;q=0.7", "Accept": "text/html,application/xhtml+xml,application/xml;q=0.9,*/*;q=0.8", "Accept-Encoding": "gzip, deflate", "Accept-Language": "en-us,en;q=0.5"}}, {"format_id": "18", "url": "https://r7---sn-ipoxu-u2xd.googlevideo.com/videoplayback?expire=1610392349&ei=vU78X6jVCNb5qQHW_YeAAw&ip=220.129.26.102&id=o-ACB7uU2CwpZ7csgOIi-XwGkKLgRmCi9vhySeugYZNwxp&itag=18&source=youtube&requiressl=yes&mh=Iw&mm=31%2C29&mn=sn-ipoxu-u2xd%2Csn-un57sn76&ms=au%2Crdu&mv=m&mvi=7&pl=21&initcwndbps=1138750&vprv=1&mime=video%2Fmp4&ns=UmZYaOD32LGzx3esqZop6sQF&gir=yes&clen=14844970&ratebypass=yes&dur=288.554&lmt=1537730829572000&mt=1610370516&fvip=6&c=WEB&txp=5531332&n=E_DlvU0F_722Ow&sparams=expire%2Cei%2Cip%2Cid%2Citag%2Csource%2Crequiressl%2Cvprv%2Cmime%2Cns%2Cgir%2Cclen%2Cratebypass%2Cdur%2Clmt&sig=AOq0QJ8wRQIhAKBV_qhPuOdhjEHIrHT7iogLqPxByqf1_yjSv_We64kEAiB8c-EMFoK03mCGej04TyLN2zbLWKqEqSxX4JzAo3rCHw%3D%3D&lsparams=mh%2Cmm%2Cmn%2Cms%2Cmv%2Cmvi%2Cpl%2Cinitcwndbps&lsig=AG3C_xAwRQIgeDJVzSupRtIZV_ksPdAOgO3jky1ptaT1Z12vTHMBGE4CIQCdzCJbqFku9DwO5WhArNCMHE5aR3tAuq5inloXaWrwWw%3D%3D", "player_url": null, "ext": "mp4", "width": 640, "height": 360, "acodec": "mp4a.40.2", "abr": 96, "vcodec": "avc1.42001E", "asr": 44100, "filesize": 14844970, "format_note": "360p", "fps": 24, "tbr": 411.645, "format": "18 - 640x360 (360p)", "protocol": "https", "http_headers": {"User-Agent": "Mozilla/5.0 (Windows NT 10.0; Win64; x64) AppleWebKit/537.36 (KHTML, like Gecko) Chrome/73.0.3683.38 Safari/537.36", "Accept-Charset": "ISO-8859-1,utf-8;q=0.7,*;q=0.7", "Accept": "text/html,application/xhtml+xml,application/xml;q=0.9,*/*;q=0.8", "Accept-Encoding": "gzip, deflate", "Accept-Language": "en-us,en;q=0.5"}}], "is_live": null, "start_time": null, "end_time": null, "series": null, "season_number": null, "episode_number": null, "track": null, "artist": null, "album": null, "release_date": null, "release_year": null, "extractor": "youtube", "webpage_url_basename": "watch", "extractor_key": "Youtube", "playlist": null, "playlist_index": null, "thumbnail": "https://i.ytimg.com/vi_webp/NTI9ode6bRk/maxresdefault.webp", "display_id": "NTI9ode6bRk", "requested_subtitles": null, "format_id": "251", "url": "https://r7---sn-ipoxu-u2xd.googlevideo.com/videoplayback?expire=1610392349&ei=vU78X6jVCNb5qQHW_YeAAw&ip=220.129.26.102&id=o-ACB7uU2CwpZ7csgOIi-XwGkKLgRmCi9vhySeugYZNwxp&itag=251&source=youtube&requiressl=yes&mh=Iw&mm=31%2C29&mn=sn-ipoxu-u2xd%2Csn-un57sn76&ms=au%2Crdu&mv=m&mvi=7&pl=21&initcwndbps=1138750&vprv=1&mime=audio%2Fwebm&ns=p-GRGpyFjpHGSMeOww0iQZYF&gir=yes&clen=5415376&dur=288.521&lmt=1537738068343434&mt=1610370516&fvip=6&keepalive=yes&c=WEB&txp=5511222&n=P1SvRZXsKPiuU6&sparams=expire%2Cei%2Cip%2Cid%2Citag%2Csource%2Crequiressl%2Cvprv%2Cmime%2Cns%2Cgir%2Cclen%2Cdur%2Clmt&sig=AOq0QJ8wRgIhAJNf-nAskKFQN0My1F1zNIwu9AaHrxYEeRc9BW-iORsBAiEAhMLzgzoSsT-6TcPuKsvfIsJp32cpNvi4lQgdl2CnWl0%3D&lsparams=mh%2Cmm%2Cmn%2Cms%2Cmv%2Cmvi%2Cpl%2Cinitcwndbps&lsig=AG3C_xAwRQIgeDJVzSupRtIZV_ksPdAOgO3jky1ptaT1Z12vTHMBGE4CIQCdzCJbqFku9DwO5WhArNCMHE5aR3tAuq5inloXaWrwWw%3D%3D&ratebypass=yes", "player_url": null, "ext": "webm", "format_note": "tiny", "acodec": "opus", "abr": 160, "asr": 48000, "filesize": 5415376, "fps": null, "height": null, "tbr": 159.032, "width": null, "vcodec": "none", "downloader_options": {"http_chunk_size": 10485760}, "format": "251 - audio only (tiny)", "protocol": "https", "http_headers": {"User-Agent": "Mozilla/5.0 (Windows NT 10.0; Win64; x64) AppleWebKit/537.36 (KHTML, like Gecko) Chrome/73.0.3683.38 Safari/537.36", "Accept-Charset": "ISO-8859-1,utf-8;q=0.7,*;q=0.7", "Accept": "text/html,application/xhtml+xml,application/xml;q=0.9,*/*;q=0.8", "Accept-Encoding": "gzip, deflate", "Accept-Language": "en-us,en;q=0.5"}}