{"id": "nBIls0laAAU", "uploader": "Michael Ortega", "uploader_id": "MichaelsPianoSongs", "uploader_url": "http://www.youtube.com/user/MichaelsPianoSongs", "channel_id": "UCjyqGFuEZho7Wc7TT5MyFwg", "channel_url": "http://www.youtube.com/channel/UCjyqGFuEZho7Wc7TT5MyFwg", "upload_date": "20201128", "license": null, "creator": null, "title": "Michael Ortega - I Promise You", "alt_title": null, "thumbnails": [{"url": "https://i.ytimg.com/vi/nBIls0laAAU/hqdefault.jpg?sqp=-oaymwEYCKgBEF5IVfKriqkDCwgBFQAAiEIYAXAB&rs=AOn4CLDFrljZFAgQ_Wj0tDIkR6uiQDkiQg", "width": 168, "height": 94, "resolution": "168x94", "id": "0"}, {"url": "https://i.ytimg.com/vi/nBIls0laAAU/hqdefault.jpg?sqp=-oaymwEYCMQBEG5IVfKriqkDCwgBFQAAiEIYAXAB&rs=AOn4CLAU204GW00NHFy1wxGy6eRXIdxOKA", "width": 196, "height": 110, "resolution": "196x110", "id": "1"}, {"url": "https://i.ytimg.com/vi/nBIls0laAAU/hqdefault.jpg?sqp=-oaymwEZCPYBEIoBSFXyq4qpAwsIARUAAIhCGAFwAQ==&rs=AOn4CLD_9rmqhtPrjbQzc4FVA6yJQmGyGQ", "width": 246, "height": 138, "resolution": "246x138", "id": "2"}, {"url": "https://i.ytimg.com/vi/nBIls0laAAU/hqdefault.jpg?sqp=-oaymwEZCNACELwBSFXyq4qpAwsIARUAAIhCGAFwAQ==&rs=AOn4CLArPe2iadZ79o3que8nH4ZjZU3n9g", "width": 336, "height": 188, "resolution": "336x188", "id": "3"}, {"url": "https://i.ytimg.com/vi/nBIls0laAAU/maxresdefault.jpg", "width": 1920, "height": 1080, "resolution": "1920x1080", "id": "4"}], "description": "Sad & Emotional piano song composed by Michael Ortega.  \nWebsite: https://michaelortegapiano.com/sheets\n\u266a Listen on AppleMusic: https://music.apple.com/us/artist/michael-ortega/284715852\n\u266a Listen on Spotify:  http://bit.ly/MichaelOrtegaSpotify\n\u266a INSTAGRAM: https://www.instagram.com/michaelortegapiano\n\u25b6 Subscribe for more Music: http://bit.ly/SubToMichaelOrtega\n\n\n\n#MichaelOrtega #Sadpiano #EmotionalPiano #pianoballad #piano #michelortega #musicadepiano\nCopyright \u00a9 Michael Ortega \n\nYou must purchase a license (link \u2b06 above) to use this for your Music or Videos. Ask me about non-profit projects on my Instagram (link \u2b06). \nOriginal Piano Music by Michael J. Ortega (MichaelOrtegaPiano)", "categories": ["Music"], "tags": ["Michael Ortega", "michael ortega broken hearts", "broken hearts", "sad piano instrumental", "sad song", "sad songs", "sad songs that make you cry", "michael ortega love", "michael ortega te amo", "michael ortega piano", "michael ortega rain", "michael ortega miss you", "michel ortega", "michael ortega i promise you", "i promise you", "promise you", "piano song", "emotional piano", "piano music"], "subtitles": {}, "automatic_captions": {}, "duration": 277, "age_limit": 0, "annotations": null, "chapters": null, "webpage_url": "https://www.youtube.com/watch?v=nBIls0laAAU", "view_count": 84532, "like_count": 4012, "dislike_count": 25, "average_rating": 4.9752293, "formats": [{"format_id": "249", "url": "https://r5---sn-ipoxu-u2x6.googlevideo.com/videoplayback?expire=1610392424&ei=CE_8X9_jI7uGs8IPstKCgAs&ip=220.129.26.102&id=o-AGg_kvQV8GGdrOvICBE9d_cZCBdQjIWG4spOCD3jG9Iu&itag=249&source=youtube&requiressl=yes&mh=12&mm=31%2C29&mn=sn-ipoxu-u2x6%2Csn-un57en7s&ms=au%2Crdu&mv=m&mvi=5&pl=21&initcwndbps=1057500&vprv=1&mime=audio%2Fwebm&ns=cV4c_f2M_INjZVeG659QoIIF&gir=yes&clen=2033470&dur=277.381&lmt=1610226532024290&mt=1610370516&fvip=5&keepalive=yes&c=WEB&txp=5432434&n=P15yAs_Qa7wwR2&sparams=expire%2Cei%2Cip%2Cid%2Citag%2Csource%2Crequiressl%2Cvprv%2Cmime%2Cns%2Cgir%2Cclen%2Cdur%2Clmt&sig=AOq0QJ8wRAIgBGWZc-qdvJA_0UQxT_koAsrD9FtdGcqvLZP1_SHb1X8CIFmmKTMMSTbZ7gdYSqy7Hc2FYBvRHtSFwkGnpejXQVIh&lsparams=mh%2Cmm%2Cmn%2Cms%2Cmv%2Cmvi%2Cpl%2Cinitcwndbps&lsig=AG3C_xAwRgIhAJD0q13wUkg0bbpfVpd1tdludCE-CHO2RQG1DSIOIAqrAiEAnVHOkcngkCPcTrdMXE1az2TSL1-G8nR7a7OSWD0-Vus%3D&ratebypass=yes", "player_url": null, "ext": "webm", "format_note": "tiny", "acodec": "opus", "abr": 50, "asr": 48000, "filesize": 2033470, "fps": null, "height": null, "tbr": 63.27, "width": null, "vcodec": "none", "downloader_options": {"http_chunk_size": 10485760}, "format": "249 - audio only (tiny)", "protocol": "https", "http_headers": {"User-Agent": "Mozilla/5.0 (Windows NT 10.0; Win64; x64) AppleWebKit/537.36 (KHTML, like Gecko) Chrome/73.0.3683.38 Safari/537.36", "Accept-Charset": "ISO-8859-1,utf-8;q=0.7,*;q=0.7", "Accept": "text/html,application/xhtml+xml,application/xml;q=0.9,*/*;q=0.8", "Accept-Encoding": "gzip, deflate", "Accept-Language": "en-us,en;q=0.5"}}, {"format_id": "250", "url": "https://r5---sn-ipoxu-u2x6.googlevideo.com/videoplayback?expire=1610392424&ei=CE_8X9_jI7uGs8IPstKCgAs&ip=220.129.26.102&id=o-AGg_kvQV8GGdrOvICBE9d_cZCBdQjIWG4spOCD3jG9Iu&itag=250&source=youtube&requiressl=yes&mh=12&mm=31%2C29&mn=sn-ipoxu-u2x6%2Csn-un57en7s&ms=au%2Crdu&mv=m&mvi=5&pl=21&initcwndbps=1057500&vprv=1&mime=audio%2Fwebm&ns=cV4c_f2M_INjZVeG659QoIIF&gir=yes&clen=2675489&dur=277.381&lmt=1610225979881981&mt=1610370516&fvip=5&keepalive=yes&c=WEB&txp=5432434&n=P15yAs_Qa7wwR2&sparams=expire%2Cei%2Cip%2Cid%2Citag%2Csource%2Crequiressl%2Cvprv%2Cmime%2Cns%2Cgir%2Cclen%2Cdur%2Clmt&sig=AOq0QJ8wRQIhAMHjiTQz2hY4CMCZY5yCr9PoJRcy1ndJdwg2r3vs2a_pAiBveuUGUtp1P-7CMWRO7lFAUJ5HWY1S64bUeF5jLr9F4Q%3D%3D&lsparams=mh%2Cmm%2Cmn%2Cms%2Cmv%2Cmvi%2Cpl%2Cinitcwndbps&lsig=AG3C_xAwRgIhAJD0q13wUkg0bbpfVpd1tdludCE-CHO2RQG1DSIOIAqrAiEAnVHOkcngkCPcTrdMXE1az2TSL1-G8nR7a7OSWD0-Vus%3D&ratebypass=yes", "player_url": null, "ext": "webm", "format_note": "tiny", "acodec": "opus", "abr": 70, "asr": 48000, "filesize": 2675489, "fps": null, "height": null, "tbr": 82.909, "width": null, "vcodec": "none", "downloader_options": {"http_chunk_size": 10485760}, "format": "250 - audio only (tiny)", "protocol": "https", "http_headers": {"User-Agent": "Mozilla/5.0 (Windows NT 10.0; Win64; x64) AppleWebKit/537.36 (KHTML, like Gecko) Chrome/73.0.3683.38 Safari/537.36", "Accept-Charset": "ISO-8859-1,utf-8;q=0.7,*;q=0.7", "Accept": "text/html,application/xhtml+xml,application/xml;q=0.9,*/*;q=0.8", "Accept-Encoding": "gzip, deflate", "Accept-Language": "en-us,en;q=0.5"}}, {"format_id": "140", "url": "https://r5---sn-ipoxu-u2x6.googlevideo.com/videoplayback?expire=1610392424&ei=CE_8X9_jI7uGs8IPstKCgAs&ip=220.129.26.102&id=o-AGg_kvQV8GGdrOvICBE9d_cZCBdQjIWG4spOCD3jG9Iu&itag=140&source=youtube&requiressl=yes&mh=12&mm=31%2C29&mn=sn-ipoxu-u2x6%2Csn-un57en7s&ms=au%2Crdu&mv=m&mvi=5&pl=21&initcwndbps=1057500&vprv=1&mime=audio%2Fmp4&ns=cV4c_f2M_INjZVeG659QoIIF&gir=yes&clen=4490240&dur=277.408&lmt=1610227263611183&mt=1610370516&fvip=5&keepalive=yes&c=WEB&txp=5432434&n=P15yAs_Qa7wwR2&sparams=expire%2Cei%2Cip%2Cid%2Citag%2Csource%2Crequiressl%2Cvprv%2Cmime%2Cns%2Cgir%2Cclen%2Cdur%2Clmt&sig=AOq0QJ8wRgIhAJGzBrSrBznSUVauFpZMyvZ_s66m0lwUlWxf-9MSjpWEAiEAstCsSTwvz27aCBWTTl6o5VI_WM5C85PxN2REWdMaiKA%3D&lsparams=mh%2Cmm%2Cmn%2Cms%2Cmv%2Cmvi%2Cpl%2Cinitcwndbps&lsig=AG3C_xAwRgIhAJD0q13wUkg0bbpfVpd1tdludCE-CHO2RQG1DSIOIAqrAiEAnVHOkcngkCPcTrdMXE1az2TSL1-G8nR7a7OSWD0-Vus%3D&ratebypass=yes", "player_url": null, "ext": "m4a", "format_note": "tiny", "acodec": "mp4a.40.2", "abr": 128, "container": "m4a_dash", "asr": 44100, "filesize": 4490240, "fps": null, "height": null, "tbr": 130.568, "width": null, "vcodec": "none", "downloader_options": {"http_chunk_size": 10485760}, "format": "140 - audio only (tiny)", "protocol": "https", "http_headers": {"User-Agent": "Mozilla/5.0 (Windows NT 10.0; Win64; x64) AppleWebKit/537.36 (KHTML, like Gecko) Chrome/73.0.3683.38 Safari/537.36", "Accept-Charset": "ISO-8859-1,utf-8;q=0.7,*;q=0.7", "Accept": "text/html,application/xhtml+xml,application/xml;q=0.9,*/*;q=0.8", "Accept-Encoding": "gzip, deflate", "Accept-Language": "en-us,en;q=0.5"}}, {"format_id": "251", "url": "https://r5---sn-ipoxu-u2x6.googlevideo.com/videoplayback?expire=1610392424&ei=CE_8X9_jI7uGs8IPstKCgAs&ip=220.129.26.102&id=o-AGg_kvQV8GGdrOvICBE9d_cZCBdQjIWG4spOCD3jG9Iu&itag=251&source=youtube&requiressl=yes&mh=12&mm=31%2C29&mn=sn-ipoxu-u2x6%2Csn-un57en7s&ms=au%2Crdu&mv=m&mvi=5&pl=21&initcwndbps=1057500&vprv=1&mime=audio%2Fwebm&ns=cV4c_f2M_INjZVeG659QoIIF&gir=yes&clen=5322238&dur=277.381&lmt=1610226055461460&mt=1610370516&fvip=5&keepalive=yes&c=WEB&txp=5432434&n=P15yAs_Qa7wwR2&sparams=expire%2Cei%2Cip%2Cid%2Citag%2Csource%2Crequiressl%2Cvprv%2Cmime%2Cns%2Cgir%2Cclen%2Cdur%2Clmt&sig=AOq0QJ8wRQIhAOIrgUVCO9T4Zuw_igF7V7VPLg4mQc5wx1WkpWHQO08FAiBPieKmYaHNTvbsuXfKptAWatYQ4fqIECelznTZ-C0Gpg%3D%3D&lsparams=mh%2Cmm%2Cmn%2Cms%2Cmv%2Cmvi%2Cpl%2Cinitcwndbps&lsig=AG3C_xAwRgIhAJD0q13wUkg0bbpfVpd1tdludCE-CHO2RQG1DSIOIAqrAiEAnVHOkcngkCPcTrdMXE1az2TSL1-G8nR7a7OSWD0-Vus%3D&ratebypass=yes", "player_url": null, "ext": "webm", "format_note": "tiny", "acodec": "opus", "abr": 160, "asr": 48000, "filesize": 5322238, "fps": null, "height": null, "tbr": 161.007, "width": null, "vcodec": "none", "downloader_options": {"http_chunk_size": 10485760}, "format": "251 - audio only (tiny)", "protocol": "https", "http_headers": {"User-Agent": "Mozilla/5.0 (Windows NT 10.0; Win64; x64) AppleWebKit/537.36 (KHTML, like Gecko) Chrome/73.0.3683.38 Safari/537.36", "Accept-Charset": "ISO-8859-1,utf-8;q=0.7,*;q=0.7", "Accept": "text/html,application/xhtml+xml,application/xml;q=0.9,*/*;q=0.8", "Accept-Encoding": "gzip, deflate", "Accept-Language": "en-us,en;q=0.5"}}, {"format_id": "160", "url": "https://r5---sn-ipoxu-u2x6.googlevideo.com/videoplayback?expire=1610392424&ei=CE_8X9_jI7uGs8IPstKCgAs&ip=220.129.26.102&id=o-AGg_kvQV8GGdrOvICBE9d_cZCBdQjIWG4spOCD3jG9Iu&itag=160&aitags=133%2C134%2C135%2C136%2C137%2C160%2C242%2C243%2C244%2C247%2C248%2C278&source=youtube&requiressl=yes&mh=12&mm=31%2C29&mn=sn-ipoxu-u2x6%2Csn-un57en7s&ms=au%2Crdu&mv=m&mvi=5&pl=21&initcwndbps=1057500&vprv=1&mime=video%2Fmp4&ns=cV4c_f2M_INjZVeG659QoIIF&gir=yes&clen=1005594&dur=277.360&lmt=1610230322358919&mt=1610370516&fvip=5&keepalive=yes&c=WEB&txp=5432434&n=P15yAs_Qa7wwR2&sparams=expire%2Cei%2Cip%2Cid%2Caitags%2Csource%2Crequiressl%2Cvprv%2Cmime%2Cns%2Cgir%2Cclen%2Cdur%2Clmt&sig=AOq0QJ8wRQIhANOI1C5E4gAzQlGajykl9jT0jGCkCnWGrtGQBoruBdwaAiBBl7UldaAYjWGgfcIi20h6Imi1LotO3OpZx0_GlelMBw%3D%3D&lsparams=mh%2Cmm%2Cmn%2Cms%2Cmv%2Cmvi%2Cpl%2Cinitcwndbps&lsig=AG3C_xAwRgIhAJD0q13wUkg0bbpfVpd1tdludCE-CHO2RQG1DSIOIAqrAiEAnVHOkcngkCPcTrdMXE1az2TSL1-G8nR7a7OSWD0-Vus%3D&ratebypass=yes", "player_url": null, "ext": "mp4", "height": 144, "format_note": "144p", "vcodec": "avc1.4d400c", "asr": null, "filesize": 1005594, "fps": 24, "tbr": 75.724, "width": 256, "acodec": "none", "downloader_options": {"http_chunk_size": 10485760}, "format": "160 - 256x144 (144p)", "protocol": "https", "http_headers": {"User-Agent": "Mozilla/5.0 (Windows NT 10.0; Win64; x64) AppleWebKit/537.36 (KHTML, like Gecko) Chrome/73.0.3683.38 Safari/537.36", "Accept-Charset": "ISO-8859-1,utf-8;q=0.7,*;q=0.7", "Accept": "text/html,application/xhtml+xml,application/xml;q=0.9,*/*;q=0.8", "Accept-Encoding": "gzip, deflate", "Accept-Language": "en-us,en;q=0.5"}}, {"format_id": "278", "url": "https://r5---sn-ipoxu-u2x6.googlevideo.com/videoplayback?expire=1610392424&ei=CE_8X9_jI7uGs8IPstKCgAs&ip=220.129.26.102&id=o-AGg_kvQV8GGdrOvICBE9d_cZCBdQjIWG4spOCD3jG9Iu&itag=278&aitags=133%2C134%2C135%2C136%2C137%2C160%2C242%2C243%2C244%2C247%2C248%2C278&source=youtube&requiressl=yes&mh=12&mm=31%2C29&mn=sn-ipoxu-u2x6%2Csn-un57en7s&ms=au%2Crdu&mv=m&mvi=5&pl=21&initcwndbps=1057500&vprv=1&mime=video%2Fwebm&ns=cV4c_f2M_INjZVeG659QoIIF&gir=yes&clen=2591805&dur=277.359&lmt=1610233456957675&mt=1610370516&fvip=5&keepalive=yes&c=WEB&txp=5432434&n=P15yAs_Qa7wwR2&sparams=expire%2Cei%2Cip%2Cid%2Caitags%2Csource%2Crequiressl%2Cvprv%2Cmime%2Cns%2Cgir%2Cclen%2Cdur%2Clmt&sig=AOq0QJ8wRAIgUHxSAMMxGvERuZb3N0mUn-suFG6cv5CYabXS9jagDVsCIGlVqovyFXSxQSlRVYvteVKYOCEEd0DFenssdJwnDVb9&lsparams=mh%2Cmm%2Cmn%2Cms%2Cmv%2Cmvi%2Cpl%2Cinitcwndbps&lsig=AG3C_xAwRgIhAJD0q13wUkg0bbpfVpd1tdludCE-CHO2RQG1DSIOIAqrAiEAnVHOkcngkCPcTrdMXE1az2TSL1-G8nR7a7OSWD0-Vus%3D&ratebypass=yes", "player_url": null, "ext": "webm", "height": 144, "format_note": "144p", "container": "webm", "vcodec": "vp9", "asr": null, "filesize": 2591805, "fps": 24, "tbr": 88.368, "width": 256, "acodec": "none", "downloader_options": {"http_chunk_size": 10485760}, "format": "278 - 256x144 (144p)", "protocol": "https", "http_headers": {"User-Agent": "Mozilla/5.0 (Windows NT 10.0; Win64; x64) AppleWebKit/537.36 (KHTML, like Gecko) Chrome/73.0.3683.38 Safari/537.36", "Accept-Charset": "ISO-8859-1,utf-8;q=0.7,*;q=0.7", "Accept": "text/html,application/xhtml+xml,application/xml;q=0.9,*/*;q=0.8", "Accept-Encoding": "gzip, deflate", "Accept-Language": "en-us,en;q=0.5"}}, {"format_id": "133", "url": "https://r5---sn-ipoxu-u2x6.googlevideo.com/videoplayback?expire=1610392424&ei=CE_8X9_jI7uGs8IPstKCgAs&ip=220.129.26.102&id=o-AGg_kvQV8GGdrOvICBE9d_cZCBdQjIWG4spOCD3jG9Iu&itag=133&aitags=133%2C134%2C135%2C136%2C137%2C160%2C242%2C243%2C244%2C247%2C248%2C278&source=youtube&requiressl=yes&mh=12&mm=31%2C29&mn=sn-ipoxu-u2x6%2Csn-un57en7s&ms=au%2Crdu&mv=m&mvi=5&pl=21&initcwndbps=1057500&vprv=1&mime=video%2Fmp4&ns=cV4c_f2M_INjZVeG659QoIIF&gir=yes&clen=2048023&dur=277.360&lmt=1610230363467536&mt=1610370516&fvip=5&keepalive=yes&c=WEB&txp=5432434&n=P15yAs_Qa7wwR2&sparams=expire%2Cei%2Cip%2Cid%2Caitags%2Csource%2Crequiressl%2Cvprv%2Cmime%2Cns%2Cgir%2Cclen%2Cdur%2Clmt&sig=AOq0QJ8wRAIgRMngNqTeaHzYgagFHRY7eabax3K05naWW711neEmk5ACIAfu6rj6toQNpgCf5dYh2A23V1hj6deZd_KcfXM9NEpg&lsparams=mh%2Cmm%2Cmn%2Cms%2Cmv%2Cmvi%2Cpl%2Cinitcwndbps&lsig=AG3C_xAwRgIhAJD0q13wUkg0bbpfVpd1tdludCE-CHO2RQG1DSIOIAqrAiEAnVHOkcngkCPcTrdMXE1az2TSL1-G8nR7a7OSWD0-Vus%3D&ratebypass=yes", "player_url": null, "ext": "mp4", "height": 240, "format_note": "240p", "vcodec": "avc1.4d4015", "asr": null, "filesize": 2048023, "fps": 24, "tbr": 146.957, "width": 426, "acodec": "none", "downloader_options": {"http_chunk_size": 10485760}, "format": "133 - 426x240 (240p)", "protocol": "https", "http_headers": {"User-Agent": "Mozilla/5.0 (Windows NT 10.0; Win64; x64) AppleWebKit/537.36 (KHTML, like Gecko) Chrome/73.0.3683.38 Safari/537.36", "Accept-Charset": "ISO-8859-1,utf-8;q=0.7,*;q=0.7", "Accept": "text/html,application/xhtml+xml,application/xml;q=0.9,*/*;q=0.8", "Accept-Encoding": "gzip, deflate", "Accept-Language": "en-us,en;q=0.5"}}, {"format_id": "242", "url": "https://r5---sn-ipoxu-u2x6.googlevideo.com/videoplayback?expire=1610392424&ei=CE_8X9_jI7uGs8IPstKCgAs&ip=220.129.26.102&id=o-AGg_kvQV8GGdrOvICBE9d_cZCBdQjIWG4spOCD3jG9Iu&itag=242&aitags=133%2C134%2C135%2C136%2C137%2C160%2C242%2C243%2C244%2C247%2C248%2C278&source=youtube&requiressl=yes&mh=12&mm=31%2C29&mn=sn-ipoxu-u2x6%2Csn-un57en7s&ms=au%2Crdu&mv=m&mvi=5&pl=21&initcwndbps=1057500&vprv=1&mime=video%2Fwebm&ns=cV4c_f2M_INjZVeG659QoIIF&gir=yes&clen=2601907&dur=277.359&lmt=1610233454990321&mt=1610370516&fvip=5&keepalive=yes&c=WEB&txp=5432434&n=P15yAs_Qa7wwR2&sparams=expire%2Cei%2Cip%2Cid%2Caitags%2Csource%2Crequiressl%2Cvprv%2Cmime%2Cns%2Cgir%2Cclen%2Cdur%2Clmt&sig=AOq0QJ8wRQIgTRJIevoAG44-q-Hw5StibKLQjxSPSqYIRPnO5BpDbd8CIQC3HPW40fFbbnq-Q1sz8N36bLnZe-yZQj0BuJdzLTAmJA%3D%3D&lsparams=mh%2Cmm%2Cmn%2Cms%2Cmv%2Cmvi%2Cpl%2Cinitcwndbps&lsig=AG3C_xAwRgIhAJD0q13wUkg0bbpfVpd1tdludCE-CHO2RQG1DSIOIAqrAiEAnVHOkcngkCPcTrdMXE1az2TSL1-G8nR7a7OSWD0-Vus%3D&ratebypass=yes", "player_url": null, "ext": "webm", "height": 240, "format_note": "240p", "vcodec": "vp9", "asr": null, "filesize": 2601907, "fps": 24, "tbr": 187.14, "width": 426, "acodec": "none", "downloader_options": {"http_chunk_size": 10485760}, "format": "242 - 426x240 (240p)", "protocol": "https", "http_headers": {"User-Agent": "Mozilla/5.0 (Windows NT 10.0; Win64; x64) AppleWebKit/537.36 (KHTML, like Gecko) Chrome/73.0.3683.38 Safari/537.36", "Accept-Charset": "ISO-8859-1,utf-8;q=0.7,*;q=0.7", "Accept": "text/html,application/xhtml+xml,application/xml;q=0.9,*/*;q=0.8", "Accept-Encoding": "gzip, deflate", "Accept-Language": "en-us,en;q=0.5"}}, {"format_id": "134", "url": "https://r5---sn-ipoxu-u2x6.googlevideo.com/videoplayback?expire=1610392424&ei=CE_8X9_jI7uGs8IPstKCgAs&ip=220.129.26.102&id=o-AGg_kvQV8GGdrOvICBE9d_cZCBdQjIWG4spOCD3jG9Iu&itag=134&aitags=133%2C134%2C135%2C136%2C137%2C160%2C242%2C243%2C244%2C247%2C248%2C278&source=youtube&requiressl=yes&mh=12&mm=31%2C29&mn=sn-ipoxu-u2x6%2Csn-un57en7s&ms=au%2Crdu&mv=m&mvi=5&pl=21&initcwndbps=1057500&vprv=1&mime=video%2Fmp4&ns=cV4c_f2M_INjZVeG659QoIIF&gir=yes&clen=3712327&dur=277.360&lmt=1610230412621120&mt=1610370516&fvip=5&keepalive=yes&c=WEB&txp=5432434&n=P15yAs_Qa7wwR2&sparams=expire%2Cei%2Cip%2Cid%2Caitags%2Csource%2Crequiressl%2Cvprv%2Cmime%2Cns%2Cgir%2Cclen%2Cdur%2Clmt&sig=AOq0QJ8wRAIgSCkohco0vCSrslJI2Phmsp7osRi1rPQAw6X_8t4lbscCIC_hMfvhAJM9bPvsgdBrmvVd5-dkqG98zr6dOBahAVZH&lsparams=mh%2Cmm%2Cmn%2Cms%2Cmv%2Cmvi%2Cpl%2Cinitcwndbps&lsig=AG3C_xAwRgIhAJD0q13wUkg0bbpfVpd1tdludCE-CHO2RQG1DSIOIAqrAiEAnVHOkcngkCPcTrdMXE1az2TSL1-G8nR7a7OSWD0-Vus%3D&ratebypass=yes", "player_url": null, "ext": "mp4", "height": 360, "format_note": "360p", "vcodec": "avc1.4d401e", "asr": null, "filesize": 3712327, "fps": 24, "tbr": 235.072, "width": 640, "acodec": "none", "downloader_options": {"http_chunk_size": 10485760}, "format": "134 - 640x360 (360p)", "protocol": "https", "http_headers": {"User-Agent": "Mozilla/5.0 (Windows NT 10.0; Win64; x64) AppleWebKit/537.36 (KHTML, like Gecko) Chrome/73.0.3683.38 Safari/537.36", "Accept-Charset": "ISO-8859-1,utf-8;q=0.7,*;q=0.7", "Accept": "text/html,application/xhtml+xml,application/xml;q=0.9,*/*;q=0.8", "Accept-Encoding": "gzip, deflate", "Accept-Language": "en-us,en;q=0.5"}}, {"format_id": "243", "url": "https://r5---sn-ipoxu-u2x6.googlevideo.com/videoplayback?expire=1610392424&ei=CE_8X9_jI7uGs8IPstKCgAs&ip=220.129.26.102&id=o-AGg_kvQV8GGdrOvICBE9d_cZCBdQjIWG4spOCD3jG9Iu&itag=243&aitags=133%2C134%2C135%2C136%2C137%2C160%2C242%2C243%2C244%2C247%2C248%2C278&source=youtube&requiressl=yes&mh=12&mm=31%2C29&mn=sn-ipoxu-u2x6%2Csn-un57en7s&ms=au%2Crdu&mv=m&mvi=5&pl=21&initcwndbps=1057500&vprv=1&mime=video%2Fwebm&ns=cV4c_f2M_INjZVeG659QoIIF&gir=yes&clen=5014799&dur=277.359&lmt=1610233466627931&mt=1610370516&fvip=5&keepalive=yes&c=WEB&txp=5432434&n=P15yAs_Qa7wwR2&sparams=expire%2Cei%2Cip%2Cid%2Caitags%2Csource%2Crequiressl%2Cvprv%2Cmime%2Cns%2Cgir%2Cclen%2Cdur%2Clmt&sig=AOq0QJ8wRAIgOC7d_huMKy8v_1KFs2a9Lepsj7sHq7_NlzAeVW6afzsCIBaoQCP0cTh7o8cP_3aeH7wKpqkTZkBP8uUxX4hzye3I&lsparams=mh%2Cmm%2Cmn%2Cms%2Cmv%2Cmvi%2Cpl%2Cinitcwndbps&lsig=AG3C_xAwRgIhAJD0q13wUkg0bbpfVpd1tdludCE-CHO2RQG1DSIOIAqrAiEAnVHOkcngkCPcTrdMXE1az2TSL1-G8nR7a7OSWD0-Vus%3D&ratebypass=yes", "player_url": null, "ext": "webm", "height": 360, "format_note": "360p", "vcodec": "vp9", "asr": null, "filesize": 5014799, "fps": 24, "tbr": 311.242, "width": 640, "acodec": "none", "downloader_options": {"http_chunk_size": 10485760}, "format": "243 - 640x360 (360p)", "protocol": "https", "http_headers": {"User-Agent": "Mozilla/5.0 (Windows NT 10.0; Win64; x64) AppleWebKit/537.36 (KHTML, like Gecko) Chrome/73.0.3683.38 Safari/537.36", "Accept-Charset": "ISO-8859-1,utf-8;q=0.7,*;q=0.7", "Accept": "text/html,application/xhtml+xml,application/xml;q=0.9,*/*;q=0.8", "Accept-Encoding": "gzip, deflate", "Accept-Language": "en-us,en;q=0.5"}}, {"format_id": "244", "url": "https://r5---sn-ipoxu-u2x6.googlevideo.com/videoplayback?expire=1610392424&ei=CE_8X9_jI7uGs8IPstKCgAs&ip=220.129.26.102&id=o-AGg_kvQV8GGdrOvICBE9d_cZCBdQjIWG4spOCD3jG9Iu&itag=244&aitags=133%2C134%2C135%2C136%2C137%2C160%2C242%2C243%2C244%2C247%2C248%2C278&source=youtube&requiressl=yes&mh=12&mm=31%2C29&mn=sn-ipoxu-u2x6%2Csn-un57en7s&ms=au%2Crdu&mv=m&mvi=5&pl=21&initcwndbps=1057500&vprv=1&mime=video%2Fwebm&ns=cV4c_f2M_INjZVeG659QoIIF&gir=yes&clen=8242443&dur=277.359&lmt=1610233454557534&mt=1610370516&fvip=5&keepalive=yes&c=WEB&txp=5432434&n=P15yAs_Qa7wwR2&sparams=expire%2Cei%2Cip%2Cid%2Caitags%2Csource%2Crequiressl%2Cvprv%2Cmime%2Cns%2Cgir%2Cclen%2Cdur%2Clmt&sig=AOq0QJ8wRgIhAMJ5c5Yj_O8cEiI7cJnSUwYjE-DDOS0mStpZL-AYIu_yAiEAmY5A38MjluLZXtDS1FiZ-ylLyJGf9s4df9cwyNJqXVA%3D&lsparams=mh%2Cmm%2Cmn%2Cms%2Cmv%2Cmvi%2Cpl%2Cinitcwndbps&lsig=AG3C_xAwRgIhAJD0q13wUkg0bbpfVpd1tdludCE-CHO2RQG1DSIOIAqrAiEAnVHOkcngkCPcTrdMXE1az2TSL1-G8nR7a7OSWD0-Vus%3D&ratebypass=yes", "player_url": null, "ext": "webm", "height": 480, "format_note": "480p", "vcodec": "vp9", "asr": null, "filesize": 8242443, "fps": 24, "tbr": 497.655, "width": 854, "acodec": "none", "downloader_options": {"http_chunk_size": 10485760}, "format": "244 - 854x480 (480p)", "protocol": "https", "http_headers": {"User-Agent": "Mozilla/5.0 (Windows NT 10.0; Win64; x64) AppleWebKit/537.36 (KHTML, like Gecko) Chrome/73.0.3683.38 Safari/537.36", "Accept-Charset": "ISO-8859-1,utf-8;q=0.7,*;q=0.7", "Accept": "text/html,application/xhtml+xml,application/xml;q=0.9,*/*;q=0.8", "Accept-Encoding": "gzip, deflate", "Accept-Language": "en-us,en;q=0.5"}}, {"format_id": "135", "url": "https://r5---sn-ipoxu-u2x6.googlevideo.com/videoplayback?expire=1610392424&ei=CE_8X9_jI7uGs8IPstKCgAs&ip=220.129.26.102&id=o-AGg_kvQV8GGdrOvICBE9d_cZCBdQjIWG4spOCD3jG9Iu&itag=135&aitags=133%2C134%2C135%2C136%2C137%2C160%2C242%2C243%2C244%2C247%2C248%2C278&source=youtube&requiressl=yes&mh=12&mm=31%2C29&mn=sn-ipoxu-u2x6%2Csn-un57en7s&ms=au%2Crdu&mv=m&mvi=5&pl=21&initcwndbps=1057500&vprv=1&mime=video%2Fmp4&ns=cV4c_f2M_INjZVeG659QoIIF&gir=yes&clen=6023478&dur=277.360&lmt=1610230400923115&mt=1610370516&fvip=5&keepalive=yes&c=WEB&txp=5432434&n=P15yAs_Qa7wwR2&sparams=expire%2Cei%2Cip%2Cid%2Caitags%2Csource%2Crequiressl%2Cvprv%2Cmime%2Cns%2Cgir%2Cclen%2Cdur%2Clmt&sig=AOq0QJ8wRQIhAKUcsiBmNTBClQJQEucQlZcAbdQltIso3UNMk-d8K8e9AiAYEpkdVwLqMrAy287r6IXy7q1PRMjt9QYmDQHo2NtdDQ%3D%3D&lsparams=mh%2Cmm%2Cmn%2Cms%2Cmv%2Cmvi%2Cpl%2Cinitcwndbps&lsig=AG3C_xAwRgIhAJD0q13wUkg0bbpfVpd1tdludCE-CHO2RQG1DSIOIAqrAiEAnVHOkcngkCPcTrdMXE1az2TSL1-G8nR7a7OSWD0-Vus%3D&ratebypass=yes", "player_url": null, "ext": "mp4", "height": 480, "format_note": "480p", "vcodec": "avc1.4d401e", "asr": null, "filesize": 6023478, "fps": 24, "tbr": 526.259, "width": 854, "acodec": "none", "downloader_options": {"http_chunk_size": 10485760}, "format": "135 - 854x480 (480p)", "protocol": "https", "http_headers": {"User-Agent": "Mozilla/5.0 (Windows NT 10.0; Win64; x64) AppleWebKit/537.36 (KHTML, like Gecko) Chrome/73.0.3683.38 Safari/537.36", "Accept-Charset": "ISO-8859-1,utf-8;q=0.7,*;q=0.7", "Accept": "text/html,application/xhtml+xml,application/xml;q=0.9,*/*;q=0.8", "Accept-Encoding": "gzip, deflate", "Accept-Language": "en-us,en;q=0.5"}}, {"format_id": "247", "url": "https://r5---sn-ipoxu-u2x6.googlevideo.com/videoplayback?expire=1610392424&ei=CE_8X9_jI7uGs8IPstKCgAs&ip=220.129.26.102&id=o-AGg_kvQV8GGdrOvICBE9d_cZCBdQjIWG4spOCD3jG9Iu&itag=247&aitags=133%2C134%2C135%2C136%2C137%2C160%2C242%2C243%2C244%2C247%2C248%2C278&source=youtube&requiressl=yes&mh=12&mm=31%2C29&mn=sn-ipoxu-u2x6%2Csn-un57en7s&ms=au%2Crdu&mv=m&mvi=5&pl=21&initcwndbps=1057500&vprv=1&mime=video%2Fwebm&ns=cV4c_f2M_INjZVeG659QoIIF&gir=yes&clen=14308572&dur=277.359&lmt=1610233452301509&mt=1610370516&fvip=5&keepalive=yes&c=WEB&txp=5432434&n=P15yAs_Qa7wwR2&sparams=expire%2Cei%2Cip%2Cid%2Caitags%2Csource%2Crequiressl%2Cvprv%2Cmime%2Cns%2Cgir%2Cclen%2Cdur%2Clmt&sig=AOq0QJ8wRAIgfPs3jqScTG42LVygywAPaVKUR29ryYoyJSP02mGBfAYCIGVEy0TmyzObMp7Z6Z8epVanUdm_nkXH6JcM5gzQ3iDB&lsparams=mh%2Cmm%2Cmn%2Cms%2Cmv%2Cmvi%2Cpl%2Cinitcwndbps&lsig=AG3C_xAwRgIhAJD0q13wUkg0bbpfVpd1tdludCE-CHO2RQG1DSIOIAqrAiEAnVHOkcngkCPcTrdMXE1az2TSL1-G8nR7a7OSWD0-Vus%3D&ratebypass=yes", "player_url": null, "ext": "webm", "height": 720, "format_note": "720p", "vcodec": "vp9", "asr": null, "filesize": 14308572, "fps": 24, "tbr": 855.849, "width": 1280, "acodec": "none", "downloader_options": {"http_chunk_size": 10485760}, "format": "247 - 1280x720 (720p)", "protocol": "https", "http_headers": {"User-Agent": "Mozilla/5.0 (Windows NT 10.0; Win64; x64) AppleWebKit/537.36 (KHTML, like Gecko) Chrome/73.0.3683.38 Safari/537.36", "Accept-Charset": "ISO-8859-1,utf-8;q=0.7,*;q=0.7", "Accept": "text/html,application/xhtml+xml,application/xml;q=0.9,*/*;q=0.8", "Accept-Encoding": "gzip, deflate", "Accept-Language": "en-us,en;q=0.5"}}, {"format_id": "136", "url": "https://r5---sn-ipoxu-u2x6.googlevideo.com/videoplayback?expire=1610392424&ei=CE_8X9_jI7uGs8IPstKCgAs&ip=220.129.26.102&id=o-AGg_kvQV8GGdrOvICBE9d_cZCBdQjIWG4spOCD3jG9Iu&itag=136&aitags=133%2C134%2C135%2C136%2C137%2C160%2C242%2C243%2C244%2C247%2C248%2C278&source=youtube&requiressl=yes&mh=12&mm=31%2C29&mn=sn-ipoxu-u2x6%2Csn-un57en7s&ms=au%2Crdu&mv=m&mvi=5&pl=21&initcwndbps=1057500&vprv=1&mime=video%2Fmp4&ns=cV4c_f2M_INjZVeG659QoIIF&gir=yes&clen=9555180&dur=277.360&lmt=1610230393772815&mt=1610370516&fvip=5&keepalive=yes&c=WEB&txp=5432434&n=P15yAs_Qa7wwR2&sparams=expire%2Cei%2Cip%2Cid%2Caitags%2Csource%2Crequiressl%2Cvprv%2Cmime%2Cns%2Cgir%2Cclen%2Cdur%2Clmt&sig=AOq0QJ8wRQIhAJQOi0GbItamue5RHKPGlWLo0vpB97_J6sxu-SNDQ6HkAiAyk4_nrjOpbaNbNHXOvjunIUy5ewUxu5g9PUTIrUHxyg%3D%3D&lsparams=mh%2Cmm%2Cmn%2Cms%2Cmv%2Cmvi%2Cpl%2Cinitcwndbps&lsig=AG3C_xAwRgIhAJD0q13wUkg0bbpfVpd1tdludCE-CHO2RQG1DSIOIAqrAiEAnVHOkcngkCPcTrdMXE1az2TSL1-G8nR7a7OSWD0-Vus%3D&ratebypass=yes", "player_url": null, "ext": "mp4", "height": 720, "format_note": "720p", "vcodec": "avc1.4d401f", "asr": null, "filesize": 9555180, "fps": 24, "tbr": 960.247, "width": 1280, "acodec": "none", "downloader_options": {"http_chunk_size": 10485760}, "format": "136 - 1280x720 (720p)", "protocol": "https", "http_headers": {"User-Agent": "Mozilla/5.0 (Windows NT 10.0; Win64; x64) AppleWebKit/537.36 (KHTML, like Gecko) Chrome/73.0.3683.38 Safari/537.36", "Accept-Charset": "ISO-8859-1,utf-8;q=0.7,*;q=0.7", "Accept": "text/html,application/xhtml+xml,application/xml;q=0.9,*/*;q=0.8", "Accept-Encoding": "gzip, deflate", "Accept-Language": "en-us,en;q=0.5"}}, {"format_id": "248", "url": "https://r5---sn-ipoxu-u2x6.googlevideo.com/videoplayback?expire=1610392424&ei=CE_8X9_jI7uGs8IPstKCgAs&ip=220.129.26.102&id=o-AGg_kvQV8GGdrOvICBE9d_cZCBdQjIWG4spOCD3jG9Iu&itag=248&aitags=133%2C134%2C135%2C136%2C137%2C160%2C242%2C243%2C244%2C247%2C248%2C278&source=youtube&requiressl=yes&mh=12&mm=31%2C29&mn=sn-ipoxu-u2x6%2Csn-un57en7s&ms=au%2Crdu&mv=m&mvi=5&pl=21&initcwndbps=1057500&vprv=1&mime=video%2Fwebm&ns=cV4c_f2M_INjZVeG659QoIIF&gir=yes&clen=25395386&dur=277.359&lmt=1610231847770477&mt=1610370516&fvip=5&keepalive=yes&c=WEB&txp=5432434&n=P15yAs_Qa7wwR2&sparams=expire%2Cei%2Cip%2Cid%2Caitags%2Csource%2Crequiressl%2Cvprv%2Cmime%2Cns%2Cgir%2Cclen%2Cdur%2Clmt&sig=AOq0QJ8wRgIhAJ5hBrQHR19XIQgC8fObEaGJ1q4oZuC_0XiP2fNCZ8HZAiEA1XJmHjvhWzd15opX1LvlKTjovhuOERQrOyntIRTzIVc%3D&lsparams=mh%2Cmm%2Cmn%2Cms%2Cmv%2Cmvi%2Cpl%2Cinitcwndbps&lsig=AG3C_xAwRgIhAJD0q13wUkg0bbpfVpd1tdludCE-CHO2RQG1DSIOIAqrAiEAnVHOkcngkCPcTrdMXE1az2TSL1-G8nR7a7OSWD0-Vus%3D&ratebypass=yes", "player_url": null, "ext": "webm", "height": 1080, "format_note": "1080p", "vcodec": "vp9", "asr": null, "filesize": 25395386, "fps": 24, "tbr": 1451.278, "width": 1920, "acodec": "none", "downloader_options": {"http_chunk_size": 10485760}, "format": "248 - 1920x1080 (1080p)", "protocol": "https", "http_headers": {"User-Agent": "Mozilla/5.0 (Windows NT 10.0; Win64; x64) AppleWebKit/537.36 (KHTML, like Gecko) Chrome/73.0.3683.38 Safari/537.36", "Accept-Charset": "ISO-8859-1,utf-8;q=0.7,*;q=0.7", "Accept": "text/html,application/xhtml+xml,application/xml;q=0.9,*/*;q=0.8", "Accept-Encoding": "gzip, deflate", "Accept-Language": "en-us,en;q=0.5"}}, {"format_id": "137", "url": "https://r5---sn-ipoxu-u2x6.googlevideo.com/videoplayback?expire=1610392424&ei=CE_8X9_jI7uGs8IPstKCgAs&ip=220.129.26.102&id=o-AGg_kvQV8GGdrOvICBE9d_cZCBdQjIWG4spOCD3jG9Iu&itag=137&aitags=133%2C134%2C135%2C136%2C137%2C160%2C242%2C243%2C244%2C247%2C248%2C278&source=youtube&requiressl=yes&mh=12&mm=31%2C29&mn=sn-ipoxu-u2x6%2Csn-un57en7s&ms=au%2Crdu&mv=m&mvi=5&pl=21&initcwndbps=1057500&vprv=1&mime=video%2Fmp4&ns=cV4c_f2M_INjZVeG659QoIIF&gir=yes&clen=34627177&dur=277.360&lmt=1610230385353367&mt=1610370516&fvip=5&keepalive=yes&c=WEB&txp=5432434&n=P15yAs_Qa7wwR2&sparams=expire%2Cei%2Cip%2Cid%2Caitags%2Csource%2Crequiressl%2Cvprv%2Cmime%2Cns%2Cgir%2Cclen%2Cdur%2Clmt&sig=AOq0QJ8wRAIgGKZ6O4yIVxerdhSHBGEb5vWWrsWsGktxQXQPLMa8u3ECIDDHcDxKpafRA77tio-UdXOU3xdlFH8JjJUDwBWtdbHc&lsparams=mh%2Cmm%2Cmn%2Cms%2Cmv%2Cmvi%2Cpl%2Cinitcwndbps&lsig=AG3C_xAwRgIhAJD0q13wUkg0bbpfVpd1tdludCE-CHO2RQG1DSIOIAqrAiEAnVHOkcngkCPcTrdMXE1az2TSL1-G8nR7a7OSWD0-Vus%3D&ratebypass=yes", "player_url": null, "ext": "mp4", "height": 1080, "format_note": "1080p", "vcodec": "avc1.640028", "asr": null, "filesize": 34627177, "fps": 24, "tbr": 1973.891, "width": 1920, "acodec": "none", "downloader_options": {"http_chunk_size": 10485760}, "format": "137 - 1920x1080 (1080p)", "protocol": "https", "http_headers": {"User-Agent": "Mozilla/5.0 (Windows NT 10.0; Win64; x64) AppleWebKit/537.36 (KHTML, like Gecko) Chrome/73.0.3683.38 Safari/537.36", "Accept-Charset": "ISO-8859-1,utf-8;q=0.7,*;q=0.7", "Accept": "text/html,application/xhtml+xml,application/xml;q=0.9,*/*;q=0.8", "Accept-Encoding": "gzip, deflate", "Accept-Language": "en-us,en;q=0.5"}}, {"format_id": "18", "url": "https://r5---sn-ipoxu-u2x6.googlevideo.com/videoplayback?expire=1610392424&ei=CE_8X9_jI7uGs8IPstKCgAs&ip=220.129.26.102&id=o-AGg_kvQV8GGdrOvICBE9d_cZCBdQjIWG4spOCD3jG9Iu&itag=18&source=youtube&requiressl=yes&mh=12&mm=31%2C29&mn=sn-ipoxu-u2x6%2Csn-un57en7s&ms=au%2Crdu&mv=m&mvi=5&pl=21&initcwndbps=1057500&vprv=1&mime=video%2Fmp4&ns=dms62qe9csbUAAK8Ry8vz5EF&gir=yes&clen=12925040&ratebypass=yes&dur=277.408&lmt=1610230454528883&mt=1610370516&fvip=5&c=WEB&txp=5430434&n=LkFOdwS7GwTpsk&sparams=expire%2Cei%2Cip%2Cid%2Citag%2Csource%2Crequiressl%2Cvprv%2Cmime%2Cns%2Cgir%2Cclen%2Cratebypass%2Cdur%2Clmt&sig=AOq0QJ8wRQIhAM_mNVwBM-PcNOmAuOdDyNnYbqIQ53wPGPEXXmhlTLBiAiBpjL7IfK8P6Z_nc2U-WyzO6CUi7Gkc21HseWVBQN2htw%3D%3D&lsparams=mh%2Cmm%2Cmn%2Cms%2Cmv%2Cmvi%2Cpl%2Cinitcwndbps&lsig=AG3C_xAwRgIhAJD0q13wUkg0bbpfVpd1tdludCE-CHO2RQG1DSIOIAqrAiEAnVHOkcngkCPcTrdMXE1az2TSL1-G8nR7a7OSWD0-Vus%3D", "player_url": null, "ext": "mp4", "width": 640, "height": 360, "acodec": "mp4a.40.2", "abr": 96, "vcodec": "avc1.42001E", "asr": 44100, "filesize": 12925040, "format_note": "360p", "fps": 24, "tbr": 372.801, "format": "18 - 640x360 (360p)", "protocol": "https", "http_headers": {"User-Agent": "Mozilla/5.0 (Windows NT 10.0; Win64; x64) AppleWebKit/537.36 (KHTML, like Gecko) Chrome/73.0.3683.38 Safari/537.36", "Accept-Charset": "ISO-8859-1,utf-8;q=0.7,*;q=0.7", "Accept": "text/html,application/xhtml+xml,application/xml;q=0.9,*/*;q=0.8", "Accept-Encoding": "gzip, deflate", "Accept-Language": "en-us,en;q=0.5"}}], "is_live": null, "start_time": null, "end_time": null, "series": null, "season_number": null, "episode_number": null, "track": null, "artist": null, "album": null, "release_date": null, "release_year": null, "extractor": "youtube", "webpage_url_basename": "watch", "extractor_key": "Youtube", "playlist": null, "playlist_index": null, "thumbnail": "https://i.ytimg.com/vi/nBIls0laAAU/maxresdefault.jpg", "display_id": "nBIls0laAAU", "requested_subtitles": null, "format_id": "251", "url": "https://r5---sn-ipoxu-u2x6.googlevideo.com/videoplayback?expire=1610392424&ei=CE_8X9_jI7uGs8IPstKCgAs&ip=220.129.26.102&id=o-AGg_kvQV8GGdrOvICBE9d_cZCBdQjIWG4spOCD3jG9Iu&itag=251&source=youtube&requiressl=yes&mh=12&mm=31%2C29&mn=sn-ipoxu-u2x6%2Csn-un57en7s&ms=au%2Crdu&mv=m&mvi=5&pl=21&initcwndbps=1057500&vprv=1&mime=audio%2Fwebm&ns=cV4c_f2M_INjZVeG659QoIIF&gir=yes&clen=5322238&dur=277.381&lmt=1610226055461460&mt=1610370516&fvip=5&keepalive=yes&c=WEB&txp=5432434&n=P15yAs_Qa7wwR2&sparams=expire%2Cei%2Cip%2Cid%2Citag%2Csource%2Crequiressl%2Cvprv%2Cmime%2Cns%2Cgir%2Cclen%2Cdur%2Clmt&sig=AOq0QJ8wRQIhAOIrgUVCO9T4Zuw_igF7V7VPLg4mQc5wx1WkpWHQO08FAiBPieKmYaHNTvbsuXfKptAWatYQ4fqIECelznTZ-C0Gpg%3D%3D&lsparams=mh%2Cmm%2Cmn%2Cms%2Cmv%2Cmvi%2Cpl%2Cinitcwndbps&lsig=AG3C_xAwRgIhAJD0q13wUkg0bbpfVpd1tdludCE-CHO2RQG1DSIOIAqrAiEAnVHOkcngkCPcTrdMXE1az2TSL1-G8nR7a7OSWD0-Vus%3D&ratebypass=yes", "player_url": null, "ext": "webm", "format_note": "tiny", "acodec": "opus", "abr": 160, "asr": 48000, "filesize": 5322238, "fps": null, "height": null, "tbr": 161.007, "width": null, "vcodec": "none", "downloader_options": {"http_chunk_size": 10485760}, "format": "251 - audio only (tiny)", "protocol": "https", "http_headers": {"User-Agent": "Mozilla/5.0 (Windows NT 10.0; Win64; x64) AppleWebKit/537.36 (KHTML, like Gecko) Chrome/73.0.3683.38 Safari/537.36", "Accept-Charset": "ISO-8859-1,utf-8;q=0.7,*;q=0.7", "Accept": "text/html,application/xhtml+xml,application/xml;q=0.9,*/*;q=0.8", "Accept-Encoding": "gzip, deflate", "Accept-Language": "en-us,en;q=0.5"}}