{"id": "PLfFWFZflQU", "uploader": "Michael Ortega", "uploader_id": "MichaelsPianoSongs", "uploader_url": "http://www.youtube.com/user/MichaelsPianoSongs", "channel_id": "UCjyqGFuEZho7Wc7TT5MyFwg", "channel_url": "http://www.youtube.com/channel/UCjyqGFuEZho7Wc7TT5MyFwg", "upload_date": "20200614", "license": null, "creator": null, "title": "Michael Ortega - \u201cSTORM\u201d (Sad Piano)", "alt_title": null, "thumbnails": [{"url": "https://i.ytimg.com/vi/PLfFWFZflQU/hqdefault.jpg?sqp=-oaymwEYCKgBEF5IVfKriqkDCwgBFQAAiEIYAXAB&rs=AOn4CLBGI_bZlQIUK4J1ocB7ny8gsLjGdg", "width": 168, "height": 94, "resolution": "168x94", "id": "0"}, {"url": "https://i.ytimg.com/vi/PLfFWFZflQU/hqdefault.jpg?sqp=-oaymwEYCMQBEG5IVfKriqkDCwgBFQAAiEIYAXAB&rs=AOn4CLDrjl6ze3ywhsspMRUaPgWZ_9h1fg", "width": 196, "height": 110, "resolution": "196x110", "id": "1"}, {"url": "https://i.ytimg.com/vi/PLfFWFZflQU/hqdefault.jpg?sqp=-oaymwEZCPYBEIoBSFXyq4qpAwsIARUAAIhCGAFwAQ==&rs=AOn4CLDpADPBhFQdgevLmYLBG2g9xCQmpQ", "width": 246, "height": 138, "resolution": "246x138", "id": "2"}, {"url": "https://i.ytimg.com/vi/PLfFWFZflQU/hqdefault.jpg?sqp=-oaymwEZCNACELwBSFXyq4qpAwsIARUAAIhCGAFwAQ==&rs=AOn4CLCbuNaXHUsP08jl4cmkbAWaDnBlPQ", "width": 336, "height": 188, "resolution": "336x188", "id": "3"}, {"url": "https://i.ytimg.com/vi/PLfFWFZflQU/maxresdefault.jpg", "width": 1920, "height": 1080, "resolution": "1920x1080", "id": "4"}], "description": "Sad Piano song \"Storm\" composed by Michael Ortega.  \n\u266a Listen on AppleMusic: https://bit.ly/AppleMusicMichaelOrtega\n\u266a Listen on Spotify:  http://bit.ly/MichaelOrtegaSpotify\n\u266a INSTAGRAM: https://www.instagram.com/michaelortegapiano\n\u25b6 Subscribe for more Music: http://bit.ly/SubToMichaelOrtega\nMUSIC SHEETS (Partituras): \nhttps://sellfy.com/MichaelOrtega\n\n#MichaelOrtega #Sadpiano #EmotionalPiano\nCopyright \u00a9 Michael Ortega 2020\nThis is inspired by my composition \"Rain\".  Strom, often used to express nostalgia and this is why I chose to use it for this composition's name. \nYou must purchase a license (link \u2b06 above) to use this for your Music or Videos. Ask me about non-profit projects on my Instagram (link \u2b06). \nOriginal Piano Music by Michael J. Ortega (MichaelOrtegaPiano)", "categories": ["Music"], "tags": ["michael ortega", "michael ortega storm", "michel ortega", "sad piano", "dark piano", "michael ortega piano", "piano", "storm", "melancholic", "sad piano song", "musica", "musica de piano", "piano triste", "famous pianist"], "subtitles": {}, "automatic_captions": {}, "duration": 293, "age_limit": 0, "annotations": null, "chapters": null, "webpage_url": "https://www.youtube.com/watch?v=PLfFWFZflQU", "view_count": 35346, "like_count": 1805, "dislike_count": 17, "average_rating": 4.9626784, "formats": [{"format_id": "249", "url": "https://r8---sn-ipoxu-u2xd.googlevideo.com/videoplayback?expire=1610392450&ei=Ik_8X_OrM4HNqAHVmaagAw&ip=220.129.26.102&id=o-ABxWKU-hF2yndRzwPzktylgWZmZXO5eJgm6mBOTfQrE4&itag=249&source=youtube&requiressl=yes&mh=I_&mm=31%2C29&mn=sn-ipoxu-u2xd%2Csn-un57en7e&ms=au%2Crdu&mv=m&mvi=8&pcm2cms=yes&pl=21&initcwndbps=1138750&vprv=1&mime=audio%2Fwebm&ns=i1rqelFt8sfBSr3dRvGB9rgF&gir=yes&clen=2144086&dur=292.601&lmt=1592146212851787&mt=1610370516&fvip=6&keepalive=yes&c=WEB&txp=5411222&n=-2-97mEtJViV0r&sparams=expire%2Cei%2Cip%2Cid%2Citag%2Csource%2Crequiressl%2Cvprv%2Cmime%2Cns%2Cgir%2Cclen%2Cdur%2Clmt&sig=AOq0QJ8wRgIhAPhtSdhWUBiaFeqdOwZhK14k0Gh2DkaKGBl1NRkqm_sqAiEA9ij9Ncz43K8HVFKX8qP1I5BY0-XvRI1I_Cj2VxpLWWU%3D&lsparams=mh%2Cmm%2Cmn%2Cms%2Cmv%2Cmvi%2Cpcm2cms%2Cpl%2Cinitcwndbps&lsig=AG3C_xAwRQIhAIwArmkFw9RYCh_A9awFJUhhhOkPIi5pw6gLuxjToUiFAiAXDvNbeeAYOnCpV0tgdTmmBX_f8ZyS1OyvxDDNtIlMQg%3D%3D&ratebypass=yes", "player_url": null, "ext": "webm", "format_note": "tiny", "acodec": "opus", "abr": 50, "asr": 48000, "filesize": 2144086, "fps": null, "height": null, "tbr": 62.816, "width": null, "vcodec": "none", "downloader_options": {"http_chunk_size": 10485760}, "format": "249 - audio only (tiny)", "protocol": "https", "http_headers": {"User-Agent": "Mozilla/5.0 (Windows NT 10.0; Win64; x64) AppleWebKit/537.36 (KHTML, like Gecko) Chrome/73.0.3683.38 Safari/537.36", "Accept-Charset": "ISO-8859-1,utf-8;q=0.7,*;q=0.7", "Accept": "text/html,application/xhtml+xml,application/xml;q=0.9,*/*;q=0.8", "Accept-Encoding": "gzip, deflate", "Accept-Language": "en-us,en;q=0.5"}}, {"format_id": "250", "url": "https://r8---sn-ipoxu-u2xd.googlevideo.com/videoplayback?expire=1610392450&ei=Ik_8X_OrM4HNqAHVmaagAw&ip=220.129.26.102&id=o-ABxWKU-hF2yndRzwPzktylgWZmZXO5eJgm6mBOTfQrE4&itag=250&source=youtube&requiressl=yes&mh=I_&mm=31%2C29&mn=sn-ipoxu-u2xd%2Csn-un57en7e&ms=au%2Crdu&mv=m&mvi=8&pcm2cms=yes&pl=21&initcwndbps=1138750&vprv=1&mime=audio%2Fwebm&ns=i1rqelFt8sfBSr3dRvGB9rgF&gir=yes&clen=2826432&dur=292.601&lmt=1592146214037940&mt=1610370516&fvip=6&keepalive=yes&c=WEB&txp=5411222&n=-2-97mEtJViV0r&sparams=expire%2Cei%2Cip%2Cid%2Citag%2Csource%2Crequiressl%2Cvprv%2Cmime%2Cns%2Cgir%2Cclen%2Cdur%2Clmt&sig=AOq0QJ8wRgIhAPwCalwZliPrzEsdTD4tlEJ5K1c9GxFZuZ79_ziA8ITaAiEAjpE0c32RhyS9QMZFtuXtmjyiOIspgZTL3tj8v8Sjz6U%3D&lsparams=mh%2Cmm%2Cmn%2Cms%2Cmv%2Cmvi%2Cpcm2cms%2Cpl%2Cinitcwndbps&lsig=AG3C_xAwRQIhAIwArmkFw9RYCh_A9awFJUhhhOkPIi5pw6gLuxjToUiFAiAXDvNbeeAYOnCpV0tgdTmmBX_f8ZyS1OyvxDDNtIlMQg%3D%3D&ratebypass=yes", "player_url": null, "ext": "webm", "format_note": "tiny", "acodec": "opus", "abr": 70, "asr": 48000, "filesize": 2826432, "fps": null, "height": null, "tbr": 82.432, "width": null, "vcodec": "none", "downloader_options": {"http_chunk_size": 10485760}, "format": "250 - audio only (tiny)", "protocol": "https", "http_headers": {"User-Agent": "Mozilla/5.0 (Windows NT 10.0; Win64; x64) AppleWebKit/537.36 (KHTML, like Gecko) Chrome/73.0.3683.38 Safari/537.36", "Accept-Charset": "ISO-8859-1,utf-8;q=0.7,*;q=0.7", "Accept": "text/html,application/xhtml+xml,application/xml;q=0.9,*/*;q=0.8", "Accept-Encoding": "gzip, deflate", "Accept-Language": "en-us,en;q=0.5"}}, {"format_id": "140", "url": "https://r8---sn-ipoxu-u2xd.googlevideo.com/videoplayback?expire=1610392450&ei=Ik_8X_OrM4HNqAHVmaagAw&ip=220.129.26.102&id=o-ABxWKU-hF2yndRzwPzktylgWZmZXO5eJgm6mBOTfQrE4&itag=140&source=youtube&requiressl=yes&mh=I_&mm=31%2C29&mn=sn-ipoxu-u2xd%2Csn-un57en7e&ms=au%2Crdu&mv=m&mvi=8&pcm2cms=yes&pl=21&initcwndbps=1138750&vprv=1&mime=audio%2Fmp4&ns=i1rqelFt8sfBSr3dRvGB9rgF&gir=yes&clen=4736813&dur=292.641&lmt=1592153918324233&mt=1610370516&fvip=6&keepalive=yes&c=WEB&txp=5431432&n=-2-97mEtJViV0r&sparams=expire%2Cei%2Cip%2Cid%2Citag%2Csource%2Crequiressl%2Cvprv%2Cmime%2Cns%2Cgir%2Cclen%2Cdur%2Clmt&sig=AOq0QJ8wRQIhAO0AGyidnUqJEjBf3JmN4v-3x3xTjJYMcw-qOPyEJ0fBAiB9z7o5ow8ztIrrYIkWOahYLO5d89WiVmrF2K3kT4TFPg%3D%3D&lsparams=mh%2Cmm%2Cmn%2Cms%2Cmv%2Cmvi%2Cpcm2cms%2Cpl%2Cinitcwndbps&lsig=AG3C_xAwRQIhAIwArmkFw9RYCh_A9awFJUhhhOkPIi5pw6gLuxjToUiFAiAXDvNbeeAYOnCpV0tgdTmmBX_f8ZyS1OyvxDDNtIlMQg%3D%3D&ratebypass=yes", "player_url": null, "ext": "m4a", "format_note": "tiny", "acodec": "mp4a.40.2", "abr": 128, "container": "m4a_dash", "asr": 44100, "filesize": 4736813, "fps": null, "height": null, "tbr": 130.579, "width": null, "vcodec": "none", "downloader_options": {"http_chunk_size": 10485760}, "format": "140 - audio only (tiny)", "protocol": "https", "http_headers": {"User-Agent": "Mozilla/5.0 (Windows NT 10.0; Win64; x64) AppleWebKit/537.36 (KHTML, like Gecko) Chrome/73.0.3683.38 Safari/537.36", "Accept-Charset": "ISO-8859-1,utf-8;q=0.7,*;q=0.7", "Accept": "text/html,application/xhtml+xml,application/xml;q=0.9,*/*;q=0.8", "Accept-Encoding": "gzip, deflate", "Accept-Language": "en-us,en;q=0.5"}}, {"format_id": "251", "url": "https://r8---sn-ipoxu-u2xd.googlevideo.com/videoplayback?expire=1610392450&ei=Ik_8X_OrM4HNqAHVmaagAw&ip=220.129.26.102&id=o-ABxWKU-hF2yndRzwPzktylgWZmZXO5eJgm6mBOTfQrE4&itag=251&source=youtube&requiressl=yes&mh=I_&mm=31%2C29&mn=sn-ipoxu-u2xd%2Csn-un57en7e&ms=au%2Crdu&mv=m&mvi=8&pcm2cms=yes&pl=21&initcwndbps=1138750&vprv=1&mime=audio%2Fwebm&ns=i1rqelFt8sfBSr3dRvGB9rgF&gir=yes&clen=5574850&dur=292.601&lmt=1592146214636503&mt=1610370516&fvip=6&keepalive=yes&c=WEB&txp=5411222&n=-2-97mEtJViV0r&sparams=expire%2Cei%2Cip%2Cid%2Citag%2Csource%2Crequiressl%2Cvprv%2Cmime%2Cns%2Cgir%2Cclen%2Cdur%2Clmt&sig=AOq0QJ8wRAIgNVoPjVbfMEs3EdAq8_hxzLFNlh8LBq2qN15XUY2MJUkCIEHZheI_8hIYBejUscUI0Y0a6CKEGR87WwfgYBSPelax&lsparams=mh%2Cmm%2Cmn%2Cms%2Cmv%2Cmvi%2Cpcm2cms%2Cpl%2Cinitcwndbps&lsig=AG3C_xAwRQIhAIwArmkFw9RYCh_A9awFJUhhhOkPIi5pw6gLuxjToUiFAiAXDvNbeeAYOnCpV0tgdTmmBX_f8ZyS1OyvxDDNtIlMQg%3D%3D&ratebypass=yes", "player_url": null, "ext": "webm", "format_note": "tiny", "acodec": "opus", "abr": 160, "asr": 48000, "filesize": 5574850, "fps": null, "height": null, "tbr": 160.507, "width": null, "vcodec": "none", "downloader_options": {"http_chunk_size": 10485760}, "format": "251 - audio only (tiny)", "protocol": "https", "http_headers": {"User-Agent": "Mozilla/5.0 (Windows NT 10.0; Win64; x64) AppleWebKit/537.36 (KHTML, like Gecko) Chrome/73.0.3683.38 Safari/537.36", "Accept-Charset": "ISO-8859-1,utf-8;q=0.7,*;q=0.7", "Accept": "text/html,application/xhtml+xml,application/xml;q=0.9,*/*;q=0.8", "Accept-Encoding": "gzip, deflate", "Accept-Language": "en-us,en;q=0.5"}}, {"format_id": "160", "url": "https://r8---sn-ipoxu-u2xd.googlevideo.com/videoplayback?expire=1610392450&ei=Ik_8X_OrM4HNqAHVmaagAw&ip=220.129.26.102&id=o-ABxWKU-hF2yndRzwPzktylgWZmZXO5eJgm6mBOTfQrE4&itag=160&aitags=133%2C134%2C135%2C136%2C137%2C160%2C242%2C243%2C244%2C247%2C248%2C278&source=youtube&requiressl=yes&mh=I_&mm=31%2C29&mn=sn-ipoxu-u2xd%2Csn-un57en7e&ms=au%2Crdu&mv=m&mvi=8&pcm2cms=yes&pl=21&initcwndbps=1138750&vprv=1&mime=video%2Fmp4&ns=i1rqelFt8sfBSr3dRvGB9rgF&gir=yes&clen=647461&dur=292.583&lmt=1592156067040420&mt=1610370516&fvip=6&keepalive=yes&c=WEB&txp=5432432&n=-2-97mEtJViV0r&sparams=expire%2Cei%2Cip%2Cid%2Caitags%2Csource%2Crequiressl%2Cvprv%2Cmime%2Cns%2Cgir%2Cclen%2Cdur%2Clmt&sig=AOq0QJ8wRAIgDRjFLqPef4myfzGzVFFWhbtpYXEpIhFbVDCxDBUXp-sCIH1uZU-ehAiEmFjdjI6ILtsJ_FIExacPG08qb9Uv0rQF&lsparams=mh%2Cmm%2Cmn%2Cms%2Cmv%2Cmvi%2Cpcm2cms%2Cpl%2Cinitcwndbps&lsig=AG3C_xAwRQIhAIwArmkFw9RYCh_A9awFJUhhhOkPIi5pw6gLuxjToUiFAiAXDvNbeeAYOnCpV0tgdTmmBX_f8ZyS1OyvxDDNtIlMQg%3D%3D&ratebypass=yes", "player_url": null, "ext": "mp4", "height": 144, "format_note": "144p", "vcodec": "avc1.4d400c", "asr": null, "filesize": 647461, "fps": 24, "tbr": 60.827, "width": 256, "acodec": "none", "downloader_options": {"http_chunk_size": 10485760}, "format": "160 - 256x144 (144p)", "protocol": "https", "http_headers": {"User-Agent": "Mozilla/5.0 (Windows NT 10.0; Win64; x64) AppleWebKit/537.36 (KHTML, like Gecko) Chrome/73.0.3683.38 Safari/537.36", "Accept-Charset": "ISO-8859-1,utf-8;q=0.7,*;q=0.7", "Accept": "text/html,application/xhtml+xml,application/xml;q=0.9,*/*;q=0.8", "Accept-Encoding": "gzip, deflate", "Accept-Language": "en-us,en;q=0.5"}}, {"format_id": "278", "url": "https://r8---sn-ipoxu-u2xd.googlevideo.com/videoplayback?expire=1610392450&ei=Ik_8X_OrM4HNqAHVmaagAw&ip=220.129.26.102&id=o-ABxWKU-hF2yndRzwPzktylgWZmZXO5eJgm6mBOTfQrE4&itag=278&aitags=133%2C134%2C135%2C136%2C137%2C160%2C242%2C243%2C244%2C247%2C248%2C278&source=youtube&requiressl=yes&mh=I_&mm=31%2C29&mn=sn-ipoxu-u2xd%2Csn-un57en7e&ms=au%2Crdu&mv=m&mvi=8&pcm2cms=yes&pl=21&initcwndbps=1138750&vprv=1&mime=video%2Fwebm&ns=i1rqelFt8sfBSr3dRvGB9rgF&gir=yes&clen=1737735&dur=292.584&lmt=1592155824882426&mt=1610370516&fvip=6&keepalive=yes&c=WEB&txp=5432432&n=-2-97mEtJViV0r&sparams=expire%2Cei%2Cip%2Cid%2Caitags%2Csource%2Crequiressl%2Cvprv%2Cmime%2Cns%2Cgir%2Cclen%2Cdur%2Clmt&sig=AOq0QJ8wRgIhAJSB2yQ7uql6JRf6elelWkNsTL_Rin_x1DkSuN9dF5tGAiEAoaXGoNQ2Cc1K70X8_0d-rhAdA6b4IqxfAEVR-qOvtTA%3D&lsparams=mh%2Cmm%2Cmn%2Cms%2Cmv%2Cmvi%2Cpcm2cms%2Cpl%2Cinitcwndbps&lsig=AG3C_xAwRQIhAIwArmkFw9RYCh_A9awFJUhhhOkPIi5pw6gLuxjToUiFAiAXDvNbeeAYOnCpV0tgdTmmBX_f8ZyS1OyvxDDNtIlMQg%3D%3D&ratebypass=yes", "player_url": null, "ext": "webm", "height": 144, "format_note": "144p", "container": "webm", "vcodec": "vp9", "asr": null, "filesize": 1737735, "fps": 24, "tbr": 75.419, "width": 256, "acodec": "none", "downloader_options": {"http_chunk_size": 10485760}, "format": "278 - 256x144 (144p)", "protocol": "https", "http_headers": {"User-Agent": "Mozilla/5.0 (Windows NT 10.0; Win64; x64) AppleWebKit/537.36 (KHTML, like Gecko) Chrome/73.0.3683.38 Safari/537.36", "Accept-Charset": "ISO-8859-1,utf-8;q=0.7,*;q=0.7", "Accept": "text/html,application/xhtml+xml,application/xml;q=0.9,*/*;q=0.8", "Accept-Encoding": "gzip, deflate", "Accept-Language": "en-us,en;q=0.5"}}, {"format_id": "133", "url": "https://r8---sn-ipoxu-u2xd.googlevideo.com/videoplayback?expire=1610392450&ei=Ik_8X_OrM4HNqAHVmaagAw&ip=220.129.26.102&id=o-ABxWKU-hF2yndRzwPzktylgWZmZXO5eJgm6mBOTfQrE4&itag=133&aitags=133%2C134%2C135%2C136%2C137%2C160%2C242%2C243%2C244%2C247%2C248%2C278&source=youtube&requiressl=yes&mh=I_&mm=31%2C29&mn=sn-ipoxu-u2xd%2Csn-un57en7e&ms=au%2Crdu&mv=m&mvi=8&pcm2cms=yes&pl=21&initcwndbps=1138750&vprv=1&mime=video%2Fmp4&ns=i1rqelFt8sfBSr3dRvGB9rgF&gir=yes&clen=1320045&dur=292.583&lmt=1592156067037483&mt=1610370516&fvip=6&keepalive=yes&c=WEB&txp=5432432&n=-2-97mEtJViV0r&sparams=expire%2Cei%2Cip%2Cid%2Caitags%2Csource%2Crequiressl%2Cvprv%2Cmime%2Cns%2Cgir%2Cclen%2Cdur%2Clmt&sig=AOq0QJ8wRAIgVx87Fw6UO8wCQBx069VSPSdN4dXC5YWypHgeMDQrMgACIGqFRbluhGGsDHs6tmr3vAOEhB0LG74ugNAy1TcQVPLi&lsparams=mh%2Cmm%2Cmn%2Cms%2Cmv%2Cmvi%2Cpcm2cms%2Cpl%2Cinitcwndbps&lsig=AG3C_xAwRQIhAIwArmkFw9RYCh_A9awFJUhhhOkPIi5pw6gLuxjToUiFAiAXDvNbeeAYOnCpV0tgdTmmBX_f8ZyS1OyvxDDNtIlMQg%3D%3D&ratebypass=yes", "player_url": null, "ext": "mp4", "height": 240, "format_note": "240p", "vcodec": "avc1.4d4015", "asr": null, "filesize": 1320045, "fps": 24, "tbr": 115.69, "width": 426, "acodec": "none", "downloader_options": {"http_chunk_size": 10485760}, "format": "133 - 426x240 (240p)", "protocol": "https", "http_headers": {"User-Agent": "Mozilla/5.0 (Windows NT 10.0; Win64; x64) AppleWebKit/537.36 (KHTML, like Gecko) Chrome/73.0.3683.38 Safari/537.36", "Accept-Charset": "ISO-8859-1,utf-8;q=0.7,*;q=0.7", "Accept": "text/html,application/xhtml+xml,application/xml;q=0.9,*/*;q=0.8", "Accept-Encoding": "gzip, deflate", "Accept-Language": "en-us,en;q=0.5"}}, {"format_id": "242", "url": "https://r8---sn-ipoxu-u2xd.googlevideo.com/videoplayback?expire=1610392450&ei=Ik_8X_OrM4HNqAHVmaagAw&ip=220.129.26.102&id=o-ABxWKU-hF2yndRzwPzktylgWZmZXO5eJgm6mBOTfQrE4&itag=242&aitags=133%2C134%2C135%2C136%2C137%2C160%2C242%2C243%2C244%2C247%2C248%2C278&source=youtube&requiressl=yes&mh=I_&mm=31%2C29&mn=sn-ipoxu-u2xd%2Csn-un57en7e&ms=au%2Crdu&mv=m&mvi=8&pcm2cms=yes&pl=21&initcwndbps=1138750&vprv=1&mime=video%2Fwebm&ns=i1rqelFt8sfBSr3dRvGB9rgF&gir=yes&clen=2493040&dur=292.584&lmt=1592155824880016&mt=1610370516&fvip=6&keepalive=yes&c=WEB&txp=5432432&n=-2-97mEtJViV0r&sparams=expire%2Cei%2Cip%2Cid%2Caitags%2Csource%2Crequiressl%2Cvprv%2Cmime%2Cns%2Cgir%2Cclen%2Cdur%2Clmt&sig=AOq0QJ8wRQIgA_eztHjibSFFV0PEs80p2IIxAuXZzoorTzAeRKeW9A4CIQDPqb4hZTc1L6GrJd3NIzY_aeGONx9i9B8-Ly66LuLH1Q%3D%3D&lsparams=mh%2Cmm%2Cmn%2Cms%2Cmv%2Cmvi%2Cpcm2cms%2Cpl%2Cinitcwndbps&lsig=AG3C_xAwRQIhAIwArmkFw9RYCh_A9awFJUhhhOkPIi5pw6gLuxjToUiFAiAXDvNbeeAYOnCpV0tgdTmmBX_f8ZyS1OyvxDDNtIlMQg%3D%3D&ratebypass=yes", "player_url": null, "ext": "webm", "height": 240, "format_note": "240p", "vcodec": "vp9", "asr": null, "filesize": 2493040, "fps": 24, "tbr": 123.705, "width": 426, "acodec": "none", "downloader_options": {"http_chunk_size": 10485760}, "format": "242 - 426x240 (240p)", "protocol": "https", "http_headers": {"User-Agent": "Mozilla/5.0 (Windows NT 10.0; Win64; x64) AppleWebKit/537.36 (KHTML, like Gecko) Chrome/73.0.3683.38 Safari/537.36", "Accept-Charset": "ISO-8859-1,utf-8;q=0.7,*;q=0.7", "Accept": "text/html,application/xhtml+xml,application/xml;q=0.9,*/*;q=0.8", "Accept-Encoding": "gzip, deflate", "Accept-Language": "en-us,en;q=0.5"}}, {"format_id": "134", "url": "https://r8---sn-ipoxu-u2xd.googlevideo.com/videoplayback?expire=1610392450&ei=Ik_8X_OrM4HNqAHVmaagAw&ip=220.129.26.102&id=o-ABxWKU-hF2yndRzwPzktylgWZmZXO5eJgm6mBOTfQrE4&itag=134&aitags=133%2C134%2C135%2C136%2C137%2C160%2C242%2C243%2C244%2C247%2C248%2C278&source=youtube&requiressl=yes&mh=I_&mm=31%2C29&mn=sn-ipoxu-u2xd%2Csn-un57en7e&ms=au%2Crdu&mv=m&mvi=8&pcm2cms=yes&pl=21&initcwndbps=1138750&vprv=1&mime=video%2Fmp4&ns=i1rqelFt8sfBSr3dRvGB9rgF&gir=yes&clen=2599330&dur=292.583&lmt=1592156067041023&mt=1610370516&fvip=6&keepalive=yes&c=WEB&txp=5432432&n=-2-97mEtJViV0r&sparams=expire%2Cei%2Cip%2Cid%2Caitags%2Csource%2Crequiressl%2Cvprv%2Cmime%2Cns%2Cgir%2Cclen%2Cdur%2Clmt&sig=AOq0QJ8wRQIgdPX82NGqkm_za7qGxnWrNncxs4jMBEuQRnDXsyScCE8CIQD84jIc74twh8QLvPvPYSaGEdfiGDVkKYxJvbonPlekIw%3D%3D&lsparams=mh%2Cmm%2Cmn%2Cms%2Cmv%2Cmvi%2Cpcm2cms%2Cpl%2Cinitcwndbps&lsig=AG3C_xAwRQIhAIwArmkFw9RYCh_A9awFJUhhhOkPIi5pw6gLuxjToUiFAiAXDvNbeeAYOnCpV0tgdTmmBX_f8ZyS1OyvxDDNtIlMQg%3D%3D&ratebypass=yes", "player_url": null, "ext": "mp4", "height": 360, "format_note": "360p", "vcodec": "avc1.4d401e", "asr": null, "filesize": 2599330, "fps": 24, "tbr": 232.125, "width": 640, "acodec": "none", "downloader_options": {"http_chunk_size": 10485760}, "format": "134 - 640x360 (360p)", "protocol": "https", "http_headers": {"User-Agent": "Mozilla/5.0 (Windows NT 10.0; Win64; x64) AppleWebKit/537.36 (KHTML, like Gecko) Chrome/73.0.3683.38 Safari/537.36", "Accept-Charset": "ISO-8859-1,utf-8;q=0.7,*;q=0.7", "Accept": "text/html,application/xhtml+xml,application/xml;q=0.9,*/*;q=0.8", "Accept-Encoding": "gzip, deflate", "Accept-Language": "en-us,en;q=0.5"}}, {"format_id": "243", "url": "https://r8---sn-ipoxu-u2xd.googlevideo.com/videoplayback?expire=1610392450&ei=Ik_8X_OrM4HNqAHVmaagAw&ip=220.129.26.102&id=o-ABxWKU-hF2yndRzwPzktylgWZmZXO5eJgm6mBOTfQrE4&itag=243&aitags=133%2C134%2C135%2C136%2C137%2C160%2C242%2C243%2C244%2C247%2C248%2C278&source=youtube&requiressl=yes&mh=I_&mm=31%2C29&mn=sn-ipoxu-u2xd%2Csn-un57en7e&ms=au%2Crdu&mv=m&mvi=8&pcm2cms=yes&pl=21&initcwndbps=1138750&vprv=1&mime=video%2Fwebm&ns=i1rqelFt8sfBSr3dRvGB9rgF&gir=yes&clen=5585337&dur=292.584&lmt=1592155824884356&mt=1610370516&fvip=6&keepalive=yes&c=WEB&txp=5432432&n=-2-97mEtJViV0r&sparams=expire%2Cei%2Cip%2Cid%2Caitags%2Csource%2Crequiressl%2Cvprv%2Cmime%2Cns%2Cgir%2Cclen%2Cdur%2Clmt&sig=AOq0QJ8wRgIhANU208NWk-fYuBOaR5529G9R1nkOQU5FEnUg7JYjtOenAiEAviieAfw2UdVTpfqmHiKEzUCg3HxtjtuoRSrOUBQqzeI%3D&lsparams=mh%2Cmm%2Cmn%2Cms%2Cmv%2Cmvi%2Cpcm2cms%2Cpl%2Cinitcwndbps&lsig=AG3C_xAwRQIhAIwArmkFw9RYCh_A9awFJUhhhOkPIi5pw6gLuxjToUiFAiAXDvNbeeAYOnCpV0tgdTmmBX_f8ZyS1OyvxDDNtIlMQg%3D%3D&ratebypass=yes", "player_url": null, "ext": "webm", "height": 360, "format_note": "360p", "vcodec": "vp9", "asr": null, "filesize": 5585337, "fps": 24, "tbr": 266.013, "width": 640, "acodec": "none", "downloader_options": {"http_chunk_size": 10485760}, "format": "243 - 640x360 (360p)", "protocol": "https", "http_headers": {"User-Agent": "Mozilla/5.0 (Windows NT 10.0; Win64; x64) AppleWebKit/537.36 (KHTML, like Gecko) Chrome/73.0.3683.38 Safari/537.36", "Accept-Charset": "ISO-8859-1,utf-8;q=0.7,*;q=0.7", "Accept": "text/html,application/xhtml+xml,application/xml;q=0.9,*/*;q=0.8", "Accept-Encoding": "gzip, deflate", "Accept-Language": "en-us,en;q=0.5"}}, {"format_id": "244", "url": "https://r8---sn-ipoxu-u2xd.googlevideo.com/videoplayback?expire=1610392450&ei=Ik_8X_OrM4HNqAHVmaagAw&ip=220.129.26.102&id=o-ABxWKU-hF2yndRzwPzktylgWZmZXO5eJgm6mBOTfQrE4&itag=244&aitags=133%2C134%2C135%2C136%2C137%2C160%2C242%2C243%2C244%2C247%2C248%2C278&source=youtube&requiressl=yes&mh=I_&mm=31%2C29&mn=sn-ipoxu-u2xd%2Csn-un57en7e&ms=au%2Crdu&mv=m&mvi=8&pcm2cms=yes&pl=21&initcwndbps=1138750&vprv=1&mime=video%2Fwebm&ns=i1rqelFt8sfBSr3dRvGB9rgF&gir=yes&clen=10506916&dur=292.584&lmt=1592155824881691&mt=1610370516&fvip=6&keepalive=yes&c=WEB&txp=5432432&n=-2-97mEtJViV0r&sparams=expire%2Cei%2Cip%2Cid%2Caitags%2Csource%2Crequiressl%2Cvprv%2Cmime%2Cns%2Cgir%2Cclen%2Cdur%2Clmt&sig=AOq0QJ8wRQIgT_7-B2Pe6HTTRIWCHDfzZ2-lCqBS-iom6bW9QkY7470CIQDg9o3sWDnl2G3TZtn0uj31vWhhuJRaIpOrpo5lzgsCyg%3D%3D&lsparams=mh%2Cmm%2Cmn%2Cms%2Cmv%2Cmvi%2Cpcm2cms%2Cpl%2Cinitcwndbps&lsig=AG3C_xAwRQIhAIwArmkFw9RYCh_A9awFJUhhhOkPIi5pw6gLuxjToUiFAiAXDvNbeeAYOnCpV0tgdTmmBX_f8ZyS1OyvxDDNtIlMQg%3D%3D&ratebypass=yes", "player_url": null, "ext": "webm", "height": 480, "format_note": "480p", "vcodec": "vp9", "asr": null, "filesize": 10506916, "fps": 24, "tbr": 490.764, "width": 854, "acodec": "none", "downloader_options": {"http_chunk_size": 10485760}, "format": "244 - 854x480 (480p)", "protocol": "https", "http_headers": {"User-Agent": "Mozilla/5.0 (Windows NT 10.0; Win64; x64) AppleWebKit/537.36 (KHTML, like Gecko) Chrome/73.0.3683.38 Safari/537.36", "Accept-Charset": "ISO-8859-1,utf-8;q=0.7,*;q=0.7", "Accept": "text/html,application/xhtml+xml,application/xml;q=0.9,*/*;q=0.8", "Accept-Encoding": "gzip, deflate", "Accept-Language": "en-us,en;q=0.5"}}, {"format_id": "135", "url": "https://r8---sn-ipoxu-u2xd.googlevideo.com/videoplayback?expire=1610392450&ei=Ik_8X_OrM4HNqAHVmaagAw&ip=220.129.26.102&id=o-ABxWKU-hF2yndRzwPzktylgWZmZXO5eJgm6mBOTfQrE4&itag=135&aitags=133%2C134%2C135%2C136%2C137%2C160%2C242%2C243%2C244%2C247%2C248%2C278&source=youtube&requiressl=yes&mh=I_&mm=31%2C29&mn=sn-ipoxu-u2xd%2Csn-un57en7e&ms=au%2Crdu&mv=m&mvi=8&pcm2cms=yes&pl=21&initcwndbps=1138750&vprv=1&mime=video%2Fmp4&ns=i1rqelFt8sfBSr3dRvGB9rgF&gir=yes&clen=4361875&dur=292.583&lmt=1592156067035458&mt=1610370516&fvip=6&keepalive=yes&c=WEB&txp=5432432&n=-2-97mEtJViV0r&sparams=expire%2Cei%2Cip%2Cid%2Caitags%2Csource%2Crequiressl%2Cvprv%2Cmime%2Cns%2Cgir%2Cclen%2Cdur%2Clmt&sig=AOq0QJ8wRQIhAKZT5-FOHBb4IRPXSwNVHy8NiGq69Q5X7_UQTkS3H9WbAiBQBxTU49hlayoeGl1FKutxzlnUf883RBd9dDafOgH-JA%3D%3D&lsparams=mh%2Cmm%2Cmn%2Cms%2Cmv%2Cmvi%2Cpcm2cms%2Cpl%2Cinitcwndbps&lsig=AG3C_xAwRQIhAIwArmkFw9RYCh_A9awFJUhhhOkPIi5pw6gLuxjToUiFAiAXDvNbeeAYOnCpV0tgdTmmBX_f8ZyS1OyvxDDNtIlMQg%3D%3D&ratebypass=yes", "player_url": null, "ext": "mp4", "height": 480, "format_note": "480p", "vcodec": "avc1.4d401e", "asr": null, "filesize": 4361875, "fps": 24, "tbr": 507.014, "width": 854, "acodec": "none", "downloader_options": {"http_chunk_size": 10485760}, "format": "135 - 854x480 (480p)", "protocol": "https", "http_headers": {"User-Agent": "Mozilla/5.0 (Windows NT 10.0; Win64; x64) AppleWebKit/537.36 (KHTML, like Gecko) Chrome/73.0.3683.38 Safari/537.36", "Accept-Charset": "ISO-8859-1,utf-8;q=0.7,*;q=0.7", "Accept": "text/html,application/xhtml+xml,application/xml;q=0.9,*/*;q=0.8", "Accept-Encoding": "gzip, deflate", "Accept-Language": "en-us,en;q=0.5"}}, {"format_id": "136", "url": "https://r8---sn-ipoxu-u2xd.googlevideo.com/videoplayback?expire=1610392450&ei=Ik_8X_OrM4HNqAHVmaagAw&ip=220.129.26.102&id=o-ABxWKU-hF2yndRzwPzktylgWZmZXO5eJgm6mBOTfQrE4&itag=136&aitags=133%2C134%2C135%2C136%2C137%2C160%2C242%2C243%2C244%2C247%2C248%2C278&source=youtube&requiressl=yes&mh=I_&mm=31%2C29&mn=sn-ipoxu-u2xd%2Csn-un57en7e&ms=au%2Crdu&mv=m&mvi=8&pcm2cms=yes&pl=21&initcwndbps=1138750&vprv=1&mime=video%2Fmp4&ns=i1rqelFt8sfBSr3dRvGB9rgF&gir=yes&clen=7011015&dur=292.583&lmt=1592156067037876&mt=1610370516&fvip=6&keepalive=yes&c=WEB&txp=5432432&n=-2-97mEtJViV0r&sparams=expire%2Cei%2Cip%2Cid%2Caitags%2Csource%2Crequiressl%2Cvprv%2Cmime%2Cns%2Cgir%2Cclen%2Cdur%2Clmt&sig=AOq0QJ8wRQIhAMdLoh2L7CQCmRkz4jeticb4UdlcIC6n7NXsgYydIfQnAiAm1AD3cSkt18oze6cUCvY5aLxbUfEj6szA5cQo2Lxcog%3D%3D&lsparams=mh%2Cmm%2Cmn%2Cms%2Cmv%2Cmvi%2Cpcm2cms%2Cpl%2Cinitcwndbps&lsig=AG3C_xAwRQIhAIwArmkFw9RYCh_A9awFJUhhhOkPIi5pw6gLuxjToUiFAiAXDvNbeeAYOnCpV0tgdTmmBX_f8ZyS1OyvxDDNtIlMQg%3D%3D&ratebypass=yes", "player_url": null, "ext": "mp4", "height": 720, "format_note": "720p", "vcodec": "avc1.4d401f", "asr": null, "filesize": 7011015, "fps": 24, "tbr": 919.175, "width": 1280, "acodec": "none", "downloader_options": {"http_chunk_size": 10485760}, "format": "136 - 1280x720 (720p)", "protocol": "https", "http_headers": {"User-Agent": "Mozilla/5.0 (Windows NT 10.0; Win64; x64) AppleWebKit/537.36 (KHTML, like Gecko) Chrome/73.0.3683.38 Safari/537.36", "Accept-Charset": "ISO-8859-1,utf-8;q=0.7,*;q=0.7", "Accept": "text/html,application/xhtml+xml,application/xml;q=0.9,*/*;q=0.8", "Accept-Encoding": "gzip, deflate", "Accept-Language": "en-us,en;q=0.5"}}, {"format_id": "247", "url": "https://r8---sn-ipoxu-u2xd.googlevideo.com/videoplayback?expire=1610392450&ei=Ik_8X_OrM4HNqAHVmaagAw&ip=220.129.26.102&id=o-ABxWKU-hF2yndRzwPzktylgWZmZXO5eJgm6mBOTfQrE4&itag=247&aitags=133%2C134%2C135%2C136%2C137%2C160%2C242%2C243%2C244%2C247%2C248%2C278&source=youtube&requiressl=yes&mh=I_&mm=31%2C29&mn=sn-ipoxu-u2xd%2Csn-un57en7e&ms=au%2Crdu&mv=m&mvi=8&pcm2cms=yes&pl=21&initcwndbps=1138750&vprv=1&mime=video%2Fwebm&ns=i1rqelFt8sfBSr3dRvGB9rgF&gir=yes&clen=20969204&dur=292.584&lmt=1592155824891549&mt=1610370516&fvip=6&keepalive=yes&c=WEB&txp=5432432&n=-2-97mEtJViV0r&sparams=expire%2Cei%2Cip%2Cid%2Caitags%2Csource%2Crequiressl%2Cvprv%2Cmime%2Cns%2Cgir%2Cclen%2Cdur%2Clmt&sig=AOq0QJ8wRAIgHInAhw4ZjcEm5WjBuN50FWYbkaZzvuPdfBuORbfKz70CIF6zXr35DVUZHnc2AlYKjK8gpXVeJZDXeywczWFjRmc-&lsparams=mh%2Cmm%2Cmn%2Cms%2Cmv%2Cmvi%2Cpcm2cms%2Cpl%2Cinitcwndbps&lsig=AG3C_xAwRQIhAIwArmkFw9RYCh_A9awFJUhhhOkPIi5pw6gLuxjToUiFAiAXDvNbeeAYOnCpV0tgdTmmBX_f8ZyS1OyvxDDNtIlMQg%3D%3D&ratebypass=yes", "player_url": null, "ext": "webm", "height": 720, "format_note": "720p", "vcodec": "vp9", "asr": null, "filesize": 20969204, "fps": 24, "tbr": 1002.063, "width": 1280, "acodec": "none", "downloader_options": {"http_chunk_size": 10485760}, "format": "247 - 1280x720 (720p)", "protocol": "https", "http_headers": {"User-Agent": "Mozilla/5.0 (Windows NT 10.0; Win64; x64) AppleWebKit/537.36 (KHTML, like Gecko) Chrome/73.0.3683.38 Safari/537.36", "Accept-Charset": "ISO-8859-1,utf-8;q=0.7,*;q=0.7", "Accept": "text/html,application/xhtml+xml,application/xml;q=0.9,*/*;q=0.8", "Accept-Encoding": "gzip, deflate", "Accept-Language": "en-us,en;q=0.5"}}, {"format_id": "248", "url": "https://r8---sn-ipoxu-u2xd.googlevideo.com/videoplayback?expire=1610392450&ei=Ik_8X_OrM4HNqAHVmaagAw&ip=220.129.26.102&id=o-ABxWKU-hF2yndRzwPzktylgWZmZXO5eJgm6mBOTfQrE4&itag=248&aitags=133%2C134%2C135%2C136%2C137%2C160%2C242%2C243%2C244%2C247%2C248%2C278&source=youtube&requiressl=yes&mh=I_&mm=31%2C29&mn=sn-ipoxu-u2xd%2Csn-un57en7e&ms=au%2Crdu&mv=m&mvi=8&pcm2cms=yes&pl=21&initcwndbps=1138750&vprv=1&mime=video%2Fwebm&ns=i1rqelFt8sfBSr3dRvGB9rgF&gir=yes&clen=35889802&dur=292.584&lmt=1592154140271496&mt=1610370516&fvip=6&keepalive=yes&c=WEB&txp=5432432&n=-2-97mEtJViV0r&sparams=expire%2Cei%2Cip%2Cid%2Caitags%2Csource%2Crequiressl%2Cvprv%2Cmime%2Cns%2Cgir%2Cclen%2Cdur%2Clmt&sig=AOq0QJ8wRQIhAOMAWMZB5p5FGO9Jg7le0ihrfh8F4oxwgEHtM1ufhcncAiAIta9jygP00w5hhd-9bdX2rATmAlOlVTXFFtDzxAdIKw%3D%3D&lsparams=mh%2Cmm%2Cmn%2Cms%2Cmv%2Cmvi%2Cpcm2cms%2Cpl%2Cinitcwndbps&lsig=AG3C_xAwRQIhAIwArmkFw9RYCh_A9awFJUhhhOkPIi5pw6gLuxjToUiFAiAXDvNbeeAYOnCpV0tgdTmmBX_f8ZyS1OyvxDDNtIlMQg%3D%3D&ratebypass=yes", "player_url": null, "ext": "webm", "height": 1080, "format_note": "1080p", "vcodec": "vp9", "asr": null, "filesize": 35889802, "fps": 24, "tbr": 1737.39, "width": 1920, "acodec": "none", "downloader_options": {"http_chunk_size": 10485760}, "format": "248 - 1920x1080 (1080p)", "protocol": "https", "http_headers": {"User-Agent": "Mozilla/5.0 (Windows NT 10.0; Win64; x64) AppleWebKit/537.36 (KHTML, like Gecko) Chrome/73.0.3683.38 Safari/537.36", "Accept-Charset": "ISO-8859-1,utf-8;q=0.7,*;q=0.7", "Accept": "text/html,application/xhtml+xml,application/xml;q=0.9,*/*;q=0.8", "Accept-Encoding": "gzip, deflate", "Accept-Language": "en-us,en;q=0.5"}}, {"format_id": "137", "url": "https://r8---sn-ipoxu-u2xd.googlevideo.com/videoplayback?expire=1610392450&ei=Ik_8X_OrM4HNqAHVmaagAw&ip=220.129.26.102&id=o-ABxWKU-hF2yndRzwPzktylgWZmZXO5eJgm6mBOTfQrE4&itag=137&aitags=133%2C134%2C135%2C136%2C137%2C160%2C242%2C243%2C244%2C247%2C248%2C278&source=youtube&requiressl=yes&mh=I_&mm=31%2C29&mn=sn-ipoxu-u2xd%2Csn-un57en7e&ms=au%2Crdu&mv=m&mvi=8&pcm2cms=yes&pl=21&initcwndbps=1138750&vprv=1&mime=video%2Fmp4&ns=i1rqelFt8sfBSr3dRvGB9rgF&gir=yes&clen=37808601&dur=292.583&lmt=1592154094163139&mt=1610370516&fvip=6&keepalive=yes&c=WEB&txp=5432432&n=-2-97mEtJViV0r&sparams=expire%2Cei%2Cip%2Cid%2Caitags%2Csource%2Crequiressl%2Cvprv%2Cmime%2Cns%2Cgir%2Cclen%2Cdur%2Clmt&sig=AOq0QJ8wRQIhAP-jHX1GtYy3DLaACPQ6JxiwHBzlV-b37mMRpi-P-cr2AiAPB3yoVK0gQnqzincoZe3xMlhLDhOII0uYXLUwXE_tCA%3D%3D&lsparams=mh%2Cmm%2Cmn%2Cms%2Cmv%2Cmvi%2Cpcm2cms%2Cpl%2Cinitcwndbps&lsig=AG3C_xAwRQIhAIwArmkFw9RYCh_A9awFJUhhhOkPIi5pw6gLuxjToUiFAiAXDvNbeeAYOnCpV0tgdTmmBX_f8ZyS1OyvxDDNtIlMQg%3D%3D&ratebypass=yes", "player_url": null, "ext": "mp4", "height": 1080, "format_note": "1080p", "vcodec": "avc1.640028", "asr": null, "filesize": 37808601, "fps": 24, "tbr": 1835.372, "width": 1920, "acodec": "none", "downloader_options": {"http_chunk_size": 10485760}, "format": "137 - 1920x1080 (1080p)", "protocol": "https", "http_headers": {"User-Agent": "Mozilla/5.0 (Windows NT 10.0; Win64; x64) AppleWebKit/537.36 (KHTML, like Gecko) Chrome/73.0.3683.38 Safari/537.36", "Accept-Charset": "ISO-8859-1,utf-8;q=0.7,*;q=0.7", "Accept": "text/html,application/xhtml+xml,application/xml;q=0.9,*/*;q=0.8", "Accept-Encoding": "gzip, deflate", "Accept-Language": "en-us,en;q=0.5"}}, {"format_id": "18", "url": "https://r8---sn-ipoxu-u2xd.googlevideo.com/videoplayback?expire=1610392450&ei=Ik_8X_OrM4HNqAHVmaagAw&ip=220.129.26.102&id=o-ABxWKU-hF2yndRzwPzktylgWZmZXO5eJgm6mBOTfQrE4&itag=18&source=youtube&requiressl=yes&mh=I_&mm=31%2C29&mn=sn-ipoxu-u2xd%2Csn-un57en7e&ms=au%2Crdu&mv=m&mvi=8&pcm2cms=yes&pl=21&initcwndbps=1138750&vprv=1&mime=video%2Fmp4&ns=Oit9OniMA4NsF9HKPBxpb3AF&gir=yes&clen=14257194&ratebypass=yes&dur=292.641&lmt=1592154062745271&mt=1610370516&fvip=6&c=WEB&txp=5431432&n=Pbt5zYfRKB4rsR&sparams=expire%2Cei%2Cip%2Cid%2Citag%2Csource%2Crequiressl%2Cvprv%2Cmime%2Cns%2Cgir%2Cclen%2Cratebypass%2Cdur%2Clmt&sig=AOq0QJ8wRQIhAKv39Z-Yhf-5vd0uYpgqua4xBZR_J0zA-LZ7UWiFcisLAiA_RzmOBw42mDkVfMV3MCAvRYRuDpEAMsg7Cf7u85ahNQ%3D%3D&lsparams=mh%2Cmm%2Cmn%2Cms%2Cmv%2Cmvi%2Cpcm2cms%2Cpl%2Cinitcwndbps&lsig=AG3C_xAwRQIhAIwArmkFw9RYCh_A9awFJUhhhOkPIi5pw6gLuxjToUiFAiAXDvNbeeAYOnCpV0tgdTmmBX_f8ZyS1OyvxDDNtIlMQg%3D%3D", "player_url": null, "ext": "mp4", "width": 640, "height": 360, "acodec": "mp4a.40.2", "abr": 96, "vcodec": "avc1.42001E", "asr": 44100, "filesize": 14257194, "format_note": "360p", "fps": 24, "tbr": 389.829, "format": "18 - 640x360 (360p)", "protocol": "https", "http_headers": {"User-Agent": "Mozilla/5.0 (Windows NT 10.0; Win64; x64) AppleWebKit/537.36 (KHTML, like Gecko) Chrome/73.0.3683.38 Safari/537.36", "Accept-Charset": "ISO-8859-1,utf-8;q=0.7,*;q=0.7", "Accept": "text/html,application/xhtml+xml,application/xml;q=0.9,*/*;q=0.8", "Accept-Encoding": "gzip, deflate", "Accept-Language": "en-us,en;q=0.5"}}], "is_live": null, "start_time": null, "end_time": null, "series": null, "season_number": null, "episode_number": null, "track": null, "artist": null, "album": null, "release_date": null, "release_year": null, "extractor": "youtube", "webpage_url_basename": "watch", "extractor_key": "Youtube", "playlist": null, "playlist_index": null, "thumbnail": "https://i.ytimg.com/vi/PLfFWFZflQU/maxresdefault.jpg", "display_id": "PLfFWFZflQU", "requested_subtitles": null, "format_id": "251", "url": "https://r8---sn-ipoxu-u2xd.googlevideo.com/videoplayback?expire=1610392450&ei=Ik_8X_OrM4HNqAHVmaagAw&ip=220.129.26.102&id=o-ABxWKU-hF2yndRzwPzktylgWZmZXO5eJgm6mBOTfQrE4&itag=251&source=youtube&requiressl=yes&mh=I_&mm=31%2C29&mn=sn-ipoxu-u2xd%2Csn-un57en7e&ms=au%2Crdu&mv=m&mvi=8&pcm2cms=yes&pl=21&initcwndbps=1138750&vprv=1&mime=audio%2Fwebm&ns=i1rqelFt8sfBSr3dRvGB9rgF&gir=yes&clen=5574850&dur=292.601&lmt=1592146214636503&mt=1610370516&fvip=6&keepalive=yes&c=WEB&txp=5411222&n=-2-97mEtJViV0r&sparams=expire%2Cei%2Cip%2Cid%2Citag%2Csource%2Crequiressl%2Cvprv%2Cmime%2Cns%2Cgir%2Cclen%2Cdur%2Clmt&sig=AOq0QJ8wRAIgNVoPjVbfMEs3EdAq8_hxzLFNlh8LBq2qN15XUY2MJUkCIEHZheI_8hIYBejUscUI0Y0a6CKEGR87WwfgYBSPelax&lsparams=mh%2Cmm%2Cmn%2Cms%2Cmv%2Cmvi%2Cpcm2cms%2Cpl%2Cinitcwndbps&lsig=AG3C_xAwRQIhAIwArmkFw9RYCh_A9awFJUhhhOkPIi5pw6gLuxjToUiFAiAXDvNbeeAYOnCpV0tgdTmmBX_f8ZyS1OyvxDDNtIlMQg%3D%3D&ratebypass=yes", "player_url": null, "ext": "webm", "format_note": "tiny", "acodec": "opus", "abr": 160, "asr": 48000, "filesize": 5574850, "fps": null, "height": null, "tbr": 160.507, "width": null, "vcodec": "none", "downloader_options": {"http_chunk_size": 10485760}, "format": "251 - audio only (tiny)", "protocol": "https", "http_headers": {"User-Agent": "Mozilla/5.0 (Windows NT 10.0; Win64; x64) AppleWebKit/537.36 (KHTML, like Gecko) Chrome/73.0.3683.38 Safari/537.36", "Accept-Charset": "ISO-8859-1,utf-8;q=0.7,*;q=0.7", "Accept": "text/html,application/xhtml+xml,application/xml;q=0.9,*/*;q=0.8", "Accept-Encoding": "gzip, deflate", "Accept-Language": "en-us,en;q=0.5"}}