{"id": "rrD7XMtPs0Q", "uploader": "Jurrivh", "uploader_id": "Jurrivh", "uploader_url": "http://www.youtube.com/user/Jurrivh", "channel_id": "UCLh10hzbQJPg0Hho1VdGXwA", "channel_url": "http://www.youtube.com/channel/UCLh10hzbQJPg0Hho1VdGXwA", "upload_date": "20200202", "license": null, "creator": null, "title": "ONE LAST TIME - Love Piano Ballad Istrumental Song", "alt_title": null, "thumbnails": [{"url": "https://i.ytimg.com/vi/rrD7XMtPs0Q/hqdefault.jpg?sqp=-oaymwEYCKgBEF5IVfKriqkDCwgBFQAAiEIYAXAB&rs=AOn4CLAHf3z2anhqt9-BKghI7aCXGl-Nrg", "width": 168, "height": 94, "resolution": "168x94", "id": "0"}, {"url": "https://i.ytimg.com/vi/rrD7XMtPs0Q/hqdefault.jpg?sqp=-oaymwEYCMQBEG5IVfKriqkDCwgBFQAAiEIYAXAB&rs=AOn4CLB9phW5e5LYQGDVoEDedKy-lVR-Yw", "width": 196, "height": 110, "resolution": "196x110", "id": "1"}, {"url": "https://i.ytimg.com/vi/rrD7XMtPs0Q/hqdefault.jpg?sqp=-oaymwEZCPYBEIoBSFXyq4qpAwsIARUAAIhCGAFwAQ==&rs=AOn4CLAhM-EvT8EG8-1JFeqbhbU7-WnQdQ", "width": 246, "height": 138, "resolution": "246x138", "id": "2"}, {"url": "https://i.ytimg.com/vi/rrD7XMtPs0Q/hqdefault.jpg?sqp=-oaymwEZCNACELwBSFXyq4qpAwsIARUAAIhCGAFwAQ==&rs=AOn4CLD2qLQ8XsGnE-CLU9QuuNzOjfwSDA", "width": 336, "height": 188, "resolution": "336x188", "id": "3"}, {"url": "https://i.ytimg.com/vi_webp/rrD7XMtPs0Q/maxresdefault.webp", "width": 1920, "height": 1080, "resolution": "1920x1080", "id": "4"}], "description": "Love Piano Ballad Instrumental Song Composed by Jurrivh. \n\n\u25b6 Subscribe for more Music: http://bit.ly/SubToJurrivh\n\ud83d\udcb0 Purchase (License): https://audiojungle.net/item/inspiring-romantic-wedding/26529749 \n\nSocial Media\nInstagram: https://www.instagram.com/jurrivh/\nTwitter: http://twitter.com/jurrivh\nFacebook: https://www.facebook.com/jurrivh/\n\nSubscribe for New Music every Sunday 5pm (CET)!\n#PianoBallad #Love #PianoSong", "categories": ["Music"], "tags": ["Piano Love Ballad", "Piano Love Ballad Instrumental Song", "Jurrivh", "Jurrivh Piano", "Piano Ballad For Singers", "Piano For Singers", "Love Ballad Instrumental", "Piano Love Instrumental", "Piano Song", "Piano Instrumental Song", "One Last Time", "Jurrivh One Last Time", "One Last Time Instrumental", "ONE LAST TIME - Love Piano Ballad Istrumental Song", "One Last Time Ballad", "Love Piano Ballad", "Piano Ballad", "Piano Music"], "subtitles": {}, "automatic_captions": {}, "duration": 224, "age_limit": 0, "annotations": null, "chapters": null, "webpage_url": "https://www.youtube.com/watch?v=rrD7XMtPs0Q", "view_count": 244169, "like_count": 6073, "dislike_count": 60, "average_rating": 4.9608674, "formats": [{"format_id": "249", "url": "https://r7---sn-ipoxu-u2x6.googlevideo.com/videoplayback?expire=1610392281&ei=eU78X-GtOIjerQTn24FI&ip=220.129.26.102&id=o-AMEaYZwrdVuy0bh-48n_6zAnovIqDQIcF9UBjkI4k5vi&itag=249&source=youtube&requiressl=yes&mh=hA&mm=31%2C29&mn=sn-ipoxu-u2x6%2Csn-un57en7e&ms=au%2Crdu&mv=m&mvi=7&pcm2cms=yes&pl=21&initcwndbps=1117500&vprv=1&mime=audio%2Fwebm&ns=t4lZyMGjgISgyZWOHyWDNYYF&gir=yes&clen=1546585&dur=223.861&lmt=1580662015291172&mt=1610370272&fvip=2&keepalive=yes&c=WEB&txp=5531432&n=MTDGpqgJ3G4dyG&sparams=expire%2Cei%2Cip%2Cid%2Citag%2Csource%2Crequiressl%2Cvprv%2Cmime%2Cns%2Cgir%2Cclen%2Cdur%2Clmt&sig=AOq0QJ8wRQIgUmMp-vUtCdT94Xk9fVJuBcCMjFLnvC_XBPgSbYT2yskCIQDvFU7qMVDHVYIvbHsmztIbLLnf--B1fZLD2_XZi-BaOg%3D%3D&lsparams=mh%2Cmm%2Cmn%2Cms%2Cmv%2Cmvi%2Cpcm2cms%2Cpl%2Cinitcwndbps&lsig=AG3C_xAwRAIgDGH0reBRfYgfQKtAxN5jeW5BOxsn8uDCFQJtsIXiAqUCIBJIGzhM0y8N9KL3im1rUHRh2zH4myQOob_jly2FHBWD&ratebypass=yes", "player_url": null, "ext": "webm", "format_note": "tiny", "acodec": "opus", "abr": 50, "asr": 48000, "filesize": 1546585, "fps": null, "height": null, "tbr": 61.168, "width": null, "vcodec": "none", "downloader_options": {"http_chunk_size": 10485760}, "format": "249 - audio only (tiny)", "protocol": "https", "http_headers": {"User-Agent": "Mozilla/5.0 (Windows NT 10.0; Win64; x64) AppleWebKit/537.36 (KHTML, like Gecko) Chrome/73.0.3683.38 Safari/537.36", "Accept-Charset": "ISO-8859-1,utf-8;q=0.7,*;q=0.7", "Accept": "text/html,application/xhtml+xml,application/xml;q=0.9,*/*;q=0.8", "Accept-Encoding": "gzip, deflate", "Accept-Language": "en-us,en;q=0.5"}}, {"format_id": "250", "url": "https://r7---sn-ipoxu-u2x6.googlevideo.com/videoplayback?expire=1610392281&ei=eU78X-GtOIjerQTn24FI&ip=220.129.26.102&id=o-AMEaYZwrdVuy0bh-48n_6zAnovIqDQIcF9UBjkI4k5vi&itag=250&source=youtube&requiressl=yes&mh=hA&mm=31%2C29&mn=sn-ipoxu-u2x6%2Csn-un57en7e&ms=au%2Crdu&mv=m&mvi=7&pcm2cms=yes&pl=21&initcwndbps=1117500&vprv=1&mime=audio%2Fwebm&ns=t4lZyMGjgISgyZWOHyWDNYYF&gir=yes&clen=2078519&dur=223.861&lmt=1580662020145287&mt=1610370272&fvip=2&keepalive=yes&c=WEB&txp=5531432&n=MTDGpqgJ3G4dyG&sparams=expire%2Cei%2Cip%2Cid%2Citag%2Csource%2Crequiressl%2Cvprv%2Cmime%2Cns%2Cgir%2Cclen%2Cdur%2Clmt&sig=AOq0QJ8wRgIhAPnKdEQl0UtYBVO5bIOgAoXRpPNWRiXOaQbaG6be0JQfAiEA2LegBCliTK1ugE0HHypaybv7eDgAFW-GllYXxlz4L00%3D&lsparams=mh%2Cmm%2Cmn%2Cms%2Cmv%2Cmvi%2Cpcm2cms%2Cpl%2Cinitcwndbps&lsig=AG3C_xAwRAIgDGH0reBRfYgfQKtAxN5jeW5BOxsn8uDCFQJtsIXiAqUCIBJIGzhM0y8N9KL3im1rUHRh2zH4myQOob_jly2FHBWD&ratebypass=yes", "player_url": null, "ext": "webm", "format_note": "tiny", "acodec": "opus", "abr": 70, "asr": 48000, "filesize": 2078519, "fps": null, "height": null, "tbr": 81.403, "width": null, "vcodec": "none", "downloader_options": {"http_chunk_size": 10485760}, "format": "250 - audio only (tiny)", "protocol": "https", "http_headers": {"User-Agent": "Mozilla/5.0 (Windows NT 10.0; Win64; x64) AppleWebKit/537.36 (KHTML, like Gecko) Chrome/73.0.3683.38 Safari/537.36", "Accept-Charset": "ISO-8859-1,utf-8;q=0.7,*;q=0.7", "Accept": "text/html,application/xhtml+xml,application/xml;q=0.9,*/*;q=0.8", "Accept-Encoding": "gzip, deflate", "Accept-Language": "en-us,en;q=0.5"}}, {"format_id": "140", "url": "https://r7---sn-ipoxu-u2x6.googlevideo.com/videoplayback?expire=1610392281&ei=eU78X-GtOIjerQTn24FI&ip=220.129.26.102&id=o-AMEaYZwrdVuy0bh-48n_6zAnovIqDQIcF9UBjkI4k5vi&itag=140&source=youtube&requiressl=yes&mh=hA&mm=31%2C29&mn=sn-ipoxu-u2x6%2Csn-un57en7e&ms=au%2Crdu&mv=m&mvi=7&pcm2cms=yes&pl=21&initcwndbps=1117500&vprv=1&mime=audio%2Fmp4&ns=t4lZyMGjgISgyZWOHyWDNYYF&gir=yes&clen=3624415&dur=223.886&lmt=1580662052052659&mt=1610370272&fvip=2&keepalive=yes&c=WEB&txp=5531432&n=MTDGpqgJ3G4dyG&sparams=expire%2Cei%2Cip%2Cid%2Citag%2Csource%2Crequiressl%2Cvprv%2Cmime%2Cns%2Cgir%2Cclen%2Cdur%2Clmt&sig=AOq0QJ8wRQIhAM0mZjcUUolvRGWwu7BA1KNr0BIhJbKP42jnsKM4I8w3AiAYxpVBei6X6q_6gHAwS7-qrSqWzl0q2JBPbAJ8bZ4Olg%3D%3D&lsparams=mh%2Cmm%2Cmn%2Cms%2Cmv%2Cmvi%2Cpcm2cms%2Cpl%2Cinitcwndbps&lsig=AG3C_xAwRAIgDGH0reBRfYgfQKtAxN5jeW5BOxsn8uDCFQJtsIXiAqUCIBJIGzhM0y8N9KL3im1rUHRh2zH4myQOob_jly2FHBWD&ratebypass=yes", "player_url": null, "ext": "m4a", "format_note": "tiny", "acodec": "mp4a.40.2", "abr": 128, "container": "m4a_dash", "asr": 44100, "filesize": 3624415, "fps": null, "height": null, "tbr": 130.51, "width": null, "vcodec": "none", "downloader_options": {"http_chunk_size": 10485760}, "format": "140 - audio only (tiny)", "protocol": "https", "http_headers": {"User-Agent": "Mozilla/5.0 (Windows NT 10.0; Win64; x64) AppleWebKit/537.36 (KHTML, like Gecko) Chrome/73.0.3683.38 Safari/537.36", "Accept-Charset": "ISO-8859-1,utf-8;q=0.7,*;q=0.7", "Accept": "text/html,application/xhtml+xml,application/xml;q=0.9,*/*;q=0.8", "Accept-Encoding": "gzip, deflate", "Accept-Language": "en-us,en;q=0.5"}}, {"format_id": "251", "url": "https://r7---sn-ipoxu-u2x6.googlevideo.com/videoplayback?expire=1610392281&ei=eU78X-GtOIjerQTn24FI&ip=220.129.26.102&id=o-AMEaYZwrdVuy0bh-48n_6zAnovIqDQIcF9UBjkI4k5vi&itag=251&source=youtube&requiressl=yes&mh=hA&mm=31%2C29&mn=sn-ipoxu-u2x6%2Csn-un57en7e&ms=au%2Crdu&mv=m&mvi=7&pcm2cms=yes&pl=21&initcwndbps=1117500&vprv=1&mime=audio%2Fwebm&ns=t4lZyMGjgISgyZWOHyWDNYYF&gir=yes&clen=3992496&dur=223.861&lmt=1580662024873353&mt=1610370272&fvip=2&keepalive=yes&c=WEB&txp=5531432&n=MTDGpqgJ3G4dyG&sparams=expire%2Cei%2Cip%2Cid%2Citag%2Csource%2Crequiressl%2Cvprv%2Cmime%2Cns%2Cgir%2Cclen%2Cdur%2Clmt&sig=AOq0QJ8wRgIhALRMMY6G_MQkqlHkDQDw5OskzAcRIw-xQVQeaeDWXLJUAiEA4UEzsjLhmNAP9q_mwJRtO6C5-KWamUHVjjvBxkjFe04%3D&lsparams=mh%2Cmm%2Cmn%2Cms%2Cmv%2Cmvi%2Cpcm2cms%2Cpl%2Cinitcwndbps&lsig=AG3C_xAwRAIgDGH0reBRfYgfQKtAxN5jeW5BOxsn8uDCFQJtsIXiAqUCIBJIGzhM0y8N9KL3im1rUHRh2zH4myQOob_jly2FHBWD&ratebypass=yes", "player_url": null, "ext": "webm", "format_note": "tiny", "acodec": "opus", "abr": 160, "asr": 48000, "filesize": 3992496, "fps": null, "height": null, "tbr": 151.632, "width": null, "vcodec": "none", "downloader_options": {"http_chunk_size": 10485760}, "format": "251 - audio only (tiny)", "protocol": "https", "http_headers": {"User-Agent": "Mozilla/5.0 (Windows NT 10.0; Win64; x64) AppleWebKit/537.36 (KHTML, like Gecko) Chrome/73.0.3683.38 Safari/537.36", "Accept-Charset": "ISO-8859-1,utf-8;q=0.7,*;q=0.7", "Accept": "text/html,application/xhtml+xml,application/xml;q=0.9,*/*;q=0.8", "Accept-Encoding": "gzip, deflate", "Accept-Language": "en-us,en;q=0.5"}}, {"format_id": "160", "url": "https://r7---sn-ipoxu-u2x6.googlevideo.com/videoplayback?expire=1610392281&ei=eU78X-GtOIjerQTn24FI&ip=220.129.26.102&id=o-AMEaYZwrdVuy0bh-48n_6zAnovIqDQIcF9UBjkI4k5vi&itag=160&aitags=133%2C134%2C135%2C136%2C137%2C160%2C242%2C243%2C244%2C247%2C248%2C278&source=youtube&requiressl=yes&mh=hA&mm=31%2C29&mn=sn-ipoxu-u2x6%2Csn-un57en7e&ms=au%2Crdu&mv=m&mvi=7&pcm2cms=yes&pl=21&initcwndbps=1117500&vprv=1&mime=video%2Fmp4&ns=t4lZyMGjgISgyZWOHyWDNYYF&gir=yes&clen=1090013&dur=223.833&lmt=1580663042906512&mt=1610370272&fvip=2&keepalive=yes&c=WEB&txp=5535432&n=MTDGpqgJ3G4dyG&sparams=expire%2Cei%2Cip%2Cid%2Caitags%2Csource%2Crequiressl%2Cvprv%2Cmime%2Cns%2Cgir%2Cclen%2Cdur%2Clmt&sig=AOq0QJ8wRQIhAKmTgv9ZN9A1Tlno5YtzgKaVjU_WwF5EYV2SV0fdxyOiAiBFv_rJbbvJJpAsHUkCeosAWSVda6OCHEC0OhcByLoXlg%3D%3D&lsparams=mh%2Cmm%2Cmn%2Cms%2Cmv%2Cmvi%2Cpcm2cms%2Cpl%2Cinitcwndbps&lsig=AG3C_xAwRAIgDGH0reBRfYgfQKtAxN5jeW5BOxsn8uDCFQJtsIXiAqUCIBJIGzhM0y8N9KL3im1rUHRh2zH4myQOob_jly2FHBWD&ratebypass=yes", "player_url": null, "ext": "mp4", "height": 144, "format_note": "144p", "vcodec": "avc1.4d400c", "asr": null, "filesize": 1090013, "fps": 24, "tbr": 65.785, "width": 256, "acodec": "none", "downloader_options": {"http_chunk_size": 10485760}, "format": "160 - 256x144 (144p)", "protocol": "https", "http_headers": {"User-Agent": "Mozilla/5.0 (Windows NT 10.0; Win64; x64) AppleWebKit/537.36 (KHTML, like Gecko) Chrome/73.0.3683.38 Safari/537.36", "Accept-Charset": "ISO-8859-1,utf-8;q=0.7,*;q=0.7", "Accept": "text/html,application/xhtml+xml,application/xml;q=0.9,*/*;q=0.8", "Accept-Encoding": "gzip, deflate", "Accept-Language": "en-us,en;q=0.5"}}, {"format_id": "278", "url": "https://r7---sn-ipoxu-u2x6.googlevideo.com/videoplayback?expire=1610392281&ei=eU78X-GtOIjerQTn24FI&ip=220.129.26.102&id=o-AMEaYZwrdVuy0bh-48n_6zAnovIqDQIcF9UBjkI4k5vi&itag=278&aitags=133%2C134%2C135%2C136%2C137%2C160%2C242%2C243%2C244%2C247%2C248%2C278&source=youtube&requiressl=yes&mh=hA&mm=31%2C29&mn=sn-ipoxu-u2x6%2Csn-un57en7e&ms=au%2Crdu&mv=m&mvi=7&pcm2cms=yes&pl=21&initcwndbps=1117500&vprv=1&mime=video%2Fwebm&ns=t4lZyMGjgISgyZWOHyWDNYYF&gir=yes&clen=2021110&dur=223.833&lmt=1580664340486628&mt=1610370272&fvip=2&keepalive=yes&c=WEB&txp=5535432&n=MTDGpqgJ3G4dyG&sparams=expire%2Cei%2Cip%2Cid%2Caitags%2Csource%2Crequiressl%2Cvprv%2Cmime%2Cns%2Cgir%2Cclen%2Cdur%2Clmt&sig=AOq0QJ8wRAIgdt49AlYrrEVpdtCcfPH5bh6g97qBkqhw53uqQv6cwa4CIEdY_ZM5KdKh-07pQ3hMZGJhYBrxalm5LR6Eyx4126l_&lsparams=mh%2Cmm%2Cmn%2Cms%2Cmv%2Cmvi%2Cpcm2cms%2Cpl%2Cinitcwndbps&lsig=AG3C_xAwRAIgDGH0reBRfYgfQKtAxN5jeW5BOxsn8uDCFQJtsIXiAqUCIBJIGzhM0y8N9KL3im1rUHRh2zH4myQOob_jly2FHBWD&ratebypass=yes", "player_url": null, "ext": "webm", "height": 144, "format_note": "144p", "container": "webm", "vcodec": "vp9", "asr": null, "filesize": 2021110, "fps": 24, "tbr": 88.617, "width": 256, "acodec": "none", "downloader_options": {"http_chunk_size": 10485760}, "format": "278 - 256x144 (144p)", "protocol": "https", "http_headers": {"User-Agent": "Mozilla/5.0 (Windows NT 10.0; Win64; x64) AppleWebKit/537.36 (KHTML, like Gecko) Chrome/73.0.3683.38 Safari/537.36", "Accept-Charset": "ISO-8859-1,utf-8;q=0.7,*;q=0.7", "Accept": "text/html,application/xhtml+xml,application/xml;q=0.9,*/*;q=0.8", "Accept-Encoding": "gzip, deflate", "Accept-Language": "en-us,en;q=0.5"}}, {"format_id": "133", "url": "https://r7---sn-ipoxu-u2x6.googlevideo.com/videoplayback?expire=1610392281&ei=eU78X-GtOIjerQTn24FI&ip=220.129.26.102&id=o-AMEaYZwrdVuy0bh-48n_6zAnovIqDQIcF9UBjkI4k5vi&itag=133&aitags=133%2C134%2C135%2C136%2C137%2C160%2C242%2C243%2C244%2C247%2C248%2C278&source=youtube&requiressl=yes&mh=hA&mm=31%2C29&mn=sn-ipoxu-u2x6%2Csn-un57en7e&ms=au%2Crdu&mv=m&mvi=7&pcm2cms=yes&pl=21&initcwndbps=1117500&vprv=1&mime=video%2Fmp4&ns=t4lZyMGjgISgyZWOHyWDNYYF&gir=yes&clen=1887169&dur=223.833&lmt=1580663042908272&mt=1610370272&fvip=2&keepalive=yes&c=WEB&txp=5535432&n=MTDGpqgJ3G4dyG&sparams=expire%2Cei%2Cip%2Cid%2Caitags%2Csource%2Crequiressl%2Cvprv%2Cmime%2Cns%2Cgir%2Cclen%2Cdur%2Clmt&sig=AOq0QJ8wRAIgbH_QqtYmYtTi6rDxjD_vxceOAvh0FQ2fXLKPjk0zTnMCIBosR6p_399o21GqxyaBfSbAiAPGATgm-hNFCJZfDQ2f&lsparams=mh%2Cmm%2Cmn%2Cms%2Cmv%2Cmvi%2Cpcm2cms%2Cpl%2Cinitcwndbps&lsig=AG3C_xAwRAIgDGH0reBRfYgfQKtAxN5jeW5BOxsn8uDCFQJtsIXiAqUCIBJIGzhM0y8N9KL3im1rUHRh2zH4myQOob_jly2FHBWD&ratebypass=yes", "player_url": null, "ext": "mp4", "height": 240, "format_note": "240p", "vcodec": "avc1.4d4015", "asr": null, "filesize": 1887169, "fps": 24, "tbr": 118.162, "width": 426, "acodec": "none", "downloader_options": {"http_chunk_size": 10485760}, "format": "133 - 426x240 (240p)", "protocol": "https", "http_headers": {"User-Agent": "Mozilla/5.0 (Windows NT 10.0; Win64; x64) AppleWebKit/537.36 (KHTML, like Gecko) Chrome/73.0.3683.38 Safari/537.36", "Accept-Charset": "ISO-8859-1,utf-8;q=0.7,*;q=0.7", "Accept": "text/html,application/xhtml+xml,application/xml;q=0.9,*/*;q=0.8", "Accept-Encoding": "gzip, deflate", "Accept-Language": "en-us,en;q=0.5"}}, {"format_id": "242", "url": "https://r7---sn-ipoxu-u2x6.googlevideo.com/videoplayback?expire=1610392281&ei=eU78X-GtOIjerQTn24FI&ip=220.129.26.102&id=o-AMEaYZwrdVuy0bh-48n_6zAnovIqDQIcF9UBjkI4k5vi&itag=242&aitags=133%2C134%2C135%2C136%2C137%2C160%2C242%2C243%2C244%2C247%2C248%2C278&source=youtube&requiressl=yes&mh=hA&mm=31%2C29&mn=sn-ipoxu-u2x6%2Csn-un57en7e&ms=au%2Crdu&mv=m&mvi=7&pcm2cms=yes&pl=21&initcwndbps=1117500&vprv=1&mime=video%2Fwebm&ns=t4lZyMGjgISgyZWOHyWDNYYF&gir=yes&clen=2157522&dur=223.833&lmt=1580664340502749&mt=1610370272&fvip=2&keepalive=yes&c=WEB&txp=5535432&n=MTDGpqgJ3G4dyG&sparams=expire%2Cei%2Cip%2Cid%2Caitags%2Csource%2Crequiressl%2Cvprv%2Cmime%2Cns%2Cgir%2Cclen%2Cdur%2Clmt&sig=AOq0QJ8wRAIgHjBRX5_nRsdOleFEC-mBxMv2EwltZ7b0EtyFc_t2bX0CIC0XDOz5X-x7V805m5UTQ_zR_743Mjb79eoskA_uhUyL&lsparams=mh%2Cmm%2Cmn%2Cms%2Cmv%2Cmvi%2Cpcm2cms%2Cpl%2Cinitcwndbps&lsig=AG3C_xAwRAIgDGH0reBRfYgfQKtAxN5jeW5BOxsn8uDCFQJtsIXiAqUCIBJIGzhM0y8N9KL3im1rUHRh2zH4myQOob_jly2FHBWD&ratebypass=yes", "player_url": null, "ext": "webm", "height": 240, "format_note": "240p", "vcodec": "vp9", "asr": null, "filesize": 2157522, "fps": 24, "tbr": 121.548, "width": 426, "acodec": "none", "downloader_options": {"http_chunk_size": 10485760}, "format": "242 - 426x240 (240p)", "protocol": "https", "http_headers": {"User-Agent": "Mozilla/5.0 (Windows NT 10.0; Win64; x64) AppleWebKit/537.36 (KHTML, like Gecko) Chrome/73.0.3683.38 Safari/537.36", "Accept-Charset": "ISO-8859-1,utf-8;q=0.7,*;q=0.7", "Accept": "text/html,application/xhtml+xml,application/xml;q=0.9,*/*;q=0.8", "Accept-Encoding": "gzip, deflate", "Accept-Language": "en-us,en;q=0.5"}}, {"format_id": "243", "url": "https://r7---sn-ipoxu-u2x6.googlevideo.com/videoplayback?expire=1610392281&ei=eU78X-GtOIjerQTn24FI&ip=220.129.26.102&id=o-AMEaYZwrdVuy0bh-48n_6zAnovIqDQIcF9UBjkI4k5vi&itag=243&aitags=133%2C134%2C135%2C136%2C137%2C160%2C242%2C243%2C244%2C247%2C248%2C278&source=youtube&requiressl=yes&mh=hA&mm=31%2C29&mn=sn-ipoxu-u2x6%2Csn-un57en7e&ms=au%2Crdu&mv=m&mvi=7&pcm2cms=yes&pl=21&initcwndbps=1117500&vprv=1&mime=video%2Fwebm&ns=t4lZyMGjgISgyZWOHyWDNYYF&gir=yes&clen=3243262&dur=223.833&lmt=1580664340489614&mt=1610370272&fvip=2&keepalive=yes&c=WEB&txp=5535432&n=MTDGpqgJ3G4dyG&sparams=expire%2Cei%2Cip%2Cid%2Caitags%2Csource%2Crequiressl%2Cvprv%2Cmime%2Cns%2Cgir%2Cclen%2Cdur%2Clmt&sig=AOq0QJ8wRQIhAJVVACCGQmI7h1ZMjPmq4lHToQelfcMRoWeX4YJor-KoAiAoRtdVsNW13_l_FvMgNI2UM-Vflul5t55kEPE-aNbgSw%3D%3D&lsparams=mh%2Cmm%2Cmn%2Cms%2Cmv%2Cmvi%2Cpcm2cms%2Cpl%2Cinitcwndbps&lsig=AG3C_xAwRAIgDGH0reBRfYgfQKtAxN5jeW5BOxsn8uDCFQJtsIXiAqUCIBJIGzhM0y8N9KL3im1rUHRh2zH4myQOob_jly2FHBWD&ratebypass=yes", "player_url": null, "ext": "webm", "height": 360, "format_note": "360p", "vcodec": "vp9", "asr": null, "filesize": 3243262, "fps": 24, "tbr": 190.414, "width": 640, "acodec": "none", "downloader_options": {"http_chunk_size": 10485760}, "format": "243 - 640x360 (360p)", "protocol": "https", "http_headers": {"User-Agent": "Mozilla/5.0 (Windows NT 10.0; Win64; x64) AppleWebKit/537.36 (KHTML, like Gecko) Chrome/73.0.3683.38 Safari/537.36", "Accept-Charset": "ISO-8859-1,utf-8;q=0.7,*;q=0.7", "Accept": "text/html,application/xhtml+xml,application/xml;q=0.9,*/*;q=0.8", "Accept-Encoding": "gzip, deflate", "Accept-Language": "en-us,en;q=0.5"}}, {"format_id": "134", "url": "https://r7---sn-ipoxu-u2x6.googlevideo.com/videoplayback?expire=1610392281&ei=eU78X-GtOIjerQTn24FI&ip=220.129.26.102&id=o-AMEaYZwrdVuy0bh-48n_6zAnovIqDQIcF9UBjkI4k5vi&itag=134&aitags=133%2C134%2C135%2C136%2C137%2C160%2C242%2C243%2C244%2C247%2C248%2C278&source=youtube&requiressl=yes&mh=hA&mm=31%2C29&mn=sn-ipoxu-u2x6%2Csn-un57en7e&ms=au%2Crdu&mv=m&mvi=7&pcm2cms=yes&pl=21&initcwndbps=1117500&vprv=1&mime=video%2Fmp4&ns=t4lZyMGjgISgyZWOHyWDNYYF&gir=yes&clen=3023101&dur=223.833&lmt=1580663042903117&mt=1610370272&fvip=2&keepalive=yes&c=WEB&txp=5535432&n=MTDGpqgJ3G4dyG&sparams=expire%2Cei%2Cip%2Cid%2Caitags%2Csource%2Crequiressl%2Cvprv%2Cmime%2Cns%2Cgir%2Cclen%2Cdur%2Clmt&sig=AOq0QJ8wRQIhAJSgvnuFkfTDDm-kmi69KXtfNcVA2oPJcW-Z5nTzSylYAiB0lFHAYjPetWBdwBcsvgjbawrY2Wv0xsG9JAr7aDxCWA%3D%3D&lsparams=mh%2Cmm%2Cmn%2Cms%2Cmv%2Cmvi%2Cpcm2cms%2Cpl%2Cinitcwndbps&lsig=AG3C_xAwRAIgDGH0reBRfYgfQKtAxN5jeW5BOxsn8uDCFQJtsIXiAqUCIBJIGzhM0y8N9KL3im1rUHRh2zH4myQOob_jly2FHBWD&ratebypass=yes", "player_url": null, "ext": "mp4", "height": 360, "format_note": "360p", "vcodec": "avc1.4d401e", "asr": null, "filesize": 3023101, "fps": 24, "tbr": 200.747, "width": 640, "acodec": "none", "downloader_options": {"http_chunk_size": 10485760}, "format": "134 - 640x360 (360p)", "protocol": "https", "http_headers": {"User-Agent": "Mozilla/5.0 (Windows NT 10.0; Win64; x64) AppleWebKit/537.36 (KHTML, like Gecko) Chrome/73.0.3683.38 Safari/537.36", "Accept-Charset": "ISO-8859-1,utf-8;q=0.7,*;q=0.7", "Accept": "text/html,application/xhtml+xml,application/xml;q=0.9,*/*;q=0.8", "Accept-Encoding": "gzip, deflate", "Accept-Language": "en-us,en;q=0.5"}}, {"format_id": "244", "url": "https://r7---sn-ipoxu-u2x6.googlevideo.com/videoplayback?expire=1610392281&ei=eU78X-GtOIjerQTn24FI&ip=220.129.26.102&id=o-AMEaYZwrdVuy0bh-48n_6zAnovIqDQIcF9UBjkI4k5vi&itag=244&aitags=133%2C134%2C135%2C136%2C137%2C160%2C242%2C243%2C244%2C247%2C248%2C278&source=youtube&requiressl=yes&mh=hA&mm=31%2C29&mn=sn-ipoxu-u2x6%2Csn-un57en7e&ms=au%2Crdu&mv=m&mvi=7&pcm2cms=yes&pl=21&initcwndbps=1117500&vprv=1&mime=video%2Fwebm&ns=t4lZyMGjgISgyZWOHyWDNYYF&gir=yes&clen=4491623&dur=223.833&lmt=1580664340577951&mt=1610370272&fvip=2&keepalive=yes&c=WEB&txp=5535432&n=MTDGpqgJ3G4dyG&sparams=expire%2Cei%2Cip%2Cid%2Caitags%2Csource%2Crequiressl%2Cvprv%2Cmime%2Cns%2Cgir%2Cclen%2Cdur%2Clmt&sig=AOq0QJ8wRQIhANB4XUwY5v28fG2ptsR-v2tMc8EqfEkBFZztg66b3nw8AiAKhfTM5z4JCg9tQkkZBvnO0xyx7trMF-O9rbAw8QGcQg%3D%3D&lsparams=mh%2Cmm%2Cmn%2Cms%2Cmv%2Cmvi%2Cpcm2cms%2Cpl%2Cinitcwndbps&lsig=AG3C_xAwRAIgDGH0reBRfYgfQKtAxN5jeW5BOxsn8uDCFQJtsIXiAqUCIBJIGzhM0y8N9KL3im1rUHRh2zH4myQOob_jly2FHBWD&ratebypass=yes", "player_url": null, "ext": "webm", "height": 480, "format_note": "480p", "vcodec": "vp9", "asr": null, "filesize": 4491623, "fps": 24, "tbr": 258.436, "width": 854, "acodec": "none", "downloader_options": {"http_chunk_size": 10485760}, "format": "244 - 854x480 (480p)", "protocol": "https", "http_headers": {"User-Agent": "Mozilla/5.0 (Windows NT 10.0; Win64; x64) AppleWebKit/537.36 (KHTML, like Gecko) Chrome/73.0.3683.38 Safari/537.36", "Accept-Charset": "ISO-8859-1,utf-8;q=0.7,*;q=0.7", "Accept": "text/html,application/xhtml+xml,application/xml;q=0.9,*/*;q=0.8", "Accept-Encoding": "gzip, deflate", "Accept-Language": "en-us,en;q=0.5"}}, {"format_id": "135", "url": "https://r7---sn-ipoxu-u2x6.googlevideo.com/videoplayback?expire=1610392281&ei=eU78X-GtOIjerQTn24FI&ip=220.129.26.102&id=o-AMEaYZwrdVuy0bh-48n_6zAnovIqDQIcF9UBjkI4k5vi&itag=135&aitags=133%2C134%2C135%2C136%2C137%2C160%2C242%2C243%2C244%2C247%2C248%2C278&source=youtube&requiressl=yes&mh=hA&mm=31%2C29&mn=sn-ipoxu-u2x6%2Csn-un57en7e&ms=au%2Crdu&mv=m&mvi=7&pcm2cms=yes&pl=21&initcwndbps=1117500&vprv=1&mime=video%2Fmp4&ns=t4lZyMGjgISgyZWOHyWDNYYF&gir=yes&clen=4132653&dur=223.833&lmt=1580663042907516&mt=1610370272&fvip=2&keepalive=yes&c=WEB&txp=5535432&n=MTDGpqgJ3G4dyG&sparams=expire%2Cei%2Cip%2Cid%2Caitags%2Csource%2Crequiressl%2Cvprv%2Cmime%2Cns%2Cgir%2Cclen%2Cdur%2Clmt&sig=AOq0QJ8wRgIhAPI0S9H3eyksT-JLB953SmqBcOqM0g-jvTGYdkiT41nLAiEA_cLc6sXEJVyGccWK4Nbttys5ROYXD9AxAnaeaeQ3jmI%3D&lsparams=mh%2Cmm%2Cmn%2Cms%2Cmv%2Cmvi%2Cpcm2cms%2Cpl%2Cinitcwndbps&lsig=AG3C_xAwRAIgDGH0reBRfYgfQKtAxN5jeW5BOxsn8uDCFQJtsIXiAqUCIBJIGzhM0y8N9KL3im1rUHRh2zH4myQOob_jly2FHBWD&ratebypass=yes", "player_url": null, "ext": "mp4", "height": 480, "format_note": "480p", "vcodec": "avc1.4d401e", "asr": null, "filesize": 4132653, "fps": 24, "tbr": 270.946, "width": 854, "acodec": "none", "downloader_options": {"http_chunk_size": 10485760}, "format": "135 - 854x480 (480p)", "protocol": "https", "http_headers": {"User-Agent": "Mozilla/5.0 (Windows NT 10.0; Win64; x64) AppleWebKit/537.36 (KHTML, like Gecko) Chrome/73.0.3683.38 Safari/537.36", "Accept-Charset": "ISO-8859-1,utf-8;q=0.7,*;q=0.7", "Accept": "text/html,application/xhtml+xml,application/xml;q=0.9,*/*;q=0.8", "Accept-Encoding": "gzip, deflate", "Accept-Language": "en-us,en;q=0.5"}}, {"format_id": "136", "url": "https://r7---sn-ipoxu-u2x6.googlevideo.com/videoplayback?expire=1610392281&ei=eU78X-GtOIjerQTn24FI&ip=220.129.26.102&id=o-AMEaYZwrdVuy0bh-48n_6zAnovIqDQIcF9UBjkI4k5vi&itag=136&aitags=133%2C134%2C135%2C136%2C137%2C160%2C242%2C243%2C244%2C247%2C248%2C278&source=youtube&requiressl=yes&mh=hA&mm=31%2C29&mn=sn-ipoxu-u2x6%2Csn-un57en7e&ms=au%2Crdu&mv=m&mvi=7&pcm2cms=yes&pl=21&initcwndbps=1117500&vprv=1&mime=video%2Fmp4&ns=t4lZyMGjgISgyZWOHyWDNYYF&gir=yes&clen=6697381&dur=223.833&lmt=1580663042911216&mt=1610370272&fvip=2&keepalive=yes&c=WEB&txp=5535432&n=MTDGpqgJ3G4dyG&sparams=expire%2Cei%2Cip%2Cid%2Caitags%2Csource%2Crequiressl%2Cvprv%2Cmime%2Cns%2Cgir%2Cclen%2Cdur%2Clmt&sig=AOq0QJ8wRgIhAN6WOQeL3KVzp2Pif37ysfuHP0zH2ez96DWBregyi1BJAiEAnebX11cX3H7kkJq3XBqaKiw1c9kjglel8NxD2tf3s88%3D&lsparams=mh%2Cmm%2Cmn%2Cms%2Cmv%2Cmvi%2Cpcm2cms%2Cpl%2Cinitcwndbps&lsig=AG3C_xAwRAIgDGH0reBRfYgfQKtAxN5jeW5BOxsn8uDCFQJtsIXiAqUCIBJIGzhM0y8N9KL3im1rUHRh2zH4myQOob_jly2FHBWD&ratebypass=yes", "player_url": null, "ext": "mp4", "height": 720, "format_note": "720p", "vcodec": "avc1.4d401f", "asr": null, "filesize": 6697381, "fps": 24, "tbr": 381.596, "width": 1280, "acodec": "none", "downloader_options": {"http_chunk_size": 10485760}, "format": "136 - 1280x720 (720p)", "protocol": "https", "http_headers": {"User-Agent": "Mozilla/5.0 (Windows NT 10.0; Win64; x64) AppleWebKit/537.36 (KHTML, like Gecko) Chrome/73.0.3683.38 Safari/537.36", "Accept-Charset": "ISO-8859-1,utf-8;q=0.7,*;q=0.7", "Accept": "text/html,application/xhtml+xml,application/xml;q=0.9,*/*;q=0.8", "Accept-Encoding": "gzip, deflate", "Accept-Language": "en-us,en;q=0.5"}}, {"format_id": "247", "url": "https://r7---sn-ipoxu-u2x6.googlevideo.com/videoplayback?expire=1610392281&ei=eU78X-GtOIjerQTn24FI&ip=220.129.26.102&id=o-AMEaYZwrdVuy0bh-48n_6zAnovIqDQIcF9UBjkI4k5vi&itag=247&aitags=133%2C134%2C135%2C136%2C137%2C160%2C242%2C243%2C244%2C247%2C248%2C278&source=youtube&requiressl=yes&mh=hA&mm=31%2C29&mn=sn-ipoxu-u2x6%2Csn-un57en7e&ms=au%2Crdu&mv=m&mvi=7&pcm2cms=yes&pl=21&initcwndbps=1117500&vprv=1&mime=video%2Fwebm&ns=t4lZyMGjgISgyZWOHyWDNYYF&gir=yes&clen=7246725&dur=223.833&lmt=1580664340543194&mt=1610370272&fvip=2&keepalive=yes&c=WEB&txp=5535432&n=MTDGpqgJ3G4dyG&sparams=expire%2Cei%2Cip%2Cid%2Caitags%2Csource%2Crequiressl%2Cvprv%2Cmime%2Cns%2Cgir%2Cclen%2Cdur%2Clmt&sig=AOq0QJ8wRgIhAKS8gV4VZfBkFhVNFVvRN81mchB0RE7ZKvL0HP1wWJWdAiEA3H8JAwKRvEXPGrpDfnhvIh_UW3b4CnN2arq4GzoyXXE%3D&lsparams=mh%2Cmm%2Cmn%2Cms%2Cmv%2Cmvi%2Cpcm2cms%2Cpl%2Cinitcwndbps&lsig=AG3C_xAwRAIgDGH0reBRfYgfQKtAxN5jeW5BOxsn8uDCFQJtsIXiAqUCIBJIGzhM0y8N9KL3im1rUHRh2zH4myQOob_jly2FHBWD&ratebypass=yes", "player_url": null, "ext": "webm", "height": 720, "format_note": "720p", "vcodec": "vp9", "asr": null, "filesize": 7246725, "fps": 24, "tbr": 414.951, "width": 1280, "acodec": "none", "downloader_options": {"http_chunk_size": 10485760}, "format": "247 - 1280x720 (720p)", "protocol": "https", "http_headers": {"User-Agent": "Mozilla/5.0 (Windows NT 10.0; Win64; x64) AppleWebKit/537.36 (KHTML, like Gecko) Chrome/73.0.3683.38 Safari/537.36", "Accept-Charset": "ISO-8859-1,utf-8;q=0.7,*;q=0.7", "Accept": "text/html,application/xhtml+xml,application/xml;q=0.9,*/*;q=0.8", "Accept-Encoding": "gzip, deflate", "Accept-Language": "en-us,en;q=0.5"}}, {"format_id": "248", "url": "https://r7---sn-ipoxu-u2x6.googlevideo.com/videoplayback?expire=1610392281&ei=eU78X-GtOIjerQTn24FI&ip=220.129.26.102&id=o-AMEaYZwrdVuy0bh-48n_6zAnovIqDQIcF9UBjkI4k5vi&itag=248&aitags=133%2C134%2C135%2C136%2C137%2C160%2C242%2C243%2C244%2C247%2C248%2C278&source=youtube&requiressl=yes&mh=hA&mm=31%2C29&mn=sn-ipoxu-u2x6%2Csn-un57en7e&ms=au%2Crdu&mv=m&mvi=7&pcm2cms=yes&pl=21&initcwndbps=1117500&vprv=1&mime=video%2Fwebm&ns=t4lZyMGjgISgyZWOHyWDNYYF&gir=yes&clen=20119219&dur=223.833&lmt=1580663411510007&mt=1610370272&fvip=2&keepalive=yes&c=WEB&txp=5535432&n=MTDGpqgJ3G4dyG&sparams=expire%2Cei%2Cip%2Cid%2Caitags%2Csource%2Crequiressl%2Cvprv%2Cmime%2Cns%2Cgir%2Cclen%2Cdur%2Clmt&sig=AOq0QJ8wRQIgYboS9qWBDMwS-V1Htr6ZH31-cwUtwfV2NhoeJxZmaPMCIQCN043kKE9C_f43nAbtQmrvo0oaZ2fc90-MAcSmqOSJIw%3D%3D&lsparams=mh%2Cmm%2Cmn%2Cms%2Cmv%2Cmvi%2Cpcm2cms%2Cpl%2Cinitcwndbps&lsig=AG3C_xAwRAIgDGH0reBRfYgfQKtAxN5jeW5BOxsn8uDCFQJtsIXiAqUCIBJIGzhM0y8N9KL3im1rUHRh2zH4myQOob_jly2FHBWD&ratebypass=yes", "player_url": null, "ext": "webm", "height": 1080, "format_note": "1080p", "vcodec": "vp9", "asr": null, "filesize": 20119219, "fps": 24, "tbr": 1138.74, "width": 1920, "acodec": "none", "downloader_options": {"http_chunk_size": 10485760}, "format": "248 - 1920x1080 (1080p)", "protocol": "https", "http_headers": {"User-Agent": "Mozilla/5.0 (Windows NT 10.0; Win64; x64) AppleWebKit/537.36 (KHTML, like Gecko) Chrome/73.0.3683.38 Safari/537.36", "Accept-Charset": "ISO-8859-1,utf-8;q=0.7,*;q=0.7", "Accept": "text/html,application/xhtml+xml,application/xml;q=0.9,*/*;q=0.8", "Accept-Encoding": "gzip, deflate", "Accept-Language": "en-us,en;q=0.5"}}, {"format_id": "137", "url": "https://r7---sn-ipoxu-u2x6.googlevideo.com/videoplayback?expire=1610392281&ei=eU78X-GtOIjerQTn24FI&ip=220.129.26.102&id=o-AMEaYZwrdVuy0bh-48n_6zAnovIqDQIcF9UBjkI4k5vi&itag=137&aitags=133%2C134%2C135%2C136%2C137%2C160%2C242%2C243%2C244%2C247%2C248%2C278&source=youtube&requiressl=yes&mh=hA&mm=31%2C29&mn=sn-ipoxu-u2x6%2Csn-un57en7e&ms=au%2Crdu&mv=m&mvi=7&pcm2cms=yes&pl=21&initcwndbps=1117500&vprv=1&mime=video%2Fmp4&ns=t4lZyMGjgISgyZWOHyWDNYYF&gir=yes&clen=21936688&dur=223.833&lmt=1580662983598962&mt=1610370272&fvip=2&keepalive=yes&c=WEB&txp=5535432&n=MTDGpqgJ3G4dyG&sparams=expire%2Cei%2Cip%2Cid%2Caitags%2Csource%2Crequiressl%2Cvprv%2Cmime%2Cns%2Cgir%2Cclen%2Cdur%2Clmt&sig=AOq0QJ8wRgIhAMnqcjrY3nojlgT3p6NxCmFE_RVecYlIHUTyoqR4p5G2AiEA-KpyLxSXeggX3HXp9la_PtxjK2A2b1mBJz2pv75spxU%3D&lsparams=mh%2Cmm%2Cmn%2Cms%2Cmv%2Cmvi%2Cpcm2cms%2Cpl%2Cinitcwndbps&lsig=AG3C_xAwRAIgDGH0reBRfYgfQKtAxN5jeW5BOxsn8uDCFQJtsIXiAqUCIBJIGzhM0y8N9KL3im1rUHRh2zH4myQOob_jly2FHBWD&ratebypass=yes", "player_url": null, "ext": "mp4", "height": 1080, "format_note": "1080p", "vcodec": "avc1.640028", "asr": null, "filesize": 21936688, "fps": 24, "tbr": 1160.906, "width": 1920, "acodec": "none", "downloader_options": {"http_chunk_size": 10485760}, "format": "137 - 1920x1080 (1080p)", "protocol": "https", "http_headers": {"User-Agent": "Mozilla/5.0 (Windows NT 10.0; Win64; x64) AppleWebKit/537.36 (KHTML, like Gecko) Chrome/73.0.3683.38 Safari/537.36", "Accept-Charset": "ISO-8859-1,utf-8;q=0.7,*;q=0.7", "Accept": "text/html,application/xhtml+xml,application/xml;q=0.9,*/*;q=0.8", "Accept-Encoding": "gzip, deflate", "Accept-Language": "en-us,en;q=0.5"}}, {"format_id": "18", "url": "https://r7---sn-ipoxu-u2x6.googlevideo.com/videoplayback?expire=1610392281&ei=eU78X-GtOIjerQTn24FI&ip=220.129.26.102&id=o-AMEaYZwrdVuy0bh-48n_6zAnovIqDQIcF9UBjkI4k5vi&itag=18&source=youtube&requiressl=yes&mh=hA&mm=31%2C29&mn=sn-ipoxu-u2x6%2Csn-un57en7e&ms=au%2Crdu&mv=m&mvi=7&pcm2cms=yes&pl=21&initcwndbps=1117500&vprv=1&mime=video%2Fmp4&ns=kd8f5D250znC7hVJpbk-69MF&gir=yes&clen=10163163&ratebypass=yes&dur=223.886&lmt=1580661928010558&mt=1610370272&fvip=2&c=WEB&txp=5531432&n=dUHaqfPQ4a_-v8&sparams=expire%2Cei%2Cip%2Cid%2Citag%2Csource%2Crequiressl%2Cvprv%2Cmime%2Cns%2Cgir%2Cclen%2Cratebypass%2Cdur%2Clmt&sig=AOq0QJ8wRQIgOWiLAYtbYZlQvp2OtiknA5TlgTuWi-LNrD6gkimBa2oCIQCbj0av2qqJuumJlZprNOArRZ28STUe6Py4f3mgAXTpag%3D%3D&lsparams=mh%2Cmm%2Cmn%2Cms%2Cmv%2Cmvi%2Cpcm2cms%2Cpl%2Cinitcwndbps&lsig=AG3C_xAwRAIgDGH0reBRfYgfQKtAxN5jeW5BOxsn8uDCFQJtsIXiAqUCIBJIGzhM0y8N9KL3im1rUHRh2zH4myQOob_jly2FHBWD", "player_url": null, "ext": "mp4", "width": 640, "height": 360, "acodec": "mp4a.40.2", "abr": 96, "vcodec": "avc1.42001E", "asr": 44100, "filesize": 10163163, "format_note": "360p", "fps": 24, "tbr": 363.24, "format": "18 - 640x360 (360p)", "protocol": "https", "http_headers": {"User-Agent": "Mozilla/5.0 (Windows NT 10.0; Win64; x64) AppleWebKit/537.36 (KHTML, like Gecko) Chrome/73.0.3683.38 Safari/537.36", "Accept-Charset": "ISO-8859-1,utf-8;q=0.7,*;q=0.7", "Accept": "text/html,application/xhtml+xml,application/xml;q=0.9,*/*;q=0.8", "Accept-Encoding": "gzip, deflate", "Accept-Language": "en-us,en;q=0.5"}}], "is_live": null, "start_time": null, "end_time": null, "series": null, "season_number": null, "episode_number": null, "track": null, "artist": null, "album": null, "release_date": null, "release_year": null, "extractor": "youtube", "webpage_url_basename": "watch", "extractor_key": "Youtube", "playlist": null, "playlist_index": null, "thumbnail": "https://i.ytimg.com/vi_webp/rrD7XMtPs0Q/maxresdefault.webp", "display_id": "rrD7XMtPs0Q", "requested_subtitles": null, "format_id": "251", "url": "https://r7---sn-ipoxu-u2x6.googlevideo.com/videoplayback?expire=1610392281&ei=eU78X-GtOIjerQTn24FI&ip=220.129.26.102&id=o-AMEaYZwrdVuy0bh-48n_6zAnovIqDQIcF9UBjkI4k5vi&itag=251&source=youtube&requiressl=yes&mh=hA&mm=31%2C29&mn=sn-ipoxu-u2x6%2Csn-un57en7e&ms=au%2Crdu&mv=m&mvi=7&pcm2cms=yes&pl=21&initcwndbps=1117500&vprv=1&mime=audio%2Fwebm&ns=t4lZyMGjgISgyZWOHyWDNYYF&gir=yes&clen=3992496&dur=223.861&lmt=1580662024873353&mt=1610370272&fvip=2&keepalive=yes&c=WEB&txp=5531432&n=MTDGpqgJ3G4dyG&sparams=expire%2Cei%2Cip%2Cid%2Citag%2Csource%2Crequiressl%2Cvprv%2Cmime%2Cns%2Cgir%2Cclen%2Cdur%2Clmt&sig=AOq0QJ8wRgIhALRMMY6G_MQkqlHkDQDw5OskzAcRIw-xQVQeaeDWXLJUAiEA4UEzsjLhmNAP9q_mwJRtO6C5-KWamUHVjjvBxkjFe04%3D&lsparams=mh%2Cmm%2Cmn%2Cms%2Cmv%2Cmvi%2Cpcm2cms%2Cpl%2Cinitcwndbps&lsig=AG3C_xAwRAIgDGH0reBRfYgfQKtAxN5jeW5BOxsn8uDCFQJtsIXiAqUCIBJIGzhM0y8N9KL3im1rUHRh2zH4myQOob_jly2FHBWD&ratebypass=yes", "player_url": null, "ext": "webm", "format_note": "tiny", "acodec": "opus", "abr": 160, "asr": 48000, "filesize": 3992496, "fps": null, "height": null, "tbr": 151.632, "width": null, "vcodec": "none", "downloader_options": {"http_chunk_size": 10485760}, "format": "251 - audio only (tiny)", "protocol": "https", "http_headers": {"User-Agent": "Mozilla/5.0 (Windows NT 10.0; Win64; x64) AppleWebKit/537.36 (KHTML, like Gecko) Chrome/73.0.3683.38 Safari/537.36", "Accept-Charset": "ISO-8859-1,utf-8;q=0.7,*;q=0.7", "Accept": "text/html,application/xhtml+xml,application/xml;q=0.9,*/*;q=0.8", "Accept-Encoding": "gzip, deflate", "Accept-Language": "en-us,en;q=0.5"}}