{"id": "S1T3UF1vhSk", "uploader": "Lucas King", "uploader_id": "LucasKingPiano", "uploader_url": "http://www.youtube.com/user/LucasKingPiano", "channel_id": "UCq52MbjRULLbjRPvxM7FwZg", "channel_url": "http://www.youtube.com/channel/UCq52MbjRULLbjRPvxM7FwZg", "upload_date": "20170816", "license": null, "creator": null, "title": "Dark Piano - Depression", "alt_title": null, "thumbnails": [{"url": "https://i.ytimg.com/vi/S1T3UF1vhSk/hqdefault.jpg?sqp=-oaymwEbCKgBEF5IVfKriqkDDggBFQAAiEIYAXABwAEG&rs=AOn4CLBZNipbM5t7kzCqDIUF8l5R_HVxcw", "width": 168, "height": 94, "resolution": "168x94", "id": "0"}, {"url": "https://i.ytimg.com/vi/S1T3UF1vhSk/hqdefault.jpg?sqp=-oaymwEbCMQBEG5IVfKriqkDDggBFQAAiEIYAXABwAEG&rs=AOn4CLB2asileFU5b1hNcOirfgjzmGB0RQ", "width": 196, "height": 110, "resolution": "196x110", "id": "1"}, {"url": "https://i.ytimg.com/vi/S1T3UF1vhSk/hqdefault.jpg?sqp=-oaymwEcCPYBEIoBSFXyq4qpAw4IARUAAIhCGAFwAcABBg==&rs=AOn4CLDDvsAXcFWSj8VnP6fvb47BgHZDZQ", "width": 246, "height": 138, "resolution": "246x138", "id": "2"}, {"url": "https://i.ytimg.com/vi/S1T3UF1vhSk/hqdefault.jpg?sqp=-oaymwEcCNACELwBSFXyq4qpAw4IARUAAIhCGAFwAcABBg==&rs=AOn4CLDpRUeQD4JfN6gSxgsygR-M_l_CIA", "width": 336, "height": 188, "resolution": "336x188", "id": "3"}, {"url": "https://i.ytimg.com/vi_webp/S1T3UF1vhSk/maxresdefault.webp", "width": 1920, "height": 1080, "resolution": "1920x1080", "id": "4"}], "description": "\u25b6 Sheet music https://www.musicnotes.com/sheetmusic/mtd.asp?ppn=MN0216111\n\nI am not the artist of the artwork, art by Emily Clark https://emilyclark.deviantart.com/art/Depression-427116272\n\n_\n\nPatreon https://www.patreon.com/LucasKingPiano\nFiverr https://www.fiverr.com/lucaskingpiano\nBandcamp https://lucaskingpiano.bandcamp.com/releases\nYouNow https://www.younow.com/LucasKingPiano/channel\nInstagram  http://bit.ly/1VlAYcP\nTwitter http://bit.ly/1bxbJj3\nFacebook http://bit.ly/1X486n7\nWattpad http://w.tt/1VgR06v4757\nSoundCloud http://bit.ly/1QkWkSL", "categories": ["Music"], "tags": ["Sad", "piano", "emotional", "relaxing", "beautiful", "sadness", "saddest", "break", "up", "music"], "subtitles": {}, "automatic_captions": {}, "duration": 221, "age_limit": 0, "annotations": null, "chapters": null, "webpage_url": "https://www.youtube.com/watch?v=S1T3UF1vhSk", "view_count": 1260595, "like_count": 32641, "dislike_count": 307, "average_rating": 4.962729, "formats": [{"format_id": "249", "url": "https://r2---sn-5njj-u2xe.googlevideo.com/videoplayback?expire=1613562089&ei=iawsYOy-GJeXgQPa_Y2QCw&ip=140.109.134.235&id=o-AFl7T_M8KMEUIEEUXpDjSCkOkHNJP6zP-NT5K0Cfk-Z7&itag=249&source=youtube&requiressl=yes&mh=zi&mm=31%2C29&mn=sn-5njj-u2xe%2Csn-un57sn76&ms=au%2Crdu&mv=m&mvi=2&pl=16&initcwndbps=515000&vprv=1&mime=audio%2Fwebm&ns=3evA6qh8JFSXvYgr5XtO_4cF&gir=yes&clen=1514116&dur=220.721&lmt=1577367826751017&mt=1613540193&fvip=2&keepalive=yes&c=WEB&txp=5431432&n=CYucs8ESe1bRdCdZl&sparams=expire%2Cei%2Cip%2Cid%2Citag%2Csource%2Crequiressl%2Cvprv%2Cmime%2Cns%2Cgir%2Cclen%2Cdur%2Clmt&sig=AOq0QJ8wRgIhAMSkJKGf4UKKGn5BGCPh10BQPbX_sSz9rETTMQ9QVUGHAiEA9-dKnuGxw0M1JSyH3rSfPk15fRfRAR9W0k8iW7oAmBs%3D&lsparams=mh%2Cmm%2Cmn%2Cms%2Cmv%2Cmvi%2Cpl%2Cinitcwndbps&lsig=AG3C_xAwRQIgFjPZFX25Vxx74jPIytTXuGFknEqVhpmHh3xapwCYP_ECIQD9ZOA2iSvKSMD1A_U7tvDuXVpKlFlv_hw0_rqgrDmpvQ%3D%3D&ratebypass=yes", "player_url": null, "ext": "webm", "format_note": "tiny", "acodec": "opus", "abr": 50, "asr": 48000, "filesize": 1514116, "fps": null, "height": null, "tbr": 62.29, "width": null, "vcodec": "none", "downloader_options": {"http_chunk_size": 10485760}, "format": "249 - audio only (tiny)", "protocol": "https", "http_headers": {"User-Agent": "Mozilla/5.0 (Windows NT 10.0; Win64; x64) AppleWebKit/537.36 (KHTML, like Gecko) Chrome/75.0.3731.3 Safari/537.36", "Accept-Charset": "ISO-8859-1,utf-8;q=0.7,*;q=0.7", "Accept": "text/html,application/xhtml+xml,application/xml;q=0.9,*/*;q=0.8", "Accept-Encoding": "gzip, deflate", "Accept-Language": "en-us,en;q=0.5"}}, {"format_id": "250", "url": "https://r2---sn-5njj-u2xe.googlevideo.com/videoplayback?expire=1613562089&ei=iawsYOy-GJeXgQPa_Y2QCw&ip=140.109.134.235&id=o-AFl7T_M8KMEUIEEUXpDjSCkOkHNJP6zP-NT5K0Cfk-Z7&itag=250&source=youtube&requiressl=yes&mh=zi&mm=31%2C29&mn=sn-5njj-u2xe%2Csn-un57sn76&ms=au%2Crdu&mv=m&mvi=2&pl=16&initcwndbps=515000&vprv=1&mime=audio%2Fwebm&ns=3evA6qh8JFSXvYgr5XtO_4cF&gir=yes&clen=2010308&dur=220.721&lmt=1577367837465665&mt=1613540193&fvip=2&keepalive=yes&c=WEB&txp=5431432&n=CYucs8ESe1bRdCdZl&sparams=expire%2Cei%2Cip%2Cid%2Citag%2Csource%2Crequiressl%2Cvprv%2Cmime%2Cns%2Cgir%2Cclen%2Cdur%2Clmt&sig=AOq0QJ8wRQIhAIHxIGMlaIbtXFsQuul4A0K4Yrj4pESrng4IMr7ZYGdyAiAmTp-c6-lSPwLD3lzAOMFfFvI-8sHwUX40xdVc1GVqrQ%3D%3D&lsparams=mh%2Cmm%2Cmn%2Cms%2Cmv%2Cmvi%2Cpl%2Cinitcwndbps&lsig=AG3C_xAwRQIgFjPZFX25Vxx74jPIytTXuGFknEqVhpmHh3xapwCYP_ECIQD9ZOA2iSvKSMD1A_U7tvDuXVpKlFlv_hw0_rqgrDmpvQ%3D%3D&ratebypass=yes", "player_url": null, "ext": "webm", "format_note": "tiny", "acodec": "opus", "abr": 70, "asr": 48000, "filesize": 2010308, "fps": null, "height": null, "tbr": 82.191, "width": null, "vcodec": "none", "downloader_options": {"http_chunk_size": 10485760}, "format": "250 - audio only (tiny)", "protocol": "https", "http_headers": {"User-Agent": "Mozilla/5.0 (Windows NT 10.0; Win64; x64) AppleWebKit/537.36 (KHTML, like Gecko) Chrome/75.0.3731.3 Safari/537.36", "Accept-Charset": "ISO-8859-1,utf-8;q=0.7,*;q=0.7", "Accept": "text/html,application/xhtml+xml,application/xml;q=0.9,*/*;q=0.8", "Accept-Encoding": "gzip, deflate", "Accept-Language": "en-us,en;q=0.5"}}, {"format_id": "140", "url": "https://r2---sn-5njj-u2xe.googlevideo.com/videoplayback?expire=1613562089&ei=iawsYOy-GJeXgQPa_Y2QCw&ip=140.109.134.235&id=o-AFl7T_M8KMEUIEEUXpDjSCkOkHNJP6zP-NT5K0Cfk-Z7&itag=140&source=youtube&requiressl=yes&mh=zi&mm=31%2C29&mn=sn-5njj-u2xe%2Csn-un57sn76&ms=au%2Crdu&mv=m&mvi=2&pl=16&initcwndbps=515000&vprv=1&mime=audio%2Fmp4&ns=3evA6qh8JFSXvYgr5XtO_4cF&gir=yes&clen=3573664&dur=220.752&lmt=1577367827751829&mt=1613540193&fvip=2&keepalive=yes&c=WEB&txp=5431432&n=CYucs8ESe1bRdCdZl&sparams=expire%2Cei%2Cip%2Cid%2Citag%2Csource%2Crequiressl%2Cvprv%2Cmime%2Cns%2Cgir%2Cclen%2Cdur%2Clmt&sig=AOq0QJ8wRQIhAIle1cpJCDpHMi_-vD5gkvDPqUk8ZYLHccMIxuT-L5wUAiAZVRgOTEqCDNppkJeRK1Fkb2qyIxdJLjkuFgIbu2IJyA%3D%3D&lsparams=mh%2Cmm%2Cmn%2Cms%2Cmv%2Cmvi%2Cpl%2Cinitcwndbps&lsig=AG3C_xAwRQIgFjPZFX25Vxx74jPIytTXuGFknEqVhpmHh3xapwCYP_ECIQD9ZOA2iSvKSMD1A_U7tvDuXVpKlFlv_hw0_rqgrDmpvQ%3D%3D&ratebypass=yes", "player_url": null, "ext": "m4a", "format_note": "tiny", "acodec": "mp4a.40.2", "abr": 128, "container": "m4a_dash", "asr": 44100, "filesize": 3573664, "fps": null, "height": null, "tbr": 130.472, "width": null, "vcodec": "none", "downloader_options": {"http_chunk_size": 10485760}, "format": "140 - audio only (tiny)", "protocol": "https", "http_headers": {"User-Agent": "Mozilla/5.0 (Windows NT 10.0; Win64; x64) AppleWebKit/537.36 (KHTML, like Gecko) Chrome/75.0.3731.3 Safari/537.36", "Accept-Charset": "ISO-8859-1,utf-8;q=0.7,*;q=0.7", "Accept": "text/html,application/xhtml+xml,application/xml;q=0.9,*/*;q=0.8", "Accept-Encoding": "gzip, deflate", "Accept-Language": "en-us,en;q=0.5"}}, {"format_id": "251", "url": "https://r2---sn-5njj-u2xe.googlevideo.com/videoplayback?expire=1613562089&ei=iawsYOy-GJeXgQPa_Y2QCw&ip=140.109.134.235&id=o-AFl7T_M8KMEUIEEUXpDjSCkOkHNJP6zP-NT5K0Cfk-Z7&itag=251&source=youtube&requiressl=yes&mh=zi&mm=31%2C29&mn=sn-5njj-u2xe%2Csn-un57sn76&ms=au%2Crdu&mv=m&mvi=2&pl=16&initcwndbps=515000&vprv=1&mime=audio%2Fwebm&ns=3evA6qh8JFSXvYgr5XtO_4cF&gir=yes&clen=3922631&dur=220.721&lmt=1577367828327629&mt=1613540193&fvip=2&keepalive=yes&c=WEB&txp=5431432&n=CYucs8ESe1bRdCdZl&sparams=expire%2Cei%2Cip%2Cid%2Citag%2Csource%2Crequiressl%2Cvprv%2Cmime%2Cns%2Cgir%2Cclen%2Cdur%2Clmt&sig=AOq0QJ8wRQIhAOM9RmBuwZZQIA4FRGpk7DyzrTsBLjKty79I4clN4AFGAiAOyH9EPkrVPUfqbHrAmTljSgxdSI2E0HbWbAuHQXDtwA%3D%3D&lsparams=mh%2Cmm%2Cmn%2Cms%2Cmv%2Cmvi%2Cpl%2Cinitcwndbps&lsig=AG3C_xAwRQIgFjPZFX25Vxx74jPIytTXuGFknEqVhpmHh3xapwCYP_ECIQD9ZOA2iSvKSMD1A_U7tvDuXVpKlFlv_hw0_rqgrDmpvQ%3D%3D&ratebypass=yes", "player_url": null, "ext": "webm", "format_note": "tiny", "acodec": "opus", "abr": 160, "asr": 48000, "filesize": 3922631, "fps": null, "height": null, "tbr": 152.919, "width": null, "vcodec": "none", "downloader_options": {"http_chunk_size": 10485760}, "format": "251 - audio only (tiny)", "protocol": "https", "http_headers": {"User-Agent": "Mozilla/5.0 (Windows NT 10.0; Win64; x64) AppleWebKit/537.36 (KHTML, like Gecko) Chrome/75.0.3731.3 Safari/537.36", "Accept-Charset": "ISO-8859-1,utf-8;q=0.7,*;q=0.7", "Accept": "text/html,application/xhtml+xml,application/xml;q=0.9,*/*;q=0.8", "Accept-Encoding": "gzip, deflate", "Accept-Language": "en-us,en;q=0.5"}}, {"format_id": "278", "url": "https://r2---sn-5njj-u2xe.googlevideo.com/videoplayback?expire=1613562089&ei=iawsYOy-GJeXgQPa_Y2QCw&ip=140.109.134.235&id=o-AFl7T_M8KMEUIEEUXpDjSCkOkHNJP6zP-NT5K0Cfk-Z7&itag=278&aitags=133%2C134%2C135%2C136%2C160%2C242%2C243%2C244%2C247%2C278%2C298%2C299%2C302%2C303&source=youtube&requiressl=yes&mh=zi&mm=31%2C29&mn=sn-5njj-u2xe%2Csn-un57sn76&ms=au%2Crdu&mv=m&mvi=2&pl=16&initcwndbps=515000&vprv=1&mime=video%2Fwebm&ns=3evA6qh8JFSXvYgr5XtO_4cF&gir=yes&clen=2123703&dur=220.700&lmt=1577369042365879&mt=1613540193&fvip=2&keepalive=yes&c=WEB&txp=5431432&n=CYucs8ESe1bRdCdZl&sparams=expire%2Cei%2Cip%2Cid%2Caitags%2Csource%2Crequiressl%2Cvprv%2Cmime%2Cns%2Cgir%2Cclen%2Cdur%2Clmt&sig=AOq0QJ8wRAIgD5zA76jJ2nY2pbAHy4fISOOJBbRdjWYwFSKf1BbGNUwCIBMhTtaphUbb0DRKv96FuB_-H8t_Drm2BQW9dx3GzPm6&lsparams=mh%2Cmm%2Cmn%2Cms%2Cmv%2Cmvi%2Cpl%2Cinitcwndbps&lsig=AG3C_xAwRQIgFjPZFX25Vxx74jPIytTXuGFknEqVhpmHh3xapwCYP_ECIQD9ZOA2iSvKSMD1A_U7tvDuXVpKlFlv_hw0_rqgrDmpvQ%3D%3D&ratebypass=yes", "player_url": null, "ext": "webm", "height": 144, "format_note": "144p", "container": "webm", "vcodec": "vp9", "asr": null, "filesize": 2123703, "fps": 30, "tbr": 95.264, "width": 256, "acodec": "none", "downloader_options": {"http_chunk_size": 10485760}, "format": "278 - 256x144 (144p)", "protocol": "https", "http_headers": {"User-Agent": "Mozilla/5.0 (Windows NT 10.0; Win64; x64) AppleWebKit/537.36 (KHTML, like Gecko) Chrome/75.0.3731.3 Safari/537.36", "Accept-Charset": "ISO-8859-1,utf-8;q=0.7,*;q=0.7", "Accept": "text/html,application/xhtml+xml,application/xml;q=0.9,*/*;q=0.8", "Accept-Encoding": "gzip, deflate", "Accept-Language": "en-us,en;q=0.5"}}, {"format_id": "160", "url": "https://r2---sn-5njj-u2xe.googlevideo.com/videoplayback?expire=1613562089&ei=iawsYOy-GJeXgQPa_Y2QCw&ip=140.109.134.235&id=o-AFl7T_M8KMEUIEEUXpDjSCkOkHNJP6zP-NT5K0Cfk-Z7&itag=160&aitags=133%2C134%2C135%2C136%2C160%2C242%2C243%2C244%2C247%2C278%2C298%2C299%2C302%2C303&source=youtube&requiressl=yes&mh=zi&mm=31%2C29&mn=sn-5njj-u2xe%2Csn-un57sn76&ms=au%2Crdu&mv=m&mvi=2&pl=16&initcwndbps=515000&vprv=1&mime=video%2Fmp4&ns=3evA6qh8JFSXvYgr5XtO_4cF&gir=yes&clen=1043362&dur=220.699&lmt=1577368094941523&mt=1613540193&fvip=2&keepalive=yes&c=WEB&txp=5432432&n=CYucs8ESe1bRdCdZl&sparams=expire%2Cei%2Cip%2Cid%2Caitags%2Csource%2Crequiressl%2Cvprv%2Cmime%2Cns%2Cgir%2Cclen%2Cdur%2Clmt&sig=AOq0QJ8wRAIgZbg15U_MOyBgnrHdy2Sq-vAs4jqtmcHgqs2FFNhwoyUCIGlS_wu-2ktQQqH8vpMilu-PILb71Y0z-D2n4Qe4fqVR&lsparams=mh%2Cmm%2Cmn%2Cms%2Cmv%2Cmvi%2Cpl%2Cinitcwndbps&lsig=AG3C_xAwRQIgFjPZFX25Vxx74jPIytTXuGFknEqVhpmHh3xapwCYP_ECIQD9ZOA2iSvKSMD1A_U7tvDuXVpKlFlv_hw0_rqgrDmpvQ%3D%3D&ratebypass=yes", "player_url": null, "ext": "mp4", "height": 144, "format_note": "144p", "vcodec": "avc1.4d400c", "asr": null, "filesize": 1043362, "fps": 30, "tbr": 97.505, "width": 256, "acodec": "none", "downloader_options": {"http_chunk_size": 10485760}, "format": "160 - 256x144 (144p)", "protocol": "https", "http_headers": {"User-Agent": "Mozilla/5.0 (Windows NT 10.0; Win64; x64) AppleWebKit/537.36 (KHTML, like Gecko) Chrome/75.0.3731.3 Safari/537.36", "Accept-Charset": "ISO-8859-1,utf-8;q=0.7,*;q=0.7", "Accept": "text/html,application/xhtml+xml,application/xml;q=0.9,*/*;q=0.8", "Accept-Encoding": "gzip, deflate", "Accept-Language": "en-us,en;q=0.5"}}, {"format_id": "133", "url": "https://r2---sn-5njj-u2xe.googlevideo.com/videoplayback?expire=1613562089&ei=iawsYOy-GJeXgQPa_Y2QCw&ip=140.109.134.235&id=o-AFl7T_M8KMEUIEEUXpDjSCkOkHNJP6zP-NT5K0Cfk-Z7&itag=133&aitags=133%2C134%2C135%2C136%2C160%2C242%2C243%2C244%2C247%2C278%2C298%2C299%2C302%2C303&source=youtube&requiressl=yes&mh=zi&mm=31%2C29&mn=sn-5njj-u2xe%2Csn-un57sn76&ms=au%2Crdu&mv=m&mvi=2&pl=16&initcwndbps=515000&vprv=1&mime=video%2Fmp4&ns=3evA6qh8JFSXvYgr5XtO_4cF&gir=yes&clen=1980904&dur=220.699&lmt=1577368094904254&mt=1613540193&fvip=2&keepalive=yes&c=WEB&txp=5432432&n=CYucs8ESe1bRdCdZl&sparams=expire%2Cei%2Cip%2Cid%2Caitags%2Csource%2Crequiressl%2Cvprv%2Cmime%2Cns%2Cgir%2Cclen%2Cdur%2Clmt&sig=AOq0QJ8wRQIgYF24NfPN93y4dxoyl3aRQA7Y_jIZaesT8yUK3wy_XooCIQDF5HDX8xXsBjf2_g2HrOrG38amdiTINgmbiW2K_DqT3A%3D%3D&lsparams=mh%2Cmm%2Cmn%2Cms%2Cmv%2Cmvi%2Cpl%2Cinitcwndbps&lsig=AG3C_xAwRQIgFjPZFX25Vxx74jPIytTXuGFknEqVhpmHh3xapwCYP_ECIQD9ZOA2iSvKSMD1A_U7tvDuXVpKlFlv_hw0_rqgrDmpvQ%3D%3D&ratebypass=yes", "player_url": null, "ext": "mp4", "height": 240, "format_note": "240p", "vcodec": "avc1.4d4015", "asr": null, "filesize": 1980904, "fps": 30, "tbr": 184.247, "width": 426, "acodec": "none", "downloader_options": {"http_chunk_size": 10485760}, "format": "133 - 426x240 (240p)", "protocol": "https", "http_headers": {"User-Agent": "Mozilla/5.0 (Windows NT 10.0; Win64; x64) AppleWebKit/537.36 (KHTML, like Gecko) Chrome/75.0.3731.3 Safari/537.36", "Accept-Charset": "ISO-8859-1,utf-8;q=0.7,*;q=0.7", "Accept": "text/html,application/xhtml+xml,application/xml;q=0.9,*/*;q=0.8", "Accept-Encoding": "gzip, deflate", "Accept-Language": "en-us,en;q=0.5"}}, {"format_id": "242", "url": "https://r2---sn-5njj-u2xe.googlevideo.com/videoplayback?expire=1613562089&ei=iawsYOy-GJeXgQPa_Y2QCw&ip=140.109.134.235&id=o-AFl7T_M8KMEUIEEUXpDjSCkOkHNJP6zP-NT5K0Cfk-Z7&itag=242&aitags=133%2C134%2C135%2C136%2C160%2C242%2C243%2C244%2C247%2C278%2C298%2C299%2C302%2C303&source=youtube&requiressl=yes&mh=zi&mm=31%2C29&mn=sn-5njj-u2xe%2Csn-un57sn76&ms=au%2Crdu&mv=m&mvi=2&pl=16&initcwndbps=515000&vprv=1&mime=video%2Fwebm&ns=3evA6qh8JFSXvYgr5XtO_4cF&gir=yes&clen=2722783&dur=220.700&lmt=1577369042330540&mt=1613540193&fvip=2&keepalive=yes&c=WEB&txp=5431432&n=CYucs8ESe1bRdCdZl&sparams=expire%2Cei%2Cip%2Cid%2Caitags%2Csource%2Crequiressl%2Cvprv%2Cmime%2Cns%2Cgir%2Cclen%2Cdur%2Clmt&sig=AOq0QJ8wRAIgOyyXvBs-LQaH4dAv7jH-DheXBeo1x5axoNVHv-vDffcCIAz5F5ZweKY51420cWERLzqbwya7XgDiq636tFo5xJKl&lsparams=mh%2Cmm%2Cmn%2Cms%2Cmv%2Cmvi%2Cpl%2Cinitcwndbps&lsig=AG3C_xAwRQIgFjPZFX25Vxx74jPIytTXuGFknEqVhpmHh3xapwCYP_ECIQD9ZOA2iSvKSMD1A_U7tvDuXVpKlFlv_hw0_rqgrDmpvQ%3D%3D&ratebypass=yes", "player_url": null, "ext": "webm", "height": 240, "format_note": "240p", "vcodec": "vp9", "asr": null, "filesize": 2722783, "fps": 30, "tbr": 216.356, "width": 426, "acodec": "none", "downloader_options": {"http_chunk_size": 10485760}, "format": "242 - 426x240 (240p)", "protocol": "https", "http_headers": {"User-Agent": "Mozilla/5.0 (Windows NT 10.0; Win64; x64) AppleWebKit/537.36 (KHTML, like Gecko) Chrome/75.0.3731.3 Safari/537.36", "Accept-Charset": "ISO-8859-1,utf-8;q=0.7,*;q=0.7", "Accept": "text/html,application/xhtml+xml,application/xml;q=0.9,*/*;q=0.8", "Accept-Encoding": "gzip, deflate", "Accept-Language": "en-us,en;q=0.5"}}, {"format_id": "243", "url": "https://r2---sn-5njj-u2xe.googlevideo.com/videoplayback?expire=1613562089&ei=iawsYOy-GJeXgQPa_Y2QCw&ip=140.109.134.235&id=o-AFl7T_M8KMEUIEEUXpDjSCkOkHNJP6zP-NT5K0Cfk-Z7&itag=243&aitags=133%2C134%2C135%2C136%2C160%2C242%2C243%2C244%2C247%2C278%2C298%2C299%2C302%2C303&source=youtube&requiressl=yes&mh=zi&mm=31%2C29&mn=sn-5njj-u2xe%2Csn-un57sn76&ms=au%2Crdu&mv=m&mvi=2&pl=16&initcwndbps=515000&vprv=1&mime=video%2Fwebm&ns=3evA6qh8JFSXvYgr5XtO_4cF&gir=yes&clen=4852131&dur=220.700&lmt=1577369042329164&mt=1613540193&fvip=2&keepalive=yes&c=WEB&txp=5431432&n=CYucs8ESe1bRdCdZl&sparams=expire%2Cei%2Cip%2Cid%2Caitags%2Csource%2Crequiressl%2Cvprv%2Cmime%2Cns%2Cgir%2Cclen%2Cdur%2Clmt&sig=AOq0QJ8wRQIhAPAzK1h2ZZsUoSAgV8Omw2hrVEv1k5vZtglIJL5zt5D1AiAvnqYv5u4xgYc9boIRZksf0255_n3YdnuXkAYqtKi6TQ%3D%3D&lsparams=mh%2Cmm%2Cmn%2Cms%2Cmv%2Cmvi%2Cpl%2Cinitcwndbps&lsig=AG3C_xAwRQIgFjPZFX25Vxx74jPIytTXuGFknEqVhpmHh3xapwCYP_ECIQD9ZOA2iSvKSMD1A_U7tvDuXVpKlFlv_hw0_rqgrDmpvQ%3D%3D&ratebypass=yes", "player_url": null, "ext": "webm", "height": 360, "format_note": "360p", "vcodec": "vp9", "asr": null, "filesize": 4852131, "fps": 30, "tbr": 385.988, "width": 640, "acodec": "none", "downloader_options": {"http_chunk_size": 10485760}, "format": "243 - 640x360 (360p)", "protocol": "https", "http_headers": {"User-Agent": "Mozilla/5.0 (Windows NT 10.0; Win64; x64) AppleWebKit/537.36 (KHTML, like Gecko) Chrome/75.0.3731.3 Safari/537.36", "Accept-Charset": "ISO-8859-1,utf-8;q=0.7,*;q=0.7", "Accept": "text/html,application/xhtml+xml,application/xml;q=0.9,*/*;q=0.8", "Accept-Encoding": "gzip, deflate", "Accept-Language": "en-us,en;q=0.5"}}, {"format_id": "134", "url": "https://r2---sn-5njj-u2xe.googlevideo.com/videoplayback?expire=1613562089&ei=iawsYOy-GJeXgQPa_Y2QCw&ip=140.109.134.235&id=o-AFl7T_M8KMEUIEEUXpDjSCkOkHNJP6zP-NT5K0Cfk-Z7&itag=134&aitags=133%2C134%2C135%2C136%2C160%2C242%2C243%2C244%2C247%2C278%2C298%2C299%2C302%2C303&source=youtube&requiressl=yes&mh=zi&mm=31%2C29&mn=sn-5njj-u2xe%2Csn-un57sn76&ms=au%2Crdu&mv=m&mvi=2&pl=16&initcwndbps=515000&vprv=1&mime=video%2Fmp4&ns=3evA6qh8JFSXvYgr5XtO_4cF&gir=yes&clen=4321669&dur=220.699&lmt=1577368094893924&mt=1613540193&fvip=2&keepalive=yes&c=WEB&txp=5432432&n=CYucs8ESe1bRdCdZl&sparams=expire%2Cei%2Cip%2Cid%2Caitags%2Csource%2Crequiressl%2Cvprv%2Cmime%2Cns%2Cgir%2Cclen%2Cdur%2Clmt&sig=AOq0QJ8wRgIhAMIzMHSuWemB8CZC0BzypZDNZvcwtKzSEmqkcfDqFCwwAiEAwpAWqZNt9W_9Nfmbx1IDU-73aP_4FnNAIHLPjckTY00%3D&lsparams=mh%2Cmm%2Cmn%2Cms%2Cmv%2Cmvi%2Cpl%2Cinitcwndbps&lsig=AG3C_xAwRQIgFjPZFX25Vxx74jPIytTXuGFknEqVhpmHh3xapwCYP_ECIQD9ZOA2iSvKSMD1A_U7tvDuXVpKlFlv_hw0_rqgrDmpvQ%3D%3D&ratebypass=yes", "player_url": null, "ext": "mp4", "height": 360, "format_note": "360p", "vcodec": "avc1.4d401e", "asr": null, "filesize": 4321669, "fps": 30, "tbr": 491.353, "width": 640, "acodec": "none", "downloader_options": {"http_chunk_size": 10485760}, "format": "134 - 640x360 (360p)", "protocol": "https", "http_headers": {"User-Agent": "Mozilla/5.0 (Windows NT 10.0; Win64; x64) AppleWebKit/537.36 (KHTML, like Gecko) Chrome/75.0.3731.3 Safari/537.36", "Accept-Charset": "ISO-8859-1,utf-8;q=0.7,*;q=0.7", "Accept": "text/html,application/xhtml+xml,application/xml;q=0.9,*/*;q=0.8", "Accept-Encoding": "gzip, deflate", "Accept-Language": "en-us,en;q=0.5"}}, {"format_id": "244", "url": "https://r2---sn-5njj-u2xe.googlevideo.com/videoplayback?expire=1613562089&ei=iawsYOy-GJeXgQPa_Y2QCw&ip=140.109.134.235&id=o-AFl7T_M8KMEUIEEUXpDjSCkOkHNJP6zP-NT5K0Cfk-Z7&itag=244&aitags=133%2C134%2C135%2C136%2C160%2C242%2C243%2C244%2C247%2C278%2C298%2C299%2C302%2C303&source=youtube&requiressl=yes&mh=zi&mm=31%2C29&mn=sn-5njj-u2xe%2Csn-un57sn76&ms=au%2Crdu&mv=m&mvi=2&pl=16&initcwndbps=515000&vprv=1&mime=video%2Fwebm&ns=3evA6qh8JFSXvYgr5XtO_4cF&gir=yes&clen=7253272&dur=220.700&lmt=1577369042328388&mt=1613540193&fvip=2&keepalive=yes&c=WEB&txp=5431432&n=CYucs8ESe1bRdCdZl&sparams=expire%2Cei%2Cip%2Cid%2Caitags%2Csource%2Crequiressl%2Cvprv%2Cmime%2Cns%2Cgir%2Cclen%2Cdur%2Clmt&sig=AOq0QJ8wRQIhANtDwZ4UJlL-StY5QoKHWLHiR3HCt928NBLMyU_69AsEAiAt8a5FCbexvfLvdm4Nwp2q1W_VVCwdR9_B7ERp2lIUTw%3D%3D&lsparams=mh%2Cmm%2Cmn%2Cms%2Cmv%2Cmvi%2Cpl%2Cinitcwndbps&lsig=AG3C_xAwRQIgFjPZFX25Vxx74jPIytTXuGFknEqVhpmHh3xapwCYP_ECIQD9ZOA2iSvKSMD1A_U7tvDuXVpKlFlv_hw0_rqgrDmpvQ%3D%3D&ratebypass=yes", "player_url": null, "ext": "webm", "height": 480, "format_note": "480p", "vcodec": "vp9", "asr": null, "filesize": 7253272, "fps": 30, "tbr": 701.358, "width": 854, "acodec": "none", "downloader_options": {"http_chunk_size": 10485760}, "format": "244 - 854x480 (480p)", "protocol": "https", "http_headers": {"User-Agent": "Mozilla/5.0 (Windows NT 10.0; Win64; x64) AppleWebKit/537.36 (KHTML, like Gecko) Chrome/75.0.3731.3 Safari/537.36", "Accept-Charset": "ISO-8859-1,utf-8;q=0.7,*;q=0.7", "Accept": "text/html,application/xhtml+xml,application/xml;q=0.9,*/*;q=0.8", "Accept-Encoding": "gzip, deflate", "Accept-Language": "en-us,en;q=0.5"}}, {"format_id": "135", "url": "https://r2---sn-5njj-u2xe.googlevideo.com/videoplayback?expire=1613562089&ei=iawsYOy-GJeXgQPa_Y2QCw&ip=140.109.134.235&id=o-AFl7T_M8KMEUIEEUXpDjSCkOkHNJP6zP-NT5K0Cfk-Z7&itag=135&aitags=133%2C134%2C135%2C136%2C160%2C242%2C243%2C244%2C247%2C278%2C298%2C299%2C302%2C303&source=youtube&requiressl=yes&mh=zi&mm=31%2C29&mn=sn-5njj-u2xe%2Csn-un57sn76&ms=au%2Crdu&mv=m&mvi=2&pl=16&initcwndbps=515000&vprv=1&mime=video%2Fmp4&ns=3evA6qh8JFSXvYgr5XtO_4cF&gir=yes&clen=7126643&dur=220.699&lmt=1577368094894751&mt=1613540193&fvip=2&keepalive=yes&c=WEB&txp=5432432&n=CYucs8ESe1bRdCdZl&sparams=expire%2Cei%2Cip%2Cid%2Caitags%2Csource%2Crequiressl%2Cvprv%2Cmime%2Cns%2Cgir%2Cclen%2Cdur%2Clmt&sig=AOq0QJ8wRQIgVYZDlXVQd0nO0E7q5y2q-CqDjCz-b7uR8HM_HuRIYZUCIQDbzE6PebMXWuR7n4lWQ-qT854Wol3IemtTITmSmTQySw%3D%3D&lsparams=mh%2Cmm%2Cmn%2Cms%2Cmv%2Cmvi%2Cpl%2Cinitcwndbps&lsig=AG3C_xAwRQIgFjPZFX25Vxx74jPIytTXuGFknEqVhpmHh3xapwCYP_ECIQD9ZOA2iSvKSMD1A_U7tvDuXVpKlFlv_hw0_rqgrDmpvQ%3D%3D&ratebypass=yes", "player_url": null, "ext": "mp4", "height": 480, "format_note": "480p", "vcodec": "avc1.4d401f", "asr": null, "filesize": 7126643, "fps": 30, "tbr": 942.472, "width": 854, "acodec": "none", "downloader_options": {"http_chunk_size": 10485760}, "format": "135 - 854x480 (480p)", "protocol": "https", "http_headers": {"User-Agent": "Mozilla/5.0 (Windows NT 10.0; Win64; x64) AppleWebKit/537.36 (KHTML, like Gecko) Chrome/75.0.3731.3 Safari/537.36", "Accept-Charset": "ISO-8859-1,utf-8;q=0.7,*;q=0.7", "Accept": "text/html,application/xhtml+xml,application/xml;q=0.9,*/*;q=0.8", "Accept-Encoding": "gzip, deflate", "Accept-Language": "en-us,en;q=0.5"}}, {"format_id": "247", "url": "https://r2---sn-5njj-u2xe.googlevideo.com/videoplayback?expire=1613562089&ei=iawsYOy-GJeXgQPa_Y2QCw&ip=140.109.134.235&id=o-AFl7T_M8KMEUIEEUXpDjSCkOkHNJP6zP-NT5K0Cfk-Z7&itag=247&aitags=133%2C134%2C135%2C136%2C160%2C242%2C243%2C244%2C247%2C278%2C298%2C299%2C302%2C303&source=youtube&requiressl=yes&mh=zi&mm=31%2C29&mn=sn-5njj-u2xe%2Csn-un57sn76&ms=au%2Crdu&mv=m&mvi=2&pl=16&initcwndbps=515000&vprv=1&mime=video%2Fwebm&ns=3evA6qh8JFSXvYgr5XtO_4cF&gir=yes&clen=11133771&dur=220.700&lmt=1577369042332873&mt=1613540193&fvip=2&keepalive=yes&c=WEB&txp=5431432&n=CYucs8ESe1bRdCdZl&sparams=expire%2Cei%2Cip%2Cid%2Caitags%2Csource%2Crequiressl%2Cvprv%2Cmime%2Cns%2Cgir%2Cclen%2Cdur%2Clmt&sig=AOq0QJ8wRQIhAPcxHQDjZGOrNzlVlaOtnDvkzGoDKzCms6gAVq5PMY7CAiBIF_yBEjFVWXlj1Edmp-WnIoKF5C1gycJEGTdcgXHp4A%3D%3D&lsparams=mh%2Cmm%2Cmn%2Cms%2Cmv%2Cmvi%2Cpl%2Cinitcwndbps&lsig=AG3C_xAwRQIgFjPZFX25Vxx74jPIytTXuGFknEqVhpmHh3xapwCYP_ECIQD9ZOA2iSvKSMD1A_U7tvDuXVpKlFlv_hw0_rqgrDmpvQ%3D%3D&ratebypass=yes", "player_url": null, "ext": "webm", "height": 720, "format_note": "720p", "vcodec": "vp9", "asr": null, "filesize": 11133771, "fps": 30, "tbr": 1395.88, "width": 1280, "acodec": "none", "downloader_options": {"http_chunk_size": 10485760}, "format": "247 - 1280x720 (720p)", "protocol": "https", "http_headers": {"User-Agent": "Mozilla/5.0 (Windows NT 10.0; Win64; x64) AppleWebKit/537.36 (KHTML, like Gecko) Chrome/75.0.3731.3 Safari/537.36", "Accept-Charset": "ISO-8859-1,utf-8;q=0.7,*;q=0.7", "Accept": "text/html,application/xhtml+xml,application/xml;q=0.9,*/*;q=0.8", "Accept-Encoding": "gzip, deflate", "Accept-Language": "en-us,en;q=0.5"}}, {"format_id": "136", "url": "https://r2---sn-5njj-u2xe.googlevideo.com/videoplayback?expire=1613562089&ei=iawsYOy-GJeXgQPa_Y2QCw&ip=140.109.134.235&id=o-AFl7T_M8KMEUIEEUXpDjSCkOkHNJP6zP-NT5K0Cfk-Z7&itag=136&aitags=133%2C134%2C135%2C136%2C160%2C242%2C243%2C244%2C247%2C278%2C298%2C299%2C302%2C303&source=youtube&requiressl=yes&mh=zi&mm=31%2C29&mn=sn-5njj-u2xe%2Csn-un57sn76&ms=au%2Crdu&mv=m&mvi=2&pl=16&initcwndbps=515000&vprv=1&mime=video%2Fmp4&ns=3evA6qh8JFSXvYgr5XtO_4cF&gir=yes&clen=10930304&dur=220.699&lmt=1577368094899999&mt=1613540193&fvip=2&keepalive=yes&c=WEB&txp=5432432&n=CYucs8ESe1bRdCdZl&sparams=expire%2Cei%2Cip%2Cid%2Caitags%2Csource%2Crequiressl%2Cvprv%2Cmime%2Cns%2Cgir%2Cclen%2Cdur%2Clmt&sig=AOq0QJ8wRQIgQN4YVxWmGZ8qj8u3kwkvRX0-sSrpgU0WB7Ae0IxGbOsCIQDX1bXtZTG276Cq8ynL2_B1sT-D34ztRsiJL6bTZJX3JA%3D%3D&lsparams=mh%2Cmm%2Cmn%2Cms%2Cmv%2Cmvi%2Cpl%2Cinitcwndbps&lsig=AG3C_xAwRQIgFjPZFX25Vxx74jPIytTXuGFknEqVhpmHh3xapwCYP_ECIQD9ZOA2iSvKSMD1A_U7tvDuXVpKlFlv_hw0_rqgrDmpvQ%3D%3D&ratebypass=yes", "player_url": null, "ext": "mp4", "height": 720, "format_note": "720p", "vcodec": "avc1.4d401f", "asr": null, "filesize": 10930304, "fps": 30, "tbr": 1677.584, "width": 1280, "acodec": "none", "downloader_options": {"http_chunk_size": 10485760}, "format": "136 - 1280x720 (720p)", "protocol": "https", "http_headers": {"User-Agent": "Mozilla/5.0 (Windows NT 10.0; Win64; x64) AppleWebKit/537.36 (KHTML, like Gecko) Chrome/75.0.3731.3 Safari/537.36", "Accept-Charset": "ISO-8859-1,utf-8;q=0.7,*;q=0.7", "Accept": "text/html,application/xhtml+xml,application/xml;q=0.9,*/*;q=0.8", "Accept-Encoding": "gzip, deflate", "Accept-Language": "en-us,en;q=0.5"}}, {"format_id": "302", "url": "https://r2---sn-5njj-u2xe.googlevideo.com/videoplayback?expire=1613562089&ei=iawsYOy-GJeXgQPa_Y2QCw&ip=140.109.134.235&id=o-AFl7T_M8KMEUIEEUXpDjSCkOkHNJP6zP-NT5K0Cfk-Z7&itag=302&aitags=133%2C134%2C135%2C136%2C160%2C242%2C243%2C244%2C247%2C278%2C298%2C299%2C302%2C303&source=youtube&requiressl=yes&mh=zi&mm=31%2C29&mn=sn-5njj-u2xe%2Csn-un57sn76&ms=au%2Crdu&mv=m&mvi=2&pl=16&initcwndbps=515000&vprv=1&mime=video%2Fwebm&ns=3evA6qh8JFSXvYgr5XtO_4cF&gir=yes&clen=14699705&dur=220.700&lmt=1577368005658246&mt=1613540193&fvip=2&keepalive=yes&c=WEB&txp=5431432&n=CYucs8ESe1bRdCdZl&sparams=expire%2Cei%2Cip%2Cid%2Caitags%2Csource%2Crequiressl%2Cvprv%2Cmime%2Cns%2Cgir%2Cclen%2Cdur%2Clmt&sig=AOq0QJ8wRAIgaIvAHohmtZG4fbhUX15mXuMyX1YNV21llMZtF7ipYGACIG4Ars7JP7YybIetTLPpbe6Hhh5vVABAYmRZbxnoiscy&lsparams=mh%2Cmm%2Cmn%2Cms%2Cmv%2Cmvi%2Cpl%2Cinitcwndbps&lsig=AG3C_xAwRQIgFjPZFX25Vxx74jPIytTXuGFknEqVhpmHh3xapwCYP_ECIQD9ZOA2iSvKSMD1A_U7tvDuXVpKlFlv_hw0_rqgrDmpvQ%3D%3D&ratebypass=yes", "player_url": null, "ext": "webm", "height": 720, "format_note": "720p60", "vcodec": "vp9", "fps": 60, "asr": null, "filesize": 14699705, "tbr": 2289.806, "width": 1280, "acodec": "none", "downloader_options": {"http_chunk_size": 10485760}, "format": "302 - 1280x720 (720p60)", "protocol": "https", "http_headers": {"User-Agent": "Mozilla/5.0 (Windows NT 10.0; Win64; x64) AppleWebKit/537.36 (KHTML, like Gecko) Chrome/75.0.3731.3 Safari/537.36", "Accept-Charset": "ISO-8859-1,utf-8;q=0.7,*;q=0.7", "Accept": "text/html,application/xhtml+xml,application/xml;q=0.9,*/*;q=0.8", "Accept-Encoding": "gzip, deflate", "Accept-Language": "en-us,en;q=0.5"}}, {"format_id": "298", "url": "https://r2---sn-5njj-u2xe.googlevideo.com/videoplayback?expire=1613562089&ei=iawsYOy-GJeXgQPa_Y2QCw&ip=140.109.134.235&id=o-AFl7T_M8KMEUIEEUXpDjSCkOkHNJP6zP-NT5K0Cfk-Z7&itag=298&aitags=133%2C134%2C135%2C136%2C160%2C242%2C243%2C244%2C247%2C278%2C298%2C299%2C302%2C303&source=youtube&requiressl=yes&mh=zi&mm=31%2C29&mn=sn-5njj-u2xe%2Csn-un57sn76&ms=au%2Crdu&mv=m&mvi=2&pl=16&initcwndbps=515000&vprv=1&mime=video%2Fmp4&ns=3evA6qh8JFSXvYgr5XtO_4cF&gir=yes&clen=15586009&dur=220.699&lmt=1577367923742237&mt=1613540193&fvip=2&keepalive=yes&c=WEB&txp=5432432&n=CYucs8ESe1bRdCdZl&sparams=expire%2Cei%2Cip%2Cid%2Caitags%2Csource%2Crequiressl%2Cvprv%2Cmime%2Cns%2Cgir%2Cclen%2Cdur%2Clmt&sig=AOq0QJ8wRAIgEhMAbJo79mz-ZpuTreF1SXtEdKZWF0DKgwqHnEw280ICIHlkKAo5jgIDtvoULfG91wV2SwhtjXboD61oz8SjsSxv&lsparams=mh%2Cmm%2Cmn%2Cms%2Cmv%2Cmvi%2Cpl%2Cinitcwndbps&lsig=AG3C_xAwRQIgFjPZFX25Vxx74jPIytTXuGFknEqVhpmHh3xapwCYP_ECIQD9ZOA2iSvKSMD1A_U7tvDuXVpKlFlv_hw0_rqgrDmpvQ%3D%3D&ratebypass=yes", "player_url": null, "ext": "mp4", "height": 720, "format_note": "720p60", "vcodec": "avc1.4d4020", "fps": 60, "asr": null, "filesize": 15586009, "tbr": 2367.013, "width": 1280, "acodec": "none", "downloader_options": {"http_chunk_size": 10485760}, "format": "298 - 1280x720 (720p60)", "protocol": "https", "http_headers": {"User-Agent": "Mozilla/5.0 (Windows NT 10.0; Win64; x64) AppleWebKit/537.36 (KHTML, like Gecko) Chrome/75.0.3731.3 Safari/537.36", "Accept-Charset": "ISO-8859-1,utf-8;q=0.7,*;q=0.7", "Accept": "text/html,application/xhtml+xml,application/xml;q=0.9,*/*;q=0.8", "Accept-Encoding": "gzip, deflate", "Accept-Language": "en-us,en;q=0.5"}}, {"format_id": "303", "url": "https://r2---sn-5njj-u2xe.googlevideo.com/videoplayback?expire=1613562089&ei=iawsYOy-GJeXgQPa_Y2QCw&ip=140.109.134.235&id=o-AFl7T_M8KMEUIEEUXpDjSCkOkHNJP6zP-NT5K0Cfk-Z7&itag=303&aitags=133%2C134%2C135%2C136%2C160%2C242%2C243%2C244%2C247%2C278%2C298%2C299%2C302%2C303&source=youtube&requiressl=yes&mh=zi&mm=31%2C29&mn=sn-5njj-u2xe%2Csn-un57sn76&ms=au%2Crdu&mv=m&mvi=2&pl=16&initcwndbps=515000&vprv=1&mime=video%2Fwebm&ns=3evA6qh8JFSXvYgr5XtO_4cF&gir=yes&clen=22111830&dur=220.700&lmt=1577368227146420&mt=1613540193&fvip=2&keepalive=yes&c=WEB&txp=5431432&n=CYucs8ESe1bRdCdZl&sparams=expire%2Cei%2Cip%2Cid%2Caitags%2Csource%2Crequiressl%2Cvprv%2Cmime%2Cns%2Cgir%2Cclen%2Cdur%2Clmt&sig=AOq0QJ8wRQIhAKtWF5JoOpW2s1R4vctl-l_RM7hhWK0Co4y-tX3KwR5KAiBFNgZRdzdMJYOYHQKHWZWjpszfD3psaE6SwCMovdFWAg%3D%3D&lsparams=mh%2Cmm%2Cmn%2Cms%2Cmv%2Cmvi%2Cpl%2Cinitcwndbps&lsig=AG3C_xAwRQIgFjPZFX25Vxx74jPIytTXuGFknEqVhpmHh3xapwCYP_ECIQD9ZOA2iSvKSMD1A_U7tvDuXVpKlFlv_hw0_rqgrDmpvQ%3D%3D&ratebypass=yes", "player_url": null, "ext": "webm", "height": 1080, "format_note": "1080p60", "vcodec": "vp9", "fps": 60, "asr": null, "filesize": 22111830, "tbr": 3838.774, "width": 1920, "acodec": "none", "downloader_options": {"http_chunk_size": 10485760}, "format": "303 - 1920x1080 (1080p60)", "protocol": "https", "http_headers": {"User-Agent": "Mozilla/5.0 (Windows NT 10.0; Win64; x64) AppleWebKit/537.36 (KHTML, like Gecko) Chrome/75.0.3731.3 Safari/537.36", "Accept-Charset": "ISO-8859-1,utf-8;q=0.7,*;q=0.7", "Accept": "text/html,application/xhtml+xml,application/xml;q=0.9,*/*;q=0.8", "Accept-Encoding": "gzip, deflate", "Accept-Language": "en-us,en;q=0.5"}}, {"format_id": "299", "url": "https://r2---sn-5njj-u2xe.googlevideo.com/videoplayback?expire=1613562089&ei=iawsYOy-GJeXgQPa_Y2QCw&ip=140.109.134.235&id=o-AFl7T_M8KMEUIEEUXpDjSCkOkHNJP6zP-NT5K0Cfk-Z7&itag=299&aitags=133%2C134%2C135%2C136%2C160%2C242%2C243%2C244%2C247%2C278%2C298%2C299%2C302%2C303&source=youtube&requiressl=yes&mh=zi&mm=31%2C29&mn=sn-5njj-u2xe%2Csn-un57sn76&ms=au%2Crdu&mv=m&mvi=2&pl=16&initcwndbps=515000&vprv=1&mime=video%2Fmp4&ns=3evA6qh8JFSXvYgr5XtO_4cF&gir=yes&clen=24185638&dur=220.699&lmt=1577367994187985&mt=1613540193&fvip=2&keepalive=yes&c=WEB&txp=5432432&n=CYucs8ESe1bRdCdZl&sparams=expire%2Cei%2Cip%2Cid%2Caitags%2Csource%2Crequiressl%2Cvprv%2Cmime%2Cns%2Cgir%2Cclen%2Cdur%2Clmt&sig=AOq0QJ8wRAIgH2xdVSaFKDMpOP8bYwlnqi4q123KaoESnBpvqemyeJACIEM4qD0ZvhYDpDq85hXyiZ7rG-2Xy2hqqgIqy2AFMpjR&lsparams=mh%2Cmm%2Cmn%2Cms%2Cmv%2Cmvi%2Cpl%2Cinitcwndbps&lsig=AG3C_xAwRQIgFjPZFX25Vxx74jPIytTXuGFknEqVhpmHh3xapwCYP_ECIQD9ZOA2iSvKSMD1A_U7tvDuXVpKlFlv_hw0_rqgrDmpvQ%3D%3D&ratebypass=yes", "player_url": null, "ext": "mp4", "height": 1080, "format_note": "1080p60", "vcodec": "avc1.64002a", "fps": 60, "asr": null, "filesize": 24185638, "tbr": 4117.927, "width": 1920, "acodec": "none", "downloader_options": {"http_chunk_size": 10485760}, "format": "299 - 1920x1080 (1080p60)", "protocol": "https", "http_headers": {"User-Agent": "Mozilla/5.0 (Windows NT 10.0; Win64; x64) AppleWebKit/537.36 (KHTML, like Gecko) Chrome/75.0.3731.3 Safari/537.36", "Accept-Charset": "ISO-8859-1,utf-8;q=0.7,*;q=0.7", "Accept": "text/html,application/xhtml+xml,application/xml;q=0.9,*/*;q=0.8", "Accept-Encoding": "gzip, deflate", "Accept-Language": "en-us,en;q=0.5"}}, {"format_id": "18", "url": "https://r2---sn-5njj-u2xe.googlevideo.com/videoplayback?expire=1613562089&ei=iawsYOy-GJeXgQPa_Y2QCw&ip=140.109.134.235&id=o-AFl7T_M8KMEUIEEUXpDjSCkOkHNJP6zP-NT5K0Cfk-Z7&itag=18&source=youtube&requiressl=yes&mh=zi&mm=31%2C29&mn=sn-5njj-u2xe%2Csn-un57sn76&ms=au%2Crdu&mv=m&mvi=2&pl=16&initcwndbps=515000&vprv=1&mime=video%2Fmp4&ns=I86feFMGIGJAIIlREdzruqcF&gir=yes&clen=12537703&ratebypass=yes&dur=220.752&lmt=1577367949721985&mt=1613540193&fvip=2&c=WEB&txp=5431432&n=72XAdXNPAsQoToNZR&sparams=expire%2Cei%2Cip%2Cid%2Citag%2Csource%2Crequiressl%2Cvprv%2Cmime%2Cns%2Cgir%2Cclen%2Cratebypass%2Cdur%2Clmt&sig=AOq0QJ8wRAIgTkzGqn7UOp2LA8ikmI5916Q_UJBv61EJQ8HHz08t-hkCIDuRG0WrcpdBPRnebvGclrYrlB64hg3z1zEYfGQfQXlM&lsparams=mh%2Cmm%2Cmn%2Cms%2Cmv%2Cmvi%2Cpl%2Cinitcwndbps&lsig=AG3C_xAwRQIgFjPZFX25Vxx74jPIytTXuGFknEqVhpmHh3xapwCYP_ECIQD9ZOA2iSvKSMD1A_U7tvDuXVpKlFlv_hw0_rqgrDmpvQ%3D%3D", "player_url": null, "ext": "mp4", "width": 640, "height": 360, "acodec": "mp4a.40.2", "abr": 96, "vcodec": "avc1.42001E", "asr": 44100, "filesize": 12537703, "format_note": "360p", "fps": 30, "tbr": 454.47, "format": "18 - 640x360 (360p)", "protocol": "https", "http_headers": {"User-Agent": "Mozilla/5.0 (Windows NT 10.0; Win64; x64) AppleWebKit/537.36 (KHTML, like Gecko) Chrome/75.0.3731.3 Safari/537.36", "Accept-Charset": "ISO-8859-1,utf-8;q=0.7,*;q=0.7", "Accept": "text/html,application/xhtml+xml,application/xml;q=0.9,*/*;q=0.8", "Accept-Encoding": "gzip, deflate", "Accept-Language": "en-us,en;q=0.5"}}], "is_live": null, "start_time": null, "end_time": null, "series": null, "season_number": null, "episode_number": null, "track": null, "artist": null, "album": null, "release_date": null, "release_year": null, "extractor": "youtube", "webpage_url_basename": "watch", "extractor_key": "Youtube", "playlist": null, "playlist_index": null, "thumbnail": "https://i.ytimg.com/vi_webp/S1T3UF1vhSk/maxresdefault.webp", "display_id": "S1T3UF1vhSk", "requested_subtitles": null, "format_id": "251", "url": "https://r2---sn-5njj-u2xe.googlevideo.com/videoplayback?expire=1613562089&ei=iawsYOy-GJeXgQPa_Y2QCw&ip=140.109.134.235&id=o-AFl7T_M8KMEUIEEUXpDjSCkOkHNJP6zP-NT5K0Cfk-Z7&itag=251&source=youtube&requiressl=yes&mh=zi&mm=31%2C29&mn=sn-5njj-u2xe%2Csn-un57sn76&ms=au%2Crdu&mv=m&mvi=2&pl=16&initcwndbps=515000&vprv=1&mime=audio%2Fwebm&ns=3evA6qh8JFSXvYgr5XtO_4cF&gir=yes&clen=3922631&dur=220.721&lmt=1577367828327629&mt=1613540193&fvip=2&keepalive=yes&c=WEB&txp=5431432&n=CYucs8ESe1bRdCdZl&sparams=expire%2Cei%2Cip%2Cid%2Citag%2Csource%2Crequiressl%2Cvprv%2Cmime%2Cns%2Cgir%2Cclen%2Cdur%2Clmt&sig=AOq0QJ8wRQIhAOM9RmBuwZZQIA4FRGpk7DyzrTsBLjKty79I4clN4AFGAiAOyH9EPkrVPUfqbHrAmTljSgxdSI2E0HbWbAuHQXDtwA%3D%3D&lsparams=mh%2Cmm%2Cmn%2Cms%2Cmv%2Cmvi%2Cpl%2Cinitcwndbps&lsig=AG3C_xAwRQIgFjPZFX25Vxx74jPIytTXuGFknEqVhpmHh3xapwCYP_ECIQD9ZOA2iSvKSMD1A_U7tvDuXVpKlFlv_hw0_rqgrDmpvQ%3D%3D&ratebypass=yes", "player_url": null, "ext": "webm", "format_note": "tiny", "acodec": "opus", "abr": 160, "asr": 48000, "filesize": 3922631, "fps": null, "height": null, "tbr": 152.919, "width": null, "vcodec": "none", "downloader_options": {"http_chunk_size": 10485760}, "format": "251 - audio only (tiny)", "protocol": "https", "http_headers": {"User-Agent": "Mozilla/5.0 (Windows NT 10.0; Win64; x64) AppleWebKit/537.36 (KHTML, like Gecko) Chrome/75.0.3731.3 Safari/537.36", "Accept-Charset": "ISO-8859-1,utf-8;q=0.7,*;q=0.7", "Accept": "text/html,application/xhtml+xml,application/xml;q=0.9,*/*;q=0.8", "Accept-Encoding": "gzip, deflate", "Accept-Language": "en-us,en;q=0.5"}}