{"id": "tw_lArYiHTo", "uploader": "Jurrivh", "uploader_id": "Jurrivh", "uploader_url": "http://www.youtube.com/user/Jurrivh", "channel_id": "UCLh10hzbQJPg0Hho1VdGXwA", "channel_url": "http://www.youtube.com/channel/UCLh10hzbQJPg0Hho1VdGXwA", "upload_date": "20200301", "license": null, "creator": null, "title": "Feel My Pain - *SAD* Beautiful Piano Song Instrumental", "alt_title": null, "thumbnails": [{"url": "https://i.ytimg.com/vi/tw_lArYiHTo/hqdefault.jpg?sqp=-oaymwEYCKgBEF5IVfKriqkDCwgBFQAAiEIYAXAB&rs=AOn4CLCLEHwwsGwsInX0SD46-MCkJLqD5g", "width": 168, "height": 94, "resolution": "168x94", "id": "0"}, {"url": "https://i.ytimg.com/vi/tw_lArYiHTo/hqdefault.jpg?sqp=-oaymwEYCMQBEG5IVfKriqkDCwgBFQAAiEIYAXAB&rs=AOn4CLDqEZOkcibVy40RsmaJbywULX2MMw", "width": 196, "height": 110, "resolution": "196x110", "id": "1"}, {"url": "https://i.ytimg.com/vi/tw_lArYiHTo/hqdefault.jpg?sqp=-oaymwEZCPYBEIoBSFXyq4qpAwsIARUAAIhCGAFwAQ==&rs=AOn4CLDbuDmKh3yY7jJplyxNZAXvbFdrug", "width": 246, "height": 138, "resolution": "246x138", "id": "2"}, {"url": "https://i.ytimg.com/vi/tw_lArYiHTo/hqdefault.jpg?sqp=-oaymwEZCNACELwBSFXyq4qpAwsIARUAAIhCGAFwAQ==&rs=AOn4CLBUpQmwr4JtPjKxhP3tgqkHOTzLng", "width": 336, "height": 188, "resolution": "336x188", "id": "3"}, {"url": "https://i.ytimg.com/vi_webp/tw_lArYiHTo/maxresdefault.webp", "width": 1920, "height": 1080, "resolution": "1920x1080", "id": "4"}], "description": "Sad Piano Beautiful Song Instrumental Composed by Jurrivh. \n\n\u25b6 Subscribe for more Music: http://bit.ly/SubToJurrivh\n\nSocial Media\nInstagram: https://www.instagram.com/jurrivh/\nTwitter: http://twitter.com/jurrivh\nFacebook: https://www.facebook.com/jurrivh/\n\nSubscribe for New Music every Sunday 5pm (CET)!\n#SadPiano #Jurrivh #Emotional", "categories": ["Music"], "tags": ["Sad", "Jurrivh", "Sad Piano", "Beautiful Piano Song", "Jurrivh Piano", "Sad Piano Music", "Sad Piano Instrumental", "Sad Piano Song", "Sad Music That Makes You Cry", "Sad Music Video", "Relaxing Piano Music", "Sad Piano Song By Jurrivh", "Emotional Piano Song", "Sad Instrumental", "Jurrivh Feel My Pain", "Sad Piano Feel My Pain", "Feel My Pain Piano", "Feel My Pain Jurrivh", "Feel My Pain", "Feel My Pain - *SAD* Beautiful Piano Song Instrumental"], "subtitles": {}, "automatic_captions": {}, "duration": 217, "age_limit": 0, "annotations": null, "chapters": null, "webpage_url": "https://www.youtube.com/watch?v=tw_lArYiHTo", "view_count": 214235, "like_count": 5564, "dislike_count": 62, "average_rating": 4.9559188, "formats": [{"format_id": "249", "url": "https://r4---sn-ipoxu-u2x6.googlevideo.com/videoplayback?expire=1610392287&ei=f078X8rFGIr5gQOlv7qwCA&ip=220.129.26.102&id=o-AIhHLLobPwrs1CBOs9EcAoEpI1TGITIc0RqhQ9kPYAhN&itag=249&source=youtube&requiressl=yes&mh=-9&mm=31%2C29&mn=sn-ipoxu-u2x6%2Csn-un57en7e&ms=au%2Crdu&mv=m&mvi=4&pl=21&initcwndbps=1117500&vprv=1&mime=audio%2Fwebm&ns=eBX3vUl5Wb_TT8iZ-OcAaW4F&gir=yes&clen=1535237&dur=216.981&lmt=1583083402467907&mt=1610370272&fvip=4&keepalive=yes&c=WEB&txp=5531432&n=-Rf9f0HlpjL4fV&sparams=expire%2Cei%2Cip%2Cid%2Citag%2Csource%2Crequiressl%2Cvprv%2Cmime%2Cns%2Cgir%2Cclen%2Cdur%2Clmt&sig=AOq0QJ8wRQIhAJ2oAkMbtSjStNC4MfqAK9Apmpqpry2NpM_5sH1mb3ZiAiBTdpmvCZuKuZoKC9Nji0FyvWRcgE9ZOSi7uFGN6axqew%3D%3D&lsparams=mh%2Cmm%2Cmn%2Cms%2Cmv%2Cmvi%2Cpl%2Cinitcwndbps&lsig=AG3C_xAwRQIgEGV0-tmYgBb1f9rGw9DigMO9SyGobhs5IQLXK4EbFAcCIQCP2xh79TpJbQEHGhjCzEzJYN_ZiVj9dFIE_SdzcQ0toQ%3D%3D&ratebypass=yes", "player_url": null, "ext": "webm", "format_note": "tiny", "acodec": "opus", "abr": 50, "asr": 48000, "filesize": 1535237, "fps": null, "height": null, "tbr": 60.12, "width": null, "vcodec": "none", "downloader_options": {"http_chunk_size": 10485760}, "format": "249 - audio only (tiny)", "protocol": "https", "http_headers": {"User-Agent": "Mozilla/5.0 (Windows NT 10.0; Win64; x64) AppleWebKit/537.36 (KHTML, like Gecko) Chrome/73.0.3683.38 Safari/537.36", "Accept-Charset": "ISO-8859-1,utf-8;q=0.7,*;q=0.7", "Accept": "text/html,application/xhtml+xml,application/xml;q=0.9,*/*;q=0.8", "Accept-Encoding": "gzip, deflate", "Accept-Language": "en-us,en;q=0.5"}}, {"format_id": "250", "url": "https://r4---sn-ipoxu-u2x6.googlevideo.com/videoplayback?expire=1610392287&ei=f078X8rFGIr5gQOlv7qwCA&ip=220.129.26.102&id=o-AIhHLLobPwrs1CBOs9EcAoEpI1TGITIc0RqhQ9kPYAhN&itag=250&source=youtube&requiressl=yes&mh=-9&mm=31%2C29&mn=sn-ipoxu-u2x6%2Csn-un57en7e&ms=au%2Crdu&mv=m&mvi=4&pl=21&initcwndbps=1117500&vprv=1&mime=audio%2Fwebm&ns=eBX3vUl5Wb_TT8iZ-OcAaW4F&gir=yes&clen=2034077&dur=216.981&lmt=1583083402909009&mt=1610370272&fvip=4&keepalive=yes&c=WEB&txp=5531432&n=-Rf9f0HlpjL4fV&sparams=expire%2Cei%2Cip%2Cid%2Citag%2Csource%2Crequiressl%2Cvprv%2Cmime%2Cns%2Cgir%2Cclen%2Cdur%2Clmt&sig=AOq0QJ8wRQIgdasbsY-woh_tg2qqGNPvMwe7iQ4LKzvZJ6hjfa1qPe4CIQDejz-zX8PB2n9hL9qs2qJLyWWfkdH7P6OXtycmBCvZzg%3D%3D&lsparams=mh%2Cmm%2Cmn%2Cms%2Cmv%2Cmvi%2Cpl%2Cinitcwndbps&lsig=AG3C_xAwRQIgEGV0-tmYgBb1f9rGw9DigMO9SyGobhs5IQLXK4EbFAcCIQCP2xh79TpJbQEHGhjCzEzJYN_ZiVj9dFIE_SdzcQ0toQ%3D%3D&ratebypass=yes", "player_url": null, "ext": "webm", "format_note": "tiny", "acodec": "opus", "abr": 70, "asr": 48000, "filesize": 2034077, "fps": null, "height": null, "tbr": 78.816, "width": null, "vcodec": "none", "downloader_options": {"http_chunk_size": 10485760}, "format": "250 - audio only (tiny)", "protocol": "https", "http_headers": {"User-Agent": "Mozilla/5.0 (Windows NT 10.0; Win64; x64) AppleWebKit/537.36 (KHTML, like Gecko) Chrome/73.0.3683.38 Safari/537.36", "Accept-Charset": "ISO-8859-1,utf-8;q=0.7,*;q=0.7", "Accept": "text/html,application/xhtml+xml,application/xml;q=0.9,*/*;q=0.8", "Accept-Encoding": "gzip, deflate", "Accept-Language": "en-us,en;q=0.5"}}, {"format_id": "140", "url": "https://r4---sn-ipoxu-u2x6.googlevideo.com/videoplayback?expire=1610392287&ei=f078X8rFGIr5gQOlv7qwCA&ip=220.129.26.102&id=o-AIhHLLobPwrs1CBOs9EcAoEpI1TGITIc0RqhQ9kPYAhN&itag=140&source=youtube&requiressl=yes&mh=-9&mm=31%2C29&mn=sn-ipoxu-u2x6%2Csn-un57en7e&ms=au%2Crdu&mv=m&mvi=4&pl=21&initcwndbps=1117500&vprv=1&mime=audio%2Fmp4&ns=eBX3vUl5Wb_TT8iZ-OcAaW4F&gir=yes&clen=3513309&dur=217.013&lmt=1583083447391253&mt=1610370272&fvip=4&keepalive=yes&c=WEB&txp=5531432&n=-Rf9f0HlpjL4fV&sparams=expire%2Cei%2Cip%2Cid%2Citag%2Csource%2Crequiressl%2Cvprv%2Cmime%2Cns%2Cgir%2Cclen%2Cdur%2Clmt&sig=AOq0QJ8wRAIgUr9FAIVlgm7DxUByehZvGCQdXTwW1Fyz9jiKv1-HrYUCIBAB1v87adjoCm9oiC8M3bYCFTlJqO9l-pP1dmTuvGtb&lsparams=mh%2Cmm%2Cmn%2Cms%2Cmv%2Cmvi%2Cpl%2Cinitcwndbps&lsig=AG3C_xAwRQIgEGV0-tmYgBb1f9rGw9DigMO9SyGobhs5IQLXK4EbFAcCIQCP2xh79TpJbQEHGhjCzEzJYN_ZiVj9dFIE_SdzcQ0toQ%3D%3D&ratebypass=yes", "player_url": null, "ext": "m4a", "format_note": "tiny", "acodec": "mp4a.40.2", "abr": 128, "container": "m4a_dash", "asr": 44100, "filesize": 3513309, "fps": null, "height": null, "tbr": 130.5, "width": null, "vcodec": "none", "downloader_options": {"http_chunk_size": 10485760}, "format": "140 - audio only (tiny)", "protocol": "https", "http_headers": {"User-Agent": "Mozilla/5.0 (Windows NT 10.0; Win64; x64) AppleWebKit/537.36 (KHTML, like Gecko) Chrome/73.0.3683.38 Safari/537.36", "Accept-Charset": "ISO-8859-1,utf-8;q=0.7,*;q=0.7", "Accept": "text/html,application/xhtml+xml,application/xml;q=0.9,*/*;q=0.8", "Accept-Encoding": "gzip, deflate", "Accept-Language": "en-us,en;q=0.5"}}, {"format_id": "251", "url": "https://r4---sn-ipoxu-u2x6.googlevideo.com/videoplayback?expire=1610392287&ei=f078X8rFGIr5gQOlv7qwCA&ip=220.129.26.102&id=o-AIhHLLobPwrs1CBOs9EcAoEpI1TGITIc0RqhQ9kPYAhN&itag=251&source=youtube&requiressl=yes&mh=-9&mm=31%2C29&mn=sn-ipoxu-u2x6%2Csn-un57en7e&ms=au%2Crdu&mv=m&mvi=4&pl=21&initcwndbps=1117500&vprv=1&mime=audio%2Fwebm&ns=eBX3vUl5Wb_TT8iZ-OcAaW4F&gir=yes&clen=3968175&dur=216.981&lmt=1583083595126829&mt=1610370272&fvip=4&keepalive=yes&c=WEB&txp=5531432&n=-Rf9f0HlpjL4fV&sparams=expire%2Cei%2Cip%2Cid%2Citag%2Csource%2Crequiressl%2Cvprv%2Cmime%2Cns%2Cgir%2Cclen%2Cdur%2Clmt&sig=AOq0QJ8wRQIgBU5EC0cUcUCLQyNou_0n0wpzPvrosVC9XBwAYuUmO5QCIQDmlzmarmeNttuomXgKUO_1I9cy9THt0XM0sMHuJqzN3Q%3D%3D&lsparams=mh%2Cmm%2Cmn%2Cms%2Cmv%2Cmvi%2Cpl%2Cinitcwndbps&lsig=AG3C_xAwRQIgEGV0-tmYgBb1f9rGw9DigMO9SyGobhs5IQLXK4EbFAcCIQCP2xh79TpJbQEHGhjCzEzJYN_ZiVj9dFIE_SdzcQ0toQ%3D%3D&ratebypass=yes", "player_url": null, "ext": "webm", "format_note": "tiny", "acodec": "opus", "abr": 160, "asr": 48000, "filesize": 3968175, "fps": null, "height": null, "tbr": 154.004, "width": null, "vcodec": "none", "downloader_options": {"http_chunk_size": 10485760}, "format": "251 - audio only (tiny)", "protocol": "https", "http_headers": {"User-Agent": "Mozilla/5.0 (Windows NT 10.0; Win64; x64) AppleWebKit/537.36 (KHTML, like Gecko) Chrome/73.0.3683.38 Safari/537.36", "Accept-Charset": "ISO-8859-1,utf-8;q=0.7,*;q=0.7", "Accept": "text/html,application/xhtml+xml,application/xml;q=0.9,*/*;q=0.8", "Accept-Encoding": "gzip, deflate", "Accept-Language": "en-us,en;q=0.5"}}, {"format_id": "160", "url": "https://r4---sn-ipoxu-u2x6.googlevideo.com/videoplayback?expire=1610392287&ei=f078X8rFGIr5gQOlv7qwCA&ip=220.129.26.102&id=o-AIhHLLobPwrs1CBOs9EcAoEpI1TGITIc0RqhQ9kPYAhN&itag=160&aitags=133%2C134%2C135%2C136%2C137%2C160%2C242%2C243%2C244%2C247%2C248%2C278&source=youtube&requiressl=yes&mh=-9&mm=31%2C29&mn=sn-ipoxu-u2x6%2Csn-un57en7e&ms=au%2Crdu&mv=m&mvi=4&pl=21&initcwndbps=1117500&vprv=1&mime=video%2Fmp4&ns=eBX3vUl5Wb_TT8iZ-OcAaW4F&gir=yes&clen=963607&dur=216.958&lmt=1583085719812969&mt=1610370272&fvip=4&keepalive=yes&c=WEB&txp=5535432&n=-Rf9f0HlpjL4fV&sparams=expire%2Cei%2Cip%2Cid%2Caitags%2Csource%2Crequiressl%2Cvprv%2Cmime%2Cns%2Cgir%2Cclen%2Cdur%2Clmt&sig=AOq0QJ8wRgIhAKtazdI_P3mmdlbPh8NKzqXe3TLGui1lomqaB6XVoaSaAiEAlDuDW5baRgL7fSyUrF1xVgBOBzNDG3KcxDxiYahhQSc%3D&lsparams=mh%2Cmm%2Cmn%2Cms%2Cmv%2Cmvi%2Cpl%2Cinitcwndbps&lsig=AG3C_xAwRQIgEGV0-tmYgBb1f9rGw9DigMO9SyGobhs5IQLXK4EbFAcCIQCP2xh79TpJbQEHGhjCzEzJYN_ZiVj9dFIE_SdzcQ0toQ%3D%3D&ratebypass=yes", "player_url": null, "ext": "mp4", "height": 144, "format_note": "144p", "vcodec": "avc1.4d400c", "asr": null, "filesize": 963607, "fps": 24, "tbr": 50.905, "width": 256, "acodec": "none", "downloader_options": {"http_chunk_size": 10485760}, "format": "160 - 256x144 (144p)", "protocol": "https", "http_headers": {"User-Agent": "Mozilla/5.0 (Windows NT 10.0; Win64; x64) AppleWebKit/537.36 (KHTML, like Gecko) Chrome/73.0.3683.38 Safari/537.36", "Accept-Charset": "ISO-8859-1,utf-8;q=0.7,*;q=0.7", "Accept": "text/html,application/xhtml+xml,application/xml;q=0.9,*/*;q=0.8", "Accept-Encoding": "gzip, deflate", "Accept-Language": "en-us,en;q=0.5"}}, {"format_id": "242", "url": "https://r4---sn-ipoxu-u2x6.googlevideo.com/videoplayback?expire=1610392287&ei=f078X8rFGIr5gQOlv7qwCA&ip=220.129.26.102&id=o-AIhHLLobPwrs1CBOs9EcAoEpI1TGITIc0RqhQ9kPYAhN&itag=242&aitags=133%2C134%2C135%2C136%2C137%2C160%2C242%2C243%2C244%2C247%2C248%2C278&source=youtube&requiressl=yes&mh=-9&mm=31%2C29&mn=sn-ipoxu-u2x6%2Csn-un57en7e&ms=au%2Crdu&mv=m&mvi=4&pl=21&initcwndbps=1117500&vprv=1&mime=video%2Fwebm&ns=eBX3vUl5Wb_TT8iZ-OcAaW4F&gir=yes&clen=1898726&dur=216.958&lmt=1583086725079139&mt=1610370272&fvip=4&keepalive=yes&c=WEB&txp=5535432&n=-Rf9f0HlpjL4fV&sparams=expire%2Cei%2Cip%2Cid%2Caitags%2Csource%2Crequiressl%2Cvprv%2Cmime%2Cns%2Cgir%2Cclen%2Cdur%2Clmt&sig=AOq0QJ8wRgIhAJWjybD7sYjdv6zLBgVhXJqpz1y1SOB00VpqeyPu0wbpAiEAkuAWNl5JR1wur_k7w2r5sETJRO4dVZbBZbRzoxaCAzI%3D&lsparams=mh%2Cmm%2Cmn%2Cms%2Cmv%2Cmvi%2Cpl%2Cinitcwndbps&lsig=AG3C_xAwRQIgEGV0-tmYgBb1f9rGw9DigMO9SyGobhs5IQLXK4EbFAcCIQCP2xh79TpJbQEHGhjCzEzJYN_ZiVj9dFIE_SdzcQ0toQ%3D%3D&ratebypass=yes", "player_url": null, "ext": "webm", "height": 240, "format_note": "240p", "vcodec": "vp9", "asr": null, "filesize": 1898726, "fps": 24, "tbr": 89.147, "width": 426, "acodec": "none", "downloader_options": {"http_chunk_size": 10485760}, "format": "242 - 426x240 (240p)", "protocol": "https", "http_headers": {"User-Agent": "Mozilla/5.0 (Windows NT 10.0; Win64; x64) AppleWebKit/537.36 (KHTML, like Gecko) Chrome/73.0.3683.38 Safari/537.36", "Accept-Charset": "ISO-8859-1,utf-8;q=0.7,*;q=0.7", "Accept": "text/html,application/xhtml+xml,application/xml;q=0.9,*/*;q=0.8", "Accept-Encoding": "gzip, deflate", "Accept-Language": "en-us,en;q=0.5"}}, {"format_id": "133", "url": "https://r4---sn-ipoxu-u2x6.googlevideo.com/videoplayback?expire=1610392287&ei=f078X8rFGIr5gQOlv7qwCA&ip=220.129.26.102&id=o-AIhHLLobPwrs1CBOs9EcAoEpI1TGITIc0RqhQ9kPYAhN&itag=133&aitags=133%2C134%2C135%2C136%2C137%2C160%2C242%2C243%2C244%2C247%2C248%2C278&source=youtube&requiressl=yes&mh=-9&mm=31%2C29&mn=sn-ipoxu-u2x6%2Csn-un57en7e&ms=au%2Crdu&mv=m&mvi=4&pl=21&initcwndbps=1117500&vprv=1&mime=video%2Fmp4&ns=eBX3vUl5Wb_TT8iZ-OcAaW4F&gir=yes&clen=1721138&dur=216.958&lmt=1583085719816611&mt=1610370272&fvip=4&keepalive=yes&c=WEB&txp=5535432&n=-Rf9f0HlpjL4fV&sparams=expire%2Cei%2Cip%2Cid%2Caitags%2Csource%2Crequiressl%2Cvprv%2Cmime%2Cns%2Cgir%2Cclen%2Cdur%2Clmt&sig=AOq0QJ8wRQIgY2etLi2pBoth2bvbDZepbJXGytXv7h-B4xFwNYeAwzICIQCOPButSwEZOtOYScCVYhTSOumpOluxF7mIPQZOsIN4mA%3D%3D&lsparams=mh%2Cmm%2Cmn%2Cms%2Cmv%2Cmvi%2Cpl%2Cinitcwndbps&lsig=AG3C_xAwRQIgEGV0-tmYgBb1f9rGw9DigMO9SyGobhs5IQLXK4EbFAcCIQCP2xh79TpJbQEHGhjCzEzJYN_ZiVj9dFIE_SdzcQ0toQ%3D%3D&ratebypass=yes", "player_url": null, "ext": "mp4", "height": 240, "format_note": "240p", "vcodec": "avc1.4d4015", "asr": null, "filesize": 1721138, "fps": 24, "tbr": 89.654, "width": 426, "acodec": "none", "downloader_options": {"http_chunk_size": 10485760}, "format": "133 - 426x240 (240p)", "protocol": "https", "http_headers": {"User-Agent": "Mozilla/5.0 (Windows NT 10.0; Win64; x64) AppleWebKit/537.36 (KHTML, like Gecko) Chrome/73.0.3683.38 Safari/537.36", "Accept-Charset": "ISO-8859-1,utf-8;q=0.7,*;q=0.7", "Accept": "text/html,application/xhtml+xml,application/xml;q=0.9,*/*;q=0.8", "Accept-Encoding": "gzip, deflate", "Accept-Language": "en-us,en;q=0.5"}}, {"format_id": "278", "url": "https://r4---sn-ipoxu-u2x6.googlevideo.com/videoplayback?expire=1610392287&ei=f078X8rFGIr5gQOlv7qwCA&ip=220.129.26.102&id=o-AIhHLLobPwrs1CBOs9EcAoEpI1TGITIc0RqhQ9kPYAhN&itag=278&aitags=133%2C134%2C135%2C136%2C137%2C160%2C242%2C243%2C244%2C247%2C248%2C278&source=youtube&requiressl=yes&mh=-9&mm=31%2C29&mn=sn-ipoxu-u2x6%2Csn-un57en7e&ms=au%2Crdu&mv=m&mvi=4&pl=21&initcwndbps=1117500&vprv=1&mime=video%2Fwebm&ns=eBX3vUl5Wb_TT8iZ-OcAaW4F&gir=yes&clen=1914615&dur=216.958&lmt=1583086725160984&mt=1610370272&fvip=4&keepalive=yes&c=WEB&txp=5535432&n=-Rf9f0HlpjL4fV&sparams=expire%2Cei%2Cip%2Cid%2Caitags%2Csource%2Crequiressl%2Cvprv%2Cmime%2Cns%2Cgir%2Cclen%2Cdur%2Clmt&sig=AOq0QJ8wRAIgEm2kDrduujxM75G6k8PG9xUZrd5b_tm9DycA3NIyKjoCIG18In49jHslWrGkZWDDmmGiebjGNUvrlOyoO1OWfCD4&lsparams=mh%2Cmm%2Cmn%2Cms%2Cmv%2Cmvi%2Cpl%2Cinitcwndbps&lsig=AG3C_xAwRQIgEGV0-tmYgBb1f9rGw9DigMO9SyGobhs5IQLXK4EbFAcCIQCP2xh79TpJbQEHGhjCzEzJYN_ZiVj9dFIE_SdzcQ0toQ%3D%3D&ratebypass=yes", "player_url": null, "ext": "webm", "height": 144, "format_note": "144p", "container": "webm", "vcodec": "vp9", "asr": null, "filesize": 1914615, "fps": 24, "tbr": 90.118, "width": 256, "acodec": "none", "downloader_options": {"http_chunk_size": 10485760}, "format": "278 - 256x144 (144p)", "protocol": "https", "http_headers": {"User-Agent": "Mozilla/5.0 (Windows NT 10.0; Win64; x64) AppleWebKit/537.36 (KHTML, like Gecko) Chrome/73.0.3683.38 Safari/537.36", "Accept-Charset": "ISO-8859-1,utf-8;q=0.7,*;q=0.7", "Accept": "text/html,application/xhtml+xml,application/xml;q=0.9,*/*;q=0.8", "Accept-Encoding": "gzip, deflate", "Accept-Language": "en-us,en;q=0.5"}}, {"format_id": "243", "url": "https://r4---sn-ipoxu-u2x6.googlevideo.com/videoplayback?expire=1610392287&ei=f078X8rFGIr5gQOlv7qwCA&ip=220.129.26.102&id=o-AIhHLLobPwrs1CBOs9EcAoEpI1TGITIc0RqhQ9kPYAhN&itag=243&aitags=133%2C134%2C135%2C136%2C137%2C160%2C242%2C243%2C244%2C247%2C248%2C278&source=youtube&requiressl=yes&mh=-9&mm=31%2C29&mn=sn-ipoxu-u2x6%2Csn-un57en7e&ms=au%2Crdu&mv=m&mvi=4&pl=21&initcwndbps=1117500&vprv=1&mime=video%2Fwebm&ns=eBX3vUl5Wb_TT8iZ-OcAaW4F&gir=yes&clen=2677641&dur=216.958&lmt=1583086725077231&mt=1610370272&fvip=4&keepalive=yes&c=WEB&txp=5535432&n=-Rf9f0HlpjL4fV&sparams=expire%2Cei%2Cip%2Cid%2Caitags%2Csource%2Crequiressl%2Cvprv%2Cmime%2Cns%2Cgir%2Cclen%2Cdur%2Clmt&sig=AOq0QJ8wRAIfIIbjwZdj2eQ6vQKKKX1u7Cq4Es57EEq0Jpu7VRwKxQIhAO196qN2ujuTp0qGMU6l6j92ejm9FcekYm64xVxS5DuZ&lsparams=mh%2Cmm%2Cmn%2Cms%2Cmv%2Cmvi%2Cpl%2Cinitcwndbps&lsig=AG3C_xAwRQIgEGV0-tmYgBb1f9rGw9DigMO9SyGobhs5IQLXK4EbFAcCIQCP2xh79TpJbQEHGhjCzEzJYN_ZiVj9dFIE_SdzcQ0toQ%3D%3D&ratebypass=yes", "player_url": null, "ext": "webm", "height": 360, "format_note": "360p", "vcodec": "vp9", "asr": null, "filesize": 2677641, "fps": 24, "tbr": 137.179, "width": 640, "acodec": "none", "downloader_options": {"http_chunk_size": 10485760}, "format": "243 - 640x360 (360p)", "protocol": "https", "http_headers": {"User-Agent": "Mozilla/5.0 (Windows NT 10.0; Win64; x64) AppleWebKit/537.36 (KHTML, like Gecko) Chrome/73.0.3683.38 Safari/537.36", "Accept-Charset": "ISO-8859-1,utf-8;q=0.7,*;q=0.7", "Accept": "text/html,application/xhtml+xml,application/xml;q=0.9,*/*;q=0.8", "Accept-Encoding": "gzip, deflate", "Accept-Language": "en-us,en;q=0.5"}}, {"format_id": "134", "url": "https://r4---sn-ipoxu-u2x6.googlevideo.com/videoplayback?expire=1610392287&ei=f078X8rFGIr5gQOlv7qwCA&ip=220.129.26.102&id=o-AIhHLLobPwrs1CBOs9EcAoEpI1TGITIc0RqhQ9kPYAhN&itag=134&aitags=133%2C134%2C135%2C136%2C137%2C160%2C242%2C243%2C244%2C247%2C248%2C278&source=youtube&requiressl=yes&mh=-9&mm=31%2C29&mn=sn-ipoxu-u2x6%2Csn-un57en7e&ms=au%2Crdu&mv=m&mvi=4&pl=21&initcwndbps=1117500&vprv=1&mime=video%2Fmp4&ns=eBX3vUl5Wb_TT8iZ-OcAaW4F&gir=yes&clen=2736755&dur=216.958&lmt=1583085719835785&mt=1610370272&fvip=4&keepalive=yes&c=WEB&txp=5535432&n=-Rf9f0HlpjL4fV&sparams=expire%2Cei%2Cip%2Cid%2Caitags%2Csource%2Crequiressl%2Cvprv%2Cmime%2Cns%2Cgir%2Cclen%2Cdur%2Clmt&sig=AOq0QJ8wRAIgMUxtRky07lLP6pIzdUya0DqpfcSVzUQ627qvihWOHhICICh9eCaNEvhpn1vMyty4D4dxMvSzMnNwo387HEDuWthA&lsparams=mh%2Cmm%2Cmn%2Cms%2Cmv%2Cmvi%2Cpl%2Cinitcwndbps&lsig=AG3C_xAwRQIgEGV0-tmYgBb1f9rGw9DigMO9SyGobhs5IQLXK4EbFAcCIQCP2xh79TpJbQEHGhjCzEzJYN_ZiVj9dFIE_SdzcQ0toQ%3D%3D&ratebypass=yes", "player_url": null, "ext": "mp4", "height": 360, "format_note": "360p", "vcodec": "avc1.4d401e", "asr": null, "filesize": 2736755, "fps": 24, "tbr": 148.592, "width": 640, "acodec": "none", "downloader_options": {"http_chunk_size": 10485760}, "format": "134 - 640x360 (360p)", "protocol": "https", "http_headers": {"User-Agent": "Mozilla/5.0 (Windows NT 10.0; Win64; x64) AppleWebKit/537.36 (KHTML, like Gecko) Chrome/73.0.3683.38 Safari/537.36", "Accept-Charset": "ISO-8859-1,utf-8;q=0.7,*;q=0.7", "Accept": "text/html,application/xhtml+xml,application/xml;q=0.9,*/*;q=0.8", "Accept-Encoding": "gzip, deflate", "Accept-Language": "en-us,en;q=0.5"}}, {"format_id": "135", "url": "https://r4---sn-ipoxu-u2x6.googlevideo.com/videoplayback?expire=1610392287&ei=f078X8rFGIr5gQOlv7qwCA&ip=220.129.26.102&id=o-AIhHLLobPwrs1CBOs9EcAoEpI1TGITIc0RqhQ9kPYAhN&itag=135&aitags=133%2C134%2C135%2C136%2C137%2C160%2C242%2C243%2C244%2C247%2C248%2C278&source=youtube&requiressl=yes&mh=-9&mm=31%2C29&mn=sn-ipoxu-u2x6%2Csn-un57en7e&ms=au%2Crdu&mv=m&mvi=4&pl=21&initcwndbps=1117500&vprv=1&mime=video%2Fmp4&ns=eBX3vUl5Wb_TT8iZ-OcAaW4F&gir=yes&clen=3473337&dur=216.958&lmt=1583085719811767&mt=1610370272&fvip=4&keepalive=yes&c=WEB&txp=5535432&n=-Rf9f0HlpjL4fV&sparams=expire%2Cei%2Cip%2Cid%2Caitags%2Csource%2Crequiressl%2Cvprv%2Cmime%2Cns%2Cgir%2Cclen%2Cdur%2Clmt&sig=AOq0QJ8wRAIgfOZt1xqA-PP87Xn4MXQ9MLnlYEFo1Ivo-TLSv-oD0kACIHI2C63sfnxzbqP16bSyzplO0tkcIg4OvdPDf4vh5cVU&lsparams=mh%2Cmm%2Cmn%2Cms%2Cmv%2Cmvi%2Cpl%2Cinitcwndbps&lsig=AG3C_xAwRQIgEGV0-tmYgBb1f9rGw9DigMO9SyGobhs5IQLXK4EbFAcCIQCP2xh79TpJbQEHGhjCzEzJYN_ZiVj9dFIE_SdzcQ0toQ%3D%3D&ratebypass=yes", "player_url": null, "ext": "mp4", "height": 480, "format_note": "480p", "vcodec": "avc1.4d401e", "asr": null, "filesize": 3473337, "fps": 24, "tbr": 181.551, "width": 854, "acodec": "none", "downloader_options": {"http_chunk_size": 10485760}, "format": "135 - 854x480 (480p)", "protocol": "https", "http_headers": {"User-Agent": "Mozilla/5.0 (Windows NT 10.0; Win64; x64) AppleWebKit/537.36 (KHTML, like Gecko) Chrome/73.0.3683.38 Safari/537.36", "Accept-Charset": "ISO-8859-1,utf-8;q=0.7,*;q=0.7", "Accept": "text/html,application/xhtml+xml,application/xml;q=0.9,*/*;q=0.8", "Accept-Encoding": "gzip, deflate", "Accept-Language": "en-us,en;q=0.5"}}, {"format_id": "244", "url": "https://r4---sn-ipoxu-u2x6.googlevideo.com/videoplayback?expire=1610392287&ei=f078X8rFGIr5gQOlv7qwCA&ip=220.129.26.102&id=o-AIhHLLobPwrs1CBOs9EcAoEpI1TGITIc0RqhQ9kPYAhN&itag=244&aitags=133%2C134%2C135%2C136%2C137%2C160%2C242%2C243%2C244%2C247%2C248%2C278&source=youtube&requiressl=yes&mh=-9&mm=31%2C29&mn=sn-ipoxu-u2x6%2Csn-un57en7e&ms=au%2Crdu&mv=m&mvi=4&pl=21&initcwndbps=1117500&vprv=1&mime=video%2Fwebm&ns=eBX3vUl5Wb_TT8iZ-OcAaW4F&gir=yes&clen=3691934&dur=216.958&lmt=1583086725152398&mt=1610370272&fvip=4&keepalive=yes&c=WEB&txp=5535432&n=-Rf9f0HlpjL4fV&sparams=expire%2Cei%2Cip%2Cid%2Caitags%2Csource%2Crequiressl%2Cvprv%2Cmime%2Cns%2Cgir%2Cclen%2Cdur%2Clmt&sig=AOq0QJ8wRQIhAMC641XSuBI4NWIvvLuw8PU81lDftxOKtOWdn7tPgjYhAiAPO8nPQvUi-7jYkHgaDvKQMm0ltacpYttsgkPjrkefMg%3D%3D&lsparams=mh%2Cmm%2Cmn%2Cms%2Cmv%2Cmvi%2Cpl%2Cinitcwndbps&lsig=AG3C_xAwRQIgEGV0-tmYgBb1f9rGw9DigMO9SyGobhs5IQLXK4EbFAcCIQCP2xh79TpJbQEHGhjCzEzJYN_ZiVj9dFIE_SdzcQ0toQ%3D%3D&ratebypass=yes", "player_url": null, "ext": "webm", "height": 480, "format_note": "480p", "vcodec": "vp9", "asr": null, "filesize": 3691934, "fps": 24, "tbr": 185.806, "width": 854, "acodec": "none", "downloader_options": {"http_chunk_size": 10485760}, "format": "244 - 854x480 (480p)", "protocol": "https", "http_headers": {"User-Agent": "Mozilla/5.0 (Windows NT 10.0; Win64; x64) AppleWebKit/537.36 (KHTML, like Gecko) Chrome/73.0.3683.38 Safari/537.36", "Accept-Charset": "ISO-8859-1,utf-8;q=0.7,*;q=0.7", "Accept": "text/html,application/xhtml+xml,application/xml;q=0.9,*/*;q=0.8", "Accept-Encoding": "gzip, deflate", "Accept-Language": "en-us,en;q=0.5"}}, {"format_id": "136", "url": "https://r4---sn-ipoxu-u2x6.googlevideo.com/videoplayback?expire=1610392287&ei=f078X8rFGIr5gQOlv7qwCA&ip=220.129.26.102&id=o-AIhHLLobPwrs1CBOs9EcAoEpI1TGITIc0RqhQ9kPYAhN&itag=136&aitags=133%2C134%2C135%2C136%2C137%2C160%2C242%2C243%2C244%2C247%2C248%2C278&source=youtube&requiressl=yes&mh=-9&mm=31%2C29&mn=sn-ipoxu-u2x6%2Csn-un57en7e&ms=au%2Crdu&mv=m&mvi=4&pl=21&initcwndbps=1117500&vprv=1&mime=video%2Fmp4&ns=eBX3vUl5Wb_TT8iZ-OcAaW4F&gir=yes&clen=5785702&dur=216.958&lmt=1583085719814231&mt=1610370272&fvip=4&keepalive=yes&c=WEB&txp=5535432&n=-Rf9f0HlpjL4fV&sparams=expire%2Cei%2Cip%2Cid%2Caitags%2Csource%2Crequiressl%2Cvprv%2Cmime%2Cns%2Cgir%2Cclen%2Cdur%2Clmt&sig=AOq0QJ8wRQIhAK75KGQTvBXQTXYmzY65LWWYXgEnQTP81QA0fCXrCix8AiBVOP-Zm8uYk0ubMkpPcZYPzFgMGsbd9AE9AQC4vd0meQ%3D%3D&lsparams=mh%2Cmm%2Cmn%2Cms%2Cmv%2Cmvi%2Cpl%2Cinitcwndbps&lsig=AG3C_xAwRQIgEGV0-tmYgBb1f9rGw9DigMO9SyGobhs5IQLXK4EbFAcCIQCP2xh79TpJbQEHGhjCzEzJYN_ZiVj9dFIE_SdzcQ0toQ%3D%3D&ratebypass=yes", "player_url": null, "ext": "mp4", "height": 720, "format_note": "720p", "vcodec": "avc1.4d401f", "asr": null, "filesize": 5785702, "fps": 24, "tbr": 292.231, "width": 1280, "acodec": "none", "downloader_options": {"http_chunk_size": 10485760}, "format": "136 - 1280x720 (720p)", "protocol": "https", "http_headers": {"User-Agent": "Mozilla/5.0 (Windows NT 10.0; Win64; x64) AppleWebKit/537.36 (KHTML, like Gecko) Chrome/73.0.3683.38 Safari/537.36", "Accept-Charset": "ISO-8859-1,utf-8;q=0.7,*;q=0.7", "Accept": "text/html,application/xhtml+xml,application/xml;q=0.9,*/*;q=0.8", "Accept-Encoding": "gzip, deflate", "Accept-Language": "en-us,en;q=0.5"}}, {"format_id": "247", "url": "https://r4---sn-ipoxu-u2x6.googlevideo.com/videoplayback?expire=1610392287&ei=f078X8rFGIr5gQOlv7qwCA&ip=220.129.26.102&id=o-AIhHLLobPwrs1CBOs9EcAoEpI1TGITIc0RqhQ9kPYAhN&itag=247&aitags=133%2C134%2C135%2C136%2C137%2C160%2C242%2C243%2C244%2C247%2C248%2C278&source=youtube&requiressl=yes&mh=-9&mm=31%2C29&mn=sn-ipoxu-u2x6%2Csn-un57en7e&ms=au%2Crdu&mv=m&mvi=4&pl=21&initcwndbps=1117500&vprv=1&mime=video%2Fwebm&ns=eBX3vUl5Wb_TT8iZ-OcAaW4F&gir=yes&clen=6152493&dur=216.958&lmt=1583086725131857&mt=1610370272&fvip=4&keepalive=yes&c=WEB&txp=5535432&n=-Rf9f0HlpjL4fV&sparams=expire%2Cei%2Cip%2Cid%2Caitags%2Csource%2Crequiressl%2Cvprv%2Cmime%2Cns%2Cgir%2Cclen%2Cdur%2Clmt&sig=AOq0QJ8wRQIgbtSn6S9hRLM4qlqoOGo50A1pgKMoMhK7YTYfANPnYAUCIQC6jIx9HRni_g-y6qEcbRub-WQeBiOZ0M9_twVCc3SI-g%3D%3D&lsparams=mh%2Cmm%2Cmn%2Cms%2Cmv%2Cmvi%2Cpl%2Cinitcwndbps&lsig=AG3C_xAwRQIgEGV0-tmYgBb1f9rGw9DigMO9SyGobhs5IQLXK4EbFAcCIQCP2xh79TpJbQEHGhjCzEzJYN_ZiVj9dFIE_SdzcQ0toQ%3D%3D&ratebypass=yes", "player_url": null, "ext": "webm", "height": 720, "format_note": "720p", "vcodec": "vp9", "asr": null, "filesize": 6152493, "fps": 24, "tbr": 323.822, "width": 1280, "acodec": "none", "downloader_options": {"http_chunk_size": 10485760}, "format": "247 - 1280x720 (720p)", "protocol": "https", "http_headers": {"User-Agent": "Mozilla/5.0 (Windows NT 10.0; Win64; x64) AppleWebKit/537.36 (KHTML, like Gecko) Chrome/73.0.3683.38 Safari/537.36", "Accept-Charset": "ISO-8859-1,utf-8;q=0.7,*;q=0.7", "Accept": "text/html,application/xhtml+xml,application/xml;q=0.9,*/*;q=0.8", "Accept-Encoding": "gzip, deflate", "Accept-Language": "en-us,en;q=0.5"}}, {"format_id": "137", "url": "https://r4---sn-ipoxu-u2x6.googlevideo.com/videoplayback?expire=1610392287&ei=f078X8rFGIr5gQOlv7qwCA&ip=220.129.26.102&id=o-AIhHLLobPwrs1CBOs9EcAoEpI1TGITIc0RqhQ9kPYAhN&itag=137&aitags=133%2C134%2C135%2C136%2C137%2C160%2C242%2C243%2C244%2C247%2C248%2C278&source=youtube&requiressl=yes&mh=-9&mm=31%2C29&mn=sn-ipoxu-u2x6%2Csn-un57en7e&ms=au%2Crdu&mv=m&mvi=4&pl=21&initcwndbps=1117500&vprv=1&mime=video%2Fmp4&ns=eBX3vUl5Wb_TT8iZ-OcAaW4F&gir=yes&clen=21287942&dur=216.958&lmt=1583085088384350&mt=1610370272&fvip=4&keepalive=yes&c=WEB&txp=5535432&n=-Rf9f0HlpjL4fV&sparams=expire%2Cei%2Cip%2Cid%2Caitags%2Csource%2Crequiressl%2Cvprv%2Cmime%2Cns%2Cgir%2Cclen%2Cdur%2Clmt&sig=AOq0QJ8wRgIhAKhGkxg7db-V-EVJsPtJvfs4hXRmSOnFIXb8OB3nFDZ-AiEAi9fHxyXA_jCsg3re3KjU-TCQchFI18gB2PxXw09HDcI%3D&lsparams=mh%2Cmm%2Cmn%2Cms%2Cmv%2Cmvi%2Cpl%2Cinitcwndbps&lsig=AG3C_xAwRQIgEGV0-tmYgBb1f9rGw9DigMO9SyGobhs5IQLXK4EbFAcCIQCP2xh79TpJbQEHGhjCzEzJYN_ZiVj9dFIE_SdzcQ0toQ%3D%3D&ratebypass=yes", "player_url": null, "ext": "mp4", "height": 1080, "format_note": "1080p", "vcodec": "avc1.640028", "asr": null, "filesize": 21287942, "fps": 24, "tbr": 1040.577, "width": 1920, "acodec": "none", "downloader_options": {"http_chunk_size": 10485760}, "format": "137 - 1920x1080 (1080p)", "protocol": "https", "http_headers": {"User-Agent": "Mozilla/5.0 (Windows NT 10.0; Win64; x64) AppleWebKit/537.36 (KHTML, like Gecko) Chrome/73.0.3683.38 Safari/537.36", "Accept-Charset": "ISO-8859-1,utf-8;q=0.7,*;q=0.7", "Accept": "text/html,application/xhtml+xml,application/xml;q=0.9,*/*;q=0.8", "Accept-Encoding": "gzip, deflate", "Accept-Language": "en-us,en;q=0.5"}}, {"format_id": "248", "url": "https://r4---sn-ipoxu-u2x6.googlevideo.com/videoplayback?expire=1610392287&ei=f078X8rFGIr5gQOlv7qwCA&ip=220.129.26.102&id=o-AIhHLLobPwrs1CBOs9EcAoEpI1TGITIc0RqhQ9kPYAhN&itag=248&aitags=133%2C134%2C135%2C136%2C137%2C160%2C242%2C243%2C244%2C247%2C248%2C278&source=youtube&requiressl=yes&mh=-9&mm=31%2C29&mn=sn-ipoxu-u2x6%2Csn-un57en7e&ms=au%2Crdu&mv=m&mvi=4&pl=21&initcwndbps=1117500&vprv=1&mime=video%2Fwebm&ns=eBX3vUl5Wb_TT8iZ-OcAaW4F&gir=yes&clen=18323403&dur=216.958&lmt=1583086273842209&mt=1610370272&fvip=4&keepalive=yes&c=WEB&txp=5535432&n=-Rf9f0HlpjL4fV&sparams=expire%2Cei%2Cip%2Cid%2Caitags%2Csource%2Crequiressl%2Cvprv%2Cmime%2Cns%2Cgir%2Cclen%2Cdur%2Clmt&sig=AOq0QJ8wRQIgCCfMXlno80SHhDzvCcGikiQV5J-l7qivcoLY3-VX73oCIQD1R2sSXhgMnHK55lQHZwEDEUeXA5rHGKJNzF0qnThuXg%3D%3D&lsparams=mh%2Cmm%2Cmn%2Cms%2Cmv%2Cmvi%2Cpl%2Cinitcwndbps&lsig=AG3C_xAwRQIgEGV0-tmYgBb1f9rGw9DigMO9SyGobhs5IQLXK4EbFAcCIQCP2xh79TpJbQEHGhjCzEzJYN_ZiVj9dFIE_SdzcQ0toQ%3D%3D&ratebypass=yes", "player_url": null, "ext": "webm", "height": 1080, "format_note": "1080p", "vcodec": "vp9", "asr": null, "filesize": 18323403, "fps": 24, "tbr": 1184.41, "width": 1920, "acodec": "none", "downloader_options": {"http_chunk_size": 10485760}, "format": "248 - 1920x1080 (1080p)", "protocol": "https", "http_headers": {"User-Agent": "Mozilla/5.0 (Windows NT 10.0; Win64; x64) AppleWebKit/537.36 (KHTML, like Gecko) Chrome/73.0.3683.38 Safari/537.36", "Accept-Charset": "ISO-8859-1,utf-8;q=0.7,*;q=0.7", "Accept": "text/html,application/xhtml+xml,application/xml;q=0.9,*/*;q=0.8", "Accept-Encoding": "gzip, deflate", "Accept-Language": "en-us,en;q=0.5"}}, {"format_id": "18", "url": "https://r4---sn-ipoxu-u2x6.googlevideo.com/videoplayback?expire=1610392287&ei=f078X8rFGIr5gQOlv7qwCA&ip=220.129.26.102&id=o-AIhHLLobPwrs1CBOs9EcAoEpI1TGITIc0RqhQ9kPYAhN&itag=18&source=youtube&requiressl=yes&mh=-9&mm=31%2C29&mn=sn-ipoxu-u2x6%2Csn-un57en7e&ms=au%2Crdu&mv=m&mvi=4&pl=21&initcwndbps=1117500&vprv=1&mime=video%2Fmp4&ns=ScY4VXjzQmBOBehJDO4WPqoF&gir=yes&clen=9883156&ratebypass=yes&dur=217.013&lmt=1583082341965797&mt=1610370272&fvip=4&c=WEB&txp=5531432&n=P0QPFIw9KdQOES&sparams=expire%2Cei%2Cip%2Cid%2Citag%2Csource%2Crequiressl%2Cvprv%2Cmime%2Cns%2Cgir%2Cclen%2Cratebypass%2Cdur%2Clmt&sig=AOq0QJ8wRQIhAIUNzaNo9l6WUqqk9O2mS26f5pmw_k0rhoEgaAMGhRSrAiAvA7YEIlD2q-KtEMEzdUGPpboXOgfGc_BIiO1JQ6w-kA%3D%3D&lsparams=mh%2Cmm%2Cmn%2Cms%2Cmv%2Cmvi%2Cpl%2Cinitcwndbps&lsig=AG3C_xAwRQIgEGV0-tmYgBb1f9rGw9DigMO9SyGobhs5IQLXK4EbFAcCIQCP2xh79TpJbQEHGhjCzEzJYN_ZiVj9dFIE_SdzcQ0toQ%3D%3D", "player_url": null, "ext": "mp4", "width": 640, "height": 360, "acodec": "mp4a.40.2", "abr": 96, "vcodec": "avc1.42001E", "asr": 44100, "filesize": 9883156, "format_note": "360p", "fps": 24, "tbr": 364.426, "format": "18 - 640x360 (360p)", "protocol": "https", "http_headers": {"User-Agent": "Mozilla/5.0 (Windows NT 10.0; Win64; x64) AppleWebKit/537.36 (KHTML, like Gecko) Chrome/73.0.3683.38 Safari/537.36", "Accept-Charset": "ISO-8859-1,utf-8;q=0.7,*;q=0.7", "Accept": "text/html,application/xhtml+xml,application/xml;q=0.9,*/*;q=0.8", "Accept-Encoding": "gzip, deflate", "Accept-Language": "en-us,en;q=0.5"}}], "is_live": null, "start_time": null, "end_time": null, "series": null, "season_number": null, "episode_number": null, "track": null, "artist": null, "album": null, "release_date": null, "release_year": null, "extractor": "youtube", "webpage_url_basename": "watch", "extractor_key": "Youtube", "playlist": null, "playlist_index": null, "thumbnail": "https://i.ytimg.com/vi_webp/tw_lArYiHTo/maxresdefault.webp", "display_id": "tw_lArYiHTo", "requested_subtitles": null, "format_id": "251", "url": "https://r4---sn-ipoxu-u2x6.googlevideo.com/videoplayback?expire=1610392287&ei=f078X8rFGIr5gQOlv7qwCA&ip=220.129.26.102&id=o-AIhHLLobPwrs1CBOs9EcAoEpI1TGITIc0RqhQ9kPYAhN&itag=251&source=youtube&requiressl=yes&mh=-9&mm=31%2C29&mn=sn-ipoxu-u2x6%2Csn-un57en7e&ms=au%2Crdu&mv=m&mvi=4&pl=21&initcwndbps=1117500&vprv=1&mime=audio%2Fwebm&ns=eBX3vUl5Wb_TT8iZ-OcAaW4F&gir=yes&clen=3968175&dur=216.981&lmt=1583083595126829&mt=1610370272&fvip=4&keepalive=yes&c=WEB&txp=5531432&n=-Rf9f0HlpjL4fV&sparams=expire%2Cei%2Cip%2Cid%2Citag%2Csource%2Crequiressl%2Cvprv%2Cmime%2Cns%2Cgir%2Cclen%2Cdur%2Clmt&sig=AOq0QJ8wRQIgBU5EC0cUcUCLQyNou_0n0wpzPvrosVC9XBwAYuUmO5QCIQDmlzmarmeNttuomXgKUO_1I9cy9THt0XM0sMHuJqzN3Q%3D%3D&lsparams=mh%2Cmm%2Cmn%2Cms%2Cmv%2Cmvi%2Cpl%2Cinitcwndbps&lsig=AG3C_xAwRQIgEGV0-tmYgBb1f9rGw9DigMO9SyGobhs5IQLXK4EbFAcCIQCP2xh79TpJbQEHGhjCzEzJYN_ZiVj9dFIE_SdzcQ0toQ%3D%3D&ratebypass=yes", "player_url": null, "ext": "webm", "format_note": "tiny", "acodec": "opus", "abr": 160, "asr": 48000, "filesize": 3968175, "fps": null, "height": null, "tbr": 154.004, "width": null, "vcodec": "none", "downloader_options": {"http_chunk_size": 10485760}, "format": "251 - audio only (tiny)", "protocol": "https", "http_headers": {"User-Agent": "Mozilla/5.0 (Windows NT 10.0; Win64; x64) AppleWebKit/537.36 (KHTML, like Gecko) Chrome/73.0.3683.38 Safari/537.36", "Accept-Charset": "ISO-8859-1,utf-8;q=0.7,*;q=0.7", "Accept": "text/html,application/xhtml+xml,application/xml;q=0.9,*/*;q=0.8", "Accept-Encoding": "gzip, deflate", "Accept-Language": "en-us,en;q=0.5"}}