{"id": "veG92Oi-DlU", "uploader": "Jurrivh", "uploader_id": "Jurrivh", "uploader_url": "http://www.youtube.com/user/Jurrivh", "channel_id": "UCLh10hzbQJPg0Hho1VdGXwA", "channel_url": "http://www.youtube.com/channel/UCLh10hzbQJPg0Hho1VdGXwA", "upload_date": "20191117", "license": null, "creator": null, "title": "I Love You - Piano Love Ballad Instrumental Song", "alt_title": null, "thumbnails": [{"url": "https://i.ytimg.com/vi/veG92Oi-DlU/hqdefault.jpg?sqp=-oaymwEYCKgBEF5IVfKriqkDCwgBFQAAiEIYAXAB&rs=AOn4CLAc88CtVMjFX033suU9reH58a3QGg", "width": 168, "height": 94, "resolution": "168x94", "id": "0"}, {"url": "https://i.ytimg.com/vi/veG92Oi-DlU/hqdefault.jpg?sqp=-oaymwEYCMQBEG5IVfKriqkDCwgBFQAAiEIYAXAB&rs=AOn4CLCasJXDE9VIiGCTWzR6JFSQTRSH6A", "width": 196, "height": 110, "resolution": "196x110", "id": "1"}, {"url": "https://i.ytimg.com/vi/veG92Oi-DlU/hqdefault.jpg?sqp=-oaymwEZCPYBEIoBSFXyq4qpAwsIARUAAIhCGAFwAQ==&rs=AOn4CLARsEvMzvkF1_cvvjLUFvjntWVZkQ", "width": 246, "height": 138, "resolution": "246x138", "id": "2"}, {"url": "https://i.ytimg.com/vi/veG92Oi-DlU/hqdefault.jpg?sqp=-oaymwEZCNACELwBSFXyq4qpAwsIARUAAIhCGAFwAQ==&rs=AOn4CLCynvQhMVaPne72bWZX7a561bMxbA", "width": 336, "height": 188, "resolution": "336x188", "id": "3"}, {"url": "https://i.ytimg.com/vi_webp/veG92Oi-DlU/maxresdefault.webp", "width": 1920, "height": 1080, "resolution": "1920x1080", "id": "4"}], "description": "Piano Love Ballad Instrumental Song Composed by Jurrivh. \n\n\u25b6 Subscribe for more Music: http://bit.ly/SubToJurrivh\n\ud83d\udcb0 Purchase (License): https://audiojungle.net/item/romantic-wedding-love-song/26529829 \n\nSocial Media\nInstagram: https://www.instagram.com/jurrivh/\nTwitter: http://twitter.com/jurrivh\nFacebook: https://www.facebook.com/jurrivh/\n\nSubscribe for New Music every Sunday 5pm (CET)!\n#PianoBallad #Love #PianoSong", "categories": ["Music"], "tags": ["Piano Love Ballad", "Piano Love Ballad Instrumental Song", "Jurrivh", "Jurrivh Piano", "Piano Ballad For Singers", "Piano For Singers", "Love Ballad Instrumental", "Piano Love Instrumental", "Piano Song", "Piano Instrumental Song", "I Love You", "Jurrivh I Love You", "I Love You Instrumental", "I Love You - Piano Love Ballad Instrumental Song", "I Love You Piano Ballad"], "subtitles": {}, "automatic_captions": {}, "duration": 246, "age_limit": 0, "annotations": null, "chapters": null, "webpage_url": "https://www.youtube.com/watch?v=veG92Oi-DlU", "view_count": 367227, "like_count": 9628, "dislike_count": 79, "average_rating": 4.9674463, "formats": [{"format_id": "249", "url": "https://r6---sn-ipoxu-u2x6.googlevideo.com/videoplayback?expire=1610392299&ei=i078X5q9MNiZs8IPnqCZwAo&ip=220.129.26.102&id=o-AGMOSQI9xV9ZkfNiN83ygRE6YqksgWuj5eqlYuTxI7XZ&itag=249&source=youtube&requiressl=yes&mh=cJ&mm=31%2C29&mn=sn-ipoxu-u2x6%2Csn-un57sn76&ms=au%2Crdu&mv=m&mvi=6&pcm2cms=yes&pl=21&initcwndbps=1117500&vprv=1&mime=audio%2Fwebm&ns=QoqIZ4Yr8oBK1dOdDhLhq_wF&gir=yes&clen=1710766&dur=245.681&lmt=1605122996637735&mt=1610370272&fvip=6&keepalive=yes&c=WEB&txp=5511222&n=MyexYH5yna9ggJ&sparams=expire%2Cei%2Cip%2Cid%2Citag%2Csource%2Crequiressl%2Cvprv%2Cmime%2Cns%2Cgir%2Cclen%2Cdur%2Clmt&sig=AOq0QJ8wRAIgRlSjagVG9Wt4sM7M0NwKjeaPhFjSctLVx0TUeTvWyqUCIAJsKiuIva42Z2rTyIfvpawJ9mwqRneO_JB2SWIdeRxd&lsparams=mh%2Cmm%2Cmn%2Cms%2Cmv%2Cmvi%2Cpcm2cms%2Cpl%2Cinitcwndbps&lsig=AG3C_xAwRQIgb--cBtS90dNSn3QkCm8yP67yew5bxe01jXE7U76qUbwCIQDZP49T1Nu86eNV8eRRK6KTonovjHPMlI6ArBQdLgDaRg%3D%3D&ratebypass=yes", "player_url": null, "ext": "webm", "format_note": "tiny", "acodec": "opus", "abr": 50, "asr": 48000, "filesize": 1710766, "fps": null, "height": null, "tbr": 63.436, "width": null, "vcodec": "none", "downloader_options": {"http_chunk_size": 10485760}, "format": "249 - audio only (tiny)", "protocol": "https", "http_headers": {"User-Agent": "Mozilla/5.0 (Windows NT 10.0; Win64; x64) AppleWebKit/537.36 (KHTML, like Gecko) Chrome/73.0.3683.38 Safari/537.36", "Accept-Charset": "ISO-8859-1,utf-8;q=0.7,*;q=0.7", "Accept": "text/html,application/xhtml+xml,application/xml;q=0.9,*/*;q=0.8", "Accept-Encoding": "gzip, deflate", "Accept-Language": "en-us,en;q=0.5"}}, {"format_id": "250", "url": "https://r6---sn-ipoxu-u2x6.googlevideo.com/videoplayback?expire=1610392299&ei=i078X5q9MNiZs8IPnqCZwAo&ip=220.129.26.102&id=o-AGMOSQI9xV9ZkfNiN83ygRE6YqksgWuj5eqlYuTxI7XZ&itag=250&source=youtube&requiressl=yes&mh=cJ&mm=31%2C29&mn=sn-ipoxu-u2x6%2Csn-un57sn76&ms=au%2Crdu&mv=m&mvi=6&pcm2cms=yes&pl=21&initcwndbps=1117500&vprv=1&mime=audio%2Fwebm&ns=QoqIZ4Yr8oBK1dOdDhLhq_wF&gir=yes&clen=2243608&dur=245.681&lmt=1605122997367006&mt=1610370272&fvip=6&keepalive=yes&c=WEB&txp=5511222&n=MyexYH5yna9ggJ&sparams=expire%2Cei%2Cip%2Cid%2Citag%2Csource%2Crequiressl%2Cvprv%2Cmime%2Cns%2Cgir%2Cclen%2Cdur%2Clmt&sig=AOq0QJ8wRAIgGXiEPnK8WEwo413GaNE8DdH_IegJDKmTjXZVaJf_G90CIG6mgJjr3OZ9yoccA25yvxqffi9cZ708Mh4I3MkV6UTL&lsparams=mh%2Cmm%2Cmn%2Cms%2Cmv%2Cmvi%2Cpcm2cms%2Cpl%2Cinitcwndbps&lsig=AG3C_xAwRQIgb--cBtS90dNSn3QkCm8yP67yew5bxe01jXE7U76qUbwCIQDZP49T1Nu86eNV8eRRK6KTonovjHPMlI6ArBQdLgDaRg%3D%3D&ratebypass=yes", "player_url": null, "ext": "webm", "format_note": "tiny", "acodec": "opus", "abr": 70, "asr": 48000, "filesize": 2243608, "fps": null, "height": null, "tbr": 81.368, "width": null, "vcodec": "none", "downloader_options": {"http_chunk_size": 10485760}, "format": "250 - audio only (tiny)", "protocol": "https", "http_headers": {"User-Agent": "Mozilla/5.0 (Windows NT 10.0; Win64; x64) AppleWebKit/537.36 (KHTML, like Gecko) Chrome/73.0.3683.38 Safari/537.36", "Accept-Charset": "ISO-8859-1,utf-8;q=0.7,*;q=0.7", "Accept": "text/html,application/xhtml+xml,application/xml;q=0.9,*/*;q=0.8", "Accept-Encoding": "gzip, deflate", "Accept-Language": "en-us,en;q=0.5"}}, {"format_id": "140", "url": "https://r6---sn-ipoxu-u2x6.googlevideo.com/videoplayback?expire=1610392299&ei=i078X5q9MNiZs8IPnqCZwAo&ip=220.129.26.102&id=o-AGMOSQI9xV9ZkfNiN83ygRE6YqksgWuj5eqlYuTxI7XZ&itag=140&source=youtube&requiressl=yes&mh=cJ&mm=31%2C29&mn=sn-ipoxu-u2x6%2Csn-un57sn76&ms=au%2Crdu&mv=m&mvi=6&pcm2cms=yes&pl=21&initcwndbps=1117500&vprv=1&mime=audio%2Fmp4&ns=QoqIZ4Yr8oBK1dOdDhLhq_wF&gir=yes&clen=3977743&dur=245.713&lmt=1574120653539227&mt=1610370272&fvip=6&keepalive=yes&c=WEB&txp=5531432&n=MyexYH5yna9ggJ&sparams=expire%2Cei%2Cip%2Cid%2Citag%2Csource%2Crequiressl%2Cvprv%2Cmime%2Cns%2Cgir%2Cclen%2Cdur%2Clmt&sig=AOq0QJ8wRQIhAI_JtT8URaE2WWHVaY6n11EQZe5om7mWC6VeFZsGlAhyAiBMw_3qUn2ola14-wEmiQMmACCQVwqd4TxuN9pCUdav0A%3D%3D&lsparams=mh%2Cmm%2Cmn%2Cms%2Cmv%2Cmvi%2Cpcm2cms%2Cpl%2Cinitcwndbps&lsig=AG3C_xAwRQIgb--cBtS90dNSn3QkCm8yP67yew5bxe01jXE7U76qUbwCIQDZP49T1Nu86eNV8eRRK6KTonovjHPMlI6ArBQdLgDaRg%3D%3D&ratebypass=yes", "player_url": null, "ext": "m4a", "format_note": "tiny", "acodec": "mp4a.40.2", "abr": 128, "container": "m4a_dash", "asr": 44100, "filesize": 3977743, "fps": null, "height": null, "tbr": 130.452, "width": null, "vcodec": "none", "downloader_options": {"http_chunk_size": 10485760}, "format": "140 - audio only (tiny)", "protocol": "https", "http_headers": {"User-Agent": "Mozilla/5.0 (Windows NT 10.0; Win64; x64) AppleWebKit/537.36 (KHTML, like Gecko) Chrome/73.0.3683.38 Safari/537.36", "Accept-Charset": "ISO-8859-1,utf-8;q=0.7,*;q=0.7", "Accept": "text/html,application/xhtml+xml,application/xml;q=0.9,*/*;q=0.8", "Accept-Encoding": "gzip, deflate", "Accept-Language": "en-us,en;q=0.5"}}, {"format_id": "251", "url": "https://r6---sn-ipoxu-u2x6.googlevideo.com/videoplayback?expire=1610392299&ei=i078X5q9MNiZs8IPnqCZwAo&ip=220.129.26.102&id=o-AGMOSQI9xV9ZkfNiN83ygRE6YqksgWuj5eqlYuTxI7XZ&itag=251&source=youtube&requiressl=yes&mh=cJ&mm=31%2C29&mn=sn-ipoxu-u2x6%2Csn-un57sn76&ms=au%2Crdu&mv=m&mvi=6&pcm2cms=yes&pl=21&initcwndbps=1117500&vprv=1&mime=audio%2Fwebm&ns=QoqIZ4Yr8oBK1dOdDhLhq_wF&gir=yes&clen=4425535&dur=245.681&lmt=1605122995432486&mt=1610370272&fvip=6&keepalive=yes&c=WEB&txp=5511222&n=MyexYH5yna9ggJ&sparams=expire%2Cei%2Cip%2Cid%2Citag%2Csource%2Crequiressl%2Cvprv%2Cmime%2Cns%2Cgir%2Cclen%2Cdur%2Clmt&sig=AOq0QJ8wRQIgD352wtm6k7odF8CuvPUhmRxjzAMOeaamku56-6zDfzgCIQDnEi7mkSoSQW68wcqA_gS7Ktfu28YYy4Pu9wGg3KWWtg%3D%3D&lsparams=mh%2Cmm%2Cmn%2Cms%2Cmv%2Cmvi%2Cpcm2cms%2Cpl%2Cinitcwndbps&lsig=AG3C_xAwRQIgb--cBtS90dNSn3QkCm8yP67yew5bxe01jXE7U76qUbwCIQDZP49T1Nu86eNV8eRRK6KTonovjHPMlI6ArBQdLgDaRg%3D%3D&ratebypass=yes", "player_url": null, "ext": "webm", "format_note": "tiny", "acodec": "opus", "abr": 160, "asr": 48000, "filesize": 4425535, "fps": null, "height": null, "tbr": 159.064, "width": null, "vcodec": "none", "downloader_options": {"http_chunk_size": 10485760}, "format": "251 - audio only (tiny)", "protocol": "https", "http_headers": {"User-Agent": "Mozilla/5.0 (Windows NT 10.0; Win64; x64) AppleWebKit/537.36 (KHTML, like Gecko) Chrome/73.0.3683.38 Safari/537.36", "Accept-Charset": "ISO-8859-1,utf-8;q=0.7,*;q=0.7", "Accept": "text/html,application/xhtml+xml,application/xml;q=0.9,*/*;q=0.8", "Accept-Encoding": "gzip, deflate", "Accept-Language": "en-us,en;q=0.5"}}, {"format_id": "160", "url": "https://r6---sn-ipoxu-u2x6.googlevideo.com/videoplayback?expire=1610392299&ei=i078X5q9MNiZs8IPnqCZwAo&ip=220.129.26.102&id=o-AGMOSQI9xV9ZkfNiN83ygRE6YqksgWuj5eqlYuTxI7XZ&itag=160&aitags=133%2C134%2C135%2C136%2C137%2C160%2C242%2C243%2C244%2C247%2C248%2C278%2C394%2C395%2C396%2C397%2C398%2C399&source=youtube&requiressl=yes&mh=cJ&mm=31%2C29&mn=sn-ipoxu-u2x6%2Csn-un57sn76&ms=au%2Crdu&mv=m&mvi=6&pcm2cms=yes&pl=21&initcwndbps=1117500&vprv=1&mime=video%2Fmp4&ns=QoqIZ4Yr8oBK1dOdDhLhq_wF&gir=yes&clen=1220909&dur=245.662&lmt=1574121911762592&mt=1610370272&fvip=6&keepalive=yes&c=WEB&txp=5535432&n=MyexYH5yna9ggJ&sparams=expire%2Cei%2Cip%2Cid%2Caitags%2Csource%2Crequiressl%2Cvprv%2Cmime%2Cns%2Cgir%2Cclen%2Cdur%2Clmt&sig=AOq0QJ8wRgIhAPwRB91BdWABJ_igpOoG-F6KSRARFL8q4DTdYwHKLx7pAiEA9sdrUkMXGO1GniGFx-kqyZtaYZes_v0-CkxN33HV45k%3D&lsparams=mh%2Cmm%2Cmn%2Cms%2Cmv%2Cmvi%2Cpcm2cms%2Cpl%2Cinitcwndbps&lsig=AG3C_xAwRQIgb--cBtS90dNSn3QkCm8yP67yew5bxe01jXE7U76qUbwCIQDZP49T1Nu86eNV8eRRK6KTonovjHPMlI6ArBQdLgDaRg%3D%3D&ratebypass=yes", "player_url": null, "ext": "mp4", "height": 144, "format_note": "144p", "vcodec": "avc1.4d400c", "asr": null, "filesize": 1220909, "fps": 24, "tbr": 56.701, "width": 256, "acodec": "none", "downloader_options": {"http_chunk_size": 10485760}, "format": "160 - 256x144 (144p)", "protocol": "https", "http_headers": {"User-Agent": "Mozilla/5.0 (Windows NT 10.0; Win64; x64) AppleWebKit/537.36 (KHTML, like Gecko) Chrome/73.0.3683.38 Safari/537.36", "Accept-Charset": "ISO-8859-1,utf-8;q=0.7,*;q=0.7", "Accept": "text/html,application/xhtml+xml,application/xml;q=0.9,*/*;q=0.8", "Accept-Encoding": "gzip, deflate", "Accept-Language": "en-us,en;q=0.5"}}, {"format_id": "394", "url": "https://r6---sn-ipoxu-u2x6.googlevideo.com/videoplayback?expire=1610392299&ei=i078X5q9MNiZs8IPnqCZwAo&ip=220.129.26.102&id=o-AGMOSQI9xV9ZkfNiN83ygRE6YqksgWuj5eqlYuTxI7XZ&itag=394&aitags=133%2C134%2C135%2C136%2C137%2C160%2C242%2C243%2C244%2C247%2C248%2C278%2C394%2C395%2C396%2C397%2C398%2C399&source=youtube&requiressl=yes&mh=cJ&mm=31%2C29&mn=sn-ipoxu-u2x6%2Csn-un57sn76&ms=au%2Crdu&mv=m&mvi=6&pcm2cms=yes&pl=21&initcwndbps=1117500&vprv=1&mime=video%2Fmp4&ns=QoqIZ4Yr8oBK1dOdDhLhq_wF&gir=yes&clen=2011460&dur=245.662&lmt=1574123289357289&mt=1610370272&fvip=6&keepalive=yes&c=WEB&txp=5531432&n=MyexYH5yna9ggJ&sparams=expire%2Cei%2Cip%2Cid%2Caitags%2Csource%2Crequiressl%2Cvprv%2Cmime%2Cns%2Cgir%2Cclen%2Cdur%2Clmt&sig=AOq0QJ8wRQIhAJ_UlrxoOP5FzsWb_wCCcHVArZB_3yRTVi015EtnaTDVAiAr7AWsVSvqoqmp-4Yb0_NuRFlj5Iw1pTkdTBHMjHGFfQ%3D%3D&lsparams=mh%2Cmm%2Cmn%2Cms%2Cmv%2Cmvi%2Cpcm2cms%2Cpl%2Cinitcwndbps&lsig=AG3C_xAwRQIgb--cBtS90dNSn3QkCm8yP67yew5bxe01jXE7U76qUbwCIQDZP49T1Nu86eNV8eRRK6KTonovjHPMlI6ArBQdLgDaRg%3D%3D&ratebypass=yes", "player_url": null, "acodec": "none", "vcodec": "av01.0.00M.08", "asr": null, "filesize": 2011460, "format_note": "144p", "fps": 24, "height": 144, "tbr": 73.829, "width": 256, "ext": "mp4", "downloader_options": {"http_chunk_size": 10485760}, "format": "394 - 256x144 (144p)", "protocol": "https", "http_headers": {"User-Agent": "Mozilla/5.0 (Windows NT 10.0; Win64; x64) AppleWebKit/537.36 (KHTML, like Gecko) Chrome/73.0.3683.38 Safari/537.36", "Accept-Charset": "ISO-8859-1,utf-8;q=0.7,*;q=0.7", "Accept": "text/html,application/xhtml+xml,application/xml;q=0.9,*/*;q=0.8", "Accept-Encoding": "gzip, deflate", "Accept-Language": "en-us,en;q=0.5"}}, {"format_id": "278", "url": "https://r6---sn-ipoxu-u2x6.googlevideo.com/videoplayback?expire=1610392299&ei=i078X5q9MNiZs8IPnqCZwAo&ip=220.129.26.102&id=o-AGMOSQI9xV9ZkfNiN83ygRE6YqksgWuj5eqlYuTxI7XZ&itag=278&aitags=133%2C134%2C135%2C136%2C137%2C160%2C242%2C243%2C244%2C247%2C248%2C278%2C394%2C395%2C396%2C397%2C398%2C399&source=youtube&requiressl=yes&mh=cJ&mm=31%2C29&mn=sn-ipoxu-u2x6%2Csn-un57sn76&ms=au%2Crdu&mv=m&mvi=6&pcm2cms=yes&pl=21&initcwndbps=1117500&vprv=1&mime=video%2Fwebm&ns=QoqIZ4Yr8oBK1dOdDhLhq_wF&gir=yes&clen=2395291&dur=245.661&lmt=1574121673829113&mt=1610370272&fvip=6&keepalive=yes&c=WEB&txp=5535432&n=MyexYH5yna9ggJ&sparams=expire%2Cei%2Cip%2Cid%2Caitags%2Csource%2Crequiressl%2Cvprv%2Cmime%2Cns%2Cgir%2Cclen%2Cdur%2Clmt&sig=AOq0QJ8wRQIgflxdgWI8vxVDlzQ5LG0iWLzhdZ6FaVwrRcJPuqDUvoACIQC8w3O5tQJoRtkuswDMYlPamsguagR9DrUobSmcPR49OA%3D%3D&lsparams=mh%2Cmm%2Cmn%2Cms%2Cmv%2Cmvi%2Cpcm2cms%2Cpl%2Cinitcwndbps&lsig=AG3C_xAwRQIgb--cBtS90dNSn3QkCm8yP67yew5bxe01jXE7U76qUbwCIQDZP49T1Nu86eNV8eRRK6KTonovjHPMlI6ArBQdLgDaRg%3D%3D&ratebypass=yes", "player_url": null, "ext": "webm", "height": 144, "format_note": "144p", "container": "webm", "vcodec": "vp9", "asr": null, "filesize": 2395291, "fps": 24, "tbr": 94.436, "width": 256, "acodec": "none", "downloader_options": {"http_chunk_size": 10485760}, "format": "278 - 256x144 (144p)", "protocol": "https", "http_headers": {"User-Agent": "Mozilla/5.0 (Windows NT 10.0; Win64; x64) AppleWebKit/537.36 (KHTML, like Gecko) Chrome/73.0.3683.38 Safari/537.36", "Accept-Charset": "ISO-8859-1,utf-8;q=0.7,*;q=0.7", "Accept": "text/html,application/xhtml+xml,application/xml;q=0.9,*/*;q=0.8", "Accept-Encoding": "gzip, deflate", "Accept-Language": "en-us,en;q=0.5"}}, {"format_id": "133", "url": "https://r6---sn-ipoxu-u2x6.googlevideo.com/videoplayback?expire=1610392299&ei=i078X5q9MNiZs8IPnqCZwAo&ip=220.129.26.102&id=o-AGMOSQI9xV9ZkfNiN83ygRE6YqksgWuj5eqlYuTxI7XZ&itag=133&aitags=133%2C134%2C135%2C136%2C137%2C160%2C242%2C243%2C244%2C247%2C248%2C278%2C394%2C395%2C396%2C397%2C398%2C399&source=youtube&requiressl=yes&mh=cJ&mm=31%2C29&mn=sn-ipoxu-u2x6%2Csn-un57sn76&ms=au%2Crdu&mv=m&mvi=6&pcm2cms=yes&pl=21&initcwndbps=1117500&vprv=1&mime=video%2Fmp4&ns=QoqIZ4Yr8oBK1dOdDhLhq_wF&gir=yes&clen=2309674&dur=245.662&lmt=1574121911755480&mt=1610370272&fvip=6&keepalive=yes&c=WEB&txp=5535432&n=MyexYH5yna9ggJ&sparams=expire%2Cei%2Cip%2Cid%2Caitags%2Csource%2Crequiressl%2Cvprv%2Cmime%2Cns%2Cgir%2Cclen%2Cdur%2Clmt&sig=AOq0QJ8wRQIhAO8hIOK7kppPDScgdf4fLfo94iIBue5ELtrTrmziU04NAiBuw5_wGAryslD0_rudPwpQG3eGHg8bKe0fIqTkPi078Q%3D%3D&lsparams=mh%2Cmm%2Cmn%2Cms%2Cmv%2Cmvi%2Cpcm2cms%2Cpl%2Cinitcwndbps&lsig=AG3C_xAwRQIgb--cBtS90dNSn3QkCm8yP67yew5bxe01jXE7U76qUbwCIQDZP49T1Nu86eNV8eRRK6KTonovjHPMlI6ArBQdLgDaRg%3D%3D&ratebypass=yes", "player_url": null, "ext": "mp4", "height": 240, "format_note": "240p", "vcodec": "avc1.4d4015", "asr": null, "filesize": 2309674, "fps": 24, "tbr": 111.478, "width": 426, "acodec": "none", "downloader_options": {"http_chunk_size": 10485760}, "format": "133 - 426x240 (240p)", "protocol": "https", "http_headers": {"User-Agent": "Mozilla/5.0 (Windows NT 10.0; Win64; x64) AppleWebKit/537.36 (KHTML, like Gecko) Chrome/73.0.3683.38 Safari/537.36", "Accept-Charset": "ISO-8859-1,utf-8;q=0.7,*;q=0.7", "Accept": "text/html,application/xhtml+xml,application/xml;q=0.9,*/*;q=0.8", "Accept-Encoding": "gzip, deflate", "Accept-Language": "en-us,en;q=0.5"}}, {"format_id": "242", "url": "https://r6---sn-ipoxu-u2x6.googlevideo.com/videoplayback?expire=1610392299&ei=i078X5q9MNiZs8IPnqCZwAo&ip=220.129.26.102&id=o-AGMOSQI9xV9ZkfNiN83ygRE6YqksgWuj5eqlYuTxI7XZ&itag=242&aitags=133%2C134%2C135%2C136%2C137%2C160%2C242%2C243%2C244%2C247%2C248%2C278%2C394%2C395%2C396%2C397%2C398%2C399&source=youtube&requiressl=yes&mh=cJ&mm=31%2C29&mn=sn-ipoxu-u2x6%2Csn-un57sn76&ms=au%2Crdu&mv=m&mvi=6&pcm2cms=yes&pl=21&initcwndbps=1117500&vprv=1&mime=video%2Fwebm&ns=QoqIZ4Yr8oBK1dOdDhLhq_wF&gir=yes&clen=2524970&dur=245.661&lmt=1574121673825461&mt=1610370272&fvip=6&keepalive=yes&c=WEB&txp=5535432&n=MyexYH5yna9ggJ&sparams=expire%2Cei%2Cip%2Cid%2Caitags%2Csource%2Crequiressl%2Cvprv%2Cmime%2Cns%2Cgir%2Cclen%2Cdur%2Clmt&sig=AOq0QJ8wRQIgFaD1RImzF3CDGyF5cRJgRTvIDQ0_cXYsunu1S9rEL_wCIQDGEy6auP3D61x7iZUjkHmiGd0GRdl3mOG5tNxi-4wMaA%3D%3D&lsparams=mh%2Cmm%2Cmn%2Cms%2Cmv%2Cmvi%2Cpcm2cms%2Cpl%2Cinitcwndbps&lsig=AG3C_xAwRQIgb--cBtS90dNSn3QkCm8yP67yew5bxe01jXE7U76qUbwCIQDZP49T1Nu86eNV8eRRK6KTonovjHPMlI6ArBQdLgDaRg%3D%3D&ratebypass=yes", "player_url": null, "ext": "webm", "height": 240, "format_note": "240p", "vcodec": "vp9", "asr": null, "filesize": 2524970, "fps": 24, "tbr": 117.785, "width": 426, "acodec": "none", "downloader_options": {"http_chunk_size": 10485760}, "format": "242 - 426x240 (240p)", "protocol": "https", "http_headers": {"User-Agent": "Mozilla/5.0 (Windows NT 10.0; Win64; x64) AppleWebKit/537.36 (KHTML, like Gecko) Chrome/73.0.3683.38 Safari/537.36", "Accept-Charset": "ISO-8859-1,utf-8;q=0.7,*;q=0.7", "Accept": "text/html,application/xhtml+xml,application/xml;q=0.9,*/*;q=0.8", "Accept-Encoding": "gzip, deflate", "Accept-Language": "en-us,en;q=0.5"}}, {"format_id": "395", "url": "https://r6---sn-ipoxu-u2x6.googlevideo.com/videoplayback?expire=1610392299&ei=i078X5q9MNiZs8IPnqCZwAo&ip=220.129.26.102&id=o-AGMOSQI9xV9ZkfNiN83ygRE6YqksgWuj5eqlYuTxI7XZ&itag=395&aitags=133%2C134%2C135%2C136%2C137%2C160%2C242%2C243%2C244%2C247%2C248%2C278%2C394%2C395%2C396%2C397%2C398%2C399&source=youtube&requiressl=yes&mh=cJ&mm=31%2C29&mn=sn-ipoxu-u2x6%2Csn-un57sn76&ms=au%2Crdu&mv=m&mvi=6&pcm2cms=yes&pl=21&initcwndbps=1117500&vprv=1&mime=video%2Fmp4&ns=QoqIZ4Yr8oBK1dOdDhLhq_wF&gir=yes&clen=2563474&dur=245.662&lmt=1574123573554301&mt=1610370272&fvip=6&keepalive=yes&c=WEB&txp=5531432&n=MyexYH5yna9ggJ&sparams=expire%2Cei%2Cip%2Cid%2Caitags%2Csource%2Crequiressl%2Cvprv%2Cmime%2Cns%2Cgir%2Cclen%2Cdur%2Clmt&sig=AOq0QJ8wRgIhAMftGWU9boEZiIXhZNd5TYYErk8y1rpEBykSDd7-c6qaAiEAm9oLLE5ONiAZVNNGLHakjOu3ImKqpEu1v9T17LHQc-s%3D&lsparams=mh%2Cmm%2Cmn%2Cms%2Cmv%2Cmvi%2Cpcm2cms%2Cpl%2Cinitcwndbps&lsig=AG3C_xAwRQIgb--cBtS90dNSn3QkCm8yP67yew5bxe01jXE7U76qUbwCIQDZP49T1Nu86eNV8eRRK6KTonovjHPMlI6ArBQdLgDaRg%3D%3D&ratebypass=yes", "player_url": null, "acodec": "none", "vcodec": "av01.0.00M.08", "asr": null, "filesize": 2563474, "format_note": "240p", "fps": 24, "height": 240, "tbr": 126.988, "width": 426, "ext": "mp4", "downloader_options": {"http_chunk_size": 10485760}, "format": "395 - 426x240 (240p)", "protocol": "https", "http_headers": {"User-Agent": "Mozilla/5.0 (Windows NT 10.0; Win64; x64) AppleWebKit/537.36 (KHTML, like Gecko) Chrome/73.0.3683.38 Safari/537.36", "Accept-Charset": "ISO-8859-1,utf-8;q=0.7,*;q=0.7", "Accept": "text/html,application/xhtml+xml,application/xml;q=0.9,*/*;q=0.8", "Accept-Encoding": "gzip, deflate", "Accept-Language": "en-us,en;q=0.5"}}, {"format_id": "243", "url": "https://r6---sn-ipoxu-u2x6.googlevideo.com/videoplayback?expire=1610392299&ei=i078X5q9MNiZs8IPnqCZwAo&ip=220.129.26.102&id=o-AGMOSQI9xV9ZkfNiN83ygRE6YqksgWuj5eqlYuTxI7XZ&itag=243&aitags=133%2C134%2C135%2C136%2C137%2C160%2C242%2C243%2C244%2C247%2C248%2C278%2C394%2C395%2C396%2C397%2C398%2C399&source=youtube&requiressl=yes&mh=cJ&mm=31%2C29&mn=sn-ipoxu-u2x6%2Csn-un57sn76&ms=au%2Crdu&mv=m&mvi=6&pcm2cms=yes&pl=21&initcwndbps=1117500&vprv=1&mime=video%2Fwebm&ns=QoqIZ4Yr8oBK1dOdDhLhq_wF&gir=yes&clen=3807263&dur=245.661&lmt=1574121673810888&mt=1610370272&fvip=6&keepalive=yes&c=WEB&txp=5535432&n=MyexYH5yna9ggJ&sparams=expire%2Cei%2Cip%2Cid%2Caitags%2Csource%2Crequiressl%2Cvprv%2Cmime%2Cns%2Cgir%2Cclen%2Cdur%2Clmt&sig=AOq0QJ8wRQIhAOFbG7x3KnKras8l4_CaHXeWPywKdoSL2vNZ8Qq7kDJZAiAVciwfOjwSt--oRXTj9mDRr45Pb1iztqHocGwWBc4y8Q%3D%3D&lsparams=mh%2Cmm%2Cmn%2Cms%2Cmv%2Cmvi%2Cpcm2cms%2Cpl%2Cinitcwndbps&lsig=AG3C_xAwRQIgb--cBtS90dNSn3QkCm8yP67yew5bxe01jXE7U76qUbwCIQDZP49T1Nu86eNV8eRRK6KTonovjHPMlI6ArBQdLgDaRg%3D%3D&ratebypass=yes", "player_url": null, "ext": "webm", "height": 360, "format_note": "360p", "vcodec": "vp9", "asr": null, "filesize": 3807263, "fps": 24, "tbr": 186.174, "width": 640, "acodec": "none", "downloader_options": {"http_chunk_size": 10485760}, "format": "243 - 640x360 (360p)", "protocol": "https", "http_headers": {"User-Agent": "Mozilla/5.0 (Windows NT 10.0; Win64; x64) AppleWebKit/537.36 (KHTML, like Gecko) Chrome/73.0.3683.38 Safari/537.36", "Accept-Charset": "ISO-8859-1,utf-8;q=0.7,*;q=0.7", "Accept": "text/html,application/xhtml+xml,application/xml;q=0.9,*/*;q=0.8", "Accept-Encoding": "gzip, deflate", "Accept-Language": "en-us,en;q=0.5"}}, {"format_id": "134", "url": "https://r6---sn-ipoxu-u2x6.googlevideo.com/videoplayback?expire=1610392299&ei=i078X5q9MNiZs8IPnqCZwAo&ip=220.129.26.102&id=o-AGMOSQI9xV9ZkfNiN83ygRE6YqksgWuj5eqlYuTxI7XZ&itag=134&aitags=133%2C134%2C135%2C136%2C137%2C160%2C242%2C243%2C244%2C247%2C248%2C278%2C394%2C395%2C396%2C397%2C398%2C399&source=youtube&requiressl=yes&mh=cJ&mm=31%2C29&mn=sn-ipoxu-u2x6%2Csn-un57sn76&ms=au%2Crdu&mv=m&mvi=6&pcm2cms=yes&pl=21&initcwndbps=1117500&vprv=1&mime=video%2Fmp4&ns=QoqIZ4Yr8oBK1dOdDhLhq_wF&gir=yes&clen=3770268&dur=245.662&lmt=1574121911755076&mt=1610370272&fvip=6&keepalive=yes&c=WEB&txp=5535432&n=MyexYH5yna9ggJ&sparams=expire%2Cei%2Cip%2Cid%2Caitags%2Csource%2Crequiressl%2Cvprv%2Cmime%2Cns%2Cgir%2Cclen%2Cdur%2Clmt&sig=AOq0QJ8wRQIhANxxD_wlYFXhv25hgJFG6FnFmldORRtgANuZ7WBM_Co4AiBH6laAJ4DdY4N5k2kGFaDQ8nO2CruQ3q6VrpugmfD1Fw%3D%3D&lsparams=mh%2Cmm%2Cmn%2Cms%2Cmv%2Cmvi%2Cpcm2cms%2Cpl%2Cinitcwndbps&lsig=AG3C_xAwRQIgb--cBtS90dNSn3QkCm8yP67yew5bxe01jXE7U76qUbwCIQDZP49T1Nu86eNV8eRRK6KTonovjHPMlI6ArBQdLgDaRg%3D%3D&ratebypass=yes", "player_url": null, "ext": "mp4", "height": 360, "format_note": "360p", "vcodec": "avc1.4d401e", "asr": null, "filesize": 3770268, "fps": 24, "tbr": 187.695, "width": 640, "acodec": "none", "downloader_options": {"http_chunk_size": 10485760}, "format": "134 - 640x360 (360p)", "protocol": "https", "http_headers": {"User-Agent": "Mozilla/5.0 (Windows NT 10.0; Win64; x64) AppleWebKit/537.36 (KHTML, like Gecko) Chrome/73.0.3683.38 Safari/537.36", "Accept-Charset": "ISO-8859-1,utf-8;q=0.7,*;q=0.7", "Accept": "text/html,application/xhtml+xml,application/xml;q=0.9,*/*;q=0.8", "Accept-Encoding": "gzip, deflate", "Accept-Language": "en-us,en;q=0.5"}}, {"format_id": "396", "url": "https://r6---sn-ipoxu-u2x6.googlevideo.com/videoplayback?expire=1610392299&ei=i078X5q9MNiZs8IPnqCZwAo&ip=220.129.26.102&id=o-AGMOSQI9xV9ZkfNiN83ygRE6YqksgWuj5eqlYuTxI7XZ&itag=396&aitags=133%2C134%2C135%2C136%2C137%2C160%2C242%2C243%2C244%2C247%2C248%2C278%2C394%2C395%2C396%2C397%2C398%2C399&source=youtube&requiressl=yes&mh=cJ&mm=31%2C29&mn=sn-ipoxu-u2x6%2Csn-un57sn76&ms=au%2Crdu&mv=m&mvi=6&pcm2cms=yes&pl=21&initcwndbps=1117500&vprv=1&mime=video%2Fmp4&ns=QoqIZ4Yr8oBK1dOdDhLhq_wF&gir=yes&clen=4207225&dur=245.662&lmt=1574123602573067&mt=1610370272&fvip=6&keepalive=yes&c=WEB&txp=5531432&n=MyexYH5yna9ggJ&sparams=expire%2Cei%2Cip%2Cid%2Caitags%2Csource%2Crequiressl%2Cvprv%2Cmime%2Cns%2Cgir%2Cclen%2Cdur%2Clmt&sig=AOq0QJ8wRAIgdOHORxdcBla1FgY56eqybwzyaki0L8WwZ0k6fvMXMJECIEqc8uHerLKBbDjmgKL1lqTEbJQqqCo3YHthR2txVPxo&lsparams=mh%2Cmm%2Cmn%2Cms%2Cmv%2Cmvi%2Cpcm2cms%2Cpl%2Cinitcwndbps&lsig=AG3C_xAwRQIgb--cBtS90dNSn3QkCm8yP67yew5bxe01jXE7U76qUbwCIQDZP49T1Nu86eNV8eRRK6KTonovjHPMlI6ArBQdLgDaRg%3D%3D&ratebypass=yes", "player_url": null, "acodec": "none", "vcodec": "av01.0.01M.08", "asr": null, "filesize": 4207225, "format_note": "360p", "fps": 24, "height": 360, "tbr": 212.712, "width": 640, "ext": "mp4", "downloader_options": {"http_chunk_size": 10485760}, "format": "396 - 640x360 (360p)", "protocol": "https", "http_headers": {"User-Agent": "Mozilla/5.0 (Windows NT 10.0; Win64; x64) AppleWebKit/537.36 (KHTML, like Gecko) Chrome/73.0.3683.38 Safari/537.36", "Accept-Charset": "ISO-8859-1,utf-8;q=0.7,*;q=0.7", "Accept": "text/html,application/xhtml+xml,application/xml;q=0.9,*/*;q=0.8", "Accept-Encoding": "gzip, deflate", "Accept-Language": "en-us,en;q=0.5"}}, {"format_id": "135", "url": "https://r6---sn-ipoxu-u2x6.googlevideo.com/videoplayback?expire=1610392299&ei=i078X5q9MNiZs8IPnqCZwAo&ip=220.129.26.102&id=o-AGMOSQI9xV9ZkfNiN83ygRE6YqksgWuj5eqlYuTxI7XZ&itag=135&aitags=133%2C134%2C135%2C136%2C137%2C160%2C242%2C243%2C244%2C247%2C248%2C278%2C394%2C395%2C396%2C397%2C398%2C399&source=youtube&requiressl=yes&mh=cJ&mm=31%2C29&mn=sn-ipoxu-u2x6%2Csn-un57sn76&ms=au%2Crdu&mv=m&mvi=6&pcm2cms=yes&pl=21&initcwndbps=1117500&vprv=1&mime=video%2Fmp4&ns=QoqIZ4Yr8oBK1dOdDhLhq_wF&gir=yes&clen=5013133&dur=245.662&lmt=1574121911759461&mt=1610370272&fvip=6&keepalive=yes&c=WEB&txp=5535432&n=MyexYH5yna9ggJ&sparams=expire%2Cei%2Cip%2Cid%2Caitags%2Csource%2Crequiressl%2Cvprv%2Cmime%2Cns%2Cgir%2Cclen%2Cdur%2Clmt&sig=AOq0QJ8wRQIgH2XOl8Rt75r2_2vW35Y6mNoFJwp1Fuuub4_NOH8eqkICIQCHpxqubNjcmXKZRwYb8vRAUHL_DZRIL96uVczR6HCKAA%3D%3D&lsparams=mh%2Cmm%2Cmn%2Cms%2Cmv%2Cmvi%2Cpcm2cms%2Cpl%2Cinitcwndbps&lsig=AG3C_xAwRQIgb--cBtS90dNSn3QkCm8yP67yew5bxe01jXE7U76qUbwCIQDZP49T1Nu86eNV8eRRK6KTonovjHPMlI6ArBQdLgDaRg%3D%3D&ratebypass=yes", "player_url": null, "ext": "mp4", "height": 480, "format_note": "480p", "vcodec": "avc1.4d401e", "asr": null, "filesize": 5013133, "fps": 24, "tbr": 235.525, "width": 854, "acodec": "none", "downloader_options": {"http_chunk_size": 10485760}, "format": "135 - 854x480 (480p)", "protocol": "https", "http_headers": {"User-Agent": "Mozilla/5.0 (Windows NT 10.0; Win64; x64) AppleWebKit/537.36 (KHTML, like Gecko) Chrome/73.0.3683.38 Safari/537.36", "Accept-Charset": "ISO-8859-1,utf-8;q=0.7,*;q=0.7", "Accept": "text/html,application/xhtml+xml,application/xml;q=0.9,*/*;q=0.8", "Accept-Encoding": "gzip, deflate", "Accept-Language": "en-us,en;q=0.5"}}, {"format_id": "244", "url": "https://r6---sn-ipoxu-u2x6.googlevideo.com/videoplayback?expire=1610392299&ei=i078X5q9MNiZs8IPnqCZwAo&ip=220.129.26.102&id=o-AGMOSQI9xV9ZkfNiN83ygRE6YqksgWuj5eqlYuTxI7XZ&itag=244&aitags=133%2C134%2C135%2C136%2C137%2C160%2C242%2C243%2C244%2C247%2C248%2C278%2C394%2C395%2C396%2C397%2C398%2C399&source=youtube&requiressl=yes&mh=cJ&mm=31%2C29&mn=sn-ipoxu-u2x6%2Csn-un57sn76&ms=au%2Crdu&mv=m&mvi=6&pcm2cms=yes&pl=21&initcwndbps=1117500&vprv=1&mime=video%2Fwebm&ns=QoqIZ4Yr8oBK1dOdDhLhq_wF&gir=yes&clen=5261638&dur=245.661&lmt=1574121673807453&mt=1610370272&fvip=6&keepalive=yes&c=WEB&txp=5535432&n=MyexYH5yna9ggJ&sparams=expire%2Cei%2Cip%2Cid%2Caitags%2Csource%2Crequiressl%2Cvprv%2Cmime%2Cns%2Cgir%2Cclen%2Cdur%2Clmt&sig=AOq0QJ8wRQIgBaqJL6h1ySp8QQG-1byVaBgQIzR0v6e0BEktvjOEz6QCIQCTuAl1wR-HwkxmzMI_2zwxadjM7l_u1-Nn-l2abAyVYw%3D%3D&lsparams=mh%2Cmm%2Cmn%2Cms%2Cmv%2Cmvi%2Cpcm2cms%2Cpl%2Cinitcwndbps&lsig=AG3C_xAwRQIgb--cBtS90dNSn3QkCm8yP67yew5bxe01jXE7U76qUbwCIQDZP49T1Nu86eNV8eRRK6KTonovjHPMlI6ArBQdLgDaRg%3D%3D&ratebypass=yes", "player_url": null, "ext": "webm", "height": 480, "format_note": "480p", "vcodec": "vp9", "asr": null, "filesize": 5261638, "fps": 24, "tbr": 257.682, "width": 854, "acodec": "none", "downloader_options": {"http_chunk_size": 10485760}, "format": "244 - 854x480 (480p)", "protocol": "https", "http_headers": {"User-Agent": "Mozilla/5.0 (Windows NT 10.0; Win64; x64) AppleWebKit/537.36 (KHTML, like Gecko) Chrome/73.0.3683.38 Safari/537.36", "Accept-Charset": "ISO-8859-1,utf-8;q=0.7,*;q=0.7", "Accept": "text/html,application/xhtml+xml,application/xml;q=0.9,*/*;q=0.8", "Accept-Encoding": "gzip, deflate", "Accept-Language": "en-us,en;q=0.5"}}, {"format_id": "397", "url": "https://r6---sn-ipoxu-u2x6.googlevideo.com/videoplayback?expire=1610392299&ei=i078X5q9MNiZs8IPnqCZwAo&ip=220.129.26.102&id=o-AGMOSQI9xV9ZkfNiN83ygRE6YqksgWuj5eqlYuTxI7XZ&itag=397&aitags=133%2C134%2C135%2C136%2C137%2C160%2C242%2C243%2C244%2C247%2C248%2C278%2C394%2C395%2C396%2C397%2C398%2C399&source=youtube&requiressl=yes&mh=cJ&mm=31%2C29&mn=sn-ipoxu-u2x6%2Csn-un57sn76&ms=au%2Crdu&mv=m&mvi=6&pcm2cms=yes&pl=21&initcwndbps=1117500&vprv=1&mime=video%2Fmp4&ns=QoqIZ4Yr8oBK1dOdDhLhq_wF&gir=yes&clen=6705327&dur=245.662&lmt=1574124608432903&mt=1610370272&fvip=6&keepalive=yes&c=WEB&txp=5531432&n=MyexYH5yna9ggJ&sparams=expire%2Cei%2Cip%2Cid%2Caitags%2Csource%2Crequiressl%2Cvprv%2Cmime%2Cns%2Cgir%2Cclen%2Cdur%2Clmt&sig=AOq0QJ8wRgIhAMDiLetR9IHs3kbwh4YBEuOusWkg-ZbH47RHAjQSUS57AiEAyGTwENgKgW4p9ndBT8zjRIeQswgXXtYhnEYtZbsFDO0%3D&lsparams=mh%2Cmm%2Cmn%2Cms%2Cmv%2Cmvi%2Cpcm2cms%2Cpl%2Cinitcwndbps&lsig=AG3C_xAwRQIgb--cBtS90dNSn3QkCm8yP67yew5bxe01jXE7U76qUbwCIQDZP49T1Nu86eNV8eRRK6KTonovjHPMlI6ArBQdLgDaRg%3D%3D&ratebypass=yes", "player_url": null, "acodec": "none", "vcodec": "av01.0.04M.08", "asr": null, "filesize": 6705327, "format_note": "480p", "fps": 24, "height": 480, "tbr": 356.612, "width": 854, "ext": "mp4", "downloader_options": {"http_chunk_size": 10485760}, "format": "397 - 854x480 (480p)", "protocol": "https", "http_headers": {"User-Agent": "Mozilla/5.0 (Windows NT 10.0; Win64; x64) AppleWebKit/537.36 (KHTML, like Gecko) Chrome/73.0.3683.38 Safari/537.36", "Accept-Charset": "ISO-8859-1,utf-8;q=0.7,*;q=0.7", "Accept": "text/html,application/xhtml+xml,application/xml;q=0.9,*/*;q=0.8", "Accept-Encoding": "gzip, deflate", "Accept-Language": "en-us,en;q=0.5"}}, {"format_id": "136", "url": "https://r6---sn-ipoxu-u2x6.googlevideo.com/videoplayback?expire=1610392299&ei=i078X5q9MNiZs8IPnqCZwAo&ip=220.129.26.102&id=o-AGMOSQI9xV9ZkfNiN83ygRE6YqksgWuj5eqlYuTxI7XZ&itag=136&aitags=133%2C134%2C135%2C136%2C137%2C160%2C242%2C243%2C244%2C247%2C248%2C278%2C394%2C395%2C396%2C397%2C398%2C399&source=youtube&requiressl=yes&mh=cJ&mm=31%2C29&mn=sn-ipoxu-u2x6%2Csn-un57sn76&ms=au%2Crdu&mv=m&mvi=6&pcm2cms=yes&pl=21&initcwndbps=1117500&vprv=1&mime=video%2Fmp4&ns=QoqIZ4Yr8oBK1dOdDhLhq_wF&gir=yes&clen=8149583&dur=245.662&lmt=1574121911755400&mt=1610370272&fvip=6&keepalive=yes&c=WEB&txp=5535432&n=MyexYH5yna9ggJ&sparams=expire%2Cei%2Cip%2Cid%2Caitags%2Csource%2Crequiressl%2Cvprv%2Cmime%2Cns%2Cgir%2Cclen%2Cdur%2Clmt&sig=AOq0QJ8wRgIhAI-yHiT0_xw643YLDzknvBkDUmJwkbih5umCtc4orOx-AiEA5WYiK801aftqfaKZE52abn_W3C0Caafog7JloC_kzDg%3D&lsparams=mh%2Cmm%2Cmn%2Cms%2Cmv%2Cmvi%2Cpcm2cms%2Cpl%2Cinitcwndbps&lsig=AG3C_xAwRQIgb--cBtS90dNSn3QkCm8yP67yew5bxe01jXE7U76qUbwCIQDZP49T1Nu86eNV8eRRK6KTonovjHPMlI6ArBQdLgDaRg%3D%3D&ratebypass=yes", "player_url": null, "ext": "mp4", "height": 720, "format_note": "720p", "vcodec": "avc1.4d401f", "asr": null, "filesize": 8149583, "fps": 24, "tbr": 372.657, "width": 1280, "acodec": "none", "downloader_options": {"http_chunk_size": 10485760}, "format": "136 - 1280x720 (720p)", "protocol": "https", "http_headers": {"User-Agent": "Mozilla/5.0 (Windows NT 10.0; Win64; x64) AppleWebKit/537.36 (KHTML, like Gecko) Chrome/73.0.3683.38 Safari/537.36", "Accept-Charset": "ISO-8859-1,utf-8;q=0.7,*;q=0.7", "Accept": "text/html,application/xhtml+xml,application/xml;q=0.9,*/*;q=0.8", "Accept-Encoding": "gzip, deflate", "Accept-Language": "en-us,en;q=0.5"}}, {"format_id": "247", "url": "https://r6---sn-ipoxu-u2x6.googlevideo.com/videoplayback?expire=1610392299&ei=i078X5q9MNiZs8IPnqCZwAo&ip=220.129.26.102&id=o-AGMOSQI9xV9ZkfNiN83ygRE6YqksgWuj5eqlYuTxI7XZ&itag=247&aitags=133%2C134%2C135%2C136%2C137%2C160%2C242%2C243%2C244%2C247%2C248%2C278%2C394%2C395%2C396%2C397%2C398%2C399&source=youtube&requiressl=yes&mh=cJ&mm=31%2C29&mn=sn-ipoxu-u2x6%2Csn-un57sn76&ms=au%2Crdu&mv=m&mvi=6&pcm2cms=yes&pl=21&initcwndbps=1117500&vprv=1&mime=video%2Fwebm&ns=QoqIZ4Yr8oBK1dOdDhLhq_wF&gir=yes&clen=8437673&dur=245.661&lmt=1574121673826410&mt=1610370272&fvip=6&keepalive=yes&c=WEB&txp=5535432&n=MyexYH5yna9ggJ&sparams=expire%2Cei%2Cip%2Cid%2Caitags%2Csource%2Crequiressl%2Cvprv%2Cmime%2Cns%2Cgir%2Cclen%2Cdur%2Clmt&sig=AOq0QJ8wRQIhAJte_8Rdplnx_Ozh4ctyDLpryCoNv5NFy7kWFZZPOiiCAiBTjYSyNO12L3CUdjPZvfOwhEZ492U42Sb-lkEH6qJTqA%3D%3D&lsparams=mh%2Cmm%2Cmn%2Cms%2Cmv%2Cmvi%2Cpcm2cms%2Cpl%2Cinitcwndbps&lsig=AG3C_xAwRQIgb--cBtS90dNSn3QkCm8yP67yew5bxe01jXE7U76qUbwCIQDZP49T1Nu86eNV8eRRK6KTonovjHPMlI6ArBQdLgDaRg%3D%3D&ratebypass=yes", "player_url": null, "ext": "webm", "height": 720, "format_note": "720p", "vcodec": "vp9", "asr": null, "filesize": 8437673, "fps": 24, "tbr": 404.794, "width": 1280, "acodec": "none", "downloader_options": {"http_chunk_size": 10485760}, "format": "247 - 1280x720 (720p)", "protocol": "https", "http_headers": {"User-Agent": "Mozilla/5.0 (Windows NT 10.0; Win64; x64) AppleWebKit/537.36 (KHTML, like Gecko) Chrome/73.0.3683.38 Safari/537.36", "Accept-Charset": "ISO-8859-1,utf-8;q=0.7,*;q=0.7", "Accept": "text/html,application/xhtml+xml,application/xml;q=0.9,*/*;q=0.8", "Accept-Encoding": "gzip, deflate", "Accept-Language": "en-us,en;q=0.5"}}, {"format_id": "398", "url": "https://r6---sn-ipoxu-u2x6.googlevideo.com/videoplayback?expire=1610392299&ei=i078X5q9MNiZs8IPnqCZwAo&ip=220.129.26.102&id=o-AGMOSQI9xV9ZkfNiN83ygRE6YqksgWuj5eqlYuTxI7XZ&itag=398&aitags=133%2C134%2C135%2C136%2C137%2C160%2C242%2C243%2C244%2C247%2C248%2C278%2C394%2C395%2C396%2C397%2C398%2C399&source=youtube&requiressl=yes&mh=cJ&mm=31%2C29&mn=sn-ipoxu-u2x6%2Csn-un57sn76&ms=au%2Crdu&mv=m&mvi=6&pcm2cms=yes&pl=21&initcwndbps=1117500&vprv=1&mime=video%2Fmp4&ns=QoqIZ4Yr8oBK1dOdDhLhq_wF&gir=yes&clen=12754135&dur=245.662&lmt=1574123954024375&mt=1610370272&fvip=6&keepalive=yes&c=WEB&txp=5531432&n=MyexYH5yna9ggJ&sparams=expire%2Cei%2Cip%2Cid%2Caitags%2Csource%2Crequiressl%2Cvprv%2Cmime%2Cns%2Cgir%2Cclen%2Cdur%2Clmt&sig=AOq0QJ8wRQIhAJyGbmiweFcwIdV3QqdMcxu-46S2gUNI6rKz2ZA-rppAAiAf8cV8e1SK3k7wUQYKgxOc18wBx5XQJYjMxwbqwxf_KA%3D%3D&lsparams=mh%2Cmm%2Cmn%2Cms%2Cmv%2Cmvi%2Cpcm2cms%2Cpl%2Cinitcwndbps&lsig=AG3C_xAwRQIgb--cBtS90dNSn3QkCm8yP67yew5bxe01jXE7U76qUbwCIQDZP49T1Nu86eNV8eRRK6KTonovjHPMlI6ArBQdLgDaRg%3D%3D&ratebypass=yes", "player_url": null, "asr": null, "filesize": 12754135, "format_note": "720p", "fps": 24, "height": 720, "tbr": 650.376, "width": 1280, "ext": "mp4", "vcodec": "av01.0.05M.08", "acodec": "none", "downloader_options": {"http_chunk_size": 10485760}, "format": "398 - 1280x720 (720p)", "protocol": "https", "http_headers": {"User-Agent": "Mozilla/5.0 (Windows NT 10.0; Win64; x64) AppleWebKit/537.36 (KHTML, like Gecko) Chrome/73.0.3683.38 Safari/537.36", "Accept-Charset": "ISO-8859-1,utf-8;q=0.7,*;q=0.7", "Accept": "text/html,application/xhtml+xml,application/xml;q=0.9,*/*;q=0.8", "Accept-Encoding": "gzip, deflate", "Accept-Language": "en-us,en;q=0.5"}}, {"format_id": "248", "url": "https://r6---sn-ipoxu-u2x6.googlevideo.com/videoplayback?expire=1610392299&ei=i078X5q9MNiZs8IPnqCZwAo&ip=220.129.26.102&id=o-AGMOSQI9xV9ZkfNiN83ygRE6YqksgWuj5eqlYuTxI7XZ&itag=248&aitags=133%2C134%2C135%2C136%2C137%2C160%2C242%2C243%2C244%2C247%2C248%2C278%2C394%2C395%2C396%2C397%2C398%2C399&source=youtube&requiressl=yes&mh=cJ&mm=31%2C29&mn=sn-ipoxu-u2x6%2Csn-un57sn76&ms=au%2Crdu&mv=m&mvi=6&pcm2cms=yes&pl=21&initcwndbps=1117500&vprv=1&mime=video%2Fwebm&ns=QoqIZ4Yr8oBK1dOdDhLhq_wF&gir=yes&clen=23320784&dur=245.661&lmt=1574121689743952&mt=1610370272&fvip=6&keepalive=yes&c=WEB&txp=5535432&n=MyexYH5yna9ggJ&sparams=expire%2Cei%2Cip%2Cid%2Caitags%2Csource%2Crequiressl%2Cvprv%2Cmime%2Cns%2Cgir%2Cclen%2Cdur%2Clmt&sig=AOq0QJ8wRgIhAMH83sob2aYFC0NxtJcs3aqvLKa6GnVZZgceRmMnyCbGAiEAjJXVCG-FaZgwhg2kmFSnJtk2YVuFZqArXGCJy6MeZtA%3D&lsparams=mh%2Cmm%2Cmn%2Cms%2Cmv%2Cmvi%2Cpcm2cms%2Cpl%2Cinitcwndbps&lsig=AG3C_xAwRQIgb--cBtS90dNSn3QkCm8yP67yew5bxe01jXE7U76qUbwCIQDZP49T1Nu86eNV8eRRK6KTonovjHPMlI6ArBQdLgDaRg%3D%3D&ratebypass=yes", "player_url": null, "ext": "webm", "height": 1080, "format_note": "1080p", "vcodec": "vp9", "asr": null, "filesize": 23320784, "fps": 24, "tbr": 1096.127, "width": 1920, "acodec": "none", "downloader_options": {"http_chunk_size": 10485760}, "format": "248 - 1920x1080 (1080p)", "protocol": "https", "http_headers": {"User-Agent": "Mozilla/5.0 (Windows NT 10.0; Win64; x64) AppleWebKit/537.36 (KHTML, like Gecko) Chrome/73.0.3683.38 Safari/537.36", "Accept-Charset": "ISO-8859-1,utf-8;q=0.7,*;q=0.7", "Accept": "text/html,application/xhtml+xml,application/xml;q=0.9,*/*;q=0.8", "Accept-Encoding": "gzip, deflate", "Accept-Language": "en-us,en;q=0.5"}}, {"format_id": "399", "url": "https://r6---sn-ipoxu-u2x6.googlevideo.com/videoplayback?expire=1610392299&ei=i078X5q9MNiZs8IPnqCZwAo&ip=220.129.26.102&id=o-AGMOSQI9xV9ZkfNiN83ygRE6YqksgWuj5eqlYuTxI7XZ&itag=399&aitags=133%2C134%2C135%2C136%2C137%2C160%2C242%2C243%2C244%2C247%2C248%2C278%2C394%2C395%2C396%2C397%2C398%2C399&source=youtube&requiressl=yes&mh=cJ&mm=31%2C29&mn=sn-ipoxu-u2x6%2Csn-un57sn76&ms=au%2Crdu&mv=m&mvi=6&pcm2cms=yes&pl=21&initcwndbps=1117500&vprv=1&mime=video%2Fmp4&ns=QoqIZ4Yr8oBK1dOdDhLhq_wF&gir=yes&clen=20225976&dur=245.662&lmt=1574125988613210&mt=1610370272&fvip=6&keepalive=yes&c=WEB&txp=5531432&n=MyexYH5yna9ggJ&sparams=expire%2Cei%2Cip%2Cid%2Caitags%2Csource%2Crequiressl%2Cvprv%2Cmime%2Cns%2Cgir%2Cclen%2Cdur%2Clmt&sig=AOq0QJ8wRAIgS1Oih6QD5Uj4yTkt-aJoooGorbuWLKlmqPAD0x8MrBwCIC4G4Vvz3qaLsNbSYJx5VRna8WSfhFkWugdhuNaPykta&lsparams=mh%2Cmm%2Cmn%2Cms%2Cmv%2Cmvi%2Cpcm2cms%2Cpl%2Cinitcwndbps&lsig=AG3C_xAwRQIgb--cBtS90dNSn3QkCm8yP67yew5bxe01jXE7U76qUbwCIQDZP49T1Nu86eNV8eRRK6KTonovjHPMlI6ArBQdLgDaRg%3D%3D&ratebypass=yes", "player_url": null, "asr": null, "filesize": 20225976, "format_note": "1080p", "fps": 24, "height": 1080, "tbr": 1105.179, "width": 1920, "ext": "mp4", "vcodec": "av01.0.08M.08", "acodec": "none", "downloader_options": {"http_chunk_size": 10485760}, "format": "399 - 1920x1080 (1080p)", "protocol": "https", "http_headers": {"User-Agent": "Mozilla/5.0 (Windows NT 10.0; Win64; x64) AppleWebKit/537.36 (KHTML, like Gecko) Chrome/73.0.3683.38 Safari/537.36", "Accept-Charset": "ISO-8859-1,utf-8;q=0.7,*;q=0.7", "Accept": "text/html,application/xhtml+xml,application/xml;q=0.9,*/*;q=0.8", "Accept-Encoding": "gzip, deflate", "Accept-Language": "en-us,en;q=0.5"}}, {"format_id": "137", "url": "https://r6---sn-ipoxu-u2x6.googlevideo.com/videoplayback?expire=1610392299&ei=i078X5q9MNiZs8IPnqCZwAo&ip=220.129.26.102&id=o-AGMOSQI9xV9ZkfNiN83ygRE6YqksgWuj5eqlYuTxI7XZ&itag=137&aitags=133%2C134%2C135%2C136%2C137%2C160%2C242%2C243%2C244%2C247%2C248%2C278%2C394%2C395%2C396%2C397%2C398%2C399&source=youtube&requiressl=yes&mh=cJ&mm=31%2C29&mn=sn-ipoxu-u2x6%2Csn-un57sn76&ms=au%2Crdu&mv=m&mvi=6&pcm2cms=yes&pl=21&initcwndbps=1117500&vprv=1&mime=video%2Fmp4&ns=QoqIZ4Yr8oBK1dOdDhLhq_wF&gir=yes&clen=28113548&dur=245.662&lmt=1574122003896991&mt=1610370272&fvip=6&keepalive=yes&c=WEB&txp=5535432&n=MyexYH5yna9ggJ&sparams=expire%2Cei%2Cip%2Cid%2Caitags%2Csource%2Crequiressl%2Cvprv%2Cmime%2Cns%2Cgir%2Cclen%2Cdur%2Clmt&sig=AOq0QJ8wRAIgP6Hg65rI7Ty2XqYwYBt6M2xHvodMsBpLSAkMLGfgIhsCIAHnlU0xDWockIi6trIUezM65_RJgcD44TCxG71f5JpB&lsparams=mh%2Cmm%2Cmn%2Cms%2Cmv%2Cmvi%2Cpcm2cms%2Cpl%2Cinitcwndbps&lsig=AG3C_xAwRQIgb--cBtS90dNSn3QkCm8yP67yew5bxe01jXE7U76qUbwCIQDZP49T1Nu86eNV8eRRK6KTonovjHPMlI6ArBQdLgDaRg%3D%3D&ratebypass=yes", "player_url": null, "ext": "mp4", "height": 1080, "format_note": "1080p", "vcodec": "avc1.640028", "asr": null, "filesize": 28113548, "fps": 24, "tbr": 1259.468, "width": 1920, "acodec": "none", "downloader_options": {"http_chunk_size": 10485760}, "format": "137 - 1920x1080 (1080p)", "protocol": "https", "http_headers": {"User-Agent": "Mozilla/5.0 (Windows NT 10.0; Win64; x64) AppleWebKit/537.36 (KHTML, like Gecko) Chrome/73.0.3683.38 Safari/537.36", "Accept-Charset": "ISO-8859-1,utf-8;q=0.7,*;q=0.7", "Accept": "text/html,application/xhtml+xml,application/xml;q=0.9,*/*;q=0.8", "Accept-Encoding": "gzip, deflate", "Accept-Language": "en-us,en;q=0.5"}}, {"format_id": "18", "url": "https://r6---sn-ipoxu-u2x6.googlevideo.com/videoplayback?expire=1610392299&ei=i078X5q9MNiZs8IPnqCZwAo&ip=220.129.26.102&id=o-AGMOSQI9xV9ZkfNiN83ygRE6YqksgWuj5eqlYuTxI7XZ&itag=18&source=youtube&requiressl=yes&mh=cJ&mm=31%2C29&mn=sn-ipoxu-u2x6%2Csn-un57sn76&ms=au%2Crdu&mv=m&mvi=6&pcm2cms=yes&pl=21&initcwndbps=1117500&vprv=1&mime=video%2Fmp4&ns=mdzl6wJABVXI3T4bkVu48ysF&gir=yes&clen=11075765&ratebypass=yes&dur=245.713&lmt=1574119579479746&mt=1610370272&fvip=6&c=WEB&txp=5531432&n=fkSIyY7E6VTTuB&sparams=expire%2Cei%2Cip%2Cid%2Citag%2Csource%2Crequiressl%2Cvprv%2Cmime%2Cns%2Cgir%2Cclen%2Cratebypass%2Cdur%2Clmt&sig=AOq0QJ8wRgIhAJybG4QQsPUB2kH1XthEY_r2uI0pBcZhc6Bw5cGFzKl8AiEA6usTYLtgl7EnfmKWiVmyLnrtGrUiV5RFIt89Gm8wrrk%3D&lsparams=mh%2Cmm%2Cmn%2Cms%2Cmv%2Cmvi%2Cpcm2cms%2Cpl%2Cinitcwndbps&lsig=AG3C_xAwRQIgb--cBtS90dNSn3QkCm8yP67yew5bxe01jXE7U76qUbwCIQDZP49T1Nu86eNV8eRRK6KTonovjHPMlI6ArBQdLgDaRg%3D%3D", "player_url": null, "ext": "mp4", "width": 640, "height": 360, "acodec": "mp4a.40.2", "abr": 96, "vcodec": "avc1.42001E", "asr": 44100, "filesize": 11075765, "format_note": "360p", "fps": 24, "tbr": 360.683, "format": "18 - 640x360 (360p)", "protocol": "https", "http_headers": {"User-Agent": "Mozilla/5.0 (Windows NT 10.0; Win64; x64) AppleWebKit/537.36 (KHTML, like Gecko) Chrome/73.0.3683.38 Safari/537.36", "Accept-Charset": "ISO-8859-1,utf-8;q=0.7,*;q=0.7", "Accept": "text/html,application/xhtml+xml,application/xml;q=0.9,*/*;q=0.8", "Accept-Encoding": "gzip, deflate", "Accept-Language": "en-us,en;q=0.5"}}], "is_live": null, "start_time": null, "end_time": null, "series": null, "season_number": null, "episode_number": null, "track": null, "artist": null, "album": null, "release_date": null, "release_year": null, "extractor": "youtube", "webpage_url_basename": "watch", "extractor_key": "Youtube", "playlist": null, "playlist_index": null, "thumbnail": "https://i.ytimg.com/vi_webp/veG92Oi-DlU/maxresdefault.webp", "display_id": "veG92Oi-DlU", "requested_subtitles": null, "format_id": "251", "url": "https://r6---sn-ipoxu-u2x6.googlevideo.com/videoplayback?expire=1610392299&ei=i078X5q9MNiZs8IPnqCZwAo&ip=220.129.26.102&id=o-AGMOSQI9xV9ZkfNiN83ygRE6YqksgWuj5eqlYuTxI7XZ&itag=251&source=youtube&requiressl=yes&mh=cJ&mm=31%2C29&mn=sn-ipoxu-u2x6%2Csn-un57sn76&ms=au%2Crdu&mv=m&mvi=6&pcm2cms=yes&pl=21&initcwndbps=1117500&vprv=1&mime=audio%2Fwebm&ns=QoqIZ4Yr8oBK1dOdDhLhq_wF&gir=yes&clen=4425535&dur=245.681&lmt=1605122995432486&mt=1610370272&fvip=6&keepalive=yes&c=WEB&txp=5511222&n=MyexYH5yna9ggJ&sparams=expire%2Cei%2Cip%2Cid%2Citag%2Csource%2Crequiressl%2Cvprv%2Cmime%2Cns%2Cgir%2Cclen%2Cdur%2Clmt&sig=AOq0QJ8wRQIgD352wtm6k7odF8CuvPUhmRxjzAMOeaamku56-6zDfzgCIQDnEi7mkSoSQW68wcqA_gS7Ktfu28YYy4Pu9wGg3KWWtg%3D%3D&lsparams=mh%2Cmm%2Cmn%2Cms%2Cmv%2Cmvi%2Cpcm2cms%2Cpl%2Cinitcwndbps&lsig=AG3C_xAwRQIgb--cBtS90dNSn3QkCm8yP67yew5bxe01jXE7U76qUbwCIQDZP49T1Nu86eNV8eRRK6KTonovjHPMlI6ArBQdLgDaRg%3D%3D&ratebypass=yes", "player_url": null, "ext": "webm", "format_note": "tiny", "acodec": "opus", "abr": 160, "asr": 48000, "filesize": 4425535, "fps": null, "height": null, "tbr": 159.064, "width": null, "vcodec": "none", "downloader_options": {"http_chunk_size": 10485760}, "format": "251 - audio only (tiny)", "protocol": "https", "http_headers": {"User-Agent": "Mozilla/5.0 (Windows NT 10.0; Win64; x64) AppleWebKit/537.36 (KHTML, like Gecko) Chrome/73.0.3683.38 Safari/537.36", "Accept-Charset": "ISO-8859-1,utf-8;q=0.7,*;q=0.7", "Accept": "text/html,application/xhtml+xml,application/xml;q=0.9,*/*;q=0.8", "Accept-Encoding": "gzip, deflate", "Accept-Language": "en-us,en;q=0.5"}}