{"id": "wlOa1jkTn_U", "uploader": "Lucas King", "uploader_id": "LucasKingPiano", "uploader_url": "http://www.youtube.com/user/LucasKingPiano", "channel_id": "UCq52MbjRULLbjRPvxM7FwZg", "channel_url": "http://www.youtube.com/channel/UCq52MbjRULLbjRPvxM7FwZg", "upload_date": "20170708", "license": null, "creator": null, "title": "Dark Piano - Misery (Original Composition)", "alt_title": null, "thumbnails": [{"url": "https://i.ytimg.com/vi/wlOa1jkTn_U/hqdefault.jpg?sqp=-oaymwEbCKgBEF5IVfKriqkDDggBFQAAiEIYAXABwAEG&rs=AOn4CLDNnCGmhEpeRz7pfCRoF38dJ34_fQ", "width": 168, "height": 94, "resolution": "168x94", "id": "0"}, {"url": "https://i.ytimg.com/vi/wlOa1jkTn_U/hqdefault.jpg?sqp=-oaymwEbCMQBEG5IVfKriqkDDggBFQAAiEIYAXABwAEG&rs=AOn4CLDqowtRHGkQsBpQ3fqKRIeK3ribSg", "width": 196, "height": 110, "resolution": "196x110", "id": "1"}, {"url": "https://i.ytimg.com/vi/wlOa1jkTn_U/hqdefault.jpg?sqp=-oaymwEcCPYBEIoBSFXyq4qpAw4IARUAAIhCGAFwAcABBg==&rs=AOn4CLB4jSCxtN0MOanHmR0NNP-GoQyw1g", "width": 246, "height": 138, "resolution": "246x138", "id": "2"}, {"url": "https://i.ytimg.com/vi/wlOa1jkTn_U/hqdefault.jpg?sqp=-oaymwEcCNACELwBSFXyq4qpAw4IARUAAIhCGAFwAcABBg==&rs=AOn4CLBHoxIQKwczjJefHD_c1QoJ9cVY0A", "width": 336, "height": 188, "resolution": "336x188", "id": "3"}, {"url": "https://i.ytimg.com/vi_webp/wlOa1jkTn_U/maxresdefault.webp", "width": 1920, "height": 1080, "resolution": "1920x1080", "id": "4"}], "description": "\u25b6Try our sheet music transcription service: http://mysheetmusictranscriptions.com\n\u25b6 Visit my sheet music catalogue: https://sellfy.com/lucaskingmusic\n\nI am not the artist of the artwork https://ayyasap.deviantart.c\u00adom/art/Dirt-603039943\n_\n\nPatreon https://www.patreon.com/LucasKingPiano\nFiverr https://www.fiverr.com/lucaskingpiano\nBandcamp https://lucaskingpiano.bandcamp.com/releases\nYouNow https://www.younow.com/LucasKingPiano/channel\nInstagram  http://bit.ly/1VlAYcP\nTwitter http://bit.ly/1bxbJj3\nFacebook http://bit.ly/1X486n7\nWattpad http://w.tt/1VgR06v4757\nSoundCloud http://bit.ly/1QkWkSL", "categories": ["Music"], "tags": ["dark", "misery", "lucas king dark", "dark piano", "darkest piano", "evil piano", "eerie piano", "omnious piano"], "subtitles": {}, "automatic_captions": {}, "duration": 269, "age_limit": 0, "annotations": null, "chapters": null, "webpage_url": "https://www.youtube.com/watch?v=wlOa1jkTn_U", "view_count": 84168, "like_count": 3244, "dislike_count": 24, "average_rating": 4.9706244, "formats": [{"format_id": "249", "url": "https://r5---sn-ipoxu-u2xd.googlevideo.com/videoplayback?expire=1610392075&ei=q038X5qNH4i9gAOI0o3wCA&ip=220.129.26.102&id=o-ALMxIktcR1P3fQCfts4K_xzPMhk0Eoh8fnC_O40JrCaO&itag=249&source=youtube&requiressl=yes&mh=5q&mm=31%2C29&mn=sn-ipoxu-u2xd%2Csn-un57en7e&ms=au%2Crdu&mv=m&mvi=5&pl=21&initcwndbps=1125000&vprv=1&mime=audio%2Fwebm&ns=rRO0BWjOS7RnLHBNDxt_segF&gir=yes&clen=1388088&dur=268.841&lmt=1500026801184153&mt=1610370272&fvip=5&keepalive=yes&c=WEB&n=E5ssWPdC_YQOtk&sparams=expire%2Cei%2Cip%2Cid%2Citag%2Csource%2Crequiressl%2Cvprv%2Cmime%2Cns%2Cgir%2Cclen%2Cdur%2Clmt&sig=AOq0QJ8wRQIgNLkLdf0UbZ5hf1lp_ILLee90uhlJjmukHI42w1yi3C4CIQDGidx_95BtHEka-NEOemO3SdatL9pO2PZX8jrlFC3t0A%3D%3D&lsparams=mh%2Cmm%2Cmn%2Cms%2Cmv%2Cmvi%2Cpl%2Cinitcwndbps&lsig=AG3C_xAwRgIhAONlm5eCugd54ryN3IwPCY1xHt8qk6sg1laXrrLdHWoiAiEA1Ib_NsiYHWsV-KOVR7LRGqXXDpDrlxDou8jKHSJePqs%3D&ratebypass=yes", "player_url": null, "ext": "webm", "format_note": "tiny", "acodec": "opus", "abr": 50, "asr": 48000, "filesize": 1388088, "fps": null, "height": null, "tbr": 62.781, "width": null, "vcodec": "none", "downloader_options": {"http_chunk_size": 10485760}, "format": "249 - audio only (tiny)", "protocol": "https", "http_headers": {"User-Agent": "Mozilla/5.0 (Windows NT 10.0; Win64; x64) AppleWebKit/537.36 (KHTML, like Gecko) Chrome/73.0.3683.38 Safari/537.36", "Accept-Charset": "ISO-8859-1,utf-8;q=0.7,*;q=0.7", "Accept": "text/html,application/xhtml+xml,application/xml;q=0.9,*/*;q=0.8", "Accept-Encoding": "gzip, deflate", "Accept-Language": "en-us,en;q=0.5"}}, {"format_id": "250", "url": "https://r5---sn-ipoxu-u2xd.googlevideo.com/videoplayback?expire=1610392075&ei=q038X5qNH4i9gAOI0o3wCA&ip=220.129.26.102&id=o-ALMxIktcR1P3fQCfts4K_xzPMhk0Eoh8fnC_O40JrCaO&itag=250&source=youtube&requiressl=yes&mh=5q&mm=31%2C29&mn=sn-ipoxu-u2xd%2Csn-un57en7e&ms=au%2Crdu&mv=m&mvi=5&pl=21&initcwndbps=1125000&vprv=1&mime=audio%2Fwebm&ns=rRO0BWjOS7RnLHBNDxt_segF&gir=yes&clen=1850727&dur=268.841&lmt=1500026799319991&mt=1610370272&fvip=5&keepalive=yes&c=WEB&n=E5ssWPdC_YQOtk&sparams=expire%2Cei%2Cip%2Cid%2Citag%2Csource%2Crequiressl%2Cvprv%2Cmime%2Cns%2Cgir%2Cclen%2Cdur%2Clmt&sig=AOq0QJ8wRAIgCZr-mqgVVyHgF6t17AoCo56p1h0o1BnNj-ounSpyTb4CICnHj97JHTPfCxa00MNJ8VTNlKYeZTLdCoG09I6jeo0x&lsparams=mh%2Cmm%2Cmn%2Cms%2Cmv%2Cmvi%2Cpl%2Cinitcwndbps&lsig=AG3C_xAwRgIhAONlm5eCugd54ryN3IwPCY1xHt8qk6sg1laXrrLdHWoiAiEA1Ib_NsiYHWsV-KOVR7LRGqXXDpDrlxDou8jKHSJePqs%3D&ratebypass=yes", "player_url": null, "ext": "webm", "format_note": "tiny", "acodec": "opus", "abr": 70, "asr": 48000, "filesize": 1850727, "fps": null, "height": null, "tbr": 83.367, "width": null, "vcodec": "none", "downloader_options": {"http_chunk_size": 10485760}, "format": "250 - audio only (tiny)", "protocol": "https", "http_headers": {"User-Agent": "Mozilla/5.0 (Windows NT 10.0; Win64; x64) AppleWebKit/537.36 (KHTML, like Gecko) Chrome/73.0.3683.38 Safari/537.36", "Accept-Charset": "ISO-8859-1,utf-8;q=0.7,*;q=0.7", "Accept": "text/html,application/xhtml+xml,application/xml;q=0.9,*/*;q=0.8", "Accept-Encoding": "gzip, deflate", "Accept-Language": "en-us,en;q=0.5"}}, {"format_id": "140", "url": "https://r5---sn-ipoxu-u2xd.googlevideo.com/videoplayback?expire=1610392075&ei=q038X5qNH4i9gAOI0o3wCA&ip=220.129.26.102&id=o-ALMxIktcR1P3fQCfts4K_xzPMhk0Eoh8fnC_O40JrCaO&itag=140&source=youtube&requiressl=yes&mh=5q&mm=31%2C29&mn=sn-ipoxu-u2xd%2Csn-un57en7e&ms=au%2Crdu&mv=m&mvi=5&pl=21&initcwndbps=1125000&vprv=1&mime=audio%2Fmp4&ns=rRO0BWjOS7RnLHBNDxt_segF&gir=yes&clen=4271209&dur=268.887&lmt=1500025700332404&mt=1610370272&fvip=5&keepalive=yes&c=WEB&n=E5ssWPdC_YQOtk&sparams=expire%2Cei%2Cip%2Cid%2Citag%2Csource%2Crequiressl%2Cvprv%2Cmime%2Cns%2Cgir%2Cclen%2Cdur%2Clmt&sig=AOq0QJ8wRQIgd7j8HVFuEYLRe3bHM27gCnym5mL8t88oPF4ORE9PBAoCIQCAVn3Mm-_KmpZl7_v0xOL91ZxlF3HQWdj_oTgkzeFm-w%3D%3D&lsparams=mh%2Cmm%2Cmn%2Cms%2Cmv%2Cmvi%2Cpl%2Cinitcwndbps&lsig=AG3C_xAwRgIhAONlm5eCugd54ryN3IwPCY1xHt8qk6sg1laXrrLdHWoiAiEA1Ib_NsiYHWsV-KOVR7LRGqXXDpDrlxDou8jKHSJePqs%3D&ratebypass=yes", "player_url": null, "ext": "m4a", "format_note": "tiny", "acodec": "mp4a.40.2", "abr": 128, "container": "m4a_dash", "asr": 44100, "filesize": 4271209, "fps": null, "height": null, "tbr": 128.01, "width": null, "vcodec": "none", "downloader_options": {"http_chunk_size": 10485760}, "format": "140 - audio only (tiny)", "protocol": "https", "http_headers": {"User-Agent": "Mozilla/5.0 (Windows NT 10.0; Win64; x64) AppleWebKit/537.36 (KHTML, like Gecko) Chrome/73.0.3683.38 Safari/537.36", "Accept-Charset": "ISO-8859-1,utf-8;q=0.7,*;q=0.7", "Accept": "text/html,application/xhtml+xml,application/xml;q=0.9,*/*;q=0.8", "Accept-Encoding": "gzip, deflate", "Accept-Language": "en-us,en;q=0.5"}}, {"format_id": "251", "url": "https://r5---sn-ipoxu-u2xd.googlevideo.com/videoplayback?expire=1610392075&ei=q038X5qNH4i9gAOI0o3wCA&ip=220.129.26.102&id=o-ALMxIktcR1P3fQCfts4K_xzPMhk0Eoh8fnC_O40JrCaO&itag=251&source=youtube&requiressl=yes&mh=5q&mm=31%2C29&mn=sn-ipoxu-u2xd%2Csn-un57en7e&ms=au%2Crdu&mv=m&mvi=5&pl=21&initcwndbps=1125000&vprv=1&mime=audio%2Fwebm&ns=rRO0BWjOS7RnLHBNDxt_segF&gir=yes&clen=3549486&dur=268.841&lmt=1500026799772866&mt=1610370272&fvip=5&keepalive=yes&c=WEB&n=E5ssWPdC_YQOtk&sparams=expire%2Cei%2Cip%2Cid%2Citag%2Csource%2Crequiressl%2Cvprv%2Cmime%2Cns%2Cgir%2Cclen%2Cdur%2Clmt&sig=AOq0QJ8wRAIgE6Vk6Ji6hGLSSUnJaxwimg38e1CuxL8nfJv2iR8dxvQCIDtzb5n7CedBREbA8LQgeo8sRzj2NovMSrOw4MBM5mA2&lsparams=mh%2Cmm%2Cmn%2Cms%2Cmv%2Cmvi%2Cpl%2Cinitcwndbps&lsig=AG3C_xAwRgIhAONlm5eCugd54ryN3IwPCY1xHt8qk6sg1laXrrLdHWoiAiEA1Ib_NsiYHWsV-KOVR7LRGqXXDpDrlxDou8jKHSJePqs%3D&ratebypass=yes", "player_url": null, "ext": "webm", "format_note": "tiny", "acodec": "opus", "abr": 160, "asr": 48000, "filesize": 3549486, "fps": null, "height": null, "tbr": 158.532, "width": null, "vcodec": "none", "downloader_options": {"http_chunk_size": 10485760}, "format": "251 - audio only (tiny)", "protocol": "https", "http_headers": {"User-Agent": "Mozilla/5.0 (Windows NT 10.0; Win64; x64) AppleWebKit/537.36 (KHTML, like Gecko) Chrome/73.0.3683.38 Safari/537.36", "Accept-Charset": "ISO-8859-1,utf-8;q=0.7,*;q=0.7", "Accept": "text/html,application/xhtml+xml,application/xml;q=0.9,*/*;q=0.8", "Accept-Encoding": "gzip, deflate", "Accept-Language": "en-us,en;q=0.5"}}, {"format_id": "160", "url": "https://r5---sn-ipoxu-u2xd.googlevideo.com/videoplayback?expire=1610392075&ei=q038X5qNH4i9gAOI0o3wCA&ip=220.129.26.102&id=o-ALMxIktcR1P3fQCfts4K_xzPMhk0Eoh8fnC_O40JrCaO&itag=160&aitags=133%2C134%2C135%2C136%2C160%2C242%2C243%2C244%2C247%2C278%2C298%2C299%2C302%2C303&source=youtube&requiressl=yes&mh=5q&mm=31%2C29&mn=sn-ipoxu-u2xd%2Csn-un57en7e&ms=au%2Crdu&mv=m&mvi=5&pl=21&initcwndbps=1125000&vprv=1&mime=video%2Fmp4&ns=rRO0BWjOS7RnLHBNDxt_segF&gir=yes&clen=458944&dur=268.833&lmt=1500026038489767&mt=1610370272&fvip=5&keepalive=yes&c=WEB&n=E5ssWPdC_YQOtk&sparams=expire%2Cei%2Cip%2Cid%2Caitags%2Csource%2Crequiressl%2Cvprv%2Cmime%2Cns%2Cgir%2Cclen%2Cdur%2Clmt&sig=AOq0QJ8wRgIhALC3NGsz6hGSBBV7QHhoNFtXjCW0TN8UGPsXTLbHzTsDAiEA7bQr_p239C3DXE2bztv30fsKJZ3hcban7ZY36F3-ArI%3D&lsparams=mh%2Cmm%2Cmn%2Cms%2Cmv%2Cmvi%2Cpl%2Cinitcwndbps&lsig=AG3C_xAwRgIhAONlm5eCugd54ryN3IwPCY1xHt8qk6sg1laXrrLdHWoiAiEA1Ib_NsiYHWsV-KOVR7LRGqXXDpDrlxDou8jKHSJePqs%3D&ratebypass=yes", "player_url": null, "ext": "mp4", "height": 144, "format_note": "144p", "vcodec": "avc1.4d400c", "asr": null, "filesize": 458944, "fps": 30, "tbr": 100.939, "width": 256, "acodec": "none", "downloader_options": {"http_chunk_size": 10485760}, "format": "160 - 256x144 (144p)", "protocol": "https", "http_headers": {"User-Agent": "Mozilla/5.0 (Windows NT 10.0; Win64; x64) AppleWebKit/537.36 (KHTML, like Gecko) Chrome/73.0.3683.38 Safari/537.36", "Accept-Charset": "ISO-8859-1,utf-8;q=0.7,*;q=0.7", "Accept": "text/html,application/xhtml+xml,application/xml;q=0.9,*/*;q=0.8", "Accept-Encoding": "gzip, deflate", "Accept-Language": "en-us,en;q=0.5"}}, {"format_id": "278", "url": "https://r5---sn-ipoxu-u2xd.googlevideo.com/videoplayback?expire=1610392075&ei=q038X5qNH4i9gAOI0o3wCA&ip=220.129.26.102&id=o-ALMxIktcR1P3fQCfts4K_xzPMhk0Eoh8fnC_O40JrCaO&itag=278&aitags=133%2C134%2C135%2C136%2C160%2C242%2C243%2C244%2C247%2C278%2C298%2C299%2C302%2C303&source=youtube&requiressl=yes&mh=5q&mm=31%2C29&mn=sn-ipoxu-u2xd%2Csn-un57en7e&ms=au%2Crdu&mv=m&mvi=5&pl=21&initcwndbps=1125000&vprv=1&mime=video%2Fwebm&ns=rRO0BWjOS7RnLHBNDxt_segF&gir=yes&clen=829315&dur=268.800&lmt=1500027042269084&mt=1610370272&fvip=5&keepalive=yes&c=WEB&n=E5ssWPdC_YQOtk&sparams=expire%2Cei%2Cip%2Cid%2Caitags%2Csource%2Crequiressl%2Cvprv%2Cmime%2Cns%2Cgir%2Cclen%2Cdur%2Clmt&sig=AOq0QJ8wRQIhAPqBREXQi_E4suIEDgyJ5J2RiOqci0oVuOXi5wCUyAKPAiBeJY8Fyo4Ht7WUBeFUp8gvDEVpwHSAJ39i8nY1b5Jljw%3D%3D&lsparams=mh%2Cmm%2Cmn%2Cms%2Cmv%2Cmvi%2Cpl%2Cinitcwndbps&lsig=AG3C_xAwRgIhAONlm5eCugd54ryN3IwPCY1xHt8qk6sg1laXrrLdHWoiAiEA1Ib_NsiYHWsV-KOVR7LRGqXXDpDrlxDou8jKHSJePqs%3D&ratebypass=yes", "player_url": null, "ext": "webm", "height": 144, "format_note": "144p", "container": "webm", "vcodec": "vp9", "asr": null, "filesize": 829315, "fps": 30, "tbr": 102.163, "width": 256, "acodec": "none", "downloader_options": {"http_chunk_size": 10485760}, "format": "278 - 256x144 (144p)", "protocol": "https", "http_headers": {"User-Agent": "Mozilla/5.0 (Windows NT 10.0; Win64; x64) AppleWebKit/537.36 (KHTML, like Gecko) Chrome/73.0.3683.38 Safari/537.36", "Accept-Charset": "ISO-8859-1,utf-8;q=0.7,*;q=0.7", "Accept": "text/html,application/xhtml+xml,application/xml;q=0.9,*/*;q=0.8", "Accept-Encoding": "gzip, deflate", "Accept-Language": "en-us,en;q=0.5"}}, {"format_id": "242", "url": "https://r5---sn-ipoxu-u2xd.googlevideo.com/videoplayback?expire=1610392075&ei=q038X5qNH4i9gAOI0o3wCA&ip=220.129.26.102&id=o-ALMxIktcR1P3fQCfts4K_xzPMhk0Eoh8fnC_O40JrCaO&itag=242&aitags=133%2C134%2C135%2C136%2C160%2C242%2C243%2C244%2C247%2C278%2C298%2C299%2C302%2C303&source=youtube&requiressl=yes&mh=5q&mm=31%2C29&mn=sn-ipoxu-u2xd%2Csn-un57en7e&ms=au%2Crdu&mv=m&mvi=5&pl=21&initcwndbps=1125000&vprv=1&mime=video%2Fwebm&ns=rRO0BWjOS7RnLHBNDxt_segF&gir=yes&clen=1362904&dur=268.800&lmt=1500027041266758&mt=1610370272&fvip=5&keepalive=yes&c=WEB&n=E5ssWPdC_YQOtk&sparams=expire%2Cei%2Cip%2Cid%2Caitags%2Csource%2Crequiressl%2Cvprv%2Cmime%2Cns%2Cgir%2Cclen%2Cdur%2Clmt&sig=AOq0QJ8wRgIhAIdcZYK9v2msxtjwSyUl-pC-fPdWV-AZhLXwWz4fgEabAiEAj7cBV5jzCikOJs02HxbUVwUpnaO8A3Ij9wLgLpADGvk%3D&lsparams=mh%2Cmm%2Cmn%2Cms%2Cmv%2Cmvi%2Cpl%2Cinitcwndbps&lsig=AG3C_xAwRgIhAONlm5eCugd54ryN3IwPCY1xHt8qk6sg1laXrrLdHWoiAiEA1Ib_NsiYHWsV-KOVR7LRGqXXDpDrlxDou8jKHSJePqs%3D&ratebypass=yes", "player_url": null, "ext": "webm", "height": 240, "format_note": "240p", "vcodec": "vp9", "asr": null, "filesize": 1362904, "fps": 30, "tbr": 231.324, "width": 426, "acodec": "none", "downloader_options": {"http_chunk_size": 10485760}, "format": "242 - 426x240 (240p)", "protocol": "https", "http_headers": {"User-Agent": "Mozilla/5.0 (Windows NT 10.0; Win64; x64) AppleWebKit/537.36 (KHTML, like Gecko) Chrome/73.0.3683.38 Safari/537.36", "Accept-Charset": "ISO-8859-1,utf-8;q=0.7,*;q=0.7", "Accept": "text/html,application/xhtml+xml,application/xml;q=0.9,*/*;q=0.8", "Accept-Encoding": "gzip, deflate", "Accept-Language": "en-us,en;q=0.5"}}, {"format_id": "133", "url": "https://r5---sn-ipoxu-u2xd.googlevideo.com/videoplayback?expire=1610392075&ei=q038X5qNH4i9gAOI0o3wCA&ip=220.129.26.102&id=o-ALMxIktcR1P3fQCfts4K_xzPMhk0Eoh8fnC_O40JrCaO&itag=133&aitags=133%2C134%2C135%2C136%2C160%2C242%2C243%2C244%2C247%2C278%2C298%2C299%2C302%2C303&source=youtube&requiressl=yes&mh=5q&mm=31%2C29&mn=sn-ipoxu-u2xd%2Csn-un57en7e&ms=au%2Crdu&mv=m&mvi=5&pl=21&initcwndbps=1125000&vprv=1&mime=video%2Fmp4&ns=rRO0BWjOS7RnLHBNDxt_segF&gir=yes&clen=947121&dur=268.833&lmt=1500026038589992&mt=1610370272&fvip=5&keepalive=yes&c=WEB&n=E5ssWPdC_YQOtk&sparams=expire%2Cei%2Cip%2Cid%2Caitags%2Csource%2Crequiressl%2Cvprv%2Cmime%2Cns%2Cgir%2Cclen%2Cdur%2Clmt&sig=AOq0QJ8wRAIgdqsCf-COPkWI-erQl9PrZjjj3-wOB73FTKDjjUUi8d0CIHaiDyT6X_PvEhlIsoXskkbsmR6N8whr-6AeglUvZTT8&lsparams=mh%2Cmm%2Cmn%2Cms%2Cmv%2Cmvi%2Cpl%2Cinitcwndbps&lsig=AG3C_xAwRgIhAONlm5eCugd54ryN3IwPCY1xHt8qk6sg1laXrrLdHWoiAiEA1Ib_NsiYHWsV-KOVR7LRGqXXDpDrlxDou8jKHSJePqs%3D&ratebypass=yes", "player_url": null, "ext": "mp4", "height": 240, "format_note": "240p", "vcodec": "avc1.4d4015", "asr": null, "filesize": 947121, "fps": 30, "tbr": 248.095, "width": 426, "acodec": "none", "downloader_options": {"http_chunk_size": 10485760}, "format": "133 - 426x240 (240p)", "protocol": "https", "http_headers": {"User-Agent": "Mozilla/5.0 (Windows NT 10.0; Win64; x64) AppleWebKit/537.36 (KHTML, like Gecko) Chrome/73.0.3683.38 Safari/537.36", "Accept-Charset": "ISO-8859-1,utf-8;q=0.7,*;q=0.7", "Accept": "text/html,application/xhtml+xml,application/xml;q=0.9,*/*;q=0.8", "Accept-Encoding": "gzip, deflate", "Accept-Language": "en-us,en;q=0.5"}}, {"format_id": "243", "url": "https://r5---sn-ipoxu-u2xd.googlevideo.com/videoplayback?expire=1610392075&ei=q038X5qNH4i9gAOI0o3wCA&ip=220.129.26.102&id=o-ALMxIktcR1P3fQCfts4K_xzPMhk0Eoh8fnC_O40JrCaO&itag=243&aitags=133%2C134%2C135%2C136%2C160%2C242%2C243%2C244%2C247%2C278%2C298%2C299%2C302%2C303&source=youtube&requiressl=yes&mh=5q&mm=31%2C29&mn=sn-ipoxu-u2xd%2Csn-un57en7e&ms=au%2Crdu&mv=m&mvi=5&pl=21&initcwndbps=1125000&vprv=1&mime=video%2Fwebm&ns=rRO0BWjOS7RnLHBNDxt_segF&gir=yes&clen=2495354&dur=268.800&lmt=1500027042861792&mt=1610370272&fvip=5&keepalive=yes&c=WEB&n=E5ssWPdC_YQOtk&sparams=expire%2Cei%2Cip%2Cid%2Caitags%2Csource%2Crequiressl%2Cvprv%2Cmime%2Cns%2Cgir%2Cclen%2Cdur%2Clmt&sig=AOq0QJ8wRQIgap9Eu2NylzRgIRQVXFZleZ2sn0n-vFX-OTCSLMOSTKkCIQCs4dTsTpQtq8vo7B30B0zw6-L7MwtM2zATZj8226Uxhg%3D%3D&lsparams=mh%2Cmm%2Cmn%2Cms%2Cmv%2Cmvi%2Cpl%2Cinitcwndbps&lsig=AG3C_xAwRgIhAONlm5eCugd54ryN3IwPCY1xHt8qk6sg1laXrrLdHWoiAiEA1Ib_NsiYHWsV-KOVR7LRGqXXDpDrlxDou8jKHSJePqs%3D&ratebypass=yes", "player_url": null, "ext": "webm", "height": 360, "format_note": "360p", "vcodec": "vp9", "asr": null, "filesize": 2495354, "fps": 30, "tbr": 423.453, "width": 640, "acodec": "none", "downloader_options": {"http_chunk_size": 10485760}, "format": "243 - 640x360 (360p)", "protocol": "https", "http_headers": {"User-Agent": "Mozilla/5.0 (Windows NT 10.0; Win64; x64) AppleWebKit/537.36 (KHTML, like Gecko) Chrome/73.0.3683.38 Safari/537.36", "Accept-Charset": "ISO-8859-1,utf-8;q=0.7,*;q=0.7", "Accept": "text/html,application/xhtml+xml,application/xml;q=0.9,*/*;q=0.8", "Accept-Encoding": "gzip, deflate", "Accept-Language": "en-us,en;q=0.5"}}, {"format_id": "134", "url": "https://r5---sn-ipoxu-u2xd.googlevideo.com/videoplayback?expire=1610392075&ei=q038X5qNH4i9gAOI0o3wCA&ip=220.129.26.102&id=o-ALMxIktcR1P3fQCfts4K_xzPMhk0Eoh8fnC_O40JrCaO&itag=134&aitags=133%2C134%2C135%2C136%2C160%2C242%2C243%2C244%2C247%2C278%2C298%2C299%2C302%2C303&source=youtube&requiressl=yes&mh=5q&mm=31%2C29&mn=sn-ipoxu-u2xd%2Csn-un57en7e&ms=au%2Crdu&mv=m&mvi=5&pl=21&initcwndbps=1125000&vprv=1&mime=video%2Fmp4&ns=rRO0BWjOS7RnLHBNDxt_segF&gir=yes&clen=1432403&dur=268.833&lmt=1500026038827750&mt=1610370272&fvip=5&keepalive=yes&c=WEB&n=E5ssWPdC_YQOtk&sparams=expire%2Cei%2Cip%2Cid%2Caitags%2Csource%2Crequiressl%2Cvprv%2Cmime%2Cns%2Cgir%2Cclen%2Cdur%2Clmt&sig=AOq0QJ8wRAIgKSB2HeiK-j93bRz4FA9Ho7kfhfsarJxENarxs0TQLvECIF3NCNQeDrg2F5ux277Y8uoG5WrGemA7n4MmbxCgG4Mk&lsparams=mh%2Cmm%2Cmn%2Cms%2Cmv%2Cmvi%2Cpl%2Cinitcwndbps&lsig=AG3C_xAwRgIhAONlm5eCugd54ryN3IwPCY1xHt8qk6sg1laXrrLdHWoiAiEA1Ib_NsiYHWsV-KOVR7LRGqXXDpDrlxDou8jKHSJePqs%3D&ratebypass=yes", "player_url": null, "ext": "mp4", "height": 360, "format_note": "360p", "vcodec": "avc1.4d401e", "asr": null, "filesize": 1432403, "fps": 30, "tbr": 515.017, "width": 640, "acodec": "none", "downloader_options": {"http_chunk_size": 10485760}, "format": "134 - 640x360 (360p)", "protocol": "https", "http_headers": {"User-Agent": "Mozilla/5.0 (Windows NT 10.0; Win64; x64) AppleWebKit/537.36 (KHTML, like Gecko) Chrome/73.0.3683.38 Safari/537.36", "Accept-Charset": "ISO-8859-1,utf-8;q=0.7,*;q=0.7", "Accept": "text/html,application/xhtml+xml,application/xml;q=0.9,*/*;q=0.8", "Accept-Encoding": "gzip, deflate", "Accept-Language": "en-us,en;q=0.5"}}, {"format_id": "244", "url": "https://r5---sn-ipoxu-u2xd.googlevideo.com/videoplayback?expire=1610392075&ei=q038X5qNH4i9gAOI0o3wCA&ip=220.129.26.102&id=o-ALMxIktcR1P3fQCfts4K_xzPMhk0Eoh8fnC_O40JrCaO&itag=244&aitags=133%2C134%2C135%2C136%2C160%2C242%2C243%2C244%2C247%2C278%2C298%2C299%2C302%2C303&source=youtube&requiressl=yes&mh=5q&mm=31%2C29&mn=sn-ipoxu-u2xd%2Csn-un57en7e&ms=au%2Crdu&mv=m&mvi=5&pl=21&initcwndbps=1125000&vprv=1&mime=video%2Fwebm&ns=rRO0BWjOS7RnLHBNDxt_segF&gir=yes&clen=3987298&dur=268.800&lmt=1500027041842271&mt=1610370272&fvip=5&keepalive=yes&c=WEB&n=E5ssWPdC_YQOtk&sparams=expire%2Cei%2Cip%2Cid%2Caitags%2Csource%2Crequiressl%2Cvprv%2Cmime%2Cns%2Cgir%2Cclen%2Cdur%2Clmt&sig=AOq0QJ8wRQIgEetD7J8HJWiT8zvgEoRsVj93nGlnDL0fQxBHJwleY14CIQCdtkhTsEZeuVDVNSN2LMnjy7z4_bHyQzmYhQ_2B8HKww%3D%3D&lsparams=mh%2Cmm%2Cmn%2Cms%2Cmv%2Cmvi%2Cpl%2Cinitcwndbps&lsig=AG3C_xAwRgIhAONlm5eCugd54ryN3IwPCY1xHt8qk6sg1laXrrLdHWoiAiEA1Ib_NsiYHWsV-KOVR7LRGqXXDpDrlxDou8jKHSJePqs%3D&ratebypass=yes", "player_url": null, "ext": "webm", "height": 480, "format_note": "480p", "vcodec": "vp9", "asr": null, "filesize": 3987298, "fps": 30, "tbr": 763.32, "width": 854, "acodec": "none", "downloader_options": {"http_chunk_size": 10485760}, "format": "244 - 854x480 (480p)", "protocol": "https", "http_headers": {"User-Agent": "Mozilla/5.0 (Windows NT 10.0; Win64; x64) AppleWebKit/537.36 (KHTML, like Gecko) Chrome/73.0.3683.38 Safari/537.36", "Accept-Charset": "ISO-8859-1,utf-8;q=0.7,*;q=0.7", "Accept": "text/html,application/xhtml+xml,application/xml;q=0.9,*/*;q=0.8", "Accept-Encoding": "gzip, deflate", "Accept-Language": "en-us,en;q=0.5"}}, {"format_id": "135", "url": "https://r5---sn-ipoxu-u2xd.googlevideo.com/videoplayback?expire=1610392075&ei=q038X5qNH4i9gAOI0o3wCA&ip=220.129.26.102&id=o-ALMxIktcR1P3fQCfts4K_xzPMhk0Eoh8fnC_O40JrCaO&itag=135&aitags=133%2C134%2C135%2C136%2C160%2C242%2C243%2C244%2C247%2C278%2C298%2C299%2C302%2C303&source=youtube&requiressl=yes&mh=5q&mm=31%2C29&mn=sn-ipoxu-u2xd%2Csn-un57en7e&ms=au%2Crdu&mv=m&mvi=5&pl=21&initcwndbps=1125000&vprv=1&mime=video%2Fmp4&ns=rRO0BWjOS7RnLHBNDxt_segF&gir=yes&clen=2551049&dur=268.833&lmt=1500026038929356&mt=1610370272&fvip=5&keepalive=yes&c=WEB&n=E5ssWPdC_YQOtk&sparams=expire%2Cei%2Cip%2Cid%2Caitags%2Csource%2Crequiressl%2Cvprv%2Cmime%2Cns%2Cgir%2Cclen%2Cdur%2Clmt&sig=AOq0QJ8wRAIgLyDZmm5VENL0vGIRD_vjog7j3VDnkZELVxlWKP3wxR4CIGqHZPPFT2Wo5KpfDnohI6Crr967NiHDdslSUbnPy30u&lsparams=mh%2Cmm%2Cmn%2Cms%2Cmv%2Cmvi%2Cpl%2Cinitcwndbps&lsig=AG3C_xAwRgIhAONlm5eCugd54ryN3IwPCY1xHt8qk6sg1laXrrLdHWoiAiEA1Ib_NsiYHWsV-KOVR7LRGqXXDpDrlxDou8jKHSJePqs%3D&ratebypass=yes", "player_url": null, "ext": "mp4", "height": 480, "format_note": "480p", "vcodec": "avc1.4d401f", "asr": null, "filesize": 2551049, "fps": 30, "tbr": 978.074, "width": 854, "acodec": "none", "downloader_options": {"http_chunk_size": 10485760}, "format": "135 - 854x480 (480p)", "protocol": "https", "http_headers": {"User-Agent": "Mozilla/5.0 (Windows NT 10.0; Win64; x64) AppleWebKit/537.36 (KHTML, like Gecko) Chrome/73.0.3683.38 Safari/537.36", "Accept-Charset": "ISO-8859-1,utf-8;q=0.7,*;q=0.7", "Accept": "text/html,application/xhtml+xml,application/xml;q=0.9,*/*;q=0.8", "Accept-Encoding": "gzip, deflate", "Accept-Language": "en-us,en;q=0.5"}}, {"format_id": "247", "url": "https://r5---sn-ipoxu-u2xd.googlevideo.com/videoplayback?expire=1610392075&ei=q038X5qNH4i9gAOI0o3wCA&ip=220.129.26.102&id=o-ALMxIktcR1P3fQCfts4K_xzPMhk0Eoh8fnC_O40JrCaO&itag=247&aitags=133%2C134%2C135%2C136%2C160%2C242%2C243%2C244%2C247%2C278%2C298%2C299%2C302%2C303&source=youtube&requiressl=yes&mh=5q&mm=31%2C29&mn=sn-ipoxu-u2xd%2Csn-un57en7e&ms=au%2Crdu&mv=m&mvi=5&pl=21&initcwndbps=1125000&vprv=1&mime=video%2Fwebm&ns=rRO0BWjOS7RnLHBNDxt_segF&gir=yes&clen=7218386&dur=268.800&lmt=1500027043148436&mt=1610370272&fvip=5&keepalive=yes&c=WEB&n=E5ssWPdC_YQOtk&sparams=expire%2Cei%2Cip%2Cid%2Caitags%2Csource%2Crequiressl%2Cvprv%2Cmime%2Cns%2Cgir%2Cclen%2Cdur%2Clmt&sig=AOq0QJ8wRQIgECv33aegOyKuq7TH8d-_JDjOEqjZ3m2PlurlVdSe32ICIQC-ocCi-YCvgWPrEPcV4AAfyYqaG4hSBSGUwha2ON9Olg%3D%3D&lsparams=mh%2Cmm%2Cmn%2Cms%2Cmv%2Cmvi%2Cpl%2Cinitcwndbps&lsig=AG3C_xAwRgIhAONlm5eCugd54ryN3IwPCY1xHt8qk6sg1laXrrLdHWoiAiEA1Ib_NsiYHWsV-KOVR7LRGqXXDpDrlxDou8jKHSJePqs%3D&ratebypass=yes", "player_url": null, "ext": "webm", "height": 720, "format_note": "720p", "vcodec": "vp9", "asr": null, "filesize": 7218386, "fps": 30, "tbr": 1536.582, "width": 1280, "acodec": "none", "downloader_options": {"http_chunk_size": 10485760}, "format": "247 - 1280x720 (720p)", "protocol": "https", "http_headers": {"User-Agent": "Mozilla/5.0 (Windows NT 10.0; Win64; x64) AppleWebKit/537.36 (KHTML, like Gecko) Chrome/73.0.3683.38 Safari/537.36", "Accept-Charset": "ISO-8859-1,utf-8;q=0.7,*;q=0.7", "Accept": "text/html,application/xhtml+xml,application/xml;q=0.9,*/*;q=0.8", "Accept-Encoding": "gzip, deflate", "Accept-Language": "en-us,en;q=0.5"}}, {"format_id": "136", "url": "https://r5---sn-ipoxu-u2xd.googlevideo.com/videoplayback?expire=1610392075&ei=q038X5qNH4i9gAOI0o3wCA&ip=220.129.26.102&id=o-ALMxIktcR1P3fQCfts4K_xzPMhk0Eoh8fnC_O40JrCaO&itag=136&aitags=133%2C134%2C135%2C136%2C160%2C242%2C243%2C244%2C247%2C278%2C298%2C299%2C302%2C303&source=youtube&requiressl=yes&mh=5q&mm=31%2C29&mn=sn-ipoxu-u2xd%2Csn-un57en7e&ms=au%2Crdu&mv=m&mvi=5&pl=21&initcwndbps=1125000&vprv=1&mime=video%2Fmp4&ns=rRO0BWjOS7RnLHBNDxt_segF&gir=yes&clen=4645969&dur=268.833&lmt=1500026041200864&mt=1610370272&fvip=5&keepalive=yes&c=WEB&n=E5ssWPdC_YQOtk&sparams=expire%2Cei%2Cip%2Cid%2Caitags%2Csource%2Crequiressl%2Cvprv%2Cmime%2Cns%2Cgir%2Cclen%2Cdur%2Clmt&sig=AOq0QJ8wRgIhANdMUbJXl-N4RMe5R6Y4tGrwjgmsXr8fYtUjXQ1HkgioAiEA_aRkJTid2YEDnKWSqSeI5peFB89QIfW0xytug3661Ps%3D&lsparams=mh%2Cmm%2Cmn%2Cms%2Cmv%2Cmvi%2Cpl%2Cinitcwndbps&lsig=AG3C_xAwRgIhAONlm5eCugd54ryN3IwPCY1xHt8qk6sg1laXrrLdHWoiAiEA1Ib_NsiYHWsV-KOVR7LRGqXXDpDrlxDou8jKHSJePqs%3D&ratebypass=yes", "player_url": null, "ext": "mp4", "height": 720, "format_note": "720p", "vcodec": "avc1.4d401f", "asr": null, "filesize": 4645969, "fps": 30, "tbr": 1820.353, "width": 1280, "acodec": "none", "downloader_options": {"http_chunk_size": 10485760}, "format": "136 - 1280x720 (720p)", "protocol": "https", "http_headers": {"User-Agent": "Mozilla/5.0 (Windows NT 10.0; Win64; x64) AppleWebKit/537.36 (KHTML, like Gecko) Chrome/73.0.3683.38 Safari/537.36", "Accept-Charset": "ISO-8859-1,utf-8;q=0.7,*;q=0.7", "Accept": "text/html,application/xhtml+xml,application/xml;q=0.9,*/*;q=0.8", "Accept-Encoding": "gzip, deflate", "Accept-Language": "en-us,en;q=0.5"}}, {"format_id": "302", "url": "https://r5---sn-ipoxu-u2xd.googlevideo.com/videoplayback?expire=1610392075&ei=q038X5qNH4i9gAOI0o3wCA&ip=220.129.26.102&id=o-ALMxIktcR1P3fQCfts4K_xzPMhk0Eoh8fnC_O40JrCaO&itag=302&aitags=133%2C134%2C135%2C136%2C160%2C242%2C243%2C244%2C247%2C278%2C298%2C299%2C302%2C303&source=youtube&requiressl=yes&mh=5q&mm=31%2C29&mn=sn-ipoxu-u2xd%2Csn-un57en7e&ms=au%2Crdu&mv=m&mvi=5&pl=21&initcwndbps=1125000&vprv=1&mime=video%2Fwebm&ns=rRO0BWjOS7RnLHBNDxt_segF&gir=yes&clen=8748713&dur=268.817&lmt=1500026883277383&mt=1610370272&fvip=5&keepalive=yes&c=WEB&n=E5ssWPdC_YQOtk&sparams=expire%2Cei%2Cip%2Cid%2Caitags%2Csource%2Crequiressl%2Cvprv%2Cmime%2Cns%2Cgir%2Cclen%2Cdur%2Clmt&sig=AOq0QJ8wRAIhAKgFVuu5ELKpzrGzfY_OJN-QxFTSG6jxU6jbyYPQ0EPFAh9I8wgjJRCa3Xxxnz9nIinWO-CpL0vAxQ9tB27fe9-F&lsparams=mh%2Cmm%2Cmn%2Cms%2Cmv%2Cmvi%2Cpl%2Cinitcwndbps&lsig=AG3C_xAwRgIhAONlm5eCugd54ryN3IwPCY1xHt8qk6sg1laXrrLdHWoiAiEA1Ib_NsiYHWsV-KOVR7LRGqXXDpDrlxDou8jKHSJePqs%3D&ratebypass=yes", "player_url": null, "ext": "webm", "height": 720, "format_note": "720p60", "vcodec": "vp9", "fps": 60, "asr": null, "filesize": 8748713, "tbr": 2335.605, "width": 1280, "acodec": "none", "downloader_options": {"http_chunk_size": 10485760}, "format": "302 - 1280x720 (720p60)", "protocol": "https", "http_headers": {"User-Agent": "Mozilla/5.0 (Windows NT 10.0; Win64; x64) AppleWebKit/537.36 (KHTML, like Gecko) Chrome/73.0.3683.38 Safari/537.36", "Accept-Charset": "ISO-8859-1,utf-8;q=0.7,*;q=0.7", "Accept": "text/html,application/xhtml+xml,application/xml;q=0.9,*/*;q=0.8", "Accept-Encoding": "gzip, deflate", "Accept-Language": "en-us,en;q=0.5"}}, {"format_id": "298", "url": "https://r5---sn-ipoxu-u2xd.googlevideo.com/videoplayback?expire=1610392075&ei=q038X5qNH4i9gAOI0o3wCA&ip=220.129.26.102&id=o-ALMxIktcR1P3fQCfts4K_xzPMhk0Eoh8fnC_O40JrCaO&itag=298&aitags=133%2C134%2C135%2C136%2C160%2C242%2C243%2C244%2C247%2C278%2C298%2C299%2C302%2C303&source=youtube&requiressl=yes&mh=5q&mm=31%2C29&mn=sn-ipoxu-u2xd%2Csn-un57en7e&ms=au%2Crdu&mv=m&mvi=5&pl=21&initcwndbps=1125000&vprv=1&mime=video%2Fmp4&ns=rRO0BWjOS7RnLHBNDxt_segF&gir=yes&clen=12910680&dur=268.833&lmt=1500025742474208&mt=1610370272&fvip=5&keepalive=yes&c=WEB&n=E5ssWPdC_YQOtk&sparams=expire%2Cei%2Cip%2Cid%2Caitags%2Csource%2Crequiressl%2Cvprv%2Cmime%2Cns%2Cgir%2Cclen%2Cdur%2Clmt&sig=AOq0QJ8wRQIgBmZpvC7Djo8hDqLMlitX0FQkF4TKvz2vnfepy-6oSTMCIQC1fMqfG4ghoctByU1vZP0gTIy2XbPXHA48ke4NvE0d5g%3D%3D&lsparams=mh%2Cmm%2Cmn%2Cms%2Cmv%2Cmvi%2Cpl%2Cinitcwndbps&lsig=AG3C_xAwRgIhAONlm5eCugd54ryN3IwPCY1xHt8qk6sg1laXrrLdHWoiAiEA1Ib_NsiYHWsV-KOVR7LRGqXXDpDrlxDou8jKHSJePqs%3D&ratebypass=yes", "player_url": null, "ext": "mp4", "height": 720, "format_note": "720p60", "vcodec": "avc1.4d4020", "fps": 60, "asr": null, "filesize": 12910680, "tbr": 2675.057, "width": 1280, "acodec": "none", "downloader_options": {"http_chunk_size": 10485760}, "format": "298 - 1280x720 (720p60)", "protocol": "https", "http_headers": {"User-Agent": "Mozilla/5.0 (Windows NT 10.0; Win64; x64) AppleWebKit/537.36 (KHTML, like Gecko) Chrome/73.0.3683.38 Safari/537.36", "Accept-Charset": "ISO-8859-1,utf-8;q=0.7,*;q=0.7", "Accept": "text/html,application/xhtml+xml,application/xml;q=0.9,*/*;q=0.8", "Accept-Encoding": "gzip, deflate", "Accept-Language": "en-us,en;q=0.5"}}, {"format_id": "303", "url": "https://r5---sn-ipoxu-u2xd.googlevideo.com/videoplayback?expire=1610392075&ei=q038X5qNH4i9gAOI0o3wCA&ip=220.129.26.102&id=o-ALMxIktcR1P3fQCfts4K_xzPMhk0Eoh8fnC_O40JrCaO&itag=303&aitags=133%2C134%2C135%2C136%2C160%2C242%2C243%2C244%2C247%2C278%2C298%2C299%2C302%2C303&source=youtube&requiressl=yes&mh=5q&mm=31%2C29&mn=sn-ipoxu-u2xd%2Csn-un57en7e&ms=au%2Crdu&mv=m&mvi=5&pl=21&initcwndbps=1125000&vprv=1&mime=video%2Fwebm&ns=rRO0BWjOS7RnLHBNDxt_segF&gir=yes&clen=16447077&dur=268.817&lmt=1500026956766715&mt=1610370272&fvip=5&keepalive=yes&c=WEB&n=E5ssWPdC_YQOtk&sparams=expire%2Cei%2Cip%2Cid%2Caitags%2Csource%2Crequiressl%2Cvprv%2Cmime%2Cns%2Cgir%2Cclen%2Cdur%2Clmt&sig=AOq0QJ8wRQIgY8oLCu6SlcDwtyeEt9t6kaMGobKYAM5EX6e_DblTCGgCIQC6rxJfy1cxJ9v11xEX9rmw5LvXHXCCkTpW7EtKMaiSFQ%3D%3D&lsparams=mh%2Cmm%2Cmn%2Cms%2Cmv%2Cmvi%2Cpl%2Cinitcwndbps&lsig=AG3C_xAwRgIhAONlm5eCugd54ryN3IwPCY1xHt8qk6sg1laXrrLdHWoiAiEA1Ib_NsiYHWsV-KOVR7LRGqXXDpDrlxDou8jKHSJePqs%3D&ratebypass=yes", "player_url": null, "ext": "webm", "height": 1080, "format_note": "1080p60", "vcodec": "vp9", "fps": 60, "asr": null, "filesize": 16447077, "tbr": 4127.553, "width": 1920, "acodec": "none", "downloader_options": {"http_chunk_size": 10485760}, "format": "303 - 1920x1080 (1080p60)", "protocol": "https", "http_headers": {"User-Agent": "Mozilla/5.0 (Windows NT 10.0; Win64; x64) AppleWebKit/537.36 (KHTML, like Gecko) Chrome/73.0.3683.38 Safari/537.36", "Accept-Charset": "ISO-8859-1,utf-8;q=0.7,*;q=0.7", "Accept": "text/html,application/xhtml+xml,application/xml;q=0.9,*/*;q=0.8", "Accept-Encoding": "gzip, deflate", "Accept-Language": "en-us,en;q=0.5"}}, {"format_id": "299", "url": "https://r5---sn-ipoxu-u2xd.googlevideo.com/videoplayback?expire=1610392075&ei=q038X5qNH4i9gAOI0o3wCA&ip=220.129.26.102&id=o-ALMxIktcR1P3fQCfts4K_xzPMhk0Eoh8fnC_O40JrCaO&itag=299&aitags=133%2C134%2C135%2C136%2C160%2C242%2C243%2C244%2C247%2C278%2C298%2C299%2C302%2C303&source=youtube&requiressl=yes&mh=5q&mm=31%2C29&mn=sn-ipoxu-u2xd%2Csn-un57en7e&ms=au%2Crdu&mv=m&mvi=5&pl=21&initcwndbps=1125000&vprv=1&mime=video%2Fmp4&ns=rRO0BWjOS7RnLHBNDxt_segF&gir=yes&clen=25443881&dur=268.833&lmt=1500025778172375&mt=1610370272&fvip=5&keepalive=yes&c=WEB&n=E5ssWPdC_YQOtk&sparams=expire%2Cei%2Cip%2Cid%2Caitags%2Csource%2Crequiressl%2Cvprv%2Cmime%2Cns%2Cgir%2Cclen%2Cdur%2Clmt&sig=AOq0QJ8wRQIhAPv--xro14e-P-ob0GKWfRa2MSg7sEDTGlrVlCrEBq0RAiAQH5BOFBf8s0dkbS8386TF0qDDQIvvliddoGv9cIHf-w%3D%3D&lsparams=mh%2Cmm%2Cmn%2Cms%2Cmv%2Cmvi%2Cpl%2Cinitcwndbps&lsig=AG3C_xAwRgIhAONlm5eCugd54ryN3IwPCY1xHt8qk6sg1laXrrLdHWoiAiEA1Ib_NsiYHWsV-KOVR7LRGqXXDpDrlxDou8jKHSJePqs%3D&ratebypass=yes", "player_url": null, "ext": "mp4", "height": 1080, "format_note": "1080p60", "vcodec": "avc1.64002a", "fps": 60, "asr": null, "filesize": 25443881, "tbr": 4695.968, "width": 1920, "acodec": "none", "downloader_options": {"http_chunk_size": 10485760}, "format": "299 - 1920x1080 (1080p60)", "protocol": "https", "http_headers": {"User-Agent": "Mozilla/5.0 (Windows NT 10.0; Win64; x64) AppleWebKit/537.36 (KHTML, like Gecko) Chrome/73.0.3683.38 Safari/537.36", "Accept-Charset": "ISO-8859-1,utf-8;q=0.7,*;q=0.7", "Accept": "text/html,application/xhtml+xml,application/xml;q=0.9,*/*;q=0.8", "Accept-Encoding": "gzip, deflate", "Accept-Language": "en-us,en;q=0.5"}}, {"format_id": "18", "url": "https://r5---sn-ipoxu-u2xd.googlevideo.com/videoplayback?expire=1610392075&ei=q038X5qNH4i9gAOI0o3wCA&ip=220.129.26.102&id=o-ALMxIktcR1P3fQCfts4K_xzPMhk0Eoh8fnC_O40JrCaO&itag=18&source=youtube&requiressl=yes&mh=5q&mm=31%2C29&mn=sn-ipoxu-u2xd%2Csn-un57en7e&ms=au%2Crdu&mv=m&mvi=5&pl=21&initcwndbps=1125000&vprv=1&mime=video%2Fmp4&ns=wRi2Rk6by7ClaL4FokO8mEMF&gir=yes&clen=9242379&ratebypass=yes&dur=268.887&lmt=1500025857891366&mt=1610370272&fvip=5&c=WEB&n=cnczoeAFXUSdgW&sparams=expire%2Cei%2Cip%2Cid%2Citag%2Csource%2Crequiressl%2Cvprv%2Cmime%2Cns%2Cgir%2Cclen%2Cratebypass%2Cdur%2Clmt&sig=AOq0QJ8wRQIgGDK-ekiaBXkte6bUZb5IKSgg9wtLlO86QhafL9PQXaMCIQCp5wlITJpm7AFGABsBHMae-veey0qexiisiDzP4OFzvg%3D%3D&lsparams=mh%2Cmm%2Cmn%2Cms%2Cmv%2Cmvi%2Cpl%2Cinitcwndbps&lsig=AG3C_xAwRgIhAONlm5eCugd54ryN3IwPCY1xHt8qk6sg1laXrrLdHWoiAiEA1Ib_NsiYHWsV-KOVR7LRGqXXDpDrlxDou8jKHSJePqs%3D", "player_url": null, "ext": "mp4", "width": 640, "height": 360, "acodec": "mp4a.40.2", "abr": 96, "vcodec": "avc1.42001E", "asr": 44100, "filesize": 9242379, "format_note": "360p", "fps": 30, "tbr": 275.037, "format": "18 - 640x360 (360p)", "protocol": "https", "http_headers": {"User-Agent": "Mozilla/5.0 (Windows NT 10.0; Win64; x64) AppleWebKit/537.36 (KHTML, like Gecko) Chrome/73.0.3683.38 Safari/537.36", "Accept-Charset": "ISO-8859-1,utf-8;q=0.7,*;q=0.7", "Accept": "text/html,application/xhtml+xml,application/xml;q=0.9,*/*;q=0.8", "Accept-Encoding": "gzip, deflate", "Accept-Language": "en-us,en;q=0.5"}}], "is_live": null, "start_time": null, "end_time": null, "series": null, "season_number": null, "episode_number": null, "track": null, "artist": null, "album": null, "release_date": null, "release_year": null, "extractor": "youtube", "webpage_url_basename": "watch", "extractor_key": "Youtube", "playlist": null, "playlist_index": null, "thumbnail": "https://i.ytimg.com/vi_webp/wlOa1jkTn_U/maxresdefault.webp", "display_id": "wlOa1jkTn_U", "requested_subtitles": null, "format_id": "251", "url": "https://r5---sn-ipoxu-u2xd.googlevideo.com/videoplayback?expire=1610392075&ei=q038X5qNH4i9gAOI0o3wCA&ip=220.129.26.102&id=o-ALMxIktcR1P3fQCfts4K_xzPMhk0Eoh8fnC_O40JrCaO&itag=251&source=youtube&requiressl=yes&mh=5q&mm=31%2C29&mn=sn-ipoxu-u2xd%2Csn-un57en7e&ms=au%2Crdu&mv=m&mvi=5&pl=21&initcwndbps=1125000&vprv=1&mime=audio%2Fwebm&ns=rRO0BWjOS7RnLHBNDxt_segF&gir=yes&clen=3549486&dur=268.841&lmt=1500026799772866&mt=1610370272&fvip=5&keepalive=yes&c=WEB&n=E5ssWPdC_YQOtk&sparams=expire%2Cei%2Cip%2Cid%2Citag%2Csource%2Crequiressl%2Cvprv%2Cmime%2Cns%2Cgir%2Cclen%2Cdur%2Clmt&sig=AOq0QJ8wRAIgE6Vk6Ji6hGLSSUnJaxwimg38e1CuxL8nfJv2iR8dxvQCIDtzb5n7CedBREbA8LQgeo8sRzj2NovMSrOw4MBM5mA2&lsparams=mh%2Cmm%2Cmn%2Cms%2Cmv%2Cmvi%2Cpl%2Cinitcwndbps&lsig=AG3C_xAwRgIhAONlm5eCugd54ryN3IwPCY1xHt8qk6sg1laXrrLdHWoiAiEA1Ib_NsiYHWsV-KOVR7LRGqXXDpDrlxDou8jKHSJePqs%3D&ratebypass=yes", "player_url": null, "ext": "webm", "format_note": "tiny", "acodec": "opus", "abr": 160, "asr": 48000, "filesize": 3549486, "fps": null, "height": null, "tbr": 158.532, "width": null, "vcodec": "none", "downloader_options": {"http_chunk_size": 10485760}, "format": "251 - audio only (tiny)", "protocol": "https", "http_headers": {"User-Agent": "Mozilla/5.0 (Windows NT 10.0; Win64; x64) AppleWebKit/537.36 (KHTML, like Gecko) Chrome/73.0.3683.38 Safari/537.36", "Accept-Charset": "ISO-8859-1,utf-8;q=0.7,*;q=0.7", "Accept": "text/html,application/xhtml+xml,application/xml;q=0.9,*/*;q=0.8", "Accept-Encoding": "gzip, deflate", "Accept-Language": "en-us,en;q=0.5"}}