{"id": "xYZ8n8ULaNo", "uploader": "Blissful Radiance - Topic", "uploader_id": "UCMj8yb5pUKNCR-pmqEjURCg", "uploader_url": "http://www.youtube.com/channel/UCMj8yb5pUKNCR-pmqEjURCg", "channel_id": "UCMj8yb5pUKNCR-pmqEjURCg", "channel_url": "http://www.youtube.com/channel/UCMj8yb5pUKNCR-pmqEjURCg", "upload_date": "20200915", "license": null, "creator": "Blissful Radiance", "title": "A Soft Lullaby", "alt_title": "A Soft Lullaby", "thumbnails": [{"url": "https://i.ytimg.com/vi/xYZ8n8ULaNo/hqdefault.jpg?sqp=-oaymwEYCKgBEF5IVfKriqkDCwgBFQAAiEIYAXAB&rs=AOn4CLDhCR4gBJBFufgg5ZKkNCKRdnGOUg", "width": 168, "height": 94, "resolution": "168x94", "id": "0"}, {"url": "https://i.ytimg.com/vi/xYZ8n8ULaNo/hqdefault.jpg?sqp=-oaymwEYCMQBEG5IVfKriqkDCwgBFQAAiEIYAXAB&rs=AOn4CLBP0nDP789CMR7RqDPmJRbkwHC_1A", "width": 196, "height": 110, "resolution": "196x110", "id": "1"}, {"url": "https://i.ytimg.com/vi/xYZ8n8ULaNo/hqdefault.jpg?sqp=-oaymwEZCPYBEIoBSFXyq4qpAwsIARUAAIhCGAFwAQ==&rs=AOn4CLDHxEsLMJirZMQAuj4A0FD5S77UtA", "width": 246, "height": 138, "resolution": "246x138", "id": "2"}, {"url": "https://i.ytimg.com/vi/xYZ8n8ULaNo/hqdefault.jpg?sqp=-oaymwEZCNACELwBSFXyq4qpAwsIARUAAIhCGAFwAQ==&rs=AOn4CLD_JL6UMFEhXfCUquP4Ktqigd2iBg", "width": 336, "height": 188, "resolution": "336x188", "id": "3"}, {"url": "https://i.ytimg.com/vi_webp/xYZ8n8ULaNo/maxresdefault.webp", "width": 1920, "height": 1080, "resolution": "1920x1080", "id": "4"}], "description": "Provided to YouTube by TuneCore\n\nA Soft Lullaby \u00b7 Blissful Radiance\n\nMountains\n\n\u2117 2020 Dream Relaxation\n\nReleased on: 2020-09-16\n\nAuto-generated by YouTube.", "categories": ["Music"], "tags": ["Blissful Radiance", "Mountains", "A Soft Lullaby"], "subtitles": {}, "automatic_captions": {}, "duration": 132, "age_limit": 0, "annotations": null, "chapters": null, "webpage_url": "https://www.youtube.com/watch?v=xYZ8n8ULaNo", "view_count": 112, "like_count": 3, "dislike_count": null, "average_rating": 5.0, "formats": [{"format_id": "249", "url": "https://r5---sn-5njj-u2xl.googlevideo.com/videoplayback?expire=1608123756&ei=DLHZX9byDZGIigbBm5jIDg&ip=140.109.135.166&id=o-AJy4w9_zOwOJmvEIDN87jgWhsLe2hGY7wgzzgUAlg-Oq&itag=249&source=youtube&requiressl=yes&mh=qS&mm=31%2C29&mn=sn-5njj-u2xl%2Csn-un57sn7z&ms=au%2Crdu&mv=m&mvi=5&pl=16&gcr=tw&initcwndbps=508750&vprv=1&mime=audio%2Fwebm&ns=LA-ySFcRtdIDg82HAL-dqsEF&gir=yes&clen=927375&dur=131.721&lmt=1600234405202354&mt=1608101795&fvip=5&keepalive=yes&c=WEB&txp=2311224&n=ld8R6_TWw9KFixZEH&sparams=expire%2Cei%2Cip%2Cid%2Citag%2Csource%2Crequiressl%2Cgcr%2Cvprv%2Cmime%2Cns%2Cgir%2Cclen%2Cdur%2Clmt&lsparams=mh%2Cmm%2Cmn%2Cms%2Cmv%2Cmvi%2Cpl%2Cinitcwndbps&lsig=AG3C_xAwRQIgArH2D7WtfqURVqVaHOIzoRFe4cEsFW0O71BJRSeFcqoCIQDgPEfTO33OWY3fOcYhSXUb99w_L_3M2_hW6GH4lkdYBA%3D%3D&sig=AOq0QJ8wRgIhAMQNB2JA43Diz10qRbpBvb8O6uPtZ6zKR9m7wUcuGtgVAiEA-LXZ3W0omx2YZyQT4R1B6l_GsLNBLXRZzgcf_FjajwE=&ratebypass=yes", "player_url": "/s/player/62f90c99/player_ias.vflset/en_US/base.js", "ext": "webm", "format_note": "tiny", "acodec": "opus", "abr": 50, "asr": 48000, "filesize": 927375, "fps": null, "height": null, "tbr": 61.176, "width": null, "vcodec": "none", "downloader_options": {"http_chunk_size": 10485760}, "format": "249 - audio only (tiny)", "protocol": "https", "http_headers": {"User-Agent": "Mozilla/5.0 (Windows NT 10.0; Win64; x64) AppleWebKit/537.36 (KHTML, like Gecko) Chrome/74.0.3726.1 Safari/537.36", "Accept-Charset": "ISO-8859-1,utf-8;q=0.7,*;q=0.7", "Accept": "text/html,application/xhtml+xml,application/xml;q=0.9,*/*;q=0.8", "Accept-Encoding": "gzip, deflate", "Accept-Language": "en-us,en;q=0.5"}}, {"format_id": "250", "url": "https://r5---sn-5njj-u2xl.googlevideo.com/videoplayback?expire=1608123756&ei=DLHZX9byDZGIigbBm5jIDg&ip=140.109.135.166&id=o-AJy4w9_zOwOJmvEIDN87jgWhsLe2hGY7wgzzgUAlg-Oq&itag=250&source=youtube&requiressl=yes&mh=qS&mm=31%2C29&mn=sn-5njj-u2xl%2Csn-un57sn7z&ms=au%2Crdu&mv=m&mvi=5&pl=16&gcr=tw&initcwndbps=508750&vprv=1&mime=audio%2Fwebm&ns=LA-ySFcRtdIDg82HAL-dqsEF&gir=yes&clen=1224642&dur=131.721&lmt=1600234405184324&mt=1608101795&fvip=5&keepalive=yes&c=WEB&txp=2311224&n=ld8R6_TWw9KFixZEH&sparams=expire%2Cei%2Cip%2Cid%2Citag%2Csource%2Crequiressl%2Cgcr%2Cvprv%2Cmime%2Cns%2Cgir%2Cclen%2Cdur%2Clmt&lsparams=mh%2Cmm%2Cmn%2Cms%2Cmv%2Cmvi%2Cpl%2Cinitcwndbps&lsig=AG3C_xAwRQIgFcC7mUZLBHl4eo0lRGm5Fdhb54FTYOCkONHfwE6dqQ4CIQDmFtxZsXPzYHy3ZYv6iWjCdmI2ERPhWCu0gAYIMTVkBg%3D%3D&sig=AOq0QJ8wRgIhAKgzqVK_15J-lvZgXbKM3NzB3hiFuSiSAaNnjcGzHO2qAiEAr0S0fQh5X_mkPPXjLqJtBzr-Hdd4AaRQ96WY-w_PgaE=&ratebypass=yes", "player_url": "/s/player/62f90c99/player_ias.vflset/en_US/base.js", "ext": "webm", "format_note": "tiny", "acodec": "opus", "abr": 70, "asr": 48000, "filesize": 1224642, "fps": null, "height": null, "tbr": 80.3, "width": null, "vcodec": "none", "downloader_options": {"http_chunk_size": 10485760}, "format": "250 - audio only (tiny)", "protocol": "https", "http_headers": {"User-Agent": "Mozilla/5.0 (Windows NT 10.0; Win64; x64) AppleWebKit/537.36 (KHTML, like Gecko) Chrome/74.0.3726.1 Safari/537.36", "Accept-Charset": "ISO-8859-1,utf-8;q=0.7,*;q=0.7", "Accept": "text/html,application/xhtml+xml,application/xml;q=0.9,*/*;q=0.8", "Accept-Encoding": "gzip, deflate", "Accept-Language": "en-us,en;q=0.5"}}, {"format_id": "140", "url": "https://r5---sn-5njj-u2xl.googlevideo.com/videoplayback?expire=1608123756&ei=DLHZX9byDZGIigbBm5jIDg&ip=140.109.135.166&id=o-AJy4w9_zOwOJmvEIDN87jgWhsLe2hGY7wgzzgUAlg-Oq&itag=140&source=youtube&requiressl=yes&mh=qS&mm=31%2C29&mn=sn-5njj-u2xl%2Csn-un57sn7z&ms=au%2Crdu&mv=m&mvi=5&pl=16&gcr=tw&initcwndbps=508750&vprv=1&mime=audio%2Fmp4&ns=LA-ySFcRtdIDg82HAL-dqsEF&gir=yes&clen=2133352&dur=131.701&lmt=1600232512387121&mt=1608101795&fvip=5&keepalive=yes&c=WEB&txp=2311222&n=ld8R6_TWw9KFixZEH&sparams=expire%2Cei%2Cip%2Cid%2Citag%2Csource%2Crequiressl%2Cgcr%2Cvprv%2Cmime%2Cns%2Cgir%2Cclen%2Cdur%2Clmt&lsparams=mh%2Cmm%2Cmn%2Cms%2Cmv%2Cmvi%2Cpl%2Cinitcwndbps&lsig=AG3C_xAwRQIgHdTnbD8JkPt6xNiT7y0Ok9OjODFUjdyCII1YNKKfHyoCIQCZi-sw8nSIyRpMjy-ZrGh3qDy8PXqJ7EwLCb5IAyM6Nw%3D%3D&sig=AOq0QJ8wRQIhAN3zn3ELu0rLf_SFIwfUB92nQN04xMdVk_5HYh2Ja6oFAiBw7GTSMTVt0ilANThR5hlJCx3WXcInTNV33MAS3vqy1A==&ratebypass=yes", "player_url": "/s/player/62f90c99/player_ias.vflset/en_US/base.js", "ext": "m4a", "format_note": "tiny", "acodec": "mp4a.40.2", "abr": 128, "container": "m4a_dash", "asr": 44100, "filesize": 2133352, "fps": null, "height": null, "tbr": 131.944, "width": null, "vcodec": "none", "downloader_options": {"http_chunk_size": 10485760}, "format": "140 - audio only (tiny)", "protocol": "https", "http_headers": {"User-Agent": "Mozilla/5.0 (Windows NT 10.0; Win64; x64) AppleWebKit/537.36 (KHTML, like Gecko) Chrome/74.0.3726.1 Safari/537.36", "Accept-Charset": "ISO-8859-1,utf-8;q=0.7,*;q=0.7", "Accept": "text/html,application/xhtml+xml,application/xml;q=0.9,*/*;q=0.8", "Accept-Encoding": "gzip, deflate", "Accept-Language": "en-us,en;q=0.5"}}, {"format_id": "251", "url": "https://r5---sn-5njj-u2xl.googlevideo.com/videoplayback?expire=1608123756&ei=DLHZX9byDZGIigbBm5jIDg&ip=140.109.135.166&id=o-AJy4w9_zOwOJmvEIDN87jgWhsLe2hGY7wgzzgUAlg-Oq&itag=251&source=youtube&requiressl=yes&mh=qS&mm=31%2C29&mn=sn-5njj-u2xl%2Csn-un57sn7z&ms=au%2Crdu&mv=m&mvi=5&pl=16&gcr=tw&initcwndbps=508750&vprv=1&mime=audio%2Fwebm&ns=LA-ySFcRtdIDg82HAL-dqsEF&gir=yes&clen=2386018&dur=131.721&lmt=1600234405191788&mt=1608101795&fvip=5&keepalive=yes&c=WEB&txp=2311224&n=ld8R6_TWw9KFixZEH&sparams=expire%2Cei%2Cip%2Cid%2Citag%2Csource%2Crequiressl%2Cgcr%2Cvprv%2Cmime%2Cns%2Cgir%2Cclen%2Cdur%2Clmt&lsparams=mh%2Cmm%2Cmn%2Cms%2Cmv%2Cmvi%2Cpl%2Cinitcwndbps&lsig=AG3C_xAwRgIhAP_VlkhOAXnMJtQ5ABZdii0s61H_FFB8C-qccC8OtupKAiEAs6EWWF2nkILFRMbZ0XZjKBSSpNIEXZylvTROYlbO63Q%3D&sig=AOq0QJ8wRQIhAK63fLdLcZt6K6VHmVmbPnlNpsT2x0YowZf_pWxrX0J3AiBS7AtBxiTPnLuEXM80hS1M2umbN8CaC1jwdLfVnrv7yQ==&ratebypass=yes", "player_url": "/s/player/62f90c99/player_ias.vflset/en_US/base.js", "ext": "webm", "format_note": "tiny", "acodec": "opus", "abr": 160, "asr": 48000, "filesize": 2386018, "fps": null, "height": null, "tbr": 155.545, "width": null, "vcodec": "none", "downloader_options": {"http_chunk_size": 10485760}, "format": "251 - audio only (tiny)", "protocol": "https", "http_headers": {"User-Agent": "Mozilla/5.0 (Windows NT 10.0; Win64; x64) AppleWebKit/537.36 (KHTML, like Gecko) Chrome/74.0.3726.1 Safari/537.36", "Accept-Charset": "ISO-8859-1,utf-8;q=0.7,*;q=0.7", "Accept": "text/html,application/xhtml+xml,application/xml;q=0.9,*/*;q=0.8", "Accept-Encoding": "gzip, deflate", "Accept-Language": "en-us,en;q=0.5"}}, {"format_id": "278", "url": "https://r5---sn-5njj-u2xl.googlevideo.com/videoplayback?expire=1608123756&ei=DLHZX9byDZGIigbBm5jIDg&ip=140.109.135.166&id=o-AJy4w9_zOwOJmvEIDN87jgWhsLe2hGY7wgzzgUAlg-Oq&itag=278&aitags=133%2C134%2C135%2C136%2C137%2C160%2C242%2C243%2C244%2C247%2C248%2C278&source=youtube&requiressl=yes&mh=qS&mm=31%2C29&mn=sn-5njj-u2xl%2Csn-un57sn7z&ms=au%2Crdu&mv=m&mvi=5&pl=16&gcr=tw&initcwndbps=508750&vprv=1&mime=video%2Fwebm&ns=LA-ySFcRtdIDg82HAL-dqsEF&gir=yes&clen=385803&dur=131.680&lmt=1600235642428724&mt=1608101795&fvip=5&keepalive=yes&c=WEB&txp=2311224&n=ld8R6_TWw9KFixZEH&sparams=expire%2Cei%2Cip%2Cid%2Caitags%2Csource%2Crequiressl%2Cgcr%2Cvprv%2Cmime%2Cns%2Cgir%2Cclen%2Cdur%2Clmt&lsparams=mh%2Cmm%2Cmn%2Cms%2Cmv%2Cmvi%2Cpl%2Cinitcwndbps&lsig=AG3C_xAwRQIgQCiX3fQ4OdmNypvIrIKuLpino57rrl6p5k2FJpo36N0CIQCBminCKOUBJ5cm3hIbsbSIxBsXxOp0CPqEBe0U0Qq2kQ%3D%3D&sig=AOq0QJ8wRAIgRrAq6J9V5104dUk7J5qwzrLteV3-6_iJXCo_6qZDN48CIFjlY3ut3PgwUtZBltdhahB6ochdiHw-bZuPxTJUPlCp&ratebypass=yes", "player_url": "/s/player/62f90c99/player_ias.vflset/en_US/base.js", "ext": "webm", "height": 144, "format_note": "144p", "container": "webm", "vcodec": "vp9", "asr": null, "filesize": 385803, "fps": 25, "tbr": 28.71, "width": 144, "acodec": "none", "downloader_options": {"http_chunk_size": 10485760}, "format": "278 - 144x144 (144p)", "protocol": "https", "http_headers": {"User-Agent": "Mozilla/5.0 (Windows NT 10.0; Win64; x64) AppleWebKit/537.36 (KHTML, like Gecko) Chrome/74.0.3726.1 Safari/537.36", "Accept-Charset": "ISO-8859-1,utf-8;q=0.7,*;q=0.7", "Accept": "text/html,application/xhtml+xml,application/xml;q=0.9,*/*;q=0.8", "Accept-Encoding": "gzip, deflate", "Accept-Language": "en-us,en;q=0.5"}}, {"format_id": "160", "url": "https://r5---sn-5njj-u2xl.googlevideo.com/videoplayback?expire=1608123756&ei=DLHZX9byDZGIigbBm5jIDg&ip=140.109.135.166&id=o-AJy4w9_zOwOJmvEIDN87jgWhsLe2hGY7wgzzgUAlg-Oq&itag=160&aitags=133%2C134%2C135%2C136%2C137%2C160%2C242%2C243%2C244%2C247%2C248%2C278&source=youtube&requiressl=yes&mh=qS&mm=31%2C29&mn=sn-5njj-u2xl%2Csn-un57sn7z&ms=au%2Crdu&mv=m&mvi=5&pl=16&gcr=tw&initcwndbps=508750&vprv=1&mime=video%2Fmp4&ns=LA-ySFcRtdIDg82HAL-dqsEF&gir=yes&clen=515099&dur=131.680&lmt=1600233742852060&mt=1608101795&fvip=5&keepalive=yes&c=WEB&txp=2311222&n=ld8R6_TWw9KFixZEH&sparams=expire%2Cei%2Cip%2Cid%2Caitags%2Csource%2Crequiressl%2Cgcr%2Cvprv%2Cmime%2Cns%2Cgir%2Cclen%2Cdur%2Clmt&lsparams=mh%2Cmm%2Cmn%2Cms%2Cmv%2Cmvi%2Cpl%2Cinitcwndbps&lsig=AG3C_xAwRQIhAIgBYt8W5KtIXzIx0tX7A-4Grg0pMQ3oJA9QWZzrq-q9AiA8UuD88N3CZ7LphzuU7c5hvaay-jK__TjpYWAdP_jxvA%3D%3D&sig=AOq0QJ8wRQIhAPyi67XaRs3v30jHmt2L5wonMz51l-F6NKeNcMtTP3isAiB1FK1euIMZFWpQ9pOFzprAWvYYAcAkryOspm6sUPeoDg==&ratebypass=yes", "player_url": "/s/player/62f90c99/player_ias.vflset/en_US/base.js", "ext": "mp4", "height": 144, "format_note": "144p", "vcodec": "avc1.4d400b", "asr": null, "filesize": 515099, "fps": 25, "tbr": 40.439, "width": 144, "acodec": "none", "downloader_options": {"http_chunk_size": 10485760}, "format": "160 - 144x144 (144p)", "protocol": "https", "http_headers": {"User-Agent": "Mozilla/5.0 (Windows NT 10.0; Win64; x64) AppleWebKit/537.36 (KHTML, like Gecko) Chrome/74.0.3726.1 Safari/537.36", "Accept-Charset": "ISO-8859-1,utf-8;q=0.7,*;q=0.7", "Accept": "text/html,application/xhtml+xml,application/xml;q=0.9,*/*;q=0.8", "Accept-Encoding": "gzip, deflate", "Accept-Language": "en-us,en;q=0.5"}}, {"format_id": "134", "url": "https://r5---sn-5njj-u2xl.googlevideo.com/videoplayback?expire=1608123756&ei=DLHZX9byDZGIigbBm5jIDg&ip=140.109.135.166&id=o-AJy4w9_zOwOJmvEIDN87jgWhsLe2hGY7wgzzgUAlg-Oq&itag=134&aitags=133%2C134%2C135%2C136%2C137%2C160%2C242%2C243%2C244%2C247%2C248%2C278&source=youtube&requiressl=yes&mh=qS&mm=31%2C29&mn=sn-5njj-u2xl%2Csn-un57sn7z&ms=au%2Crdu&mv=m&mvi=5&pl=16&gcr=tw&initcwndbps=508750&vprv=1&mime=video%2Fmp4&ns=LA-ySFcRtdIDg82HAL-dqsEF&gir=yes&clen=799285&dur=131.680&lmt=1600233742838018&mt=1608101795&fvip=5&keepalive=yes&c=WEB&txp=2311222&n=ld8R6_TWw9KFixZEH&sparams=expire%2Cei%2Cip%2Cid%2Caitags%2Csource%2Crequiressl%2Cgcr%2Cvprv%2Cmime%2Cns%2Cgir%2Cclen%2Cdur%2Clmt&lsparams=mh%2Cmm%2Cmn%2Cms%2Cmv%2Cmvi%2Cpl%2Cinitcwndbps&lsig=AG3C_xAwRAIgbD3e-geDLylxioswygVBfWSS73XVV55-4mVbIHMOHOICIEcDmGb2QwMKJJTHTBZo6pzW7NLn33HeifZiN0_B4JgV&sig=AOq0QJ8wRQIhAJ4xtHMEYTMOa8HX6XxmRAtoQ2FkDMeifryGhrpsd5ejAiBQPs_HJ05QY2a21xcqcl62JLx_DoiSkqNSLep0L1q-Cw==&ratebypass=yes", "player_url": "/s/player/62f90c99/player_ias.vflset/en_US/base.js", "ext": "mp4", "height": 360, "format_note": "360p", "vcodec": "avc1.4d4015", "asr": null, "filesize": 799285, "fps": 25, "tbr": 64.054, "width": 360, "acodec": "none", "downloader_options": {"http_chunk_size": 10485760}, "format": "134 - 360x360 (360p)", "protocol": "https", "http_headers": {"User-Agent": "Mozilla/5.0 (Windows NT 10.0; Win64; x64) AppleWebKit/537.36 (KHTML, like Gecko) Chrome/74.0.3726.1 Safari/537.36", "Accept-Charset": "ISO-8859-1,utf-8;q=0.7,*;q=0.7", "Accept": "text/html,application/xhtml+xml,application/xml;q=0.9,*/*;q=0.8", "Accept-Encoding": "gzip, deflate", "Accept-Language": "en-us,en;q=0.5"}}, {"format_id": "242", "url": "https://r5---sn-5njj-u2xl.googlevideo.com/videoplayback?expire=1608123756&ei=DLHZX9byDZGIigbBm5jIDg&ip=140.109.135.166&id=o-AJy4w9_zOwOJmvEIDN87jgWhsLe2hGY7wgzzgUAlg-Oq&itag=242&aitags=133%2C134%2C135%2C136%2C137%2C160%2C242%2C243%2C244%2C247%2C248%2C278&source=youtube&requiressl=yes&mh=qS&mm=31%2C29&mn=sn-5njj-u2xl%2Csn-un57sn7z&ms=au%2Crdu&mv=m&mvi=5&pl=16&gcr=tw&initcwndbps=508750&vprv=1&mime=video%2Fwebm&ns=LA-ySFcRtdIDg82HAL-dqsEF&gir=yes&clen=895990&dur=131.680&lmt=1600235595752622&mt=1608101795&fvip=5&keepalive=yes&c=WEB&txp=2311224&n=ld8R6_TWw9KFixZEH&sparams=expire%2Cei%2Cip%2Cid%2Caitags%2Csource%2Crequiressl%2Cgcr%2Cvprv%2Cmime%2Cns%2Cgir%2Cclen%2Cdur%2Clmt&lsparams=mh%2Cmm%2Cmn%2Cms%2Cmv%2Cmvi%2Cpl%2Cinitcwndbps&lsig=AG3C_xAwRQIhAOX5xS-pJqwxRsS2b1_P6bcbSFPhzdLoW8zPUcCCjZl2AiB1utB3phVm8ju3-514wqXtVD8F4ASwn4VyqlWNvXsStg%3D%3D&sig=AOq0QJ8wRQIhAN_nwjHhjEHSIAaU3xEO0Dp-JMjCDBzL1XcdXiywLMZMAiAQSE97ctMw3qv151uHCXZcfhjqX3KW3boOQ4rjEpIkig==&ratebypass=yes", "player_url": "/s/player/62f90c99/player_ias.vflset/en_US/base.js", "ext": "webm", "height": 240, "format_note": "240p", "vcodec": "vp9", "asr": null, "filesize": 895990, "fps": 25, "tbr": 64.9, "width": 240, "acodec": "none", "downloader_options": {"http_chunk_size": 10485760}, "format": "242 - 240x240 (240p)", "protocol": "https", "http_headers": {"User-Agent": "Mozilla/5.0 (Windows NT 10.0; Win64; x64) AppleWebKit/537.36 (KHTML, like Gecko) Chrome/74.0.3726.1 Safari/537.36", "Accept-Charset": "ISO-8859-1,utf-8;q=0.7,*;q=0.7", "Accept": "text/html,application/xhtml+xml,application/xml;q=0.9,*/*;q=0.8", "Accept-Encoding": "gzip, deflate", "Accept-Language": "en-us,en;q=0.5"}}, {"format_id": "133", "url": "https://r5---sn-5njj-u2xl.googlevideo.com/videoplayback?expire=1608123756&ei=DLHZX9byDZGIigbBm5jIDg&ip=140.109.135.166&id=o-AJy4w9_zOwOJmvEIDN87jgWhsLe2hGY7wgzzgUAlg-Oq&itag=133&aitags=133%2C134%2C135%2C136%2C137%2C160%2C242%2C243%2C244%2C247%2C248%2C278&source=youtube&requiressl=yes&mh=qS&mm=31%2C29&mn=sn-5njj-u2xl%2Csn-un57sn7z&ms=au%2Crdu&mv=m&mvi=5&pl=16&gcr=tw&initcwndbps=508750&vprv=1&mime=video%2Fmp4&ns=LA-ySFcRtdIDg82HAL-dqsEF&gir=yes&clen=1220940&dur=131.680&lmt=1600233742838715&mt=1608101795&fvip=5&keepalive=yes&c=WEB&txp=2311222&n=ld8R6_TWw9KFixZEH&sparams=expire%2Cei%2Cip%2Cid%2Caitags%2Csource%2Crequiressl%2Cgcr%2Cvprv%2Cmime%2Cns%2Cgir%2Cclen%2Cdur%2Clmt&lsparams=mh%2Cmm%2Cmn%2Cms%2Cmv%2Cmvi%2Cpl%2Cinitcwndbps&lsig=AG3C_xAwRAIgX6afRHXzMUTnYKYj24BI9mFVysvdFu5r4pfEgw26VlcCIEeO31Bmb5iyNNbZj87QwBgBQGhrAv7K-5egLh-xU9Q9&sig=AOq0QJ8wRgIhAJn_E6JzbgN8L3vuOA5N9dsMrAF-4raB7r-tfx9j4ovhAiEA9s6AKIxP3JckFa3Egp8x5FhG-4WW00kRoMsg8T25qno=&ratebypass=yes", "player_url": "/s/player/62f90c99/player_ias.vflset/en_US/base.js", "ext": "mp4", "height": 240, "format_note": "240p", "vcodec": "avc1.4d400c", "asr": null, "filesize": 1220940, "fps": 25, "tbr": 94.763, "width": 240, "acodec": "none", "downloader_options": {"http_chunk_size": 10485760}, "format": "133 - 240x240 (240p)", "protocol": "https", "http_headers": {"User-Agent": "Mozilla/5.0 (Windows NT 10.0; Win64; x64) AppleWebKit/537.36 (KHTML, like Gecko) Chrome/74.0.3726.1 Safari/537.36", "Accept-Charset": "ISO-8859-1,utf-8;q=0.7,*;q=0.7", "Accept": "text/html,application/xhtml+xml,application/xml;q=0.9,*/*;q=0.8", "Accept-Encoding": "gzip, deflate", "Accept-Language": "en-us,en;q=0.5"}}, {"format_id": "243", "url": "https://r5---sn-5njj-u2xl.googlevideo.com/videoplayback?expire=1608123756&ei=DLHZX9byDZGIigbBm5jIDg&ip=140.109.135.166&id=o-AJy4w9_zOwOJmvEIDN87jgWhsLe2hGY7wgzzgUAlg-Oq&itag=243&aitags=133%2C134%2C135%2C136%2C137%2C160%2C242%2C243%2C244%2C247%2C248%2C278&source=youtube&requiressl=yes&mh=qS&mm=31%2C29&mn=sn-5njj-u2xl%2Csn-un57sn7z&ms=au%2Crdu&mv=m&mvi=5&pl=16&gcr=tw&initcwndbps=508750&vprv=1&mime=video%2Fwebm&ns=LA-ySFcRtdIDg82HAL-dqsEF&gir=yes&clen=1484540&dur=131.680&lmt=1600235595182688&mt=1608101795&fvip=5&keepalive=yes&c=WEB&txp=2311224&n=ld8R6_TWw9KFixZEH&sparams=expire%2Cei%2Cip%2Cid%2Caitags%2Csource%2Crequiressl%2Cgcr%2Cvprv%2Cmime%2Cns%2Cgir%2Cclen%2Cdur%2Clmt&lsparams=mh%2Cmm%2Cmn%2Cms%2Cmv%2Cmvi%2Cpl%2Cinitcwndbps&lsig=AG3C_xAwRAIgAoCHUTx3m93q1pkwH1iNeauoGttCOSsDN9lN7117i48CIBaziOmH8VnjU87pqFI16VllLJ8KSPekk9F3TQx2AXNN&sig=AOq0QJ8wRAIgWnQGNgX7kPzn6Ym99T8SJSanZV4sOypfMxxNkatE31MCICra35jBs0NcmflSvg_AbYFTmCQNChMOi7QXTFd_BA-7&ratebypass=yes", "player_url": "/s/player/62f90c99/player_ias.vflset/en_US/base.js", "ext": "webm", "height": 360, "format_note": "360p", "vcodec": "vp9", "asr": null, "filesize": 1484540, "fps": 25, "tbr": 116.126, "width": 360, "acodec": "none", "downloader_options": {"http_chunk_size": 10485760}, "format": "243 - 360x360 (360p)", "protocol": "https", "http_headers": {"User-Agent": "Mozilla/5.0 (Windows NT 10.0; Win64; x64) AppleWebKit/537.36 (KHTML, like Gecko) Chrome/74.0.3726.1 Safari/537.36", "Accept-Charset": "ISO-8859-1,utf-8;q=0.7,*;q=0.7", "Accept": "text/html,application/xhtml+xml,application/xml;q=0.9,*/*;q=0.8", "Accept-Encoding": "gzip, deflate", "Accept-Language": "en-us,en;q=0.5"}}, {"format_id": "135", "url": "https://r5---sn-5njj-u2xl.googlevideo.com/videoplayback?expire=1608123756&ei=DLHZX9byDZGIigbBm5jIDg&ip=140.109.135.166&id=o-AJy4w9_zOwOJmvEIDN87jgWhsLe2hGY7wgzzgUAlg-Oq&itag=135&aitags=133%2C134%2C135%2C136%2C137%2C160%2C242%2C243%2C244%2C247%2C248%2C278&source=youtube&requiressl=yes&mh=qS&mm=31%2C29&mn=sn-5njj-u2xl%2Csn-un57sn7z&ms=au%2Crdu&mv=m&mvi=5&pl=16&gcr=tw&initcwndbps=508750&vprv=1&mime=video%2Fmp4&ns=LA-ySFcRtdIDg82HAL-dqsEF&gir=yes&clen=1488197&dur=131.680&lmt=1600233742833419&mt=1608101795&fvip=5&keepalive=yes&c=WEB&txp=2311222&n=ld8R6_TWw9KFixZEH&sparams=expire%2Cei%2Cip%2Cid%2Caitags%2Csource%2Crequiressl%2Cgcr%2Cvprv%2Cmime%2Cns%2Cgir%2Cclen%2Cdur%2Clmt&lsparams=mh%2Cmm%2Cmn%2Cms%2Cmv%2Cmvi%2Cpl%2Cinitcwndbps&lsig=AG3C_xAwRQIgCHAUCb6izuz41p9BphbGoIoYuBzgMu0t8YmygZtyLlYCIQC3jBZJK4GjgYf05y6T9jEhTKor6K5nV55Cl3r5nyzLEg%3D%3D&sig=AOq0QJ8wRQIhAPk7v_vHEJa9O3b2nUdh6gS4xBkkXmdzORCHiGj2IZSMAiADnOrlA8aHVrt2GtbULUfCWyp1_4CVUGOz7tvkrJdJ0g==&ratebypass=yes", "player_url": "/s/player/62f90c99/player_ias.vflset/en_US/base.js", "ext": "mp4", "height": 480, "format_note": "480p", "vcodec": "avc1.4d401e", "asr": null, "filesize": 1488197, "fps": 25, "tbr": 121.543, "width": 480, "acodec": "none", "downloader_options": {"http_chunk_size": 10485760}, "format": "135 - 480x480 (480p)", "protocol": "https", "http_headers": {"User-Agent": "Mozilla/5.0 (Windows NT 10.0; Win64; x64) AppleWebKit/537.36 (KHTML, like Gecko) Chrome/74.0.3726.1 Safari/537.36", "Accept-Charset": "ISO-8859-1,utf-8;q=0.7,*;q=0.7", "Accept": "text/html,application/xhtml+xml,application/xml;q=0.9,*/*;q=0.8", "Accept-Encoding": "gzip, deflate", "Accept-Language": "en-us,en;q=0.5"}}, {"format_id": "244", "url": "https://r5---sn-5njj-u2xl.googlevideo.com/videoplayback?expire=1608123756&ei=DLHZX9byDZGIigbBm5jIDg&ip=140.109.135.166&id=o-AJy4w9_zOwOJmvEIDN87jgWhsLe2hGY7wgzzgUAlg-Oq&itag=244&aitags=133%2C134%2C135%2C136%2C137%2C160%2C242%2C243%2C244%2C247%2C248%2C278&source=youtube&requiressl=yes&mh=qS&mm=31%2C29&mn=sn-5njj-u2xl%2Csn-un57sn7z&ms=au%2Crdu&mv=m&mvi=5&pl=16&gcr=tw&initcwndbps=508750&vprv=1&mime=video%2Fwebm&ns=LA-ySFcRtdIDg82HAL-dqsEF&gir=yes&clen=2568025&dur=131.680&lmt=1600235669214744&mt=1608101795&fvip=5&keepalive=yes&c=WEB&txp=2311224&n=ld8R6_TWw9KFixZEH&sparams=expire%2Cei%2Cip%2Cid%2Caitags%2Csource%2Crequiressl%2Cgcr%2Cvprv%2Cmime%2Cns%2Cgir%2Cclen%2Cdur%2Clmt&lsparams=mh%2Cmm%2Cmn%2Cms%2Cmv%2Cmvi%2Cpl%2Cinitcwndbps&lsig=AG3C_xAwRgIhANmvG9UnJQkElzu7GNSkwIJYhkYGSOWKx3UFpDpB7kg5AiEAxGJYeQW_8QutFFAP8j0WK_-dAIAMTQYM23x30cP0ESI%3D&sig=AOq0QJ8wRQIhANziRb9IQ344aGdk9kZ8mCFnDyQUrwv6FeDmuYZ_uPMMAiBjH7pDLVXL1FmrrWDIVy9i8mY4Nbme1y2Qn5Vt0CmQ9g==&ratebypass=yes", "player_url": "/s/player/62f90c99/player_ias.vflset/en_US/base.js", "ext": "webm", "height": 480, "format_note": "480p", "vcodec": "vp9", "asr": null, "filesize": 2568025, "fps": 25, "tbr": 206.626, "width": 480, "acodec": "none", "downloader_options": {"http_chunk_size": 10485760}, "format": "244 - 480x480 (480p)", "protocol": "https", "http_headers": {"User-Agent": "Mozilla/5.0 (Windows NT 10.0; Win64; x64) AppleWebKit/537.36 (KHTML, like Gecko) Chrome/74.0.3726.1 Safari/537.36", "Accept-Charset": "ISO-8859-1,utf-8;q=0.7,*;q=0.7", "Accept": "text/html,application/xhtml+xml,application/xml;q=0.9,*/*;q=0.8", "Accept-Encoding": "gzip, deflate", "Accept-Language": "en-us,en;q=0.5"}}, {"format_id": "136", "url": "https://r5---sn-5njj-u2xl.googlevideo.com/videoplayback?expire=1608123756&ei=DLHZX9byDZGIigbBm5jIDg&ip=140.109.135.166&id=o-AJy4w9_zOwOJmvEIDN87jgWhsLe2hGY7wgzzgUAlg-Oq&itag=136&aitags=133%2C134%2C135%2C136%2C137%2C160%2C242%2C243%2C244%2C247%2C248%2C278&source=youtube&requiressl=yes&mh=qS&mm=31%2C29&mn=sn-5njj-u2xl%2Csn-un57sn7z&ms=au%2Crdu&mv=m&mvi=5&pl=16&gcr=tw&initcwndbps=508750&vprv=1&mime=video%2Fmp4&ns=LA-ySFcRtdIDg82HAL-dqsEF&gir=yes&clen=3015839&dur=131.680&lmt=1600233742834013&mt=1608101795&fvip=5&keepalive=yes&c=WEB&txp=2311222&n=ld8R6_TWw9KFixZEH&sparams=expire%2Cei%2Cip%2Cid%2Caitags%2Csource%2Crequiressl%2Cgcr%2Cvprv%2Cmime%2Cns%2Cgir%2Cclen%2Cdur%2Clmt&lsparams=mh%2Cmm%2Cmn%2Cms%2Cmv%2Cmvi%2Cpl%2Cinitcwndbps&lsig=AG3C_xAwRAIgbmVjyFFi00YyiQzztoBZRneZ2HXST-FARnM-oUTZdeACIGal2b3GKEHyHT5a8x87Poh-g5Onm8WNEii1U_UTcyxM&sig=AOq0QJ8wRAIgawlYbRE_ftYj_zkWilZemBsAzG2GzBUYXLrVs-dul-ECIDSGlZMQivselfQh2qTmPkqTl_bAOhENbAH7CWMnn4GN&ratebypass=yes", "player_url": "/s/player/62f90c99/player_ias.vflset/en_US/base.js", "ext": "mp4", "height": 720, "format_note": "720p", "vcodec": "avc1.4d401f", "asr": null, "filesize": 3015839, "fps": 25, "tbr": 248.8, "width": 720, "acodec": "none", "downloader_options": {"http_chunk_size": 10485760}, "format": "136 - 720x720 (720p)", "protocol": "https", "http_headers": {"User-Agent": "Mozilla/5.0 (Windows NT 10.0; Win64; x64) AppleWebKit/537.36 (KHTML, like Gecko) Chrome/74.0.3726.1 Safari/537.36", "Accept-Charset": "ISO-8859-1,utf-8;q=0.7,*;q=0.7", "Accept": "text/html,application/xhtml+xml,application/xml;q=0.9,*/*;q=0.8", "Accept-Encoding": "gzip, deflate", "Accept-Language": "en-us,en;q=0.5"}}, {"format_id": "247", "url": "https://r5---sn-5njj-u2xl.googlevideo.com/videoplayback?expire=1608123756&ei=DLHZX9byDZGIigbBm5jIDg&ip=140.109.135.166&id=o-AJy4w9_zOwOJmvEIDN87jgWhsLe2hGY7wgzzgUAlg-Oq&itag=247&aitags=133%2C134%2C135%2C136%2C137%2C160%2C242%2C243%2C244%2C247%2C248%2C278&source=youtube&requiressl=yes&mh=qS&mm=31%2C29&mn=sn-5njj-u2xl%2Csn-un57sn7z&ms=au%2Crdu&mv=m&mvi=5&pl=16&gcr=tw&initcwndbps=508750&vprv=1&mime=video%2Fwebm&ns=LA-ySFcRtdIDg82HAL-dqsEF&gir=yes&clen=6301474&dur=131.680&lmt=1600235715773779&mt=1608101795&fvip=5&keepalive=yes&c=WEB&txp=2311224&n=ld8R6_TWw9KFixZEH&sparams=expire%2Cei%2Cip%2Cid%2Caitags%2Csource%2Crequiressl%2Cgcr%2Cvprv%2Cmime%2Cns%2Cgir%2Cclen%2Cdur%2Clmt&lsparams=mh%2Cmm%2Cmn%2Cms%2Cmv%2Cmvi%2Cpl%2Cinitcwndbps&lsig=AG3C_xAwRQIhAKsgp9uiZ0EK0133u0WfJKKPY54zlKP7jMBZCz3EXbjdAiBTD4WW0wlwfOCMmKMqLVdAAdWAOxp5dNQWB_0lnCjjHQ%3D%3D&sig=AOq0QJ8wRQIge3ZMoEYeenpeeOidBZKi-t2GzumG7KXKjZQj1kUkvhQCIQCLtpK4CfPcQvqilcxWSkir16Q8CBaXunTsB-HGmlc2yA==&ratebypass=yes", "player_url": "/s/player/62f90c99/player_ias.vflset/en_US/base.js", "ext": "webm", "height": 720, "format_note": "720p", "vcodec": "vp9", "asr": null, "filesize": 6301474, "fps": 25, "tbr": 429.008, "width": 720, "acodec": "none", "downloader_options": {"http_chunk_size": 10485760}, "format": "247 - 720x720 (720p)", "protocol": "https", "http_headers": {"User-Agent": "Mozilla/5.0 (Windows NT 10.0; Win64; x64) AppleWebKit/537.36 (KHTML, like Gecko) Chrome/74.0.3726.1 Safari/537.36", "Accept-Charset": "ISO-8859-1,utf-8;q=0.7,*;q=0.7", "Accept": "text/html,application/xhtml+xml,application/xml;q=0.9,*/*;q=0.8", "Accept-Encoding": "gzip, deflate", "Accept-Language": "en-us,en;q=0.5"}}, {"format_id": "137", "url": "https://r5---sn-5njj-u2xl.googlevideo.com/videoplayback?expire=1608123756&ei=DLHZX9byDZGIigbBm5jIDg&ip=140.109.135.166&id=o-AJy4w9_zOwOJmvEIDN87jgWhsLe2hGY7wgzzgUAlg-Oq&itag=137&aitags=133%2C134%2C135%2C136%2C137%2C160%2C242%2C243%2C244%2C247%2C248%2C278&source=youtube&requiressl=yes&mh=qS&mm=31%2C29&mn=sn-5njj-u2xl%2Csn-un57sn7z&ms=au%2Crdu&mv=m&mvi=5&pl=16&gcr=tw&initcwndbps=508750&vprv=1&mime=video%2Fmp4&ns=LA-ySFcRtdIDg82HAL-dqsEF&gir=yes&clen=5816491&dur=131.680&lmt=1600233742830598&mt=1608101795&fvip=5&keepalive=yes&c=WEB&txp=2311222&n=ld8R6_TWw9KFixZEH&sparams=expire%2Cei%2Cip%2Cid%2Caitags%2Csource%2Crequiressl%2Cgcr%2Cvprv%2Cmime%2Cns%2Cgir%2Cclen%2Cdur%2Clmt&lsparams=mh%2Cmm%2Cmn%2Cms%2Cmv%2Cmvi%2Cpl%2Cinitcwndbps&lsig=AG3C_xAwRgIhAII6_QBHv5Wg7-CMUFbkNVqY9Apeh931_qeZQN3qO-PTAiEA_vWtiem6RpQAUYa4DSXw2Amv2_cBfIADEa0bfM8VVfM%3D&sig=AOq0QJ8wRQIhAPQrf1LswGa4CSBqMI2858Yx-RD0k5cCFfzXCduIOf1rAiAnuEbNfnsV0IxnICf5IrVXk31AlpnDjwEYuGVmbdAvKg==&ratebypass=yes", "player_url": "/s/player/62f90c99/player_ias.vflset/en_US/base.js", "ext": "mp4", "height": 1080, "format_note": "1080p", "vcodec": "avc1.640020", "asr": null, "filesize": 5816491, "fps": 25, "tbr": 480.539, "width": 1080, "acodec": "none", "downloader_options": {"http_chunk_size": 10485760}, "format": "137 - 1080x1080 (1080p)", "protocol": "https", "http_headers": {"User-Agent": "Mozilla/5.0 (Windows NT 10.0; Win64; x64) AppleWebKit/537.36 (KHTML, like Gecko) Chrome/74.0.3726.1 Safari/537.36", "Accept-Charset": "ISO-8859-1,utf-8;q=0.7,*;q=0.7", "Accept": "text/html,application/xhtml+xml,application/xml;q=0.9,*/*;q=0.8", "Accept-Encoding": "gzip, deflate", "Accept-Language": "en-us,en;q=0.5"}}, {"format_id": "248", "url": "https://r5---sn-5njj-u2xl.googlevideo.com/videoplayback?expire=1608123756&ei=DLHZX9byDZGIigbBm5jIDg&ip=140.109.135.166&id=o-AJy4w9_zOwOJmvEIDN87jgWhsLe2hGY7wgzzgUAlg-Oq&itag=248&aitags=133%2C134%2C135%2C136%2C137%2C160%2C242%2C243%2C244%2C247%2C248%2C278&source=youtube&requiressl=yes&mh=qS&mm=31%2C29&mn=sn-5njj-u2xl%2Csn-un57sn7z&ms=au%2Crdu&mv=m&mvi=5&pl=16&gcr=tw&initcwndbps=508750&vprv=1&mime=video%2Fwebm&ns=LA-ySFcRtdIDg82HAL-dqsEF&gir=yes&clen=10134301&dur=131.680&lmt=1600235665242765&mt=1608101795&fvip=5&keepalive=yes&c=WEB&txp=2311224&n=ld8R6_TWw9KFixZEH&sparams=expire%2Cei%2Cip%2Cid%2Caitags%2Csource%2Crequiressl%2Cgcr%2Cvprv%2Cmime%2Cns%2Cgir%2Cclen%2Cdur%2Clmt&lsparams=mh%2Cmm%2Cmn%2Cms%2Cmv%2Cmvi%2Cpl%2Cinitcwndbps&lsig=AG3C_xAwRQIhAPBLqvR1UDNJbG3R6AiXxSLUpjNZnV7E1fsBU9sZFYMiAiALJ23OA7_a9yWWVFrp8jNLma0UtA9R0WbLI1y477V0ZQ%3D%3D&sig=AOq0QJ8wRgIhALnpYedvQXbRF-MOQJB7iGesaveVYAu5XmSTUHopGOVDAiEA3aIIhBKDLX9Ti0TDhMk0BJBfVjaoskdqq_SQUJw2pwE=&ratebypass=yes", "player_url": "/s/player/62f90c99/player_ias.vflset/en_US/base.js", "ext": "webm", "height": 1080, "format_note": "1080p", "vcodec": "vp9", "asr": null, "filesize": 10134301, "fps": 25, "tbr": 793.036, "width": 1080, "acodec": "none", "downloader_options": {"http_chunk_size": 10485760}, "format": "248 - 1080x1080 (1080p)", "protocol": "https", "http_headers": {"User-Agent": "Mozilla/5.0 (Windows NT 10.0; Win64; x64) AppleWebKit/537.36 (KHTML, like Gecko) Chrome/74.0.3726.1 Safari/537.36", "Accept-Charset": "ISO-8859-1,utf-8;q=0.7,*;q=0.7", "Accept": "text/html,application/xhtml+xml,application/xml;q=0.9,*/*;q=0.8", "Accept-Encoding": "gzip, deflate", "Accept-Language": "en-us,en;q=0.5"}}, {"format_id": "18", "url": "https://r5---sn-5njj-u2xl.googlevideo.com/videoplayback?expire=1608123756&ei=DLHZX9byDZGIigbBm5jIDg&ip=140.109.135.166&id=o-AJy4w9_zOwOJmvEIDN87jgWhsLe2hGY7wgzzgUAlg-Oq&itag=18&source=youtube&requiressl=yes&mh=qS&mm=31%2C29&mn=sn-5njj-u2xl%2Csn-un57sn7z&ms=au%2Crdu&mv=m&mvi=5&pl=16&gcr=tw&initcwndbps=508750&vprv=1&mime=video%2Fmp4&ns=Hvs5Zke0Cdx0ciZup8RJRyYF&gir=yes&clen=2522376&ratebypass=yes&dur=131.750&lmt=1600232464308887&mt=1608101795&fvip=5&c=WEB&txp=2310222&n=Xv6GfWYthwFmbdnn3&sparams=expire%2Cei%2Cip%2Cid%2Citag%2Csource%2Crequiressl%2Cgcr%2Cvprv%2Cmime%2Cns%2Cgir%2Cclen%2Cratebypass%2Cdur%2Clmt&lsparams=mh%2Cmm%2Cmn%2Cms%2Cmv%2Cmvi%2Cpl%2Cinitcwndbps&lsig=AG3C_xAwRQIgdsdVqvM-V4GftjweM4L2BJGu4tNWP1FMdn60Gw-aEbkCIQDSyC-p0SEjdQnC0F9hS7QsCNfshxHsinC-loGPvr5OMQ%3D%3D&sig=AOq0QJ8wRQIgBun6vEBzEehxE73vPtF9TjRUo27M0s0xsH_pQapzrpICIQDAHIySh2SJlbihGibC8iWzPOXjrwm1-fkTMvyuIeeEYQ==", "player_url": "/s/player/62f90c99/player_ias.vflset/en_US/base.js", "ext": "mp4", "width": 360, "height": 360, "acodec": "mp4a.40.2", "abr": 96, "vcodec": "avc1.42001E", "asr": 44100, "filesize": 2522376, "format_note": "360p", "fps": 25, "tbr": 153.242, "format": "18 - 360x360 (360p)", "protocol": "https", "http_headers": {"User-Agent": "Mozilla/5.0 (Windows NT 10.0; Win64; x64) AppleWebKit/537.36 (KHTML, like Gecko) Chrome/74.0.3726.1 Safari/537.36", "Accept-Charset": "ISO-8859-1,utf-8;q=0.7,*;q=0.7", "Accept": "text/html,application/xhtml+xml,application/xml;q=0.9,*/*;q=0.8", "Accept-Encoding": "gzip, deflate", "Accept-Language": "en-us,en;q=0.5"}}], "is_live": null, "start_time": null, "end_time": null, "series": null, "season_number": null, "episode_number": null, "track": "A Soft Lullaby", "artist": "Blissful Radiance", "album": "Mountains", "release_date": "20200916", "release_year": 2020, "extractor": "youtube", "webpage_url_basename": "watch", "extractor_key": "Youtube", "playlist": null, "playlist_index": null, "thumbnail": "https://i.ytimg.com/vi_webp/xYZ8n8ULaNo/maxresdefault.webp", "display_id": "xYZ8n8ULaNo", "requested_subtitles": null, "format_id": "251", "url": "https://r5---sn-5njj-u2xl.googlevideo.com/videoplayback?expire=1608123756&ei=DLHZX9byDZGIigbBm5jIDg&ip=140.109.135.166&id=o-AJy4w9_zOwOJmvEIDN87jgWhsLe2hGY7wgzzgUAlg-Oq&itag=251&source=youtube&requiressl=yes&mh=qS&mm=31%2C29&mn=sn-5njj-u2xl%2Csn-un57sn7z&ms=au%2Crdu&mv=m&mvi=5&pl=16&gcr=tw&initcwndbps=508750&vprv=1&mime=audio%2Fwebm&ns=LA-ySFcRtdIDg82HAL-dqsEF&gir=yes&clen=2386018&dur=131.721&lmt=1600234405191788&mt=1608101795&fvip=5&keepalive=yes&c=WEB&txp=2311224&n=ld8R6_TWw9KFixZEH&sparams=expire%2Cei%2Cip%2Cid%2Citag%2Csource%2Crequiressl%2Cgcr%2Cvprv%2Cmime%2Cns%2Cgir%2Cclen%2Cdur%2Clmt&lsparams=mh%2Cmm%2Cmn%2Cms%2Cmv%2Cmvi%2Cpl%2Cinitcwndbps&lsig=AG3C_xAwRgIhAP_VlkhOAXnMJtQ5ABZdii0s61H_FFB8C-qccC8OtupKAiEAs6EWWF2nkILFRMbZ0XZjKBSSpNIEXZylvTROYlbO63Q%3D&sig=AOq0QJ8wRQIhAK63fLdLcZt6K6VHmVmbPnlNpsT2x0YowZf_pWxrX0J3AiBS7AtBxiTPnLuEXM80hS1M2umbN8CaC1jwdLfVnrv7yQ==&ratebypass=yes", "player_url": "/s/player/62f90c99/player_ias.vflset/en_US/base.js", "ext": "webm", "format_note": "tiny", "acodec": "opus", "abr": 160, "asr": 48000, "filesize": 2386018, "fps": null, "height": null, "tbr": 155.545, "width": null, "vcodec": "none", "downloader_options": {"http_chunk_size": 10485760}, "format": "251 - audio only (tiny)", "protocol": "https", "http_headers": {"User-Agent": "Mozilla/5.0 (Windows NT 10.0; Win64; x64) AppleWebKit/537.36 (KHTML, like Gecko) Chrome/74.0.3726.1 Safari/537.36", "Accept-Charset": "ISO-8859-1,utf-8;q=0.7,*;q=0.7", "Accept": "text/html,application/xhtml+xml,application/xml;q=0.9,*/*;q=0.8", "Accept-Encoding": "gzip, deflate", "Accept-Language": "en-us,en;q=0.5"}}