{"id": "xIsvaT20pZ0", "uploader": "Blissful Radiance - Topic", "uploader_id": "UCMj8yb5pUKNCR-pmqEjURCg", "uploader_url": "http://www.youtube.com/channel/UCMj8yb5pUKNCR-pmqEjURCg", "channel_id": "UCMj8yb5pUKNCR-pmqEjURCg", "channel_url": "http://www.youtube.com/channel/UCMj8yb5pUKNCR-pmqEjURCg", "upload_date": "20201015", "license": null, "creator": "Blissful Radiance", "title": "Belonging", "alt_title": "Belonging", "thumbnails": [{"url": "https://i.ytimg.com/vi/xIsvaT20pZ0/hqdefault.jpg?sqp=-oaymwEYCKgBEF5IVfKriqkDCwgBFQAAiEIYAXAB&rs=AOn4CLAklsiG_1TsBnEmwuzmQ6dJNwtBXw", "width": 168, "height": 94, "resolution": "168x94", "id": "0"}, {"url": "https://i.ytimg.com/vi/xIsvaT20pZ0/hqdefault.jpg?sqp=-oaymwEYCMQBEG5IVfKriqkDCwgBFQAAiEIYAXAB&rs=AOn4CLBD6JeaBk45umEVFMQ0wOcqt2do2A", "width": 196, "height": 110, "resolution": "196x110", "id": "1"}, {"url": "https://i.ytimg.com/vi/xIsvaT20pZ0/hqdefault.jpg?sqp=-oaymwEZCPYBEIoBSFXyq4qpAwsIARUAAIhCGAFwAQ==&rs=AOn4CLAC44obGyMHWsltKkI-DLx78XWHIw", "width": 246, "height": 138, "resolution": "246x138", "id": "2"}, {"url": "https://i.ytimg.com/vi/xIsvaT20pZ0/hqdefault.jpg?sqp=-oaymwEZCNACELwBSFXyq4qpAwsIARUAAIhCGAFwAQ==&rs=AOn4CLAlRp0l4NszkkKJeIRZ2ZMNp2DuIw", "width": 336, "height": 188, "resolution": "336x188", "id": "3"}, {"url": "https://i.ytimg.com/vi_webp/xIsvaT20pZ0/maxresdefault.webp", "width": 1920, "height": 1080, "resolution": "1920x1080", "id": "4"}], "description": "Provided to YouTube by TuneCore\n\nBelonging \u00b7 Blissful Radiance\n\nFuture Self\n\n\u2117 2020 Dream Relaxation\n\nReleased on: 2020-10-16\n\nAuto-generated by YouTube.", "categories": ["Music"], "tags": ["Blissful Radiance", "Future Self", "Belonging"], "subtitles": {}, "automatic_captions": {}, "duration": 115, "age_limit": 0, "annotations": null, "chapters": null, "webpage_url": "https://www.youtube.com/watch?v=xIsvaT20pZ0", "view_count": 120, "like_count": 4, "dislike_count": null, "average_rating": 5.0, "formats": [{"format_id": "249", "url": "https://r1---sn-5njj-u2xl.googlevideo.com/videoplayback?expire=1608123753&ei=CbHZX-GSD83DrQTfiaWYBQ&ip=140.109.135.166&id=o-APGjFZnhtMkJxr2S6LKwx5n-UCpghVhre_LiyfpRuCzH&itag=249&source=youtube&requiressl=yes&mh=lb&mm=31%2C29&mn=sn-5njj-u2xl%2Csn-un57en7e&ms=au%2Crdu&mv=m&mvi=1&pl=16&gcr=tw&initcwndbps=508750&vprv=1&mime=audio%2Fwebm&ns=XUOmUG29TVBDYr44-Xerxs8F&gir=yes&clen=878580&dur=115.501&lmt=1601449331345124&mt=1608101795&fvip=1&keepalive=yes&c=WEB&txp=2311224&n=dNg941mUMGGTjlYOH&sparams=expire%2Cei%2Cip%2Cid%2Citag%2Csource%2Crequiressl%2Cgcr%2Cvprv%2Cmime%2Cns%2Cgir%2Cclen%2Cdur%2Clmt&lsparams=mh%2Cmm%2Cmn%2Cms%2Cmv%2Cmvi%2Cpl%2Cinitcwndbps&lsig=AG3C_xAwRAIgW5fmgB098VGJ5qV4guW7oqkWZMUCX4E1LgSVTMu8zZ4CIDWZLkX7GEVGWNI00ehrWCPTOrUmo1fOaW3P1KtQygMQ&sig=AOq0QJ8wRQIhANzwFOsF3JyfGq4sHqbL2WlPLO6vdHQ58SUX_eK-6SPeAiBYTy9ZA97poXlwFWqAFhR1DevQa2fyTVndkFnEwonEgA==&ratebypass=yes", "player_url": "/s/player/62f90c99/player_ias.vflset/en_US/base.js", "ext": "webm", "format_note": "tiny", "acodec": "opus", "abr": 50, "asr": 48000, "filesize": 878580, "fps": null, "height": null, "tbr": 68.912, "width": null, "vcodec": "none", "downloader_options": {"http_chunk_size": 10485760}, "format": "249 - audio only (tiny)", "protocol": "https", "http_headers": {"User-Agent": "Mozilla/5.0 (Windows NT 10.0; Win64; x64) AppleWebKit/537.36 (KHTML, like Gecko) Chrome/74.0.3726.1 Safari/537.36", "Accept-Charset": "ISO-8859-1,utf-8;q=0.7,*;q=0.7", "Accept": "text/html,application/xhtml+xml,application/xml;q=0.9,*/*;q=0.8", "Accept-Encoding": "gzip, deflate", "Accept-Language": "en-us,en;q=0.5"}}, {"format_id": "250", "url": "https://r1---sn-5njj-u2xl.googlevideo.com/videoplayback?expire=1608123753&ei=CbHZX-GSD83DrQTfiaWYBQ&ip=140.109.135.166&id=o-APGjFZnhtMkJxr2S6LKwx5n-UCpghVhre_LiyfpRuCzH&itag=250&source=youtube&requiressl=yes&mh=lb&mm=31%2C29&mn=sn-5njj-u2xl%2Csn-un57en7e&ms=au%2Crdu&mv=m&mvi=1&pl=16&gcr=tw&initcwndbps=508750&vprv=1&mime=audio%2Fwebm&ns=XUOmUG29TVBDYr44-Xerxs8F&gir=yes&clen=1167734&dur=115.501&lmt=1601449331804145&mt=1608101795&fvip=1&keepalive=yes&c=WEB&txp=2311224&n=dNg941mUMGGTjlYOH&sparams=expire%2Cei%2Cip%2Cid%2Citag%2Csource%2Crequiressl%2Cgcr%2Cvprv%2Cmime%2Cns%2Cgir%2Cclen%2Cdur%2Clmt&lsparams=mh%2Cmm%2Cmn%2Cms%2Cmv%2Cmvi%2Cpl%2Cinitcwndbps&lsig=AG3C_xAwRQIgJDgUIUUjHzwaeCH6TVN7SNDgGmehyMO2-1vaBJR9AScCIQC86KzWudRbGM7EV7nuLRvuCJAVFonNOzuUHMS9p4t4CQ%3D%3D&sig=AOq0QJ8wRQIhAO0i5G2r5GW2ZxqO5bLYiiCppPHeEkU1ddsZH8JenMjsAiBZDMi9ufQSXJvYVzYHl3dIzBzv3bjzjXErQEJGbJGO4A==&ratebypass=yes", "player_url": "/s/player/62f90c99/player_ias.vflset/en_US/base.js", "ext": "webm", "format_note": "tiny", "acodec": "opus", "abr": 70, "asr": 48000, "filesize": 1167734, "fps": null, "height": null, "tbr": 91.021, "width": null, "vcodec": "none", "downloader_options": {"http_chunk_size": 10485760}, "format": "250 - audio only (tiny)", "protocol": "https", "http_headers": {"User-Agent": "Mozilla/5.0 (Windows NT 10.0; Win64; x64) AppleWebKit/537.36 (KHTML, like Gecko) Chrome/74.0.3726.1 Safari/537.36", "Accept-Charset": "ISO-8859-1,utf-8;q=0.7,*;q=0.7", "Accept": "text/html,application/xhtml+xml,application/xml;q=0.9,*/*;q=0.8", "Accept-Encoding": "gzip, deflate", "Accept-Language": "en-us,en;q=0.5"}}, {"format_id": "140", "url": "https://r1---sn-5njj-u2xl.googlevideo.com/videoplayback?expire=1608123753&ei=CbHZX-GSD83DrQTfiaWYBQ&ip=140.109.135.166&id=o-APGjFZnhtMkJxr2S6LKwx5n-UCpghVhre_LiyfpRuCzH&itag=140&source=youtube&requiressl=yes&mh=lb&mm=31%2C29&mn=sn-5njj-u2xl%2Csn-un57en7e&ms=au%2Crdu&mv=m&mvi=1&pl=16&gcr=tw&initcwndbps=508750&vprv=1&mime=audio%2Fmp4&ns=XUOmUG29TVBDYr44-Xerxs8F&gir=yes&clen=1871987&dur=115.492&lmt=1601448243971608&mt=1608101795&fvip=1&keepalive=yes&c=WEB&txp=2311222&n=dNg941mUMGGTjlYOH&sparams=expire%2Cei%2Cip%2Cid%2Citag%2Csource%2Crequiressl%2Cgcr%2Cvprv%2Cmime%2Cns%2Cgir%2Cclen%2Cdur%2Clmt&lsparams=mh%2Cmm%2Cmn%2Cms%2Cmv%2Cmvi%2Cpl%2Cinitcwndbps&lsig=AG3C_xAwRgIhAKsX-Ip8Cf276Y90amUhjTDL-3AqpCOsS8x7xXpYXYOLAiEA0Up-bkpoWW9yHlXTokptKBr_t2ivFEgovom9br5hg9g%3D&sig=AOq0QJ8wRQIgJIy2DO2yaX2jLnxgiHaEZF1xPbuOOqnUrfzGFSyOLhICIQCljjFRqL2iw4IztmnboKOzjEjLQgR4lwp6Ie75teNaGA==&ratebypass=yes", "player_url": "/s/player/62f90c99/player_ias.vflset/en_US/base.js", "ext": "m4a", "format_note": "tiny", "acodec": "mp4a.40.2", "abr": 128, "container": "m4a_dash", "asr": 44100, "filesize": 1871987, "fps": null, "height": null, "tbr": 131.191, "width": null, "vcodec": "none", "downloader_options": {"http_chunk_size": 10485760}, "format": "140 - audio only (tiny)", "protocol": "https", "http_headers": {"User-Agent": "Mozilla/5.0 (Windows NT 10.0; Win64; x64) AppleWebKit/537.36 (KHTML, like Gecko) Chrome/74.0.3726.1 Safari/537.36", "Accept-Charset": "ISO-8859-1,utf-8;q=0.7,*;q=0.7", "Accept": "text/html,application/xhtml+xml,application/xml;q=0.9,*/*;q=0.8", "Accept-Encoding": "gzip, deflate", "Accept-Language": "en-us,en;q=0.5"}}, {"format_id": "251", "url": "https://r1---sn-5njj-u2xl.googlevideo.com/videoplayback?expire=1608123753&ei=CbHZX-GSD83DrQTfiaWYBQ&ip=140.109.135.166&id=o-APGjFZnhtMkJxr2S6LKwx5n-UCpghVhre_LiyfpRuCzH&itag=251&source=youtube&requiressl=yes&mh=lb&mm=31%2C29&mn=sn-5njj-u2xl%2Csn-un57en7e&ms=au%2Crdu&mv=m&mvi=1&pl=16&gcr=tw&initcwndbps=508750&vprv=1&mime=audio%2Fwebm&ns=XUOmUG29TVBDYr44-Xerxs8F&gir=yes&clen=2255647&dur=115.501&lmt=1601449331717680&mt=1608101795&fvip=1&keepalive=yes&c=WEB&txp=2311224&n=dNg941mUMGGTjlYOH&sparams=expire%2Cei%2Cip%2Cid%2Citag%2Csource%2Crequiressl%2Cgcr%2Cvprv%2Cmime%2Cns%2Cgir%2Cclen%2Cdur%2Clmt&lsparams=mh%2Cmm%2Cmn%2Cms%2Cmv%2Cmvi%2Cpl%2Cinitcwndbps&lsig=AG3C_xAwRgIhANoYCNUVms3hcdME8zIj5eiuZ92K9ewS-HQEXJfRIcSSAiEAhlgPsMeBkS2Uzq1Gy1mlHEYFWaFuYKOhvCs3kCTUVoA%3D&sig=AOq0QJ8wRgIhAJR4sx1pZ4B6oIaF6KpMWznVojhFy_5avY3_9VSfXSZzAiEA7VToa2xLSxGpRe8prgBMQ3GOEpcgJkg10a7TY1sRMmQ=&ratebypass=yes", "player_url": "/s/player/62f90c99/player_ias.vflset/en_US/base.js", "ext": "webm", "format_note": "tiny", "acodec": "opus", "abr": 160, "asr": 48000, "filesize": 2255647, "fps": null, "height": null, "tbr": 168.121, "width": null, "vcodec": "none", "downloader_options": {"http_chunk_size": 10485760}, "format": "251 - audio only (tiny)", "protocol": "https", "http_headers": {"User-Agent": "Mozilla/5.0 (Windows NT 10.0; Win64; x64) AppleWebKit/537.36 (KHTML, like Gecko) Chrome/74.0.3726.1 Safari/537.36", "Accept-Charset": "ISO-8859-1,utf-8;q=0.7,*;q=0.7", "Accept": "text/html,application/xhtml+xml,application/xml;q=0.9,*/*;q=0.8", "Accept-Encoding": "gzip, deflate", "Accept-Language": "en-us,en;q=0.5"}}, {"format_id": "278", "url": "https://r1---sn-5njj-u2xl.googlevideo.com/videoplayback?expire=1608123753&ei=CbHZX-GSD83DrQTfiaWYBQ&ip=140.109.135.166&id=o-APGjFZnhtMkJxr2S6LKwx5n-UCpghVhre_LiyfpRuCzH&itag=278&aitags=133%2C134%2C135%2C136%2C137%2C160%2C242%2C243%2C244%2C247%2C248%2C278&source=youtube&requiressl=yes&mh=lb&mm=31%2C29&mn=sn-5njj-u2xl%2Csn-un57en7e&ms=au%2Crdu&mv=m&mvi=1&pl=16&gcr=tw&initcwndbps=508750&vprv=1&mime=video%2Fwebm&ns=XUOmUG29TVBDYr44-Xerxs8F&gir=yes&clen=187583&dur=115.480&lmt=1601449636850518&mt=1608101795&fvip=1&keepalive=yes&c=WEB&txp=2311224&n=dNg941mUMGGTjlYOH&sparams=expire%2Cei%2Cip%2Cid%2Caitags%2Csource%2Crequiressl%2Cgcr%2Cvprv%2Cmime%2Cns%2Cgir%2Cclen%2Cdur%2Clmt&lsparams=mh%2Cmm%2Cmn%2Cms%2Cmv%2Cmvi%2Cpl%2Cinitcwndbps&lsig=AG3C_xAwRQIgPebw9fhfUH8hbl0OxByP22mU-K06wODWNnlvz8dZf70CIQCk10Dzc9_mM_MAReumvaDLf4khgyJFbSgXGLeSABCOMQ%3D%3D&sig=AOq0QJ8wRgIhALl2hRxFHhZPZLQMLIcYidFOP5hhsKrMM3bLRc5clrJpAiEA_OC6V3kWAcN-1yNpq3pccgPW3PSUlbd7aZZtCnsVp_g=&ratebypass=yes", "player_url": "/s/player/62f90c99/player_ias.vflset/en_US/base.js", "ext": "webm", "height": 144, "format_note": "144p", "container": "webm", "vcodec": "vp9", "asr": null, "filesize": 187583, "fps": 25, "tbr": 19.591, "width": 144, "acodec": "none", "downloader_options": {"http_chunk_size": 10485760}, "format": "278 - 144x144 (144p)", "protocol": "https", "http_headers": {"User-Agent": "Mozilla/5.0 (Windows NT 10.0; Win64; x64) AppleWebKit/537.36 (KHTML, like Gecko) Chrome/74.0.3726.1 Safari/537.36", "Accept-Charset": "ISO-8859-1,utf-8;q=0.7,*;q=0.7", "Accept": "text/html,application/xhtml+xml,application/xml;q=0.9,*/*;q=0.8", "Accept-Encoding": "gzip, deflate", "Accept-Language": "en-us,en;q=0.5"}}, {"format_id": "134", "url": "https://r1---sn-5njj-u2xl.googlevideo.com/videoplayback?expire=1608123753&ei=CbHZX-GSD83DrQTfiaWYBQ&ip=140.109.135.166&id=o-APGjFZnhtMkJxr2S6LKwx5n-UCpghVhre_LiyfpRuCzH&itag=134&aitags=133%2C134%2C135%2C136%2C137%2C160%2C242%2C243%2C244%2C247%2C248%2C278&source=youtube&requiressl=yes&mh=lb&mm=31%2C29&mn=sn-5njj-u2xl%2Csn-un57en7e&ms=au%2Crdu&mv=m&mvi=1&pl=16&gcr=tw&initcwndbps=508750&vprv=1&mime=video%2Fmp4&ns=XUOmUG29TVBDYr44-Xerxs8F&gir=yes&clen=263586&dur=115.480&lmt=1601449002832773&mt=1608101795&fvip=1&keepalive=yes&c=WEB&txp=2311222&n=dNg941mUMGGTjlYOH&sparams=expire%2Cei%2Cip%2Cid%2Caitags%2Csource%2Crequiressl%2Cgcr%2Cvprv%2Cmime%2Cns%2Cgir%2Cclen%2Cdur%2Clmt&lsparams=mh%2Cmm%2Cmn%2Cms%2Cmv%2Cmvi%2Cpl%2Cinitcwndbps&lsig=AG3C_xAwRgIhAJQAQQEE3Oshh-Z1y2By_WuXmeqmMYAUTRy3qZAKrDc_AiEA6kVtNO1n9YQ-H1Q4EfLMaTPgpm7DAmPTfqekVF40k1k%3D&sig=AOq0QJ8wRAIgYAhBba_JZCZzA7LLjTfKESOx0Hi1l6UzzymMaQr8Z24CIEWWsPIRKr4Y8Z7G9nxE97G0Im1Sfj6oeJVhprZagU-A&ratebypass=yes", "player_url": "/s/player/62f90c99/player_ias.vflset/en_US/base.js", "ext": "mp4", "height": 360, "format_note": "360p", "vcodec": "avc1.4d4015", "asr": null, "filesize": 263586, "fps": 25, "tbr": 24.456, "width": 360, "acodec": "none", "downloader_options": {"http_chunk_size": 10485760}, "format": "134 - 360x360 (360p)", "protocol": "https", "http_headers": {"User-Agent": "Mozilla/5.0 (Windows NT 10.0; Win64; x64) AppleWebKit/537.36 (KHTML, like Gecko) Chrome/74.0.3726.1 Safari/537.36", "Accept-Charset": "ISO-8859-1,utf-8;q=0.7,*;q=0.7", "Accept": "text/html,application/xhtml+xml,application/xml;q=0.9,*/*;q=0.8", "Accept-Encoding": "gzip, deflate", "Accept-Language": "en-us,en;q=0.5"}}, {"format_id": "160", "url": "https://r1---sn-5njj-u2xl.googlevideo.com/videoplayback?expire=1608123753&ei=CbHZX-GSD83DrQTfiaWYBQ&ip=140.109.135.166&id=o-APGjFZnhtMkJxr2S6LKwx5n-UCpghVhre_LiyfpRuCzH&itag=160&aitags=133%2C134%2C135%2C136%2C137%2C160%2C242%2C243%2C244%2C247%2C248%2C278&source=youtube&requiressl=yes&mh=lb&mm=31%2C29&mn=sn-5njj-u2xl%2Csn-un57en7e&ms=au%2Crdu&mv=m&mvi=1&pl=16&gcr=tw&initcwndbps=508750&vprv=1&mime=video%2Fmp4&ns=XUOmUG29TVBDYr44-Xerxs8F&gir=yes&clen=281800&dur=115.480&lmt=1601449002833180&mt=1608101795&fvip=1&keepalive=yes&c=WEB&txp=2311222&n=dNg941mUMGGTjlYOH&sparams=expire%2Cei%2Cip%2Cid%2Caitags%2Csource%2Crequiressl%2Cgcr%2Cvprv%2Cmime%2Cns%2Cgir%2Cclen%2Cdur%2Clmt&lsparams=mh%2Cmm%2Cmn%2Cms%2Cmv%2Cmvi%2Cpl%2Cinitcwndbps&lsig=AG3C_xAwRQIhAPZZD-evtao2eyPOs253YDzlKUhUdaKV_Fp5Lr-CZPBXAiBrAfIxU0OGOptvSYPzOZ_7Dn0YA6zkwyoAj176ZwmtmQ%3D%3D&sig=AOq0QJ8wRQIhAMzaZ0GPEC_QmfpUUk9MJtOUfDA63wO2jZsvtlRq0CjQAiA84MkPPpj9dl6sVndB0iNYHrC8Lrg3llfrsJr2WEN0BA==&ratebypass=yes", "player_url": "/s/player/62f90c99/player_ias.vflset/en_US/base.js", "ext": "mp4", "height": 144, "format_note": "144p", "vcodec": "avc1.4d400b", "asr": null, "filesize": 281800, "fps": 25, "tbr": 32.002, "width": 144, "acodec": "none", "downloader_options": {"http_chunk_size": 10485760}, "format": "160 - 144x144 (144p)", "protocol": "https", "http_headers": {"User-Agent": "Mozilla/5.0 (Windows NT 10.0; Win64; x64) AppleWebKit/537.36 (KHTML, like Gecko) Chrome/74.0.3726.1 Safari/537.36", "Accept-Charset": "ISO-8859-1,utf-8;q=0.7,*;q=0.7", "Accept": "text/html,application/xhtml+xml,application/xml;q=0.9,*/*;q=0.8", "Accept-Encoding": "gzip, deflate", "Accept-Language": "en-us,en;q=0.5"}}, {"format_id": "242", "url": "https://r1---sn-5njj-u2xl.googlevideo.com/videoplayback?expire=1608123753&ei=CbHZX-GSD83DrQTfiaWYBQ&ip=140.109.135.166&id=o-APGjFZnhtMkJxr2S6LKwx5n-UCpghVhre_LiyfpRuCzH&itag=242&aitags=133%2C134%2C135%2C136%2C137%2C160%2C242%2C243%2C244%2C247%2C248%2C278&source=youtube&requiressl=yes&mh=lb&mm=31%2C29&mn=sn-5njj-u2xl%2Csn-un57en7e&ms=au%2Crdu&mv=m&mvi=1&pl=16&gcr=tw&initcwndbps=508750&vprv=1&mime=video%2Fwebm&ns=XUOmUG29TVBDYr44-Xerxs8F&gir=yes&clen=314518&dur=115.480&lmt=1601449636593682&mt=1608101795&fvip=1&keepalive=yes&c=WEB&txp=2311224&n=dNg941mUMGGTjlYOH&sparams=expire%2Cei%2Cip%2Cid%2Caitags%2Csource%2Crequiressl%2Cgcr%2Cvprv%2Cmime%2Cns%2Cgir%2Cclen%2Cdur%2Clmt&lsparams=mh%2Cmm%2Cmn%2Cms%2Cmv%2Cmvi%2Cpl%2Cinitcwndbps&lsig=AG3C_xAwRQIgBW-e_gFFka6N6Po8c2inIzPbcmlxS2aVBFogab3CRfYCIQDK_FhRHbrrmEpQStBQbC1Aj0uaYdDJbvufW3x063A5iA%3D%3D&sig=AOq0QJ8wRQIhALROOIl6VVesfNtycG1uTkY2MvTNPhlncYdA7PX48LoxAiA5r2uCER5v1ixfKmq7rBEekD0dDA_9liAComr5F45JzA==&ratebypass=yes", "player_url": "/s/player/62f90c99/player_ias.vflset/en_US/base.js", "ext": "webm", "height": 240, "format_note": "240p", "vcodec": "vp9", "asr": null, "filesize": 314518, "fps": 25, "tbr": 35.197, "width": 240, "acodec": "none", "downloader_options": {"http_chunk_size": 10485760}, "format": "242 - 240x240 (240p)", "protocol": "https", "http_headers": {"User-Agent": "Mozilla/5.0 (Windows NT 10.0; Win64; x64) AppleWebKit/537.36 (KHTML, like Gecko) Chrome/74.0.3726.1 Safari/537.36", "Accept-Charset": "ISO-8859-1,utf-8;q=0.7,*;q=0.7", "Accept": "text/html,application/xhtml+xml,application/xml;q=0.9,*/*;q=0.8", "Accept-Encoding": "gzip, deflate", "Accept-Language": "en-us,en;q=0.5"}}, {"format_id": "135", "url": "https://r1---sn-5njj-u2xl.googlevideo.com/videoplayback?expire=1608123753&ei=CbHZX-GSD83DrQTfiaWYBQ&ip=140.109.135.166&id=o-APGjFZnhtMkJxr2S6LKwx5n-UCpghVhre_LiyfpRuCzH&itag=135&aitags=133%2C134%2C135%2C136%2C137%2C160%2C242%2C243%2C244%2C247%2C248%2C278&source=youtube&requiressl=yes&mh=lb&mm=31%2C29&mn=sn-5njj-u2xl%2Csn-un57en7e&ms=au%2Crdu&mv=m&mvi=1&pl=16&gcr=tw&initcwndbps=508750&vprv=1&mime=video%2Fmp4&ns=XUOmUG29TVBDYr44-Xerxs8F&gir=yes&clen=448773&dur=115.480&lmt=1601449002855101&mt=1608101795&fvip=1&keepalive=yes&c=WEB&txp=2311222&n=dNg941mUMGGTjlYOH&sparams=expire%2Cei%2Cip%2Cid%2Caitags%2Csource%2Crequiressl%2Cgcr%2Cvprv%2Cmime%2Cns%2Cgir%2Cclen%2Cdur%2Clmt&lsparams=mh%2Cmm%2Cmn%2Cms%2Cmv%2Cmvi%2Cpl%2Cinitcwndbps&lsig=AG3C_xAwRQIhANDGxZuvmYJwXJyFlaNNk0iNuRnOCDnTelqOqNJUrM80AiAcxUTZzjCJNjXDquvVLH3CMcjsaZpm_uowZhTz5wRJSg%3D%3D&sig=AOq0QJ8wRgIhAJ9xPMfGLzV7UU3QP2cfWn13m2jlTeAPIAtC6w0uCax6AiEA5QYDJ0xrHNo8yfa8Z2f6HT2vVC64kZQxHpDnY_6dai8=&ratebypass=yes", "player_url": "/s/player/62f90c99/player_ias.vflset/en_US/base.js", "ext": "mp4", "height": 480, "format_note": "480p", "vcodec": "avc1.4d401e", "asr": null, "filesize": 448773, "fps": 25, "tbr": 43.219, "width": 480, "acodec": "none", "downloader_options": {"http_chunk_size": 10485760}, "format": "135 - 480x480 (480p)", "protocol": "https", "http_headers": {"User-Agent": "Mozilla/5.0 (Windows NT 10.0; Win64; x64) AppleWebKit/537.36 (KHTML, like Gecko) Chrome/74.0.3726.1 Safari/537.36", "Accept-Charset": "ISO-8859-1,utf-8;q=0.7,*;q=0.7", "Accept": "text/html,application/xhtml+xml,application/xml;q=0.9,*/*;q=0.8", "Accept-Encoding": "gzip, deflate", "Accept-Language": "en-us,en;q=0.5"}}, {"format_id": "243", "url": "https://r1---sn-5njj-u2xl.googlevideo.com/videoplayback?expire=1608123753&ei=CbHZX-GSD83DrQTfiaWYBQ&ip=140.109.135.166&id=o-APGjFZnhtMkJxr2S6LKwx5n-UCpghVhre_LiyfpRuCzH&itag=243&aitags=133%2C134%2C135%2C136%2C137%2C160%2C242%2C243%2C244%2C247%2C248%2C278&source=youtube&requiressl=yes&mh=lb&mm=31%2C29&mn=sn-5njj-u2xl%2Csn-un57en7e&ms=au%2Crdu&mv=m&mvi=1&pl=16&gcr=tw&initcwndbps=508750&vprv=1&mime=video%2Fwebm&ns=XUOmUG29TVBDYr44-Xerxs8F&gir=yes&clen=442914&dur=115.480&lmt=1601449636144003&mt=1608101795&fvip=1&keepalive=yes&c=WEB&txp=2311224&n=dNg941mUMGGTjlYOH&sparams=expire%2Cei%2Cip%2Cid%2Caitags%2Csource%2Crequiressl%2Cgcr%2Cvprv%2Cmime%2Cns%2Cgir%2Cclen%2Cdur%2Clmt&lsparams=mh%2Cmm%2Cmn%2Cms%2Cmv%2Cmvi%2Cpl%2Cinitcwndbps&lsig=AG3C_xAwRQIhAO9kJLRyhBxPkASXGolsh4Iqf9r2fOlEvPUFedB_6Un7AiACH195Y2FlQPz05Rb9kI4GJc9wpEK5QVnBBMtBoMPADQ%3D%3D&sig=AOq0QJ8wRAIgKl7qhyFn3m2wvbM7QP1xItrU_xvj7g1wkoODSUnqRN4CIBKH9X2-IS4bDY7tcPNVh35sjxyp0s3HjhyRThYr4V1n&ratebypass=yes", "player_url": "/s/player/62f90c99/player_ias.vflset/en_US/base.js", "ext": "webm", "height": 360, "format_note": "360p", "vcodec": "vp9", "asr": null, "filesize": 442914, "fps": 25, "tbr": 50.802, "width": 360, "acodec": "none", "downloader_options": {"http_chunk_size": 10485760}, "format": "243 - 360x360 (360p)", "protocol": "https", "http_headers": {"User-Agent": "Mozilla/5.0 (Windows NT 10.0; Win64; x64) AppleWebKit/537.36 (KHTML, like Gecko) Chrome/74.0.3726.1 Safari/537.36", "Accept-Charset": "ISO-8859-1,utf-8;q=0.7,*;q=0.7", "Accept": "text/html,application/xhtml+xml,application/xml;q=0.9,*/*;q=0.8", "Accept-Encoding": "gzip, deflate", "Accept-Language": "en-us,en;q=0.5"}}, {"format_id": "133", "url": "https://r1---sn-5njj-u2xl.googlevideo.com/videoplayback?expire=1608123753&ei=CbHZX-GSD83DrQTfiaWYBQ&ip=140.109.135.166&id=o-APGjFZnhtMkJxr2S6LKwx5n-UCpghVhre_LiyfpRuCzH&itag=133&aitags=133%2C134%2C135%2C136%2C137%2C160%2C242%2C243%2C244%2C247%2C248%2C278&source=youtube&requiressl=yes&mh=lb&mm=31%2C29&mn=sn-5njj-u2xl%2Csn-un57en7e&ms=au%2Crdu&mv=m&mvi=1&pl=16&gcr=tw&initcwndbps=508750&vprv=1&mime=video%2Fmp4&ns=XUOmUG29TVBDYr44-Xerxs8F&gir=yes&clen=579596&dur=115.480&lmt=1601449002860167&mt=1608101795&fvip=1&keepalive=yes&c=WEB&txp=2311222&n=dNg941mUMGGTjlYOH&sparams=expire%2Cei%2Cip%2Cid%2Caitags%2Csource%2Crequiressl%2Cgcr%2Cvprv%2Cmime%2Cns%2Cgir%2Cclen%2Cdur%2Clmt&lsparams=mh%2Cmm%2Cmn%2Cms%2Cmv%2Cmvi%2Cpl%2Cinitcwndbps&lsig=AG3C_xAwRQIhAOljI3FMhOjtz8uRiFuy_DHAhkpzEBLvkk_i5fHfoMJdAiByz-cYVBEQjg5xKTZf__VEXHhDGNfUueHFplz1xFdPbw%3D%3D&sig=AOq0QJ8wRQIgDo4eaJUHT5yBCPJj-huvjNpt1ntELyHm1bwCd7-JZhcCIQCq-HEt-Kf5CiZHDPNi1ECYa3oLLEEUKstaXzpRLm8SyQ==&ratebypass=yes", "player_url": "/s/player/62f90c99/player_ias.vflset/en_US/base.js", "ext": "mp4", "height": 240, "format_note": "240p", "vcodec": "avc1.4d400c", "asr": null, "filesize": 579596, "fps": 25, "tbr": 65.2, "width": 240, "acodec": "none", "downloader_options": {"http_chunk_size": 10485760}, "format": "133 - 240x240 (240p)", "protocol": "https", "http_headers": {"User-Agent": "Mozilla/5.0 (Windows NT 10.0; Win64; x64) AppleWebKit/537.36 (KHTML, like Gecko) Chrome/74.0.3726.1 Safari/537.36", "Accept-Charset": "ISO-8859-1,utf-8;q=0.7,*;q=0.7", "Accept": "text/html,application/xhtml+xml,application/xml;q=0.9,*/*;q=0.8", "Accept-Encoding": "gzip, deflate", "Accept-Language": "en-us,en;q=0.5"}}, {"format_id": "136", "url": "https://r1---sn-5njj-u2xl.googlevideo.com/videoplayback?expire=1608123753&ei=CbHZX-GSD83DrQTfiaWYBQ&ip=140.109.135.166&id=o-APGjFZnhtMkJxr2S6LKwx5n-UCpghVhre_LiyfpRuCzH&itag=136&aitags=133%2C134%2C135%2C136%2C137%2C160%2C242%2C243%2C244%2C247%2C248%2C278&source=youtube&requiressl=yes&mh=lb&mm=31%2C29&mn=sn-5njj-u2xl%2Csn-un57en7e&ms=au%2Crdu&mv=m&mvi=1&pl=16&gcr=tw&initcwndbps=508750&vprv=1&mime=video%2Fmp4&ns=XUOmUG29TVBDYr44-Xerxs8F&gir=yes&clen=867340&dur=115.480&lmt=1601449002849000&mt=1608101795&fvip=1&keepalive=yes&c=WEB&txp=2311222&n=dNg941mUMGGTjlYOH&sparams=expire%2Cei%2Cip%2Cid%2Caitags%2Csource%2Crequiressl%2Cgcr%2Cvprv%2Cmime%2Cns%2Cgir%2Cclen%2Cdur%2Clmt&lsparams=mh%2Cmm%2Cmn%2Cms%2Cmv%2Cmvi%2Cpl%2Cinitcwndbps&lsig=AG3C_xAwRgIhAOv4OlWbD60ltgGtg73Nw4aLOQsVxL2JPwEwPIWykUKYAiEAqwZjheXyh4pHRkZ0o00oAzhMDySKcb7OAZKtsH_maHk%3D&sig=AOq0QJ8wRgIhALCLht3fo51Gc6S5fldXKx4VVYiVGtfFNI30h332j6pmAiEAoEsNl1EspepsNeEFiH81p94lJR01RTMlKaAlIKEfZ-g=&ratebypass=yes", "player_url": "/s/player/62f90c99/player_ias.vflset/en_US/base.js", "ext": "mp4", "height": 720, "format_note": "720p", "vcodec": "avc1.4d401f", "asr": null, "filesize": 867340, "fps": 25, "tbr": 90.991, "width": 720, "acodec": "none", "downloader_options": {"http_chunk_size": 10485760}, "format": "136 - 720x720 (720p)", "protocol": "https", "http_headers": {"User-Agent": "Mozilla/5.0 (Windows NT 10.0; Win64; x64) AppleWebKit/537.36 (KHTML, like Gecko) Chrome/74.0.3726.1 Safari/537.36", "Accept-Charset": "ISO-8859-1,utf-8;q=0.7,*;q=0.7", "Accept": "text/html,application/xhtml+xml,application/xml;q=0.9,*/*;q=0.8", "Accept-Encoding": "gzip, deflate", "Accept-Language": "en-us,en;q=0.5"}}, {"format_id": "244", "url": "https://r1---sn-5njj-u2xl.googlevideo.com/videoplayback?expire=1608123753&ei=CbHZX-GSD83DrQTfiaWYBQ&ip=140.109.135.166&id=o-APGjFZnhtMkJxr2S6LKwx5n-UCpghVhre_LiyfpRuCzH&itag=244&aitags=133%2C134%2C135%2C136%2C137%2C160%2C242%2C243%2C244%2C247%2C248%2C278&source=youtube&requiressl=yes&mh=lb&mm=31%2C29&mn=sn-5njj-u2xl%2Csn-un57en7e&ms=au%2Crdu&mv=m&mvi=1&pl=16&gcr=tw&initcwndbps=508750&vprv=1&mime=video%2Fwebm&ns=XUOmUG29TVBDYr44-Xerxs8F&gir=yes&clen=883586&dur=115.480&lmt=1601449636423870&mt=1608101795&fvip=1&keepalive=yes&c=WEB&txp=2311224&n=dNg941mUMGGTjlYOH&sparams=expire%2Cei%2Cip%2Cid%2Caitags%2Csource%2Crequiressl%2Cgcr%2Cvprv%2Cmime%2Cns%2Cgir%2Cclen%2Cdur%2Clmt&lsparams=mh%2Cmm%2Cmn%2Cms%2Cmv%2Cmvi%2Cpl%2Cinitcwndbps&lsig=AG3C_xAwRQIhAI2GiRe2UO_00moof8-xjO-k2Rp98XQ_GS0dOV0eRF-wAiBdZjSoAi22rJt9B8oo63ChlGI_AV90IsfhZWHCz_qp3w%3D%3D&sig=AOq0QJ8wRgIhAKyKAHbfKyhUvXpIu9jJ5D-ToXMo8GQBzFn8a8KJ18xoAiEAiggT7MC6kYokUWsGxMMCnngYy0-2njP2U06rAtyB0_s=&ratebypass=yes", "player_url": "/s/player/62f90c99/player_ias.vflset/en_US/base.js", "ext": "webm", "height": 480, "format_note": "480p", "vcodec": "vp9", "asr": null, "filesize": 883586, "fps": 25, "tbr": 104.723, "width": 480, "acodec": "none", "downloader_options": {"http_chunk_size": 10485760}, "format": "244 - 480x480 (480p)", "protocol": "https", "http_headers": {"User-Agent": "Mozilla/5.0 (Windows NT 10.0; Win64; x64) AppleWebKit/537.36 (KHTML, like Gecko) Chrome/74.0.3726.1 Safari/537.36", "Accept-Charset": "ISO-8859-1,utf-8;q=0.7,*;q=0.7", "Accept": "text/html,application/xhtml+xml,application/xml;q=0.9,*/*;q=0.8", "Accept-Encoding": "gzip, deflate", "Accept-Language": "en-us,en;q=0.5"}}, {"format_id": "137", "url": "https://r1---sn-5njj-u2xl.googlevideo.com/videoplayback?expire=1608123753&ei=CbHZX-GSD83DrQTfiaWYBQ&ip=140.109.135.166&id=o-APGjFZnhtMkJxr2S6LKwx5n-UCpghVhre_LiyfpRuCzH&itag=137&aitags=133%2C134%2C135%2C136%2C137%2C160%2C242%2C243%2C244%2C247%2C248%2C278&source=youtube&requiressl=yes&mh=lb&mm=31%2C29&mn=sn-5njj-u2xl%2Csn-un57en7e&ms=au%2Crdu&mv=m&mvi=1&pl=16&gcr=tw&initcwndbps=508750&vprv=1&mime=video%2Fmp4&ns=XUOmUG29TVBDYr44-Xerxs8F&gir=yes&clen=1899754&dur=115.480&lmt=1601449002831800&mt=1608101795&fvip=1&keepalive=yes&c=WEB&txp=2311222&n=dNg941mUMGGTjlYOH&sparams=expire%2Cei%2Cip%2Cid%2Caitags%2Csource%2Crequiressl%2Cgcr%2Cvprv%2Cmime%2Cns%2Cgir%2Cclen%2Cdur%2Clmt&lsparams=mh%2Cmm%2Cmn%2Cms%2Cmv%2Cmvi%2Cpl%2Cinitcwndbps&lsig=AG3C_xAwRQIhALzohNouwzEJImPoVueyF4IejaVEPYcIa7fJGCPG7Cj-AiACLB_Xdik_KIjcmF7OpRNY0nJzn22xxmhmfYPmeL7x-w%3D%3D&sig=AOq0QJ8wRgIhAM90Otag6jkeXtx5Xe-2HUi5uIaRyKuITTt7Yzu-lX9yAiEA3w44YxQb03lv2Kzio800HcPnvW85FJOQtieNdfzZnfQ=&ratebypass=yes", "player_url": "/s/player/62f90c99/player_ias.vflset/en_US/base.js", "ext": "mp4", "height": 1080, "format_note": "1080p", "vcodec": "avc1.640020", "asr": null, "filesize": 1899754, "fps": 25, "tbr": 207.492, "width": 1080, "acodec": "none", "downloader_options": {"http_chunk_size": 10485760}, "format": "137 - 1080x1080 (1080p)", "protocol": "https", "http_headers": {"User-Agent": "Mozilla/5.0 (Windows NT 10.0; Win64; x64) AppleWebKit/537.36 (KHTML, like Gecko) Chrome/74.0.3726.1 Safari/537.36", "Accept-Charset": "ISO-8859-1,utf-8;q=0.7,*;q=0.7", "Accept": "text/html,application/xhtml+xml,application/xml;q=0.9,*/*;q=0.8", "Accept-Encoding": "gzip, deflate", "Accept-Language": "en-us,en;q=0.5"}}, {"format_id": "247", "url": "https://r1---sn-5njj-u2xl.googlevideo.com/videoplayback?expire=1608123753&ei=CbHZX-GSD83DrQTfiaWYBQ&ip=140.109.135.166&id=o-APGjFZnhtMkJxr2S6LKwx5n-UCpghVhre_LiyfpRuCzH&itag=247&aitags=133%2C134%2C135%2C136%2C137%2C160%2C242%2C243%2C244%2C247%2C248%2C278&source=youtube&requiressl=yes&mh=lb&mm=31%2C29&mn=sn-5njj-u2xl%2Csn-un57en7e&ms=au%2Crdu&mv=m&mvi=1&pl=16&gcr=tw&initcwndbps=508750&vprv=1&mime=video%2Fwebm&ns=XUOmUG29TVBDYr44-Xerxs8F&gir=yes&clen=2328740&dur=115.480&lmt=1601449637190450&mt=1608101795&fvip=1&keepalive=yes&c=WEB&txp=2311224&n=dNg941mUMGGTjlYOH&sparams=expire%2Cei%2Cip%2Cid%2Caitags%2Csource%2Crequiressl%2Cgcr%2Cvprv%2Cmime%2Cns%2Cgir%2Cclen%2Cdur%2Clmt&lsparams=mh%2Cmm%2Cmn%2Cms%2Cmv%2Cmvi%2Cpl%2Cinitcwndbps&lsig=AG3C_xAwRAIgUfA8oqXbMXzxadBP6KG5OliRYhE0IKv3Lg24gHkQS4wCICZ_5Q0z5_yguJ7BsFxsWhDU1UdYMbp2EM59kk8oX0Gt&sig=AOq0QJ8wRgIhALPfABA7lwh_1h0odPC6dybJqdBj5jssrnueLhP7JbiBAiEAkhuUpzE7e-FpLJL-kBPYxsyaAAAHb8qcTXLItuqb0Z0=&ratebypass=yes", "player_url": "/s/player/62f90c99/player_ias.vflset/en_US/base.js", "ext": "webm", "height": 720, "format_note": "720p", "vcodec": "vp9", "asr": null, "filesize": 2328740, "fps": 25, "tbr": 279.701, "width": 720, "acodec": "none", "downloader_options": {"http_chunk_size": 10485760}, "format": "247 - 720x720 (720p)", "protocol": "https", "http_headers": {"User-Agent": "Mozilla/5.0 (Windows NT 10.0; Win64; x64) AppleWebKit/537.36 (KHTML, like Gecko) Chrome/74.0.3726.1 Safari/537.36", "Accept-Charset": "ISO-8859-1,utf-8;q=0.7,*;q=0.7", "Accept": "text/html,application/xhtml+xml,application/xml;q=0.9,*/*;q=0.8", "Accept-Encoding": "gzip, deflate", "Accept-Language": "en-us,en;q=0.5"}}, {"format_id": "248", "url": "https://r1---sn-5njj-u2xl.googlevideo.com/videoplayback?expire=1608123753&ei=CbHZX-GSD83DrQTfiaWYBQ&ip=140.109.135.166&id=o-APGjFZnhtMkJxr2S6LKwx5n-UCpghVhre_LiyfpRuCzH&itag=248&aitags=133%2C134%2C135%2C136%2C137%2C160%2C242%2C243%2C244%2C247%2C248%2C278&source=youtube&requiressl=yes&mh=lb&mm=31%2C29&mn=sn-5njj-u2xl%2Csn-un57en7e&ms=au%2Crdu&mv=m&mvi=1&pl=16&gcr=tw&initcwndbps=508750&vprv=1&mime=video%2Fwebm&ns=XUOmUG29TVBDYr44-Xerxs8F&gir=yes&clen=5197540&dur=115.480&lmt=1601449637111632&mt=1608101795&fvip=1&keepalive=yes&c=WEB&txp=2311224&n=dNg941mUMGGTjlYOH&sparams=expire%2Cei%2Cip%2Cid%2Caitags%2Csource%2Crequiressl%2Cgcr%2Cvprv%2Cmime%2Cns%2Cgir%2Cclen%2Cdur%2Clmt&lsparams=mh%2Cmm%2Cmn%2Cms%2Cmv%2Cmvi%2Cpl%2Cinitcwndbps&lsig=AG3C_xAwRgIhAJpHYvhyB5Ntx7lawtIBNf69EPdI9WqvpeVDDqkUxr79AiEArCJu7CcETZ-oma43Zuhrx3Fs-ErdDAz0L334jYXxmRk%3D&sig=AOq0QJ8wRQIgBV3ZCZtMNuoWQUeqPnOmCzK7u6Ia_NKrvBSN6quh5jMCIQD4fISJGb5eoynaBk0kiFJSHHmHP6Ds-07IBaYMi85aeQ==&ratebypass=yes", "player_url": "/s/player/62f90c99/player_ias.vflset/en_US/base.js", "ext": "webm", "height": 1080, "format_note": "1080p", "vcodec": "vp9", "asr": null, "filesize": 5197540, "fps": 25, "tbr": 631.363, "width": 1080, "acodec": "none", "downloader_options": {"http_chunk_size": 10485760}, "format": "248 - 1080x1080 (1080p)", "protocol": "https", "http_headers": {"User-Agent": "Mozilla/5.0 (Windows NT 10.0; Win64; x64) AppleWebKit/537.36 (KHTML, like Gecko) Chrome/74.0.3726.1 Safari/537.36", "Accept-Charset": "ISO-8859-1,utf-8;q=0.7,*;q=0.7", "Accept": "text/html,application/xhtml+xml,application/xml;q=0.9,*/*;q=0.8", "Accept-Encoding": "gzip, deflate", "Accept-Language": "en-us,en;q=0.5"}}, {"format_id": "18", "url": "https://r1---sn-5njj-u2xl.googlevideo.com/videoplayback?expire=1608123753&ei=CbHZX-GSD83DrQTfiaWYBQ&ip=140.109.135.166&id=o-APGjFZnhtMkJxr2S6LKwx5n-UCpghVhre_LiyfpRuCzH&itag=18&source=youtube&requiressl=yes&mh=lb&mm=31%2C29&mn=sn-5njj-u2xl%2Csn-un57en7e&ms=au%2Crdu&mv=m&mvi=1&pl=16&gcr=tw&initcwndbps=508750&vprv=1&mime=video%2Fmp4&ns=94wXZ-7Cniq5M1DsR8vLKsoF&gir=yes&clen=1752905&ratebypass=yes&dur=115.542&lmt=1601447959326220&mt=1608101795&fvip=1&c=WEB&txp=2310222&n=0V5CgpQYXn0LNT0IE&sparams=expire%2Cei%2Cip%2Cid%2Citag%2Csource%2Crequiressl%2Cgcr%2Cvprv%2Cmime%2Cns%2Cgir%2Cclen%2Cratebypass%2Cdur%2Clmt&lsparams=mh%2Cmm%2Cmn%2Cms%2Cmv%2Cmvi%2Cpl%2Cinitcwndbps&lsig=AG3C_xAwRgIhAIFdLFQn1p2Lt5kM-cFmf-8DufAjT0Y-PkV3niuR2fELAiEA4_qodvJdVy4jtyY8esdtT2efFZmzVDb_sypuNTZkZvU%3D&sig=AOq0QJ8wRQIhAPJ9Zc8ESUYWVST16zDbES80RY-ENa2xQb1B2IiE3-UUAiAs00XGLu-7RM8Cp8ZGX_w2q2H_ORI41_wdOYpBk9xOPQ==", "player_url": "/s/player/62f90c99/player_ias.vflset/en_US/base.js", "ext": "mp4", "width": 360, "height": 360, "acodec": "mp4a.40.2", "abr": 96, "vcodec": "avc1.42001E", "asr": 44100, "filesize": 1752905, "format_note": "360p", "fps": 25, "tbr": 121.434, "format": "18 - 360x360 (360p)", "protocol": "https", "http_headers": {"User-Agent": "Mozilla/5.0 (Windows NT 10.0; Win64; x64) AppleWebKit/537.36 (KHTML, like Gecko) Chrome/74.0.3726.1 Safari/537.36", "Accept-Charset": "ISO-8859-1,utf-8;q=0.7,*;q=0.7", "Accept": "text/html,application/xhtml+xml,application/xml;q=0.9,*/*;q=0.8", "Accept-Encoding": "gzip, deflate", "Accept-Language": "en-us,en;q=0.5"}}], "is_live": null, "start_time": null, "end_time": null, "series": null, "season_number": null, "episode_number": null, "track": "Belonging", "artist": "Blissful Radiance", "album": "Future Self", "release_date": "20201016", "release_year": 2020, "extractor": "youtube", "webpage_url_basename": "watch", "extractor_key": "Youtube", "playlist": null, "playlist_index": null, "thumbnail": "https://i.ytimg.com/vi_webp/xIsvaT20pZ0/maxresdefault.webp", "display_id": "xIsvaT20pZ0", "requested_subtitles": null, "format_id": "251", "url": "https://r1---sn-5njj-u2xl.googlevideo.com/videoplayback?expire=1608123753&ei=CbHZX-GSD83DrQTfiaWYBQ&ip=140.109.135.166&id=o-APGjFZnhtMkJxr2S6LKwx5n-UCpghVhre_LiyfpRuCzH&itag=251&source=youtube&requiressl=yes&mh=lb&mm=31%2C29&mn=sn-5njj-u2xl%2Csn-un57en7e&ms=au%2Crdu&mv=m&mvi=1&pl=16&gcr=tw&initcwndbps=508750&vprv=1&mime=audio%2Fwebm&ns=XUOmUG29TVBDYr44-Xerxs8F&gir=yes&clen=2255647&dur=115.501&lmt=1601449331717680&mt=1608101795&fvip=1&keepalive=yes&c=WEB&txp=2311224&n=dNg941mUMGGTjlYOH&sparams=expire%2Cei%2Cip%2Cid%2Citag%2Csource%2Crequiressl%2Cgcr%2Cvprv%2Cmime%2Cns%2Cgir%2Cclen%2Cdur%2Clmt&lsparams=mh%2Cmm%2Cmn%2Cms%2Cmv%2Cmvi%2Cpl%2Cinitcwndbps&lsig=AG3C_xAwRgIhANoYCNUVms3hcdME8zIj5eiuZ92K9ewS-HQEXJfRIcSSAiEAhlgPsMeBkS2Uzq1Gy1mlHEYFWaFuYKOhvCs3kCTUVoA%3D&sig=AOq0QJ8wRgIhAJR4sx1pZ4B6oIaF6KpMWznVojhFy_5avY3_9VSfXSZzAiEA7VToa2xLSxGpRe8prgBMQ3GOEpcgJkg10a7TY1sRMmQ=&ratebypass=yes", "player_url": "/s/player/62f90c99/player_ias.vflset/en_US/base.js", "ext": "webm", "format_note": "tiny", "acodec": "opus", "abr": 160, "asr": 48000, "filesize": 2255647, "fps": null, "height": null, "tbr": 168.121, "width": null, "vcodec": "none", "downloader_options": {"http_chunk_size": 10485760}, "format": "251 - audio only (tiny)", "protocol": "https", "http_headers": {"User-Agent": "Mozilla/5.0 (Windows NT 10.0; Win64; x64) AppleWebKit/537.36 (KHTML, like Gecko) Chrome/74.0.3726.1 Safari/537.36", "Accept-Charset": "ISO-8859-1,utf-8;q=0.7,*;q=0.7", "Accept": "text/html,application/xhtml+xml,application/xml;q=0.9,*/*;q=0.8", "Accept-Encoding": "gzip, deflate", "Accept-Language": "en-us,en;q=0.5"}}