{"id": "-_FjI4bT2Wo", "uploader": "Matthew-Keane Q Wang - Topic", "uploader_id": "UCbEDl9v513g3AR8I4L47tLA", "uploader_url": "http://www.youtube.com/channel/UCbEDl9v513g3AR8I4L47tLA", "channel_id": "UCbEDl9v513g3AR8I4L47tLA", "channel_url": "http://www.youtube.com/channel/UCbEDl9v513g3AR8I4L47tLA", "upload_date": "20201008", "license": null, "creator": "Matthew-Keane Q Wang", "title": "Remembering the Beginning", "alt_title": "Remembering the Beginning", "thumbnails": [{"url": "https://i.ytimg.com/vi/-_FjI4bT2Wo/hqdefault.jpg?sqp=-oaymwEYCKgBEF5IVfKriqkDCwgBFQAAiEIYAXAB&rs=AOn4CLBj-yfeKgHGqmjXNqlQL5SpyTHhKA", "width": 168, "height": 94, "resolution": "168x94", "id": "0"}, {"url": "https://i.ytimg.com/vi/-_FjI4bT2Wo/hqdefault.jpg?sqp=-oaymwEYCMQBEG5IVfKriqkDCwgBFQAAiEIYAXAB&rs=AOn4CLAR8VdoP_vToErtpjqv88l8a_dwIg", "width": 196, "height": 110, "resolution": "196x110", "id": "1"}, {"url": "https://i.ytimg.com/vi/-_FjI4bT2Wo/hqdefault.jpg?sqp=-oaymwEZCPYBEIoBSFXyq4qpAwsIARUAAIhCGAFwAQ==&rs=AOn4CLAJKYQTYzq1Ti1lVlilmy8pqACLdg", "width": 246, "height": 138, "resolution": "246x138", "id": "2"}, {"url": "https://i.ytimg.com/vi/-_FjI4bT2Wo/hqdefault.jpg?sqp=-oaymwEZCNACELwBSFXyq4qpAwsIARUAAIhCGAFwAQ==&rs=AOn4CLD89DbQNCTJG1AKlco60l5pEbSXwA", "width": 336, "height": 188, "resolution": "336x188", "id": "3"}, {"url": "https://i.ytimg.com/vi_webp/-_FjI4bT2Wo/maxresdefault.webp", "width": 1920, "height": 1080, "resolution": "1920x1080", "id": "4"}], "description": "Provided to YouTube by TuneCore\n\nRemembering the Beginning \u00b7 Matthew-Keane Q Wang\n\nForgotten Road\n\n\u2117 2020 Dream Relaxation\n\nReleased on: 2020-10-09\n\nAuto-generated by YouTube.", "categories": ["Music"], "tags": ["Matthew-Keane Q Wang", "Forgotten Road", "Remembering the Beginning"], "subtitles": {}, "automatic_captions": {}, "duration": 124, "age_limit": 0, "annotations": null, "chapters": null, "webpage_url": "https://www.youtube.com/watch?v=-_FjI4bT2Wo", "view_count": 62, "like_count": 2, "dislike_count": null, "average_rating": 5.0, "formats": [{"format_id": "249", "url": "https://r3---sn-5njj-u2xe.googlevideo.com/videoplayback?expire=1608123794&ei=MrHZX_bbKZe2gQPsubzYBw&ip=140.109.135.166&id=o-ACZGGEFm9fLnLHTYHamsQOHIDk98Pi_sAgXaB6jqOVKd&itag=249&source=youtube&requiressl=yes&mh=dF&mm=31%2C29&mn=sn-5njj-u2xe%2Csn-un57en7s&ms=au%2Crdu&mv=m&mvi=3&pl=16&gcr=tw&initcwndbps=385000&vprv=1&mime=audio%2Fwebm&ns=aV67C8-lyXurJY6ZlfjdOYIF&gir=yes&clen=874975&dur=123.661&lmt=1601029336512261&mt=1608101795&fvip=3&keepalive=yes&c=WEB&txp=2311224&n=5pXN61UCxLCAR3nQH&sparams=expire%2Cei%2Cip%2Cid%2Citag%2Csource%2Crequiressl%2Cgcr%2Cvprv%2Cmime%2Cns%2Cgir%2Cclen%2Cdur%2Clmt&lsparams=mh%2Cmm%2Cmn%2Cms%2Cmv%2Cmvi%2Cpl%2Cinitcwndbps&lsig=AG3C_xAwRgIhAJkgV0HtHys1N492REUg1d7118bQFW8lFERp_NLHjbDdAiEAzPk6CKrxvGADJddDc36SDDR7jtz7t9HG6I3Vxsh-b70%3D&sig=AOq0QJ8wRQIga39TYzPg4aSN4w7Lah_Q-6gdq044XCK3l9n22K2912sCIQD2M6Z2zBHZwR0dvvAygIIx05Osvey6-7hVupp9qYKShw==&ratebypass=yes", "player_url": "/s/player/62f90c99/player_ias.vflset/en_US/base.js", "ext": "webm", "format_note": "tiny", "acodec": "opus", "abr": 50, "asr": 48000, "filesize": 874975, "fps": null, "height": null, "tbr": 60.394, "width": null, "vcodec": "none", "downloader_options": {"http_chunk_size": 10485760}, "format": "249 - audio only (tiny)", "protocol": "https", "http_headers": {"User-Agent": "Mozilla/5.0 (Windows NT 10.0; Win64; x64) AppleWebKit/537.36 (KHTML, like Gecko) Chrome/70.0.3538.112 Safari/537.36", "Accept-Charset": "ISO-8859-1,utf-8;q=0.7,*;q=0.7", "Accept": "text/html,application/xhtml+xml,application/xml;q=0.9,*/*;q=0.8", "Accept-Encoding": "gzip, deflate", "Accept-Language": "en-us,en;q=0.5"}}, {"format_id": "250", "url": "https://r3---sn-5njj-u2xe.googlevideo.com/videoplayback?expire=1608123794&ei=MrHZX_bbKZe2gQPsubzYBw&ip=140.109.135.166&id=o-ACZGGEFm9fLnLHTYHamsQOHIDk98Pi_sAgXaB6jqOVKd&itag=250&source=youtube&requiressl=yes&mh=dF&mm=31%2C29&mn=sn-5njj-u2xe%2Csn-un57en7s&ms=au%2Crdu&mv=m&mvi=3&pl=16&gcr=tw&initcwndbps=385000&vprv=1&mime=audio%2Fwebm&ns=aV67C8-lyXurJY6ZlfjdOYIF&gir=yes&clen=1143805&dur=123.661&lmt=1601029336503908&mt=1608101795&fvip=3&keepalive=yes&c=WEB&txp=2311224&n=5pXN61UCxLCAR3nQH&sparams=expire%2Cei%2Cip%2Cid%2Citag%2Csource%2Crequiressl%2Cgcr%2Cvprv%2Cmime%2Cns%2Cgir%2Cclen%2Cdur%2Clmt&lsparams=mh%2Cmm%2Cmn%2Cms%2Cmv%2Cmvi%2Cpl%2Cinitcwndbps&lsig=AG3C_xAwRQIhAKZgQyyW4TWJ4latTjHUd-ERq7-ojWNHTaSEO7Ms2z5lAiBfBjTZduN9SOCkNh0DhADHEzXXzh6hc5dDYxGAA4vl6A%3D%3D&sig=AOq0QJ8wRgIhAJQlET5pIdV0LYgz_kLj4cX2HmIqOClw9Bu-0xjD3miVAiEAk9VhrSKkE-jscq2YPY-2rmAQZAG0GBsKJH3mg2M1kfI=&ratebypass=yes", "player_url": "/s/player/62f90c99/player_ias.vflset/en_US/base.js", "ext": "webm", "format_note": "tiny", "acodec": "opus", "abr": 70, "asr": 48000, "filesize": 1143805, "fps": null, "height": null, "tbr": 78.024, "width": null, "vcodec": "none", "downloader_options": {"http_chunk_size": 10485760}, "format": "250 - audio only (tiny)", "protocol": "https", "http_headers": {"User-Agent": "Mozilla/5.0 (Windows NT 10.0; Win64; x64) AppleWebKit/537.36 (KHTML, like Gecko) Chrome/70.0.3538.112 Safari/537.36", "Accept-Charset": "ISO-8859-1,utf-8;q=0.7,*;q=0.7", "Accept": "text/html,application/xhtml+xml,application/xml;q=0.9,*/*;q=0.8", "Accept-Encoding": "gzip, deflate", "Accept-Language": "en-us,en;q=0.5"}}, {"format_id": "140", "url": "https://r3---sn-5njj-u2xe.googlevideo.com/videoplayback?expire=1608123794&ei=MrHZX_bbKZe2gQPsubzYBw&ip=140.109.135.166&id=o-ACZGGEFm9fLnLHTYHamsQOHIDk98Pi_sAgXaB6jqOVKd&itag=140&source=youtube&requiressl=yes&mh=dF&mm=31%2C29&mn=sn-5njj-u2xe%2Csn-un57en7s&ms=au%2Crdu&mv=m&mvi=3&pl=16&gcr=tw&initcwndbps=385000&vprv=1&mime=audio%2Fmp4&ns=aV67C8-lyXurJY6ZlfjdOYIF&gir=yes&clen=2003528&dur=123.650&lmt=1601028377435065&mt=1608101795&fvip=3&keepalive=yes&c=WEB&txp=2311222&n=5pXN61UCxLCAR3nQH&sparams=expire%2Cei%2Cip%2Cid%2Citag%2Csource%2Crequiressl%2Cgcr%2Cvprv%2Cmime%2Cns%2Cgir%2Cclen%2Cdur%2Clmt&lsparams=mh%2Cmm%2Cmn%2Cms%2Cmv%2Cmvi%2Cpl%2Cinitcwndbps&lsig=AG3C_xAwRQIhAPHHQjcusImW0f8FaI06DjlU1ZU-a0T7dYPxB3xFjQvFAiA4tmHpJ5X164uOy9xJwrqPF0weaS9LOg9Gv8L964psHA%3D%3D&sig=AOq0QJ8wRQIgFZGOQ_zJ0k4fyXatzee10wJRRu99fKYfLJBdN97FlHkCIQDLv2f4R3ROnoPh2Zl85dAPkHFsbt6JcsVhAos90ozI2g==&ratebypass=yes", "player_url": "/s/player/62f90c99/player_ias.vflset/en_US/base.js", "ext": "m4a", "format_note": "tiny", "acodec": "mp4a.40.2", "abr": 128, "container": "m4a_dash", "asr": 44100, "filesize": 2003528, "fps": null, "height": null, "tbr": 130.954, "width": null, "vcodec": "none", "downloader_options": {"http_chunk_size": 10485760}, "format": "140 - audio only (tiny)", "protocol": "https", "http_headers": {"User-Agent": "Mozilla/5.0 (Windows NT 10.0; Win64; x64) AppleWebKit/537.36 (KHTML, like Gecko) Chrome/70.0.3538.112 Safari/537.36", "Accept-Charset": "ISO-8859-1,utf-8;q=0.7,*;q=0.7", "Accept": "text/html,application/xhtml+xml,application/xml;q=0.9,*/*;q=0.8", "Accept-Encoding": "gzip, deflate", "Accept-Language": "en-us,en;q=0.5"}}, {"format_id": "251", "url": "https://r3---sn-5njj-u2xe.googlevideo.com/videoplayback?expire=1608123794&ei=MrHZX_bbKZe2gQPsubzYBw&ip=140.109.135.166&id=o-ACZGGEFm9fLnLHTYHamsQOHIDk98Pi_sAgXaB6jqOVKd&itag=251&source=youtube&requiressl=yes&mh=dF&mm=31%2C29&mn=sn-5njj-u2xe%2Csn-un57en7s&ms=au%2Crdu&mv=m&mvi=3&pl=16&gcr=tw&initcwndbps=385000&vprv=1&mime=audio%2Fwebm&ns=aV67C8-lyXurJY6ZlfjdOYIF&gir=yes&clen=2265972&dur=123.661&lmt=1601029336533821&mt=1608101795&fvip=3&keepalive=yes&c=WEB&txp=2311224&n=5pXN61UCxLCAR3nQH&sparams=expire%2Cei%2Cip%2Cid%2Citag%2Csource%2Crequiressl%2Cgcr%2Cvprv%2Cmime%2Cns%2Cgir%2Cclen%2Cdur%2Clmt&lsparams=mh%2Cmm%2Cmn%2Cms%2Cmv%2Cmvi%2Cpl%2Cinitcwndbps&lsig=AG3C_xAwRAIgCOgCDO-1PpyXqLmMR8zvmunVahnVehZRc7kRo8MqNY8CIHI7dBYst4WqEL_TMcfa4vD9wtze-mq5u7QO3zmBpD9r&sig=AOq0QJ8wRAIgWwq1fKqH3CHz2MHpc7E_UR6tKr1Tr3bIz5DklNdlqXwCIAKQuctTYMeWvJp5JngHIU9rqdZLL4Cm3KgPANGCTg47&ratebypass=yes", "player_url": "/s/player/62f90c99/player_ias.vflset/en_US/base.js", "ext": "webm", "format_note": "tiny", "acodec": "opus", "abr": 160, "asr": 48000, "filesize": 2265972, "fps": null, "height": null, "tbr": 152.818, "width": null, "vcodec": "none", "downloader_options": {"http_chunk_size": 10485760}, "format": "251 - audio only (tiny)", "protocol": "https", "http_headers": {"User-Agent": "Mozilla/5.0 (Windows NT 10.0; Win64; x64) AppleWebKit/537.36 (KHTML, like Gecko) Chrome/70.0.3538.112 Safari/537.36", "Accept-Charset": "ISO-8859-1,utf-8;q=0.7,*;q=0.7", "Accept": "text/html,application/xhtml+xml,application/xml;q=0.9,*/*;q=0.8", "Accept-Encoding": "gzip, deflate", "Accept-Language": "en-us,en;q=0.5"}}, {"format_id": "278", "url": "https://r3---sn-5njj-u2xe.googlevideo.com/videoplayback?expire=1608123794&ei=MrHZX_bbKZe2gQPsubzYBw&ip=140.109.135.166&id=o-ACZGGEFm9fLnLHTYHamsQOHIDk98Pi_sAgXaB6jqOVKd&itag=278&aitags=133%2C134%2C135%2C136%2C137%2C160%2C242%2C243%2C244%2C247%2C248%2C278&source=youtube&requiressl=yes&mh=dF&mm=31%2C29&mn=sn-5njj-u2xe%2Csn-un57en7s&ms=au%2Crdu&mv=m&mvi=3&pl=16&gcr=tw&initcwndbps=385000&vprv=1&mime=video%2Fwebm&ns=aV67C8-lyXurJY6ZlfjdOYIF&gir=yes&clen=293015&dur=123.640&lmt=1601029350464366&mt=1608101795&fvip=3&keepalive=yes&c=WEB&txp=2311224&n=5pXN61UCxLCAR3nQH&sparams=expire%2Cei%2Cip%2Cid%2Caitags%2Csource%2Crequiressl%2Cgcr%2Cvprv%2Cmime%2Cns%2Cgir%2Cclen%2Cdur%2Clmt&lsparams=mh%2Cmm%2Cmn%2Cms%2Cmv%2Cmvi%2Cpl%2Cinitcwndbps&lsig=AG3C_xAwRgIhAO0xudRl8LbBmIX7WWKRjdKxhPITI1KsyaRVOn4sWj93AiEAwGIZHAKFaDYVywfezr1_BdzMS05O2Y9KnWEHoas_Nac%3D&sig=AOq0QJ8wRAIgYnDPbwA4C_QoTnZ1jnBB7VhO8jVKMASAblxmnxG4qCkCIENpEG8F3yCL1MHHW55LU8eI82Qmxl96t3ATFb4cxiXB&ratebypass=yes", "player_url": "/s/player/62f90c99/player_ias.vflset/en_US/base.js", "ext": "webm", "height": 144, "format_note": "144p", "container": "webm", "vcodec": "vp9", "asr": null, "filesize": 293015, "fps": 25, "tbr": 19.981, "width": 144, "acodec": "none", "downloader_options": {"http_chunk_size": 10485760}, "format": "278 - 144x144 (144p)", "protocol": "https", "http_headers": {"User-Agent": "Mozilla/5.0 (Windows NT 10.0; Win64; x64) AppleWebKit/537.36 (KHTML, like Gecko) Chrome/70.0.3538.112 Safari/537.36", "Accept-Charset": "ISO-8859-1,utf-8;q=0.7,*;q=0.7", "Accept": "text/html,application/xhtml+xml,application/xml;q=0.9,*/*;q=0.8", "Accept-Encoding": "gzip, deflate", "Accept-Language": "en-us,en;q=0.5"}}, {"format_id": "242", "url": "https://r3---sn-5njj-u2xe.googlevideo.com/videoplayback?expire=1608123794&ei=MrHZX_bbKZe2gQPsubzYBw&ip=140.109.135.166&id=o-ACZGGEFm9fLnLHTYHamsQOHIDk98Pi_sAgXaB6jqOVKd&itag=242&aitags=133%2C134%2C135%2C136%2C137%2C160%2C242%2C243%2C244%2C247%2C248%2C278&source=youtube&requiressl=yes&mh=dF&mm=31%2C29&mn=sn-5njj-u2xe%2Csn-un57en7s&ms=au%2Crdu&mv=m&mvi=3&pl=16&gcr=tw&initcwndbps=385000&vprv=1&mime=video%2Fwebm&ns=aV67C8-lyXurJY6ZlfjdOYIF&gir=yes&clen=575731&dur=123.640&lmt=1601029350415812&mt=1608101795&fvip=3&keepalive=yes&c=WEB&txp=2311224&n=5pXN61UCxLCAR3nQH&sparams=expire%2Cei%2Cip%2Cid%2Caitags%2Csource%2Crequiressl%2Cgcr%2Cvprv%2Cmime%2Cns%2Cgir%2Cclen%2Cdur%2Clmt&lsparams=mh%2Cmm%2Cmn%2Cms%2Cmv%2Cmvi%2Cpl%2Cinitcwndbps&lsig=AG3C_xAwRQIgHWHcTfDmVum8V-iWhrlM4BVZUiEuf7jCYlSDEdRLxGUCIQCaVDIc9n6BHsQEhrhizccZUAYsvj4iVVJIAYKw_sA4_w%3D%3D&sig=AOq0QJ8wRQIgRPzO3F4K42B5UCw-JkeOQ_sZd6dozUB2XC7nFmclziYCIQCNRNUr3JnyzyqEdFSa-yAtqyXegM574w8xxKcqdz_gHg==&ratebypass=yes", "player_url": "/s/player/62f90c99/player_ias.vflset/en_US/base.js", "ext": "webm", "height": 240, "format_note": "240p", "vcodec": "vp9", "asr": null, "filesize": 575731, "fps": 25, "tbr": 41.078, "width": 240, "acodec": "none", "downloader_options": {"http_chunk_size": 10485760}, "format": "242 - 240x240 (240p)", "protocol": "https", "http_headers": {"User-Agent": "Mozilla/5.0 (Windows NT 10.0; Win64; x64) AppleWebKit/537.36 (KHTML, like Gecko) Chrome/70.0.3538.112 Safari/537.36", "Accept-Charset": "ISO-8859-1,utf-8;q=0.7,*;q=0.7", "Accept": "text/html,application/xhtml+xml,application/xml;q=0.9,*/*;q=0.8", "Accept-Encoding": "gzip, deflate", "Accept-Language": "en-us,en;q=0.5"}}, {"format_id": "160", "url": "https://r3---sn-5njj-u2xe.googlevideo.com/videoplayback?expire=1608123794&ei=MrHZX_bbKZe2gQPsubzYBw&ip=140.109.135.166&id=o-ACZGGEFm9fLnLHTYHamsQOHIDk98Pi_sAgXaB6jqOVKd&itag=160&aitags=133%2C134%2C135%2C136%2C137%2C160%2C242%2C243%2C244%2C247%2C248%2C278&source=youtube&requiressl=yes&mh=dF&mm=31%2C29&mn=sn-5njj-u2xe%2Csn-un57en7s&ms=au%2Crdu&mv=m&mvi=3&pl=16&gcr=tw&initcwndbps=385000&vprv=1&mime=video%2Fmp4&ns=aV67C8-lyXurJY6ZlfjdOYIF&gir=yes&clen=678025&dur=123.640&lmt=1601028805850335&mt=1608101795&fvip=3&keepalive=yes&c=WEB&txp=2311222&n=5pXN61UCxLCAR3nQH&sparams=expire%2Cei%2Cip%2Cid%2Caitags%2Csource%2Crequiressl%2Cgcr%2Cvprv%2Cmime%2Cns%2Cgir%2Cclen%2Cdur%2Clmt&lsparams=mh%2Cmm%2Cmn%2Cms%2Cmv%2Cmvi%2Cpl%2Cinitcwndbps&lsig=AG3C_xAwRAIgYXrRMQN_4j1ScO6dmM3-3f3PtjgqiDlfZ3_WYmzOAkYCIGcEzYloN7oKxXaamFd8eRMGL3H-GYyLly9Tw-I5_AZ-&sig=AOq0QJ8wRAIgP9GWyiqbO3szPAHh0KwfdFwaw7jOYSzkg_X9eK3LIQ4CIAjzsu_YRtV-dS7s3vIqYVs0ii6wHHAOPRuVctOOtori&ratebypass=yes", "player_url": "/s/player/62f90c99/player_ias.vflset/en_US/base.js", "ext": "mp4", "height": 144, "format_note": "144p", "vcodec": "avc1.4d400b", "asr": null, "filesize": 678025, "fps": 25, "tbr": 48.8, "width": 144, "acodec": "none", "downloader_options": {"http_chunk_size": 10485760}, "format": "160 - 144x144 (144p)", "protocol": "https", "http_headers": {"User-Agent": "Mozilla/5.0 (Windows NT 10.0; Win64; x64) AppleWebKit/537.36 (KHTML, like Gecko) Chrome/70.0.3538.112 Safari/537.36", "Accept-Charset": "ISO-8859-1,utf-8;q=0.7,*;q=0.7", "Accept": "text/html,application/xhtml+xml,application/xml;q=0.9,*/*;q=0.8", "Accept-Encoding": "gzip, deflate", "Accept-Language": "en-us,en;q=0.5"}}, {"format_id": "243", "url": "https://r3---sn-5njj-u2xe.googlevideo.com/videoplayback?expire=1608123794&ei=MrHZX_bbKZe2gQPsubzYBw&ip=140.109.135.166&id=o-ACZGGEFm9fLnLHTYHamsQOHIDk98Pi_sAgXaB6jqOVKd&itag=243&aitags=133%2C134%2C135%2C136%2C137%2C160%2C242%2C243%2C244%2C247%2C248%2C278&source=youtube&requiressl=yes&mh=dF&mm=31%2C29&mn=sn-5njj-u2xe%2Csn-un57en7s&ms=au%2Crdu&mv=m&mvi=3&pl=16&gcr=tw&initcwndbps=385000&vprv=1&mime=video%2Fwebm&ns=aV67C8-lyXurJY6ZlfjdOYIF&gir=yes&clen=1142332&dur=123.640&lmt=1601029350475155&mt=1608101795&fvip=3&keepalive=yes&c=WEB&txp=2311224&n=5pXN61UCxLCAR3nQH&sparams=expire%2Cei%2Cip%2Cid%2Caitags%2Csource%2Crequiressl%2Cgcr%2Cvprv%2Cmime%2Cns%2Cgir%2Cclen%2Cdur%2Clmt&lsparams=mh%2Cmm%2Cmn%2Cms%2Cmv%2Cmvi%2Cpl%2Cinitcwndbps&lsig=AG3C_xAwRgIhAPgBkiZTKiyTua_qfVuxut_te3UM5UXdiWZzD0CV7dSvAiEAjREJBRe77MakZcfim-cFbjEoW5hfWv_ovukSYOBlaFQ%3D&sig=AOq0QJ8wRQIgGVgvAJPCmx8ed4VF6Eo_h6DmJFeGBmE_hxcghkKHI9ICIQCuBhSLX4vTd6u5xAvkyEFH_X9qVke3WCXpgeqZvSZj7w==&ratebypass=yes", "player_url": "/s/player/62f90c99/player_ias.vflset/en_US/base.js", "ext": "webm", "height": 360, "format_note": "360p", "vcodec": "vp9", "asr": null, "filesize": 1142332, "fps": 25, "tbr": 75.06, "width": 360, "acodec": "none", "downloader_options": {"http_chunk_size": 10485760}, "format": "243 - 360x360 (360p)", "protocol": "https", "http_headers": {"User-Agent": "Mozilla/5.0 (Windows NT 10.0; Win64; x64) AppleWebKit/537.36 (KHTML, like Gecko) Chrome/70.0.3538.112 Safari/537.36", "Accept-Charset": "ISO-8859-1,utf-8;q=0.7,*;q=0.7", "Accept": "text/html,application/xhtml+xml,application/xml;q=0.9,*/*;q=0.8", "Accept-Encoding": "gzip, deflate", "Accept-Language": "en-us,en;q=0.5"}}, {"format_id": "134", "url": "https://r3---sn-5njj-u2xe.googlevideo.com/videoplayback?expire=1608123794&ei=MrHZX_bbKZe2gQPsubzYBw&ip=140.109.135.166&id=o-ACZGGEFm9fLnLHTYHamsQOHIDk98Pi_sAgXaB6jqOVKd&itag=134&aitags=133%2C134%2C135%2C136%2C137%2C160%2C242%2C243%2C244%2C247%2C248%2C278&source=youtube&requiressl=yes&mh=dF&mm=31%2C29&mn=sn-5njj-u2xe%2Csn-un57en7s&ms=au%2Crdu&mv=m&mvi=3&pl=16&gcr=tw&initcwndbps=385000&vprv=1&mime=video%2Fmp4&ns=aV67C8-lyXurJY6ZlfjdOYIF&gir=yes&clen=1291560&dur=123.640&lmt=1601028805851222&mt=1608101795&fvip=3&keepalive=yes&c=WEB&txp=2311222&n=5pXN61UCxLCAR3nQH&sparams=expire%2Cei%2Cip%2Cid%2Caitags%2Csource%2Crequiressl%2Cgcr%2Cvprv%2Cmime%2Cns%2Cgir%2Cclen%2Cdur%2Clmt&lsparams=mh%2Cmm%2Cmn%2Cms%2Cmv%2Cmvi%2Cpl%2Cinitcwndbps&lsig=AG3C_xAwRAIgKwRUZHaPAK1GYboqRVR9ze2RWGadjeVorMX9uTS2dEoCIBYySNUlTTY7WUjKEm5NIEK36hZHElwfEUfhpYEwobwZ&sig=AOq0QJ8wRQIhAI1f0aWyjLsrdLAG1bQxzKVZsBwFq_oYbytybU9vZ7WwAiA29RYfjFkYl4YNYxFcLAeptR_rxjehU7Z2Q3K2CDX1IQ==&ratebypass=yes", "player_url": "/s/player/62f90c99/player_ias.vflset/en_US/base.js", "ext": "mp4", "height": 360, "format_note": "360p", "vcodec": "avc1.4d4015", "asr": null, "filesize": 1291560, "fps": 25, "tbr": 85.342, "width": 360, "acodec": "none", "downloader_options": {"http_chunk_size": 10485760}, "format": "134 - 360x360 (360p)", "protocol": "https", "http_headers": {"User-Agent": "Mozilla/5.0 (Windows NT 10.0; Win64; x64) AppleWebKit/537.36 (KHTML, like Gecko) Chrome/70.0.3538.112 Safari/537.36", "Accept-Charset": "ISO-8859-1,utf-8;q=0.7,*;q=0.7", "Accept": "text/html,application/xhtml+xml,application/xml;q=0.9,*/*;q=0.8", "Accept-Encoding": "gzip, deflate", "Accept-Language": "en-us,en;q=0.5"}}, {"format_id": "133", "url": "https://r3---sn-5njj-u2xe.googlevideo.com/videoplayback?expire=1608123794&ei=MrHZX_bbKZe2gQPsubzYBw&ip=140.109.135.166&id=o-ACZGGEFm9fLnLHTYHamsQOHIDk98Pi_sAgXaB6jqOVKd&itag=133&aitags=133%2C134%2C135%2C136%2C137%2C160%2C242%2C243%2C244%2C247%2C248%2C278&source=youtube&requiressl=yes&mh=dF&mm=31%2C29&mn=sn-5njj-u2xe%2Csn-un57en7s&ms=au%2Crdu&mv=m&mvi=3&pl=16&gcr=tw&initcwndbps=385000&vprv=1&mime=video%2Fmp4&ns=aV67C8-lyXurJY6ZlfjdOYIF&gir=yes&clen=1621206&dur=123.640&lmt=1601028805847986&mt=1608101795&fvip=3&keepalive=yes&c=WEB&txp=2311222&n=5pXN61UCxLCAR3nQH&sparams=expire%2Cei%2Cip%2Cid%2Caitags%2Csource%2Crequiressl%2Cgcr%2Cvprv%2Cmime%2Cns%2Cgir%2Cclen%2Cdur%2Clmt&lsparams=mh%2Cmm%2Cmn%2Cms%2Cmv%2Cmvi%2Cpl%2Cinitcwndbps&lsig=AG3C_xAwRQIhAKsv8-tXYMU8qYiGF3cKOGBQVTZRyoxoP4gVh-b2OOx_AiAmKYuvuTJ2uOVP6eYlDsua8tQbVdH6VZcu2f0I0s71Lw%3D%3D&sig=AOq0QJ8wRQIgLVRhMhvWSWg-6bJwiKiJAuR7TaPDb3lT9tfhygWQzIECIQD3y_l-mqFQkbN5zNSthvj2vBTd_BpOU_6ZeOo2Rbmx4A==&ratebypass=yes", "player_url": "/s/player/62f90c99/player_ias.vflset/en_US/base.js", "ext": "mp4", "height": 240, "format_note": "240p", "vcodec": "avc1.4d400c", "asr": null, "filesize": 1621206, "fps": 25, "tbr": 112.05, "width": 240, "acodec": "none", "downloader_options": {"http_chunk_size": 10485760}, "format": "133 - 240x240 (240p)", "protocol": "https", "http_headers": {"User-Agent": "Mozilla/5.0 (Windows NT 10.0; Win64; x64) AppleWebKit/537.36 (KHTML, like Gecko) Chrome/70.0.3538.112 Safari/537.36", "Accept-Charset": "ISO-8859-1,utf-8;q=0.7,*;q=0.7", "Accept": "text/html,application/xhtml+xml,application/xml;q=0.9,*/*;q=0.8", "Accept-Encoding": "gzip, deflate", "Accept-Language": "en-us,en;q=0.5"}}, {"format_id": "244", "url": "https://r3---sn-5njj-u2xe.googlevideo.com/videoplayback?expire=1608123794&ei=MrHZX_bbKZe2gQPsubzYBw&ip=140.109.135.166&id=o-ACZGGEFm9fLnLHTYHamsQOHIDk98Pi_sAgXaB6jqOVKd&itag=244&aitags=133%2C134%2C135%2C136%2C137%2C160%2C242%2C243%2C244%2C247%2C248%2C278&source=youtube&requiressl=yes&mh=dF&mm=31%2C29&mn=sn-5njj-u2xe%2Csn-un57en7s&ms=au%2Crdu&mv=m&mvi=3&pl=16&gcr=tw&initcwndbps=385000&vprv=1&mime=video%2Fwebm&ns=aV67C8-lyXurJY6ZlfjdOYIF&gir=yes&clen=2033268&dur=123.640&lmt=1601029350580280&mt=1608101795&fvip=3&keepalive=yes&c=WEB&txp=2311224&n=5pXN61UCxLCAR3nQH&sparams=expire%2Cei%2Cip%2Cid%2Caitags%2Csource%2Crequiressl%2Cgcr%2Cvprv%2Cmime%2Cns%2Cgir%2Cclen%2Cdur%2Clmt&lsparams=mh%2Cmm%2Cmn%2Cms%2Cmv%2Cmvi%2Cpl%2Cinitcwndbps&lsig=AG3C_xAwRQIgRvv4oI2b0hri41MYDDR5iY1zFoSSp0jH6M-_LK8ChDgCIQDvC67i83dQtUHL-clM7jm0Aq81sowLWNJOop5VfjaAmw%3D%3D&sig=AOq0QJ8wRQIhAKh76rLkzhA0hCb-SbXJYkjmAvqP_GM5WIawM3z4FgvbAiBGl4EN1bKRGweJbL5HNl8DLK96OEH1mKj_VeZf38w0qQ==&ratebypass=yes", "player_url": "/s/player/62f90c99/player_ias.vflset/en_US/base.js", "ext": "webm", "height": 480, "format_note": "480p", "vcodec": "vp9", "asr": null, "filesize": 2033268, "fps": 25, "tbr": 133.079, "width": 480, "acodec": "none", "downloader_options": {"http_chunk_size": 10485760}, "format": "244 - 480x480 (480p)", "protocol": "https", "http_headers": {"User-Agent": "Mozilla/5.0 (Windows NT 10.0; Win64; x64) AppleWebKit/537.36 (KHTML, like Gecko) Chrome/70.0.3538.112 Safari/537.36", "Accept-Charset": "ISO-8859-1,utf-8;q=0.7,*;q=0.7", "Accept": "text/html,application/xhtml+xml,application/xml;q=0.9,*/*;q=0.8", "Accept-Encoding": "gzip, deflate", "Accept-Language": "en-us,en;q=0.5"}}, {"format_id": "135", "url": "https://r3---sn-5njj-u2xe.googlevideo.com/videoplayback?expire=1608123794&ei=MrHZX_bbKZe2gQPsubzYBw&ip=140.109.135.166&id=o-ACZGGEFm9fLnLHTYHamsQOHIDk98Pi_sAgXaB6jqOVKd&itag=135&aitags=133%2C134%2C135%2C136%2C137%2C160%2C242%2C243%2C244%2C247%2C248%2C278&source=youtube&requiressl=yes&mh=dF&mm=31%2C29&mn=sn-5njj-u2xe%2Csn-un57en7s&ms=au%2Crdu&mv=m&mvi=3&pl=16&gcr=tw&initcwndbps=385000&vprv=1&mime=video%2Fmp4&ns=aV67C8-lyXurJY6ZlfjdOYIF&gir=yes&clen=2546915&dur=123.640&lmt=1601028805888654&mt=1608101795&fvip=3&keepalive=yes&c=WEB&txp=2311222&n=5pXN61UCxLCAR3nQH&sparams=expire%2Cei%2Cip%2Cid%2Caitags%2Csource%2Crequiressl%2Cgcr%2Cvprv%2Cmime%2Cns%2Cgir%2Cclen%2Cdur%2Clmt&lsparams=mh%2Cmm%2Cmn%2Cms%2Cmv%2Cmvi%2Cpl%2Cinitcwndbps&lsig=AG3C_xAwRgIhANYGieifqiE4vhuH5T_z9ca32kmm1r5v_36SO1mhgR6IAiEA6H3Ywrt8-eFklY-YmBXW7vmXqa3X5sBuhIT4j3Som1I%3D&sig=AOq0QJ8wRgIhAPjT0AE0O3HKvfuPTG8JNoZrxOsriXPiLGziQgALT_y1AiEAh9S5LJciDIITKM7lUFOMluGCkw2QTU737RmtDHcye5c=&ratebypass=yes", "player_url": "/s/player/62f90c99/player_ias.vflset/en_US/base.js", "ext": "mp4", "height": 480, "format_note": "480p", "vcodec": "avc1.4d401e", "asr": null, "filesize": 2546915, "fps": 25, "tbr": 167.687, "width": 480, "acodec": "none", "downloader_options": {"http_chunk_size": 10485760}, "format": "135 - 480x480 (480p)", "protocol": "https", "http_headers": {"User-Agent": "Mozilla/5.0 (Windows NT 10.0; Win64; x64) AppleWebKit/537.36 (KHTML, like Gecko) Chrome/70.0.3538.112 Safari/537.36", "Accept-Charset": "ISO-8859-1,utf-8;q=0.7,*;q=0.7", "Accept": "text/html,application/xhtml+xml,application/xml;q=0.9,*/*;q=0.8", "Accept-Encoding": "gzip, deflate", "Accept-Language": "en-us,en;q=0.5"}}, {"format_id": "247", "url": "https://r3---sn-5njj-u2xe.googlevideo.com/videoplayback?expire=1608123794&ei=MrHZX_bbKZe2gQPsubzYBw&ip=140.109.135.166&id=o-ACZGGEFm9fLnLHTYHamsQOHIDk98Pi_sAgXaB6jqOVKd&itag=247&aitags=133%2C134%2C135%2C136%2C137%2C160%2C242%2C243%2C244%2C247%2C248%2C278&source=youtube&requiressl=yes&mh=dF&mm=31%2C29&mn=sn-5njj-u2xe%2Csn-un57en7s&ms=au%2Crdu&mv=m&mvi=3&pl=16&gcr=tw&initcwndbps=385000&vprv=1&mime=video%2Fwebm&ns=aV67C8-lyXurJY6ZlfjdOYIF&gir=yes&clen=4410249&dur=123.640&lmt=1601029350804506&mt=1608101795&fvip=3&keepalive=yes&c=WEB&txp=2311224&n=5pXN61UCxLCAR3nQH&sparams=expire%2Cei%2Cip%2Cid%2Caitags%2Csource%2Crequiressl%2Cgcr%2Cvprv%2Cmime%2Cns%2Cgir%2Cclen%2Cdur%2Clmt&lsparams=mh%2Cmm%2Cmn%2Cms%2Cmv%2Cmvi%2Cpl%2Cinitcwndbps&lsig=AG3C_xAwRQIgDa5kLbD6aPU82WGZHyyniByrE9VXC5VY520eYDrUBHACIQDA2Yvs3Jj85J5OeZJ13F6lEb5wF8Eo0WOnurif1_VdJw%3D%3D&sig=AOq0QJ8wRgIhAJ5eLvlbiWUbwM7pOnXws4qMjXeAABNNuQUrojpnkgrHAiEAgDMeFi47jIwu53uZptOwvHYWUkSUlDZ8t55Hr4ZO234=&ratebypass=yes", "player_url": "/s/player/62f90c99/player_ias.vflset/en_US/base.js", "ext": "webm", "height": 720, "format_note": "720p", "vcodec": "vp9", "asr": null, "filesize": 4410249, "fps": 25, "tbr": 286.929, "width": 720, "acodec": "none", "downloader_options": {"http_chunk_size": 10485760}, "format": "247 - 720x720 (720p)", "protocol": "https", "http_headers": {"User-Agent": "Mozilla/5.0 (Windows NT 10.0; Win64; x64) AppleWebKit/537.36 (KHTML, like Gecko) Chrome/70.0.3538.112 Safari/537.36", "Accept-Charset": "ISO-8859-1,utf-8;q=0.7,*;q=0.7", "Accept": "text/html,application/xhtml+xml,application/xml;q=0.9,*/*;q=0.8", "Accept-Encoding": "gzip, deflate", "Accept-Language": "en-us,en;q=0.5"}}, {"format_id": "136", "url": "https://r3---sn-5njj-u2xe.googlevideo.com/videoplayback?expire=1608123794&ei=MrHZX_bbKZe2gQPsubzYBw&ip=140.109.135.166&id=o-ACZGGEFm9fLnLHTYHamsQOHIDk98Pi_sAgXaB6jqOVKd&itag=136&aitags=133%2C134%2C135%2C136%2C137%2C160%2C242%2C243%2C244%2C247%2C248%2C278&source=youtube&requiressl=yes&mh=dF&mm=31%2C29&mn=sn-5njj-u2xe%2Csn-un57en7s&ms=au%2Crdu&mv=m&mvi=3&pl=16&gcr=tw&initcwndbps=385000&vprv=1&mime=video%2Fmp4&ns=aV67C8-lyXurJY6ZlfjdOYIF&gir=yes&clen=5383411&dur=123.640&lmt=1601028805851732&mt=1608101795&fvip=3&keepalive=yes&c=WEB&txp=2311222&n=5pXN61UCxLCAR3nQH&sparams=expire%2Cei%2Cip%2Cid%2Caitags%2Csource%2Crequiressl%2Cgcr%2Cvprv%2Cmime%2Cns%2Cgir%2Cclen%2Cdur%2Clmt&lsparams=mh%2Cmm%2Cmn%2Cms%2Cmv%2Cmvi%2Cpl%2Cinitcwndbps&lsig=AG3C_xAwRgIhAMn6PPiI8u6Q5ssnLcTNTU0g3F42QYH1wY3RNo_5iAf4AiEA4xFdFx5-PrX4h6FDtlJB88tsGh4ggvSjMQTew9VW3S4%3D&sig=AOq0QJ8wRQIhAOnL-zVfDDlmNO7CMfvGwJMG_dGPnlUcjOBenHNjLyR0AiBNVhHRkyB1uoNWJActFShMSnqnuLJViBWev5jd31X3AQ==&ratebypass=yes", "player_url": "/s/player/62f90c99/player_ias.vflset/en_US/base.js", "ext": "mp4", "height": 720, "format_note": "720p", "vcodec": "avc1.4d401f", "asr": null, "filesize": 5383411, "fps": 25, "tbr": 350.735, "width": 720, "acodec": "none", "downloader_options": {"http_chunk_size": 10485760}, "format": "136 - 720x720 (720p)", "protocol": "https", "http_headers": {"User-Agent": "Mozilla/5.0 (Windows NT 10.0; Win64; x64) AppleWebKit/537.36 (KHTML, like Gecko) Chrome/70.0.3538.112 Safari/537.36", "Accept-Charset": "ISO-8859-1,utf-8;q=0.7,*;q=0.7", "Accept": "text/html,application/xhtml+xml,application/xml;q=0.9,*/*;q=0.8", "Accept-Encoding": "gzip, deflate", "Accept-Language": "en-us,en;q=0.5"}}, {"format_id": "248", "url": "https://r3---sn-5njj-u2xe.googlevideo.com/videoplayback?expire=1608123794&ei=MrHZX_bbKZe2gQPsubzYBw&ip=140.109.135.166&id=o-ACZGGEFm9fLnLHTYHamsQOHIDk98Pi_sAgXaB6jqOVKd&itag=248&aitags=133%2C134%2C135%2C136%2C137%2C160%2C242%2C243%2C244%2C247%2C248%2C278&source=youtube&requiressl=yes&mh=dF&mm=31%2C29&mn=sn-5njj-u2xe%2Csn-un57en7s&ms=au%2Crdu&mv=m&mvi=3&pl=16&gcr=tw&initcwndbps=385000&vprv=1&mime=video%2Fwebm&ns=aV67C8-lyXurJY6ZlfjdOYIF&gir=yes&clen=8514899&dur=123.640&lmt=1601029351688104&mt=1608101795&fvip=3&keepalive=yes&c=WEB&txp=2311224&n=5pXN61UCxLCAR3nQH&sparams=expire%2Cei%2Cip%2Cid%2Caitags%2Csource%2Crequiressl%2Cgcr%2Cvprv%2Cmime%2Cns%2Cgir%2Cclen%2Cdur%2Clmt&lsparams=mh%2Cmm%2Cmn%2Cms%2Cmv%2Cmvi%2Cpl%2Cinitcwndbps&lsig=AG3C_xAwRAIgQvh7v3VG585w11jMKO77qHxtvVFDN2naQBgrKk4MQZQCIGddo2jVmxfU8EtPm3HAe518TSzr8DcAY8RezvRrgKk6&sig=AOq0QJ8wRgIhANPsdck5Xl87_w5yrC-1iD_xv9dTtdTwLmJMyT_KruH9AiEAzNyqIYSa9bY1S9kLBkivfEPeTC_1PMo_HOsoAIxjSp8=&ratebypass=yes", "player_url": "/s/player/62f90c99/player_ias.vflset/en_US/base.js", "ext": "webm", "height": 1080, "format_note": "1080p", "vcodec": "vp9", "asr": null, "filesize": 8514899, "fps": 25, "tbr": 555.44, "width": 1080, "acodec": "none", "downloader_options": {"http_chunk_size": 10485760}, "format": "248 - 1080x1080 (1080p)", "protocol": "https", "http_headers": {"User-Agent": "Mozilla/5.0 (Windows NT 10.0; Win64; x64) AppleWebKit/537.36 (KHTML, like Gecko) Chrome/70.0.3538.112 Safari/537.36", "Accept-Charset": "ISO-8859-1,utf-8;q=0.7,*;q=0.7", "Accept": "text/html,application/xhtml+xml,application/xml;q=0.9,*/*;q=0.8", "Accept-Encoding": "gzip, deflate", "Accept-Language": "en-us,en;q=0.5"}}, {"format_id": "137", "url": "https://r3---sn-5njj-u2xe.googlevideo.com/videoplayback?expire=1608123794&ei=MrHZX_bbKZe2gQPsubzYBw&ip=140.109.135.166&id=o-ACZGGEFm9fLnLHTYHamsQOHIDk98Pi_sAgXaB6jqOVKd&itag=137&aitags=133%2C134%2C135%2C136%2C137%2C160%2C242%2C243%2C244%2C247%2C248%2C278&source=youtube&requiressl=yes&mh=dF&mm=31%2C29&mn=sn-5njj-u2xe%2Csn-un57en7s&ms=au%2Crdu&mv=m&mvi=3&pl=16&gcr=tw&initcwndbps=385000&vprv=1&mime=video%2Fmp4&ns=aV67C8-lyXurJY6ZlfjdOYIF&gir=yes&clen=10654620&dur=123.640&lmt=1601028805866348&mt=1608101795&fvip=3&keepalive=yes&c=WEB&txp=2311222&n=5pXN61UCxLCAR3nQH&sparams=expire%2Cei%2Cip%2Cid%2Caitags%2Csource%2Crequiressl%2Cgcr%2Cvprv%2Cmime%2Cns%2Cgir%2Cclen%2Cdur%2Clmt&lsparams=mh%2Cmm%2Cmn%2Cms%2Cmv%2Cmvi%2Cpl%2Cinitcwndbps&lsig=AG3C_xAwRAIgAO5A9tyoz4KdGDuF3LXyXmUXvSkfz0XUDFvs1CwB1_QCIHjloqhl3-d9bNtzwG7aesbGolk6D7FdoGxv7ejl34LP&sig=AOq0QJ8wRQIgYhfuX_v27zfy0pUEJ8hp9HPg6Ra1T9pLYpbZHFq4RbICIQDG-GEKlbZ3LCplJmysJa5u_z6WzQw18aeu6TZclkN2xQ==&ratebypass=yes", "player_url": "/s/player/62f90c99/player_ias.vflset/en_US/base.js", "ext": "mp4", "height": 1080, "format_note": "1080p", "vcodec": "avc1.640020", "asr": null, "filesize": 10654620, "fps": 25, "tbr": 698.876, "width": 1080, "acodec": "none", "downloader_options": {"http_chunk_size": 10485760}, "format": "137 - 1080x1080 (1080p)", "protocol": "https", "http_headers": {"User-Agent": "Mozilla/5.0 (Windows NT 10.0; Win64; x64) AppleWebKit/537.36 (KHTML, like Gecko) Chrome/70.0.3538.112 Safari/537.36", "Accept-Charset": "ISO-8859-1,utf-8;q=0.7,*;q=0.7", "Accept": "text/html,application/xhtml+xml,application/xml;q=0.9,*/*;q=0.8", "Accept-Encoding": "gzip, deflate", "Accept-Language": "en-us,en;q=0.5"}}, {"format_id": "18", "url": "https://r3---sn-5njj-u2xe.googlevideo.com/videoplayback?expire=1608123794&ei=MrHZX_bbKZe2gQPsubzYBw&ip=140.109.135.166&id=o-ACZGGEFm9fLnLHTYHamsQOHIDk98Pi_sAgXaB6jqOVKd&itag=18&source=youtube&requiressl=yes&mh=dF&mm=31%2C29&mn=sn-5njj-u2xe%2Csn-un57en7s&ms=au%2Crdu&mv=m&mvi=3&pl=16&gcr=tw&initcwndbps=385000&vprv=1&mime=video%2Fmp4&ns=qHEC-UFAP6ZYIhYtXIbLcz8F&gir=yes&clen=2879013&ratebypass=yes&dur=123.692&lmt=1601027942444063&mt=1608101795&fvip=3&c=WEB&txp=2310222&n=VrAp1ZkSIE_vYLMpw&sparams=expire%2Cei%2Cip%2Cid%2Citag%2Csource%2Crequiressl%2Cgcr%2Cvprv%2Cmime%2Cns%2Cgir%2Cclen%2Cratebypass%2Cdur%2Clmt&lsparams=mh%2Cmm%2Cmn%2Cms%2Cmv%2Cmvi%2Cpl%2Cinitcwndbps&lsig=AG3C_xAwRQIgd239JlT18o-nMUtOx206eD-buThdYr_0KkFsnYZ-odACIQD7djLNs85T2twsMG_1AfgD5YArgN-vfKCxYk4xD4_9eA%3D%3D&sig=AOq0QJ8wRQIhAIniPBuiOChc3Bv-hnucKMBjyysnBnp8uIAd0YxTItPmAiAf6Rrkliua0KOlpMmpubMrcm8Tp10O4NplsUTkyvQaDw==", "player_url": "/s/player/62f90c99/player_ias.vflset/en_US/base.js", "ext": "mp4", "width": 360, "height": 360, "acodec": "mp4a.40.2", "abr": 96, "vcodec": "avc1.42001E", "asr": 44100, "filesize": 2879013, "format_note": "360p", "fps": 25, "tbr": 186.283, "format": "18 - 360x360 (360p)", "protocol": "https", "http_headers": {"User-Agent": "Mozilla/5.0 (Windows NT 10.0; Win64; x64) AppleWebKit/537.36 (KHTML, like Gecko) Chrome/70.0.3538.112 Safari/537.36", "Accept-Charset": "ISO-8859-1,utf-8;q=0.7,*;q=0.7", "Accept": "text/html,application/xhtml+xml,application/xml;q=0.9,*/*;q=0.8", "Accept-Encoding": "gzip, deflate", "Accept-Language": "en-us,en;q=0.5"}}], "is_live": null, "start_time": null, "end_time": null, "series": null, "season_number": null, "episode_number": null, "track": "Remembering the Beginning", "artist": "Matthew-Keane Q Wang", "album": "Forgotten Road", "release_date": "20201009", "release_year": 2020, "extractor": "youtube", "webpage_url_basename": "watch", "extractor_key": "Youtube", "playlist": null, "playlist_index": null, "thumbnail": "https://i.ytimg.com/vi_webp/-_FjI4bT2Wo/maxresdefault.webp", "display_id": "-_FjI4bT2Wo", "requested_subtitles": null, "format_id": "251", "url": "https://r3---sn-5njj-u2xe.googlevideo.com/videoplayback?expire=1608123794&ei=MrHZX_bbKZe2gQPsubzYBw&ip=140.109.135.166&id=o-ACZGGEFm9fLnLHTYHamsQOHIDk98Pi_sAgXaB6jqOVKd&itag=251&source=youtube&requiressl=yes&mh=dF&mm=31%2C29&mn=sn-5njj-u2xe%2Csn-un57en7s&ms=au%2Crdu&mv=m&mvi=3&pl=16&gcr=tw&initcwndbps=385000&vprv=1&mime=audio%2Fwebm&ns=aV67C8-lyXurJY6ZlfjdOYIF&gir=yes&clen=2265972&dur=123.661&lmt=1601029336533821&mt=1608101795&fvip=3&keepalive=yes&c=WEB&txp=2311224&n=5pXN61UCxLCAR3nQH&sparams=expire%2Cei%2Cip%2Cid%2Citag%2Csource%2Crequiressl%2Cgcr%2Cvprv%2Cmime%2Cns%2Cgir%2Cclen%2Cdur%2Clmt&lsparams=mh%2Cmm%2Cmn%2Cms%2Cmv%2Cmvi%2Cpl%2Cinitcwndbps&lsig=AG3C_xAwRAIgCOgCDO-1PpyXqLmMR8zvmunVahnVehZRc7kRo8MqNY8CIHI7dBYst4WqEL_TMcfa4vD9wtze-mq5u7QO3zmBpD9r&sig=AOq0QJ8wRAIgWwq1fKqH3CHz2MHpc7E_UR6tKr1Tr3bIz5DklNdlqXwCIAKQuctTYMeWvJp5JngHIU9rqdZLL4Cm3KgPANGCTg47&ratebypass=yes", "player_url": "/s/player/62f90c99/player_ias.vflset/en_US/base.js", "ext": "webm", "format_note": "tiny", "acodec": "opus", "abr": 160, "asr": 48000, "filesize": 2265972, "fps": null, "height": null, "tbr": 152.818, "width": null, "vcodec": "none", "downloader_options": {"http_chunk_size": 10485760}, "format": "251 - audio only (tiny)", "protocol": "https", "http_headers": {"User-Agent": "Mozilla/5.0 (Windows NT 10.0; Win64; x64) AppleWebKit/537.36 (KHTML, like Gecko) Chrome/70.0.3538.112 Safari/537.36", "Accept-Charset": "ISO-8859-1,utf-8;q=0.7,*;q=0.7", "Accept": "text/html,application/xhtml+xml,application/xml;q=0.9,*/*;q=0.8", "Accept-Encoding": "gzip, deflate", "Accept-Language": "en-us,en;q=0.5"}}