{"id": "0EWWyyV7RJA", "uploader": "Edvard Kravchuk - Topic", "uploader_id": "UCN2KGFG38Ff8Jc6SzgeZC9w", "uploader_url": "http://www.youtube.com/channel/UCN2KGFG38Ff8Jc6SzgeZC9w", "channel_id": "UCN2KGFG38Ff8Jc6SzgeZC9w", "channel_url": "http://www.youtube.com/channel/UCN2KGFG38Ff8Jc6SzgeZC9w", "upload_date": "20200913", "license": null, "creator": "Edvard Kravchuk", "title": "Moment of Silence", "alt_title": "Moment of Silence", "thumbnails": [{"url": "https://i.ytimg.com/vi/0EWWyyV7RJA/hqdefault.jpg?sqp=-oaymwEYCKgBEF5IVfKriqkDCwgBFQAAiEIYAXAB&rs=AOn4CLCYFx8awy2kqs9bAmGx8BcElccChw", "width": 168, "height": 94, "resolution": "168x94", "id": "0"}, {"url": "https://i.ytimg.com/vi/0EWWyyV7RJA/hqdefault.jpg?sqp=-oaymwEYCMQBEG5IVfKriqkDCwgBFQAAiEIYAXAB&rs=AOn4CLAMjMiMkn9lfakWpvlzEl5Uz4dPQg", "width": 196, "height": 110, "resolution": "196x110", "id": "1"}, {"url": "https://i.ytimg.com/vi/0EWWyyV7RJA/hqdefault.jpg?sqp=-oaymwEZCPYBEIoBSFXyq4qpAwsIARUAAIhCGAFwAQ==&rs=AOn4CLCkDYjM_DhANUncPZEdE0V5RCu_oA", "width": 246, "height": 138, "resolution": "246x138", "id": "2"}, {"url": "https://i.ytimg.com/vi/0EWWyyV7RJA/hqdefault.jpg?sqp=-oaymwEZCNACELwBSFXyq4qpAwsIARUAAIhCGAFwAQ==&rs=AOn4CLCj4UxPRHefLAsu9_ThIEYODR5rdg", "width": 336, "height": 188, "resolution": "336x188", "id": "3"}, {"url": "https://i.ytimg.com/vi_webp/0EWWyyV7RJA/maxresdefault.webp", "width": 1920, "height": 1080, "resolution": "1920x1080", "id": "4"}], "description": "Provided to YouTube by DistroKid\n\nMoment of Silence \u00b7 Edvard Kravchuk\n\nMoment of Silence\n\n\u2117 Edvard Kravchuk\n\nReleased on: 2020-09-14\n\nAuto-generated by YouTube.", "categories": ["Music"], "tags": ["Edvard Kravchuk", "Moment of Silence"], "subtitles": {}, "automatic_captions": {}, "duration": 213, "age_limit": 0, "annotations": null, "chapters": null, "webpage_url": "https://www.youtube.com/watch?v=0EWWyyV7RJA", "view_count": 141, "like_count": 6, "dislike_count": null, "average_rating": 5.0, "formats": [{"format_id": "249", "url": "https://r5---sn-ipoxu-u2x6.googlevideo.com/videoplayback?expire=1610368121&ei=GfD7X5XbDNDCgAOa-7ygCw&ip=220.129.26.102&id=o-AFh9IYRwvBne4ZganFo46dnYZRb1paCyxqzNvq_vqaAb&itag=249&source=youtube&requiressl=yes&mh=NS&mm=31%2C29&mn=sn-ipoxu-u2x6%2Csn-un57sn7z&ms=au%2Crdu&mv=m&mvi=5&pl=21&gcr=tw&initcwndbps=737500&vprv=1&mime=audio%2Fwebm&ns=BeWDl5u9hBVfZVzhqGTEfPsF&gir=yes&clen=1506611&dur=213.081&lmt=1598894305241839&mt=1610345794&fvip=5&keepalive=yes&c=WEB&txp=2311222&n=ICQKVugaD8lBYl&sparams=expire%2Cei%2Cip%2Cid%2Citag%2Csource%2Crequiressl%2Cgcr%2Cvprv%2Cmime%2Cns%2Cgir%2Cclen%2Cdur%2Clmt&lsparams=mh%2Cmm%2Cmn%2Cms%2Cmv%2Cmvi%2Cpl%2Cinitcwndbps&lsig=AG3C_xAwRgIhALTqpNEC8xZGTMReF-TxCJdBo6KjsZWRgS_kjc_V0B2TAiEAoMJwyUues3CzjA3gFNkOeeL7fnFZYUJRl424qpkiqq0%3D&sig=AOq0QJ8wRgIhAOFuCVbOP3JXObJlpnYLNj0JUVC44hbOnLBJYJiS9CTeAiEA80xzh9Rp7qO1Y6U2k7pBWC06q_aLJnL3x7G200sth2M=&ratebypass=yes", "player_url": "/s/player/9f996d3e/player_ias.vflset/en_US/base.js", "ext": "webm", "format_note": "tiny", "acodec": "opus", "abr": 50, "asr": 48000, "filesize": 1506611, "fps": null, "height": null, "tbr": 62.013, "width": null, "vcodec": "none", "downloader_options": {"http_chunk_size": 10485760}, "format": "249 - audio only (tiny)", "protocol": "https", "http_headers": {"User-Agent": "Mozilla/5.0 (Windows NT 10.0; Win64; x64) AppleWebKit/537.36 (KHTML, like Gecko) Chrome/71.0.3557.2 Safari/537.36", "Accept-Charset": "ISO-8859-1,utf-8;q=0.7,*;q=0.7", "Accept": "text/html,application/xhtml+xml,application/xml;q=0.9,*/*;q=0.8", "Accept-Encoding": "gzip, deflate", "Accept-Language": "en-us,en;q=0.5"}}, {"format_id": "250", "url": "https://r5---sn-ipoxu-u2x6.googlevideo.com/videoplayback?expire=1610368121&ei=GfD7X5XbDNDCgAOa-7ygCw&ip=220.129.26.102&id=o-AFh9IYRwvBne4ZganFo46dnYZRb1paCyxqzNvq_vqaAb&itag=250&source=youtube&requiressl=yes&mh=NS&mm=31%2C29&mn=sn-ipoxu-u2x6%2Csn-un57sn7z&ms=au%2Crdu&mv=m&mvi=5&pl=21&gcr=tw&initcwndbps=737500&vprv=1&mime=audio%2Fwebm&ns=BeWDl5u9hBVfZVzhqGTEfPsF&gir=yes&clen=1993643&dur=213.081&lmt=1598894306139816&mt=1610345794&fvip=5&keepalive=yes&c=WEB&txp=2311222&n=ICQKVugaD8lBYl&sparams=expire%2Cei%2Cip%2Cid%2Citag%2Csource%2Crequiressl%2Cgcr%2Cvprv%2Cmime%2Cns%2Cgir%2Cclen%2Cdur%2Clmt&lsparams=mh%2Cmm%2Cmn%2Cms%2Cmv%2Cmvi%2Cpl%2Cinitcwndbps&lsig=AG3C_xAwRgIhAOQCBHDtmKv9p6XbSqhVp1j_1O1pTeAWOPthY-Eaqd2fAiEAjZJuk9Zlep_lxZsHSAJ4FtrDlvtJZR0wggjWxWsIRW0%3D&sig=AOq0QJ8wRQIhANQv_WMxvgkd-YXX9ePo5HtJn69VFOAOB2oJMf4_tI_ZAiAqPFNXJRa39luLYhsEmlWauY0fYt7A4H3blgshJBHTMg==&ratebypass=yes", "player_url": "/s/player/9f996d3e/player_ias.vflset/en_US/base.js", "ext": "webm", "format_note": "tiny", "acodec": "opus", "abr": 70, "asr": 48000, "filesize": 1993643, "fps": null, "height": null, "tbr": 81.252, "width": null, "vcodec": "none", "downloader_options": {"http_chunk_size": 10485760}, "format": "250 - audio only (tiny)", "protocol": "https", "http_headers": {"User-Agent": "Mozilla/5.0 (Windows NT 10.0; Win64; x64) AppleWebKit/537.36 (KHTML, like Gecko) Chrome/71.0.3557.2 Safari/537.36", "Accept-Charset": "ISO-8859-1,utf-8;q=0.7,*;q=0.7", "Accept": "text/html,application/xhtml+xml,application/xml;q=0.9,*/*;q=0.8", "Accept-Encoding": "gzip, deflate", "Accept-Language": "en-us,en;q=0.5"}}, {"format_id": "140", "url": "https://r5---sn-ipoxu-u2x6.googlevideo.com/videoplayback?expire=1610368121&ei=GfD7X5XbDNDCgAOa-7ygCw&ip=220.129.26.102&id=o-AFh9IYRwvBne4ZganFo46dnYZRb1paCyxqzNvq_vqaAb&itag=140&source=youtube&requiressl=yes&mh=NS&mm=31%2C29&mn=sn-ipoxu-u2x6%2Csn-un57sn7z&ms=au%2Crdu&mv=m&mvi=5&pl=21&gcr=tw&initcwndbps=737500&vprv=1&mime=audio%2Fmp4&ns=BeWDl5u9hBVfZVzhqGTEfPsF&gir=yes&clen=3450667&dur=213.066&lmt=1598894317146246&mt=1610345794&fvip=5&keepalive=yes&c=WEB&txp=2311222&n=ICQKVugaD8lBYl&sparams=expire%2Cei%2Cip%2Cid%2Citag%2Csource%2Crequiressl%2Cgcr%2Cvprv%2Cmime%2Cns%2Cgir%2Cclen%2Cdur%2Clmt&lsparams=mh%2Cmm%2Cmn%2Cms%2Cmv%2Cmvi%2Cpl%2Cinitcwndbps&lsig=AG3C_xAwRgIhAKOR9eo89TV6TXBAnyQrEuCB0zPKLOt8-byxH0YPBxnyAiEAsTfW6LJAqGZ8iE7n90GMd9ll6wPcy2fuLMAZBuFbZrw%3D&sig=AOq0QJ8wRQIgKGZzdZU_q9RkjsOmQHkg5aOcMfJbKqtLD0qqGbg3rP4CIQDFAv4Lf-iQgZkuGilGcltdUhm_7fHLcerJiO17L5dPew==&ratebypass=yes", "player_url": "/s/player/9f996d3e/player_ias.vflset/en_US/base.js", "ext": "m4a", "format_note": "tiny", "acodec": "mp4a.40.2", "abr": 128, "container": "m4a_dash", "asr": 44100, "filesize": 3450667, "fps": null, "height": null, "tbr": 131.248, "width": null, "vcodec": "none", "downloader_options": {"http_chunk_size": 10485760}, "format": "140 - audio only (tiny)", "protocol": "https", "http_headers": {"User-Agent": "Mozilla/5.0 (Windows NT 10.0; Win64; x64) AppleWebKit/537.36 (KHTML, like Gecko) Chrome/71.0.3557.2 Safari/537.36", "Accept-Charset": "ISO-8859-1,utf-8;q=0.7,*;q=0.7", "Accept": "text/html,application/xhtml+xml,application/xml;q=0.9,*/*;q=0.8", "Accept-Encoding": "gzip, deflate", "Accept-Language": "en-us,en;q=0.5"}}, {"format_id": "251", "url": "https://r5---sn-ipoxu-u2x6.googlevideo.com/videoplayback?expire=1610368121&ei=GfD7X5XbDNDCgAOa-7ygCw&ip=220.129.26.102&id=o-AFh9IYRwvBne4ZganFo46dnYZRb1paCyxqzNvq_vqaAb&itag=251&source=youtube&requiressl=yes&mh=NS&mm=31%2C29&mn=sn-ipoxu-u2x6%2Csn-un57sn7z&ms=au%2Crdu&mv=m&mvi=5&pl=21&gcr=tw&initcwndbps=737500&vprv=1&mime=audio%2Fwebm&ns=BeWDl5u9hBVfZVzhqGTEfPsF&gir=yes&clen=3887111&dur=213.081&lmt=1598894305771020&mt=1610345794&fvip=5&keepalive=yes&c=WEB&txp=2311222&n=ICQKVugaD8lBYl&sparams=expire%2Cei%2Cip%2Cid%2Citag%2Csource%2Crequiressl%2Cgcr%2Cvprv%2Cmime%2Cns%2Cgir%2Cclen%2Cdur%2Clmt&lsparams=mh%2Cmm%2Cmn%2Cms%2Cmv%2Cmvi%2Cpl%2Cinitcwndbps&lsig=AG3C_xAwRQIgV7Auc6dVghF_TVkae9T2vTgRMGTjbWk7PRuU0JAbJbICIQD5S_uh0daYGVSDbfUxpjG7RQSGmg2WWi7R7xgffWj5hg%3D%3D&sig=AOq0QJ8wRQIhAPChFgYbAH8ttqswRaf0iQcZZbzpkXYile1svdzXuWqJAiArwvTm8BGKaV5BbW1rIt07ljxYTR_obHJ9ne2RdmaJrQ==&ratebypass=yes", "player_url": "/s/player/9f996d3e/player_ias.vflset/en_US/base.js", "ext": "webm", "format_note": "tiny", "acodec": "opus", "abr": 160, "asr": 48000, "filesize": 3887111, "fps": null, "height": null, "tbr": 155.258, "width": null, "vcodec": "none", "downloader_options": {"http_chunk_size": 10485760}, "format": "251 - audio only (tiny)", "protocol": "https", "http_headers": {"User-Agent": "Mozilla/5.0 (Windows NT 10.0; Win64; x64) AppleWebKit/537.36 (KHTML, like Gecko) Chrome/71.0.3557.2 Safari/537.36", "Accept-Charset": "ISO-8859-1,utf-8;q=0.7,*;q=0.7", "Accept": "text/html,application/xhtml+xml,application/xml;q=0.9,*/*;q=0.8", "Accept-Encoding": "gzip, deflate", "Accept-Language": "en-us,en;q=0.5"}}, {"format_id": "160", "url": "https://r5---sn-ipoxu-u2x6.googlevideo.com/videoplayback?expire=1610368121&ei=GfD7X5XbDNDCgAOa-7ygCw&ip=220.129.26.102&id=o-AFh9IYRwvBne4ZganFo46dnYZRb1paCyxqzNvq_vqaAb&itag=160&aitags=133%2C134%2C135%2C136%2C137%2C160%2C242%2C243%2C244%2C247%2C248%2C278&source=youtube&requiressl=yes&mh=NS&mm=31%2C29&mn=sn-ipoxu-u2x6%2Csn-un57sn7z&ms=au%2Crdu&mv=m&mvi=5&pl=21&gcr=tw&initcwndbps=737500&vprv=1&mime=video%2Fmp4&ns=BeWDl5u9hBVfZVzhqGTEfPsF&gir=yes&clen=288925&dur=213.040&lmt=1598894316642082&mt=1610345794&fvip=5&keepalive=yes&c=WEB&txp=2316222&n=ICQKVugaD8lBYl&sparams=expire%2Cei%2Cip%2Cid%2Caitags%2Csource%2Crequiressl%2Cgcr%2Cvprv%2Cmime%2Cns%2Cgir%2Cclen%2Cdur%2Clmt&lsparams=mh%2Cmm%2Cmn%2Cms%2Cmv%2Cmvi%2Cpl%2Cinitcwndbps&lsig=AG3C_xAwRgIhAJpUKmoxIJgu4REryJbwjib9gocAZFbP4HR2J-OrQzL8AiEAg3LWsJvYeRt1CgJWH1FaKcPLI0s4_rO_DZqq6Q8kfDY%3D&sig=AOq0QJ8wRgIhAOYwfMPp8g2gdirXX0k0OekBDeeL6flQeO4zGUtNAUT2AiEAsB5WW1MM4ZtK0fsoc5dEK_JcNKOXemGZF5zkURBptfo=&ratebypass=yes", "player_url": "/s/player/9f996d3e/player_ias.vflset/en_US/base.js", "ext": "mp4", "height": 144, "format_note": "144p", "vcodec": "avc1.4d400b", "asr": null, "filesize": 288925, "fps": 25, "tbr": 13.861, "width": 144, "acodec": "none", "downloader_options": {"http_chunk_size": 10485760}, "format": "160 - 144x144 (144p)", "protocol": "https", "http_headers": {"User-Agent": "Mozilla/5.0 (Windows NT 10.0; Win64; x64) AppleWebKit/537.36 (KHTML, like Gecko) Chrome/71.0.3557.2 Safari/537.36", "Accept-Charset": "ISO-8859-1,utf-8;q=0.7,*;q=0.7", "Accept": "text/html,application/xhtml+xml,application/xml;q=0.9,*/*;q=0.8", "Accept-Encoding": "gzip, deflate", "Accept-Language": "en-us,en;q=0.5"}}, {"format_id": "278", "url": "https://r5---sn-ipoxu-u2x6.googlevideo.com/videoplayback?expire=1610368121&ei=GfD7X5XbDNDCgAOa-7ygCw&ip=220.129.26.102&id=o-AFh9IYRwvBne4ZganFo46dnYZRb1paCyxqzNvq_vqaAb&itag=278&aitags=133%2C134%2C135%2C136%2C137%2C160%2C242%2C243%2C244%2C247%2C248%2C278&source=youtube&requiressl=yes&mh=NS&mm=31%2C29&mn=sn-ipoxu-u2x6%2Csn-un57sn7z&ms=au%2Crdu&mv=m&mvi=5&pl=21&gcr=tw&initcwndbps=737500&vprv=1&mime=video%2Fwebm&ns=BeWDl5u9hBVfZVzhqGTEfPsF&gir=yes&clen=335759&dur=213.040&lmt=1598894335596965&mt=1610345794&fvip=5&keepalive=yes&c=WEB&txp=2316222&n=ICQKVugaD8lBYl&sparams=expire%2Cei%2Cip%2Cid%2Caitags%2Csource%2Crequiressl%2Cgcr%2Cvprv%2Cmime%2Cns%2Cgir%2Cclen%2Cdur%2Clmt&lsparams=mh%2Cmm%2Cmn%2Cms%2Cmv%2Cmvi%2Cpl%2Cinitcwndbps&lsig=AG3C_xAwRAIgVzj_K071AwLghHrXxLSYiDBjfj5wctpRHaOPSKGSx_ACIF5WkB9bsDNas3eqhxUdLyc5zeDiRvLuMR2APod15Jdd&sig=AOq0QJ8wRQIgZe7kkeiYfP7hs6cOnlQCI_-_IQEtbuwRqwANmwh-InQCIQCEjS-1Wey7KOk6GUbHQm3JGqNgal-0fCazstxsTeLAoQ==&ratebypass=yes", "player_url": "/s/player/9f996d3e/player_ias.vflset/en_US/base.js", "ext": "webm", "height": 144, "format_note": "144p", "container": "webm", "vcodec": "vp9", "asr": null, "filesize": 335759, "fps": 25, "tbr": 15.8, "width": 144, "acodec": "none", "downloader_options": {"http_chunk_size": 10485760}, "format": "278 - 144x144 (144p)", "protocol": "https", "http_headers": {"User-Agent": "Mozilla/5.0 (Windows NT 10.0; Win64; x64) AppleWebKit/537.36 (KHTML, like Gecko) Chrome/71.0.3557.2 Safari/537.36", "Accept-Charset": "ISO-8859-1,utf-8;q=0.7,*;q=0.7", "Accept": "text/html,application/xhtml+xml,application/xml;q=0.9,*/*;q=0.8", "Accept-Encoding": "gzip, deflate", "Accept-Language": "en-us,en;q=0.5"}}, {"format_id": "242", "url": "https://r5---sn-ipoxu-u2x6.googlevideo.com/videoplayback?expire=1610368121&ei=GfD7X5XbDNDCgAOa-7ygCw&ip=220.129.26.102&id=o-AFh9IYRwvBne4ZganFo46dnYZRb1paCyxqzNvq_vqaAb&itag=242&aitags=133%2C134%2C135%2C136%2C137%2C160%2C242%2C243%2C244%2C247%2C248%2C278&source=youtube&requiressl=yes&mh=NS&mm=31%2C29&mn=sn-ipoxu-u2x6%2Csn-un57sn7z&ms=au%2Crdu&mv=m&mvi=5&pl=21&gcr=tw&initcwndbps=737500&vprv=1&mime=video%2Fwebm&ns=BeWDl5u9hBVfZVzhqGTEfPsF&gir=yes&clen=361252&dur=213.040&lmt=1598894335597376&mt=1610345794&fvip=5&keepalive=yes&c=WEB&txp=2316222&n=ICQKVugaD8lBYl&sparams=expire%2Cei%2Cip%2Cid%2Caitags%2Csource%2Crequiressl%2Cgcr%2Cvprv%2Cmime%2Cns%2Cgir%2Cclen%2Cdur%2Clmt&lsparams=mh%2Cmm%2Cmn%2Cms%2Cmv%2Cmvi%2Cpl%2Cinitcwndbps&lsig=AG3C_xAwRQIhAJQndKbTTYFvWW-mfFspEkShTWLmqp0WWbHH0_sf3F6vAiBmixZzXH1YPD1EZLUUSInrKkPoBUJxbyqyraeIGMvs0w%3D%3D&sig=AOq0QJ8wRQIgLoxKGVVERZdaSWplkuKkHqYcwpJUOikB5oUtk3GWw4wCIQCfqdtPXBIAduTgOEdJWmdHjsOujyxt6Xjm1VrwyEWACA==&ratebypass=yes", "player_url": "/s/player/9f996d3e/player_ias.vflset/en_US/base.js", "ext": "webm", "height": 240, "format_note": "240p", "vcodec": "vp9", "asr": null, "filesize": 361252, "fps": 25, "tbr": 16.694, "width": 240, "acodec": "none", "downloader_options": {"http_chunk_size": 10485760}, "format": "242 - 240x240 (240p)", "protocol": "https", "http_headers": {"User-Agent": "Mozilla/5.0 (Windows NT 10.0; Win64; x64) AppleWebKit/537.36 (KHTML, like Gecko) Chrome/71.0.3557.2 Safari/537.36", "Accept-Charset": "ISO-8859-1,utf-8;q=0.7,*;q=0.7", "Accept": "text/html,application/xhtml+xml,application/xml;q=0.9,*/*;q=0.8", "Accept-Encoding": "gzip, deflate", "Accept-Language": "en-us,en;q=0.5"}}, {"format_id": "243", "url": "https://r5---sn-ipoxu-u2x6.googlevideo.com/videoplayback?expire=1610368121&ei=GfD7X5XbDNDCgAOa-7ygCw&ip=220.129.26.102&id=o-AFh9IYRwvBne4ZganFo46dnYZRb1paCyxqzNvq_vqaAb&itag=243&aitags=133%2C134%2C135%2C136%2C137%2C160%2C242%2C243%2C244%2C247%2C248%2C278&source=youtube&requiressl=yes&mh=NS&mm=31%2C29&mn=sn-ipoxu-u2x6%2Csn-un57sn7z&ms=au%2Crdu&mv=m&mvi=5&pl=21&gcr=tw&initcwndbps=737500&vprv=1&mime=video%2Fwebm&ns=BeWDl5u9hBVfZVzhqGTEfPsF&gir=yes&clen=448006&dur=213.040&lmt=1598894335598462&mt=1610345794&fvip=5&keepalive=yes&c=WEB&txp=2316222&n=ICQKVugaD8lBYl&sparams=expire%2Cei%2Cip%2Cid%2Caitags%2Csource%2Crequiressl%2Cgcr%2Cvprv%2Cmime%2Cns%2Cgir%2Cclen%2Cdur%2Clmt&lsparams=mh%2Cmm%2Cmn%2Cms%2Cmv%2Cmvi%2Cpl%2Cinitcwndbps&lsig=AG3C_xAwRQIhAPAvLx8PQ2ZqxXHgHS-4URagLfDi5D1TDY_g9jhPVojEAiAPbJ7mEx_5yy4J29wJp0TmV6WVl-QzM5-B2TqijKWj7w%3D%3D&sig=AOq0QJ8wRQIhAMz6KMX5AeKpjyhQVlRKttPW6oavlNffyxKdxnYXjGfQAiAnXLjHqVQo7whO1fOVsHxovJMfrIO5qdES4BCHLEsZEg==&ratebypass=yes", "player_url": "/s/player/9f996d3e/player_ias.vflset/en_US/base.js", "ext": "webm", "height": 360, "format_note": "360p", "vcodec": "vp9", "asr": null, "filesize": 448006, "fps": 25, "tbr": 20.697, "width": 360, "acodec": "none", "downloader_options": {"http_chunk_size": 10485760}, "format": "243 - 360x360 (360p)", "protocol": "https", "http_headers": {"User-Agent": "Mozilla/5.0 (Windows NT 10.0; Win64; x64) AppleWebKit/537.36 (KHTML, like Gecko) Chrome/71.0.3557.2 Safari/537.36", "Accept-Charset": "ISO-8859-1,utf-8;q=0.7,*;q=0.7", "Accept": "text/html,application/xhtml+xml,application/xml;q=0.9,*/*;q=0.8", "Accept-Encoding": "gzip, deflate", "Accept-Language": "en-us,en;q=0.5"}}, {"format_id": "133", "url": "https://r5---sn-ipoxu-u2x6.googlevideo.com/videoplayback?expire=1610368121&ei=GfD7X5XbDNDCgAOa-7ygCw&ip=220.129.26.102&id=o-AFh9IYRwvBne4ZganFo46dnYZRb1paCyxqzNvq_vqaAb&itag=133&aitags=133%2C134%2C135%2C136%2C137%2C160%2C242%2C243%2C244%2C247%2C248%2C278&source=youtube&requiressl=yes&mh=NS&mm=31%2C29&mn=sn-ipoxu-u2x6%2Csn-un57sn7z&ms=au%2Crdu&mv=m&mvi=5&pl=21&gcr=tw&initcwndbps=737500&vprv=1&mime=video%2Fmp4&ns=BeWDl5u9hBVfZVzhqGTEfPsF&gir=yes&clen=433877&dur=213.040&lmt=1598894316641920&mt=1610345794&fvip=5&keepalive=yes&c=WEB&txp=2316222&n=ICQKVugaD8lBYl&sparams=expire%2Cei%2Cip%2Cid%2Caitags%2Csource%2Crequiressl%2Cgcr%2Cvprv%2Cmime%2Cns%2Cgir%2Cclen%2Cdur%2Clmt&lsparams=mh%2Cmm%2Cmn%2Cms%2Cmv%2Cmvi%2Cpl%2Cinitcwndbps&lsig=AG3C_xAwRgIhALEvVnbHLpOo77k2FXdFEQf5FDj2u78_Vd7QRYx-VT_UAiEAt0IP2sGVHG9IRM-HaLZom1Ra5dJkBwlzOuhBVlQ-LY8%3D&sig=AOq0QJ8wRQIgNq0z9r_vVaf9nr3XOE1x7zJ3sbYHNPIpYVTzayCtAkgCIQCHvS2iTMk3wh4mWyQSekd-LpU1UUv4StZqiKg6CMGSvg==&ratebypass=yes", "player_url": "/s/player/9f996d3e/player_ias.vflset/en_US/base.js", "ext": "mp4", "height": 240, "format_note": "240p", "vcodec": "avc1.4d400c", "asr": null, "filesize": 433877, "fps": 25, "tbr": 22.105, "width": 240, "acodec": "none", "downloader_options": {"http_chunk_size": 10485760}, "format": "133 - 240x240 (240p)", "protocol": "https", "http_headers": {"User-Agent": "Mozilla/5.0 (Windows NT 10.0; Win64; x64) AppleWebKit/537.36 (KHTML, like Gecko) Chrome/71.0.3557.2 Safari/537.36", "Accept-Charset": "ISO-8859-1,utf-8;q=0.7,*;q=0.7", "Accept": "text/html,application/xhtml+xml,application/xml;q=0.9,*/*;q=0.8", "Accept-Encoding": "gzip, deflate", "Accept-Language": "en-us,en;q=0.5"}}, {"format_id": "244", "url": "https://r5---sn-ipoxu-u2x6.googlevideo.com/videoplayback?expire=1610368121&ei=GfD7X5XbDNDCgAOa-7ygCw&ip=220.129.26.102&id=o-AFh9IYRwvBne4ZganFo46dnYZRb1paCyxqzNvq_vqaAb&itag=244&aitags=133%2C134%2C135%2C136%2C137%2C160%2C242%2C243%2C244%2C247%2C248%2C278&source=youtube&requiressl=yes&mh=NS&mm=31%2C29&mn=sn-ipoxu-u2x6%2Csn-un57sn7z&ms=au%2Crdu&mv=m&mvi=5&pl=21&gcr=tw&initcwndbps=737500&vprv=1&mime=video%2Fwebm&ns=BeWDl5u9hBVfZVzhqGTEfPsF&gir=yes&clen=446457&dur=213.040&lmt=1598894335596307&mt=1610345794&fvip=5&keepalive=yes&c=WEB&txp=2316222&n=ICQKVugaD8lBYl&sparams=expire%2Cei%2Cip%2Cid%2Caitags%2Csource%2Crequiressl%2Cgcr%2Cvprv%2Cmime%2Cns%2Cgir%2Cclen%2Cdur%2Clmt&lsparams=mh%2Cmm%2Cmn%2Cms%2Cmv%2Cmvi%2Cpl%2Cinitcwndbps&lsig=AG3C_xAwRgIhAIhjm5vf9t0MOT6-beq_WI8faL4bjoWPCIDRd-vb0AufAiEAsL108fOjznosrsaqQQyw1r6RtzBw6zOwgPVJDmwzJD0%3D&sig=AOq0QJ8wRAIhAPzS3OV2uEZ4NYZgSAhnEyE-A_TM8hXAscpMsKkVsQvoAh9IVvaCR15BtobVGhUiP1Iwv04goPGle169iXwKmbwB&ratebypass=yes", "player_url": "/s/player/9f996d3e/player_ias.vflset/en_US/base.js", "ext": "webm", "height": 480, "format_note": "480p", "vcodec": "vp9", "asr": null, "filesize": 446457, "fps": 25, "tbr": 22.197, "width": 480, "acodec": "none", "downloader_options": {"http_chunk_size": 10485760}, "format": "244 - 480x480 (480p)", "protocol": "https", "http_headers": {"User-Agent": "Mozilla/5.0 (Windows NT 10.0; Win64; x64) AppleWebKit/537.36 (KHTML, like Gecko) Chrome/71.0.3557.2 Safari/537.36", "Accept-Charset": "ISO-8859-1,utf-8;q=0.7,*;q=0.7", "Accept": "text/html,application/xhtml+xml,application/xml;q=0.9,*/*;q=0.8", "Accept-Encoding": "gzip, deflate", "Accept-Language": "en-us,en;q=0.5"}}, {"format_id": "134", "url": "https://r5---sn-ipoxu-u2x6.googlevideo.com/videoplayback?expire=1610368121&ei=GfD7X5XbDNDCgAOa-7ygCw&ip=220.129.26.102&id=o-AFh9IYRwvBne4ZganFo46dnYZRb1paCyxqzNvq_vqaAb&itag=134&aitags=133%2C134%2C135%2C136%2C137%2C160%2C242%2C243%2C244%2C247%2C248%2C278&source=youtube&requiressl=yes&mh=NS&mm=31%2C29&mn=sn-ipoxu-u2x6%2Csn-un57sn7z&ms=au%2Crdu&mv=m&mvi=5&pl=21&gcr=tw&initcwndbps=737500&vprv=1&mime=video%2Fmp4&ns=BeWDl5u9hBVfZVzhqGTEfPsF&gir=yes&clen=635682&dur=213.040&lmt=1598894316642840&mt=1610345794&fvip=5&keepalive=yes&c=WEB&txp=2316222&n=ICQKVugaD8lBYl&sparams=expire%2Cei%2Cip%2Cid%2Caitags%2Csource%2Crequiressl%2Cgcr%2Cvprv%2Cmime%2Cns%2Cgir%2Cclen%2Cdur%2Clmt&lsparams=mh%2Cmm%2Cmn%2Cms%2Cmv%2Cmvi%2Cpl%2Cinitcwndbps&lsig=AG3C_xAwRgIhAImHi8bZBgAjpBYzw6u6OQuBSIt0CrSPTruOwuzCXk8OAiEAwI3wrfuUESSpmT0Am6A1CMIp7MkDUA68swom-lBoT_c%3D&sig=AOq0QJ8wRQIhANtcZ3DhFxBjC2PauU-V7laEK8crvhlRqE4huh3nwJ35AiAFK6RtFhWVq4a0OV3RAq5iTIAF9wC7_vspKYYsClajsQ==&ratebypass=yes", "player_url": "/s/player/9f996d3e/player_ias.vflset/en_US/base.js", "ext": "mp4", "height": 360, "format_note": "360p", "vcodec": "avc1.4d4015", "asr": null, "filesize": 635682, "fps": 25, "tbr": 32.62, "width": 360, "acodec": "none", "downloader_options": {"http_chunk_size": 10485760}, "format": "134 - 360x360 (360p)", "protocol": "https", "http_headers": {"User-Agent": "Mozilla/5.0 (Windows NT 10.0; Win64; x64) AppleWebKit/537.36 (KHTML, like Gecko) Chrome/71.0.3557.2 Safari/537.36", "Accept-Charset": "ISO-8859-1,utf-8;q=0.7,*;q=0.7", "Accept": "text/html,application/xhtml+xml,application/xml;q=0.9,*/*;q=0.8", "Accept-Encoding": "gzip, deflate", "Accept-Language": "en-us,en;q=0.5"}}, {"format_id": "247", "url": "https://r5---sn-ipoxu-u2x6.googlevideo.com/videoplayback?expire=1610368121&ei=GfD7X5XbDNDCgAOa-7ygCw&ip=220.129.26.102&id=o-AFh9IYRwvBne4ZganFo46dnYZRb1paCyxqzNvq_vqaAb&itag=247&aitags=133%2C134%2C135%2C136%2C137%2C160%2C242%2C243%2C244%2C247%2C248%2C278&source=youtube&requiressl=yes&mh=NS&mm=31%2C29&mn=sn-ipoxu-u2x6%2Csn-un57sn7z&ms=au%2Crdu&mv=m&mvi=5&pl=21&gcr=tw&initcwndbps=737500&vprv=1&mime=video%2Fwebm&ns=BeWDl5u9hBVfZVzhqGTEfPsF&gir=yes&clen=765363&dur=213.040&lmt=1598894335597654&mt=1610345794&fvip=5&keepalive=yes&c=WEB&txp=2316222&n=ICQKVugaD8lBYl&sparams=expire%2Cei%2Cip%2Cid%2Caitags%2Csource%2Crequiressl%2Cgcr%2Cvprv%2Cmime%2Cns%2Cgir%2Cclen%2Cdur%2Clmt&lsparams=mh%2Cmm%2Cmn%2Cms%2Cmv%2Cmvi%2Cpl%2Cinitcwndbps&lsig=AG3C_xAwRAIgOqXlmGpJAJkyEQ0opKpcM-OEuYEJI01-zBHVusYO7kgCIGizq7Zv4JpT_dLOm9iTN0YJc-CweDLXlToCCuPe7Ube&sig=AOq0QJ8wRAIgTcus0nxA9BevKfgK8sI4aWSWtWchcn0_PgKQW6Q8niYCIHjrTe5kTTdt_BVZrFqrDy2Nrj6Qgb1mm7wxDhug4KJT&ratebypass=yes", "player_url": "/s/player/9f996d3e/player_ias.vflset/en_US/base.js", "ext": "webm", "height": 720, "format_note": "720p", "vcodec": "vp9", "asr": null, "filesize": 765363, "fps": 25, "tbr": 39.351, "width": 720, "acodec": "none", "downloader_options": {"http_chunk_size": 10485760}, "format": "247 - 720x720 (720p)", "protocol": "https", "http_headers": {"User-Agent": "Mozilla/5.0 (Windows NT 10.0; Win64; x64) AppleWebKit/537.36 (KHTML, like Gecko) Chrome/71.0.3557.2 Safari/537.36", "Accept-Charset": "ISO-8859-1,utf-8;q=0.7,*;q=0.7", "Accept": "text/html,application/xhtml+xml,application/xml;q=0.9,*/*;q=0.8", "Accept-Encoding": "gzip, deflate", "Accept-Language": "en-us,en;q=0.5"}}, {"format_id": "135", "url": "https://r5---sn-ipoxu-u2x6.googlevideo.com/videoplayback?expire=1610368121&ei=GfD7X5XbDNDCgAOa-7ygCw&ip=220.129.26.102&id=o-AFh9IYRwvBne4ZganFo46dnYZRb1paCyxqzNvq_vqaAb&itag=135&aitags=133%2C134%2C135%2C136%2C137%2C160%2C242%2C243%2C244%2C247%2C248%2C278&source=youtube&requiressl=yes&mh=NS&mm=31%2C29&mn=sn-ipoxu-u2x6%2Csn-un57sn7z&ms=au%2Crdu&mv=m&mvi=5&pl=21&gcr=tw&initcwndbps=737500&vprv=1&mime=video%2Fmp4&ns=BeWDl5u9hBVfZVzhqGTEfPsF&gir=yes&clen=995664&dur=213.040&lmt=1598894316640687&mt=1610345794&fvip=5&keepalive=yes&c=WEB&txp=2316222&n=ICQKVugaD8lBYl&sparams=expire%2Cei%2Cip%2Cid%2Caitags%2Csource%2Crequiressl%2Cgcr%2Cvprv%2Cmime%2Cns%2Cgir%2Cclen%2Cdur%2Clmt&lsparams=mh%2Cmm%2Cmn%2Cms%2Cmv%2Cmvi%2Cpl%2Cinitcwndbps&lsig=AG3C_xAwRgIhAPx2a8O05kioms55H3cd53pEpQgIV70QQDE0EttOn2b-AiEAwI9r-A7_VPw1Qh4M09UBCzZIwCQ1UqGwSapGe1triRs%3D&sig=AOq0QJ8wRAIgeJlu4tPEhbEwhrs3xf5yO-2nPD0L1rL_R_ARCVV9nwkCIG3nLNFDhTG9Rhbtc-L88UlUlqBfA4rmPPzpYQuWGJrA&ratebypass=yes", "player_url": "/s/player/9f996d3e/player_ias.vflset/en_US/base.js", "ext": "mp4", "height": 480, "format_note": "480p", "vcodec": "avc1.4d401e", "asr": null, "filesize": 995664, "fps": 25, "tbr": 52.287, "width": 480, "acodec": "none", "downloader_options": {"http_chunk_size": 10485760}, "format": "135 - 480x480 (480p)", "protocol": "https", "http_headers": {"User-Agent": "Mozilla/5.0 (Windows NT 10.0; Win64; x64) AppleWebKit/537.36 (KHTML, like Gecko) Chrome/71.0.3557.2 Safari/537.36", "Accept-Charset": "ISO-8859-1,utf-8;q=0.7,*;q=0.7", "Accept": "text/html,application/xhtml+xml,application/xml;q=0.9,*/*;q=0.8", "Accept-Encoding": "gzip, deflate", "Accept-Language": "en-us,en;q=0.5"}}, {"format_id": "248", "url": "https://r5---sn-ipoxu-u2x6.googlevideo.com/videoplayback?expire=1610368121&ei=GfD7X5XbDNDCgAOa-7ygCw&ip=220.129.26.102&id=o-AFh9IYRwvBne4ZganFo46dnYZRb1paCyxqzNvq_vqaAb&itag=248&aitags=133%2C134%2C135%2C136%2C137%2C160%2C242%2C243%2C244%2C247%2C248%2C278&source=youtube&requiressl=yes&mh=NS&mm=31%2C29&mn=sn-ipoxu-u2x6%2Csn-un57sn7z&ms=au%2Crdu&mv=m&mvi=5&pl=21&gcr=tw&initcwndbps=737500&vprv=1&mime=video%2Fwebm&ns=BeWDl5u9hBVfZVzhqGTEfPsF&gir=yes&clen=1229700&dur=213.040&lmt=1598894335600482&mt=1610345794&fvip=5&keepalive=yes&c=WEB&txp=2316222&n=ICQKVugaD8lBYl&sparams=expire%2Cei%2Cip%2Cid%2Caitags%2Csource%2Crequiressl%2Cgcr%2Cvprv%2Cmime%2Cns%2Cgir%2Cclen%2Cdur%2Clmt&lsparams=mh%2Cmm%2Cmn%2Cms%2Cmv%2Cmvi%2Cpl%2Cinitcwndbps&lsig=AG3C_xAwRQIhAIomG0ByqDRWQ_3OHC0IL08_OHmsoYWanDvkHmiJnNGUAiBgS9i5wss9ayRxkli8ylLFaCE4qb3FBr7_bC8eABP0cQ%3D%3D&sig=AOq0QJ8wRAIgMNWzpgsBT1v8bWe2wUaYkxLfYtrGSX1CDeeg1Y17zu0CIFoKpZ1MnHu8r74rbkmJb48CCIjk631OMiEfoRhCvp5P&ratebypass=yes", "player_url": "/s/player/9f996d3e/player_ias.vflset/en_US/base.js", "ext": "webm", "height": 1080, "format_note": "1080p", "vcodec": "vp9", "asr": null, "filesize": 1229700, "fps": 25, "tbr": 58.782, "width": 1080, "acodec": "none", "downloader_options": {"http_chunk_size": 10485760}, "format": "248 - 1080x1080 (1080p)", "protocol": "https", "http_headers": {"User-Agent": "Mozilla/5.0 (Windows NT 10.0; Win64; x64) AppleWebKit/537.36 (KHTML, like Gecko) Chrome/71.0.3557.2 Safari/537.36", "Accept-Charset": "ISO-8859-1,utf-8;q=0.7,*;q=0.7", "Accept": "text/html,application/xhtml+xml,application/xml;q=0.9,*/*;q=0.8", "Accept-Encoding": "gzip, deflate", "Accept-Language": "en-us,en;q=0.5"}}, {"format_id": "136", "url": "https://r5---sn-ipoxu-u2x6.googlevideo.com/videoplayback?expire=1610368121&ei=GfD7X5XbDNDCgAOa-7ygCw&ip=220.129.26.102&id=o-AFh9IYRwvBne4ZganFo46dnYZRb1paCyxqzNvq_vqaAb&itag=136&aitags=133%2C134%2C135%2C136%2C137%2C160%2C242%2C243%2C244%2C247%2C248%2C278&source=youtube&requiressl=yes&mh=NS&mm=31%2C29&mn=sn-ipoxu-u2x6%2Csn-un57sn7z&ms=au%2Crdu&mv=m&mvi=5&pl=21&gcr=tw&initcwndbps=737500&vprv=1&mime=video%2Fmp4&ns=BeWDl5u9hBVfZVzhqGTEfPsF&gir=yes&clen=1615282&dur=213.040&lmt=1598894316641632&mt=1610345794&fvip=5&keepalive=yes&c=WEB&txp=2316222&n=ICQKVugaD8lBYl&sparams=expire%2Cei%2Cip%2Cid%2Caitags%2Csource%2Crequiressl%2Cgcr%2Cvprv%2Cmime%2Cns%2Cgir%2Cclen%2Cdur%2Clmt&lsparams=mh%2Cmm%2Cmn%2Cms%2Cmv%2Cmvi%2Cpl%2Cinitcwndbps&lsig=AG3C_xAwRQIgJhViHM1tyJd-qZkf9fVsciG9vQjiHWM4FBKshR63mwUCIQCz9u7WEoag5oKfE1d6BGvoKTHbh4QT-8hGEA1DtoV8Bg%3D%3D&sig=AOq0QJ8wRgIhAMDsXJ8pSVAlXIdS5OX-_VaZ2L_OqU3KKtUvGQrlP8JnAiEAtRmKN-qvX0d9reSiaZy3OlR4nR1m0WHZH_hd058k964=&ratebypass=yes", "player_url": "/s/player/9f996d3e/player_ias.vflset/en_US/base.js", "ext": "mp4", "height": 720, "format_note": "720p", "vcodec": "avc1.64001f", "asr": null, "filesize": 1615282, "fps": 25, "tbr": 93.841, "width": 720, "acodec": "none", "downloader_options": {"http_chunk_size": 10485760}, "format": "136 - 720x720 (720p)", "protocol": "https", "http_headers": {"User-Agent": "Mozilla/5.0 (Windows NT 10.0; Win64; x64) AppleWebKit/537.36 (KHTML, like Gecko) Chrome/71.0.3557.2 Safari/537.36", "Accept-Charset": "ISO-8859-1,utf-8;q=0.7,*;q=0.7", "Accept": "text/html,application/xhtml+xml,application/xml;q=0.9,*/*;q=0.8", "Accept-Encoding": "gzip, deflate", "Accept-Language": "en-us,en;q=0.5"}}, {"format_id": "137", "url": "https://r5---sn-ipoxu-u2x6.googlevideo.com/videoplayback?expire=1610368121&ei=GfD7X5XbDNDCgAOa-7ygCw&ip=220.129.26.102&id=o-AFh9IYRwvBne4ZganFo46dnYZRb1paCyxqzNvq_vqaAb&itag=137&aitags=133%2C134%2C135%2C136%2C137%2C160%2C242%2C243%2C244%2C247%2C248%2C278&source=youtube&requiressl=yes&mh=NS&mm=31%2C29&mn=sn-ipoxu-u2x6%2Csn-un57sn7z&ms=au%2Crdu&mv=m&mvi=5&pl=21&gcr=tw&initcwndbps=737500&vprv=1&mime=video%2Fmp4&ns=BeWDl5u9hBVfZVzhqGTEfPsF&gir=yes&clen=3182629&dur=213.040&lmt=1598894316639872&mt=1610345794&fvip=5&keepalive=yes&c=WEB&txp=2316222&n=ICQKVugaD8lBYl&sparams=expire%2Cei%2Cip%2Cid%2Caitags%2Csource%2Crequiressl%2Cgcr%2Cvprv%2Cmime%2Cns%2Cgir%2Cclen%2Cdur%2Clmt&lsparams=mh%2Cmm%2Cmn%2Cms%2Cmv%2Cmvi%2Cpl%2Cinitcwndbps&lsig=AG3C_xAwRQIga6F-avovZZmYA3Ysb7c6nf_DNdaJxsPgMfgrO7meegUCIQCMbHkIAjjcH9qcpb_YtBuvZqv03cXqITlAupgBOk75lg%3D%3D&sig=AOq0QJ8wRAIgblXpT6LCk-iax8PntfighlEMaw99hZ8kMqq_5xUQ-5wCIDIgXGapgFITQ29ko0NhFLr6IM1fJFUehiTJtBRDTpKm&ratebypass=yes", "player_url": "/s/player/9f996d3e/player_ias.vflset/en_US/base.js", "ext": "mp4", "height": 1080, "format_note": "1080p", "vcodec": "avc1.640020", "asr": null, "filesize": 3182629, "fps": 25, "tbr": 186.305, "width": 1080, "acodec": "none", "downloader_options": {"http_chunk_size": 10485760}, "format": "137 - 1080x1080 (1080p)", "protocol": "https", "http_headers": {"User-Agent": "Mozilla/5.0 (Windows NT 10.0; Win64; x64) AppleWebKit/537.36 (KHTML, like Gecko) Chrome/71.0.3557.2 Safari/537.36", "Accept-Charset": "ISO-8859-1,utf-8;q=0.7,*;q=0.7", "Accept": "text/html,application/xhtml+xml,application/xml;q=0.9,*/*;q=0.8", "Accept-Encoding": "gzip, deflate", "Accept-Language": "en-us,en;q=0.5"}}, {"format_id": "18", "url": "https://r5---sn-ipoxu-u2x6.googlevideo.com/videoplayback?expire=1610368121&ei=GfD7X5XbDNDCgAOa-7ygCw&ip=220.129.26.102&id=o-AFh9IYRwvBne4ZganFo46dnYZRb1paCyxqzNvq_vqaAb&itag=18&source=youtube&requiressl=yes&mh=NS&mm=31%2C29&mn=sn-ipoxu-u2x6%2Csn-un57sn7z&ms=au%2Crdu&mv=m&mvi=5&pl=21&gcr=tw&initcwndbps=737500&vprv=1&mime=video%2Fmp4&ns=VzrxRbH4zaCBIgyaWz_YUIIF&gir=yes&clen=3033098&ratebypass=yes&dur=213.112&lmt=1598894320062399&mt=1610345794&fvip=5&c=WEB&txp=2310222&n=zIcNswoiOHAqI_&sparams=expire%2Cei%2Cip%2Cid%2Citag%2Csource%2Crequiressl%2Cgcr%2Cvprv%2Cmime%2Cns%2Cgir%2Cclen%2Cratebypass%2Cdur%2Clmt&lsparams=mh%2Cmm%2Cmn%2Cms%2Cmv%2Cmvi%2Cpl%2Cinitcwndbps&lsig=AG3C_xAwRQIhAMbfS0OYq_apXm_F1I3DgBDDXFUMBj9cYaBw1O-cp58iAiBK75njSmtbNWOKORz3jFV-rEZLaZMxmK4xw38DUr5pNg%3D%3D&sig=AOq0QJ8wRQIhAJOt9HlcquuL0zLV41dzAKz6IcuvLruochJ5_aCatAkNAiBemhv3ZboIzzr8ZHiQ3F7OQ1LZybD_WP_Bwi1QV3UI2A==", "player_url": "/s/player/9f996d3e/player_ias.vflset/en_US/base.js", "ext": "mp4", "width": 360, "height": 360, "acodec": "mp4a.40.2", "abr": 96, "vcodec": "avc1.42001E", "asr": 44100, "filesize": 3033098, "format_note": "360p", "fps": 25, "tbr": 113.897, "format": "18 - 360x360 (360p)", "protocol": "https", "http_headers": {"User-Agent": "Mozilla/5.0 (Windows NT 10.0; Win64; x64) AppleWebKit/537.36 (KHTML, like Gecko) Chrome/71.0.3557.2 Safari/537.36", "Accept-Charset": "ISO-8859-1,utf-8;q=0.7,*;q=0.7", "Accept": "text/html,application/xhtml+xml,application/xml;q=0.9,*/*;q=0.8", "Accept-Encoding": "gzip, deflate", "Accept-Language": "en-us,en;q=0.5"}}], "is_live": null, "start_time": null, "end_time": null, "series": null, "season_number": null, "episode_number": null, "track": "Moment of Silence", "artist": "Edvard Kravchuk", "album": "Moment of Silence", "release_date": "20200914", "release_year": 2020, "extractor": "youtube", "webpage_url_basename": "watch", "extractor_key": "Youtube", "playlist": null, "playlist_index": null, "thumbnail": "https://i.ytimg.com/vi_webp/0EWWyyV7RJA/maxresdefault.webp", "display_id": "0EWWyyV7RJA", "requested_subtitles": null, "format_id": "251", "url": "https://r5---sn-ipoxu-u2x6.googlevideo.com/videoplayback?expire=1610368121&ei=GfD7X5XbDNDCgAOa-7ygCw&ip=220.129.26.102&id=o-AFh9IYRwvBne4ZganFo46dnYZRb1paCyxqzNvq_vqaAb&itag=251&source=youtube&requiressl=yes&mh=NS&mm=31%2C29&mn=sn-ipoxu-u2x6%2Csn-un57sn7z&ms=au%2Crdu&mv=m&mvi=5&pl=21&gcr=tw&initcwndbps=737500&vprv=1&mime=audio%2Fwebm&ns=BeWDl5u9hBVfZVzhqGTEfPsF&gir=yes&clen=3887111&dur=213.081&lmt=1598894305771020&mt=1610345794&fvip=5&keepalive=yes&c=WEB&txp=2311222&n=ICQKVugaD8lBYl&sparams=expire%2Cei%2Cip%2Cid%2Citag%2Csource%2Crequiressl%2Cgcr%2Cvprv%2Cmime%2Cns%2Cgir%2Cclen%2Cdur%2Clmt&lsparams=mh%2Cmm%2Cmn%2Cms%2Cmv%2Cmvi%2Cpl%2Cinitcwndbps&lsig=AG3C_xAwRQIgV7Auc6dVghF_TVkae9T2vTgRMGTjbWk7PRuU0JAbJbICIQD5S_uh0daYGVSDbfUxpjG7RQSGmg2WWi7R7xgffWj5hg%3D%3D&sig=AOq0QJ8wRQIhAPChFgYbAH8ttqswRaf0iQcZZbzpkXYile1svdzXuWqJAiArwvTm8BGKaV5BbW1rIt07ljxYTR_obHJ9ne2RdmaJrQ==&ratebypass=yes", "player_url": "/s/player/9f996d3e/player_ias.vflset/en_US/base.js", "ext": "webm", "format_note": "tiny", "acodec": "opus", "abr": 160, "asr": 48000, "filesize": 3887111, "fps": null, "height": null, "tbr": 155.258, "width": null, "vcodec": "none", "downloader_options": {"http_chunk_size": 10485760}, "format": "251 - audio only (tiny)", "protocol": "https", "http_headers": {"User-Agent": "Mozilla/5.0 (Windows NT 10.0; Win64; x64) AppleWebKit/537.36 (KHTML, like Gecko) Chrome/71.0.3557.2 Safari/537.36", "Accept-Charset": "ISO-8859-1,utf-8;q=0.7,*;q=0.7", "Accept": "text/html,application/xhtml+xml,application/xml;q=0.9,*/*;q=0.8", "Accept-Encoding": "gzip, deflate", "Accept-Language": "en-us,en;q=0.5"}}