{"id": "12tDlCQVRtA", "uploader": "Dreaming Hiker - Topic", "uploader_id": "UCgxRgqlkv8L4-I_l8gLcQrw", "uploader_url": "http://www.youtube.com/channel/UCgxRgqlkv8L4-I_l8gLcQrw", "channel_id": "UCgxRgqlkv8L4-I_l8gLcQrw", "channel_url": "http://www.youtube.com/channel/UCgxRgqlkv8L4-I_l8gLcQrw", "upload_date": "20201022", "license": null, "creator": "Dreaming Hiker", "title": "Feathers", "alt_title": "Feathers", "thumbnails": [{"url": "https://i.ytimg.com/vi/12tDlCQVRtA/hqdefault.jpg?sqp=-oaymwEYCKgBEF5IVfKriqkDCwgBFQAAiEIYAXAB&rs=AOn4CLA6gIV6NTUaMBSSXug6DC867bvcDQ", "width": 168, "height": 94, "resolution": "168x94", "id": "0"}, {"url": "https://i.ytimg.com/vi/12tDlCQVRtA/hqdefault.jpg?sqp=-oaymwEYCMQBEG5IVfKriqkDCwgBFQAAiEIYAXAB&rs=AOn4CLCQidx0Hi6pIlYgzne_rCGd9FnJ2g", "width": 196, "height": 110, "resolution": "196x110", "id": "1"}, {"url": "https://i.ytimg.com/vi/12tDlCQVRtA/hqdefault.jpg?sqp=-oaymwEZCPYBEIoBSFXyq4qpAwsIARUAAIhCGAFwAQ==&rs=AOn4CLAvr-P_NXGqzIJY24e8CArYXsUFTg", "width": 246, "height": 138, "resolution": "246x138", "id": "2"}, {"url": "https://i.ytimg.com/vi/12tDlCQVRtA/hqdefault.jpg?sqp=-oaymwEZCNACELwBSFXyq4qpAwsIARUAAIhCGAFwAQ==&rs=AOn4CLDzd8Bugt6Y1VEBAO9fiYMg10G1Aw", "width": 336, "height": 188, "resolution": "336x188", "id": "3"}, {"url": "https://i.ytimg.com/vi_webp/12tDlCQVRtA/maxresdefault.webp", "width": 1920, "height": 1080, "resolution": "1920x1080", "id": "4"}], "description": "Provided to YouTube by TuneCore\n\nFeathers \u00b7 Dreaming Hiker\n\nMoonlight Hours\n\n\u2117 2020 Dream Relaxation\n\nReleased on: 2020-10-23\n\nAuto-generated by YouTube.", "categories": ["Music"], "tags": ["Dreaming Hiker", "Moonlight Hours", "Feathers"], "subtitles": {}, "automatic_captions": {}, "duration": 112, "age_limit": 0, "annotations": null, "chapters": null, "webpage_url": "https://www.youtube.com/watch?v=12tDlCQVRtA", "view_count": 161, "like_count": 4, "dislike_count": null, "average_rating": 5.0, "formats": [{"format_id": "249", "url": "https://r3---sn-5njj-u2xl.googlevideo.com/videoplayback?expire=1608715285&ei=tLfiX8GOOsabrQTWn7XYDg&ip=140.109.134.236&id=o-AA_lI3-uy6-Sx-LeoNZGwFn-MULU1v-2YnczmBwmVfuF&itag=249&source=youtube&requiressl=yes&mh=Ph&mm=31%2C29&mn=sn-5njj-u2xl%2Csn-un57en7e&ms=au%2Crdu&mv=m&mvi=3&pl=16&gcr=tw&initcwndbps=418750&vprv=1&mime=audio%2Fwebm&ns=HId4ZvinjIvjxu_NYBuPQyIF&gir=yes&clen=827402&dur=111.661&lmt=1602614206592454&mt=1608693400&fvip=3&keepalive=yes&c=WEB&txp=2311224&n=Aw7aLOn5eSbg4Ftg&sparams=expire%2Cei%2Cip%2Cid%2Citag%2Csource%2Crequiressl%2Cgcr%2Cvprv%2Cmime%2Cns%2Cgir%2Cclen%2Cdur%2Clmt&lsparams=mh%2Cmm%2Cmn%2Cms%2Cmv%2Cmvi%2Cpl%2Cinitcwndbps&lsig=AG3C_xAwRQIgUizzoze7iraUFdvHFkXskLtZBpT_W_S97bntSr9mPHMCIQDML39kfE2N3vKjockylCv5q0_D2VaV190B83R7x4fBnw%3D%3D&sig=AOq0QJ8wRgIhAKkaO5v2vjZNWih82TK9agnIrSZiytOtru2UnR_VrCSWAiEAxd7KoeHUvGSD6oRXN0iMZt2V9g_HOsIKggYKyHBw9m0=&ratebypass=yes", "player_url": "/s/player/5dd3f3b2/player_ias.vflset/en_US/base.js", "ext": "webm", "format_note": "tiny", "acodec": "opus", "abr": 50, "asr": 48000, "filesize": 827402, "fps": null, "height": null, "tbr": 63.571, "width": null, "vcodec": "none", "downloader_options": {"http_chunk_size": 10485760}, "format": "249 - audio only (tiny)", "protocol": "https", "http_headers": {"User-Agent": "Mozilla/5.0 (Windows NT 10.0; Win64; x64) AppleWebKit/537.36 (KHTML, like Gecko) Chrome/68.0.3440.108 Safari/537.36", "Accept-Charset": "ISO-8859-1,utf-8;q=0.7,*;q=0.7", "Accept": "text/html,application/xhtml+xml,application/xml;q=0.9,*/*;q=0.8", "Accept-Encoding": "gzip, deflate", "Accept-Language": "en-us,en;q=0.5"}}, {"format_id": "250", "url": "https://r3---sn-5njj-u2xl.googlevideo.com/videoplayback?expire=1608715285&ei=tLfiX8GOOsabrQTWn7XYDg&ip=140.109.134.236&id=o-AA_lI3-uy6-Sx-LeoNZGwFn-MULU1v-2YnczmBwmVfuF&itag=250&source=youtube&requiressl=yes&mh=Ph&mm=31%2C29&mn=sn-5njj-u2xl%2Csn-un57en7e&ms=au%2Crdu&mv=m&mvi=3&pl=16&gcr=tw&initcwndbps=418750&vprv=1&mime=audio%2Fwebm&ns=HId4ZvinjIvjxu_NYBuPQyIF&gir=yes&clen=1091461&dur=111.661&lmt=1602614206643010&mt=1608693400&fvip=3&keepalive=yes&c=WEB&txp=2311224&n=Aw7aLOn5eSbg4Ftg&sparams=expire%2Cei%2Cip%2Cid%2Citag%2Csource%2Crequiressl%2Cgcr%2Cvprv%2Cmime%2Cns%2Cgir%2Cclen%2Cdur%2Clmt&lsparams=mh%2Cmm%2Cmn%2Cms%2Cmv%2Cmvi%2Cpl%2Cinitcwndbps&lsig=AG3C_xAwRQIhAKkhVLdIjJF1SvzCKX3R5PcPw1Qciqy1ZQuOpmcZmaQlAiA5dvRT-yaK8Wc5ffEunudmHhRwswO79dimbbpc8kv1Fg%3D%3D&sig=AOq0QJ8wRQIhAIh1tehut_obFHzixdtoZYXfSP622UtjH1-xnwrKxyx1AiB7ha9GOfmEuiWJLcjSN-9UJfg7L3VmieKVOz9ZWgEVqw==&ratebypass=yes", "player_url": "/s/player/5dd3f3b2/player_ias.vflset/en_US/base.js", "ext": "webm", "format_note": "tiny", "acodec": "opus", "abr": 70, "asr": 48000, "filesize": 1091461, "fps": null, "height": null, "tbr": 83.417, "width": null, "vcodec": "none", "downloader_options": {"http_chunk_size": 10485760}, "format": "250 - audio only (tiny)", "protocol": "https", "http_headers": {"User-Agent": "Mozilla/5.0 (Windows NT 10.0; Win64; x64) AppleWebKit/537.36 (KHTML, like Gecko) Chrome/68.0.3440.108 Safari/537.36", "Accept-Charset": "ISO-8859-1,utf-8;q=0.7,*;q=0.7", "Accept": "text/html,application/xhtml+xml,application/xml;q=0.9,*/*;q=0.8", "Accept-Encoding": "gzip, deflate", "Accept-Language": "en-us,en;q=0.5"}}, {"format_id": "140", "url": "https://r3---sn-5njj-u2xl.googlevideo.com/videoplayback?expire=1608715285&ei=tLfiX8GOOsabrQTWn7XYDg&ip=140.109.134.236&id=o-AA_lI3-uy6-Sx-LeoNZGwFn-MULU1v-2YnczmBwmVfuF&itag=140&source=youtube&requiressl=yes&mh=Ph&mm=31%2C29&mn=sn-5njj-u2xl%2Csn-un57en7e&ms=au%2Crdu&mv=m&mvi=3&pl=16&gcr=tw&initcwndbps=418750&vprv=1&mime=audio%2Fmp4&ns=HId4ZvinjIvjxu_NYBuPQyIF&gir=yes&clen=1808655&dur=111.650&lmt=1602610157129368&mt=1608693400&fvip=3&keepalive=yes&c=WEB&txp=2311222&n=Aw7aLOn5eSbg4Ftg&sparams=expire%2Cei%2Cip%2Cid%2Citag%2Csource%2Crequiressl%2Cgcr%2Cvprv%2Cmime%2Cns%2Cgir%2Cclen%2Cdur%2Clmt&lsparams=mh%2Cmm%2Cmn%2Cms%2Cmv%2Cmvi%2Cpl%2Cinitcwndbps&lsig=AG3C_xAwRQIhAI_leTOZGNBh2SvXdOtrWcZ5Qxz4zrZbl0u27VyWs5EeAiAklgMqFdJhDkByuxu-xCkhdpC1yPdVYQlxwttUnhY4EA%3D%3D&sig=AOq0QJ8wRQIgEWSruUg4RqacOc5KX8wVXV3LiPN9uOF-oDR9SAtMTV0CIQCrplGWt67lDYnMwGMeHiccKefWolsB7TdUwtGMl0RwXg==&ratebypass=yes", "player_url": "/s/player/5dd3f3b2/player_ias.vflset/en_US/base.js", "ext": "m4a", "format_note": "tiny", "acodec": "mp4a.40.2", "abr": 128, "container": "m4a_dash", "asr": 44100, "filesize": 1808655, "fps": null, "height": null, "tbr": 130.887, "width": null, "vcodec": "none", "downloader_options": {"http_chunk_size": 10485760}, "format": "140 - audio only (tiny)", "protocol": "https", "http_headers": {"User-Agent": "Mozilla/5.0 (Windows NT 10.0; Win64; x64) AppleWebKit/537.36 (KHTML, like Gecko) Chrome/68.0.3440.108 Safari/537.36", "Accept-Charset": "ISO-8859-1,utf-8;q=0.7,*;q=0.7", "Accept": "text/html,application/xhtml+xml,application/xml;q=0.9,*/*;q=0.8", "Accept-Encoding": "gzip, deflate", "Accept-Language": "en-us,en;q=0.5"}}, {"format_id": "251", "url": "https://r3---sn-5njj-u2xl.googlevideo.com/videoplayback?expire=1608715285&ei=tLfiX8GOOsabrQTWn7XYDg&ip=140.109.134.236&id=o-AA_lI3-uy6-Sx-LeoNZGwFn-MULU1v-2YnczmBwmVfuF&itag=251&source=youtube&requiressl=yes&mh=Ph&mm=31%2C29&mn=sn-5njj-u2xl%2Csn-un57en7e&ms=au%2Crdu&mv=m&mvi=3&pl=16&gcr=tw&initcwndbps=418750&vprv=1&mime=audio%2Fwebm&ns=HId4ZvinjIvjxu_NYBuPQyIF&gir=yes&clen=2138290&dur=111.661&lmt=1602614206612751&mt=1608693400&fvip=3&keepalive=yes&c=WEB&txp=2311224&n=Aw7aLOn5eSbg4Ftg&sparams=expire%2Cei%2Cip%2Cid%2Citag%2Csource%2Crequiressl%2Cgcr%2Cvprv%2Cmime%2Cns%2Cgir%2Cclen%2Cdur%2Clmt&lsparams=mh%2Cmm%2Cmn%2Cms%2Cmv%2Cmvi%2Cpl%2Cinitcwndbps&lsig=AG3C_xAwRQIhAJ5QhbTRgrGq91C73MHe2rpIFKbQIB6qTQu23kDxw9lXAiADKfTVgLFH9ejLtgexHFOmPPEubRmUOpkXG85fZqDnmQ%3D%3D&sig=AOq0QJ8wRgIhAKB9Nm9d3HTasx7DQdqHkXZBj3rUaVuvXPtYH825Ai9ZAiEAkPRfrH7qyvqJGuQ8CVcl8CBcPVgMDOfeUxw4mRgEz0M=&ratebypass=yes", "player_url": "/s/player/5dd3f3b2/player_ias.vflset/en_US/base.js", "ext": "webm", "format_note": "tiny", "acodec": "opus", "abr": 160, "asr": 48000, "filesize": 2138290, "fps": null, "height": null, "tbr": 161.055, "width": null, "vcodec": "none", "downloader_options": {"http_chunk_size": 10485760}, "format": "251 - audio only (tiny)", "protocol": "https", "http_headers": {"User-Agent": "Mozilla/5.0 (Windows NT 10.0; Win64; x64) AppleWebKit/537.36 (KHTML, like Gecko) Chrome/68.0.3440.108 Safari/537.36", "Accept-Charset": "ISO-8859-1,utf-8;q=0.7,*;q=0.7", "Accept": "text/html,application/xhtml+xml,application/xml;q=0.9,*/*;q=0.8", "Accept-Encoding": "gzip, deflate", "Accept-Language": "en-us,en;q=0.5"}}, {"format_id": "278", "url": "https://r3---sn-5njj-u2xl.googlevideo.com/videoplayback?expire=1608715285&ei=tLfiX8GOOsabrQTWn7XYDg&ip=140.109.134.236&id=o-AA_lI3-uy6-Sx-LeoNZGwFn-MULU1v-2YnczmBwmVfuF&itag=278&aitags=133%2C134%2C135%2C136%2C137%2C160%2C242%2C243%2C244%2C247%2C248%2C278&source=youtube&requiressl=yes&mh=Ph&mm=31%2C29&mn=sn-5njj-u2xl%2Csn-un57en7e&ms=au%2Crdu&mv=m&mvi=3&pl=16&gcr=tw&initcwndbps=418750&vprv=1&mime=video%2Fwebm&ns=HId4ZvinjIvjxu_NYBuPQyIF&gir=yes&clen=279801&dur=111.640&lmt=1602614269557814&mt=1608693400&fvip=3&keepalive=yes&c=WEB&txp=2311224&n=Aw7aLOn5eSbg4Ftg&sparams=expire%2Cei%2Cip%2Cid%2Caitags%2Csource%2Crequiressl%2Cgcr%2Cvprv%2Cmime%2Cns%2Cgir%2Cclen%2Cdur%2Clmt&lsparams=mh%2Cmm%2Cmn%2Cms%2Cmv%2Cmvi%2Cpl%2Cinitcwndbps&lsig=AG3C_xAwRgIhAMK_yu_be_pU-_s0LW5xIJaMO6TpWV1Sr4H4mfTZf2bEAiEA5rp6eS8xsXGeCxT7FISi6PFQOivXOQNQhNJ6XjDJa9g%3D&sig=AOq0QJ8wRAIgJ6xxycqrJJQ05T6o9rIZ0u__cvzShjbwSucPS5Adys0CIB-1By0WetqsKZIFhSjnw61zzthFzzzvar1feB13zSqq&ratebypass=yes", "player_url": "/s/player/5dd3f3b2/player_ias.vflset/en_US/base.js", "ext": "webm", "height": 144, "format_note": "144p", "container": "webm", "vcodec": "vp9", "asr": null, "filesize": 279801, "fps": 25, "tbr": 23.104, "width": 144, "acodec": "none", "downloader_options": {"http_chunk_size": 10485760}, "format": "278 - 144x144 (144p)", "protocol": "https", "http_headers": {"User-Agent": "Mozilla/5.0 (Windows NT 10.0; Win64; x64) AppleWebKit/537.36 (KHTML, like Gecko) Chrome/68.0.3440.108 Safari/537.36", "Accept-Charset": "ISO-8859-1,utf-8;q=0.7,*;q=0.7", "Accept": "text/html,application/xhtml+xml,application/xml;q=0.9,*/*;q=0.8", "Accept-Encoding": "gzip, deflate", "Accept-Language": "en-us,en;q=0.5"}}, {"format_id": "160", "url": "https://r3---sn-5njj-u2xl.googlevideo.com/videoplayback?expire=1608715285&ei=tLfiX8GOOsabrQTWn7XYDg&ip=140.109.134.236&id=o-AA_lI3-uy6-Sx-LeoNZGwFn-MULU1v-2YnczmBwmVfuF&itag=160&aitags=133%2C134%2C135%2C136%2C137%2C160%2C242%2C243%2C244%2C247%2C248%2C278&source=youtube&requiressl=yes&mh=Ph&mm=31%2C29&mn=sn-5njj-u2xl%2Csn-un57en7e&ms=au%2Crdu&mv=m&mvi=3&pl=16&gcr=tw&initcwndbps=418750&vprv=1&mime=video%2Fmp4&ns=HId4ZvinjIvjxu_NYBuPQyIF&gir=yes&clen=524095&dur=111.640&lmt=1602613573878113&mt=1608693400&fvip=3&keepalive=yes&c=WEB&txp=2311222&n=Aw7aLOn5eSbg4Ftg&sparams=expire%2Cei%2Cip%2Cid%2Caitags%2Csource%2Crequiressl%2Cgcr%2Cvprv%2Cmime%2Cns%2Cgir%2Cclen%2Cdur%2Clmt&lsparams=mh%2Cmm%2Cmn%2Cms%2Cmv%2Cmvi%2Cpl%2Cinitcwndbps&lsig=AG3C_xAwRQIgFkNPZ1SjBlipJjtUo10gZQbGbb6lHiIse0aUZyMN8wgCIQCTSjHbCmVtug8_f8HlITodBSyJVh8PdBKRTuIIqhLPgg%3D%3D&sig=AOq0QJ8wRgIhAKsdNMwjU2YwudtFk8g7iRAaynyreY_UZ7P-v-eHFB27AiEAxzoBRBpXXJEX8nLLE5tHXK74EqyforGQjlNSghKQTLw=&ratebypass=yes", "player_url": "/s/player/5dd3f3b2/player_ias.vflset/en_US/base.js", "ext": "mp4", "height": 144, "format_note": "144p", "vcodec": "avc1.4d400b", "asr": null, "filesize": 524095, "fps": 25, "tbr": 42.92, "width": 144, "acodec": "none", "downloader_options": {"http_chunk_size": 10485760}, "format": "160 - 144x144 (144p)", "protocol": "https", "http_headers": {"User-Agent": "Mozilla/5.0 (Windows NT 10.0; Win64; x64) AppleWebKit/537.36 (KHTML, like Gecko) Chrome/68.0.3440.108 Safari/537.36", "Accept-Charset": "ISO-8859-1,utf-8;q=0.7,*;q=0.7", "Accept": "text/html,application/xhtml+xml,application/xml;q=0.9,*/*;q=0.8", "Accept-Encoding": "gzip, deflate", "Accept-Language": "en-us,en;q=0.5"}}, {"format_id": "242", "url": "https://r3---sn-5njj-u2xl.googlevideo.com/videoplayback?expire=1608715285&ei=tLfiX8GOOsabrQTWn7XYDg&ip=140.109.134.236&id=o-AA_lI3-uy6-Sx-LeoNZGwFn-MULU1v-2YnczmBwmVfuF&itag=242&aitags=133%2C134%2C135%2C136%2C137%2C160%2C242%2C243%2C244%2C247%2C248%2C278&source=youtube&requiressl=yes&mh=Ph&mm=31%2C29&mn=sn-5njj-u2xl%2Csn-un57en7e&ms=au%2Crdu&mv=m&mvi=3&pl=16&gcr=tw&initcwndbps=418750&vprv=1&mime=video%2Fwebm&ns=HId4ZvinjIvjxu_NYBuPQyIF&gir=yes&clen=532480&dur=111.640&lmt=1602614269787178&mt=1608693400&fvip=3&keepalive=yes&c=WEB&txp=2311224&n=Aw7aLOn5eSbg4Ftg&sparams=expire%2Cei%2Cip%2Cid%2Caitags%2Csource%2Crequiressl%2Cgcr%2Cvprv%2Cmime%2Cns%2Cgir%2Cclen%2Cdur%2Clmt&lsparams=mh%2Cmm%2Cmn%2Cms%2Cmv%2Cmvi%2Cpl%2Cinitcwndbps&lsig=AG3C_xAwRQIgRz4cCTIrROJHjjd0TP8w9WDLtyxfxE1J0qUoSC_mJ3kCIQCT0_Md-EWMHym3pGAAw7OWsF1VT4SgpVbMdqALQg-1JQ%3D%3D&sig=AOq0QJ8wRQIgYXq_rnhVij4K3Qhb9NGJjqS8ogDUsqKF5co_T-wo5PMCIQDbGcD7XkiELr41Vt2Pu6lpHC5YSFkPIdMyMScx6_wGvg==&ratebypass=yes", "player_url": "/s/player/5dd3f3b2/player_ias.vflset/en_US/base.js", "ext": "webm", "height": 240, "format_note": "240p", "vcodec": "vp9", "asr": null, "filesize": 532480, "fps": 25, "tbr": 45.497, "width": 240, "acodec": "none", "downloader_options": {"http_chunk_size": 10485760}, "format": "242 - 240x240 (240p)", "protocol": "https", "http_headers": {"User-Agent": "Mozilla/5.0 (Windows NT 10.0; Win64; x64) AppleWebKit/537.36 (KHTML, like Gecko) Chrome/68.0.3440.108 Safari/537.36", "Accept-Charset": "ISO-8859-1,utf-8;q=0.7,*;q=0.7", "Accept": "text/html,application/xhtml+xml,application/xml;q=0.9,*/*;q=0.8", "Accept-Encoding": "gzip, deflate", "Accept-Language": "en-us,en;q=0.5"}}, {"format_id": "134", "url": "https://r3---sn-5njj-u2xl.googlevideo.com/videoplayback?expire=1608715285&ei=tLfiX8GOOsabrQTWn7XYDg&ip=140.109.134.236&id=o-AA_lI3-uy6-Sx-LeoNZGwFn-MULU1v-2YnczmBwmVfuF&itag=134&aitags=133%2C134%2C135%2C136%2C137%2C160%2C242%2C243%2C244%2C247%2C248%2C278&source=youtube&requiressl=yes&mh=Ph&mm=31%2C29&mn=sn-5njj-u2xl%2Csn-un57en7e&ms=au%2Crdu&mv=m&mvi=3&pl=16&gcr=tw&initcwndbps=418750&vprv=1&mime=video%2Fmp4&ns=HId4ZvinjIvjxu_NYBuPQyIF&gir=yes&clen=854784&dur=111.640&lmt=1602613573878494&mt=1608693400&fvip=3&keepalive=yes&c=WEB&txp=2311222&n=Aw7aLOn5eSbg4Ftg&sparams=expire%2Cei%2Cip%2Cid%2Caitags%2Csource%2Crequiressl%2Cgcr%2Cvprv%2Cmime%2Cns%2Cgir%2Cclen%2Cdur%2Clmt&lsparams=mh%2Cmm%2Cmn%2Cms%2Cmv%2Cmvi%2Cpl%2Cinitcwndbps&lsig=AG3C_xAwRQIhAIculrOWVAFjJkXdV0pkLdZHGntd1l4CNI7oRinu9InnAiAj_log7Zi6ocVs1QaNnJ4tqRASybGFkvbP4HP88FqReg%3D%3D&sig=AOq0QJ8wRAIgblz3TIi_iW6cqnhgjmEpGs3-HlP7w7_jfrte8ioSRtYCIAydWzwg-PqdZEiqcdc_zk0j6kCqs7dz74pI6z0CzZea&ratebypass=yes", "player_url": "/s/player/5dd3f3b2/player_ias.vflset/en_US/base.js", "ext": "mp4", "height": 360, "format_note": "360p", "vcodec": "avc1.4d4015", "asr": null, "filesize": 854784, "fps": 25, "tbr": 74.133, "width": 360, "acodec": "none", "downloader_options": {"http_chunk_size": 10485760}, "format": "134 - 360x360 (360p)", "protocol": "https", "http_headers": {"User-Agent": "Mozilla/5.0 (Windows NT 10.0; Win64; x64) AppleWebKit/537.36 (KHTML, like Gecko) Chrome/68.0.3440.108 Safari/537.36", "Accept-Charset": "ISO-8859-1,utf-8;q=0.7,*;q=0.7", "Accept": "text/html,application/xhtml+xml,application/xml;q=0.9,*/*;q=0.8", "Accept-Encoding": "gzip, deflate", "Accept-Language": "en-us,en;q=0.5"}}, {"format_id": "243", "url": "https://r3---sn-5njj-u2xl.googlevideo.com/videoplayback?expire=1608715285&ei=tLfiX8GOOsabrQTWn7XYDg&ip=140.109.134.236&id=o-AA_lI3-uy6-Sx-LeoNZGwFn-MULU1v-2YnczmBwmVfuF&itag=243&aitags=133%2C134%2C135%2C136%2C137%2C160%2C242%2C243%2C244%2C247%2C248%2C278&source=youtube&requiressl=yes&mh=Ph&mm=31%2C29&mn=sn-5njj-u2xl%2Csn-un57en7e&ms=au%2Crdu&mv=m&mvi=3&pl=16&gcr=tw&initcwndbps=418750&vprv=1&mime=video%2Fwebm&ns=HId4ZvinjIvjxu_NYBuPQyIF&gir=yes&clen=1011305&dur=111.640&lmt=1602614269739161&mt=1608693400&fvip=3&keepalive=yes&c=WEB&txp=2311224&n=Aw7aLOn5eSbg4Ftg&sparams=expire%2Cei%2Cip%2Cid%2Caitags%2Csource%2Crequiressl%2Cgcr%2Cvprv%2Cmime%2Cns%2Cgir%2Cclen%2Cdur%2Clmt&lsparams=mh%2Cmm%2Cmn%2Cms%2Cmv%2Cmvi%2Cpl%2Cinitcwndbps&lsig=AG3C_xAwRgIhALhr6OGXS735FP_9mmiO0n-NtIxHG9XnXTY5OVVMwV1RAiEAgQgvviCypK6nmODe6SI4ckCrwovDm-hifhp8jc4-7fU%3D&sig=AOq0QJ8wRQIhAPx7xbUXqOgM_WrbHC8HD1_iAh1oQGXzktxt9qtICzn-AiBqFb-mhNiSVriBZiHqo4GvxJUPcJJYw1dweX3uVKh2oA==&ratebypass=yes", "player_url": "/s/player/5dd3f3b2/player_ias.vflset/en_US/base.js", "ext": "webm", "height": 360, "format_note": "360p", "vcodec": "vp9", "asr": null, "filesize": 1011305, "fps": 25, "tbr": 87.176, "width": 360, "acodec": "none", "downloader_options": {"http_chunk_size": 10485760}, "format": "243 - 360x360 (360p)", "protocol": "https", "http_headers": {"User-Agent": "Mozilla/5.0 (Windows NT 10.0; Win64; x64) AppleWebKit/537.36 (KHTML, like Gecko) Chrome/68.0.3440.108 Safari/537.36", "Accept-Charset": "ISO-8859-1,utf-8;q=0.7,*;q=0.7", "Accept": "text/html,application/xhtml+xml,application/xml;q=0.9,*/*;q=0.8", "Accept-Encoding": "gzip, deflate", "Accept-Language": "en-us,en;q=0.5"}}, {"format_id": "133", "url": "https://r3---sn-5njj-u2xl.googlevideo.com/videoplayback?expire=1608715285&ei=tLfiX8GOOsabrQTWn7XYDg&ip=140.109.134.236&id=o-AA_lI3-uy6-Sx-LeoNZGwFn-MULU1v-2YnczmBwmVfuF&itag=133&aitags=133%2C134%2C135%2C136%2C137%2C160%2C242%2C243%2C244%2C247%2C248%2C278&source=youtube&requiressl=yes&mh=Ph&mm=31%2C29&mn=sn-5njj-u2xl%2Csn-un57en7e&ms=au%2Crdu&mv=m&mvi=3&pl=16&gcr=tw&initcwndbps=418750&vprv=1&mime=video%2Fmp4&ns=HId4ZvinjIvjxu_NYBuPQyIF&gir=yes&clen=1338125&dur=111.640&lmt=1602613573872565&mt=1608693400&fvip=3&keepalive=yes&c=WEB&txp=2311222&n=Aw7aLOn5eSbg4Ftg&sparams=expire%2Cei%2Cip%2Cid%2Caitags%2Csource%2Crequiressl%2Cgcr%2Cvprv%2Cmime%2Cns%2Cgir%2Cclen%2Cdur%2Clmt&lsparams=mh%2Cmm%2Cmn%2Cms%2Cmv%2Cmvi%2Cpl%2Cinitcwndbps&lsig=AG3C_xAwRQIhAN5nmXqYffpzcqD_ppv0nOHHt9EYau53ccRI-zzomgnuAiBVmNuRmb7XZth-WeXuEG3IUBYvRlIIUNCqvRlrpFu5fA%3D%3D&sig=AOq0QJ8wRAIgeVDOAgq5rAqM6QLUXn2wFsRZ0oZyB2uppmquXJAUqncCIHlSzEogzGSjEhfWQYovmy1ICYGsMiAsNaljU5xoXU_U&ratebypass=yes", "player_url": "/s/player/5dd3f3b2/player_ias.vflset/en_US/base.js", "ext": "mp4", "height": 240, "format_note": "240p", "vcodec": "avc1.4d400c", "asr": null, "filesize": 1338125, "fps": 25, "tbr": 106.087, "width": 240, "acodec": "none", "downloader_options": {"http_chunk_size": 10485760}, "format": "133 - 240x240 (240p)", "protocol": "https", "http_headers": {"User-Agent": "Mozilla/5.0 (Windows NT 10.0; Win64; x64) AppleWebKit/537.36 (KHTML, like Gecko) Chrome/68.0.3440.108 Safari/537.36", "Accept-Charset": "ISO-8859-1,utf-8;q=0.7,*;q=0.7", "Accept": "text/html,application/xhtml+xml,application/xml;q=0.9,*/*;q=0.8", "Accept-Encoding": "gzip, deflate", "Accept-Language": "en-us,en;q=0.5"}}, {"format_id": "135", "url": "https://r3---sn-5njj-u2xl.googlevideo.com/videoplayback?expire=1608715285&ei=tLfiX8GOOsabrQTWn7XYDg&ip=140.109.134.236&id=o-AA_lI3-uy6-Sx-LeoNZGwFn-MULU1v-2YnczmBwmVfuF&itag=135&aitags=133%2C134%2C135%2C136%2C137%2C160%2C242%2C243%2C244%2C247%2C248%2C278&source=youtube&requiressl=yes&mh=Ph&mm=31%2C29&mn=sn-5njj-u2xl%2Csn-un57en7e&ms=au%2Crdu&mv=m&mvi=3&pl=16&gcr=tw&initcwndbps=418750&vprv=1&mime=video%2Fmp4&ns=HId4ZvinjIvjxu_NYBuPQyIF&gir=yes&clen=1641791&dur=111.640&lmt=1602613573868032&mt=1608693400&fvip=3&keepalive=yes&c=WEB&txp=2311222&n=Aw7aLOn5eSbg4Ftg&sparams=expire%2Cei%2Cip%2Cid%2Caitags%2Csource%2Crequiressl%2Cgcr%2Cvprv%2Cmime%2Cns%2Cgir%2Cclen%2Cdur%2Clmt&lsparams=mh%2Cmm%2Cmn%2Cms%2Cmv%2Cmvi%2Cpl%2Cinitcwndbps&lsig=AG3C_xAwRQIgRMrfD7USnvVvB5nRfPpORC9Qq0GM6bEibuFNiQiPLwgCIQCvoJ6jdYHfZt2drWNuIoNEUtDM9xiQbY9VOsd7AmDLWQ%3D%3D&sig=AOq0QJ8wRQIhAMJtNKM-s5jJ3BFIRgyoSpqNe2ucgjwHHieywkv1j2qTAiBp_vm-EblhWkxU6r5Na4lCJlPNecrsxuntN04q6cTyWg==&ratebypass=yes", "player_url": "/s/player/5dd3f3b2/player_ias.vflset/en_US/base.js", "ext": "mp4", "height": 480, "format_note": "480p", "vcodec": "avc1.4d401e", "asr": null, "filesize": 1641791, "fps": 25, "tbr": 143.165, "width": 480, "acodec": "none", "downloader_options": {"http_chunk_size": 10485760}, "format": "135 - 480x480 (480p)", "protocol": "https", "http_headers": {"User-Agent": "Mozilla/5.0 (Windows NT 10.0; Win64; x64) AppleWebKit/537.36 (KHTML, like Gecko) Chrome/68.0.3440.108 Safari/537.36", "Accept-Charset": "ISO-8859-1,utf-8;q=0.7,*;q=0.7", "Accept": "text/html,application/xhtml+xml,application/xml;q=0.9,*/*;q=0.8", "Accept-Encoding": "gzip, deflate", "Accept-Language": "en-us,en;q=0.5"}}, {"format_id": "244", "url": "https://r3---sn-5njj-u2xl.googlevideo.com/videoplayback?expire=1608715285&ei=tLfiX8GOOsabrQTWn7XYDg&ip=140.109.134.236&id=o-AA_lI3-uy6-Sx-LeoNZGwFn-MULU1v-2YnczmBwmVfuF&itag=244&aitags=133%2C134%2C135%2C136%2C137%2C160%2C242%2C243%2C244%2C247%2C248%2C278&source=youtube&requiressl=yes&mh=Ph&mm=31%2C29&mn=sn-5njj-u2xl%2Csn-un57en7e&ms=au%2Crdu&mv=m&mvi=3&pl=16&gcr=tw&initcwndbps=418750&vprv=1&mime=video%2Fwebm&ns=HId4ZvinjIvjxu_NYBuPQyIF&gir=yes&clen=2430963&dur=111.640&lmt=1602614269917450&mt=1608693400&fvip=3&keepalive=yes&c=WEB&txp=2311224&n=Aw7aLOn5eSbg4Ftg&sparams=expire%2Cei%2Cip%2Cid%2Caitags%2Csource%2Crequiressl%2Cgcr%2Cvprv%2Cmime%2Cns%2Cgir%2Cclen%2Cdur%2Clmt&lsparams=mh%2Cmm%2Cmn%2Cms%2Cmv%2Cmvi%2Cpl%2Cinitcwndbps&lsig=AG3C_xAwRQIgXzUt_cVMuvPknXzeqzbekGnwYPG0zAUPnVV3G929G08CIQCpNOv0Q--xHnI8o8iTg6hWG1IKy6JWX0GQhKsjtMwFDA%3D%3D&sig=AOq0QJ8wRQIhAJg9c_-GAcnxR5ibQ0Ltp4roKfupJeoM4ibwLO5kQ4O5AiBx_2tQOFcfGdju7InD0yFqbBLOUIsI5h0X-DR_OwkRiw==&ratebypass=yes", "player_url": "/s/player/5dd3f3b2/player_ias.vflset/en_US/base.js", "ext": "webm", "height": 480, "format_note": "480p", "vcodec": "vp9", "asr": null, "filesize": 2430963, "fps": 25, "tbr": 175.421, "width": 480, "acodec": "none", "downloader_options": {"http_chunk_size": 10485760}, "format": "244 - 480x480 (480p)", "protocol": "https", "http_headers": {"User-Agent": "Mozilla/5.0 (Windows NT 10.0; Win64; x64) AppleWebKit/537.36 (KHTML, like Gecko) Chrome/68.0.3440.108 Safari/537.36", "Accept-Charset": "ISO-8859-1,utf-8;q=0.7,*;q=0.7", "Accept": "text/html,application/xhtml+xml,application/xml;q=0.9,*/*;q=0.8", "Accept-Encoding": "gzip, deflate", "Accept-Language": "en-us,en;q=0.5"}}, {"format_id": "136", "url": "https://r3---sn-5njj-u2xl.googlevideo.com/videoplayback?expire=1608715285&ei=tLfiX8GOOsabrQTWn7XYDg&ip=140.109.134.236&id=o-AA_lI3-uy6-Sx-LeoNZGwFn-MULU1v-2YnczmBwmVfuF&itag=136&aitags=133%2C134%2C135%2C136%2C137%2C160%2C242%2C243%2C244%2C247%2C248%2C278&source=youtube&requiressl=yes&mh=Ph&mm=31%2C29&mn=sn-5njj-u2xl%2Csn-un57en7e&ms=au%2Crdu&mv=m&mvi=3&pl=16&gcr=tw&initcwndbps=418750&vprv=1&mime=video%2Fmp4&ns=HId4ZvinjIvjxu_NYBuPQyIF&gir=yes&clen=3536025&dur=111.640&lmt=1602613573883245&mt=1608693400&fvip=3&keepalive=yes&c=WEB&txp=2311222&n=Aw7aLOn5eSbg4Ftg&sparams=expire%2Cei%2Cip%2Cid%2Caitags%2Csource%2Crequiressl%2Cgcr%2Cvprv%2Cmime%2Cns%2Cgir%2Cclen%2Cdur%2Clmt&lsparams=mh%2Cmm%2Cmn%2Cms%2Cmv%2Cmvi%2Cpl%2Cinitcwndbps&lsig=AG3C_xAwRAIgRHKTqQ-rTkVcoPrqkBtE2sIY5POamrDDS2TamztMXykCIFd_5o6Ug9zbBjvk-CbE2CETni__8M_H8oq42yEjHjSO&sig=AOq0QJ8wRgIhAJu1_AFs1bF3SJPk3kiPL8e-5WKfgQftQvFjXnYHVOiyAiEA0yDNPgRKMoBW15iEgm0MlMUg6L4jWwKsm-gQ2_WuwZg=&ratebypass=yes", "player_url": "/s/player/5dd3f3b2/player_ias.vflset/en_US/base.js", "ext": "mp4", "height": 720, "format_note": "720p", "vcodec": "avc1.4d401f", "asr": null, "filesize": 3536025, "fps": 25, "tbr": 309.384, "width": 720, "acodec": "none", "downloader_options": {"http_chunk_size": 10485760}, "format": "136 - 720x720 (720p)", "protocol": "https", "http_headers": {"User-Agent": "Mozilla/5.0 (Windows NT 10.0; Win64; x64) AppleWebKit/537.36 (KHTML, like Gecko) Chrome/68.0.3440.108 Safari/537.36", "Accept-Charset": "ISO-8859-1,utf-8;q=0.7,*;q=0.7", "Accept": "text/html,application/xhtml+xml,application/xml;q=0.9,*/*;q=0.8", "Accept-Encoding": "gzip, deflate", "Accept-Language": "en-us,en;q=0.5"}}, {"format_id": "247", "url": "https://r3---sn-5njj-u2xl.googlevideo.com/videoplayback?expire=1608715285&ei=tLfiX8GOOsabrQTWn7XYDg&ip=140.109.134.236&id=o-AA_lI3-uy6-Sx-LeoNZGwFn-MULU1v-2YnczmBwmVfuF&itag=247&aitags=133%2C134%2C135%2C136%2C137%2C160%2C242%2C243%2C244%2C247%2C248%2C278&source=youtube&requiressl=yes&mh=Ph&mm=31%2C29&mn=sn-5njj-u2xl%2Csn-un57en7e&ms=au%2Crdu&mv=m&mvi=3&pl=16&gcr=tw&initcwndbps=418750&vprv=1&mime=video%2Fwebm&ns=HId4ZvinjIvjxu_NYBuPQyIF&gir=yes&clen=5420819&dur=111.640&lmt=1602614269946894&mt=1608693400&fvip=3&keepalive=yes&c=WEB&txp=2311224&n=Aw7aLOn5eSbg4Ftg&sparams=expire%2Cei%2Cip%2Cid%2Caitags%2Csource%2Crequiressl%2Cgcr%2Cvprv%2Cmime%2Cns%2Cgir%2Cclen%2Cdur%2Clmt&lsparams=mh%2Cmm%2Cmn%2Cms%2Cmv%2Cmvi%2Cpl%2Cinitcwndbps&lsig=AG3C_xAwRgIhANE7ETxrhsE2ZRBXYAX6I3RXh-RKekusQWlmiaEONcPLAiEA5xkoA9XKMUomvKCs8GnnMPyRMWne7jAGTDsNlYNZw2k%3D&sig=AOq0QJ8wRAIgWawBGIXMd8rMo-Dm_FSPtga_4llwB99Q4-UngQ-I89QCICx4VKXCgYw9O9LcLVj_YLPn59cj9puoc1YYx0QIqZI-&ratebypass=yes", "player_url": "/s/player/5dd3f3b2/player_ias.vflset/en_US/base.js", "ext": "webm", "height": 720, "format_note": "720p", "vcodec": "vp9", "asr": null, "filesize": 5420819, "fps": 25, "tbr": 424.174, "width": 720, "acodec": "none", "downloader_options": {"http_chunk_size": 10485760}, "format": "247 - 720x720 (720p)", "protocol": "https", "http_headers": {"User-Agent": "Mozilla/5.0 (Windows NT 10.0; Win64; x64) AppleWebKit/537.36 (KHTML, like Gecko) Chrome/68.0.3440.108 Safari/537.36", "Accept-Charset": "ISO-8859-1,utf-8;q=0.7,*;q=0.7", "Accept": "text/html,application/xhtml+xml,application/xml;q=0.9,*/*;q=0.8", "Accept-Encoding": "gzip, deflate", "Accept-Language": "en-us,en;q=0.5"}}, {"format_id": "248", "url": "https://r3---sn-5njj-u2xl.googlevideo.com/videoplayback?expire=1608715285&ei=tLfiX8GOOsabrQTWn7XYDg&ip=140.109.134.236&id=o-AA_lI3-uy6-Sx-LeoNZGwFn-MULU1v-2YnczmBwmVfuF&itag=248&aitags=133%2C134%2C135%2C136%2C137%2C160%2C242%2C243%2C244%2C247%2C248%2C278&source=youtube&requiressl=yes&mh=Ph&mm=31%2C29&mn=sn-5njj-u2xl%2Csn-un57en7e&ms=au%2Crdu&mv=m&mvi=3&pl=16&gcr=tw&initcwndbps=418750&vprv=1&mime=video%2Fwebm&ns=HId4ZvinjIvjxu_NYBuPQyIF&gir=yes&clen=7202561&dur=111.640&lmt=1602614269849836&mt=1608693400&fvip=3&keepalive=yes&c=WEB&txp=2311224&n=Aw7aLOn5eSbg4Ftg&sparams=expire%2Cei%2Cip%2Cid%2Caitags%2Csource%2Crequiressl%2Cgcr%2Cvprv%2Cmime%2Cns%2Cgir%2Cclen%2Cdur%2Clmt&lsparams=mh%2Cmm%2Cmn%2Cms%2Cmv%2Cmvi%2Cpl%2Cinitcwndbps&lsig=AG3C_xAwRgIhAPu-SWEm5DFI1IcSZQY3hPuQfhHCLqjeORGKVZWfUzfsAiEAtO7cucu3PsrrHuRfzQ14JgsqPbf0NdJr0sN4GpzGYhQ%3D&sig=AOq0QJ8wRQIhANw5qvQED-q-mdmih5hWpZOAVFOmDrFtyrIerCGhBkiRAiAjYq4IOysvtwVn6xNU9IRHt2hfmkJ3qIAQQNzChap_fw==&ratebypass=yes", "player_url": "/s/player/5dd3f3b2/player_ias.vflset/en_US/base.js", "ext": "webm", "height": 1080, "format_note": "1080p", "vcodec": "vp9", "asr": null, "filesize": 7202561, "fps": 25, "tbr": 621.51, "width": 1080, "acodec": "none", "downloader_options": {"http_chunk_size": 10485760}, "format": "248 - 1080x1080 (1080p)", "protocol": "https", "http_headers": {"User-Agent": "Mozilla/5.0 (Windows NT 10.0; Win64; x64) AppleWebKit/537.36 (KHTML, like Gecko) Chrome/68.0.3440.108 Safari/537.36", "Accept-Charset": "ISO-8859-1,utf-8;q=0.7,*;q=0.7", "Accept": "text/html,application/xhtml+xml,application/xml;q=0.9,*/*;q=0.8", "Accept-Encoding": "gzip, deflate", "Accept-Language": "en-us,en;q=0.5"}}, {"format_id": "137", "url": "https://r3---sn-5njj-u2xl.googlevideo.com/videoplayback?expire=1608715285&ei=tLfiX8GOOsabrQTWn7XYDg&ip=140.109.134.236&id=o-AA_lI3-uy6-Sx-LeoNZGwFn-MULU1v-2YnczmBwmVfuF&itag=137&aitags=133%2C134%2C135%2C136%2C137%2C160%2C242%2C243%2C244%2C247%2C248%2C278&source=youtube&requiressl=yes&mh=Ph&mm=31%2C29&mn=sn-5njj-u2xl%2Csn-un57en7e&ms=au%2Crdu&mv=m&mvi=3&pl=16&gcr=tw&initcwndbps=418750&vprv=1&mime=video%2Fmp4&ns=HId4ZvinjIvjxu_NYBuPQyIF&gir=yes&clen=7631501&dur=111.640&lmt=1602613573868478&mt=1608693400&fvip=3&keepalive=yes&c=WEB&txp=2311222&n=Aw7aLOn5eSbg4Ftg&sparams=expire%2Cei%2Cip%2Cid%2Caitags%2Csource%2Crequiressl%2Cgcr%2Cvprv%2Cmime%2Cns%2Cgir%2Cclen%2Cdur%2Clmt&lsparams=mh%2Cmm%2Cmn%2Cms%2Cmv%2Cmvi%2Cpl%2Cinitcwndbps&lsig=AG3C_xAwRQIhAPoFqly4GLaeHDuLAfot1I07ucA-V5LSfeYCghvAfT0vAiA3pH1Fi_QUvL2O33LvCmaMr7C8EsutfDCwGPD6RxA9gQ%3D%3D&sig=AOq0QJ8wRQIgBh67Nk6ev1yfYLWxMA4PKEnlym6P2zQggokoyhnXwfUCIQDLgVP3BZJnQvR5feCdTPXuUe-cPZqTb2al709xoGerpw==&ratebypass=yes", "player_url": "/s/player/5dd3f3b2/player_ias.vflset/en_US/base.js", "ext": "mp4", "height": 1080, "format_note": "1080p", "vcodec": "avc1.640020", "asr": null, "filesize": 7631501, "fps": 25, "tbr": 669.347, "width": 1080, "acodec": "none", "downloader_options": {"http_chunk_size": 10485760}, "format": "137 - 1080x1080 (1080p)", "protocol": "https", "http_headers": {"User-Agent": "Mozilla/5.0 (Windows NT 10.0; Win64; x64) AppleWebKit/537.36 (KHTML, like Gecko) Chrome/68.0.3440.108 Safari/537.36", "Accept-Charset": "ISO-8859-1,utf-8;q=0.7,*;q=0.7", "Accept": "text/html,application/xhtml+xml,application/xml;q=0.9,*/*;q=0.8", "Accept-Encoding": "gzip, deflate", "Accept-Language": "en-us,en;q=0.5"}}, {"format_id": "18", "url": "https://r3---sn-5njj-u2xl.googlevideo.com/videoplayback?expire=1608715285&ei=tLfiX8GOOsabrQTWn7XYDg&ip=140.109.134.236&id=o-AA_lI3-uy6-Sx-LeoNZGwFn-MULU1v-2YnczmBwmVfuF&itag=18&source=youtube&requiressl=yes&mh=Ph&mm=31%2C29&mn=sn-5njj-u2xl%2Csn-un57en7e&ms=au%2Crdu&mv=m&mvi=3&pl=16&gcr=tw&initcwndbps=418750&vprv=1&mime=video%2Fmp4&ns=AXgF4g7DdAWFTm8SUzrn6-kF&gir=yes&clen=2332979&ratebypass=yes&dur=111.687&lmt=1602610071293556&mt=1608693400&fvip=3&c=WEB&txp=2310222&n=SCo9hK_T3_kJUjt8&sparams=expire%2Cei%2Cip%2Cid%2Citag%2Csource%2Crequiressl%2Cgcr%2Cvprv%2Cmime%2Cns%2Cgir%2Cclen%2Cratebypass%2Cdur%2Clmt&lsparams=mh%2Cmm%2Cmn%2Cms%2Cmv%2Cmvi%2Cpl%2Cinitcwndbps&lsig=AG3C_xAwRgIhALe8B6FiogthXnEaglbUQZ7fn6MQRLhTQsL7-53NA-RmAiEA0daaYGLwPq0mTreo6yBMeMrfVGq1Pxzwy0hlFeDo3AU%3D&sig=AOq0QJ8wRQIhAO21ppBdw1RNQLE6odATPOVrM8nsQJxPc9gYCTm4-iwnAiB3npkgYABXiwrPKaX-zCjmdw9d9KpvA1e4C4LXsFRZPg==", "player_url": "/s/player/5dd3f3b2/player_ias.vflset/en_US/base.js", "ext": "mp4", "width": 360, "height": 360, "acodec": "mp4a.40.2", "abr": 96, "vcodec": "avc1.42001E", "asr": 44100, "filesize": 2332979, "format_note": "360p", "fps": 25, "tbr": 167.178, "format": "18 - 360x360 (360p)", "protocol": "https", "http_headers": {"User-Agent": "Mozilla/5.0 (Windows NT 10.0; Win64; x64) AppleWebKit/537.36 (KHTML, like Gecko) Chrome/68.0.3440.108 Safari/537.36", "Accept-Charset": "ISO-8859-1,utf-8;q=0.7,*;q=0.7", "Accept": "text/html,application/xhtml+xml,application/xml;q=0.9,*/*;q=0.8", "Accept-Encoding": "gzip, deflate", "Accept-Language": "en-us,en;q=0.5"}}], "is_live": null, "start_time": null, "end_time": null, "series": null, "season_number": null, "episode_number": null, "track": "Feathers", "artist": "Dreaming Hiker", "album": "Moonlight Hours", "release_date": "20201023", "release_year": 2020, "extractor": "youtube", "webpage_url_basename": "watch", "extractor_key": "Youtube", "playlist": null, "playlist_index": null, "thumbnail": "https://i.ytimg.com/vi_webp/12tDlCQVRtA/maxresdefault.webp", "display_id": "12tDlCQVRtA", "requested_subtitles": null, "format_id": "251", "url": "https://r3---sn-5njj-u2xl.googlevideo.com/videoplayback?expire=1608715285&ei=tLfiX8GOOsabrQTWn7XYDg&ip=140.109.134.236&id=o-AA_lI3-uy6-Sx-LeoNZGwFn-MULU1v-2YnczmBwmVfuF&itag=251&source=youtube&requiressl=yes&mh=Ph&mm=31%2C29&mn=sn-5njj-u2xl%2Csn-un57en7e&ms=au%2Crdu&mv=m&mvi=3&pl=16&gcr=tw&initcwndbps=418750&vprv=1&mime=audio%2Fwebm&ns=HId4ZvinjIvjxu_NYBuPQyIF&gir=yes&clen=2138290&dur=111.661&lmt=1602614206612751&mt=1608693400&fvip=3&keepalive=yes&c=WEB&txp=2311224&n=Aw7aLOn5eSbg4Ftg&sparams=expire%2Cei%2Cip%2Cid%2Citag%2Csource%2Crequiressl%2Cgcr%2Cvprv%2Cmime%2Cns%2Cgir%2Cclen%2Cdur%2Clmt&lsparams=mh%2Cmm%2Cmn%2Cms%2Cmv%2Cmvi%2Cpl%2Cinitcwndbps&lsig=AG3C_xAwRQIhAJ5QhbTRgrGq91C73MHe2rpIFKbQIB6qTQu23kDxw9lXAiADKfTVgLFH9ejLtgexHFOmPPEubRmUOpkXG85fZqDnmQ%3D%3D&sig=AOq0QJ8wRgIhAKB9Nm9d3HTasx7DQdqHkXZBj3rUaVuvXPtYH825Ai9ZAiEAkPRfrH7qyvqJGuQ8CVcl8CBcPVgMDOfeUxw4mRgEz0M=&ratebypass=yes", "player_url": "/s/player/5dd3f3b2/player_ias.vflset/en_US/base.js", "ext": "webm", "format_note": "tiny", "acodec": "opus", "abr": 160, "asr": 48000, "filesize": 2138290, "fps": null, "height": null, "tbr": 161.055, "width": null, "vcodec": "none", "downloader_options": {"http_chunk_size": 10485760}, "format": "251 - audio only (tiny)", "protocol": "https", "http_headers": {"User-Agent": "Mozilla/5.0 (Windows NT 10.0; Win64; x64) AppleWebKit/537.36 (KHTML, like Gecko) Chrome/68.0.3440.108 Safari/537.36", "Accept-Charset": "ISO-8859-1,utf-8;q=0.7,*;q=0.7", "Accept": "text/html,application/xhtml+xml,application/xml;q=0.9,*/*;q=0.8", "Accept-Encoding": "gzip, deflate", "Accept-Language": "en-us,en;q=0.5"}}