{"id": "5DqIntcmdRI", "uploader": "Alavilla Mailla - Topic", "uploader_id": "UCcm54cqV830F_mFhFIFp-Fg", "uploader_url": "http://www.youtube.com/channel/UCcm54cqV830F_mFhFIFp-Fg", "channel_id": "UCcm54cqV830F_mFhFIFp-Fg", "channel_url": "http://www.youtube.com/channel/UCcm54cqV830F_mFhFIFp-Fg", "upload_date": "20201008", "license": null, "creator": "Alavilla Mailla", "title": "Scenery", "alt_title": "Scenery", "thumbnails": [{"url": "https://i.ytimg.com/vi/5DqIntcmdRI/hqdefault.jpg?sqp=-oaymwEYCKgBEF5IVfKriqkDCwgBFQAAiEIYAXAB&rs=AOn4CLDnYg7gMmJ2FbJC5RZ23HHZDxEJ4w", "width": 168, "height": 94, "resolution": "168x94", "id": "0"}, {"url": "https://i.ytimg.com/vi/5DqIntcmdRI/hqdefault.jpg?sqp=-oaymwEYCMQBEG5IVfKriqkDCwgBFQAAiEIYAXAB&rs=AOn4CLB6-J7Z_Xx80XThPJhm3gvchZXdKQ", "width": 196, "height": 110, "resolution": "196x110", "id": "1"}, {"url": "https://i.ytimg.com/vi/5DqIntcmdRI/hqdefault.jpg?sqp=-oaymwEZCPYBEIoBSFXyq4qpAwsIARUAAIhCGAFwAQ==&rs=AOn4CLAaZDxZBNSL1ZlTvWVd-emY-sQMwQ", "width": 246, "height": 138, "resolution": "246x138", "id": "2"}, {"url": "https://i.ytimg.com/vi/5DqIntcmdRI/hqdefault.jpg?sqp=-oaymwEZCNACELwBSFXyq4qpAwsIARUAAIhCGAFwAQ==&rs=AOn4CLDd2LjV8VGJ9TTdrEIQWw8rvRw1MA", "width": 336, "height": 188, "resolution": "336x188", "id": "3"}, {"url": "https://i.ytimg.com/vi_webp/5DqIntcmdRI/maxresdefault.webp", "width": 1920, "height": 1080, "resolution": "1920x1080", "id": "4"}], "description": "Provided to YouTube by Soundrop\n\nScenery \u00b7 Alavilla Mailla\n\nScenery\n\n\u2117 Ouranio Recordings\n\nReleased on: 2020-10-09\n\nComposer  Lyricist: Matti Paalanen\n\nAuto-generated by YouTube.", "categories": ["Music"], "tags": ["Alavilla Mailla", "Scenery"], "subtitles": {}, "automatic_captions": {}, "duration": 138, "age_limit": 0, "annotations": null, "chapters": null, "webpage_url": "https://www.youtube.com/watch?v=5DqIntcmdRI", "view_count": 94, "like_count": 5, "dislike_count": null, "average_rating": 5.0, "formats": [{"format_id": "249", "url": "https://r4---sn-5njj-u2xe.googlevideo.com/videoplayback?expire=1609941057&ei=4Wv1X6yVHdWFlQSKibGoCQ&ip=140.109.134.180&id=o-APC2Lj57xZoqZ578_q79wiNpexzL2dKVjW5MqsJJqaDT&itag=249&source=youtube&requiressl=yes&mh=9X&mm=31%2C29&mn=sn-5njj-u2xe%2Csn-un57en7s&ms=au%2Crdu&mv=m&mvi=4&pcm2cms=yes&pl=16&gcr=tw&initcwndbps=350000&vprv=1&mime=audio%2Fwebm&ns=_jGd2VFRP8ob6ge2kp__LtQF&gir=yes&clen=1022664&dur=137.841&lmt=1597673478742013&mt=1609919103&fvip=4&keepalive=yes&c=WEB&txp=2311222&n=2YkqYfwX2Nky6b6G&sparams=expire%2Cei%2Cip%2Cid%2Citag%2Csource%2Crequiressl%2Cgcr%2Cvprv%2Cmime%2Cns%2Cgir%2Cclen%2Cdur%2Clmt&lsparams=mh%2Cmm%2Cmn%2Cms%2Cmv%2Cmvi%2Cpcm2cms%2Cpl%2Cinitcwndbps&lsig=AG3C_xAwRAIgRxvs8504AoItvX5oPsfCQFUw80rZB_nGZm0hgJZ4OYICIAbowwa_9V53HzKyQeD3yPLE-FLaoNmXgP9gg3UIDw5i&sig=AOq0QJ8wRQIhAJzmTe4ehGdGkkzIL3Le6cIWoz-nmfEVoC9Ok3UK71OyAiABXU-s_jSApdPqJ_WFk04Rk8RixMN0-lVYpwKyJYNgmQ==&ratebypass=yes", "player_url": "/s/player/5dd3f3b2/player_ias.vflset/en_US/base.js", "ext": "webm", "format_note": "tiny", "acodec": "opus", "abr": 50, "asr": 48000, "filesize": 1022664, "fps": null, "height": null, "tbr": 63.855, "width": null, "vcodec": "none", "downloader_options": {"http_chunk_size": 10485760}, "format": "249 - audio only (tiny)", "protocol": "https", "http_headers": {"User-Agent": "Mozilla/5.0 (Windows NT 10.0; Win64; x64) AppleWebKit/537.36 (KHTML, like Gecko) Chrome/72.0.3602.1 Safari/537.36", "Accept-Charset": "ISO-8859-1,utf-8;q=0.7,*;q=0.7", "Accept": "text/html,application/xhtml+xml,application/xml;q=0.9,*/*;q=0.8", "Accept-Encoding": "gzip, deflate", "Accept-Language": "en-us,en;q=0.5"}}, {"format_id": "250", "url": "https://r4---sn-5njj-u2xe.googlevideo.com/videoplayback?expire=1609941057&ei=4Wv1X6yVHdWFlQSKibGoCQ&ip=140.109.134.180&id=o-APC2Lj57xZoqZ578_q79wiNpexzL2dKVjW5MqsJJqaDT&itag=250&source=youtube&requiressl=yes&mh=9X&mm=31%2C29&mn=sn-5njj-u2xe%2Csn-un57en7s&ms=au%2Crdu&mv=m&mvi=4&pcm2cms=yes&pl=16&gcr=tw&initcwndbps=350000&vprv=1&mime=audio%2Fwebm&ns=_jGd2VFRP8ob6ge2kp__LtQF&gir=yes&clen=1367974&dur=137.841&lmt=1597673515701752&mt=1609919103&fvip=4&keepalive=yes&c=WEB&txp=2311222&n=2YkqYfwX2Nky6b6G&sparams=expire%2Cei%2Cip%2Cid%2Citag%2Csource%2Crequiressl%2Cgcr%2Cvprv%2Cmime%2Cns%2Cgir%2Cclen%2Cdur%2Clmt&lsparams=mh%2Cmm%2Cmn%2Cms%2Cmv%2Cmvi%2Cpcm2cms%2Cpl%2Cinitcwndbps&lsig=AG3C_xAwRgIhAKRO3JdeRyyldg-9qcfU5nnxzjWY3MlT7bU8SELXKhzlAiEAxafhNNixpPgTxe9-w2dvW_p45MOe30_TkkUrQ89Ys1k%3D&sig=AOq0QJ8wRAIgSQUHuw6lpVpYfoz_yQeq6jfFme6HfXFiMTbX012rgiQCIGx3u9Niw73WWf4xf1Pc2Lg4ISWIxqgKQG_6VPYaWEXv&ratebypass=yes", "player_url": "/s/player/5dd3f3b2/player_ias.vflset/en_US/base.js", "ext": "webm", "format_note": "tiny", "acodec": "opus", "abr": 70, "asr": 48000, "filesize": 1367974, "fps": null, "height": null, "tbr": 85.471, "width": null, "vcodec": "none", "downloader_options": {"http_chunk_size": 10485760}, "format": "250 - audio only (tiny)", "protocol": "https", "http_headers": {"User-Agent": "Mozilla/5.0 (Windows NT 10.0; Win64; x64) AppleWebKit/537.36 (KHTML, like Gecko) Chrome/72.0.3602.1 Safari/537.36", "Accept-Charset": "ISO-8859-1,utf-8;q=0.7,*;q=0.7", "Accept": "text/html,application/xhtml+xml,application/xml;q=0.9,*/*;q=0.8", "Accept-Encoding": "gzip, deflate", "Accept-Language": "en-us,en;q=0.5"}}, {"format_id": "140", "url": "https://r4---sn-5njj-u2xe.googlevideo.com/videoplayback?expire=1609941057&ei=4Wv1X6yVHdWFlQSKibGoCQ&ip=140.109.134.180&id=o-APC2Lj57xZoqZ578_q79wiNpexzL2dKVjW5MqsJJqaDT&itag=140&source=youtube&requiressl=yes&mh=9X&mm=31%2C29&mn=sn-5njj-u2xe%2Csn-un57en7s&ms=au%2Crdu&mv=m&mvi=4&pcm2cms=yes&pl=16&gcr=tw&initcwndbps=350000&vprv=1&mime=audio%2Fmp4&ns=_jGd2VFRP8ob6ge2kp__LtQF&gir=yes&clen=2233507&dur=137.819&lmt=1597673493517777&mt=1609919103&fvip=4&keepalive=yes&c=WEB&txp=2311222&n=2YkqYfwX2Nky6b6G&sparams=expire%2Cei%2Cip%2Cid%2Citag%2Csource%2Crequiressl%2Cgcr%2Cvprv%2Cmime%2Cns%2Cgir%2Cclen%2Cdur%2Clmt&lsparams=mh%2Cmm%2Cmn%2Cms%2Cmv%2Cmvi%2Cpcm2cms%2Cpl%2Cinitcwndbps&lsig=AG3C_xAwRQIhAIsIT5FKAkoYr2kbkN7UiR_-HbpfEq2J7y6s-QQqDoLAAiARcZlZ_M2Ogj9v-wuODgKDRdl7zQuvZKFb9pHNjJr83g%3D%3D&sig=AOq0QJ8wRQIhAMYzi1Du1XcNYUh7i_Xgd3P1t2UIvA1TzT-nK9Z37uwwAiBcQPlMYKieW1YCJ-nTAPJ2A-yCjv1Y4SXiyx_sOsJvVA==&ratebypass=yes", "player_url": "/s/player/5dd3f3b2/player_ias.vflset/en_US/base.js", "ext": "m4a", "format_note": "tiny", "acodec": "mp4a.40.2", "abr": 128, "container": "m4a_dash", "asr": 44100, "filesize": 2233507, "fps": null, "height": null, "tbr": 130.961, "width": null, "vcodec": "none", "downloader_options": {"http_chunk_size": 10485760}, "format": "140 - audio only (tiny)", "protocol": "https", "http_headers": {"User-Agent": "Mozilla/5.0 (Windows NT 10.0; Win64; x64) AppleWebKit/537.36 (KHTML, like Gecko) Chrome/72.0.3602.1 Safari/537.36", "Accept-Charset": "ISO-8859-1,utf-8;q=0.7,*;q=0.7", "Accept": "text/html,application/xhtml+xml,application/xml;q=0.9,*/*;q=0.8", "Accept-Encoding": "gzip, deflate", "Accept-Language": "en-us,en;q=0.5"}}, {"format_id": "251", "url": "https://r4---sn-5njj-u2xe.googlevideo.com/videoplayback?expire=1609941057&ei=4Wv1X6yVHdWFlQSKibGoCQ&ip=140.109.134.180&id=o-APC2Lj57xZoqZ578_q79wiNpexzL2dKVjW5MqsJJqaDT&itag=251&source=youtube&requiressl=yes&mh=9X&mm=31%2C29&mn=sn-5njj-u2xe%2Csn-un57en7s&ms=au%2Crdu&mv=m&mvi=4&pcm2cms=yes&pl=16&gcr=tw&initcwndbps=350000&vprv=1&mime=audio%2Fwebm&ns=_jGd2VFRP8ob6ge2kp__LtQF&gir=yes&clen=2640380&dur=137.841&lmt=1597673481564704&mt=1609919103&fvip=4&keepalive=yes&c=WEB&txp=2311222&n=2YkqYfwX2Nky6b6G&sparams=expire%2Cei%2Cip%2Cid%2Citag%2Csource%2Crequiressl%2Cgcr%2Cvprv%2Cmime%2Cns%2Cgir%2Cclen%2Cdur%2Clmt&lsparams=mh%2Cmm%2Cmn%2Cms%2Cmv%2Cmvi%2Cpcm2cms%2Cpl%2Cinitcwndbps&lsig=AG3C_xAwRAIgWQHiyYtailrnJBer-QlelhsjPcIF0mJZkwgSAdXQ4m4CIG-vmjjF_lFYq_JcxZTanVIJrhaeidcmyXJbVnBMmV5o&sig=AOq0QJ8wRQIgFXvq-v3vnRmxtdkZq2jUKz8v0JLK1wuz2hdGjxc3V0wCIQC3REgdLG0509XwtlGsIP4cKWaptIPpK3nmeofnC3JZTw==&ratebypass=yes", "player_url": "/s/player/5dd3f3b2/player_ias.vflset/en_US/base.js", "ext": "webm", "format_note": "tiny", "acodec": "opus", "abr": 160, "asr": 48000, "filesize": 2640380, "fps": null, "height": null, "tbr": 161.832, "width": null, "vcodec": "none", "downloader_options": {"http_chunk_size": 10485760}, "format": "251 - audio only (tiny)", "protocol": "https", "http_headers": {"User-Agent": "Mozilla/5.0 (Windows NT 10.0; Win64; x64) AppleWebKit/537.36 (KHTML, like Gecko) Chrome/72.0.3602.1 Safari/537.36", "Accept-Charset": "ISO-8859-1,utf-8;q=0.7,*;q=0.7", "Accept": "text/html,application/xhtml+xml,application/xml;q=0.9,*/*;q=0.8", "Accept-Encoding": "gzip, deflate", "Accept-Language": "en-us,en;q=0.5"}}, {"format_id": "160", "url": "https://r4---sn-5njj-u2xe.googlevideo.com/videoplayback?expire=1609941057&ei=4Wv1X6yVHdWFlQSKibGoCQ&ip=140.109.134.180&id=o-APC2Lj57xZoqZ578_q79wiNpexzL2dKVjW5MqsJJqaDT&itag=160&aitags=133%2C134%2C135%2C136%2C137%2C160%2C242%2C243%2C244%2C247%2C248%2C278&source=youtube&requiressl=yes&mh=9X&mm=31%2C29&mn=sn-5njj-u2xe%2Csn-un57en7s&ms=au%2Crdu&mv=m&mvi=4&pcm2cms=yes&pl=16&gcr=tw&initcwndbps=350000&vprv=1&mime=video%2Fmp4&ns=_jGd2VFRP8ob6ge2kp__LtQF&gir=yes&clen=204003&dur=137.800&lmt=1597673489817646&mt=1609919103&fvip=4&keepalive=yes&c=WEB&txp=2316222&n=2YkqYfwX2Nky6b6G&sparams=expire%2Cei%2Cip%2Cid%2Caitags%2Csource%2Crequiressl%2Cgcr%2Cvprv%2Cmime%2Cns%2Cgir%2Cclen%2Cdur%2Clmt&lsparams=mh%2Cmm%2Cmn%2Cms%2Cmv%2Cmvi%2Cpcm2cms%2Cpl%2Cinitcwndbps&lsig=AG3C_xAwRQIhAPLoB0jtFhLjFasbdaQVNNU84vAjF4DdxBnH_WBmwx7SAiAJZeZkf1TTKKtKEtmNQ2HodMVwLQ4bwPR75k9_E6C0GA%3D%3D&sig=AOq0QJ8wRgIhAI6tJ6sMjSHvPFhfCFE2d9_Egdr5xi9CvChLVgECwBqWAiEAhEBw1_abmC36jfM8Y0ioKhAtfMBkx6zd18nbSL-AzEU=&ratebypass=yes", "player_url": "/s/player/5dd3f3b2/player_ias.vflset/en_US/base.js", "ext": "mp4", "height": 144, "format_note": "144p", "vcodec": "avc1.4d400b", "asr": null, "filesize": 204003, "fps": 25, "tbr": 13.468, "width": 144, "acodec": "none", "downloader_options": {"http_chunk_size": 10485760}, "format": "160 - 144x144 (144p)", "protocol": "https", "http_headers": {"User-Agent": "Mozilla/5.0 (Windows NT 10.0; Win64; x64) AppleWebKit/537.36 (KHTML, like Gecko) Chrome/72.0.3602.1 Safari/537.36", "Accept-Charset": "ISO-8859-1,utf-8;q=0.7,*;q=0.7", "Accept": "text/html,application/xhtml+xml,application/xml;q=0.9,*/*;q=0.8", "Accept-Encoding": "gzip, deflate", "Accept-Language": "en-us,en;q=0.5"}}, {"format_id": "278", "url": "https://r4---sn-5njj-u2xe.googlevideo.com/videoplayback?expire=1609941057&ei=4Wv1X6yVHdWFlQSKibGoCQ&ip=140.109.134.180&id=o-APC2Lj57xZoqZ578_q79wiNpexzL2dKVjW5MqsJJqaDT&itag=278&aitags=133%2C134%2C135%2C136%2C137%2C160%2C242%2C243%2C244%2C247%2C248%2C278&source=youtube&requiressl=yes&mh=9X&mm=31%2C29&mn=sn-5njj-u2xe%2Csn-un57en7s&ms=au%2Crdu&mv=m&mvi=4&pcm2cms=yes&pl=16&gcr=tw&initcwndbps=350000&vprv=1&mime=video%2Fwebm&ns=_jGd2VFRP8ob6ge2kp__LtQF&gir=yes&clen=242353&dur=137.800&lmt=1597673486978159&mt=1609919103&fvip=4&keepalive=yes&c=WEB&txp=2316222&n=2YkqYfwX2Nky6b6G&sparams=expire%2Cei%2Cip%2Cid%2Caitags%2Csource%2Crequiressl%2Cgcr%2Cvprv%2Cmime%2Cns%2Cgir%2Cclen%2Cdur%2Clmt&lsparams=mh%2Cmm%2Cmn%2Cms%2Cmv%2Cmvi%2Cpcm2cms%2Cpl%2Cinitcwndbps&lsig=AG3C_xAwRQIhAPHaZd2umQiDyYhEi1N-8KMkopCi-0yDgOrpvs-lrsqNAiBQoDVG_loFW5iWv1QKbKPnmk0UMBLZwzJQnZrniVAk9g%3D%3D&sig=AOq0QJ8wRQIhAINWE8SWzxY5F7p9UH6-vU-AHcjSHpc6C0_iKaS78uQoAiAC1IeMcOSZSZRiKJSPSySpEm_tt4IiepJ1z65FMKE8Mg==&ratebypass=yes", "player_url": "/s/player/5dd3f3b2/player_ias.vflset/en_US/base.js", "ext": "webm", "height": 144, "format_note": "144p", "container": "webm", "vcodec": "vp9", "asr": null, "filesize": 242353, "fps": 25, "tbr": 15.051, "width": 144, "acodec": "none", "downloader_options": {"http_chunk_size": 10485760}, "format": "278 - 144x144 (144p)", "protocol": "https", "http_headers": {"User-Agent": "Mozilla/5.0 (Windows NT 10.0; Win64; x64) AppleWebKit/537.36 (KHTML, like Gecko) Chrome/72.0.3602.1 Safari/537.36", "Accept-Charset": "ISO-8859-1,utf-8;q=0.7,*;q=0.7", "Accept": "text/html,application/xhtml+xml,application/xml;q=0.9,*/*;q=0.8", "Accept-Encoding": "gzip, deflate", "Accept-Language": "en-us,en;q=0.5"}}, {"format_id": "242", "url": "https://r4---sn-5njj-u2xe.googlevideo.com/videoplayback?expire=1609941057&ei=4Wv1X6yVHdWFlQSKibGoCQ&ip=140.109.134.180&id=o-APC2Lj57xZoqZ578_q79wiNpexzL2dKVjW5MqsJJqaDT&itag=242&aitags=133%2C134%2C135%2C136%2C137%2C160%2C242%2C243%2C244%2C247%2C248%2C278&source=youtube&requiressl=yes&mh=9X&mm=31%2C29&mn=sn-5njj-u2xe%2Csn-un57en7s&ms=au%2Crdu&mv=m&mvi=4&pcm2cms=yes&pl=16&gcr=tw&initcwndbps=350000&vprv=1&mime=video%2Fwebm&ns=_jGd2VFRP8ob6ge2kp__LtQF&gir=yes&clen=342366&dur=137.800&lmt=1597673486976582&mt=1609919103&fvip=4&keepalive=yes&c=WEB&txp=2316222&n=2YkqYfwX2Nky6b6G&sparams=expire%2Cei%2Cip%2Cid%2Caitags%2Csource%2Crequiressl%2Cgcr%2Cvprv%2Cmime%2Cns%2Cgir%2Cclen%2Cdur%2Clmt&lsparams=mh%2Cmm%2Cmn%2Cms%2Cmv%2Cmvi%2Cpcm2cms%2Cpl%2Cinitcwndbps&lsig=AG3C_xAwRAIgFkhlkuw1LRyXaoqJfpZM4YsoONnRgR_OlkMTFPkdQygCIA9w8Be7dFdmU6G1YdH8tugPPTvsBzXbQWMnPcx4LKKW&sig=AOq0QJ8wRgIhAIQMyJ2KfGj4xuW6-Q0RNJ0Bu0qxIGWb-LiE-MNcu2H_AiEA2EoNTl00Pdx1ynSOKi-BBgVUbBBvfnSqfeIzDY8t7Ec=&ratebypass=yes", "player_url": "/s/player/5dd3f3b2/player_ias.vflset/en_US/base.js", "ext": "webm", "height": 240, "format_note": "240p", "vcodec": "vp9", "asr": null, "filesize": 342366, "fps": 25, "tbr": 21.066, "width": 240, "acodec": "none", "downloader_options": {"http_chunk_size": 10485760}, "format": "242 - 240x240 (240p)", "protocol": "https", "http_headers": {"User-Agent": "Mozilla/5.0 (Windows NT 10.0; Win64; x64) AppleWebKit/537.36 (KHTML, like Gecko) Chrome/72.0.3602.1 Safari/537.36", "Accept-Charset": "ISO-8859-1,utf-8;q=0.7,*;q=0.7", "Accept": "text/html,application/xhtml+xml,application/xml;q=0.9,*/*;q=0.8", "Accept-Encoding": "gzip, deflate", "Accept-Language": "en-us,en;q=0.5"}}, {"format_id": "133", "url": "https://r4---sn-5njj-u2xe.googlevideo.com/videoplayback?expire=1609941057&ei=4Wv1X6yVHdWFlQSKibGoCQ&ip=140.109.134.180&id=o-APC2Lj57xZoqZ578_q79wiNpexzL2dKVjW5MqsJJqaDT&itag=133&aitags=133%2C134%2C135%2C136%2C137%2C160%2C242%2C243%2C244%2C247%2C248%2C278&source=youtube&requiressl=yes&mh=9X&mm=31%2C29&mn=sn-5njj-u2xe%2Csn-un57en7s&ms=au%2Crdu&mv=m&mvi=4&pcm2cms=yes&pl=16&gcr=tw&initcwndbps=350000&vprv=1&mime=video%2Fmp4&ns=_jGd2VFRP8ob6ge2kp__LtQF&gir=yes&clen=376830&dur=137.800&lmt=1597673489876461&mt=1609919103&fvip=4&keepalive=yes&c=WEB&txp=2316222&n=2YkqYfwX2Nky6b6G&sparams=expire%2Cei%2Cip%2Cid%2Caitags%2Csource%2Crequiressl%2Cgcr%2Cvprv%2Cmime%2Cns%2Cgir%2Cclen%2Cdur%2Clmt&lsparams=mh%2Cmm%2Cmn%2Cms%2Cmv%2Cmvi%2Cpcm2cms%2Cpl%2Cinitcwndbps&lsig=AG3C_xAwRQIhAKubQQk15qGZyMRrxhMGCUuo7xTr1fEtYLlnjsknijMSAiApTRCX0GQOxaDi806Jl1RtX5Hpl-23N8pyVQrvFHTCng%3D%3D&sig=AOq0QJ8wRQIhAIIOCnyAnnT2fXEDnLwP4ARggcZ9-xpcn1Z2Aa1b_XASAiAytCMjyejXyNRrMm2AMSArmoZ8IKbuC4OMLdPICYolDQ==&ratebypass=yes", "player_url": "/s/player/5dd3f3b2/player_ias.vflset/en_US/base.js", "ext": "mp4", "height": 240, "format_note": "240p", "vcodec": "avc1.4d400c", "asr": null, "filesize": 376830, "fps": 25, "tbr": 23.47, "width": 240, "acodec": "none", "downloader_options": {"http_chunk_size": 10485760}, "format": "133 - 240x240 (240p)", "protocol": "https", "http_headers": {"User-Agent": "Mozilla/5.0 (Windows NT 10.0; Win64; x64) AppleWebKit/537.36 (KHTML, like Gecko) Chrome/72.0.3602.1 Safari/537.36", "Accept-Charset": "ISO-8859-1,utf-8;q=0.7,*;q=0.7", "Accept": "text/html,application/xhtml+xml,application/xml;q=0.9,*/*;q=0.8", "Accept-Encoding": "gzip, deflate", "Accept-Language": "en-us,en;q=0.5"}}, {"format_id": "243", "url": "https://r4---sn-5njj-u2xe.googlevideo.com/videoplayback?expire=1609941057&ei=4Wv1X6yVHdWFlQSKibGoCQ&ip=140.109.134.180&id=o-APC2Lj57xZoqZ578_q79wiNpexzL2dKVjW5MqsJJqaDT&itag=243&aitags=133%2C134%2C135%2C136%2C137%2C160%2C242%2C243%2C244%2C247%2C248%2C278&source=youtube&requiressl=yes&mh=9X&mm=31%2C29&mn=sn-5njj-u2xe%2Csn-un57en7s&ms=au%2Crdu&mv=m&mvi=4&pcm2cms=yes&pl=16&gcr=tw&initcwndbps=350000&vprv=1&mime=video%2Fwebm&ns=_jGd2VFRP8ob6ge2kp__LtQF&gir=yes&clen=506173&dur=137.800&lmt=1597673487035554&mt=1609919103&fvip=4&keepalive=yes&c=WEB&txp=2316222&n=2YkqYfwX2Nky6b6G&sparams=expire%2Cei%2Cip%2Cid%2Caitags%2Csource%2Crequiressl%2Cgcr%2Cvprv%2Cmime%2Cns%2Cgir%2Cclen%2Cdur%2Clmt&lsparams=mh%2Cmm%2Cmn%2Cms%2Cmv%2Cmvi%2Cpcm2cms%2Cpl%2Cinitcwndbps&lsig=AG3C_xAwRgIhALyG4b6Y7kvCZ4OLCilURITPGtdkhL49YomXMjN0bJ1hAiEAmFmozeiJKGgaDPg4IEXIh6gZ_fPniRlRnMrIO9f6hsQ%3D&sig=AOq0QJ8wRQIgaByU3Izwpdlccr-ExkHB8-Jgs_LOi3p0zLX9OZYb1hUCIQCxrpp3otgqKDFFmbGKhvIzm_lJWNrxesyRAqK3icbkIg==&ratebypass=yes", "player_url": "/s/player/5dd3f3b2/player_ias.vflset/en_US/base.js", "ext": "webm", "height": 360, "format_note": "360p", "vcodec": "vp9", "asr": null, "filesize": 506173, "fps": 25, "tbr": 31.287, "width": 360, "acodec": "none", "downloader_options": {"http_chunk_size": 10485760}, "format": "243 - 360x360 (360p)", "protocol": "https", "http_headers": {"User-Agent": "Mozilla/5.0 (Windows NT 10.0; Win64; x64) AppleWebKit/537.36 (KHTML, like Gecko) Chrome/72.0.3602.1 Safari/537.36", "Accept-Charset": "ISO-8859-1,utf-8;q=0.7,*;q=0.7", "Accept": "text/html,application/xhtml+xml,application/xml;q=0.9,*/*;q=0.8", "Accept-Encoding": "gzip, deflate", "Accept-Language": "en-us,en;q=0.5"}}, {"format_id": "134", "url": "https://r4---sn-5njj-u2xe.googlevideo.com/videoplayback?expire=1609941057&ei=4Wv1X6yVHdWFlQSKibGoCQ&ip=140.109.134.180&id=o-APC2Lj57xZoqZ578_q79wiNpexzL2dKVjW5MqsJJqaDT&itag=134&aitags=133%2C134%2C135%2C136%2C137%2C160%2C242%2C243%2C244%2C247%2C248%2C278&source=youtube&requiressl=yes&mh=9X&mm=31%2C29&mn=sn-5njj-u2xe%2Csn-un57en7s&ms=au%2Crdu&mv=m&mvi=4&pcm2cms=yes&pl=16&gcr=tw&initcwndbps=350000&vprv=1&mime=video%2Fmp4&ns=_jGd2VFRP8ob6ge2kp__LtQF&gir=yes&clen=619807&dur=137.800&lmt=1597673489817518&mt=1609919103&fvip=4&keepalive=yes&c=WEB&txp=2316222&n=2YkqYfwX2Nky6b6G&sparams=expire%2Cei%2Cip%2Cid%2Caitags%2Csource%2Crequiressl%2Cgcr%2Cvprv%2Cmime%2Cns%2Cgir%2Cclen%2Cdur%2Clmt&lsparams=mh%2Cmm%2Cmn%2Cms%2Cmv%2Cmvi%2Cpcm2cms%2Cpl%2Cinitcwndbps&lsig=AG3C_xAwRAIgPIWv9SB2-flfAMBogu2QPol93uLvZTN2Bg6R5G0n5aUCICkOfI_8_geF9VX7yXJLUHRIl6LRinYTXVIkfcs5VkCf&sig=AOq0QJ8wRQIhANF0_J10svVdcAW8iDRRUq1qXaLsMVpEDitMEE8Ncx_6AiAp53QQIRss6axbxLbkIEu6qxi68tekf4m6fFTg2H5Yng==&ratebypass=yes", "player_url": "/s/player/5dd3f3b2/player_ias.vflset/en_US/base.js", "ext": "mp4", "height": 360, "format_note": "360p", "vcodec": "avc1.4d4015", "asr": null, "filesize": 619807, "fps": 25, "tbr": 38.69, "width": 360, "acodec": "none", "downloader_options": {"http_chunk_size": 10485760}, "format": "134 - 360x360 (360p)", "protocol": "https", "http_headers": {"User-Agent": "Mozilla/5.0 (Windows NT 10.0; Win64; x64) AppleWebKit/537.36 (KHTML, like Gecko) Chrome/72.0.3602.1 Safari/537.36", "Accept-Charset": "ISO-8859-1,utf-8;q=0.7,*;q=0.7", "Accept": "text/html,application/xhtml+xml,application/xml;q=0.9,*/*;q=0.8", "Accept-Encoding": "gzip, deflate", "Accept-Language": "en-us,en;q=0.5"}}, {"format_id": "244", "url": "https://r4---sn-5njj-u2xe.googlevideo.com/videoplayback?expire=1609941057&ei=4Wv1X6yVHdWFlQSKibGoCQ&ip=140.109.134.180&id=o-APC2Lj57xZoqZ578_q79wiNpexzL2dKVjW5MqsJJqaDT&itag=244&aitags=133%2C134%2C135%2C136%2C137%2C160%2C242%2C243%2C244%2C247%2C248%2C278&source=youtube&requiressl=yes&mh=9X&mm=31%2C29&mn=sn-5njj-u2xe%2Csn-un57en7s&ms=au%2Crdu&mv=m&mvi=4&pcm2cms=yes&pl=16&gcr=tw&initcwndbps=350000&vprv=1&mime=video%2Fwebm&ns=_jGd2VFRP8ob6ge2kp__LtQF&gir=yes&clen=639517&dur=137.800&lmt=1597673486977875&mt=1609919103&fvip=4&keepalive=yes&c=WEB&txp=2316222&n=2YkqYfwX2Nky6b6G&sparams=expire%2Cei%2Cip%2Cid%2Caitags%2Csource%2Crequiressl%2Cgcr%2Cvprv%2Cmime%2Cns%2Cgir%2Cclen%2Cdur%2Clmt&lsparams=mh%2Cmm%2Cmn%2Cms%2Cmv%2Cmvi%2Cpcm2cms%2Cpl%2Cinitcwndbps&lsig=AG3C_xAwRgIhAJxZoomCbDLJxI8gOi9iXNTDVI9u-AzWp7vu3hJ5UDokAiEA33zAR8DIgbJ8l_6x5nag2WHKMIUVSBJJtszJTnUJWvk%3D&sig=AOq0QJ8wRgIhAJHaPk4fUsQiBTCjU2hQPQMwX3MOPuEDYzIeRgu3NYAAAiEAi3fK_mSYfg_PRgEl8PDijYcPHlZ2N09b2ypevpjuOcg=&ratebypass=yes", "player_url": "/s/player/5dd3f3b2/player_ias.vflset/en_US/base.js", "ext": "webm", "height": 480, "format_note": "480p", "vcodec": "vp9", "asr": null, "filesize": 639517, "fps": 25, "tbr": 40.03, "width": 480, "acodec": "none", "downloader_options": {"http_chunk_size": 10485760}, "format": "244 - 480x480 (480p)", "protocol": "https", "http_headers": {"User-Agent": "Mozilla/5.0 (Windows NT 10.0; Win64; x64) AppleWebKit/537.36 (KHTML, like Gecko) Chrome/72.0.3602.1 Safari/537.36", "Accept-Charset": "ISO-8859-1,utf-8;q=0.7,*;q=0.7", "Accept": "text/html,application/xhtml+xml,application/xml;q=0.9,*/*;q=0.8", "Accept-Encoding": "gzip, deflate", "Accept-Language": "en-us,en;q=0.5"}}, {"format_id": "247", "url": "https://r4---sn-5njj-u2xe.googlevideo.com/videoplayback?expire=1609941057&ei=4Wv1X6yVHdWFlQSKibGoCQ&ip=140.109.134.180&id=o-APC2Lj57xZoqZ578_q79wiNpexzL2dKVjW5MqsJJqaDT&itag=247&aitags=133%2C134%2C135%2C136%2C137%2C160%2C242%2C243%2C244%2C247%2C248%2C278&source=youtube&requiressl=yes&mh=9X&mm=31%2C29&mn=sn-5njj-u2xe%2Csn-un57en7s&ms=au%2Crdu&mv=m&mvi=4&pcm2cms=yes&pl=16&gcr=tw&initcwndbps=350000&vprv=1&mime=video%2Fwebm&ns=_jGd2VFRP8ob6ge2kp__LtQF&gir=yes&clen=1073481&dur=137.800&lmt=1597673486972842&mt=1609919103&fvip=4&keepalive=yes&c=WEB&txp=2316222&n=2YkqYfwX2Nky6b6G&sparams=expire%2Cei%2Cip%2Cid%2Caitags%2Csource%2Crequiressl%2Cgcr%2Cvprv%2Cmime%2Cns%2Cgir%2Cclen%2Cdur%2Clmt&lsparams=mh%2Cmm%2Cmn%2Cms%2Cmv%2Cmvi%2Cpcm2cms%2Cpl%2Cinitcwndbps&lsig=AG3C_xAwRAIgPFyJgGdcL3bLSn7F5qELy-EBgzEPmwY-tAdwHQkVs9wCIHVYMTyepBeecht7qERGpKCFl6TdYZ-SgY3CjZhbrvyO&sig=AOq0QJ8wRAIgJIealc5zWpjc07uciCZQVwxbGGrouetamYVfca4YepICIHPJWVV7OOEUChc_Tbsz-nzJNqndyx3XsKd4h-JxG5H8&ratebypass=yes", "player_url": "/s/player/5dd3f3b2/player_ias.vflset/en_US/base.js", "ext": "webm", "height": 720, "format_note": "720p", "vcodec": "vp9", "asr": null, "filesize": 1073481, "fps": 25, "tbr": 67.358, "width": 720, "acodec": "none", "downloader_options": {"http_chunk_size": 10485760}, "format": "247 - 720x720 (720p)", "protocol": "https", "http_headers": {"User-Agent": "Mozilla/5.0 (Windows NT 10.0; Win64; x64) AppleWebKit/537.36 (KHTML, like Gecko) Chrome/72.0.3602.1 Safari/537.36", "Accept-Charset": "ISO-8859-1,utf-8;q=0.7,*;q=0.7", "Accept": "text/html,application/xhtml+xml,application/xml;q=0.9,*/*;q=0.8", "Accept-Encoding": "gzip, deflate", "Accept-Language": "en-us,en;q=0.5"}}, {"format_id": "135", "url": "https://r4---sn-5njj-u2xe.googlevideo.com/videoplayback?expire=1609941057&ei=4Wv1X6yVHdWFlQSKibGoCQ&ip=140.109.134.180&id=o-APC2Lj57xZoqZ578_q79wiNpexzL2dKVjW5MqsJJqaDT&itag=135&aitags=133%2C134%2C135%2C136%2C137%2C160%2C242%2C243%2C244%2C247%2C248%2C278&source=youtube&requiressl=yes&mh=9X&mm=31%2C29&mn=sn-5njj-u2xe%2Csn-un57en7s&ms=au%2Crdu&mv=m&mvi=4&pcm2cms=yes&pl=16&gcr=tw&initcwndbps=350000&vprv=1&mime=video%2Fmp4&ns=_jGd2VFRP8ob6ge2kp__LtQF&gir=yes&clen=1180682&dur=137.800&lmt=1597673489865557&mt=1609919103&fvip=4&keepalive=yes&c=WEB&txp=2316222&n=2YkqYfwX2Nky6b6G&sparams=expire%2Cei%2Cip%2Cid%2Caitags%2Csource%2Crequiressl%2Cgcr%2Cvprv%2Cmime%2Cns%2Cgir%2Cclen%2Cdur%2Clmt&lsparams=mh%2Cmm%2Cmn%2Cms%2Cmv%2Cmvi%2Cpcm2cms%2Cpl%2Cinitcwndbps&lsig=AG3C_xAwRAIgRfY-U0iKj-ZzvSN5SpkYtjZEwh5fH_QTu8gLOXC9bjACIG68dviETd0baZpEXYNxVsQIH3uc-EJupXi9EyUDLT3o&sig=AOq0QJ8wRQIhANWjuUCsxbeuzZi0UMectCvWNbivUjyMmtmWsjyyvPlvAiB49nU1tgYdpRfc2jUpBjrEn84MW2TLBiRMEFeaEegrjA==&ratebypass=yes", "player_url": "/s/player/5dd3f3b2/player_ias.vflset/en_US/base.js", "ext": "mp4", "height": 480, "format_note": "480p", "vcodec": "avc1.4d401e", "asr": null, "filesize": 1180682, "fps": 25, "tbr": 70.22, "width": 480, "acodec": "none", "downloader_options": {"http_chunk_size": 10485760}, "format": "135 - 480x480 (480p)", "protocol": "https", "http_headers": {"User-Agent": "Mozilla/5.0 (Windows NT 10.0; Win64; x64) AppleWebKit/537.36 (KHTML, like Gecko) Chrome/72.0.3602.1 Safari/537.36", "Accept-Charset": "ISO-8859-1,utf-8;q=0.7,*;q=0.7", "Accept": "text/html,application/xhtml+xml,application/xml;q=0.9,*/*;q=0.8", "Accept-Encoding": "gzip, deflate", "Accept-Language": "en-us,en;q=0.5"}}, {"format_id": "248", "url": "https://r4---sn-5njj-u2xe.googlevideo.com/videoplayback?expire=1609941057&ei=4Wv1X6yVHdWFlQSKibGoCQ&ip=140.109.134.180&id=o-APC2Lj57xZoqZ578_q79wiNpexzL2dKVjW5MqsJJqaDT&itag=248&aitags=133%2C134%2C135%2C136%2C137%2C160%2C242%2C243%2C244%2C247%2C248%2C278&source=youtube&requiressl=yes&mh=9X&mm=31%2C29&mn=sn-5njj-u2xe%2Csn-un57en7s&ms=au%2Crdu&mv=m&mvi=4&pcm2cms=yes&pl=16&gcr=tw&initcwndbps=350000&vprv=1&mime=video%2Fwebm&ns=_jGd2VFRP8ob6ge2kp__LtQF&gir=yes&clen=1941035&dur=137.800&lmt=1597673486971740&mt=1609919103&fvip=4&keepalive=yes&c=WEB&txp=2316222&n=2YkqYfwX2Nky6b6G&sparams=expire%2Cei%2Cip%2Cid%2Caitags%2Csource%2Crequiressl%2Cgcr%2Cvprv%2Cmime%2Cns%2Cgir%2Cclen%2Cdur%2Clmt&lsparams=mh%2Cmm%2Cmn%2Cms%2Cmv%2Cmvi%2Cpcm2cms%2Cpl%2Cinitcwndbps&lsig=AG3C_xAwRAIgP9-uo5hla-s2FvtKEHdW7wC0Pji8zZrR4q9OfP2v0DECIDSyswR2o2MftvOtjCehfpmimrpKWwzTEb5W_wPS6ptt&sig=AOq0QJ8wRgIhAOESiHwsmzj3DDS98dYrkJb_YFgmyau0Mh9-hNOvqZVtAiEA5kquaL-EZjdAOAqvU3NlD3rewOD6ovkoUodQE_UCdKo=&ratebypass=yes", "player_url": "/s/player/5dd3f3b2/player_ias.vflset/en_US/base.js", "ext": "webm", "height": 1080, "format_note": "1080p", "vcodec": "vp9", "asr": null, "filesize": 1941035, "fps": 25, "tbr": 115.745, "width": 1080, "acodec": "none", "downloader_options": {"http_chunk_size": 10485760}, "format": "248 - 1080x1080 (1080p)", "protocol": "https", "http_headers": {"User-Agent": "Mozilla/5.0 (Windows NT 10.0; Win64; x64) AppleWebKit/537.36 (KHTML, like Gecko) Chrome/72.0.3602.1 Safari/537.36", "Accept-Charset": "ISO-8859-1,utf-8;q=0.7,*;q=0.7", "Accept": "text/html,application/xhtml+xml,application/xml;q=0.9,*/*;q=0.8", "Accept-Encoding": "gzip, deflate", "Accept-Language": "en-us,en;q=0.5"}}, {"format_id": "136", "url": "https://r4---sn-5njj-u2xe.googlevideo.com/videoplayback?expire=1609941057&ei=4Wv1X6yVHdWFlQSKibGoCQ&ip=140.109.134.180&id=o-APC2Lj57xZoqZ578_q79wiNpexzL2dKVjW5MqsJJqaDT&itag=136&aitags=133%2C134%2C135%2C136%2C137%2C160%2C242%2C243%2C244%2C247%2C248%2C278&source=youtube&requiressl=yes&mh=9X&mm=31%2C29&mn=sn-5njj-u2xe%2Csn-un57en7s&ms=au%2Crdu&mv=m&mvi=4&pcm2cms=yes&pl=16&gcr=tw&initcwndbps=350000&vprv=1&mime=video%2Fmp4&ns=_jGd2VFRP8ob6ge2kp__LtQF&gir=yes&clen=2105337&dur=137.800&lmt=1597673489818551&mt=1609919103&fvip=4&keepalive=yes&c=WEB&txp=2316222&n=2YkqYfwX2Nky6b6G&sparams=expire%2Cei%2Cip%2Cid%2Caitags%2Csource%2Crequiressl%2Cgcr%2Cvprv%2Cmime%2Cns%2Cgir%2Cclen%2Cdur%2Clmt&lsparams=mh%2Cmm%2Cmn%2Cms%2Cmv%2Cmvi%2Cpcm2cms%2Cpl%2Cinitcwndbps&lsig=AG3C_xAwRQIgJpcz2xYwFHgCbXdJrciyKiPhWy5IblHyXFw8-pmhuN4CIQDswmB2P7nYtsBSxuSJPlQ2A2KrtFGPV85yX_seBW-k_A%3D%3D&sig=AOq0QJ8wRQIhAKT1jKIxEwgr0V65rPDiCYN-pifQDytx0K9j0Y6y4Y9uAiBMsEVG2GK_mrOvhW_ibDxYreMkAIhhEhGqrHPEYDdvHg==&ratebypass=yes", "player_url": "/s/player/5dd3f3b2/player_ias.vflset/en_US/base.js", "ext": "mp4", "height": 720, "format_note": "720p", "vcodec": "avc1.64001f", "asr": null, "filesize": 2105337, "fps": 25, "tbr": 132.547, "width": 720, "acodec": "none", "downloader_options": {"http_chunk_size": 10485760}, "format": "136 - 720x720 (720p)", "protocol": "https", "http_headers": {"User-Agent": "Mozilla/5.0 (Windows NT 10.0; Win64; x64) AppleWebKit/537.36 (KHTML, like Gecko) Chrome/72.0.3602.1 Safari/537.36", "Accept-Charset": "ISO-8859-1,utf-8;q=0.7,*;q=0.7", "Accept": "text/html,application/xhtml+xml,application/xml;q=0.9,*/*;q=0.8", "Accept-Encoding": "gzip, deflate", "Accept-Language": "en-us,en;q=0.5"}}, {"format_id": "137", "url": "https://r4---sn-5njj-u2xe.googlevideo.com/videoplayback?expire=1609941057&ei=4Wv1X6yVHdWFlQSKibGoCQ&ip=140.109.134.180&id=o-APC2Lj57xZoqZ578_q79wiNpexzL2dKVjW5MqsJJqaDT&itag=137&aitags=133%2C134%2C135%2C136%2C137%2C160%2C242%2C243%2C244%2C247%2C248%2C278&source=youtube&requiressl=yes&mh=9X&mm=31%2C29&mn=sn-5njj-u2xe%2Csn-un57en7s&ms=au%2Crdu&mv=m&mvi=4&pcm2cms=yes&pl=16&gcr=tw&initcwndbps=350000&vprv=1&mime=video%2Fmp4&ns=_jGd2VFRP8ob6ge2kp__LtQF&gir=yes&clen=4037477&dur=137.800&lmt=1597673489808401&mt=1609919103&fvip=4&keepalive=yes&c=WEB&txp=2316222&n=2YkqYfwX2Nky6b6G&sparams=expire%2Cei%2Cip%2Cid%2Caitags%2Csource%2Crequiressl%2Cgcr%2Cvprv%2Cmime%2Cns%2Cgir%2Cclen%2Cdur%2Clmt&lsparams=mh%2Cmm%2Cmn%2Cms%2Cmv%2Cmvi%2Cpcm2cms%2Cpl%2Cinitcwndbps&lsig=AG3C_xAwRQIgAL5ByJ8rskYeWUQUqtXLL69Bi8ttYO1IaYbD-SIA-SkCIQDt9SORdo0JRucz0IwQTl23CXBGWBpCEvkuMwn-UfzawA%3D%3D&sig=AOq0QJ8wRQIgXBrQYBYuR5xAfAF-iptc0HPGZk6Nr6LX66OeHn5eyHwCIQCnXixwne_eBOe9La0d79domMCduY3It4Cl0mi1s2gXDw==&ratebypass=yes", "player_url": "/s/player/5dd3f3b2/player_ias.vflset/en_US/base.js", "ext": "mp4", "height": 1080, "format_note": "1080p", "vcodec": "avc1.640020", "asr": null, "filesize": 4037477, "fps": 25, "tbr": 254.547, "width": 1080, "acodec": "none", "downloader_options": {"http_chunk_size": 10485760}, "format": "137 - 1080x1080 (1080p)", "protocol": "https", "http_headers": {"User-Agent": "Mozilla/5.0 (Windows NT 10.0; Win64; x64) AppleWebKit/537.36 (KHTML, like Gecko) Chrome/72.0.3602.1 Safari/537.36", "Accept-Charset": "ISO-8859-1,utf-8;q=0.7,*;q=0.7", "Accept": "text/html,application/xhtml+xml,application/xml;q=0.9,*/*;q=0.8", "Accept-Encoding": "gzip, deflate", "Accept-Language": "en-us,en;q=0.5"}}, {"format_id": "18", "url": "https://r4---sn-5njj-u2xe.googlevideo.com/videoplayback?expire=1609941057&ei=4Wv1X6yVHdWFlQSKibGoCQ&ip=140.109.134.180&id=o-APC2Lj57xZoqZ578_q79wiNpexzL2dKVjW5MqsJJqaDT&itag=18&source=youtube&requiressl=yes&mh=9X&mm=31%2C29&mn=sn-5njj-u2xe%2Csn-un57en7s&ms=au%2Crdu&mv=m&mvi=4&pcm2cms=yes&pl=16&gcr=tw&initcwndbps=350000&vprv=1&mime=video%2Fmp4&ns=PAmHC9uoK45NY3QFlIGcJRQF&gir=yes&clen=2385476&ratebypass=yes&dur=137.856&lmt=1597673504118030&mt=1609919103&fvip=4&c=WEB&txp=2316222&n=9EVHTmqc4kX5NYmM&sparams=expire%2Cei%2Cip%2Cid%2Citag%2Csource%2Crequiressl%2Cgcr%2Cvprv%2Cmime%2Cns%2Cgir%2Cclen%2Cratebypass%2Cdur%2Clmt&lsparams=mh%2Cmm%2Cmn%2Cms%2Cmv%2Cmvi%2Cpcm2cms%2Cpl%2Cinitcwndbps&lsig=AG3C_xAwRQIhAN_h3kuKcDMtuz9LNpM0Dh2WexOmJicIE_d8k67oxqh6AiBHUFrpTQfavTYCZK2nyquxzXxn45rbFTJhk91_34zygg%3D%3D&sig=AOq0QJ8wRgIhAJ-ZBQsxIpM2qr_v4fq3nazlTimmP3ojXrEe0ZvObw8WAiEA4Hf0mv7qIbFebdJcM94BTNsVrEzB9aCp34sQ4EwkpWg=", "player_url": "/s/player/5dd3f3b2/player_ias.vflset/en_US/base.js", "ext": "mp4", "width": 360, "height": 360, "acodec": "mp4a.40.2", "abr": 96, "vcodec": "avc1.42001E", "asr": 44100, "filesize": 2385476, "format_note": "360p", "fps": 25, "tbr": 138.489, "format": "18 - 360x360 (360p)", "protocol": "https", "http_headers": {"User-Agent": "Mozilla/5.0 (Windows NT 10.0; Win64; x64) AppleWebKit/537.36 (KHTML, like Gecko) Chrome/72.0.3602.1 Safari/537.36", "Accept-Charset": "ISO-8859-1,utf-8;q=0.7,*;q=0.7", "Accept": "text/html,application/xhtml+xml,application/xml;q=0.9,*/*;q=0.8", "Accept-Encoding": "gzip, deflate", "Accept-Language": "en-us,en;q=0.5"}}], "is_live": null, "start_time": null, "end_time": null, "series": null, "season_number": null, "episode_number": null, "track": "Scenery", "artist": "Alavilla Mailla", "album": "Scenery", "release_date": "20201009", "release_year": 2020, "extractor": "youtube", "webpage_url_basename": "watch", "extractor_key": "Youtube", "playlist": null, "playlist_index": null, "thumbnail": "https://i.ytimg.com/vi_webp/5DqIntcmdRI/maxresdefault.webp", "display_id": "5DqIntcmdRI", "requested_subtitles": null, "format_id": "251", "url": "https://r4---sn-5njj-u2xe.googlevideo.com/videoplayback?expire=1609941057&ei=4Wv1X6yVHdWFlQSKibGoCQ&ip=140.109.134.180&id=o-APC2Lj57xZoqZ578_q79wiNpexzL2dKVjW5MqsJJqaDT&itag=251&source=youtube&requiressl=yes&mh=9X&mm=31%2C29&mn=sn-5njj-u2xe%2Csn-un57en7s&ms=au%2Crdu&mv=m&mvi=4&pcm2cms=yes&pl=16&gcr=tw&initcwndbps=350000&vprv=1&mime=audio%2Fwebm&ns=_jGd2VFRP8ob6ge2kp__LtQF&gir=yes&clen=2640380&dur=137.841&lmt=1597673481564704&mt=1609919103&fvip=4&keepalive=yes&c=WEB&txp=2311222&n=2YkqYfwX2Nky6b6G&sparams=expire%2Cei%2Cip%2Cid%2Citag%2Csource%2Crequiressl%2Cgcr%2Cvprv%2Cmime%2Cns%2Cgir%2Cclen%2Cdur%2Clmt&lsparams=mh%2Cmm%2Cmn%2Cms%2Cmv%2Cmvi%2Cpcm2cms%2Cpl%2Cinitcwndbps&lsig=AG3C_xAwRAIgWQHiyYtailrnJBer-QlelhsjPcIF0mJZkwgSAdXQ4m4CIG-vmjjF_lFYq_JcxZTanVIJrhaeidcmyXJbVnBMmV5o&sig=AOq0QJ8wRQIgFXvq-v3vnRmxtdkZq2jUKz8v0JLK1wuz2hdGjxc3V0wCIQC3REgdLG0509XwtlGsIP4cKWaptIPpK3nmeofnC3JZTw==&ratebypass=yes", "player_url": "/s/player/5dd3f3b2/player_ias.vflset/en_US/base.js", "ext": "webm", "format_note": "tiny", "acodec": "opus", "abr": 160, "asr": 48000, "filesize": 2640380, "fps": null, "height": null, "tbr": 161.832, "width": null, "vcodec": "none", "downloader_options": {"http_chunk_size": 10485760}, "format": "251 - audio only (tiny)", "protocol": "https", "http_headers": {"User-Agent": "Mozilla/5.0 (Windows NT 10.0; Win64; x64) AppleWebKit/537.36 (KHTML, like Gecko) Chrome/72.0.3602.1 Safari/537.36", "Accept-Charset": "ISO-8859-1,utf-8;q=0.7,*;q=0.7", "Accept": "text/html,application/xhtml+xml,application/xml;q=0.9,*/*;q=0.8", "Accept-Encoding": "gzip, deflate", "Accept-Language": "en-us,en;q=0.5"}}