{"id": "aQ4PIaRMLwE", "uploader": "Rich Mortimer - Topic", "uploader_id": "UChnGd9SbXxQYmhuajTkcbOw", "uploader_url": "http://www.youtube.com/channel/UChnGd9SbXxQYmhuajTkcbOw", "channel_id": "UChnGd9SbXxQYmhuajTkcbOw", "channel_url": "http://www.youtube.com/channel/UChnGd9SbXxQYmhuajTkcbOw", "upload_date": "20201202", "license": null, "creator": "Rich Mortimer", "title": "Waves", "alt_title": "Waves", "thumbnails": [{"url": "https://i.ytimg.com/vi/aQ4PIaRMLwE/hqdefault.jpg?sqp=-oaymwEYCKgBEF5IVfKriqkDCwgBFQAAiEIYAXAB&rs=AOn4CLAXumXegJaKmUFDqvGHZUGWWAM1jg", "width": 168, "height": 94, "resolution": "168x94", "id": "0"}, {"url": "https://i.ytimg.com/vi/aQ4PIaRMLwE/hqdefault.jpg?sqp=-oaymwEYCMQBEG5IVfKriqkDCwgBFQAAiEIYAXAB&rs=AOn4CLA3vKgS7CH4nbxXhrHAJJ3x95s6SA", "width": 196, "height": 110, "resolution": "196x110", "id": "1"}, {"url": "https://i.ytimg.com/vi/aQ4PIaRMLwE/hqdefault.jpg?sqp=-oaymwEZCPYBEIoBSFXyq4qpAwsIARUAAIhCGAFwAQ==&rs=AOn4CLCljWdrlrWfX3EvfNiAOG5th2xMlg", "width": 246, "height": 138, "resolution": "246x138", "id": "2"}, {"url": "https://i.ytimg.com/vi/aQ4PIaRMLwE/hqdefault.jpg?sqp=-oaymwEZCNACELwBSFXyq4qpAwsIARUAAIhCGAFwAQ==&rs=AOn4CLCaR2lCr_ZgWXfXP8w0gINroEvY6w", "width": 336, "height": 188, "resolution": "336x188", "id": "3"}, {"url": "https://i.ytimg.com/vi_webp/aQ4PIaRMLwE/maxresdefault.webp", "width": 1920, "height": 1080, "resolution": "1920x1080", "id": "4"}], "description": "Provided to YouTube by TuneCore\n\nWaves \u00b7 Rich Mortimer\n\nWaves\n\n\u2117 2020 Dream Relaxation\n\nReleased on: 2020-12-03\n\nAuto-generated by YouTube.", "categories": ["Music"], "tags": ["Rich Mortimer", "Waves"], "subtitles": {}, "automatic_captions": {}, "duration": 180, "age_limit": 0, "annotations": null, "chapters": null, "webpage_url": "https://www.youtube.com/watch?v=aQ4PIaRMLwE", "view_count": 29, "like_count": 2, "dislike_count": null, "average_rating": 5.0, "formats": [{"format_id": "249", "url": "https://r4---sn-5njj-u2xe.googlevideo.com/videoplayback?expire=1608123787&ei=K7HZX625J8-3s8IP18CxqAs&ip=140.109.135.166&id=o-AD0_i-ib7L6vrnchxS1kH0IuNWt0ystSRSG7r4KPRpWq&itag=249&source=youtube&requiressl=yes&mh=vY&mm=31%2C29&mn=sn-5njj-u2xe%2Csn-un57en7s&ms=au%2Crdu&mv=m&mvi=4&pl=16&gcr=tw&initcwndbps=385000&vprv=1&mime=audio%2Fwebm&ns=TcPr5ZsBKuUCtoDR_5JnRtgF&gir=yes&clen=1319398&dur=179.701&lmt=1604671740879279&mt=1608101795&fvip=4&keepalive=yes&beids=9466586&c=WEB&txp=2311224&n=_dgn6LcWIVywjkiPv&sparams=expire%2Cei%2Cip%2Cid%2Citag%2Csource%2Crequiressl%2Cgcr%2Cvprv%2Cmime%2Cns%2Cgir%2Cclen%2Cdur%2Clmt&lsparams=mh%2Cmm%2Cmn%2Cms%2Cmv%2Cmvi%2Cpl%2Cinitcwndbps&lsig=AG3C_xAwRAIgUKUhA4jF__LXAW42pmn48sw1TPnHVXTjHnxZq6Emb7wCIDXOeSag3DvEpE3lfvus0PJY9XuS9iFkjWkT4N4iukqV&sig=AOq0QJ8wRAIgE7-9QuaDJRWwKRo82sNw4usD_R_JKz-b3rLg5BJlymECIEWqUEvgnq5MSUMOKgt4RZTh0Vqn4n1G3yO42_OjKWQZ&ratebypass=yes", "player_url": "/s/player/62f90c99/player_ias.vflset/en_US/base.js", "ext": "webm", "format_note": "tiny", "acodec": "opus", "abr": 50, "asr": 48000, "filesize": 1319398, "fps": null, "height": null, "tbr": 61.134, "width": null, "vcodec": "none", "downloader_options": {"http_chunk_size": 10485760}, "format": "249 - audio only (tiny)", "protocol": "https", "http_headers": {"User-Agent": "Mozilla/5.0 (Windows NT 10.0; Win64; x64) AppleWebKit/537.36 (KHTML, like Gecko) Chrome/70.0.3538.112 Safari/537.36", "Accept-Charset": "ISO-8859-1,utf-8;q=0.7,*;q=0.7", "Accept": "text/html,application/xhtml+xml,application/xml;q=0.9,*/*;q=0.8", "Accept-Encoding": "gzip, deflate", "Accept-Language": "en-us,en;q=0.5"}}, {"format_id": "250", "url": "https://r4---sn-5njj-u2xe.googlevideo.com/videoplayback?expire=1608123787&ei=K7HZX625J8-3s8IP18CxqAs&ip=140.109.135.166&id=o-AD0_i-ib7L6vrnchxS1kH0IuNWt0ystSRSG7r4KPRpWq&itag=250&source=youtube&requiressl=yes&mh=vY&mm=31%2C29&mn=sn-5njj-u2xe%2Csn-un57en7s&ms=au%2Crdu&mv=m&mvi=4&pl=16&gcr=tw&initcwndbps=385000&vprv=1&mime=audio%2Fwebm&ns=TcPr5ZsBKuUCtoDR_5JnRtgF&gir=yes&clen=1745766&dur=179.701&lmt=1604671731877292&mt=1608101795&fvip=4&keepalive=yes&beids=9466586&c=WEB&txp=2311224&n=_dgn6LcWIVywjkiPv&sparams=expire%2Cei%2Cip%2Cid%2Citag%2Csource%2Crequiressl%2Cgcr%2Cvprv%2Cmime%2Cns%2Cgir%2Cclen%2Cdur%2Clmt&lsparams=mh%2Cmm%2Cmn%2Cms%2Cmv%2Cmvi%2Cpl%2Cinitcwndbps&lsig=AG3C_xAwRgIhAOY3pQkrT8x83ARw101ppBx3Q0MlPGWI3tKGQu-geNpFAiEA2_HonGm-y7C8o_EpGJDFAn0CGDQ1AgpLsW4T6dgaNUk%3D&sig=AOq0QJ8wRQIhANw35A1X6Aa8EgDU439nEg66DQWK85ZyfG6bQhJLTs6BAiA2QthZujzFYnnghpNMtaD5Hc56u41zmSPqiwrlBqUgWg==&ratebypass=yes", "player_url": "/s/player/62f90c99/player_ias.vflset/en_US/base.js", "ext": "webm", "format_note": "tiny", "acodec": "opus", "abr": 70, "asr": 48000, "filesize": 1745766, "fps": null, "height": null, "tbr": 80.309, "width": null, "vcodec": "none", "downloader_options": {"http_chunk_size": 10485760}, "format": "250 - audio only (tiny)", "protocol": "https", "http_headers": {"User-Agent": "Mozilla/5.0 (Windows NT 10.0; Win64; x64) AppleWebKit/537.36 (KHTML, like Gecko) Chrome/70.0.3538.112 Safari/537.36", "Accept-Charset": "ISO-8859-1,utf-8;q=0.7,*;q=0.7", "Accept": "text/html,application/xhtml+xml,application/xml;q=0.9,*/*;q=0.8", "Accept-Encoding": "gzip, deflate", "Accept-Language": "en-us,en;q=0.5"}}, {"format_id": "251", "url": "https://r4---sn-5njj-u2xe.googlevideo.com/videoplayback?expire=1608123787&ei=K7HZX625J8-3s8IP18CxqAs&ip=140.109.135.166&id=o-AD0_i-ib7L6vrnchxS1kH0IuNWt0ystSRSG7r4KPRpWq&itag=251&source=youtube&requiressl=yes&mh=vY&mm=31%2C29&mn=sn-5njj-u2xe%2Csn-un57en7s&ms=au%2Crdu&mv=m&mvi=4&pl=16&gcr=tw&initcwndbps=385000&vprv=1&mime=audio%2Fwebm&ns=TcPr5ZsBKuUCtoDR_5JnRtgF&gir=yes&clen=3415590&dur=179.701&lmt=1604671711816815&mt=1608101795&fvip=4&keepalive=yes&beids=9466586&c=WEB&txp=2311224&n=_dgn6LcWIVywjkiPv&sparams=expire%2Cei%2Cip%2Cid%2Citag%2Csource%2Crequiressl%2Cgcr%2Cvprv%2Cmime%2Cns%2Cgir%2Cclen%2Cdur%2Clmt&lsparams=mh%2Cmm%2Cmn%2Cms%2Cmv%2Cmvi%2Cpl%2Cinitcwndbps&lsig=AG3C_xAwRgIhAMBcvxQWWT5Rc_ua1P7ISjJo5NSzoUMqo5ttzxgnrhG1AiEA6BZjjjFlevlsVeKRgxted7irt4rUU5qNQ7udnzgjmgk%3D&sig=AOq0QJ8wRQIhAMe_jOJOKKHbX0hBlU0JbF5ldN-p6EJ6cCLLVu6SkFIBAiA8hXFFsPjIsJqTHSIllDpTmd3LCaxQbxadr-p9FHRAVA==&ratebypass=yes", "player_url": "/s/player/62f90c99/player_ias.vflset/en_US/base.js", "ext": "webm", "format_note": "tiny", "acodec": "opus", "abr": 160, "asr": 48000, "filesize": 3415590, "fps": null, "height": null, "tbr": 155.108, "width": null, "vcodec": "none", "downloader_options": {"http_chunk_size": 10485760}, "format": "251 - audio only (tiny)", "protocol": "https", "http_headers": {"User-Agent": "Mozilla/5.0 (Windows NT 10.0; Win64; x64) AppleWebKit/537.36 (KHTML, like Gecko) Chrome/70.0.3538.112 Safari/537.36", "Accept-Charset": "ISO-8859-1,utf-8;q=0.7,*;q=0.7", "Accept": "text/html,application/xhtml+xml,application/xml;q=0.9,*/*;q=0.8", "Accept-Encoding": "gzip, deflate", "Accept-Language": "en-us,en;q=0.5"}}, {"format_id": "140", "url": "https://r4---sn-5njj-u2xe.googlevideo.com/videoplayback?expire=1608123787&ei=K7HZX625J8-3s8IP18CxqAs&ip=140.109.135.166&id=o-AD0_i-ib7L6vrnchxS1kH0IuNWt0ystSRSG7r4KPRpWq&itag=140&source=youtube&requiressl=yes&mh=vY&mm=31%2C29&mn=sn-5njj-u2xe%2Csn-un57en7s&ms=au%2Crdu&mv=m&mvi=4&pl=16&gcr=tw&initcwndbps=385000&vprv=1&mime=audio%2Fmp4&ns=TcPr5ZsBKuUCtoDR_5JnRtgF&gir=yes&clen=2910103&dur=179.693&lmt=1604649083575060&mt=1608101795&fvip=4&keepalive=yes&beids=9466586&c=WEB&txp=2311222&n=_dgn6LcWIVywjkiPv&sparams=expire%2Cei%2Cip%2Cid%2Citag%2Csource%2Crequiressl%2Cgcr%2Cvprv%2Cmime%2Cns%2Cgir%2Cclen%2Cdur%2Clmt&lsparams=mh%2Cmm%2Cmn%2Cms%2Cmv%2Cmvi%2Cpl%2Cinitcwndbps&lsig=AG3C_xAwRgIhAPR-ZJjQur0vDgxZ-FVpjkpwtGdGMsr2md-w8qx2a039AiEAhylZ15_wMSjr_kUHZwfvcBEF8xVEOd6Y7ytR8mVf4sw%3D&sig=AOq0QJ8wRAIgbi7WoLW4Vp2LNSj4Wux75FucsHdcvGMg6y2R0kLGfhECIBYgxVpxXn-5cKQuCxPLt38A2AnRUAS5NYnfCEXK6ti3&ratebypass=yes", "player_url": "/s/player/62f90c99/player_ias.vflset/en_US/base.js", "ext": "m4a", "format_note": "tiny", "acodec": "mp4a.40.2", "abr": 128, "container": "m4a_dash", "asr": 44100, "filesize": 2910103, "fps": null, "height": null, "tbr": 516.571, "width": null, "vcodec": "none", "downloader_options": {"http_chunk_size": 10485760}, "format": "140 - audio only (tiny)", "protocol": "https", "http_headers": {"User-Agent": "Mozilla/5.0 (Windows NT 10.0; Win64; x64) AppleWebKit/537.36 (KHTML, like Gecko) Chrome/70.0.3538.112 Safari/537.36", "Accept-Charset": "ISO-8859-1,utf-8;q=0.7,*;q=0.7", "Accept": "text/html,application/xhtml+xml,application/xml;q=0.9,*/*;q=0.8", "Accept-Encoding": "gzip, deflate", "Accept-Language": "en-us,en;q=0.5"}}, {"format_id": "160", "url": "https://r4---sn-5njj-u2xe.googlevideo.com/videoplayback?expire=1608123787&ei=K7HZX625J8-3s8IP18CxqAs&ip=140.109.135.166&id=o-AD0_i-ib7L6vrnchxS1kH0IuNWt0ystSRSG7r4KPRpWq&itag=160&aitags=133%2C134%2C135%2C136%2C137%2C160%2C242%2C243%2C244%2C247%2C248%2C278&source=youtube&requiressl=yes&mh=vY&mm=31%2C29&mn=sn-5njj-u2xe%2Csn-un57en7s&ms=au%2Crdu&mv=m&mvi=4&pl=16&gcr=tw&initcwndbps=385000&vprv=1&mime=video%2Fmp4&ns=TcPr5ZsBKuUCtoDR_5JnRtgF&gir=yes&clen=227654&dur=179.680&lmt=1604671923111479&mt=1608101795&fvip=4&keepalive=yes&beids=9466586&c=WEB&txp=2311224&n=_dgn6LcWIVywjkiPv&sparams=expire%2Cei%2Cip%2Cid%2Caitags%2Csource%2Crequiressl%2Cgcr%2Cvprv%2Cmime%2Cns%2Cgir%2Cclen%2Cdur%2Clmt&lsparams=mh%2Cmm%2Cmn%2Cms%2Cmv%2Cmvi%2Cpl%2Cinitcwndbps&lsig=AG3C_xAwRgIhAM31O55v3VIZIPWdNyHUVb7eu2tZ85ssClsFSYr43uUPAiEA18w0l1a87ySK7c_pUHVIY1TUHnKH79ELUFkiE9Jsnfo%3D&sig=AOq0QJ8wRQIhAKodVbtQIymcpacNO8N1IQLiRTRKHACSALMZ2-21UDEtAiBb07WKhYjX1RNkq2yfRojyfpHEvDYet-NfhMOdql6Jkg==&ratebypass=yes", "player_url": "/s/player/62f90c99/player_ias.vflset/en_US/base.js", "ext": "mp4", "height": 144, "format_note": "144p", "vcodec": "avc1.4d400b", "asr": null, "filesize": 227654, "fps": 25, "tbr": 11.859, "width": 144, "acodec": "none", "downloader_options": {"http_chunk_size": 10485760}, "format": "160 - 144x144 (144p)", "protocol": "https", "http_headers": {"User-Agent": "Mozilla/5.0 (Windows NT 10.0; Win64; x64) AppleWebKit/537.36 (KHTML, like Gecko) Chrome/70.0.3538.112 Safari/537.36", "Accept-Charset": "ISO-8859-1,utf-8;q=0.7,*;q=0.7", "Accept": "text/html,application/xhtml+xml,application/xml;q=0.9,*/*;q=0.8", "Accept-Encoding": "gzip, deflate", "Accept-Language": "en-us,en;q=0.5"}}, {"format_id": "133", "url": "https://r4---sn-5njj-u2xe.googlevideo.com/videoplayback?expire=1608123787&ei=K7HZX625J8-3s8IP18CxqAs&ip=140.109.135.166&id=o-AD0_i-ib7L6vrnchxS1kH0IuNWt0ystSRSG7r4KPRpWq&itag=133&aitags=133%2C134%2C135%2C136%2C137%2C160%2C242%2C243%2C244%2C247%2C248%2C278&source=youtube&requiressl=yes&mh=vY&mm=31%2C29&mn=sn-5njj-u2xe%2Csn-un57en7s&ms=au%2Crdu&mv=m&mvi=4&pl=16&gcr=tw&initcwndbps=385000&vprv=1&mime=video%2Fmp4&ns=TcPr5ZsBKuUCtoDR_5JnRtgF&gir=yes&clen=397045&dur=179.680&lmt=1604671941107979&mt=1608101795&fvip=4&keepalive=yes&beids=9466586&c=WEB&txp=2311224&n=_dgn6LcWIVywjkiPv&sparams=expire%2Cei%2Cip%2Cid%2Caitags%2Csource%2Crequiressl%2Cgcr%2Cvprv%2Cmime%2Cns%2Cgir%2Cclen%2Cdur%2Clmt&lsparams=mh%2Cmm%2Cmn%2Cms%2Cmv%2Cmvi%2Cpl%2Cinitcwndbps&lsig=AG3C_xAwRQIgN4xVGgbtLE8qxsAesBmPDFH7Cn4i4eS0YoDUVXGmCfsCIQDl5KotZibQv58z2SglVH8UOK3pEJvhwrwRh_nSbIHNNg%3D%3D&sig=AOq0QJ8wRgIhAICUPTlKoN_u39bYyjPhfAwACoHApX-6d-Ff-ANsUZCWAiEA1NBeffn9BLNQkgtArkHejHBL7_-yCAhRkkDQ7_tfaok=&ratebypass=yes", "player_url": "/s/player/62f90c99/player_ias.vflset/en_US/base.js", "ext": "mp4", "height": 240, "format_note": "240p", "vcodec": "avc1.4d400c", "asr": null, "filesize": 397045, "fps": 25, "tbr": 19.501, "width": 240, "acodec": "none", "downloader_options": {"http_chunk_size": 10485760}, "format": "133 - 240x240 (240p)", "protocol": "https", "http_headers": {"User-Agent": "Mozilla/5.0 (Windows NT 10.0; Win64; x64) AppleWebKit/537.36 (KHTML, like Gecko) Chrome/70.0.3538.112 Safari/537.36", "Accept-Charset": "ISO-8859-1,utf-8;q=0.7,*;q=0.7", "Accept": "text/html,application/xhtml+xml,application/xml;q=0.9,*/*;q=0.8", "Accept-Encoding": "gzip, deflate", "Accept-Language": "en-us,en;q=0.5"}}, {"format_id": "278", "url": "https://r4---sn-5njj-u2xe.googlevideo.com/videoplayback?expire=1608123787&ei=K7HZX625J8-3s8IP18CxqAs&ip=140.109.135.166&id=o-AD0_i-ib7L6vrnchxS1kH0IuNWt0ystSRSG7r4KPRpWq&itag=278&aitags=133%2C134%2C135%2C136%2C137%2C160%2C242%2C243%2C244%2C247%2C248%2C278&source=youtube&requiressl=yes&mh=vY&mm=31%2C29&mn=sn-5njj-u2xe%2Csn-un57en7s&ms=au%2Crdu&mv=m&mvi=4&pl=16&gcr=tw&initcwndbps=385000&vprv=1&mime=video%2Fwebm&ns=TcPr5ZsBKuUCtoDR_5JnRtgF&gir=yes&clen=440400&dur=179.680&lmt=1604671653187010&mt=1608101795&fvip=4&keepalive=yes&beids=9466586&c=WEB&txp=2316224&n=_dgn6LcWIVywjkiPv&sparams=expire%2Cei%2Cip%2Cid%2Caitags%2Csource%2Crequiressl%2Cgcr%2Cvprv%2Cmime%2Cns%2Cgir%2Cclen%2Cdur%2Clmt&lsparams=mh%2Cmm%2Cmn%2Cms%2Cmv%2Cmvi%2Cpl%2Cinitcwndbps&lsig=AG3C_xAwRQIhAMlYtsEloie4Jvc73oOyRzW1QUWLqbnRvBHJsfs7HRGsAiBQRmkOVlhBfr12YokLlh6pFkXC5w-UPNPKsa97Z7iJpQ%3D%3D&sig=AOq0QJ8wRAIge9CVnEA_5Aa_gPNiURBAI64ILwwbtGMOK2gkes8z7LwCIBiMhQPZNORzGxDnrxsM5VlKgswHdkDBtYc0hNPAWZh9&ratebypass=yes", "player_url": "/s/player/62f90c99/player_ias.vflset/en_US/base.js", "ext": "webm", "height": 144, "format_note": "144p", "container": "webm", "vcodec": "vp9", "asr": null, "filesize": 440400, "fps": 25, "tbr": 20.828, "width": 144, "acodec": "none", "downloader_options": {"http_chunk_size": 10485760}, "format": "278 - 144x144 (144p)", "protocol": "https", "http_headers": {"User-Agent": "Mozilla/5.0 (Windows NT 10.0; Win64; x64) AppleWebKit/537.36 (KHTML, like Gecko) Chrome/70.0.3538.112 Safari/537.36", "Accept-Charset": "ISO-8859-1,utf-8;q=0.7,*;q=0.7", "Accept": "text/html,application/xhtml+xml,application/xml;q=0.9,*/*;q=0.8", "Accept-Encoding": "gzip, deflate", "Accept-Language": "en-us,en;q=0.5"}}, {"format_id": "134", "url": "https://r4---sn-5njj-u2xe.googlevideo.com/videoplayback?expire=1608123787&ei=K7HZX625J8-3s8IP18CxqAs&ip=140.109.135.166&id=o-AD0_i-ib7L6vrnchxS1kH0IuNWt0ystSRSG7r4KPRpWq&itag=134&aitags=133%2C134%2C135%2C136%2C137%2C160%2C242%2C243%2C244%2C247%2C248%2C278&source=youtube&requiressl=yes&mh=vY&mm=31%2C29&mn=sn-5njj-u2xe%2Csn-un57en7s&ms=au%2Crdu&mv=m&mvi=4&pl=16&gcr=tw&initcwndbps=385000&vprv=1&mime=video%2Fmp4&ns=TcPr5ZsBKuUCtoDR_5JnRtgF&gir=yes&clen=599511&dur=179.680&lmt=1604671925021669&mt=1608101795&fvip=4&keepalive=yes&beids=9466586&c=WEB&txp=2311224&n=_dgn6LcWIVywjkiPv&sparams=expire%2Cei%2Cip%2Cid%2Caitags%2Csource%2Crequiressl%2Cgcr%2Cvprv%2Cmime%2Cns%2Cgir%2Cclen%2Cdur%2Clmt&lsparams=mh%2Cmm%2Cmn%2Cms%2Cmv%2Cmvi%2Cpl%2Cinitcwndbps&lsig=AG3C_xAwRQIgBcywC35Pj61Kx-szuRc3gqRrjKc-qAWE2F6bh7mBNlcCIQC1IPn6QdH7nLqiwPdgK5SVbi_PYnt2Ch8FKUXNNUBY9w%3D%3D&sig=AOq0QJ8wRgIhALo7SGbi-1ktF94cV0H3NT09FOLRMPHAlb3WuFyfRbOoAiEAv4K-xLTiAVtZu4POGKyEaD7i7OAt1ISswdQiDxB-qSU=&ratebypass=yes", "player_url": "/s/player/62f90c99/player_ias.vflset/en_US/base.js", "ext": "mp4", "height": 360, "format_note": "360p", "vcodec": "avc1.4d4015", "asr": null, "filesize": 599511, "fps": 25, "tbr": 28.598, "width": 360, "acodec": "none", "downloader_options": {"http_chunk_size": 10485760}, "format": "134 - 360x360 (360p)", "protocol": "https", "http_headers": {"User-Agent": "Mozilla/5.0 (Windows NT 10.0; Win64; x64) AppleWebKit/537.36 (KHTML, like Gecko) Chrome/70.0.3538.112 Safari/537.36", "Accept-Charset": "ISO-8859-1,utf-8;q=0.7,*;q=0.7", "Accept": "text/html,application/xhtml+xml,application/xml;q=0.9,*/*;q=0.8", "Accept-Encoding": "gzip, deflate", "Accept-Language": "en-us,en;q=0.5"}}, {"format_id": "242", "url": "https://r4---sn-5njj-u2xe.googlevideo.com/videoplayback?expire=1608123787&ei=K7HZX625J8-3s8IP18CxqAs&ip=140.109.135.166&id=o-AD0_i-ib7L6vrnchxS1kH0IuNWt0ystSRSG7r4KPRpWq&itag=242&aitags=133%2C134%2C135%2C136%2C137%2C160%2C242%2C243%2C244%2C247%2C248%2C278&source=youtube&requiressl=yes&mh=vY&mm=31%2C29&mn=sn-5njj-u2xe%2Csn-un57en7s&ms=au%2Crdu&mv=m&mvi=4&pl=16&gcr=tw&initcwndbps=385000&vprv=1&mime=video%2Fwebm&ns=TcPr5ZsBKuUCtoDR_5JnRtgF&gir=yes&clen=687943&dur=179.680&lmt=1604671657571110&mt=1608101795&fvip=4&keepalive=yes&beids=9466586&c=WEB&txp=2316224&n=_dgn6LcWIVywjkiPv&sparams=expire%2Cei%2Cip%2Cid%2Caitags%2Csource%2Crequiressl%2Cgcr%2Cvprv%2Cmime%2Cns%2Cgir%2Cclen%2Cdur%2Clmt&lsparams=mh%2Cmm%2Cmn%2Cms%2Cmv%2Cmvi%2Cpl%2Cinitcwndbps&lsig=AG3C_xAwRAIgcPSKekCZZxGoiRF3qiMkKalktCWnijRABzfM90bVQ14CIDE01iXi2NUq01ShWnHVdZ4Dn99enw83oEGtwGuazMEz&sig=AOq0QJ8wRgIhAMsjrh4wbYnjpMbHhgeJqpGHPdG8Ek9vvzL7XcJmvO-OAiEAhOF75hfHtbtYmy77jjCA8FGGjBbh6xFG3geOSBEf3T0=&ratebypass=yes", "player_url": "/s/player/62f90c99/player_ias.vflset/en_US/base.js", "ext": "webm", "height": 240, "format_note": "240p", "vcodec": "vp9", "asr": null, "filesize": 687943, "fps": 25, "tbr": 31.856, "width": 240, "acodec": "none", "downloader_options": {"http_chunk_size": 10485760}, "format": "242 - 240x240 (240p)", "protocol": "https", "http_headers": {"User-Agent": "Mozilla/5.0 (Windows NT 10.0; Win64; x64) AppleWebKit/537.36 (KHTML, like Gecko) Chrome/70.0.3538.112 Safari/537.36", "Accept-Charset": "ISO-8859-1,utf-8;q=0.7,*;q=0.7", "Accept": "text/html,application/xhtml+xml,application/xml;q=0.9,*/*;q=0.8", "Accept-Encoding": "gzip, deflate", "Accept-Language": "en-us,en;q=0.5"}}, {"format_id": "243", "url": "https://r4---sn-5njj-u2xe.googlevideo.com/videoplayback?expire=1608123787&ei=K7HZX625J8-3s8IP18CxqAs&ip=140.109.135.166&id=o-AD0_i-ib7L6vrnchxS1kH0IuNWt0ystSRSG7r4KPRpWq&itag=243&aitags=133%2C134%2C135%2C136%2C137%2C160%2C242%2C243%2C244%2C247%2C248%2C278&source=youtube&requiressl=yes&mh=vY&mm=31%2C29&mn=sn-5njj-u2xe%2Csn-un57en7s&ms=au%2Crdu&mv=m&mvi=4&pl=16&gcr=tw&initcwndbps=385000&vprv=1&mime=video%2Fwebm&ns=TcPr5ZsBKuUCtoDR_5JnRtgF&gir=yes&clen=1085559&dur=179.680&lmt=1604671657728398&mt=1608101795&fvip=4&keepalive=yes&beids=9466586&c=WEB&txp=2316224&n=_dgn6LcWIVywjkiPv&sparams=expire%2Cei%2Cip%2Cid%2Caitags%2Csource%2Crequiressl%2Cgcr%2Cvprv%2Cmime%2Cns%2Cgir%2Cclen%2Cdur%2Clmt&lsparams=mh%2Cmm%2Cmn%2Cms%2Cmv%2Cmvi%2Cpl%2Cinitcwndbps&lsig=AG3C_xAwRQIhAK8A-s2UOIguXry1_vS1eD3E7ldKsgdhU6gHVK8xJ7gjAiAEKKTFpvoaBvZO30doYO8jDsLhHnx6bcwjGPt0RU_u0A%3D%3D&sig=AOq0QJ8wRQIhAKh96vJpzunIH6RPw71noyz_0_puS_g1ZcbUeFhsT0qrAiB8aDqNyXXcElUuSlF1EkN4Myco8D69yQBisXEq09oJ-g==&ratebypass=yes", "player_url": "/s/player/62f90c99/player_ias.vflset/en_US/base.js", "ext": "webm", "height": 360, "format_note": "360p", "vcodec": "vp9", "asr": null, "filesize": 1085559, "fps": 25, "tbr": 49.675, "width": 360, "acodec": "none", "downloader_options": {"http_chunk_size": 10485760}, "format": "243 - 360x360 (360p)", "protocol": "https", "http_headers": {"User-Agent": "Mozilla/5.0 (Windows NT 10.0; Win64; x64) AppleWebKit/537.36 (KHTML, like Gecko) Chrome/70.0.3538.112 Safari/537.36", "Accept-Charset": "ISO-8859-1,utf-8;q=0.7,*;q=0.7", "Accept": "text/html,application/xhtml+xml,application/xml;q=0.9,*/*;q=0.8", "Accept-Encoding": "gzip, deflate", "Accept-Language": "en-us,en;q=0.5"}}, {"format_id": "135", "url": "https://r4---sn-5njj-u2xe.googlevideo.com/videoplayback?expire=1608123787&ei=K7HZX625J8-3s8IP18CxqAs&ip=140.109.135.166&id=o-AD0_i-ib7L6vrnchxS1kH0IuNWt0ystSRSG7r4KPRpWq&itag=135&aitags=133%2C134%2C135%2C136%2C137%2C160%2C242%2C243%2C244%2C247%2C248%2C278&source=youtube&requiressl=yes&mh=vY&mm=31%2C29&mn=sn-5njj-u2xe%2Csn-un57en7s&ms=au%2Crdu&mv=m&mvi=4&pl=16&gcr=tw&initcwndbps=385000&vprv=1&mime=video%2Fmp4&ns=TcPr5ZsBKuUCtoDR_5JnRtgF&gir=yes&clen=1135058&dur=179.680&lmt=1604671918892608&mt=1608101795&fvip=4&keepalive=yes&beids=9466586&c=WEB&txp=2311224&n=_dgn6LcWIVywjkiPv&sparams=expire%2Cei%2Cip%2Cid%2Caitags%2Csource%2Crequiressl%2Cgcr%2Cvprv%2Cmime%2Cns%2Cgir%2Cclen%2Cdur%2Clmt&lsparams=mh%2Cmm%2Cmn%2Cms%2Cmv%2Cmvi%2Cpl%2Cinitcwndbps&lsig=AG3C_xAwRQIgQjzmdXiVqZo-KLbqNPBrBShtGG1rmjBEbQQGoeIS3l4CIQCgt7RvdIejtfP2smFLhtOaJRHiupKGBaQGW_ayaCQ9Zw%3D%3D&sig=AOq0QJ8wRgIhANH-y_P8hsFpNljFZFMEYWy5PdweUCSVgGymd1DIvnlcAiEA8JakvIIFl96J_p_4hsTrerOYFGTlMB5oyJwFPqRByZY=&ratebypass=yes", "player_url": "/s/player/62f90c99/player_ias.vflset/en_US/base.js", "ext": "mp4", "height": 480, "format_note": "480p", "vcodec": "avc1.4d401e", "asr": null, "filesize": 1135058, "fps": 25, "tbr": 51.796, "width": 480, "acodec": "none", "downloader_options": {"http_chunk_size": 10485760}, "format": "135 - 480x480 (480p)", "protocol": "https", "http_headers": {"User-Agent": "Mozilla/5.0 (Windows NT 10.0; Win64; x64) AppleWebKit/537.36 (KHTML, like Gecko) Chrome/70.0.3538.112 Safari/537.36", "Accept-Charset": "ISO-8859-1,utf-8;q=0.7,*;q=0.7", "Accept": "text/html,application/xhtml+xml,application/xml;q=0.9,*/*;q=0.8", "Accept-Encoding": "gzip, deflate", "Accept-Language": "en-us,en;q=0.5"}}, {"format_id": "244", "url": "https://r4---sn-5njj-u2xe.googlevideo.com/videoplayback?expire=1608123787&ei=K7HZX625J8-3s8IP18CxqAs&ip=140.109.135.166&id=o-AD0_i-ib7L6vrnchxS1kH0IuNWt0ystSRSG7r4KPRpWq&itag=244&aitags=133%2C134%2C135%2C136%2C137%2C160%2C242%2C243%2C244%2C247%2C248%2C278&source=youtube&requiressl=yes&mh=vY&mm=31%2C29&mn=sn-5njj-u2xe%2Csn-un57en7s&ms=au%2Crdu&mv=m&mvi=4&pl=16&gcr=tw&initcwndbps=385000&vprv=1&mime=video%2Fwebm&ns=TcPr5ZsBKuUCtoDR_5JnRtgF&gir=yes&clen=1646468&dur=179.680&lmt=1604671662179693&mt=1608101795&fvip=4&keepalive=yes&beids=9466586&c=WEB&txp=2316224&n=_dgn6LcWIVywjkiPv&sparams=expire%2Cei%2Cip%2Cid%2Caitags%2Csource%2Crequiressl%2Cgcr%2Cvprv%2Cmime%2Cns%2Cgir%2Cclen%2Cdur%2Clmt&lsparams=mh%2Cmm%2Cmn%2Cms%2Cmv%2Cmvi%2Cpl%2Cinitcwndbps&lsig=AG3C_xAwRQIhAOPRWrhGFIcXWPzD96kakcJ3MsLj-8TywKa1DMct7njkAiBuV_Ur53k1hBjXpZSiVrRaDRE7vL3N61RAi8iUqO6_MQ%3D%3D&sig=AOq0QJ8wRQIgVkus7twaLJKh2WUwEQthECV-hlM3UyUejh7cg3aXBEMCIQDt6L0_yBUiU4Bqd9PEynzmjQqdEeCTjL0zZVZqjE1VpQ==&ratebypass=yes", "player_url": "/s/player/62f90c99/player_ias.vflset/en_US/base.js", "ext": "webm", "height": 480, "format_note": "480p", "vcodec": "vp9", "asr": null, "filesize": 1646468, "fps": 25, "tbr": 74.514, "width": 480, "acodec": "none", "downloader_options": {"http_chunk_size": 10485760}, "format": "244 - 480x480 (480p)", "protocol": "https", "http_headers": {"User-Agent": "Mozilla/5.0 (Windows NT 10.0; Win64; x64) AppleWebKit/537.36 (KHTML, like Gecko) Chrome/70.0.3538.112 Safari/537.36", "Accept-Charset": "ISO-8859-1,utf-8;q=0.7,*;q=0.7", "Accept": "text/html,application/xhtml+xml,application/xml;q=0.9,*/*;q=0.8", "Accept-Encoding": "gzip, deflate", "Accept-Language": "en-us,en;q=0.5"}}, {"format_id": "136", "url": "https://r4---sn-5njj-u2xe.googlevideo.com/videoplayback?expire=1608123787&ei=K7HZX625J8-3s8IP18CxqAs&ip=140.109.135.166&id=o-AD0_i-ib7L6vrnchxS1kH0IuNWt0ystSRSG7r4KPRpWq&itag=136&aitags=133%2C134%2C135%2C136%2C137%2C160%2C242%2C243%2C244%2C247%2C248%2C278&source=youtube&requiressl=yes&mh=vY&mm=31%2C29&mn=sn-5njj-u2xe%2Csn-un57en7s&ms=au%2Crdu&mv=m&mvi=4&pl=16&gcr=tw&initcwndbps=385000&vprv=1&mime=video%2Fmp4&ns=TcPr5ZsBKuUCtoDR_5JnRtgF&gir=yes&clen=2203505&dur=179.680&lmt=1604671985917090&mt=1608101795&fvip=4&keepalive=yes&beids=9466586&c=WEB&txp=2311224&n=_dgn6LcWIVywjkiPv&sparams=expire%2Cei%2Cip%2Cid%2Caitags%2Csource%2Crequiressl%2Cgcr%2Cvprv%2Cmime%2Cns%2Cgir%2Cclen%2Cdur%2Clmt&lsparams=mh%2Cmm%2Cmn%2Cms%2Cmv%2Cmvi%2Cpl%2Cinitcwndbps&lsig=AG3C_xAwRAIgMY8UIopMDs3GPnDqjC65rSPrab4fGqANKeiHfc5pxvcCIDEAjilWPoVHGl9rKG2pPNSHRC9wf0qUyTa4zFNx0U3y&sig=AOq0QJ8wRQIgU684fZ_c4bzWMv4qFJrRedsT80zuN0tywPxXfh97klMCIQCIu_S_WSU5nVeOYkQ3pVaou8kmUujAIMQZ8BFRn4Pr4g==&ratebypass=yes", "player_url": "/s/player/62f90c99/player_ias.vflset/en_US/base.js", "ext": "mp4", "height": 720, "format_note": "720p", "vcodec": "avc1.4d401f", "asr": null, "filesize": 2203505, "fps": 25, "tbr": 99.695, "width": 720, "acodec": "none", "downloader_options": {"http_chunk_size": 10485760}, "format": "136 - 720x720 (720p)", "protocol": "https", "http_headers": {"User-Agent": "Mozilla/5.0 (Windows NT 10.0; Win64; x64) AppleWebKit/537.36 (KHTML, like Gecko) Chrome/70.0.3538.112 Safari/537.36", "Accept-Charset": "ISO-8859-1,utf-8;q=0.7,*;q=0.7", "Accept": "text/html,application/xhtml+xml,application/xml;q=0.9,*/*;q=0.8", "Accept-Encoding": "gzip, deflate", "Accept-Language": "en-us,en;q=0.5"}}, {"format_id": "247", "url": "https://r4---sn-5njj-u2xe.googlevideo.com/videoplayback?expire=1608123787&ei=K7HZX625J8-3s8IP18CxqAs&ip=140.109.135.166&id=o-AD0_i-ib7L6vrnchxS1kH0IuNWt0ystSRSG7r4KPRpWq&itag=247&aitags=133%2C134%2C135%2C136%2C137%2C160%2C242%2C243%2C244%2C247%2C248%2C278&source=youtube&requiressl=yes&mh=vY&mm=31%2C29&mn=sn-5njj-u2xe%2Csn-un57en7s&ms=au%2Crdu&mv=m&mvi=4&pl=16&gcr=tw&initcwndbps=385000&vprv=1&mime=video%2Fwebm&ns=TcPr5ZsBKuUCtoDR_5JnRtgF&gir=yes&clen=3084994&dur=179.680&lmt=1604671653564077&mt=1608101795&fvip=4&keepalive=yes&beids=9466586&c=WEB&txp=2316224&n=_dgn6LcWIVywjkiPv&sparams=expire%2Cei%2Cip%2Cid%2Caitags%2Csource%2Crequiressl%2Cgcr%2Cvprv%2Cmime%2Cns%2Cgir%2Cclen%2Cdur%2Clmt&lsparams=mh%2Cmm%2Cmn%2Cms%2Cmv%2Cmvi%2Cpl%2Cinitcwndbps&lsig=AG3C_xAwRAIgdH3co4to9y5pXqyhUXZZrAZtGdEHoClqsKrHhDHGgJoCIHMxNiiOgPLlLNkI5g5gbXn44XdYuGJzUUJFiQFRNVPS&sig=AOq0QJ8wRgIhAK_h8YtypvQXouPEHDqQA60hzWudrMjMkO-5SYHJ5NwmAiEA81dD9HfgMVcKVBdkv8KvVRMbbLW0Gg3w4810pKoTukc=&ratebypass=yes", "player_url": "/s/player/62f90c99/player_ias.vflset/en_US/base.js", "ext": "webm", "height": 720, "format_note": "720p", "vcodec": "vp9", "asr": null, "filesize": 3084994, "fps": 25, "tbr": 144.731, "width": 720, "acodec": "none", "downloader_options": {"http_chunk_size": 10485760}, "format": "247 - 720x720 (720p)", "protocol": "https", "http_headers": {"User-Agent": "Mozilla/5.0 (Windows NT 10.0; Win64; x64) AppleWebKit/537.36 (KHTML, like Gecko) Chrome/70.0.3538.112 Safari/537.36", "Accept-Charset": "ISO-8859-1,utf-8;q=0.7,*;q=0.7", "Accept": "text/html,application/xhtml+xml,application/xml;q=0.9,*/*;q=0.8", "Accept-Encoding": "gzip, deflate", "Accept-Language": "en-us,en;q=0.5"}}, {"format_id": "137", "url": "https://r4---sn-5njj-u2xe.googlevideo.com/videoplayback?expire=1608123787&ei=K7HZX625J8-3s8IP18CxqAs&ip=140.109.135.166&id=o-AD0_i-ib7L6vrnchxS1kH0IuNWt0ystSRSG7r4KPRpWq&itag=137&aitags=133%2C134%2C135%2C136%2C137%2C160%2C242%2C243%2C244%2C247%2C248%2C278&source=youtube&requiressl=yes&mh=vY&mm=31%2C29&mn=sn-5njj-u2xe%2Csn-un57en7s&ms=au%2Crdu&mv=m&mvi=4&pl=16&gcr=tw&initcwndbps=385000&vprv=1&mime=video%2Fmp4&ns=TcPr5ZsBKuUCtoDR_5JnRtgF&gir=yes&clen=7232370&dur=179.680&lmt=1604671755707217&mt=1608101795&fvip=4&keepalive=yes&beids=9466586&c=WEB&txp=2311224&n=_dgn6LcWIVywjkiPv&sparams=expire%2Cei%2Cip%2Cid%2Caitags%2Csource%2Crequiressl%2Cgcr%2Cvprv%2Cmime%2Cns%2Cgir%2Cclen%2Cdur%2Clmt&lsparams=mh%2Cmm%2Cmn%2Cms%2Cmv%2Cmvi%2Cpl%2Cinitcwndbps&lsig=AG3C_xAwRQIhANs5hSM215bTEozAcG5NKHYGfq6VkAgiavLqyD--Vh3UAiB46B5B4ulqNICf3nFcBBX-6Nu_r6GKtpMG2Q9owBEeSQ%3D%3D&sig=AOq0QJ8wRQIhAN0Dm-A8P8J_eGazksh6_99QnVkabMyVrKctoqwy-cNKAiBRuZT2jI8L57c8NZFZGgPYz6Xz1GOf_iecPedevu78MQ==&ratebypass=yes", "player_url": "/s/player/62f90c99/player_ias.vflset/en_US/base.js", "ext": "mp4", "height": 1080, "format_note": "1080p", "vcodec": "avc1.640020", "asr": null, "filesize": 7232370, "fps": 25, "tbr": 333.046, "width": 1080, "acodec": "none", "downloader_options": {"http_chunk_size": 10485760}, "format": "137 - 1080x1080 (1080p)", "protocol": "https", "http_headers": {"User-Agent": "Mozilla/5.0 (Windows NT 10.0; Win64; x64) AppleWebKit/537.36 (KHTML, like Gecko) Chrome/70.0.3538.112 Safari/537.36", "Accept-Charset": "ISO-8859-1,utf-8;q=0.7,*;q=0.7", "Accept": "text/html,application/xhtml+xml,application/xml;q=0.9,*/*;q=0.8", "Accept-Encoding": "gzip, deflate", "Accept-Language": "en-us,en;q=0.5"}}, {"format_id": "248", "url": "https://r4---sn-5njj-u2xe.googlevideo.com/videoplayback?expire=1608123787&ei=K7HZX625J8-3s8IP18CxqAs&ip=140.109.135.166&id=o-AD0_i-ib7L6vrnchxS1kH0IuNWt0ystSRSG7r4KPRpWq&itag=248&aitags=133%2C134%2C135%2C136%2C137%2C160%2C242%2C243%2C244%2C247%2C248%2C278&source=youtube&requiressl=yes&mh=vY&mm=31%2C29&mn=sn-5njj-u2xe%2Csn-un57en7s&ms=au%2Crdu&mv=m&mvi=4&pl=16&gcr=tw&initcwndbps=385000&vprv=1&mime=video%2Fwebm&ns=TcPr5ZsBKuUCtoDR_5JnRtgF&gir=yes&clen=9058415&dur=179.680&lmt=1604671654193367&mt=1608101795&fvip=4&keepalive=yes&beids=9466586&c=WEB&txp=2316224&n=_dgn6LcWIVywjkiPv&sparams=expire%2Cei%2Cip%2Cid%2Caitags%2Csource%2Crequiressl%2Cgcr%2Cvprv%2Cmime%2Cns%2Cgir%2Cclen%2Cdur%2Clmt&lsparams=mh%2Cmm%2Cmn%2Cms%2Cmv%2Cmvi%2Cpl%2Cinitcwndbps&lsig=AG3C_xAwRQIgZBwLmNGvZjBQeXIW16YvL51R7UOjxc4_A_uziXi5F40CIQD8EgQ9FnDlGslfdn1b9OmBcRTjrkCUpMc1Sztd4tfCkw%3D%3D&sig=AOq0QJ8wRAIgLdudxKFDAQ4d84pvTzVzg1HtLidN2vhqfD5ZsuF3Q7YCIBRLHfmqkjf-eFzkYje4tP06N7s4pj2Ei97lX84Lt2FF&ratebypass=yes", "player_url": "/s/player/62f90c99/player_ias.vflset/en_US/base.js", "ext": "webm", "height": 1080, "format_note": "1080p", "vcodec": "vp9", "asr": null, "filesize": 9058415, "fps": 25, "tbr": 405.054, "width": 1080, "acodec": "none", "downloader_options": {"http_chunk_size": 10485760}, "format": "248 - 1080x1080 (1080p)", "protocol": "https", "http_headers": {"User-Agent": "Mozilla/5.0 (Windows NT 10.0; Win64; x64) AppleWebKit/537.36 (KHTML, like Gecko) Chrome/70.0.3538.112 Safari/537.36", "Accept-Charset": "ISO-8859-1,utf-8;q=0.7,*;q=0.7", "Accept": "text/html,application/xhtml+xml,application/xml;q=0.9,*/*;q=0.8", "Accept-Encoding": "gzip, deflate", "Accept-Language": "en-us,en;q=0.5"}}, {"format_id": "18", "url": "https://r4---sn-5njj-u2xe.googlevideo.com/videoplayback?expire=1608123787&ei=K7HZX625J8-3s8IP18CxqAs&ip=140.109.135.166&id=o-AD0_i-ib7L6vrnchxS1kH0IuNWt0ystSRSG7r4KPRpWq&itag=18&source=youtube&requiressl=yes&mh=vY&mm=31%2C29&mn=sn-5njj-u2xe%2Csn-un57en7s&ms=au%2Crdu&mv=m&mvi=4&pl=16&gcr=tw&initcwndbps=385000&vprv=1&mime=video%2Fmp4&ns=G-aZ-3C9NuAf_B7Myfu_S0kF&gir=yes&clen=3420181&ratebypass=yes&dur=179.745&lmt=1604650928387986&mt=1608101795&fvip=4&beids=9466586&c=WEB&txp=2310222&n=PHOeeO8QYrLVL1HNi&sparams=expire%2Cei%2Cip%2Cid%2Citag%2Csource%2Crequiressl%2Cgcr%2Cvprv%2Cmime%2Cns%2Cgir%2Cclen%2Cratebypass%2Cdur%2Clmt&lsparams=mh%2Cmm%2Cmn%2Cms%2Cmv%2Cmvi%2Cpl%2Cinitcwndbps&lsig=AG3C_xAwRgIhAP6DB_ZHoYW6HK1t7Y8J9mGEoQLBIdaSq939A8YixGkQAiEAur5kx4e6HOrLJzPT_KwWinA_cgQOSvVIJFbTq20gsM8%3D&sig=AOq0QJ8wRgIhAOk0Awrhu8Cy01uj-G4_n_TDkbil8OUOqszTKmUk5LMqAiEAjwbU9fkgOHArG3oLZJSg1It_TlOlSDZ7IDwedv6oqCw=", "player_url": "/s/player/62f90c99/player_ias.vflset/en_US/base.js", "ext": "mp4", "width": 360, "height": 360, "acodec": "mp4a.40.2", "abr": 96, "vcodec": "avc1.42001E", "asr": 44100, "filesize": 3420181, "format_note": "360p", "fps": 25, "tbr": 152.278, "format": "18 - 360x360 (360p)", "protocol": "https", "http_headers": {"User-Agent": "Mozilla/5.0 (Windows NT 10.0; Win64; x64) AppleWebKit/537.36 (KHTML, like Gecko) Chrome/70.0.3538.112 Safari/537.36", "Accept-Charset": "ISO-8859-1,utf-8;q=0.7,*;q=0.7", "Accept": "text/html,application/xhtml+xml,application/xml;q=0.9,*/*;q=0.8", "Accept-Encoding": "gzip, deflate", "Accept-Language": "en-us,en;q=0.5"}}], "is_live": null, "start_time": null, "end_time": null, "series": null, "season_number": null, "episode_number": null, "track": "Waves", "artist": "Rich Mortimer", "album": "Waves", "release_date": "20201203", "release_year": 2020, "extractor": "youtube", "webpage_url_basename": "watch", "extractor_key": "Youtube", "playlist": null, "playlist_index": null, "thumbnail": "https://i.ytimg.com/vi_webp/aQ4PIaRMLwE/maxresdefault.webp", "display_id": "aQ4PIaRMLwE", "requested_subtitles": null, "format_id": "140", "url": "https://r4---sn-5njj-u2xe.googlevideo.com/videoplayback?expire=1608123787&ei=K7HZX625J8-3s8IP18CxqAs&ip=140.109.135.166&id=o-AD0_i-ib7L6vrnchxS1kH0IuNWt0ystSRSG7r4KPRpWq&itag=140&source=youtube&requiressl=yes&mh=vY&mm=31%2C29&mn=sn-5njj-u2xe%2Csn-un57en7s&ms=au%2Crdu&mv=m&mvi=4&pl=16&gcr=tw&initcwndbps=385000&vprv=1&mime=audio%2Fmp4&ns=TcPr5ZsBKuUCtoDR_5JnRtgF&gir=yes&clen=2910103&dur=179.693&lmt=1604649083575060&mt=1608101795&fvip=4&keepalive=yes&beids=9466586&c=WEB&txp=2311222&n=_dgn6LcWIVywjkiPv&sparams=expire%2Cei%2Cip%2Cid%2Citag%2Csource%2Crequiressl%2Cgcr%2Cvprv%2Cmime%2Cns%2Cgir%2Cclen%2Cdur%2Clmt&lsparams=mh%2Cmm%2Cmn%2Cms%2Cmv%2Cmvi%2Cpl%2Cinitcwndbps&lsig=AG3C_xAwRgIhAPR-ZJjQur0vDgxZ-FVpjkpwtGdGMsr2md-w8qx2a039AiEAhylZ15_wMSjr_kUHZwfvcBEF8xVEOd6Y7ytR8mVf4sw%3D&sig=AOq0QJ8wRAIgbi7WoLW4Vp2LNSj4Wux75FucsHdcvGMg6y2R0kLGfhECIBYgxVpxXn-5cKQuCxPLt38A2AnRUAS5NYnfCEXK6ti3&ratebypass=yes", "player_url": "/s/player/62f90c99/player_ias.vflset/en_US/base.js", "ext": "m4a", "format_note": "tiny", "acodec": "mp4a.40.2", "abr": 128, "container": "m4a_dash", "asr": 44100, "filesize": 2910103, "fps": null, "height": null, "tbr": 516.571, "width": null, "vcodec": "none", "downloader_options": {"http_chunk_size": 10485760}, "format": "140 - audio only (tiny)", "protocol": "https", "http_headers": {"User-Agent": "Mozilla/5.0 (Windows NT 10.0; Win64; x64) AppleWebKit/537.36 (KHTML, like Gecko) Chrome/70.0.3538.112 Safari/537.36", "Accept-Charset": "ISO-8859-1,utf-8;q=0.7,*;q=0.7", "Accept": "text/html,application/xhtml+xml,application/xml;q=0.9,*/*;q=0.8", "Accept-Encoding": "gzip, deflate", "Accept-Language": "en-us,en;q=0.5"}}