{"id": "BaHHHgDd0BU", "uploader": "StephanMoccioVEVO", "uploader_id": "StephanMoccioVEVO", "uploader_url": "http://www.youtube.com/user/StephanMoccioVEVO", "channel_id": "UC6xXRXjuZsVJMF1LkZ75Yig", "channel_url": "http://www.youtube.com/channel/UC6xXRXjuZsVJMF1LkZ75Yig", "upload_date": "20200724", "license": null, "creator": "Stephan Moccio", "title": "Stephan Moccio - Freddie's Theme (Visualiser)", "alt_title": "Freddie's Theme", "thumbnails": [{"url": "https://i.ytimg.com/vi/BaHHHgDd0BU/hqdefault.jpg?sqp=-oaymwEYCKgBEF5IVfKriqkDCwgBFQAAiEIYAXAB&rs=AOn4CLDNnCNaEqpQU917mxwFDZlhUPiGeQ", "width": 168, "height": 94, "resolution": "168x94", "id": "0"}, {"url": "https://i.ytimg.com/vi/BaHHHgDd0BU/hqdefault.jpg?sqp=-oaymwEYCMQBEG5IVfKriqkDCwgBFQAAiEIYAXAB&rs=AOn4CLDcLeyqbKR2AGC6VR9dczCneXZ8Lg", "width": 196, "height": 110, "resolution": "196x110", "id": "1"}, {"url": "https://i.ytimg.com/vi/BaHHHgDd0BU/hqdefault.jpg?sqp=-oaymwEZCPYBEIoBSFXyq4qpAwsIARUAAIhCGAFwAQ==&rs=AOn4CLADsKNnVlcMeBvT3ML8_hiqTggWqA", "width": 246, "height": 138, "resolution": "246x138", "id": "2"}, {"url": "https://i.ytimg.com/vi/BaHHHgDd0BU/hqdefault.jpg?sqp=-oaymwEZCNACELwBSFXyq4qpAwsIARUAAIhCGAFwAQ==&rs=AOn4CLDLM9zIgEYjlLZrXW8P3KpJrOXMWg", "width": 336, "height": 188, "resolution": "336x188", "id": "3"}, {"url": "https://i.ytimg.com/vi/BaHHHgDd0BU/maxresdefault.jpg", "width": 1920, "height": 1080, "resolution": "1920x1080", "id": "4"}], "description": "Listen to Freddie's Theme here: https://stephanmoccio.lnk.to/FreddiesThemeID\n\nOrder Stephan's new album: https://stephanmoccio.lnk.to/TalesOfSolace1ID\nStay in touch! Newsletter sign up: https://StephanMoccio.lnk.to/NewsletterID \n\nFollow Stephan Moccio\nFacebook: https://www.facebook.com/Stephan-Moccio-315674286826/\nInstagram: https://www.instagram.com/stephanmoccio/\nTwitter: https://twitter.com/stephanmoccio\n\nMusic video by Stephan Moccio performing Freddie's Theme (Visualiser). \u00a9 2020 Universal Music Operations Limited\n\nhttp://vevo.ly/ieXlda", "categories": ["Music"], "tags": ["Stephan", "Moccio", "Freddie's", "Theme", "(Visualiser)", "Decca", "(UMO)", "(Classics)", "Classical", "Crossover"], "subtitles": {}, "automatic_captions": {}, "duration": 137, "age_limit": 0, "annotations": null, "chapters": null, "webpage_url": "https://www.youtube.com/watch?v=BaHHHgDd0BU", "view_count": 4266, "like_count": 94, "dislike_count": 2, "average_rating": 4.9578948, "formats": [{"format_id": "140", "url": "https://r2---sn-5njj-u2xe.googlevideo.com/videoplayback?expire=1609941069&ei=7Wv1X5yaHZO-4ALO7raADA&ip=140.109.134.180&id=o-AADcvb9pYxImQHO_1l7zvBGpMMpnBQRO2G7DmHwSBiWG&itag=140&source=youtube&requiressl=yes&mh=Sj&mm=31%2C29&mn=sn-5njj-u2xe%2Csn-un57sn7s&ms=au%2Crdu&mv=m&mvi=2&pl=16&gcr=tw&initcwndbps=350000&vprv=1&mime=audio%2Fmp4&ns=eN2bwwcct__K-xJ4s9jiL_IF&gir=yes&clen=2217100&dur=136.951&lmt=1595520540404601&mt=1609919103&fvip=2&keepalive=yes&beids=23886212&c=WEB&txp=2111222&n=tugFcqK7N39z4SKj&sparams=expire%2Cei%2Cip%2Cid%2Citag%2Csource%2Crequiressl%2Cgcr%2Cvprv%2Cmime%2Cns%2Cgir%2Cclen%2Cdur%2Clmt&lsparams=mh%2Cmm%2Cmn%2Cms%2Cmv%2Cmvi%2Cpl%2Cinitcwndbps&lsig=AG3C_xAwRQIgaxwQj4pSP0WEEGDvgjUIgfwUe3lmpGyhaddBO0wHWM0CIQDwD_fUzGPTxLkIkx8SLavemmSsSBKJ7PmezqC_lZR63g%3D%3D&sig=AOq0QJ8wRAIgNY9YwXkBZjekDhFPTQ-qdajom7ZXfkU9G0joYetml7YCIDHxme-RVxx8BxV6uxSrsBPAwAwNbVfESbUvUaicQZ7T&ratebypass=yes", "player_url": "/s/player/5dd3f3b2/player_ias.vflset/en_US/base.js", "ext": "m4a", "format_note": "tiny", "acodec": "mp4a.40.2", "abr": 128, "container": "m4a_dash", "asr": 44100, "filesize": 2217100, "fps": null, "height": null, "tbr": 130.449, "width": null, "vcodec": "none", "downloader_options": {"http_chunk_size": 10485760}, "format": "140 - audio only (tiny)", "protocol": "https", "http_headers": {"User-Agent": "Mozilla/5.0 (Windows NT 10.0; Win64; x64) AppleWebKit/537.36 (KHTML, like Gecko) Chrome/72.0.3602.1 Safari/537.36", "Accept-Charset": "ISO-8859-1,utf-8;q=0.7,*;q=0.7", "Accept": "text/html,application/xhtml+xml,application/xml;q=0.9,*/*;q=0.8", "Accept-Encoding": "gzip, deflate", "Accept-Language": "en-us,en;q=0.5"}}, {"format_id": "251", "url": "https://r2---sn-5njj-u2xe.googlevideo.com/videoplayback?expire=1609941069&ei=7Wv1X5yaHZO-4ALO7raADA&ip=140.109.134.180&id=o-AADcvb9pYxImQHO_1l7zvBGpMMpnBQRO2G7DmHwSBiWG&itag=251&source=youtube&requiressl=yes&mh=Sj&mm=31%2C29&mn=sn-5njj-u2xe%2Csn-un57sn7s&ms=au%2Crdu&mv=m&mvi=2&pl=16&gcr=tw&initcwndbps=350000&vprv=1&mime=audio%2Fwebm&ns=eN2bwwcct__K-xJ4s9jiL_IF&gir=yes&clen=2346130&dur=136.921&lmt=1595520538507613&mt=1609919103&fvip=2&keepalive=yes&beids=23886212&c=WEB&txp=2111222&n=tugFcqK7N39z4SKj&sparams=expire%2Cei%2Cip%2Cid%2Citag%2Csource%2Crequiressl%2Cgcr%2Cvprv%2Cmime%2Cns%2Cgir%2Cclen%2Cdur%2Clmt&lsparams=mh%2Cmm%2Cmn%2Cms%2Cmv%2Cmvi%2Cpl%2Cinitcwndbps&lsig=AG3C_xAwRAIgA3D2T6OMPyX-6Em7OzsSV6ak1hQ4VCdJYVoLFFTvpFgCIHJbAHpTIrgrBP85lVxN0cBgGaxhelXza4kzLb3V8AHm&sig=AOq0QJ8wRAIgT2sFWJ0DRQymJANIF-6el_9c29TJO7ujN9Uh4yIfStoCIHzPhJbnQ0e95P0yk2he3ahntSxKy2Y4xUhxfyJZcnFa&ratebypass=yes", "player_url": "/s/player/5dd3f3b2/player_ias.vflset/en_US/base.js", "ext": "webm", "format_note": "tiny", "acodec": "opus", "abr": 160, "asr": 48000, "filesize": 2346130, "fps": null, "height": null, "tbr": 151.666, "width": null, "vcodec": "none", "downloader_options": {"http_chunk_size": 10485760}, "format": "251 - audio only (tiny)", "protocol": "https", "http_headers": {"User-Agent": "Mozilla/5.0 (Windows NT 10.0; Win64; x64) AppleWebKit/537.36 (KHTML, like Gecko) Chrome/72.0.3602.1 Safari/537.36", "Accept-Charset": "ISO-8859-1,utf-8;q=0.7,*;q=0.7", "Accept": "text/html,application/xhtml+xml,application/xml;q=0.9,*/*;q=0.8", "Accept-Encoding": "gzip, deflate", "Accept-Language": "en-us,en;q=0.5"}}, {"format_id": "160", "url": "https://r2---sn-5njj-u2xe.googlevideo.com/videoplayback?expire=1609941069&ei=7Wv1X5yaHZO-4ALO7raADA&ip=140.109.134.180&id=o-AADcvb9pYxImQHO_1l7zvBGpMMpnBQRO2G7DmHwSBiWG&itag=160&aitags=133%2C134%2C135%2C136%2C137%2C160%2C242%2C243%2C244%2C247%2C248%2C278&source=youtube&requiressl=yes&mh=Sj&mm=31%2C29&mn=sn-5njj-u2xe%2Csn-un57sn7s&ms=au%2Crdu&mv=m&mvi=2&pl=16&gcr=tw&initcwndbps=350000&vprv=1&mime=video%2Fmp4&ns=eN2bwwcct__K-xJ4s9jiL_IF&gir=yes&clen=369621&dur=136.903&lmt=1595520548326359&mt=1609919103&fvip=2&keepalive=yes&beids=23886212&c=WEB&txp=2116222&n=tugFcqK7N39z4SKj&sparams=expire%2Cei%2Cip%2Cid%2Caitags%2Csource%2Crequiressl%2Cgcr%2Cvprv%2Cmime%2Cns%2Cgir%2Cclen%2Cdur%2Clmt&lsparams=mh%2Cmm%2Cmn%2Cms%2Cmv%2Cmvi%2Cpl%2Cinitcwndbps&lsig=AG3C_xAwRAIgDd1wm0IsUOpNyn9rcqtqUP1loj6uWbYj-l74VkOQJ4YCIHsH5Dh50iar6qyQ6NF3B2vsYN2KTA1P_ora5OjWL99N&sig=AOq0QJ8wRQIgbsS2qJ3jgP3W5jUVq1mEd6MdWCJyM96SuBos6rkHsk8CIQDdBVMZbRvRRJ2t7rsDHDyKdNQLKY22TuTK-V8_sHTcXQ==&ratebypass=yes", "player_url": "/s/player/5dd3f3b2/player_ias.vflset/en_US/base.js", "ext": "mp4", "height": 144, "format_note": "144p", "vcodec": "avc1.4d400c", "asr": null, "filesize": 369621, "fps": 30, "tbr": 24.022, "width": 256, "acodec": "none", "downloader_options": {"http_chunk_size": 10485760}, "format": "160 - 256x144 (144p)", "protocol": "https", "http_headers": {"User-Agent": "Mozilla/5.0 (Windows NT 10.0; Win64; x64) AppleWebKit/537.36 (KHTML, like Gecko) Chrome/72.0.3602.1 Safari/537.36", "Accept-Charset": "ISO-8859-1,utf-8;q=0.7,*;q=0.7", "Accept": "text/html,application/xhtml+xml,application/xml;q=0.9,*/*;q=0.8", "Accept-Encoding": "gzip, deflate", "Accept-Language": "en-us,en;q=0.5"}}, {"format_id": "278", "url": "https://r2---sn-5njj-u2xe.googlevideo.com/videoplayback?expire=1609941069&ei=7Wv1X5yaHZO-4ALO7raADA&ip=140.109.134.180&id=o-AADcvb9pYxImQHO_1l7zvBGpMMpnBQRO2G7DmHwSBiWG&itag=278&aitags=133%2C134%2C135%2C136%2C137%2C160%2C242%2C243%2C244%2C247%2C248%2C278&source=youtube&requiressl=yes&mh=Sj&mm=31%2C29&mn=sn-5njj-u2xe%2Csn-un57sn7s&ms=au%2Crdu&mv=m&mvi=2&pl=16&gcr=tw&initcwndbps=350000&vprv=1&mime=video%2Fwebm&ns=eN2bwwcct__K-xJ4s9jiL_IF&gir=yes&clen=426020&dur=136.903&lmt=1595521110554442&mt=1609919103&fvip=2&keepalive=yes&beids=23886212&c=WEB&txp=1116222&n=tugFcqK7N39z4SKj&sparams=expire%2Cei%2Cip%2Cid%2Caitags%2Csource%2Crequiressl%2Cgcr%2Cvprv%2Cmime%2Cns%2Cgir%2Cclen%2Cdur%2Clmt&lsparams=mh%2Cmm%2Cmn%2Cms%2Cmv%2Cmvi%2Cpl%2Cinitcwndbps&lsig=AG3C_xAwRAIgd2GM8oRzDAh5Z9rBAlMkAaPaGv5LTwpbvhBM-gfY6FACIGmYwLQsh_q7TSmjdd82ZYv_jyDFfIXyBZh9oN2kq6yE&sig=AOq0QJ8wRQIhAJzIhK59m7TT-Kkg3IHb-gOtLlZGrwy8UU4e6kkGEHvPAiBI0DGMdziwpP9K-M2NtLpDgQONopY0JDWLGipSZTY4xQ==&ratebypass=yes", "player_url": "/s/player/5dd3f3b2/player_ias.vflset/en_US/base.js", "ext": "webm", "height": 144, "format_note": "144p", "container": "webm", "vcodec": "vp9", "asr": null, "filesize": 426020, "fps": 30, "tbr": 28.025, "width": 256, "acodec": "none", "downloader_options": {"http_chunk_size": 10485760}, "format": "278 - 256x144 (144p)", "protocol": "https", "http_headers": {"User-Agent": "Mozilla/5.0 (Windows NT 10.0; Win64; x64) AppleWebKit/537.36 (KHTML, like Gecko) Chrome/72.0.3602.1 Safari/537.36", "Accept-Charset": "ISO-8859-1,utf-8;q=0.7,*;q=0.7", "Accept": "text/html,application/xhtml+xml,application/xml;q=0.9,*/*;q=0.8", "Accept-Encoding": "gzip, deflate", "Accept-Language": "en-us,en;q=0.5"}}, {"format_id": "242", "url": "https://r2---sn-5njj-u2xe.googlevideo.com/videoplayback?expire=1609941069&ei=7Wv1X5yaHZO-4ALO7raADA&ip=140.109.134.180&id=o-AADcvb9pYxImQHO_1l7zvBGpMMpnBQRO2G7DmHwSBiWG&itag=242&aitags=133%2C134%2C135%2C136%2C137%2C160%2C242%2C243%2C244%2C247%2C248%2C278&source=youtube&requiressl=yes&mh=Sj&mm=31%2C29&mn=sn-5njj-u2xe%2Csn-un57sn7s&ms=au%2Crdu&mv=m&mvi=2&pl=16&gcr=tw&initcwndbps=350000&vprv=1&mime=video%2Fwebm&ns=eN2bwwcct__K-xJ4s9jiL_IF&gir=yes&clen=592482&dur=136.903&lmt=1595521110567677&mt=1609919103&fvip=2&keepalive=yes&beids=23886212&c=WEB&txp=1116222&n=tugFcqK7N39z4SKj&sparams=expire%2Cei%2Cip%2Cid%2Caitags%2Csource%2Crequiressl%2Cgcr%2Cvprv%2Cmime%2Cns%2Cgir%2Cclen%2Cdur%2Clmt&lsparams=mh%2Cmm%2Cmn%2Cms%2Cmv%2Cmvi%2Cpl%2Cinitcwndbps&lsig=AG3C_xAwRAIgDXNsdGqzltDux2s6kjL2VPMY1pUxKjzhrTrPNmiV5QkCIBqtiwLaz_wZNyuhhVnU0tWp5dSyUWEE1ajxrafI-FGh&sig=AOq0QJ8wRgIhAPNacFzaBXr51WJLqV0T8NuLdTcnstmyk_v6kbNalPZuAiEA5V_HxOAqoMKK6FTCrJwKH3AvAcD948_FFbgrDW-4ivo=&ratebypass=yes", "player_url": "/s/player/5dd3f3b2/player_ias.vflset/en_US/base.js", "ext": "webm", "height": 240, "format_note": "240p", "vcodec": "vp9", "asr": null, "filesize": 592482, "fps": 30, "tbr": 40.312, "width": 426, "acodec": "none", "downloader_options": {"http_chunk_size": 10485760}, "format": "242 - 426x240 (240p)", "protocol": "https", "http_headers": {"User-Agent": "Mozilla/5.0 (Windows NT 10.0; Win64; x64) AppleWebKit/537.36 (KHTML, like Gecko) Chrome/72.0.3602.1 Safari/537.36", "Accept-Charset": "ISO-8859-1,utf-8;q=0.7,*;q=0.7", "Accept": "text/html,application/xhtml+xml,application/xml;q=0.9,*/*;q=0.8", "Accept-Encoding": "gzip, deflate", "Accept-Language": "en-us,en;q=0.5"}}, {"format_id": "133", "url": "https://r2---sn-5njj-u2xe.googlevideo.com/videoplayback?expire=1609941069&ei=7Wv1X5yaHZO-4ALO7raADA&ip=140.109.134.180&id=o-AADcvb9pYxImQHO_1l7zvBGpMMpnBQRO2G7DmHwSBiWG&itag=133&aitags=133%2C134%2C135%2C136%2C137%2C160%2C242%2C243%2C244%2C247%2C248%2C278&source=youtube&requiressl=yes&mh=Sj&mm=31%2C29&mn=sn-5njj-u2xe%2Csn-un57sn7s&ms=au%2Crdu&mv=m&mvi=2&pl=16&gcr=tw&initcwndbps=350000&vprv=1&mime=video%2Fmp4&ns=eN2bwwcct__K-xJ4s9jiL_IF&gir=yes&clen=783750&dur=136.903&lmt=1595520548325203&mt=1609919103&fvip=2&keepalive=yes&beids=23886212&c=WEB&txp=2116222&n=tugFcqK7N39z4SKj&sparams=expire%2Cei%2Cip%2Cid%2Caitags%2Csource%2Crequiressl%2Cgcr%2Cvprv%2Cmime%2Cns%2Cgir%2Cclen%2Cdur%2Clmt&lsparams=mh%2Cmm%2Cmn%2Cms%2Cmv%2Cmvi%2Cpl%2Cinitcwndbps&lsig=AG3C_xAwRAIga1f91vWkX0wv6liqeEWd4D3RpbJckOoa50uIPcXEo_UCIC0TE410BA0Xg89-YorCAULEZtjuwiswjpfKyF26P4tW&sig=AOq0QJ8wRQIgDWc6Nc3peZdUm6iOMjTkqnTpaE_cpdW9BEOt3HVpX4UCIQDNKcYPyJUnGXmRlwuEG2A3yYrul75Q-DqU_p00yerg5g==&ratebypass=yes", "player_url": "/s/player/5dd3f3b2/player_ias.vflset/en_US/base.js", "ext": "mp4", "height": 240, "format_note": "240p", "vcodec": "avc1.4d4015", "asr": null, "filesize": 783750, "fps": 30, "tbr": 53.195, "width": 426, "acodec": "none", "downloader_options": {"http_chunk_size": 10485760}, "format": "133 - 426x240 (240p)", "protocol": "https", "http_headers": {"User-Agent": "Mozilla/5.0 (Windows NT 10.0; Win64; x64) AppleWebKit/537.36 (KHTML, like Gecko) Chrome/72.0.3602.1 Safari/537.36", "Accept-Charset": "ISO-8859-1,utf-8;q=0.7,*;q=0.7", "Accept": "text/html,application/xhtml+xml,application/xml;q=0.9,*/*;q=0.8", "Accept-Encoding": "gzip, deflate", "Accept-Language": "en-us,en;q=0.5"}}, {"format_id": "243", "url": "https://r2---sn-5njj-u2xe.googlevideo.com/videoplayback?expire=1609941069&ei=7Wv1X5yaHZO-4ALO7raADA&ip=140.109.134.180&id=o-AADcvb9pYxImQHO_1l7zvBGpMMpnBQRO2G7DmHwSBiWG&itag=243&aitags=133%2C134%2C135%2C136%2C137%2C160%2C242%2C243%2C244%2C247%2C248%2C278&source=youtube&requiressl=yes&mh=Sj&mm=31%2C29&mn=sn-5njj-u2xe%2Csn-un57sn7s&ms=au%2Crdu&mv=m&mvi=2&pl=16&gcr=tw&initcwndbps=350000&vprv=1&mime=video%2Fwebm&ns=eN2bwwcct__K-xJ4s9jiL_IF&gir=yes&clen=1032600&dur=136.903&lmt=1595521110548423&mt=1609919103&fvip=2&keepalive=yes&beids=23886212&c=WEB&txp=1116222&n=tugFcqK7N39z4SKj&sparams=expire%2Cei%2Cip%2Cid%2Caitags%2Csource%2Crequiressl%2Cgcr%2Cvprv%2Cmime%2Cns%2Cgir%2Cclen%2Cdur%2Clmt&lsparams=mh%2Cmm%2Cmn%2Cms%2Cmv%2Cmvi%2Cpl%2Cinitcwndbps&lsig=AG3C_xAwRgIhAKe66ABRjGGCE54XU3bazBUr1zTPVICWZ_jo_93emPw8AiEAyycFWmdLr7WzuiuURxYY5yZP8cEzREQlvmC3RL6KUdM%3D&sig=AOq0QJ8wRAIgeNkc-jKzSc4qk24QikFJQ77kiYYZeBJG_M57t3aK_C4CIEgXDG38taFl2WaqaGHMn6_9eVk2wvEDNCarEkWpCjpe&ratebypass=yes", "player_url": "/s/player/5dd3f3b2/player_ias.vflset/en_US/base.js", "ext": "webm", "height": 360, "format_note": "360p", "vcodec": "vp9", "asr": null, "filesize": 1032600, "fps": 30, "tbr": 73.437, "width": 640, "acodec": "none", "downloader_options": {"http_chunk_size": 10485760}, "format": "243 - 640x360 (360p)", "protocol": "https", "http_headers": {"User-Agent": "Mozilla/5.0 (Windows NT 10.0; Win64; x64) AppleWebKit/537.36 (KHTML, like Gecko) Chrome/72.0.3602.1 Safari/537.36", "Accept-Charset": "ISO-8859-1,utf-8;q=0.7,*;q=0.7", "Accept": "text/html,application/xhtml+xml,application/xml;q=0.9,*/*;q=0.8", "Accept-Encoding": "gzip, deflate", "Accept-Language": "en-us,en;q=0.5"}}, {"format_id": "134", "url": "https://r2---sn-5njj-u2xe.googlevideo.com/videoplayback?expire=1609941069&ei=7Wv1X5yaHZO-4ALO7raADA&ip=140.109.134.180&id=o-AADcvb9pYxImQHO_1l7zvBGpMMpnBQRO2G7DmHwSBiWG&itag=134&aitags=133%2C134%2C135%2C136%2C137%2C160%2C242%2C243%2C244%2C247%2C248%2C278&source=youtube&requiressl=yes&mh=Sj&mm=31%2C29&mn=sn-5njj-u2xe%2Csn-un57sn7s&ms=au%2Crdu&mv=m&mvi=2&pl=16&gcr=tw&initcwndbps=350000&vprv=1&mime=video%2Fmp4&ns=eN2bwwcct__K-xJ4s9jiL_IF&gir=yes&clen=1398688&dur=136.903&lmt=1595520548322742&mt=1609919103&fvip=2&keepalive=yes&beids=23886212&c=WEB&txp=2116222&n=tugFcqK7N39z4SKj&sparams=expire%2Cei%2Cip%2Cid%2Caitags%2Csource%2Crequiressl%2Cgcr%2Cvprv%2Cmime%2Cns%2Cgir%2Cclen%2Cdur%2Clmt&lsparams=mh%2Cmm%2Cmn%2Cms%2Cmv%2Cmvi%2Cpl%2Cinitcwndbps&lsig=AG3C_xAwRQIhAPyppM-Ke4R5h_vU1sOME02SJBY6cQPeYHoDystEVnBiAiBHPrOm7s01xlg0KJyewAgAl7pS1BX7-QE2AJCbcBDGpA%3D%3D&sig=AOq0QJ8wRQIgaluX30iHS_Uig5n7aUzKNT4GSLo0k42CrgVb58Tj81YCIQDZ0n718dnH8ZGbxyMYeSgxgf-N9ZGbeCP3qag98MkikQ==&ratebypass=yes", "player_url": "/s/player/5dd3f3b2/player_ias.vflset/en_US/base.js", "ext": "mp4", "height": 360, "format_note": "360p", "vcodec": "avc1.4d401e", "asr": null, "filesize": 1398688, "fps": 30, "tbr": 98.895, "width": 640, "acodec": "none", "downloader_options": {"http_chunk_size": 10485760}, "format": "134 - 640x360 (360p)", "protocol": "https", "http_headers": {"User-Agent": "Mozilla/5.0 (Windows NT 10.0; Win64; x64) AppleWebKit/537.36 (KHTML, like Gecko) Chrome/72.0.3602.1 Safari/537.36", "Accept-Charset": "ISO-8859-1,utf-8;q=0.7,*;q=0.7", "Accept": "text/html,application/xhtml+xml,application/xml;q=0.9,*/*;q=0.8", "Accept-Encoding": "gzip, deflate", "Accept-Language": "en-us,en;q=0.5"}}, {"format_id": "244", "url": "https://r2---sn-5njj-u2xe.googlevideo.com/videoplayback?expire=1609941069&ei=7Wv1X5yaHZO-4ALO7raADA&ip=140.109.134.180&id=o-AADcvb9pYxImQHO_1l7zvBGpMMpnBQRO2G7DmHwSBiWG&itag=244&aitags=133%2C134%2C135%2C136%2C137%2C160%2C242%2C243%2C244%2C247%2C248%2C278&source=youtube&requiressl=yes&mh=Sj&mm=31%2C29&mn=sn-5njj-u2xe%2Csn-un57sn7s&ms=au%2Crdu&mv=m&mvi=2&pl=16&gcr=tw&initcwndbps=350000&vprv=1&mime=video%2Fwebm&ns=eN2bwwcct__K-xJ4s9jiL_IF&gir=yes&clen=1636265&dur=136.903&lmt=1595521110575270&mt=1609919103&fvip=2&keepalive=yes&beids=23886212&c=WEB&txp=1116222&n=tugFcqK7N39z4SKj&sparams=expire%2Cei%2Cip%2Cid%2Caitags%2Csource%2Crequiressl%2Cgcr%2Cvprv%2Cmime%2Cns%2Cgir%2Cclen%2Cdur%2Clmt&lsparams=mh%2Cmm%2Cmn%2Cms%2Cmv%2Cmvi%2Cpl%2Cinitcwndbps&lsig=AG3C_xAwRAIge12iE8Z0Cq23UCLmvpyH_SQQ_LorumDcmfCqtBePxtwCIBA-eQ1atpZ_3XKXeEbTetsNPCo8g2BxijL0hJoe0qb2&sig=AOq0QJ8wRQIgenSg3EliVzkg6cAcD9gcKHHjT45wqy6_u_Va2B7x2EwCIQClJp49sXxgLg5cGP2GQNjDlBvja2yBUclnGCWxKbzO9g==&ratebypass=yes", "player_url": "/s/player/5dd3f3b2/player_ias.vflset/en_US/base.js", "ext": "webm", "height": 480, "format_note": "480p", "vcodec": "vp9", "asr": null, "filesize": 1636265, "fps": 30, "tbr": 119.607, "width": 854, "acodec": "none", "downloader_options": {"http_chunk_size": 10485760}, "format": "244 - 854x480 (480p)", "protocol": "https", "http_headers": {"User-Agent": "Mozilla/5.0 (Windows NT 10.0; Win64; x64) AppleWebKit/537.36 (KHTML, like Gecko) Chrome/72.0.3602.1 Safari/537.36", "Accept-Charset": "ISO-8859-1,utf-8;q=0.7,*;q=0.7", "Accept": "text/html,application/xhtml+xml,application/xml;q=0.9,*/*;q=0.8", "Accept-Encoding": "gzip, deflate", "Accept-Language": "en-us,en;q=0.5"}}, {"format_id": "135", "url": "https://r2---sn-5njj-u2xe.googlevideo.com/videoplayback?expire=1609941069&ei=7Wv1X5yaHZO-4ALO7raADA&ip=140.109.134.180&id=o-AADcvb9pYxImQHO_1l7zvBGpMMpnBQRO2G7DmHwSBiWG&itag=135&aitags=133%2C134%2C135%2C136%2C137%2C160%2C242%2C243%2C244%2C247%2C248%2C278&source=youtube&requiressl=yes&mh=Sj&mm=31%2C29&mn=sn-5njj-u2xe%2Csn-un57sn7s&ms=au%2Crdu&mv=m&mvi=2&pl=16&gcr=tw&initcwndbps=350000&vprv=1&mime=video%2Fmp4&ns=eN2bwwcct__K-xJ4s9jiL_IF&gir=yes&clen=2351235&dur=136.903&lmt=1595520548322313&mt=1609919103&fvip=2&keepalive=yes&beids=23886212&c=WEB&txp=2116222&n=tugFcqK7N39z4SKj&sparams=expire%2Cei%2Cip%2Cid%2Caitags%2Csource%2Crequiressl%2Cgcr%2Cvprv%2Cmime%2Cns%2Cgir%2Cclen%2Cdur%2Clmt&lsparams=mh%2Cmm%2Cmn%2Cms%2Cmv%2Cmvi%2Cpl%2Cinitcwndbps&lsig=AG3C_xAwRQIgWzTqUuI-JPYku47rwrLp_SaDmeEnfcyQSxgs5ee6jIYCIQDYgM5j7PaWjNpQ9niyiFydipq_5bY-AfNCRWAZW7CJ_Q%3D%3D&sig=AOq0QJ8wRgIhANgoD69oBcLsi-G6glAmrp8MANf4pz-Uz9MfVevJ_9ClAiEA5Dle2AS9vns_TNqD94xlzbdaHdU3RMs1hC9coz2Yo8s=&ratebypass=yes", "player_url": "/s/player/5dd3f3b2/player_ias.vflset/en_US/base.js", "ext": "mp4", "height": 480, "format_note": "480p", "vcodec": "avc1.4d401f", "asr": null, "filesize": 2351235, "fps": 30, "tbr": 165.087, "width": 854, "acodec": "none", "downloader_options": {"http_chunk_size": 10485760}, "format": "135 - 854x480 (480p)", "protocol": "https", "http_headers": {"User-Agent": "Mozilla/5.0 (Windows NT 10.0; Win64; x64) AppleWebKit/537.36 (KHTML, like Gecko) Chrome/72.0.3602.1 Safari/537.36", "Accept-Charset": "ISO-8859-1,utf-8;q=0.7,*;q=0.7", "Accept": "text/html,application/xhtml+xml,application/xml;q=0.9,*/*;q=0.8", "Accept-Encoding": "gzip, deflate", "Accept-Language": "en-us,en;q=0.5"}}, {"format_id": "247", "url": "https://r2---sn-5njj-u2xe.googlevideo.com/videoplayback?expire=1609941069&ei=7Wv1X5yaHZO-4ALO7raADA&ip=140.109.134.180&id=o-AADcvb9pYxImQHO_1l7zvBGpMMpnBQRO2G7DmHwSBiWG&itag=247&aitags=133%2C134%2C135%2C136%2C137%2C160%2C242%2C243%2C244%2C247%2C248%2C278&source=youtube&requiressl=yes&mh=Sj&mm=31%2C29&mn=sn-5njj-u2xe%2Csn-un57sn7s&ms=au%2Crdu&mv=m&mvi=2&pl=16&gcr=tw&initcwndbps=350000&vprv=1&mime=video%2Fwebm&ns=eN2bwwcct__K-xJ4s9jiL_IF&gir=yes&clen=3423944&dur=136.903&lmt=1595521110572331&mt=1609919103&fvip=2&keepalive=yes&beids=23886212&c=WEB&txp=1116222&n=tugFcqK7N39z4SKj&sparams=expire%2Cei%2Cip%2Cid%2Caitags%2Csource%2Crequiressl%2Cgcr%2Cvprv%2Cmime%2Cns%2Cgir%2Cclen%2Cdur%2Clmt&lsparams=mh%2Cmm%2Cmn%2Cms%2Cmv%2Cmvi%2Cpl%2Cinitcwndbps&lsig=AG3C_xAwRgIhAJpQU6pn_mhI8mM1p0yUXagAuq76HlJXMMNR-66PdKuoAiEAnR3b6ejKCtk-f_1_3m2Uq9uuU_zN4WcElru71dBwqrc%3D&sig=AOq0QJ8wRgIhAKdMGPlpVaojdLzWkgnxdVQBFyzOt2aSP2gy9_FoNGCpAiEAlWN91OfFmKR0gS-xJ72PLeAYvksmBAFKlVyYW9KCy3I=&ratebypass=yes", "player_url": "/s/player/5dd3f3b2/player_ias.vflset/en_US/base.js", "ext": "webm", "height": 720, "format_note": "720p", "vcodec": "vp9", "asr": null, "filesize": 3423944, "fps": 30, "tbr": 254.818, "width": 1280, "acodec": "none", "downloader_options": {"http_chunk_size": 10485760}, "format": "247 - 1280x720 (720p)", "protocol": "https", "http_headers": {"User-Agent": "Mozilla/5.0 (Windows NT 10.0; Win64; x64) AppleWebKit/537.36 (KHTML, like Gecko) Chrome/72.0.3602.1 Safari/537.36", "Accept-Charset": "ISO-8859-1,utf-8;q=0.7,*;q=0.7", "Accept": "text/html,application/xhtml+xml,application/xml;q=0.9,*/*;q=0.8", "Accept-Encoding": "gzip, deflate", "Accept-Language": "en-us,en;q=0.5"}}, {"format_id": "136", "url": "https://r2---sn-5njj-u2xe.googlevideo.com/videoplayback?expire=1609941069&ei=7Wv1X5yaHZO-4ALO7raADA&ip=140.109.134.180&id=o-AADcvb9pYxImQHO_1l7zvBGpMMpnBQRO2G7DmHwSBiWG&itag=136&aitags=133%2C134%2C135%2C136%2C137%2C160%2C242%2C243%2C244%2C247%2C248%2C278&source=youtube&requiressl=yes&mh=Sj&mm=31%2C29&mn=sn-5njj-u2xe%2Csn-un57sn7s&ms=au%2Crdu&mv=m&mvi=2&pl=16&gcr=tw&initcwndbps=350000&vprv=1&mime=video%2Fmp4&ns=eN2bwwcct__K-xJ4s9jiL_IF&gir=yes&clen=4745143&dur=136.903&lmt=1595520548325133&mt=1609919103&fvip=2&keepalive=yes&beids=23886212&c=WEB&txp=2116222&n=tugFcqK7N39z4SKj&sparams=expire%2Cei%2Cip%2Cid%2Caitags%2Csource%2Crequiressl%2Cgcr%2Cvprv%2Cmime%2Cns%2Cgir%2Cclen%2Cdur%2Clmt&lsparams=mh%2Cmm%2Cmn%2Cms%2Cmv%2Cmvi%2Cpl%2Cinitcwndbps&lsig=AG3C_xAwRAIgJQ_2aZ2v2Lr6M7-pRxlnIYu5q-SWbDBjzrhRo_X3jPMCICnlY0mPJJFRnRJB4tXmtGoMir36E-kOz6LSb0KSoPxY&sig=AOq0QJ8wRAIgbkrph9DlisdXtq2qhGnHDpXt_yt5Wl8cUYJrUVv4480CIG4bcMZSgj0aBv9E8jDbUsrn4mLKO0gnlwPA05Gd0VJV&ratebypass=yes", "player_url": "/s/player/5dd3f3b2/player_ias.vflset/en_US/base.js", "ext": "mp4", "height": 720, "format_note": "720p", "vcodec": "avc1.64001f", "asr": null, "filesize": 4745143, "fps": 30, "tbr": 334.562, "width": 1280, "acodec": "none", "downloader_options": {"http_chunk_size": 10485760}, "format": "136 - 1280x720 (720p)", "protocol": "https", "http_headers": {"User-Agent": "Mozilla/5.0 (Windows NT 10.0; Win64; x64) AppleWebKit/537.36 (KHTML, like Gecko) Chrome/72.0.3602.1 Safari/537.36", "Accept-Charset": "ISO-8859-1,utf-8;q=0.7,*;q=0.7", "Accept": "text/html,application/xhtml+xml,application/xml;q=0.9,*/*;q=0.8", "Accept-Encoding": "gzip, deflate", "Accept-Language": "en-us,en;q=0.5"}}, {"format_id": "248", "url": "https://r2---sn-5njj-u2xe.googlevideo.com/videoplayback?expire=1609941069&ei=7Wv1X5yaHZO-4ALO7raADA&ip=140.109.134.180&id=o-AADcvb9pYxImQHO_1l7zvBGpMMpnBQRO2G7DmHwSBiWG&itag=248&aitags=133%2C134%2C135%2C136%2C137%2C160%2C242%2C243%2C244%2C247%2C248%2C278&source=youtube&requiressl=yes&mh=Sj&mm=31%2C29&mn=sn-5njj-u2xe%2Csn-un57sn7s&ms=au%2Crdu&mv=m&mvi=2&pl=16&gcr=tw&initcwndbps=350000&vprv=1&mime=video%2Fwebm&ns=eN2bwwcct__K-xJ4s9jiL_IF&gir=yes&clen=5383530&dur=136.903&lmt=1595521110550655&mt=1609919103&fvip=2&keepalive=yes&beids=23886212&c=WEB&txp=1116222&n=tugFcqK7N39z4SKj&sparams=expire%2Cei%2Cip%2Cid%2Caitags%2Csource%2Crequiressl%2Cgcr%2Cvprv%2Cmime%2Cns%2Cgir%2Cclen%2Cdur%2Clmt&lsparams=mh%2Cmm%2Cmn%2Cms%2Cmv%2Cmvi%2Cpl%2Cinitcwndbps&lsig=AG3C_xAwRQIhAPaGZ5zQ0NnXiG2eLnN4K1raVUWo-GRhijPtD2tdtiNnAiB9XEaYKihBMSuPOXNMOcGJoal2WJdb52qluRyC0Px-Dg%3D%3D&sig=AOq0QJ8wRAIgePVS_2xvkWSK-cy7wslZKkhjsThZXGE0D87l8jrsRowCIATeF0rfP92feovSyL3ynQZhCzhC57MGARoWyH11IPRG&ratebypass=yes", "player_url": "/s/player/5dd3f3b2/player_ias.vflset/en_US/base.js", "ext": "webm", "height": 1080, "format_note": "1080p", "vcodec": "vp9", "asr": null, "filesize": 5383530, "fps": 30, "tbr": 410.029, "width": 1920, "acodec": "none", "downloader_options": {"http_chunk_size": 10485760}, "format": "248 - 1920x1080 (1080p)", "protocol": "https", "http_headers": {"User-Agent": "Mozilla/5.0 (Windows NT 10.0; Win64; x64) AppleWebKit/537.36 (KHTML, like Gecko) Chrome/72.0.3602.1 Safari/537.36", "Accept-Charset": "ISO-8859-1,utf-8;q=0.7,*;q=0.7", "Accept": "text/html,application/xhtml+xml,application/xml;q=0.9,*/*;q=0.8", "Accept-Encoding": "gzip, deflate", "Accept-Language": "en-us,en;q=0.5"}}, {"format_id": "137", "url": "https://r2---sn-5njj-u2xe.googlevideo.com/videoplayback?expire=1609941069&ei=7Wv1X5yaHZO-4ALO7raADA&ip=140.109.134.180&id=o-AADcvb9pYxImQHO_1l7zvBGpMMpnBQRO2G7DmHwSBiWG&itag=137&aitags=133%2C134%2C135%2C136%2C137%2C160%2C242%2C243%2C244%2C247%2C248%2C278&source=youtube&requiressl=yes&mh=Sj&mm=31%2C29&mn=sn-5njj-u2xe%2Csn-un57sn7s&ms=au%2Crdu&mv=m&mvi=2&pl=16&gcr=tw&initcwndbps=350000&vprv=1&mime=video%2Fmp4&ns=eN2bwwcct__K-xJ4s9jiL_IF&gir=yes&clen=10617762&dur=136.903&lmt=1595520548325593&mt=1609919103&fvip=2&keepalive=yes&beids=23886212&c=WEB&txp=2116222&n=tugFcqK7N39z4SKj&sparams=expire%2Cei%2Cip%2Cid%2Caitags%2Csource%2Crequiressl%2Cgcr%2Cvprv%2Cmime%2Cns%2Cgir%2Cclen%2Cdur%2Clmt&lsparams=mh%2Cmm%2Cmn%2Cms%2Cmv%2Cmvi%2Cpl%2Cinitcwndbps&lsig=AG3C_xAwRAIgVJkRS2sfejb-K33MYoacg_69zZR4vEglI9O3i49QOTACIDdqIjlLQ8JQ-polmuRfQDmsCfmWAYHaEolNp4-eT9gj&sig=AOq0QJ8wRQIgWQKsjh5Mz73FviqkvxaDjtuSy3ZQlly-fdhzkz01fm8CIQCQV5qW5Zs4i0kqmBDYiZiksy94JI3V3whk0Bn9phYyYA==&ratebypass=yes", "player_url": "/s/player/5dd3f3b2/player_ias.vflset/en_US/base.js", "ext": "mp4", "height": 1080, "format_note": "1080p", "vcodec": "avc1.640028", "asr": null, "filesize": 10617762, "fps": 30, "tbr": 718.023, "width": 1920, "acodec": "none", "downloader_options": {"http_chunk_size": 10485760}, "format": "137 - 1920x1080 (1080p)", "protocol": "https", "http_headers": {"User-Agent": "Mozilla/5.0 (Windows NT 10.0; Win64; x64) AppleWebKit/537.36 (KHTML, like Gecko) Chrome/72.0.3602.1 Safari/537.36", "Accept-Charset": "ISO-8859-1,utf-8;q=0.7,*;q=0.7", "Accept": "text/html,application/xhtml+xml,application/xml;q=0.9,*/*;q=0.8", "Accept-Encoding": "gzip, deflate", "Accept-Language": "en-us,en;q=0.5"}}, {"format_id": "18", "url": "https://r2---sn-5njj-u2xe.googlevideo.com/videoplayback?expire=1609941069&ei=7Wv1X5yaHZO-4ALO7raADA&ip=140.109.134.180&id=o-AADcvb9pYxImQHO_1l7zvBGpMMpnBQRO2G7DmHwSBiWG&itag=18&source=youtube&requiressl=yes&mh=Sj&mm=31%2C29&mn=sn-5njj-u2xe%2Csn-un57sn7s&ms=au%2Crdu&mv=m&mvi=2&pl=16&gcr=tw&initcwndbps=350000&vprv=1&mime=video%2Fmp4&ns=7udk8XehMmkPWu0otIIe_n4F&gir=yes&clen=3244348&ratebypass=yes&dur=136.951&lmt=1595520632373907&mt=1609919103&fvip=2&beids=23886212&c=WEB&txp=2116222&n=UaaEhRweLLHBUD5i&sparams=expire%2Cei%2Cip%2Cid%2Citag%2Csource%2Crequiressl%2Cgcr%2Cvprv%2Cmime%2Cns%2Cgir%2Cclen%2Cratebypass%2Cdur%2Clmt&lsparams=mh%2Cmm%2Cmn%2Cms%2Cmv%2Cmvi%2Cpl%2Cinitcwndbps&lsig=AG3C_xAwRAIgDeVcJq0j94B0gjFSkIfOfDLTPTB46bEaPw84Gl3Cem4CIEC-zILoNgZ6j6JJZ5ZfuhWpL9bm4_AnnqX2wQUpR8hz&sig=AOq0QJ8wRgIhAJZXDhwepSmXktWkWl7dOjHT6KIr-qrdLBKVqZ2cIG_3AiEA_F7gdXyKWbtNbAeRo25zqPPqxLgHbKa8gs3-FunmC5o=", "player_url": "/s/player/5dd3f3b2/player_ias.vflset/en_US/base.js", "ext": "mp4", "width": 640, "height": 360, "acodec": "mp4a.40.2", "abr": 96, "vcodec": "avc1.42001E", "asr": 44100, "filesize": 3244348, "format_note": "360p", "fps": 30, "tbr": 189.585, "format": "18 - 640x360 (360p)", "protocol": "https", "http_headers": {"User-Agent": "Mozilla/5.0 (Windows NT 10.0; Win64; x64) AppleWebKit/537.36 (KHTML, like Gecko) Chrome/72.0.3602.1 Safari/537.36", "Accept-Charset": "ISO-8859-1,utf-8;q=0.7,*;q=0.7", "Accept": "text/html,application/xhtml+xml,application/xml;q=0.9,*/*;q=0.8", "Accept-Encoding": "gzip, deflate", "Accept-Language": "en-us,en;q=0.5"}}], "is_live": null, "start_time": null, "end_time": null, "series": null, "season_number": null, "episode_number": null, "track": "Freddie's Theme", "artist": "Stephan Moccio", "album": null, "release_date": null, "release_year": null, "extractor": "youtube", "webpage_url_basename": "watch", "extractor_key": "Youtube", "playlist": null, "playlist_index": null, "thumbnail": "https://i.ytimg.com/vi/BaHHHgDd0BU/maxresdefault.jpg", "display_id": "BaHHHgDd0BU", "requested_subtitles": null, "format_id": "251", "url": "https://r2---sn-5njj-u2xe.googlevideo.com/videoplayback?expire=1609941069&ei=7Wv1X5yaHZO-4ALO7raADA&ip=140.109.134.180&id=o-AADcvb9pYxImQHO_1l7zvBGpMMpnBQRO2G7DmHwSBiWG&itag=251&source=youtube&requiressl=yes&mh=Sj&mm=31%2C29&mn=sn-5njj-u2xe%2Csn-un57sn7s&ms=au%2Crdu&mv=m&mvi=2&pl=16&gcr=tw&initcwndbps=350000&vprv=1&mime=audio%2Fwebm&ns=eN2bwwcct__K-xJ4s9jiL_IF&gir=yes&clen=2346130&dur=136.921&lmt=1595520538507613&mt=1609919103&fvip=2&keepalive=yes&beids=23886212&c=WEB&txp=2111222&n=tugFcqK7N39z4SKj&sparams=expire%2Cei%2Cip%2Cid%2Citag%2Csource%2Crequiressl%2Cgcr%2Cvprv%2Cmime%2Cns%2Cgir%2Cclen%2Cdur%2Clmt&lsparams=mh%2Cmm%2Cmn%2Cms%2Cmv%2Cmvi%2Cpl%2Cinitcwndbps&lsig=AG3C_xAwRAIgA3D2T6OMPyX-6Em7OzsSV6ak1hQ4VCdJYVoLFFTvpFgCIHJbAHpTIrgrBP85lVxN0cBgGaxhelXza4kzLb3V8AHm&sig=AOq0QJ8wRAIgT2sFWJ0DRQymJANIF-6el_9c29TJO7ujN9Uh4yIfStoCIHzPhJbnQ0e95P0yk2he3ahntSxKy2Y4xUhxfyJZcnFa&ratebypass=yes", "player_url": "/s/player/5dd3f3b2/player_ias.vflset/en_US/base.js", "ext": "webm", "format_note": "tiny", "acodec": "opus", "abr": 160, "asr": 48000, "filesize": 2346130, "fps": null, "height": null, "tbr": 151.666, "width": null, "vcodec": "none", "downloader_options": {"http_chunk_size": 10485760}, "format": "251 - audio only (tiny)", "protocol": "https", "http_headers": {"User-Agent": "Mozilla/5.0 (Windows NT 10.0; Win64; x64) AppleWebKit/537.36 (KHTML, like Gecko) Chrome/72.0.3602.1 Safari/537.36", "Accept-Charset": "ISO-8859-1,utf-8;q=0.7,*;q=0.7", "Accept": "text/html,application/xhtml+xml,application/xml;q=0.9,*/*;q=0.8", "Accept-Encoding": "gzip, deflate", "Accept-Language": "en-us,en;q=0.5"}}