{"id": "Cir1kZyB7QM", "uploader": "Mino Monterosso - Topic", "uploader_id": "UC2Fv_gT3nrpM3Y-4E1MLVmg", "uploader_url": "http://www.youtube.com/channel/UC2Fv_gT3nrpM3Y-4E1MLVmg", "channel_id": "UC2Fv_gT3nrpM3Y-4E1MLVmg", "channel_url": "http://www.youtube.com/channel/UC2Fv_gT3nrpM3Y-4E1MLVmg", "upload_date": "20200819", "license": null, "creator": "Mino Monterosso", "title": "All that Glitters", "alt_title": "All that Glitters", "thumbnails": [{"url": "https://i.ytimg.com/vi/Cir1kZyB7QM/hqdefault.jpg?sqp=-oaymwEYCKgBEF5IVfKriqkDCwgBFQAAiEIYAXAB&rs=AOn4CLB2aSdXuwh2T_zSRE0jfrFDHSdQbw", "width": 168, "height": 94, "resolution": "168x94", "id": "0"}, {"url": "https://i.ytimg.com/vi/Cir1kZyB7QM/hqdefault.jpg?sqp=-oaymwEYCMQBEG5IVfKriqkDCwgBFQAAiEIYAXAB&rs=AOn4CLBSJv3kXtSlYeLLSvGe0tcpUFC9GA", "width": 196, "height": 110, "resolution": "196x110", "id": "1"}, {"url": "https://i.ytimg.com/vi/Cir1kZyB7QM/hqdefault.jpg?sqp=-oaymwEZCPYBEIoBSFXyq4qpAwsIARUAAIhCGAFwAQ==&rs=AOn4CLBmDmBmzKPNfacCZDBwzEInr_vHuQ", "width": 246, "height": 138, "resolution": "246x138", "id": "2"}, {"url": "https://i.ytimg.com/vi/Cir1kZyB7QM/hqdefault.jpg?sqp=-oaymwEZCNACELwBSFXyq4qpAwsIARUAAIhCGAFwAQ==&rs=AOn4CLBLf7E6UL308V2NJm0hzkwnwClt-A", "width": 336, "height": 188, "resolution": "336x188", "id": "3"}, {"url": "https://i.ytimg.com/vi/Cir1kZyB7QM/maxresdefault.jpg", "width": 1920, "height": 1080, "resolution": "1920x1080", "id": "4"}], "description": "Provided to YouTube by IIP-DDS\n\nAll that Glitters \u00b7 Mino Monterosso\n\nAll that Glitters\n\n\u2117 Mino Monterosso\n\nReleased on: 2020-08-20\n\nComposer: Mino Monterosso\nMusic  Publisher: Q&L Publishing\n\nAuto-generated by YouTube.", "categories": ["Music"], "tags": ["Mino Monterosso", "All that Glitters"], "subtitles": {}, "automatic_captions": {}, "duration": 161, "age_limit": 0, "annotations": null, "chapters": null, "webpage_url": "https://www.youtube.com/watch?v=Cir1kZyB7QM", "view_count": 2486, "like_count": 71, "dislike_count": 2, "average_rating": 4.8904109, "formats": [{"format_id": "249", "url": "https://r4---sn-5njj-u2xe.googlevideo.com/videoplayback?expire=1609159331&ei=Q37pX-aOKpfMgQPFvaaIBg&ip=140.109.135.166&id=o-ALXpjVXowdsRGOEZ39koRZRv6mAEF52gWMGc2QHXi1yi&itag=249&source=youtube&requiressl=yes&mh=hu&mm=31%2C29&mn=sn-5njj-u2xe%2Csn-un57en7l&ms=au%2Crdu&mv=m&mvi=4&pl=16&gcr=tw&initcwndbps=435000&vprv=1&mime=audio%2Fwebm&ns=dPTB16hD1UpF-eYiOWNgEBoF&gir=yes&clen=1072125&dur=161.081&lmt=1597334928974758&mt=1609137646&fvip=4&keepalive=yes&c=WEB&txp=2311222&n=CjVmY_XVxHxaUOh7&sparams=expire%2Cei%2Cip%2Cid%2Citag%2Csource%2Crequiressl%2Cgcr%2Cvprv%2Cmime%2Cns%2Cgir%2Cclen%2Cdur%2Clmt&lsparams=mh%2Cmm%2Cmn%2Cms%2Cmv%2Cmvi%2Cpl%2Cinitcwndbps&lsig=AG3C_xAwRQIhAOQBDW67jLHI0dtXZMdJT7Q3s0CpAFDoA25T-qHk7qM_AiBQK-F1vNqQTcJpok97f2-p9YjQkN0wEgBXSIDTlHLfDw%3D%3D&sig=AOq0QJ8wRQIgBIhqMsaOhaJYTxjwWinHWz6k7Yw68k6MAzt5qwwURZ0CIQCFeKv5rXeVIhucr0tJkRzJouE4ju-WccrMB0mWGRsMlA==&ratebypass=yes", "player_url": "/s/player/5dd3f3b2/player_ias.vflset/en_US/base.js", "ext": "webm", "format_note": "tiny", "acodec": "opus", "abr": 50, "asr": 48000, "filesize": 1072125, "fps": null, "height": null, "tbr": 57.818, "width": null, "vcodec": "none", "downloader_options": {"http_chunk_size": 10485760}, "format": "249 - audio only (tiny)", "protocol": "https", "http_headers": {"User-Agent": "Mozilla/5.0 (Windows NT 10.0; Win64; x64) AppleWebKit/537.36 (KHTML, like Gecko) Chrome/70.0.3538.61 Safari/537.36", "Accept-Charset": "ISO-8859-1,utf-8;q=0.7,*;q=0.7", "Accept": "text/html,application/xhtml+xml,application/xml;q=0.9,*/*;q=0.8", "Accept-Encoding": "gzip, deflate", "Accept-Language": "en-us,en;q=0.5"}}, {"format_id": "250", "url": "https://r4---sn-5njj-u2xe.googlevideo.com/videoplayback?expire=1609159331&ei=Q37pX-aOKpfMgQPFvaaIBg&ip=140.109.135.166&id=o-ALXpjVXowdsRGOEZ39koRZRv6mAEF52gWMGc2QHXi1yi&itag=250&source=youtube&requiressl=yes&mh=hu&mm=31%2C29&mn=sn-5njj-u2xe%2Csn-un57en7l&ms=au%2Crdu&mv=m&mvi=4&pl=16&gcr=tw&initcwndbps=435000&vprv=1&mime=audio%2Fwebm&ns=dPTB16hD1UpF-eYiOWNgEBoF&gir=yes&clen=1424693&dur=161.081&lmt=1597334929565582&mt=1609137646&fvip=4&keepalive=yes&c=WEB&txp=2311222&n=CjVmY_XVxHxaUOh7&sparams=expire%2Cei%2Cip%2Cid%2Citag%2Csource%2Crequiressl%2Cgcr%2Cvprv%2Cmime%2Cns%2Cgir%2Cclen%2Cdur%2Clmt&lsparams=mh%2Cmm%2Cmn%2Cms%2Cmv%2Cmvi%2Cpl%2Cinitcwndbps&lsig=AG3C_xAwRgIhAKl_UhiS9uhgOwJJvp9Y2OMMZNlzoPGmr_ohyfzq4KuUAiEA_jjqIGUY3iI9N8ekdbdGcYNCPMwdyFDwcZs5lZhlVPM%3D&sig=AOq0QJ8wRAIgH_uwzGe5-N3ysOEiUs5Z6OnLawKhGqFBoGOeOq6SUSMCIHSFcFLwHtzJCzLKW6lKnxVGDisMzo_eYuvNPOHPSoJf&ratebypass=yes", "player_url": "/s/player/5dd3f3b2/player_ias.vflset/en_US/base.js", "ext": "webm", "format_note": "tiny", "acodec": "opus", "abr": 70, "asr": 48000, "filesize": 1424693, "fps": null, "height": null, "tbr": 76.68, "width": null, "vcodec": "none", "downloader_options": {"http_chunk_size": 10485760}, "format": "250 - audio only (tiny)", "protocol": "https", "http_headers": {"User-Agent": "Mozilla/5.0 (Windows NT 10.0; Win64; x64) AppleWebKit/537.36 (KHTML, like Gecko) Chrome/70.0.3538.61 Safari/537.36", "Accept-Charset": "ISO-8859-1,utf-8;q=0.7,*;q=0.7", "Accept": "text/html,application/xhtml+xml,application/xml;q=0.9,*/*;q=0.8", "Accept-Encoding": "gzip, deflate", "Accept-Language": "en-us,en;q=0.5"}}, {"format_id": "140", "url": "https://r4---sn-5njj-u2xe.googlevideo.com/videoplayback?expire=1609159331&ei=Q37pX-aOKpfMgQPFvaaIBg&ip=140.109.135.166&id=o-ALXpjVXowdsRGOEZ39koRZRv6mAEF52gWMGc2QHXi1yi&itag=140&source=youtube&requiressl=yes&mh=hu&mm=31%2C29&mn=sn-5njj-u2xe%2Csn-un57en7l&ms=au%2Crdu&mv=m&mvi=4&pl=16&gcr=tw&initcwndbps=435000&vprv=1&mime=audio%2Fmp4&ns=dPTB16hD1UpF-eYiOWNgEBoF&gir=yes&clen=2608889&dur=161.073&lmt=1597334930473321&mt=1609137646&fvip=4&keepalive=yes&c=WEB&txp=2311222&n=CjVmY_XVxHxaUOh7&sparams=expire%2Cei%2Cip%2Cid%2Citag%2Csource%2Crequiressl%2Cgcr%2Cvprv%2Cmime%2Cns%2Cgir%2Cclen%2Cdur%2Clmt&lsparams=mh%2Cmm%2Cmn%2Cms%2Cmv%2Cmvi%2Cpl%2Cinitcwndbps&lsig=AG3C_xAwRQIhAJG9oQFMTE0Qkx4nwSn1GqRdp7xC5JkIy6DvDTn7cvThAiAsN4n1COYXeH2rxgeNZB4x0IIqUfJqnxUV4q48DfZoTg%3D%3D&sig=AOq0QJ8wRAIgBVNi1091Iqlae52SpHSVPUcotl8_0MOAt-Pi1AaWk6gCIBsIdOsFl5Nc0rZqZfhLWqH-muxs3qYr82FAnxLu8gYC&ratebypass=yes", "player_url": "/s/player/5dd3f3b2/player_ias.vflset/en_US/base.js", "ext": "m4a", "format_note": "tiny", "acodec": "mp4a.40.2", "abr": 128, "container": "m4a_dash", "asr": 44100, "filesize": 2608889, "fps": null, "height": null, "tbr": 132.259, "width": null, "vcodec": "none", "downloader_options": {"http_chunk_size": 10485760}, "format": "140 - audio only (tiny)", "protocol": "https", "http_headers": {"User-Agent": "Mozilla/5.0 (Windows NT 10.0; Win64; x64) AppleWebKit/537.36 (KHTML, like Gecko) Chrome/70.0.3538.61 Safari/537.36", "Accept-Charset": "ISO-8859-1,utf-8;q=0.7,*;q=0.7", "Accept": "text/html,application/xhtml+xml,application/xml;q=0.9,*/*;q=0.8", "Accept-Encoding": "gzip, deflate", "Accept-Language": "en-us,en;q=0.5"}}, {"format_id": "251", "url": "https://r4---sn-5njj-u2xe.googlevideo.com/videoplayback?expire=1609159331&ei=Q37pX-aOKpfMgQPFvaaIBg&ip=140.109.135.166&id=o-ALXpjVXowdsRGOEZ39koRZRv6mAEF52gWMGc2QHXi1yi&itag=251&source=youtube&requiressl=yes&mh=hu&mm=31%2C29&mn=sn-5njj-u2xe%2Csn-un57en7l&ms=au%2Crdu&mv=m&mvi=4&pl=16&gcr=tw&initcwndbps=435000&vprv=1&mime=audio%2Fwebm&ns=dPTB16hD1UpF-eYiOWNgEBoF&gir=yes&clen=2790862&dur=161.081&lmt=1597334929765028&mt=1609137646&fvip=4&keepalive=yes&c=WEB&txp=2311222&n=CjVmY_XVxHxaUOh7&sparams=expire%2Cei%2Cip%2Cid%2Citag%2Csource%2Crequiressl%2Cgcr%2Cvprv%2Cmime%2Cns%2Cgir%2Cclen%2Cdur%2Clmt&lsparams=mh%2Cmm%2Cmn%2Cms%2Cmv%2Cmvi%2Cpl%2Cinitcwndbps&lsig=AG3C_xAwRQIgdz8A2dYpHNvraUikep6wjEj4ranls19DSfcPw7uWZmMCIQC4k7iAjQcW1IwT5hiB0GI26VTpkWKCSHkM10Vdpbz-KQ%3D%3D&sig=AOq0QJ8wRgIhAL0uZnutt8ByPoREuufoTzt5v8VZaj8P9a8aHyQxwVP9AiEAwyrpvQyXknCiihUDXEkUiwxzCQAqUT3yTX8vG6H3BKM=&ratebypass=yes", "player_url": "/s/player/5dd3f3b2/player_ias.vflset/en_US/base.js", "ext": "webm", "format_note": "tiny", "acodec": "opus", "abr": 160, "asr": 48000, "filesize": 2790862, "fps": null, "height": null, "tbr": 147.376, "width": null, "vcodec": "none", "downloader_options": {"http_chunk_size": 10485760}, "format": "251 - audio only (tiny)", "protocol": "https", "http_headers": {"User-Agent": "Mozilla/5.0 (Windows NT 10.0; Win64; x64) AppleWebKit/537.36 (KHTML, like Gecko) Chrome/70.0.3538.61 Safari/537.36", "Accept-Charset": "ISO-8859-1,utf-8;q=0.7,*;q=0.7", "Accept": "text/html,application/xhtml+xml,application/xml;q=0.9,*/*;q=0.8", "Accept-Encoding": "gzip, deflate", "Accept-Language": "en-us,en;q=0.5"}}, {"format_id": "160", "url": "https://r4---sn-5njj-u2xe.googlevideo.com/videoplayback?expire=1609159331&ei=Q37pX-aOKpfMgQPFvaaIBg&ip=140.109.135.166&id=o-ALXpjVXowdsRGOEZ39koRZRv6mAEF52gWMGc2QHXi1yi&itag=160&aitags=133%2C134%2C135%2C136%2C137%2C160%2C242%2C243%2C244%2C247%2C248%2C278&source=youtube&requiressl=yes&mh=hu&mm=31%2C29&mn=sn-5njj-u2xe%2Csn-un57en7l&ms=au%2Crdu&mv=m&mvi=4&pl=16&gcr=tw&initcwndbps=435000&vprv=1&mime=video%2Fmp4&ns=dPTB16hD1UpF-eYiOWNgEBoF&gir=yes&clen=290244&dur=161.040&lmt=1597334932067161&mt=1609137646&fvip=4&keepalive=yes&c=WEB&txp=2316222&n=CjVmY_XVxHxaUOh7&sparams=expire%2Cei%2Cip%2Cid%2Caitags%2Csource%2Crequiressl%2Cgcr%2Cvprv%2Cmime%2Cns%2Cgir%2Cclen%2Cdur%2Clmt&lsparams=mh%2Cmm%2Cmn%2Cms%2Cmv%2Cmvi%2Cpl%2Cinitcwndbps&lsig=AG3C_xAwRQIhAK_Qe5Yr5hUGqtbeydsD4vhxlit0mQrE8PJo9uxgbNSWAiBAHyoRi1jFkSO7xYPi4eOMBQgrw2AaMTTrIFOeN13RVA%3D%3D&sig=AOq0QJ8wRQIgLNyYnvVn1wi9OgE1w8YZKZWR0CeoitZ8A1p-KR4qwnkCIQCNlFz0m78EMyy7_hlajqqhhtfpfklc-Lr5zid0FYmBDA==&ratebypass=yes", "player_url": "/s/player/5dd3f3b2/player_ias.vflset/en_US/base.js", "ext": "mp4", "height": 144, "format_note": "144p", "vcodec": "avc1.4d400b", "asr": null, "filesize": 290244, "fps": 25, "tbr": 22.775, "width": 144, "acodec": "none", "downloader_options": {"http_chunk_size": 10485760}, "format": "160 - 144x144 (144p)", "protocol": "https", "http_headers": {"User-Agent": "Mozilla/5.0 (Windows NT 10.0; Win64; x64) AppleWebKit/537.36 (KHTML, like Gecko) Chrome/70.0.3538.61 Safari/537.36", "Accept-Charset": "ISO-8859-1,utf-8;q=0.7,*;q=0.7", "Accept": "text/html,application/xhtml+xml,application/xml;q=0.9,*/*;q=0.8", "Accept-Encoding": "gzip, deflate", "Accept-Language": "en-us,en;q=0.5"}}, {"format_id": "278", "url": "https://r4---sn-5njj-u2xe.googlevideo.com/videoplayback?expire=1609159331&ei=Q37pX-aOKpfMgQPFvaaIBg&ip=140.109.135.166&id=o-ALXpjVXowdsRGOEZ39koRZRv6mAEF52gWMGc2QHXi1yi&itag=278&aitags=133%2C134%2C135%2C136%2C137%2C160%2C242%2C243%2C244%2C247%2C248%2C278&source=youtube&requiressl=yes&mh=hu&mm=31%2C29&mn=sn-5njj-u2xe%2Csn-un57en7l&ms=au%2Crdu&mv=m&mvi=4&pl=16&gcr=tw&initcwndbps=435000&vprv=1&mime=video%2Fwebm&ns=dPTB16hD1UpF-eYiOWNgEBoF&gir=yes&clen=340628&dur=161.040&lmt=1597334932486643&mt=1609137646&fvip=4&keepalive=yes&c=WEB&txp=2316222&n=CjVmY_XVxHxaUOh7&sparams=expire%2Cei%2Cip%2Cid%2Caitags%2Csource%2Crequiressl%2Cgcr%2Cvprv%2Cmime%2Cns%2Cgir%2Cclen%2Cdur%2Clmt&lsparams=mh%2Cmm%2Cmn%2Cms%2Cmv%2Cmvi%2Cpl%2Cinitcwndbps&lsig=AG3C_xAwRQIhAKFB1eli99QnwWLHBJmNzt35utaa1h5wNs6_XNAJwC7wAiA3qt1rANvNTJ37IBfQ7OkiP-pW0sVE2mk_j6oK3KhiYg%3D%3D&sig=AOq0QJ8wRAIgPTVZpZkwuae5ErtaPj05Sby1Uw8zJGOg1-wBbXOulGECIB7-WhPGopdAKUDJJell-BbCFxY0heBLhG6gX1Qor0lU&ratebypass=yes", "player_url": "/s/player/5dd3f3b2/player_ias.vflset/en_US/base.js", "ext": "webm", "height": 144, "format_note": "144p", "container": "webm", "vcodec": "vp9", "asr": null, "filesize": 340628, "fps": 25, "tbr": 26.486, "width": 144, "acodec": "none", "downloader_options": {"http_chunk_size": 10485760}, "format": "278 - 144x144 (144p)", "protocol": "https", "http_headers": {"User-Agent": "Mozilla/5.0 (Windows NT 10.0; Win64; x64) AppleWebKit/537.36 (KHTML, like Gecko) Chrome/70.0.3538.61 Safari/537.36", "Accept-Charset": "ISO-8859-1,utf-8;q=0.7,*;q=0.7", "Accept": "text/html,application/xhtml+xml,application/xml;q=0.9,*/*;q=0.8", "Accept-Encoding": "gzip, deflate", "Accept-Language": "en-us,en;q=0.5"}}, {"format_id": "242", "url": "https://r4---sn-5njj-u2xe.googlevideo.com/videoplayback?expire=1609159331&ei=Q37pX-aOKpfMgQPFvaaIBg&ip=140.109.135.166&id=o-ALXpjVXowdsRGOEZ39koRZRv6mAEF52gWMGc2QHXi1yi&itag=242&aitags=133%2C134%2C135%2C136%2C137%2C160%2C242%2C243%2C244%2C247%2C248%2C278&source=youtube&requiressl=yes&mh=hu&mm=31%2C29&mn=sn-5njj-u2xe%2Csn-un57en7l&ms=au%2Crdu&mv=m&mvi=4&pl=16&gcr=tw&initcwndbps=435000&vprv=1&mime=video%2Fwebm&ns=dPTB16hD1UpF-eYiOWNgEBoF&gir=yes&clen=443000&dur=161.040&lmt=1597334933673595&mt=1609137646&fvip=4&keepalive=yes&c=WEB&txp=2316222&n=CjVmY_XVxHxaUOh7&sparams=expire%2Cei%2Cip%2Cid%2Caitags%2Csource%2Crequiressl%2Cgcr%2Cvprv%2Cmime%2Cns%2Cgir%2Cclen%2Cdur%2Clmt&lsparams=mh%2Cmm%2Cmn%2Cms%2Cmv%2Cmvi%2Cpl%2Cinitcwndbps&lsig=AG3C_xAwRQIgK1KmP65QpOoaDgfSmm9T7YQ934yGLtonMlVw7uUtRJoCIQCKREmLa7qkjAos_bTqatyyfXowDh3cL0t62USrduvDYA%3D%3D&sig=AOq0QJ8wRQIhAMeNbWdsJHTQ_dplTqlEe8YGZFAX2j7fyct9VNI5SjRrAiAW3fFcy94DRWYfsFgFiYmgGO7DnH3qnCFHnPaM1FtW5g==&ratebypass=yes", "player_url": "/s/player/5dd3f3b2/player_ias.vflset/en_US/base.js", "ext": "webm", "height": 240, "format_note": "240p", "vcodec": "vp9", "asr": null, "filesize": 443000, "fps": 25, "tbr": 38.241, "width": 240, "acodec": "none", "downloader_options": {"http_chunk_size": 10485760}, "format": "242 - 240x240 (240p)", "protocol": "https", "http_headers": {"User-Agent": "Mozilla/5.0 (Windows NT 10.0; Win64; x64) AppleWebKit/537.36 (KHTML, like Gecko) Chrome/70.0.3538.61 Safari/537.36", "Accept-Charset": "ISO-8859-1,utf-8;q=0.7,*;q=0.7", "Accept": "text/html,application/xhtml+xml,application/xml;q=0.9,*/*;q=0.8", "Accept-Encoding": "gzip, deflate", "Accept-Language": "en-us,en;q=0.5"}}, {"format_id": "133", "url": "https://r4---sn-5njj-u2xe.googlevideo.com/videoplayback?expire=1609159331&ei=Q37pX-aOKpfMgQPFvaaIBg&ip=140.109.135.166&id=o-ALXpjVXowdsRGOEZ39koRZRv6mAEF52gWMGc2QHXi1yi&itag=133&aitags=133%2C134%2C135%2C136%2C137%2C160%2C242%2C243%2C244%2C247%2C248%2C278&source=youtube&requiressl=yes&mh=hu&mm=31%2C29&mn=sn-5njj-u2xe%2Csn-un57en7l&ms=au%2Crdu&mv=m&mvi=4&pl=16&gcr=tw&initcwndbps=435000&vprv=1&mime=video%2Fmp4&ns=dPTB16hD1UpF-eYiOWNgEBoF&gir=yes&clen=505946&dur=161.040&lmt=1597334932532622&mt=1609137646&fvip=4&keepalive=yes&c=WEB&txp=2316222&n=CjVmY_XVxHxaUOh7&sparams=expire%2Cei%2Cip%2Cid%2Caitags%2Csource%2Crequiressl%2Cgcr%2Cvprv%2Cmime%2Cns%2Cgir%2Cclen%2Cdur%2Clmt&lsparams=mh%2Cmm%2Cmn%2Cms%2Cmv%2Cmvi%2Cpl%2Cinitcwndbps&lsig=AG3C_xAwRQIgFDTouOdeU0dw95K18CE6IAG-HusMDuhWR10fqEXWrqQCIQCrxLSNnO4uo1DMSdHT2uwGqVeEZKO0Sb-DetOxSKgt2g%3D%3D&sig=AOq0QJ8wRgIhANezYcX17Zosoi9zgY3tg8N08PtIZ0FePLD1Yq7DalINAiEA9qvb62dUi99dOQ1bx_s3kTnb7dfw5xlCgmhGQ5F7T4U=&ratebypass=yes", "player_url": "/s/player/5dd3f3b2/player_ias.vflset/en_US/base.js", "ext": "mp4", "height": 240, "format_note": "240p", "vcodec": "avc1.4d400c", "asr": null, "filesize": 505946, "fps": 25, "tbr": 42.417, "width": 240, "acodec": "none", "downloader_options": {"http_chunk_size": 10485760}, "format": "133 - 240x240 (240p)", "protocol": "https", "http_headers": {"User-Agent": "Mozilla/5.0 (Windows NT 10.0; Win64; x64) AppleWebKit/537.36 (KHTML, like Gecko) Chrome/70.0.3538.61 Safari/537.36", "Accept-Charset": "ISO-8859-1,utf-8;q=0.7,*;q=0.7", "Accept": "text/html,application/xhtml+xml,application/xml;q=0.9,*/*;q=0.8", "Accept-Encoding": "gzip, deflate", "Accept-Language": "en-us,en;q=0.5"}}, {"format_id": "243", "url": "https://r4---sn-5njj-u2xe.googlevideo.com/videoplayback?expire=1609159331&ei=Q37pX-aOKpfMgQPFvaaIBg&ip=140.109.135.166&id=o-ALXpjVXowdsRGOEZ39koRZRv6mAEF52gWMGc2QHXi1yi&itag=243&aitags=133%2C134%2C135%2C136%2C137%2C160%2C242%2C243%2C244%2C247%2C248%2C278&source=youtube&requiressl=yes&mh=hu&mm=31%2C29&mn=sn-5njj-u2xe%2Csn-un57en7l&ms=au%2Crdu&mv=m&mvi=4&pl=16&gcr=tw&initcwndbps=435000&vprv=1&mime=video%2Fwebm&ns=dPTB16hD1UpF-eYiOWNgEBoF&gir=yes&clen=573977&dur=161.040&lmt=1597334932475153&mt=1609137646&fvip=4&keepalive=yes&c=WEB&txp=2316222&n=CjVmY_XVxHxaUOh7&sparams=expire%2Cei%2Cip%2Cid%2Caitags%2Csource%2Crequiressl%2Cgcr%2Cvprv%2Cmime%2Cns%2Cgir%2Cclen%2Cdur%2Clmt&lsparams=mh%2Cmm%2Cmn%2Cms%2Cmv%2Cmvi%2Cpl%2Cinitcwndbps&lsig=AG3C_xAwRgIhAJJBIHEOBqvQLdxQReMpvShvzzKPaWomnMrkib9kDCrlAiEAkqd8q-Q4v5WHNQ8V3fVjxQVbasa5WG1c6ZmxkDxxSvA%3D&sig=AOq0QJ8wRQIhAIl3dfkxx0fGFr5pU32h1YYL4Au6iyM5b5z-9f3bGaSCAiAA9QqV07mz44Xlty-JjvbSg6vkPArNMATGu_kyfoDLpw==&ratebypass=yes", "player_url": "/s/player/5dd3f3b2/player_ias.vflset/en_US/base.js", "ext": "webm", "height": 360, "format_note": "360p", "vcodec": "vp9", "asr": null, "filesize": 573977, "fps": 25, "tbr": 48.489, "width": 360, "acodec": "none", "downloader_options": {"http_chunk_size": 10485760}, "format": "243 - 360x360 (360p)", "protocol": "https", "http_headers": {"User-Agent": "Mozilla/5.0 (Windows NT 10.0; Win64; x64) AppleWebKit/537.36 (KHTML, like Gecko) Chrome/70.0.3538.61 Safari/537.36", "Accept-Charset": "ISO-8859-1,utf-8;q=0.7,*;q=0.7", "Accept": "text/html,application/xhtml+xml,application/xml;q=0.9,*/*;q=0.8", "Accept-Encoding": "gzip, deflate", "Accept-Language": "en-us,en;q=0.5"}}, {"format_id": "244", "url": "https://r4---sn-5njj-u2xe.googlevideo.com/videoplayback?expire=1609159331&ei=Q37pX-aOKpfMgQPFvaaIBg&ip=140.109.135.166&id=o-ALXpjVXowdsRGOEZ39koRZRv6mAEF52gWMGc2QHXi1yi&itag=244&aitags=133%2C134%2C135%2C136%2C137%2C160%2C242%2C243%2C244%2C247%2C248%2C278&source=youtube&requiressl=yes&mh=hu&mm=31%2C29&mn=sn-5njj-u2xe%2Csn-un57en7l&ms=au%2Crdu&mv=m&mvi=4&pl=16&gcr=tw&initcwndbps=435000&vprv=1&mime=video%2Fwebm&ns=dPTB16hD1UpF-eYiOWNgEBoF&gir=yes&clen=656989&dur=161.040&lmt=1597334931769687&mt=1609137646&fvip=4&keepalive=yes&c=WEB&txp=2316222&n=CjVmY_XVxHxaUOh7&sparams=expire%2Cei%2Cip%2Cid%2Caitags%2Csource%2Crequiressl%2Cgcr%2Cvprv%2Cmime%2Cns%2Cgir%2Cclen%2Cdur%2Clmt&lsparams=mh%2Cmm%2Cmn%2Cms%2Cmv%2Cmvi%2Cpl%2Cinitcwndbps&lsig=AG3C_xAwRQIhAMcrwt4ZzD35vNbgZ5VplaamRAC3wQrbg-ePaZrote6JAiBVSewR1eLAQU6ammmdH5INUMHoZQrCkYaTOgJr0Z5ixg%3D%3D&sig=AOq0QJ8wRQIhAMAwMKqDBhSGDDDPGv2_Hqp__arPRP6xXEWLlxSKkuddAiBepN4dfbMwH_jpPiske1JpyCos2z65QCcJZIHZMQXvRQ==&ratebypass=yes", "player_url": "/s/player/5dd3f3b2/player_ias.vflset/en_US/base.js", "ext": "webm", "height": 480, "format_note": "480p", "vcodec": "vp9", "asr": null, "filesize": 656989, "fps": 25, "tbr": 59.375, "width": 480, "acodec": "none", "downloader_options": {"http_chunk_size": 10485760}, "format": "244 - 480x480 (480p)", "protocol": "https", "http_headers": {"User-Agent": "Mozilla/5.0 (Windows NT 10.0; Win64; x64) AppleWebKit/537.36 (KHTML, like Gecko) Chrome/70.0.3538.61 Safari/537.36", "Accept-Charset": "ISO-8859-1,utf-8;q=0.7,*;q=0.7", "Accept": "text/html,application/xhtml+xml,application/xml;q=0.9,*/*;q=0.8", "Accept-Encoding": "gzip, deflate", "Accept-Language": "en-us,en;q=0.5"}}, {"format_id": "134", "url": "https://r4---sn-5njj-u2xe.googlevideo.com/videoplayback?expire=1609159331&ei=Q37pX-aOKpfMgQPFvaaIBg&ip=140.109.135.166&id=o-ALXpjVXowdsRGOEZ39koRZRv6mAEF52gWMGc2QHXi1yi&itag=134&aitags=133%2C134%2C135%2C136%2C137%2C160%2C242%2C243%2C244%2C247%2C248%2C278&source=youtube&requiressl=yes&mh=hu&mm=31%2C29&mn=sn-5njj-u2xe%2Csn-un57en7l&ms=au%2Crdu&mv=m&mvi=4&pl=16&gcr=tw&initcwndbps=435000&vprv=1&mime=video%2Fmp4&ns=dPTB16hD1UpF-eYiOWNgEBoF&gir=yes&clen=769395&dur=161.040&lmt=1597334932563398&mt=1609137646&fvip=4&keepalive=yes&c=WEB&txp=2316222&n=CjVmY_XVxHxaUOh7&sparams=expire%2Cei%2Cip%2Cid%2Caitags%2Csource%2Crequiressl%2Cgcr%2Cvprv%2Cmime%2Cns%2Cgir%2Cclen%2Cdur%2Clmt&lsparams=mh%2Cmm%2Cmn%2Cms%2Cmv%2Cmvi%2Cpl%2Cinitcwndbps&lsig=AG3C_xAwRQIhALuCKA_E9mU8uTQ40J2LGQhOFzke6aspLoTMuiGbxVkOAiAwHH8fh55as4HypLC_MYvk8v35Qft-ihQC2fLQuiOdYg%3D%3D&sig=AOq0QJ8wRQIgFp5adxZmgPyMfrG3-8J0dpb66QVYhRM1DkV6St4BrkgCIQDliuyA6rbi_tT0uQ3F_YEDbDTNfoYBqgjp61GMqBTE4w==&ratebypass=yes", "player_url": "/s/player/5dd3f3b2/player_ias.vflset/en_US/base.js", "ext": "mp4", "height": 360, "format_note": "360p", "vcodec": "avc1.4d4015", "asr": null, "filesize": 769395, "fps": 25, "tbr": 71.068, "width": 360, "acodec": "none", "downloader_options": {"http_chunk_size": 10485760}, "format": "134 - 360x360 (360p)", "protocol": "https", "http_headers": {"User-Agent": "Mozilla/5.0 (Windows NT 10.0; Win64; x64) AppleWebKit/537.36 (KHTML, like Gecko) Chrome/70.0.3538.61 Safari/537.36", "Accept-Charset": "ISO-8859-1,utf-8;q=0.7,*;q=0.7", "Accept": "text/html,application/xhtml+xml,application/xml;q=0.9,*/*;q=0.8", "Accept-Encoding": "gzip, deflate", "Accept-Language": "en-us,en;q=0.5"}}, {"format_id": "247", "url": "https://r4---sn-5njj-u2xe.googlevideo.com/videoplayback?expire=1609159331&ei=Q37pX-aOKpfMgQPFvaaIBg&ip=140.109.135.166&id=o-ALXpjVXowdsRGOEZ39koRZRv6mAEF52gWMGc2QHXi1yi&itag=247&aitags=133%2C134%2C135%2C136%2C137%2C160%2C242%2C243%2C244%2C247%2C248%2C278&source=youtube&requiressl=yes&mh=hu&mm=31%2C29&mn=sn-5njj-u2xe%2Csn-un57en7l&ms=au%2Crdu&mv=m&mvi=4&pl=16&gcr=tw&initcwndbps=435000&vprv=1&mime=video%2Fwebm&ns=dPTB16hD1UpF-eYiOWNgEBoF&gir=yes&clen=1017783&dur=161.040&lmt=1597334932986741&mt=1609137646&fvip=4&keepalive=yes&c=WEB&txp=2316222&n=CjVmY_XVxHxaUOh7&sparams=expire%2Cei%2Cip%2Cid%2Caitags%2Csource%2Crequiressl%2Cgcr%2Cvprv%2Cmime%2Cns%2Cgir%2Cclen%2Cdur%2Clmt&lsparams=mh%2Cmm%2Cmn%2Cms%2Cmv%2Cmvi%2Cpl%2Cinitcwndbps&lsig=AG3C_xAwRgIhAK5cchqTsX-HV1NeC1p2sGnqXbtMjuXlX2DEhFVLwT4wAiEAvnzCuntpMfK4aabXwbKdTBuagSdLuUp1FFkDtFtjrgY%3D&sig=AOq0QJ8wRQIgFTprapHyH-Y1-4VAi0acqXIjcC7PtJUz4fLUnXXap38CIQCMAS_t0LsFxq3omAmiUSZWsHoWW0oNRNwzth3MG8v8Ew==&ratebypass=yes", "player_url": "/s/player/5dd3f3b2/player_ias.vflset/en_US/base.js", "ext": "webm", "height": 720, "format_note": "720p", "vcodec": "vp9", "asr": null, "filesize": 1017783, "fps": 25, "tbr": 91.837, "width": 720, "acodec": "none", "downloader_options": {"http_chunk_size": 10485760}, "format": "247 - 720x720 (720p)", "protocol": "https", "http_headers": {"User-Agent": "Mozilla/5.0 (Windows NT 10.0; Win64; x64) AppleWebKit/537.36 (KHTML, like Gecko) Chrome/70.0.3538.61 Safari/537.36", "Accept-Charset": "ISO-8859-1,utf-8;q=0.7,*;q=0.7", "Accept": "text/html,application/xhtml+xml,application/xml;q=0.9,*/*;q=0.8", "Accept-Encoding": "gzip, deflate", "Accept-Language": "en-us,en;q=0.5"}}, {"format_id": "135", "url": "https://r4---sn-5njj-u2xe.googlevideo.com/videoplayback?expire=1609159331&ei=Q37pX-aOKpfMgQPFvaaIBg&ip=140.109.135.166&id=o-ALXpjVXowdsRGOEZ39koRZRv6mAEF52gWMGc2QHXi1yi&itag=135&aitags=133%2C134%2C135%2C136%2C137%2C160%2C242%2C243%2C244%2C247%2C248%2C278&source=youtube&requiressl=yes&mh=hu&mm=31%2C29&mn=sn-5njj-u2xe%2Csn-un57en7l&ms=au%2Crdu&mv=m&mvi=4&pl=16&gcr=tw&initcwndbps=435000&vprv=1&mime=video%2Fmp4&ns=dPTB16hD1UpF-eYiOWNgEBoF&gir=yes&clen=1205318&dur=161.040&lmt=1597334932490799&mt=1609137646&fvip=4&keepalive=yes&c=WEB&txp=2316222&n=CjVmY_XVxHxaUOh7&sparams=expire%2Cei%2Cip%2Cid%2Caitags%2Csource%2Crequiressl%2Cgcr%2Cvprv%2Cmime%2Cns%2Cgir%2Cclen%2Cdur%2Clmt&lsparams=mh%2Cmm%2Cmn%2Cms%2Cmv%2Cmvi%2Cpl%2Cinitcwndbps&lsig=AG3C_xAwRQIgM4o5eC57678DdE27XyRRiAjZ7E-LwLHrK_yG1g5q14ACIQDjBlxmuDdmJN0LK-v_dF0lm9CKwHYyGDUZ17Nl1gjorw%3D%3D&sig=AOq0QJ8wRQIhAITCkES-odcUczWFVgtb3vzCuqQ-16muLekCLPttyepEAiAnfv9StehHb3sfx7AqG3oYj5X07wWoRNLt54qALONh-A==&ratebypass=yes", "player_url": "/s/player/5dd3f3b2/player_ias.vflset/en_US/base.js", "ext": "mp4", "height": 480, "format_note": "480p", "vcodec": "avc1.4d401e", "asr": null, "filesize": 1205318, "fps": 25, "tbr": 113.251, "width": 480, "acodec": "none", "downloader_options": {"http_chunk_size": 10485760}, "format": "135 - 480x480 (480p)", "protocol": "https", "http_headers": {"User-Agent": "Mozilla/5.0 (Windows NT 10.0; Win64; x64) AppleWebKit/537.36 (KHTML, like Gecko) Chrome/70.0.3538.61 Safari/537.36", "Accept-Charset": "ISO-8859-1,utf-8;q=0.7,*;q=0.7", "Accept": "text/html,application/xhtml+xml,application/xml;q=0.9,*/*;q=0.8", "Accept-Encoding": "gzip, deflate", "Accept-Language": "en-us,en;q=0.5"}}, {"format_id": "248", "url": "https://r4---sn-5njj-u2xe.googlevideo.com/videoplayback?expire=1609159331&ei=Q37pX-aOKpfMgQPFvaaIBg&ip=140.109.135.166&id=o-ALXpjVXowdsRGOEZ39koRZRv6mAEF52gWMGc2QHXi1yi&itag=248&aitags=133%2C134%2C135%2C136%2C137%2C160%2C242%2C243%2C244%2C247%2C248%2C278&source=youtube&requiressl=yes&mh=hu&mm=31%2C29&mn=sn-5njj-u2xe%2Csn-un57en7l&ms=au%2Crdu&mv=m&mvi=4&pl=16&gcr=tw&initcwndbps=435000&vprv=1&mime=video%2Fwebm&ns=dPTB16hD1UpF-eYiOWNgEBoF&gir=yes&clen=1649116&dur=161.040&lmt=1597334932779092&mt=1609137646&fvip=4&keepalive=yes&c=WEB&txp=2316222&n=CjVmY_XVxHxaUOh7&sparams=expire%2Cei%2Cip%2Cid%2Caitags%2Csource%2Crequiressl%2Cgcr%2Cvprv%2Cmime%2Cns%2Cgir%2Cclen%2Cdur%2Clmt&lsparams=mh%2Cmm%2Cmn%2Cms%2Cmv%2Cmvi%2Cpl%2Cinitcwndbps&lsig=AG3C_xAwRAIgdnoK9AlqPxxTZKITp0bkR1Y62UVfjRXuU_K9Yy_ZWrsCICrqDPv746ZlytR57IpwudJkeFfJvPdZhp5BLGKAuazz&sig=AOq0QJ8wRQIgRGtCRWZ2UxFirgnEjyzCKG07Fc_BioXM3u3WQLe5vOkCIQDWm9LCKcr75dfC1ZzzLeVYmqzbzQZkyaxUe9iBhjzFbA==&ratebypass=yes", "player_url": "/s/player/5dd3f3b2/player_ias.vflset/en_US/base.js", "ext": "webm", "height": 1080, "format_note": "1080p", "vcodec": "vp9", "asr": null, "filesize": 1649116, "fps": 25, "tbr": 140.079, "width": 1080, "acodec": "none", "downloader_options": {"http_chunk_size": 10485760}, "format": "248 - 1080x1080 (1080p)", "protocol": "https", "http_headers": {"User-Agent": "Mozilla/5.0 (Windows NT 10.0; Win64; x64) AppleWebKit/537.36 (KHTML, like Gecko) Chrome/70.0.3538.61 Safari/537.36", "Accept-Charset": "ISO-8859-1,utf-8;q=0.7,*;q=0.7", "Accept": "text/html,application/xhtml+xml,application/xml;q=0.9,*/*;q=0.8", "Accept-Encoding": "gzip, deflate", "Accept-Language": "en-us,en;q=0.5"}}, {"format_id": "136", "url": "https://r4---sn-5njj-u2xe.googlevideo.com/videoplayback?expire=1609159331&ei=Q37pX-aOKpfMgQPFvaaIBg&ip=140.109.135.166&id=o-ALXpjVXowdsRGOEZ39koRZRv6mAEF52gWMGc2QHXi1yi&itag=136&aitags=133%2C134%2C135%2C136%2C137%2C160%2C242%2C243%2C244%2C247%2C248%2C278&source=youtube&requiressl=yes&mh=hu&mm=31%2C29&mn=sn-5njj-u2xe%2Csn-un57en7l&ms=au%2Crdu&mv=m&mvi=4&pl=16&gcr=tw&initcwndbps=435000&vprv=1&mime=video%2Fmp4&ns=dPTB16hD1UpF-eYiOWNgEBoF&gir=yes&clen=2076030&dur=161.040&lmt=1597334933794545&mt=1609137646&fvip=4&keepalive=yes&c=WEB&txp=2316222&n=CjVmY_XVxHxaUOh7&sparams=expire%2Cei%2Cip%2Cid%2Caitags%2Csource%2Crequiressl%2Cgcr%2Cvprv%2Cmime%2Cns%2Cgir%2Cclen%2Cdur%2Clmt&lsparams=mh%2Cmm%2Cmn%2Cms%2Cmv%2Cmvi%2Cpl%2Cinitcwndbps&lsig=AG3C_xAwRAIgPBuuIvNAy5bnw8NLRNCUQUsCTcwLNk4AdZd1wvCxWdgCIAe5PPtHajKnpxlvfphLGOe87_Z7OLgZhmCU11kzkKUm&sig=AOq0QJ8wRQIgSmpEJuOPg6J7N_VX35Tkma0iwZC_Y6objGeceppACzQCIQDT_yMz024WVzwbQTW453w3OZGZz02EFZmwTm_0eSRJSQ==&ratebypass=yes", "player_url": "/s/player/5dd3f3b2/player_ias.vflset/en_US/base.js", "ext": "mp4", "height": 720, "format_note": "720p", "vcodec": "avc1.64001f", "asr": null, "filesize": 2076030, "fps": 25, "tbr": 214.924, "width": 720, "acodec": "none", "downloader_options": {"http_chunk_size": 10485760}, "format": "136 - 720x720 (720p)", "protocol": "https", "http_headers": {"User-Agent": "Mozilla/5.0 (Windows NT 10.0; Win64; x64) AppleWebKit/537.36 (KHTML, like Gecko) Chrome/70.0.3538.61 Safari/537.36", "Accept-Charset": "ISO-8859-1,utf-8;q=0.7,*;q=0.7", "Accept": "text/html,application/xhtml+xml,application/xml;q=0.9,*/*;q=0.8", "Accept-Encoding": "gzip, deflate", "Accept-Language": "en-us,en;q=0.5"}}, {"format_id": "137", "url": "https://r4---sn-5njj-u2xe.googlevideo.com/videoplayback?expire=1609159331&ei=Q37pX-aOKpfMgQPFvaaIBg&ip=140.109.135.166&id=o-ALXpjVXowdsRGOEZ39koRZRv6mAEF52gWMGc2QHXi1yi&itag=137&aitags=133%2C134%2C135%2C136%2C137%2C160%2C242%2C243%2C244%2C247%2C248%2C278&source=youtube&requiressl=yes&mh=hu&mm=31%2C29&mn=sn-5njj-u2xe%2Csn-un57en7l&ms=au%2Crdu&mv=m&mvi=4&pl=16&gcr=tw&initcwndbps=435000&vprv=1&mime=video%2Fmp4&ns=dPTB16hD1UpF-eYiOWNgEBoF&gir=yes&clen=4134249&dur=161.040&lmt=1597334932470454&mt=1609137646&fvip=4&keepalive=yes&c=WEB&txp=2316222&n=CjVmY_XVxHxaUOh7&sparams=expire%2Cei%2Cip%2Cid%2Caitags%2Csource%2Crequiressl%2Cgcr%2Cvprv%2Cmime%2Cns%2Cgir%2Cclen%2Cdur%2Clmt&lsparams=mh%2Cmm%2Cmn%2Cms%2Cmv%2Cmvi%2Cpl%2Cinitcwndbps&lsig=AG3C_xAwRQIgLS4FLYSuhEtyYKjaM3OBi05ve2kj1NhLwTX7ZL3-CzsCIQDy6Exk3omcM7VSdWB8t6bCWrPwSCehJMFl3DEwhSDM6Q%3D%3D&sig=AOq0QJ8wRQIhAP8bPDgXXN6SSWXm6mh70v8A8fhf4Xp9iRBJ2Bq4PJZAAiBYebBiL9woCYwm3PLbJFJySVNlpDQTt_UTzz8Usyx4Dg==&ratebypass=yes", "player_url": "/s/player/5dd3f3b2/player_ias.vflset/en_US/base.js", "ext": "mp4", "height": 1080, "format_note": "1080p", "vcodec": "avc1.640020", "asr": null, "filesize": 4134249, "fps": 25, "tbr": 432.372, "width": 1080, "acodec": "none", "downloader_options": {"http_chunk_size": 10485760}, "format": "137 - 1080x1080 (1080p)", "protocol": "https", "http_headers": {"User-Agent": "Mozilla/5.0 (Windows NT 10.0; Win64; x64) AppleWebKit/537.36 (KHTML, like Gecko) Chrome/70.0.3538.61 Safari/537.36", "Accept-Charset": "ISO-8859-1,utf-8;q=0.7,*;q=0.7", "Accept": "text/html,application/xhtml+xml,application/xml;q=0.9,*/*;q=0.8", "Accept-Encoding": "gzip, deflate", "Accept-Language": "en-us,en;q=0.5"}}, {"format_id": "18", "url": "https://r4---sn-5njj-u2xe.googlevideo.com/videoplayback?expire=1609159331&ei=Q37pX-aOKpfMgQPFvaaIBg&ip=140.109.135.166&id=o-ALXpjVXowdsRGOEZ39koRZRv6mAEF52gWMGc2QHXi1yi&itag=18&source=youtube&requiressl=yes&mh=hu&mm=31%2C29&mn=sn-5njj-u2xe%2Csn-un57en7l&ms=au%2Crdu&mv=m&mvi=4&pl=16&gcr=tw&initcwndbps=435000&vprv=1&mime=video%2Fmp4&ns=FJ3PYnpxkTFQLg8o7oLPk3QF&gir=yes&clen=2852265&ratebypass=yes&dur=161.123&lmt=1597334917439753&mt=1609137646&fvip=4&c=WEB&txp=2316222&n=_opzhAYpoX8AkrTT&sparams=expire%2Cei%2Cip%2Cid%2Citag%2Csource%2Crequiressl%2Cgcr%2Cvprv%2Cmime%2Cns%2Cgir%2Cclen%2Cratebypass%2Cdur%2Clmt&lsparams=mh%2Cmm%2Cmn%2Cms%2Cmv%2Cmvi%2Cpl%2Cinitcwndbps&lsig=AG3C_xAwRAIgcxoUhe_GB0UUu6w14m3pB_9Ps0kqrP4tuUMCMOr2hCwCIHnBREY55ri1AKIX5UQT4UNlGGsPTNja4nsygIhxH_6t&sig=AOq0QJ8wRQIhAIAFPie2OfyNKubEU6SpM3ECv2TeZhqfUOtSHlI-lv9XAiA0bANsXhDSJ_29IPu2yP1cEl1Mpxd9a4EpzTFWiqfDGw==", "player_url": "/s/player/5dd3f3b2/player_ias.vflset/en_US/base.js", "ext": "mp4", "width": 360, "height": 360, "acodec": "mp4a.40.2", "abr": 96, "vcodec": "avc1.42001E", "asr": 44100, "filesize": 2852265, "format_note": "360p", "fps": 25, "tbr": 141.692, "format": "18 - 360x360 (360p)", "protocol": "https", "http_headers": {"User-Agent": "Mozilla/5.0 (Windows NT 10.0; Win64; x64) AppleWebKit/537.36 (KHTML, like Gecko) Chrome/70.0.3538.61 Safari/537.36", "Accept-Charset": "ISO-8859-1,utf-8;q=0.7,*;q=0.7", "Accept": "text/html,application/xhtml+xml,application/xml;q=0.9,*/*;q=0.8", "Accept-Encoding": "gzip, deflate", "Accept-Language": "en-us,en;q=0.5"}}], "is_live": null, "start_time": null, "end_time": null, "series": null, "season_number": null, "episode_number": null, "track": "All that Glitters", "artist": "Mino Monterosso", "album": "All that Glitters", "release_date": "20200820", "release_year": 2020, "extractor": "youtube", "webpage_url_basename": "watch", "extractor_key": "Youtube", "playlist": null, "playlist_index": null, "thumbnail": "https://i.ytimg.com/vi/Cir1kZyB7QM/maxresdefault.jpg", "display_id": "Cir1kZyB7QM", "requested_subtitles": null, "format_id": "251", "url": "https://r4---sn-5njj-u2xe.googlevideo.com/videoplayback?expire=1609159331&ei=Q37pX-aOKpfMgQPFvaaIBg&ip=140.109.135.166&id=o-ALXpjVXowdsRGOEZ39koRZRv6mAEF52gWMGc2QHXi1yi&itag=251&source=youtube&requiressl=yes&mh=hu&mm=31%2C29&mn=sn-5njj-u2xe%2Csn-un57en7l&ms=au%2Crdu&mv=m&mvi=4&pl=16&gcr=tw&initcwndbps=435000&vprv=1&mime=audio%2Fwebm&ns=dPTB16hD1UpF-eYiOWNgEBoF&gir=yes&clen=2790862&dur=161.081&lmt=1597334929765028&mt=1609137646&fvip=4&keepalive=yes&c=WEB&txp=2311222&n=CjVmY_XVxHxaUOh7&sparams=expire%2Cei%2Cip%2Cid%2Citag%2Csource%2Crequiressl%2Cgcr%2Cvprv%2Cmime%2Cns%2Cgir%2Cclen%2Cdur%2Clmt&lsparams=mh%2Cmm%2Cmn%2Cms%2Cmv%2Cmvi%2Cpl%2Cinitcwndbps&lsig=AG3C_xAwRQIgdz8A2dYpHNvraUikep6wjEj4ranls19DSfcPw7uWZmMCIQC4k7iAjQcW1IwT5hiB0GI26VTpkWKCSHkM10Vdpbz-KQ%3D%3D&sig=AOq0QJ8wRgIhAL0uZnutt8ByPoREuufoTzt5v8VZaj8P9a8aHyQxwVP9AiEAwyrpvQyXknCiihUDXEkUiwxzCQAqUT3yTX8vG6H3BKM=&ratebypass=yes", "player_url": "/s/player/5dd3f3b2/player_ias.vflset/en_US/base.js", "ext": "webm", "format_note": "tiny", "acodec": "opus", "abr": 160, "asr": 48000, "filesize": 2790862, "fps": null, "height": null, "tbr": 147.376, "width": null, "vcodec": "none", "downloader_options": {"http_chunk_size": 10485760}, "format": "251 - audio only (tiny)", "protocol": "https", "http_headers": {"User-Agent": "Mozilla/5.0 (Windows NT 10.0; Win64; x64) AppleWebKit/537.36 (KHTML, like Gecko) Chrome/70.0.3538.61 Safari/537.36", "Accept-Charset": "ISO-8859-1,utf-8;q=0.7,*;q=0.7", "Accept": "text/html,application/xhtml+xml,application/xml;q=0.9,*/*;q=0.8", "Accept-Encoding": "gzip, deflate", "Accept-Language": "en-us,en;q=0.5"}}