{"id": "d_49EtXDMFE", "uploader": "Matthew-Keane Q Wang - Topic", "uploader_id": "UCbEDl9v513g3AR8I4L47tLA", "uploader_url": "http://www.youtube.com/channel/UCbEDl9v513g3AR8I4L47tLA", "channel_id": "UCbEDl9v513g3AR8I4L47tLA", "channel_url": "http://www.youtube.com/channel/UCbEDl9v513g3AR8I4L47tLA", "upload_date": "20201008", "license": null, "creator": "Matthew-Keane Q Wang", "title": "Much to See", "alt_title": "Much to See", "thumbnails": [{"url": "https://i.ytimg.com/vi/d_49EtXDMFE/hqdefault.jpg?sqp=-oaymwEYCKgBEF5IVfKriqkDCwgBFQAAiEIYAXAB&rs=AOn4CLB0i0S3yQTyX65hB3uoyFbpHL91YA", "width": 168, "height": 94, "resolution": "168x94", "id": "0"}, {"url": "https://i.ytimg.com/vi/d_49EtXDMFE/hqdefault.jpg?sqp=-oaymwEYCMQBEG5IVfKriqkDCwgBFQAAiEIYAXAB&rs=AOn4CLAVYb3yyvo45szdlX4yFDgUYeMjlg", "width": 196, "height": 110, "resolution": "196x110", "id": "1"}, {"url": "https://i.ytimg.com/vi/d_49EtXDMFE/hqdefault.jpg?sqp=-oaymwEZCPYBEIoBSFXyq4qpAwsIARUAAIhCGAFwAQ==&rs=AOn4CLDZv2dSeRKzg73ZCVfSuilNvtgnjA", "width": 246, "height": 138, "resolution": "246x138", "id": "2"}, {"url": "https://i.ytimg.com/vi/d_49EtXDMFE/hqdefault.jpg?sqp=-oaymwEZCNACELwBSFXyq4qpAwsIARUAAIhCGAFwAQ==&rs=AOn4CLD30GPr3yjhlcxiodrWFRjF7vlsNg", "width": 336, "height": 188, "resolution": "336x188", "id": "3"}, {"url": "https://i.ytimg.com/vi_webp/d_49EtXDMFE/maxresdefault.webp", "width": 1920, "height": 1080, "resolution": "1920x1080", "id": "4"}], "description": "Provided to YouTube by TuneCore\n\nMuch to See \u00b7 Matthew-Keane Q Wang\n\nForgotten Road\n\n\u2117 2020 Dream Relaxation\n\nReleased on: 2020-10-09\n\nAuto-generated by YouTube.", "categories": ["Music"], "tags": ["Matthew-Keane Q Wang", "Forgotten Road", "Much to See"], "subtitles": {}, "automatic_captions": {}, "duration": 116, "age_limit": 0, "annotations": null, "chapters": null, "webpage_url": "https://www.youtube.com/watch?v=d_49EtXDMFE", "view_count": 49, "like_count": 2, "dislike_count": null, "average_rating": 5.0, "formats": [{"format_id": "249", "url": "https://r7---sn-5njj-u2xl.googlevideo.com/videoplayback?expire=1608715282&ei=srfiX4vqApK2gQOGtpWIDw&ip=140.109.134.236&id=o-AJBdRuRAOMA_ySk2RKqZ0Cm1-2xifrnZ-368ZyEwfLBo&itag=249&source=youtube&requiressl=yes&mh=Jc&mm=31%2C29&mn=sn-5njj-u2xl%2Csn-un57en7s&ms=au%2Crdu&mv=m&mvi=7&pl=16&gcr=tw&initcwndbps=418750&vprv=1&mime=audio%2Fwebm&ns=SQwed5w7s9kbdZxpsjlv6UkF&gir=yes&clen=836964&dur=116.461&lmt=1601029343501933&mt=1608693400&fvip=2&keepalive=yes&beids=9466586&c=WEB&txp=2311224&n=RxlH4NQtfPaCOrKS&sparams=expire%2Cei%2Cip%2Cid%2Citag%2Csource%2Crequiressl%2Cgcr%2Cvprv%2Cmime%2Cns%2Cgir%2Cclen%2Cdur%2Clmt&lsparams=mh%2Cmm%2Cmn%2Cms%2Cmv%2Cmvi%2Cpl%2Cinitcwndbps&lsig=AG3C_xAwRQIgEN9dOfRYfiLNTyrOyBta6Nuv-A_5ssK2kw7Hijf1nY0CIQDnXLpF4kPgCgJS7fNGMQxum-Gb0pJy9WHVJOmw2pyjsA%3D%3D&sig=AOq0QJ8wRQIhAKeKw90jHCqlb7rV97TEOzKbBAGoMBJYTo2dghsGE6EiAiAss00PTVr0FCOVf63uTF5DMMuDqtMR-5kWSHKQzySXWA==&ratebypass=yes", "player_url": "/s/player/5dd3f3b2/player_ias.vflset/en_US/base.js", "ext": "webm", "format_note": "tiny", "acodec": "opus", "abr": 50, "asr": 48000, "filesize": 836964, "fps": null, "height": null, "tbr": 60.529, "width": null, "vcodec": "none", "downloader_options": {"http_chunk_size": 10485760}, "format": "249 - audio only (tiny)", "protocol": "https", "http_headers": {"User-Agent": "Mozilla/5.0 (Windows NT 10.0; Win64; x64) AppleWebKit/537.36 (KHTML, like Gecko) Chrome/68.0.3440.108 Safari/537.36", "Accept-Charset": "ISO-8859-1,utf-8;q=0.7,*;q=0.7", "Accept": "text/html,application/xhtml+xml,application/xml;q=0.9,*/*;q=0.8", "Accept-Encoding": "gzip, deflate", "Accept-Language": "en-us,en;q=0.5"}}, {"format_id": "250", "url": "https://r7---sn-5njj-u2xl.googlevideo.com/videoplayback?expire=1608715282&ei=srfiX4vqApK2gQOGtpWIDw&ip=140.109.134.236&id=o-AJBdRuRAOMA_ySk2RKqZ0Cm1-2xifrnZ-368ZyEwfLBo&itag=250&source=youtube&requiressl=yes&mh=Jc&mm=31%2C29&mn=sn-5njj-u2xl%2Csn-un57en7s&ms=au%2Crdu&mv=m&mvi=7&pl=16&gcr=tw&initcwndbps=418750&vprv=1&mime=audio%2Fwebm&ns=SQwed5w7s9kbdZxpsjlv6UkF&gir=yes&clen=1098555&dur=116.461&lmt=1601029343475921&mt=1608693400&fvip=2&keepalive=yes&beids=9466586&c=WEB&txp=2311224&n=RxlH4NQtfPaCOrKS&sparams=expire%2Cei%2Cip%2Cid%2Citag%2Csource%2Crequiressl%2Cgcr%2Cvprv%2Cmime%2Cns%2Cgir%2Cclen%2Cdur%2Clmt&lsparams=mh%2Cmm%2Cmn%2Cms%2Cmv%2Cmvi%2Cpl%2Cinitcwndbps&lsig=AG3C_xAwRAIgGJOi0rgllbbr9mriIlUrytleA36oZdmqNi35j0S1vIwCIGFr85MQmNuy-RL6jm27FPdD6BKIKhapBaCEZpzAxUTt&sig=AOq0QJ8wRQIhAKqi0PUejVtaiacxwDk7AWnuGHpwYkZ1Pxu4ZlLRDICzAiAVSl88kE7gj_K3CPj4GW2Q89rCvliY_UUIVGuqZtUp0g==&ratebypass=yes", "player_url": "/s/player/5dd3f3b2/player_ias.vflset/en_US/base.js", "ext": "webm", "format_note": "tiny", "acodec": "opus", "abr": 70, "asr": 48000, "filesize": 1098555, "fps": null, "height": null, "tbr": 78.617, "width": null, "vcodec": "none", "downloader_options": {"http_chunk_size": 10485760}, "format": "250 - audio only (tiny)", "protocol": "https", "http_headers": {"User-Agent": "Mozilla/5.0 (Windows NT 10.0; Win64; x64) AppleWebKit/537.36 (KHTML, like Gecko) Chrome/68.0.3440.108 Safari/537.36", "Accept-Charset": "ISO-8859-1,utf-8;q=0.7,*;q=0.7", "Accept": "text/html,application/xhtml+xml,application/xml;q=0.9,*/*;q=0.8", "Accept-Encoding": "gzip, deflate", "Accept-Language": "en-us,en;q=0.5"}}, {"format_id": "140", "url": "https://r7---sn-5njj-u2xl.googlevideo.com/videoplayback?expire=1608715282&ei=srfiX4vqApK2gQOGtpWIDw&ip=140.109.134.236&id=o-AJBdRuRAOMA_ySk2RKqZ0Cm1-2xifrnZ-368ZyEwfLBo&itag=140&source=youtube&requiressl=yes&mh=Jc&mm=31%2C29&mn=sn-5njj-u2xl%2Csn-un57en7s&ms=au%2Crdu&mv=m&mvi=7&pl=16&gcr=tw&initcwndbps=418750&vprv=1&mime=audio%2Fmp4&ns=SQwed5w7s9kbdZxpsjlv6UkF&gir=yes&clen=1887242&dur=116.437&lmt=1601028296870745&mt=1608693400&fvip=2&keepalive=yes&beids=9466586&c=WEB&txp=2311222&n=RxlH4NQtfPaCOrKS&sparams=expire%2Cei%2Cip%2Cid%2Citag%2Csource%2Crequiressl%2Cgcr%2Cvprv%2Cmime%2Cns%2Cgir%2Cclen%2Cdur%2Clmt&lsparams=mh%2Cmm%2Cmn%2Cms%2Cmv%2Cmvi%2Cpl%2Cinitcwndbps&lsig=AG3C_xAwRQIhAMPxcX1rYWspL_fyDK46HPRA-UOLiJjqiWgtWHwikXAIAiAEtPqeYiv1LRePUkL2cW-GhJ2Xw1FKP13Ff13juBPfZQ%3D%3D&sig=AOq0QJ8wRQIgRbtrO1R4kgg9JBK_5P-QCD446OPg9vKsi8BtuJvRdLICIQCjoRGowcNunPJYw4jyp30iEqE_0nzcTM5V0Wk1m7HGDw==&ratebypass=yes", "player_url": "/s/player/5dd3f3b2/player_ias.vflset/en_US/base.js", "ext": "m4a", "format_note": "tiny", "acodec": "mp4a.40.2", "abr": 128, "container": "m4a_dash", "asr": 44100, "filesize": 1887242, "fps": null, "height": null, "tbr": 131.006, "width": null, "vcodec": "none", "downloader_options": {"http_chunk_size": 10485760}, "format": "140 - audio only (tiny)", "protocol": "https", "http_headers": {"User-Agent": "Mozilla/5.0 (Windows NT 10.0; Win64; x64) AppleWebKit/537.36 (KHTML, like Gecko) Chrome/68.0.3440.108 Safari/537.36", "Accept-Charset": "ISO-8859-1,utf-8;q=0.7,*;q=0.7", "Accept": "text/html,application/xhtml+xml,application/xml;q=0.9,*/*;q=0.8", "Accept-Encoding": "gzip, deflate", "Accept-Language": "en-us,en;q=0.5"}}, {"format_id": "251", "url": "https://r7---sn-5njj-u2xl.googlevideo.com/videoplayback?expire=1608715282&ei=srfiX4vqApK2gQOGtpWIDw&ip=140.109.134.236&id=o-AJBdRuRAOMA_ySk2RKqZ0Cm1-2xifrnZ-368ZyEwfLBo&itag=251&source=youtube&requiressl=yes&mh=Jc&mm=31%2C29&mn=sn-5njj-u2xl%2Csn-un57en7s&ms=au%2Crdu&mv=m&mvi=7&pl=16&gcr=tw&initcwndbps=418750&vprv=1&mime=audio%2Fwebm&ns=SQwed5w7s9kbdZxpsjlv6UkF&gir=yes&clen=2206242&dur=116.461&lmt=1601029343476090&mt=1608693400&fvip=2&keepalive=yes&beids=9466586&c=WEB&txp=2311224&n=RxlH4NQtfPaCOrKS&sparams=expire%2Cei%2Cip%2Cid%2Citag%2Csource%2Crequiressl%2Cgcr%2Cvprv%2Cmime%2Cns%2Cgir%2Cclen%2Cdur%2Clmt&lsparams=mh%2Cmm%2Cmn%2Cms%2Cmv%2Cmvi%2Cpl%2Cinitcwndbps&lsig=AG3C_xAwRgIhAPomfFwdJvrUA5cLAvTSVUu_S3nzfsxieJ5rOFGXgewBAiEA1Jq_UCjXYU6rfvCxqIEcodXy-g0j24uoVG12u78c9fs%3D&sig=AOq0QJ8wRQIhAIcGUnVPdQiS8U5z8WccIY3XNsQ6jdJ3qC304kxPvTpcAiBMrlfj8UzDy0ANfHS5GUHy8EN0zoopxvv9IgYD6OAT4A==&ratebypass=yes", "player_url": "/s/player/5dd3f3b2/player_ias.vflset/en_US/base.js", "ext": "webm", "format_note": "tiny", "acodec": "opus", "abr": 160, "asr": 48000, "filesize": 2206242, "fps": null, "height": null, "tbr": 155.844, "width": null, "vcodec": "none", "downloader_options": {"http_chunk_size": 10485760}, "format": "251 - audio only (tiny)", "protocol": "https", "http_headers": {"User-Agent": "Mozilla/5.0 (Windows NT 10.0; Win64; x64) AppleWebKit/537.36 (KHTML, like Gecko) Chrome/68.0.3440.108 Safari/537.36", "Accept-Charset": "ISO-8859-1,utf-8;q=0.7,*;q=0.7", "Accept": "text/html,application/xhtml+xml,application/xml;q=0.9,*/*;q=0.8", "Accept-Encoding": "gzip, deflate", "Accept-Language": "en-us,en;q=0.5"}}, {"format_id": "278", "url": "https://r7---sn-5njj-u2xl.googlevideo.com/videoplayback?expire=1608715282&ei=srfiX4vqApK2gQOGtpWIDw&ip=140.109.134.236&id=o-AJBdRuRAOMA_ySk2RKqZ0Cm1-2xifrnZ-368ZyEwfLBo&itag=278&aitags=133%2C134%2C135%2C136%2C137%2C160%2C242%2C243%2C244%2C247%2C248%2C278&source=youtube&requiressl=yes&mh=Jc&mm=31%2C29&mn=sn-5njj-u2xl%2Csn-un57en7s&ms=au%2Crdu&mv=m&mvi=7&pl=16&gcr=tw&initcwndbps=418750&vprv=1&mime=video%2Fwebm&ns=SQwed5w7s9kbdZxpsjlv6UkF&gir=yes&clen=278976&dur=116.400&lmt=1601029418566240&mt=1608693400&fvip=2&keepalive=yes&beids=9466586&c=WEB&txp=2311224&n=RxlH4NQtfPaCOrKS&sparams=expire%2Cei%2Cip%2Cid%2Caitags%2Csource%2Crequiressl%2Cgcr%2Cvprv%2Cmime%2Cns%2Cgir%2Cclen%2Cdur%2Clmt&lsparams=mh%2Cmm%2Cmn%2Cms%2Cmv%2Cmvi%2Cpl%2Cinitcwndbps&lsig=AG3C_xAwRAIgPLHcOYIdLJaifTZeNfzOCARJPn1xkicU4qnbrXVYDIYCICiddTsX4PyPlgSfMMoUn045qYmud2844O4irMqABS9s&sig=AOq0QJ8wRQIhAIb-BbuK_C2udJqvlX_GPdMgM-CGNpBb2dozcxdrUQkKAiASxu6l3qbHYhkzCsBWQUUP-9ipaH7_V--hZmSYRHAA1A==&ratebypass=yes", "player_url": "/s/player/5dd3f3b2/player_ias.vflset/en_US/base.js", "ext": "webm", "height": 144, "format_note": "144p", "container": "webm", "vcodec": "vp9", "asr": null, "filesize": 278976, "fps": 25, "tbr": 23.106, "width": 144, "acodec": "none", "downloader_options": {"http_chunk_size": 10485760}, "format": "278 - 144x144 (144p)", "protocol": "https", "http_headers": {"User-Agent": "Mozilla/5.0 (Windows NT 10.0; Win64; x64) AppleWebKit/537.36 (KHTML, like Gecko) Chrome/68.0.3440.108 Safari/537.36", "Accept-Charset": "ISO-8859-1,utf-8;q=0.7,*;q=0.7", "Accept": "text/html,application/xhtml+xml,application/xml;q=0.9,*/*;q=0.8", "Accept-Encoding": "gzip, deflate", "Accept-Language": "en-us,en;q=0.5"}}, {"format_id": "242", "url": "https://r7---sn-5njj-u2xl.googlevideo.com/videoplayback?expire=1608715282&ei=srfiX4vqApK2gQOGtpWIDw&ip=140.109.134.236&id=o-AJBdRuRAOMA_ySk2RKqZ0Cm1-2xifrnZ-368ZyEwfLBo&itag=242&aitags=133%2C134%2C135%2C136%2C137%2C160%2C242%2C243%2C244%2C247%2C248%2C278&source=youtube&requiressl=yes&mh=Jc&mm=31%2C29&mn=sn-5njj-u2xl%2Csn-un57en7s&ms=au%2Crdu&mv=m&mvi=7&pl=16&gcr=tw&initcwndbps=418750&vprv=1&mime=video%2Fwebm&ns=SQwed5w7s9kbdZxpsjlv6UkF&gir=yes&clen=544423&dur=116.400&lmt=1601029418502421&mt=1608693400&fvip=2&keepalive=yes&beids=9466586&c=WEB&txp=2311224&n=RxlH4NQtfPaCOrKS&sparams=expire%2Cei%2Cip%2Cid%2Caitags%2Csource%2Crequiressl%2Cgcr%2Cvprv%2Cmime%2Cns%2Cgir%2Cclen%2Cdur%2Clmt&lsparams=mh%2Cmm%2Cmn%2Cms%2Cmv%2Cmvi%2Cpl%2Cinitcwndbps&lsig=AG3C_xAwRgIhAKUc3yBOsR_EtzizJrEkMFbVCOeMIQov2LDhdChFCGUIAiEAjaueaRy5RHh8j9nDmwlTjfInrjzGbbTZ3-rIihMxeWE%3D&sig=AOq0QJ8wRAIgD5YEbDK-PxgYGFIhJlDsv8eHH-vy2a4jTY73QsggnNsCIAboLAWwxwR0JQA2p34c2XC8g4PL0XqEOQ1sLSSmWyyu&ratebypass=yes", "player_url": "/s/player/5dd3f3b2/player_ias.vflset/en_US/base.js", "ext": "webm", "height": 240, "format_note": "240p", "vcodec": "vp9", "asr": null, "filesize": 544423, "fps": 25, "tbr": 48.08, "width": 240, "acodec": "none", "downloader_options": {"http_chunk_size": 10485760}, "format": "242 - 240x240 (240p)", "protocol": "https", "http_headers": {"User-Agent": "Mozilla/5.0 (Windows NT 10.0; Win64; x64) AppleWebKit/537.36 (KHTML, like Gecko) Chrome/68.0.3440.108 Safari/537.36", "Accept-Charset": "ISO-8859-1,utf-8;q=0.7,*;q=0.7", "Accept": "text/html,application/xhtml+xml,application/xml;q=0.9,*/*;q=0.8", "Accept-Encoding": "gzip, deflate", "Accept-Language": "en-us,en;q=0.5"}}, {"format_id": "160", "url": "https://r7---sn-5njj-u2xl.googlevideo.com/videoplayback?expire=1608715282&ei=srfiX4vqApK2gQOGtpWIDw&ip=140.109.134.236&id=o-AJBdRuRAOMA_ySk2RKqZ0Cm1-2xifrnZ-368ZyEwfLBo&itag=160&aitags=133%2C134%2C135%2C136%2C137%2C160%2C242%2C243%2C244%2C247%2C248%2C278&source=youtube&requiressl=yes&mh=Jc&mm=31%2C29&mn=sn-5njj-u2xl%2Csn-un57en7s&ms=au%2Crdu&mv=m&mvi=7&pl=16&gcr=tw&initcwndbps=418750&vprv=1&mime=video%2Fmp4&ns=SQwed5w7s9kbdZxpsjlv6UkF&gir=yes&clen=643102&dur=116.400&lmt=1601028809110802&mt=1608693400&fvip=2&keepalive=yes&beids=9466586&c=WEB&txp=2311222&n=RxlH4NQtfPaCOrKS&sparams=expire%2Cei%2Cip%2Cid%2Caitags%2Csource%2Crequiressl%2Cgcr%2Cvprv%2Cmime%2Cns%2Cgir%2Cclen%2Cdur%2Clmt&lsparams=mh%2Cmm%2Cmn%2Cms%2Cmv%2Cmvi%2Cpl%2Cinitcwndbps&lsig=AG3C_xAwRAIgaPnsn-UZtgJPTO_okhj3DdkzIrU_8Uyst8YOaoqEXNICIAfdG-QPKwGgTt3A7T6eww8_KYX1JkDHac4GEvf7q1xu&sig=AOq0QJ8wRAIgcHf6xNR2IAx36Odgp_KAJZ6nqj6kjCZDblJSyNy2GYgCIG2WmXUkf8vBCE98ooGdfXUMUf5ANzkIDMr1r36ffU9J&ratebypass=yes", "player_url": "/s/player/5dd3f3b2/player_ias.vflset/en_US/base.js", "ext": "mp4", "height": 144, "format_note": "144p", "vcodec": "avc1.4d400b", "asr": null, "filesize": 643102, "fps": 25, "tbr": 48.781, "width": 144, "acodec": "none", "downloader_options": {"http_chunk_size": 10485760}, "format": "160 - 144x144 (144p)", "protocol": "https", "http_headers": {"User-Agent": "Mozilla/5.0 (Windows NT 10.0; Win64; x64) AppleWebKit/537.36 (KHTML, like Gecko) Chrome/68.0.3440.108 Safari/537.36", "Accept-Charset": "ISO-8859-1,utf-8;q=0.7,*;q=0.7", "Accept": "text/html,application/xhtml+xml,application/xml;q=0.9,*/*;q=0.8", "Accept-Encoding": "gzip, deflate", "Accept-Language": "en-us,en;q=0.5"}}, {"format_id": "243", "url": "https://r7---sn-5njj-u2xl.googlevideo.com/videoplayback?expire=1608715282&ei=srfiX4vqApK2gQOGtpWIDw&ip=140.109.134.236&id=o-AJBdRuRAOMA_ySk2RKqZ0Cm1-2xifrnZ-368ZyEwfLBo&itag=243&aitags=133%2C134%2C135%2C136%2C137%2C160%2C242%2C243%2C244%2C247%2C248%2C278&source=youtube&requiressl=yes&mh=Jc&mm=31%2C29&mn=sn-5njj-u2xl%2Csn-un57en7s&ms=au%2Crdu&mv=m&mvi=7&pl=16&gcr=tw&initcwndbps=418750&vprv=1&mime=video%2Fwebm&ns=SQwed5w7s9kbdZxpsjlv6UkF&gir=yes&clen=1091906&dur=116.400&lmt=1601029418621942&mt=1608693400&fvip=2&keepalive=yes&beids=9466586&c=WEB&txp=2311224&n=RxlH4NQtfPaCOrKS&sparams=expire%2Cei%2Cip%2Cid%2Caitags%2Csource%2Crequiressl%2Cgcr%2Cvprv%2Cmime%2Cns%2Cgir%2Cclen%2Cdur%2Clmt&lsparams=mh%2Cmm%2Cmn%2Cms%2Cmv%2Cmvi%2Cpl%2Cinitcwndbps&lsig=AG3C_xAwRQIgY4bTKR3yXXde0pUt5tab0okiyF6QopCY6jwhAdVsphUCIQDmxMJsoBOOIThkXSzWnwaJ8jrTBXuyI6EU0ooWyu0mlQ%3D%3D&sig=AOq0QJ8wRQIhAOtBWCrPZ8fKT4El_3G2Y6zmmrrw48xcVsnOpFxkVg-xAiAxfddclhLOR4T0AU1EXxxVacpdFaLtPUbKcEMugtSpWA==&ratebypass=yes", "player_url": "/s/player/5dd3f3b2/player_ias.vflset/en_US/base.js", "ext": "webm", "height": 360, "format_note": "360p", "vcodec": "vp9", "asr": null, "filesize": 1091906, "fps": 25, "tbr": 96.808, "width": 360, "acodec": "none", "downloader_options": {"http_chunk_size": 10485760}, "format": "243 - 360x360 (360p)", "protocol": "https", "http_headers": {"User-Agent": "Mozilla/5.0 (Windows NT 10.0; Win64; x64) AppleWebKit/537.36 (KHTML, like Gecko) Chrome/68.0.3440.108 Safari/537.36", "Accept-Charset": "ISO-8859-1,utf-8;q=0.7,*;q=0.7", "Accept": "text/html,application/xhtml+xml,application/xml;q=0.9,*/*;q=0.8", "Accept-Encoding": "gzip, deflate", "Accept-Language": "en-us,en;q=0.5"}}, {"format_id": "133", "url": "https://r7---sn-5njj-u2xl.googlevideo.com/videoplayback?expire=1608715282&ei=srfiX4vqApK2gQOGtpWIDw&ip=140.109.134.236&id=o-AJBdRuRAOMA_ySk2RKqZ0Cm1-2xifrnZ-368ZyEwfLBo&itag=133&aitags=133%2C134%2C135%2C136%2C137%2C160%2C242%2C243%2C244%2C247%2C248%2C278&source=youtube&requiressl=yes&mh=Jc&mm=31%2C29&mn=sn-5njj-u2xl%2Csn-un57en7s&ms=au%2Crdu&mv=m&mvi=7&pl=16&gcr=tw&initcwndbps=418750&vprv=1&mime=video%2Fmp4&ns=SQwed5w7s9kbdZxpsjlv6UkF&gir=yes&clen=1531616&dur=116.400&lmt=1601028809111531&mt=1608693400&fvip=2&keepalive=yes&beids=9466586&c=WEB&txp=2311222&n=RxlH4NQtfPaCOrKS&sparams=expire%2Cei%2Cip%2Cid%2Caitags%2Csource%2Crequiressl%2Cgcr%2Cvprv%2Cmime%2Cns%2Cgir%2Cclen%2Cdur%2Clmt&lsparams=mh%2Cmm%2Cmn%2Cms%2Cmv%2Cmvi%2Cpl%2Cinitcwndbps&lsig=AG3C_xAwRgIhAOEij-Wm4h3nyULKY_0TWcmPDzW6lByfpYSbGuu15NF7AiEApfrtaqwcRMlv1-aEJJOMw4-rm4zTp4B21xwcdRTVm1g%3D&sig=AOq0QJ8wRgIhAPwjLs9c8m39GiBx8UczEXqHaa9D198w8zwA9d9wbRMlAiEAquOZ-w2AxgKhUgtMUlgMObcs-OcqJaykwcC23hI5WnQ=&ratebypass=yes", "player_url": "/s/player/5dd3f3b2/player_ias.vflset/en_US/base.js", "ext": "mp4", "height": 240, "format_note": "240p", "vcodec": "avc1.4d400c", "asr": null, "filesize": 1531616, "fps": 25, "tbr": 112.031, "width": 240, "acodec": "none", "downloader_options": {"http_chunk_size": 10485760}, "format": "133 - 240x240 (240p)", "protocol": "https", "http_headers": {"User-Agent": "Mozilla/5.0 (Windows NT 10.0; Win64; x64) AppleWebKit/537.36 (KHTML, like Gecko) Chrome/68.0.3440.108 Safari/537.36", "Accept-Charset": "ISO-8859-1,utf-8;q=0.7,*;q=0.7", "Accept": "text/html,application/xhtml+xml,application/xml;q=0.9,*/*;q=0.8", "Accept-Encoding": "gzip, deflate", "Accept-Language": "en-us,en;q=0.5"}}, {"format_id": "134", "url": "https://r7---sn-5njj-u2xl.googlevideo.com/videoplayback?expire=1608715282&ei=srfiX4vqApK2gQOGtpWIDw&ip=140.109.134.236&id=o-AJBdRuRAOMA_ySk2RKqZ0Cm1-2xifrnZ-368ZyEwfLBo&itag=134&aitags=133%2C134%2C135%2C136%2C137%2C160%2C242%2C243%2C244%2C247%2C248%2C278&source=youtube&requiressl=yes&mh=Jc&mm=31%2C29&mn=sn-5njj-u2xl%2Csn-un57en7s&ms=au%2Crdu&mv=m&mvi=7&pl=16&gcr=tw&initcwndbps=418750&vprv=1&mime=video%2Fmp4&ns=SQwed5w7s9kbdZxpsjlv6UkF&gir=yes&clen=1236267&dur=116.400&lmt=1601028809115241&mt=1608693400&fvip=2&keepalive=yes&beids=9466586&c=WEB&txp=2311222&n=RxlH4NQtfPaCOrKS&sparams=expire%2Cei%2Cip%2Cid%2Caitags%2Csource%2Crequiressl%2Cgcr%2Cvprv%2Cmime%2Cns%2Cgir%2Cclen%2Cdur%2Clmt&lsparams=mh%2Cmm%2Cmn%2Cms%2Cmv%2Cmvi%2Cpl%2Cinitcwndbps&lsig=AG3C_xAwRAIgaEBTZtNnf-93n6bJWnFBUea8jsay9lcxAiXU40iYrsECIFZM1TKXxSBiPAVMZ6v3wIeyTBx_Dxd2Oz5RjjKktvxB&sig=AOq0QJ8wRQIgTStm2jTHllE1G5wrWNNNLDqCjIpcuWqlD4jrxYFQsw0CIQDnIeE3VPZQFtjPJjCjgTcpM6JExwhmcnSwcpSrrtPNzQ==&ratebypass=yes", "player_url": "/s/player/5dd3f3b2/player_ias.vflset/en_US/base.js", "ext": "mp4", "height": 360, "format_note": "360p", "vcodec": "avc1.4d4015", "asr": null, "filesize": 1236267, "fps": 25, "tbr": 112.148, "width": 360, "acodec": "none", "downloader_options": {"http_chunk_size": 10485760}, "format": "134 - 360x360 (360p)", "protocol": "https", "http_headers": {"User-Agent": "Mozilla/5.0 (Windows NT 10.0; Win64; x64) AppleWebKit/537.36 (KHTML, like Gecko) Chrome/68.0.3440.108 Safari/537.36", "Accept-Charset": "ISO-8859-1,utf-8;q=0.7,*;q=0.7", "Accept": "text/html,application/xhtml+xml,application/xml;q=0.9,*/*;q=0.8", "Accept-Encoding": "gzip, deflate", "Accept-Language": "en-us,en;q=0.5"}}, {"format_id": "244", "url": "https://r7---sn-5njj-u2xl.googlevideo.com/videoplayback?expire=1608715282&ei=srfiX4vqApK2gQOGtpWIDw&ip=140.109.134.236&id=o-AJBdRuRAOMA_ySk2RKqZ0Cm1-2xifrnZ-368ZyEwfLBo&itag=244&aitags=133%2C134%2C135%2C136%2C137%2C160%2C242%2C243%2C244%2C247%2C248%2C278&source=youtube&requiressl=yes&mh=Jc&mm=31%2C29&mn=sn-5njj-u2xl%2Csn-un57en7s&ms=au%2Crdu&mv=m&mvi=7&pl=16&gcr=tw&initcwndbps=418750&vprv=1&mime=video%2Fwebm&ns=SQwed5w7s9kbdZxpsjlv6UkF&gir=yes&clen=1946181&dur=116.400&lmt=1601029418585187&mt=1608693400&fvip=2&keepalive=yes&beids=9466586&c=WEB&txp=2311224&n=RxlH4NQtfPaCOrKS&sparams=expire%2Cei%2Cip%2Cid%2Caitags%2Csource%2Crequiressl%2Cgcr%2Cvprv%2Cmime%2Cns%2Cgir%2Cclen%2Cdur%2Clmt&lsparams=mh%2Cmm%2Cmn%2Cms%2Cmv%2Cmvi%2Cpl%2Cinitcwndbps&lsig=AG3C_xAwRgIhAIn4p5Rqg9ohF-6-Cz-bFAtvxh0Pwh_-b4tZkoo7MFLdAiEA6mtJpyjOpISJUKjMQaIlXqT4CM0iKG08FESObIwBgOg%3D&sig=AOq0QJ8wRgIhAMGL31DcT7u_8C5VeS536Ckl7SgENtoSHGq3ZPahDpqkAiEAwy_YIO-s940bHhI63M2QVhpE6oJps2CD5VxiD0sbPMI=&ratebypass=yes", "player_url": "/s/player/5dd3f3b2/player_ias.vflset/en_US/base.js", "ext": "webm", "height": 480, "format_note": "480p", "vcodec": "vp9", "asr": null, "filesize": 1946181, "fps": 25, "tbr": 177.772, "width": 480, "acodec": "none", "downloader_options": {"http_chunk_size": 10485760}, "format": "244 - 480x480 (480p)", "protocol": "https", "http_headers": {"User-Agent": "Mozilla/5.0 (Windows NT 10.0; Win64; x64) AppleWebKit/537.36 (KHTML, like Gecko) Chrome/68.0.3440.108 Safari/537.36", "Accept-Charset": "ISO-8859-1,utf-8;q=0.7,*;q=0.7", "Accept": "text/html,application/xhtml+xml,application/xml;q=0.9,*/*;q=0.8", "Accept-Encoding": "gzip, deflate", "Accept-Language": "en-us,en;q=0.5"}}, {"format_id": "135", "url": "https://r7---sn-5njj-u2xl.googlevideo.com/videoplayback?expire=1608715282&ei=srfiX4vqApK2gQOGtpWIDw&ip=140.109.134.236&id=o-AJBdRuRAOMA_ySk2RKqZ0Cm1-2xifrnZ-368ZyEwfLBo&itag=135&aitags=133%2C134%2C135%2C136%2C137%2C160%2C242%2C243%2C244%2C247%2C248%2C278&source=youtube&requiressl=yes&mh=Jc&mm=31%2C29&mn=sn-5njj-u2xl%2Csn-un57en7s&ms=au%2Crdu&mv=m&mvi=7&pl=16&gcr=tw&initcwndbps=418750&vprv=1&mime=video%2Fmp4&ns=SQwed5w7s9kbdZxpsjlv6UkF&gir=yes&clen=2438909&dur=116.400&lmt=1601028809108833&mt=1608693400&fvip=2&keepalive=yes&beids=9466586&c=WEB&txp=2311222&n=RxlH4NQtfPaCOrKS&sparams=expire%2Cei%2Cip%2Cid%2Caitags%2Csource%2Crequiressl%2Cgcr%2Cvprv%2Cmime%2Cns%2Cgir%2Cclen%2Cdur%2Clmt&lsparams=mh%2Cmm%2Cmn%2Cms%2Cmv%2Cmvi%2Cpl%2Cinitcwndbps&lsig=AG3C_xAwRgIhAKxsU8tYzeXMeIS-jI064u3dv6Tn6NWTxGXaFl6FrrDwAiEAk4YKSV5IfwGl_k90v6aw5atpC2ag5bOSrlOvOEvZUyc%3D&sig=AOq0QJ8wRAIgJLhp6rnoMCHtyiuHz3ryDh9x9-IUs_WWSQXMikg-ZvgCID43NBudhdPh_y8rCTTrfW7PckGv0mU0gFg3RFdRLCHq&ratebypass=yes", "player_url": "/s/player/5dd3f3b2/player_ias.vflset/en_US/base.js", "ext": "mp4", "height": 480, "format_note": "480p", "vcodec": "avc1.4d401e", "asr": null, "filesize": 2438909, "fps": 25, "tbr": 223.378, "width": 480, "acodec": "none", "downloader_options": {"http_chunk_size": 10485760}, "format": "135 - 480x480 (480p)", "protocol": "https", "http_headers": {"User-Agent": "Mozilla/5.0 (Windows NT 10.0; Win64; x64) AppleWebKit/537.36 (KHTML, like Gecko) Chrome/68.0.3440.108 Safari/537.36", "Accept-Charset": "ISO-8859-1,utf-8;q=0.7,*;q=0.7", "Accept": "text/html,application/xhtml+xml,application/xml;q=0.9,*/*;q=0.8", "Accept-Encoding": "gzip, deflate", "Accept-Language": "en-us,en;q=0.5"}}, {"format_id": "247", "url": "https://r7---sn-5njj-u2xl.googlevideo.com/videoplayback?expire=1608715282&ei=srfiX4vqApK2gQOGtpWIDw&ip=140.109.134.236&id=o-AJBdRuRAOMA_ySk2RKqZ0Cm1-2xifrnZ-368ZyEwfLBo&itag=247&aitags=133%2C134%2C135%2C136%2C137%2C160%2C242%2C243%2C244%2C247%2C248%2C278&source=youtube&requiressl=yes&mh=Jc&mm=31%2C29&mn=sn-5njj-u2xl%2Csn-un57en7s&ms=au%2Crdu&mv=m&mvi=7&pl=16&gcr=tw&initcwndbps=418750&vprv=1&mime=video%2Fwebm&ns=SQwed5w7s9kbdZxpsjlv6UkF&gir=yes&clen=4217244&dur=116.400&lmt=1601029418687868&mt=1608693400&fvip=2&keepalive=yes&beids=9466586&c=WEB&txp=2311224&n=RxlH4NQtfPaCOrKS&sparams=expire%2Cei%2Cip%2Cid%2Caitags%2Csource%2Crequiressl%2Cgcr%2Cvprv%2Cmime%2Cns%2Cgir%2Cclen%2Cdur%2Clmt&lsparams=mh%2Cmm%2Cmn%2Cms%2Cmv%2Cmvi%2Cpl%2Cinitcwndbps&lsig=AG3C_xAwRQIgIClfWpOeq3NS9wdEMjnthGkNfZxeEBe3V4AveF1690MCIQD-j_89RAaM2P72b-K2np1jypVyLmH5DFvNV4dJLb2D2Q%3D%3D&sig=AOq0QJ8wRgIhAM0xcvtOojBdW-CrrIbfegA7riKm48_Mp5EcxKFggec_AiEAmEOdd51KRqYQc8aOxFH0bEyZjpDgN58WLTclLWrgXtc=&ratebypass=yes", "player_url": "/s/player/5dd3f3b2/player_ias.vflset/en_US/base.js", "ext": "webm", "height": 720, "format_note": "720p", "vcodec": "vp9", "asr": null, "filesize": 4217244, "fps": 25, "tbr": 377.819, "width": 720, "acodec": "none", "downloader_options": {"http_chunk_size": 10485760}, "format": "247 - 720x720 (720p)", "protocol": "https", "http_headers": {"User-Agent": "Mozilla/5.0 (Windows NT 10.0; Win64; x64) AppleWebKit/537.36 (KHTML, like Gecko) Chrome/68.0.3440.108 Safari/537.36", "Accept-Charset": "ISO-8859-1,utf-8;q=0.7,*;q=0.7", "Accept": "text/html,application/xhtml+xml,application/xml;q=0.9,*/*;q=0.8", "Accept-Encoding": "gzip, deflate", "Accept-Language": "en-us,en;q=0.5"}}, {"format_id": "136", "url": "https://r7---sn-5njj-u2xl.googlevideo.com/videoplayback?expire=1608715282&ei=srfiX4vqApK2gQOGtpWIDw&ip=140.109.134.236&id=o-AJBdRuRAOMA_ySk2RKqZ0Cm1-2xifrnZ-368ZyEwfLBo&itag=136&aitags=133%2C134%2C135%2C136%2C137%2C160%2C242%2C243%2C244%2C247%2C248%2C278&source=youtube&requiressl=yes&mh=Jc&mm=31%2C29&mn=sn-5njj-u2xl%2Csn-un57en7s&ms=au%2Crdu&mv=m&mvi=7&pl=16&gcr=tw&initcwndbps=418750&vprv=1&mime=video%2Fmp4&ns=SQwed5w7s9kbdZxpsjlv6UkF&gir=yes&clen=5157079&dur=116.400&lmt=1601028809129630&mt=1608693400&fvip=2&keepalive=yes&beids=9466586&c=WEB&txp=2311222&n=RxlH4NQtfPaCOrKS&sparams=expire%2Cei%2Cip%2Cid%2Caitags%2Csource%2Crequiressl%2Cgcr%2Cvprv%2Cmime%2Cns%2Cgir%2Cclen%2Cdur%2Clmt&lsparams=mh%2Cmm%2Cmn%2Cms%2Cmv%2Cmvi%2Cpl%2Cinitcwndbps&lsig=AG3C_xAwRQIgfrjotKYcFder9LH6yuqIHkE04698OoCQzefahnbBVd0CIQDP9VRq5VmIfzHk9fm-XXRvrsf-nZFkdCPgGP3V7Bs_hg%3D%3D&sig=AOq0QJ8wRAIgLYrCwgkFotqszjxkd7BTYsxBlnKg9UtEViWn_mcbMPICIGrwNhSJe0G6a97NC-OVaTZgxCiKiciaw_btL1MnPpv5&ratebypass=yes", "player_url": "/s/player/5dd3f3b2/player_ias.vflset/en_US/base.js", "ext": "mp4", "height": 720, "format_note": "720p", "vcodec": "avc1.4d401f", "asr": null, "filesize": 5157079, "fps": 25, "tbr": 474.31, "width": 720, "acodec": "none", "downloader_options": {"http_chunk_size": 10485760}, "format": "136 - 720x720 (720p)", "protocol": "https", "http_headers": {"User-Agent": "Mozilla/5.0 (Windows NT 10.0; Win64; x64) AppleWebKit/537.36 (KHTML, like Gecko) Chrome/68.0.3440.108 Safari/537.36", "Accept-Charset": "ISO-8859-1,utf-8;q=0.7,*;q=0.7", "Accept": "text/html,application/xhtml+xml,application/xml;q=0.9,*/*;q=0.8", "Accept-Encoding": "gzip, deflate", "Accept-Language": "en-us,en;q=0.5"}}, {"format_id": "248", "url": "https://r7---sn-5njj-u2xl.googlevideo.com/videoplayback?expire=1608715282&ei=srfiX4vqApK2gQOGtpWIDw&ip=140.109.134.236&id=o-AJBdRuRAOMA_ySk2RKqZ0Cm1-2xifrnZ-368ZyEwfLBo&itag=248&aitags=133%2C134%2C135%2C136%2C137%2C160%2C242%2C243%2C244%2C247%2C248%2C278&source=youtube&requiressl=yes&mh=Jc&mm=31%2C29&mn=sn-5njj-u2xl%2Csn-un57en7s&ms=au%2Crdu&mv=m&mvi=7&pl=16&gcr=tw&initcwndbps=418750&vprv=1&mime=video%2Fwebm&ns=SQwed5w7s9kbdZxpsjlv6UkF&gir=yes&clen=8137198&dur=116.400&lmt=1601029419500280&mt=1608693400&fvip=2&keepalive=yes&beids=9466586&c=WEB&txp=2311224&n=RxlH4NQtfPaCOrKS&sparams=expire%2Cei%2Cip%2Cid%2Caitags%2Csource%2Crequiressl%2Cgcr%2Cvprv%2Cmime%2Cns%2Cgir%2Cclen%2Cdur%2Clmt&lsparams=mh%2Cmm%2Cmn%2Cms%2Cmv%2Cmvi%2Cpl%2Cinitcwndbps&lsig=AG3C_xAwRgIhAKxDJgTJm8QkhQO2VLFp39U800QNGg-r4vCpqUQh_xloAiEAnMFabTM9dDBTPL5FmyR4L1XuA_PsGo3LPsXtNaAhnTc%3D&sig=AOq0QJ8wRQIhAJCSyTcsyJN0kY136mNw40tVlvhz8KePI7O_W7cMNyUwAiBdsB9KN1QUNQmTCIdVkJgB5l3IRqMsWGGn2XZS2Gsv7A==&ratebypass=yes", "player_url": "/s/player/5dd3f3b2/player_ias.vflset/en_US/base.js", "ext": "webm", "height": 1080, "format_note": "1080p", "vcodec": "vp9", "asr": null, "filesize": 8137198, "fps": 25, "tbr": 716.119, "width": 1080, "acodec": "none", "downloader_options": {"http_chunk_size": 10485760}, "format": "248 - 1080x1080 (1080p)", "protocol": "https", "http_headers": {"User-Agent": "Mozilla/5.0 (Windows NT 10.0; Win64; x64) AppleWebKit/537.36 (KHTML, like Gecko) Chrome/68.0.3440.108 Safari/537.36", "Accept-Charset": "ISO-8859-1,utf-8;q=0.7,*;q=0.7", "Accept": "text/html,application/xhtml+xml,application/xml;q=0.9,*/*;q=0.8", "Accept-Encoding": "gzip, deflate", "Accept-Language": "en-us,en;q=0.5"}}, {"format_id": "137", "url": "https://r7---sn-5njj-u2xl.googlevideo.com/videoplayback?expire=1608715282&ei=srfiX4vqApK2gQOGtpWIDw&ip=140.109.134.236&id=o-AJBdRuRAOMA_ySk2RKqZ0Cm1-2xifrnZ-368ZyEwfLBo&itag=137&aitags=133%2C134%2C135%2C136%2C137%2C160%2C242%2C243%2C244%2C247%2C248%2C278&source=youtube&requiressl=yes&mh=Jc&mm=31%2C29&mn=sn-5njj-u2xl%2Csn-un57en7s&ms=au%2Crdu&mv=m&mvi=7&pl=16&gcr=tw&initcwndbps=418750&vprv=1&mime=video%2Fmp4&ns=SQwed5w7s9kbdZxpsjlv6UkF&gir=yes&clen=10207248&dur=116.400&lmt=1601028809107482&mt=1608693400&fvip=2&keepalive=yes&beids=9466586&c=WEB&txp=2311222&n=RxlH4NQtfPaCOrKS&sparams=expire%2Cei%2Cip%2Cid%2Caitags%2Csource%2Crequiressl%2Cgcr%2Cvprv%2Cmime%2Cns%2Cgir%2Cclen%2Cdur%2Clmt&lsparams=mh%2Cmm%2Cmn%2Cms%2Cmv%2Cmvi%2Cpl%2Cinitcwndbps&lsig=AG3C_xAwRQIgO-UfcsptGsjBYJ4RRB0hH9gf8KMCyFV0QbpxLyBLH9cCIQDTl6NxnzKMAxujy3FvH_9cFS9LFt1aHqzb-SLaaavSjA%3D%3D&sig=AOq0QJ8wRQIhAMwpeUSnOH7fg9u0ws63aaOqrwdY7DKvDTOu9INCf-WAAiAx_0WN74f49kAuQXUh3TAK3Q9fDgEvJMRVsQvhRTcNfg==&ratebypass=yes", "player_url": "/s/player/5dd3f3b2/player_ias.vflset/en_US/base.js", "ext": "mp4", "height": 1080, "format_note": "1080p", "vcodec": "avc1.640020", "asr": null, "filesize": 10207248, "fps": 25, "tbr": 939.463, "width": 1080, "acodec": "none", "downloader_options": {"http_chunk_size": 10485760}, "format": "137 - 1080x1080 (1080p)", "protocol": "https", "http_headers": {"User-Agent": "Mozilla/5.0 (Windows NT 10.0; Win64; x64) AppleWebKit/537.36 (KHTML, like Gecko) Chrome/68.0.3440.108 Safari/537.36", "Accept-Charset": "ISO-8859-1,utf-8;q=0.7,*;q=0.7", "Accept": "text/html,application/xhtml+xml,application/xml;q=0.9,*/*;q=0.8", "Accept-Encoding": "gzip, deflate", "Accept-Language": "en-us,en;q=0.5"}}, {"format_id": "18", "url": "https://r7---sn-5njj-u2xl.googlevideo.com/videoplayback?expire=1608715282&ei=srfiX4vqApK2gQOGtpWIDw&ip=140.109.134.236&id=o-AJBdRuRAOMA_ySk2RKqZ0Cm1-2xifrnZ-368ZyEwfLBo&itag=18&source=youtube&requiressl=yes&mh=Jc&mm=31%2C29&mn=sn-5njj-u2xl%2Csn-un57en7s&ms=au%2Crdu&mv=m&mvi=7&pl=16&gcr=tw&initcwndbps=418750&vprv=1&mime=video%2Fmp4&ns=GjIBImWfRrHQFT6y_V8MmG0F&gir=yes&clen=2713903&ratebypass=yes&dur=116.494&lmt=1601028281806400&mt=1608693400&fvip=2&beids=9466586&c=WEB&txp=2310222&n=-DaUlKA0EoP3VUw5&sparams=expire%2Cei%2Cip%2Cid%2Citag%2Csource%2Crequiressl%2Cgcr%2Cvprv%2Cmime%2Cns%2Cgir%2Cclen%2Cratebypass%2Cdur%2Clmt&lsparams=mh%2Cmm%2Cmn%2Cms%2Cmv%2Cmvi%2Cpl%2Cinitcwndbps&lsig=AG3C_xAwRQIhALCXlQq-LlNcWNd-CKHNjhNMWytNFU0NvTVOle2dDqvVAiBA1H-tboQosBVYJbHPQAhLse5b9ihnkZm3XWGUZIqugQ%3D%3D&sig=AOq0QJ8wRQIgBTg8C4e80NFkRxUaz2WGLlA2rWoKB_l54GVfayKaY8ECIQC2z5MZcFRx15p1OiEF0qbKycQBmyUcMwi8WGge0cDAJw==", "player_url": "/s/player/5dd3f3b2/player_ias.vflset/en_US/base.js", "ext": "mp4", "width": 360, "height": 360, "acodec": "mp4a.40.2", "abr": 96, "vcodec": "avc1.42001E", "asr": 44100, "filesize": 2713903, "format_note": "360p", "fps": 25, "tbr": 186.522, "format": "18 - 360x360 (360p)", "protocol": "https", "http_headers": {"User-Agent": "Mozilla/5.0 (Windows NT 10.0; Win64; x64) AppleWebKit/537.36 (KHTML, like Gecko) Chrome/68.0.3440.108 Safari/537.36", "Accept-Charset": "ISO-8859-1,utf-8;q=0.7,*;q=0.7", "Accept": "text/html,application/xhtml+xml,application/xml;q=0.9,*/*;q=0.8", "Accept-Encoding": "gzip, deflate", "Accept-Language": "en-us,en;q=0.5"}}], "is_live": null, "start_time": null, "end_time": null, "series": null, "season_number": null, "episode_number": null, "track": "Much to See", "artist": "Matthew-Keane Q Wang", "album": "Forgotten Road", "release_date": "20201009", "release_year": 2020, "extractor": "youtube", "webpage_url_basename": "watch", "extractor_key": "Youtube", "playlist": null, "playlist_index": null, "thumbnail": "https://i.ytimg.com/vi_webp/d_49EtXDMFE/maxresdefault.webp", "display_id": "d_49EtXDMFE", "requested_subtitles": null, "format_id": "251", "url": "https://r7---sn-5njj-u2xl.googlevideo.com/videoplayback?expire=1608715282&ei=srfiX4vqApK2gQOGtpWIDw&ip=140.109.134.236&id=o-AJBdRuRAOMA_ySk2RKqZ0Cm1-2xifrnZ-368ZyEwfLBo&itag=251&source=youtube&requiressl=yes&mh=Jc&mm=31%2C29&mn=sn-5njj-u2xl%2Csn-un57en7s&ms=au%2Crdu&mv=m&mvi=7&pl=16&gcr=tw&initcwndbps=418750&vprv=1&mime=audio%2Fwebm&ns=SQwed5w7s9kbdZxpsjlv6UkF&gir=yes&clen=2206242&dur=116.461&lmt=1601029343476090&mt=1608693400&fvip=2&keepalive=yes&beids=9466586&c=WEB&txp=2311224&n=RxlH4NQtfPaCOrKS&sparams=expire%2Cei%2Cip%2Cid%2Citag%2Csource%2Crequiressl%2Cgcr%2Cvprv%2Cmime%2Cns%2Cgir%2Cclen%2Cdur%2Clmt&lsparams=mh%2Cmm%2Cmn%2Cms%2Cmv%2Cmvi%2Cpl%2Cinitcwndbps&lsig=AG3C_xAwRgIhAPomfFwdJvrUA5cLAvTSVUu_S3nzfsxieJ5rOFGXgewBAiEA1Jq_UCjXYU6rfvCxqIEcodXy-g0j24uoVG12u78c9fs%3D&sig=AOq0QJ8wRQIhAIcGUnVPdQiS8U5z8WccIY3XNsQ6jdJ3qC304kxPvTpcAiBMrlfj8UzDy0ANfHS5GUHy8EN0zoopxvv9IgYD6OAT4A==&ratebypass=yes", "player_url": "/s/player/5dd3f3b2/player_ias.vflset/en_US/base.js", "ext": "webm", "format_note": "tiny", "acodec": "opus", "abr": 160, "asr": 48000, "filesize": 2206242, "fps": null, "height": null, "tbr": 155.844, "width": null, "vcodec": "none", "downloader_options": {"http_chunk_size": 10485760}, "format": "251 - audio only (tiny)", "protocol": "https", "http_headers": {"User-Agent": "Mozilla/5.0 (Windows NT 10.0; Win64; x64) AppleWebKit/537.36 (KHTML, like Gecko) Chrome/68.0.3440.108 Safari/537.36", "Accept-Charset": "ISO-8859-1,utf-8;q=0.7,*;q=0.7", "Accept": "text/html,application/xhtml+xml,application/xml;q=0.9,*/*;q=0.8", "Accept-Encoding": "gzip, deflate", "Accept-Language": "en-us,en;q=0.5"}}