{"id": "E6MARl3zjnQ", "uploader": "Ricard Paul - Topic", "uploader_id": "UC3JZIb-i30IdeXjMsy5P3-A", "uploader_url": "http://www.youtube.com/channel/UC3JZIb-i30IdeXjMsy5P3-A", "channel_id": "UC3JZIb-i30IdeXjMsy5P3-A", "channel_url": "http://www.youtube.com/channel/UC3JZIb-i30IdeXjMsy5P3-A", "upload_date": "20201218", "license": null, "creator": "Ricard Paul", "title": "Rouen Les Essarts", "alt_title": "Rouen Les Essarts", "thumbnails": [{"url": "https://i.ytimg.com/vi/E6MARl3zjnQ/hqdefault.jpg?sqp=-oaymwEYCKgBEF5IVfKriqkDCwgBFQAAiEIYAXAB&rs=AOn4CLC4LZywyFd-IsfMurgj0kyz8g5nYg", "width": 168, "height": 94, "resolution": "168x94", "id": "0"}, {"url": "https://i.ytimg.com/vi/E6MARl3zjnQ/hqdefault.jpg?sqp=-oaymwEYCMQBEG5IVfKriqkDCwgBFQAAiEIYAXAB&rs=AOn4CLCCeytcNn-JMDi_XYxoqXBlGOTBAQ", "width": 196, "height": 110, "resolution": "196x110", "id": "1"}, {"url": "https://i.ytimg.com/vi/E6MARl3zjnQ/hqdefault.jpg?sqp=-oaymwEZCPYBEIoBSFXyq4qpAwsIARUAAIhCGAFwAQ==&rs=AOn4CLBAdCK8W-JQGZYmGIeVBnkq8Zfibw", "width": 246, "height": 138, "resolution": "246x138", "id": "2"}, {"url": "https://i.ytimg.com/vi/E6MARl3zjnQ/hqdefault.jpg?sqp=-oaymwEZCNACELwBSFXyq4qpAwsIARUAAIhCGAFwAQ==&rs=AOn4CLAZ9EcHasz8KSGrNNaIQM2A_98Vqg", "width": 336, "height": 188, "resolution": "336x188", "id": "3"}, {"url": "https://i.ytimg.com/vi_webp/E6MARl3zjnQ/maxresdefault.webp", "width": 1920, "height": 1080, "resolution": "1920x1080", "id": "4"}], "description": "Provided to YouTube by IIP-DDS\n\nRouen Les Essarts \u00b7 Ricard Paul\n\nRouen Les Essarts\n\n\u2117 Catfish Records / Fergus & Fish\n\nReleased on: 2017-01-01\n\nMusic  Publisher: Copyright Control\nMusic  Publisher: Copyright Control\nComposer: Erik V\u00e5rdstedt\nComposer: Fredrik Bostr\u00f6m\n\nAuto-generated by YouTube.", "categories": ["Music"], "tags": ["Ricard Paul", "Rouen Les Essarts"], "subtitles": {}, "automatic_captions": {}, "duration": 212, "age_limit": 0, "annotations": null, "chapters": null, "webpage_url": "https://www.youtube.com/watch?v=E6MARl3zjnQ", "view_count": 48, "like_count": 4, "dislike_count": null, "average_rating": 5.0, "formats": [{"format_id": "249", "url": "https://r2---sn-5njj-u2xl.googlevideo.com/videoplayback?expire=1609941073&ei=8Gv1X9iLOpCy4AKls46gCQ&ip=140.109.134.180&id=o-APqWyy2wM21kyfoMbDc-Np0TETZUKiMYo6mixTNKLeeD&itag=249&source=youtube&requiressl=yes&mh=p7&mm=31%2C29&mn=sn-5njj-u2xl%2Csn-un57en7e&ms=au%2Crdu&mv=m&mvi=2&pcm2cms=yes&pl=16&gcr=tw&initcwndbps=521250&vprv=1&mime=audio%2Fwebm&ns=j5IFgB4EsOAjFkFqGUivDI8F&gir=yes&clen=1511219&dur=211.681&lmt=1608364572085405&mt=1609919103&fvip=2&keepalive=yes&c=WEB&txp=2311222&n=HOBXt37tgxgbd31Y&sparams=expire%2Cei%2Cip%2Cid%2Citag%2Csource%2Crequiressl%2Cgcr%2Cvprv%2Cmime%2Cns%2Cgir%2Cclen%2Cdur%2Clmt&lsparams=mh%2Cmm%2Cmn%2Cms%2Cmv%2Cmvi%2Cpcm2cms%2Cpl%2Cinitcwndbps&lsig=AG3C_xAwRAIgESPqcuL0MO_VO5kuMPVbvyp00DMoFcwbx1-txY7Z4aICID-TxfG66jVo14Iz9-TaeyJJFJv-bPOzdryXBdM2IVIp&sig=AOq0QJ8wRQIgHLGOInRc5kcM4d6hsrU5ughtvhF8L5K0sjf_CQwjDPgCIQCIcn2aGhEMXrwYJYi_lRc4hmVEOTAM_6mvr9X5RkBqcg==&ratebypass=yes", "player_url": "/s/player/5dd3f3b2/player_ias.vflset/en_US/base.js", "ext": "webm", "format_note": "tiny", "acodec": "opus", "abr": 50, "asr": 48000, "filesize": 1511219, "fps": null, "height": null, "tbr": 58.944, "width": null, "vcodec": "none", "downloader_options": {"http_chunk_size": 10485760}, "format": "249 - audio only (tiny)", "protocol": "https", "http_headers": {"User-Agent": "Mozilla/5.0 (Windows NT 10.0; Win64; x64) AppleWebKit/537.36 (KHTML, like Gecko) Chrome/72.0.3602.1 Safari/537.36", "Accept-Charset": "ISO-8859-1,utf-8;q=0.7,*;q=0.7", "Accept": "text/html,application/xhtml+xml,application/xml;q=0.9,*/*;q=0.8", "Accept-Encoding": "gzip, deflate", "Accept-Language": "en-us,en;q=0.5"}}, {"format_id": "250", "url": "https://r2---sn-5njj-u2xl.googlevideo.com/videoplayback?expire=1609941073&ei=8Gv1X9iLOpCy4AKls46gCQ&ip=140.109.134.180&id=o-APqWyy2wM21kyfoMbDc-Np0TETZUKiMYo6mixTNKLeeD&itag=250&source=youtube&requiressl=yes&mh=p7&mm=31%2C29&mn=sn-5njj-u2xl%2Csn-un57en7e&ms=au%2Crdu&mv=m&mvi=2&pcm2cms=yes&pl=16&gcr=tw&initcwndbps=521250&vprv=1&mime=audio%2Fwebm&ns=j5IFgB4EsOAjFkFqGUivDI8F&gir=yes&clen=2006977&dur=211.681&lmt=1608364572086071&mt=1609919103&fvip=2&keepalive=yes&c=WEB&txp=2311222&n=HOBXt37tgxgbd31Y&sparams=expire%2Cei%2Cip%2Cid%2Citag%2Csource%2Crequiressl%2Cgcr%2Cvprv%2Cmime%2Cns%2Cgir%2Cclen%2Cdur%2Clmt&lsparams=mh%2Cmm%2Cmn%2Cms%2Cmv%2Cmvi%2Cpcm2cms%2Cpl%2Cinitcwndbps&lsig=AG3C_xAwRgIhAMF6E179Bt6CZ5n4hiY1E-6MAW6VUA6N3kaKzoKOVoMyAiEAqeN4ADk-Lggqj9Bu6A469jJqBi7PTJLsib0VTCamf7g%3D&sig=AOq0QJ8wRgIhAMaxd1h-o3l6OTyI-7llOdf0DLeS_RWrzXuXkDsJxKZ_AiEA_XM5kV9FQfiqhkFz9r8WayGAj7MP3y-Y3NsBtliShOY=&ratebypass=yes", "player_url": "/s/player/5dd3f3b2/player_ias.vflset/en_US/base.js", "ext": "webm", "format_note": "tiny", "acodec": "opus", "abr": 70, "asr": 48000, "filesize": 2006977, "fps": null, "height": null, "tbr": 77.956, "width": null, "vcodec": "none", "downloader_options": {"http_chunk_size": 10485760}, "format": "250 - audio only (tiny)", "protocol": "https", "http_headers": {"User-Agent": "Mozilla/5.0 (Windows NT 10.0; Win64; x64) AppleWebKit/537.36 (KHTML, like Gecko) Chrome/72.0.3602.1 Safari/537.36", "Accept-Charset": "ISO-8859-1,utf-8;q=0.7,*;q=0.7", "Accept": "text/html,application/xhtml+xml,application/xml;q=0.9,*/*;q=0.8", "Accept-Encoding": "gzip, deflate", "Accept-Language": "en-us,en;q=0.5"}}, {"format_id": "140", "url": "https://r2---sn-5njj-u2xl.googlevideo.com/videoplayback?expire=1609941073&ei=8Gv1X9iLOpCy4AKls46gCQ&ip=140.109.134.180&id=o-APqWyy2wM21kyfoMbDc-Np0TETZUKiMYo6mixTNKLeeD&itag=140&source=youtube&requiressl=yes&mh=p7&mm=31%2C29&mn=sn-5njj-u2xl%2Csn-un57en7e&ms=au%2Crdu&mv=m&mvi=2&pcm2cms=yes&pl=16&gcr=tw&initcwndbps=521250&vprv=1&mime=audio%2Fmp4&ns=j5IFgB4EsOAjFkFqGUivDI8F&gir=yes&clen=3427433&dur=211.654&lmt=1608364589621462&mt=1609919103&fvip=2&keepalive=yes&c=WEB&txp=2311222&n=HOBXt37tgxgbd31Y&sparams=expire%2Cei%2Cip%2Cid%2Citag%2Csource%2Crequiressl%2Cgcr%2Cvprv%2Cmime%2Cns%2Cgir%2Cclen%2Cdur%2Clmt&lsparams=mh%2Cmm%2Cmn%2Cms%2Cmv%2Cmvi%2Cpcm2cms%2Cpl%2Cinitcwndbps&lsig=AG3C_xAwRAIgFPkqloV5k-p7mFjf325JZHVSUoSEsyP4V6tX5BfIv6YCIH2k0Qd2USc_dVUAeOyg5SUhjjp75O-WUASnhYIis3ur&sig=AOq0QJ8wRAIgdiKTx4CENDUN1PzW0zCTrJjq_pwC1JVq3qdPiZkS2IICIBYqpolhF62Bud9WxuAU8HW_d9RWUJ6ipnkS_q6-bxxs&ratebypass=yes", "player_url": "/s/player/5dd3f3b2/player_ias.vflset/en_US/base.js", "ext": "m4a", "format_note": "tiny", "acodec": "mp4a.40.2", "abr": 128, "container": "m4a_dash", "asr": 44100, "filesize": 3427433, "fps": null, "height": null, "tbr": 131.088, "width": null, "vcodec": "none", "downloader_options": {"http_chunk_size": 10485760}, "format": "140 - audio only (tiny)", "protocol": "https", "http_headers": {"User-Agent": "Mozilla/5.0 (Windows NT 10.0; Win64; x64) AppleWebKit/537.36 (KHTML, like Gecko) Chrome/72.0.3602.1 Safari/537.36", "Accept-Charset": "ISO-8859-1,utf-8;q=0.7,*;q=0.7", "Accept": "text/html,application/xhtml+xml,application/xml;q=0.9,*/*;q=0.8", "Accept-Encoding": "gzip, deflate", "Accept-Language": "en-us,en;q=0.5"}}, {"format_id": "251", "url": "https://r2---sn-5njj-u2xl.googlevideo.com/videoplayback?expire=1609941073&ei=8Gv1X9iLOpCy4AKls46gCQ&ip=140.109.134.180&id=o-APqWyy2wM21kyfoMbDc-Np0TETZUKiMYo6mixTNKLeeD&itag=251&source=youtube&requiressl=yes&mh=p7&mm=31%2C29&mn=sn-5njj-u2xl%2Csn-un57en7e&ms=au%2Crdu&mv=m&mvi=2&pcm2cms=yes&pl=16&gcr=tw&initcwndbps=521250&vprv=1&mime=audio%2Fwebm&ns=j5IFgB4EsOAjFkFqGUivDI8F&gir=yes&clen=3947322&dur=211.681&lmt=1608364572593175&mt=1609919103&fvip=2&keepalive=yes&c=WEB&txp=2311222&n=HOBXt37tgxgbd31Y&sparams=expire%2Cei%2Cip%2Cid%2Citag%2Csource%2Crequiressl%2Cgcr%2Cvprv%2Cmime%2Cns%2Cgir%2Cclen%2Cdur%2Clmt&lsparams=mh%2Cmm%2Cmn%2Cms%2Cmv%2Cmvi%2Cpcm2cms%2Cpl%2Cinitcwndbps&lsig=AG3C_xAwRQIgeW_QpW7lI0c3wldxN4AmyZ2w6I5t80lRQhxuAn9w0sECIQDVmneHX97StpPAgZIpTC-jabqSdxK5rMRqubkKbsVnNg%3D%3D&sig=AOq0QJ8wRQIhAOOmBuy87D4ZRcgsO5LJe9QKe5aPIyPTlKZkQ6YJNcHVAiBMJnlMwtqw2jZIwxDl7BWKhV0XxD4GsAdRpJ8f-b0JDg==&ratebypass=yes", "player_url": "/s/player/5dd3f3b2/player_ias.vflset/en_US/base.js", "ext": "webm", "format_note": "tiny", "acodec": "opus", "abr": 160, "asr": 48000, "filesize": 3947322, "fps": null, "height": null, "tbr": 152.785, "width": null, "vcodec": "none", "downloader_options": {"http_chunk_size": 10485760}, "format": "251 - audio only (tiny)", "protocol": "https", "http_headers": {"User-Agent": "Mozilla/5.0 (Windows NT 10.0; Win64; x64) AppleWebKit/537.36 (KHTML, like Gecko) Chrome/72.0.3602.1 Safari/537.36", "Accept-Charset": "ISO-8859-1,utf-8;q=0.7,*;q=0.7", "Accept": "text/html,application/xhtml+xml,application/xml;q=0.9,*/*;q=0.8", "Accept-Encoding": "gzip, deflate", "Accept-Language": "en-us,en;q=0.5"}}, {"format_id": "160", "url": "https://r2---sn-5njj-u2xl.googlevideo.com/videoplayback?expire=1609941073&ei=8Gv1X9iLOpCy4AKls46gCQ&ip=140.109.134.180&id=o-APqWyy2wM21kyfoMbDc-Np0TETZUKiMYo6mixTNKLeeD&itag=160&aitags=133%2C134%2C135%2C136%2C137%2C160%2C242%2C243%2C244%2C247%2C248%2C278&source=youtube&requiressl=yes&mh=p7&mm=31%2C29&mn=sn-5njj-u2xl%2Csn-un57en7e&ms=au%2Crdu&mv=m&mvi=2&pcm2cms=yes&pl=16&gcr=tw&initcwndbps=521250&vprv=1&mime=video%2Fmp4&ns=j5IFgB4EsOAjFkFqGUivDI8F&gir=yes&clen=443586&dur=211.640&lmt=1608364579599972&mt=1609919103&fvip=2&keepalive=yes&c=WEB&txp=2316222&n=HOBXt37tgxgbd31Y&sparams=expire%2Cei%2Cip%2Cid%2Caitags%2Csource%2Crequiressl%2Cgcr%2Cvprv%2Cmime%2Cns%2Cgir%2Cclen%2Cdur%2Clmt&lsparams=mh%2Cmm%2Cmn%2Cms%2Cmv%2Cmvi%2Cpcm2cms%2Cpl%2Cinitcwndbps&lsig=AG3C_xAwRQIhAKjHH4j3HNiVz89XO58KGVgVVHJmAKhNaZyTOskaNs3jAiB9KLYeEvNfIw113yZGb005T6fCBREf8s1NhoRFXrE48Q%3D%3D&sig=AOq0QJ8wRQIhALRMiIWjDXkmFmDU2evSeDCeq9IXSiR5JLvBAlC1kys0AiAdwimTi34Zbk5g72dUf7qAodE8KVHA4d9ulTHZFtIlXQ==&ratebypass=yes", "player_url": "/s/player/5dd3f3b2/player_ias.vflset/en_US/base.js", "ext": "mp4", "height": 144, "format_note": "144p", "vcodec": "avc1.4d400b", "asr": null, "filesize": 443586, "fps": 25, "tbr": 33.004, "width": 144, "acodec": "none", "downloader_options": {"http_chunk_size": 10485760}, "format": "160 - 144x144 (144p)", "protocol": "https", "http_headers": {"User-Agent": "Mozilla/5.0 (Windows NT 10.0; Win64; x64) AppleWebKit/537.36 (KHTML, like Gecko) Chrome/72.0.3602.1 Safari/537.36", "Accept-Charset": "ISO-8859-1,utf-8;q=0.7,*;q=0.7", "Accept": "text/html,application/xhtml+xml,application/xml;q=0.9,*/*;q=0.8", "Accept-Encoding": "gzip, deflate", "Accept-Language": "en-us,en;q=0.5"}}, {"format_id": "278", "url": "https://r2---sn-5njj-u2xl.googlevideo.com/videoplayback?expire=1609941073&ei=8Gv1X9iLOpCy4AKls46gCQ&ip=140.109.134.180&id=o-APqWyy2wM21kyfoMbDc-Np0TETZUKiMYo6mixTNKLeeD&itag=278&aitags=133%2C134%2C135%2C136%2C137%2C160%2C242%2C243%2C244%2C247%2C248%2C278&source=youtube&requiressl=yes&mh=p7&mm=31%2C29&mn=sn-5njj-u2xl%2Csn-un57en7e&ms=au%2Crdu&mv=m&mvi=2&pcm2cms=yes&pl=16&gcr=tw&initcwndbps=521250&vprv=1&mime=video%2Fwebm&ns=j5IFgB4EsOAjFkFqGUivDI8F&gir=yes&clen=515386&dur=211.640&lmt=1608364580226090&mt=1609919103&fvip=2&keepalive=yes&c=WEB&txp=2316222&n=HOBXt37tgxgbd31Y&sparams=expire%2Cei%2Cip%2Cid%2Caitags%2Csource%2Crequiressl%2Cgcr%2Cvprv%2Cmime%2Cns%2Cgir%2Cclen%2Cdur%2Clmt&lsparams=mh%2Cmm%2Cmn%2Cms%2Cmv%2Cmvi%2Cpcm2cms%2Cpl%2Cinitcwndbps&lsig=AG3C_xAwRQIgC4kQaU8p3nzNHfQwB1seGYRDaI5ATYMGPpFKJDfaNwYCIQC5NHExLOVG7CWAsS6wBSg33KgR_vggBAmF_RhlV7f5yQ%3D%3D&sig=AOq0QJ8wRQIhAINm37DqP6dvlCegJqgm5yYEx6Sq3FNWq0PmhQXJSHJ0AiAcxKaD1sRV8nmAiMRDdAVCh8BBI0DZ8R5d5rqQhcQj6w==&ratebypass=yes", "player_url": "/s/player/5dd3f3b2/player_ias.vflset/en_US/base.js", "ext": "webm", "height": 144, "format_note": "144p", "container": "webm", "vcodec": "vp9", "asr": null, "filesize": 515386, "fps": 25, "tbr": 40.688, "width": 144, "acodec": "none", "downloader_options": {"http_chunk_size": 10485760}, "format": "278 - 144x144 (144p)", "protocol": "https", "http_headers": {"User-Agent": "Mozilla/5.0 (Windows NT 10.0; Win64; x64) AppleWebKit/537.36 (KHTML, like Gecko) Chrome/72.0.3602.1 Safari/537.36", "Accept-Charset": "ISO-8859-1,utf-8;q=0.7,*;q=0.7", "Accept": "text/html,application/xhtml+xml,application/xml;q=0.9,*/*;q=0.8", "Accept-Encoding": "gzip, deflate", "Accept-Language": "en-us,en;q=0.5"}}, {"format_id": "133", "url": "https://r2---sn-5njj-u2xl.googlevideo.com/videoplayback?expire=1609941073&ei=8Gv1X9iLOpCy4AKls46gCQ&ip=140.109.134.180&id=o-APqWyy2wM21kyfoMbDc-Np0TETZUKiMYo6mixTNKLeeD&itag=133&aitags=133%2C134%2C135%2C136%2C137%2C160%2C242%2C243%2C244%2C247%2C248%2C278&source=youtube&requiressl=yes&mh=p7&mm=31%2C29&mn=sn-5njj-u2xl%2Csn-un57en7e&ms=au%2Crdu&mv=m&mvi=2&pcm2cms=yes&pl=16&gcr=tw&initcwndbps=521250&vprv=1&mime=video%2Fmp4&ns=j5IFgB4EsOAjFkFqGUivDI8F&gir=yes&clen=823255&dur=211.640&lmt=1608364579600315&mt=1609919103&fvip=2&keepalive=yes&c=WEB&txp=2316222&n=HOBXt37tgxgbd31Y&sparams=expire%2Cei%2Cip%2Cid%2Caitags%2Csource%2Crequiressl%2Cgcr%2Cvprv%2Cmime%2Cns%2Cgir%2Cclen%2Cdur%2Clmt&lsparams=mh%2Cmm%2Cmn%2Cms%2Cmv%2Cmvi%2Cpcm2cms%2Cpl%2Cinitcwndbps&lsig=AG3C_xAwRQIgdSWEda9vDTfnoBpPQkR2IO-uEdXg3Gfks34eh4IN7DUCIQC_kyKdIq2fRR9gtF8ydRHtaJ3h0hzfzZqMkj88NqKEtQ%3D%3D&sig=AOq0QJ8wRAIgB67zyNSzx09lBYyY1UU8Nc3eQ6CP4BigccMwC8WxsJACIFx0hB3bo6k42uYQ_Z3D2Zsk7LQgeb7OKOJSUAP55dsL&ratebypass=yes", "player_url": "/s/player/5dd3f3b2/player_ias.vflset/en_US/base.js", "ext": "mp4", "height": 240, "format_note": "240p", "vcodec": "avc1.4d400c", "asr": null, "filesize": 823255, "fps": 25, "tbr": 63.558, "width": 240, "acodec": "none", "downloader_options": {"http_chunk_size": 10485760}, "format": "133 - 240x240 (240p)", "protocol": "https", "http_headers": {"User-Agent": "Mozilla/5.0 (Windows NT 10.0; Win64; x64) AppleWebKit/537.36 (KHTML, like Gecko) Chrome/72.0.3602.1 Safari/537.36", "Accept-Charset": "ISO-8859-1,utf-8;q=0.7,*;q=0.7", "Accept": "text/html,application/xhtml+xml,application/xml;q=0.9,*/*;q=0.8", "Accept-Encoding": "gzip, deflate", "Accept-Language": "en-us,en;q=0.5"}}, {"format_id": "242", "url": "https://r2---sn-5njj-u2xl.googlevideo.com/videoplayback?expire=1609941073&ei=8Gv1X9iLOpCy4AKls46gCQ&ip=140.109.134.180&id=o-APqWyy2wM21kyfoMbDc-Np0TETZUKiMYo6mixTNKLeeD&itag=242&aitags=133%2C134%2C135%2C136%2C137%2C160%2C242%2C243%2C244%2C247%2C248%2C278&source=youtube&requiressl=yes&mh=p7&mm=31%2C29&mn=sn-5njj-u2xl%2Csn-un57en7e&ms=au%2Crdu&mv=m&mvi=2&pcm2cms=yes&pl=16&gcr=tw&initcwndbps=521250&vprv=1&mime=video%2Fwebm&ns=j5IFgB4EsOAjFkFqGUivDI8F&gir=yes&clen=814834&dur=211.640&lmt=1608364580230538&mt=1609919103&fvip=2&keepalive=yes&c=WEB&txp=2316222&n=HOBXt37tgxgbd31Y&sparams=expire%2Cei%2Cip%2Cid%2Caitags%2Csource%2Crequiressl%2Cgcr%2Cvprv%2Cmime%2Cns%2Cgir%2Cclen%2Cdur%2Clmt&lsparams=mh%2Cmm%2Cmn%2Cms%2Cmv%2Cmvi%2Cpcm2cms%2Cpl%2Cinitcwndbps&lsig=AG3C_xAwRgIhALHzX7Ps1yz-zpJheH0UssHaMt35iRD2vqvr2h2JIe1CAiEAv9XbS2KyQwfgsCLtPTHX6ClS6nb6G33b6hIcFDnP9-w%3D&sig=AOq0QJ8wRgIhANK-qA-LJCDw5EH3pKXEEMRQyDueK1DmL8R2rzsPGqYrAiEAxJNuC5TaaNX7pBp5WwLgn0j6ZRTHukuGrMljTw7hw8s=&ratebypass=yes", "player_url": "/s/player/5dd3f3b2/player_ias.vflset/en_US/base.js", "ext": "webm", "height": 240, "format_note": "240p", "vcodec": "vp9", "asr": null, "filesize": 814834, "fps": 25, "tbr": 70.162, "width": 240, "acodec": "none", "downloader_options": {"http_chunk_size": 10485760}, "format": "242 - 240x240 (240p)", "protocol": "https", "http_headers": {"User-Agent": "Mozilla/5.0 (Windows NT 10.0; Win64; x64) AppleWebKit/537.36 (KHTML, like Gecko) Chrome/72.0.3602.1 Safari/537.36", "Accept-Charset": "ISO-8859-1,utf-8;q=0.7,*;q=0.7", "Accept": "text/html,application/xhtml+xml,application/xml;q=0.9,*/*;q=0.8", "Accept-Encoding": "gzip, deflate", "Accept-Language": "en-us,en;q=0.5"}}, {"format_id": "243", "url": "https://r2---sn-5njj-u2xl.googlevideo.com/videoplayback?expire=1609941073&ei=8Gv1X9iLOpCy4AKls46gCQ&ip=140.109.134.180&id=o-APqWyy2wM21kyfoMbDc-Np0TETZUKiMYo6mixTNKLeeD&itag=243&aitags=133%2C134%2C135%2C136%2C137%2C160%2C242%2C243%2C244%2C247%2C248%2C278&source=youtube&requiressl=yes&mh=p7&mm=31%2C29&mn=sn-5njj-u2xl%2Csn-un57en7e&ms=au%2Crdu&mv=m&mvi=2&pcm2cms=yes&pl=16&gcr=tw&initcwndbps=521250&vprv=1&mime=video%2Fwebm&ns=j5IFgB4EsOAjFkFqGUivDI8F&gir=yes&clen=1202786&dur=211.640&lmt=1608364580227223&mt=1609919103&fvip=2&keepalive=yes&c=WEB&txp=2316222&n=HOBXt37tgxgbd31Y&sparams=expire%2Cei%2Cip%2Cid%2Caitags%2Csource%2Crequiressl%2Cgcr%2Cvprv%2Cmime%2Cns%2Cgir%2Cclen%2Cdur%2Clmt&lsparams=mh%2Cmm%2Cmn%2Cms%2Cmv%2Cmvi%2Cpcm2cms%2Cpl%2Cinitcwndbps&lsig=AG3C_xAwRQIgT0h_lfQ20D9752KpSzLjxGbqzHUAgG4rm2OfG86Y-HMCIQCZhEacvIp_ZPOzsnCadK76M7uPNvUcURl8cudamUIn_g%3D%3D&sig=AOq0QJ8wRQIhAMwfHo4e6f0A8PKEcWGYpmuPI_iEKIQptOajvdNweppcAiBznCYghTT9z6Vu46NHzLspHDTV8eVDmHaLnaz83bSHLQ==&ratebypass=yes", "player_url": "/s/player/5dd3f3b2/player_ias.vflset/en_US/base.js", "ext": "webm", "height": 360, "format_note": "360p", "vcodec": "vp9", "asr": null, "filesize": 1202786, "fps": 25, "tbr": 104.711, "width": 360, "acodec": "none", "downloader_options": {"http_chunk_size": 10485760}, "format": "243 - 360x360 (360p)", "protocol": "https", "http_headers": {"User-Agent": "Mozilla/5.0 (Windows NT 10.0; Win64; x64) AppleWebKit/537.36 (KHTML, like Gecko) Chrome/72.0.3602.1 Safari/537.36", "Accept-Charset": "ISO-8859-1,utf-8;q=0.7,*;q=0.7", "Accept": "text/html,application/xhtml+xml,application/xml;q=0.9,*/*;q=0.8", "Accept-Encoding": "gzip, deflate", "Accept-Language": "en-us,en;q=0.5"}}, {"format_id": "134", "url": "https://r2---sn-5njj-u2xl.googlevideo.com/videoplayback?expire=1609941073&ei=8Gv1X9iLOpCy4AKls46gCQ&ip=140.109.134.180&id=o-APqWyy2wM21kyfoMbDc-Np0TETZUKiMYo6mixTNKLeeD&itag=134&aitags=133%2C134%2C135%2C136%2C137%2C160%2C242%2C243%2C244%2C247%2C248%2C278&source=youtube&requiressl=yes&mh=p7&mm=31%2C29&mn=sn-5njj-u2xl%2Csn-un57en7e&ms=au%2Crdu&mv=m&mvi=2&pcm2cms=yes&pl=16&gcr=tw&initcwndbps=521250&vprv=1&mime=video%2Fmp4&ns=j5IFgB4EsOAjFkFqGUivDI8F&gir=yes&clen=1369044&dur=211.640&lmt=1608364579599930&mt=1609919103&fvip=2&keepalive=yes&c=WEB&txp=2316222&n=HOBXt37tgxgbd31Y&sparams=expire%2Cei%2Cip%2Cid%2Caitags%2Csource%2Crequiressl%2Cgcr%2Cvprv%2Cmime%2Cns%2Cgir%2Cclen%2Cdur%2Clmt&lsparams=mh%2Cmm%2Cmn%2Cms%2Cmv%2Cmvi%2Cpcm2cms%2Cpl%2Cinitcwndbps&lsig=AG3C_xAwRAIgSZA9vpzj8HDiL8EFKncqE4E8nOc8ULygNv9gcxc1QkICIGffTYzVMndh_fRNkVojrWNhSJLm6nU8fg4cIeKxeEBY&sig=AOq0QJ8wRAIgWkT08X3Y3T4B9PVT_OS-UENHWJFsgiSo8UcwcF3KhcQCICL-d3Rm0VSaDMkDAAniAqYY5Q7X2gvTHd7fF8wxHGd4&ratebypass=yes", "player_url": "/s/player/5dd3f3b2/player_ias.vflset/en_US/base.js", "ext": "mp4", "height": 360, "format_note": "360p", "vcodec": "avc1.4d4015", "asr": null, "filesize": 1369044, "fps": 25, "tbr": 123.986, "width": 360, "acodec": "none", "downloader_options": {"http_chunk_size": 10485760}, "format": "134 - 360x360 (360p)", "protocol": "https", "http_headers": {"User-Agent": "Mozilla/5.0 (Windows NT 10.0; Win64; x64) AppleWebKit/537.36 (KHTML, like Gecko) Chrome/72.0.3602.1 Safari/537.36", "Accept-Charset": "ISO-8859-1,utf-8;q=0.7,*;q=0.7", "Accept": "text/html,application/xhtml+xml,application/xml;q=0.9,*/*;q=0.8", "Accept-Encoding": "gzip, deflate", "Accept-Language": "en-us,en;q=0.5"}}, {"format_id": "244", "url": "https://r2---sn-5njj-u2xl.googlevideo.com/videoplayback?expire=1609941073&ei=8Gv1X9iLOpCy4AKls46gCQ&ip=140.109.134.180&id=o-APqWyy2wM21kyfoMbDc-Np0TETZUKiMYo6mixTNKLeeD&itag=244&aitags=133%2C134%2C135%2C136%2C137%2C160%2C242%2C243%2C244%2C247%2C248%2C278&source=youtube&requiressl=yes&mh=p7&mm=31%2C29&mn=sn-5njj-u2xl%2Csn-un57en7e&ms=au%2Crdu&mv=m&mvi=2&pcm2cms=yes&pl=16&gcr=tw&initcwndbps=521250&vprv=1&mime=video%2Fwebm&ns=j5IFgB4EsOAjFkFqGUivDI8F&gir=yes&clen=1622299&dur=211.640&lmt=1608364580225015&mt=1609919103&fvip=2&keepalive=yes&c=WEB&txp=2316222&n=HOBXt37tgxgbd31Y&sparams=expire%2Cei%2Cip%2Cid%2Caitags%2Csource%2Crequiressl%2Cgcr%2Cvprv%2Cmime%2Cns%2Cgir%2Cclen%2Cdur%2Clmt&lsparams=mh%2Cmm%2Cmn%2Cms%2Cmv%2Cmvi%2Cpcm2cms%2Cpl%2Cinitcwndbps&lsig=AG3C_xAwRAIgbuqDSKHCOVGxx1aX8b3CIw0ys5PH0QxIkiXzqANwoFUCIEADHf4O_Os8ldBwyXKs4LaOhqJV6qqwTYcmsXKYCvkt&sig=AOq0QJ8wRgIhAKR2pXhrs65la9KlnbKKiLCLtBqKk2vu-yWcWMCEDTVmAiEAx-nKSgq6gcsM_rucOMoas6uNJO8AqF_gGHt96vZyecE=&ratebypass=yes", "player_url": "/s/player/5dd3f3b2/player_ias.vflset/en_US/base.js", "ext": "webm", "height": 480, "format_note": "480p", "vcodec": "vp9", "asr": null, "filesize": 1622299, "fps": 25, "tbr": 147.251, "width": 480, "acodec": "none", "downloader_options": {"http_chunk_size": 10485760}, "format": "244 - 480x480 (480p)", "protocol": "https", "http_headers": {"User-Agent": "Mozilla/5.0 (Windows NT 10.0; Win64; x64) AppleWebKit/537.36 (KHTML, like Gecko) Chrome/72.0.3602.1 Safari/537.36", "Accept-Charset": "ISO-8859-1,utf-8;q=0.7,*;q=0.7", "Accept": "text/html,application/xhtml+xml,application/xml;q=0.9,*/*;q=0.8", "Accept-Encoding": "gzip, deflate", "Accept-Language": "en-us,en;q=0.5"}}, {"format_id": "135", "url": "https://r2---sn-5njj-u2xl.googlevideo.com/videoplayback?expire=1609941073&ei=8Gv1X9iLOpCy4AKls46gCQ&ip=140.109.134.180&id=o-APqWyy2wM21kyfoMbDc-Np0TETZUKiMYo6mixTNKLeeD&itag=135&aitags=133%2C134%2C135%2C136%2C137%2C160%2C242%2C243%2C244%2C247%2C248%2C278&source=youtube&requiressl=yes&mh=p7&mm=31%2C29&mn=sn-5njj-u2xl%2Csn-un57en7e&ms=au%2Crdu&mv=m&mvi=2&pcm2cms=yes&pl=16&gcr=tw&initcwndbps=521250&vprv=1&mime=video%2Fmp4&ns=j5IFgB4EsOAjFkFqGUivDI8F&gir=yes&clen=2372131&dur=211.640&lmt=1608364579599796&mt=1609919103&fvip=2&keepalive=yes&c=WEB&txp=2316222&n=HOBXt37tgxgbd31Y&sparams=expire%2Cei%2Cip%2Cid%2Caitags%2Csource%2Crequiressl%2Cgcr%2Cvprv%2Cmime%2Cns%2Cgir%2Cclen%2Cdur%2Clmt&lsparams=mh%2Cmm%2Cmn%2Cms%2Cmv%2Cmvi%2Cpcm2cms%2Cpl%2Cinitcwndbps&lsig=AG3C_xAwRQIhAKylAhLDdfR6c5BaQpo-a4m71vajW95hJm8t8aQw3MDbAiAjMfoTDVV_wqJ4z-eAD3v_kJ5i0NvmqrXyXeWwe9-r3g%3D%3D&sig=AOq0QJ8wRgIhAP26sraRykbbHSrGsOcNIk_gO_iT_PxBtuX7I9dFMf5qAiEA6HLmenuHVvoFppxig6t4pjmm2sH4U6RtGOJjc84VuWk=&ratebypass=yes", "player_url": "/s/player/5dd3f3b2/player_ias.vflset/en_US/base.js", "ext": "mp4", "height": 480, "format_note": "480p", "vcodec": "avc1.4d401e", "asr": null, "filesize": 2372131, "fps": 25, "tbr": 201.897, "width": 480, "acodec": "none", "downloader_options": {"http_chunk_size": 10485760}, "format": "135 - 480x480 (480p)", "protocol": "https", "http_headers": {"User-Agent": "Mozilla/5.0 (Windows NT 10.0; Win64; x64) AppleWebKit/537.36 (KHTML, like Gecko) Chrome/72.0.3602.1 Safari/537.36", "Accept-Charset": "ISO-8859-1,utf-8;q=0.7,*;q=0.7", "Accept": "text/html,application/xhtml+xml,application/xml;q=0.9,*/*;q=0.8", "Accept-Encoding": "gzip, deflate", "Accept-Language": "en-us,en;q=0.5"}}, {"format_id": "247", "url": "https://r2---sn-5njj-u2xl.googlevideo.com/videoplayback?expire=1609941073&ei=8Gv1X9iLOpCy4AKls46gCQ&ip=140.109.134.180&id=o-APqWyy2wM21kyfoMbDc-Np0TETZUKiMYo6mixTNKLeeD&itag=247&aitags=133%2C134%2C135%2C136%2C137%2C160%2C242%2C243%2C244%2C247%2C248%2C278&source=youtube&requiressl=yes&mh=p7&mm=31%2C29&mn=sn-5njj-u2xl%2Csn-un57en7e&ms=au%2Crdu&mv=m&mvi=2&pcm2cms=yes&pl=16&gcr=tw&initcwndbps=521250&vprv=1&mime=video%2Fwebm&ns=j5IFgB4EsOAjFkFqGUivDI8F&gir=yes&clen=2835979&dur=211.640&lmt=1608364580226943&mt=1609919103&fvip=2&keepalive=yes&c=WEB&txp=2316222&n=HOBXt37tgxgbd31Y&sparams=expire%2Cei%2Cip%2Cid%2Caitags%2Csource%2Crequiressl%2Cgcr%2Cvprv%2Cmime%2Cns%2Cgir%2Cclen%2Cdur%2Clmt&lsparams=mh%2Cmm%2Cmn%2Cms%2Cmv%2Cmvi%2Cpcm2cms%2Cpl%2Cinitcwndbps&lsig=AG3C_xAwRQIhAPSXG9eCM8bS_-V8_VUcO2vZl56q9s4I4OpuCWy-zWnHAiBf4BIBMol60OwPJ-U0iuB6EjCQ8_aK4-_d3-CWNAnOyA%3D%3D&sig=AOq0QJ8wRQIgL4-CBd6oND9CO4JzXlXafXBNvqXX43qZX0QmCNLB1lYCIQDU8QYueUMtsBj0gL8iHW8YihoicBt7f4WXD8ysHk0Dpg==&ratebypass=yes", "player_url": "/s/player/5dd3f3b2/player_ias.vflset/en_US/base.js", "ext": "webm", "height": 720, "format_note": "720p", "vcodec": "vp9", "asr": null, "filesize": 2835979, "fps": 25, "tbr": 273.46, "width": 720, "acodec": "none", "downloader_options": {"http_chunk_size": 10485760}, "format": "247 - 720x720 (720p)", "protocol": "https", "http_headers": {"User-Agent": "Mozilla/5.0 (Windows NT 10.0; Win64; x64) AppleWebKit/537.36 (KHTML, like Gecko) Chrome/72.0.3602.1 Safari/537.36", "Accept-Charset": "ISO-8859-1,utf-8;q=0.7,*;q=0.7", "Accept": "text/html,application/xhtml+xml,application/xml;q=0.9,*/*;q=0.8", "Accept-Encoding": "gzip, deflate", "Accept-Language": "en-us,en;q=0.5"}}, {"format_id": "136", "url": "https://r2---sn-5njj-u2xl.googlevideo.com/videoplayback?expire=1609941073&ei=8Gv1X9iLOpCy4AKls46gCQ&ip=140.109.134.180&id=o-APqWyy2wM21kyfoMbDc-Np0TETZUKiMYo6mixTNKLeeD&itag=136&aitags=133%2C134%2C135%2C136%2C137%2C160%2C242%2C243%2C244%2C247%2C248%2C278&source=youtube&requiressl=yes&mh=p7&mm=31%2C29&mn=sn-5njj-u2xl%2Csn-un57en7e&ms=au%2Crdu&mv=m&mvi=2&pcm2cms=yes&pl=16&gcr=tw&initcwndbps=521250&vprv=1&mime=video%2Fmp4&ns=j5IFgB4EsOAjFkFqGUivDI8F&gir=yes&clen=4918748&dur=211.640&lmt=1608364579600217&mt=1609919103&fvip=2&keepalive=yes&c=WEB&txp=2316222&n=HOBXt37tgxgbd31Y&sparams=expire%2Cei%2Cip%2Cid%2Caitags%2Csource%2Crequiressl%2Cgcr%2Cvprv%2Cmime%2Cns%2Cgir%2Cclen%2Cdur%2Clmt&lsparams=mh%2Cmm%2Cmn%2Cms%2Cmv%2Cmvi%2Cpcm2cms%2Cpl%2Cinitcwndbps&lsig=AG3C_xAwRQIgQYPRW7VYlGU6jop0GmafCeqB4yACl1Yz65KhGa-SQZQCIQDCd7Nllr5WU1UW9EmH1-Y_MijOn_S-9m79AfmWfWCj1Q%3D%3D&sig=AOq0QJ8wRAIgWhwX547uqzezEIK0vxmKJOZVfq9THrjtLmcSYV0lxVoCIHKMAzboUUmBuH3iSSqqgb_Puoh801_YFnDowDPnKU_r&ratebypass=yes", "player_url": "/s/player/5dd3f3b2/player_ias.vflset/en_US/base.js", "ext": "mp4", "height": 720, "format_note": "720p", "vcodec": "avc1.64001f", "asr": null, "filesize": 4918748, "fps": 25, "tbr": 447.055, "width": 720, "acodec": "none", "downloader_options": {"http_chunk_size": 10485760}, "format": "136 - 720x720 (720p)", "protocol": "https", "http_headers": {"User-Agent": "Mozilla/5.0 (Windows NT 10.0; Win64; x64) AppleWebKit/537.36 (KHTML, like Gecko) Chrome/72.0.3602.1 Safari/537.36", "Accept-Charset": "ISO-8859-1,utf-8;q=0.7,*;q=0.7", "Accept": "text/html,application/xhtml+xml,application/xml;q=0.9,*/*;q=0.8", "Accept-Encoding": "gzip, deflate", "Accept-Language": "en-us,en;q=0.5"}}, {"format_id": "248", "url": "https://r2---sn-5njj-u2xl.googlevideo.com/videoplayback?expire=1609941073&ei=8Gv1X9iLOpCy4AKls46gCQ&ip=140.109.134.180&id=o-APqWyy2wM21kyfoMbDc-Np0TETZUKiMYo6mixTNKLeeD&itag=248&aitags=133%2C134%2C135%2C136%2C137%2C160%2C242%2C243%2C244%2C247%2C248%2C278&source=youtube&requiressl=yes&mh=p7&mm=31%2C29&mn=sn-5njj-u2xl%2Csn-un57en7e&ms=au%2Crdu&mv=m&mvi=2&pcm2cms=yes&pl=16&gcr=tw&initcwndbps=521250&vprv=1&mime=video%2Fwebm&ns=j5IFgB4EsOAjFkFqGUivDI8F&gir=yes&clen=8198192&dur=211.640&lmt=1608364580227658&mt=1609919103&fvip=2&keepalive=yes&c=WEB&txp=2316222&n=HOBXt37tgxgbd31Y&sparams=expire%2Cei%2Cip%2Cid%2Caitags%2Csource%2Crequiressl%2Cgcr%2Cvprv%2Cmime%2Cns%2Cgir%2Cclen%2Cdur%2Clmt&lsparams=mh%2Cmm%2Cmn%2Cms%2Cmv%2Cmvi%2Cpcm2cms%2Cpl%2Cinitcwndbps&lsig=AG3C_xAwRAIgBgi-6azXtTPuF6KJlbH1w4UMVX7gNKdN22M05q7pWgMCIAajeGoKEueRauDzDMgOuwOW6akYz4hHmg36yfwlal0Y&sig=AOq0QJ8wRQIgPO3se2x7L4_4oGmVzxZ4Mke2aRrmjaS9nNAuWGff4XwCIQC9Et947YAu1Rt6xMAJUAlQ0niUPOzu3kn_0jbnHumaDA==&ratebypass=yes", "player_url": "/s/player/5dd3f3b2/player_ias.vflset/en_US/base.js", "ext": "webm", "height": 1080, "format_note": "1080p", "vcodec": "vp9", "asr": null, "filesize": 8198192, "fps": 25, "tbr": 628.86, "width": 1080, "acodec": "none", "downloader_options": {"http_chunk_size": 10485760}, "format": "248 - 1080x1080 (1080p)", "protocol": "https", "http_headers": {"User-Agent": "Mozilla/5.0 (Windows NT 10.0; Win64; x64) AppleWebKit/537.36 (KHTML, like Gecko) Chrome/72.0.3602.1 Safari/537.36", "Accept-Charset": "ISO-8859-1,utf-8;q=0.7,*;q=0.7", "Accept": "text/html,application/xhtml+xml,application/xml;q=0.9,*/*;q=0.8", "Accept-Encoding": "gzip, deflate", "Accept-Language": "en-us,en;q=0.5"}}, {"format_id": "137", "url": "https://r2---sn-5njj-u2xl.googlevideo.com/videoplayback?expire=1609941073&ei=8Gv1X9iLOpCy4AKls46gCQ&ip=140.109.134.180&id=o-APqWyy2wM21kyfoMbDc-Np0TETZUKiMYo6mixTNKLeeD&itag=137&aitags=133%2C134%2C135%2C136%2C137%2C160%2C242%2C243%2C244%2C247%2C248%2C278&source=youtube&requiressl=yes&mh=p7&mm=31%2C29&mn=sn-5njj-u2xl%2Csn-un57en7e&ms=au%2Crdu&mv=m&mvi=2&pcm2cms=yes&pl=16&gcr=tw&initcwndbps=521250&vprv=1&mime=video%2Fmp4&ns=j5IFgB4EsOAjFkFqGUivDI8F&gir=yes&clen=11570631&dur=211.640&lmt=1608364579599403&mt=1609919103&fvip=2&keepalive=yes&c=WEB&txp=2316222&n=HOBXt37tgxgbd31Y&sparams=expire%2Cei%2Cip%2Cid%2Caitags%2Csource%2Crequiressl%2Cgcr%2Cvprv%2Cmime%2Cns%2Cgir%2Cclen%2Cdur%2Clmt&lsparams=mh%2Cmm%2Cmn%2Cms%2Cmv%2Cmvi%2Cpcm2cms%2Cpl%2Cinitcwndbps&lsig=AG3C_xAwRAIgbT_NUISyopF43obNhC69DcHdm_KJXSZH0TBHpRb2jtYCIG_DDcMCwJDB0CppCVvQAUVCQSjo3q1VE6XphIjpNTIH&sig=AOq0QJ8wRAIgSbVnmk064-itNE6C_MQdu4uC-uXuBnCNfrgyHknJIaoCIHGIdbaF729_rnFW1mcYytw8hf7czopj9ZsGo8RrDFFw&ratebypass=yes", "player_url": "/s/player/5dd3f3b2/player_ias.vflset/en_US/base.js", "ext": "mp4", "height": 1080, "format_note": "1080p", "vcodec": "avc1.640020", "asr": null, "filesize": 11570631, "fps": 25, "tbr": 973.0, "width": 1080, "acodec": "none", "downloader_options": {"http_chunk_size": 10485760}, "format": "137 - 1080x1080 (1080p)", "protocol": "https", "http_headers": {"User-Agent": "Mozilla/5.0 (Windows NT 10.0; Win64; x64) AppleWebKit/537.36 (KHTML, like Gecko) Chrome/72.0.3602.1 Safari/537.36", "Accept-Charset": "ISO-8859-1,utf-8;q=0.7,*;q=0.7", "Accept": "text/html,application/xhtml+xml,application/xml;q=0.9,*/*;q=0.8", "Accept-Encoding": "gzip, deflate", "Accept-Language": "en-us,en;q=0.5"}}, {"format_id": "18", "url": "https://r2---sn-5njj-u2xl.googlevideo.com/videoplayback?expire=1609941073&ei=8Gv1X9iLOpCy4AKls46gCQ&ip=140.109.134.180&id=o-APqWyy2wM21kyfoMbDc-Np0TETZUKiMYo6mixTNKLeeD&itag=18&source=youtube&requiressl=yes&mh=p7&mm=31%2C29&mn=sn-5njj-u2xl%2Csn-un57en7e&ms=au%2Crdu&mv=m&mvi=2&pcm2cms=yes&pl=16&gcr=tw&initcwndbps=521250&vprv=1&mime=video%2Fmp4&ns=nAeM0njvHrOqunh9Frr_XJQF&gir=yes&clen=3557708&ratebypass=yes&dur=211.696&lmt=1608364553568686&mt=1609919103&fvip=2&c=WEB&txp=2310222&n=ZZ4gNpB-AW4CX88U&sparams=expire%2Cei%2Cip%2Cid%2Citag%2Csource%2Crequiressl%2Cgcr%2Cvprv%2Cmime%2Cns%2Cgir%2Cclen%2Cratebypass%2Cdur%2Clmt&lsparams=mh%2Cmm%2Cmn%2Cms%2Cmv%2Cmvi%2Cpcm2cms%2Cpl%2Cinitcwndbps&lsig=AG3C_xAwRQIgSwqinh040Wu6RIomSPcIsT8MGe-wEf9Y6eWLgqkICnECIQCtL1xY9g0abIdwEVQNEQJik2Ncs5z-eAggdgzkRltDtg%3D%3D&sig=AOq0QJ8wRgIhAMZQkH_yXXUvizlJ_YR8Vy37FgtlovHDFx4RLfUYHz4JAiEAtbR0AEoWFRw0PPoNfbXtbFsh9ZqOAiyNArI1vvnn5aE=", "player_url": "/s/player/5dd3f3b2/player_ias.vflset/en_US/base.js", "ext": "mp4", "width": 360, "height": 360, "acodec": "mp4a.40.2", "abr": 96, "vcodec": "avc1.42001E", "asr": 44100, "filesize": 3557708, "format_note": "360p", "fps": 25, "tbr": 134.481, "format": "18 - 360x360 (360p)", "protocol": "https", "http_headers": {"User-Agent": "Mozilla/5.0 (Windows NT 10.0; Win64; x64) AppleWebKit/537.36 (KHTML, like Gecko) Chrome/72.0.3602.1 Safari/537.36", "Accept-Charset": "ISO-8859-1,utf-8;q=0.7,*;q=0.7", "Accept": "text/html,application/xhtml+xml,application/xml;q=0.9,*/*;q=0.8", "Accept-Encoding": "gzip, deflate", "Accept-Language": "en-us,en;q=0.5"}}], "is_live": null, "start_time": null, "end_time": null, "series": null, "season_number": null, "episode_number": null, "track": "Rouen Les Essarts", "artist": "Ricard Paul", "album": "Rouen Les Essarts", "release_date": "20170101", "release_year": 2017, "extractor": "youtube", "webpage_url_basename": "watch", "extractor_key": "Youtube", "playlist": null, "playlist_index": null, "thumbnail": "https://i.ytimg.com/vi_webp/E6MARl3zjnQ/maxresdefault.webp", "display_id": "E6MARl3zjnQ", "requested_subtitles": null, "format_id": "251", "url": "https://r2---sn-5njj-u2xl.googlevideo.com/videoplayback?expire=1609941073&ei=8Gv1X9iLOpCy4AKls46gCQ&ip=140.109.134.180&id=o-APqWyy2wM21kyfoMbDc-Np0TETZUKiMYo6mixTNKLeeD&itag=251&source=youtube&requiressl=yes&mh=p7&mm=31%2C29&mn=sn-5njj-u2xl%2Csn-un57en7e&ms=au%2Crdu&mv=m&mvi=2&pcm2cms=yes&pl=16&gcr=tw&initcwndbps=521250&vprv=1&mime=audio%2Fwebm&ns=j5IFgB4EsOAjFkFqGUivDI8F&gir=yes&clen=3947322&dur=211.681&lmt=1608364572593175&mt=1609919103&fvip=2&keepalive=yes&c=WEB&txp=2311222&n=HOBXt37tgxgbd31Y&sparams=expire%2Cei%2Cip%2Cid%2Citag%2Csource%2Crequiressl%2Cgcr%2Cvprv%2Cmime%2Cns%2Cgir%2Cclen%2Cdur%2Clmt&lsparams=mh%2Cmm%2Cmn%2Cms%2Cmv%2Cmvi%2Cpcm2cms%2Cpl%2Cinitcwndbps&lsig=AG3C_xAwRQIgeW_QpW7lI0c3wldxN4AmyZ2w6I5t80lRQhxuAn9w0sECIQDVmneHX97StpPAgZIpTC-jabqSdxK5rMRqubkKbsVnNg%3D%3D&sig=AOq0QJ8wRQIhAOOmBuy87D4ZRcgsO5LJe9QKe5aPIyPTlKZkQ6YJNcHVAiBMJnlMwtqw2jZIwxDl7BWKhV0XxD4GsAdRpJ8f-b0JDg==&ratebypass=yes", "player_url": "/s/player/5dd3f3b2/player_ias.vflset/en_US/base.js", "ext": "webm", "format_note": "tiny", "acodec": "opus", "abr": 160, "asr": 48000, "filesize": 3947322, "fps": null, "height": null, "tbr": 152.785, "width": null, "vcodec": "none", "downloader_options": {"http_chunk_size": 10485760}, "format": "251 - audio only (tiny)", "protocol": "https", "http_headers": {"User-Agent": "Mozilla/5.0 (Windows NT 10.0; Win64; x64) AppleWebKit/537.36 (KHTML, like Gecko) Chrome/72.0.3602.1 Safari/537.36", "Accept-Charset": "ISO-8859-1,utf-8;q=0.7,*;q=0.7", "Accept": "text/html,application/xhtml+xml,application/xml;q=0.9,*/*;q=0.8", "Accept-Encoding": "gzip, deflate", "Accept-Language": "en-us,en;q=0.5"}}