{"id": "f2b4kpdw7_c", "uploader": "APX PIANO", "uploader_id": "UCPPGD9EVFhrbzV4r3fJPB5w", "uploader_url": "http://www.youtube.com/channel/UCPPGD9EVFhrbzV4r3fJPB5w", "channel_id": "UCPPGD9EVFhrbzV4r3fJPB5w", "channel_url": "http://www.youtube.com/channel/UCPPGD9EVFhrbzV4r3fJPB5w", "upload_date": "20201218", "license": null, "creator": null, "title": "Asta Hedegaard - After Time", "alt_title": null, "thumbnails": [{"url": "https://i.ytimg.com/vi/f2b4kpdw7_c/hqdefault.jpg?sqp=-oaymwEYCKgBEF5IVfKriqkDCwgBFQAAiEIYAXAB&rs=AOn4CLAEKfb3fuCov9fEC0yMcc55Y3Zodg", "width": 168, "height": 94, "resolution": "168x94", "id": "0"}, {"url": "https://i.ytimg.com/vi/f2b4kpdw7_c/hqdefault.jpg?sqp=-oaymwEYCMQBEG5IVfKriqkDCwgBFQAAiEIYAXAB&rs=AOn4CLA8fEMJ2pf4oecVdyKqxp8Jftc7GQ", "width": 196, "height": 110, "resolution": "196x110", "id": "1"}, {"url": "https://i.ytimg.com/vi/f2b4kpdw7_c/hqdefault.jpg?sqp=-oaymwEZCPYBEIoBSFXyq4qpAwsIARUAAIhCGAFwAQ==&rs=AOn4CLAQUOr9pF31HlWtnp7snAqPMSy2zw", "width": 246, "height": 138, "resolution": "246x138", "id": "2"}, {"url": "https://i.ytimg.com/vi/f2b4kpdw7_c/hqdefault.jpg?sqp=-oaymwEZCNACELwBSFXyq4qpAwsIARUAAIhCGAFwAQ==&rs=AOn4CLCpBEP1Gekw1PGWyofBcRR9eELq2g", "width": 336, "height": 188, "resolution": "336x188", "id": "3"}, {"url": "https://i.ytimg.com/vi_webp/f2b4kpdw7_c/maxresdefault.webp", "width": 1920, "height": 1080, "resolution": "1920x1080", "id": "4"}], "description": "Piano music for study, deep relaxation and sleep.\n\nPlay this instrumental music in the background and use it as concentration music, focus music, sleep music or music for reading.\n\nIt can help you with a good night sleep, memory retention if you are studying for a test, finishing your homework or just listening as work music.\n\nPlease feel free to leave your comments and suggestions and to share your love by liking this video and subscribing to our channel.\n\nListen on Spotify: \n\nhttps://open.spotify.com/album/5JZ8PcNOp42Qpi56mquB0x?si=lCD2U2mfRZSrLz1re5crNw", "categories": ["Music"], "tags": ["music", "piano", "sleep", "deep relaxation", "study", "concentration", "sleeping", "relax", "work music", "studying", "memory", "focus"], "subtitles": {}, "automatic_captions": {}, "duration": 122, "age_limit": 0, "annotations": null, "chapters": null, "webpage_url": "https://www.youtube.com/watch?v=f2b4kpdw7_c", "view_count": 13, "like_count": null, "dislike_count": null, "average_rating": null, "formats": [{"ext": "m4a", "format_note": "DASH audio", "acodec": "mp4a.40.5", "abr": 48, "container": "m4a_dash", "format_id": "139", "manifest_url": "https://manifest.googlevideo.com/api/manifest/dash/expire/1610368281/ei/ufD7X73FF4r5gQOlv7qwCA/ip/220.129.26.102/id/7f66f8929770eff7/source/youtube/requiressl/yes/playback_host/r2---sn-ipoxu-u2xd.googlevideo.com/mh/fd/mm/31%2C29/mn/sn-ipoxu-u2xd%2Csn-un57en7s/ms/au%2Crdu/mv/m/mvi/2/pl/21/tx/23975651/txs/23975649%2C23975650%2C23975651%2C23975652%2C23975653%2C23975654/hfr/all/as/fmp4_audio_clear%2Cwebm_audio_clear%2Cwebm2_audio_clear%2Cfmp4_sd_hd_clear%2Cwebm2_sd_hd_clear/initcwndbps/703750/vprv/1/mt/1610346510/fvip/2/keepalive/yes/itag/0/sparams/expire%2Cei%2Cip%2Cid%2Csource%2Crequiressl%2Ctx%2Ctxs%2Chfr%2Cas%2Cvprv%2Citag/sig/AOq0QJ8wRQIhAPm02RhKJn15v7sdBlqiE9IOHjr1CuSS4d-t6FEG0VfbAiBRVQZeQRr0HxBWfO5-AhxHz9487i_uUv-eANxqM11aEw%3D%3D/lsparams/playback_host%2Cmh%2Cmm%2Cmn%2Cms%2Cmv%2Cmvi%2Cpl%2Cinitcwndbps/lsig/AG3C_xAwQwIhAJYd_ecQ38_OPb98lVyNhQIB_PJKSdgYaHFpebZTHME3Ah5nxENLD8Tshzcw0ZhGlyFuFHL0bfukana7Km4axZ0%3D", "width": null, "height": null, "tbr": 49.853, "asr": 22050, "fps": null, "language": null, "filesize": null, "vcodec": "none", "url": "https://manifest.googlevideo.com/api/manifest/dash/expire/1610368281/ei/ufD7X73FF4r5gQOlv7qwCA/ip/220.129.26.102/id/7f66f8929770eff7/source/youtube/requiressl/yes/playback_host/r2---sn-ipoxu-u2xd.googlevideo.com/mh/fd/mm/31%2C29/mn/sn-ipoxu-u2xd%2Csn-un57en7s/ms/au%2Crdu/mv/m/mvi/2/pl/21/tx/23975651/txs/23975649%2C23975650%2C23975651%2C23975652%2C23975653%2C23975654/hfr/all/as/fmp4_audio_clear%2Cwebm_audio_clear%2Cwebm2_audio_clear%2Cfmp4_sd_hd_clear%2Cwebm2_sd_hd_clear/initcwndbps/703750/vprv/1/mt/1610346510/fvip/2/keepalive/yes/itag/0/sparams/expire%2Cei%2Cip%2Cid%2Csource%2Crequiressl%2Ctx%2Ctxs%2Chfr%2Cas%2Cvprv%2Citag/sig/AOq0QJ8wRQIhAPm02RhKJn15v7sdBlqiE9IOHjr1CuSS4d-t6FEG0VfbAiBRVQZeQRr0HxBWfO5-AhxHz9487i_uUv-eANxqM11aEw%3D%3D/lsparams/playback_host%2Cmh%2Cmm%2Cmn%2Cms%2Cmv%2Cmvi%2Cpl%2Cinitcwndbps/lsig/AG3C_xAwQwIhAJYd_ecQ38_OPb98lVyNhQIB_PJKSdgYaHFpebZTHME3Ah5nxENLD8Tshzcw0ZhGlyFuFHL0bfukana7Km4axZ0%3D", "fragment_base_url": "https://r2---sn-ipoxu-u2xd.googlevideo.com/videoplayback/expire/1610368281/ei/ufD7X73FF4r5gQOlv7qwCA/ip/220.129.26.102/id/7f66f8929770eff7/itag/139/source/youtube/requiressl/yes/mh/fd/mm/31,29/mn/sn-ipoxu-u2xd,sn-un57en7s/ms/au,rdu/mv/m/mvi/2/pl/21/initcwndbps/703750/vprv/1/ratebypass/yes/mime/audio%2Fmp4/otfp/1/gir/yes/clen/744315/lmt/1608298868920717/dur/121.904/mt/1610346510/fvip/2/keepalive/yes/sparams/expire,ei,ip,id,itag,source,requiressl,vprv,ratebypass,mime,otfp,gir,clen,lmt,dur/sig/AOq0QJ8wRgIhALLbAQ8-011bRZLTOLp8hsMjk2O4ng_TUJDDM_4100EpAiEA11baSWXcspeZz4S7gw5mN9ZOSiENXp4m18PHa7sY-kg%3D/lsparams/mh,mm,mn,ms,mv,mvi,pl,initcwndbps/lsig/AG3C_xAwRQIgZlOefetsUIpwOhvYNVb8ewaOr4fkFSL_tXs9swgARfwCIQD9eHbXFPS8lE_zJcTUWAEr1gyiKR5EKfF70A0hS_qYIw%3D%3D/", "fragments": [{"path": "range/0-640"}, {"path": "range/829-62223", "duration": 9.985}, {"path": "range/62224-123052", "duration": 9.984}, {"path": "range/123053-184083", "duration": 9.985}, {"path": "range/184084-244945", "duration": 9.984}, {"path": "range/244946-305747", "duration": 9.985}, {"path": "range/305748-366606", "duration": 9.984}, {"path": "range/366607-427515", "duration": 9.985}, {"path": "range/427516-488341", "duration": 9.985}, {"path": "range/488342-549280", "duration": 9.984}, {"path": "range/549281-610098", "duration": 9.985}, {"path": "range/610099-670940", "duration": 9.984}, {"path": "range/670941-731924", "duration": 9.985}, {"path": "range/731925-744314", "duration": 2.09}], "protocol": "http_dash_segments", "format": "139 - audio only (DASH audio)", "http_headers": {"User-Agent": "Mozilla/5.0 (Windows NT 10.0; Win64; x64) AppleWebKit/537.36 (KHTML, like Gecko) Chrome/71.0.3557.2 Safari/537.36", "Accept-Charset": "ISO-8859-1,utf-8;q=0.7,*;q=0.7", "Accept": "text/html,application/xhtml+xml,application/xml;q=0.9,*/*;q=0.8", "Accept-Encoding": "gzip, deflate", "Accept-Language": "en-us,en;q=0.5"}}, {"ext": "m4a", "format_note": "DASH audio", "acodec": "mp4a.40.2", "abr": 128, "container": "m4a_dash", "format_id": "140", "manifest_url": "https://manifest.googlevideo.com/api/manifest/dash/expire/1610368281/ei/ufD7X73FF4r5gQOlv7qwCA/ip/220.129.26.102/id/7f66f8929770eff7/source/youtube/requiressl/yes/playback_host/r2---sn-ipoxu-u2xd.googlevideo.com/mh/fd/mm/31%2C29/mn/sn-ipoxu-u2xd%2Csn-un57en7s/ms/au%2Crdu/mv/m/mvi/2/pl/21/tx/23975651/txs/23975649%2C23975650%2C23975651%2C23975652%2C23975653%2C23975654/hfr/all/as/fmp4_audio_clear%2Cwebm_audio_clear%2Cwebm2_audio_clear%2Cfmp4_sd_hd_clear%2Cwebm2_sd_hd_clear/initcwndbps/703750/vprv/1/mt/1610346510/fvip/2/keepalive/yes/itag/0/sparams/expire%2Cei%2Cip%2Cid%2Csource%2Crequiressl%2Ctx%2Ctxs%2Chfr%2Cas%2Cvprv%2Citag/sig/AOq0QJ8wRQIhAPm02RhKJn15v7sdBlqiE9IOHjr1CuSS4d-t6FEG0VfbAiBRVQZeQRr0HxBWfO5-AhxHz9487i_uUv-eANxqM11aEw%3D%3D/lsparams/playback_host%2Cmh%2Cmm%2Cmn%2Cms%2Cmv%2Cmvi%2Cpl%2Cinitcwndbps/lsig/AG3C_xAwQwIhAJYd_ecQ38_OPb98lVyNhQIB_PJKSdgYaHFpebZTHME3Ah5nxENLD8Tshzcw0ZhGlyFuFHL0bfukana7Km4axZ0%3D", "width": null, "height": null, "tbr": 130.442, "asr": 44100, "fps": null, "language": null, "filesize": null, "vcodec": "none", "url": "https://manifest.googlevideo.com/api/manifest/dash/expire/1610368281/ei/ufD7X73FF4r5gQOlv7qwCA/ip/220.129.26.102/id/7f66f8929770eff7/source/youtube/requiressl/yes/playback_host/r2---sn-ipoxu-u2xd.googlevideo.com/mh/fd/mm/31%2C29/mn/sn-ipoxu-u2xd%2Csn-un57en7s/ms/au%2Crdu/mv/m/mvi/2/pl/21/tx/23975651/txs/23975649%2C23975650%2C23975651%2C23975652%2C23975653%2C23975654/hfr/all/as/fmp4_audio_clear%2Cwebm_audio_clear%2Cwebm2_audio_clear%2Cfmp4_sd_hd_clear%2Cwebm2_sd_hd_clear/initcwndbps/703750/vprv/1/mt/1610346510/fvip/2/keepalive/yes/itag/0/sparams/expire%2Cei%2Cip%2Cid%2Csource%2Crequiressl%2Ctx%2Ctxs%2Chfr%2Cas%2Cvprv%2Citag/sig/AOq0QJ8wRQIhAPm02RhKJn15v7sdBlqiE9IOHjr1CuSS4d-t6FEG0VfbAiBRVQZeQRr0HxBWfO5-AhxHz9487i_uUv-eANxqM11aEw%3D%3D/lsparams/playback_host%2Cmh%2Cmm%2Cmn%2Cms%2Cmv%2Cmvi%2Cpl%2Cinitcwndbps/lsig/AG3C_xAwQwIhAJYd_ecQ38_OPb98lVyNhQIB_PJKSdgYaHFpebZTHME3Ah5nxENLD8Tshzcw0ZhGlyFuFHL0bfukana7Km4axZ0%3D", "fragment_base_url": "https://r2---sn-ipoxu-u2xd.googlevideo.com/videoplayback/expire/1610368281/ei/ufD7X73FF4r5gQOlv7qwCA/ip/220.129.26.102/id/7f66f8929770eff7/itag/140/source/youtube/requiressl/yes/mh/fd/mm/31,29/mn/sn-ipoxu-u2xd,sn-un57en7s/ms/au,rdu/mv/m/mvi/2/pl/21/initcwndbps/703750/vprv/1/ratebypass/yes/mime/audio%2Fmp4/otfp/1/gir/yes/clen/1972146/lmt/1608298868950369/dur/121.811/mt/1610346510/fvip/2/keepalive/yes/sparams/expire,ei,ip,id,itag,source,requiressl,vprv,ratebypass,mime,otfp,gir,clen,lmt,dur/sig/AOq0QJ8wRQIgYwlyzh3FdxKnq5Fy2t4fVoxzwzRWL3xU6Pdm7a1Tjc0CIQCo-EBhE0hZnQfY9x140BOyUFcnht9_4u-EeAIh74Q8Pw%3D%3D/lsparams/mh,mm,mn,ms,mv,mvi,pl,initcwndbps/lsig/AG3C_xAwRQIgWGfNyiUor9U7gynlNp3stNXEcK42NcsucMVV80XMNtICIQCeDqYdVBE1DSX7GoMtPwCfGofsx02xfDvhRTtxHp1qlA%3D%3D/", "fragments": [{"path": "range/0-631"}, {"path": "range/820-162807", "duration": 9.985}, {"path": "range/162808-324452", "duration": 9.984}, {"path": "range/324453-485932", "duration": 9.985}, {"path": "range/485933-647671", "duration": 9.984}, {"path": "range/647672-809087", "duration": 9.985}, {"path": "range/809088-970683", "duration": 9.984}, {"path": "range/970684-1132330", "duration": 9.985}, {"path": "range/1132331-1293869", "duration": 9.985}, {"path": "range/1293870-1455383", "duration": 9.984}, {"path": "range/1455384-1617033", "duration": 9.985}, {"path": "range/1617034-1778563", "duration": 9.984}, {"path": "range/1778564-1940085", "duration": 9.985}, {"path": "range/1940086-1972145", "duration": 2.09}], "protocol": "http_dash_segments", "format": "140 - audio only (DASH audio)", "http_headers": {"User-Agent": "Mozilla/5.0 (Windows NT 10.0; Win64; x64) AppleWebKit/537.36 (KHTML, like Gecko) Chrome/71.0.3557.2 Safari/537.36", "Accept-Charset": "ISO-8859-1,utf-8;q=0.7,*;q=0.7", "Accept": "text/html,application/xhtml+xml,application/xml;q=0.9,*/*;q=0.8", "Accept-Encoding": "gzip, deflate", "Accept-Language": "en-us,en;q=0.5"}}, {"ext": "webm", "format_note": "DASH audio", "acodec": "opus", "abr": 160, "format_id": "251", "manifest_url": "https://manifest.googlevideo.com/api/manifest/dash/expire/1610368281/ei/ufD7X73FF4r5gQOlv7qwCA/ip/220.129.26.102/id/7f66f8929770eff7/source/youtube/requiressl/yes/playback_host/r2---sn-ipoxu-u2xd.googlevideo.com/mh/fd/mm/31%2C29/mn/sn-ipoxu-u2xd%2Csn-un57en7s/ms/au%2Crdu/mv/m/mvi/2/pl/21/tx/23975651/txs/23975649%2C23975650%2C23975651%2C23975652%2C23975653%2C23975654/hfr/all/as/fmp4_audio_clear%2Cwebm_audio_clear%2Cwebm2_audio_clear%2Cfmp4_sd_hd_clear%2Cwebm2_sd_hd_clear/initcwndbps/703750/vprv/1/mt/1610346510/fvip/2/keepalive/yes/itag/0/sparams/expire%2Cei%2Cip%2Cid%2Csource%2Crequiressl%2Ctx%2Ctxs%2Chfr%2Cas%2Cvprv%2Citag/sig/AOq0QJ8wRQIhAPm02RhKJn15v7sdBlqiE9IOHjr1CuSS4d-t6FEG0VfbAiBRVQZeQRr0HxBWfO5-AhxHz9487i_uUv-eANxqM11aEw%3D%3D/lsparams/playback_host%2Cmh%2Cmm%2Cmn%2Cms%2Cmv%2Cmvi%2Cpl%2Cinitcwndbps/lsig/AG3C_xAwQwIhAJYd_ecQ38_OPb98lVyNhQIB_PJKSdgYaHFpebZTHME3Ah5nxENLD8Tshzcw0ZhGlyFuFHL0bfukana7Km4axZ0%3D", "width": null, "height": null, "tbr": 153.765, "asr": 48000, "fps": null, "language": null, "filesize": null, "container": "webm_dash", "vcodec": "none", "url": "https://manifest.googlevideo.com/api/manifest/dash/expire/1610368281/ei/ufD7X73FF4r5gQOlv7qwCA/ip/220.129.26.102/id/7f66f8929770eff7/source/youtube/requiressl/yes/playback_host/r2---sn-ipoxu-u2xd.googlevideo.com/mh/fd/mm/31%2C29/mn/sn-ipoxu-u2xd%2Csn-un57en7s/ms/au%2Crdu/mv/m/mvi/2/pl/21/tx/23975651/txs/23975649%2C23975650%2C23975651%2C23975652%2C23975653%2C23975654/hfr/all/as/fmp4_audio_clear%2Cwebm_audio_clear%2Cwebm2_audio_clear%2Cfmp4_sd_hd_clear%2Cwebm2_sd_hd_clear/initcwndbps/703750/vprv/1/mt/1610346510/fvip/2/keepalive/yes/itag/0/sparams/expire%2Cei%2Cip%2Cid%2Csource%2Crequiressl%2Ctx%2Ctxs%2Chfr%2Cas%2Cvprv%2Citag/sig/AOq0QJ8wRQIhAPm02RhKJn15v7sdBlqiE9IOHjr1CuSS4d-t6FEG0VfbAiBRVQZeQRr0HxBWfO5-AhxHz9487i_uUv-eANxqM11aEw%3D%3D/lsparams/playback_host%2Cmh%2Cmm%2Cmn%2Cms%2Cmv%2Cmvi%2Cpl%2Cinitcwndbps/lsig/AG3C_xAwQwIhAJYd_ecQ38_OPb98lVyNhQIB_PJKSdgYaHFpebZTHME3Ah5nxENLD8Tshzcw0ZhGlyFuFHL0bfukana7Km4axZ0%3D", "fragment_base_url": "https://r2---sn-ipoxu-u2xd.googlevideo.com/videoplayback/expire/1610368281/ei/ufD7X73FF4r5gQOlv7qwCA/ip/220.129.26.102/id/7f66f8929770eff7/itag/251/source/youtube/requiressl/yes/mh/fd/mm/31,29/mn/sn-ipoxu-u2xd,sn-un57en7s/ms/au,rdu/mv/m/mvi/2/pl/21/initcwndbps/703750/vprv/1/ratebypass/yes/mime/audio%2Fwebm/otfp/1/gir/yes/clen/2268064/lmt/1608298861622563/dur/121.781/mt/1610346510/fvip/2/keepalive/yes/sparams/expire,ei,ip,id,itag,source,requiressl,vprv,ratebypass,mime,otfp,gir,clen,lmt,dur/sig/AOq0QJ8wRAIgPjajzgcGriXTmqmElG18g5rp0DazgpwnqFp1mE4XBVUCICRfwsG1maiPt7YvexE8s7_L8EXNqQ4xlbh5fKKafs0G/lsparams/mh,mm,mn,ms,mv,mvi,pl,initcwndbps/lsig/AG3C_xAwRQIgau0Dd8XCNveZUmvbCtuN9A5qlZyWVDsJlXGtsuGzCVgCIQCn32rA93U-vPDSNzwRHKRzt0cxsDSVhItPVDTVqnmBWw%3D%3D/", "fragments": [{"path": "range/0-265"}, {"path": "range/484-188250", "duration": 10.001}, {"path": "range/188251-378415", "duration": 10.0}, {"path": "range/378416-564987", "duration": 10.0}, {"path": "range/564988-751383", "duration": 10.0}, {"path": "range/751384-937321", "duration": 10.0}, {"path": "range/937322-1119992", "duration": 10.0}, {"path": "range/1119993-1309537", "duration": 10.0}, {"path": "range/1309538-1501744", "duration": 10.0}, {"path": "range/1501745-1688850", "duration": 10.0}, {"path": "range/1688851-1874225", "duration": 10.0}, {"path": "range/1874226-2059297", "duration": 10.0}, {"path": "range/2059298-2239895", "duration": 10.0}, {"path": "range/2239896-2268063", "duration": 1.78}], "protocol": "http_dash_segments", "format": "251 - audio only (DASH audio)", "http_headers": {"User-Agent": "Mozilla/5.0 (Windows NT 10.0; Win64; x64) AppleWebKit/537.36 (KHTML, like Gecko) Chrome/71.0.3557.2 Safari/537.36", "Accept-Charset": "ISO-8859-1,utf-8;q=0.7,*;q=0.7", "Accept": "text/html,application/xhtml+xml,application/xml;q=0.9,*/*;q=0.8", "Accept-Encoding": "gzip, deflate", "Accept-Language": "en-us,en;q=0.5"}}, {"ext": "mp4", "height": 360, "format_note": "DASH video", "vcodec": "avc1.4d401e", "format_id": "134", "manifest_url": "https://manifest.googlevideo.com/api/manifest/dash/expire/1610368281/ei/ufD7X73FF4r5gQOlv7qwCA/ip/220.129.26.102/id/7f66f8929770eff7/source/youtube/requiressl/yes/playback_host/r2---sn-ipoxu-u2xd.googlevideo.com/mh/fd/mm/31%2C29/mn/sn-ipoxu-u2xd%2Csn-un57en7s/ms/au%2Crdu/mv/m/mvi/2/pl/21/tx/23975651/txs/23975649%2C23975650%2C23975651%2C23975652%2C23975653%2C23975654/hfr/all/as/fmp4_audio_clear%2Cwebm_audio_clear%2Cwebm2_audio_clear%2Cfmp4_sd_hd_clear%2Cwebm2_sd_hd_clear/initcwndbps/703750/vprv/1/mt/1610346510/fvip/2/keepalive/yes/itag/0/sparams/expire%2Cei%2Cip%2Cid%2Csource%2Crequiressl%2Ctx%2Ctxs%2Chfr%2Cas%2Cvprv%2Citag/sig/AOq0QJ8wRQIhAPm02RhKJn15v7sdBlqiE9IOHjr1CuSS4d-t6FEG0VfbAiBRVQZeQRr0HxBWfO5-AhxHz9487i_uUv-eANxqM11aEw%3D%3D/lsparams/playback_host%2Cmh%2Cmm%2Cmn%2Cms%2Cmv%2Cmvi%2Cpl%2Cinitcwndbps/lsig/AG3C_xAwQwIhAJYd_ecQ38_OPb98lVyNhQIB_PJKSdgYaHFpebZTHME3Ah5nxENLD8Tshzcw0ZhGlyFuFHL0bfukana7Km4axZ0%3D", "width": 640, "tbr": 62.486, "asr": null, "fps": 25, "language": null, "filesize": null, "container": "mp4_dash", "acodec": "none", "url": "https://manifest.googlevideo.com/api/manifest/dash/expire/1610368281/ei/ufD7X73FF4r5gQOlv7qwCA/ip/220.129.26.102/id/7f66f8929770eff7/source/youtube/requiressl/yes/playback_host/r2---sn-ipoxu-u2xd.googlevideo.com/mh/fd/mm/31%2C29/mn/sn-ipoxu-u2xd%2Csn-un57en7s/ms/au%2Crdu/mv/m/mvi/2/pl/21/tx/23975651/txs/23975649%2C23975650%2C23975651%2C23975652%2C23975653%2C23975654/hfr/all/as/fmp4_audio_clear%2Cwebm_audio_clear%2Cwebm2_audio_clear%2Cfmp4_sd_hd_clear%2Cwebm2_sd_hd_clear/initcwndbps/703750/vprv/1/mt/1610346510/fvip/2/keepalive/yes/itag/0/sparams/expire%2Cei%2Cip%2Cid%2Csource%2Crequiressl%2Ctx%2Ctxs%2Chfr%2Cas%2Cvprv%2Citag/sig/AOq0QJ8wRQIhAPm02RhKJn15v7sdBlqiE9IOHjr1CuSS4d-t6FEG0VfbAiBRVQZeQRr0HxBWfO5-AhxHz9487i_uUv-eANxqM11aEw%3D%3D/lsparams/playback_host%2Cmh%2Cmm%2Cmn%2Cms%2Cmv%2Cmvi%2Cpl%2Cinitcwndbps/lsig/AG3C_xAwQwIhAJYd_ecQ38_OPb98lVyNhQIB_PJKSdgYaHFpebZTHME3Ah5nxENLD8Tshzcw0ZhGlyFuFHL0bfukana7Km4axZ0%3D", "fragment_base_url": "https://r2---sn-ipoxu-u2xd.googlevideo.com/videoplayback/expire/1610368281/ei/ufD7X73FF4r5gQOlv7qwCA/ip/220.129.26.102/id/7f66f8929770eff7/itag/134/source/youtube/requiressl/yes/mh/fd/mm/31,29/mn/sn-ipoxu-u2xd,sn-un57en7s/ms/au,rdu/mv/m/mvi/2/pl/21/initcwndbps/703750/vprv/1/ratebypass/yes/mime/video%2Fmp4/otfp/1/gir/yes/clen/805775/lmt/1608298864074962/dur/121.760/mt/1610346510/fvip/2/keepalive/yes/sparams/expire,ei,ip,id,itag,source,requiressl,vprv,ratebypass,mime,otfp,gir,clen,lmt,dur/sig/AOq0QJ8wRgIhAIJ7UDdoIGkdl9cCpjOZcPyTq7mPV0Y3HMADUlkXqX-QAiEAgsRMtDH7_GbGvtE-vLdXDquNTx_ZobkNrASOQYCCxNw%3D/lsparams/mh,mm,mn,ms,mv,mvi,pl,initcwndbps/lsig/AG3C_xAwRQIgRv-hikr-IFgXEnxcFv1ZZy2gVMK8xED2yV4FrKG_ZTYCIQCLb1iU08T0zlxUhffx9FCeXY5on0Nk8z-08qyCGHCUKA%3D%3D/", "fragments": [{"path": "range/0-740"}, {"path": "range/1061-35983", "duration": 5.12}, {"path": "range/35984-71159", "duration": 5.12}, {"path": "range/71160-106311", "duration": 5.12}, {"path": "range/106312-141145", "duration": 5.12}, {"path": "range/141146-175988", "duration": 5.12}, {"path": "range/175989-210494", "duration": 5.12}, {"path": "range/210495-245016", "duration": 5.12}, {"path": "range/245017-279202", "duration": 5.12}, {"path": "range/279203-313135", "duration": 5.12}, {"path": "range/313136-346853", "duration": 5.12}, {"path": "range/346854-380389", "duration": 5.12}, {"path": "range/380390-413895", "duration": 5.12}, {"path": "range/413896-447064", "duration": 5.12}, {"path": "range/447065-480469", "duration": 5.12}, {"path": "range/480470-513468", "duration": 5.12}, {"path": "range/513469-546697", "duration": 5.12}, {"path": "range/546698-579655", "duration": 5.12}, {"path": "range/579656-612076", "duration": 5.12}, {"path": "range/612077-644535", "duration": 5.12}, {"path": "range/644536-677234", "duration": 5.12}, {"path": "range/677235-709811", "duration": 5.12}, {"path": "range/709812-742106", "duration": 5.12}, {"path": "range/742107-774531", "duration": 5.12}, {"path": "range/774532-805774", "duration": 4.0}], "protocol": "http_dash_segments", "format": "134 - 640x360 (DASH video)", "http_headers": {"User-Agent": "Mozilla/5.0 (Windows NT 10.0; Win64; x64) AppleWebKit/537.36 (KHTML, like Gecko) Chrome/71.0.3557.2 Safari/537.36", "Accept-Charset": "ISO-8859-1,utf-8;q=0.7,*;q=0.7", "Accept": "text/html,application/xhtml+xml,application/xml;q=0.9,*/*;q=0.8", "Accept-Encoding": "gzip, deflate", "Accept-Language": "en-us,en;q=0.5"}}, {"ext": "webm", "height": 144, "format_note": "DASH video", "container": "webm_dash", "vcodec": "vp9", "format_id": "278", "manifest_url": "https://manifest.googlevideo.com/api/manifest/dash/expire/1610368281/ei/ufD7X73FF4r5gQOlv7qwCA/ip/220.129.26.102/id/7f66f8929770eff7/source/youtube/requiressl/yes/playback_host/r2---sn-ipoxu-u2xd.googlevideo.com/mh/fd/mm/31%2C29/mn/sn-ipoxu-u2xd%2Csn-un57en7s/ms/au%2Crdu/mv/m/mvi/2/pl/21/tx/23975651/txs/23975649%2C23975650%2C23975651%2C23975652%2C23975653%2C23975654/hfr/all/as/fmp4_audio_clear%2Cwebm_audio_clear%2Cwebm2_audio_clear%2Cfmp4_sd_hd_clear%2Cwebm2_sd_hd_clear/initcwndbps/703750/vprv/1/mt/1610346510/fvip/2/keepalive/yes/itag/0/sparams/expire%2Cei%2Cip%2Cid%2Csource%2Crequiressl%2Ctx%2Ctxs%2Chfr%2Cas%2Cvprv%2Citag/sig/AOq0QJ8wRQIhAPm02RhKJn15v7sdBlqiE9IOHjr1CuSS4d-t6FEG0VfbAiBRVQZeQRr0HxBWfO5-AhxHz9487i_uUv-eANxqM11aEw%3D%3D/lsparams/playback_host%2Cmh%2Cmm%2Cmn%2Cms%2Cmv%2Cmvi%2Cpl%2Cinitcwndbps/lsig/AG3C_xAwQwIhAJYd_ecQ38_OPb98lVyNhQIB_PJKSdgYaHFpebZTHME3Ah5nxENLD8Tshzcw0ZhGlyFuFHL0bfukana7Km4axZ0%3D", "width": 256, "tbr": 95.0, "asr": null, "fps": 25, "language": null, "filesize": null, "acodec": "none", "url": "https://manifest.googlevideo.com/api/manifest/dash/expire/1610368281/ei/ufD7X73FF4r5gQOlv7qwCA/ip/220.129.26.102/id/7f66f8929770eff7/source/youtube/requiressl/yes/playback_host/r2---sn-ipoxu-u2xd.googlevideo.com/mh/fd/mm/31%2C29/mn/sn-ipoxu-u2xd%2Csn-un57en7s/ms/au%2Crdu/mv/m/mvi/2/pl/21/tx/23975651/txs/23975649%2C23975650%2C23975651%2C23975652%2C23975653%2C23975654/hfr/all/as/fmp4_audio_clear%2Cwebm_audio_clear%2Cwebm2_audio_clear%2Cfmp4_sd_hd_clear%2Cwebm2_sd_hd_clear/initcwndbps/703750/vprv/1/mt/1610346510/fvip/2/keepalive/yes/itag/0/sparams/expire%2Cei%2Cip%2Cid%2Csource%2Crequiressl%2Ctx%2Ctxs%2Chfr%2Cas%2Cvprv%2Citag/sig/AOq0QJ8wRQIhAPm02RhKJn15v7sdBlqiE9IOHjr1CuSS4d-t6FEG0VfbAiBRVQZeQRr0HxBWfO5-AhxHz9487i_uUv-eANxqM11aEw%3D%3D/lsparams/playback_host%2Cmh%2Cmm%2Cmn%2Cms%2Cmv%2Cmvi%2Cpl%2Cinitcwndbps/lsig/AG3C_xAwQwIhAJYd_ecQ38_OPb98lVyNhQIB_PJKSdgYaHFpebZTHME3Ah5nxENLD8Tshzcw0ZhGlyFuFHL0bfukana7Km4axZ0%3D", "fragment_base_url": "https://r2---sn-ipoxu-u2xd.googlevideo.com/videoplayback/expire/1610368281/ei/ufD7X73FF4r5gQOlv7qwCA/ip/220.129.26.102/id/7f66f8929770eff7/itag/278/source/yt_otf/requiressl/yes/mh/fd/mm/31,29/mn/sn-ipoxu-u2xd,sn-un57en7s/ms/au,rdu/mv/m/mvi/2/pl/21/initcwndbps/703750/vprv/1/ratebypass/yes/mime/video%2Fwebm/otfp/1/otf/1/lmt/1608298863964429/mt/1610346510/fvip/2/keepalive/yes/sparams/expire,ei,ip,id,itag,source,requiressl,vprv,ratebypass,mime,otfp,otf,lmt/sig/AOq0QJ8wRQIhAN8Wj8YvqcTcPrQzBsrs3fVPAQ_BV8pQqSSNuUvRTUW6AiBKltdMrrs5IaDx66x24qLinjeRAkPbpCssM9pn3l0BiQ%3D%3D/lsparams/mh,mm,mn,ms,mv,mvi,pl,initcwndbps/lsig/AG3C_xAwRgIhAJenTcoR0i1swBnAQsxqErkpgLsn89_xFPsO2ndmWb8XAiEAvtFoGIGGZI1BNRLAi41Z478Sf2tqKfya84iqBZAZYB8%3D/", "fragments": [{"path": "sq/0"}, {"path": "sq/1/dur/5.120", "duration": 5.12}, {"path": "sq/2/dur/5.120", "duration": 5.12}, {"path": "sq/3/dur/5.120", "duration": 5.12}, {"path": "sq/4/dur/5.120", "duration": 5.12}, {"path": "sq/5/dur/5.120", "duration": 5.12}, {"path": "sq/6/dur/5.120", "duration": 5.12}, {"path": "sq/7/dur/5.120", "duration": 5.12}, {"path": "sq/8/dur/5.120", "duration": 5.12}, {"path": "sq/9/dur/5.120", "duration": 5.12}, {"path": "sq/10/dur/5.120", "duration": 5.12}, {"path": "sq/11/dur/5.120", "duration": 5.12}, {"path": "sq/12/dur/5.120", "duration": 5.12}, {"path": "sq/13/dur/5.120", "duration": 5.12}, {"path": "sq/14/dur/5.120", "duration": 5.12}, {"path": "sq/15/dur/5.120", "duration": 5.12}, {"path": "sq/16/dur/5.120", "duration": 5.12}, {"path": "sq/17/dur/5.120", "duration": 5.12}, {"path": "sq/18/dur/5.120", "duration": 5.12}, {"path": "sq/19/dur/5.120", "duration": 5.12}, {"path": "sq/20/dur/5.120", "duration": 5.12}, {"path": "sq/21/dur/5.120", "duration": 5.12}, {"path": "sq/22/dur/5.120", "duration": 5.12}, {"path": "sq/23/dur/5.120", "duration": 5.12}, {"path": "sq/24/dur/4.000", "duration": 4.0}], "protocol": "http_dash_segments", "format": "278 - 256x144 (DASH video)", "http_headers": {"User-Agent": "Mozilla/5.0 (Windows NT 10.0; Win64; x64) AppleWebKit/537.36 (KHTML, like Gecko) Chrome/71.0.3557.2 Safari/537.36", "Accept-Charset": "ISO-8859-1,utf-8;q=0.7,*;q=0.7", "Accept": "text/html,application/xhtml+xml,application/xml;q=0.9,*/*;q=0.8", "Accept-Encoding": "gzip, deflate", "Accept-Language": "en-us,en;q=0.5"}}, {"ext": "mp4", "height": 144, "format_note": "DASH video", "vcodec": "avc1.4d400b", "format_id": "160", "manifest_url": "https://manifest.googlevideo.com/api/manifest/dash/expire/1610368281/ei/ufD7X73FF4r5gQOlv7qwCA/ip/220.129.26.102/id/7f66f8929770eff7/source/youtube/requiressl/yes/playback_host/r2---sn-ipoxu-u2xd.googlevideo.com/mh/fd/mm/31%2C29/mn/sn-ipoxu-u2xd%2Csn-un57en7s/ms/au%2Crdu/mv/m/mvi/2/pl/21/tx/23975651/txs/23975649%2C23975650%2C23975651%2C23975652%2C23975653%2C23975654/hfr/all/as/fmp4_audio_clear%2Cwebm_audio_clear%2Cwebm2_audio_clear%2Cfmp4_sd_hd_clear%2Cwebm2_sd_hd_clear/initcwndbps/703750/vprv/1/mt/1610346510/fvip/2/keepalive/yes/itag/0/sparams/expire%2Cei%2Cip%2Cid%2Csource%2Crequiressl%2Ctx%2Ctxs%2Chfr%2Cas%2Cvprv%2Citag/sig/AOq0QJ8wRQIhAPm02RhKJn15v7sdBlqiE9IOHjr1CuSS4d-t6FEG0VfbAiBRVQZeQRr0HxBWfO5-AhxHz9487i_uUv-eANxqM11aEw%3D%3D/lsparams/playback_host%2Cmh%2Cmm%2Cmn%2Cms%2Cmv%2Cmvi%2Cpl%2Cinitcwndbps/lsig/AG3C_xAwQwIhAJYd_ecQ38_OPb98lVyNhQIB_PJKSdgYaHFpebZTHME3Ah5nxENLD8Tshzcw0ZhGlyFuFHL0bfukana7Km4axZ0%3D", "width": 256, "tbr": 108.0, "asr": null, "fps": 25, "language": null, "filesize": null, "container": "mp4_dash", "acodec": "none", "url": "https://manifest.googlevideo.com/api/manifest/dash/expire/1610368281/ei/ufD7X73FF4r5gQOlv7qwCA/ip/220.129.26.102/id/7f66f8929770eff7/source/youtube/requiressl/yes/playback_host/r2---sn-ipoxu-u2xd.googlevideo.com/mh/fd/mm/31%2C29/mn/sn-ipoxu-u2xd%2Csn-un57en7s/ms/au%2Crdu/mv/m/mvi/2/pl/21/tx/23975651/txs/23975649%2C23975650%2C23975651%2C23975652%2C23975653%2C23975654/hfr/all/as/fmp4_audio_clear%2Cwebm_audio_clear%2Cwebm2_audio_clear%2Cfmp4_sd_hd_clear%2Cwebm2_sd_hd_clear/initcwndbps/703750/vprv/1/mt/1610346510/fvip/2/keepalive/yes/itag/0/sparams/expire%2Cei%2Cip%2Cid%2Csource%2Crequiressl%2Ctx%2Ctxs%2Chfr%2Cas%2Cvprv%2Citag/sig/AOq0QJ8wRQIhAPm02RhKJn15v7sdBlqiE9IOHjr1CuSS4d-t6FEG0VfbAiBRVQZeQRr0HxBWfO5-AhxHz9487i_uUv-eANxqM11aEw%3D%3D/lsparams/playback_host%2Cmh%2Cmm%2Cmn%2Cms%2Cmv%2Cmvi%2Cpl%2Cinitcwndbps/lsig/AG3C_xAwQwIhAJYd_ecQ38_OPb98lVyNhQIB_PJKSdgYaHFpebZTHME3Ah5nxENLD8Tshzcw0ZhGlyFuFHL0bfukana7Km4axZ0%3D", "fragment_base_url": "https://r2---sn-ipoxu-u2xd.googlevideo.com/videoplayback/expire/1610368281/ei/ufD7X73FF4r5gQOlv7qwCA/ip/220.129.26.102/id/7f66f8929770eff7/itag/160/source/yt_otf/requiressl/yes/mh/fd/mm/31,29/mn/sn-ipoxu-u2xd,sn-un57en7s/ms/au,rdu/mv/m/mvi/2/pl/21/initcwndbps/703750/vprv/1/ratebypass/yes/mime/video%2Fmp4/otfp/1/otf/1/lmt/1608298863964429/mt/1610346510/fvip/2/keepalive/yes/sparams/expire,ei,ip,id,itag,source,requiressl,vprv,ratebypass,mime,otfp,otf,lmt/sig/AOq0QJ8wRQIhAO7F-jV76BBSQJQGT3INynk1w8WQMrvqzh3fIh57Jn58AiAI4A1xDOsMYdDS7X41KbhdRk49kV8kiiLJBzL5UbNNFw%3D%3D/lsparams/mh,mm,mn,ms,mv,mvi,pl,initcwndbps/lsig/AG3C_xAwRQIgAllyTzZCTqpLYwQYXx_z39UuYRPwVoY4_0S10cMWsp0CIQCQQmn9G_3d35oik9AyMCajjnKgd1I6_tuc9BmAyZbRJg%3D%3D/", "fragments": [{"path": "sq/0"}, {"path": "sq/1/dur/5.120", "duration": 5.12}, {"path": "sq/2/dur/5.120", "duration": 5.12}, {"path": "sq/3/dur/5.120", "duration": 5.12}, {"path": "sq/4/dur/5.120", "duration": 5.12}, {"path": "sq/5/dur/5.120", "duration": 5.12}, {"path": "sq/6/dur/5.120", "duration": 5.12}, {"path": "sq/7/dur/5.120", "duration": 5.12}, {"path": "sq/8/dur/5.120", "duration": 5.12}, {"path": "sq/9/dur/5.120", "duration": 5.12}, {"path": "sq/10/dur/5.120", "duration": 5.12}, {"path": "sq/11/dur/5.120", "duration": 5.12}, {"path": "sq/12/dur/5.120", "duration": 5.12}, {"path": "sq/13/dur/5.120", "duration": 5.12}, {"path": "sq/14/dur/5.120", "duration": 5.12}, {"path": "sq/15/dur/5.120", "duration": 5.12}, {"path": "sq/16/dur/5.120", "duration": 5.12}, {"path": "sq/17/dur/5.120", "duration": 5.12}, {"path": "sq/18/dur/5.120", "duration": 5.12}, {"path": "sq/19/dur/5.120", "duration": 5.12}, {"path": "sq/20/dur/5.120", "duration": 5.12}, {"path": "sq/21/dur/5.120", "duration": 5.12}, {"path": "sq/22/dur/5.120", "duration": 5.12}, {"path": "sq/23/dur/5.120", "duration": 5.12}, {"path": "sq/24/dur/4.000", "duration": 4.0}], "protocol": "http_dash_segments", "format": "160 - 256x144 (DASH video)", "http_headers": {"User-Agent": "Mozilla/5.0 (Windows NT 10.0; Win64; x64) AppleWebKit/537.36 (KHTML, like Gecko) Chrome/71.0.3557.2 Safari/537.36", "Accept-Charset": "ISO-8859-1,utf-8;q=0.7,*;q=0.7", "Accept": "text/html,application/xhtml+xml,application/xml;q=0.9,*/*;q=0.8", "Accept-Encoding": "gzip, deflate", "Accept-Language": "en-us,en;q=0.5"}}, {"ext": "webm", "height": 240, "format_note": "DASH video", "vcodec": "vp9", "format_id": "242", "manifest_url": "https://manifest.googlevideo.com/api/manifest/dash/expire/1610368281/ei/ufD7X73FF4r5gQOlv7qwCA/ip/220.129.26.102/id/7f66f8929770eff7/source/youtube/requiressl/yes/playback_host/r2---sn-ipoxu-u2xd.googlevideo.com/mh/fd/mm/31%2C29/mn/sn-ipoxu-u2xd%2Csn-un57en7s/ms/au%2Crdu/mv/m/mvi/2/pl/21/tx/23975651/txs/23975649%2C23975650%2C23975651%2C23975652%2C23975653%2C23975654/hfr/all/as/fmp4_audio_clear%2Cwebm_audio_clear%2Cwebm2_audio_clear%2Cfmp4_sd_hd_clear%2Cwebm2_sd_hd_clear/initcwndbps/703750/vprv/1/mt/1610346510/fvip/2/keepalive/yes/itag/0/sparams/expire%2Cei%2Cip%2Cid%2Csource%2Crequiressl%2Ctx%2Ctxs%2Chfr%2Cas%2Cvprv%2Citag/sig/AOq0QJ8wRQIhAPm02RhKJn15v7sdBlqiE9IOHjr1CuSS4d-t6FEG0VfbAiBRVQZeQRr0HxBWfO5-AhxHz9487i_uUv-eANxqM11aEw%3D%3D/lsparams/playback_host%2Cmh%2Cmm%2Cmn%2Cms%2Cmv%2Cmvi%2Cpl%2Cinitcwndbps/lsig/AG3C_xAwQwIhAJYd_ecQ38_OPb98lVyNhQIB_PJKSdgYaHFpebZTHME3Ah5nxENLD8Tshzcw0ZhGlyFuFHL0bfukana7Km4axZ0%3D", "width": 426, "tbr": 220.5, "asr": null, "fps": 25, "language": null, "filesize": null, "container": "webm_dash", "acodec": "none", "url": "https://manifest.googlevideo.com/api/manifest/dash/expire/1610368281/ei/ufD7X73FF4r5gQOlv7qwCA/ip/220.129.26.102/id/7f66f8929770eff7/source/youtube/requiressl/yes/playback_host/r2---sn-ipoxu-u2xd.googlevideo.com/mh/fd/mm/31%2C29/mn/sn-ipoxu-u2xd%2Csn-un57en7s/ms/au%2Crdu/mv/m/mvi/2/pl/21/tx/23975651/txs/23975649%2C23975650%2C23975651%2C23975652%2C23975653%2C23975654/hfr/all/as/fmp4_audio_clear%2Cwebm_audio_clear%2Cwebm2_audio_clear%2Cfmp4_sd_hd_clear%2Cwebm2_sd_hd_clear/initcwndbps/703750/vprv/1/mt/1610346510/fvip/2/keepalive/yes/itag/0/sparams/expire%2Cei%2Cip%2Cid%2Csource%2Crequiressl%2Ctx%2Ctxs%2Chfr%2Cas%2Cvprv%2Citag/sig/AOq0QJ8wRQIhAPm02RhKJn15v7sdBlqiE9IOHjr1CuSS4d-t6FEG0VfbAiBRVQZeQRr0HxBWfO5-AhxHz9487i_uUv-eANxqM11aEw%3D%3D/lsparams/playback_host%2Cmh%2Cmm%2Cmn%2Cms%2Cmv%2Cmvi%2Cpl%2Cinitcwndbps/lsig/AG3C_xAwQwIhAJYd_ecQ38_OPb98lVyNhQIB_PJKSdgYaHFpebZTHME3Ah5nxENLD8Tshzcw0ZhGlyFuFHL0bfukana7Km4axZ0%3D", "fragment_base_url": "https://r2---sn-ipoxu-u2xd.googlevideo.com/videoplayback/expire/1610368281/ei/ufD7X73FF4r5gQOlv7qwCA/ip/220.129.26.102/id/7f66f8929770eff7/itag/242/source/yt_otf/requiressl/yes/mh/fd/mm/31,29/mn/sn-ipoxu-u2xd,sn-un57en7s/ms/au,rdu/mv/m/mvi/2/pl/21/initcwndbps/703750/vprv/1/ratebypass/yes/mime/video%2Fwebm/otfp/1/otf/1/lmt/1608298863964429/mt/1610346510/fvip/2/keepalive/yes/sparams/expire,ei,ip,id,itag,source,requiressl,vprv,ratebypass,mime,otfp,otf,lmt/sig/AOq0QJ8wRQIhAKaWDC1Wt_K7ppxUT5UodUWaQfIQCUyK90T3wz32OvgjAiBIGKTgF0QG_nAtFiryZqJoGXEwIqCIZNZkAcvlOvWC7g%3D%3D/lsparams/mh,mm,mn,ms,mv,mvi,pl,initcwndbps/lsig/AG3C_xAwRQIgAlhgpg50BnwZVSLEk1HpV6IucjZ1k0nGCFAzayfKlV0CIQDUhCMB-4UqVtWzcWADVw5CgyAwE77PokYSeAcDl40mQA%3D%3D/", "fragments": [{"path": "sq/0"}, {"path": "sq/1/dur/5.120", "duration": 5.12}, {"path": "sq/2/dur/5.120", "duration": 5.12}, {"path": "sq/3/dur/5.120", "duration": 5.12}, {"path": "sq/4/dur/5.120", "duration": 5.12}, {"path": "sq/5/dur/5.120", "duration": 5.12}, {"path": "sq/6/dur/5.120", "duration": 5.12}, {"path": "sq/7/dur/5.120", "duration": 5.12}, {"path": "sq/8/dur/5.120", "duration": 5.12}, {"path": "sq/9/dur/5.120", "duration": 5.12}, {"path": "sq/10/dur/5.120", "duration": 5.12}, {"path": "sq/11/dur/5.120", "duration": 5.12}, {"path": "sq/12/dur/5.120", "duration": 5.12}, {"path": "sq/13/dur/5.120", "duration": 5.12}, {"path": "sq/14/dur/5.120", "duration": 5.12}, {"path": "sq/15/dur/5.120", "duration": 5.12}, {"path": "sq/16/dur/5.120", "duration": 5.12}, {"path": "sq/17/dur/5.120", "duration": 5.12}, {"path": "sq/18/dur/5.120", "duration": 5.12}, {"path": "sq/19/dur/5.120", "duration": 5.12}, {"path": "sq/20/dur/5.120", "duration": 5.12}, {"path": "sq/21/dur/5.120", "duration": 5.12}, {"path": "sq/22/dur/5.120", "duration": 5.12}, {"path": "sq/23/dur/5.120", "duration": 5.12}, {"path": "sq/24/dur/4.000", "duration": 4.0}], "protocol": "http_dash_segments", "format": "242 - 426x240 (DASH video)", "http_headers": {"User-Agent": "Mozilla/5.0 (Windows NT 10.0; Win64; x64) AppleWebKit/537.36 (KHTML, like Gecko) Chrome/71.0.3557.2 Safari/537.36", "Accept-Charset": "ISO-8859-1,utf-8;q=0.7,*;q=0.7", "Accept": "text/html,application/xhtml+xml,application/xml;q=0.9,*/*;q=0.8", "Accept-Encoding": "gzip, deflate", "Accept-Language": "en-us,en;q=0.5"}}, {"ext": "mp4", "height": 240, "format_note": "DASH video", "vcodec": "avc1.4d400c", "format_id": "133", "manifest_url": "https://manifest.googlevideo.com/api/manifest/dash/expire/1610368281/ei/ufD7X73FF4r5gQOlv7qwCA/ip/220.129.26.102/id/7f66f8929770eff7/source/youtube/requiressl/yes/playback_host/r2---sn-ipoxu-u2xd.googlevideo.com/mh/fd/mm/31%2C29/mn/sn-ipoxu-u2xd%2Csn-un57en7s/ms/au%2Crdu/mv/m/mvi/2/pl/21/tx/23975651/txs/23975649%2C23975650%2C23975651%2C23975652%2C23975653%2C23975654/hfr/all/as/fmp4_audio_clear%2Cwebm_audio_clear%2Cwebm2_audio_clear%2Cfmp4_sd_hd_clear%2Cwebm2_sd_hd_clear/initcwndbps/703750/vprv/1/mt/1610346510/fvip/2/keepalive/yes/itag/0/sparams/expire%2Cei%2Cip%2Cid%2Csource%2Crequiressl%2Ctx%2Ctxs%2Chfr%2Cas%2Cvprv%2Citag/sig/AOq0QJ8wRQIhAPm02RhKJn15v7sdBlqiE9IOHjr1CuSS4d-t6FEG0VfbAiBRVQZeQRr0HxBWfO5-AhxHz9487i_uUv-eANxqM11aEw%3D%3D/lsparams/playback_host%2Cmh%2Cmm%2Cmn%2Cms%2Cmv%2Cmvi%2Cpl%2Cinitcwndbps/lsig/AG3C_xAwQwIhAJYd_ecQ38_OPb98lVyNhQIB_PJKSdgYaHFpebZTHME3Ah5nxENLD8Tshzcw0ZhGlyFuFHL0bfukana7Km4axZ0%3D", "width": 426, "tbr": 242.0, "asr": null, "fps": 25, "language": null, "filesize": null, "container": "mp4_dash", "acodec": "none", "url": "https://manifest.googlevideo.com/api/manifest/dash/expire/1610368281/ei/ufD7X73FF4r5gQOlv7qwCA/ip/220.129.26.102/id/7f66f8929770eff7/source/youtube/requiressl/yes/playback_host/r2---sn-ipoxu-u2xd.googlevideo.com/mh/fd/mm/31%2C29/mn/sn-ipoxu-u2xd%2Csn-un57en7s/ms/au%2Crdu/mv/m/mvi/2/pl/21/tx/23975651/txs/23975649%2C23975650%2C23975651%2C23975652%2C23975653%2C23975654/hfr/all/as/fmp4_audio_clear%2Cwebm_audio_clear%2Cwebm2_audio_clear%2Cfmp4_sd_hd_clear%2Cwebm2_sd_hd_clear/initcwndbps/703750/vprv/1/mt/1610346510/fvip/2/keepalive/yes/itag/0/sparams/expire%2Cei%2Cip%2Cid%2Csource%2Crequiressl%2Ctx%2Ctxs%2Chfr%2Cas%2Cvprv%2Citag/sig/AOq0QJ8wRQIhAPm02RhKJn15v7sdBlqiE9IOHjr1CuSS4d-t6FEG0VfbAiBRVQZeQRr0HxBWfO5-AhxHz9487i_uUv-eANxqM11aEw%3D%3D/lsparams/playback_host%2Cmh%2Cmm%2Cmn%2Cms%2Cmv%2Cmvi%2Cpl%2Cinitcwndbps/lsig/AG3C_xAwQwIhAJYd_ecQ38_OPb98lVyNhQIB_PJKSdgYaHFpebZTHME3Ah5nxENLD8Tshzcw0ZhGlyFuFHL0bfukana7Km4axZ0%3D", "fragment_base_url": "https://r2---sn-ipoxu-u2xd.googlevideo.com/videoplayback/expire/1610368281/ei/ufD7X73FF4r5gQOlv7qwCA/ip/220.129.26.102/id/7f66f8929770eff7/itag/133/source/yt_otf/requiressl/yes/mh/fd/mm/31,29/mn/sn-ipoxu-u2xd,sn-un57en7s/ms/au,rdu/mv/m/mvi/2/pl/21/initcwndbps/703750/vprv/1/ratebypass/yes/mime/video%2Fmp4/otfp/1/otf/1/lmt/1608298863964429/mt/1610346510/fvip/2/keepalive/yes/sparams/expire,ei,ip,id,itag,source,requiressl,vprv,ratebypass,mime,otfp,otf,lmt/sig/AOq0QJ8wRQIgDX6DXNJTxtmU1niSaFLi95TYyyBxT7h8LstorSJRxoICIQDS1JZFasHxTq8PZnYcoou62oFeoucLP0KXq1lfRYdmYw%3D%3D/lsparams/mh,mm,mn,ms,mv,mvi,pl,initcwndbps/lsig/AG3C_xAwRAIgFyFscTQHHgOYGaRBRUHvKN7QYahyhyZVZCNHU2smkbsCIEjBU_OYuiR9m0HkIB7qrFpTGZxbJ6ZP1ixBySSetuo_/", "fragments": [{"path": "sq/0"}, {"path": "sq/1/dur/5.120", "duration": 5.12}, {"path": "sq/2/dur/5.120", "duration": 5.12}, {"path": "sq/3/dur/5.120", "duration": 5.12}, {"path": "sq/4/dur/5.120", "duration": 5.12}, {"path": "sq/5/dur/5.120", "duration": 5.12}, {"path": "sq/6/dur/5.120", "duration": 5.12}, {"path": "sq/7/dur/5.120", "duration": 5.12}, {"path": "sq/8/dur/5.120", "duration": 5.12}, {"path": "sq/9/dur/5.120", "duration": 5.12}, {"path": "sq/10/dur/5.120", "duration": 5.12}, {"path": "sq/11/dur/5.120", "duration": 5.12}, {"path": "sq/12/dur/5.120", "duration": 5.12}, {"path": "sq/13/dur/5.120", "duration": 5.12}, {"path": "sq/14/dur/5.120", "duration": 5.12}, {"path": "sq/15/dur/5.120", "duration": 5.12}, {"path": "sq/16/dur/5.120", "duration": 5.12}, {"path": "sq/17/dur/5.120", "duration": 5.12}, {"path": "sq/18/dur/5.120", "duration": 5.12}, {"path": "sq/19/dur/5.120", "duration": 5.12}, {"path": "sq/20/dur/5.120", "duration": 5.12}, {"path": "sq/21/dur/5.120", "duration": 5.12}, {"path": "sq/22/dur/5.120", "duration": 5.12}, {"path": "sq/23/dur/5.120", "duration": 5.12}, {"path": "sq/24/dur/4.000", "duration": 4.0}], "protocol": "http_dash_segments", "format": "133 - 426x240 (DASH video)", "http_headers": {"User-Agent": "Mozilla/5.0 (Windows NT 10.0; Win64; x64) AppleWebKit/537.36 (KHTML, like Gecko) Chrome/71.0.3557.2 Safari/537.36", "Accept-Charset": "ISO-8859-1,utf-8;q=0.7,*;q=0.7", "Accept": "text/html,application/xhtml+xml,application/xml;q=0.9,*/*;q=0.8", "Accept-Encoding": "gzip, deflate", "Accept-Language": "en-us,en;q=0.5"}}, {"ext": "webm", "height": 360, "format_note": "DASH video", "vcodec": "vp9", "format_id": "243", "manifest_url": "https://manifest.googlevideo.com/api/manifest/dash/expire/1610368281/ei/ufD7X73FF4r5gQOlv7qwCA/ip/220.129.26.102/id/7f66f8929770eff7/source/youtube/requiressl/yes/playback_host/r2---sn-ipoxu-u2xd.googlevideo.com/mh/fd/mm/31%2C29/mn/sn-ipoxu-u2xd%2Csn-un57en7s/ms/au%2Crdu/mv/m/mvi/2/pl/21/tx/23975651/txs/23975649%2C23975650%2C23975651%2C23975652%2C23975653%2C23975654/hfr/all/as/fmp4_audio_clear%2Cwebm_audio_clear%2Cwebm2_audio_clear%2Cfmp4_sd_hd_clear%2Cwebm2_sd_hd_clear/initcwndbps/703750/vprv/1/mt/1610346510/fvip/2/keepalive/yes/itag/0/sparams/expire%2Cei%2Cip%2Cid%2Csource%2Crequiressl%2Ctx%2Ctxs%2Chfr%2Cas%2Cvprv%2Citag/sig/AOq0QJ8wRQIhAPm02RhKJn15v7sdBlqiE9IOHjr1CuSS4d-t6FEG0VfbAiBRVQZeQRr0HxBWfO5-AhxHz9487i_uUv-eANxqM11aEw%3D%3D/lsparams/playback_host%2Cmh%2Cmm%2Cmn%2Cms%2Cmv%2Cmvi%2Cpl%2Cinitcwndbps/lsig/AG3C_xAwQwIhAJYd_ecQ38_OPb98lVyNhQIB_PJKSdgYaHFpebZTHME3Ah5nxENLD8Tshzcw0ZhGlyFuFHL0bfukana7Km4axZ0%3D", "width": 640, "tbr": 405.72, "asr": null, "fps": 25, "language": null, "filesize": null, "container": "webm_dash", "acodec": "none", "url": "https://manifest.googlevideo.com/api/manifest/dash/expire/1610368281/ei/ufD7X73FF4r5gQOlv7qwCA/ip/220.129.26.102/id/7f66f8929770eff7/source/youtube/requiressl/yes/playback_host/r2---sn-ipoxu-u2xd.googlevideo.com/mh/fd/mm/31%2C29/mn/sn-ipoxu-u2xd%2Csn-un57en7s/ms/au%2Crdu/mv/m/mvi/2/pl/21/tx/23975651/txs/23975649%2C23975650%2C23975651%2C23975652%2C23975653%2C23975654/hfr/all/as/fmp4_audio_clear%2Cwebm_audio_clear%2Cwebm2_audio_clear%2Cfmp4_sd_hd_clear%2Cwebm2_sd_hd_clear/initcwndbps/703750/vprv/1/mt/1610346510/fvip/2/keepalive/yes/itag/0/sparams/expire%2Cei%2Cip%2Cid%2Csource%2Crequiressl%2Ctx%2Ctxs%2Chfr%2Cas%2Cvprv%2Citag/sig/AOq0QJ8wRQIhAPm02RhKJn15v7sdBlqiE9IOHjr1CuSS4d-t6FEG0VfbAiBRVQZeQRr0HxBWfO5-AhxHz9487i_uUv-eANxqM11aEw%3D%3D/lsparams/playback_host%2Cmh%2Cmm%2Cmn%2Cms%2Cmv%2Cmvi%2Cpl%2Cinitcwndbps/lsig/AG3C_xAwQwIhAJYd_ecQ38_OPb98lVyNhQIB_PJKSdgYaHFpebZTHME3Ah5nxENLD8Tshzcw0ZhGlyFuFHL0bfukana7Km4axZ0%3D", "fragment_base_url": "https://r2---sn-ipoxu-u2xd.googlevideo.com/videoplayback/expire/1610368281/ei/ufD7X73FF4r5gQOlv7qwCA/ip/220.129.26.102/id/7f66f8929770eff7/itag/243/source/yt_otf/requiressl/yes/mh/fd/mm/31,29/mn/sn-ipoxu-u2xd,sn-un57en7s/ms/au,rdu/mv/m/mvi/2/pl/21/initcwndbps/703750/vprv/1/ratebypass/yes/mime/video%2Fwebm/otfp/1/otf/1/lmt/1608298863964429/mt/1610346510/fvip/2/keepalive/yes/sparams/expire,ei,ip,id,itag,source,requiressl,vprv,ratebypass,mime,otfp,otf,lmt/sig/AOq0QJ8wRgIhAJ2MP8vnxQTH6mOfmz9IXazk0vFLoJb67dChwOPNIYTxAiEA2C0dlgXrPATitGw2qED5lewOJB1_8JjSBT76lBl8SYA%3D/lsparams/mh,mm,mn,ms,mv,mvi,pl,initcwndbps/lsig/AG3C_xAwRQIgZwTCbVLPfpCEt40yu8xk8bmdlfJS8T-q1lQ8-YWyWCUCIQD7xGDo3zoiexSPF6MgsjhYUWWYAquAELPX6vb1JnecQA%3D%3D/", "fragments": [{"path": "sq/0"}, {"path": "sq/1/dur/5.120", "duration": 5.12}, {"path": "sq/2/dur/5.120", "duration": 5.12}, {"path": "sq/3/dur/5.120", "duration": 5.12}, {"path": "sq/4/dur/5.120", "duration": 5.12}, {"path": "sq/5/dur/5.120", "duration": 5.12}, {"path": "sq/6/dur/5.120", "duration": 5.12}, {"path": "sq/7/dur/5.120", "duration": 5.12}, {"path": "sq/8/dur/5.120", "duration": 5.12}, {"path": "sq/9/dur/5.120", "duration": 5.12}, {"path": "sq/10/dur/5.120", "duration": 5.12}, {"path": "sq/11/dur/5.120", "duration": 5.12}, {"path": "sq/12/dur/5.120", "duration": 5.12}, {"path": "sq/13/dur/5.120", "duration": 5.12}, {"path": "sq/14/dur/5.120", "duration": 5.12}, {"path": "sq/15/dur/5.120", "duration": 5.12}, {"path": "sq/16/dur/5.120", "duration": 5.12}, {"path": "sq/17/dur/5.120", "duration": 5.12}, {"path": "sq/18/dur/5.120", "duration": 5.12}, {"path": "sq/19/dur/5.120", "duration": 5.12}, {"path": "sq/20/dur/5.120", "duration": 5.12}, {"path": "sq/21/dur/5.120", "duration": 5.12}, {"path": "sq/22/dur/5.120", "duration": 5.12}, {"path": "sq/23/dur/5.120", "duration": 5.12}, {"path": "sq/24/dur/4.000", "duration": 4.0}], "protocol": "http_dash_segments", "format": "243 - 640x360 (DASH video)", "http_headers": {"User-Agent": "Mozilla/5.0 (Windows NT 10.0; Win64; x64) AppleWebKit/537.36 (KHTML, like Gecko) Chrome/71.0.3557.2 Safari/537.36", "Accept-Charset": "ISO-8859-1,utf-8;q=0.7,*;q=0.7", "Accept": "text/html,application/xhtml+xml,application/xml;q=0.9,*/*;q=0.8", "Accept-Encoding": "gzip, deflate", "Accept-Language": "en-us,en;q=0.5"}}, {"ext": "mp4", "height": 1080, "format_note": "DASH video", "vcodec": "avc1.640028", "format_id": "137", "manifest_url": "https://manifest.googlevideo.com/api/manifest/dash/expire/1610368281/ei/ufD7X73FF4r5gQOlv7qwCA/ip/220.129.26.102/id/7f66f8929770eff7/source/youtube/requiressl/yes/playback_host/r2---sn-ipoxu-u2xd.googlevideo.com/mh/fd/mm/31%2C29/mn/sn-ipoxu-u2xd%2Csn-un57en7s/ms/au%2Crdu/mv/m/mvi/2/pl/21/tx/23975651/txs/23975649%2C23975650%2C23975651%2C23975652%2C23975653%2C23975654/hfr/all/as/fmp4_audio_clear%2Cwebm_audio_clear%2Cwebm2_audio_clear%2Cfmp4_sd_hd_clear%2Cwebm2_sd_hd_clear/initcwndbps/703750/vprv/1/mt/1610346510/fvip/2/keepalive/yes/itag/0/sparams/expire%2Cei%2Cip%2Cid%2Csource%2Crequiressl%2Ctx%2Ctxs%2Chfr%2Cas%2Cvprv%2Citag/sig/AOq0QJ8wRQIhAPm02RhKJn15v7sdBlqiE9IOHjr1CuSS4d-t6FEG0VfbAiBRVQZeQRr0HxBWfO5-AhxHz9487i_uUv-eANxqM11aEw%3D%3D/lsparams/playback_host%2Cmh%2Cmm%2Cmn%2Cms%2Cmv%2Cmvi%2Cpl%2Cinitcwndbps/lsig/AG3C_xAwQwIhAJYd_ecQ38_OPb98lVyNhQIB_PJKSdgYaHFpebZTHME3Ah5nxENLD8Tshzcw0ZhGlyFuFHL0bfukana7Km4axZ0%3D", "width": 1920, "tbr": 534.592, "asr": null, "fps": 25, "language": null, "filesize": null, "container": "mp4_dash", "acodec": "none", "url": "https://manifest.googlevideo.com/api/manifest/dash/expire/1610368281/ei/ufD7X73FF4r5gQOlv7qwCA/ip/220.129.26.102/id/7f66f8929770eff7/source/youtube/requiressl/yes/playback_host/r2---sn-ipoxu-u2xd.googlevideo.com/mh/fd/mm/31%2C29/mn/sn-ipoxu-u2xd%2Csn-un57en7s/ms/au%2Crdu/mv/m/mvi/2/pl/21/tx/23975651/txs/23975649%2C23975650%2C23975651%2C23975652%2C23975653%2C23975654/hfr/all/as/fmp4_audio_clear%2Cwebm_audio_clear%2Cwebm2_audio_clear%2Cfmp4_sd_hd_clear%2Cwebm2_sd_hd_clear/initcwndbps/703750/vprv/1/mt/1610346510/fvip/2/keepalive/yes/itag/0/sparams/expire%2Cei%2Cip%2Cid%2Csource%2Crequiressl%2Ctx%2Ctxs%2Chfr%2Cas%2Cvprv%2Citag/sig/AOq0QJ8wRQIhAPm02RhKJn15v7sdBlqiE9IOHjr1CuSS4d-t6FEG0VfbAiBRVQZeQRr0HxBWfO5-AhxHz9487i_uUv-eANxqM11aEw%3D%3D/lsparams/playback_host%2Cmh%2Cmm%2Cmn%2Cms%2Cmv%2Cmvi%2Cpl%2Cinitcwndbps/lsig/AG3C_xAwQwIhAJYd_ecQ38_OPb98lVyNhQIB_PJKSdgYaHFpebZTHME3Ah5nxENLD8Tshzcw0ZhGlyFuFHL0bfukana7Km4axZ0%3D", "fragment_base_url": "https://r2---sn-ipoxu-u2xd.googlevideo.com/videoplayback/expire/1610368281/ei/ufD7X73FF4r5gQOlv7qwCA/ip/220.129.26.102/id/7f66f8929770eff7/itag/137/source/youtube/requiressl/yes/mh/fd/mm/31,29/mn/sn-ipoxu-u2xd,sn-un57en7s/ms/au,rdu/mv/m/mvi/2/pl/21/initcwndbps/703750/vprv/1/ratebypass/yes/mime/video%2Fmp4/otfp/1/gir/yes/clen/6833014/lmt/1608298863964429/dur/121.760/mt/1610346510/fvip/2/keepalive/yes/sparams/expire,ei,ip,id,itag,source,requiressl,vprv,ratebypass,mime,otfp,gir,clen,lmt,dur/sig/AOq0QJ8wRAIgF4eyhypdkJ1EqzIc18UH6jiHxY2MciTG9JwIHwcmbE0CIFWKeMmjtLvQMWANBwULBQWiVt3hjuIGjRGrtrXlNGKp/lsparams/mh,mm,mn,ms,mv,mvi,pl,initcwndbps/lsig/AG3C_xAwRQIhANv-YIXkTrbcZGit001nOe62fBxJGeglONEw0tA8Pop7AiB8netVfOfcSy2_GeDMDKSn59Vv_1f4-IFzm5YISXKnyg%3D%3D/", "fragments": [{"path": "range/0-741"}, {"path": "range/1062-295147", "duration": 5.12}, {"path": "range/295148-593644", "duration": 5.12}, {"path": "range/593645-885293", "duration": 5.12}, {"path": "range/885294-1180087", "duration": 5.12}, {"path": "range/1180088-1471594", "duration": 5.12}, {"path": "range/1471595-1765515", "duration": 5.12}, {"path": "range/1765516-2055008", "duration": 5.12}, {"path": "range/2055009-2346294", "duration": 5.12}, {"path": "range/2346295-2632870", "duration": 5.12}, {"path": "range/2632871-2917757", "duration": 5.12}, {"path": "range/2917758-3204314", "duration": 5.12}, {"path": "range/3204315-3488729", "duration": 5.12}, {"path": "range/3488730-3772962", "duration": 5.12}, {"path": "range/3772963-4053691", "duration": 5.12}, {"path": "range/4053692-4333461", "duration": 5.12}, {"path": "range/4333462-4613596", "duration": 5.12}, {"path": "range/4613597-4898728", "duration": 5.12}, {"path": "range/4898729-5177849", "duration": 5.12}, {"path": "range/5177850-5456848", "duration": 5.12}, {"path": "range/5456849-5737650", "duration": 5.12}, {"path": "range/5737651-6014924", "duration": 5.12}, {"path": "range/6014925-6291024", "duration": 5.12}, {"path": "range/6291025-6565717", "duration": 5.12}, {"path": "range/6565718-6833013", "duration": 4.0}], "protocol": "http_dash_segments", "format": "137 - 1920x1080 (DASH video)", "http_headers": {"User-Agent": "Mozilla/5.0 (Windows NT 10.0; Win64; x64) AppleWebKit/537.36 (KHTML, like Gecko) Chrome/71.0.3557.2 Safari/537.36", "Accept-Charset": "ISO-8859-1,utf-8;q=0.7,*;q=0.7", "Accept": "text/html,application/xhtml+xml,application/xml;q=0.9,*/*;q=0.8", "Accept-Encoding": "gzip, deflate", "Accept-Language": "en-us,en;q=0.5"}}, {"ext": "webm", "height": 480, "format_note": "DASH video", "vcodec": "vp9", "format_id": "244", "manifest_url": "https://manifest.googlevideo.com/api/manifest/dash/expire/1610368281/ei/ufD7X73FF4r5gQOlv7qwCA/ip/220.129.26.102/id/7f66f8929770eff7/source/youtube/requiressl/yes/playback_host/r2---sn-ipoxu-u2xd.googlevideo.com/mh/fd/mm/31%2C29/mn/sn-ipoxu-u2xd%2Csn-un57en7s/ms/au%2Crdu/mv/m/mvi/2/pl/21/tx/23975651/txs/23975649%2C23975650%2C23975651%2C23975652%2C23975653%2C23975654/hfr/all/as/fmp4_audio_clear%2Cwebm_audio_clear%2Cwebm2_audio_clear%2Cfmp4_sd_hd_clear%2Cwebm2_sd_hd_clear/initcwndbps/703750/vprv/1/mt/1610346510/fvip/2/keepalive/yes/itag/0/sparams/expire%2Cei%2Cip%2Cid%2Csource%2Crequiressl%2Ctx%2Ctxs%2Chfr%2Cas%2Cvprv%2Citag/sig/AOq0QJ8wRQIhAPm02RhKJn15v7sdBlqiE9IOHjr1CuSS4d-t6FEG0VfbAiBRVQZeQRr0HxBWfO5-AhxHz9487i_uUv-eANxqM11aEw%3D%3D/lsparams/playback_host%2Cmh%2Cmm%2Cmn%2Cms%2Cmv%2Cmvi%2Cpl%2Cinitcwndbps/lsig/AG3C_xAwQwIhAJYd_ecQ38_OPb98lVyNhQIB_PJKSdgYaHFpebZTHME3Ah5nxENLD8Tshzcw0ZhGlyFuFHL0bfukana7Km4axZ0%3D", "width": 854, "tbr": 752.64, "asr": null, "fps": 25, "language": null, "filesize": null, "container": "webm_dash", "acodec": "none", "url": "https://manifest.googlevideo.com/api/manifest/dash/expire/1610368281/ei/ufD7X73FF4r5gQOlv7qwCA/ip/220.129.26.102/id/7f66f8929770eff7/source/youtube/requiressl/yes/playback_host/r2---sn-ipoxu-u2xd.googlevideo.com/mh/fd/mm/31%2C29/mn/sn-ipoxu-u2xd%2Csn-un57en7s/ms/au%2Crdu/mv/m/mvi/2/pl/21/tx/23975651/txs/23975649%2C23975650%2C23975651%2C23975652%2C23975653%2C23975654/hfr/all/as/fmp4_audio_clear%2Cwebm_audio_clear%2Cwebm2_audio_clear%2Cfmp4_sd_hd_clear%2Cwebm2_sd_hd_clear/initcwndbps/703750/vprv/1/mt/1610346510/fvip/2/keepalive/yes/itag/0/sparams/expire%2Cei%2Cip%2Cid%2Csource%2Crequiressl%2Ctx%2Ctxs%2Chfr%2Cas%2Cvprv%2Citag/sig/AOq0QJ8wRQIhAPm02RhKJn15v7sdBlqiE9IOHjr1CuSS4d-t6FEG0VfbAiBRVQZeQRr0HxBWfO5-AhxHz9487i_uUv-eANxqM11aEw%3D%3D/lsparams/playback_host%2Cmh%2Cmm%2Cmn%2Cms%2Cmv%2Cmvi%2Cpl%2Cinitcwndbps/lsig/AG3C_xAwQwIhAJYd_ecQ38_OPb98lVyNhQIB_PJKSdgYaHFpebZTHME3Ah5nxENLD8Tshzcw0ZhGlyFuFHL0bfukana7Km4axZ0%3D", "fragment_base_url": "https://r2---sn-ipoxu-u2xd.googlevideo.com/videoplayback/expire/1610368281/ei/ufD7X73FF4r5gQOlv7qwCA/ip/220.129.26.102/id/7f66f8929770eff7/itag/244/source/yt_otf/requiressl/yes/mh/fd/mm/31,29/mn/sn-ipoxu-u2xd,sn-un57en7s/ms/au,rdu/mv/m/mvi/2/pl/21/initcwndbps/703750/vprv/1/ratebypass/yes/mime/video%2Fwebm/otfp/1/otf/1/lmt/1608298863964429/mt/1610346510/fvip/2/keepalive/yes/sparams/expire,ei,ip,id,itag,source,requiressl,vprv,ratebypass,mime,otfp,otf,lmt/sig/AOq0QJ8wRgIhAPOE9vXskyuCGsAhcQH7nklqogjq4FaizKEjDj-fnvKHAiEA_ogwgDIOYA4E-wtX9OIIYmbCdIKjj-Ukr21wjDnzZCo%3D/lsparams/mh,mm,mn,ms,mv,mvi,pl,initcwndbps/lsig/AG3C_xAwRQIgeqt5Cu8-EfK_09oDd7RQqEu1MwfRMcxHRN9K2xDuNGcCIQDzZcz17Kmg648nC5-UwX2V_yxHdcDX9kqxAHmQopyOLQ%3D%3D/", "fragments": [{"path": "sq/0"}, {"path": "sq/1/dur/5.120", "duration": 5.12}, {"path": "sq/2/dur/5.120", "duration": 5.12}, {"path": "sq/3/dur/5.120", "duration": 5.12}, {"path": "sq/4/dur/5.120", "duration": 5.12}, {"path": "sq/5/dur/5.120", "duration": 5.12}, {"path": "sq/6/dur/5.120", "duration": 5.12}, {"path": "sq/7/dur/5.120", "duration": 5.12}, {"path": "sq/8/dur/5.120", "duration": 5.12}, {"path": "sq/9/dur/5.120", "duration": 5.12}, {"path": "sq/10/dur/5.120", "duration": 5.12}, {"path": "sq/11/dur/5.120", "duration": 5.12}, {"path": "sq/12/dur/5.120", "duration": 5.12}, {"path": "sq/13/dur/5.120", "duration": 5.12}, {"path": "sq/14/dur/5.120", "duration": 5.12}, {"path": "sq/15/dur/5.120", "duration": 5.12}, {"path": "sq/16/dur/5.120", "duration": 5.12}, {"path": "sq/17/dur/5.120", "duration": 5.12}, {"path": "sq/18/dur/5.120", "duration": 5.12}, {"path": "sq/19/dur/5.120", "duration": 5.12}, {"path": "sq/20/dur/5.120", "duration": 5.12}, {"path": "sq/21/dur/5.120", "duration": 5.12}, {"path": "sq/22/dur/5.120", "duration": 5.12}, {"path": "sq/23/dur/5.120", "duration": 5.12}, {"path": "sq/24/dur/4.000", "duration": 4.0}], "protocol": "http_dash_segments", "format": "244 - 854x480 (DASH video)", "http_headers": {"User-Agent": "Mozilla/5.0 (Windows NT 10.0; Win64; x64) AppleWebKit/537.36 (KHTML, like Gecko) Chrome/71.0.3557.2 Safari/537.36", "Accept-Charset": "ISO-8859-1,utf-8;q=0.7,*;q=0.7", "Accept": "text/html,application/xhtml+xml,application/xml;q=0.9,*/*;q=0.8", "Accept-Encoding": "gzip, deflate", "Accept-Language": "en-us,en;q=0.5"}}, {"ext": "mp4", "height": 480, "format_note": "DASH video", "vcodec": "avc1.4d4014", "format_id": "135", "manifest_url": "https://manifest.googlevideo.com/api/manifest/dash/expire/1610368281/ei/ufD7X73FF4r5gQOlv7qwCA/ip/220.129.26.102/id/7f66f8929770eff7/source/youtube/requiressl/yes/playback_host/r2---sn-ipoxu-u2xd.googlevideo.com/mh/fd/mm/31%2C29/mn/sn-ipoxu-u2xd%2Csn-un57en7s/ms/au%2Crdu/mv/m/mvi/2/pl/21/tx/23975651/txs/23975649%2C23975650%2C23975651%2C23975652%2C23975653%2C23975654/hfr/all/as/fmp4_audio_clear%2Cwebm_audio_clear%2Cwebm2_audio_clear%2Cfmp4_sd_hd_clear%2Cwebm2_sd_hd_clear/initcwndbps/703750/vprv/1/mt/1610346510/fvip/2/keepalive/yes/itag/0/sparams/expire%2Cei%2Cip%2Cid%2Csource%2Crequiressl%2Ctx%2Ctxs%2Chfr%2Cas%2Cvprv%2Citag/sig/AOq0QJ8wRQIhAPm02RhKJn15v7sdBlqiE9IOHjr1CuSS4d-t6FEG0VfbAiBRVQZeQRr0HxBWfO5-AhxHz9487i_uUv-eANxqM11aEw%3D%3D/lsparams/playback_host%2Cmh%2Cmm%2Cmn%2Cms%2Cmv%2Cmvi%2Cpl%2Cinitcwndbps/lsig/AG3C_xAwQwIhAJYd_ecQ38_OPb98lVyNhQIB_PJKSdgYaHFpebZTHME3Ah5nxENLD8Tshzcw0ZhGlyFuFHL0bfukana7Km4axZ0%3D", "width": 854, "tbr": 1155.0, "asr": null, "fps": 25, "language": null, "filesize": null, "container": "mp4_dash", "acodec": "none", "url": "https://manifest.googlevideo.com/api/manifest/dash/expire/1610368281/ei/ufD7X73FF4r5gQOlv7qwCA/ip/220.129.26.102/id/7f66f8929770eff7/source/youtube/requiressl/yes/playback_host/r2---sn-ipoxu-u2xd.googlevideo.com/mh/fd/mm/31%2C29/mn/sn-ipoxu-u2xd%2Csn-un57en7s/ms/au%2Crdu/mv/m/mvi/2/pl/21/tx/23975651/txs/23975649%2C23975650%2C23975651%2C23975652%2C23975653%2C23975654/hfr/all/as/fmp4_audio_clear%2Cwebm_audio_clear%2Cwebm2_audio_clear%2Cfmp4_sd_hd_clear%2Cwebm2_sd_hd_clear/initcwndbps/703750/vprv/1/mt/1610346510/fvip/2/keepalive/yes/itag/0/sparams/expire%2Cei%2Cip%2Cid%2Csource%2Crequiressl%2Ctx%2Ctxs%2Chfr%2Cas%2Cvprv%2Citag/sig/AOq0QJ8wRQIhAPm02RhKJn15v7sdBlqiE9IOHjr1CuSS4d-t6FEG0VfbAiBRVQZeQRr0HxBWfO5-AhxHz9487i_uUv-eANxqM11aEw%3D%3D/lsparams/playback_host%2Cmh%2Cmm%2Cmn%2Cms%2Cmv%2Cmvi%2Cpl%2Cinitcwndbps/lsig/AG3C_xAwQwIhAJYd_ecQ38_OPb98lVyNhQIB_PJKSdgYaHFpebZTHME3Ah5nxENLD8Tshzcw0ZhGlyFuFHL0bfukana7Km4axZ0%3D", "fragment_base_url": "https://r2---sn-ipoxu-u2xd.googlevideo.com/videoplayback/expire/1610368281/ei/ufD7X73FF4r5gQOlv7qwCA/ip/220.129.26.102/id/7f66f8929770eff7/itag/135/source/yt_otf/requiressl/yes/mh/fd/mm/31,29/mn/sn-ipoxu-u2xd,sn-un57en7s/ms/au,rdu/mv/m/mvi/2/pl/21/initcwndbps/703750/vprv/1/ratebypass/yes/mime/video%2Fmp4/otfp/1/otf/1/lmt/1608298863964429/mt/1610346510/fvip/2/keepalive/yes/sparams/expire,ei,ip,id,itag,source,requiressl,vprv,ratebypass,mime,otfp,otf,lmt/sig/AOq0QJ8wRQIgQdkRmu5gO8-uUmc5psW6VWhcG2z9QFq8SfUagXX7GP4CIQCGnqDZGNkT5wSLSE3E0rjCHjSYhGTdKArj3e9lqSECgA%3D%3D/lsparams/mh,mm,mn,ms,mv,mvi,pl,initcwndbps/lsig/AG3C_xAwRgIhAKahIMThqjwNtMQV9po0kJ-hbZU3mA2jUMYe8mTtSKsrAiEA5w_mV85-KBWPZ9IG7NC85kiykWtpt9VLftlCpKBMSoo%3D/", "fragments": [{"path": "sq/0"}, {"path": "sq/1/dur/5.120", "duration": 5.12}, {"path": "sq/2/dur/5.120", "duration": 5.12}, {"path": "sq/3/dur/5.120", "duration": 5.12}, {"path": "sq/4/dur/5.120", "duration": 5.12}, {"path": "sq/5/dur/5.120", "duration": 5.12}, {"path": "sq/6/dur/5.120", "duration": 5.12}, {"path": "sq/7/dur/5.120", "duration": 5.12}, {"path": "sq/8/dur/5.120", "duration": 5.12}, {"path": "sq/9/dur/5.120", "duration": 5.12}, {"path": "sq/10/dur/5.120", "duration": 5.12}, {"path": "sq/11/dur/5.120", "duration": 5.12}, {"path": "sq/12/dur/5.120", "duration": 5.12}, {"path": "sq/13/dur/5.120", "duration": 5.12}, {"path": "sq/14/dur/5.120", "duration": 5.12}, {"path": "sq/15/dur/5.120", "duration": 5.12}, {"path": "sq/16/dur/5.120", "duration": 5.12}, {"path": "sq/17/dur/5.120", "duration": 5.12}, {"path": "sq/18/dur/5.120", "duration": 5.12}, {"path": "sq/19/dur/5.120", "duration": 5.12}, {"path": "sq/20/dur/5.120", "duration": 5.12}, {"path": "sq/21/dur/5.120", "duration": 5.12}, {"path": "sq/22/dur/5.120", "duration": 5.12}, {"path": "sq/23/dur/5.120", "duration": 5.12}, {"path": "sq/24/dur/4.000", "duration": 4.0}], "protocol": "http_dash_segments", "format": "135 - 854x480 (DASH video)", "http_headers": {"User-Agent": "Mozilla/5.0 (Windows NT 10.0; Win64; x64) AppleWebKit/537.36 (KHTML, like Gecko) Chrome/71.0.3557.2 Safari/537.36", "Accept-Charset": "ISO-8859-1,utf-8;q=0.7,*;q=0.7", "Accept": "text/html,application/xhtml+xml,application/xml;q=0.9,*/*;q=0.8", "Accept-Encoding": "gzip, deflate", "Accept-Language": "en-us,en;q=0.5"}}, {"ext": "webm", "height": 720, "format_note": "DASH video", "vcodec": "vp9", "format_id": "247", "manifest_url": "https://manifest.googlevideo.com/api/manifest/dash/expire/1610368281/ei/ufD7X73FF4r5gQOlv7qwCA/ip/220.129.26.102/id/7f66f8929770eff7/source/youtube/requiressl/yes/playback_host/r2---sn-ipoxu-u2xd.googlevideo.com/mh/fd/mm/31%2C29/mn/sn-ipoxu-u2xd%2Csn-un57en7s/ms/au%2Crdu/mv/m/mvi/2/pl/21/tx/23975651/txs/23975649%2C23975650%2C23975651%2C23975652%2C23975653%2C23975654/hfr/all/as/fmp4_audio_clear%2Cwebm_audio_clear%2Cwebm2_audio_clear%2Cfmp4_sd_hd_clear%2Cwebm2_sd_hd_clear/initcwndbps/703750/vprv/1/mt/1610346510/fvip/2/keepalive/yes/itag/0/sparams/expire%2Cei%2Cip%2Cid%2Csource%2Crequiressl%2Ctx%2Ctxs%2Chfr%2Cas%2Cvprv%2Citag/sig/AOq0QJ8wRQIhAPm02RhKJn15v7sdBlqiE9IOHjr1CuSS4d-t6FEG0VfbAiBRVQZeQRr0HxBWfO5-AhxHz9487i_uUv-eANxqM11aEw%3D%3D/lsparams/playback_host%2Cmh%2Cmm%2Cmn%2Cms%2Cmv%2Cmvi%2Cpl%2Cinitcwndbps/lsig/AG3C_xAwQwIhAJYd_ecQ38_OPb98lVyNhQIB_PJKSdgYaHFpebZTHME3Ah5nxENLD8Tshzcw0ZhGlyFuFHL0bfukana7Km4axZ0%3D", "width": 1280, "tbr": 1505.28, "asr": null, "fps": 25, "language": null, "filesize": null, "container": "webm_dash", "acodec": "none", "url": "https://manifest.googlevideo.com/api/manifest/dash/expire/1610368281/ei/ufD7X73FF4r5gQOlv7qwCA/ip/220.129.26.102/id/7f66f8929770eff7/source/youtube/requiressl/yes/playback_host/r2---sn-ipoxu-u2xd.googlevideo.com/mh/fd/mm/31%2C29/mn/sn-ipoxu-u2xd%2Csn-un57en7s/ms/au%2Crdu/mv/m/mvi/2/pl/21/tx/23975651/txs/23975649%2C23975650%2C23975651%2C23975652%2C23975653%2C23975654/hfr/all/as/fmp4_audio_clear%2Cwebm_audio_clear%2Cwebm2_audio_clear%2Cfmp4_sd_hd_clear%2Cwebm2_sd_hd_clear/initcwndbps/703750/vprv/1/mt/1610346510/fvip/2/keepalive/yes/itag/0/sparams/expire%2Cei%2Cip%2Cid%2Csource%2Crequiressl%2Ctx%2Ctxs%2Chfr%2Cas%2Cvprv%2Citag/sig/AOq0QJ8wRQIhAPm02RhKJn15v7sdBlqiE9IOHjr1CuSS4d-t6FEG0VfbAiBRVQZeQRr0HxBWfO5-AhxHz9487i_uUv-eANxqM11aEw%3D%3D/lsparams/playback_host%2Cmh%2Cmm%2Cmn%2Cms%2Cmv%2Cmvi%2Cpl%2Cinitcwndbps/lsig/AG3C_xAwQwIhAJYd_ecQ38_OPb98lVyNhQIB_PJKSdgYaHFpebZTHME3Ah5nxENLD8Tshzcw0ZhGlyFuFHL0bfukana7Km4axZ0%3D", "fragment_base_url": "https://r2---sn-ipoxu-u2xd.googlevideo.com/videoplayback/expire/1610368281/ei/ufD7X73FF4r5gQOlv7qwCA/ip/220.129.26.102/id/7f66f8929770eff7/itag/247/source/yt_otf/requiressl/yes/mh/fd/mm/31,29/mn/sn-ipoxu-u2xd,sn-un57en7s/ms/au,rdu/mv/m/mvi/2/pl/21/initcwndbps/703750/vprv/1/ratebypass/yes/mime/video%2Fwebm/otfp/1/otf/1/lmt/1608298863964429/mt/1610346510/fvip/2/keepalive/yes/sparams/expire,ei,ip,id,itag,source,requiressl,vprv,ratebypass,mime,otfp,otf,lmt/sig/AOq0QJ8wRQIhAPd_nOleGQnHz4PmFKQqHdzZzZF4YBpXShBeFgc0OhhmAiBsyBNQn8a-QUB-gqf1M_U_gRCaVGcI_8WjPEzwM_zxAg%3D%3D/lsparams/mh,mm,mn,ms,mv,mvi,pl,initcwndbps/lsig/AG3C_xAwRgIhANSpDqEIpPekx2LaMnju-ckrSNTCb1T8LqKOLGYZ7Mx8AiEA-Pli463wUlsqQk4nv4H6Fb32y4yL2FfqmZAfDbKz_tA%3D/", "fragments": [{"path": "sq/0"}, {"path": "sq/1/dur/5.120", "duration": 5.12}, {"path": "sq/2/dur/5.120", "duration": 5.12}, {"path": "sq/3/dur/5.120", "duration": 5.12}, {"path": "sq/4/dur/5.120", "duration": 5.12}, {"path": "sq/5/dur/5.120", "duration": 5.12}, {"path": "sq/6/dur/5.120", "duration": 5.12}, {"path": "sq/7/dur/5.120", "duration": 5.12}, {"path": "sq/8/dur/5.120", "duration": 5.12}, {"path": "sq/9/dur/5.120", "duration": 5.12}, {"path": "sq/10/dur/5.120", "duration": 5.12}, {"path": "sq/11/dur/5.120", "duration": 5.12}, {"path": "sq/12/dur/5.120", "duration": 5.12}, {"path": "sq/13/dur/5.120", "duration": 5.12}, {"path": "sq/14/dur/5.120", "duration": 5.12}, {"path": "sq/15/dur/5.120", "duration": 5.12}, {"path": "sq/16/dur/5.120", "duration": 5.12}, {"path": "sq/17/dur/5.120", "duration": 5.12}, {"path": "sq/18/dur/5.120", "duration": 5.12}, {"path": "sq/19/dur/5.120", "duration": 5.12}, {"path": "sq/20/dur/5.120", "duration": 5.12}, {"path": "sq/21/dur/5.120", "duration": 5.12}, {"path": "sq/22/dur/5.120", "duration": 5.12}, {"path": "sq/23/dur/5.120", "duration": 5.12}, {"path": "sq/24/dur/4.000", "duration": 4.0}], "protocol": "http_dash_segments", "format": "247 - 1280x720 (DASH video)", "http_headers": {"User-Agent": "Mozilla/5.0 (Windows NT 10.0; Win64; x64) AppleWebKit/537.36 (KHTML, like Gecko) Chrome/71.0.3557.2 Safari/537.36", "Accept-Charset": "ISO-8859-1,utf-8;q=0.7,*;q=0.7", "Accept": "text/html,application/xhtml+xml,application/xml;q=0.9,*/*;q=0.8", "Accept-Encoding": "gzip, deflate", "Accept-Language": "en-us,en;q=0.5"}}, {"ext": "mp4", "height": 720, "format_note": "DASH video", "vcodec": "avc1.4d400b", "format_id": "136", "manifest_url": "https://manifest.googlevideo.com/api/manifest/dash/expire/1610368281/ei/ufD7X73FF4r5gQOlv7qwCA/ip/220.129.26.102/id/7f66f8929770eff7/source/youtube/requiressl/yes/playback_host/r2---sn-ipoxu-u2xd.googlevideo.com/mh/fd/mm/31%2C29/mn/sn-ipoxu-u2xd%2Csn-un57en7s/ms/au%2Crdu/mv/m/mvi/2/pl/21/tx/23975651/txs/23975649%2C23975650%2C23975651%2C23975652%2C23975653%2C23975654/hfr/all/as/fmp4_audio_clear%2Cwebm_audio_clear%2Cwebm2_audio_clear%2Cfmp4_sd_hd_clear%2Cwebm2_sd_hd_clear/initcwndbps/703750/vprv/1/mt/1610346510/fvip/2/keepalive/yes/itag/0/sparams/expire%2Cei%2Cip%2Cid%2Csource%2Crequiressl%2Ctx%2Ctxs%2Chfr%2Cas%2Cvprv%2Citag/sig/AOq0QJ8wRQIhAPm02RhKJn15v7sdBlqiE9IOHjr1CuSS4d-t6FEG0VfbAiBRVQZeQRr0HxBWfO5-AhxHz9487i_uUv-eANxqM11aEw%3D%3D/lsparams/playback_host%2Cmh%2Cmm%2Cmn%2Cms%2Cmv%2Cmvi%2Cpl%2Cinitcwndbps/lsig/AG3C_xAwQwIhAJYd_ecQ38_OPb98lVyNhQIB_PJKSdgYaHFpebZTHME3Ah5nxENLD8Tshzcw0ZhGlyFuFHL0bfukana7Km4axZ0%3D", "width": 1280, "tbr": 2310.0, "asr": null, "fps": 25, "language": null, "filesize": null, "container": "mp4_dash", "acodec": "none", "url": "https://manifest.googlevideo.com/api/manifest/dash/expire/1610368281/ei/ufD7X73FF4r5gQOlv7qwCA/ip/220.129.26.102/id/7f66f8929770eff7/source/youtube/requiressl/yes/playback_host/r2---sn-ipoxu-u2xd.googlevideo.com/mh/fd/mm/31%2C29/mn/sn-ipoxu-u2xd%2Csn-un57en7s/ms/au%2Crdu/mv/m/mvi/2/pl/21/tx/23975651/txs/23975649%2C23975650%2C23975651%2C23975652%2C23975653%2C23975654/hfr/all/as/fmp4_audio_clear%2Cwebm_audio_clear%2Cwebm2_audio_clear%2Cfmp4_sd_hd_clear%2Cwebm2_sd_hd_clear/initcwndbps/703750/vprv/1/mt/1610346510/fvip/2/keepalive/yes/itag/0/sparams/expire%2Cei%2Cip%2Cid%2Csource%2Crequiressl%2Ctx%2Ctxs%2Chfr%2Cas%2Cvprv%2Citag/sig/AOq0QJ8wRQIhAPm02RhKJn15v7sdBlqiE9IOHjr1CuSS4d-t6FEG0VfbAiBRVQZeQRr0HxBWfO5-AhxHz9487i_uUv-eANxqM11aEw%3D%3D/lsparams/playback_host%2Cmh%2Cmm%2Cmn%2Cms%2Cmv%2Cmvi%2Cpl%2Cinitcwndbps/lsig/AG3C_xAwQwIhAJYd_ecQ38_OPb98lVyNhQIB_PJKSdgYaHFpebZTHME3Ah5nxENLD8Tshzcw0ZhGlyFuFHL0bfukana7Km4axZ0%3D", "fragment_base_url": "https://r2---sn-ipoxu-u2xd.googlevideo.com/videoplayback/expire/1610368281/ei/ufD7X73FF4r5gQOlv7qwCA/ip/220.129.26.102/id/7f66f8929770eff7/itag/136/source/yt_otf/requiressl/yes/mh/fd/mm/31,29/mn/sn-ipoxu-u2xd,sn-un57en7s/ms/au,rdu/mv/m/mvi/2/pl/21/initcwndbps/703750/vprv/1/ratebypass/yes/mime/video%2Fmp4/otfp/1/otf/1/lmt/1608298863964429/mt/1610346510/fvip/2/keepalive/yes/sparams/expire,ei,ip,id,itag,source,requiressl,vprv,ratebypass,mime,otfp,otf,lmt/sig/AOq0QJ8wRQIhAImWU3_0uRuKJKgsa5meuoJGHACVayVWXKaagvJQ-1fcAiBTgJFSMJ2e71r2aiPiQwkDVmGn2r_usJF2aXN9qujxgw%3D%3D/lsparams/mh,mm,mn,ms,mv,mvi,pl,initcwndbps/lsig/AG3C_xAwRgIhAJFPaSMxQwp5MO8Khotl4rJEFoLlZXV5tX_BeRoxIjbQAiEAvJQ4TaZQ7DMuwOI8g3khaX7E9eHjRY90ViumgcaAgxM%3D/", "fragments": [{"path": "sq/0"}, {"path": "sq/1/dur/5.120", "duration": 5.12}, {"path": "sq/2/dur/5.120", "duration": 5.12}, {"path": "sq/3/dur/5.120", "duration": 5.12}, {"path": "sq/4/dur/5.120", "duration": 5.12}, {"path": "sq/5/dur/5.120", "duration": 5.12}, {"path": "sq/6/dur/5.120", "duration": 5.12}, {"path": "sq/7/dur/5.120", "duration": 5.12}, {"path": "sq/8/dur/5.120", "duration": 5.12}, {"path": "sq/9/dur/5.120", "duration": 5.12}, {"path": "sq/10/dur/5.120", "duration": 5.12}, {"path": "sq/11/dur/5.120", "duration": 5.12}, {"path": "sq/12/dur/5.120", "duration": 5.12}, {"path": "sq/13/dur/5.120", "duration": 5.12}, {"path": "sq/14/dur/5.120", "duration": 5.12}, {"path": "sq/15/dur/5.120", "duration": 5.12}, {"path": "sq/16/dur/5.120", "duration": 5.12}, {"path": "sq/17/dur/5.120", "duration": 5.12}, {"path": "sq/18/dur/5.120", "duration": 5.12}, {"path": "sq/19/dur/5.120", "duration": 5.12}, {"path": "sq/20/dur/5.120", "duration": 5.12}, {"path": "sq/21/dur/5.120", "duration": 5.12}, {"path": "sq/22/dur/5.120", "duration": 5.12}, {"path": "sq/23/dur/5.120", "duration": 5.12}, {"path": "sq/24/dur/4.000", "duration": 4.0}], "protocol": "http_dash_segments", "format": "136 - 1280x720 (DASH video)", "http_headers": {"User-Agent": "Mozilla/5.0 (Windows NT 10.0; Win64; x64) AppleWebKit/537.36 (KHTML, like Gecko) Chrome/71.0.3557.2 Safari/537.36", "Accept-Charset": "ISO-8859-1,utf-8;q=0.7,*;q=0.7", "Accept": "text/html,application/xhtml+xml,application/xml;q=0.9,*/*;q=0.8", "Accept-Encoding": "gzip, deflate", "Accept-Language": "en-us,en;q=0.5"}}, {"ext": "webm", "height": 1080, "format_note": "DASH video", "vcodec": "vp9", "format_id": "248", "manifest_url": "https://manifest.googlevideo.com/api/manifest/dash/expire/1610368281/ei/ufD7X73FF4r5gQOlv7qwCA/ip/220.129.26.102/id/7f66f8929770eff7/source/youtube/requiressl/yes/playback_host/r2---sn-ipoxu-u2xd.googlevideo.com/mh/fd/mm/31%2C29/mn/sn-ipoxu-u2xd%2Csn-un57en7s/ms/au%2Crdu/mv/m/mvi/2/pl/21/tx/23975651/txs/23975649%2C23975650%2C23975651%2C23975652%2C23975653%2C23975654/hfr/all/as/fmp4_audio_clear%2Cwebm_audio_clear%2Cwebm2_audio_clear%2Cfmp4_sd_hd_clear%2Cwebm2_sd_hd_clear/initcwndbps/703750/vprv/1/mt/1610346510/fvip/2/keepalive/yes/itag/0/sparams/expire%2Cei%2Cip%2Cid%2Csource%2Crequiressl%2Ctx%2Ctxs%2Chfr%2Cas%2Cvprv%2Citag/sig/AOq0QJ8wRQIhAPm02RhKJn15v7sdBlqiE9IOHjr1CuSS4d-t6FEG0VfbAiBRVQZeQRr0HxBWfO5-AhxHz9487i_uUv-eANxqM11aEw%3D%3D/lsparams/playback_host%2Cmh%2Cmm%2Cmn%2Cms%2Cmv%2Cmvi%2Cpl%2Cinitcwndbps/lsig/AG3C_xAwQwIhAJYd_ecQ38_OPb98lVyNhQIB_PJKSdgYaHFpebZTHME3Ah5nxENLD8Tshzcw0ZhGlyFuFHL0bfukana7Km4axZ0%3D", "width": 1920, "tbr": 2646.0, "asr": null, "fps": 25, "language": null, "filesize": null, "container": "webm_dash", "acodec": "none", "url": "https://manifest.googlevideo.com/api/manifest/dash/expire/1610368281/ei/ufD7X73FF4r5gQOlv7qwCA/ip/220.129.26.102/id/7f66f8929770eff7/source/youtube/requiressl/yes/playback_host/r2---sn-ipoxu-u2xd.googlevideo.com/mh/fd/mm/31%2C29/mn/sn-ipoxu-u2xd%2Csn-un57en7s/ms/au%2Crdu/mv/m/mvi/2/pl/21/tx/23975651/txs/23975649%2C23975650%2C23975651%2C23975652%2C23975653%2C23975654/hfr/all/as/fmp4_audio_clear%2Cwebm_audio_clear%2Cwebm2_audio_clear%2Cfmp4_sd_hd_clear%2Cwebm2_sd_hd_clear/initcwndbps/703750/vprv/1/mt/1610346510/fvip/2/keepalive/yes/itag/0/sparams/expire%2Cei%2Cip%2Cid%2Csource%2Crequiressl%2Ctx%2Ctxs%2Chfr%2Cas%2Cvprv%2Citag/sig/AOq0QJ8wRQIhAPm02RhKJn15v7sdBlqiE9IOHjr1CuSS4d-t6FEG0VfbAiBRVQZeQRr0HxBWfO5-AhxHz9487i_uUv-eANxqM11aEw%3D%3D/lsparams/playback_host%2Cmh%2Cmm%2Cmn%2Cms%2Cmv%2Cmvi%2Cpl%2Cinitcwndbps/lsig/AG3C_xAwQwIhAJYd_ecQ38_OPb98lVyNhQIB_PJKSdgYaHFpebZTHME3Ah5nxENLD8Tshzcw0ZhGlyFuFHL0bfukana7Km4axZ0%3D", "fragment_base_url": "https://r2---sn-ipoxu-u2xd.googlevideo.com/videoplayback/expire/1610368281/ei/ufD7X73FF4r5gQOlv7qwCA/ip/220.129.26.102/id/7f66f8929770eff7/itag/248/source/yt_otf/requiressl/yes/mh/fd/mm/31,29/mn/sn-ipoxu-u2xd,sn-un57en7s/ms/au,rdu/mv/m/mvi/2/pl/21/initcwndbps/703750/vprv/1/ratebypass/yes/mime/video%2Fwebm/otfp/1/otf/1/lmt/1608298863964429/mt/1610346510/fvip/2/keepalive/yes/sparams/expire,ei,ip,id,itag,source,requiressl,vprv,ratebypass,mime,otfp,otf,lmt/sig/AOq0QJ8wRAIgIJzdk8ogC_Y80nOE0wuY9puPjTSv8Zn4_8gzzpCcSFQCIBTVMNdQQE-F4aAw6SK9qcBxBkJSv36EE6v7laILG_wm/lsparams/mh,mm,mn,ms,mv,mvi,pl,initcwndbps/lsig/AG3C_xAwRgIhANCCvwpqlAgJ9UxQ0E5s-NfXwThypEX3vA38uwp0Nq7PAiEA6XLcevw_LWnHJ1YZr6UqEmgmYmk0jyp0gazgZ96ajBc%3D/", "fragments": [{"path": "sq/0"}, {"path": "sq/1/dur/5.120", "duration": 5.12}, {"path": "sq/2/dur/5.120", "duration": 5.12}, {"path": "sq/3/dur/5.120", "duration": 5.12}, {"path": "sq/4/dur/5.120", "duration": 5.12}, {"path": "sq/5/dur/5.120", "duration": 5.12}, {"path": "sq/6/dur/5.120", "duration": 5.12}, {"path": "sq/7/dur/5.120", "duration": 5.12}, {"path": "sq/8/dur/5.120", "duration": 5.12}, {"path": "sq/9/dur/5.120", "duration": 5.12}, {"path": "sq/10/dur/5.120", "duration": 5.12}, {"path": "sq/11/dur/5.120", "duration": 5.12}, {"path": "sq/12/dur/5.120", "duration": 5.12}, {"path": "sq/13/dur/5.120", "duration": 5.12}, {"path": "sq/14/dur/5.120", "duration": 5.12}, {"path": "sq/15/dur/5.120", "duration": 5.12}, {"path": "sq/16/dur/5.120", "duration": 5.12}, {"path": "sq/17/dur/5.120", "duration": 5.12}, {"path": "sq/18/dur/5.120", "duration": 5.12}, {"path": "sq/19/dur/5.120", "duration": 5.12}, {"path": "sq/20/dur/5.120", "duration": 5.12}, {"path": "sq/21/dur/5.120", "duration": 5.12}, {"path": "sq/22/dur/5.120", "duration": 5.12}, {"path": "sq/23/dur/5.120", "duration": 5.12}, {"path": "sq/24/dur/4.000", "duration": 4.0}], "protocol": "http_dash_segments", "format": "248 - 1920x1080 (DASH video)", "http_headers": {"User-Agent": "Mozilla/5.0 (Windows NT 10.0; Win64; x64) AppleWebKit/537.36 (KHTML, like Gecko) Chrome/71.0.3557.2 Safari/537.36", "Accept-Charset": "ISO-8859-1,utf-8;q=0.7,*;q=0.7", "Accept": "text/html,application/xhtml+xml,application/xml;q=0.9,*/*;q=0.8", "Accept-Encoding": "gzip, deflate", "Accept-Language": "en-us,en;q=0.5"}}, {"format_id": "18", "url": "https://r2---sn-ipoxu-u2xd.googlevideo.com/videoplayback?expire=1610368281&ei=ufD7X73FF4r5gQOlv7qwCA&ip=220.129.26.102&id=o-AEwS70A6TahonsHtny26DtE9X80BKtTw34O5-Ti-AAh6&itag=18&source=youtube&requiressl=yes&mh=fd&mm=31%2C29&mn=sn-ipoxu-u2xd%2Csn-un57en7s&ms=au%2Crdu&mv=m&mvi=2&pl=21&initcwndbps=703750&vprv=1&mime=video%2Fmp4&ns=5V__V88cowwv-_ppiuzNOcQF&gir=yes&clen=1989711&ratebypass=yes&dur=121.811&lmt=1608298856046846&mt=1610346510&fvip=2&c=WEB&txp=6210222&n=YCkiHQG7TuAi2k&sparams=expire%2Cei%2Cip%2Cid%2Citag%2Csource%2Crequiressl%2Cvprv%2Cmime%2Cns%2Cgir%2Cclen%2Cratebypass%2Cdur%2Clmt&sig=AOq0QJ8wRgIhAMqeAw3RkX8QnaMY7ruLs9FeNCjz6zdf_UWxA7Wum4saAiEAxfo0fdHj0PWM7RpuCInNbVSq-m5iC1LwBNfboQJfkb0%3D&lsparams=mh%2Cmm%2Cmn%2Cms%2Cmv%2Cmvi%2Cpl%2Cinitcwndbps&lsig=AG3C_xAwRQIhANmT8TSqLykhOxrXOhl4vP12y1yAa8QPj-pNeBKGFqqmAiBI3OCaI2m1DHAaWtI0rSvZV4NDQhe4xRckMjS-2eYZRQ%3D%3D", "player_url": null, "ext": "mp4", "width": 640, "height": 360, "acodec": "mp4a.40.2", "abr": 96, "vcodec": "avc1.42001E", "asr": 44100, "filesize": 1989711, "format_note": "360p", "fps": 25, "tbr": 130.73, "format": "18 - 640x360 (360p)", "protocol": "https", "http_headers": {"User-Agent": "Mozilla/5.0 (Windows NT 10.0; Win64; x64) AppleWebKit/537.36 (KHTML, like Gecko) Chrome/71.0.3557.2 Safari/537.36", "Accept-Charset": "ISO-8859-1,utf-8;q=0.7,*;q=0.7", "Accept": "text/html,application/xhtml+xml,application/xml;q=0.9,*/*;q=0.8", "Accept-Encoding": "gzip, deflate", "Accept-Language": "en-us,en;q=0.5"}}], "is_live": null, "start_time": null, "end_time": null, "series": null, "season_number": null, "episode_number": null, "track": null, "artist": null, "album": null, "release_date": null, "release_year": null, "extractor": "youtube", "webpage_url_basename": "watch", "extractor_key": "Youtube", "playlist": null, "playlist_index": null, "thumbnail": "https://i.ytimg.com/vi_webp/f2b4kpdw7_c/maxresdefault.webp", "display_id": "f2b4kpdw7_c", "requested_subtitles": null, "ext": "webm", "format_note": "DASH audio", "acodec": "opus", "abr": 160, "format_id": "251", "manifest_url": "https://manifest.googlevideo.com/api/manifest/dash/expire/1610368281/ei/ufD7X73FF4r5gQOlv7qwCA/ip/220.129.26.102/id/7f66f8929770eff7/source/youtube/requiressl/yes/playback_host/r2---sn-ipoxu-u2xd.googlevideo.com/mh/fd/mm/31%2C29/mn/sn-ipoxu-u2xd%2Csn-un57en7s/ms/au%2Crdu/mv/m/mvi/2/pl/21/tx/23975651/txs/23975649%2C23975650%2C23975651%2C23975652%2C23975653%2C23975654/hfr/all/as/fmp4_audio_clear%2Cwebm_audio_clear%2Cwebm2_audio_clear%2Cfmp4_sd_hd_clear%2Cwebm2_sd_hd_clear/initcwndbps/703750/vprv/1/mt/1610346510/fvip/2/keepalive/yes/itag/0/sparams/expire%2Cei%2Cip%2Cid%2Csource%2Crequiressl%2Ctx%2Ctxs%2Chfr%2Cas%2Cvprv%2Citag/sig/AOq0QJ8wRQIhAPm02RhKJn15v7sdBlqiE9IOHjr1CuSS4d-t6FEG0VfbAiBRVQZeQRr0HxBWfO5-AhxHz9487i_uUv-eANxqM11aEw%3D%3D/lsparams/playback_host%2Cmh%2Cmm%2Cmn%2Cms%2Cmv%2Cmvi%2Cpl%2Cinitcwndbps/lsig/AG3C_xAwQwIhAJYd_ecQ38_OPb98lVyNhQIB_PJKSdgYaHFpebZTHME3Ah5nxENLD8Tshzcw0ZhGlyFuFHL0bfukana7Km4axZ0%3D", "width": null, "height": null, "tbr": 153.765, "asr": 48000, "fps": null, "language": null, "filesize": null, "container": "webm_dash", "vcodec": "none", "url": "https://manifest.googlevideo.com/api/manifest/dash/expire/1610368281/ei/ufD7X73FF4r5gQOlv7qwCA/ip/220.129.26.102/id/7f66f8929770eff7/source/youtube/requiressl/yes/playback_host/r2---sn-ipoxu-u2xd.googlevideo.com/mh/fd/mm/31%2C29/mn/sn-ipoxu-u2xd%2Csn-un57en7s/ms/au%2Crdu/mv/m/mvi/2/pl/21/tx/23975651/txs/23975649%2C23975650%2C23975651%2C23975652%2C23975653%2C23975654/hfr/all/as/fmp4_audio_clear%2Cwebm_audio_clear%2Cwebm2_audio_clear%2Cfmp4_sd_hd_clear%2Cwebm2_sd_hd_clear/initcwndbps/703750/vprv/1/mt/1610346510/fvip/2/keepalive/yes/itag/0/sparams/expire%2Cei%2Cip%2Cid%2Csource%2Crequiressl%2Ctx%2Ctxs%2Chfr%2Cas%2Cvprv%2Citag/sig/AOq0QJ8wRQIhAPm02RhKJn15v7sdBlqiE9IOHjr1CuSS4d-t6FEG0VfbAiBRVQZeQRr0HxBWfO5-AhxHz9487i_uUv-eANxqM11aEw%3D%3D/lsparams/playback_host%2Cmh%2Cmm%2Cmn%2Cms%2Cmv%2Cmvi%2Cpl%2Cinitcwndbps/lsig/AG3C_xAwQwIhAJYd_ecQ38_OPb98lVyNhQIB_PJKSdgYaHFpebZTHME3Ah5nxENLD8Tshzcw0ZhGlyFuFHL0bfukana7Km4axZ0%3D", "fragment_base_url": "https://r2---sn-ipoxu-u2xd.googlevideo.com/videoplayback/expire/1610368281/ei/ufD7X73FF4r5gQOlv7qwCA/ip/220.129.26.102/id/7f66f8929770eff7/itag/251/source/youtube/requiressl/yes/mh/fd/mm/31,29/mn/sn-ipoxu-u2xd,sn-un57en7s/ms/au,rdu/mv/m/mvi/2/pl/21/initcwndbps/703750/vprv/1/ratebypass/yes/mime/audio%2Fwebm/otfp/1/gir/yes/clen/2268064/lmt/1608298861622563/dur/121.781/mt/1610346510/fvip/2/keepalive/yes/sparams/expire,ei,ip,id,itag,source,requiressl,vprv,ratebypass,mime,otfp,gir,clen,lmt,dur/sig/AOq0QJ8wRAIgPjajzgcGriXTmqmElG18g5rp0DazgpwnqFp1mE4XBVUCICRfwsG1maiPt7YvexE8s7_L8EXNqQ4xlbh5fKKafs0G/lsparams/mh,mm,mn,ms,mv,mvi,pl,initcwndbps/lsig/AG3C_xAwRQIgau0Dd8XCNveZUmvbCtuN9A5qlZyWVDsJlXGtsuGzCVgCIQCn32rA93U-vPDSNzwRHKRzt0cxsDSVhItPVDTVqnmBWw%3D%3D/", "fragments": [{"path": "range/0-265"}, {"path": "range/484-188250", "duration": 10.001}, {"path": "range/188251-378415", "duration": 10.0}, {"path": "range/378416-564987", "duration": 10.0}, {"path": "range/564988-751383", "duration": 10.0}, {"path": "range/751384-937321", "duration": 10.0}, {"path": "range/937322-1119992", "duration": 10.0}, {"path": "range/1119993-1309537", "duration": 10.0}, {"path": "range/1309538-1501744", "duration": 10.0}, {"path": "range/1501745-1688850", "duration": 10.0}, {"path": "range/1688851-1874225", "duration": 10.0}, {"path": "range/1874226-2059297", "duration": 10.0}, {"path": "range/2059298-2239895", "duration": 10.0}, {"path": "range/2239896-2268063", "duration": 1.78}], "protocol": "http_dash_segments", "format": "251 - audio only (DASH audio)", "http_headers": {"User-Agent": "Mozilla/5.0 (Windows NT 10.0; Win64; x64) AppleWebKit/537.36 (KHTML, like Gecko) Chrome/71.0.3557.2 Safari/537.36", "Accept-Charset": "ISO-8859-1,utf-8;q=0.7,*;q=0.7", "Accept": "text/html,application/xhtml+xml,application/xml;q=0.9,*/*;q=0.8", "Accept-Encoding": "gzip, deflate", "Accept-Language": "en-us,en;q=0.5"}}