{"id": "FyK_c-TIcCA", "uploader": "Laura Olejnik - Topic", "uploader_id": "UC4Ia19FikVxYsh5E8Wapvbw", "uploader_url": "http://www.youtube.com/channel/UC4Ia19FikVxYsh5E8Wapvbw", "channel_id": "UC4Ia19FikVxYsh5E8Wapvbw", "channel_url": "http://www.youtube.com/channel/UC4Ia19FikVxYsh5E8Wapvbw", "upload_date": "20201210", "license": null, "creator": "Laura Olejnik", "title": "Deliquescence", "alt_title": "Deliquescence", "thumbnails": [{"url": "https://i.ytimg.com/vi/FyK_c-TIcCA/hqdefault.jpg?sqp=-oaymwEYCKgBEF5IVfKriqkDCwgBFQAAiEIYAXAB&rs=AOn4CLBudFpviZTUIi_E6xUnF7SVPrV0VQ", "width": 168, "height": 94, "resolution": "168x94", "id": "0"}, {"url": "https://i.ytimg.com/vi/FyK_c-TIcCA/hqdefault.jpg?sqp=-oaymwEYCMQBEG5IVfKriqkDCwgBFQAAiEIYAXAB&rs=AOn4CLB4cmi0kQu_L5bvPvHYsB9JG06-eg", "width": 196, "height": 110, "resolution": "196x110", "id": "1"}, {"url": "https://i.ytimg.com/vi/FyK_c-TIcCA/hqdefault.jpg?sqp=-oaymwEZCPYBEIoBSFXyq4qpAwsIARUAAIhCGAFwAQ==&rs=AOn4CLCcsePjD4anG8gEJTzJ5UgymoYYfA", "width": 246, "height": 138, "resolution": "246x138", "id": "2"}, {"url": "https://i.ytimg.com/vi/FyK_c-TIcCA/hqdefault.jpg?sqp=-oaymwEZCNACELwBSFXyq4qpAwsIARUAAIhCGAFwAQ==&rs=AOn4CLDLke6D1S4IXcTY7k8mGwKAayLfYg", "width": 336, "height": 188, "resolution": "336x188", "id": "3"}, {"url": "https://i.ytimg.com/vi_webp/FyK_c-TIcCA/maxresdefault.webp", "width": 1920, "height": 1080, "resolution": "1920x1080", "id": "4"}], "description": "Provided to YouTube by IIP-DDS\n\nDeliquescence \u00b7 Laura Olejnik\n\nDeliquescence\n\n\u2117 Moonbike\n\nReleased on: 2020-12-11\n\nMusic  Publisher: Copyright Control\nComposer  Lyricist: Carl Niklas Egen \u00c5borg\nComposer: Carl Niklas Egen \u00c5borg\n\nAuto-generated by YouTube.", "categories": ["Music"], "tags": ["Laura Olejnik", "Deliquescence"], "subtitles": {}, "automatic_captions": {}, "duration": 166, "age_limit": 0, "annotations": null, "chapters": null, "webpage_url": "https://www.youtube.com/watch?v=FyK_c-TIcCA", "view_count": 10, "like_count": null, "dislike_count": null, "average_rating": null, "formats": [{"format_id": "249", "url": "https://r5---sn-5njj-u2xl.googlevideo.com/videoplayback?expire=1609941077&ei=9Wv1X4vBMIyolQTqprgY&ip=140.109.134.180&id=o-AL3N11uc_HPEbGzsFhgShY95vaK8rVAUnxx8zJx5j5cH&itag=249&source=youtube&requiressl=yes&mh=4K&mm=31%2C29&mn=sn-5njj-u2xl%2Csn-un57en7s&ms=au%2Crdu&mv=m&mvi=5&pl=16&gcr=tw&initcwndbps=521250&vprv=1&mime=audio%2Fwebm&ns=ciozQCEaPhlOuKXQcx2O3iwF&gir=yes&clen=1249783&dur=166.481&lmt=1607165523024126&mt=1609919103&fvip=5&keepalive=yes&c=WEB&txp=2311222&n=43bQJp4zUzw1df5g&sparams=expire%2Cei%2Cip%2Cid%2Citag%2Csource%2Crequiressl%2Cgcr%2Cvprv%2Cmime%2Cns%2Cgir%2Cclen%2Cdur%2Clmt&lsparams=mh%2Cmm%2Cmn%2Cms%2Cmv%2Cmvi%2Cpl%2Cinitcwndbps&lsig=AG3C_xAwRQIgTYe_Zw7SRr2hxWmU4VemSTr8Nh0GiF0f_dinbGpuiD8CIQCF3iyly74vJS51eAzfxgHebesYqe1ynJAYUIaYyldCRA%3D%3D&sig=AOq0QJ8wRQIhALTsJwM7FpIM7QcYYlTy_WGwK-ZqdaXlXhDMiKA87z5xAiAjvfTSNa0CReTJ73-DdNpj3wg28TFSEFUCGzaU1DWyLQ==&ratebypass=yes", "player_url": "/s/player/5dd3f3b2/player_ias.vflset/en_US/base.js", "ext": "webm", "format_note": "tiny", "acodec": "opus", "abr": 50, "asr": 48000, "filesize": 1249783, "fps": null, "height": null, "tbr": 65.384, "width": null, "vcodec": "none", "downloader_options": {"http_chunk_size": 10485760}, "format": "249 - audio only (tiny)", "protocol": "https", "http_headers": {"User-Agent": "Mozilla/5.0 (Windows NT 10.0; Win64; x64) AppleWebKit/537.36 (KHTML, like Gecko) Chrome/72.0.3602.1 Safari/537.36", "Accept-Charset": "ISO-8859-1,utf-8;q=0.7,*;q=0.7", "Accept": "text/html,application/xhtml+xml,application/xml;q=0.9,*/*;q=0.8", "Accept-Encoding": "gzip, deflate", "Accept-Language": "en-us,en;q=0.5"}}, {"format_id": "250", "url": "https://r5---sn-5njj-u2xl.googlevideo.com/videoplayback?expire=1609941077&ei=9Wv1X4vBMIyolQTqprgY&ip=140.109.134.180&id=o-AL3N11uc_HPEbGzsFhgShY95vaK8rVAUnxx8zJx5j5cH&itag=250&source=youtube&requiressl=yes&mh=4K&mm=31%2C29&mn=sn-5njj-u2xl%2Csn-un57en7s&ms=au%2Crdu&mv=m&mvi=5&pl=16&gcr=tw&initcwndbps=521250&vprv=1&mime=audio%2Fwebm&ns=ciozQCEaPhlOuKXQcx2O3iwF&gir=yes&clen=1654579&dur=166.481&lmt=1607165523120626&mt=1609919103&fvip=5&keepalive=yes&c=WEB&txp=2311222&n=43bQJp4zUzw1df5g&sparams=expire%2Cei%2Cip%2Cid%2Citag%2Csource%2Crequiressl%2Cgcr%2Cvprv%2Cmime%2Cns%2Cgir%2Cclen%2Cdur%2Clmt&lsparams=mh%2Cmm%2Cmn%2Cms%2Cmv%2Cmvi%2Cpl%2Cinitcwndbps&lsig=AG3C_xAwRgIhAPQHRQ3DQnBswoMc2FE6Q67pP53v9XYMvUAiOi7yOuNxAiEA_9zJRBGwg28ujqfvGzT9kqj1DFNOhzEu41nru9ekBMc%3D&sig=AOq0QJ8wRgIhAOs9gSwhCmc8d7y1SLM-lm5OnFaGaJA1Aqz-eeccGzj-AiEAmJeA59Pi3w3AvVdKWYFLsFfh1zg1jmIelwA-Un40BA8=&ratebypass=yes", "player_url": "/s/player/5dd3f3b2/player_ias.vflset/en_US/base.js", "ext": "webm", "format_note": "tiny", "acodec": "opus", "abr": 70, "asr": 48000, "filesize": 1654579, "fps": null, "height": null, "tbr": 87.232, "width": null, "vcodec": "none", "downloader_options": {"http_chunk_size": 10485760}, "format": "250 - audio only (tiny)", "protocol": "https", "http_headers": {"User-Agent": "Mozilla/5.0 (Windows NT 10.0; Win64; x64) AppleWebKit/537.36 (KHTML, like Gecko) Chrome/72.0.3602.1 Safari/537.36", "Accept-Charset": "ISO-8859-1,utf-8;q=0.7,*;q=0.7", "Accept": "text/html,application/xhtml+xml,application/xml;q=0.9,*/*;q=0.8", "Accept-Encoding": "gzip, deflate", "Accept-Language": "en-us,en;q=0.5"}}, {"format_id": "140", "url": "https://r5---sn-5njj-u2xl.googlevideo.com/videoplayback?expire=1609941077&ei=9Wv1X4vBMIyolQTqprgY&ip=140.109.134.180&id=o-AL3N11uc_HPEbGzsFhgShY95vaK8rVAUnxx8zJx5j5cH&itag=140&source=youtube&requiressl=yes&mh=4K&mm=31%2C29&mn=sn-5njj-u2xl%2Csn-un57en7s&ms=au%2Crdu&mv=m&mvi=5&pl=16&gcr=tw&initcwndbps=521250&vprv=1&mime=audio%2Fmp4&ns=ciozQCEaPhlOuKXQcx2O3iwF&gir=yes&clen=2696977&dur=166.461&lmt=1607165537494139&mt=1609919103&fvip=5&keepalive=yes&c=WEB&txp=2311222&n=43bQJp4zUzw1df5g&sparams=expire%2Cei%2Cip%2Cid%2Citag%2Csource%2Crequiressl%2Cgcr%2Cvprv%2Cmime%2Cns%2Cgir%2Cclen%2Cdur%2Clmt&lsparams=mh%2Cmm%2Cmn%2Cms%2Cmv%2Cmvi%2Cpl%2Cinitcwndbps&lsig=AG3C_xAwRQIgaNvjY5WjgcL6aa3MpXSQGco5Dlta1A7oBQuhQOzUgfYCIQDBewfIzXsPDZXJIOsuXZyKbMOGmYXws5E5fwJ8m2DVOg%3D%3D&sig=AOq0QJ8wRAIgdAuXDaSBbWXDLafXoG-w7TiTTUFbu5ggyeSnsNCtr5UCIHKbrGmzkBovCfOXuyDdOAdlqaM0vvQnBS6jpbOZnDpU&ratebypass=yes", "player_url": "/s/player/5dd3f3b2/player_ias.vflset/en_US/base.js", "ext": "m4a", "format_note": "tiny", "acodec": "mp4a.40.2", "abr": 128, "container": "m4a_dash", "asr": 44100, "filesize": 2696977, "fps": null, "height": null, "tbr": 131.032, "width": null, "vcodec": "none", "downloader_options": {"http_chunk_size": 10485760}, "format": "140 - audio only (tiny)", "protocol": "https", "http_headers": {"User-Agent": "Mozilla/5.0 (Windows NT 10.0; Win64; x64) AppleWebKit/537.36 (KHTML, like Gecko) Chrome/72.0.3602.1 Safari/537.36", "Accept-Charset": "ISO-8859-1,utf-8;q=0.7,*;q=0.7", "Accept": "text/html,application/xhtml+xml,application/xml;q=0.9,*/*;q=0.8", "Accept-Encoding": "gzip, deflate", "Accept-Language": "en-us,en;q=0.5"}}, {"format_id": "251", "url": "https://r5---sn-5njj-u2xl.googlevideo.com/videoplayback?expire=1609941077&ei=9Wv1X4vBMIyolQTqprgY&ip=140.109.134.180&id=o-AL3N11uc_HPEbGzsFhgShY95vaK8rVAUnxx8zJx5j5cH&itag=251&source=youtube&requiressl=yes&mh=4K&mm=31%2C29&mn=sn-5njj-u2xl%2Csn-un57en7s&ms=au%2Crdu&mv=m&mvi=5&pl=16&gcr=tw&initcwndbps=521250&vprv=1&mime=audio%2Fwebm&ns=ciozQCEaPhlOuKXQcx2O3iwF&gir=yes&clen=3183120&dur=166.481&lmt=1607165523721296&mt=1609919103&fvip=5&keepalive=yes&c=WEB&txp=2311222&n=43bQJp4zUzw1df5g&sparams=expire%2Cei%2Cip%2Cid%2Citag%2Csource%2Crequiressl%2Cgcr%2Cvprv%2Cmime%2Cns%2Cgir%2Cclen%2Cdur%2Clmt&lsparams=mh%2Cmm%2Cmn%2Cms%2Cmv%2Cmvi%2Cpl%2Cinitcwndbps&lsig=AG3C_xAwRQIgUJ5k1xIGhPfmcGE7NWRtyoSuEyVNAcPLoDRq_ppLy5gCIQC0httdo7AIj8GeqGNDpKoMkfl0rnneiRscM5-qDCGRQg%3D%3D&sig=AOq0QJ8wRgIhAN-ZmSMyYa3jlgUVRfXsCZAZv1CLHD3Ognsy8ptcj8WqAiEAovtwtOKMz7y2xB3B0ntZzip7_WCShqJA4Mjgr5JT9h8=&ratebypass=yes", "player_url": "/s/player/5dd3f3b2/player_ias.vflset/en_US/base.js", "ext": "webm", "format_note": "tiny", "acodec": "opus", "abr": 160, "asr": 48000, "filesize": 3183120, "fps": null, "height": null, "tbr": 166.575, "width": null, "vcodec": "none", "downloader_options": {"http_chunk_size": 10485760}, "format": "251 - audio only (tiny)", "protocol": "https", "http_headers": {"User-Agent": "Mozilla/5.0 (Windows NT 10.0; Win64; x64) AppleWebKit/537.36 (KHTML, like Gecko) Chrome/72.0.3602.1 Safari/537.36", "Accept-Charset": "ISO-8859-1,utf-8;q=0.7,*;q=0.7", "Accept": "text/html,application/xhtml+xml,application/xml;q=0.9,*/*;q=0.8", "Accept-Encoding": "gzip, deflate", "Accept-Language": "en-us,en;q=0.5"}}, {"format_id": "160", "url": "https://r5---sn-5njj-u2xl.googlevideo.com/videoplayback?expire=1609941077&ei=9Wv1X4vBMIyolQTqprgY&ip=140.109.134.180&id=o-AL3N11uc_HPEbGzsFhgShY95vaK8rVAUnxx8zJx5j5cH&itag=160&aitags=133%2C134%2C135%2C136%2C137%2C160%2C242%2C243%2C244%2C247%2C248%2C278&source=youtube&requiressl=yes&mh=4K&mm=31%2C29&mn=sn-5njj-u2xl%2Csn-un57en7s&ms=au%2Crdu&mv=m&mvi=5&pl=16&gcr=tw&initcwndbps=521250&vprv=1&mime=video%2Fmp4&ns=ciozQCEaPhlOuKXQcx2O3iwF&gir=yes&clen=159369&dur=166.440&lmt=1607165534336623&mt=1609919103&fvip=5&keepalive=yes&c=WEB&txp=2316222&n=43bQJp4zUzw1df5g&sparams=expire%2Cei%2Cip%2Cid%2Caitags%2Csource%2Crequiressl%2Cgcr%2Cvprv%2Cmime%2Cns%2Cgir%2Cclen%2Cdur%2Clmt&lsparams=mh%2Cmm%2Cmn%2Cms%2Cmv%2Cmvi%2Cpl%2Cinitcwndbps&lsig=AG3C_xAwRQIhAMWXEmRXLFQFrvej--QyHwVySRpHU18Sj96e9iZ9CQzpAiAORcYrJPfE9jQXzuBOZAGG5m3tcshbw9WdTdVOtwDJMg%3D%3D&sig=AOq0QJ8wRAIgXUSgIjBTzQFWPj0DR7XtC3eK6QU__nPMCAYfwOI3hJ4CIGbgrTA2CkT0Leob6eYyfQjyexZVfHQF32T1PShMtAQK&ratebypass=yes", "player_url": "/s/player/5dd3f3b2/player_ias.vflset/en_US/base.js", "ext": "mp4", "height": 144, "format_note": "144p", "vcodec": "avc1.4d400b", "asr": null, "filesize": 159369, "fps": 25, "tbr": 9.729, "width": 144, "acodec": "none", "downloader_options": {"http_chunk_size": 10485760}, "format": "160 - 144x144 (144p)", "protocol": "https", "http_headers": {"User-Agent": "Mozilla/5.0 (Windows NT 10.0; Win64; x64) AppleWebKit/537.36 (KHTML, like Gecko) Chrome/72.0.3602.1 Safari/537.36", "Accept-Charset": "ISO-8859-1,utf-8;q=0.7,*;q=0.7", "Accept": "text/html,application/xhtml+xml,application/xml;q=0.9,*/*;q=0.8", "Accept-Encoding": "gzip, deflate", "Accept-Language": "en-us,en;q=0.5"}}, {"format_id": "242", "url": "https://r5---sn-5njj-u2xl.googlevideo.com/videoplayback?expire=1609941077&ei=9Wv1X4vBMIyolQTqprgY&ip=140.109.134.180&id=o-AL3N11uc_HPEbGzsFhgShY95vaK8rVAUnxx8zJx5j5cH&itag=242&aitags=133%2C134%2C135%2C136%2C137%2C160%2C242%2C243%2C244%2C247%2C248%2C278&source=youtube&requiressl=yes&mh=4K&mm=31%2C29&mn=sn-5njj-u2xl%2Csn-un57en7s&ms=au%2Crdu&mv=m&mvi=5&pl=16&gcr=tw&initcwndbps=521250&vprv=1&mime=video%2Fwebm&ns=ciozQCEaPhlOuKXQcx2O3iwF&gir=yes&clen=170915&dur=166.440&lmt=1607165532134670&mt=1609919103&fvip=5&keepalive=yes&c=WEB&txp=2316222&n=43bQJp4zUzw1df5g&sparams=expire%2Cei%2Cip%2Cid%2Caitags%2Csource%2Crequiressl%2Cgcr%2Cvprv%2Cmime%2Cns%2Cgir%2Cclen%2Cdur%2Clmt&lsparams=mh%2Cmm%2Cmn%2Cms%2Cmv%2Cmvi%2Cpl%2Cinitcwndbps&lsig=AG3C_xAwRQIgVGmvnNwD1Z6tVXDaxnlycEfceKBK7ih8VaQ91457JQcCIQC3ITAnvL7dIC7pgYve_mXD78BjOTDTQmKonPWrZoEM2w%3D%3D&sig=AOq0QJ8wRgIhAPQ3E7wBMfPY5M9r0XY7GBRJvWiT6D53JzBmSM_lgYGmAiEAhom9xgmmSHAYLMLKDIa4gSGDQm_ojHgkM0-Ag8DVZks=&ratebypass=yes", "player_url": "/s/player/5dd3f3b2/player_ias.vflset/en_US/base.js", "ext": "webm", "height": 240, "format_note": "240p", "vcodec": "vp9", "asr": null, "filesize": 170915, "fps": 25, "tbr": 9.833, "width": 240, "acodec": "none", "downloader_options": {"http_chunk_size": 10485760}, "format": "242 - 240x240 (240p)", "protocol": "https", "http_headers": {"User-Agent": "Mozilla/5.0 (Windows NT 10.0; Win64; x64) AppleWebKit/537.36 (KHTML, like Gecko) Chrome/72.0.3602.1 Safari/537.36", "Accept-Charset": "ISO-8859-1,utf-8;q=0.7,*;q=0.7", "Accept": "text/html,application/xhtml+xml,application/xml;q=0.9,*/*;q=0.8", "Accept-Encoding": "gzip, deflate", "Accept-Language": "en-us,en;q=0.5"}}, {"format_id": "278", "url": "https://r5---sn-5njj-u2xl.googlevideo.com/videoplayback?expire=1609941077&ei=9Wv1X4vBMIyolQTqprgY&ip=140.109.134.180&id=o-AL3N11uc_HPEbGzsFhgShY95vaK8rVAUnxx8zJx5j5cH&itag=278&aitags=133%2C134%2C135%2C136%2C137%2C160%2C242%2C243%2C244%2C247%2C248%2C278&source=youtube&requiressl=yes&mh=4K&mm=31%2C29&mn=sn-5njj-u2xl%2Csn-un57en7s&ms=au%2Crdu&mv=m&mvi=5&pl=16&gcr=tw&initcwndbps=521250&vprv=1&mime=video%2Fwebm&ns=ciozQCEaPhlOuKXQcx2O3iwF&gir=yes&clen=175937&dur=166.440&lmt=1607165532137872&mt=1609919103&fvip=5&keepalive=yes&c=WEB&txp=2316222&n=43bQJp4zUzw1df5g&sparams=expire%2Cei%2Cip%2Cid%2Caitags%2Csource%2Crequiressl%2Cgcr%2Cvprv%2Cmime%2Cns%2Cgir%2Cclen%2Cdur%2Clmt&lsparams=mh%2Cmm%2Cmn%2Cms%2Cmv%2Cmvi%2Cpl%2Cinitcwndbps&lsig=AG3C_xAwRQIhAPtb01u_WZ2h3csQ3gaqtVT78OlYhH49uUeIqzif3JDKAiBhy6DlFRUdtPc5xzjMOx5eW1Ii19TjtCoEyK9JVwoNAw%3D%3D&sig=AOq0QJ8wRQIhAI29W0xOXLOp6hXrKkYzyYEWb5IUTohvjZz3aUTli5tzAiBtvohyb67yu-nQKL5kJN_lTNLnoVf_A1hw5Qy60yJRNQ==&ratebypass=yes", "player_url": "/s/player/5dd3f3b2/player_ias.vflset/en_US/base.js", "ext": "webm", "height": 144, "format_note": "144p", "container": "webm", "vcodec": "vp9", "asr": null, "filesize": 175937, "fps": 25, "tbr": 10.516, "width": 144, "acodec": "none", "downloader_options": {"http_chunk_size": 10485760}, "format": "278 - 144x144 (144p)", "protocol": "https", "http_headers": {"User-Agent": "Mozilla/5.0 (Windows NT 10.0; Win64; x64) AppleWebKit/537.36 (KHTML, like Gecko) Chrome/72.0.3602.1 Safari/537.36", "Accept-Charset": "ISO-8859-1,utf-8;q=0.7,*;q=0.7", "Accept": "text/html,application/xhtml+xml,application/xml;q=0.9,*/*;q=0.8", "Accept-Encoding": "gzip, deflate", "Accept-Language": "en-us,en;q=0.5"}}, {"format_id": "133", "url": "https://r5---sn-5njj-u2xl.googlevideo.com/videoplayback?expire=1609941077&ei=9Wv1X4vBMIyolQTqprgY&ip=140.109.134.180&id=o-AL3N11uc_HPEbGzsFhgShY95vaK8rVAUnxx8zJx5j5cH&itag=133&aitags=133%2C134%2C135%2C136%2C137%2C160%2C242%2C243%2C244%2C247%2C248%2C278&source=youtube&requiressl=yes&mh=4K&mm=31%2C29&mn=sn-5njj-u2xl%2Csn-un57en7s&ms=au%2Crdu&mv=m&mvi=5&pl=16&gcr=tw&initcwndbps=521250&vprv=1&mime=video%2Fmp4&ns=ciozQCEaPhlOuKXQcx2O3iwF&gir=yes&clen=232019&dur=166.440&lmt=1607165534337615&mt=1609919103&fvip=5&keepalive=yes&c=WEB&txp=2316222&n=43bQJp4zUzw1df5g&sparams=expire%2Cei%2Cip%2Cid%2Caitags%2Csource%2Crequiressl%2Cgcr%2Cvprv%2Cmime%2Cns%2Cgir%2Cclen%2Cdur%2Clmt&lsparams=mh%2Cmm%2Cmn%2Cms%2Cmv%2Cmvi%2Cpl%2Cinitcwndbps&lsig=AG3C_xAwRgIhAJ-CCbp5UnCmz7WAzc15UimrTZiKRTaV2_H0dUZrImk7AiEA_73nrCozfNn_w83n3XI-fbwqUOPN3Yi55cAbJGvHBrc%3D&sig=AOq0QJ8wRQIhANYV-zu9tBlYAG8FWA-MYcSv4KJuHRvkNVYJ-_GGgY4LAiBXe7r6DcUaIc7WHq_Ts13ukNBOUOGh0MlIWfqJM6ZYKA==&ratebypass=yes", "player_url": "/s/player/5dd3f3b2/player_ias.vflset/en_US/base.js", "ext": "mp4", "height": 240, "format_note": "240p", "vcodec": "avc1.4d400c", "asr": null, "filesize": 232019, "fps": 25, "tbr": 14.289, "width": 240, "acodec": "none", "downloader_options": {"http_chunk_size": 10485760}, "format": "133 - 240x240 (240p)", "protocol": "https", "http_headers": {"User-Agent": "Mozilla/5.0 (Windows NT 10.0; Win64; x64) AppleWebKit/537.36 (KHTML, like Gecko) Chrome/72.0.3602.1 Safari/537.36", "Accept-Charset": "ISO-8859-1,utf-8;q=0.7,*;q=0.7", "Accept": "text/html,application/xhtml+xml,application/xml;q=0.9,*/*;q=0.8", "Accept-Encoding": "gzip, deflate", "Accept-Language": "en-us,en;q=0.5"}}, {"format_id": "243", "url": "https://r5---sn-5njj-u2xl.googlevideo.com/videoplayback?expire=1609941077&ei=9Wv1X4vBMIyolQTqprgY&ip=140.109.134.180&id=o-AL3N11uc_HPEbGzsFhgShY95vaK8rVAUnxx8zJx5j5cH&itag=243&aitags=133%2C134%2C135%2C136%2C137%2C160%2C242%2C243%2C244%2C247%2C248%2C278&source=youtube&requiressl=yes&mh=4K&mm=31%2C29&mn=sn-5njj-u2xl%2Csn-un57en7s&ms=au%2Crdu&mv=m&mvi=5&pl=16&gcr=tw&initcwndbps=521250&vprv=1&mime=video%2Fwebm&ns=ciozQCEaPhlOuKXQcx2O3iwF&gir=yes&clen=247364&dur=166.440&lmt=1607165532135394&mt=1609919103&fvip=5&keepalive=yes&c=WEB&txp=2316222&n=43bQJp4zUzw1df5g&sparams=expire%2Cei%2Cip%2Cid%2Caitags%2Csource%2Crequiressl%2Cgcr%2Cvprv%2Cmime%2Cns%2Cgir%2Cclen%2Cdur%2Clmt&lsparams=mh%2Cmm%2Cmn%2Cms%2Cmv%2Cmvi%2Cpl%2Cinitcwndbps&lsig=AG3C_xAwRQIhANhOXR1GE83Qq8Zn2jVvEpPSWkpkvP-LzshXmas-dztuAiAC5w36vEwy6Id3D2e-cwn7cG6jwAcRo2gm5g7_RDrB_g%3D%3D&sig=AOq0QJ8wRgIhAMpYlaMtDPmow2zFyVWLYZV3QpzCmYVHR12wtplwHfJcAiEAgjp2QaqNdalR1B2JngL8P4ylE4cAVhwokAeSNqGIgUQ=&ratebypass=yes", "player_url": "/s/player/5dd3f3b2/player_ias.vflset/en_US/base.js", "ext": "webm", "height": 360, "format_note": "360p", "vcodec": "vp9", "asr": null, "filesize": 247364, "fps": 25, "tbr": 15.233, "width": 360, "acodec": "none", "downloader_options": {"http_chunk_size": 10485760}, "format": "243 - 360x360 (360p)", "protocol": "https", "http_headers": {"User-Agent": "Mozilla/5.0 (Windows NT 10.0; Win64; x64) AppleWebKit/537.36 (KHTML, like Gecko) Chrome/72.0.3602.1 Safari/537.36", "Accept-Charset": "ISO-8859-1,utf-8;q=0.7,*;q=0.7", "Accept": "text/html,application/xhtml+xml,application/xml;q=0.9,*/*;q=0.8", "Accept-Encoding": "gzip, deflate", "Accept-Language": "en-us,en;q=0.5"}}, {"format_id": "244", "url": "https://r5---sn-5njj-u2xl.googlevideo.com/videoplayback?expire=1609941077&ei=9Wv1X4vBMIyolQTqprgY&ip=140.109.134.180&id=o-AL3N11uc_HPEbGzsFhgShY95vaK8rVAUnxx8zJx5j5cH&itag=244&aitags=133%2C134%2C135%2C136%2C137%2C160%2C242%2C243%2C244%2C247%2C248%2C278&source=youtube&requiressl=yes&mh=4K&mm=31%2C29&mn=sn-5njj-u2xl%2Csn-un57en7s&ms=au%2Crdu&mv=m&mvi=5&pl=16&gcr=tw&initcwndbps=521250&vprv=1&mime=video%2Fwebm&ns=ciozQCEaPhlOuKXQcx2O3iwF&gir=yes&clen=351918&dur=166.440&lmt=1607165532133895&mt=1609919103&fvip=5&keepalive=yes&c=WEB&txp=2316222&n=43bQJp4zUzw1df5g&sparams=expire%2Cei%2Cip%2Cid%2Caitags%2Csource%2Crequiressl%2Cgcr%2Cvprv%2Cmime%2Cns%2Cgir%2Cclen%2Cdur%2Clmt&lsparams=mh%2Cmm%2Cmn%2Cms%2Cmv%2Cmvi%2Cpl%2Cinitcwndbps&lsig=AG3C_xAwRQIgVPe6N9uI0WFLfixgOOEbkpdcxONQiMbPXvwkr5niP4MCIQD76to1eHYlyXfJ9Z7E5x8BOMiWv31-4S_8PfVVYybbsw%3D%3D&sig=AOq0QJ8wRQIgXxF7w2gyFsRy2YOFg-wCVK44i3KaZ3k3MvBvtvLZGEsCIQCI9ZolH1Kr1QHBYb0L2GqvYFUragBiDDGznltmSMbqUQ==&ratebypass=yes", "player_url": "/s/player/5dd3f3b2/player_ias.vflset/en_US/base.js", "ext": "webm", "height": 480, "format_note": "480p", "vcodec": "vp9", "asr": null, "filesize": 351918, "fps": 25, "tbr": 24.415, "width": 480, "acodec": "none", "downloader_options": {"http_chunk_size": 10485760}, "format": "244 - 480x480 (480p)", "protocol": "https", "http_headers": {"User-Agent": "Mozilla/5.0 (Windows NT 10.0; Win64; x64) AppleWebKit/537.36 (KHTML, like Gecko) Chrome/72.0.3602.1 Safari/537.36", "Accept-Charset": "ISO-8859-1,utf-8;q=0.7,*;q=0.7", "Accept": "text/html,application/xhtml+xml,application/xml;q=0.9,*/*;q=0.8", "Accept-Encoding": "gzip, deflate", "Accept-Language": "en-us,en;q=0.5"}}, {"format_id": "134", "url": "https://r5---sn-5njj-u2xl.googlevideo.com/videoplayback?expire=1609941077&ei=9Wv1X4vBMIyolQTqprgY&ip=140.109.134.180&id=o-AL3N11uc_HPEbGzsFhgShY95vaK8rVAUnxx8zJx5j5cH&itag=134&aitags=133%2C134%2C135%2C136%2C137%2C160%2C242%2C243%2C244%2C247%2C248%2C278&source=youtube&requiressl=yes&mh=4K&mm=31%2C29&mn=sn-5njj-u2xl%2Csn-un57en7s&ms=au%2Crdu&mv=m&mvi=5&pl=16&gcr=tw&initcwndbps=521250&vprv=1&mime=video%2Fmp4&ns=ciozQCEaPhlOuKXQcx2O3iwF&gir=yes&clen=424220&dur=166.440&lmt=1607165534337635&mt=1609919103&fvip=5&keepalive=yes&c=WEB&txp=2316222&n=43bQJp4zUzw1df5g&sparams=expire%2Cei%2Cip%2Cid%2Caitags%2Csource%2Crequiressl%2Cgcr%2Cvprv%2Cmime%2Cns%2Cgir%2Cclen%2Cdur%2Clmt&lsparams=mh%2Cmm%2Cmn%2Cms%2Cmv%2Cmvi%2Cpl%2Cinitcwndbps&lsig=AG3C_xAwRQIgd_PFtn9xoG_u6E8ymuvLrkSq370-uixwegvDZwvPRYsCIQDmX41eYGBElL5N99APyT_BcslIWnxdW7KSNZG_K431uQ%3D%3D&sig=AOq0QJ8wRAIgMTBSzB3fSrXRDNwjuutgIjro3Rw7Gc3t4GvLN8XEFBgCICI-bh_k0b6xTqtqxWqPONzKL5a4orTzEr0JTUFrDrj-&ratebypass=yes", "player_url": "/s/player/5dd3f3b2/player_ias.vflset/en_US/base.js", "ext": "mp4", "height": 360, "format_note": "360p", "vcodec": "avc1.4d4015", "asr": null, "filesize": 424220, "fps": 25, "tbr": 29.375, "width": 360, "acodec": "none", "downloader_options": {"http_chunk_size": 10485760}, "format": "134 - 360x360 (360p)", "protocol": "https", "http_headers": {"User-Agent": "Mozilla/5.0 (Windows NT 10.0; Win64; x64) AppleWebKit/537.36 (KHTML, like Gecko) Chrome/72.0.3602.1 Safari/537.36", "Accept-Charset": "ISO-8859-1,utf-8;q=0.7,*;q=0.7", "Accept": "text/html,application/xhtml+xml,application/xml;q=0.9,*/*;q=0.8", "Accept-Encoding": "gzip, deflate", "Accept-Language": "en-us,en;q=0.5"}}, {"format_id": "247", "url": "https://r5---sn-5njj-u2xl.googlevideo.com/videoplayback?expire=1609941077&ei=9Wv1X4vBMIyolQTqprgY&ip=140.109.134.180&id=o-AL3N11uc_HPEbGzsFhgShY95vaK8rVAUnxx8zJx5j5cH&itag=247&aitags=133%2C134%2C135%2C136%2C137%2C160%2C242%2C243%2C244%2C247%2C248%2C278&source=youtube&requiressl=yes&mh=4K&mm=31%2C29&mn=sn-5njj-u2xl%2Csn-un57en7s&ms=au%2Crdu&mv=m&mvi=5&pl=16&gcr=tw&initcwndbps=521250&vprv=1&mime=video%2Fwebm&ns=ciozQCEaPhlOuKXQcx2O3iwF&gir=yes&clen=1041271&dur=166.440&lmt=1607165532146771&mt=1609919103&fvip=5&keepalive=yes&c=WEB&txp=2316222&n=43bQJp4zUzw1df5g&sparams=expire%2Cei%2Cip%2Cid%2Caitags%2Csource%2Crequiressl%2Cgcr%2Cvprv%2Cmime%2Cns%2Cgir%2Cclen%2Cdur%2Clmt&lsparams=mh%2Cmm%2Cmn%2Cms%2Cmv%2Cmvi%2Cpl%2Cinitcwndbps&lsig=AG3C_xAwRgIhAL6sa54fJ_Fq1uTGeAPvb6TBqbrzCQJg4NWUmM9bWqGjAiEAnFVY2DyvN1Mf59Bcig1WKq5wmMbphe8Ktnn1mR9Bung%3D&sig=AOq0QJ8wRQIgVW5dktoDJbuS-055Pb26SsHR2CSwEYHaViNWqLXhF6YCIQDp681zGFT6iYIzepu7Qi02tKCmZJLXh40tAg6A2aSnMA==&ratebypass=yes", "player_url": "/s/player/5dd3f3b2/player_ias.vflset/en_US/base.js", "ext": "webm", "height": 720, "format_note": "720p", "vcodec": "vp9", "asr": null, "filesize": 1041271, "fps": 25, "tbr": 83.704, "width": 720, "acodec": "none", "downloader_options": {"http_chunk_size": 10485760}, "format": "247 - 720x720 (720p)", "protocol": "https", "http_headers": {"User-Agent": "Mozilla/5.0 (Windows NT 10.0; Win64; x64) AppleWebKit/537.36 (KHTML, like Gecko) Chrome/72.0.3602.1 Safari/537.36", "Accept-Charset": "ISO-8859-1,utf-8;q=0.7,*;q=0.7", "Accept": "text/html,application/xhtml+xml,application/xml;q=0.9,*/*;q=0.8", "Accept-Encoding": "gzip, deflate", "Accept-Language": "en-us,en;q=0.5"}}, {"format_id": "135", "url": "https://r5---sn-5njj-u2xl.googlevideo.com/videoplayback?expire=1609941077&ei=9Wv1X4vBMIyolQTqprgY&ip=140.109.134.180&id=o-AL3N11uc_HPEbGzsFhgShY95vaK8rVAUnxx8zJx5j5cH&itag=135&aitags=133%2C134%2C135%2C136%2C137%2C160%2C242%2C243%2C244%2C247%2C248%2C278&source=youtube&requiressl=yes&mh=4K&mm=31%2C29&mn=sn-5njj-u2xl%2Csn-un57en7s&ms=au%2Crdu&mv=m&mvi=5&pl=16&gcr=tw&initcwndbps=521250&vprv=1&mime=video%2Fmp4&ns=ciozQCEaPhlOuKXQcx2O3iwF&gir=yes&clen=1108799&dur=166.440&lmt=1607165534339445&mt=1609919103&fvip=5&keepalive=yes&c=WEB&txp=2316222&n=43bQJp4zUzw1df5g&sparams=expire%2Cei%2Cip%2Cid%2Caitags%2Csource%2Crequiressl%2Cgcr%2Cvprv%2Cmime%2Cns%2Cgir%2Cclen%2Cdur%2Clmt&lsparams=mh%2Cmm%2Cmn%2Cms%2Cmv%2Cmvi%2Cpl%2Cinitcwndbps&lsig=AG3C_xAwRgIhAKlZ3yMAsKcUgktgi6aSA0SmgiTAZVKc7o69u2SvnLeRAiEAqy_AbbuZSUdQfi3DQlViR1Zsl4w82P5j_QdSm4nudV4%3D&sig=AOq0QJ8wRAIgY7OZUxFOcQPNTtY1pT2fsVvyz7M1mF0kUlb1LNVCR4kCIAQUj0f9Hn91Mb391Uk_80hPw9WbBnyVSLqRYrcLuElU&ratebypass=yes", "player_url": "/s/player/5dd3f3b2/player_ias.vflset/en_US/base.js", "ext": "mp4", "height": 480, "format_note": "480p", "vcodec": "avc1.4d401e", "asr": null, "filesize": 1108799, "fps": 25, "tbr": 97.916, "width": 480, "acodec": "none", "downloader_options": {"http_chunk_size": 10485760}, "format": "135 - 480x480 (480p)", "protocol": "https", "http_headers": {"User-Agent": "Mozilla/5.0 (Windows NT 10.0; Win64; x64) AppleWebKit/537.36 (KHTML, like Gecko) Chrome/72.0.3602.1 Safari/537.36", "Accept-Charset": "ISO-8859-1,utf-8;q=0.7,*;q=0.7", "Accept": "text/html,application/xhtml+xml,application/xml;q=0.9,*/*;q=0.8", "Accept-Encoding": "gzip, deflate", "Accept-Language": "en-us,en;q=0.5"}}, {"format_id": "136", "url": "https://r5---sn-5njj-u2xl.googlevideo.com/videoplayback?expire=1609941077&ei=9Wv1X4vBMIyolQTqprgY&ip=140.109.134.180&id=o-AL3N11uc_HPEbGzsFhgShY95vaK8rVAUnxx8zJx5j5cH&itag=136&aitags=133%2C134%2C135%2C136%2C137%2C160%2C242%2C243%2C244%2C247%2C248%2C278&source=youtube&requiressl=yes&mh=4K&mm=31%2C29&mn=sn-5njj-u2xl%2Csn-un57en7s&ms=au%2Crdu&mv=m&mvi=5&pl=16&gcr=tw&initcwndbps=521250&vprv=1&mime=video%2Fmp4&ns=ciozQCEaPhlOuKXQcx2O3iwF&gir=yes&clen=4122245&dur=166.440&lmt=1607165534339225&mt=1609919103&fvip=5&keepalive=yes&c=WEB&txp=2316222&n=43bQJp4zUzw1df5g&sparams=expire%2Cei%2Cip%2Cid%2Caitags%2Csource%2Crequiressl%2Cgcr%2Cvprv%2Cmime%2Cns%2Cgir%2Cclen%2Cdur%2Clmt&lsparams=mh%2Cmm%2Cmn%2Cms%2Cmv%2Cmvi%2Cpl%2Cinitcwndbps&lsig=AG3C_xAwRAIgejluqMzNEVu0uIWas3HERnS63xvIGxpstk8qZoNB6BYCIEtyzTSzAiwWcJkXKGaNOaLGha69UoSNdP6Dzc2Xpmw_&sig=AOq0QJ8wRQIhAJ9QeWH8RoTN-OpeTwZIiBgGCPpGQYVq_PZcEneNCzW4AiB-JMFZPqaFLDwkIsUIUQiNWXn21uXpkLCQtlzenVFm8A==&ratebypass=yes", "player_url": "/s/player/5dd3f3b2/player_ias.vflset/en_US/base.js", "ext": "mp4", "height": 720, "format_note": "720p", "vcodec": "avc1.64001f", "asr": null, "filesize": 4122245, "fps": 25, "tbr": 377.172, "width": 720, "acodec": "none", "downloader_options": {"http_chunk_size": 10485760}, "format": "136 - 720x720 (720p)", "protocol": "https", "http_headers": {"User-Agent": "Mozilla/5.0 (Windows NT 10.0; Win64; x64) AppleWebKit/537.36 (KHTML, like Gecko) Chrome/72.0.3602.1 Safari/537.36", "Accept-Charset": "ISO-8859-1,utf-8;q=0.7,*;q=0.7", "Accept": "text/html,application/xhtml+xml,application/xml;q=0.9,*/*;q=0.8", "Accept-Encoding": "gzip, deflate", "Accept-Language": "en-us,en;q=0.5"}}, {"format_id": "248", "url": "https://r5---sn-5njj-u2xl.googlevideo.com/videoplayback?expire=1609941077&ei=9Wv1X4vBMIyolQTqprgY&ip=140.109.134.180&id=o-AL3N11uc_HPEbGzsFhgShY95vaK8rVAUnxx8zJx5j5cH&itag=248&aitags=133%2C134%2C135%2C136%2C137%2C160%2C242%2C243%2C244%2C247%2C248%2C278&source=youtube&requiressl=yes&mh=4K&mm=31%2C29&mn=sn-5njj-u2xl%2Csn-un57en7s&ms=au%2Crdu&mv=m&mvi=5&pl=16&gcr=tw&initcwndbps=521250&vprv=1&mime=video%2Fwebm&ns=ciozQCEaPhlOuKXQcx2O3iwF&gir=yes&clen=8545747&dur=166.440&lmt=1607165532136244&mt=1609919103&fvip=5&keepalive=yes&c=WEB&txp=2316222&n=43bQJp4zUzw1df5g&sparams=expire%2Cei%2Cip%2Cid%2Caitags%2Csource%2Crequiressl%2Cgcr%2Cvprv%2Cmime%2Cns%2Cgir%2Cclen%2Cdur%2Clmt&lsparams=mh%2Cmm%2Cmn%2Cms%2Cmv%2Cmvi%2Cpl%2Cinitcwndbps&lsig=AG3C_xAwRQIgVkJkOAEVjNf57z5RtiVdgvBBWed2qp3VUxbvcSRAYC0CIQCDFMLn4e8_h37KqVkB0ffYIEWIj84_cbIq1M6Z_5Iobw%3D%3D&sig=AOq0QJ8wRQIhAJZqTXgnB9QGVr13xIQS7NA9Y92NHsqd8duHDEtzUkGiAiAQL4uGD_VeE5qnNac62LP95kMkKxAF5JFDua2iBX1WHw==&ratebypass=yes", "player_url": "/s/player/5dd3f3b2/player_ias.vflset/en_US/base.js", "ext": "webm", "height": 1080, "format_note": "1080p", "vcodec": "vp9", "asr": null, "filesize": 8545747, "fps": 25, "tbr": 786.206, "width": 1080, "acodec": "none", "downloader_options": {"http_chunk_size": 10485760}, "format": "248 - 1080x1080 (1080p)", "protocol": "https", "http_headers": {"User-Agent": "Mozilla/5.0 (Windows NT 10.0; Win64; x64) AppleWebKit/537.36 (KHTML, like Gecko) Chrome/72.0.3602.1 Safari/537.36", "Accept-Charset": "ISO-8859-1,utf-8;q=0.7,*;q=0.7", "Accept": "text/html,application/xhtml+xml,application/xml;q=0.9,*/*;q=0.8", "Accept-Encoding": "gzip, deflate", "Accept-Language": "en-us,en;q=0.5"}}, {"format_id": "137", "url": "https://r5---sn-5njj-u2xl.googlevideo.com/videoplayback?expire=1609941077&ei=9Wv1X4vBMIyolQTqprgY&ip=140.109.134.180&id=o-AL3N11uc_HPEbGzsFhgShY95vaK8rVAUnxx8zJx5j5cH&itag=137&aitags=133%2C134%2C135%2C136%2C137%2C160%2C242%2C243%2C244%2C247%2C248%2C278&source=youtube&requiressl=yes&mh=4K&mm=31%2C29&mn=sn-5njj-u2xl%2Csn-un57en7s&ms=au%2Crdu&mv=m&mvi=5&pl=16&gcr=tw&initcwndbps=521250&vprv=1&mime=video%2Fmp4&ns=ciozQCEaPhlOuKXQcx2O3iwF&gir=yes&clen=11992408&dur=166.440&lmt=1607165534336336&mt=1609919103&fvip=5&keepalive=yes&c=WEB&txp=2316222&n=43bQJp4zUzw1df5g&sparams=expire%2Cei%2Cip%2Cid%2Caitags%2Csource%2Crequiressl%2Cgcr%2Cvprv%2Cmime%2Cns%2Cgir%2Cclen%2Cdur%2Clmt&lsparams=mh%2Cmm%2Cmn%2Cms%2Cmv%2Cmvi%2Cpl%2Cinitcwndbps&lsig=AG3C_xAwRQIgKTWDDaBGGXdqyuXIcrq89vjoflTfAyYUV0FMiZprbFkCIQD1LlZ0Ide0J2JOVzawpRLoS_uPQhfmIcQl89lrGHn9mA%3D%3D&sig=AOq0QJ8wRQIhAIwBrwH_POtd7FcvDU2x6TUrgPyaPQquNxu-ATMSaYIWAiB2CgmApdmnVepePtGAgs9WOa0uFwHh18nGsCDRxc1pXw==&ratebypass=yes", "player_url": "/s/player/5dd3f3b2/player_ias.vflset/en_US/base.js", "ext": "mp4", "height": 1080, "format_note": "1080p", "vcodec": "avc1.640020", "asr": null, "filesize": 11992408, "fps": 25, "tbr": 909.781, "width": 1080, "acodec": "none", "downloader_options": {"http_chunk_size": 10485760}, "format": "137 - 1080x1080 (1080p)", "protocol": "https", "http_headers": {"User-Agent": "Mozilla/5.0 (Windows NT 10.0; Win64; x64) AppleWebKit/537.36 (KHTML, like Gecko) Chrome/72.0.3602.1 Safari/537.36", "Accept-Charset": "ISO-8859-1,utf-8;q=0.7,*;q=0.7", "Accept": "text/html,application/xhtml+xml,application/xml;q=0.9,*/*;q=0.8", "Accept-Encoding": "gzip, deflate", "Accept-Language": "en-us,en;q=0.5"}}, {"format_id": "18", "url": "https://r5---sn-5njj-u2xl.googlevideo.com/videoplayback?expire=1609941077&ei=9Wv1X4vBMIyolQTqprgY&ip=140.109.134.180&id=o-AL3N11uc_HPEbGzsFhgShY95vaK8rVAUnxx8zJx5j5cH&itag=18&source=youtube&requiressl=yes&mh=4K&mm=31%2C29&mn=sn-5njj-u2xl%2Csn-un57en7s&ms=au%2Crdu&mv=m&mvi=5&pl=16&gcr=tw&initcwndbps=521250&vprv=1&mime=video%2Fmp4&ns=OZxJttmX7qnk9iRfxVF9OZUF&gir=yes&clen=2265482&ratebypass=yes&dur=166.510&lmt=1607165519016451&mt=1609919103&fvip=5&c=WEB&txp=2310222&n=sN4URzfyr10JBP7c&sparams=expire%2Cei%2Cip%2Cid%2Citag%2Csource%2Crequiressl%2Cgcr%2Cvprv%2Cmime%2Cns%2Cgir%2Cclen%2Cratebypass%2Cdur%2Clmt&lsparams=mh%2Cmm%2Cmn%2Cms%2Cmv%2Cmvi%2Cpl%2Cinitcwndbps&lsig=AG3C_xAwRQIgS0BPQ2cjOKxdWBaoJ1ja6dHtCOS13RQivBW6ck-lUO0CIQC_FgZYRw7m0GGnBMatbBHk2otAQfCcSirH6sl1m7DcQA%3D%3D&sig=AOq0QJ8wRQIhAJbaKH5HzKqEWBDkTNXlmPkhLAPhv-_Lhe1bhBLAxB4JAiAL4CZE4o-RcNuKUk7Y2daNEo-X3sd6poICq3ZUzN87wA==", "player_url": "/s/player/5dd3f3b2/player_ias.vflset/en_US/base.js", "ext": "mp4", "width": 360, "height": 360, "acodec": "mp4a.40.2", "abr": 96, "vcodec": "avc1.42001E", "asr": 44100, "filesize": 2265482, "format_note": "360p", "fps": 25, "tbr": 108.891, "format": "18 - 360x360 (360p)", "protocol": "https", "http_headers": {"User-Agent": "Mozilla/5.0 (Windows NT 10.0; Win64; x64) AppleWebKit/537.36 (KHTML, like Gecko) Chrome/72.0.3602.1 Safari/537.36", "Accept-Charset": "ISO-8859-1,utf-8;q=0.7,*;q=0.7", "Accept": "text/html,application/xhtml+xml,application/xml;q=0.9,*/*;q=0.8", "Accept-Encoding": "gzip, deflate", "Accept-Language": "en-us,en;q=0.5"}}], "is_live": null, "start_time": null, "end_time": null, "series": null, "season_number": null, "episode_number": null, "track": "Deliquescence", "artist": "Laura Olejnik", "album": "Deliquescence", "release_date": "20201211", "release_year": 2020, "extractor": "youtube", "webpage_url_basename": "watch", "extractor_key": "Youtube", "playlist": null, "playlist_index": null, "thumbnail": "https://i.ytimg.com/vi_webp/FyK_c-TIcCA/maxresdefault.webp", "display_id": "FyK_c-TIcCA", "requested_subtitles": null, "format_id": "251", "url": "https://r5---sn-5njj-u2xl.googlevideo.com/videoplayback?expire=1609941077&ei=9Wv1X4vBMIyolQTqprgY&ip=140.109.134.180&id=o-AL3N11uc_HPEbGzsFhgShY95vaK8rVAUnxx8zJx5j5cH&itag=251&source=youtube&requiressl=yes&mh=4K&mm=31%2C29&mn=sn-5njj-u2xl%2Csn-un57en7s&ms=au%2Crdu&mv=m&mvi=5&pl=16&gcr=tw&initcwndbps=521250&vprv=1&mime=audio%2Fwebm&ns=ciozQCEaPhlOuKXQcx2O3iwF&gir=yes&clen=3183120&dur=166.481&lmt=1607165523721296&mt=1609919103&fvip=5&keepalive=yes&c=WEB&txp=2311222&n=43bQJp4zUzw1df5g&sparams=expire%2Cei%2Cip%2Cid%2Citag%2Csource%2Crequiressl%2Cgcr%2Cvprv%2Cmime%2Cns%2Cgir%2Cclen%2Cdur%2Clmt&lsparams=mh%2Cmm%2Cmn%2Cms%2Cmv%2Cmvi%2Cpl%2Cinitcwndbps&lsig=AG3C_xAwRQIgUJ5k1xIGhPfmcGE7NWRtyoSuEyVNAcPLoDRq_ppLy5gCIQC0httdo7AIj8GeqGNDpKoMkfl0rnneiRscM5-qDCGRQg%3D%3D&sig=AOq0QJ8wRgIhAN-ZmSMyYa3jlgUVRfXsCZAZv1CLHD3Ognsy8ptcj8WqAiEAovtwtOKMz7y2xB3B0ntZzip7_WCShqJA4Mjgr5JT9h8=&ratebypass=yes", "player_url": "/s/player/5dd3f3b2/player_ias.vflset/en_US/base.js", "ext": "webm", "format_note": "tiny", "acodec": "opus", "abr": 160, "asr": 48000, "filesize": 3183120, "fps": null, "height": null, "tbr": 166.575, "width": null, "vcodec": "none", "downloader_options": {"http_chunk_size": 10485760}, "format": "251 - audio only (tiny)", "protocol": "https", "http_headers": {"User-Agent": "Mozilla/5.0 (Windows NT 10.0; Win64; x64) AppleWebKit/537.36 (KHTML, like Gecko) Chrome/72.0.3602.1 Safari/537.36", "Accept-Charset": "ISO-8859-1,utf-8;q=0.7,*;q=0.7", "Accept": "text/html,application/xhtml+xml,application/xml;q=0.9,*/*;q=0.8", "Accept-Encoding": "gzip, deflate", "Accept-Language": "en-us,en;q=0.5"}}