{"id": "HYVmgq5Y93g", "uploader": "Adam Fincher - Topic", "uploader_id": "UCIoVoKZtWmpjiID5t4mkQKQ", "uploader_url": "http://www.youtube.com/channel/UCIoVoKZtWmpjiID5t4mkQKQ", "channel_id": "UCIoVoKZtWmpjiID5t4mkQKQ", "channel_url": "http://www.youtube.com/channel/UCIoVoKZtWmpjiID5t4mkQKQ", "upload_date": "20201219", "license": null, "creator": "Adam Fincher", "title": "Vancouver", "alt_title": "Vancouver", "thumbnails": [{"url": "https://i.ytimg.com/vi/HYVmgq5Y93g/hqdefault.jpg?sqp=-oaymwEYCKgBEF5IVfKriqkDCwgBFQAAiEIYAXAB&rs=AOn4CLBa4onZNWALoRM7-_z3XB_GOXwJrQ", "width": 168, "height": 94, "resolution": "168x94", "id": "0"}, {"url": "https://i.ytimg.com/vi/HYVmgq5Y93g/hqdefault.jpg?sqp=-oaymwEYCMQBEG5IVfKriqkDCwgBFQAAiEIYAXAB&rs=AOn4CLDoe7lf90R5_4bIUBPWFPb6xtUnBg", "width": 196, "height": 110, "resolution": "196x110", "id": "1"}, {"url": "https://i.ytimg.com/vi/HYVmgq5Y93g/hqdefault.jpg?sqp=-oaymwEZCPYBEIoBSFXyq4qpAwsIARUAAIhCGAFwAQ==&rs=AOn4CLCGtXpNIjEAuEjwD2kIHCHjfnc0Kg", "width": 246, "height": 138, "resolution": "246x138", "id": "2"}, {"url": "https://i.ytimg.com/vi/HYVmgq5Y93g/hqdefault.jpg?sqp=-oaymwEZCNACELwBSFXyq4qpAwsIARUAAIhCGAFwAQ==&rs=AOn4CLBk9P5UKB99y6bA9YFCsx-n06oQ3g", "width": 336, "height": 188, "resolution": "336x188", "id": "3"}, {"url": "https://i.ytimg.com/vi_webp/HYVmgq5Y93g/maxresdefault.webp", "width": 1920, "height": 1080, "resolution": "1920x1080", "id": "4"}], "description": "Provided to YouTube by IIP-DDS\n\nVancouver \u00b7 Adam Fincher\n\nVancouver\n\n\u2117 Anonymous Nephew\n\nReleased on: 2017-01-01\n\nMusic  Publisher: Copyright Control\nMusic  Publisher: Copyright Control\nComposer: Jesper Nordenstr\u00f6m\nComposer: Fredrik Bostr\u00f6m\n\nAuto-generated by YouTube.", "categories": ["Music"], "tags": ["Adam Fincher", "Vancouver"], "subtitles": {}, "automatic_captions": {}, "duration": 212, "age_limit": 0, "annotations": null, "chapters": null, "webpage_url": "https://www.youtube.com/watch?v=HYVmgq5Y93g", "view_count": 36, "like_count": 3, "dislike_count": null, "average_rating": 5.0, "formats": [{"format_id": "249", "url": "https://r5---sn-ipoxu-u2xd.googlevideo.com/videoplayback?expire=1610368182&ei=VvD7X6DeC4m3qQHwnLSICw&ip=220.129.26.102&id=o-ALz_cI5nhLah-qS5WiIgiS-17qJ11mmY_8oGlMqyS374&itag=249&source=youtube&requiressl=yes&mh=Jw&mm=31%2C29&mn=sn-ipoxu-u2xd%2Csn-un57sn7z&ms=au%2Crdu&mv=m&mvi=5&pl=21&gcr=tw&initcwndbps=703750&vprv=1&mime=audio%2Fwebm&ns=WAhK_toFqL-w7xMIBHc-vPgF&gir=yes&clen=1572409&dur=211.641&lmt=1608366029740155&mt=1610345794&fvip=5&keepalive=yes&c=WEB&txp=2311222&n=NWD9-Wjb4JCccB&sparams=expire%2Cei%2Cip%2Cid%2Citag%2Csource%2Crequiressl%2Cgcr%2Cvprv%2Cmime%2Cns%2Cgir%2Cclen%2Cdur%2Clmt&lsparams=mh%2Cmm%2Cmn%2Cms%2Cmv%2Cmvi%2Cpl%2Cinitcwndbps&lsig=AG3C_xAwQwIfNyVo4E64_62fwXPgM3UW_R58ML1O4QjL7F6g1n5zhQIgZMKHTBqvs-qfWSyBvgAPHVgoM12wn4yVuF4tnaxF-9Y%3D&sig=AOq0QJ8wRQIhAMK09xNnXgZUMSj6wjOTZZOrZGC27Bi8bz2Z-dREXOP3AiBcke-MmzurgVXX8ibZ9yD30LkniloZBpqfwwgl2OFN5g==&ratebypass=yes", "player_url": "/s/player/9f996d3e/player_ias.vflset/en_US/base.js", "ext": "webm", "format_note": "tiny", "acodec": "opus", "abr": 50, "asr": 48000, "filesize": 1572409, "fps": null, "height": null, "tbr": 63.668, "width": null, "vcodec": "none", "downloader_options": {"http_chunk_size": 10485760}, "format": "249 - audio only (tiny)", "protocol": "https", "http_headers": {"User-Agent": "Mozilla/5.0 (Windows NT 10.0; Win64; x64) AppleWebKit/537.36 (KHTML, like Gecko) Chrome/71.0.3557.2 Safari/537.36", "Accept-Charset": "ISO-8859-1,utf-8;q=0.7,*;q=0.7", "Accept": "text/html,application/xhtml+xml,application/xml;q=0.9,*/*;q=0.8", "Accept-Encoding": "gzip, deflate", "Accept-Language": "en-us,en;q=0.5"}}, {"format_id": "250", "url": "https://r5---sn-ipoxu-u2xd.googlevideo.com/videoplayback?expire=1610368182&ei=VvD7X6DeC4m3qQHwnLSICw&ip=220.129.26.102&id=o-ALz_cI5nhLah-qS5WiIgiS-17qJ11mmY_8oGlMqyS374&itag=250&source=youtube&requiressl=yes&mh=Jw&mm=31%2C29&mn=sn-ipoxu-u2xd%2Csn-un57sn7z&ms=au%2Crdu&mv=m&mvi=5&pl=21&gcr=tw&initcwndbps=703750&vprv=1&mime=audio%2Fwebm&ns=WAhK_toFqL-w7xMIBHc-vPgF&gir=yes&clen=2063925&dur=211.641&lmt=1608366028974606&mt=1610345794&fvip=5&keepalive=yes&c=WEB&txp=2311222&n=NWD9-Wjb4JCccB&sparams=expire%2Cei%2Cip%2Cid%2Citag%2Csource%2Crequiressl%2Cgcr%2Cvprv%2Cmime%2Cns%2Cgir%2Cclen%2Cdur%2Clmt&lsparams=mh%2Cmm%2Cmn%2Cms%2Cmv%2Cmvi%2Cpl%2Cinitcwndbps&lsig=AG3C_xAwRAIgXeCDD8mLaTkYhNaiue5A-vCz75z9VHpJa9J3bTez1QACIF9G1MQxtb0VajnmxVkwQzCSDgUX57G4u_LAITIPglb7&sig=AOq0QJ8wRgIhALWnx_fZe24REU8b8B-V8B18F-M4qREKcDDsDgffH2N0AiEAjyF-Y3NI7ZxxT1QCX0cru9dP6duMWxvh0mwQmK6p5JE=&ratebypass=yes", "player_url": "/s/player/9f996d3e/player_ias.vflset/en_US/base.js", "ext": "webm", "format_note": "tiny", "acodec": "opus", "abr": 70, "asr": 48000, "filesize": 2063925, "fps": null, "height": null, "tbr": 82.919, "width": null, "vcodec": "none", "downloader_options": {"http_chunk_size": 10485760}, "format": "250 - audio only (tiny)", "protocol": "https", "http_headers": {"User-Agent": "Mozilla/5.0 (Windows NT 10.0; Win64; x64) AppleWebKit/537.36 (KHTML, like Gecko) Chrome/71.0.3557.2 Safari/537.36", "Accept-Charset": "ISO-8859-1,utf-8;q=0.7,*;q=0.7", "Accept": "text/html,application/xhtml+xml,application/xml;q=0.9,*/*;q=0.8", "Accept-Encoding": "gzip, deflate", "Accept-Language": "en-us,en;q=0.5"}}, {"format_id": "140", "url": "https://r5---sn-ipoxu-u2xd.googlevideo.com/videoplayback?expire=1610368182&ei=VvD7X6DeC4m3qQHwnLSICw&ip=220.129.26.102&id=o-ALz_cI5nhLah-qS5WiIgiS-17qJ11mmY_8oGlMqyS374&itag=140&source=youtube&requiressl=yes&mh=Jw&mm=31%2C29&mn=sn-ipoxu-u2xd%2Csn-un57sn7z&ms=au%2Crdu&mv=m&mvi=5&pl=21&gcr=tw&initcwndbps=703750&vprv=1&mime=audio%2Fmp4&ns=WAhK_toFqL-w7xMIBHc-vPgF&gir=yes&clen=3427080&dur=211.628&lmt=1608366046465622&mt=1610345794&fvip=5&keepalive=yes&c=WEB&txp=2311222&n=NWD9-Wjb4JCccB&sparams=expire%2Cei%2Cip%2Cid%2Citag%2Csource%2Crequiressl%2Cgcr%2Cvprv%2Cmime%2Cns%2Cgir%2Cclen%2Cdur%2Clmt&lsparams=mh%2Cmm%2Cmn%2Cms%2Cmv%2Cmvi%2Cpl%2Cinitcwndbps&lsig=AG3C_xAwRQIgWjcK3exFCqyhhSJlF6myrp5VDHqF9AN5UhYi7mwmolECIQD9QjAJvjEWxIN-Ux-HUjtJ7e_FVDFXcoaM3lD4RTSWLQ%3D%3D&sig=AOq0QJ8wRgIhAPT99zINf7kKMlp6WAqH8eYRCRytzDo7YekiQrz8vEUhAiEArKfMG7ZanIC-QkF5TtW3GHgdkd2YPUJPfF_rb8Isgb4=&ratebypass=yes", "player_url": "/s/player/9f996d3e/player_ias.vflset/en_US/base.js", "ext": "m4a", "format_note": "tiny", "acodec": "mp4a.40.2", "abr": 128, "container": "m4a_dash", "asr": 44100, "filesize": 3427080, "fps": null, "height": null, "tbr": 131.533, "width": null, "vcodec": "none", "downloader_options": {"http_chunk_size": 10485760}, "format": "140 - audio only (tiny)", "protocol": "https", "http_headers": {"User-Agent": "Mozilla/5.0 (Windows NT 10.0; Win64; x64) AppleWebKit/537.36 (KHTML, like Gecko) Chrome/71.0.3557.2 Safari/537.36", "Accept-Charset": "ISO-8859-1,utf-8;q=0.7,*;q=0.7", "Accept": "text/html,application/xhtml+xml,application/xml;q=0.9,*/*;q=0.8", "Accept-Encoding": "gzip, deflate", "Accept-Language": "en-us,en;q=0.5"}}, {"format_id": "251", "url": "https://r5---sn-ipoxu-u2xd.googlevideo.com/videoplayback?expire=1610368182&ei=VvD7X6DeC4m3qQHwnLSICw&ip=220.129.26.102&id=o-ALz_cI5nhLah-qS5WiIgiS-17qJ11mmY_8oGlMqyS374&itag=251&source=youtube&requiressl=yes&mh=Jw&mm=31%2C29&mn=sn-ipoxu-u2xd%2Csn-un57sn7z&ms=au%2Crdu&mv=m&mvi=5&pl=21&gcr=tw&initcwndbps=703750&vprv=1&mime=audio%2Fwebm&ns=WAhK_toFqL-w7xMIBHc-vPgF&gir=yes&clen=3983846&dur=211.641&lmt=1608366030039831&mt=1610345794&fvip=5&keepalive=yes&c=WEB&txp=2311222&n=NWD9-Wjb4JCccB&sparams=expire%2Cei%2Cip%2Cid%2Citag%2Csource%2Crequiressl%2Cgcr%2Cvprv%2Cmime%2Cns%2Cgir%2Cclen%2Cdur%2Clmt&lsparams=mh%2Cmm%2Cmn%2Cms%2Cmv%2Cmvi%2Cpl%2Cinitcwndbps&lsig=AG3C_xAwRQIgVOSYs1Yx6J3E4Cm8KKf9_s8ST_bE2oQB2jsTok3FiNcCIQDpKJAWCX1COaWZqRAVwwbCu56EAmQwtDLzP8iw3hW6Qg%3D%3D&sig=AOq0QJ8wRgIhAKz7tVvzbpbOELz0i_Wqx-M8MdEqkCJvuTQAFVJKxAfsAiEAv_6CPVq69HsWCidiumeneBDMlXQHbHkuPAUUcPj78Mw=&ratebypass=yes", "player_url": "/s/player/9f996d3e/player_ias.vflset/en_US/base.js", "ext": "webm", "format_note": "tiny", "acodec": "opus", "abr": 160, "asr": 48000, "filesize": 3983846, "fps": null, "height": null, "tbr": 157.187, "width": null, "vcodec": "none", "downloader_options": {"http_chunk_size": 10485760}, "format": "251 - audio only (tiny)", "protocol": "https", "http_headers": {"User-Agent": "Mozilla/5.0 (Windows NT 10.0; Win64; x64) AppleWebKit/537.36 (KHTML, like Gecko) Chrome/71.0.3557.2 Safari/537.36", "Accept-Charset": "ISO-8859-1,utf-8;q=0.7,*;q=0.7", "Accept": "text/html,application/xhtml+xml,application/xml;q=0.9,*/*;q=0.8", "Accept-Encoding": "gzip, deflate", "Accept-Language": "en-us,en;q=0.5"}}, {"format_id": "160", "url": "https://r5---sn-ipoxu-u2xd.googlevideo.com/videoplayback?expire=1610368182&ei=VvD7X6DeC4m3qQHwnLSICw&ip=220.129.26.102&id=o-ALz_cI5nhLah-qS5WiIgiS-17qJ11mmY_8oGlMqyS374&itag=160&aitags=133%2C134%2C135%2C136%2C137%2C160%2C242%2C243%2C244%2C247%2C248%2C278&source=youtube&requiressl=yes&mh=Jw&mm=31%2C29&mn=sn-ipoxu-u2xd%2Csn-un57sn7z&ms=au%2Crdu&mv=m&mvi=5&pl=21&gcr=tw&initcwndbps=703750&vprv=1&mime=video%2Fmp4&ns=WAhK_toFqL-w7xMIBHc-vPgF&gir=yes&clen=581589&dur=211.600&lmt=1608366039756083&mt=1610345794&fvip=5&keepalive=yes&c=WEB&txp=2316222&n=NWD9-Wjb4JCccB&sparams=expire%2Cei%2Cip%2Cid%2Caitags%2Csource%2Crequiressl%2Cgcr%2Cvprv%2Cmime%2Cns%2Cgir%2Cclen%2Cdur%2Clmt&lsparams=mh%2Cmm%2Cmn%2Cms%2Cmv%2Cmvi%2Cpl%2Cinitcwndbps&lsig=AG3C_xAwRQIhANoXTBPpUvE1pisK9ddO-Vun39ar-SlpbZH54urzdg85AiArDIRt6HL4jf_YEbZCJdH8s3HyxkrFYoF8k95GBpAziQ%3D%3D&sig=AOq0QJ8wRQIhANJeqF5aLzULwb_cTUMmLd4d8uz_7e7ziLjb1ikbzuyZAiAgrFqlKM5rRCzXOjInAyEf6JYcA_Ze77oI-DzkANwZuQ==&ratebypass=yes", "player_url": "/s/player/9f996d3e/player_ias.vflset/en_US/base.js", "ext": "mp4", "height": 144, "format_note": "144p", "vcodec": "avc1.4d400b", "asr": null, "filesize": 581589, "fps": 25, "tbr": 42.757, "width": 144, "acodec": "none", "downloader_options": {"http_chunk_size": 10485760}, "format": "160 - 144x144 (144p)", "protocol": "https", "http_headers": {"User-Agent": "Mozilla/5.0 (Windows NT 10.0; Win64; x64) AppleWebKit/537.36 (KHTML, like Gecko) Chrome/71.0.3557.2 Safari/537.36", "Accept-Charset": "ISO-8859-1,utf-8;q=0.7,*;q=0.7", "Accept": "text/html,application/xhtml+xml,application/xml;q=0.9,*/*;q=0.8", "Accept-Encoding": "gzip, deflate", "Accept-Language": "en-us,en;q=0.5"}}, {"format_id": "278", "url": "https://r5---sn-ipoxu-u2xd.googlevideo.com/videoplayback?expire=1610368182&ei=VvD7X6DeC4m3qQHwnLSICw&ip=220.129.26.102&id=o-ALz_cI5nhLah-qS5WiIgiS-17qJ11mmY_8oGlMqyS374&itag=278&aitags=133%2C134%2C135%2C136%2C137%2C160%2C242%2C243%2C244%2C247%2C248%2C278&source=youtube&requiressl=yes&mh=Jw&mm=31%2C29&mn=sn-ipoxu-u2xd%2Csn-un57sn7z&ms=au%2Crdu&mv=m&mvi=5&pl=21&gcr=tw&initcwndbps=703750&vprv=1&mime=video%2Fwebm&ns=WAhK_toFqL-w7xMIBHc-vPgF&gir=yes&clen=700002&dur=211.600&lmt=1608366043965844&mt=1610345794&fvip=5&keepalive=yes&c=WEB&txp=2316222&n=NWD9-Wjb4JCccB&sparams=expire%2Cei%2Cip%2Cid%2Caitags%2Csource%2Crequiressl%2Cgcr%2Cvprv%2Cmime%2Cns%2Cgir%2Cclen%2Cdur%2Clmt&lsparams=mh%2Cmm%2Cmn%2Cms%2Cmv%2Cmvi%2Cpl%2Cinitcwndbps&lsig=AG3C_xAwRgIhAKh1zAAg9_QHGiKqR44SkcbOPYbbFL_CxqCiExCnY7moAiEAzdkEqXGPMl_3ZvYVvfdm2_m_LsVeAqFpcMC1ZZ4K-7o%3D&sig=AOq0QJ8wRgIhAJ8LNL6nue7VMeLv1j3GHHBoSykP5pvVqVW0By9ivJbjAiEApCunRYyHMW0_XR444z0eQ8W_LMQIiYEa5zpXosW2TUA=&ratebypass=yes", "player_url": "/s/player/9f996d3e/player_ias.vflset/en_US/base.js", "ext": "webm", "height": 144, "format_note": "144p", "container": "webm", "vcodec": "vp9", "asr": null, "filesize": 700002, "fps": 25, "tbr": 59.576, "width": 144, "acodec": "none", "downloader_options": {"http_chunk_size": 10485760}, "format": "278 - 144x144 (144p)", "protocol": "https", "http_headers": {"User-Agent": "Mozilla/5.0 (Windows NT 10.0; Win64; x64) AppleWebKit/537.36 (KHTML, like Gecko) Chrome/71.0.3557.2 Safari/537.36", "Accept-Charset": "ISO-8859-1,utf-8;q=0.7,*;q=0.7", "Accept": "text/html,application/xhtml+xml,application/xml;q=0.9,*/*;q=0.8", "Accept-Encoding": "gzip, deflate", "Accept-Language": "en-us,en;q=0.5"}}, {"format_id": "133", "url": "https://r5---sn-ipoxu-u2xd.googlevideo.com/videoplayback?expire=1610368182&ei=VvD7X6DeC4m3qQHwnLSICw&ip=220.129.26.102&id=o-ALz_cI5nhLah-qS5WiIgiS-17qJ11mmY_8oGlMqyS374&itag=133&aitags=133%2C134%2C135%2C136%2C137%2C160%2C242%2C243%2C244%2C247%2C248%2C278&source=youtube&requiressl=yes&mh=Jw&mm=31%2C29&mn=sn-ipoxu-u2xd%2Csn-un57sn7z&ms=au%2Crdu&mv=m&mvi=5&pl=21&gcr=tw&initcwndbps=703750&vprv=1&mime=video%2Fmp4&ns=WAhK_toFqL-w7xMIBHc-vPgF&gir=yes&clen=1211616&dur=211.600&lmt=1608366039755999&mt=1610345794&fvip=5&keepalive=yes&c=WEB&txp=2316222&n=NWD9-Wjb4JCccB&sparams=expire%2Cei%2Cip%2Cid%2Caitags%2Csource%2Crequiressl%2Cgcr%2Cvprv%2Cmime%2Cns%2Cgir%2Cclen%2Cdur%2Clmt&lsparams=mh%2Cmm%2Cmn%2Cms%2Cmv%2Cmvi%2Cpl%2Cinitcwndbps&lsig=AG3C_xAwRAIgAQpEtgsEklJMddCMHBn0Q3cC_-i0911HXhZV9BqnIgICIAT1yWkk8obZD-BcMZSXspE8w9D5BIPAPTZ0aZR-_gyg&sig=AOq0QJ8wRAIgLY3TUe-uKmerGkEBaxvZwalBR0HZspSUf1na6rvLnVYCIBYzTm-f2BKhtwNe9qd850B0QQGu6rN7tIfg3rcD2S7j&ratebypass=yes", "player_url": "/s/player/9f996d3e/player_ias.vflset/en_US/base.js", "ext": "mp4", "height": 240, "format_note": "240p", "vcodec": "avc1.4d400c", "asr": null, "filesize": 1211616, "fps": 25, "tbr": 101.038, "width": 240, "acodec": "none", "downloader_options": {"http_chunk_size": 10485760}, "format": "133 - 240x240 (240p)", "protocol": "https", "http_headers": {"User-Agent": "Mozilla/5.0 (Windows NT 10.0; Win64; x64) AppleWebKit/537.36 (KHTML, like Gecko) Chrome/71.0.3557.2 Safari/537.36", "Accept-Charset": "ISO-8859-1,utf-8;q=0.7,*;q=0.7", "Accept": "text/html,application/xhtml+xml,application/xml;q=0.9,*/*;q=0.8", "Accept-Encoding": "gzip, deflate", "Accept-Language": "en-us,en;q=0.5"}}, {"format_id": "242", "url": "https://r5---sn-ipoxu-u2xd.googlevideo.com/videoplayback?expire=1610368182&ei=VvD7X6DeC4m3qQHwnLSICw&ip=220.129.26.102&id=o-ALz_cI5nhLah-qS5WiIgiS-17qJ11mmY_8oGlMqyS374&itag=242&aitags=133%2C134%2C135%2C136%2C137%2C160%2C242%2C243%2C244%2C247%2C248%2C278&source=youtube&requiressl=yes&mh=Jw&mm=31%2C29&mn=sn-ipoxu-u2xd%2Csn-un57sn7z&ms=au%2Crdu&mv=m&mvi=5&pl=21&gcr=tw&initcwndbps=703750&vprv=1&mime=video%2Fwebm&ns=WAhK_toFqL-w7xMIBHc-vPgF&gir=yes&clen=1289388&dur=211.600&lmt=1608366043960359&mt=1610345794&fvip=5&keepalive=yes&c=WEB&txp=2316222&n=NWD9-Wjb4JCccB&sparams=expire%2Cei%2Cip%2Cid%2Caitags%2Csource%2Crequiressl%2Cgcr%2Cvprv%2Cmime%2Cns%2Cgir%2Cclen%2Cdur%2Clmt&lsparams=mh%2Cmm%2Cmn%2Cms%2Cmv%2Cmvi%2Cpl%2Cinitcwndbps&lsig=AG3C_xAwRAIgGwqmVDQlkIR6TuR9qx-KArNxp1Wq44TCoi8u7Dln9cMCID_BuMWXvzppUJluepfUvml_xj2I4CjM4plnSfwmuFKy&sig=AOq0QJ8wRQIhAJkkVwda2d3sBYjEnBUiP2N606PadGIwo2HdyxkIkuj4AiBzKR8TjYGXqjV5DeMUb2kvXpkb1GN7B7nZjfr_YYEA2w==&ratebypass=yes", "player_url": "/s/player/9f996d3e/player_ias.vflset/en_US/base.js", "ext": "webm", "height": 240, "format_note": "240p", "vcodec": "vp9", "asr": null, "filesize": 1289388, "fps": 25, "tbr": 131.276, "width": 240, "acodec": "none", "downloader_options": {"http_chunk_size": 10485760}, "format": "242 - 240x240 (240p)", "protocol": "https", "http_headers": {"User-Agent": "Mozilla/5.0 (Windows NT 10.0; Win64; x64) AppleWebKit/537.36 (KHTML, like Gecko) Chrome/71.0.3557.2 Safari/537.36", "Accept-Charset": "ISO-8859-1,utf-8;q=0.7,*;q=0.7", "Accept": "text/html,application/xhtml+xml,application/xml;q=0.9,*/*;q=0.8", "Accept-Encoding": "gzip, deflate", "Accept-Language": "en-us,en;q=0.5"}}, {"format_id": "134", "url": "https://r5---sn-ipoxu-u2xd.googlevideo.com/videoplayback?expire=1610368182&ei=VvD7X6DeC4m3qQHwnLSICw&ip=220.129.26.102&id=o-ALz_cI5nhLah-qS5WiIgiS-17qJ11mmY_8oGlMqyS374&itag=134&aitags=133%2C134%2C135%2C136%2C137%2C160%2C242%2C243%2C244%2C247%2C248%2C278&source=youtube&requiressl=yes&mh=Jw&mm=31%2C29&mn=sn-ipoxu-u2xd%2Csn-un57sn7z&ms=au%2Crdu&mv=m&mvi=5&pl=21&gcr=tw&initcwndbps=703750&vprv=1&mime=video%2Fmp4&ns=WAhK_toFqL-w7xMIBHc-vPgF&gir=yes&clen=2263588&dur=211.600&lmt=1608366039756900&mt=1610345794&fvip=5&keepalive=yes&c=WEB&txp=2316222&n=NWD9-Wjb4JCccB&sparams=expire%2Cei%2Cip%2Cid%2Caitags%2Csource%2Crequiressl%2Cgcr%2Cvprv%2Cmime%2Cns%2Cgir%2Cclen%2Cdur%2Clmt&lsparams=mh%2Cmm%2Cmn%2Cms%2Cmv%2Cmvi%2Cpl%2Cinitcwndbps&lsig=AG3C_xAwRgIhAPxYV-GKfLwerMlUgV0kJSt7SMdE6G27TimB2w-e7dVNAiEAyPe4b6tIIOE4ChTaGmmBEpvFoHqprxC7XGImtu3p6yo%3D&sig=AOq0QJ8wRgIhAN-QmhuxGe0VQ5BQJghQpR1Yu_XtYKd9PdXq79wPQ0GYAiEA9x43pcMJWjnbDwVaOOpyClzcQSyg8GemZzzyLFOFpzs=&ratebypass=yes", "player_url": "/s/player/9f996d3e/player_ias.vflset/en_US/base.js", "ext": "mp4", "height": 360, "format_note": "360p", "vcodec": "avc1.4d4015", "asr": null, "filesize": 2263588, "fps": 25, "tbr": 205.257, "width": 360, "acodec": "none", "downloader_options": {"http_chunk_size": 10485760}, "format": "134 - 360x360 (360p)", "protocol": "https", "http_headers": {"User-Agent": "Mozilla/5.0 (Windows NT 10.0; Win64; x64) AppleWebKit/537.36 (KHTML, like Gecko) Chrome/71.0.3557.2 Safari/537.36", "Accept-Charset": "ISO-8859-1,utf-8;q=0.7,*;q=0.7", "Accept": "text/html,application/xhtml+xml,application/xml;q=0.9,*/*;q=0.8", "Accept-Encoding": "gzip, deflate", "Accept-Language": "en-us,en;q=0.5"}}, {"format_id": "243", "url": "https://r5---sn-ipoxu-u2xd.googlevideo.com/videoplayback?expire=1610368182&ei=VvD7X6DeC4m3qQHwnLSICw&ip=220.129.26.102&id=o-ALz_cI5nhLah-qS5WiIgiS-17qJ11mmY_8oGlMqyS374&itag=243&aitags=133%2C134%2C135%2C136%2C137%2C160%2C242%2C243%2C244%2C247%2C248%2C278&source=youtube&requiressl=yes&mh=Jw&mm=31%2C29&mn=sn-ipoxu-u2xd%2Csn-un57sn7z&ms=au%2Crdu&mv=m&mvi=5&pl=21&gcr=tw&initcwndbps=703750&vprv=1&mime=video%2Fwebm&ns=WAhK_toFqL-w7xMIBHc-vPgF&gir=yes&clen=2192006&dur=211.600&lmt=1608366043961890&mt=1610345794&fvip=5&keepalive=yes&c=WEB&txp=2316222&n=NWD9-Wjb4JCccB&sparams=expire%2Cei%2Cip%2Cid%2Caitags%2Csource%2Crequiressl%2Cgcr%2Cvprv%2Cmime%2Cns%2Cgir%2Cclen%2Cdur%2Clmt&lsparams=mh%2Cmm%2Cmn%2Cms%2Cmv%2Cmvi%2Cpl%2Cinitcwndbps&lsig=AG3C_xAwRQIhALlxkeYvbzFaKzwEAo-Rar2wI4c10kjsuU2SnUf1JLVTAiBc4lbx9w2mfh2-p_ZE1sQmy95_M39uugD7E8j71XYZfw%3D%3D&sig=AOq0QJ8wRQIhAKcMe1CmWiDMjINV09MErIJalCX1m2CkVPVnsKtR8qYhAiBbVBGX16UB4m-A0bkXVoC2IfJ0IU7rMZ_0zNMnUNrI7Q==&ratebypass=yes", "player_url": "/s/player/9f996d3e/player_ias.vflset/en_US/base.js", "ext": "webm", "height": 360, "format_note": "360p", "vcodec": "vp9", "asr": null, "filesize": 2192006, "fps": 25, "tbr": 231.038, "width": 360, "acodec": "none", "downloader_options": {"http_chunk_size": 10485760}, "format": "243 - 360x360 (360p)", "protocol": "https", "http_headers": {"User-Agent": "Mozilla/5.0 (Windows NT 10.0; Win64; x64) AppleWebKit/537.36 (KHTML, like Gecko) Chrome/71.0.3557.2 Safari/537.36", "Accept-Charset": "ISO-8859-1,utf-8;q=0.7,*;q=0.7", "Accept": "text/html,application/xhtml+xml,application/xml;q=0.9,*/*;q=0.8", "Accept-Encoding": "gzip, deflate", "Accept-Language": "en-us,en;q=0.5"}}, {"format_id": "135", "url": "https://r5---sn-ipoxu-u2xd.googlevideo.com/videoplayback?expire=1610368182&ei=VvD7X6DeC4m3qQHwnLSICw&ip=220.129.26.102&id=o-ALz_cI5nhLah-qS5WiIgiS-17qJ11mmY_8oGlMqyS374&itag=135&aitags=133%2C134%2C135%2C136%2C137%2C160%2C242%2C243%2C244%2C247%2C248%2C278&source=youtube&requiressl=yes&mh=Jw&mm=31%2C29&mn=sn-ipoxu-u2xd%2Csn-un57sn7z&ms=au%2Crdu&mv=m&mvi=5&pl=21&gcr=tw&initcwndbps=703750&vprv=1&mime=video%2Fmp4&ns=WAhK_toFqL-w7xMIBHc-vPgF&gir=yes&clen=4244887&dur=211.600&lmt=1608366039756461&mt=1610345794&fvip=5&keepalive=yes&c=WEB&txp=2316222&n=NWD9-Wjb4JCccB&sparams=expire%2Cei%2Cip%2Cid%2Caitags%2Csource%2Crequiressl%2Cgcr%2Cvprv%2Cmime%2Cns%2Cgir%2Cclen%2Cdur%2Clmt&lsparams=mh%2Cmm%2Cmn%2Cms%2Cmv%2Cmvi%2Cpl%2Cinitcwndbps&lsig=AG3C_xAwRQIgDDo58Uab_N04_o7X15EX4KNe0fglgT8ZDz44wEaVzV0CIQCp0yR4V0W-vVUMKt2e9sjbov4itI04nmKno0GWJF8rOQ%3D%3D&sig=AOq0QJ8wRQIgS_zfJF5R997-ebDqTKxLNsBLF35V99qy3V7ZgrE2hloCIQDbYZiNzrdcU2XeQKnkZ8zZ6t7taa9m_NRkDtAwGYjXbw==&ratebypass=yes", "player_url": "/s/player/9f996d3e/player_ias.vflset/en_US/base.js", "ext": "mp4", "height": 480, "format_note": "480p", "vcodec": "avc1.4d401e", "asr": null, "filesize": 4244887, "fps": 25, "tbr": 367.771, "width": 480, "acodec": "none", "downloader_options": {"http_chunk_size": 10485760}, "format": "135 - 480x480 (480p)", "protocol": "https", "http_headers": {"User-Agent": "Mozilla/5.0 (Windows NT 10.0; Win64; x64) AppleWebKit/537.36 (KHTML, like Gecko) Chrome/71.0.3557.2 Safari/537.36", "Accept-Charset": "ISO-8859-1,utf-8;q=0.7,*;q=0.7", "Accept": "text/html,application/xhtml+xml,application/xml;q=0.9,*/*;q=0.8", "Accept-Encoding": "gzip, deflate", "Accept-Language": "en-us,en;q=0.5"}}, {"format_id": "244", "url": "https://r5---sn-ipoxu-u2xd.googlevideo.com/videoplayback?expire=1610368182&ei=VvD7X6DeC4m3qQHwnLSICw&ip=220.129.26.102&id=o-ALz_cI5nhLah-qS5WiIgiS-17qJ11mmY_8oGlMqyS374&itag=244&aitags=133%2C134%2C135%2C136%2C137%2C160%2C242%2C243%2C244%2C247%2C248%2C278&source=youtube&requiressl=yes&mh=Jw&mm=31%2C29&mn=sn-ipoxu-u2xd%2Csn-un57sn7z&ms=au%2Crdu&mv=m&mvi=5&pl=21&gcr=tw&initcwndbps=703750&vprv=1&mime=video%2Fwebm&ns=WAhK_toFqL-w7xMIBHc-vPgF&gir=yes&clen=3777609&dur=211.600&lmt=1608366043958774&mt=1610345794&fvip=5&keepalive=yes&c=WEB&txp=2316222&n=NWD9-Wjb4JCccB&sparams=expire%2Cei%2Cip%2Cid%2Caitags%2Csource%2Crequiressl%2Cgcr%2Cvprv%2Cmime%2Cns%2Cgir%2Cclen%2Cdur%2Clmt&lsparams=mh%2Cmm%2Cmn%2Cms%2Cmv%2Cmvi%2Cpl%2Cinitcwndbps&lsig=AG3C_xAwRgIhAK0kfgK917ST2Fbm5AW4eltPd2hsWOa0iueRzZWXZdXkAiEAhicasQ1F6BBioRf0JQBejRXPFzz3kGSht3ArT75FeQo%3D&sig=AOq0QJ8wRQIhAPU7pWbYwdayodvBBCHGssGvwTWTk5qSVQeSZcAsNm43AiAGILcYLaBH-fi3jT9gj2opg0VFCxbClEoOp_gON39T1Q==&ratebypass=yes", "player_url": "/s/player/9f996d3e/player_ias.vflset/en_US/base.js", "ext": "webm", "height": 480, "format_note": "480p", "vcodec": "vp9", "asr": null, "filesize": 3777609, "fps": 25, "tbr": 389.614, "width": 480, "acodec": "none", "downloader_options": {"http_chunk_size": 10485760}, "format": "244 - 480x480 (480p)", "protocol": "https", "http_headers": {"User-Agent": "Mozilla/5.0 (Windows NT 10.0; Win64; x64) AppleWebKit/537.36 (KHTML, like Gecko) Chrome/71.0.3557.2 Safari/537.36", "Accept-Charset": "ISO-8859-1,utf-8;q=0.7,*;q=0.7", "Accept": "text/html,application/xhtml+xml,application/xml;q=0.9,*/*;q=0.8", "Accept-Encoding": "gzip, deflate", "Accept-Language": "en-us,en;q=0.5"}}, {"format_id": "247", "url": "https://r5---sn-ipoxu-u2xd.googlevideo.com/videoplayback?expire=1610368182&ei=VvD7X6DeC4m3qQHwnLSICw&ip=220.129.26.102&id=o-ALz_cI5nhLah-qS5WiIgiS-17qJ11mmY_8oGlMqyS374&itag=247&aitags=133%2C134%2C135%2C136%2C137%2C160%2C242%2C243%2C244%2C247%2C248%2C278&source=youtube&requiressl=yes&mh=Jw&mm=31%2C29&mn=sn-ipoxu-u2xd%2Csn-un57sn7z&ms=au%2Crdu&mv=m&mvi=5&pl=21&gcr=tw&initcwndbps=703750&vprv=1&mime=video%2Fwebm&ns=WAhK_toFqL-w7xMIBHc-vPgF&gir=yes&clen=7979213&dur=211.600&lmt=1608366043958257&mt=1610345794&fvip=5&keepalive=yes&c=WEB&txp=2316222&n=NWD9-Wjb4JCccB&sparams=expire%2Cei%2Cip%2Cid%2Caitags%2Csource%2Crequiressl%2Cgcr%2Cvprv%2Cmime%2Cns%2Cgir%2Cclen%2Cdur%2Clmt&lsparams=mh%2Cmm%2Cmn%2Cms%2Cmv%2Cmvi%2Cpl%2Cinitcwndbps&lsig=AG3C_xAwRQIhAP-4-TU6z947aAf6mZ4s-Wr0-5jDRWugDAaS6sndajPzAiBPrdR7XAdvsb4yOC-n83htNQOLBj6Q6VI0Q4fQ9aSxlg%3D%3D&sig=AOq0QJ8wRAIgXZhyMImbNlfHWMAKuAKr949kR_yj8dOeZxUw8a6TcDcCIBqxMouXDKJif8Wq9LLId0jlt6M5Sbbo_o9faBqtwo1v&ratebypass=yes", "player_url": "/s/player/9f996d3e/player_ias.vflset/en_US/base.js", "ext": "webm", "height": 720, "format_note": "720p", "vcodec": "vp9", "asr": null, "filesize": 7979213, "fps": 25, "tbr": 758.057, "width": 720, "acodec": "none", "downloader_options": {"http_chunk_size": 10485760}, "format": "247 - 720x720 (720p)", "protocol": "https", "http_headers": {"User-Agent": "Mozilla/5.0 (Windows NT 10.0; Win64; x64) AppleWebKit/537.36 (KHTML, like Gecko) Chrome/71.0.3557.2 Safari/537.36", "Accept-Charset": "ISO-8859-1,utf-8;q=0.7,*;q=0.7", "Accept": "text/html,application/xhtml+xml,application/xml;q=0.9,*/*;q=0.8", "Accept-Encoding": "gzip, deflate", "Accept-Language": "en-us,en;q=0.5"}}, {"format_id": "136", "url": "https://r5---sn-ipoxu-u2xd.googlevideo.com/videoplayback?expire=1610368182&ei=VvD7X6DeC4m3qQHwnLSICw&ip=220.129.26.102&id=o-ALz_cI5nhLah-qS5WiIgiS-17qJ11mmY_8oGlMqyS374&itag=136&aitags=133%2C134%2C135%2C136%2C137%2C160%2C242%2C243%2C244%2C247%2C248%2C278&source=youtube&requiressl=yes&mh=Jw&mm=31%2C29&mn=sn-ipoxu-u2xd%2Csn-un57sn7z&ms=au%2Crdu&mv=m&mvi=5&pl=21&gcr=tw&initcwndbps=703750&vprv=1&mime=video%2Fmp4&ns=WAhK_toFqL-w7xMIBHc-vPgF&gir=yes&clen=9374914&dur=211.600&lmt=1608366039756103&mt=1610345794&fvip=5&keepalive=yes&c=WEB&txp=2316222&n=NWD9-Wjb4JCccB&sparams=expire%2Cei%2Cip%2Cid%2Caitags%2Csource%2Crequiressl%2Cgcr%2Cvprv%2Cmime%2Cns%2Cgir%2Cclen%2Cdur%2Clmt&lsparams=mh%2Cmm%2Cmn%2Cms%2Cmv%2Cmvi%2Cpl%2Cinitcwndbps&lsig=AG3C_xAwRAIgdhONawJ4abEOtUjx9-8EQ1ieCg3JvoJR7VEI5Gi0RrkCIAWRnKNIItmiHOmX4uHfElO5YYPUSvZrQkqOlIsWLmVP&sig=AOq0QJ8wRAIgPufyXdAsd2LoIgbbCmhyNEj8AT91NodNKIBMNmO7BuECIAXOg6IZ8KwMOz-1cl4_NbjK0YKtZSgtLAubmzEOYQM8&ratebypass=yes", "player_url": "/s/player/9f996d3e/player_ias.vflset/en_US/base.js", "ext": "mp4", "height": 720, "format_note": "720p", "vcodec": "avc1.64001f", "asr": null, "filesize": 9374914, "fps": 25, "tbr": 887.023, "width": 720, "acodec": "none", "downloader_options": {"http_chunk_size": 10485760}, "format": "136 - 720x720 (720p)", "protocol": "https", "http_headers": {"User-Agent": "Mozilla/5.0 (Windows NT 10.0; Win64; x64) AppleWebKit/537.36 (KHTML, like Gecko) Chrome/71.0.3557.2 Safari/537.36", "Accept-Charset": "ISO-8859-1,utf-8;q=0.7,*;q=0.7", "Accept": "text/html,application/xhtml+xml,application/xml;q=0.9,*/*;q=0.8", "Accept-Encoding": "gzip, deflate", "Accept-Language": "en-us,en;q=0.5"}}, {"format_id": "137", "url": "https://r5---sn-ipoxu-u2xd.googlevideo.com/videoplayback?expire=1610368182&ei=VvD7X6DeC4m3qQHwnLSICw&ip=220.129.26.102&id=o-ALz_cI5nhLah-qS5WiIgiS-17qJ11mmY_8oGlMqyS374&itag=137&aitags=133%2C134%2C135%2C136%2C137%2C160%2C242%2C243%2C244%2C247%2C248%2C278&source=youtube&requiressl=yes&mh=Jw&mm=31%2C29&mn=sn-ipoxu-u2xd%2Csn-un57sn7z&ms=au%2Crdu&mv=m&mvi=5&pl=21&gcr=tw&initcwndbps=703750&vprv=1&mime=video%2Fmp4&ns=WAhK_toFqL-w7xMIBHc-vPgF&gir=yes&clen=21051989&dur=211.600&lmt=1608366039756747&mt=1610345794&fvip=5&keepalive=yes&c=WEB&txp=2316222&n=NWD9-Wjb4JCccB&sparams=expire%2Cei%2Cip%2Cid%2Caitags%2Csource%2Crequiressl%2Cgcr%2Cvprv%2Cmime%2Cns%2Cgir%2Cclen%2Cdur%2Clmt&lsparams=mh%2Cmm%2Cmn%2Cms%2Cmv%2Cmvi%2Cpl%2Cinitcwndbps&lsig=AG3C_xAwRQIhAJbjyrrnXH_xqrrmTLQIzKUsN5KXTT8oUFKO84TS1M8GAiB0RtMo4pjl525RVCs3Ctb0R56AMUzVF-2DLHNimuHHKQ%3D%3D&sig=AOq0QJ8wRQIgYM3YoGARKa9cR8WpH_4qw9g7QAr5MG6fSTqI5VinDEUCIQDroCEGs-GujKMxRT9ec-oa3Mnv0WRNuY_rk93l2KY8dQ==&ratebypass=yes", "player_url": "/s/player/9f996d3e/player_ias.vflset/en_US/base.js", "ext": "mp4", "height": 1080, "format_note": "1080p", "vcodec": "avc1.640020", "asr": null, "filesize": 21051989, "fps": 25, "tbr": 1801.061, "width": 1080, "acodec": "none", "downloader_options": {"http_chunk_size": 10485760}, "format": "137 - 1080x1080 (1080p)", "protocol": "https", "http_headers": {"User-Agent": "Mozilla/5.0 (Windows NT 10.0; Win64; x64) AppleWebKit/537.36 (KHTML, like Gecko) Chrome/71.0.3557.2 Safari/537.36", "Accept-Charset": "ISO-8859-1,utf-8;q=0.7,*;q=0.7", "Accept": "text/html,application/xhtml+xml,application/xml;q=0.9,*/*;q=0.8", "Accept-Encoding": "gzip, deflate", "Accept-Language": "en-us,en;q=0.5"}}, {"format_id": "248", "url": "https://r5---sn-ipoxu-u2xd.googlevideo.com/videoplayback?expire=1610368182&ei=VvD7X6DeC4m3qQHwnLSICw&ip=220.129.26.102&id=o-ALz_cI5nhLah-qS5WiIgiS-17qJ11mmY_8oGlMqyS374&itag=248&aitags=133%2C134%2C135%2C136%2C137%2C160%2C242%2C243%2C244%2C247%2C248%2C278&source=youtube&requiressl=yes&mh=Jw&mm=31%2C29&mn=sn-ipoxu-u2xd%2Csn-un57sn7z&ms=au%2Crdu&mv=m&mvi=5&pl=21&gcr=tw&initcwndbps=703750&vprv=1&mime=video%2Fwebm&ns=WAhK_toFqL-w7xMIBHc-vPgF&gir=yes&clen=17444072&dur=211.600&lmt=1608366043958791&mt=1610345794&fvip=5&keepalive=yes&c=WEB&txp=2316222&n=NWD9-Wjb4JCccB&sparams=expire%2Cei%2Cip%2Cid%2Caitags%2Csource%2Crequiressl%2Cgcr%2Cvprv%2Cmime%2Cns%2Cgir%2Cclen%2Cdur%2Clmt&lsparams=mh%2Cmm%2Cmn%2Cms%2Cmv%2Cmvi%2Cpl%2Cinitcwndbps&lsig=AG3C_xAwRQIgCnYuPJh3qepV8EVk9R6mBQ20iFGzX9k_YdquTS5i8WcCIQD82QS04a2Ypgh_3GZZttZeoRPEK4Ukz8MJJE82MPEusQ%3D%3D&sig=AOq0QJ8wRAIgPDSMT9OGIQeH0mAp6c2iTWZOG-4NSxrPiW3_XOfQ8xECIFLOK_-U40cG2d9vUc7ylR9O8K9aWeqKRenkJLucjsIs&ratebypass=yes", "player_url": "/s/player/9f996d3e/player_ias.vflset/en_US/base.js", "ext": "webm", "height": 1080, "format_note": "1080p", "vcodec": "vp9", "asr": null, "filesize": 17444072, "fps": 25, "tbr": 1955.295, "width": 1080, "acodec": "none", "downloader_options": {"http_chunk_size": 10485760}, "format": "248 - 1080x1080 (1080p)", "protocol": "https", "http_headers": {"User-Agent": "Mozilla/5.0 (Windows NT 10.0; Win64; x64) AppleWebKit/537.36 (KHTML, like Gecko) Chrome/71.0.3557.2 Safari/537.36", "Accept-Charset": "ISO-8859-1,utf-8;q=0.7,*;q=0.7", "Accept": "text/html,application/xhtml+xml,application/xml;q=0.9,*/*;q=0.8", "Accept-Encoding": "gzip, deflate", "Accept-Language": "en-us,en;q=0.5"}}, {"format_id": "18", "url": "https://r5---sn-ipoxu-u2xd.googlevideo.com/videoplayback?expire=1610368182&ei=VvD7X6DeC4m3qQHwnLSICw&ip=220.129.26.102&id=o-ALz_cI5nhLah-qS5WiIgiS-17qJ11mmY_8oGlMqyS374&itag=18&source=youtube&requiressl=yes&mh=Jw&mm=31%2C29&mn=sn-ipoxu-u2xd%2Csn-un57sn7z&ms=au%2Crdu&mv=m&mvi=5&pl=21&gcr=tw&initcwndbps=703750&vprv=1&mime=video%2Fmp4&ns=IqtZrJuTxpxMHFxJtPmxs7UF&gir=yes&clen=4207626&ratebypass=yes&dur=211.673&lmt=1608366019720867&mt=1610345794&fvip=5&c=WEB&txp=2310222&n=8UiNdHNYH9gzLs&sparams=expire%2Cei%2Cip%2Cid%2Citag%2Csource%2Crequiressl%2Cgcr%2Cvprv%2Cmime%2Cns%2Cgir%2Cclen%2Cratebypass%2Cdur%2Clmt&lsparams=mh%2Cmm%2Cmn%2Cms%2Cmv%2Cmvi%2Cpl%2Cinitcwndbps&lsig=AG3C_xAwRQIgLhFOitrq3vHOTQEQt_kOSclvsttOlBQnWPj6N-KT-rsCIQCDu7IPtkGbSYY9KTumGIHIo4NeLQPhiB890TGVEc2J9w%3D%3D&sig=AOq0QJ8wRAIgHEtcrMRmWS511JlmBRX3Rofo8B3RyXC8-6En1R0TYDgCIHXcXRuy90HdDD6pX27lFzR0L0rUlRKNzCPtA8ijTQhZ", "player_url": "/s/player/9f996d3e/player_ias.vflset/en_US/base.js", "ext": "mp4", "width": 360, "height": 360, "acodec": "mp4a.40.2", "abr": 96, "vcodec": "avc1.42001E", "asr": 44100, "filesize": 4207626, "format_note": "360p", "fps": 25, "tbr": 159.078, "format": "18 - 360x360 (360p)", "protocol": "https", "http_headers": {"User-Agent": "Mozilla/5.0 (Windows NT 10.0; Win64; x64) AppleWebKit/537.36 (KHTML, like Gecko) Chrome/71.0.3557.2 Safari/537.36", "Accept-Charset": "ISO-8859-1,utf-8;q=0.7,*;q=0.7", "Accept": "text/html,application/xhtml+xml,application/xml;q=0.9,*/*;q=0.8", "Accept-Encoding": "gzip, deflate", "Accept-Language": "en-us,en;q=0.5"}}], "is_live": null, "start_time": null, "end_time": null, "series": null, "season_number": null, "episode_number": null, "track": "Vancouver", "artist": "Adam Fincher", "album": "Vancouver", "release_date": "20170101", "release_year": 2017, "extractor": "youtube", "webpage_url_basename": "watch", "extractor_key": "Youtube", "playlist": null, "playlist_index": null, "thumbnail": "https://i.ytimg.com/vi_webp/HYVmgq5Y93g/maxresdefault.webp", "display_id": "HYVmgq5Y93g", "requested_subtitles": null, "format_id": "251", "url": "https://r5---sn-ipoxu-u2xd.googlevideo.com/videoplayback?expire=1610368182&ei=VvD7X6DeC4m3qQHwnLSICw&ip=220.129.26.102&id=o-ALz_cI5nhLah-qS5WiIgiS-17qJ11mmY_8oGlMqyS374&itag=251&source=youtube&requiressl=yes&mh=Jw&mm=31%2C29&mn=sn-ipoxu-u2xd%2Csn-un57sn7z&ms=au%2Crdu&mv=m&mvi=5&pl=21&gcr=tw&initcwndbps=703750&vprv=1&mime=audio%2Fwebm&ns=WAhK_toFqL-w7xMIBHc-vPgF&gir=yes&clen=3983846&dur=211.641&lmt=1608366030039831&mt=1610345794&fvip=5&keepalive=yes&c=WEB&txp=2311222&n=NWD9-Wjb4JCccB&sparams=expire%2Cei%2Cip%2Cid%2Citag%2Csource%2Crequiressl%2Cgcr%2Cvprv%2Cmime%2Cns%2Cgir%2Cclen%2Cdur%2Clmt&lsparams=mh%2Cmm%2Cmn%2Cms%2Cmv%2Cmvi%2Cpl%2Cinitcwndbps&lsig=AG3C_xAwRQIgVOSYs1Yx6J3E4Cm8KKf9_s8ST_bE2oQB2jsTok3FiNcCIQDpKJAWCX1COaWZqRAVwwbCu56EAmQwtDLzP8iw3hW6Qg%3D%3D&sig=AOq0QJ8wRgIhAKz7tVvzbpbOELz0i_Wqx-M8MdEqkCJvuTQAFVJKxAfsAiEAv_6CPVq69HsWCidiumeneBDMlXQHbHkuPAUUcPj78Mw=&ratebypass=yes", "player_url": "/s/player/9f996d3e/player_ias.vflset/en_US/base.js", "ext": "webm", "format_note": "tiny", "acodec": "opus", "abr": 160, "asr": 48000, "filesize": 3983846, "fps": null, "height": null, "tbr": 157.187, "width": null, "vcodec": "none", "downloader_options": {"http_chunk_size": 10485760}, "format": "251 - audio only (tiny)", "protocol": "https", "http_headers": {"User-Agent": "Mozilla/5.0 (Windows NT 10.0; Win64; x64) AppleWebKit/537.36 (KHTML, like Gecko) Chrome/71.0.3557.2 Safari/537.36", "Accept-Charset": "ISO-8859-1,utf-8;q=0.7,*;q=0.7", "Accept": "text/html,application/xhtml+xml,application/xml;q=0.9,*/*;q=0.8", "Accept-Encoding": "gzip, deflate", "Accept-Language": "en-us,en;q=0.5"}}