{"id": "KRlAez34QfE", "uploader": "Matthew-Keane Q Wang - Topic", "uploader_id": "UCbEDl9v513g3AR8I4L47tLA", "uploader_url": "http://www.youtube.com/channel/UCbEDl9v513g3AR8I4L47tLA", "channel_id": "UCbEDl9v513g3AR8I4L47tLA", "channel_url": "http://www.youtube.com/channel/UCbEDl9v513g3AR8I4L47tLA", "upload_date": "20201008", "license": null, "creator": "Matthew-Keane Q Wang", "title": "The Road Always Changes", "alt_title": "The Road Always Changes", "thumbnails": [{"url": "https://i.ytimg.com/vi/KRlAez34QfE/hqdefault.jpg?sqp=-oaymwEYCKgBEF5IVfKriqkDCwgBFQAAiEIYAXAB&rs=AOn4CLBFtVL2TuQUd_mRDZ8Kh2S8aU2Ohw", "width": 168, "height": 94, "resolution": "168x94", "id": "0"}, {"url": "https://i.ytimg.com/vi/KRlAez34QfE/hqdefault.jpg?sqp=-oaymwEYCMQBEG5IVfKriqkDCwgBFQAAiEIYAXAB&rs=AOn4CLBMSeFZOOIVxDta8wuxwXQlYwxVWw", "width": 196, "height": 110, "resolution": "196x110", "id": "1"}, {"url": "https://i.ytimg.com/vi/KRlAez34QfE/hqdefault.jpg?sqp=-oaymwEZCPYBEIoBSFXyq4qpAwsIARUAAIhCGAFwAQ==&rs=AOn4CLDUVFMgFkrN8SWQfZIOL2Flvd5xFA", "width": 246, "height": 138, "resolution": "246x138", "id": "2"}, {"url": "https://i.ytimg.com/vi/KRlAez34QfE/hqdefault.jpg?sqp=-oaymwEZCNACELwBSFXyq4qpAwsIARUAAIhCGAFwAQ==&rs=AOn4CLBRwzccnuRLalS2XoSCAt-NC5B0fQ", "width": 336, "height": 188, "resolution": "336x188", "id": "3"}, {"url": "https://i.ytimg.com/vi_webp/KRlAez34QfE/maxresdefault.webp", "width": 1920, "height": 1080, "resolution": "1920x1080", "id": "4"}], "description": "Provided to YouTube by TuneCore\n\nThe Road Always Changes \u00b7 Matthew-Keane Q Wang\n\nForgotten Road\n\n\u2117 2020 Dream Relaxation\n\nReleased on: 2020-10-09\n\nAuto-generated by YouTube.", "categories": ["Music"], "tags": ["Matthew-Keane Q Wang", "Forgotten Road", "The Road Always Changes"], "subtitles": {}, "automatic_captions": {}, "duration": 131, "age_limit": 0, "annotations": null, "chapters": null, "webpage_url": "https://www.youtube.com/watch?v=KRlAez34QfE", "view_count": 100, "like_count": 4, "dislike_count": null, "average_rating": 5.0, "formats": [{"format_id": "249", "url": "https://r5---sn-5njj-u2xe.googlevideo.com/videoplayback?expire=1608123796&ei=NLHZX-39EMbTrQTY16WwAg&ip=140.109.135.166&id=o-ABs3S8b9T3WO4TTZlWMv41xvHJqHQyvlXrc16Io_-CAA&itag=249&source=youtube&requiressl=yes&mh=RL&mm=31%2C29&mn=sn-5njj-u2xe%2Csn-un57sn7z&ms=au%2Crdu&mv=m&mvi=5&pl=16&gcr=tw&initcwndbps=385000&vprv=1&mime=audio%2Fwebm&ns=AwAZ9NGTPitr2bY0-Xo7paAF&gir=yes&clen=953458&dur=130.981&lmt=1601029683722696&mt=1608101795&fvip=5&keepalive=yes&c=WEB&txp=2311224&n=jpt7rI3dnG-uCyIRD&sparams=expire%2Cei%2Cip%2Cid%2Citag%2Csource%2Crequiressl%2Cgcr%2Cvprv%2Cmime%2Cns%2Cgir%2Cclen%2Cdur%2Clmt&lsparams=mh%2Cmm%2Cmn%2Cms%2Cmv%2Cmvi%2Cpl%2Cinitcwndbps&lsig=AG3C_xAwRQIhAIengMcgHDN_CBvbX0URZn2e4X6HjZO_MXlDvVzKEq-LAiAyeNz5KY22wQMbTIRqpXei0DxBeVdt4FokWGN3-RQrKw%3D%3D&sig=AOq0QJ8wRgIhALS1eLgl3OXf6pZoHO1LplAOUskH9YJ1ioFHZKH_eQ4PAiEArNjOPW484L363Ce3hZCSI62K-BwFc9z_c0ahoy2KKds=&ratebypass=yes", "player_url": "/s/player/62f90c99/player_ias.vflset/en_US/base.js", "ext": "webm", "format_note": "tiny", "acodec": "opus", "abr": 50, "asr": 48000, "filesize": 953458, "fps": null, "height": null, "tbr": 63.473, "width": null, "vcodec": "none", "downloader_options": {"http_chunk_size": 10485760}, "format": "249 - audio only (tiny)", "protocol": "https", "http_headers": {"User-Agent": "Mozilla/5.0 (Windows NT 10.0; Win64; x64) AppleWebKit/537.36 (KHTML, like Gecko) Chrome/70.0.3538.112 Safari/537.36", "Accept-Charset": "ISO-8859-1,utf-8;q=0.7,*;q=0.7", "Accept": "text/html,application/xhtml+xml,application/xml;q=0.9,*/*;q=0.8", "Accept-Encoding": "gzip, deflate", "Accept-Language": "en-us,en;q=0.5"}}, {"format_id": "250", "url": "https://r5---sn-5njj-u2xe.googlevideo.com/videoplayback?expire=1608123796&ei=NLHZX-39EMbTrQTY16WwAg&ip=140.109.135.166&id=o-ABs3S8b9T3WO4TTZlWMv41xvHJqHQyvlXrc16Io_-CAA&itag=250&source=youtube&requiressl=yes&mh=RL&mm=31%2C29&mn=sn-5njj-u2xe%2Csn-un57sn7z&ms=au%2Crdu&mv=m&mvi=5&pl=16&gcr=tw&initcwndbps=385000&vprv=1&mime=audio%2Fwebm&ns=AwAZ9NGTPitr2bY0-Xo7paAF&gir=yes&clen=1247621&dur=130.981&lmt=1601029665739128&mt=1608101795&fvip=5&keepalive=yes&c=WEB&txp=2311224&n=jpt7rI3dnG-uCyIRD&sparams=expire%2Cei%2Cip%2Cid%2Citag%2Csource%2Crequiressl%2Cgcr%2Cvprv%2Cmime%2Cns%2Cgir%2Cclen%2Cdur%2Clmt&lsparams=mh%2Cmm%2Cmn%2Cms%2Cmv%2Cmvi%2Cpl%2Cinitcwndbps&lsig=AG3C_xAwRAIgNheYYQAPhBLX6KYVOFgJmIaNS2DYuwHaX6R0vji7dbwCIHLFW5OKxkHRkpLZHVLlAI1FQ0H1cg-BNl2LBdPuY_fU&sig=AOq0QJ8wRQIhAPtBab0o-b1nFXHt3rcEbHMGURC4ZLQMe_EbDG2mdBnYAiB0KMij1QsB_st0LnsXP23VxnusscwOa2igvHqy44m77w==&ratebypass=yes", "player_url": "/s/player/62f90c99/player_ias.vflset/en_US/base.js", "ext": "webm", "format_note": "tiny", "acodec": "opus", "abr": 70, "asr": 48000, "filesize": 1247621, "fps": null, "height": null, "tbr": 82.182, "width": null, "vcodec": "none", "downloader_options": {"http_chunk_size": 10485760}, "format": "250 - audio only (tiny)", "protocol": "https", "http_headers": {"User-Agent": "Mozilla/5.0 (Windows NT 10.0; Win64; x64) AppleWebKit/537.36 (KHTML, like Gecko) Chrome/70.0.3538.112 Safari/537.36", "Accept-Charset": "ISO-8859-1,utf-8;q=0.7,*;q=0.7", "Accept": "text/html,application/xhtml+xml,application/xml;q=0.9,*/*;q=0.8", "Accept-Encoding": "gzip, deflate", "Accept-Language": "en-us,en;q=0.5"}}, {"format_id": "140", "url": "https://r5---sn-5njj-u2xe.googlevideo.com/videoplayback?expire=1608123796&ei=NLHZX-39EMbTrQTY16WwAg&ip=140.109.135.166&id=o-ABs3S8b9T3WO4TTZlWMv41xvHJqHQyvlXrc16Io_-CAA&itag=140&source=youtube&requiressl=yes&mh=RL&mm=31%2C29&mn=sn-5njj-u2xe%2Csn-un57sn7z&ms=au%2Crdu&mv=m&mvi=5&pl=16&gcr=tw&initcwndbps=385000&vprv=1&mime=audio%2Fmp4&ns=AwAZ9NGTPitr2bY0-Xo7paAF&gir=yes&clen=2121546&dur=130.968&lmt=1601028596426047&mt=1608101795&fvip=5&keepalive=yes&c=WEB&txp=2311222&n=jpt7rI3dnG-uCyIRD&sparams=expire%2Cei%2Cip%2Cid%2Citag%2Csource%2Crequiressl%2Cgcr%2Cvprv%2Cmime%2Cns%2Cgir%2Cclen%2Cdur%2Clmt&lsparams=mh%2Cmm%2Cmn%2Cms%2Cmv%2Cmvi%2Cpl%2Cinitcwndbps&lsig=AG3C_xAwRQIhAIJcg21RAXQXw0yXJGCP8vdOTFkYIzQWVF8hHnzfTZKhAiAEmKP-5RYoE6_V2Zr3uKQJGohSzg4gJ3AAdaV0U1wiSg%3D%3D&sig=AOq0QJ8wRgIhAP0gzVqukI9GZoHam-OzvYnZ1KVqL6i2isIBuvtNMBQQAiEArlaMKC-4m8a5hoFknBDMz9Asw7m5rK0SRm1EWj7fZjY=&ratebypass=yes", "player_url": "/s/player/62f90c99/player_ias.vflset/en_US/base.js", "ext": "m4a", "format_note": "tiny", "acodec": "mp4a.40.2", "abr": 128, "container": "m4a_dash", "asr": 44100, "filesize": 2121546, "fps": null, "height": null, "tbr": 131.545, "width": null, "vcodec": "none", "downloader_options": {"http_chunk_size": 10485760}, "format": "140 - audio only (tiny)", "protocol": "https", "http_headers": {"User-Agent": "Mozilla/5.0 (Windows NT 10.0; Win64; x64) AppleWebKit/537.36 (KHTML, like Gecko) Chrome/70.0.3538.112 Safari/537.36", "Accept-Charset": "ISO-8859-1,utf-8;q=0.7,*;q=0.7", "Accept": "text/html,application/xhtml+xml,application/xml;q=0.9,*/*;q=0.8", "Accept-Encoding": "gzip, deflate", "Accept-Language": "en-us,en;q=0.5"}}, {"format_id": "251", "url": "https://r5---sn-5njj-u2xe.googlevideo.com/videoplayback?expire=1608123796&ei=NLHZX-39EMbTrQTY16WwAg&ip=140.109.135.166&id=o-ABs3S8b9T3WO4TTZlWMv41xvHJqHQyvlXrc16Io_-CAA&itag=251&source=youtube&requiressl=yes&mh=RL&mm=31%2C29&mn=sn-5njj-u2xe%2Csn-un57sn7z&ms=au%2Crdu&mv=m&mvi=5&pl=16&gcr=tw&initcwndbps=385000&vprv=1&mime=audio%2Fwebm&ns=AwAZ9NGTPitr2bY0-Xo7paAF&gir=yes&clen=2502938&dur=130.981&lmt=1601029665034490&mt=1608101795&fvip=5&keepalive=yes&c=WEB&txp=2311224&n=jpt7rI3dnG-uCyIRD&sparams=expire%2Cei%2Cip%2Cid%2Citag%2Csource%2Crequiressl%2Cgcr%2Cvprv%2Cmime%2Cns%2Cgir%2Cclen%2Cdur%2Clmt&lsparams=mh%2Cmm%2Cmn%2Cms%2Cmv%2Cmvi%2Cpl%2Cinitcwndbps&lsig=AG3C_xAwRAIgVZzoHT6_0jyBJ7PhJaGSnuIkIjd_K2ZkwP6BLSeawocCIDBI7s2HBoHamBYKsIN-odwAyLOEAfL9fMgds1329rYR&sig=AOq0QJ8wRQIgW4wnpt83EFKSnquS18_WFNB1HqRaT4c532CyBSv_LeECIQCeI9usCU23vph0-ns1ir9AasK_PUOKCFselGlUJT4btg==&ratebypass=yes", "player_url": "/s/player/62f90c99/player_ias.vflset/en_US/base.js", "ext": "webm", "format_note": "tiny", "acodec": "opus", "abr": 160, "asr": 48000, "filesize": 2502938, "fps": null, "height": null, "tbr": 160.27, "width": null, "vcodec": "none", "downloader_options": {"http_chunk_size": 10485760}, "format": "251 - audio only (tiny)", "protocol": "https", "http_headers": {"User-Agent": "Mozilla/5.0 (Windows NT 10.0; Win64; x64) AppleWebKit/537.36 (KHTML, like Gecko) Chrome/70.0.3538.112 Safari/537.36", "Accept-Charset": "ISO-8859-1,utf-8;q=0.7,*;q=0.7", "Accept": "text/html,application/xhtml+xml,application/xml;q=0.9,*/*;q=0.8", "Accept-Encoding": "gzip, deflate", "Accept-Language": "en-us,en;q=0.5"}}, {"format_id": "278", "url": "https://r5---sn-5njj-u2xe.googlevideo.com/videoplayback?expire=1608123796&ei=NLHZX-39EMbTrQTY16WwAg&ip=140.109.135.166&id=o-ABs3S8b9T3WO4TTZlWMv41xvHJqHQyvlXrc16Io_-CAA&itag=278&aitags=133%2C134%2C135%2C136%2C137%2C160%2C242%2C243%2C244%2C247%2C248%2C278&source=youtube&requiressl=yes&mh=RL&mm=31%2C29&mn=sn-5njj-u2xe%2Csn-un57sn7z&ms=au%2Crdu&mv=m&mvi=5&pl=16&gcr=tw&initcwndbps=385000&vprv=1&mime=video%2Fwebm&ns=AwAZ9NGTPitr2bY0-Xo7paAF&gir=yes&clen=314773&dur=130.960&lmt=1601029867964744&mt=1608101795&fvip=5&keepalive=yes&c=WEB&txp=2311224&n=jpt7rI3dnG-uCyIRD&sparams=expire%2Cei%2Cip%2Cid%2Caitags%2Csource%2Crequiressl%2Cgcr%2Cvprv%2Cmime%2Cns%2Cgir%2Cclen%2Cdur%2Clmt&lsparams=mh%2Cmm%2Cmn%2Cms%2Cmv%2Cmvi%2Cpl%2Cinitcwndbps&lsig=AG3C_xAwRQIgR35isplsIfGo5G8G8TI1d1cdAM8JEeKyfdoCrXxjzzMCIQCw3RfxC6B8_ZFh-5xzIy5V_e34_qffHQeAy2M0uQ9tAQ%3D%3D&sig=AOq0QJ8wRQIhANb0tqELFjqDGnv5kk7Aw6FOsZPOZn3pzxg7iB1UfaBAAiA4Ta5f4WwCbprMu-4PDdL0OwkEDzAv9fiDvpUDjmZ0Jw==&ratebypass=yes", "player_url": "/s/player/62f90c99/player_ias.vflset/en_US/base.js", "ext": "webm", "height": 144, "format_note": "144p", "container": "webm", "vcodec": "vp9", "asr": null, "filesize": 314773, "fps": 25, "tbr": 27.367, "width": 144, "acodec": "none", "downloader_options": {"http_chunk_size": 10485760}, "format": "278 - 144x144 (144p)", "protocol": "https", "http_headers": {"User-Agent": "Mozilla/5.0 (Windows NT 10.0; Win64; x64) AppleWebKit/537.36 (KHTML, like Gecko) Chrome/70.0.3538.112 Safari/537.36", "Accept-Charset": "ISO-8859-1,utf-8;q=0.7,*;q=0.7", "Accept": "text/html,application/xhtml+xml,application/xml;q=0.9,*/*;q=0.8", "Accept-Encoding": "gzip, deflate", "Accept-Language": "en-us,en;q=0.5"}}, {"format_id": "160", "url": "https://r5---sn-5njj-u2xe.googlevideo.com/videoplayback?expire=1608123796&ei=NLHZX-39EMbTrQTY16WwAg&ip=140.109.135.166&id=o-ABs3S8b9T3WO4TTZlWMv41xvHJqHQyvlXrc16Io_-CAA&itag=160&aitags=133%2C134%2C135%2C136%2C137%2C160%2C242%2C243%2C244%2C247%2C248%2C278&source=youtube&requiressl=yes&mh=RL&mm=31%2C29&mn=sn-5njj-u2xe%2Csn-un57sn7z&ms=au%2Crdu&mv=m&mvi=5&pl=16&gcr=tw&initcwndbps=385000&vprv=1&mime=video%2Fmp4&ns=AwAZ9NGTPitr2bY0-Xo7paAF&gir=yes&clen=723984&dur=130.960&lmt=1601029029451639&mt=1608101795&fvip=5&keepalive=yes&c=WEB&txp=2311222&n=jpt7rI3dnG-uCyIRD&sparams=expire%2Cei%2Cip%2Cid%2Caitags%2Csource%2Crequiressl%2Cgcr%2Cvprv%2Cmime%2Cns%2Cgir%2Cclen%2Cdur%2Clmt&lsparams=mh%2Cmm%2Cmn%2Cms%2Cmv%2Cmvi%2Cpl%2Cinitcwndbps&lsig=AG3C_xAwRgIhANXP8eSJrK4DrP6MI8dYpjey4IpBf2xTCsYBJz6NhaM3AiEA9e_xB8bn5kPbbGIgyms1R3nq-HwF7IDi3mZNpPPsGDY%3D&sig=AOq0QJ8wRQIgSeG2Wz85dfGBaVIlkFsRE9rizJU4S17bMqCdIvT6vvkCIQCRq2DCWAmy7eTdMQCfGGEl3MX6NRmoTtKqnIe0pqIxEQ==&ratebypass=yes", "player_url": "/s/player/62f90c99/player_ias.vflset/en_US/base.js", "ext": "mp4", "height": 144, "format_note": "144p", "vcodec": "avc1.4d400b", "asr": null, "filesize": 723984, "fps": 25, "tbr": 52.235, "width": 144, "acodec": "none", "downloader_options": {"http_chunk_size": 10485760}, "format": "160 - 144x144 (144p)", "protocol": "https", "http_headers": {"User-Agent": "Mozilla/5.0 (Windows NT 10.0; Win64; x64) AppleWebKit/537.36 (KHTML, like Gecko) Chrome/70.0.3538.112 Safari/537.36", "Accept-Charset": "ISO-8859-1,utf-8;q=0.7,*;q=0.7", "Accept": "text/html,application/xhtml+xml,application/xml;q=0.9,*/*;q=0.8", "Accept-Encoding": "gzip, deflate", "Accept-Language": "en-us,en;q=0.5"}}, {"format_id": "242", "url": "https://r5---sn-5njj-u2xe.googlevideo.com/videoplayback?expire=1608123796&ei=NLHZX-39EMbTrQTY16WwAg&ip=140.109.135.166&id=o-ABs3S8b9T3WO4TTZlWMv41xvHJqHQyvlXrc16Io_-CAA&itag=242&aitags=133%2C134%2C135%2C136%2C137%2C160%2C242%2C243%2C244%2C247%2C248%2C278&source=youtube&requiressl=yes&mh=RL&mm=31%2C29&mn=sn-5njj-u2xe%2Csn-un57sn7z&ms=au%2Crdu&mv=m&mvi=5&pl=16&gcr=tw&initcwndbps=385000&vprv=1&mime=video%2Fwebm&ns=AwAZ9NGTPitr2bY0-Xo7paAF&gir=yes&clen=614694&dur=130.960&lmt=1601029873342351&mt=1608101795&fvip=5&keepalive=yes&c=WEB&txp=2311224&n=jpt7rI3dnG-uCyIRD&sparams=expire%2Cei%2Cip%2Cid%2Caitags%2Csource%2Crequiressl%2Cgcr%2Cvprv%2Cmime%2Cns%2Cgir%2Cclen%2Cdur%2Clmt&lsparams=mh%2Cmm%2Cmn%2Cms%2Cmv%2Cmvi%2Cpl%2Cinitcwndbps&lsig=AG3C_xAwRQIhAKiK_G63mF0k5UO2vWSIE7Fmz4BN7CNBdh8OeUSxGvG5AiB_qo5xOgXUNC61a7eT0kX4t5_UHhSmkJGtIfTXio_WDQ%3D%3D&sig=AOq0QJ8wRQIgBnXX2NL3RRmpWpjmFUVreq6NrffenFtSGYSEvoY-wmACIQC-K3ur5Gil8RAHgL2t_vnkNQP7jFDjrl4VGnJKdiAkwg==&ratebypass=yes", "player_url": "/s/player/62f90c99/player_ias.vflset/en_US/base.js", "ext": "webm", "height": 240, "format_note": "240p", "vcodec": "vp9", "asr": null, "filesize": 614694, "fps": 25, "tbr": 58.729, "width": 240, "acodec": "none", "downloader_options": {"http_chunk_size": 10485760}, "format": "242 - 240x240 (240p)", "protocol": "https", "http_headers": {"User-Agent": "Mozilla/5.0 (Windows NT 10.0; Win64; x64) AppleWebKit/537.36 (KHTML, like Gecko) Chrome/70.0.3538.112 Safari/537.36", "Accept-Charset": "ISO-8859-1,utf-8;q=0.7,*;q=0.7", "Accept": "text/html,application/xhtml+xml,application/xml;q=0.9,*/*;q=0.8", "Accept-Encoding": "gzip, deflate", "Accept-Language": "en-us,en;q=0.5"}}, {"format_id": "243", "url": "https://r5---sn-5njj-u2xe.googlevideo.com/videoplayback?expire=1608123796&ei=NLHZX-39EMbTrQTY16WwAg&ip=140.109.135.166&id=o-ABs3S8b9T3WO4TTZlWMv41xvHJqHQyvlXrc16Io_-CAA&itag=243&aitags=133%2C134%2C135%2C136%2C137%2C160%2C242%2C243%2C244%2C247%2C248%2C278&source=youtube&requiressl=yes&mh=RL&mm=31%2C29&mn=sn-5njj-u2xe%2Csn-un57sn7z&ms=au%2Crdu&mv=m&mvi=5&pl=16&gcr=tw&initcwndbps=385000&vprv=1&mime=video%2Fwebm&ns=AwAZ9NGTPitr2bY0-Xo7paAF&gir=yes&clen=1232631&dur=130.960&lmt=1601029869489922&mt=1608101795&fvip=5&keepalive=yes&c=WEB&txp=2311224&n=jpt7rI3dnG-uCyIRD&sparams=expire%2Cei%2Cip%2Cid%2Caitags%2Csource%2Crequiressl%2Cgcr%2Cvprv%2Cmime%2Cns%2Cgir%2Cclen%2Cdur%2Clmt&lsparams=mh%2Cmm%2Cmn%2Cms%2Cmv%2Cmvi%2Cpl%2Cinitcwndbps&lsig=AG3C_xAwRQIgXF9A2s8P5NdhkFZYT9u6ws9qj9EcRCDXGr0uUotjwcECIQCivkq0nrk9GKw5IogKwLMx84K6_D5A0GVF-_9TBgb1GQ%3D%3D&sig=AOq0QJ8wRQIgOTQZvECgzm9YBX3uANyzuqgni2euBrh02tNEppq22KACIQC0qv58vp-3U5lGMqBipDDIgpxDKfJokrSafxrS16u_aQ==&ratebypass=yes", "player_url": "/s/player/62f90c99/player_ias.vflset/en_US/base.js", "ext": "webm", "height": 360, "format_note": "360p", "vcodec": "vp9", "asr": null, "filesize": 1232631, "fps": 25, "tbr": 117.697, "width": 360, "acodec": "none", "downloader_options": {"http_chunk_size": 10485760}, "format": "243 - 360x360 (360p)", "protocol": "https", "http_headers": {"User-Agent": "Mozilla/5.0 (Windows NT 10.0; Win64; x64) AppleWebKit/537.36 (KHTML, like Gecko) Chrome/70.0.3538.112 Safari/537.36", "Accept-Charset": "ISO-8859-1,utf-8;q=0.7,*;q=0.7", "Accept": "text/html,application/xhtml+xml,application/xml;q=0.9,*/*;q=0.8", "Accept-Encoding": "gzip, deflate", "Accept-Language": "en-us,en;q=0.5"}}, {"format_id": "133", "url": "https://r5---sn-5njj-u2xe.googlevideo.com/videoplayback?expire=1608123796&ei=NLHZX-39EMbTrQTY16WwAg&ip=140.109.135.166&id=o-ABs3S8b9T3WO4TTZlWMv41xvHJqHQyvlXrc16Io_-CAA&itag=133&aitags=133%2C134%2C135%2C136%2C137%2C160%2C242%2C243%2C244%2C247%2C248%2C278&source=youtube&requiressl=yes&mh=RL&mm=31%2C29&mn=sn-5njj-u2xe%2Csn-un57sn7z&ms=au%2Crdu&mv=m&mvi=5&pl=16&gcr=tw&initcwndbps=385000&vprv=1&mime=video%2Fmp4&ns=AwAZ9NGTPitr2bY0-Xo7paAF&gir=yes&clen=1728809&dur=130.960&lmt=1601029029450048&mt=1608101795&fvip=5&keepalive=yes&c=WEB&txp=2311222&n=jpt7rI3dnG-uCyIRD&sparams=expire%2Cei%2Cip%2Cid%2Caitags%2Csource%2Crequiressl%2Cgcr%2Cvprv%2Cmime%2Cns%2Cgir%2Cclen%2Cdur%2Clmt&lsparams=mh%2Cmm%2Cmn%2Cms%2Cmv%2Cmvi%2Cpl%2Cinitcwndbps&lsig=AG3C_xAwRgIhAJQ8VkPlg7p7KK308rEr_5sM4Ptk_eFOq21aOnlWnA-bAiEA7ipPN1qkO4brv-59iGs4hleEYVmcNzqJgkkGI0U4Plk%3D&sig=AOq0QJ8wRAIgMLvf5kDNOQ6dBJRH0GTtDJ2F3Zv64l8fcxEy44S98iwCIGU4yAPKhdaHF7xGqTYz5Tb3BnN6vcyRM7R36cHjb23_&ratebypass=yes", "player_url": "/s/player/62f90c99/player_ias.vflset/en_US/base.js", "ext": "mp4", "height": 240, "format_note": "240p", "vcodec": "avc1.4d400c", "asr": null, "filesize": 1728809, "fps": 25, "tbr": 127.997, "width": 240, "acodec": "none", "downloader_options": {"http_chunk_size": 10485760}, "format": "133 - 240x240 (240p)", "protocol": "https", "http_headers": {"User-Agent": "Mozilla/5.0 (Windows NT 10.0; Win64; x64) AppleWebKit/537.36 (KHTML, like Gecko) Chrome/70.0.3538.112 Safari/537.36", "Accept-Charset": "ISO-8859-1,utf-8;q=0.7,*;q=0.7", "Accept": "text/html,application/xhtml+xml,application/xml;q=0.9,*/*;q=0.8", "Accept-Encoding": "gzip, deflate", "Accept-Language": "en-us,en;q=0.5"}}, {"format_id": "134", "url": "https://r5---sn-5njj-u2xe.googlevideo.com/videoplayback?expire=1608123796&ei=NLHZX-39EMbTrQTY16WwAg&ip=140.109.135.166&id=o-ABs3S8b9T3WO4TTZlWMv41xvHJqHQyvlXrc16Io_-CAA&itag=134&aitags=133%2C134%2C135%2C136%2C137%2C160%2C242%2C243%2C244%2C247%2C248%2C278&source=youtube&requiressl=yes&mh=RL&mm=31%2C29&mn=sn-5njj-u2xe%2Csn-un57sn7z&ms=au%2Crdu&mv=m&mvi=5&pl=16&gcr=tw&initcwndbps=385000&vprv=1&mime=video%2Fmp4&ns=AwAZ9NGTPitr2bY0-Xo7paAF&gir=yes&clen=1397215&dur=130.960&lmt=1601029029545561&mt=1608101795&fvip=5&keepalive=yes&c=WEB&txp=2311222&n=jpt7rI3dnG-uCyIRD&sparams=expire%2Cei%2Cip%2Cid%2Caitags%2Csource%2Crequiressl%2Cgcr%2Cvprv%2Cmime%2Cns%2Cgir%2Cclen%2Cdur%2Clmt&lsparams=mh%2Cmm%2Cmn%2Cms%2Cmv%2Cmvi%2Cpl%2Cinitcwndbps&lsig=AG3C_xAwRQIhAKn4i8yuy17XCRCQnZt6hWj1koVqtkMi61epMk_OKfX1AiA1CJr3J__Xpg-FXksM7rWX5PgrTXnJ8XPNE-uM4KYB_A%3D%3D&sig=AOq0QJ8wRQIhALBTqIpISzvM78NP1HMvB_SKujBQLHhaEK3Vj1RtjflYAiBsPTFF7d89nsMzwTWU0rVUPYtZvXl0kJCfjnht-Zm2MQ==&ratebypass=yes", "player_url": "/s/player/62f90c99/player_ias.vflset/en_US/base.js", "ext": "mp4", "height": 360, "format_note": "360p", "vcodec": "avc1.4d4015", "asr": null, "filesize": 1397215, "fps": 25, "tbr": 141.456, "width": 360, "acodec": "none", "downloader_options": {"http_chunk_size": 10485760}, "format": "134 - 360x360 (360p)", "protocol": "https", "http_headers": {"User-Agent": "Mozilla/5.0 (Windows NT 10.0; Win64; x64) AppleWebKit/537.36 (KHTML, like Gecko) Chrome/70.0.3538.112 Safari/537.36", "Accept-Charset": "ISO-8859-1,utf-8;q=0.7,*;q=0.7", "Accept": "text/html,application/xhtml+xml,application/xml;q=0.9,*/*;q=0.8", "Accept-Encoding": "gzip, deflate", "Accept-Language": "en-us,en;q=0.5"}}, {"format_id": "244", "url": "https://r5---sn-5njj-u2xe.googlevideo.com/videoplayback?expire=1608123796&ei=NLHZX-39EMbTrQTY16WwAg&ip=140.109.135.166&id=o-ABs3S8b9T3WO4TTZlWMv41xvHJqHQyvlXrc16Io_-CAA&itag=244&aitags=133%2C134%2C135%2C136%2C137%2C160%2C242%2C243%2C244%2C247%2C248%2C278&source=youtube&requiressl=yes&mh=RL&mm=31%2C29&mn=sn-5njj-u2xe%2Csn-un57sn7z&ms=au%2Crdu&mv=m&mvi=5&pl=16&gcr=tw&initcwndbps=385000&vprv=1&mime=video%2Fwebm&ns=AwAZ9NGTPitr2bY0-Xo7paAF&gir=yes&clen=2197257&dur=130.960&lmt=1601029870075241&mt=1608101795&fvip=5&keepalive=yes&c=WEB&txp=2311224&n=jpt7rI3dnG-uCyIRD&sparams=expire%2Cei%2Cip%2Cid%2Caitags%2Csource%2Crequiressl%2Cgcr%2Cvprv%2Cmime%2Cns%2Cgir%2Cclen%2Cdur%2Clmt&lsparams=mh%2Cmm%2Cmn%2Cms%2Cmv%2Cmvi%2Cpl%2Cinitcwndbps&lsig=AG3C_xAwRAIgYFf1M5CYowjRyOG2qogglvQbKPwBcBdIWAUjC4aygi4CICCd82-WizaPi5v3HLfrd8XJSLGPGF2kqx_1teIQg2hp&sig=AOq0QJ8wRQIgSn7ruydWRNuzbrgTrVy4HzipmbZ4wt3oQJCQFPSEbogCIQCQpHffBfZ-SFgwW_IFZmP9WeTAbnXgDKNYmP03w7HjOQ==&ratebypass=yes", "player_url": "/s/player/62f90c99/player_ias.vflset/en_US/base.js", "ext": "webm", "height": 480, "format_note": "480p", "vcodec": "vp9", "asr": null, "filesize": 2197257, "fps": 25, "tbr": 217.967, "width": 480, "acodec": "none", "downloader_options": {"http_chunk_size": 10485760}, "format": "244 - 480x480 (480p)", "protocol": "https", "http_headers": {"User-Agent": "Mozilla/5.0 (Windows NT 10.0; Win64; x64) AppleWebKit/537.36 (KHTML, like Gecko) Chrome/70.0.3538.112 Safari/537.36", "Accept-Charset": "ISO-8859-1,utf-8;q=0.7,*;q=0.7", "Accept": "text/html,application/xhtml+xml,application/xml;q=0.9,*/*;q=0.8", "Accept-Encoding": "gzip, deflate", "Accept-Language": "en-us,en;q=0.5"}}, {"format_id": "135", "url": "https://r5---sn-5njj-u2xe.googlevideo.com/videoplayback?expire=1608123796&ei=NLHZX-39EMbTrQTY16WwAg&ip=140.109.135.166&id=o-ABs3S8b9T3WO4TTZlWMv41xvHJqHQyvlXrc16Io_-CAA&itag=135&aitags=133%2C134%2C135%2C136%2C137%2C160%2C242%2C243%2C244%2C247%2C248%2C278&source=youtube&requiressl=yes&mh=RL&mm=31%2C29&mn=sn-5njj-u2xe%2Csn-un57sn7z&ms=au%2Crdu&mv=m&mvi=5&pl=16&gcr=tw&initcwndbps=385000&vprv=1&mime=video%2Fmp4&ns=AwAZ9NGTPitr2bY0-Xo7paAF&gir=yes&clen=2756490&dur=130.960&lmt=1601029029451079&mt=1608101795&fvip=5&keepalive=yes&c=WEB&txp=2311222&n=jpt7rI3dnG-uCyIRD&sparams=expire%2Cei%2Cip%2Cid%2Caitags%2Csource%2Crequiressl%2Cgcr%2Cvprv%2Cmime%2Cns%2Cgir%2Cclen%2Cdur%2Clmt&lsparams=mh%2Cmm%2Cmn%2Cms%2Cmv%2Cmvi%2Cpl%2Cinitcwndbps&lsig=AG3C_xAwRQIgH5VERNPFokeyRz2Ks3s1PQB_W-5kFrxRiJbRO84QhB4CIQCWvcU9nVQyr4CU9lXEJl0k0Hi8y5PwN99N6HLIc--WLg%3D%3D&sig=AOq0QJ8wRgIhANazDKF5SqLJN2fTKkfPgduU0Yl7L3oNM7eZrKnD02EaAiEA3LgkzsulQseUa646W6fF-jGMi3SxMI-lc6UFvUL42DU=&ratebypass=yes", "player_url": "/s/player/62f90c99/player_ias.vflset/en_US/base.js", "ext": "mp4", "height": 480, "format_note": "480p", "vcodec": "avc1.4d401e", "asr": null, "filesize": 2756490, "fps": 25, "tbr": 282.286, "width": 480, "acodec": "none", "downloader_options": {"http_chunk_size": 10485760}, "format": "135 - 480x480 (480p)", "protocol": "https", "http_headers": {"User-Agent": "Mozilla/5.0 (Windows NT 10.0; Win64; x64) AppleWebKit/537.36 (KHTML, like Gecko) Chrome/70.0.3538.112 Safari/537.36", "Accept-Charset": "ISO-8859-1,utf-8;q=0.7,*;q=0.7", "Accept": "text/html,application/xhtml+xml,application/xml;q=0.9,*/*;q=0.8", "Accept-Encoding": "gzip, deflate", "Accept-Language": "en-us,en;q=0.5"}}, {"format_id": "247", "url": "https://r5---sn-5njj-u2xe.googlevideo.com/videoplayback?expire=1608123796&ei=NLHZX-39EMbTrQTY16WwAg&ip=140.109.135.166&id=o-ABs3S8b9T3WO4TTZlWMv41xvHJqHQyvlXrc16Io_-CAA&itag=247&aitags=133%2C134%2C135%2C136%2C137%2C160%2C242%2C243%2C244%2C247%2C248%2C278&source=youtube&requiressl=yes&mh=RL&mm=31%2C29&mn=sn-5njj-u2xe%2Csn-un57sn7z&ms=au%2Crdu&mv=m&mvi=5&pl=16&gcr=tw&initcwndbps=385000&vprv=1&mime=video%2Fwebm&ns=AwAZ9NGTPitr2bY0-Xo7paAF&gir=yes&clen=4762155&dur=130.960&lmt=1601029866020948&mt=1608101795&fvip=5&keepalive=yes&c=WEB&txp=2311224&n=jpt7rI3dnG-uCyIRD&sparams=expire%2Cei%2Cip%2Cid%2Caitags%2Csource%2Crequiressl%2Cgcr%2Cvprv%2Cmime%2Cns%2Cgir%2Cclen%2Cdur%2Clmt&lsparams=mh%2Cmm%2Cmn%2Cms%2Cmv%2Cmvi%2Cpl%2Cinitcwndbps&lsig=AG3C_xAwRgIhAO_e336v5tvOsiCrjAsKghnn-CT8IFog2iZzAC1qb9CxAiEAih0vAy23FB86Z4Q4P7_oMni8tN_wh3c2P7QKCrnSyTo%3D&sig=AOq0QJ8wRQIhANJSMtgLGtoqsZWBG_L64B5CGD02wjp2MnuwF7SpWYdSAiBD6k39Nr6axDqVzQK6pYJ1tEn6TZHJYUuX-O_YO5T7LA==&ratebypass=yes", "player_url": "/s/player/62f90c99/player_ias.vflset/en_US/base.js", "ext": "webm", "height": 720, "format_note": "720p", "vcodec": "vp9", "asr": null, "filesize": 4762155, "fps": 25, "tbr": 463.594, "width": 720, "acodec": "none", "downloader_options": {"http_chunk_size": 10485760}, "format": "247 - 720x720 (720p)", "protocol": "https", "http_headers": {"User-Agent": "Mozilla/5.0 (Windows NT 10.0; Win64; x64) AppleWebKit/537.36 (KHTML, like Gecko) Chrome/70.0.3538.112 Safari/537.36", "Accept-Charset": "ISO-8859-1,utf-8;q=0.7,*;q=0.7", "Accept": "text/html,application/xhtml+xml,application/xml;q=0.9,*/*;q=0.8", "Accept-Encoding": "gzip, deflate", "Accept-Language": "en-us,en;q=0.5"}}, {"format_id": "136", "url": "https://r5---sn-5njj-u2xe.googlevideo.com/videoplayback?expire=1608123796&ei=NLHZX-39EMbTrQTY16WwAg&ip=140.109.135.166&id=o-ABs3S8b9T3WO4TTZlWMv41xvHJqHQyvlXrc16Io_-CAA&itag=136&aitags=133%2C134%2C135%2C136%2C137%2C160%2C242%2C243%2C244%2C247%2C248%2C278&source=youtube&requiressl=yes&mh=RL&mm=31%2C29&mn=sn-5njj-u2xe%2Csn-un57sn7z&ms=au%2Crdu&mv=m&mvi=5&pl=16&gcr=tw&initcwndbps=385000&vprv=1&mime=video%2Fmp4&ns=AwAZ9NGTPitr2bY0-Xo7paAF&gir=yes&clen=5829175&dur=130.960&lmt=1601029029459370&mt=1608101795&fvip=5&keepalive=yes&c=WEB&txp=2311222&n=jpt7rI3dnG-uCyIRD&sparams=expire%2Cei%2Cip%2Cid%2Caitags%2Csource%2Crequiressl%2Cgcr%2Cvprv%2Cmime%2Cns%2Cgir%2Cclen%2Cdur%2Clmt&lsparams=mh%2Cmm%2Cmn%2Cms%2Cmv%2Cmvi%2Cpl%2Cinitcwndbps&lsig=AG3C_xAwRgIhALjjFhHypSLMx2UvEJ87iA-r6niM289PPy_7n1XxAE1CAiEA8P0nEt3gk9retB5sJmJuzFEfBaMD6mFPXLp0sLL2iiU%3D&sig=AOq0QJ8wRAIgbqUNaXHcoIH9NZuJHhGrLAGVMBfyr6rSuZaYQm_YidECIGiuKmFF3AbB51MhIwwzV-uQIOlMDTx36e8vLChNRye-&ratebypass=yes", "player_url": "/s/player/62f90c99/player_ias.vflset/en_US/base.js", "ext": "mp4", "height": 720, "format_note": "720p", "vcodec": "avc1.4d401f", "asr": null, "filesize": 5829175, "fps": 25, "tbr": 600.483, "width": 720, "acodec": "none", "downloader_options": {"http_chunk_size": 10485760}, "format": "136 - 720x720 (720p)", "protocol": "https", "http_headers": {"User-Agent": "Mozilla/5.0 (Windows NT 10.0; Win64; x64) AppleWebKit/537.36 (KHTML, like Gecko) Chrome/70.0.3538.112 Safari/537.36", "Accept-Charset": "ISO-8859-1,utf-8;q=0.7,*;q=0.7", "Accept": "text/html,application/xhtml+xml,application/xml;q=0.9,*/*;q=0.8", "Accept-Encoding": "gzip, deflate", "Accept-Language": "en-us,en;q=0.5"}}, {"format_id": "248", "url": "https://r5---sn-5njj-u2xe.googlevideo.com/videoplayback?expire=1608123796&ei=NLHZX-39EMbTrQTY16WwAg&ip=140.109.135.166&id=o-ABs3S8b9T3WO4TTZlWMv41xvHJqHQyvlXrc16Io_-CAA&itag=248&aitags=133%2C134%2C135%2C136%2C137%2C160%2C242%2C243%2C244%2C247%2C248%2C278&source=youtube&requiressl=yes&mh=RL&mm=31%2C29&mn=sn-5njj-u2xe%2Csn-un57sn7z&ms=au%2Crdu&mv=m&mvi=5&pl=16&gcr=tw&initcwndbps=385000&vprv=1&mime=video%2Fwebm&ns=AwAZ9NGTPitr2bY0-Xo7paAF&gir=yes&clen=9195594&dur=130.960&lmt=1601029874324662&mt=1608101795&fvip=5&keepalive=yes&c=WEB&txp=2311224&n=jpt7rI3dnG-uCyIRD&sparams=expire%2Cei%2Cip%2Cid%2Caitags%2Csource%2Crequiressl%2Cgcr%2Cvprv%2Cmime%2Cns%2Cgir%2Cclen%2Cdur%2Clmt&lsparams=mh%2Cmm%2Cmn%2Cms%2Cmv%2Cmvi%2Cpl%2Cinitcwndbps&lsig=AG3C_xAwRgIhAIIIorpC1bKcYYv2cojhznHFaduY0Cd-4Nwa9GazrJEdAiEA_eiFgriBcgDxCKIFNZ5hfT3F6LCxjCuXIyb6Hqv-orc%3D&sig=AOq0QJ8wRQIhAOfMlWmgTIFLq1ZqPYnCz51UwaKXIjHhQEqhcE3RzwBTAiAxh8FhyCbg2nxdYpCfSZ4tscTMTNF9Yx7GeUXAWLEnzw==&ratebypass=yes", "player_url": "/s/player/62f90c99/player_ias.vflset/en_US/base.js", "ext": "webm", "height": 1080, "format_note": "1080p", "vcodec": "vp9", "asr": null, "filesize": 9195594, "fps": 25, "tbr": 895.44, "width": 1080, "acodec": "none", "downloader_options": {"http_chunk_size": 10485760}, "format": "248 - 1080x1080 (1080p)", "protocol": "https", "http_headers": {"User-Agent": "Mozilla/5.0 (Windows NT 10.0; Win64; x64) AppleWebKit/537.36 (KHTML, like Gecko) Chrome/70.0.3538.112 Safari/537.36", "Accept-Charset": "ISO-8859-1,utf-8;q=0.7,*;q=0.7", "Accept": "text/html,application/xhtml+xml,application/xml;q=0.9,*/*;q=0.8", "Accept-Encoding": "gzip, deflate", "Accept-Language": "en-us,en;q=0.5"}}, {"format_id": "137", "url": "https://r5---sn-5njj-u2xe.googlevideo.com/videoplayback?expire=1608123796&ei=NLHZX-39EMbTrQTY16WwAg&ip=140.109.135.166&id=o-ABs3S8b9T3WO4TTZlWMv41xvHJqHQyvlXrc16Io_-CAA&itag=137&aitags=133%2C134%2C135%2C136%2C137%2C160%2C242%2C243%2C244%2C247%2C248%2C278&source=youtube&requiressl=yes&mh=RL&mm=31%2C29&mn=sn-5njj-u2xe%2Csn-un57sn7z&ms=au%2Crdu&mv=m&mvi=5&pl=16&gcr=tw&initcwndbps=385000&vprv=1&mime=video%2Fmp4&ns=AwAZ9NGTPitr2bY0-Xo7paAF&gir=yes&clen=11536950&dur=130.960&lmt=1601029029493028&mt=1608101795&fvip=5&keepalive=yes&c=WEB&txp=2311222&n=jpt7rI3dnG-uCyIRD&sparams=expire%2Cei%2Cip%2Cid%2Caitags%2Csource%2Crequiressl%2Cgcr%2Cvprv%2Cmime%2Cns%2Cgir%2Cclen%2Cdur%2Clmt&lsparams=mh%2Cmm%2Cmn%2Cms%2Cmv%2Cmvi%2Cpl%2Cinitcwndbps&lsig=AG3C_xAwRAIgThVQ0fEd6xmZoYbOxrWT1rUhe-3YgtHZ-VIppj1hh1kCIGwwbyYCCuwGKTOBD814Ytf3Uu3WOLqgIlFZ5Ah_ZJqo&sig=AOq0QJ8wRQIhAN8lap6bc70PYxq_8Fzp9Nu-rn_bn8AFf5QrauBrW2DGAiBU9k3Tm2ifaAR-kjpcbHLfpVqn4VLVS1gmLdqg1sYFUQ==&ratebypass=yes", "player_url": "/s/player/62f90c99/player_ias.vflset/en_US/base.js", "ext": "mp4", "height": 1080, "format_note": "1080p", "vcodec": "avc1.640020", "asr": null, "filesize": 11536950, "fps": 25, "tbr": 1189.213, "width": 1080, "acodec": "none", "downloader_options": {"http_chunk_size": 10485760}, "format": "137 - 1080x1080 (1080p)", "protocol": "https", "http_headers": {"User-Agent": "Mozilla/5.0 (Windows NT 10.0; Win64; x64) AppleWebKit/537.36 (KHTML, like Gecko) Chrome/70.0.3538.112 Safari/537.36", "Accept-Charset": "ISO-8859-1,utf-8;q=0.7,*;q=0.7", "Accept": "text/html,application/xhtml+xml,application/xml;q=0.9,*/*;q=0.8", "Accept-Encoding": "gzip, deflate", "Accept-Language": "en-us,en;q=0.5"}}, {"format_id": "18", "url": "https://r5---sn-5njj-u2xe.googlevideo.com/videoplayback?expire=1608123796&ei=NLHZX-39EMbTrQTY16WwAg&ip=140.109.135.166&id=o-ABs3S8b9T3WO4TTZlWMv41xvHJqHQyvlXrc16Io_-CAA&itag=18&source=youtube&requiressl=yes&mh=RL&mm=31%2C29&mn=sn-5njj-u2xe%2Csn-un57sn7z&ms=au%2Crdu&mv=m&mvi=5&pl=16&gcr=tw&initcwndbps=385000&vprv=1&mime=video%2Fmp4&ns=Gy73c0gzVEyDMeKq4MTAzAAF&gir=yes&clen=3032008&ratebypass=yes&dur=131.006&lmt=1601028780128005&mt=1608101795&fvip=5&c=WEB&txp=2310222&n=7Pb58LS6sdj_mzLUQ&sparams=expire%2Cei%2Cip%2Cid%2Citag%2Csource%2Crequiressl%2Cgcr%2Cvprv%2Cmime%2Cns%2Cgir%2Cclen%2Cratebypass%2Cdur%2Clmt&lsparams=mh%2Cmm%2Cmn%2Cms%2Cmv%2Cmvi%2Cpl%2Cinitcwndbps&lsig=AG3C_xAwRgIhAJTjWa3D6tIZdymlvLbEVHMxnzfUvqrEcxYr460KpGGCAiEApAllKblfGfEapSDqHJcWZnbP6iklpnZoVzLpJ7hmIWc%3D&sig=AOq0QJ8wRgIhAK5BD4wf1FVyfWrX3tcgkDrGXv0S2bjkBSS-3Qu2tapHAiEAoSfKPmomjVCCYub6kW0ND7jJI5siEixsQM9_TroBv8s=", "player_url": "/s/player/62f90c99/player_ias.vflset/en_US/base.js", "ext": "mp4", "width": 360, "height": 360, "acodec": "mp4a.40.2", "abr": 96, "vcodec": "avc1.42001E", "asr": 44100, "filesize": 3032008, "format_note": "360p", "fps": 25, "tbr": 185.217, "format": "18 - 360x360 (360p)", "protocol": "https", "http_headers": {"User-Agent": "Mozilla/5.0 (Windows NT 10.0; Win64; x64) AppleWebKit/537.36 (KHTML, like Gecko) Chrome/70.0.3538.112 Safari/537.36", "Accept-Charset": "ISO-8859-1,utf-8;q=0.7,*;q=0.7", "Accept": "text/html,application/xhtml+xml,application/xml;q=0.9,*/*;q=0.8", "Accept-Encoding": "gzip, deflate", "Accept-Language": "en-us,en;q=0.5"}}], "is_live": null, "start_time": null, "end_time": null, "series": null, "season_number": null, "episode_number": null, "track": "The Road Always Changes", "artist": "Matthew-Keane Q Wang", "album": "Forgotten Road", "release_date": "20201009", "release_year": 2020, "extractor": "youtube", "webpage_url_basename": "watch", "extractor_key": "Youtube", "playlist": null, "playlist_index": null, "thumbnail": "https://i.ytimg.com/vi_webp/KRlAez34QfE/maxresdefault.webp", "display_id": "KRlAez34QfE", "requested_subtitles": null, "format_id": "251", "url": "https://r5---sn-5njj-u2xe.googlevideo.com/videoplayback?expire=1608123796&ei=NLHZX-39EMbTrQTY16WwAg&ip=140.109.135.166&id=o-ABs3S8b9T3WO4TTZlWMv41xvHJqHQyvlXrc16Io_-CAA&itag=251&source=youtube&requiressl=yes&mh=RL&mm=31%2C29&mn=sn-5njj-u2xe%2Csn-un57sn7z&ms=au%2Crdu&mv=m&mvi=5&pl=16&gcr=tw&initcwndbps=385000&vprv=1&mime=audio%2Fwebm&ns=AwAZ9NGTPitr2bY0-Xo7paAF&gir=yes&clen=2502938&dur=130.981&lmt=1601029665034490&mt=1608101795&fvip=5&keepalive=yes&c=WEB&txp=2311224&n=jpt7rI3dnG-uCyIRD&sparams=expire%2Cei%2Cip%2Cid%2Citag%2Csource%2Crequiressl%2Cgcr%2Cvprv%2Cmime%2Cns%2Cgir%2Cclen%2Cdur%2Clmt&lsparams=mh%2Cmm%2Cmn%2Cms%2Cmv%2Cmvi%2Cpl%2Cinitcwndbps&lsig=AG3C_xAwRAIgVZzoHT6_0jyBJ7PhJaGSnuIkIjd_K2ZkwP6BLSeawocCIDBI7s2HBoHamBYKsIN-odwAyLOEAfL9fMgds1329rYR&sig=AOq0QJ8wRQIgW4wnpt83EFKSnquS18_WFNB1HqRaT4c532CyBSv_LeECIQCeI9usCU23vph0-ns1ir9AasK_PUOKCFselGlUJT4btg==&ratebypass=yes", "player_url": "/s/player/62f90c99/player_ias.vflset/en_US/base.js", "ext": "webm", "format_note": "tiny", "acodec": "opus", "abr": 160, "asr": 48000, "filesize": 2502938, "fps": null, "height": null, "tbr": 160.27, "width": null, "vcodec": "none", "downloader_options": {"http_chunk_size": 10485760}, "format": "251 - audio only (tiny)", "protocol": "https", "http_headers": {"User-Agent": "Mozilla/5.0 (Windows NT 10.0; Win64; x64) AppleWebKit/537.36 (KHTML, like Gecko) Chrome/70.0.3538.112 Safari/537.36", "Accept-Charset": "ISO-8859-1,utf-8;q=0.7,*;q=0.7", "Accept": "text/html,application/xhtml+xml,application/xml;q=0.9,*/*;q=0.8", "Accept-Encoding": "gzip, deflate", "Accept-Language": "en-us,en;q=0.5"}}