{"id": "kMHiU0fhWVw", "uploader": "Norman D\u00fcck - Topic", "uploader_id": "UCM1h031Fp2Jrr3WuhLaDY4g", "uploader_url": "http://www.youtube.com/channel/UCM1h031Fp2Jrr3WuhLaDY4g", "channel_id": "UCM1h031Fp2Jrr3WuhLaDY4g", "channel_url": "http://www.youtube.com/channel/UCM1h031Fp2Jrr3WuhLaDY4g", "upload_date": "20201203", "license": null, "creator": "Norman D\u00fcck", "title": "D\u00fcck: A New Day", "alt_title": "D\u00fcck: A New Day", "thumbnails": [{"url": "https://i.ytimg.com/vi/kMHiU0fhWVw/hqdefault.jpg?sqp=-oaymwEYCKgBEF5IVfKriqkDCwgBFQAAiEIYAXAB&rs=AOn4CLD8InlTvRogdMimL0-XIVn_jycIsg", "width": 168, "height": 94, "resolution": "168x94", "id": "0"}, {"url": "https://i.ytimg.com/vi/kMHiU0fhWVw/hqdefault.jpg?sqp=-oaymwEYCMQBEG5IVfKriqkDCwgBFQAAiEIYAXAB&rs=AOn4CLDUMXod4qwCpNknJQ9Wumpwk064OQ", "width": 196, "height": 110, "resolution": "196x110", "id": "1"}, {"url": "https://i.ytimg.com/vi/kMHiU0fhWVw/hqdefault.jpg?sqp=-oaymwEZCPYBEIoBSFXyq4qpAwsIARUAAIhCGAFwAQ==&rs=AOn4CLBVua3APxyrqhvggxNLv6eHK2Y_rQ", "width": 246, "height": 138, "resolution": "246x138", "id": "2"}, {"url": "https://i.ytimg.com/vi/kMHiU0fhWVw/hqdefault.jpg?sqp=-oaymwEZCNACELwBSFXyq4qpAwsIARUAAIhCGAFwAQ==&rs=AOn4CLDBD-Upmpl-npSdKDypMYYQB6TkQQ", "width": 336, "height": 188, "resolution": "336x188", "id": "3"}, {"url": "https://i.ytimg.com/vi/kMHiU0fhWVw/maxresdefault.jpg", "width": 1920, "height": 1080, "resolution": "1920x1080", "id": "4"}], "description": "Provided to YouTube by Universal Music Group\n\nD\u00fcck: A New Day \u00b7 Norman D\u00fcck\n\nA New Day\n\n\u2117 2020 1631 Recordings AB\n\nReleased on: 2020-12-04\n\nComposer: Norman D\u00fcck\n\nAuto-generated by YouTube.", "categories": ["Music"], "tags": ["Norman D\u00fcck", "A New Day"], "subtitles": {}, "automatic_captions": {}, "duration": 138, "age_limit": 0, "annotations": null, "chapters": null, "webpage_url": "https://www.youtube.com/watch?v=kMHiU0fhWVw", "view_count": 71, "like_count": 3, "dislike_count": null, "average_rating": 5.0, "formats": [{"format_id": "249", "url": "https://r4---sn-5njj-u2xl.googlevideo.com/videoplayback?expire=1609159338&ei=Sn7pX9a5GcmYqQGEt5C4DQ&ip=140.109.135.166&id=o-AG4J_nikIC_vMaivumK5bcgO18GVzuYmeNDLJPMCws72&itag=249&source=youtube&requiressl=yes&mh=W-&mm=31%2C29&mn=sn-5njj-u2xl%2Csn-un57sn7z&ms=au%2Crdu&mv=m&mvi=4&pl=16&gcr=tw&initcwndbps=375000&vprv=1&mime=audio%2Fwebm&ns=5GoyfGRjfokCmtYLtazzDcgF&gir=yes&clen=1059281&dur=138.081&lmt=1607043528268824&mt=1609137405&fvip=4&keepalive=yes&c=WEB&txp=2311222&n=KjdrwRUw3owx-urI&sparams=expire%2Cei%2Cip%2Cid%2Citag%2Csource%2Crequiressl%2Cgcr%2Cvprv%2Cmime%2Cns%2Cgir%2Cclen%2Cdur%2Clmt&lsparams=mh%2Cmm%2Cmn%2Cms%2Cmv%2Cmvi%2Cpl%2Cinitcwndbps&lsig=AG3C_xAwRQIhANfXaXjwV4Ww6UD6-o0U0A8ZJNuqKaPItVfiRqnwakF1AiBCyJEHkoWZdElmj0eonH8TKHah6_oP7JQWfkBkYZjP9Q%3D%3D&sig=AOq0QJ8wRgIhAPbUMOJyoJzOGz3o0F1jJiwkkW5gPC4Sc_my1KsiHTfUAiEAsSYG1j5Uo3DSqKJ_jUff1kAIgD3vbU3oQB7ovk8r0r8=&ratebypass=yes", "player_url": "/s/player/5dd3f3b2/player_ias.vflset/en_US/base.js", "ext": "webm", "format_note": "tiny", "acodec": "opus", "abr": 50, "asr": 48000, "filesize": 1059281, "fps": null, "height": null, "tbr": 63.945, "width": null, "vcodec": "none", "downloader_options": {"http_chunk_size": 10485760}, "format": "249 - audio only (tiny)", "protocol": "https", "http_headers": {"User-Agent": "Mozilla/5.0 (Windows NT 10.0; Win64; x64) AppleWebKit/537.36 (KHTML, like Gecko) Chrome/70.0.3538.61 Safari/537.36", "Accept-Charset": "ISO-8859-1,utf-8;q=0.7,*;q=0.7", "Accept": "text/html,application/xhtml+xml,application/xml;q=0.9,*/*;q=0.8", "Accept-Encoding": "gzip, deflate", "Accept-Language": "en-us,en;q=0.5"}}, {"format_id": "250", "url": "https://r4---sn-5njj-u2xl.googlevideo.com/videoplayback?expire=1609159338&ei=Sn7pX9a5GcmYqQGEt5C4DQ&ip=140.109.135.166&id=o-AG4J_nikIC_vMaivumK5bcgO18GVzuYmeNDLJPMCws72&itag=250&source=youtube&requiressl=yes&mh=W-&mm=31%2C29&mn=sn-5njj-u2xl%2Csn-un57sn7z&ms=au%2Crdu&mv=m&mvi=4&pl=16&gcr=tw&initcwndbps=375000&vprv=1&mime=audio%2Fwebm&ns=5GoyfGRjfokCmtYLtazzDcgF&gir=yes&clen=1391855&dur=138.081&lmt=1607043529467359&mt=1609137405&fvip=4&keepalive=yes&c=WEB&txp=2311222&n=KjdrwRUw3owx-urI&sparams=expire%2Cei%2Cip%2Cid%2Citag%2Csource%2Crequiressl%2Cgcr%2Cvprv%2Cmime%2Cns%2Cgir%2Cclen%2Cdur%2Clmt&lsparams=mh%2Cmm%2Cmn%2Cms%2Cmv%2Cmvi%2Cpl%2Cinitcwndbps&lsig=AG3C_xAwRAIgTqiyOpVe4yoRpGtDoHe1dDQMraYTRI5BCLt_1UOXBFYCIA0Enes-MjIF3swCqd3_AWt-asTjrAXrY8gUo_mhCVW_&sig=AOq0QJ8wRQIhALqv4EBRrQqSOHn6KOUgNiTU6Jp6xpWy57VGQw5LEeyqAiB2EEItKQ2hCCkzKHrP6ayotj3TWzQ-dyOs9gFN-u0rnw==&ratebypass=yes", "player_url": "/s/player/5dd3f3b2/player_ias.vflset/en_US/base.js", "ext": "webm", "format_note": "tiny", "acodec": "opus", "abr": 70, "asr": 48000, "filesize": 1391855, "fps": null, "height": null, "tbr": 83.967, "width": null, "vcodec": "none", "downloader_options": {"http_chunk_size": 10485760}, "format": "250 - audio only (tiny)", "protocol": "https", "http_headers": {"User-Agent": "Mozilla/5.0 (Windows NT 10.0; Win64; x64) AppleWebKit/537.36 (KHTML, like Gecko) Chrome/70.0.3538.61 Safari/537.36", "Accept-Charset": "ISO-8859-1,utf-8;q=0.7,*;q=0.7", "Accept": "text/html,application/xhtml+xml,application/xml;q=0.9,*/*;q=0.8", "Accept-Encoding": "gzip, deflate", "Accept-Language": "en-us,en;q=0.5"}}, {"format_id": "140", "url": "https://r4---sn-5njj-u2xl.googlevideo.com/videoplayback?expire=1609159338&ei=Sn7pX9a5GcmYqQGEt5C4DQ&ip=140.109.135.166&id=o-AG4J_nikIC_vMaivumK5bcgO18GVzuYmeNDLJPMCws72&itag=140&source=youtube&requiressl=yes&mh=W-&mm=31%2C29&mn=sn-5njj-u2xl%2Csn-un57sn7z&ms=au%2Crdu&mv=m&mvi=4&pl=16&gcr=tw&initcwndbps=375000&vprv=1&mime=audio%2Fmp4&ns=5GoyfGRjfokCmtYLtazzDcgF&gir=yes&clen=2237340&dur=138.073&lmt=1607043528078413&mt=1609137405&fvip=4&keepalive=yes&c=WEB&txp=2311222&n=KjdrwRUw3owx-urI&sparams=expire%2Cei%2Cip%2Cid%2Citag%2Csource%2Crequiressl%2Cgcr%2Cvprv%2Cmime%2Cns%2Cgir%2Cclen%2Cdur%2Clmt&lsparams=mh%2Cmm%2Cmn%2Cms%2Cmv%2Cmvi%2Cpl%2Cinitcwndbps&lsig=AG3C_xAwRQIgLXX73I2wQnvw7yfS7ZEf5Psz6T1Ndoq1Xg_hdNXuj4oCIQCqBYEH38TjV4ixtBV381_3UryVze5PNPdf2RjQctXRmQ%3D%3D&sig=AOq0QJ8wRQIhAMoMPH653op5PXHYfOrZ1GEqDgA1YrOWorFD9pbIarErAiANcvQT9km5A38H3dLeEzoFvMT0i5wb_I5HlX5oY9saog==&ratebypass=yes", "player_url": "/s/player/5dd3f3b2/player_ias.vflset/en_US/base.js", "ext": "m4a", "format_note": "tiny", "acodec": "mp4a.40.2", "abr": 128, "container": "m4a_dash", "asr": 44100, "filesize": 2237340, "fps": null, "height": null, "tbr": 130.923, "width": null, "vcodec": "none", "downloader_options": {"http_chunk_size": 10485760}, "format": "140 - audio only (tiny)", "protocol": "https", "http_headers": {"User-Agent": "Mozilla/5.0 (Windows NT 10.0; Win64; x64) AppleWebKit/537.36 (KHTML, like Gecko) Chrome/70.0.3538.61 Safari/537.36", "Accept-Charset": "ISO-8859-1,utf-8;q=0.7,*;q=0.7", "Accept": "text/html,application/xhtml+xml,application/xml;q=0.9,*/*;q=0.8", "Accept-Encoding": "gzip, deflate", "Accept-Language": "en-us,en;q=0.5"}}, {"format_id": "251", "url": "https://r4---sn-5njj-u2xl.googlevideo.com/videoplayback?expire=1609159338&ei=Sn7pX9a5GcmYqQGEt5C4DQ&ip=140.109.135.166&id=o-AG4J_nikIC_vMaivumK5bcgO18GVzuYmeNDLJPMCws72&itag=251&source=youtube&requiressl=yes&mh=W-&mm=31%2C29&mn=sn-5njj-u2xl%2Csn-un57sn7z&ms=au%2Crdu&mv=m&mvi=4&pl=16&gcr=tw&initcwndbps=375000&vprv=1&mime=audio%2Fwebm&ns=5GoyfGRjfokCmtYLtazzDcgF&gir=yes&clen=2698559&dur=138.081&lmt=1607043529267261&mt=1609137405&fvip=4&keepalive=yes&c=WEB&txp=2311222&n=KjdrwRUw3owx-urI&sparams=expire%2Cei%2Cip%2Cid%2Citag%2Csource%2Crequiressl%2Cgcr%2Cvprv%2Cmime%2Cns%2Cgir%2Cclen%2Cdur%2Clmt&lsparams=mh%2Cmm%2Cmn%2Cms%2Cmv%2Cmvi%2Cpl%2Cinitcwndbps&lsig=AG3C_xAwRQIgYmbGTBAk58wSVIYJTZxlbHkBL2DH2AVsPKl9G5fLeyMCIQC4HwS3HlBt1rvjIKahFzS6rjTas_wI1wmxDe6N4kqulg%3D%3D&sig=AOq0QJ8wRAIgR4Ibr4TwGTgQ3ty8sYjaY8vAM4zQ8lEmGiOF6mYLxaMCIBO2QuGPdYGTSN2CkYbetOMUtT6iLFH4X-Mamn2Zp60l&ratebypass=yes", "player_url": "/s/player/5dd3f3b2/player_ias.vflset/en_US/base.js", "ext": "webm", "format_note": "tiny", "acodec": "opus", "abr": 160, "asr": 48000, "filesize": 2698559, "fps": null, "height": null, "tbr": 161.426, "width": null, "vcodec": "none", "downloader_options": {"http_chunk_size": 10485760}, "format": "251 - audio only (tiny)", "protocol": "https", "http_headers": {"User-Agent": "Mozilla/5.0 (Windows NT 10.0; Win64; x64) AppleWebKit/537.36 (KHTML, like Gecko) Chrome/70.0.3538.61 Safari/537.36", "Accept-Charset": "ISO-8859-1,utf-8;q=0.7,*;q=0.7", "Accept": "text/html,application/xhtml+xml,application/xml;q=0.9,*/*;q=0.8", "Accept-Encoding": "gzip, deflate", "Accept-Language": "en-us,en;q=0.5"}}, {"format_id": "160", "url": "https://r4---sn-5njj-u2xl.googlevideo.com/videoplayback?expire=1609159338&ei=Sn7pX9a5GcmYqQGEt5C4DQ&ip=140.109.135.166&id=o-AG4J_nikIC_vMaivumK5bcgO18GVzuYmeNDLJPMCws72&itag=160&aitags=133%2C134%2C135%2C136%2C137%2C160%2C242%2C243%2C244%2C247%2C248%2C278&source=youtube&requiressl=yes&mh=W-&mm=31%2C29&mn=sn-5njj-u2xl%2Csn-un57sn7z&ms=au%2Crdu&mv=m&mvi=4&pl=16&gcr=tw&initcwndbps=375000&vprv=1&mime=video%2Fmp4&ns=5GoyfGRjfokCmtYLtazzDcgF&gir=yes&clen=247921&dur=138.040&lmt=1607043533072865&mt=1609137405&fvip=4&keepalive=yes&c=WEB&txp=2316222&n=KjdrwRUw3owx-urI&sparams=expire%2Cei%2Cip%2Cid%2Caitags%2Csource%2Crequiressl%2Cgcr%2Cvprv%2Cmime%2Cns%2Cgir%2Cclen%2Cdur%2Clmt&lsparams=mh%2Cmm%2Cmn%2Cms%2Cmv%2Cmvi%2Cpl%2Cinitcwndbps&lsig=AG3C_xAwRQIgUhveyFk3uq6eUTqRAjkW5I5drXV--S2d2do7IwMt2ksCIQCYdiZ7393n0jM-DiHlOTfV89Q8I-guWpRN1XpAZLg9fA%3D%3D&sig=AOq0QJ8wRQIhALo-NyqXvBmj8A3dkLcx49K56VcufVkQoyOnGA9eR-IQAiBFx6xGaRxJc-hGVnMwR6-18PYD0bWqTJkU6MVqW0bE0w==&ratebypass=yes", "player_url": "/s/player/5dd3f3b2/player_ias.vflset/en_US/base.js", "ext": "mp4", "height": 144, "format_note": "144p", "vcodec": "avc1.4d400b", "asr": null, "filesize": 247921, "fps": 25, "tbr": 16.001, "width": 144, "acodec": "none", "downloader_options": {"http_chunk_size": 10485760}, "format": "160 - 144x144 (144p)", "protocol": "https", "http_headers": {"User-Agent": "Mozilla/5.0 (Windows NT 10.0; Win64; x64) AppleWebKit/537.36 (KHTML, like Gecko) Chrome/70.0.3538.61 Safari/537.36", "Accept-Charset": "ISO-8859-1,utf-8;q=0.7,*;q=0.7", "Accept": "text/html,application/xhtml+xml,application/xml;q=0.9,*/*;q=0.8", "Accept-Encoding": "gzip, deflate", "Accept-Language": "en-us,en;q=0.5"}}, {"format_id": "278", "url": "https://r4---sn-5njj-u2xl.googlevideo.com/videoplayback?expire=1609159338&ei=Sn7pX9a5GcmYqQGEt5C4DQ&ip=140.109.135.166&id=o-AG4J_nikIC_vMaivumK5bcgO18GVzuYmeNDLJPMCws72&itag=278&aitags=133%2C134%2C135%2C136%2C137%2C160%2C242%2C243%2C244%2C247%2C248%2C278&source=youtube&requiressl=yes&mh=W-&mm=31%2C29&mn=sn-5njj-u2xl%2Csn-un57sn7z&ms=au%2Crdu&mv=m&mvi=4&pl=16&gcr=tw&initcwndbps=375000&vprv=1&mime=video%2Fwebm&ns=5GoyfGRjfokCmtYLtazzDcgF&gir=yes&clen=293125&dur=138.040&lmt=1607043533373768&mt=1609137405&fvip=4&keepalive=yes&c=WEB&txp=2316222&n=KjdrwRUw3owx-urI&sparams=expire%2Cei%2Cip%2Cid%2Caitags%2Csource%2Crequiressl%2Cgcr%2Cvprv%2Cmime%2Cns%2Cgir%2Cclen%2Cdur%2Clmt&lsparams=mh%2Cmm%2Cmn%2Cms%2Cmv%2Cmvi%2Cpl%2Cinitcwndbps&lsig=AG3C_xAwRQIhAOHQflE1_nJ2RwoD1DpqCBvS6vX9JrtElLS9QjdieCfAAiBMrTk_OUuZ3uCubOrme_ueMMK1tmEkqAreAGo2AS3VjA%3D%3D&sig=AOq0QJ8wRgIhAINhGFI-FN_ub1fOX5jfW0WNPv93Ifif80tysMGdytjBAiEAvMsKc2RLkSBQ8d7WZ2YI_kCAgrLAP6Rj22zHFangfxQ=&ratebypass=yes", "player_url": "/s/player/5dd3f3b2/player_ias.vflset/en_US/base.js", "ext": "webm", "height": 144, "format_note": "144p", "container": "webm", "vcodec": "vp9", "asr": null, "filesize": 293125, "fps": 25, "tbr": 17.973, "width": 144, "acodec": "none", "downloader_options": {"http_chunk_size": 10485760}, "format": "278 - 144x144 (144p)", "protocol": "https", "http_headers": {"User-Agent": "Mozilla/5.0 (Windows NT 10.0; Win64; x64) AppleWebKit/537.36 (KHTML, like Gecko) Chrome/70.0.3538.61 Safari/537.36", "Accept-Charset": "ISO-8859-1,utf-8;q=0.7,*;q=0.7", "Accept": "text/html,application/xhtml+xml,application/xml;q=0.9,*/*;q=0.8", "Accept-Encoding": "gzip, deflate", "Accept-Language": "en-us,en;q=0.5"}}, {"format_id": "242", "url": "https://r4---sn-5njj-u2xl.googlevideo.com/videoplayback?expire=1609159338&ei=Sn7pX9a5GcmYqQGEt5C4DQ&ip=140.109.135.166&id=o-AG4J_nikIC_vMaivumK5bcgO18GVzuYmeNDLJPMCws72&itag=242&aitags=133%2C134%2C135%2C136%2C137%2C160%2C242%2C243%2C244%2C247%2C248%2C278&source=youtube&requiressl=yes&mh=W-&mm=31%2C29&mn=sn-5njj-u2xl%2Csn-un57sn7z&ms=au%2Crdu&mv=m&mvi=4&pl=16&gcr=tw&initcwndbps=375000&vprv=1&mime=video%2Fwebm&ns=5GoyfGRjfokCmtYLtazzDcgF&gir=yes&clen=443983&dur=138.040&lmt=1607043532781499&mt=1609137405&fvip=4&keepalive=yes&c=WEB&txp=2316222&n=KjdrwRUw3owx-urI&sparams=expire%2Cei%2Cip%2Cid%2Caitags%2Csource%2Crequiressl%2Cgcr%2Cvprv%2Cmime%2Cns%2Cgir%2Cclen%2Cdur%2Clmt&lsparams=mh%2Cmm%2Cmn%2Cms%2Cmv%2Cmvi%2Cpl%2Cinitcwndbps&lsig=AG3C_xAwRQIgPHQLLUXd-v6oj7HuVRXptz9uMHC8ROf8eZNuQaEYZA0CIQD6aZChpb6bUVF5WLtfpm7LPohevkiPo0Z5-TMt-6i40w%3D%3D&sig=AOq0QJ8wRAIgfxMm-JnmSuRRK1wgGU1Dkm_HA3uFxTGayI-cWvBFLvECIGvbxCf8fVTjylgSRQNNBp43YdHMNa5BGrwq_LOg98u3&ratebypass=yes", "player_url": "/s/player/5dd3f3b2/player_ias.vflset/en_US/base.js", "ext": "webm", "height": 240, "format_note": "240p", "vcodec": "vp9", "asr": null, "filesize": 443983, "fps": 25, "tbr": 26.725, "width": 240, "acodec": "none", "downloader_options": {"http_chunk_size": 10485760}, "format": "242 - 240x240 (240p)", "protocol": "https", "http_headers": {"User-Agent": "Mozilla/5.0 (Windows NT 10.0; Win64; x64) AppleWebKit/537.36 (KHTML, like Gecko) Chrome/70.0.3538.61 Safari/537.36", "Accept-Charset": "ISO-8859-1,utf-8;q=0.7,*;q=0.7", "Accept": "text/html,application/xhtml+xml,application/xml;q=0.9,*/*;q=0.8", "Accept-Encoding": "gzip, deflate", "Accept-Language": "en-us,en;q=0.5"}}, {"format_id": "133", "url": "https://r4---sn-5njj-u2xl.googlevideo.com/videoplayback?expire=1609159338&ei=Sn7pX9a5GcmYqQGEt5C4DQ&ip=140.109.135.166&id=o-AG4J_nikIC_vMaivumK5bcgO18GVzuYmeNDLJPMCws72&itag=133&aitags=133%2C134%2C135%2C136%2C137%2C160%2C242%2C243%2C244%2C247%2C248%2C278&source=youtube&requiressl=yes&mh=W-&mm=31%2C29&mn=sn-5njj-u2xl%2Csn-un57sn7z&ms=au%2Crdu&mv=m&mvi=4&pl=16&gcr=tw&initcwndbps=375000&vprv=1&mime=video%2Fmp4&ns=5GoyfGRjfokCmtYLtazzDcgF&gir=yes&clen=448798&dur=138.040&lmt=1607043533574138&mt=1609137405&fvip=4&keepalive=yes&c=WEB&txp=2316222&n=KjdrwRUw3owx-urI&sparams=expire%2Cei%2Cip%2Cid%2Caitags%2Csource%2Crequiressl%2Cgcr%2Cvprv%2Cmime%2Cns%2Cgir%2Cclen%2Cdur%2Clmt&lsparams=mh%2Cmm%2Cmn%2Cms%2Cmv%2Cmvi%2Cpl%2Cinitcwndbps&lsig=AG3C_xAwRgIhAPOUSUEWKvE59vVaYNi6TNc0rJ36R6gBnIqAeJBtEXWaAiEAoBUILDPlLBj3BnxODJXUJHLr4S1MBvDLWnCBxdAw1Vg%3D&sig=AOq0QJ8wRAIgBavzn-Xn2mffYSDmCPoRSFCRt3PNmR8WfWcWFX-uw0cCIB4bGcBHZapsrv66w8iNlvh0IcF3CYmqqfX1qSTnCFAX&ratebypass=yes", "player_url": "/s/player/5dd3f3b2/player_ias.vflset/en_US/base.js", "ext": "mp4", "height": 240, "format_note": "240p", "vcodec": "avc1.4d400c", "asr": null, "filesize": 448798, "fps": 25, "tbr": 27.623, "width": 240, "acodec": "none", "downloader_options": {"http_chunk_size": 10485760}, "format": "133 - 240x240 (240p)", "protocol": "https", "http_headers": {"User-Agent": "Mozilla/5.0 (Windows NT 10.0; Win64; x64) AppleWebKit/537.36 (KHTML, like Gecko) Chrome/70.0.3538.61 Safari/537.36", "Accept-Charset": "ISO-8859-1,utf-8;q=0.7,*;q=0.7", "Accept": "text/html,application/xhtml+xml,application/xml;q=0.9,*/*;q=0.8", "Accept-Encoding": "gzip, deflate", "Accept-Language": "en-us,en;q=0.5"}}, {"format_id": "243", "url": "https://r4---sn-5njj-u2xl.googlevideo.com/videoplayback?expire=1609159338&ei=Sn7pX9a5GcmYqQGEt5C4DQ&ip=140.109.135.166&id=o-AG4J_nikIC_vMaivumK5bcgO18GVzuYmeNDLJPMCws72&itag=243&aitags=133%2C134%2C135%2C136%2C137%2C160%2C242%2C243%2C244%2C247%2C248%2C278&source=youtube&requiressl=yes&mh=W-&mm=31%2C29&mn=sn-5njj-u2xl%2Csn-un57sn7z&ms=au%2Crdu&mv=m&mvi=4&pl=16&gcr=tw&initcwndbps=375000&vprv=1&mime=video%2Fwebm&ns=5GoyfGRjfokCmtYLtazzDcgF&gir=yes&clen=675863&dur=138.040&lmt=1607043533280995&mt=1609137405&fvip=4&keepalive=yes&c=WEB&txp=2316222&n=KjdrwRUw3owx-urI&sparams=expire%2Cei%2Cip%2Cid%2Caitags%2Csource%2Crequiressl%2Cgcr%2Cvprv%2Cmime%2Cns%2Cgir%2Cclen%2Cdur%2Clmt&lsparams=mh%2Cmm%2Cmn%2Cms%2Cmv%2Cmvi%2Cpl%2Cinitcwndbps&lsig=AG3C_xAwRQIgMurBHAX7kGyiIEbsRlzuvsZUoBBydvhPy2WE7cdlrcACIQDjadMLFGllJNW_GCpXJEt5yQUx4vZ3V_8Y7CsqKp_CuA%3D%3D&sig=AOq0QJ8wRAIgUrYnNxu8GwV1b8N-9P7TK5JljsVevqGca5E5smfdH_0CIGALta7XOomHNVaGgvVFU1asLYOP5c9MhlQllmtlWmv4&ratebypass=yes", "player_url": "/s/player/5dd3f3b2/player_ias.vflset/en_US/base.js", "ext": "webm", "height": 360, "format_note": "360p", "vcodec": "vp9", "asr": null, "filesize": 675863, "fps": 25, "tbr": 40.357, "width": 360, "acodec": "none", "downloader_options": {"http_chunk_size": 10485760}, "format": "243 - 360x360 (360p)", "protocol": "https", "http_headers": {"User-Agent": "Mozilla/5.0 (Windows NT 10.0; Win64; x64) AppleWebKit/537.36 (KHTML, like Gecko) Chrome/70.0.3538.61 Safari/537.36", "Accept-Charset": "ISO-8859-1,utf-8;q=0.7,*;q=0.7", "Accept": "text/html,application/xhtml+xml,application/xml;q=0.9,*/*;q=0.8", "Accept-Encoding": "gzip, deflate", "Accept-Language": "en-us,en;q=0.5"}}, {"format_id": "134", "url": "https://r4---sn-5njj-u2xl.googlevideo.com/videoplayback?expire=1609159338&ei=Sn7pX9a5GcmYqQGEt5C4DQ&ip=140.109.135.166&id=o-AG4J_nikIC_vMaivumK5bcgO18GVzuYmeNDLJPMCws72&itag=134&aitags=133%2C134%2C135%2C136%2C137%2C160%2C242%2C243%2C244%2C247%2C248%2C278&source=youtube&requiressl=yes&mh=W-&mm=31%2C29&mn=sn-5njj-u2xl%2Csn-un57sn7z&ms=au%2Crdu&mv=m&mvi=4&pl=16&gcr=tw&initcwndbps=375000&vprv=1&mime=video%2Fmp4&ns=5GoyfGRjfokCmtYLtazzDcgF&gir=yes&clen=780374&dur=138.040&lmt=1607043535477324&mt=1609137405&fvip=4&keepalive=yes&c=WEB&txp=2316222&n=KjdrwRUw3owx-urI&sparams=expire%2Cei%2Cip%2Cid%2Caitags%2Csource%2Crequiressl%2Cgcr%2Cvprv%2Cmime%2Cns%2Cgir%2Cclen%2Cdur%2Clmt&lsparams=mh%2Cmm%2Cmn%2Cms%2Cmv%2Cmvi%2Cpl%2Cinitcwndbps&lsig=AG3C_xAwRQIgPHMNPBoWTjzm2YRRx1fM67-jfNMolMvQVAlrYKIiqfsCIQCdOPhjKCS7nYu25gMCF0CuNvicPMroJ33Pi-84sHQPGQ%3D%3D&sig=AOq0QJ8wRQIhAMXytGRysJBipjABUpg2BmWWUWhxGnGCvtb5YVwikhmGAiBjkmLcMlYkGCSkuebtxD74zs2t0rSMDPGHOk46xjhd5w==&ratebypass=yes", "player_url": "/s/player/5dd3f3b2/player_ias.vflset/en_US/base.js", "ext": "mp4", "height": 360, "format_note": "360p", "vcodec": "avc1.4d4015", "asr": null, "filesize": 780374, "fps": 25, "tbr": 46.818, "width": 360, "acodec": "none", "downloader_options": {"http_chunk_size": 10485760}, "format": "134 - 360x360 (360p)", "protocol": "https", "http_headers": {"User-Agent": "Mozilla/5.0 (Windows NT 10.0; Win64; x64) AppleWebKit/537.36 (KHTML, like Gecko) Chrome/70.0.3538.61 Safari/537.36", "Accept-Charset": "ISO-8859-1,utf-8;q=0.7,*;q=0.7", "Accept": "text/html,application/xhtml+xml,application/xml;q=0.9,*/*;q=0.8", "Accept-Encoding": "gzip, deflate", "Accept-Language": "en-us,en;q=0.5"}}, {"format_id": "244", "url": "https://r4---sn-5njj-u2xl.googlevideo.com/videoplayback?expire=1609159338&ei=Sn7pX9a5GcmYqQGEt5C4DQ&ip=140.109.135.166&id=o-AG4J_nikIC_vMaivumK5bcgO18GVzuYmeNDLJPMCws72&itag=244&aitags=133%2C134%2C135%2C136%2C137%2C160%2C242%2C243%2C244%2C247%2C248%2C278&source=youtube&requiressl=yes&mh=W-&mm=31%2C29&mn=sn-5njj-u2xl%2Csn-un57sn7z&ms=au%2Crdu&mv=m&mvi=4&pl=16&gcr=tw&initcwndbps=375000&vprv=1&mime=video%2Fwebm&ns=5GoyfGRjfokCmtYLtazzDcgF&gir=yes&clen=998911&dur=138.040&lmt=1607043535182507&mt=1609137405&fvip=4&keepalive=yes&c=WEB&txp=2316222&n=KjdrwRUw3owx-urI&sparams=expire%2Cei%2Cip%2Cid%2Caitags%2Csource%2Crequiressl%2Cgcr%2Cvprv%2Cmime%2Cns%2Cgir%2Cclen%2Cdur%2Clmt&lsparams=mh%2Cmm%2Cmn%2Cms%2Cmv%2Cmvi%2Cpl%2Cinitcwndbps&lsig=AG3C_xAwRAIgBOid8gIW4rqLBLnOchWPRHWCIhx0TYQQlHggsSbrd_ICIDgkcVrRwuJI6aZ9WIQ5ST9bGNTs0Ovk4gXGh7qarq3F&sig=AOq0QJ8wRAIgLX7U1PoODfrkfzR9Tfv5o_NG14l8l2xk6CBBp6l4i2wCIHr_QrWvcnXbzQjDJUnwwH6BieLsiZISgN_flVdpZQm0&ratebypass=yes", "player_url": "/s/player/5dd3f3b2/player_ias.vflset/en_US/base.js", "ext": "webm", "height": 480, "format_note": "480p", "vcodec": "vp9", "asr": null, "filesize": 998911, "fps": 25, "tbr": 59.878, "width": 480, "acodec": "none", "downloader_options": {"http_chunk_size": 10485760}, "format": "244 - 480x480 (480p)", "protocol": "https", "http_headers": {"User-Agent": "Mozilla/5.0 (Windows NT 10.0; Win64; x64) AppleWebKit/537.36 (KHTML, like Gecko) Chrome/70.0.3538.61 Safari/537.36", "Accept-Charset": "ISO-8859-1,utf-8;q=0.7,*;q=0.7", "Accept": "text/html,application/xhtml+xml,application/xml;q=0.9,*/*;q=0.8", "Accept-Encoding": "gzip, deflate", "Accept-Language": "en-us,en;q=0.5"}}, {"format_id": "135", "url": "https://r4---sn-5njj-u2xl.googlevideo.com/videoplayback?expire=1609159338&ei=Sn7pX9a5GcmYqQGEt5C4DQ&ip=140.109.135.166&id=o-AG4J_nikIC_vMaivumK5bcgO18GVzuYmeNDLJPMCws72&itag=135&aitags=133%2C134%2C135%2C136%2C137%2C160%2C242%2C243%2C244%2C247%2C248%2C278&source=youtube&requiressl=yes&mh=W-&mm=31%2C29&mn=sn-5njj-u2xl%2Csn-un57sn7z&ms=au%2Crdu&mv=m&mvi=4&pl=16&gcr=tw&initcwndbps=375000&vprv=1&mime=video%2Fmp4&ns=5GoyfGRjfokCmtYLtazzDcgF&gir=yes&clen=1615327&dur=138.040&lmt=1607043535180875&mt=1609137405&fvip=4&keepalive=yes&c=WEB&txp=2316222&n=KjdrwRUw3owx-urI&sparams=expire%2Cei%2Cip%2Cid%2Caitags%2Csource%2Crequiressl%2Cgcr%2Cvprv%2Cmime%2Cns%2Cgir%2Cclen%2Cdur%2Clmt&lsparams=mh%2Cmm%2Cmn%2Cms%2Cmv%2Cmvi%2Cpl%2Cinitcwndbps&lsig=AG3C_xAwRAIhAJuxeEsQo-bfbAUWBsQjozfKWlv2alyJzsgU9HlspI0KAh8y7liVACkoU0miH6uzCtkCLz1KpoCeca3Fz_leNbTB&sig=AOq0QJ8wRgIhAMfPOxsNwLrA_yW_ljwGmPxhGhQpzWZKs58a6TxdFmgBAiEAxXTqIowSxmTfXbJ-pYS_fj4Esd7uNjR9K_JB1xD7-Y4=&ratebypass=yes", "player_url": "/s/player/5dd3f3b2/player_ias.vflset/en_US/base.js", "ext": "mp4", "height": 480, "format_note": "480p", "vcodec": "avc1.4d401e", "asr": null, "filesize": 1615327, "fps": 25, "tbr": 96.905, "width": 480, "acodec": "none", "downloader_options": {"http_chunk_size": 10485760}, "format": "135 - 480x480 (480p)", "protocol": "https", "http_headers": {"User-Agent": "Mozilla/5.0 (Windows NT 10.0; Win64; x64) AppleWebKit/537.36 (KHTML, like Gecko) Chrome/70.0.3538.61 Safari/537.36", "Accept-Charset": "ISO-8859-1,utf-8;q=0.7,*;q=0.7", "Accept": "text/html,application/xhtml+xml,application/xml;q=0.9,*/*;q=0.8", "Accept-Encoding": "gzip, deflate", "Accept-Language": "en-us,en;q=0.5"}}, {"format_id": "247", "url": "https://r4---sn-5njj-u2xl.googlevideo.com/videoplayback?expire=1609159338&ei=Sn7pX9a5GcmYqQGEt5C4DQ&ip=140.109.135.166&id=o-AG4J_nikIC_vMaivumK5bcgO18GVzuYmeNDLJPMCws72&itag=247&aitags=133%2C134%2C135%2C136%2C137%2C160%2C242%2C243%2C244%2C247%2C248%2C278&source=youtube&requiressl=yes&mh=W-&mm=31%2C29&mn=sn-5njj-u2xl%2Csn-un57sn7z&ms=au%2Crdu&mv=m&mvi=4&pl=16&gcr=tw&initcwndbps=375000&vprv=1&mime=video%2Fwebm&ns=5GoyfGRjfokCmtYLtazzDcgF&gir=yes&clen=1949551&dur=138.040&lmt=1607043534179869&mt=1609137405&fvip=4&keepalive=yes&c=WEB&txp=2316222&n=KjdrwRUw3owx-urI&sparams=expire%2Cei%2Cip%2Cid%2Caitags%2Csource%2Crequiressl%2Cgcr%2Cvprv%2Cmime%2Cns%2Cgir%2Cclen%2Cdur%2Clmt&lsparams=mh%2Cmm%2Cmn%2Cms%2Cmv%2Cmvi%2Cpl%2Cinitcwndbps&lsig=AG3C_xAwRQIhAPLmUPMPF8-jPbe2JCfoO58kxOao7fphr76El3YEH_udAiB2dvsX0C3RePskBI3v_eoD1Od1O6juh5Nq6hAwJiKP4Q%3D%3D&sig=AOq0QJ8wRgIhAJ-PPYC7GX7JrPAUM-Pd-yc2fkd3DQ3IErVBXCpZiC0qAiEA4Mew-U0GtXxxY8EPwNOT5F1uFx_NBxujG0YSRhEtD9Q=&ratebypass=yes", "player_url": "/s/player/5dd3f3b2/player_ias.vflset/en_US/base.js", "ext": "webm", "height": 720, "format_note": "720p", "vcodec": "vp9", "asr": null, "filesize": 1949551, "fps": 25, "tbr": 117.113, "width": 720, "acodec": "none", "downloader_options": {"http_chunk_size": 10485760}, "format": "247 - 720x720 (720p)", "protocol": "https", "http_headers": {"User-Agent": "Mozilla/5.0 (Windows NT 10.0; Win64; x64) AppleWebKit/537.36 (KHTML, like Gecko) Chrome/70.0.3538.61 Safari/537.36", "Accept-Charset": "ISO-8859-1,utf-8;q=0.7,*;q=0.7", "Accept": "text/html,application/xhtml+xml,application/xml;q=0.9,*/*;q=0.8", "Accept-Encoding": "gzip, deflate", "Accept-Language": "en-us,en;q=0.5"}}, {"format_id": "136", "url": "https://r4---sn-5njj-u2xl.googlevideo.com/videoplayback?expire=1609159338&ei=Sn7pX9a5GcmYqQGEt5C4DQ&ip=140.109.135.166&id=o-AG4J_nikIC_vMaivumK5bcgO18GVzuYmeNDLJPMCws72&itag=136&aitags=133%2C134%2C135%2C136%2C137%2C160%2C242%2C243%2C244%2C247%2C248%2C278&source=youtube&requiressl=yes&mh=W-&mm=31%2C29&mn=sn-5njj-u2xl%2Csn-un57sn7z&ms=au%2Crdu&mv=m&mvi=4&pl=16&gcr=tw&initcwndbps=375000&vprv=1&mime=video%2Fmp4&ns=5GoyfGRjfokCmtYLtazzDcgF&gir=yes&clen=4196403&dur=138.040&lmt=1607043533280999&mt=1609137405&fvip=4&keepalive=yes&c=WEB&txp=2316222&n=KjdrwRUw3owx-urI&sparams=expire%2Cei%2Cip%2Cid%2Caitags%2Csource%2Crequiressl%2Cgcr%2Cvprv%2Cmime%2Cns%2Cgir%2Cclen%2Cdur%2Clmt&lsparams=mh%2Cmm%2Cmn%2Cms%2Cmv%2Cmvi%2Cpl%2Cinitcwndbps&lsig=AG3C_xAwRQIgJmlpfbLosPYJ2f5UuDyfFtMXzKZT4LOfm3kGMQ_l4AwCIQD41PPM3PnqvsVbpDsCwjS9HhUrgRA9mgNkjyiGJbOI8Q%3D%3D&sig=AOq0QJ8wRAIgF9kumv39C7JLXKMqYfa01uzkuWtLvjUGEc-V9zJoAjgCIAxaOz48HdMez862jNuEQqIgT6l4X1vDGkOcsaSPPHJj&ratebypass=yes", "player_url": "/s/player/5dd3f3b2/player_ias.vflset/en_US/base.js", "ext": "mp4", "height": 720, "format_note": "720p", "vcodec": "avc1.64001f", "asr": null, "filesize": 4196403, "fps": 25, "tbr": 252.237, "width": 720, "acodec": "none", "downloader_options": {"http_chunk_size": 10485760}, "format": "136 - 720x720 (720p)", "protocol": "https", "http_headers": {"User-Agent": "Mozilla/5.0 (Windows NT 10.0; Win64; x64) AppleWebKit/537.36 (KHTML, like Gecko) Chrome/70.0.3538.61 Safari/537.36", "Accept-Charset": "ISO-8859-1,utf-8;q=0.7,*;q=0.7", "Accept": "text/html,application/xhtml+xml,application/xml;q=0.9,*/*;q=0.8", "Accept-Encoding": "gzip, deflate", "Accept-Language": "en-us,en;q=0.5"}}, {"format_id": "248", "url": "https://r4---sn-5njj-u2xl.googlevideo.com/videoplayback?expire=1609159338&ei=Sn7pX9a5GcmYqQGEt5C4DQ&ip=140.109.135.166&id=o-AG4J_nikIC_vMaivumK5bcgO18GVzuYmeNDLJPMCws72&itag=248&aitags=133%2C134%2C135%2C136%2C137%2C160%2C242%2C243%2C244%2C247%2C248%2C278&source=youtube&requiressl=yes&mh=W-&mm=31%2C29&mn=sn-5njj-u2xl%2Csn-un57sn7z&ms=au%2Crdu&mv=m&mvi=4&pl=16&gcr=tw&initcwndbps=375000&vprv=1&mime=video%2Fwebm&ns=5GoyfGRjfokCmtYLtazzDcgF&gir=yes&clen=8555137&dur=138.040&lmt=1607043535293173&mt=1609137405&fvip=4&keepalive=yes&c=WEB&txp=2316222&n=KjdrwRUw3owx-urI&sparams=expire%2Cei%2Cip%2Cid%2Caitags%2Csource%2Crequiressl%2Cgcr%2Cvprv%2Cmime%2Cns%2Cgir%2Cclen%2Cdur%2Clmt&lsparams=mh%2Cmm%2Cmn%2Cms%2Cmv%2Cmvi%2Cpl%2Cinitcwndbps&lsig=AG3C_xAwRQIgUOTSa12TnULG-d4G55Z8sYjjtyDfXzl2djjwoIIMR0cCIQDAT5kh9w6EUK-a5FXHhRF9cY__Kq8-ulv0nvGvHB1HBg%3D%3D&sig=AOq0QJ8wRgIhAKK62IoSfch0DgNniFg7j4fNBu_rbT_FZuQjzv7JKTzZAiEA0l-ZG2VkOyl6zj2Z2_baxc6Nlu3QWSybzafNsZ5lc0c=&ratebypass=yes", "player_url": "/s/player/5dd3f3b2/player_ias.vflset/en_US/base.js", "ext": "webm", "height": 1080, "format_note": "1080p", "vcodec": "vp9", "asr": null, "filesize": 8555137, "fps": 25, "tbr": 514.736, "width": 1080, "acodec": "none", "downloader_options": {"http_chunk_size": 10485760}, "format": "248 - 1080x1080 (1080p)", "protocol": "https", "http_headers": {"User-Agent": "Mozilla/5.0 (Windows NT 10.0; Win64; x64) AppleWebKit/537.36 (KHTML, like Gecko) Chrome/70.0.3538.61 Safari/537.36", "Accept-Charset": "ISO-8859-1,utf-8;q=0.7,*;q=0.7", "Accept": "text/html,application/xhtml+xml,application/xml;q=0.9,*/*;q=0.8", "Accept-Encoding": "gzip, deflate", "Accept-Language": "en-us,en;q=0.5"}}, {"format_id": "137", "url": "https://r4---sn-5njj-u2xl.googlevideo.com/videoplayback?expire=1609159338&ei=Sn7pX9a5GcmYqQGEt5C4DQ&ip=140.109.135.166&id=o-AG4J_nikIC_vMaivumK5bcgO18GVzuYmeNDLJPMCws72&itag=137&aitags=133%2C134%2C135%2C136%2C137%2C160%2C242%2C243%2C244%2C247%2C248%2C278&source=youtube&requiressl=yes&mh=W-&mm=31%2C29&mn=sn-5njj-u2xl%2Csn-un57sn7z&ms=au%2Crdu&mv=m&mvi=4&pl=16&gcr=tw&initcwndbps=375000&vprv=1&mime=video%2Fmp4&ns=5GoyfGRjfokCmtYLtazzDcgF&gir=yes&clen=12054208&dur=138.040&lmt=1607043533579893&mt=1609137405&fvip=4&keepalive=yes&c=WEB&txp=2316222&n=KjdrwRUw3owx-urI&sparams=expire%2Cei%2Cip%2Cid%2Caitags%2Csource%2Crequiressl%2Cgcr%2Cvprv%2Cmime%2Cns%2Cgir%2Cclen%2Cdur%2Clmt&lsparams=mh%2Cmm%2Cmn%2Cms%2Cmv%2Cmvi%2Cpl%2Cinitcwndbps&lsig=AG3C_xAwRQIgMTRUBzpcSQyV7UjL3kE3zV7czKZRECGOjwdb_MWxSb8CIQClkGCExuScBKWuWf8lNXRQzFGFi1qqPAiuyMwyRkyA7A%3D%3D&sig=AOq0QJ8wRgIhAOtnOlT14kPTSF33kM7aa2wYFwJmoWX4tnmxtbjbYMIfAiEA6s7luxsGVH4B5-Ayd7AU5rycGFwSXkUYcdcu26Qa8uc=&ratebypass=yes", "player_url": "/s/player/5dd3f3b2/player_ias.vflset/en_US/base.js", "ext": "mp4", "height": 1080, "format_note": "1080p", "vcodec": "avc1.640020", "asr": null, "filesize": 12054208, "fps": 25, "tbr": 725.426, "width": 1080, "acodec": "none", "downloader_options": {"http_chunk_size": 10485760}, "format": "137 - 1080x1080 (1080p)", "protocol": "https", "http_headers": {"User-Agent": "Mozilla/5.0 (Windows NT 10.0; Win64; x64) AppleWebKit/537.36 (KHTML, like Gecko) Chrome/70.0.3538.61 Safari/537.36", "Accept-Charset": "ISO-8859-1,utf-8;q=0.7,*;q=0.7", "Accept": "text/html,application/xhtml+xml,application/xml;q=0.9,*/*;q=0.8", "Accept-Encoding": "gzip, deflate", "Accept-Language": "en-us,en;q=0.5"}}, {"format_id": "18", "url": "https://r4---sn-5njj-u2xl.googlevideo.com/videoplayback?expire=1609159338&ei=Sn7pX9a5GcmYqQGEt5C4DQ&ip=140.109.135.166&id=o-AG4J_nikIC_vMaivumK5bcgO18GVzuYmeNDLJPMCws72&itag=18&source=youtube&requiressl=yes&mh=W-&mm=31%2C29&mn=sn-5njj-u2xl%2Csn-un57sn7z&ms=au%2Crdu&mv=m&mvi=4&pl=16&gcr=tw&initcwndbps=375000&vprv=1&mime=video%2Fmp4&ns=HeMxFkpmptq0YDN50BaowAMF&gir=yes&clen=2221395&ratebypass=yes&dur=138.112&lmt=1607043534777790&mt=1609137405&fvip=4&c=WEB&txp=2310222&n=tzEmWVRv0PfTTjug&sparams=expire%2Cei%2Cip%2Cid%2Citag%2Csource%2Crequiressl%2Cgcr%2Cvprv%2Cmime%2Cns%2Cgir%2Cclen%2Cratebypass%2Cdur%2Clmt&lsparams=mh%2Cmm%2Cmn%2Cms%2Cmv%2Cmvi%2Cpl%2Cinitcwndbps&lsig=AG3C_xAwRQIhALiYaAa5I4J72FRTfuIe6uvmXXXyOo6RYjc1kRf0p9oCAiBqGKyhUnbZdVbNzPi7L5qq3xnAXJnaMywtVoZSvkQdxA%3D%3D&sig=AOq0QJ8wRQIhAM58BiLzNWt22OagM4xIjCVLBl8_4esPJVe_5Tj8Bd3jAiBcgzDerPqXGOxNUKWT21I6_ckqGqm8eu_wmVjAapIO_g==", "player_url": "/s/player/5dd3f3b2/player_ias.vflset/en_US/base.js", "ext": "mp4", "width": 360, "height": 360, "acodec": "mp4a.40.2", "abr": 96, "vcodec": "avc1.42001E", "asr": 44100, "filesize": 2221395, "format_note": "360p", "fps": 25, "tbr": 128.739, "format": "18 - 360x360 (360p)", "protocol": "https", "http_headers": {"User-Agent": "Mozilla/5.0 (Windows NT 10.0; Win64; x64) AppleWebKit/537.36 (KHTML, like Gecko) Chrome/70.0.3538.61 Safari/537.36", "Accept-Charset": "ISO-8859-1,utf-8;q=0.7,*;q=0.7", "Accept": "text/html,application/xhtml+xml,application/xml;q=0.9,*/*;q=0.8", "Accept-Encoding": "gzip, deflate", "Accept-Language": "en-us,en;q=0.5"}}], "is_live": null, "start_time": null, "end_time": null, "series": null, "season_number": null, "episode_number": null, "track": "D\u00fcck: A New Day", "artist": "Norman D\u00fcck", "album": "A New Day", "release_date": "20201204", "release_year": 2020, "extractor": "youtube", "webpage_url_basename": "watch", "extractor_key": "Youtube", "playlist": null, "playlist_index": null, "thumbnail": "https://i.ytimg.com/vi/kMHiU0fhWVw/maxresdefault.jpg", "display_id": "kMHiU0fhWVw", "requested_subtitles": null, "format_id": "251", "url": "https://r4---sn-5njj-u2xl.googlevideo.com/videoplayback?expire=1609159338&ei=Sn7pX9a5GcmYqQGEt5C4DQ&ip=140.109.135.166&id=o-AG4J_nikIC_vMaivumK5bcgO18GVzuYmeNDLJPMCws72&itag=251&source=youtube&requiressl=yes&mh=W-&mm=31%2C29&mn=sn-5njj-u2xl%2Csn-un57sn7z&ms=au%2Crdu&mv=m&mvi=4&pl=16&gcr=tw&initcwndbps=375000&vprv=1&mime=audio%2Fwebm&ns=5GoyfGRjfokCmtYLtazzDcgF&gir=yes&clen=2698559&dur=138.081&lmt=1607043529267261&mt=1609137405&fvip=4&keepalive=yes&c=WEB&txp=2311222&n=KjdrwRUw3owx-urI&sparams=expire%2Cei%2Cip%2Cid%2Citag%2Csource%2Crequiressl%2Cgcr%2Cvprv%2Cmime%2Cns%2Cgir%2Cclen%2Cdur%2Clmt&lsparams=mh%2Cmm%2Cmn%2Cms%2Cmv%2Cmvi%2Cpl%2Cinitcwndbps&lsig=AG3C_xAwRQIgYmbGTBAk58wSVIYJTZxlbHkBL2DH2AVsPKl9G5fLeyMCIQC4HwS3HlBt1rvjIKahFzS6rjTas_wI1wmxDe6N4kqulg%3D%3D&sig=AOq0QJ8wRAIgR4Ibr4TwGTgQ3ty8sYjaY8vAM4zQ8lEmGiOF6mYLxaMCIBO2QuGPdYGTSN2CkYbetOMUtT6iLFH4X-Mamn2Zp60l&ratebypass=yes", "player_url": "/s/player/5dd3f3b2/player_ias.vflset/en_US/base.js", "ext": "webm", "format_note": "tiny", "acodec": "opus", "abr": 160, "asr": 48000, "filesize": 2698559, "fps": null, "height": null, "tbr": 161.426, "width": null, "vcodec": "none", "downloader_options": {"http_chunk_size": 10485760}, "format": "251 - audio only (tiny)", "protocol": "https", "http_headers": {"User-Agent": "Mozilla/5.0 (Windows NT 10.0; Win64; x64) AppleWebKit/537.36 (KHTML, like Gecko) Chrome/70.0.3538.61 Safari/537.36", "Accept-Charset": "ISO-8859-1,utf-8;q=0.7,*;q=0.7", "Accept": "text/html,application/xhtml+xml,application/xml;q=0.9,*/*;q=0.8", "Accept-Encoding": "gzip, deflate", "Accept-Language": "en-us,en;q=0.5"}}