{"id": "mGYKWCVnMwQ", "uploader": "Biba Dupont - Topic", "uploader_id": "UCynkI3F1kSb-Z37i2az6V4Q", "uploader_url": "http://www.youtube.com/channel/UCynkI3F1kSb-Z37i2az6V4Q", "channel_id": "UCynkI3F1kSb-Z37i2az6V4Q", "channel_url": "http://www.youtube.com/channel/UCynkI3F1kSb-Z37i2az6V4Q", "upload_date": "20201129", "license": null, "creator": "Biba Dupont", "title": "Riego de Agua", "alt_title": "Riego de Agua", "thumbnails": [{"url": "https://i.ytimg.com/vi/mGYKWCVnMwQ/hqdefault.jpg?sqp=-oaymwEYCKgBEF5IVfKriqkDCwgBFQAAiEIYAXAB&rs=AOn4CLDGD8C2784NzxA9ocLyZ6tBAkm5SQ", "width": 168, "height": 94, "resolution": "168x94", "id": "0"}, {"url": "https://i.ytimg.com/vi/mGYKWCVnMwQ/hqdefault.jpg?sqp=-oaymwEYCMQBEG5IVfKriqkDCwgBFQAAiEIYAXAB&rs=AOn4CLC5kb_H2lLpxfsgR7ZxQwjcRIN8Tw", "width": 196, "height": 110, "resolution": "196x110", "id": "1"}, {"url": "https://i.ytimg.com/vi/mGYKWCVnMwQ/hqdefault.jpg?sqp=-oaymwEZCPYBEIoBSFXyq4qpAwsIARUAAIhCGAFwAQ==&rs=AOn4CLDZEsBhZA291VprkC5O1rynObmSRQ", "width": 246, "height": 138, "resolution": "246x138", "id": "2"}, {"url": "https://i.ytimg.com/vi/mGYKWCVnMwQ/hqdefault.jpg?sqp=-oaymwEZCNACELwBSFXyq4qpAwsIARUAAIhCGAFwAQ==&rs=AOn4CLBL8XkWX_5cE7dzv28w5I3rc3BiSQ", "width": 336, "height": 188, "resolution": "336x188", "id": "3"}, {"url": "https://i.ytimg.com/vi_webp/mGYKWCVnMwQ/maxresdefault.webp", "width": 1920, "height": 1080, "resolution": "1920x1080", "id": "4"}], "description": "Provided to YouTube by The-Source\n\nRiego de Agua \u00b7 Biba Dupont\n\nRiego de Agua\n\n\u2117 2020 Biba Dupont\n\nReleased on: 2020-11-30\n\nAuto-generated by YouTube.", "categories": ["Music"], "tags": ["Biba Dupont", "Riego de Agua"], "subtitles": {}, "automatic_captions": {}, "duration": 144, "age_limit": 0, "annotations": null, "chapters": null, "webpage_url": "https://www.youtube.com/watch?v=mGYKWCVnMwQ", "view_count": 94, "like_count": 7, "dislike_count": null, "average_rating": 5.0, "formats": [{"format_id": "249", "url": "https://r4---sn-5njj-u2xe.googlevideo.com/videoplayback?expire=1609941061&ei=5Wv1X9DxDIrA4wLf34i4Bg&ip=140.109.134.180&id=o-AHK_tFEtAoXXm1HdEp9qEVgyRMn2cZISTLUze9N4dHy2&itag=249&source=youtube&requiressl=yes&mh=fZ&mm=31%2C29&mn=sn-5njj-u2xe%2Csn-un57en7l&ms=au%2Crdu&mv=m&mvi=4&pl=16&gcr=tw&initcwndbps=350000&vprv=1&mime=audio%2Fwebm&ns=sM99JnY5xddXU5sDgguAeY8F&gir=yes&clen=987667&dur=144.021&lmt=1604131053475966&mt=1609919103&fvip=4&keepalive=yes&c=WEB&txp=2311222&n=Siu_Ye7I5d6acnct&sparams=expire%2Cei%2Cip%2Cid%2Citag%2Csource%2Crequiressl%2Cgcr%2Cvprv%2Cmime%2Cns%2Cgir%2Cclen%2Cdur%2Clmt&lsparams=mh%2Cmm%2Cmn%2Cms%2Cmv%2Cmvi%2Cpl%2Cinitcwndbps&lsig=AG3C_xAwRgIhAMIFP6ePv-flu1oOrJ8QXVtHFTAWkQpEakTwKYwIQPqjAiEAh-Kl3-97PnjnaNH5Uer-uCw4JnxfDAPNjiUmiZWEL4I%3D&sig=AOq0QJ8wRgIhAKCIvsW8W1H0NTE_dKEHLwmABeMXRmiqEMoH2B6xsYlLAiEA1mbbiZA8pVnH-8hATggaw5V68gQp2J0JY_X_4upke9Y=&ratebypass=yes", "player_url": "/s/player/5dd3f3b2/player_ias.vflset/en_US/base.js", "ext": "webm", "format_note": "tiny", "acodec": "opus", "abr": 50, "asr": 48000, "filesize": 987667, "fps": null, "height": null, "tbr": 57.98, "width": null, "vcodec": "none", "downloader_options": {"http_chunk_size": 10485760}, "format": "249 - audio only (tiny)", "protocol": "https", "http_headers": {"User-Agent": "Mozilla/5.0 (Windows NT 10.0; Win64; x64) AppleWebKit/537.36 (KHTML, like Gecko) Chrome/72.0.3602.1 Safari/537.36", "Accept-Charset": "ISO-8859-1,utf-8;q=0.7,*;q=0.7", "Accept": "text/html,application/xhtml+xml,application/xml;q=0.9,*/*;q=0.8", "Accept-Encoding": "gzip, deflate", "Accept-Language": "en-us,en;q=0.5"}}, {"format_id": "250", "url": "https://r4---sn-5njj-u2xe.googlevideo.com/videoplayback?expire=1609941061&ei=5Wv1X9DxDIrA4wLf34i4Bg&ip=140.109.134.180&id=o-AHK_tFEtAoXXm1HdEp9qEVgyRMn2cZISTLUze9N4dHy2&itag=250&source=youtube&requiressl=yes&mh=fZ&mm=31%2C29&mn=sn-5njj-u2xe%2Csn-un57en7l&ms=au%2Crdu&mv=m&mvi=4&pl=16&gcr=tw&initcwndbps=350000&vprv=1&mime=audio%2Fwebm&ns=sM99JnY5xddXU5sDgguAeY8F&gir=yes&clen=1326656&dur=144.021&lmt=1604131053687916&mt=1609919103&fvip=4&keepalive=yes&c=WEB&txp=2311222&n=Siu_Ye7I5d6acnct&sparams=expire%2Cei%2Cip%2Cid%2Citag%2Csource%2Crequiressl%2Cgcr%2Cvprv%2Cmime%2Cns%2Cgir%2Cclen%2Cdur%2Clmt&lsparams=mh%2Cmm%2Cmn%2Cms%2Cmv%2Cmvi%2Cpl%2Cinitcwndbps&lsig=AG3C_xAwRgIhAOApErI9qj4yQEzzlcbCqXA5i9c93uzmAxqY6JkOkBtiAiEAr6gfp5wfqIBGenALFb8CKAf_5Lyw9F6pebz_H5KQ2gk%3D&sig=AOq0QJ8wRQIgJ0c1vs3bx7TCO4mMn7-Gp-ck3ndc36Rl0VZH3_tnsrgCIQC966kcVbkUONSGHucQxpj0DnbZ15Xbq8zw5voMzKJLCA==&ratebypass=yes", "player_url": "/s/player/5dd3f3b2/player_ias.vflset/en_US/base.js", "ext": "webm", "format_note": "tiny", "acodec": "opus", "abr": 70, "asr": 48000, "filesize": 1326656, "fps": null, "height": null, "tbr": 78.02, "width": null, "vcodec": "none", "downloader_options": {"http_chunk_size": 10485760}, "format": "250 - audio only (tiny)", "protocol": "https", "http_headers": {"User-Agent": "Mozilla/5.0 (Windows NT 10.0; Win64; x64) AppleWebKit/537.36 (KHTML, like Gecko) Chrome/72.0.3602.1 Safari/537.36", "Accept-Charset": "ISO-8859-1,utf-8;q=0.7,*;q=0.7", "Accept": "text/html,application/xhtml+xml,application/xml;q=0.9,*/*;q=0.8", "Accept-Encoding": "gzip, deflate", "Accept-Language": "en-us,en;q=0.5"}}, {"format_id": "140", "url": "https://r4---sn-5njj-u2xe.googlevideo.com/videoplayback?expire=1609941061&ei=5Wv1X9DxDIrA4wLf34i4Bg&ip=140.109.134.180&id=o-AHK_tFEtAoXXm1HdEp9qEVgyRMn2cZISTLUze9N4dHy2&itag=140&source=youtube&requiressl=yes&mh=fZ&mm=31%2C29&mn=sn-5njj-u2xe%2Csn-un57en7l&ms=au%2Crdu&mv=m&mvi=4&pl=16&gcr=tw&initcwndbps=350000&vprv=1&mime=audio%2Fmp4&ns=sM99JnY5xddXU5sDgguAeY8F&gir=yes&clen=2332893&dur=143.999&lmt=1604131064792995&mt=1609919103&fvip=4&keepalive=yes&c=WEB&txp=2311222&n=Siu_Ye7I5d6acnct&sparams=expire%2Cei%2Cip%2Cid%2Citag%2Csource%2Crequiressl%2Cgcr%2Cvprv%2Cmime%2Cns%2Cgir%2Cclen%2Cdur%2Clmt&lsparams=mh%2Cmm%2Cmn%2Cms%2Cmv%2Cmvi%2Cpl%2Cinitcwndbps&lsig=AG3C_xAwRQIgMR9zfAvXbDGb9k5ZzO-rQB24qBPoZnnoTeRrwFHj7aMCIQCVGB9bsOcvHxS93_qBCslGZjZEw13HcrhWx5o-Q_s1kg%3D%3D&sig=AOq0QJ8wRQIgF8aAbmiPnOZVKNNymH4qKvop_-NFfJZEJnhzvORuq5gCIQDFMPO43gDbSZWpS1o2f7Wx3yTelOeg8SySElWtW8r2WA==&ratebypass=yes", "player_url": "/s/player/5dd3f3b2/player_ias.vflset/en_US/base.js", "ext": "m4a", "format_note": "tiny", "acodec": "mp4a.40.2", "abr": 128, "container": "m4a_dash", "asr": 44100, "filesize": 2332893, "fps": null, "height": null, "tbr": 130.966, "width": null, "vcodec": "none", "downloader_options": {"http_chunk_size": 10485760}, "format": "140 - audio only (tiny)", "protocol": "https", "http_headers": {"User-Agent": "Mozilla/5.0 (Windows NT 10.0; Win64; x64) AppleWebKit/537.36 (KHTML, like Gecko) Chrome/72.0.3602.1 Safari/537.36", "Accept-Charset": "ISO-8859-1,utf-8;q=0.7,*;q=0.7", "Accept": "text/html,application/xhtml+xml,application/xml;q=0.9,*/*;q=0.8", "Accept-Encoding": "gzip, deflate", "Accept-Language": "en-us,en;q=0.5"}}, {"format_id": "251", "url": "https://r4---sn-5njj-u2xe.googlevideo.com/videoplayback?expire=1609941061&ei=5Wv1X9DxDIrA4wLf34i4Bg&ip=140.109.134.180&id=o-AHK_tFEtAoXXm1HdEp9qEVgyRMn2cZISTLUze9N4dHy2&itag=251&source=youtube&requiressl=yes&mh=fZ&mm=31%2C29&mn=sn-5njj-u2xe%2Csn-un57en7l&ms=au%2Crdu&mv=m&mvi=4&pl=16&gcr=tw&initcwndbps=350000&vprv=1&mime=audio%2Fwebm&ns=sM99JnY5xddXU5sDgguAeY8F&gir=yes&clen=2566110&dur=144.021&lmt=1604131056078488&mt=1609919103&fvip=4&keepalive=yes&c=WEB&txp=2311222&n=Siu_Ye7I5d6acnct&sparams=expire%2Cei%2Cip%2Cid%2Citag%2Csource%2Crequiressl%2Cgcr%2Cvprv%2Cmime%2Cns%2Cgir%2Cclen%2Cdur%2Clmt&lsparams=mh%2Cmm%2Cmn%2Cms%2Cmv%2Cmvi%2Cpl%2Cinitcwndbps&lsig=AG3C_xAwRQIgS2naCSKV-JVF4Td0tROX3ieTNoYg2gqv6bX87kxcyboCIQDs-8HXz7Ofh6E2KFn3sFluPxuBqMbSKIa2C1jXfIW4fg%3D%3D&sig=AOq0QJ8wRQIgNFhOygaQDqiKrVktnCe2baUToinVBt1ZCWHcNoDaDo8CIQDFVvKvdZGzPvH4uUhXCzukJGuigW15Y5tHuBqC9kPeFQ==&ratebypass=yes", "player_url": "/s/player/5dd3f3b2/player_ias.vflset/en_US/base.js", "ext": "webm", "format_note": "tiny", "acodec": "opus", "abr": 160, "asr": 48000, "filesize": 2566110, "fps": null, "height": null, "tbr": 149.632, "width": null, "vcodec": "none", "downloader_options": {"http_chunk_size": 10485760}, "format": "251 - audio only (tiny)", "protocol": "https", "http_headers": {"User-Agent": "Mozilla/5.0 (Windows NT 10.0; Win64; x64) AppleWebKit/537.36 (KHTML, like Gecko) Chrome/72.0.3602.1 Safari/537.36", "Accept-Charset": "ISO-8859-1,utf-8;q=0.7,*;q=0.7", "Accept": "text/html,application/xhtml+xml,application/xml;q=0.9,*/*;q=0.8", "Accept-Encoding": "gzip, deflate", "Accept-Language": "en-us,en;q=0.5"}}, {"format_id": "160", "url": "https://r4---sn-5njj-u2xe.googlevideo.com/videoplayback?expire=1609941061&ei=5Wv1X9DxDIrA4wLf34i4Bg&ip=140.109.134.180&id=o-AHK_tFEtAoXXm1HdEp9qEVgyRMn2cZISTLUze9N4dHy2&itag=160&aitags=133%2C134%2C135%2C136%2C137%2C160%2C242%2C243%2C244%2C247%2C248%2C278&source=youtube&requiressl=yes&mh=fZ&mm=31%2C29&mn=sn-5njj-u2xe%2Csn-un57en7l&ms=au%2Crdu&mv=m&mvi=4&pl=16&gcr=tw&initcwndbps=350000&vprv=1&mime=video%2Fmp4&ns=sM99JnY5xddXU5sDgguAeY8F&gir=yes&clen=346175&dur=144.000&lmt=1604131067946579&mt=1609919103&fvip=4&keepalive=yes&c=WEB&txp=2316222&n=Siu_Ye7I5d6acnct&sparams=expire%2Cei%2Cip%2Cid%2Caitags%2Csource%2Crequiressl%2Cgcr%2Cvprv%2Cmime%2Cns%2Cgir%2Cclen%2Cdur%2Clmt&lsparams=mh%2Cmm%2Cmn%2Cms%2Cmv%2Cmvi%2Cpl%2Cinitcwndbps&lsig=AG3C_xAwRQIhAKBaNf8JS-59U3qLn-1If63mHgfYuP0Yym0jpBwEwOmEAiBMkeMJqEb5qw5gudbc794OICe7b7iYpaqWq8Qtpatn5Q%3D%3D&sig=AOq0QJ8wRQIhAPfXYiPeMImpLIa5V2oYyS2k1PmuoHgJ7wRmANGIqNhGAiBssnMh_Js9BVY1PloEMypQfpuvG2HaPaBGxhcwoWnoGQ==&ratebypass=yes", "player_url": "/s/player/5dd3f3b2/player_ias.vflset/en_US/base.js", "ext": "mp4", "height": 144, "format_note": "144p", "vcodec": "avc1.4d400b", "asr": null, "filesize": 346175, "fps": 25, "tbr": 20.964, "width": 144, "acodec": "none", "downloader_options": {"http_chunk_size": 10485760}, "format": "160 - 144x144 (144p)", "protocol": "https", "http_headers": {"User-Agent": "Mozilla/5.0 (Windows NT 10.0; Win64; x64) AppleWebKit/537.36 (KHTML, like Gecko) Chrome/72.0.3602.1 Safari/537.36", "Accept-Charset": "ISO-8859-1,utf-8;q=0.7,*;q=0.7", "Accept": "text/html,application/xhtml+xml,application/xml;q=0.9,*/*;q=0.8", "Accept-Encoding": "gzip, deflate", "Accept-Language": "en-us,en;q=0.5"}}, {"format_id": "278", "url": "https://r4---sn-5njj-u2xe.googlevideo.com/videoplayback?expire=1609941061&ei=5Wv1X9DxDIrA4wLf34i4Bg&ip=140.109.134.180&id=o-AHK_tFEtAoXXm1HdEp9qEVgyRMn2cZISTLUze9N4dHy2&itag=278&aitags=133%2C134%2C135%2C136%2C137%2C160%2C242%2C243%2C244%2C247%2C248%2C278&source=youtube&requiressl=yes&mh=fZ&mm=31%2C29&mn=sn-5njj-u2xe%2Csn-un57en7l&ms=au%2Crdu&mv=m&mvi=4&pl=16&gcr=tw&initcwndbps=350000&vprv=1&mime=video%2Fwebm&ns=sM99JnY5xddXU5sDgguAeY8F&gir=yes&clen=408619&dur=144.000&lmt=1604131065990101&mt=1609919103&fvip=4&keepalive=yes&c=WEB&txp=2316222&n=Siu_Ye7I5d6acnct&sparams=expire%2Cei%2Cip%2Cid%2Caitags%2Csource%2Crequiressl%2Cgcr%2Cvprv%2Cmime%2Cns%2Cgir%2Cclen%2Cdur%2Clmt&lsparams=mh%2Cmm%2Cmn%2Cms%2Cmv%2Cmvi%2Cpl%2Cinitcwndbps&lsig=AG3C_xAwRAIgLOcQG6DjpTkOroZbV9TeeQj-OBbred-k3yoNra8l4AkCIDBu44gxF8oNG_3q3Bd8OzL86-qY1KycEUmEM14zDFfB&sig=AOq0QJ8wRgIhALcVVFAGpXhKAdubT6J5UVXJrsm1EXsO0Ybb15DQ7MN_AiEAtuD0gxw2gCw95_Qveyd8-krFaxdvLJEZcIE47NR9GGQ=&ratebypass=yes", "player_url": "/s/player/5dd3f3b2/player_ias.vflset/en_US/base.js", "ext": "webm", "height": 144, "format_note": "144p", "container": "webm", "vcodec": "vp9", "asr": null, "filesize": 408619, "fps": 25, "tbr": 23.796, "width": 144, "acodec": "none", "downloader_options": {"http_chunk_size": 10485760}, "format": "278 - 144x144 (144p)", "protocol": "https", "http_headers": {"User-Agent": "Mozilla/5.0 (Windows NT 10.0; Win64; x64) AppleWebKit/537.36 (KHTML, like Gecko) Chrome/72.0.3602.1 Safari/537.36", "Accept-Charset": "ISO-8859-1,utf-8;q=0.7,*;q=0.7", "Accept": "text/html,application/xhtml+xml,application/xml;q=0.9,*/*;q=0.8", "Accept-Encoding": "gzip, deflate", "Accept-Language": "en-us,en;q=0.5"}}, {"format_id": "133", "url": "https://r4---sn-5njj-u2xe.googlevideo.com/videoplayback?expire=1609941061&ei=5Wv1X9DxDIrA4wLf34i4Bg&ip=140.109.134.180&id=o-AHK_tFEtAoXXm1HdEp9qEVgyRMn2cZISTLUze9N4dHy2&itag=133&aitags=133%2C134%2C135%2C136%2C137%2C160%2C242%2C243%2C244%2C247%2C248%2C278&source=youtube&requiressl=yes&mh=fZ&mm=31%2C29&mn=sn-5njj-u2xe%2Csn-un57en7l&ms=au%2Crdu&mv=m&mvi=4&pl=16&gcr=tw&initcwndbps=350000&vprv=1&mime=video%2Fmp4&ns=sM99JnY5xddXU5sDgguAeY8F&gir=yes&clen=742739&dur=144.000&lmt=1604131067954953&mt=1609919103&fvip=4&keepalive=yes&c=WEB&txp=2316222&n=Siu_Ye7I5d6acnct&sparams=expire%2Cei%2Cip%2Cid%2Caitags%2Csource%2Crequiressl%2Cgcr%2Cvprv%2Cmime%2Cns%2Cgir%2Cclen%2Cdur%2Clmt&lsparams=mh%2Cmm%2Cmn%2Cms%2Cmv%2Cmvi%2Cpl%2Cinitcwndbps&lsig=AG3C_xAwRQIgN6_7Lb8Q6iYe-Y9m4ZoGe6pF9jjSSzuhOIabfh4mE5UCIQDfBKv3sK00pBu4-vAhzWbGPWcW8tylhv2eXqr0knEKEQ%3D%3D&sig=AOq0QJ8wRQIgMjLmJ53VnVJ4cDUNF7j1ppXb08BA1O8W_oBURxDC8Z8CIQCOfsuKm_6tM5GxC1x_eKrChA8_tpe0xmnIaxrN7_oIQQ==&ratebypass=yes", "player_url": "/s/player/5dd3f3b2/player_ias.vflset/en_US/base.js", "ext": "mp4", "height": 240, "format_note": "240p", "vcodec": "avc1.4d400c", "asr": null, "filesize": 742739, "fps": 25, "tbr": 43.093, "width": 240, "acodec": "none", "downloader_options": {"http_chunk_size": 10485760}, "format": "133 - 240x240 (240p)", "protocol": "https", "http_headers": {"User-Agent": "Mozilla/5.0 (Windows NT 10.0; Win64; x64) AppleWebKit/537.36 (KHTML, like Gecko) Chrome/72.0.3602.1 Safari/537.36", "Accept-Charset": "ISO-8859-1,utf-8;q=0.7,*;q=0.7", "Accept": "text/html,application/xhtml+xml,application/xml;q=0.9,*/*;q=0.8", "Accept-Encoding": "gzip, deflate", "Accept-Language": "en-us,en;q=0.5"}}, {"format_id": "242", "url": "https://r4---sn-5njj-u2xe.googlevideo.com/videoplayback?expire=1609941061&ei=5Wv1X9DxDIrA4wLf34i4Bg&ip=140.109.134.180&id=o-AHK_tFEtAoXXm1HdEp9qEVgyRMn2cZISTLUze9N4dHy2&itag=242&aitags=133%2C134%2C135%2C136%2C137%2C160%2C242%2C243%2C244%2C247%2C248%2C278&source=youtube&requiressl=yes&mh=fZ&mm=31%2C29&mn=sn-5njj-u2xe%2Csn-un57en7l&ms=au%2Crdu&mv=m&mvi=4&pl=16&gcr=tw&initcwndbps=350000&vprv=1&mime=video%2Fwebm&ns=sM99JnY5xddXU5sDgguAeY8F&gir=yes&clen=769102&dur=144.000&lmt=1604131065998354&mt=1609919103&fvip=4&keepalive=yes&c=WEB&txp=2316222&n=Siu_Ye7I5d6acnct&sparams=expire%2Cei%2Cip%2Cid%2Caitags%2Csource%2Crequiressl%2Cgcr%2Cvprv%2Cmime%2Cns%2Cgir%2Cclen%2Cdur%2Clmt&lsparams=mh%2Cmm%2Cmn%2Cms%2Cmv%2Cmvi%2Cpl%2Cinitcwndbps&lsig=AG3C_xAwRQIgNHpdpWojgDNeXwvlNWQ2MabdDwig6OLhC9S8WFLUBmkCIQCpFDuOFhSwqi6v8yUrScsrUEnq4k2qU9FLxR9bAST7Ug%3D%3D&sig=AOq0QJ8wRQIhAJlT5daxMhwoHrOSmpiAJO3_JSmOzOtUzmZ3WBOwQir6AiAUWq8IcswYi3zZv-K3r2_JmOqMp4vpKk3u7h_z5DMc9Q==&ratebypass=yes", "player_url": "/s/player/5dd3f3b2/player_ias.vflset/en_US/base.js", "ext": "webm", "height": 240, "format_note": "240p", "vcodec": "vp9", "asr": null, "filesize": 769102, "fps": 25, "tbr": 43.92, "width": 240, "acodec": "none", "downloader_options": {"http_chunk_size": 10485760}, "format": "242 - 240x240 (240p)", "protocol": "https", "http_headers": {"User-Agent": "Mozilla/5.0 (Windows NT 10.0; Win64; x64) AppleWebKit/537.36 (KHTML, like Gecko) Chrome/72.0.3602.1 Safari/537.36", "Accept-Charset": "ISO-8859-1,utf-8;q=0.7,*;q=0.7", "Accept": "text/html,application/xhtml+xml,application/xml;q=0.9,*/*;q=0.8", "Accept-Encoding": "gzip, deflate", "Accept-Language": "en-us,en;q=0.5"}}, {"format_id": "243", "url": "https://r4---sn-5njj-u2xe.googlevideo.com/videoplayback?expire=1609941061&ei=5Wv1X9DxDIrA4wLf34i4Bg&ip=140.109.134.180&id=o-AHK_tFEtAoXXm1HdEp9qEVgyRMn2cZISTLUze9N4dHy2&itag=243&aitags=133%2C134%2C135%2C136%2C137%2C160%2C242%2C243%2C244%2C247%2C248%2C278&source=youtube&requiressl=yes&mh=fZ&mm=31%2C29&mn=sn-5njj-u2xe%2Csn-un57en7l&ms=au%2Crdu&mv=m&mvi=4&pl=16&gcr=tw&initcwndbps=350000&vprv=1&mime=video%2Fwebm&ns=sM99JnY5xddXU5sDgguAeY8F&gir=yes&clen=1383584&dur=144.000&lmt=1604131065989904&mt=1609919103&fvip=4&keepalive=yes&c=WEB&txp=2316222&n=Siu_Ye7I5d6acnct&sparams=expire%2Cei%2Cip%2Cid%2Caitags%2Csource%2Crequiressl%2Cgcr%2Cvprv%2Cmime%2Cns%2Cgir%2Cclen%2Cdur%2Clmt&lsparams=mh%2Cmm%2Cmn%2Cms%2Cmv%2Cmvi%2Cpl%2Cinitcwndbps&lsig=AG3C_xAwRQIhAKKQo-wpd00Rd34VXZ5N6Slr_Mwen3XtwryvmKipd-jrAiAMT2s-ThAV--wEFP4xQeL8uFngWrFZ5cuoSU9EAxVk4Q%3D%3D&sig=AOq0QJ8wRQIgPttbLRaUQVIAa_HX5tgz9_sS_bPufB3T7HO0x1eIz-kCIQCYHfVTTDjT4mLRBLKLIeJlqP0hd0274h2HMMNcXfNnUw==&ratebypass=yes", "player_url": "/s/player/5dd3f3b2/player_ias.vflset/en_US/base.js", "ext": "webm", "height": 360, "format_note": "360p", "vcodec": "vp9", "asr": null, "filesize": 1383584, "fps": 25, "tbr": 78.214, "width": 360, "acodec": "none", "downloader_options": {"http_chunk_size": 10485760}, "format": "243 - 360x360 (360p)", "protocol": "https", "http_headers": {"User-Agent": "Mozilla/5.0 (Windows NT 10.0; Win64; x64) AppleWebKit/537.36 (KHTML, like Gecko) Chrome/72.0.3602.1 Safari/537.36", "Accept-Charset": "ISO-8859-1,utf-8;q=0.7,*;q=0.7", "Accept": "text/html,application/xhtml+xml,application/xml;q=0.9,*/*;q=0.8", "Accept-Encoding": "gzip, deflate", "Accept-Language": "en-us,en;q=0.5"}}, {"format_id": "134", "url": "https://r4---sn-5njj-u2xe.googlevideo.com/videoplayback?expire=1609941061&ei=5Wv1X9DxDIrA4wLf34i4Bg&ip=140.109.134.180&id=o-AHK_tFEtAoXXm1HdEp9qEVgyRMn2cZISTLUze9N4dHy2&itag=134&aitags=133%2C134%2C135%2C136%2C137%2C160%2C242%2C243%2C244%2C247%2C248%2C278&source=youtube&requiressl=yes&mh=fZ&mm=31%2C29&mn=sn-5njj-u2xe%2Csn-un57en7l&ms=au%2Crdu&mv=m&mvi=4&pl=16&gcr=tw&initcwndbps=350000&vprv=1&mime=video%2Fmp4&ns=sM99JnY5xddXU5sDgguAeY8F&gir=yes&clen=1518420&dur=144.000&lmt=1604131067924432&mt=1609919103&fvip=4&keepalive=yes&c=WEB&txp=2316222&n=Siu_Ye7I5d6acnct&sparams=expire%2Cei%2Cip%2Cid%2Caitags%2Csource%2Crequiressl%2Cgcr%2Cvprv%2Cmime%2Cns%2Cgir%2Cclen%2Cdur%2Clmt&lsparams=mh%2Cmm%2Cmn%2Cms%2Cmv%2Cmvi%2Cpl%2Cinitcwndbps&lsig=AG3C_xAwRgIhAKqLiDePXmsIBPULAdTTmj9Wfjo9wVVA4S0W7ufWDvctAiEA6GUU7GFMJMLJbW-U2fLqhEseGQ4zSnrSfdd4v_I9qi4%3D&sig=AOq0QJ8wRAIgT58PoKmH0LrPDzg589kNuynuNuR2_WKD0ZA2sA_gYkMCIGaJDw4n1F6pSJJedY2ZaoLmzVuFfEAAyjZUvKs-NcS9&ratebypass=yes", "player_url": "/s/player/5dd3f3b2/player_ias.vflset/en_US/base.js", "ext": "mp4", "height": 360, "format_note": "360p", "vcodec": "avc1.4d4015", "asr": null, "filesize": 1518420, "fps": 25, "tbr": 86.176, "width": 360, "acodec": "none", "downloader_options": {"http_chunk_size": 10485760}, "format": "134 - 360x360 (360p)", "protocol": "https", "http_headers": {"User-Agent": "Mozilla/5.0 (Windows NT 10.0; Win64; x64) AppleWebKit/537.36 (KHTML, like Gecko) Chrome/72.0.3602.1 Safari/537.36", "Accept-Charset": "ISO-8859-1,utf-8;q=0.7,*;q=0.7", "Accept": "text/html,application/xhtml+xml,application/xml;q=0.9,*/*;q=0.8", "Accept-Encoding": "gzip, deflate", "Accept-Language": "en-us,en;q=0.5"}}, {"format_id": "244", "url": "https://r4---sn-5njj-u2xe.googlevideo.com/videoplayback?expire=1609941061&ei=5Wv1X9DxDIrA4wLf34i4Bg&ip=140.109.134.180&id=o-AHK_tFEtAoXXm1HdEp9qEVgyRMn2cZISTLUze9N4dHy2&itag=244&aitags=133%2C134%2C135%2C136%2C137%2C160%2C242%2C243%2C244%2C247%2C248%2C278&source=youtube&requiressl=yes&mh=fZ&mm=31%2C29&mn=sn-5njj-u2xe%2Csn-un57en7l&ms=au%2Crdu&mv=m&mvi=4&pl=16&gcr=tw&initcwndbps=350000&vprv=1&mime=video%2Fwebm&ns=sM99JnY5xddXU5sDgguAeY8F&gir=yes&clen=2657289&dur=144.000&lmt=1604131065990425&mt=1609919103&fvip=4&keepalive=yes&c=WEB&txp=2316222&n=Siu_Ye7I5d6acnct&sparams=expire%2Cei%2Cip%2Cid%2Caitags%2Csource%2Crequiressl%2Cgcr%2Cvprv%2Cmime%2Cns%2Cgir%2Cclen%2Cdur%2Clmt&lsparams=mh%2Cmm%2Cmn%2Cms%2Cmv%2Cmvi%2Cpl%2Cinitcwndbps&lsig=AG3C_xAwRAIgccyub3jcBVf-S1UcKFrp1qx3TjvPv_xUAs1ywQbPAxoCIBdzwgwCdT8DMLqRl2BHwcYa4aKEKl7W7OV2mF5kcmKz&sig=AOq0QJ8wRQIgPgNUzbWBirlo0-6Ovz2VrwbQmod1iL3_2wh4u2UOcMQCIQDJivjIAg7zl-d7BmmjBe9W1VVf18DU7wuT7YQ2Kqy-Bw==&ratebypass=yes", "player_url": "/s/player/5dd3f3b2/player_ias.vflset/en_US/base.js", "ext": "webm", "height": 480, "format_note": "480p", "vcodec": "vp9", "asr": null, "filesize": 2657289, "fps": 25, "tbr": 149.298, "width": 480, "acodec": "none", "downloader_options": {"http_chunk_size": 10485760}, "format": "244 - 480x480 (480p)", "protocol": "https", "http_headers": {"User-Agent": "Mozilla/5.0 (Windows NT 10.0; Win64; x64) AppleWebKit/537.36 (KHTML, like Gecko) Chrome/72.0.3602.1 Safari/537.36", "Accept-Charset": "ISO-8859-1,utf-8;q=0.7,*;q=0.7", "Accept": "text/html,application/xhtml+xml,application/xml;q=0.9,*/*;q=0.8", "Accept-Encoding": "gzip, deflate", "Accept-Language": "en-us,en;q=0.5"}}, {"format_id": "135", "url": "https://r4---sn-5njj-u2xe.googlevideo.com/videoplayback?expire=1609941061&ei=5Wv1X9DxDIrA4wLf34i4Bg&ip=140.109.134.180&id=o-AHK_tFEtAoXXm1HdEp9qEVgyRMn2cZISTLUze9N4dHy2&itag=135&aitags=133%2C134%2C135%2C136%2C137%2C160%2C242%2C243%2C244%2C247%2C248%2C278&source=youtube&requiressl=yes&mh=fZ&mm=31%2C29&mn=sn-5njj-u2xe%2Csn-un57en7l&ms=au%2Crdu&mv=m&mvi=4&pl=16&gcr=tw&initcwndbps=350000&vprv=1&mime=video%2Fmp4&ns=sM99JnY5xddXU5sDgguAeY8F&gir=yes&clen=2831207&dur=144.000&lmt=1604131067931449&mt=1609919103&fvip=4&keepalive=yes&c=WEB&txp=2316222&n=Siu_Ye7I5d6acnct&sparams=expire%2Cei%2Cip%2Cid%2Caitags%2Csource%2Crequiressl%2Cgcr%2Cvprv%2Cmime%2Cns%2Cgir%2Cclen%2Cdur%2Clmt&lsparams=mh%2Cmm%2Cmn%2Cms%2Cmv%2Cmvi%2Cpl%2Cinitcwndbps&lsig=AG3C_xAwRQIgHU-xOSFRu91-9yfRytLhUYnjYl4X6fM8OlcCGQo8XzACIQDeXiXx5B-OAx0kn0zrAsHGQtMGwjF9sTIC5n-Oa_91vA%3D%3D&sig=AOq0QJ8wRgIhAP0YPKjCJfjPtwh7hGd7Ts48GRkhCgAbc4_UHUuS-3JwAiEAhZeqW-WTxG-cN6bO12IUDovQM3Jj4-ORm-WZKqYIRAA=&ratebypass=yes", "player_url": "/s/player/5dd3f3b2/player_ias.vflset/en_US/base.js", "ext": "mp4", "height": 480, "format_note": "480p", "vcodec": "avc1.4d401e", "asr": null, "filesize": 2831207, "fps": 25, "tbr": 159.282, "width": 480, "acodec": "none", "downloader_options": {"http_chunk_size": 10485760}, "format": "135 - 480x480 (480p)", "protocol": "https", "http_headers": {"User-Agent": "Mozilla/5.0 (Windows NT 10.0; Win64; x64) AppleWebKit/537.36 (KHTML, like Gecko) Chrome/72.0.3602.1 Safari/537.36", "Accept-Charset": "ISO-8859-1,utf-8;q=0.7,*;q=0.7", "Accept": "text/html,application/xhtml+xml,application/xml;q=0.9,*/*;q=0.8", "Accept-Encoding": "gzip, deflate", "Accept-Language": "en-us,en;q=0.5"}}, {"format_id": "247", "url": "https://r4---sn-5njj-u2xe.googlevideo.com/videoplayback?expire=1609941061&ei=5Wv1X9DxDIrA4wLf34i4Bg&ip=140.109.134.180&id=o-AHK_tFEtAoXXm1HdEp9qEVgyRMn2cZISTLUze9N4dHy2&itag=247&aitags=133%2C134%2C135%2C136%2C137%2C160%2C242%2C243%2C244%2C247%2C248%2C278&source=youtube&requiressl=yes&mh=fZ&mm=31%2C29&mn=sn-5njj-u2xe%2Csn-un57en7l&ms=au%2Crdu&mv=m&mvi=4&pl=16&gcr=tw&initcwndbps=350000&vprv=1&mime=video%2Fwebm&ns=sM99JnY5xddXU5sDgguAeY8F&gir=yes&clen=6465461&dur=144.000&lmt=1604131065988989&mt=1609919103&fvip=4&keepalive=yes&c=WEB&txp=2316222&n=Siu_Ye7I5d6acnct&sparams=expire%2Cei%2Cip%2Cid%2Caitags%2Csource%2Crequiressl%2Cgcr%2Cvprv%2Cmime%2Cns%2Cgir%2Cclen%2Cdur%2Clmt&lsparams=mh%2Cmm%2Cmn%2Cms%2Cmv%2Cmvi%2Cpl%2Cinitcwndbps&lsig=AG3C_xAwRAIgSd8qtqe4aGRhdOmJYVEI30r0ThbuVxRtvpWAq6o9WvwCIGmvceU6AzVlnu1zjQfVB-fsAwB8ZyxkOGMtTTvYavfG&sig=AOq0QJ8wRgIhAM8H_2u7te1uNmYiCyQdidbBkc28Ir6yZ1Er4clmuOHnAiEArxmBHR88KiK-biMbRIP9UsfTzTqkKvNjMRrfPLNZnXQ=&ratebypass=yes", "player_url": "/s/player/5dd3f3b2/player_ias.vflset/en_US/base.js", "ext": "webm", "height": 720, "format_note": "720p", "vcodec": "vp9", "asr": null, "filesize": 6465461, "fps": 25, "tbr": 361.393, "width": 720, "acodec": "none", "downloader_options": {"http_chunk_size": 10485760}, "format": "247 - 720x720 (720p)", "protocol": "https", "http_headers": {"User-Agent": "Mozilla/5.0 (Windows NT 10.0; Win64; x64) AppleWebKit/537.36 (KHTML, like Gecko) Chrome/72.0.3602.1 Safari/537.36", "Accept-Charset": "ISO-8859-1,utf-8;q=0.7,*;q=0.7", "Accept": "text/html,application/xhtml+xml,application/xml;q=0.9,*/*;q=0.8", "Accept-Encoding": "gzip, deflate", "Accept-Language": "en-us,en;q=0.5"}}, {"format_id": "136", "url": "https://r4---sn-5njj-u2xe.googlevideo.com/videoplayback?expire=1609941061&ei=5Wv1X9DxDIrA4wLf34i4Bg&ip=140.109.134.180&id=o-AHK_tFEtAoXXm1HdEp9qEVgyRMn2cZISTLUze9N4dHy2&itag=136&aitags=133%2C134%2C135%2C136%2C137%2C160%2C242%2C243%2C244%2C247%2C248%2C278&source=youtube&requiressl=yes&mh=fZ&mm=31%2C29&mn=sn-5njj-u2xe%2Csn-un57en7l&ms=au%2Crdu&mv=m&mvi=4&pl=16&gcr=tw&initcwndbps=350000&vprv=1&mime=video%2Fmp4&ns=sM99JnY5xddXU5sDgguAeY8F&gir=yes&clen=6899085&dur=144.000&lmt=1604131067933998&mt=1609919103&fvip=4&keepalive=yes&c=WEB&txp=2316222&n=Siu_Ye7I5d6acnct&sparams=expire%2Cei%2Cip%2Cid%2Caitags%2Csource%2Crequiressl%2Cgcr%2Cvprv%2Cmime%2Cns%2Cgir%2Cclen%2Cdur%2Clmt&lsparams=mh%2Cmm%2Cmn%2Cms%2Cmv%2Cmvi%2Cpl%2Cinitcwndbps&lsig=AG3C_xAwRgIhAIN6tJ7YexSCxPCHdy_bd0sbu6szMUNz8VTWEJZZAPxZAiEA2N_OM46MHs8gwz0YrFCUzs0Phfx1AzTgAoEgGLTQZYE%3D&sig=AOq0QJ8wRQIgVdYLoBWeqfTLauS_9DGcjshiZumEa9bOoNpYQ56iylkCIQD9anD6NrvKw4t9ro71xPE_k_0fw1c-fGT71Vk-YC_1JQ==&ratebypass=yes", "player_url": "/s/player/5dd3f3b2/player_ias.vflset/en_US/base.js", "ext": "mp4", "height": 720, "format_note": "720p", "vcodec": "avc1.64001f", "asr": null, "filesize": 6899085, "fps": 25, "tbr": 386.631, "width": 720, "acodec": "none", "downloader_options": {"http_chunk_size": 10485760}, "format": "136 - 720x720 (720p)", "protocol": "https", "http_headers": {"User-Agent": "Mozilla/5.0 (Windows NT 10.0; Win64; x64) AppleWebKit/537.36 (KHTML, like Gecko) Chrome/72.0.3602.1 Safari/537.36", "Accept-Charset": "ISO-8859-1,utf-8;q=0.7,*;q=0.7", "Accept": "text/html,application/xhtml+xml,application/xml;q=0.9,*/*;q=0.8", "Accept-Encoding": "gzip, deflate", "Accept-Language": "en-us,en;q=0.5"}}, {"format_id": "137", "url": "https://r4---sn-5njj-u2xe.googlevideo.com/videoplayback?expire=1609941061&ei=5Wv1X9DxDIrA4wLf34i4Bg&ip=140.109.134.180&id=o-AHK_tFEtAoXXm1HdEp9qEVgyRMn2cZISTLUze9N4dHy2&itag=137&aitags=133%2C134%2C135%2C136%2C137%2C160%2C242%2C243%2C244%2C247%2C248%2C278&source=youtube&requiressl=yes&mh=fZ&mm=31%2C29&mn=sn-5njj-u2xe%2Csn-un57en7l&ms=au%2Crdu&mv=m&mvi=4&pl=16&gcr=tw&initcwndbps=350000&vprv=1&mime=video%2Fmp4&ns=sM99JnY5xddXU5sDgguAeY8F&gir=yes&clen=15877853&dur=144.000&lmt=1604131067925598&mt=1609919103&fvip=4&keepalive=yes&c=WEB&txp=2316222&n=Siu_Ye7I5d6acnct&sparams=expire%2Cei%2Cip%2Cid%2Caitags%2Csource%2Crequiressl%2Cgcr%2Cvprv%2Cmime%2Cns%2Cgir%2Cclen%2Cdur%2Clmt&lsparams=mh%2Cmm%2Cmn%2Cms%2Cmv%2Cmvi%2Cpl%2Cinitcwndbps&lsig=AG3C_xAwRQIhAKGhnZ-gUaKS_GTEg-QcUMvLkoGbAt41J1JDchhKD5IQAiBriVJXaHuq-psGFnaI6XfZB0XkPk9-K1H7e_PzGLAn2Q%3D%3D&sig=AOq0QJ8wRgIhAI2vpjyzGoW1ZJbjWsb_hHA0KQaxH00OEPRoatrhT3bqAiEAp2kRpmaGJPLNh6Mm9F6c_ZR1BYpVROujhD3smpTGNnA=&ratebypass=yes", "player_url": "/s/player/5dd3f3b2/player_ias.vflset/en_US/base.js", "ext": "mp4", "height": 1080, "format_note": "1080p", "vcodec": "avc1.640020", "asr": null, "filesize": 15877853, "fps": 25, "tbr": 887.665, "width": 1080, "acodec": "none", "downloader_options": {"http_chunk_size": 10485760}, "format": "137 - 1080x1080 (1080p)", "protocol": "https", "http_headers": {"User-Agent": "Mozilla/5.0 (Windows NT 10.0; Win64; x64) AppleWebKit/537.36 (KHTML, like Gecko) Chrome/72.0.3602.1 Safari/537.36", "Accept-Charset": "ISO-8859-1,utf-8;q=0.7,*;q=0.7", "Accept": "text/html,application/xhtml+xml,application/xml;q=0.9,*/*;q=0.8", "Accept-Encoding": "gzip, deflate", "Accept-Language": "en-us,en;q=0.5"}}, {"format_id": "248", "url": "https://r4---sn-5njj-u2xe.googlevideo.com/videoplayback?expire=1609941061&ei=5Wv1X9DxDIrA4wLf34i4Bg&ip=140.109.134.180&id=o-AHK_tFEtAoXXm1HdEp9qEVgyRMn2cZISTLUze9N4dHy2&itag=248&aitags=133%2C134%2C135%2C136%2C137%2C160%2C242%2C243%2C244%2C247%2C248%2C278&source=youtube&requiressl=yes&mh=fZ&mm=31%2C29&mn=sn-5njj-u2xe%2Csn-un57en7l&ms=au%2Crdu&mv=m&mvi=4&pl=16&gcr=tw&initcwndbps=350000&vprv=1&mime=video%2Fwebm&ns=sM99JnY5xddXU5sDgguAeY8F&gir=yes&clen=16093589&dur=144.000&lmt=1604131066003383&mt=1609919103&fvip=4&keepalive=yes&c=WEB&txp=2316222&n=Siu_Ye7I5d6acnct&sparams=expire%2Cei%2Cip%2Cid%2Caitags%2Csource%2Crequiressl%2Cgcr%2Cvprv%2Cmime%2Cns%2Cgir%2Cclen%2Cdur%2Clmt&lsparams=mh%2Cmm%2Cmn%2Cms%2Cmv%2Cmvi%2Cpl%2Cinitcwndbps&lsig=AG3C_xAwRAIgRE5eYyBmYJAoT9xyomUX9-fEaRhaxv6bWVM7Pbr0UZYCIAifdBz0uOx9Gjy_6Jo5BJXM4CNNFsB49eR2ZBLn7Qhb&sig=AOq0QJ8wRgIhAI-x93HnmHdwWJM1INe9REHVZ8_bcBz254tLlnq_ecaZAiEAwussha385aftPzEJqrG6mz7cgnvFq3JNOINpllYy-J0=&ratebypass=yes", "player_url": "/s/player/5dd3f3b2/player_ias.vflset/en_US/base.js", "ext": "webm", "height": 1080, "format_note": "1080p", "vcodec": "vp9", "asr": null, "filesize": 16093589, "fps": 25, "tbr": 899.062, "width": 1080, "acodec": "none", "downloader_options": {"http_chunk_size": 10485760}, "format": "248 - 1080x1080 (1080p)", "protocol": "https", "http_headers": {"User-Agent": "Mozilla/5.0 (Windows NT 10.0; Win64; x64) AppleWebKit/537.36 (KHTML, like Gecko) Chrome/72.0.3602.1 Safari/537.36", "Accept-Charset": "ISO-8859-1,utf-8;q=0.7,*;q=0.7", "Accept": "text/html,application/xhtml+xml,application/xml;q=0.9,*/*;q=0.8", "Accept-Encoding": "gzip, deflate", "Accept-Language": "en-us,en;q=0.5"}}, {"format_id": "18", "url": "https://r4---sn-5njj-u2xe.googlevideo.com/videoplayback?expire=1609941061&ei=5Wv1X9DxDIrA4wLf34i4Bg&ip=140.109.134.180&id=o-AHK_tFEtAoXXm1HdEp9qEVgyRMn2cZISTLUze9N4dHy2&itag=18&source=youtube&requiressl=yes&mh=fZ&mm=31%2C29&mn=sn-5njj-u2xe%2Csn-un57en7l&ms=au%2Crdu&mv=m&mvi=4&pl=16&gcr=tw&initcwndbps=350000&vprv=1&mime=video%2Fmp4&ns=iciGSb9zL4T8ySrN7Dza1h8F&gir=yes&clen=2860644&ratebypass=yes&dur=144.056&lmt=1604131055383319&mt=1609919103&fvip=4&c=WEB&txp=2310222&n=tziwo5tJhU8VxGNk&sparams=expire%2Cei%2Cip%2Cid%2Citag%2Csource%2Crequiressl%2Cgcr%2Cvprv%2Cmime%2Cns%2Cgir%2Cclen%2Cratebypass%2Cdur%2Clmt&lsparams=mh%2Cmm%2Cmn%2Cms%2Cmv%2Cmvi%2Cpl%2Cinitcwndbps&lsig=AG3C_xAwRQIhAIAu2eRQo3IYrAMv0fYpXGtZdQGtt67pYDQx42Cd0hDjAiBXVQv3tiCHcKtwhxzCHEJ6ZmBt6zO1ejWau5eRu-jeGA%3D%3D&sig=AOq0QJ8wRQIgYNC14_esnvymBcM0zmyCsVH_aemUWR8iPcwFlg5ulmgCIQCkDaVen562A_3p8HPMx9ooQXOpgCpAGjR1vlIq7a04Cg==", "player_url": "/s/player/5dd3f3b2/player_ias.vflset/en_US/base.js", "ext": "mp4", "width": 360, "height": 360, "acodec": "mp4a.40.2", "abr": 96, "vcodec": "avc1.42001E", "asr": 44100, "filesize": 2860644, "format_note": "360p", "fps": 25, "tbr": 158.924, "format": "18 - 360x360 (360p)", "protocol": "https", "http_headers": {"User-Agent": "Mozilla/5.0 (Windows NT 10.0; Win64; x64) AppleWebKit/537.36 (KHTML, like Gecko) Chrome/72.0.3602.1 Safari/537.36", "Accept-Charset": "ISO-8859-1,utf-8;q=0.7,*;q=0.7", "Accept": "text/html,application/xhtml+xml,application/xml;q=0.9,*/*;q=0.8", "Accept-Encoding": "gzip, deflate", "Accept-Language": "en-us,en;q=0.5"}}], "is_live": null, "start_time": null, "end_time": null, "series": null, "season_number": null, "episode_number": null, "track": "Riego de Agua", "artist": "Biba Dupont", "album": "Riego de Agua", "release_date": "20201130", "release_year": 2020, "extractor": "youtube", "webpage_url_basename": "watch", "extractor_key": "Youtube", "playlist": null, "playlist_index": null, "thumbnail": "https://i.ytimg.com/vi_webp/mGYKWCVnMwQ/maxresdefault.webp", "display_id": "mGYKWCVnMwQ", "requested_subtitles": null, "format_id": "251", "url": "https://r4---sn-5njj-u2xe.googlevideo.com/videoplayback?expire=1609941061&ei=5Wv1X9DxDIrA4wLf34i4Bg&ip=140.109.134.180&id=o-AHK_tFEtAoXXm1HdEp9qEVgyRMn2cZISTLUze9N4dHy2&itag=251&source=youtube&requiressl=yes&mh=fZ&mm=31%2C29&mn=sn-5njj-u2xe%2Csn-un57en7l&ms=au%2Crdu&mv=m&mvi=4&pl=16&gcr=tw&initcwndbps=350000&vprv=1&mime=audio%2Fwebm&ns=sM99JnY5xddXU5sDgguAeY8F&gir=yes&clen=2566110&dur=144.021&lmt=1604131056078488&mt=1609919103&fvip=4&keepalive=yes&c=WEB&txp=2311222&n=Siu_Ye7I5d6acnct&sparams=expire%2Cei%2Cip%2Cid%2Citag%2Csource%2Crequiressl%2Cgcr%2Cvprv%2Cmime%2Cns%2Cgir%2Cclen%2Cdur%2Clmt&lsparams=mh%2Cmm%2Cmn%2Cms%2Cmv%2Cmvi%2Cpl%2Cinitcwndbps&lsig=AG3C_xAwRQIgS2naCSKV-JVF4Td0tROX3ieTNoYg2gqv6bX87kxcyboCIQDs-8HXz7Ofh6E2KFn3sFluPxuBqMbSKIa2C1jXfIW4fg%3D%3D&sig=AOq0QJ8wRQIgNFhOygaQDqiKrVktnCe2baUToinVBt1ZCWHcNoDaDo8CIQDFVvKvdZGzPvH4uUhXCzukJGuigW15Y5tHuBqC9kPeFQ==&ratebypass=yes", "player_url": "/s/player/5dd3f3b2/player_ias.vflset/en_US/base.js", "ext": "webm", "format_note": "tiny", "acodec": "opus", "abr": 160, "asr": 48000, "filesize": 2566110, "fps": null, "height": null, "tbr": 149.632, "width": null, "vcodec": "none", "downloader_options": {"http_chunk_size": 10485760}, "format": "251 - audio only (tiny)", "protocol": "https", "http_headers": {"User-Agent": "Mozilla/5.0 (Windows NT 10.0; Win64; x64) AppleWebKit/537.36 (KHTML, like Gecko) Chrome/72.0.3602.1 Safari/537.36", "Accept-Charset": "ISO-8859-1,utf-8;q=0.7,*;q=0.7", "Accept": "text/html,application/xhtml+xml,application/xml;q=0.9,*/*;q=0.8", "Accept-Encoding": "gzip, deflate", "Accept-Language": "en-us,en;q=0.5"}}