{"id": "NzJjMGJg1wE", "uploader": "APX PIANO", "uploader_id": "UCPPGD9EVFhrbzV4r3fJPB5w", "uploader_url": "http://www.youtube.com/channel/UCPPGD9EVFhrbzV4r3fJPB5w", "channel_id": "UCPPGD9EVFhrbzV4r3fJPB5w", "channel_url": "http://www.youtube.com/channel/UCPPGD9EVFhrbzV4r3fJPB5w", "upload_date": "20201124", "license": null, "creator": null, "title": "Zdenek Lemelin - Des ponts pluto\u0302t que des murs", "alt_title": null, "thumbnails": [{"url": "https://i.ytimg.com/vi/NzJjMGJg1wE/hqdefault.jpg?sqp=-oaymwEYCKgBEF5IVfKriqkDCwgBFQAAiEIYAXAB&rs=AOn4CLB5lCL0WI1-RXSRIIgAA1u1NtCRLQ", "width": 168, "height": 94, "resolution": "168x94", "id": "0"}, {"url": "https://i.ytimg.com/vi/NzJjMGJg1wE/hqdefault.jpg?sqp=-oaymwEYCMQBEG5IVfKriqkDCwgBFQAAiEIYAXAB&rs=AOn4CLCtbdted0tAIkpYIbN7dVLyWrWEXg", "width": 196, "height": 110, "resolution": "196x110", "id": "1"}, {"url": "https://i.ytimg.com/vi/NzJjMGJg1wE/hqdefault.jpg?sqp=-oaymwEZCPYBEIoBSFXyq4qpAwsIARUAAIhCGAFwAQ==&rs=AOn4CLC3EXOOCBSsfq4u2xHWOo0RFwlRjg", "width": 246, "height": 138, "resolution": "246x138", "id": "2"}, {"url": "https://i.ytimg.com/vi/NzJjMGJg1wE/hqdefault.jpg?sqp=-oaymwEZCNACELwBSFXyq4qpAwsIARUAAIhCGAFwAQ==&rs=AOn4CLASPOQwzrGnFiHd0fYRYgOwm6pGNA", "width": 336, "height": 188, "resolution": "336x188", "id": "3"}, {"url": "https://i.ytimg.com/vi_webp/NzJjMGJg1wE/maxresdefault.webp", "width": 1920, "height": 1080, "resolution": "1920x1080", "id": "4"}], "description": "Piano music for study, deep relaxation and sleep.\n\nPlay this instrumental music in the background and use it as concentration music, focus music, sleep music or music for reading.\n\nIt can help you with a good night sleep, memory retention if you are studying for a test, finishing your homework or just listening as work music.\n\nPlease feel free to leave your comments and suggestions and to share your love by liking this video and subscribing to our channel.\n\nListen on Spotify: \n\nhttps://open.spotify.com/album/7v3sEjmd6HV2rC4gbTYiv0?si=zRzxoJz3RqeJ6-AdQWqHZQ", "categories": ["Music"], "tags": ["music", "piano", "sleep", "deep relaxation", "study", "concentration", "sleeping", "relax", "work music", "studying", "memory", "focus"], "subtitles": {}, "automatic_captions": {}, "duration": 148, "age_limit": 0, "annotations": null, "chapters": null, "webpage_url": "https://www.youtube.com/watch?v=NzJjMGJg1wE", "view_count": 43, "like_count": 2, "dislike_count": null, "average_rating": 5.0, "formats": [{"ext": "m4a", "format_note": "DASH audio", "acodec": "mp4a.40.5", "abr": 48, "container": "m4a_dash", "format_id": "139", "manifest_url": "https://manifest.googlevideo.com/api/manifest/dash/expire/1610368102/ei/BvD7X8KcGry1s8IP1Oam6Ag/ip/220.129.26.102/id/373263306260d701/source/youtube/requiressl/yes/playback_host/r5---sn-ipoxu-u2xd.googlevideo.com/mh/Is/mm/31%2C29/mn/sn-ipoxu-u2xd%2Csn-un57en7l/ms/au%2Crdu/mv/m/mvi/5/pl/21/hfr/all/as/fmp4_audio_clear%2Cwebm_audio_clear%2Cwebm2_audio_clear%2Cfmp4_sd_hd_clear%2Cwebm2_sd_hd_clear/initcwndbps/703750/vprv/1/mt/1610345794/fvip/5/keepalive/yes/itag/0/sparams/expire%2Cei%2Cip%2Cid%2Csource%2Crequiressl%2Chfr%2Cas%2Cvprv%2Citag/sig/AOq0QJ8wRAIgVm_YSFPv3QrefMZ76W1lsTlo8gXjKaVUXavWvQN4_1ICIGJnCBQAs1NJjatSi9sKmDgNgpKWqxqsLNPxQgLaHB9q/lsparams/playback_host%2Cmh%2Cmm%2Cmn%2Cms%2Cmv%2Cmvi%2Cpl%2Cinitcwndbps/lsig/AG3C_xAwRgIhAM4u32q6ow1YvAwJHiROHHqoiPFFjqsMcKZ6EGI5nuvxAiEAgl6XtzncuVan4KpJlqTTaP0I8yHklQ2YWtxaEoLaabI%3D", "width": null, "height": null, "tbr": 49.943, "asr": 22050, "fps": null, "language": null, "filesize": null, "vcodec": "none", "url": "https://manifest.googlevideo.com/api/manifest/dash/expire/1610368102/ei/BvD7X8KcGry1s8IP1Oam6Ag/ip/220.129.26.102/id/373263306260d701/source/youtube/requiressl/yes/playback_host/r5---sn-ipoxu-u2xd.googlevideo.com/mh/Is/mm/31%2C29/mn/sn-ipoxu-u2xd%2Csn-un57en7l/ms/au%2Crdu/mv/m/mvi/5/pl/21/hfr/all/as/fmp4_audio_clear%2Cwebm_audio_clear%2Cwebm2_audio_clear%2Cfmp4_sd_hd_clear%2Cwebm2_sd_hd_clear/initcwndbps/703750/vprv/1/mt/1610345794/fvip/5/keepalive/yes/itag/0/sparams/expire%2Cei%2Cip%2Cid%2Csource%2Crequiressl%2Chfr%2Cas%2Cvprv%2Citag/sig/AOq0QJ8wRAIgVm_YSFPv3QrefMZ76W1lsTlo8gXjKaVUXavWvQN4_1ICIGJnCBQAs1NJjatSi9sKmDgNgpKWqxqsLNPxQgLaHB9q/lsparams/playback_host%2Cmh%2Cmm%2Cmn%2Cms%2Cmv%2Cmvi%2Cpl%2Cinitcwndbps/lsig/AG3C_xAwRgIhAM4u32q6ow1YvAwJHiROHHqoiPFFjqsMcKZ6EGI5nuvxAiEAgl6XtzncuVan4KpJlqTTaP0I8yHklQ2YWtxaEoLaabI%3D", "fragment_base_url": "https://r5---sn-ipoxu-u2xd.googlevideo.com/videoplayback/expire/1610368102/ei/BvD7X8KcGry1s8IP1Oam6Ag/ip/220.129.26.102/id/373263306260d701/itag/139/source/youtube/requiressl/yes/mh/Is/mm/31,29/mn/sn-ipoxu-u2xd,sn-un57en7l/ms/au,rdu/mv/m/mvi/5/pl/21/initcwndbps/703750/vprv/1/ratebypass/yes/mime/audio%2Fmp4/otfp/1/gir/yes/clen/904291/lmt/1606231253158326/dur/148.143/mt/1610345794/fvip/5/keepalive/yes/sparams/expire,ei,ip,id,itag,source,requiressl,vprv,ratebypass,mime,otfp,gir,clen,lmt,dur/sig/AOq0QJ8wRgIhAPeYrof6XPho00KKwPeRd7K10GroO37yyZZOPWLUufYhAiEAzlEIMhqvkRknG8bdvFeFUp1Kab8bR8Ln7-ZBQS9zuCU%3D/lsparams/mh,mm,mn,ms,mv,mvi,pl,initcwndbps/lsig/AG3C_xAwRAIgZb2CrFox-R3cOPDi4PdVFhRvJ5-F9LAEr6D6CurTJkoCIBeGNQuAyl80sIXCXlbHK1bG73T5-7vsXl0VdbXnxs9f/", "fragments": [{"path": "range/0-640"}, {"path": "range/853-62335", "duration": 9.985}, {"path": "range/62336-123207", "duration": 9.984}, {"path": "range/123208-184010", "duration": 9.985}, {"path": "range/184011-244936", "duration": 9.984}, {"path": "range/244937-305747", "duration": 9.985}, {"path": "range/305748-366714", "duration": 9.984}, {"path": "range/366715-427553", "duration": 9.985}, {"path": "range/427554-488378", "duration": 9.985}, {"path": "range/488379-549329", "duration": 9.984}, {"path": "range/549330-610234", "duration": 9.985}, {"path": "range/610235-671030", "duration": 9.984}, {"path": "range/671031-731932", "duration": 9.985}, {"path": "range/731933-792906", "duration": 9.985}, {"path": "range/792907-853519", "duration": 9.984}, {"path": "range/853520-904290", "duration": 8.359}], "protocol": "http_dash_segments", "format": "139 - audio only (DASH audio)", "http_headers": {"User-Agent": "Mozilla/5.0 (Windows NT 10.0; Win64; x64) AppleWebKit/537.36 (KHTML, like Gecko) Chrome/71.0.3557.2 Safari/537.36", "Accept-Charset": "ISO-8859-1,utf-8;q=0.7,*;q=0.7", "Accept": "text/html,application/xhtml+xml,application/xml;q=0.9,*/*;q=0.8", "Accept-Encoding": "gzip, deflate", "Accept-Language": "en-us,en;q=0.5"}}, {"ext": "m4a", "format_note": "DASH audio", "acodec": "mp4a.40.2", "abr": 128, "container": "m4a_dash", "format_id": "140", "manifest_url": "https://manifest.googlevideo.com/api/manifest/dash/expire/1610368102/ei/BvD7X8KcGry1s8IP1Oam6Ag/ip/220.129.26.102/id/373263306260d701/source/youtube/requiressl/yes/playback_host/r5---sn-ipoxu-u2xd.googlevideo.com/mh/Is/mm/31%2C29/mn/sn-ipoxu-u2xd%2Csn-un57en7l/ms/au%2Crdu/mv/m/mvi/5/pl/21/hfr/all/as/fmp4_audio_clear%2Cwebm_audio_clear%2Cwebm2_audio_clear%2Cfmp4_sd_hd_clear%2Cwebm2_sd_hd_clear/initcwndbps/703750/vprv/1/mt/1610345794/fvip/5/keepalive/yes/itag/0/sparams/expire%2Cei%2Cip%2Cid%2Csource%2Crequiressl%2Chfr%2Cas%2Cvprv%2Citag/sig/AOq0QJ8wRAIgVm_YSFPv3QrefMZ76W1lsTlo8gXjKaVUXavWvQN4_1ICIGJnCBQAs1NJjatSi9sKmDgNgpKWqxqsLNPxQgLaHB9q/lsparams/playback_host%2Cmh%2Cmm%2Cmn%2Cms%2Cmv%2Cmvi%2Cpl%2Cinitcwndbps/lsig/AG3C_xAwRgIhAM4u32q6ow1YvAwJHiROHHqoiPFFjqsMcKZ6EGI5nuvxAiEAgl6XtzncuVan4KpJlqTTaP0I8yHklQ2YWtxaEoLaabI%3D", "width": null, "height": null, "tbr": 130.46, "asr": 44100, "fps": null, "language": null, "filesize": null, "vcodec": "none", "url": "https://manifest.googlevideo.com/api/manifest/dash/expire/1610368102/ei/BvD7X8KcGry1s8IP1Oam6Ag/ip/220.129.26.102/id/373263306260d701/source/youtube/requiressl/yes/playback_host/r5---sn-ipoxu-u2xd.googlevideo.com/mh/Is/mm/31%2C29/mn/sn-ipoxu-u2xd%2Csn-un57en7l/ms/au%2Crdu/mv/m/mvi/5/pl/21/hfr/all/as/fmp4_audio_clear%2Cwebm_audio_clear%2Cwebm2_audio_clear%2Cfmp4_sd_hd_clear%2Cwebm2_sd_hd_clear/initcwndbps/703750/vprv/1/mt/1610345794/fvip/5/keepalive/yes/itag/0/sparams/expire%2Cei%2Cip%2Cid%2Csource%2Crequiressl%2Chfr%2Cas%2Cvprv%2Citag/sig/AOq0QJ8wRAIgVm_YSFPv3QrefMZ76W1lsTlo8gXjKaVUXavWvQN4_1ICIGJnCBQAs1NJjatSi9sKmDgNgpKWqxqsLNPxQgLaHB9q/lsparams/playback_host%2Cmh%2Cmm%2Cmn%2Cms%2Cmv%2Cmvi%2Cpl%2Cinitcwndbps/lsig/AG3C_xAwRgIhAM4u32q6ow1YvAwJHiROHHqoiPFFjqsMcKZ6EGI5nuvxAiEAgl6XtzncuVan4KpJlqTTaP0I8yHklQ2YWtxaEoLaabI%3D", "fragment_base_url": "https://r5---sn-ipoxu-u2xd.googlevideo.com/videoplayback/expire/1610368102/ei/BvD7X8KcGry1s8IP1Oam6Ag/ip/220.129.26.102/id/373263306260d701/itag/140/source/youtube/requiressl/yes/mh/Is/mm/31,29/mn/sn-ipoxu-u2xd,sn-un57en7l/ms/au,rdu/mv/m/mvi/5/pl/21/initcwndbps/703750/vprv/1/ratebypass/yes/mime/audio%2Fmp4/otfp/1/gir/yes/clen/2396944/lmt/1606231253132591/dur/148.050/mt/1610345794/fvip/5/keepalive/yes/sparams/expire,ei,ip,id,itag,source,requiressl,vprv,ratebypass,mime,otfp,gir,clen,lmt,dur/sig/AOq0QJ8wRgIhAJiEnFuQ6XmEXFRjEdZzmV1s2NH6dZIY1XOWdt55amtBAiEAth7awwjiDUw451uXkzyNipDKeZpN-M5b8Fy4scx93aE%3D/lsparams/mh,mm,mn,ms,mv,mvi,pl,initcwndbps/lsig/AG3C_xAwRgIhAPVMD6qkQ6oIosx1qO0zP-NoIBE5eHpbL9U5z_mXFciKAiEA_X6sIVvmidkdo5GqEQMpQIcGAVi3bo12e-z0yHnxOTg%3D/", "fragments": [{"path": "range/0-631"}, {"path": "range/844-162830", "duration": 9.985}, {"path": "range/162831-324394", "duration": 9.984}, {"path": "range/324395-485991", "duration": 9.985}, {"path": "range/485992-647596", "duration": 9.984}, {"path": "range/647597-809123", "duration": 9.985}, {"path": "range/809124-970714", "duration": 9.984}, {"path": "range/970715-1132278", "duration": 9.985}, {"path": "range/1132279-1293833", "duration": 9.985}, {"path": "range/1293834-1455422", "duration": 9.984}, {"path": "range/1455423-1617034", "duration": 9.985}, {"path": "range/1617035-1778638", "duration": 9.984}, {"path": "range/1778639-1940157", "duration": 9.985}, {"path": "range/1940158-2101748", "duration": 9.985}, {"path": "range/2101749-2263306", "duration": 9.984}, {"path": "range/2263307-2396943", "duration": 8.359}], "protocol": "http_dash_segments", "format": "140 - audio only (DASH audio)", "http_headers": {"User-Agent": "Mozilla/5.0 (Windows NT 10.0; Win64; x64) AppleWebKit/537.36 (KHTML, like Gecko) Chrome/71.0.3557.2 Safari/537.36", "Accept-Charset": "ISO-8859-1,utf-8;q=0.7,*;q=0.7", "Accept": "text/html,application/xhtml+xml,application/xml;q=0.9,*/*;q=0.8", "Accept-Encoding": "gzip, deflate", "Accept-Language": "en-us,en;q=0.5"}}, {"ext": "webm", "format_note": "DASH audio", "acodec": "opus", "abr": 160, "format_id": "251", "manifest_url": "https://manifest.googlevideo.com/api/manifest/dash/expire/1610368102/ei/BvD7X8KcGry1s8IP1Oam6Ag/ip/220.129.26.102/id/373263306260d701/source/youtube/requiressl/yes/playback_host/r5---sn-ipoxu-u2xd.googlevideo.com/mh/Is/mm/31%2C29/mn/sn-ipoxu-u2xd%2Csn-un57en7l/ms/au%2Crdu/mv/m/mvi/5/pl/21/hfr/all/as/fmp4_audio_clear%2Cwebm_audio_clear%2Cwebm2_audio_clear%2Cfmp4_sd_hd_clear%2Cwebm2_sd_hd_clear/initcwndbps/703750/vprv/1/mt/1610345794/fvip/5/keepalive/yes/itag/0/sparams/expire%2Cei%2Cip%2Cid%2Csource%2Crequiressl%2Chfr%2Cas%2Cvprv%2Citag/sig/AOq0QJ8wRAIgVm_YSFPv3QrefMZ76W1lsTlo8gXjKaVUXavWvQN4_1ICIGJnCBQAs1NJjatSi9sKmDgNgpKWqxqsLNPxQgLaHB9q/lsparams/playback_host%2Cmh%2Cmm%2Cmn%2Cms%2Cmv%2Cmvi%2Cpl%2Cinitcwndbps/lsig/AG3C_xAwRgIhAM4u32q6ow1YvAwJHiROHHqoiPFFjqsMcKZ6EGI5nuvxAiEAgl6XtzncuVan4KpJlqTTaP0I8yHklQ2YWtxaEoLaabI%3D", "width": null, "height": null, "tbr": 150.871, "asr": 48000, "fps": null, "language": null, "filesize": null, "container": "webm_dash", "vcodec": "none", "url": "https://manifest.googlevideo.com/api/manifest/dash/expire/1610368102/ei/BvD7X8KcGry1s8IP1Oam6Ag/ip/220.129.26.102/id/373263306260d701/source/youtube/requiressl/yes/playback_host/r5---sn-ipoxu-u2xd.googlevideo.com/mh/Is/mm/31%2C29/mn/sn-ipoxu-u2xd%2Csn-un57en7l/ms/au%2Crdu/mv/m/mvi/5/pl/21/hfr/all/as/fmp4_audio_clear%2Cwebm_audio_clear%2Cwebm2_audio_clear%2Cfmp4_sd_hd_clear%2Cwebm2_sd_hd_clear/initcwndbps/703750/vprv/1/mt/1610345794/fvip/5/keepalive/yes/itag/0/sparams/expire%2Cei%2Cip%2Cid%2Csource%2Crequiressl%2Chfr%2Cas%2Cvprv%2Citag/sig/AOq0QJ8wRAIgVm_YSFPv3QrefMZ76W1lsTlo8gXjKaVUXavWvQN4_1ICIGJnCBQAs1NJjatSi9sKmDgNgpKWqxqsLNPxQgLaHB9q/lsparams/playback_host%2Cmh%2Cmm%2Cmn%2Cms%2Cmv%2Cmvi%2Cpl%2Cinitcwndbps/lsig/AG3C_xAwRgIhAM4u32q6ow1YvAwJHiROHHqoiPFFjqsMcKZ6EGI5nuvxAiEAgl6XtzncuVan4KpJlqTTaP0I8yHklQ2YWtxaEoLaabI%3D", "fragment_base_url": "https://r5---sn-ipoxu-u2xd.googlevideo.com/videoplayback/expire/1610368102/ei/BvD7X8KcGry1s8IP1Oam6Ag/ip/220.129.26.102/id/373263306260d701/itag/251/source/youtube/requiressl/yes/mh/Is/mm/31,29/mn/sn-ipoxu-u2xd,sn-un57en7l/ms/au,rdu/mv/m/mvi/5/pl/21/initcwndbps/703750/vprv/1/ratebypass/yes/mime/audio%2Fwebm/otfp/1/gir/yes/clen/2726106/lmt/1606231248364007/dur/148.021/mt/1610345794/fvip/5/keepalive/yes/sparams/expire,ei,ip,id,itag,source,requiressl,vprv,ratebypass,mime,otfp,gir,clen,lmt,dur/sig/AOq0QJ8wRAIgXknrgQzwbqi6x7Ibpa_sOyG9X_vL98H5PGcTiiYsH-YCIC0m3140R2NXGKtiiFmz74uliWpgCw6b1KydwUudvyQj/lsparams/mh,mm,mn,ms,mv,mvi,pl,initcwndbps/lsig/AG3C_xAwRQIgLKH3L4lQcfm2aph1BkwhnrWwneuTRs9mk-F9od5yvsMCIQD0FQRu4-JZmf1lHDgT8o6qB4auyoigXgwDC0m0w5CKvg%3D%3D/", "fragments": [{"path": "range/0-265"}, {"path": "range/518-185976", "duration": 10.001}, {"path": "range/185977-370984", "duration": 10.0}, {"path": "range/370985-557304", "duration": 10.0}, {"path": "range/557305-740785", "duration": 10.0}, {"path": "range/740786-929374", "duration": 10.0}, {"path": "range/929375-1115934", "duration": 10.0}, {"path": "range/1115935-1301836", "duration": 10.0}, {"path": "range/1301837-1487989", "duration": 10.0}, {"path": "range/1487990-1670984", "duration": 10.0}, {"path": "range/1670985-1859254", "duration": 10.0}, {"path": "range/1859255-2044517", "duration": 10.0}, {"path": "range/2044518-2229681", "duration": 10.0}, {"path": "range/2229682-2415980", "duration": 10.0}, {"path": "range/2415981-2598127", "duration": 10.0}, {"path": "range/2598128-2726105", "duration": 8.02}], "protocol": "http_dash_segments", "format": "251 - audio only (DASH audio)", "http_headers": {"User-Agent": "Mozilla/5.0 (Windows NT 10.0; Win64; x64) AppleWebKit/537.36 (KHTML, like Gecko) Chrome/71.0.3557.2 Safari/537.36", "Accept-Charset": "ISO-8859-1,utf-8;q=0.7,*;q=0.7", "Accept": "text/html,application/xhtml+xml,application/xml;q=0.9,*/*;q=0.8", "Accept-Encoding": "gzip, deflate", "Accept-Language": "en-us,en;q=0.5"}}, {"ext": "mp4", "height": 360, "format_note": "DASH video", "vcodec": "avc1.4d401e", "format_id": "134", "manifest_url": "https://manifest.googlevideo.com/api/manifest/dash/expire/1610368102/ei/BvD7X8KcGry1s8IP1Oam6Ag/ip/220.129.26.102/id/373263306260d701/source/youtube/requiressl/yes/playback_host/r5---sn-ipoxu-u2xd.googlevideo.com/mh/Is/mm/31%2C29/mn/sn-ipoxu-u2xd%2Csn-un57en7l/ms/au%2Crdu/mv/m/mvi/5/pl/21/hfr/all/as/fmp4_audio_clear%2Cwebm_audio_clear%2Cwebm2_audio_clear%2Cfmp4_sd_hd_clear%2Cwebm2_sd_hd_clear/initcwndbps/703750/vprv/1/mt/1610345794/fvip/5/keepalive/yes/itag/0/sparams/expire%2Cei%2Cip%2Cid%2Csource%2Crequiressl%2Chfr%2Cas%2Cvprv%2Citag/sig/AOq0QJ8wRAIgVm_YSFPv3QrefMZ76W1lsTlo8gXjKaVUXavWvQN4_1ICIGJnCBQAs1NJjatSi9sKmDgNgpKWqxqsLNPxQgLaHB9q/lsparams/playback_host%2Cmh%2Cmm%2Cmn%2Cms%2Cmv%2Cmvi%2Cpl%2Cinitcwndbps/lsig/AG3C_xAwRgIhAM4u32q6ow1YvAwJHiROHHqoiPFFjqsMcKZ6EGI5nuvxAiEAgl6XtzncuVan4KpJlqTTaP0I8yHklQ2YWtxaEoLaabI%3D", "width": 640, "tbr": 44.467, "asr": null, "fps": 25, "language": null, "filesize": null, "container": "mp4_dash", "acodec": "none", "url": "https://manifest.googlevideo.com/api/manifest/dash/expire/1610368102/ei/BvD7X8KcGry1s8IP1Oam6Ag/ip/220.129.26.102/id/373263306260d701/source/youtube/requiressl/yes/playback_host/r5---sn-ipoxu-u2xd.googlevideo.com/mh/Is/mm/31%2C29/mn/sn-ipoxu-u2xd%2Csn-un57en7l/ms/au%2Crdu/mv/m/mvi/5/pl/21/hfr/all/as/fmp4_audio_clear%2Cwebm_audio_clear%2Cwebm2_audio_clear%2Cfmp4_sd_hd_clear%2Cwebm2_sd_hd_clear/initcwndbps/703750/vprv/1/mt/1610345794/fvip/5/keepalive/yes/itag/0/sparams/expire%2Cei%2Cip%2Cid%2Csource%2Crequiressl%2Chfr%2Cas%2Cvprv%2Citag/sig/AOq0QJ8wRAIgVm_YSFPv3QrefMZ76W1lsTlo8gXjKaVUXavWvQN4_1ICIGJnCBQAs1NJjatSi9sKmDgNgpKWqxqsLNPxQgLaHB9q/lsparams/playback_host%2Cmh%2Cmm%2Cmn%2Cms%2Cmv%2Cmvi%2Cpl%2Cinitcwndbps/lsig/AG3C_xAwRgIhAM4u32q6ow1YvAwJHiROHHqoiPFFjqsMcKZ6EGI5nuvxAiEAgl6XtzncuVan4KpJlqTTaP0I8yHklQ2YWtxaEoLaabI%3D", "fragment_base_url": "https://r5---sn-ipoxu-u2xd.googlevideo.com/videoplayback/expire/1610368102/ei/BvD7X8KcGry1s8IP1Oam6Ag/ip/220.129.26.102/id/373263306260d701/itag/134/source/youtube/requiressl/yes/mh/Is/mm/31,29/mn/sn-ipoxu-u2xd,sn-un57en7l/ms/au,rdu/mv/m/mvi/5/pl/21/initcwndbps/703750/vprv/1/ratebypass/yes/mime/video%2Fmp4/otfp/1/gir/yes/clen/754868/lmt/1606231251278058/dur/148.000/mt/1610345794/fvip/5/keepalive/yes/sparams/expire,ei,ip,id,itag,source,requiressl,vprv,ratebypass,mime,otfp,gir,clen,lmt,dur/sig/AOq0QJ8wRQIgC1umRDzRHAdrutEdnNAqbbeIMUNfg0n87dtiwk6-cRwCIQDxW9G1oK6jyzamguNC_Wno7O6O9FYfWPtvJX94efZZhw%3D%3D/lsparams/mh,mm,mn,ms,mv,mvi,pl,initcwndbps/lsig/AG3C_xAwRQIhAN0vF_Z_rYHLdhbCgxKpWhP53UOo9Hq9vyzWu8xZcKNuAiAWW6GhgwLNSpapuLSvuGKdNgT9l4nVUzD4zhbJ9MNJvw%3D%3D/", "fragments": [{"path": "range/0-740"}, {"path": "range/1121-28458", "duration": 5.12}, {"path": "range/28459-56394", "duration": 5.12}, {"path": "range/56395-84483", "duration": 5.12}, {"path": "range/84484-111513", "duration": 5.12}, {"path": "range/111514-138925", "duration": 5.12}, {"path": "range/138926-167034", "duration": 5.12}, {"path": "range/167035-193749", "duration": 5.12}, {"path": "range/193750-220889", "duration": 5.12}, {"path": "range/220890-247473", "duration": 5.12}, {"path": "range/247474-274062", "duration": 5.12}, {"path": "range/274063-300184", "duration": 5.12}, {"path": "range/300185-326505", "duration": 5.12}, {"path": "range/326506-352182", "duration": 5.12}, {"path": "range/352183-377949", "duration": 5.12}, {"path": "range/377950-403530", "duration": 5.12}, {"path": "range/403531-428809", "duration": 5.12}, {"path": "range/428810-454482", "duration": 5.12}, {"path": "range/454483-479231", "duration": 5.12}, {"path": "range/479232-505055", "duration": 5.12}, {"path": "range/505056-530681", "duration": 5.12}, {"path": "range/530682-556035", "duration": 5.12}, {"path": "range/556036-581402", "duration": 5.12}, {"path": "range/581403-606595", "duration": 5.12}, {"path": "range/606596-632058", "duration": 5.12}, {"path": "range/632059-657085", "duration": 5.12}, {"path": "range/657086-682033", "duration": 5.12}, {"path": "range/682034-706493", "duration": 5.12}, {"path": "range/706494-730820", "duration": 5.12}, {"path": "range/730821-754867", "duration": 4.64}], "protocol": "http_dash_segments", "format": "134 - 640x360 (DASH video)", "http_headers": {"User-Agent": "Mozilla/5.0 (Windows NT 10.0; Win64; x64) AppleWebKit/537.36 (KHTML, like Gecko) Chrome/71.0.3557.2 Safari/537.36", "Accept-Charset": "ISO-8859-1,utf-8;q=0.7,*;q=0.7", "Accept": "text/html,application/xhtml+xml,application/xml;q=0.9,*/*;q=0.8", "Accept-Encoding": "gzip, deflate", "Accept-Language": "en-us,en;q=0.5"}}, {"ext": "webm", "height": 144, "format_note": "DASH video", "container": "webm_dash", "vcodec": "vp9", "format_id": "278", "manifest_url": "https://manifest.googlevideo.com/api/manifest/dash/expire/1610368102/ei/BvD7X8KcGry1s8IP1Oam6Ag/ip/220.129.26.102/id/373263306260d701/source/youtube/requiressl/yes/playback_host/r5---sn-ipoxu-u2xd.googlevideo.com/mh/Is/mm/31%2C29/mn/sn-ipoxu-u2xd%2Csn-un57en7l/ms/au%2Crdu/mv/m/mvi/5/pl/21/hfr/all/as/fmp4_audio_clear%2Cwebm_audio_clear%2Cwebm2_audio_clear%2Cfmp4_sd_hd_clear%2Cwebm2_sd_hd_clear/initcwndbps/703750/vprv/1/mt/1610345794/fvip/5/keepalive/yes/itag/0/sparams/expire%2Cei%2Cip%2Cid%2Csource%2Crequiressl%2Chfr%2Cas%2Cvprv%2Citag/sig/AOq0QJ8wRAIgVm_YSFPv3QrefMZ76W1lsTlo8gXjKaVUXavWvQN4_1ICIGJnCBQAs1NJjatSi9sKmDgNgpKWqxqsLNPxQgLaHB9q/lsparams/playback_host%2Cmh%2Cmm%2Cmn%2Cms%2Cmv%2Cmvi%2Cpl%2Cinitcwndbps/lsig/AG3C_xAwRgIhAM4u32q6ow1YvAwJHiROHHqoiPFFjqsMcKZ6EGI5nuvxAiEAgl6XtzncuVan4KpJlqTTaP0I8yHklQ2YWtxaEoLaabI%3D", "width": 256, "tbr": 95.0, "asr": null, "fps": 25, "language": null, "filesize": null, "acodec": "none", "url": "https://manifest.googlevideo.com/api/manifest/dash/expire/1610368102/ei/BvD7X8KcGry1s8IP1Oam6Ag/ip/220.129.26.102/id/373263306260d701/source/youtube/requiressl/yes/playback_host/r5---sn-ipoxu-u2xd.googlevideo.com/mh/Is/mm/31%2C29/mn/sn-ipoxu-u2xd%2Csn-un57en7l/ms/au%2Crdu/mv/m/mvi/5/pl/21/hfr/all/as/fmp4_audio_clear%2Cwebm_audio_clear%2Cwebm2_audio_clear%2Cfmp4_sd_hd_clear%2Cwebm2_sd_hd_clear/initcwndbps/703750/vprv/1/mt/1610345794/fvip/5/keepalive/yes/itag/0/sparams/expire%2Cei%2Cip%2Cid%2Csource%2Crequiressl%2Chfr%2Cas%2Cvprv%2Citag/sig/AOq0QJ8wRAIgVm_YSFPv3QrefMZ76W1lsTlo8gXjKaVUXavWvQN4_1ICIGJnCBQAs1NJjatSi9sKmDgNgpKWqxqsLNPxQgLaHB9q/lsparams/playback_host%2Cmh%2Cmm%2Cmn%2Cms%2Cmv%2Cmvi%2Cpl%2Cinitcwndbps/lsig/AG3C_xAwRgIhAM4u32q6ow1YvAwJHiROHHqoiPFFjqsMcKZ6EGI5nuvxAiEAgl6XtzncuVan4KpJlqTTaP0I8yHklQ2YWtxaEoLaabI%3D", "fragment_base_url": "https://r5---sn-ipoxu-u2xd.googlevideo.com/videoplayback/expire/1610368102/ei/BvD7X8KcGry1s8IP1Oam6Ag/ip/220.129.26.102/id/373263306260d701/itag/278/source/yt_otf/requiressl/yes/mh/Is/mm/31,29/mn/sn-ipoxu-u2xd,sn-un57en7l/ms/au,rdu/mv/m/mvi/5/pl/21/initcwndbps/703750/vprv/1/ratebypass/yes/mime/video%2Fwebm/otfp/1/otf/1/lmt/1606231251280206/mt/1610345794/fvip/5/keepalive/yes/sparams/expire,ei,ip,id,itag,source,requiressl,vprv,ratebypass,mime,otfp,otf,lmt/sig/AOq0QJ8wRQIhAPP3ERejSrjHkb4jctO9siHnXWbGJCvCbf7GTGSYEtspAiA6sF9JvpxyaoRs5NZlurwTGSLQgimYN_AEt2dLenXWsA%3D%3D/lsparams/mh,mm,mn,ms,mv,mvi,pl,initcwndbps/lsig/AG3C_xAwRQIgOKqpckQVuAUoT7Cko73kgkj9sprqqnFsXTpcaqQHKtQCIQDSg3Xbv6a_aMtZT6_UZ8lk-THSRuTnFTdVlNGY6_Lz-Q%3D%3D/", "fragments": [{"path": "sq/0"}, {"path": "sq/1/dur/5.120", "duration": 5.12}, {"path": "sq/2/dur/5.120", "duration": 5.12}, {"path": "sq/3/dur/5.120", "duration": 5.12}, {"path": "sq/4/dur/5.120", "duration": 5.12}, {"path": "sq/5/dur/5.120", "duration": 5.12}, {"path": "sq/6/dur/5.120", "duration": 5.12}, {"path": "sq/7/dur/5.120", "duration": 5.12}, {"path": "sq/8/dur/5.120", "duration": 5.12}, {"path": "sq/9/dur/5.120", "duration": 5.12}, {"path": "sq/10/dur/5.120", "duration": 5.12}, {"path": "sq/11/dur/5.120", "duration": 5.12}, {"path": "sq/12/dur/5.120", "duration": 5.12}, {"path": "sq/13/dur/5.120", "duration": 5.12}, {"path": "sq/14/dur/5.120", "duration": 5.12}, {"path": "sq/15/dur/5.120", "duration": 5.12}, {"path": "sq/16/dur/5.120", "duration": 5.12}, {"path": "sq/17/dur/5.120", "duration": 5.12}, {"path": "sq/18/dur/5.120", "duration": 5.12}, {"path": "sq/19/dur/5.120", "duration": 5.12}, {"path": "sq/20/dur/5.120", "duration": 5.12}, {"path": "sq/21/dur/5.120", "duration": 5.12}, {"path": "sq/22/dur/5.120", "duration": 5.12}, {"path": "sq/23/dur/5.120", "duration": 5.12}, {"path": "sq/24/dur/5.120", "duration": 5.12}, {"path": "sq/25/dur/5.120", "duration": 5.12}, {"path": "sq/26/dur/5.120", "duration": 5.12}, {"path": "sq/27/dur/5.120", "duration": 5.12}, {"path": "sq/28/dur/5.120", "duration": 5.12}, {"path": "sq/29/dur/4.640", "duration": 4.64}], "protocol": "http_dash_segments", "format": "278 - 256x144 (DASH video)", "http_headers": {"User-Agent": "Mozilla/5.0 (Windows NT 10.0; Win64; x64) AppleWebKit/537.36 (KHTML, like Gecko) Chrome/71.0.3557.2 Safari/537.36", "Accept-Charset": "ISO-8859-1,utf-8;q=0.7,*;q=0.7", "Accept": "text/html,application/xhtml+xml,application/xml;q=0.9,*/*;q=0.8", "Accept-Encoding": "gzip, deflate", "Accept-Language": "en-us,en;q=0.5"}}, {"ext": "mp4", "height": 144, "format_note": "DASH video", "vcodec": "avc1.4d400b", "format_id": "160", "manifest_url": "https://manifest.googlevideo.com/api/manifest/dash/expire/1610368102/ei/BvD7X8KcGry1s8IP1Oam6Ag/ip/220.129.26.102/id/373263306260d701/source/youtube/requiressl/yes/playback_host/r5---sn-ipoxu-u2xd.googlevideo.com/mh/Is/mm/31%2C29/mn/sn-ipoxu-u2xd%2Csn-un57en7l/ms/au%2Crdu/mv/m/mvi/5/pl/21/hfr/all/as/fmp4_audio_clear%2Cwebm_audio_clear%2Cwebm2_audio_clear%2Cfmp4_sd_hd_clear%2Cwebm2_sd_hd_clear/initcwndbps/703750/vprv/1/mt/1610345794/fvip/5/keepalive/yes/itag/0/sparams/expire%2Cei%2Cip%2Cid%2Csource%2Crequiressl%2Chfr%2Cas%2Cvprv%2Citag/sig/AOq0QJ8wRAIgVm_YSFPv3QrefMZ76W1lsTlo8gXjKaVUXavWvQN4_1ICIGJnCBQAs1NJjatSi9sKmDgNgpKWqxqsLNPxQgLaHB9q/lsparams/playback_host%2Cmh%2Cmm%2Cmn%2Cms%2Cmv%2Cmvi%2Cpl%2Cinitcwndbps/lsig/AG3C_xAwRgIhAM4u32q6ow1YvAwJHiROHHqoiPFFjqsMcKZ6EGI5nuvxAiEAgl6XtzncuVan4KpJlqTTaP0I8yHklQ2YWtxaEoLaabI%3D", "width": 256, "tbr": 108.0, "asr": null, "fps": 25, "language": null, "filesize": null, "container": "mp4_dash", "acodec": "none", "url": "https://manifest.googlevideo.com/api/manifest/dash/expire/1610368102/ei/BvD7X8KcGry1s8IP1Oam6Ag/ip/220.129.26.102/id/373263306260d701/source/youtube/requiressl/yes/playback_host/r5---sn-ipoxu-u2xd.googlevideo.com/mh/Is/mm/31%2C29/mn/sn-ipoxu-u2xd%2Csn-un57en7l/ms/au%2Crdu/mv/m/mvi/5/pl/21/hfr/all/as/fmp4_audio_clear%2Cwebm_audio_clear%2Cwebm2_audio_clear%2Cfmp4_sd_hd_clear%2Cwebm2_sd_hd_clear/initcwndbps/703750/vprv/1/mt/1610345794/fvip/5/keepalive/yes/itag/0/sparams/expire%2Cei%2Cip%2Cid%2Csource%2Crequiressl%2Chfr%2Cas%2Cvprv%2Citag/sig/AOq0QJ8wRAIgVm_YSFPv3QrefMZ76W1lsTlo8gXjKaVUXavWvQN4_1ICIGJnCBQAs1NJjatSi9sKmDgNgpKWqxqsLNPxQgLaHB9q/lsparams/playback_host%2Cmh%2Cmm%2Cmn%2Cms%2Cmv%2Cmvi%2Cpl%2Cinitcwndbps/lsig/AG3C_xAwRgIhAM4u32q6ow1YvAwJHiROHHqoiPFFjqsMcKZ6EGI5nuvxAiEAgl6XtzncuVan4KpJlqTTaP0I8yHklQ2YWtxaEoLaabI%3D", "fragment_base_url": "https://r5---sn-ipoxu-u2xd.googlevideo.com/videoplayback/expire/1610368102/ei/BvD7X8KcGry1s8IP1Oam6Ag/ip/220.129.26.102/id/373263306260d701/itag/160/source/yt_otf/requiressl/yes/mh/Is/mm/31,29/mn/sn-ipoxu-u2xd,sn-un57en7l/ms/au,rdu/mv/m/mvi/5/pl/21/initcwndbps/703750/vprv/1/ratebypass/yes/mime/video%2Fmp4/otfp/1/otf/1/lmt/1606231251280206/mt/1610345794/fvip/5/keepalive/yes/sparams/expire,ei,ip,id,itag,source,requiressl,vprv,ratebypass,mime,otfp,otf,lmt/sig/AOq0QJ8wRgIhAOd0K3O6ZRuCr37aDHxruTqb1pZo6-VwdjiBpSHqkDBPAiEA_S11EE_ZSORKInepuEh_sHI9uo-l7LrNxldQ6KYyHIo%3D/lsparams/mh,mm,mn,ms,mv,mvi,pl,initcwndbps/lsig/AG3C_xAwRgIhAJnMdkMGJ5bj3etso1X1SQ4Dfm02zy2krdM9xU4MXrJJAiEArc-eYp3SbKQsWZWl-gRMcGpM68GX8GR6Ek8_Qqw4rMk%3D/", "fragments": [{"path": "sq/0"}, {"path": "sq/1/dur/5.120", "duration": 5.12}, {"path": "sq/2/dur/5.120", "duration": 5.12}, {"path": "sq/3/dur/5.120", "duration": 5.12}, {"path": "sq/4/dur/5.120", "duration": 5.12}, {"path": "sq/5/dur/5.120", "duration": 5.12}, {"path": "sq/6/dur/5.120", "duration": 5.12}, {"path": "sq/7/dur/5.120", "duration": 5.12}, {"path": "sq/8/dur/5.120", "duration": 5.12}, {"path": "sq/9/dur/5.120", "duration": 5.12}, {"path": "sq/10/dur/5.120", "duration": 5.12}, {"path": "sq/11/dur/5.120", "duration": 5.12}, {"path": "sq/12/dur/5.120", "duration": 5.12}, {"path": "sq/13/dur/5.120", "duration": 5.12}, {"path": "sq/14/dur/5.120", "duration": 5.12}, {"path": "sq/15/dur/5.120", "duration": 5.12}, {"path": "sq/16/dur/5.120", "duration": 5.12}, {"path": "sq/17/dur/5.120", "duration": 5.12}, {"path": "sq/18/dur/5.120", "duration": 5.12}, {"path": "sq/19/dur/5.120", "duration": 5.12}, {"path": "sq/20/dur/5.120", "duration": 5.12}, {"path": "sq/21/dur/5.120", "duration": 5.12}, {"path": "sq/22/dur/5.120", "duration": 5.12}, {"path": "sq/23/dur/5.120", "duration": 5.12}, {"path": "sq/24/dur/5.120", "duration": 5.12}, {"path": "sq/25/dur/5.120", "duration": 5.12}, {"path": "sq/26/dur/5.120", "duration": 5.12}, {"path": "sq/27/dur/5.120", "duration": 5.12}, {"path": "sq/28/dur/5.120", "duration": 5.12}, {"path": "sq/29/dur/4.640", "duration": 4.64}], "protocol": "http_dash_segments", "format": "160 - 256x144 (DASH video)", "http_headers": {"User-Agent": "Mozilla/5.0 (Windows NT 10.0; Win64; x64) AppleWebKit/537.36 (KHTML, like Gecko) Chrome/71.0.3557.2 Safari/537.36", "Accept-Charset": "ISO-8859-1,utf-8;q=0.7,*;q=0.7", "Accept": "text/html,application/xhtml+xml,application/xml;q=0.9,*/*;q=0.8", "Accept-Encoding": "gzip, deflate", "Accept-Language": "en-us,en;q=0.5"}}, {"ext": "webm", "height": 240, "format_note": "DASH video", "vcodec": "vp9", "format_id": "242", "manifest_url": "https://manifest.googlevideo.com/api/manifest/dash/expire/1610368102/ei/BvD7X8KcGry1s8IP1Oam6Ag/ip/220.129.26.102/id/373263306260d701/source/youtube/requiressl/yes/playback_host/r5---sn-ipoxu-u2xd.googlevideo.com/mh/Is/mm/31%2C29/mn/sn-ipoxu-u2xd%2Csn-un57en7l/ms/au%2Crdu/mv/m/mvi/5/pl/21/hfr/all/as/fmp4_audio_clear%2Cwebm_audio_clear%2Cwebm2_audio_clear%2Cfmp4_sd_hd_clear%2Cwebm2_sd_hd_clear/initcwndbps/703750/vprv/1/mt/1610345794/fvip/5/keepalive/yes/itag/0/sparams/expire%2Cei%2Cip%2Cid%2Csource%2Crequiressl%2Chfr%2Cas%2Cvprv%2Citag/sig/AOq0QJ8wRAIgVm_YSFPv3QrefMZ76W1lsTlo8gXjKaVUXavWvQN4_1ICIGJnCBQAs1NJjatSi9sKmDgNgpKWqxqsLNPxQgLaHB9q/lsparams/playback_host%2Cmh%2Cmm%2Cmn%2Cms%2Cmv%2Cmvi%2Cpl%2Cinitcwndbps/lsig/AG3C_xAwRgIhAM4u32q6ow1YvAwJHiROHHqoiPFFjqsMcKZ6EGI5nuvxAiEAgl6XtzncuVan4KpJlqTTaP0I8yHklQ2YWtxaEoLaabI%3D", "width": 426, "tbr": 220.5, "asr": null, "fps": 25, "language": null, "filesize": null, "container": "webm_dash", "acodec": "none", "url": "https://manifest.googlevideo.com/api/manifest/dash/expire/1610368102/ei/BvD7X8KcGry1s8IP1Oam6Ag/ip/220.129.26.102/id/373263306260d701/source/youtube/requiressl/yes/playback_host/r5---sn-ipoxu-u2xd.googlevideo.com/mh/Is/mm/31%2C29/mn/sn-ipoxu-u2xd%2Csn-un57en7l/ms/au%2Crdu/mv/m/mvi/5/pl/21/hfr/all/as/fmp4_audio_clear%2Cwebm_audio_clear%2Cwebm2_audio_clear%2Cfmp4_sd_hd_clear%2Cwebm2_sd_hd_clear/initcwndbps/703750/vprv/1/mt/1610345794/fvip/5/keepalive/yes/itag/0/sparams/expire%2Cei%2Cip%2Cid%2Csource%2Crequiressl%2Chfr%2Cas%2Cvprv%2Citag/sig/AOq0QJ8wRAIgVm_YSFPv3QrefMZ76W1lsTlo8gXjKaVUXavWvQN4_1ICIGJnCBQAs1NJjatSi9sKmDgNgpKWqxqsLNPxQgLaHB9q/lsparams/playback_host%2Cmh%2Cmm%2Cmn%2Cms%2Cmv%2Cmvi%2Cpl%2Cinitcwndbps/lsig/AG3C_xAwRgIhAM4u32q6ow1YvAwJHiROHHqoiPFFjqsMcKZ6EGI5nuvxAiEAgl6XtzncuVan4KpJlqTTaP0I8yHklQ2YWtxaEoLaabI%3D", "fragment_base_url": "https://r5---sn-ipoxu-u2xd.googlevideo.com/videoplayback/expire/1610368102/ei/BvD7X8KcGry1s8IP1Oam6Ag/ip/220.129.26.102/id/373263306260d701/itag/242/source/yt_otf/requiressl/yes/mh/Is/mm/31,29/mn/sn-ipoxu-u2xd,sn-un57en7l/ms/au,rdu/mv/m/mvi/5/pl/21/initcwndbps/703750/vprv/1/ratebypass/yes/mime/video%2Fwebm/otfp/1/otf/1/lmt/1606231251280206/mt/1610345794/fvip/5/keepalive/yes/sparams/expire,ei,ip,id,itag,source,requiressl,vprv,ratebypass,mime,otfp,otf,lmt/sig/AOq0QJ8wRQIgWOlfRslNlbeHv-yH_9KK-fy7VO2xTpYTb8cyn2SEjyoCIQDf4gTwQ2QWklaMErbzeWzRxQImHnvNAhiRvJQjp429Gg%3D%3D/lsparams/mh,mm,mn,ms,mv,mvi,pl,initcwndbps/lsig/AG3C_xAwRgIhAJTp8rV1EvYqqPO47-Qf7kKScQXb5bMHwQ5Z5Uc1FJr5AiEA3V1QI04-NfY5Xt37uHecMCNe21sxCIEvWwK6jbtNlV8%3D/", "fragments": [{"path": "sq/0"}, {"path": "sq/1/dur/5.120", "duration": 5.12}, {"path": "sq/2/dur/5.120", "duration": 5.12}, {"path": "sq/3/dur/5.120", "duration": 5.12}, {"path": "sq/4/dur/5.120", "duration": 5.12}, {"path": "sq/5/dur/5.120", "duration": 5.12}, {"path": "sq/6/dur/5.120", "duration": 5.12}, {"path": "sq/7/dur/5.120", "duration": 5.12}, {"path": "sq/8/dur/5.120", "duration": 5.12}, {"path": "sq/9/dur/5.120", "duration": 5.12}, {"path": "sq/10/dur/5.120", "duration": 5.12}, {"path": "sq/11/dur/5.120", "duration": 5.12}, {"path": "sq/12/dur/5.120", "duration": 5.12}, {"path": "sq/13/dur/5.120", "duration": 5.12}, {"path": "sq/14/dur/5.120", "duration": 5.12}, {"path": "sq/15/dur/5.120", "duration": 5.12}, {"path": "sq/16/dur/5.120", "duration": 5.12}, {"path": "sq/17/dur/5.120", "duration": 5.12}, {"path": "sq/18/dur/5.120", "duration": 5.12}, {"path": "sq/19/dur/5.120", "duration": 5.12}, {"path": "sq/20/dur/5.120", "duration": 5.12}, {"path": "sq/21/dur/5.120", "duration": 5.12}, {"path": "sq/22/dur/5.120", "duration": 5.12}, {"path": "sq/23/dur/5.120", "duration": 5.12}, {"path": "sq/24/dur/5.120", "duration": 5.12}, {"path": "sq/25/dur/5.120", "duration": 5.12}, {"path": "sq/26/dur/5.120", "duration": 5.12}, {"path": "sq/27/dur/5.120", "duration": 5.12}, {"path": "sq/28/dur/5.120", "duration": 5.12}, {"path": "sq/29/dur/4.640", "duration": 4.64}], "protocol": "http_dash_segments", "format": "242 - 426x240 (DASH video)", "http_headers": {"User-Agent": "Mozilla/5.0 (Windows NT 10.0; Win64; x64) AppleWebKit/537.36 (KHTML, like Gecko) Chrome/71.0.3557.2 Safari/537.36", "Accept-Charset": "ISO-8859-1,utf-8;q=0.7,*;q=0.7", "Accept": "text/html,application/xhtml+xml,application/xml;q=0.9,*/*;q=0.8", "Accept-Encoding": "gzip, deflate", "Accept-Language": "en-us,en;q=0.5"}}, {"ext": "mp4", "height": 240, "format_note": "DASH video", "vcodec": "avc1.4d400c", "format_id": "133", "manifest_url": "https://manifest.googlevideo.com/api/manifest/dash/expire/1610368102/ei/BvD7X8KcGry1s8IP1Oam6Ag/ip/220.129.26.102/id/373263306260d701/source/youtube/requiressl/yes/playback_host/r5---sn-ipoxu-u2xd.googlevideo.com/mh/Is/mm/31%2C29/mn/sn-ipoxu-u2xd%2Csn-un57en7l/ms/au%2Crdu/mv/m/mvi/5/pl/21/hfr/all/as/fmp4_audio_clear%2Cwebm_audio_clear%2Cwebm2_audio_clear%2Cfmp4_sd_hd_clear%2Cwebm2_sd_hd_clear/initcwndbps/703750/vprv/1/mt/1610345794/fvip/5/keepalive/yes/itag/0/sparams/expire%2Cei%2Cip%2Cid%2Csource%2Crequiressl%2Chfr%2Cas%2Cvprv%2Citag/sig/AOq0QJ8wRAIgVm_YSFPv3QrefMZ76W1lsTlo8gXjKaVUXavWvQN4_1ICIGJnCBQAs1NJjatSi9sKmDgNgpKWqxqsLNPxQgLaHB9q/lsparams/playback_host%2Cmh%2Cmm%2Cmn%2Cms%2Cmv%2Cmvi%2Cpl%2Cinitcwndbps/lsig/AG3C_xAwRgIhAM4u32q6ow1YvAwJHiROHHqoiPFFjqsMcKZ6EGI5nuvxAiEAgl6XtzncuVan4KpJlqTTaP0I8yHklQ2YWtxaEoLaabI%3D", "width": 426, "tbr": 242.0, "asr": null, "fps": 25, "language": null, "filesize": null, "container": "mp4_dash", "acodec": "none", "url": "https://manifest.googlevideo.com/api/manifest/dash/expire/1610368102/ei/BvD7X8KcGry1s8IP1Oam6Ag/ip/220.129.26.102/id/373263306260d701/source/youtube/requiressl/yes/playback_host/r5---sn-ipoxu-u2xd.googlevideo.com/mh/Is/mm/31%2C29/mn/sn-ipoxu-u2xd%2Csn-un57en7l/ms/au%2Crdu/mv/m/mvi/5/pl/21/hfr/all/as/fmp4_audio_clear%2Cwebm_audio_clear%2Cwebm2_audio_clear%2Cfmp4_sd_hd_clear%2Cwebm2_sd_hd_clear/initcwndbps/703750/vprv/1/mt/1610345794/fvip/5/keepalive/yes/itag/0/sparams/expire%2Cei%2Cip%2Cid%2Csource%2Crequiressl%2Chfr%2Cas%2Cvprv%2Citag/sig/AOq0QJ8wRAIgVm_YSFPv3QrefMZ76W1lsTlo8gXjKaVUXavWvQN4_1ICIGJnCBQAs1NJjatSi9sKmDgNgpKWqxqsLNPxQgLaHB9q/lsparams/playback_host%2Cmh%2Cmm%2Cmn%2Cms%2Cmv%2Cmvi%2Cpl%2Cinitcwndbps/lsig/AG3C_xAwRgIhAM4u32q6ow1YvAwJHiROHHqoiPFFjqsMcKZ6EGI5nuvxAiEAgl6XtzncuVan4KpJlqTTaP0I8yHklQ2YWtxaEoLaabI%3D", "fragment_base_url": "https://r5---sn-ipoxu-u2xd.googlevideo.com/videoplayback/expire/1610368102/ei/BvD7X8KcGry1s8IP1Oam6Ag/ip/220.129.26.102/id/373263306260d701/itag/133/source/yt_otf/requiressl/yes/mh/Is/mm/31,29/mn/sn-ipoxu-u2xd,sn-un57en7l/ms/au,rdu/mv/m/mvi/5/pl/21/initcwndbps/703750/vprv/1/ratebypass/yes/mime/video%2Fmp4/otfp/1/otf/1/lmt/1606231251280206/mt/1610345794/fvip/5/keepalive/yes/sparams/expire,ei,ip,id,itag,source,requiressl,vprv,ratebypass,mime,otfp,otf,lmt/sig/AOq0QJ8wRQIgNTNsiC7v4Uh52jShBUhPxXZRqogU3Jq5mqK2NyfcSmICIQCgeYmFyQwyzET9VI6MIi4ECRTaxn_DNW1fcYK0bfyzVg%3D%3D/lsparams/mh,mm,mn,ms,mv,mvi,pl,initcwndbps/lsig/AG3C_xAwRQIhAOSOq_V3Rw1BF0-kJhJeMWOBvKnP7qEXnbpgrSBgguLlAiAH7oU6fOsRv59X9FhR2gwV5ISa44wN2_1wUw5KdUeqMw%3D%3D/", "fragments": [{"path": "sq/0"}, {"path": "sq/1/dur/5.120", "duration": 5.12}, {"path": "sq/2/dur/5.120", "duration": 5.12}, {"path": "sq/3/dur/5.120", "duration": 5.12}, {"path": "sq/4/dur/5.120", "duration": 5.12}, {"path": "sq/5/dur/5.120", "duration": 5.12}, {"path": "sq/6/dur/5.120", "duration": 5.12}, {"path": "sq/7/dur/5.120", "duration": 5.12}, {"path": "sq/8/dur/5.120", "duration": 5.12}, {"path": "sq/9/dur/5.120", "duration": 5.12}, {"path": "sq/10/dur/5.120", "duration": 5.12}, {"path": "sq/11/dur/5.120", "duration": 5.12}, {"path": "sq/12/dur/5.120", "duration": 5.12}, {"path": "sq/13/dur/5.120", "duration": 5.12}, {"path": "sq/14/dur/5.120", "duration": 5.12}, {"path": "sq/15/dur/5.120", "duration": 5.12}, {"path": "sq/16/dur/5.120", "duration": 5.12}, {"path": "sq/17/dur/5.120", "duration": 5.12}, {"path": "sq/18/dur/5.120", "duration": 5.12}, {"path": "sq/19/dur/5.120", "duration": 5.12}, {"path": "sq/20/dur/5.120", "duration": 5.12}, {"path": "sq/21/dur/5.120", "duration": 5.12}, {"path": "sq/22/dur/5.120", "duration": 5.12}, {"path": "sq/23/dur/5.120", "duration": 5.12}, {"path": "sq/24/dur/5.120", "duration": 5.12}, {"path": "sq/25/dur/5.120", "duration": 5.12}, {"path": "sq/26/dur/5.120", "duration": 5.12}, {"path": "sq/27/dur/5.120", "duration": 5.12}, {"path": "sq/28/dur/5.120", "duration": 5.12}, {"path": "sq/29/dur/4.640", "duration": 4.64}], "protocol": "http_dash_segments", "format": "133 - 426x240 (DASH video)", "http_headers": {"User-Agent": "Mozilla/5.0 (Windows NT 10.0; Win64; x64) AppleWebKit/537.36 (KHTML, like Gecko) Chrome/71.0.3557.2 Safari/537.36", "Accept-Charset": "ISO-8859-1,utf-8;q=0.7,*;q=0.7", "Accept": "text/html,application/xhtml+xml,application/xml;q=0.9,*/*;q=0.8", "Accept-Encoding": "gzip, deflate", "Accept-Language": "en-us,en;q=0.5"}}, {"ext": "mp4", "height": 1080, "format_note": "DASH video", "vcodec": "avc1.640028", "format_id": "137", "manifest_url": "https://manifest.googlevideo.com/api/manifest/dash/expire/1610368102/ei/BvD7X8KcGry1s8IP1Oam6Ag/ip/220.129.26.102/id/373263306260d701/source/youtube/requiressl/yes/playback_host/r5---sn-ipoxu-u2xd.googlevideo.com/mh/Is/mm/31%2C29/mn/sn-ipoxu-u2xd%2Csn-un57en7l/ms/au%2Crdu/mv/m/mvi/5/pl/21/hfr/all/as/fmp4_audio_clear%2Cwebm_audio_clear%2Cwebm2_audio_clear%2Cfmp4_sd_hd_clear%2Cwebm2_sd_hd_clear/initcwndbps/703750/vprv/1/mt/1610345794/fvip/5/keepalive/yes/itag/0/sparams/expire%2Cei%2Cip%2Cid%2Csource%2Crequiressl%2Chfr%2Cas%2Cvprv%2Citag/sig/AOq0QJ8wRAIgVm_YSFPv3QrefMZ76W1lsTlo8gXjKaVUXavWvQN4_1ICIGJnCBQAs1NJjatSi9sKmDgNgpKWqxqsLNPxQgLaHB9q/lsparams/playback_host%2Cmh%2Cmm%2Cmn%2Cms%2Cmv%2Cmvi%2Cpl%2Cinitcwndbps/lsig/AG3C_xAwRgIhAM4u32q6ow1YvAwJHiROHHqoiPFFjqsMcKZ6EGI5nuvxAiEAgl6XtzncuVan4KpJlqTTaP0I8yHklQ2YWtxaEoLaabI%3D", "width": 1920, "tbr": 265.52, "asr": null, "fps": 25, "language": null, "filesize": null, "container": "mp4_dash", "acodec": "none", "url": "https://manifest.googlevideo.com/api/manifest/dash/expire/1610368102/ei/BvD7X8KcGry1s8IP1Oam6Ag/ip/220.129.26.102/id/373263306260d701/source/youtube/requiressl/yes/playback_host/r5---sn-ipoxu-u2xd.googlevideo.com/mh/Is/mm/31%2C29/mn/sn-ipoxu-u2xd%2Csn-un57en7l/ms/au%2Crdu/mv/m/mvi/5/pl/21/hfr/all/as/fmp4_audio_clear%2Cwebm_audio_clear%2Cwebm2_audio_clear%2Cfmp4_sd_hd_clear%2Cwebm2_sd_hd_clear/initcwndbps/703750/vprv/1/mt/1610345794/fvip/5/keepalive/yes/itag/0/sparams/expire%2Cei%2Cip%2Cid%2Csource%2Crequiressl%2Chfr%2Cas%2Cvprv%2Citag/sig/AOq0QJ8wRAIgVm_YSFPv3QrefMZ76W1lsTlo8gXjKaVUXavWvQN4_1ICIGJnCBQAs1NJjatSi9sKmDgNgpKWqxqsLNPxQgLaHB9q/lsparams/playback_host%2Cmh%2Cmm%2Cmn%2Cms%2Cmv%2Cmvi%2Cpl%2Cinitcwndbps/lsig/AG3C_xAwRgIhAM4u32q6ow1YvAwJHiROHHqoiPFFjqsMcKZ6EGI5nuvxAiEAgl6XtzncuVan4KpJlqTTaP0I8yHklQ2YWtxaEoLaabI%3D", "fragment_base_url": "https://r5---sn-ipoxu-u2xd.googlevideo.com/videoplayback/expire/1610368102/ei/BvD7X8KcGry1s8IP1Oam6Ag/ip/220.129.26.102/id/373263306260d701/itag/137/source/youtube/requiressl/yes/mh/Is/mm/31,29/mn/sn-ipoxu-u2xd,sn-un57en7l/ms/au,rdu/mv/m/mvi/5/pl/21/initcwndbps/703750/vprv/1/ratebypass/yes/mime/video%2Fmp4/otfp/1/gir/yes/clen/4483080/lmt/1606231251280206/dur/148.000/mt/1610345794/fvip/5/keepalive/yes/sparams/expire,ei,ip,id,itag,source,requiressl,vprv,ratebypass,mime,otfp,gir,clen,lmt,dur/sig/AOq0QJ8wRQIgeEQL-x9uw6Ab6peO7Yfs2h6B-me7j82jDI7jCLWvt6kCIQCWn8i_OpLq97cekTjS07Y8h5LA0n1vtygzhinH11RRrQ%3D%3D/lsparams/mh,mm,mn,ms,mv,mvi,pl,initcwndbps/lsig/AG3C_xAwRAIgFwwAAWhx5YnFWteaTlHrIJF_dD8KN5FoWSGQNy4tHEQCIHEnH2bCgUWq7zIZHu9I1jTlLFdyWGs8RdZJMibg3-su/", "fragments": [{"path": "range/0-741"}, {"path": "range/1122-169932", "duration": 5.12}, {"path": "range/169933-336332", "duration": 5.12}, {"path": "range/336333-498359", "duration": 5.12}, {"path": "range/498360-664748", "duration": 5.12}, {"path": "range/664749-827749", "duration": 5.12}, {"path": "range/827750-990869", "duration": 5.12}, {"path": "range/990870-1154302", "duration": 5.12}, {"path": "range/1154303-1320836", "duration": 5.12}, {"path": "range/1320837-1478484", "duration": 5.12}, {"path": "range/1478485-1635470", "duration": 5.12}, {"path": "range/1635471-1794592", "duration": 5.12}, {"path": "range/1794593-1951324", "duration": 5.12}, {"path": "range/1951325-2106686", "duration": 5.12}, {"path": "range/2106687-2262311", "duration": 5.12}, {"path": "range/2262312-2413316", "duration": 5.12}, {"path": "range/2413317-2562105", "duration": 5.12}, {"path": "range/2562106-2717539", "duration": 5.12}, {"path": "range/2717540-2866659", "duration": 5.12}, {"path": "range/2866660-3016650", "duration": 5.12}, {"path": "range/3016651-3167945", "duration": 5.12}, {"path": "range/3167946-3319852", "duration": 5.12}, {"path": "range/3319853-3467274", "duration": 5.12}, {"path": "range/3467275-3613960", "duration": 5.12}, {"path": "range/3613961-3760393", "duration": 5.12}, {"path": "range/3760394-3905879", "duration": 5.12}, {"path": "range/3905880-4049352", "duration": 5.12}, {"path": "range/4049353-4194355", "duration": 5.12}, {"path": "range/4194356-4341090", "duration": 5.12}, {"path": "range/4341091-4483079", "duration": 4.64}], "protocol": "http_dash_segments", "format": "137 - 1920x1080 (DASH video)", "http_headers": {"User-Agent": "Mozilla/5.0 (Windows NT 10.0; Win64; x64) AppleWebKit/537.36 (KHTML, like Gecko) Chrome/71.0.3557.2 Safari/537.36", "Accept-Charset": "ISO-8859-1,utf-8;q=0.7,*;q=0.7", "Accept": "text/html,application/xhtml+xml,application/xml;q=0.9,*/*;q=0.8", "Accept-Encoding": "gzip, deflate", "Accept-Language": "en-us,en;q=0.5"}}, {"ext": "webm", "height": 360, "format_note": "DASH video", "vcodec": "vp9", "format_id": "243", "manifest_url": "https://manifest.googlevideo.com/api/manifest/dash/expire/1610368102/ei/BvD7X8KcGry1s8IP1Oam6Ag/ip/220.129.26.102/id/373263306260d701/source/youtube/requiressl/yes/playback_host/r5---sn-ipoxu-u2xd.googlevideo.com/mh/Is/mm/31%2C29/mn/sn-ipoxu-u2xd%2Csn-un57en7l/ms/au%2Crdu/mv/m/mvi/5/pl/21/hfr/all/as/fmp4_audio_clear%2Cwebm_audio_clear%2Cwebm2_audio_clear%2Cfmp4_sd_hd_clear%2Cwebm2_sd_hd_clear/initcwndbps/703750/vprv/1/mt/1610345794/fvip/5/keepalive/yes/itag/0/sparams/expire%2Cei%2Cip%2Cid%2Csource%2Crequiressl%2Chfr%2Cas%2Cvprv%2Citag/sig/AOq0QJ8wRAIgVm_YSFPv3QrefMZ76W1lsTlo8gXjKaVUXavWvQN4_1ICIGJnCBQAs1NJjatSi9sKmDgNgpKWqxqsLNPxQgLaHB9q/lsparams/playback_host%2Cmh%2Cmm%2Cmn%2Cms%2Cmv%2Cmvi%2Cpl%2Cinitcwndbps/lsig/AG3C_xAwRgIhAM4u32q6ow1YvAwJHiROHHqoiPFFjqsMcKZ6EGI5nuvxAiEAgl6XtzncuVan4KpJlqTTaP0I8yHklQ2YWtxaEoLaabI%3D", "width": 640, "tbr": 405.72, "asr": null, "fps": 25, "language": null, "filesize": null, "container": "webm_dash", "acodec": "none", "url": "https://manifest.googlevideo.com/api/manifest/dash/expire/1610368102/ei/BvD7X8KcGry1s8IP1Oam6Ag/ip/220.129.26.102/id/373263306260d701/source/youtube/requiressl/yes/playback_host/r5---sn-ipoxu-u2xd.googlevideo.com/mh/Is/mm/31%2C29/mn/sn-ipoxu-u2xd%2Csn-un57en7l/ms/au%2Crdu/mv/m/mvi/5/pl/21/hfr/all/as/fmp4_audio_clear%2Cwebm_audio_clear%2Cwebm2_audio_clear%2Cfmp4_sd_hd_clear%2Cwebm2_sd_hd_clear/initcwndbps/703750/vprv/1/mt/1610345794/fvip/5/keepalive/yes/itag/0/sparams/expire%2Cei%2Cip%2Cid%2Csource%2Crequiressl%2Chfr%2Cas%2Cvprv%2Citag/sig/AOq0QJ8wRAIgVm_YSFPv3QrefMZ76W1lsTlo8gXjKaVUXavWvQN4_1ICIGJnCBQAs1NJjatSi9sKmDgNgpKWqxqsLNPxQgLaHB9q/lsparams/playback_host%2Cmh%2Cmm%2Cmn%2Cms%2Cmv%2Cmvi%2Cpl%2Cinitcwndbps/lsig/AG3C_xAwRgIhAM4u32q6ow1YvAwJHiROHHqoiPFFjqsMcKZ6EGI5nuvxAiEAgl6XtzncuVan4KpJlqTTaP0I8yHklQ2YWtxaEoLaabI%3D", "fragment_base_url": "https://r5---sn-ipoxu-u2xd.googlevideo.com/videoplayback/expire/1610368102/ei/BvD7X8KcGry1s8IP1Oam6Ag/ip/220.129.26.102/id/373263306260d701/itag/243/source/yt_otf/requiressl/yes/mh/Is/mm/31,29/mn/sn-ipoxu-u2xd,sn-un57en7l/ms/au,rdu/mv/m/mvi/5/pl/21/initcwndbps/703750/vprv/1/ratebypass/yes/mime/video%2Fwebm/otfp/1/otf/1/lmt/1606231251280206/mt/1610345794/fvip/5/keepalive/yes/sparams/expire,ei,ip,id,itag,source,requiressl,vprv,ratebypass,mime,otfp,otf,lmt/sig/AOq0QJ8wRAIgX56Pql88HzBpSXcd1lY3wXNCEHockJmM6_Cnr-xnn88CIC5dgTN3qrNKh9XC0xJPgPUSMd71ib3LSWK7BF6EKFJA/lsparams/mh,mm,mn,ms,mv,mvi,pl,initcwndbps/lsig/AG3C_xAwRQIhAIYH7dmLiC_GbVV6PP0Oyuh0fc0vQXHSiJ7TfrhFnsDnAiA32gE7ECmvJXt3M3chu5d1k7VutHZ5l2N1xvYGz4-ZiA%3D%3D/", "fragments": [{"path": "sq/0"}, {"path": "sq/1/dur/5.120", "duration": 5.12}, {"path": "sq/2/dur/5.120", "duration": 5.12}, {"path": "sq/3/dur/5.120", "duration": 5.12}, {"path": "sq/4/dur/5.120", "duration": 5.12}, {"path": "sq/5/dur/5.120", "duration": 5.12}, {"path": "sq/6/dur/5.120", "duration": 5.12}, {"path": "sq/7/dur/5.120", "duration": 5.12}, {"path": "sq/8/dur/5.120", "duration": 5.12}, {"path": "sq/9/dur/5.120", "duration": 5.12}, {"path": "sq/10/dur/5.120", "duration": 5.12}, {"path": "sq/11/dur/5.120", "duration": 5.12}, {"path": "sq/12/dur/5.120", "duration": 5.12}, {"path": "sq/13/dur/5.120", "duration": 5.12}, {"path": "sq/14/dur/5.120", "duration": 5.12}, {"path": "sq/15/dur/5.120", "duration": 5.12}, {"path": "sq/16/dur/5.120", "duration": 5.12}, {"path": "sq/17/dur/5.120", "duration": 5.12}, {"path": "sq/18/dur/5.120", "duration": 5.12}, {"path": "sq/19/dur/5.120", "duration": 5.12}, {"path": "sq/20/dur/5.120", "duration": 5.12}, {"path": "sq/21/dur/5.120", "duration": 5.12}, {"path": "sq/22/dur/5.120", "duration": 5.12}, {"path": "sq/23/dur/5.120", "duration": 5.12}, {"path": "sq/24/dur/5.120", "duration": 5.12}, {"path": "sq/25/dur/5.120", "duration": 5.12}, {"path": "sq/26/dur/5.120", "duration": 5.12}, {"path": "sq/27/dur/5.120", "duration": 5.12}, {"path": "sq/28/dur/5.120", "duration": 5.12}, {"path": "sq/29/dur/4.640", "duration": 4.64}], "protocol": "http_dash_segments", "format": "243 - 640x360 (DASH video)", "http_headers": {"User-Agent": "Mozilla/5.0 (Windows NT 10.0; Win64; x64) AppleWebKit/537.36 (KHTML, like Gecko) Chrome/71.0.3557.2 Safari/537.36", "Accept-Charset": "ISO-8859-1,utf-8;q=0.7,*;q=0.7", "Accept": "text/html,application/xhtml+xml,application/xml;q=0.9,*/*;q=0.8", "Accept-Encoding": "gzip, deflate", "Accept-Language": "en-us,en;q=0.5"}}, {"ext": "webm", "height": 480, "format_note": "DASH video", "vcodec": "vp9", "format_id": "244", "manifest_url": "https://manifest.googlevideo.com/api/manifest/dash/expire/1610368102/ei/BvD7X8KcGry1s8IP1Oam6Ag/ip/220.129.26.102/id/373263306260d701/source/youtube/requiressl/yes/playback_host/r5---sn-ipoxu-u2xd.googlevideo.com/mh/Is/mm/31%2C29/mn/sn-ipoxu-u2xd%2Csn-un57en7l/ms/au%2Crdu/mv/m/mvi/5/pl/21/hfr/all/as/fmp4_audio_clear%2Cwebm_audio_clear%2Cwebm2_audio_clear%2Cfmp4_sd_hd_clear%2Cwebm2_sd_hd_clear/initcwndbps/703750/vprv/1/mt/1610345794/fvip/5/keepalive/yes/itag/0/sparams/expire%2Cei%2Cip%2Cid%2Csource%2Crequiressl%2Chfr%2Cas%2Cvprv%2Citag/sig/AOq0QJ8wRAIgVm_YSFPv3QrefMZ76W1lsTlo8gXjKaVUXavWvQN4_1ICIGJnCBQAs1NJjatSi9sKmDgNgpKWqxqsLNPxQgLaHB9q/lsparams/playback_host%2Cmh%2Cmm%2Cmn%2Cms%2Cmv%2Cmvi%2Cpl%2Cinitcwndbps/lsig/AG3C_xAwRgIhAM4u32q6ow1YvAwJHiROHHqoiPFFjqsMcKZ6EGI5nuvxAiEAgl6XtzncuVan4KpJlqTTaP0I8yHklQ2YWtxaEoLaabI%3D", "width": 854, "tbr": 752.64, "asr": null, "fps": 25, "language": null, "filesize": null, "container": "webm_dash", "acodec": "none", "url": "https://manifest.googlevideo.com/api/manifest/dash/expire/1610368102/ei/BvD7X8KcGry1s8IP1Oam6Ag/ip/220.129.26.102/id/373263306260d701/source/youtube/requiressl/yes/playback_host/r5---sn-ipoxu-u2xd.googlevideo.com/mh/Is/mm/31%2C29/mn/sn-ipoxu-u2xd%2Csn-un57en7l/ms/au%2Crdu/mv/m/mvi/5/pl/21/hfr/all/as/fmp4_audio_clear%2Cwebm_audio_clear%2Cwebm2_audio_clear%2Cfmp4_sd_hd_clear%2Cwebm2_sd_hd_clear/initcwndbps/703750/vprv/1/mt/1610345794/fvip/5/keepalive/yes/itag/0/sparams/expire%2Cei%2Cip%2Cid%2Csource%2Crequiressl%2Chfr%2Cas%2Cvprv%2Citag/sig/AOq0QJ8wRAIgVm_YSFPv3QrefMZ76W1lsTlo8gXjKaVUXavWvQN4_1ICIGJnCBQAs1NJjatSi9sKmDgNgpKWqxqsLNPxQgLaHB9q/lsparams/playback_host%2Cmh%2Cmm%2Cmn%2Cms%2Cmv%2Cmvi%2Cpl%2Cinitcwndbps/lsig/AG3C_xAwRgIhAM4u32q6ow1YvAwJHiROHHqoiPFFjqsMcKZ6EGI5nuvxAiEAgl6XtzncuVan4KpJlqTTaP0I8yHklQ2YWtxaEoLaabI%3D", "fragment_base_url": "https://r5---sn-ipoxu-u2xd.googlevideo.com/videoplayback/expire/1610368102/ei/BvD7X8KcGry1s8IP1Oam6Ag/ip/220.129.26.102/id/373263306260d701/itag/244/source/yt_otf/requiressl/yes/mh/Is/mm/31,29/mn/sn-ipoxu-u2xd,sn-un57en7l/ms/au,rdu/mv/m/mvi/5/pl/21/initcwndbps/703750/vprv/1/ratebypass/yes/mime/video%2Fwebm/otfp/1/otf/1/lmt/1606231251280206/mt/1610345794/fvip/5/keepalive/yes/sparams/expire,ei,ip,id,itag,source,requiressl,vprv,ratebypass,mime,otfp,otf,lmt/sig/AOq0QJ8wRQIgPc-qbKmKIWeq1y-c6u5BSNEenjJ-Ts5_fDrz7_GY4I8CIQCJjGPHtv8g9eOkkQb29wJcxGtvFtdUhkSKWTdnKTb0Cg%3D%3D/lsparams/mh,mm,mn,ms,mv,mvi,pl,initcwndbps/lsig/AG3C_xAwRAIgb3Ti4Dh-Vnu87C5pmb9Iw3fKka_HjtCETh7c3fhVBWoCIHJCssMEjF0RWjCl2lVWW0zsDtKUhRQuK6KcmMDst0pr/", "fragments": [{"path": "sq/0"}, {"path": "sq/1/dur/5.120", "duration": 5.12}, {"path": "sq/2/dur/5.120", "duration": 5.12}, {"path": "sq/3/dur/5.120", "duration": 5.12}, {"path": "sq/4/dur/5.120", "duration": 5.12}, {"path": "sq/5/dur/5.120", "duration": 5.12}, {"path": "sq/6/dur/5.120", "duration": 5.12}, {"path": "sq/7/dur/5.120", "duration": 5.12}, {"path": "sq/8/dur/5.120", "duration": 5.12}, {"path": "sq/9/dur/5.120", "duration": 5.12}, {"path": "sq/10/dur/5.120", "duration": 5.12}, {"path": "sq/11/dur/5.120", "duration": 5.12}, {"path": "sq/12/dur/5.120", "duration": 5.12}, {"path": "sq/13/dur/5.120", "duration": 5.12}, {"path": "sq/14/dur/5.120", "duration": 5.12}, {"path": "sq/15/dur/5.120", "duration": 5.12}, {"path": "sq/16/dur/5.120", "duration": 5.12}, {"path": "sq/17/dur/5.120", "duration": 5.12}, {"path": "sq/18/dur/5.120", "duration": 5.12}, {"path": "sq/19/dur/5.120", "duration": 5.12}, {"path": "sq/20/dur/5.120", "duration": 5.12}, {"path": "sq/21/dur/5.120", "duration": 5.12}, {"path": "sq/22/dur/5.120", "duration": 5.12}, {"path": "sq/23/dur/5.120", "duration": 5.12}, {"path": "sq/24/dur/5.120", "duration": 5.12}, {"path": "sq/25/dur/5.120", "duration": 5.12}, {"path": "sq/26/dur/5.120", "duration": 5.12}, {"path": "sq/27/dur/5.120", "duration": 5.12}, {"path": "sq/28/dur/5.120", "duration": 5.12}, {"path": "sq/29/dur/4.640", "duration": 4.64}], "protocol": "http_dash_segments", "format": "244 - 854x480 (DASH video)", "http_headers": {"User-Agent": "Mozilla/5.0 (Windows NT 10.0; Win64; x64) AppleWebKit/537.36 (KHTML, like Gecko) Chrome/71.0.3557.2 Safari/537.36", "Accept-Charset": "ISO-8859-1,utf-8;q=0.7,*;q=0.7", "Accept": "text/html,application/xhtml+xml,application/xml;q=0.9,*/*;q=0.8", "Accept-Encoding": "gzip, deflate", "Accept-Language": "en-us,en;q=0.5"}}, {"ext": "mp4", "height": 480, "format_note": "DASH video", "vcodec": "avc1.4d4014", "format_id": "135", "manifest_url": "https://manifest.googlevideo.com/api/manifest/dash/expire/1610368102/ei/BvD7X8KcGry1s8IP1Oam6Ag/ip/220.129.26.102/id/373263306260d701/source/youtube/requiressl/yes/playback_host/r5---sn-ipoxu-u2xd.googlevideo.com/mh/Is/mm/31%2C29/mn/sn-ipoxu-u2xd%2Csn-un57en7l/ms/au%2Crdu/mv/m/mvi/5/pl/21/hfr/all/as/fmp4_audio_clear%2Cwebm_audio_clear%2Cwebm2_audio_clear%2Cfmp4_sd_hd_clear%2Cwebm2_sd_hd_clear/initcwndbps/703750/vprv/1/mt/1610345794/fvip/5/keepalive/yes/itag/0/sparams/expire%2Cei%2Cip%2Cid%2Csource%2Crequiressl%2Chfr%2Cas%2Cvprv%2Citag/sig/AOq0QJ8wRAIgVm_YSFPv3QrefMZ76W1lsTlo8gXjKaVUXavWvQN4_1ICIGJnCBQAs1NJjatSi9sKmDgNgpKWqxqsLNPxQgLaHB9q/lsparams/playback_host%2Cmh%2Cmm%2Cmn%2Cms%2Cmv%2Cmvi%2Cpl%2Cinitcwndbps/lsig/AG3C_xAwRgIhAM4u32q6ow1YvAwJHiROHHqoiPFFjqsMcKZ6EGI5nuvxAiEAgl6XtzncuVan4KpJlqTTaP0I8yHklQ2YWtxaEoLaabI%3D", "width": 854, "tbr": 1155.0, "asr": null, "fps": 25, "language": null, "filesize": null, "container": "mp4_dash", "acodec": "none", "url": "https://manifest.googlevideo.com/api/manifest/dash/expire/1610368102/ei/BvD7X8KcGry1s8IP1Oam6Ag/ip/220.129.26.102/id/373263306260d701/source/youtube/requiressl/yes/playback_host/r5---sn-ipoxu-u2xd.googlevideo.com/mh/Is/mm/31%2C29/mn/sn-ipoxu-u2xd%2Csn-un57en7l/ms/au%2Crdu/mv/m/mvi/5/pl/21/hfr/all/as/fmp4_audio_clear%2Cwebm_audio_clear%2Cwebm2_audio_clear%2Cfmp4_sd_hd_clear%2Cwebm2_sd_hd_clear/initcwndbps/703750/vprv/1/mt/1610345794/fvip/5/keepalive/yes/itag/0/sparams/expire%2Cei%2Cip%2Cid%2Csource%2Crequiressl%2Chfr%2Cas%2Cvprv%2Citag/sig/AOq0QJ8wRAIgVm_YSFPv3QrefMZ76W1lsTlo8gXjKaVUXavWvQN4_1ICIGJnCBQAs1NJjatSi9sKmDgNgpKWqxqsLNPxQgLaHB9q/lsparams/playback_host%2Cmh%2Cmm%2Cmn%2Cms%2Cmv%2Cmvi%2Cpl%2Cinitcwndbps/lsig/AG3C_xAwRgIhAM4u32q6ow1YvAwJHiROHHqoiPFFjqsMcKZ6EGI5nuvxAiEAgl6XtzncuVan4KpJlqTTaP0I8yHklQ2YWtxaEoLaabI%3D", "fragment_base_url": "https://r5---sn-ipoxu-u2xd.googlevideo.com/videoplayback/expire/1610368102/ei/BvD7X8KcGry1s8IP1Oam6Ag/ip/220.129.26.102/id/373263306260d701/itag/135/source/yt_otf/requiressl/yes/mh/Is/mm/31,29/mn/sn-ipoxu-u2xd,sn-un57en7l/ms/au,rdu/mv/m/mvi/5/pl/21/initcwndbps/703750/vprv/1/ratebypass/yes/mime/video%2Fmp4/otfp/1/otf/1/lmt/1606231251280206/mt/1610345794/fvip/5/keepalive/yes/sparams/expire,ei,ip,id,itag,source,requiressl,vprv,ratebypass,mime,otfp,otf,lmt/sig/AOq0QJ8wRQIhAPcaZ4sbNSy57NdF6z84kIU7VDUGrjzIGOLLBvNbY-PWAiAYUcijptvwkB5EChGn2Ny02eijFERdv46P6QYoWMjDhQ%3D%3D/lsparams/mh,mm,mn,ms,mv,mvi,pl,initcwndbps/lsig/AG3C_xAwRQIgDPal1CrabW2VfYBQHYLOIV9rE80vjJ0TYLW-40jxI7sCIQD4tXtGTbvOPbI2lJLMpZDFLCy22dBnt_j2M4eRG0B6aw%3D%3D/", "fragments": [{"path": "sq/0"}, {"path": "sq/1/dur/5.120", "duration": 5.12}, {"path": "sq/2/dur/5.120", "duration": 5.12}, {"path": "sq/3/dur/5.120", "duration": 5.12}, {"path": "sq/4/dur/5.120", "duration": 5.12}, {"path": "sq/5/dur/5.120", "duration": 5.12}, {"path": "sq/6/dur/5.120", "duration": 5.12}, {"path": "sq/7/dur/5.120", "duration": 5.12}, {"path": "sq/8/dur/5.120", "duration": 5.12}, {"path": "sq/9/dur/5.120", "duration": 5.12}, {"path": "sq/10/dur/5.120", "duration": 5.12}, {"path": "sq/11/dur/5.120", "duration": 5.12}, {"path": "sq/12/dur/5.120", "duration": 5.12}, {"path": "sq/13/dur/5.120", "duration": 5.12}, {"path": "sq/14/dur/5.120", "duration": 5.12}, {"path": "sq/15/dur/5.120", "duration": 5.12}, {"path": "sq/16/dur/5.120", "duration": 5.12}, {"path": "sq/17/dur/5.120", "duration": 5.12}, {"path": "sq/18/dur/5.120", "duration": 5.12}, {"path": "sq/19/dur/5.120", "duration": 5.12}, {"path": "sq/20/dur/5.120", "duration": 5.12}, {"path": "sq/21/dur/5.120", "duration": 5.12}, {"path": "sq/22/dur/5.120", "duration": 5.12}, {"path": "sq/23/dur/5.120", "duration": 5.12}, {"path": "sq/24/dur/5.120", "duration": 5.12}, {"path": "sq/25/dur/5.120", "duration": 5.12}, {"path": "sq/26/dur/5.120", "duration": 5.12}, {"path": "sq/27/dur/5.120", "duration": 5.12}, {"path": "sq/28/dur/5.120", "duration": 5.12}, {"path": "sq/29/dur/4.640", "duration": 4.64}], "protocol": "http_dash_segments", "format": "135 - 854x480 (DASH video)", "http_headers": {"User-Agent": "Mozilla/5.0 (Windows NT 10.0; Win64; x64) AppleWebKit/537.36 (KHTML, like Gecko) Chrome/71.0.3557.2 Safari/537.36", "Accept-Charset": "ISO-8859-1,utf-8;q=0.7,*;q=0.7", "Accept": "text/html,application/xhtml+xml,application/xml;q=0.9,*/*;q=0.8", "Accept-Encoding": "gzip, deflate", "Accept-Language": "en-us,en;q=0.5"}}, {"ext": "webm", "height": 720, "format_note": "DASH video", "vcodec": "vp9", "format_id": "247", "manifest_url": "https://manifest.googlevideo.com/api/manifest/dash/expire/1610368102/ei/BvD7X8KcGry1s8IP1Oam6Ag/ip/220.129.26.102/id/373263306260d701/source/youtube/requiressl/yes/playback_host/r5---sn-ipoxu-u2xd.googlevideo.com/mh/Is/mm/31%2C29/mn/sn-ipoxu-u2xd%2Csn-un57en7l/ms/au%2Crdu/mv/m/mvi/5/pl/21/hfr/all/as/fmp4_audio_clear%2Cwebm_audio_clear%2Cwebm2_audio_clear%2Cfmp4_sd_hd_clear%2Cwebm2_sd_hd_clear/initcwndbps/703750/vprv/1/mt/1610345794/fvip/5/keepalive/yes/itag/0/sparams/expire%2Cei%2Cip%2Cid%2Csource%2Crequiressl%2Chfr%2Cas%2Cvprv%2Citag/sig/AOq0QJ8wRAIgVm_YSFPv3QrefMZ76W1lsTlo8gXjKaVUXavWvQN4_1ICIGJnCBQAs1NJjatSi9sKmDgNgpKWqxqsLNPxQgLaHB9q/lsparams/playback_host%2Cmh%2Cmm%2Cmn%2Cms%2Cmv%2Cmvi%2Cpl%2Cinitcwndbps/lsig/AG3C_xAwRgIhAM4u32q6ow1YvAwJHiROHHqoiPFFjqsMcKZ6EGI5nuvxAiEAgl6XtzncuVan4KpJlqTTaP0I8yHklQ2YWtxaEoLaabI%3D", "width": 1280, "tbr": 1505.28, "asr": null, "fps": 25, "language": null, "filesize": null, "container": "webm_dash", "acodec": "none", "url": "https://manifest.googlevideo.com/api/manifest/dash/expire/1610368102/ei/BvD7X8KcGry1s8IP1Oam6Ag/ip/220.129.26.102/id/373263306260d701/source/youtube/requiressl/yes/playback_host/r5---sn-ipoxu-u2xd.googlevideo.com/mh/Is/mm/31%2C29/mn/sn-ipoxu-u2xd%2Csn-un57en7l/ms/au%2Crdu/mv/m/mvi/5/pl/21/hfr/all/as/fmp4_audio_clear%2Cwebm_audio_clear%2Cwebm2_audio_clear%2Cfmp4_sd_hd_clear%2Cwebm2_sd_hd_clear/initcwndbps/703750/vprv/1/mt/1610345794/fvip/5/keepalive/yes/itag/0/sparams/expire%2Cei%2Cip%2Cid%2Csource%2Crequiressl%2Chfr%2Cas%2Cvprv%2Citag/sig/AOq0QJ8wRAIgVm_YSFPv3QrefMZ76W1lsTlo8gXjKaVUXavWvQN4_1ICIGJnCBQAs1NJjatSi9sKmDgNgpKWqxqsLNPxQgLaHB9q/lsparams/playback_host%2Cmh%2Cmm%2Cmn%2Cms%2Cmv%2Cmvi%2Cpl%2Cinitcwndbps/lsig/AG3C_xAwRgIhAM4u32q6ow1YvAwJHiROHHqoiPFFjqsMcKZ6EGI5nuvxAiEAgl6XtzncuVan4KpJlqTTaP0I8yHklQ2YWtxaEoLaabI%3D", "fragment_base_url": "https://r5---sn-ipoxu-u2xd.googlevideo.com/videoplayback/expire/1610368102/ei/BvD7X8KcGry1s8IP1Oam6Ag/ip/220.129.26.102/id/373263306260d701/itag/247/source/yt_otf/requiressl/yes/mh/Is/mm/31,29/mn/sn-ipoxu-u2xd,sn-un57en7l/ms/au,rdu/mv/m/mvi/5/pl/21/initcwndbps/703750/vprv/1/ratebypass/yes/mime/video%2Fwebm/otfp/1/otf/1/lmt/1606231251280206/mt/1610345794/fvip/5/keepalive/yes/sparams/expire,ei,ip,id,itag,source,requiressl,vprv,ratebypass,mime,otfp,otf,lmt/sig/AOq0QJ8wRAIgA5DD6-8CyUQTak_R2bHlk3oyxJsd8ICQ7u7-lMmdKVwCIH_VWpDysXGpp-U-HF9gmaFtpib02-udMm2Bn5Yn5fk8/lsparams/mh,mm,mn,ms,mv,mvi,pl,initcwndbps/lsig/AG3C_xAwRAIgTgNkmN826tDaZLX6O0jrZ-s6lE-GVZIvTYxkKVY-Q24CICMcrAb5cQJg5kPVVo_de1Ct2ohcX8BT4v3uRrczHXkd/", "fragments": [{"path": "sq/0"}, {"path": "sq/1/dur/5.120", "duration": 5.12}, {"path": "sq/2/dur/5.120", "duration": 5.12}, {"path": "sq/3/dur/5.120", "duration": 5.12}, {"path": "sq/4/dur/5.120", "duration": 5.12}, {"path": "sq/5/dur/5.120", "duration": 5.12}, {"path": "sq/6/dur/5.120", "duration": 5.12}, {"path": "sq/7/dur/5.120", "duration": 5.12}, {"path": "sq/8/dur/5.120", "duration": 5.12}, {"path": "sq/9/dur/5.120", "duration": 5.12}, {"path": "sq/10/dur/5.120", "duration": 5.12}, {"path": "sq/11/dur/5.120", "duration": 5.12}, {"path": "sq/12/dur/5.120", "duration": 5.12}, {"path": "sq/13/dur/5.120", "duration": 5.12}, {"path": "sq/14/dur/5.120", "duration": 5.12}, {"path": "sq/15/dur/5.120", "duration": 5.12}, {"path": "sq/16/dur/5.120", "duration": 5.12}, {"path": "sq/17/dur/5.120", "duration": 5.12}, {"path": "sq/18/dur/5.120", "duration": 5.12}, {"path": "sq/19/dur/5.120", "duration": 5.12}, {"path": "sq/20/dur/5.120", "duration": 5.12}, {"path": "sq/21/dur/5.120", "duration": 5.12}, {"path": "sq/22/dur/5.120", "duration": 5.12}, {"path": "sq/23/dur/5.120", "duration": 5.12}, {"path": "sq/24/dur/5.120", "duration": 5.12}, {"path": "sq/25/dur/5.120", "duration": 5.12}, {"path": "sq/26/dur/5.120", "duration": 5.12}, {"path": "sq/27/dur/5.120", "duration": 5.12}, {"path": "sq/28/dur/5.120", "duration": 5.12}, {"path": "sq/29/dur/4.640", "duration": 4.64}], "protocol": "http_dash_segments", "format": "247 - 1280x720 (DASH video)", "http_headers": {"User-Agent": "Mozilla/5.0 (Windows NT 10.0; Win64; x64) AppleWebKit/537.36 (KHTML, like Gecko) Chrome/71.0.3557.2 Safari/537.36", "Accept-Charset": "ISO-8859-1,utf-8;q=0.7,*;q=0.7", "Accept": "text/html,application/xhtml+xml,application/xml;q=0.9,*/*;q=0.8", "Accept-Encoding": "gzip, deflate", "Accept-Language": "en-us,en;q=0.5"}}, {"ext": "mp4", "height": 720, "format_note": "DASH video", "vcodec": "avc1.4d400a", "format_id": "136", "manifest_url": "https://manifest.googlevideo.com/api/manifest/dash/expire/1610368102/ei/BvD7X8KcGry1s8IP1Oam6Ag/ip/220.129.26.102/id/373263306260d701/source/youtube/requiressl/yes/playback_host/r5---sn-ipoxu-u2xd.googlevideo.com/mh/Is/mm/31%2C29/mn/sn-ipoxu-u2xd%2Csn-un57en7l/ms/au%2Crdu/mv/m/mvi/5/pl/21/hfr/all/as/fmp4_audio_clear%2Cwebm_audio_clear%2Cwebm2_audio_clear%2Cfmp4_sd_hd_clear%2Cwebm2_sd_hd_clear/initcwndbps/703750/vprv/1/mt/1610345794/fvip/5/keepalive/yes/itag/0/sparams/expire%2Cei%2Cip%2Cid%2Csource%2Crequiressl%2Chfr%2Cas%2Cvprv%2Citag/sig/AOq0QJ8wRAIgVm_YSFPv3QrefMZ76W1lsTlo8gXjKaVUXavWvQN4_1ICIGJnCBQAs1NJjatSi9sKmDgNgpKWqxqsLNPxQgLaHB9q/lsparams/playback_host%2Cmh%2Cmm%2Cmn%2Cms%2Cmv%2Cmvi%2Cpl%2Cinitcwndbps/lsig/AG3C_xAwRgIhAM4u32q6ow1YvAwJHiROHHqoiPFFjqsMcKZ6EGI5nuvxAiEAgl6XtzncuVan4KpJlqTTaP0I8yHklQ2YWtxaEoLaabI%3D", "width": 1280, "tbr": 2310.0, "asr": null, "fps": 25, "language": null, "filesize": null, "container": "mp4_dash", "acodec": "none", "url": "https://manifest.googlevideo.com/api/manifest/dash/expire/1610368102/ei/BvD7X8KcGry1s8IP1Oam6Ag/ip/220.129.26.102/id/373263306260d701/source/youtube/requiressl/yes/playback_host/r5---sn-ipoxu-u2xd.googlevideo.com/mh/Is/mm/31%2C29/mn/sn-ipoxu-u2xd%2Csn-un57en7l/ms/au%2Crdu/mv/m/mvi/5/pl/21/hfr/all/as/fmp4_audio_clear%2Cwebm_audio_clear%2Cwebm2_audio_clear%2Cfmp4_sd_hd_clear%2Cwebm2_sd_hd_clear/initcwndbps/703750/vprv/1/mt/1610345794/fvip/5/keepalive/yes/itag/0/sparams/expire%2Cei%2Cip%2Cid%2Csource%2Crequiressl%2Chfr%2Cas%2Cvprv%2Citag/sig/AOq0QJ8wRAIgVm_YSFPv3QrefMZ76W1lsTlo8gXjKaVUXavWvQN4_1ICIGJnCBQAs1NJjatSi9sKmDgNgpKWqxqsLNPxQgLaHB9q/lsparams/playback_host%2Cmh%2Cmm%2Cmn%2Cms%2Cmv%2Cmvi%2Cpl%2Cinitcwndbps/lsig/AG3C_xAwRgIhAM4u32q6ow1YvAwJHiROHHqoiPFFjqsMcKZ6EGI5nuvxAiEAgl6XtzncuVan4KpJlqTTaP0I8yHklQ2YWtxaEoLaabI%3D", "fragment_base_url": "https://r5---sn-ipoxu-u2xd.googlevideo.com/videoplayback/expire/1610368102/ei/BvD7X8KcGry1s8IP1Oam6Ag/ip/220.129.26.102/id/373263306260d701/itag/136/source/yt_otf/requiressl/yes/mh/Is/mm/31,29/mn/sn-ipoxu-u2xd,sn-un57en7l/ms/au,rdu/mv/m/mvi/5/pl/21/initcwndbps/703750/vprv/1/ratebypass/yes/mime/video%2Fmp4/otfp/1/otf/1/lmt/1606231251280206/mt/1610345794/fvip/5/keepalive/yes/sparams/expire,ei,ip,id,itag,source,requiressl,vprv,ratebypass,mime,otfp,otf,lmt/sig/AOq0QJ8wRQIgLt6uhUbLtpwEzdS0K02oGYIHlOOqJSmwSvWgGRlSGx0CIQCwuquEez5BrEaJVmtkYeHJp5UuOsLc3jXBz8VbUdPfhA%3D%3D/lsparams/mh,mm,mn,ms,mv,mvi,pl,initcwndbps/lsig/AG3C_xAwRQIhANmu71QLCRQuoVL0wNjAVZ6ei3iiOcezDM2U-WT5WvViAiBt8nPqtfwJO6Lh-Q8rhY9CiNjGSNfNXxff2lJJb6F_Cg%3D%3D/", "fragments": [{"path": "sq/0"}, {"path": "sq/1/dur/5.120", "duration": 5.12}, {"path": "sq/2/dur/5.120", "duration": 5.12}, {"path": "sq/3/dur/5.120", "duration": 5.12}, {"path": "sq/4/dur/5.120", "duration": 5.12}, {"path": "sq/5/dur/5.120", "duration": 5.12}, {"path": "sq/6/dur/5.120", "duration": 5.12}, {"path": "sq/7/dur/5.120", "duration": 5.12}, {"path": "sq/8/dur/5.120", "duration": 5.12}, {"path": "sq/9/dur/5.120", "duration": 5.12}, {"path": "sq/10/dur/5.120", "duration": 5.12}, {"path": "sq/11/dur/5.120", "duration": 5.12}, {"path": "sq/12/dur/5.120", "duration": 5.12}, {"path": "sq/13/dur/5.120", "duration": 5.12}, {"path": "sq/14/dur/5.120", "duration": 5.12}, {"path": "sq/15/dur/5.120", "duration": 5.12}, {"path": "sq/16/dur/5.120", "duration": 5.12}, {"path": "sq/17/dur/5.120", "duration": 5.12}, {"path": "sq/18/dur/5.120", "duration": 5.12}, {"path": "sq/19/dur/5.120", "duration": 5.12}, {"path": "sq/20/dur/5.120", "duration": 5.12}, {"path": "sq/21/dur/5.120", "duration": 5.12}, {"path": "sq/22/dur/5.120", "duration": 5.12}, {"path": "sq/23/dur/5.120", "duration": 5.12}, {"path": "sq/24/dur/5.120", "duration": 5.12}, {"path": "sq/25/dur/5.120", "duration": 5.12}, {"path": "sq/26/dur/5.120", "duration": 5.12}, {"path": "sq/27/dur/5.120", "duration": 5.12}, {"path": "sq/28/dur/5.120", "duration": 5.12}, {"path": "sq/29/dur/4.640", "duration": 4.64}], "protocol": "http_dash_segments", "format": "136 - 1280x720 (DASH video)", "http_headers": {"User-Agent": "Mozilla/5.0 (Windows NT 10.0; Win64; x64) AppleWebKit/537.36 (KHTML, like Gecko) Chrome/71.0.3557.2 Safari/537.36", "Accept-Charset": "ISO-8859-1,utf-8;q=0.7,*;q=0.7", "Accept": "text/html,application/xhtml+xml,application/xml;q=0.9,*/*;q=0.8", "Accept-Encoding": "gzip, deflate", "Accept-Language": "en-us,en;q=0.5"}}, {"ext": "webm", "height": 1080, "format_note": "DASH video", "vcodec": "vp9", "format_id": "248", "manifest_url": "https://manifest.googlevideo.com/api/manifest/dash/expire/1610368102/ei/BvD7X8KcGry1s8IP1Oam6Ag/ip/220.129.26.102/id/373263306260d701/source/youtube/requiressl/yes/playback_host/r5---sn-ipoxu-u2xd.googlevideo.com/mh/Is/mm/31%2C29/mn/sn-ipoxu-u2xd%2Csn-un57en7l/ms/au%2Crdu/mv/m/mvi/5/pl/21/hfr/all/as/fmp4_audio_clear%2Cwebm_audio_clear%2Cwebm2_audio_clear%2Cfmp4_sd_hd_clear%2Cwebm2_sd_hd_clear/initcwndbps/703750/vprv/1/mt/1610345794/fvip/5/keepalive/yes/itag/0/sparams/expire%2Cei%2Cip%2Cid%2Csource%2Crequiressl%2Chfr%2Cas%2Cvprv%2Citag/sig/AOq0QJ8wRAIgVm_YSFPv3QrefMZ76W1lsTlo8gXjKaVUXavWvQN4_1ICIGJnCBQAs1NJjatSi9sKmDgNgpKWqxqsLNPxQgLaHB9q/lsparams/playback_host%2Cmh%2Cmm%2Cmn%2Cms%2Cmv%2Cmvi%2Cpl%2Cinitcwndbps/lsig/AG3C_xAwRgIhAM4u32q6ow1YvAwJHiROHHqoiPFFjqsMcKZ6EGI5nuvxAiEAgl6XtzncuVan4KpJlqTTaP0I8yHklQ2YWtxaEoLaabI%3D", "width": 1920, "tbr": 2646.0, "asr": null, "fps": 25, "language": null, "filesize": null, "container": "webm_dash", "acodec": "none", "url": "https://manifest.googlevideo.com/api/manifest/dash/expire/1610368102/ei/BvD7X8KcGry1s8IP1Oam6Ag/ip/220.129.26.102/id/373263306260d701/source/youtube/requiressl/yes/playback_host/r5---sn-ipoxu-u2xd.googlevideo.com/mh/Is/mm/31%2C29/mn/sn-ipoxu-u2xd%2Csn-un57en7l/ms/au%2Crdu/mv/m/mvi/5/pl/21/hfr/all/as/fmp4_audio_clear%2Cwebm_audio_clear%2Cwebm2_audio_clear%2Cfmp4_sd_hd_clear%2Cwebm2_sd_hd_clear/initcwndbps/703750/vprv/1/mt/1610345794/fvip/5/keepalive/yes/itag/0/sparams/expire%2Cei%2Cip%2Cid%2Csource%2Crequiressl%2Chfr%2Cas%2Cvprv%2Citag/sig/AOq0QJ8wRAIgVm_YSFPv3QrefMZ76W1lsTlo8gXjKaVUXavWvQN4_1ICIGJnCBQAs1NJjatSi9sKmDgNgpKWqxqsLNPxQgLaHB9q/lsparams/playback_host%2Cmh%2Cmm%2Cmn%2Cms%2Cmv%2Cmvi%2Cpl%2Cinitcwndbps/lsig/AG3C_xAwRgIhAM4u32q6ow1YvAwJHiROHHqoiPFFjqsMcKZ6EGI5nuvxAiEAgl6XtzncuVan4KpJlqTTaP0I8yHklQ2YWtxaEoLaabI%3D", "fragment_base_url": "https://r5---sn-ipoxu-u2xd.googlevideo.com/videoplayback/expire/1610368102/ei/BvD7X8KcGry1s8IP1Oam6Ag/ip/220.129.26.102/id/373263306260d701/itag/248/source/yt_otf/requiressl/yes/mh/Is/mm/31,29/mn/sn-ipoxu-u2xd,sn-un57en7l/ms/au,rdu/mv/m/mvi/5/pl/21/initcwndbps/703750/vprv/1/ratebypass/yes/mime/video%2Fwebm/otfp/1/otf/1/lmt/1606231251280206/mt/1610345794/fvip/5/keepalive/yes/sparams/expire,ei,ip,id,itag,source,requiressl,vprv,ratebypass,mime,otfp,otf,lmt/sig/AOq0QJ8wRQIgEPQNbfpmTaQMGGHLpm-nF0vwa8mxfVkxn87vyNUqYI4CIQD6qrTerJutCaxGjJBS3oK4pHv4eF6Y_kI7UTgGD7Mv8Q%3D%3D/lsparams/mh,mm,mn,ms,mv,mvi,pl,initcwndbps/lsig/AG3C_xAwRgIhAK1dTIikPPs5puwjemHCPn_OtQCe4VLDOrPzlMmrAouMAiEAxsX7RSqt-0B8Gv596oR2VlPOhtiXAgiRjEOPXl1tyow%3D/", "fragments": [{"path": "sq/0"}, {"path": "sq/1/dur/5.120", "duration": 5.12}, {"path": "sq/2/dur/5.120", "duration": 5.12}, {"path": "sq/3/dur/5.120", "duration": 5.12}, {"path": "sq/4/dur/5.120", "duration": 5.12}, {"path": "sq/5/dur/5.120", "duration": 5.12}, {"path": "sq/6/dur/5.120", "duration": 5.12}, {"path": "sq/7/dur/5.120", "duration": 5.12}, {"path": "sq/8/dur/5.120", "duration": 5.12}, {"path": "sq/9/dur/5.120", "duration": 5.12}, {"path": "sq/10/dur/5.120", "duration": 5.12}, {"path": "sq/11/dur/5.120", "duration": 5.12}, {"path": "sq/12/dur/5.120", "duration": 5.12}, {"path": "sq/13/dur/5.120", "duration": 5.12}, {"path": "sq/14/dur/5.120", "duration": 5.12}, {"path": "sq/15/dur/5.120", "duration": 5.12}, {"path": "sq/16/dur/5.120", "duration": 5.12}, {"path": "sq/17/dur/5.120", "duration": 5.12}, {"path": "sq/18/dur/5.120", "duration": 5.12}, {"path": "sq/19/dur/5.120", "duration": 5.12}, {"path": "sq/20/dur/5.120", "duration": 5.12}, {"path": "sq/21/dur/5.120", "duration": 5.12}, {"path": "sq/22/dur/5.120", "duration": 5.12}, {"path": "sq/23/dur/5.120", "duration": 5.12}, {"path": "sq/24/dur/5.120", "duration": 5.12}, {"path": "sq/25/dur/5.120", "duration": 5.12}, {"path": "sq/26/dur/5.120", "duration": 5.12}, {"path": "sq/27/dur/5.120", "duration": 5.12}, {"path": "sq/28/dur/5.120", "duration": 5.12}, {"path": "sq/29/dur/4.640", "duration": 4.64}], "protocol": "http_dash_segments", "format": "248 - 1920x1080 (DASH video)", "http_headers": {"User-Agent": "Mozilla/5.0 (Windows NT 10.0; Win64; x64) AppleWebKit/537.36 (KHTML, like Gecko) Chrome/71.0.3557.2 Safari/537.36", "Accept-Charset": "ISO-8859-1,utf-8;q=0.7,*;q=0.7", "Accept": "text/html,application/xhtml+xml,application/xml;q=0.9,*/*;q=0.8", "Accept-Encoding": "gzip, deflate", "Accept-Language": "en-us,en;q=0.5"}}, {"format_id": "18", "url": "https://r5---sn-ipoxu-u2xd.googlevideo.com/videoplayback?expire=1610368102&ei=BvD7X8KcGry1s8IP1Oam6Ag&ip=220.129.26.102&id=o-AA04Bf1e5BWn__X-N_wUVAIeUiiUHL16rto_cHDbIM3j&itag=18&source=youtube&requiressl=yes&mh=Is&mm=31%2C29&mn=sn-ipoxu-u2xd%2Csn-un57en7l&ms=au%2Crdu&mv=m&mvi=5&pl=21&initcwndbps=703750&vprv=1&mime=video%2Fmp4&ns=pKVs8khZ792t9JuQg4iRMmsF&gir=yes&clen=2311900&ratebypass=yes&dur=148.050&lmt=1606231239783390&mt=1610345794&fvip=5&c=WEB&txp=6210222&n=agCyKyhu1tFYZM&sparams=expire%2Cei%2Cip%2Cid%2Citag%2Csource%2Crequiressl%2Cvprv%2Cmime%2Cns%2Cgir%2Cclen%2Cratebypass%2Cdur%2Clmt&sig=AOq0QJ8wRQIhAI58emcTr9yVxJLMGWYPVY9Of5LP1-7FA0IUy7c8FNJwAiBmUzM8hGshWhdZU2vas10_ksZJwEVpNbMh1t_qtqy6Kg%3D%3D&lsparams=mh%2Cmm%2Cmn%2Cms%2Cmv%2Cmvi%2Cpl%2Cinitcwndbps&lsig=AG3C_xAwRQIhANhjyylvxKa6kylkQhk7tg3-g_8CDo2k9h8GxurOol4sAiAVT1JRWSmE0el_cqJjXA_8uYbk90Z9A_NQqncX6vWpBQ%3D%3D", "player_url": null, "ext": "mp4", "width": 640, "height": 360, "acodec": "mp4a.40.2", "abr": 96, "vcodec": "avc1.42001E", "asr": 44100, "filesize": 2311900, "format_note": "360p", "fps": 25, "tbr": 124.967, "format": "18 - 640x360 (360p)", "protocol": "https", "http_headers": {"User-Agent": "Mozilla/5.0 (Windows NT 10.0; Win64; x64) AppleWebKit/537.36 (KHTML, like Gecko) Chrome/71.0.3557.2 Safari/537.36", "Accept-Charset": "ISO-8859-1,utf-8;q=0.7,*;q=0.7", "Accept": "text/html,application/xhtml+xml,application/xml;q=0.9,*/*;q=0.8", "Accept-Encoding": "gzip, deflate", "Accept-Language": "en-us,en;q=0.5"}}, {"format_id": "22", "url": "https://r5---sn-ipoxu-u2xd.googlevideo.com/videoplayback?expire=1610368102&ei=BvD7X8KcGry1s8IP1Oam6Ag&ip=220.129.26.102&id=o-AA04Bf1e5BWn__X-N_wUVAIeUiiUHL16rto_cHDbIM3j&itag=22&source=youtube&requiressl=yes&mh=Is&mm=31%2C29&mn=sn-ipoxu-u2xd%2Csn-un57en7l&ms=au%2Crdu&mv=m&mvi=5&pl=21&initcwndbps=703750&vprv=1&mime=video%2Fmp4&ns=pKVs8khZ792t9JuQg4iRMmsF&ratebypass=yes&dur=148.050&lmt=1606231269854546&mt=1610345794&fvip=5&c=WEB&txp=6216222&n=agCyKyhu1tFYZM&sparams=expire%2Cei%2Cip%2Cid%2Citag%2Csource%2Crequiressl%2Cvprv%2Cmime%2Cns%2Cratebypass%2Cdur%2Clmt&sig=AOq0QJ8wRQIgDxsg1nmOPdnG1WBPtbjEz1pG4Rs6-mH7UPNkqbELGvICIQC7OApPfqxY3L_B313be6BvHglzHt8_utVHYB1a1Fc50A%3D%3D&lsparams=mh%2Cmm%2Cmn%2Cms%2Cmv%2Cmvi%2Cpl%2Cinitcwndbps&lsig=AG3C_xAwRQIhANhjyylvxKa6kylkQhk7tg3-g_8CDo2k9h8GxurOol4sAiAVT1JRWSmE0el_cqJjXA_8uYbk90Z9A_NQqncX6vWpBQ%3D%3D", "player_url": null, "ext": "mp4", "width": 1280, "height": 720, "acodec": "mp4a.40.2", "abr": 192, "vcodec": "avc1.64001F", "asr": 44100, "filesize": null, "format_note": "720p", "fps": 25, "tbr": 223.556, "format": "22 - 1280x720 (720p)", "protocol": "https", "http_headers": {"User-Agent": "Mozilla/5.0 (Windows NT 10.0; Win64; x64) AppleWebKit/537.36 (KHTML, like Gecko) Chrome/71.0.3557.2 Safari/537.36", "Accept-Charset": "ISO-8859-1,utf-8;q=0.7,*;q=0.7", "Accept": "text/html,application/xhtml+xml,application/xml;q=0.9,*/*;q=0.8", "Accept-Encoding": "gzip, deflate", "Accept-Language": "en-us,en;q=0.5"}}], "is_live": null, "start_time": null, "end_time": null, "series": null, "season_number": null, "episode_number": null, "track": null, "artist": null, "album": null, "release_date": null, "release_year": null, "extractor": "youtube", "webpage_url_basename": "watch", "extractor_key": "Youtube", "playlist": null, "playlist_index": null, "thumbnail": "https://i.ytimg.com/vi_webp/NzJjMGJg1wE/maxresdefault.webp", "display_id": "NzJjMGJg1wE", "requested_subtitles": null, "ext": "webm", "format_note": "DASH audio", "acodec": "opus", "abr": 160, "format_id": "251", "manifest_url": "https://manifest.googlevideo.com/api/manifest/dash/expire/1610368102/ei/BvD7X8KcGry1s8IP1Oam6Ag/ip/220.129.26.102/id/373263306260d701/source/youtube/requiressl/yes/playback_host/r5---sn-ipoxu-u2xd.googlevideo.com/mh/Is/mm/31%2C29/mn/sn-ipoxu-u2xd%2Csn-un57en7l/ms/au%2Crdu/mv/m/mvi/5/pl/21/hfr/all/as/fmp4_audio_clear%2Cwebm_audio_clear%2Cwebm2_audio_clear%2Cfmp4_sd_hd_clear%2Cwebm2_sd_hd_clear/initcwndbps/703750/vprv/1/mt/1610345794/fvip/5/keepalive/yes/itag/0/sparams/expire%2Cei%2Cip%2Cid%2Csource%2Crequiressl%2Chfr%2Cas%2Cvprv%2Citag/sig/AOq0QJ8wRAIgVm_YSFPv3QrefMZ76W1lsTlo8gXjKaVUXavWvQN4_1ICIGJnCBQAs1NJjatSi9sKmDgNgpKWqxqsLNPxQgLaHB9q/lsparams/playback_host%2Cmh%2Cmm%2Cmn%2Cms%2Cmv%2Cmvi%2Cpl%2Cinitcwndbps/lsig/AG3C_xAwRgIhAM4u32q6ow1YvAwJHiROHHqoiPFFjqsMcKZ6EGI5nuvxAiEAgl6XtzncuVan4KpJlqTTaP0I8yHklQ2YWtxaEoLaabI%3D", "width": null, "height": null, "tbr": 150.871, "asr": 48000, "fps": null, "language": null, "filesize": null, "container": "webm_dash", "vcodec": "none", "url": "https://manifest.googlevideo.com/api/manifest/dash/expire/1610368102/ei/BvD7X8KcGry1s8IP1Oam6Ag/ip/220.129.26.102/id/373263306260d701/source/youtube/requiressl/yes/playback_host/r5---sn-ipoxu-u2xd.googlevideo.com/mh/Is/mm/31%2C29/mn/sn-ipoxu-u2xd%2Csn-un57en7l/ms/au%2Crdu/mv/m/mvi/5/pl/21/hfr/all/as/fmp4_audio_clear%2Cwebm_audio_clear%2Cwebm2_audio_clear%2Cfmp4_sd_hd_clear%2Cwebm2_sd_hd_clear/initcwndbps/703750/vprv/1/mt/1610345794/fvip/5/keepalive/yes/itag/0/sparams/expire%2Cei%2Cip%2Cid%2Csource%2Crequiressl%2Chfr%2Cas%2Cvprv%2Citag/sig/AOq0QJ8wRAIgVm_YSFPv3QrefMZ76W1lsTlo8gXjKaVUXavWvQN4_1ICIGJnCBQAs1NJjatSi9sKmDgNgpKWqxqsLNPxQgLaHB9q/lsparams/playback_host%2Cmh%2Cmm%2Cmn%2Cms%2Cmv%2Cmvi%2Cpl%2Cinitcwndbps/lsig/AG3C_xAwRgIhAM4u32q6ow1YvAwJHiROHHqoiPFFjqsMcKZ6EGI5nuvxAiEAgl6XtzncuVan4KpJlqTTaP0I8yHklQ2YWtxaEoLaabI%3D", "fragment_base_url": "https://r5---sn-ipoxu-u2xd.googlevideo.com/videoplayback/expire/1610368102/ei/BvD7X8KcGry1s8IP1Oam6Ag/ip/220.129.26.102/id/373263306260d701/itag/251/source/youtube/requiressl/yes/mh/Is/mm/31,29/mn/sn-ipoxu-u2xd,sn-un57en7l/ms/au,rdu/mv/m/mvi/5/pl/21/initcwndbps/703750/vprv/1/ratebypass/yes/mime/audio%2Fwebm/otfp/1/gir/yes/clen/2726106/lmt/1606231248364007/dur/148.021/mt/1610345794/fvip/5/keepalive/yes/sparams/expire,ei,ip,id,itag,source,requiressl,vprv,ratebypass,mime,otfp,gir,clen,lmt,dur/sig/AOq0QJ8wRAIgXknrgQzwbqi6x7Ibpa_sOyG9X_vL98H5PGcTiiYsH-YCIC0m3140R2NXGKtiiFmz74uliWpgCw6b1KydwUudvyQj/lsparams/mh,mm,mn,ms,mv,mvi,pl,initcwndbps/lsig/AG3C_xAwRQIgLKH3L4lQcfm2aph1BkwhnrWwneuTRs9mk-F9od5yvsMCIQD0FQRu4-JZmf1lHDgT8o6qB4auyoigXgwDC0m0w5CKvg%3D%3D/", "fragments": [{"path": "range/0-265"}, {"path": "range/518-185976", "duration": 10.001}, {"path": "range/185977-370984", "duration": 10.0}, {"path": "range/370985-557304", "duration": 10.0}, {"path": "range/557305-740785", "duration": 10.0}, {"path": "range/740786-929374", "duration": 10.0}, {"path": "range/929375-1115934", "duration": 10.0}, {"path": "range/1115935-1301836", "duration": 10.0}, {"path": "range/1301837-1487989", "duration": 10.0}, {"path": "range/1487990-1670984", "duration": 10.0}, {"path": "range/1670985-1859254", "duration": 10.0}, {"path": "range/1859255-2044517", "duration": 10.0}, {"path": "range/2044518-2229681", "duration": 10.0}, {"path": "range/2229682-2415980", "duration": 10.0}, {"path": "range/2415981-2598127", "duration": 10.0}, {"path": "range/2598128-2726105", "duration": 8.02}], "protocol": "http_dash_segments", "format": "251 - audio only (DASH audio)", "http_headers": {"User-Agent": "Mozilla/5.0 (Windows NT 10.0; Win64; x64) AppleWebKit/537.36 (KHTML, like Gecko) Chrome/71.0.3557.2 Safari/537.36", "Accept-Charset": "ISO-8859-1,utf-8;q=0.7,*;q=0.7", "Accept": "text/html,application/xhtml+xml,application/xml;q=0.9,*/*;q=0.8", "Accept-Encoding": "gzip, deflate", "Accept-Language": "en-us,en;q=0.5"}}