{"id": "O3noqurdpyI", "uploader": "Kainbeats & Matthew-Keane Q Wang - Topic", "uploader_id": "UC4-csoB2Aq360F6TJ4Dl6XA", "uploader_url": "http://www.youtube.com/channel/UC4-csoB2Aq360F6TJ4Dl6XA", "channel_id": "UC4-csoB2Aq360F6TJ4Dl6XA", "channel_url": "http://www.youtube.com/channel/UC4-csoB2Aq360F6TJ4Dl6XA", "upload_date": "20200918", "license": null, "creator": "Kainbeats & Matthew-Keane Q Wang", "title": "Hidden Sanctuary", "alt_title": "Hidden Sanctuary", "thumbnails": [{"url": "https://i.ytimg.com/vi/O3noqurdpyI/hqdefault.jpg?sqp=-oaymwEYCKgBEF5IVfKriqkDCwgBFQAAiEIYAXAB&rs=AOn4CLCxDXqlDLJNVS42gCpgq3nOTKLWcg", "width": 168, "height": 94, "resolution": "168x94", "id": "0"}, {"url": "https://i.ytimg.com/vi/O3noqurdpyI/hqdefault.jpg?sqp=-oaymwEYCMQBEG5IVfKriqkDCwgBFQAAiEIYAXAB&rs=AOn4CLAVweKJ8OaQpM1KGOMpkvyfBEirLg", "width": 196, "height": 110, "resolution": "196x110", "id": "1"}, {"url": "https://i.ytimg.com/vi/O3noqurdpyI/hqdefault.jpg?sqp=-oaymwEZCPYBEIoBSFXyq4qpAwsIARUAAIhCGAFwAQ==&rs=AOn4CLAO4SNlVZKvbMBN2QW7cLbzjJEcnQ", "width": 246, "height": 138, "resolution": "246x138", "id": "2"}, {"url": "https://i.ytimg.com/vi/O3noqurdpyI/hqdefault.jpg?sqp=-oaymwEZCNACELwBSFXyq4qpAwsIARUAAIhCGAFwAQ==&rs=AOn4CLABvBgnJ_QhBhpQJqhbn7rLidHqjg", "width": 336, "height": 188, "resolution": "336x188", "id": "3"}, {"url": "https://i.ytimg.com/vi_webp/O3noqurdpyI/maxresdefault.webp", "width": 1920, "height": 1080, "resolution": "1920x1080", "id": "4"}], "description": "Provided to YouTube by TuneCore\n\nHidden Sanctuary \u00b7 Kainbeats & Matthew-Keane Q Wang\n\nReflections\n\n\u2117 2020 Dream Relaxation\n\nReleased on: 2020-04-19\n\nAuto-generated by YouTube.", "categories": ["Music"], "tags": ["Kainbeats & Matthew-Keane Q Wang", "Reflections", "Hidden Sanctuary"], "subtitles": {}, "automatic_captions": {}, "duration": 263, "age_limit": 0, "annotations": null, "chapters": null, "webpage_url": "https://www.youtube.com/watch?v=O3noqurdpyI", "view_count": 148, "like_count": 6, "dislike_count": null, "average_rating": 5.0, "formats": [{"format_id": "249", "url": "https://r5---sn-5njj-u2xe.googlevideo.com/videoplayback?expire=1608123793&ei=MbHZX8inHo2Gs8IPtNyPkAQ&ip=140.109.135.166&id=o-AIB7Hze4aQ-b9URYsLSZv-vwW2tnnzZzELvMmRHV26kc&itag=249&source=youtube&requiressl=yes&mh=8u&mm=31%2C29&mn=sn-5njj-u2xe%2Csn-un57en7e&ms=au%2Crdu&mv=m&mvi=5&pcm2cms=yes&pl=16&gcr=tw&initcwndbps=385000&vprv=1&mime=audio%2Fwebm&ns=-4p49m5UYU8jUEorEJ0Zk14F&gir=yes&clen=1852048&dur=262.561&lmt=1600495313694928&mt=1608101795&fvip=5&keepalive=yes&c=WEB&txp=2311224&n=kxJVGni7IcyYldQAP&sparams=expire%2Cei%2Cip%2Cid%2Citag%2Csource%2Crequiressl%2Cgcr%2Cvprv%2Cmime%2Cns%2Cgir%2Cclen%2Cdur%2Clmt&lsparams=mh%2Cmm%2Cmn%2Cms%2Cmv%2Cmvi%2Cpcm2cms%2Cpl%2Cinitcwndbps&lsig=AG3C_xAwRQIhALBefihn_K4cxG4Ds5PXXFWXAarq9dfaj6wzuzPfG7GpAiAzy9KLQLoW9xc01N2fTseNxWgXH4WO51dDQD6PZ0mGHA%3D%3D&sig=AOq0QJ8wRgIhAJsYA5ufmxLTr7TSKJdp06ZP_7Z77wmrblvLsTyEBwZFAiEAqeiOeTgd9qrBRaklHhtmbcrH9a0ev3LpS3-UELmJKR4=&ratebypass=yes", "player_url": "/s/player/62f90c99/player_ias.vflset/en_US/base.js", "ext": "webm", "format_note": "tiny", "acodec": "opus", "abr": 50, "asr": 48000, "filesize": 1852048, "fps": null, "height": null, "tbr": 61.128, "width": null, "vcodec": "none", "downloader_options": {"http_chunk_size": 10485760}, "format": "249 - audio only (tiny)", "protocol": "https", "http_headers": {"User-Agent": "Mozilla/5.0 (Windows NT 10.0; Win64; x64) AppleWebKit/537.36 (KHTML, like Gecko) Chrome/70.0.3538.112 Safari/537.36", "Accept-Charset": "ISO-8859-1,utf-8;q=0.7,*;q=0.7", "Accept": "text/html,application/xhtml+xml,application/xml;q=0.9,*/*;q=0.8", "Accept-Encoding": "gzip, deflate", "Accept-Language": "en-us,en;q=0.5"}}, {"format_id": "250", "url": "https://r5---sn-5njj-u2xe.googlevideo.com/videoplayback?expire=1608123793&ei=MbHZX8inHo2Gs8IPtNyPkAQ&ip=140.109.135.166&id=o-AIB7Hze4aQ-b9URYsLSZv-vwW2tnnzZzELvMmRHV26kc&itag=250&source=youtube&requiressl=yes&mh=8u&mm=31%2C29&mn=sn-5njj-u2xe%2Csn-un57en7e&ms=au%2Crdu&mv=m&mvi=5&pcm2cms=yes&pl=16&gcr=tw&initcwndbps=385000&vprv=1&mime=audio%2Fwebm&ns=-4p49m5UYU8jUEorEJ0Zk14F&gir=yes&clen=2444590&dur=262.561&lmt=1600495313690929&mt=1608101795&fvip=5&keepalive=yes&c=WEB&txp=2311224&n=kxJVGni7IcyYldQAP&sparams=expire%2Cei%2Cip%2Cid%2Citag%2Csource%2Crequiressl%2Cgcr%2Cvprv%2Cmime%2Cns%2Cgir%2Cclen%2Cdur%2Clmt&lsparams=mh%2Cmm%2Cmn%2Cms%2Cmv%2Cmvi%2Cpcm2cms%2Cpl%2Cinitcwndbps&lsig=AG3C_xAwRAIgGf1BXZ2Y5bXt8VuXZIRax6XGIEsHL0I9XkmfO2nXnQwCIAWEYFr19oldsP49zAbANA-Ppnz1aWojNSub_lmUulMZ&sig=AOq0QJ8wRgIhAOoDrkiAhrsyG-EX06W1D8MlwV0D55-inNCc4fuPlKslAiEAvwD2K5wC3JMiOH3wdFYy2EvHMtshQYOsdsOkeLO-9rQ=&ratebypass=yes", "player_url": "/s/player/62f90c99/player_ias.vflset/en_US/base.js", "ext": "webm", "format_note": "tiny", "acodec": "opus", "abr": 70, "asr": 48000, "filesize": 2444590, "fps": null, "height": null, "tbr": 79.848, "width": null, "vcodec": "none", "downloader_options": {"http_chunk_size": 10485760}, "format": "250 - audio only (tiny)", "protocol": "https", "http_headers": {"User-Agent": "Mozilla/5.0 (Windows NT 10.0; Win64; x64) AppleWebKit/537.36 (KHTML, like Gecko) Chrome/70.0.3538.112 Safari/537.36", "Accept-Charset": "ISO-8859-1,utf-8;q=0.7,*;q=0.7", "Accept": "text/html,application/xhtml+xml,application/xml;q=0.9,*/*;q=0.8", "Accept-Encoding": "gzip, deflate", "Accept-Language": "en-us,en;q=0.5"}}, {"format_id": "140", "url": "https://r5---sn-5njj-u2xe.googlevideo.com/videoplayback?expire=1608123793&ei=MbHZX8inHo2Gs8IPtNyPkAQ&ip=140.109.135.166&id=o-AIB7Hze4aQ-b9URYsLSZv-vwW2tnnzZzELvMmRHV26kc&itag=140&source=youtube&requiressl=yes&mh=8u&mm=31%2C29&mn=sn-5njj-u2xe%2Csn-un57en7e&ms=au%2Crdu&mv=m&mvi=5&pcm2cms=yes&pl=16&gcr=tw&initcwndbps=385000&vprv=1&mime=audio%2Fmp4&ns=-4p49m5UYU8jUEorEJ0Zk14F&gir=yes&clen=4251375&dur=262.545&lmt=1600493133604304&mt=1608101795&fvip=5&keepalive=yes&c=WEB&txp=2311222&n=kxJVGni7IcyYldQAP&sparams=expire%2Cei%2Cip%2Cid%2Citag%2Csource%2Crequiressl%2Cgcr%2Cvprv%2Cmime%2Cns%2Cgir%2Cclen%2Cdur%2Clmt&lsparams=mh%2Cmm%2Cmn%2Cms%2Cmv%2Cmvi%2Cpcm2cms%2Cpl%2Cinitcwndbps&lsig=AG3C_xAwRgIhANWh1qTqK6q4qOPJUrejFusTWmYi3KdXZZyfHFCO9W7sAiEA8qXt6Ymj7IagLobuzQzlS2v3ctcvD9sS2jOel9p5Q0M%3D&sig=AOq0QJ8wRAIgJ0rGk5AdPfeDHafinJaavB9BjGC33j5-U0yptkueG6gCIGQvLVwWtZ_nmHmV1td-BXzwAPuhUgGAZChn2G3VV2-G&ratebypass=yes", "player_url": "/s/player/62f90c99/player_ias.vflset/en_US/base.js", "ext": "m4a", "format_note": "tiny", "acodec": "mp4a.40.2", "abr": 128, "container": "m4a_dash", "asr": 44100, "filesize": 4251375, "fps": null, "height": null, "tbr": 131.368, "width": null, "vcodec": "none", "downloader_options": {"http_chunk_size": 10485760}, "format": "140 - audio only (tiny)", "protocol": "https", "http_headers": {"User-Agent": "Mozilla/5.0 (Windows NT 10.0; Win64; x64) AppleWebKit/537.36 (KHTML, like Gecko) Chrome/70.0.3538.112 Safari/537.36", "Accept-Charset": "ISO-8859-1,utf-8;q=0.7,*;q=0.7", "Accept": "text/html,application/xhtml+xml,application/xml;q=0.9,*/*;q=0.8", "Accept-Encoding": "gzip, deflate", "Accept-Language": "en-us,en;q=0.5"}}, {"format_id": "251", "url": "https://r5---sn-5njj-u2xe.googlevideo.com/videoplayback?expire=1608123793&ei=MbHZX8inHo2Gs8IPtNyPkAQ&ip=140.109.135.166&id=o-AIB7Hze4aQ-b9URYsLSZv-vwW2tnnzZzELvMmRHV26kc&itag=251&source=youtube&requiressl=yes&mh=8u&mm=31%2C29&mn=sn-5njj-u2xe%2Csn-un57en7e&ms=au%2Crdu&mv=m&mvi=5&pcm2cms=yes&pl=16&gcr=tw&initcwndbps=385000&vprv=1&mime=audio%2Fwebm&ns=-4p49m5UYU8jUEorEJ0Zk14F&gir=yes&clen=4759617&dur=262.561&lmt=1600495314667244&mt=1608101795&fvip=5&keepalive=yes&c=WEB&txp=2311224&n=kxJVGni7IcyYldQAP&sparams=expire%2Cei%2Cip%2Cid%2Citag%2Csource%2Crequiressl%2Cgcr%2Cvprv%2Cmime%2Cns%2Cgir%2Cclen%2Cdur%2Clmt&lsparams=mh%2Cmm%2Cmn%2Cms%2Cmv%2Cmvi%2Cpcm2cms%2Cpl%2Cinitcwndbps&lsig=AG3C_xAwRQIhAKoeQUD0FWD0MP_-trvvXYvSA8oyIIXrg3hCWdKeXmCcAiABc4TBuwOeGpzJx5x0J8VhVuy5uuL_F4yvzgeVa1kNWQ%3D%3D&sig=AOq0QJ8wRAIgcafBIcGO_3y_IL5SGe-8wcMr4X7DmL2UNmfeWUjGanUCIAl0PvxcvgMl4cXCTgXIZYS0NR1wyqT5bAayxiElVUIy&ratebypass=yes", "player_url": "/s/player/62f90c99/player_ias.vflset/en_US/base.js", "ext": "webm", "format_note": "tiny", "acodec": "opus", "abr": 160, "asr": 48000, "filesize": 4759617, "fps": null, "height": null, "tbr": 151.608, "width": null, "vcodec": "none", "downloader_options": {"http_chunk_size": 10485760}, "format": "251 - audio only (tiny)", "protocol": "https", "http_headers": {"User-Agent": "Mozilla/5.0 (Windows NT 10.0; Win64; x64) AppleWebKit/537.36 (KHTML, like Gecko) Chrome/70.0.3538.112 Safari/537.36", "Accept-Charset": "ISO-8859-1,utf-8;q=0.7,*;q=0.7", "Accept": "text/html,application/xhtml+xml,application/xml;q=0.9,*/*;q=0.8", "Accept-Encoding": "gzip, deflate", "Accept-Language": "en-us,en;q=0.5"}}, {"format_id": "278", "url": "https://r5---sn-5njj-u2xe.googlevideo.com/videoplayback?expire=1608123793&ei=MbHZX8inHo2Gs8IPtNyPkAQ&ip=140.109.135.166&id=o-AIB7Hze4aQ-b9URYsLSZv-vwW2tnnzZzELvMmRHV26kc&itag=278&aitags=133%2C134%2C135%2C136%2C137%2C160%2C242%2C243%2C244%2C247%2C248%2C278&source=youtube&requiressl=yes&mh=8u&mm=31%2C29&mn=sn-5njj-u2xe%2Csn-un57en7e&ms=au%2Crdu&mv=m&mvi=5&pcm2cms=yes&pl=16&gcr=tw&initcwndbps=385000&vprv=1&mime=video%2Fwebm&ns=-4p49m5UYU8jUEorEJ0Zk14F&gir=yes&clen=658069&dur=262.520&lmt=1600495359391580&mt=1608101795&fvip=5&keepalive=yes&c=WEB&txp=2311224&n=kxJVGni7IcyYldQAP&sparams=expire%2Cei%2Cip%2Cid%2Caitags%2Csource%2Crequiressl%2Cgcr%2Cvprv%2Cmime%2Cns%2Cgir%2Cclen%2Cdur%2Clmt&lsparams=mh%2Cmm%2Cmn%2Cms%2Cmv%2Cmvi%2Cpcm2cms%2Cpl%2Cinitcwndbps&lsig=AG3C_xAwRQIgOEKLNMgZXydpHRIbpxRxsWtzpbjIItJn3tdJ4wlitnoCIQCVHv1tMGcojpCk5JuM1AnCW2iFV97ClTAor6UcGsz4dg%3D%3D&sig=AOq0QJ8wRQIgdoJVIwrpAbdepORRMaHZ8OnVCbHCZcjjEILgpYBk540CIQD90sdn4auqiOU450wyNufEgB-Z_icy-UJh55a2X2vvTw==&ratebypass=yes", "player_url": "/s/player/62f90c99/player_ias.vflset/en_US/base.js", "ext": "webm", "height": 144, "format_note": "144p", "container": "webm", "vcodec": "vp9", "asr": null, "filesize": 658069, "fps": 25, "tbr": 46.577, "width": 144, "acodec": "none", "downloader_options": {"http_chunk_size": 10485760}, "format": "278 - 144x144 (144p)", "protocol": "https", "http_headers": {"User-Agent": "Mozilla/5.0 (Windows NT 10.0; Win64; x64) AppleWebKit/537.36 (KHTML, like Gecko) Chrome/70.0.3538.112 Safari/537.36", "Accept-Charset": "ISO-8859-1,utf-8;q=0.7,*;q=0.7", "Accept": "text/html,application/xhtml+xml,application/xml;q=0.9,*/*;q=0.8", "Accept-Encoding": "gzip, deflate", "Accept-Language": "en-us,en;q=0.5"}}, {"format_id": "160", "url": "https://r5---sn-5njj-u2xe.googlevideo.com/videoplayback?expire=1608123793&ei=MbHZX8inHo2Gs8IPtNyPkAQ&ip=140.109.135.166&id=o-AIB7Hze4aQ-b9URYsLSZv-vwW2tnnzZzELvMmRHV26kc&itag=160&aitags=133%2C134%2C135%2C136%2C137%2C160%2C242%2C243%2C244%2C247%2C248%2C278&source=youtube&requiressl=yes&mh=8u&mm=31%2C29&mn=sn-5njj-u2xe%2Csn-un57en7e&ms=au%2Crdu&mv=m&mvi=5&pcm2cms=yes&pl=16&gcr=tw&initcwndbps=385000&vprv=1&mime=video%2Fmp4&ns=-4p49m5UYU8jUEorEJ0Zk14F&gir=yes&clen=953794&dur=262.520&lmt=1600493133759678&mt=1608101795&fvip=5&keepalive=yes&c=WEB&txp=2311222&n=kxJVGni7IcyYldQAP&sparams=expire%2Cei%2Cip%2Cid%2Caitags%2Csource%2Crequiressl%2Cgcr%2Cvprv%2Cmime%2Cns%2Cgir%2Cclen%2Cdur%2Clmt&lsparams=mh%2Cmm%2Cmn%2Cms%2Cmv%2Cmvi%2Cpcm2cms%2Cpl%2Cinitcwndbps&lsig=AG3C_xAwRQIgRklxXM6qCuJQ1vxAciaus1eVLuipQCiJ2z1pSTyxGGoCIQDOkXrGl5RTZvQCPl4PVLbef1y6fAGOzE1Hs2etgjmefA%3D%3D&sig=AOq0QJ8wRgIhAOgF5syVsJ7nWsHf0E4eWIwxD1KvJG6B0xq4NbQSAj0fAiEA9yYaCfcfVE60d1Y4FRUGjwLxmFUgUI3TIqU9F4s6JxM=&ratebypass=yes", "player_url": "/s/player/62f90c99/player_ias.vflset/en_US/base.js", "ext": "mp4", "height": 144, "format_note": "144p", "vcodec": "avc1.4d400b", "asr": null, "filesize": 953794, "fps": 25, "tbr": 53.548, "width": 144, "acodec": "none", "downloader_options": {"http_chunk_size": 10485760}, "format": "160 - 144x144 (144p)", "protocol": "https", "http_headers": {"User-Agent": "Mozilla/5.0 (Windows NT 10.0; Win64; x64) AppleWebKit/537.36 (KHTML, like Gecko) Chrome/70.0.3538.112 Safari/537.36", "Accept-Charset": "ISO-8859-1,utf-8;q=0.7,*;q=0.7", "Accept": "text/html,application/xhtml+xml,application/xml;q=0.9,*/*;q=0.8", "Accept-Encoding": "gzip, deflate", "Accept-Language": "en-us,en;q=0.5"}}, {"format_id": "134", "url": "https://r5---sn-5njj-u2xe.googlevideo.com/videoplayback?expire=1608123793&ei=MbHZX8inHo2Gs8IPtNyPkAQ&ip=140.109.135.166&id=o-AIB7Hze4aQ-b9URYsLSZv-vwW2tnnzZzELvMmRHV26kc&itag=134&aitags=133%2C134%2C135%2C136%2C137%2C160%2C242%2C243%2C244%2C247%2C248%2C278&source=youtube&requiressl=yes&mh=8u&mm=31%2C29&mn=sn-5njj-u2xe%2Csn-un57en7e&ms=au%2Crdu&mv=m&mvi=5&pcm2cms=yes&pl=16&gcr=tw&initcwndbps=385000&vprv=1&mime=video%2Fmp4&ns=-4p49m5UYU8jUEorEJ0Zk14F&gir=yes&clen=869407&dur=262.520&lmt=1600493133760719&mt=1608101795&fvip=5&keepalive=yes&c=WEB&txp=2311222&n=kxJVGni7IcyYldQAP&sparams=expire%2Cei%2Cip%2Cid%2Caitags%2Csource%2Crequiressl%2Cgcr%2Cvprv%2Cmime%2Cns%2Cgir%2Cclen%2Cdur%2Clmt&lsparams=mh%2Cmm%2Cmn%2Cms%2Cmv%2Cmvi%2Cpcm2cms%2Cpl%2Cinitcwndbps&lsig=AG3C_xAwRgIhAPyLy6u7vg9X2_xoPfIECM8Xp1BZwT9gA0GtancV2WNvAiEA_Nn3dBdXPex3QgaxSaKLlYMfp2Dsv0_S0iAZyh6LIgQ%3D&sig=AOq0QJ8wRAIgM4xCvWekYLcS1W7hHzVrS3rtTkuPZ4bK5EaHa6dh28ICIBgJPXl2U-T1ta2NBmQnhgYnWL9w8c6WJHYDIOZrzixf&ratebypass=yes", "player_url": "/s/player/62f90c99/player_ias.vflset/en_US/base.js", "ext": "mp4", "height": 360, "format_note": "360p", "vcodec": "avc1.4d4015", "asr": null, "filesize": 869407, "fps": 25, "tbr": 74.96, "width": 360, "acodec": "none", "downloader_options": {"http_chunk_size": 10485760}, "format": "134 - 360x360 (360p)", "protocol": "https", "http_headers": {"User-Agent": "Mozilla/5.0 (Windows NT 10.0; Win64; x64) AppleWebKit/537.36 (KHTML, like Gecko) Chrome/70.0.3538.112 Safari/537.36", "Accept-Charset": "ISO-8859-1,utf-8;q=0.7,*;q=0.7", "Accept": "text/html,application/xhtml+xml,application/xml;q=0.9,*/*;q=0.8", "Accept-Encoding": "gzip, deflate", "Accept-Language": "en-us,en;q=0.5"}}, {"format_id": "242", "url": "https://r5---sn-5njj-u2xe.googlevideo.com/videoplayback?expire=1608123793&ei=MbHZX8inHo2Gs8IPtNyPkAQ&ip=140.109.135.166&id=o-AIB7Hze4aQ-b9URYsLSZv-vwW2tnnzZzELvMmRHV26kc&itag=242&aitags=133%2C134%2C135%2C136%2C137%2C160%2C242%2C243%2C244%2C247%2C248%2C278&source=youtube&requiressl=yes&mh=8u&mm=31%2C29&mn=sn-5njj-u2xe%2Csn-un57en7e&ms=au%2Crdu&mv=m&mvi=5&pcm2cms=yes&pl=16&gcr=tw&initcwndbps=385000&vprv=1&mime=video%2Fwebm&ns=-4p49m5UYU8jUEorEJ0Zk14F&gir=yes&clen=1134260&dur=262.520&lmt=1600495359353125&mt=1608101795&fvip=5&keepalive=yes&c=WEB&txp=2311224&n=kxJVGni7IcyYldQAP&sparams=expire%2Cei%2Cip%2Cid%2Caitags%2Csource%2Crequiressl%2Cgcr%2Cvprv%2Cmime%2Cns%2Cgir%2Cclen%2Cdur%2Clmt&lsparams=mh%2Cmm%2Cmn%2Cms%2Cmv%2Cmvi%2Cpcm2cms%2Cpl%2Cinitcwndbps&lsig=AG3C_xAwRQIgLpzapjCPrhjH8X9BLi1eorwEALvKLdwVKXH_jA7frtkCIQCkCyq9OOznOVyeGF8eoBPncVNBx5ySd1n9scgptvYMGg%3D%3D&sig=AOq0QJ8wRQIhANs6rz-tCYEQvMst9SofGf5Jc3bCJhH5xhQaPbIawBu9AiB_yoNw6y7qr9AkEn9_6iBsr2k_eScVKoOB21h_u08tNA==&ratebypass=yes", "player_url": "/s/player/62f90c99/player_ias.vflset/en_US/base.js", "ext": "webm", "height": 240, "format_note": "240p", "vcodec": "vp9", "asr": null, "filesize": 1134260, "fps": 25, "tbr": 88.382, "width": 240, "acodec": "none", "downloader_options": {"http_chunk_size": 10485760}, "format": "242 - 240x240 (240p)", "protocol": "https", "http_headers": {"User-Agent": "Mozilla/5.0 (Windows NT 10.0; Win64; x64) AppleWebKit/537.36 (KHTML, like Gecko) Chrome/70.0.3538.112 Safari/537.36", "Accept-Charset": "ISO-8859-1,utf-8;q=0.7,*;q=0.7", "Accept": "text/html,application/xhtml+xml,application/xml;q=0.9,*/*;q=0.8", "Accept-Encoding": "gzip, deflate", "Accept-Language": "en-us,en;q=0.5"}}, {"format_id": "133", "url": "https://r5---sn-5njj-u2xe.googlevideo.com/videoplayback?expire=1608123793&ei=MbHZX8inHo2Gs8IPtNyPkAQ&ip=140.109.135.166&id=o-AIB7Hze4aQ-b9URYsLSZv-vwW2tnnzZzELvMmRHV26kc&itag=133&aitags=133%2C134%2C135%2C136%2C137%2C160%2C242%2C243%2C244%2C247%2C248%2C278&source=youtube&requiressl=yes&mh=8u&mm=31%2C29&mn=sn-5njj-u2xe%2Csn-un57en7e&ms=au%2Crdu&mv=m&mvi=5&pcm2cms=yes&pl=16&gcr=tw&initcwndbps=385000&vprv=1&mime=video%2Fmp4&ns=-4p49m5UYU8jUEorEJ0Zk14F&gir=yes&clen=1976299&dur=262.520&lmt=1600493133763166&mt=1608101795&fvip=5&keepalive=yes&c=WEB&txp=2311222&n=kxJVGni7IcyYldQAP&sparams=expire%2Cei%2Cip%2Cid%2Caitags%2Csource%2Crequiressl%2Cgcr%2Cvprv%2Cmime%2Cns%2Cgir%2Cclen%2Cdur%2Clmt&lsparams=mh%2Cmm%2Cmn%2Cms%2Cmv%2Cmvi%2Cpcm2cms%2Cpl%2Cinitcwndbps&lsig=AG3C_xAwRgIhALHjcrbnNu6EtIH1MCp3tpMWHA3qyiW6-P31O3NWWD3gAiEAggieahbFIfDa9b89rEq2fgwS9QivgkyPePa2CUrkLAM%3D&sig=AOq0QJ8wRAIgNv2uf5c0Y2UbnCyxxSie7ba4UWM8f6UGLVnG3txYSSYCIGqu2VIEqolrPwcm4iPrKxjuVLqjCc3D4BC0EdPSR3N3&ratebypass=yes", "player_url": "/s/player/62f90c99/player_ias.vflset/en_US/base.js", "ext": "mp4", "height": 240, "format_note": "240p", "vcodec": "avc1.4d400c", "asr": null, "filesize": 1976299, "fps": 25, "tbr": 124.794, "width": 240, "acodec": "none", "downloader_options": {"http_chunk_size": 10485760}, "format": "133 - 240x240 (240p)", "protocol": "https", "http_headers": {"User-Agent": "Mozilla/5.0 (Windows NT 10.0; Win64; x64) AppleWebKit/537.36 (KHTML, like Gecko) Chrome/70.0.3538.112 Safari/537.36", "Accept-Charset": "ISO-8859-1,utf-8;q=0.7,*;q=0.7", "Accept": "text/html,application/xhtml+xml,application/xml;q=0.9,*/*;q=0.8", "Accept-Encoding": "gzip, deflate", "Accept-Language": "en-us,en;q=0.5"}}, {"format_id": "135", "url": "https://r5---sn-5njj-u2xe.googlevideo.com/videoplayback?expire=1608123793&ei=MbHZX8inHo2Gs8IPtNyPkAQ&ip=140.109.135.166&id=o-AIB7Hze4aQ-b9URYsLSZv-vwW2tnnzZzELvMmRHV26kc&itag=135&aitags=133%2C134%2C135%2C136%2C137%2C160%2C242%2C243%2C244%2C247%2C248%2C278&source=youtube&requiressl=yes&mh=8u&mm=31%2C29&mn=sn-5njj-u2xe%2Csn-un57en7e&ms=au%2Crdu&mv=m&mvi=5&pcm2cms=yes&pl=16&gcr=tw&initcwndbps=385000&vprv=1&mime=video%2Fmp4&ns=-4p49m5UYU8jUEorEJ0Zk14F&gir=yes&clen=1425360&dur=262.520&lmt=1600493133757004&mt=1608101795&fvip=5&keepalive=yes&c=WEB&txp=2311222&n=kxJVGni7IcyYldQAP&sparams=expire%2Cei%2Cip%2Cid%2Caitags%2Csource%2Crequiressl%2Cgcr%2Cvprv%2Cmime%2Cns%2Cgir%2Cclen%2Cdur%2Clmt&lsparams=mh%2Cmm%2Cmn%2Cms%2Cmv%2Cmvi%2Cpcm2cms%2Cpl%2Cinitcwndbps&lsig=AG3C_xAwRQIgdA0jFQR17UwJxuZBe6320-DtkSHvPB7swRqbGUY3db0CIQDNwjBpDdUH0yIKa1yM2Lkd80ehdTP-mHZf5ifuZ4Gv5w%3D%3D&sig=AOq0QJ8wRgIhAM76-lZOTy-Rh7fEwBTqH_1Yk6xQL8crs9lFSenAOnCkAiEAt64zVFfo_6mi11_NTmHojU1azEUU8S-nhLlLgIcTlqU=&ratebypass=yes", "player_url": "/s/player/62f90c99/player_ias.vflset/en_US/base.js", "ext": "mp4", "height": 480, "format_note": "480p", "vcodec": "avc1.4d401e", "asr": null, "filesize": 1425360, "fps": 25, "tbr": 128.302, "width": 480, "acodec": "none", "downloader_options": {"http_chunk_size": 10485760}, "format": "135 - 480x480 (480p)", "protocol": "https", "http_headers": {"User-Agent": "Mozilla/5.0 (Windows NT 10.0; Win64; x64) AppleWebKit/537.36 (KHTML, like Gecko) Chrome/70.0.3538.112 Safari/537.36", "Accept-Charset": "ISO-8859-1,utf-8;q=0.7,*;q=0.7", "Accept": "text/html,application/xhtml+xml,application/xml;q=0.9,*/*;q=0.8", "Accept-Encoding": "gzip, deflate", "Accept-Language": "en-us,en;q=0.5"}}, {"format_id": "243", "url": "https://r5---sn-5njj-u2xe.googlevideo.com/videoplayback?expire=1608123793&ei=MbHZX8inHo2Gs8IPtNyPkAQ&ip=140.109.135.166&id=o-AIB7Hze4aQ-b9URYsLSZv-vwW2tnnzZzELvMmRHV26kc&itag=243&aitags=133%2C134%2C135%2C136%2C137%2C160%2C242%2C243%2C244%2C247%2C248%2C278&source=youtube&requiressl=yes&mh=8u&mm=31%2C29&mn=sn-5njj-u2xe%2Csn-un57en7e&ms=au%2Crdu&mv=m&mvi=5&pcm2cms=yes&pl=16&gcr=tw&initcwndbps=385000&vprv=1&mime=video%2Fwebm&ns=-4p49m5UYU8jUEorEJ0Zk14F&gir=yes&clen=1582305&dur=262.520&lmt=1600495361436479&mt=1608101795&fvip=5&keepalive=yes&c=WEB&txp=2311224&n=kxJVGni7IcyYldQAP&sparams=expire%2Cei%2Cip%2Cid%2Caitags%2Csource%2Crequiressl%2Cgcr%2Cvprv%2Cmime%2Cns%2Cgir%2Cclen%2Cdur%2Clmt&lsparams=mh%2Cmm%2Cmn%2Cms%2Cmv%2Cmvi%2Cpcm2cms%2Cpl%2Cinitcwndbps&lsig=AG3C_xAwRQIhAPQYJoeA2O7G4daenq2cC8r2Fvz2eG1nm8empCqF13XkAiAdnYKOM4N9wEyd7P-YeIVYGGpmEXlABQEInQJWk_qF5w%3D%3D&sig=AOq0QJ8wRAIgFkU0Jro4NQoCf30-_vapUcDD-E_bvjs_c8GLpY5MfJACIEzycz8n5ghgxSASK3t0HJKb-JFV3cHaa9EA6r-ta8p6&ratebypass=yes", "player_url": "/s/player/62f90c99/player_ias.vflset/en_US/base.js", "ext": "webm", "height": 360, "format_note": "360p", "vcodec": "vp9", "asr": null, "filesize": 1582305, "fps": 25, "tbr": 162.314, "width": 360, "acodec": "none", "downloader_options": {"http_chunk_size": 10485760}, "format": "243 - 360x360 (360p)", "protocol": "https", "http_headers": {"User-Agent": "Mozilla/5.0 (Windows NT 10.0; Win64; x64) AppleWebKit/537.36 (KHTML, like Gecko) Chrome/70.0.3538.112 Safari/537.36", "Accept-Charset": "ISO-8859-1,utf-8;q=0.7,*;q=0.7", "Accept": "text/html,application/xhtml+xml,application/xml;q=0.9,*/*;q=0.8", "Accept-Encoding": "gzip, deflate", "Accept-Language": "en-us,en;q=0.5"}}, {"format_id": "136", "url": "https://r5---sn-5njj-u2xe.googlevideo.com/videoplayback?expire=1608123793&ei=MbHZX8inHo2Gs8IPtNyPkAQ&ip=140.109.135.166&id=o-AIB7Hze4aQ-b9URYsLSZv-vwW2tnnzZzELvMmRHV26kc&itag=136&aitags=133%2C134%2C135%2C136%2C137%2C160%2C242%2C243%2C244%2C247%2C248%2C278&source=youtube&requiressl=yes&mh=8u&mm=31%2C29&mn=sn-5njj-u2xe%2Csn-un57en7e&ms=au%2Crdu&mv=m&mvi=5&pcm2cms=yes&pl=16&gcr=tw&initcwndbps=385000&vprv=1&mime=video%2Fmp4&ns=-4p49m5UYU8jUEorEJ0Zk14F&gir=yes&clen=2489610&dur=262.520&lmt=1600493133765640&mt=1608101795&fvip=5&keepalive=yes&c=WEB&txp=2311222&n=kxJVGni7IcyYldQAP&sparams=expire%2Cei%2Cip%2Cid%2Caitags%2Csource%2Crequiressl%2Cgcr%2Cvprv%2Cmime%2Cns%2Cgir%2Cclen%2Cdur%2Clmt&lsparams=mh%2Cmm%2Cmn%2Cms%2Cmv%2Cmvi%2Cpcm2cms%2Cpl%2Cinitcwndbps&lsig=AG3C_xAwRQIgB4QdYXBUATYFdSUc9-2pEd-KnL2ICgBF1Dnx0QrfySUCIQC0muFdNhQl0eorTlwgA3kd607KBnGfrkRliFtjMU7Vaw%3D%3D&sig=AOq0QJ8wRQIhALYqZ2J6hhepW9bZIfMWMFJV857dFEeGAdGgvCBS64kAAiAihBX2gwui20so4lagcKqtVsGWjzmO9L5En_tchBWiFw==&ratebypass=yes", "player_url": "/s/player/62f90c99/player_ias.vflset/en_US/base.js", "ext": "mp4", "height": 720, "format_note": "720p", "vcodec": "avc1.4d401f", "asr": null, "filesize": 2489610, "fps": 25, "tbr": 225.32, "width": 720, "acodec": "none", "downloader_options": {"http_chunk_size": 10485760}, "format": "136 - 720x720 (720p)", "protocol": "https", "http_headers": {"User-Agent": "Mozilla/5.0 (Windows NT 10.0; Win64; x64) AppleWebKit/537.36 (KHTML, like Gecko) Chrome/70.0.3538.112 Safari/537.36", "Accept-Charset": "ISO-8859-1,utf-8;q=0.7,*;q=0.7", "Accept": "text/html,application/xhtml+xml,application/xml;q=0.9,*/*;q=0.8", "Accept-Encoding": "gzip, deflate", "Accept-Language": "en-us,en;q=0.5"}}, {"format_id": "244", "url": "https://r5---sn-5njj-u2xe.googlevideo.com/videoplayback?expire=1608123793&ei=MbHZX8inHo2Gs8IPtNyPkAQ&ip=140.109.135.166&id=o-AIB7Hze4aQ-b9URYsLSZv-vwW2tnnzZzELvMmRHV26kc&itag=244&aitags=133%2C134%2C135%2C136%2C137%2C160%2C242%2C243%2C244%2C247%2C248%2C278&source=youtube&requiressl=yes&mh=8u&mm=31%2C29&mn=sn-5njj-u2xe%2Csn-un57en7e&ms=au%2Crdu&mv=m&mvi=5&pcm2cms=yes&pl=16&gcr=tw&initcwndbps=385000&vprv=1&mime=video%2Fwebm&ns=-4p49m5UYU8jUEorEJ0Zk14F&gir=yes&clen=2681399&dur=262.520&lmt=1600495359608047&mt=1608101795&fvip=5&keepalive=yes&c=WEB&txp=2311224&n=kxJVGni7IcyYldQAP&sparams=expire%2Cei%2Cip%2Cid%2Caitags%2Csource%2Crequiressl%2Cgcr%2Cvprv%2Cmime%2Cns%2Cgir%2Cclen%2Cdur%2Clmt&lsparams=mh%2Cmm%2Cmn%2Cms%2Cmv%2Cmvi%2Cpcm2cms%2Cpl%2Cinitcwndbps&lsig=AG3C_xAwRQIhANnoLrif5GeGMTFyEQK1DQgtXhDZ2l1awt-E0c9hJEkZAiBSrcNA_z_UKfpqxD8d9XSOuzb9U_aJ0B19jpf5qCkOnQ%3D%3D&sig=AOq0QJ8wRgIhANONp1sq2OetdxBwPg3b_z6Uw2K2b43QLxpJqD0BU11TAiEA0cq2TmewNeXD8blYPNVxQ9-_axYS8UBFh9NVlcNmWOo=&ratebypass=yes", "player_url": "/s/player/62f90c99/player_ias.vflset/en_US/base.js", "ext": "webm", "height": 480, "format_note": "480p", "vcodec": "vp9", "asr": null, "filesize": 2681399, "fps": 25, "tbr": 282.611, "width": 480, "acodec": "none", "downloader_options": {"http_chunk_size": 10485760}, "format": "244 - 480x480 (480p)", "protocol": "https", "http_headers": {"User-Agent": "Mozilla/5.0 (Windows NT 10.0; Win64; x64) AppleWebKit/537.36 (KHTML, like Gecko) Chrome/70.0.3538.112 Safari/537.36", "Accept-Charset": "ISO-8859-1,utf-8;q=0.7,*;q=0.7", "Accept": "text/html,application/xhtml+xml,application/xml;q=0.9,*/*;q=0.8", "Accept-Encoding": "gzip, deflate", "Accept-Language": "en-us,en;q=0.5"}}, {"format_id": "137", "url": "https://r5---sn-5njj-u2xe.googlevideo.com/videoplayback?expire=1608123793&ei=MbHZX8inHo2Gs8IPtNyPkAQ&ip=140.109.135.166&id=o-AIB7Hze4aQ-b9URYsLSZv-vwW2tnnzZzELvMmRHV26kc&itag=137&aitags=133%2C134%2C135%2C136%2C137%2C160%2C242%2C243%2C244%2C247%2C248%2C278&source=youtube&requiressl=yes&mh=8u&mm=31%2C29&mn=sn-5njj-u2xe%2Csn-un57en7e&ms=au%2Crdu&mv=m&mvi=5&pcm2cms=yes&pl=16&gcr=tw&initcwndbps=385000&vprv=1&mime=video%2Fmp4&ns=-4p49m5UYU8jUEorEJ0Zk14F&gir=yes&clen=4886563&dur=262.520&lmt=1600493133757926&mt=1608101795&fvip=5&keepalive=yes&c=WEB&txp=2311222&n=kxJVGni7IcyYldQAP&sparams=expire%2Cei%2Cip%2Cid%2Caitags%2Csource%2Crequiressl%2Cgcr%2Cvprv%2Cmime%2Cns%2Cgir%2Cclen%2Cdur%2Clmt&lsparams=mh%2Cmm%2Cmn%2Cms%2Cmv%2Cmvi%2Cpcm2cms%2Cpl%2Cinitcwndbps&lsig=AG3C_xAwRAIgb2IE6Syb_NS_Nazx29s_eY7jMVbLF7ARbygf8h5r5PwCICicucpmYTJJ_ZAvBz7DG7IhKWhNqtx4LltOeLlHHurx&sig=AOq0QJ8wRgIhANCXbi_YsIhsup_XvNR2GsvKSWghD1LysuEtxRPHKzlJAiEA6zSrgyTikbl2sc9ZZwRSiF80-247LxUtdsfMCd7PatY=&ratebypass=yes", "player_url": "/s/player/62f90c99/player_ias.vflset/en_US/base.js", "ext": "mp4", "height": 1080, "format_note": "1080p", "vcodec": "avc1.640020", "asr": null, "filesize": 4886563, "fps": 25, "tbr": 423.028, "width": 1080, "acodec": "none", "downloader_options": {"http_chunk_size": 10485760}, "format": "137 - 1080x1080 (1080p)", "protocol": "https", "http_headers": {"User-Agent": "Mozilla/5.0 (Windows NT 10.0; Win64; x64) AppleWebKit/537.36 (KHTML, like Gecko) Chrome/70.0.3538.112 Safari/537.36", "Accept-Charset": "ISO-8859-1,utf-8;q=0.7,*;q=0.7", "Accept": "text/html,application/xhtml+xml,application/xml;q=0.9,*/*;q=0.8", "Accept-Encoding": "gzip, deflate", "Accept-Language": "en-us,en;q=0.5"}}, {"format_id": "247", "url": "https://r5---sn-5njj-u2xe.googlevideo.com/videoplayback?expire=1608123793&ei=MbHZX8inHo2Gs8IPtNyPkAQ&ip=140.109.135.166&id=o-AIB7Hze4aQ-b9URYsLSZv-vwW2tnnzZzELvMmRHV26kc&itag=247&aitags=133%2C134%2C135%2C136%2C137%2C160%2C242%2C243%2C244%2C247%2C248%2C278&source=youtube&requiressl=yes&mh=8u&mm=31%2C29&mn=sn-5njj-u2xe%2Csn-un57en7e&ms=au%2Crdu&mv=m&mvi=5&pcm2cms=yes&pl=16&gcr=tw&initcwndbps=385000&vprv=1&mime=video%2Fwebm&ns=-4p49m5UYU8jUEorEJ0Zk14F&gir=yes&clen=6879355&dur=262.520&lmt=1600495359801557&mt=1608101795&fvip=5&keepalive=yes&c=WEB&txp=2311224&n=kxJVGni7IcyYldQAP&sparams=expire%2Cei%2Cip%2Cid%2Caitags%2Csource%2Crequiressl%2Cgcr%2Cvprv%2Cmime%2Cns%2Cgir%2Cclen%2Cdur%2Clmt&lsparams=mh%2Cmm%2Cmn%2Cms%2Cmv%2Cmvi%2Cpcm2cms%2Cpl%2Cinitcwndbps&lsig=AG3C_xAwRQIhAJyw9v4ON-wQ7bb3zwWPeeH97mErvZzxotaWTUOXZd1oAiBDWiwNkpCYs8pABZidX-bBRJT5An3CHpJODOQFnugRcw%3D%3D&sig=AOq0QJ8wRQIgOv_SKXtgrvY7eyd0IIgPiQjPNGrKTeP5fwotdlxgoIsCIQCfdY6l10BdwnBvwRgjy-1Ng480S87RtW0ji8nufR2Vhg==&ratebypass=yes", "player_url": "/s/player/62f90c99/player_ias.vflset/en_US/base.js", "ext": "webm", "height": 720, "format_note": "720p", "vcodec": "vp9", "asr": null, "filesize": 6879355, "fps": 25, "tbr": 736.794, "width": 720, "acodec": "none", "downloader_options": {"http_chunk_size": 10485760}, "format": "247 - 720x720 (720p)", "protocol": "https", "http_headers": {"User-Agent": "Mozilla/5.0 (Windows NT 10.0; Win64; x64) AppleWebKit/537.36 (KHTML, like Gecko) Chrome/70.0.3538.112 Safari/537.36", "Accept-Charset": "ISO-8859-1,utf-8;q=0.7,*;q=0.7", "Accept": "text/html,application/xhtml+xml,application/xml;q=0.9,*/*;q=0.8", "Accept-Encoding": "gzip, deflate", "Accept-Language": "en-us,en;q=0.5"}}, {"format_id": "248", "url": "https://r5---sn-5njj-u2xe.googlevideo.com/videoplayback?expire=1608123793&ei=MbHZX8inHo2Gs8IPtNyPkAQ&ip=140.109.135.166&id=o-AIB7Hze4aQ-b9URYsLSZv-vwW2tnnzZzELvMmRHV26kc&itag=248&aitags=133%2C134%2C135%2C136%2C137%2C160%2C242%2C243%2C244%2C247%2C248%2C278&source=youtube&requiressl=yes&mh=8u&mm=31%2C29&mn=sn-5njj-u2xe%2Csn-un57en7e&ms=au%2Crdu&mv=m&mvi=5&pcm2cms=yes&pl=16&gcr=tw&initcwndbps=385000&vprv=1&mime=video%2Fwebm&ns=-4p49m5UYU8jUEorEJ0Zk14F&gir=yes&clen=14308404&dur=262.520&lmt=1600495363363369&mt=1608101795&fvip=5&keepalive=yes&c=WEB&txp=2311224&n=kxJVGni7IcyYldQAP&sparams=expire%2Cei%2Cip%2Cid%2Caitags%2Csource%2Crequiressl%2Cgcr%2Cvprv%2Cmime%2Cns%2Cgir%2Cclen%2Cdur%2Clmt&lsparams=mh%2Cmm%2Cmn%2Cms%2Cmv%2Cmvi%2Cpcm2cms%2Cpl%2Cinitcwndbps&lsig=AG3C_xAwRgIhAJJsA0EQTFwE2i467WUWxVSnpcTgC8t_Q8qghxiGrnqnAiEA09IzycB6TGlwaaIx68S2tFVFwosZsYRiOoQACZG4GQc%3D&sig=AOq0QJ8wRAIgcy9FvBySzJmDLqd4L6EDxnJZiWlLZavUWNWoxjJUmTYCIDLl1xsJURFX_oS4efsS053Yy9BZiQ_BAWu6YgDEV1dk&ratebypass=yes", "player_url": "/s/player/62f90c99/player_ias.vflset/en_US/base.js", "ext": "webm", "height": 1080, "format_note": "1080p", "vcodec": "vp9", "asr": null, "filesize": 14308404, "fps": 25, "tbr": 1093.034, "width": 1080, "acodec": "none", "downloader_options": {"http_chunk_size": 10485760}, "format": "248 - 1080x1080 (1080p)", "protocol": "https", "http_headers": {"User-Agent": "Mozilla/5.0 (Windows NT 10.0; Win64; x64) AppleWebKit/537.36 (KHTML, like Gecko) Chrome/70.0.3538.112 Safari/537.36", "Accept-Charset": "ISO-8859-1,utf-8;q=0.7,*;q=0.7", "Accept": "text/html,application/xhtml+xml,application/xml;q=0.9,*/*;q=0.8", "Accept-Encoding": "gzip, deflate", "Accept-Language": "en-us,en;q=0.5"}}, {"format_id": "18", "url": "https://r5---sn-5njj-u2xe.googlevideo.com/videoplayback?expire=1608123793&ei=MbHZX8inHo2Gs8IPtNyPkAQ&ip=140.109.135.166&id=o-AIB7Hze4aQ-b9URYsLSZv-vwW2tnnzZzELvMmRHV26kc&itag=18&source=youtube&requiressl=yes&mh=8u&mm=31%2C29&mn=sn-5njj-u2xe%2Csn-un57en7e&ms=au%2Crdu&mv=m&mvi=5&pcm2cms=yes&pl=16&gcr=tw&initcwndbps=385000&vprv=1&mime=video%2Fmp4&ns=WGQ8WALnwKn2aMrlwTS1k-kF&gir=yes&clen=4324820&ratebypass=yes&dur=262.594&lmt=1600493094248632&mt=1608101795&fvip=5&c=WEB&txp=2310222&n=qFxhXAjjxsU4aWPIu&sparams=expire%2Cei%2Cip%2Cid%2Citag%2Csource%2Crequiressl%2Cgcr%2Cvprv%2Cmime%2Cns%2Cgir%2Cclen%2Cratebypass%2Cdur%2Clmt&lsparams=mh%2Cmm%2Cmn%2Cms%2Cmv%2Cmvi%2Cpcm2cms%2Cpl%2Cinitcwndbps&lsig=AG3C_xAwRgIhAPhoIVsBcyvcyee1SKgoHpuX1w5suIQSQtcW19Dq6qeQAiEA6f9QlpXUQwbJAQashiiaAJADYNS7bxKipZ1Wqtc9vP8%3D&sig=AOq0QJ8wRgIhANy4LtpbDHTAKiN2ObihTCWuIXhqTHceXBE8g99V2lJvAiEA3JCwhds2MCdmZgbt6zI1Xcq0Rbz3H5DWKQA1i4FXqQA=", "player_url": "/s/player/62f90c99/player_ias.vflset/en_US/base.js", "ext": "mp4", "width": 360, "height": 360, "acodec": "mp4a.40.2", "abr": 96, "vcodec": "avc1.42001E", "asr": 44100, "filesize": 4324820, "format_note": "360p", "fps": 25, "tbr": 131.793, "format": "18 - 360x360 (360p)", "protocol": "https", "http_headers": {"User-Agent": "Mozilla/5.0 (Windows NT 10.0; Win64; x64) AppleWebKit/537.36 (KHTML, like Gecko) Chrome/70.0.3538.112 Safari/537.36", "Accept-Charset": "ISO-8859-1,utf-8;q=0.7,*;q=0.7", "Accept": "text/html,application/xhtml+xml,application/xml;q=0.9,*/*;q=0.8", "Accept-Encoding": "gzip, deflate", "Accept-Language": "en-us,en;q=0.5"}}], "is_live": null, "start_time": null, "end_time": null, "series": null, "season_number": null, "episode_number": null, "track": "Hidden Sanctuary", "artist": "Kainbeats & Matthew-Keane Q Wang", "album": "Reflections", "release_date": "20200419", "release_year": 2020, "extractor": "youtube", "webpage_url_basename": "watch", "extractor_key": "Youtube", "playlist": null, "playlist_index": null, "thumbnail": "https://i.ytimg.com/vi_webp/O3noqurdpyI/maxresdefault.webp", "display_id": "O3noqurdpyI", "requested_subtitles": null, "format_id": "251", "url": "https://r5---sn-5njj-u2xe.googlevideo.com/videoplayback?expire=1608123793&ei=MbHZX8inHo2Gs8IPtNyPkAQ&ip=140.109.135.166&id=o-AIB7Hze4aQ-b9URYsLSZv-vwW2tnnzZzELvMmRHV26kc&itag=251&source=youtube&requiressl=yes&mh=8u&mm=31%2C29&mn=sn-5njj-u2xe%2Csn-un57en7e&ms=au%2Crdu&mv=m&mvi=5&pcm2cms=yes&pl=16&gcr=tw&initcwndbps=385000&vprv=1&mime=audio%2Fwebm&ns=-4p49m5UYU8jUEorEJ0Zk14F&gir=yes&clen=4759617&dur=262.561&lmt=1600495314667244&mt=1608101795&fvip=5&keepalive=yes&c=WEB&txp=2311224&n=kxJVGni7IcyYldQAP&sparams=expire%2Cei%2Cip%2Cid%2Citag%2Csource%2Crequiressl%2Cgcr%2Cvprv%2Cmime%2Cns%2Cgir%2Cclen%2Cdur%2Clmt&lsparams=mh%2Cmm%2Cmn%2Cms%2Cmv%2Cmvi%2Cpcm2cms%2Cpl%2Cinitcwndbps&lsig=AG3C_xAwRQIhAKoeQUD0FWD0MP_-trvvXYvSA8oyIIXrg3hCWdKeXmCcAiABc4TBuwOeGpzJx5x0J8VhVuy5uuL_F4yvzgeVa1kNWQ%3D%3D&sig=AOq0QJ8wRAIgcafBIcGO_3y_IL5SGe-8wcMr4X7DmL2UNmfeWUjGanUCIAl0PvxcvgMl4cXCTgXIZYS0NR1wyqT5bAayxiElVUIy&ratebypass=yes", "player_url": "/s/player/62f90c99/player_ias.vflset/en_US/base.js", "ext": "webm", "format_note": "tiny", "acodec": "opus", "abr": 160, "asr": 48000, "filesize": 4759617, "fps": null, "height": null, "tbr": 151.608, "width": null, "vcodec": "none", "downloader_options": {"http_chunk_size": 10485760}, "format": "251 - audio only (tiny)", "protocol": "https", "http_headers": {"User-Agent": "Mozilla/5.0 (Windows NT 10.0; Win64; x64) AppleWebKit/537.36 (KHTML, like Gecko) Chrome/70.0.3538.112 Safari/537.36", "Accept-Charset": "ISO-8859-1,utf-8;q=0.7,*;q=0.7", "Accept": "text/html,application/xhtml+xml,application/xml;q=0.9,*/*;q=0.8", "Accept-Encoding": "gzip, deflate", "Accept-Language": "en-us,en;q=0.5"}}