{"id": "prUUays30Mg", "uploader": "SOUNDGO", "uploader_id": "UCKr62CM2BMcefFeLBacQV2Q", "uploader_url": "http://www.youtube.com/channel/UCKr62CM2BMcefFeLBacQV2Q", "channel_id": "UCKr62CM2BMcefFeLBacQV2Q", "channel_url": "http://www.youtube.com/channel/UCKr62CM2BMcefFeLBacQV2Q", "upload_date": "20201202", "license": null, "creator": null, "title": "Inreload - Bedtime", "alt_title": null, "thumbnails": [{"url": "https://i.ytimg.com/vi/prUUays30Mg/hqdefault.jpg?sqp=-oaymwEYCKgBEF5IVfKriqkDCwgBFQAAiEIYAXAB&rs=AOn4CLD_w35RB9nrzhYwTxY1-geFcq2SWg", "width": 168, "height": 94, "resolution": "168x94", "id": "0"}, {"url": "https://i.ytimg.com/vi/prUUays30Mg/hqdefault.jpg?sqp=-oaymwEYCMQBEG5IVfKriqkDCwgBFQAAiEIYAXAB&rs=AOn4CLCufGh5WfnbyUitKn_tkTP9JXyp1A", "width": 196, "height": 110, "resolution": "196x110", "id": "1"}, {"url": "https://i.ytimg.com/vi/prUUays30Mg/hqdefault.jpg?sqp=-oaymwEZCPYBEIoBSFXyq4qpAwsIARUAAIhCGAFwAQ==&rs=AOn4CLDaqgQyfhQF3e73HOtoIfXHJWbVNQ", "width": 246, "height": 138, "resolution": "246x138", "id": "2"}, {"url": "https://i.ytimg.com/vi/prUUays30Mg/hqdefault.jpg?sqp=-oaymwEZCNACELwBSFXyq4qpAwsIARUAAIhCGAFwAQ==&rs=AOn4CLAKsrvr0C2ybH839MuwICGNbXemOA", "width": 336, "height": 188, "resolution": "336x188", "id": "3"}, {"url": "https://i.ytimg.com/vi_webp/prUUays30Mg/maxresdefault.webp", "width": 1920, "height": 1080, "resolution": "1920x1080", "id": "4"}], "description": "Spotify:\nhttps://open.spotify.com/track/3rfzQviThTLrGt35k8WhKX?si=bQ5lnB_LTQ2VgfvKmr4F3w\n\nApple Music:\nhttps://music.apple.com/se/album/bedtime/1538111712?i=1538111714", "categories": ["People & Blogs"], "tags": null, "subtitles": {}, "automatic_captions": {}, "duration": 133, "age_limit": 0, "annotations": null, "chapters": null, "webpage_url": "https://www.youtube.com/watch?v=prUUays30Mg", "view_count": 43, "like_count": 2, "dislike_count": null, "average_rating": 5.0, "formats": [{"ext": "m4a", "format_note": "DASH audio", "acodec": "mp4a.40.5", "abr": 48, "container": "m4a_dash", "format_id": "139", "manifest_url": "https://manifest.googlevideo.com/api/manifest/dash/expire/1608123788/ei/LLHZX8-_E9iRgQOFtbuwCA/ip/140.109.135.166/id/a6b5146b2b37d0c8/source/youtube/requiressl/yes/playback_host/r2---sn-5njj-u2xe.googlevideo.com/mh/HT/mm/31%2C29/mn/sn-5njj-u2xe%2Csn-un57sn7s/ms/au%2Crdu/mv/m/mvi/2/pcm2cms/yes/pl/16/tx/23722138/txs/23722138%2C23722139/hfr/all/as/fmp4_audio_clear%2Cwebm_audio_clear%2Cwebm2_audio_clear%2Cfmp4_sd_hd_clear%2Cwebm2_sd_hd_clear/initcwndbps/385000/vprv/1/mt/1608101795/fvip/2/keepalive/yes/itag/0/sparams/expire%2Cei%2Cip%2Cid%2Csource%2Crequiressl%2Ctx%2Ctxs%2Chfr%2Cas%2Cvprv%2Citag/sig/AOq0QJ8wRgIhALYF0I-8y74zuiCKKuokiOxtLE1DBp8yKf77BEnYZ933AiEA9K1NJER_zeLNxm-eUAjLqd-fqyZdvKNrxyet74wzSvA%3D/lsparams/playback_host%2Cmh%2Cmm%2Cmn%2Cms%2Cmv%2Cmvi%2Cpcm2cms%2Cpl%2Cinitcwndbps/lsig/AG3C_xAwRQIhAIbgT4-NymQvekncy5axu0PJV7bmvlYJcqUmva2pn4BYAiA7UbiQrsZTt91HCl07gRLkOENwdvuPvo3Sk-s8DeaNNQ%3D%3D", "width": null, "height": null, "tbr": 49.903, "asr": 22050, "fps": null, "language": null, "filesize": null, "vcodec": "none", "url": "https://manifest.googlevideo.com/api/manifest/dash/expire/1608123788/ei/LLHZX8-_E9iRgQOFtbuwCA/ip/140.109.135.166/id/a6b5146b2b37d0c8/source/youtube/requiressl/yes/playback_host/r2---sn-5njj-u2xe.googlevideo.com/mh/HT/mm/31%2C29/mn/sn-5njj-u2xe%2Csn-un57sn7s/ms/au%2Crdu/mv/m/mvi/2/pcm2cms/yes/pl/16/tx/23722138/txs/23722138%2C23722139/hfr/all/as/fmp4_audio_clear%2Cwebm_audio_clear%2Cwebm2_audio_clear%2Cfmp4_sd_hd_clear%2Cwebm2_sd_hd_clear/initcwndbps/385000/vprv/1/mt/1608101795/fvip/2/keepalive/yes/itag/0/sparams/expire%2Cei%2Cip%2Cid%2Csource%2Crequiressl%2Ctx%2Ctxs%2Chfr%2Cas%2Cvprv%2Citag/sig/AOq0QJ8wRgIhALYF0I-8y74zuiCKKuokiOxtLE1DBp8yKf77BEnYZ933AiEA9K1NJER_zeLNxm-eUAjLqd-fqyZdvKNrxyet74wzSvA%3D/lsparams/playback_host%2Cmh%2Cmm%2Cmn%2Cms%2Cmv%2Cmvi%2Cpcm2cms%2Cpl%2Cinitcwndbps/lsig/AG3C_xAwRQIhAIbgT4-NymQvekncy5axu0PJV7bmvlYJcqUmva2pn4BYAiA7UbiQrsZTt91HCl07gRLkOENwdvuPvo3Sk-s8DeaNNQ%3D%3D", "fragment_base_url": "https://r2---sn-5njj-u2xe.googlevideo.com/videoplayback/expire/1608123788/ei/LLHZX8-_E9iRgQOFtbuwCA/ip/140.109.135.166/id/a6b5146b2b37d0c8/itag/139/source/youtube/requiressl/yes/mh/HT/mm/31,29/mn/sn-5njj-u2xe,sn-un57sn7s/ms/au,rdu/mv/m/mvi/2/pcm2cms/yes/pl/16/initcwndbps/385000/vprv/1/ratebypass/yes/mime/audio%2Fmp4/otfp/1/gir/yes/clen/814037/lmt/1606898264620192/dur/133.375/mt/1608101795/fvip/2/keepalive/yes/sparams/expire,ei,ip,id,itag,source,requiressl,vprv,ratebypass,mime,otfp,gir,clen,lmt,dur/sig/AOq0QJ8wRQIgDAwEj2ltIA2uUev5ZbR1XlexwC_jMIBrZtEHqWX_IzQCIQDc-HxDTQOyvvfNsXt3kZUJoIxu0TbcGfkJXGCla2UBjQ%3D%3D/lsparams/mh,mm,mn,ms,mv,mvi,pcm2cms,pl,initcwndbps/lsig/AG3C_xAwRgIhAKqeptvN6BInIToJnV5qOfu9-44Ep0r9b5FKJA6SONPvAiEAvtZ45yqlMMWMi_Wajg55JmRIKRqC-gCS56jdmg9CZ78%3D/", "fragments": [{"path": "range/0-640"}, {"path": "range/841-62285", "duration": 9.985}, {"path": "range/62286-123131", "duration": 9.984}, {"path": "range/123132-183928", "duration": 9.985}, {"path": "range/183929-244899", "duration": 9.984}, {"path": "range/244900-305663", "duration": 9.985}, {"path": "range/305664-366610", "duration": 9.984}, {"path": "range/366611-427570", "duration": 9.985}, {"path": "range/427571-488487", "duration": 9.985}, {"path": "range/488488-549321", "duration": 9.984}, {"path": "range/549322-610040", "duration": 9.985}, {"path": "range/610041-671084", "duration": 9.984}, {"path": "range/671085-731790", "duration": 9.985}, {"path": "range/731791-792700", "duration": 9.985}, {"path": "range/792701-814036", "duration": 3.576}], "protocol": "http_dash_segments", "format": "139 - audio only (DASH audio)", "http_headers": {"User-Agent": "Mozilla/5.0 (Windows NT 10.0; Win64; x64) AppleWebKit/537.36 (KHTML, like Gecko) Chrome/70.0.3538.112 Safari/537.36", "Accept-Charset": "ISO-8859-1,utf-8;q=0.7,*;q=0.7", "Accept": "text/html,application/xhtml+xml,application/xml;q=0.9,*/*;q=0.8", "Accept-Encoding": "gzip, deflate", "Accept-Language": "en-us,en;q=0.5"}}, {"ext": "m4a", "format_note": "DASH audio", "acodec": "mp4a.40.2", "abr": 128, "container": "m4a_dash", "format_id": "140", "manifest_url": "https://manifest.googlevideo.com/api/manifest/dash/expire/1608123788/ei/LLHZX8-_E9iRgQOFtbuwCA/ip/140.109.135.166/id/a6b5146b2b37d0c8/source/youtube/requiressl/yes/playback_host/r2---sn-5njj-u2xe.googlevideo.com/mh/HT/mm/31%2C29/mn/sn-5njj-u2xe%2Csn-un57sn7s/ms/au%2Crdu/mv/m/mvi/2/pcm2cms/yes/pl/16/tx/23722138/txs/23722138%2C23722139/hfr/all/as/fmp4_audio_clear%2Cwebm_audio_clear%2Cwebm2_audio_clear%2Cfmp4_sd_hd_clear%2Cwebm2_sd_hd_clear/initcwndbps/385000/vprv/1/mt/1608101795/fvip/2/keepalive/yes/itag/0/sparams/expire%2Cei%2Cip%2Cid%2Csource%2Crequiressl%2Ctx%2Ctxs%2Chfr%2Cas%2Cvprv%2Citag/sig/AOq0QJ8wRgIhALYF0I-8y74zuiCKKuokiOxtLE1DBp8yKf77BEnYZ933AiEA9K1NJER_zeLNxm-eUAjLqd-fqyZdvKNrxyet74wzSvA%3D/lsparams/playback_host%2Cmh%2Cmm%2Cmn%2Cms%2Cmv%2Cmvi%2Cpcm2cms%2Cpl%2Cinitcwndbps/lsig/AG3C_xAwRQIhAIbgT4-NymQvekncy5axu0PJV7bmvlYJcqUmva2pn4BYAiA7UbiQrsZTt91HCl07gRLkOENwdvuPvo3Sk-s8DeaNNQ%3D%3D", "width": null, "height": null, "tbr": 130.423, "asr": 44100, "fps": null, "language": null, "filesize": null, "vcodec": "none", "url": "https://manifest.googlevideo.com/api/manifest/dash/expire/1608123788/ei/LLHZX8-_E9iRgQOFtbuwCA/ip/140.109.135.166/id/a6b5146b2b37d0c8/source/youtube/requiressl/yes/playback_host/r2---sn-5njj-u2xe.googlevideo.com/mh/HT/mm/31%2C29/mn/sn-5njj-u2xe%2Csn-un57sn7s/ms/au%2Crdu/mv/m/mvi/2/pcm2cms/yes/pl/16/tx/23722138/txs/23722138%2C23722139/hfr/all/as/fmp4_audio_clear%2Cwebm_audio_clear%2Cwebm2_audio_clear%2Cfmp4_sd_hd_clear%2Cwebm2_sd_hd_clear/initcwndbps/385000/vprv/1/mt/1608101795/fvip/2/keepalive/yes/itag/0/sparams/expire%2Cei%2Cip%2Cid%2Csource%2Crequiressl%2Ctx%2Ctxs%2Chfr%2Cas%2Cvprv%2Citag/sig/AOq0QJ8wRgIhALYF0I-8y74zuiCKKuokiOxtLE1DBp8yKf77BEnYZ933AiEA9K1NJER_zeLNxm-eUAjLqd-fqyZdvKNrxyet74wzSvA%3D/lsparams/playback_host%2Cmh%2Cmm%2Cmn%2Cms%2Cmv%2Cmvi%2Cpcm2cms%2Cpl%2Cinitcwndbps/lsig/AG3C_xAwRQIhAIbgT4-NymQvekncy5axu0PJV7bmvlYJcqUmva2pn4BYAiA7UbiQrsZTt91HCl07gRLkOENwdvuPvo3Sk-s8DeaNNQ%3D%3D", "fragment_base_url": "https://r2---sn-5njj-u2xe.googlevideo.com/videoplayback/expire/1608123788/ei/LLHZX8-_E9iRgQOFtbuwCA/ip/140.109.135.166/id/a6b5146b2b37d0c8/itag/140/source/youtube/requiressl/yes/mh/HT/mm/31,29/mn/sn-5njj-u2xe,sn-un57sn7s/ms/au,rdu/mv/m/mvi/2/pcm2cms/yes/pl/16/initcwndbps/385000/vprv/1/ratebypass/yes/mime/audio%2Fmp4/otfp/1/gir/yes/clen/2158519/lmt/1606898264620585/dur/133.328/mt/1608101795/fvip/2/keepalive/yes/sparams/expire,ei,ip,id,itag,source,requiressl,vprv,ratebypass,mime,otfp,gir,clen,lmt,dur/sig/AOq0QJ8wRQIhAJ439Et74QUyDbz_lQw92cWW-jt-eeWbWmP4vRkEHQT1AiBThZzu_svnCis1FWo7XxOafnWyGCh-om6C9GfS3KWFNQ%3D%3D/lsparams/mh,mm,mn,ms,mv,mvi,pcm2cms,pl,initcwndbps/lsig/AG3C_xAwRgIhAMgfk-fZtDKhX5S2jSPq4MgL-L2hKZIMH5Tzd9fU6lyPAiEAphSVFIGF_K0yhbkJfu61fvbb19bNNKT6GZCMxvDJtqQ%3D/", "fragments": [{"path": "range/0-631"}, {"path": "range/832-162784", "duration": 9.985}, {"path": "range/162785-324367", "duration": 9.984}, {"path": "range/324368-485960", "duration": 9.985}, {"path": "range/485961-647522", "duration": 9.984}, {"path": "range/647523-809075", "duration": 9.985}, {"path": "range/809076-970644", "duration": 9.984}, {"path": "range/970645-1132313", "duration": 9.985}, {"path": "range/1132314-1293804", "duration": 9.985}, {"path": "range/1293805-1455310", "duration": 9.984}, {"path": "range/1455311-1617051", "duration": 9.985}, {"path": "range/1617052-1778599", "duration": 9.984}, {"path": "range/1778600-1940155", "duration": 9.985}, {"path": "range/1940156-2101664", "duration": 9.985}, {"path": "range/2101665-2158518", "duration": 3.576}], "protocol": "http_dash_segments", "format": "140 - audio only (DASH audio)", "http_headers": {"User-Agent": "Mozilla/5.0 (Windows NT 10.0; Win64; x64) AppleWebKit/537.36 (KHTML, like Gecko) Chrome/70.0.3538.112 Safari/537.36", "Accept-Charset": "ISO-8859-1,utf-8;q=0.7,*;q=0.7", "Accept": "text/html,application/xhtml+xml,application/xml;q=0.9,*/*;q=0.8", "Accept-Encoding": "gzip, deflate", "Accept-Language": "en-us,en;q=0.5"}}, {"ext": "webm", "format_note": "DASH audio", "acodec": "opus", "abr": 160, "format_id": "251", "manifest_url": "https://manifest.googlevideo.com/api/manifest/dash/expire/1608123788/ei/LLHZX8-_E9iRgQOFtbuwCA/ip/140.109.135.166/id/a6b5146b2b37d0c8/source/youtube/requiressl/yes/playback_host/r2---sn-5njj-u2xe.googlevideo.com/mh/HT/mm/31%2C29/mn/sn-5njj-u2xe%2Csn-un57sn7s/ms/au%2Crdu/mv/m/mvi/2/pcm2cms/yes/pl/16/tx/23722138/txs/23722138%2C23722139/hfr/all/as/fmp4_audio_clear%2Cwebm_audio_clear%2Cwebm2_audio_clear%2Cfmp4_sd_hd_clear%2Cwebm2_sd_hd_clear/initcwndbps/385000/vprv/1/mt/1608101795/fvip/2/keepalive/yes/itag/0/sparams/expire%2Cei%2Cip%2Cid%2Csource%2Crequiressl%2Ctx%2Ctxs%2Chfr%2Cas%2Cvprv%2Citag/sig/AOq0QJ8wRgIhALYF0I-8y74zuiCKKuokiOxtLE1DBp8yKf77BEnYZ933AiEA9K1NJER_zeLNxm-eUAjLqd-fqyZdvKNrxyet74wzSvA%3D/lsparams/playback_host%2Cmh%2Cmm%2Cmn%2Cms%2Cmv%2Cmvi%2Cpcm2cms%2Cpl%2Cinitcwndbps/lsig/AG3C_xAwRQIhAIbgT4-NymQvekncy5axu0PJV7bmvlYJcqUmva2pn4BYAiA7UbiQrsZTt91HCl07gRLkOENwdvuPvo3Sk-s8DeaNNQ%3D%3D", "width": null, "height": null, "tbr": 153.608, "asr": 48000, "fps": null, "language": null, "filesize": null, "container": "webm_dash", "vcodec": "none", "url": "https://manifest.googlevideo.com/api/manifest/dash/expire/1608123788/ei/LLHZX8-_E9iRgQOFtbuwCA/ip/140.109.135.166/id/a6b5146b2b37d0c8/source/youtube/requiressl/yes/playback_host/r2---sn-5njj-u2xe.googlevideo.com/mh/HT/mm/31%2C29/mn/sn-5njj-u2xe%2Csn-un57sn7s/ms/au%2Crdu/mv/m/mvi/2/pcm2cms/yes/pl/16/tx/23722138/txs/23722138%2C23722139/hfr/all/as/fmp4_audio_clear%2Cwebm_audio_clear%2Cwebm2_audio_clear%2Cfmp4_sd_hd_clear%2Cwebm2_sd_hd_clear/initcwndbps/385000/vprv/1/mt/1608101795/fvip/2/keepalive/yes/itag/0/sparams/expire%2Cei%2Cip%2Cid%2Csource%2Crequiressl%2Ctx%2Ctxs%2Chfr%2Cas%2Cvprv%2Citag/sig/AOq0QJ8wRgIhALYF0I-8y74zuiCKKuokiOxtLE1DBp8yKf77BEnYZ933AiEA9K1NJER_zeLNxm-eUAjLqd-fqyZdvKNrxyet74wzSvA%3D/lsparams/playback_host%2Cmh%2Cmm%2Cmn%2Cms%2Cmv%2Cmvi%2Cpcm2cms%2Cpl%2Cinitcwndbps/lsig/AG3C_xAwRQIhAIbgT4-NymQvekncy5axu0PJV7bmvlYJcqUmva2pn4BYAiA7UbiQrsZTt91HCl07gRLkOENwdvuPvo3Sk-s8DeaNNQ%3D%3D", "fragment_base_url": "https://r2---sn-5njj-u2xe.googlevideo.com/videoplayback/expire/1608123788/ei/LLHZX8-_E9iRgQOFtbuwCA/ip/140.109.135.166/id/a6b5146b2b37d0c8/itag/251/source/youtube/requiressl/yes/mh/HT/mm/31,29/mn/sn-5njj-u2xe,sn-un57sn7s/ms/au,rdu/mv/m/mvi/2/pcm2cms/yes/pl/16/initcwndbps/385000/vprv/1/ratebypass/yes/mime/audio%2Fwebm/otfp/1/gir/yes/clen/2488474/lmt/1606898260610421/dur/133.281/mt/1608101795/fvip/2/keepalive/yes/sparams/expire,ei,ip,id,itag,source,requiressl,vprv,ratebypass,mime,otfp,gir,clen,lmt,dur/sig/AOq0QJ8wRQIgXBv_5xnqTQnkhpOlPVJEMZ-Eqc5ptvOV1k_z41Y4AUgCIQDJ2XxfGZpf3Xu50I4n-cFMOzdqH6Wkl2StawCtiGWx0w%3D%3D/lsparams/mh,mm,mn,ms,mv,mvi,pcm2cms,pl,initcwndbps/lsig/AG3C_xAwRQIhAOf1zCYix3PtAeIyR14qbN0s4UnlVukyzlfeQO-QjNNhAiBXzrhB94iv2o6NUBGID-R9CSGoP1s-jSNlf0iHLawO8g%3D%3D/", "fragments": [{"path": "range/0-258"}, {"path": "range/494-186413", "duration": 10.001}, {"path": "range/186414-376169", "duration": 10.0}, {"path": "range/376170-565511", "duration": 10.0}, {"path": "range/565512-755114", "duration": 10.0}, {"path": "range/755115-942956", "duration": 10.0}, {"path": "range/942957-1129499", "duration": 10.0}, {"path": "range/1129500-1320233", "duration": 10.0}, {"path": "range/1320234-1510896", "duration": 10.0}, {"path": "range/1510897-1702906", "duration": 10.0}, {"path": "range/1702907-1891808", "duration": 10.0}, {"path": "range/1891809-2080739", "duration": 10.0}, {"path": "range/2080740-2270418", "duration": 10.0}, {"path": "range/2270419-2451035", "duration": 10.0}, {"path": "range/2451036-2488473", "duration": 3.28}], "protocol": "http_dash_segments", "format": "251 - audio only (DASH audio)", "http_headers": {"User-Agent": "Mozilla/5.0 (Windows NT 10.0; Win64; x64) AppleWebKit/537.36 (KHTML, like Gecko) Chrome/70.0.3538.112 Safari/537.36", "Accept-Charset": "ISO-8859-1,utf-8;q=0.7,*;q=0.7", "Accept": "text/html,application/xhtml+xml,application/xml;q=0.9,*/*;q=0.8", "Accept-Encoding": "gzip, deflate", "Accept-Language": "en-us,en;q=0.5"}}, {"ext": "webm", "height": 144, "format_note": "DASH video", "container": "webm_dash", "vcodec": "vp9", "format_id": "278", "manifest_url": "https://manifest.googlevideo.com/api/manifest/dash/expire/1608123788/ei/LLHZX8-_E9iRgQOFtbuwCA/ip/140.109.135.166/id/a6b5146b2b37d0c8/source/youtube/requiressl/yes/playback_host/r2---sn-5njj-u2xe.googlevideo.com/mh/HT/mm/31%2C29/mn/sn-5njj-u2xe%2Csn-un57sn7s/ms/au%2Crdu/mv/m/mvi/2/pcm2cms/yes/pl/16/tx/23722138/txs/23722138%2C23722139/hfr/all/as/fmp4_audio_clear%2Cwebm_audio_clear%2Cwebm2_audio_clear%2Cfmp4_sd_hd_clear%2Cwebm2_sd_hd_clear/initcwndbps/385000/vprv/1/mt/1608101795/fvip/2/keepalive/yes/itag/0/sparams/expire%2Cei%2Cip%2Cid%2Csource%2Crequiressl%2Ctx%2Ctxs%2Chfr%2Cas%2Cvprv%2Citag/sig/AOq0QJ8wRgIhALYF0I-8y74zuiCKKuokiOxtLE1DBp8yKf77BEnYZ933AiEA9K1NJER_zeLNxm-eUAjLqd-fqyZdvKNrxyet74wzSvA%3D/lsparams/playback_host%2Cmh%2Cmm%2Cmn%2Cms%2Cmv%2Cmvi%2Cpcm2cms%2Cpl%2Cinitcwndbps/lsig/AG3C_xAwRQIhAIbgT4-NymQvekncy5axu0PJV7bmvlYJcqUmva2pn4BYAiA7UbiQrsZTt91HCl07gRLkOENwdvuPvo3Sk-s8DeaNNQ%3D%3D", "width": 256, "tbr": 95.0, "asr": null, "fps": 30, "language": null, "filesize": null, "acodec": "none", "url": "https://manifest.googlevideo.com/api/manifest/dash/expire/1608123788/ei/LLHZX8-_E9iRgQOFtbuwCA/ip/140.109.135.166/id/a6b5146b2b37d0c8/source/youtube/requiressl/yes/playback_host/r2---sn-5njj-u2xe.googlevideo.com/mh/HT/mm/31%2C29/mn/sn-5njj-u2xe%2Csn-un57sn7s/ms/au%2Crdu/mv/m/mvi/2/pcm2cms/yes/pl/16/tx/23722138/txs/23722138%2C23722139/hfr/all/as/fmp4_audio_clear%2Cwebm_audio_clear%2Cwebm2_audio_clear%2Cfmp4_sd_hd_clear%2Cwebm2_sd_hd_clear/initcwndbps/385000/vprv/1/mt/1608101795/fvip/2/keepalive/yes/itag/0/sparams/expire%2Cei%2Cip%2Cid%2Csource%2Crequiressl%2Ctx%2Ctxs%2Chfr%2Cas%2Cvprv%2Citag/sig/AOq0QJ8wRgIhALYF0I-8y74zuiCKKuokiOxtLE1DBp8yKf77BEnYZ933AiEA9K1NJER_zeLNxm-eUAjLqd-fqyZdvKNrxyet74wzSvA%3D/lsparams/playback_host%2Cmh%2Cmm%2Cmn%2Cms%2Cmv%2Cmvi%2Cpcm2cms%2Cpl%2Cinitcwndbps/lsig/AG3C_xAwRQIhAIbgT4-NymQvekncy5axu0PJV7bmvlYJcqUmva2pn4BYAiA7UbiQrsZTt91HCl07gRLkOENwdvuPvo3Sk-s8DeaNNQ%3D%3D", "fragment_base_url": "https://r2---sn-5njj-u2xe.googlevideo.com/videoplayback/expire/1608123788/ei/LLHZX8-_E9iRgQOFtbuwCA/ip/140.109.135.166/id/a6b5146b2b37d0c8/itag/278/source/yt_otf/requiressl/yes/mh/HT/mm/31,29/mn/sn-5njj-u2xe,sn-un57sn7s/ms/au,rdu/mv/m/mvi/2/pcm2cms/yes/pl/16/initcwndbps/385000/vprv/1/ratebypass/yes/mime/video%2Fwebm/otfp/1/otf/1/lmt/1606898265612932/mt/1608101795/fvip/2/keepalive/yes/sparams/expire,ei,ip,id,itag,source,requiressl,vprv,ratebypass,mime,otfp,otf,lmt/sig/AOq0QJ8wRQIgbo9u2eU817kWgNy3GfNLVleWI50VvbQjuTDBwH8A12wCIQCfn7eS15ibHLJg3Ccl2fwuG_wtEh6J7HSqlli1v1Ozhg%3D%3D/lsparams/mh,mm,mn,ms,mv,mvi,pcm2cms,pl,initcwndbps/lsig/AG3C_xAwRQIhANdJUvPFGENwbn72NB4cemmiexB4qyXm_j14F9ubNuyMAiAuHdIIJ43_ScNjOxNGgQCuhP1J9HQVlLKxoztGgsyHeA%3D%3D/", "fragments": [{"path": "sq/0"}, {"path": "sq/1/dur/5.339", "duration": 5.339}, {"path": "sq/2/dur/5.338", "duration": 5.338}, {"path": "sq/3/dur/5.339", "duration": 5.339}, {"path": "sq/4/dur/5.339", "duration": 5.339}, {"path": "sq/5/dur/5.338", "duration": 5.338}, {"path": "sq/6/dur/5.339", "duration": 5.339}, {"path": "sq/7/dur/5.339", "duration": 5.339}, {"path": "sq/8/dur/5.338", "duration": 5.338}, {"path": "sq/9/dur/5.339", "duration": 5.339}, {"path": "sq/10/dur/5.339", "duration": 5.339}, {"path": "sq/11/dur/5.338", "duration": 5.338}, {"path": "sq/12/dur/5.339", "duration": 5.339}, {"path": "sq/13/dur/5.339", "duration": 5.339}, {"path": "sq/14/dur/5.338", "duration": 5.338}, {"path": "sq/15/dur/5.339", "duration": 5.339}, {"path": "sq/16/dur/5.339", "duration": 5.339}, {"path": "sq/17/dur/5.338", "duration": 5.338}, {"path": "sq/18/dur/5.339", "duration": 5.339}, {"path": "sq/19/dur/5.339", "duration": 5.339}, {"path": "sq/20/dur/5.338", "duration": 5.338}, {"path": "sq/21/dur/5.339", "duration": 5.339}, {"path": "sq/22/dur/5.339", "duration": 5.339}, {"path": "sq/23/dur/5.338", "duration": 5.338}, {"path": "sq/24/dur/5.339", "duration": 5.339}, {"path": "sq/25/dur/5.138", "duration": 5.138}], "protocol": "http_dash_segments", "format": "278 - 256x144 (DASH video)", "http_headers": {"User-Agent": "Mozilla/5.0 (Windows NT 10.0; Win64; x64) AppleWebKit/537.36 (KHTML, like Gecko) Chrome/70.0.3538.112 Safari/537.36", "Accept-Charset": "ISO-8859-1,utf-8;q=0.7,*;q=0.7", "Accept": "text/html,application/xhtml+xml,application/xml;q=0.9,*/*;q=0.8", "Accept-Encoding": "gzip, deflate", "Accept-Language": "en-us,en;q=0.5"}}, {"ext": "mp4", "height": 144, "format_note": "DASH video", "vcodec": "avc1.4d400b", "format_id": "160", "manifest_url": "https://manifest.googlevideo.com/api/manifest/dash/expire/1608123788/ei/LLHZX8-_E9iRgQOFtbuwCA/ip/140.109.135.166/id/a6b5146b2b37d0c8/source/youtube/requiressl/yes/playback_host/r2---sn-5njj-u2xe.googlevideo.com/mh/HT/mm/31%2C29/mn/sn-5njj-u2xe%2Csn-un57sn7s/ms/au%2Crdu/mv/m/mvi/2/pcm2cms/yes/pl/16/tx/23722138/txs/23722138%2C23722139/hfr/all/as/fmp4_audio_clear%2Cwebm_audio_clear%2Cwebm2_audio_clear%2Cfmp4_sd_hd_clear%2Cwebm2_sd_hd_clear/initcwndbps/385000/vprv/1/mt/1608101795/fvip/2/keepalive/yes/itag/0/sparams/expire%2Cei%2Cip%2Cid%2Csource%2Crequiressl%2Ctx%2Ctxs%2Chfr%2Cas%2Cvprv%2Citag/sig/AOq0QJ8wRgIhALYF0I-8y74zuiCKKuokiOxtLE1DBp8yKf77BEnYZ933AiEA9K1NJER_zeLNxm-eUAjLqd-fqyZdvKNrxyet74wzSvA%3D/lsparams/playback_host%2Cmh%2Cmm%2Cmn%2Cms%2Cmv%2Cmvi%2Cpcm2cms%2Cpl%2Cinitcwndbps/lsig/AG3C_xAwRQIhAIbgT4-NymQvekncy5axu0PJV7bmvlYJcqUmva2pn4BYAiA7UbiQrsZTt91HCl07gRLkOENwdvuPvo3Sk-s8DeaNNQ%3D%3D", "width": 256, "tbr": 108.0, "asr": null, "fps": 30, "language": null, "filesize": null, "container": "mp4_dash", "acodec": "none", "url": "https://manifest.googlevideo.com/api/manifest/dash/expire/1608123788/ei/LLHZX8-_E9iRgQOFtbuwCA/ip/140.109.135.166/id/a6b5146b2b37d0c8/source/youtube/requiressl/yes/playback_host/r2---sn-5njj-u2xe.googlevideo.com/mh/HT/mm/31%2C29/mn/sn-5njj-u2xe%2Csn-un57sn7s/ms/au%2Crdu/mv/m/mvi/2/pcm2cms/yes/pl/16/tx/23722138/txs/23722138%2C23722139/hfr/all/as/fmp4_audio_clear%2Cwebm_audio_clear%2Cwebm2_audio_clear%2Cfmp4_sd_hd_clear%2Cwebm2_sd_hd_clear/initcwndbps/385000/vprv/1/mt/1608101795/fvip/2/keepalive/yes/itag/0/sparams/expire%2Cei%2Cip%2Cid%2Csource%2Crequiressl%2Ctx%2Ctxs%2Chfr%2Cas%2Cvprv%2Citag/sig/AOq0QJ8wRgIhALYF0I-8y74zuiCKKuokiOxtLE1DBp8yKf77BEnYZ933AiEA9K1NJER_zeLNxm-eUAjLqd-fqyZdvKNrxyet74wzSvA%3D/lsparams/playback_host%2Cmh%2Cmm%2Cmn%2Cms%2Cmv%2Cmvi%2Cpcm2cms%2Cpl%2Cinitcwndbps/lsig/AG3C_xAwRQIhAIbgT4-NymQvekncy5axu0PJV7bmvlYJcqUmva2pn4BYAiA7UbiQrsZTt91HCl07gRLkOENwdvuPvo3Sk-s8DeaNNQ%3D%3D", "fragment_base_url": "https://r2---sn-5njj-u2xe.googlevideo.com/videoplayback/expire/1608123788/ei/LLHZX8-_E9iRgQOFtbuwCA/ip/140.109.135.166/id/a6b5146b2b37d0c8/itag/160/source/yt_otf/requiressl/yes/mh/HT/mm/31,29/mn/sn-5njj-u2xe,sn-un57sn7s/ms/au,rdu/mv/m/mvi/2/pcm2cms/yes/pl/16/initcwndbps/385000/vprv/1/ratebypass/yes/mime/video%2Fmp4/otfp/1/otf/1/lmt/1606898265612932/mt/1608101795/fvip/2/keepalive/yes/sparams/expire,ei,ip,id,itag,source,requiressl,vprv,ratebypass,mime,otfp,otf,lmt/sig/AOq0QJ8wRQIhAOnQRrhhQym0FVfOoWbYY7DmZv5l-zDhyHTeJvEy0-fAAiBFhQEpzLs7QJp1IMNrrk2LfJftgGPsRCedrUR1v6j45Q%3D%3D/lsparams/mh,mm,mn,ms,mv,mvi,pcm2cms,pl,initcwndbps/lsig/AG3C_xAwRQIgezjm8GYQ8F27DSAVXvc6lTXe1qBpqr6wBNU0fYZiQlsCIQD3iIvGAN3UZ8oVY_YFg_oLZ3B8xIntYkspNjcldHg-TQ%3D%3D/", "fragments": [{"path": "sq/0"}, {"path": "sq/1/dur/5.339", "duration": 5.339}, {"path": "sq/2/dur/5.338", "duration": 5.338}, {"path": "sq/3/dur/5.339", "duration": 5.339}, {"path": "sq/4/dur/5.339", "duration": 5.339}, {"path": "sq/5/dur/5.338", "duration": 5.338}, {"path": "sq/6/dur/5.339", "duration": 5.339}, {"path": "sq/7/dur/5.339", "duration": 5.339}, {"path": "sq/8/dur/5.338", "duration": 5.338}, {"path": "sq/9/dur/5.339", "duration": 5.339}, {"path": "sq/10/dur/5.339", "duration": 5.339}, {"path": "sq/11/dur/5.338", "duration": 5.338}, {"path": "sq/12/dur/5.339", "duration": 5.339}, {"path": "sq/13/dur/5.339", "duration": 5.339}, {"path": "sq/14/dur/5.338", "duration": 5.338}, {"path": "sq/15/dur/5.339", "duration": 5.339}, {"path": "sq/16/dur/5.339", "duration": 5.339}, {"path": "sq/17/dur/5.338", "duration": 5.338}, {"path": "sq/18/dur/5.339", "duration": 5.339}, {"path": "sq/19/dur/5.339", "duration": 5.339}, {"path": "sq/20/dur/5.338", "duration": 5.338}, {"path": "sq/21/dur/5.339", "duration": 5.339}, {"path": "sq/22/dur/5.339", "duration": 5.339}, {"path": "sq/23/dur/5.338", "duration": 5.338}, {"path": "sq/24/dur/5.339", "duration": 5.339}, {"path": "sq/25/dur/5.138", "duration": 5.138}], "protocol": "http_dash_segments", "format": "160 - 256x144 (DASH video)", "http_headers": {"User-Agent": "Mozilla/5.0 (Windows NT 10.0; Win64; x64) AppleWebKit/537.36 (KHTML, like Gecko) Chrome/70.0.3538.112 Safari/537.36", "Accept-Charset": "ISO-8859-1,utf-8;q=0.7,*;q=0.7", "Accept": "text/html,application/xhtml+xml,application/xml;q=0.9,*/*;q=0.8", "Accept-Encoding": "gzip, deflate", "Accept-Language": "en-us,en;q=0.5"}}, {"ext": "webm", "height": 240, "format_note": "DASH video", "vcodec": "vp9", "format_id": "242", "manifest_url": "https://manifest.googlevideo.com/api/manifest/dash/expire/1608123788/ei/LLHZX8-_E9iRgQOFtbuwCA/ip/140.109.135.166/id/a6b5146b2b37d0c8/source/youtube/requiressl/yes/playback_host/r2---sn-5njj-u2xe.googlevideo.com/mh/HT/mm/31%2C29/mn/sn-5njj-u2xe%2Csn-un57sn7s/ms/au%2Crdu/mv/m/mvi/2/pcm2cms/yes/pl/16/tx/23722138/txs/23722138%2C23722139/hfr/all/as/fmp4_audio_clear%2Cwebm_audio_clear%2Cwebm2_audio_clear%2Cfmp4_sd_hd_clear%2Cwebm2_sd_hd_clear/initcwndbps/385000/vprv/1/mt/1608101795/fvip/2/keepalive/yes/itag/0/sparams/expire%2Cei%2Cip%2Cid%2Csource%2Crequiressl%2Ctx%2Ctxs%2Chfr%2Cas%2Cvprv%2Citag/sig/AOq0QJ8wRgIhALYF0I-8y74zuiCKKuokiOxtLE1DBp8yKf77BEnYZ933AiEA9K1NJER_zeLNxm-eUAjLqd-fqyZdvKNrxyet74wzSvA%3D/lsparams/playback_host%2Cmh%2Cmm%2Cmn%2Cms%2Cmv%2Cmvi%2Cpcm2cms%2Cpl%2Cinitcwndbps/lsig/AG3C_xAwRQIhAIbgT4-NymQvekncy5axu0PJV7bmvlYJcqUmva2pn4BYAiA7UbiQrsZTt91HCl07gRLkOENwdvuPvo3Sk-s8DeaNNQ%3D%3D", "width": 426, "tbr": 220.5, "asr": null, "fps": 30, "language": null, "filesize": null, "container": "webm_dash", "acodec": "none", "url": "https://manifest.googlevideo.com/api/manifest/dash/expire/1608123788/ei/LLHZX8-_E9iRgQOFtbuwCA/ip/140.109.135.166/id/a6b5146b2b37d0c8/source/youtube/requiressl/yes/playback_host/r2---sn-5njj-u2xe.googlevideo.com/mh/HT/mm/31%2C29/mn/sn-5njj-u2xe%2Csn-un57sn7s/ms/au%2Crdu/mv/m/mvi/2/pcm2cms/yes/pl/16/tx/23722138/txs/23722138%2C23722139/hfr/all/as/fmp4_audio_clear%2Cwebm_audio_clear%2Cwebm2_audio_clear%2Cfmp4_sd_hd_clear%2Cwebm2_sd_hd_clear/initcwndbps/385000/vprv/1/mt/1608101795/fvip/2/keepalive/yes/itag/0/sparams/expire%2Cei%2Cip%2Cid%2Csource%2Crequiressl%2Ctx%2Ctxs%2Chfr%2Cas%2Cvprv%2Citag/sig/AOq0QJ8wRgIhALYF0I-8y74zuiCKKuokiOxtLE1DBp8yKf77BEnYZ933AiEA9K1NJER_zeLNxm-eUAjLqd-fqyZdvKNrxyet74wzSvA%3D/lsparams/playback_host%2Cmh%2Cmm%2Cmn%2Cms%2Cmv%2Cmvi%2Cpcm2cms%2Cpl%2Cinitcwndbps/lsig/AG3C_xAwRQIhAIbgT4-NymQvekncy5axu0PJV7bmvlYJcqUmva2pn4BYAiA7UbiQrsZTt91HCl07gRLkOENwdvuPvo3Sk-s8DeaNNQ%3D%3D", "fragment_base_url": "https://r2---sn-5njj-u2xe.googlevideo.com/videoplayback/expire/1608123788/ei/LLHZX8-_E9iRgQOFtbuwCA/ip/140.109.135.166/id/a6b5146b2b37d0c8/itag/242/source/yt_otf/requiressl/yes/mh/HT/mm/31,29/mn/sn-5njj-u2xe,sn-un57sn7s/ms/au,rdu/mv/m/mvi/2/pcm2cms/yes/pl/16/initcwndbps/385000/vprv/1/ratebypass/yes/mime/video%2Fwebm/otfp/1/otf/1/lmt/1606898265612932/mt/1608101795/fvip/2/keepalive/yes/sparams/expire,ei,ip,id,itag,source,requiressl,vprv,ratebypass,mime,otfp,otf,lmt/sig/AOq0QJ8wRgIhANke1lQ2GIq1FnUZEJzVF9KNgzfeu9aYrMfP-sTvYprxAiEAucACsboPio05xl7JDNqvXRUj-Lq-gCC8xgqQdRPKQ-I%3D/lsparams/mh,mm,mn,ms,mv,mvi,pcm2cms,pl,initcwndbps/lsig/AG3C_xAwRgIhAJEH8RikH7ydnf-FCNLDEXlMUook-I1j9vkY63AG4KFlAiEA9Fa0A-l4XJhxN2_OhH77aoiw16uAEMnypNVQPMBlQi8%3D/", "fragments": [{"path": "sq/0"}, {"path": "sq/1/dur/5.339", "duration": 5.339}, {"path": "sq/2/dur/5.338", "duration": 5.338}, {"path": "sq/3/dur/5.339", "duration": 5.339}, {"path": "sq/4/dur/5.339", "duration": 5.339}, {"path": "sq/5/dur/5.338", "duration": 5.338}, {"path": "sq/6/dur/5.339", "duration": 5.339}, {"path": "sq/7/dur/5.339", "duration": 5.339}, {"path": "sq/8/dur/5.338", "duration": 5.338}, {"path": "sq/9/dur/5.339", "duration": 5.339}, {"path": "sq/10/dur/5.339", "duration": 5.339}, {"path": "sq/11/dur/5.338", "duration": 5.338}, {"path": "sq/12/dur/5.339", "duration": 5.339}, {"path": "sq/13/dur/5.339", "duration": 5.339}, {"path": "sq/14/dur/5.338", "duration": 5.338}, {"path": "sq/15/dur/5.339", "duration": 5.339}, {"path": "sq/16/dur/5.339", "duration": 5.339}, {"path": "sq/17/dur/5.338", "duration": 5.338}, {"path": "sq/18/dur/5.339", "duration": 5.339}, {"path": "sq/19/dur/5.339", "duration": 5.339}, {"path": "sq/20/dur/5.338", "duration": 5.338}, {"path": "sq/21/dur/5.339", "duration": 5.339}, {"path": "sq/22/dur/5.339", "duration": 5.339}, {"path": "sq/23/dur/5.338", "duration": 5.338}, {"path": "sq/24/dur/5.339", "duration": 5.339}, {"path": "sq/25/dur/5.138", "duration": 5.138}], "protocol": "http_dash_segments", "format": "242 - 426x240 (DASH video)", "http_headers": {"User-Agent": "Mozilla/5.0 (Windows NT 10.0; Win64; x64) AppleWebKit/537.36 (KHTML, like Gecko) Chrome/70.0.3538.112 Safari/537.36", "Accept-Charset": "ISO-8859-1,utf-8;q=0.7,*;q=0.7", "Accept": "text/html,application/xhtml+xml,application/xml;q=0.9,*/*;q=0.8", "Accept-Encoding": "gzip, deflate", "Accept-Language": "en-us,en;q=0.5"}}, {"ext": "mp4", "height": 240, "format_note": "DASH video", "vcodec": "avc1.4d400c", "format_id": "133", "manifest_url": "https://manifest.googlevideo.com/api/manifest/dash/expire/1608123788/ei/LLHZX8-_E9iRgQOFtbuwCA/ip/140.109.135.166/id/a6b5146b2b37d0c8/source/youtube/requiressl/yes/playback_host/r2---sn-5njj-u2xe.googlevideo.com/mh/HT/mm/31%2C29/mn/sn-5njj-u2xe%2Csn-un57sn7s/ms/au%2Crdu/mv/m/mvi/2/pcm2cms/yes/pl/16/tx/23722138/txs/23722138%2C23722139/hfr/all/as/fmp4_audio_clear%2Cwebm_audio_clear%2Cwebm2_audio_clear%2Cfmp4_sd_hd_clear%2Cwebm2_sd_hd_clear/initcwndbps/385000/vprv/1/mt/1608101795/fvip/2/keepalive/yes/itag/0/sparams/expire%2Cei%2Cip%2Cid%2Csource%2Crequiressl%2Ctx%2Ctxs%2Chfr%2Cas%2Cvprv%2Citag/sig/AOq0QJ8wRgIhALYF0I-8y74zuiCKKuokiOxtLE1DBp8yKf77BEnYZ933AiEA9K1NJER_zeLNxm-eUAjLqd-fqyZdvKNrxyet74wzSvA%3D/lsparams/playback_host%2Cmh%2Cmm%2Cmn%2Cms%2Cmv%2Cmvi%2Cpcm2cms%2Cpl%2Cinitcwndbps/lsig/AG3C_xAwRQIhAIbgT4-NymQvekncy5axu0PJV7bmvlYJcqUmva2pn4BYAiA7UbiQrsZTt91HCl07gRLkOENwdvuPvo3Sk-s8DeaNNQ%3D%3D", "width": 426, "tbr": 242.0, "asr": null, "fps": 30, "language": null, "filesize": null, "container": "mp4_dash", "acodec": "none", "url": "https://manifest.googlevideo.com/api/manifest/dash/expire/1608123788/ei/LLHZX8-_E9iRgQOFtbuwCA/ip/140.109.135.166/id/a6b5146b2b37d0c8/source/youtube/requiressl/yes/playback_host/r2---sn-5njj-u2xe.googlevideo.com/mh/HT/mm/31%2C29/mn/sn-5njj-u2xe%2Csn-un57sn7s/ms/au%2Crdu/mv/m/mvi/2/pcm2cms/yes/pl/16/tx/23722138/txs/23722138%2C23722139/hfr/all/as/fmp4_audio_clear%2Cwebm_audio_clear%2Cwebm2_audio_clear%2Cfmp4_sd_hd_clear%2Cwebm2_sd_hd_clear/initcwndbps/385000/vprv/1/mt/1608101795/fvip/2/keepalive/yes/itag/0/sparams/expire%2Cei%2Cip%2Cid%2Csource%2Crequiressl%2Ctx%2Ctxs%2Chfr%2Cas%2Cvprv%2Citag/sig/AOq0QJ8wRgIhALYF0I-8y74zuiCKKuokiOxtLE1DBp8yKf77BEnYZ933AiEA9K1NJER_zeLNxm-eUAjLqd-fqyZdvKNrxyet74wzSvA%3D/lsparams/playback_host%2Cmh%2Cmm%2Cmn%2Cms%2Cmv%2Cmvi%2Cpcm2cms%2Cpl%2Cinitcwndbps/lsig/AG3C_xAwRQIhAIbgT4-NymQvekncy5axu0PJV7bmvlYJcqUmva2pn4BYAiA7UbiQrsZTt91HCl07gRLkOENwdvuPvo3Sk-s8DeaNNQ%3D%3D", "fragment_base_url": "https://r2---sn-5njj-u2xe.googlevideo.com/videoplayback/expire/1608123788/ei/LLHZX8-_E9iRgQOFtbuwCA/ip/140.109.135.166/id/a6b5146b2b37d0c8/itag/133/source/yt_otf/requiressl/yes/mh/HT/mm/31,29/mn/sn-5njj-u2xe,sn-un57sn7s/ms/au,rdu/mv/m/mvi/2/pcm2cms/yes/pl/16/initcwndbps/385000/vprv/1/ratebypass/yes/mime/video%2Fmp4/otfp/1/otf/1/lmt/1606898265612932/mt/1608101795/fvip/2/keepalive/yes/sparams/expire,ei,ip,id,itag,source,requiressl,vprv,ratebypass,mime,otfp,otf,lmt/sig/AOq0QJ8wRAIgXHpwFbfdPjIeowscZiPnllCkel6IDo2_9W3A4z7-Gk0CIGuom5wP7zaVBX3vc9nN5lT_v_sJRfiumA6MotHfqv11/lsparams/mh,mm,mn,ms,mv,mvi,pcm2cms,pl,initcwndbps/lsig/AG3C_xAwRQIhALN6I0bqa-4wtPSVsKS4su1Zwxrpk-k1SSf2POOgXuIcAiAd0x8AlXgMRPNwiz_4HHJDsC9XnnfSoreXVa6ZHw6L2w%3D%3D/", "fragments": [{"path": "sq/0"}, {"path": "sq/1/dur/5.339", "duration": 5.339}, {"path": "sq/2/dur/5.338", "duration": 5.338}, {"path": "sq/3/dur/5.339", "duration": 5.339}, {"path": "sq/4/dur/5.339", "duration": 5.339}, {"path": "sq/5/dur/5.338", "duration": 5.338}, {"path": "sq/6/dur/5.339", "duration": 5.339}, {"path": "sq/7/dur/5.339", "duration": 5.339}, {"path": "sq/8/dur/5.338", "duration": 5.338}, {"path": "sq/9/dur/5.339", "duration": 5.339}, {"path": "sq/10/dur/5.339", "duration": 5.339}, {"path": "sq/11/dur/5.338", "duration": 5.338}, {"path": "sq/12/dur/5.339", "duration": 5.339}, {"path": "sq/13/dur/5.339", "duration": 5.339}, {"path": "sq/14/dur/5.338", "duration": 5.338}, {"path": "sq/15/dur/5.339", "duration": 5.339}, {"path": "sq/16/dur/5.339", "duration": 5.339}, {"path": "sq/17/dur/5.338", "duration": 5.338}, {"path": "sq/18/dur/5.339", "duration": 5.339}, {"path": "sq/19/dur/5.339", "duration": 5.339}, {"path": "sq/20/dur/5.338", "duration": 5.338}, {"path": "sq/21/dur/5.339", "duration": 5.339}, {"path": "sq/22/dur/5.339", "duration": 5.339}, {"path": "sq/23/dur/5.338", "duration": 5.338}, {"path": "sq/24/dur/5.339", "duration": 5.339}, {"path": "sq/25/dur/5.138", "duration": 5.138}], "protocol": "http_dash_segments", "format": "133 - 426x240 (DASH video)", "http_headers": {"User-Agent": "Mozilla/5.0 (Windows NT 10.0; Win64; x64) AppleWebKit/537.36 (KHTML, like Gecko) Chrome/70.0.3538.112 Safari/537.36", "Accept-Charset": "ISO-8859-1,utf-8;q=0.7,*;q=0.7", "Accept": "text/html,application/xhtml+xml,application/xml;q=0.9,*/*;q=0.8", "Accept-Encoding": "gzip, deflate", "Accept-Language": "en-us,en;q=0.5"}}, {"ext": "mp4", "height": 360, "format_note": "DASH video", "vcodec": "avc1.4d401e", "format_id": "134", "manifest_url": "https://manifest.googlevideo.com/api/manifest/dash/expire/1608123788/ei/LLHZX8-_E9iRgQOFtbuwCA/ip/140.109.135.166/id/a6b5146b2b37d0c8/source/youtube/requiressl/yes/playback_host/r2---sn-5njj-u2xe.googlevideo.com/mh/HT/mm/31%2C29/mn/sn-5njj-u2xe%2Csn-un57sn7s/ms/au%2Crdu/mv/m/mvi/2/pcm2cms/yes/pl/16/tx/23722138/txs/23722138%2C23722139/hfr/all/as/fmp4_audio_clear%2Cwebm_audio_clear%2Cwebm2_audio_clear%2Cfmp4_sd_hd_clear%2Cwebm2_sd_hd_clear/initcwndbps/385000/vprv/1/mt/1608101795/fvip/2/keepalive/yes/itag/0/sparams/expire%2Cei%2Cip%2Cid%2Csource%2Crequiressl%2Ctx%2Ctxs%2Chfr%2Cas%2Cvprv%2Citag/sig/AOq0QJ8wRgIhALYF0I-8y74zuiCKKuokiOxtLE1DBp8yKf77BEnYZ933AiEA9K1NJER_zeLNxm-eUAjLqd-fqyZdvKNrxyet74wzSvA%3D/lsparams/playback_host%2Cmh%2Cmm%2Cmn%2Cms%2Cmv%2Cmvi%2Cpcm2cms%2Cpl%2Cinitcwndbps/lsig/AG3C_xAwRQIhAIbgT4-NymQvekncy5axu0PJV7bmvlYJcqUmva2pn4BYAiA7UbiQrsZTt91HCl07gRLkOENwdvuPvo3Sk-s8DeaNNQ%3D%3D", "width": 640, "tbr": 324.937, "asr": null, "fps": 30, "language": null, "filesize": null, "container": "mp4_dash", "acodec": "none", "url": "https://manifest.googlevideo.com/api/manifest/dash/expire/1608123788/ei/LLHZX8-_E9iRgQOFtbuwCA/ip/140.109.135.166/id/a6b5146b2b37d0c8/source/youtube/requiressl/yes/playback_host/r2---sn-5njj-u2xe.googlevideo.com/mh/HT/mm/31%2C29/mn/sn-5njj-u2xe%2Csn-un57sn7s/ms/au%2Crdu/mv/m/mvi/2/pcm2cms/yes/pl/16/tx/23722138/txs/23722138%2C23722139/hfr/all/as/fmp4_audio_clear%2Cwebm_audio_clear%2Cwebm2_audio_clear%2Cfmp4_sd_hd_clear%2Cwebm2_sd_hd_clear/initcwndbps/385000/vprv/1/mt/1608101795/fvip/2/keepalive/yes/itag/0/sparams/expire%2Cei%2Cip%2Cid%2Csource%2Crequiressl%2Ctx%2Ctxs%2Chfr%2Cas%2Cvprv%2Citag/sig/AOq0QJ8wRgIhALYF0I-8y74zuiCKKuokiOxtLE1DBp8yKf77BEnYZ933AiEA9K1NJER_zeLNxm-eUAjLqd-fqyZdvKNrxyet74wzSvA%3D/lsparams/playback_host%2Cmh%2Cmm%2Cmn%2Cms%2Cmv%2Cmvi%2Cpcm2cms%2Cpl%2Cinitcwndbps/lsig/AG3C_xAwRQIhAIbgT4-NymQvekncy5axu0PJV7bmvlYJcqUmva2pn4BYAiA7UbiQrsZTt91HCl07gRLkOENwdvuPvo3Sk-s8DeaNNQ%3D%3D", "fragment_base_url": "https://r2---sn-5njj-u2xe.googlevideo.com/videoplayback/expire/1608123788/ei/LLHZX8-_E9iRgQOFtbuwCA/ip/140.109.135.166/id/a6b5146b2b37d0c8/itag/134/source/youtube/requiressl/yes/mh/HT/mm/31,29/mn/sn-5njj-u2xe,sn-un57sn7s/ms/au,rdu/mv/m/mvi/2/pcm2cms/yes/pl/16/initcwndbps/385000/vprv/1/ratebypass/yes/mime/video%2Fmp4/otfp/1/gir/yes/clen/4372181/lmt/1606898265612836/dur/133.266/mt/1608101795/fvip/2/keepalive/yes/sparams/expire,ei,ip,id,itag,source,requiressl,vprv,ratebypass,mime,otfp,gir,clen,lmt,dur/sig/AOq0QJ8wRgIhAMbeg8pfjBQh9mTJxDR2AKHrcHRl6wPeCjNhWR-cAXGhAiEA8H8zYfYAlkI0FA8XJLMWhSE-o-qySLuy7ErmOR102Qg%3D/lsparams/mh,mm,mn,ms,mv,mvi,pcm2cms,pl,initcwndbps/lsig/AG3C_xAwRgIhAO_odcsAqQPTcHOZYr1QUH_PAdi-yJXHg6Lkwm9nb8y-AiEAySS4Ts1hCsYrDXyfQdjYgz3YX2ql8DeQ_io6k5UuDuk%3D/", "fragments": [{"path": "range/0-738"}, {"path": "range/1071-177626", "duration": 5.339}, {"path": "range/177627-336736", "duration": 5.338}, {"path": "range/336737-497751", "duration": 5.339}, {"path": "range/497752-661850", "duration": 5.339}, {"path": "range/661851-840545", "duration": 5.338}, {"path": "range/840546-1036425", "duration": 5.339}, {"path": "range/1036426-1240229", "duration": 5.339}, {"path": "range/1240230-1448798", "duration": 5.338}, {"path": "range/1448799-1665653", "duration": 5.339}, {"path": "range/1665654-1879728", "duration": 5.339}, {"path": "range/1879729-2091478", "duration": 5.338}, {"path": "range/2091479-2300799", "duration": 5.339}, {"path": "range/2300800-2497760", "duration": 5.339}, {"path": "range/2497761-2686503", "duration": 5.338}, {"path": "range/2686504-2863307", "duration": 5.339}, {"path": "range/2863308-3033329", "duration": 5.339}, {"path": "range/3033330-3197310", "duration": 5.338}, {"path": "range/3197311-3356226", "duration": 5.339}, {"path": "range/3356227-3514201", "duration": 5.339}, {"path": "range/3514202-3664723", "duration": 5.338}, {"path": "range/3664724-3813890", "duration": 5.339}, {"path": "range/3813891-3962234", "duration": 5.339}, {"path": "range/3962235-4109011", "duration": 5.338}, {"path": "range/4109012-4258851", "duration": 5.339}, {"path": "range/4258852-4372180", "duration": 5.138}], "protocol": "http_dash_segments", "format": "134 - 640x360 (DASH video)", "http_headers": {"User-Agent": "Mozilla/5.0 (Windows NT 10.0; Win64; x64) AppleWebKit/537.36 (KHTML, like Gecko) Chrome/70.0.3538.112 Safari/537.36", "Accept-Charset": "ISO-8859-1,utf-8;q=0.7,*;q=0.7", "Accept": "text/html,application/xhtml+xml,application/xml;q=0.9,*/*;q=0.8", "Accept-Encoding": "gzip, deflate", "Accept-Language": "en-us,en;q=0.5"}}, {"ext": "webm", "height": 360, "format_note": "DASH video", "vcodec": "vp9", "format_id": "243", "manifest_url": "https://manifest.googlevideo.com/api/manifest/dash/expire/1608123788/ei/LLHZX8-_E9iRgQOFtbuwCA/ip/140.109.135.166/id/a6b5146b2b37d0c8/source/youtube/requiressl/yes/playback_host/r2---sn-5njj-u2xe.googlevideo.com/mh/HT/mm/31%2C29/mn/sn-5njj-u2xe%2Csn-un57sn7s/ms/au%2Crdu/mv/m/mvi/2/pcm2cms/yes/pl/16/tx/23722138/txs/23722138%2C23722139/hfr/all/as/fmp4_audio_clear%2Cwebm_audio_clear%2Cwebm2_audio_clear%2Cfmp4_sd_hd_clear%2Cwebm2_sd_hd_clear/initcwndbps/385000/vprv/1/mt/1608101795/fvip/2/keepalive/yes/itag/0/sparams/expire%2Cei%2Cip%2Cid%2Csource%2Crequiressl%2Ctx%2Ctxs%2Chfr%2Cas%2Cvprv%2Citag/sig/AOq0QJ8wRgIhALYF0I-8y74zuiCKKuokiOxtLE1DBp8yKf77BEnYZ933AiEA9K1NJER_zeLNxm-eUAjLqd-fqyZdvKNrxyet74wzSvA%3D/lsparams/playback_host%2Cmh%2Cmm%2Cmn%2Cms%2Cmv%2Cmvi%2Cpcm2cms%2Cpl%2Cinitcwndbps/lsig/AG3C_xAwRQIhAIbgT4-NymQvekncy5axu0PJV7bmvlYJcqUmva2pn4BYAiA7UbiQrsZTt91HCl07gRLkOENwdvuPvo3Sk-s8DeaNNQ%3D%3D", "width": 640, "tbr": 405.72, "asr": null, "fps": 30, "language": null, "filesize": null, "container": "webm_dash", "acodec": "none", "url": "https://manifest.googlevideo.com/api/manifest/dash/expire/1608123788/ei/LLHZX8-_E9iRgQOFtbuwCA/ip/140.109.135.166/id/a6b5146b2b37d0c8/source/youtube/requiressl/yes/playback_host/r2---sn-5njj-u2xe.googlevideo.com/mh/HT/mm/31%2C29/mn/sn-5njj-u2xe%2Csn-un57sn7s/ms/au%2Crdu/mv/m/mvi/2/pcm2cms/yes/pl/16/tx/23722138/txs/23722138%2C23722139/hfr/all/as/fmp4_audio_clear%2Cwebm_audio_clear%2Cwebm2_audio_clear%2Cfmp4_sd_hd_clear%2Cwebm2_sd_hd_clear/initcwndbps/385000/vprv/1/mt/1608101795/fvip/2/keepalive/yes/itag/0/sparams/expire%2Cei%2Cip%2Cid%2Csource%2Crequiressl%2Ctx%2Ctxs%2Chfr%2Cas%2Cvprv%2Citag/sig/AOq0QJ8wRgIhALYF0I-8y74zuiCKKuokiOxtLE1DBp8yKf77BEnYZ933AiEA9K1NJER_zeLNxm-eUAjLqd-fqyZdvKNrxyet74wzSvA%3D/lsparams/playback_host%2Cmh%2Cmm%2Cmn%2Cms%2Cmv%2Cmvi%2Cpcm2cms%2Cpl%2Cinitcwndbps/lsig/AG3C_xAwRQIhAIbgT4-NymQvekncy5axu0PJV7bmvlYJcqUmva2pn4BYAiA7UbiQrsZTt91HCl07gRLkOENwdvuPvo3Sk-s8DeaNNQ%3D%3D", "fragment_base_url": "https://r2---sn-5njj-u2xe.googlevideo.com/videoplayback/expire/1608123788/ei/LLHZX8-_E9iRgQOFtbuwCA/ip/140.109.135.166/id/a6b5146b2b37d0c8/itag/243/source/yt_otf/requiressl/yes/mh/HT/mm/31,29/mn/sn-5njj-u2xe,sn-un57sn7s/ms/au,rdu/mv/m/mvi/2/pcm2cms/yes/pl/16/initcwndbps/385000/vprv/1/ratebypass/yes/mime/video%2Fwebm/otfp/1/otf/1/lmt/1606898265612932/mt/1608101795/fvip/2/keepalive/yes/sparams/expire,ei,ip,id,itag,source,requiressl,vprv,ratebypass,mime,otfp,otf,lmt/sig/AOq0QJ8wRQIgPIacRMPkDkKxkB9N7_iOfHzdNClzbOczVrAmCd2Rb5ICIQDVHgE8WT0PA9Fdw6ADsZj8nB9FpZFipcdKWUSOXt1MZg%3D%3D/lsparams/mh,mm,mn,ms,mv,mvi,pcm2cms,pl,initcwndbps/lsig/AG3C_xAwRQIhAMYFcZC-bsg8tu6TTZpsdVxjDet9QrjEVkVcWhem00PZAiBqjjPjCPgxGyyNo83-daZgwa0gYHOjeF8ymttEieQByw%3D%3D/", "fragments": [{"path": "sq/0"}, {"path": "sq/1/dur/5.339", "duration": 5.339}, {"path": "sq/2/dur/5.338", "duration": 5.338}, {"path": "sq/3/dur/5.339", "duration": 5.339}, {"path": "sq/4/dur/5.339", "duration": 5.339}, {"path": "sq/5/dur/5.338", "duration": 5.338}, {"path": "sq/6/dur/5.339", "duration": 5.339}, {"path": "sq/7/dur/5.339", "duration": 5.339}, {"path": "sq/8/dur/5.338", "duration": 5.338}, {"path": "sq/9/dur/5.339", "duration": 5.339}, {"path": "sq/10/dur/5.339", "duration": 5.339}, {"path": "sq/11/dur/5.338", "duration": 5.338}, {"path": "sq/12/dur/5.339", "duration": 5.339}, {"path": "sq/13/dur/5.339", "duration": 5.339}, {"path": "sq/14/dur/5.338", "duration": 5.338}, {"path": "sq/15/dur/5.339", "duration": 5.339}, {"path": "sq/16/dur/5.339", "duration": 5.339}, {"path": "sq/17/dur/5.338", "duration": 5.338}, {"path": "sq/18/dur/5.339", "duration": 5.339}, {"path": "sq/19/dur/5.339", "duration": 5.339}, {"path": "sq/20/dur/5.338", "duration": 5.338}, {"path": "sq/21/dur/5.339", "duration": 5.339}, {"path": "sq/22/dur/5.339", "duration": 5.339}, {"path": "sq/23/dur/5.338", "duration": 5.338}, {"path": "sq/24/dur/5.339", "duration": 5.339}, {"path": "sq/25/dur/5.138", "duration": 5.138}], "protocol": "http_dash_segments", "format": "243 - 640x360 (DASH video)", "http_headers": {"User-Agent": "Mozilla/5.0 (Windows NT 10.0; Win64; x64) AppleWebKit/537.36 (KHTML, like Gecko) Chrome/70.0.3538.112 Safari/537.36", "Accept-Charset": "ISO-8859-1,utf-8;q=0.7,*;q=0.7", "Accept": "text/html,application/xhtml+xml,application/xml;q=0.9,*/*;q=0.8", "Accept-Encoding": "gzip, deflate", "Accept-Language": "en-us,en;q=0.5"}}, {"ext": "webm", "height": 480, "format_note": "DASH video", "vcodec": "vp9", "format_id": "244", "manifest_url": "https://manifest.googlevideo.com/api/manifest/dash/expire/1608123788/ei/LLHZX8-_E9iRgQOFtbuwCA/ip/140.109.135.166/id/a6b5146b2b37d0c8/source/youtube/requiressl/yes/playback_host/r2---sn-5njj-u2xe.googlevideo.com/mh/HT/mm/31%2C29/mn/sn-5njj-u2xe%2Csn-un57sn7s/ms/au%2Crdu/mv/m/mvi/2/pcm2cms/yes/pl/16/tx/23722138/txs/23722138%2C23722139/hfr/all/as/fmp4_audio_clear%2Cwebm_audio_clear%2Cwebm2_audio_clear%2Cfmp4_sd_hd_clear%2Cwebm2_sd_hd_clear/initcwndbps/385000/vprv/1/mt/1608101795/fvip/2/keepalive/yes/itag/0/sparams/expire%2Cei%2Cip%2Cid%2Csource%2Crequiressl%2Ctx%2Ctxs%2Chfr%2Cas%2Cvprv%2Citag/sig/AOq0QJ8wRgIhALYF0I-8y74zuiCKKuokiOxtLE1DBp8yKf77BEnYZ933AiEA9K1NJER_zeLNxm-eUAjLqd-fqyZdvKNrxyet74wzSvA%3D/lsparams/playback_host%2Cmh%2Cmm%2Cmn%2Cms%2Cmv%2Cmvi%2Cpcm2cms%2Cpl%2Cinitcwndbps/lsig/AG3C_xAwRQIhAIbgT4-NymQvekncy5axu0PJV7bmvlYJcqUmva2pn4BYAiA7UbiQrsZTt91HCl07gRLkOENwdvuPvo3Sk-s8DeaNNQ%3D%3D", "width": 854, "tbr": 752.64, "asr": null, "fps": 30, "language": null, "filesize": null, "container": "webm_dash", "acodec": "none", "url": "https://manifest.googlevideo.com/api/manifest/dash/expire/1608123788/ei/LLHZX8-_E9iRgQOFtbuwCA/ip/140.109.135.166/id/a6b5146b2b37d0c8/source/youtube/requiressl/yes/playback_host/r2---sn-5njj-u2xe.googlevideo.com/mh/HT/mm/31%2C29/mn/sn-5njj-u2xe%2Csn-un57sn7s/ms/au%2Crdu/mv/m/mvi/2/pcm2cms/yes/pl/16/tx/23722138/txs/23722138%2C23722139/hfr/all/as/fmp4_audio_clear%2Cwebm_audio_clear%2Cwebm2_audio_clear%2Cfmp4_sd_hd_clear%2Cwebm2_sd_hd_clear/initcwndbps/385000/vprv/1/mt/1608101795/fvip/2/keepalive/yes/itag/0/sparams/expire%2Cei%2Cip%2Cid%2Csource%2Crequiressl%2Ctx%2Ctxs%2Chfr%2Cas%2Cvprv%2Citag/sig/AOq0QJ8wRgIhALYF0I-8y74zuiCKKuokiOxtLE1DBp8yKf77BEnYZ933AiEA9K1NJER_zeLNxm-eUAjLqd-fqyZdvKNrxyet74wzSvA%3D/lsparams/playback_host%2Cmh%2Cmm%2Cmn%2Cms%2Cmv%2Cmvi%2Cpcm2cms%2Cpl%2Cinitcwndbps/lsig/AG3C_xAwRQIhAIbgT4-NymQvekncy5axu0PJV7bmvlYJcqUmva2pn4BYAiA7UbiQrsZTt91HCl07gRLkOENwdvuPvo3Sk-s8DeaNNQ%3D%3D", "fragment_base_url": "https://r2---sn-5njj-u2xe.googlevideo.com/videoplayback/expire/1608123788/ei/LLHZX8-_E9iRgQOFtbuwCA/ip/140.109.135.166/id/a6b5146b2b37d0c8/itag/244/source/yt_otf/requiressl/yes/mh/HT/mm/31,29/mn/sn-5njj-u2xe,sn-un57sn7s/ms/au,rdu/mv/m/mvi/2/pcm2cms/yes/pl/16/initcwndbps/385000/vprv/1/ratebypass/yes/mime/video%2Fwebm/otfp/1/otf/1/lmt/1606898265612932/mt/1608101795/fvip/2/keepalive/yes/sparams/expire,ei,ip,id,itag,source,requiressl,vprv,ratebypass,mime,otfp,otf,lmt/sig/AOq0QJ8wRQIhAKV0jut3tA8HvIsJRCobkSXJLIDHpzTf_-7kgLxBzJafAiA6tJHYLIplRFK2Mt2q0SFK5QU-invwxS_FptYTklr0Gg%3D%3D/lsparams/mh,mm,mn,ms,mv,mvi,pcm2cms,pl,initcwndbps/lsig/AG3C_xAwRgIhAPXAkFvpCDV0TlNSf_ZGx1SkWW_kz9TH2601lDQu16hcAiEAv8rXT02ZNvhpoZPk3qqqZ-eakIByHFdLq9FYXfNnaPE%3D/", "fragments": [{"path": "sq/0"}, {"path": "sq/1/dur/5.339", "duration": 5.339}, {"path": "sq/2/dur/5.338", "duration": 5.338}, {"path": "sq/3/dur/5.339", "duration": 5.339}, {"path": "sq/4/dur/5.339", "duration": 5.339}, {"path": "sq/5/dur/5.338", "duration": 5.338}, {"path": "sq/6/dur/5.339", "duration": 5.339}, {"path": "sq/7/dur/5.339", "duration": 5.339}, {"path": "sq/8/dur/5.338", "duration": 5.338}, {"path": "sq/9/dur/5.339", "duration": 5.339}, {"path": "sq/10/dur/5.339", "duration": 5.339}, {"path": "sq/11/dur/5.338", "duration": 5.338}, {"path": "sq/12/dur/5.339", "duration": 5.339}, {"path": "sq/13/dur/5.339", "duration": 5.339}, {"path": "sq/14/dur/5.338", "duration": 5.338}, {"path": "sq/15/dur/5.339", "duration": 5.339}, {"path": "sq/16/dur/5.339", "duration": 5.339}, {"path": "sq/17/dur/5.338", "duration": 5.338}, {"path": "sq/18/dur/5.339", "duration": 5.339}, {"path": "sq/19/dur/5.339", "duration": 5.339}, {"path": "sq/20/dur/5.338", "duration": 5.338}, {"path": "sq/21/dur/5.339", "duration": 5.339}, {"path": "sq/22/dur/5.339", "duration": 5.339}, {"path": "sq/23/dur/5.338", "duration": 5.338}, {"path": "sq/24/dur/5.339", "duration": 5.339}, {"path": "sq/25/dur/5.138", "duration": 5.138}], "protocol": "http_dash_segments", "format": "244 - 854x480 (DASH video)", "http_headers": {"User-Agent": "Mozilla/5.0 (Windows NT 10.0; Win64; x64) AppleWebKit/537.36 (KHTML, like Gecko) Chrome/70.0.3538.112 Safari/537.36", "Accept-Charset": "ISO-8859-1,utf-8;q=0.7,*;q=0.7", "Accept": "text/html,application/xhtml+xml,application/xml;q=0.9,*/*;q=0.8", "Accept-Encoding": "gzip, deflate", "Accept-Language": "en-us,en;q=0.5"}}, {"ext": "mp4", "height": 480, "format_note": "DASH video", "vcodec": "avc1.4d4014", "format_id": "135", "manifest_url": "https://manifest.googlevideo.com/api/manifest/dash/expire/1608123788/ei/LLHZX8-_E9iRgQOFtbuwCA/ip/140.109.135.166/id/a6b5146b2b37d0c8/source/youtube/requiressl/yes/playback_host/r2---sn-5njj-u2xe.googlevideo.com/mh/HT/mm/31%2C29/mn/sn-5njj-u2xe%2Csn-un57sn7s/ms/au%2Crdu/mv/m/mvi/2/pcm2cms/yes/pl/16/tx/23722138/txs/23722138%2C23722139/hfr/all/as/fmp4_audio_clear%2Cwebm_audio_clear%2Cwebm2_audio_clear%2Cfmp4_sd_hd_clear%2Cwebm2_sd_hd_clear/initcwndbps/385000/vprv/1/mt/1608101795/fvip/2/keepalive/yes/itag/0/sparams/expire%2Cei%2Cip%2Cid%2Csource%2Crequiressl%2Ctx%2Ctxs%2Chfr%2Cas%2Cvprv%2Citag/sig/AOq0QJ8wRgIhALYF0I-8y74zuiCKKuokiOxtLE1DBp8yKf77BEnYZ933AiEA9K1NJER_zeLNxm-eUAjLqd-fqyZdvKNrxyet74wzSvA%3D/lsparams/playback_host%2Cmh%2Cmm%2Cmn%2Cms%2Cmv%2Cmvi%2Cpcm2cms%2Cpl%2Cinitcwndbps/lsig/AG3C_xAwRQIhAIbgT4-NymQvekncy5axu0PJV7bmvlYJcqUmva2pn4BYAiA7UbiQrsZTt91HCl07gRLkOENwdvuPvo3Sk-s8DeaNNQ%3D%3D", "width": 854, "tbr": 1155.0, "asr": null, "fps": 30, "language": null, "filesize": null, "container": "mp4_dash", "acodec": "none", "url": "https://manifest.googlevideo.com/api/manifest/dash/expire/1608123788/ei/LLHZX8-_E9iRgQOFtbuwCA/ip/140.109.135.166/id/a6b5146b2b37d0c8/source/youtube/requiressl/yes/playback_host/r2---sn-5njj-u2xe.googlevideo.com/mh/HT/mm/31%2C29/mn/sn-5njj-u2xe%2Csn-un57sn7s/ms/au%2Crdu/mv/m/mvi/2/pcm2cms/yes/pl/16/tx/23722138/txs/23722138%2C23722139/hfr/all/as/fmp4_audio_clear%2Cwebm_audio_clear%2Cwebm2_audio_clear%2Cfmp4_sd_hd_clear%2Cwebm2_sd_hd_clear/initcwndbps/385000/vprv/1/mt/1608101795/fvip/2/keepalive/yes/itag/0/sparams/expire%2Cei%2Cip%2Cid%2Csource%2Crequiressl%2Ctx%2Ctxs%2Chfr%2Cas%2Cvprv%2Citag/sig/AOq0QJ8wRgIhALYF0I-8y74zuiCKKuokiOxtLE1DBp8yKf77BEnYZ933AiEA9K1NJER_zeLNxm-eUAjLqd-fqyZdvKNrxyet74wzSvA%3D/lsparams/playback_host%2Cmh%2Cmm%2Cmn%2Cms%2Cmv%2Cmvi%2Cpcm2cms%2Cpl%2Cinitcwndbps/lsig/AG3C_xAwRQIhAIbgT4-NymQvekncy5axu0PJV7bmvlYJcqUmva2pn4BYAiA7UbiQrsZTt91HCl07gRLkOENwdvuPvo3Sk-s8DeaNNQ%3D%3D", "fragment_base_url": "https://r2---sn-5njj-u2xe.googlevideo.com/videoplayback/expire/1608123788/ei/LLHZX8-_E9iRgQOFtbuwCA/ip/140.109.135.166/id/a6b5146b2b37d0c8/itag/135/source/yt_otf/requiressl/yes/mh/HT/mm/31,29/mn/sn-5njj-u2xe,sn-un57sn7s/ms/au,rdu/mv/m/mvi/2/pcm2cms/yes/pl/16/initcwndbps/385000/vprv/1/ratebypass/yes/mime/video%2Fmp4/otfp/1/otf/1/lmt/1606898265612932/mt/1608101795/fvip/2/keepalive/yes/sparams/expire,ei,ip,id,itag,source,requiressl,vprv,ratebypass,mime,otfp,otf,lmt/sig/AOq0QJ8wRgIhAOKPuv1opDwl5Hwsujxc9m_Y3K45FYOTlMfD4TdWizf7AiEA5s_iWvel-J8YxD9eNhP_-tM8NSdRs13jCpoU-_56-v8%3D/lsparams/mh,mm,mn,ms,mv,mvi,pcm2cms,pl,initcwndbps/lsig/AG3C_xAwRQIgYufFxkxsG3dFIay2U4kLq9vkGuf6tGMiJWuseA3ZRcsCIQD_dRMMmfVP_VqJmAVw_1USoqf6wv614HN86bCwqgg5NA%3D%3D/", "fragments": [{"path": "sq/0"}, {"path": "sq/1/dur/5.339", "duration": 5.339}, {"path": "sq/2/dur/5.338", "duration": 5.338}, {"path": "sq/3/dur/5.339", "duration": 5.339}, {"path": "sq/4/dur/5.339", "duration": 5.339}, {"path": "sq/5/dur/5.338", "duration": 5.338}, {"path": "sq/6/dur/5.339", "duration": 5.339}, {"path": "sq/7/dur/5.339", "duration": 5.339}, {"path": "sq/8/dur/5.338", "duration": 5.338}, {"path": "sq/9/dur/5.339", "duration": 5.339}, {"path": "sq/10/dur/5.339", "duration": 5.339}, {"path": "sq/11/dur/5.338", "duration": 5.338}, {"path": "sq/12/dur/5.339", "duration": 5.339}, {"path": "sq/13/dur/5.339", "duration": 5.339}, {"path": "sq/14/dur/5.338", "duration": 5.338}, {"path": "sq/15/dur/5.339", "duration": 5.339}, {"path": "sq/16/dur/5.339", "duration": 5.339}, {"path": "sq/17/dur/5.338", "duration": 5.338}, {"path": "sq/18/dur/5.339", "duration": 5.339}, {"path": "sq/19/dur/5.339", "duration": 5.339}, {"path": "sq/20/dur/5.338", "duration": 5.338}, {"path": "sq/21/dur/5.339", "duration": 5.339}, {"path": "sq/22/dur/5.339", "duration": 5.339}, {"path": "sq/23/dur/5.338", "duration": 5.338}, {"path": "sq/24/dur/5.339", "duration": 5.339}, {"path": "sq/25/dur/5.138", "duration": 5.138}], "protocol": "http_dash_segments", "format": "135 - 854x480 (DASH video)", "http_headers": {"User-Agent": "Mozilla/5.0 (Windows NT 10.0; Win64; x64) AppleWebKit/537.36 (KHTML, like Gecko) Chrome/70.0.3538.112 Safari/537.36", "Accept-Charset": "ISO-8859-1,utf-8;q=0.7,*;q=0.7", "Accept": "text/html,application/xhtml+xml,application/xml;q=0.9,*/*;q=0.8", "Accept-Encoding": "gzip, deflate", "Accept-Language": "en-us,en;q=0.5"}}, {"ext": "webm", "height": 720, "format_note": "DASH video", "vcodec": "vp9", "format_id": "247", "manifest_url": "https://manifest.googlevideo.com/api/manifest/dash/expire/1608123788/ei/LLHZX8-_E9iRgQOFtbuwCA/ip/140.109.135.166/id/a6b5146b2b37d0c8/source/youtube/requiressl/yes/playback_host/r2---sn-5njj-u2xe.googlevideo.com/mh/HT/mm/31%2C29/mn/sn-5njj-u2xe%2Csn-un57sn7s/ms/au%2Crdu/mv/m/mvi/2/pcm2cms/yes/pl/16/tx/23722138/txs/23722138%2C23722139/hfr/all/as/fmp4_audio_clear%2Cwebm_audio_clear%2Cwebm2_audio_clear%2Cfmp4_sd_hd_clear%2Cwebm2_sd_hd_clear/initcwndbps/385000/vprv/1/mt/1608101795/fvip/2/keepalive/yes/itag/0/sparams/expire%2Cei%2Cip%2Cid%2Csource%2Crequiressl%2Ctx%2Ctxs%2Chfr%2Cas%2Cvprv%2Citag/sig/AOq0QJ8wRgIhALYF0I-8y74zuiCKKuokiOxtLE1DBp8yKf77BEnYZ933AiEA9K1NJER_zeLNxm-eUAjLqd-fqyZdvKNrxyet74wzSvA%3D/lsparams/playback_host%2Cmh%2Cmm%2Cmn%2Cms%2Cmv%2Cmvi%2Cpcm2cms%2Cpl%2Cinitcwndbps/lsig/AG3C_xAwRQIhAIbgT4-NymQvekncy5axu0PJV7bmvlYJcqUmva2pn4BYAiA7UbiQrsZTt91HCl07gRLkOENwdvuPvo3Sk-s8DeaNNQ%3D%3D", "width": 1280, "tbr": 1505.28, "asr": null, "fps": 30, "language": null, "filesize": null, "container": "webm_dash", "acodec": "none", "url": "https://manifest.googlevideo.com/api/manifest/dash/expire/1608123788/ei/LLHZX8-_E9iRgQOFtbuwCA/ip/140.109.135.166/id/a6b5146b2b37d0c8/source/youtube/requiressl/yes/playback_host/r2---sn-5njj-u2xe.googlevideo.com/mh/HT/mm/31%2C29/mn/sn-5njj-u2xe%2Csn-un57sn7s/ms/au%2Crdu/mv/m/mvi/2/pcm2cms/yes/pl/16/tx/23722138/txs/23722138%2C23722139/hfr/all/as/fmp4_audio_clear%2Cwebm_audio_clear%2Cwebm2_audio_clear%2Cfmp4_sd_hd_clear%2Cwebm2_sd_hd_clear/initcwndbps/385000/vprv/1/mt/1608101795/fvip/2/keepalive/yes/itag/0/sparams/expire%2Cei%2Cip%2Cid%2Csource%2Crequiressl%2Ctx%2Ctxs%2Chfr%2Cas%2Cvprv%2Citag/sig/AOq0QJ8wRgIhALYF0I-8y74zuiCKKuokiOxtLE1DBp8yKf77BEnYZ933AiEA9K1NJER_zeLNxm-eUAjLqd-fqyZdvKNrxyet74wzSvA%3D/lsparams/playback_host%2Cmh%2Cmm%2Cmn%2Cms%2Cmv%2Cmvi%2Cpcm2cms%2Cpl%2Cinitcwndbps/lsig/AG3C_xAwRQIhAIbgT4-NymQvekncy5axu0PJV7bmvlYJcqUmva2pn4BYAiA7UbiQrsZTt91HCl07gRLkOENwdvuPvo3Sk-s8DeaNNQ%3D%3D", "fragment_base_url": "https://r2---sn-5njj-u2xe.googlevideo.com/videoplayback/expire/1608123788/ei/LLHZX8-_E9iRgQOFtbuwCA/ip/140.109.135.166/id/a6b5146b2b37d0c8/itag/247/source/yt_otf/requiressl/yes/mh/HT/mm/31,29/mn/sn-5njj-u2xe,sn-un57sn7s/ms/au,rdu/mv/m/mvi/2/pcm2cms/yes/pl/16/initcwndbps/385000/vprv/1/ratebypass/yes/mime/video%2Fwebm/otfp/1/otf/1/lmt/1606898265612932/mt/1608101795/fvip/2/keepalive/yes/sparams/expire,ei,ip,id,itag,source,requiressl,vprv,ratebypass,mime,otfp,otf,lmt/sig/AOq0QJ8wRAIgE8Z8n6aQwOWmX1rULthADNv-48myZYMoEH1d-DGMZogCIH8PZW9la2wJGjblrRtTV3mB7FT93JUlfeK5KRbwsAvF/lsparams/mh,mm,mn,ms,mv,mvi,pcm2cms,pl,initcwndbps/lsig/AG3C_xAwRAIgVze93c2MRkTVxkwnf4Mg7B1k8JxuP55HBgpAz8a4MNMCIBNKGiZcePqKRNokxAat5QzQY9W-GftlKVzezyuT9YRx/", "fragments": [{"path": "sq/0"}, {"path": "sq/1/dur/5.339", "duration": 5.339}, {"path": "sq/2/dur/5.338", "duration": 5.338}, {"path": "sq/3/dur/5.339", "duration": 5.339}, {"path": "sq/4/dur/5.339", "duration": 5.339}, {"path": "sq/5/dur/5.338", "duration": 5.338}, {"path": "sq/6/dur/5.339", "duration": 5.339}, {"path": "sq/7/dur/5.339", "duration": 5.339}, {"path": "sq/8/dur/5.338", "duration": 5.338}, {"path": "sq/9/dur/5.339", "duration": 5.339}, {"path": "sq/10/dur/5.339", "duration": 5.339}, {"path": "sq/11/dur/5.338", "duration": 5.338}, {"path": "sq/12/dur/5.339", "duration": 5.339}, {"path": "sq/13/dur/5.339", "duration": 5.339}, {"path": "sq/14/dur/5.338", "duration": 5.338}, {"path": "sq/15/dur/5.339", "duration": 5.339}, {"path": "sq/16/dur/5.339", "duration": 5.339}, {"path": "sq/17/dur/5.338", "duration": 5.338}, {"path": "sq/18/dur/5.339", "duration": 5.339}, {"path": "sq/19/dur/5.339", "duration": 5.339}, {"path": "sq/20/dur/5.338", "duration": 5.338}, {"path": "sq/21/dur/5.339", "duration": 5.339}, {"path": "sq/22/dur/5.339", "duration": 5.339}, {"path": "sq/23/dur/5.338", "duration": 5.338}, {"path": "sq/24/dur/5.339", "duration": 5.339}, {"path": "sq/25/dur/5.138", "duration": 5.138}], "protocol": "http_dash_segments", "format": "247 - 1280x720 (DASH video)", "http_headers": {"User-Agent": "Mozilla/5.0 (Windows NT 10.0; Win64; x64) AppleWebKit/537.36 (KHTML, like Gecko) Chrome/70.0.3538.112 Safari/537.36", "Accept-Charset": "ISO-8859-1,utf-8;q=0.7,*;q=0.7", "Accept": "text/html,application/xhtml+xml,application/xml;q=0.9,*/*;q=0.8", "Accept-Encoding": "gzip, deflate", "Accept-Language": "en-us,en;q=0.5"}}, {"ext": "mp4", "height": 720, "format_note": "DASH video", "vcodec": "avc1.4d400d", "format_id": "136", "manifest_url": "https://manifest.googlevideo.com/api/manifest/dash/expire/1608123788/ei/LLHZX8-_E9iRgQOFtbuwCA/ip/140.109.135.166/id/a6b5146b2b37d0c8/source/youtube/requiressl/yes/playback_host/r2---sn-5njj-u2xe.googlevideo.com/mh/HT/mm/31%2C29/mn/sn-5njj-u2xe%2Csn-un57sn7s/ms/au%2Crdu/mv/m/mvi/2/pcm2cms/yes/pl/16/tx/23722138/txs/23722138%2C23722139/hfr/all/as/fmp4_audio_clear%2Cwebm_audio_clear%2Cwebm2_audio_clear%2Cfmp4_sd_hd_clear%2Cwebm2_sd_hd_clear/initcwndbps/385000/vprv/1/mt/1608101795/fvip/2/keepalive/yes/itag/0/sparams/expire%2Cei%2Cip%2Cid%2Csource%2Crequiressl%2Ctx%2Ctxs%2Chfr%2Cas%2Cvprv%2Citag/sig/AOq0QJ8wRgIhALYF0I-8y74zuiCKKuokiOxtLE1DBp8yKf77BEnYZ933AiEA9K1NJER_zeLNxm-eUAjLqd-fqyZdvKNrxyet74wzSvA%3D/lsparams/playback_host%2Cmh%2Cmm%2Cmn%2Cms%2Cmv%2Cmvi%2Cpcm2cms%2Cpl%2Cinitcwndbps/lsig/AG3C_xAwRQIhAIbgT4-NymQvekncy5axu0PJV7bmvlYJcqUmva2pn4BYAiA7UbiQrsZTt91HCl07gRLkOENwdvuPvo3Sk-s8DeaNNQ%3D%3D", "width": 1280, "tbr": 2310.0, "asr": null, "fps": 30, "language": null, "filesize": null, "container": "mp4_dash", "acodec": "none", "url": "https://manifest.googlevideo.com/api/manifest/dash/expire/1608123788/ei/LLHZX8-_E9iRgQOFtbuwCA/ip/140.109.135.166/id/a6b5146b2b37d0c8/source/youtube/requiressl/yes/playback_host/r2---sn-5njj-u2xe.googlevideo.com/mh/HT/mm/31%2C29/mn/sn-5njj-u2xe%2Csn-un57sn7s/ms/au%2Crdu/mv/m/mvi/2/pcm2cms/yes/pl/16/tx/23722138/txs/23722138%2C23722139/hfr/all/as/fmp4_audio_clear%2Cwebm_audio_clear%2Cwebm2_audio_clear%2Cfmp4_sd_hd_clear%2Cwebm2_sd_hd_clear/initcwndbps/385000/vprv/1/mt/1608101795/fvip/2/keepalive/yes/itag/0/sparams/expire%2Cei%2Cip%2Cid%2Csource%2Crequiressl%2Ctx%2Ctxs%2Chfr%2Cas%2Cvprv%2Citag/sig/AOq0QJ8wRgIhALYF0I-8y74zuiCKKuokiOxtLE1DBp8yKf77BEnYZ933AiEA9K1NJER_zeLNxm-eUAjLqd-fqyZdvKNrxyet74wzSvA%3D/lsparams/playback_host%2Cmh%2Cmm%2Cmn%2Cms%2Cmv%2Cmvi%2Cpcm2cms%2Cpl%2Cinitcwndbps/lsig/AG3C_xAwRQIhAIbgT4-NymQvekncy5axu0PJV7bmvlYJcqUmva2pn4BYAiA7UbiQrsZTt91HCl07gRLkOENwdvuPvo3Sk-s8DeaNNQ%3D%3D", "fragment_base_url": "https://r2---sn-5njj-u2xe.googlevideo.com/videoplayback/expire/1608123788/ei/LLHZX8-_E9iRgQOFtbuwCA/ip/140.109.135.166/id/a6b5146b2b37d0c8/itag/136/source/yt_otf/requiressl/yes/mh/HT/mm/31,29/mn/sn-5njj-u2xe,sn-un57sn7s/ms/au,rdu/mv/m/mvi/2/pcm2cms/yes/pl/16/initcwndbps/385000/vprv/1/ratebypass/yes/mime/video%2Fmp4/otfp/1/otf/1/lmt/1606898265612932/mt/1608101795/fvip/2/keepalive/yes/sparams/expire,ei,ip,id,itag,source,requiressl,vprv,ratebypass,mime,otfp,otf,lmt/sig/AOq0QJ8wRQIhAMKEXqhFssg5Xf-GTdU9l3eEPWRWGAR7daSMOMpjZITIAiB8O84IjgHkYerFmAW8CLWeVFW5oJpw0SLp7_LQK1xeUA%3D%3D/lsparams/mh,mm,mn,ms,mv,mvi,pcm2cms,pl,initcwndbps/lsig/AG3C_xAwRQIgX-LgJH6c6Ogor0CGRoBh0ebL7afheVSWr7NiDu_7DUgCIQDJI3NQt02z7Grk5hzJ8Hq-6NrrLFJUQXS88tKdrsY2MQ%3D%3D/", "fragments": [{"path": "sq/0"}, {"path": "sq/1/dur/5.339", "duration": 5.339}, {"path": "sq/2/dur/5.338", "duration": 5.338}, {"path": "sq/3/dur/5.339", "duration": 5.339}, {"path": "sq/4/dur/5.339", "duration": 5.339}, {"path": "sq/5/dur/5.338", "duration": 5.338}, {"path": "sq/6/dur/5.339", "duration": 5.339}, {"path": "sq/7/dur/5.339", "duration": 5.339}, {"path": "sq/8/dur/5.338", "duration": 5.338}, {"path": "sq/9/dur/5.339", "duration": 5.339}, {"path": "sq/10/dur/5.339", "duration": 5.339}, {"path": "sq/11/dur/5.338", "duration": 5.338}, {"path": "sq/12/dur/5.339", "duration": 5.339}, {"path": "sq/13/dur/5.339", "duration": 5.339}, {"path": "sq/14/dur/5.338", "duration": 5.338}, {"path": "sq/15/dur/5.339", "duration": 5.339}, {"path": "sq/16/dur/5.339", "duration": 5.339}, {"path": "sq/17/dur/5.338", "duration": 5.338}, {"path": "sq/18/dur/5.339", "duration": 5.339}, {"path": "sq/19/dur/5.339", "duration": 5.339}, {"path": "sq/20/dur/5.338", "duration": 5.338}, {"path": "sq/21/dur/5.339", "duration": 5.339}, {"path": "sq/22/dur/5.339", "duration": 5.339}, {"path": "sq/23/dur/5.338", "duration": 5.338}, {"path": "sq/24/dur/5.339", "duration": 5.339}, {"path": "sq/25/dur/5.138", "duration": 5.138}], "protocol": "http_dash_segments", "format": "136 - 1280x720 (DASH video)", "http_headers": {"User-Agent": "Mozilla/5.0 (Windows NT 10.0; Win64; x64) AppleWebKit/537.36 (KHTML, like Gecko) Chrome/70.0.3538.112 Safari/537.36", "Accept-Charset": "ISO-8859-1,utf-8;q=0.7,*;q=0.7", "Accept": "text/html,application/xhtml+xml,application/xml;q=0.9,*/*;q=0.8", "Accept-Encoding": "gzip, deflate", "Accept-Language": "en-us,en;q=0.5"}}, {"ext": "webm", "height": 1080, "format_note": "DASH video", "vcodec": "vp9", "format_id": "248", "manifest_url": "https://manifest.googlevideo.com/api/manifest/dash/expire/1608123788/ei/LLHZX8-_E9iRgQOFtbuwCA/ip/140.109.135.166/id/a6b5146b2b37d0c8/source/youtube/requiressl/yes/playback_host/r2---sn-5njj-u2xe.googlevideo.com/mh/HT/mm/31%2C29/mn/sn-5njj-u2xe%2Csn-un57sn7s/ms/au%2Crdu/mv/m/mvi/2/pcm2cms/yes/pl/16/tx/23722138/txs/23722138%2C23722139/hfr/all/as/fmp4_audio_clear%2Cwebm_audio_clear%2Cwebm2_audio_clear%2Cfmp4_sd_hd_clear%2Cwebm2_sd_hd_clear/initcwndbps/385000/vprv/1/mt/1608101795/fvip/2/keepalive/yes/itag/0/sparams/expire%2Cei%2Cip%2Cid%2Csource%2Crequiressl%2Ctx%2Ctxs%2Chfr%2Cas%2Cvprv%2Citag/sig/AOq0QJ8wRgIhALYF0I-8y74zuiCKKuokiOxtLE1DBp8yKf77BEnYZ933AiEA9K1NJER_zeLNxm-eUAjLqd-fqyZdvKNrxyet74wzSvA%3D/lsparams/playback_host%2Cmh%2Cmm%2Cmn%2Cms%2Cmv%2Cmvi%2Cpcm2cms%2Cpl%2Cinitcwndbps/lsig/AG3C_xAwRQIhAIbgT4-NymQvekncy5axu0PJV7bmvlYJcqUmva2pn4BYAiA7UbiQrsZTt91HCl07gRLkOENwdvuPvo3Sk-s8DeaNNQ%3D%3D", "width": 1920, "tbr": 2646.0, "asr": null, "fps": 30, "language": null, "filesize": null, "container": "webm_dash", "acodec": "none", "url": "https://manifest.googlevideo.com/api/manifest/dash/expire/1608123788/ei/LLHZX8-_E9iRgQOFtbuwCA/ip/140.109.135.166/id/a6b5146b2b37d0c8/source/youtube/requiressl/yes/playback_host/r2---sn-5njj-u2xe.googlevideo.com/mh/HT/mm/31%2C29/mn/sn-5njj-u2xe%2Csn-un57sn7s/ms/au%2Crdu/mv/m/mvi/2/pcm2cms/yes/pl/16/tx/23722138/txs/23722138%2C23722139/hfr/all/as/fmp4_audio_clear%2Cwebm_audio_clear%2Cwebm2_audio_clear%2Cfmp4_sd_hd_clear%2Cwebm2_sd_hd_clear/initcwndbps/385000/vprv/1/mt/1608101795/fvip/2/keepalive/yes/itag/0/sparams/expire%2Cei%2Cip%2Cid%2Csource%2Crequiressl%2Ctx%2Ctxs%2Chfr%2Cas%2Cvprv%2Citag/sig/AOq0QJ8wRgIhALYF0I-8y74zuiCKKuokiOxtLE1DBp8yKf77BEnYZ933AiEA9K1NJER_zeLNxm-eUAjLqd-fqyZdvKNrxyet74wzSvA%3D/lsparams/playback_host%2Cmh%2Cmm%2Cmn%2Cms%2Cmv%2Cmvi%2Cpcm2cms%2Cpl%2Cinitcwndbps/lsig/AG3C_xAwRQIhAIbgT4-NymQvekncy5axu0PJV7bmvlYJcqUmva2pn4BYAiA7UbiQrsZTt91HCl07gRLkOENwdvuPvo3Sk-s8DeaNNQ%3D%3D", "fragment_base_url": "https://r2---sn-5njj-u2xe.googlevideo.com/videoplayback/expire/1608123788/ei/LLHZX8-_E9iRgQOFtbuwCA/ip/140.109.135.166/id/a6b5146b2b37d0c8/itag/248/source/yt_otf/requiressl/yes/mh/HT/mm/31,29/mn/sn-5njj-u2xe,sn-un57sn7s/ms/au,rdu/mv/m/mvi/2/pcm2cms/yes/pl/16/initcwndbps/385000/vprv/1/ratebypass/yes/mime/video%2Fwebm/otfp/1/otf/1/lmt/1606898265612932/mt/1608101795/fvip/2/keepalive/yes/sparams/expire,ei,ip,id,itag,source,requiressl,vprv,ratebypass,mime,otfp,otf,lmt/sig/AOq0QJ8wRAIgZiun-ROew-w1Nj60iJxJEMay1Njht_N6W3LaI29uDJYCIBwH9ZjbenQyMdyRLqNWlxJRsPaGFyL3FHFarhEU2O4L/lsparams/mh,mm,mn,ms,mv,mvi,pcm2cms,pl,initcwndbps/lsig/AG3C_xAwRAIgeVpHP4JvFZPMt4-E1x5fzU_-66FdVUhgbhNIVDGmOwECIGnr9PoVo_l55zGR3mBkBlrqOIWhN8BTvUwoZ4D3EibM/", "fragments": [{"path": "sq/0"}, {"path": "sq/1/dur/5.339", "duration": 5.339}, {"path": "sq/2/dur/5.338", "duration": 5.338}, {"path": "sq/3/dur/5.339", "duration": 5.339}, {"path": "sq/4/dur/5.339", "duration": 5.339}, {"path": "sq/5/dur/5.338", "duration": 5.338}, {"path": "sq/6/dur/5.339", "duration": 5.339}, {"path": "sq/7/dur/5.339", "duration": 5.339}, {"path": "sq/8/dur/5.338", "duration": 5.338}, {"path": "sq/9/dur/5.339", "duration": 5.339}, {"path": "sq/10/dur/5.339", "duration": 5.339}, {"path": "sq/11/dur/5.338", "duration": 5.338}, {"path": "sq/12/dur/5.339", "duration": 5.339}, {"path": "sq/13/dur/5.339", "duration": 5.339}, {"path": "sq/14/dur/5.338", "duration": 5.338}, {"path": "sq/15/dur/5.339", "duration": 5.339}, {"path": "sq/16/dur/5.339", "duration": 5.339}, {"path": "sq/17/dur/5.338", "duration": 5.338}, {"path": "sq/18/dur/5.339", "duration": 5.339}, {"path": "sq/19/dur/5.339", "duration": 5.339}, {"path": "sq/20/dur/5.338", "duration": 5.338}, {"path": "sq/21/dur/5.339", "duration": 5.339}, {"path": "sq/22/dur/5.339", "duration": 5.339}, {"path": "sq/23/dur/5.338", "duration": 5.338}, {"path": "sq/24/dur/5.339", "duration": 5.339}, {"path": "sq/25/dur/5.138", "duration": 5.138}], "protocol": "http_dash_segments", "format": "248 - 1920x1080 (DASH video)", "http_headers": {"User-Agent": "Mozilla/5.0 (Windows NT 10.0; Win64; x64) AppleWebKit/537.36 (KHTML, like Gecko) Chrome/70.0.3538.112 Safari/537.36", "Accept-Charset": "ISO-8859-1,utf-8;q=0.7,*;q=0.7", "Accept": "text/html,application/xhtml+xml,application/xml;q=0.9,*/*;q=0.8", "Accept-Encoding": "gzip, deflate", "Accept-Language": "en-us,en;q=0.5"}}, {"ext": "mp4", "height": 1080, "format_note": "DASH video", "vcodec": "avc1.640028", "format_id": "137", "manifest_url": "https://manifest.googlevideo.com/api/manifest/dash/expire/1608123788/ei/LLHZX8-_E9iRgQOFtbuwCA/ip/140.109.135.166/id/a6b5146b2b37d0c8/source/youtube/requiressl/yes/playback_host/r2---sn-5njj-u2xe.googlevideo.com/mh/HT/mm/31%2C29/mn/sn-5njj-u2xe%2Csn-un57sn7s/ms/au%2Crdu/mv/m/mvi/2/pcm2cms/yes/pl/16/tx/23722138/txs/23722138%2C23722139/hfr/all/as/fmp4_audio_clear%2Cwebm_audio_clear%2Cwebm2_audio_clear%2Cfmp4_sd_hd_clear%2Cwebm2_sd_hd_clear/initcwndbps/385000/vprv/1/mt/1608101795/fvip/2/keepalive/yes/itag/0/sparams/expire%2Cei%2Cip%2Cid%2Csource%2Crequiressl%2Ctx%2Ctxs%2Chfr%2Cas%2Cvprv%2Citag/sig/AOq0QJ8wRgIhALYF0I-8y74zuiCKKuokiOxtLE1DBp8yKf77BEnYZ933AiEA9K1NJER_zeLNxm-eUAjLqd-fqyZdvKNrxyet74wzSvA%3D/lsparams/playback_host%2Cmh%2Cmm%2Cmn%2Cms%2Cmv%2Cmvi%2Cpcm2cms%2Cpl%2Cinitcwndbps/lsig/AG3C_xAwRQIhAIbgT4-NymQvekncy5axu0PJV7bmvlYJcqUmva2pn4BYAiA7UbiQrsZTt91HCl07gRLkOENwdvuPvo3Sk-s8DeaNNQ%3D%3D", "width": 1920, "tbr": 3407.829, "asr": null, "fps": 30, "language": null, "filesize": null, "container": "mp4_dash", "acodec": "none", "url": "https://manifest.googlevideo.com/api/manifest/dash/expire/1608123788/ei/LLHZX8-_E9iRgQOFtbuwCA/ip/140.109.135.166/id/a6b5146b2b37d0c8/source/youtube/requiressl/yes/playback_host/r2---sn-5njj-u2xe.googlevideo.com/mh/HT/mm/31%2C29/mn/sn-5njj-u2xe%2Csn-un57sn7s/ms/au%2Crdu/mv/m/mvi/2/pcm2cms/yes/pl/16/tx/23722138/txs/23722138%2C23722139/hfr/all/as/fmp4_audio_clear%2Cwebm_audio_clear%2Cwebm2_audio_clear%2Cfmp4_sd_hd_clear%2Cwebm2_sd_hd_clear/initcwndbps/385000/vprv/1/mt/1608101795/fvip/2/keepalive/yes/itag/0/sparams/expire%2Cei%2Cip%2Cid%2Csource%2Crequiressl%2Ctx%2Ctxs%2Chfr%2Cas%2Cvprv%2Citag/sig/AOq0QJ8wRgIhALYF0I-8y74zuiCKKuokiOxtLE1DBp8yKf77BEnYZ933AiEA9K1NJER_zeLNxm-eUAjLqd-fqyZdvKNrxyet74wzSvA%3D/lsparams/playback_host%2Cmh%2Cmm%2Cmn%2Cms%2Cmv%2Cmvi%2Cpcm2cms%2Cpl%2Cinitcwndbps/lsig/AG3C_xAwRQIhAIbgT4-NymQvekncy5axu0PJV7bmvlYJcqUmva2pn4BYAiA7UbiQrsZTt91HCl07gRLkOENwdvuPvo3Sk-s8DeaNNQ%3D%3D", "fragment_base_url": "https://r2---sn-5njj-u2xe.googlevideo.com/videoplayback/expire/1608123788/ei/LLHZX8-_E9iRgQOFtbuwCA/ip/140.109.135.166/id/a6b5146b2b37d0c8/itag/137/source/youtube/requiressl/yes/mh/HT/mm/31,29/mn/sn-5njj-u2xe,sn-un57sn7s/ms/au,rdu/mv/m/mvi/2/pcm2cms/yes/pl/16/initcwndbps/385000/vprv/1/ratebypass/yes/mime/video%2Fmp4/otfp/1/gir/yes/clen/45103124/lmt/1606898265612932/dur/133.266/mt/1608101795/fvip/2/keepalive/yes/sparams/expire,ei,ip,id,itag,source,requiressl,vprv,ratebypass,mime,otfp,gir,clen,lmt,dur/sig/AOq0QJ8wRgIhALIr-kt5S_Xszvv7s3WF5OocMRUllDS69vJ_JMrrUsGcAiEAqk7-eCrANHbQjNUUKg31VKjq94cZoxrPWqE4iaINcfQ%3D/lsparams/mh,mm,mn,ms,mv,mvi,pcm2cms,pl,initcwndbps/lsig/AG3C_xAwRQIhAKYroopVynDDRzOOKRTmz44Zx2eoJGgL0yBQKVqRmUybAiAT3KTvj8OqM4ZGCQNtYuVlcxJFkGwW6HJ1YNDeTZevpg%3D%3D/", "fragments": [{"path": "range/0-740"}, {"path": "range/1073-1424571", "duration": 5.339}, {"path": "range/1424572-2801792", "duration": 5.338}, {"path": "range/2801793-4449962", "duration": 5.339}, {"path": "range/4449963-6272160", "duration": 5.339}, {"path": "range/6272161-8314228", "duration": 5.338}, {"path": "range/8314229-10536283", "duration": 5.339}, {"path": "range/10536284-12766778", "duration": 5.339}, {"path": "range/12766779-15029124", "duration": 5.338}, {"path": "range/15029125-17298518", "duration": 5.339}, {"path": "range/17298519-19540269", "duration": 5.339}, {"path": "range/19540270-21814569", "duration": 5.338}, {"path": "range/21814570-24054326", "duration": 5.339}, {"path": "range/24054327-26200153", "duration": 5.339}, {"path": "range/26200154-28260706", "duration": 5.338}, {"path": "range/28260707-30216270", "duration": 5.339}, {"path": "range/30216271-32079550", "duration": 5.339}, {"path": "range/32079551-33814132", "duration": 5.338}, {"path": "range/33814133-35537151", "duration": 5.339}, {"path": "range/35537152-37255337", "duration": 5.339}, {"path": "range/37255338-38794589", "duration": 5.338}, {"path": "range/38794590-40278553", "duration": 5.339}, {"path": "range/40278554-41663719", "duration": 5.339}, {"path": "range/41663720-42953770", "duration": 5.338}, {"path": "range/42953771-44299118", "duration": 5.339}, {"path": "range/44299119-45103123", "duration": 5.138}], "protocol": "http_dash_segments", "format": "137 - 1920x1080 (DASH video)", "http_headers": {"User-Agent": "Mozilla/5.0 (Windows NT 10.0; Win64; x64) AppleWebKit/537.36 (KHTML, like Gecko) Chrome/70.0.3538.112 Safari/537.36", "Accept-Charset": "ISO-8859-1,utf-8;q=0.7,*;q=0.7", "Accept": "text/html,application/xhtml+xml,application/xml;q=0.9,*/*;q=0.8", "Accept-Encoding": "gzip, deflate", "Accept-Language": "en-us,en;q=0.5"}}, {"format_id": "18", "url": "https://r2---sn-5njj-u2xe.googlevideo.com/videoplayback?expire=1608123788&ei=LLHZX8-_E9iRgQOFtbuwCA&ip=140.109.135.166&id=o-AEz4otd-ZpQr46GX_wrZmKZrS5ZV6yqiSF3wWoopEj6I&itag=18&source=youtube&requiressl=yes&mh=HT&mm=31%2C29&mn=sn-5njj-u2xe%2Csn-un57sn7s&ms=au%2Crdu&mv=m&mvi=2&pcm2cms=yes&pl=16&initcwndbps=385000&vprv=1&mime=video%2Fmp4&ns=diltsON-2YcUD3xskayGSBEF&gir=yes&clen=5566284&ratebypass=yes&dur=133.328&lmt=1606898255793460&mt=1608101795&fvip=2&c=WEB&txp=6210222&n=M_rqP59LeKtHrkUq2&sparams=expire%2Cei%2Cip%2Cid%2Citag%2Csource%2Crequiressl%2Cvprv%2Cmime%2Cns%2Cgir%2Cclen%2Cratebypass%2Cdur%2Clmt&sig=AOq0QJ8wRQIhAODEIQ7Kat95niGE-YKtQOt97BM5ld_cHJkgAx00O0NUAiBkbYSItXPpbQFQn6q4gJr2HTGDcpKOH0edCU8zSObYhw%3D%3D&lsparams=mh%2Cmm%2Cmn%2Cms%2Cmv%2Cmvi%2Cpcm2cms%2Cpl%2Cinitcwndbps&lsig=AG3C_xAwRQIgcs5GsZ967Cqz69_SlkpsegCdZhIj2KyexZiXtIzM5IACIQDqohjqZDoagbtRMRLbR4VaLMcfICYLC6HNUPFMcVYiqw%3D%3D", "player_url": null, "ext": "mp4", "width": 640, "height": 360, "acodec": "mp4a.40.2", "abr": 96, "vcodec": "avc1.42001E", "asr": 44100, "filesize": 5566284, "format_note": "360p", "fps": 30, "tbr": 334.145, "format": "18 - 640x360 (360p)", "protocol": "https", "http_headers": {"User-Agent": "Mozilla/5.0 (Windows NT 10.0; Win64; x64) AppleWebKit/537.36 (KHTML, like Gecko) Chrome/70.0.3538.112 Safari/537.36", "Accept-Charset": "ISO-8859-1,utf-8;q=0.7,*;q=0.7", "Accept": "text/html,application/xhtml+xml,application/xml;q=0.9,*/*;q=0.8", "Accept-Encoding": "gzip, deflate", "Accept-Language": "en-us,en;q=0.5"}}, {"format_id": "22", "url": "https://r2---sn-5njj-u2xe.googlevideo.com/videoplayback?expire=1608123788&ei=LLHZX8-_E9iRgQOFtbuwCA&ip=140.109.135.166&id=o-AEz4otd-ZpQr46GX_wrZmKZrS5ZV6yqiSF3wWoopEj6I&itag=22&source=youtube&requiressl=yes&mh=HT&mm=31%2C29&mn=sn-5njj-u2xe%2Csn-un57sn7s&ms=au%2Crdu&mv=m&mvi=2&pcm2cms=yes&pl=16&initcwndbps=385000&vprv=1&mime=video%2Fmp4&ns=diltsON-2YcUD3xskayGSBEF&ratebypass=yes&dur=133.328&lmt=1606898321908815&mt=1608101795&fvip=2&c=WEB&txp=6216222&n=M_rqP59LeKtHrkUq2&sparams=expire%2Cei%2Cip%2Cid%2Citag%2Csource%2Crequiressl%2Cvprv%2Cmime%2Cns%2Cratebypass%2Cdur%2Clmt&sig=AOq0QJ8wRQIhANS7ZClzekE6ajuxwxEzpmhi3yTS-5bsrgJHhs_uKUA0AiA5xXEAjwKspZe9wjDWQExCRAk1n6mKp3IST3woi-NTXA%3D%3D&lsparams=mh%2Cmm%2Cmn%2Cms%2Cmv%2Cmvi%2Cpcm2cms%2Cpl%2Cinitcwndbps&lsig=AG3C_xAwRQIgcs5GsZ967Cqz69_SlkpsegCdZhIj2KyexZiXtIzM5IACIQDqohjqZDoagbtRMRLbR4VaLMcfICYLC6HNUPFMcVYiqw%3D%3D", "player_url": null, "ext": "mp4", "width": 1280, "height": 720, "acodec": "mp4a.40.2", "abr": 192, "vcodec": "avc1.64001F", "asr": 44100, "filesize": null, "format_note": "720p", "fps": 30, "tbr": 1396.064, "format": "22 - 1280x720 (720p)", "protocol": "https", "http_headers": {"User-Agent": "Mozilla/5.0 (Windows NT 10.0; Win64; x64) AppleWebKit/537.36 (KHTML, like Gecko) Chrome/70.0.3538.112 Safari/537.36", "Accept-Charset": "ISO-8859-1,utf-8;q=0.7,*;q=0.7", "Accept": "text/html,application/xhtml+xml,application/xml;q=0.9,*/*;q=0.8", "Accept-Encoding": "gzip, deflate", "Accept-Language": "en-us,en;q=0.5"}}], "is_live": null, "start_time": null, "end_time": null, "series": null, "season_number": null, "episode_number": null, "track": null, "artist": null, "album": null, "release_date": null, "release_year": null, "extractor": "youtube", "webpage_url_basename": "watch", "extractor_key": "Youtube", "playlist": null, "playlist_index": null, "thumbnail": "https://i.ytimg.com/vi_webp/prUUays30Mg/maxresdefault.webp", "display_id": "prUUays30Mg", "requested_subtitles": null, "ext": "webm", "format_note": "DASH audio", "acodec": "opus", "abr": 160, "format_id": "251", "manifest_url": "https://manifest.googlevideo.com/api/manifest/dash/expire/1608123788/ei/LLHZX8-_E9iRgQOFtbuwCA/ip/140.109.135.166/id/a6b5146b2b37d0c8/source/youtube/requiressl/yes/playback_host/r2---sn-5njj-u2xe.googlevideo.com/mh/HT/mm/31%2C29/mn/sn-5njj-u2xe%2Csn-un57sn7s/ms/au%2Crdu/mv/m/mvi/2/pcm2cms/yes/pl/16/tx/23722138/txs/23722138%2C23722139/hfr/all/as/fmp4_audio_clear%2Cwebm_audio_clear%2Cwebm2_audio_clear%2Cfmp4_sd_hd_clear%2Cwebm2_sd_hd_clear/initcwndbps/385000/vprv/1/mt/1608101795/fvip/2/keepalive/yes/itag/0/sparams/expire%2Cei%2Cip%2Cid%2Csource%2Crequiressl%2Ctx%2Ctxs%2Chfr%2Cas%2Cvprv%2Citag/sig/AOq0QJ8wRgIhALYF0I-8y74zuiCKKuokiOxtLE1DBp8yKf77BEnYZ933AiEA9K1NJER_zeLNxm-eUAjLqd-fqyZdvKNrxyet74wzSvA%3D/lsparams/playback_host%2Cmh%2Cmm%2Cmn%2Cms%2Cmv%2Cmvi%2Cpcm2cms%2Cpl%2Cinitcwndbps/lsig/AG3C_xAwRQIhAIbgT4-NymQvekncy5axu0PJV7bmvlYJcqUmva2pn4BYAiA7UbiQrsZTt91HCl07gRLkOENwdvuPvo3Sk-s8DeaNNQ%3D%3D", "width": null, "height": null, "tbr": 153.608, "asr": 48000, "fps": null, "language": null, "filesize": null, "container": "webm_dash", "vcodec": "none", "url": "https://manifest.googlevideo.com/api/manifest/dash/expire/1608123788/ei/LLHZX8-_E9iRgQOFtbuwCA/ip/140.109.135.166/id/a6b5146b2b37d0c8/source/youtube/requiressl/yes/playback_host/r2---sn-5njj-u2xe.googlevideo.com/mh/HT/mm/31%2C29/mn/sn-5njj-u2xe%2Csn-un57sn7s/ms/au%2Crdu/mv/m/mvi/2/pcm2cms/yes/pl/16/tx/23722138/txs/23722138%2C23722139/hfr/all/as/fmp4_audio_clear%2Cwebm_audio_clear%2Cwebm2_audio_clear%2Cfmp4_sd_hd_clear%2Cwebm2_sd_hd_clear/initcwndbps/385000/vprv/1/mt/1608101795/fvip/2/keepalive/yes/itag/0/sparams/expire%2Cei%2Cip%2Cid%2Csource%2Crequiressl%2Ctx%2Ctxs%2Chfr%2Cas%2Cvprv%2Citag/sig/AOq0QJ8wRgIhALYF0I-8y74zuiCKKuokiOxtLE1DBp8yKf77BEnYZ933AiEA9K1NJER_zeLNxm-eUAjLqd-fqyZdvKNrxyet74wzSvA%3D/lsparams/playback_host%2Cmh%2Cmm%2Cmn%2Cms%2Cmv%2Cmvi%2Cpcm2cms%2Cpl%2Cinitcwndbps/lsig/AG3C_xAwRQIhAIbgT4-NymQvekncy5axu0PJV7bmvlYJcqUmva2pn4BYAiA7UbiQrsZTt91HCl07gRLkOENwdvuPvo3Sk-s8DeaNNQ%3D%3D", "fragment_base_url": "https://r2---sn-5njj-u2xe.googlevideo.com/videoplayback/expire/1608123788/ei/LLHZX8-_E9iRgQOFtbuwCA/ip/140.109.135.166/id/a6b5146b2b37d0c8/itag/251/source/youtube/requiressl/yes/mh/HT/mm/31,29/mn/sn-5njj-u2xe,sn-un57sn7s/ms/au,rdu/mv/m/mvi/2/pcm2cms/yes/pl/16/initcwndbps/385000/vprv/1/ratebypass/yes/mime/audio%2Fwebm/otfp/1/gir/yes/clen/2488474/lmt/1606898260610421/dur/133.281/mt/1608101795/fvip/2/keepalive/yes/sparams/expire,ei,ip,id,itag,source,requiressl,vprv,ratebypass,mime,otfp,gir,clen,lmt,dur/sig/AOq0QJ8wRQIgXBv_5xnqTQnkhpOlPVJEMZ-Eqc5ptvOV1k_z41Y4AUgCIQDJ2XxfGZpf3Xu50I4n-cFMOzdqH6Wkl2StawCtiGWx0w%3D%3D/lsparams/mh,mm,mn,ms,mv,mvi,pcm2cms,pl,initcwndbps/lsig/AG3C_xAwRQIhAOf1zCYix3PtAeIyR14qbN0s4UnlVukyzlfeQO-QjNNhAiBXzrhB94iv2o6NUBGID-R9CSGoP1s-jSNlf0iHLawO8g%3D%3D/", "fragments": [{"path": "range/0-258"}, {"path": "range/494-186413", "duration": 10.001}, {"path": "range/186414-376169", "duration": 10.0}, {"path": "range/376170-565511", "duration": 10.0}, {"path": "range/565512-755114", "duration": 10.0}, {"path": "range/755115-942956", "duration": 10.0}, {"path": "range/942957-1129499", "duration": 10.0}, {"path": "range/1129500-1320233", "duration": 10.0}, {"path": "range/1320234-1510896", "duration": 10.0}, {"path": "range/1510897-1702906", "duration": 10.0}, {"path": "range/1702907-1891808", "duration": 10.0}, {"path": "range/1891809-2080739", "duration": 10.0}, {"path": "range/2080740-2270418", "duration": 10.0}, {"path": "range/2270419-2451035", "duration": 10.0}, {"path": "range/2451036-2488473", "duration": 3.28}], "protocol": "http_dash_segments", "format": "251 - audio only (DASH audio)", "http_headers": {"User-Agent": "Mozilla/5.0 (Windows NT 10.0; Win64; x64) AppleWebKit/537.36 (KHTML, like Gecko) Chrome/70.0.3538.112 Safari/537.36", "Accept-Charset": "ISO-8859-1,utf-8;q=0.7,*;q=0.7", "Accept": "text/html,application/xhtml+xml,application/xml;q=0.9,*/*;q=0.8", "Accept-Encoding": "gzip, deflate", "Accept-Language": "en-us,en;q=0.5"}}