{"id": "q4T8Znozvkk", "uploader": "Atticus Laines - Topic", "uploader_id": "UCQq4HcKjSynezH0n3OrStNA", "uploader_url": "http://www.youtube.com/channel/UCQq4HcKjSynezH0n3OrStNA", "channel_id": "UCQq4HcKjSynezH0n3OrStNA", "channel_url": "http://www.youtube.com/channel/UCQq4HcKjSynezH0n3OrStNA", "upload_date": "20200903", "license": null, "creator": "Atticus Laines", "title": "Softly Spoken", "alt_title": "Softly Spoken", "thumbnails": [{"url": "https://i.ytimg.com/vi/q4T8Znozvkk/hqdefault.jpg?sqp=-oaymwEYCKgBEF5IVfKriqkDCwgBFQAAiEIYAXAB&rs=AOn4CLAhzU4BCPpoCXMYwSRVynEh8i49ig", "width": 168, "height": 94, "resolution": "168x94", "id": "0"}, {"url": "https://i.ytimg.com/vi/q4T8Znozvkk/hqdefault.jpg?sqp=-oaymwEYCMQBEG5IVfKriqkDCwgBFQAAiEIYAXAB&rs=AOn4CLD2u_18hwH2JpEx2SynT_bF-RPE0A", "width": 196, "height": 110, "resolution": "196x110", "id": "1"}, {"url": "https://i.ytimg.com/vi/q4T8Znozvkk/hqdefault.jpg?sqp=-oaymwEZCPYBEIoBSFXyq4qpAwsIARUAAIhCGAFwAQ==&rs=AOn4CLD37AdboMH0T3b2-oYtnIztQzM8ZA", "width": 246, "height": 138, "resolution": "246x138", "id": "2"}, {"url": "https://i.ytimg.com/vi/q4T8Znozvkk/hqdefault.jpg?sqp=-oaymwEZCNACELwBSFXyq4qpAwsIARUAAIhCGAFwAQ==&rs=AOn4CLBoF8L07wexFaUiPI1JMKQ-9FrNYA", "width": 336, "height": 188, "resolution": "336x188", "id": "3"}, {"url": "https://i.ytimg.com/vi_webp/q4T8Znozvkk/maxresdefault.webp", "width": 1920, "height": 1080, "resolution": "1920x1080", "id": "4"}], "description": "Provided to YouTube by IIP-DDS\n\nSoftly Spoken \u00b7 Atticus Laines\n\nSoftly Spoken\n\n\u2117 Atticus Laines\n\nReleased on: 2020-09-04\n\nComposer: Atticus Laines\nMusic  Publisher: Copyright Control\n\nAuto-generated by YouTube.", "categories": ["Music"], "tags": ["Atticus Laines", "Softly Spoken"], "subtitles": {}, "automatic_captions": {}, "duration": 137, "age_limit": 0, "annotations": null, "chapters": null, "webpage_url": "https://www.youtube.com/watch?v=q4T8Znozvkk", "view_count": 447, "like_count": 19, "dislike_count": null, "average_rating": 5.0, "formats": [{"format_id": "249", "url": "https://r6---sn-5njj-u2xl.googlevideo.com/videoplayback?expire=1609159334&ei=Rn7pX96NFbKsigaC8J3wDw&ip=140.109.135.166&id=o-AKrEJjb5emt8MCuF3O5nQUaMsVJKZdIG87B0diq87_jL&itag=249&source=youtube&requiressl=yes&mh=h5&mm=31%2C29&mn=sn-5njj-u2xl%2Csn-un57sn7s&ms=au%2Crdu&mv=m&mvi=6&pl=16&gcr=tw&initcwndbps=375000&vprv=1&mime=audio%2Fwebm&ns=Y3hX6RhjDR1PxVlxwHvhT4wF&gir=yes&clen=943769&dur=136.701&lmt=1598599986858226&mt=1609137405&fvip=6&keepalive=yes&c=WEB&txp=2311222&n=E-9LNajdpFYcXkc0&sparams=expire%2Cei%2Cip%2Cid%2Citag%2Csource%2Crequiressl%2Cgcr%2Cvprv%2Cmime%2Cns%2Cgir%2Cclen%2Cdur%2Clmt&lsparams=mh%2Cmm%2Cmn%2Cms%2Cmv%2Cmvi%2Cpl%2Cinitcwndbps&lsig=AG3C_xAwRQIhAOaZGMFIj9SvJsxP8QHETztFJ5YOjpkgzAfHsF7Vqi66AiBZlYedzUJZ0D80nSbLkTrhtvfh_u21vNUHJt5poCUIQg%3D%3D&sig=AOq0QJ8wRAIgCWTST3DzJa7-097nTuyHDbWh-NgiqxOF8we5hC12UAUCIApOD2ptRTMzJBgQlnkR-WEzTE54bAIWBR504WcCjA7L&ratebypass=yes", "player_url": "/s/player/5dd3f3b2/player_ias.vflset/en_US/base.js", "ext": "webm", "format_note": "tiny", "acodec": "opus", "abr": 50, "asr": 48000, "filesize": 943769, "fps": null, "height": null, "tbr": 58.556, "width": null, "vcodec": "none", "downloader_options": {"http_chunk_size": 10485760}, "format": "249 - audio only (tiny)", "protocol": "https", "http_headers": {"User-Agent": "Mozilla/5.0 (Windows NT 10.0; Win64; x64) AppleWebKit/537.36 (KHTML, like Gecko) Chrome/70.0.3538.61 Safari/537.36", "Accept-Charset": "ISO-8859-1,utf-8;q=0.7,*;q=0.7", "Accept": "text/html,application/xhtml+xml,application/xml;q=0.9,*/*;q=0.8", "Accept-Encoding": "gzip, deflate", "Accept-Language": "en-us,en;q=0.5"}}, {"format_id": "250", "url": "https://r6---sn-5njj-u2xl.googlevideo.com/videoplayback?expire=1609159334&ei=Rn7pX96NFbKsigaC8J3wDw&ip=140.109.135.166&id=o-AKrEJjb5emt8MCuF3O5nQUaMsVJKZdIG87B0diq87_jL&itag=250&source=youtube&requiressl=yes&mh=h5&mm=31%2C29&mn=sn-5njj-u2xl%2Csn-un57sn7s&ms=au%2Crdu&mv=m&mvi=6&pl=16&gcr=tw&initcwndbps=375000&vprv=1&mime=audio%2Fwebm&ns=Y3hX6RhjDR1PxVlxwHvhT4wF&gir=yes&clen=1264295&dur=136.701&lmt=1598599987050325&mt=1609137405&fvip=6&keepalive=yes&c=WEB&txp=2311222&n=E-9LNajdpFYcXkc0&sparams=expire%2Cei%2Cip%2Cid%2Citag%2Csource%2Crequiressl%2Cgcr%2Cvprv%2Cmime%2Cns%2Cgir%2Cclen%2Cdur%2Clmt&lsparams=mh%2Cmm%2Cmn%2Cms%2Cmv%2Cmvi%2Cpl%2Cinitcwndbps&lsig=AG3C_xAwRQIhAMl-Pp3u_mCxU6KbLPsJ53LM5CM6wwRGio3mfEz55JVvAiBrX-iQ3YyP5S2LLgaUiPK-4t6lsM0zjCeb7Pi5Tt9XIA%3D%3D&sig=AOq0QJ8wRQIhAPhyozfy2AQ3H9P-0BldyQ5dgrMH8Ihyh7YWrBBKLu6jAiAxWNN7klzqcBF59YgR_7dDQLSforMMpN37FanikHcqPQ==&ratebypass=yes", "player_url": "/s/player/5dd3f3b2/player_ias.vflset/en_US/base.js", "ext": "webm", "format_note": "tiny", "acodec": "opus", "abr": 70, "asr": 48000, "filesize": 1264295, "fps": null, "height": null, "tbr": 78.421, "width": null, "vcodec": "none", "downloader_options": {"http_chunk_size": 10485760}, "format": "250 - audio only (tiny)", "protocol": "https", "http_headers": {"User-Agent": "Mozilla/5.0 (Windows NT 10.0; Win64; x64) AppleWebKit/537.36 (KHTML, like Gecko) Chrome/70.0.3538.61 Safari/537.36", "Accept-Charset": "ISO-8859-1,utf-8;q=0.7,*;q=0.7", "Accept": "text/html,application/xhtml+xml,application/xml;q=0.9,*/*;q=0.8", "Accept-Encoding": "gzip, deflate", "Accept-Language": "en-us,en;q=0.5"}}, {"format_id": "140", "url": "https://r6---sn-5njj-u2xl.googlevideo.com/videoplayback?expire=1609159334&ei=Rn7pX96NFbKsigaC8J3wDw&ip=140.109.135.166&id=o-AKrEJjb5emt8MCuF3O5nQUaMsVJKZdIG87B0diq87_jL&itag=140&source=youtube&requiressl=yes&mh=h5&mm=31%2C29&mn=sn-5njj-u2xl%2Csn-un57sn7s&ms=au%2Crdu&mv=m&mvi=6&pl=16&gcr=tw&initcwndbps=375000&vprv=1&mime=audio%2Fmp4&ns=Y3hX6RhjDR1PxVlxwHvhT4wF&gir=yes&clen=2215248&dur=136.691&lmt=1598600004180377&mt=1609137405&fvip=6&keepalive=yes&c=WEB&txp=2311222&n=E-9LNajdpFYcXkc0&sparams=expire%2Cei%2Cip%2Cid%2Citag%2Csource%2Crequiressl%2Cgcr%2Cvprv%2Cmime%2Cns%2Cgir%2Cclen%2Cdur%2Clmt&lsparams=mh%2Cmm%2Cmn%2Cms%2Cmv%2Cmvi%2Cpl%2Cinitcwndbps&lsig=AG3C_xAwRQIhAKlyX8U6Tuk5xLhgDvXjeA_kryfSgAvzzBj3R9N6GG73AiAjvqi3ON6k7sEqnwDMZH9fYAdI-y7qJF6XC4zlQcxNdQ%3D%3D&sig=AOq0QJ8wRQIgPT_Tg_zJqQa2udcvQbkwpQZ8IywlcJCrpBoZJa1uGsMCIQCZ8Z__ZxHEpJrgwxAER89F2eLsv1oZe85tGxi4eAD8Pg==&ratebypass=yes", "player_url": "/s/player/5dd3f3b2/player_ias.vflset/en_US/base.js", "ext": "m4a", "format_note": "tiny", "acodec": "mp4a.40.2", "abr": 128, "container": "m4a_dash", "asr": 44100, "filesize": 2215248, "fps": null, "height": null, "tbr": 131.114, "width": null, "vcodec": "none", "downloader_options": {"http_chunk_size": 10485760}, "format": "140 - audio only (tiny)", "protocol": "https", "http_headers": {"User-Agent": "Mozilla/5.0 (Windows NT 10.0; Win64; x64) AppleWebKit/537.36 (KHTML, like Gecko) Chrome/70.0.3538.61 Safari/537.36", "Accept-Charset": "ISO-8859-1,utf-8;q=0.7,*;q=0.7", "Accept": "text/html,application/xhtml+xml,application/xml;q=0.9,*/*;q=0.8", "Accept-Encoding": "gzip, deflate", "Accept-Language": "en-us,en;q=0.5"}}, {"format_id": "251", "url": "https://r6---sn-5njj-u2xl.googlevideo.com/videoplayback?expire=1609159334&ei=Rn7pX96NFbKsigaC8J3wDw&ip=140.109.135.166&id=o-AKrEJjb5emt8MCuF3O5nQUaMsVJKZdIG87B0diq87_jL&itag=251&source=youtube&requiressl=yes&mh=h5&mm=31%2C29&mn=sn-5njj-u2xl%2Csn-un57sn7s&ms=au%2Crdu&mv=m&mvi=6&pl=16&gcr=tw&initcwndbps=375000&vprv=1&mime=audio%2Fwebm&ns=Y3hX6RhjDR1PxVlxwHvhT4wF&gir=yes&clen=2443180&dur=136.701&lmt=1598599987168175&mt=1609137405&fvip=6&keepalive=yes&c=WEB&txp=2311222&n=E-9LNajdpFYcXkc0&sparams=expire%2Cei%2Cip%2Cid%2Citag%2Csource%2Crequiressl%2Cgcr%2Cvprv%2Cmime%2Cns%2Cgir%2Cclen%2Cdur%2Clmt&lsparams=mh%2Cmm%2Cmn%2Cms%2Cmv%2Cmvi%2Cpl%2Cinitcwndbps&lsig=AG3C_xAwRAIgba6J9Ui-qw6Jj9EsM4y_9CDdGnUGd6Xm_gG2ModseK8CIBizcQT8X32vrFQfP3x7d0nPrO8crMyEuCizovcmCpko&sig=AOq0QJ8wRQIhANZw0Ca8e_L5OLe7pHStTThEOakHAeN2MvEthY-T7YPSAiBY7ZdTP-P_YX-aOJyw4v3YrycjV2hzSuPeUkpquVAdpQ==&ratebypass=yes", "player_url": "/s/player/5dd3f3b2/player_ias.vflset/en_US/base.js", "ext": "webm", "format_note": "tiny", "acodec": "opus", "abr": 160, "asr": 48000, "filesize": 2443180, "fps": null, "height": null, "tbr": 148.609, "width": null, "vcodec": "none", "downloader_options": {"http_chunk_size": 10485760}, "format": "251 - audio only (tiny)", "protocol": "https", "http_headers": {"User-Agent": "Mozilla/5.0 (Windows NT 10.0; Win64; x64) AppleWebKit/537.36 (KHTML, like Gecko) Chrome/70.0.3538.61 Safari/537.36", "Accept-Charset": "ISO-8859-1,utf-8;q=0.7,*;q=0.7", "Accept": "text/html,application/xhtml+xml,application/xml;q=0.9,*/*;q=0.8", "Accept-Encoding": "gzip, deflate", "Accept-Language": "en-us,en;q=0.5"}}, {"format_id": "160", "url": "https://r6---sn-5njj-u2xl.googlevideo.com/videoplayback?expire=1609159334&ei=Rn7pX96NFbKsigaC8J3wDw&ip=140.109.135.166&id=o-AKrEJjb5emt8MCuF3O5nQUaMsVJKZdIG87B0diq87_jL&itag=160&aitags=133%2C134%2C135%2C136%2C137%2C160%2C242%2C243%2C244%2C247%2C248%2C278&source=youtube&requiressl=yes&mh=h5&mm=31%2C29&mn=sn-5njj-u2xl%2Csn-un57sn7s&ms=au%2Crdu&mv=m&mvi=6&pl=16&gcr=tw&initcwndbps=375000&vprv=1&mime=video%2Fmp4&ns=Y3hX6RhjDR1PxVlxwHvhT4wF&gir=yes&clen=219543&dur=136.680&lmt=1598599993772483&mt=1609137405&fvip=6&keepalive=yes&c=WEB&txp=2316222&n=E-9LNajdpFYcXkc0&sparams=expire%2Cei%2Cip%2Cid%2Caitags%2Csource%2Crequiressl%2Cgcr%2Cvprv%2Cmime%2Cns%2Cgir%2Cclen%2Cdur%2Clmt&lsparams=mh%2Cmm%2Cmn%2Cms%2Cmv%2Cmvi%2Cpl%2Cinitcwndbps&lsig=AG3C_xAwRgIhAIIu_t893IZqlSFodRyEYR2-dxL8lc4jlWp9cL6fg3TpAiEA1-gRmFr4dLOSTJdcypgf5gxW5gd2zxXp-I0dT5gWAHU%3D&sig=AOq0QJ8wRAIgXqNGQ57wP_VL0VmdTZDZj6rbib7479bVIa8kz16iCFICIAy_hVu-Wa_p2SXz5LewyNWdH1D_14hV5lj_E3jM4tle&ratebypass=yes", "player_url": "/s/player/5dd3f3b2/player_ias.vflset/en_US/base.js", "ext": "mp4", "height": 144, "format_note": "144p", "vcodec": "avc1.4d400b", "asr": null, "filesize": 219543, "fps": 25, "tbr": 15.006, "width": 144, "acodec": "none", "downloader_options": {"http_chunk_size": 10485760}, "format": "160 - 144x144 (144p)", "protocol": "https", "http_headers": {"User-Agent": "Mozilla/5.0 (Windows NT 10.0; Win64; x64) AppleWebKit/537.36 (KHTML, like Gecko) Chrome/70.0.3538.61 Safari/537.36", "Accept-Charset": "ISO-8859-1,utf-8;q=0.7,*;q=0.7", "Accept": "text/html,application/xhtml+xml,application/xml;q=0.9,*/*;q=0.8", "Accept-Encoding": "gzip, deflate", "Accept-Language": "en-us,en;q=0.5"}}, {"format_id": "278", "url": "https://r6---sn-5njj-u2xl.googlevideo.com/videoplayback?expire=1609159334&ei=Rn7pX96NFbKsigaC8J3wDw&ip=140.109.135.166&id=o-AKrEJjb5emt8MCuF3O5nQUaMsVJKZdIG87B0diq87_jL&itag=278&aitags=133%2C134%2C135%2C136%2C137%2C160%2C242%2C243%2C244%2C247%2C248%2C278&source=youtube&requiressl=yes&mh=h5&mm=31%2C29&mn=sn-5njj-u2xl%2Csn-un57sn7s&ms=au%2Crdu&mv=m&mvi=6&pl=16&gcr=tw&initcwndbps=375000&vprv=1&mime=video%2Fwebm&ns=Y3hX6RhjDR1PxVlxwHvhT4wF&gir=yes&clen=238460&dur=136.680&lmt=1598600002399017&mt=1609137405&fvip=6&keepalive=yes&c=WEB&txp=2316222&n=E-9LNajdpFYcXkc0&sparams=expire%2Cei%2Cip%2Cid%2Caitags%2Csource%2Crequiressl%2Cgcr%2Cvprv%2Cmime%2Cns%2Cgir%2Cclen%2Cdur%2Clmt&lsparams=mh%2Cmm%2Cmn%2Cms%2Cmv%2Cmvi%2Cpl%2Cinitcwndbps&lsig=AG3C_xAwRQIhAN5jE0pQzxTtLB4HM1Xi9VH92YYbrynNDTogbMCh_QWbAiA3P4E_tweP4nu33qRlGRLB3Js-Q1n3Br-64FH-dKiTNw%3D%3D&sig=AOq0QJ8wRQIhAP2_9-g19lJmDcKKgaVCinHD5DAIiZaM7hEOh7lSdnliAiBo1wD78wkQoYZc7H3_dAVy0F2eMn_lRCRvsdCVXmpAyA==&ratebypass=yes", "player_url": "/s/player/5dd3f3b2/player_ias.vflset/en_US/base.js", "ext": "webm", "height": 144, "format_note": "144p", "container": "webm", "vcodec": "vp9", "asr": null, "filesize": 238460, "fps": 25, "tbr": 16.224, "width": 144, "acodec": "none", "downloader_options": {"http_chunk_size": 10485760}, "format": "278 - 144x144 (144p)", "protocol": "https", "http_headers": {"User-Agent": "Mozilla/5.0 (Windows NT 10.0; Win64; x64) AppleWebKit/537.36 (KHTML, like Gecko) Chrome/70.0.3538.61 Safari/537.36", "Accept-Charset": "ISO-8859-1,utf-8;q=0.7,*;q=0.7", "Accept": "text/html,application/xhtml+xml,application/xml;q=0.9,*/*;q=0.8", "Accept-Encoding": "gzip, deflate", "Accept-Language": "en-us,en;q=0.5"}}, {"format_id": "242", "url": "https://r6---sn-5njj-u2xl.googlevideo.com/videoplayback?expire=1609159334&ei=Rn7pX96NFbKsigaC8J3wDw&ip=140.109.135.166&id=o-AKrEJjb5emt8MCuF3O5nQUaMsVJKZdIG87B0diq87_jL&itag=242&aitags=133%2C134%2C135%2C136%2C137%2C160%2C242%2C243%2C244%2C247%2C248%2C278&source=youtube&requiressl=yes&mh=h5&mm=31%2C29&mn=sn-5njj-u2xl%2Csn-un57sn7s&ms=au%2Crdu&mv=m&mvi=6&pl=16&gcr=tw&initcwndbps=375000&vprv=1&mime=video%2Fwebm&ns=Y3hX6RhjDR1PxVlxwHvhT4wF&gir=yes&clen=261876&dur=136.680&lmt=1598600002381511&mt=1609137405&fvip=6&keepalive=yes&c=WEB&txp=2316222&n=E-9LNajdpFYcXkc0&sparams=expire%2Cei%2Cip%2Cid%2Caitags%2Csource%2Crequiressl%2Cgcr%2Cvprv%2Cmime%2Cns%2Cgir%2Cclen%2Cdur%2Clmt&lsparams=mh%2Cmm%2Cmn%2Cms%2Cmv%2Cmvi%2Cpl%2Cinitcwndbps&lsig=AG3C_xAwRAIgMnJuoWUkoVlple0ayE7cdZPNLgrdF65LFHoPNSsqduoCIGtF3pGz_UNbIiAZo7es9UHugDnF6G-ZjU_UFv5Y_km-&sig=AOq0QJ8wRQIgfrqMGhavexS0Ty_Cd5tI-9BZI79rIOxyqC_4eAxjygICIQDLjuN4yjnlqoxve-buLtHBFlvkt3Lq-RNXs-x280Liew==&ratebypass=yes", "player_url": "/s/player/5dd3f3b2/player_ias.vflset/en_US/base.js", "ext": "webm", "height": 240, "format_note": "240p", "vcodec": "vp9", "asr": null, "filesize": 261876, "fps": 25, "tbr": 18.42, "width": 240, "acodec": "none", "downloader_options": {"http_chunk_size": 10485760}, "format": "242 - 240x240 (240p)", "protocol": "https", "http_headers": {"User-Agent": "Mozilla/5.0 (Windows NT 10.0; Win64; x64) AppleWebKit/537.36 (KHTML, like Gecko) Chrome/70.0.3538.61 Safari/537.36", "Accept-Charset": "ISO-8859-1,utf-8;q=0.7,*;q=0.7", "Accept": "text/html,application/xhtml+xml,application/xml;q=0.9,*/*;q=0.8", "Accept-Encoding": "gzip, deflate", "Accept-Language": "en-us,en;q=0.5"}}, {"format_id": "243", "url": "https://r6---sn-5njj-u2xl.googlevideo.com/videoplayback?expire=1609159334&ei=Rn7pX96NFbKsigaC8J3wDw&ip=140.109.135.166&id=o-AKrEJjb5emt8MCuF3O5nQUaMsVJKZdIG87B0diq87_jL&itag=243&aitags=133%2C134%2C135%2C136%2C137%2C160%2C242%2C243%2C244%2C247%2C248%2C278&source=youtube&requiressl=yes&mh=h5&mm=31%2C29&mn=sn-5njj-u2xl%2Csn-un57sn7s&ms=au%2Crdu&mv=m&mvi=6&pl=16&gcr=tw&initcwndbps=375000&vprv=1&mime=video%2Fwebm&ns=Y3hX6RhjDR1PxVlxwHvhT4wF&gir=yes&clen=337680&dur=136.680&lmt=1598600002386118&mt=1609137405&fvip=6&keepalive=yes&c=WEB&txp=2316222&n=E-9LNajdpFYcXkc0&sparams=expire%2Cei%2Cip%2Cid%2Caitags%2Csource%2Crequiressl%2Cgcr%2Cvprv%2Cmime%2Cns%2Cgir%2Cclen%2Cdur%2Clmt&lsparams=mh%2Cmm%2Cmn%2Cms%2Cmv%2Cmvi%2Cpl%2Cinitcwndbps&lsig=AG3C_xAwRgIhAKEepHFE3kNe6TIjNQBDHzf3dNlzpjCZq-3GssTt-TgAAiEA3iZXwft7ZXGlRdzHWMJLI35d9rjRZtuxPEbd4x4AMaw%3D&sig=AOq0QJ8wRQIgQ3N8fYHGDcuahVbcNLbN1LKlF-cN5qaTbqRO4BL4ydwCIQDajpn7LhJaqMVAJlA1Om-cj61zR2CT44Mlnf_cM863gw==&ratebypass=yes", "player_url": "/s/player/5dd3f3b2/player_ias.vflset/en_US/base.js", "ext": "webm", "height": 360, "format_note": "360p", "vcodec": "vp9", "asr": null, "filesize": 337680, "fps": 25, "tbr": 24.638, "width": 360, "acodec": "none", "downloader_options": {"http_chunk_size": 10485760}, "format": "243 - 360x360 (360p)", "protocol": "https", "http_headers": {"User-Agent": "Mozilla/5.0 (Windows NT 10.0; Win64; x64) AppleWebKit/537.36 (KHTML, like Gecko) Chrome/70.0.3538.61 Safari/537.36", "Accept-Charset": "ISO-8859-1,utf-8;q=0.7,*;q=0.7", "Accept": "text/html,application/xhtml+xml,application/xml;q=0.9,*/*;q=0.8", "Accept-Encoding": "gzip, deflate", "Accept-Language": "en-us,en;q=0.5"}}, {"format_id": "133", "url": "https://r6---sn-5njj-u2xl.googlevideo.com/videoplayback?expire=1609159334&ei=Rn7pX96NFbKsigaC8J3wDw&ip=140.109.135.166&id=o-AKrEJjb5emt8MCuF3O5nQUaMsVJKZdIG87B0diq87_jL&itag=133&aitags=133%2C134%2C135%2C136%2C137%2C160%2C242%2C243%2C244%2C247%2C248%2C278&source=youtube&requiressl=yes&mh=h5&mm=31%2C29&mn=sn-5njj-u2xl%2Csn-un57sn7s&ms=au%2Crdu&mv=m&mvi=6&pl=16&gcr=tw&initcwndbps=375000&vprv=1&mime=video%2Fmp4&ns=Y3hX6RhjDR1PxVlxwHvhT4wF&gir=yes&clen=360572&dur=136.680&lmt=1598599993816366&mt=1609137405&fvip=6&keepalive=yes&c=WEB&txp=2316222&n=E-9LNajdpFYcXkc0&sparams=expire%2Cei%2Cip%2Cid%2Caitags%2Csource%2Crequiressl%2Cgcr%2Cvprv%2Cmime%2Cns%2Cgir%2Cclen%2Cdur%2Clmt&lsparams=mh%2Cmm%2Cmn%2Cms%2Cmv%2Cmvi%2Cpl%2Cinitcwndbps&lsig=AG3C_xAwRQIhAMu3JDdRJqBvfB14lBN_lFMftLg-DN7jhnegsknyn6NSAiBgpjGAFxcYPyJuOG5ShS9GSvMpguzcLly7yVKwoIa3Ug%3D%3D&sig=AOq0QJ8wRgIhAL1iEzYjUbhBF7o5xvDpgZeXsZ3-Uq69XLsrYlUQJtSzAiEAkuxucDT4_EhHUNW3asPSQf-9dOB9JGpqN3YaTcjwxaY=&ratebypass=yes", "player_url": "/s/player/5dd3f3b2/player_ias.vflset/en_US/base.js", "ext": "mp4", "height": 240, "format_note": "240p", "vcodec": "avc1.4d400c", "asr": null, "filesize": 360572, "fps": 25, "tbr": 25.71, "width": 240, "acodec": "none", "downloader_options": {"http_chunk_size": 10485760}, "format": "133 - 240x240 (240p)", "protocol": "https", "http_headers": {"User-Agent": "Mozilla/5.0 (Windows NT 10.0; Win64; x64) AppleWebKit/537.36 (KHTML, like Gecko) Chrome/70.0.3538.61 Safari/537.36", "Accept-Charset": "ISO-8859-1,utf-8;q=0.7,*;q=0.7", "Accept": "text/html,application/xhtml+xml,application/xml;q=0.9,*/*;q=0.8", "Accept-Encoding": "gzip, deflate", "Accept-Language": "en-us,en;q=0.5"}}, {"format_id": "244", "url": "https://r6---sn-5njj-u2xl.googlevideo.com/videoplayback?expire=1609159334&ei=Rn7pX96NFbKsigaC8J3wDw&ip=140.109.135.166&id=o-AKrEJjb5emt8MCuF3O5nQUaMsVJKZdIG87B0diq87_jL&itag=244&aitags=133%2C134%2C135%2C136%2C137%2C160%2C242%2C243%2C244%2C247%2C248%2C278&source=youtube&requiressl=yes&mh=h5&mm=31%2C29&mn=sn-5njj-u2xl%2Csn-un57sn7s&ms=au%2Crdu&mv=m&mvi=6&pl=16&gcr=tw&initcwndbps=375000&vprv=1&mime=video%2Fwebm&ns=Y3hX6RhjDR1PxVlxwHvhT4wF&gir=yes&clen=357561&dur=136.680&lmt=1598600002384354&mt=1609137405&fvip=6&keepalive=yes&c=WEB&txp=2316222&n=E-9LNajdpFYcXkc0&sparams=expire%2Cei%2Cip%2Cid%2Caitags%2Csource%2Crequiressl%2Cgcr%2Cvprv%2Cmime%2Cns%2Cgir%2Cclen%2Cdur%2Clmt&lsparams=mh%2Cmm%2Cmn%2Cms%2Cmv%2Cmvi%2Cpl%2Cinitcwndbps&lsig=AG3C_xAwRQIgFKE6N8p3SPDcT_tkHA2o93AQtaTCJUwgu9bWDX5KHIwCIQCNiTLhfpOCoVTY_-pbEhtfpQUsmPXKqsXCj1e3N8T5Ug%3D%3D&sig=AOq0QJ8wRQIgTEapJ7Mp2vrJrT5v4pOUUxcoXdLrKPVhzeSPMQNMlHECIQCQt_pRlNb9Ijg5an5Q_ErLtSpChpimQZsgeUBXW-5Bgg==&ratebypass=yes", "player_url": "/s/player/5dd3f3b2/player_ias.vflset/en_US/base.js", "ext": "webm", "height": 480, "format_note": "480p", "vcodec": "vp9", "asr": null, "filesize": 357561, "fps": 25, "tbr": 27.011, "width": 480, "acodec": "none", "downloader_options": {"http_chunk_size": 10485760}, "format": "244 - 480x480 (480p)", "protocol": "https", "http_headers": {"User-Agent": "Mozilla/5.0 (Windows NT 10.0; Win64; x64) AppleWebKit/537.36 (KHTML, like Gecko) Chrome/70.0.3538.61 Safari/537.36", "Accept-Charset": "ISO-8859-1,utf-8;q=0.7,*;q=0.7", "Accept": "text/html,application/xhtml+xml,application/xml;q=0.9,*/*;q=0.8", "Accept-Encoding": "gzip, deflate", "Accept-Language": "en-us,en;q=0.5"}}, {"format_id": "247", "url": "https://r6---sn-5njj-u2xl.googlevideo.com/videoplayback?expire=1609159334&ei=Rn7pX96NFbKsigaC8J3wDw&ip=140.109.135.166&id=o-AKrEJjb5emt8MCuF3O5nQUaMsVJKZdIG87B0diq87_jL&itag=247&aitags=133%2C134%2C135%2C136%2C137%2C160%2C242%2C243%2C244%2C247%2C248%2C278&source=youtube&requiressl=yes&mh=h5&mm=31%2C29&mn=sn-5njj-u2xl%2Csn-un57sn7s&ms=au%2Crdu&mv=m&mvi=6&pl=16&gcr=tw&initcwndbps=375000&vprv=1&mime=video%2Fwebm&ns=Y3hX6RhjDR1PxVlxwHvhT4wF&gir=yes&clen=562052&dur=136.680&lmt=1598600002398399&mt=1609137405&fvip=6&keepalive=yes&c=WEB&txp=2316222&n=E-9LNajdpFYcXkc0&sparams=expire%2Cei%2Cip%2Cid%2Caitags%2Csource%2Crequiressl%2Cgcr%2Cvprv%2Cmime%2Cns%2Cgir%2Cclen%2Cdur%2Clmt&lsparams=mh%2Cmm%2Cmn%2Cms%2Cmv%2Cmvi%2Cpl%2Cinitcwndbps&lsig=AG3C_xAwRQIhAIbSLdAdXCbkBKIB6ZdwfhgXlUCF3umYSJAulTVfv1MBAiBb41OSNTiFb6YzdsjpT_k7IyziLKAcgAph1nEzNaahKw%3D%3D&sig=AOq0QJ8wRgIhAPhKqfyJHEg4bN2RDFfpLQjJLu1Qu-aJKL0_FkOh0BcxAiEAgC4micxiwcXvDYGpxSvATFurXdrDi48sM0jQmY1-YZM=&ratebypass=yes", "player_url": "/s/player/5dd3f3b2/player_ias.vflset/en_US/base.js", "ext": "webm", "height": 720, "format_note": "720p", "vcodec": "vp9", "asr": null, "filesize": 562052, "fps": 25, "tbr": 43.026, "width": 720, "acodec": "none", "downloader_options": {"http_chunk_size": 10485760}, "format": "247 - 720x720 (720p)", "protocol": "https", "http_headers": {"User-Agent": "Mozilla/5.0 (Windows NT 10.0; Win64; x64) AppleWebKit/537.36 (KHTML, like Gecko) Chrome/70.0.3538.61 Safari/537.36", "Accept-Charset": "ISO-8859-1,utf-8;q=0.7,*;q=0.7", "Accept": "text/html,application/xhtml+xml,application/xml;q=0.9,*/*;q=0.8", "Accept-Encoding": "gzip, deflate", "Accept-Language": "en-us,en;q=0.5"}}, {"format_id": "134", "url": "https://r6---sn-5njj-u2xl.googlevideo.com/videoplayback?expire=1609159334&ei=Rn7pX96NFbKsigaC8J3wDw&ip=140.109.135.166&id=o-AKrEJjb5emt8MCuF3O5nQUaMsVJKZdIG87B0diq87_jL&itag=134&aitags=133%2C134%2C135%2C136%2C137%2C160%2C242%2C243%2C244%2C247%2C248%2C278&source=youtube&requiressl=yes&mh=h5&mm=31%2C29&mn=sn-5njj-u2xl%2Csn-un57sn7s&ms=au%2Crdu&mv=m&mvi=6&pl=16&gcr=tw&initcwndbps=375000&vprv=1&mime=video%2Fmp4&ns=Y3hX6RhjDR1PxVlxwHvhT4wF&gir=yes&clen=595193&dur=136.680&lmt=1598599993773433&mt=1609137405&fvip=6&keepalive=yes&c=WEB&txp=2316222&n=E-9LNajdpFYcXkc0&sparams=expire%2Cei%2Cip%2Cid%2Caitags%2Csource%2Crequiressl%2Cgcr%2Cvprv%2Cmime%2Cns%2Cgir%2Cclen%2Cdur%2Clmt&lsparams=mh%2Cmm%2Cmn%2Cms%2Cmv%2Cmvi%2Cpl%2Cinitcwndbps&lsig=AG3C_xAwRgIhAOhAZ1AYWcBMjVkM_WvTkQ1-ihrEL55Etpkh8GoKsYEwAiEApvhvrnuXtQiflKTIuCaf6Swl-_IxWhe8x1OJNKCXt7g%3D&sig=AOq0QJ8wRQIhAOKyYOfrviEt8i0xAaWuOJFDDKOFH49D8MkXdpk8OWLeAiBxIYbADr60rBROvZUGU7ZLQZEpSDfeDWt-pcb3uymYgw==&ratebypass=yes", "player_url": "/s/player/5dd3f3b2/player_ias.vflset/en_US/base.js", "ext": "mp4", "height": 360, "format_note": "360p", "vcodec": "avc1.4d4015", "asr": null, "filesize": 595193, "fps": 25, "tbr": 43.168, "width": 360, "acodec": "none", "downloader_options": {"http_chunk_size": 10485760}, "format": "134 - 360x360 (360p)", "protocol": "https", "http_headers": {"User-Agent": "Mozilla/5.0 (Windows NT 10.0; Win64; x64) AppleWebKit/537.36 (KHTML, like Gecko) Chrome/70.0.3538.61 Safari/537.36", "Accept-Charset": "ISO-8859-1,utf-8;q=0.7,*;q=0.7", "Accept": "text/html,application/xhtml+xml,application/xml;q=0.9,*/*;q=0.8", "Accept-Encoding": "gzip, deflate", "Accept-Language": "en-us,en;q=0.5"}}, {"format_id": "248", "url": "https://r6---sn-5njj-u2xl.googlevideo.com/videoplayback?expire=1609159334&ei=Rn7pX96NFbKsigaC8J3wDw&ip=140.109.135.166&id=o-AKrEJjb5emt8MCuF3O5nQUaMsVJKZdIG87B0diq87_jL&itag=248&aitags=133%2C134%2C135%2C136%2C137%2C160%2C242%2C243%2C244%2C247%2C248%2C278&source=youtube&requiressl=yes&mh=h5&mm=31%2C29&mn=sn-5njj-u2xl%2Csn-un57sn7s&ms=au%2Crdu&mv=m&mvi=6&pl=16&gcr=tw&initcwndbps=375000&vprv=1&mime=video%2Fwebm&ns=Y3hX6RhjDR1PxVlxwHvhT4wF&gir=yes&clen=931678&dur=136.680&lmt=1598600002383675&mt=1609137405&fvip=6&keepalive=yes&c=WEB&txp=2316222&n=E-9LNajdpFYcXkc0&sparams=expire%2Cei%2Cip%2Cid%2Caitags%2Csource%2Crequiressl%2Cgcr%2Cvprv%2Cmime%2Cns%2Cgir%2Cclen%2Cdur%2Clmt&lsparams=mh%2Cmm%2Cmn%2Cms%2Cmv%2Cmvi%2Cpl%2Cinitcwndbps&lsig=AG3C_xAwRQIhAMtur4SpfWl-hTktso_Zqhbjpb6CBEJUr-n_FDlJyMVXAiBdnHaoFLdVEGGvO31I3tYTAOvG-JISh9Y4RnlrVpH1tg%3D%3D&sig=AOq0QJ8wRQIgN6pKBIHAtwwyDuskKsgOzSAHx4agcgmdAOvtQ9aWvKwCIQDDonXsJPzUfO0rIUN1BAUHEA5RN-g6nPOqGFzHWuKFiA==&ratebypass=yes", "player_url": "/s/player/5dd3f3b2/player_ias.vflset/en_US/base.js", "ext": "webm", "height": 1080, "format_note": "1080p", "vcodec": "vp9", "asr": null, "filesize": 931678, "fps": 25, "tbr": 64.822, "width": 1080, "acodec": "none", "downloader_options": {"http_chunk_size": 10485760}, "format": "248 - 1080x1080 (1080p)", "protocol": "https", "http_headers": {"User-Agent": "Mozilla/5.0 (Windows NT 10.0; Win64; x64) AppleWebKit/537.36 (KHTML, like Gecko) Chrome/70.0.3538.61 Safari/537.36", "Accept-Charset": "ISO-8859-1,utf-8;q=0.7,*;q=0.7", "Accept": "text/html,application/xhtml+xml,application/xml;q=0.9,*/*;q=0.8", "Accept-Encoding": "gzip, deflate", "Accept-Language": "en-us,en;q=0.5"}}, {"format_id": "135", "url": "https://r6---sn-5njj-u2xl.googlevideo.com/videoplayback?expire=1609159334&ei=Rn7pX96NFbKsigaC8J3wDw&ip=140.109.135.166&id=o-AKrEJjb5emt8MCuF3O5nQUaMsVJKZdIG87B0diq87_jL&itag=135&aitags=133%2C134%2C135%2C136%2C137%2C160%2C242%2C243%2C244%2C247%2C248%2C278&source=youtube&requiressl=yes&mh=h5&mm=31%2C29&mn=sn-5njj-u2xl%2Csn-un57sn7s&ms=au%2Crdu&mv=m&mvi=6&pl=16&gcr=tw&initcwndbps=375000&vprv=1&mime=video%2Fmp4&ns=Y3hX6RhjDR1PxVlxwHvhT4wF&gir=yes&clen=908345&dur=136.680&lmt=1598599993778116&mt=1609137405&fvip=6&keepalive=yes&c=WEB&txp=2316222&n=E-9LNajdpFYcXkc0&sparams=expire%2Cei%2Cip%2Cid%2Caitags%2Csource%2Crequiressl%2Cgcr%2Cvprv%2Cmime%2Cns%2Cgir%2Cclen%2Cdur%2Clmt&lsparams=mh%2Cmm%2Cmn%2Cms%2Cmv%2Cmvi%2Cpl%2Cinitcwndbps&lsig=AG3C_xAwRQIgHzTi7sVEhzACAAsDyybkpE8n688LBcXZ5vP6ebqBNGsCIQDkBWnblMhVXCZH13b2peD4Hyf6BCiNGVzmMSYrIbFuHg%3D%3D&sig=AOq0QJ8wRgIhAPCoyBvtGAWbQhp0hozwXp_oPy8DYstD1_fHo7CQ2EroAiEAkQOTqLN4K_-qkaBmk7kSQTHYYz6IsTRkvzvwQ9_oZ8I=&ratebypass=yes", "player_url": "/s/player/5dd3f3b2/player_ias.vflset/en_US/base.js", "ext": "mp4", "height": 480, "format_note": "480p", "vcodec": "avc1.4d401e", "asr": null, "filesize": 908345, "fps": 25, "tbr": 73.103, "width": 480, "acodec": "none", "downloader_options": {"http_chunk_size": 10485760}, "format": "135 - 480x480 (480p)", "protocol": "https", "http_headers": {"User-Agent": "Mozilla/5.0 (Windows NT 10.0; Win64; x64) AppleWebKit/537.36 (KHTML, like Gecko) Chrome/70.0.3538.61 Safari/537.36", "Accept-Charset": "ISO-8859-1,utf-8;q=0.7,*;q=0.7", "Accept": "text/html,application/xhtml+xml,application/xml;q=0.9,*/*;q=0.8", "Accept-Encoding": "gzip, deflate", "Accept-Language": "en-us,en;q=0.5"}}, {"format_id": "136", "url": "https://r6---sn-5njj-u2xl.googlevideo.com/videoplayback?expire=1609159334&ei=Rn7pX96NFbKsigaC8J3wDw&ip=140.109.135.166&id=o-AKrEJjb5emt8MCuF3O5nQUaMsVJKZdIG87B0diq87_jL&itag=136&aitags=133%2C134%2C135%2C136%2C137%2C160%2C242%2C243%2C244%2C247%2C248%2C278&source=youtube&requiressl=yes&mh=h5&mm=31%2C29&mn=sn-5njj-u2xl%2Csn-un57sn7s&ms=au%2Crdu&mv=m&mvi=6&pl=16&gcr=tw&initcwndbps=375000&vprv=1&mime=video%2Fmp4&ns=Y3hX6RhjDR1PxVlxwHvhT4wF&gir=yes&clen=1463991&dur=136.680&lmt=1598599993774131&mt=1609137405&fvip=6&keepalive=yes&c=WEB&txp=2316222&n=E-9LNajdpFYcXkc0&sparams=expire%2Cei%2Cip%2Cid%2Caitags%2Csource%2Crequiressl%2Cgcr%2Cvprv%2Cmime%2Cns%2Cgir%2Cclen%2Cdur%2Clmt&lsparams=mh%2Cmm%2Cmn%2Cms%2Cmv%2Cmvi%2Cpl%2Cinitcwndbps&lsig=AG3C_xAwRAIgO4pxC0W0x_b0tbmHjejbPdeqisReIixVy0is_9dnbhgCIE3kay7Fm4NM88GXqWsTtdleN59i_o8_Rdtom1zXKzxw&sig=AOq0QJ8wRQIgKWteqZ1MaD6FId264nyb5hOepmQg2EpXVVdBd8X74xkCIQDERTcinSFp4dyelwy6F4WtO4MoGN4OjanzQparToMDoQ==&ratebypass=yes", "player_url": "/s/player/5dd3f3b2/player_ias.vflset/en_US/base.js", "ext": "mp4", "height": 720, "format_note": "720p", "vcodec": "avc1.64001f", "asr": null, "filesize": 1463991, "fps": 25, "tbr": 118.498, "width": 720, "acodec": "none", "downloader_options": {"http_chunk_size": 10485760}, "format": "136 - 720x720 (720p)", "protocol": "https", "http_headers": {"User-Agent": "Mozilla/5.0 (Windows NT 10.0; Win64; x64) AppleWebKit/537.36 (KHTML, like Gecko) Chrome/70.0.3538.61 Safari/537.36", "Accept-Charset": "ISO-8859-1,utf-8;q=0.7,*;q=0.7", "Accept": "text/html,application/xhtml+xml,application/xml;q=0.9,*/*;q=0.8", "Accept-Encoding": "gzip, deflate", "Accept-Language": "en-us,en;q=0.5"}}, {"format_id": "137", "url": "https://r6---sn-5njj-u2xl.googlevideo.com/videoplayback?expire=1609159334&ei=Rn7pX96NFbKsigaC8J3wDw&ip=140.109.135.166&id=o-AKrEJjb5emt8MCuF3O5nQUaMsVJKZdIG87B0diq87_jL&itag=137&aitags=133%2C134%2C135%2C136%2C137%2C160%2C242%2C243%2C244%2C247%2C248%2C278&source=youtube&requiressl=yes&mh=h5&mm=31%2C29&mn=sn-5njj-u2xl%2Csn-un57sn7s&ms=au%2Crdu&mv=m&mvi=6&pl=16&gcr=tw&initcwndbps=375000&vprv=1&mime=video%2Fmp4&ns=Y3hX6RhjDR1PxVlxwHvhT4wF&gir=yes&clen=3259465&dur=136.680&lmt=1598599993784239&mt=1609137405&fvip=6&keepalive=yes&c=WEB&txp=2316222&n=E-9LNajdpFYcXkc0&sparams=expire%2Cei%2Cip%2Cid%2Caitags%2Csource%2Crequiressl%2Cgcr%2Cvprv%2Cmime%2Cns%2Cgir%2Cclen%2Cdur%2Clmt&lsparams=mh%2Cmm%2Cmn%2Cms%2Cmv%2Cmvi%2Cpl%2Cinitcwndbps&lsig=AG3C_xAwRgIhAPxU-rG0_EwgdLeeOFykGltEp_bz5x7zSIwEHBL2G8lmAiEAtlS7zhE8ZRkOlPj6SJqhyTirFmRBKzWRaijK1_pY7KI%3D&sig=AOq0QJ8wRQIgRljGYvd7-SFoZE_DXFLeA_kADRKLJvrTPoxnHYIh7NwCIQDDzxDAg-EuINp-zydhaIfgckcKG0XvBsxqGU-xfqfWrA==&ratebypass=yes", "player_url": "/s/player/5dd3f3b2/player_ias.vflset/en_US/base.js", "ext": "mp4", "height": 1080, "format_note": "1080p", "vcodec": "avc1.640020", "asr": null, "filesize": 3259465, "fps": 25, "tbr": 266.528, "width": 1080, "acodec": "none", "downloader_options": {"http_chunk_size": 10485760}, "format": "137 - 1080x1080 (1080p)", "protocol": "https", "http_headers": {"User-Agent": "Mozilla/5.0 (Windows NT 10.0; Win64; x64) AppleWebKit/537.36 (KHTML, like Gecko) Chrome/70.0.3538.61 Safari/537.36", "Accept-Charset": "ISO-8859-1,utf-8;q=0.7,*;q=0.7", "Accept": "text/html,application/xhtml+xml,application/xml;q=0.9,*/*;q=0.8", "Accept-Encoding": "gzip, deflate", "Accept-Language": "en-us,en;q=0.5"}}, {"format_id": "18", "url": "https://r6---sn-5njj-u2xl.googlevideo.com/videoplayback?expire=1609159334&ei=Rn7pX96NFbKsigaC8J3wDw&ip=140.109.135.166&id=o-AKrEJjb5emt8MCuF3O5nQUaMsVJKZdIG87B0diq87_jL&itag=18&source=youtube&requiressl=yes&mh=h5&mm=31%2C29&mn=sn-5njj-u2xl%2Csn-un57sn7s&ms=au%2Crdu&mv=m&mvi=6&pl=16&gcr=tw&initcwndbps=375000&vprv=1&mime=video%2Fmp4&ns=E6zvB0NM7uvUXZP7q8-DdaoF&gir=yes&clen=2285744&ratebypass=yes&dur=136.742&lmt=1598599993563349&mt=1609137405&fvip=6&c=WEB&txp=2316222&n=i2s6K1Bl85vizYuO&sparams=expire%2Cei%2Cip%2Cid%2Citag%2Csource%2Crequiressl%2Cgcr%2Cvprv%2Cmime%2Cns%2Cgir%2Cclen%2Cratebypass%2Cdur%2Clmt&lsparams=mh%2Cmm%2Cmn%2Cms%2Cmv%2Cmvi%2Cpl%2Cinitcwndbps&lsig=AG3C_xAwRQIgGY1Roun94V_NozzumLKTt4tiArBroqZhmQnB8dbuFNkCIQCfk1OHwHkbjS1rRi5TihMoiRkhhiTvqMWYmxYqdKzz0Q%3D%3D&sig=AOq0QJ8wRgIhAI_V98LE8i59XgzIr0RgmA7YqriepV8V2ePmjD0RL5sKAiEAgYUBFe5cpVUnrlsQnTfLcfCDVQ60fYz7vZA0hN6QjgM=", "player_url": "/s/player/5dd3f3b2/player_ias.vflset/en_US/base.js", "ext": "mp4", "width": 360, "height": 360, "acodec": "mp4a.40.2", "abr": 96, "vcodec": "avc1.42001E", "asr": 44100, "filesize": 2285744, "format_note": "360p", "fps": 25, "tbr": 133.786, "format": "18 - 360x360 (360p)", "protocol": "https", "http_headers": {"User-Agent": "Mozilla/5.0 (Windows NT 10.0; Win64; x64) AppleWebKit/537.36 (KHTML, like Gecko) Chrome/70.0.3538.61 Safari/537.36", "Accept-Charset": "ISO-8859-1,utf-8;q=0.7,*;q=0.7", "Accept": "text/html,application/xhtml+xml,application/xml;q=0.9,*/*;q=0.8", "Accept-Encoding": "gzip, deflate", "Accept-Language": "en-us,en;q=0.5"}}], "is_live": null, "start_time": null, "end_time": null, "series": null, "season_number": null, "episode_number": null, "track": "Softly Spoken", "artist": "Atticus Laines", "album": "Softly Spoken", "release_date": "20200904", "release_year": 2020, "extractor": "youtube", "webpage_url_basename": "watch", "extractor_key": "Youtube", "playlist": null, "playlist_index": null, "thumbnail": "https://i.ytimg.com/vi_webp/q4T8Znozvkk/maxresdefault.webp", "display_id": "q4T8Znozvkk", "requested_subtitles": null, "format_id": "251", "url": "https://r6---sn-5njj-u2xl.googlevideo.com/videoplayback?expire=1609159334&ei=Rn7pX96NFbKsigaC8J3wDw&ip=140.109.135.166&id=o-AKrEJjb5emt8MCuF3O5nQUaMsVJKZdIG87B0diq87_jL&itag=251&source=youtube&requiressl=yes&mh=h5&mm=31%2C29&mn=sn-5njj-u2xl%2Csn-un57sn7s&ms=au%2Crdu&mv=m&mvi=6&pl=16&gcr=tw&initcwndbps=375000&vprv=1&mime=audio%2Fwebm&ns=Y3hX6RhjDR1PxVlxwHvhT4wF&gir=yes&clen=2443180&dur=136.701&lmt=1598599987168175&mt=1609137405&fvip=6&keepalive=yes&c=WEB&txp=2311222&n=E-9LNajdpFYcXkc0&sparams=expire%2Cei%2Cip%2Cid%2Citag%2Csource%2Crequiressl%2Cgcr%2Cvprv%2Cmime%2Cns%2Cgir%2Cclen%2Cdur%2Clmt&lsparams=mh%2Cmm%2Cmn%2Cms%2Cmv%2Cmvi%2Cpl%2Cinitcwndbps&lsig=AG3C_xAwRAIgba6J9Ui-qw6Jj9EsM4y_9CDdGnUGd6Xm_gG2ModseK8CIBizcQT8X32vrFQfP3x7d0nPrO8crMyEuCizovcmCpko&sig=AOq0QJ8wRQIhANZw0Ca8e_L5OLe7pHStTThEOakHAeN2MvEthY-T7YPSAiBY7ZdTP-P_YX-aOJyw4v3YrycjV2hzSuPeUkpquVAdpQ==&ratebypass=yes", "player_url": "/s/player/5dd3f3b2/player_ias.vflset/en_US/base.js", "ext": "webm", "format_note": "tiny", "acodec": "opus", "abr": 160, "asr": 48000, "filesize": 2443180, "fps": null, "height": null, "tbr": 148.609, "width": null, "vcodec": "none", "downloader_options": {"http_chunk_size": 10485760}, "format": "251 - audio only (tiny)", "protocol": "https", "http_headers": {"User-Agent": "Mozilla/5.0 (Windows NT 10.0; Win64; x64) AppleWebKit/537.36 (KHTML, like Gecko) Chrome/70.0.3538.61 Safari/537.36", "Accept-Charset": "ISO-8859-1,utf-8;q=0.7,*;q=0.7", "Accept": "text/html,application/xhtml+xml,application/xml;q=0.9,*/*;q=0.8", "Accept-Encoding": "gzip, deflate", "Accept-Language": "en-us,en;q=0.5"}}