{"id": "rDhbGjFlKF8", "uploader": "APX PIANO", "uploader_id": "UCPPGD9EVFhrbzV4r3fJPB5w", "uploader_url": "http://www.youtube.com/channel/UCPPGD9EVFhrbzV4r3fJPB5w", "channel_id": "UCPPGD9EVFhrbzV4r3fJPB5w", "channel_url": "http://www.youtube.com/channel/UCPPGD9EVFhrbzV4r3fJPB5w", "upload_date": "20201124", "license": null, "creator": null, "title": "Libor Kolman - N'abandonne pas", "alt_title": null, "thumbnails": [{"url": "https://i.ytimg.com/vi/rDhbGjFlKF8/hqdefault.jpg?sqp=-oaymwEYCKgBEF5IVfKriqkDCwgBFQAAiEIYAXAB&rs=AOn4CLBNwZBZTKc0iQY8PkRYVs6a6cbVkA", "width": 168, "height": 94, "resolution": "168x94", "id": "0"}, {"url": "https://i.ytimg.com/vi/rDhbGjFlKF8/hqdefault.jpg?sqp=-oaymwEYCMQBEG5IVfKriqkDCwgBFQAAiEIYAXAB&rs=AOn4CLAaydjCaLOqBe2d48yQ1p1tOGUb1g", "width": 196, "height": 110, "resolution": "196x110", "id": "1"}, {"url": "https://i.ytimg.com/vi/rDhbGjFlKF8/hqdefault.jpg?sqp=-oaymwEZCPYBEIoBSFXyq4qpAwsIARUAAIhCGAFwAQ==&rs=AOn4CLAlk4MMD2ZqoIsoafwpqhCGvyE8-Q", "width": 246, "height": 138, "resolution": "246x138", "id": "2"}, {"url": "https://i.ytimg.com/vi/rDhbGjFlKF8/hqdefault.jpg?sqp=-oaymwEZCNACELwBSFXyq4qpAwsIARUAAIhCGAFwAQ==&rs=AOn4CLBpMKtpwcLhZy4D6Fy6N2NQad0jjw", "width": 336, "height": 188, "resolution": "336x188", "id": "3"}, {"url": "https://i.ytimg.com/vi_webp/rDhbGjFlKF8/maxresdefault.webp", "width": 1920, "height": 1080, "resolution": "1920x1080", "id": "4"}], "description": "Piano music for study, deep relaxation and sleep.\n\nPlay this instrumental music in the background and use it as concentration music, focus music, sleep music or music for reading.\n\nIt can help you with a good night sleep, memory retention if you are studying for a test, finishing your homework or just listening as work music.\n\nPlease feel free to leave your comments and suggestions and to share your love by liking this video and subscribing to our channel.\n\nListen on Spotify: \n\nhttps://open.spotify.com/album/5ejRY2g6Jo415CSc7hmftK?si=4m5NFhMTTbmyM1MLJmMwsA", "categories": ["Music"], "tags": ["music", "piano", "sleep", "deep relaxation", "study", "concentration", "sleeping", "relax", "work music", "studying", "memory", "focus"], "subtitles": {}, "automatic_captions": {}, "duration": 154, "age_limit": 0, "annotations": null, "chapters": null, "webpage_url": "https://www.youtube.com/watch?v=rDhbGjFlKF8", "view_count": 17, "like_count": null, "dislike_count": null, "average_rating": null, "formats": [{"ext": "m4a", "format_note": "DASH audio", "acodec": "mp4a.40.5", "abr": 48, "container": "m4a_dash", "format_id": "139", "manifest_url": "https://manifest.googlevideo.com/api/manifest/dash/expire/1610368269/ei/rfD7X6XxMczCigbc-p6QCA/ip/220.129.26.102/id/ac385b1a3165285f/source/youtube/requiressl/yes/playback_host/r5---sn-ipoxu-u2x6.googlevideo.com/mh/yo/mm/31%2C29/mn/sn-ipoxu-u2x6%2Csn-un57en7l/ms/au%2Crdu/mv/m/mvi/5/pl/21/hfr/all/as/fmp4_audio_clear%2Cwebm_audio_clear%2Cwebm2_audio_clear%2Cfmp4_sd_hd_clear%2Cwebm2_sd_hd_clear/initcwndbps/737500/vprv/1/mt/1610345794/fvip/5/keepalive/yes/itag/0/sparams/expire%2Cei%2Cip%2Cid%2Csource%2Crequiressl%2Chfr%2Cas%2Cvprv%2Citag/sig/AOq0QJ8wRQIgay1AVSRbL5jkykjT7e_WiCZM5VtBfx5hscb2VwMbZKgCIQDp-ka5dtjDxiid8Egae9v22di_J6gmbX1pd_2xg6snDQ%3D%3D/lsparams/playback_host%2Cmh%2Cmm%2Cmn%2Cms%2Cmv%2Cmvi%2Cpl%2Cinitcwndbps/lsig/AG3C_xAwRgIhAKmZvHaPvqLCjt49XblGIwoL_C0ErlCcxDLO7fTbxgsWAiEA87G1oNDjWcZaE5S2ByO0-bmxsFPYsQ-CyiaH-AVHAFs%3D", "width": null, "height": null, "tbr": 50.001, "asr": 22050, "fps": null, "language": null, "filesize": null, "vcodec": "none", "url": "https://manifest.googlevideo.com/api/manifest/dash/expire/1610368269/ei/rfD7X6XxMczCigbc-p6QCA/ip/220.129.26.102/id/ac385b1a3165285f/source/youtube/requiressl/yes/playback_host/r5---sn-ipoxu-u2x6.googlevideo.com/mh/yo/mm/31%2C29/mn/sn-ipoxu-u2x6%2Csn-un57en7l/ms/au%2Crdu/mv/m/mvi/5/pl/21/hfr/all/as/fmp4_audio_clear%2Cwebm_audio_clear%2Cwebm2_audio_clear%2Cfmp4_sd_hd_clear%2Cwebm2_sd_hd_clear/initcwndbps/737500/vprv/1/mt/1610345794/fvip/5/keepalive/yes/itag/0/sparams/expire%2Cei%2Cip%2Cid%2Csource%2Crequiressl%2Chfr%2Cas%2Cvprv%2Citag/sig/AOq0QJ8wRQIgay1AVSRbL5jkykjT7e_WiCZM5VtBfx5hscb2VwMbZKgCIQDp-ka5dtjDxiid8Egae9v22di_J6gmbX1pd_2xg6snDQ%3D%3D/lsparams/playback_host%2Cmh%2Cmm%2Cmn%2Cms%2Cmv%2Cmvi%2Cpl%2Cinitcwndbps/lsig/AG3C_xAwRgIhAKmZvHaPvqLCjt49XblGIwoL_C0ErlCcxDLO7fTbxgsWAiEA87G1oNDjWcZaE5S2ByO0-bmxsFPYsQ-CyiaH-AVHAFs%3D", "fragment_base_url": "https://r5---sn-ipoxu-u2x6.googlevideo.com/videoplayback/expire/1610368269/ei/rfD7X6XxMczCigbc-p6QCA/ip/220.129.26.102/id/ac385b1a3165285f/itag/139/source/youtube/requiressl/yes/mh/yo/mm/31,29/mn/sn-ipoxu-u2x6,sn-un57en7l/ms/au,rdu/mv/m/mvi/5/pl/21/initcwndbps/737500/vprv/1/ratebypass/yes/mime/audio%2Fmp4/otfp/1/gir/yes/clen/942363/lmt/1606231318987212/dur/154.366/mt/1610345794/fvip/5/keepalive/yes/sparams/expire,ei,ip,id,itag,source,requiressl,vprv,ratebypass,mime,otfp,gir,clen,lmt,dur/sig/AOq0QJ8wRAIgK72ayFz0S2ZLASHgtjTcSEqCYhK1gFPmVT52UmDEjBoCIAC6Pp8y8KtOHRcevqUAeHDOo_Yd423tmn92lSHyLcCQ/lsparams/mh,mm,mn,ms,mv,mvi,pl,initcwndbps/lsig/AG3C_xAwRgIhAK8_cJDkePNGuORmMCL2KmtN5n_QvsqwggA303AXi1DhAiEAnrezBtAJG3CllRQNsOELGRDeQtZJD8W4pnSRJRcEtKg%3D/", "fragments": [{"path": "range/0-640"}, {"path": "range/865-62407", "duration": 9.985}, {"path": "range/62408-123266", "duration": 9.984}, {"path": "range/123267-184052", "duration": 9.985}, {"path": "range/184053-245003", "duration": 9.984}, {"path": "range/245004-305926", "duration": 9.985}, {"path": "range/305927-366673", "duration": 9.984}, {"path": "range/366674-427599", "duration": 9.985}, {"path": "range/427600-488395", "duration": 9.985}, {"path": "range/488396-549314", "duration": 9.984}, {"path": "range/549315-610115", "duration": 9.985}, {"path": "range/610116-671004", "duration": 9.984}, {"path": "range/671005-731939", "duration": 9.985}, {"path": "range/731940-792748", "duration": 9.985}, {"path": "range/792749-853634", "duration": 9.984}, {"path": "range/853635-914566", "duration": 9.985}, {"path": "range/914567-942362", "duration": 4.598}], "protocol": "http_dash_segments", "format": "139 - audio only (DASH audio)", "http_headers": {"User-Agent": "Mozilla/5.0 (Windows NT 10.0; Win64; x64) AppleWebKit/537.36 (KHTML, like Gecko) Chrome/71.0.3557.2 Safari/537.36", "Accept-Charset": "ISO-8859-1,utf-8;q=0.7,*;q=0.7", "Accept": "text/html,application/xhtml+xml,application/xml;q=0.9,*/*;q=0.8", "Accept-Encoding": "gzip, deflate", "Accept-Language": "en-us,en;q=0.5"}}, {"ext": "m4a", "format_note": "DASH audio", "acodec": "mp4a.40.2", "abr": 128, "container": "m4a_dash", "format_id": "140", "manifest_url": "https://manifest.googlevideo.com/api/manifest/dash/expire/1610368269/ei/rfD7X6XxMczCigbc-p6QCA/ip/220.129.26.102/id/ac385b1a3165285f/source/youtube/requiressl/yes/playback_host/r5---sn-ipoxu-u2x6.googlevideo.com/mh/yo/mm/31%2C29/mn/sn-ipoxu-u2x6%2Csn-un57en7l/ms/au%2Crdu/mv/m/mvi/5/pl/21/hfr/all/as/fmp4_audio_clear%2Cwebm_audio_clear%2Cwebm2_audio_clear%2Cfmp4_sd_hd_clear%2Cwebm2_sd_hd_clear/initcwndbps/737500/vprv/1/mt/1610345794/fvip/5/keepalive/yes/itag/0/sparams/expire%2Cei%2Cip%2Cid%2Csource%2Crequiressl%2Chfr%2Cas%2Cvprv%2Citag/sig/AOq0QJ8wRQIgay1AVSRbL5jkykjT7e_WiCZM5VtBfx5hscb2VwMbZKgCIQDp-ka5dtjDxiid8Egae9v22di_J6gmbX1pd_2xg6snDQ%3D%3D/lsparams/playback_host%2Cmh%2Cmm%2Cmn%2Cms%2Cmv%2Cmvi%2Cpl%2Cinitcwndbps/lsig/AG3C_xAwRgIhAKmZvHaPvqLCjt49XblGIwoL_C0ErlCcxDLO7fTbxgsWAiEA87G1oNDjWcZaE5S2ByO0-bmxsFPYsQ-CyiaH-AVHAFs%3D", "width": null, "height": null, "tbr": 130.454, "asr": 44100, "fps": null, "language": null, "filesize": null, "vcodec": "none", "url": "https://manifest.googlevideo.com/api/manifest/dash/expire/1610368269/ei/rfD7X6XxMczCigbc-p6QCA/ip/220.129.26.102/id/ac385b1a3165285f/source/youtube/requiressl/yes/playback_host/r5---sn-ipoxu-u2x6.googlevideo.com/mh/yo/mm/31%2C29/mn/sn-ipoxu-u2x6%2Csn-un57en7l/ms/au%2Crdu/mv/m/mvi/5/pl/21/hfr/all/as/fmp4_audio_clear%2Cwebm_audio_clear%2Cwebm2_audio_clear%2Cfmp4_sd_hd_clear%2Cwebm2_sd_hd_clear/initcwndbps/737500/vprv/1/mt/1610345794/fvip/5/keepalive/yes/itag/0/sparams/expire%2Cei%2Cip%2Cid%2Csource%2Crequiressl%2Chfr%2Cas%2Cvprv%2Citag/sig/AOq0QJ8wRQIgay1AVSRbL5jkykjT7e_WiCZM5VtBfx5hscb2VwMbZKgCIQDp-ka5dtjDxiid8Egae9v22di_J6gmbX1pd_2xg6snDQ%3D%3D/lsparams/playback_host%2Cmh%2Cmm%2Cmn%2Cms%2Cmv%2Cmvi%2Cpl%2Cinitcwndbps/lsig/AG3C_xAwRgIhAKmZvHaPvqLCjt49XblGIwoL_C0ErlCcxDLO7fTbxgsWAiEA87G1oNDjWcZaE5S2ByO0-bmxsFPYsQ-CyiaH-AVHAFs%3D", "fragment_base_url": "https://r5---sn-ipoxu-u2x6.googlevideo.com/videoplayback/expire/1610368269/ei/rfD7X6XxMczCigbc-p6QCA/ip/220.129.26.102/id/ac385b1a3165285f/itag/140/source/youtube/requiressl/yes/mh/yo/mm/31,29/mn/sn-ipoxu-u2x6,sn-un57en7l/ms/au,rdu/mv/m/mvi/5/pl/21/initcwndbps/737500/vprv/1/ratebypass/yes/mime/audio%2Fmp4/otfp/1/gir/yes/clen/2498079/lmt/1606231318993884/dur/154.296/mt/1610345794/fvip/5/keepalive/yes/sparams/expire,ei,ip,id,itag,source,requiressl,vprv,ratebypass,mime,otfp,gir,clen,lmt,dur/sig/AOq0QJ8wRgIhAK4HgrhJtG8Lj7OY08DputDF8_QtiFTNYat3_ZTU9-JOAiEA4nniD01aMf6nIV_52c2zw1YN8jKH-rX_VM1fJXNjsVE%3D/lsparams/mh,mm,mn,ms,mv,mvi,pl,initcwndbps/lsig/AG3C_xAwRgIhAKhMqLd1mBd40TKmbhWL8ZTzQleyHteAJ4FDm3i2PxTXAiEAgpf9-2fQtd1NkCXZjtnmjEYgtOHQDN13d8OVB5cIxYo%3D/", "fragments": [{"path": "range/0-631"}, {"path": "range/856-162823", "duration": 9.985}, {"path": "range/162824-324360", "duration": 9.984}, {"path": "range/324361-485903", "duration": 9.985}, {"path": "range/485904-647596", "duration": 9.984}, {"path": "range/647597-809111", "duration": 9.985}, {"path": "range/809112-970704", "duration": 9.984}, {"path": "range/970705-1132291", "duration": 9.985}, {"path": "range/1132292-1293843", "duration": 9.985}, {"path": "range/1293844-1455432", "duration": 9.984}, {"path": "range/1455433-1616962", "duration": 9.985}, {"path": "range/1616963-1778572", "duration": 9.984}, {"path": "range/1778573-1940148", "duration": 9.985}, {"path": "range/1940149-2101734", "duration": 9.985}, {"path": "range/2101735-2263274", "duration": 9.984}, {"path": "range/2263275-2424844", "duration": 9.985}, {"path": "range/2424845-2498078", "duration": 4.598}], "protocol": "http_dash_segments", "format": "140 - audio only (DASH audio)", "http_headers": {"User-Agent": "Mozilla/5.0 (Windows NT 10.0; Win64; x64) AppleWebKit/537.36 (KHTML, like Gecko) Chrome/71.0.3557.2 Safari/537.36", "Accept-Charset": "ISO-8859-1,utf-8;q=0.7,*;q=0.7", "Accept": "text/html,application/xhtml+xml,application/xml;q=0.9,*/*;q=0.8", "Accept-Encoding": "gzip, deflate", "Accept-Language": "en-us,en;q=0.5"}}, {"ext": "webm", "format_note": "DASH audio", "acodec": "opus", "abr": 160, "format_id": "251", "manifest_url": "https://manifest.googlevideo.com/api/manifest/dash/expire/1610368269/ei/rfD7X6XxMczCigbc-p6QCA/ip/220.129.26.102/id/ac385b1a3165285f/source/youtube/requiressl/yes/playback_host/r5---sn-ipoxu-u2x6.googlevideo.com/mh/yo/mm/31%2C29/mn/sn-ipoxu-u2x6%2Csn-un57en7l/ms/au%2Crdu/mv/m/mvi/5/pl/21/hfr/all/as/fmp4_audio_clear%2Cwebm_audio_clear%2Cwebm2_audio_clear%2Cfmp4_sd_hd_clear%2Cwebm2_sd_hd_clear/initcwndbps/737500/vprv/1/mt/1610345794/fvip/5/keepalive/yes/itag/0/sparams/expire%2Cei%2Cip%2Cid%2Csource%2Crequiressl%2Chfr%2Cas%2Cvprv%2Citag/sig/AOq0QJ8wRQIgay1AVSRbL5jkykjT7e_WiCZM5VtBfx5hscb2VwMbZKgCIQDp-ka5dtjDxiid8Egae9v22di_J6gmbX1pd_2xg6snDQ%3D%3D/lsparams/playback_host%2Cmh%2Cmm%2Cmn%2Cms%2Cmv%2Cmvi%2Cpl%2Cinitcwndbps/lsig/AG3C_xAwRgIhAKmZvHaPvqLCjt49XblGIwoL_C0ErlCcxDLO7fTbxgsWAiEA87G1oNDjWcZaE5S2ByO0-bmxsFPYsQ-CyiaH-AVHAFs%3D", "width": null, "height": null, "tbr": 154.74, "asr": 48000, "fps": null, "language": null, "filesize": null, "container": "webm_dash", "vcodec": "none", "url": "https://manifest.googlevideo.com/api/manifest/dash/expire/1610368269/ei/rfD7X6XxMczCigbc-p6QCA/ip/220.129.26.102/id/ac385b1a3165285f/source/youtube/requiressl/yes/playback_host/r5---sn-ipoxu-u2x6.googlevideo.com/mh/yo/mm/31%2C29/mn/sn-ipoxu-u2x6%2Csn-un57en7l/ms/au%2Crdu/mv/m/mvi/5/pl/21/hfr/all/as/fmp4_audio_clear%2Cwebm_audio_clear%2Cwebm2_audio_clear%2Cfmp4_sd_hd_clear%2Cwebm2_sd_hd_clear/initcwndbps/737500/vprv/1/mt/1610345794/fvip/5/keepalive/yes/itag/0/sparams/expire%2Cei%2Cip%2Cid%2Csource%2Crequiressl%2Chfr%2Cas%2Cvprv%2Citag/sig/AOq0QJ8wRQIgay1AVSRbL5jkykjT7e_WiCZM5VtBfx5hscb2VwMbZKgCIQDp-ka5dtjDxiid8Egae9v22di_J6gmbX1pd_2xg6snDQ%3D%3D/lsparams/playback_host%2Cmh%2Cmm%2Cmn%2Cms%2Cmv%2Cmvi%2Cpl%2Cinitcwndbps/lsig/AG3C_xAwRgIhAKmZvHaPvqLCjt49XblGIwoL_C0ErlCcxDLO7fTbxgsWAiEA87G1oNDjWcZaE5S2ByO0-bmxsFPYsQ-CyiaH-AVHAFs%3D", "fragment_base_url": "https://r5---sn-ipoxu-u2x6.googlevideo.com/videoplayback/expire/1610368269/ei/rfD7X6XxMczCigbc-p6QCA/ip/220.129.26.102/id/ac385b1a3165285f/itag/251/source/youtube/requiressl/yes/mh/yo/mm/31,29/mn/sn-ipoxu-u2x6,sn-un57en7l/ms/au,rdu/mv/m/mvi/5/pl/21/initcwndbps/737500/vprv/1/ratebypass/yes/mime/audio%2Fwebm/otfp/1/gir/yes/clen/2894805/lmt/1606231320494525/dur/154.261/mt/1610345794/fvip/5/keepalive/yes/sparams/expire,ei,ip,id,itag,source,requiressl,vprv,ratebypass,mime,otfp,gir,clen,lmt,dur/sig/AOq0QJ8wRQIhAKOahS8oaOwmuSs7sqItheih0W9NDW1rRRDg2JZ4q_OqAiBvtx-Y4kpkZUHUdhGjGmmXMtcLhnCGvOuJPc644j4HLA%3D%3D/lsparams/mh,mm,mn,ms,mv,mvi,pl,initcwndbps/lsig/AG3C_xAwRQIgNML71SBXsQNAlf3N4B036D2zSaKvL4ReJwJS40tUdwoCIQCHYDVNUcwLIaMJOWOeM_0bEq4RPZDNTnTP1hT9mgCFaw%3D%3D/", "fragments": [{"path": "range/0-265"}, {"path": "range/535-188839", "duration": 10.001}, {"path": "range/188840-378753", "duration": 10.0}, {"path": "range/378754-565496", "duration": 10.0}, {"path": "range/565497-757686", "duration": 10.0}, {"path": "range/757687-946277", "duration": 10.0}, {"path": "range/946278-1135761", "duration": 10.0}, {"path": "range/1135762-1322120", "duration": 10.0}, {"path": "range/1322121-1511724", "duration": 10.0}, {"path": "range/1511725-1700727", "duration": 10.0}, {"path": "range/1700728-1888671", "duration": 10.0}, {"path": "range/1888672-2082096", "duration": 10.0}, {"path": "range/2082097-2272069", "duration": 10.0}, {"path": "range/2272070-2461703", "duration": 10.0}, {"path": "range/2461704-2650527", "duration": 10.0}, {"path": "range/2650528-2833164", "duration": 10.0}, {"path": "range/2833165-2894804", "duration": 4.26}], "protocol": "http_dash_segments", "format": "251 - audio only (DASH audio)", "http_headers": {"User-Agent": "Mozilla/5.0 (Windows NT 10.0; Win64; x64) AppleWebKit/537.36 (KHTML, like Gecko) Chrome/71.0.3557.2 Safari/537.36", "Accept-Charset": "ISO-8859-1,utf-8;q=0.7,*;q=0.7", "Accept": "text/html,application/xhtml+xml,application/xml;q=0.9,*/*;q=0.8", "Accept-Encoding": "gzip, deflate", "Accept-Language": "en-us,en;q=0.5"}}, {"ext": "mp4", "height": 360, "format_note": "DASH video", "vcodec": "avc1.4d401e", "format_id": "134", "manifest_url": "https://manifest.googlevideo.com/api/manifest/dash/expire/1610368269/ei/rfD7X6XxMczCigbc-p6QCA/ip/220.129.26.102/id/ac385b1a3165285f/source/youtube/requiressl/yes/playback_host/r5---sn-ipoxu-u2x6.googlevideo.com/mh/yo/mm/31%2C29/mn/sn-ipoxu-u2x6%2Csn-un57en7l/ms/au%2Crdu/mv/m/mvi/5/pl/21/hfr/all/as/fmp4_audio_clear%2Cwebm_audio_clear%2Cwebm2_audio_clear%2Cfmp4_sd_hd_clear%2Cwebm2_sd_hd_clear/initcwndbps/737500/vprv/1/mt/1610345794/fvip/5/keepalive/yes/itag/0/sparams/expire%2Cei%2Cip%2Cid%2Csource%2Crequiressl%2Chfr%2Cas%2Cvprv%2Citag/sig/AOq0QJ8wRQIgay1AVSRbL5jkykjT7e_WiCZM5VtBfx5hscb2VwMbZKgCIQDp-ka5dtjDxiid8Egae9v22di_J6gmbX1pd_2xg6snDQ%3D%3D/lsparams/playback_host%2Cmh%2Cmm%2Cmn%2Cms%2Cmv%2Cmvi%2Cpl%2Cinitcwndbps/lsig/AG3C_xAwRgIhAKmZvHaPvqLCjt49XblGIwoL_C0ErlCcxDLO7fTbxgsWAiEA87G1oNDjWcZaE5S2ByO0-bmxsFPYsQ-CyiaH-AVHAFs%3D", "width": 640, "tbr": 61.298, "asr": null, "fps": 25, "language": null, "filesize": null, "container": "mp4_dash", "acodec": "none", "url": "https://manifest.googlevideo.com/api/manifest/dash/expire/1610368269/ei/rfD7X6XxMczCigbc-p6QCA/ip/220.129.26.102/id/ac385b1a3165285f/source/youtube/requiressl/yes/playback_host/r5---sn-ipoxu-u2x6.googlevideo.com/mh/yo/mm/31%2C29/mn/sn-ipoxu-u2x6%2Csn-un57en7l/ms/au%2Crdu/mv/m/mvi/5/pl/21/hfr/all/as/fmp4_audio_clear%2Cwebm_audio_clear%2Cwebm2_audio_clear%2Cfmp4_sd_hd_clear%2Cwebm2_sd_hd_clear/initcwndbps/737500/vprv/1/mt/1610345794/fvip/5/keepalive/yes/itag/0/sparams/expire%2Cei%2Cip%2Cid%2Csource%2Crequiressl%2Chfr%2Cas%2Cvprv%2Citag/sig/AOq0QJ8wRQIgay1AVSRbL5jkykjT7e_WiCZM5VtBfx5hscb2VwMbZKgCIQDp-ka5dtjDxiid8Egae9v22di_J6gmbX1pd_2xg6snDQ%3D%3D/lsparams/playback_host%2Cmh%2Cmm%2Cmn%2Cms%2Cmv%2Cmvi%2Cpl%2Cinitcwndbps/lsig/AG3C_xAwRgIhAKmZvHaPvqLCjt49XblGIwoL_C0ErlCcxDLO7fTbxgsWAiEA87G1oNDjWcZaE5S2ByO0-bmxsFPYsQ-CyiaH-AVHAFs%3D", "fragment_base_url": "https://r5---sn-ipoxu-u2x6.googlevideo.com/videoplayback/expire/1610368269/ei/rfD7X6XxMczCigbc-p6QCA/ip/220.129.26.102/id/ac385b1a3165285f/itag/134/source/youtube/requiressl/yes/mh/yo/mm/31,29/mn/sn-ipoxu-u2x6,sn-un57en7l/ms/au,rdu/mv/m/mvi/5/pl/21/initcwndbps/737500/vprv/1/ratebypass/yes/mime/video%2Fmp4/otfp/1/gir/yes/clen/1084229/lmt/1606231316774867/dur/154.240/mt/1610345794/fvip/5/keepalive/yes/sparams/expire,ei,ip,id,itag,source,requiressl,vprv,ratebypass,mime,otfp,gir,clen,lmt,dur/sig/AOq0QJ8wRgIhAJoQZ_VGbz4N_c1Se3Zvsiiw3XtFkmiw3yoAVWr-T_HnAiEA_gmUHA9R5NOdF3nAvPq-xOcBTC_OrFGnK8nYdEu1qTc%3D/lsparams/mh,mm,mn,ms,mv,mvi,pl,initcwndbps/lsig/AG3C_xAwRgIhALQT3OyjByTq6-GgJvXZn7gtAd7bu5b6z9ZoQ8vjO9auAiEA_TV-nHav1spl9QwSu96xYY8JXaHLhTgxMtsWVw1Wo-M%3D/", "fragments": [{"path": "range/0-740"}, {"path": "range/1133-39230", "duration": 5.12}, {"path": "range/39231-77300", "duration": 5.12}, {"path": "range/77301-115425", "duration": 5.12}, {"path": "range/115426-152644", "duration": 5.12}, {"path": "range/152645-189868", "duration": 5.12}, {"path": "range/189869-227634", "duration": 5.12}, {"path": "range/227635-264652", "duration": 5.12}, {"path": "range/264653-301639", "duration": 5.12}, {"path": "range/301640-338479", "duration": 5.12}, {"path": "range/338480-374724", "duration": 5.12}, {"path": "range/374725-411306", "duration": 5.12}, {"path": "range/411307-447573", "duration": 5.12}, {"path": "range/447574-483261", "duration": 5.12}, {"path": "range/483262-519309", "duration": 5.12}, {"path": "range/519310-555155", "duration": 5.12}, {"path": "range/555156-590774", "duration": 5.12}, {"path": "range/590775-626560", "duration": 5.12}, {"path": "range/626561-661995", "duration": 5.12}, {"path": "range/661996-697300", "duration": 5.12}, {"path": "range/697301-732642", "duration": 5.12}, {"path": "range/732643-767858", "duration": 5.12}, {"path": "range/767859-803572", "duration": 5.12}, {"path": "range/803573-838785", "duration": 5.12}, {"path": "range/838786-873706", "duration": 5.12}, {"path": "range/873707-908600", "duration": 5.12}, {"path": "range/908601-943423", "duration": 5.12}, {"path": "range/943424-978201", "duration": 5.12}, {"path": "range/978202-1013182", "duration": 5.12}, {"path": "range/1013183-1047990", "duration": 5.12}, {"path": "range/1047991-1084228", "duration": 5.76}], "protocol": "http_dash_segments", "format": "134 - 640x360 (DASH video)", "http_headers": {"User-Agent": "Mozilla/5.0 (Windows NT 10.0; Win64; x64) AppleWebKit/537.36 (KHTML, like Gecko) Chrome/71.0.3557.2 Safari/537.36", "Accept-Charset": "ISO-8859-1,utf-8;q=0.7,*;q=0.7", "Accept": "text/html,application/xhtml+xml,application/xml;q=0.9,*/*;q=0.8", "Accept-Encoding": "gzip, deflate", "Accept-Language": "en-us,en;q=0.5"}}, {"ext": "webm", "height": 144, "format_note": "DASH video", "container": "webm_dash", "vcodec": "vp9", "format_id": "278", "manifest_url": "https://manifest.googlevideo.com/api/manifest/dash/expire/1610368269/ei/rfD7X6XxMczCigbc-p6QCA/ip/220.129.26.102/id/ac385b1a3165285f/source/youtube/requiressl/yes/playback_host/r5---sn-ipoxu-u2x6.googlevideo.com/mh/yo/mm/31%2C29/mn/sn-ipoxu-u2x6%2Csn-un57en7l/ms/au%2Crdu/mv/m/mvi/5/pl/21/hfr/all/as/fmp4_audio_clear%2Cwebm_audio_clear%2Cwebm2_audio_clear%2Cfmp4_sd_hd_clear%2Cwebm2_sd_hd_clear/initcwndbps/737500/vprv/1/mt/1610345794/fvip/5/keepalive/yes/itag/0/sparams/expire%2Cei%2Cip%2Cid%2Csource%2Crequiressl%2Chfr%2Cas%2Cvprv%2Citag/sig/AOq0QJ8wRQIgay1AVSRbL5jkykjT7e_WiCZM5VtBfx5hscb2VwMbZKgCIQDp-ka5dtjDxiid8Egae9v22di_J6gmbX1pd_2xg6snDQ%3D%3D/lsparams/playback_host%2Cmh%2Cmm%2Cmn%2Cms%2Cmv%2Cmvi%2Cpl%2Cinitcwndbps/lsig/AG3C_xAwRgIhAKmZvHaPvqLCjt49XblGIwoL_C0ErlCcxDLO7fTbxgsWAiEA87G1oNDjWcZaE5S2ByO0-bmxsFPYsQ-CyiaH-AVHAFs%3D", "width": 256, "tbr": 95.0, "asr": null, "fps": 25, "language": null, "filesize": null, "acodec": "none", "url": "https://manifest.googlevideo.com/api/manifest/dash/expire/1610368269/ei/rfD7X6XxMczCigbc-p6QCA/ip/220.129.26.102/id/ac385b1a3165285f/source/youtube/requiressl/yes/playback_host/r5---sn-ipoxu-u2x6.googlevideo.com/mh/yo/mm/31%2C29/mn/sn-ipoxu-u2x6%2Csn-un57en7l/ms/au%2Crdu/mv/m/mvi/5/pl/21/hfr/all/as/fmp4_audio_clear%2Cwebm_audio_clear%2Cwebm2_audio_clear%2Cfmp4_sd_hd_clear%2Cwebm2_sd_hd_clear/initcwndbps/737500/vprv/1/mt/1610345794/fvip/5/keepalive/yes/itag/0/sparams/expire%2Cei%2Cip%2Cid%2Csource%2Crequiressl%2Chfr%2Cas%2Cvprv%2Citag/sig/AOq0QJ8wRQIgay1AVSRbL5jkykjT7e_WiCZM5VtBfx5hscb2VwMbZKgCIQDp-ka5dtjDxiid8Egae9v22di_J6gmbX1pd_2xg6snDQ%3D%3D/lsparams/playback_host%2Cmh%2Cmm%2Cmn%2Cms%2Cmv%2Cmvi%2Cpl%2Cinitcwndbps/lsig/AG3C_xAwRgIhAKmZvHaPvqLCjt49XblGIwoL_C0ErlCcxDLO7fTbxgsWAiEA87G1oNDjWcZaE5S2ByO0-bmxsFPYsQ-CyiaH-AVHAFs%3D", "fragment_base_url": "https://r5---sn-ipoxu-u2x6.googlevideo.com/videoplayback/expire/1610368269/ei/rfD7X6XxMczCigbc-p6QCA/ip/220.129.26.102/id/ac385b1a3165285f/itag/278/source/yt_otf/requiressl/yes/mh/yo/mm/31,29/mn/sn-ipoxu-u2x6,sn-un57en7l/ms/au,rdu/mv/m/mvi/5/pl/21/initcwndbps/737500/vprv/1/ratebypass/yes/mime/video%2Fwebm/otfp/1/otf/1/lmt/1606231316782338/mt/1610345794/fvip/5/keepalive/yes/sparams/expire,ei,ip,id,itag,source,requiressl,vprv,ratebypass,mime,otfp,otf,lmt/sig/AOq0QJ8wRgIhAONBY1l7xviOwutpRMzYXCVb1xInb62P0yEF1buzLbCqAiEAxLlUnOmDJY00V_3L6vF-rIeQq8UvxGmimVPz-g6bUCU%3D/lsparams/mh,mm,mn,ms,mv,mvi,pl,initcwndbps/lsig/AG3C_xAwRQIhANNS9cMbbtj9zb6Ikuw3glqweg9PG2Nf8q6526ygf29EAiAYXlbh1CVhFiRSqpqmJuJhppN9QXCap7_2Q7jJg_8p5g%3D%3D/", "fragments": [{"path": "sq/0"}, {"path": "sq/1/dur/5.120", "duration": 5.12}, {"path": "sq/2/dur/5.120", "duration": 5.12}, {"path": "sq/3/dur/5.120", "duration": 5.12}, {"path": "sq/4/dur/5.120", "duration": 5.12}, {"path": "sq/5/dur/5.120", "duration": 5.12}, {"path": "sq/6/dur/5.120", "duration": 5.12}, {"path": "sq/7/dur/5.120", "duration": 5.12}, {"path": "sq/8/dur/5.120", "duration": 5.12}, {"path": "sq/9/dur/5.120", "duration": 5.12}, {"path": "sq/10/dur/5.120", "duration": 5.12}, {"path": "sq/11/dur/5.120", "duration": 5.12}, {"path": "sq/12/dur/5.120", "duration": 5.12}, {"path": "sq/13/dur/5.120", "duration": 5.12}, {"path": "sq/14/dur/5.120", "duration": 5.12}, {"path": "sq/15/dur/5.120", "duration": 5.12}, {"path": "sq/16/dur/5.120", "duration": 5.12}, {"path": "sq/17/dur/5.120", "duration": 5.12}, {"path": "sq/18/dur/5.120", "duration": 5.12}, {"path": "sq/19/dur/5.120", "duration": 5.12}, {"path": "sq/20/dur/5.120", "duration": 5.12}, {"path": "sq/21/dur/5.120", "duration": 5.12}, {"path": "sq/22/dur/5.120", "duration": 5.12}, {"path": "sq/23/dur/5.120", "duration": 5.12}, {"path": "sq/24/dur/5.120", "duration": 5.12}, {"path": "sq/25/dur/5.120", "duration": 5.12}, {"path": "sq/26/dur/5.120", "duration": 5.12}, {"path": "sq/27/dur/5.120", "duration": 5.12}, {"path": "sq/28/dur/5.120", "duration": 5.12}, {"path": "sq/29/dur/5.120", "duration": 5.12}, {"path": "sq/30/dur/5.760", "duration": 5.76}], "protocol": "http_dash_segments", "format": "278 - 256x144 (DASH video)", "http_headers": {"User-Agent": "Mozilla/5.0 (Windows NT 10.0; Win64; x64) AppleWebKit/537.36 (KHTML, like Gecko) Chrome/71.0.3557.2 Safari/537.36", "Accept-Charset": "ISO-8859-1,utf-8;q=0.7,*;q=0.7", "Accept": "text/html,application/xhtml+xml,application/xml;q=0.9,*/*;q=0.8", "Accept-Encoding": "gzip, deflate", "Accept-Language": "en-us,en;q=0.5"}}, {"ext": "mp4", "height": 144, "format_note": "DASH video", "vcodec": "avc1.4d400b", "format_id": "160", "manifest_url": "https://manifest.googlevideo.com/api/manifest/dash/expire/1610368269/ei/rfD7X6XxMczCigbc-p6QCA/ip/220.129.26.102/id/ac385b1a3165285f/source/youtube/requiressl/yes/playback_host/r5---sn-ipoxu-u2x6.googlevideo.com/mh/yo/mm/31%2C29/mn/sn-ipoxu-u2x6%2Csn-un57en7l/ms/au%2Crdu/mv/m/mvi/5/pl/21/hfr/all/as/fmp4_audio_clear%2Cwebm_audio_clear%2Cwebm2_audio_clear%2Cfmp4_sd_hd_clear%2Cwebm2_sd_hd_clear/initcwndbps/737500/vprv/1/mt/1610345794/fvip/5/keepalive/yes/itag/0/sparams/expire%2Cei%2Cip%2Cid%2Csource%2Crequiressl%2Chfr%2Cas%2Cvprv%2Citag/sig/AOq0QJ8wRQIgay1AVSRbL5jkykjT7e_WiCZM5VtBfx5hscb2VwMbZKgCIQDp-ka5dtjDxiid8Egae9v22di_J6gmbX1pd_2xg6snDQ%3D%3D/lsparams/playback_host%2Cmh%2Cmm%2Cmn%2Cms%2Cmv%2Cmvi%2Cpl%2Cinitcwndbps/lsig/AG3C_xAwRgIhAKmZvHaPvqLCjt49XblGIwoL_C0ErlCcxDLO7fTbxgsWAiEA87G1oNDjWcZaE5S2ByO0-bmxsFPYsQ-CyiaH-AVHAFs%3D", "width": 256, "tbr": 108.0, "asr": null, "fps": 25, "language": null, "filesize": null, "container": "mp4_dash", "acodec": "none", "url": "https://manifest.googlevideo.com/api/manifest/dash/expire/1610368269/ei/rfD7X6XxMczCigbc-p6QCA/ip/220.129.26.102/id/ac385b1a3165285f/source/youtube/requiressl/yes/playback_host/r5---sn-ipoxu-u2x6.googlevideo.com/mh/yo/mm/31%2C29/mn/sn-ipoxu-u2x6%2Csn-un57en7l/ms/au%2Crdu/mv/m/mvi/5/pl/21/hfr/all/as/fmp4_audio_clear%2Cwebm_audio_clear%2Cwebm2_audio_clear%2Cfmp4_sd_hd_clear%2Cwebm2_sd_hd_clear/initcwndbps/737500/vprv/1/mt/1610345794/fvip/5/keepalive/yes/itag/0/sparams/expire%2Cei%2Cip%2Cid%2Csource%2Crequiressl%2Chfr%2Cas%2Cvprv%2Citag/sig/AOq0QJ8wRQIgay1AVSRbL5jkykjT7e_WiCZM5VtBfx5hscb2VwMbZKgCIQDp-ka5dtjDxiid8Egae9v22di_J6gmbX1pd_2xg6snDQ%3D%3D/lsparams/playback_host%2Cmh%2Cmm%2Cmn%2Cms%2Cmv%2Cmvi%2Cpl%2Cinitcwndbps/lsig/AG3C_xAwRgIhAKmZvHaPvqLCjt49XblGIwoL_C0ErlCcxDLO7fTbxgsWAiEA87G1oNDjWcZaE5S2ByO0-bmxsFPYsQ-CyiaH-AVHAFs%3D", "fragment_base_url": "https://r5---sn-ipoxu-u2x6.googlevideo.com/videoplayback/expire/1610368269/ei/rfD7X6XxMczCigbc-p6QCA/ip/220.129.26.102/id/ac385b1a3165285f/itag/160/source/yt_otf/requiressl/yes/mh/yo/mm/31,29/mn/sn-ipoxu-u2x6,sn-un57en7l/ms/au,rdu/mv/m/mvi/5/pl/21/initcwndbps/737500/vprv/1/ratebypass/yes/mime/video%2Fmp4/otfp/1/otf/1/lmt/1606231316782338/mt/1610345794/fvip/5/keepalive/yes/sparams/expire,ei,ip,id,itag,source,requiressl,vprv,ratebypass,mime,otfp,otf,lmt/sig/AOq0QJ8wRgIhAKAcPGopUD7gsyXQbizKRUx4UFRwLzyRWyeWVXZ-h3YFAiEAw39a6HA1jTTrrmYRRcLkT_ms1NqRJ-70kYLCgBSwwec%3D/lsparams/mh,mm,mn,ms,mv,mvi,pl,initcwndbps/lsig/AG3C_xAwRQIhALAs2xH36dYpWuQXwdxLVpO8ivghEUjLdYyABJjdi0AwAiBmXallDEBj4_IsYWRY5hvU64Jd5ZFURu1en0Ew6vMnOw%3D%3D/", "fragments": [{"path": "sq/0"}, {"path": "sq/1/dur/5.120", "duration": 5.12}, {"path": "sq/2/dur/5.120", "duration": 5.12}, {"path": "sq/3/dur/5.120", "duration": 5.12}, {"path": "sq/4/dur/5.120", "duration": 5.12}, {"path": "sq/5/dur/5.120", "duration": 5.12}, {"path": "sq/6/dur/5.120", "duration": 5.12}, {"path": "sq/7/dur/5.120", "duration": 5.12}, {"path": "sq/8/dur/5.120", "duration": 5.12}, {"path": "sq/9/dur/5.120", "duration": 5.12}, {"path": "sq/10/dur/5.120", "duration": 5.12}, {"path": "sq/11/dur/5.120", "duration": 5.12}, {"path": "sq/12/dur/5.120", "duration": 5.12}, {"path": "sq/13/dur/5.120", "duration": 5.12}, {"path": "sq/14/dur/5.120", "duration": 5.12}, {"path": "sq/15/dur/5.120", "duration": 5.12}, {"path": "sq/16/dur/5.120", "duration": 5.12}, {"path": "sq/17/dur/5.120", "duration": 5.12}, {"path": "sq/18/dur/5.120", "duration": 5.12}, {"path": "sq/19/dur/5.120", "duration": 5.12}, {"path": "sq/20/dur/5.120", "duration": 5.12}, {"path": "sq/21/dur/5.120", "duration": 5.12}, {"path": "sq/22/dur/5.120", "duration": 5.12}, {"path": "sq/23/dur/5.120", "duration": 5.12}, {"path": "sq/24/dur/5.120", "duration": 5.12}, {"path": "sq/25/dur/5.120", "duration": 5.12}, {"path": "sq/26/dur/5.120", "duration": 5.12}, {"path": "sq/27/dur/5.120", "duration": 5.12}, {"path": "sq/28/dur/5.120", "duration": 5.12}, {"path": "sq/29/dur/5.120", "duration": 5.12}, {"path": "sq/30/dur/5.760", "duration": 5.76}], "protocol": "http_dash_segments", "format": "160 - 256x144 (DASH video)", "http_headers": {"User-Agent": "Mozilla/5.0 (Windows NT 10.0; Win64; x64) AppleWebKit/537.36 (KHTML, like Gecko) Chrome/71.0.3557.2 Safari/537.36", "Accept-Charset": "ISO-8859-1,utf-8;q=0.7,*;q=0.7", "Accept": "text/html,application/xhtml+xml,application/xml;q=0.9,*/*;q=0.8", "Accept-Encoding": "gzip, deflate", "Accept-Language": "en-us,en;q=0.5"}}, {"ext": "webm", "height": 240, "format_note": "DASH video", "vcodec": "vp9", "format_id": "242", "manifest_url": "https://manifest.googlevideo.com/api/manifest/dash/expire/1610368269/ei/rfD7X6XxMczCigbc-p6QCA/ip/220.129.26.102/id/ac385b1a3165285f/source/youtube/requiressl/yes/playback_host/r5---sn-ipoxu-u2x6.googlevideo.com/mh/yo/mm/31%2C29/mn/sn-ipoxu-u2x6%2Csn-un57en7l/ms/au%2Crdu/mv/m/mvi/5/pl/21/hfr/all/as/fmp4_audio_clear%2Cwebm_audio_clear%2Cwebm2_audio_clear%2Cfmp4_sd_hd_clear%2Cwebm2_sd_hd_clear/initcwndbps/737500/vprv/1/mt/1610345794/fvip/5/keepalive/yes/itag/0/sparams/expire%2Cei%2Cip%2Cid%2Csource%2Crequiressl%2Chfr%2Cas%2Cvprv%2Citag/sig/AOq0QJ8wRQIgay1AVSRbL5jkykjT7e_WiCZM5VtBfx5hscb2VwMbZKgCIQDp-ka5dtjDxiid8Egae9v22di_J6gmbX1pd_2xg6snDQ%3D%3D/lsparams/playback_host%2Cmh%2Cmm%2Cmn%2Cms%2Cmv%2Cmvi%2Cpl%2Cinitcwndbps/lsig/AG3C_xAwRgIhAKmZvHaPvqLCjt49XblGIwoL_C0ErlCcxDLO7fTbxgsWAiEA87G1oNDjWcZaE5S2ByO0-bmxsFPYsQ-CyiaH-AVHAFs%3D", "width": 426, "tbr": 220.5, "asr": null, "fps": 25, "language": null, "filesize": null, "container": "webm_dash", "acodec": "none", "url": "https://manifest.googlevideo.com/api/manifest/dash/expire/1610368269/ei/rfD7X6XxMczCigbc-p6QCA/ip/220.129.26.102/id/ac385b1a3165285f/source/youtube/requiressl/yes/playback_host/r5---sn-ipoxu-u2x6.googlevideo.com/mh/yo/mm/31%2C29/mn/sn-ipoxu-u2x6%2Csn-un57en7l/ms/au%2Crdu/mv/m/mvi/5/pl/21/hfr/all/as/fmp4_audio_clear%2Cwebm_audio_clear%2Cwebm2_audio_clear%2Cfmp4_sd_hd_clear%2Cwebm2_sd_hd_clear/initcwndbps/737500/vprv/1/mt/1610345794/fvip/5/keepalive/yes/itag/0/sparams/expire%2Cei%2Cip%2Cid%2Csource%2Crequiressl%2Chfr%2Cas%2Cvprv%2Citag/sig/AOq0QJ8wRQIgay1AVSRbL5jkykjT7e_WiCZM5VtBfx5hscb2VwMbZKgCIQDp-ka5dtjDxiid8Egae9v22di_J6gmbX1pd_2xg6snDQ%3D%3D/lsparams/playback_host%2Cmh%2Cmm%2Cmn%2Cms%2Cmv%2Cmvi%2Cpl%2Cinitcwndbps/lsig/AG3C_xAwRgIhAKmZvHaPvqLCjt49XblGIwoL_C0ErlCcxDLO7fTbxgsWAiEA87G1oNDjWcZaE5S2ByO0-bmxsFPYsQ-CyiaH-AVHAFs%3D", "fragment_base_url": "https://r5---sn-ipoxu-u2x6.googlevideo.com/videoplayback/expire/1610368269/ei/rfD7X6XxMczCigbc-p6QCA/ip/220.129.26.102/id/ac385b1a3165285f/itag/242/source/yt_otf/requiressl/yes/mh/yo/mm/31,29/mn/sn-ipoxu-u2x6,sn-un57en7l/ms/au,rdu/mv/m/mvi/5/pl/21/initcwndbps/737500/vprv/1/ratebypass/yes/mime/video%2Fwebm/otfp/1/otf/1/lmt/1606231316782338/mt/1610345794/fvip/5/keepalive/yes/sparams/expire,ei,ip,id,itag,source,requiressl,vprv,ratebypass,mime,otfp,otf,lmt/sig/AOq0QJ8wRAIgJNXtwha3BPpiyCorfc1u63b3AqNHlsN1LhyacbRBOPwCIAGQdi80Lt9cYJ042uBRSJfKVL2-wufbDABlUwjEaFUo/lsparams/mh,mm,mn,ms,mv,mvi,pl,initcwndbps/lsig/AG3C_xAwRQIhAN1BC3-9YNrvdyMnV4PxoEphrsTJe-7Td0f0bBkHg-XtAiBqMZKsidoj4XGwWzsO00SnzRBDDxZxv_BlVF83b2Sbbg%3D%3D/", "fragments": [{"path": "sq/0"}, {"path": "sq/1/dur/5.120", "duration": 5.12}, {"path": "sq/2/dur/5.120", "duration": 5.12}, {"path": "sq/3/dur/5.120", "duration": 5.12}, {"path": "sq/4/dur/5.120", "duration": 5.12}, {"path": "sq/5/dur/5.120", "duration": 5.12}, {"path": "sq/6/dur/5.120", "duration": 5.12}, {"path": "sq/7/dur/5.120", "duration": 5.12}, {"path": "sq/8/dur/5.120", "duration": 5.12}, {"path": "sq/9/dur/5.120", "duration": 5.12}, {"path": "sq/10/dur/5.120", "duration": 5.12}, {"path": "sq/11/dur/5.120", "duration": 5.12}, {"path": "sq/12/dur/5.120", "duration": 5.12}, {"path": "sq/13/dur/5.120", "duration": 5.12}, {"path": "sq/14/dur/5.120", "duration": 5.12}, {"path": "sq/15/dur/5.120", "duration": 5.12}, {"path": "sq/16/dur/5.120", "duration": 5.12}, {"path": "sq/17/dur/5.120", "duration": 5.12}, {"path": "sq/18/dur/5.120", "duration": 5.12}, {"path": "sq/19/dur/5.120", "duration": 5.12}, {"path": "sq/20/dur/5.120", "duration": 5.12}, {"path": "sq/21/dur/5.120", "duration": 5.12}, {"path": "sq/22/dur/5.120", "duration": 5.12}, {"path": "sq/23/dur/5.120", "duration": 5.12}, {"path": "sq/24/dur/5.120", "duration": 5.12}, {"path": "sq/25/dur/5.120", "duration": 5.12}, {"path": "sq/26/dur/5.120", "duration": 5.12}, {"path": "sq/27/dur/5.120", "duration": 5.12}, {"path": "sq/28/dur/5.120", "duration": 5.12}, {"path": "sq/29/dur/5.120", "duration": 5.12}, {"path": "sq/30/dur/5.760", "duration": 5.76}], "protocol": "http_dash_segments", "format": "242 - 426x240 (DASH video)", "http_headers": {"User-Agent": "Mozilla/5.0 (Windows NT 10.0; Win64; x64) AppleWebKit/537.36 (KHTML, like Gecko) Chrome/71.0.3557.2 Safari/537.36", "Accept-Charset": "ISO-8859-1,utf-8;q=0.7,*;q=0.7", "Accept": "text/html,application/xhtml+xml,application/xml;q=0.9,*/*;q=0.8", "Accept-Encoding": "gzip, deflate", "Accept-Language": "en-us,en;q=0.5"}}, {"ext": "mp4", "height": 240, "format_note": "DASH video", "vcodec": "avc1.4d400c", "format_id": "133", "manifest_url": "https://manifest.googlevideo.com/api/manifest/dash/expire/1610368269/ei/rfD7X6XxMczCigbc-p6QCA/ip/220.129.26.102/id/ac385b1a3165285f/source/youtube/requiressl/yes/playback_host/r5---sn-ipoxu-u2x6.googlevideo.com/mh/yo/mm/31%2C29/mn/sn-ipoxu-u2x6%2Csn-un57en7l/ms/au%2Crdu/mv/m/mvi/5/pl/21/hfr/all/as/fmp4_audio_clear%2Cwebm_audio_clear%2Cwebm2_audio_clear%2Cfmp4_sd_hd_clear%2Cwebm2_sd_hd_clear/initcwndbps/737500/vprv/1/mt/1610345794/fvip/5/keepalive/yes/itag/0/sparams/expire%2Cei%2Cip%2Cid%2Csource%2Crequiressl%2Chfr%2Cas%2Cvprv%2Citag/sig/AOq0QJ8wRQIgay1AVSRbL5jkykjT7e_WiCZM5VtBfx5hscb2VwMbZKgCIQDp-ka5dtjDxiid8Egae9v22di_J6gmbX1pd_2xg6snDQ%3D%3D/lsparams/playback_host%2Cmh%2Cmm%2Cmn%2Cms%2Cmv%2Cmvi%2Cpl%2Cinitcwndbps/lsig/AG3C_xAwRgIhAKmZvHaPvqLCjt49XblGIwoL_C0ErlCcxDLO7fTbxgsWAiEA87G1oNDjWcZaE5S2ByO0-bmxsFPYsQ-CyiaH-AVHAFs%3D", "width": 426, "tbr": 242.0, "asr": null, "fps": 25, "language": null, "filesize": null, "container": "mp4_dash", "acodec": "none", "url": "https://manifest.googlevideo.com/api/manifest/dash/expire/1610368269/ei/rfD7X6XxMczCigbc-p6QCA/ip/220.129.26.102/id/ac385b1a3165285f/source/youtube/requiressl/yes/playback_host/r5---sn-ipoxu-u2x6.googlevideo.com/mh/yo/mm/31%2C29/mn/sn-ipoxu-u2x6%2Csn-un57en7l/ms/au%2Crdu/mv/m/mvi/5/pl/21/hfr/all/as/fmp4_audio_clear%2Cwebm_audio_clear%2Cwebm2_audio_clear%2Cfmp4_sd_hd_clear%2Cwebm2_sd_hd_clear/initcwndbps/737500/vprv/1/mt/1610345794/fvip/5/keepalive/yes/itag/0/sparams/expire%2Cei%2Cip%2Cid%2Csource%2Crequiressl%2Chfr%2Cas%2Cvprv%2Citag/sig/AOq0QJ8wRQIgay1AVSRbL5jkykjT7e_WiCZM5VtBfx5hscb2VwMbZKgCIQDp-ka5dtjDxiid8Egae9v22di_J6gmbX1pd_2xg6snDQ%3D%3D/lsparams/playback_host%2Cmh%2Cmm%2Cmn%2Cms%2Cmv%2Cmvi%2Cpl%2Cinitcwndbps/lsig/AG3C_xAwRgIhAKmZvHaPvqLCjt49XblGIwoL_C0ErlCcxDLO7fTbxgsWAiEA87G1oNDjWcZaE5S2ByO0-bmxsFPYsQ-CyiaH-AVHAFs%3D", "fragment_base_url": "https://r5---sn-ipoxu-u2x6.googlevideo.com/videoplayback/expire/1610368269/ei/rfD7X6XxMczCigbc-p6QCA/ip/220.129.26.102/id/ac385b1a3165285f/itag/133/source/yt_otf/requiressl/yes/mh/yo/mm/31,29/mn/sn-ipoxu-u2x6,sn-un57en7l/ms/au,rdu/mv/m/mvi/5/pl/21/initcwndbps/737500/vprv/1/ratebypass/yes/mime/video%2Fmp4/otfp/1/otf/1/lmt/1606231316782338/mt/1610345794/fvip/5/keepalive/yes/sparams/expire,ei,ip,id,itag,source,requiressl,vprv,ratebypass,mime,otfp,otf,lmt/sig/AOq0QJ8wRAIgELEs3199ZK3cqi9i2XFNMg5W0yp6Q_kJFVj3K34fcscCIAu-ed3SijEmsRYCPaB0XJBhf3bsTSTniFWY5ioCKtpP/lsparams/mh,mm,mn,ms,mv,mvi,pl,initcwndbps/lsig/AG3C_xAwRAIgAj1ba9npL35n6qgu6KC3xCNU1zWU1x1yc9Zban7LQsoCICqVcX_bfdaSAX3i68fmOmosN4NYUSQm7dTKKUbs-T8I/", "fragments": [{"path": "sq/0"}, {"path": "sq/1/dur/5.120", "duration": 5.12}, {"path": "sq/2/dur/5.120", "duration": 5.12}, {"path": "sq/3/dur/5.120", "duration": 5.12}, {"path": "sq/4/dur/5.120", "duration": 5.12}, {"path": "sq/5/dur/5.120", "duration": 5.12}, {"path": "sq/6/dur/5.120", "duration": 5.12}, {"path": "sq/7/dur/5.120", "duration": 5.12}, {"path": "sq/8/dur/5.120", "duration": 5.12}, {"path": "sq/9/dur/5.120", "duration": 5.12}, {"path": "sq/10/dur/5.120", "duration": 5.12}, {"path": "sq/11/dur/5.120", "duration": 5.12}, {"path": "sq/12/dur/5.120", "duration": 5.12}, {"path": "sq/13/dur/5.120", "duration": 5.12}, {"path": "sq/14/dur/5.120", "duration": 5.12}, {"path": "sq/15/dur/5.120", "duration": 5.12}, {"path": "sq/16/dur/5.120", "duration": 5.12}, {"path": "sq/17/dur/5.120", "duration": 5.12}, {"path": "sq/18/dur/5.120", "duration": 5.12}, {"path": "sq/19/dur/5.120", "duration": 5.12}, {"path": "sq/20/dur/5.120", "duration": 5.12}, {"path": "sq/21/dur/5.120", "duration": 5.12}, {"path": "sq/22/dur/5.120", "duration": 5.12}, {"path": "sq/23/dur/5.120", "duration": 5.12}, {"path": "sq/24/dur/5.120", "duration": 5.12}, {"path": "sq/25/dur/5.120", "duration": 5.12}, {"path": "sq/26/dur/5.120", "duration": 5.12}, {"path": "sq/27/dur/5.120", "duration": 5.12}, {"path": "sq/28/dur/5.120", "duration": 5.12}, {"path": "sq/29/dur/5.120", "duration": 5.12}, {"path": "sq/30/dur/5.760", "duration": 5.76}], "protocol": "http_dash_segments", "format": "133 - 426x240 (DASH video)", "http_headers": {"User-Agent": "Mozilla/5.0 (Windows NT 10.0; Win64; x64) AppleWebKit/537.36 (KHTML, like Gecko) Chrome/71.0.3557.2 Safari/537.36", "Accept-Charset": "ISO-8859-1,utf-8;q=0.7,*;q=0.7", "Accept": "text/html,application/xhtml+xml,application/xml;q=0.9,*/*;q=0.8", "Accept-Encoding": "gzip, deflate", "Accept-Language": "en-us,en;q=0.5"}}, {"ext": "mp4", "height": 1080, "format_note": "DASH video", "vcodec": "avc1.640028", "format_id": "137", "manifest_url": "https://manifest.googlevideo.com/api/manifest/dash/expire/1610368269/ei/rfD7X6XxMczCigbc-p6QCA/ip/220.129.26.102/id/ac385b1a3165285f/source/youtube/requiressl/yes/playback_host/r5---sn-ipoxu-u2x6.googlevideo.com/mh/yo/mm/31%2C29/mn/sn-ipoxu-u2x6%2Csn-un57en7l/ms/au%2Crdu/mv/m/mvi/5/pl/21/hfr/all/as/fmp4_audio_clear%2Cwebm_audio_clear%2Cwebm2_audio_clear%2Cfmp4_sd_hd_clear%2Cwebm2_sd_hd_clear/initcwndbps/737500/vprv/1/mt/1610345794/fvip/5/keepalive/yes/itag/0/sparams/expire%2Cei%2Cip%2Cid%2Csource%2Crequiressl%2Chfr%2Cas%2Cvprv%2Citag/sig/AOq0QJ8wRQIgay1AVSRbL5jkykjT7e_WiCZM5VtBfx5hscb2VwMbZKgCIQDp-ka5dtjDxiid8Egae9v22di_J6gmbX1pd_2xg6snDQ%3D%3D/lsparams/playback_host%2Cmh%2Cmm%2Cmn%2Cms%2Cmv%2Cmvi%2Cpl%2Cinitcwndbps/lsig/AG3C_xAwRgIhAKmZvHaPvqLCjt49XblGIwoL_C0ErlCcxDLO7fTbxgsWAiEA87G1oNDjWcZaE5S2ByO0-bmxsFPYsQ-CyiaH-AVHAFs%3D", "width": 1920, "tbr": 353.903, "asr": null, "fps": 25, "language": null, "filesize": null, "container": "mp4_dash", "acodec": "none", "url": "https://manifest.googlevideo.com/api/manifest/dash/expire/1610368269/ei/rfD7X6XxMczCigbc-p6QCA/ip/220.129.26.102/id/ac385b1a3165285f/source/youtube/requiressl/yes/playback_host/r5---sn-ipoxu-u2x6.googlevideo.com/mh/yo/mm/31%2C29/mn/sn-ipoxu-u2x6%2Csn-un57en7l/ms/au%2Crdu/mv/m/mvi/5/pl/21/hfr/all/as/fmp4_audio_clear%2Cwebm_audio_clear%2Cwebm2_audio_clear%2Cfmp4_sd_hd_clear%2Cwebm2_sd_hd_clear/initcwndbps/737500/vprv/1/mt/1610345794/fvip/5/keepalive/yes/itag/0/sparams/expire%2Cei%2Cip%2Cid%2Csource%2Crequiressl%2Chfr%2Cas%2Cvprv%2Citag/sig/AOq0QJ8wRQIgay1AVSRbL5jkykjT7e_WiCZM5VtBfx5hscb2VwMbZKgCIQDp-ka5dtjDxiid8Egae9v22di_J6gmbX1pd_2xg6snDQ%3D%3D/lsparams/playback_host%2Cmh%2Cmm%2Cmn%2Cms%2Cmv%2Cmvi%2Cpl%2Cinitcwndbps/lsig/AG3C_xAwRgIhAKmZvHaPvqLCjt49XblGIwoL_C0ErlCcxDLO7fTbxgsWAiEA87G1oNDjWcZaE5S2ByO0-bmxsFPYsQ-CyiaH-AVHAFs%3D", "fragment_base_url": "https://r5---sn-ipoxu-u2x6.googlevideo.com/videoplayback/expire/1610368269/ei/rfD7X6XxMczCigbc-p6QCA/ip/220.129.26.102/id/ac385b1a3165285f/itag/137/source/youtube/requiressl/yes/mh/yo/mm/31,29/mn/sn-ipoxu-u2x6,sn-un57en7l/ms/au,rdu/mv/m/mvi/5/pl/21/initcwndbps/737500/vprv/1/ratebypass/yes/mime/video%2Fmp4/otfp/1/gir/yes/clen/6274458/lmt/1606231316782338/dur/154.240/mt/1610345794/fvip/5/keepalive/yes/sparams/expire,ei,ip,id,itag,source,requiressl,vprv,ratebypass,mime,otfp,gir,clen,lmt,dur/sig/AOq0QJ8wRgIhAKae2APH45yjq2WAU5BxRRmhWmRucUhs1P6udF35HrCLAiEAv8NhkNc1awnS7j5KEkfgMKCYpqUAK_3v771K-v1Io9s%3D/lsparams/mh,mm,mn,ms,mv,mvi,pl,initcwndbps/lsig/AG3C_xAwRAIgB6rcpewBvAqpch8gKuuzTwp636kKRvfQ5NXtwAlf1U0CIENKe6lwUUR8qCFBKUF2IhUUXvfRel9qJ-0JcbYGrh8O/", "fragments": [{"path": "range/0-741"}, {"path": "range/1134-222928", "duration": 5.12}, {"path": "range/222929-449426", "duration": 5.12}, {"path": "range/449427-671387", "duration": 5.12}, {"path": "range/671388-892361", "duration": 5.12}, {"path": "range/892362-1114230", "duration": 5.12}, {"path": "range/1114231-1330645", "duration": 5.12}, {"path": "range/1330646-1546208", "duration": 5.12}, {"path": "range/1546209-1766239", "duration": 5.12}, {"path": "range/1766240-1978665", "duration": 5.12}, {"path": "range/1978666-2191028", "duration": 5.12}, {"path": "range/2191029-2401008", "duration": 5.12}, {"path": "range/2401009-2612541", "duration": 5.12}, {"path": "range/2612542-2820815", "duration": 5.12}, {"path": "range/2820816-3028969", "duration": 5.12}, {"path": "range/3028970-3237227", "duration": 5.12}, {"path": "range/3237228-3443691", "duration": 5.12}, {"path": "range/3443692-3652786", "duration": 5.12}, {"path": "range/3652787-3854393", "duration": 5.12}, {"path": "range/3854394-4058013", "duration": 5.12}, {"path": "range/4058014-4262378", "duration": 5.12}, {"path": "range/4262379-4470305", "duration": 5.12}, {"path": "range/4470306-4674525", "duration": 5.12}, {"path": "range/4674526-4876122", "duration": 5.12}, {"path": "range/4876123-5078313", "duration": 5.12}, {"path": "range/5078314-5280614", "duration": 5.12}, {"path": "range/5280615-5476217", "duration": 5.12}, {"path": "range/5476218-5673218", "duration": 5.12}, {"path": "range/5673219-5872378", "duration": 5.12}, {"path": "range/5872379-6070336", "duration": 5.12}, {"path": "range/6070337-6274457", "duration": 5.76}], "protocol": "http_dash_segments", "format": "137 - 1920x1080 (DASH video)", "http_headers": {"User-Agent": "Mozilla/5.0 (Windows NT 10.0; Win64; x64) AppleWebKit/537.36 (KHTML, like Gecko) Chrome/71.0.3557.2 Safari/537.36", "Accept-Charset": "ISO-8859-1,utf-8;q=0.7,*;q=0.7", "Accept": "text/html,application/xhtml+xml,application/xml;q=0.9,*/*;q=0.8", "Accept-Encoding": "gzip, deflate", "Accept-Language": "en-us,en;q=0.5"}}, {"ext": "webm", "height": 360, "format_note": "DASH video", "vcodec": "vp9", "format_id": "243", "manifest_url": "https://manifest.googlevideo.com/api/manifest/dash/expire/1610368269/ei/rfD7X6XxMczCigbc-p6QCA/ip/220.129.26.102/id/ac385b1a3165285f/source/youtube/requiressl/yes/playback_host/r5---sn-ipoxu-u2x6.googlevideo.com/mh/yo/mm/31%2C29/mn/sn-ipoxu-u2x6%2Csn-un57en7l/ms/au%2Crdu/mv/m/mvi/5/pl/21/hfr/all/as/fmp4_audio_clear%2Cwebm_audio_clear%2Cwebm2_audio_clear%2Cfmp4_sd_hd_clear%2Cwebm2_sd_hd_clear/initcwndbps/737500/vprv/1/mt/1610345794/fvip/5/keepalive/yes/itag/0/sparams/expire%2Cei%2Cip%2Cid%2Csource%2Crequiressl%2Chfr%2Cas%2Cvprv%2Citag/sig/AOq0QJ8wRQIgay1AVSRbL5jkykjT7e_WiCZM5VtBfx5hscb2VwMbZKgCIQDp-ka5dtjDxiid8Egae9v22di_J6gmbX1pd_2xg6snDQ%3D%3D/lsparams/playback_host%2Cmh%2Cmm%2Cmn%2Cms%2Cmv%2Cmvi%2Cpl%2Cinitcwndbps/lsig/AG3C_xAwRgIhAKmZvHaPvqLCjt49XblGIwoL_C0ErlCcxDLO7fTbxgsWAiEA87G1oNDjWcZaE5S2ByO0-bmxsFPYsQ-CyiaH-AVHAFs%3D", "width": 640, "tbr": 405.72, "asr": null, "fps": 25, "language": null, "filesize": null, "container": "webm_dash", "acodec": "none", "url": "https://manifest.googlevideo.com/api/manifest/dash/expire/1610368269/ei/rfD7X6XxMczCigbc-p6QCA/ip/220.129.26.102/id/ac385b1a3165285f/source/youtube/requiressl/yes/playback_host/r5---sn-ipoxu-u2x6.googlevideo.com/mh/yo/mm/31%2C29/mn/sn-ipoxu-u2x6%2Csn-un57en7l/ms/au%2Crdu/mv/m/mvi/5/pl/21/hfr/all/as/fmp4_audio_clear%2Cwebm_audio_clear%2Cwebm2_audio_clear%2Cfmp4_sd_hd_clear%2Cwebm2_sd_hd_clear/initcwndbps/737500/vprv/1/mt/1610345794/fvip/5/keepalive/yes/itag/0/sparams/expire%2Cei%2Cip%2Cid%2Csource%2Crequiressl%2Chfr%2Cas%2Cvprv%2Citag/sig/AOq0QJ8wRQIgay1AVSRbL5jkykjT7e_WiCZM5VtBfx5hscb2VwMbZKgCIQDp-ka5dtjDxiid8Egae9v22di_J6gmbX1pd_2xg6snDQ%3D%3D/lsparams/playback_host%2Cmh%2Cmm%2Cmn%2Cms%2Cmv%2Cmvi%2Cpl%2Cinitcwndbps/lsig/AG3C_xAwRgIhAKmZvHaPvqLCjt49XblGIwoL_C0ErlCcxDLO7fTbxgsWAiEA87G1oNDjWcZaE5S2ByO0-bmxsFPYsQ-CyiaH-AVHAFs%3D", "fragment_base_url": "https://r5---sn-ipoxu-u2x6.googlevideo.com/videoplayback/expire/1610368269/ei/rfD7X6XxMczCigbc-p6QCA/ip/220.129.26.102/id/ac385b1a3165285f/itag/243/source/yt_otf/requiressl/yes/mh/yo/mm/31,29/mn/sn-ipoxu-u2x6,sn-un57en7l/ms/au,rdu/mv/m/mvi/5/pl/21/initcwndbps/737500/vprv/1/ratebypass/yes/mime/video%2Fwebm/otfp/1/otf/1/lmt/1606231316782338/mt/1610345794/fvip/5/keepalive/yes/sparams/expire,ei,ip,id,itag,source,requiressl,vprv,ratebypass,mime,otfp,otf,lmt/sig/AOq0QJ8wRAIgflmkQU6QuDAtlItxcGbkcoDZgSfshg7lSYQoUikYEE8CIH5XRR2gjNmRJ8Lq_qhh5aiPoV1xE-b25L35Tht-Wj9w/lsparams/mh,mm,mn,ms,mv,mvi,pl,initcwndbps/lsig/AG3C_xAwRgIhAKFPSXZVOUt_NEkKh8mRJdImge8UWDoFDXKD92UzdSPIAiEAmMP83t1lnSDkjBkZMMDloobbAVljZocOvpyZ6DJmHVk%3D/", "fragments": [{"path": "sq/0"}, {"path": "sq/1/dur/5.120", "duration": 5.12}, {"path": "sq/2/dur/5.120", "duration": 5.12}, {"path": "sq/3/dur/5.120", "duration": 5.12}, {"path": "sq/4/dur/5.120", "duration": 5.12}, {"path": "sq/5/dur/5.120", "duration": 5.12}, {"path": "sq/6/dur/5.120", "duration": 5.12}, {"path": "sq/7/dur/5.120", "duration": 5.12}, {"path": "sq/8/dur/5.120", "duration": 5.12}, {"path": "sq/9/dur/5.120", "duration": 5.12}, {"path": "sq/10/dur/5.120", "duration": 5.12}, {"path": "sq/11/dur/5.120", "duration": 5.12}, {"path": "sq/12/dur/5.120", "duration": 5.12}, {"path": "sq/13/dur/5.120", "duration": 5.12}, {"path": "sq/14/dur/5.120", "duration": 5.12}, {"path": "sq/15/dur/5.120", "duration": 5.12}, {"path": "sq/16/dur/5.120", "duration": 5.12}, {"path": "sq/17/dur/5.120", "duration": 5.12}, {"path": "sq/18/dur/5.120", "duration": 5.12}, {"path": "sq/19/dur/5.120", "duration": 5.12}, {"path": "sq/20/dur/5.120", "duration": 5.12}, {"path": "sq/21/dur/5.120", "duration": 5.12}, {"path": "sq/22/dur/5.120", "duration": 5.12}, {"path": "sq/23/dur/5.120", "duration": 5.12}, {"path": "sq/24/dur/5.120", "duration": 5.12}, {"path": "sq/25/dur/5.120", "duration": 5.12}, {"path": "sq/26/dur/5.120", "duration": 5.12}, {"path": "sq/27/dur/5.120", "duration": 5.12}, {"path": "sq/28/dur/5.120", "duration": 5.12}, {"path": "sq/29/dur/5.120", "duration": 5.12}, {"path": "sq/30/dur/5.760", "duration": 5.76}], "protocol": "http_dash_segments", "format": "243 - 640x360 (DASH video)", "http_headers": {"User-Agent": "Mozilla/5.0 (Windows NT 10.0; Win64; x64) AppleWebKit/537.36 (KHTML, like Gecko) Chrome/71.0.3557.2 Safari/537.36", "Accept-Charset": "ISO-8859-1,utf-8;q=0.7,*;q=0.7", "Accept": "text/html,application/xhtml+xml,application/xml;q=0.9,*/*;q=0.8", "Accept-Encoding": "gzip, deflate", "Accept-Language": "en-us,en;q=0.5"}}, {"ext": "webm", "height": 480, "format_note": "DASH video", "vcodec": "vp9", "format_id": "244", "manifest_url": "https://manifest.googlevideo.com/api/manifest/dash/expire/1610368269/ei/rfD7X6XxMczCigbc-p6QCA/ip/220.129.26.102/id/ac385b1a3165285f/source/youtube/requiressl/yes/playback_host/r5---sn-ipoxu-u2x6.googlevideo.com/mh/yo/mm/31%2C29/mn/sn-ipoxu-u2x6%2Csn-un57en7l/ms/au%2Crdu/mv/m/mvi/5/pl/21/hfr/all/as/fmp4_audio_clear%2Cwebm_audio_clear%2Cwebm2_audio_clear%2Cfmp4_sd_hd_clear%2Cwebm2_sd_hd_clear/initcwndbps/737500/vprv/1/mt/1610345794/fvip/5/keepalive/yes/itag/0/sparams/expire%2Cei%2Cip%2Cid%2Csource%2Crequiressl%2Chfr%2Cas%2Cvprv%2Citag/sig/AOq0QJ8wRQIgay1AVSRbL5jkykjT7e_WiCZM5VtBfx5hscb2VwMbZKgCIQDp-ka5dtjDxiid8Egae9v22di_J6gmbX1pd_2xg6snDQ%3D%3D/lsparams/playback_host%2Cmh%2Cmm%2Cmn%2Cms%2Cmv%2Cmvi%2Cpl%2Cinitcwndbps/lsig/AG3C_xAwRgIhAKmZvHaPvqLCjt49XblGIwoL_C0ErlCcxDLO7fTbxgsWAiEA87G1oNDjWcZaE5S2ByO0-bmxsFPYsQ-CyiaH-AVHAFs%3D", "width": 854, "tbr": 752.64, "asr": null, "fps": 25, "language": null, "filesize": null, "container": "webm_dash", "acodec": "none", "url": "https://manifest.googlevideo.com/api/manifest/dash/expire/1610368269/ei/rfD7X6XxMczCigbc-p6QCA/ip/220.129.26.102/id/ac385b1a3165285f/source/youtube/requiressl/yes/playback_host/r5---sn-ipoxu-u2x6.googlevideo.com/mh/yo/mm/31%2C29/mn/sn-ipoxu-u2x6%2Csn-un57en7l/ms/au%2Crdu/mv/m/mvi/5/pl/21/hfr/all/as/fmp4_audio_clear%2Cwebm_audio_clear%2Cwebm2_audio_clear%2Cfmp4_sd_hd_clear%2Cwebm2_sd_hd_clear/initcwndbps/737500/vprv/1/mt/1610345794/fvip/5/keepalive/yes/itag/0/sparams/expire%2Cei%2Cip%2Cid%2Csource%2Crequiressl%2Chfr%2Cas%2Cvprv%2Citag/sig/AOq0QJ8wRQIgay1AVSRbL5jkykjT7e_WiCZM5VtBfx5hscb2VwMbZKgCIQDp-ka5dtjDxiid8Egae9v22di_J6gmbX1pd_2xg6snDQ%3D%3D/lsparams/playback_host%2Cmh%2Cmm%2Cmn%2Cms%2Cmv%2Cmvi%2Cpl%2Cinitcwndbps/lsig/AG3C_xAwRgIhAKmZvHaPvqLCjt49XblGIwoL_C0ErlCcxDLO7fTbxgsWAiEA87G1oNDjWcZaE5S2ByO0-bmxsFPYsQ-CyiaH-AVHAFs%3D", "fragment_base_url": "https://r5---sn-ipoxu-u2x6.googlevideo.com/videoplayback/expire/1610368269/ei/rfD7X6XxMczCigbc-p6QCA/ip/220.129.26.102/id/ac385b1a3165285f/itag/244/source/yt_otf/requiressl/yes/mh/yo/mm/31,29/mn/sn-ipoxu-u2x6,sn-un57en7l/ms/au,rdu/mv/m/mvi/5/pl/21/initcwndbps/737500/vprv/1/ratebypass/yes/mime/video%2Fwebm/otfp/1/otf/1/lmt/1606231316782338/mt/1610345794/fvip/5/keepalive/yes/sparams/expire,ei,ip,id,itag,source,requiressl,vprv,ratebypass,mime,otfp,otf,lmt/sig/AOq0QJ8wRAIgNgUfU3T__64f1SV4KmAvK7WhztCw_o5rCfUQUPAvIWgCIEIzEoiOZqdYLV6y06UDdRFUKktTVCLDnAKrdhjSuT_3/lsparams/mh,mm,mn,ms,mv,mvi,pl,initcwndbps/lsig/AG3C_xAwRQIhAOO__zjwJT7iJeBEvzyPv0P-2Avk0LQm91Ib6P0tR0iFAiALmDtrevJukloiXMJumwMFIWUx_UCKht2iXafwN73MyA%3D%3D/", "fragments": [{"path": "sq/0"}, {"path": "sq/1/dur/5.120", "duration": 5.12}, {"path": "sq/2/dur/5.120", "duration": 5.12}, {"path": "sq/3/dur/5.120", "duration": 5.12}, {"path": "sq/4/dur/5.120", "duration": 5.12}, {"path": "sq/5/dur/5.120", "duration": 5.12}, {"path": "sq/6/dur/5.120", "duration": 5.12}, {"path": "sq/7/dur/5.120", "duration": 5.12}, {"path": "sq/8/dur/5.120", "duration": 5.12}, {"path": "sq/9/dur/5.120", "duration": 5.12}, {"path": "sq/10/dur/5.120", "duration": 5.12}, {"path": "sq/11/dur/5.120", "duration": 5.12}, {"path": "sq/12/dur/5.120", "duration": 5.12}, {"path": "sq/13/dur/5.120", "duration": 5.12}, {"path": "sq/14/dur/5.120", "duration": 5.12}, {"path": "sq/15/dur/5.120", "duration": 5.12}, {"path": "sq/16/dur/5.120", "duration": 5.12}, {"path": "sq/17/dur/5.120", "duration": 5.12}, {"path": "sq/18/dur/5.120", "duration": 5.12}, {"path": "sq/19/dur/5.120", "duration": 5.12}, {"path": "sq/20/dur/5.120", "duration": 5.12}, {"path": "sq/21/dur/5.120", "duration": 5.12}, {"path": "sq/22/dur/5.120", "duration": 5.12}, {"path": "sq/23/dur/5.120", "duration": 5.12}, {"path": "sq/24/dur/5.120", "duration": 5.12}, {"path": "sq/25/dur/5.120", "duration": 5.12}, {"path": "sq/26/dur/5.120", "duration": 5.12}, {"path": "sq/27/dur/5.120", "duration": 5.12}, {"path": "sq/28/dur/5.120", "duration": 5.12}, {"path": "sq/29/dur/5.120", "duration": 5.12}, {"path": "sq/30/dur/5.760", "duration": 5.76}], "protocol": "http_dash_segments", "format": "244 - 854x480 (DASH video)", "http_headers": {"User-Agent": "Mozilla/5.0 (Windows NT 10.0; Win64; x64) AppleWebKit/537.36 (KHTML, like Gecko) Chrome/71.0.3557.2 Safari/537.36", "Accept-Charset": "ISO-8859-1,utf-8;q=0.7,*;q=0.7", "Accept": "text/html,application/xhtml+xml,application/xml;q=0.9,*/*;q=0.8", "Accept-Encoding": "gzip, deflate", "Accept-Language": "en-us,en;q=0.5"}}, {"ext": "mp4", "height": 480, "format_note": "DASH video", "vcodec": "avc1.4d4014", "format_id": "135", "manifest_url": "https://manifest.googlevideo.com/api/manifest/dash/expire/1610368269/ei/rfD7X6XxMczCigbc-p6QCA/ip/220.129.26.102/id/ac385b1a3165285f/source/youtube/requiressl/yes/playback_host/r5---sn-ipoxu-u2x6.googlevideo.com/mh/yo/mm/31%2C29/mn/sn-ipoxu-u2x6%2Csn-un57en7l/ms/au%2Crdu/mv/m/mvi/5/pl/21/hfr/all/as/fmp4_audio_clear%2Cwebm_audio_clear%2Cwebm2_audio_clear%2Cfmp4_sd_hd_clear%2Cwebm2_sd_hd_clear/initcwndbps/737500/vprv/1/mt/1610345794/fvip/5/keepalive/yes/itag/0/sparams/expire%2Cei%2Cip%2Cid%2Csource%2Crequiressl%2Chfr%2Cas%2Cvprv%2Citag/sig/AOq0QJ8wRQIgay1AVSRbL5jkykjT7e_WiCZM5VtBfx5hscb2VwMbZKgCIQDp-ka5dtjDxiid8Egae9v22di_J6gmbX1pd_2xg6snDQ%3D%3D/lsparams/playback_host%2Cmh%2Cmm%2Cmn%2Cms%2Cmv%2Cmvi%2Cpl%2Cinitcwndbps/lsig/AG3C_xAwRgIhAKmZvHaPvqLCjt49XblGIwoL_C0ErlCcxDLO7fTbxgsWAiEA87G1oNDjWcZaE5S2ByO0-bmxsFPYsQ-CyiaH-AVHAFs%3D", "width": 854, "tbr": 1155.0, "asr": null, "fps": 25, "language": null, "filesize": null, "container": "mp4_dash", "acodec": "none", "url": "https://manifest.googlevideo.com/api/manifest/dash/expire/1610368269/ei/rfD7X6XxMczCigbc-p6QCA/ip/220.129.26.102/id/ac385b1a3165285f/source/youtube/requiressl/yes/playback_host/r5---sn-ipoxu-u2x6.googlevideo.com/mh/yo/mm/31%2C29/mn/sn-ipoxu-u2x6%2Csn-un57en7l/ms/au%2Crdu/mv/m/mvi/5/pl/21/hfr/all/as/fmp4_audio_clear%2Cwebm_audio_clear%2Cwebm2_audio_clear%2Cfmp4_sd_hd_clear%2Cwebm2_sd_hd_clear/initcwndbps/737500/vprv/1/mt/1610345794/fvip/5/keepalive/yes/itag/0/sparams/expire%2Cei%2Cip%2Cid%2Csource%2Crequiressl%2Chfr%2Cas%2Cvprv%2Citag/sig/AOq0QJ8wRQIgay1AVSRbL5jkykjT7e_WiCZM5VtBfx5hscb2VwMbZKgCIQDp-ka5dtjDxiid8Egae9v22di_J6gmbX1pd_2xg6snDQ%3D%3D/lsparams/playback_host%2Cmh%2Cmm%2Cmn%2Cms%2Cmv%2Cmvi%2Cpl%2Cinitcwndbps/lsig/AG3C_xAwRgIhAKmZvHaPvqLCjt49XblGIwoL_C0ErlCcxDLO7fTbxgsWAiEA87G1oNDjWcZaE5S2ByO0-bmxsFPYsQ-CyiaH-AVHAFs%3D", "fragment_base_url": "https://r5---sn-ipoxu-u2x6.googlevideo.com/videoplayback/expire/1610368269/ei/rfD7X6XxMczCigbc-p6QCA/ip/220.129.26.102/id/ac385b1a3165285f/itag/135/source/yt_otf/requiressl/yes/mh/yo/mm/31,29/mn/sn-ipoxu-u2x6,sn-un57en7l/ms/au,rdu/mv/m/mvi/5/pl/21/initcwndbps/737500/vprv/1/ratebypass/yes/mime/video%2Fmp4/otfp/1/otf/1/lmt/1606231316782338/mt/1610345794/fvip/5/keepalive/yes/sparams/expire,ei,ip,id,itag,source,requiressl,vprv,ratebypass,mime,otfp,otf,lmt/sig/AOq0QJ8wRAIgNtYiNREzFMrVc2RCHDgwZz7FMm4GMaUwRgKTO-f4pIwCIB00mNSptYA4L7Sbu8Uu_YYxP3bC_fcndY9vd11ClDEq/lsparams/mh,mm,mn,ms,mv,mvi,pl,initcwndbps/lsig/AG3C_xAwRAIgZVkH5_wQb-LVKyqlCtRsyE8i3O5mT-SVMnWNtYNs5UsCIAlsdnZyGPbhWlPDSvd7Th-zm-C8Vip5npqeduVcT2mh/", "fragments": [{"path": "sq/0"}, {"path": "sq/1/dur/5.120", "duration": 5.12}, {"path": "sq/2/dur/5.120", "duration": 5.12}, {"path": "sq/3/dur/5.120", "duration": 5.12}, {"path": "sq/4/dur/5.120", "duration": 5.12}, {"path": "sq/5/dur/5.120", "duration": 5.12}, {"path": "sq/6/dur/5.120", "duration": 5.12}, {"path": "sq/7/dur/5.120", "duration": 5.12}, {"path": "sq/8/dur/5.120", "duration": 5.12}, {"path": "sq/9/dur/5.120", "duration": 5.12}, {"path": "sq/10/dur/5.120", "duration": 5.12}, {"path": "sq/11/dur/5.120", "duration": 5.12}, {"path": "sq/12/dur/5.120", "duration": 5.12}, {"path": "sq/13/dur/5.120", "duration": 5.12}, {"path": "sq/14/dur/5.120", "duration": 5.12}, {"path": "sq/15/dur/5.120", "duration": 5.12}, {"path": "sq/16/dur/5.120", "duration": 5.12}, {"path": "sq/17/dur/5.120", "duration": 5.12}, {"path": "sq/18/dur/5.120", "duration": 5.12}, {"path": "sq/19/dur/5.120", "duration": 5.12}, {"path": "sq/20/dur/5.120", "duration": 5.12}, {"path": "sq/21/dur/5.120", "duration": 5.12}, {"path": "sq/22/dur/5.120", "duration": 5.12}, {"path": "sq/23/dur/5.120", "duration": 5.12}, {"path": "sq/24/dur/5.120", "duration": 5.12}, {"path": "sq/25/dur/5.120", "duration": 5.12}, {"path": "sq/26/dur/5.120", "duration": 5.12}, {"path": "sq/27/dur/5.120", "duration": 5.12}, {"path": "sq/28/dur/5.120", "duration": 5.12}, {"path": "sq/29/dur/5.120", "duration": 5.12}, {"path": "sq/30/dur/5.760", "duration": 5.76}], "protocol": "http_dash_segments", "format": "135 - 854x480 (DASH video)", "http_headers": {"User-Agent": "Mozilla/5.0 (Windows NT 10.0; Win64; x64) AppleWebKit/537.36 (KHTML, like Gecko) Chrome/71.0.3557.2 Safari/537.36", "Accept-Charset": "ISO-8859-1,utf-8;q=0.7,*;q=0.7", "Accept": "text/html,application/xhtml+xml,application/xml;q=0.9,*/*;q=0.8", "Accept-Encoding": "gzip, deflate", "Accept-Language": "en-us,en;q=0.5"}}, {"ext": "webm", "height": 720, "format_note": "DASH video", "vcodec": "vp9", "format_id": "247", "manifest_url": "https://manifest.googlevideo.com/api/manifest/dash/expire/1610368269/ei/rfD7X6XxMczCigbc-p6QCA/ip/220.129.26.102/id/ac385b1a3165285f/source/youtube/requiressl/yes/playback_host/r5---sn-ipoxu-u2x6.googlevideo.com/mh/yo/mm/31%2C29/mn/sn-ipoxu-u2x6%2Csn-un57en7l/ms/au%2Crdu/mv/m/mvi/5/pl/21/hfr/all/as/fmp4_audio_clear%2Cwebm_audio_clear%2Cwebm2_audio_clear%2Cfmp4_sd_hd_clear%2Cwebm2_sd_hd_clear/initcwndbps/737500/vprv/1/mt/1610345794/fvip/5/keepalive/yes/itag/0/sparams/expire%2Cei%2Cip%2Cid%2Csource%2Crequiressl%2Chfr%2Cas%2Cvprv%2Citag/sig/AOq0QJ8wRQIgay1AVSRbL5jkykjT7e_WiCZM5VtBfx5hscb2VwMbZKgCIQDp-ka5dtjDxiid8Egae9v22di_J6gmbX1pd_2xg6snDQ%3D%3D/lsparams/playback_host%2Cmh%2Cmm%2Cmn%2Cms%2Cmv%2Cmvi%2Cpl%2Cinitcwndbps/lsig/AG3C_xAwRgIhAKmZvHaPvqLCjt49XblGIwoL_C0ErlCcxDLO7fTbxgsWAiEA87G1oNDjWcZaE5S2ByO0-bmxsFPYsQ-CyiaH-AVHAFs%3D", "width": 1280, "tbr": 1505.28, "asr": null, "fps": 25, "language": null, "filesize": null, "container": "webm_dash", "acodec": "none", "url": "https://manifest.googlevideo.com/api/manifest/dash/expire/1610368269/ei/rfD7X6XxMczCigbc-p6QCA/ip/220.129.26.102/id/ac385b1a3165285f/source/youtube/requiressl/yes/playback_host/r5---sn-ipoxu-u2x6.googlevideo.com/mh/yo/mm/31%2C29/mn/sn-ipoxu-u2x6%2Csn-un57en7l/ms/au%2Crdu/mv/m/mvi/5/pl/21/hfr/all/as/fmp4_audio_clear%2Cwebm_audio_clear%2Cwebm2_audio_clear%2Cfmp4_sd_hd_clear%2Cwebm2_sd_hd_clear/initcwndbps/737500/vprv/1/mt/1610345794/fvip/5/keepalive/yes/itag/0/sparams/expire%2Cei%2Cip%2Cid%2Csource%2Crequiressl%2Chfr%2Cas%2Cvprv%2Citag/sig/AOq0QJ8wRQIgay1AVSRbL5jkykjT7e_WiCZM5VtBfx5hscb2VwMbZKgCIQDp-ka5dtjDxiid8Egae9v22di_J6gmbX1pd_2xg6snDQ%3D%3D/lsparams/playback_host%2Cmh%2Cmm%2Cmn%2Cms%2Cmv%2Cmvi%2Cpl%2Cinitcwndbps/lsig/AG3C_xAwRgIhAKmZvHaPvqLCjt49XblGIwoL_C0ErlCcxDLO7fTbxgsWAiEA87G1oNDjWcZaE5S2ByO0-bmxsFPYsQ-CyiaH-AVHAFs%3D", "fragment_base_url": "https://r5---sn-ipoxu-u2x6.googlevideo.com/videoplayback/expire/1610368269/ei/rfD7X6XxMczCigbc-p6QCA/ip/220.129.26.102/id/ac385b1a3165285f/itag/247/source/yt_otf/requiressl/yes/mh/yo/mm/31,29/mn/sn-ipoxu-u2x6,sn-un57en7l/ms/au,rdu/mv/m/mvi/5/pl/21/initcwndbps/737500/vprv/1/ratebypass/yes/mime/video%2Fwebm/otfp/1/otf/1/lmt/1606231316782338/mt/1610345794/fvip/5/keepalive/yes/sparams/expire,ei,ip,id,itag,source,requiressl,vprv,ratebypass,mime,otfp,otf,lmt/sig/AOq0QJ8wRgIhAPLUX6qhG68ZtmtNODC5i5vyo9FYkmeQZUOLD0kD9KHIAiEAkYuv0ZzVCW11KFglQmnfMF1AEdDVcB9KuGozllQK3-Y%3D/lsparams/mh,mm,mn,ms,mv,mvi,pl,initcwndbps/lsig/AG3C_xAwRQIhAPVp_vnamBDVOxXq-d7Z5M0rETkTdZbcPq7f1Jt8r8TJAiBmc7CkCcvKpJfYyCkIAyI727CpAvylkk0b_XdWg1HSIQ%3D%3D/", "fragments": [{"path": "sq/0"}, {"path": "sq/1/dur/5.120", "duration": 5.12}, {"path": "sq/2/dur/5.120", "duration": 5.12}, {"path": "sq/3/dur/5.120", "duration": 5.12}, {"path": "sq/4/dur/5.120", "duration": 5.12}, {"path": "sq/5/dur/5.120", "duration": 5.12}, {"path": "sq/6/dur/5.120", "duration": 5.12}, {"path": "sq/7/dur/5.120", "duration": 5.12}, {"path": "sq/8/dur/5.120", "duration": 5.12}, {"path": "sq/9/dur/5.120", "duration": 5.12}, {"path": "sq/10/dur/5.120", "duration": 5.12}, {"path": "sq/11/dur/5.120", "duration": 5.12}, {"path": "sq/12/dur/5.120", "duration": 5.12}, {"path": "sq/13/dur/5.120", "duration": 5.12}, {"path": "sq/14/dur/5.120", "duration": 5.12}, {"path": "sq/15/dur/5.120", "duration": 5.12}, {"path": "sq/16/dur/5.120", "duration": 5.12}, {"path": "sq/17/dur/5.120", "duration": 5.12}, {"path": "sq/18/dur/5.120", "duration": 5.12}, {"path": "sq/19/dur/5.120", "duration": 5.12}, {"path": "sq/20/dur/5.120", "duration": 5.12}, {"path": "sq/21/dur/5.120", "duration": 5.12}, {"path": "sq/22/dur/5.120", "duration": 5.12}, {"path": "sq/23/dur/5.120", "duration": 5.12}, {"path": "sq/24/dur/5.120", "duration": 5.12}, {"path": "sq/25/dur/5.120", "duration": 5.12}, {"path": "sq/26/dur/5.120", "duration": 5.12}, {"path": "sq/27/dur/5.120", "duration": 5.12}, {"path": "sq/28/dur/5.120", "duration": 5.12}, {"path": "sq/29/dur/5.120", "duration": 5.12}, {"path": "sq/30/dur/5.760", "duration": 5.76}], "protocol": "http_dash_segments", "format": "247 - 1280x720 (DASH video)", "http_headers": {"User-Agent": "Mozilla/5.0 (Windows NT 10.0; Win64; x64) AppleWebKit/537.36 (KHTML, like Gecko) Chrome/71.0.3557.2 Safari/537.36", "Accept-Charset": "ISO-8859-1,utf-8;q=0.7,*;q=0.7", "Accept": "text/html,application/xhtml+xml,application/xml;q=0.9,*/*;q=0.8", "Accept-Encoding": "gzip, deflate", "Accept-Language": "en-us,en;q=0.5"}}, {"ext": "mp4", "height": 720, "format_note": "DASH video", "vcodec": "avc1.4d400a", "format_id": "136", "manifest_url": "https://manifest.googlevideo.com/api/manifest/dash/expire/1610368269/ei/rfD7X6XxMczCigbc-p6QCA/ip/220.129.26.102/id/ac385b1a3165285f/source/youtube/requiressl/yes/playback_host/r5---sn-ipoxu-u2x6.googlevideo.com/mh/yo/mm/31%2C29/mn/sn-ipoxu-u2x6%2Csn-un57en7l/ms/au%2Crdu/mv/m/mvi/5/pl/21/hfr/all/as/fmp4_audio_clear%2Cwebm_audio_clear%2Cwebm2_audio_clear%2Cfmp4_sd_hd_clear%2Cwebm2_sd_hd_clear/initcwndbps/737500/vprv/1/mt/1610345794/fvip/5/keepalive/yes/itag/0/sparams/expire%2Cei%2Cip%2Cid%2Csource%2Crequiressl%2Chfr%2Cas%2Cvprv%2Citag/sig/AOq0QJ8wRQIgay1AVSRbL5jkykjT7e_WiCZM5VtBfx5hscb2VwMbZKgCIQDp-ka5dtjDxiid8Egae9v22di_J6gmbX1pd_2xg6snDQ%3D%3D/lsparams/playback_host%2Cmh%2Cmm%2Cmn%2Cms%2Cmv%2Cmvi%2Cpl%2Cinitcwndbps/lsig/AG3C_xAwRgIhAKmZvHaPvqLCjt49XblGIwoL_C0ErlCcxDLO7fTbxgsWAiEA87G1oNDjWcZaE5S2ByO0-bmxsFPYsQ-CyiaH-AVHAFs%3D", "width": 1280, "tbr": 2310.0, "asr": null, "fps": 25, "language": null, "filesize": null, "container": "mp4_dash", "acodec": "none", "url": "https://manifest.googlevideo.com/api/manifest/dash/expire/1610368269/ei/rfD7X6XxMczCigbc-p6QCA/ip/220.129.26.102/id/ac385b1a3165285f/source/youtube/requiressl/yes/playback_host/r5---sn-ipoxu-u2x6.googlevideo.com/mh/yo/mm/31%2C29/mn/sn-ipoxu-u2x6%2Csn-un57en7l/ms/au%2Crdu/mv/m/mvi/5/pl/21/hfr/all/as/fmp4_audio_clear%2Cwebm_audio_clear%2Cwebm2_audio_clear%2Cfmp4_sd_hd_clear%2Cwebm2_sd_hd_clear/initcwndbps/737500/vprv/1/mt/1610345794/fvip/5/keepalive/yes/itag/0/sparams/expire%2Cei%2Cip%2Cid%2Csource%2Crequiressl%2Chfr%2Cas%2Cvprv%2Citag/sig/AOq0QJ8wRQIgay1AVSRbL5jkykjT7e_WiCZM5VtBfx5hscb2VwMbZKgCIQDp-ka5dtjDxiid8Egae9v22di_J6gmbX1pd_2xg6snDQ%3D%3D/lsparams/playback_host%2Cmh%2Cmm%2Cmn%2Cms%2Cmv%2Cmvi%2Cpl%2Cinitcwndbps/lsig/AG3C_xAwRgIhAKmZvHaPvqLCjt49XblGIwoL_C0ErlCcxDLO7fTbxgsWAiEA87G1oNDjWcZaE5S2ByO0-bmxsFPYsQ-CyiaH-AVHAFs%3D", "fragment_base_url": "https://r5---sn-ipoxu-u2x6.googlevideo.com/videoplayback/expire/1610368269/ei/rfD7X6XxMczCigbc-p6QCA/ip/220.129.26.102/id/ac385b1a3165285f/itag/136/source/yt_otf/requiressl/yes/mh/yo/mm/31,29/mn/sn-ipoxu-u2x6,sn-un57en7l/ms/au,rdu/mv/m/mvi/5/pl/21/initcwndbps/737500/vprv/1/ratebypass/yes/mime/video%2Fmp4/otfp/1/otf/1/lmt/1606231316782338/mt/1610345794/fvip/5/keepalive/yes/sparams/expire,ei,ip,id,itag,source,requiressl,vprv,ratebypass,mime,otfp,otf,lmt/sig/AOq0QJ8wRQIhAJKdvleIQslnOLS5yELv9a_efw39LWAdMXZBzGhD4RskAiA93EzgPf4HkBxfjmrCQg3HlJyhTkUFMZhb-FLjOeVrxw%3D%3D/lsparams/mh,mm,mn,ms,mv,mvi,pl,initcwndbps/lsig/AG3C_xAwRQIgFE53F6_TseXlzaTiuGSbsRVVp5-sLH-7YyX96Ot5WWYCIQD5eu6ilUI-lSolqiSfRDWesFyzo2fZam19YNL84Od3Mw%3D%3D/", "fragments": [{"path": "sq/0"}, {"path": "sq/1/dur/5.120", "duration": 5.12}, {"path": "sq/2/dur/5.120", "duration": 5.12}, {"path": "sq/3/dur/5.120", "duration": 5.12}, {"path": "sq/4/dur/5.120", "duration": 5.12}, {"path": "sq/5/dur/5.120", "duration": 5.12}, {"path": "sq/6/dur/5.120", "duration": 5.12}, {"path": "sq/7/dur/5.120", "duration": 5.12}, {"path": "sq/8/dur/5.120", "duration": 5.12}, {"path": "sq/9/dur/5.120", "duration": 5.12}, {"path": "sq/10/dur/5.120", "duration": 5.12}, {"path": "sq/11/dur/5.120", "duration": 5.12}, {"path": "sq/12/dur/5.120", "duration": 5.12}, {"path": "sq/13/dur/5.120", "duration": 5.12}, {"path": "sq/14/dur/5.120", "duration": 5.12}, {"path": "sq/15/dur/5.120", "duration": 5.12}, {"path": "sq/16/dur/5.120", "duration": 5.12}, {"path": "sq/17/dur/5.120", "duration": 5.12}, {"path": "sq/18/dur/5.120", "duration": 5.12}, {"path": "sq/19/dur/5.120", "duration": 5.12}, {"path": "sq/20/dur/5.120", "duration": 5.12}, {"path": "sq/21/dur/5.120", "duration": 5.12}, {"path": "sq/22/dur/5.120", "duration": 5.12}, {"path": "sq/23/dur/5.120", "duration": 5.12}, {"path": "sq/24/dur/5.120", "duration": 5.12}, {"path": "sq/25/dur/5.120", "duration": 5.12}, {"path": "sq/26/dur/5.120", "duration": 5.12}, {"path": "sq/27/dur/5.120", "duration": 5.12}, {"path": "sq/28/dur/5.120", "duration": 5.12}, {"path": "sq/29/dur/5.120", "duration": 5.12}, {"path": "sq/30/dur/5.760", "duration": 5.76}], "protocol": "http_dash_segments", "format": "136 - 1280x720 (DASH video)", "http_headers": {"User-Agent": "Mozilla/5.0 (Windows NT 10.0; Win64; x64) AppleWebKit/537.36 (KHTML, like Gecko) Chrome/71.0.3557.2 Safari/537.36", "Accept-Charset": "ISO-8859-1,utf-8;q=0.7,*;q=0.7", "Accept": "text/html,application/xhtml+xml,application/xml;q=0.9,*/*;q=0.8", "Accept-Encoding": "gzip, deflate", "Accept-Language": "en-us,en;q=0.5"}}, {"ext": "webm", "height": 1080, "format_note": "DASH video", "vcodec": "vp9", "format_id": "248", "manifest_url": "https://manifest.googlevideo.com/api/manifest/dash/expire/1610368269/ei/rfD7X6XxMczCigbc-p6QCA/ip/220.129.26.102/id/ac385b1a3165285f/source/youtube/requiressl/yes/playback_host/r5---sn-ipoxu-u2x6.googlevideo.com/mh/yo/mm/31%2C29/mn/sn-ipoxu-u2x6%2Csn-un57en7l/ms/au%2Crdu/mv/m/mvi/5/pl/21/hfr/all/as/fmp4_audio_clear%2Cwebm_audio_clear%2Cwebm2_audio_clear%2Cfmp4_sd_hd_clear%2Cwebm2_sd_hd_clear/initcwndbps/737500/vprv/1/mt/1610345794/fvip/5/keepalive/yes/itag/0/sparams/expire%2Cei%2Cip%2Cid%2Csource%2Crequiressl%2Chfr%2Cas%2Cvprv%2Citag/sig/AOq0QJ8wRQIgay1AVSRbL5jkykjT7e_WiCZM5VtBfx5hscb2VwMbZKgCIQDp-ka5dtjDxiid8Egae9v22di_J6gmbX1pd_2xg6snDQ%3D%3D/lsparams/playback_host%2Cmh%2Cmm%2Cmn%2Cms%2Cmv%2Cmvi%2Cpl%2Cinitcwndbps/lsig/AG3C_xAwRgIhAKmZvHaPvqLCjt49XblGIwoL_C0ErlCcxDLO7fTbxgsWAiEA87G1oNDjWcZaE5S2ByO0-bmxsFPYsQ-CyiaH-AVHAFs%3D", "width": 1920, "tbr": 2646.0, "asr": null, "fps": 25, "language": null, "filesize": null, "container": "webm_dash", "acodec": "none", "url": "https://manifest.googlevideo.com/api/manifest/dash/expire/1610368269/ei/rfD7X6XxMczCigbc-p6QCA/ip/220.129.26.102/id/ac385b1a3165285f/source/youtube/requiressl/yes/playback_host/r5---sn-ipoxu-u2x6.googlevideo.com/mh/yo/mm/31%2C29/mn/sn-ipoxu-u2x6%2Csn-un57en7l/ms/au%2Crdu/mv/m/mvi/5/pl/21/hfr/all/as/fmp4_audio_clear%2Cwebm_audio_clear%2Cwebm2_audio_clear%2Cfmp4_sd_hd_clear%2Cwebm2_sd_hd_clear/initcwndbps/737500/vprv/1/mt/1610345794/fvip/5/keepalive/yes/itag/0/sparams/expire%2Cei%2Cip%2Cid%2Csource%2Crequiressl%2Chfr%2Cas%2Cvprv%2Citag/sig/AOq0QJ8wRQIgay1AVSRbL5jkykjT7e_WiCZM5VtBfx5hscb2VwMbZKgCIQDp-ka5dtjDxiid8Egae9v22di_J6gmbX1pd_2xg6snDQ%3D%3D/lsparams/playback_host%2Cmh%2Cmm%2Cmn%2Cms%2Cmv%2Cmvi%2Cpl%2Cinitcwndbps/lsig/AG3C_xAwRgIhAKmZvHaPvqLCjt49XblGIwoL_C0ErlCcxDLO7fTbxgsWAiEA87G1oNDjWcZaE5S2ByO0-bmxsFPYsQ-CyiaH-AVHAFs%3D", "fragment_base_url": "https://r5---sn-ipoxu-u2x6.googlevideo.com/videoplayback/expire/1610368269/ei/rfD7X6XxMczCigbc-p6QCA/ip/220.129.26.102/id/ac385b1a3165285f/itag/248/source/yt_otf/requiressl/yes/mh/yo/mm/31,29/mn/sn-ipoxu-u2x6,sn-un57en7l/ms/au,rdu/mv/m/mvi/5/pl/21/initcwndbps/737500/vprv/1/ratebypass/yes/mime/video%2Fwebm/otfp/1/otf/1/lmt/1606231316782338/mt/1610345794/fvip/5/keepalive/yes/sparams/expire,ei,ip,id,itag,source,requiressl,vprv,ratebypass,mime,otfp,otf,lmt/sig/AOq0QJ8wRQIhAM4-lHR2ut_IQhjCcOS1XRHFL5BG5cLzW6WvlGX9aoaDAiBaUTywnP36E4gJ0RbjMKJIf7vCzGYV-0WiamyFRKosRA%3D%3D/lsparams/mh,mm,mn,ms,mv,mvi,pl,initcwndbps/lsig/AG3C_xAwRgIhAME0esXn8ofvlkKw0sR7yH5MvvLg3_1aHpyKzYTVrg4MAiEAm9wHkLpwaxytnL4oHydYVAtWRTF27if8cR5RoE1f0BY%3D/", "fragments": [{"path": "sq/0"}, {"path": "sq/1/dur/5.120", "duration": 5.12}, {"path": "sq/2/dur/5.120", "duration": 5.12}, {"path": "sq/3/dur/5.120", "duration": 5.12}, {"path": "sq/4/dur/5.120", "duration": 5.12}, {"path": "sq/5/dur/5.120", "duration": 5.12}, {"path": "sq/6/dur/5.120", "duration": 5.12}, {"path": "sq/7/dur/5.120", "duration": 5.12}, {"path": "sq/8/dur/5.120", "duration": 5.12}, {"path": "sq/9/dur/5.120", "duration": 5.12}, {"path": "sq/10/dur/5.120", "duration": 5.12}, {"path": "sq/11/dur/5.120", "duration": 5.12}, {"path": "sq/12/dur/5.120", "duration": 5.12}, {"path": "sq/13/dur/5.120", "duration": 5.12}, {"path": "sq/14/dur/5.120", "duration": 5.12}, {"path": "sq/15/dur/5.120", "duration": 5.12}, {"path": "sq/16/dur/5.120", "duration": 5.12}, {"path": "sq/17/dur/5.120", "duration": 5.12}, {"path": "sq/18/dur/5.120", "duration": 5.12}, {"path": "sq/19/dur/5.120", "duration": 5.12}, {"path": "sq/20/dur/5.120", "duration": 5.12}, {"path": "sq/21/dur/5.120", "duration": 5.12}, {"path": "sq/22/dur/5.120", "duration": 5.12}, {"path": "sq/23/dur/5.120", "duration": 5.12}, {"path": "sq/24/dur/5.120", "duration": 5.12}, {"path": "sq/25/dur/5.120", "duration": 5.12}, {"path": "sq/26/dur/5.120", "duration": 5.12}, {"path": "sq/27/dur/5.120", "duration": 5.12}, {"path": "sq/28/dur/5.120", "duration": 5.12}, {"path": "sq/29/dur/5.120", "duration": 5.12}, {"path": "sq/30/dur/5.760", "duration": 5.76}], "protocol": "http_dash_segments", "format": "248 - 1920x1080 (DASH video)", "http_headers": {"User-Agent": "Mozilla/5.0 (Windows NT 10.0; Win64; x64) AppleWebKit/537.36 (KHTML, like Gecko) Chrome/71.0.3557.2 Safari/537.36", "Accept-Charset": "ISO-8859-1,utf-8;q=0.7,*;q=0.7", "Accept": "text/html,application/xhtml+xml,application/xml;q=0.9,*/*;q=0.8", "Accept-Encoding": "gzip, deflate", "Accept-Language": "en-us,en;q=0.5"}}, {"format_id": "18", "url": "https://r5---sn-ipoxu-u2x6.googlevideo.com/videoplayback?expire=1610368269&ei=rfD7X6XxMczCigbc-p6QCA&ip=220.129.26.102&id=o-ANmpcWxw0rPrE8umDYYxmeykaaUWkyxz9QvEVXpz9lcF&itag=18&source=youtube&requiressl=yes&mh=yo&mm=31%2C29&mn=sn-ipoxu-u2x6%2Csn-un57en7l&ms=au%2Crdu&mv=m&mvi=5&pl=21&pcm2=yes&initcwndbps=737500&vprv=1&mime=video%2Fmp4&ns=KRIkG9CxGH-sJBmxYdgjCxUF&gir=yes&clen=2567340&ratebypass=yes&dur=154.296&lmt=1606231311967070&mt=1610345794&fvip=5&c=WEB&txp=6210222&n=c51ugCMTHr33Kd&sparams=expire%2Cei%2Cip%2Cid%2Citag%2Csource%2Crequiressl%2Cpcm2%2Cvprv%2Cmime%2Cns%2Cgir%2Cclen%2Cratebypass%2Cdur%2Clmt&sig=AOq0QJ8wRQIhANkxJThpv8Ty5A1MqLzMwOig-K5nWHfZB8vxVM-WHCM9AiBrUrLdNn3sBGTyBlzKN-dn4g6HVUvm8_odz4iQi2-GrQ%3D%3D&lsparams=mh%2Cmm%2Cmn%2Cms%2Cmv%2Cmvi%2Cpl%2Cinitcwndbps&lsig=AG3C_xAwRgIhAPK8jG9Y0DjoofwAgV_j4IQxx7HSdo8GZUudjvn2YDKxAiEA5-Kiv6fgMJS4UE_zDcCkhmW1dTVIEe-xhjMVvuEITtQ%3D", "player_url": null, "ext": "mp4", "width": 640, "height": 360, "acodec": "mp4a.40.2", "abr": 96, "vcodec": "avc1.42001E", "asr": 44100, "filesize": 2567340, "format_note": "360p", "fps": 25, "tbr": 133.16, "format": "18 - 640x360 (360p)", "protocol": "https", "http_headers": {"User-Agent": "Mozilla/5.0 (Windows NT 10.0; Win64; x64) AppleWebKit/537.36 (KHTML, like Gecko) Chrome/71.0.3557.2 Safari/537.36", "Accept-Charset": "ISO-8859-1,utf-8;q=0.7,*;q=0.7", "Accept": "text/html,application/xhtml+xml,application/xml;q=0.9,*/*;q=0.8", "Accept-Encoding": "gzip, deflate", "Accept-Language": "en-us,en;q=0.5"}}], "is_live": null, "start_time": null, "end_time": null, "series": null, "season_number": null, "episode_number": null, "track": null, "artist": null, "album": null, "release_date": null, "release_year": null, "extractor": "youtube", "webpage_url_basename": "watch", "extractor_key": "Youtube", "playlist": null, "playlist_index": null, "thumbnail": "https://i.ytimg.com/vi_webp/rDhbGjFlKF8/maxresdefault.webp", "display_id": "rDhbGjFlKF8", "requested_subtitles": null, "ext": "webm", "format_note": "DASH audio", "acodec": "opus", "abr": 160, "format_id": "251", "manifest_url": "https://manifest.googlevideo.com/api/manifest/dash/expire/1610368269/ei/rfD7X6XxMczCigbc-p6QCA/ip/220.129.26.102/id/ac385b1a3165285f/source/youtube/requiressl/yes/playback_host/r5---sn-ipoxu-u2x6.googlevideo.com/mh/yo/mm/31%2C29/mn/sn-ipoxu-u2x6%2Csn-un57en7l/ms/au%2Crdu/mv/m/mvi/5/pl/21/hfr/all/as/fmp4_audio_clear%2Cwebm_audio_clear%2Cwebm2_audio_clear%2Cfmp4_sd_hd_clear%2Cwebm2_sd_hd_clear/initcwndbps/737500/vprv/1/mt/1610345794/fvip/5/keepalive/yes/itag/0/sparams/expire%2Cei%2Cip%2Cid%2Csource%2Crequiressl%2Chfr%2Cas%2Cvprv%2Citag/sig/AOq0QJ8wRQIgay1AVSRbL5jkykjT7e_WiCZM5VtBfx5hscb2VwMbZKgCIQDp-ka5dtjDxiid8Egae9v22di_J6gmbX1pd_2xg6snDQ%3D%3D/lsparams/playback_host%2Cmh%2Cmm%2Cmn%2Cms%2Cmv%2Cmvi%2Cpl%2Cinitcwndbps/lsig/AG3C_xAwRgIhAKmZvHaPvqLCjt49XblGIwoL_C0ErlCcxDLO7fTbxgsWAiEA87G1oNDjWcZaE5S2ByO0-bmxsFPYsQ-CyiaH-AVHAFs%3D", "width": null, "height": null, "tbr": 154.74, "asr": 48000, "fps": null, "language": null, "filesize": null, "container": "webm_dash", "vcodec": "none", "url": "https://manifest.googlevideo.com/api/manifest/dash/expire/1610368269/ei/rfD7X6XxMczCigbc-p6QCA/ip/220.129.26.102/id/ac385b1a3165285f/source/youtube/requiressl/yes/playback_host/r5---sn-ipoxu-u2x6.googlevideo.com/mh/yo/mm/31%2C29/mn/sn-ipoxu-u2x6%2Csn-un57en7l/ms/au%2Crdu/mv/m/mvi/5/pl/21/hfr/all/as/fmp4_audio_clear%2Cwebm_audio_clear%2Cwebm2_audio_clear%2Cfmp4_sd_hd_clear%2Cwebm2_sd_hd_clear/initcwndbps/737500/vprv/1/mt/1610345794/fvip/5/keepalive/yes/itag/0/sparams/expire%2Cei%2Cip%2Cid%2Csource%2Crequiressl%2Chfr%2Cas%2Cvprv%2Citag/sig/AOq0QJ8wRQIgay1AVSRbL5jkykjT7e_WiCZM5VtBfx5hscb2VwMbZKgCIQDp-ka5dtjDxiid8Egae9v22di_J6gmbX1pd_2xg6snDQ%3D%3D/lsparams/playback_host%2Cmh%2Cmm%2Cmn%2Cms%2Cmv%2Cmvi%2Cpl%2Cinitcwndbps/lsig/AG3C_xAwRgIhAKmZvHaPvqLCjt49XblGIwoL_C0ErlCcxDLO7fTbxgsWAiEA87G1oNDjWcZaE5S2ByO0-bmxsFPYsQ-CyiaH-AVHAFs%3D", "fragment_base_url": "https://r5---sn-ipoxu-u2x6.googlevideo.com/videoplayback/expire/1610368269/ei/rfD7X6XxMczCigbc-p6QCA/ip/220.129.26.102/id/ac385b1a3165285f/itag/251/source/youtube/requiressl/yes/mh/yo/mm/31,29/mn/sn-ipoxu-u2x6,sn-un57en7l/ms/au,rdu/mv/m/mvi/5/pl/21/initcwndbps/737500/vprv/1/ratebypass/yes/mime/audio%2Fwebm/otfp/1/gir/yes/clen/2894805/lmt/1606231320494525/dur/154.261/mt/1610345794/fvip/5/keepalive/yes/sparams/expire,ei,ip,id,itag,source,requiressl,vprv,ratebypass,mime,otfp,gir,clen,lmt,dur/sig/AOq0QJ8wRQIhAKOahS8oaOwmuSs7sqItheih0W9NDW1rRRDg2JZ4q_OqAiBvtx-Y4kpkZUHUdhGjGmmXMtcLhnCGvOuJPc644j4HLA%3D%3D/lsparams/mh,mm,mn,ms,mv,mvi,pl,initcwndbps/lsig/AG3C_xAwRQIgNML71SBXsQNAlf3N4B036D2zSaKvL4ReJwJS40tUdwoCIQCHYDVNUcwLIaMJOWOeM_0bEq4RPZDNTnTP1hT9mgCFaw%3D%3D/", "fragments": [{"path": "range/0-265"}, {"path": "range/535-188839", "duration": 10.001}, {"path": "range/188840-378753", "duration": 10.0}, {"path": "range/378754-565496", "duration": 10.0}, {"path": "range/565497-757686", "duration": 10.0}, {"path": "range/757687-946277", "duration": 10.0}, {"path": "range/946278-1135761", "duration": 10.0}, {"path": "range/1135762-1322120", "duration": 10.0}, {"path": "range/1322121-1511724", "duration": 10.0}, {"path": "range/1511725-1700727", "duration": 10.0}, {"path": "range/1700728-1888671", "duration": 10.0}, {"path": "range/1888672-2082096", "duration": 10.0}, {"path": "range/2082097-2272069", "duration": 10.0}, {"path": "range/2272070-2461703", "duration": 10.0}, {"path": "range/2461704-2650527", "duration": 10.0}, {"path": "range/2650528-2833164", "duration": 10.0}, {"path": "range/2833165-2894804", "duration": 4.26}], "protocol": "http_dash_segments", "format": "251 - audio only (DASH audio)", "http_headers": {"User-Agent": "Mozilla/5.0 (Windows NT 10.0; Win64; x64) AppleWebKit/537.36 (KHTML, like Gecko) Chrome/71.0.3557.2 Safari/537.36", "Accept-Charset": "ISO-8859-1,utf-8;q=0.7,*;q=0.7", "Accept": "text/html,application/xhtml+xml,application/xml;q=0.9,*/*;q=0.8", "Accept-Encoding": "gzip, deflate", "Accept-Language": "en-us,en;q=0.5"}}