{"id": "Tjno89OVuRI", "uploader": "Matthew-Keane Q Wang - Topic", "uploader_id": "UCbEDl9v513g3AR8I4L47tLA", "uploader_url": "http://www.youtube.com/channel/UCbEDl9v513g3AR8I4L47tLA", "channel_id": "UCbEDl9v513g3AR8I4L47tLA", "channel_url": "http://www.youtube.com/channel/UCbEDl9v513g3AR8I4L47tLA", "upload_date": "20201008", "license": null, "creator": "Matthew-Keane Q Wang", "title": "Striding Forwards", "alt_title": "Striding Forwards", "thumbnails": [{"url": "https://i.ytimg.com/vi/Tjno89OVuRI/hqdefault.jpg?sqp=-oaymwEYCKgBEF5IVfKriqkDCwgBFQAAiEIYAXAB&rs=AOn4CLAJ_1N-A_GcXMyzOcMJM0UBKyzjqQ", "width": 168, "height": 94, "resolution": "168x94", "id": "0"}, {"url": "https://i.ytimg.com/vi/Tjno89OVuRI/hqdefault.jpg?sqp=-oaymwEYCMQBEG5IVfKriqkDCwgBFQAAiEIYAXAB&rs=AOn4CLBPk1XJRCRCzrPai_jVO81RR7-PXg", "width": 196, "height": 110, "resolution": "196x110", "id": "1"}, {"url": "https://i.ytimg.com/vi/Tjno89OVuRI/hqdefault.jpg?sqp=-oaymwEZCPYBEIoBSFXyq4qpAwsIARUAAIhCGAFwAQ==&rs=AOn4CLCX53Czm5kw53lV8i2_RRUov8wgTQ", "width": 246, "height": 138, "resolution": "246x138", "id": "2"}, {"url": "https://i.ytimg.com/vi/Tjno89OVuRI/hqdefault.jpg?sqp=-oaymwEZCNACELwBSFXyq4qpAwsIARUAAIhCGAFwAQ==&rs=AOn4CLBkCVBKVPS9JSj-9fib3x6JkEGVrw", "width": 336, "height": 188, "resolution": "336x188", "id": "3"}, {"url": "https://i.ytimg.com/vi_webp/Tjno89OVuRI/maxresdefault.webp", "width": 1920, "height": 1080, "resolution": "1920x1080", "id": "4"}], "description": "Provided to YouTube by TuneCore\n\nStriding Forwards \u00b7 Matthew-Keane Q Wang\n\nForgotten Road\n\n\u2117 2020 Dream Relaxation\n\nReleased on: 2020-10-09\n\nAuto-generated by YouTube.", "categories": ["Music"], "tags": ["Matthew-Keane Q Wang", "Forgotten Road", "Striding Forwards"], "subtitles": {}, "automatic_captions": {}, "duration": 139, "age_limit": 0, "annotations": null, "chapters": null, "webpage_url": "https://www.youtube.com/watch?v=Tjno89OVuRI", "view_count": 58, "like_count": 2, "dislike_count": null, "average_rating": 5.0, "formats": [{"format_id": "249", "url": "https://r5---sn-5njj-u2xe.googlevideo.com/videoplayback?expire=1608123793&ei=MLHZX6HpNYOerQSyqrWABg&ip=140.109.135.166&id=o-ADzU4zfKmP_RXbjKwc1PF-snB33ehkSw_xNVqL2uINsv&itag=249&source=youtube&requiressl=yes&mh=C_&mm=31%2C29&mn=sn-5njj-u2xe%2Csn-un57sn7s&ms=au%2Crdu&mv=m&mvi=5&pcm2cms=yes&pl=16&gcr=tw&initcwndbps=385000&vprv=1&mime=audio%2Fwebm&ns=BTA6AwiFSbYkEv6_gYv8kWAF&gir=yes&clen=1008238&dur=138.861&lmt=1601029102610914&mt=1608101795&fvip=5&keepalive=yes&c=WEB&txp=2311224&n=9v7An0m5I99mCTNRt&sparams=expire%2Cei%2Cip%2Cid%2Citag%2Csource%2Crequiressl%2Cgcr%2Cvprv%2Cmime%2Cns%2Cgir%2Cclen%2Cdur%2Clmt&lsparams=mh%2Cmm%2Cmn%2Cms%2Cmv%2Cmvi%2Cpcm2cms%2Cpl%2Cinitcwndbps&lsig=AG3C_xAwRAIgHGlpCps3oqVyBW6r2bwAeUZbjUumv3eiJhIAf93EGwgCIEY04RNpmq4ui_eoL6P_4Aa5AYZReFYG0rpM_Lh4Yd13&sig=AOq0QJ8wRgIhALrD2glPsZyX-0tf9CfB8H56Hk0UoSnEj_lBWIEVqNQzAiEApsmmu4cmpfJa3nmd75eQr93PrFwAwykujZ_Ediqf5N0=&ratebypass=yes", "player_url": "/s/player/62f90c99/player_ias.vflset/en_US/base.js", "ext": "webm", "format_note": "tiny", "acodec": "opus", "abr": 50, "asr": 48000, "filesize": 1008238, "fps": null, "height": null, "tbr": 62.6, "width": null, "vcodec": "none", "downloader_options": {"http_chunk_size": 10485760}, "format": "249 - audio only (tiny)", "protocol": "https", "http_headers": {"User-Agent": "Mozilla/5.0 (Windows NT 10.0; Win64; x64) AppleWebKit/537.36 (KHTML, like Gecko) Chrome/70.0.3538.112 Safari/537.36", "Accept-Charset": "ISO-8859-1,utf-8;q=0.7,*;q=0.7", "Accept": "text/html,application/xhtml+xml,application/xml;q=0.9,*/*;q=0.8", "Accept-Encoding": "gzip, deflate", "Accept-Language": "en-us,en;q=0.5"}}, {"format_id": "250", "url": "https://r5---sn-5njj-u2xe.googlevideo.com/videoplayback?expire=1608123793&ei=MLHZX6HpNYOerQSyqrWABg&ip=140.109.135.166&id=o-ADzU4zfKmP_RXbjKwc1PF-snB33ehkSw_xNVqL2uINsv&itag=250&source=youtube&requiressl=yes&mh=C_&mm=31%2C29&mn=sn-5njj-u2xe%2Csn-un57sn7s&ms=au%2Crdu&mv=m&mvi=5&pcm2cms=yes&pl=16&gcr=tw&initcwndbps=385000&vprv=1&mime=audio%2Fwebm&ns=BTA6AwiFSbYkEv6_gYv8kWAF&gir=yes&clen=1321368&dur=138.861&lmt=1601029036358653&mt=1608101795&fvip=5&keepalive=yes&c=WEB&txp=2311224&n=9v7An0m5I99mCTNRt&sparams=expire%2Cei%2Cip%2Cid%2Citag%2Csource%2Crequiressl%2Cgcr%2Cvprv%2Cmime%2Cns%2Cgir%2Cclen%2Cdur%2Clmt&lsparams=mh%2Cmm%2Cmn%2Cms%2Cmv%2Cmvi%2Cpcm2cms%2Cpl%2Cinitcwndbps&lsig=AG3C_xAwRgIhAM5SoVm1zVDbuSXOC6UY_Qgqds7cHJuIv6LMXU4dPEPcAiEA3wS9qm211iVLkTkTuvyNUj_OKiXwgiGtGjVoZQhJA2s%3D&sig=AOq0QJ8wRQIhAKqFPzcWi6IcPQXJOI0uhANYcWm8LLHXCPGY7UFjewi9AiBFfR4odIGoFmzRDu7ZW3dE6NB26TLXNNDwnSAT0JBajA==&ratebypass=yes", "player_url": "/s/player/62f90c99/player_ias.vflset/en_US/base.js", "ext": "webm", "format_note": "tiny", "acodec": "opus", "abr": 70, "asr": 48000, "filesize": 1321368, "fps": null, "height": null, "tbr": 80.582, "width": null, "vcodec": "none", "downloader_options": {"http_chunk_size": 10485760}, "format": "250 - audio only (tiny)", "protocol": "https", "http_headers": {"User-Agent": "Mozilla/5.0 (Windows NT 10.0; Win64; x64) AppleWebKit/537.36 (KHTML, like Gecko) Chrome/70.0.3538.112 Safari/537.36", "Accept-Charset": "ISO-8859-1,utf-8;q=0.7,*;q=0.7", "Accept": "text/html,application/xhtml+xml,application/xml;q=0.9,*/*;q=0.8", "Accept-Encoding": "gzip, deflate", "Accept-Language": "en-us,en;q=0.5"}}, {"format_id": "140", "url": "https://r5---sn-5njj-u2xe.googlevideo.com/videoplayback?expire=1608123793&ei=MLHZX6HpNYOerQSyqrWABg&ip=140.109.135.166&id=o-ADzU4zfKmP_RXbjKwc1PF-snB33ehkSw_xNVqL2uINsv&itag=140&source=youtube&requiressl=yes&mh=C_&mm=31%2C29&mn=sn-5njj-u2xe%2Csn-un57sn7s&ms=au%2Crdu&mv=m&mvi=5&pcm2cms=yes&pl=16&gcr=tw&initcwndbps=385000&vprv=1&mime=audio%2Fmp4&ns=BTA6AwiFSbYkEv6_gYv8kWAF&gir=yes&clen=2250517&dur=138.852&lmt=1601028340747740&mt=1608101795&fvip=5&keepalive=yes&c=WEB&txp=2311222&n=9v7An0m5I99mCTNRt&sparams=expire%2Cei%2Cip%2Cid%2Citag%2Csource%2Crequiressl%2Cgcr%2Cvprv%2Cmime%2Cns%2Cgir%2Cclen%2Cdur%2Clmt&lsparams=mh%2Cmm%2Cmn%2Cms%2Cmv%2Cmvi%2Cpcm2cms%2Cpl%2Cinitcwndbps&lsig=AG3C_xAwRgIhALnZk6XmwCDlcs6RD-9Bnn5_ijY0ejg_qWZDlYVJqCh_AiEAi9h-2mHccc0FC210U0dyU-NAWNLsa2S3ZykrVYe3lk8%3D&sig=AOq0QJ8wRgIhAMDXCfr4XrghLEedtHE3PxCyZI-0CVQZjAp4Bw2os5BcAiEAwmj4Z-e8ITx71W4I-22HEURDADv7gfN9tG-459wgwNw=&ratebypass=yes", "player_url": "/s/player/62f90c99/player_ias.vflset/en_US/base.js", "ext": "m4a", "format_note": "tiny", "acodec": "mp4a.40.2", "abr": 128, "container": "m4a_dash", "asr": 44100, "filesize": 2250517, "fps": null, "height": null, "tbr": 130.981, "width": null, "vcodec": "none", "downloader_options": {"http_chunk_size": 10485760}, "format": "140 - audio only (tiny)", "protocol": "https", "http_headers": {"User-Agent": "Mozilla/5.0 (Windows NT 10.0; Win64; x64) AppleWebKit/537.36 (KHTML, like Gecko) Chrome/70.0.3538.112 Safari/537.36", "Accept-Charset": "ISO-8859-1,utf-8;q=0.7,*;q=0.7", "Accept": "text/html,application/xhtml+xml,application/xml;q=0.9,*/*;q=0.8", "Accept-Encoding": "gzip, deflate", "Accept-Language": "en-us,en;q=0.5"}}, {"format_id": "251", "url": "https://r5---sn-5njj-u2xe.googlevideo.com/videoplayback?expire=1608123793&ei=MLHZX6HpNYOerQSyqrWABg&ip=140.109.135.166&id=o-ADzU4zfKmP_RXbjKwc1PF-snB33ehkSw_xNVqL2uINsv&itag=251&source=youtube&requiressl=yes&mh=C_&mm=31%2C29&mn=sn-5njj-u2xe%2Csn-un57sn7s&ms=au%2Crdu&mv=m&mvi=5&pcm2cms=yes&pl=16&gcr=tw&initcwndbps=385000&vprv=1&mime=audio%2Fwebm&ns=BTA6AwiFSbYkEv6_gYv8kWAF&gir=yes&clen=2651538&dur=138.861&lmt=1601029045189813&mt=1608101795&fvip=5&keepalive=yes&c=WEB&txp=2311224&n=9v7An0m5I99mCTNRt&sparams=expire%2Cei%2Cip%2Cid%2Citag%2Csource%2Crequiressl%2Cgcr%2Cvprv%2Cmime%2Cns%2Cgir%2Cclen%2Cdur%2Clmt&lsparams=mh%2Cmm%2Cmn%2Cms%2Cmv%2Cmvi%2Cpcm2cms%2Cpl%2Cinitcwndbps&lsig=AG3C_xAwRQIgRL7zTXakc4KEDlI7uKTilzB4gC4k5POl3F_VGnS_0GICIQCtY5pPp5WDziQiP8Uuhf9g_g25WXxtlJLHYl1w7ezSsg%3D%3D&sig=AOq0QJ8wRgIhAIjK1N-I62QNWdCmZxTUO01RW__z4J7ghybbdfTf1tJaAiEAk4zeA_6foS1M5lYz8UiAj_DcBH6tzAYEBu0B_w1snmA=&ratebypass=yes", "player_url": "/s/player/62f90c99/player_ias.vflset/en_US/base.js", "ext": "webm", "format_note": "tiny", "acodec": "opus", "abr": 160, "asr": 48000, "filesize": 2651538, "fps": null, "height": null, "tbr": 159.023, "width": null, "vcodec": "none", "downloader_options": {"http_chunk_size": 10485760}, "format": "251 - audio only (tiny)", "protocol": "https", "http_headers": {"User-Agent": "Mozilla/5.0 (Windows NT 10.0; Win64; x64) AppleWebKit/537.36 (KHTML, like Gecko) Chrome/70.0.3538.112 Safari/537.36", "Accept-Charset": "ISO-8859-1,utf-8;q=0.7,*;q=0.7", "Accept": "text/html,application/xhtml+xml,application/xml;q=0.9,*/*;q=0.8", "Accept-Encoding": "gzip, deflate", "Accept-Language": "en-us,en;q=0.5"}}, {"format_id": "278", "url": "https://r5---sn-5njj-u2xe.googlevideo.com/videoplayback?expire=1608123793&ei=MLHZX6HpNYOerQSyqrWABg&ip=140.109.135.166&id=o-ADzU4zfKmP_RXbjKwc1PF-snB33ehkSw_xNVqL2uINsv&itag=278&aitags=133%2C134%2C135%2C136%2C137%2C160%2C242%2C243%2C244%2C247%2C248%2C278&source=youtube&requiressl=yes&mh=C_&mm=31%2C29&mn=sn-5njj-u2xe%2Csn-un57sn7s&ms=au%2Crdu&mv=m&mvi=5&pcm2cms=yes&pl=16&gcr=tw&initcwndbps=385000&vprv=1&mime=video%2Fwebm&ns=BTA6AwiFSbYkEv6_gYv8kWAF&gir=yes&clen=331800&dur=138.840&lmt=1601030804658112&mt=1608101795&fvip=5&keepalive=yes&c=WEB&txp=2311224&n=9v7An0m5I99mCTNRt&sparams=expire%2Cei%2Cip%2Cid%2Caitags%2Csource%2Crequiressl%2Cgcr%2Cvprv%2Cmime%2Cns%2Cgir%2Cclen%2Cdur%2Clmt&lsparams=mh%2Cmm%2Cmn%2Cms%2Cmv%2Cmvi%2Cpcm2cms%2Cpl%2Cinitcwndbps&lsig=AG3C_xAwRgIhALAoZshzp1mPeIz9XmsbuB_ksr9ZDB76MbYueoF3reG9AiEAsEi1gHbkdU1yDRrHIzpp4dNEzSKmigXoR6DrhUym-Z8%3D&sig=AOq0QJ8wRQIhAIkwpEmQiiQCsQ2Rlh-8A3JagLoeJ7Ch78isLTLxWWIoAiBAz2_61mY0pecjLmmGv-WTeHZWO-JIJt_bN74j8b5TAw==&ratebypass=yes", "player_url": "/s/player/62f90c99/player_ias.vflset/en_US/base.js", "ext": "webm", "height": 144, "format_note": "144p", "container": "webm", "vcodec": "vp9", "asr": null, "filesize": 331800, "fps": 25, "tbr": 20.945, "width": 144, "acodec": "none", "downloader_options": {"http_chunk_size": 10485760}, "format": "278 - 144x144 (144p)", "protocol": "https", "http_headers": {"User-Agent": "Mozilla/5.0 (Windows NT 10.0; Win64; x64) AppleWebKit/537.36 (KHTML, like Gecko) Chrome/70.0.3538.112 Safari/537.36", "Accept-Charset": "ISO-8859-1,utf-8;q=0.7,*;q=0.7", "Accept": "text/html,application/xhtml+xml,application/xml;q=0.9,*/*;q=0.8", "Accept-Encoding": "gzip, deflate", "Accept-Language": "en-us,en;q=0.5"}}, {"format_id": "242", "url": "https://r5---sn-5njj-u2xe.googlevideo.com/videoplayback?expire=1608123793&ei=MLHZX6HpNYOerQSyqrWABg&ip=140.109.135.166&id=o-ADzU4zfKmP_RXbjKwc1PF-snB33ehkSw_xNVqL2uINsv&itag=242&aitags=133%2C134%2C135%2C136%2C137%2C160%2C242%2C243%2C244%2C247%2C248%2C278&source=youtube&requiressl=yes&mh=C_&mm=31%2C29&mn=sn-5njj-u2xe%2Csn-un57sn7s&ms=au%2Crdu&mv=m&mvi=5&pcm2cms=yes&pl=16&gcr=tw&initcwndbps=385000&vprv=1&mime=video%2Fwebm&ns=BTA6AwiFSbYkEv6_gYv8kWAF&gir=yes&clen=646786&dur=138.840&lmt=1601030702763921&mt=1608101795&fvip=5&keepalive=yes&c=WEB&txp=2311224&n=9v7An0m5I99mCTNRt&sparams=expire%2Cei%2Cip%2Cid%2Caitags%2Csource%2Crequiressl%2Cgcr%2Cvprv%2Cmime%2Cns%2Cgir%2Cclen%2Cdur%2Clmt&lsparams=mh%2Cmm%2Cmn%2Cms%2Cmv%2Cmvi%2Cpcm2cms%2Cpl%2Cinitcwndbps&lsig=AG3C_xAwRgIhALJOpvqLzjEE-CMyzMK5cU-ujgTZHr8midiXmQBnWKrGAiEA4IWJHA258oHMBR4bXiXx2P0z9YZATDYropqQFqZSaFY%3D&sig=AOq0QJ8wRQIgftPCD0sNUisf2OX5m0tgejdaYySms2x2Uop-iuOA41gCIQClfbEnDxFJ1BJChoR6CjO0lTC1fbYNDBcr_eis02gMHQ==&ratebypass=yes", "player_url": "/s/player/62f90c99/player_ias.vflset/en_US/base.js", "ext": "webm", "height": 240, "format_note": "240p", "vcodec": "vp9", "asr": null, "filesize": 646786, "fps": 25, "tbr": 42.11, "width": 240, "acodec": "none", "downloader_options": {"http_chunk_size": 10485760}, "format": "242 - 240x240 (240p)", "protocol": "https", "http_headers": {"User-Agent": "Mozilla/5.0 (Windows NT 10.0; Win64; x64) AppleWebKit/537.36 (KHTML, like Gecko) Chrome/70.0.3538.112 Safari/537.36", "Accept-Charset": "ISO-8859-1,utf-8;q=0.7,*;q=0.7", "Accept": "text/html,application/xhtml+xml,application/xml;q=0.9,*/*;q=0.8", "Accept-Encoding": "gzip, deflate", "Accept-Language": "en-us,en;q=0.5"}}, {"format_id": "160", "url": "https://r5---sn-5njj-u2xe.googlevideo.com/videoplayback?expire=1608123793&ei=MLHZX6HpNYOerQSyqrWABg&ip=140.109.135.166&id=o-ADzU4zfKmP_RXbjKwc1PF-snB33ehkSw_xNVqL2uINsv&itag=160&aitags=133%2C134%2C135%2C136%2C137%2C160%2C242%2C243%2C244%2C247%2C248%2C278&source=youtube&requiressl=yes&mh=C_&mm=31%2C29&mn=sn-5njj-u2xe%2Csn-un57sn7s&ms=au%2Crdu&mv=m&mvi=5&pcm2cms=yes&pl=16&gcr=tw&initcwndbps=385000&vprv=1&mime=video%2Fmp4&ns=BTA6AwiFSbYkEv6_gYv8kWAF&gir=yes&clen=761261&dur=138.840&lmt=1601028559289836&mt=1608101795&fvip=5&keepalive=yes&c=WEB&txp=2311222&n=9v7An0m5I99mCTNRt&sparams=expire%2Cei%2Cip%2Cid%2Caitags%2Csource%2Crequiressl%2Cgcr%2Cvprv%2Cmime%2Cns%2Cgir%2Cclen%2Cdur%2Clmt&lsparams=mh%2Cmm%2Cmn%2Cms%2Cmv%2Cmvi%2Cpcm2cms%2Cpl%2Cinitcwndbps&lsig=AG3C_xAwRQIgd-F8VfNgWLaWqCHiY-YFyG6uJIbNomYnQLA-_-cFs-MCIQCogY_8DBA5R61FAYX4xwY135UTgpSw5XTadlStNDszGQ%3D%3D&sig=AOq0QJ8wRAIgThdi0dA7c-YJpfYW0bE8BkAvQphN0u8N_5WLY71_XVwCIDQSuGF0NltnFRTsZKjdnXeQl0a4nhijUb71ShnPag_9&ratebypass=yes", "player_url": "/s/player/62f90c99/player_ias.vflset/en_US/base.js", "ext": "mp4", "height": 144, "format_note": "144p", "vcodec": "avc1.4d400b", "asr": null, "filesize": 761261, "fps": 25, "tbr": 48.856, "width": 144, "acodec": "none", "downloader_options": {"http_chunk_size": 10485760}, "format": "160 - 144x144 (144p)", "protocol": "https", "http_headers": {"User-Agent": "Mozilla/5.0 (Windows NT 10.0; Win64; x64) AppleWebKit/537.36 (KHTML, like Gecko) Chrome/70.0.3538.112 Safari/537.36", "Accept-Charset": "ISO-8859-1,utf-8;q=0.7,*;q=0.7", "Accept": "text/html,application/xhtml+xml,application/xml;q=0.9,*/*;q=0.8", "Accept-Encoding": "gzip, deflate", "Accept-Language": "en-us,en;q=0.5"}}, {"format_id": "243", "url": "https://r5---sn-5njj-u2xe.googlevideo.com/videoplayback?expire=1608123793&ei=MLHZX6HpNYOerQSyqrWABg&ip=140.109.135.166&id=o-ADzU4zfKmP_RXbjKwc1PF-snB33ehkSw_xNVqL2uINsv&itag=243&aitags=133%2C134%2C135%2C136%2C137%2C160%2C242%2C243%2C244%2C247%2C248%2C278&source=youtube&requiressl=yes&mh=C_&mm=31%2C29&mn=sn-5njj-u2xe%2Csn-un57sn7s&ms=au%2Crdu&mv=m&mvi=5&pcm2cms=yes&pl=16&gcr=tw&initcwndbps=385000&vprv=1&mime=video%2Fwebm&ns=BTA6AwiFSbYkEv6_gYv8kWAF&gir=yes&clen=1284921&dur=138.840&lmt=1601030704504987&mt=1608101795&fvip=5&keepalive=yes&c=WEB&txp=2311224&n=9v7An0m5I99mCTNRt&sparams=expire%2Cei%2Cip%2Cid%2Caitags%2Csource%2Crequiressl%2Cgcr%2Cvprv%2Cmime%2Cns%2Cgir%2Cclen%2Cdur%2Clmt&lsparams=mh%2Cmm%2Cmn%2Cms%2Cmv%2Cmvi%2Cpcm2cms%2Cpl%2Cinitcwndbps&lsig=AG3C_xAwRQIgYsuVjnDy0LGXtOEhccTF1jry7E3YIc-zbDs5V39hIAECIQCMUZZg65VJC9V8GdSSu4yoK7fYvHTxIWtlXB7wo06-pA%3D%3D&sig=AOq0QJ8wRQIgGceg2f46jzZmran85u0cs--KdXF8A2uD_U-c4J35jlACIQDrlSaSTJ0Pxhn0qz-15NdS8XXwhuumRnzaD-w_9noaOA==&ratebypass=yes", "player_url": "/s/player/62f90c99/player_ias.vflset/en_US/base.js", "ext": "webm", "height": 360, "format_note": "360p", "vcodec": "vp9", "asr": null, "filesize": 1284921, "fps": 25, "tbr": 75.14, "width": 360, "acodec": "none", "downloader_options": {"http_chunk_size": 10485760}, "format": "243 - 360x360 (360p)", "protocol": "https", "http_headers": {"User-Agent": "Mozilla/5.0 (Windows NT 10.0; Win64; x64) AppleWebKit/537.36 (KHTML, like Gecko) Chrome/70.0.3538.112 Safari/537.36", "Accept-Charset": "ISO-8859-1,utf-8;q=0.7,*;q=0.7", "Accept": "text/html,application/xhtml+xml,application/xml;q=0.9,*/*;q=0.8", "Accept-Encoding": "gzip, deflate", "Accept-Language": "en-us,en;q=0.5"}}, {"format_id": "134", "url": "https://r5---sn-5njj-u2xe.googlevideo.com/videoplayback?expire=1608123793&ei=MLHZX6HpNYOerQSyqrWABg&ip=140.109.135.166&id=o-ADzU4zfKmP_RXbjKwc1PF-snB33ehkSw_xNVqL2uINsv&itag=134&aitags=133%2C134%2C135%2C136%2C137%2C160%2C242%2C243%2C244%2C247%2C248%2C278&source=youtube&requiressl=yes&mh=C_&mm=31%2C29&mn=sn-5njj-u2xe%2Csn-un57sn7s&ms=au%2Crdu&mv=m&mvi=5&pcm2cms=yes&pl=16&gcr=tw&initcwndbps=385000&vprv=1&mime=video%2Fmp4&ns=BTA6AwiFSbYkEv6_gYv8kWAF&gir=yes&clen=1452990&dur=138.840&lmt=1601028559218759&mt=1608101795&fvip=5&keepalive=yes&c=WEB&txp=2311222&n=9v7An0m5I99mCTNRt&sparams=expire%2Cei%2Cip%2Cid%2Caitags%2Csource%2Crequiressl%2Cgcr%2Cvprv%2Cmime%2Cns%2Cgir%2Cclen%2Cdur%2Clmt&lsparams=mh%2Cmm%2Cmn%2Cms%2Cmv%2Cmvi%2Cpcm2cms%2Cpl%2Cinitcwndbps&lsig=AG3C_xAwRAIgeNI0CFYHGiN6LJY03ijdf8YRFej_fb8zirBnX6-k08wCIDlCMVWwPIyD2J1WK30gV0kUIYY0LXUc_0sOinsLfBN_&sig=AOq0QJ8wRQIhAJ2MWnCzDkzhpN2XsTjhjt5UylN00KSbMHQa1mcCD_22AiBLh_joCnMoQtOeffPktMIfHJIedGKq7_hHqqrdA9ti1w==&ratebypass=yes", "player_url": "/s/player/62f90c99/player_ias.vflset/en_US/base.js", "ext": "mp4", "height": 360, "format_note": "360p", "vcodec": "avc1.4d4015", "asr": null, "filesize": 1452990, "fps": 25, "tbr": 85.492, "width": 360, "acodec": "none", "downloader_options": {"http_chunk_size": 10485760}, "format": "134 - 360x360 (360p)", "protocol": "https", "http_headers": {"User-Agent": "Mozilla/5.0 (Windows NT 10.0; Win64; x64) AppleWebKit/537.36 (KHTML, like Gecko) Chrome/70.0.3538.112 Safari/537.36", "Accept-Charset": "ISO-8859-1,utf-8;q=0.7,*;q=0.7", "Accept": "text/html,application/xhtml+xml,application/xml;q=0.9,*/*;q=0.8", "Accept-Encoding": "gzip, deflate", "Accept-Language": "en-us,en;q=0.5"}}, {"format_id": "133", "url": "https://r5---sn-5njj-u2xe.googlevideo.com/videoplayback?expire=1608123793&ei=MLHZX6HpNYOerQSyqrWABg&ip=140.109.135.166&id=o-ADzU4zfKmP_RXbjKwc1PF-snB33ehkSw_xNVqL2uINsv&itag=133&aitags=133%2C134%2C135%2C136%2C137%2C160%2C242%2C243%2C244%2C247%2C248%2C278&source=youtube&requiressl=yes&mh=C_&mm=31%2C29&mn=sn-5njj-u2xe%2Csn-un57sn7s&ms=au%2Crdu&mv=m&mvi=5&pcm2cms=yes&pl=16&gcr=tw&initcwndbps=385000&vprv=1&mime=video%2Fmp4&ns=BTA6AwiFSbYkEv6_gYv8kWAF&gir=yes&clen=1821376&dur=138.840&lmt=1601028559221858&mt=1608101795&fvip=5&keepalive=yes&c=WEB&txp=2311222&n=9v7An0m5I99mCTNRt&sparams=expire%2Cei%2Cip%2Cid%2Caitags%2Csource%2Crequiressl%2Cgcr%2Cvprv%2Cmime%2Cns%2Cgir%2Cclen%2Cdur%2Clmt&lsparams=mh%2Cmm%2Cmn%2Cms%2Cmv%2Cmvi%2Cpcm2cms%2Cpl%2Cinitcwndbps&lsig=AG3C_xAwRQIhAIqmKL5XBqRcjWPfqFmyUdLzCWtFJ9OKedxhjw_HLkLqAiBaXCatbCvyQteqc7qXxYyxIo8CbuEFP1PLNHqO8yB40A%3D%3D&sig=AOq0QJ8wRAIgYXhewvAico6rgJpC_Bk5oye3tm5hm5LYEUcpw43wq2kCIACN-Fe0Ec3xdJV3l4HfsMkNzEarUvp8sseF8uDm6KUY&ratebypass=yes", "player_url": "/s/player/62f90c99/player_ias.vflset/en_US/base.js", "ext": "mp4", "height": 240, "format_note": "240p", "vcodec": "avc1.4d400c", "asr": null, "filesize": 1821376, "fps": 25, "tbr": 112.106, "width": 240, "acodec": "none", "downloader_options": {"http_chunk_size": 10485760}, "format": "133 - 240x240 (240p)", "protocol": "https", "http_headers": {"User-Agent": "Mozilla/5.0 (Windows NT 10.0; Win64; x64) AppleWebKit/537.36 (KHTML, like Gecko) Chrome/70.0.3538.112 Safari/537.36", "Accept-Charset": "ISO-8859-1,utf-8;q=0.7,*;q=0.7", "Accept": "text/html,application/xhtml+xml,application/xml;q=0.9,*/*;q=0.8", "Accept-Encoding": "gzip, deflate", "Accept-Language": "en-us,en;q=0.5"}}, {"format_id": "244", "url": "https://r5---sn-5njj-u2xe.googlevideo.com/videoplayback?expire=1608123793&ei=MLHZX6HpNYOerQSyqrWABg&ip=140.109.135.166&id=o-ADzU4zfKmP_RXbjKwc1PF-snB33ehkSw_xNVqL2uINsv&itag=244&aitags=133%2C134%2C135%2C136%2C137%2C160%2C242%2C243%2C244%2C247%2C248%2C278&source=youtube&requiressl=yes&mh=C_&mm=31%2C29&mn=sn-5njj-u2xe%2Csn-un57sn7s&ms=au%2Crdu&mv=m&mvi=5&pcm2cms=yes&pl=16&gcr=tw&initcwndbps=385000&vprv=1&mime=video%2Fwebm&ns=BTA6AwiFSbYkEv6_gYv8kWAF&gir=yes&clen=2287157&dur=138.840&lmt=1601030716706001&mt=1608101795&fvip=5&keepalive=yes&c=WEB&txp=2311224&n=9v7An0m5I99mCTNRt&sparams=expire%2Cei%2Cip%2Cid%2Caitags%2Csource%2Crequiressl%2Cgcr%2Cvprv%2Cmime%2Cns%2Cgir%2Cclen%2Cdur%2Clmt&lsparams=mh%2Cmm%2Cmn%2Cms%2Cmv%2Cmvi%2Cpcm2cms%2Cpl%2Cinitcwndbps&lsig=AG3C_xAwRAIgdr0b5-170lFRCns6TmvT9MCpKomRgOBLwe4x_B3OQDYCICqIHU8qCbODKnPfzzWHNf8Sme-YK6zqQlW3cnUCNKTq&sig=AOq0QJ8wRQIgd-yd1ObPgenJAbtEMSvEZ6UypDZv3DVh3xtJrObG6UQCIQDdpkycRnnvifXcO2da0tA5mfmCqn-KgS8EVPi7Nlh2yA==&ratebypass=yes", "player_url": "/s/player/62f90c99/player_ias.vflset/en_US/base.js", "ext": "webm", "height": 480, "format_note": "480p", "vcodec": "vp9", "asr": null, "filesize": 2287157, "fps": 25, "tbr": 133.16, "width": 480, "acodec": "none", "downloader_options": {"http_chunk_size": 10485760}, "format": "244 - 480x480 (480p)", "protocol": "https", "http_headers": {"User-Agent": "Mozilla/5.0 (Windows NT 10.0; Win64; x64) AppleWebKit/537.36 (KHTML, like Gecko) Chrome/70.0.3538.112 Safari/537.36", "Accept-Charset": "ISO-8859-1,utf-8;q=0.7,*;q=0.7", "Accept": "text/html,application/xhtml+xml,application/xml;q=0.9,*/*;q=0.8", "Accept-Encoding": "gzip, deflate", "Accept-Language": "en-us,en;q=0.5"}}, {"format_id": "135", "url": "https://r5---sn-5njj-u2xe.googlevideo.com/videoplayback?expire=1608123793&ei=MLHZX6HpNYOerQSyqrWABg&ip=140.109.135.166&id=o-ADzU4zfKmP_RXbjKwc1PF-snB33ehkSw_xNVqL2uINsv&itag=135&aitags=133%2C134%2C135%2C136%2C137%2C160%2C242%2C243%2C244%2C247%2C248%2C278&source=youtube&requiressl=yes&mh=C_&mm=31%2C29&mn=sn-5njj-u2xe%2Csn-un57sn7s&ms=au%2Crdu&mv=m&mvi=5&pcm2cms=yes&pl=16&gcr=tw&initcwndbps=385000&vprv=1&mime=video%2Fmp4&ns=BTA6AwiFSbYkEv6_gYv8kWAF&gir=yes&clen=2864865&dur=138.840&lmt=1601028559242979&mt=1608101795&fvip=5&keepalive=yes&c=WEB&txp=2311222&n=9v7An0m5I99mCTNRt&sparams=expire%2Cei%2Cip%2Cid%2Caitags%2Csource%2Crequiressl%2Cgcr%2Cvprv%2Cmime%2Cns%2Cgir%2Cclen%2Cdur%2Clmt&lsparams=mh%2Cmm%2Cmn%2Cms%2Cmv%2Cmvi%2Cpcm2cms%2Cpl%2Cinitcwndbps&lsig=AG3C_xAwRQIgW-n995NaKX0MHd58HkOtd5OBgk8wB3f7Evz7qXEFXzMCIQC0wY6SuOA80-apbVAidShhE8le2_3MVmzvmaUkIQLfkQ%3D%3D&sig=AOq0QJ8wRQIhAKzhbRhmHhQGRwq5uoDIldlyyQ6wNiasJ_IQOokN972mAiAOAqqiatEgdRV8Rqf2HR1yZL08bKMlp_Q4agtJl2grXw==&ratebypass=yes", "player_url": "/s/player/62f90c99/player_ias.vflset/en_US/base.js", "ext": "mp4", "height": 480, "format_note": "480p", "vcodec": "avc1.4d401e", "asr": null, "filesize": 2864865, "fps": 25, "tbr": 167.743, "width": 480, "acodec": "none", "downloader_options": {"http_chunk_size": 10485760}, "format": "135 - 480x480 (480p)", "protocol": "https", "http_headers": {"User-Agent": "Mozilla/5.0 (Windows NT 10.0; Win64; x64) AppleWebKit/537.36 (KHTML, like Gecko) Chrome/70.0.3538.112 Safari/537.36", "Accept-Charset": "ISO-8859-1,utf-8;q=0.7,*;q=0.7", "Accept": "text/html,application/xhtml+xml,application/xml;q=0.9,*/*;q=0.8", "Accept-Encoding": "gzip, deflate", "Accept-Language": "en-us,en;q=0.5"}}, {"format_id": "247", "url": "https://r5---sn-5njj-u2xe.googlevideo.com/videoplayback?expire=1608123793&ei=MLHZX6HpNYOerQSyqrWABg&ip=140.109.135.166&id=o-ADzU4zfKmP_RXbjKwc1PF-snB33ehkSw_xNVqL2uINsv&itag=247&aitags=133%2C134%2C135%2C136%2C137%2C160%2C242%2C243%2C244%2C247%2C248%2C278&source=youtube&requiressl=yes&mh=C_&mm=31%2C29&mn=sn-5njj-u2xe%2Csn-un57sn7s&ms=au%2Crdu&mv=m&mvi=5&pcm2cms=yes&pl=16&gcr=tw&initcwndbps=385000&vprv=1&mime=video%2Fwebm&ns=BTA6AwiFSbYkEv6_gYv8kWAF&gir=yes&clen=4961053&dur=138.840&lmt=1601030701580664&mt=1608101795&fvip=5&keepalive=yes&c=WEB&txp=2311224&n=9v7An0m5I99mCTNRt&sparams=expire%2Cei%2Cip%2Cid%2Caitags%2Csource%2Crequiressl%2Cgcr%2Cvprv%2Cmime%2Cns%2Cgir%2Cclen%2Cdur%2Clmt&lsparams=mh%2Cmm%2Cmn%2Cms%2Cmv%2Cmvi%2Cpcm2cms%2Cpl%2Cinitcwndbps&lsig=AG3C_xAwRQIhAKMjkWiESMdMs6OWhqRVQVcnzPZ2QooiRO57t2AXZRyVAiBowFLgP820EWwkcGACdyHFuYJ8pKbBGAW6Te1ibuZtEQ%3D%3D&sig=AOq0QJ8wRQIgGCJiol9W7Axa2bX8bzvms73lYqfEmP5iipOhyrJfLkcCIQCCJ_tdikDDbulo9Y6ICDodIPAMP9scUDNpCb7ICSRkdw==&ratebypass=yes", "player_url": "/s/player/62f90c99/player_ias.vflset/en_US/base.js", "ext": "webm", "height": 720, "format_note": "720p", "vcodec": "vp9", "asr": null, "filesize": 4961053, "fps": 25, "tbr": 286.929, "width": 720, "acodec": "none", "downloader_options": {"http_chunk_size": 10485760}, "format": "247 - 720x720 (720p)", "protocol": "https", "http_headers": {"User-Agent": "Mozilla/5.0 (Windows NT 10.0; Win64; x64) AppleWebKit/537.36 (KHTML, like Gecko) Chrome/70.0.3538.112 Safari/537.36", "Accept-Charset": "ISO-8859-1,utf-8;q=0.7,*;q=0.7", "Accept": "text/html,application/xhtml+xml,application/xml;q=0.9,*/*;q=0.8", "Accept-Encoding": "gzip, deflate", "Accept-Language": "en-us,en;q=0.5"}}, {"format_id": "136", "url": "https://r5---sn-5njj-u2xe.googlevideo.com/videoplayback?expire=1608123793&ei=MLHZX6HpNYOerQSyqrWABg&ip=140.109.135.166&id=o-ADzU4zfKmP_RXbjKwc1PF-snB33ehkSw_xNVqL2uINsv&itag=136&aitags=133%2C134%2C135%2C136%2C137%2C160%2C242%2C243%2C244%2C247%2C248%2C278&source=youtube&requiressl=yes&mh=C_&mm=31%2C29&mn=sn-5njj-u2xe%2Csn-un57sn7s&ms=au%2Crdu&mv=m&mvi=5&pcm2cms=yes&pl=16&gcr=tw&initcwndbps=385000&vprv=1&mime=video%2Fmp4&ns=BTA6AwiFSbYkEv6_gYv8kWAF&gir=yes&clen=6056499&dur=138.840&lmt=1601028559220687&mt=1608101795&fvip=5&keepalive=yes&c=WEB&txp=2311222&n=9v7An0m5I99mCTNRt&sparams=expire%2Cei%2Cip%2Cid%2Caitags%2Csource%2Crequiressl%2Cgcr%2Cvprv%2Cmime%2Cns%2Cgir%2Cclen%2Cdur%2Clmt&lsparams=mh%2Cmm%2Cmn%2Cms%2Cmv%2Cmvi%2Cpcm2cms%2Cpl%2Cinitcwndbps&lsig=AG3C_xAwRQIgH37tVnSECHnl2Zl6kru5D0-poOzgoXa7RErzfdpawnMCIQDhf-Ip_dnz5XBTnqpcY7RKd_o1t_26hYx5D2JMCdOO3g%3D%3D&sig=AOq0QJ8wRgIhAMdjpwkPB1moowoBTyRaOr66hwd1lt_if0yxd6TUMsVQAiEA_LnUE5dh_uMEZ4nHaVSGyQgS1S1vTkkMmqN9KX1YAGY=&ratebypass=yes", "player_url": "/s/player/62f90c99/player_ias.vflset/en_US/base.js", "ext": "mp4", "height": 720, "format_note": "720p", "vcodec": "avc1.4d401f", "asr": null, "filesize": 6056499, "fps": 25, "tbr": 350.792, "width": 720, "acodec": "none", "downloader_options": {"http_chunk_size": 10485760}, "format": "136 - 720x720 (720p)", "protocol": "https", "http_headers": {"User-Agent": "Mozilla/5.0 (Windows NT 10.0; Win64; x64) AppleWebKit/537.36 (KHTML, like Gecko) Chrome/70.0.3538.112 Safari/537.36", "Accept-Charset": "ISO-8859-1,utf-8;q=0.7,*;q=0.7", "Accept": "text/html,application/xhtml+xml,application/xml;q=0.9,*/*;q=0.8", "Accept-Encoding": "gzip, deflate", "Accept-Language": "en-us,en;q=0.5"}}, {"format_id": "248", "url": "https://r5---sn-5njj-u2xe.googlevideo.com/videoplayback?expire=1608123793&ei=MLHZX6HpNYOerQSyqrWABg&ip=140.109.135.166&id=o-ADzU4zfKmP_RXbjKwc1PF-snB33ehkSw_xNVqL2uINsv&itag=248&aitags=133%2C134%2C135%2C136%2C137%2C160%2C242%2C243%2C244%2C247%2C248%2C278&source=youtube&requiressl=yes&mh=C_&mm=31%2C29&mn=sn-5njj-u2xe%2Csn-un57sn7s&ms=au%2Crdu&mv=m&mvi=5&pcm2cms=yes&pl=16&gcr=tw&initcwndbps=385000&vprv=1&mime=video%2Fwebm&ns=BTA6AwiFSbYkEv6_gYv8kWAF&gir=yes&clen=9578365&dur=138.840&lmt=1601030701454054&mt=1608101795&fvip=5&keepalive=yes&c=WEB&txp=2311224&n=9v7An0m5I99mCTNRt&sparams=expire%2Cei%2Cip%2Cid%2Caitags%2Csource%2Crequiressl%2Cgcr%2Cvprv%2Cmime%2Cns%2Cgir%2Cclen%2Cdur%2Clmt&lsparams=mh%2Cmm%2Cmn%2Cms%2Cmv%2Cmvi%2Cpcm2cms%2Cpl%2Cinitcwndbps&lsig=AG3C_xAwRAIgeTzDNLxk3aiXxrdDAlHR019xC5GrrMB4PLBUhN7KOxgCIA9FHYQZJY5329WSBw2gRP-tJsnwbdKy3Rko7-mIWrgL&sig=AOq0QJ8wRQIgTouY2aKjfPwnV2lyK0MeP3KbVCbdQCTtfaoNz4Zun_4CIQDEH27nrQH3bzdF3R_FU6XtgxXFpR53mytxzAwyLbpWrQ==&ratebypass=yes", "player_url": "/s/player/62f90c99/player_ias.vflset/en_US/base.js", "ext": "webm", "height": 1080, "format_note": "1080p", "vcodec": "vp9", "asr": null, "filesize": 9578365, "fps": 25, "tbr": 555.52, "width": 1080, "acodec": "none", "downloader_options": {"http_chunk_size": 10485760}, "format": "248 - 1080x1080 (1080p)", "protocol": "https", "http_headers": {"User-Agent": "Mozilla/5.0 (Windows NT 10.0; Win64; x64) AppleWebKit/537.36 (KHTML, like Gecko) Chrome/70.0.3538.112 Safari/537.36", "Accept-Charset": "ISO-8859-1,utf-8;q=0.7,*;q=0.7", "Accept": "text/html,application/xhtml+xml,application/xml;q=0.9,*/*;q=0.8", "Accept-Encoding": "gzip, deflate", "Accept-Language": "en-us,en;q=0.5"}}, {"format_id": "137", "url": "https://r5---sn-5njj-u2xe.googlevideo.com/videoplayback?expire=1608123793&ei=MLHZX6HpNYOerQSyqrWABg&ip=140.109.135.166&id=o-ADzU4zfKmP_RXbjKwc1PF-snB33ehkSw_xNVqL2uINsv&itag=137&aitags=133%2C134%2C135%2C136%2C137%2C160%2C242%2C243%2C244%2C247%2C248%2C278&source=youtube&requiressl=yes&mh=C_&mm=31%2C29&mn=sn-5njj-u2xe%2Csn-un57sn7s&ms=au%2Crdu&mv=m&mvi=5&pcm2cms=yes&pl=16&gcr=tw&initcwndbps=385000&vprv=1&mime=video%2Fmp4&ns=BTA6AwiFSbYkEv6_gYv8kWAF&gir=yes&clen=11985255&dur=138.840&lmt=1601028559221347&mt=1608101795&fvip=5&keepalive=yes&c=WEB&txp=2311222&n=9v7An0m5I99mCTNRt&sparams=expire%2Cei%2Cip%2Cid%2Caitags%2Csource%2Crequiressl%2Cgcr%2Cvprv%2Cmime%2Cns%2Cgir%2Cclen%2Cdur%2Clmt&lsparams=mh%2Cmm%2Cmn%2Cms%2Cmv%2Cmvi%2Cpcm2cms%2Cpl%2Cinitcwndbps&lsig=AG3C_xAwRgIhAO8mVDztDCfJLdV92MdpEMSMEWEuYdH3GEbWhsIBT10vAiEAiJOXrUTz5XSExB_TK9yiRY5NrHWiWhesC3DLvdgsM-E%3D&sig=AOq0QJ8wRQIgD-lu_LitZ5PK1iA6306ZKFgwtIZEaCud0pS87MXPd-MCIQD9xBAsXbhGNzzTefoqDPQM5FmQwa20jVYltQRZDS5sag==&ratebypass=yes", "player_url": "/s/player/62f90c99/player_ias.vflset/en_US/base.js", "ext": "mp4", "height": 1080, "format_note": "1080p", "vcodec": "avc1.640020", "asr": null, "filesize": 11985255, "fps": 25, "tbr": 698.932, "width": 1080, "acodec": "none", "downloader_options": {"http_chunk_size": 10485760}, "format": "137 - 1080x1080 (1080p)", "protocol": "https", "http_headers": {"User-Agent": "Mozilla/5.0 (Windows NT 10.0; Win64; x64) AppleWebKit/537.36 (KHTML, like Gecko) Chrome/70.0.3538.112 Safari/537.36", "Accept-Charset": "ISO-8859-1,utf-8;q=0.7,*;q=0.7", "Accept": "text/html,application/xhtml+xml,application/xml;q=0.9,*/*;q=0.8", "Accept-Encoding": "gzip, deflate", "Accept-Language": "en-us,en;q=0.5"}}, {"format_id": "18", "url": "https://r5---sn-5njj-u2xe.googlevideo.com/videoplayback?expire=1608123793&ei=MLHZX6HpNYOerQSyqrWABg&ip=140.109.135.166&id=o-ADzU4zfKmP_RXbjKwc1PF-snB33ehkSw_xNVqL2uINsv&itag=18&source=youtube&requiressl=yes&mh=C_&mm=31%2C29&mn=sn-5njj-u2xe%2Csn-un57sn7s&ms=au%2Crdu&mv=m&mvi=5&pcm2cms=yes&pl=16&gcr=tw&initcwndbps=385000&vprv=1&mime=video%2Fmp4&ns=0vA1V0dVXSf2iXxPR3F3lIoF&gir=yes&clen=3150461&ratebypass=yes&dur=138.901&lmt=1601028274986172&mt=1608101795&fvip=5&c=WEB&txp=2310222&n=yjPJ_h5FDwNWXM2-Q&sparams=expire%2Cei%2Cip%2Cid%2Citag%2Csource%2Crequiressl%2Cgcr%2Cvprv%2Cmime%2Cns%2Cgir%2Cclen%2Cratebypass%2Cdur%2Clmt&lsparams=mh%2Cmm%2Cmn%2Cms%2Cmv%2Cmvi%2Cpcm2cms%2Cpl%2Cinitcwndbps&lsig=AG3C_xAwRQIhAOIzzb3M_QbcNjnJ59tUSDh7cSE0N-Eu6t4V4NrF-ftsAiBzbp9QubOxPBfFWO7nG8Aw4Ods-O7dKel_rlyIGO5SSg%3D%3D&sig=AOq0QJ8wRAIgIWqH1s-pPssUmLlDmpGN8CEipEUiWkftRHsDsFN8xtQCIErOkCIf67GEflDHKY2qBMRWyoHOt94Pmqt1-O6OnI7u", "player_url": "/s/player/62f90c99/player_ias.vflset/en_US/base.js", "ext": "mp4", "width": 360, "height": 360, "acodec": "mp4a.40.2", "abr": 96, "vcodec": "avc1.42001E", "asr": 44100, "filesize": 3150461, "format_note": "360p", "fps": 25, "tbr": 181.53, "format": "18 - 360x360 (360p)", "protocol": "https", "http_headers": {"User-Agent": "Mozilla/5.0 (Windows NT 10.0; Win64; x64) AppleWebKit/537.36 (KHTML, like Gecko) Chrome/70.0.3538.112 Safari/537.36", "Accept-Charset": "ISO-8859-1,utf-8;q=0.7,*;q=0.7", "Accept": "text/html,application/xhtml+xml,application/xml;q=0.9,*/*;q=0.8", "Accept-Encoding": "gzip, deflate", "Accept-Language": "en-us,en;q=0.5"}}], "is_live": null, "start_time": null, "end_time": null, "series": null, "season_number": null, "episode_number": null, "track": "Striding Forwards", "artist": "Matthew-Keane Q Wang", "album": "Forgotten Road", "release_date": "20201009", "release_year": 2020, "extractor": "youtube", "webpage_url_basename": "watch", "extractor_key": "Youtube", "playlist": null, "playlist_index": null, "thumbnail": "https://i.ytimg.com/vi_webp/Tjno89OVuRI/maxresdefault.webp", "display_id": "Tjno89OVuRI", "requested_subtitles": null, "format_id": "251", "url": "https://r5---sn-5njj-u2xe.googlevideo.com/videoplayback?expire=1608123793&ei=MLHZX6HpNYOerQSyqrWABg&ip=140.109.135.166&id=o-ADzU4zfKmP_RXbjKwc1PF-snB33ehkSw_xNVqL2uINsv&itag=251&source=youtube&requiressl=yes&mh=C_&mm=31%2C29&mn=sn-5njj-u2xe%2Csn-un57sn7s&ms=au%2Crdu&mv=m&mvi=5&pcm2cms=yes&pl=16&gcr=tw&initcwndbps=385000&vprv=1&mime=audio%2Fwebm&ns=BTA6AwiFSbYkEv6_gYv8kWAF&gir=yes&clen=2651538&dur=138.861&lmt=1601029045189813&mt=1608101795&fvip=5&keepalive=yes&c=WEB&txp=2311224&n=9v7An0m5I99mCTNRt&sparams=expire%2Cei%2Cip%2Cid%2Citag%2Csource%2Crequiressl%2Cgcr%2Cvprv%2Cmime%2Cns%2Cgir%2Cclen%2Cdur%2Clmt&lsparams=mh%2Cmm%2Cmn%2Cms%2Cmv%2Cmvi%2Cpcm2cms%2Cpl%2Cinitcwndbps&lsig=AG3C_xAwRQIgRL7zTXakc4KEDlI7uKTilzB4gC4k5POl3F_VGnS_0GICIQCtY5pPp5WDziQiP8Uuhf9g_g25WXxtlJLHYl1w7ezSsg%3D%3D&sig=AOq0QJ8wRgIhAIjK1N-I62QNWdCmZxTUO01RW__z4J7ghybbdfTf1tJaAiEAk4zeA_6foS1M5lYz8UiAj_DcBH6tzAYEBu0B_w1snmA=&ratebypass=yes", "player_url": "/s/player/62f90c99/player_ias.vflset/en_US/base.js", "ext": "webm", "format_note": "tiny", "acodec": "opus", "abr": 160, "asr": 48000, "filesize": 2651538, "fps": null, "height": null, "tbr": 159.023, "width": null, "vcodec": "none", "downloader_options": {"http_chunk_size": 10485760}, "format": "251 - audio only (tiny)", "protocol": "https", "http_headers": {"User-Agent": "Mozilla/5.0 (Windows NT 10.0; Win64; x64) AppleWebKit/537.36 (KHTML, like Gecko) Chrome/70.0.3538.112 Safari/537.36", "Accept-Charset": "ISO-8859-1,utf-8;q=0.7,*;q=0.7", "Accept": "text/html,application/xhtml+xml,application/xml;q=0.9,*/*;q=0.8", "Accept-Encoding": "gzip, deflate", "Accept-Language": "en-us,en;q=0.5"}}