{"id": "UaYYMRkHMYc", "uploader": "StephanMoccioVEVO", "uploader_id": "StephanMoccioVEVO", "uploader_url": "http://www.youtube.com/user/StephanMoccioVEVO", "channel_id": "UC6xXRXjuZsVJMF1LkZ75Yig", "channel_url": "http://www.youtube.com/channel/UC6xXRXjuZsVJMF1LkZ75Yig", "upload_date": "20200515", "license": null, "creator": "Stephan Moccio", "title": "Stephan Moccio - Sea Change (Visualiser)", "alt_title": "Sea Change", "thumbnails": [{"url": "https://i.ytimg.com/vi/UaYYMRkHMYc/hqdefault.jpg?sqp=-oaymwEYCKgBEF5IVfKriqkDCwgBFQAAiEIYAXAB&rs=AOn4CLAGZ2ASfH8h4dPCnKhlNF40kq-_ag", "width": 168, "height": 94, "resolution": "168x94", "id": "0"}, {"url": "https://i.ytimg.com/vi/UaYYMRkHMYc/hqdefault.jpg?sqp=-oaymwEYCMQBEG5IVfKriqkDCwgBFQAAiEIYAXAB&rs=AOn4CLDquBjVqZa0pf6b5VhcwmdPbI2n7w", "width": 196, "height": 110, "resolution": "196x110", "id": "1"}, {"url": "https://i.ytimg.com/vi/UaYYMRkHMYc/hqdefault.jpg?sqp=-oaymwEZCPYBEIoBSFXyq4qpAwsIARUAAIhCGAFwAQ==&rs=AOn4CLAHH1AZJ6orIvyNkRfLi0z7FjTJlw", "width": 246, "height": 138, "resolution": "246x138", "id": "2"}, {"url": "https://i.ytimg.com/vi/UaYYMRkHMYc/hqdefault.jpg?sqp=-oaymwEZCNACELwBSFXyq4qpAwsIARUAAIhCGAFwAQ==&rs=AOn4CLDe2DYV34s-q889Hu4OPVGauJsTBw", "width": 336, "height": 188, "resolution": "336x188", "id": "3"}, {"url": "https://i.ytimg.com/vi/UaYYMRkHMYc/maxresdefault.jpg", "width": 1920, "height": 1080, "resolution": "1920x1080", "id": "4"}], "description": "Pre-order Stephan's new album: https://stephanmoccio.lnk.to/TalesOfSolace1ID\nStay in touch! Newsletter sign up: https://StephanMoccio.lnk.to/NewsletterID \n\nFollow Stephan Moccio\nFacebook: https://www.facebook.com/Stephan-Moccio-315674286826/\nInstagram: https://www.instagram.com/stephanmoccio/\nTwitter: https://twitter.com/stephanmoccio\n\n\nMusic video by Stephan Moccio performing Sea Change (Visualiser). \u00a9 2020 Universal Music Operations Limited\n\nhttp://vevo.ly/QJF7he", "categories": ["Music"], "tags": ["Stephan", "Moccio", "Sea", "Change", "(Visualiser)", "Decca", "(UMO)", "(Classics)", "Classical", "Crossover"], "subtitles": {}, "automatic_captions": {}, "duration": 173, "age_limit": 0, "annotations": null, "chapters": null, "webpage_url": "https://www.youtube.com/watch?v=UaYYMRkHMYc", "view_count": 18548, "like_count": 382, "dislike_count": 9, "average_rating": 4.9079285, "formats": [{"format_id": "140", "url": "https://r7---sn-5njj-u2xl.googlevideo.com/videoplayback?expire=1609159331&ei=Q37pX7zQCsrHgAPH5piwAg&ip=140.109.135.166&id=o-AFgK9-SBh_eTJVekVZ8VsMjXo8-zq-crEG6aKRkW7IPg&itag=140&source=youtube&requiressl=yes&mh=0E&mm=31%2C29&mn=sn-5njj-u2xl%2Csn-un57sn76&ms=au%2Crdu&mv=m&mvi=7&pl=16&gcr=tw&initcwndbps=375000&vprv=1&mime=audio%2Fmp4&ns=XPRJmJZtd_YAg7aSukEWWucF&gir=yes&clen=2797366&dur=172.802&lmt=1589450251050917&mt=1609137405&fvip=5&keepalive=yes&c=WEB&txp=2111222&n=XhPQPoOYzZjCkelX&sparams=expire%2Cei%2Cip%2Cid%2Citag%2Csource%2Crequiressl%2Cgcr%2Cvprv%2Cmime%2Cns%2Cgir%2Cclen%2Cdur%2Clmt&lsparams=mh%2Cmm%2Cmn%2Cms%2Cmv%2Cmvi%2Cpl%2Cinitcwndbps&lsig=AG3C_xAwRAIgQfz0CqdtRHDfCObN3rsyQTBLZwg7M1ftupUVPRSIl2wCIEHVapQ0xZUaF72KN9kS0ExZFeo9T2GxxoaHi1q_q9YR&sig=AOq0QJ8wRgIhAJy1gYHW46PXaj4n1FxoC2am8DhfBDpBrFTX_WaYJ0CvAiEAplrBjrhOCddIxbbyWO001cSznVKTo54C7nK4gZukzV0=&ratebypass=yes", "player_url": "/s/player/5dd3f3b2/player_ias.vflset/en_US/base.js", "ext": "m4a", "format_note": "tiny", "acodec": "mp4a.40.2", "abr": 128, "container": "m4a_dash", "asr": 44100, "filesize": 2797366, "fps": null, "height": null, "tbr": 130.466, "width": null, "vcodec": "none", "downloader_options": {"http_chunk_size": 10485760}, "format": "140 - audio only (tiny)", "protocol": "https", "http_headers": {"User-Agent": "Mozilla/5.0 (Windows NT 10.0; Win64; x64) AppleWebKit/537.36 (KHTML, like Gecko) Chrome/70.0.3538.61 Safari/537.36", "Accept-Charset": "ISO-8859-1,utf-8;q=0.7,*;q=0.7", "Accept": "text/html,application/xhtml+xml,application/xml;q=0.9,*/*;q=0.8", "Accept-Encoding": "gzip, deflate", "Accept-Language": "en-us,en;q=0.5"}}, {"format_id": "251", "url": "https://r7---sn-5njj-u2xl.googlevideo.com/videoplayback?expire=1609159331&ei=Q37pX7zQCsrHgAPH5piwAg&ip=140.109.135.166&id=o-AFgK9-SBh_eTJVekVZ8VsMjXo8-zq-crEG6aKRkW7IPg&itag=251&source=youtube&requiressl=yes&mh=0E&mm=31%2C29&mn=sn-5njj-u2xl%2Csn-un57sn76&ms=au%2Crdu&mv=m&mvi=7&pl=16&gcr=tw&initcwndbps=375000&vprv=1&mime=audio%2Fwebm&ns=XPRJmJZtd_YAg7aSukEWWucF&gir=yes&clen=2863377&dur=172.781&lmt=1589450246543603&mt=1609137405&fvip=5&keepalive=yes&c=WEB&txp=2111222&n=XhPQPoOYzZjCkelX&sparams=expire%2Cei%2Cip%2Cid%2Citag%2Csource%2Crequiressl%2Cgcr%2Cvprv%2Cmime%2Cns%2Cgir%2Cclen%2Cdur%2Clmt&lsparams=mh%2Cmm%2Cmn%2Cms%2Cmv%2Cmvi%2Cpl%2Cinitcwndbps&lsig=AG3C_xAwRQIhALyf2GQH3r727YeLMRifbz6wOGovosuPRCL-RpQbB2RKAiAV5-Wbwy5ooPjbqrPQ75KlgUSF3_qHKKODs39AoZpuYw%3D%3D&sig=AOq0QJ8wRAIgem3u1tCQ84nw6i2OiaZvqxNUbgI2ZHBg01lfpgyuIRMCICLvxjNIgzlh_woDX6QaV1XZ1djEU2gGb7Rq9wGf3_c7&ratebypass=yes", "player_url": "/s/player/5dd3f3b2/player_ias.vflset/en_US/base.js", "ext": "webm", "format_note": "tiny", "acodec": "opus", "abr": 160, "asr": 48000, "filesize": 2863377, "fps": null, "height": null, "tbr": 140.149, "width": null, "vcodec": "none", "downloader_options": {"http_chunk_size": 10485760}, "format": "251 - audio only (tiny)", "protocol": "https", "http_headers": {"User-Agent": "Mozilla/5.0 (Windows NT 10.0; Win64; x64) AppleWebKit/537.36 (KHTML, like Gecko) Chrome/70.0.3538.61 Safari/537.36", "Accept-Charset": "ISO-8859-1,utf-8;q=0.7,*;q=0.7", "Accept": "text/html,application/xhtml+xml,application/xml;q=0.9,*/*;q=0.8", "Accept-Encoding": "gzip, deflate", "Accept-Language": "en-us,en;q=0.5"}}, {"format_id": "160", "url": "https://r7---sn-5njj-u2xl.googlevideo.com/videoplayback?expire=1609159331&ei=Q37pX7zQCsrHgAPH5piwAg&ip=140.109.135.166&id=o-AFgK9-SBh_eTJVekVZ8VsMjXo8-zq-crEG6aKRkW7IPg&itag=160&aitags=133%2C134%2C135%2C136%2C137%2C160%2C242%2C243%2C244%2C247%2C248%2C278&source=youtube&requiressl=yes&mh=0E&mm=31%2C29&mn=sn-5njj-u2xl%2Csn-un57sn76&ms=au%2Crdu&mv=m&mvi=7&pl=16&gcr=tw&initcwndbps=375000&vprv=1&mime=video%2Fmp4&ns=XPRJmJZtd_YAg7aSukEWWucF&gir=yes&clen=488634&dur=172.739&lmt=1589450254060203&mt=1609137405&fvip=5&keepalive=yes&c=WEB&txp=2116222&n=XhPQPoOYzZjCkelX&sparams=expire%2Cei%2Cip%2Cid%2Caitags%2Csource%2Crequiressl%2Cgcr%2Cvprv%2Cmime%2Cns%2Cgir%2Cclen%2Cdur%2Clmt&lsparams=mh%2Cmm%2Cmn%2Cms%2Cmv%2Cmvi%2Cpl%2Cinitcwndbps&lsig=AG3C_xAwRgIhAOgJnUE9l0UxJYB7XOBVTpFKHWcWl9c0c8gTTSAeg1OTAiEA4e-sEBki8Ym-nVPsv3uVDCkMXP8XtwdwpsNKCn0IFaw%3D&sig=AOq0QJ8wRgIhAOwUOsyQb_dBGxhkydlCc5eNd-C53MjO9raZGXBRD4S4AiEA13US0EBJPxFQmhRY68veTKfP6ayoyJMtf0XCVsbTEvM=&ratebypass=yes", "player_url": "/s/player/5dd3f3b2/player_ias.vflset/en_US/base.js", "ext": "mp4", "height": 144, "format_note": "144p", "vcodec": "avc1.4d400c", "asr": null, "filesize": 488634, "fps": 30, "tbr": 24.656, "width": 256, "acodec": "none", "downloader_options": {"http_chunk_size": 10485760}, "format": "160 - 256x144 (144p)", "protocol": "https", "http_headers": {"User-Agent": "Mozilla/5.0 (Windows NT 10.0; Win64; x64) AppleWebKit/537.36 (KHTML, like Gecko) Chrome/70.0.3538.61 Safari/537.36", "Accept-Charset": "ISO-8859-1,utf-8;q=0.7,*;q=0.7", "Accept": "text/html,application/xhtml+xml,application/xml;q=0.9,*/*;q=0.8", "Accept-Encoding": "gzip, deflate", "Accept-Language": "en-us,en;q=0.5"}}, {"format_id": "278", "url": "https://r7---sn-5njj-u2xl.googlevideo.com/videoplayback?expire=1609159331&ei=Q37pX7zQCsrHgAPH5piwAg&ip=140.109.135.166&id=o-AFgK9-SBh_eTJVekVZ8VsMjXo8-zq-crEG6aKRkW7IPg&itag=278&aitags=133%2C134%2C135%2C136%2C137%2C160%2C242%2C243%2C244%2C247%2C248%2C278&source=youtube&requiressl=yes&mh=0E&mm=31%2C29&mn=sn-5njj-u2xl%2Csn-un57sn76&ms=au%2Crdu&mv=m&mvi=7&pl=16&gcr=tw&initcwndbps=375000&vprv=1&mime=video%2Fwebm&ns=XPRJmJZtd_YAg7aSukEWWucF&gir=yes&clen=547040&dur=172.739&lmt=1589450840426380&mt=1609137405&fvip=5&keepalive=yes&c=WEB&txp=1116222&n=XhPQPoOYzZjCkelX&sparams=expire%2Cei%2Cip%2Cid%2Caitags%2Csource%2Crequiressl%2Cgcr%2Cvprv%2Cmime%2Cns%2Cgir%2Cclen%2Cdur%2Clmt&lsparams=mh%2Cmm%2Cmn%2Cms%2Cmv%2Cmvi%2Cpl%2Cinitcwndbps&lsig=AG3C_xAwRAIgRmuZgGQW6a8C0KgviTVAxCYrWFbP0-ntXlbZbrd94doCIBWVA-TTpnKw_EG9b_xMMEls8soD52Wa85Dsk8NLSMwA&sig=AOq0QJ8wRAIgbYdW1W1eFVbA-jBMkGonFGuLoY4wLmmnfF1ACoJAct0CIDPzQLN75RJkhxmIGDEbODtrBDAiTrbFNoFzw3WnLaZm&ratebypass=yes", "player_url": "/s/player/5dd3f3b2/player_ias.vflset/en_US/base.js", "ext": "webm", "height": 144, "format_note": "144p", "container": "webm", "vcodec": "vp9", "asr": null, "filesize": 547040, "fps": 30, "tbr": 27.692, "width": 256, "acodec": "none", "downloader_options": {"http_chunk_size": 10485760}, "format": "278 - 256x144 (144p)", "protocol": "https", "http_headers": {"User-Agent": "Mozilla/5.0 (Windows NT 10.0; Win64; x64) AppleWebKit/537.36 (KHTML, like Gecko) Chrome/70.0.3538.61 Safari/537.36", "Accept-Charset": "ISO-8859-1,utf-8;q=0.7,*;q=0.7", "Accept": "text/html,application/xhtml+xml,application/xml;q=0.9,*/*;q=0.8", "Accept-Encoding": "gzip, deflate", "Accept-Language": "en-us,en;q=0.5"}}, {"format_id": "242", "url": "https://r7---sn-5njj-u2xl.googlevideo.com/videoplayback?expire=1609159331&ei=Q37pX7zQCsrHgAPH5piwAg&ip=140.109.135.166&id=o-AFgK9-SBh_eTJVekVZ8VsMjXo8-zq-crEG6aKRkW7IPg&itag=242&aitags=133%2C134%2C135%2C136%2C137%2C160%2C242%2C243%2C244%2C247%2C248%2C278&source=youtube&requiressl=yes&mh=0E&mm=31%2C29&mn=sn-5njj-u2xl%2Csn-un57sn76&ms=au%2Crdu&mv=m&mvi=7&pl=16&gcr=tw&initcwndbps=375000&vprv=1&mime=video%2Fwebm&ns=XPRJmJZtd_YAg7aSukEWWucF&gir=yes&clen=783090&dur=172.739&lmt=1589450840431254&mt=1609137405&fvip=5&keepalive=yes&c=WEB&txp=1116222&n=XhPQPoOYzZjCkelX&sparams=expire%2Cei%2Cip%2Cid%2Caitags%2Csource%2Crequiressl%2Cgcr%2Cvprv%2Cmime%2Cns%2Cgir%2Cclen%2Cdur%2Clmt&lsparams=mh%2Cmm%2Cmn%2Cms%2Cmv%2Cmvi%2Cpl%2Cinitcwndbps&lsig=AG3C_xAwRAIgTXtt-MieS5PUflr_zLmUxAE2y68K2u6kXVxBk42Sn4UCICfu9HlGqa3byTfXxc5G5AR0BOrwmHF-QpE7Bs7g4Na9&sig=AOq0QJ8wRQIhAKOZlyzNf9ufdX5G9_uqFKj9qQD15TVV0-n1xvXKgFuUAiB6PDmYPKXyA8Ej4Gj5xSmHACwxxK23Z_Mwc8wmg5E3Cw==&ratebypass=yes", "player_url": "/s/player/5dd3f3b2/player_ias.vflset/en_US/base.js", "ext": "webm", "height": 240, "format_note": "240p", "vcodec": "vp9", "asr": null, "filesize": 783090, "fps": 30, "tbr": 40.96, "width": 426, "acodec": "none", "downloader_options": {"http_chunk_size": 10485760}, "format": "242 - 426x240 (240p)", "protocol": "https", "http_headers": {"User-Agent": "Mozilla/5.0 (Windows NT 10.0; Win64; x64) AppleWebKit/537.36 (KHTML, like Gecko) Chrome/70.0.3538.61 Safari/537.36", "Accept-Charset": "ISO-8859-1,utf-8;q=0.7,*;q=0.7", "Accept": "text/html,application/xhtml+xml,application/xml;q=0.9,*/*;q=0.8", "Accept-Encoding": "gzip, deflate", "Accept-Language": "en-us,en;q=0.5"}}, {"format_id": "133", "url": "https://r7---sn-5njj-u2xl.googlevideo.com/videoplayback?expire=1609159331&ei=Q37pX7zQCsrHgAPH5piwAg&ip=140.109.135.166&id=o-AFgK9-SBh_eTJVekVZ8VsMjXo8-zq-crEG6aKRkW7IPg&itag=133&aitags=133%2C134%2C135%2C136%2C137%2C160%2C242%2C243%2C244%2C247%2C248%2C278&source=youtube&requiressl=yes&mh=0E&mm=31%2C29&mn=sn-5njj-u2xl%2Csn-un57sn76&ms=au%2Crdu&mv=m&mvi=7&pl=16&gcr=tw&initcwndbps=375000&vprv=1&mime=video%2Fmp4&ns=XPRJmJZtd_YAg7aSukEWWucF&gir=yes&clen=1040537&dur=172.739&lmt=1589450254060349&mt=1609137405&fvip=5&keepalive=yes&c=WEB&txp=2116222&n=XhPQPoOYzZjCkelX&sparams=expire%2Cei%2Cip%2Cid%2Caitags%2Csource%2Crequiressl%2Cgcr%2Cvprv%2Cmime%2Cns%2Cgir%2Cclen%2Cdur%2Clmt&lsparams=mh%2Cmm%2Cmn%2Cms%2Cmv%2Cmvi%2Cpl%2Cinitcwndbps&lsig=AG3C_xAwRgIhAO---MwVTwJtnwFxcvLmfxAmrSUHNgF1lKQvf5-6a6v1AiEA4Nc11YVqU-7nRGBBKU_WfrvjiuK3Qo9Q4azYhx16p8Y%3D&sig=AOq0QJ8wRQIgNq18PShotOSLazd07xjMzp-ifUQ73mTZ_0ACxxFHO7MCIQD5-q4quJRdjqzNHdsO9WWx8OL-_cvwmM1KW71eT1xKmg==&ratebypass=yes", "player_url": "/s/player/5dd3f3b2/player_ias.vflset/en_US/base.js", "ext": "mp4", "height": 240, "format_note": "240p", "vcodec": "avc1.4d4015", "asr": null, "filesize": 1040537, "fps": 30, "tbr": 56.498, "width": 426, "acodec": "none", "downloader_options": {"http_chunk_size": 10485760}, "format": "133 - 426x240 (240p)", "protocol": "https", "http_headers": {"User-Agent": "Mozilla/5.0 (Windows NT 10.0; Win64; x64) AppleWebKit/537.36 (KHTML, like Gecko) Chrome/70.0.3538.61 Safari/537.36", "Accept-Charset": "ISO-8859-1,utf-8;q=0.7,*;q=0.7", "Accept": "text/html,application/xhtml+xml,application/xml;q=0.9,*/*;q=0.8", "Accept-Encoding": "gzip, deflate", "Accept-Language": "en-us,en;q=0.5"}}, {"format_id": "243", "url": "https://r7---sn-5njj-u2xl.googlevideo.com/videoplayback?expire=1609159331&ei=Q37pX7zQCsrHgAPH5piwAg&ip=140.109.135.166&id=o-AFgK9-SBh_eTJVekVZ8VsMjXo8-zq-crEG6aKRkW7IPg&itag=243&aitags=133%2C134%2C135%2C136%2C137%2C160%2C242%2C243%2C244%2C247%2C248%2C278&source=youtube&requiressl=yes&mh=0E&mm=31%2C29&mn=sn-5njj-u2xl%2Csn-un57sn76&ms=au%2Crdu&mv=m&mvi=7&pl=16&gcr=tw&initcwndbps=375000&vprv=1&mime=video%2Fwebm&ns=XPRJmJZtd_YAg7aSukEWWucF&gir=yes&clen=1400675&dur=172.739&lmt=1589450840433155&mt=1609137405&fvip=5&keepalive=yes&c=WEB&txp=1116222&n=XhPQPoOYzZjCkelX&sparams=expire%2Cei%2Cip%2Cid%2Caitags%2Csource%2Crequiressl%2Cgcr%2Cvprv%2Cmime%2Cns%2Cgir%2Cclen%2Cdur%2Clmt&lsparams=mh%2Cmm%2Cmn%2Cms%2Cmv%2Cmvi%2Cpl%2Cinitcwndbps&lsig=AG3C_xAwRAIgfQTbQu35gDUHFWq1dL59ZVeN-BMVVCfKVSpMYMRw1x8CIH9a4kkaxkQUt7J_um5UxQl_V-tBsu-d8P6cg_bZMJ3A&sig=AOq0QJ8wRQIhAJ7xaenNZ2gUjfGPbccen7EKxRgipLg_ReSuNQDHf7BjAiAp4oiImZrJK5VXdzWFBd9_MkfCUljZW4VIotwNDC6Ufg==&ratebypass=yes", "player_url": "/s/player/5dd3f3b2/player_ias.vflset/en_US/base.js", "ext": "webm", "height": 360, "format_note": "360p", "vcodec": "vp9", "asr": null, "filesize": 1400675, "fps": 30, "tbr": 76.516, "width": 640, "acodec": "none", "downloader_options": {"http_chunk_size": 10485760}, "format": "243 - 640x360 (360p)", "protocol": "https", "http_headers": {"User-Agent": "Mozilla/5.0 (Windows NT 10.0; Win64; x64) AppleWebKit/537.36 (KHTML, like Gecko) Chrome/70.0.3538.61 Safari/537.36", "Accept-Charset": "ISO-8859-1,utf-8;q=0.7,*;q=0.7", "Accept": "text/html,application/xhtml+xml,application/xml;q=0.9,*/*;q=0.8", "Accept-Encoding": "gzip, deflate", "Accept-Language": "en-us,en;q=0.5"}}, {"format_id": "134", "url": "https://r7---sn-5njj-u2xl.googlevideo.com/videoplayback?expire=1609159331&ei=Q37pX7zQCsrHgAPH5piwAg&ip=140.109.135.166&id=o-AFgK9-SBh_eTJVekVZ8VsMjXo8-zq-crEG6aKRkW7IPg&itag=134&aitags=133%2C134%2C135%2C136%2C137%2C160%2C242%2C243%2C244%2C247%2C248%2C278&source=youtube&requiressl=yes&mh=0E&mm=31%2C29&mn=sn-5njj-u2xl%2Csn-un57sn76&ms=au%2Crdu&mv=m&mvi=7&pl=16&gcr=tw&initcwndbps=375000&vprv=1&mime=video%2Fmp4&ns=XPRJmJZtd_YAg7aSukEWWucF&gir=yes&clen=1914893&dur=172.739&lmt=1589450254063802&mt=1609137405&fvip=5&keepalive=yes&c=WEB&txp=2116222&n=XhPQPoOYzZjCkelX&sparams=expire%2Cei%2Cip%2Cid%2Caitags%2Csource%2Crequiressl%2Cgcr%2Cvprv%2Cmime%2Cns%2Cgir%2Cclen%2Cdur%2Clmt&lsparams=mh%2Cmm%2Cmn%2Cms%2Cmv%2Cmvi%2Cpl%2Cinitcwndbps&lsig=AG3C_xAwRAIgRQ472MgbKbg4EJLkrdekzSGyYcjxUk5bk3f2DgsPwXsCIEHFufvu_UyCZhaj_l58V2nNbeOhEu5XBVplMZpxYbb9&sig=AOq0QJ8wRAIgWWH4cbXYrhd4faStGD_OsNYe2c-ZaBvwTSqxLYgQcdMCIFV3gOM9PowEbbmFjctvSUPqfnaFsrfr3IQGf0qsWA3Q&ratebypass=yes", "player_url": "/s/player/5dd3f3b2/player_ias.vflset/en_US/base.js", "ext": "mp4", "height": 360, "format_note": "360p", "vcodec": "avc1.4d401e", "asr": null, "filesize": 1914893, "fps": 30, "tbr": 105.253, "width": 640, "acodec": "none", "downloader_options": {"http_chunk_size": 10485760}, "format": "134 - 640x360 (360p)", "protocol": "https", "http_headers": {"User-Agent": "Mozilla/5.0 (Windows NT 10.0; Win64; x64) AppleWebKit/537.36 (KHTML, like Gecko) Chrome/70.0.3538.61 Safari/537.36", "Accept-Charset": "ISO-8859-1,utf-8;q=0.7,*;q=0.7", "Accept": "text/html,application/xhtml+xml,application/xml;q=0.9,*/*;q=0.8", "Accept-Encoding": "gzip, deflate", "Accept-Language": "en-us,en;q=0.5"}}, {"format_id": "244", "url": "https://r7---sn-5njj-u2xl.googlevideo.com/videoplayback?expire=1609159331&ei=Q37pX7zQCsrHgAPH5piwAg&ip=140.109.135.166&id=o-AFgK9-SBh_eTJVekVZ8VsMjXo8-zq-crEG6aKRkW7IPg&itag=244&aitags=133%2C134%2C135%2C136%2C137%2C160%2C242%2C243%2C244%2C247%2C248%2C278&source=youtube&requiressl=yes&mh=0E&mm=31%2C29&mn=sn-5njj-u2xl%2Csn-un57sn76&ms=au%2Crdu&mv=m&mvi=7&pl=16&gcr=tw&initcwndbps=375000&vprv=1&mime=video%2Fwebm&ns=XPRJmJZtd_YAg7aSukEWWucF&gir=yes&clen=2263449&dur=172.739&lmt=1589450840434939&mt=1609137405&fvip=5&keepalive=yes&c=WEB&txp=1116222&n=XhPQPoOYzZjCkelX&sparams=expire%2Cei%2Cip%2Cid%2Caitags%2Csource%2Crequiressl%2Cgcr%2Cvprv%2Cmime%2Cns%2Cgir%2Cclen%2Cdur%2Clmt&lsparams=mh%2Cmm%2Cmn%2Cms%2Cmv%2Cmvi%2Cpl%2Cinitcwndbps&lsig=AG3C_xAwRQIhAJLYZOJVqaWAVdPVo80bNJ-JyWzawppgYeVCB7qWg7h-AiAukdyXB0QqNwwZ84er1Dxz5ClMGRdl0fgXcNPq1pGqXQ%3D%3D&sig=AOq0QJ8wRQIgc44orv09aqvZy-J6tkIc9HNQXiil_rFbqlOy_XbGWF0CIQCp7Y-YJJ1_XaJPjyCqJniXumvR7dPthVr8FCitF-CxyQ==&ratebypass=yes", "player_url": "/s/player/5dd3f3b2/player_ias.vflset/en_US/base.js", "ext": "webm", "height": 480, "format_note": "480p", "vcodec": "vp9", "asr": null, "filesize": 2263449, "fps": 30, "tbr": 127.316, "width": 854, "acodec": "none", "downloader_options": {"http_chunk_size": 10485760}, "format": "244 - 854x480 (480p)", "protocol": "https", "http_headers": {"User-Agent": "Mozilla/5.0 (Windows NT 10.0; Win64; x64) AppleWebKit/537.36 (KHTML, like Gecko) Chrome/70.0.3538.61 Safari/537.36", "Accept-Charset": "ISO-8859-1,utf-8;q=0.7,*;q=0.7", "Accept": "text/html,application/xhtml+xml,application/xml;q=0.9,*/*;q=0.8", "Accept-Encoding": "gzip, deflate", "Accept-Language": "en-us,en;q=0.5"}}, {"format_id": "135", "url": "https://r7---sn-5njj-u2xl.googlevideo.com/videoplayback?expire=1609159331&ei=Q37pX7zQCsrHgAPH5piwAg&ip=140.109.135.166&id=o-AFgK9-SBh_eTJVekVZ8VsMjXo8-zq-crEG6aKRkW7IPg&itag=135&aitags=133%2C134%2C135%2C136%2C137%2C160%2C242%2C243%2C244%2C247%2C248%2C278&source=youtube&requiressl=yes&mh=0E&mm=31%2C29&mn=sn-5njj-u2xl%2Csn-un57sn76&ms=au%2Crdu&mv=m&mvi=7&pl=16&gcr=tw&initcwndbps=375000&vprv=1&mime=video%2Fmp4&ns=XPRJmJZtd_YAg7aSukEWWucF&gir=yes&clen=3179936&dur=172.739&lmt=1589450254061050&mt=1609137405&fvip=5&keepalive=yes&c=WEB&txp=2116222&n=XhPQPoOYzZjCkelX&sparams=expire%2Cei%2Cip%2Cid%2Caitags%2Csource%2Crequiressl%2Cgcr%2Cvprv%2Cmime%2Cns%2Cgir%2Cclen%2Cdur%2Clmt&lsparams=mh%2Cmm%2Cmn%2Cms%2Cmv%2Cmvi%2Cpl%2Cinitcwndbps&lsig=AG3C_xAwRQIgf9PSLzv9GO421MrhyI5s-zQDeeGpa5ijrdE4eltqDGoCIQDbQTOzxTteYbrZ4Ntp5UcN2uC--W0rGAco5SIfy_E_9Q%3D%3D&sig=AOq0QJ8wRQIgG-ugycgDB0aY_j2c_wMw8hDiQ1mbB57lKK098DeDaLcCIQDnVfYyHd_F09tSNi7NyOfWcxgw-tzTZMpZvLgeMzSqRg==&ratebypass=yes", "player_url": "/s/player/5dd3f3b2/player_ias.vflset/en_US/base.js", "ext": "mp4", "height": 480, "format_note": "480p", "vcodec": "avc1.4d401f", "asr": null, "filesize": 3179936, "fps": 30, "tbr": 174.969, "width": 854, "acodec": "none", "downloader_options": {"http_chunk_size": 10485760}, "format": "135 - 854x480 (480p)", "protocol": "https", "http_headers": {"User-Agent": "Mozilla/5.0 (Windows NT 10.0; Win64; x64) AppleWebKit/537.36 (KHTML, like Gecko) Chrome/70.0.3538.61 Safari/537.36", "Accept-Charset": "ISO-8859-1,utf-8;q=0.7,*;q=0.7", "Accept": "text/html,application/xhtml+xml,application/xml;q=0.9,*/*;q=0.8", "Accept-Encoding": "gzip, deflate", "Accept-Language": "en-us,en;q=0.5"}}, {"format_id": "247", "url": "https://r7---sn-5njj-u2xl.googlevideo.com/videoplayback?expire=1609159331&ei=Q37pX7zQCsrHgAPH5piwAg&ip=140.109.135.166&id=o-AFgK9-SBh_eTJVekVZ8VsMjXo8-zq-crEG6aKRkW7IPg&itag=247&aitags=133%2C134%2C135%2C136%2C137%2C160%2C242%2C243%2C244%2C247%2C248%2C278&source=youtube&requiressl=yes&mh=0E&mm=31%2C29&mn=sn-5njj-u2xl%2Csn-un57sn76&ms=au%2Crdu&mv=m&mvi=7&pl=16&gcr=tw&initcwndbps=375000&vprv=1&mime=video%2Fwebm&ns=XPRJmJZtd_YAg7aSukEWWucF&gir=yes&clen=4728926&dur=172.739&lmt=1589450840430347&mt=1609137405&fvip=5&keepalive=yes&c=WEB&txp=1116222&n=XhPQPoOYzZjCkelX&sparams=expire%2Cei%2Cip%2Cid%2Caitags%2Csource%2Crequiressl%2Cgcr%2Cvprv%2Cmime%2Cns%2Cgir%2Cclen%2Cdur%2Clmt&lsparams=mh%2Cmm%2Cmn%2Cms%2Cmv%2Cmvi%2Cpl%2Cinitcwndbps&lsig=AG3C_xAwRQIhAPn7cz4af0mHH1T5zKZtRe7Sdhay4PU84T0zix0AlfnmAiBN14FAxDxXUno7uUmuCv_17Jo5L5wLDzKU_d30ajDukQ%3D%3D&sig=AOq0QJ8wRQIgZ3AkIl2N6KOLzCG6sKabjo__TuCqn6fjz7h1i4czaJECIQDdDEuHmznixjRNePOukZbU1f6dppEVY6BZNgV0hT67Rw==&ratebypass=yes", "player_url": "/s/player/5dd3f3b2/player_ias.vflset/en_US/base.js", "ext": "webm", "height": 720, "format_note": "720p", "vcodec": "vp9", "asr": null, "filesize": 4728926, "fps": 30, "tbr": 265.592, "width": 1280, "acodec": "none", "downloader_options": {"http_chunk_size": 10485760}, "format": "247 - 1280x720 (720p)", "protocol": "https", "http_headers": {"User-Agent": "Mozilla/5.0 (Windows NT 10.0; Win64; x64) AppleWebKit/537.36 (KHTML, like Gecko) Chrome/70.0.3538.61 Safari/537.36", "Accept-Charset": "ISO-8859-1,utf-8;q=0.7,*;q=0.7", "Accept": "text/html,application/xhtml+xml,application/xml;q=0.9,*/*;q=0.8", "Accept-Encoding": "gzip, deflate", "Accept-Language": "en-us,en;q=0.5"}}, {"format_id": "136", "url": "https://r7---sn-5njj-u2xl.googlevideo.com/videoplayback?expire=1609159331&ei=Q37pX7zQCsrHgAPH5piwAg&ip=140.109.135.166&id=o-AFgK9-SBh_eTJVekVZ8VsMjXo8-zq-crEG6aKRkW7IPg&itag=136&aitags=133%2C134%2C135%2C136%2C137%2C160%2C242%2C243%2C244%2C247%2C248%2C278&source=youtube&requiressl=yes&mh=0E&mm=31%2C29&mn=sn-5njj-u2xl%2Csn-un57sn76&ms=au%2Crdu&mv=m&mvi=7&pl=16&gcr=tw&initcwndbps=375000&vprv=1&mime=video%2Fmp4&ns=XPRJmJZtd_YAg7aSukEWWucF&gir=yes&clen=6472180&dur=172.739&lmt=1589450254062332&mt=1609137405&fvip=5&keepalive=yes&c=WEB&txp=2116222&n=XhPQPoOYzZjCkelX&sparams=expire%2Cei%2Cip%2Cid%2Caitags%2Csource%2Crequiressl%2Cgcr%2Cvprv%2Cmime%2Cns%2Cgir%2Cclen%2Cdur%2Clmt&lsparams=mh%2Cmm%2Cmn%2Cms%2Cmv%2Cmvi%2Cpl%2Cinitcwndbps&lsig=AG3C_xAwRQIhAL3ZPYv_6DfEpYlk_k10R5iBtOcRQ_khMFnovw2o2vRcAiA6nJ_9caGiZhmzHlFXRvS8AwpKBR-WWGRTVzynabq8Sg%3D%3D&sig=AOq0QJ8wRgIhANTofXp8cHUf9p-ehbtCq2Xlp9TFSnfn2ekCjuhA8ttsAiEA78bDUPTUL-DV5yrN3oOSXG0mfLOCkPX3Hn1OE3r2MjI=&ratebypass=yes", "player_url": "/s/player/5dd3f3b2/player_ias.vflset/en_US/base.js", "ext": "mp4", "height": 720, "format_note": "720p", "vcodec": "avc1.4d401f", "asr": null, "filesize": 6472180, "fps": 30, "tbr": 357.213, "width": 1280, "acodec": "none", "downloader_options": {"http_chunk_size": 10485760}, "format": "136 - 1280x720 (720p)", "protocol": "https", "http_headers": {"User-Agent": "Mozilla/5.0 (Windows NT 10.0; Win64; x64) AppleWebKit/537.36 (KHTML, like Gecko) Chrome/70.0.3538.61 Safari/537.36", "Accept-Charset": "ISO-8859-1,utf-8;q=0.7,*;q=0.7", "Accept": "text/html,application/xhtml+xml,application/xml;q=0.9,*/*;q=0.8", "Accept-Encoding": "gzip, deflate", "Accept-Language": "en-us,en;q=0.5"}}, {"format_id": "248", "url": "https://r7---sn-5njj-u2xl.googlevideo.com/videoplayback?expire=1609159331&ei=Q37pX7zQCsrHgAPH5piwAg&ip=140.109.135.166&id=o-AFgK9-SBh_eTJVekVZ8VsMjXo8-zq-crEG6aKRkW7IPg&itag=248&aitags=133%2C134%2C135%2C136%2C137%2C160%2C242%2C243%2C244%2C247%2C248%2C278&source=youtube&requiressl=yes&mh=0E&mm=31%2C29&mn=sn-5njj-u2xl%2Csn-un57sn76&ms=au%2Crdu&mv=m&mvi=7&pl=16&gcr=tw&initcwndbps=375000&vprv=1&mime=video%2Fwebm&ns=XPRJmJZtd_YAg7aSukEWWucF&gir=yes&clen=7574069&dur=172.739&lmt=1589450840429733&mt=1609137405&fvip=5&keepalive=yes&c=WEB&txp=1116222&n=XhPQPoOYzZjCkelX&sparams=expire%2Cei%2Cip%2Cid%2Caitags%2Csource%2Crequiressl%2Cgcr%2Cvprv%2Cmime%2Cns%2Cgir%2Cclen%2Cdur%2Clmt&lsparams=mh%2Cmm%2Cmn%2Cms%2Cmv%2Cmvi%2Cpl%2Cinitcwndbps&lsig=AG3C_xAwRAIgF8YhvD5w0q3C3KHCmYlm8S8FaPtIPNfp6HViz0SNXSMCIFRCQH-1qeNPJfEN8uD9yUyHj3FAERV__D_207iXD7RP&sig=AOq0QJ8wRQIgDMx9yS6Dc8AsoJXgTYYDWK8Om699tj_bHe74i5vWbEECIQD9Sd9A8WKJa5LHyiWnbHQxy4KBfDua4q-lBfOL0fAmKA==&ratebypass=yes", "player_url": "/s/player/5dd3f3b2/player_ias.vflset/en_US/base.js", "ext": "webm", "height": 1080, "format_note": "1080p", "vcodec": "vp9", "asr": null, "filesize": 7574069, "fps": 30, "tbr": 435.104, "width": 1920, "acodec": "none", "downloader_options": {"http_chunk_size": 10485760}, "format": "248 - 1920x1080 (1080p)", "protocol": "https", "http_headers": {"User-Agent": "Mozilla/5.0 (Windows NT 10.0; Win64; x64) AppleWebKit/537.36 (KHTML, like Gecko) Chrome/70.0.3538.61 Safari/537.36", "Accept-Charset": "ISO-8859-1,utf-8;q=0.7,*;q=0.7", "Accept": "text/html,application/xhtml+xml,application/xml;q=0.9,*/*;q=0.8", "Accept-Encoding": "gzip, deflate", "Accept-Language": "en-us,en;q=0.5"}}, {"format_id": "137", "url": "https://r7---sn-5njj-u2xl.googlevideo.com/videoplayback?expire=1609159331&ei=Q37pX7zQCsrHgAPH5piwAg&ip=140.109.135.166&id=o-AFgK9-SBh_eTJVekVZ8VsMjXo8-zq-crEG6aKRkW7IPg&itag=137&aitags=133%2C134%2C135%2C136%2C137%2C160%2C242%2C243%2C244%2C247%2C248%2C278&source=youtube&requiressl=yes&mh=0E&mm=31%2C29&mn=sn-5njj-u2xl%2Csn-un57sn76&ms=au%2Crdu&mv=m&mvi=7&pl=16&gcr=tw&initcwndbps=375000&vprv=1&mime=video%2Fmp4&ns=XPRJmJZtd_YAg7aSukEWWucF&gir=yes&clen=15035020&dur=172.739&lmt=1589450254061252&mt=1609137405&fvip=5&keepalive=yes&c=WEB&txp=2116222&n=XhPQPoOYzZjCkelX&sparams=expire%2Cei%2Cip%2Cid%2Caitags%2Csource%2Crequiressl%2Cgcr%2Cvprv%2Cmime%2Cns%2Cgir%2Cclen%2Cdur%2Clmt&lsparams=mh%2Cmm%2Cmn%2Cms%2Cmv%2Cmvi%2Cpl%2Cinitcwndbps&lsig=AG3C_xAwRQIhAKtYCAZHvM7r1S8FV2YKKt3FfE9gS-zu49yiZ8pEqomMAiBHprJwWFUBseCYKtvteF6g36tO84_CHX0Ntyo3T6bX3w%3D%3D&sig=AOq0QJ8wRgIhAK3r4-qCFtPDZFn2f8ayRdlrGwg1_JYIbeL1ZyefQ36WAiEA7EhoKfUHbvm2s1hNR8A1bLySvymKQH5wANj5JsD-o7A=&ratebypass=yes", "player_url": "/s/player/5dd3f3b2/player_ias.vflset/en_US/base.js", "ext": "mp4", "height": 1080, "format_note": "1080p", "vcodec": "avc1.640028", "asr": null, "filesize": 15035020, "fps": 30, "tbr": 812.665, "width": 1920, "acodec": "none", "downloader_options": {"http_chunk_size": 10485760}, "format": "137 - 1920x1080 (1080p)", "protocol": "https", "http_headers": {"User-Agent": "Mozilla/5.0 (Windows NT 10.0; Win64; x64) AppleWebKit/537.36 (KHTML, like Gecko) Chrome/70.0.3538.61 Safari/537.36", "Accept-Charset": "ISO-8859-1,utf-8;q=0.7,*;q=0.7", "Accept": "text/html,application/xhtml+xml,application/xml;q=0.9,*/*;q=0.8", "Accept-Encoding": "gzip, deflate", "Accept-Language": "en-us,en;q=0.5"}}, {"format_id": "18", "url": "https://r7---sn-5njj-u2xl.googlevideo.com/videoplayback?expire=1609159331&ei=Q37pX7zQCsrHgAPH5piwAg&ip=140.109.135.166&id=o-AFgK9-SBh_eTJVekVZ8VsMjXo8-zq-crEG6aKRkW7IPg&itag=18&source=youtube&requiressl=yes&mh=0E&mm=31%2C29&mn=sn-5njj-u2xl%2Csn-un57sn76&ms=au%2Crdu&mv=m&mvi=7&pl=16&gcr=tw&initcwndbps=375000&vprv=1&mime=video%2Fmp4&ns=Ccn2slMqtmbavJk-3gotfeYF&gir=yes&clen=4309072&ratebypass=yes&dur=172.802&lmt=1589450267093916&mt=1609137405&fvip=5&c=WEB&txp=2116222&n=HaDHWfNnzIosZatY&sparams=expire%2Cei%2Cip%2Cid%2Citag%2Csource%2Crequiressl%2Cgcr%2Cvprv%2Cmime%2Cns%2Cgir%2Cclen%2Cratebypass%2Cdur%2Clmt&lsparams=mh%2Cmm%2Cmn%2Cms%2Cmv%2Cmvi%2Cpl%2Cinitcwndbps&lsig=AG3C_xAwRgIhAOzuKB3XfF3qG5dr2SDn4-lf6ODh9lHf2O0CkZTl-263AiEA8VSNTcFQvT1IP6WQ7918OeE4KsOvntWTou7xoJZeYlo%3D&sig=AOq0QJ8wRQIgQ0vsOLOpGujBeHBeMiSNyjZRpRN0DcUlbkl_c4wNq_sCIQCB56S_Tx1jPjZjC88GRIBxOjM2VT-fvA8oy1h_2zCeqA==", "player_url": "/s/player/5dd3f3b2/player_ias.vflset/en_US/base.js", "ext": "mp4", "width": 640, "height": 360, "acodec": "mp4a.40.2", "abr": 96, "vcodec": "avc1.42001E", "asr": 44100, "filesize": 4309072, "format_note": "360p", "fps": 30, "tbr": 199.564, "format": "18 - 640x360 (360p)", "protocol": "https", "http_headers": {"User-Agent": "Mozilla/5.0 (Windows NT 10.0; Win64; x64) AppleWebKit/537.36 (KHTML, like Gecko) Chrome/70.0.3538.61 Safari/537.36", "Accept-Charset": "ISO-8859-1,utf-8;q=0.7,*;q=0.7", "Accept": "text/html,application/xhtml+xml,application/xml;q=0.9,*/*;q=0.8", "Accept-Encoding": "gzip, deflate", "Accept-Language": "en-us,en;q=0.5"}}], "is_live": null, "start_time": null, "end_time": null, "series": null, "season_number": null, "episode_number": null, "track": "Sea Change", "artist": "Stephan Moccio", "album": null, "release_date": null, "release_year": null, "extractor": "youtube", "webpage_url_basename": "watch", "extractor_key": "Youtube", "playlist": null, "playlist_index": null, "thumbnail": "https://i.ytimg.com/vi/UaYYMRkHMYc/maxresdefault.jpg", "display_id": "UaYYMRkHMYc", "requested_subtitles": null, "format_id": "251", "url": "https://r7---sn-5njj-u2xl.googlevideo.com/videoplayback?expire=1609159331&ei=Q37pX7zQCsrHgAPH5piwAg&ip=140.109.135.166&id=o-AFgK9-SBh_eTJVekVZ8VsMjXo8-zq-crEG6aKRkW7IPg&itag=251&source=youtube&requiressl=yes&mh=0E&mm=31%2C29&mn=sn-5njj-u2xl%2Csn-un57sn76&ms=au%2Crdu&mv=m&mvi=7&pl=16&gcr=tw&initcwndbps=375000&vprv=1&mime=audio%2Fwebm&ns=XPRJmJZtd_YAg7aSukEWWucF&gir=yes&clen=2863377&dur=172.781&lmt=1589450246543603&mt=1609137405&fvip=5&keepalive=yes&c=WEB&txp=2111222&n=XhPQPoOYzZjCkelX&sparams=expire%2Cei%2Cip%2Cid%2Citag%2Csource%2Crequiressl%2Cgcr%2Cvprv%2Cmime%2Cns%2Cgir%2Cclen%2Cdur%2Clmt&lsparams=mh%2Cmm%2Cmn%2Cms%2Cmv%2Cmvi%2Cpl%2Cinitcwndbps&lsig=AG3C_xAwRQIhALyf2GQH3r727YeLMRifbz6wOGovosuPRCL-RpQbB2RKAiAV5-Wbwy5ooPjbqrPQ75KlgUSF3_qHKKODs39AoZpuYw%3D%3D&sig=AOq0QJ8wRAIgem3u1tCQ84nw6i2OiaZvqxNUbgI2ZHBg01lfpgyuIRMCICLvxjNIgzlh_woDX6QaV1XZ1djEU2gGb7Rq9wGf3_c7&ratebypass=yes", "player_url": "/s/player/5dd3f3b2/player_ias.vflset/en_US/base.js", "ext": "webm", "format_note": "tiny", "acodec": "opus", "abr": 160, "asr": 48000, "filesize": 2863377, "fps": null, "height": null, "tbr": 140.149, "width": null, "vcodec": "none", "downloader_options": {"http_chunk_size": 10485760}, "format": "251 - audio only (tiny)", "protocol": "https", "http_headers": {"User-Agent": "Mozilla/5.0 (Windows NT 10.0; Win64; x64) AppleWebKit/537.36 (KHTML, like Gecko) Chrome/70.0.3538.61 Safari/537.36", "Accept-Charset": "ISO-8859-1,utf-8;q=0.7,*;q=0.7", "Accept": "text/html,application/xhtml+xml,application/xml;q=0.9,*/*;q=0.8", "Accept-Encoding": "gzip, deflate", "Accept-Language": "en-us,en;q=0.5"}}