{"id": "u_7b9CwyM8Q", "uploader": "Ossie Woods - Topic", "uploader_id": "UCbr85MKlE9GjK_D1EjjN1dg", "uploader_url": "http://www.youtube.com/channel/UCbr85MKlE9GjK_D1EjjN1dg", "channel_id": "UCbr85MKlE9GjK_D1EjjN1dg", "channel_url": "http://www.youtube.com/channel/UCbr85MKlE9GjK_D1EjjN1dg", "upload_date": "20201219", "license": null, "creator": "Ossie Woods", "title": "Le Beau", "alt_title": "Le Beau", "thumbnails": [{"url": "https://i.ytimg.com/vi/u_7b9CwyM8Q/hqdefault.jpg?sqp=-oaymwEYCKgBEF5IVfKriqkDCwgBFQAAiEIYAXAB&rs=AOn4CLBxpT6SLQxmbg8niqzsU0--7UomQQ", "width": 168, "height": 94, "resolution": "168x94", "id": "0"}, {"url": "https://i.ytimg.com/vi/u_7b9CwyM8Q/hqdefault.jpg?sqp=-oaymwEYCMQBEG5IVfKriqkDCwgBFQAAiEIYAXAB&rs=AOn4CLC6D7IfPMPCzt2Bhu5SlgyFnCAPhQ", "width": 196, "height": 110, "resolution": "196x110", "id": "1"}, {"url": "https://i.ytimg.com/vi/u_7b9CwyM8Q/hqdefault.jpg?sqp=-oaymwEZCPYBEIoBSFXyq4qpAwsIARUAAIhCGAFwAQ==&rs=AOn4CLCc-eCmQN0WzvHKArxnT0c1kN6auQ", "width": 246, "height": 138, "resolution": "246x138", "id": "2"}, {"url": "https://i.ytimg.com/vi/u_7b9CwyM8Q/hqdefault.jpg?sqp=-oaymwEZCNACELwBSFXyq4qpAwsIARUAAIhCGAFwAQ==&rs=AOn4CLDVkwq99N8pnGrXrCULOGcZrDbnvA", "width": 336, "height": 188, "resolution": "336x188", "id": "3"}, {"url": "https://i.ytimg.com/vi_webp/u_7b9CwyM8Q/maxresdefault.webp", "width": 1920, "height": 1080, "resolution": "1920x1080", "id": "4"}], "description": "Provided to YouTube by IIP-DDS\n\nLe Beau \u00b7 Ossie Woods\n\nLe Beau\n\n\u2117 Anonymous Nephew\n\nReleased on: 2017-01-01\n\nMusic  Publisher: Copyright Control\nMusic  Publisher: Copyright Control\nComposer: Jesper Nordenstr\u00f6m\nComposer: Fredrik Bostr\u00f6m\n\nAuto-generated by YouTube.", "categories": ["Music"], "tags": ["Ossie Woods", "Le Beau"], "subtitles": {}, "automatic_captions": {}, "duration": 205, "age_limit": 0, "annotations": null, "chapters": null, "webpage_url": "https://www.youtube.com/watch?v=u_7b9CwyM8Q", "view_count": 20, "like_count": 2, "dislike_count": null, "average_rating": 5.0, "formats": [{"format_id": "249", "url": "https://r6---sn-5njj-u2xe.googlevideo.com/videoplayback?expire=1609837123&ei=49XzX_yxEZKKgQPC8bqgDg&ip=140.109.134.180&id=o-AFUPspjBHp2wT4JnYmvCSZF5iuyOjqnl4ZIV1Ip2ZRFQ&itag=249&source=youtube&requiressl=yes&mh=2X&mm=31%2C29&mn=sn-5njj-u2xe%2Csn-un57en7e&ms=au%2Crdu&mv=m&mvi=6&pcm2cms=yes&pl=16&gcr=tw&initcwndbps=496250&vprv=1&mime=audio%2Fwebm&ns=wx-2U62IfP7sXB4lZ-pl-9kF&gir=yes&clen=1489697&dur=205.321&lmt=1608364802412662&mt=1609815163&fvip=6&keepalive=yes&c=WEB&txp=2311222&n=rnwLlwDqjMIKmXVl&sparams=expire%2Cei%2Cip%2Cid%2Citag%2Csource%2Crequiressl%2Cgcr%2Cvprv%2Cmime%2Cns%2Cgir%2Cclen%2Cdur%2Clmt&lsparams=mh%2Cmm%2Cmn%2Cms%2Cmv%2Cmvi%2Cpcm2cms%2Cpl%2Cinitcwndbps&lsig=AG3C_xAwRQIhALcpssdLuqQQddxEiEJl9muH8sRT-b3k8MclelyDT2BIAiBZ506I8B71W4ii4GG3eKpGW7U1L2jg17XALWSxR4HzqA%3D%3D&sig=AOq0QJ8wRgIhAOfncWhsYgPOR9LfKOITtKnaAFjdXkiZ3dohyzQXuDVVAiEAgibdo7d47Kv1uoZxYPxzHUdAV_1-15y4BIi0lM-YMdE=&ratebypass=yes", "player_url": "/s/player/5dd3f3b2/player_ias.vflset/en_US/base.js", "ext": "webm", "format_note": "tiny", "acodec": "opus", "abr": 50, "asr": 48000, "filesize": 1489697, "fps": null, "height": null, "tbr": 61.668, "width": null, "vcodec": "none", "downloader_options": {"http_chunk_size": 10485760}, "format": "249 - audio only (tiny)", "protocol": "https", "http_headers": {"User-Agent": "Mozilla/5.0 (Windows NT 10.0; Win64; x64) AppleWebKit/537.36 (KHTML, like Gecko) Chrome/68.0.3440.121 Safari/537.36", "Accept-Charset": "ISO-8859-1,utf-8;q=0.7,*;q=0.7", "Accept": "text/html,application/xhtml+xml,application/xml;q=0.9,*/*;q=0.8", "Accept-Encoding": "gzip, deflate", "Accept-Language": "en-us,en;q=0.5"}}, {"format_id": "250", "url": "https://r6---sn-5njj-u2xe.googlevideo.com/videoplayback?expire=1609837123&ei=49XzX_yxEZKKgQPC8bqgDg&ip=140.109.134.180&id=o-AFUPspjBHp2wT4JnYmvCSZF5iuyOjqnl4ZIV1Ip2ZRFQ&itag=250&source=youtube&requiressl=yes&mh=2X&mm=31%2C29&mn=sn-5njj-u2xe%2Csn-un57en7e&ms=au%2Crdu&mv=m&mvi=6&pcm2cms=yes&pl=16&gcr=tw&initcwndbps=496250&vprv=1&mime=audio%2Fwebm&ns=wx-2U62IfP7sXB4lZ-pl-9kF&gir=yes&clen=1969606&dur=205.321&lmt=1608364803413923&mt=1609815163&fvip=6&keepalive=yes&c=WEB&txp=2311222&n=rnwLlwDqjMIKmXVl&sparams=expire%2Cei%2Cip%2Cid%2Citag%2Csource%2Crequiressl%2Cgcr%2Cvprv%2Cmime%2Cns%2Cgir%2Cclen%2Cdur%2Clmt&lsparams=mh%2Cmm%2Cmn%2Cms%2Cmv%2Cmvi%2Cpcm2cms%2Cpl%2Cinitcwndbps&lsig=AG3C_xAwRQIgMb0Ib2DJABpZ6xLEfySy-1lynoWmCwQJbm5QMSN72C0CIQCcw_0yRC3K7aQ7Qq0x3zlVX01ulmThhUIuntVFnQhe-Q%3D%3D&sig=AOq0QJ8wRgIhANfvR_Fyt77mfyvlCGhQEkV3MnhLhlnnEfgt6KU-ZczWAiEA4hcQBbqfTWVHtjwZukAT4bOBNdSgkU0QXCQZYSfoiVc=&ratebypass=yes", "player_url": "/s/player/5dd3f3b2/player_ias.vflset/en_US/base.js", "ext": "webm", "format_note": "tiny", "acodec": "opus", "abr": 70, "asr": 48000, "filesize": 1969606, "fps": null, "height": null, "tbr": 80.938, "width": null, "vcodec": "none", "downloader_options": {"http_chunk_size": 10485760}, "format": "250 - audio only (tiny)", "protocol": "https", "http_headers": {"User-Agent": "Mozilla/5.0 (Windows NT 10.0; Win64; x64) AppleWebKit/537.36 (KHTML, like Gecko) Chrome/68.0.3440.121 Safari/537.36", "Accept-Charset": "ISO-8859-1,utf-8;q=0.7,*;q=0.7", "Accept": "text/html,application/xhtml+xml,application/xml;q=0.9,*/*;q=0.8", "Accept-Encoding": "gzip, deflate", "Accept-Language": "en-us,en;q=0.5"}}, {"format_id": "140", "url": "https://r6---sn-5njj-u2xe.googlevideo.com/videoplayback?expire=1609837123&ei=49XzX_yxEZKKgQPC8bqgDg&ip=140.109.134.180&id=o-AFUPspjBHp2wT4JnYmvCSZF5iuyOjqnl4ZIV1Ip2ZRFQ&itag=140&source=youtube&requiressl=yes&mh=2X&mm=31%2C29&mn=sn-5njj-u2xe%2Csn-un57en7e&ms=au%2Crdu&mv=m&mvi=6&pcm2cms=yes&pl=16&gcr=tw&initcwndbps=496250&vprv=1&mime=audio%2Fmp4&ns=wx-2U62IfP7sXB4lZ-pl-9kF&gir=yes&clen=3325488&dur=205.302&lmt=1608364814925250&mt=1609815163&fvip=6&keepalive=yes&c=WEB&txp=2311222&n=rnwLlwDqjMIKmXVl&sparams=expire%2Cei%2Cip%2Cid%2Citag%2Csource%2Crequiressl%2Cgcr%2Cvprv%2Cmime%2Cns%2Cgir%2Cclen%2Cdur%2Clmt&lsparams=mh%2Cmm%2Cmn%2Cms%2Cmv%2Cmvi%2Cpcm2cms%2Cpl%2Cinitcwndbps&lsig=AG3C_xAwRQIhAOOtgNRmorpWKEd6Za_60VrKj__cqqzegDYmHNzqfxKrAiB5wlTNToYIgD39Q4-ot6X7BXxc8Vcu6S_BjAiD8d0abg%3D%3D&sig=AOq0QJ8wRAIgdLJMiWVmdRxUCVqdb99BxGF8nW-rUab3D2KKYSwuHzsCIBxwr_MvhetSqkwXlJolNfFFhlevvUL6G85BUnhmCT87&ratebypass=yes", "player_url": "/s/player/5dd3f3b2/player_ias.vflset/en_US/base.js", "ext": "m4a", "format_note": "tiny", "acodec": "mp4a.40.2", "abr": 128, "container": "m4a_dash", "asr": 44100, "filesize": 3325488, "fps": null, "height": null, "tbr": 131.22, "width": null, "vcodec": "none", "downloader_options": {"http_chunk_size": 10485760}, "format": "140 - audio only (tiny)", "protocol": "https", "http_headers": {"User-Agent": "Mozilla/5.0 (Windows NT 10.0; Win64; x64) AppleWebKit/537.36 (KHTML, like Gecko) Chrome/68.0.3440.121 Safari/537.36", "Accept-Charset": "ISO-8859-1,utf-8;q=0.7,*;q=0.7", "Accept": "text/html,application/xhtml+xml,application/xml;q=0.9,*/*;q=0.8", "Accept-Encoding": "gzip, deflate", "Accept-Language": "en-us,en;q=0.5"}}, {"format_id": "251", "url": "https://r6---sn-5njj-u2xe.googlevideo.com/videoplayback?expire=1609837123&ei=49XzX_yxEZKKgQPC8bqgDg&ip=140.109.134.180&id=o-AFUPspjBHp2wT4JnYmvCSZF5iuyOjqnl4ZIV1Ip2ZRFQ&itag=251&source=youtube&requiressl=yes&mh=2X&mm=31%2C29&mn=sn-5njj-u2xe%2Csn-un57en7e&ms=au%2Crdu&mv=m&mvi=6&pcm2cms=yes&pl=16&gcr=tw&initcwndbps=496250&vprv=1&mime=audio%2Fwebm&ns=wx-2U62IfP7sXB4lZ-pl-9kF&gir=yes&clen=4000560&dur=205.321&lmt=1608364811219303&mt=1609815163&fvip=6&keepalive=yes&c=WEB&txp=2311222&n=rnwLlwDqjMIKmXVl&sparams=expire%2Cei%2Cip%2Cid%2Citag%2Csource%2Crequiressl%2Cgcr%2Cvprv%2Cmime%2Cns%2Cgir%2Cclen%2Cdur%2Clmt&lsparams=mh%2Cmm%2Cmn%2Cms%2Cmv%2Cmvi%2Cpcm2cms%2Cpl%2Cinitcwndbps&lsig=AG3C_xAwRAIgBAlbDTXtRsC_Q1PwHb89jsH7y6oLtxkgLoyS4nS0WFgCIGkHSNu_I0XPIvv9-9GBDlt-oJsly21vtLmI8Kp8fYgQ&sig=AOq0QJ8wRAIgF3lr-S7txncgZoLR6k8onuTmTS-BfepTDPnTXg9O_6ECIFdcMCaklIeE9yW7HCsP3DbvwDZL637AwRIsDduhMH-l&ratebypass=yes", "player_url": "/s/player/5dd3f3b2/player_ias.vflset/en_US/base.js", "ext": "webm", "format_note": "tiny", "acodec": "opus", "abr": 160, "asr": 48000, "filesize": 4000560, "fps": null, "height": null, "tbr": 162.631, "width": null, "vcodec": "none", "downloader_options": {"http_chunk_size": 10485760}, "format": "251 - audio only (tiny)", "protocol": "https", "http_headers": {"User-Agent": "Mozilla/5.0 (Windows NT 10.0; Win64; x64) AppleWebKit/537.36 (KHTML, like Gecko) Chrome/68.0.3440.121 Safari/537.36", "Accept-Charset": "ISO-8859-1,utf-8;q=0.7,*;q=0.7", "Accept": "text/html,application/xhtml+xml,application/xml;q=0.9,*/*;q=0.8", "Accept-Encoding": "gzip, deflate", "Accept-Language": "en-us,en;q=0.5"}}, {"format_id": "160", "url": "https://r6---sn-5njj-u2xe.googlevideo.com/videoplayback?expire=1609837123&ei=49XzX_yxEZKKgQPC8bqgDg&ip=140.109.134.180&id=o-AFUPspjBHp2wT4JnYmvCSZF5iuyOjqnl4ZIV1Ip2ZRFQ&itag=160&aitags=133%2C134%2C135%2C136%2C137%2C160%2C242%2C243%2C244%2C247%2C248%2C278&source=youtube&requiressl=yes&mh=2X&mm=31%2C29&mn=sn-5njj-u2xe%2Csn-un57en7e&ms=au%2Crdu&mv=m&mvi=6&pcm2cms=yes&pl=16&gcr=tw&initcwndbps=496250&vprv=1&mime=video%2Fmp4&ns=wx-2U62IfP7sXB4lZ-pl-9kF&gir=yes&clen=397782&dur=205.280&lmt=1608364812836674&mt=1609815163&fvip=6&keepalive=yes&c=WEB&txp=2316222&n=rnwLlwDqjMIKmXVl&sparams=expire%2Cei%2Cip%2Cid%2Caitags%2Csource%2Crequiressl%2Cgcr%2Cvprv%2Cmime%2Cns%2Cgir%2Cclen%2Cdur%2Clmt&lsparams=mh%2Cmm%2Cmn%2Cms%2Cmv%2Cmvi%2Cpcm2cms%2Cpl%2Cinitcwndbps&lsig=AG3C_xAwRQIhAM8a41B0Qw5WmY74R753s2dcT49c7iytTYx0SriN0Ly3AiArdbVqDs8K_ngn2fN_db338hMVUsr-XPg4J27xfLsPYA%3D%3D&sig=AOq0QJ8wRgIhAO5uVQDc1ElgrdDae_bYbQoUBCPCxskAGA_nsx0JdTWEAiEAtDXcy7BbFvKZi-061HsqgsvkaexZAAcNbZsxzz3ZF9g=&ratebypass=yes", "player_url": "/s/player/5dd3f3b2/player_ias.vflset/en_US/base.js", "ext": "mp4", "height": 144, "format_note": "144p", "vcodec": "avc1.4d400b", "asr": null, "filesize": 397782, "fps": 25, "tbr": 17.432, "width": 144, "acodec": "none", "downloader_options": {"http_chunk_size": 10485760}, "format": "160 - 144x144 (144p)", "protocol": "https", "http_headers": {"User-Agent": "Mozilla/5.0 (Windows NT 10.0; Win64; x64) AppleWebKit/537.36 (KHTML, like Gecko) Chrome/68.0.3440.121 Safari/537.36", "Accept-Charset": "ISO-8859-1,utf-8;q=0.7,*;q=0.7", "Accept": "text/html,application/xhtml+xml,application/xml;q=0.9,*/*;q=0.8", "Accept-Encoding": "gzip, deflate", "Accept-Language": "en-us,en;q=0.5"}}, {"format_id": "278", "url": "https://r6---sn-5njj-u2xe.googlevideo.com/videoplayback?expire=1609837123&ei=49XzX_yxEZKKgQPC8bqgDg&ip=140.109.134.180&id=o-AFUPspjBHp2wT4JnYmvCSZF5iuyOjqnl4ZIV1Ip2ZRFQ&itag=278&aitags=133%2C134%2C135%2C136%2C137%2C160%2C242%2C243%2C244%2C247%2C248%2C278&source=youtube&requiressl=yes&mh=2X&mm=31%2C29&mn=sn-5njj-u2xe%2Csn-un57en7e&ms=au%2Crdu&mv=m&mvi=6&pcm2cms=yes&pl=16&gcr=tw&initcwndbps=496250&vprv=1&mime=video%2Fwebm&ns=wx-2U62IfP7sXB4lZ-pl-9kF&gir=yes&clen=439865&dur=205.280&lmt=1608364813224950&mt=1609815163&fvip=6&keepalive=yes&c=WEB&txp=2316222&n=rnwLlwDqjMIKmXVl&sparams=expire%2Cei%2Cip%2Cid%2Caitags%2Csource%2Crequiressl%2Cgcr%2Cvprv%2Cmime%2Cns%2Cgir%2Cclen%2Cdur%2Clmt&lsparams=mh%2Cmm%2Cmn%2Cms%2Cmv%2Cmvi%2Cpcm2cms%2Cpl%2Cinitcwndbps&lsig=AG3C_xAwRQIgBwhz52rDxKsUeo0Fxm3aNFAiPt_hBk964EkoK6zNhQQCIQDKm00Wf1hkh2PYRn31enHk-9g6sAGafbCj5NTZ8QzWVw%3D%3D&sig=AOq0QJ8wRQIhAP5ZDlo44NhpbZk4bLXDWbUrrQd1HJp4JkmM7-AONuzFAiB0SGv9zng-sKX8st6uez9PS-y38L6UB93-zgphNs2srw==&ratebypass=yes", "player_url": "/s/player/5dd3f3b2/player_ias.vflset/en_US/base.js", "ext": "webm", "height": 144, "format_note": "144p", "container": "webm", "vcodec": "vp9", "asr": null, "filesize": 439865, "fps": 25, "tbr": 18.512, "width": 144, "acodec": "none", "downloader_options": {"http_chunk_size": 10485760}, "format": "278 - 144x144 (144p)", "protocol": "https", "http_headers": {"User-Agent": "Mozilla/5.0 (Windows NT 10.0; Win64; x64) AppleWebKit/537.36 (KHTML, like Gecko) Chrome/68.0.3440.121 Safari/537.36", "Accept-Charset": "ISO-8859-1,utf-8;q=0.7,*;q=0.7", "Accept": "text/html,application/xhtml+xml,application/xml;q=0.9,*/*;q=0.8", "Accept-Encoding": "gzip, deflate", "Accept-Language": "en-us,en;q=0.5"}}, {"format_id": "242", "url": "https://r6---sn-5njj-u2xe.googlevideo.com/videoplayback?expire=1609837123&ei=49XzX_yxEZKKgQPC8bqgDg&ip=140.109.134.180&id=o-AFUPspjBHp2wT4JnYmvCSZF5iuyOjqnl4ZIV1Ip2ZRFQ&itag=242&aitags=133%2C134%2C135%2C136%2C137%2C160%2C242%2C243%2C244%2C247%2C248%2C278&source=youtube&requiressl=yes&mh=2X&mm=31%2C29&mn=sn-5njj-u2xe%2Csn-un57en7e&ms=au%2Crdu&mv=m&mvi=6&pcm2cms=yes&pl=16&gcr=tw&initcwndbps=496250&vprv=1&mime=video%2Fwebm&ns=wx-2U62IfP7sXB4lZ-pl-9kF&gir=yes&clen=570736&dur=205.280&lmt=1608364813226521&mt=1609815163&fvip=6&keepalive=yes&c=WEB&txp=2316222&n=rnwLlwDqjMIKmXVl&sparams=expire%2Cei%2Cip%2Cid%2Caitags%2Csource%2Crequiressl%2Cgcr%2Cvprv%2Cmime%2Cns%2Cgir%2Cclen%2Cdur%2Clmt&lsparams=mh%2Cmm%2Cmn%2Cms%2Cmv%2Cmvi%2Cpcm2cms%2Cpl%2Cinitcwndbps&lsig=AG3C_xAwRQIgVX6mxjQA2do03udAHZ8A5nfMvOxWqOwgijJn38AHBAICIQDEcjG9QZviqlzH1LjOVUwY6pNrP48bRK3iOse6n_30nQ%3D%3D&sig=AOq0QJ8wRQIhAPuSBXF_OrLO-EdmtDL1pCNFLPEy50GbvD8f6Msui_y6AiB-Cm9PiRVhBlMSMV8JH2cSUXQQ3xEZ2PkPs77PZp-WDQ==&ratebypass=yes", "player_url": "/s/player/5dd3f3b2/player_ias.vflset/en_US/base.js", "ext": "webm", "height": 240, "format_note": "240p", "vcodec": "vp9", "asr": null, "filesize": 570736, "fps": 25, "tbr": 23.623, "width": 240, "acodec": "none", "downloader_options": {"http_chunk_size": 10485760}, "format": "242 - 240x240 (240p)", "protocol": "https", "http_headers": {"User-Agent": "Mozilla/5.0 (Windows NT 10.0; Win64; x64) AppleWebKit/537.36 (KHTML, like Gecko) Chrome/68.0.3440.121 Safari/537.36", "Accept-Charset": "ISO-8859-1,utf-8;q=0.7,*;q=0.7", "Accept": "text/html,application/xhtml+xml,application/xml;q=0.9,*/*;q=0.8", "Accept-Encoding": "gzip, deflate", "Accept-Language": "en-us,en;q=0.5"}}, {"format_id": "133", "url": "https://r6---sn-5njj-u2xe.googlevideo.com/videoplayback?expire=1609837123&ei=49XzX_yxEZKKgQPC8bqgDg&ip=140.109.134.180&id=o-AFUPspjBHp2wT4JnYmvCSZF5iuyOjqnl4ZIV1Ip2ZRFQ&itag=133&aitags=133%2C134%2C135%2C136%2C137%2C160%2C242%2C243%2C244%2C247%2C248%2C278&source=youtube&requiressl=yes&mh=2X&mm=31%2C29&mn=sn-5njj-u2xe%2Csn-un57en7e&ms=au%2Crdu&mv=m&mvi=6&pcm2cms=yes&pl=16&gcr=tw&initcwndbps=496250&vprv=1&mime=video%2Fmp4&ns=wx-2U62IfP7sXB4lZ-pl-9kF&gir=yes&clen=666782&dur=205.280&lmt=1608364812837789&mt=1609815163&fvip=6&keepalive=yes&c=WEB&txp=2316222&n=rnwLlwDqjMIKmXVl&sparams=expire%2Cei%2Cip%2Cid%2Caitags%2Csource%2Crequiressl%2Cgcr%2Cvprv%2Cmime%2Cns%2Cgir%2Cclen%2Cdur%2Clmt&lsparams=mh%2Cmm%2Cmn%2Cms%2Cmv%2Cmvi%2Cpcm2cms%2Cpl%2Cinitcwndbps&lsig=AG3C_xAwRAIgAb7PqzifRoatXtrP2XcW2VpkvCz2tMT_00QFoRHHG8QCIHU6kehTs8uxvFK_ywxV11xpYoVv3R3HK8oWR-6b3ftF&sig=AOq0QJ8wRQIhANtXb28nVMDUPfP5fEMoRKvfSYomb6xUxiFzkLIArL6DAiAQOhmbYHLRd_k8Bzoszxq8bZoZPEOnAwer_zii5kOrLg==&ratebypass=yes", "player_url": "/s/player/5dd3f3b2/player_ias.vflset/en_US/base.js", "ext": "mp4", "height": 240, "format_note": "240p", "vcodec": "avc1.4d400c", "asr": null, "filesize": 666782, "fps": 25, "tbr": 27.94, "width": 240, "acodec": "none", "downloader_options": {"http_chunk_size": 10485760}, "format": "133 - 240x240 (240p)", "protocol": "https", "http_headers": {"User-Agent": "Mozilla/5.0 (Windows NT 10.0; Win64; x64) AppleWebKit/537.36 (KHTML, like Gecko) Chrome/68.0.3440.121 Safari/537.36", "Accept-Charset": "ISO-8859-1,utf-8;q=0.7,*;q=0.7", "Accept": "text/html,application/xhtml+xml,application/xml;q=0.9,*/*;q=0.8", "Accept-Encoding": "gzip, deflate", "Accept-Language": "en-us,en;q=0.5"}}, {"format_id": "243", "url": "https://r6---sn-5njj-u2xe.googlevideo.com/videoplayback?expire=1609837123&ei=49XzX_yxEZKKgQPC8bqgDg&ip=140.109.134.180&id=o-AFUPspjBHp2wT4JnYmvCSZF5iuyOjqnl4ZIV1Ip2ZRFQ&itag=243&aitags=133%2C134%2C135%2C136%2C137%2C160%2C242%2C243%2C244%2C247%2C248%2C278&source=youtube&requiressl=yes&mh=2X&mm=31%2C29&mn=sn-5njj-u2xe%2Csn-un57en7e&ms=au%2Crdu&mv=m&mvi=6&pcm2cms=yes&pl=16&gcr=tw&initcwndbps=496250&vprv=1&mime=video%2Fwebm&ns=wx-2U62IfP7sXB4lZ-pl-9kF&gir=yes&clen=729472&dur=205.280&lmt=1608364813224339&mt=1609815163&fvip=6&keepalive=yes&c=WEB&txp=2316222&n=rnwLlwDqjMIKmXVl&sparams=expire%2Cei%2Cip%2Cid%2Caitags%2Csource%2Crequiressl%2Cgcr%2Cvprv%2Cmime%2Cns%2Cgir%2Cclen%2Cdur%2Clmt&lsparams=mh%2Cmm%2Cmn%2Cms%2Cmv%2Cmvi%2Cpcm2cms%2Cpl%2Cinitcwndbps&lsig=AG3C_xAwRAIgdUgB4MAueIGAWBMR_VXFFB-TsrTJgRZBSREl39qoeTYCIBsutDsMjUnAO6mjGkZQwVUV9gMl2nuGCfEkmdUaFzx3&sig=AOq0QJ8wRAIgZ734X9c-imM7hHTdlL1t7d0KJ_u2XdiyfUhP6dw0i1oCIHk0o4duBVQysQFNY0y5Gf3fue8Rp8tcHEwOk1ArIMNT&ratebypass=yes", "player_url": "/s/player/5dd3f3b2/player_ias.vflset/en_US/base.js", "ext": "webm", "height": 360, "format_note": "360p", "vcodec": "vp9", "asr": null, "filesize": 729472, "fps": 25, "tbr": 29.776, "width": 360, "acodec": "none", "downloader_options": {"http_chunk_size": 10485760}, "format": "243 - 360x360 (360p)", "protocol": "https", "http_headers": {"User-Agent": "Mozilla/5.0 (Windows NT 10.0; Win64; x64) AppleWebKit/537.36 (KHTML, like Gecko) Chrome/68.0.3440.121 Safari/537.36", "Accept-Charset": "ISO-8859-1,utf-8;q=0.7,*;q=0.7", "Accept": "text/html,application/xhtml+xml,application/xml;q=0.9,*/*;q=0.8", "Accept-Encoding": "gzip, deflate", "Accept-Language": "en-us,en;q=0.5"}}, {"format_id": "244", "url": "https://r6---sn-5njj-u2xe.googlevideo.com/videoplayback?expire=1609837123&ei=49XzX_yxEZKKgQPC8bqgDg&ip=140.109.134.180&id=o-AFUPspjBHp2wT4JnYmvCSZF5iuyOjqnl4ZIV1Ip2ZRFQ&itag=244&aitags=133%2C134%2C135%2C136%2C137%2C160%2C242%2C243%2C244%2C247%2C248%2C278&source=youtube&requiressl=yes&mh=2X&mm=31%2C29&mn=sn-5njj-u2xe%2Csn-un57en7e&ms=au%2Crdu&mv=m&mvi=6&pcm2cms=yes&pl=16&gcr=tw&initcwndbps=496250&vprv=1&mime=video%2Fwebm&ns=wx-2U62IfP7sXB4lZ-pl-9kF&gir=yes&clen=809709&dur=205.280&lmt=1608364813227229&mt=1609815163&fvip=6&keepalive=yes&c=WEB&txp=2316222&n=rnwLlwDqjMIKmXVl&sparams=expire%2Cei%2Cip%2Cid%2Caitags%2Csource%2Crequiressl%2Cgcr%2Cvprv%2Cmime%2Cns%2Cgir%2Cclen%2Cdur%2Clmt&lsparams=mh%2Cmm%2Cmn%2Cms%2Cmv%2Cmvi%2Cpcm2cms%2Cpl%2Cinitcwndbps&lsig=AG3C_xAwRAIgQDzkIW3qd2PpAfZVkkYe4yoQU5okfHzaSDHwi5d6GD8CIFIP5N0F5VJemT42pM-32oveFWflJ_jnng7QfzUeeye_&sig=AOq0QJ8wQwIgSp_qrfLVyCmZ08QaFNUpdjyYL2ueD2oJfUwE1N3fOVYCH3sPFSgVheeV7vdbRRUawl2Dk-TBnPc1hc032Vvu7JM=&ratebypass=yes", "player_url": "/s/player/5dd3f3b2/player_ias.vflset/en_US/base.js", "ext": "webm", "height": 480, "format_note": "480p", "vcodec": "vp9", "asr": null, "filesize": 809709, "fps": 25, "tbr": 32.967, "width": 480, "acodec": "none", "downloader_options": {"http_chunk_size": 10485760}, "format": "244 - 480x480 (480p)", "protocol": "https", "http_headers": {"User-Agent": "Mozilla/5.0 (Windows NT 10.0; Win64; x64) AppleWebKit/537.36 (KHTML, like Gecko) Chrome/68.0.3440.121 Safari/537.36", "Accept-Charset": "ISO-8859-1,utf-8;q=0.7,*;q=0.7", "Accept": "text/html,application/xhtml+xml,application/xml;q=0.9,*/*;q=0.8", "Accept-Encoding": "gzip, deflate", "Accept-Language": "en-us,en;q=0.5"}}, {"format_id": "134", "url": "https://r6---sn-5njj-u2xe.googlevideo.com/videoplayback?expire=1609837123&ei=49XzX_yxEZKKgQPC8bqgDg&ip=140.109.134.180&id=o-AFUPspjBHp2wT4JnYmvCSZF5iuyOjqnl4ZIV1Ip2ZRFQ&itag=134&aitags=133%2C134%2C135%2C136%2C137%2C160%2C242%2C243%2C244%2C247%2C248%2C278&source=youtube&requiressl=yes&mh=2X&mm=31%2C29&mn=sn-5njj-u2xe%2Csn-un57en7e&ms=au%2Crdu&mv=m&mvi=6&pcm2cms=yes&pl=16&gcr=tw&initcwndbps=496250&vprv=1&mime=video%2Fmp4&ns=wx-2U62IfP7sXB4lZ-pl-9kF&gir=yes&clen=1016531&dur=205.280&lmt=1608364812835472&mt=1609815163&fvip=6&keepalive=yes&c=WEB&txp=2316222&n=rnwLlwDqjMIKmXVl&sparams=expire%2Cei%2Cip%2Cid%2Caitags%2Csource%2Crequiressl%2Cgcr%2Cvprv%2Cmime%2Cns%2Cgir%2Cclen%2Cdur%2Clmt&lsparams=mh%2Cmm%2Cmn%2Cms%2Cmv%2Cmvi%2Cpcm2cms%2Cpl%2Cinitcwndbps&lsig=AG3C_xAwRgIhAOoczJUNcLM__YBKx8bMGvpDQenSnrVXEcRTwBtHzseEAiEAp32rwLuFUoMDSk6RR_LJ-fXLDiYixazD69aNXbs7a-U%3D&sig=AOq0QJ8wRgIhAP1BG9iS-nGZG0a4ekIThKX5qrPbXmRwHQ2DoRkXd9h3AiEAqVk2EjNEnjrg78CcBY5eR4uZLML4zCeVb1qOnoYve7Q=&ratebypass=yes", "player_url": "/s/player/5dd3f3b2/player_ias.vflset/en_US/base.js", "ext": "mp4", "height": 360, "format_note": "360p", "vcodec": "avc1.4d4015", "asr": null, "filesize": 1016531, "fps": 25, "tbr": 41.604, "width": 360, "acodec": "none", "downloader_options": {"http_chunk_size": 10485760}, "format": "134 - 360x360 (360p)", "protocol": "https", "http_headers": {"User-Agent": "Mozilla/5.0 (Windows NT 10.0; Win64; x64) AppleWebKit/537.36 (KHTML, like Gecko) Chrome/68.0.3440.121 Safari/537.36", "Accept-Charset": "ISO-8859-1,utf-8;q=0.7,*;q=0.7", "Accept": "text/html,application/xhtml+xml,application/xml;q=0.9,*/*;q=0.8", "Accept-Encoding": "gzip, deflate", "Accept-Language": "en-us,en;q=0.5"}}, {"format_id": "247", "url": "https://r6---sn-5njj-u2xe.googlevideo.com/videoplayback?expire=1609837123&ei=49XzX_yxEZKKgQPC8bqgDg&ip=140.109.134.180&id=o-AFUPspjBHp2wT4JnYmvCSZF5iuyOjqnl4ZIV1Ip2ZRFQ&itag=247&aitags=133%2C134%2C135%2C136%2C137%2C160%2C242%2C243%2C244%2C247%2C248%2C278&source=youtube&requiressl=yes&mh=2X&mm=31%2C29&mn=sn-5njj-u2xe%2Csn-un57en7e&ms=au%2Crdu&mv=m&mvi=6&pcm2cms=yes&pl=16&gcr=tw&initcwndbps=496250&vprv=1&mime=video%2Fwebm&ns=wx-2U62IfP7sXB4lZ-pl-9kF&gir=yes&clen=1241422&dur=205.280&lmt=1608364813225548&mt=1609815163&fvip=6&keepalive=yes&c=WEB&txp=2316222&n=rnwLlwDqjMIKmXVl&sparams=expire%2Cei%2Cip%2Cid%2Caitags%2Csource%2Crequiressl%2Cgcr%2Cvprv%2Cmime%2Cns%2Cgir%2Cclen%2Cdur%2Clmt&lsparams=mh%2Cmm%2Cmn%2Cms%2Cmv%2Cmvi%2Cpcm2cms%2Cpl%2Cinitcwndbps&lsig=AG3C_xAwRQIgSoyR4eDP2Sy3uU5uF4kH6FIFptB8u5F69sMPwVZJRXkCIQDOLjou3KRwOP8LkwnuilW6DdP754fVmNYQpofC2Iz1Ng%3D%3D&sig=AOq0QJ8wRQIgXu90og3zXVCENQ9UtyqieEDIZ05tHVC--29xB2OC3dwCIQDEPCzuTvcPoKe1gjGJKb_xBornpcDHCZ5ykYqU_NvcIg==&ratebypass=yes", "player_url": "/s/player/5dd3f3b2/player_ias.vflset/en_US/base.js", "ext": "webm", "height": 720, "format_note": "720p", "vcodec": "vp9", "asr": null, "filesize": 1241422, "fps": 25, "tbr": 49.775, "width": 720, "acodec": "none", "downloader_options": {"http_chunk_size": 10485760}, "format": "247 - 720x720 (720p)", "protocol": "https", "http_headers": {"User-Agent": "Mozilla/5.0 (Windows NT 10.0; Win64; x64) AppleWebKit/537.36 (KHTML, like Gecko) Chrome/68.0.3440.121 Safari/537.36", "Accept-Charset": "ISO-8859-1,utf-8;q=0.7,*;q=0.7", "Accept": "text/html,application/xhtml+xml,application/xml;q=0.9,*/*;q=0.8", "Accept-Encoding": "gzip, deflate", "Accept-Language": "en-us,en;q=0.5"}}, {"format_id": "135", "url": "https://r6---sn-5njj-u2xe.googlevideo.com/videoplayback?expire=1609837123&ei=49XzX_yxEZKKgQPC8bqgDg&ip=140.109.134.180&id=o-AFUPspjBHp2wT4JnYmvCSZF5iuyOjqnl4ZIV1Ip2ZRFQ&itag=135&aitags=133%2C134%2C135%2C136%2C137%2C160%2C242%2C243%2C244%2C247%2C248%2C278&source=youtube&requiressl=yes&mh=2X&mm=31%2C29&mn=sn-5njj-u2xe%2Csn-un57en7e&ms=au%2Crdu&mv=m&mvi=6&pcm2cms=yes&pl=16&gcr=tw&initcwndbps=496250&vprv=1&mime=video%2Fmp4&ns=wx-2U62IfP7sXB4lZ-pl-9kF&gir=yes&clen=1671394&dur=205.280&lmt=1608364812834546&mt=1609815163&fvip=6&keepalive=yes&c=WEB&txp=2316222&n=rnwLlwDqjMIKmXVl&sparams=expire%2Cei%2Cip%2Cid%2Caitags%2Csource%2Crequiressl%2Cgcr%2Cvprv%2Cmime%2Cns%2Cgir%2Cclen%2Cdur%2Clmt&lsparams=mh%2Cmm%2Cmn%2Cms%2Cmv%2Cmvi%2Cpcm2cms%2Cpl%2Cinitcwndbps&lsig=AG3C_xAwRQIgZGPEhXN8tlMB7kVBzAfzV9w5eFiUkp7KeT7Z2t6VdcwCIQD0IUMOv3nmFKlIGFuYqPIJuG5vKaUcGaSkxg52Q_ctrw%3D%3D&sig=AOq0QJ8wRgIhAPd6fSODZ7AsXK9vs12ZMT1AliO7J6uMCv7MGj-lW2B7AiEAsZ-XG2EsYn7mNy41rFeaRV3MUZw3JspMFPLP421_HNs=&ratebypass=yes", "player_url": "/s/player/5dd3f3b2/player_ias.vflset/en_US/base.js", "ext": "mp4", "height": 480, "format_note": "480p", "vcodec": "avc1.4d401e", "asr": null, "filesize": 1671394, "fps": 25, "tbr": 67.182, "width": 480, "acodec": "none", "downloader_options": {"http_chunk_size": 10485760}, "format": "135 - 480x480 (480p)", "protocol": "https", "http_headers": {"User-Agent": "Mozilla/5.0 (Windows NT 10.0; Win64; x64) AppleWebKit/537.36 (KHTML, like Gecko) Chrome/68.0.3440.121 Safari/537.36", "Accept-Charset": "ISO-8859-1,utf-8;q=0.7,*;q=0.7", "Accept": "text/html,application/xhtml+xml,application/xml;q=0.9,*/*;q=0.8", "Accept-Encoding": "gzip, deflate", "Accept-Language": "en-us,en;q=0.5"}}, {"format_id": "248", "url": "https://r6---sn-5njj-u2xe.googlevideo.com/videoplayback?expire=1609837123&ei=49XzX_yxEZKKgQPC8bqgDg&ip=140.109.134.180&id=o-AFUPspjBHp2wT4JnYmvCSZF5iuyOjqnl4ZIV1Ip2ZRFQ&itag=248&aitags=133%2C134%2C135%2C136%2C137%2C160%2C242%2C243%2C244%2C247%2C248%2C278&source=youtube&requiressl=yes&mh=2X&mm=31%2C29&mn=sn-5njj-u2xe%2Csn-un57en7e&ms=au%2Crdu&mv=m&mvi=6&pcm2cms=yes&pl=16&gcr=tw&initcwndbps=496250&vprv=1&mime=video%2Fwebm&ns=wx-2U62IfP7sXB4lZ-pl-9kF&gir=yes&clen=2028714&dur=205.280&lmt=1608364813226813&mt=1609815163&fvip=6&keepalive=yes&c=WEB&txp=2316222&n=rnwLlwDqjMIKmXVl&sparams=expire%2Cei%2Cip%2Cid%2Caitags%2Csource%2Crequiressl%2Cgcr%2Cvprv%2Cmime%2Cns%2Cgir%2Cclen%2Cdur%2Clmt&lsparams=mh%2Cmm%2Cmn%2Cms%2Cmv%2Cmvi%2Cpcm2cms%2Cpl%2Cinitcwndbps&lsig=AG3C_xAwRgIhAInouwKO7R4RCkrmX4Qudzh4CezDKAgqwXtrGQEH6dZdAiEAyD899iPN1vOXK3mGuSQOvQrRQwSHYH34T0WN6DMkrFM%3D&sig=AOq0QJ8wRQIgQZcqm5WTjF_05FM_hLe8IWROswhx6E-u-eSShaPy5UcCIQCKwUhpNt0fhLHsSKQv-yz54CvMemHbFci_rPRDNASJnA==&ratebypass=yes", "player_url": "/s/player/5dd3f3b2/player_ias.vflset/en_US/base.js", "ext": "webm", "height": 1080, "format_note": "1080p", "vcodec": "vp9", "asr": null, "filesize": 2028714, "fps": 25, "tbr": 80.565, "width": 1080, "acodec": "none", "downloader_options": {"http_chunk_size": 10485760}, "format": "248 - 1080x1080 (1080p)", "protocol": "https", "http_headers": {"User-Agent": "Mozilla/5.0 (Windows NT 10.0; Win64; x64) AppleWebKit/537.36 (KHTML, like Gecko) Chrome/68.0.3440.121 Safari/537.36", "Accept-Charset": "ISO-8859-1,utf-8;q=0.7,*;q=0.7", "Accept": "text/html,application/xhtml+xml,application/xml;q=0.9,*/*;q=0.8", "Accept-Encoding": "gzip, deflate", "Accept-Language": "en-us,en;q=0.5"}}, {"format_id": "136", "url": "https://r6---sn-5njj-u2xe.googlevideo.com/videoplayback?expire=1609837123&ei=49XzX_yxEZKKgQPC8bqgDg&ip=140.109.134.180&id=o-AFUPspjBHp2wT4JnYmvCSZF5iuyOjqnl4ZIV1Ip2ZRFQ&itag=136&aitags=133%2C134%2C135%2C136%2C137%2C160%2C242%2C243%2C244%2C247%2C248%2C278&source=youtube&requiressl=yes&mh=2X&mm=31%2C29&mn=sn-5njj-u2xe%2Csn-un57en7e&ms=au%2Crdu&mv=m&mvi=6&pcm2cms=yes&pl=16&gcr=tw&initcwndbps=496250&vprv=1&mime=video%2Fmp4&ns=wx-2U62IfP7sXB4lZ-pl-9kF&gir=yes&clen=3044180&dur=205.280&lmt=1608364812834105&mt=1609815163&fvip=6&keepalive=yes&c=WEB&txp=2316222&n=rnwLlwDqjMIKmXVl&sparams=expire%2Cei%2Cip%2Cid%2Caitags%2Csource%2Crequiressl%2Cgcr%2Cvprv%2Cmime%2Cns%2Cgir%2Cclen%2Cdur%2Clmt&lsparams=mh%2Cmm%2Cmn%2Cms%2Cmv%2Cmvi%2Cpcm2cms%2Cpl%2Cinitcwndbps&lsig=AG3C_xAwRQIhAJu4wR9wKz4-3dsZJ6ke2kf0hQxczIw36SpyQp5rs_zJAiBQ5xal7KO3zqZJUdV4LP3tAsDMDkTm_6ZSjIPNssFItw%3D%3D&sig=AOq0QJ8wRQIgQQA8B-mZ9bdys-myyq0ELFYoncUaV8Op7EjKNAZYLzcCIQCA4AFgErpvTZTjUGmcCLHI8KwdFyzVdnmjWdomzoCDtA==&ratebypass=yes", "player_url": "/s/player/5dd3f3b2/player_ias.vflset/en_US/base.js", "ext": "mp4", "height": 720, "format_note": "720p", "vcodec": "avc1.64001f", "asr": null, "filesize": 3044180, "fps": 25, "tbr": 120.804, "width": 720, "acodec": "none", "downloader_options": {"http_chunk_size": 10485760}, "format": "136 - 720x720 (720p)", "protocol": "https", "http_headers": {"User-Agent": "Mozilla/5.0 (Windows NT 10.0; Win64; x64) AppleWebKit/537.36 (KHTML, like Gecko) Chrome/68.0.3440.121 Safari/537.36", "Accept-Charset": "ISO-8859-1,utf-8;q=0.7,*;q=0.7", "Accept": "text/html,application/xhtml+xml,application/xml;q=0.9,*/*;q=0.8", "Accept-Encoding": "gzip, deflate", "Accept-Language": "en-us,en;q=0.5"}}, {"format_id": "137", "url": "https://r6---sn-5njj-u2xe.googlevideo.com/videoplayback?expire=1609837123&ei=49XzX_yxEZKKgQPC8bqgDg&ip=140.109.134.180&id=o-AFUPspjBHp2wT4JnYmvCSZF5iuyOjqnl4ZIV1Ip2ZRFQ&itag=137&aitags=133%2C134%2C135%2C136%2C137%2C160%2C242%2C243%2C244%2C247%2C248%2C278&source=youtube&requiressl=yes&mh=2X&mm=31%2C29&mn=sn-5njj-u2xe%2Csn-un57en7e&ms=au%2Crdu&mv=m&mvi=6&pcm2cms=yes&pl=16&gcr=tw&initcwndbps=496250&vprv=1&mime=video%2Fmp4&ns=wx-2U62IfP7sXB4lZ-pl-9kF&gir=yes&clen=6216718&dur=205.280&lmt=1608364812839827&mt=1609815163&fvip=6&keepalive=yes&c=WEB&txp=2316222&n=rnwLlwDqjMIKmXVl&sparams=expire%2Cei%2Cip%2Cid%2Caitags%2Csource%2Crequiressl%2Cgcr%2Cvprv%2Cmime%2Cns%2Cgir%2Cclen%2Cdur%2Clmt&lsparams=mh%2Cmm%2Cmn%2Cms%2Cmv%2Cmvi%2Cpcm2cms%2Cpl%2Cinitcwndbps&lsig=AG3C_xAwRQIgVLfmic9M1uK6h99BiUEP2eQwoC-dbdk_hqadDEV6F7sCIQC_YhbIJ30AJciMe0gvVFMaCVMtCGkiLwJO10qXR1qiww%3D%3D&sig=AOq0QJ8wRAIgcgoTo-KGe5eBMcTMOqw4soxbAyIRbCCyHBlF6loyV_YCIBHiMlnplJIuqDExOmRo37ojBGPpqwnCxpjKu0i5ioYs&ratebypass=yes", "player_url": "/s/player/5dd3f3b2/player_ias.vflset/en_US/base.js", "ext": "mp4", "height": 1080, "format_note": "1080p", "vcodec": "avc1.640020", "asr": null, "filesize": 6216718, "fps": 25, "tbr": 244.726, "width": 1080, "acodec": "none", "downloader_options": {"http_chunk_size": 10485760}, "format": "137 - 1080x1080 (1080p)", "protocol": "https", "http_headers": {"User-Agent": "Mozilla/5.0 (Windows NT 10.0; Win64; x64) AppleWebKit/537.36 (KHTML, like Gecko) Chrome/68.0.3440.121 Safari/537.36", "Accept-Charset": "ISO-8859-1,utf-8;q=0.7,*;q=0.7", "Accept": "text/html,application/xhtml+xml,application/xml;q=0.9,*/*;q=0.8", "Accept-Encoding": "gzip, deflate", "Accept-Language": "en-us,en;q=0.5"}}, {"format_id": "18", "url": "https://r6---sn-5njj-u2xe.googlevideo.com/videoplayback?expire=1609837123&ei=49XzX_yxEZKKgQPC8bqgDg&ip=140.109.134.180&id=o-AFUPspjBHp2wT4JnYmvCSZF5iuyOjqnl4ZIV1Ip2ZRFQ&itag=18&source=youtube&requiressl=yes&mh=2X&mm=31%2C29&mn=sn-5njj-u2xe%2Csn-un57en7e&ms=au%2Crdu&mv=m&mvi=6&pcm2cms=yes&pl=16&gcr=tw&initcwndbps=496250&vprv=1&mime=video%2Fmp4&ns=mwVNflFcHJrAWsk7wHUJ_PAF&gir=yes&clen=3115984&ratebypass=yes&dur=205.357&lmt=1608364782673355&mt=1609815163&fvip=6&c=WEB&txp=2310222&n=iX07Q_tOPrWCZNUE&sparams=expire%2Cei%2Cip%2Cid%2Citag%2Csource%2Crequiressl%2Cgcr%2Cvprv%2Cmime%2Cns%2Cgir%2Cclen%2Cratebypass%2Cdur%2Clmt&lsparams=mh%2Cmm%2Cmn%2Cms%2Cmv%2Cmvi%2Cpcm2cms%2Cpl%2Cinitcwndbps&lsig=AG3C_xAwRAIgeMCfGdO5Q8hnz_rxuktH51h_l7U4-cbM_93U6FKJYvECIGGzY3N2AdXv4weMDdlraO0q-f2-7t9lnG_5ulJqQg72&sig=AOq0QJ8wRgIhALSufBqV5yziyjVnEAGgFJnNYgzwTXdNYdpxwveCjYDvAiEA3Vl5qGc_DW8Ky1MrjnZLkuM9thddDSkUMuuDY_3qeVw=", "player_url": "/s/player/5dd3f3b2/player_ias.vflset/en_US/base.js", "ext": "mp4", "width": 360, "height": 360, "acodec": "mp4a.40.2", "abr": 96, "vcodec": "avc1.42001E", "asr": 44100, "filesize": 3115984, "format_note": "360p", "fps": 25, "tbr": 121.433, "format": "18 - 360x360 (360p)", "protocol": "https", "http_headers": {"User-Agent": "Mozilla/5.0 (Windows NT 10.0; Win64; x64) AppleWebKit/537.36 (KHTML, like Gecko) Chrome/68.0.3440.121 Safari/537.36", "Accept-Charset": "ISO-8859-1,utf-8;q=0.7,*;q=0.7", "Accept": "text/html,application/xhtml+xml,application/xml;q=0.9,*/*;q=0.8", "Accept-Encoding": "gzip, deflate", "Accept-Language": "en-us,en;q=0.5"}}], "is_live": null, "start_time": null, "end_time": null, "series": null, "season_number": null, "episode_number": null, "track": "Le Beau", "artist": "Ossie Woods", "album": "Le Beau", "release_date": "20170101", "release_year": 2017, "extractor": "youtube", "webpage_url_basename": "watch", "extractor_key": "Youtube", "playlist": null, "playlist_index": null, "thumbnail": "https://i.ytimg.com/vi_webp/u_7b9CwyM8Q/maxresdefault.webp", "display_id": "u_7b9CwyM8Q", "requested_subtitles": null, "format_id": "251", "url": "https://r6---sn-5njj-u2xe.googlevideo.com/videoplayback?expire=1609837123&ei=49XzX_yxEZKKgQPC8bqgDg&ip=140.109.134.180&id=o-AFUPspjBHp2wT4JnYmvCSZF5iuyOjqnl4ZIV1Ip2ZRFQ&itag=251&source=youtube&requiressl=yes&mh=2X&mm=31%2C29&mn=sn-5njj-u2xe%2Csn-un57en7e&ms=au%2Crdu&mv=m&mvi=6&pcm2cms=yes&pl=16&gcr=tw&initcwndbps=496250&vprv=1&mime=audio%2Fwebm&ns=wx-2U62IfP7sXB4lZ-pl-9kF&gir=yes&clen=4000560&dur=205.321&lmt=1608364811219303&mt=1609815163&fvip=6&keepalive=yes&c=WEB&txp=2311222&n=rnwLlwDqjMIKmXVl&sparams=expire%2Cei%2Cip%2Cid%2Citag%2Csource%2Crequiressl%2Cgcr%2Cvprv%2Cmime%2Cns%2Cgir%2Cclen%2Cdur%2Clmt&lsparams=mh%2Cmm%2Cmn%2Cms%2Cmv%2Cmvi%2Cpcm2cms%2Cpl%2Cinitcwndbps&lsig=AG3C_xAwRAIgBAlbDTXtRsC_Q1PwHb89jsH7y6oLtxkgLoyS4nS0WFgCIGkHSNu_I0XPIvv9-9GBDlt-oJsly21vtLmI8Kp8fYgQ&sig=AOq0QJ8wRAIgF3lr-S7txncgZoLR6k8onuTmTS-BfepTDPnTXg9O_6ECIFdcMCaklIeE9yW7HCsP3DbvwDZL637AwRIsDduhMH-l&ratebypass=yes", "player_url": "/s/player/5dd3f3b2/player_ias.vflset/en_US/base.js", "ext": "webm", "format_note": "tiny", "acodec": "opus", "abr": 160, "asr": 48000, "filesize": 4000560, "fps": null, "height": null, "tbr": 162.631, "width": null, "vcodec": "none", "downloader_options": {"http_chunk_size": 10485760}, "format": "251 - audio only (tiny)", "protocol": "https", "http_headers": {"User-Agent": "Mozilla/5.0 (Windows NT 10.0; Win64; x64) AppleWebKit/537.36 (KHTML, like Gecko) Chrome/68.0.3440.121 Safari/537.36", "Accept-Charset": "ISO-8859-1,utf-8;q=0.7,*;q=0.7", "Accept": "text/html,application/xhtml+xml,application/xml;q=0.9,*/*;q=0.8", "Accept-Encoding": "gzip, deflate", "Accept-Language": "en-us,en;q=0.5"}}