{"id": "vBHoSz8cJIE", "uploader": "Kainbeats & Matthew-Keane Q Wang - Topic", "uploader_id": "UC4-csoB2Aq360F6TJ4Dl6XA", "uploader_url": "http://www.youtube.com/channel/UC4-csoB2Aq360F6TJ4Dl6XA", "channel_id": "UC4-csoB2Aq360F6TJ4Dl6XA", "channel_url": "http://www.youtube.com/channel/UC4-csoB2Aq360F6TJ4Dl6XA", "upload_date": "20200918", "license": null, "creator": "Kainbeats & Matthew-Keane Q Wang", "title": "Move On", "alt_title": "Move On", "thumbnails": [{"url": "https://i.ytimg.com/vi/vBHoSz8cJIE/hqdefault.jpg?sqp=-oaymwEYCKgBEF5IVfKriqkDCwgBFQAAiEIYAXAB&rs=AOn4CLBhxQt-KLPHT2Py8J65Q0Gfooc4iQ", "width": 168, "height": 94, "resolution": "168x94", "id": "0"}, {"url": "https://i.ytimg.com/vi/vBHoSz8cJIE/hqdefault.jpg?sqp=-oaymwEYCMQBEG5IVfKriqkDCwgBFQAAiEIYAXAB&rs=AOn4CLCRFlZRfEp5sVqHB0ENzvP1OfoCtw", "width": 196, "height": 110, "resolution": "196x110", "id": "1"}, {"url": "https://i.ytimg.com/vi/vBHoSz8cJIE/hqdefault.jpg?sqp=-oaymwEZCPYBEIoBSFXyq4qpAwsIARUAAIhCGAFwAQ==&rs=AOn4CLCnt_Lmm85OBq-7GUkIB1edyBA6Hg", "width": 246, "height": 138, "resolution": "246x138", "id": "2"}, {"url": "https://i.ytimg.com/vi/vBHoSz8cJIE/hqdefault.jpg?sqp=-oaymwEZCNACELwBSFXyq4qpAwsIARUAAIhCGAFwAQ==&rs=AOn4CLAcobzKj3RaiAa_YBq88vQo1siaow", "width": 336, "height": 188, "resolution": "336x188", "id": "3"}, {"url": "https://i.ytimg.com/vi_webp/vBHoSz8cJIE/maxresdefault.webp", "width": 1920, "height": 1080, "resolution": "1920x1080", "id": "4"}], "description": "Provided to YouTube by TuneCore\n\nMove On \u00b7 Kainbeats & Matthew-Keane Q Wang\n\nReflections\n\n\u2117 2020 Dream Relaxation\n\nReleased on: 2020-04-19\n\nAuto-generated by YouTube.", "categories": ["Music"], "tags": ["Kainbeats & Matthew-Keane Q Wang", "Reflections", "Move On"], "subtitles": {}, "automatic_captions": {}, "duration": 208, "age_limit": 0, "annotations": null, "chapters": null, "webpage_url": "https://www.youtube.com/watch?v=vBHoSz8cJIE", "view_count": 73, "like_count": 5, "dislike_count": null, "average_rating": 5.0, "formats": [{"format_id": "249", "url": "https://r6---sn-5njj-u2xe.googlevideo.com/videoplayback?expire=1608639789&ei=zZDhX630KIO-gAPp04LQDQ&ip=140.109.134.236&id=o-ANnCDw25Kwo9iKsyCHtD0OWh6KU4tXxpgmaLrvU-nmjz&itag=249&source=youtube&requiressl=yes&mh=OC&mm=31%2C29&mn=sn-5njj-u2xe%2Csn-un57en7s&ms=au%2Crdu&mv=m&mvi=6&pcm2cms=yes&pl=16&gcr=tw&initcwndbps=403750&vprv=1&mime=audio%2Fwebm&ns=vAw1FKW3MM2SjFbXwP2tvBkF&gir=yes&clen=1560266&dur=208.021&lmt=1600500836688532&mt=1608617798&fvip=6&keepalive=yes&c=WEB&txp=2311224&n=i-JBoG7kS4CjmrV3&sparams=expire%2Cei%2Cip%2Cid%2Citag%2Csource%2Crequiressl%2Cgcr%2Cvprv%2Cmime%2Cns%2Cgir%2Cclen%2Cdur%2Clmt&lsparams=mh%2Cmm%2Cmn%2Cms%2Cmv%2Cmvi%2Cpcm2cms%2Cpl%2Cinitcwndbps&lsig=AG3C_xAwRAIgQn1f8dWtmccog25BfoWmEkUwHIjNZfVqDlajNgRJRnwCIAN9wT-nqFzN4snH4lxqooDPAHoyVAXdVrXTh73xmfdO&sig=AOq0QJ8wRQIgOya6BCefCqh2vmJKQ6-hvR89MLjz_54qZRB_rXL2my4CIQC1qLm4xJHCpO6SM4sqExZ7t_IK6c3o-eAr0cndznDN5w==&ratebypass=yes", "player_url": "/s/player/5dd3f3b2/player_ias.vflset/en_US/base.js", "ext": "webm", "format_note": "tiny", "acodec": "opus", "abr": 50, "asr": 48000, "filesize": 1560266, "fps": null, "height": null, "tbr": 66.015, "width": null, "vcodec": "none", "downloader_options": {"http_chunk_size": 10485760}, "format": "249 - audio only (tiny)", "protocol": "https", "http_headers": {"User-Agent": "Mozilla/5.0 (Windows NT 10.0; Win64; x64) AppleWebKit/537.36 (KHTML, like Gecko) Chrome/72.0.3626.92 Safari/537.36", "Accept-Charset": "ISO-8859-1,utf-8;q=0.7,*;q=0.7", "Accept": "text/html,application/xhtml+xml,application/xml;q=0.9,*/*;q=0.8", "Accept-Encoding": "gzip, deflate", "Accept-Language": "en-us,en;q=0.5"}}, {"format_id": "250", "url": "https://r6---sn-5njj-u2xe.googlevideo.com/videoplayback?expire=1608639789&ei=zZDhX630KIO-gAPp04LQDQ&ip=140.109.134.236&id=o-ANnCDw25Kwo9iKsyCHtD0OWh6KU4tXxpgmaLrvU-nmjz&itag=250&source=youtube&requiressl=yes&mh=OC&mm=31%2C29&mn=sn-5njj-u2xe%2Csn-un57en7s&ms=au%2Crdu&mv=m&mvi=6&pcm2cms=yes&pl=16&gcr=tw&initcwndbps=403750&vprv=1&mime=audio%2Fwebm&ns=vAw1FKW3MM2SjFbXwP2tvBkF&gir=yes&clen=2015683&dur=208.021&lmt=1600502284302580&mt=1608617798&fvip=6&keepalive=yes&c=WEB&txp=2311224&n=i-JBoG7kS4CjmrV3&sparams=expire%2Cei%2Cip%2Cid%2Citag%2Csource%2Crequiressl%2Cgcr%2Cvprv%2Cmime%2Cns%2Cgir%2Cclen%2Cdur%2Clmt&lsparams=mh%2Cmm%2Cmn%2Cms%2Cmv%2Cmvi%2Cpcm2cms%2Cpl%2Cinitcwndbps&lsig=AG3C_xAwRQIgRGKYhPowOVLjuFH39J4yT4EW8vyJ1rjdtVjaCePyaygCIQCNGKjhd8ZnsXYUi1shWYlShAjP_EYcS0pKPjcXQb7UZg%3D%3D&sig=AOq0QJ8wRQIhAJ075WNMjHtVQEvytMq8UngIFTY6iQ5ezsDsvBX3jy3DAiB-MhlAp6d-ABm7OWb7TtGDy4alPEqU5TKudSriv3MloA==&ratebypass=yes", "player_url": "/s/player/5dd3f3b2/player_ias.vflset/en_US/base.js", "ext": "webm", "format_note": "tiny", "acodec": "opus", "abr": 70, "asr": 48000, "filesize": 2015683, "fps": null, "height": null, "tbr": 84.768, "width": null, "vcodec": "none", "downloader_options": {"http_chunk_size": 10485760}, "format": "250 - audio only (tiny)", "protocol": "https", "http_headers": {"User-Agent": "Mozilla/5.0 (Windows NT 10.0; Win64; x64) AppleWebKit/537.36 (KHTML, like Gecko) Chrome/72.0.3626.92 Safari/537.36", "Accept-Charset": "ISO-8859-1,utf-8;q=0.7,*;q=0.7", "Accept": "text/html,application/xhtml+xml,application/xml;q=0.9,*/*;q=0.8", "Accept-Encoding": "gzip, deflate", "Accept-Language": "en-us,en;q=0.5"}}, {"format_id": "140", "url": "https://r6---sn-5njj-u2xe.googlevideo.com/videoplayback?expire=1608639789&ei=zZDhX630KIO-gAPp04LQDQ&ip=140.109.134.236&id=o-ANnCDw25Kwo9iKsyCHtD0OWh6KU4tXxpgmaLrvU-nmjz&itag=140&source=youtube&requiressl=yes&mh=OC&mm=31%2C29&mn=sn-5njj-u2xe%2Csn-un57en7s&ms=au%2Crdu&mv=m&mvi=6&pcm2cms=yes&pl=16&gcr=tw&initcwndbps=403750&vprv=1&mime=audio%2Fmp4&ns=vAw1FKW3MM2SjFbXwP2tvBkF&gir=yes&clen=3369534&dur=207.999&lmt=1600492517215947&mt=1608617798&fvip=6&keepalive=yes&c=WEB&txp=2311222&n=i-JBoG7kS4CjmrV3&sparams=expire%2Cei%2Cip%2Cid%2Citag%2Csource%2Crequiressl%2Cgcr%2Cvprv%2Cmime%2Cns%2Cgir%2Cclen%2Cdur%2Clmt&lsparams=mh%2Cmm%2Cmn%2Cms%2Cmv%2Cmvi%2Cpcm2cms%2Cpl%2Cinitcwndbps&lsig=AG3C_xAwRQIhALFOTasSuUUjuevriFF-cICIPNYJPfmUg5PvRCswyf5fAiAzHy05D6bMnnL55_9A1RsmNExHv-Ou21sa8JQ3C8kq5g%3D%3D&sig=AOq0QJ8wRQIhAPRCFU2BYuWp3tgiYmReuZncdRW_hXn-CXsv6bOj2EWIAiAdvWUq-bMdZhWhCL92OBfDYzP8gjaRMIa6UjdbGWsCkg==&ratebypass=yes", "player_url": "/s/player/5dd3f3b2/player_ias.vflset/en_US/base.js", "ext": "m4a", "format_note": "tiny", "acodec": "mp4a.40.2", "abr": 128, "container": "m4a_dash", "asr": 44100, "filesize": 3369534, "fps": null, "height": null, "tbr": 131.0, "width": null, "vcodec": "none", "downloader_options": {"http_chunk_size": 10485760}, "format": "140 - audio only (tiny)", "protocol": "https", "http_headers": {"User-Agent": "Mozilla/5.0 (Windows NT 10.0; Win64; x64) AppleWebKit/537.36 (KHTML, like Gecko) Chrome/72.0.3626.92 Safari/537.36", "Accept-Charset": "ISO-8859-1,utf-8;q=0.7,*;q=0.7", "Accept": "text/html,application/xhtml+xml,application/xml;q=0.9,*/*;q=0.8", "Accept-Encoding": "gzip, deflate", "Accept-Language": "en-us,en;q=0.5"}}, {"format_id": "251", "url": "https://r6---sn-5njj-u2xe.googlevideo.com/videoplayback?expire=1608639789&ei=zZDhX630KIO-gAPp04LQDQ&ip=140.109.134.236&id=o-ANnCDw25Kwo9iKsyCHtD0OWh6KU4tXxpgmaLrvU-nmjz&itag=251&source=youtube&requiressl=yes&mh=OC&mm=31%2C29&mn=sn-5njj-u2xe%2Csn-un57en7s&ms=au%2Crdu&mv=m&mvi=6&pcm2cms=yes&pl=16&gcr=tw&initcwndbps=403750&vprv=1&mime=audio%2Fwebm&ns=vAw1FKW3MM2SjFbXwP2tvBkF&gir=yes&clen=4002436&dur=208.021&lmt=1600502070185724&mt=1608617798&fvip=6&keepalive=yes&c=WEB&txp=2311224&n=i-JBoG7kS4CjmrV3&sparams=expire%2Cei%2Cip%2Cid%2Citag%2Csource%2Crequiressl%2Cgcr%2Cvprv%2Cmime%2Cns%2Cgir%2Cclen%2Cdur%2Clmt&lsparams=mh%2Cmm%2Cmn%2Cms%2Cmv%2Cmvi%2Cpcm2cms%2Cpl%2Cinitcwndbps&lsig=AG3C_xAwRQIgR-Jr62yxVPM5S3M_AyPQC83FTDxa5Gg55WGFyKXhTS8CIQChxNrfZkO8eIK2_WIBM4kaMjXm29I3Sbv-xdz5EWh3Ug%3D%3D&sig=AOq0QJ8wRQIhAPZNzhx61YcPIfrS9VHyVpMJtAGHPc-bcxuxx7cs_3xTAiAvvDjZajMneUHNAdk4X3L-WZhclsgNj55JPriglzoO5A==&ratebypass=yes", "player_url": "/s/player/5dd3f3b2/player_ias.vflset/en_US/base.js", "ext": "webm", "format_note": "tiny", "acodec": "opus", "abr": 160, "asr": 48000, "filesize": 4002436, "fps": null, "height": null, "tbr": 159.369, "width": null, "vcodec": "none", "downloader_options": {"http_chunk_size": 10485760}, "format": "251 - audio only (tiny)", "protocol": "https", "http_headers": {"User-Agent": "Mozilla/5.0 (Windows NT 10.0; Win64; x64) AppleWebKit/537.36 (KHTML, like Gecko) Chrome/72.0.3626.92 Safari/537.36", "Accept-Charset": "ISO-8859-1,utf-8;q=0.7,*;q=0.7", "Accept": "text/html,application/xhtml+xml,application/xml;q=0.9,*/*;q=0.8", "Accept-Encoding": "gzip, deflate", "Accept-Language": "en-us,en;q=0.5"}}, {"format_id": "278", "url": "https://r6---sn-5njj-u2xe.googlevideo.com/videoplayback?expire=1608639789&ei=zZDhX630KIO-gAPp04LQDQ&ip=140.109.134.236&id=o-ANnCDw25Kwo9iKsyCHtD0OWh6KU4tXxpgmaLrvU-nmjz&itag=278&aitags=133%2C134%2C135%2C136%2C137%2C160%2C242%2C243%2C244%2C247%2C248%2C278&source=youtube&requiressl=yes&mh=OC&mm=31%2C29&mn=sn-5njj-u2xe%2Csn-un57en7s&ms=au%2Crdu&mv=m&mvi=6&pcm2cms=yes&pl=16&gcr=tw&initcwndbps=403750&vprv=1&mime=video%2Fwebm&ns=vAw1FKW3MM2SjFbXwP2tvBkF&gir=yes&clen=521480&dur=208.000&lmt=1600504095643058&mt=1608617798&fvip=6&keepalive=yes&c=WEB&txp=2311224&n=i-JBoG7kS4CjmrV3&sparams=expire%2Cei%2Cip%2Cid%2Caitags%2Csource%2Crequiressl%2Cgcr%2Cvprv%2Cmime%2Cns%2Cgir%2Cclen%2Cdur%2Clmt&lsparams=mh%2Cmm%2Cmn%2Cms%2Cmv%2Cmvi%2Cpcm2cms%2Cpl%2Cinitcwndbps&lsig=AG3C_xAwRQIgCowojOHs0C87Uuzibn2sTMBqUBSMtHt31s6i0VEpr-gCIQDs6KjizbA4hYLnKT93gU7NqTqGWTfGvzBI6ZXVZMWX_A%3D%3D&sig=AOq0QJ8wRAIgGOMvw5nzutNUKLdPOQ7mgC-upHG8mD7r1Bn5U4XYzccCIHvQiibd6VxtqJTLahxO2BTc5k6SGiYJtKFFfCfQqepI&ratebypass=yes", "player_url": "/s/player/5dd3f3b2/player_ias.vflset/en_US/base.js", "ext": "webm", "height": 144, "format_note": "144p", "container": "webm", "vcodec": "vp9", "asr": null, "filesize": 521480, "fps": 25, "tbr": 29.2, "width": 144, "acodec": "none", "downloader_options": {"http_chunk_size": 10485760}, "format": "278 - 144x144 (144p)", "protocol": "https", "http_headers": {"User-Agent": "Mozilla/5.0 (Windows NT 10.0; Win64; x64) AppleWebKit/537.36 (KHTML, like Gecko) Chrome/72.0.3626.92 Safari/537.36", "Accept-Charset": "ISO-8859-1,utf-8;q=0.7,*;q=0.7", "Accept": "text/html,application/xhtml+xml,application/xml;q=0.9,*/*;q=0.8", "Accept-Encoding": "gzip, deflate", "Accept-Language": "en-us,en;q=0.5"}}, {"format_id": "134", "url": "https://r6---sn-5njj-u2xe.googlevideo.com/videoplayback?expire=1608639789&ei=zZDhX630KIO-gAPp04LQDQ&ip=140.109.134.236&id=o-ANnCDw25Kwo9iKsyCHtD0OWh6KU4tXxpgmaLrvU-nmjz&itag=134&aitags=133%2C134%2C135%2C136%2C137%2C160%2C242%2C243%2C244%2C247%2C248%2C278&source=youtube&requiressl=yes&mh=OC&mm=31%2C29&mn=sn-5njj-u2xe%2Csn-un57en7s&ms=au%2Crdu&mv=m&mvi=6&pcm2cms=yes&pl=16&gcr=tw&initcwndbps=403750&vprv=1&mime=video%2Fmp4&ns=vAw1FKW3MM2SjFbXwP2tvBkF&gir=yes&clen=686875&dur=208.000&lmt=1600498137453210&mt=1608617798&fvip=6&keepalive=yes&c=WEB&txp=2311222&n=i-JBoG7kS4CjmrV3&sparams=expire%2Cei%2Cip%2Cid%2Caitags%2Csource%2Crequiressl%2Cgcr%2Cvprv%2Cmime%2Cns%2Cgir%2Cclen%2Cdur%2Clmt&lsparams=mh%2Cmm%2Cmn%2Cms%2Cmv%2Cmvi%2Cpcm2cms%2Cpl%2Cinitcwndbps&lsig=AG3C_xAwRQIhAOBFNItLsgWTifbWnMzb62OrUyQNnsChTW1ws7VrqcOfAiBeZotemOlE_QJTrf0POw3a4vHV6xp5-VUdR5cEAMxngQ%3D%3D&sig=AOq0QJ8wRgIhAJ0eTFGyLeT_nWY6qenTLlzy2l2wD1Rpe6uqTv51Kg43AiEAlJCDRPIRswm6heiyr5pVUMVl9EV0ctvwLXIXMrNix58=&ratebypass=yes", "player_url": "/s/player/5dd3f3b2/player_ias.vflset/en_US/base.js", "ext": "mp4", "height": 360, "format_note": "360p", "vcodec": "avc1.4d4015", "asr": null, "filesize": 686875, "fps": 25, "tbr": 37.557, "width": 360, "acodec": "none", "downloader_options": {"http_chunk_size": 10485760}, "format": "134 - 360x360 (360p)", "protocol": "https", "http_headers": {"User-Agent": "Mozilla/5.0 (Windows NT 10.0; Win64; x64) AppleWebKit/537.36 (KHTML, like Gecko) Chrome/72.0.3626.92 Safari/537.36", "Accept-Charset": "ISO-8859-1,utf-8;q=0.7,*;q=0.7", "Accept": "text/html,application/xhtml+xml,application/xml;q=0.9,*/*;q=0.8", "Accept-Encoding": "gzip, deflate", "Accept-Language": "en-us,en;q=0.5"}}, {"format_id": "160", "url": "https://r6---sn-5njj-u2xe.googlevideo.com/videoplayback?expire=1608639789&ei=zZDhX630KIO-gAPp04LQDQ&ip=140.109.134.236&id=o-ANnCDw25Kwo9iKsyCHtD0OWh6KU4tXxpgmaLrvU-nmjz&itag=160&aitags=133%2C134%2C135%2C136%2C137%2C160%2C242%2C243%2C244%2C247%2C248%2C278&source=youtube&requiressl=yes&mh=OC&mm=31%2C29&mn=sn-5njj-u2xe%2Csn-un57en7s&ms=au%2Crdu&mv=m&mvi=6&pcm2cms=yes&pl=16&gcr=tw&initcwndbps=403750&vprv=1&mime=video%2Fmp4&ns=vAw1FKW3MM2SjFbXwP2tvBkF&gir=yes&clen=758389&dur=208.000&lmt=1600498137454941&mt=1608617798&fvip=6&keepalive=yes&c=WEB&txp=2311222&n=i-JBoG7kS4CjmrV3&sparams=expire%2Cei%2Cip%2Cid%2Caitags%2Csource%2Crequiressl%2Cgcr%2Cvprv%2Cmime%2Cns%2Cgir%2Cclen%2Cdur%2Clmt&lsparams=mh%2Cmm%2Cmn%2Cms%2Cmv%2Cmvi%2Cpcm2cms%2Cpl%2Cinitcwndbps&lsig=AG3C_xAwRQIgambIqwRrdRSzIb1ryII7fmZr35Qj8WEEgZK9vGkqIlICIQDGUXMQhknBDeXgJ7jWnJhcFg6JtA3hiM35CfJIJOF09w%3D%3D&sig=AOq0QJ8wRAIgEVmL5Nk2p9fFd69R8qhncLOyK80u04qBahc58LFEONMCIAFaxCNhypesYTo_pWiNmd9KBZ6fBxVi3YfpPTxxl7JG&ratebypass=yes", "player_url": "/s/player/5dd3f3b2/player_ias.vflset/en_US/base.js", "ext": "mp4", "height": 144, "format_note": "144p", "vcodec": "avc1.4d400b", "asr": null, "filesize": 758389, "fps": 25, "tbr": 41.96, "width": 144, "acodec": "none", "downloader_options": {"http_chunk_size": 10485760}, "format": "160 - 144x144 (144p)", "protocol": "https", "http_headers": {"User-Agent": "Mozilla/5.0 (Windows NT 10.0; Win64; x64) AppleWebKit/537.36 (KHTML, like Gecko) Chrome/72.0.3626.92 Safari/537.36", "Accept-Charset": "ISO-8859-1,utf-8;q=0.7,*;q=0.7", "Accept": "text/html,application/xhtml+xml,application/xml;q=0.9,*/*;q=0.8", "Accept-Encoding": "gzip, deflate", "Accept-Language": "en-us,en;q=0.5"}}, {"format_id": "242", "url": "https://r6---sn-5njj-u2xe.googlevideo.com/videoplayback?expire=1608639789&ei=zZDhX630KIO-gAPp04LQDQ&ip=140.109.134.236&id=o-ANnCDw25Kwo9iKsyCHtD0OWh6KU4tXxpgmaLrvU-nmjz&itag=242&aitags=133%2C134%2C135%2C136%2C137%2C160%2C242%2C243%2C244%2C247%2C248%2C278&source=youtube&requiressl=yes&mh=OC&mm=31%2C29&mn=sn-5njj-u2xe%2Csn-un57en7s&ms=au%2Crdu&mv=m&mvi=6&pcm2cms=yes&pl=16&gcr=tw&initcwndbps=403750&vprv=1&mime=video%2Fwebm&ns=vAw1FKW3MM2SjFbXwP2tvBkF&gir=yes&clen=898378&dur=208.000&lmt=1600503897575980&mt=1608617798&fvip=6&keepalive=yes&c=WEB&txp=2311224&n=i-JBoG7kS4CjmrV3&sparams=expire%2Cei%2Cip%2Cid%2Caitags%2Csource%2Crequiressl%2Cgcr%2Cvprv%2Cmime%2Cns%2Cgir%2Cclen%2Cdur%2Clmt&lsparams=mh%2Cmm%2Cmn%2Cms%2Cmv%2Cmvi%2Cpcm2cms%2Cpl%2Cinitcwndbps&lsig=AG3C_xAwRAIgHjZnCh2Ljo82asyzjcMxvSWi3TWcFTvqmXGaedTC9RECIEsahR_GKz-3x8M4MphrE0PdeekkWxXKiw1wIidZfHqd&sig=AOq0QJ8wRgIhAOrz4EEVBcOxonA0lKFfCjacINNQOW8SlgAO2g9cyRc7AiEAvPlW1qC1HtLpx_6sY9TLWTsIt_mBCgdZQnLQBpGcHfE=&ratebypass=yes", "player_url": "/s/player/5dd3f3b2/player_ias.vflset/en_US/base.js", "ext": "webm", "height": 240, "format_note": "240p", "vcodec": "vp9", "asr": null, "filesize": 898378, "fps": 25, "tbr": 52.257, "width": 240, "acodec": "none", "downloader_options": {"http_chunk_size": 10485760}, "format": "242 - 240x240 (240p)", "protocol": "https", "http_headers": {"User-Agent": "Mozilla/5.0 (Windows NT 10.0; Win64; x64) AppleWebKit/537.36 (KHTML, like Gecko) Chrome/72.0.3626.92 Safari/537.36", "Accept-Charset": "ISO-8859-1,utf-8;q=0.7,*;q=0.7", "Accept": "text/html,application/xhtml+xml,application/xml;q=0.9,*/*;q=0.8", "Accept-Encoding": "gzip, deflate", "Accept-Language": "en-us,en;q=0.5"}}, {"format_id": "135", "url": "https://r6---sn-5njj-u2xe.googlevideo.com/videoplayback?expire=1608639789&ei=zZDhX630KIO-gAPp04LQDQ&ip=140.109.134.236&id=o-ANnCDw25Kwo9iKsyCHtD0OWh6KU4tXxpgmaLrvU-nmjz&itag=135&aitags=133%2C134%2C135%2C136%2C137%2C160%2C242%2C243%2C244%2C247%2C248%2C278&source=youtube&requiressl=yes&mh=OC&mm=31%2C29&mn=sn-5njj-u2xe%2Csn-un57en7s&ms=au%2Crdu&mv=m&mvi=6&pcm2cms=yes&pl=16&gcr=tw&initcwndbps=403750&vprv=1&mime=video%2Fmp4&ns=vAw1FKW3MM2SjFbXwP2tvBkF&gir=yes&clen=1125594&dur=208.000&lmt=1600498137454116&mt=1608617798&fvip=6&keepalive=yes&c=WEB&txp=2311222&n=i-JBoG7kS4CjmrV3&sparams=expire%2Cei%2Cip%2Cid%2Caitags%2Csource%2Crequiressl%2Cgcr%2Cvprv%2Cmime%2Cns%2Cgir%2Cclen%2Cdur%2Clmt&lsparams=mh%2Cmm%2Cmn%2Cms%2Cmv%2Cmvi%2Cpcm2cms%2Cpl%2Cinitcwndbps&lsig=AG3C_xAwRgIhAMfi7g4sMvc4n5Dr7Q7uotznL_gIHXx1edQ8buy5-9HBAiEAom5mdhcYVUO0WyRAcRa30FF3E6TGVR-zeDh6SR5JvJU%3D&sig=AOq0QJ8wRAIgc3Zbigv1yUPhercdNr7XLInS39uRjTsEsa2oS0WM1FQCIFquNfrJmzk0dWleI97K8cQRYk7GDwychjJte7JJQ-Zi&ratebypass=yes", "player_url": "/s/player/5dd3f3b2/player_ias.vflset/en_US/base.js", "ext": "mp4", "height": 480, "format_note": "480p", "vcodec": "avc1.4d401e", "asr": null, "filesize": 1125594, "fps": 25, "tbr": 62.995, "width": 480, "acodec": "none", "downloader_options": {"http_chunk_size": 10485760}, "format": "135 - 480x480 (480p)", "protocol": "https", "http_headers": {"User-Agent": "Mozilla/5.0 (Windows NT 10.0; Win64; x64) AppleWebKit/537.36 (KHTML, like Gecko) Chrome/72.0.3626.92 Safari/537.36", "Accept-Charset": "ISO-8859-1,utf-8;q=0.7,*;q=0.7", "Accept": "text/html,application/xhtml+xml,application/xml;q=0.9,*/*;q=0.8", "Accept-Encoding": "gzip, deflate", "Accept-Language": "en-us,en;q=0.5"}}, {"format_id": "243", "url": "https://r6---sn-5njj-u2xe.googlevideo.com/videoplayback?expire=1608639789&ei=zZDhX630KIO-gAPp04LQDQ&ip=140.109.134.236&id=o-ANnCDw25Kwo9iKsyCHtD0OWh6KU4tXxpgmaLrvU-nmjz&itag=243&aitags=133%2C134%2C135%2C136%2C137%2C160%2C242%2C243%2C244%2C247%2C248%2C278&source=youtube&requiressl=yes&mh=OC&mm=31%2C29&mn=sn-5njj-u2xe%2Csn-un57en7s&ms=au%2Crdu&mv=m&mvi=6&pcm2cms=yes&pl=16&gcr=tw&initcwndbps=403750&vprv=1&mime=video%2Fwebm&ns=vAw1FKW3MM2SjFbXwP2tvBkF&gir=yes&clen=1248137&dur=208.000&lmt=1600504082494053&mt=1608617798&fvip=6&keepalive=yes&c=WEB&txp=2311224&n=i-JBoG7kS4CjmrV3&sparams=expire%2Cei%2Cip%2Cid%2Caitags%2Csource%2Crequiressl%2Cgcr%2Cvprv%2Cmime%2Cns%2Cgir%2Cclen%2Cdur%2Clmt&lsparams=mh%2Cmm%2Cmn%2Cms%2Cmv%2Cmvi%2Cpcm2cms%2Cpl%2Cinitcwndbps&lsig=AG3C_xAwRQIgDC9wR-GOtvVWLcxRkAYydhBJv-v9Z4L0tAPjrr_Wvw0CIQCdxcGfIrCMRp062FWC97ugDkn9Bk32Y4Pj3aUM1ugX0g%3D%3D&sig=AOq0QJ8wRgIhAI4mdxNBnBc8e6YuUo51AunCNkuUAXxMBCDqGzO8V4iOAiEAyYduDQx1TtolvhLAszq2p3Iizuql4AC8ZtdjvUK3-sY=&ratebypass=yes", "player_url": "/s/player/5dd3f3b2/player_ias.vflset/en_US/base.js", "ext": "webm", "height": 360, "format_note": "360p", "vcodec": "vp9", "asr": null, "filesize": 1248137, "fps": 25, "tbr": 73.49, "width": 360, "acodec": "none", "downloader_options": {"http_chunk_size": 10485760}, "format": "243 - 360x360 (360p)", "protocol": "https", "http_headers": {"User-Agent": "Mozilla/5.0 (Windows NT 10.0; Win64; x64) AppleWebKit/537.36 (KHTML, like Gecko) Chrome/72.0.3626.92 Safari/537.36", "Accept-Charset": "ISO-8859-1,utf-8;q=0.7,*;q=0.7", "Accept": "text/html,application/xhtml+xml,application/xml;q=0.9,*/*;q=0.8", "Accept-Encoding": "gzip, deflate", "Accept-Language": "en-us,en;q=0.5"}}, {"format_id": "133", "url": "https://r6---sn-5njj-u2xe.googlevideo.com/videoplayback?expire=1608639789&ei=zZDhX630KIO-gAPp04LQDQ&ip=140.109.134.236&id=o-ANnCDw25Kwo9iKsyCHtD0OWh6KU4tXxpgmaLrvU-nmjz&itag=133&aitags=133%2C134%2C135%2C136%2C137%2C160%2C242%2C243%2C244%2C247%2C248%2C278&source=youtube&requiressl=yes&mh=OC&mm=31%2C29&mn=sn-5njj-u2xe%2Csn-un57en7s&ms=au%2Crdu&mv=m&mvi=6&pcm2cms=yes&pl=16&gcr=tw&initcwndbps=403750&vprv=1&mime=video%2Fmp4&ns=vAw1FKW3MM2SjFbXwP2tvBkF&gir=yes&clen=1572576&dur=208.000&lmt=1600498137452419&mt=1608617798&fvip=6&keepalive=yes&c=WEB&txp=2311222&n=i-JBoG7kS4CjmrV3&sparams=expire%2Cei%2Cip%2Cid%2Caitags%2Csource%2Crequiressl%2Cgcr%2Cvprv%2Cmime%2Cns%2Cgir%2Cclen%2Cdur%2Clmt&lsparams=mh%2Cmm%2Cmn%2Cms%2Cmv%2Cmvi%2Cpcm2cms%2Cpl%2Cinitcwndbps&lsig=AG3C_xAwRQIhAN5uzdD--vYXVxPuR-rKqHQnERYw1601x48v9HzClV6qAiAUjZ7afTMK0QDHE2zjdcVVUWDnkgZrvmxtDDp2WxSWKg%3D%3D&sig=AOq0QJ8wRQIgTh0EgvjqW5uipTXvjyAon3ex2MMzAkjFSpcQcwIuIRkCIQD9CvzkHBpF9whsGqSp89x0CWq5M_q2hJV9A54qiXXNsQ==&ratebypass=yes", "player_url": "/s/player/5dd3f3b2/player_ias.vflset/en_US/base.js", "ext": "mp4", "height": 240, "format_note": "240p", "vcodec": "avc1.4d400c", "asr": null, "filesize": 1572576, "fps": 25, "tbr": 93.892, "width": 240, "acodec": "none", "downloader_options": {"http_chunk_size": 10485760}, "format": "133 - 240x240 (240p)", "protocol": "https", "http_headers": {"User-Agent": "Mozilla/5.0 (Windows NT 10.0; Win64; x64) AppleWebKit/537.36 (KHTML, like Gecko) Chrome/72.0.3626.92 Safari/537.36", "Accept-Charset": "ISO-8859-1,utf-8;q=0.7,*;q=0.7", "Accept": "text/html,application/xhtml+xml,application/xml;q=0.9,*/*;q=0.8", "Accept-Encoding": "gzip, deflate", "Accept-Language": "en-us,en;q=0.5"}}, {"format_id": "136", "url": "https://r6---sn-5njj-u2xe.googlevideo.com/videoplayback?expire=1608639789&ei=zZDhX630KIO-gAPp04LQDQ&ip=140.109.134.236&id=o-ANnCDw25Kwo9iKsyCHtD0OWh6KU4tXxpgmaLrvU-nmjz&itag=136&aitags=133%2C134%2C135%2C136%2C137%2C160%2C242%2C243%2C244%2C247%2C248%2C278&source=youtube&requiressl=yes&mh=OC&mm=31%2C29&mn=sn-5njj-u2xe%2Csn-un57en7s&ms=au%2Crdu&mv=m&mvi=6&pcm2cms=yes&pl=16&gcr=tw&initcwndbps=403750&vprv=1&mime=video%2Fmp4&ns=vAw1FKW3MM2SjFbXwP2tvBkF&gir=yes&clen=1967066&dur=208.000&lmt=1600498137453310&mt=1608617798&fvip=6&keepalive=yes&c=WEB&txp=2311222&n=i-JBoG7kS4CjmrV3&sparams=expire%2Cei%2Cip%2Cid%2Caitags%2Csource%2Crequiressl%2Cgcr%2Cvprv%2Cmime%2Cns%2Cgir%2Cclen%2Cdur%2Clmt&lsparams=mh%2Cmm%2Cmn%2Cms%2Cmv%2Cmvi%2Cpcm2cms%2Cpl%2Cinitcwndbps&lsig=AG3C_xAwRgIhAJPEFBi-wollDBX3gE-imy5AULna9eFGXM_PNbURdvZiAiEApgD8lIP8M3KHPpPzOcBhpRhCgskobDrwWyRqjLJSHjU%3D&sig=AOq0QJ8wRAIgY5HW6wddJOC1wYI1a6TFSNObJEU8bd-K-sxljHCkOmICIFgtuc4j91Ufz9oELzfSCpuYO0bXjEOlmt_afm_bJh7U&ratebypass=yes", "player_url": "/s/player/5dd3f3b2/player_ias.vflset/en_US/base.js", "ext": "mp4", "height": 720, "format_note": "720p", "vcodec": "avc1.4d401f", "asr": null, "filesize": 1967066, "fps": 25, "tbr": 112.217, "width": 720, "acodec": "none", "downloader_options": {"http_chunk_size": 10485760}, "format": "136 - 720x720 (720p)", "protocol": "https", "http_headers": {"User-Agent": "Mozilla/5.0 (Windows NT 10.0; Win64; x64) AppleWebKit/537.36 (KHTML, like Gecko) Chrome/72.0.3626.92 Safari/537.36", "Accept-Charset": "ISO-8859-1,utf-8;q=0.7,*;q=0.7", "Accept": "text/html,application/xhtml+xml,application/xml;q=0.9,*/*;q=0.8", "Accept-Encoding": "gzip, deflate", "Accept-Language": "en-us,en;q=0.5"}}, {"format_id": "244", "url": "https://r6---sn-5njj-u2xe.googlevideo.com/videoplayback?expire=1608639789&ei=zZDhX630KIO-gAPp04LQDQ&ip=140.109.134.236&id=o-ANnCDw25Kwo9iKsyCHtD0OWh6KU4tXxpgmaLrvU-nmjz&itag=244&aitags=133%2C134%2C135%2C136%2C137%2C160%2C242%2C243%2C244%2C247%2C248%2C278&source=youtube&requiressl=yes&mh=OC&mm=31%2C29&mn=sn-5njj-u2xe%2Csn-un57en7s&ms=au%2Crdu&mv=m&mvi=6&pcm2cms=yes&pl=16&gcr=tw&initcwndbps=403750&vprv=1&mime=video%2Fwebm&ns=vAw1FKW3MM2SjFbXwP2tvBkF&gir=yes&clen=2114671&dur=208.000&lmt=1600504054210290&mt=1608617798&fvip=6&keepalive=yes&c=WEB&txp=2311224&n=i-JBoG7kS4CjmrV3&sparams=expire%2Cei%2Cip%2Cid%2Caitags%2Csource%2Crequiressl%2Cgcr%2Cvprv%2Cmime%2Cns%2Cgir%2Cclen%2Cdur%2Clmt&lsparams=mh%2Cmm%2Cmn%2Cms%2Cmv%2Cmvi%2Cpcm2cms%2Cpl%2Cinitcwndbps&lsig=AG3C_xAwRQIgRdUpCqnyIp6y2GwvDTnK3fl8LdsRPFDG219O-3MZBNUCIQDBxcAgsV6QvkwNEpB84hXOd9kYGEslXTaRTDPszLD0eA%3D%3D&sig=AOq0QJ8wRQIgTp05I_VUXHuvN8b6mvolEA5_Hux-OsN7qQAqaAXlxMACIQCYv5i1ftXstZs-WzuYw1a__U-py556GP-xvvnqivweKg==&ratebypass=yes", "player_url": "/s/player/5dd3f3b2/player_ias.vflset/en_US/base.js", "ext": "webm", "height": 480, "format_note": "480p", "vcodec": "vp9", "asr": null, "filesize": 2114671, "fps": 25, "tbr": 126.235, "width": 480, "acodec": "none", "downloader_options": {"http_chunk_size": 10485760}, "format": "244 - 480x480 (480p)", "protocol": "https", "http_headers": {"User-Agent": "Mozilla/5.0 (Windows NT 10.0; Win64; x64) AppleWebKit/537.36 (KHTML, like Gecko) Chrome/72.0.3626.92 Safari/537.36", "Accept-Charset": "ISO-8859-1,utf-8;q=0.7,*;q=0.7", "Accept": "text/html,application/xhtml+xml,application/xml;q=0.9,*/*;q=0.8", "Accept-Encoding": "gzip, deflate", "Accept-Language": "en-us,en;q=0.5"}}, {"format_id": "137", "url": "https://r6---sn-5njj-u2xe.googlevideo.com/videoplayback?expire=1608639789&ei=zZDhX630KIO-gAPp04LQDQ&ip=140.109.134.236&id=o-ANnCDw25Kwo9iKsyCHtD0OWh6KU4tXxpgmaLrvU-nmjz&itag=137&aitags=133%2C134%2C135%2C136%2C137%2C160%2C242%2C243%2C244%2C247%2C248%2C278&source=youtube&requiressl=yes&mh=OC&mm=31%2C29&mn=sn-5njj-u2xe%2Csn-un57en7s&ms=au%2Crdu&mv=m&mvi=6&pcm2cms=yes&pl=16&gcr=tw&initcwndbps=403750&vprv=1&mime=video%2Fmp4&ns=vAw1FKW3MM2SjFbXwP2tvBkF&gir=yes&clen=3862352&dur=208.000&lmt=1600498137452717&mt=1608617798&fvip=6&keepalive=yes&c=WEB&txp=2311222&n=i-JBoG7kS4CjmrV3&sparams=expire%2Cei%2Cip%2Cid%2Caitags%2Csource%2Crequiressl%2Cgcr%2Cvprv%2Cmime%2Cns%2Cgir%2Cclen%2Cdur%2Clmt&lsparams=mh%2Cmm%2Cmn%2Cms%2Cmv%2Cmvi%2Cpcm2cms%2Cpl%2Cinitcwndbps&lsig=AG3C_xAwRQIgSvYhvxKDuhXEkdNJhCNvk4UFQ7BKlhQ59WleCuXkWakCIQD_kws24uToraA7-9HYuFy4vIceFwwiRUy2AOVtaUXSDA%3D%3D&sig=AOq0QJ8wRQIgTHsiXB97881Ke5zYGfliWW-84llmfYG8cE_0vimgLaYCIQCPh9KmP3JAsxvXpl8CjC4zQo7pJ5YSK3Z2ZSiu7f2Qqg==&ratebypass=yes", "player_url": "/s/player/5dd3f3b2/player_ias.vflset/en_US/base.js", "ext": "mp4", "height": 1080, "format_note": "1080p", "vcodec": "avc1.640020", "asr": null, "filesize": 3862352, "fps": 25, "tbr": 217.632, "width": 1080, "acodec": "none", "downloader_options": {"http_chunk_size": 10485760}, "format": "137 - 1080x1080 (1080p)", "protocol": "https", "http_headers": {"User-Agent": "Mozilla/5.0 (Windows NT 10.0; Win64; x64) AppleWebKit/537.36 (KHTML, like Gecko) Chrome/72.0.3626.92 Safari/537.36", "Accept-Charset": "ISO-8859-1,utf-8;q=0.7,*;q=0.7", "Accept": "text/html,application/xhtml+xml,application/xml;q=0.9,*/*;q=0.8", "Accept-Encoding": "gzip, deflate", "Accept-Language": "en-us,en;q=0.5"}}, {"format_id": "247", "url": "https://r6---sn-5njj-u2xe.googlevideo.com/videoplayback?expire=1608639789&ei=zZDhX630KIO-gAPp04LQDQ&ip=140.109.134.236&id=o-ANnCDw25Kwo9iKsyCHtD0OWh6KU4tXxpgmaLrvU-nmjz&itag=247&aitags=133%2C134%2C135%2C136%2C137%2C160%2C242%2C243%2C244%2C247%2C248%2C278&source=youtube&requiressl=yes&mh=OC&mm=31%2C29&mn=sn-5njj-u2xe%2Csn-un57en7s&ms=au%2Crdu&mv=m&mvi=6&pcm2cms=yes&pl=16&gcr=tw&initcwndbps=403750&vprv=1&mime=video%2Fwebm&ns=vAw1FKW3MM2SjFbXwP2tvBkF&gir=yes&clen=5424753&dur=208.000&lmt=1600506559063061&mt=1608617798&fvip=6&keepalive=yes&c=WEB&txp=2311224&n=i-JBoG7kS4CjmrV3&sparams=expire%2Cei%2Cip%2Cid%2Caitags%2Csource%2Crequiressl%2Cgcr%2Cvprv%2Cmime%2Cns%2Cgir%2Cclen%2Cdur%2Clmt&lsparams=mh%2Cmm%2Cmn%2Cms%2Cmv%2Cmvi%2Cpcm2cms%2Cpl%2Cinitcwndbps&lsig=AG3C_xAwRAIgeXtg81KrYAoVn5M0fcmNj2ESCFVRWuFUIhkmchzEvYgCIEiU2QrUOgOQOQgARrMBJOxxMcWfbIp-IE6EKJMG03Xc&sig=AOq0QJ8wRQIgBqPS_jGGcKQAPvagXYREsJbRgNFy-5h9OuuiP0WnB4QCIQCuWuH-MYqIT4u1tEZw1D3Xe2PHo8IJrpwwoAEIYyh5AA==&ratebypass=yes", "player_url": "/s/player/5dd3f3b2/player_ias.vflset/en_US/base.js", "ext": "webm", "height": 720, "format_note": "720p", "vcodec": "vp9", "asr": null, "filesize": 5424753, "fps": 25, "tbr": 326.485, "width": 720, "acodec": "none", "downloader_options": {"http_chunk_size": 10485760}, "format": "247 - 720x720 (720p)", "protocol": "https", "http_headers": {"User-Agent": "Mozilla/5.0 (Windows NT 10.0; Win64; x64) AppleWebKit/537.36 (KHTML, like Gecko) Chrome/72.0.3626.92 Safari/537.36", "Accept-Charset": "ISO-8859-1,utf-8;q=0.7,*;q=0.7", "Accept": "text/html,application/xhtml+xml,application/xml;q=0.9,*/*;q=0.8", "Accept-Encoding": "gzip, deflate", "Accept-Language": "en-us,en;q=0.5"}}, {"format_id": "248", "url": "https://r6---sn-5njj-u2xe.googlevideo.com/videoplayback?expire=1608639789&ei=zZDhX630KIO-gAPp04LQDQ&ip=140.109.134.236&id=o-ANnCDw25Kwo9iKsyCHtD0OWh6KU4tXxpgmaLrvU-nmjz&itag=248&aitags=133%2C134%2C135%2C136%2C137%2C160%2C242%2C243%2C244%2C247%2C248%2C278&source=youtube&requiressl=yes&mh=OC&mm=31%2C29&mn=sn-5njj-u2xe%2Csn-un57en7s&ms=au%2Crdu&mv=m&mvi=6&pcm2cms=yes&pl=16&gcr=tw&initcwndbps=403750&vprv=1&mime=video%2Fwebm&ns=vAw1FKW3MM2SjFbXwP2tvBkF&gir=yes&clen=11347418&dur=208.000&lmt=1600503509701704&mt=1608617798&fvip=6&keepalive=yes&c=WEB&txp=2311224&n=i-JBoG7kS4CjmrV3&sparams=expire%2Cei%2Cip%2Cid%2Caitags%2Csource%2Crequiressl%2Cgcr%2Cvprv%2Cmime%2Cns%2Cgir%2Cclen%2Cdur%2Clmt&lsparams=mh%2Cmm%2Cmn%2Cms%2Cmv%2Cmvi%2Cpcm2cms%2Cpl%2Cinitcwndbps&lsig=AG3C_xAwRAIgBfGGAFjCEB-vWek8IcGAkIAO4zDNW3YvAGTpYKGzABgCIFDACIau6f3exHegGISdyEgdNiT3h082346V_MVFuQG_&sig=AOq0QJ8wRQIhAMfV3WSJYmkdk-1_ymyxmLH1KhK2ILCK_hPGXNDM5LB2AiB-aJCran_YZWBwLszKToA_bHnLzb92uQM_rXxfFaWYaA==&ratebypass=yes", "player_url": "/s/player/5dd3f3b2/player_ias.vflset/en_US/base.js", "ext": "webm", "height": 1080, "format_note": "1080p", "vcodec": "vp9", "asr": null, "filesize": 11347418, "fps": 25, "tbr": 687.627, "width": 1080, "acodec": "none", "downloader_options": {"http_chunk_size": 10485760}, "format": "248 - 1080x1080 (1080p)", "protocol": "https", "http_headers": {"User-Agent": "Mozilla/5.0 (Windows NT 10.0; Win64; x64) AppleWebKit/537.36 (KHTML, like Gecko) Chrome/72.0.3626.92 Safari/537.36", "Accept-Charset": "ISO-8859-1,utf-8;q=0.7,*;q=0.7", "Accept": "text/html,application/xhtml+xml,application/xml;q=0.9,*/*;q=0.8", "Accept-Encoding": "gzip, deflate", "Accept-Language": "en-us,en;q=0.5"}}, {"format_id": "18", "url": "https://r6---sn-5njj-u2xe.googlevideo.com/videoplayback?expire=1608639789&ei=zZDhX630KIO-gAPp04LQDQ&ip=140.109.134.236&id=o-ANnCDw25Kwo9iKsyCHtD0OWh6KU4tXxpgmaLrvU-nmjz&itag=18&source=youtube&requiressl=yes&mh=OC&mm=31%2C29&mn=sn-5njj-u2xe%2Csn-un57en7s&ms=au%2Crdu&mv=m&mvi=6&pcm2cms=yes&pl=16&gcr=tw&initcwndbps=403750&vprv=1&mime=video%2Fmp4&ns=sZdwfypuz6tTW2SSGQnfvRUF&gir=yes&clen=3432867&ratebypass=yes&dur=208.050&lmt=1600492511445706&mt=1608617798&fvip=6&c=WEB&txp=2310222&n=lTwrEZK-h9S_6y37&sparams=expire%2Cei%2Cip%2Cid%2Citag%2Csource%2Crequiressl%2Cgcr%2Cvprv%2Cmime%2Cns%2Cgir%2Cclen%2Cratebypass%2Cdur%2Clmt&lsparams=mh%2Cmm%2Cmn%2Cms%2Cmv%2Cmvi%2Cpcm2cms%2Cpl%2Cinitcwndbps&lsig=AG3C_xAwRAIgErQ1J8C5QAHQ93K0DptUbsYIUOb7TqGi4MxILNB0gGwCIB4ufJrvG7mrrDP9ETlHieSAH9-FKIcfABQg0DI2G-M6&sig=AOq0QJ8wRgIhAP9-CsZVj_pqYyVjQxIKEylRUqknwMfNMG0YFML7RwIJAiEAzvQF3eyWhxHs9M26emi83SsQXkrk6ipje5tPUsP6sDw=", "player_url": "/s/player/5dd3f3b2/player_ias.vflset/en_US/base.js", "ext": "mp4", "width": 360, "height": 360, "acodec": "mp4a.40.2", "abr": 96, "vcodec": "avc1.42001E", "asr": 44100, "filesize": 3432867, "format_note": "360p", "fps": 25, "tbr": 132.033, "format": "18 - 360x360 (360p)", "protocol": "https", "http_headers": {"User-Agent": "Mozilla/5.0 (Windows NT 10.0; Win64; x64) AppleWebKit/537.36 (KHTML, like Gecko) Chrome/72.0.3626.92 Safari/537.36", "Accept-Charset": "ISO-8859-1,utf-8;q=0.7,*;q=0.7", "Accept": "text/html,application/xhtml+xml,application/xml;q=0.9,*/*;q=0.8", "Accept-Encoding": "gzip, deflate", "Accept-Language": "en-us,en;q=0.5"}}], "is_live": null, "start_time": null, "end_time": null, "series": null, "season_number": null, "episode_number": null, "track": "Move On", "artist": "Kainbeats & Matthew-Keane Q Wang", "album": "Reflections", "release_date": "20200419", "release_year": 2020, "extractor": "youtube", "webpage_url_basename": "watch", "extractor_key": "Youtube", "playlist": null, "playlist_index": null, "thumbnail": "https://i.ytimg.com/vi_webp/vBHoSz8cJIE/maxresdefault.webp", "display_id": "vBHoSz8cJIE", "requested_subtitles": null, "format_id": "251", "url": "https://r6---sn-5njj-u2xe.googlevideo.com/videoplayback?expire=1608639789&ei=zZDhX630KIO-gAPp04LQDQ&ip=140.109.134.236&id=o-ANnCDw25Kwo9iKsyCHtD0OWh6KU4tXxpgmaLrvU-nmjz&itag=251&source=youtube&requiressl=yes&mh=OC&mm=31%2C29&mn=sn-5njj-u2xe%2Csn-un57en7s&ms=au%2Crdu&mv=m&mvi=6&pcm2cms=yes&pl=16&gcr=tw&initcwndbps=403750&vprv=1&mime=audio%2Fwebm&ns=vAw1FKW3MM2SjFbXwP2tvBkF&gir=yes&clen=4002436&dur=208.021&lmt=1600502070185724&mt=1608617798&fvip=6&keepalive=yes&c=WEB&txp=2311224&n=i-JBoG7kS4CjmrV3&sparams=expire%2Cei%2Cip%2Cid%2Citag%2Csource%2Crequiressl%2Cgcr%2Cvprv%2Cmime%2Cns%2Cgir%2Cclen%2Cdur%2Clmt&lsparams=mh%2Cmm%2Cmn%2Cms%2Cmv%2Cmvi%2Cpcm2cms%2Cpl%2Cinitcwndbps&lsig=AG3C_xAwRQIgR-Jr62yxVPM5S3M_AyPQC83FTDxa5Gg55WGFyKXhTS8CIQChxNrfZkO8eIK2_WIBM4kaMjXm29I3Sbv-xdz5EWh3Ug%3D%3D&sig=AOq0QJ8wRQIhAPZNzhx61YcPIfrS9VHyVpMJtAGHPc-bcxuxx7cs_3xTAiAvvDjZajMneUHNAdk4X3L-WZhclsgNj55JPriglzoO5A==&ratebypass=yes", "player_url": "/s/player/5dd3f3b2/player_ias.vflset/en_US/base.js", "ext": "webm", "format_note": "tiny", "acodec": "opus", "abr": 160, "asr": 48000, "filesize": 4002436, "fps": null, "height": null, "tbr": 159.369, "width": null, "vcodec": "none", "downloader_options": {"http_chunk_size": 10485760}, "format": "251 - audio only (tiny)", "protocol": "https", "http_headers": {"User-Agent": "Mozilla/5.0 (Windows NT 10.0; Win64; x64) AppleWebKit/537.36 (KHTML, like Gecko) Chrome/72.0.3626.92 Safari/537.36", "Accept-Charset": "ISO-8859-1,utf-8;q=0.7,*;q=0.7", "Accept": "text/html,application/xhtml+xml,application/xml;q=0.9,*/*;q=0.8", "Accept-Encoding": "gzip, deflate", "Accept-Language": "en-us,en;q=0.5"}}