{"id": "VCSDjQxAJzc", "uploader": "APX PIANO", "uploader_id": "UCPPGD9EVFhrbzV4r3fJPB5w", "uploader_url": "http://www.youtube.com/channel/UCPPGD9EVFhrbzV4r3fJPB5w", "channel_id": "UCPPGD9EVFhrbzV4r3fJPB5w", "channel_url": "http://www.youtube.com/channel/UCPPGD9EVFhrbzV4r3fJPB5w", "upload_date": "20201204", "license": null, "creator": null, "title": "Aron Edwards - Starling", "alt_title": null, "thumbnails": [{"url": "https://i.ytimg.com/vi/VCSDjQxAJzc/hqdefault.jpg?sqp=-oaymwEYCKgBEF5IVfKriqkDCwgBFQAAiEIYAXAB&rs=AOn4CLA6E8I4NmlbC7HJlc6GcIGV8L221g", "width": 168, "height": 94, "resolution": "168x94", "id": "0"}, {"url": "https://i.ytimg.com/vi/VCSDjQxAJzc/hqdefault.jpg?sqp=-oaymwEYCMQBEG5IVfKriqkDCwgBFQAAiEIYAXAB&rs=AOn4CLD_gpDWsvV5n0OikUjTmU6Jrwasng", "width": 196, "height": 110, "resolution": "196x110", "id": "1"}, {"url": "https://i.ytimg.com/vi/VCSDjQxAJzc/hqdefault.jpg?sqp=-oaymwEZCPYBEIoBSFXyq4qpAwsIARUAAIhCGAFwAQ==&rs=AOn4CLDQMFARqYylPA0Cyy1s9N3LcTucxw", "width": 246, "height": 138, "resolution": "246x138", "id": "2"}, {"url": "https://i.ytimg.com/vi/VCSDjQxAJzc/hqdefault.jpg?sqp=-oaymwEZCNACELwBSFXyq4qpAwsIARUAAIhCGAFwAQ==&rs=AOn4CLCy5cIMpEdAHOSxzB_w5UgvoMc-uA", "width": 336, "height": 188, "resolution": "336x188", "id": "3"}, {"url": "https://i.ytimg.com/vi_webp/VCSDjQxAJzc/maxresdefault.webp", "width": 1920, "height": 1080, "resolution": "1920x1080", "id": "4"}], "description": "Piano music for study, deep relaxation and sleep.\n\nPlay this instrumental music in the background and use it as concentration music, focus music, sleep music or music for reading.\n\nIt can help you with a good night sleep, memory retention if you are studying for a test, finishing your homework or just listening as work music.\n\nPlease feel free to leave your comments and suggestions and to share your love by liking this video and subscribing to our channel.\n\nListen on Spotify: \n\nhttps://open.spotify.com/album/46o6wVwjYewCk2cFa239XN?si=sDngUCdtR5KtpCDafjNjdA", "categories": ["Music"], "tags": ["music", "piano", "sleep", "deep relaxation", "study", "concentration", "sleeping", "relax", "work music", "studying", "memory", "focus"], "subtitles": {}, "automatic_captions": {}, "duration": 244, "age_limit": 0, "annotations": null, "chapters": null, "webpage_url": "https://www.youtube.com/watch?v=VCSDjQxAJzc", "view_count": 45, "like_count": 2, "dislike_count": null, "average_rating": 5.0, "formats": [{"ext": "m4a", "format_note": "DASH audio", "acodec": "mp4a.40.5", "abr": 48, "container": "m4a_dash", "format_id": "139", "manifest_url": "https://manifest.googlevideo.com/api/manifest/dash/expire/1610368291/ei/w_D7X_qwIry1s8IP1Oam6Ag/ip/220.129.26.102/id/5424838d0c402737/source/youtube/requiressl/yes/playback_host/r2---sn-ipoxu-u2xd.googlevideo.com/mh/SG/mm/31%2C29/mn/sn-ipoxu-u2xd%2Csn-un57en7l/ms/au%2Crdu/mv/m/mvi/2/pl/21/hfr/all/as/fmp4_audio_clear%2Cwebm_audio_clear%2Cwebm2_audio_clear%2Cfmp4_sd_hd_clear%2Cwebm2_sd_hd_clear/initcwndbps/703750/vprv/1/mt/1610345794/fvip/2/keepalive/yes/beids/9466586/itag/0/sparams/expire%2Cei%2Cip%2Cid%2Csource%2Crequiressl%2Chfr%2Cas%2Cvprv%2Citag/sig/AOq0QJ8wRgIhAIN3-AmwmzAisYorC7Vq-45D-7_sJRhSXgvXiMLpHU9-AiEA3eYd-CpLvB9h78C-_T5cEHE6jiYRS4s_jBUgqFvUNg4%3D/lsparams/playback_host%2Cmh%2Cmm%2Cmn%2Cms%2Cmv%2Cmvi%2Cpl%2Cinitcwndbps/lsig/AG3C_xAwRgIhAIvNrHrZJDlarHx3NfUMTZw-Xe65S_V7sDM6Kq_K9xdcAiEAsMpYBrL6sl1lg_sPH4tzqzfSA4e9ULg6MkbpUka7O_4%3D", "width": null, "height": null, "tbr": 49.983, "asr": 22050, "fps": null, "language": null, "filesize": null, "vcodec": "none", "url": "https://manifest.googlevideo.com/api/manifest/dash/expire/1610368291/ei/w_D7X_qwIry1s8IP1Oam6Ag/ip/220.129.26.102/id/5424838d0c402737/source/youtube/requiressl/yes/playback_host/r2---sn-ipoxu-u2xd.googlevideo.com/mh/SG/mm/31%2C29/mn/sn-ipoxu-u2xd%2Csn-un57en7l/ms/au%2Crdu/mv/m/mvi/2/pl/21/hfr/all/as/fmp4_audio_clear%2Cwebm_audio_clear%2Cwebm2_audio_clear%2Cfmp4_sd_hd_clear%2Cwebm2_sd_hd_clear/initcwndbps/703750/vprv/1/mt/1610345794/fvip/2/keepalive/yes/beids/9466586/itag/0/sparams/expire%2Cei%2Cip%2Cid%2Csource%2Crequiressl%2Chfr%2Cas%2Cvprv%2Citag/sig/AOq0QJ8wRgIhAIN3-AmwmzAisYorC7Vq-45D-7_sJRhSXgvXiMLpHU9-AiEA3eYd-CpLvB9h78C-_T5cEHE6jiYRS4s_jBUgqFvUNg4%3D/lsparams/playback_host%2Cmh%2Cmm%2Cmn%2Cms%2Cmv%2Cmvi%2Cpl%2Cinitcwndbps/lsig/AG3C_xAwRgIhAIvNrHrZJDlarHx3NfUMTZw-Xe65S_V7sDM6Kq_K9xdcAiEAsMpYBrL6sl1lg_sPH4tzqzfSA4e9ULg6MkbpUka7O_4%3D", "fragment_base_url": "https://r2---sn-ipoxu-u2xd.googlevideo.com/videoplayback/expire/1610368291/ei/w_D7X_qwIry1s8IP1Oam6Ag/ip/220.129.26.102/id/5424838d0c402737/itag/139/source/youtube/requiressl/yes/mh/SG/mm/31,29/mn/sn-ipoxu-u2xd,sn-un57en7l/ms/au,rdu/mv/m/mvi/2/pl/21/initcwndbps/703750/vprv/1/ratebypass/yes/mime/audio%2Fmp4/otfp/1/gir/yes/clen/1491913/lmt/1607091612331732/dur/244.506/mt/1610345794/fvip/2/keepalive/yes/beids/9466586/sparams/expire,ei,ip,id,itag,source,requiressl,vprv,ratebypass,mime,otfp,gir,clen,lmt,dur/sig/AOq0QJ8wRgIhAMcWQD4-4mNYyGZkSvquMU9lBx3Mxy_UTiMJ2H63JkmeAiEAzT7IAg-bX3syxu-hRctBQzOrm36G80gYJf-GGfEvzVk%3D/lsparams/mh,mm,mn,ms,mv,mvi,pl,initcwndbps/lsig/AG3C_xAwRQIhALYbT8a87romG57xT0PLIUy_4aWlnnd6o5cPs6eB3DPwAiBg8I8IFqVZKDJi_0TZOnUFx817OjnLdAw0p-ueApjjcg%3D%3D/", "fragments": [{"path": "range/0-640"}, {"path": "range/973-62385", "duration": 9.985}, {"path": "range/62386-123264", "duration": 9.984}, {"path": "range/123265-184074", "duration": 9.985}, {"path": "range/184075-245147", "duration": 9.984}, {"path": "range/245148-305958", "duration": 9.985}, {"path": "range/305959-366761", "duration": 9.984}, {"path": "range/366762-427679", "duration": 9.985}, {"path": "range/427680-488539", "duration": 9.985}, {"path": "range/488540-549344", "duration": 9.984}, {"path": "range/549345-610203", "duration": 9.985}, {"path": "range/610204-671146", "duration": 9.984}, {"path": "range/671147-731987", "duration": 9.985}, {"path": "range/731988-792903", "duration": 9.985}, {"path": "range/792904-853731", "duration": 9.984}, {"path": "range/853732-914590", "duration": 9.985}, {"path": "range/914591-975585", "duration": 9.984}, {"path": "range/975586-1036362", "duration": 9.985}, {"path": "range/1036363-1097216", "duration": 9.984}, {"path": "range/1097217-1158074", "duration": 9.985}, {"path": "range/1158075-1218924", "duration": 9.985}, {"path": "range/1218925-1279893", "duration": 9.984}, {"path": "range/1279894-1340718", "duration": 9.985}, {"path": "range/1340719-1401585", "duration": 9.984}, {"path": "range/1401586-1462464", "duration": 9.985}, {"path": "range/1462465-1491912", "duration": 4.876}], "protocol": "http_dash_segments", "format": "139 - audio only (DASH audio)", "http_headers": {"User-Agent": "Mozilla/5.0 (Windows NT 10.0; Win64; x64) AppleWebKit/537.36 (KHTML, like Gecko) Chrome/71.0.3557.2 Safari/537.36", "Accept-Charset": "ISO-8859-1,utf-8;q=0.7,*;q=0.7", "Accept": "text/html,application/xhtml+xml,application/xml;q=0.9,*/*;q=0.8", "Accept-Encoding": "gzip, deflate", "Accept-Language": "en-us,en;q=0.5"}}, {"ext": "m4a", "format_note": "DASH audio", "acodec": "mp4a.40.2", "abr": 128, "container": "m4a_dash", "format_id": "140", "manifest_url": "https://manifest.googlevideo.com/api/manifest/dash/expire/1610368291/ei/w_D7X_qwIry1s8IP1Oam6Ag/ip/220.129.26.102/id/5424838d0c402737/source/youtube/requiressl/yes/playback_host/r2---sn-ipoxu-u2xd.googlevideo.com/mh/SG/mm/31%2C29/mn/sn-ipoxu-u2xd%2Csn-un57en7l/ms/au%2Crdu/mv/m/mvi/2/pl/21/hfr/all/as/fmp4_audio_clear%2Cwebm_audio_clear%2Cwebm2_audio_clear%2Cfmp4_sd_hd_clear%2Cwebm2_sd_hd_clear/initcwndbps/703750/vprv/1/mt/1610345794/fvip/2/keepalive/yes/beids/9466586/itag/0/sparams/expire%2Cei%2Cip%2Cid%2Csource%2Crequiressl%2Chfr%2Cas%2Cvprv%2Citag/sig/AOq0QJ8wRgIhAIN3-AmwmzAisYorC7Vq-45D-7_sJRhSXgvXiMLpHU9-AiEA3eYd-CpLvB9h78C-_T5cEHE6jiYRS4s_jBUgqFvUNg4%3D/lsparams/playback_host%2Cmh%2Cmm%2Cmn%2Cms%2Cmv%2Cmvi%2Cpl%2Cinitcwndbps/lsig/AG3C_xAwRgIhAIvNrHrZJDlarHx3NfUMTZw-Xe65S_V7sDM6Kq_K9xdcAiEAsMpYBrL6sl1lg_sPH4tzqzfSA4e9ULg6MkbpUka7O_4%3D", "width": null, "height": null, "tbr": 130.478, "asr": 44100, "fps": null, "language": null, "filesize": null, "vcodec": "none", "url": "https://manifest.googlevideo.com/api/manifest/dash/expire/1610368291/ei/w_D7X_qwIry1s8IP1Oam6Ag/ip/220.129.26.102/id/5424838d0c402737/source/youtube/requiressl/yes/playback_host/r2---sn-ipoxu-u2xd.googlevideo.com/mh/SG/mm/31%2C29/mn/sn-ipoxu-u2xd%2Csn-un57en7l/ms/au%2Crdu/mv/m/mvi/2/pl/21/hfr/all/as/fmp4_audio_clear%2Cwebm_audio_clear%2Cwebm2_audio_clear%2Cfmp4_sd_hd_clear%2Cwebm2_sd_hd_clear/initcwndbps/703750/vprv/1/mt/1610345794/fvip/2/keepalive/yes/beids/9466586/itag/0/sparams/expire%2Cei%2Cip%2Cid%2Csource%2Crequiressl%2Chfr%2Cas%2Cvprv%2Citag/sig/AOq0QJ8wRgIhAIN3-AmwmzAisYorC7Vq-45D-7_sJRhSXgvXiMLpHU9-AiEA3eYd-CpLvB9h78C-_T5cEHE6jiYRS4s_jBUgqFvUNg4%3D/lsparams/playback_host%2Cmh%2Cmm%2Cmn%2Cms%2Cmv%2Cmvi%2Cpl%2Cinitcwndbps/lsig/AG3C_xAwRgIhAIvNrHrZJDlarHx3NfUMTZw-Xe65S_V7sDM6Kq_K9xdcAiEAsMpYBrL6sl1lg_sPH4tzqzfSA4e9ULg6MkbpUka7O_4%3D", "fragment_base_url": "https://r2---sn-ipoxu-u2xd.googlevideo.com/videoplayback/expire/1610368291/ei/w_D7X_qwIry1s8IP1Oam6Ag/ip/220.129.26.102/id/5424838d0c402737/itag/140/source/youtube/requiressl/yes/mh/SG/mm/31,29/mn/sn-ipoxu-u2xd,sn-un57en7l/ms/au,rdu/mv/m/mvi/2/pl/21/initcwndbps/703750/vprv/1/ratebypass/yes/mime/audio%2Fmp4/otfp/1/gir/yes/clen/3956655/lmt/1607091612343558/dur/244.436/mt/1610345794/fvip/2/keepalive/yes/beids/9466586/sparams/expire,ei,ip,id,itag,source,requiressl,vprv,ratebypass,mime,otfp,gir,clen,lmt,dur/sig/AOq0QJ8wRAIfMU65vEpadjLgq8kM8ROgmjByKYd5CPQfkmmoijXr4QIhAIrbwDDvdN1Z-9HCuxLvLH-TcRO3cDGkKmm8_bBReS56/lsparams/mh,mm,mn,ms,mv,mvi,pl,initcwndbps/lsig/AG3C_xAwRAIgZI-OD3fHLzzXylXNhHCQheqhAGqpV6laXQBOaMGyIGoCID7cpL0wvUUmLlJp4iWcNyihwNnryBBil8LsK9gawSrt/", "fragments": [{"path": "range/0-631"}, {"path": "range/964-162852", "duration": 9.985}, {"path": "range/162853-324416", "duration": 9.984}, {"path": "range/324417-486033", "duration": 9.985}, {"path": "range/486034-647601", "duration": 9.984}, {"path": "range/647602-809223", "duration": 9.985}, {"path": "range/809224-970740", "duration": 9.984}, {"path": "range/970741-1132379", "duration": 9.985}, {"path": "range/1132380-1293914", "duration": 9.985}, {"path": "range/1293915-1455490", "duration": 9.984}, {"path": "range/1455491-1617070", "duration": 9.985}, {"path": "range/1617071-1778655", "duration": 9.984}, {"path": "range/1778656-1940218", "duration": 9.985}, {"path": "range/1940219-2101921", "duration": 9.985}, {"path": "range/2101922-2263310", "duration": 9.984}, {"path": "range/2263311-2424977", "duration": 9.985}, {"path": "range/2424978-2586495", "duration": 9.984}, {"path": "range/2586496-2748119", "duration": 9.985}, {"path": "range/2748120-2909681", "duration": 9.984}, {"path": "range/2909682-3071254", "duration": 9.985}, {"path": "range/3071255-3232861", "duration": 9.985}, {"path": "range/3232862-3394401", "duration": 9.984}, {"path": "range/3394402-3555999", "duration": 9.985}, {"path": "range/3556000-3717561", "duration": 9.984}, {"path": "range/3717562-3879184", "duration": 9.985}, {"path": "range/3879185-3956654", "duration": 4.876}], "protocol": "http_dash_segments", "format": "140 - audio only (DASH audio)", "http_headers": {"User-Agent": "Mozilla/5.0 (Windows NT 10.0; Win64; x64) AppleWebKit/537.36 (KHTML, like Gecko) Chrome/71.0.3557.2 Safari/537.36", "Accept-Charset": "ISO-8859-1,utf-8;q=0.7,*;q=0.7", "Accept": "text/html,application/xhtml+xml,application/xml;q=0.9,*/*;q=0.8", "Accept-Encoding": "gzip, deflate", "Accept-Language": "en-us,en;q=0.5"}}, {"ext": "webm", "format_note": "DASH audio", "acodec": "opus", "abr": 160, "format_id": "251", "manifest_url": "https://manifest.googlevideo.com/api/manifest/dash/expire/1610368291/ei/w_D7X_qwIry1s8IP1Oam6Ag/ip/220.129.26.102/id/5424838d0c402737/source/youtube/requiressl/yes/playback_host/r2---sn-ipoxu-u2xd.googlevideo.com/mh/SG/mm/31%2C29/mn/sn-ipoxu-u2xd%2Csn-un57en7l/ms/au%2Crdu/mv/m/mvi/2/pl/21/hfr/all/as/fmp4_audio_clear%2Cwebm_audio_clear%2Cwebm2_audio_clear%2Cfmp4_sd_hd_clear%2Cwebm2_sd_hd_clear/initcwndbps/703750/vprv/1/mt/1610345794/fvip/2/keepalive/yes/beids/9466586/itag/0/sparams/expire%2Cei%2Cip%2Cid%2Csource%2Crequiressl%2Chfr%2Cas%2Cvprv%2Citag/sig/AOq0QJ8wRgIhAIN3-AmwmzAisYorC7Vq-45D-7_sJRhSXgvXiMLpHU9-AiEA3eYd-CpLvB9h78C-_T5cEHE6jiYRS4s_jBUgqFvUNg4%3D/lsparams/playback_host%2Cmh%2Cmm%2Cmn%2Cms%2Cmv%2Cmvi%2Cpl%2Cinitcwndbps/lsig/AG3C_xAwRgIhAIvNrHrZJDlarHx3NfUMTZw-Xe65S_V7sDM6Kq_K9xdcAiEAsMpYBrL6sl1lg_sPH4tzqzfSA4e9ULg6MkbpUka7O_4%3D", "width": null, "height": null, "tbr": 154.106, "asr": 48000, "fps": null, "language": null, "filesize": null, "container": "webm_dash", "vcodec": "none", "url": "https://manifest.googlevideo.com/api/manifest/dash/expire/1610368291/ei/w_D7X_qwIry1s8IP1Oam6Ag/ip/220.129.26.102/id/5424838d0c402737/source/youtube/requiressl/yes/playback_host/r2---sn-ipoxu-u2xd.googlevideo.com/mh/SG/mm/31%2C29/mn/sn-ipoxu-u2xd%2Csn-un57en7l/ms/au%2Crdu/mv/m/mvi/2/pl/21/hfr/all/as/fmp4_audio_clear%2Cwebm_audio_clear%2Cwebm2_audio_clear%2Cfmp4_sd_hd_clear%2Cwebm2_sd_hd_clear/initcwndbps/703750/vprv/1/mt/1610345794/fvip/2/keepalive/yes/beids/9466586/itag/0/sparams/expire%2Cei%2Cip%2Cid%2Csource%2Crequiressl%2Chfr%2Cas%2Cvprv%2Citag/sig/AOq0QJ8wRgIhAIN3-AmwmzAisYorC7Vq-45D-7_sJRhSXgvXiMLpHU9-AiEA3eYd-CpLvB9h78C-_T5cEHE6jiYRS4s_jBUgqFvUNg4%3D/lsparams/playback_host%2Cmh%2Cmm%2Cmn%2Cms%2Cmv%2Cmvi%2Cpl%2Cinitcwndbps/lsig/AG3C_xAwRgIhAIvNrHrZJDlarHx3NfUMTZw-Xe65S_V7sDM6Kq_K9xdcAiEAsMpYBrL6sl1lg_sPH4tzqzfSA4e9ULg6MkbpUka7O_4%3D", "fragment_base_url": "https://r2---sn-ipoxu-u2xd.googlevideo.com/videoplayback/expire/1610368291/ei/w_D7X_qwIry1s8IP1Oam6Ag/ip/220.129.26.102/id/5424838d0c402737/itag/251/source/youtube/requiressl/yes/mh/SG/mm/31,29/mn/sn-ipoxu-u2xd,sn-un57en7l/ms/au,rdu/mv/m/mvi/2/pl/21/initcwndbps/703750/vprv/1/ratebypass/yes/mime/audio%2Fwebm/otfp/1/gir/yes/clen/4583939/lmt/1607091607004078/dur/244.401/mt/1610345794/fvip/2/keepalive/yes/beids/9466586/sparams/expire,ei,ip,id,itag,source,requiressl,vprv,ratebypass,mime,otfp,gir,clen,lmt,dur/sig/AOq0QJ8wRQIhAJgznVFTi9bOABMnt26R6-bUHlixoiDuZlSuBDejMl57AiABwiSc2ygYJSXjq4yLf58gcXxyC8wEQABu1uQdsGLlDw%3D%3D/lsparams/mh,mm,mn,ms,mv,mvi,pl,initcwndbps/lsig/AG3C_xAwRQIhAKc1lHtqD6ZCRtqlft1SZRwTiAr3UxBGdjyyoYl4E6DoAiBiWTMsxZJL6SBHPWVIrw10TaR4reclkzSkByTbNVk1-g%3D%3D/", "fragments": [{"path": "range/0-265"}, {"path": "range/688-183332", "duration": 10.001}, {"path": "range/183333-367196", "duration": 10.0}, {"path": "range/367197-554663", "duration": 10.0}, {"path": "range/554664-743774", "duration": 10.0}, {"path": "range/743775-932118", "duration": 10.0}, {"path": "range/932119-1122218", "duration": 10.0}, {"path": "range/1122219-1313104", "duration": 10.0}, {"path": "range/1313105-1503988", "duration": 10.0}, {"path": "range/1503989-1692791", "duration": 10.0}, {"path": "range/1692792-1879686", "duration": 10.0}, {"path": "range/1879687-2068624", "duration": 10.0}, {"path": "range/2068625-2256655", "duration": 10.0}, {"path": "range/2256656-2446813", "duration": 10.0}, {"path": "range/2446814-2635977", "duration": 10.0}, {"path": "range/2635978-2828610", "duration": 10.0}, {"path": "range/2828611-3017442", "duration": 10.0}, {"path": "range/3017443-3207328", "duration": 10.0}, {"path": "range/3207329-3398492", "duration": 10.0}, {"path": "range/3398493-3582886", "duration": 10.0}, {"path": "range/3582887-3773614", "duration": 10.0}, {"path": "range/3773615-3964962", "duration": 10.0}, {"path": "range/3964963-4153479", "duration": 10.0}, {"path": "range/4153480-4340093", "duration": 10.0}, {"path": "range/4340094-4518445", "duration": 10.0}, {"path": "range/4518446-4583938", "duration": 4.4}], "protocol": "http_dash_segments", "format": "251 - audio only (DASH audio)", "http_headers": {"User-Agent": "Mozilla/5.0 (Windows NT 10.0; Win64; x64) AppleWebKit/537.36 (KHTML, like Gecko) Chrome/71.0.3557.2 Safari/537.36", "Accept-Charset": "ISO-8859-1,utf-8;q=0.7,*;q=0.7", "Accept": "text/html,application/xhtml+xml,application/xml;q=0.9,*/*;q=0.8", "Accept-Encoding": "gzip, deflate", "Accept-Language": "en-us,en;q=0.5"}}, {"ext": "mp4", "height": 360, "format_note": "DASH video", "vcodec": "avc1.4d401e", "format_id": "134", "manifest_url": "https://manifest.googlevideo.com/api/manifest/dash/expire/1610368291/ei/w_D7X_qwIry1s8IP1Oam6Ag/ip/220.129.26.102/id/5424838d0c402737/source/youtube/requiressl/yes/playback_host/r2---sn-ipoxu-u2xd.googlevideo.com/mh/SG/mm/31%2C29/mn/sn-ipoxu-u2xd%2Csn-un57en7l/ms/au%2Crdu/mv/m/mvi/2/pl/21/hfr/all/as/fmp4_audio_clear%2Cwebm_audio_clear%2Cwebm2_audio_clear%2Cfmp4_sd_hd_clear%2Cwebm2_sd_hd_clear/initcwndbps/703750/vprv/1/mt/1610345794/fvip/2/keepalive/yes/beids/9466586/itag/0/sparams/expire%2Cei%2Cip%2Cid%2Csource%2Crequiressl%2Chfr%2Cas%2Cvprv%2Citag/sig/AOq0QJ8wRgIhAIN3-AmwmzAisYorC7Vq-45D-7_sJRhSXgvXiMLpHU9-AiEA3eYd-CpLvB9h78C-_T5cEHE6jiYRS4s_jBUgqFvUNg4%3D/lsparams/playback_host%2Cmh%2Cmm%2Cmn%2Cms%2Cmv%2Cmvi%2Cpl%2Cinitcwndbps/lsig/AG3C_xAwRgIhAIvNrHrZJDlarHx3NfUMTZw-Xe65S_V7sDM6Kq_K9xdcAiEAsMpYBrL6sl1lg_sPH4tzqzfSA4e9ULg6MkbpUka7O_4%3D", "width": 640, "tbr": 55.41, "asr": null, "fps": 25, "language": null, "filesize": null, "container": "mp4_dash", "acodec": "none", "url": "https://manifest.googlevideo.com/api/manifest/dash/expire/1610368291/ei/w_D7X_qwIry1s8IP1Oam6Ag/ip/220.129.26.102/id/5424838d0c402737/source/youtube/requiressl/yes/playback_host/r2---sn-ipoxu-u2xd.googlevideo.com/mh/SG/mm/31%2C29/mn/sn-ipoxu-u2xd%2Csn-un57en7l/ms/au%2Crdu/mv/m/mvi/2/pl/21/hfr/all/as/fmp4_audio_clear%2Cwebm_audio_clear%2Cwebm2_audio_clear%2Cfmp4_sd_hd_clear%2Cwebm2_sd_hd_clear/initcwndbps/703750/vprv/1/mt/1610345794/fvip/2/keepalive/yes/beids/9466586/itag/0/sparams/expire%2Cei%2Cip%2Cid%2Csource%2Crequiressl%2Chfr%2Cas%2Cvprv%2Citag/sig/AOq0QJ8wRgIhAIN3-AmwmzAisYorC7Vq-45D-7_sJRhSXgvXiMLpHU9-AiEA3eYd-CpLvB9h78C-_T5cEHE6jiYRS4s_jBUgqFvUNg4%3D/lsparams/playback_host%2Cmh%2Cmm%2Cmn%2Cms%2Cmv%2Cmvi%2Cpl%2Cinitcwndbps/lsig/AG3C_xAwRgIhAIvNrHrZJDlarHx3NfUMTZw-Xe65S_V7sDM6Kq_K9xdcAiEAsMpYBrL6sl1lg_sPH4tzqzfSA4e9ULg6MkbpUka7O_4%3D", "fragment_base_url": "https://r2---sn-ipoxu-u2xd.googlevideo.com/videoplayback/expire/1610368291/ei/w_D7X_qwIry1s8IP1Oam6Ag/ip/220.129.26.102/id/5424838d0c402737/itag/134/source/youtube/requiressl/yes/mh/SG/mm/31,29/mn/sn-ipoxu-u2xd,sn-un57en7l/ms/au,rdu/mv/m/mvi/2/pl/21/initcwndbps/703750/vprv/1/ratebypass/yes/mime/video%2Fmp4/otfp/1/gir/yes/clen/1512441/lmt/1607091607627486/dur/244.360/mt/1610345794/fvip/2/keepalive/yes/beids/9466586/sparams/expire,ei,ip,id,itag,source,requiressl,vprv,ratebypass,mime,otfp,gir,clen,lmt,dur/sig/AOq0QJ8wRgIhAKhiXuIYRX3YYYVe74a94RfJYPHZLFuYgq0MK4CqDS25AiEAhsb-S80oKGHyibumwU3_UGMqAOZEPBaqqlMlUJlvVJY%3D/lsparams/mh,mm,mn,ms,mv,mvi,pl,initcwndbps/lsig/AG3C_xAwRQIgQgF8qRgEJlgRPgz2k6ajxb9O0qB8skeb3O5KOn_-Rj8CIQCD_U4okNlmrVKUOxsV1enMULCB-kFwALO5VM9fcWlNcA%3D%3D/", "fragments": [{"path": "range/0-740"}, {"path": "range/1349-34989", "duration": 5.12}, {"path": "range/34990-68845", "duration": 5.12}, {"path": "range/68846-102818", "duration": 5.12}, {"path": "range/102819-136419", "duration": 5.12}, {"path": "range/136420-169951", "duration": 5.12}, {"path": "range/169952-203196", "duration": 5.12}, {"path": "range/203197-236437", "duration": 5.12}, {"path": "range/236438-269785", "duration": 5.12}, {"path": "range/269786-302588", "duration": 5.12}, {"path": "range/302589-335138", "duration": 5.12}, {"path": "range/335139-367877", "duration": 5.12}, {"path": "range/367878-400186", "duration": 5.12}, {"path": "range/400187-432123", "duration": 5.12}, {"path": "range/432124-464305", "duration": 5.12}, {"path": "range/464306-496472", "duration": 5.12}, {"path": "range/496473-528481", "duration": 5.12}, {"path": "range/528482-560367", "duration": 5.12}, {"path": "range/560368-592192", "duration": 5.12}, {"path": "range/592193-623716", "duration": 5.12}, {"path": "range/623717-655123", "duration": 5.12}, {"path": "range/655124-686783", "duration": 5.12}, {"path": "range/686784-718102", "duration": 5.12}, {"path": "range/718103-749286", "duration": 5.12}, {"path": "range/749287-780374", "duration": 5.12}, {"path": "range/780375-811819", "duration": 5.12}, {"path": "range/811820-842875", "duration": 5.12}, {"path": "range/842876-874008", "duration": 5.12}, {"path": "range/874009-905095", "duration": 5.12}, {"path": "range/905096-936315", "duration": 5.12}, {"path": "range/936316-967024", "duration": 5.12}, {"path": "range/967025-997932", "duration": 5.12}, {"path": "range/997933-1028696", "duration": 5.12}, {"path": "range/1028697-1059537", "duration": 5.12}, {"path": "range/1059538-1090126", "duration": 5.12}, {"path": "range/1090127-1120653", "duration": 5.12}, {"path": "range/1120654-1151259", "duration": 5.12}, {"path": "range/1151260-1181852", "duration": 5.12}, {"path": "range/1181853-1212672", "duration": 5.12}, {"path": "range/1212673-1243236", "duration": 5.12}, {"path": "range/1243237-1273878", "duration": 5.12}, {"path": "range/1273879-1304537", "duration": 5.12}, {"path": "range/1304538-1334961", "duration": 5.12}, {"path": "range/1334962-1365598", "duration": 5.12}, {"path": "range/1365599-1395983", "duration": 5.12}, {"path": "range/1395984-1426207", "duration": 5.12}, {"path": "range/1426208-1456704", "duration": 5.12}, {"path": "range/1456705-1486674", "duration": 5.12}, {"path": "range/1486675-1512440", "duration": 3.72}], "protocol": "http_dash_segments", "format": "134 - 640x360 (DASH video)", "http_headers": {"User-Agent": "Mozilla/5.0 (Windows NT 10.0; Win64; x64) AppleWebKit/537.36 (KHTML, like Gecko) Chrome/71.0.3557.2 Safari/537.36", "Accept-Charset": "ISO-8859-1,utf-8;q=0.7,*;q=0.7", "Accept": "text/html,application/xhtml+xml,application/xml;q=0.9,*/*;q=0.8", "Accept-Encoding": "gzip, deflate", "Accept-Language": "en-us,en;q=0.5"}}, {"ext": "webm", "height": 144, "format_note": "DASH video", "container": "webm_dash", "vcodec": "vp9", "format_id": "278", "manifest_url": "https://manifest.googlevideo.com/api/manifest/dash/expire/1610368291/ei/w_D7X_qwIry1s8IP1Oam6Ag/ip/220.129.26.102/id/5424838d0c402737/source/youtube/requiressl/yes/playback_host/r2---sn-ipoxu-u2xd.googlevideo.com/mh/SG/mm/31%2C29/mn/sn-ipoxu-u2xd%2Csn-un57en7l/ms/au%2Crdu/mv/m/mvi/2/pl/21/hfr/all/as/fmp4_audio_clear%2Cwebm_audio_clear%2Cwebm2_audio_clear%2Cfmp4_sd_hd_clear%2Cwebm2_sd_hd_clear/initcwndbps/703750/vprv/1/mt/1610345794/fvip/2/keepalive/yes/beids/9466586/itag/0/sparams/expire%2Cei%2Cip%2Cid%2Csource%2Crequiressl%2Chfr%2Cas%2Cvprv%2Citag/sig/AOq0QJ8wRgIhAIN3-AmwmzAisYorC7Vq-45D-7_sJRhSXgvXiMLpHU9-AiEA3eYd-CpLvB9h78C-_T5cEHE6jiYRS4s_jBUgqFvUNg4%3D/lsparams/playback_host%2Cmh%2Cmm%2Cmn%2Cms%2Cmv%2Cmvi%2Cpl%2Cinitcwndbps/lsig/AG3C_xAwRgIhAIvNrHrZJDlarHx3NfUMTZw-Xe65S_V7sDM6Kq_K9xdcAiEAsMpYBrL6sl1lg_sPH4tzqzfSA4e9ULg6MkbpUka7O_4%3D", "width": 256, "tbr": 95.0, "asr": null, "fps": 25, "language": null, "filesize": null, "acodec": "none", "url": "https://manifest.googlevideo.com/api/manifest/dash/expire/1610368291/ei/w_D7X_qwIry1s8IP1Oam6Ag/ip/220.129.26.102/id/5424838d0c402737/source/youtube/requiressl/yes/playback_host/r2---sn-ipoxu-u2xd.googlevideo.com/mh/SG/mm/31%2C29/mn/sn-ipoxu-u2xd%2Csn-un57en7l/ms/au%2Crdu/mv/m/mvi/2/pl/21/hfr/all/as/fmp4_audio_clear%2Cwebm_audio_clear%2Cwebm2_audio_clear%2Cfmp4_sd_hd_clear%2Cwebm2_sd_hd_clear/initcwndbps/703750/vprv/1/mt/1610345794/fvip/2/keepalive/yes/beids/9466586/itag/0/sparams/expire%2Cei%2Cip%2Cid%2Csource%2Crequiressl%2Chfr%2Cas%2Cvprv%2Citag/sig/AOq0QJ8wRgIhAIN3-AmwmzAisYorC7Vq-45D-7_sJRhSXgvXiMLpHU9-AiEA3eYd-CpLvB9h78C-_T5cEHE6jiYRS4s_jBUgqFvUNg4%3D/lsparams/playback_host%2Cmh%2Cmm%2Cmn%2Cms%2Cmv%2Cmvi%2Cpl%2Cinitcwndbps/lsig/AG3C_xAwRgIhAIvNrHrZJDlarHx3NfUMTZw-Xe65S_V7sDM6Kq_K9xdcAiEAsMpYBrL6sl1lg_sPH4tzqzfSA4e9ULg6MkbpUka7O_4%3D", "fragment_base_url": "https://r2---sn-ipoxu-u2xd.googlevideo.com/videoplayback/expire/1610368291/ei/w_D7X_qwIry1s8IP1Oam6Ag/ip/220.129.26.102/id/5424838d0c402737/itag/278/source/yt_otf/requiressl/yes/mh/SG/mm/31,29/mn/sn-ipoxu-u2xd,sn-un57en7l/ms/au,rdu/mv/m/mvi/2/pl/21/initcwndbps/703750/vprv/1/ratebypass/yes/mime/video%2Fwebm/otfp/1/otf/1/lmt/1607091607631832/mt/1610345794/fvip/2/keepalive/yes/beids/9466586/sparams/expire,ei,ip,id,itag,source,requiressl,vprv,ratebypass,mime,otfp,otf,lmt/sig/AOq0QJ8wRQIgR4-ukuhJUDk8md3mDdX1I7WX-f4Vf6buM8tWbPjwn-kCIQCcghTA-LTaaio_SDceT61I97zlvsPi48HtubBDqBtWFw%3D%3D/lsparams/mh,mm,mn,ms,mv,mvi,pl,initcwndbps/lsig/AG3C_xAwRAIgD-bQhNVrNydYspK5RBcP65PlW8ebNHI3_TqODx7vSTwCIAUWnJ1_EIuQsNABYFB1GLyLL9HpenBp-C66HXn0TGmN/", "fragments": [{"path": "sq/0"}, {"path": "sq/1/dur/5.120", "duration": 5.12}, {"path": "sq/2/dur/5.120", "duration": 5.12}, {"path": "sq/3/dur/5.120", "duration": 5.12}, {"path": "sq/4/dur/5.120", "duration": 5.12}, {"path": "sq/5/dur/5.120", "duration": 5.12}, {"path": "sq/6/dur/5.120", "duration": 5.12}, {"path": "sq/7/dur/5.120", "duration": 5.12}, {"path": "sq/8/dur/5.120", "duration": 5.12}, {"path": "sq/9/dur/5.120", "duration": 5.12}, {"path": "sq/10/dur/5.120", "duration": 5.12}, {"path": "sq/11/dur/5.120", "duration": 5.12}, {"path": "sq/12/dur/5.120", "duration": 5.12}, {"path": "sq/13/dur/5.120", "duration": 5.12}, {"path": "sq/14/dur/5.120", "duration": 5.12}, {"path": "sq/15/dur/5.120", "duration": 5.12}, {"path": "sq/16/dur/5.120", "duration": 5.12}, {"path": "sq/17/dur/5.120", "duration": 5.12}, {"path": "sq/18/dur/5.120", "duration": 5.12}, {"path": "sq/19/dur/5.120", "duration": 5.12}, {"path": "sq/20/dur/5.120", "duration": 5.12}, {"path": "sq/21/dur/5.120", "duration": 5.12}, {"path": "sq/22/dur/5.120", "duration": 5.12}, {"path": "sq/23/dur/5.120", "duration": 5.12}, {"path": "sq/24/dur/5.120", "duration": 5.12}, {"path": "sq/25/dur/5.120", "duration": 5.12}, {"path": "sq/26/dur/5.120", "duration": 5.12}, {"path": "sq/27/dur/5.120", "duration": 5.12}, {"path": "sq/28/dur/5.120", "duration": 5.12}, {"path": "sq/29/dur/5.120", "duration": 5.12}, {"path": "sq/30/dur/5.120", "duration": 5.12}, {"path": "sq/31/dur/5.120", "duration": 5.12}, {"path": "sq/32/dur/5.120", "duration": 5.12}, {"path": "sq/33/dur/5.120", "duration": 5.12}, {"path": "sq/34/dur/5.120", "duration": 5.12}, {"path": "sq/35/dur/5.120", "duration": 5.12}, {"path": "sq/36/dur/5.120", "duration": 5.12}, {"path": "sq/37/dur/5.120", "duration": 5.12}, {"path": "sq/38/dur/5.120", "duration": 5.12}, {"path": "sq/39/dur/5.120", "duration": 5.12}, {"path": "sq/40/dur/5.120", "duration": 5.12}, {"path": "sq/41/dur/5.120", "duration": 5.12}, {"path": "sq/42/dur/5.120", "duration": 5.12}, {"path": "sq/43/dur/5.120", "duration": 5.12}, {"path": "sq/44/dur/5.120", "duration": 5.12}, {"path": "sq/45/dur/5.120", "duration": 5.12}, {"path": "sq/46/dur/5.120", "duration": 5.12}, {"path": "sq/47/dur/5.120", "duration": 5.12}, {"path": "sq/48/dur/3.720", "duration": 3.72}], "protocol": "http_dash_segments", "format": "278 - 256x144 (DASH video)", "http_headers": {"User-Agent": "Mozilla/5.0 (Windows NT 10.0; Win64; x64) AppleWebKit/537.36 (KHTML, like Gecko) Chrome/71.0.3557.2 Safari/537.36", "Accept-Charset": "ISO-8859-1,utf-8;q=0.7,*;q=0.7", "Accept": "text/html,application/xhtml+xml,application/xml;q=0.9,*/*;q=0.8", "Accept-Encoding": "gzip, deflate", "Accept-Language": "en-us,en;q=0.5"}}, {"ext": "mp4", "height": 144, "format_note": "DASH video", "vcodec": "avc1.4d400b", "format_id": "160", "manifest_url": "https://manifest.googlevideo.com/api/manifest/dash/expire/1610368291/ei/w_D7X_qwIry1s8IP1Oam6Ag/ip/220.129.26.102/id/5424838d0c402737/source/youtube/requiressl/yes/playback_host/r2---sn-ipoxu-u2xd.googlevideo.com/mh/SG/mm/31%2C29/mn/sn-ipoxu-u2xd%2Csn-un57en7l/ms/au%2Crdu/mv/m/mvi/2/pl/21/hfr/all/as/fmp4_audio_clear%2Cwebm_audio_clear%2Cwebm2_audio_clear%2Cfmp4_sd_hd_clear%2Cwebm2_sd_hd_clear/initcwndbps/703750/vprv/1/mt/1610345794/fvip/2/keepalive/yes/beids/9466586/itag/0/sparams/expire%2Cei%2Cip%2Cid%2Csource%2Crequiressl%2Chfr%2Cas%2Cvprv%2Citag/sig/AOq0QJ8wRgIhAIN3-AmwmzAisYorC7Vq-45D-7_sJRhSXgvXiMLpHU9-AiEA3eYd-CpLvB9h78C-_T5cEHE6jiYRS4s_jBUgqFvUNg4%3D/lsparams/playback_host%2Cmh%2Cmm%2Cmn%2Cms%2Cmv%2Cmvi%2Cpl%2Cinitcwndbps/lsig/AG3C_xAwRgIhAIvNrHrZJDlarHx3NfUMTZw-Xe65S_V7sDM6Kq_K9xdcAiEAsMpYBrL6sl1lg_sPH4tzqzfSA4e9ULg6MkbpUka7O_4%3D", "width": 256, "tbr": 108.0, "asr": null, "fps": 25, "language": null, "filesize": null, "container": "mp4_dash", "acodec": "none", "url": "https://manifest.googlevideo.com/api/manifest/dash/expire/1610368291/ei/w_D7X_qwIry1s8IP1Oam6Ag/ip/220.129.26.102/id/5424838d0c402737/source/youtube/requiressl/yes/playback_host/r2---sn-ipoxu-u2xd.googlevideo.com/mh/SG/mm/31%2C29/mn/sn-ipoxu-u2xd%2Csn-un57en7l/ms/au%2Crdu/mv/m/mvi/2/pl/21/hfr/all/as/fmp4_audio_clear%2Cwebm_audio_clear%2Cwebm2_audio_clear%2Cfmp4_sd_hd_clear%2Cwebm2_sd_hd_clear/initcwndbps/703750/vprv/1/mt/1610345794/fvip/2/keepalive/yes/beids/9466586/itag/0/sparams/expire%2Cei%2Cip%2Cid%2Csource%2Crequiressl%2Chfr%2Cas%2Cvprv%2Citag/sig/AOq0QJ8wRgIhAIN3-AmwmzAisYorC7Vq-45D-7_sJRhSXgvXiMLpHU9-AiEA3eYd-CpLvB9h78C-_T5cEHE6jiYRS4s_jBUgqFvUNg4%3D/lsparams/playback_host%2Cmh%2Cmm%2Cmn%2Cms%2Cmv%2Cmvi%2Cpl%2Cinitcwndbps/lsig/AG3C_xAwRgIhAIvNrHrZJDlarHx3NfUMTZw-Xe65S_V7sDM6Kq_K9xdcAiEAsMpYBrL6sl1lg_sPH4tzqzfSA4e9ULg6MkbpUka7O_4%3D", "fragment_base_url": "https://r2---sn-ipoxu-u2xd.googlevideo.com/videoplayback/expire/1610368291/ei/w_D7X_qwIry1s8IP1Oam6Ag/ip/220.129.26.102/id/5424838d0c402737/itag/160/source/yt_otf/requiressl/yes/mh/SG/mm/31,29/mn/sn-ipoxu-u2xd,sn-un57en7l/ms/au,rdu/mv/m/mvi/2/pl/21/initcwndbps/703750/vprv/1/ratebypass/yes/mime/video%2Fmp4/otfp/1/otf/1/lmt/1607091607631832/mt/1610345794/fvip/2/keepalive/yes/beids/9466586/sparams/expire,ei,ip,id,itag,source,requiressl,vprv,ratebypass,mime,otfp,otf,lmt/sig/AOq0QJ8wRQIgCsFQWxOIiykGEWSx3m_umxr-8vdeBCpfN-vFWRlt_XYCIQCCtoPye_C9BI0YG4_lObzrOTZrEKcNzcrCwI74fl_p5Q%3D%3D/lsparams/mh,mm,mn,ms,mv,mvi,pl,initcwndbps/lsig/AG3C_xAwRQIhAKXijeGUL6Iqmn4vTETkTCkOpxJ85bghqEJmG9ZlSBHNAiA_L-OIuW0N5BPmvYjMJOG6Go_qO8agJuiQitP_9WNN5A%3D%3D/", "fragments": [{"path": "sq/0"}, {"path": "sq/1/dur/5.120", "duration": 5.12}, {"path": "sq/2/dur/5.120", "duration": 5.12}, {"path": "sq/3/dur/5.120", "duration": 5.12}, {"path": "sq/4/dur/5.120", "duration": 5.12}, {"path": "sq/5/dur/5.120", "duration": 5.12}, {"path": "sq/6/dur/5.120", "duration": 5.12}, {"path": "sq/7/dur/5.120", "duration": 5.12}, {"path": "sq/8/dur/5.120", "duration": 5.12}, {"path": "sq/9/dur/5.120", "duration": 5.12}, {"path": "sq/10/dur/5.120", "duration": 5.12}, {"path": "sq/11/dur/5.120", "duration": 5.12}, {"path": "sq/12/dur/5.120", "duration": 5.12}, {"path": "sq/13/dur/5.120", "duration": 5.12}, {"path": "sq/14/dur/5.120", "duration": 5.12}, {"path": "sq/15/dur/5.120", "duration": 5.12}, {"path": "sq/16/dur/5.120", "duration": 5.12}, {"path": "sq/17/dur/5.120", "duration": 5.12}, {"path": "sq/18/dur/5.120", "duration": 5.12}, {"path": "sq/19/dur/5.120", "duration": 5.12}, {"path": "sq/20/dur/5.120", "duration": 5.12}, {"path": "sq/21/dur/5.120", "duration": 5.12}, {"path": "sq/22/dur/5.120", "duration": 5.12}, {"path": "sq/23/dur/5.120", "duration": 5.12}, {"path": "sq/24/dur/5.120", "duration": 5.12}, {"path": "sq/25/dur/5.120", "duration": 5.12}, {"path": "sq/26/dur/5.120", "duration": 5.12}, {"path": "sq/27/dur/5.120", "duration": 5.12}, {"path": "sq/28/dur/5.120", "duration": 5.12}, {"path": "sq/29/dur/5.120", "duration": 5.12}, {"path": "sq/30/dur/5.120", "duration": 5.12}, {"path": "sq/31/dur/5.120", "duration": 5.12}, {"path": "sq/32/dur/5.120", "duration": 5.12}, {"path": "sq/33/dur/5.120", "duration": 5.12}, {"path": "sq/34/dur/5.120", "duration": 5.12}, {"path": "sq/35/dur/5.120", "duration": 5.12}, {"path": "sq/36/dur/5.120", "duration": 5.12}, {"path": "sq/37/dur/5.120", "duration": 5.12}, {"path": "sq/38/dur/5.120", "duration": 5.12}, {"path": "sq/39/dur/5.120", "duration": 5.12}, {"path": "sq/40/dur/5.120", "duration": 5.12}, {"path": "sq/41/dur/5.120", "duration": 5.12}, {"path": "sq/42/dur/5.120", "duration": 5.12}, {"path": "sq/43/dur/5.120", "duration": 5.12}, {"path": "sq/44/dur/5.120", "duration": 5.12}, {"path": "sq/45/dur/5.120", "duration": 5.12}, {"path": "sq/46/dur/5.120", "duration": 5.12}, {"path": "sq/47/dur/5.120", "duration": 5.12}, {"path": "sq/48/dur/3.720", "duration": 3.72}], "protocol": "http_dash_segments", "format": "160 - 256x144 (DASH video)", "http_headers": {"User-Agent": "Mozilla/5.0 (Windows NT 10.0; Win64; x64) AppleWebKit/537.36 (KHTML, like Gecko) Chrome/71.0.3557.2 Safari/537.36", "Accept-Charset": "ISO-8859-1,utf-8;q=0.7,*;q=0.7", "Accept": "text/html,application/xhtml+xml,application/xml;q=0.9,*/*;q=0.8", "Accept-Encoding": "gzip, deflate", "Accept-Language": "en-us,en;q=0.5"}}, {"ext": "webm", "height": 240, "format_note": "DASH video", "vcodec": "vp9", "format_id": "242", "manifest_url": "https://manifest.googlevideo.com/api/manifest/dash/expire/1610368291/ei/w_D7X_qwIry1s8IP1Oam6Ag/ip/220.129.26.102/id/5424838d0c402737/source/youtube/requiressl/yes/playback_host/r2---sn-ipoxu-u2xd.googlevideo.com/mh/SG/mm/31%2C29/mn/sn-ipoxu-u2xd%2Csn-un57en7l/ms/au%2Crdu/mv/m/mvi/2/pl/21/hfr/all/as/fmp4_audio_clear%2Cwebm_audio_clear%2Cwebm2_audio_clear%2Cfmp4_sd_hd_clear%2Cwebm2_sd_hd_clear/initcwndbps/703750/vprv/1/mt/1610345794/fvip/2/keepalive/yes/beids/9466586/itag/0/sparams/expire%2Cei%2Cip%2Cid%2Csource%2Crequiressl%2Chfr%2Cas%2Cvprv%2Citag/sig/AOq0QJ8wRgIhAIN3-AmwmzAisYorC7Vq-45D-7_sJRhSXgvXiMLpHU9-AiEA3eYd-CpLvB9h78C-_T5cEHE6jiYRS4s_jBUgqFvUNg4%3D/lsparams/playback_host%2Cmh%2Cmm%2Cmn%2Cms%2Cmv%2Cmvi%2Cpl%2Cinitcwndbps/lsig/AG3C_xAwRgIhAIvNrHrZJDlarHx3NfUMTZw-Xe65S_V7sDM6Kq_K9xdcAiEAsMpYBrL6sl1lg_sPH4tzqzfSA4e9ULg6MkbpUka7O_4%3D", "width": 426, "tbr": 220.5, "asr": null, "fps": 25, "language": null, "filesize": null, "container": "webm_dash", "acodec": "none", "url": "https://manifest.googlevideo.com/api/manifest/dash/expire/1610368291/ei/w_D7X_qwIry1s8IP1Oam6Ag/ip/220.129.26.102/id/5424838d0c402737/source/youtube/requiressl/yes/playback_host/r2---sn-ipoxu-u2xd.googlevideo.com/mh/SG/mm/31%2C29/mn/sn-ipoxu-u2xd%2Csn-un57en7l/ms/au%2Crdu/mv/m/mvi/2/pl/21/hfr/all/as/fmp4_audio_clear%2Cwebm_audio_clear%2Cwebm2_audio_clear%2Cfmp4_sd_hd_clear%2Cwebm2_sd_hd_clear/initcwndbps/703750/vprv/1/mt/1610345794/fvip/2/keepalive/yes/beids/9466586/itag/0/sparams/expire%2Cei%2Cip%2Cid%2Csource%2Crequiressl%2Chfr%2Cas%2Cvprv%2Citag/sig/AOq0QJ8wRgIhAIN3-AmwmzAisYorC7Vq-45D-7_sJRhSXgvXiMLpHU9-AiEA3eYd-CpLvB9h78C-_T5cEHE6jiYRS4s_jBUgqFvUNg4%3D/lsparams/playback_host%2Cmh%2Cmm%2Cmn%2Cms%2Cmv%2Cmvi%2Cpl%2Cinitcwndbps/lsig/AG3C_xAwRgIhAIvNrHrZJDlarHx3NfUMTZw-Xe65S_V7sDM6Kq_K9xdcAiEAsMpYBrL6sl1lg_sPH4tzqzfSA4e9ULg6MkbpUka7O_4%3D", "fragment_base_url": "https://r2---sn-ipoxu-u2xd.googlevideo.com/videoplayback/expire/1610368291/ei/w_D7X_qwIry1s8IP1Oam6Ag/ip/220.129.26.102/id/5424838d0c402737/itag/242/source/yt_otf/requiressl/yes/mh/SG/mm/31,29/mn/sn-ipoxu-u2xd,sn-un57en7l/ms/au,rdu/mv/m/mvi/2/pl/21/initcwndbps/703750/vprv/1/ratebypass/yes/mime/video%2Fwebm/otfp/1/otf/1/lmt/1607091607631832/mt/1610345794/fvip/2/keepalive/yes/beids/9466586/sparams/expire,ei,ip,id,itag,source,requiressl,vprv,ratebypass,mime,otfp,otf,lmt/sig/AOq0QJ8wRQIhALpG6rC1qgtmyJDn8-sx1QWXh36CB11WhyBc2B3Hl8Q2AiA89VJkEievf1Q5-0VbBvSboJ3krVoTx1JWP2XEN4Kylg%3D%3D/lsparams/mh,mm,mn,ms,mv,mvi,pl,initcwndbps/lsig/AG3C_xAwRQIhANSGeZ7zOkwKdUD_-AVgqfyt90ALc3iptC-IJiaNUOiPAiBYuX8P9Ch8IP5oLUbfYKUeFV4QuVw3aTJx_5AwxmY-Ug%3D%3D/", "fragments": [{"path": "sq/0"}, {"path": "sq/1/dur/5.120", "duration": 5.12}, {"path": "sq/2/dur/5.120", "duration": 5.12}, {"path": "sq/3/dur/5.120", "duration": 5.12}, {"path": "sq/4/dur/5.120", "duration": 5.12}, {"path": "sq/5/dur/5.120", "duration": 5.12}, {"path": "sq/6/dur/5.120", "duration": 5.12}, {"path": "sq/7/dur/5.120", "duration": 5.12}, {"path": "sq/8/dur/5.120", "duration": 5.12}, {"path": "sq/9/dur/5.120", "duration": 5.12}, {"path": "sq/10/dur/5.120", "duration": 5.12}, {"path": "sq/11/dur/5.120", "duration": 5.12}, {"path": "sq/12/dur/5.120", "duration": 5.12}, {"path": "sq/13/dur/5.120", "duration": 5.12}, {"path": "sq/14/dur/5.120", "duration": 5.12}, {"path": "sq/15/dur/5.120", "duration": 5.12}, {"path": "sq/16/dur/5.120", "duration": 5.12}, {"path": "sq/17/dur/5.120", "duration": 5.12}, {"path": "sq/18/dur/5.120", "duration": 5.12}, {"path": "sq/19/dur/5.120", "duration": 5.12}, {"path": "sq/20/dur/5.120", "duration": 5.12}, {"path": "sq/21/dur/5.120", "duration": 5.12}, {"path": "sq/22/dur/5.120", "duration": 5.12}, {"path": "sq/23/dur/5.120", "duration": 5.12}, {"path": "sq/24/dur/5.120", "duration": 5.12}, {"path": "sq/25/dur/5.120", "duration": 5.12}, {"path": "sq/26/dur/5.120", "duration": 5.12}, {"path": "sq/27/dur/5.120", "duration": 5.12}, {"path": "sq/28/dur/5.120", "duration": 5.12}, {"path": "sq/29/dur/5.120", "duration": 5.12}, {"path": "sq/30/dur/5.120", "duration": 5.12}, {"path": "sq/31/dur/5.120", "duration": 5.12}, {"path": "sq/32/dur/5.120", "duration": 5.12}, {"path": "sq/33/dur/5.120", "duration": 5.12}, {"path": "sq/34/dur/5.120", "duration": 5.12}, {"path": "sq/35/dur/5.120", "duration": 5.12}, {"path": "sq/36/dur/5.120", "duration": 5.12}, {"path": "sq/37/dur/5.120", "duration": 5.12}, {"path": "sq/38/dur/5.120", "duration": 5.12}, {"path": "sq/39/dur/5.120", "duration": 5.12}, {"path": "sq/40/dur/5.120", "duration": 5.12}, {"path": "sq/41/dur/5.120", "duration": 5.12}, {"path": "sq/42/dur/5.120", "duration": 5.12}, {"path": "sq/43/dur/5.120", "duration": 5.12}, {"path": "sq/44/dur/5.120", "duration": 5.12}, {"path": "sq/45/dur/5.120", "duration": 5.12}, {"path": "sq/46/dur/5.120", "duration": 5.12}, {"path": "sq/47/dur/5.120", "duration": 5.12}, {"path": "sq/48/dur/3.720", "duration": 3.72}], "protocol": "http_dash_segments", "format": "242 - 426x240 (DASH video)", "http_headers": {"User-Agent": "Mozilla/5.0 (Windows NT 10.0; Win64; x64) AppleWebKit/537.36 (KHTML, like Gecko) Chrome/71.0.3557.2 Safari/537.36", "Accept-Charset": "ISO-8859-1,utf-8;q=0.7,*;q=0.7", "Accept": "text/html,application/xhtml+xml,application/xml;q=0.9,*/*;q=0.8", "Accept-Encoding": "gzip, deflate", "Accept-Language": "en-us,en;q=0.5"}}, {"ext": "mp4", "height": 240, "format_note": "DASH video", "vcodec": "avc1.4d400c", "format_id": "133", "manifest_url": "https://manifest.googlevideo.com/api/manifest/dash/expire/1610368291/ei/w_D7X_qwIry1s8IP1Oam6Ag/ip/220.129.26.102/id/5424838d0c402737/source/youtube/requiressl/yes/playback_host/r2---sn-ipoxu-u2xd.googlevideo.com/mh/SG/mm/31%2C29/mn/sn-ipoxu-u2xd%2Csn-un57en7l/ms/au%2Crdu/mv/m/mvi/2/pl/21/hfr/all/as/fmp4_audio_clear%2Cwebm_audio_clear%2Cwebm2_audio_clear%2Cfmp4_sd_hd_clear%2Cwebm2_sd_hd_clear/initcwndbps/703750/vprv/1/mt/1610345794/fvip/2/keepalive/yes/beids/9466586/itag/0/sparams/expire%2Cei%2Cip%2Cid%2Csource%2Crequiressl%2Chfr%2Cas%2Cvprv%2Citag/sig/AOq0QJ8wRgIhAIN3-AmwmzAisYorC7Vq-45D-7_sJRhSXgvXiMLpHU9-AiEA3eYd-CpLvB9h78C-_T5cEHE6jiYRS4s_jBUgqFvUNg4%3D/lsparams/playback_host%2Cmh%2Cmm%2Cmn%2Cms%2Cmv%2Cmvi%2Cpl%2Cinitcwndbps/lsig/AG3C_xAwRgIhAIvNrHrZJDlarHx3NfUMTZw-Xe65S_V7sDM6Kq_K9xdcAiEAsMpYBrL6sl1lg_sPH4tzqzfSA4e9ULg6MkbpUka7O_4%3D", "width": 426, "tbr": 242.0, "asr": null, "fps": 25, "language": null, "filesize": null, "container": "mp4_dash", "acodec": "none", "url": "https://manifest.googlevideo.com/api/manifest/dash/expire/1610368291/ei/w_D7X_qwIry1s8IP1Oam6Ag/ip/220.129.26.102/id/5424838d0c402737/source/youtube/requiressl/yes/playback_host/r2---sn-ipoxu-u2xd.googlevideo.com/mh/SG/mm/31%2C29/mn/sn-ipoxu-u2xd%2Csn-un57en7l/ms/au%2Crdu/mv/m/mvi/2/pl/21/hfr/all/as/fmp4_audio_clear%2Cwebm_audio_clear%2Cwebm2_audio_clear%2Cfmp4_sd_hd_clear%2Cwebm2_sd_hd_clear/initcwndbps/703750/vprv/1/mt/1610345794/fvip/2/keepalive/yes/beids/9466586/itag/0/sparams/expire%2Cei%2Cip%2Cid%2Csource%2Crequiressl%2Chfr%2Cas%2Cvprv%2Citag/sig/AOq0QJ8wRgIhAIN3-AmwmzAisYorC7Vq-45D-7_sJRhSXgvXiMLpHU9-AiEA3eYd-CpLvB9h78C-_T5cEHE6jiYRS4s_jBUgqFvUNg4%3D/lsparams/playback_host%2Cmh%2Cmm%2Cmn%2Cms%2Cmv%2Cmvi%2Cpl%2Cinitcwndbps/lsig/AG3C_xAwRgIhAIvNrHrZJDlarHx3NfUMTZw-Xe65S_V7sDM6Kq_K9xdcAiEAsMpYBrL6sl1lg_sPH4tzqzfSA4e9ULg6MkbpUka7O_4%3D", "fragment_base_url": "https://r2---sn-ipoxu-u2xd.googlevideo.com/videoplayback/expire/1610368291/ei/w_D7X_qwIry1s8IP1Oam6Ag/ip/220.129.26.102/id/5424838d0c402737/itag/133/source/yt_otf/requiressl/yes/mh/SG/mm/31,29/mn/sn-ipoxu-u2xd,sn-un57en7l/ms/au,rdu/mv/m/mvi/2/pl/21/initcwndbps/703750/vprv/1/ratebypass/yes/mime/video%2Fmp4/otfp/1/otf/1/lmt/1607091607631832/mt/1610345794/fvip/2/keepalive/yes/beids/9466586/sparams/expire,ei,ip,id,itag,source,requiressl,vprv,ratebypass,mime,otfp,otf,lmt/sig/AOq0QJ8wRgIhAL0CUZPtkuUNAPnsNAOJS2G62MWIuC0eb8EGqpGWzw4mAiEAiwFcPus5HKuTrsdFblT88eEjEjs8n6DrpUekAtPXorU%3D/lsparams/mh,mm,mn,ms,mv,mvi,pl,initcwndbps/lsig/AG3C_xAwRgIhAN7Ykyq8SO9K6woHbozcQAySE-HY5mGoUlGF2WLTLYpAAiEAq0LJVzK7T7IpyxDKA4wQO3sZU2-A_UvTh3HEzUVNwwo%3D/", "fragments": [{"path": "sq/0"}, {"path": "sq/1/dur/5.120", "duration": 5.12}, {"path": "sq/2/dur/5.120", "duration": 5.12}, {"path": "sq/3/dur/5.120", "duration": 5.12}, {"path": "sq/4/dur/5.120", "duration": 5.12}, {"path": "sq/5/dur/5.120", "duration": 5.12}, {"path": "sq/6/dur/5.120", "duration": 5.12}, {"path": "sq/7/dur/5.120", "duration": 5.12}, {"path": "sq/8/dur/5.120", "duration": 5.12}, {"path": "sq/9/dur/5.120", "duration": 5.12}, {"path": "sq/10/dur/5.120", "duration": 5.12}, {"path": "sq/11/dur/5.120", "duration": 5.12}, {"path": "sq/12/dur/5.120", "duration": 5.12}, {"path": "sq/13/dur/5.120", "duration": 5.12}, {"path": "sq/14/dur/5.120", "duration": 5.12}, {"path": "sq/15/dur/5.120", "duration": 5.12}, {"path": "sq/16/dur/5.120", "duration": 5.12}, {"path": "sq/17/dur/5.120", "duration": 5.12}, {"path": "sq/18/dur/5.120", "duration": 5.12}, {"path": "sq/19/dur/5.120", "duration": 5.12}, {"path": "sq/20/dur/5.120", "duration": 5.12}, {"path": "sq/21/dur/5.120", "duration": 5.12}, {"path": "sq/22/dur/5.120", "duration": 5.12}, {"path": "sq/23/dur/5.120", "duration": 5.12}, {"path": "sq/24/dur/5.120", "duration": 5.12}, {"path": "sq/25/dur/5.120", "duration": 5.12}, {"path": "sq/26/dur/5.120", "duration": 5.12}, {"path": "sq/27/dur/5.120", "duration": 5.12}, {"path": "sq/28/dur/5.120", "duration": 5.12}, {"path": "sq/29/dur/5.120", "duration": 5.12}, {"path": "sq/30/dur/5.120", "duration": 5.12}, {"path": "sq/31/dur/5.120", "duration": 5.12}, {"path": "sq/32/dur/5.120", "duration": 5.12}, {"path": "sq/33/dur/5.120", "duration": 5.12}, {"path": "sq/34/dur/5.120", "duration": 5.12}, {"path": "sq/35/dur/5.120", "duration": 5.12}, {"path": "sq/36/dur/5.120", "duration": 5.12}, {"path": "sq/37/dur/5.120", "duration": 5.12}, {"path": "sq/38/dur/5.120", "duration": 5.12}, {"path": "sq/39/dur/5.120", "duration": 5.12}, {"path": "sq/40/dur/5.120", "duration": 5.12}, {"path": "sq/41/dur/5.120", "duration": 5.12}, {"path": "sq/42/dur/5.120", "duration": 5.12}, {"path": "sq/43/dur/5.120", "duration": 5.12}, {"path": "sq/44/dur/5.120", "duration": 5.12}, {"path": "sq/45/dur/5.120", "duration": 5.12}, {"path": "sq/46/dur/5.120", "duration": 5.12}, {"path": "sq/47/dur/5.120", "duration": 5.12}, {"path": "sq/48/dur/3.720", "duration": 3.72}], "protocol": "http_dash_segments", "format": "133 - 426x240 (DASH video)", "http_headers": {"User-Agent": "Mozilla/5.0 (Windows NT 10.0; Win64; x64) AppleWebKit/537.36 (KHTML, like Gecko) Chrome/71.0.3557.2 Safari/537.36", "Accept-Charset": "ISO-8859-1,utf-8;q=0.7,*;q=0.7", "Accept": "text/html,application/xhtml+xml,application/xml;q=0.9,*/*;q=0.8", "Accept-Encoding": "gzip, deflate", "Accept-Language": "en-us,en;q=0.5"}}, {"ext": "webm", "height": 360, "format_note": "DASH video", "vcodec": "vp9", "format_id": "243", "manifest_url": "https://manifest.googlevideo.com/api/manifest/dash/expire/1610368291/ei/w_D7X_qwIry1s8IP1Oam6Ag/ip/220.129.26.102/id/5424838d0c402737/source/youtube/requiressl/yes/playback_host/r2---sn-ipoxu-u2xd.googlevideo.com/mh/SG/mm/31%2C29/mn/sn-ipoxu-u2xd%2Csn-un57en7l/ms/au%2Crdu/mv/m/mvi/2/pl/21/hfr/all/as/fmp4_audio_clear%2Cwebm_audio_clear%2Cwebm2_audio_clear%2Cfmp4_sd_hd_clear%2Cwebm2_sd_hd_clear/initcwndbps/703750/vprv/1/mt/1610345794/fvip/2/keepalive/yes/beids/9466586/itag/0/sparams/expire%2Cei%2Cip%2Cid%2Csource%2Crequiressl%2Chfr%2Cas%2Cvprv%2Citag/sig/AOq0QJ8wRgIhAIN3-AmwmzAisYorC7Vq-45D-7_sJRhSXgvXiMLpHU9-AiEA3eYd-CpLvB9h78C-_T5cEHE6jiYRS4s_jBUgqFvUNg4%3D/lsparams/playback_host%2Cmh%2Cmm%2Cmn%2Cms%2Cmv%2Cmvi%2Cpl%2Cinitcwndbps/lsig/AG3C_xAwRgIhAIvNrHrZJDlarHx3NfUMTZw-Xe65S_V7sDM6Kq_K9xdcAiEAsMpYBrL6sl1lg_sPH4tzqzfSA4e9ULg6MkbpUka7O_4%3D", "width": 640, "tbr": 405.72, "asr": null, "fps": 25, "language": null, "filesize": null, "container": "webm_dash", "acodec": "none", "url": "https://manifest.googlevideo.com/api/manifest/dash/expire/1610368291/ei/w_D7X_qwIry1s8IP1Oam6Ag/ip/220.129.26.102/id/5424838d0c402737/source/youtube/requiressl/yes/playback_host/r2---sn-ipoxu-u2xd.googlevideo.com/mh/SG/mm/31%2C29/mn/sn-ipoxu-u2xd%2Csn-un57en7l/ms/au%2Crdu/mv/m/mvi/2/pl/21/hfr/all/as/fmp4_audio_clear%2Cwebm_audio_clear%2Cwebm2_audio_clear%2Cfmp4_sd_hd_clear%2Cwebm2_sd_hd_clear/initcwndbps/703750/vprv/1/mt/1610345794/fvip/2/keepalive/yes/beids/9466586/itag/0/sparams/expire%2Cei%2Cip%2Cid%2Csource%2Crequiressl%2Chfr%2Cas%2Cvprv%2Citag/sig/AOq0QJ8wRgIhAIN3-AmwmzAisYorC7Vq-45D-7_sJRhSXgvXiMLpHU9-AiEA3eYd-CpLvB9h78C-_T5cEHE6jiYRS4s_jBUgqFvUNg4%3D/lsparams/playback_host%2Cmh%2Cmm%2Cmn%2Cms%2Cmv%2Cmvi%2Cpl%2Cinitcwndbps/lsig/AG3C_xAwRgIhAIvNrHrZJDlarHx3NfUMTZw-Xe65S_V7sDM6Kq_K9xdcAiEAsMpYBrL6sl1lg_sPH4tzqzfSA4e9ULg6MkbpUka7O_4%3D", "fragment_base_url": "https://r2---sn-ipoxu-u2xd.googlevideo.com/videoplayback/expire/1610368291/ei/w_D7X_qwIry1s8IP1Oam6Ag/ip/220.129.26.102/id/5424838d0c402737/itag/243/source/yt_otf/requiressl/yes/mh/SG/mm/31,29/mn/sn-ipoxu-u2xd,sn-un57en7l/ms/au,rdu/mv/m/mvi/2/pl/21/initcwndbps/703750/vprv/1/ratebypass/yes/mime/video%2Fwebm/otfp/1/otf/1/lmt/1607091607631832/mt/1610345794/fvip/2/keepalive/yes/beids/9466586/sparams/expire,ei,ip,id,itag,source,requiressl,vprv,ratebypass,mime,otfp,otf,lmt/sig/AOq0QJ8wRAIgXUUMYIsPxzJDOF3baUa0I8TYxT8PwJ3lYnekJ2bFlCACIFehConPpKHdPzTvkgyfWR45reNQGT659Zp6Pm8eAmUN/lsparams/mh,mm,mn,ms,mv,mvi,pl,initcwndbps/lsig/AG3C_xAwRQIgKZFlC2pkoLFgAnK50zZ8QoGMZulSorVxHod36UMVFj8CIQCpZ7HtvFwP3OEUEy__I6vQECt3A9k7dUDXxoKsBha3ow%3D%3D/", "fragments": [{"path": "sq/0"}, {"path": "sq/1/dur/5.120", "duration": 5.12}, {"path": "sq/2/dur/5.120", "duration": 5.12}, {"path": "sq/3/dur/5.120", "duration": 5.12}, {"path": "sq/4/dur/5.120", "duration": 5.12}, {"path": "sq/5/dur/5.120", "duration": 5.12}, {"path": "sq/6/dur/5.120", "duration": 5.12}, {"path": "sq/7/dur/5.120", "duration": 5.12}, {"path": "sq/8/dur/5.120", "duration": 5.12}, {"path": "sq/9/dur/5.120", "duration": 5.12}, {"path": "sq/10/dur/5.120", "duration": 5.12}, {"path": "sq/11/dur/5.120", "duration": 5.12}, {"path": "sq/12/dur/5.120", "duration": 5.12}, {"path": "sq/13/dur/5.120", "duration": 5.12}, {"path": "sq/14/dur/5.120", "duration": 5.12}, {"path": "sq/15/dur/5.120", "duration": 5.12}, {"path": "sq/16/dur/5.120", "duration": 5.12}, {"path": "sq/17/dur/5.120", "duration": 5.12}, {"path": "sq/18/dur/5.120", "duration": 5.12}, {"path": "sq/19/dur/5.120", "duration": 5.12}, {"path": "sq/20/dur/5.120", "duration": 5.12}, {"path": "sq/21/dur/5.120", "duration": 5.12}, {"path": "sq/22/dur/5.120", "duration": 5.12}, {"path": "sq/23/dur/5.120", "duration": 5.12}, {"path": "sq/24/dur/5.120", "duration": 5.12}, {"path": "sq/25/dur/5.120", "duration": 5.12}, {"path": "sq/26/dur/5.120", "duration": 5.12}, {"path": "sq/27/dur/5.120", "duration": 5.12}, {"path": "sq/28/dur/5.120", "duration": 5.12}, {"path": "sq/29/dur/5.120", "duration": 5.12}, {"path": "sq/30/dur/5.120", "duration": 5.12}, {"path": "sq/31/dur/5.120", "duration": 5.12}, {"path": "sq/32/dur/5.120", "duration": 5.12}, {"path": "sq/33/dur/5.120", "duration": 5.12}, {"path": "sq/34/dur/5.120", "duration": 5.12}, {"path": "sq/35/dur/5.120", "duration": 5.12}, {"path": "sq/36/dur/5.120", "duration": 5.12}, {"path": "sq/37/dur/5.120", "duration": 5.12}, {"path": "sq/38/dur/5.120", "duration": 5.12}, {"path": "sq/39/dur/5.120", "duration": 5.12}, {"path": "sq/40/dur/5.120", "duration": 5.12}, {"path": "sq/41/dur/5.120", "duration": 5.12}, {"path": "sq/42/dur/5.120", "duration": 5.12}, {"path": "sq/43/dur/5.120", "duration": 5.12}, {"path": "sq/44/dur/5.120", "duration": 5.12}, {"path": "sq/45/dur/5.120", "duration": 5.12}, {"path": "sq/46/dur/5.120", "duration": 5.12}, {"path": "sq/47/dur/5.120", "duration": 5.12}, {"path": "sq/48/dur/3.720", "duration": 3.72}], "protocol": "http_dash_segments", "format": "243 - 640x360 (DASH video)", "http_headers": {"User-Agent": "Mozilla/5.0 (Windows NT 10.0; Win64; x64) AppleWebKit/537.36 (KHTML, like Gecko) Chrome/71.0.3557.2 Safari/537.36", "Accept-Charset": "ISO-8859-1,utf-8;q=0.7,*;q=0.7", "Accept": "text/html,application/xhtml+xml,application/xml;q=0.9,*/*;q=0.8", "Accept-Encoding": "gzip, deflate", "Accept-Language": "en-us,en;q=0.5"}}, {"ext": "mp4", "height": 1080, "format_note": "DASH video", "vcodec": "avc1.640028", "format_id": "137", "manifest_url": "https://manifest.googlevideo.com/api/manifest/dash/expire/1610368291/ei/w_D7X_qwIry1s8IP1Oam6Ag/ip/220.129.26.102/id/5424838d0c402737/source/youtube/requiressl/yes/playback_host/r2---sn-ipoxu-u2xd.googlevideo.com/mh/SG/mm/31%2C29/mn/sn-ipoxu-u2xd%2Csn-un57en7l/ms/au%2Crdu/mv/m/mvi/2/pl/21/hfr/all/as/fmp4_audio_clear%2Cwebm_audio_clear%2Cwebm2_audio_clear%2Cfmp4_sd_hd_clear%2Cwebm2_sd_hd_clear/initcwndbps/703750/vprv/1/mt/1610345794/fvip/2/keepalive/yes/beids/9466586/itag/0/sparams/expire%2Cei%2Cip%2Cid%2Csource%2Crequiressl%2Chfr%2Cas%2Cvprv%2Citag/sig/AOq0QJ8wRgIhAIN3-AmwmzAisYorC7Vq-45D-7_sJRhSXgvXiMLpHU9-AiEA3eYd-CpLvB9h78C-_T5cEHE6jiYRS4s_jBUgqFvUNg4%3D/lsparams/playback_host%2Cmh%2Cmm%2Cmn%2Cms%2Cmv%2Cmvi%2Cpl%2Cinitcwndbps/lsig/AG3C_xAwRgIhAIvNrHrZJDlarHx3NfUMTZw-Xe65S_V7sDM6Kq_K9xdcAiEAsMpYBrL6sl1lg_sPH4tzqzfSA4e9ULg6MkbpUka7O_4%3D", "width": 1920, "tbr": 427.651, "asr": null, "fps": 25, "language": null, "filesize": null, "container": "mp4_dash", "acodec": "none", "url": "https://manifest.googlevideo.com/api/manifest/dash/expire/1610368291/ei/w_D7X_qwIry1s8IP1Oam6Ag/ip/220.129.26.102/id/5424838d0c402737/source/youtube/requiressl/yes/playback_host/r2---sn-ipoxu-u2xd.googlevideo.com/mh/SG/mm/31%2C29/mn/sn-ipoxu-u2xd%2Csn-un57en7l/ms/au%2Crdu/mv/m/mvi/2/pl/21/hfr/all/as/fmp4_audio_clear%2Cwebm_audio_clear%2Cwebm2_audio_clear%2Cfmp4_sd_hd_clear%2Cwebm2_sd_hd_clear/initcwndbps/703750/vprv/1/mt/1610345794/fvip/2/keepalive/yes/beids/9466586/itag/0/sparams/expire%2Cei%2Cip%2Cid%2Csource%2Crequiressl%2Chfr%2Cas%2Cvprv%2Citag/sig/AOq0QJ8wRgIhAIN3-AmwmzAisYorC7Vq-45D-7_sJRhSXgvXiMLpHU9-AiEA3eYd-CpLvB9h78C-_T5cEHE6jiYRS4s_jBUgqFvUNg4%3D/lsparams/playback_host%2Cmh%2Cmm%2Cmn%2Cms%2Cmv%2Cmvi%2Cpl%2Cinitcwndbps/lsig/AG3C_xAwRgIhAIvNrHrZJDlarHx3NfUMTZw-Xe65S_V7sDM6Kq_K9xdcAiEAsMpYBrL6sl1lg_sPH4tzqzfSA4e9ULg6MkbpUka7O_4%3D", "fragment_base_url": "https://r2---sn-ipoxu-u2xd.googlevideo.com/videoplayback/expire/1610368291/ei/w_D7X_qwIry1s8IP1Oam6Ag/ip/220.129.26.102/id/5424838d0c402737/itag/137/source/youtube/requiressl/yes/mh/SG/mm/31,29/mn/sn-ipoxu-u2xd,sn-un57en7l/ms/au,rdu/mv/m/mvi/2/pl/21/initcwndbps/703750/vprv/1/ratebypass/yes/mime/video%2Fmp4/otfp/1/gir/yes/clen/10478735/lmt/1607091607631832/dur/244.360/mt/1610345794/fvip/2/keepalive/yes/beids/9466586/sparams/expire,ei,ip,id,itag,source,requiressl,vprv,ratebypass,mime,otfp,gir,clen,lmt,dur/sig/AOq0QJ8wRQIhAJY5tZk9-8mi3g5jn3fpWEoeInsAN9Uy-LRssFKHecnZAiBPV9mzP1NPX4YB_-nkPtgLBUu4c6SArqSxh5ikgk1hlg%3D%3D/lsparams/mh,mm,mn,ms,mv,mvi,pl,initcwndbps/lsig/AG3C_xAwRgIhAISywM91KF1v3l4Qxqm1GDsb9WEmSxbShb_VT4aqrQWqAiEAlXNrRYviUT3vbTB4CgdDjJvF-otDkqJdCVlO8Yxt5X0%3D/", "fragments": [{"path": "range/0-741"}, {"path": "range/1350-239165", "duration": 5.12}, {"path": "range/239166-477744", "duration": 5.12}, {"path": "range/477745-713230", "duration": 5.12}, {"path": "range/713231-948153", "duration": 5.12}, {"path": "range/948154-1181073", "duration": 5.12}, {"path": "range/1181074-1414471", "duration": 5.12}, {"path": "range/1414472-1649788", "duration": 5.12}, {"path": "range/1649789-1882079", "duration": 5.12}, {"path": "range/1882080-2110517", "duration": 5.12}, {"path": "range/2110518-2340089", "duration": 5.12}, {"path": "range/2340090-2570317", "duration": 5.12}, {"path": "range/2570318-2795245", "duration": 5.12}, {"path": "range/2795246-3019972", "duration": 5.12}, {"path": "range/3019973-3241968", "duration": 5.12}, {"path": "range/3241969-3463389", "duration": 5.12}, {"path": "range/3463390-3682772", "duration": 5.12}, {"path": "range/3682773-3902712", "duration": 5.12}, {"path": "range/3902713-4121944", "duration": 5.12}, {"path": "range/4121945-4339842", "duration": 5.12}, {"path": "range/4339843-4563245", "duration": 5.12}, {"path": "range/4563246-4784078", "duration": 5.12}, {"path": "range/4784079-5007245", "duration": 5.12}, {"path": "range/5007246-5222312", "duration": 5.12}, {"path": "range/5222313-5442328", "duration": 5.12}, {"path": "range/5442329-5657658", "duration": 5.12}, {"path": "range/5657659-5873573", "duration": 5.12}, {"path": "range/5873574-6090127", "duration": 5.12}, {"path": "range/6090128-6301819", "duration": 5.12}, {"path": "range/6301820-6512779", "duration": 5.12}, {"path": "range/6512780-6723261", "duration": 5.12}, {"path": "range/6723262-6935247", "duration": 5.12}, {"path": "range/6935248-7150744", "duration": 5.12}, {"path": "range/7150745-7360686", "duration": 5.12}, {"path": "range/7360687-7575731", "duration": 5.12}, {"path": "range/7575732-7784369", "duration": 5.12}, {"path": "range/7784370-7992523", "duration": 5.12}, {"path": "range/7992524-8202355", "duration": 5.12}, {"path": "range/8202356-8410477", "duration": 5.12}, {"path": "range/8410478-8620738", "duration": 5.12}, {"path": "range/8620739-8828476", "duration": 5.12}, {"path": "range/8828477-9036322", "duration": 5.12}, {"path": "range/9036323-9247058", "duration": 5.12}, {"path": "range/9247059-9451952", "duration": 5.12}, {"path": "range/9451953-9655853", "duration": 5.12}, {"path": "range/9655854-9863542", "duration": 5.12}, {"path": "range/9863543-10073155", "duration": 5.12}, {"path": "range/10073156-10279876", "duration": 5.12}, {"path": "range/10279877-10478734", "duration": 3.72}], "protocol": "http_dash_segments", "format": "137 - 1920x1080 (DASH video)", "http_headers": {"User-Agent": "Mozilla/5.0 (Windows NT 10.0; Win64; x64) AppleWebKit/537.36 (KHTML, like Gecko) Chrome/71.0.3557.2 Safari/537.36", "Accept-Charset": "ISO-8859-1,utf-8;q=0.7,*;q=0.7", "Accept": "text/html,application/xhtml+xml,application/xml;q=0.9,*/*;q=0.8", "Accept-Encoding": "gzip, deflate", "Accept-Language": "en-us,en;q=0.5"}}, {"ext": "webm", "height": 480, "format_note": "DASH video", "vcodec": "vp9", "format_id": "244", "manifest_url": "https://manifest.googlevideo.com/api/manifest/dash/expire/1610368291/ei/w_D7X_qwIry1s8IP1Oam6Ag/ip/220.129.26.102/id/5424838d0c402737/source/youtube/requiressl/yes/playback_host/r2---sn-ipoxu-u2xd.googlevideo.com/mh/SG/mm/31%2C29/mn/sn-ipoxu-u2xd%2Csn-un57en7l/ms/au%2Crdu/mv/m/mvi/2/pl/21/hfr/all/as/fmp4_audio_clear%2Cwebm_audio_clear%2Cwebm2_audio_clear%2Cfmp4_sd_hd_clear%2Cwebm2_sd_hd_clear/initcwndbps/703750/vprv/1/mt/1610345794/fvip/2/keepalive/yes/beids/9466586/itag/0/sparams/expire%2Cei%2Cip%2Cid%2Csource%2Crequiressl%2Chfr%2Cas%2Cvprv%2Citag/sig/AOq0QJ8wRgIhAIN3-AmwmzAisYorC7Vq-45D-7_sJRhSXgvXiMLpHU9-AiEA3eYd-CpLvB9h78C-_T5cEHE6jiYRS4s_jBUgqFvUNg4%3D/lsparams/playback_host%2Cmh%2Cmm%2Cmn%2Cms%2Cmv%2Cmvi%2Cpl%2Cinitcwndbps/lsig/AG3C_xAwRgIhAIvNrHrZJDlarHx3NfUMTZw-Xe65S_V7sDM6Kq_K9xdcAiEAsMpYBrL6sl1lg_sPH4tzqzfSA4e9ULg6MkbpUka7O_4%3D", "width": 854, "tbr": 752.64, "asr": null, "fps": 25, "language": null, "filesize": null, "container": "webm_dash", "acodec": "none", "url": "https://manifest.googlevideo.com/api/manifest/dash/expire/1610368291/ei/w_D7X_qwIry1s8IP1Oam6Ag/ip/220.129.26.102/id/5424838d0c402737/source/youtube/requiressl/yes/playback_host/r2---sn-ipoxu-u2xd.googlevideo.com/mh/SG/mm/31%2C29/mn/sn-ipoxu-u2xd%2Csn-un57en7l/ms/au%2Crdu/mv/m/mvi/2/pl/21/hfr/all/as/fmp4_audio_clear%2Cwebm_audio_clear%2Cwebm2_audio_clear%2Cfmp4_sd_hd_clear%2Cwebm2_sd_hd_clear/initcwndbps/703750/vprv/1/mt/1610345794/fvip/2/keepalive/yes/beids/9466586/itag/0/sparams/expire%2Cei%2Cip%2Cid%2Csource%2Crequiressl%2Chfr%2Cas%2Cvprv%2Citag/sig/AOq0QJ8wRgIhAIN3-AmwmzAisYorC7Vq-45D-7_sJRhSXgvXiMLpHU9-AiEA3eYd-CpLvB9h78C-_T5cEHE6jiYRS4s_jBUgqFvUNg4%3D/lsparams/playback_host%2Cmh%2Cmm%2Cmn%2Cms%2Cmv%2Cmvi%2Cpl%2Cinitcwndbps/lsig/AG3C_xAwRgIhAIvNrHrZJDlarHx3NfUMTZw-Xe65S_V7sDM6Kq_K9xdcAiEAsMpYBrL6sl1lg_sPH4tzqzfSA4e9ULg6MkbpUka7O_4%3D", "fragment_base_url": "https://r2---sn-ipoxu-u2xd.googlevideo.com/videoplayback/expire/1610368291/ei/w_D7X_qwIry1s8IP1Oam6Ag/ip/220.129.26.102/id/5424838d0c402737/itag/244/source/yt_otf/requiressl/yes/mh/SG/mm/31,29/mn/sn-ipoxu-u2xd,sn-un57en7l/ms/au,rdu/mv/m/mvi/2/pl/21/initcwndbps/703750/vprv/1/ratebypass/yes/mime/video%2Fwebm/otfp/1/otf/1/lmt/1607091607631832/mt/1610345794/fvip/2/keepalive/yes/beids/9466586/sparams/expire,ei,ip,id,itag,source,requiressl,vprv,ratebypass,mime,otfp,otf,lmt/sig/AOq0QJ8wRQIgaaFxwQ-2O5THmvTl_fBGtk7QkC_PQT28LyZanbl0aOMCIQCAlbtjShq75jWQWjLbGLJzdjAWGsI1dm1AxAxVf5X1RA%3D%3D/lsparams/mh,mm,mn,ms,mv,mvi,pl,initcwndbps/lsig/AG3C_xAwRAIgAkY0wF1QLxcw6_EiCjLNri9iydcThcrE5RF9kK9odMYCIGEBq17RucBSpIZxfPi-3cDQ0DWS17K5nQLUu-PjHYOX/", "fragments": [{"path": "sq/0"}, {"path": "sq/1/dur/5.120", "duration": 5.12}, {"path": "sq/2/dur/5.120", "duration": 5.12}, {"path": "sq/3/dur/5.120", "duration": 5.12}, {"path": "sq/4/dur/5.120", "duration": 5.12}, {"path": "sq/5/dur/5.120", "duration": 5.12}, {"path": "sq/6/dur/5.120", "duration": 5.12}, {"path": "sq/7/dur/5.120", "duration": 5.12}, {"path": "sq/8/dur/5.120", "duration": 5.12}, {"path": "sq/9/dur/5.120", "duration": 5.12}, {"path": "sq/10/dur/5.120", "duration": 5.12}, {"path": "sq/11/dur/5.120", "duration": 5.12}, {"path": "sq/12/dur/5.120", "duration": 5.12}, {"path": "sq/13/dur/5.120", "duration": 5.12}, {"path": "sq/14/dur/5.120", "duration": 5.12}, {"path": "sq/15/dur/5.120", "duration": 5.12}, {"path": "sq/16/dur/5.120", "duration": 5.12}, {"path": "sq/17/dur/5.120", "duration": 5.12}, {"path": "sq/18/dur/5.120", "duration": 5.12}, {"path": "sq/19/dur/5.120", "duration": 5.12}, {"path": "sq/20/dur/5.120", "duration": 5.12}, {"path": "sq/21/dur/5.120", "duration": 5.12}, {"path": "sq/22/dur/5.120", "duration": 5.12}, {"path": "sq/23/dur/5.120", "duration": 5.12}, {"path": "sq/24/dur/5.120", "duration": 5.12}, {"path": "sq/25/dur/5.120", "duration": 5.12}, {"path": "sq/26/dur/5.120", "duration": 5.12}, {"path": "sq/27/dur/5.120", "duration": 5.12}, {"path": "sq/28/dur/5.120", "duration": 5.12}, {"path": "sq/29/dur/5.120", "duration": 5.12}, {"path": "sq/30/dur/5.120", "duration": 5.12}, {"path": "sq/31/dur/5.120", "duration": 5.12}, {"path": "sq/32/dur/5.120", "duration": 5.12}, {"path": "sq/33/dur/5.120", "duration": 5.12}, {"path": "sq/34/dur/5.120", "duration": 5.12}, {"path": "sq/35/dur/5.120", "duration": 5.12}, {"path": "sq/36/dur/5.120", "duration": 5.12}, {"path": "sq/37/dur/5.120", "duration": 5.12}, {"path": "sq/38/dur/5.120", "duration": 5.12}, {"path": "sq/39/dur/5.120", "duration": 5.12}, {"path": "sq/40/dur/5.120", "duration": 5.12}, {"path": "sq/41/dur/5.120", "duration": 5.12}, {"path": "sq/42/dur/5.120", "duration": 5.12}, {"path": "sq/43/dur/5.120", "duration": 5.12}, {"path": "sq/44/dur/5.120", "duration": 5.12}, {"path": "sq/45/dur/5.120", "duration": 5.12}, {"path": "sq/46/dur/5.120", "duration": 5.12}, {"path": "sq/47/dur/5.120", "duration": 5.12}, {"path": "sq/48/dur/3.720", "duration": 3.72}], "protocol": "http_dash_segments", "format": "244 - 854x480 (DASH video)", "http_headers": {"User-Agent": "Mozilla/5.0 (Windows NT 10.0; Win64; x64) AppleWebKit/537.36 (KHTML, like Gecko) Chrome/71.0.3557.2 Safari/537.36", "Accept-Charset": "ISO-8859-1,utf-8;q=0.7,*;q=0.7", "Accept": "text/html,application/xhtml+xml,application/xml;q=0.9,*/*;q=0.8", "Accept-Encoding": "gzip, deflate", "Accept-Language": "en-us,en;q=0.5"}}, {"ext": "mp4", "height": 480, "format_note": "DASH video", "vcodec": "avc1.4d4014", "format_id": "135", "manifest_url": "https://manifest.googlevideo.com/api/manifest/dash/expire/1610368291/ei/w_D7X_qwIry1s8IP1Oam6Ag/ip/220.129.26.102/id/5424838d0c402737/source/youtube/requiressl/yes/playback_host/r2---sn-ipoxu-u2xd.googlevideo.com/mh/SG/mm/31%2C29/mn/sn-ipoxu-u2xd%2Csn-un57en7l/ms/au%2Crdu/mv/m/mvi/2/pl/21/hfr/all/as/fmp4_audio_clear%2Cwebm_audio_clear%2Cwebm2_audio_clear%2Cfmp4_sd_hd_clear%2Cwebm2_sd_hd_clear/initcwndbps/703750/vprv/1/mt/1610345794/fvip/2/keepalive/yes/beids/9466586/itag/0/sparams/expire%2Cei%2Cip%2Cid%2Csource%2Crequiressl%2Chfr%2Cas%2Cvprv%2Citag/sig/AOq0QJ8wRgIhAIN3-AmwmzAisYorC7Vq-45D-7_sJRhSXgvXiMLpHU9-AiEA3eYd-CpLvB9h78C-_T5cEHE6jiYRS4s_jBUgqFvUNg4%3D/lsparams/playback_host%2Cmh%2Cmm%2Cmn%2Cms%2Cmv%2Cmvi%2Cpl%2Cinitcwndbps/lsig/AG3C_xAwRgIhAIvNrHrZJDlarHx3NfUMTZw-Xe65S_V7sDM6Kq_K9xdcAiEAsMpYBrL6sl1lg_sPH4tzqzfSA4e9ULg6MkbpUka7O_4%3D", "width": 854, "tbr": 1155.0, "asr": null, "fps": 25, "language": null, "filesize": null, "container": "mp4_dash", "acodec": "none", "url": "https://manifest.googlevideo.com/api/manifest/dash/expire/1610368291/ei/w_D7X_qwIry1s8IP1Oam6Ag/ip/220.129.26.102/id/5424838d0c402737/source/youtube/requiressl/yes/playback_host/r2---sn-ipoxu-u2xd.googlevideo.com/mh/SG/mm/31%2C29/mn/sn-ipoxu-u2xd%2Csn-un57en7l/ms/au%2Crdu/mv/m/mvi/2/pl/21/hfr/all/as/fmp4_audio_clear%2Cwebm_audio_clear%2Cwebm2_audio_clear%2Cfmp4_sd_hd_clear%2Cwebm2_sd_hd_clear/initcwndbps/703750/vprv/1/mt/1610345794/fvip/2/keepalive/yes/beids/9466586/itag/0/sparams/expire%2Cei%2Cip%2Cid%2Csource%2Crequiressl%2Chfr%2Cas%2Cvprv%2Citag/sig/AOq0QJ8wRgIhAIN3-AmwmzAisYorC7Vq-45D-7_sJRhSXgvXiMLpHU9-AiEA3eYd-CpLvB9h78C-_T5cEHE6jiYRS4s_jBUgqFvUNg4%3D/lsparams/playback_host%2Cmh%2Cmm%2Cmn%2Cms%2Cmv%2Cmvi%2Cpl%2Cinitcwndbps/lsig/AG3C_xAwRgIhAIvNrHrZJDlarHx3NfUMTZw-Xe65S_V7sDM6Kq_K9xdcAiEAsMpYBrL6sl1lg_sPH4tzqzfSA4e9ULg6MkbpUka7O_4%3D", "fragment_base_url": "https://r2---sn-ipoxu-u2xd.googlevideo.com/videoplayback/expire/1610368291/ei/w_D7X_qwIry1s8IP1Oam6Ag/ip/220.129.26.102/id/5424838d0c402737/itag/135/source/yt_otf/requiressl/yes/mh/SG/mm/31,29/mn/sn-ipoxu-u2xd,sn-un57en7l/ms/au,rdu/mv/m/mvi/2/pl/21/initcwndbps/703750/vprv/1/ratebypass/yes/mime/video%2Fmp4/otfp/1/otf/1/lmt/1607091607631832/mt/1610345794/fvip/2/keepalive/yes/beids/9466586/sparams/expire,ei,ip,id,itag,source,requiressl,vprv,ratebypass,mime,otfp,otf,lmt/sig/AOq0QJ8wRQIhAIQx-JLC8cPXbjbbyKbrUkHv1IC7EAhZsfS6WdSJrfjKAiAb2-V1t8sPzKbHMaW3CsdZPMeKn48zlYCf-yuAwHZO7A%3D%3D/lsparams/mh,mm,mn,ms,mv,mvi,pl,initcwndbps/lsig/AG3C_xAwRQIgPvJ1uxzWS8j2T4C5n5RikXYZliTSQakhj4gO9hsoppMCIQD6eJD6i4VVhNubmu9QhyTgx0dFiX0a96awINu015jY5w%3D%3D/", "fragments": [{"path": "sq/0"}, {"path": "sq/1/dur/5.120", "duration": 5.12}, {"path": "sq/2/dur/5.120", "duration": 5.12}, {"path": "sq/3/dur/5.120", "duration": 5.12}, {"path": "sq/4/dur/5.120", "duration": 5.12}, {"path": "sq/5/dur/5.120", "duration": 5.12}, {"path": "sq/6/dur/5.120", "duration": 5.12}, {"path": "sq/7/dur/5.120", "duration": 5.12}, {"path": "sq/8/dur/5.120", "duration": 5.12}, {"path": "sq/9/dur/5.120", "duration": 5.12}, {"path": "sq/10/dur/5.120", "duration": 5.12}, {"path": "sq/11/dur/5.120", "duration": 5.12}, {"path": "sq/12/dur/5.120", "duration": 5.12}, {"path": "sq/13/dur/5.120", "duration": 5.12}, {"path": "sq/14/dur/5.120", "duration": 5.12}, {"path": "sq/15/dur/5.120", "duration": 5.12}, {"path": "sq/16/dur/5.120", "duration": 5.12}, {"path": "sq/17/dur/5.120", "duration": 5.12}, {"path": "sq/18/dur/5.120", "duration": 5.12}, {"path": "sq/19/dur/5.120", "duration": 5.12}, {"path": "sq/20/dur/5.120", "duration": 5.12}, {"path": "sq/21/dur/5.120", "duration": 5.12}, {"path": "sq/22/dur/5.120", "duration": 5.12}, {"path": "sq/23/dur/5.120", "duration": 5.12}, {"path": "sq/24/dur/5.120", "duration": 5.12}, {"path": "sq/25/dur/5.120", "duration": 5.12}, {"path": "sq/26/dur/5.120", "duration": 5.12}, {"path": "sq/27/dur/5.120", "duration": 5.12}, {"path": "sq/28/dur/5.120", "duration": 5.12}, {"path": "sq/29/dur/5.120", "duration": 5.12}, {"path": "sq/30/dur/5.120", "duration": 5.12}, {"path": "sq/31/dur/5.120", "duration": 5.12}, {"path": "sq/32/dur/5.120", "duration": 5.12}, {"path": "sq/33/dur/5.120", "duration": 5.12}, {"path": "sq/34/dur/5.120", "duration": 5.12}, {"path": "sq/35/dur/5.120", "duration": 5.12}, {"path": "sq/36/dur/5.120", "duration": 5.12}, {"path": "sq/37/dur/5.120", "duration": 5.12}, {"path": "sq/38/dur/5.120", "duration": 5.12}, {"path": "sq/39/dur/5.120", "duration": 5.12}, {"path": "sq/40/dur/5.120", "duration": 5.12}, {"path": "sq/41/dur/5.120", "duration": 5.12}, {"path": "sq/42/dur/5.120", "duration": 5.12}, {"path": "sq/43/dur/5.120", "duration": 5.12}, {"path": "sq/44/dur/5.120", "duration": 5.12}, {"path": "sq/45/dur/5.120", "duration": 5.12}, {"path": "sq/46/dur/5.120", "duration": 5.12}, {"path": "sq/47/dur/5.120", "duration": 5.12}, {"path": "sq/48/dur/3.720", "duration": 3.72}], "protocol": "http_dash_segments", "format": "135 - 854x480 (DASH video)", "http_headers": {"User-Agent": "Mozilla/5.0 (Windows NT 10.0; Win64; x64) AppleWebKit/537.36 (KHTML, like Gecko) Chrome/71.0.3557.2 Safari/537.36", "Accept-Charset": "ISO-8859-1,utf-8;q=0.7,*;q=0.7", "Accept": "text/html,application/xhtml+xml,application/xml;q=0.9,*/*;q=0.8", "Accept-Encoding": "gzip, deflate", "Accept-Language": "en-us,en;q=0.5"}}, {"ext": "webm", "height": 720, "format_note": "DASH video", "vcodec": "vp9", "format_id": "247", "manifest_url": "https://manifest.googlevideo.com/api/manifest/dash/expire/1610368291/ei/w_D7X_qwIry1s8IP1Oam6Ag/ip/220.129.26.102/id/5424838d0c402737/source/youtube/requiressl/yes/playback_host/r2---sn-ipoxu-u2xd.googlevideo.com/mh/SG/mm/31%2C29/mn/sn-ipoxu-u2xd%2Csn-un57en7l/ms/au%2Crdu/mv/m/mvi/2/pl/21/hfr/all/as/fmp4_audio_clear%2Cwebm_audio_clear%2Cwebm2_audio_clear%2Cfmp4_sd_hd_clear%2Cwebm2_sd_hd_clear/initcwndbps/703750/vprv/1/mt/1610345794/fvip/2/keepalive/yes/beids/9466586/itag/0/sparams/expire%2Cei%2Cip%2Cid%2Csource%2Crequiressl%2Chfr%2Cas%2Cvprv%2Citag/sig/AOq0QJ8wRgIhAIN3-AmwmzAisYorC7Vq-45D-7_sJRhSXgvXiMLpHU9-AiEA3eYd-CpLvB9h78C-_T5cEHE6jiYRS4s_jBUgqFvUNg4%3D/lsparams/playback_host%2Cmh%2Cmm%2Cmn%2Cms%2Cmv%2Cmvi%2Cpl%2Cinitcwndbps/lsig/AG3C_xAwRgIhAIvNrHrZJDlarHx3NfUMTZw-Xe65S_V7sDM6Kq_K9xdcAiEAsMpYBrL6sl1lg_sPH4tzqzfSA4e9ULg6MkbpUka7O_4%3D", "width": 1280, "tbr": 1505.28, "asr": null, "fps": 25, "language": null, "filesize": null, "container": "webm_dash", "acodec": "none", "url": "https://manifest.googlevideo.com/api/manifest/dash/expire/1610368291/ei/w_D7X_qwIry1s8IP1Oam6Ag/ip/220.129.26.102/id/5424838d0c402737/source/youtube/requiressl/yes/playback_host/r2---sn-ipoxu-u2xd.googlevideo.com/mh/SG/mm/31%2C29/mn/sn-ipoxu-u2xd%2Csn-un57en7l/ms/au%2Crdu/mv/m/mvi/2/pl/21/hfr/all/as/fmp4_audio_clear%2Cwebm_audio_clear%2Cwebm2_audio_clear%2Cfmp4_sd_hd_clear%2Cwebm2_sd_hd_clear/initcwndbps/703750/vprv/1/mt/1610345794/fvip/2/keepalive/yes/beids/9466586/itag/0/sparams/expire%2Cei%2Cip%2Cid%2Csource%2Crequiressl%2Chfr%2Cas%2Cvprv%2Citag/sig/AOq0QJ8wRgIhAIN3-AmwmzAisYorC7Vq-45D-7_sJRhSXgvXiMLpHU9-AiEA3eYd-CpLvB9h78C-_T5cEHE6jiYRS4s_jBUgqFvUNg4%3D/lsparams/playback_host%2Cmh%2Cmm%2Cmn%2Cms%2Cmv%2Cmvi%2Cpl%2Cinitcwndbps/lsig/AG3C_xAwRgIhAIvNrHrZJDlarHx3NfUMTZw-Xe65S_V7sDM6Kq_K9xdcAiEAsMpYBrL6sl1lg_sPH4tzqzfSA4e9ULg6MkbpUka7O_4%3D", "fragment_base_url": "https://r2---sn-ipoxu-u2xd.googlevideo.com/videoplayback/expire/1610368291/ei/w_D7X_qwIry1s8IP1Oam6Ag/ip/220.129.26.102/id/5424838d0c402737/itag/247/source/yt_otf/requiressl/yes/mh/SG/mm/31,29/mn/sn-ipoxu-u2xd,sn-un57en7l/ms/au,rdu/mv/m/mvi/2/pl/21/initcwndbps/703750/vprv/1/ratebypass/yes/mime/video%2Fwebm/otfp/1/otf/1/lmt/1607091607631832/mt/1610345794/fvip/2/keepalive/yes/beids/9466586/sparams/expire,ei,ip,id,itag,source,requiressl,vprv,ratebypass,mime,otfp,otf,lmt/sig/AOq0QJ8wRgIhAOCCvcUUvCfx7sMMN-HeMJZgPrEJ1V87lMmF9rPVvldcAiEArSZNByYqk2r-ipud393gOkD5hu6zDbuYDVnQfjpykZI%3D/lsparams/mh,mm,mn,ms,mv,mvi,pl,initcwndbps/lsig/AG3C_xAwRQIgAItN0XzRTXRLPz9tHeW5iuaymBt_QLEzuouo717Rbm4CIQDeGria6pn8EbS-UhS3zrwCUOS7N8Z_K3xh53MsDDlrFQ%3D%3D/", "fragments": [{"path": "sq/0"}, {"path": "sq/1/dur/5.120", "duration": 5.12}, {"path": "sq/2/dur/5.120", "duration": 5.12}, {"path": "sq/3/dur/5.120", "duration": 5.12}, {"path": "sq/4/dur/5.120", "duration": 5.12}, {"path": "sq/5/dur/5.120", "duration": 5.12}, {"path": "sq/6/dur/5.120", "duration": 5.12}, {"path": "sq/7/dur/5.120", "duration": 5.12}, {"path": "sq/8/dur/5.120", "duration": 5.12}, {"path": "sq/9/dur/5.120", "duration": 5.12}, {"path": "sq/10/dur/5.120", "duration": 5.12}, {"path": "sq/11/dur/5.120", "duration": 5.12}, {"path": "sq/12/dur/5.120", "duration": 5.12}, {"path": "sq/13/dur/5.120", "duration": 5.12}, {"path": "sq/14/dur/5.120", "duration": 5.12}, {"path": "sq/15/dur/5.120", "duration": 5.12}, {"path": "sq/16/dur/5.120", "duration": 5.12}, {"path": "sq/17/dur/5.120", "duration": 5.12}, {"path": "sq/18/dur/5.120", "duration": 5.12}, {"path": "sq/19/dur/5.120", "duration": 5.12}, {"path": "sq/20/dur/5.120", "duration": 5.12}, {"path": "sq/21/dur/5.120", "duration": 5.12}, {"path": "sq/22/dur/5.120", "duration": 5.12}, {"path": "sq/23/dur/5.120", "duration": 5.12}, {"path": "sq/24/dur/5.120", "duration": 5.12}, {"path": "sq/25/dur/5.120", "duration": 5.12}, {"path": "sq/26/dur/5.120", "duration": 5.12}, {"path": "sq/27/dur/5.120", "duration": 5.12}, {"path": "sq/28/dur/5.120", "duration": 5.12}, {"path": "sq/29/dur/5.120", "duration": 5.12}, {"path": "sq/30/dur/5.120", "duration": 5.12}, {"path": "sq/31/dur/5.120", "duration": 5.12}, {"path": "sq/32/dur/5.120", "duration": 5.12}, {"path": "sq/33/dur/5.120", "duration": 5.12}, {"path": "sq/34/dur/5.120", "duration": 5.12}, {"path": "sq/35/dur/5.120", "duration": 5.12}, {"path": "sq/36/dur/5.120", "duration": 5.12}, {"path": "sq/37/dur/5.120", "duration": 5.12}, {"path": "sq/38/dur/5.120", "duration": 5.12}, {"path": "sq/39/dur/5.120", "duration": 5.12}, {"path": "sq/40/dur/5.120", "duration": 5.12}, {"path": "sq/41/dur/5.120", "duration": 5.12}, {"path": "sq/42/dur/5.120", "duration": 5.12}, {"path": "sq/43/dur/5.120", "duration": 5.12}, {"path": "sq/44/dur/5.120", "duration": 5.12}, {"path": "sq/45/dur/5.120", "duration": 5.12}, {"path": "sq/46/dur/5.120", "duration": 5.12}, {"path": "sq/47/dur/5.120", "duration": 5.12}, {"path": "sq/48/dur/3.720", "duration": 3.72}], "protocol": "http_dash_segments", "format": "247 - 1280x720 (DASH video)", "http_headers": {"User-Agent": "Mozilla/5.0 (Windows NT 10.0; Win64; x64) AppleWebKit/537.36 (KHTML, like Gecko) Chrome/71.0.3557.2 Safari/537.36", "Accept-Charset": "ISO-8859-1,utf-8;q=0.7,*;q=0.7", "Accept": "text/html,application/xhtml+xml,application/xml;q=0.9,*/*;q=0.8", "Accept-Encoding": "gzip, deflate", "Accept-Language": "en-us,en;q=0.5"}}, {"ext": "mp4", "height": 720, "format_note": "DASH video", "vcodec": "avc1.4d400a", "format_id": "136", "manifest_url": "https://manifest.googlevideo.com/api/manifest/dash/expire/1610368291/ei/w_D7X_qwIry1s8IP1Oam6Ag/ip/220.129.26.102/id/5424838d0c402737/source/youtube/requiressl/yes/playback_host/r2---sn-ipoxu-u2xd.googlevideo.com/mh/SG/mm/31%2C29/mn/sn-ipoxu-u2xd%2Csn-un57en7l/ms/au%2Crdu/mv/m/mvi/2/pl/21/hfr/all/as/fmp4_audio_clear%2Cwebm_audio_clear%2Cwebm2_audio_clear%2Cfmp4_sd_hd_clear%2Cwebm2_sd_hd_clear/initcwndbps/703750/vprv/1/mt/1610345794/fvip/2/keepalive/yes/beids/9466586/itag/0/sparams/expire%2Cei%2Cip%2Cid%2Csource%2Crequiressl%2Chfr%2Cas%2Cvprv%2Citag/sig/AOq0QJ8wRgIhAIN3-AmwmzAisYorC7Vq-45D-7_sJRhSXgvXiMLpHU9-AiEA3eYd-CpLvB9h78C-_T5cEHE6jiYRS4s_jBUgqFvUNg4%3D/lsparams/playback_host%2Cmh%2Cmm%2Cmn%2Cms%2Cmv%2Cmvi%2Cpl%2Cinitcwndbps/lsig/AG3C_xAwRgIhAIvNrHrZJDlarHx3NfUMTZw-Xe65S_V7sDM6Kq_K9xdcAiEAsMpYBrL6sl1lg_sPH4tzqzfSA4e9ULg6MkbpUka7O_4%3D", "width": 1280, "tbr": 2310.0, "asr": null, "fps": 25, "language": null, "filesize": null, "container": "mp4_dash", "acodec": "none", "url": "https://manifest.googlevideo.com/api/manifest/dash/expire/1610368291/ei/w_D7X_qwIry1s8IP1Oam6Ag/ip/220.129.26.102/id/5424838d0c402737/source/youtube/requiressl/yes/playback_host/r2---sn-ipoxu-u2xd.googlevideo.com/mh/SG/mm/31%2C29/mn/sn-ipoxu-u2xd%2Csn-un57en7l/ms/au%2Crdu/mv/m/mvi/2/pl/21/hfr/all/as/fmp4_audio_clear%2Cwebm_audio_clear%2Cwebm2_audio_clear%2Cfmp4_sd_hd_clear%2Cwebm2_sd_hd_clear/initcwndbps/703750/vprv/1/mt/1610345794/fvip/2/keepalive/yes/beids/9466586/itag/0/sparams/expire%2Cei%2Cip%2Cid%2Csource%2Crequiressl%2Chfr%2Cas%2Cvprv%2Citag/sig/AOq0QJ8wRgIhAIN3-AmwmzAisYorC7Vq-45D-7_sJRhSXgvXiMLpHU9-AiEA3eYd-CpLvB9h78C-_T5cEHE6jiYRS4s_jBUgqFvUNg4%3D/lsparams/playback_host%2Cmh%2Cmm%2Cmn%2Cms%2Cmv%2Cmvi%2Cpl%2Cinitcwndbps/lsig/AG3C_xAwRgIhAIvNrHrZJDlarHx3NfUMTZw-Xe65S_V7sDM6Kq_K9xdcAiEAsMpYBrL6sl1lg_sPH4tzqzfSA4e9ULg6MkbpUka7O_4%3D", "fragment_base_url": "https://r2---sn-ipoxu-u2xd.googlevideo.com/videoplayback/expire/1610368291/ei/w_D7X_qwIry1s8IP1Oam6Ag/ip/220.129.26.102/id/5424838d0c402737/itag/136/source/yt_otf/requiressl/yes/mh/SG/mm/31,29/mn/sn-ipoxu-u2xd,sn-un57en7l/ms/au,rdu/mv/m/mvi/2/pl/21/initcwndbps/703750/vprv/1/ratebypass/yes/mime/video%2Fmp4/otfp/1/otf/1/lmt/1607091607631832/mt/1610345794/fvip/2/keepalive/yes/beids/9466586/sparams/expire,ei,ip,id,itag,source,requiressl,vprv,ratebypass,mime,otfp,otf,lmt/sig/AOq0QJ8wRAIgabVyZOr_jPGuy-mxQ15-7Kl4v-QyWdY38jEhbtn0WO0CIHdpx47WR-KOalyLPe9OY7xlS-WwOiW_1wJJ5oPGhc1M/lsparams/mh,mm,mn,ms,mv,mvi,pl,initcwndbps/lsig/AG3C_xAwRAIgOVCJuzrL2Ip4ZulYI3B1BwFhSWsthwEjFyGeMqPTsl8CIFFCiPHa2oe1c93EoFTHKpYC179AVOW9llDtJWfGI39-/", "fragments": [{"path": "sq/0"}, {"path": "sq/1/dur/5.120", "duration": 5.12}, {"path": "sq/2/dur/5.120", "duration": 5.12}, {"path": "sq/3/dur/5.120", "duration": 5.12}, {"path": "sq/4/dur/5.120", "duration": 5.12}, {"path": "sq/5/dur/5.120", "duration": 5.12}, {"path": "sq/6/dur/5.120", "duration": 5.12}, {"path": "sq/7/dur/5.120", "duration": 5.12}, {"path": "sq/8/dur/5.120", "duration": 5.12}, {"path": "sq/9/dur/5.120", "duration": 5.12}, {"path": "sq/10/dur/5.120", "duration": 5.12}, {"path": "sq/11/dur/5.120", "duration": 5.12}, {"path": "sq/12/dur/5.120", "duration": 5.12}, {"path": "sq/13/dur/5.120", "duration": 5.12}, {"path": "sq/14/dur/5.120", "duration": 5.12}, {"path": "sq/15/dur/5.120", "duration": 5.12}, {"path": "sq/16/dur/5.120", "duration": 5.12}, {"path": "sq/17/dur/5.120", "duration": 5.12}, {"path": "sq/18/dur/5.120", "duration": 5.12}, {"path": "sq/19/dur/5.120", "duration": 5.12}, {"path": "sq/20/dur/5.120", "duration": 5.12}, {"path": "sq/21/dur/5.120", "duration": 5.12}, {"path": "sq/22/dur/5.120", "duration": 5.12}, {"path": "sq/23/dur/5.120", "duration": 5.12}, {"path": "sq/24/dur/5.120", "duration": 5.12}, {"path": "sq/25/dur/5.120", "duration": 5.12}, {"path": "sq/26/dur/5.120", "duration": 5.12}, {"path": "sq/27/dur/5.120", "duration": 5.12}, {"path": "sq/28/dur/5.120", "duration": 5.12}, {"path": "sq/29/dur/5.120", "duration": 5.12}, {"path": "sq/30/dur/5.120", "duration": 5.12}, {"path": "sq/31/dur/5.120", "duration": 5.12}, {"path": "sq/32/dur/5.120", "duration": 5.12}, {"path": "sq/33/dur/5.120", "duration": 5.12}, {"path": "sq/34/dur/5.120", "duration": 5.12}, {"path": "sq/35/dur/5.120", "duration": 5.12}, {"path": "sq/36/dur/5.120", "duration": 5.12}, {"path": "sq/37/dur/5.120", "duration": 5.12}, {"path": "sq/38/dur/5.120", "duration": 5.12}, {"path": "sq/39/dur/5.120", "duration": 5.12}, {"path": "sq/40/dur/5.120", "duration": 5.12}, {"path": "sq/41/dur/5.120", "duration": 5.12}, {"path": "sq/42/dur/5.120", "duration": 5.12}, {"path": "sq/43/dur/5.120", "duration": 5.12}, {"path": "sq/44/dur/5.120", "duration": 5.12}, {"path": "sq/45/dur/5.120", "duration": 5.12}, {"path": "sq/46/dur/5.120", "duration": 5.12}, {"path": "sq/47/dur/5.120", "duration": 5.12}, {"path": "sq/48/dur/3.720", "duration": 3.72}], "protocol": "http_dash_segments", "format": "136 - 1280x720 (DASH video)", "http_headers": {"User-Agent": "Mozilla/5.0 (Windows NT 10.0; Win64; x64) AppleWebKit/537.36 (KHTML, like Gecko) Chrome/71.0.3557.2 Safari/537.36", "Accept-Charset": "ISO-8859-1,utf-8;q=0.7,*;q=0.7", "Accept": "text/html,application/xhtml+xml,application/xml;q=0.9,*/*;q=0.8", "Accept-Encoding": "gzip, deflate", "Accept-Language": "en-us,en;q=0.5"}}, {"ext": "webm", "height": 1080, "format_note": "DASH video", "vcodec": "vp9", "format_id": "248", "manifest_url": "https://manifest.googlevideo.com/api/manifest/dash/expire/1610368291/ei/w_D7X_qwIry1s8IP1Oam6Ag/ip/220.129.26.102/id/5424838d0c402737/source/youtube/requiressl/yes/playback_host/r2---sn-ipoxu-u2xd.googlevideo.com/mh/SG/mm/31%2C29/mn/sn-ipoxu-u2xd%2Csn-un57en7l/ms/au%2Crdu/mv/m/mvi/2/pl/21/hfr/all/as/fmp4_audio_clear%2Cwebm_audio_clear%2Cwebm2_audio_clear%2Cfmp4_sd_hd_clear%2Cwebm2_sd_hd_clear/initcwndbps/703750/vprv/1/mt/1610345794/fvip/2/keepalive/yes/beids/9466586/itag/0/sparams/expire%2Cei%2Cip%2Cid%2Csource%2Crequiressl%2Chfr%2Cas%2Cvprv%2Citag/sig/AOq0QJ8wRgIhAIN3-AmwmzAisYorC7Vq-45D-7_sJRhSXgvXiMLpHU9-AiEA3eYd-CpLvB9h78C-_T5cEHE6jiYRS4s_jBUgqFvUNg4%3D/lsparams/playback_host%2Cmh%2Cmm%2Cmn%2Cms%2Cmv%2Cmvi%2Cpl%2Cinitcwndbps/lsig/AG3C_xAwRgIhAIvNrHrZJDlarHx3NfUMTZw-Xe65S_V7sDM6Kq_K9xdcAiEAsMpYBrL6sl1lg_sPH4tzqzfSA4e9ULg6MkbpUka7O_4%3D", "width": 1920, "tbr": 2646.0, "asr": null, "fps": 25, "language": null, "filesize": null, "container": "webm_dash", "acodec": "none", "url": "https://manifest.googlevideo.com/api/manifest/dash/expire/1610368291/ei/w_D7X_qwIry1s8IP1Oam6Ag/ip/220.129.26.102/id/5424838d0c402737/source/youtube/requiressl/yes/playback_host/r2---sn-ipoxu-u2xd.googlevideo.com/mh/SG/mm/31%2C29/mn/sn-ipoxu-u2xd%2Csn-un57en7l/ms/au%2Crdu/mv/m/mvi/2/pl/21/hfr/all/as/fmp4_audio_clear%2Cwebm_audio_clear%2Cwebm2_audio_clear%2Cfmp4_sd_hd_clear%2Cwebm2_sd_hd_clear/initcwndbps/703750/vprv/1/mt/1610345794/fvip/2/keepalive/yes/beids/9466586/itag/0/sparams/expire%2Cei%2Cip%2Cid%2Csource%2Crequiressl%2Chfr%2Cas%2Cvprv%2Citag/sig/AOq0QJ8wRgIhAIN3-AmwmzAisYorC7Vq-45D-7_sJRhSXgvXiMLpHU9-AiEA3eYd-CpLvB9h78C-_T5cEHE6jiYRS4s_jBUgqFvUNg4%3D/lsparams/playback_host%2Cmh%2Cmm%2Cmn%2Cms%2Cmv%2Cmvi%2Cpl%2Cinitcwndbps/lsig/AG3C_xAwRgIhAIvNrHrZJDlarHx3NfUMTZw-Xe65S_V7sDM6Kq_K9xdcAiEAsMpYBrL6sl1lg_sPH4tzqzfSA4e9ULg6MkbpUka7O_4%3D", "fragment_base_url": "https://r2---sn-ipoxu-u2xd.googlevideo.com/videoplayback/expire/1610368291/ei/w_D7X_qwIry1s8IP1Oam6Ag/ip/220.129.26.102/id/5424838d0c402737/itag/248/source/yt_otf/requiressl/yes/mh/SG/mm/31,29/mn/sn-ipoxu-u2xd,sn-un57en7l/ms/au,rdu/mv/m/mvi/2/pl/21/initcwndbps/703750/vprv/1/ratebypass/yes/mime/video%2Fwebm/otfp/1/otf/1/lmt/1607091607631832/mt/1610345794/fvip/2/keepalive/yes/beids/9466586/sparams/expire,ei,ip,id,itag,source,requiressl,vprv,ratebypass,mime,otfp,otf,lmt/sig/AOq0QJ8wRgIhAMX2hiffC4zqtnZm0qb-9MwaovaWBdmc96x2GD2zLjPFAiEAuxr3WD5vZL_xqau_AENvCKvD2s9pgXein06_-a-jHAQ%3D/lsparams/mh,mm,mn,ms,mv,mvi,pl,initcwndbps/lsig/AG3C_xAwRQIgJnQcRIklzqgqyhRCYPIUaY8lUYdpMl1lmcLsoujE7dUCIQDVClQxHSOtIUn9yhkAjqDVndpH93UG8Q61X5j9XE3d1g%3D%3D/", "fragments": [{"path": "sq/0"}, {"path": "sq/1/dur/5.120", "duration": 5.12}, {"path": "sq/2/dur/5.120", "duration": 5.12}, {"path": "sq/3/dur/5.120", "duration": 5.12}, {"path": "sq/4/dur/5.120", "duration": 5.12}, {"path": "sq/5/dur/5.120", "duration": 5.12}, {"path": "sq/6/dur/5.120", "duration": 5.12}, {"path": "sq/7/dur/5.120", "duration": 5.12}, {"path": "sq/8/dur/5.120", "duration": 5.12}, {"path": "sq/9/dur/5.120", "duration": 5.12}, {"path": "sq/10/dur/5.120", "duration": 5.12}, {"path": "sq/11/dur/5.120", "duration": 5.12}, {"path": "sq/12/dur/5.120", "duration": 5.12}, {"path": "sq/13/dur/5.120", "duration": 5.12}, {"path": "sq/14/dur/5.120", "duration": 5.12}, {"path": "sq/15/dur/5.120", "duration": 5.12}, {"path": "sq/16/dur/5.120", "duration": 5.12}, {"path": "sq/17/dur/5.120", "duration": 5.12}, {"path": "sq/18/dur/5.120", "duration": 5.12}, {"path": "sq/19/dur/5.120", "duration": 5.12}, {"path": "sq/20/dur/5.120", "duration": 5.12}, {"path": "sq/21/dur/5.120", "duration": 5.12}, {"path": "sq/22/dur/5.120", "duration": 5.12}, {"path": "sq/23/dur/5.120", "duration": 5.12}, {"path": "sq/24/dur/5.120", "duration": 5.12}, {"path": "sq/25/dur/5.120", "duration": 5.12}, {"path": "sq/26/dur/5.120", "duration": 5.12}, {"path": "sq/27/dur/5.120", "duration": 5.12}, {"path": "sq/28/dur/5.120", "duration": 5.12}, {"path": "sq/29/dur/5.120", "duration": 5.12}, {"path": "sq/30/dur/5.120", "duration": 5.12}, {"path": "sq/31/dur/5.120", "duration": 5.12}, {"path": "sq/32/dur/5.120", "duration": 5.12}, {"path": "sq/33/dur/5.120", "duration": 5.12}, {"path": "sq/34/dur/5.120", "duration": 5.12}, {"path": "sq/35/dur/5.120", "duration": 5.12}, {"path": "sq/36/dur/5.120", "duration": 5.12}, {"path": "sq/37/dur/5.120", "duration": 5.12}, {"path": "sq/38/dur/5.120", "duration": 5.12}, {"path": "sq/39/dur/5.120", "duration": 5.12}, {"path": "sq/40/dur/5.120", "duration": 5.12}, {"path": "sq/41/dur/5.120", "duration": 5.12}, {"path": "sq/42/dur/5.120", "duration": 5.12}, {"path": "sq/43/dur/5.120", "duration": 5.12}, {"path": "sq/44/dur/5.120", "duration": 5.12}, {"path": "sq/45/dur/5.120", "duration": 5.12}, {"path": "sq/46/dur/5.120", "duration": 5.12}, {"path": "sq/47/dur/5.120", "duration": 5.12}, {"path": "sq/48/dur/3.720", "duration": 3.72}], "protocol": "http_dash_segments", "format": "248 - 1920x1080 (DASH video)", "http_headers": {"User-Agent": "Mozilla/5.0 (Windows NT 10.0; Win64; x64) AppleWebKit/537.36 (KHTML, like Gecko) Chrome/71.0.3557.2 Safari/537.36", "Accept-Charset": "ISO-8859-1,utf-8;q=0.7,*;q=0.7", "Accept": "text/html,application/xhtml+xml,application/xml;q=0.9,*/*;q=0.8", "Accept-Encoding": "gzip, deflate", "Accept-Language": "en-us,en;q=0.5"}}, {"format_id": "18", "url": "https://r2---sn-ipoxu-u2xd.googlevideo.com/videoplayback?expire=1610368291&ei=w_D7X_qwIry1s8IP1Oam6Ag&ip=220.129.26.102&id=o-AJuHyMVeMOLLOTdx6FyshGmaliE-EdY2zd7xL4RbutV5&itag=18&source=youtube&requiressl=yes&mh=SG&mm=31%2C29&mn=sn-ipoxu-u2xd%2Csn-un57en7l&ms=au%2Crdu&mv=m&mvi=2&pl=21&initcwndbps=703750&vprv=1&mime=video%2Fmp4&ns=_srGiglsmTHxG1sX06gctkgF&gir=yes&clen=3929508&ratebypass=yes&dur=244.436&lmt=1607091624742239&mt=1610345794&fvip=2&beids=9466586&c=WEB&txp=6210222&n=TTRddaLkO4A3L-&sparams=expire%2Cei%2Cip%2Cid%2Citag%2Csource%2Crequiressl%2Cvprv%2Cmime%2Cns%2Cgir%2Cclen%2Cratebypass%2Cdur%2Clmt&sig=AOq0QJ8wRgIhAMi5WMPIYQMg3oXiTlLx1eoE7vRPfGgU_YIR-A-IOl0OAiEAiy12_yhgQzAxV9V-SLl1LsRnIk61P_lolf6H4DjIutE%3D&lsparams=mh%2Cmm%2Cmn%2Cms%2Cmv%2Cmvi%2Cpl%2Cinitcwndbps&lsig=AG3C_xAwRQIhANnCmZ96a0TaaJ03TRtL5pflZdl3X5gk8W6iMVkR-c-YAiAUI3Ln5k95beYNGvRvR8wHV8mSKc1RGsPSVK6BhqZYHQ%3D%3D", "player_url": null, "ext": "mp4", "width": 640, "height": 360, "acodec": "mp4a.40.2", "abr": 96, "vcodec": "avc1.42001E", "asr": 44100, "filesize": 3929508, "format_note": "360p", "fps": 25, "tbr": 128.646, "format": "18 - 640x360 (360p)", "protocol": "https", "http_headers": {"User-Agent": "Mozilla/5.0 (Windows NT 10.0; Win64; x64) AppleWebKit/537.36 (KHTML, like Gecko) Chrome/71.0.3557.2 Safari/537.36", "Accept-Charset": "ISO-8859-1,utf-8;q=0.7,*;q=0.7", "Accept": "text/html,application/xhtml+xml,application/xml;q=0.9,*/*;q=0.8", "Accept-Encoding": "gzip, deflate", "Accept-Language": "en-us,en;q=0.5"}}], "is_live": null, "start_time": null, "end_time": null, "series": null, "season_number": null, "episode_number": null, "track": null, "artist": null, "album": null, "release_date": null, "release_year": null, "extractor": "youtube", "webpage_url_basename": "watch", "extractor_key": "Youtube", "playlist": null, "playlist_index": null, "thumbnail": "https://i.ytimg.com/vi_webp/VCSDjQxAJzc/maxresdefault.webp", "display_id": "VCSDjQxAJzc", "requested_subtitles": null, "ext": "webm", "format_note": "DASH audio", "acodec": "opus", "abr": 160, "format_id": "251", "manifest_url": "https://manifest.googlevideo.com/api/manifest/dash/expire/1610368291/ei/w_D7X_qwIry1s8IP1Oam6Ag/ip/220.129.26.102/id/5424838d0c402737/source/youtube/requiressl/yes/playback_host/r2---sn-ipoxu-u2xd.googlevideo.com/mh/SG/mm/31%2C29/mn/sn-ipoxu-u2xd%2Csn-un57en7l/ms/au%2Crdu/mv/m/mvi/2/pl/21/hfr/all/as/fmp4_audio_clear%2Cwebm_audio_clear%2Cwebm2_audio_clear%2Cfmp4_sd_hd_clear%2Cwebm2_sd_hd_clear/initcwndbps/703750/vprv/1/mt/1610345794/fvip/2/keepalive/yes/beids/9466586/itag/0/sparams/expire%2Cei%2Cip%2Cid%2Csource%2Crequiressl%2Chfr%2Cas%2Cvprv%2Citag/sig/AOq0QJ8wRgIhAIN3-AmwmzAisYorC7Vq-45D-7_sJRhSXgvXiMLpHU9-AiEA3eYd-CpLvB9h78C-_T5cEHE6jiYRS4s_jBUgqFvUNg4%3D/lsparams/playback_host%2Cmh%2Cmm%2Cmn%2Cms%2Cmv%2Cmvi%2Cpl%2Cinitcwndbps/lsig/AG3C_xAwRgIhAIvNrHrZJDlarHx3NfUMTZw-Xe65S_V7sDM6Kq_K9xdcAiEAsMpYBrL6sl1lg_sPH4tzqzfSA4e9ULg6MkbpUka7O_4%3D", "width": null, "height": null, "tbr": 154.106, "asr": 48000, "fps": null, "language": null, "filesize": null, "container": "webm_dash", "vcodec": "none", "url": "https://manifest.googlevideo.com/api/manifest/dash/expire/1610368291/ei/w_D7X_qwIry1s8IP1Oam6Ag/ip/220.129.26.102/id/5424838d0c402737/source/youtube/requiressl/yes/playback_host/r2---sn-ipoxu-u2xd.googlevideo.com/mh/SG/mm/31%2C29/mn/sn-ipoxu-u2xd%2Csn-un57en7l/ms/au%2Crdu/mv/m/mvi/2/pl/21/hfr/all/as/fmp4_audio_clear%2Cwebm_audio_clear%2Cwebm2_audio_clear%2Cfmp4_sd_hd_clear%2Cwebm2_sd_hd_clear/initcwndbps/703750/vprv/1/mt/1610345794/fvip/2/keepalive/yes/beids/9466586/itag/0/sparams/expire%2Cei%2Cip%2Cid%2Csource%2Crequiressl%2Chfr%2Cas%2Cvprv%2Citag/sig/AOq0QJ8wRgIhAIN3-AmwmzAisYorC7Vq-45D-7_sJRhSXgvXiMLpHU9-AiEA3eYd-CpLvB9h78C-_T5cEHE6jiYRS4s_jBUgqFvUNg4%3D/lsparams/playback_host%2Cmh%2Cmm%2Cmn%2Cms%2Cmv%2Cmvi%2Cpl%2Cinitcwndbps/lsig/AG3C_xAwRgIhAIvNrHrZJDlarHx3NfUMTZw-Xe65S_V7sDM6Kq_K9xdcAiEAsMpYBrL6sl1lg_sPH4tzqzfSA4e9ULg6MkbpUka7O_4%3D", "fragment_base_url": "https://r2---sn-ipoxu-u2xd.googlevideo.com/videoplayback/expire/1610368291/ei/w_D7X_qwIry1s8IP1Oam6Ag/ip/220.129.26.102/id/5424838d0c402737/itag/251/source/youtube/requiressl/yes/mh/SG/mm/31,29/mn/sn-ipoxu-u2xd,sn-un57en7l/ms/au,rdu/mv/m/mvi/2/pl/21/initcwndbps/703750/vprv/1/ratebypass/yes/mime/audio%2Fwebm/otfp/1/gir/yes/clen/4583939/lmt/1607091607004078/dur/244.401/mt/1610345794/fvip/2/keepalive/yes/beids/9466586/sparams/expire,ei,ip,id,itag,source,requiressl,vprv,ratebypass,mime,otfp,gir,clen,lmt,dur/sig/AOq0QJ8wRQIhAJgznVFTi9bOABMnt26R6-bUHlixoiDuZlSuBDejMl57AiABwiSc2ygYJSXjq4yLf58gcXxyC8wEQABu1uQdsGLlDw%3D%3D/lsparams/mh,mm,mn,ms,mv,mvi,pl,initcwndbps/lsig/AG3C_xAwRQIhAKc1lHtqD6ZCRtqlft1SZRwTiAr3UxBGdjyyoYl4E6DoAiBiWTMsxZJL6SBHPWVIrw10TaR4reclkzSkByTbNVk1-g%3D%3D/", "fragments": [{"path": "range/0-265"}, {"path": "range/688-183332", "duration": 10.001}, {"path": "range/183333-367196", "duration": 10.0}, {"path": "range/367197-554663", "duration": 10.0}, {"path": "range/554664-743774", "duration": 10.0}, {"path": "range/743775-932118", "duration": 10.0}, {"path": "range/932119-1122218", "duration": 10.0}, {"path": "range/1122219-1313104", "duration": 10.0}, {"path": "range/1313105-1503988", "duration": 10.0}, {"path": "range/1503989-1692791", "duration": 10.0}, {"path": "range/1692792-1879686", "duration": 10.0}, {"path": "range/1879687-2068624", "duration": 10.0}, {"path": "range/2068625-2256655", "duration": 10.0}, {"path": "range/2256656-2446813", "duration": 10.0}, {"path": "range/2446814-2635977", "duration": 10.0}, {"path": "range/2635978-2828610", "duration": 10.0}, {"path": "range/2828611-3017442", "duration": 10.0}, {"path": "range/3017443-3207328", "duration": 10.0}, {"path": "range/3207329-3398492", "duration": 10.0}, {"path": "range/3398493-3582886", "duration": 10.0}, {"path": "range/3582887-3773614", "duration": 10.0}, {"path": "range/3773615-3964962", "duration": 10.0}, {"path": "range/3964963-4153479", "duration": 10.0}, {"path": "range/4153480-4340093", "duration": 10.0}, {"path": "range/4340094-4518445", "duration": 10.0}, {"path": "range/4518446-4583938", "duration": 4.4}], "protocol": "http_dash_segments", "format": "251 - audio only (DASH audio)", "http_headers": {"User-Agent": "Mozilla/5.0 (Windows NT 10.0; Win64; x64) AppleWebKit/537.36 (KHTML, like Gecko) Chrome/71.0.3557.2 Safari/537.36", "Accept-Charset": "ISO-8859-1,utf-8;q=0.7,*;q=0.7", "Accept": "text/html,application/xhtml+xml,application/xml;q=0.9,*/*;q=0.8", "Accept-Encoding": "gzip, deflate", "Accept-Language": "en-us,en;q=0.5"}}